{
      "articles": [
            {
                  "doc_url": "https://gallica.bnf.fr/ark:/12148/bpt6k992393q",
                  "emotions": [
                        "disgust"
                  ],
                  "excerpt": "Chim .Substance gazeuse d ’ un Jaune verdâtre , et d ’ une odeur suffocante .CHLORE , s .",
                  "id": "1",
                  "title": "Dictionnaire de la langue française, à l'usage des écoles chrétiennes / par F. P. B. (M. Bransiet)"
            },
            {
                  "doc_url": "https://gallica.bnf.fr/ark:/12148/bpt6k938780p",
                  "emotions": [
                        "disgust",
                        "anger"
                  ],
                  "excerpt": "Racines rondes ou allongées , fibreuses , à articulations saillantes , d ' un jaune foncé , à cassure terne .Odeur forte .Il est feu recherché .",
                  "id": "2",
                  "title": "Manuel du négociant pour la connaissance des marchandises, ou Traité précis des diverses productions du globe répandues dans le commerce... suivi d'un vocabulaire raisonné de termes employés dans le commerce et des tares et usages pour les marchandises sur la place du Havre, par Éd. Duboc"
            },
            {
                  "doc_url": "https://gallica.bnf.fr/ark:/12148/bpt6k64818666",
                  "emotions": [
                        "disgust",
                        "annoyance"
                  ],
                  "excerpt": ") Sel ou muriate d ' étain ( Fabrication du ) .Odeur très désagréable .— ( 14 janvier 1815 .",
                  "id": "3",
                  "title": "Hygiène publique / travaux... résumés par Évariste Thévenin,... ; Conseil de salubrité de la Seine"
            },
            {
                  "doc_url": "https://gallica.bnf.fr/ark:/12148/bpt6k63447102",
                  "emotions": [
                        "surprise",
                        "disgust",
                        "amusement"
                  ],
                  "excerpt": "Maître corbeau , sur un arbre perché , Tenait en son bec un fromage .Maître Renard par l ' odeur alléché , Lui tint à peu près ce langage : Hé ! .bon jour , monsieur du Corbeau ; Que vous êtes joli ! que vous me semblez beaul Sans mentir si votre ramage Se rapporte à votre plumage , Vous êtes le phénix des hôtes de ces bois .",
                  "id": "4",
                  "title": "Méthode de lecture sans épellation et par épellation à l'usage des écoles primaires (12e édition) / par M. Bergès,..."
            },
            {
                  "doc_url": "https://gallica.bnf.fr/ark:/12148/bpt6k5428495v",
                  "emotions": [
                        "grief",
                        "disgust",
                        "fear",
                        "nervousness"
                  ],
                  "excerpt": "Il riait dans son coeur de l ' imbécile foule Qui s ' arrête à compter les corps morts qu ' elle foule : « Quand au faîte escarpé l ' on dirige ses pas , Malheur , se disait - il , à qui regarde en bas ! \" C ' est ainsi que , planant sur sa caste insensée De toute la hauteur de sa froide pensée , Jusqu ' au trône céleste il s ' était élevé .Tel un miasme impur des marais soulevé , Traînant dans les bas lieux sa masse infecte et sombre , De la fange exhalé croupit longtemps dans l ' ombre , Puis de ce vil niveau par degrés s ' élevant , Salit de ses lambeaux les ailes de tout vent , Et dans le ciel enfin , éclatant météore , Y fait briller sa boue à l ' égal d ' une aurore ! Maintenant sur le faîte , et l ' abîme à ses pieds , Il n ' osait le sonder de ses yeux effrayés , 282 LA CHUTE D ' UN ANGE .Et , pour y résister au vent qui le secoue , II rampait sur le trône ainsi que dans la boue ; Son empire n ' était qu ' une ondulation Aux chefs toujours déçus de chaque faction ; Et , sur ce lac bouillant de sa ruine avide , Il vivait de terreur suspendu sur le vide ! Mais , bien qu ' il renfermât sa pensée en dedans , Sa domination voulait des confidents : Ministres corrupteurs d ' infernales intrigues , Pour épier les coeurs et déjouer les brigues , Pour lire sons les fronts et sonder le terrain ; Pour serrer tour à tour ou ramollir le frein , Pour garder du complot la fortune du maître , Sa coupe de poison , et son sommeil de traître , Des dieux inférieurs à sa grandeur vendus , De ses nuits , de ses jours , compagnons assidus , Fils secrets et brisés de sa sanglante trame , Entraient dans sa pensée et surprenaient son âme .",
                  "id": "5",
                  "title": "La chute d'un ange : épisode / par M. de Lamartine"
            },
            {
                  "doc_url": "https://gallica.bnf.fr/ark:/12148/bpt6k30679401",
                  "emotions": [
                        "disgust",
                        "anger",
                        "despair"
                  ],
                  "excerpt": "de Coi L ’ effet fut une Cri f * 5 ' fyncope très - longue .Elle rendit de la bile , des humeurs fa - nieufes & très - fétides .Le lendemain , des Telles couleur de lie de vin , avec des vers vivans .",
                  "id": "6",
                  "title": "Observations sur les maladies épidémiques , ouvrage rédigé d'après le tableau des épidémiques d'Hippocrate, et dans lequel on indique la meilleure méthode d'observer ce genre de maladies... Par M. Lépecq de la Cloture,..."
            },
            {
                  "doc_url": "https://gallica.bnf.fr/ark:/12148/bpt6k90373v",
                  "emotions": [
                        "disgust"
                  ],
                  "excerpt": "Ils sont incolores ou faiblement jaunâtres .Us possèdent une odeur anatoguë à celle de ressence d ' amandes amères , sont plus lourds que t ' eau et entraînables par sa vapeur .La plupart sont susceptibles de distiMer à la pression ordinaire sans altération .",
                  "id": "7",
                  "title": "Traité de chimie organique d'après les théories modernes. Tome 2 / par Auguste Béhal,... et Amand Valeur,... ; précédé d'une préface de Charles Friedel"
            },
            {
                  "doc_url": "https://gallica.bnf.fr/ark:/12148/bpt6k9759980t",
                  "emotions": [
                        "disgust"
                  ],
                  "excerpt": "le Monnier ; elles font grasses , on & ueuses , Comme un mélange d ' eau & d ' huile , & charrient des glaires ou certains flocons qui font comme savonneux & dont la matiere ' molle , grasse , de couleur ceo - , c1rée enduit les cuves & le pavé des bains .Ces eaux font douces au gOlÎt , & paroilTenr d ' abord révoltantes par leur odeur , mais on s ' y accoutume bientôt ; elles .passent fort vite , & bues en grande quantité , loin de donner des pesanteurs , tlles semblent procurer au corps plus de légereté ; leur chaleur qui n ' augmente point en les buvant , augmente dans l ' ordre suivant : la source de la Chapelle , le bain de l ' entrée , celui de Polard , le bain du fond & la source du bain Royal dont le degré de chaleurs , selon les observations de M .",
                  "id": "8",
                  "title": "Dictionnaire minéralogique et hydraulogique.... Tome 1"
            },
            {
                  "doc_url": "https://gallica.bnf.fr/ark:/12148/bpt6k5807103p",
                  "emotions": [
                        "disgust"
                  ],
                  "excerpt": "Quand ces fontes n ' emportent pas la malade de bonne heure , on les voit durer très - longtemps , tantôt six semaines et deux mois .Les lochies s ' altèrent , deviennent d ' une fétidité repoussante ; nous avons eu , deux fois , l ' occasion de pratiquer le toucher dans une circonstance de ce genre , et , malgré de nombreux lavages , nos mains conservèrent cette odeur infecte , cadavérique pendant toute une journée .Les lochies roussâtres , brunâtres , plus ou moins consistantes , charrient des caillots et des fragments placentaires que la putréfaction a ramollis et séparés de la masse adhérente .",
                  "id": "9",
                  "title": "De la Rétention du placenta après les fausses couches des cinq premiers mois de la grossesse, par Félix Ebstein,..."
            },
            {
                  "doc_url": "https://gallica.bnf.fr/ark:/12148/bpt6k2008708",
                  "emotions": [
                        "disgust"
                  ],
                  "excerpt": "Le directeur des stock - yards nous reçut et nous précéda dans ses abattoirs spéciaux .En entrant dans l ' immense hangar , faiblement éclairé par des fenêtres aux carreaux gras et rougeoyants , une odeur abominable vous saisit à la gorge , odeur qui ne vous quitte que quelques jours après .Une buée sanglante s ' élève de partout , tel un nuage léger flottant au versant d ' une montagne et éclairé par un soleil couchant .",
                  "id": "10",
                  "title": "Ma double vie : mémoires / de Sarah Bernhardt"
            },
            {
                  "doc_url": "https://gallica.bnf.fr/ark:/12148/bpt6k97423980",
                  "emotions": [
                        "disgust"
                  ],
                  "excerpt": "En hiver , cette Couleuvre se rapproche souvent des habitations ( caves , écuries ) ; elle pond ses œufs dans les tas de fumier , ce qui avait donné lieu jadis à la légende ridicule de son accouplement avec le coq .Cette espèce exhale une forte odeur d ' ail .LA COULEUVRE VIPÉRINE ( Tr .",
                  "id": "11",
                  "title": "Pisciculture / par Georges Guénaux,... ; préface de M. Charles Deloncle,..."
            },
            {
                  "doc_url": "https://gallica.bnf.fr/ark:/12148/bpt6k6566957t",
                  "emotions": [
                        "disgust"
                  ],
                  "excerpt": "Mme Deverrières n ' osait manifester son opinion , mais elle avait tiré son mouchoir parfumé et elle s ' en bouchait les narines .L ' air était imprégné d ' une odeur de vieux os pourris absolument insupportable .— Vous voyez bien , s ' écria leur vieil ami , qu ' il y a quelque mérite à travailler et que ce n ' est pas toujours parfum de rose et de lilas .",
                  "id": "12",
                  "title": "Les châtaignes ; suivi de Voyage autour d'une fenêtre ; et de Au bord de la Durolle / Mme Mesureur ; illustrations de G. Burggraff"
            },
            {
                  "doc_url": "https://gallica.bnf.fr/ark:/12148/bpt6k2008708",
                  "emotions": [
                        "disgust",
                        "indifference"
                  ],
                  "excerpt": "Tout le monde s ' enfuit épouvanté .Je rappelai les effarés et les écœurés et , leur montrant l ' inscription , ils purent lire ces mots : « Ne point s ' inquiéter de la mauvaise odeur à l ' ouverture du bocal .» Courageux et résignés , nous reprîmes notre besogne , le cœur soulevé sans cesse par l ' abominable exhalaison .",
                  "id": "13",
                  "title": "Ma double vie : mémoires / de Sarah Bernhardt"
            },
            {
                  "doc_url": "https://gallica.bnf.fr/ark:/12148/bpt6k6308122b",
                  "emotions": [
                        "disgust"
                  ],
                  "excerpt": "Si l ' animal a besoin pour être poussé à satisfaire son appétit génital , de percevoir l ' odeur sexuelle ; pour l ' homme civilisé , cette odeur est regardée comme secondaire .Ceux qui recherchent l ' odeur géni - tale seulement ne sont point des pervertis ; ils se rapprochent plutôt de l ' animal ou de l ' état primitif de la narture , ce sont des rétrogrades .Ceux qui recherchent l ' odeur géné - rale du corps sont des raffinés , ils s ' éloignent de l ' animalité dans laquelle l ' odeur du corps de la femelle ne suffit pas à éveiller chez le mâle l ' ardeur génitale .",
                  "id": "14",
                  "title": "La volupté et les parfums / Dr Caufeynon"
            },
            {
                  "doc_url": "https://gallica.bnf.fr/ark:/12148/bpt6k64818666",
                  "emotions": [
                        "disgust"
                  ],
                  "excerpt": ") v vacheries dans les villes dont la population excède 5000 habitants .Mauvaise odeur .— ( 15 octobrel810 , 14 janvier 1815 .",
                  "id": "15",
                  "title": "Hygiène publique / travaux... résumés par Évariste Thévenin,... ; Conseil de salubrité de la Seine"
            },
            {
                  "doc_url": "https://gallica.bnf.fr/ark:/12148/bpt6k58219991",
                  "emotions": [
                        "surprise",
                        "disgust",
                        "disapproval"
                  ],
                  "excerpt": "» A côté de ces écoliers qui auraient eu , peut - être , quelque excuse à faire valoir , on ne peut que blâmer les conservateurs de la Bibliothèque de Subiaco pour le peu de soins qu ' ils ont des livres et des manuscrits dont ils sont les dépositaires ; il existe aussi une espèce particulière de gens sans ordre et sans soin * , considérant le livre comme un hochet propre à se distraire .Jules Janin , dans L ' Amour des livres , les a peints avec esprit et verve : « Nous avons naturellement en grande horreur et dans le plus profond mépris , disait - il , les bonnes gens qui vont pensant : « Ma foi ! que le livre soit riche ou pauvre , entier ou déchiré , qu ' il ait appartenu à madame de Sévigné ou à Bélise ; qu ' il sente l ' oeillet ou le graillon , l ' ambre des courtisanes ou le parfum léger de l ' honnête femme , c ' est toujours un livre ..",
                  "id": "16",
                  "title": "Connaissances nécessaires à un bibliophile : accompagnées de notes critiques et de documents bibliographiques. Tome 1 / recueillis et publiés par Edouard Rouveyre,.."
            },
            {
                  "doc_url": "https://gallica.bnf.fr/ark:/12148/bpt6k56901238",
                  "emotions": [
                        "disgust",
                        "greed"
                  ],
                  "excerpt": "101 — ARSENIC .— Ulcères putrides .— Douleurs dans l ' intérieur des os avec tremblement .",
                  "id": "17",
                  "title": "Études médicales, par G. Le Thière,... Premiers secours contre le choléra et la grippe, contre les empoisonnements et autres accidents ; effets physiologiques et thérapeutiques de quelques médicaments, notes sur les eaux sulfureuses de Bagnères-de-Luchon"
            },
            {
                  "doc_url": "https://gallica.bnf.fr/ark:/12148/bpt6k91877v",
                  "emotions": [
                        "disgust"
                  ],
                  "excerpt": "Une eau trouble roussatre , chargée d ' acétate d ' annnoniaqae , ré - puté antretois pour du zoonate d ' ain - moniaque , z ° .Une huile fluide d ' une odeur fétide g \" .Une portion d ' huile épaisse empyreumattque ~ .",
                  "id": "18",
                  "title": "Cours élémentaire théorique et pratique de pharmacie chimique ou Manuel du pharmacien-chimiste. Tome 2 / , par Simon Morelot,..."
            },
            {
                  "doc_url": "https://gallica.bnf.fr/ark:/12148/bpt6k56249255",
                  "emotions": [
                        "disgust"
                  ],
                  "excerpt": "Les espèces de cosses de cette plante avaient un demi - pied de long ; à l ' intérieur étaient de petites graines noirâlres disposées — 247 — symétriquement dans une matière blanchâtre et pâteuse analogue à la moelle .Une odeur très - pénétrante s ' en répandait , ainsi que des fleurs jaunes à six pétales qui décoraient les grandes tiges .Avant de partir , je fis de nouvelles additions à notre , barricade , dans le but de la fortifier .",
                  "id": "19",
                  "title": "Le Robinson suisse / par Wyss ; traduction nouvelle [de A. Bordot] ; illustrée par Hadamard"
            },
            {
                  "doc_url": "https://gallica.bnf.fr/ark:/12148/bpt6k64818666",
                  "emotions": [
                        "disgust",
                        "annoyance"
                  ],
                  "excerpt": ") Sel ammoniac ou muriatc d ' ammoniaque ( Fabrication du ) par le moyen de la distillation des matières animales .Odeur très désagréable et portée au loin .— ( 15 octobre 1810 , 14 janvier 1815 .",
                  "id": "20",
                  "title": "Hygiène publique / travaux... résumés par Évariste Thévenin,... ; Conseil de salubrité de la Seine"
            }
      ]
}