{
      "articles": [
            {
                  "doc_url": "https://gallica.bnf.fr/ark:/12148/bpt6k2057367",
                  "emotions": [
                        "disgust",
                        "annoyance",
                        "nervousness"
                  ],
                  "excerpt": "( ) .puer ; sentir mauvais & aë ~ mtt / celapue ; ( Hefe ~ } { un ! en ) - , sententmauvais , puent ; - i ) e ' Btun ! < K , fleurs puantes ou fétides ; eë fttnftbift ; il sent mauvais ici , il pue ; nad ) .Snob : laud ) , nad ) ~ af ~ c sentir ! ' ? i ) t ; - b ~ § ( ftfd ) , SBaf = fer , viande , eau puante ; - b fc ) ) n , - b tMrbfn , être puant ; puer ; s ' empuantir ; bte9Ict ) [ ) Ut ) ! ! fr - , mttt : PC ) 1 – b / les perdrix puent , s ' empuantissaient ; tnaH bcfurd ) tctf , ba ~ StJajft ' ) ' mc ( bte - & n ) C ) ' bfn , on craigHait J ' empuantissement des eaux , que tes eaux ne s ' empuantissent ; - be § t ) 6 ' ' y ' { \" eds puants ; ftt ! C ! bett SMtbCtn f ) at ' f ) ) , avoir l ' haleine puante , forte , mauvaise er ~ .",
                  "id": "1",
                  "title": "Neues vollständiges Wörtebuch der deutschen und französischen Sprache nach den neuesten und besten Quellen über Sprahce, Künste und Wissenschaften.... L-Z / von abbé Mozin, J. Th. Biber,... M. Hölder,..."
            },
            {
                  "doc_url": "https://gallica.bnf.fr/ark:/12148/bpt6k994271h",
                  "emotions": [
                        "disgust"
                  ],
                  "excerpt": "physiques ] en jaune .Odeur forte , goudronneuse .Saveur ( caustique .",
                  "id": "2",
                  "title": "Tableaux synoptiques de thérapeutique descriptive et clinique, par le Dr Henri Durand,..."
            },
            {
                  "doc_url": "https://gallica.bnf.fr/ark:/12148/bpt6k220621s",
                  "emotions": [
                        "disgust"
                  ],
                  "excerpt": "Ses fruits passent pour être purgatifs , émétiques et même vénéneux , d ' où le nom d ' Azédarach , d ' origine arabe , et qui veut dire plante malfaisante .Sa racine est amère , nauséabonde , anthelmintique , mais très - peu usitée .AMMÈMBÉES ( Ampelide / ï .",
                  "id": "3",
                  "title": "Botanique agricole et médicale, ou Etude des plantes qui intérressent principalement les médecins, les vétérinaires, et les agriculteurs : accompagnée de 160 planches représentant plus de 900 figures intercalées dans le texte (2e édition) / par H.-J.-A. Rodet,... ; deuxième édition, revue et considérablement augmentée avec la collaboration de C. Baillet,..."
            },
            {
                  "doc_url": "https://gallica.bnf.fr/ark:/12148/bpt6k64619074",
                  "emotions": [
                        "disgust"
                  ],
                  "excerpt": "On emploie principalement la racine , rarement les feuilles .La racine est longue , grosse comme le pouce , fauve en dehors , blanche en dedans , d ' une saveur douceâtre , d ' une odeur nauséeuse .Elle est sudorilique .",
                  "id": "4",
                  "title": "Le médecin du corps et de l'âme. Tome 1 / par le chanoine Clavel,..."
            },
            {
                  "doc_url": "https://gallica.bnf.fr/ark:/12148/bpt6k9781390g",
                  "emotions": [
                        "disgust",
                        "annoyance"
                  ],
                  "excerpt": "yy Ah ! mon ami , ne * yy jette donc pas ainsi de l ' urine yy dans la cour .Tous les voisins yy se plaignent déjà de la mauvaise yy odeur qu ' elle exhale .— , , Tu as » raison : je n ' y pensois pas .",
                  "id": "5",
                  "title": "Supplément au Roman comique, ou Mémoires pour servir a la vie de Jean Monnet, ci-devant directeur de l'Opéra-Comique à Paris, de l'opéra de Lyon, & d'une Comédie françoise à Londres, ecrits par lui-même. Tome 2 / . Tome premier [-second]."
            },
            {
                  "doc_url": "https://gallica.bnf.fr/ark:/12148/bpt6k9818835g",
                  "emotions": [
                        "disgust"
                  ],
                  "excerpt": "Leur point d ' ébullition est inférieur à celui de l alcool correspondant .Ils sont doués d ' une odeur repoussante qui rappelle l ' odeur de l ' ail .Ils précipitent un grand nombre de sels métalliques pour donner des composés de la forme R — SM ou ( R — S ) 2 M ; ces substances ne rappellent pas la couleur des sulfures correspondants .",
                  "id": "6",
                  "title": "Hydrocarbures, alcools et éthers de la série grasse / par P. Carré,..."
            },
            {
                  "doc_url": "https://gallica.bnf.fr/ark:/12148/bpt6k6514970p",
                  "emotions": [
                        "disgust",
                        "annoyance"
                  ],
                  "excerpt": "cessité d ' écouler les eaux .Sulfate d ' ammoniac Odeur très - désagréa - tre Ideltl .( Fabrication du ) , ble et portée au par le moyen loin .",
                  "id": "7",
                  "title": "Sophistication des substances alimentaires et moyen de les reconnaître, précédé de l'origine et de l'histoire de la salubrité en France, par G. Bertin,..."
            },
            {
                  "doc_url": "https://gallica.bnf.fr/ark:/12148/bpt6k9818835g",
                  "emotions": [
                        "disgust"
                  ],
                  "excerpt": "Le sulfocyanate d ' allyle , CH2 = CH - CH2 — SCN , jqui se trouve dans l ' essence de moutarde , peut se préparer synthétiquement par double décomposition entre le sulfocyanate de potassium ou d ' ammonium et le bromure ou l ' iodure d ' allyle .C ' est un liquide à odeur alliacée qui bout à 161 \" .' Les homologues immédiats de l ' alcool allylique ne présentent pas d ' intérêt particulier .",
                  "id": "8",
                  "title": "Hydrocarbures, alcools et éthers de la série grasse / par P. Carré,..."
            },
            {
                  "doc_url": "https://gallica.bnf.fr/ark:/12148/bpt6k5502810z",
                  "emotions": [
                        "disgust"
                  ],
                  "excerpt": "Il y a des troncs et des fragments extrêmement gros , comme aussi de petites branches : on a même , trouvé des feuilles et un fruit de forme sphérique , bien conservé , de la grosseur d ' une noix , mais dont l ' espèce n ' a pu être exactement déterminée .Ce qui frappe le plus dans ces bois bitumineux , c ' est l ' odeur extrêmement forte et en même temps nauséabonde qu ' ils répandent : elle rappelle celle de truffe exaltée au dernier point , et devient insupportable dans une chambre où l ' on a rassemblé quelques échantillons frais .Dans la mine , elle est modifiée , moins forte et moins désagréable : on ne saurait même la reconnaître dans les travaux , où l ' on trouve plutôt l ' odeur fade que l ' on LE SEL EN AUTRICHE .",
                  "id": "9",
                  "title": "Le sel / par Eugène Lefebvre,..."
            },
            {
                  "doc_url": "https://gallica.bnf.fr/ark:/12148/bpt6k6422116j",
                  "emotions": [
                        "disgust",
                        "pain",
                        "disappointment",
                        "guilt"
                  ],
                  "excerpt": "Presque toujours , et à peu de chose près , voici son oraison funèbre : « J ' aime bien ces petites affaires - là , mais quand il - y a des truffes dedans et qu ' elles .sentent mauvais .» Grand bien vous fasse , je n ' envie pas votre bonheur .",
                  "id": "10",
                  "title": "Lettres d'un mauvais jeune homme à sa Nini / Léon Rossignol ; avec une préface d'Aurélien Scholl"
            },
            {
                  "doc_url": "https://gallica.bnf.fr/ark:/12148/bpt6k299182v",
                  "emotions": [
                        "disgust",
                        "pain"
                  ],
                  "excerpt": "Incolore .Odeur piquante et suffocante de l ' allumette soufrée que l ' on enflamme .Saveur acide désagréable .",
                  "id": "11",
                  "title": "Aide-mémoire de chimie : à l'usage des lycées et des établissements d'enseignement secondaire,.... T. 1 / par P.-A. Favre,..."
            },
            {
                  "doc_url": "https://gallica.bnf.fr/ark:/12148/bpt6k9676850q",
                  "emotions": [
                        "disgust",
                        "greed"
                  ],
                  "excerpt": "La couleur noire est plutôt un caractère des racines qu ' un caractère appartenant à la fleur et aux parties qui s ' élèvent au - dessus du sol ; c ' est sur les racines que l ' on remarque les nuances de cette couleur les plus franches et les plus prononcées , ater , nuances qui se retrouvent sur quelques graines enfermées dans le péricarpe , et rarement sur le péricarpe même .vénéneux , quelles que soient d ' ailleurs l ' élégance de leur port , la beauté de leur feuillage et de leurs fleurs , ont je ne sais quoi de sinistre qui dénonce leurs mauvaises qualités j leur odeur est presque toujours nauséabonde , vireuse et repoussante .Les lieux où croissent ces poisons sont en général humides et malsains , riches en exhalaisons pernicieuses et délétères ; tels sont les marais , les fumiers , les cimetières , les voiries .",
                  "id": "12",
                  "title": "La botanique enseignée en vingt-deux leçons ... par M. L. Demerson,... 2e édition"
            },
            {
                  "doc_url": "https://gallica.bnf.fr/ark:/12148/bpt6k220621s",
                  "emotions": [
                        "disgust"
                  ],
                  "excerpt": "dans les Alpes , dans es Pyrénées ; quelques auteurs disent cependant que cette plante est originaire de l ' Inde où elle est cultivée .Elle répand de toutes ses parties une odeur aromatique très - prononcée .Son rhizome possède des propriétés toniques et excitantes qui pourraient le rendre utile en médecine .",
                  "id": "13",
                  "title": "Botanique agricole et médicale, ou Etude des plantes qui intérressent principalement les médecins, les vétérinaires, et les agriculteurs : accompagnée de 160 planches représentant plus de 900 figures intercalées dans le texte (2e édition) / par H.-J.-A. Rodet,... ; deuxième édition, revue et considérablement augmentée avec la collaboration de C. Baillet,..."
            },
            {
                  "doc_url": "https://gallica.bnf.fr/ark:/12148/bpt6k9759508q",
                  "emotions": [
                        "disgust"
                  ],
                  "excerpt": "Belle - de - nuit , les variétés .odorante ou jalap du Mexique .Benoite du Ctiili .",
                  "id": "14",
                  "title": "Instructions pour les semis de fleurs de pleine terre... : suivies d'une notice sur la formation et l'entretien des gazons / par Vilmorin-Andrieux et Cie,..."
            },
            {
                  "doc_url": "https://gallica.bnf.fr/ark:/12148/bpt6k57218788",
                  "emotions": [
                        "disgust"
                  ],
                  "excerpt": "Les masses faveuses prennent ainsi l ' aspect des yeux d ' écrevisse ; elles offrent aussi une certaine ressemblance avec les alvéoles d ' un gâteau de miel ( favus ) , d ' où le nom donné à la maladie ; enfin c ' est leur analogie de forme avec les semences du lupin qui explique la dénomination de tinea lupinosa .Ces croûtes exhalent une odeur nauséabonde particulière , que l ' on a comparée à celle de l ' urine de chat ou de souris .Elles sont tantôt isolées ( f .",
                  "id": "15",
                  "title": "Traité des maladies de la peau, par le Dr I. Neumann,... Traduit sur la 4e édition et annoté par les Drs G. et E. Darin..."
            },
            {
                  "doc_url": "https://gallica.bnf.fr/ark:/12148/bpt6k57416643",
                  "emotions": [
                        "disgust"
                  ],
                  "excerpt": "Le 10 , id .Lell , la sécrétionmuco - purulenteprend une odeur très - forte .Le 12 , ' quelquesfils tombent ; le bord inférieur de la paupière s ' enflamme légèrement ; la muqueuse rapportée prend un aspect rougèâtre .",
                  "id": "16",
                  "title": "Fragments d'ophthalmologie. Clinique de l'hospice des Quinze-Vingts. Compte-rendu analytique des maladies observées et des opérations pratiquées pendant les années 1875, 1876 et 1877, par le Dr Fieuzal,..."
            },
            {
                  "doc_url": "https://gallica.bnf.fr/ark:/12148/bpt6k6365432g",
                  "emotions": [
                        "disgust"
                  ],
                  "excerpt": "MOYEN DE RECONNAITRE LA FALSIFICATION DES ENGRAIS .On éprouve le noir animal en le brûlant sur un fer rougi , il répand alors une odeur très forte de corne grillée .Il est bien rare de le trouver sans mélange .",
                  "id": "17",
                  "title": "Histoire de la guerre de la France et de l'Allemagne en 1870-1871 / par L. Favre"
            },
            {
                  "doc_url": "https://gallica.bnf.fr/ark:/12148/bpt6k1415848j",
                  "emotions": [
                        "disgust",
                        "indifference",
                        "embarrassment"
                  ],
                  "excerpt": "Ecarquillant leurs yeux d ' or piqué de rubis , Ils tracent au - dessus du troupeau qui repose Des entrelacs traînants et des cernes subits .Immodestes et laids sous l ’ Ourse li ais éclose , Ils tiennent grand ouvert leur court bec moustachu Où s ’ engouffre avec bruit l ’ air parfumé de rose .C ’ est un bourdonnement presque ininterrompu , Un sinueux fredon , un circulant murmure Qui réveille le pâtre avare et saugrenu .",
                  "id": "18",
                  "title": "Dionysos et les nymphes / Fernand Mazade"
            },
            {
                  "doc_url": "https://gallica.bnf.fr/ark:/12148/bpt6k936271m",
                  "emotions": [
                        "disgust",
                        "boredom",
                        "indifference"
                  ],
                  "excerpt": "Le dîner commença .Des messieurs tournaient autour de la table avec des plats qui dégageaient un parfum fade , écœurant pour les roses .Celles - ci attendaient que l ’ on parlât d ’ elles , mais on ne parlait pas des roses .",
                  "id": "19",
                  "title": "Des histoires et des images / Pierre Courtois ; illustrations d'Osbert"
            },
            {
                  "doc_url": "https://gallica.bnf.fr/ark:/12148/bpt6k220621s",
                  "emotions": [
                        "disgust"
                  ],
                  "excerpt": ") .Les deux plantes dont il s ' agit ont une odeur repoussante , une saveur âcre et nauséabonde .Leur action délétère les place au rang des poisons narcotico - âcres les plus actifs .",
                  "id": "20",
                  "title": "Botanique agricole et médicale, ou Etude des plantes qui intérressent principalement les médecins, les vétérinaires, et les agriculteurs : accompagnée de 160 planches représentant plus de 900 figures intercalées dans le texte (2e édition) / par H.-J.-A. Rodet,... ; deuxième édition, revue et considérablement augmentée avec la collaboration de C. Baillet,..."
            }
      ]
}