{
      "articles": [
            {
                  "doc_url": "https://gallica.bnf.fr/ark:/12148/bpt6k5804693w",
                  "emotions": [
                        "disgust"
                  ],
                  "excerpt": "- g Coucher I 1 ou 2 paillassons cle balle d ' avoine ou de varech , g et sommeil I 1 premier drap qu ' on applique directement sur le W de < ou les paillassons .l ' enfant1 feutre absorbant sec ou 1 toile imperméable qu ' on en bas - âge ! i met à même sur le paillasson pour l ' empêcher Berceau i I d ' être mouillé par l ' urine ( sans cette précaution , \\ n ? I il se dégage une odeur amoniacale , forte , nuisible tiin * l ' enfant ) .J , , .",
                  "id": "1",
                  "title": "Théorie et pratique des accouchements en tableaux synoptiques / par le Dr Paul Bouquet,..."
            },
            {
                  "doc_url": "https://gallica.bnf.fr/ark:/12148/bpt6k5832713d",
                  "emotions": [
                        "disgust"
                  ],
                  "excerpt": "Lorsque cette substance est parfaitement pure , elle se présente sous la forme d ' une poudre blanche , opaque , quelquefois nacrée .Elle est sans odeur ; sa saveur est légèrement amère et nauséabonde : son amertume se développe par sa dissolution dans les acides , et surtout dans l ' acide acétique .Les sels qu ' elle forme avec eux sont incristallisables ; leur solution se transforme par l ' évaporation en une masse gommeuse , transparente , facile à pulvériser .",
                  "id": "2",
                  "title": "Formulaire pour la préparation et l'emploi de plusieurs nouveaux médicamens , tels que la noix vomique, la morphine, l'acide prussique, la strychnine, la vératrine, les alcalis des quinquinas, l'iode,... par F. Magendie,... Septième édition, revue et augmentée"
            },
            {
                  "doc_url": "https://gallica.bnf.fr/ark:/12148/bpt6k63573275",
                  "emotions": [
                        "disgust",
                        "anger",
                        "annoyance",
                        "disapproval"
                  ],
                  "excerpt": "Verre ' ( polissage à sec du ) Poussières dangereuses .Poussières extrême - ' : ment irritantes .TABLEAU B .",
                  "id": "3",
                  "title": "Encyclopédie d'hygiène et de médecine publique. 6, Hygiène industrielle / par A. Layet..."
            },
            {
                  "doc_url": "https://gallica.bnf.fr/ark:/12148/bpt6k58237440",
                  "emotions": [
                        "disgust"
                  ],
                  "excerpt": "Galabrèesl en larmes plus nombreuses , ; plus blanches el plus belles que celle de ; Sicile .Enfin la manne grasse est molle , - gluanle , - : humide \" j poisseuse , - presque en consistance de miel , remplie de corps étrangers de toute espèce , d ' odeur nauséabonde , de saveur sucrée et désagréable ; elle provient soit ; : de sucs recueillis au commencement de l ' hiver , soi t d ' anciennes mannes qui ont subi , la fermentation .• FROMENT CULTIVÉ 299 Composition chimique .",
                  "id": "4",
                  "title": "Nouveau dictionnaire des plantes médicinales,... par le Dr A. Héraud,..."
            },
            {
                  "doc_url": "https://gallica.bnf.fr/ark:/12148/bpt6k5460034d",
                  "emotions": [
                        "disgust"
                  ],
                  "excerpt": "Les balles pleuvaient ' sur le bataillon dru comme mouches .|Tuer les mouches au vol , avoir une haleine infecte .|Terme d ' escrime .",
                  "id": "5",
                  "title": "Dictionnaire de la langue française.... Tome 3 / par É. Littré,..."
            },
            {
                  "doc_url": "https://gallica.bnf.fr/ark:/12148/bpt6k875632b",
                  "emotions": [
                        "disgust"
                  ],
                  "excerpt": "L ’ écorce est la seule partie employée en médecine , quoique les fruits et les feuilles jouissent aussi de propriétés irritantes .Celte écorce a une odeur faible , un peu nauséeuse , une saveur âcre et brûlante .Composition chimique .",
                  "id": "6",
                  "title": "Précis de thérapeutique vétérinaire, avec données scientifiques spéciales sur les effets des alcaloïdes / par M. M. Kaufmann,..."
            },
            {
                  "doc_url": "https://gallica.bnf.fr/ark:/12148/bpt6k5804693w",
                  "emotions": [
                        "disgust"
                  ],
                  "excerpt": "i apparei i Lochies normales ont une odeur jade spéciale .< genitai ^ Lochies septiques ou pathologiques ont une odeur s \\ suttei I Odeur \\ fétide , cadavéreuse .^ I ! Fétidité parait être symptômatique de corps étranïï étranïï ; gers ou d ' eschares .",
                  "id": "7",
                  "title": "Théorie et pratique des accouchements en tableaux synoptiques / par le Dr Paul Bouquet,..."
            },
            {
                  "doc_url": "https://gallica.bnf.fr/ark:/12148/bpt6k4863713",
                  "emotions": [
                        "disgust"
                  ],
                  "excerpt": "2 .° Si l ' on conçoit que les émanations » odorantes des lauriers aient exercé une force » répulsive contre le miasme pestilentiel , de » la même manière que certains fluides in » compatibles , l ' eau et l ' huile par exemple , » se repoussent réciproquement , l ' odorat n ' est ( 1 ) Lancisi et Fouquet , mémoire sur le climat de Montpellier .( 2 ) Rrflex .",
                  "id": "8",
                  "title": "Notice des travaux de l'Académie du Gard"
            },
            {
                  "doc_url": "https://gallica.bnf.fr/ark:/12148/bpt6k58237440",
                  "emotions": [
                        "disgust"
                  ],
                  "excerpt": "Gris cendrée , : de Réassure facile , en lames ou rouleaux , d ' odeur de cascarille et de poivre , de , saveur .faiblement aromatique et amère .Composition chimique .",
                  "id": "9",
                  "title": "Nouveau dictionnaire des plantes médicinales,... par le Dr A. Héraud,..."
            },
            {
                  "doc_url": "https://gallica.bnf.fr/ark:/12148/bpt6k58237440",
                  "emotions": [
                        "sadness",
                        "disgust",
                        "anger",
                        "annoyance",
                        "disapproval",
                        "despair",
                        "disappointment"
                  ],
                  "excerpt": "Odeur peu agréable .Saveur amère .Poudre jaune verdâtre .",
                  "id": "10",
                  "title": "Nouveau dictionnaire des plantes médicinales,... par le Dr A. Héraud,..."
            },
            {
                  "doc_url": "https://gallica.bnf.fr/ark:/12148/bpt6k9690713s",
                  "emotions": [
                        "disgust"
                  ],
                  "excerpt": "Une fois rassasiée , elle ne tarde pas à tomber dans un état léthargique , qui peut durer plusieurs jours , et pendant lequel la digestion s ' opère ; elle semble être alors insensible et ne pas se douter du danger ; aussi cherche - t - elle à se cacher dans quelque retraite pour y passer en sûreté ces jours d ' assoupissement .La couleuvre à collier s ' apparie dans les mois d ' avril et de mai ; c ' est le moment où elle répand une détestable odeur d ' ail ; cinq mois après , elle cherche à déposer ses œufs dans un endroit humide et chaud , dans du terreau , dans des monceaux de fumier , sous une couche , dans quelque écurie , où maint paysan étonné les a pris pour des œufs de coqs .Ces œufs ont la grosseur de ceux du moineau , ils sont jaunâtres , entourés d ' une pellicule parcheminée et réunis par des filaments vis - , queux en chapelets de vingt à trente .",
                  "id": "11",
                  "title": "Les Alpes : description pittoresque de la nature et de la faune alpestres / par Frédéric de Tschudi ; traduit par le Dr Vouga,... [et par le professeur Schimper]"
            },
            {
                  "doc_url": "https://gallica.bnf.fr/ark:/12148/bpt6k1091410q",
                  "emotions": [
                        "disgust"
                  ],
                  "excerpt": "Akènes bruns , ovoïdes , lisses , tachés de blanc à l ’ ombilic .Odeur légèrement aromatique .Cette plante est conuue sous les noms vulgaires de clinopode , de grand basilic sauvage ; elle est céphalique , Jtonique .",
                  "id": "12",
                  "title": "Flore du département du Gard ou Description des plantent qui croissent naturellement dans ce département. Partie 1,Tome 2 / par de Pouzolz,..."
            },
            {
                  "doc_url": "https://gallica.bnf.fr/ark:/12148/bpt6k58237440",
                  "emotions": [
                        "disgust",
                        "anger",
                        "disapproval"
                  ],
                  "excerpt": ") , la lauréole .odorante ( D .cneorum L ) , la lauréole .",
                  "id": "13",
                  "title": "Nouveau dictionnaire des plantes médicinales,... par le Dr A. Héraud,..."
            },
            {
                  "doc_url": "https://gallica.bnf.fr/ark:/12148/bpt6k1091410q",
                  "emotions": [
                        "joy",
                        "disgust"
                  ],
                  "excerpt": "Graines horizontales , noirâtres , à bords presque obtus , lisses et luisantes .Plante exhalant , par le froissement , une odeur fétide .Cette plante porte les noms vulgaires de vulvaire , d ' arroche puante ; elle passe pour autibyslérique .",
                  "id": "14",
                  "title": "Flore du département du Gard ou Description des plantent qui croissent naturellement dans ce département. Partie 1,Tome 2 / par de Pouzolz,..."
            },
            {
                  "doc_url": "https://gallica.bnf.fr/ark:/12148/bpt6k96192446",
                  "emotions": [
                        "disgust"
                  ],
                  "excerpt": "Sa teinte est rouge brun tacheté de blanc grisâtre .Son odeur est très fétide .Le sang qui la recouvre est en caillots gouges et blancs .",
                  "id": "15",
                  "title": "Gangrène traumatique, mémoire et observations cliniques sur une de ses causes les plus fréquentes dans les animaux domestiques, par M. Renault,..."
            },
            {
                  "doc_url": "https://gallica.bnf.fr/ark:/12148/bpt6k1091410q",
                  "emotions": [
                        "disgust"
                  ],
                  "excerpt": "Corolle rose , à lobes ovales - oblongs rétrécis à la base .Odeur forte et pénétrante .Toute la plante est employée comme antispasmodique , tonique , carmi - native , stomachique ; elle sert en médecine humaine et vétérinaire .",
                  "id": "16",
                  "title": "Flore du département du Gard ou Description des plantent qui croissent naturellement dans ce département. Partie 1,Tome 2 / par de Pouzolz,..."
            },
            {
                  "doc_url": "https://gallica.bnf.fr/ark:/12148/bpt6k5460034d",
                  "emotions": [
                        "disgust",
                        "annoyance",
                        "disapproval",
                        "pain",
                        "frustration",
                        "embarrassment",
                        "disappointment"
                  ],
                  "excerpt": "Sentir mauvais , exhaler une mauvaise odeur .Fi ! cela sent mauvais , et \" je suis tout gâté , MOL .2 ' 7îf .",
                  "id": "17",
                  "title": "Dictionnaire de la langue française.... Tome 3 / par É. Littré,..."
            },
            {
                  "doc_url": "https://gallica.bnf.fr/ark:/12148/bpt6k5804693w",
                  "emotions": [
                        "disgust",
                        "pain",
                        "embarrassment"
                  ],
                  "excerpt": "AT Manuel opératoire toilage , , et drai - Faire une incision de 6 centimètres sur la nage ligne blanche .Cette incision donne issue d \\ I à un liquide louche , rougeâtre , purulent , la cavité ! quelquefois fétide .abdomi - \\ Mettre 2 doigts - guides dans la plaie et innale jecter 10 , 15 , 20 litres de liquide dans la ( Bouilly , j cavité abdominale au moyen d ' une longue I Tarnier ' canule en verre qu ' on promènera dans I etc ) ' toutes les directions .",
                  "id": "18",
                  "title": "Théorie et pratique des accouchements en tableaux synoptiques / par le Dr Paul Bouquet,..."
            },
            {
                  "doc_url": "https://gallica.bnf.fr/ark:/12148/bpt6k5516588d",
                  "emotions": [
                        "disgust"
                  ],
                  "excerpt": "grande quantité , des vins blancs frelatés , des liqueurs faites avec des alcools de qualilé détestable , qui contiennent des substances aromatiques , irritantes déjà par elles - mêiius .Leur goût attrayant devient par cela même une séduisante amorce et un funeste .poison derrière lesquels se trouvent la ruine de leur santé et celle de leur famille , On peut dire que sur 500 familles environ d ' ouvriers dans • le dériûment , 400 se trouvent dans celte situation par suite de l ' ivrognerie du chef de famille .",
                  "id": "19",
                  "title": "De l'alcoolisme au point de vue de l'aliénation mentale / par le Dr H. Dagonet,..."
            },
            {
                  "doc_url": "https://gallica.bnf.fr/ark:/12148/bpt6k1265601b",
                  "emotions": [
                        "disgust",
                        "indifference"
                  ],
                  "excerpt": "Nous avons l ' air de donner ainsi entendre à .l ' individu que nous dédaignons qu ' il sent mauvais \\ de même , il peu près , que nous lui signifions qu ' il n ' est pas digne d ' attirer nos regards , lorsque nous fermons iL demi les yeux ou que nous détournons la tète .Toutefois , il ne faudrait pas croire que de pareils raisonnements traversent notre esprit au moment même olt nous manifestons 3 .",
                  "id": "20",
                  "title": "L'expression des émotions chez l'homme et les animaux (2e éd.) / par Charles Darwin,... ; traduit de l'anglais par les Drs Samuel Pozzi,... René Benoist,..."
            }
      ]
}