{
      "articles": [
            {
                  "doc_url": "https://gallica.bnf.fr/ark:/12148/bpt6k66584w",
                  "emotions": [
                        "disgust"
                  ],
                  "excerpt": "Ott apptt < puut cp nt « t aux hounucs tt < ' s fntts « u tK ' s puissants , mais d < mt le cat ' actt ' t ' c fâcheux < ' xi ~ cait , pour fpt ' Mn pût les aborder , qu ' Us eussent ~ M / < M ~ aux ccrTMM .L ' interjection y < MM ! cxprimauHc dédain , le mépris , la répulsion , qu ' on rencontre souvent dans les auteurs du xvn \" siècle , ne ae rattache en aucune façon aux herbes des prairies fauchées ou desséchées qui exhalent toujours une agréable odeur on incline , au conh ' ah ' o , à tirer cette interjection du nomj ~ batM , donné , en Berry , au putois , et , par suite , aux personnes et aux objets qui puent .Les sons étant les mêmes , les orthographes ont été confondues .",
                  "id": "1",
                  "title": "Les végétaux dans les proverbes / Charles Rozan"
            },
            {
                  "doc_url": "https://gallica.bnf.fr/ark:/12148/bpt6k9612755j",
                  "emotions": [
                        "disgust"
                  ],
                  "excerpt": "HYSOPE On emploie les feuilles et les sommités fleuries de l ' Hysopus officinalis ( Labiées ) .Leur odeur est aromatique et camphrée .L ' hysope entre dans la composition des espèces vulnéraires et de l ' alcoolatu re vulnéraire .",
                  "id": "2",
                  "title": "Manuel vétérinaire, ou Formulaire des médications rationnelles et des remèdes secrets (conforme au Codex 1908) / par René Cerbelaud,..."
            },
            {
                  "doc_url": "https://gallica.bnf.fr/ark:/12148/bpt6k9612755j",
                  "emotions": [
                        "disgust"
                  ],
                  "excerpt": "Projeté sur des charbons ardents , l ' acide arsénieux répand une odeur alliacée caractéristique .Chauffé - avec de l ' acétate de soude , il donne des vapeurs de cacodyle , d ' odeur alliacée , repoussante et caractéristique .Respirer légèrement ces vapeurs qui sont toxiques .",
                  "id": "3",
                  "title": "Manuel vétérinaire, ou Formulaire des médications rationnelles et des remèdes secrets (conforme au Codex 1908) / par René Cerbelaud,..."
            },
            {
                  "doc_url": "https://gallica.bnf.fr/ark:/12148/bpt6k56204397",
                  "emotions": [
                        "disgust",
                        "embarrassment"
                  ],
                  "excerpt": "Le pouls augmente , la température du corps s ' élève et il se produit à fleur de peau de petites sueurs visqueuses .L ' haleine devient fétide , dégage , une odeur de matières fécales ; la parole est - embarrassée , la voix nasillarde et la déglutition lies aliments et de la salive même fort douloureuse .Bientôt , la fièvre putride s ' empare du malade , les fonctions digestives se ralentissent , la terïi - - 4 - pérature du corps s ' abaisse , les battements du coeur fléchissent — à tel point que M .",
                  "id": "4",
                  "title": "Les Angines, le croup et son traitement, par P. Guétin"
            },
            {
                  "doc_url": "https://gallica.bnf.fr/ark:/12148/bpt6k6476893c",
                  "emotions": [
                        "disgust",
                        "fear",
                        "disapproval",
                        "embarrassment"
                  ],
                  "excerpt": "Vers les onze heures du matin , les verrous retentissent , les quatre ou cinq portes qu ' il fallait ouvrir pour arriver jusqu ' à nous mugissent sur leurs gonds et retombent avec fracas ; les nôtres s ' ébranlent , on ouvre : c ' était Lebeau , concierge , qui venait lui - même me chercher pour l ' interrogatoire .Un de ses enfants qui était avec lui recule à la vue du cachot et s ' écrie avec la naïveté de son âge : « Que c ' est affreux , un cachot , papa ! » Lebeau lui - même , homme bon et sensible , se tenait à une certaine distance et détournait la tête , moins pour ne pas respirer l ' air pestilentiel qui s ' en exhalait , que pour ne pas voir un spectacle si déplorable .Pâle , défait , la barbe sale et longue , les habits couverts de paille hachée qui depuis treize jours composait mon lit , je partis pour l ' interrogatoire ; il fut long , et peut - être plus vif que ne le permettait l ' humanité et l ' état dans lequel j ' étais .",
                  "id": "5",
                  "title": "Les prisons de Paris sous la Révolution : d'après les relations des contemporains / avec des notes et une introduction, par C. A. Dauban..."
            },
            {
                  "doc_url": "https://gallica.bnf.fr/ark:/12148/bpt6k57844119",
                  "emotions": [
                        "disgust",
                        "fear"
                  ],
                  "excerpt": "Huile rousse ( Fabriques d ' ) extraite des cretons et débris de graisse à une haute température .— Odeur très - désagréable et danger d ' incendie .( lre classe , 0 .",
                  "id": "6",
                  "title": "Procédure administrative des bureaux de police : à l'usage des préfectures, sous-préfectures, mairies et commissariats de police / par M. Brayer,..."
            },
            {
                  "doc_url": "https://gallica.bnf.fr/ark:/12148/bpt6k90612g",
                  "emotions": [
                        "disgust"
                  ],
                  "excerpt": "Les teUarates sont isomorphes des suMates et des séiëniates .L ' hydrogène tellurd TeH est un gaz très - odorant et très - délétère .CHAPITRE CHLORE .",
                  "id": "7",
                  "title": "Cours élémentaire de chimie / par H. Debray,..."
            },
            {
                  "doc_url": "https://gallica.bnf.fr/ark:/12148/bpt6k5684314z",
                  "emotions": [
                        "disgust",
                        "fear"
                  ],
                  "excerpt": "m Uno habitation propre est celle dont les parquets , lêCl plafonds , les murs , les meubles , les rideaux , les tontuf ^ f res no présentent ni trace do souillure ni parasites dêvil plaisants .Là , point d ' odeur désagréable , point do mtôs * ' tme dangereux , mais air pur , flots de lumière .Dans la > f cuisine , les ustensiles sont propres et reluisants ; losolj ! lf lavé fréquemment aux lessives do soude , no présente ni / î taches graisseuses , ni traces d ' éctaboussures : une main • § dlllgcnto fait chaquo jour disparaître tout ce qut peut ' k choquer un goût délicat .",
                  "id": "8",
                  "title": "Leçons d'économie domestique et d'hygiène : à l'usage des lycées et collèges de jeunes filles, des écoles normales d'institutrices, des écoles primaires supérieures et du cours supérieur des écoles primaires élémentaires / par Mme Coustau-Pader,..."
            },
            {
                  "doc_url": "https://gallica.bnf.fr/ark:/12148/bpt6k97633731",
                  "emotions": [
                        "disgust",
                        "pain",
                        "embarrassment"
                  ],
                  "excerpt": "En effet , la maladie qui la consume intérieurement se manifeste tout à coup au dehors .Et quelle maladie ! Le visage se tuméfie , les chairs prennent une teinte livide , puis se noircissent ; des ulcères se forment , ulcères purulents d ' où s ' exhale une odeur fétide .C ' est la lèpre ! s ' écrie - t - on .",
                  "id": "9",
                  "title": "Vie de l'admirable sainte Alpais : vierge et bergère du diocèse de Sens (1150-1211) (2e éd.) / par l'abbé Victor Martin,..."
            },
            {
                  "doc_url": "https://gallica.bnf.fr/ark:/12148/bpt6k5450473m",
                  "emotions": [
                        "disgust"
                  ],
                  "excerpt": "Verneuil ) .Chez les diabétiques confirmés , profondément atteints , l ' odeur de l ' urine est plus aigre et plus vineuse .Elle est due alors â l ' acétone , que Petters a , le premier , constaté dans l ' urine glycosurique ( Vierteljahrschrift fur die prah ttschen LIeilJtund ' ? , 1857 , P ' 81 ) , e * clue Kussmaul isol ^ bientôt à l ' état de sel cte ^ iunthgj ( éthyldiacétate sodique .",
                  "id": "10",
                  "title": "Les odeurs du corps humain : causes et traitements / Dr E. Monin"
            },
            {
                  "doc_url": "https://gallica.bnf.fr/ark:/12148/bpt6k54597439",
                  "emotions": [
                        "disgust",
                        "anger",
                        "annoyance",
                        "disapproval",
                        "frustration"
                  ],
                  "excerpt": ".méprisez cette foule frivole Qui cherche à vous troubler de ses bruits importuns ; Laissez le sot railleur se moquer et vous plaindre ; Aux ( leurs que vous cueillez comme il ne peut atteindre , Il dit qu ' elles sont sans parfums .Chantez , chantez toujours les fleurs et la verdure , Mais ne puisez jamais dans une source impure Le sujet de vos chants .",
                  "id": "11",
                  "title": "Les Olympiades : album de l'Union des poètes"
            },
            {
                  "doc_url": "https://gallica.bnf.fr/ark:/12148/bpt6k64343824",
                  "emotions": [
                        "disgust"
                  ],
                  "excerpt": [
                        "Il ne faut se fier à aucune odeur d ' une manière absolue .Si le Phalle fétide , le Clathre grillagé exhalent , à l ' âge adulte , une odeur repoussante qui éloigne de leur usage ; si l ' odeur légèrement vireuse de l ' Amanite bulbeuse suffit pour prémunir les personnes délicates et prudentes contre son emploi alimentaire , la plupart des Champignons nuisibles n ' exhalent aucune odeur particulière .Nous devons toutefois reconnaître que nous ne connaissons aucun Champignon malfaisant qui répande une odeur fine , délicate , agréable , comme celles de l ' anis ou de la farine .",
                        "Pédicule long de 6 à 7 centimètres , grêle , glabre , brillant , concolore au chapeau , mais plus pâle , velu à la base .Odeur faible de radis .Été et automne ; dans les bois , parmi les feuilles mortes , dans les bruyères , dans les prés moussus ; par petits groupes ."
                  ],
                  "id": "12",
                  "title": "Les champignons considérés dans leurs rapports avec la médecine, l'hygiène publique et privée, l'agriculture et l'industrie, et description des principales espèces comestibles, suspectes et vénéneuses de la France / par le Dr Lucien-Marie Gautier,..."
            },
            {
                  "doc_url": "https://gallica.bnf.fr/ark:/12148/bpt6k91763w",
                  "emotions": [
                        "disgust"
                  ],
                  "excerpt": "901 901 .Donnant au chalumeau une odeur d ' ail trèsprononcée .wV .",
                  "id": "13",
                  "title": "Traité de minéralogie. Tome 1 / par A. Dufrénoy,..."
            },
            {
                  "doc_url": "https://gallica.bnf.fr/ark:/12148/bd6t5370978h",
                  "emotions": [
                        "disgust"
                  ],
                  "excerpt": "Cet auteur , après avoir donné la description botanique de la belladone , parle de ses propriétés , et ( 392 ) dit : « La teinte luride , sombre de la belladone suffirait en quelque sorte pour annoncer une plante supecte .Elle exhale de toutes ses parties une odeur , faible a la vérité , mais pourtant nauséabonde .La racine , la tige , les feuilles et les baies ont une saveur d ’ abord fade , qui ne tarde pas à devenir nauséeuse et un peu âcre » Toutefois ses qualités physiques peu prononcées , sont loin de faire pressentir les accidens graves que cause la belladone .",
                  "id": "14",
                  "title": "Journal de médecine, de chirurgie et de pharmacie militaires"
            },
            {
                  "doc_url": "https://gallica.bnf.fr/ark:/12148/bpt6k5619637m",
                  "emotions": [
                        "disgust"
                  ],
                  "excerpt": "CARB .— Crachats - grumeleux , épais , purulents , jaunes - verdâtres ' ou bruns , d une odeur nauséabonde , très - fétide et donnant des envies de vomir .Crachats teints de sang .",
                  "id": "15",
                  "title": "Traitement homoeopathique des maladies des organes de la respiration, par le Dr A. Chargé,..."
            },
            {
                  "doc_url": "https://gallica.bnf.fr/ark:/12148/bpt6k946633g",
                  "emotions": [
                        "disgust"
                  ],
                  "excerpt": "— à 5 centig .de Vichy sans arôme ..",
                  "id": "16",
                  "title": "Maison centrale de droguerie fondée en 1816. Catalogue commercial ou prix courant général... 5e édition 1860. Menier,..."
            },
            {
                  "doc_url": "https://gallica.bnf.fr/ark:/12148/bpt6k57844119",
                  "emotions": [
                        "disgust",
                        "annoyance"
                  ],
                  "excerpt": ") Salaison ( Dépôts de ) .— Odeur désagréable .( 2e classe , 0 .",
                  "id": "17",
                  "title": "Procédure administrative des bureaux de police : à l'usage des préfectures, sous-préfectures, mairies et commissariats de police / par M. Brayer,..."
            },
            {
                  "doc_url": "https://gallica.bnf.fr/ark:/12148/bpt6k3045958j",
                  "emotions": [
                        "disgust",
                        "anger",
                        "excitement",
                        "amusement"
                  ],
                  "excerpt": "Georges éprouvait alors une impression singulière .Au milieu de toute cette atmosphère flamboyante , il lui sem - ■ ' blait qu ’ une lueur d ’ incendie se dégageait de cette femme , dont les effluves violents l ’ engourdissaient et l ’ aveuglaient .Et cependant , malgré son trouble , ce qui , peut - être , le grisait plus encore que l ’ étrange et fascinante beauté de la créole , c ’ étaient les regards dont elle et lui étaient l ’ objet , c ’ étaient les chuchotements qui suivaient ces regards .",
                  "id": "18",
                  "title": "La fournaise (2e édition) / par M.-L. Gagneur"
            },
            {
                  "doc_url": "https://gallica.bnf.fr/ark:/12148/bpt6k5450473m",
                  "emotions": [
                        "disgust"
                  ],
                  "excerpt": "i io Les odeurs du corps humain ment pathogène de l ' ozène vrai , c ' est - à - dire de l ' ozène non symptomatique d ' altérations oiseuses ou autres .Loewenberg qualifie ainsi l ' odeur de l ' ozène vrai : « Datant généralement de l ' enfance du sujet , l ' odeur nasale ne le quitte pas durant toute sa vie , et imprime d ' une façon permanente à son haleine une odeur fade et nauséabonde sui generis , pire que les émanations de la putréfaction même .Elle adhère jusqu ' aux mouchoirs des malades , et j ' ai cité , dans un premier travail sur l ' ozène , l ' observation d ' une jeune fille du monde dont les blanchisseurs refusaient les mouchoirs , que la malheureuse se voyait obligée de brûler .",
                  "id": "19",
                  "title": "Les odeurs du corps humain : causes et traitements / Dr E. Monin"
            },
            {
                  "doc_url": "https://gallica.bnf.fr/ark:/12148/bpt6k5749718p",
                  "emotions": [
                        "disgust"
                  ],
                  "excerpt": "Notre recueil , en effet , est parfois savoureux et .odoranl , — d ' aucuns diront malodorant .Il contient , nous le reconnaissons , des crudités , mais des crudités seulement ; nul n ' ignore que le langage populaire comme la langue latine « dans les mots brave l ' honnèlelé » , et que tel qui « mange le bon Dieu le malin , ch .",
                  "id": "20",
                  "title": "Le langage populaire de Mâcon et des environs"
            }
      ]
}