{
      "articles": [
            {
                  "doc_url": "https://gallica.bnf.fr/ark:/12148/bpt6k5619637m",
                  "emotions": [
                        "disgust"
                  ],
                  "excerpt": "— Toux sèche , seule ou avec coryza , le matin , vers les premières heures de la journée et le soir , dure , brève , répondant à la tête ou à l ' ombilic qui est sensible à la pression , sollicitée par une sensation de plaie dans le gosier , avec sécheresse et grattement , acreté , chatouillement au palais et prurit à la partie supérieure de la trachée .Toux avec vomissements de mucosités et de matière d ' une odeur insupportable , sans aliments dans les vomissements .Expectoration le matin , difficile , blanchâtre , grisâtre et peu abondante .",
                  "id": "1",
                  "title": "Traitement homoeopathique des maladies des organes de la respiration, par le Dr A. Chargé,..."
            },
            {
                  "doc_url": "https://gallica.bnf.fr/ark:/12148/bpt6k57844119",
                  "emotions": [
                        "disgust",
                        "annoyance"
                  ],
                  "excerpt": ") TVVe ( Blanchiment des ) par l ' acide muriatique oxygène .— Odeur désagréable .( 2 ° classe .",
                  "id": "2",
                  "title": "Procédure administrative des bureaux de police : à l'usage des préfectures, sous-préfectures, mairies et commissariats de police / par M. Brayer,..."
            },
            {
                  "doc_url": "https://gallica.bnf.fr/ark:/12148/bpt6k14218883",
                  "emotions": [
                        "disgust"
                  ],
                  "excerpt": "Les agents de la ferme des houes ne pouvaient rien contre un tel foyer .Il s ' en échappait une odeur infecte quand quelque voilure venait à passer , et l ’ on voyait souvent des personnes frappées de spasmes , prises de vomissements et même asphyxiées en traversant les rues .D ' autres sources de contagion n ’ agissaient pas avec moins de violence : c ’ étaient les ambulances établies dans le couvent des chanoines réguliers tle Saint - Nicolas , dans le monas - RECHERCHES SUR LES MALADIES ENDÉMIQUES 288 1ère de Suint - Vannes et dans les casernes .",
                  "id": "3",
                  "title": "Tableau historique, chronologique et médical des maladies endémiques, épidémiques et contagieuses, qui ont régné à Metz et dans le pays messin depuis les temps les plus reculés jusqu'à nos jours, par le Dr Félix Maréchal [et le Dr J. Didion],... 1er fascicule"
            },
            {
                  "doc_url": "https://gallica.bnf.fr/ark:/12148/bpt6k3768941",
                  "emotions": [
                        "disgust",
                        "curiosity"
                  ],
                  "excerpt": "— Hauteur , 0m , 40 à 0m , 50 ; en mars , spathe de 0m , 33 de longueur , violacé en dedans et maculée de vert en dehors .Son odeur infecte attire les mouches .Multiplication de graines ou de bulbes ; couverture l ' hiver .",
                  "id": "4",
                  "title": "Manuel pratique du jardinage contenant la manière de cultiver soi-même un jardin ou d'en diriger la culture (8e éd.) / par Courtois-Gérard,..."
            },
            {
                  "doc_url": "https://gallica.bnf.fr/ark:/12148/bpt6k6209244b",
                  "emotions": [
                        "disgust"
                  ],
                  "excerpt": "Saule de Babylone , du Levant , du GrandSeigneur , pleureur , Salix Babylonica .Saule odorant , à feuille de La ı ı ríer , Salix pentandra .Saule à feuille de Myrthe , Salix Myrsinites .",
                  "id": "5",
                  "title": "Catalogue des plantes, arbres, arbrisseaux et arbustes dont on trouve des graines, des bulbes et du plant chez les sieurs Andrieux et Vilmorin,..."
            },
            {
                  "doc_url": "https://gallica.bnf.fr/ark:/12148/bpt6k3768941",
                  "emotions": [
                        "disgust"
                  ],
                  "excerpt": "— Hauteur , 0m , 33 ; fleurs blanches et jaunes , d ' avril en novembre ; couverture l ' hiver .FUMETERRE odorante ( F .nobilis ) .",
                  "id": "6",
                  "title": "Manuel pratique du jardinage contenant la manière de cultiver soi-même un jardin ou d'en diriger la culture (8e éd.) / par Courtois-Gérard,..."
            },
            {
                  "doc_url": "https://gallica.bnf.fr/ark:/12148/bpt6k57844119",
                  "emotions": [
                        "disgust"
                  ],
                  "excerpt": "NOMENCLATURE DES ATELIERS ET ÉTABLISSEMENTS DANGEREUX , ÏNSALTJBRÈS OU INCOMMODES , avec l ' indication sommaire de leurs inconvénients , et la date des décrets ou ordonnances qui les ont classés : Abattoirs publics .— Danger de voir les animaux s ' échapper , mauvaise odeur .( 1 \" classe , D .",
                  "id": "7",
                  "title": "Procédure administrative des bureaux de police : à l'usage des préfectures, sous-préfectures, mairies et commissariats de police / par M. Brayer,..."
            },
            {
                  "doc_url": "https://gallica.bnf.fr/ark:/12148/bpt6k3214222v",
                  "emotions": [
                        "disgust"
                  ],
                  "excerpt": "Mais il présente les mêmes dangers d ’ explosion .Heureusement il sent très mauvais , et la moindre quantité dans l ' air se trahit par son odeur .Au contraire , l ' hydrogène pur ne sent rien ; le grisou non plus , et c ’ est ce qui en fait le danger .",
                  "id": "8",
                  "title": "Conférences faites au Havre, par MM. les instituteurs adjoints des écoles communales, sous la direction de la Société d'initiative pour la propagation de l'enseignement scientifique par l'aspect. (27 janvier 1884.)"
            },
            {
                  "doc_url": "https://gallica.bnf.fr/ark:/12148/bpt6k57844119",
                  "emotions": [
                        "disgust"
                  ],
                  "excerpt": "; Tanneries .— Mauvaise odeur .( 2 ° classse , 0 .",
                  "id": "9",
                  "title": "Procédure administrative des bureaux de police : à l'usage des préfectures, sous-préfectures, mairies et commissariats de police / par M. Brayer,..."
            },
            {
                  "doc_url": "https://gallica.bnf.fr/ark:/12148/bpt6k90612g",
                  "emotions": [
                        "disgust"
                  ],
                  "excerpt": "pM ~ MMa phystq [ aeNi .– GazMMo ! ore , d ' une odeur piquante caractéfisUqtM ~ c ' est coUa du soufre qui Me ; H exc : toJa toax et produit la suCbcation de tous les an : maax qui le respirent .Sa densité est2 , S34 .",
                  "id": "10",
                  "title": "Cours élémentaire de chimie / par H. Debray,..."
            },
            {
                  "doc_url": "https://gallica.bnf.fr/ark:/12148/bpt6k57844119",
                  "emotions": [
                        "disgust",
                        "annoyance"
                  ],
                  "excerpt": "Sècheries de Morues .— Odeur très - désagréable .( 2e classe , 0 .",
                  "id": "11",
                  "title": "Procédure administrative des bureaux de police : à l'usage des préfectures, sous-préfectures, mairies et commissariats de police / par M. Brayer,..."
            },
            {
                  "doc_url": "https://gallica.bnf.fr/ark:/12148/bpt6k9612755j",
                  "emotions": [
                        "disgust",
                        "annoyance"
                  ],
                  "excerpt": "Sans odeur .Saveur d ' abord sucrée , puis astringente , styptique , désagréable .Cet acide provoque de violents éternuements surtout lorsqu ' on le pulvérise .",
                  "id": "12",
                  "title": "Manuel vétérinaire, ou Formulaire des médications rationnelles et des remèdes secrets (conforme au Codex 1908) / par René Cerbelaud,..."
            },
            {
                  "doc_url": "https://gallica.bnf.fr/ark:/12148/bpt6k6568607h",
                  "emotions": [
                        "disgust"
                  ],
                  "excerpt": "Elle est insoluble dans l ' eau , soluble dans l ' alcool et l ' éther d ' où on la précipite par le moyen de l ' eau ; elle est soluble dans les huiles fixes et volatiles , avec lesquelles elle forme des solutions transparentes .La solution spiritueuse de cette sub - stance a un goût désagréable , très - acide ; elle rougit le papier de tournesol , et dissout le zinc avec dégagement d ' un gaz fétide .Cette solution distillée , donne du gaz acide sulfureux , de l ' alcool fortement imprégné d ' éther muria - liqup , et du gaz acide carbonique .",
                  "id": "13",
                  "title": "Annales de chimie ; ou Recueil de mémoires concernant la chimie et les arts qui en dépendent..."
            },
            {
                  "doc_url": "https://gallica.bnf.fr/ark:/12148/bpt6k5509513b",
                  "emotions": [
                        "disgust"
                  ],
                  "excerpt": "34 MANIPULATIONS DE CHIMIE Le gaz qui se dôf .iïo nst recueilli dans des éprouvettcs ; il est combustible et ± ium ; o n brûlant de la vapeur d ' eau et de l ' acide sulfureux ; Il a une odeur extrêmement désagréable , celle des oeufs pourris ; on le brûle à mesure qu ' on le recueille .Du tournesol agité dans une éprouvette pleine de ce gaz devient rouge ; l ' hydrogène sulfuré est acide , on l ' appelle acide sulfhydrique .",
                  "id": "14",
                  "title": "Manipulations de chimie : leçons pratiques à l'usage des élèves des établissements d'enseignement spécial, professionnel et primaire supérieur / par M. René Leblanc,..."
            },
            {
                  "doc_url": "https://gallica.bnf.fr/ark:/12148/bpt6k5450473m",
                  "emotions": [
                        "disgust",
                        "nostalgia"
                  ],
                  "excerpt": "Symptôme de rhinites diathésiques , la punaisie n ' a plus , alors , son odeur de marécage .Dans la scrofule , elle rappelle , à s ' y méprendre , la senteur aigre et repoussante de la punaise écrasée ; dans la syphilis , elle exhale une odeur spermatique fade et écoeurante , assez comparable à celle du merlan frais .La fétidité des coryzas chroniques s ' exaspère par l ' époque menstruelle ( Voltotini ) et par les phlegmasies aiguës intercurrentes de la pituitaire .",
                  "id": "15",
                  "title": "Les odeurs du corps humain : causes et traitements / Dr E. Monin"
            },
            {
                  "doc_url": "https://gallica.bnf.fr/ark:/12148/bpt6k96928145",
                  "emotions": [
                        "disgust",
                        "fear",
                        "pain"
                  ],
                  "excerpt": "L ' une d ' elles était accouchée depuis peu dans ce cachot , sans autre secours qu ' une livre de mauvais pain avec de l ' eau et deux visites de geôlier par jour .L ' air méphitique de la pièce avait une odeur cadavéreuse et prenait à la gorge .Ces cinq malheureuses n ' en respiraient pas d ' autre , avec leurs pauvres enfants , qui ne naissaient que pour respirer le poison .",
                  "id": "16",
                  "title": "Les Martyrs des pontons : 1794-1795 : Rochefort, l'Ile Madame, Brouage / L. Poivert"
            },
            {
                  "doc_url": "https://gallica.bnf.fr/ark:/12148/bpt6k64343824",
                  "emotions": [
                        "disgust",
                        "annoyance"
                  ],
                  "excerpt": "Stipe plus gros supérieurement , lisse , souvent bicolore ; lutéolé - rougeâtre en haut , olivâtrerougeâtre en bas .Odeur non désagréable .Été et automne ; sur le bord des fossés , des haies moussues et humides , sur la lisière des bois .",
                  "id": "17",
                  "title": "Les champignons considérés dans leurs rapports avec la médecine, l'hygiène publique et privée, l'agriculture et l'industrie, et description des principales espèces comestibles, suspectes et vénéneuses de la France / par le Dr Lucien-Marie Gautier,..."
            },
            {
                  "doc_url": "https://gallica.bnf.fr/ark:/12148/bpt6k97843801",
                  "emotions": [
                        "disgust",
                        "anger",
                        "annoyance"
                  ],
                  "excerpt": "JS jmulants • Pa - teê .parfums , Sïïpfl odorant \" Pa - ^|piHIiià dents , en Verre à dents .mi - cristal blanc L « Il tria \" , pasfwni » à 1 iB .",
                  "id": "18",
                  "title": "[Recueil. Catalogues]. Année 1914 / Manufacture française d'armes et cycles de Saint-Etienne"
            },
            {
                  "doc_url": "https://gallica.bnf.fr/ark:/12148/bpt6k486511n",
                  "emotions": [
                        "disgust",
                        "boredom",
                        "indifference"
                  ],
                  "excerpt": "des Rosacées , : ' i Heurs jaunes AGRntE \\ , soMr & ê ~ o ~ ~ ) MOtHo ~ ' MK ) : ( ~ o , e ~ o cle rëtre ~ e ; bo ~ é ~ ën ~ o .Menios nomb pour l ' aigremotnc odorante .AIL CULTIVÉ , ~ iM ~ n ~ sct ~ ~ tK ; ~ pl .",
                  "id": "19",
                  "title": "Bulletin de la Société archéologique, scientifique et littéraire de Béziers..."
            },
            {
                  "doc_url": "https://gallica.bnf.fr/ark:/12148/bpt6k5450473m",
                  "emotions": [
                        "disgust"
                  ],
                  "excerpt": "Antifébrine .Odeur piquante d ' acide acétique Phénacétine .Odeur analogue â celle du sulfure de carbone récent .",
                  "id": "20",
                  "title": "Les odeurs du corps humain : causes et traitements / Dr E. Monin"
            }
      ]
}