{
      "articles": [
            {
                  "doc_url": "https://gallica.bnf.fr/ark:/12148/bpt6k287189",
                  "emotions": [
                        "disgust"
                  ],
                  "excerpt": "La feuille a plutôt t ' odeur du persil que celle des autres ciguës , et la tige est sans tache .La racine ressemble , à s ' y méprendre , au panais ; te jus jaune qui en sort lorsqu ' on la casse , et l ' odeur puante qu ' elle répand sont cependant des signes suffisants pour la rccon - naître .Mais si , ne faisant pas attention à ces signes , il s ' en trouvait dans le bouillon , ne fut - ce qu ' une racine avec les autres légumes , on s ' en aperce - .",
                  "id": "1",
                  "title": "Hygiène populaire des villes et des campagnes ou Conseils spécialement destinés aux ouvriers des deux sexes sur les moyens de conserver leur santé ; suivie de la Médecine des accidents / par E. Thorel,..."
            },
            {
                  "doc_url": "https://gallica.bnf.fr/ark:/12148/bpt6k69105c",
                  "emotions": [
                        "disgust",
                        "greed"
                  ],
                  "excerpt": "Ce genre d ' encens , qui a le don , parait - il , de chatouiller désagréablement le subtil aquilin de nombre de cagots , est un des plus sérieux obstacles à ma conversion déûnitive .Or , PhitoctètcMonpaU , rentier de Pétardeau - leFoireux , âgé d ' une cinquantaine d ' années , était un de ces cagots , à l ' aspect répugnant , vêtu de longues redingotes qui , sur les chaussons discrets , circulent dans les nefs d ' église , semant sur leur passage les parfums plus haut désignés .Ah ' la sale nature et l ' ingrat tempérament ! Pingre comme Harpagon , médisant .",
                  "id": "2",
                  "title": "Les polissonneries de Chicdard / par Émile Blain"
            },
            {
                  "doc_url": "https://gallica.bnf.fr/ark:/12148/bpt6k9800241c",
                  "emotions": [
                        "disgust"
                  ],
                  "excerpt": "Augmentez le feu quand la distillation commencera à se rallentir .Il montera une huile d ' une odeur fœtide & pénétrante .Ensin , quand le plus grand feu ne fera plus rien monter ; cassez la cornue .",
                  "id": "3",
                  "title": "Élemens de chymie-pratique. Tome 2 / , contenant la description des opérations fondamentales de la chymie, avec des explications & des remarques sur chaque opération. Par M. Macquer,... Seconde edition, revûe & corrigée"
            },
            {
                  "doc_url": "https://gallica.bnf.fr/ark:/12148/bpt6k90078r",
                  "emotions": [
                        "disgust"
                  ],
                  "excerpt": "Le fer se dissout dans l ' acide chtorhydt ' ique avec dégagement < te g : tx hydrogène ; la dissolution contient du pïotocMoruro de fer .Les espèces de fer qui contiennent du carbone , traitées par t ' acide chlorhydrique , doitnent un hydrogène d ' une odeur repoussante ; après la d ! ssotuti « H d ' MM t6t ' d < ~ cette pspeee ~ ! t reste en outre un résidu qui contient du carbone .L ' acMe nitrique très étendu dissout toute espèce de ter .",
                  "id": "4",
                  "title": "Traité complet de chimie analytique (Édition française originale...) / par M. Henry Rose"
            },
            {
                  "doc_url": "https://gallica.bnf.fr/ark:/12148/bpt6k53240846",
                  "emotions": [
                        "disgust"
                  ],
                  "excerpt": "tomne , à Reauvais ( Graves ) .Odeur forte , nauséeuse ., 2 .",
                  "id": "5",
                  "title": "Nouvelle flore des environs de Paris, suivant la méthode naturelle : avec l'indication des vertus des plantes usitées en médecine. Cryptogamie / par F.-V. Mérat,..."
            },
            {
                  "doc_url": "https://gallica.bnf.fr/ark:/12148/bpt6k5734558p",
                  "emotions": [
                        "disgust"
                  ],
                  "excerpt": "le Professeur Tillaux , dont les leçons nous ont été si précieuses , veuille bien recevoir tous nos remerciements de nous avoir fait l ' honneur d ' accepter la présidence de notre thèse .CHAPITRE PREMIER HISTORIQUE Galien définissait ainsi l ' Ozène : L ' Ozène est une ulcération dans la profondeur des narines , de mauvaise odeur , avec écoulement .Pour Sauvages , la puanteur de la matière ichoreuse qui sort des narines n ' est pas un signe certain de la présence de l ' ulcère , puisqu ' on voit s ' écouler des narines une humeur fétide qui n ' est cependant point purulente , et qui n ' est autre chose que du mucus corrompu par son séjour , à cause de l ' ouverture étroite des narines .",
                  "id": "6",
                  "title": "De la Pharyngothérapie dans l'ozène, par A. Dérouau..."
            },
            {
                  "doc_url": "https://gallica.bnf.fr/ark:/12148/bpt6k6484847s",
                  "emotions": [
                        "disgust",
                        "despair"
                  ],
                  "excerpt": "Tomber dans un cloaque .et voûté , par où s ' écoulent les eaux et les Un cloaque infect .— Lieu malpropre et immondices d ' une ville .",
                  "id": "7",
                  "title": "La clef de la langue et des sciences, ou Nouvelle grammaire française encyclopédique et morale... ; précédée d'un Traité spécial du genre.... Partie 1,Tome 1 / par M. Léger Noël..."
            },
            {
                  "doc_url": "https://gallica.bnf.fr/ark:/12148/bpt6k98164876",
                  "emotions": [
                        "disgust"
                  ],
                  "excerpt": "La mère est drapée d ' une « vieille et sordide couverture , ne cachant pas a même ses nudités .Une odeur , odeur fétide , « capable d ' asphyxier qui la respire , s ' exhale de « ce cloaque abject , dont la plus dégoûtante des « plus misérables demeures de Paris n ' a jamais « offert le hideux spectacle ( 1 ) .» Le tableau de l ' état misérable de deux quartiers de Londres : White - Chapel et Belhnal - Green , décrits par M .",
                  "id": "8",
                  "title": "Des rapports conjugaux considérés sous le triple point de vue de la population, de la santé et de la morale publique (4e édition...) / par le Dr Alex. Mayer,..."
            },
            {
                  "doc_url": "https://gallica.bnf.fr/ark:/12148/bpt6k5828149j",
                  "emotions": [
                        "disgust"
                  ],
                  "excerpt": "La partie corticale a une consistance amylacée ; elle entoure un cylindre ligneux , jaunâtre , finement radié , et complètement dépourvu de moelle .Odeur forte , nauséeuse ; saveur amère .Histologie ( Voir pl .",
                  "id": "9",
                  "title": "Manipulations de botanique médicale et pharmaceutique : iconographie histologique des plantes médicinales / par MM. Joseph Hérail,... Valère Bonnet,... ; Préface de M. le professeur G. Planchon,..."
            },
            {
                  "doc_url": "https://gallica.bnf.fr/ark:/12148/bpt6k96012661",
                  "emotions": [
                        "disgust"
                  ],
                  "excerpt": "Il n ' y avait plus alors dans la salle que des ouvreuses , qui faisaient un singulier bruit en ôtant les petits bancs et fermant les loges .La rampe , soufflée comme une seule chandelle , répandit une odeur infecte .Le rideau se releva .",
                  "id": "10",
                  "title": "Oeuvres complètes de H. de Balzac. I-XIV, Études de moeurs. Tome 7"
            },
            {
                  "doc_url": "https://gallica.bnf.fr/ark:/12148/bpt6k53240846",
                  "emotions": [
                        "disgust"
                  ],
                  "excerpt": "Rare .Odeur nauséeuse .256 .",
                  "id": "11",
                  "title": "Nouvelle flore des environs de Paris, suivant la méthode naturelle : avec l'indication des vertus des plantes usitées en médecine. Cryptogamie / par F.-V. Mérat,..."
            },
            {
                  "doc_url": "https://gallica.bnf.fr/ark:/12148/bpt6k90480d",
                  "emotions": [
                        "disgust",
                        "annoyance"
                  ],
                  "excerpt": "Lorsqu ' on fait passer du chlore sur du soufre chauffé , il se forme du protochlorure de soufre S ' Ct * .C ' est un liquide jaune , d ' une odeur très désagréable et piquante , provoquant le larmoiement .Il bout à 139 ° et se solidifie à – 76 ° en une masse nettement cristalline .",
                  "id": "12",
                  "title": "Traité de chimie inorganique à l'usage des universités / par A.-F. Holleman,... ; édition française transcrite par E.-H. Racine, revue et augmentée par l'auteur ; avec une préface de Ph.-A. Guye,..."
            },
            {
                  "doc_url": "https://gallica.bnf.fr/ark:/12148/bpt6k4235571f",
                  "emotions": [
                        "disgust"
                  ],
                  "excerpt": "Les animaux qui vivent comme du rebut de ces grains , en avoient éprouvé les premiers la mauvaife qualité ; la plupart en étoient morts , 6c leur exemple auroit dû au moins faire recourir à quelques précautions pour s ’ en garantir ; mais on fit fervir encore à la nourriture des hommes , quelques - uns de ces animaux malades , 6c ceux qui fuccombèrent , refièrent fur la terre fans être enterrés , comme fi on avoit voulu augmenter par tous les moyens poiïibles la contagion déjà trop développée .A ces caufes premières 6c générales fe joignirent encore la négligence pour l ’ enterrement des morts ; les fofies faites avec peu de foin 6c fins profondeur exhaloient une odeur fétide d ’ autant plus pénétrante 6c meurtrière , que le terrein ne pernaettoit pas toujours de les éloigner , 6c qu ’ en creufmt on découvroit fouvent des cadavres à demi confumés .Mon premier foin , en arrivant à Angerville , fut de tranquilliser les efprits , 6c de difliper la crainte 6c la frayeur qui s ’ étoient emparées de tous les habitans : le nombre journalier des morts avoit accrédité l ’ opinion que c ’ étoit une pefie ; 6c l ’ on fait trop combien les afieélions de l ’ ame , fur - tout quand elles font défi * gréables , prédilpofent à l ’ épidémie .",
                  "id": "13",
                  "title": "Recueil d'observations de médecine des hôpitaux militaires. Tome 2 / , fait et rédigé par M. Richard de Hautesierck,..."
            },
            {
                  "doc_url": "https://gallica.bnf.fr/ark:/12148/bpt6k6501806z",
                  "emotions": [
                        "disgust"
                  ],
                  "excerpt": "Il est très - fâcheux que le frêne soit sujet à être attaqué par les mouches cantharides .L ' odeur infecte et malfaisante qu ' exhalent ces insectes fait proscrire le frêne des jardins paysagers .La croissance de cet arbre est assez rapide quand il végète dans un sol sablonneux et frais .",
                  "id": "14",
                  "title": "La ferme-modèle, ou L'agriculture mise à la portée de tout le monde (3e édition) / par H. de Chavannes de La Giraudière"
            },
            {
                  "doc_url": "https://gallica.bnf.fr/ark:/12148/bpt6k96096783",
                  "emotions": [
                        "disgust"
                  ],
                  "excerpt": "ce qui est quelquefois la cause de méprises dangereuses ( les feuilles de la gentiane sont opposées ) .Les fleurs grandes , étalées , d ' un blanc sale en dedans , verdâtres en dehors à odeur nauséabonde sont disposées en épis sur les rameaux , qui forment par leur réunion une ample panicule terminale .La floraison a lieu en juin - juillet .",
                  "id": "15",
                  "title": "Les plantes médicinales des Hautes-Alpes..."
            },
            {
                  "doc_url": "https://gallica.bnf.fr/ark:/12148/bpt6k5828149j",
                  "emotions": [
                        "disgust"
                  ],
                  "excerpt": "La cassure est courte , résineuse , et montre de nombreux points blancs , brillants , formés par des dépôts d ' oxalate de chaux .Odeur peu développée ; saveur fortement amère , et en même temps aromatique et nauséeuse .Histologie ( Voir pl .",
                  "id": "16",
                  "title": "Manipulations de botanique médicale et pharmaceutique : iconographie histologique des plantes médicinales / par MM. Joseph Hérail,... Valère Bonnet,... ; Préface de M. le professeur G. Planchon,..."
            },
            {
                  "doc_url": "https://gallica.bnf.fr/ark:/12148/bpt6k316729r",
                  "emotions": [
                        "disgust"
                  ],
                  "excerpt": "Les concrétions envahissent les piliers et les deux faces du voile du palais , la luette , souvent les fosses nasales , et quelquefois la bouche .L ’ ha - leine est horriblement fétide ; la salivation est plus ou moins abondante , jaunâtre et nauséabonde ; il y a presque toujours une expuition sanguinolente .La douleur et la gêne de la déglutition sont ordinairement peu en rapport avec la gravité de la maladie ; elles sont même quelquefois milles .",
                  "id": "17",
                  "title": "De l'angine et de ses variétés... / par le docteur V. Chancerel,..."
            },
            {
                  "doc_url": "https://gallica.bnf.fr/ark:/12148/bpt6k6517142j",
                  "emotions": [
                        "disgust"
                  ],
                  "excerpt": "Regnault , est 1 , 298 .Elle a une odeur résineuse , brûle avec une flamme longue , blanche et fuligineuse ; ses fragments entrent dans une sorte de fusion pâteuse et se collent ensemble ; elle donne un coke très - boursouflé .3 ° La houille ordinaire ou charbon fleur de Mons est noire , d ' une densité variant de 1 , 276 à 1 , 355 .",
                  "id": "18",
                  "title": "Dictionnaire des altérations et falsifications des substances alimentaires, médicamenteuses et commerciales : avec l'indication des moyens de les reconnaître. Tome 1 / par M. A. Chevallier,..."
            },
            {
                  "doc_url": "https://gallica.bnf.fr/ark:/12148/bpt6k5832338v",
                  "emotions": [
                        "disgust"
                  ],
                  "excerpt": "E .Rose , la santonine ne mérite pas la réputation de substance vénéneuse qu ' on lui a faite ; il a pu en prendre jusqu ' à 1 gramme sans éprouver d ' action fâcheuse ; son action diurétique est très - prononcée ; elle constipe et augmente la production des gaz intestinaux ; la tête est prise d ' une manière particulière ; il y a un grand abattement , un narcotisme prononcé , auquel M .E .",
                  "id": "19",
                  "title": "Formulaire raisonné des médicaments nouveaux et des médications nouvelles, suivi de notions sur l'aérothérapie, l'hydrothérapie, l'électrothérapie, la kinésithérapie et l'hydrologie médicale, par O. Reveil,..."
            },
            {
                  "doc_url": "https://gallica.bnf.fr/ark:/12148/bpt6k5828149j",
                  "emotions": [
                        "disgust"
                  ],
                  "excerpt": "A l ' intérieur , on trouve une seule graine , qui n ' adhère pas au péricarpe dont elle est nettement séparée par un certain intervalle .Odeur spéciale ; saveur forte , camphrée , piquante , à la fois amère et aromatique .Histologie ( Voir pl .",
                  "id": "20",
                  "title": "Manipulations de botanique médicale et pharmaceutique : iconographie histologique des plantes médicinales / par MM. Joseph Hérail,... Valère Bonnet,... ; Préface de M. le professeur G. Planchon,..."
            }
      ]
}