{
      "articles": [
            {
                  "doc_url": "https://gallica.bnf.fr/ark:/12148/bpt6k5627324m",
                  "emotions": [
                        "disgust"
                  ],
                  "excerpt": "Le merle était d ' un goût délicieux .Mais l ' oiseau de proie était coriace ; il exhalait une odeur nauséabonde et repoussante .Maîda , dont le palais n ' était pas délicat , s ' accommoda du vautour , et fit d ' une partie de sa chair un excellent régal ; l ' autre fut mis en réserve et conservée pour les besoins du lendemain .",
                  "id": "1",
                  "title": "Les Robinsons français ou La Nouvelle Calédonie (Nouv. éd.) / par J. Morlent,..."
            },
            {
                  "doc_url": "https://gallica.bnf.fr/ark:/12148/bpt6k5426748m",
                  "emotions": [
                        "disgust",
                        "disapproval"
                  ],
                  "excerpt": "Les médecins se sont également attachés à reconnaître les signes auxquels on pourrait , dans certains cas , deviner la nature contagieuse d ' une maladie , considérée dans le cas particulier d ' un individu qu ' elle vient d ' atteindre ; l ' état des forces ■ vitales a appelé surtout l ' attention , et la syncope , comme signe indicateur de ces forces , a été observée et donnée comme preuve de l ' action infectieuse de la peste , de la fièvre jaune et des fièvres intermittentes pernicieuses qui ne sont £ > as rares .Le dégoût pour toute sorte d ' aliment a été énoncé 8 ( > 4j de mênie comme le prodrome de certaines conta - * 1 gtons , surtout , dit - on , quand l ' infection a été introduite par les organes gastriques , et l ' on sait la valeur qu ' Hippocrate a attachée à ce signe dans les cas de fièvres pestilentiel les , On pourrait même y ajouter , je crois , la lésion de l ' odorat par une sensation désagréable et comme putride .Les médecins de la commission française à Barcelone nous en ont fourni quelques exemples .",
                  "id": "2",
                  "title": "Quels avantages la médecine pratique a-t-elle retirés de l'étude des constitutions médicales et des épidémies ? Question proposée par l'Académie royale de médecine de Paris, pour le concours au prix Moreau de la Sarthe, par B. Risueño de Amador..."
            },
            {
                  "doc_url": "https://gallica.bnf.fr/ark:/12148/bpt6k5410539t",
                  "emotions": [
                        "disgust"
                  ],
                  "excerpt": "Il s ' en faut de beaucoup que toutes les affections dartreuses de la membrane muqueuse des fosses nasales produisent la punaisie , comme les affections dartreuses de certaines parties du corps ne sont pas nécessairement accompagnées de fétidité ; mais de même que l ' eczéma des pieds , de la vulve , produit chez 628 DE L ' OZÈNE .certaines personnes des sécrétions d ' une puanteur révoltante , de même chez certains malades atteints d ' eczéma chronique de la membrane muqueuse des fosses nasales , il se fait une sécrétion d ' une odeur repoussante .De toutes les causes de l ' ozène , la plus fréquente est à coup sûr la syphilis .",
                  "id": "3",
                  "title": "Clinique médicale de l'Hôtel-Dieu de Paris. Tome 1 / par Armand Trousseau,..."
            },
            {
                  "doc_url": "https://gallica.bnf.fr/ark:/12148/bpt6k54693770",
                  "emotions": [
                        "disgust",
                        "anger",
                        "annoyance",
                        "excitement",
                        "amusement",
                        "embarrassment"
                  ],
                  "excerpt": "Aigle sublime élancé de la Terre Pour proclamer tous nos droits à la fois , Enseignez - nous où dort votre tonnerre Qui , sous l ' éclair , fit pâlir tant de rois ! Heureux Phénix du temple de mémoire , Qui renaîtrez toujours sur son autel , Enseignez - nous le secret de la gloire - , Vous le savez ; vous êtes immortel .Enseignez - nous ce vers plein de malice Dont le dard \" pique et reste dans la peau Quand vous montrez nos porteurs de ciliée Cachant Tartuffe encor sous leur chapeau ; Charmante Abeille ! enseignez - nous les cîmes Où vous cueillez tous les parfums du ciel ; Car , en donnant l ' aiguillon à vos rimes , L ' abeille aussi leur donna tout son miel .5 50 Enseignez - nous un chant pour la Patrie Si doux au coeur , quand de vous il nous vient , Qui pleure alors comme une voix chérie , Comme un ami qui songe et se souvient .",
                  "id": "4",
                  "title": "Une Voix des Pyrénées / Barandeguy-Dupont"
            },
            {
                  "doc_url": "https://gallica.bnf.fr/ark:/12148/bpt6k65530600",
                  "emotions": [
                        "disgust"
                  ],
                  "excerpt": "Elle avait dévalisé son jardin et tout servi à la fois pour n ' avoir plus à nous déranger .La pièce de résistance , une terrine éventrée , montrait ses grosses truffes noires et nous jetait au nez sa provocante odeur .Nous nous assîmes l ' un en face de l ' autre et je servis .",
                  "id": "5",
                  "title": "Les berçeuses : nouvelles, contes & fantaisies / Marque & D. Mon"
            },
            {
                  "doc_url": "https://gallica.bnf.fr/ark:/12148/bpt6k3766452",
                  "emotions": [
                        "disgust"
                  ],
                  "excerpt": "Or , pendant la bataille de la Marne , on pouvait remarquer trois animaux d ' espèces bien diverses , un cheval , une chèvre et un âne , entre les deux fermes de Nogeon et de Fosse - Martin ; il étaient en quelque sorte figés sur place , ils vivaient sous le tintamarre des obus sans songer à manger .Çà et là autour d ' eux des chevaux , jambes en l ' air , gonflés comme des ballons , exhalaient une odeur nauséabonde .Un malheur commun semblait effacer toutes les différences de race .",
                  "id": "6",
                  "title": "L'âme du poilu : journal de route d'un aumônier militaire du 7e corps, pendant la Grande-Guerre, 1914-1918 / chanoine Payen,..."
            },
            {
                  "doc_url": "https://gallica.bnf.fr/ark:/12148/bpt6k54716164",
                  "emotions": [
                        "disgust"
                  ],
                  "excerpt": "C ' est une femme de constitution très délicate , d ' apparence faible et misérable .Sa bouche est surtout très mal soignée et répand une odeur repoussante .Il y a quelque trois semaines , sans cause appréciable pour elle , elle ressentit à l ' oeil gauche une légère douleur , comme une vive démangeaison .",
                  "id": "7",
                  "title": "Éléments d'ophtalmologie à l'usage des médecins praticiens : leçons cliniques professées à la Faculté de médecine de Lyon / par le Dr Gayet,..."
            },
            {
                  "doc_url": "https://gallica.bnf.fr/ark:/12148/bpt6k5432759f",
                  "emotions": [
                        "sadness",
                        "disgust",
                        "nervousness"
                  ],
                  "excerpt": "Salut au Lathyrus tuberosus ! — Attention ! voici de l ' autre côté , avec son faisceau de fleurs couleur d ' opale , ses feuilles duvetées que le commentateur de Dioscoride compare judicieusement à des lamelles de drap usé , la Sauge Orvale , beau nom qui n ' a d ' égal dans la reconnaissance des hameaux que le nom populaire de Toute bonne .Malheur au botaniste qui , épris de l ' arôme de cette fleur , y plongerait trop amoureusement ses narines ! Cet arôme volatil , saturant son nerf olfactif , le mettrait hors de flair et annihilerait en lui pour tout le jour un des plus subtils instruments d ' investigation dont l ' ait armé la Providence .Partout où ce malheureux nez porterait , il n ' aspirerait qu ' Orvale et ne respirerait que Toute bonne .",
                  "id": "8",
                  "title": "Annales de la Société linnéenne du département de Maine-et-Loire"
            },
            {
                  "doc_url": "https://gallica.bnf.fr/ark:/12148/bpt6k5544602f",
                  "emotions": [
                        "disgust"
                  ],
                  "excerpt": "de l ' estomac , on y trouve nm , quantité variable de .matières exhalant une odeur , fade , nauséabonde et quelquefois fétide .Ce sont tantôt des mucosités blanchâtres ou d ' une teinte grise > tirant sur le jaune et comme puriformes ; tantôt ces matières sont brunâtres et de consistance homogène ; d ' autres fois on trouve , mêlées à des substances alimentaires plus ou moins digérées , des matières noires tout à faitsemblablesà celles qui pendant la vie étaient rendues par le vomissement .",
                  "id": "9",
                  "title": "Du cancer de l'estomac et de son étude au point de vue de la symptomatologie et du diagnostic / par Georges Bonnet,..."
            },
            {
                  "doc_url": "https://gallica.bnf.fr/ark:/12148/bpt6k91804n",
                  "emotions": [
                        "disgust"
                  ],
                  "excerpt": "Propriétés .La naphtylamine se présente sous la forme d ' aiguilles incolores fixes et aplaties ; son odeur est semblable à cette des excréments humains , elle est des plus tenaces ; sa saveur est amère et brùtante .Conservée quelque temps dans des flacons bouchés , dont elle ne remplit pas toute la capacité , elle se sublime en paillettes minces et flexibles qui viennent s ' attacher à la partie supérieure du flacon ; à une douce chaleur elle se sublime en longues aiguilles .",
                  "id": "10",
                  "title": "Traité des dérivés de la houille applicables à la production des matières colorantes / par MM. Charles Girard et G. de Laire..."
            },
            {
                  "doc_url": "https://gallica.bnf.fr/ark:/12148/bpt6k5806954f",
                  "emotions": [
                        "disgust"
                  ],
                  "excerpt": "Il m ' est arrivé plus d ' une fois , en abordant un berceau d ' où s ' échappaient ces émanations , de porter un pronostic fâcheux , dont l ' événement ne tardait pas à démontrer la justesse .Les selles bilieuses ont une odeur tout autre ; la sensation qu ' elles provoquent est celle de quelque chose d ' acide , de nauséeux et non de putréfié .Dans la dernière période de la maladie , quelques jours avant la mort , alors que l ' élément liquide de l ' organisme est réduit à son minimum , il n ' est pas exceptionnel de voir les garde - robes devenir rares et même cesser complètement .",
                  "id": "11",
                  "title": "Clinique des nouveau-nés. L'athrepsie, par J. Parrot,... leçons recueillies par le Dr Troisier..."
            },
            {
                  "doc_url": "https://gallica.bnf.fr/ark:/12148/bpt6k287069",
                  "emotions": [
                        "joy",
                        "disgust",
                        "calmness",
                        "amusement"
                  ],
                  "excerpt": "Dans les cas d ' abcès au faie , si on emploie le fer ou le feu , et .que le pus éva - cué soit blanc sans mélange ni mauvaise odeur , le malade gué - rit .vij ~ 5 .",
                  "id": "12",
                  "title": "Manuel de l'observateur en médecine , par P.-C. Marchant"
            },
            {
                  "doc_url": "https://gallica.bnf.fr/ark:/12148/bpt6k77022d",
                  "emotions": [
                        "disgust"
                  ],
                  "excerpt": "M pMttMtt pas dans une même journée à dessécher ces ctoaques température fin novembre , 32 à 33 degrés .Le soir , il s ' exhale le long des quais une odeur nauséabonde la cote du sud de ta rade est plus saine .C ' est là qu ' au milieu d ' une végétation tropicale admirable sont ete ' eea tes seules maMOMod l ' on puisse vivre sous ce etimat brotant .",
                  "id": "13",
                  "title": "Traité d'hygiène (2e édition, considérablement augmentée...) / par A. Proust,..."
            },
            {
                  "doc_url": "https://gallica.bnf.fr/ark:/12148/bpt6k5543218m",
                  "emotions": [
                        "disgust",
                        "anger",
                        "disapproval"
                  ],
                  "excerpt": "49 Examen de conscience I Premièrement , j ' ai été orgueilleuse , et j ' ai eu vaine gloire de ma beauté , de ma force , de ma louange , de mes brillantes parures .J ' ai eu les pauvres en dédain et en mépris : parce qu ' ils me paraissaient laidslet puants , je ne les laissais pas approcher de moi , mais je me tournais de l ' autre côté , afin de ne pas les voir .- ■ .",
                  "id": "14",
                  "title": "La jeune mariée : conseils donnés en 1393 [par Pierre de Roubaix] / L. de La Brière"
            },
            {
                  "doc_url": "https://gallica.bnf.fr/ark:/12148/bpt6k6515176q",
                  "emotions": [
                        "disgust",
                        "anger",
                        "annoyance",
                        "disapproval"
                  ],
                  "excerpt": "du feu Omis au décret de Ilho .Goudron ( Fabrication Tès mauvaise odeur et ire Omi .s au décret de 1810 .",
                  "id": "15",
                  "title": "Supplément au Bulletin des lois contenant les lois, les traités diplomatiques..."
            },
            {
                  "doc_url": "https://gallica.bnf.fr/ark:/12148/bpt6k6515176q",
                  "emotions": [
                        "disgust",
                        "boredom"
                  ],
                  "excerpt": ", OmIS au decrf - tdeiSto .Fécule de pommes de Mauvaise odeur prove - j 3 .9 février 1 s25 .",
                  "id": "16",
                  "title": "Supplément au Bulletin des lois contenant les lois, les traités diplomatiques..."
            },
            {
                  "doc_url": "https://gallica.bnf.fr/ark:/12148/bpt6k9688127z",
                  "emotions": [
                        "disgust"
                  ],
                  "excerpt": "\" Caractères .Cette résine est très fluide et incolore lorsqu ' elle est récente ; elle s ' épaissit et jaunit par le temps ; son odeur est forte et désagréable ; sa saveur est âcre , amère et très tenace à la gorge .D ' après M .",
                  "id": "17",
                  "title": "Traité de l'histoire naturelle et médicale des substances employées dans la médecine des animaux domestiques / par MM. O. Delafond et J.-L. Lassaigne,..."
            },
            {
                  "doc_url": "https://gallica.bnf.fr/ark:/12148/bpt6k6153043h",
                  "emotions": [
                        "disgust",
                        "annoyance"
                  ],
                  "excerpt": "ÉTAT DE LA LÉGISLATION .69 BOYAUDIERS ; odeur très désagréable et insalubre , lrccl .( 15 octobre 1810 ) .",
                  "id": "18",
                  "title": "Traité des établissements dangereux, insalubres ou incommodes, par St.-Ch. Clérault,..."
            },
            {
                  "doc_url": "https://gallica.bnf.fr/ark:/12148/bpt6k143699b",
                  "emotions": [
                        "disgust",
                        "indifference"
                  ],
                  "excerpt": "Quoique j ' aie longtemps étudié , je pourrais presque dire avec amour , les habitudes et la vie de quelques - uns de ces animaux , il m ' est impossible de résister complètement à une sensation désagréable , à une sorte d ' horreur , lorsque je suis sur le point de prendre dans la main un serpent ou une grenouille , une salamandre ou un crapaud .Cette impression froide , cadavéreuse , l ' odeur repoussante de la sécrétion visqueuse de leur peau , leurs mouvements étranges , leur passage subit de l ' immobilité à un mouvement prompt comme l ' éclair , le mystère de leur vie et des demeures qu ' ils choisissent , leur nature rampante , méchante , veni meuse , attributions justes pour quelques - uns seulement , fausses pour la plupart , tout se réunit pour empêcher les reptiles de paraître des hôtes agréables .Quand on n ' y est pas préparé , l ' impression de froid que produit une grenouille , par exemple , est la sensation la plus antipathique qu ' on puisse imaginer .",
                  "id": "19",
                  "title": "Leçons sur les animaux utiles et nuisibles, les bêtes calomniées et mal jugées, par Carl Vogt ; traduites de l'allemand par M. G. Bayvet..."
            },
            {
                  "doc_url": "https://gallica.bnf.fr/ark:/12148/bpt6k6515176q",
                  "emotions": [
                        "disgust"
                  ],
                  "excerpt": "Tanneries ( 21 ) .Mauvaise odeur ..",
                  "id": "20",
                  "title": "Supplément au Bulletin des lois contenant les lois, les traités diplomatiques..."
            }
      ]
}