{
      "articles": [
            {
                  "doc_url": "https://gallica.bnf.fr/ark:/12148/bpt6k9608766x",
                  "emotions": [
                        "disgust",
                        "annoyance",
                        "pain"
                  ],
                  "excerpt": "Symptômes généraux .Frissons à l ' invasion , tristesse , tête basse , répugnance au mouvement ; pouls plein , dur , serré ; muqueuses jaunâtres ; toux rare , pénible , avortée ; anorexie ou dysorexie ; soif vive ; chaleur , sécheresse de la bouche ; voussure des reins en contre - haut ; constipation ou diarrhée ; teinte jaunâtre , comme cuivrée , des excréments ; urine rare , trouble , d ' une odeur musquée , expulsée péniblement , parfois avec plaintes .Chez les ruminants , sécheresse du mufle , rumination suspendue ou ralentie ; léger météorisme .",
                  "id": "1",
                  "title": "Traité de pathologie vétérinaire. Tome III, 1re partie / par M. L. Lafosse,..."
            },
            {
                  "doc_url": "https://gallica.bnf.fr/ark:/12148/bpt6k9605807g",
                  "emotions": [
                        "disgust"
                  ],
                  "excerpt": "1 ) ont la pupille ronde , et sous leur queue une poche profonde séparée en deux compartiments , pour recevoir l ' humeur grasse et musquée , produite par les glandes dont nous avons parlé .C ' est cette pommade si odorante et si usitée dans la parfumerie sous le nom de civette .Les animaux qui produisent ce parfum sont de la taille d ' un fort chat , ont comme lui les mouvements très - souples et la marche extrêmement légère : mais leur museau est beaucoup plus long et plus pointu , et leurs griffes ne sont pas à beaucoup près aussi élastiques .",
                  "id": "2",
                  "title": "Nouveaux élémens d'histoire naturelle, contenant la zoologie, la botanique, la minéralogie et la géologie. Zoologie / par A. Salacroux,..."
            },
            {
                  "doc_url": "https://gallica.bnf.fr/ark:/12148/bpt6k9605807g",
                  "emotions": [
                        "disgust",
                        "disapproval"
                  ],
                  "excerpt": "Aussi , malgré leur petite taille , voit - on ces poissons parcourir dans tous les sens la profondeur des abîmes , sans rien craIndre de la part des animaux carnassiers qui les peuplent ; et , si quelques espèces ont été moins favorisées sous ce rapport par la nature , elles ont reçu une taille assez grande pour pouvoir lutter à forces égales contre la plupart des , habitants des eaux , ou bien elles sont douées de quelque puissance particulière capable de paralyser les tentatives de leurs ennemis .L ' homme , qui seul pourrait être à craindre pour eux , les dédaigne , parce que leur chair n ' est point bonne à manger et passe même pour empoisonnée , du moins dans certaines saisons .Cette famille se divise naturellement en deux genres facilesà caractériser : les orbes et les môles .",
                  "id": "3",
                  "title": "Nouveaux élémens d'histoire naturelle, contenant la zoologie, la botanique, la minéralogie et la géologie. Zoologie / par A. Salacroux,..."
            },
            {
                  "doc_url": "https://gallica.bnf.fr/ark:/12148/bpt6k9605807g",
                  "emotions": [
                        "surprise",
                        "disgust"
                  ],
                  "excerpt": "Il emporte un veau entier dans sa gueule , sans que la rapidité de sa marche paraisse ralentie par un semblable fardeau .Aussi son odeur et sa voix effraient les animaux les plus intrépides ; les chiens mêmes et les chevaux tremblent , lorsqu ' ils se sentent dans son voisinage , et ce n ' est pas sans difficulté qu ' on parvient à les habituer à lui faire la chasse .On le reconnaît facilement à sa couleur uniformément fauve , et au flocon de poils qui termine sa queue .",
                  "id": "4",
                  "title": "Nouveaux élémens d'histoire naturelle, contenant la zoologie, la botanique, la minéralogie et la géologie. Zoologie / par A. Salacroux,..."
            },
            {
                  "doc_url": "https://gallica.bnf.fr/ark:/12148/bpt6k5855080w",
                  "emotions": [
                        "disgust",
                        "boredom",
                        "disapproval"
                  ],
                  "excerpt": "Ces coups sourds , ponctués sur un rythme conventionnel comme une sorte d ' alphabet Morse , surgissent en répliques multiples tantôt , graves et sourds , du taillis voisin , tantôt , grêles et ténus , de l ' extrême horizon des plaines .Le village a son odorat comme la bête .La quasiinanition , qui est son état habituel , exaspère sa sensibilité olfactive .",
                  "id": "5",
                  "title": "Les Sociétés primitives de l'Afrique équatoriale / Dr Ad. Cureau,..."
            },
            {
                  "doc_url": "https://gallica.bnf.fr/ark:/12148/bpt6k5823700t",
                  "emotions": [
                        "disgust"
                  ],
                  "excerpt": "Les traits de son Visage et la gravité paisible de sa physionomie , inaltérables même dans le cercueil , attestaient qu ' il quittoit ce monde sans regret comme sans soucis ; quoiqu ' il conservât encore sa coltnoissancc quelques minutés avant sa mort .II y avoit dans le caractère du Roi une espèce de pudeur , qui lui avoit de tout tems inspiré delà répugnance pour l ' usage d ' ouvrir et d ' embaumer les cadavres .Son successeur respecta sa volonté , en sorte que ; son enterrement fut - aussi simple que l ' avoit été sa vie privée .",
                  "id": "6",
                  "title": "Une Allemande à la cour de France : La princesse Palatine. Les petits talents du grand Frédéric. Un médecin prussien, espion dans les salons romantiques / Docteur Cabanès"
            },
            {
                  "doc_url": "https://gallica.bnf.fr/ark:/12148/bpt6k9780002j",
                  "emotions": [
                        "disgust",
                        "annoyance",
                        "nervousness"
                  ],
                  "excerpt": "Il attendit ; rien n ' arriva .Il flaira l ' étrange matière saturée de l ' odeur de l ' homme et , prenant l ' enveloppe dans ses dents , donna une petite secousse .Rien n ' arriva encore , sinon qu ' une partie de la tente se mit à remuer .",
                  "id": "7",
                  "title": "Croc-Blanc (White-Fang) / par Jack London ; traduction de Paul Gruyer et Louis Postif"
            },
            {
                  "doc_url": "https://gallica.bnf.fr/ark:/12148/bpt6k9780002j",
                  "emotions": [
                        "disgust",
                        "anger",
                        "annoyance",
                        "envy",
                        "embarrassment"
                  ],
                  "excerpt": "La bête trottinait sans effort apparent , semblant glisser plutôt que courir .Les deux hommes s ' étant arrêtés , elle s ' arrêta ainsi qu ' eux et , ayant levé la tête , elle les regarda avec fixité , dilatant son nez frémissant , en reniflant leur odeur , comme pour se faire d ' eux une opinion .— C ' est la louve ! dit Bill .",
                  "id": "8",
                  "title": "Croc-Blanc (White-Fang) / par Jack London ; traduction de Paul Gruyer et Louis Postif"
            },
            {
                  "doc_url": "https://gallica.bnf.fr/ark:/12148/bpt6k5432867b",
                  "emotions": [
                        "disgust",
                        "excitement"
                  ],
                  "excerpt": "C ' est un spectacle enchanteur pour l ' artiste nonchalant , insoucieux , et pour le spéculateur alerte , farci de chiffres .Entendez le sifflement des steamers ! suivez ce double panache de fumée qui se balance au faite de leurs noires cheminées ; voyez - vous dans cette atmosphère imprégnée d ' odeurs résineuses et aquatiques , ou bien comptez ces boucauts de sucre , ces quarts ( 1 ) de farine , ces barriques de tabac , ces caisses , ces ballots de toutes sortes amoncelés sur les quais ! Partout l ' activité , partout le travail intelligent , partout l ' abondance .Des hommes , des chevaux , des cabs , des cabrouets se pressent , se froissent , se heurtent .",
                  "id": "9",
                  "title": "Les derniers iroquois : les drames de l'Amérique du Nord / par H.-Émile Chevalier"
            },
            {
                  "doc_url": "https://gallica.bnf.fr/ark:/12148/bpt6k6465644m",
                  "emotions": [
                        "disgust",
                        "anger",
                        "fear",
                        "annoyance",
                        "courage",
                        "greed",
                        "pain"
                  ],
                  "excerpt": "* Des Industriels froissés par ma Satire ont proféré contre moi des menaces de mort .Qu ' un vil Bravo de Bourse , à l ' angle d ' une rue , Surgisse de l ' égout et contre moi se rue Comme un tigre alléché par le parfum du sang ; J ' ai pour m ' en garantir un moyen tout - puissant .Je nargue sans effroi la Commandite entière ! — Mais , LECTEUR , brisons là pour entrer en matière .",
                  "id": "10",
                  "title": "Némésis incorruptible : satires de moeurs / par J.-F. Destigny (de Caen)"
            },
            {
                  "doc_url": "https://gallica.bnf.fr/ark:/12148/bpt6k114936m",
                  "emotions": [
                        "disgust",
                        "fear",
                        "disapproval"
                  ],
                  "excerpt": "Ouvrez la fenêtre .Ces odeurs tuent .XXVII Après cette dernière scène , le château de Saint - Lus s ' était dépeuplé de ses hôtes .",
                  "id": "11",
                  "title": "Cora Jackson / par Léo Montancey & Paul Marrot"
            },
            {
                  "doc_url": "https://gallica.bnf.fr/ark:/12148/bpt6k62255h",
                  "emotions": [
                        "disgust",
                        "anger",
                        "fear",
                        "courage",
                        "doubt",
                        "nervousness"
                  ],
                  "excerpt": "Elle se drossa sur un coude , comme surprise et même très enrayée , essayant de rapprocher d ' une main tes deux pans do son peignoir .Debout devant elle , tes narines dilatées , humant t ' odeur de la chambre , Kmito n ' osait avancer , se dcMant do sa brutalité , a taquotte il attribuait d ' avoir été repousse jus < tu ' iei .Uh ! Oh ! rûtait - i ! , la voix éteinte , ne trouvant que ce cri douloureux pour dire son admiration et le désir fou qui le tenaillait .",
                  "id": "12",
                  "title": "Les amants adultères / Alexandre Boutique"
            },
            {
                  "doc_url": "https://gallica.bnf.fr/ark:/12148/bpt6k141963d",
                  "emotions": [
                        "disgust"
                  ],
                  "excerpt": ".se boucher le nez , car les matériaux à mettre en oeuvre se présentent sous des dehors invraisemblables pour la forme , la couleur et l ' odeur .Il ne faut pas moins de six cent mille vieilles coiffures pour alimenter l ' industrie de la niolle , ou retapage des vieux soies ; et comme les marchands d ' habits ne pourraient fournir de pareilles quantités , on les importe de l ' étranger , principalement d ' Angleterre et d ' Allemagne .",
                  "id": "13",
                  "title": "Les Industries bizarres, par Paul Bory"
            },
            {
                  "doc_url": "https://gallica.bnf.fr/ark:/12148/bpt6k6549949n",
                  "emotions": [
                        "surprise",
                        "disgust",
                        "fear",
                        "excitement",
                        "nervousness",
                        "pain",
                        "embarrassment"
                  ],
                  "excerpt": "Voilà ce que c ' est qu ' avoir faim dans le pays des orgueilleux ! Alors on s ' en va rôdant à travers les rues , et , par une ironie féroce du hasard , on passe devant les cuisines sérieuses des Foyots , des Janodets .On est pris à la gorge par le parfum des sauces , on s ' ar - rête , l ' œil hagard , devant les bassins factices où se crispe dans le jet d ' eau l ' écrevisse , ce cardinal du ruisseau .Dans l ' intérieur , les cuisiniers vêtus de blanc , comme les sacrificateurs des temps antiques , taquinent le brasier , font voler les couvercles , passent au fil de la broche les perdrix rondelettes , au ventre azuré par les truffes , et les gigots à la Rubens qui pleurent à chaudes larmes dans la lèchefrite .",
                  "id": "14",
                  "title": "Les réfractaires / Jules Vallès"
            },
            {
                  "doc_url": "https://gallica.bnf.fr/ark:/12148/bpt6k102254k",
                  "emotions": [
                        "disgust"
                  ],
                  "excerpt": "ble : un Naturaliltc fa obfervé au fuiet de celui de Yepin , près d ' Aubagne ; ce charbon eft très beau : l l ' œil , mais au feu il répand une odeur déplaifance , appcochant de l ' odeur que donne le courrote ou fpalme , encore fraîch ' : l11ent fair .Je crois qti ' osi peut attribuer cette odeur à la décol11polition des coquillages , dont nous avons parlé ' ci - delfus .Ce qu ' il y a de remarquable , c ' eft qu ' on n ' en rrativeaticun dans les mines du DiocefedeSificron .",
                  "id": "15",
                  "title": "Voyage littéraire de Provence , contenant tout ce qui peut donner une idée de l'état ancien et moderne des villes,... l'histoire naturelle,... et cinq lettres sur les trouvères et les troubadours, par M. P. D. L."
            },
            {
                  "doc_url": "https://gallica.bnf.fr/ark:/12148/bpt6k5340122r",
                  "emotions": [
                        "disgust",
                        "annoyance",
                        "pain"
                  ],
                  "excerpt": "Les cheveux , contenus par un lien , forment des bandeaux lâches et ondulés .Le nez est érodé .( Cat .",
                  "id": "16",
                  "title": "Suite du catalogue des collections de sculpture et d'épigraphie du Musée de Toulouse"
            },
            {
                  "doc_url": "https://gallica.bnf.fr/ark:/12148/bpt6k61451132",
                  "emotions": [
                        "disgust"
                  ],
                  "excerpt": "Produit de manufacture , résultant de la combinaison de la chaux avec le chlore .En poudre grossière d ' un blanc grisâtre , d ' une odeur de chlore , d ' une saveur piquante .28 FORMULAIRE PHARMACEUTIQUE .",
                  "id": "17",
                  "title": "Formulaire pharmaceutique egyptien, à l'usage des hôpitaux militaires des établissements, des corps et de la marine / rédigé par le Conseil général de Santé"
            },
            {
                  "doc_url": "https://gallica.bnf.fr/ark:/12148/bpt6k61451132",
                  "emotions": [
                        "disgust",
                        "anger",
                        "annoyance",
                        "indifference"
                  ],
                  "excerpt": "FUMIGATION DÉSINFECTANTE .Fumigazione desinfettante .Arrosez avec cette solution les lieux qui doivent être désinfectés .",
                  "id": "18",
                  "title": "Formulaire pharmaceutique egyptien, à l'usage des hôpitaux militaires des établissements, des corps et de la marine / rédigé par le Conseil général de Santé"
            },
            {
                  "doc_url": "https://gallica.bnf.fr/ark:/12148/bpt6k96663069",
                  "emotions": [
                        "disgust"
                  ],
                  "excerpt": "AUDOUR I FEREN , adj .Odoriférant , , odoriferante ., A VB .",
                  "id": "19",
                  "title": "Dictionnaire provençal et françois dans lequel on trouvera les mots provençaux & quelques phrases & proverbes expliquez en françois . Avec les termes des arts libéraux & mecaniques... Par le P. Sauveur-André Pellas,..."
            },
            {
                  "doc_url": "https://gallica.bnf.fr/ark:/12148/bpt6k314963x",
                  "emotions": [
                        "surprise",
                        "disgust",
                        "disapproval",
                        "doubt"
                  ],
                  "excerpt": "Mais , laissons cette belle jeunesse glorifier les folles ivresses du vin et de l ’ éternelle déesse de Chypre : « Alma Venus , hominum divum que voluptas » , la bienfaisante Vénus , volupté des hommes et des dieux .Après les truffes aphrodisiaques , on n ’ est pas de bois , que diable ! ..",
                  "id": "20",
                  "title": "Un Lendit universitaire à Montpellier (XVIe siècle). L'acte de triomphe du docte et gentil Rabelais... / Docteur J. Chabanon,..."
            }
      ]
}