{
      "articles": [
            {
                  "doc_url": "https://gallica.bnf.fr/ark:/12148/bpt6k57897626",
                  "emotions": [
                        "disgust"
                  ],
                  "excerpt": "C ' est ainsi que , dans le pays , on .désigne ces insectes piquants , mordants , démangeants , répugnants , insupportables ! Certaines personnes sont , plus que d ' autres , aptes à les recueillir , et il est parfois fort difficile de s ' en débarrasser .J ' ai connu des personnes à qui cette cir - 18 VERS LE BLEU constance néfaste avait rendu le séjour tout à fait odieux .",
                  "id": "1",
                  "title": "Vers le Bleu, impressions algériennes... / E.-A. de Molina"
            },
            {
                  "doc_url": "https://gallica.bnf.fr/ark:/12148/bpt6k54877r",
                  "emotions": [
                        "disgust",
                        "gratitude",
                        "caring"
                  ],
                  "excerpt": "les hirondeHes de la mer ont appendu ! eur nid .L ' n t myrttt \" épanoui , dapre et généreuse odeur , c ' .tuvre de ses cor < ' Hes ardentes naos ( p ~ e profanèrent si ton ~ temps tes mystères du ( < abtcen .",
                  "id": "2",
                  "title": "Poèmes élégiaques / Laurent Tailhade"
            },
            {
                  "doc_url": "https://gallica.bnf.fr/ark:/12148/bpt6k5810446k",
                  "emotions": [
                        "disgust"
                  ],
                  "excerpt": "175 Les sueurs ne sont pas précédées de frissons , et une vapeur chaude enveloppe tout le corps , d ' où la sueur ruisselle avec abondance .L ' odeur de cette sueur est fortement aigre et fétide , la bouche est pâteuse , la langue est comme enduite de farine .Les sueurs sont accompagnées souvent de crampes , de difficulté de respirer , le malade étouffe , il est inquiet et tourmenté .",
                  "id": "3",
                  "title": "Le Médecin des ménages, ou la Science de donner des soins intelligents aux malades, aux blessés, aux noyés, aux asphyxiés, etc., en attendant le médecin, par le Dr Al. Valtier,..."
            },
            {
                  "doc_url": "https://gallica.bnf.fr/ark:/12148/bpt6k65713332",
                  "emotions": [
                        "disgust",
                        "annoyance",
                        "disapproval",
                        "doubt",
                        "curiosity",
                        "indifference"
                  ],
                  "excerpt": "Elle prit tout de suite des manières supérieures avec moi , sous le fallacieux prétexte qu ' elle était parisienne .Je vous demande un peu , mes petites , c ' est comme si vous alliez mépriser votre grand ' mère parce qu ' elle a toujours habité la campagne , et que vous êtes , vous , des petites péronnelles élevées à la mauvaise odeur des ruisseaux parisiens .( Grand ' mère regarda ses petites - filles en souriant pour voir l ' effet de cette pointe , mais elles , gentiment , sejetèrent toutes les trois ensemble dans ses bras , pendant que Rose lui disait : — Grand ' mère , il n ' y a pas à Paris de grand ' mère aussi bonne que vous .",
                  "id": "4",
                  "title": "Grand'mère avait des défauts ! / Louis Morin"
            },
            {
                  "doc_url": "https://gallica.bnf.fr/ark:/12148/bpt6k28149x",
                  "emotions": [
                        "disgust"
                  ],
                  "excerpt": "P .Gaz d ' une couleur jaune verdàtre d ' une saveur astringente , désagréable et d ' une odeur suffocante .P .",
                  "id": "5",
                  "title": "Manuel de matière médicale ou Description abrégée des médicamens , avec l'indication des caractères botaniques des plantes médicinales, et celle des principales préparations officinales des pharmacopées de Paris, de Londres et d'Edimbourg... par H. Milne Edwards et P. Vavasseur"
            },
            {
                  "doc_url": "https://gallica.bnf.fr/ark:/12148/bpt6k5568654z",
                  "emotions": [
                        "disgust"
                  ],
                  "excerpt": "11 existe diverses espèces de punaises > i \\ ant au grand air et ailées ; elles ont quatre ailes dont les deux supérieure * sont mi - parties corm ' es comme des sortes dïlytres .fclles estaient la mémo déplaisante odeur et sont carnasstères , mais non parasites ; telles sont les diverses punaises des bois et les nepes ou punaises d ' eau .VILAINE COMPAGNIE .",
                  "id": "6",
                  "title": "Le ménage de Mme Sylvain : livre de lecture courante à l'usage des jeunes filles... / par Mme Marie Robert Halt,..."
            },
            {
                  "doc_url": "https://gallica.bnf.fr/ark:/12148/bpt6k9756512p",
                  "emotions": [
                        "disgust"
                  ],
                  "excerpt": "L ' arsenic est d ' un gris noir , cassant et d ' une densité assez considérable ( 5 , 8 environ ) .Il est combustible , et brûle avec une flamme livide en répandant une odeur d ' ail très - prononcée .L ' arsenic se trouve ordinairement dans la nature combiné avec le fer et le soufre .",
                  "id": "7",
                  "title": "L'éducation des jeunes personnes au dix-neuvième siècle ou Manuel de préparation aux examens de l'instruction primaire et secondaire / par Eugène Delahaye,..."
            },
            {
                  "doc_url": "https://gallica.bnf.fr/ark:/12148/bpt6k28149x",
                  "emotions": [
                        "disgust"
                  ],
                  "excerpt": "P .Saveur légèrement amère et aromatique odeur très - faible .1 ' .",
                  "id": "8",
                  "title": "Manuel de matière médicale ou Description abrégée des médicamens , avec l'indication des caractères botaniques des plantes médicinales, et celle des principales préparations officinales des pharmacopées de Paris, de Londres et d'Edimbourg... par H. Milne Edwards et P. Vavasseur"
            },
            {
                  "doc_url": "https://gallica.bnf.fr/ark:/12148/bpt6k1421696z",
                  "emotions": [
                        "disgust"
                  ],
                  "excerpt": "On le reconnaît à ses rameaux buissonneux , à PLANTES SUSPECTES ses feuilles ovales , lancéolées , lisses , teintes en dessous d ’ une couleur de rouille , et aux bouquets de fleurs purpurines qui terminent ses rameaux .Ses feuilles ont une odeur vireuse et âcre : elles sont funestes aux bestiaux .Chez l ’ homme , l ’ usage de cette plante produit le tremblement , le vertige , et , à une certaine dose , amèneraient infailliblement la mort .",
                  "id": "9",
                  "title": "Les Plantes suspectes de la France, par le Dr J.-P. Des Vaulx,..."
            },
            {
                  "doc_url": "https://gallica.bnf.fr/ark:/12148/bpt6k54463711",
                  "emotions": [
                        "surprise",
                        "disgust",
                        "embarrassment"
                  ],
                  "excerpt": "Qu ' est - ce que c ' était que ces femmes ? quel bouge de banlieue , où les filles , hideuses d ' être déshabillées , un reste de cigare , mâché , aux lèvres , s ' accoudent à la table des maçons blancs de plâtre , les avait lâchées ? Par quelle aberration enviaient - elles , monstrueuses , de s ' offrir aux yeux , bras nus , seins nus , et le maillot collé aux cuisses , dans la splendeur flambante des satins et des brocarts , sous la transparence des gazes lamées d ' or ? Faustin Laveleyne , que hantait le rêve de la pure forme , les considérait , sans parole , avec une surprise épouvantée .Mais , en même temps , sans qu ' il pût s ' en défendre , un trouble l ' envahissait , lui mettait une humidité aux lèvres , une chaleur sous les yeux , à cause de toute cette feminilité , là , si proche , en tas , offrant de la nudité plus nue par la vulgarité et le débraillement de l ' habit , éjectant , de la nuque et de l ' aisselle , des odeurs non des parfums , écoeurante certes , mais hypersexualisée par sa crapule même .Ce n ' est pas à la beauté que s ' échauffe la brute virile obscurément tapie en l ' homme le plus chaste : la bassesse des concupiscences s ' allume et s ' exaspère - 28 LA FËMMK - KNFANT à ce qui lui ressemble ; au dégoût dont Laveleync était plein jusqu ' au vomissement , s ' ajoutait le malaise des mauvais désirs .",
                  "id": "10",
                  "title": "La femme-enfant : roman contemporain / Catulle Mendès"
            },
            {
                  "doc_url": "https://gallica.bnf.fr/ark:/12148/bpt6k6344149v",
                  "emotions": [
                        "disgust",
                        "nervousness"
                  ],
                  "excerpt": "Mais , soit parce que vous êtes enrhumé , soit par tout autre motif , vous ne sentez rien .L ' idée vous vient que votre odorat est altéré .Vous essayez de nouveau : vous persistez à vouloir sentir et kvous n ' y parvenez pas .",
                  "id": "11",
                  "title": "Précis d'auto-suggestion volontaire / par le Dr Géraud Bonnet,..."
            },
            {
                  "doc_url": "https://gallica.bnf.fr/ark:/12148/bpt6k9621765w",
                  "emotions": [
                        "surprise",
                        "disgust"
                  ],
                  "excerpt": "C ' est pour qu ' on les attrape et qu ' on les pique sur du carton avec des épingles .L ' oiseau bleu , Alexandre , personne ne l ' a jamais vu , pas même moi ! Les souris ne seront jamais des chevaux gris , pommelé , mais de vilaines bêtes qui sentent mauvais , et qui d ' ailleurs iront se faire prendre dans une souricière .Et la citrouille , je * • t ' ai dit que d ' un coup de baguette on en ferait un carrosse ? Ce n ' est pas vrai .",
                  "id": "12",
                  "title": "Une Enfant terrible... 2e édition / Mme Charlotte Chabrier-Rieder"
            },
            {
                  "doc_url": "https://gallica.bnf.fr/ark:/12148/bpt6k6538670f",
                  "emotions": [
                        "disgust"
                  ],
                  "excerpt": "Je me fis ouvrir la seconde comme la première .A peine l ' escalier de service fût - il ainsi mis en vue , qu ' une odeur suffocante de lieux d ' aisance me fit reculer .Ici encore , c ' était un cabinet secret , d ' une tenue négligée et à l ' usage des domestiques , qui exhalait un méphitisme d ' autant plus concentré qu ' en raison du froid toutes les issues avaient été closes .",
                  "id": "13",
                  "title": "[Archives de tocologie des maladies des femmes et des enfants nouveau-nés]"
            },
            {
                  "doc_url": "https://gallica.bnf.fr/ark:/12148/bpt6k5810121q",
                  "emotions": [
                        "disgust",
                        "boredom"
                  ],
                  "excerpt": "L .Acore aromatique .Tiges .",
                  "id": "14",
                  "title": "Traité de pharmacologie, de l'art de formuler, de matière médicale et de toxicologie, par C.-P. Galtier,... 1re partie..."
            },
            {
                  "doc_url": "https://gallica.bnf.fr/ark:/12148/bpt6k14221813",
                  "emotions": [
                        "grief",
                        "disgust",
                        "fear",
                        "nervousness"
                  ],
                  "excerpt": "Une haleine fraîche remue Les mousses et les sentiers .Elle monte , frissonne et nous apporte , O volupté ! dans ses replis mouillés , L ’ odeur âcre des feuilles mortes .Ces feuilles suintent la mort .",
                  "id": "15",
                  "title": "Poëmes. Sous les yeux de la mort. La Source et le ciel / Georges Audibert"
            },
            {
                  "doc_url": "https://gallica.bnf.fr/ark:/12148/bpt6k56522412",
                  "emotions": [
                        "disgust",
                        "courage"
                  ],
                  "excerpt": "Aux stations , presque toutes éloignées des hameaux desservis , des femmes , des enfants attendent .Leur teint pâle , leurs yeux brillants , cernés de mauve , dénoncent une atmosphère dangereuse .De loin en loin , une opulente végétation d ' aubes , de peupliers , de saules , de pins sylvestres cache un mas , ou bien un de ces grands domaines rustiques assez communs en Camargue , et auxquels , par contraste , le grand vide clair autour d ' eux donne un relief , Une allure de château .",
                  "id": "16",
                  "title": "Miéjour : paysages du Rhône, Dauphiné, Languedoc, Provence, villes sous le vent, Valence, Orange, Montélimar, Avignon, Tarascon, Arles, Marseille, etc. / Félix Grégoire ; préface de Maurice Faure,... ; illustrations du peintre Cornillon-Barnave ; frontispice de Morice Viel"
            },
            {
                  "doc_url": "https://gallica.bnf.fr/ark:/12148/bpt6k9781368n",
                  "emotions": [
                        "disgust"
                  ],
                  "excerpt": "Le charançon et la calandre , insectes très - nuisibles au blé , sont aussi très - difficiles à détruire ; on propose les moyens suivants : Placer dans le grenier à blé quatre ou cinq poignées de chanvre ayant encore son chènevis dans les balles , fraîchement récolté ; l ' odeur pénétrante du chanvre frais fait fuir le charançon des lieux où il a été déposé .En peignant avec du goudron , provenant des fabriques de gaz , les parois intérieures du grenier à blé , son odeur pénétrante doit aussi faire fuir ces insectes .Une découverte récente indique un nouveau procédé pour détruire les charançons .",
                  "id": "17",
                  "title": "Cours d'agriculture, de viticulture et de jardinage dédié aux élèves de l'asile agricole de Cernay / par Mathieu Risler, père"
            },
            {
                  "doc_url": "https://gallica.bnf.fr/ark:/12148/bpt6k9744939t",
                  "emotions": [
                        "disgust"
                  ],
                  "excerpt": "Comme nous le verrons par la suite , cette huile a des propriétés très voisines - de l ' huile retiree du lard ! de l ' animal et on a pris l ' habitude , dans le comm - erce , d ' e les mélanger et de les vendre sous le nom d ' huile , de sparmacéti .Enfin , on avait coutume , après avoir enlevé le lard et le contenu ae la cavité crânienne , d ' abandonner au large ces énormes cadavres en putréfaction qui répandaient une odeur épouvantable .Des raisons d ' hygiène et d ' économie ont poussé les armateurs à les utiliser avant que la décomposition ne soit trop avancée .",
                  "id": "18",
                  "title": "Bulletin des matières grasses"
            },
            {
                  "doc_url": "https://gallica.bnf.fr/ark:/12148/bpt6k31308d",
                  "emotions": [
                        "disgust"
                  ],
                  "excerpt": "Le phénol se rencontre , d ' ailleurs , parmi les produits de la distillation sèche d ' une foule de substances tirées du règne animal et végétal .Ce corps cristallise en gros prismes incolores , fusibles à 57 ° , 5 il a une odeur pénétrante st < ! yeHe ~ ' s , une saveur brûlante , et bout entre 182 ° et 185 ° .Il se liquéfie bien au - dessous de son point de fusion quand on y ajoute une petite quantité d ' eau .",
                  "id": "19",
                  "title": "Traité d'analyse chimique appliquée à la physiologie et à la pathologie : guide pratique pour les recherches cliniques / par F. Hoppe-Seyler,... ; trad. de l'allemand sur la 4e éd. et annoté par F. Schlagdenhauffen,..."
            },
            {
                  "doc_url": "https://gallica.bnf.fr/ark:/12148/bpt6k28149x",
                  "emotions": [
                        "disgust"
                  ],
                  "excerpt": "P .Racines allongées , compactes , cassantes , irrégulièrement contournées , de la grosseur d ' une plume d ' oie offrant des étranglemens circulaires h ' ès - prolonds et très - rapprochés , ce qui a fait donner à cette espèce d ~ ipécacuanha , le nom d ~ ~ K ~ / c j d ' une couleur brune , quelquefois grise ourougeatre ; d ' une odeur faible mais désagréable ; d ' une saveur amerc , acre et nauséeuse .Elles sont formées d ' une partie corticale dont la cassure est brunâtre et résineuse , et d ' un méditullium fibreux , d ' une coulenr jautiatre moins sapide et moins odorant .",
                  "id": "20",
                  "title": "Manuel de matière médicale ou Description abrégée des médicamens , avec l'indication des caractères botaniques des plantes médicinales, et celle des principales préparations officinales des pharmacopées de Paris, de Londres et d'Edimbourg... par H. Milne Edwards et P. Vavasseur"
            }
      ]
}