{
      "articles": [
            {
                  "doc_url": "https://gallica.bnf.fr/ark:/12148/bpt6k6423213z",
                  "emotions": [
                        "disgust"
                  ],
                  "excerpt": ", répand , a sa maturité , une odeur d ' une fétidité extrême , qui se fait sentir au loin et qui attire les mouches , comme le ferait la chair corrompue ; le Clathre grillé , Clathrus cancellatus , Lin ., a une odeur plus repoussante encore .Le principe odorant de la plupart des champignons est volatil ; il se dissipe en grande partie par la dessiccation .",
                  "id": "1",
                  "title": "Les champignons : histoire, description, culture, usages des espèces comestibles, vénéneuses, suspectes employées dans les arts, l'industrie, l'économie domestique, la médecine (4e édition revue et augmentée) / par F.-S. Cordier,..."
            },
            {
                  "doc_url": "https://gallica.bnf.fr/ark:/12148/bpt6k9819810z",
                  "emotions": [
                        "disgust"
                  ],
                  "excerpt": "Appelée aussi brède aux colonies où l ' on mange les feuilles comme celles des épinards .Odeur nauséabonde corrigée par la cuisson .Elle est sédative et narcotique , employée avec succès dans les cardialgies , les tranchées et les douleurs occasionnées par les ulcères rongeants , les cancers en ulcération , les brûlures profondes .",
                  "id": "2",
                  "title": "La Guadeloupe : renseignements sur l'histoire, la faune, la flore, la géologie, la minéralogie, l'agriculture, le commerce, l'industrie, la législation, l'administration. Tome 1 / Jules Ballet,..."
            },
            {
                  "doc_url": "https://gallica.bnf.fr/ark:/12148/bpt6k9819810z",
                  "emotions": [
                        "disgust"
                  ],
                  "excerpt": "Tige haute d ' environ deux à trois pieds , faible , rameuse , se courbant sous le poids des fruits .Feuilles ailées avec une impaire , à folioles découpées , glabres , vertes , d ' une odeur désagréable .Fleurs à sept divisions peu profondes , larges et aiguës , calice divisé en sept parties , cilié sur les bords ainsi que les pédoncules .",
                  "id": "3",
                  "title": "La Guadeloupe : renseignements sur l'histoire, la faune, la flore, la géologie, la minéralogie, l'agriculture, le commerce, l'industrie, la législation, l'administration. Tome 1 / Jules Ballet,..."
            },
            {
                  "doc_url": "https://gallica.bnf.fr/ark:/12148/bpt6k6423213z",
                  "emotions": [
                        "disgust"
                  ],
                  "excerpt": "Il sera donc prudent de s ' en abstenir .Sa chair est ferme , consistante , blanche , ne changeant pas de couleur au contact de l ' air ; sa saveur acre , amère , nauséeuse ; son odeur faible .Il se pèle difficilement , et on peut détacher les feuillets du chapeau sans les rompre .",
                  "id": "4",
                  "title": "Les champignons : histoire, description, culture, usages des espèces comestibles, vénéneuses, suspectes employées dans les arts, l'industrie, l'économie domestique, la médecine (4e édition revue et augmentée) / par F.-S. Cordier,..."
            },
            {
                  "doc_url": "https://gallica.bnf.fr/ark:/12148/bpt6k58593308",
                  "emotions": [
                        "disgust",
                        "relief"
                  ],
                  "excerpt": "Des auteurs écrivent aromat ; mais le bel issage , Sc le grand usage est pour aromate avec un E à Ia fin .C ' est tout ce qui a une senteur agréable Sc odoriférante .( Un doux aromate , un bon aromate , un excellent , un charmant aromate .",
                  "id": "5",
                  "title": "Dictionnaire françois, contenant généralement tous les mots tant vieux que nouveaux et plusieurs remarques sur la langue françoise,... par Pierre Richelet..."
            },
            {
                  "doc_url": "https://gallica.bnf.fr/ark:/12148/bpt6k6423213z",
                  "emotions": [
                        "disgust",
                        "annoyance"
                  ],
                  "excerpt": "Ce champignon vient ordinairement en petites touffes , dans les bois , dans les champs .Il a une odeur de radis , une saveur légèrement amère , désagréable .Il est malfaisant , dit Ivickx .",
                  "id": "6",
                  "title": "Les champignons : histoire, description, culture, usages des espèces comestibles, vénéneuses, suspectes employées dans les arts, l'industrie, l'économie domestique, la médecine (4e édition revue et augmentée) / par F.-S. Cordier,..."
            },
            {
                  "doc_url": "https://gallica.bnf.fr/ark:/12148/bpt6k6345844h",
                  "emotions": [
                        "disgust"
                  ],
                  "excerpt": "D ' ailleurs il semble prendre un véritable plaisir à sa besogne de destruction et ne manque pas de sacrifier tous les êtres vivants qui tombent en sa possession , même quand il est repu de sang ; il opère avec une telle dextérité que ses victimes sont tuées sur le coup , avant de s ' être douté du sort qui les menaçait .Le putois exhale une odeur répugnante qui se dégage plus facilement quand l ' animal est blessé ou irrité ; elle s ' attache pendant longtemps aux objets qui se sont trouvés en contact avec lui .La fourrure du putois se compose de deux parties : l ' une courte et laineuse , de couleur claire , destinée à le protéger contre le froid et l ' humidité ; l ' autre formée de longs poils bruns , raides et brillants ; la teinte générale varie suivant que l ' une ou l ' autre sorte est plus apparente .",
                  "id": "7",
                  "title": "Album de l'histoire naturelle. Les Mammifères..."
            },
            {
                  "doc_url": "https://gallica.bnf.fr/ark:/12148/bpt6k111671b",
                  "emotions": [
                        "disgust"
                  ],
                  "excerpt": "L ' origine du nom de Chicago manque de poésie .Les soldats du poste qui se trouvait là cultivaient force ail et oignons dans leurs petits jardins ' les Indiens qui venaient leur rendre visite , en sentant les émanations de ces plantes , s ' écriaient ; en se bouchant le nez Chicago Chicago ce qui signifie en langue indienne Cela sent très - mauvais .La grimace des naturels en respirant cette odeur amusait beaucoup les Yankees , et ils ont donné ce nom à leur ville .",
                  "id": "8",
                  "title": "A travers l'Amérique, le Far-West / par Mme Olympe Audouard"
            },
            {
                  "doc_url": "https://gallica.bnf.fr/ark:/12148/bpt6k318630x",
                  "emotions": [
                        "disgust"
                  ],
                  "excerpt": "La Famine au » teint pale et livide vous tendra ses bras décharnés .L ' air de vos » plus belles cités sera rempli d ’ une odeur fétide et nauséabonde qui » vous donnera la mort que les autres fléaux ne vous auront pas » donnée .» Tous riez démon Dieu , lumières du 19 e siècle ! malheur à » vous quand il rira à son tour ! Vous bravez sa puissance , il » brisera la vôtre , et vous séchera comme l ’ herbe fanée à » l ’ ardeur du soleil ! » » Pour loi et pour tous ceux qui craignent le Seigneur , priez toujours ; mais surtout priez d ’ esprit .",
                  "id": "9",
                  "title": "La Voix de la Septaine, à la gloire du Père, du Fils et du Saint-Esprit et à la gloire de la Vierge immaculée pure et sans tache... [t. I]"
            },
            {
                  "doc_url": "https://gallica.bnf.fr/ark:/12148/bpt6k3040532c",
                  "emotions": [
                        "disgust",
                        "annoyance"
                  ],
                  "excerpt": ") — Originaire du Japon , ce curieux arbrisseau ; véritable buisson d ’ épines , présente des feuilles trifoliées et non unifoliées comme chez les autres Agrumes , des fleurs blanches , rosacées , grandes ( mars - mai ) , des fruits non comestibles , globuleux , plus ou moins côtelés , jaune pâle , de la grosseur d ’ une pomme d Api et mûrissant en automne .Leur écorce granuleuse , exhale une odeur de citron mêlée à une odeur fétide ; la pulpe est amère et désagréable .Susceptible de croître dans tous les terrains et d ’ une rusticité à toute épreuve , le Citrus triptera endure dans nos contrées les plus grands froids .",
                  "id": "10",
                  "title": "Les cultures sur le littoral de la Méditerranée : Provence, Ligurie, Algérie / Dr Émile Sauvaigo,... ; introduction par Ch. Naudin,..."
            },
            {
                  "doc_url": "https://gallica.bnf.fr/ark:/12148/bpt6k5687550f",
                  "emotions": [
                        "disgust"
                  ],
                  "excerpt": "Au Sénégal , il existe un grand carabique , une ànthia , l ' Anthia Nimrod ; assez commune dans les parties sablonneuses de cette contrée , elle est toutefois assez rare dans les bois du Diankine , aux environs du poste de Thiès , que j ' habitais .Un jour pourtant , me trouvant à la chasse , je pus saisir un de ces insectes qui traversait rapidement le sentier que je suivais , et au moment où je le plongeais dans un flacon tout préparé pour ces sortes de récoltes et que je portais toujours avec moi , il laissa tomber sur mes doigts quelques gouttes d ' une liqueur à odeur pénétrante , fétide , nauséabonde , de couleur près - — 28 — que noire .Je n ' y pris pas garde et je portai sans doute un moment après au visage , et sans y faire attention , ma main ainsi souillée .",
                  "id": "11",
                  "title": "Étude sur les insectes vésicants en général, et essai sur quelques espèces exotiques en particulier / par Louis Aubert,..."
            },
            {
                  "doc_url": "https://gallica.bnf.fr/ark:/12148/bpt6k6423213z",
                  "emotions": [
                        "disgust"
                  ],
                  "excerpt": "Ce champignon croît presque à la surface du sol , dans les bois et les friches , surtout dans les terrains sablonneux .Son odeur nauséabonde n ' empêche pas quelques personnes de l ' employer comme aliment .Les sangliers en sont trèsavides .",
                  "id": "12",
                  "title": "Les champignons : histoire, description, culture, usages des espèces comestibles, vénéneuses, suspectes employées dans les arts, l'industrie, l'économie domestique, la médecine (4e édition revue et augmentée) / par F.-S. Cordier,..."
            },
            {
                  "doc_url": "https://gallica.bnf.fr/ark:/12148/bpt6k54889972",
                  "emotions": [
                        "disgust"
                  ],
                  "excerpt": "— Croûte épaisse sur le plancher , à droite , et en arrière , à gauche .Odeur ozénateuse .On prescrit au malade des irrigations phéniquées .",
                  "id": "13",
                  "title": "Revue internationale de rhinologie, otologie & laryngologie"
            },
            {
                  "doc_url": "https://gallica.bnf.fr/ark:/12148/bpt6k6568781d",
                  "emotions": [
                        "disgust",
                        "fear"
                  ],
                  "excerpt": "avons procédé à l ' exhumation d ' un cadavre qui était déposé depuis trente - deux jours dans la terre .A peine le cercueil fut - il ouvert , qu ' il s ' en exhala une odeur horriblement fétide .L ' identité n ' ayant pu être reconnue que plusieurs heures après , on le transporta dans une salle où il fut rapidement dépouillé de son linceul : trois pintes d ' eau contenant un huitième de chlorure de chaux furent versées sur le corps qui fut à l ' instant désinfecté .",
                  "id": "14",
                  "title": "Manuel de médecine légale à l'usage des jurés, des avocats et des officiers de santé / par A. Brierre de Boismont,... ; annoté par M. Orfila,..."
            },
            {
                  "doc_url": "https://gallica.bnf.fr/ark:/12148/bpt6k992866c",
                  "emotions": [
                        "disgust"
                  ],
                  "excerpt": "Sitôt , le bel univers entrevu chavire , s ’ effondre ; c ’ est un désordre d ’ images inextricable ; la vase se répand partout , projette sur tout ses macules boueuses : les coassements des bêtes atteintes se perçoivent de la profondeur , grenouilles , salamandres , crapauds , toutes les visqueuses créatures sortent vêtues de boue , lançent au soleil un regard craintif et replongent dans la vase .La petite mare à l ’ aspect innocent n ’ est plus qu ’ un cloaque dont le cadre fleuri accentue la hideur .Comment d ’ une si séduisante chose peut - il sortir tant d ’ horreurs ? Quel regret j ’ ai maintenant , Madame , de vous l ’ avoir si imprudemment comparée ! .",
                  "id": "15",
                  "title": "La Quinzaine indépendante : revue littéraire"
            },
            {
                  "doc_url": "https://gallica.bnf.fr/ark:/12148/bpt6k65435784",
                  "emotions": [
                        "disgust"
                  ],
                  "excerpt": "Elle étoit dans un état à ne devoir rien faire espérer .Tout son corps offroit l ' aspect d ' une croûte irrégulièrement fendue ou excavée , exhalant une odeur insupportable .La respiration étoit laborieusement précipitée ; la voix manquoit ; les yeux étoient caves , etc .",
                  "id": "16",
                  "title": "Nouveaux éléments de thérapeutique et de matière médicale. Tome 2 / , suivi d'un nouvel essai sur l'art de formuler ; par J.-L. Alibert,... Seconde édition, revue, corrigée et augmentée"
            },
            {
                  "doc_url": "https://gallica.bnf.fr/ark:/12148/bpt6k65435784",
                  "emotions": [
                        "disgust"
                  ],
                  "excerpt": "Lorsqu ' elle me consulta , le cancer étoit ouvert , et l ' ulcère s ' étendoit sur tout le sein jusqu ' à la région épigastrique , et jusque vers la partie laterale et postérieure du thorax ; il étoit parsemé de gros tubercules , et toute sa surface étoit recouverte d ' un enduit blanchâtre .La suppuration avoit une odeur repoussante ; les bords étoient comme déchirés ; les parties environnantes étoient livides , dures , ridées , et les veines environnantes variqueuses .La malade souffroit des douleurs si atroces , qu ' elle ne pouvoit rien supporter sur la plaie , pas même les topiques les plus doux .",
                  "id": "17",
                  "title": "Nouveaux éléments de thérapeutique et de matière médicale. Tome 2 / , suivi d'un nouvel essai sur l'art de formuler ; par J.-L. Alibert,... Seconde édition, revue, corrigée et augmentée"
            },
            {
                  "doc_url": "https://gallica.bnf.fr/ark:/12148/bpt6k62187923",
                  "emotions": [
                        "disgust"
                  ],
                  "excerpt": "De couleur pourpre , elle flatte les yeux ; mais son odeur vireuse la rend repoussante à l ' odorat .On retire un extrait aqueux de la fleur et des racines , qui sont elles - mêmes d ' une saveur amère , extrêmement forte et désagréable .Les semences , qui sont inodores , contiennent de l ' huile et de la fécule , qui est même assez abondante dans les racines pour qu ' on puisse en extraire de l ' amidon .",
                  "id": "18",
                  "title": "Manuel de l'amidonnier et du vermicellier , auquel on a joint tout ce qui est relatif à la fabrication des produits obtenus avec la pomme de terre, les marrons d'Inde, les châtaignes et toutes les autres plantes connues pour contenir quelque substance amilacée ou féculente. Par M. Morin"
            },
            {
                  "doc_url": "https://gallica.bnf.fr/ark:/12148/bpt6k6423213z",
                  "emotions": [
                        "disgust"
                  ],
                  "excerpt": "aurantius est un champignon de taille moyenne qui vient tard dans les bois de sapins .Il exhale une odeur forte , nauséabonde , analogue à celle de l ' huile de ricin .Son goût est un peu âcre et amer .",
                  "id": "19",
                  "title": "Les champignons : histoire, description, culture, usages des espèces comestibles, vénéneuses, suspectes employées dans les arts, l'industrie, l'économie domestique, la médecine (4e édition revue et augmentée) / par F.-S. Cordier,..."
            },
            {
                  "doc_url": "https://gallica.bnf.fr/ark:/12148/bpt6k96395864",
                  "emotions": [
                        "disgust"
                  ],
                  "excerpt": "Là encore , le mal reste habituellement localisé à l ' infiltration plastique du chancre proprement dit .La teinte devient livide , jaunâtre , la surface se creuse , les bords se taillent , l ' aspect est sanieux , la sécrétion particulièrement odorante .L ' extension consécutive est possible , mais bien rare .",
                  "id": "20",
                  "title": "Précis des maladies vénériennes / par V. Augagneur,... M. Carle,..."
            }
      ]
}