{
      "articles": [
            {
                  "doc_url": "https://gallica.bnf.fr/ark:/12148/bpt6k58173205",
                  "emotions": [
                        "disgust",
                        "fear",
                        "nervousness"
                  ],
                  "excerpt": "- ' La poix résine est en pains jaunes , opaques et fragiles .Elle a une cassure vitreuse et une odeur - très - faible ; elle se ramollit dans les doigts .— 868 .",
                  "id": "1",
                  "title": "Histoire abrégée des drogues simples. Tome 2 / , par N.-J.-B.-G. Guibourt,... Seconde édition, corrigée et augmentée"
            },
            {
                  "doc_url": "https://gallica.bnf.fr/ark:/12148/bpt6k58078975",
                  "emotions": [
                        "disgust",
                        "annoyance"
                  ],
                  "excerpt": "On utilise ses racines , ses sommités , ses cônes .Ces cônes dégagent une odeur forte et vireuse et laissent une amertume très persistante au goût .On y découvre une matière astringente âpre , de la chlorophylle , de la gomme .",
                  "id": "2",
                  "title": "Homéopathie complexe : théorique et pratique (4e édition revue et augmentée) / Dr A. Marçais"
            },
            {
                  "doc_url": "https://gallica.bnf.fr/ark:/12148/bpt6k6325575g",
                  "emotions": [
                        "disgust",
                        "annoyance"
                  ],
                  "excerpt": "Odeur d ' enfermé .Odeur désagréable qu ' exhale une chose qui a été longtemps renfermée , ou dans un mauvais air .Aco sente l ' estu : cela sent l ' enfermé .",
                  "id": "3",
                  "title": "Dictionnaire provençal-français : contenant tous les termes insérés et ceux omis dans les dictionnaires provencaux publiés à ce jour... ; suivi d'un Vocabulaire français-provençal... / par J.-T. Avril"
            },
            {
                  "doc_url": "https://gallica.bnf.fr/ark:/12148/bpt6k61491970",
                  "emotions": [
                        "disgust"
                  ],
                  "excerpt": "Vomissement , , de mucosités vertes , avec soif , ( id .) Vomissement de mucosités d ' odeur aigre .( Id .",
                  "id": "4",
                  "title": "Traité de matière médicale, ou de l'Action pure des médicaments homoeopathiques. Tome 3 / par Samuel Hahnemann... ; avec des tables proportionnelles de l'influence que diverses circonstances exercent sur cette action, par C. Boenninghausen ; trad. de l'allemand par A.-J.-L. Jourdan,..."
            },
            {
                  "doc_url": "https://gallica.bnf.fr/ark:/12148/bpt6k901003",
                  "emotions": [
                        "disgust",
                        "anger"
                  ],
                  "excerpt": "C ' e ~ t une huile inodore , incolore , msiptJc , ( aihtpttteMt acide qui cristallise à - { - et ne fond qu ' à + i4 ° c .Aa contact de t ' atf , tt absorbe rajMdement de t ' oxygeae , jaunit , prend alors une odeur acre et rancit .Dans les mêmes conditions , t ' adde ÈMqae absorbe t ' oxygëae avec plus d ' éoeFgfe encore , et se change en une Fe ~ me incolore .",
                  "id": "5",
                  "title": "Éléments de chimie organique, ou asynthétique (2e partie) / par le Dr Sacc,..."
            },
            {
                  "doc_url": "https://gallica.bnf.fr/ark:/12148/bpt6k113389b",
                  "emotions": [
                        "grief",
                        "sadness",
                        "disgust",
                        "envy",
                        "despair",
                        "disappointment"
                  ],
                  "excerpt": "palpe enfin quelque chose de réel .Mys - 1ère profond Défaite du rêve Abdication de la splendeur des créations de l ' esprit en faveur du plus abject morceau de viande , mais vivant De ce que cette femme éprouva , vous pensez bien que je ne vais pas vous entretenir cela lui est bien égal Quand le démon qui gonfle la misérable chair de l ' homme se fut écoulé de son corps , le chevalier sentit dans sa bouche un goût plus amer que s ' il avait mangé des excréments il eut des nausées et vomit .Puis il pleura abondamment et voulut retourner dans son lit .",
                  "id": "6",
                  "title": "La leçon d'amour dans un parc : roman / René Boylesve"
            },
            {
                  "doc_url": "https://gallica.bnf.fr/ark:/12148/bpt6k209778g",
                  "emotions": [
                        "disgust",
                        "embarrassment"
                  ],
                  "excerpt": "S ' il prenait un chat part la queue , il sentait comme un coup sur la main .Presque ' toutes odeurs lui étaient désagréables ; il les distinguait à i une grande distance ; quand il passait près d ' un cimetière , l ' odeur qui s ' en exhalait et n ' était nuisible que pour lui seul , lui donnait un accès denèvre ; le parfum d ' une rose le faisait évanouir .Quelques magnétiseurs ont prôné les vertus de la baguette divinatoire .",
                  "id": "7",
                  "title": "Dictionnaire des ménages : répertoire de toutes connaissances usuelles, encyclopédie des villes et des campagnes. T. 2 / par Anthony Dubourg,..."
            },
            {
                  "doc_url": "https://gallica.bnf.fr/ark:/12148/bpt6k63573668",
                  "emotions": [
                        "disgust",
                        "disapproval"
                  ],
                  "excerpt": "* FETËO , ÈRE , puer : [ R .Puteo : selon Peiotto il viendrait de Fetus , et signifierait , être dégoûtant et puant comme un fœtus ] .De là : fetidus , puant , FÉTIDE .",
                  "id": "8",
                  "title": "Introduction à la langue latine au moyen de l'étude de ses racines et de ses rapports avec le français / par l'abbé Bondil"
            },
            {
                  "doc_url": "https://gallica.bnf.fr/ark:/12148/bpt6k58173205",
                  "emotions": [
                        "disgust"
                  ],
                  "excerpt": "Cette plante appartient à la polyandrie trigynie et à la famille des renonculacées ; son fruit est une capsule triangu7 laire qui contient des semences grises , ridées , d ' une forme anguleuse irrégulière , et renfermant une amande blanche et huileuse .L ' amande et Pécorce ont une odeur désagréable et une saveur acre insupportable .La Staphisaigre est un poison à l ' intérieur .",
                  "id": "9",
                  "title": "Histoire abrégée des drogues simples. Tome 2 / , par N.-J.-B.-G. Guibourt,... Seconde édition, corrigée et augmentée"
            },
            {
                  "doc_url": "https://gallica.bnf.fr/ark:/12148/bpt6k57155074",
                  "emotions": [
                        "disgust"
                  ],
                  "excerpt": "de ) .Un peu de mauvaise odeur .2 0 févr .",
                  "id": "10",
                  "title": "Le nouveau manuel des conseillers de préfecture. Tome 1 / par M. Brun,..."
            },
            {
                  "doc_url": "https://gallica.bnf.fr/ark:/12148/bpt6k5804250r",
                  "emotions": [
                        "disgust"
                  ],
                  "excerpt": "— Allons , mon petit ami , dit - elle , bois vite .La médecine avait une odeur désagréable .Edouard crut d ' abord qu ' il ne pourrait pas la boire ; mais il dit en son coeur : « 0 mon Dieu ! aide - moi à faire ta volonté , et non pas la mienne .",
                  "id": "11",
                  "title": "Récits d'une amie des enfants"
            },
            {
                  "doc_url": "https://gallica.bnf.fr/ark:/12148/bpt6k1416035g",
                  "emotions": [
                        "disgust"
                  ],
                  "excerpt": "Les elfets de cette maladie , dont si peu de femmes des grandes villes sont indemnes , sont aussi répugnants que tristes .Au lieu du sang rouge et pur , sans aucune odeur , qu ' émettent chaque mois les ovaires d ’ une femme saine , il vient du sang d ’ une teinte plus foncée , comme déjà corrompu ; puis , il se délaie et cesse bientôt pour être remplacé par du pus blanchâtre , épais , fdant , à l ’ odeur fétide , corrosif et douloureux pour les , parties secrètes qu ' il louche .Si à cet état se joint une propreté insuflisante , la femme atteinte de leucorrhée devient un objet de dégoût et de répulsion .",
                  "id": "12",
                  "title": "Nouveau secrétaire guide des amoureux. Encyclopédie de l'amour,..."
            },
            {
                  "doc_url": "https://gallica.bnf.fr/ark:/12148/bpt6k58173205",
                  "emotions": [
                        "disgust",
                        "disapproval"
                  ],
                  "excerpt": "On doit le choisir bien blanc , léger , sec , non ligneux , spongieux et pulvérulent - , d ' une saveur douceâtre devenant bientôt d ' une amertume et d ' une âcreté considérables ; il irrite fortement la gorge lorsqu ' on le pul - - vérise ; il est inodore .L ' agaric blanc est un purgatif drastique et hydragogue .M .",
                  "id": "13",
                  "title": "Histoire abrégée des drogues simples. Tome 2 / , par N.-J.-B.-G. Guibourt,... Seconde édition, corrigée et augmentée"
            },
            {
                  "doc_url": "https://gallica.bnf.fr/ark:/12148/bpt6k58078975",
                  "emotions": [
                        "disgust"
                  ],
                  "excerpt": "Sa racine seule est utilisée .Cette racine dégage « ne odeur forte , nauséeuse , que les chats recherchent : elle DBS MÉDICAMENTS 88 laisse une saveur acre et amère en raison d ' une huile volatile ; son principal principe actif , l ' acide valérianique découvert par Pinter .Cet acide est liquide , oléagineux , d ' odeur désagréable , se dissout dans 30 parties d ' eau mais est soluble en toutes proportions dans l ' alcool et l ' éther .",
                  "id": "14",
                  "title": "Homéopathie complexe : théorique et pratique (4e édition revue et augmentée) / Dr A. Marçais"
            },
            {
                  "doc_url": "https://gallica.bnf.fr/ark:/12148/bpt6k57155074",
                  "emotions": [
                        "disgust",
                        "annoyance"
                  ],
                  "excerpt": "du feu .Engraisflcs dépôts de matières pro - Odeur très - désagréable et insalubr .1 9 févr .",
                  "id": "15",
                  "title": "Le nouveau manuel des conseillers de préfecture. Tome 1 / par M. Brun,..."
            },
            {
                  "doc_url": "https://gallica.bnf.fr/ark:/12148/bpt6k6325575g",
                  "emotions": [
                        "disgust",
                        "disapproval",
                        "greed"
                  ],
                  "excerpt": "Lou fumiè sente : le fumier pue .Peissoun que sente : poisson gâté qui sent mauvais .Senti Festu : sentir le relent .",
                  "id": "16",
                  "title": "Dictionnaire provençal-français : contenant tous les termes insérés et ceux omis dans les dictionnaires provencaux publiés à ce jour... ; suivi d'un Vocabulaire français-provençal... / par J.-T. Avril"
            },
            {
                  "doc_url": "https://gallica.bnf.fr/ark:/12148/bpt6k58078975",
                  "emotions": [
                        "disgust"
                  ],
                  "excerpt": "— Renonculacée qui croît dans les bois élevés du Midi .Elle donne une fleur à odeur désagréable et nauséeuse , à saveur amère et acre .Sa racine contient de l ' amidon en assez grande quantité , oxalate de chaux , une matière grasse cristallisable , de l ' acide phosphorique et de l ' acide malique libres , phosphate de chaux , gomme et tanin .",
                  "id": "17",
                  "title": "Homéopathie complexe : théorique et pratique (4e édition revue et augmentée) / Dr A. Marçais"
            },
            {
                  "doc_url": "https://gallica.bnf.fr/ark:/12148/bpt6k57155074",
                  "emotions": [
                        "disgust",
                        "annoyance"
                  ],
                  "excerpt": "3 de classement .Sang des animaux , destiné A la fa - Odeur très - désagréable , surtout si i 0 févr .1825 .",
                  "id": "18",
                  "title": "Le nouveau manuel des conseillers de préfecture. Tome 1 / par M. Brun,..."
            },
            {
                  "doc_url": "https://gallica.bnf.fr/ark:/12148/bpt6k4221415z",
                  "emotions": [
                        "disgust"
                  ],
                  "excerpt": "Les premières font oppofées , velues ôc allez femblables à celles du Calamant .Leur odeur eft pénétrante ôc aromatique , ainfi que leur faveur qui a en même - temsde 1 acreté .Les fleurs ntaiflent au haut des tiges ± 4 8 PHARMACOPÉE où elles forment des bouquets .",
                  "id": "19",
                  "title": "Pharmacopée du collège royal des médecins de Londres. Tome 1 / , traduite de l'anglois sur la seconde édition donnée avec des Remarques, par le docteur H. Pemberton... augmentée de plusieurs notes & observations, & d'un grand nombre de procédés intéressans, avec les vertus & les doses des medicamens. Tome premier [-second]"
            },
            {
                  "doc_url": "https://gallica.bnf.fr/ark:/12148/bpt6k57527285",
                  "emotions": [
                        "disgust"
                  ],
                  "excerpt": "Réaction acide .Odeur un peu forte .Ni sucre , ni albumine .",
                  "id": "20",
                  "title": "De la Prostatectomie périnéale (étude sur 25 cas personnels), par le Dr Gabriel Faÿsse,..."
            }
      ]
}