{
      "articles": [
            {
                  "doc_url": "https://gallica.bnf.fr/ark:/12148/bpt6k930549w",
                  "emotions": [
                        "disgust"
                  ],
                  "excerpt": "La saponification s ’ accompagne du dégagement d ’ une odeur agréable , due à la * saponification d ’ un éther existant en faible quantité dans l ’ huile .Cette odeur se retrouve dans le savon .La solution du savon , traitée par l ’ acétate de magnésie , donne un savon magnésien qui , traité lui - même par l ’ alcool , abandonne 4 , 21 % de son poids d ’ une résine acide , soluble dans les alcalis .",
                  "id": "1",
                  "title": "Fabrication et raffinage des huiles végétales : manuel à l'usage des fabricants, raffineurs, courtiers et négociants en huiles (3e édition entièrement refondue) / par J. Fritsch,..."
            },
            {
                  "doc_url": "https://gallica.bnf.fr/ark:/12148/bpt6k6530225r",
                  "emotions": [
                        "disgust",
                        "pain"
                  ],
                  "excerpt": "Faites .en un onguent qui fera apliqué à 1 ulcere .ou dissout dans le vin , ou l ' eau de plantain , de pieds de rose , ou de myrtilles , qu ' on atirera fouvent par le nez , ayant la bouche pleine d ' eau .",
                  "id": "2",
                  "title": "La pratique de médecine, avec la théorie de Lazare Rivière. Tome 1 / ,... traduite... en françois par M. F. Deboze,... Nouvelle édition, revue, corrigée, sur le latin"
            },
            {
                  "doc_url": "https://gallica.bnf.fr/ark:/12148/bpt6k5543448f",
                  "emotions": [
                        "disgust",
                        "fear",
                        "doubt"
                  ],
                  "excerpt": "Aucun soleil jamais ne clore ces fronts hâves , Nul rayon ne descend en ces affreuses caves , Et n ' y jette à travers la noire humidité Un blond fil de lumière aux chauds jours de l ' été .Une odeur de prison el de maladrerie , Je ne sais quel parfum de vieille juiverjo Vous écoeure en entrant et vous saisit au nez , Des vivants comme nous sont pourtant condamnés A respirer cet air aux miasuvs méphitiques , Ainsi qu ' eu exhalaient les Avoines antiques .Les belles fleurs de mai ne s ' ouvrent pas pour eux , C ' est pour d ' autres qu ' en juin les cieux se font plus bleus ; Ils sont déshérités de toule la nature , Pour apanage ils n ' ont que fange el pourriture .",
                  "id": "3",
                  "title": "Poésies complètes. Tome 1 / Théophile Gautier ; [éditées par Maurice Dreyfous]"
            },
            {
                  "doc_url": "https://gallica.bnf.fr/ark:/12148/bpt6k6149204p",
                  "emotions": [
                        "disgust",
                        "indifference"
                  ],
                  "excerpt": "Odeur spermatique { 0 .spermaticus ) OU aphrodisiaque .Elle a pris son nom de l ' odeur que donne la liqueur spermatique des mammifères .",
                  "id": "4",
                  "title": "Traité général de botanique, par A.-N. Desvaux,..."
            },
            {
                  "doc_url": "https://gallica.bnf.fr/ark:/12148/bpt6k6149204p",
                  "emotions": [
                        "disgust"
                  ],
                  "excerpt": "L .' écorce de Cedrelea odorata sent l ' oignon pourri , le fruit du Burio zibethinus a la même odeur .7 .",
                  "id": "5",
                  "title": "Traité général de botanique, par A.-N. Desvaux,..."
            },
            {
                  "doc_url": "https://gallica.bnf.fr/ark:/12148/bpt6k6149204p",
                  "emotions": [
                        "disgust"
                  ],
                  "excerpt": "Decandolle ) .C ' est celle que donnent toutes les plantes qui croissent dans la mer , elle occasionne des soulèvements d ' estomac , la Jongermanne platyphylle donne aussi cette odeur .Observations .",
                  "id": "6",
                  "title": "Traité général de botanique, par A.-N. Desvaux,..."
            },
            {
                  "doc_url": "https://gallica.bnf.fr/ark:/12148/bpt6k6149204p",
                  "emotions": [
                        "disgust",
                        "pain"
                  ],
                  "excerpt": "Ingenhousz cite l ' exemple d ' une • jeune personne morte à Londres par les émanations des fleurs du Lis blanc , placées dans un appartement clos .Une autre périt par l ' odeur des violettes .Triller sauva une femme d ' une asphyxie par la même cause , en faisant seulement enlever les fleurs qui étaient auprès d ' elle .",
                  "id": "7",
                  "title": "Traité général de botanique, par A.-N. Desvaux,..."
            },
            {
                  "doc_url": "https://gallica.bnf.fr/ark:/12148/bpt6k6149204p",
                  "emotions": [
                        "disgust"
                  ],
                  "excerpt": "6 .odeur vanillée ( 0 .vanillosus ) .",
                  "id": "8",
                  "title": "Traité général de botanique, par A.-N. Desvaux,..."
            },
            {
                  "doc_url": "https://gallica.bnf.fr/ark:/12148/bpt6k6149204p",
                  "emotions": [
                        "disgust",
                        "boredom"
                  ],
                  "excerpt": "9 .odeur fongaeée ( 0 .fungaceus ) ou des Champignons ; on prend pour type de cette odeur celle du Champignon de couche { Agaricus campestris Bull .",
                  "id": "9",
                  "title": "Traité général de botanique, par A.-N. Desvaux,..."
            },
            {
                  "doc_url": "https://gallica.bnf.fr/ark:/12148/bpt6k6149204p",
                  "emotions": [
                        "disgust"
                  ],
                  "excerpt": "2 .odeur musquée ( 0 .moschatus ) ou ambrée .",
                  "id": "10",
                  "title": "Traité général de botanique, par A.-N. Desvaux,..."
            },
            {
                  "doc_url": "https://gallica.bnf.fr/ark:/12148/bpt6k6149204p",
                  "emotions": [
                        "disgust"
                  ],
                  "excerpt": "pi cotte , échauffe .V amère aromatique , pique , tend : , ésïbalsamique ..",
                  "id": "11",
                  "title": "Traité général de botanique, par A.-N. Desvaux,..."
            },
            {
                  "doc_url": "https://gallica.bnf.fr/ark:/12148/bpt6k6149204p",
                  "emotions": [
                        "disgust"
                  ],
                  "excerpt": "moschatus ) ou ambrée .Le musc est le type de cette odeur ., qui a été remarquée dans plusieurs végétaux à un degré plus ou moins prononcé et avec des modifications plus ou moins manifestes .",
                  "id": "12",
                  "title": "Traité général de botanique, par A.-N. Desvaux,..."
            },
            {
                  "doc_url": "https://gallica.bnf.fr/ark:/12148/bpt6k938780p",
                  "emotions": [
                        "disgust"
                  ],
                  "excerpt": "Il cristallise en octaèdres plus ou moins réguliers , qui le plus souvent se réunissent et se disposent les uns à côté des autres , sous l ’ apparence de barbes de plume ; il est incolore , transparent et il a une certaine flexibilité .Il répand une odeur d ’ ammoniaque quand on le triture avec de la chaux ; sa saveur est fraîche , très piquante et uri - neuse .Il est soluble dans l ’ eau et un peu soluble dans l ’ alcool .",
                  "id": "13",
                  "title": "Manuel du négociant pour la connaissance des marchandises, ou Traité précis des diverses productions du globe répandues dans le commerce... suivi d'un vocabulaire raisonné de termes employés dans le commerce et des tares et usages pour les marchandises sur la place du Havre, par Éd. Duboc"
            },
            {
                  "doc_url": "https://gallica.bnf.fr/ark:/12148/bpt6k675983z",
                  "emotions": [
                        "disgust",
                        "fear"
                  ],
                  "excerpt": "Lachair des grives nourries de baies de nerprun est purgative ; la chair des .lapins nourris de belladone devient un poison ; le thym , le ser polet , les herbes dès champs donnent au gi bier son goût et son parfum ; le chou vul gaire donne au lapin domestiqua , comme délicatesse , une infériorité bien connue re lativement aii lapin de garenne .Les exemples - abondent de ces sortes d ' ef r fets curieux .",
                  "id": "14",
                  "title": "Le Constitutionnel : journal du commerce, politique et littéraire"
            },
            {
                  "doc_url": "https://gallica.bnf.fr/ark:/12148/bd6t5380939r",
                  "emotions": [
                        "disgust"
                  ],
                  "excerpt": "— Quand le vin a été en contact avec des cuves ou des récipients faits complètement ou en partie avec des bois résineux .Vin ayant le goût de drogues .— Quand on a mis dans le vin des infusions de certaines drogues .",
                  "id": "15",
                  "title": "Traité pratique de l'art de faire le vin / par le Dr Frédéric Cazalis,..."
            },
            {
                  "doc_url": "https://gallica.bnf.fr/ark:/12148/bpt6k5535124b",
                  "emotions": [
                        "disgust"
                  ],
                  "excerpt": "Odeur de mentho poivréo ; le réactif résorcion ajoute quei - nique est coloré en bleu .Cocaïne , ques gouttes d ' al - Pas d ' odeur , pas do colocool et I goutte ration .Lo ferrocyanure de soude .",
                  "id": "16",
                  "title": "Précis d'analyse chimique qualitative / par E. Barral,..."
            },
            {
                  "doc_url": "https://gallica.bnf.fr/ark:/12148/bpt6k5535124b",
                  "emotions": [
                        "disgust"
                  ],
                  "excerpt": "HYDROGÈNE SULFURÉ , Il ' S L ' hydrogène sulfuré est un gaz Incolore , combuslibte > brûlant avec une flamme bleue en dégageant de l ' onhy » drlde sulfureux et produisant parfois un dépôt do soufre , lorsque la combustion est incomplète .Il a une odeur d ' oeufs pourris .11 est peu soluble dans l ' eau i un litre en dissout 3 \\ 13 à la température do 15 ° .",
                  "id": "17",
                  "title": "Précis d'analyse chimique qualitative / par E. Barral,..."
            },
            {
                  "doc_url": "https://gallica.bnf.fr/ark:/12148/bpt6k5535124b",
                  "emotions": [
                        "disgust"
                  ],
                  "excerpt": "Lo ouivre métallique noircit immédiatement dans les solutions chaudes additionnées d ' acido chlorhydrique ; au bout do quelque temps , la coloration devient rouge clair par le sélénium mis en liberté .SÉLÉNIURES , ScM * L ' acide chlorbydriquo dégage de l ' hydrogène sélénié h odeur de choux pourris , brûlant avec uno flamme bleue et déposant du sélénium rouge .Les séléniurcs alcalins sont solubles dans l ' eau .",
                  "id": "18",
                  "title": "Précis d'analyse chimique qualitative / par E. Barral,..."
            },
            {
                  "doc_url": "https://gallica.bnf.fr/ark:/12148/bpt6k57466971",
                  "emotions": [
                        "disgust",
                        "courage",
                        "greed"
                  ],
                  "excerpt": "m .Celui qui lâche des vents puants , qui est sujet aux flatuosités — - ETY ., lescâ .",
                  "id": "19",
                  "title": "Dictionnaire des idiomes romans du midi de la France : comprenant les dialectes du Haut et du Bas-Languedoc, de la Provence, de la Gascogne, du Béarn, du Querci, du Rouergue, du Limousin, du Bas-Limousin, du Dauphiné, etc.. Tome 2 / par Gabriel Azaïs"
            },
            {
                  "doc_url": "https://gallica.bnf.fr/ark:/12148/bpt6k57466971",
                  "emotions": [
                        "disgust"
                  ],
                  "excerpt": "m .Petite pelolte dégraisse que l ' on sent à la main près de la naissanco de la queue des veaux , des boeufs , des moutons ; on dit d ' une personne grasse : i a de manech .— ETY .",
                  "id": "20",
                  "title": "Dictionnaire des idiomes romans du midi de la France : comprenant les dialectes du Haut et du Bas-Languedoc, de la Provence, de la Gascogne, du Béarn, du Querci, du Rouergue, du Limousin, du Bas-Limousin, du Dauphiné, etc.. Tome 2 / par Gabriel Azaïs"
            }
      ]
}