{
      "articles": [
            {
                  "doc_url": "https://gallica.bnf.fr/ark:/12148/bpt6k9686083m",
                  "emotions": [
                        "disgust"
                  ],
                  "excerpt": "Il contient aussi en plus grande proportion des parties étrangères au sang , qui sont solubles dans l ' eau comme des sels .Son odeur est modifiée , elle est fétide , nauséabonde et presque sui generis .De là a des propriétés corrosives il y a loin , et il faut vraiment vouloir tomber dans l ' erreur pour attribuer à l ' air extérieur les altérations du pus , qui , au moins en grande partie , ne sont que des modifications apportées par l ' inflammation intercurrente du foyer .",
                  "id": "1",
                  "title": "Répertoire des études médicales.... , Pathologie chirurgicale / par M. Auguste Dumoulin,... et M. Thibaut,..."
            },
            {
                  "doc_url": "https://gallica.bnf.fr/ark:/12148/bpt6k5450473m",
                  "emotions": [
                        "disgust"
                  ],
                  "excerpt": ".Dans une période très avancée du diabète , l ' haleine devient fétide , nauséeuse , pénétrante , et Max Durand - Fardel la considère alors ( Lettres sur Vichy ) comme un symptôme du plus fâcheux augure .Ce ^ e < 9dg £ r tient aux altérations des liquides ôTè ' la bqpc \\ \\ Q , et sur - L ' odeur de l ' haleine 145 tout aux désordres trophiques , appelés sur les dents et le périoste alvéolo - dentaire par les progrès de la cachexie et par l ' action chimique de l ' acide lactique , incessamment formé dans la bouche aux dépens de la salive sucrée .",
                  "id": "2",
                  "title": "Les odeurs du corps humain : causes et traitements / Dr E. Monin"
            },
            {
                  "doc_url": "https://gallica.bnf.fr/ark:/12148/bpt6k5489220d",
                  "emotions": [
                        "disgust"
                  ],
                  "excerpt": "Le fruit est une capsule ovale , marquée d ' une rainure de chaque côté , accompagnée du calice persistant et un peu velu .Cette plante exhale une forte odeur piquante et vireuse ; sa saveur est acre et amère .Elle contient des sucs qui sont un poison dangereux et très - violent .",
                  "id": "3",
                  "title": "Leçons de botanique à l'usage des jeunes gens des deux sexes ou Instructions sur le règne végétal présentées à l'esprit et au coeur / par Mme Bonifas-Guizot..."
            },
            {
                  "doc_url": "https://gallica.bnf.fr/ark:/12148/bpt6k106484b",
                  "emotions": [
                        "disgust"
                  ],
                  "excerpt": "Ici , point de c / Mw ~ re ~ / tOMMC ! < r , mais une suite de vastes couloirs , communiquant les uns avec les autres , sans portes et ~ : < ns fenêtres .Les lits , qui ont des proportions plus modestes , sont tous nanqués d ' immenses jarres d ' huile , d ' où s ' exhale une odeur ~ cre et nauséabonde .Dans ces corridors ouverts à tout venant , et qui servent à la fois d ' entrepôts et de chambres , il n ' y a point de verrous aux portes .",
                  "id": "4",
                  "title": "L'Italie d'après nature. L'Italie méridionale / par Mme Louis Figuier"
            },
            {
                  "doc_url": "https://gallica.bnf.fr/ark:/12148/bpt6k5522939b",
                  "emotions": [
                        "disgust"
                  ],
                  "excerpt": "Certaines personnes emploient l ' essence de serpolet , mais c ' est un peu cher .D ' autres les boules de naphtaline , mais je trouve que l ' odeur en est pénible et persistante .Le camphre est maintenant hors de prix .",
                  "id": "5",
                  "title": "Journal de la jeune fille : organe des Unions chrétiennes de jeunes filles"
            },
            {
                  "doc_url": "https://gallica.bnf.fr/ark:/12148/bpt6k5619637m",
                  "emotions": [
                        "disgust",
                        "pain"
                  ],
                  "excerpt": "Tussiculation sèche , très - fréquente surtout le soir , la toux répond à la tête et provoque une douleur dans l ' oreille .Au moment de la toux l ' haleine est fétide et produit dans la bouche un goût nauséabond .Respiration difficile , sentiment de plénitude dans la poitrine avec besoin d ' inspirer profondément .",
                  "id": "6",
                  "title": "Traitement homoeopathique des maladies des organes de la respiration, par le Dr A. Chargé,..."
            },
            {
                  "doc_url": "https://gallica.bnf.fr/ark:/12148/bpt6k5749718p",
                  "emotions": [
                        "disgust"
                  ],
                  "excerpt": ", vx fr .racoi , recoin ; odeur composite sul gencris impossible à analyser , mais d .uis laauelle laauelle y a du renfermé , de la saîelé , u rat crevé , dé la mauvaise cuisine , de la fumée , etc .",
                  "id": "7",
                  "title": "Le langage populaire de Mâcon et des environs"
            },
            {
                  "doc_url": "https://gallica.bnf.fr/ark:/12148/bpt6k57844119",
                  "emotions": [
                        "disgust",
                        "annoyance"
                  ],
                  "excerpt": ") Chlore , acide muriatique oxygéné ( Fabrication du ) , quand ce produit est employé dans l ' établissement même où on le prépare .— Odeur désagréable et incommode .quand les appareils perdent , ce qui a lieu de temps à autre .",
                  "id": "8",
                  "title": "Procédure administrative des bureaux de police : à l'usage des préfectures, sous-préfectures, mairies et commissariats de police / par M. Brayer,..."
            },
            {
                  "doc_url": "https://gallica.bnf.fr/ark:/12148/bpt6k6568607h",
                  "emotions": [
                        "disgust",
                        "pain"
                  ],
                  "excerpt": "L ' air de la cornue était tel - lement imprégné de la vapeur de ce métal , qu ' en sortant il a manqué de me suffoquer .Les cristaux avaient eux - mêmes une odeur si forte qu ' on ne pouvait les respirer sans éprouver un sentiment douloureux .L ' osmium qui ne s ' était point volatilisé répandait aussi une odeur assez marquée ; mais je présume qu ' il devait cette propriété a une portion de l ' air imprégné d ' oxide qu ' il avait absorbé pendant le refroidissement : ce résidu ne pesait plus que 5 décigrammes - L , et la quantité d ' oxide sublimé était loin de compléter le gramme d ' osmium employé , parce qu ' une portion était passée dans l ' eau du flacon , où elle avait été entraînée par l ' air .",
                  "id": "9",
                  "title": "Annales de chimie ; ou Recueil de mémoires concernant la chimie et les arts qui en dépendent..."
            },
            {
                  "doc_url": "https://gallica.bnf.fr/ark:/12148/bpt6k6359352v",
                  "emotions": [
                        "disgust"
                  ],
                  "excerpt": "Sa chair est musquée et peu comestible .* , * * , Le cormoran , comme le précédent , est un piètre gibier , sa chair dégageant une odeur désagréable et ayant un goût détestable , d ' où le vieux dicton : « Qui voudrait régaler le diable lui faudrait bièvre ou cormoran .» Mais cela n ' empêche pas l ' oiseau d ' être intéressant pour le naturaliste .",
                  "id": "10",
                  "title": "Les animaux excentriques (4e édition) / Henri Coupin,..."
            },
            {
                  "doc_url": "https://gallica.bnf.fr/ark:/12148/bpt6k5450473m",
                  "emotions": [
                        "disgust"
                  ],
                  "excerpt": "Il s ' agit d ' une femme rousse , accouchée depuis deux mois , qui allaitait son nourrisson sans encombre , lorsqu ' elle sentit une odeur infecte se dégager avec le lait .Le mari , les autres personnes de la famille quittèrent la chambre en se bouchant le nez : c ' était , L ' odeur de la purulence 297 paraît - il , intolérable , une puanteur sulfureuse , comme celle des oeufs gâtés , avec un mélange d ' acidité acre .La mère elle - même devenait malade en respirant ces repoussantes émanations , et l ' enfant vomit quelque temps après .",
                  "id": "11",
                  "title": "Les odeurs du corps humain : causes et traitements / Dr E. Monin"
            },
            {
                  "doc_url": "https://gallica.bnf.fr/ark:/12148/bd6t5370978h",
                  "emotions": [
                        "disgust"
                  ],
                  "excerpt": "La couche interne est fibreuse et grisâtre ; mais la surface interne de cette couche a unç couleur de rouille plus foncée que celle de la couche extérieure .Sa saveur , d ’ abord mucilagineuse , devient ensuite très - amère 2 acre et nauséabonde ; sa poudre est d ’ un gris roussâtre .Cette écorce est assez estimée aux Antilles , où elle est connue sous Je nom de q .",
                  "id": "12",
                  "title": "Journal de médecine, de chirurgie et de pharmacie militaires"
            },
            {
                  "doc_url": "https://gallica.bnf.fr/ark:/12148/bpt6k6253045k",
                  "emotions": [
                        "disgust"
                  ],
                  "excerpt": "Lauth .FABRICATION DE L ' ANILINE La matière première de toutes ces belles couleurs bleues , vertes , rouges , est un produit répugnant , noir , visqueux , doué d ' une odeur pénétrante et désagréable , le goudron de houille .Lorsqu ' on décompose le charbon de terre par la chaleur , pour fabriquer le gaz d ' éclairage , il se produit , en même temps que ce gaz , une quantité considérable de goudron , qu ' on recueille dans des appareils appropriés , et qui , jusqu ' à ces dernières années , était pour les usines à gaz une source continuelle d ' embarras et de désagréments : aujourd ' hui cette matière est ' devenue si rare , qu ' on cherche par tous les moyens possibles à la produire économiquement .",
                  "id": "13",
                  "title": "Encyclopédie générale. Tome 2 / comité de publication : Michel Alcan, Louis Asseline, G. Avenel, etc."
            },
            {
                  "doc_url": "https://gallica.bnf.fr/ark:/12148/bd6t5370978h",
                  "emotions": [
                        "disgust"
                  ],
                  "excerpt": "Saveur amère , désagréable , plus analogue à celle de la coloquinte et de l ' absynthe , qu ’ avec celle d ' aucune autre substance végétale ; nulle - ment comparable au quinquina du Pérou , dont elle n ’ a pas du tout la - qualité astringente .Odeur très - forte , très - pénétrante , mêlée d ’ une odeur de substance vert , et d ’ une odeur nauséeuse , un peu fétide , et qui a la plus grande analogie avec celle de l ’ écorce du mérisier .Cette écorce est ductile , difficile à réduire en poudre , si on ne la fait sécher préalablement dans un four , pour lui enlever l ’ eau qui la fait agglomérer .",
                  "id": "14",
                  "title": "Journal de médecine, de chirurgie et de pharmacie militaires"
            },
            {
                  "doc_url": "https://gallica.bnf.fr/ark:/12148/bpt6k57844119",
                  "emotions": [
                        "disgust",
                        "annoyance"
                  ],
                  "excerpt": ") Salaison ( Ateliers pour la ) et le saurage des poissons .— Odeur très - désagréable .( 2 ° classe , 0 .",
                  "id": "15",
                  "title": "Procédure administrative des bureaux de police : à l'usage des préfectures, sous-préfectures, mairies et commissariats de police / par M. Brayer,..."
            },
            {
                  "doc_url": "https://gallica.bnf.fr/ark:/12148/bpt6k65191974",
                  "emotions": [
                        "disgust",
                        "fear"
                  ],
                  "excerpt": "Je pousse la porte .Une odeur effroyable de paille fermentée , d ' urine , de vomissement , de pharmacie , d ' excréments et de sang sort de la petite nef que le jour encore haut au dehors fait paraître presque noire .J ' entre .",
                  "id": "16",
                  "title": "La Sainte face / Elie Faure"
            },
            {
                  "doc_url": "https://gallica.bnf.fr/ark:/12148/bpt6k9686083m",
                  "emotions": [
                        "disgust",
                        "boredom"
                  ],
                  "excerpt": "Placé sur la langue il donne une sensation de fraicheur , et laisse un goût âcre à la gorge .Son odeur est fade et nauséabonde .Desséché , il devient d ' abord sirupeux , puis il forme des espèces d ' écaillés .",
                  "id": "17",
                  "title": "Répertoire des études médicales.... , Pathologie chirurgicale / par M. Auguste Dumoulin,... et M. Thibaut,..."
            },
            {
                  "doc_url": "https://gallica.bnf.fr/ark:/12148/bpt6k5450473m",
                  "emotions": [
                        "disgust"
                  ],
                  "excerpt": "Suivant M .Peyer , il est une odeur tout à fait spéciale que prend l ' urine quand elle charrie une certaine proportion de bactéries ; l ' odeur de la bactériurie est à la fois fade et extrêmement répugnante .Celui qui l ' a perçue 250 Les odeurs du corps humain une fois peut toujours la reconnaître d ' une manière précise .",
                  "id": "18",
                  "title": "Les odeurs du corps humain : causes et traitements / Dr E. Monin"
            },
            {
                  "doc_url": "https://gallica.bnf.fr/ark:/12148/bpt6k9612755j",
                  "emotions": [
                        "disgust"
                  ],
                  "excerpt": "parents .Odeur vive , saveur amère et brûlante .Produit volatil à con .",
                  "id": "19",
                  "title": "Manuel vétérinaire, ou Formulaire des médications rationnelles et des remèdes secrets (conforme au Codex 1908) / par René Cerbelaud,..."
            },
            {
                  "doc_url": "https://gallica.bnf.fr/ark:/12148/bpt6k874248f",
                  "emotions": [
                        "disgust"
                  ],
                  "excerpt": "Alors de grandes flammes rouges , en immenses jets droits , sortent des fumées .Une odeur naphteuse se répand et , tandis que nous continuons à .tirer , ce nuage d ’ enfer vient vers nous .",
                  "id": "20",
                  "title": "Au-dessus des batailles : carnet de guerre d'un aviateur / André C. H. A."
            }
      ]
}