{
      "articles": [
            {
                  "doc_url": "https://gallica.bnf.fr/ark:/12148/bpt6k58434663",
                  "emotions": [
                        "disgust",
                        "disapproval"
                  ],
                  "excerpt": "Tiundhausen , n ' est autre chose que du gluten obtenu de façon à pouvoir remplacer , dans l ' alimentation des diabétiques , la farine de froment , sans .: qu ' il donne au pain une saveur répugnante .L ' aleuronat se présente sous la forme d ' une poudre sèche , jaune , à saveur et à odeur très faibles , se .",
                  "id": "1",
                  "title": "Formulaire des médicaments nouveaux et des médications nouvelles pour 1894 (5e édition revue, corrigée et augmentée) / par H. Bocquillon-Limousin,... ; avec une introduction par Henri Huchard,..."
            },
            {
                  "doc_url": "https://gallica.bnf.fr/ark:/12148/bpt6k30409869",
                  "emotions": [
                        "disgust"
                  ],
                  "excerpt": "Gaura de Lindlieimer © 2 .Gesse odorante ( Pois de senteur ) , et var .© .",
                  "id": "2",
                  "title": "Les fleurs de pleine terre : comprenant la description et la culture des fleurs annuelles, bisannuelles, vivaces et bulbeuses de pleine terre, suivies de classements divers indiquant l'emploi de ces plantes et l'époque de leur semis ou plantation et de leur floraison. ainsi que des plans de jardins et de parcs paysagers... (4e éd.) / par Vilmorin-Andrieux et Cie ; par Édouard André"
            },
            {
                  "doc_url": "https://gallica.bnf.fr/ark:/12148/bpt6k30409869",
                  "emotions": [
                        "disgust",
                        "boredom"
                  ],
                  "excerpt": "— V .Centaurée odorante .CENTAURÉE .",
                  "id": "3",
                  "title": "Les fleurs de pleine terre : comprenant la description et la culture des fleurs annuelles, bisannuelles, vivaces et bulbeuses de pleine terre, suivies de classements divers indiquant l'emploi de ces plantes et l'époque de leur semis ou plantation et de leur floraison. ainsi que des plans de jardins et de parcs paysagers... (4e éd.) / par Vilmorin-Andrieux et Cie ; par Édouard André"
            },
            {
                  "doc_url": "https://gallica.bnf.fr/ark:/12148/bpt6k1116911",
                  "emotions": [
                        "disgust",
                        "nostalgia"
                  ],
                  "excerpt": "J ' occupais dans le coupé la place du mi - lieu , ayant à ma gauche un Lyonnais podagre , dont la figure bourgeonnée le nez trogneux et surmonté d ' une énorme paire de besicles , présentaient un aspect fort grotesque à ma gauche était une jeune personne que l ' homme aux lunettes appelait sa femme , et que j ' aurais volontiers prise pour sa demoiselle .Si d ' un côté j ' avais à respirer la forte odeur du tabac dont était couvert le mouchoir enfumé du Lyonnais ainsi que le jabot de sa chemise plissée à la Voltaire , de l ' autre j ' étais bien dédommagé par les odeurs musquées qui me venaient de ma voisine de gauche , laquelle se passait successivement sous le nez une demi - douzaine de flacons la rosé , à la violette , à la bergamotte , etc .Sur le soir , le bon Lyonnais jugea prudent de me céder la place dans l ' angle du cabriolet , pour ne pas abandonner les genoux de sa chère moitié .",
                  "id": "4",
                  "title": "Voyage aux États-Unis de l'Amérique en 1831 / par P. Forest"
            },
            {
                  "doc_url": "https://gallica.bnf.fr/ark:/12148/bpt6k58386573",
                  "emotions": [
                        "disgust"
                  ],
                  "excerpt": "f .Mauvaise odeur .' PUBÈRE adj .",
                  "id": "5",
                  "title": "Nouveau dictionnaire de la langue française... : quatre dictionnaires en un seul (43e édition augmentée d'une partie toute nouvelle) / par P. Larousse,..."
            },
            {
                  "doc_url": "https://gallica.bnf.fr/ark:/12148/bpt6k205509q",
                  "emotions": [
                        "disgust",
                        "amusement"
                  ],
                  "excerpt": "Gorge de Cochon .On fait cas d ' une , gorge de cochon lorsqu ' elle ci ! bien parfumée & de même qu ' on a dit qu ' il falloit que fût la langue .Oreilles de Cochon .",
                  "id": "6",
                  "title": "Dictionnaire oeconomique : contenant l'art de faire valoir les terres et de mettre à profit les endroits les plus stériles.... A-E / par M. Noël Chomel,... ; nouv. éd. par M. de La Mare"
            },
            {
                  "doc_url": "https://gallica.bnf.fr/ark:/12148/bpt6k30409869",
                  "emotions": [
                        "disgust"
                  ],
                  "excerpt": "Géranium brun ou noirâtre .Gesse odorante , quelques variétés .Giroflées annuelles et bisannuelles , quelques variétés , jaune à fl .",
                  "id": "7",
                  "title": "Les fleurs de pleine terre : comprenant la description et la culture des fleurs annuelles, bisannuelles, vivaces et bulbeuses de pleine terre, suivies de classements divers indiquant l'emploi de ces plantes et l'époque de leur semis ou plantation et de leur floraison. ainsi que des plans de jardins et de parcs paysagers... (4e éd.) / par Vilmorin-Andrieux et Cie ; par Édouard André"
            },
            {
                  "doc_url": "https://gallica.bnf.fr/ark:/12148/bpt6k1422677x",
                  "emotions": [
                        "disgust",
                        "disapproval"
                  ],
                  "excerpt": "— Les cristaux de soude ( sousearbp - nate de soude pur cristallisé ) marquent ordinairement environ 36 degrés à l ’ alcalimètre .Ce produit est excessivement blanc ; sa saveur esl salée .— Le poivre cubèbe est lo fruit du peper cubeba , espèce de liane croissant en Chine et à Java .",
                  "id": "8",
                  "title": "Usages du commerce ou guide du négociant dans ses rapports avec la douane et avec les marchés étrangers. Par un ancien négociant et par un employé supérieur des douanes... 1re Partie..."
            },
            {
                  "doc_url": "https://gallica.bnf.fr/ark:/12148/bpt6k6370805p",
                  "emotions": [
                        "disgust"
                  ],
                  "excerpt": "Arica est exposé à une chaleur excessive en été .Les varecs putréfiés et le guano rendent l ' air nauséabond .Les habitants sont en butte à des fièvres intermittentes rebelles ( tertiana ) , dit M .",
                  "id": "9",
                  "title": "Traité de climatologie générale du globe : études médicales sur tous les climats / par le Dr Armand,..."
            },
            {
                  "doc_url": "https://gallica.bnf.fr/ark:/12148/bpt6k76627j",
                  "emotions": [
                        "disgust",
                        "doubt"
                  ],
                  "excerpt": "Ses parents , ne s ' astreignant pas aux mêmes précautions , elle n ' osait ni les toucher , ni s ' approcher d ' eux .Elle en arriva à n ' gardcr comme suspects et dangereux non scuh ' mt ' nts les objets , mais encore leurs exhalaisons .Lu objet de verre ayant ( ' te cassé auprès d ' elle , elle eut peur d ' en avoir absorbe des fragments en respirant .",
                  "id": "10",
                  "title": "Traité pratique des maladies mentales / par le Dr A. Cullerre,..."
            },
            {
                  "doc_url": "https://gallica.bnf.fr/ark:/12148/bpt6k9761542j",
                  "emotions": [
                        "disgust"
                  ],
                  "excerpt": ".LE BITUME DE JUDE ' E , Bitumen Judaïcum , aspbiltuç , ' Cst une matiere solide , dure , cassante , séche , friable , luisante , inflammable , ressemblant à la poix noire , insi - pide , presque sans odeur ; mais lorsqu ' il brûle , répandant une odeur désagréable , qui approche de celle du Karabé .Il se trouve en quantité sur la mer morte ou mer a ( phal .",
                  "id": "11",
                  "title": "Exposition et démonstration publiques de la thériaque d'Andromaque, et de la thériaque céleste, par Jacques Liège,..."
            },
            {
                  "doc_url": "https://gallica.bnf.fr/ark:/12148/bpt6k5691695s",
                  "emotions": [
                        "disgust",
                        "annoyance",
                        "disapproval"
                  ],
                  "excerpt": "Son efficacité peut s ' expliquer par l ' absorption des sécrétions par la poudre , par ses propriétés antiseptiques et aussi par la présence de l ' iode qui agit favorablement sur les ulcérations vénériennes .Malheureusement son odeur pénétrante et désagréable est .un obstacle à son emploi : on a bien essayé de masquer cette odeur par divers mélanges .",
                  "id": "12",
                  "title": "Les Ulcères vénériens et leur traitement par l'acide pyrogallique, par Henri-Cyrille-Marcellin Andrieu,..."
            },
            {
                  "doc_url": "https://gallica.bnf.fr/ark:/12148/bpt6k5819688d",
                  "emotions": [
                        "disgust",
                        "annoyance"
                  ],
                  "excerpt": "THIALDINE .Cristaux blancs , diaphanes et brillants , C6H13A \" S 2 d ' une odeur désagréable .Ils se décom ^ posent par la distillation ; ils sont volaPoint de fusion : 43 ° _ tilsàlatempératureordinaire .",
                  "id": "13",
                  "title": "Les produits chimiques employés en médecine : série grasse et série aromatique : chimie analytique et industrielle / Auguste Trillat ; introduction par P. Schutzenberger,..."
            },
            {
                  "doc_url": "https://gallica.bnf.fr/ark:/12148/bpt6k889110p",
                  "emotions": [
                        "disgust",
                        "anger",
                        "fear"
                  ],
                  "excerpt": "— Le pont d ' Espagne .ciale et nauséeuse , et pour qui la connaît combien compréhensible la boutade du voyageur qui disait : « Qu ’ un coup de baguette me transporte subitement , les yeux bandés , dans une ville quelconque , au bout du monde , si c ’ est une ville chinoise , je jure de m ’ en rendre compte immédiatement à l ’ odeur .» Ce composé de relents pestilentiels n ’ appartient qu ’ aux Célestes .",
                  "id": "14",
                  "title": "Annuaire Mathieu de la Drôme : indicateur du temps... / rédigé par les sommités scientifiques..."
            },
            {
                  "doc_url": "https://gallica.bnf.fr/ark:/12148/bpt6k6410543x",
                  "emotions": [
                        "disgust"
                  ],
                  "excerpt": "infekcion ( R .infecte ) , puanteur contagieuse .II Corruption , contagion .",
                  "id": "15",
                  "title": "Nouveau dictionnaire de la langue française : enrichi d'exemples tirés des meilleurs écrivains... (7e édition revue avec le plus grand soin...) / par M. Noël,... et M. Chapsal,..."
            },
            {
                  "doc_url": "https://gallica.bnf.fr/ark:/12148/bpt6k9761542j",
                  "emotions": [
                        "disgust"
                  ],
                  "excerpt": "iilen soit que d ' tine quantité ' aisé à prendre .« ■ * * La vue , l ' odeur & le goût de la Thériaque ne sbnc \" point4 désagréables ; la dose n ' est que d ' une - qudn \" tité \" mé \" diocre i si l ' on y faisoit quelque ' rdtil - ilichcâic ' nt , - elle1 pbur - : roit être réduite à ' un plus petit , i ' ôlume ; fJ & , feroit ' moins * âcré ? J ' ajouterai avec Ludovic ! ; qtle la quantité ' desfcil - les est un peu trop grande ; .àvec Zwelfer ' , 1 Charas te - \" mery & d ' autres , que je préferérois la poudre de la racine de dictame à la farine d ' orobes > , qui ne peut faire qi ' titi * volume Se url poids inutile ( sans , cette coripofîtiorô ; les \" farines légumineuses étant d ' ailleurs pesantes , ^ difficiles \" à digérer .",
                  "id": "16",
                  "title": "Exposition et démonstration publiques de la thériaque d'Andromaque, et de la thériaque céleste, par Jacques Liège,..."
            },
            {
                  "doc_url": "https://gallica.bnf.fr/ark:/12148/bpt6k6253032z",
                  "emotions": [
                        "sadness",
                        "disgust",
                        "anger",
                        "annoyance",
                        "disapproval",
                        "despair",
                        "disappointment"
                  ],
                  "excerpt": "AMERTUME , sf .saveur amère .— F .",
                  "id": "17",
                  "title": "Nouveau dictionnaire français : renfermant... partie orthographique... géographique... historique... mythologique... (Nouvelle édition entièrement refondue avec addition des étymologies et de plus de 3000 mots) / par J. George"
            },
            {
                  "doc_url": "https://gallica.bnf.fr/ark:/12148/bpt6k1174989f",
                  "emotions": [
                        "disgust"
                  ],
                  "excerpt": "Acide phénique liquéfié .Odeur spéciale .— Un I filet versé dans l ’ eau se divise en gouttelettes d ’ abord opaques disparaissant peu à peu par dissolution .",
                  "id": "18",
                  "title": "Manuel pour l'examen de validation de stage des candidats au titre de pharmacien (décret du 31 août 1878 et règlement du 30 décembre 1878), par H. Jacob... entièrement refondu conformément au Codex de 1908 par Camille Guillot,... avec une préface de André Legrand,... 3e édition"
            },
            {
                  "doc_url": "https://gallica.bnf.fr/ark:/12148/bpt6k4221615n",
                  "emotions": [
                        "disgust"
                  ],
                  "excerpt": "On fait d ’ abord macérer toutes les substances contuses pendant trois ou quatre jours dans les liqueurs , et on délaie ensuite la thériaque : celle - ci encore inacérée , on distille pour obtenir l ’ alcool .On vante cette eau comme cordiale , stomachique , anliparaly - tique et antiapoplectique ; elle est sudorifique et de bonne odeur .La dose est d ’ un à quatre gros .",
                  "id": "19",
                  "title": "Traité de pharmacie théorique et pratique, contenant les élémens, l'analyse et les formules de tous les médicamens, leurs préparations chimiques et pharmaceutiques, classées méthodiquement suivant la chimie moderne. Tome 1 / ... On a joint partout les comparaisons des nouveaux poids et mesures, toutes les prescriptions du nouveau \"Codex\" de Paris, et un très grand nombre d'autres préparations... par J.-J. Virey,... Nouvelle édition"
            },
            {
                  "doc_url": "https://gallica.bnf.fr/ark:/12148/bpt6k30409869",
                  "emotions": [
                        "disgust"
                  ],
                  "excerpt": "Villarsie Faux - Nymphéa .Violette odorante , et var .Pensée à grandes fleurs , les variétés , et plusieurs autres espèces .",
                  "id": "20",
                  "title": "Les fleurs de pleine terre : comprenant la description et la culture des fleurs annuelles, bisannuelles, vivaces et bulbeuses de pleine terre, suivies de classements divers indiquant l'emploi de ces plantes et l'époque de leur semis ou plantation et de leur floraison. ainsi que des plans de jardins et de parcs paysagers... (4e éd.) / par Vilmorin-Andrieux et Cie ; par Édouard André"
            }
      ]
}