{
      "articles": [
            {
                  "doc_url": "https://gallica.bnf.fr/ark:/12148/bpt6k371975n",
                  "emotions": [
                        "disgust"
                  ],
                  "excerpt": "Verveine de Miquelon .Violette odorante .III .",
                  "id": "1",
                  "title": "Le Jardin d'agrément, par L.-J. Troncet. Établissement d'un jardin d'agrément, travaux préparatoires, travaux courants de jardinage... description et culture des fleurs et arbustes de nos jardins, 750 espèces, calendrier des semis et plantations..."
            },
            {
                  "doc_url": "https://gallica.bnf.fr/ark:/12148/bpt6k9667536f",
                  "emotions": [
                        "disgust",
                        "disappointment"
                  ],
                  "excerpt": ", lans qu ' il s ' y soit mêlé des ordures .Il doit être choiii en belles larmes fé - ches , jaunes , putes , d ' une odeur forte , d ' un goût amer ; on l ' employe dans les comportions qu ' on fait prendre par la bouche .Le Galbanum en masse n ' eu : impur qu ' à cause de la négligence qu ' on a eue à le recueillir avant qu ' il s ' y ibit mêlé des saletez : il faut le choisir le plus net & le plus sec , de couleur jaunâtre , d une odeur puante , laquelle est essentielle à sa vertu pour les .",
                  "id": "2",
                  "title": "Dictionnaire universel des drogues simples ... ouvrage dépendant de la \"Pharmacopée universelle\", par feu M. Lemery,... 3e édition..."
            },
            {
                  "doc_url": "https://gallica.bnf.fr/ark:/12148/bpt6k55623527",
                  "emotions": [
                        "disgust"
                  ],
                  "excerpt": "èk qui n ' a rien qui s ' oppose à fa guérison .Le malin , au contraire , donne un pus de mauvaise qualité , c ' est - à - dire , sanieux , séreux , jaune , verd , acre èk corrosif , èk d ' une odeur fétide : tel est celui qui est entretenu par un virus farcineux , galleux , dartreux , èkc .èk celui qui attaque les tendons , les ligamens ou les articulations ; celui enfin qui est rebelle , èk dont la guérison est difficile .",
                  "id": "3",
                  "title": "Cours d'hippiatrique, ou Traité complet de la médecine des chevaux . Orné de soixante & cinq planches gravées avec soin. Par M. Lafosse,..."
            },
            {
                  "doc_url": "https://gallica.bnf.fr/ark:/12148/bpt6k9667536f",
                  "emotions": [
                        "disgust"
                  ],
                  "excerpt": "che , ayant en leur milieu un pistile courbe parle bout d ' en haut , en façon d ' une trompe d ' éléphant ; ce pistile devient , après que la fleur est tombée , un fruit anguleux , di - visé intérieurement en cinq loges remplies de semences menues presque comme de la poussiere : sa racine est déliée fibrée 5 serpentante .Toute la plante a un goût amer fort astringent .La seconde espece est appellée , Pyrola minima .",
                  "id": "4",
                  "title": "Dictionnaire universel des drogues simples ... ouvrage dépendant de la \"Pharmacopée universelle\", par feu M. Lemery,... 3e édition..."
            },
            {
                  "doc_url": "https://gallica.bnf.fr/ark:/12148/bpt6k61309738",
                  "emotions": [
                        "disgust"
                  ],
                  "excerpt": "générale .Alcool aromatique .Cod .",
                  "id": "5",
                  "title": "Répertoire du pharmacien contenant tous les médicamens simples et composés... par Ant. Chéreau,..."
            },
            {
                  "doc_url": "https://gallica.bnf.fr/ark:/12148/bpt6k255813x",
                  "emotions": [
                        "disgust"
                  ],
                  "excerpt": "De leur thyrse dégarni de pampres , elle font le manche à balai qui les transporte , par les airs , au bal sabbatique .Les torches odoriférantes qu ' elles secouaient au vent du Taygète se changent dans leurs mains en chandelles vertes .Mêmes cris d ' appel dans les sierras des Asturies , aux gorges du Jura , sur les plateaux du Blocksberg , que sur les sommets du Parnasse .",
                  "id": "6",
                  "title": "La bataille littéraire. 2e sér. 1879-1882 / Philippe Gille"
            },
            {
                  "doc_url": "https://gallica.bnf.fr/ark:/12148/bpt6k58290505",
                  "emotions": [
                        "disgust"
                  ],
                  "excerpt": "Les racines de ce nom que l ' on trouve dans les pharmacies sont : 1 ° Aristoloche longue , Aristolochia longa .Racines longues de 10 à 15 centimètres , grosses comme le pouce et plus , brunes en dehors , jaunâtres en dedans , d ' une odeur faible et d ' une saveur acre et nauséeuse .2 \" Aristoloche ronde , Aristolochiarotunda ® .",
                  "id": "7",
                  "title": "L'Officine, ou Répertoire général de pharmacie pratique... par Dorvault,..."
            },
            {
                  "doc_url": "https://gallica.bnf.fr/ark:/12148/bpt6k58290505",
                  "emotions": [
                        "disgust"
                  ],
                  "excerpt": "L ' essence brute étant - toujours ' uu peu visqueuse et colorée , on la rectifiején la distillant avec de l ' eau et en l ' agitant ^ vec du chlorure de calcium .Elle est trèssfluide ^ incolore , d ' une odeur forte et désagréable ^ \" très - inflammable ; elle est insoluble dans l ' eau ; : peu soluble dans l ' alcool , mais au : contraire l ' éther la dissout fort bien ; elle est miscible aux huiles grasses et volatiles , en toutes prof portions .- : i : - .",
                  "id": "8",
                  "title": "L'Officine, ou Répertoire général de pharmacie pratique... par Dorvault,..."
            },
            {
                  "doc_url": "https://gallica.bnf.fr/ark:/12148/bpt6k98070569",
                  "emotions": [
                        "disgust"
                  ],
                  "excerpt": "On a découvert dans les Pyrénées et les Alpes un autre lis , que les uns regardent comme une variété du précédent , d ' autres comme une espèce di ( férente , sous le nom de lis des Pyrénées ( lilium pyrenaicum , Gouan ) , distingué par ses fleurs jaunes , marquées de points noirâtres , très - peu nombreuses , quelquefois solitaires .Leur odeur est forte et désagréable ; elles paraissent en juin .Le lis de Chalcédoine ( lilium chalcedonicum , Linn .",
                  "id": "9",
                  "title": "Dictionnaire de botanique pratique / par le Dr Ferd. Hoefer"
            },
            {
                  "doc_url": "https://gallica.bnf.fr/ark:/12148/bpt6k6518089x",
                  "emotions": [
                        "disgust"
                  ],
                  "excerpt": "— Le labdanum est rarement pur ; on le falsifie souvent avec de la cendre , de la terre ou du sable , et des résines communes auxquelles on donne la forme de tortillons .Ce faux labdanum est gris ou noir foncé , à cassure terne , pierreuse , et offrant çà et là des points micacés ; son odeur est peu aromatique ; il craque fortement sous la dent , et brûle à peine sur les charbons .Pelletier y a trouvé jusqu ' à 72 p .",
                  "id": "10",
                  "title": "Dictionnaire des altérations et des falsifications des substances alimentaires, médicamenteuses et commerciales : avec l'indication des moyens de les reconnaître (4e édition revue, corrigée et considérablement augmentée) / par M. A. Chevallier,..."
            },
            {
                  "doc_url": "https://gallica.bnf.fr/ark:/12148/bpt6k6347610n",
                  "emotions": [
                        "disgust"
                  ],
                  "excerpt": "Il cherche les nids de perdrix , de cailles , d ' alouettes ; il épie les rats , les lapins , les taupes , les mulots ; il fait une guerre cruelle aux lapins , qui ne peuvent lui échapper , parce qu ' il entre aisément dans leurs trous ; une seule femelle de putois suffit pour détruire toute une garenne .C ' est surtout lorsqu ' il est échauffé , irrité , qu ' il exhale et répand au loin une odeur insupportable ; les chiens ne veulent point manger de sa chair , et sa peau même , quoique bonne , est à vil prix , à cause de l ' odeur qu ' elle conserve .LE FURET Il diffère surtout du putois commun par son pelage d ' un blanc jaunâtre et ses yeux roses , son corps plus allongé , sa tête plus étroite et son museau plus pointu ; il est originaire des pays chauds et ne peut subsister en France que comme animal domestique .",
                  "id": "11",
                  "title": "Le Buffon illustré, à l'usage de la jeunesse : contenant une description très complète des mammifères, oiseaux, poissons, reptiles, insectes et coquilles / par A. de Beauchaînais (A. Bordot)"
            },
            {
                  "doc_url": "https://gallica.bnf.fr/ark:/12148/bpt6k9600452c",
                  "emotions": [
                        "disgust",
                        "greed"
                  ],
                  "excerpt": "L ' hôtel de M .Milanois , Avocat du Roi , était infecté par les vapeurs méphitiques qui s ' élevaient de toutes les conduites de la Folle d ' aifance : fept onces de vinaigre verfé dans la lunette du rezde chauffée a fait difparoÍtre fur le champ les miasmes fétides , de même qu ' à fix lunettes fupérieures de la perpendiculaire .Cette feule projection a fuffi pour anéantir toute odeur pendant plus de trois jours .",
                  "id": "12",
                  "title": "L'antiméphitique, ou Moyens de détruire les exhalaisons pernicieuses & mortelles des fosses d'aisances, l'odeur infecte des égouts, celle des hôpitaux ... Avec l'emploi des vuidanges neutralisées... par M. Janin, seigneur de Combe-Blanche,... Seconde édition"
            },
            {
                  "doc_url": "https://gallica.bnf.fr/ark:/12148/bpt6k54505499",
                  "emotions": [
                        "disgust",
                        "disapproval",
                        "greed",
                        "doubt"
                  ],
                  "excerpt": "LE COCHON Ou l ' a vu mamte fois sur sa progéniture Se repaître en glouton et s ' abreuver du sang Qui bouillonnait cncor en sortant de son flanc .Que dire du cochon , de l ' animal immonde ? De l ' être le plus brut de la terre et de l ' onde ! A l ' appétit grossier , à l ' horrible penchant D ' une hygiène impure ! au naturel méchant ! Aimant à dévorer jusqu ' à la chair putride , Dont il fait son régal ; — et , qui rendrait aride Le lieu le plus fertile où passe son boutoir ; Dédaignant un bon mets pour l ' infect égouttoir ! .Qui ne se plaît enfin que dans l ' amas de fange ; Et qui déserterait les pures eaux du Gange Pour absorber ' d ' un trait .",
                  "id": "13",
                  "title": "Les animaux utiles : fantaisie en vers sur l'histoire naturelle, en deux livres / par Marius Chavant"
            },
            {
                  "doc_url": "https://gallica.bnf.fr/ark:/12148/bpt6k6518089x",
                  "emotions": [
                        "disgust"
                  ],
                  "excerpt": "Fauve .Odeur Aromatique très - prononcée .» „ Faiblement aromatique .",
                  "id": "14",
                  "title": "Dictionnaire des altérations et des falsifications des substances alimentaires, médicamenteuses et commerciales : avec l'indication des moyens de les reconnaître (4e édition revue, corrigée et considérablement augmentée) / par M. A. Chevallier,..."
            },
            {
                  "doc_url": "https://gallica.bnf.fr/ark:/12148/bpt6k5837401q",
                  "emotions": [
                        "disgust"
                  ],
                  "excerpt": "« Dans les salles , les blessés s ' entassent .Couverts de pansements sales et gras , qui répandent une odeur horrible de cataplasme fermenté , ils sont là , les uns sur les autres .Au moindre attouchement , ce sont des plaintes et des lamentations .",
                  "id": "15",
                  "title": "La chirurgie française depuis 1870 / par le Dr H. Barnsby"
            },
            {
                  "doc_url": "https://gallica.bnf.fr/ark:/12148/bpt6k58290505",
                  "emotions": [
                        "disgust",
                        "boredom",
                        "disapproval"
                  ],
                  "excerpt": "Fleurs blanc rosé en panicules .Elle est inodore , et sa saveur est très - amère .M .",
                  "id": "16",
                  "title": "L'Officine, ou Répertoire général de pharmacie pratique... par Dorvault,..."
            },
            {
                  "doc_url": "https://gallica.bnf.fr/ark:/12148/bpt6k5469031z",
                  "emotions": [
                        "disgust"
                  ],
                  "excerpt": ".Le ciel s ' en obscurcit ; la terre nébuleuse Répand au loin dans l ' air une odeur sulfureuse .Par l ' électricité ce météore est fait : 2 — • 10 — La plante et l ' animal ressentent son bienfait ; Si vous l ' accumulez , soudain elle étincelle ; Si vous frottez les corps , bientôt on l ' amoncèle .",
                  "id": "17",
                  "title": "Poème. Miroir du chrétien et de l'impie, par Barillot,... 1er janvier 1834"
            },
            {
                  "doc_url": "https://gallica.bnf.fr/ark:/12148/bpt6k6518089x",
                  "emotions": [
                        "disgust"
                  ],
                  "excerpt": "Assez semblable au poivre noir , il s ' en distingue facilement par le prolongement qui l ' accompagne à la manière d ' un pédicelle ; la partie opposée est globuleuse , d ' un brun rougeâtre foncé , ridée à la surface .Il possède une saveur piquante , amère et aromatique .Il se compose d ' une huile volatile particulière , de cubébin , de résine balsamique molle et acre , de principes extractifs , etc .",
                  "id": "18",
                  "title": "Dictionnaire des altérations et des falsifications des substances alimentaires, médicamenteuses et commerciales : avec l'indication des moyens de les reconnaître (4e édition revue, corrigée et considérablement augmentée) / par M. A. Chevallier,..."
            },
            {
                  "doc_url": "https://gallica.bnf.fr/ark:/12148/bpt6k76465j",
                  "emotions": [
                        "disgust"
                  ],
                  "excerpt": "Elle a une densité un peu plus forte que celle de l ' eau ( 1 , 020 à 1 , 026 ) , dans laquelle elle se dissout facilement .Son altérabilité est très grande et elle répand alors une odeur des plus fétides , rappelant celle des excréments .La bile est constamment alcaline nous avons vu que le suc gastrique était acide , la salive alcaline il y a donc dans les réac .",
                  "id": "19",
                  "title": "Anatomie et physiologie animales : contenant les matières indiquées par les programmes officiels du 22 janvier 1885 pour l'enseignement de la zoologie dans la classe de philosophie et à l'usage des candidats au baccalauréat de lettres / par Edmond Perrier,..."
            },
            {
                  "doc_url": "https://gallica.bnf.fr/ark:/12148/bpt6k96376040",
                  "emotions": [
                        "disgust",
                        "approval",
                        "embarrassment"
                  ],
                  "excerpt": "En ces temps éloignés , Storm avait publié un portefeuille de pointes - sèches , « Vues de Hollande » , pleines de caractère .J ' avais dit mon opinion à l ' égard de cette belle publication , et je comparais ces œuvres raffinées au parfum que Baudelaire fait respirer à son chien , qui recule avec effroi , aboyant — « Ah ! misérable chien , vous ressemblez au public à qui il ne faut jamais présenter des parfums délicats qui l ' exaspèrent , mais des ordures soigneusement choisies .» « Baudelaire devait bien peu aimer son chien pour le comparer un instant au public ! » .",
                  "id": "20",
                  "title": "Au jardin du passé : un demi-siècle d'art et de littérature, lettres à une amie / Ph. Zilcken ; préface par Camille Mauclair"
            }
      ]
}