{
      "articles": [
            {
                  "doc_url": "https://gallica.bnf.fr/ark:/12148/bpt6k10982492",
                  "emotions": [
                        "disgust"
                  ],
                  "excerpt": "qui est long de 7 à 8 centimètres , cylindrique , d ' un brun rougeâtre à l ’ extérieur , marqué à l ' intérieur de bandes circulaires d ’ un fauve rougeâtre .Cette racine a une odeur piquante et aromatique , analogue à celle du cardamome .2 ° Le petit galanga n ’ a que 6 à 12 millimètres de diamètre ; sa couleur est plus brune , son odeur plus forte et sa saveur plus prononcée que celle du précédent .",
                  "id": "1",
                  "title": "Dictionnaire d'agriculture pratique comprenant tout ce qui se rattache à la grande culture, au jardinage, à la botanique, à la culture des arbres et des fleurs, à la chimie, à la médecine humaine et vétérinaire, à l'entomologie, à la géologie, et à la mécanique agricole ; par M. P. Joigneaux, auteur de la Chimie du cultivateur, d'un traité des engrais, etc., et M. C. Moreau, docteur en médecine. Tome premier [-second]"
            },
            {
                  "doc_url": "https://gallica.bnf.fr/ark:/12148/bpt6k852419c",
                  "emotions": [
                        "disgust"
                  ],
                  "excerpt": "Cependant , comme ce lavage du marc n ' avait pu lui enlever toute sa partie vineuse , je le distillai aussi , de sorte que du même marc , je retirai deux espèces d ’ eaux - de - vie , la première aussi bonne que les meilleures du Languedoc , et la seconde pareille aux eaux - de - vie de marc ordinaires , c ’ est - à - dire que , d ’ un tout extrêmement mauvais , je retirai une bonne moitié excellente et dont la valeur dédommage emple - ment du peu de soins qu ’ ils faut apporter pour se la procurer .Dans ces distillations différentes , il faut ne pas se servir du même serpentin ; car celui qui vient - ( 29 ) tirait de recevoir la distillation du marc proprement dit , communiquerait son goût détestable a l ’ eau - de - vie obtenue par celle du lavage de ce marc .L ’ huile de raisin s ’ attache avec tant d ’ adhérence aux parois intérieures des serpentins qu ’ il n ’ est plus possible de les en débarrasser .",
                  "id": "2",
                  "title": "Mémoire sur la culture de la vigne, l'art de faire les vins, et sur la distillation des eaux de vie de marc en particulier et de l'alcool en général , lu dans une des séances de l'Académie royale des sciences, le 8 mai 1820, par Mr Aubergier,... Suivi de l'extrait du Rapport de M. le comte Chaptal sur ce mémoire"
            },
            {
                  "doc_url": "https://gallica.bnf.fr/ark:/12148/bpt6k97615199",
                  "emotions": [
                        "disgust"
                  ],
                  "excerpt": "légèrement anima - j lisée , est utile aux gens foibles & maladifs , & aux vieillards , il n ' en est pas de même lorsqu ' elle est trop ani - M malisée , & qu ' elle est absorbée par des personnes bien portantes , & sur - tout par des enfans .Je suis persuadé que la i santé de ces derniers doit être déran - ; gée , lorsqu ' ils sont obligés à vivre &à dormir avec des personnes qui ont une haleine fétide , ou bien une trans - L pi ration très - forte , & d ' une odeur î désagréable ; c ' est pour cette rai Ton î qu ' ordinairement les femmes qui ont : les cheveux rouges , sont considérées comme de mauvaises nourrices .! ON a observé avec etonnement qu ' il sortoit du corps de quelques personnes plus de fluide qu ' il n ' en étoit entré , & qu ' en même - temps elles étoient attaquées d ' , inasarque ou d ' hydropisie .",
                  "id": "3",
                  "title": "Essai médical sur les vaisseaux lymphatiques, etc. . Avec les moyens de prévenir les effets des substances venimeuses, comme la salive du chien enragé, le venin de la vipère, le virus vénérien, etc. etc."
            },
            {
                  "doc_url": "https://gallica.bnf.fr/ark:/12148/bpt6k58235998",
                  "emotions": [
                        "disgust"
                  ],
                  "excerpt": "La gratiole croît dans les prés , dans les marais .On fait usage des feuilles et des fleurs ; leur odeur est nauséabonde , leur saveur est extrêmement amère ; leurs vertus médicinales sont émétiques , drastico catharfiques , anthelmintiques .C68 GRE On s ' en sert dans la manie , l ' hydropisie ascite , dans les maladies des vers , syphillitiques , les ulcères phagédéniques .",
                  "id": "4",
                  "title": "Nouveau dictionnaire général des drogues simples et composées de Lémery, revu, corrigé et considérablement augmenté par Simon Morelot.... Tome 1"
            },
            {
                  "doc_url": "https://gallica.bnf.fr/ark:/12148/bpt6k5790927x",
                  "emotions": [
                        "disgust"
                  ],
                  "excerpt": "Il a une odeur forte , suffocante , caractéristique .Sa saveur est très - caustique .Il rougit fortement la couleur du tournesol , absorbe l ' humidité atmosphérique .",
                  "id": "5",
                  "title": "Éléments de chimie contenant les applications de cette science à la médecine et à la pharmacie, formulaire à l'usage des élèves en pharmacie, par P.-A. Allain,..."
            },
            {
                  "doc_url": "https://gallica.bnf.fr/ark:/12148/bpt6k2205640",
                  "emotions": [
                        "disgust",
                        "greed"
                  ],
                  "excerpt": "Poursuis sans pitié la race israélite , Qui vend ses faux bijoux débris d ' une faillite .Ceux qui dans les quartiers où la presse fourmille Brûlent obstinément leur infecte pastille , Ces rusés villageois qui , d ' un air de candeur , Colportent un gibier de méphitique odeur ; Et tant d ' hommes sans nom dont le crime est notoire , Vagabonds inculpés par maint réquisitoire , Qui vivent de rapine , et pratiquent sans bruit Le délit dans le jour , le crime dans la nuit .Nous ne connaissons pas pour l ' épigramme de Martial un commentaire plus piquant que les vers de cette satire ; seulement , nous le répétons , l ' une est un éloge pour des réformes accomplies , l ' autre un conseil pour des réformes non moins urgentes et qui sont presque toutes à accomplir .",
                  "id": "6",
                  "title": "Histoire des hôtelleries, cabarets, hôtels garnis, restaurants et cafés, et des anciennes communautés et confreries d'hôteliers, de marchands de vins, de restaurateurs, de limonadiers, etc.. Tome 1 / par Francisque Michel,... et par Édouard Fournier,..."
            },
            {
                  "doc_url": "https://gallica.bnf.fr/ark:/12148/bpt6k5706669m",
                  "emotions": [
                        "disgust"
                  ],
                  "excerpt": "— Si lachemise et labrassière de dessous ne sont pas souillées , on change la première deux fois par semaine , et la seconde ( la brassière ) une fois seulement .Celle de dessus est remplacée dès qu ' elle esi mouillée , sale ou imprégnée des vomissements de l ' enfant , car alors elle contracte cette odeur de lait gâté si répugnante chez les enfants mal tenus .5 .",
                  "id": "7",
                  "title": "Premiers soins aux malades et aux blessés : prophylaxie et hygiène infantiles / Mme Gross-Droz"
            },
            {
                  "doc_url": "https://gallica.bnf.fr/ark:/12148/bpt6k9621424x",
                  "emotions": [
                        "disgust",
                        "fear",
                        "pain",
                        "embarrassment"
                  ],
                  "excerpt": "C ' est après la seconde saignée qu ' on m ' envoya chercher en hâte , je le trouvai dans l ' état où je l ' ai dépeint , dans des anxiétés inexprimables , cependant sans délire , quoiqu ' il y eût déjà plusieurs jours et plusieurs nuits qu ' il n ' avait pas terme l ' œil : sa langue était très noire et son haleine si puante , qu ' il n ' était pas possible de la supporter , même à une distance assez considérable .Ses ( xcréments exhalaient une puanteur si horrible que la garde vomit et se trouva mal en les enlevant .Je trouvai que le sang qu ' on lui avait tiré , pas même le premier , ne s ' était pas décomposé en caillot et ensérosité , comme il a coutume de le faire ; mais il fer - mait une masse à demi - figée , d ' une couleur bleue , livide à sa surface ; le plus léger attouchement le divisait , et il ressemblait plutôt à une sanie purulente qu ' a du sang ; on remarquait au fond une espèce de poudre noire , qui ressemblait à de la suie .",
                  "id": "8",
                  "title": "Encyclopédie des sciences médicales. 4, Médecine pratique de Thomas Sydenham / traduite par A.-F. Jault,.... Essai sur les fièvres et dissertations sur les maux de gorge gangréneux et la colique de Dévonshire / par Jean Huxam [\"sic\"]"
            },
            {
                  "doc_url": "https://gallica.bnf.fr/ark:/12148/bpt6k58235998",
                  "emotions": [
                        "disgust"
                  ],
                  "excerpt": "On attribue au fiel la propriété ophtalmique , celle de guérir la fièvre , et de dissiper les bruissemens d ' oreilles .Le fiel se putréfie très - promptement , et exhale une odeur tivs - félide ' d ' abord ; mais cette fâcheuse odeur acquiert insensiblement , une nouvelle odeur qui approche de celle de l ' ambre .Cette observation est due à M .",
                  "id": "9",
                  "title": "Nouveau dictionnaire général des drogues simples et composées de Lémery, revu, corrigé et considérablement augmenté par Simon Morelot.... Tome 1"
            },
            {
                  "doc_url": "https://gallica.bnf.fr/ark:/12148/bpt6k58235998",
                  "emotions": [
                        "disgust"
                  ],
                  "excerpt": "On iiojkcnpisir là càssë la plus récente - possible , bien pleine , l ' a \" pulpe d ' une consistance moyenne , éi ne sonnant point , lorsqu on la secoue .Celle qui rest conservée dans un lieu humide , s ' imprègne d % au ; aie fermenté , là pulpe se résout en eau et acquiert une odeur a % re et des qualités nuisibles qui dbivèijj là faire rejeter .On doit conserver là casse dans un L ' eu qui ne soit ni séc , ni huhiide .",
                  "id": "10",
                  "title": "Nouveau dictionnaire général des drogues simples et composées de Lémery, revu, corrigé et considérablement augmenté par Simon Morelot.... Tome 1"
            },
            {
                  "doc_url": "https://gallica.bnf.fr/ark:/12148/bpt6k5807926f",
                  "emotions": [
                        "disgust"
                  ],
                  "excerpt": "L ' acide hydrochlorique du commerce n ' est jamais pur ; il contient presque toujours de l ' acide sulfurique , du chlorure de fer , de l ' acide .sulfureux et même ; dé l ' arsenic ^ Lorsqu ' il est pur et à l ' état liquide , • cet acide est incolore , limpide , d ' une odeur piquante , d ' une saveur Irès - acide ; il ne se gèle point , nerépand point devapeurs comme l ' acide concentré .Mis en contact avec des substances organiques , il les détruit , et uni à l ' alcool , il forme une sorte d ' éither , de manière que ses irois premières atlénualions ne sauraient être faites ni au sucre de lait ni à l ' alcool .",
                  "id": "11",
                  "title": "Nouvelle pharmacopée homoeopathique, ou de la Préparation des médicaments homoeopathiques et de l'administration des doses / par G. H. G. Jahr"
            },
            {
                  "doc_url": "https://gallica.bnf.fr/ark:/12148/bpt6k5711058g",
                  "emotions": [
                        "disgust",
                        "desire",
                        "nostalgia"
                  ],
                  "excerpt": "» 62 CONTES ET NOUVELLES Voici venir les premières violettes ; que chacun espère et s ' enivre à leur odeur et à celle des premierslilas ! Foin des frimas , vive la violette ! Ratapoil , on ne sait trop pourquoi , a mis sa lourde et sale patte sur cette charmante fleur , dont il a voulu faire le symbole de son régime de coquins .Protestez , mesdames , contre cette odieuse tentative d ' accaparement , et lorsque vous aspire ^ le suave parfum de là violette dites - vous bien que sa douce senteur ne rappelle en rien les émanations putrides du cloâqué impérial .Cueillons ; leslilagi ; çueillons - en autant que nous pourrons en cueillir ; eueillons - les à pleines branches .",
                  "id": "12",
                  "title": "Contes & nouvelles : premiers essais / J. Girieud"
            },
            {
                  "doc_url": "https://gallica.bnf.fr/ark:/12148/bpt6k96846172",
                  "emotions": [
                        "disgust"
                  ],
                  "excerpt": "Elle demanda du thé à la servante , et à l ' accent des premiers mots russes qu ' elle prononça , je reconnus une polonaise .Tout , d ' ailleurs , trahissait chez elle cette famille particulièrement redoutable dans l ' espèce féminine : le regard électrique , le parfum vénéneux , la souplesse de serpent , la provocation inconsciente de chaque brimborion , depuis le talon jusqu ' à la dernière boucle de cheveux .Tandis qu ' elle versait le thé , Stépane Ivanovitch entra , nous salua et sourit .",
                  "id": "13",
                  "title": "Le manteau de Joseph Olénine / par le vicomte E.-M. de Vogüé,... ; portrait gravé par A. Lamotte"
            },
            {
                  "doc_url": "https://gallica.bnf.fr/ark:/12148/bpt6k97424634",
                  "emotions": [
                        "disgust"
                  ],
                  "excerpt": "^ Propriétés .L ' odeur des racines est forte 6c puante .L ' écorce étant desséchée a une saveur acre & amere .",
                  "id": "14",
                  "title": "Démonstrations élémentaires de botanique, à l'usage de l'École royale vétérinaire.... Tome 2"
            },
            {
                  "doc_url": "https://gallica.bnf.fr/ark:/12148/bpt6k10982492",
                  "emotions": [
                        "disgust",
                        "annoyance"
                  ],
                  "excerpt": "L ’ analyse de ce huile a démontré qu ’ elle contient un Prl cipc âcre très - violent que l ’ on a pi ' ° P0S pommer tigline ou croloninc , et qui est soluble dans l ' acide sulfurique et dans l ' alcool .La saveur de l ’ huile de crolon est très - piquante , très - âcre et désagréable ; elle irrite fortement les parties du corps avec lesquelles on la met en contact et y déter - niinc une éruption vésiculeuse ; c ’ est en outre un purgatif très - énergique et dont l ’ action se manifeste très - rapidement .Cette huile laisse souvent à la gorge de ceux qui en font usage un sentiment de cuisson ou de chaleur âcre qui est très - désagréable .",
                  "id": "15",
                  "title": "Dictionnaire d'agriculture pratique comprenant tout ce qui se rattache à la grande culture, au jardinage, à la botanique, à la culture des arbres et des fleurs, à la chimie, à la médecine humaine et vétérinaire, à l'entomologie, à la géologie, et à la mécanique agricole ; par M. P. Joigneaux, auteur de la Chimie du cultivateur, d'un traité des engrais, etc., et M. C. Moreau, docteur en médecine. Tome premier [-second]"
            },
            {
                  "doc_url": "https://gallica.bnf.fr/ark:/12148/bpt6k10982492",
                  "emotions": [
                        "disgust"
                  ],
                  "excerpt": "On se sert surtout de la bulbe ou ( jousse .La plante entière a une saveur êcrc et brûlante , une odeur forte , piquante et pénétrante qui fait pleurer et éternuer , quoiqu ' il un degré moindre que l ' oignon , plante ne la même famille , dont nous aurons à parler ailleurs .Cette odeur ne peut être comparée qu ' à elle - même et se rencontre assez rarement dans la nature .",
                  "id": "16",
                  "title": "Dictionnaire d'agriculture pratique comprenant tout ce qui se rattache à la grande culture, au jardinage, à la botanique, à la culture des arbres et des fleurs, à la chimie, à la médecine humaine et vétérinaire, à l'entomologie, à la géologie, et à la mécanique agricole ; par M. P. Joigneaux, auteur de la Chimie du cultivateur, d'un traité des engrais, etc., et M. C. Moreau, docteur en médecine. Tome premier [-second]"
            },
            {
                  "doc_url": "https://gallica.bnf.fr/ark:/12148/bpt6k11781020",
                  "emotions": [
                        "disgust"
                  ],
                  "excerpt": "Le quartier de bœuf , dont la couverture a conservé toute sa blancheur , est dans un parfait état de sécheresse .La graisse elle - même commence à se dessécher et ne dégage aucune mauvaise odeur .Sur les doux autres moutons qui n ’ ont pas été dégraissés et que la Commission a décidé de couper en morceaux pour constater leur état de conservation , nous remarquons , qu ’ à part le dessous des hampes qui , fatalement , ne pouvait pas se conserver longtemps , toutes les autres parties s ’ étaient convenablement ressuyées et desséchées .",
                  "id": "17",
                  "title": "Congrès international de mécanique appliquée tenu à Paris en 1889. Tome 4"
            },
            {
                  "doc_url": "https://gallica.bnf.fr/ark:/12148/bpt6k63194612",
                  "emotions": [
                        "disgust",
                        "annoyance"
                  ],
                  "excerpt": "Odoracchiâre , VII .répandre une mauvaise odeur Odoraménto , sm .odorat , m .",
                  "id": "18",
                  "title": "Dictionnaire français-italien et italien-français... rédigé sur les travaux de feu G. Biagioli, par A. Ronna"
            },
            {
                  "doc_url": "https://gallica.bnf.fr/ark:/12148/bpt6k96362242",
                  "emotions": [
                        "disgust"
                  ],
                  "excerpt": "Un séculier chargé de l ' intérim de la cuisine , maugréait intérieurement ; bientôt las de voir « ces originalités » se continuer , il se promit de mater le malheureux sourd et de l ' amener à suivre le régime de la communauté .Il eut alors l ' impudence de lui préparer , chaque soir , un bouillon composé on n ' a jamais su de quoi , mais tellement repoussant et nauséabond qu ' un chien affamé , disait - on , ne l ' eût pas avalé .Cela dura plusieurs semaines .",
                  "id": "19",
                  "title": "Vie du père dom Jean Sallier, de l'ordre des Chartreux, 1806-1861 / par dom Victor-Marie Doreau,..."
            },
            {
                  "doc_url": "https://gallica.bnf.fr/ark:/12148/bpt6k14176709",
                  "emotions": [
                        "disgust"
                  ],
                  "excerpt": "Nous ajouterons que la forme de granules adoptée par M .Laboureur dépouille ie valérianate d ’ ammoniaque du grave inconvénient qu ’ il a de posséder une odeur et une saveur repoussantes .— La dose ordinaire est de 10 à 12 granules dans les vingt - quatre heures .",
                  "id": "20",
                  "title": "Le Moniteur des sciences médicales et pharmaceutiques / rédacteur en chef M. H. de Castelnau"
            }
      ]
}