{
      "articles": [
            {
                  "doc_url": "https://gallica.bnf.fr/ark:/12148/bpt6k4238245v",
                  "emotions": [
                        "disgust"
                  ],
                  "excerpt": "Elle vient dans les champs cultivés , les haies , les jardins .Toutes les deux ont une odeur nauséabonde .Voici maintenant une plante vénéneuse très - facile à reconnaître .",
                  "id": "1",
                  "title": "Le Livre d'histoires, récits scientifiques de l'oncle Paul à ses neveux. Lectures courantes pour toutes les écoles, par M. J.-Henri Fabre,..."
            },
            {
                  "doc_url": "https://gallica.bnf.fr/ark:/12148/bpt6k6117269k",
                  "emotions": [
                        "disgust",
                        "annoyance"
                  ],
                  "excerpt": "TOUFFEUR , sf .exhalaison désagréable qui saisit en enlranl dans un lieu très - chaud ( fam .) .",
                  "id": "2",
                  "title": "Cours complet de la langue française, par M. Guérard. Dictionnaire abrégé de la langue française (extrait du Dictionnaire général),... par MM. Guérard,... Sardou..."
            },
            {
                  "doc_url": "https://gallica.bnf.fr/ark:/12148/bpt6k57424602",
                  "emotions": [
                        "disgust"
                  ],
                  "excerpt": "le docteur Clément .Sur ces entrefaites unevomique purulente s ' était déclarée , le malade crachait en abondance un liquide purulent verdàtrc et d ' odeur fétide .Une tumeur fluctuante apparut bientôt au niveau des piqûres , près de l ' angle inférieur de l ' omoplate ; trois applications de pâte de canquoin permirent au pus de s ' écouler au dehors .",
                  "id": "3",
                  "title": "Étude critique de la résection costale dans la pleurésie / par le Dr G. Ducrot"
            },
            {
                  "doc_url": "https://gallica.bnf.fr/ark:/12148/bpt6k56026160",
                  "emotions": [
                        "disgust"
                  ],
                  "excerpt": "Les capsules de la cévadille sont amères au goût , et quelquefois elles n ' ont presqu ' aucune amertume .Les semences sont très - âcres , d ' une amer ' tumeNdésagréable , piquent la langue „ ( i8 5 et occasionnent des nausées ; elles affectent aussi les lèvres et provoquent la salivation , même pendant plusieurs heures ; elles n ' ont néanmoins aucune odeur , mais la poudre tirée par les narines fait éternuer ; c ' est un excellent errhin .Leur infusion aqueuse est très - âcre et même caustique , de même que l ' infusion spiritueuse ; mais celle - ci répand une odeur forte et aromatique .",
                  "id": "4",
                  "title": "Guérisons expérimentées des vers, même du solitaire, par le Spigelia, surnommé Anthelmia, l'oeillet d'Inde... et autres plantes ; de la pierre, de la gravelle et de la colique néphrétique, par l'acmelle, la doradille, la busserolle... par J.-P. Buc'hoz,..."
            },
            {
                  "doc_url": "https://gallica.bnf.fr/ark:/12148/bpt6k30619598",
                  "emotions": [
                        "disgust"
                  ],
                  "excerpt": "Arbrisseau de huit à ' dix , et jusqu ’ à vingt - quatre pieds quand il est cultivé , sur une tige droite , à écorce lisse , grisâtre , à bois jaunâtre , à rameaux nombreux et diffus , qui deviennent épineux à leurs extrémités en vieillissant ; ils portent des feuilles opposées , ou ' sans ordre , à pétioles minces , un peu moins long » qu ’ elles , ovales , arrondies , peu grandes , à dents line » et peu pointues , à nervures courbes , lisses et d ’ mir vert foncé en dessus ; d ’ un vert jaune en dessous .Aucune des parties du nerprun n ’ a de saveur ni d ’ odeur remarquables , si ce ne sont ses baies dont l ’ odeur est peu agréable lorsqu ’ on les écrase , et la saveur âcre , amère et nauséabonde ; elles teignent la salive en vert .Une partie de cesquaîités se perd lorsqu ’ on fait sécher ces baies , cependant on en trouve quelquefois , mais rarement , dans les boutiques .",
                  "id": "5",
                  "title": "Manuel des plantes médicinales, ou Description, usage et culture des végétaux indigènes employés en médecine ... Par A. Gautier,..."
            },
            {
                  "doc_url": "https://gallica.bnf.fr/ark:/12148/bpt6k6480116k",
                  "emotions": [
                        "disgust",
                        "boredom"
                  ],
                  "excerpt": [
                        "puisqu ' elles sont très - petites ; mais on lit .cultive dans les jardins à cause de son odeur suave et de sa forme gracieuse .Originaire des Indes - Orientales et de la Chine , elle demande beaucoup de chaleur .",
                        "Famille des Résédacées .Réséda odorant .Famille des Hypéricinées ."
                  ],
                  "id": "6",
                  "title": "Conseils à Emma sur la culture des fleurs... / par un vieil amateur [A. Lesguilliez]"
            },
            {
                  "doc_url": "https://gallica.bnf.fr/ark:/12148/bpt6k9601366c",
                  "emotions": [
                        "disgust"
                  ],
                  "excerpt": "L ' arome des truffes , et peut - être la légère substance qu ' elles contiennent , suffisent pour conserver la viande ; car l ' on observe que les volailles farcies de truffes ne se gâtent pas aussi promptement .Les truffes à odeur d ' ail répandent , lorsqu ' elles sont putréfiées , une vapeur infecte , comme celle de la chair pourrie .Les truffes fraîches paroissent contenir un acide : à nu hachées , et mises dans du lait bouillant , elles le coagulent et le caillent , forment un fromage à la truffe , d ' une odeur particulière , qui pourroit devenir un mets agréable s ' il étoit préparé avec soin ; mais les truffes sont un aliment très - malsain .",
                  "id": "7",
                  "title": "Maison rustique, pour servir à l'éducation de la jeunesse, ou Retour en France d'une famille émigrée. T. 4 / ,... par Madame de Genlis. Nouvelle édition"
            },
            {
                  "doc_url": "https://gallica.bnf.fr/ark:/12148/bpt6k30619598",
                  "emotions": [
                        "disgust",
                        "annoyance",
                        "disapproval"
                  ],
                  "excerpt": "La racine , au moins aussi dure ( pie le bois , est tortueuse , rameuse , rugueuse et jaune .Cette racine et le bois sont d ’ une saveur amère assez forte et désagréable .L ’ odeur du bois est peu prononcée , mais un peu nauséabonde ; elle se fait sur - tout sentir pendant les temps pluvieux .",
                  "id": "8",
                  "title": "Manuel des plantes médicinales, ou Description, usage et culture des végétaux indigènes employés en médecine ... Par A. Gautier,..."
            },
            {
                  "doc_url": "https://gallica.bnf.fr/ark:/12148/bpt6k30619598",
                  "emotions": [
                        "disgust",
                        "disapproval",
                        "despair"
                  ],
                  "excerpt": "Verveine .io43 Verveine odorante .io45 Verveine officinale , voy .",
                  "id": "9",
                  "title": "Manuel des plantes médicinales, ou Description, usage et culture des végétaux indigènes employés en médecine ... Par A. Gautier,..."
            },
            {
                  "doc_url": "https://gallica.bnf.fr/ark:/12148/bpt6k9601707w",
                  "emotions": [
                        "disgust",
                        "annoyance"
                  ],
                  "excerpt": "Un autre caractère propre à la grande Ciguë , c ' est l ' odeur qu ' exhalent sa tige , ses feuilles et ses fleurs même , lorsqu ' on les froisse entre les doigts .Cette odeur est vireuse et très - désagréable .Les feuilles sont alternes , grandes , tripinnées , à fo - „ lioles allongées , profondément dentées , quelquefois maculées comme la tige .",
                  "id": "10",
                  "title": "Traité des poisons, ou Toxicologie appliquée à la médecine légale, à la physiologie et à la thérapeutique. Tome 3 / par Ch. Flandin,..."
            },
            {
                  "doc_url": "https://gallica.bnf.fr/ark:/12148/bpt6k8833370",
                  "emotions": [
                        "disgust"
                  ],
                  "excerpt": "Cette substance se fond très - promptement dans l ’ eau .Dans deux litres , on en mettra pour un sou ; mais gardez - vous d ’ humecter avec cette décoction les lèvres ou le nez de vos bêtes , qui se lécheraient : c ’ est d ’ une amer tume exécrable .Les souffrances qu ’ éprouvent les animaux par la piqûre des mouches , et surtout par celle des taons , les mettent quelquefois en fureur et exposent à de graves dangers les personnes qui s ’ en servent .",
                  "id": "11",
                  "title": "Almanach utile des inventions et découvertes pour... : contenant calendrier agricole et horticole, agriculture, horticulture et sériculture, inventions et découvertes, mécanique industrielle, chimie appliquée, photographie, économie domestique, procédés divers / recueillis et mis en ordre par Édouard de Latreille,..."
            },
            {
                  "doc_url": "https://gallica.bnf.fr/ark:/12148/bpt6k6216048n",
                  "emotions": [
                        "disgust"
                  ],
                  "excerpt": "Ces établissements sont indispensables auprès de toutes les villes , et leur importance s ' accroît en raison de la popula - tion de ces villes et du nombre d ' animaux qu ' elles renferment .jLa nature des opérations que l ' on pratique dans ces clos , les émanations infectes qui en sortent , et les animaux dégoûtants et destructeurs dont ils favorisent la multiplication , les ont toujours fait considérer comme des lieux dangereux et qu ' il faut reléguer loin des habitations ; sous ce rapport ils méritent , à un haut degré , l ' attention des administrateurs et de tous ceux qui ont fait de l ' hygiène publique une étude spéciale .Depuis un quart de siècle , des améliorations immenses ont été introduites dans la plupart des établissements publics de Paris ; on en a fait disparaître une foule d ' objets qui jadis offusquaient nos sens et faisaient concevoir des craintes pour la santé ; en général , les habitants de cette ville ne peuvent que se louer du bon esprit qui a présidé à tout ce que l ' administration , chargée d ' une manière particulière de leurs intérêts , a concu et exécuté ; ils voient avec orgueil leurs marchés et leurs abattoirs ; ils applaudissent aux fontaines qui lavent les rues et aux égoûls qui les dessèchent ; mais quand , en sortant ou en rentrant dans la ville , ils sont suffoqués par les éma - nations qui s ' échappent des lieux où l ' on a relégué les chantiers d ' écarrissage et les dépôts de vidange , leur surprise est extrême , et ils ne peuvent contenir leurs murmures .",
                  "id": "12",
                  "title": "Les Chantiers d'écarrissage [\"sic\"] de la ville de Paris envisagés sous le rapport de l'hygiène publique, par M. Parent-Duchâtelet"
            },
            {
                  "doc_url": "https://gallica.bnf.fr/ark:/12148/bpt6k6480116k",
                  "emotions": [
                        "disgust",
                        "greed"
                  ],
                  "excerpt": "— Feuilles ovales , trilobées , dentées , — Avril - mai , fleurs jaunes , disposées en grappes pendantes .Groseillier odorant ( R .PALATUM ) .",
                  "id": "13",
                  "title": "Conseils à Emma sur la culture des fleurs... / par un vieil amateur [A. Lesguilliez]"
            },
            {
                  "doc_url": "https://gallica.bnf.fr/ark:/12148/bpt6k886075h",
                  "emotions": [
                        "disgust"
                  ],
                  "excerpt": "Tantôt la dose est trop forte , tantôt le moment de son administration n ’ est pas bien choisi , ou la constitution du malade est réfractaire .Mais , disons - le — 102 — hautement , les causes principales de ces insuccès sont la fraude , qui altère presque tout ; la répugnance invincible que beaucoup de malades , courageux et résolus du reste , ont éprouvée par l ’ odeur pénétrante et le goût désagréable de ce médicament ; les accidents qui surviennent fréquemment pendant le cours d ’ un traitement déjà en partie couronné de succès , tels que renvois , nausées , vomissements , diarrhées plus ou moins violentes .Souvent aussi le malade , délivré ou non de sa blennorrhagie , reste sujet à la gastralgie , l ’ innappé - tence ; ce qui prouve que l ’ estomac est encore plus sensible que l ’ intestin à l ’ action irritante du Copahu .",
                  "id": "14",
                  "title": "Vade-mecum des jeunes gens, ou Guide pratique des maladies syphilitiques... précédé d'un essai sur l'onanisme... par le Dr André Lebel,... 5e édition"
            },
            {
                  "doc_url": "https://gallica.bnf.fr/ark:/12148/bpt6k6480116k",
                  "emotions": [
                        "admiration",
                        "disgust",
                        "anger",
                        "annoyance",
                        "disapproval",
                        "gratitude",
                        "nervousness"
                  ],
                  "excerpt": [
                        "Quelle est la femme , ma gracieuse amie , qui ne connaît pas le réséda ? Quelle est celle qui n ' aime pas cette fleur , souvent même avec passion ? Quel est le bouquet dans lequel il n ' entre pas ? N ' ayant pas même le simple éclat de beaucoup de plantes de nos champs , de nos bois , c ' est donc sa suave odeur seule qui le fait rechercher de tout le monde , mais principalement des personnes de votre sexe .Aussi , cette plante si simple , si modeste , a - t - elle inspiré les vers suivants à un poète moderne ; Plante verdelette , Ta modeste fleur De la violette H ' eft — elle pas KtBar ? , Charmante comme elle , Avec moins d ' éclat , Ta srhe rappelle Son port délicat , Et plus frêle Ncon , Si rien ne décore Ton calice obscur , « Il s ' en évapore Un parfum bien pur .Si ces vers n ' étaient pas signés Eugène Ville - min , on pourrait les croire sortis de la plume d ' une femme , tant ils sont gracieux .",
                        "Laurier rose .Laurier rose odorant .Pervenche commune ."
                  ],
                  "id": "15",
                  "title": "Conseils à Emma sur la culture des fleurs... / par un vieil amateur [A. Lesguilliez]"
            },
            {
                  "doc_url": "https://gallica.bnf.fr/ark:/12148/bpt6k103559p",
                  "emotions": [
                        "disgust"
                  ],
                  "excerpt": "Assez , dit l ' interprète , parle et dépêche - toi .Ce singe , doué d ' une incommensurable laideur et d ' une odeur repoussante , après les louanges obligatoires à l ' adresse de celui dont il cherchait à s ' attirer les bonnes grâces , raconta que son état consistait à courir les marchés avec un bourricot , lequel , moyennant finances , avait mission de propager l ' espèce de cet animal à longues oreilles , qui tient du cheval et de l ' âne et jouit , à ' juste titre , de la réputation d ' être le plus entêté de la création .Grâce à la puissance créatrice de son étalon , il avait gagné une somme de cinquante douros , qu ' il avait em - ployée à faire l ' acquisition de Mllc Aïcha bent Mohammed , jeune houri de douze printemps , dont les grands yeux d ' ébène , les lèvres purpurines et les formes déjà luxuriantes avaient touche son cœur .",
                  "id": "16",
                  "title": "Vingt ans en Algérie, ou Tribulations d'un colon racontées par lui-même : la colonisation en 1874, le régime militaire et l'administration civile, moeurs, coutumes, institutions des indigènes, ce qui est fait, ce qui est à faire / par A. Villacrose"
            },
            {
                  "doc_url": "https://gallica.bnf.fr/ark:/12148/bpt6k54632734",
                  "emotions": [
                        "disgust"
                  ],
                  "excerpt": "Il avait été néanmoins recueilli au Fort - Génois pour de la véritable belima , et ne différait guère , en effet , de l ' autre échantillon présenté à la séance que par une odeur plus fétide et une consistance plus fluide .J ' ai qualifié son odeur d ' infecte , mais je ne crois pas m ' être trompé en l ' appelant ainsi , car c ' était bien là l ' odeur d ' une matière corrompue .Je n ' ai jamais , que je sache , nié la présence de la belima au Fort - Génois ; tout ce que crois avoir dit , c ' est qu ' elle ne s ' y rencontre qu ' accidentellement , soit comme matière minérale , soit comme matière animale rejetée par la mer .",
                  "id": "17",
                  "title": "Bulletin de l'Académie d'Hippone"
            },
            {
                  "doc_url": "https://gallica.bnf.fr/ark:/12148/bpt6k6480116k",
                  "emotions": [
                        "disgust"
                  ],
                  "excerpt": [
                        "— Fleurs ax il laires ., petites , d ' une odeur agréable , d ' un très - beau bleu d ' améthyste , ce qui a fait donner à cette plante le nom qu ' elle porte .— Fleurit eu juin - juillet .",
                        "319 .Botryanthe odorant .257 ."
                  ],
                  "id": "18",
                  "title": "Conseils à Emma sur la culture des fleurs... / par un vieil amateur [A. Lesguilliez]"
            },
            {
                  "doc_url": "https://gallica.bnf.fr/ark:/12148/bpt6k408596x",
                  "emotions": [
                        "disgust"
                  ],
                  "excerpt": "Nous y avons été pris dans le principe , et à Ixelles et dans la maison que j ' habite .Je ne tardai pas à m ' apercevoir que l ' eau de notre puits était plus que détestable , qu ' elle était fétide , même par les temps secs ; l ' eau de pluie y portait directement tout ce dont elle pouvait se charger à travers la terre fumée .Mais , à la première réparation , nous nous aperçûmes qu ' à la profondeur de trois mètres seulement , il jaillissait de la paroi en brique un petit jet d ' eau fétide , alimenté par l ' eau de pluie qui traversait une vieille fosse d ' aisance abandonnée et qui se trouve à la distance de 3 ou 4 mètres du puits .",
                  "id": "19",
                  "title": "Revue complémentaire des sciences appliquées à la médecine et pharmacie, à l'agriculture, aux arts et à l'industrie. Par F. V. Raspail"
            },
            {
                  "doc_url": "https://gallica.bnf.fr/ark:/12148/bpt6k204489w",
                  "emotions": [
                        "disgust"
                  ],
                  "excerpt": "Empoisonnements par les champignons Avant d ' indiquer les contre - poisons des champignons , nous pensons rendre un service aux famiiies en leur faisant eonnaitre les caractères généraux , à l ' aide desquels on peut distinguer les champignons comestibles des champignons vénéneux 1 ° tl faut se défier de toute espèce de champignon trop vieux et de ceux d ' une nature ligneuse ; 20 Des espèces de champignons dont la saveur est acre , brùlante , amère 3 ° De ceux qui exhalent une odeur désagréable et nauséabonde .Les bolets vénéneux ont tous une odeur d ' acide su ) furique affaibli ; les agarics et amanites , les plus dangereux , une odeurdemoisi très - prononcée toute odeur trop exattée de champignon doit être suspecte .Les bons chamM ' pignons ont un parfum franc et suave , quelquefois une odeur de farine fraîche ; 4 \" Toute espèce de champignon qui étant coupé , change de couleur , est certainement vénéneuse l ' intérieur de certains bolets devient bleu , noirci ou vert , d ' autres prennent une teinte jaunâtre , violacée ou brune .",
                  "id": "20",
                  "title": "Formulaire médical des familles (2e éd.) / par C. de Bruc,..."
            }
      ]
}