{
      "articles": [
            {
                  "doc_url": "https://gallica.bnf.fr/ark:/12148/bpt6k58248578",
                  "emotions": [
                        "disgust"
                  ],
                  "excerpt": "Elles passent pour être carminativés ; - ■ / - - CVNOGLOSSI , RADIX ^ Cynoglosse .Les rad dnes de cynoglosse ont une odeur rance f désagréable , avec un goût âpire et amer ' • joint u une douceur visqueuse .Les vertus de cette plante s ' ont très - douteuses .",
                  "id": "1",
                  "title": "Cours d'étude pharmaceutique par B. (Bouillon) Lagrange,.... Tome 2"
            },
            {
                  "doc_url": "https://gallica.bnf.fr/ark:/12148/bpt6k97368941",
                  "emotions": [
                        "sadness",
                        "disgust",
                        "anger",
                        "pain",
                        "embarrassment"
                  ],
                  "excerpt": "Le front couvert d ' un voile , et de fleurs couronnée , Résignée à la mort , la vierge infortunée , À travers les torrents de tout un peuple en deuil , Du temple ose fratnchir le redoutable seuil .Déja les flots d ' encens à la voûte embaumée Roulaient en tourbillons l ' odorante fumée : Orné de la thiare et d ' un lin éclatant , Déja le saint pontife a pris le fer sanglant : Le front décoloré , la victime innocente S ' humilie , et lui tend sa tête obéissante : Trois fois il la bénit , détache son bandeau , Détourne les regards , et lève le couteau ..",
                  "id": "2",
                  "title": "Élégies de C. L. Mollevaut"
            },
            {
                  "doc_url": "https://gallica.bnf.fr/ark:/12148/bpt6k3040609g",
                  "emotions": [
                        "disgust",
                        "annoyance"
                  ],
                  "excerpt": "Il est presque toujours dans la destinée de tout ce qui revêt le caractère du bien , soit physique , soit moral , d ’ être impitoyablement attaqué par le sarcasme des hommes .Or , vous n ’ ignorez pas de com - — 52 — bien d ’ injures est chaque jour l ’ objet cette poudre qu ’ on a osé qualifier de puante et de nauséabonde et que nous ne craindrons pas , nous , d ’ appeler parfumée et délicieuse : le tabac .Que d ’ épigrammes lancées contre elle ! Les faillites de notaires , les éclipses d ’ agents de change , les procès en séparation de corps , et généralement toutes les catastrophes sociales ou privées n ’ ont jamais tant excité la verve de la médisance .",
                  "id": "3",
                  "title": "Les oeuvres d'un Provençal : mélanges littéraires en prose et en vers..."
            },
            {
                  "doc_url": "https://gallica.bnf.fr/ark:/12148/bpt6k6465796p",
                  "emotions": [
                        "disgust",
                        "fear"
                  ],
                  "excerpt": "APRÈS LE COMBAT .Les terribles moissonneurs ont achevé leur tâche sanglante ; vainqueurs et vaincus ont déserté ces lieux d ' horreur encore tout imprégnés du parfum enivrant de la poudre et sur lesquels la nuit plane .Ah ! qu ' elle vienne , qu ' elle recouvre de ses voiles les plus épais le sombre théâtre du drame ; car , comment oserait - on en soutenir maintenant la vue ? Que de générations sont couchées là dans leur fleur ! quelle épouvantable hécatombe humaine ! Le cœur se brise , car l ' oreille entend et les plaintes déchirantes des blessés et les sanglots de ceux qui les pleureront .",
                  "id": "4",
                  "title": "Les mauvais Jours. Notes d'un Bourru sur le siège de Paris , par Mlle Zénaïde Fleuriot"
            },
            {
                  "doc_url": "https://gallica.bnf.fr/ark:/12148/bpt6k9807668k",
                  "emotions": [
                        "disgust"
                  ],
                  "excerpt": "— D ' AMANDE .Blanche - verdâtre , liquide > odorante ; rancissant promptement .— On la retire des Amandes .",
                  "id": "5",
                  "title": "Dictionnaire raisonné de botanique , contenant les termes techniques, anciens et modernes, considérés sous le rapport de la botanique, de l'agriculture, de la médecine, des arts, des eaux et forêts, etc. Par Sébastien Gérardin (de Mirecourt),... publié, revu et augmenté... par Mr N.-A. Desvaux,... Nouvelle édition"
            },
            {
                  "doc_url": "https://gallica.bnf.fr/ark:/12148/bpt6k6529080s",
                  "emotions": [
                        "disgust"
                  ],
                  "excerpt": "Tour .) font d ' une odeur déÍagréabIe , même virulente , & néanmoins , ainsi que les fleurs , narcotiques & afiringentes .On les a beaucoup recommandées , comme antispasmodiques , contre l ' épilepsie , les mouvemens convulsîfs ; mais ses propriétés font peu constatées , & son odeur déiagréabie , semblable à celle des plantes narcotiques , peut la rendre fufpede , , d ' autant plus que sa racine fraîche cause des nausées , & souvent des coliques .",
                  "id": "6",
                  "title": "Catalogue des plantes naturelles à cette province , & de celles qu'on y cultive le plus communément, avec l'indication du sol où elles croissent, du temps de leur floraison, & de la couleur de leurs fleurs ; ouvrage rédigé pour servir aux cours publics de l'Académie de Dijon. Première [-seconde] partie.. Partie 2"
            },
            {
                  "doc_url": "https://gallica.bnf.fr/ark:/12148/bpt6k9638495f",
                  "emotions": [
                        "disgust"
                  ],
                  "excerpt": "Feuilles très - petites , opposées sur 4 rangs , aiguës , et couvrant le rameau .Ses branches , lorsqu ' on les froisse , émettent une odeur d ' encens très - prononcée .Cet arbrisseau est originaire du Népaul , par le 28e degré de latitude , et résiste très - bien à nos hivers .",
                  "id": "7",
                  "title": "Les conifères de petites et grandes dimensions : classification, description, culture ornementale et forestière / par Gustave Morlet,..."
            },
            {
                  "doc_url": "https://gallica.bnf.fr/ark:/12148/bpt6k58248578",
                  "emotions": [
                        "disgust",
                        "annoyance"
                  ],
                  "excerpt": ": ; ; ^ ' ; ^ r ^ : ^ v ' - .^ yy ' ' - V ^ - : - rS vientâcreet caustique yleur , odeur éStlrêâ * Y désagréable , lorsqu ' elles sont récentes ; elles ^ la perdent lorsqu ' on les garde quelque teins * Qn trouve des cantharidës dans les environs ' ./ , de Paris ; elles sont en grande quantité ydâns les payschauds , tels que l ' Italie et TEspagne .",
                  "id": "8",
                  "title": "Cours d'étude pharmaceutique par B. (Bouillon) Lagrange,.... Tome 2"
            },
            {
                  "doc_url": "https://gallica.bnf.fr/ark:/12148/bpt6k58248578",
                  "emotions": [
                        "disgust"
                  ],
                  "excerpt": "de la matrice ; et son usage , en pareils cas produit des effets surprenans , si Ion en croit les anciens ; les modernes n ' en font pas autant de cas : ils lui donnent le rang qu ' elle mérite , en la mettant au nombre des plus , foibles .aromatiques fortifians < : - .- ■ ■ : • ; MEWTHM VULGARIS > FOLIA , Menthe .",
                  "id": "9",
                  "title": "Cours d'étude pharmaceutique par B. (Bouillon) Lagrange,.... Tome 2"
            },
            {
                  "doc_url": "https://gallica.bnf.fr/ark:/12148/bpt6k1269199k",
                  "emotions": [
                        "disgust",
                        "disapproval"
                  ],
                  "excerpt": "Le crapaud est une maladie graVL ' .reconnaissable a t ' odeur et a l ' aspect répugnants , le dessous du pied n ' est parfois qu ' un putrilage .La fourbure .",
                  "id": "10",
                  "title": "Hippologie, étude du cheval et des conditions de son utilisation dans l'armée, par J. Hugues,..."
            },
            {
                  "doc_url": "https://gallica.bnf.fr/ark:/12148/bpt6k9780510t",
                  "emotions": [
                        "disgust"
                  ],
                  "excerpt": "En réalité , il faut distinguer deux espèces de fumeries totalement différentes 1 et dont le contraste s ' affirme autant dans les décors que par les clients .Les premières , fréquentées par le peuple indigène plus ou moins misérable , cabarets à dross plutôt que fumeries d ' opium , ne nous retiendront pas : ce sont des bouges ignobles , sombres , sales , puants , où sont vautrés sur des nattes 1 .Cf .",
                  "id": "11",
                  "title": "Les opiomanes, mangeurs, buveurs et fumeurs d'opium : étude clinique et médico-littéraire / par le Dr Roger Dupouy,... ; préface de M. le professeur Régis,..."
            },
            {
                  "doc_url": "https://gallica.bnf.fr/ark:/12148/bpt6k5794598v",
                  "emotions": [
                        "disgust",
                        "fear"
                  ],
                  "excerpt": "Nous pénétrons dans la ville par une porte de médiocre apparence .Aussitôt une odeur fétide se fait sentir ; bouchons nos narines et détournons les yeux : un cadavre de cheval , à demi - rongé par les chiens et par les vautours , est étendu sur un côté de la voie .Il est fâcheux qu ' eu Orient la malpropreté accompagne presque toujours la beauté .",
                  "id": "12",
                  "title": "La Terre-Sainte. Syrie, Égypte, et Isthme de Suez, description topographique, historique et archéologique... précédée d'une lettre de N. S. P. le Pape, par M. l'abbé Laurent de Saint-Aignan,..."
            },
            {
                  "doc_url": "https://gallica.bnf.fr/ark:/12148/bpt6k90020f",
                  "emotions": [
                        "disgust",
                        "disapproval"
                  ],
                  "excerpt": "Agitez et uah ' ex la dissolution apt ' c .t t ' avoir transvasée dans un verre etto a perdu sou odeur ' s infecte .Mat ! Èrctt co ! oran < cs .",
                  "id": "13",
                  "title": "Manipulations de chimie : métalloïdes (2e édition) / par M. A. Mermet,... ; avec une préface de M. C. Friedel,..."
            },
            {
                  "doc_url": "https://gallica.bnf.fr/ark:/12148/bpt6k5484757m",
                  "emotions": [
                        "disgust"
                  ],
                  "excerpt": "Cette muqueuse offre tout — 81 — d ' abord à l ' observateur minutieux , soit une rougeur intense , soit un rouge sombre ; plus tard une teinte pâle , blafarde , un épaississement notable , un ramollissement particulier , et presque toujours de petites ulcérations qui sécrètent un mucus puriforme , et qui finissent par perforer la cloison du nez .Enfin l ' intérieur des narines exhale une odeur repoussante , qui à fait donner à cet état morbide le nom à ' ozène ( 1 ) .On peut facilement s ' assurer des perforations à l ' aide d ' une sonde recourbée , ou avec une aiguille de bas détrempée , arquée convenablement et introduite par l ' une des deux narines .",
                  "id": "14",
                  "title": "Médecine généralisée, ou Pratique de la médecine mise théoriquement à la portée de tout le monde, par F.-A. Beauqui,..."
            },
            {
                  "doc_url": "https://gallica.bnf.fr/ark:/12148/bpt6k9616450p",
                  "emotions": [
                        "disgust"
                  ],
                  "excerpt": "Pour faire sentir bon l ' haleine , n ' estant mauvaise au - paravant , faudra laver la bouche au matin avec eau de canelle , et y en tenir quelque peu de temps : ou d ' impériale , ou de tériacale ; et après mascher par fois , des racines d ' impératoire , ou d ' iris de Florence , ou d ' angélique , ou du mastic .La mauvaise odeur provenante d ' avoir mangé des aulx , oignons , pourreaux , s ' en va par le mascher des nois récentes , Mal de la bouche .Ulcères .",
                  "id": "15",
                  "title": "Le théâtre d'agriculture et mesnage des champs. Tome 2 / , d'Olivier de Serres,... dans lequel est représenté tout ce qui est requis et necessaire pour bien dresser, gouverner, enrichir et embellir la maison rustique. Nouvelle édition conforme au texte, augmentée de notes et d'un vocabulaire.Tome I [-II, 2e partie]"
            },
            {
                  "doc_url": "https://gallica.bnf.fr/ark:/12148/bpt6k9772128g",
                  "emotions": [
                        "disgust"
                  ],
                  "excerpt": "L ' acide préparé au moyen de l ' amidon , a , une odeur pénétrante particulière , qu ' elle perd quand on la sature par un alcali , et qu ' on distille le formiate : desséché avec de l ' acide sulfurique .L ' acide formique concentré a une odeur acide , piquante et agréable , absolument , semblable à celle desr fourmis qu ' on irrite .S ' il contienti de l ' acide ; sulfureux .",
                  "id": "16",
                  "title": "Traité de chimie, par J. J. Berzélius, traduit par A.-J.-L. Jourdan, sur des manuscrits inédits de l'auteur, et sur la dernière édition allemande. Partie 1,Tome 2"
            },
            {
                  "doc_url": "https://gallica.bnf.fr/ark:/12148/bpt6k691688",
                  "emotions": [
                        "disgust"
                  ],
                  "excerpt": "Un quart d ' heure après , Frédéric monta dans su chambre .On y sentait une odeur indeBnissable , .émanation des choses délicates qui l ' emplissaient .",
                  "id": "17",
                  "title": "L'éducation sentimentale : histoire d'un jeune homme / par Gustave Flaubert..."
            },
            {
                  "doc_url": "https://gallica.bnf.fr/ark:/12148/bpt6k6529080s",
                  "emotions": [
                        "disgust",
                        "fear",
                        "pain"
                  ],
                  "excerpt": "Aconit - napttf .C ' est un poison violent , dont l ' odeur même est dangereuse : il corrode l ' estomac , fait périr dans les convulsions & les doulenrs • les plus atroces , ceux qui le prennent en certaine quantité .Les huileux , les rnuciJ ; ¡ - gineux , le beurre , le lait font les premiers remedes par lesquels on peut tempérer son aélion , si l ' on n ' a pu le faire rejeter par le vomissement : mais lorsque les parties les plus volatiles de l ' Aconit ont déjà paffé dans les fecondes voies , alors les acides végétaux doivent être employés ; on peut quelquefois leur joindre la saignée & les bains .",
                  "id": "18",
                  "title": "Catalogue des plantes naturelles à cette province , & de celles qu'on y cultive le plus communément, avec l'indication du sol où elles croissent, du temps de leur floraison, & de la couleur de leurs fleurs ; ouvrage rédigé pour servir aux cours publics de l'Académie de Dijon. Première [-seconde] partie.. Partie 2"
            },
            {
                  "doc_url": "https://gallica.bnf.fr/ark:/12148/bpt6k58248578",
                  "emotions": [
                        "disgust",
                        "annoyance"
                  ],
                  "excerpt": "Ces graines sont , rondes , membraneuses , de la grosseur d ' un pois , lissesyleur couleur est d ' unrouge - brun ; elles sont remplies de petits oeufsrouges : mais lorsque le kermès est ancien , on n ' y trouve qu ' une substance qui se réduit en poussière .L ' odeur du kermès est foible , - et n ' est pas « désagréable ; sa saveur a une légère âcreté mêlée d ' amertume , - .et laisse sur la langue xin peu d ' astriction .",
                  "id": "19",
                  "title": "Cours d'étude pharmaceutique par B. (Bouillon) Lagrange,.... Tome 2"
            },
            {
                  "doc_url": "https://gallica.bnf.fr/ark:/12148/bpt6k9618781w",
                  "emotions": [
                        "disgust",
                        "frustration"
                  ],
                  "excerpt": "La partie insoluble dans l ' eau était composée de carbonates , de silicates de chaux et d ' aluminium , recelant des traces de fer .Expérimentant les effets conservateurs du natron sur un cadavre d ' enfant , il n ' obtint pas de résultats satisfaisants ; ce corps se décomposa dès le troisième jour , exhalant une odeur repoussante et fétide .Il préconisa , se basant sur ses expériences personnelles , des injections intraveineuses d ' une solution concentrée de chlorure de zinc , méthode qui lui réussit parfaitement .",
                  "id": "20",
                  "title": "De l'embaumement avant et après Jésus-Christ : avec l'analyse de masses résineuses ayant servi à la conservation des corps chez les anciens Egyptiens et les Carthaginois / Dr Louis Reutter"
            }
      ]
}