{
      "articles": [
            {
                  "doc_url": "https://gallica.bnf.fr/ark:/12148/bpt6k9322874",
                  "emotions": [
                        "disgust"
                  ],
                  "excerpt": "Ces lavements sont dans la journée , conservés 4 à 5 heures .Les évacuations qui s ’ ensuivent sont de très mauvaise odeur .La nuit on ajoute 2 gr .",
                  "id": "1",
                  "title": "Intoxications par le sublimé corrosif chez les femmes en couches / par le Dr Richard Sébillotte,..."
            },
            {
                  "doc_url": "https://gallica.bnf.fr/ark:/12148/bpt6k5848524n",
                  "emotions": [
                        "disgust"
                  ],
                  "excerpt": "Comme on est obligé de puiser l ' eau à l ' aide d ' une pompe , elle sort un peu trouble .Sa saveur , âcre , salée et saumâtre , a quelque chose de nauséabond : aussi faut - il un véritable courage pour boire d ' une pareille eau , qui n ' est même pas gazeuse .La composition de la source Elisabeth se rapproche tout à fait de celle des eaux de Soden , Hombourg et Nauheim .",
                  "id": "2",
                  "title": "Guide pratique aux principales eaux minérales de France, de Belgique, d'Allemagne, de Suisse, de Savoie et d'Italie, contenant la description détaillée des lieux où elles se trouvent, ainsi que la composition chimique, les propriétés médicales et le mode d'emploi de ces sources, suivi de quelques considérations sur les étuves, les bains de gaz et les bains de mer (2e éd.) / par le Dr Constantin James,..."
            },
            {
                  "doc_url": "https://gallica.bnf.fr/ark:/12148/bpt6k61384946",
                  "emotions": [
                        "disgust"
                  ],
                  "excerpt": "Des objections sérieuses peuvent être faites à l ' emploi médical de la propylamine .La première , c ' est l ' odeur répugnante de cette substance et l ' altérabilité de la solution donnée sous le nom de propylamine ou de triméthylamine , soit par évaporation soit par décomposition d ' une partie de l ' alcaloïde .De là l ' idée de fixer cette base et d ' en détruire l ' odeur en la convertissant en sel qui aurait en outre l ' avantage de former un composé défini et par conséquent un médicament identique .",
                  "id": "3",
                  "title": "Étude clinique et physiologique sur la propylamine et la triméthylamine, par Aïssa Hamdy,..."
            },
            {
                  "doc_url": "https://gallica.bnf.fr/ark:/12148/bpt6k42378550",
                  "emotions": [
                        "disgust"
                  ],
                  "excerpt": "Cette drogue eft lujette à être falfifiée par les Indiens .Celle qui eft fans enveloppe doit être feche , d ’ une odeur très - forte , d ’ une couleur tannée , d ’ un goût amer ; étant mile fur le feu , elle doit fe confumer entièrement fi elle n ’ eft point falfifiée avec de la terre .L ’ enveloppe qui çontient le mufe , doit être couverte d ’ un poil brun ; c ’ eft la peau de l ’ animal même .",
                  "id": "4",
                  "title": "Dictionnaire raisonné universel d'histoire naturelle, contenant l'histoire des animaux, des végétaux et des minéraux, et celle des corps célestes, des météores et autres principaux phénomènes de la nature, avec l'histoire et la description des drogues simples tirées des trois règnes et le détail de leurs usages dans la médecine, dans l'économie domestique et champêtre et dans les arts et métiers, par M. Valmont de Bomare,.... Tome 3"
            },
            {
                  "doc_url": "https://gallica.bnf.fr/ark:/12148/bpt6k5675052n",
                  "emotions": [
                        "disgust"
                  ],
                  "excerpt": "Cette surface est , en général , un peu rugueuse , inégale , mûriforme : on n ' y ob - — 39 ^ = serve cependant pas les sillons ni les productions villeuses qui caractérisent la végétation .Irritées sous l ' influence du frottement , enflammées par les sécrétions vulvaires , ces papules hypertrophiées deviennent érosives et donnent alors lieu à un suintement souvent fort abondant , d ' une odeur fétide , nauséeuse , presque caractéristique .Sur la portion cutanée de la vulve les papules hypertrophiées se recouvrent quelquefois de croûtes ; elles finissent même par s ' ulcérer dans certains cas .",
                  "id": "5",
                  "title": "Des Syphilides vulvaires, par le Dr Paul Spillmann,..."
            },
            {
                  "doc_url": "https://gallica.bnf.fr/ark:/12148/bpt6k109862z",
                  "emotions": [
                        "disgust"
                  ],
                  "excerpt": "L ' épiderme ayant disparu , elle était glissante au toucher comme celle de certains poissous .Les cheveux et les cils se détachaient trèsfacilement l ' odeur qu ' il exhalait était d ' ailleurs repoussante et des larves d ' insectes s ' agitaient dans les cavités orbitaires où les globes des yeux avaient perdu leurs liquides .Les pieds et les mains ' de ce corps , jusque vers le tiers inférieur des jambes et des bras , offraient un aspect et un état très - remarquables .",
                  "id": "6",
                  "title": "De l'embaumement chez les anciens et chez les modernes et des conservations d'anatomie normale et pathologique / par M. le docteur Sucquet,..."
            },
            {
                  "doc_url": "https://gallica.bnf.fr/ark:/12148/bpt6k57887424",
                  "emotions": [
                        "disgust"
                  ],
                  "excerpt": "11 Dans les masses organiques \" renfermant de l ' acide prussique , on ne peut distinguer cette substance par son odeur , que si la quantité n ' en est pas trop minime et s ' il n ' existe pas , en même temps , d ' autres substances d ' odeur très prononcée .Les masses contenant du phosphore , au contraire , présentent l ' odeur repoussante de ce toxique , même quand elles n ' en contiennent qu ' une quantité très - petite .Je fais remarquer encore une fois que ces masses ne luisent par l ' agitation dans l ' obscurité que quand elles ont une réaction acide .",
                  "id": "7",
                  "title": "Instruction sur la recherche des poisons et la détermination des taches de sang dans les expertises chimico-légales : à l'usage des pharmaciens, des médecins et des avocats (2e édition française, augmentée d'un supplément) / par le Dr. Jul. Otto,... ; avec la collaboration du Dr. Robert Otto,... ; traduit avec l'autorisation de l'auteur sur la quatrième édition allemande par G.-E. Strohl,..."
            },
            {
                  "doc_url": "https://gallica.bnf.fr/ark:/12148/bpt6k5823700t",
                  "emotions": [
                        "disgust",
                        "fear",
                        "nervousness",
                        "embarrassment"
                  ],
                  "excerpt": "Un historiographe a fait observer , à ce propos , que les dents de Louise de la Vallière étaient vilaines ; celles de la Pieine , noires et cassées ; celles de la Palatine , .affreuses ; celles de Mme de Canaples , « puant à la vue , avant d ' empoisonner le nez » ; celles de Condé , - malpropres 4 .D ' autre source nous savons que la duchesse de Bourgogne avait « peu de dents et toutes pourries » ; quant au Roi , il n ' avait pas une meilleure dentition : toute sa vie , il souffrit d ' incommodités dentaires .",
                  "id": "8",
                  "title": "Une Allemande à la cour de France : La princesse Palatine. Les petits talents du grand Frédéric. Un médecin prussien, espion dans les salons romantiques / Docteur Cabanès"
            },
            {
                  "doc_url": "https://gallica.bnf.fr/ark:/12148/bpt6k61451132",
                  "emotions": [
                        "disgust"
                  ],
                  "excerpt": "Espèce deferula ( laurinées ) , qui croît aux Indes .En larmes assez blanches ou jaunâtres détachées , mais ordinairement en masses de larmes agglomérées , impures ; odeur faible , saveur amère , nauséabonde ; peu soluble dans l ' eau , très - soluble dans l ' alcool .Composition .",
                  "id": "9",
                  "title": "Formulaire pharmaceutique egyptien, à l'usage des hôpitaux militaires des établissements, des corps et de la marine / rédigé par le Conseil général de Santé"
            },
            {
                  "doc_url": "https://gallica.bnf.fr/ark:/12148/bpt6k6118295c",
                  "emotions": [
                        "disgust"
                  ],
                  "excerpt": "Partie basse du coteau Eues sales et maisons Plusieurs fabriques à quelquefois les matières presqu ' au niveau du mêlées .odeur insalubre s ' y fécales au pied de leur canal .trouvent .",
                  "id": "10",
                  "title": "Recherches sur les causes, la nature et le traitement du choléra... par le Dr A. Petit de Maurienne,..."
            },
            {
                  "doc_url": "https://gallica.bnf.fr/ark:/12148/bpt6k6149085f",
                  "emotions": [
                        "disgust",
                        "fear"
                  ],
                  "excerpt": "Moscou renfermait seize cents pompes destinées au service public : toutes ont été emportées ou détruites ! 18 274 HISTOIRE DE NAPOLÉON .De hoirs tourbillons de fumée se sont élevé sous le vent : partis des quartiers orientaux , ils se sont étendus sur la ville , jetant partout l ' affreuse odeur de soufre et de bitume .La flamme les suit avec rapidité ; elle court de maison en maison , elle s ' accroît de tout ce qu ' elle dévore et coule dans un lit de feu d ' une extrémité de la ville à l ' autre .",
                  "id": "11",
                  "title": "Histoire de Napoléon le Grand, empereur des Français, depuis sa naissance jusqu'à sa mort, offrant le tableau de sa carrière civile et militaire, terminée par les détails de sa captivité à Sainte-Hélène et de la translation de ses dépouilles mortelles à Paris en 1840. Édition ornée de gravures"
            },
            {
                  "doc_url": "https://gallica.bnf.fr/ark:/12148/bpt6k9621935f",
                  "emotions": [
                        "disgust"
                  ],
                  "excerpt": "On reconnaît trois variétés dans l ' aloès du commerce ; le plus pur est l ' aloès succotrin , ainsi dénommé parce qu ' il était fourni autrefois par l ' île de Soccotora dans le golfe Persique , d ' où il arrivait en France par Smyrne et Marseille .Cet aloès est d ' un jaune rougeàtre avec un reflet pourpre , d ' une odeur aromatique , agréable , d ' une saveur amère , intense et durable .Il se réduij .",
                  "id": "12",
                  "title": "Le vétérinaire moderne, ou Traité simple et pratique de l'art vétérinaire mis à la portée de tous / par H.-C. Debry,..."
            },
            {
                  "doc_url": "https://gallica.bnf.fr/ark:/12148/bpt6k91693j",
                  "emotions": [
                        "disgust"
                  ],
                  "excerpt": "JTai mis en diftillation dans une cornue de verre , huit onces de terre tbiiée cryitatHfëe il a pauë une once fept .gros de phtegtne ~ quirougiMoit à peine la teinture de tournerol , & qui avoit une odeur empyreumatique .U a pauë enfuite MX gros foixante grains de liqueur aqueuie , un peu plus acide , d ' une odeur empvreumatt ' que .",
                  "id": "13",
                  "title": "Chymie expérimentale et raisonnée. Tome 2 / , par M. Baumé,..."
            },
            {
                  "doc_url": "https://gallica.bnf.fr/ark:/12148/bpt6k874210c",
                  "emotions": [
                        "disgust"
                  ],
                  "excerpt": "chromique elle s ’ oxyde , donne une color .verte et développe une odeur pénétrante de cicutine .Marquis ( Morphine ) .",
                  "id": "14",
                  "title": "Formulaire général des réactions et réactifs chimiques et microscopiques : comprenant réactions et réactifs usités en analyse, papiers réactifs et indicateurs... / par Raoul Roche,..."
            },
            {
                  "doc_url": "https://gallica.bnf.fr/ark:/12148/bpt6k6431685g",
                  "emotions": [
                        "disgust",
                        "disapproval"
                  ],
                  "excerpt": "Fleur grande , pleine ; coloris rose foncé , revers des pétales blanchâtres .Très odorante .Arbuste vigoureux , à floraison précoce .",
                  "id": "15",
                  "title": "Dictionnaire des roses, ou Guide général du rosiériste.... Tome 2 / Max Singer"
            },
            {
                  "doc_url": "https://gallica.bnf.fr/ark:/12148/bpt6k6149169p",
                  "emotions": [
                        "disgust"
                  ],
                  "excerpt": "- Mauvaise odeur de la bouche , dont lés autres s ' aperçoivent .? - Odeur tantôt alliacée , tantôt putride , de la bouche .- APPAREIL DIGESTIF 13 Sécheresse dans la bouche , le matin .",
                  "id": "16",
                  "title": "Traité de matière médicale homoeopathique... traduit... par Dr Léon Simon,... Dr Vt-Léon Simon,..."
            },
            {
                  "doc_url": "https://gallica.bnf.fr/ark:/12148/bpt6k42378550",
                  "emotions": [
                        "disgust"
                  ],
                  "excerpt": "Sa racine eft épaifle , charnue , noirâtre en dehors , blanche en dedans & .odorante : elle pouffe des tiges hautes de cinq à fix pieds , groffes , cannelées , nouées & rameufes ; fes feuil - J les font faites comme celles de Tache des marais , mais plus amples , vertes , brunâtres & d ’ une odeur forte .Les fommités des tiges font chargées de grandes ombelles ou parafols , garnies de fleurs jaunes , auxquelles fuccedent des femences affez grandes , oblongues , aromatiques , âcres & de couleur obfcure .",
                  "id": "17",
                  "title": "Dictionnaire raisonné universel d'histoire naturelle, contenant l'histoire des animaux, des végétaux et des minéraux, et celle des corps célestes, des météores et autres principaux phénomènes de la nature, avec l'histoire et la description des drogues simples tirées des trois règnes et le détail de leurs usages dans la médecine, dans l'économie domestique et champêtre et dans les arts et métiers, par M. Valmont de Bomare,.... Tome 3"
            },
            {
                  "doc_url": "https://gallica.bnf.fr/ark:/12148/bpt6k5848524n",
                  "emotions": [
                        "disgust",
                        "boredom",
                        "indifference"
                  ],
                  "excerpt": "À sa sortie de terre , l ' eau minérale est d ' une parfaite limpidité : elle prend , dans ses bassins , une teinte louche et jaunâtre dont les nuances varient quand le temps est orageux et très chargé d ' électricité .Sa saveur salée et désagréable laisse un arrière - goût un peu fade , NIEDERBRONN .255 que masque en partie le gaz acide carbonique ; elle exhale une légère odeur d ' argile humide .",
                  "id": "18",
                  "title": "Guide pratique aux principales eaux minérales de France, de Belgique, d'Allemagne, de Suisse, de Savoie et d'Italie, contenant la description détaillée des lieux où elles se trouvent, ainsi que la composition chimique, les propriétés médicales et le mode d'emploi de ces sources, suivi de quelques considérations sur les étuves, les bains de gaz et les bains de mer (2e éd.) / par le Dr Constantin James,..."
            },
            {
                  "doc_url": "https://gallica.bnf.fr/ark:/12148/bpt6k61451132",
                  "emotions": [
                        "disgust"
                  ],
                  "excerpt": "Plante qui croît au Mexique .En morceaux irréguliers , ridés , rougeâtres à l ' extérieur , moins foncés à l ' intérieur ; texture compacte et par couches ; odeur et saveur nauséabonde .Emploi .",
                  "id": "19",
                  "title": "Formulaire pharmaceutique egyptien, à l'usage des hôpitaux militaires des établissements, des corps et de la marine / rédigé par le Conseil général de Santé"
            },
            {
                  "doc_url": "https://gallica.bnf.fr/ark:/12148/bpt6k6149169p",
                  "emotions": [
                        "disgust"
                  ],
                  "excerpt": "- Selle molle , en bouillie , d ' odeur aigre , très fétide , sortant rapidement , tout d ' un coup .- Selle d ' odeur aigre et putride .- Trois selles liquides et acres dans la journée , suivies de la sortie d ' hémorroïdes , qui suintent beaucoup et font mal quand on est assis ( au b .",
                  "id": "20",
                  "title": "Traité de matière médicale homoeopathique... traduit... par Dr Léon Simon,... Dr Vt-Léon Simon,..."
            }
      ]
}