{
      "articles": [
            {
                  "doc_url": "https://gallica.bnf.fr/ark:/12148/bpt6k992393q",
                  "emotions": [
                        "disgust"
                  ],
                  "excerpt": "— fertile .|Ce vin sent le — , Il a un goût désagréable .jCet auteur sent le — , Il a les défauts de son pays .",
                  "id": "1",
                  "title": "Dictionnaire de la langue française, à l'usage des écoles chrétiennes / par F. P. B. (M. Bransiet)"
            },
            {
                  "doc_url": "https://gallica.bnf.fr/ark:/12148/bpt6k938780p",
                  "emotions": [
                        "disgust"
                  ],
                  "excerpt": "Soluble dans deux parties d ’ alcool pur , elle doit dissoudre l / 40 e de son poids de carbonate de magnésie en restant translucide .Goût âcre , amer et repoussant ; odeur forte et peu agréable ; couleur jaune pâle .— Employée en médecine comme un stimulant très actif et un puissant astringent .",
                  "id": "2",
                  "title": "Manuel du négociant pour la connaissance des marchandises, ou Traité précis des diverses productions du globe répandues dans le commerce... suivi d'un vocabulaire raisonné de termes employés dans le commerce et des tares et usages pour les marchandises sur la place du Havre, par Éd. Duboc"
            },
            {
                  "doc_url": "https://gallica.bnf.fr/ark:/12148/bpt6k64818666",
                  "emotions": [
                        "disgust",
                        "annoyance",
                        "embarrassment"
                  ],
                  "excerpt": "Abattoirs .Danger de voir les animaux s ' échapper ; mauvaise odeur .— ( 14 janvier 1815 .",
                  "id": "3",
                  "title": "Hygiène publique / travaux... résumés par Évariste Thévenin,... ; Conseil de salubrité de la Seine"
            },
            {
                  "doc_url": "https://gallica.bnf.fr/ark:/12148/bpt6k5821675k",
                  "emotions": [
                        "disgust"
                  ],
                  "excerpt": "La capsule renferme des semences noires .L ' odeur de la Linaire est plutôt fétide qu ' agréable ; la saveur est amère et acerbe .Bien que les médecins ne la prescrivent plus , je vous la recommande en fomentations , en cataplasmes , en onguents .",
                  "id": "4",
                  "title": "Les Plantes médicinales et usuelles de nos champs, jardins, forêts ; description et usages des plantes, comestibles, suspectes, vénéneuses... par H. Rodin,..."
            },
            {
                  "doc_url": "https://gallica.bnf.fr/ark:/12148/bpt6k9305563",
                  "emotions": [
                        "disgust"
                  ],
                  "excerpt": "Le contact de la glace donne aux rognons un aspec ’ terne , peu appétissant .La putréfaction se manifeste par la coloration verdâtre de la graisse , par l ’ odeur repoussante et par la teinte terreuse de la coupe .Estomacs .",
                  "id": "5",
                  "title": "La cuisine et la table modernes / par MM. le docteur Lambling,... docteur A. Moreau,... Douane,... [et al.] ; introduction de M. Marguery,..."
            },
            {
                  "doc_url": "https://gallica.bnf.fr/ark:/12148/bpt6k992393q",
                  "emotions": [
                        "disgust"
                  ],
                  "excerpt": "m .Le creux de l ’ aisselle ;| Mauvaise odeur qui en vient .|Morceau de toile qu ’ on met à la manche d ’ une chemise , à l ’ endroit de l ’ aisselle .",
                  "id": "6",
                  "title": "Dictionnaire de la langue française, à l'usage des écoles chrétiennes / par F. P. B. (M. Bransiet)"
            },
            {
                  "doc_url": "https://gallica.bnf.fr/ark:/12148/bpt6k5821675k",
                  "emotions": [
                        "disgust"
                  ],
                  "excerpt": "Les capsules sont grosses , trèslisses , glabres , globuleuses , s ' ouvrant par des pores au - dessous du plateau stigmatifère ; les semences sont petites , blanchâtres , si nombreuses qu ' un seul pied peut en produire jusqu ' à 32 , 000 .S ' il vous arrive de froisser les feuilles ou les capsules , vous reconnaissez une odeur nauséabonde ; la saveur est amère et acre .La thérapeutique se sert surtout des capsules , et il faut avoir la précaution de les cueillir avant la parfaite maturité des graines .",
                  "id": "7",
                  "title": "Les Plantes médicinales et usuelles de nos champs, jardins, forêts ; description et usages des plantes, comestibles, suspectes, vénéneuses... par H. Rodin,..."
            },
            {
                  "doc_url": "https://gallica.bnf.fr/ark:/12148/bpt6k6149204p",
                  "emotions": [
                        "disgust",
                        "anger",
                        "indifference"
                  ],
                  "excerpt": "■ 10 .Odeur meilacée ( 0 .mellaceus ; beaucoup de plantes ont cette odeur à raison de la grande quantité de matière mucososucrée qu ' elles portent dans leurs appareils nectaifères ; la fleur de Bois de Campêche ( Hoematoxylon campechianum ) ; la Manne , les Figues , les Dattes , les Sébestes très - mûres et un peu séchées , ont une odeur approchant du miel .",
                  "id": "8",
                  "title": "Traité général de botanique, par A.-N. Desvaux,..."
            },
            {
                  "doc_url": "https://gallica.bnf.fr/ark:/12148/bpt6k57466971",
                  "emotions": [
                        "disgust",
                        "fear",
                        "annoyance",
                        "boredom",
                        "nervousness",
                        "despair",
                        "pain"
                  ],
                  "excerpt": "n .Être fade , nauséabond ; l ' estoumac me fadejo , j ' éprouve des fadeurs d ' estomac .— SYN .",
                  "id": "9",
                  "title": "Dictionnaire des idiomes romans du midi de la France : comprenant les dialectes du Haut et du Bas-Languedoc, de la Provence, de la Gascogne, du Béarn, du Querci, du Rouergue, du Limousin, du Bas-Limousin, du Dauphiné, etc.. Tome 2 / par Gabriel Azaïs"
            },
            {
                  "doc_url": "https://gallica.bnf.fr/ark:/12148/bpt6k64818666",
                  "emotions": [
                        "disgust",
                        "annoyance"
                  ],
                  "excerpt": ") Sang des animaux , destiné à la fabrication du bleu de Prusse ( Dépôts et ateliers pour la cuisson ou la dessiccation du ) .Odeur très désagréable , surtout si le sang conservé n ' est pas à l ' état sec .— ( 9 février 1825 .",
                  "id": "10",
                  "title": "Hygiène publique / travaux... résumés par Évariste Thévenin,... ; Conseil de salubrité de la Seine"
            },
            {
                  "doc_url": "https://gallica.bnf.fr/ark:/12148/bpt6k938780p",
                  "emotions": [
                        "disgust"
                  ],
                  "excerpt": "2 e sorte .Odeur moins pure ; elle a quelque chose d ’ ammoniacal et d ’ animalisé .En vessies intactes , portant souvent un cachet comme dans la première sorte , et en vessies qui ont été ouvertes , et qui ne portent point de cachet .",
                  "id": "11",
                  "title": "Manuel du négociant pour la connaissance des marchandises, ou Traité précis des diverses productions du globe répandues dans le commerce... suivi d'un vocabulaire raisonné de termes employés dans le commerce et des tares et usages pour les marchandises sur la place du Havre, par Éd. Duboc"
            },
            {
                  "doc_url": "https://gallica.bnf.fr/ark:/12148/bpt6k992393q",
                  "emotions": [
                        "disgust"
                  ],
                  "excerpt": "m .Mauvaise odeur , mauvais goût que contracte une viande renfermée dans un lieu humide .RELEVAILLES .",
                  "id": "12",
                  "title": "Dictionnaire de la langue française, à l'usage des écoles chrétiennes / par F. P. B. (M. Bransiet)"
            },
            {
                  "doc_url": "https://gallica.bnf.fr/ark:/12148/bpt6k58326525",
                  "emotions": [
                        "disgust"
                  ],
                  "excerpt": "Avec ces peaux , les Kamtschadales font des b & àfflts , , $ $ H £ de pirogue j ils font aussi de la chandelle avec la graisse , qui el même temps es * une friandise pour eux .La chair fraîche de ces animaux est leur nourriture ordinaire , quoiqu ' elle soit tjrè > cor ! ace et qu ' elle ait une odeur forte et désagréable ; ils en font sécher au soleil , eu ils la fument , pour leur provision d ' hiver .Les Anglais et les Américains de l ' Union sont les seuls peuples , je crois , qui fassent en grand , et sous le rapport commercial , la chasse des phoques .",
                  "id": "13",
                  "title": "Le Panthéon populaire illustré. 3e série, livraisons 41-59, Le jardin des plantes : description et moeurs des mammifères de la ménagerie et du Muséum d'histoire naturelle / par M. Boitard ; précédé d'une introduction historique, descriptive et pittoresque par M. J. Janin"
            },
            {
                  "doc_url": "https://gallica.bnf.fr/ark:/12148/bpt6k934785g",
                  "emotions": [
                        "disgust"
                  ],
                  "excerpt": "Ce ( I ) Reproduit dans Ai .meut de Rochas , Les effluves odiques .Paris , Carré , 1896 .",
                  "id": "14",
                  "title": "Les radiations humaines : introduction à la démonstration expérimentale de l'existence des corps subtils de l'homme... / Raoul Montandon"
            },
            {
                  "doc_url": "https://gallica.bnf.fr/ark:/12148/bpt6k91877v",
                  "emotions": [
                        "disgust"
                  ],
                  "excerpt": "0 ~ la CM ~ ~ N .La civette est une substance odorante qui ap .proche beaucoup de rôdeur du musc maïs p ! u < ( < ) 9 & tp « XM < .",
                  "id": "15",
                  "title": "Cours élémentaire théorique et pratique de pharmacie chimique ou Manuel du pharmacien-chimiste. Tome 2 / , par Simon Morelot,..."
            },
            {
                  "doc_url": "https://gallica.bnf.fr/ark:/12148/bpt6k91877v",
                  "emotions": [
                        "disgust",
                        "anger"
                  ],
                  "excerpt": "passe Jaus les récipients un acide d ' une odeur très piquante eet jt ~ ~ 0 ; acide est actuellement reconnu pour del ' açidf acétiqne ; y .Une huile Mu ! Je , ensu ! te apais - ée , qui se cotorcetquidevientuuoe odeur forte empyreumatique , 4 \" .Du gaz h ) drogeuc carbone Le charbon en est rare .",
                  "id": "16",
                  "title": "Cours élémentaire théorique et pratique de pharmacie chimique ou Manuel du pharmacien-chimiste. Tome 2 / , par Simon Morelot,..."
            },
            {
                  "doc_url": "https://gallica.bnf.fr/ark:/12148/bpt6k6308122b",
                  "emotions": [
                        "disgust",
                        "fear",
                        "doubt"
                  ],
                  "excerpt": "La femme qui abuse des parfums finit par perdre le sens physique et moral des odeurs et ceux qui .les approchent ne manquent pas de méfier et de flairer là - dessous quelque parfum naturel désagréable , parmi tous ces bouquets artificiels d ' un goût plus ou moins douteux : Martial , dans unépigrammeàGallia , disait : « En quelque lieu que tu arrives , on croirait que Cosmus vient d ' y transporter sa boutique et que toutes ses essences s ' échappent de leurs flacons renversés , ne te complais donc point , Gai lia , dans l ' usage de ces supernui - tés étrangères .Tu n ' ignores pas , je pense , que , de cette manière , mon chien aussi pourrait sentir bon .",
                  "id": "17",
                  "title": "La volupté et les parfums / Dr Caufeynon"
            },
            {
                  "doc_url": "https://gallica.bnf.fr/ark:/12148/bpt6k1180867j",
                  "emotions": [
                        "disgust",
                        "pain"
                  ],
                  "excerpt": "La surface de la tumeur s ’ enflamme et s ’ excorie sous l ’ influence irritante des liquides qui se décomposent .L ’ écoulement sanguinolent prend une odeur forte , repoussante , les tissus ulcérés deviennent fongueux et blafards , saignent au moindre contact ; le malade s ’ épuise par l ’ abondance de la suppuration et par un véritable empoisonnement putride .Il peut survenir des phénomènes généraux , un affaiblissement anémique , comme dans les dernières périodes des maladies cancéreuses .",
                  "id": "18",
                  "title": "Les Maladies vénériennes,... par le Dr Hayès"
            },
            {
                  "doc_url": "https://gallica.bnf.fr/ark:/12148/bpt6k64818666",
                  "emotions": [
                        "disgust",
                        "annoyance"
                  ],
                  "excerpt": ") Teint uriers - Dcgraisseurs .Buée et odeur désagréable quand les sout ' roirs sont mal construits .- ( 15 octobre 1810 , 14 janvier 1815 .",
                  "id": "19",
                  "title": "Hygiène publique / travaux... résumés par Évariste Thévenin,... ; Conseil de salubrité de la Seine"
            },
            {
                  "doc_url": "https://gallica.bnf.fr/ark:/12148/bpt6k6541103d",
                  "emotions": [
                        "disgust",
                        "fear",
                        "annoyance",
                        "nervousness",
                        "pain",
                        "embarrassment",
                        "guilt"
                  ],
                  "excerpt": "Gervaise , droite au milieu de la rue , regardait la porte .Ça commençait à sentir mauvais .Deux ouvriers attardés se montrèrent encore , mais toujours pas de Coupeau .",
                  "id": "20",
                  "title": "L'assommoir. Edition 3 / par Émile Zola"
            }
      ]
}