{
      "articles": [
            {
                  "doc_url": "https://gallica.bnf.fr/ark:/12148/bpt6k54309835",
                  "emotions": [
                        "disgust",
                        "disapproval",
                        "gratitude"
                  ],
                  "excerpt": "Lorsque l ' on compare L ' être aux floraisons , Quel luxe bizarre De comparaisons ! DEUXIEME PARTIE 205 Blanche marguerite , J ' aime mieux te voir Que l ' homme en guérite Et l ' avocat noir .Douce primevère , OEillets et jasmins , Que je vous préfère Aux parfums humains ! Le café , l ' absinthe , La pipe ..",
                  "id": "1",
                  "title": "Nouvelles chansons à dire ou à chanter... / Gustave Nadaud"
            },
            {
                  "doc_url": "https://gallica.bnf.fr/ark:/12148/bpt6k6565416v",
                  "emotions": [
                        "disgust"
                  ],
                  "excerpt": "362 .Les Plantes à Odeur d ' Ambre font analeptiques , restaurantes ; les Odorantes , urgastiques ; les Aromatiques , ftimu lantos ; les Ingrates , stupéfiantes ; les Nauséabondes , corroflves .Celles à odeur d ' AMBRE ( Ambrofiaca ) agissent comme l ' Amlr ? , le Musc , la Civette .",
                  "id": "2",
                  "title": "Philosophie botanique de Charles Linné ,... Dans laquelle sont expliqués les fondements de la botanique, avec les définitions de ses parties, les exemples des termes, des observations sur les plus rares. Enrichie de figures. Traduite du latin par Fr.-A. Quesné"
            },
            {
                  "doc_url": "https://gallica.bnf.fr/ark:/12148/bpt6k1182739h",
                  "emotions": [
                        "surprise",
                        "disgust",
                        "fear",
                        "doubt",
                        "nervousness",
                        "embarrassment"
                  ],
                  "excerpt": "Il ouvrit la porte .Que signifiaient cette obscurité , cette odeur fétide qui le saisissait à la gorge ! Il voulut reculer .Mais deux bras s ’ enlacèrent à son cou , et les lèvres d ’ une femme s ’ attachèrent à ses lèvres .",
                  "id": "3",
                  "title": "Chair à canon, par M. L. Gagneur"
            },
            {
                  "doc_url": "https://gallica.bnf.fr/ark:/12148/bpt6k5829081q",
                  "emotions": [
                        "disgust"
                  ],
                  "excerpt": "inodore , .mais la racine est douée d ' une saveur extrêmement amère , nauséabonde .Cette ïacine , qui est la seule partie employée , renferme une grande quantité de fécule , une huile volatile ^ concrète , \" de la Tésiné , .",
                  "id": "4",
                  "title": "Traité des plantes médicinales indigènes, précédé d'un Cours de botanique, par Antonin Bossu..."
            },
            {
                  "doc_url": "https://gallica.bnf.fr/ark:/12148/bpt6k5829081q",
                  "emotions": [
                        "disgust"
                  ],
                  "excerpt": "— Fleurs d ' un jaune , verdâtre ; corolle , tubuleuse - hypocratéri ' fornie , à divisions obtuses ; capsule subglobuleuse , etc .— Cette plante , que Ton dit avoir été la première naturalisée en Europe , et qui est subspontanée çà et là sur les décombres , a une odeur forte , vireuse , nauséabonde , et une saveur acre , piquante , qui sontpourtant moins prononcées que dans l ' espèce précédente .Tout cô qui a été dit de cette dernière lui est applicable .",
                  "id": "5",
                  "title": "Traité des plantes médicinales indigènes, précédé d'un Cours de botanique, par Antonin Bossu..."
            },
            {
                  "doc_url": "https://gallica.bnf.fr/ark:/12148/bpt6k56588499",
                  "emotions": [
                        "sadness",
                        "disgust",
                        "doubt",
                        "nervousness",
                        "pain",
                        "embarrassment"
                  ],
                  "excerpt": "Bon .Ensuite ? — - Elle sent mauvais et elle coule .Quoi encore ? — • 11 faut la moucher souvent .",
                  "id": "6",
                  "title": "Leçons de choses : cours méthodique comprenant les matières des programmes officiels (6e édition) / par le Dr Saffray"
            },
            {
                  "doc_url": "https://gallica.bnf.fr/ark:/12148/bpt6k9601838s",
                  "emotions": [
                        "disgust"
                  ],
                  "excerpt": "& s ' il sent le moisi , ils l ' arroseront d ' eau , dans laquelle ils auront fait fondre un peu de sçl de cuisine ; ils .vanneront bien l ' avoine , & ôteront les pierres & les graviers qu ' elle contient quelquefois , & qui dégoûtent les chevaux lorsqu ' ils les croquent sous les dents , qu ' elles peuvent d ' ailleurs ébranler ; si elle a une mauvaise odeur , ils l ' arroseront également d ' eau salée .8 .",
                  "id": "7",
                  "title": "Instruction sur les soins à donner aux chevaux, pour les conserver en santé sur les routes et dans les camps ; prévenir les accidens auxquels ils sont exposés, & remédier à ceux qui pourroient leur arriver. Imprimée par ordre du Comité de salut public. Seconde édition"
            },
            {
                  "doc_url": "https://gallica.bnf.fr/ark:/12148/bpt6k6465732r",
                  "emotions": [
                        "disgust",
                        "curiosity"
                  ],
                  "excerpt": "Huit hommes forts & robulles que nous avions employés pour l ' inhumades os ren fermés dans le c harnier du Cirrietiere de Notre - Dame de cette Ville , eurent beaucoup de peine à finir ce travail ; & leur fanté en sur si altérée , que leurs vi fages étoient défigurés .Ceux que la curiosité faisoit approcher de trop près ces ossemens , étoient fubirement frappés d ' une odeur Ínfeéle , & forcés de le retirer .On a observé que les liqueurs animales deviennent corrollves par la putréfaction .",
                  "id": "8",
                  "title": "Réflexions sur les dangers des exhumations précipitées, et sur les abus des inhumations dans les églises ; suivies d'Observations sur les plantations d'arbres dans les cimetières. Par M. Pierre-Toussaint Navier,..."
            },
            {
                  "doc_url": "https://gallica.bnf.fr/ark:/12148/bpt6k6465732r",
                  "emotions": [
                        "disgust"
                  ],
                  "excerpt": "Cela suffit donc pour faire évanouir le systéme de ceux qui voudroient faire passer nos teitacées fossiles pour des substances entièrement minérales .L ' odeur fétide qui s ' éleve de nos pierres calcaires , appellécs dans ce pays - ci pierres de taille a bâtir , lorsqu on les scie semble encore prouver qu ' elles ont le produit de fubllances coquillaires animales .La ditférence qui se trouve entre le degré de feu que j ' ai fait éprouver à nos coquillages fossiles .",
                  "id": "9",
                  "title": "Réflexions sur les dangers des exhumations précipitées, et sur les abus des inhumations dans les églises ; suivies d'Observations sur les plantations d'arbres dans les cimetières. Par M. Pierre-Toussaint Navier,..."
            },
            {
                  "doc_url": "https://gallica.bnf.fr/ark:/12148/bpt6k5829081q",
                  "emotions": [
                        "disgust"
                  ],
                  "excerpt": "cotine et la codéine , parce que ce sont les plus importants en thérapeutique .Nous ajouterons encore qu ' en thèse générale on peut dire qu ' un opium est d ' autant plus pur qu ' il a une odeur plus forte , plus vireuse , une saveur acre , amère et nauséeuse .La morphine est une matière blanche solide , en aiguilles prismatiques , insoluble dans Téther et clans l ' eau , inodore , d ' une saveur très amère , etc .",
                  "id": "10",
                  "title": "Traité des plantes médicinales indigènes, précédé d'un Cours de botanique, par Antonin Bossu..."
            },
            {
                  "doc_url": "https://gallica.bnf.fr/ark:/12148/bpt6k4246062b",
                  "emotions": [
                        "disgust",
                        "nostalgia"
                  ],
                  "excerpt": "Les feuillets sont denticulés à la fin libres , ventrus , crème , puis bruns .La chair est blanchâtre , l ’ odeur rappelle celle delà terre , la saveur est désagréable .On trouve cette espèce en automne dans les forêts ombragées .",
                  "id": "11",
                  "title": "Atlas des champignons comestibles et vénéneux : ouvrage contenant la description de toutes les espèces comestibles et vénéneuses de la France / par M. J. Costantin,..."
            },
            {
                  "doc_url": "https://gallica.bnf.fr/ark:/12148/bpt6k5829081q",
                  "emotions": [
                        "disgust",
                        "annoyance"
                  ],
                  "excerpt": "Propriétés .L ' odeur de la Maroute est aromatique , prononcée , désagréable ; sa - saveur est amère .On peut l ' employer comme la Camomille romaine , dans les névroses , l ' hystérie , les gastralgies , lesflatuosités ; mais on n ' a guère à citer que le témoignage de Peyrilhe en faveur de son action fébrifuge .",
                  "id": "12",
                  "title": "Traité des plantes médicinales indigènes, précédé d'un Cours de botanique, par Antonin Bossu..."
            },
            {
                  "doc_url": "https://gallica.bnf.fr/ark:/12148/bpt6k5530228s",
                  "emotions": [
                        "disgust"
                  ],
                  "excerpt": "Tel est le cas du fer maintenu à l ' air humide : il se recouvre de rouille , 1res différente du fer par son aspect extérieur et ses propriétés .De même , un morceau de soufre allumé brûle avec une flamme , bleue et se transforme en un gaz à odeur suffocante .Ce sont là des phénomènes chimiques .",
                  "id": "13",
                  "title": "Cours de physique à l'usage des candidats aux écoles d'arts et métiers (4e édition) / par J. Basin,..."
            },
            {
                  "doc_url": "https://gallica.bnf.fr/ark:/12148/bpt6k1091843g",
                  "emotions": [
                        "disgust",
                        "anger",
                        "annoyance",
                        "disapproval",
                        "doubt"
                  ],
                  "excerpt": ".t Ç8 FANTASIA MILITAIRE — Vous puez de partout , et je comprends que cette mosphère soit ignoble ; c ’ est dégoûtant , fusilier Flasquet ..",
                  "id": "14",
                  "title": "Comment on devient duchesse. Préface de Horace Bertin / Paul Guiraud"
            },
            {
                  "doc_url": "https://gallica.bnf.fr/ark:/12148/bpt6k15124865",
                  "emotions": [
                        "disgust"
                  ],
                  "excerpt": "DAPHNE odora .DAPHNÉ odorant .D .",
                  "id": "15",
                  "title": "Traité des arbres et arbustes que l'on cultive en France en pleine terre par Duhamel Seconde édition considérablement augmentée."
            },
            {
                  "doc_url": "https://gallica.bnf.fr/ark:/12148/bpt6k9766197p",
                  "emotions": [
                        "disgust",
                        "annoyance"
                  ],
                  "excerpt": "; feuilles nombreuses , courtement pétiolées , linéaires - lancéolées , elliptiques , très entières , un peu obtuses , vertes et légèrement pubescentes en dessus , blanches - cotonneuses en dessous et roulées par les bords ; fleurs courtement pédicellées , disposées en tête terminale déprimée ou corymbiforme ; calice à peine gibbeux à la base , à 5 nervures , légèrement pubescent , à dents triangulaires , acuminées , presque égales ; corolle blanchâtre , à lèvre supérieure à 2 lobes arrondis , marqués de veines brunâtres , l ' inférieure horizontale , à 5 lobes , les latéraux petite , obtus , le moyen très grand , arrondi .Odeur aromatique forte , non agréable .y ( Juin — août ) .",
                  "id": "16",
                  "title": "Flore jurassienne ou Description des plantes vasculaires croissant naturellement dans les montagnes du Jura.... Tome 3 / par C.-M.-Philibert Babey,..."
            },
            {
                  "doc_url": "https://gallica.bnf.fr/ark:/12148/bpt6k4246062b",
                  "emotions": [
                        "disgust"
                  ],
                  "excerpt": "Le chapeau est verdâtre ; il présente , lorsque la matière visqueuse est tombée , la même teinte que le pied ; il est creusé de grandes alvéoles .Ce champignon a une odeur infecte qui le fait découvrir de très loin .11 est très commun dans les forêts ombragées , en été et automne .",
                  "id": "17",
                  "title": "Atlas des champignons comestibles et vénéneux : ouvrage contenant la description de toutes les espèces comestibles et vénéneuses de la France / par M. J. Costantin,..."
            },
            {
                  "doc_url": "https://gallica.bnf.fr/ark:/12148/bpt6k6567813m",
                  "emotions": [
                        "disgust"
                  ],
                  "excerpt": "On la dit féroce , cette Gyptis ! ( Haut .) Décidément , je ne passerai pas la nuit ici , cette chambre sent mauvais .( A une de ses femmes .",
                  "id": "18",
                  "title": "Les amoureuses / par A. de L'Estoille"
            },
            {
                  "doc_url": "https://gallica.bnf.fr/ark:/12148/bpt6k5829081q",
                  "emotions": [
                        "disgust",
                        "annoyance"
                  ],
                  "excerpt": "Propriétés , usages , .Toute là plante répand une \" odeur aro / aro / bon désagréable , / qui devient plus ; .prononcée lorsqu ' on \" ■ ' l ' écrase ■ ' ■ ; ■ sa \" sâvëur est un peu àinèré ' .",
                  "id": "19",
                  "title": "Traité des plantes médicinales indigènes, précédé d'un Cours de botanique, par Antonin Bossu..."
            },
            {
                  "doc_url": "https://gallica.bnf.fr/ark:/12148/bpt6k8630207g",
                  "emotions": [
                        "disgust"
                  ],
                  "excerpt": "Les fous nichent en société et remplissent les crêtes des rochers de leurs nids grossiers .Il en sort une odeur impossible à supporter .Nid du fou .",
                  "id": "20",
                  "title": "Les Habitations merveilleuses. Imité de l'anglais, par L. Rousseau"
            }
      ]
}