{
      "articles": [
            {
                  "doc_url": "https://gallica.bnf.fr/ark:/12148/bpt6k98070569",
                  "emotions": [
                        "disgust"
                  ],
                  "excerpt": "On rencontre les helvelles dans les bols en automne : elles se plaisent dans les lieux ombragés ; elles n ' ont rien de désagréable au goût et à l ' odorat , excepté l ' helvelle hispide ( helvella hispida , Schœf .) , qui répand une odeur très - désagréable de punaise .— L ' helvelle en mitre est bonne à manger , elle n ' a aucune mauvaise qualité ; sa chair a un goût approchant de celui de la morille : deux lobes de son chapeau , plus élevés que les autres , lui ont fait donner le nom de mitre d ' evèque .",
                  "id": "1",
                  "title": "Dictionnaire de botanique pratique / par le Dr Ferd. Hoefer"
            },
            {
                  "doc_url": "https://gallica.bnf.fr/ark:/12148/bpt6k9667536f",
                  "emotions": [
                        "disgust"
                  ],
                  "excerpt": ".Son fruit étant cueilli sur l ' arbre avant sa maturité , a un goût styptique 8c très - amer * il est astringent * , mais quand il est mûr , il hume < 5le 8c rafraîchit les entrailles , il appaise l ' ardeur delà fiévre , il lâche le ventre ., M A N G A S .",
                  "id": "2",
                  "title": "Dictionnaire universel des drogues simples ... ouvrage dépendant de la \"Pharmacopée universelle\", par feu M. Lemery,... 3e édition..."
            },
            {
                  "doc_url": "https://gallica.bnf.fr/ark:/12148/bpt6k6518089x",
                  "emotions": [
                        "disgust"
                  ],
                  "excerpt": "L ' aloès succotrin ousoccotrin ( ainsi nommé de l ' île de Socotora , d ' où il nous venait anciennement ) , se présente en petites masses dont les contours brillants et comme polis sont d ' une belle couleur hyacinthe foncé et qui , placés entre l ' œil et la lumière , possèdent une transparence parfaite dans toute leur épaisseur .Sa saveur est amère ; il répand une odeur qui tient à la fois de celle de la myrrhe et de l ' ipécacuanha , et qu ' on peut exalter par le frottement .Sa cassure est unie , glacée , conchoïdale .",
                  "id": "3",
                  "title": "Dictionnaire des altérations et des falsifications des substances alimentaires, médicamenteuses et commerciales : avec l'indication des moyens de les reconnaître (4e édition revue, corrigée et considérablement augmentée) / par M. A. Chevallier,..."
            },
            {
                  "doc_url": "https://gallica.bnf.fr/ark:/12148/bpt6k6565958x",
                  "emotions": [
                        "disgust"
                  ],
                  "excerpt": "Caractères de la poudre des cantharides .Lorsqu ' elle est impalpable , elle est d ' un gris verdâtre , parsemée de points brillans d ' un très - beau vert ; son odeur est âcre et nauséabonde ; chauffée sur une plaque de fer rougie au feu , elle se charbonne et dégage une fumée d ' une odeur fétide semblable à celle de la corne qui brûle .L ' eau , l ' éther et l ' alcohol lui communiquent une teinte jaune , tirant légèrement sur le vert lorsqu ' on emploie l ' éther , et sur le rouge si on fait ( 1 ) Les hétéromères ont cinq articles aux tarses antérieurs , et quatre aux deux derniers .",
                  "id": "4",
                  "title": "Leçons faisant partie du Cours de médecine légale de M. Orfila,..."
            },
            {
                  "doc_url": "https://gallica.bnf.fr/ark:/12148/bpt6k9667536f",
                  "emotions": [
                        "disgust",
                        "disappointment"
                  ],
                  "excerpt": "f .pentante de tous C ' ôtez , grise , d ' une odeur assez agréable d ' un goût amer , pénétrant .Cette plante croît dans les champs , dans les bois , dans les Olivettes , aux pays chauds .",
                  "id": "5",
                  "title": "Dictionnaire universel des drogues simples ... ouvrage dépendant de la \"Pharmacopée universelle\", par feu M. Lemery,... 3e édition..."
            },
            {
                  "doc_url": "https://gallica.bnf.fr/ark:/12148/bpt6k9667536f",
                  "emotions": [
                        "disgust"
                  ],
                  "excerpt": "Il vit de rats , d ' oiseaux , de grenouilles - a .de poissons ; il est fort friant de ces derniers il exhale de son corps une odeur puante ..",
                  "id": "6",
                  "title": "Dictionnaire universel des drogues simples ... ouvrage dépendant de la \"Pharmacopée universelle\", par feu M. Lemery,... 3e édition..."
            },
            {
                  "doc_url": "https://gallica.bnf.fr/ark:/12148/bpt6k9799237h",
                  "emotions": [
                        "disgust",
                        "fear",
                        "disapproval"
                  ],
                  "excerpt": "Des infiniment petits ! A la surface de cette eau croupissante , nauséabonde où vous avez puisé la goutte dans laquelle s ' agitent ces atomes , s ' étale , opposition stupéfiante , une géante , native de l ' Afrique centrale : C ' est la Raffiésie , fleur sinistre , dont les feuilles de deux mètres , véritables îlots , sont d ' une chair épaisse , flasque , molle , au teint livide .Épouvantable plante , plante macabre qui répand dans les airs une affreuse odeur de cadavre en putréfaction .Étrange fleur de ce tropique où les végétaux surchauffés exagèrent leur croissance , atteignent des proportions ignorées dans nos climats .",
                  "id": "7",
                  "title": "Fleurs, plantes, fruits : le monde végétal / texte, dessins et aquarelles de G. Fraipont ; avec une préface par André Theuriet,..."
            },
            {
                  "doc_url": "https://gallica.bnf.fr/ark:/12148/bpt6k98070569",
                  "emotions": [
                        "disgust",
                        "disapproval"
                  ],
                  "excerpt": "Les fleurs sont purpurines ou blanchâtres , disposées en verticilles épais , hérissés de poils courts et roides .Cette plante est très - odorante .Elle croit sur les collines pierreuses , dans les contrées les plus méridionales de l ' Europe .",
                  "id": "8",
                  "title": "Dictionnaire de botanique pratique / par le Dr Ferd. Hoefer"
            },
            {
                  "doc_url": "https://gallica.bnf.fr/ark:/12148/bpt6k13435724",
                  "emotions": [
                        "disgust"
                  ],
                  "excerpt": "Mais puisqu ' il l ’ a fait je demande au lecteur la permission de lui dire pourquoi : Par un beau jour de printemps comme on n ’ en voit jamais sur les sombres bords de la Tamise , notre homme vint dans mon salon de coiffure et me livra une tête garnie de piquants à se méprendre avec une fourrure de peau de hérisson .De sa face farcineuse aux bords hideusement émaillés de fies , s ’ exhalait une odeur fétide qui se moquait de l ’ aromatique parfum du fin lubin .Son épiderme presque coriace était fendillé et de ses gerces béantes s ’ échappait un visqueux liquide qui faisait sur un riche costume rehaussé par une belle chaîne et des diamants , des taches verdâtres .",
                  "id": "9",
                  "title": "Le Drapeau : journal quotidien révisionniste [\"puis\" journal quotidien \"puis\" journal hebdomadaire \"puis\" organe du Parti bonapartiste ajaccien \"puis\" organe du Comité central bonapartiste \"puis\" organe de combat du Comité central bonapartiste]"
            },
            {
                  "doc_url": "https://gallica.bnf.fr/ark:/12148/bpt6k76465j",
                  "emotions": [
                        "disgust"
                  ],
                  "excerpt": "Nous ignorons pourquoi certaines substances nous impressionnent désagréablement , tandis que l ' odeur et la saveur des autres nous causent du plaisir .L ' imagination , l ' habitude , l ' éducation , entrent d ' ailleurs pour une part dans ces appréciations , car on se fait aux mauvaises odeurs et aux saveurs , jugées d ' abord répugnantes .Inversement , à la suite de quelque circonstance fâcheuse , à laquellel ' esprit les rattache , des odeurs et des saveurs considérées auparavant comme agréables peuvent devenir absolument insupportables .",
                  "id": "10",
                  "title": "Anatomie et physiologie animales : contenant les matières indiquées par les programmes officiels du 22 janvier 1885 pour l'enseignement de la zoologie dans la classe de philosophie et à l'usage des candidats au baccalauréat de lettres / par Edmond Perrier,..."
            },
            {
                  "doc_url": "https://gallica.bnf.fr/ark:/12148/bpt6k123327r",
                  "emotions": [
                        "disgust"
                  ],
                  "excerpt": "Nous arrivâmes à huit heures du soir à El ~ fe ~ oM ~ , lieu situé à la tête de l ' Oued et Itel , aHlueut desséché de ta rive droite de t ' OtMd el Djeddi .La , neuf puits , percés dans des assises de suttate de chaux , répandent une odeur hépatique des plus forte ! ) .~ < JMcK ~ OM & uous ayant été assigné par le colonel Desvaux , moyen de l ' instrument , on est parvenu à détacher , avec soin , à isoler t ' épai & tégument qui recouvre la partie supérieure dis Il crâne et les portions de dure - mère adhérentes , ou est stupéfait des désorganisations profondes , des anom : ) ! ies MMMStrtMMses dont la masse encéphalique parait avoir ~ té l ' objet .",
                  "id": "11",
                  "title": "Gazette médicale de l'Algérie / réd. A. Bertherand"
            },
            {
                  "doc_url": "https://gallica.bnf.fr/ark:/12148/bpt6k5586646b",
                  "emotions": [
                        "disgust",
                        "annoyance"
                  ],
                  "excerpt": "Cette poudre , a été employée à des doses variables de deux à quarante grammes .L ' odeur et la saveur de la poudre de fougère mâle sont assez désagréables pour exciter la répugnance de beaucoup de malades .Beaucoup , aussi , après avoir surmonté cette répugnance , vomissent le médicament quand ils l ' ont ingéré ; d ' autres éprouvent des coliques plus ou moins vives , un état de malaise très accentué , des spasmes même .",
                  "id": "12",
                  "title": "Leçons cliniques sur les taenias de l'homme, par L.-J.-B. Bérenger-Féraud,..."
            },
            {
                  "doc_url": "https://gallica.bnf.fr/ark:/12148/bpt6k9667536f",
                  "emotions": [
                        "disgust",
                        "annoyance"
                  ],
                  "excerpt": "Quand ces fleurs sont passées , il leur succede des semences oblongues ; sa ra - ^ cine ej [ r fibrée .Toute la plante rend une odeur forte , désagréable , & elle a .un gouc amer .",
                  "id": "13",
                  "title": "Dictionnaire universel des drogues simples ... ouvrage dépendant de la \"Pharmacopée universelle\", par feu M. Lemery,... 3e édition..."
            },
            {
                  "doc_url": "https://gallica.bnf.fr/ark:/12148/bpt6k61309738",
                  "emotions": [
                        "disgust"
                  ],
                  "excerpt": "Idem .aromatiques .Wirt , i6r .",
                  "id": "14",
                  "title": "Répertoire du pharmacien contenant tous les médicamens simples et composés... par Ant. Chéreau,..."
            },
            {
                  "doc_url": "https://gallica.bnf.fr/ark:/12148/bpt6k9799237h",
                  "emotions": [
                        "disgust",
                        "boredom"
                  ],
                  "excerpt": "Pyrètre gazonnant .Réséda odorant .Silène varié .",
                  "id": "15",
                  "title": "Fleurs, plantes, fruits : le monde végétal / texte, dessins et aquarelles de G. Fraipont ; avec une préface par André Theuriet,..."
            },
            {
                  "doc_url": "https://gallica.bnf.fr/ark:/12148/bpt6k58290505",
                  "emotions": [
                        "disgust",
                        "disapproval"
                  ],
                  "excerpt": "Ses caractères distinctifs les plus saillants sont d ' être très - brun , d ' offrir une couleur verdàtre par réflexion de la lumière , et de donner une poudre d ' un jaune - verdâtre presque aussi vif que la gomme - gutte .Sa saveur est très - amère ; son odeur forte , peu agréable .Il est moins actif que l ' A .",
                  "id": "16",
                  "title": "L'Officine, ou Répertoire général de pharmacie pratique... par Dorvault,..."
            },
            {
                  "doc_url": "https://gallica.bnf.fr/ark:/12148/bpt6k9763008d",
                  "emotions": [
                        "disgust"
                  ],
                  "excerpt": "Nous avions conseillé le tourteau de Colza , pour fortifier la tige ; nous avions eu tort .Cette composition , en effet , imprègne la fleur d ' une odeur nauséabonde , altère le blanc en l ' infectant d ' une nuance roussâtre .Soumise à la société de Bailleul , cette observation , qui nous avait conduit aux essais du peroxyde de manganèse , fut reconnue exacte , et son vénérable président daigna remédier au mal , constaté tant de fois sur notre collection .",
                  "id": "17",
                  "title": "Monographie du genre oeillet et principalement de l'oeillet flamand (2e éd. entièrement refondue) / par le Bon de Ponsort,..."
            },
            {
                  "doc_url": "https://gallica.bnf.fr/ark:/12148/bpt6k9667536f",
                  "emotions": [
                        "disgust"
                  ],
                  "excerpt": "Sa racine est Crosse , longue comme le petit doigt , se divisant quelquefois en trois ou quatre branches , de couleur obscure & u noirâtre en dehors , blanchâtre en dedans , de substance rare & légère ., d ' un goût acre & piquant , d ' une odeur aromatique .La tête de cette racine est entourée de longs filamens qui s ' élevent de même qu ' à la racine d ' Eryngium .",
                  "id": "18",
                  "title": "Dictionnaire universel des drogues simples ... ouvrage dépendant de la \"Pharmacopée universelle\", par feu M. Lemery,... 3e édition..."
            },
            {
                  "doc_url": "https://gallica.bnf.fr/ark:/12148/bpt6k6518089x",
                  "emotions": [
                        "disgust"
                  ],
                  "excerpt": "Elle est caractérisée par sa grande richesse en bitume ; 2 ° La houille grasse maréchale , ainsi appelée parce qu ' elle est surtout employée dans les maréchaleries , est d ' un noir brillant ; elle est trèslégère et très - friable ; sa densité est 1 , 298 ( Regnault ) .Elle a une odeur résineuse , brûle avec une flamme longue , blanche et fuligineuse ; ses fragments entrent dans une sorte de fusion pâteuse et se collent ensemble ; elle donne un coke très - boursouflé ; 3 ° La houille ordinaire ou charbon flénu de Mons est noire , d ' une densité variant de 1 , 276 à 1 , 353 .Elle brûle avec une longue flamme sans fondre , et donne un coke fritté ; 4 ° La houille sèche ou maigre est d ' un noir passant au brun ou au gris ( 1 ) Voici , dans l ' ordre de leur fréquence et de leur plus grande proportion , les matières que l ' analyse rencontre dans les cendres de houille : Silice , alumine , chaux ou carbonate de chaux , sulfate de chaux , oxyde et quelquefois sous - sulfate de fer , magnésie ou carbonate de magnésie , oxyde de matiganèse ( traces ) .",
                  "id": "19",
                  "title": "Dictionnaire des altérations et des falsifications des substances alimentaires, médicamenteuses et commerciales : avec l'indication des moyens de les reconnaître (4e édition revue, corrigée et considérablement augmentée) / par M. A. Chevallier,..."
            },
            {
                  "doc_url": "https://gallica.bnf.fr/ark:/12148/bpt6k6527792s",
                  "emotions": [
                        "disgust",
                        "annoyance"
                  ],
                  "excerpt": "L ' odeur de la bonne paille lui est particulière .Lorsqu ' elle est moisie , elle dégage une odeur désagréable ; il va sans dire que ces pailles moisies , rouillécs , charbonnées , sont dangereuses pour les chevaux .La bonne paille de blé doit avoir , en outre , une saveur agréable , un peu sucrée ; elle doit être pourvue de ses feuilles et de ses épis ; la paille d ' avoine est un peu moins dure et plus cassante que celle de blé .",
                  "id": "20",
                  "title": "Le cheval : son organisation, son entretien, son utilisation / par H.-J. Gobert,..."
            }
      ]
}