{
      "articles": [
            {
                  "doc_url": "https://gallica.bnf.fr/ark:/12148/bpt6k30619598",
                  "emotions": [
                        "disgust"
                  ],
                  "excerpt": "Racine grosse , longue , rameuse , fibreuse , blanchâtre ou fauve .Toutes les parties de la belladone ne font sentir qu ’ une odeur herbacée , faiblement nauséabonde , même en les écrasant ; mâchée , elle ne donne pas de saveur d ’ abord , mais bientôt elle devient un peu âcre .La saveur des baies est douceâtre et nauséeuse .",
                  "id": "1",
                  "title": "Manuel des plantes médicinales, ou Description, usage et culture des végétaux indigènes employés en médecine ... Par A. Gautier,..."
            },
            {
                  "doc_url": "https://gallica.bnf.fr/ark:/12148/bpt6k61171059",
                  "emotions": [
                        "disgust"
                  ],
                  "excerpt": "180 , 7 , 10 , Les pSIes lueurs de ma lampe — où tout était rayon vermeil .183 , 16 , Comme un frais parfum de l ' aurore .185 , 8 , 14 , Fleur qu ' un souille a fait naître et qu ' un souille a glacée — moins triste est dans la plaine aride et dépouillée .",
                  "id": "2",
                  "title": "Le glaneur de Mussanville, mélange poétique par l'abbé J.-B.-R. M...."
            },
            {
                  "doc_url": "https://gallica.bnf.fr/ark:/12148/bpt6k6117269k",
                  "emotions": [
                        "surprise",
                        "disgust",
                        "fear",
                        "nervousness",
                        "pain",
                        "embarrassment"
                  ],
                  "excerpt": "HALENÉE , sf .souffle puant de la respiration .* HALER , va .",
                  "id": "3",
                  "title": "Cours complet de la langue française, par M. Guérard. Dictionnaire abrégé de la langue française (extrait du Dictionnaire général),... par MM. Guérard,... Sardou..."
            },
            {
                  "doc_url": "https://gallica.bnf.fr/ark:/12148/bpt6k9601707w",
                  "emotions": [
                        "disgust",
                        "pain"
                  ],
                  "excerpt": "On trouve ce champignon , en juin et juillet , dans les bois un peu arides .Sa chair est blanche , friable d ' une odeur nauséabonde , d ' une saveur amère et salée .Agaric poivré ( Agaricus piperatus ) ; PERSOON , Champ .",
                  "id": "4",
                  "title": "Traité des poisons, ou Toxicologie appliquée à la médecine légale, à la physiologie et à la thérapeutique. Tome 3 / par Ch. Flandin,..."
            },
            {
                  "doc_url": "https://gallica.bnf.fr/ark:/12148/bpt6k28942q",
                  "emotions": [
                        "disgust"
                  ],
                  "excerpt": "En 1900 , le Dr Maljean a fait une étude très intéressante sur l ' intoxication par ce gaz survenue chez des aérostiers du l ~ r régiment du génie .Ils opéraient cependant le gonflement du ballon sous un hangar spacieux et largement ouvert sur l ' un de ses côtés on sentait dans ce local l ' odeur alliacée caractéristique du gaz â les accidents furent à peu près uniformes chez tous les intoxiqués céphalalgie , courbatures , nausées , vomissements et diarrhées débutant 6 heures après l ' exposition au gaz .Puis ictère et hémoglobinurie , celle - ci précédant l ' ictère qui ne devint manifeste que le lendemain .",
                  "id": "5",
                  "title": "Toxicologie chimique / par le Dr L. Barthe,..."
            },
            {
                  "doc_url": "https://gallica.bnf.fr/ark:/12148/bpt6k5801990r",
                  "emotions": [
                        "disgust"
                  ],
                  "excerpt": "La face qui tout à l ' heure était d ' un rouge violacé , se décolore et prend une teinte livide comme cadavérique .Une transsudation , souvent fétide , couvre la face elle tronc ; la bouche , remplie cle salive épaisse , exhale une odeur repoussante .La respiration est bruyante .",
                  "id": "6",
                  "title": "Les épilepsies et les épileptiques / par Ch. Féré,..."
            },
            {
                  "doc_url": "https://gallica.bnf.fr/ark:/12148/bpt6k30619598",
                  "emotions": [
                        "disgust",
                        "annoyance"
                  ],
                  "excerpt": "Plante d ’ un pied à un pied et demi , à liges droites ordinairement simples , carrées , vertes et rougeâtres , poilues et garnies de feuilles opposées , pétiolées , cordiformes , dentées à grandes dents aiguës , finissant par une pointe longue , munies de quelques poils rudes , d ’ un vert foncé en dessus , et blanchâtres en dessous , liacine blanchâtre , fibreuse , et un peu rampante .Odeur de toute la plante peu forte , désagréable .Saveur des fleurs sucrée ; celle des feuilles nulle .",
                  "id": "7",
                  "title": "Manuel des plantes médicinales, ou Description, usage et culture des végétaux indigènes employés en médecine ... Par A. Gautier,..."
            },
            {
                  "doc_url": "https://gallica.bnf.fr/ark:/12148/bpt6k6390881m",
                  "emotions": [
                        "disgust",
                        "annoyance",
                        "embarrassment"
                  ],
                  "excerpt": "Il devient triste , paraît avoir la tête extrêmement pesante , porte la queue basse , maigrit à vue d ' oeil .Ses yeux deviennent chassieux ; il jette par le nez ; il exhale une odeur désagréable et forte , ne mange bientôt presque plus .Il périt quelquefois très promptement de cette maladie , que j ' appelle la maladie des chiens , faute de lui connaître un nom propre ; quelques chasseurs l ' appellent la grippe .",
                  "id": "8",
                  "title": "Traité sur l'art de chasser avec le chien courant / par le Cte Boisrot de Lacour ; illustrations de Carle Vernet"
            },
            {
                  "doc_url": "https://gallica.bnf.fr/ark:/12148/bpt6k30619598",
                  "emotions": [
                        "disgust"
                  ],
                  "excerpt": "Odeur des fleurs forte et presque citronnée ; celle des feuilles forte aussi en les écrasant , et d ’ une saveur amère , désagréable .Racine amère , âcre et aromatique .C ’ est principalement cette racine que l ’ on trouve sèche dans les boutiques ; elle vient des déparlemens méridionaux .",
                  "id": "9",
                  "title": "Manuel des plantes médicinales, ou Description, usage et culture des végétaux indigènes employés en médecine ... Par A. Gautier,..."
            },
            {
                  "doc_url": "https://gallica.bnf.fr/ark:/12148/bpt6k9601707w",
                  "emotions": [
                        "disgust"
                  ],
                  "excerpt": "L ' éther , après un repos convenable , est décanté par petites parties à la fois dans un grand verre de montre , et abandonné à l ' évaporation très - lente .Il fournit un anneau liquide , huileux , incolore , parfaitement limpide et transparent , qui dégage , sous la chaleur de la main seule , une odeur piquante , excessivement désagréable , à laquelle on ne trouve plus rien d ' animal .La saveur en est brûlante et très - persistante .",
                  "id": "10",
                  "title": "Traité des poisons, ou Toxicologie appliquée à la médecine légale, à la physiologie et à la thérapeutique. Tome 3 / par Ch. Flandin,..."
            },
            {
                  "doc_url": "https://gallica.bnf.fr/ark:/12148/bpt6k28942q",
                  "emotions": [
                        "disgust",
                        "annoyance"
                  ],
                  "excerpt": "La grande ciguë ( Conium maculatum ) est une plante herbacée commune dans les décombres la tige est droite , haute de 1 à 2 mètres et parsemée de taches inégales souvent arrondies , d ' un pourpre vineux les fleurs sont blanches et disposées en ombelles composées les feuilles sont alternes , très découpées , molles et luisantes .L ' odeur de la plante est nauséeuse et désagréable .Les propriétés de la grande ciguë varient suivant les climats .",
                  "id": "11",
                  "title": "Toxicologie chimique / par le Dr L. Barthe,..."
            },
            {
                  "doc_url": "https://gallica.bnf.fr/ark:/12148/bpt6k6212445j",
                  "emotions": [
                        "disgust"
                  ],
                  "excerpt": "— On observe s0 ^ ell écoulement muqueux ; la muqueuse est gonflée et rougeâtre ' eî se produit des ulcérations .L ' odorat parait très - affaibli .| ( c .",
                  "id": "12",
                  "title": "Manuel de physiologie humaine, par le Dr J.-A. Fort,..."
            },
            {
                  "doc_url": "https://gallica.bnf.fr/ark:/12148/bpt6k63424461",
                  "emotions": [
                        "disgust",
                        "pain"
                  ],
                  "excerpt": "f .Insecte qui s ' engendre dans les bois de lit , et qui sent très - mauvais .PUNAISIE , s .",
                  "id": "13",
                  "title": "Dictionnaire portatif de la langue françoise. Partie 2 / , d'après le système orthographique de l'Académie, par M. L.-Ph. de Lamadelaine,... Seconde édition, revue, corrigée et très-augmentée. Première [-Seconde] partie."
            },
            {
                  "doc_url": "https://gallica.bnf.fr/ark:/12148/bpt6k6480116k",
                  "emotions": [
                        "disgust",
                        "fear",
                        "boredom"
                  ],
                  "excerpt": [
                        "— Culture facile , tout terrain , mais de préférence une terre légère , 3 bonne exposition .Gesse odorante ( LATIIYRUS ODORATUS ) .SIX - : Pois de senteur , pois à fleurs .",
                        "432 .Clématite odorante .431 ."
                  ],
                  "id": "14",
                  "title": "Conseils à Emma sur la culture des fleurs... / par un vieil amateur [A. Lesguilliez]"
            },
            {
                  "doc_url": "https://gallica.bnf.fr/ark:/12148/bpt6k28709b",
                  "emotions": [
                        "disgust"
                  ],
                  "excerpt": "Propriétés .Incolore odeur repoussante , tièsvénëneux , et qu ' on doit même s ' abstenir de préparer .L ' infortuné M .",
                  "id": "15",
                  "title": "Manuel de chimie médicale , par M. Julia-Fontenelle,..."
            },
            {
                  "doc_url": "https://gallica.bnf.fr/ark:/12148/bpt6k5801990r",
                  "emotions": [
                        "disgust"
                  ],
                  "excerpt": "Le bromure ne doit être supprimé dans te cours d ' un traitement efficace sous aucun prétexte , sauf le cas de maladie aiguë adynamique où il serait formellement contre - incliqué .Le bromure cause souvent cle la répugnance aux malades , parce qu ' il donne à leur haleine une odeur d ' une fétidité particulière et bien reconnaissable ; il cause de la somnolence , de l ' obtusion intellectuelle , il diminue ou abolit les aptitudes génésiques .Quelques auteurs l ' accusent d ' exagérer l ' irritabilité naturelle des malades et de pouvoir provoquer des accès cle manie .",
                  "id": "16",
                  "title": "Les épilepsies et les épileptiques / par Ch. Féré,..."
            },
            {
                  "doc_url": "https://gallica.bnf.fr/ark:/12148/bpt6k9608411x",
                  "emotions": [
                        "disgust"
                  ],
                  "excerpt": "— Cette plante croît dans les montagnes trèsélevées .Elle a une odeur aromatique , une saveur très - amère , est médiocrement âcre .On donne la racine pulvérisée , poilr les animaux , à la dose de 16 à 32 grammes .",
                  "id": "17",
                  "title": "Le nouveau vétérinaire domestique, ou L'art de guérir soi-même ses chevaux et autres animaux domestiques / par Francis Clater,... ; suivi et augmenté de réflexions sur l'instruction vétérinaire par MM. Flandrin, Huzard et Chabert.... avec un Dictionnaire des plantes employées en médecine vétérinaire / publié par M. Lagrange"
            },
            {
                  "doc_url": "https://gallica.bnf.fr/ark:/12148/bpt6k9743441v",
                  "emotions": [
                        "disgust"
                  ],
                  "excerpt": "tiède y où l ' on avoit dissous de la poudre à canon : ce qui les défatiguoit très - vite .Les personnes , dont les pieds exhalent une mauvaise odeur t doivent mêler à l ' eau du pédiluve ., du vinaigre a - 1 ou de l ' eau - de - vie , changer souvent de chaussons , et ne point mettre de bas de laine .",
                  "id": "18",
                  "title": "Dictionnaire de la conservation de l'homme, ou d'hygiène et d'éducation physique et morale. Tome 2 / ... par L.-C.-H. Macquart,..."
            },
            {
                  "doc_url": "https://gallica.bnf.fr/ark:/12148/bpt6k30619598",
                  "emotions": [
                        "disgust"
                  ],
                  "excerpt": "Tout le monde connaît l ’ odeur suave de la fleur d < lis - ; le reste de la plante est inodore .La saveur de 1 ; fleur est un peu amère ; les écailles de l ’ ognon son nauséabondes à cause d ’ un mucilage visqueux , amei et abondant , dont elles contiennent le quart de leui poids .On trouve les bulbes fraîches dans les boutiques ; or ne les sèche point .",
                  "id": "19",
                  "title": "Manuel des plantes médicinales, ou Description, usage et culture des végétaux indigènes employés en médecine ... Par A. Gautier,..."
            },
            {
                  "doc_url": "https://gallica.bnf.fr/ark:/12148/bpt6k30619598",
                  "emotions": [
                        "disgust"
                  ],
                  "excerpt": "Il en est à peu près de même des fleurs ni chatons .L ’ écorce verte des fruits ou brou de noix st peu odorante , et d ’ une saveur piquante plutôt « tt ju ’ ainère .O11 sèche encore les feuilles , que l ’ on trouve dans les boutiques avec leur forme , leur dimension , leur deur et leur saveur ; ^ mais elles sont très - fragiles et ' un jaune brun .",
                  "id": "20",
                  "title": "Manuel des plantes médicinales, ou Description, usage et culture des végétaux indigènes employés en médecine ... Par A. Gautier,..."
            }
      ]
}