{
      "articles": [
            {
                  "doc_url": "https://gallica.bnf.fr/ark:/12148/bpt6k98075687",
                  "emotions": [
                        "disgust",
                        "relief"
                  ],
                  "excerpt": "f / ertus .Ce Sirop est stomachique > tonique , anti - dissentérique et fébrifuge .La dose est de deux à huit gros .",
                  "id": "1",
                  "title": "Traité théorique et pratique sur les sirops simples et composés , accompagné de remarques et d'observations sur chaque procédé... Par M. Pierre-Sébastien Montagnier,..."
            },
            {
                  "doc_url": "https://gallica.bnf.fr/ark:/12148/bpt6k6365985b",
                  "emotions": [
                        "disgust"
                  ],
                  "excerpt": "9 .LE RAT RUSSE OU Musc ARGENTÉ ( 1 / 3 de grandeur naturelle ) lorsqu ' un gros poisson a avalé un de ces Rats , sa chair devient immangeable , tellement elle est imprégnée de l ' odeur de musc que répand cette Taupe , dont le nom en histoire naturelle est le Desman .Il a le museau pointu et s ' en sert comme d ' une trompe .",
                  "id": "2",
                  "title": "Les animaux à fourrures : ornée dans le texte et hors texte de 105 gravures et dessins de coupes en photogravure et en phototypie et comprenant la description des animaux et de leur pelage, la valeur et l'emploi des pelleteries, l'apprêt des peaux à fourrures, le travail du pelletier, le travail du fourreur (2e édition, revue et augmentée) / Ch. Kretzschmar ; préface de M. Th. Corby,..."
            },
            {
                  "doc_url": "https://gallica.bnf.fr/ark:/12148/bpt6k1234615",
                  "emotions": [
                        "disgust"
                  ],
                  "excerpt": "F < en tdandois , fi m Allemand poltron fâche timide FM ~ iKc maladie de l ' anus en la même Langue ? \" * en Théutoti & en A ! temand , avoir de t ' avetHon J ~ t ? en ancien Saxon Fijan en Gothique , avoir de t ' averdon JRt ' ~ 4 en Lombard averhon inimitié , haine f ~ en ancien Atiemand FeK < en tHandoM Fe ~ & en ancien Saxon Feu en Anglois ¡ ~ f ~ f en Flamand Faida dans tes monumens de la baue Latinité inimitié haine , averfton i ' ï « ~ en Gothique ; I % M en Attemand , ennemi , homme qui nous hait FM en Efpagnot , laid vilain deshonnête ; Fiatore en Italien , puanteur ; fMM / puant FMte relent mauvaife odeur .~ M marque le mépris en Tonquinois / ' A < en Hébreu , abomtnation , abominable puant / ' A ~ < / en Chatdéen .rendre puant ~ jg en ancien Perfan , lépreux , homme dont tes anciens Per & M avaient une grande horreur P « en Pedan mo \" derne , lépreux JT / 2 ) A dans la même Langue , homme impur dont on a horreur Fi dans la baue Saxe < interjecHon qui marque l ' averEon f < < M F ~ M en ancien Saxon Fijan & Fjtg < M en Gothique Fien Figen en Théuton hair R ~ e Jt ~ e en Théuton , haine , inimitié F ~ en Latin .",
                  "id": "3",
                  "title": "Mémoires sur la langue celtique. T3 / ... par M. Bullet,... Tome Ier. - (Tome II-III contenant la première-deuxième partie du Dictionnaire celtique)"
            },
            {
                  "doc_url": "https://gallica.bnf.fr/ark:/12148/bpt6k373099m",
                  "emotions": [
                        "disgust"
                  ],
                  "excerpt": "Le Blaireau est fort propre , mais cette propreté est indignement exploitée par le Renard lorsque celui - ce veut déloger le Blaireau de son terrier .Le Renard vient déposer ses ordures dans les couloirs du Blaireau , et celui - ci , suffoqué par l ' odeur fétide , déménage , laissant la place libre au Renard qui s ' y installe sans façon .La nuit le Blaireau va à la chasse , cherchant des fruits , du raisin et des Fig .",
                  "id": "4",
                  "title": "Zoologie à l'usage des élèves des classes de sixième A et B (11e édition) / par E. Caustier,..."
            },
            {
                  "doc_url": "https://gallica.bnf.fr/ark:/12148/bpt6k30789856",
                  "emotions": [
                        "disgust"
                  ],
                  "excerpt": "Ces animaux ne vivent que huit ou dix ans .Ils ont une odeur de faux musc qui n ’ est pas absolument désagréable ; leur chair a un peu de cette odeur ; cependant celle de la marte n ’ est pas mauvaise à manger ; celle de la fouine est plus désagréable , et sa peau est aussi beaucoup moins estimée .LE PUTOIS e putois ressemble beaucoup à la fouine par le tempérament , par le naturel , par les habitudes ou les mœurs , et aussi par la forme du corps .",
                  "id": "5",
                  "title": "Le Buffon des familles : histoire et description des animaux, extraites des oeuvres de Buffon et de Lacépède / par Auguste Dubois,..."
            },
            {
                  "doc_url": "https://gallica.bnf.fr/ark:/12148/bpt6k30528982",
                  "emotions": [
                        "disgust",
                        "annoyance"
                  ],
                  "excerpt": "La graine , qui a l ’ aspect d ’ une drupe , épaissit la couche externe de son tégument qui se transforme en une enveloppe pulpeuse .Dans la graine mûre , l ’ enveloppe pulpeuse répand une odeur fort désagréable .Cette pulpe renferme un acide gras particulier , Yacide capro ' ique .",
                  "id": "6",
                  "title": "Nouveaux éléments de botanique... : contenant l'organographie, l'anatomie, la morphologie, la physiologie, la botanique rurale... et des notions de géographie botanique et de botanique fossile / par Louis Crié,..."
            },
            {
                  "doc_url": "https://gallica.bnf.fr/ark:/12148/bpt6k96882153",
                  "emotions": [
                        "disgust",
                        "disapproval",
                        "doubt",
                        "curiosity",
                        "faith"
                  ],
                  "excerpt": "Mais pour l ' opinion , on la prend sans effort , elle entre d ' elle - même dans l ' esprit , & contribue à l ' agrément de la vie , autant , ou même plus , que l ' évidence & la certitude .Dites - moi , je vous prie : cet affamé dévore une saline puante , pourrie , & à l ' odeur de laquelle tout autre est obligé de se boucher le nez ; ce mets lui semble de l ' Ambrosie : ne fait - il pas aussi bonne chere que les Dieux ? Au contraire , quand ce friand met dans son estomac la viande la plus dé ..",
                  "id": "7",
                  "title": "L'Éloge de la folie, composé en forme de déclamation , par Érasme, et traduit M. Gueudeville, avec les notes de Gérard Listre, & les belles figures de Holbein... Nouvelle édition revue..."
            },
            {
                  "doc_url": "https://gallica.bnf.fr/ark:/12148/bpt6k96333766",
                  "emotions": [
                        "disgust"
                  ],
                  "excerpt": "Car elle aime une odeur agréable , dont elle jouit , ou qu ' elle désire .Elle hait une odeur désagréable , qui la fait souffrir : enfin , elle aime moins une odeur moins agréable , qu ' elle voudroit changer contre une autre .Pour s ' en con - Ce que c ' est que l ' amour & la haine .",
                  "id": "8",
                  "title": "Traité des sensations, à Madame la comtesse de Vassé. Tome 1 / . Par M. l'abbé de Condillac,... Tome I. [-II.]"
            },
            {
                  "doc_url": "https://gallica.bnf.fr/ark:/12148/bpt6k6435605p",
                  "emotions": [
                        "disgust",
                        "annoyance",
                        "excitement",
                        "envy"
                  ],
                  "excerpt": "Vous ne pouvez vous figurer , ma chère , tout ce que j ' ai enduré jusqu ' à présent , le ventre creux , la bourse vide , combien de fois m ' est - il arrivé de me promener de long en large pendant des heures entières , devant les vitrines appétissantes de ce gredin de Véfour et de ce brigand de Chevet 1 .Les senteurs parfumées de leurs cuisines me montaient aux narines et me rendaient presque fou ; alors , en ma fringale délirante je croyais voiries victuailles amoncelées à l ' étalage prendre vie pour me narguer .Oui .",
                  "id": "9",
                  "title": "Milord l'Arsouille, par Léon Beauvallet"
            },
            {
                  "doc_url": "https://gallica.bnf.fr/ark:/12148/bpt6k993746n",
                  "emotions": [
                        "disgust",
                        "anger",
                        "disapproval",
                        "envy",
                        "greed"
                  ],
                  "excerpt": "Las ! ce n ’ es ’ t pas elle que nous respirions , Lerne et moi , mais la courte corolle primitive et simple en quoi s ’ allégorise la perpétuation des espèces , et dont le fruit qu ’ elle prépare est la seule raison d ’ être .Son odeur impérieuse i ^ ous enivrait , poison parfumé , lourd de luxure et de jalousie , senteur de la Nature aux desseins ténébreux , où l ’ on puise moins l ’ amour d ’ une femme que la haine de tous les hommes .Barbe allait et venait , accomplissant à la diable le service du repas .",
                  "id": "10",
                  "title": "Le Docteur Lerne, sous-dieu, roman / Maurice Renard"
            },
            {
                  "doc_url": "https://gallica.bnf.fr/ark:/12148/bpt6k1234615",
                  "emotions": [
                        "disgust",
                        "despair"
                  ],
                  "excerpt": "Mwictt , le même que Svlch , Voyez M .Mivll , évaporé qui u pris Pévent qui a perdu fa force fes cfprits tiède devenu tiède rallenti , qui exhale une mauvaife odeur .G .",
                  "id": "11",
                  "title": "Mémoires sur la langue celtique. T3 / ... par M. Bullet,... Tome Ier. - (Tome II-III contenant la première-deuxième partie du Dictionnaire celtique)"
            },
            {
                  "doc_url": "https://gallica.bnf.fr/ark:/12148/bpt6k64710257",
                  "emotions": [
                        "disgust"
                  ],
                  "excerpt": "Aussitôt que cette substance se refroidit , elle se prend comme un liquide qui se congèle ; mais fous cette forme glacée , elle acq uiert une consistance molle & flexible qui la rend bien différente de la glace , & beaucoup plus encore , de la graisse qui peut y être mêlée ; car celle - ci s ' en dégage à la surface en molécules figées & grumelées .En cet état la gelée est tranf * parente & reilemble à la corne ; elle est d ' une odeur legere , & d ' un goût presque iniipide .Si on la preslè contre les doigts , elle se fond , s ' echappe comme de l ' eau ; mais en continuant de l ' exprimer , bientôt , on découvre une de Ces propriétés essentielles ; l ' humidité le dissipe , & laisse une colle qui forme des filets blanchâtres , tels que ceux du tissu cellullaire , loriqu ' on le déchire .",
                  "id": "12",
                  "title": "Traité physiologique et chymique sur la nutrition... par M. Durade,..."
            },
            {
                  "doc_url": "https://gallica.bnf.fr/ark:/12148/bpt6k9822426j",
                  "emotions": [
                        "disgust",
                        "fear",
                        "pain"
                  ],
                  "excerpt": ".Cet oiseau est très sauvage ; son cri est perçant , son vol rapide ; il habite les pays chauds , et pourtant il peut vivre dans une température froide ; sa chair est désagréable : l ' odeur de musc qu ' elle porte fait que les marchands de draps seprocurentdesMartins - Pêcheurs pour les suspendre dans leurs magasins et chasser ainsi les insectes nuisibles .Cet oiseau passait chez , les anciens pour avoir bien d ' autres propriétés : il pouvait , disaient - ils , repousser la foudre , faire augmenter un trésor enfoui , communiquer la beauté a tous ceux qui le portaient ; il appelait la paix sur les maisons qu ' il habitait ; rendait la pêche fructueuse sur tous les fleuves .",
                  "id": "13",
                  "title": "Histoire naturelle à l'usage des femmes et des jeunes personnes (3e édition) / par madame Achille Comte,..."
            },
            {
                  "doc_url": "https://gallica.bnf.fr/ark:/12148/bpt6k30528982",
                  "emotions": [
                        "disgust",
                        "envy",
                        "greed"
                  ],
                  "excerpt": "On compte quatre stigmates , quatre graines et presque toujours quatre feuilles .La Parisette est vénéneuse ; sa racine et ses fruits sont purgatifs .Le Muguet , charmante plante bien connue pour le parfum de ses fleurs , qui croît communément dans les bois des environs de Paris où il fleurit d ’ avril à mai .",
                  "id": "14",
                  "title": "Nouveaux éléments de botanique... : contenant l'organographie, l'anatomie, la morphologie, la physiologie, la botanique rurale... et des notions de géographie botanique et de botanique fossile / par Louis Crié,..."
            },
            {
                  "doc_url": "https://gallica.bnf.fr/ark:/12148/bpt6k6336854x",
                  "emotions": [
                        "disgust",
                        "embarrassment"
                  ],
                  "excerpt": "La troisième condition était plus difficile à exécuter ; cependant , comme rien n ' est impossible aux personnes qui ont de l ' esprit et de la passion , elle crut avoir trouvé le moyen d ' en venir à bout , Nicostrate avait deux jeunes pagès de noble fa - mille , qu ' on avait mis auprès de lui pour les former de bonne heure dans l ' art des courtisans ; l ' un lui servait à boire , l ' autre était son écuyer de table .La dame leur fit croire que leur bouche sentait mauvais , et leur commanda de tenir la tête en arrière le plus qu ' ils pourraient quand ils serviraient leur maître , les exhortant toutefois de n ' en rien dire à personne .Les pages n ' ayant pas manqué de faire ce qui leur avait été ordonné , la belle dit quelques jours après à son mari : — « Ne vous êtes - vous point aperçu , monsieur , de la mine que font vos pages lorsqu ' ils vous servent ? » « Oui , répondit - il , et j ' ai été plusieurs fois tenté de leur en demander la raison .",
                  "id": "15",
                  "title": "Le Décaméron, ou Les dix journées galantes (Nouvelle édition revue et précédée d'une notice critique) / Jean Boccace ; traduit de l'italien, par Sabatier de Castres.."
            },
            {
                  "doc_url": "https://gallica.bnf.fr/ark:/12148/bpt6k5525240h",
                  "emotions": [
                        "grief",
                        "disgust",
                        "anger",
                        "fear",
                        "annoyance",
                        "disapproval"
                  ],
                  "excerpt": "' ■ : ' E \\ N O N : E .; Vous voyézìidans mes ^ mains ^ un ^ Mfofiprécieux Des fatales odeurs 3 qu enfante la Colchide 3 Le fer ne forte sas une mort plus rapide : ^ Vous allez voir férir un Objet odieux s C ' est en sacrifiant aux Dieux 3 Que vousì ' immolerez far ce présent f erfide .CLYT IE , en prenant le vase .",
                  "id": "16",
                  "title": "Le Ballet des sens, représenté pour la 1re fois, le 5e jour de juin 1732, par l'Académie royale de musique. [Paroles de Roy, musique de Mouret.]"
            },
            {
                  "doc_url": "https://gallica.bnf.fr/ark:/12148/bpt6k5710234f",
                  "emotions": [
                        "disgust"
                  ],
                  "excerpt": "— S ' emploie dans • expression .Sentir le rafouin , — avoir une odeur forte et désagréable .Syn .",
                  "id": "17",
                  "title": "Glossaire étymologique et historique des patois et des parlers de l'Anjou : comprenant le glossaire proprement dit, des dialogues, contes, récits et nouvelles en patois, le folk-lore de la province / par A.-J. Verrier,... R. Onillon..."
            },
            {
                  "doc_url": "https://gallica.bnf.fr/ark:/12148/bpt6k8630387v",
                  "emotions": [
                        "disgust",
                        "disapproval"
                  ],
                  "excerpt": "Si , d ' après un couplet d ' opéra connu , le vin , l ' amour et le tabac sont le passe - temps du soldat , je faisais mentir le dicton populaire .J ' ai toujours éprouvé de l ' aversion pour la plante exotique de Nicot ; je ne trouve aucun plaisir à transformer mon nez en cheminée , à empester ma bouche par son odeur nauséabonde .De même pour le vin ; jamais mon cerveau ne fut obscurci par les vapeurs de l ' ivresse .",
                  "id": "18",
                  "title": "Une vie infernale, mémoires d'un officier de cavalerie / Commandant Sila"
            },
            {
                  "doc_url": "https://gallica.bnf.fr/ark:/12148/bpt6k54998519",
                  "emotions": [
                        "disgust"
                  ],
                  "excerpt": "Mais d ' autres acheteurs arrivaient , les nez s ' approchaient des assiettes , d ' un mouvement uniforme .L ' odeur de l ' étalage était nauséabonde , une odeur de vaisselle grasse et d ' évier mal lavé .— Venez me voir demain , dit la marchande à la vieille .",
                  "id": "19",
                  "title": "Oeuvres complètes illustrées de Émile Zola. T. 3, 1"
            },
            {
                  "doc_url": "https://gallica.bnf.fr/ark:/12148/bpt6k5670676k",
                  "emotions": [
                        "disgust"
                  ],
                  "excerpt": "1 Bientôt le voisin , du mari ouvre certain paquet qu ' il tenait sur ses genoux : c ' est le buffet dans lequel la prudence du voyageur a entassé des provi - < sions dues à l ' industrie charcutière .— L ' odeur de l ' ail ( même en peinture ) a toujours été le supplice de Bagoulard , et la subtilité de son odorat lui dénonce loul - à - coup la présence de ce parfum provençal dans le repas de son voisin .— Avant , il respirait à peine ; maintenant il n ' ose plus respirer : l ' élouffement du boutiquier menace donc d ' être complet .",
                  "id": "20",
                  "title": "Le Tintamarre : critique de la réclame, satire des puffiste : journal d'industrie, de littérature, de musique, de modes et de théâtres"
            }
      ]
}