{
      "articles": [
            {
                  "doc_url": "https://gallica.bnf.fr/ark:/12148/bpt6k923276f",
                  "emotions": [
                        "disgust"
                  ],
                  "excerpt": "Faible son .Faible odeur .Faible brise .",
                  "id": "1",
                  "title": "Larousse du XXe siècle en six volumes. Tome 3 / publié sous la direction de Paul Augé"
            },
            {
                  "doc_url": "https://gallica.bnf.fr/ark:/12148/bpt6k5568556f",
                  "emotions": [
                        "disgust",
                        "fear"
                  ],
                  "excerpt": "Vues sur la propreté des rues de Paris , dans le recueil intitulé : l ' Observateur de Paris ( 1782 ) .qui répandent en été une odeur cadavéreuse capable d ' empoisonner tout un quartier .Les exhalaisons des morts tuent les vivants dans vos églises , et les charniers des Innocents sont encore un témoignage de barbarie qui nous met fort au - dessous des Hottentots et des nègres ( 1 ) .",
                  "id": "2",
                  "title": "Moeurs intimes du passé.... Série 1 / docteur Cabanès"
            },
            {
                  "doc_url": "https://gallica.bnf.fr/ark:/12148/bpt6k9611094x",
                  "emotions": [
                        "disgust"
                  ],
                  "excerpt": ".Et en troisième lieu , je ne sache pas que Hernandez lui donne une odeur aussi infecte que le suppose Buffon , et s ' il l ' a fait , ses expressions devoient être regardées comme exagérées , et l ' on doit limiter cette puanteur à celle qu ' a mon grand Furet ou Ysquiepatl de Séba .Buffon ajoute que son Coase et son Cortex patl habitent uniquement les pays tempérés de la Nouvelle - Espagne , la Louisiane , les Illinois , la Caroline , etc .",
                  "id": "3",
                  "title": "Essais sur l'histoire naturelle des quadrupèdes de la province du Paraguay. Tome 1 / , par Don Félix d'Azara,... traduits sur le manuscrit inédit de l'auteur par M. L.-E. Moreau-Saint-Méry,..."
            },
            {
                  "doc_url": "https://gallica.bnf.fr/ark:/12148/bpt6k63930752",
                  "emotions": [
                        "disgust",
                        "boredom"
                  ],
                  "excerpt": ", Espèce très - fragile , à chair blanchâtre , devenant bistrée et prompteinent déliquescente .Odeur nulle .; .",
                  "id": "4",
                  "title": "Flore mycologique du département de Tarn-et-Garonne : agaricinées... / par M. C. Roumeguère,..."
            },
            {
                  "doc_url": "https://gallica.bnf.fr/ark:/12148/bpt6k96933830",
                  "emotions": [
                        "disgust",
                        "embarrassment"
                  ],
                  "excerpt": "Les convives se frottent de la graisse des animaux qui doivent être servis dans ce repas , sur laquelle ils répandent abondamment du bukku .Les femines ajoutent à cette onélion dégoûtante un fard dont elles se garnit - sent le front , les joues & le menton .Ceux qui composent cette af - [ emblée , se forment en deux cercles dont l ' un comprend les hommes , & 1 \" autre les femmes .",
                  "id": "5",
                  "title": "Cérémonies et coutumes religieuses de tous les peuples du monde. Tome 1 / . Représentées par des figures dessinées & gravées par Bernard Picard, & autres habiles artistes. Ouvrage qui comprend l'histoire philosophique de la religion des nations des deux hémispheres; telles que celles des Brames, des Peguans, des Chinois, des Japonois, des Thibeteins, & celle des différens peuples qui habitent l'Asie & les isles de l'Archipélague Indien; celle des Mexicains, des Péruviens, des Brésiliens, des Groënlandois, des Lapons, des Caffres, de tous les peuples de la Nigritie, de l'Ethiopie & du Monomotapa; celle des Juifs, tant anciens que modernes, celle des Musulmans & des différentes sectes qui la composent; enfin celle des Chrétiens & de cette multitude de branches dans lesquelles elle est subdivisée. Nouvelle edition. Enrichie de toutes les figures comprises dans l'ancienne édition en sept volumes, & dans les quatre publiés par forme de Supplément. Par une société de gens de lettres. Tome premier[-quatrieme]"
            },
            {
                  "doc_url": "https://gallica.bnf.fr/ark:/12148/bpt6k96144020",
                  "emotions": [
                        "disgust",
                        "annoyance"
                  ],
                  "excerpt": "Calice à quatre divisious profondes , corolle à quatre pétales concaves ; huit étamines j un style , capsule polysperme , quatre lobes , quatre loges .Plante amère , d ' une odeur très - forte et très - désagréable .On en distingue deux espèces principales que quelques botanistes regardent comme de simples variétés ; celle qu ' on préfère pour l ' usage médicinal est la rue cultivée , dite des jardins .",
                  "id": "6",
                  "title": "Pharmacie vétérinaire, chimique, théorique et pratique , à l'usage des élèves, des artistes et des proprietaires ; suivie d'un Tableau indicatif des principales maladies internes et externes qui affectent les animaux domestiques... Par J.-Ph. Lebas,... quatrième édition..."
            },
            {
                  "doc_url": "https://gallica.bnf.fr/ark:/12148/bpt6k287158",
                  "emotions": [
                        "disgust"
                  ],
                  "excerpt": "On se doit méfier d ' une Espèce d ' un autre Genre que ce Champignon , et qui lui ressemble par le port et la forme c ' est X Amanite Vénéneuse de Persoon , l ' une des Espèces que Bulliard avait à tort rangé parmi les Agarics .Il est facile de la distinguer à son pédicule renflé à la base ou bulbeux ; à sa saveur acre , et à son odeur forte et nauséabonde .Voir figure i planche 2 .",
                  "id": "7",
                  "title": "Premiers secours avant l'arrivée du médecin, ou Petit dictionnaire des cas d'urgence à l'usage des gens du monde ; suivi d'une Instruction sur les champignons... / par M. F* Cadet-Gassicourt,..."
            },
            {
                  "doc_url": "https://gallica.bnf.fr/ark:/12148/bpt6k933706t",
                  "emotions": [
                        "surprise",
                        "disgust"
                  ],
                  "excerpt": "XV FUTUBS BBAUX - FRKItKS A .; e moment , ses yeux se détournant du cadavre d ’ où s ’ exhalait une odeur infecte de chair carbonisée , s ’ arrêtèrent sur Maurice , exprimant m • mtW ' 1 $ # * & * • * • ; i & & fr - f - % V ' ’ c ' I - 169 - la surprise de voir là ce sous - officier de spahis dont il ne s ’ expliquait pas la présence et qui tu * souriait , sans oser lui adresser la parole .Oc son côté , Charles hésitait à lui demander quelques explications .",
                  "id": "8",
                  "title": "Les cavernes de Hall-el-Houed : au pays arabe / [par Vincent Huet]"
            },
            {
                  "doc_url": "https://gallica.bnf.fr/ark:/12148/bpt6k5484955g",
                  "emotions": [
                        "disgust",
                        "nervousness",
                        "despair",
                        "pain"
                  ],
                  "excerpt": ".« j J Odeur suffocante .Propriétés j2 f0i , 1 / 2 plus lourd qui l ' air , physiques t Soluble dans l ' eau .",
                  "id": "9",
                  "title": "Manuel de chimie : écoles primaires supérieures (jeunes filles), cours complémentaires, candidates au brevet... (8e édition revue et corrigée) / par Mme B. Gauthier-Echard,..."
            },
            {
                  "doc_url": "https://gallica.bnf.fr/ark:/12148/bpt6k940482j",
                  "emotions": [
                        "disgust"
                  ],
                  "excerpt": "56 LE SECRET DES VILLIERS Le feu devenait d ’ instant en instant plus vif , plus nourri , le bruit se rapprochait .A travers les ramures , il voyait planer une fumée légère , l ’ enivrante odeur de la poudre arrivait jusqu ’ à lui .Julien ralentit sa course , se glissant derrière les taillis , serrant nerveusement le vieux fusil du père Picard .",
                  "id": "10",
                  "title": "Le secret des Villiers / A. Spoll"
            },
            {
                  "doc_url": "https://gallica.bnf.fr/ark:/12148/bpt6k64728348",
                  "emotions": [
                        "disgust",
                        "annoyance"
                  ],
                  "excerpt": "Inconvénients .— Odeur très - désagréable .La pièce , tenue parfaitement sèche , sera munie , à la partie supérieure du plafond , d ' une cheminée s ' élevant au - dessus des toits .",
                  "id": "11",
                  "title": "L'hygiène et l'industrie dans le département du Nord : vade-mecum des conseils de salubrité, des industriels et des fonctionnaires chargés de la police sanitaire"
            },
            {
                  "doc_url": "https://gallica.bnf.fr/ark:/12148/bpt6k54181128",
                  "emotions": [
                        "disgust",
                        "pain"
                  ],
                  "excerpt": "Pouls petit , dépressible , intermittent à 128 .L ' haleine est mauvaise .A chaque lavage , élimination de liquide louche et de lambeaux mortifiés .",
                  "id": "12",
                  "title": "La peste au Frioul, lazaret de Marseille, en 1900 et 1901 / par le Dr Joseph Pellissier,..."
            },
            {
                  "doc_url": "https://gallica.bnf.fr/ark:/12148/bpt6k65671455",
                  "emotions": [
                        "disgust"
                  ],
                  "excerpt": "Je m ' occuperai seulement ici du parasitisme que nous subissons et qui nous prend à la fois notre air , notre repos , nos aliments , quand il ne nous prend pas notre sang .C ' est affaire d ' importunité et de dégoût pour quelques - uns ; pour d ' autres , il s ' agit , par l ' odeur qu ' ils exhalent et par les émanations putrides qui peuvent s ' en dégager , d ' une cause très - réelle de viciation de l ' air que nous respirons .M .",
                  "id": "13",
                  "title": "La maison : étude d'hygiène et de bien-être domestiques / par J.-B. Fonssagrives,..."
            },
            {
                  "doc_url": "https://gallica.bnf.fr/ark:/12148/bpt6k11833151",
                  "emotions": [
                        "disgust"
                  ],
                  "excerpt": "Quelquefois elle est ratatinée sur elle - même , sèche , rugueuse et tremblotante .L ’ haleine exhale une odeur fétide .Les malades peuvent avoir des envies de vomir ou des vomissements , mais ce phénomène n ’ est pas constant .",
                  "id": "14",
                  "title": "Nouvelle médecine des familles à la ville et à la campagne : à l'usage des familles, des maisons d'éducation, des écoles communales, des curés, des soeurs hospitalières, des dames de charite,́ et de toutes les personnes bienfaisantes qui se dévouent au soulagement des malades (4e édition revue et corrigée) / par le Dr A. C. de Saint-Vincent"
            },
            {
                  "doc_url": "https://gallica.bnf.fr/ark:/12148/bpt6k63930752",
                  "emotions": [
                        "disgust",
                        "greed"
                  ],
                  "excerpt": "Collier blanchâtre , mince , fugace .Saveur nauséabonde .Odeur d ' ail .",
                  "id": "15",
                  "title": "Flore mycologique du département de Tarn-et-Garonne : agaricinées... / par M. C. Roumeguère,..."
            },
            {
                  "doc_url": "https://gallica.bnf.fr/ark:/12148/bpt6k64728348",
                  "emotions": [
                        "disgust",
                        "annoyance"
                  ],
                  "excerpt": "— Odeur désagréable .Cette odeur toute ammoniacale est peu expansive , elle est surtout désagréable pour l ' ouvrier qui la supporte cependant sans accident .Néanmoins , il convient de fermer les vases ou cuves contenant la macération , et de mettre la partie supérieure de l ' atelier en communication avec une cheminée ordinaire .",
                  "id": "16",
                  "title": "L'hygiène et l'industrie dans le département du Nord : vade-mecum des conseils de salubrité, des industriels et des fonctionnaires chargés de la police sanitaire"
            },
            {
                  "doc_url": "https://gallica.bnf.fr/ark:/12148/bpt6k6533672q",
                  "emotions": [
                        "disgust",
                        "annoyance"
                  ],
                  "excerpt": "— Arbuste indigène du midi de l ' Europe et que l ' on cuhive dans les jardins ; ses tiges sont grosses comme le doigt , ligneuses , rameuses , couvertes d ' une écorce blanchâtre ; ses feuilles , divisées en plusieurs pièces , sont petites , oblongues , épaisses , lisses , couleur vert de mer .La rue a une odeur désagréable , une saveur Nauséabonde , âcre et un peu amère .Cette plante est sudorifique et carrninative .",
                  "id": "17",
                  "title": "Traité de la fabrication des liqueurs et de la distillation des alcools... : suivi du traité de la fabrication des eaux et boissons gazeuses et de la description complète des opérations nécessaires pour la distillation des alcools. Tome 1 / par P. Duplais aîné"
            },
            {
                  "doc_url": "https://gallica.bnf.fr/ark:/12148/bpt6k923276f",
                  "emotions": [
                        "disgust",
                        "anger"
                  ],
                  "excerpt": "Forte mer .Odeur forte .Haleine forte .",
                  "id": "18",
                  "title": "Larousse du XXe siècle en six volumes. Tome 3 / publié sous la direction de Paul Augé"
            },
            {
                  "doc_url": "https://gallica.bnf.fr/ark:/12148/bpt6k98092148",
                  "emotions": [
                        "disgust",
                        "annoyance",
                        "disapproval",
                        "pain",
                        "embarrassment",
                        "disappointment"
                  ],
                  "excerpt": ".Pouah ! que ça sent mauvais ! , .MARJOLAINE : Le fait est que ça ne sent pas bon .",
                  "id": "19",
                  "title": "Réduction de Rédemption : parodie en quatre portions dont un prologue inutile à l'action / par MM. E. Grangé, Delacour et L. Thiboust..."
            },
            {
                  "doc_url": "https://gallica.bnf.fr/ark:/12148/bpt6k42205632",
                  "emotions": [
                        "disgust"
                  ],
                  "excerpt": "On connoît deux plantes fous le nom d ’ iris , favoir , l ’ Iris de Florence , Iris Florentina flore albo > 8t l ’ Iris de notre pays , Iris noflras , iris vulgaris Germanica feu fylvefiris , qu ’ on appelle en françois flambe ou glaïeul z il n ’ y a gueres que les racines de ces plantes qui foient en ufage en médecine : on en prefcrit la poudre ou le fuc , cela doit s ’ entendre de celle qu ’ on tire de notre pays ou de l ’ iris ordinaire ; mais fi on fait attention à la poudre d ’ iris , il faut entendre cela de la racine de l ’ iris de Florence .Nous ne décrirons ici que la racine de cette derniere iris ; on nous l ’ apporte en morceaux oblongs , tortueux , un peu applatis , de l ’ épaifleur d ’ un ou deux pouces , blanche , dépouillée de fon écorce extérieure ÔC de fes fibres , ayant une odeur de violette pénétrante , d ’ un goût amef * 7 , lymphe te - gg MATIERE ' & âcre : on doit choifir celle qui eft bien confervée , blanche > très - odorante , St rejetter celle qui eft ridée St cariée .Vertus .",
                  "id": "20",
                  "title": "Nouveaux éléments de matière médicale , extraits des leçons publiques de M. de Lamure,... avec des réflexions judicieuses... pour la connoissance des maladies, & l'application des médicaments, dans l'exercice de la pratique de la médecine, recueillis & mis en ordre par M***, docteur en médecine... Edition revue et corrigée."
            }
      ]
}