{
      "articles": [
            {
                  "doc_url": "https://gallica.bnf.fr/ark:/12148/bpt6k65388704",
                  "emotions": [
                        "disgust",
                        "nervousness",
                        "pain"
                  ],
                  "excerpt": "Beaucoup de nos villages européens ressemblent à ces villages ; mais nos villes ont , au point de vue de la construction , une incontestable supériorité , Les grandes villes de l ' Inde sont , il est vrai , en partie couvertes en tuiles , mais les rues irrégulières y sont si étroites que deux personnes peuvent à peine y passer de front .Au milieu de la rue se trouve l ' égout rempli d ' ordures , et l ' on respire une aff ' reuse puanteur .Le pavage se compose de grandes dalles de pierres brutes .",
                  "id": "1",
                  "title": "Les voyages célèbres. Aventures et découvertes des grands explorateurs"
            },
            {
                  "doc_url": "https://gallica.bnf.fr/ark:/12148/bpt6k65234327",
                  "emotions": [
                        "disgust"
                  ],
                  "excerpt": "C ' est le bolet du mélèze , boletus laricis .La partie interne de ce champignon sessile et parasite , d ' une saveur douceâtre d ' abord , puis acre et nauséabonde , est un violent purgatif peu employé aujourd ' hui en France : on en faisait une poudre , un extrait .Il faut s ' en méfier .",
                  "id": "2",
                  "title": "Précis élémentaire de la saignée et de la vaccine / Par H. Deschamps, aide naturaliste.... et Précis élémentaire de botanique médicale et de pharmacologie / par P. J. E. De Smyttère, professeur d'histoire naturelle médicale... de Paris à l'usage des sage-femmes et des officiers de santé"
            },
            {
                  "doc_url": "https://gallica.bnf.fr/ark:/12148/bpt6k6580254v",
                  "emotions": [
                        "disgust"
                  ],
                  "excerpt": ", donneraient comme autrefois des premiers vins de France , même avec les engrais .Toutefois , je dois dire et je l ' ai constaté , que les émanations directes des fumiers frais et odorants s ' attachent aux grains du raisin et les rendent détestables .J ' ai eu une treille de chasselas dont un bras passait devant une fenêtre d ' étable toujours ouverte .",
                  "id": "3",
                  "title": "Culture de la vigne et vinification (2e édition) / par le Dr Jules Guyot"
            },
            {
                  "doc_url": "https://gallica.bnf.fr/ark:/12148/bpt6k56859506",
                  "emotions": [
                        "joy",
                        "disgust"
                  ],
                  "excerpt": "germanique .L ' odeur marécageuse qu ' elle exhale , .dans l ' état frais , se dissipe par la , dessiccation ; elle est alors inodore , un peu acre , et exerce sur nos organes uneact .",
                  "id": "4",
                  "title": "Traité pratique et raisonné de l'emploi des plantes médicinales indigènes. Texte / par F.-J. Cazin,..."
            },
            {
                  "doc_url": "https://gallica.bnf.fr/ark:/12148/bpt6k28740g",
                  "emotions": [
                        "disgust"
                  ],
                  "excerpt": "Goût amer à la bouche .Saveur amère des alimens , qui s ' efface après avoir mangé .Fréquemment dans le jour , on fait effort pour aller à la garde - robe on ne fait rien ou peu de chose , et le ventre paraît toujours plein , quatorze jours après le remède .",
                  "id": "5",
                  "title": "Des maladies chroniques, de leur nature spéciale et de leur traitement homoeopathique ; suivi d'une Instruction aussi nécessaire au malade pour consulter le médecin qu'utile au médecin pour diriger le traitement ; et d'un Sommaire du régime homéopathique / par Samuel Hahnemann ; ouvrage traduit de l'allemand et enrichi d'une préface, de notes et d'observations pratiques, par le Dr Bigel,... ; publié par le comte S. Des Guidi,..."
            },
            {
                  "doc_url": "https://gallica.bnf.fr/ark:/12148/bpt6k5460034d",
                  "emotions": [
                        "disgust"
                  ],
                  "excerpt": "f .y Ie Action d ' infecter , de produire une odeur corrompue et malfaisante .Nul ne pouvait plus le porter à cause de l ' infection insupportable qui sortait de lui , SACI , Bible , Macliab .",
                  "id": "6",
                  "title": "Dictionnaire de la langue française.... Tome 3 / par É. Littré,..."
            },
            {
                  "doc_url": "https://gallica.bnf.fr/ark:/12148/bpt6k1168413j",
                  "emotions": [
                        "disgust"
                  ],
                  "excerpt": ", et dans lequel on fait sécher des peaux vertes .L ’ insalubrité de cette industrie est notoire ; déplus , elle est incommode par l ’ odeur nauséabonde qu ’ elle dégage .La Commission est d ’ avis d ’ appeler l ’ attention de la Préfecture de Police sur cet état de choses .",
                  "id": "7",
                  "title": "Travaux des commissions d'hygiène du département de la Seine et des communes de Saint-Cloud, Sèvres et Meudon / Préfecture de police, Conseil d'hygiène publique et de salubrité"
            },
            {
                  "doc_url": "https://gallica.bnf.fr/ark:/12148/bpt6k56289707",
                  "emotions": [
                        "disgust"
                  ],
                  "excerpt": "et le plus estimé , est ainsi nommé parce qu ' il offre des larmes ovoïdes , blanchâtres , ayant quelque ressemblance avec des amandes agglomérées dans xme pâte brune et rougeâtre ; le second , moins pur , ne présente qu ' une teinte presqu ' uniformément brunâtre .Ce baume a une odeur très - agréable , ayant quelque rapport avec celle du baume du Pérou ; sa saveur est aromatique , un peu acidulé et légèrement acre : sa cassure est nette , luisante , et comme vitreuse ; il est friable ; il ( » 77 ) craque sousla dent lorsqu ' on le mâche ; jeté sur des charbons ardens , il se fond et brûle en laissant dégager une fumée blanche ^ épaisse , qui a une odeur très forte et qui irrite la gorge .Cette fumée reçue et condensée dans des vases froids , forme des crystaux blancs d ' acide benzoïque .",
                  "id": "8",
                  "title": "De la Stérilité de l'homme et de la femme et les moyens d'y remédier (2e édition) / par V. Mondat,..."
            },
            {
                  "doc_url": "https://gallica.bnf.fr/ark:/12148/bpt6k5460034d",
                  "emotions": [
                        "disgust"
                  ],
                  "excerpt": "f .Mauvaise odeur .|Particulièrement .",
                  "id": "9",
                  "title": "Dictionnaire de la langue française.... Tome 3 / par É. Littré,..."
            },
            {
                  "doc_url": "https://gallica.bnf.fr/ark:/12148/bpt6k6154670s",
                  "emotions": [
                        "disgust"
                  ],
                  "excerpt": "Véronique .Violette odorante .SUBSTANCES TIREES DES METAUX ET PRODUITS CHIMIQUES .",
                  "id": "10",
                  "title": "Nouveau formulaire magistral : précédé d'une notice sur les hôpitaux de Paris, de généralités sur l'art de formuler : suivi d'un précis sur les eaux minérales naturelles et artificielles, d'un mémorial thérapeutique... (19e éd.) / par A. Bouchardat,..."
            },
            {
                  "doc_url": "https://gallica.bnf.fr/ark:/12148/bpt6k58237440",
                  "emotions": [
                        "disgust"
                  ],
                  "excerpt": "L , eur lexiure esl compacte , et ils sont marbrés à l ' intérieur de veines rouges et blanches souvent disposées en étoile .L ' odeur de celle rhubarbe est prononcée ; sa saveur amère est .astringente ; elle croque sous la dent et donne à la salive une couleurjaune safranée .",
                  "id": "11",
                  "title": "Nouveau dictionnaire des plantes médicinales,... par le Dr A. Héraud,..."
            },
            {
                  "doc_url": "https://gallica.bnf.fr/ark:/12148/bpt6k56859506",
                  "emotions": [
                        "disgust",
                        "relief"
                  ],
                  "excerpt": "Propriétés .Toutes les parties de cette plante ont une saveur amère , aromatique et piquante , £ ye esVpurgatiye , ? apéritive , stimulante , tonique .Oh l ' a employée ' dans lès hydropisies , les catarrhes chroniques , la chlorose , le scorbut , l ' ictère , les engorgements du foie et de - la cale , les affections cutanées chroniques , l ' aménorrhée , etc .",
                  "id": "12",
                  "title": "Traité pratique et raisonné de l'emploi des plantes médicinales indigènes. Texte / par F.-J. Cazin,..."
            },
            {
                  "doc_url": "https://gallica.bnf.fr/ark:/12148/bpt6k30632923",
                  "emotions": [
                        "disgust",
                        "greed"
                  ],
                  "excerpt": "Il est des aromates qui portent une impression dangereuse dans l ’ économie animale : l ’ odeur des Lys a été funeste ; on a trouvé des personnes asphyxiées , même par l ’ odeur de la Violette ou celle d ’ autres fleurs aussi suaves .Il est des Arômes vénéneux : ainsi le Mancenilier exhale des vapeurs mortelles ; ainsi la Lobelia longi - Jlora excite une impression suffoquante sur l ’ homme qui respire dans son voisinage .Arrête - bœuf , plante .",
                  "id": "13",
                  "title": "Principes de la philosophie du botaniste, ou Dictionnaire interprète et raisonné des principaux préceptes et des termes que la botanique, la médecine, la physique, la chimie et l'agriculture ont consacrés à l'étude et à la connoissance des plantes . Par N. Jolyclerc,..."
            },
            {
                  "doc_url": "https://gallica.bnf.fr/ark:/12148/bpt6k5460034d",
                  "emotions": [
                        "disgust",
                        "fear",
                        "pain"
                  ],
                  "excerpt": "|12 ° Adverbialement .Sentir mauvais , exhaler une mauvaise odeur .Fi ! cela sent mauvais , et \" je suis tout gâté , MOL .",
                  "id": "14",
                  "title": "Dictionnaire de la langue française.... Tome 3 / par É. Littré,..."
            },
            {
                  "doc_url": "https://gallica.bnf.fr/ark:/12148/bpt6k923281w",
                  "emotions": [
                        "disgust"
                  ],
                  "excerpt": "Il nous serait difficile de définir l ’ odeur qu ’ on respirait dans cette cave , où la porte — 265 — vitrée était le seul passage offert à l ’ air extérieur .Toujours est - il que cette atmosphère empuantée d ’ halenées fétides aurait donné le hoquet à un mort et fait tomber en syncope un vivant .— Les murs nus de cette salle offraient à la vue , tracés au charbon , des mots obscènes , des injures basses , des croquis grotesques et des dessins phalliques .",
                  "id": "15",
                  "title": "Les Filles de Paris, par Angelo de Sorr. Volume 3"
            },
            {
                  "doc_url": "https://gallica.bnf.fr/ark:/12148/bpt6k5696101j",
                  "emotions": [
                        "disgust"
                  ],
                  "excerpt": "Plante grimpante et munie de vrilles comme les autres plantes de la famille des melons .Son fruit est tout petit ; sa racine est blanche , charnue , ressemble à la betterave et a une odeur nauséeuse .C ' est un purgatif énergique et dangereux que les anciens médecins employaient beaucoup .",
                  "id": "16",
                  "title": "La médecine naturelle et normale (6e édition) / publiée sous la direction du docteur Madeuf et de la doctoresse Pierre,..."
            },
            {
                  "doc_url": "https://gallica.bnf.fr/ark:/12148/bpt6k30632923",
                  "emotions": [
                        "disgust",
                        "boredom"
                  ],
                  "excerpt": "Cacalia anteuphorbium .Anthémide odorante .Anthémis nobilis .",
                  "id": "17",
                  "title": "Principes de la philosophie du botaniste, ou Dictionnaire interprète et raisonné des principaux préceptes et des termes que la botanique, la médecine, la physique, la chimie et l'agriculture ont consacrés à l'étude et à la connoissance des plantes . Par N. Jolyclerc,..."
            },
            {
                  "doc_url": "https://gallica.bnf.fr/ark:/12148/bpt6k56859506",
                  "emotions": [
                        "disgust",
                        "relief"
                  ],
                  "excerpt": "^ Propriétés .La tanaisie , d ' une odeur forte et pénétrante , d ' une saveur • amère et acre , est tonique , « xcitante , anthelmintique , en > ménagogue .Elle convient dans l ' atonie des voies digestives , les fièvres intermittentes , la chlorose , l ' aménorrhée avec asthénie , la leucorrhée , l ' hystérie , les affections vermineuses .",
                  "id": "18",
                  "title": "Traité pratique et raisonné de l'emploi des plantes médicinales indigènes. Texte / par F.-J. Cazin,..."
            },
            {
                  "doc_url": "https://gallica.bnf.fr/ark:/12148/bpt6k58237440",
                  "emotions": [
                        "disgust",
                        "fear"
                  ],
                  "excerpt": "Chair molle , jaunâtre , passant , aubleu , au vert , puis au vert noirâtre , quand on brise le champignon .Odeur forte , nauséeuse ; très dangereux ; il produit sur les animaux des vomissements répétés - avec mouvements convulsifs ..",
                  "id": "19",
                  "title": "Nouveau dictionnaire des plantes médicinales,... par le Dr A. Héraud,..."
            },
            {
                  "doc_url": "https://gallica.bnf.fr/ark:/12148/bpt6k65234327",
                  "emotions": [
                        "disgust"
                  ],
                  "excerpt": ", de la famille des crucifères .Elles ont une odeur très - piquante lorsqu ' on les pile ; leur saveur est amère , chaude , peu durable .Ces graines sont très - âcres et irritantes .",
                  "id": "20",
                  "title": "Précis élémentaire de la saignée et de la vaccine / Par H. Deschamps, aide naturaliste.... et Précis élémentaire de botanique médicale et de pharmacologie / par P. J. E. De Smyttère, professeur d'histoire naturelle médicale... de Paris à l'usage des sage-femmes et des officiers de santé"
            }
      ]
}