{
      "articles": [
            {
                  "doc_url": "https://gallica.bnf.fr/ark:/12148/bpt6k58099729",
                  "emotions": [
                        "disgust"
                  ],
                  "excerpt": "Dans cet état , cinquante pèsent à peine un gros .L ' odeur cpii s ' exhale du corps des cantharides est extrêmement pénétrante , et l ' on a vu des personnes avoir dés ardeurs d ' urine trèscuisantes , des pissemens de sang même , pour s ' être endormies sous des arbres sur lesquels il y avait beaucoup de ces insectes , et pour en avoir cueilli un grand nombre , les mains nues .Quanta la teinture des cantharides dont l ' action est vèsicatoire , elle a été découverte par Andry ( i ) .",
                  "id": "1",
                  "title": "Cours théorique et pratique de matière médicale-thérapeutique sur les remèdes altérans, de P.-J. de Barthez,... recueilli et mis au jour avec un Discours préliminaire et des notes additionnelles... par M. J. Seneaux,... suivi d'un cours de remèdes évacuans.... Tome 2"
            },
            {
                  "doc_url": "https://gallica.bnf.fr/ark:/12148/bpt6k9671504w",
                  "emotions": [
                        "disgust"
                  ],
                  "excerpt": "Rien d ' égal à la ténacité du lien qui attache ces misérables à leur or mal gagné .L ' odeur infecte qui s ' exhale du corps de ces bêtes puantes , c est la concussion , l ' agiotage , le viol , l ' assassinat , qui transsudent d un corps social gangrené et pourri , d ' un corps social en puissance de juifncomme la France d ' aujourd ' hui .Voulons - nous guérir le corps social de ses infamies , et purger les campagnes de la bête puante ? Le moyen est le même : il a , de plus , l ' avantage d ' être extrêmement facile .",
                  "id": "2",
                  "title": "L'esprit des bêtes : vénerie française et zoologie passionnelle / par A. Toussenel,..."
            },
            {
                  "doc_url": "https://gallica.bnf.fr/ark:/12148/bpt6k58248578",
                  "emotions": [
                        "disgust",
                        "disappointment"
                  ],
                  "excerpt": ": ■ .saveur amère , mucilagineuse ? donc ' âire ; le fruit a à peu - près le même goût .C ' est une des cinq - racines apéritves .",
                  "id": "3",
                  "title": "Cours d'étude pharmaceutique par B. (Bouillon) Lagrange,.... Tome 2"
            },
            {
                  "doc_url": "https://gallica.bnf.fr/ark:/12148/bpt6k105074g",
                  "emotions": [
                        "disgust"
                  ],
                  "excerpt": "ronde remplie de mode rameute , fes reuiUes d ' en .bas naiûent femblables à celles du ~ eru ! , mais celles d ' en - haut qui font attachées à la tige , font découpées beaucoup plus menues ces teuiUes ont une odeur trcs - cbrre ..",
                  "id": "4",
                  "title": "Le Cannameliste français, ou Nouvelle instruction pour ceux qui désirent d'apprendre l'office , rédigé en forme de dictionnaire, contenant les noms, les descriptions, les usages, les choix et les principes de tout ce qui se pratique dans l'office... par le sieur Gilliers,..."
            },
            {
                  "doc_url": "https://gallica.bnf.fr/ark:/12148/bpt6k5499224b",
                  "emotions": [
                        "disgust"
                  ],
                  "excerpt": "à l ' air , au contact de J J l ' eau .il AUlDE SULFHYDRIQUE ES BrS Gaz incolore , odeur d ' oeufs pourris , d = l , li » .L ' eau à 0 ° ^ n dissout emu - on 4 - volumes .",
                  "id": "5",
                  "title": "Formulaire à l'usage des aspirants au baccalauréat ès sciences et au baccalauréat de l'enseignement secondaire spécial, des candidats aux écoles du gouvernement et des élèves des écoles normales (4e édition)"
            },
            {
                  "doc_url": "https://gallica.bnf.fr/ark:/12148/bpt6k58248578",
                  "emotions": [
                        "disgust"
                  ],
                  "excerpt": ".La couleur de celte racine est d ' un brun roussâtre ; son odeur est aromatique et agréable ; sa saveur est aussi aromatique s amère et a de Fâcreté * ' ' ■ ■ ' : ' On le dit alexipharmaque « diurétique et emménagogue .' , - .",
                  "id": "6",
                  "title": "Cours d'étude pharmaceutique par B. (Bouillon) Lagrange,.... Tome 2"
            },
            {
                  "doc_url": "https://gallica.bnf.fr/ark:/12148/bpt6k5809999z",
                  "emotions": [
                        "disgust",
                        "greed"
                  ],
                  "excerpt": "Autour de lui , la nature mouvante , la chaîne ininterrompue de la vie , mais d ' une vie gaie , active , sans la moindre lassitude ; les fidèles ne sont pas des ascètes : quel contraste entre ces 91 INSTANTANÉS U ' EXTRÊME - ASIB trois petites Japonaises au kimono fleuri , et la religion du Nirvanah , La lourdeur du soleil , le parfum trop enivrant des plantes ne sont paslà pour engourdir lo cerveau et paralyser la volonté .Point do ces floraisons dont l ' odeur est vénéneuse et perfide .La brise marine , relovée par la senteur des pins , rend l ' effort facile et gai .",
                  "id": "7",
                  "title": "Instantanés d'Extrême-Asie / Henri Mylès"
            },
            {
                  "doc_url": "https://gallica.bnf.fr/ark:/12148/bpt6k5855072b",
                  "emotions": [
                        "disgust"
                  ],
                  "excerpt": "On en a découvert d ' abondantes sources en Amérique .On se sert du pétrole pour l ' éclairage dans des lampes faites pour cet usage ; il donne une Yivo clarté , mais il oxhale une odeur insupportable et il est explosible , ce qui \" m rèb PK foéf lié en rend l ' usage dangereux , à raison surtout des incendies qui sont presquo toujours ta conséquence do l ' explosion .A ce que racontent les voyageurs , rien de terrible comme l ' incendie d ' une source de pétrole .",
                  "id": "8",
                  "title": "Un peu de tout / Sophie de Cantelou,..."
            },
            {
                  "doc_url": "https://gallica.bnf.fr/ark:/12148/bpt6k90020f",
                  "emotions": [
                        "disgust",
                        "anger"
                  ],
                  "excerpt": "Dans mM oprouvotte a pied .attaquez du MMC o ) ' ~ Mf « ' ' f par t ' aeide su ) furiquc au L ' hydrogcnt : qui se dégage avec une vive eUerveseenec est impur et son odeur est désagrëabte .Lo mct : d < ) t ) commerce contient un pou de carbure , de sutfnro .",
                  "id": "9",
                  "title": "Manipulations de chimie : métalloïdes (2e édition) / par M. A. Mermet,... ; avec une préface de M. C. Friedel,..."
            },
            {
                  "doc_url": "https://gallica.bnf.fr/ark:/12148/bpt6k6523819r",
                  "emotions": [
                        "disgust"
                  ],
                  "excerpt": "« Si l ' ouverture a été différée , de » manière à ce que la pourriture s ' en soit déjà em » parée , on ne doit la faire qu ' avec une extrême » précaution ; la pourriture change totalement l ' état » des choses .Et s ' il s en exhale déjà une très - mau » vaise odeur ; l ' homme de l ' art peut se refuser à » en approcher ; car on ne peut l ' obliger à une » opération qui deviendrait non - seulement inutile » en grande partie , mais encore qui pourrait être » nuisible à sa santé .» ( i ) On sait que la Peyronie se refusa à l ' ouverture du cadavre de Louis XV 1 mort de la petite vérole , sans doute adynamique .",
                  "id": "10",
                  "title": "Manuel pratique de la médecine légale, par Chles-Vtor Biessy,... Tome I"
            },
            {
                  "doc_url": "https://gallica.bnf.fr/ark:/12148/bpt6k58248578",
                  "emotions": [
                        "disgust"
                  ],
                  "excerpt": "On a donné le nom de sperma ceti , ou de blanc ; de baleine , à une substance tendre , douce et un peu grasse au toucher , quoique friable , d ' une couleur blanche , un peu brillante et comme soyeuse , légèrement transparente .Cette substance a très - peu d ' odeur , et tout au plus celle de la graisse récente .Sa saveur est fade , visqueuse , grasse et peu agréable .",
                  "id": "11",
                  "title": "Cours d'étude pharmaceutique par B. (Bouillon) Lagrange,.... Tome 2"
            },
            {
                  "doc_url": "https://gallica.bnf.fr/ark:/12148/bpt6k9618781w",
                  "emotions": [
                        "disgust"
                  ],
                  "excerpt": "Les vibrions aérobiens vivent donc à la surface des matières putrescibles , les anaérobiens dans leurs profondeurs , ces derniers apportant à la destruction des cadavres les qualités spéciales des ferments ; déssassociant , Ilédoublant les matières albuminoïdes en produits gazeux et en corps nouveaux , tels l ' endol , le scatol , l ' hydrogène , qui , rencontrant du soufre , du phosphore , de l ' azote , donne naissance à l ' hydrogène sulfuré , phosphoré et à l ' ammoniaque .Tous ces corps réunis donnent cette odeur repoussante caractéristique à la putréfaction .Lorsque les ferments anaérobiens ont accompli leur oeuvre , incapables d ' alimenter leur vie , devant certaines matières complexes qui doivent être brûlées , les bactéries aérobiennes de la surface entrent en fonction , détruisant par la combustion lente toute la matière .",
                  "id": "12",
                  "title": "De l'embaumement avant et après Jésus-Christ : avec l'analyse de masses résineuses ayant servi à la conservation des corps chez les anciens Egyptiens et les Carthaginois / Dr Louis Reutter"
            },
            {
                  "doc_url": "https://gallica.bnf.fr/ark:/12148/bpt6k58016647",
                  "emotions": [
                        "disgust"
                  ],
                  "excerpt": "Les araucaria , qui la fournissent , sont des arbres gigantesques disséminés sur la plage , mais formant des bois véritables sur les îlots de corail , particulièrement à l ' île de Pins .3 ° La résine d ' un arbre du genre Gardénia ( rubiacées ) ' , de couleur jaunede soufre , d ' odeur nauséabonde .Sa cassure est nette et vitreuse à la température ordinaire , mais à une température tant soit peu élevée elle devient malléable comme la cire .",
                  "id": "13",
                  "title": "La Nouvelle-Calédonie et ses habitants, productions, moeurs, cannibalisme / par le Dr Victor de Rochas,..."
            },
            {
                  "doc_url": "https://gallica.bnf.fr/ark:/12148/bpt6k5865048z",
                  "emotions": [
                        "disgust"
                  ],
                  "excerpt": "Propriétés physiques .Eau limpide , déposant des flocons - glaireux ; rude au toucher ; odeur sulfureuse forte ; saveur âpre ; température 3g degrés .Propriétés chimiques .",
                  "id": "14",
                  "title": "Opuscule sur Cauterets et ses eaux minérales chaudes... par Cyprien Camus,..."
            },
            {
                  "doc_url": "https://gallica.bnf.fr/ark:/12148/bpt6k6102624j",
                  "emotions": [
                        "disgust",
                        "annoyance",
                        "boredom",
                        "disapproval",
                        "frustration"
                  ],
                  "excerpt": "Ces deux étals , souvent confondus , méritent une distinction que nous ne pouvons taire , à cause de son importance dans l ' administration du traitement .Un sujet éprou \\ - e du dégoût , de l ' inappétence ; plus ou moins longtemps après son repas , sa langue est saburrale , il sent de la pesanteur à l ' estomac , des éructations nidoreuses ou inodores , des bâillements , du pyrosis .un brisement général , des troubles de la pensée , de la somnolence ; cet état dure en proportion du temps que met la digestion à se faire ; après quoi , le sujet reprend le plus souvent son état normal .",
                  "id": "15",
                  "title": "Utilité des eaux minérales transportées. Vichy... sources : Hôpital, Grande-Grille, Célestins, Hauterive, Mesdames et Puits-Chomel, par le Dr A. Comandré,..."
            },
            {
                  "doc_url": "https://gallica.bnf.fr/ark:/12148/bpt6k58248578",
                  "emotions": [
                        "disgust"
                  ],
                  "excerpt": "Pix NIGRA , Poix noire sèche .Celte poix est sèche , solide , cassante , d ' un noir brillanr d ' une odeur empvreumatique et désagréable .On la fait ordinairement avec du galipot qu ' on fait fondre , et dans lequel on mêle du goudron pendant qu ' il est encore chaud .",
                  "id": "16",
                  "title": "Cours d'étude pharmaceutique par B. (Bouillon) Lagrange,.... Tome 2"
            },
            {
                  "doc_url": "https://gallica.bnf.fr/ark:/12148/bpt6k6116733c",
                  "emotions": [
                        "disgust"
                  ],
                  "excerpt": "— Synanlhé - rées .Odeur forte , fétide ; saveur acre , très amère .Cette plante , voisine de la camomille , est stimulante , antispasmodique , emménagogue et même obstétricale , vermifuge .",
                  "id": "17",
                  "title": "Aide-mémoire de pharmacie, vade-mecum du pharmacien à l'officine et au laboratoire, par Eusèbe Ferrand,..."
            },
            {
                  "doc_url": "https://gallica.bnf.fr/ark:/12148/bpt6k5470210z",
                  "emotions": [
                        "disgust"
                  ],
                  "excerpt": "S ' il lui présente ensuite un chiffon de papier et qu ' il lui dise : C ' est une fleur , aussitôt l ' idée do fleur est réveillée dans l ' esprit du sujet ; il admire ses couleurs , savoure le parfum , et si c ' est une femme , elle en pare son corsage 3 .Le même phénomène aura lieu si le présent est un objet infect , repoussant : un flacon d ' ammoniaque , ouvert sous le nez , sera respiré avec délices , s ' il est donné sous le nom d ' un parfum exquis 3 .Cette suggestion des idées peut même aller jusqu ' à faire perdre au sujet le sentiment de sa personnalité .",
                  "id": "18",
                  "title": "La vérité sur l'hypnotisme / par A. Lelong,..."
            },
            {
                  "doc_url": "https://gallica.bnf.fr/ark:/12148/bpt6k9784261b",
                  "emotions": [
                        "disgust"
                  ],
                  "excerpt": "Une espèce de cette plante produit des gousses longues de quatre à cinq pouces , et courbées en forme de petites cornes 5 dans une autre espèce , ces gousses sont de la forme et ^ e la grosseur d ' une très - grosse noix .Ces fruits ont une saveur âcre et brûlante , sur - tout quand ils sont mûrs , c ' est - à - dire parfaitement rouges y et on ne peut en mâcher un instant le plus petit morceau 5ans se mettre la bouche en feu .Il faut avoir l ' attention , quand on en a touché , de ne point porter les doigts au nez ou sur les yeux .",
                  "id": "19",
                  "title": "La cuisinière de la ville et de la campagne, ou Recueil des procédés les plus simples et les plus en usage sur l'art alimentaire"
            },
            {
                  "doc_url": "https://gallica.bnf.fr/ark:/12148/bpt6k5682506g",
                  "emotions": [
                        "disgust"
                  ],
                  "excerpt": "Souvent celle - ci , prise de panique , se sauve affolée à travers les obstacles de la forêt et met en danger la vie du chasseur .On ne peut , du , reste , employer un éléphant pour la chasse du tigre qu ' après l ' avoir soumis à une soigneuse éducation et lui avoir fait surmonter l ' instinctive répulsion que lui inspirent la vue et l ' odeur des félins * .Il est aussi fort difficile de trouver un bon mahout ou conducteur ; c ' est de ce dernier surtout que dépendent toutes les qualités de l ' éléphant .",
                  "id": "20",
                  "title": "Lectures sur l'histoire naturelle des animaux, suivies d'un vocabulaire des mots techniques employés dans l'ouvrage, par Paul Bert,..."
            }
      ]
}