{
      "articles": [
            {
                  "doc_url": "https://gallica.bnf.fr/ark:/12148/bpt6k58237440",
                  "emotions": [
                        "disgust"
                  ],
                  "excerpt": "Graines elliptiques , luisantes , noirâtres , portant une aile oblongue , élargie dans le milieu , arrondie au sommet , quatre à Cinq fois plus longuequelagraine .Amande d ' odeur lérébinthacôe désagréable .5 .",
                  "id": "1",
                  "title": "Nouveau dictionnaire des plantes médicinales,... par le Dr A. Héraud,..."
            },
            {
                  "doc_url": "https://gallica.bnf.fr/ark:/12148/bpt6k5428566g",
                  "emotions": [
                        "disgust",
                        "fear",
                        "embarrassment"
                  ],
                  "excerpt": ", ankylosé du coude , était en outre criblé d ' ulcérations profondes et serpigineuses dont l ' une occupait tout le tiers de l ' avant - bras , et une autre dénudait le frontal , etc .Il était hideux d ' aspect et exhalait de toute sa personne une odeur fétide .En outre , il était affecté de plusieurs arthropathies qui complétaient ce tableau et donnaient au malade Vapparence typique du scrofuleux .",
                  "id": "2",
                  "title": "Syphilis héréditaire de l'âge adulte / Dr Edmond Fournier"
            },
            {
                  "doc_url": "https://gallica.bnf.fr/ark:/12148/bpt6k58237440",
                  "emotions": [
                        "disgust"
                  ],
                  "excerpt": "Il se présente sous la forme de pains plusou moins volumineux , souvent déformés par leur pression réciproque , recouverts de .fruits triangulaires de rumex , qui quelquefois aussi se ' montrent dans l ' intérieur , parce que plusieurs pains se sont soudés ; sa couleur est d ' un brun pâte , se fonçant avec le temps ; sa cassure terne , inégale ; , son odeur forte et vireuse ; sa saveur est amère , acre et nauséabonde .Il paraît avoir été préparé par l ' incision des capsules et l ' agglulinalion des larmes .",
                  "id": "3",
                  "title": "Nouveau dictionnaire des plantes médicinales,... par le Dr A. Héraud,..."
            },
            {
                  "doc_url": "https://gallica.bnf.fr/ark:/12148/bpt6k30632923",
                  "emotions": [
                        "disgust"
                  ],
                  "excerpt": "J ’ ai connu un fleuriste passionné à qui des maçons dans un régal mangèrent les oignons d ’ une planche nombreuse de Tulipe } les prenant pour des oignons ordinaire , les maçons s ’ en trouvèrent bien , mais le pauvre fleuriste n ’ en est pas encore consolé .Il n ’ en eut pas été de même pour les maçons s ’ ils eussent dévoré sa planche de Jacinthe ; ces oignons , ceux de la Phal ' angère , du Perce - Neige , de la Narcisse , delà Couronne - Impériale , ont une odeur désagréable et sont vénéneux .Plusieurs , tels que V Oignon , Y Ail ^ le Poireau j perdent leur causticité par la coction , et deviennent aliment .",
                  "id": "4",
                  "title": "Principes de la philosophie du botaniste, ou Dictionnaire interprète et raisonné des principaux préceptes et des termes que la botanique, la médecine, la physique, la chimie et l'agriculture ont consacrés à l'étude et à la connoissance des plantes . Par N. Jolyclerc,..."
            },
            {
                  "doc_url": "https://gallica.bnf.fr/ark:/12148/bpt6k5460034d",
                  "emotions": [
                        "disgust"
                  ],
                  "excerpt": "Une odeur nauséabonde .La saveur n ' était plus acide , elle était au contraire nauséabonde et iade , FOURCROY et VAIIQUF .- LIN , Instit .",
                  "id": "5",
                  "title": "Dictionnaire de la langue française.... Tome 3 / par É. Littré,..."
            },
            {
                  "doc_url": "https://gallica.bnf.fr/ark:/12148/bpt6k5496872j",
                  "emotions": [
                        "disgust"
                  ],
                  "excerpt": "Brun , dur , fragile ; ne peut exister qu ' à l ' état solide : l ' humidité l ' humidité l ' air et l ' eau changeant sa couleur , et le fesant passer à l ' état d ' hydrosulfate ou d ' hydrosulfate sulfuré , remarquaFOIE DE SOUFRE .bles par une odeur insupportable d ' oeufs pourris : cette diset diset solution précipite en noir par les sels de cuivre ) et les acides SOLFURE DE POTASSIUM , puissans la décomposent en en précipitant le souffre et fesant D ' APRES BERZELIUS .dégager l ' acide hydrosulfurique .",
                  "id": "6",
                  "title": "Traité des maladies des voies digestives et de leurs annexes, suivi de Tableaux des substances vénéneuses, par Alexis Bompard,..."
            },
            {
                  "doc_url": "https://gallica.bnf.fr/ark:/12148/bpt6k62138546",
                  "emotions": [
                        "disgust"
                  ],
                  "excerpt": "Il a les memfes maigres et la queue nue , la mine obscure , la ^ Ijysionomie noire , comme le poil et la peau ; il ( , , tfère principalement du Bœuf à l ' extérieur par cette couleur de la peau , qu ' on aperçoit aisément sous le poil qui n ' est que peu fourni .Il a le corps plus gros et plus court que le Bœuf , les jambes plus joutes , la tête proportionnellement beaucoup plus Petite , les cornes moins rondes , noires et en partie ilonlprimées , un toupet de poil crépu sur le front ; il a aussi la peau plus dure et plus épaisse que le bœuf ; sa chair , noire et coriace , est non - seulement I esagréable au goût , mais répugnante à l ' odorat , et It de la femelle du Buffle n ' est pas si bon que ' Ui de la Vache .» .",
                  "id": "7",
                  "title": "Histoire naturelle illustrée : rédigée d'après la quatrième édition du Cours élémentaire d'histoire naturelle de feu M. Boitard,..."
            },
            {
                  "doc_url": "https://gallica.bnf.fr/ark:/12148/bpt6k5741953b",
                  "emotions": [
                        "surprise",
                        "disgust"
                  ],
                  "excerpt": "BRIGITTE , éclatant .Je te dis qu ' on a fumé , Suzette ! C ' est la seconde fois que je la rencontre , celle odeur maudite du tabac , et je la reconnais , quoiqu ' il y ait bien dix ans de cela .SCÈNE XII LES MÊMES , BRÈCHEMAIN .",
                  "id": "8",
                  "title": "Les Absents, proverbe / Alphonse Daudet"
            },
            {
                  "doc_url": "https://gallica.bnf.fr/ark:/12148/bpt6k6478966f",
                  "emotions": [
                        "disgust",
                        "boredom"
                  ],
                  "excerpt": "Un sale groin ; de s - g2 .Une églantine odorante , vingt - quatre é - o - .Un gnome fidèle , vingt - quatre g - r - .",
                  "id": "9",
                  "title": "Cours complet d'orthographe. Premier degré. L'orthographe enseignée par la pratique aux enfants de 5 à 7 ans... par Mme Charrier-Boblet... Nouvelle édition"
            },
            {
                  "doc_url": "https://gallica.bnf.fr/ark:/12148/bpt6k875632b",
                  "emotions": [
                        "disgust"
                  ],
                  "excerpt": "Le grain altéré par ce champignon est noir , énormément développé , long , recourbé , et ressemble à l ’ ergot dos gallinacés .L ’ odeur du seigle ergoté est forte , repoussante , et rappelle celle du tabac à priser ; sa saveur est amère et âcre ; sa poudre , d ’ un gris bleuâtre , est très hygrométrique , très altérable , et ne doit pas être préparée â l ’ avance .Composition cuimique .",
                  "id": "10",
                  "title": "Précis de thérapeutique vétérinaire, avec données scientifiques spéciales sur les effets des alcaloïdes / par M. M. Kaufmann,..."
            },
            {
                  "doc_url": "https://gallica.bnf.fr/ark:/12148/bpt6k58237440",
                  "emotions": [
                        "disgust"
                  ],
                  "excerpt": "TANAISIE VULGAIRE 583 Description ( fig .281 ) , — Plante de 8 - 12 décimètres , presque glabre , très odorante , de saveur amère , , aromatique , nauséeuse .Racine courte , oblique , rameuse .",
                  "id": "11",
                  "title": "Nouveau dictionnaire des plantes médicinales,... par le Dr A. Héraud,..."
            },
            {
                  "doc_url": "https://gallica.bnf.fr/ark:/12148/bpt6k5682699g",
                  "emotions": [
                        "disgust"
                  ],
                  "excerpt": "ils se liquéfient par la corruption .If surnage un , liquide , huileux , , , à odeur repoussante [ de , .poisson - ppurrl .",
                  "id": "12",
                  "title": "Éléments d'histoire naturelle. Zoologie,... par J.-Henri Fabre,... Classe de cinquième"
            },
            {
                  "doc_url": "https://gallica.bnf.fr/ark:/12148/bpt6k9781426n",
                  "emotions": [
                        "disgust"
                  ],
                  "excerpt": "( C .de Menthe odorante .) — de laurier , ou huiles de baies , idem , - as — de la vande , essentielle , idem , 40 — de lin , l ' anobe , 40 — de mocis .",
                  "id": "13",
                  "title": "Répertoire universel du commerce et de la navigation : contenant les droits de navigation, les tarifs de douanes de toutes les contrées : réunis et publiés pour la première fois : et tous les autres renseignements, notions et documents authentiques, nécessaires au commerce et à la navigation / par M. Maiseau et une société de géographes et de négocians"
            },
            {
                  "doc_url": "https://gallica.bnf.fr/ark:/12148/bpt6k63659823",
                  "emotions": [
                        "disgust"
                  ],
                  "excerpt": "Ces diverses espèces , plus ou moins grimpantes , se trouvent répandues dans les bois du Brésil .La racine employée contre la morsure des serpents , est d ' une odeur nauséabonde et d ' un goût amère camphré .Caapeba .",
                  "id": "14",
                  "title": "Études topographiques, médicales et agronomiques sur le Brésil / par le Dr Alp. Rendu,..."
            },
            {
                  "doc_url": "https://gallica.bnf.fr/ark:/12148/bpt6k5721833p",
                  "emotions": [
                        "disgust"
                  ],
                  "excerpt": "La tuméfaction qu ' elles déterminent , assez peu prononcée au voisinage de l ' omoplate , va croissant en bas et en dehors , et acquiert son plus haut développement à la partie inférieure , où l ' on trouve une série d ' éminences qui s ' élèvent brusquement et à pic de plusieurs centimètres au - dessus du niveau de la peau .Les ulcérations , au nombre de trois ou quatre , sans y comprendre celles que voilent les croûtes , ont un aspect sale et blafard , et fournissent un ichor d ' une fétidité insupportable : ce n ' est ni l ' odeur de la gangrène , ni celle du pus croupissant , mais une odeur sui generis , et que je ne saurais comparer à aucune autre .De cet assemblage de tumeurs , de croûtes et d ' ulcérations résulte une lésion d ' un aspect étrange et vraiment caractéristique ; le malade la compare assez poétiquement aux flots de la mer , expression qui ne manque pas de justesse , si l ' on songe à la rapidité avec laquelle ces énormes tumeurs s ' élèvent ou s ' affaissent , et à l ' apparence ondulée qu ' elles présentent .",
                  "id": "15",
                  "title": "Leçons théoriques et cliniques sur les affections cutanées artificielles et sur la lèpre, les diathèses, le purpura / professées par le docteur Bazin... ; rédigées et publiées par le docteur Guérard,..."
            },
            {
                  "doc_url": "https://gallica.bnf.fr/ark:/12148/bpt6k58237440",
                  "emotions": [
                        "disgust",
                        "greed"
                  ],
                  "excerpt": "On peut Teseinployerfraîches ; onleur .préfôre , engônéral , celles du bigafa - , dier ( ' CitrMS - « Mi3a7 * isRisso ) , quisonlplusamôreselplus aromatiques .FLEURS ( naphx ) .",
                  "id": "16",
                  "title": "Nouveau dictionnaire des plantes médicinales,... par le Dr A. Héraud,..."
            },
            {
                  "doc_url": "https://gallica.bnf.fr/ark:/12148/bpt6k56859506",
                  "emotions": [
                        "disgust"
                  ],
                  "excerpt": "Propriétés .L ' herbe à Robert , d ' une odeur désagréable , comparée à celle de l ' urine des personnes qui ont mangé des asperges , d ' une saveur un peu amère et légèrement austère , est un peu astringente .Je ne dirai pas , avec Hildanus , que cette plante guérit le cancer , et , avec d ' autres auteurs , qu ' elle dissout le sang coagulé dans le corps , arrête toutes les hémorrhagies , guérit la phtisie scrophuleuse , etc .",
                  "id": "17",
                  "title": "Traité pratique et raisonné de l'emploi des plantes médicinales indigènes. Texte / par F.-J. Cazin,..."
            },
            {
                  "doc_url": "https://gallica.bnf.fr/ark:/12148/bpt6k5832713d",
                  "emotions": [
                        "disgust"
                  ],
                  "excerpt": "Il resta exposé à terre et hors du cercueil pendant près de trois heures , et à une température de 17 à 18 degrés centigrades .Ce cadavre répandit une odeur infecte insupportable , il gonfla d ' une manière très - manifeste après l ' exhumation .A peine eut - on fait quelques aspersions avec du chlorure de chaux dissous dans l ' eau , que l ' odeur infecte fut instantanément détruite , et qu ' il fut possible de commencer l ' autopsie .",
                  "id": "18",
                  "title": "Formulaire pour la préparation et l'emploi de plusieurs nouveaux médicamens , tels que la noix vomique, la morphine, l'acide prussique, la strychnine, la vératrine, les alcalis des quinquinas, l'iode,... par F. Magendie,... Septième édition, revue et augmentée"
            },
            {
                  "doc_url": "https://gallica.bnf.fr/ark:/12148/bpt6k1162747h",
                  "emotions": [
                        "disgust",
                        "fear",
                        "pain"
                  ],
                  "excerpt": "Je montai et ouvris la porte de ma chambre .Une odeur insupportable faillit me suffoquer .Mais ce que je vis à la clarté d ’ une bougie qui brûlait sur un guéridon m ’ arrêta court .",
                  "id": "19",
                  "title": "Musée des enfants"
            },
            {
                  "doc_url": "https://gallica.bnf.fr/ark:/12148/bpt6k5841126x",
                  "emotions": [
                        "disgust"
                  ],
                  "excerpt": "Sous l ' influence de la chaleur de l ' estomac de ces rongeurs , le fromage fond , l ' éponge s ' Imbibe de sucs gastriques , augmente de volume dans des proportions peu en rapport avec la capacité • stomacale des rats et des souris et les tue par asphyxie .Ces cadavres sont inoffensifs pour les chats et pour les chiens et même , au bout de quelque temps , ne dégagent aucune odeur nauséabonde .POUR ENLEVER LES TACHES DES BLOUSES DE SOIE Si les blouses de soie sont trop tachées pour les nettoyer à sec , enlevez ces taches une à une , en remettant dessus de l ' huile fraîche .",
                  "id": "20",
                  "title": "Almanach de la femme et de l'enfant pour... : chroniques, nouvelles, récits, l'art et la science au foyer"
            }
      ]
}