{
      "articles": [
            {
                  "doc_url": "https://gallica.bnf.fr/ark:/12148/bpt6k9663819q",
                  "emotions": [
                        "disgust"
                  ],
                  "excerpt": "Le fourchet peut se compliquer du décollement des ongles et de la gangrène de la peau de l ' espace interdigité ; dans ce dernier cas , le sphacèle du tégument est suivi de la dénudation des tendons et des os .Le canal billexe peut être lui - même entraîné avec le lambeau tégumentaire auquel il fait continuité ; mais , avant que la gangrène J ' ait envahi , il laisse écouler , en quantité considérable , un pus filant mélangé à une matière grisâtre , caséeuse et d ' une odeur repoussante .La tuméfaction des membres est alors excessive ; la douleur est si grande que le mouton est incapable de se redresser ; il reste constamment couché , ne mange plus , dépérit rapidement et ne tarde pas à mourir , épuisé par les souffrances et par la diarrhée .",
                  "id": "1",
                  "title": "Traité complet de l'élevage et des maladies du mouton / par A. Bénion,..."
            },
            {
                  "doc_url": "https://gallica.bnf.fr/ark:/12148/bpt6k932133k",
                  "emotions": [
                        "disgust",
                        "disapproval"
                  ],
                  "excerpt": "Sur plusieurs points il est incisé et affaissé , sur d ’ a ® ' très il est soulevé par de la sérosité .L ’ intérieur de la mai ® en est souillé et il en dégoûte ; elle est très fétide .Le poi \" gnet est rouge et enflé .",
                  "id": "2",
                  "title": "Notice sur les propriétés médicinales de la feuille de chou et sur son mode d'emploi (4e édition...) / par A. Blanc,..."
            },
            {
                  "doc_url": "https://gallica.bnf.fr/ark:/12148/bpt6k1498421n",
                  "emotions": [
                        "disgust"
                  ],
                  "excerpt": ".Cette odeur , dans la folie est si caractéristique que Burrows affirme que , s ’ il la sentait chez une personne , il « n ’ hésiterait pas à la déclarer aliénée , quand même il n ’ aurait pas d ’ autres preuves » .On sait que certaines portions du corps exhalent par la peau des odeurs fétides plus ou moins marquées .",
                  "id": "3",
                  "title": "Journal des Eaux-Bonnes, Eaux-Chaudes, St-Christau"
            },
            {
                  "doc_url": "https://gallica.bnf.fr/ark:/12148/bpt6k9808231g",
                  "emotions": [
                        "disgust",
                        "annoyance"
                  ],
                  "excerpt": ".si l ' horrible puanteur de l ' huile 1 friture ne vous obligeait à chercher un peu d ' air ! Pas un Européen , pas un Français .Pour se comprendre , du charabia , des mimiques .",
                  "id": "4",
                  "title": "Coups d'ailes. De l'oiseau à l'avion. Préface de M. Laurent Eynac, ministre de l'air / Ennemonde Diard"
            },
            {
                  "doc_url": "https://gallica.bnf.fr/ark:/12148/bpt6k5823543w",
                  "emotions": [
                        "disgust"
                  ],
                  "excerpt": "Sirop de fumeterre .— Coloré en brun clair , inodore , saveur amère ayant quelque chose de nauséeux .Les sels de sesquioxyde de fer lui communiquent une teinte brun verdâtre .",
                  "id": "5",
                  "title": "Essai sur les caractères physiques, organoleptiques et chimiques, que doivent présenter les principales préparations pharmaceutiques officinales, ainsi que les médicaments chimiques... par P.-H. Lepage,..."
            },
            {
                  "doc_url": "https://gallica.bnf.fr/ark:/12148/bpt6k96016687",
                  "emotions": [
                        "disgust"
                  ],
                  "excerpt": "Les symptômes notés en pareil cas sont : des vertiges , de la céphalalgie , une sensation de brûlure à la gorge ; puis perte de connaissance , coma , affaiblissement de la respiration , convulsions .L ' haleine sent fortement le sulfure de carbone .Cette substance s ' élimine en effet principalement par les poumons ; une petite quantité serait éliminée aussi par la peau , par les reins et par le tube digestif .",
                  "id": "6",
                  "title": "Précis de toxicologie clinique et médico-légale (2e éd. revue et corrigée) / par le Dr Ch. Vibert,..."
            },
            {
                  "doc_url": "https://gallica.bnf.fr/ark:/12148/bpt6k97664094",
                  "emotions": [
                        "sadness",
                        "disgust",
                        "anger",
                        "annoyance",
                        "disapproval",
                        "despair",
                        "disappointment"
                  ],
                  "excerpt": "Odeur de la plante , virulente , narcotique , capiteuse .Saveur amère .Vertu externe , anodyne , émolliente , résolutive .",
                  "id": "7",
                  "title": "Pharmacologie chirurgicale, ou Science des médicamens externes et internes, requis pour guérir les maladies chirurgicales ; suivie d'un Traité de pharmacie relatif à la préparation et à la composition des médicamens. Par M. Plenck,..."
            },
            {
                  "doc_url": "https://gallica.bnf.fr/ark:/12148/bpt6k62745062",
                  "emotions": [
                        "disgust"
                  ],
                  "excerpt": "Ils ne bâtissent ni villes ni villages , et ne vivant pas , à proprement parler , en société , leurs rares bourgades se composent de quelques huttes à demi souterraines , dans chacune desquelles s ' entassent , enfumés et - confondus avec les animaux apprivoisés , tous les membres polygames d ' une même famille , où l ' on ne se doute même pas de la signification du mot pudeur .L ' espèce Hyperboréenne est , après la Hottentote , la plus sale de la terre ; elle contracte par sa malpropreté une puanteur insupportable .( 1 ) Agarzcus acris .",
                  "id": "8",
                  "title": "L'homme (homo). Tome 1 / . Essai zoologique sur le genre humain. 2e édition, enrichie d'une carte nouvelle pour l'intelligence de la distribution des espèces d'hommes à la surface du globe terrestre. Par M. Bory de Saint-Vincent"
            },
            {
                  "doc_url": "https://gallica.bnf.fr/ark:/12148/bpt6k42459995",
                  "emotions": [
                        "disgust",
                        "disapproval",
                        "greed"
                  ],
                  "excerpt": "Tige droite , feuilles du bas ovales , celles du haut pinnatifides ; fleurs bleuâtres , longuement pé - donculées .Scabiosa suavolens : scabieuse odorante .Tige pubescente , feuilles radicales entières , les autres divisées , fleurs bleuâtres .",
                  "id": "9",
                  "title": "Histoire des plantes, ou la Botanique mise à la portée de tout le monde, par le capitaine Pierre..."
            },
            {
                  "doc_url": "https://gallica.bnf.fr/ark:/12148/bpt6k97664094",
                  "emotions": [
                        "disgust",
                        "boredom",
                        "calmness"
                  ],
                  "excerpt": [
                        "On la tire d ' un buisson épineux de l ' Asie , de la Grèce , appelé Astragalus Tragacanthus par Linné .Odeur aucune .Saveur insipide , gommeuse .",
                        "L Saveur , tres - amère .Vertu , fortifiante , anti - putride , anti - acide .Dose : demi - once qu ' on fait bouillir dans Jîx livres d ' eau pure , & qu ' on réduit à moitié , pour en boire la décoction à la dose de trois onces toutes les deux heures ."
                  ],
                  "id": "10",
                  "title": "Pharmacologie chirurgicale, ou Science des médicamens externes et internes, requis pour guérir les maladies chirurgicales ; suivie d'un Traité de pharmacie relatif à la préparation et à la composition des médicamens. Par M. Plenck,..."
            },
            {
                  "doc_url": "https://gallica.bnf.fr/ark:/12148/bpt6k97664094",
                  "emotions": [
                        "disgust"
                  ],
                  "excerpt": [
                        "Les fleurs .Odeur des fleurs , vaporante , un peu nauséabonde , & fétide .Saveur , soiblement amère .",
                        "Elle sert à incorporer les baumes Se les linimens .HUILES DISTILLÉES OU ESSENTIELLES .Huile cT Anis ."
                  ],
                  "id": "11",
                  "title": "Pharmacologie chirurgicale, ou Science des médicamens externes et internes, requis pour guérir les maladies chirurgicales ; suivie d'un Traité de pharmacie relatif à la préparation et à la composition des médicamens. Par M. Plenck,..."
            },
            {
                  "doc_url": "https://gallica.bnf.fr/ark:/12148/bpt6k408621x",
                  "emotions": [
                        "disgust"
                  ],
                  "excerpt": "Combustibles brun noir , résineux , légers et friables .Longue flamme fuligineuse à odeur forte .Se dissout dans la potasse chaude à 10 pour 100 .",
                  "id": "12",
                  "title": "L'or : prospection, gisement, extraction / par Georges-P. Proust,..."
            },
            {
                  "doc_url": "https://gallica.bnf.fr/ark:/12148/bpt6k5829139g",
                  "emotions": [
                        "surprise",
                        "disgust"
                  ],
                  "excerpt": "— Au tronc de mon geniè : re j ' attache un long câbleau ; à mon câbleau puis je me pends ; — sous le rempart puis je me coule * — avec une corbeille , et me voilà flottant — dans fempire du vent , et de l ' éclair , et de la foudre .; Or tout à coup je flaire une odeur embaumée ! — Et au - dessus de moi j ' aperçois ' une grotte , — t contre la paroi cramponnant mon orteil , — qu ' est - ce ue je trouve ? ..",
                  "id": "13",
                  "title": "Oeuvres de Frédéric Mistral. Calendal. Texte et traduction"
            },
            {
                  "doc_url": "https://gallica.bnf.fr/ark:/12148/bpt6k206622b",
                  "emotions": [
                        "disgust"
                  ],
                  "excerpt": "La dose de vapeur qui suffit pour les asphyxier ne saurait pas affecter le plus délicat de nos organes .Si faible qu ' en soit l ' exhalaison , l ' odeur du camphre chasse ou tient à distance une foule d ' insectes ; et d ' autres espèces , qui semblent en braver l ' odeur , finissent par céder enfin à une répulsion instinctive , elles fuient seulement un peu plus tard que les premières .Les punaises s ' aventurent rarement entre deux draps saupoudrés de camphre , si le lit est bien bordé .",
                  "id": "14",
                  "title": "Histoire naturelle de la santé et de la maladie chez les végétaux et chez les animaux en général, et en particulier chez l'homme. suivie du Formulaire pour la nouvelle méthode de traitement hygiénique et curatif. T. 1 / par F.-V. Raspail... ; [ill. par] F.-Benj. Raspail"
            },
            {
                  "doc_url": "https://gallica.bnf.fr/ark:/12148/bpt6k65774657",
                  "emotions": [
                        "surprise",
                        "disgust"
                  ],
                  "excerpt": "Oui , tout est en elle , même les plus curieux contrastes .N ' est - il pas étrange , en effet , de voir figurer en si haute et si noble compagnie l ' Ail vulgaire aux parfums roturiers ? Croyez qu ' il n ' en est pas plus embarrassé pour cela .Le rude vilain ne rougit pas à côté de l ' aristocratique Tubéreuse ; il a , soyez - en sûr , le sentiment de son utile valeur , la conscience de ses saines vertus , et il trône avec non moins d ' aplomb dans les carrés de son potager que la Tulipe au milieu de ses plates - bandes .",
                  "id": "15",
                  "title": "L'esprit des plantes : silhouettes végétales / par Éd. Grimard"
            },
            {
                  "doc_url": "https://gallica.bnf.fr/ark:/12148/bpt6k54386507",
                  "emotions": [
                        "surprise",
                        "disgust",
                        "fear",
                        "nervousness",
                        "embarrassment"
                  ],
                  "excerpt": "Aussitôt les pieux gavaches , Arborant casques et rondaclies , La rapière sur le côté , Se dispersent de tout côté .Le capucin puant et sale , Troussé comme une martingale , Son casaquin , bardé de fer , Ferait peur au diable d ' enfer .Au son de la tambourinade , Celte cagote mascarade ( i ) ( i ) Voyez \\ § .",
                  "id": "16",
                  "title": "La Henriade, travestie en vers burlesques, avec des notes critiques, par Fougeret de Monbron..."
            },
            {
                  "doc_url": "https://gallica.bnf.fr/ark:/12148/bpt6k97664094",
                  "emotions": [
                        "disgust",
                        "disapproval",
                        "indifference"
                  ],
                  "excerpt": [
                        "Odeur , aucune .Saveur , désagréable , grane , de poisson .Vertu , émolliente , résolutive .",
                        "Saveur , douceâtre .Vertu , anti scorbutique , diurétique .Usage ; pour le scorbut , la gale & autres affections cutanées ."
                  ],
                  "id": "17",
                  "title": "Pharmacologie chirurgicale, ou Science des médicamens externes et internes, requis pour guérir les maladies chirurgicales ; suivie d'un Traité de pharmacie relatif à la préparation et à la composition des médicamens. Par M. Plenck,..."
            },
            {
                  "doc_url": "https://gallica.bnf.fr/ark:/12148/bpt6k5607111r",
                  "emotions": [
                        "disgust"
                  ],
                  "excerpt": "Chlorure de raéthyle ou étber méthylchlorhydrique .- Gaz incolore , d ' une odeur spéciale éthcrée , - Anesthésique local , révulsif .Le chlorure de méthylc est maintenu \\ l ' étal liquide sous une pression de 6 atmosphères dans un siphon à parois épaisses .",
                  "id": "18",
                  "title": "Précis de posologie infantile / par le Dr Raymond Nogué,..."
            },
            {
                  "doc_url": "https://gallica.bnf.fr/ark:/12148/bpt6k6518890b",
                  "emotions": [
                        "disgust",
                        "relief"
                  ],
                  "excerpt": "Ce soir - là , je me dirigeai vers le terme de ma promenade : un bassin au rebord de pierre où deux vasques déversent une eau verte .Les reflets du crépuscule s ' y décomposent et les parfums qui s ' y attardent sont ensorceleurs .Deux cygnes blancs voguent sur cette mer réduite ; ils savent que jamais leur prison ne s ' élargira et ne meuvent point les palettes de leurs pattes ; leurs ailes éblouissantes , rosées par le soleil qui décline , s ' ouvrent comme une voilure aux souffles du zéphyr , et ils vont tout doucement , avec des souplesses de cou , pour humer , semble - t - il , ce qu ' il y a de plus exquis dans les mortelles douceurs du soir .",
                  "id": "19",
                  "title": "Les vagabonds de la gloire. , Campagne d'un croiseur (août 1914-mai 1915) / René Milan"
            },
            {
                  "doc_url": "https://gallica.bnf.fr/ark:/12148/bpt6k97664094",
                  "emotions": [
                        "disgust"
                  ],
                  "excerpt": "Esprit de Nitre fumant .C ' est l ' acide du nitre concentrée Odeur , particulière .Saveur , très - acide , caustique .",
                  "id": "20",
                  "title": "Pharmacologie chirurgicale, ou Science des médicamens externes et internes, requis pour guérir les maladies chirurgicales ; suivie d'un Traité de pharmacie relatif à la préparation et à la composition des médicamens. Par M. Plenck,..."
            }
      ]
}