{
      "articles": [
            {
                  "doc_url": "https://gallica.bnf.fr/ark:/12148/bpt6k6122855b",
                  "emotions": [
                        "disgust",
                        "boredom"
                  ],
                  "excerpt": "| Sentir le bouquin .Exhaler une odeur de bouc .| Cornet à bouquin , Trompe ordinairement faite d ' une corne .",
                  "id": "1",
                  "title": "Nouveau dictionnaire universel. I, 1. A-B. I, 2. C-F / par Maurice Lachâtre"
            },
            {
                  "doc_url": "https://gallica.bnf.fr/ark:/12148/bpt6k6122855b",
                  "emotions": [
                        "disgust"
                  ],
                  "excerpt": "Gaz asphyxiant .Odeur , fumée asphyxiante .L ' effet général des gaz asphyxiants est d ' ôter aux cavités du coeur leur force contractile .",
                  "id": "2",
                  "title": "Nouveau dictionnaire universel. I, 1. A-B. I, 2. C-F / par Maurice Lachâtre"
            },
            {
                  "doc_url": "https://gallica.bnf.fr/ark:/12148/bpt6k63050118",
                  "emotions": [
                        "disgust"
                  ],
                  "excerpt": "— Saaniis à l ' action * te la chaleur ils f e fondent , se décomposent et fournissent un produit goudronneux , une liqueur aqueuse , empyreuenatique et ammoniacale .Ils brûlent jiu contact de l ' air en donnant lieu à une flamme fuligineuse .Bien des prÓ - duits , que le chimiste est incapable de faire dans son laboratoire , sont engendrés avec profusion par la nature , à la faveur de ses agents ordinaires , dont l ' action se prolonge pendant des siècles qui ne se comptent pas .",
                  "id": "3",
                  "title": "Encyclopédie populaire : répertoire des connaissances humaines à la portée de toutes les classes. Tome 2 / par une société de savants, de littérateurs... sous la direction de Aug. Savagner"
            },
            {
                  "doc_url": "https://gallica.bnf.fr/ark:/12148/bpt6k6258477g",
                  "emotions": [
                        "disgust"
                  ],
                  "excerpt": "Huile de morue .Cette huile est d ' une blancheur argentine , extrêmement odorante et peu altérable à l ' air : elle ne se fige pas à zéro .La qualité onctueuse la rend propre à la corroicrie et à la cliamoiscrie , qui en font un grand usage .",
                  "id": "4",
                  "title": "Dictionnaire universel du commerce, de la banque et des manufactures.... Tome 2 / par une société de négociants et de manufacturiers sous la direction de M. Monbrion,..."
            },
            {
                  "doc_url": "https://gallica.bnf.fr/ark:/12148/bpt6k6258477g",
                  "emotions": [
                        "disgust",
                        "boredom",
                        "greed"
                  ],
                  "excerpt": "Les caisses renfermant des capsules ne doivent point être expédiées par des voitures portant des voyageurs , pour éviter tout accident .POUDRETTE INODORE VliGÉTATIVE .C ' est un engrais pulvérulent de couleur roussâtre , qui produit un grand effet .",
                  "id": "5",
                  "title": "Dictionnaire universel du commerce, de la banque et des manufactures.... Tome 2 / par une société de négociants et de manufacturiers sous la direction de M. Monbrion,..."
            },
            {
                  "doc_url": "https://gallica.bnf.fr/ark:/12148/bpt6k6258477g",
                  "emotions": [
                        "disgust",
                        "disapproval"
                  ],
                  "excerpt": "LYCOPODE ou LYCOVODIUM , poussière qui se trouve dans des capsules réniformes , sessiles , à deux valves , dont sont composés deux petits épis cylindriques , géminés , que produit le lycopodiurn clavatum , petite plante cryptogame , de la famille des lycopodiacées , intermédiaire entre celle des mousses et des fougères .Linné regarde le lycopodium comme le pollen ou poudre fécondante de la plante qui la fournit .C ' est une espèce de soufre végétal , ou poussière d ' un jaune tendre , très - fine ; elle nage à la surface de l ' eau sans en être pénétrée ; elle est sans odeur , et prend feu comme de la poudre lorsqu ' on la présente à une flamme .",
                  "id": "6",
                  "title": "Dictionnaire universel du commerce, de la banque et des manufactures.... Tome 2 / par une société de négociants et de manufacturiers sous la direction de M. Monbrion,..."
            },
            {
                  "doc_url": "https://gallica.bnf.fr/ark:/12148/bpt6k3198439",
                  "emotions": [
                        "disgust"
                  ],
                  "excerpt": "Dans une de ces occasions , Tergolina ayant trouvé son sac plus ouvert que d ’ habitude , et une odeur nauséabonde sortant du trou à inspection , il l ’ ouvrit un peu plus et reconnut avec horreur qu ’ il avait reposé sur un reptile dégoûtant , de la dimension de plus d ’ un demi - pied .Cet animal immonde était en état de complète putréfaction ! LXXXVI Si quelquefois , dans le fort de Paliano , un prisonnier était reconnu désobéissant à la règle , ou coupable du plus léger manquement , même de respect , on le conduisait à la tour .Là , on lui mettait aux pieds les balzes , lesquelles consistaient en une chaîne de fer à sept anneaux , attachée à un cercle aussi de fer , embrassant la partie ( 1 ) Vincenzo di Tergolina : Quattro anni nelle Prigioni del S .",
                  "id": "7",
                  "title": "Les Prisons papales, par J.-B.-Charles Paya"
            },
            {
                  "doc_url": "https://gallica.bnf.fr/ark:/12148/bpt6k5620668n",
                  "emotions": [
                        "surprise",
                        "disgust"
                  ],
                  "excerpt": "On avait aussi tout le jour Versé l ' eau bénite à l ' entour A plus de cent pas de distance ; Puis on avait sur le chaudron Mis un couvercle de bois rond Sur le fléau d ' une balance , De sorte que le moindre poids Lui ferait faire la bascule ; Nos moines qui se tenaient cois Guettaient armés de leur férule .Sitôt que le diable sentit Dans l ' air un parfum de cuisine Qui s ' échappait , comme j ' ai dit , D ' une retraite capucine , Il ouvrit la bouche et les yeux .« Que vois - je ? Est - il donc vrai ? grands dieux ! — 158 — .",
                  "id": "8",
                  "title": "Contes et légendes, par A. Carlier"
            },
            {
                  "doc_url": "https://gallica.bnf.fr/ark:/12148/bpt6k5620668n",
                  "emotions": [
                        "disgust",
                        "anger",
                        "annoyance",
                        "faith"
                  ],
                  "excerpt": "A boire on passe pour divin .Qu ' à mon nez l ' encens fume ! ■ Au dieu qui bannit les flatteurs Ma muse sacrifie .Des valets et des grands seigneurs Toujours je me défie .",
                  "id": "9",
                  "title": "Contes et légendes, par A. Carlier"
            },
            {
                  "doc_url": "https://gallica.bnf.fr/ark:/12148/bpt6k5620668n",
                  "emotions": [
                        "disgust",
                        "anger"
                  ],
                  "excerpt": "Surtout que mes peuples soient gris .Qu ' à mon nez l ' encens fume ! — 127 — LA FIANCÉE .A ROSE .",
                  "id": "10",
                  "title": "Contes et légendes, par A. Carlier"
            },
            {
                  "doc_url": "https://gallica.bnf.fr/ark:/12148/bpt6k5469617r",
                  "emotions": [
                        "disgust",
                        "disapproval",
                        "faith"
                  ],
                  "excerpt": ".DISCIPLE du Prophète , Prends en tes jours de fête , Et toi , pauvre exilé , Ton narghilé ; Vrais croyants pu profanes , Lorsque vos caravanes Du désert vont foulant Le sol brûlant , Après de longues courses , Loin des puits et des sources , Quittez pour le tchibouck L ' outre de bouc ; Sultan d ' un grand royaume , Pour goûter son arôme Laisse les doux souris De tes houris ; Feuilles détachées .Blanche esclave ou négresse , Dans sa tranquille ivresse , Attends que le mouchoir Vienne à t ' échoir ; Et toi , derviche austère , Apprends qu ' Allah sur terre Nous fit don par pitié Du latakié ! Feuilles détachées .",
                  "id": "11",
                  "title": "Feuilles détachées / Louis d'Athoze"
            },
            {
                  "doc_url": "https://gallica.bnf.fr/ark:/12148/bpt6k96014993",
                  "emotions": [
                        "disgust"
                  ],
                  "excerpt": "2 ° Nez retrousses ( c ' est le symbole des orgueilleux ) ; car ils sont faits comme une selle de cheval sur laquelle le démon de la vanité se met à califourchon pournazarder tout le monde .3 ° Nez de perroquets qui , du bas de leur odorat , accrochent l < a senteur des crimes : ô nez crochus ! flairez , flairez plutôt le jasmin de la grâce et la tubéreuse de la vertu .Je m ' arrête .",
                  "id": "12",
                  "title": "Dictionnaire aristocratique, démocratique et mistigorieux de musique vocale et instrumentale... mis en ordre par Philhârmonïàlectryônoptékhèphâlio-kïngôovadibdïnn, publié en lanternois par Krisostauphe Clédeçol,... traduit par Ydâlôhtiistiphèjâldenpéàb,..."
            },
            {
                  "doc_url": "https://gallica.bnf.fr/ark:/12148/bpt6k96014993",
                  "emotions": [
                        "disgust",
                        "annoyance",
                        "disapproval"
                  ],
                  "excerpt": "» De même que l ' on connaît au flair la qualité d ' un vin exquis i aussi , doit - on distinguer un galant musicien aux douces émanations de ses parfums .Et n ' allez pas vous fourvoyer dans ces poisons d ' onguents , puant le romarin et la rose fanée , qui portent avec eux le germe du degoût et la réminiscence de l ' infection ; j ' aimerais autant me couvrir d ' un masque de poix de Bourgogne , que de m ' envermillonner de tels cosmétiques , tant leur consuétude est fade .Oui , j ' ose le dire , le goût de l ' ognon et de l ' ail sont préférables à toutes ces contaminations .",
                  "id": "13",
                  "title": "Dictionnaire aristocratique, démocratique et mistigorieux de musique vocale et instrumentale... mis en ordre par Philhârmonïàlectryônoptékhèphâlio-kïngôovadibdïnn, publié en lanternois par Krisostauphe Clédeçol,... traduit par Ydâlôhtiistiphèjâldenpéàb,..."
            },
            {
                  "doc_url": "https://gallica.bnf.fr/ark:/12148/bpt6k705494",
                  "emotions": [
                        "disgust",
                        "despair"
                  ],
                  "excerpt": "Telles , leurs bras pressant , moites , leurs tailles souples , Couple étrange qui prend pitié des autres couples , Telles ; sur le balcon , rêvaient les jeunes femmes .Derrière elles , au fond du retrait riche et sombre , Emphatique comme un trône de mélodrame Et plein d ' odeurs , le Lit , défait , s ' ouvrait dans l ' ombre .H PE ~ SIO ~ ~ AtUES L ' une avait quinze ans , l ' autre en avait seixc Toutes deux dormaient dans la m < ' me citamiuc C ' était par un soir trus lourd de septembre Freics , des yeux bleus , des rougeurs de fraise .",
                  "id": "14",
                  "title": "Parallèlement / Paul Verlaine"
            },
            {
                  "doc_url": "https://gallica.bnf.fr/ark:/12148/bpt6k58185984",
                  "emotions": [
                        "surprise",
                        "disgust",
                        "envy"
                  ],
                  "excerpt": "Les dispensaires prescrivent de recouvrir le taffetas d ' une couche légère dt teinture de baume de Toluj mais depuis long - temps le taffetas d ' Angleterre n ' est plus ; préparé dans te pharmacies ; c ' est pourquoi il faut croire que ceiu qui le préparent en grand n ' ont point recours à celle précaution .Il nous est tombé sous les yeux un sparadrap agglutinatif , préparé en Angleterre ; la facilité avec : laquelle il adhérait à la peau , nous a fait reeherck ; de quelle nature pouvait être le mélange avec lequel ; il avait été préparé .Nous croyons pouvoir certifie qu ' il était composé de la manière suivante : % Emplâtre simple Ibj .",
                  "id": "15",
                  "title": "Pharmacie élémentaire en vingt-quatre leçons, ou Manuel théorique de l'élève en pharmacie accompagné d'un traité sur le mode de préparation des prescriptions médicales dans tous les cas prévus, par G.-L. Brismontier"
            },
            {
                  "doc_url": "https://gallica.bnf.fr/ark:/12148/bpt6k30686743",
                  "emotions": [
                        "disgust",
                        "greed"
                  ],
                  "excerpt": "Cependant cette humidité produit une fermentation qui diminue beaucoup sa vertu .Pour la bien vendre il faut qu ’ elle ait le goût aussi piquant que le poivre de l ’ Inde .On cueille le fruit lorsque l ’ extrémité des feuilles commence à noicir .",
                  "id": "16",
                  "title": "Abrégé de l'Histoire générale des voyages , jusqu'à nos jours ; par La Harpe et M. Eyriès. Nouvelle édition"
            },
            {
                  "doc_url": "https://gallica.bnf.fr/ark:/12148/bpt6k9317903",
                  "emotions": [
                        "disgust"
                  ],
                  "excerpt": "On s ’ empare d ’ un ivrogne , on l ’ enferme , puis son eau , son pain , tous les aliments lui sont servis invariablement assaisonnés avec l ’ huile infecte qui se trouve dans l ’ alcool de grains .Les premiers jours il ne se plaint pas ordinairement de ce régime , mais après quelque temps il est pris d ’ un tel dégoût , qu ’ il repousse avec horreur les aliments ainsi aromatisés .On lui rend sa liberté , et , dans certains cas heureux , ce dégoût le poursuit tellement toute sa vie qu ’ il ne veut plus approcher de ses lèvres la fatale eau - de - vie de grains .",
                  "id": "17",
                  "title": "L'eau-de-vie, ses dangers : conférences populaires / par A. Bouchardat,... et H. Junod,..."
            },
            {
                  "doc_url": "https://gallica.bnf.fr/ark:/12148/bpt6k58362558",
                  "emotions": [
                        "disgust",
                        "anger",
                        "disapproval"
                  ],
                  "excerpt": "lodie de tes musettes , dit le Seigneur .Je hais et repousse vos fêtes solennelles ; je ne respirerai point l ' odeur de vos parfums dans vos assemblées , car vos mains sont souillées de sang et vos inainssontavides de meurtre .Voulez - vous commettre le meurtre , le vol , l ' adultère , porter un faux témoignage et vous présenter devant moi escortés de toutes ces iniquités ? dit le Seigneur .",
                  "id": "18",
                  "title": "Dred, par Mme Harriet Beecher Stowe"
            },
            {
                  "doc_url": "https://gallica.bnf.fr/ark:/12148/bpt6k6136308g",
                  "emotions": [
                        "disgust"
                  ],
                  "excerpt": "Le silence devenait plus sensible , la sonorité plus grande .La plaine , avec ses ruisseaux , ses feuillées , ses cultures , exhalait une odeur de bête morte .L ' aube surgissait de partout , surprenait la nature , doucement .",
                  "id": "19",
                  "title": "Aux Jardins / Georges Beaume"
            },
            {
                  "doc_url": "https://gallica.bnf.fr/ark:/12148/bpt6k61512833",
                  "emotions": [
                        "disgust",
                        "envy"
                  ],
                  "excerpt": ".mais ils sentent l ' empois ! Puis elle avait refusé les jeunes beaux officiers , qui , mettant le tiers de leurs mérites et les trois quarts au moins dé leurs espérances dans les avantages physiques de leur personne , rehaussés par l ' art et les parfums du coiffeur , s ' étaient aventurés à demander sa main .Et quand son père lui demandait pourquoi elle était si sévère : — Trop de pommade , mon père ! disait - elle en riant .",
                  "id": "20",
                  "title": "La Revue-magasin / directeur : M. Louis Passy ; rédacteur en chef : L. Victor Lesté"
            }
      ]
}