{
      "articles": [
            {
                  "doc_url": "https://gallica.bnf.fr/ark:/12148/bpt6k9675460d",
                  "emotions": [
                        "disgust"
                  ],
                  "excerpt": "— Le chocolat peut être falsifié par de la farine de froment j de pois , de lentilles , et surtout par ces deux dernières .Vous reconnaîtrez cette fraude en goûtant le chocolat qui laissera dans la bouche un goût pâteux .Ce chocolat , préparé à l ' eau , donnera une odeur de colle de farine au premier bouillon : refroidi , il se convertira eu une espèce de gelée .",
                  "id": "1",
                  "title": "Le cuisinier de tout le monde, ou La cuisine sans cuisinier : précédé de notions de service, de menus divers, d'un calendrier gastronomique perpétuel..."
            },
            {
                  "doc_url": "https://gallica.bnf.fr/ark:/12148/bpt6k6119486d",
                  "emotions": [
                        "disgust"
                  ],
                  "excerpt": "Il coulait quelquefois , dans l ' endroit des jardins qui était sous les fenêtres de , Crésus , un ruisseau d ' essence .2 , dont l ' odeur exquise s \" ' exhalait dans tout le palais .Crésus avait des lions , des tigres et des léopards , auxquels on avait limé les dents et les griffes , qui étaient attelés à de petits chars d ' écaillé de tortue 8 , garnis d ' argent .",
                  "id": "2",
                  "title": "Fables de Fénelon. Nouvelle édition, classée dans un nouvel ordre avec des notes, par M. L. C. Michel,..."
            },
            {
                  "doc_url": "https://gallica.bnf.fr/ark:/12148/bpt6k1412885w",
                  "emotions": [
                        "disgust",
                        "annoyance",
                        "disapproval"
                  ],
                  "excerpt": "Copahu , de plusieurs plantes du genre Copaifcra , du Brésil , de la Guyane , du Mexique , des Antilles .Odeur désagréable , saveur amère et nauséabonde .Très employé en médecine .",
                  "id": "3",
                  "title": "Histoire générale de l'industrie / par A. Bleunard,..."
            },
            {
                  "doc_url": "https://gallica.bnf.fr/ark:/12148/bpt6k9601707w",
                  "emotions": [
                        "disgust",
                        "annoyance"
                  ],
                  "excerpt": "Après quelques minutes de repos , la solution éthérée est décantée dans un verre de montre et abandonnée à l ' évaporation spontanée ; elle fournit un petit anneau huileux , complétement incolore , qui , après quelques instants , se divise en st ries qui se rendent au fond du verre .L ' odeur de ce liquide est encore fort piquante , désagréable ; il produit sur la langue un sentiment de brûlure qui persiste fort longtemps , et qui se propage dans toute la bouche , le pharynx , et même dans Fœsophage .La saveur est brûlante , âcre et animale en même temps .",
                  "id": "4",
                  "title": "Traité des poisons, ou Toxicologie appliquée à la médecine légale, à la physiologie et à la thérapeutique. Tome 3 / par Ch. Flandin,..."
            },
            {
                  "doc_url": "https://gallica.bnf.fr/ark:/12148/bpt6k30619598",
                  "emotions": [
                        "disgust"
                  ],
                  "excerpt": "cine fusiforme , grosse , noirâtre au dehors , blanc ! et charnue en dedans .Les feuilles sont inodores , et leur saveur est pre que nulle d ’ abord , puis un peu vireuse , nauséabonde et piquante en continuant de les mâcher .L ’ odeur d la racine est un peu nauséeuse , sa saveur âcre t piquante .",
                  "id": "5",
                  "title": "Manuel des plantes médicinales, ou Description, usage et culture des végétaux indigènes employés en médecine ... Par A. Gautier,..."
            },
            {
                  "doc_url": "https://gallica.bnf.fr/ark:/12148/bpt6k30619598",
                  "emotions": [
                        "disgust"
                  ],
                  "excerpt": "La saveur de ces mêmes feuilles est amère , résineuse ; mais ce sont surtout les baies dont il importe de déterminer les qualités , parce qu ’ elles sont le plus en i usage comme médicament .Leur odeur est forte et : aromatique , surtout en les écrasant , et encore plus en i les brûlant .Leur saveur faiblement sucrée est aroma - i tique et balsamique ou résineuse .",
                  "id": "6",
                  "title": "Manuel des plantes médicinales, ou Description, usage et culture des végétaux indigènes employés en médecine ... Par A. Gautier,..."
            },
            {
                  "doc_url": "https://gallica.bnf.fr/ark:/12148/bpt6k9743441v",
                  "emotions": [
                        "disgust"
                  ],
                  "excerpt": "La punaise des lits , si désespérante pour l ' homme , laisse des traces brûlantes en rampant sur la peau .D ' ailleurs , elle infecte par une odeur repoussante , dont le principe n ' est pas bien connu .La propreté est le premier moyen qu ' on doit employer contre ces vilains insectes : le secret de les écraser ne suffit pas - , il faut tâcher de les .",
                  "id": "7",
                  "title": "Dictionnaire de la conservation de l'homme, ou d'hygiène et d'éducation physique et morale. Tome 2 / ... par L.-C.-H. Macquart,..."
            },
            {
                  "doc_url": "https://gallica.bnf.fr/ark:/12148/bpt6k103559p",
                  "emotions": [
                        "disgust"
                  ],
                  "excerpt": "Après un passage de criquets , les arbres n ' ont plus une feuille , beaucoup ont l ' écorce enlevée ; les jardins res - semblent à la grande route ; les blés sont coupés au ras de terre , les foins aux trois quarts détruits , et tous les végétaux sont imprégnés d ' excréments , que ces insectes laissent partout .Les puits , les fontaines sont infectés par les corps des criquets morts ; pendant plusieurs jours , une odeur cadavérique remplace les senteurs du printemps ; les bestiaux refusent de brouter l ' herbe des champs , et reculent de dégoût devant l ' eau des mares et des abreuvoirs .La récolte des céréales est aux trois quarts perdue celle des vergers et des vignes l ' est complétement , et pendant deux années , l ' olivier , le figuier , la vigne , et tous les arbres fruitiers en général ne produisent pas .",
                  "id": "8",
                  "title": "Vingt ans en Algérie, ou Tribulations d'un colon racontées par lui-même : la colonisation en 1874, le régime militaire et l'administration civile, moeurs, coutumes, institutions des indigènes, ce qui est fait, ce qui est à faire / par A. Villacrose"
            },
            {
                  "doc_url": "https://gallica.bnf.fr/ark:/12148/bpt6k30619598",
                  "emotions": [
                        "disgust",
                        "annoyance"
                  ],
                  "excerpt": "La saveur de toute la planU , surtout des fl .urs et des graines , est aromatique , piquante et peu agréable .Toutes ces qualités diminuent par la dessiccation ; elles se modifient même au point que la graine , à peu près la seule partie de la coriandre que l ’ on emploie en médecine , n ’ a plus , lorsqu ’ elle est sèche , / j ‘ 2 2 Coriandre .",
                  "id": "9",
                  "title": "Manuel des plantes médicinales, ou Description, usage et culture des végétaux indigènes employés en médecine ... Par A. Gautier,..."
            },
            {
                  "doc_url": "https://gallica.bnf.fr/ark:/12148/bpt6k28709b",
                  "emotions": [
                        "disgust",
                        "disapproval",
                        "greed"
                  ],
                  "excerpt": "Exposé à l ' air , l ' hydrogène s ' empare de l ' oxigène , et le sélénium se précipite .! I est plus vénéneux que l ' hydrogène sulfuré .jPr ~ < ïr < : < ! OK .",
                  "id": "10",
                  "title": "Manuel de chimie médicale , par M. Julia-Fontenelle,..."
            },
            {
                  "doc_url": "https://gallica.bnf.fr/ark:/12148/bpt6k28942q",
                  "emotions": [
                        "disgust",
                        "greed"
                  ],
                  "excerpt": "Tic ~ o ~ p ~ s : o ~ gHe .C ' est un gaz délétère .Un animal plongé dans une atmosphère de C ( P pur ou contenant 60 à 70 p .",
                  "id": "11",
                  "title": "Toxicologie chimique / par le Dr L. Barthe,..."
            },
            {
                  "doc_url": "https://gallica.bnf.fr/ark:/12148/bpt6k9601707w",
                  "emotions": [
                        "disgust"
                  ],
                  "excerpt": "» f .Les solutions alcooliques réunies avaient une couleur ambrée foncée , odeur d ' opium , cependant un peu moins nauséabonde ; saveur salée amère .» g .",
                  "id": "12",
                  "title": "Traité des poisons, ou Toxicologie appliquée à la médecine légale, à la physiologie et à la thérapeutique. Tome 3 / par Ch. Flandin,..."
            },
            {
                  "doc_url": "https://gallica.bnf.fr/ark:/12148/bpt6k5846553r",
                  "emotions": [
                        "disgust",
                        "disapproval"
                  ],
                  "excerpt": "insouciant et brave .L ' HIVER L ' air n ' a plus de parfums ., la nature pâlit , Amenant la tristesse , et le givre blanchit Les cimes des grands pins .",
                  "id": "13",
                  "title": "Sous un ciel bleu, poésies de Henry Drapier"
            },
            {
                  "doc_url": "https://gallica.bnf.fr/ark:/12148/bpt6k9601707w",
                  "emotions": [
                        "disgust"
                  ],
                  "excerpt": "Cette base cristallise en aiguilles soyeuses .Elle est inodore , mais possède une saveur âcre et désagréable .Elle est soluble dans l ' eau et dans l ' alcool ; elle est précipitée par l ' iode en brun , par la noix de galle en blanc , par le chlorure d ' or en blanc - jaunâtre ; mais le chlorure de platine ne la précipite pas .",
                  "id": "14",
                  "title": "Traité des poisons, ou Toxicologie appliquée à la médecine légale, à la physiologie et à la thérapeutique. Tome 3 / par Ch. Flandin,..."
            },
            {
                  "doc_url": "https://gallica.bnf.fr/ark:/12148/bpt6k30619598",
                  "emotions": [
                        "disgust",
                        "annoyance"
                  ],
                  "excerpt": "Feuilles larges , à pétioles assez longs , munis de quelques épines faibles , divisées peu profondément en trois ou cinq lobes pointus et dentés ; elles sont vertes glabres et unies en dessus , un peu pubescentes en dessous et tachetées par des points résineux .Tout l ’ arbrisseau répand une odeur assez forte , particulière , peu agréable .Les feuilles ont une saveur un peu acerbe , et les fruits sont remplis d ’ un suc dont le goût particulier est recherché par quelques personnes , quoique peu agréable .",
                  "id": "15",
                  "title": "Manuel des plantes médicinales, ou Description, usage et culture des végétaux indigènes employés en médecine ... Par A. Gautier,..."
            },
            {
                  "doc_url": "https://gallica.bnf.fr/ark:/12148/bpt6k30619598",
                  "emotions": [
                        "disgust",
                        "annoyance"
                  ],
                  "excerpt": "Racine petite et chevelue à son extrémité .Le géranion robertin a peu d ’ odeur , si ce n ’ est lorsqu ’ on l ’ écrase entre les doigts ; cette odeur est désagréable ; sa saveur est un mélange d ’ acerbe faible et d ’ amer .Cette plante , qui est employée toute entière , peut être séchée facilement , et sans désavantage pour ses propriétés qui résident principalement dans le principe astringent que la dessiccation ne détruit pas , quoiqu ’ elle lui fasse perdre sa saveur et son odeur .",
                  "id": "16",
                  "title": "Manuel des plantes médicinales, ou Description, usage et culture des végétaux indigènes employés en médecine ... Par A. Gautier,..."
            },
            {
                  "doc_url": "https://gallica.bnf.fr/ark:/12148/bpt6k1173109b",
                  "emotions": [
                        "disgust",
                        "disapproval"
                  ],
                  "excerpt": "Ça ! je dis qu ’ elle est — [ rousse .D ’ un chrysanthème fauve elle a l ’ accènt poivré .( Comme Hassan garde le silence : ) Quoi ! n ’ est - elle pas rousse ? HASSAN Elle est rousse , c ’ est Par Mahomet , c ’ est fantastique ! [ vrai .",
                  "id": "17",
                  "title": "Le Rire : journal humoristique"
            },
            {
                  "doc_url": "https://gallica.bnf.fr/ark:/12148/bpt6k1412885w",
                  "emotions": [
                        "disgust"
                  ],
                  "excerpt": "11 - 73 Quant à l ’ Afrique , le Gabon , l ’ Egypte et Madagascar en fournissent le plus , mais également de qualité très inférieure .Celui du Gabon est d ’ une odeur repoussante et à demi liquide ; il provient de lianes de la famille des apocinées .Le caoutchouc de Madagascar , obtenu de plusieurs variétés de figuiers et d ’ une liane ressemblant au houblon , est de couleur rosée et donne d ’ assez bons produits après vulcanisation .",
                  "id": "18",
                  "title": "Histoire générale de l'industrie / par A. Bleunard,..."
            },
            {
                  "doc_url": "https://gallica.bnf.fr/ark:/12148/bpt6k30619598",
                  "emotions": [
                        "disgust"
                  ],
                  "excerpt": "Racines oblongues , arrondies et fibreuses .Toute celte plante a une odeur fétide , nauséabonde .Sa saveur est peu forte , assez désagréable , et n ’ est ni aussi amère , ni aussi âcre qu ’ il est dit et répété dans beaucoup de livres .",
                  "id": "19",
                  "title": "Manuel des plantes médicinales, ou Description, usage et culture des végétaux indigènes employés en médecine ... Par A. Gautier,..."
            },
            {
                  "doc_url": "https://gallica.bnf.fr/ark:/12148/bpt6k15252376",
                  "emotions": [
                        "disgust",
                        "disapproval",
                        "nostalgia"
                  ],
                  "excerpt": "C ’ est aussi t avec ses fleurs et ses feuilles que l ’ on compose , ; f par la distillation , une eau spiritueuse appelée improprement Eau de Reine de Hongrie .On s ne regarde de nos jours le Romarin que j , comme un arbrisseau trivial et ignoble , dont Ij l ’ odeur n ’ est supportable qu ’ aux gens du com - j ; mun ; et pourtant il entrait jadis dans la com - ju position des bouquets , des chapeaux de fleurs , j , et s ’ entrelacait dans les couronnes avec le myrte et le laurier .Le Romarin a été connu de tout temps : : chez les Grecs et les Romains il faisait partie r des pariums en usage .",
                  "id": "20",
                  "title": "Guirlande de Flore, par Charles Malo"
            }
      ]
}