{
      "articles": [
            {
                  "doc_url": "https://gallica.bnf.fr/ark:/12148/bpt6k8764477",
                  "emotions": [
                        "disgust"
                  ],
                  "excerpt": "n ’ y voyons certes aucun mal , mais pour la tranquillité de nos nerfs , il est préférable de ne pas s ’ y adonner avec une passion exclusive .Ce n ’ est pas à dire que l ’ odeur des roses nous répugne ; nous avons même quelque faible pour le muguet , le jasmin et le lilas .Mais les parfums complexes , nous les fuyons comme toutes les pommades .",
                  "id": "1",
                  "title": "Hygiène de la toilette / par le docteur Degoix,..."
            },
            {
                  "doc_url": "https://gallica.bnf.fr/ark:/12148/bpt6k6520943t",
                  "emotions": [
                        "disgust",
                        "greed"
                  ],
                  "excerpt": "Ce voisin tousse sans cesse et trouble votre sommeil .Cet autre exhale d ' une plaie profonde une odeur qui vous ôte tout appétit .Pour promenoir , une cour entourée de hautes murailles où l ' on ne trouve que les rayons brûlants d ' un soleil au zénith .",
                  "id": "2",
                  "title": "Un amour de sous-lieutenant. Solférina. Mémoires d'un cheval d'escadron. Par Th. Sidari"
            },
            {
                  "doc_url": "https://gallica.bnf.fr/ark:/12148/bpt6k6520943t",
                  "emotions": [
                        "disgust",
                        "annoyance",
                        "indifference"
                  ],
                  "excerpt": "Quarante ans plus tôt , cette charmante créature , avec son jupon rayé , sa corbeille de fleurs et de fruits , eût été prise , à Versailles , pour quelque mignonne duchesse de Trianon .Sous le spécieux prétexte d ' admirer ses fleurs et d ' en respirer le parfum avant de nous décider à l ' achat d ' un bouquet , D * * * et moi restions trop longtemps peut - être plongés dans une naïve contemplation : ce dont elle nous avertissait par un dédaigneux petit geste d ' impatience .Un jour qu ' il m ' était arrivé de lui adresser un assez banal et fade compliment sur sa beauté , je lus dans le regard qu ' elle fixa sur moi , un si superbe étonnement de ma hardiesse , que je ne pus achever la phrase commencée .",
                  "id": "3",
                  "title": "Un amour de sous-lieutenant. Solférina. Mémoires d'un cheval d'escadron. Par Th. Sidari"
            },
            {
                  "doc_url": "https://gallica.bnf.fr/ark:/12148/bpt6k9742584n",
                  "emotions": [
                        "disgust"
                  ],
                  "excerpt": "Et esfe , o per natura , o don di Dio , Se bene ao picciol termine di vita , Purche non vedon mai 1 * ottava estate deur désagréable des aulx , des ciboules , & des autres herbes fortes .L ' odeur qu ' exhale un vin mal digéré & pris en trop grande quantité , dont sc débarrasse un estomac fatigué , leur est encore funeste .Celui qui aura soin des Abeilles , ce peuple si chaste & si policé doit pratiquer leurs vertus ; c ' està - dire , être propre 5c sobre comme elles .",
                  "id": "4",
                  "title": "Traité complet, théorique et pratique de l'éducation des abeilles ... précédé du poème italien de Jean Rucellaï, traduit en français... par M. Pingeron"
            },
            {
                  "doc_url": "https://gallica.bnf.fr/ark:/12148/bpt6k5829139g",
                  "emotions": [
                        "grief",
                        "disgust",
                        "nostalgia"
                  ],
                  "excerpt": ".— Mes belles dames , comme ceux — qui , à peine embarqués , ont le mal du retour , — je ne pouvais durer en place ; — j ' avais mon sang sur le gril , — et de Marseille je humais la brise , — la brise de la mer , ainsi qu ' un vase de senteur .A mon compagnon d ' aventure , — aussi , laissant tout le butin , — sauf un rayon de miel que j ' emporte avec moi dans un tuyau de canne , en route ! .",
                  "id": "5",
                  "title": "Oeuvres de Frédéric Mistral. Calendal. Texte et traduction"
            },
            {
                  "doc_url": "https://gallica.bnf.fr/ark:/12148/bpt6k30413624",
                  "emotions": [
                        "disgust",
                        "nostalgia"
                  ],
                  "excerpt": "216 LE C AIIN AVAL SCEPTRE — Ça doit être en qualité d ’ aveugles qu ' on a mi £ aux rois un bâton dans la main .SCHISME — Ce mot - là me fait toujours penser à l ’ histoire de cet employé de la maison Domange qui disait avoir renoncé à la peinture , parce que l ’ odeur l ’ incommodait .SCRUPULE — A quoi bon en parler ? On est si pressé d ’ arriver aujourd ’ hui , qu ’ on prend le moins qu ’ on peut d ’ excédant de bagages .",
                  "id": "6",
                  "title": "Le carnaval du dictionnaire / par Pierre Véron ; 24 dessins par Hadol"
            },
            {
                  "doc_url": "https://gallica.bnf.fr/ark:/12148/bpt6k1421799j",
                  "emotions": [
                        "disgust",
                        "disapproval"
                  ],
                  "excerpt": "50 à la librairie des Jeunes , 33 , rue de Vaugi - rard , Paris .saletés , ses immondices , ses puanteurs et ses charro - gnes , avec ses bouges infects , ses lupanars , ses prostituées et ses souteneurs .Voici les Noctambules : Pâles , venant on ne sait d ’ où , Craignant le jour comme un hibou , Voilà les Bohèmes que l ’ art et la poésie tiennent clans leurs griffes , les bohèmes maigres et qui ont faim , mais qui , fiers malgré leur misère jettent ce cri au bourgeois qui les méprise : Bohèmes ! .",
                  "id": "7",
                  "title": "Le Domino rose : journal littéraire, humoristique et satirique"
            },
            {
                  "doc_url": "https://gallica.bnf.fr/ark:/12148/bpt6k5834682x",
                  "emotions": [
                        "surprise",
                        "disgust",
                        "fear",
                        "doubt"
                  ],
                  "excerpt": "Vous passez à côté d ' une jolie femme sans la voir ; un chien vous passe entre les jambes et vous renverse sur un omnibus qui vient d ' accrocher un camion qui faisait entrer son timon dans une boutique .C ' est un pêle - mêle affreux , un tohu - bohu qui ressemble à celui de la Grande - Chaudière infernale ; qu ' est ce que cela fait ? c ' est le bitume ! Mais quel bitume ! Il est difficile de dire son nom patronymique d ' après son odeur ; ce n ' est pas comme ces jeunes femmes qu ' on devine rien qu ' au parfum .Ici l ' odorat est en défaut .",
                  "id": "8",
                  "title": "Le Lutin : journal de l'autre monde, publié dans celui-ci par une société de bons vivants, et paraissant à Lyon tous les jeudis [\"puis\" courrier des théâtres et des salons]"
            },
            {
                  "doc_url": "https://gallica.bnf.fr/ark:/12148/bpt6k58086771",
                  "emotions": [
                        "disgust",
                        "embarrassment"
                  ],
                  "excerpt": "Quand on la broie — 21 — entre les doigts , elle exhale une odeur vive ; placée sur la langue , elle y produit une sensation de fraîcheur .L ' Italienne Médicis , qui se connaissait en parfums , quoique la vue d ' une rose la fit tomber évanouie et la jetât dans des convulsions , préférait la menthe sauvage à toutes les autres fleurs .Pendant l ' été , elle en portait constamment un bouquet à son corsage .",
                  "id": "9",
                  "title": "La Botanique au village, par S.-Henry Berthoud"
            },
            {
                  "doc_url": "https://gallica.bnf.fr/ark:/12148/bpt6k42462992",
                  "emotions": [
                        "disgust",
                        "anger",
                        "greed",
                        "embarrassment"
                  ],
                  "excerpt": "Ils étoient dans les hôpitaux au nombre de plus de fix mille qui moururent prefque tous .Les plus gâtées parmi ces filles , fie paroient avec foin , & : fechargeoient de parfums & de fard pour féduire plus furement & empoi - fonner par leurs commerce des gens qu ’ elles abhorroient , cachant ainfi fous le mafque de l ’ amour , la haine la plus implacable .Je ne crois pas qu ’ on trouve dans aucune hiftoire des exemples d ’ une vertu aufii criminelle .",
                  "id": "10",
                  "title": "L'Année littéraire ou Suite des Lettres sur quelques ecrits de ce temps"
            },
            {
                  "doc_url": "https://gallica.bnf.fr/ark:/12148/bpt6k5459384v",
                  "emotions": [
                        "disgust",
                        "fear",
                        "pain"
                  ],
                  "excerpt": "Un toit couvert de paille , Un plancher tout boueux , une humide muraille , — 25 — Vous peignent en deux mots l ' agréable prisou .Au loin le tout exhale un parfum de charbon ; Il y gèle , pourtant on y respire à peine , El le noir combustible exerce sur l ' haleine Un si terrible effet , que la toux vient saisir Celui qui vainement voudrait s ' en garantir .C ' est bien pis au dehors : si l ' ennui les attaque Et les chasse un moment de leur froide baraque , Trop heureux si l ' entorse , au fond d ' un chemin creux , N ' arrête pas leur pied dans ses lacs dangereux .",
                  "id": "11",
                  "title": "Une Plume faute d'épée, par Émile Bruneau,..."
            },
            {
                  "doc_url": "https://gallica.bnf.fr/ark:/12148/bpt6k9663819q",
                  "emotions": [
                        "disgust"
                  ],
                  "excerpt": "Dans le premier cas , elle renferme , en quantité considérable , un liquide assez limpide , et un précipité assez volumineux d ' une matière blanche ; d ' apparence saline , rassemblée en magma .Lorsque la vessie est revenue sur elle - même , on constate toujours une rupture dans son fond et la présence dans le péritoine d ' un liquide épanché , dont l ' odeur dénonce la nature .Ce liquide n ' est autre que l ' urine , échappée de la vessie rompue et qui traduit son action sur le péritoine par l ' inflammation diffuse , suraiguë et déjà pseudo - membraneuse que son contact a déterminée .",
                  "id": "12",
                  "title": "Traité complet de l'élevage et des maladies du mouton / par A. Bénion,..."
            },
            {
                  "doc_url": "https://gallica.bnf.fr/ark:/12148/bpt6k9682771k",
                  "emotions": [
                        "disgust"
                  ],
                  "excerpt": "Parfois ils se croyaient secoués par un tremblement du sol , comme si la terre elle - même , dans une crise d ' assouvissement , eût éclaté en sanglots voluptueux .S ' ils avaient fermé les yeux , si la chaleur suffocante et la lumière pâle n ' avaient pas mis en eux une dépravation de tous les sens , les odeurs eussent suffi à les jeter dans un éréthisme nerveux extraordinaire .Le bassin les mouillait d ' une senteur Acre , profonde , où passaient les mille parfums des fleurs et dçs verdures .",
                  "id": "13",
                  "title": "La curée / par Émile Zola ; compositions de Georges Jeanniot"
            },
            {
                  "doc_url": "https://gallica.bnf.fr/ark:/12148/bpt6k65774657",
                  "emotions": [
                        "disgust"
                  ],
                  "excerpt": "Évitons ces Palmiers hérissés d ' aiguillons , ces Roseaux aux feuilles tranchantes , ces grandes Orties dont la piqûre empoisonne , ces redoutables Fourmis noires dont la morsure brûle , ces nuages d ' insectes enfin qui aveuglent et dévorent ; tournons ces massifs de Bambous dont l ' écorce siliceuse résiste aux plus formidables coups de hache ; baissons - nous pour ne pas toucher l ' écorce suintante et vénéneuse de l ' Upas des Malais , franchissons enfin tous les obstacles , pénétrons dans ce fourré sombre comme un repaire Voyezvous là , dans l ' ombre , sur une couche de terre noire , cette forme étrange , cette créature équivoque , cette corolle couleur de chair , cette fleur , — est - ce bien une fleur ? — qui , énorme , épaisse et large de plus d ' un mètre , étale devant vous ses pétales charnus et nauséabonds ? Oui , nauséabonds .Approchez et flairez : cette odeur est celle d ' une matière en putréfaction , cette i Voyez dans la Montagne de Michelet l ' admirable chapitre intitulé Java .horrible fleur sent le cadavre ; et les Mouches , amoureuses de ces repoussantes émanations , accourent en foule , et bourdonnent comme autour d ' une bête morte ! On ne sait comment classer cette suspecte créature .",
                  "id": "14",
                  "title": "L'esprit des plantes : silhouettes végétales / par Éd. Grimard"
            },
            {
                  "doc_url": "https://gallica.bnf.fr/ark:/12148/bpt6k65774657",
                  "emotions": [
                        "disgust",
                        "annoyance",
                        "disapproval"
                  ],
                  "excerpt": "Les moissonneurs , les matelots et surtout les guerriers romains en faisaient un grand usage ; il était même devenu à Rome le symbole de la vie militaire .cc Tu ne saurais manger de l ' Ail , » disait - on à ceux qui , élevés dans la mollesse , parlaient d ' embrasser l ' état de soldat ; et Yespasien , impatienté par les obsessions d ' un courtisan efféminé qui lui demandait le gouvernement d ' une province , lui répondit dédaigneusement : « J ' aimerais mieux que tu sentisses l ' Ail que les parfums .» A ce même genre appartient , nous l ' avons dit plus haut , L ' OGNON Cette plante est cultivée depuis l ' enfance de la civilisation ; aussi l ' on ne sait de quel pays elle est originaire .",
                  "id": "15",
                  "title": "L'esprit des plantes : silhouettes végétales / par Éd. Grimard"
            },
            {
                  "doc_url": "https://gallica.bnf.fr/ark:/12148/bpt6k9691679h",
                  "emotions": [
                        "sadness",
                        "disgust",
                        "fear",
                        "despair",
                        "pain"
                  ],
                  "excerpt": ".FEUILLES MORTES La Ville noire mêle à l ' été son haleine , Et les feuilles , dans l ' air surchargé de poisons , Tombent déjà , lourdes d ' horreur , sur les gazons Et meurent , on dirait , de la souffrance humaine .DÉCLARATIONS UNE ENFANCE LE LONG DES PRÉS .",
                  "id": "16",
                  "title": "Ferveur / Lucie Delarue-Mardrus"
            },
            {
                  "doc_url": "https://gallica.bnf.fr/ark:/12148/bpt6k6524141g",
                  "emotions": [
                        "disgust"
                  ],
                  "excerpt": "Jamais les rayons de soleil n ' y devaient pénétrer .Il s ' en exhalait une odeur de fumier et d ' écurie .« Mon Dieu , murmura Maurice , que ça sent mauvais ! » Mais ses yeux avaient tant de choses nouvelles à regarder qu ' il oublia bientôt ce désagréable parfum .",
                  "id": "17",
                  "title": "Le livre de Maurice / par F. de Silva ; illustrations par L. Froelich et Adrien Marie"
            },
            {
                  "doc_url": "https://gallica.bnf.fr/ark:/12148/bpt6k932133k",
                  "emotions": [
                        "disgust"
                  ],
                  "excerpt": "Dans l ’ autre cinquième , les h ° rds sont adhérents et renversés .Cette tumeur et la sérosité roussâtre qu ’ elle ' sécrète exhalent une odeur de gangrène .Après délibération , il fut arrêté entre M .",
                  "id": "18",
                  "title": "Notice sur les propriétés médicinales de la feuille de chou et sur son mode d'emploi (4e édition...) / par A. Blanc,..."
            },
            {
                  "doc_url": "https://gallica.bnf.fr/ark:/12148/bpt6k6365993w",
                  "emotions": [
                        "disgust",
                        "disapproval",
                        "doubt",
                        "nervousness",
                        "indifference"
                  ],
                  "excerpt": "Dans tous nos prés .Au Vigan , à l ' Ar - Incisif , détersif ; d ' après Hoffmann , anti - dysentériqlle , boux assez com - et que Wedelius conseille intérieurement et extérieurement mun .comme excellent détersif .",
                  "id": "19",
                  "title": "Topographie statistique et médicale de la ville et canton du Vigan, chef-lieu d'arrondissement du département du Gard ; par François-Alexandre Rouger,..."
            },
            {
                  "doc_url": "https://gallica.bnf.fr/ark:/12148/bpt6k6365993w",
                  "emotions": [
                        "disgust"
                  ],
                  "excerpt": "S ' entortille au Plante parasite , inodore et insipide lorsqu ' elle s ' attache thym , a la lavande , au lin , aux orties , à la renouée et autres plantes , et qui .au romarin , au lin , est odorante et sapide lorsqu ' on la cueille sur des planta a toutes les planter aromatiques ; elle est faiblement purgative , aperltlve , anti - ictérique , fébrifuge et peu usitée ; le docteur Frankla croit anti - syphilitique , et son opinion mérite qu ' on .S cherche à s ' en assurer .",
                  "id": "20",
                  "title": "Topographie statistique et médicale de la ville et canton du Vigan, chef-lieu d'arrondissement du département du Gard ; par François-Alexandre Rouger,..."
            }
      ]
}