{
      "articles": [
            {
                  "doc_url": "https://gallica.bnf.fr/ark:/12148/bpt6k57844119",
                  "emotions": [
                        "disgust"
                  ],
                  "excerpt": ") Tueries dans les villes dont la population excède dix mille âmes .— Danger de voir les animaux s ' échapper , mauvaise odeur .( lr 0 cl .",
                  "id": "1",
                  "title": "Procédure administrative des bureaux de police : à l'usage des préfectures, sous-préfectures, mairies et commissariats de police / par M. Brayer,..."
            },
            {
                  "doc_url": "https://gallica.bnf.fr/ark:/12148/bpt6k5619637m",
                  "emotions": [
                        "disgust",
                        "fear"
                  ],
                  "excerpt": "Tout le palais , les piliers du voile du palais et les amygdales sont gonflés et d ' une couleur blafarde .Haleine d ' une odeur repoussante , — de préférence : Merc .cyan .",
                  "id": "2",
                  "title": "Traitement homoeopathique des maladies des organes de la respiration, par le Dr A. Chargé,..."
            },
            {
                  "doc_url": "https://gallica.bnf.fr/ark:/12148/bpt6k5450473m",
                  "emotions": [
                        "disgust"
                  ],
                  "excerpt": "D ' où venait le germe de la décomposition ? Quel était - il ? » Autant de questions que pose l ' auteur et auxquelles il me paraît fort difficile de faire une réponse satisfaisante .L ' écoulement phlegmoneux de la blennorragie aiguë répand une odeur nauséabonde , comparée par Morgagni à celle de la morue avancée .Cette comparaison , à mon avis , n ' est équitable qu ' en l ' absence des soins de propreté : l ' odeur , généralement , n ' est que nauséeuse et faiblement fétide , s ' il y a nul mélange de smegma .",
                  "id": "3",
                  "title": "Les odeurs du corps humain : causes et traitements / Dr E. Monin"
            },
            {
                  "doc_url": "https://gallica.bnf.fr/ark:/12148/bpt6k9741620r",
                  "emotions": [
                        "disgust",
                        "greed"
                  ],
                  "excerpt": "Commencement de dessiccation des pustules du visage .Urine du matin bourbeuse et jumenteuse , sans odeur fétide .Pouls à 72 .",
                  "id": "4",
                  "title": "Clinique médicale de l'hôpital de la Charité, ou Exposition statistique des diverses maladies traitées à la clinique de cet hôpital. Tome 1 / par J. Bouillaud,..."
            },
            {
                  "doc_url": "https://gallica.bnf.fr/ark:/12148/bpt6k61802b",
                  "emotions": [
                        "disgust",
                        "anger",
                        "disapproval",
                        "greed"
                  ],
                  "excerpt": "Sur le sol bossue de tant de chair humaine , Aax dernières lueurs du jour on voit à peine ~ e tordre vaguement des corps entretacés ; Et ! M < MS , < tu ) Mi ! ! f « < ! f ce tMHssacrc ! tn ) nc < t : ' c ; Dressant Mn COM roldi , perc < ~ de eOMps de h ' t ) , Un ehevat jette an vent on ra < t < j ) « c et trt : < te adh ' o Que la nuit t ! Ut eotu ' h il tuners lu attend .0 boucherie ! u soif du Mteurtre ! acharnement Horrible ! odeur des morts qui sMttoqMes et nMVt < Soyez maudits devant ces cent mille cadavres Et la ~ tMpMc horreur de c < ' t c ~ OFKCtttcnt .Mais , sous Fardent soleil ou sur lu ptainotMM ) ~ , S ! , heurtant de leur cœur ! a gueule du canota Ils sont morts , Liberté , ces braves , en tonnom .",
                  "id": "5",
                  "title": "Poèmes et poésies / Leconte de Lisle"
            },
            {
                  "doc_url": "https://gallica.bnf.fr/ark:/12148/bpt6k82169b",
                  "emotions": [
                        "disgust",
                        "doubt",
                        "disappointment"
                  ],
                  "excerpt": "fa ûirpri ~ e , lorsque ce ravinant objet reprit tout à coup premiere & hideufe rbrme ~ ' échappa .de fes bras & d ' un fouffle remplie : le repaire d ' une odeur infernale ? Le pauvre El - Dateb n ' en .fut pas : quitte pour la peur .",
                  "id": "6",
                  "title": "On ne s'y attendait pas. Partie 1"
            },
            {
                  "doc_url": "https://gallica.bnf.fr/ark:/12148/bpt6k57844119",
                  "emotions": [
                        "disgust",
                        "annoyance"
                  ],
                  "excerpt": ") Cuivre ( Dérochage du ) par l ' acide nitrique .— Odeur nuisible et désagréable .( 2e classe , 0 .",
                  "id": "7",
                  "title": "Procédure administrative des bureaux de police : à l'usage des préfectures, sous-préfectures, mairies et commissariats de police / par M. Brayer,..."
            },
            {
                  "doc_url": "https://gallica.bnf.fr/ark:/12148/bpt6k64343824",
                  "emotions": [
                        "disgust",
                        "love",
                        "approval"
                  ],
                  "excerpt": [
                        "Terrestres .Souvent odorants .( Répond à Tricholoma , mais à spores brunâtres .",
                        "Pédicule fibreux , plein , farineux au sommet .Odeur viveuse ; saveur poivrée .Automne ; dans les bois ."
                  ],
                  "id": "8",
                  "title": "Les champignons considérés dans leurs rapports avec la médecine, l'hygiène publique et privée, l'agriculture et l'industrie, et description des principales espèces comestibles, suspectes et vénéneuses de la France / par le Dr Lucien-Marie Gautier,..."
            },
            {
                  "doc_url": "https://gallica.bnf.fr/ark:/12148/bpt6k9612755j",
                  "emotions": [
                        "disgust"
                  ],
                  "excerpt": "Choisir les digitales qui poussent en lieux secs et siliceux celle des Vosges est estimée .Vague odeur de thé , saveur très amère .COMPOSITION ET PRÉPARATIONS A BASE DE DIGITALE : ] digitale renferme plusieurs glucosides : le principe actif est la dtj taline qui est insoluble dans l ' eau .",
                  "id": "9",
                  "title": "Manuel vétérinaire, ou Formulaire des médications rationnelles et des remèdes secrets (conforme au Codex 1908) / par René Cerbelaud,..."
            },
            {
                  "doc_url": "https://gallica.bnf.fr/ark:/12148/bpt6k97633731",
                  "emotions": [
                        "disgust"
                  ],
                  "excerpt": "Guérissez mon infirmité repoussante .Que ceux qui m ' approchent ne sentent plus cette odeur abominable .Pauvre délaissée , abandonnée de tous , il ne me reste plus que vous .",
                  "id": "10",
                  "title": "Vie de l'admirable sainte Alpais : vierge et bergère du diocèse de Sens (1150-1211) (2e éd.) / par l'abbé Victor Martin,..."
            },
            {
                  "doc_url": "https://gallica.bnf.fr/ark:/12148/bpt6k933271s",
                  "emotions": [
                        "disgust"
                  ],
                  "excerpt": "très restent impassibles , même après un accident qui les mutile horriblement .Une frayeur subite , une émotion vive , une odeur repoussante , un spectacle répugnant , une température élevée , une indigestion , l ’ état de vacuité de l ’ estomac , peuvent parfois produire la syncope , principalement chez les femmes à l ’ époque menstruelle et chez les enfants .En présence d ’ une syncope , il faut : ouvrir les fenêtres , si l ’ accident a lieu dans un local surchauffe ; éventer le malade et le mettre dans la position horizontale , sur un lit , un canapé , un brancard , ou sur le sol ; desserrer ses vêtements ( col , cravate , corset , ceinture , pantalon , jupon , jarretière ) ; projeter sur le visage quelques gouttes d ’ eau froide ; chauffer les pieds par un moyen quelconque .",
                  "id": "11",
                  "title": "Précis d'hygiène industrielle, avec des notions de chimie et de mécanique : rédigé conformément au programme de la loi du 2 novembre 1892, à l'usage des inspecteurs et inspectrices du travail dans l'industrie : par Félix Brémond,..."
            },
            {
                  "doc_url": "https://gallica.bnf.fr/ark:/12148/bpt6k65181542",
                  "emotions": [
                        "disgust"
                  ],
                  "excerpt": "pays .Il a un odorat si développé , qu ' il peut sentir la charogne à 5 kilomètres loin .A celui - oi ressemble beaucoup la corneille noire , qui est appelée aussi corbeau au sud de l ' Allemagne et même en Suisse .",
                  "id": "12",
                  "title": "Histoire naturelle biblique pour les écoles et les familles / publiée par la Société de Calw, en Wurtemberg ; traduit sur la 5e édition par Melle Elise Dufour"
            },
            {
                  "doc_url": "https://gallica.bnf.fr/ark:/12148/bpt6k5457916g",
                  "emotions": [
                        "disgust",
                        "annoyance"
                  ],
                  "excerpt": "Il en découle néanmoins une assez grande quantité de mucus épais .Le petit malade répand une odeur infecte et repoussante .Dans la nuii du i5 au 16 , hémorragie par la bouche , de trois palettes aumoins ; un tamponnement et des lotions d ' eau froide suspendent le cours du sang .",
                  "id": "13",
                  "title": "Des polypes et de leur traitement / par P.-N. Gerdy,..."
            },
            {
                  "doc_url": "https://gallica.bnf.fr/ark:/12148/bpt6k5439879q",
                  "emotions": [
                        "disgust",
                        "love"
                  ],
                  "excerpt": "— Kombo ou N ' combo des indigènes ; Arbre à suif du Gabon .Ses graines s ' administrent dans plusieurs affections chroniques ; on en retire un suif à odeur nauséeuse , analogue à celui du M .sebifera .",
                  "id": "14",
                  "title": "Histoire des plantes. Tome 2, Partie 5, Monographie des lauracées, elaegnacées et myristicacées / par H. Baillon,... ; dessins de Faguet"
            },
            {
                  "doc_url": "https://gallica.bnf.fr/ark:/12148/bpt6k5450473m",
                  "emotions": [
                        "disgust"
                  ],
                  "excerpt": "L ' odeur du pus ( on peut en convenir , ordinairement ) se fonce , pour ainsi dire , à mesure que l ' on descend le long du tube intestinal ; peu marquée dans les abcès rétropharyngiens , cette odeur devient insupportable dans ceux de la marge de l ' anus , terminus du tube digestif .Dans les abcès de l ' amygdale , l ' odeur sanieuse du pus , dont l ' expulsion dégoûte à 304 Les odeurs du corps humain un si haut point le patient , est parfois le seul symptôme qui puisse dénoter l ' ouverture de la collection purulente .Cette odeur intrigue beaucoup Niemeyer , si prompt d ' habitude à tout interpréter : « On ne s ' explique pas , ditil , la cause de l ' odeur extraordinairement fétide d ' un pus enfermé de tout côté , à ^ l ' abri du contact de l ' air » .",
                  "id": "15",
                  "title": "Les odeurs du corps humain : causes et traitements / Dr E. Monin"
            },
            {
                  "doc_url": "https://gallica.bnf.fr/ark:/12148/bpt6k6473949c",
                  "emotions": [
                        "disgust"
                  ],
                  "excerpt": "Un petit nombre d ' exemples pris au hasard sur mille , va servir à le démontrer .Philippe Auguste étant à une fenêtre de son Palais , une charrette en passant près de cet endroit , remua la boue & en fit exhaler une odeur si infede , que le Monarque fut aussitôt contraint de se retirer .Pour remédier à cet inconvénient qui pouvoit être si dangereux , il ordonna ( en 1184 ) que Pari fût pavé .",
                  "id": "16",
                  "title": "De la salubrité de l'air des villes et en particulier des moyens de la procurer ; ouvrage couronné par l'Académie de Lyon. Par M. l'abbé Bertholon..."
            },
            {
                  "doc_url": "https://gallica.bnf.fr/ark:/12148/bpt6k5450473m",
                  "emotions": [
                        "disgust"
                  ],
                  "excerpt": "Dans le sphacèle du poumon , l ' odeur est très forte , très fétide , et subit de remarquables alternatives d ' intensité , que Trousseau , à bon droit , considérait comme caractéristiques .Pénétrante et des plus incommodes , l ' odeur de l ' haleine nécessite alors souvent l ' isolement L ' odeur de l ' haleine IS7 des malades : elle infecte même les salles contiguès , y répandant sa pénétrante et nauséabonde senteur de plâtre récemment gâché .Même dans le sein de sa famille , le malade alors devient un objet invincible de répugnance : plus d ' une fois , médecins et gardesmalades ont cH ^ onvenir de l ' extrême difficulté des soins , en pareil cas .",
                  "id": "17",
                  "title": "Les odeurs du corps humain : causes et traitements / Dr E. Monin"
            },
            {
                  "doc_url": "https://gallica.bnf.fr/ark:/12148/bpt6k9612755j",
                  "emotions": [
                        "disgust"
                  ],
                  "excerpt": "PODOPHYLLIN OU PODOPHYLLINE Le podophyllin ou podophylline est la résine extraite de la poudre ■ du rhizome de la Podophylle ( Podophyllum peltatum ) ( Berberidacées ) .CARACTÈRES : Poudre amorphe jaunâtre , ou jaune brun , odeur sui generis , saveur nauséeuse .SOLUBILITÉ : 1 gramme de podophyllin est soluble dans 10 grammes d ' alcool .",
                  "id": "18",
                  "title": "Manuel vétérinaire, ou Formulaire des médications rationnelles et des remèdes secrets (conforme au Codex 1908) / par René Cerbelaud,..."
            },
            {
                  "doc_url": "https://gallica.bnf.fr/ark:/12148/bpt6k5450473m",
                  "emotions": [
                        "disgust"
                  ],
                  "excerpt": "Dans le cancer utérin , les injections concentrées d ' eau de goudron et de chlorate de soude , les pansements au carbure de calcium et au sulfate de quinine sont les meilleurs palliatifs de l ' odeur .CIIAPITRK VIII L ' ODEUR DE LA PURULENCE ET DE LA GANGRÈNE Le pus de bonne nature a une odeur faible , fade , légèrement nauséeuse : « Pus optimum ..",
                  "id": "19",
                  "title": "Les odeurs du corps humain : causes et traitements / Dr E. Monin"
            },
            {
                  "doc_url": "https://gallica.bnf.fr/ark:/12148/bpt6k63474529",
                  "emotions": [
                        "disgust",
                        "disapproval"
                  ],
                  "excerpt": "Dans les branches du sureau s ' enroulait une plante grimpante , aux attitudes élégantes , aux feuilles à cinq lobes , ayant à la base la forme d ' un cœur , dont les fleurs d ' un blanc sale et verdâtre , disposées en corymbes presque sessiles , avaient , disait Laure , l ' air empoisonnées .Claire prétendait que l ' odeur nauséabonde de ces vilaines fleurs n ' indiquait rien de bon et qu ' assurément il fallait se méfier d ' elles .Peut - être pas des fleurs , mais bien de la racine , dit Mlle Herbeau .",
                  "id": "20",
                  "title": "Promenades botaniques de tous les mois / E.-D. Labesse et H. Pierret ; 100 dessins de MM. Clair Guyot, Ch. Gosselin, L. Mouchot [et al.] ; gravure de F. Méaulle"
            }
      ]
}