{
      "articles": [
            {
                  "doc_url": "https://gallica.bnf.fr/ark:/12148/bpt6k6149204p",
                  "emotions": [
                        "disgust"
                  ],
                  "excerpt": "C ' est celle que M .Virey nomme odeur gommo - rêsineuse , elle se manifeste lorsque l ' on brûle de la Myrrhe , de l ' encens , du Bdellium , du Ladanum , du bois de Calamba .Dans l ' état naturel l ' odeur de ces substances est très - peu développée .",
                  "id": "1",
                  "title": "Traité général de botanique, par A.-N. Desvaux,..."
            },
            {
                  "doc_url": "https://gallica.bnf.fr/ark:/12148/bpt6k5821675k",
                  "emotions": [
                        "disgust"
                  ],
                  "excerpt": "MÉDICALE .l ' éeorce intérieure est un peu amère et nauséeuse ; elle est un purgatif assez violent employé dans les hydropisies , les fièvres intermittentes .Les baies sont aussi purgatives .",
                  "id": "2",
                  "title": "Les Plantes médicinales et usuelles de nos champs, jardins, forêts ; description et usages des plantes, comestibles, suspectes, vénéneuses... par H. Rodin,..."
            },
            {
                  "doc_url": "https://gallica.bnf.fr/ark:/12148/bpt6k64232433",
                  "emotions": [
                        "disgust"
                  ],
                  "excerpt": "Puer .[ « MW7XÔÙVS , axilla , aisselle , sale odeur , » ] dit M .Romain Cornut , expurgateur de Lancelot et continuateur de PortRoyal .",
                  "id": "3",
                  "title": "Dictionnaire de la langue verte : argots parisiens comparés / Alfred Delvau"
            },
            {
                  "doc_url": "https://gallica.bnf.fr/ark:/12148/bpt6k5807103p",
                  "emotions": [
                        "disgust"
                  ],
                  "excerpt": "— Elle se compose d ' une espèce de coque , dans laquelle on distingue une partie extérieure comme chagrinée , un peu inégale , et une partie interne lisse .— Elle est altérée , putréfiée et exhale une odeur félide .Le soir , légère perte .",
                  "id": "4",
                  "title": "De la Rétention du placenta après les fausses couches des cinq premiers mois de la grossesse, par Félix Ebstein,..."
            },
            {
                  "doc_url": "https://gallica.bnf.fr/ark:/12148/bpt6k930549w",
                  "emotions": [
                        "disgust",
                        "annoyance"
                  ],
                  "excerpt": "— L ’ huile de noix obtenue par expression à froid est incolore ou légèrement verdâtre , elle devient jaunâtre en vieillissant ; elle possède une saveur agréable .En rancissant , elle contracte une saveur très désagréable et devient purgative .L ’ huile obtenue par pression à chaud a une couleur plus foncée , une saveur moins fine et dégage en brûlant une odeur désagréable .",
                  "id": "5",
                  "title": "Fabrication et raffinage des huiles végétales : manuel à l'usage des fabricants, raffineurs, courtiers et négociants en huiles (3e édition entièrement refondue) / par J. Fritsch,..."
            },
            {
                  "doc_url": "https://gallica.bnf.fr/ark:/12148/bpt6k5535124b",
                  "emotions": [
                        "disgust"
                  ],
                  "excerpt": "ALDÉHYDE BENZOIQUE , essence d ' amandes amères , aldéhyde benzylique , benzylol , C « H » .CIIO Liquide incolore , très réfringent , d ' odeur agréable d ' essence u ' amandes amères , do saveur acre et aromatique .11 bouta 18 » .",
                  "id": "6",
                  "title": "Précis d'analyse chimique qualitative / par E. Barral,..."
            },
            {
                  "doc_url": "https://gallica.bnf.fr/ark:/12148/bpt6k5730888m",
                  "emotions": [
                        "disgust"
                  ],
                  "excerpt": "Notre confrère voulut bien suivre notre conseil , et nous avons appris depuis que cette malheureuse femme , qui n ' a pas tardé à succomber aux progrès rapides de sa maladie , a éprouvé du moins un très - grand soulagement pendant ses derniers jours .L ' odeur infecte des liquides qui s ' écoulaient sans cesse par les parties génitales avait été complètement dissipée , et les personnes de sa famille qui lui prodiguèrent les derniers soins purent s ' approcher d ' elle sans être suffoquées < pat \" ' S ^ ; te odeur insupportable .Il est bon d ' ajouter qu ' on avaitjusque - là employé sans résultat les chlorures sous toutes les formés .",
                  "id": "7",
                  "title": "Résultats de quelques expériences nouvelles de désinfection des plaies"
            },
            {
                  "doc_url": "https://gallica.bnf.fr/ark:/12148/bpt6k64818666",
                  "emotions": [
                        "joy",
                        "disgust",
                        "anger",
                        "fear",
                        "disapproval",
                        "nervousness"
                  ],
                  "excerpt": ") utbarge ( Fabrication de la ) .Exhalaisons dangereuses .- ( 14 janvier 1815 .",
                  "id": "8",
                  "title": "Hygiène publique / travaux... résumés par Évariste Thévenin,... ; Conseil de salubrité de la Seine"
            },
            {
                  "doc_url": "https://gallica.bnf.fr/ark:/12148/bpt6k6149204p",
                  "emotions": [
                        "disgust",
                        "boredom"
                  ],
                  "excerpt": "1 .Odeur balsarnoïde ( 0 .balsamoideùs ) .",
                  "id": "9",
                  "title": "Traité général de botanique, par A.-N. Desvaux,..."
            },
            {
                  "doc_url": "https://gallica.bnf.fr/ark:/12148/bpt6k64818666",
                  "emotions": [
                        "disgust",
                        "annoyance"
                  ],
                  "excerpt": ") Noir d ' ivoire et noir d ' os ( Fabrication du ) , lorsqu ' on n ' y brûle pas la fumée .Odeur très désagréable de matières animales brûlées portée à une grande distance .— ( 14 janvier 1815 .",
                  "id": "10",
                  "title": "Hygiène publique / travaux... résumés par Évariste Thévenin,... ; Conseil de salubrité de la Seine"
            },
            {
                  "doc_url": "https://gallica.bnf.fr/ark:/12148/bpt6k64818666",
                  "emotions": [
                        "disgust",
                        "annoyance"
                  ],
                  "excerpt": ") Chiffonniers .Odeur très désagréable et insalubre .— ( 15 octobre 1810 , 14 janvier 1815 .",
                  "id": "11",
                  "title": "Hygiène publique / travaux... résumés par Évariste Thévenin,... ; Conseil de salubrité de la Seine"
            },
            {
                  "doc_url": "https://gallica.bnf.fr/ark:/12148/bpt6k64818666",
                  "emotions": [
                        "joy",
                        "disgust",
                        "anger",
                        "fear",
                        "disapproval",
                        "nervousness"
                  ],
                  "excerpt": ") M Massicot ( Fabrication du ) , première préparation du plomb pour le convertir en minium .Exhalaisons dangereuses .- ( 14 janvier 1815 .",
                  "id": "12",
                  "title": "Hygiène publique / travaux... résumés par Évariste Thévenin,... ; Conseil de salubrité de la Seine"
            },
            {
                  "doc_url": "https://gallica.bnf.fr/ark:/12148/bpt6k6566957t",
                  "emotions": [
                        "disgust",
                        "fear",
                        "relief",
                        "nervousness",
                        "embarrassment"
                  ],
                  "excerpt": "— Vous voyez bien , s ' écria leur vieil ami , qu ' il y a quelque mérite à travailler et que ce n ' est pas toujours parfum de rose et de lilas .Qu ' en pensez - vous ? Est - ce assez écœurant ? Eh bien , j ' y suis habitué , moi ; mes nerfs olfactifs ont été soumis et ne se révoltent presque plus de cette insulte à leur délicatesse .Sauvons - nous au plus vite de ces lieux empestés , que je ne voulais pourtant pas vous laisser ignorer , et arrêtons - nous un moment au milieu de ce vacarme de chutes d ' eau et de machine à vapeur .",
                  "id": "13",
                  "title": "Les châtaignes ; suivi de Voyage autour d'une fenêtre ; et de Au bord de la Durolle / Mme Mesureur ; illustrations de G. Burggraff"
            },
            {
                  "doc_url": "https://gallica.bnf.fr/ark:/12148/bpt6k938780p",
                  "emotions": [
                        "disgust"
                  ],
                  "excerpt": "C ’ est le plus léger de tous les métaux du commerce .Il a une saveur désagréable qui lui est propre , et une odeur prononcée que le frottement augmente sensiblement .L ’ ongle glisse sur l ’ Étain sans l ’ attaquer , tandis qu ’ il entame facilement le plomb .",
                  "id": "14",
                  "title": "Manuel du négociant pour la connaissance des marchandises, ou Traité précis des diverses productions du globe répandues dans le commerce... suivi d'un vocabulaire raisonné de termes employés dans le commerce et des tares et usages pour les marchandises sur la place du Havre, par Éd. Duboc"
            },
            {
                  "doc_url": "https://gallica.bnf.fr/ark:/12148/bpt6k58326525",
                  "emotions": [
                        "disgust"
                  ],
                  "excerpt": "Leur voix était rare , et , quand on les tourmentait , ils ne faisaient que piper comme une chauve - souris .Leur urine était très - fétide .Ils moururent de gras - fondu , en août .",
                  "id": "15",
                  "title": "Le Panthéon populaire illustré. 3e série, livraisons 41-59, Le jardin des plantes : description et moeurs des mammifères de la ménagerie et du Muséum d'histoire naturelle / par M. Boitard ; précédé d'une introduction historique, descriptive et pittoresque par M. J. Janin"
            },
            {
                  "doc_url": "https://gallica.bnf.fr/ark:/12148/bpt6k992393q",
                  "emotions": [
                        "disgust"
                  ],
                  "excerpt": "Bot .Plante bulbeuse et odoriférante .Ij Homme amoureux de sa figure , comme le Narcisse de la fable .",
                  "id": "16",
                  "title": "Dictionnaire de la langue française, à l'usage des écoles chrétiennes / par F. P. B. (M. Bransiet)"
            },
            {
                  "doc_url": "https://gallica.bnf.fr/ark:/12148/bpt6k64818666",
                  "emotions": [
                        "disgust",
                        "annoyance"
                  ],
                  "excerpt": "Voiries .Odeur très désagréable et insalubre .— ( 9 février 1825 .",
                  "id": "17",
                  "title": "Hygiène publique / travaux... résumés par Évariste Thévenin,... ; Conseil de salubrité de la Seine"
            },
            {
                  "doc_url": "https://gallica.bnf.fr/ark:/12148/bpt6k3044095d",
                  "emotions": [
                        "disgust",
                        "disappointment"
                  ],
                  "excerpt": [
                        "11 s ' élève à la hauteur d ^ enviren vingt pieds .Son bois eft blanc & extrêmement dur 5 mais le cœur & l ’ aubier font verdâtres j fans odeur 3 d ' un goût amer & un peu auftere .Ses branches qui font en petit nombre „ font revêtues d ' une écorce verte parfemée ça & là de petites taches , de couleur de cendre .",
                        "Il rend une fi mauvaife odeur fous l ’ ioftrument que les ouvriers cnt peine à la fupporter .Mais comme le bois eft d ' un beau grain & fort bien nuancé ; les Européens du Cap Pemployent pour leurs meubles y & l ’ odeur fe diffipe avec le temps .ARBRE SENSIBLE ( 1 ’ ) fe trouve en plufieurs endroits des Indes Orientales ."
                  ],
                  "id": "18",
                  "title": "Dictionnaire des voyages, contenant ce qu'il y a de plus remarquable, de plus utile, & de mieux avéré, dans les pays où les voyageurs ont pénétré : touchant leur situation, leur étendue, leurs limites, leur climat... avec les moeurs et les usages des habitans, leur religion... &c.. I. A-B"
            },
            {
                  "doc_url": "https://gallica.bnf.fr/ark:/12148/bpt6k96402929",
                  "emotions": [
                        "disgust",
                        "nervousness"
                  ],
                  "excerpt": "La souris est un quadrupède qui pproche beaucoup par sa forme de celle dit at ; mais son corps est d ' un gris cendré - it quelquefois blanc ; elle est en outreeaucoup plus petite .Elle exhale une odeur • ésagréable ; elle a l ' œil vif , est légère , imide par nature , familière par nécessité ; i peur et le besoin dirigent totis ses mouemens .Elle ne sort de son trou que pourhercher à vivre , est friande de pain , de urd , de graine , de beurre , et de tous les imensdont l ' homme se nourrit , fuit les - • eux inhabiles , s ' apprivoise aisément , et ultiplie beaucoup : une seule femelle met as cinq ou six petits et plusieurs fois , année ; mais les chats et les pièges en iminuent le nombre .",
                  "id": "19",
                  "title": "Élémens de l'histoire naturelle, extraits de Buffon, Valmont, Bomare, Pluche, Raff et plusieurs autres naturalistes modernes ... Dédié à la jeunesse par A. Bertin. Deuxième édition"
            },
            {
                  "doc_url": "https://gallica.bnf.fr/ark:/12148/bpt6k64818666",
                  "emotions": [
                        "disgust",
                        "fear",
                        "annoyance"
                  ],
                  "excerpt": "II Huiles de lin ( Cuisson des ) .Odeur très désagréable et danger du feu .— ( 31 mai 1833 .",
                  "id": "20",
                  "title": "Hygiène publique / travaux... résumés par Évariste Thévenin,... ; Conseil de salubrité de la Seine"
            }
      ]
}