{
      "articles": [
            {
                  "doc_url": "https://gallica.bnf.fr/ark:/12148/bpt6k1176278v",
                  "emotions": [
                        "disgust"
                  ],
                  "excerpt": "Celle qui croît le long des chemins , dans les ruines , entre les pierres de certains terrains , et qu ’ on nomme la grande ciguë , est une plante à feuillage élégant , à petites fleurs blanches , réunies en ombelle au nombre de dix à douze .Toutes ses parties exhalent une odeur désagréable quand on les frotte entre les doigts ; cette odeur , que les botanistes désignent sous le nom de vireuse , annonce qu ' on ne peut y toucher sans danger .La ciguë des marais est encore plus vénéneuse que les autres .",
                  "id": "1",
                  "title": "Minéraux, végétaux et animaux, par C. Fallet"
            },
            {
                  "doc_url": "https://gallica.bnf.fr/ark:/12148/bpt6k64818666",
                  "emotions": [
                        "joy",
                        "disgust",
                        "annoyance",
                        "approval",
                        "indifference"
                  ],
                  "excerpt": ") Chanvre ( Rouissage du ) en grand par son séjour dans l ' eau .Exhalaisons très insalubres .— ( 15 octobre 1810 .",
                  "id": "2",
                  "title": "Hygiène publique / travaux... résumés par Évariste Thévenin,... ; Conseil de salubrité de la Seine"
            },
            {
                  "doc_url": "https://gallica.bnf.fr/ark:/12148/bpt6k90373v",
                  "emotions": [
                        "disgust"
                  ],
                  "excerpt": "Eatto , tes pM & diphénots ne se cotofeat pas .eous Unaueoce du perchtorttce de fer meus sont oxydés et donnent Btussance à des quinones possé * dant une odeur très forte ( voy .Quinones ) C ' ' H < < .",
                  "id": "3",
                  "title": "Traité de chimie organique d'après les théories modernes. Tome 2 / par Auguste Béhal,... et Amand Valeur,... ; précédé d'une préface de Charles Friedel"
            },
            {
                  "doc_url": "https://gallica.bnf.fr/ark:/12148/bpt6k938780p",
                  "emotions": [
                        "disgust"
                  ],
                  "excerpt": "Il se présente en petites masses du poids de 100 grammes environ , dont les contours brillants et comme polis sont d ’ une belle couleur hyacinthe foncé , et qui , placés entre l ’ œil et la lumière , possèdent une transparence parfaite dans toute leur épaisseur .Sa saveur est amère ; il répand une odeur qui tient à la fois de celle de la myrrhe et de l ’ ipécacuanha , et qu ’ on peut exalter par le Irottement .Sa cassure est terne et présente l ’ aspect ainsi que la couleur du succin jaune lactescent .",
                  "id": "4",
                  "title": "Manuel du négociant pour la connaissance des marchandises, ou Traité précis des diverses productions du globe répandues dans le commerce... suivi d'un vocabulaire raisonné de termes employés dans le commerce et des tares et usages pour les marchandises sur la place du Havre, par Éd. Duboc"
            },
            {
                  "doc_url": "https://gallica.bnf.fr/ark:/12148/bpt6k9685933h",
                  "emotions": [
                        "disgust"
                  ],
                  "excerpt": "venue au second degré ; elles ne conviennent même 1 au premier degré que lorsque la principale causse ; de la Phthisie confisle dans le dérangement des digestfons .Les eaux du Mont - d ' or ont une légere odeur de ; lessîve & un goût aigrelet vineux qui porte au nez ; & devient désagréable ; si l ' on plonge les mains dans « le bassin de cette source , on les en retire onctueuses .» Il paroît par les différentes analyses qu ' on en a faites î qu ' elles contiennent une substance martiale , de la \\ selenité , du sel marin , de l ' alkali minéral , un peu de sel de glauber , & une matiere grasse & bitumineuse .",
                  "id": "5",
                  "title": "Traité de la phtisie pulmonaire, avec la méthode préservative et curative de cette maladie, fondée sur des observations . Par M. Raulin,..."
            },
            {
                  "doc_url": "https://gallica.bnf.fr/ark:/12148/bpt6k96402929",
                  "emotions": [
                        "disgust"
                  ],
                  "excerpt": "Sa couleur est d ' un .1 foncé ; son haleine et son urine sont 1 odeur insupportable .Il a la figure psante , le regard assuré , la démarche ' < la voix terrible .",
                  "id": "6",
                  "title": "Élémens de l'histoire naturelle, extraits de Buffon, Valmont, Bomare, Pluche, Raff et plusieurs autres naturalistes modernes ... Dédié à la jeunesse par A. Bertin. Deuxième édition"
            },
            {
                  "doc_url": "https://gallica.bnf.fr/ark:/12148/bpt6k64818666",
                  "emotions": [
                        "disgust",
                        "annoyance"
                  ],
                  "excerpt": ") Ardoises artificielles et mastics de différents genres ( Fabriques de ) .Odeur désagréable , dan , % , « du feu .— ( 20 septembre 1828 .",
                  "id": "7",
                  "title": "Hygiène publique / travaux... résumés par Évariste Thévenin,... ; Conseil de salubrité de la Seine"
            },
            {
                  "doc_url": "https://gallica.bnf.fr/ark:/12148/bpt6k930549w",
                  "emotions": [
                        "disgust"
                  ],
                  "excerpt": "— Un échantillon d ’ huile , désignée sous le nom de Nailo ( ou Ndilo ) , fut reçu en 1913 .C ’ était une huile visqueuse , d ’ une odeur désagréable .La couleur était bleu foncé , probablement à cause du contact avec les récipients en fer pendant la fabrication , car on trouve du fer dans l ’ huile et on sait que les huiles de Calophyllnm donnent une coloration bleue avec les composés du fer .",
                  "id": "8",
                  "title": "Fabrication et raffinage des huiles végétales : manuel à l'usage des fabricants, raffineurs, courtiers et négociants en huiles (3e édition entièrement refondue) / par J. Fritsch,..."
            },
            {
                  "doc_url": "https://gallica.bnf.fr/ark:/12148/bpt6k6556955q",
                  "emotions": [
                        "disgust"
                  ],
                  "excerpt": "L ' observation nous montre chaque jour la vérité de ce que j ' avance ; auni les plus grands Maîtres de l ' Art ont - ils employé contre cette cruelle maladie tous les remèdes internes & externes qui pouvoient détourner les humeurs au - dehors .Les frictions , les ru - befians , les vésicatoires , les exutoires de toute espèce , toutes , fortes d ' exercices , les impressions d ' un air vif & pur , & chargé d ' émanations aromatiques , les étables à vaches , tout ce qui peut extérieurement ranimer & irriter la peau , a été mis en usage , afin de faire une révulsion salutaire .Les sucs favoneux végétaux , les sudorifiques minéraux & végétaux , les Eaux thermales , tous les remèdes internes , .",
                  "id": "9",
                  "title": "Observations sur les eaux thermales de Bourbon-l'Archambault, de Vichy et du Mont-d'Or, faites dans un voyage par ordre du Gouvernement, lues à la Société royale de médecine dans ses séances particulières, par M. de Brieude,..."
            },
            {
                  "doc_url": "https://gallica.bnf.fr/ark:/12148/bpt6k64818666",
                  "emotions": [
                        "disgust",
                        "annoyance"
                  ],
                  "excerpt": ") Acide snifurique ( Fabrication de l ' ) .Odeur désagréable , insalubre et nuisible à la végétation .( 15 octobre 1810 , 14 janvier 1815 .",
                  "id": "10",
                  "title": "Hygiène publique / travaux... résumés par Évariste Thévenin,... ; Conseil de salubrité de la Seine"
            },
            {
                  "doc_url": "https://gallica.bnf.fr/ark:/12148/bpt6k5821675k",
                  "emotions": [
                        "disgust",
                        "fear",
                        "nervousness"
                  ],
                  "excerpt": "Elle se trouve dans les bois taillis , les haies , • les jardins abandonnés et les décombres , où le vulgaire la cueille sous les noms de Grande Morelle , Guigne des dames , Permenton : à voir l ' échantillon que je viens de rapporter , vous reconnaissez que la tige est cylindrique , un peu velue et d ' un vert rougeâtre ; les 278 • ' FLORE MÉDICALE .feuilles pétioléessont aiguës , entières , pubescentes le long des nervures ; touchez - les , vous les trouverez : molles , et leur couleur d ' un vert sombre vous prédispose mal en faveur de cette plante à odeur vireuse , à saveur nauséeuse ; ce sentiment de répulFig .répulFig .",
                  "id": "11",
                  "title": "Les Plantes médicinales et usuelles de nos champs, jardins, forêts ; description et usages des plantes, comestibles, suspectes, vénéneuses... par H. Rodin,..."
            },
            {
                  "doc_url": "https://gallica.bnf.fr/ark:/12148/bpt6k9605694z",
                  "emotions": [
                        "disgust"
                  ],
                  "excerpt": "1165 .Le Propolis est une matière résine us » odorante , très - tenace , que l ' on présume être prise par les abeilles pur les Chicoracées t plus particulièrement sur les Dents de lion les Chondrilles , etc ., pour fixer les gâteaux la partie supérieure de la ruche et en bouche les ouvertures inutiles .",
                  "id": "12",
                  "title": "Le petit agriculteur, ou Traité élémentaire d'agriculture / par N.-C. Seringe,..."
            },
            {
                  "doc_url": "https://gallica.bnf.fr/ark:/12148/bpt6k55314422",
                  "emotions": [
                        "disgust",
                        "disapproval"
                  ],
                  "excerpt": "— Bravo ! s ' écria Laffitte - Vigordanne .Putrilage , désobstruante , odeur nauséeuse ..",
                  "id": "13",
                  "title": "La Comédie académique. 3e édition / Champfleury"
            },
            {
                  "doc_url": "https://gallica.bnf.fr/ark:/12148/bpt6k64818666",
                  "emotions": [
                        "disgust"
                  ],
                  "excerpt": ") Mégisaiers .Mauvaise odeur .— ( 15 octobre 1810 , 14 janvier 1815 .",
                  "id": "14",
                  "title": "Hygiène publique / travaux... résumés par Évariste Thévenin,... ; Conseil de salubrité de la Seine"
            },
            {
                  "doc_url": "https://gallica.bnf.fr/ark:/12148/bpt6k62273310",
                  "emotions": [
                        "disgust"
                  ],
                  "excerpt": "Dorca , libraire , éditeur du Diario Constitucional .Cette maison resta plusieurs jours fermée ; il s ' en exhalait une odeur insupportable .Les voisins prévinrent l ' autorité , et M .",
                  "id": "15",
                  "title": "Relation historique des malheurs de la Catalogne, ou Mémoires de ce qui s'est passé à Barcelone en 1821, pendant que la fièvre jaune y a exercé ses ravages ,... par D.-M.-J. Henry,..."
            },
            {
                  "doc_url": "https://gallica.bnf.fr/ark:/12148/bpt6k90373v",
                  "emotions": [
                        "disgust",
                        "anger"
                  ],
                  "excerpt": "IsoCYANATEf ) ' 0 ) tTHM - OL ~ E ( ! ) C ! P – C \" H < – N = = C = = 0 ( 2 ) On ra obtenu au moyen du to ~ turethane et de l ' anhydride phosphorique ou encore par l ' action du cyanate de potassium et de ht poudre de caivre sur ! e chlorure de diazototuêne .Liquide à odeur forte , bouillant & i ~ G \" .L ' Moc ~ < tH < t ~ < < e paratolyle bout il ! 87 < DÊRÏVËS CYCLIQUES DE LA SULFOCARBIMIDE Corps répondant la formute S = C = X R , dans ! aquette R représente ou contient un reste cyctique .",
                  "id": "16",
                  "title": "Traité de chimie organique d'après les théories modernes. Tome 2 / par Auguste Béhal,... et Amand Valeur,... ; précédé d'une préface de Charles Friedel"
            },
            {
                  "doc_url": "https://gallica.bnf.fr/ark:/12148/bpt6k58326525",
                  "emotions": [
                        "disgust"
                  ],
                  "excerpt": "Quand , au contraire , elle est effrayée , son cri devient un sifflement si aigu et si perçant , qu ' il est impossible à l ' oreille de le supporter .D ' une propreté recherchée , elle se met à l ' écart , comme les chats , pour faire ses ordures ; mais , ainsi que le rat , elle exhale une odeur qui la rend très - désagréable pour certaines personnes .Ce qu ' il y a de plus étonnant dans la marmotte soumise à la domesticité , c ' est qu ' elle ne s ' engourdit pas l ' hiver , et qu ' elle est tout aussi éveillée au mois de janvier qu ' en été , pourvu qu ' elle habite les appartements .",
                  "id": "17",
                  "title": "Le Panthéon populaire illustré. 3e série, livraisons 41-59, Le jardin des plantes : description et moeurs des mammifères de la ménagerie et du Muséum d'histoire naturelle / par M. Boitard ; précédé d'une introduction historique, descriptive et pittoresque par M. J. Janin"
            },
            {
                  "doc_url": "https://gallica.bnf.fr/ark:/12148/bpt6k938780p",
                  "emotions": [
                        "disgust",
                        "disapproval"
                  ],
                  "excerpt": "On doit choisir les dattes nouvelles ; par la vétusté elles se rident , se dessèchent , perdent leurs qualités et se piquent .On doit rejeter ces dernières ainsi que celles qui ont acquis une saveur âpre , rance ou mordante , ou qui font , comme on dit , la sonnette , c ’ est - à - dire qui sont creuses , dont la peau n ’ est que gonflée , et qui sont privées intérieurement de parties charnues .Les vins blancs sont préférables aux vins rouges pour la distillation , parce qu ’ ils donnent généralement de meilleure eau - de - vie que ces derniers .",
                  "id": "18",
                  "title": "Manuel du négociant pour la connaissance des marchandises, ou Traité précis des diverses productions du globe répandues dans le commerce... suivi d'un vocabulaire raisonné de termes employés dans le commerce et des tares et usages pour les marchandises sur la place du Havre, par Éd. Duboc"
            },
            {
                  "doc_url": "https://gallica.bnf.fr/ark:/12148/bpt6k66234h",
                  "emotions": [
                        "disgust",
                        "anger",
                        "annoyance",
                        "disapproval",
                        "nervousness",
                        "embarrassment"
                  ],
                  "excerpt": "Avec sa taille dite popotame Non c ' est roulant et l ' mieux , c ' est qu ' elle se trouve bien , vous savez Elle se tourne , s ' arretourne devant la glace , en pantalon « J ' suis bien faite , hein , Mêlante ? » qu ' elle dit Moi , j ' m ' étrangle pour ne pas y rire au nez .Pensez que ses estomacs dégoulinent que ça en est dégoûtant M \" \" PORTE .On voit que vous avez tout ce qu ' il y a d ' choisi , vous , Mélanie vous avez F droit d ' causer deux boulets dans vot ' chemise , de quoi éborgner F monde 1 Bon sang 1 si défunt Porte vous avait connue , j ' aurais eu qu ' a divorcer , pour sûr .",
                  "id": "19",
                  "title": "Fiacres (2e édition) / J. Marni"
            },
            {
                  "doc_url": "https://gallica.bnf.fr/ark:/12148/bpt6k9603437m",
                  "emotions": [
                        "disgust",
                        "curiosity"
                  ],
                  "excerpt": "Il est convaincu de cette vérité ; mais Amyntas est entouré d ' auxiliaires qui ne croient pas ce qu ' ils disent , et disent encore moins ce qu ' ils pensent .L ' intrigue est tout à leurs yeux ; l ' air de leurs bureaux est méphitique , em - pesté , corrompu ; ce qui en sort conserve l ' odeur originelle .Il semble qu ' on y ait rassemblé tous les miasmes délétères , et qu ' on en ait éloigné les honnêtes gens , qui en sont les désinfecteurs .",
                  "id": "20",
                  "title": "Histoire générale des proverbes, adages, sentences, apophthegmes, dérivés des moeurs, des usages, de l'esprit et de la morale des peuples anciens et modernes.... Tome 3 / par M. C. de Méry,..."
            }
      ]
}