{
      "articles": [
            {
                  "doc_url": "https://gallica.bnf.fr/ark:/12148/bpt6k992393q",
                  "emotions": [
                        "disgust",
                        "disapproval"
                  ],
                  "excerpt": "( R .amer ) Espèce de saveur piquante et désagréable comme celle du fiel et de l ’ absinthe .L ' — d ’ un fruit , jj U — des remords .",
                  "id": "1",
                  "title": "Dictionnaire de la langue française, à l'usage des écoles chrétiennes / par F. P. B. (M. Bransiet)"
            },
            {
                  "doc_url": "https://gallica.bnf.fr/ark:/12148/bpt6k64232433",
                  "emotions": [
                        "disgust"
                  ],
                  "excerpt": "f .Mauvaise odeur respirée tout à coup , — dans l ' argot du peuple .PRISON DE SAINT - CRÉPIN , ( Être dans la ) .",
                  "id": "2",
                  "title": "Dictionnaire de la langue verte : argots parisiens comparés / Alfred Delvau"
            },
            {
                  "doc_url": "https://gallica.bnf.fr/ark:/12148/bpt6k64818666",
                  "emotions": [
                        "disgust",
                        "annoyance"
                  ],
                  "excerpt": ") S Salaison ( Ateliers pour la ) et le saurage du poisson .Odeur très désagréable .— ( 9 février 1825 .",
                  "id": "3",
                  "title": "Hygiène publique / travaux... résumés par Évariste Thévenin,... ; Conseil de salubrité de la Seine"
            },
            {
                  "doc_url": "https://gallica.bnf.fr/ark:/12148/bpt6k5516086v",
                  "emotions": [
                        "disgust"
                  ],
                  "excerpt": "Il contient trois cents lits , tous de fer , avec des draps et des couvertures de coton blanc , aussi propres que ceux d ' un quaker à Norwieh .Je ne pus trouver nulle part la plus légère odeur malsaine ou désagréable .Les salles sont très grandes et ont au moins trente pieds de haut .",
                  "id": "4",
                  "title": "Les voyageurs en France, depuis la Renaissance jusqu'à la Révolution / par Albert Babeau"
            },
            {
                  "doc_url": "https://gallica.bnf.fr/ark:/12148/bpt6k64818666",
                  "emotions": [
                        "disgust",
                        "annoyance"
                  ],
                  "excerpt": ") Tourbe ( Carbonisation de la ) à vases clos .Odeur désagréable .- ( 14 janvier 1815 .",
                  "id": "5",
                  "title": "Hygiène publique / travaux... résumés par Évariste Thévenin,... ; Conseil de salubrité de la Seine"
            },
            {
                  "doc_url": "https://gallica.bnf.fr/ark:/12148/bpt6k57466971",
                  "emotions": [
                        "disgust"
                  ],
                  "excerpt": "f .Violette odorante .V .",
                  "id": "6",
                  "title": "Dictionnaire des idiomes romans du midi de la France : comprenant les dialectes du Haut et du Bas-Languedoc, de la Provence, de la Gascogne, du Béarn, du Querci, du Rouergue, du Limousin, du Bas-Limousin, du Dauphiné, etc.. Tome 2 / par Gabriel Azaïs"
            },
            {
                  "doc_url": "https://gallica.bnf.fr/ark:/12148/bpt6k1057788g",
                  "emotions": [
                        "disgust"
                  ],
                  "excerpt": "Si donc on presse cette graine modérément , on obtient une huile délicieuse : mais si la pression atteint le germe de manière à en exprimer le suc , l ' huile qu ' on en tire n ' est plus qu ' un médicament dont on ne peut faire usage qu ' avec toutes les précautions usitées pour les substances vénéneuses Et remarquez , mesdames , que nous disons médicament pour ne pas avoir l ' air , nous profane , de nous jeter un peu trop à corps perdu dans l ' opposition à l ' endroit de Messieurs de la Faculté , gens fort peu plaisants de leur nature ; toutefois nous ne sommes pas de ceux qui pensent que la parole a été donnée à l ' homme pour déguiser sa pensée , et nous pensons qu ' il est toujours sage de se défier de ces gens dont les lèvres sont enduites de miel et qui n ' ont que du fiel dans le coeur .Les cucurbitacées forment la deuxième famille , qui comprend les pastèques , potirons , concombres et melons famille bien innocente , n ' est - ce pas ? les melons surtout ; chair fade trop souvent , il est vrai , aqueuse , débilitante , d ' une odeur nauséabonde ; mais au demeurant , d ' une parfaite innocuité .Telle est l ' opinion que nous formulions , il y a quelque temps , dans une réunion de naturalistes où l ' on avait admis quelques profanes .",
                  "id": "7",
                  "title": "Les fleurs animées. [Suivi de Botanique des dames et Horticulture des dames. Partie 2 / par J.-J. Grandville ; introd. par Alph. Karr ; texte par Taxile Delordpar Alph. Karr]"
            },
            {
                  "doc_url": "https://gallica.bnf.fr/ark:/12148/bpt6k91877v",
                  "emotions": [
                        "disgust",
                        "relief"
                  ],
                  "excerpt": "température de 6odcgfes on laisse iniuser pendant trois ou quatre jours ; on coule cette infusion et on y fait fondre le t : Ut re au bainmarie on mé ! e ce syrop , Iciisqu ' illest rë & o ! d ! , avec reau ~ ie - wM on laisse ! e mélange se ctanËer parï < t repos , et on te décante .Cette liqueur est légèrement néMenM & raison d ' unpeuderestnede tolu , tenue en suspension par l ' intermède de l ' acide benzoïque elle est d ~ une odeur et dune saveur très agréaMes ; on peut la coneerver comme stomachique et balsamique .fE ~ A ~ M ~ ( ! iqucur ) ou r < i ~ a ~ a ! de benjoin .",
                  "id": "8",
                  "title": "Cours élémentaire théorique et pratique de pharmacie chimique ou Manuel du pharmacien-chimiste. Tome 2 / , par Simon Morelot,..."
            },
            {
                  "doc_url": "https://gallica.bnf.fr/ark:/12148/bpt6k55126235",
                  "emotions": [
                        "disgust"
                  ],
                  "excerpt": "Il est si gourmand , qu ' il entre en , fureur contre quiconque veut toucher à ses provisions .J ' ai possédé plusieurs de ces animaux , mais ils m ' importunaient par leurs caresses trop répétées , comme ils me dégoûtaient par leur mauvaise odeur .206 VOYAGE Le W ^ éjack et le Skutik .",
                  "id": "9",
                  "title": "Voyage de Samuel Hearne du fort du Prince de Galles, dans la baie de Hudson, à l'océan Nord... dans les années 1769, 1770, 1771 et 1772. Tome 2 / ... traduit de l'anglais..."
            },
            {
                  "doc_url": "https://gallica.bnf.fr/ark:/12148/bpt6k30679401",
                  "emotions": [
                        "surprise",
                        "disgust",
                        "fear",
                        "disapproval",
                        "disappointment"
                  ],
                  "excerpt": "Elle avoit la voix rauque , foible , & : fembloit parler du nez qui étoit embarrafle ; d ’ où l ’ on pouvoit préfumer la phlogofe èc l ’ engorgement de la membrane de Schneider .J ’ ai ouvert fa bouche : fon haleine étoit horriblement fétide , fa langue bi - Reniedes .On lui avoit donné jufqu ’ à préfent du petit cidre & de bon bouillon .",
                  "id": "10",
                  "title": "Observations sur les maladies épidémiques , ouvrage rédigé d'après le tableau des épidémiques d'Hippocrate, et dans lequel on indique la meilleure méthode d'observer ce genre de maladies... Par M. Lépecq de la Cloture,..."
            },
            {
                  "doc_url": "https://gallica.bnf.fr/ark:/12148/bpt6k64818666",
                  "emotions": [
                        "disgust",
                        "annoyance"
                  ],
                  "excerpt": ") Sulfate de fer et de zinc ( Fabrication du ) , lorsqu ' on forme ce sel de toutes pièces avec l ' acide sulfurique et les substances métalliques .Un peu d ' odeur désagréable .— ( 14 janvier 1815 .",
                  "id": "11",
                  "title": "Hygiène publique / travaux... résumés par Évariste Thévenin,... ; Conseil de salubrité de la Seine"
            },
            {
                  "doc_url": "https://gallica.bnf.fr/ark:/12148/bpt6k57466971",
                  "emotions": [
                        "disgust"
                  ],
                  "excerpt": "JAUSSEMI - D ' ASE , s .m Clématite odorante , odorante , fianvmula , pi .de la fam .",
                  "id": "12",
                  "title": "Dictionnaire des idiomes romans du midi de la France : comprenant les dialectes du Haut et du Bas-Languedoc, de la Provence, de la Gascogne, du Béarn, du Querci, du Rouergue, du Limousin, du Bas-Limousin, du Dauphiné, etc.. Tome 2 / par Gabriel Azaïs"
            },
            {
                  "doc_url": "https://gallica.bnf.fr/ark:/12148/bpt6k6149204p",
                  "emotions": [
                        "disgust"
                  ],
                  "excerpt": "7 .odeur oléracée ( 0 .oleraceus ) , on peut la confondre avec l ' odeur herbacée quand la plante est verte , mais lorsqu ' elle est soumise à la cuisson elle donne cette espèce d ' odeur distinguée par M .",
                  "id": "13",
                  "title": "Traité général de botanique, par A.-N. Desvaux,..."
            },
            {
                  "doc_url": "https://gallica.bnf.fr/ark:/12148/bpt6k5535124b",
                  "emotions": [
                        "disgust"
                  ],
                  "excerpt": "Très solublo dans l ' eau , il en est séparé par la potasse ou la soude caustiques .Son odeur esl spéciale , désagréable , rappelant le tabac , sa saveur est Acre , brûlante .Base forte , la nlcolinc précipite les oxydes métalliques .",
                  "id": "14",
                  "title": "Précis d'analyse chimique qualitative / par E. Barral,..."
            },
            {
                  "doc_url": "https://gallica.bnf.fr/ark:/12148/bpt6k6541103d",
                  "emotions": [
                        "disgust"
                  ],
                  "excerpt": "On n ' aurait eu qu ' à lui donner une chiquenaude sur les reins pour l ' envoyer faire une culbute dans la boisson .Même ça lui semblait très - bon , l ' anisette , peut - être un peu trop doux , un peu écoeurant .Et elle suçait son verre , en écoutant Bec - Salé , dit Bois - sans - Soif , raconter sa liaison avec la grosse Eulalie , celle qui vendait du poisson dans la rue , une femme rudement maligne , une particulière qui le flairait chez les marchands de vin , tout en poussant sa voiture , le long des trottoirs ; les camarades avaient beau l ' avertir et le cacher , elle le pinçait souvent , elle lui avait même , la veille , envoyé une limande par la figure , pour lui apprendre à manquer l ' atelier .",
                  "id": "15",
                  "title": "L'assommoir. Edition 3 / par Émile Zola"
            },
            {
                  "doc_url": "https://gallica.bnf.fr/ark:/12148/bd6t5374996j",
                  "emotions": [
                        "disgust"
                  ],
                  "excerpt": "La situation s ’ étant aggravée , on me fit venir en consultation .Je vis le malade le sixième jour ; je me borne à signaler les circons tances qui , dans l ’ espèce , sont importantes à rappeler , A trois centimètres au - dessus de la fourchette sternale existait une ouverture assez étroite , laissant suinter un liquide purulent grisâtre , d ’ une odeur repoussante .Un stylet pénétrait facilement dans une cavité énorme remontant jusque près de l ' angle de la mâchoire du côté gauche .",
                  "id": "16",
                  "title": "Clinique chirurgicale de l'Hôtel-Dieu de Lyon / par A.-D. Valette,..."
            },
            {
                  "doc_url": "https://gallica.bnf.fr/ark:/12148/bpt6k938780p",
                  "emotions": [
                        "disgust"
                  ],
                  "excerpt": "Cèdre Acajou .Cédrel odorant .Cuba Cedar wood .",
                  "id": "17",
                  "title": "Manuel du négociant pour la connaissance des marchandises, ou Traité précis des diverses productions du globe répandues dans le commerce... suivi d'un vocabulaire raisonné de termes employés dans le commerce et des tares et usages pour les marchandises sur la place du Havre, par Éd. Duboc"
            },
            {
                  "doc_url": "https://gallica.bnf.fr/ark:/12148/bpt6k55868216",
                  "emotions": [
                        "disgust"
                  ],
                  "excerpt": "Il faut éviter de laisser séjourner les aliments dans des vases do fer ou de fonte .: ils y conlraclent assez vile un goût très désagréable ; on vide ces vases et on les nettoie avec du sable fin ou des cendres mouillées .Pour plaindre lo mal d ' autrui , il faut soi - même avoir souffert ; pour aller au secours de ceux qui soutirent et ne pas se contenter d ' en avoir pitié , il faut do plus avoir un grand coeur .",
                  "id": "18",
                  "title": "La Jeune française, 200 lectures alternées pour les jeunes filles... par Alcide Lemoine,... Juliette Marie,..."
            },
            {
                  "doc_url": "https://gallica.bnf.fr/ark:/12148/bpt6k57466971",
                  "emotions": [
                        "disgust",
                        "anger",
                        "envy"
                  ],
                  "excerpt": "n .Empester , ' ' empoisonner par la mauvaise odeur ; pu qu ' envarairo , il pue qu ' il empeste .' — SYN .",
                  "id": "19",
                  "title": "Dictionnaire des idiomes romans du midi de la France : comprenant les dialectes du Haut et du Bas-Languedoc, de la Provence, de la Gascogne, du Béarn, du Querci, du Rouergue, du Limousin, du Bas-Limousin, du Dauphiné, etc.. Tome 2 / par Gabriel Azaïs"
            },
            {
                  "doc_url": "https://gallica.bnf.fr/ark:/12148/bpt6k9759980t",
                  "emotions": [
                        "disgust"
                  ],
                  "excerpt": "Cette eau sort de sa source en bouillonnant , & produit en sortant beaucoup .de bulles d ' air , elle a une odeur particulière qu ' il n ' cst pas aisé de définir : son goût est acidule & piquant , & quand on en boit un grand verre elle revient au nez t picotte & fait pleurer précisément comme fait la bierre nouvelle ; mais ce goût vineux est bientôt effacé par un autre extrêmement désagréable .Au reste l ' eau de cette fontaine est très - limpide , & sa chaleur , quand on l ' examine au mois d ' Août , est à peu près semblable à celle de l ' atmosphere , ravoir de dix - neuf ou vingt degrés au - dessus du terme de la coagulation .",
                  "id": "20",
                  "title": "Dictionnaire minéralogique et hydraulogique.... Tome 1"
            }
      ]
}