{
      "articles": [
            {
                  "doc_url": "https://gallica.bnf.fr/ark:/12148/bpt6k772835",
                  "emotions": [
                        "disgust",
                        "disapproval",
                        "doubt"
                  ],
                  "excerpt": "La reaction est faiblement acide , quelquefois neutre ou atcatine .Deux fois j ' ai constaté dans t ' urine une odeur de putréfaction tout Ii fait comparuble & cette que répandaient tes tiquidpt .gastriques venus ou retirés avec ta sonde .",
                  "id": "1",
                  "title": "Traité des maladies de l'estomac / par L. Bouveret,..."
            },
            {
                  "doc_url": "https://gallica.bnf.fr/ark:/12148/bpt6k772835",
                  "emotions": [
                        "disgust",
                        "pain"
                  ],
                  "excerpt": "Cependant cette cicatrisation est possible .Des hyppr < iecr < ~ euM , malades depuis de longues anneps < onteujadts de fortes hemorrhcgies , et , depuigi ils ont entierementccssô de vomir du sang .JI n ' est pas très rare de sentir sur Ja paroi antérieure de l ' estomac , le ptus souvent au niveaudu py ! ocetdesindMrations disses , parfois accompagnées de péritonite chronique localisée .",
                  "id": "2",
                  "title": "Traité des maladies de l'estomac / par L. Bouveret,..."
            },
            {
                  "doc_url": "https://gallica.bnf.fr/ark:/12148/bpt6k923276f",
                  "emotions": [
                        "disgust",
                        "disapproval"
                  ],
                  "excerpt": ")| Par exagér .Avoir en extrême aversion : Femme qui exècre l ’ odeur du tabac .— S ’ exécrer , v .",
                  "id": "3",
                  "title": "Larousse du XXe siècle en six volumes. Tome 3 / publié sous la direction de Paul Augé"
            },
            {
                  "doc_url": "https://gallica.bnf.fr/ark:/12148/bpt6k923276f",
                  "emotions": [
                        "disgust"
                  ],
                  "excerpt": "Au moment de sa préparation , il est de couleur brun foncé ; mais il devient gris verdâtre avec le temps .Son odeur est celle de l ’ hydrogène sulfuré .Il est très vénéneux .",
                  "id": "4",
                  "title": "Larousse du XXe siècle en six volumes. Tome 3 / publié sous la direction de Paul Augé"
            },
            {
                  "doc_url": "https://gallica.bnf.fr/ark:/12148/bpt6k923276f",
                  "emotions": [
                        "disgust",
                        "disapproval"
                  ],
                  "excerpt": "— Anton .Fétide , malodorant , infect , puant , méphitique .FRAGUIER ( abbé Claude - François ) , érudit français , né et mort à Paris ( 1666 - 1728 ) .",
                  "id": "5",
                  "title": "Larousse du XXe siècle en six volumes. Tome 3 / publié sous la direction de Paul Augé"
            },
            {
                  "doc_url": "https://gallica.bnf.fr/ark:/12148/bpt6k923276f",
                  "emotions": [
                        "disgust"
                  ],
                  "excerpt": "Sorte de cassolette suspendue par des chaînes , dans laquelle on brûle de le * cens , et qu ’ on agite devant les objets ou les personn que l ’ on veut encenser : Balancer [ ' encensoir .Le vieux livre sentait une odeur d ’ encensoir .V .",
                  "id": "6",
                  "title": "Larousse du XXe siècle en six volumes. Tome 3 / publié sous la direction de Paul Augé"
            },
            {
                  "doc_url": "https://gallica.bnf.fr/ark:/12148/bpt6k97822765",
                  "emotions": [
                        "disgust"
                  ],
                  "excerpt": "de l ' entretenir toû - toujours d ' eau fraîche de senteur , avant que ce • que vous y mettez soit consumé .l ' our faire une balle odoriférante .VOus prendrez deux dragmes de benjoin , du storax rrés pur , ladanum , de chacun une dragme , écorce de cedres , des limons d ' oranges le jaune seulement , fleurs de violettes , de roses odoriférantes , de Romarin , santal rouge , calamus aromaticus de chacun une dragme & demie : cloux de girofle , cubebes , iridos de Florence , de chacun deux scrupules : réduisez tout cela en poudre , & faites pâte de la gomme tragaganre trempée dans de l ' eau de fleurs d ' orange ou de roses ; cependant chaufsez un peu un mortier , exposant le devant au feu : versez - y une cueillerée ou deux d ' eau de fleurs d ' oranges ou de roses , & sur cela mettez un scrupule de civette , une dragme & demie d ' ambre gris , & broyez bien le tout ensemble avec un pilon un peu chauffé .",
                  "id": "7",
                  "title": "Nouveaux secrets expérimentéz, pour conserver la beauté des dames, et pour guérir plusieurs sortes de maladies. Tome 1 / . Tirez des Mémoires de M. le chevalier Digby,... Avec son discours touchant la guérison des plaies par la poudre sympathique... 6e édition, revûe, corrigée & augmentée d'un volume"
            },
            {
                  "doc_url": "https://gallica.bnf.fr/ark:/12148/bpt6k97822765",
                  "emotions": [
                        "disgust"
                  ],
                  "excerpt": "ibid .Pour faire une Balle odoriférantâ » 161 Parfum de Tabac .Autre .",
                  "id": "8",
                  "title": "Nouveaux secrets expérimentéz, pour conserver la beauté des dames, et pour guérir plusieurs sortes de maladies. Tome 1 / . Tirez des Mémoires de M. le chevalier Digby,... Avec son discours touchant la guérison des plaies par la poudre sympathique... 6e édition, revûe, corrigée & augmentée d'un volume"
            },
            {
                  "doc_url": "https://gallica.bnf.fr/ark:/12148/bpt6k6381056t",
                  "emotions": [
                        "disgust"
                  ],
                  "excerpt": "O ! notre bon roi , le dirons - je .? Ça fait hideur , quand l ' on y songe ! Harangue des Habi - tans de Sarcelles au Roi ; juin 1733 ; dans Pièces et Anecdotes , II * partie , p .428 .",
                  "id": "9",
                  "title": "De quelques parisianismes populaires et autres locutions non encore ou plus ou moins imparfaitement expliquées des XVIIe, XVIIIe et XIXe siècles / par Charles Nisard"
            },
            {
                  "doc_url": "https://gallica.bnf.fr/ark:/12148/bpt6k6266954v",
                  "emotions": [
                        "disgust"
                  ],
                  "excerpt": "Vivez longtemps , mon ancien ami , et conservez - moi des sentiments qui me consolent de l ' absence .Notre odoriférant marquis a fait un effort qui a dû lui coûter des convulsions ; il m ' a payé mille écus , par les mains de son receveur des finances .Il faudra que je présente quelquefois des requêtes à son conseil .",
                  "id": "10",
                  "title": "Lettres choisies de Voltaire / précédées d'une notice et accompagnées de notes explicatives sur les faits et les personnages du temps, par Louis Moland ; ornées d'une galerie de portraits historiques gravés par les meilleurs artistes d'après les dessins de Philippoteaux et de Staal"
            },
            {
                  "doc_url": "https://gallica.bnf.fr/ark:/12148/bpt6k65052368",
                  "emotions": [
                        "disgust",
                        "annoyance",
                        "disapproval",
                        "envy"
                  ],
                  "excerpt": "Bournisien , qui passait sous les halles avec les saintes huiles .Homais , comme il le devait à ses principes , compara les prêtres à des corbeaux qu ' attire l ' odeur des morts ; la vue d ' un ecclésiastique lui était personnellement désagréable , car la soutane le faisait rêver au linceul , et il exécrait l ' une un peu par épouvante de l ' autre .Néanmoins , ne reculant pas devant ce qu ' il appelait sa mission , il retourna chez Bovary en compagnie de Canivet , que M .",
                  "id": "11",
                  "title": "Madame Bovary : moeurs de province. Tome 2 / oeuvres de Gustave Flaubert"
            },
            {
                  "doc_url": "https://gallica.bnf.fr/ark:/12148/bpt6k5621015r",
                  "emotions": [
                        "disgust",
                        "pain"
                  ],
                  "excerpt": "Chaque fois , elle ajoutait à l ' eau une grande cuillerée de bicarbonate de soude .Sous l ' influence de ces imprudentes pratiques , l ' estomac se révolta , les vomissements reparurent plus abondants et plus fréquents ; des coliques atroces se firent sentir , avec hyperesthésie exagérée de tout l ' abdomen - , une diarrhée intense se déclara , accompagnée de fièvre ; et lorsque nous fûmes appelé auprès de la malade , elle était dans un véritable état cholériforme .Il fallut six semaines de traitement sérieux pour 3t 482 DE LA DYSPEPSIE arriver à calmer ces divers symptômes qui nous avaient tant alarmé au début ; mais la dilatation persistait et l ' appétit ne reparaissait pas .",
                  "id": "12",
                  "title": "Dyspepsie et dyspeptiques, étude pratique sur les maladies de l'estomac et des organes digestifs dans leurs rapports avec la dyspepsie, traitement alimentaire, médication proprement dite, par le Dr J. Seure"
            },
            {
                  "doc_url": "https://gallica.bnf.fr/ark:/12148/bpt6k9936559",
                  "emotions": [
                        "disgust"
                  ],
                  "excerpt": "A droite , le piège complètement équipé .de l ’ odeur des cadavres des bêtes prises , ils Mettent en défiance les rongeurs les plus affalés et ne peuvent guère resservir .Le sérum de Pasteur a , d ’ autre part , l ’ incon - v énient d ’ empester toute une cave de l ’ odeur des rats , morts dans leur trou , et qu ’ il est difficile , sinon impossible de dénicher .",
                  "id": "13",
                  "title": "Almanach scientifique"
            },
            {
                  "doc_url": "https://gallica.bnf.fr/ark:/12148/bpt6k6382777q",
                  "emotions": [
                        "disgust",
                        "embarrassment"
                  ],
                  "excerpt": "Les disciples de Jésus et les parents de Lazare paraissent étonnés , sans doute , mais comme ils le seraient d ' un événement prévu .Les femmes ont caché , sous le linge qui leur couvre le visage jusqu ' au - dessous des yeux , le dégoût irrésistible de la puanteur qu ' exhale le cadavre .Les sœurs du trépassé se prosternent avec une indicible expression d ' amour aux pieds du Sauveur , et celui - ci , levant les deux doigts de sa main droite , sem ble commander à la mort et bénir la vie .",
                  "id": "14",
                  "title": "Histoire de la renaissance artistique en Italie. Tome 1 / par Charles Blanc,... ; revisée et publiée par Maurice Faucon,..."
            },
            {
                  "doc_url": "https://gallica.bnf.fr/ark:/12148/bpt6k10922978",
                  "emotions": [
                        "disgust",
                        "greed"
                  ],
                  "excerpt": "Suivant M .White , ceux qui ont les glandes du mésentère engorgées par le vice scrophuleux , aiment beaucoup à se curer le nez .Tout cela dénoté , dune manière incontestable , que certaines affections de cette partie dépendent moins des vers que des congestions d ’ humeurs et d ’ embarras formés dans le bas - ventre .",
                  "id": "15",
                  "title": "Mémoire qui a remporté le prix, au jugement de la Faculté de Médecine de Paris, Le 22 novembre 1787, Sur La Question Proposée en ces termes : « Décrire la maladie du Mésentère, propre aux enfants, que l'on nomme vulgairement Carreau ; l'envisager dans son principe ; rechercher les causes qui la produisent ; et exposer avec précision les moyens de la prévenir, et ceux de la guérir ». Par M. Baumes, Docteur en Médecine de la Faculté de Montpellier.... / Baumes"
            },
            {
                  "doc_url": "https://gallica.bnf.fr/ark:/12148/bpt6k8507471",
                  "emotions": [
                        "disgust",
                        "annoyance"
                  ],
                  "excerpt": "La suppression de l ’ Absinthe serait impossible dans notre pays , où l ’ Industrie aurait vite fait de trouver et de mettre en vente un produit pour la remplacer .VINS APERITIFS Vermouth de Turin , Vermouth Noilly , Byrrh Nous sommes loin de l ’ époque où les Italiens laissaient infuser l ’ Hvsope et le Myrte , le Calamus et l ’ Absinthe dans leurs vins blancs .De cette pratique remontant au xir siècle , est resté le Vermouth Turin ( ou Torino ) , encore assez consommé en France , bien que ce breuvage , doucereux et très parfumé , soit peu dans le goût général français .",
                  "id": "16",
                  "title": "Rapport spécial... sur la situation de l'industrie des liqueurs françaises en France et à l'étranger et les moyens de développer le commerce d'exportation / par E. Cointreau,... ; Exposition internationale de Liège, 1905, Section française, Groupe X, Classe 61, liqueurs. Rapport statistique / par M. A. Mandeix,..."
            },
            {
                  "doc_url": "https://gallica.bnf.fr/ark:/12148/bpt6k63203h",
                  "emotions": [
                        "disgust"
                  ],
                  "excerpt": "Il y avait à cela une bonne raison Tchoudessof , après l ' insulte publique qu ' il avait reçue , s ' était efforcé de trouver de bons témoins , c ' està - dire des témoins pacifiques sérieux un peu imposants , capables d ' arranger une affaire , ou du moins car cette fois il n ' y avait guère de place pour un arrangement assez habiles pour organiser un petit duel anodin .Par malheur , les gens raisonnables n ' étaient pas ses amis au club du pont de Police ; tout en lui , ses paroles , son attitude , ses gestes , exhalait un parfum de friponnerie qui mettait les gens en garde < ' < ~ r ~ ttii .Af b < Mt d ~ quetqups mitu ' d & B9 la grande salle du club , il ne restait plus autour de notre héros que quelques énergumènes .",
                  "id": "17",
                  "title": "Les Koumiassine. Tome 1 / par Henri Gréville"
            },
            {
                  "doc_url": "https://gallica.bnf.fr/ark:/12148/bpt6k65671455",
                  "emotions": [
                        "disgust"
                  ],
                  "excerpt": "J ' en aurais long à dire sur ce point , mais le terrain est glissant et je juge prudent de ne pas m ' y aventurer .II Plaute disait peu révérencieusement , et dans une horreur bien justifiée pour l ' abus des parfums : « Ecastor ! mulier bene olet quæ nihil olet .» Ce mot est plus particu - lièrement applicable à nos maisons .",
                  "id": "18",
                  "title": "La maison : étude d'hygiène et de bien-être domestiques / par J.-B. Fonssagrives,..."
            },
            {
                  "doc_url": "https://gallica.bnf.fr/ark:/12148/bpt6k65671455",
                  "emotions": [
                        "disgust"
                  ],
                  "excerpt": "On trouve encore dans les châteaux des spécimens de ces ruelles , qui n ' isolaient le lit de la chambre que d ' une manière relative , et dont les alcôves de nos appartements bourgeois ne sont qu ' une reproduction exiguë et malsaine .L ' exclamation de Ramazzini à propos des alcôves est celle d ' un hygiéniste scandalisé : « Les médecins , s ' écrie - t - il , qui mettent le pied chaque matin dans ces cellules , savent l ' odeur qui s ' en exhale .» Oui , certes , et les deux vers si connus du Lutrin résument bien le lit le plus antihygiénique : Dans le réduit obscur d ' une alcôve enfoncée S ' élève un lit de plume à grands frais amassée .",
                  "id": "19",
                  "title": "La maison : étude d'hygiène et de bien-être domestiques / par J.-B. Fonssagrives,..."
            },
            {
                  "doc_url": "https://gallica.bnf.fr/ark:/12148/bpt6k63930752",
                  "emotions": [
                        "disgust"
                  ],
                  "excerpt": "Stipe plein , atténué dans le bas , glabre , sub - strié , fibrilleux , blanc .Odeur de farine .Espèce indiquée comme comestible par quelques auteurs et qui ne se montre pas dans le Tarn - et - Garonne , dans les mêmes habitats constatés jusqu ' à ce jour pour l ' espèce précédente , avec laquelle elle a des affinités de ressemblance .",
                  "id": "20",
                  "title": "Flore mycologique du département de Tarn-et-Garonne : agaricinées... / par M. C. Roumeguère,..."
            }
      ]
}