{
      "articles": [
            {
                  "doc_url": "https://gallica.bnf.fr/ark:/12148/bpt6k57727561",
                  "emotions": [
                        "disgust"
                  ],
                  "excerpt": "L ' influence repoussante exercée sur l ' olfaction des habilanls des pays annexés par l ' odeur des Allemands a été continuée par Jeanne el Frédéric Regamey dans un article ' intitulé : / .M Fétidité allemande : 46 DOCTEUR EDGAR BÉRILLON Certes , nul Alsacien ne contredira le docteur Bérillon lorsqu ' il parle \" de l ' odeur , détestable et persistante qu ' exhale l ' Allemand .Qui donc , sur la terre annexée , n ' a respiré ces relents composites ? Qui ne s ' est bouché le nez au passage d ' un régiment dans la rue ou môme sur une roule bien aérée , en pleine campagne ? Qui n ' a souffert de l ' atmosphère empestée de certains bureaux de l ' administration où étaient réunis plusieurs employés teutons ? Les soldats alsaciens , obligés de servir dans l ' armée allemande , nous disaient qu ' ils avaient l ' habitude de donner régulièrement quelque argent à - leurs camarades germaniques , pour .",
                  "id": "1",
                  "title": "La psychologie de la race allemande d'après ses caractères objectifs et spécifiques : conférence faite à Paris, dimanche 4 février 1917 / M. le Dr Edgar Bérillon,... ; Association française pour l'avancement des sciences"
            },
            {
                  "doc_url": "https://gallica.bnf.fr/ark:/12148/bpt6k8248367w",
                  "emotions": [
                        "disgust"
                  ],
                  "excerpt": "La surdité et la myopie se reconnaissent immédiatement chez ceux quiensont affligés , mais dans quelles circonstances prouvera - t - on à son interlocuteur qu ' il a le nez mauvais ? Heureux encore quand cette infirmité est simple chez lui , et qu ' elle n ' entraîne pas cette sorte de daltonisme olfactif qui , de même que certains aspirants aux emplois dans les chemins de fer sont réformés parce qu ' ils confondent le rouge avec le vert , fait trouver les bonnes odeurs mauvaises , et vive versa .Ne rencontre - t - on pas souvent des personnes que le « foin coupé » offusque , et qui reniflent avec plaisir les puanteurs du camphre ou de la térébenthine ? Pour le commun , tout parfum est du musc , e * • le musc une mauvaise odeur .Ici encore on pourrait s ' inscrire en faux , car il y a musc et musc .",
                  "id": "2",
                  "title": "Le Messin : organe des intérêts lorrains [\"puis\" journal républicain démocrate \"puis\" quotidien régional d'information]"
            },
            {
                  "doc_url": "https://gallica.bnf.fr/ark:/12148/bpt6k58080435",
                  "emotions": [
                        "disgust"
                  ],
                  "excerpt": "Viola odorata , 116 , 547 .Violette odorante , 116 , 547 .Viola tricolor , 117 , 548 .",
                  "id": "3",
                  "title": "Traité d'homo-homoeopathie, médicaments réunis par séries et groupes physiologiques, par le Dr Conan (Mériadec)"
            },
            {
                  "doc_url": "https://gallica.bnf.fr/ark:/12148/bpt6k5651624m",
                  "emotions": [
                        "disgust",
                        "pain"
                  ],
                  "excerpt": "Mais ce qui frappe , c ' est que les extrémités sont refroidies , cyanosées au membre supérieur , jusqu ' au milieu de l ' avant - bras , au membre inférieur jusqu ' à mi - jambe .La langue est sèche et saburrale , le malade a une saveur amère , et son haleine est fétide .Pas de flatulence et de météorisme , la palpation du foie et de la rate ne déterminent pas de douleur , à la percussion ces organes paraissent de volume normal .",
                  "id": "4",
                  "title": "Séméiologie de l'insuffisance hépatique (revue générale)..."
            },
            {
                  "doc_url": "https://gallica.bnf.fr/ark:/12148/bpt6k5495988f",
                  "emotions": [
                        "disgust",
                        "frustration"
                  ],
                  "excerpt": "Malheureusement , on so heurtera contre trois .obstacles ! : d ' abord , contre la difficulté de se procurer du musc naturel , contre son prix élevé ensuite , et enfin on aura à vaincre la répulsion d ' un malade à ingurgiterune tisane fortement odorante qu ' il n ' avait jusqu ' ici utilisée que pour son mouchoir .Mais la science a vaincu bien d ' autres obstacles .",
                  "id": "5",
                  "title": "La Femme : journal bi-mensuel"
            },
            {
                  "doc_url": "https://gallica.bnf.fr/ark:/12148/bpt6k5829081q",
                  "emotions": [
                        "disgust"
                  ],
                  "excerpt": "^ Soldanelle des Alpes Avril .— Tulipe odorante .Mai .",
                  "id": "6",
                  "title": "Traité des plantes médicinales indigènes, précédé d'un Cours de botanique, par Antonin Bossu..."
            },
            {
                  "doc_url": "https://gallica.bnf.fr/ark:/12148/bpt6k57741325",
                  "emotions": [
                        "disgust"
                  ],
                  "excerpt": "L ' alcool et l ' éther le dissolvent très bien et l ' abandonnent , par l ' évaporation spontanée , en prismes droits à base rectangle ou en octaèdres cunéiformes .Sa saveur est franchement acide sans arrière - goût .Si on le soumet à la distillation sèche , il fond vers 200 \" , sans rien perdre de son poids , et ne tarde pas à entrer en ébullition .",
                  "id": "7",
                  "title": "Précis de chimie organique. Tome 2 / par M. Charles Gerhardt,..."
            },
            {
                  "doc_url": "https://gallica.bnf.fr/ark:/12148/bpt6k55079667",
                  "emotions": [
                        "disgust",
                        "doubt"
                  ],
                  "excerpt": ".l ' est - ij pas des autres Jens ? Si fait , en vérité , toute odeur \" qui sànne juste est agréable à l ' odorat , toute odeur qui sonne faux lé blesse etle gène .Sur quoi se base toute la théorie de l ' art plastique ? Sur la symétrie , qui n ' est autre chose que Jà combinaison de notes à rapports justes .",
                  "id": "8",
                  "title": "L'Écho d'Oran. Supplément littéraire illustré du dimanche"
            },
            {
                  "doc_url": "https://gallica.bnf.fr/ark:/12148/bpt6k889040d",
                  "emotions": [
                        "disgust"
                  ],
                  "excerpt": "En captivité elle peut rendre les mêmes services qu ’ un chat , mais avec l ’ âge elle reprend quelquefois ses mœurs carnassières .Le mâle exhale une très forte odeur .Sa chair est mauvaise .",
                  "id": "9",
                  "title": "Les animaux de la France : étude générale de toutes nos espèces considérées au point de vue utilitaire. Vertébrés. 1ère partie, Mammifères / par A. Bouvier,..."
            },
            {
                  "doc_url": "https://gallica.bnf.fr/ark:/12148/bpt6k9784114b",
                  "emotions": [
                        "disgust"
                  ],
                  "excerpt": "Les besoins des riches et leurs plaisirs sont le luxe et le repos de nombreux esclaves les servent , brûlent autour d ' eux des essences précieuses , et les portent ^ couchés dans de somptueux palanquins .Leurs femmes aiment , ' t relever leur beauté naturelle par l ' éclat d ' une profusion de perles et de pierres précieuses ; mais on ne saurait voir sans dégoût leurs dents noircies par l ' habitude qu ' elles partagent avec les hommes de mâcher du bétel , mélange de tabac et d ' herbes aromatiques .Ellcss considèrent comme une beauté cette couleur produite par un plaisir dont elles ne sauraient se priver , v Fi disait une Indienne à un voyageur européen , vous avez les dents blanches comme les chiens et les singes ! » Une religion qui enseigne la métempsycose , c ' est - à - dire le passage des âmes après la mort dans le corps des animaux , ne saurait permettre qu ' on détruisît ceux - ci ; ils sont , au contraire , l ' objet de soins tout particuliers .",
                  "id": "10",
                  "title": "Le monde en estampes : types et costumes des principaux peuples de l'univers / lithographiés par J. Bocquin, d'après les dessins de MM. Leloir et Fossey ; texte par Élizabeth Müller (L. Bédelet)"
            },
            {
                  "doc_url": "https://gallica.bnf.fr/ark:/12148/bpt6k9790006g",
                  "emotions": [
                        "disgust"
                  ],
                  "excerpt": "Le baume de Copahu , liquide - résineux extrait du copaïera officinalis , arbre de la famille des légumineuses , originaire des Antilles et du Brésil .Son odeur est forte et désagréable , sa saveur âcre et nauséabonde .On l ' emploie en médecine - dans les maladies des organes génitaux .",
                  "id": "11",
                  "title": "L'École normale : journal de l'enseignement pratique... / rédigé par une société d'instituteurs, de professeurs et d'hommes de lettres sous la direction de M. Pierre Larousse"
            },
            {
                  "doc_url": "https://gallica.bnf.fr/ark:/12148/bpt6k5829081q",
                  "emotions": [
                        "disgust",
                        "anger"
                  ],
                  "excerpt": "BUTA GRAVEOLENS ( Rue .odorante ) [ pi .il , 2 ) .",
                  "id": "12",
                  "title": "Traité des plantes médicinales indigènes, précédé d'un Cours de botanique, par Antonin Bossu..."
            },
            {
                  "doc_url": "https://gallica.bnf.fr/ark:/12148/bpt6k5773918b",
                  "emotions": [
                        "surprise",
                        "disgust",
                        "disapproval",
                        "doubt",
                        "embarrassment"
                  ],
                  "excerpt": "i47 visage , mais sans se montrer .Qui de nous pourrait , sans dégoût , voir tout votre visage enduit d ' un fard liquide qui , entraîné par son poids , coule en longs ruisseaux sur votre sein ? Que dirai - je de l ' odeur nauséabonde de l ' oesype , quoiqu ' on tire d ' Athènes ce suc huileux , extrait de l ' immonde toison des brebis ? Je vous blâmerais aussi d ' employer la moelle de cerf , ou de nettoyer vos dents en notre présence .Tout cela , je le sais , contribue à la beauté ; mais la vue n ' en est pas moins désagréable : que de choses nous choquent quand nous les voyons faire , et nous plaisent quand elles sont faites ! Ces statues , illustrées par le nom du laborieux Myron , ne furent jadis qu ' un bloc inutile , qu ' une masse informe .",
                  "id": "13",
                  "title": "Oeuvres complètes d'Ovide. Tome 3 / traduction nouvelle par MM. Th. Burette, N. Caresme, Chappuyzi, J.-P. Charpentier, Gros, Héguin de Guerle, Mangeart, Vernadé,..."
            },
            {
                  "doc_url": "https://gallica.bnf.fr/ark:/12148/bpt6k6470554c",
                  "emotions": [
                        "disgust",
                        "annoyance"
                  ],
                  "excerpt": "Les fumiers seront relégués sur un point éloigné des locaux d ' habitation et des cuisines .L ' odeur des fumiers est désagréable , de plus les mouches qui pullulent sur les fumiers vont se poser ensuite sur le pain ou sur les autres aliments et les souillent avec les germes de toute espèce qu ' elles transportent .Les fumiers seront enlevés fréquemment .",
                  "id": "14",
                  "title": "Traité d'hygiène militaire, par A. Laveran,..."
            },
            {
                  "doc_url": "https://gallica.bnf.fr/ark:/12148/bpt6k5039400",
                  "emotions": [
                        "disgust"
                  ],
                  "excerpt": "ooo francs .Tout proche sont des constructions en planches , oh l ' on prépare ces poissons salés , d ' odeur nauséabonde , que l ' on vend au Caire sous le nom de fisich .C ' est vraiment quelque chose de repoussant .",
                  "id": "15",
                  "title": "L'Égypte, souvenirs bibliques et chrétiens / par le R. P. M. Jullien,..."
            },
            {
                  "doc_url": "https://gallica.bnf.fr/ark:/12148/bpt6k5743526p",
                  "emotions": [
                        "disgust",
                        "fear",
                        "disapproval"
                  ],
                  "excerpt": "KJ N soir de mai , trouvant que vivre est un ennui , Sûr du spleen de demain par le spleen d ' aujourd ' hui , J ' allais , le front courbé , les yeux fixés en terre , Sur le calme trottoir d ' un faubourg solitaire , Sans voir s ' ouvrir au ciel les étoiles en fleur , Quand soudain un placard de sanglante couleur , Auquel un bec de gaz jetait son rayon triste , 40 LES PAROLES SINCÈRES Au passage m ' apprit qu ' un club socialiste Se tenait , le soir même , à vingt pas seulement ; Et j ' entrai là , conduit par mon désoeuvrement .Le dégoût m ' arrêta sur le seuil de la porte , Tant je fus suffoqué par l ' odeur fauve et forte .Dans la salle , un hangar au toit fumeux et bas , — Quelque bastringue abject de filles à soldats , Ayant encore au mur le tarif de la danse , — S ' entassait une pauvre et sordide assistance .",
                  "id": "16",
                  "title": "Les paroles sincères / François Coppée"
            },
            {
                  "doc_url": "https://gallica.bnf.fr/ark:/12148/bpt6k6542723j",
                  "emotions": [
                        "disgust"
                  ],
                  "excerpt": "Cesptomaïnes présentent les réactions générales des alcaloïdes .Les viandes dites fiévreuses , provenant d ' animaux atteints de maladies inflammatoires , dégagent une odeur aigre repoussante .Elles ont généralement un aspect marbré rouge brun , terne à la coupe , et elles prennent , au - contact de l ' air , une coloration d ' un rouge pâle ardent , acajou , saumon ou rouge brique ; les viandes blanches sont d ' un blanc terreux sale ; les tissus , muscles , graisse et suif sont injectés de sang noir et faciles à déchirer .",
                  "id": "17",
                  "title": "Traité pratique d'analyse des denrées alimentaires / par E. Gérard,... A. Bonn,..."
            },
            {
                  "doc_url": "https://gallica.bnf.fr/ark:/12148/bpt6k9766197p",
                  "emotions": [
                        "disgust",
                        "annoyance"
                  ],
                  "excerpt": ") .Plante répandant une odeur fétide de poisson pourri extrêmement désagréable .Tiges cendrées - poudreuses , ainsi que les autres parties de la plante , diffuses , rameuses - divariquées dès la base , étalées , à rameaux ascendants , longues de 2 - 5 décim .",
                  "id": "18",
                  "title": "Flore jurassienne ou Description des plantes vasculaires croissant naturellement dans les montagnes du Jura.... Tome 3 / par C.-M.-Philibert Babey,..."
            },
            {
                  "doc_url": "https://gallica.bnf.fr/ark:/12148/bpt6k14111373",
                  "emotions": [
                        "disgust"
                  ],
                  "excerpt": "Mais il importe davantage au point de vue de l ’ introduction elle - même .En effet , non seulement les substances antiseptiques ont une odeur désagréable , mais leur goût ne l ’ est pas moins ; et comme dans l ’ affection dont il s ’ agit le traitement doit être continué longtemps , il est de première nécessité de ne le pas faire prendre en dégoût au malade .D ’ autre part , il n ’ est pas moins indispensable ( h ; pouvoir alimenter le malade , et , par suite , de 11e pas charger son estomac de substances qui , nous l ’ avons déjà dit , sont très irritantes ; sans doute la muqueuse stomacale supporterait infiniment mieux leur contact que la muqueuse bronchique et que les parois des cavernes tuberculeuses ; mais comme le traitement doit être continué longtemps , il est très probable qu ’ à la longue cette muqueuse finirait par s ’ altérer .",
                  "id": "19",
                  "title": "Nouveau traitement des affections des voies respiratoires et des intoxications du sang par les injections rectales gazeuses, d'après la méthode du Dr L. Bergeon,... par le Dr V. Morel,..."
            },
            {
                  "doc_url": "https://gallica.bnf.fr/ark:/12148/bpt6k6565912x",
                  "emotions": [
                        "disgust",
                        "fear",
                        "pain"
                  ],
                  "excerpt": "29 .Il est très - commun dans le grand désert qui s ' étend du fleuve Ural jusqu ' à l ' Irtis ; il détruit les oiseaux ; il sent mauvais ; il aboie & hurle .Sa taille est plus petite que celle du renard commun , auquel d ' euileurs il ressemble .",
                  "id": "20",
                  "title": "Système de la nature, de Charles de Linné. Classe 1re du règne animal contenant les quadrupèdes vivipares et les cétacés. Traduction française par Mr. Vanderstegen de Putte,... d'après la 13e édition latine... corrigée par J. F. Gmelin"
            }
      ]
}