{
      "articles": [
            {
                  "doc_url": "https://gallica.bnf.fr/ark:/12148/bpt6k3040409s",
                  "emotions": [
                        "disgust"
                  ],
                  "excerpt": "Pied blanc , gros , aminci à la base d ’ abord plein , puis creux et alors fragile .Chair blanche , cassante , d ’ odeur désagréable et nauséeuse , saveur âcre .Ce champignon est assez fréquent en été - automne , dans les bois , les prés .",
                  "id": "1",
                  "title": "Nouvel atlas de poche des champignons comestibles et vénéneux les plus répandus : suivi de notions générales sur les champignons, leur classification, composition chimique, valeur alimentaire, préparation culinaire, culture, etc. : 64 planches coloriées représentant 66 espèces / avec texte par Paul Dumée,... ; peintures par A. Bessin"
            },
            {
                  "doc_url": "https://gallica.bnf.fr/ark:/12148/bpt6k3074300s",
                  "emotions": [
                        "disgust"
                  ],
                  "excerpt": "Son pelage n ’ est pas très - long , mais il est fort épais , de nature laineuse , plus ou moins frisé , et huileux au point de résister à l ' action de l ’ eau .Cette qualité huileuse du poil donne à ce chien une odeur rance assez forte , qui fait qu ’ on ne peut l ’ admettre dans l ’ intimité de l ' intérieur .Sa couleur est habituellement marron taché de blanc ou puce sans aucune trace de blanc ; ce dernier est considéré comme de plus pure race .",
                  "id": "2",
                  "title": "Le chien : description des races, croisements, élevage, dressage, maladies et leur traitement (2e édition avec 126 vignettes) / d'après Stonehenge, Youatt, Mayhew,... [et al.]"
            },
            {
                  "doc_url": "https://gallica.bnf.fr/ark:/12148/bpt6k6542855v",
                  "emotions": [
                        "disgust"
                  ],
                  "excerpt": "0 trs .- doucê 8c tres - foiiéue odeur de cette ublafcion 1 hé , qu ' à votre imitation chaque matin nous facions exhaler deuant Dieu le Thymiama de notre adoration , de notre oblation & de notrc - amonr 3 ou bien offrant & dédiant ànotre Seigneur toutes , Les actions , paroles & pensees de notre iournee .1 .",
                  "id": "3",
                  "title": "Les véritez et excellences de Jésus Christ N. S. communiquées à sa S. mère, et aux saints . Disposées par méditations. Sur les mystères et festes de la S. vierge & des saints. II. Tome de la IV partie. Qui commence à l'Assomption Notre-Dame. Par le père François Bourgoing,..."
            },
            {
                  "doc_url": "https://gallica.bnf.fr/ark:/12148/bpt6k9677690v",
                  "emotions": [
                        "disgust"
                  ],
                  "excerpt": "Les pustules faciales se dessèchent et forment des croûtes jaunes ou brunes , mélange de pus et d ' épiderme , qui tombent du onzième au quinzième jour de la maladie .Le malade exhale alors une odeur nauséabonde particulière .A la chute des croûtes succèdent des écailles ou lamelles furfuracées et enfin des enfoncements plus ' \" ou moins profonds .",
                  "id": "4",
                  "title": "Pathologie interne. Tome I / par MM. E. Bazin, Jodin et Beaugrand"
            },
            {
                  "doc_url": "https://gallica.bnf.fr/ark:/12148/bpt6k9601528c",
                  "emotions": [
                        "disgust"
                  ],
                  "excerpt": "Cette cause est des plus Ordinaires : elle provient de la mauvaise qua - * lité ou de la trop grande quantité de lait donné à l ' enfant , ou de la faiblesse des voies alimentaires .Alors le lait s ' aigrit dans l ' estomac , les selles sont verdâtres , et elles exhalent une odeur aigre .Il faut , au moment de l ' attaque ; donner un lavement émollient .",
                  "id": "5",
                  "title": "Projet de règlement concernant les décès , précédé de réflexions,: 1°. Sur l'abus des enterrements précipités ; 2°. Sur l'incertitude des signes de la mort ; 3°. Sur les moyens de rappeler à la vie dans les cas de mort apparente ; par J. B. Davis,..."
            },
            {
                  "doc_url": "https://gallica.bnf.fr/ark:/12148/bpt6k91799w",
                  "emotions": [
                        "disgust"
                  ],
                  "excerpt": "Ces cristaux glissent sous le doigt et donnent la sensation d ' un corps gras .' Le goût de cette substance est légèrement amer .Lorsqu ' on ladissout dans l ' alcool bouillant , elle émet à chaud l ' odeur d ' acétamide .",
                  "id": "6",
                  "title": "Sur les alcaloïdes dérivés de la destruction bactérienne ou physiologique des tissus animaux : ptomaïnes et leucomaïnes / par E. J. Armand Gautier,..."
            },
            {
                  "doc_url": "https://gallica.bnf.fr/ark:/12148/bpt6k5661261s",
                  "emotions": [
                        "disgust"
                  ],
                  "excerpt": "Son jet d ' urine est beaucoup diminué , il est tout au plus gros comme une plumé de pigeon .Il y a des jours où son urine exhale une odeur insupportable .C ' est surtout quand elle présente des fausses membranes .",
                  "id": "7",
                  "title": "Cystite pseudo-membraneuse / Dr Arthur Grousset"
            },
            {
                  "doc_url": "https://gallica.bnf.fr/ark:/12148/bpt6k54387013",
                  "emotions": [
                        "disgust"
                  ],
                  "excerpt": "— Notre plume n ' a jamais été à vendre 4 III .— Pétard nauséabond .— Les perplexités de Th .",
                  "id": "8",
                  "title": "Notre Procès. Une page de l'histoire de la presse dijonnaise, 1854 à 1870 / [Signé : Eugène Jobard]"
            },
            {
                  "doc_url": "https://gallica.bnf.fr/ark:/12148/bpt6k90525j",
                  "emotions": [
                        "disgust"
                  ],
                  "excerpt": "Propriétés .Ce compose est un gaz incolore , d ' une odeur forte et piquante qui excite le larmoiement .Sa densité est de 3 , 3go .",
                  "id": "9",
                  "title": "Abrégé élémentaire de chimie. Partie 1 / , considérée comme science accessoire à l'étude de la médecine, de la pharmacie et de l'histoire naturelle, par J.-L. Lassaigne,..."
            },
            {
                  "doc_url": "https://gallica.bnf.fr/ark:/12148/bpt6k3749620",
                  "emotions": [
                        "disgust"
                  ],
                  "excerpt": "J ' eus l ' occasion , cette nuit - là , de faire une exécution qui , peut - être portera des fruits .Il était absolument défendu aux soldats qui nous servaient d ' escorte de fumer l ' opium , pour l ' excellente raison que nous avions l ' horreur de ce vice abominable et que l ' odeur de l ' opium est particulièrement nauséabonde .Cependant en faisant une ronde vers minuit , je ne pus douter que l ' un de nos satellites fumait , car un violent relent se dégageait d ' une des tentes .",
                  "id": "10",
                  "title": "Voyage au Thibet par la Mongolie : de Pékin aux Indes... / Cte de Lesdain"
            },
            {
                  "doc_url": "https://gallica.bnf.fr/ark:/12148/bpt6k5526254v",
                  "emotions": [
                        "disgust"
                  ],
                  "excerpt": "Pour l ' instant , le dit fourneau fonctionne ; un morceau do poisson séché et .à moitié pourri , entouré do piments el de pois sauvages , déposé dans un poêlon de terre , répand une odeur sui generis moins qu ' agréable à un olfactif civilisé .Après foui , les Tagals n ' y regardent pas de si près : pour eux , du poisson séché cl presque pourri , c ' est un .",
                  "id": "11",
                  "title": "Aventuriers et pirates, ou Les drames de l'Océan indien : 1re partie, Aventuriers et pirates / par le baron de Wogan"
            },
            {
                  "doc_url": "https://gallica.bnf.fr/ark:/12148/bpt6k1100162v",
                  "emotions": [
                        "disgust"
                  ],
                  "excerpt": "Cette récolte peut atteindre 5 à 6 kilos dans une journée , mais elle diminue de moitié par la dessiccation qui se fait au soleil .Cette racine cassante , à saveur âcre et amère , à odeur nauséabonde , est le vomitif par excellence depuis une centaine d ’ années qu ’ elle est bien connue .On l ’ administre principalement sous forme de poudre délayée dans de l ’ eau .",
                  "id": "12",
                  "title": "Atlas de poche des plantes utiles des pays chauds les plus importantes pour le commerce / par P. de Janville..."
            },
            {
                  "doc_url": "https://gallica.bnf.fr/ark:/12148/bpt6k9610623m",
                  "emotions": [
                        "disgust"
                  ],
                  "excerpt": "Le grain altéré par ce champignon est noir , violacé , énormément développé , long de 2 à 3 centimètres , arqué et ressemble à l ' ergot des gallinacés .L ' odeur du seigle ergoté est forte , désagréable et rappelle celle du tabac à priser ; sa saveur est légèrement amère et nauséabonde ; sa poudre , d ' un gris bleuâtre , est très hygrométrique , très altérable , et ne doit pas être préparée à l ' avance .On conserve l ' ergot de seigle dans des bocaux bien secs et bien fermés , dans lesquels on verse de temps en temps quelques gouttes de chloroforme pour empêcher les insectes de l ' attaquer .",
                  "id": "13",
                  "title": "Traité de thérapeutique vétérinaire : pharmacodynamie, pharmacothérapie (4e édition) / par M. Kaufmann,..."
            },
            {
                  "doc_url": "https://gallica.bnf.fr/ark:/12148/bpt6k58098630",
                  "emotions": [
                        "disgust"
                  ],
                  "excerpt": "— Désir du vinaigre .— Soif avec dégoût pour les boissons , — Selles diarrhéiques jaunâtres , souvent ayec évacuation de matières non digérées .— - Jaunisse et affections chroniques du foie .",
                  "id": "14",
                  "title": "Notions élémentaires sur l'homéopathie et la manière de la pratiquer, avec quelques-uns des effets les plus importants de dix des principaux remèdes homéopathiques... par le Dr G. H. G. Jahr. 2e édition..."
            },
            {
                  "doc_url": "https://gallica.bnf.fr/ark:/12148/bpt6k6535874v",
                  "emotions": [
                        "disgust"
                  ],
                  "excerpt": "La voix avait toujours ses inflexions voluptueuses et molles .Il prit un flacon rempli d ' un parfum turc dont il avait souvent éprouvé par lui - même l ' effet étrange et enivrant , et en aspergea la nuque , le cou et les mains de la Circassienne .Cela fait , il recula un peu pour juger de l ' ensemble .",
                  "id": "15",
                  "title": "Les femmes des autres / par le Vte Richard (O'Monroy)"
            },
            {
                  "doc_url": "https://gallica.bnf.fr/ark:/12148/bpt6k5831567z",
                  "emotions": [
                        "disgust",
                        "annoyance",
                        "pain"
                  ],
                  "excerpt": "Que l ' enfant , lorsqu ' il sort de l ' utérus , déchire la cloison qui sépare le vagin do la vessie , l ' urine suinte sans arrêt , empêche la cicatrisation et voilà une malheureuse qui ne peut plus retenir ses urines .Cela devient vile une infirmité intolérable ; l ' urine est irritante , elle entame la peau des cuisses ; la malade souffre d ' une cuisson vive et dégage une pénible odeur .Celte ouverture anormale est une brèche pour les microbes qui pénètrent grâce à elle dans la vessie et l ' infectent ; il n ' y a qu ' un trailemont : une opération chirurgicale qui , d ' ailleurs , donne d ' excellents résultais .",
                  "id": "16",
                  "title": "Nouveau traité de la maladie des femmes : leurs multiples causes, leur soulagement immédiat, leur guérison radicale, guide pratique illustré de la \"Femme moderne\" / Docteur Louis Genest,..."
            },
            {
                  "doc_url": "https://gallica.bnf.fr/ark:/12148/bpt6k7589895v",
                  "emotions": [
                        "sadness",
                        "disgust",
                        "nostalgia",
                        "nervousness",
                        "despair"
                  ],
                  "excerpt": "La bile lui vint aux lèvres : transi de dégoût , il ne put se retenir , et vomit a pleine bouche , dans le masque .Il s ' accroupit sur la banquette , frissonnant , l ' esprit perdu , baissant la tète , s ' efforçant de ne pas respirer pour ne pas feentir l ' infecte odeur toute proche .Il devenait fou de ragé inutile .",
                  "id": "17",
                  "title": "Le Veilleur du vieux château : bulletin de l'Association amicale des mutilés, blessés, réformés et anciens combattants de la Grande Guerre, de leurs veuves, orphelins et ascendants, de l'arrondissement de Montluçon"
            },
            {
                  "doc_url": "https://gallica.bnf.fr/ark:/12148/bpt6k206100b",
                  "emotions": [
                        "disgust"
                  ],
                  "excerpt": "Le calme est à la mode aujourd ' hui .Quelques nouvelles F / g ! M ~ du mal , de Baudelaire , s ' épanouissent bizarrement au milieu de ce bouquet comme des roses noires , et se distinguent au premier flair à leur parfum vertigineux .LeJg ~ aM .",
                  "id": "18",
                  "title": "Histoire du romantisme ; suivie de Notices romantiques ; et d'une Etude sur la poésie française, 1830-1868 / Théophile Gautier"
            },
            {
                  "doc_url": "https://gallica.bnf.fr/ark:/12148/bpt6k5732320x",
                  "emotions": [
                        "disgust"
                  ],
                  "excerpt": "106 INFLAMMATIONS .Quand il dure depuis longtemps , l ' impetigo du cuir chevelu exhale une odeur nauséabonde , rappelant celle du beurre rance ; il se complique aussi de l ' éclosion d ' un grand nombre de poux .L ' impétigo du cuir chevelu occupe presque exclusivement la partie postérieure et supérieure du cuir chevelu ; il ne s ' étend jamais au front , aux oreilles .",
                  "id": "19",
                  "title": "Traité élémentaire des maladies de la peau, par Maurice Chausit,... d'après l'enseignement théorique et les leçons cliniques de M. le Dr A. Cazenave,..."
            },
            {
                  "doc_url": "https://gallica.bnf.fr/ark:/12148/bpt6k6555543t",
                  "emotions": [
                        "disgust"
                  ],
                  "excerpt": "- Terreus ssos , 78 Tessellatus , a , um » qui est disposé par carreau , ou qui est coloré par petits carreaux , comme un habit d ' arlequin .Teter , ra , rum , qui a une odeur puante & vireuse .Tetradynamia , a , TÉTRADYN AMIE , 1 1 ) - 18 ) Tetragonus , a , um , TÉTRAGONE , qui a quatre faces égales .",
                  "id": "20",
                  "title": "Dictionnaire élémentaire de botanique, ou Exposition par ordre alphabétique des préceptes de la botanique et de tous les termes, tant françois que latins, consacrés à l'étude de cette science , par M. Bulliard..."
            }
      ]
}