{
      "articles": [
            {
                  "doc_url": "https://gallica.bnf.fr/ark:/12148/bpt6k805229",
                  "emotions": [
                        "disgust",
                        "pain"
                  ],
                  "excerpt": "Puis , des flammes s ' élancèrent , grandirent jusqu ' au plafond .Le père craquait là - dedans , et l ' insupportable odeur augmentait , l ' odeur des chairs cuites .Toute la vieille demeure aurait flambé comme une meule , si la paille ne s ' était pas remise à fumer sous le bouillonnement du corps .",
                  "id": "1",
                  "title": "La terre / par Émile Zola"
            },
            {
                  "doc_url": "https://gallica.bnf.fr/ark:/12148/bpt6k805229",
                  "emotions": [
                        "disgust"
                  ],
                  "excerpt": "A deux mois , on châtrait les mâles , qu ' on élevait pour la vente ; tandis qu ' on gardait les femelles , afin de renouveler le troupeau des mères , dont on vendait chaque année les plus vieilles ; et les béliers couvraient les jeunes , à des époques fixes , des dishleys croisés de mérinos , superbes avec leur air stupide et doux , ' leur tête lourde au grand nez arrondi d ' homme à passions .Quand on entrait dans la bergerie , une odeur forte suffoquait , l ' exhalaison ammoniacale de la litière , de l ' ancienne paille sur laquelle on remettait de la paille fraîche pendant trois mois .Le long des murs , des crémaillères permettaient de hausser les râteliers , à mesùTe qùè ' Iâ ' couche de fumier montait .",
                  "id": "2",
                  "title": "La terre / par Émile Zola"
            },
            {
                  "doc_url": "https://gallica.bnf.fr/ark:/12148/bpt6k58321726",
                  "emotions": [
                        "disgust"
                  ],
                  "excerpt": "De 15 mois à 3 ans .En cas d ' accidents inflammatoires : révulsifs ( voy .Bronchite aiguë , Broncho - pneumonie ) .",
                  "id": "3",
                  "title": "Guide-formulaire de thérapeutique générale et spéciale (2e édition entièrement refondue) / par le Dr. V. Herzen"
            },
            {
                  "doc_url": "https://gallica.bnf.fr/ark:/12148/bpt6k96672105",
                  "emotions": [
                        "disgust"
                  ],
                  "excerpt": "La laite et les œufs de poisson sont un autre de leurs mets fort estimé d ' eux : séchée à l ' air , ou roulée dans des feuilles de différentes plantes et séchée devant le feu , ils vivront plusieurs jours avec une très - petite quantité de cette nourriture , qu ' ils mangent avec l ' écorce du bouleau ou du saule , qui les aide à avaler un aliment aussi visqueux ; mais leur repas d ' ambrosie est le huigul , ou du poisson jeté Poissons .dans une fosse jusqu ' à ce qu ' ils soit entièrement pourri ; alors on le sert dans son état de charogne , et le friand Kamtschadale sourit d ' aise à ce mets qui exhale une odeur insupportable au nez de tout autre que lui ( t ) .La baleine à nageoires est très - fréquente et d ' un grand usage pour les habitans .",
                  "id": "4",
                  "title": "Le nord du globe, ou Tableau de la nature dans les contrées septentrionales. Tome 2 / ... traduit de l'anglais de M. Pennant"
            },
            {
                  "doc_url": "https://gallica.bnf.fr/ark:/12148/bpt6k5493967n",
                  "emotions": [
                        "disgust",
                        "annoyance",
                        "nervousness"
                  ],
                  "excerpt": "Le lait se coagule sous l ' action cle ce bacille , et le coagulum se redissout ultérieurement .Le bouillon est fortement troublé et laisse déposer un précipité blanc abondant , ' foules ces diA ' erses cultures dégagent une odeur désagréable .Le Proteus vulgaris détermine la décomposition putride des substances albuminoïdes et proAroque la formation de l ' indol et cle l ' hydrogène sulfuré ; il attaque également l ' urée qu ' il transforme en carbonate d ' ammoniaque ; enfin CARBONE ( I ) a signalé la présence de ptomaïnes et ; d ' ammoniaques composées dans ses cultures .",
                  "id": "5",
                  "title": "Traité de bactériologie pure et appliquée à la médecine et à l'hygiène / par MM. P. Miquel et R. Cambier,..."
            },
            {
                  "doc_url": "https://gallica.bnf.fr/ark:/12148/bpt6k42378550",
                  "emotions": [
                        "disgust"
                  ],
                  "excerpt": "vtrf 34 .Ce parfum ne déplairait point aujourd ’ hui à nos - 6 G A L femmes hiftériques & à nos hommes hypocondriaques j peut - être ne feroit - il pas difficile de trouver les mêmes caufes analogiques qui le rendoient autrefois agréable ou néceffaireau peuple Juif , par fon influence : mais cette dilcuffion nous meneroit trop loin .La réflexion de ce paragraphe eft deM .",
                  "id": "6",
                  "title": "Dictionnaire raisonné universel d'histoire naturelle, contenant l'histoire des animaux, des végétaux et des minéraux, et celle des corps célestes, des météores et autres principaux phénomènes de la nature, avec l'histoire et la description des drogues simples tirées des trois règnes et le détail de leurs usages dans la médecine, dans l'économie domestique et champêtre et dans les arts et métiers, par M. Valmont de Bomare,.... Tome 3"
            },
            {
                  "doc_url": "https://gallica.bnf.fr/ark:/12148/bpt6k206595k",
                  "emotions": [
                        "disgust",
                        "disapproval"
                  ],
                  "excerpt": "à qui nous devons cette observation , raconte que s ' il arrive qu ' un limaçon se soit glissé dans une ruche , les abeillesont l ' intelligence de l ' envelopper de cette matière gommeusc dont elles ' bouchent ordinairement les fentes et les crevasses de leurs ruches ; le cadavre étant ainsi ' claquemuré ne répand pas plus .de mauvaise odeur que .s ' il était jeté au dehors .",
                  "id": "7",
                  "title": "L'intelligence des animaux (3e éd.) / par Ernest Menault ; ouvrage ill. de 58 vignettes par E. Bayard, A. Mesnel, etc."
            },
            {
                  "doc_url": "https://gallica.bnf.fr/ark:/12148/bpt6k1765248",
                  "emotions": [
                        "disgust"
                  ],
                  "excerpt": "PendantqueM .Baussard , auquel on a dû la description de ce butskopf , disséquait ce cétacée , une odeur insupportable s ’ exhalait de la tête ; cette émanation occasionna des inflammations aux narines et à la gorge de M .Baussard : l ’ âcreté de l ’ huile que l ’ on retirait de cette même tête , altéra et corroda , pour ainsi dire , la peau de ses mains ; et une lueur phospho - rique s ’ échappait de l ’ intérieur du cadavre , comme elle s ’ échappe de plusieurs corps marins et très - huileux lorsqu ’ ils commencent à se corrompre .",
                  "id": "8",
                  "title": "Histoire naturelle de Lacépède ; tome I. Histoire naturelle de Lacépède comprenant les cétacés, les quadrupèdes ovipares, les serpents et les poissons. précédée de L'éloge de Lacépède. Tome 1 / avec des notes et la nouvelle classification de M. A.-G. Desmarest,... ; par Cuvier"
            },
            {
                  "doc_url": "https://gallica.bnf.fr/ark:/12148/bpt6k42378550",
                  "emotions": [
                        "disgust"
                  ],
                  "excerpt": "; d ’ autres dont l ’ ufage donne un mauvais goût au lait & même à la chair des beftiaux : on fait que le thlafpi des champs eft nuifible aux vaches & aux brebis , puifque leur chair & leur lait en contractent un très - mauvais goût qui fe communique au beurre & au fromage .La liveche ou ache de montagne donne encore une odeur Sc un goût fort défagréables à la chair & au lait des vaches ; l ' euphorbe eft de toutes les plan - .tes étrangères celle qui donne un plus mauvais goût au lait & à la viande .",
                  "id": "9",
                  "title": "Dictionnaire raisonné universel d'histoire naturelle, contenant l'histoire des animaux, des végétaux et des minéraux, et celle des corps célestes, des météores et autres principaux phénomènes de la nature, avec l'histoire et la description des drogues simples tirées des trois règnes et le détail de leurs usages dans la médecine, dans l'économie domestique et champêtre et dans les arts et métiers, par M. Valmont de Bomare,.... Tome 3"
            },
            {
                  "doc_url": "https://gallica.bnf.fr/ark:/12148/bpt6k9621935f",
                  "emotions": [
                        "disgust"
                  ],
                  "excerpt": "Cette maladie affecte principalement la tête , les paupières , les oreilles et les pattes ; si elle se généralise , la peau devient épaisse , se ride , les poils tombent et l ' animal présente un aspect misérable ; il maigrit et bien souvent il survient des complications du côté des muqueuses dont les fonctions sympathisent avec celles de la peau ; ainsi on voit se déclarer des ophthalmies , des conjonctivites , des catarrhes auriculaires , des bronchites , etc .L ' odeur de la peau est repoussante et tellement caractéristique qu ' on la perçoit à plusieurs mètres de distance .Traitement .",
                  "id": "10",
                  "title": "Le vétérinaire moderne, ou Traité simple et pratique de l'art vétérinaire mis à la portée de tous / par H.-C. Debry,..."
            },
            {
                  "doc_url": "https://gallica.bnf.fr/ark:/12148/bpt6k6509216r",
                  "emotions": [
                        "disgust",
                        "greed"
                  ],
                  "excerpt": "~ f ., vavma , envie de vomir à laquelle on est sujet sur mer ; d ' où nauséabond , adj .NAUTIQUE , adj .",
                  "id": "11",
                  "title": "Le Jardin des racines grecques, réunies par Cl. Lancelot et mises en vers par Lemaistre de Sacy... augmenté... par J.-B.-Gr. Pitay,... 4e édition, publiée par M. J. Helleu,..."
            },
            {
                  "doc_url": "https://gallica.bnf.fr/ark:/12148/bpt6k9605807g",
                  "emotions": [
                        "disgust",
                        "disapproval",
                        "greed"
                  ],
                  "excerpt": "Aussi quand on les surprend dans cet étal de réplétion , on peut les assommer à coups de bâton , sans qu ' ils puissent s ' enfuir ou se défendre .CeLte voracité , jointe à l ' humeur fétide qui découle continuellement de leur narines » inspire un dégoût général pour tous les êtres de ce genre .Quoique les vautours soient peu nombreux , ils sont cependant répandus dans toutes les parties du monde , et partout ils rendent les mêmes services , en dévorant ' les cadavres des quadrupèdes et des oiseaux , dont la puanteur infecterait l ' atmosphère .",
                  "id": "12",
                  "title": "Nouveaux élémens d'histoire naturelle, contenant la zoologie, la botanique, la minéralogie et la géologie. Zoologie / par A. Salacroux,..."
            },
            {
                  "doc_url": "https://gallica.bnf.fr/ark:/12148/bpt6k1163230t",
                  "emotions": [
                        "disgust"
                  ],
                  "excerpt": "Et d ’ ailleurs un convive qui sait vivre doit ignorer le cours des heures et ne pas s ’ inquiéter s ’ il fait jour ou nuit dans la rue , si les bourgeois se couchent ou si les cardinaux s ’ éveillent .— Zinzolina , dit Sténio d ’ un ton d ’ insulte et de mépris , l ’ air qu ’ on respire ici est infect .Ce vin , ces viandes , ces liqueurs fumantes , tout cela ressemble à une taverne flamande .",
                  "id": "13",
                  "title": "Lélia [- Metella - Melchior - Cora], par George Sand... Nouvelle édition. Edition NOUV,Tome 1"
            },
            {
                  "doc_url": "https://gallica.bnf.fr/ark:/12148/bpt6k918635",
                  "emotions": [
                        "disgust"
                  ],
                  "excerpt": "- On coupe un morceau de cette lame d ' environ 4 centimètres de large et on l ' accroche au méchoir ; on y met le feu et on la descend dans le tonneau , vers le centre duquel elle se trouve maintenue par la longueur même du méchoir .Le soufre en brû tant produit de l ' acide sulfureux , gaz incolore , très - acide , d ' une odeur très - suubcante , bien connue de tout le monde parce qu ' on la sent à chaque instant lorsqu ' on enflamme des allu cttsn ~ ue tusmm tutsqu un eunmume oes atiu mettes soufrées .447 .",
                  "id": "14",
                  "title": "Indications théoriques et pratiques sur le travail des vins : et en particulier sur celui des vins mousseux / par E.-J. Maumené,..."
            },
            {
                  "doc_url": "https://gallica.bnf.fr/ark:/12148/bpt6k5724032f",
                  "emotions": [
                        "disgust"
                  ],
                  "excerpt": "Quand ils ont enveloppé le membre blessé d ' une couche de ouate qu ' ils recouvrent d ' une ou deux bandes , ils se figurent qu ' ils ont fait mon pansement ! MODIFICATIONS PROPOSÉES 09 Aussi s ' étonnent - ils de m ' entendre soutenir que le pus qui se forme dans une plaie pansée par ma méthode , ne devient pas putride .Pour eux le pus nécessairement doit répandre une odeur infecte .Les meilleurs esprits ont admis cette putridité du pus sous le pansement ouaté .",
                  "id": "15",
                  "title": "Du Pansement ouaté et de son application à la thérapeutique chirurgicale, par Alph. Guérin,..."
            },
            {
                  "doc_url": "https://gallica.bnf.fr/ark:/12148/bpt6k9647602f",
                  "emotions": [
                        "disgust"
                  ],
                  "excerpt": "nomène qui s ' accorde très - bien avec ce que M .Duhamel a avancé dans sou traité de la conservation des grains ; savoir , q - ùe du froment qui avoit contia & é une odeur dcsagréable , pouvoir être rétabli dans son premier état , au moyen de l ' éruve & du crible .Les expériences â - c ce célébré Académicien prouvent allez combien un bled sec en apparence t contient encore d ' humidité ; c ' eil cette humidité qui hâte la corruption du grain , parce que la subfiance élastique prenant l ' état gluti - neux , acquiert en même - tems la pro \" ¡ priété de s ' altérer promptement .",
                  "id": "16",
                  "title": "Examen chymique des pommes de terre . Dans lequel on traite des parties constituantes du blé. Par M. Parmentier,..."
            },
            {
                  "doc_url": "https://gallica.bnf.fr/ark:/12148/bpt6k879852r",
                  "emotions": [
                        "disgust"
                  ],
                  "excerpt": "do chim .prlnclpo odorant .Arondo ( queue d ’ \\ sf .",
                  "id": "17",
                  "title": "Dictionnaire usuel et portatif de la langue française... : précédé d'un nouvel abrégé de grammaire / par M. Auvray,..."
            },
            {
                  "doc_url": "https://gallica.bnf.fr/ark:/12148/bpt6k5698806n",
                  "emotions": [
                        "disgust",
                        "annoyance"
                  ],
                  "excerpt": "Cependant nos Ouled - Naïls fumaient lentement leurs chi - 180 L ' ENFANT DES MONTAGNES .bouques , en ingurgitant plus lentement encore le moka au parfum enivrant .Il est bon de constater que si les Arabes sont à l ' occasion gourmands , ils sont aussi gourmets .",
                  "id": "18",
                  "title": "L'Enfant des montagnes, par Victor Sauquet"
            },
            {
                  "doc_url": "https://gallica.bnf.fr/ark:/12148/bpt6k6149169p",
                  "emotions": [
                        "disgust"
                  ],
                  "excerpt": "- Vomissement de mucosités vertes , avec soif .- Vomissement de mucosités d ' odeur aigre .- Le soir , vomissement de mucosités ( Gdg ) .",
                  "id": "19",
                  "title": "Traité de matière médicale homoeopathique... traduit... par Dr Léon Simon,... Dr Vt-Léon Simon,..."
            },
            {
                  "doc_url": "https://gallica.bnf.fr/ark:/12148/bpt6k9779796j",
                  "emotions": [
                        "disgust"
                  ],
                  "excerpt": "Si ces sucs albumineux sont saisi - i ds toutes les matieres acres & irritantes qui entretenaient la maladie > l ' on obtient par leur évacuation une crise entiere , ou tout - à - fait salutaire pour le malade .Mais si ces sucs se trouvent dépravés011 détruis par un fébrifi - que délétère , à un point qu ' ils ne puit - sent emparer & asïujettir ce fébrifique * cortfme il est ordinaire dans les fièvres pestilentielles , & colliquatives , leur évacuation sera en pure perte pour le malade .Si au - contraire fmvifcation du fé .",
                  "id": "20",
                  "title": "L'Art de guerir par la saignée , où l'on examine en même tems les autres secours qui doivent concourir avec ce reméde, ou qui doivent lui être préférés, dans la cure des maladies tant médicinales que chirurgicales. Par François Quesnay,..."
            }
      ]
}