{
      "articles": [
            {
                  "doc_url": "https://gallica.bnf.fr/ark:/12148/bpt6k6377505t",
                  "emotions": [
                        "disgust"
                  ],
                  "excerpt": "qu ' elle conserve sa consistance et sa sécheresse , avec une petite odeur aigrelette seulement .Lorsqu ' elle est ramollie et qu ' elle exhale une - odeur ammoniacale et putride , elle est à rejeter .Le comité consultatif d ' hygiène a été appelé deux fois à se prononcer sur la question de la morue rouge .",
                  "id": "1",
                  "title": "Traité d'hygiène publique et privée / par Jules Rochard,..."
            },
            {
                  "doc_url": "https://gallica.bnf.fr/ark:/12148/bpt6k30409869",
                  "emotions": [
                        "disgust",
                        "anger",
                        "annoyance",
                        "despair",
                        "pain"
                  ],
                  "excerpt": "Voy .Gesse odorante .Scyphanthe élégant .",
                  "id": "2",
                  "title": "Les fleurs de pleine terre : comprenant la description et la culture des fleurs annuelles, bisannuelles, vivaces et bulbeuses de pleine terre, suivies de classements divers indiquant l'emploi de ces plantes et l'époque de leur semis ou plantation et de leur floraison. ainsi que des plans de jardins et de parcs paysagers... (4e éd.) / par Vilmorin-Andrieux et Cie ; par Édouard André"
            },
            {
                  "doc_url": "https://gallica.bnf.fr/ark:/12148/bpt6k1174989f",
                  "emotions": [
                        "disgust"
                  ],
                  "excerpt": "Le ( ialiîanum , soiL en masses larmeuses , soit en larmes isolées , ressemble beaucoup à [ l ’ Ammoniaque et contient des fruits de forme analogue .Il s ’ en dislingue seulement en ce tpi ’ il est toujours plus mou , plus poisseux , el parce qu ' il possède une odeur particulière très forte et très tenace .• : Cachou , Kino , Aloès , Scammonée , Poix noire Cachou .",
                  "id": "3",
                  "title": "Manuel pour l'examen de validation de stage des candidats au titre de pharmacien (décret du 31 août 1878 et règlement du 30 décembre 1878), par H. Jacob... entièrement refondu conformément au Codex de 1908 par Camille Guillot,... avec une préface de André Legrand,... 3e édition"
            },
            {
                  "doc_url": "https://gallica.bnf.fr/ark:/12148/bpt6k205509q",
                  "emotions": [
                        "disgust"
                  ],
                  "excerpt": "Ces coques font difpofées en grappe fur leur plante comme le raifin .Elles ont tm goût âcre .On les apporte des Indes Orientales , communément détachées , rarement en grappe Ce font les fruits d ' une efpece d ' arbrifTeau tortueux dont les tiges font rougeâtres & odorantes les feuilles longues étroites & d ' un verd pâle & les fleurs blanches , Semblables ( dit - on ) à celles du Violier .",
                  "id": "4",
                  "title": "Dictionnaire oeconomique : contenant l'art de faire valoir les terres et de mettre à profit les endroits les plus stériles.... A-E / par M. Noël Chomel,... ; nouv. éd. par M. de La Mare"
            },
            {
                  "doc_url": "https://gallica.bnf.fr/ark:/12148/bpt6k30409869",
                  "emotions": [
                        "disgust"
                  ],
                  "excerpt": "hybrides .Yiolette odorante , et var .doubles .",
                  "id": "5",
                  "title": "Les fleurs de pleine terre : comprenant la description et la culture des fleurs annuelles, bisannuelles, vivaces et bulbeuses de pleine terre, suivies de classements divers indiquant l'emploi de ces plantes et l'époque de leur semis ou plantation et de leur floraison. ainsi que des plans de jardins et de parcs paysagers... (4e éd.) / par Vilmorin-Andrieux et Cie ; par Édouard André"
            },
            {
                  "doc_url": "https://gallica.bnf.fr/ark:/12148/bpt6k97756781",
                  "emotions": [
                        "disgust",
                        "relief"
                  ],
                  "excerpt": "# # Il est des ours mal léchés qui allèchent la concupiscence des femmes .La sauvagerie de leur caractère hérissé dégage une senteur de mâle ; pour elles , la toison des fauves et des boucs est un plus grand aphrodisiaque que l ' odeur affadie du musc ou de la verveine , dont se servent les débiles petits maîtres .Une femme à tempérament ne se donne pas le temps d ' être coquette .",
                  "id": "6",
                  "title": "Contes de la vingtième année : Bric-à-brac de l'amour, Calendrier de Vénus, Surprises du coeur / par Octave Uzanne ; décorations en camaïeu par Eugène Courboin ; frontispice de D. Vierge ; interprété à l'eau-forte par F. Massé"
            },
            {
                  "doc_url": "https://gallica.bnf.fr/ark:/12148/bpt6k30798640",
                  "emotions": [
                        "disgust",
                        "disapproval"
                  ],
                  "excerpt": "Dans le cas où la bouche reste humide , elle est le siège d ’ une sensation de sécheresse , d empalement ou d ’ amertume ; souvent elle devient sèche , soit dans toutes ses parties , soit dans quelques - unes , telles que les lèvres , les dents , la face supérieure de la langue ; tantôt cette sécheresse est passagère et le contact des boissons la dissipe ; tantôt elle est permanente , et les liquides portés et agités dans la bouche glissent sur elle sans l ’ humecler .L ’ haleinë est fétide et nauséabonde .Il y a quelquefois des vomissemens , presque toujours du dévoiement ou de la constipation .",
                  "id": "7",
                  "title": "Des fièvres et des maladies pestilentielles , par A.-F. Chomel,..."
            },
            {
                  "doc_url": "https://gallica.bnf.fr/ark:/12148/bpt6k5820023g",
                  "emotions": [
                        "disgust"
                  ],
                  "excerpt": "Cette fumée d ' opium renferme peu de morphine , mais des substances peu connues à .odeur aromatique .Les bases pyridiques et hydropyridiques ne se forment qu ' à une température plus élevée , lorsque le fumeur novice laisse brûler sa pipe .",
                  "id": "8",
                  "title": "Précis de pharmacologie et de matière médicale / par G. Pouchet,..."
            },
            {
                  "doc_url": "https://gallica.bnf.fr/ark:/12148/bpt6k96080727",
                  "emotions": [
                        "disgust"
                  ],
                  "excerpt": "it L ' animal témoigne de l ' anxiété , la respiration est accélérée , le flanc est agité .L ' air expiré , tout le corps exhalent une mauvaise odeur .Les urines sont crues ou fortement chargées y les excrémens sont presque toujours liquides y d ' une odeur fétide , souvent ils sont san gui - nolens .",
                  "id": "9",
                  "title": "Traité des maladies des bestiaux, ou Description raisonnée de leurs maladies et de leur traitement ; précédée d'un précis d'histoire naturelle, et d'un traité d'hygiène ; et suivie d'un aperçu sur les moyens de tirer, des bestiaux, les produits les plus avantageux... par M. V. Delaguette,..."
            },
            {
                  "doc_url": "https://gallica.bnf.fr/ark:/12148/bpt6k3078909t",
                  "emotions": [
                        "disgust"
                  ],
                  "excerpt": "Le commencement de la maladie avait coïncidé ec la seconde moitié d ’ une grossesse ; 6 semaines après les cou - es , l ’ écoulement blanc devint excessivement abondant ; plus tard , ’ sque les pertes survinrent , il devint séreux .Après une année de rée de la maladie , les pertes blanches devinrent fétides , offrant te odeur de plus en plus nauséabonde et putride pendant les \" \" ! mois qui précédèrent la fin ; sur les derniers temps , elles renferment quelquefois des grumeaux plus consistants , d ’ un blanc sale , nstitués par du détritus cancéreux .En résumé , les pertes blanches , dans le cancer utérin , se dis - îguent habituellement : par leur abondance , leur couleur jaune isâtre , leur mélange fréquent avec les éléments du sang , leur iernation avec les pertes rouges et leur tendance à présenter une auvaise odeur , fade et nauséabonde , quelquefois fétide , putride et mine gangréneuse dans d ’ autres cas .",
                  "id": "10",
                  "title": "Traité pratique des maladies cancéreuses et des affections curables confondues avec le cancer / par H. Lebert,..."
            },
            {
                  "doc_url": "https://gallica.bnf.fr/ark:/12148/bpt6k97599513",
                  "emotions": [
                        "disgust"
                  ],
                  "excerpt": "Son odeur est analogue à celle de l ' eau minérale concentrée , mais il présente en outre une faible odeur de bitume .Sa saveur est nauséabonde , très - salée , amère , aigrelette ; au toucher il est huileux , et quand on le secoue il se recouvre d ' une écume qui persiste longtemps ; son poids spécifique varie peu , car on cherche toujours à en retirer le plus possible de sel de cuisine ; à une température de 1 7o G .Polstorf l ' a trouvé de 1 , 3133 .",
                  "id": "11",
                  "title": "Kreuznach, ses eaux minérales bromo-iodurées et ses eaux-mères (2e édition, traduite de l'allemand) / par le Dr Henri Prieger,..."
            },
            {
                  "doc_url": "https://gallica.bnf.fr/ark:/12148/bpt6k65418707",
                  "emotions": [
                        "sadness",
                        "disgust",
                        "disapproval",
                        "disappointment"
                  ],
                  "excerpt": "Ton regard est immense ; Tu cours dans l ' imprévu , pauvre enfant ! sans songer Que le rêve fini , l ' infortune commence , Et qu ' un luxe insolent toujours est passager .Lorsque de tes splendeurs tu seras descendue Au milieu des dégoûts dont Paris est semé , Et qu ' au bout de la route où tu seras rendue Tu chercheras en vain quelque parfum aimé , Tu n ' auras plus , hélas ! que des flots d ' amertume Qui viendront te salir dans ta robe de bal , Et roulant ta beauté dans leur fétide écume , Iront te déposer sur un lit d ' hôpital .Et tu regretteras , Pinson , le beau dimanche Où , sous de frais tilleuls , nous allions d ' un pas lent , Et ces repos charmants où de ta robe blanche Tu faisais un tapis à mon pantalon blanc .",
                  "id": "12",
                  "title": "Yvonne ; : Yvonne ; Histoire d'une jeune fille ; La princesse d'Élide ; Nouvelles vagabondes ; Nouvelles vagabondes / Émile Monestier,..."
            },
            {
                  "doc_url": "https://gallica.bnf.fr/ark:/12148/bpt6k1422677x",
                  "emotions": [
                        "disgust",
                        "annoyance"
                  ],
                  "excerpt": "L ’ intérieur est d ’ un gris sale , marqué de zones concentriques ; leur cassure est irrégulière , ondulée , lisse , offrant quelques points brillants de matière rési - noide .L ’ odeur du jalap est désagréable et nauséabonde , surtout lorsqu ’ il est réduit en poudre ; sa saveur est âcre et très irritante .4 81 flones .",
                  "id": "13",
                  "title": "Usages du commerce ou guide du négociant dans ses rapports avec la douane et avec les marchés étrangers. Par un ancien négociant et par un employé supérieur des douanes... 1re Partie..."
            },
            {
                  "doc_url": "https://gallica.bnf.fr/ark:/12148/bpt6k30409869",
                  "emotions": [
                        "disgust"
                  ],
                  "excerpt": "2 a rang .Tabac blanc odorant .3 e rang .",
                  "id": "14",
                  "title": "Les fleurs de pleine terre : comprenant la description et la culture des fleurs annuelles, bisannuelles, vivaces et bulbeuses de pleine terre, suivies de classements divers indiquant l'emploi de ces plantes et l'époque de leur semis ou plantation et de leur floraison. ainsi que des plans de jardins et de parcs paysagers... (4e éd.) / par Vilmorin-Andrieux et Cie ; par Édouard André"
            },
            {
                  "doc_url": "https://gallica.bnf.fr/ark:/12148/bpt6k205509q",
                  "emotions": [
                        "disgust"
                  ],
                  "excerpt": "Quand on peut s ' en procurer , il faut tâcher qu ' il foit en maffe blanche , comme cryftallifé pefant , d ' une faveur de fel matin Se d ' ur .e odeur défagréable .Ce fel pris par la bouche eft très - apéritif .",
                  "id": "15",
                  "title": "Dictionnaire oeconomique : contenant l'art de faire valoir les terres et de mettre à profit les endroits les plus stériles.... A-E / par M. Noël Chomel,... ; nouv. éd. par M. de La Mare"
            },
            {
                  "doc_url": "https://gallica.bnf.fr/ark:/12148/bpt6k55007100",
                  "emotions": [
                        "disgust"
                  ],
                  "excerpt": "Rompues sur le frais , les souches et pseudorrhizes des A .ranunculoides et Plantago dégagent une pénétrante odeur Je chlore .2 .",
                  "id": "16",
                  "title": "Flore de la Côte d'Or avec déterminations par les parties souterraines. Tome 2 / par Ch. Royer,..."
            },
            {
                  "doc_url": "https://gallica.bnf.fr/ark:/12148/bpt6k30409869",
                  "emotions": [
                        "disgust"
                  ],
                  "excerpt": "— V .Alysse odorant .Alyssum odoratum .",
                  "id": "17",
                  "title": "Les fleurs de pleine terre : comprenant la description et la culture des fleurs annuelles, bisannuelles, vivaces et bulbeuses de pleine terre, suivies de classements divers indiquant l'emploi de ces plantes et l'époque de leur semis ou plantation et de leur floraison. ainsi que des plans de jardins et de parcs paysagers... (4e éd.) / par Vilmorin-Andrieux et Cie ; par Édouard André"
            },
            {
                  "doc_url": "https://gallica.bnf.fr/ark:/12148/bpt6k1414888r",
                  "emotions": [
                        "disgust"
                  ],
                  "excerpt": "Legrand Taratata demeurait enfermé dans sa gloire comme l ' illustre rat de M .de La Fontaine dans son palais odorant .Quand il sortait , de pauvres Chinois , Indiens ou Patagons , voire même des Européens venus de leurs lointains parages , s ' empressaient sur sa route , baisaient respectueusement les pans de sa robe et ramassaient religieusement le sable foulé par ses augustes pieds .",
                  "id": "18",
                  "title": "Nouvelles graves et folles"
            },
            {
                  "doc_url": "https://gallica.bnf.fr/ark:/12148/bpt6k5489437c",
                  "emotions": [
                        "disgust"
                  ],
                  "excerpt": "Dès lors on ne la quitte plus ; clic est le meilleur guide pour arriver à la fontaine .Les abords de Vaucluse sent très - agrestes ; le vallon , trèsétroit aux confins de la plaine , s ' élargit sensiblement en spyralc à mesure que l ' on avance vers le pays , qui ne s ' aperçoit guère qu ' à cinq cents mètres de distance .Il se trouve môme qu ' à un endroit , c ' est à peine si la rivière a pu trouver passage .",
                  "id": "19",
                  "title": "Deux amants célèbres : guide de l'étranger à la fontaine de Vaucluse / par Théodore Pierre"
            },
            {
                  "doc_url": "https://gallica.bnf.fr/ark:/12148/bpt6k58386573",
                  "emotions": [
                        "disgust",
                        "boredom",
                        "despair",
                        "pain"
                  ],
                  "excerpt": "f .Insecte plat qui sent très - mauvais .PUNAISIE n .",
                  "id": "20",
                  "title": "Nouveau dictionnaire de la langue française... : quatre dictionnaires en un seul (43e édition augmentée d'une partie toute nouvelle) / par P. Larousse,..."
            }
      ]
}