{
      "articles": [
            {
                  "doc_url": "https://gallica.bnf.fr/ark:/12148/bpt6k6349224x",
                  "emotions": [
                        "disgust"
                  ],
                  "excerpt": "306 ) , à souche rampante tuberculeuse , à tige débile , carrée ; à pédoncules du double ou du triple plus longs que la feuille et portant de 3 à 6 fleurs roses odorantes de juin à août ; ses tubercules se mangent .Gesse odorante ou Pois de senteur .Plante exotique cultivée dans les jardins pour le parfum délicieux de ses fleurs .",
                  "id": "1",
                  "title": "Flore pittoresque de la France : anatomie, physiologie, classification, description des plantes indigènes et cultivées au point de vue de l'agriculture, de l'horticulture et de la sylviculture (2e édition) / publiée sous la direction de J. Rothschild..."
            },
            {
                  "doc_url": "https://gallica.bnf.fr/ark:/12148/bpt6k30619598",
                  "emotions": [
                        "disgust"
                  ],
                  "excerpt": "L ’ odeur des fleurs est assez agréable , peu forte ; le reste de la plante est inodore .Sa saveur d ’ abord un peu acerbe , devient , si l ’ on continue de la mâcher , d ’ une âcreté si considérable , qu ’ elle détermine sur la langue et l ’ arrière - bouche un sentiment de brûlure .Far la dessiccation , la clématite ne perd qu ’ une partie de son âcreté et de ses propriétés .",
                  "id": "2",
                  "title": "Manuel des plantes médicinales, ou Description, usage et culture des végétaux indigènes employés en médecine ... Par A. Gautier,..."
            },
            {
                  "doc_url": "https://gallica.bnf.fr/ark:/12148/bpt6k30619598",
                  "emotions": [
                        "disgust"
                  ],
                  "excerpt": "Odeur forte , aromatique , camphrée , agréable et pénétrante .Saveur des feuilles extrêmement forte et piquante , d ’ une âereté insupportable , qui finit en laissant dans la bouche une saveur amère très - prononcée .Quand le marum est sec , on lui retrouve les mêmes qualités .",
                  "id": "3",
                  "title": "Manuel des plantes médicinales, ou Description, usage et culture des végétaux indigènes employés en médecine ... Par A. Gautier,..."
            },
            {
                  "doc_url": "https://gallica.bnf.fr/ark:/12148/bpt6k30619598",
                  "emotions": [
                        "disgust"
                  ],
                  "excerpt": "Ciguë vireuse .382 Cicutaire odorante .y .",
                  "id": "4",
                  "title": "Manuel des plantes médicinales, ou Description, usage et culture des végétaux indigènes employés en médecine ... Par A. Gautier,..."
            },
            {
                  "doc_url": "https://gallica.bnf.fr/ark:/12148/bpt6k6480116k",
                  "emotions": [
                        "disgust"
                  ],
                  "excerpt": "Pour exprimer l ' amour , ces fleurs semblent éclOW ; Leur langage est un mot , mais il est plein d ' appas : Dans la main des amants elles disent encore ; Aimez - moi , ne m ' oubliez - pas .Nardosmie odorante ( TUSSILAGE FRAGRANS ) SYN .: Tussilage odorant , héliotrope d ' hiver .",
                  "id": "5",
                  "title": "Conseils à Emma sur la culture des fleurs... / par un vieil amateur [A. Lesguilliez]"
            },
            {
                  "doc_url": "https://gallica.bnf.fr/ark:/12148/bpt6k30619598",
                  "emotions": [
                        "disgust"
                  ],
                  "excerpt": "Cette racine et le bois sont d ’ une saveur amère assez forte et désagréable .L ’ odeur du bois est peu prononcée , mais un peu nauséabonde ; elle se fait sur - tout sentir pendant les temps pluvieux .La saveur des feuilles est très - amère et plus désagréable que celle des autres parties .",
                  "id": "6",
                  "title": "Manuel des plantes médicinales, ou Description, usage et culture des végétaux indigènes employés en médecine ... Par A. Gautier,..."
            },
            {
                  "doc_url": "https://gallica.bnf.fr/ark:/12148/bpt6k1177346j",
                  "emotions": [
                        "disgust"
                  ],
                  "excerpt": ", nous avons constaté les caractères suivants : Couleur d ’ un rouge jaune .Odeur un peu forte .Transparence très grande , pas le moindre dépôt .",
                  "id": "7",
                  "title": "Blessure et maladie de M. Gambetta : relation de l'autopsie / l'observation clinique a été rédigée par M. Lannelongue, l'autopsie par M. le professeur Cornil"
            },
            {
                  "doc_url": "https://gallica.bnf.fr/ark:/12148/bpt6k6480116k",
                  "emotions": [
                        "disgust"
                  ],
                  "excerpt": "— Variété à feuilles panachées .Cacalic odorante ( CACALIA SUAVEOLENS ) .SYN .",
                  "id": "8",
                  "title": "Conseils à Emma sur la culture des fleurs... / par un vieil amateur [A. Lesguilliez]"
            },
            {
                  "doc_url": "https://gallica.bnf.fr/ark:/12148/bpt6k28942q",
                  "emotions": [
                        "disgust"
                  ],
                  "excerpt": "C ' est une plante herbacée indigène , commune dans les champs .Ses feuilles sont d ' un vert foncé , ovales leur odeur est stupéfiante et désagréable .Les fruits sont dé petites baies noires renfermant de la solanine , qui existe également dans les feuilles et les tiges de douce amère .",
                  "id": "9",
                  "title": "Toxicologie chimique / par le Dr L. Barthe,..."
            },
            {
                  "doc_url": "https://gallica.bnf.fr/ark:/12148/bpt6k3062990c",
                  "emotions": [
                        "disgust"
                  ],
                  "excerpt": "En Afrique .Feuilles molles répandant l ’ odeur la plus pénétrante .Géranium , alccoïcles .",
                  "id": "10",
                  "title": "Phytologie universelle, ou Histoire naturelle et méthodique des plantes, de leurs propriétés, de leurs vertus et de leur culture. Tome 3 / ; par N. Jolyclerc,..."
            },
            {
                  "doc_url": "https://gallica.bnf.fr/ark:/12148/bpt6k6349224x",
                  "emotions": [
                        "disgust",
                        "annoyance"
                  ],
                  "excerpt": "Tige grêle , grisâtre , souvent incrustée , à verticilles accompagnés d ' un involucre de 4 bractées dont les 2 intérieures plus longues dépassant les sporanges .Répand une odeur désagréable .Genre NITELLA : Tige plus ou moins diaphane , à articles formés d ' un tube unique ; pas de bractées involucrales au - dessous des verticilles ; anthéridies placées au - dessus des sporanges .",
                  "id": "11",
                  "title": "Flore pittoresque de la France : anatomie, physiologie, classification, description des plantes indigènes et cultivées au point de vue de l'agriculture, de l'horticulture et de la sylviculture (2e édition) / publiée sous la direction de J. Rothschild..."
            },
            {
                  "doc_url": "https://gallica.bnf.fr/ark:/12148/bpt6k9601707w",
                  "emotions": [
                        "disgust",
                        "nostalgia"
                  ],
                  "excerpt": "On le trouve fréquemment dans nos bois , en été et en automne .Il croît ordinairement solitaire , et il exhale une odeur nauséeuse .Agaric brûlant ( Agaricus urens ) 5 PERSOOJV , SJcnops .",
                  "id": "12",
                  "title": "Traité des poisons, ou Toxicologie appliquée à la médecine légale, à la physiologie et à la thérapeutique. Tome 3 / par Ch. Flandin,..."
            },
            {
                  "doc_url": "https://gallica.bnf.fr/ark:/12148/bpt6k12687859",
                  "emotions": [
                        "disgust"
                  ],
                  "excerpt": "Le guano le plus estimé est sous une forme pulvérulente ou en masses agglomérées , de couleur brune , jaunâtre ; les masses en sont souvent parsemées de stries blanches .Il a une odeur putride ammoniacale prononcée .Quelquefois on en rencontre ayant une couleur orangée à odeur musquée ; cette espèce a moins de valeur .",
                  "id": "13",
                  "title": "Cours de chimie agricole, professé par M. Gaucheron,... publié... par les soins du Comice agricole... d'Orléans, avec... la collaboration de M. A. Cotelle,..."
            },
            {
                  "doc_url": "https://gallica.bnf.fr/ark:/12148/bpt6k30619598",
                  "emotions": [
                        "disgust"
                  ],
                  "excerpt": "Plante à tiges comprimées , plates comme les feuil - • s , qui sont radicales , droites , longues , eusiforincs , ngaînées comme celles de l ’ iris , mais moins larges , acine traçante , horizontale , plus grosse que le doigt , oueuse et rugueuse , à fibres assez fortes en dessous , ’ un blanc jaunâtre en dehors , d ’ un tissu peu serré , ‘ gère et blanche en dedans .L ’ odeur de cette racine est forte , pénétrante et peu gréable tant qu ’ elle est verte .Cette odeur se retrouve ans les feuilles en les écrasant , mais à un degré plus tilde : ces feuilles n ’ ont pas de saveur plus marquée , indis que lu racine est amère , piquante , âcre , ara - go8 Roseau aromatique .",
                  "id": "14",
                  "title": "Manuel des plantes médicinales, ou Description, usage et culture des végétaux indigènes employés en médecine ... Par A. Gautier,..."
            },
            {
                  "doc_url": "https://gallica.bnf.fr/ark:/12148/bpt6k63424461",
                  "emotions": [
                        "disgust",
                        "greed"
                  ],
                  "excerpt": "Quadrupède ru - minant de la taille d ' un petit che - vreuil .Liqueur odorante que ren - ferme une bourse qu ' il a près du nombril .Peau de musc , par - fumée de musc .",
                  "id": "15",
                  "title": "Dictionnaire portatif de la langue françoise. Partie 2 / , d'après le système orthographique de l'Académie, par M. L.-Ph. de Lamadelaine,... Seconde édition, revue, corrigée et très-augmentée. Première [-Seconde] partie."
            },
            {
                  "doc_url": "https://gallica.bnf.fr/ark:/12148/bpt6k9601707w",
                  "emotions": [
                        "disgust",
                        "annoyance"
                  ],
                  "excerpt": "» Au fond du vase se trouve le contenu de l ' estomac , sous la forme d ' une bouillie d ' un gris rosé , dans laquelle on reconnaît des débris de viande en voie de digestion , d ' autres non digérés , des débris de carottes et d ' un tissu végétal , qui me semble être des fragments d ' endi ves ou de chicorée .Ce tte bouillie exhale une odeur infecte , extraordinairement repoussante 5 elle rougit fortement le papier de tournesol .Elle est divisée en deux parties égales : l ' une est additionnée de trois à quatre fois son volume d ' alcool pur et introduite dans un flacon bouché à l ' émeri ; l ' autre est mêlée aux eaux de lavage de l ' estomac .",
                  "id": "16",
                  "title": "Traité des poisons, ou Toxicologie appliquée à la médecine légale, à la physiologie et à la thérapeutique. Tome 3 / par Ch. Flandin,..."
            },
            {
                  "doc_url": "https://gallica.bnf.fr/ark:/12148/bpt6k30619598",
                  "emotions": [
                        "disgust",
                        "annoyance"
                  ],
                  "excerpt": "Racines blanchâtres , rampantes , noueuses , avec des fibres perpendiculaires .Point d ’ odeur , saveur des feuilles excessivement amères , d ’ une manière persistante et un peu nauséeuse .Les mêmes qualités se retrouvent dans la racine .",
                  "id": "17",
                  "title": "Manuel des plantes médicinales, ou Description, usage et culture des végétaux indigènes employés en médecine ... Par A. Gautier,..."
            },
            {
                  "doc_url": "https://gallica.bnf.fr/ark:/12148/bpt6k96577697",
                  "emotions": [
                        "disgust",
                        "anger",
                        "disapproval",
                        "embarrassment"
                  ],
                  "excerpt": "Zozor , qui flaire par terre , ramasse tout d ' un coup , dans les or - \\ \\ dures , quelque chose \\ qu ' il secoue avec joie .Son maître reconnaît Charlotte , sale , crottée et sentant horriblement mauvais ! ! ! « Eh bien , tu es dans un bel état ! ! ! Georgette , débarbouillez - la vite et couchez - la .Oh ! tu peux pleurer , je ne te plains pas .",
                  "id": "18",
                  "title": "Les gourmandises de Charlotte / par Jeanne Samary ; préface de M. Édouard Pailleron ; illustrations de Job"
            },
            {
                  "doc_url": "https://gallica.bnf.fr/ark:/12148/bpt6k30619598",
                  "emotions": [
                        "disgust"
                  ],
                  "excerpt": "L ’ odeur de cette racine est forte , nauséeuse .On la compare à celle de la valériane officinale ; sa saveut est amère , âcre et nauséabonde .Le reste de la plante est inodore ; les feuilles ont une saveur faible mais peu agréable .",
                  "id": "19",
                  "title": "Manuel des plantes médicinales, ou Description, usage et culture des végétaux indigènes employés en médecine ... Par A. Gautier,..."
            },
            {
                  "doc_url": "https://gallica.bnf.fr/ark:/12148/bpt6k6212445j",
                  "emotions": [
                        "disgust",
                        "doubt"
                  ],
                  "excerpt": "ins la chambre à coucher close d ' une personne a a uit ; vous êtes impressionné par une odeur désaabitant , auteur du délit , ne se doute nullement .me raison que les personnes qui ont une haleine itent nullement ; leurs olfactifs , constamment en ette odeur infecte , Se blasent et n ' en ont pas malheureux affectés d ' ozène , et qui ont conservé utent pas de l ' odeur répugnante qu ' ils exhalent .section .",
                  "id": "20",
                  "title": "Manuel de physiologie humaine, par le Dr J.-A. Fort,..."
            }
      ]
}