{
      "articles": [
            {
                  "doc_url": "https://gallica.bnf.fr/ark:/12148/bpt6k58158757",
                  "emotions": [
                        "disgust",
                        "disapproval"
                  ],
                  "excerpt": "Il en est de nauséabondes , contre lesquelles il se — ISO — soulève et qu ' il chasse par haut ou par bas .Tels les vomitifs , purgatifs et toutes les choses répugnantes au goût .Il en est d ' insipides , dont il se débarrasse sans en percevoir l ' influence .",
                  "id": "1",
                  "title": "Principes de la doctrine médicale homoeopathique, par L. Salevert de Fayolle,..."
            },
            {
                  "doc_url": "https://gallica.bnf.fr/ark:/12148/bpt6k42378550",
                  "emotions": [
                        "disgust"
                  ],
                  "excerpt": "Il y a parmi eux d ’ aufli belles femmes , à la couleur près que dans aucun autre pays du monde : elles ont beaucoup de goût pour les blancs .Au refte , ces femmes ont toujours la pipe à la bouche , & leur peau a aufli un peu d ’ odeur défagréable lorfqu ’ elle efl : échauffée .Les Negres de l ’ Ifle de Corée & de la Côte du Cap - Verd , font bien faits , comme ceux du Sénégal : ils font un fl grand cas de leur couleur , qui efl en effet d ’ un noir d ’ ébene profond & éclatant , qu ’ ils méprifent les autres Negres qui ne font pas fi noirs , comme les Blancs mé - H O M 339 tarifent les bafanés .",
                  "id": "2",
                  "title": "Dictionnaire raisonné universel d'histoire naturelle, contenant l'histoire des animaux, des végétaux et des minéraux, et celle des corps célestes, des météores et autres principaux phénomènes de la nature, avec l'histoire et la description des drogues simples tirées des trois règnes et le détail de leurs usages dans la médecine, dans l'économie domestique et champêtre et dans les arts et métiers, par M. Valmont de Bomare,.... Tome 3"
            },
            {
                  "doc_url": "https://gallica.bnf.fr/ark:/12148/bpt6k96672105",
                  "emotions": [
                        "disgust",
                        "annoyance"
                  ],
                  "excerpt": "buglose .tussilage odorant .armoise vulgaire .",
                  "id": "3",
                  "title": "Le nord du globe, ou Tableau de la nature dans les contrées septentrionales. Tome 2 / ... traduit de l'anglais de M. Pennant"
            },
            {
                  "doc_url": "https://gallica.bnf.fr/ark:/12148/bpt6k5555204g",
                  "emotions": [
                        "disgust"
                  ],
                  "excerpt": "Le citadin est accoutumé à son milieu et n ' en réalise l ' horreur que lorsqu ' il le quitte pour une certaine période de temps .Habiterprès / l ' une grande rue populaire est — au point ; de vue astral — vivre sur le bord d ' un égout découvert , d ' une rivière de fange fétide qui jette toujours des éclaboussures répugnantes et des miasmes repoussants .Nul homme si peu impressionnable soit - il ne peut supporter sans préjudice indéfiniment une telle ambiance , W fable fonde de France tP 287 et vivre quelque temps à la campagne est une nécessité absolue , aussi bien au point de vue de la santé morale que de la santé plvvsique .",
                  "id": "4",
                  "title": "Bulletin trimestriel de la Table ronde de France / [gérant Y. de Lestrac]"
            },
            {
                  "doc_url": "https://gallica.bnf.fr/ark:/12148/bpt6k61451132",
                  "emotions": [
                        "disgust"
                  ],
                  "excerpt": "Suc gommo - résineux , épaissi , produit par le ferala assa foetida ( laurinées ) , arbre qui croît en Perse .Quelquefois en larmes détachées , le plus souvent en masses d ' un brun rouge , parsemées de larmes blanches et de points violets ; quand on le casse , la surface nouvelle rougit bientôt au contact de l ' air ; odeur fétide , alliacée ; saveur âcre , amère , détestable ; plus soluble dans l ' alcool que dans l ' eau : la résine y est pour 65 , la gomme pour 20 .Pesanteur spécifique , 1 , 52 .",
                  "id": "5",
                  "title": "Formulaire pharmaceutique egyptien, à l'usage des hôpitaux militaires des établissements, des corps et de la marine / rédigé par le Conseil général de Santé"
            },
            {
                  "doc_url": "https://gallica.bnf.fr/ark:/12148/bpt6k82383f",
                  "emotions": [
                        "disgust"
                  ],
                  "excerpt": "Lorfque ces eaux vitrioliques panent fur du tel gemme , elles fe décompofent , & : fe forme du fel de Glauber cette nouvelle eau minérale produit , par l ' évàporation , dn fel qui cri ~ allife aifément & qui tombe en eflorefcence à l ' air .On trouve de l ' eau 0 ~ a un parfmn temblable à celui de l ' éther cette odeur eft tfes - rugace il y a aufH de l ' eau qui un goût femblable à celui de vin de Champagne piquant codeur & te goût les font aifément ï ~ ecoti ~ oître .L ' eau fur laquelle on trouve de l ' huile de petroië en ' a l ' odeur 8e te goût elle contient fouvent un foie de foufre volatil .",
                  "id": "6",
                  "title": "Éléments de minéralogie docimastique , par M. Sage,..."
            },
            {
                  "doc_url": "https://gallica.bnf.fr/ark:/12148/bpt6k6303666p",
                  "emotions": [
                        "joy",
                        "disgust",
                        "caring"
                  ],
                  "excerpt": "Ce n ' étoit allurément pas sur les Nimphes qui compofbient la danse , qu ' on pouvoit dire Fi .Si mon odorat n ' est pas assez fin pour distinguer celles qui Tentent la peuple , de celles qui sentent la noblesse ; inon coeur me dHoic assés que celles - ci fentoienc fort bon * Une d ' entr ' elles se diflinguoit parti .culicrement par la finefle de sa taille & la régularité de sa figure .",
                  "id": "7",
                  "title": "Lettres critiques, morales et politiques de Mr le comte Maximilien de Lamberg.... Partie 2"
            },
            {
                  "doc_url": "https://gallica.bnf.fr/ark:/12148/bpt6k42378550",
                  "emotions": [
                        "disgust"
                  ],
                  "excerpt": "4 0 Enfin on donne le nom de mauvaifes herbes , à toutes les plantes qui enlèvent aux bons grains une par - HER 13 ? t : e de la fubftance de la terre qu ’ elles épuifent : celles qui font les plus nuifibles pour le bled , font la nielle , qui fe fépare difficilement du grain & noircit le pain : voye £ nielle à l ’ article Bled : la queue de renard , dont la femence reffemble à celle de froment , & .qui rend le pain amer : le ponceau ou pavot fauvage , qui fe multiplie au point d ’ étouffer le froment : le vefceron qui le fait pourrir : le chiendent , dont les racines s ’ étendent en traînaffe & nuifent au labour : le mèlilot y qui donne au pain une mauvaife odeur : les chardons & les ye - blés .A l ’ égard des herbages 3 on donne ce nom aux herbes des marais , ou aux prairies dont on fait le foin .",
                  "id": "8",
                  "title": "Dictionnaire raisonné universel d'histoire naturelle, contenant l'histoire des animaux, des végétaux et des minéraux, et celle des corps célestes, des météores et autres principaux phénomènes de la nature, avec l'histoire et la description des drogues simples tirées des trois règnes et le détail de leurs usages dans la médecine, dans l'économie domestique et champêtre et dans les arts et métiers, par M. Valmont de Bomare,.... Tome 3"
            },
            {
                  "doc_url": "https://gallica.bnf.fr/ark:/12148/bpt6k62255h",
                  "emotions": [
                        "disgust"
                  ],
                  "excerpt": "Mathilde , sous le regard du graveur , et paraissant ne point le sentir , avait les yeux obstinément attachas sur les fils télégraphiques , qui continuaient de monter et descendre .Elle s ' abandonnait , la tête appuyée au chêne culotté de la voiture , à l ' ivresse de cette fugue à travers champs elle se grisait à ces odeurs de cigare et de vapeur , auxquelles se mêlaient , montant du plancher échauffe par tes piétinements les émanations vaguement écœurantes laissées là par des centaines de voyageurs .Eugénie , appuyée < m bord de l ' ouverture , admirait les champs silencieux dans le repos du dimanche , que rompait çà et là quelque paysan sceptique ou en retard dans ses travaux .",
                  "id": "9",
                  "title": "Les amants adultères / Alexandre Boutique"
            },
            {
                  "doc_url": "https://gallica.bnf.fr/ark:/12148/bpt6k9808518n",
                  "emotions": [
                        "disgust"
                  ],
                  "excerpt": "Si plusieurs arbres s ' avoisinent , on les magnétisera et on les fera communiquer par des cordes qui iront de l ' un à l ' autre .Les malades trouvent aux arbres une odeur qu ' ils ne peuvent définir , qui leur est très désagréable , qu ' ils conservent quelque temps après les avoir quittés , et qu ' ils ressentent en y revenant .On ne peut pas assurer combien de temps un arbre conserve Je magnétisme .",
                  "id": "10",
                  "title": "Physiologie et hygiène du magnétiseur, régime diététique du magnétisé : mémoires et aphorismes de Mesmer, avec des notes / par J.-J.-A. Ricard,..."
            },
            {
                  "doc_url": "https://gallica.bnf.fr/ark:/12148/bpt6k109862z",
                  "emotions": [
                        "disgust"
                  ],
                  "excerpt": "4u ' Hérodoté et lés historiens venus après lui ne connaissaient qu ' imparfaitement les procédés de l ' embaumement qu ' ils ont décrit .Il est impossible d ' admettre que cette opération en Egypte fût accompagnée de l ' odeur repoussante que les corps placés dans le natrum répandent autour d ' eux .Cette pratique fdt devenue pour le , % grandes agglomérations d ' hommes , comme Thèbes et Memphis , une cause insupportable d ' insalubrité .",
                  "id": "11",
                  "title": "De l'embaumement chez les anciens et chez les modernes et des conservations d'anatomie normale et pathologique / par M. le docteur Sucquet,..."
            },
            {
                  "doc_url": "https://gallica.bnf.fr/ark:/12148/bpt6k5442328s",
                  "emotions": [
                        "disgust"
                  ],
                  "excerpt": "La cour du père Lincury était un trou rempli de vase .De cette boue fétide , s ' élevait une odeur repoussante , — 40 - augmentée encore par la chaleur excessive du soleil .De maigres animaux y pataugeaient et en étaient couverts .",
                  "id": "12",
                  "title": "La Vraie science du paysan, simples notions d'agriculture et d'économie rurale sous forme de causeries récréatives, par J.-M. Sorel"
            },
            {
                  "doc_url": "https://gallica.bnf.fr/ark:/12148/bpt6k5838206d",
                  "emotions": [
                        "disgust",
                        "nervousness",
                        "pain",
                        "embarrassment"
                  ],
                  "excerpt": "Dans mon coeur les rochers sont peints Tout verdis de criste marine , Et je m ' imprègne de résine Sous le vent musical des pins .L ' oeillet sauvage , fleur du sable , Exhale son parfum poivré , Et je me sens comme enivré D ' une ivresse indéfinissable .De longs groupes de saules verts , A l ' éveil des brises salées , Mêlent aux dunes éboulées Leurs feuillages , blancs à l ' envers .",
                  "id": "13",
                  "title": "Les charmeuses : paysages des bois et des grèves / André Lemoyne ; [préface de Jules Vallès]"
            },
            {
                  "doc_url": "https://gallica.bnf.fr/ark:/12148/bpt6k56539085",
                  "emotions": [
                        "disgust"
                  ],
                  "excerpt": "Me voilà donc dans cet endroit que je désirais tant atteindre .Les pierres que j ' avais poussées étaient amoncelées ; je pouvais descendre dans le fond ; mais il me fut impossible de résister à l ' odeur fétide qui s ' en exhalait .Ma chandelle était entourée d ' un cercle qui prouvait qu ' à l ' instant même elle allait être éteinte .",
                  "id": "14",
                  "title": "Souvenirs d'un prisonnier d'État. Incendie du Mont-Saint-Michel (28 novembre 1834) et évasion d'Édouard Colombat (juin 1835)"
            },
            {
                  "doc_url": "https://gallica.bnf.fr/ark:/12148/bpt6k5500709b",
                  "emotions": [
                        "disgust",
                        "greed"
                  ],
                  "excerpt": "Le soufre et l ' oxygène se combinent pour former le gaz acide sulfureux .C ' est ce vilain gaz qui sent si fort quand nous brûlons dans l ' air une allumette soufrée .Deux atomes d ' oxygène et un atome de soufre constituent la molécule d ' acide sulfureux .",
                  "id": "15",
                  "title": "La lumière : cours de neuf leçons, suivi d'une conférence sur le rôle scientifique de l'imagination / par John Tyndall,... ; traduit de l'anglais par l'abbé Raillard ; revu par l'abbé Moigno"
            },
            {
                  "doc_url": "https://gallica.bnf.fr/ark:/12148/bpt6k54423637",
                  "emotions": [
                        "disgust"
                  ],
                  "excerpt": "Les mieux indiqués & ceux qui nous ont le mieux réusíì , c ' étoient les aliments légers & C acéteux ; les gelées de coins , de groseilles , les griotes ou cerises aigres confites , la panade acidulée avec un peu de jus de citron , une décoction de corne de cerf , dans un verre de laquelle on veríoit une cuillerée de vin , le sirop de limon , l ' eau de fleurs d ' orange , la confection d ' Hyacinthe , la thériaque , le diascordium , ont été employés selon les indicarions , selon les circonstances & le goût des malades .Un analeptique aííez dégoûtant , mais qui nous a souvent servi pour les pauvres , c ' est le vin rouge dans du bouillon .J ' ai observé ailleurs qu ' il nous avoit fallu beaucoup de précautions pour user dç vin dans cette maladie .",
                  "id": "16",
                  "title": "Observations de médecine sur une fièvre épidémique qui a régné dans le Champsaur et le Valgaudemar en Dauphiné, pendant les années 1779 et 1780 / par M. D. Villar,..."
            },
            {
                  "doc_url": "https://gallica.bnf.fr/ark:/12148/bpt6k42378550",
                  "emotions": [
                        "disgust",
                        "disapproval"
                  ],
                  "excerpt": "Cette plante a l ’ odeur de l ’ ortie puante , elle naît fur les décombres & le long des haies .On ne fe fertguere de cette plante qu ’ extérieure - ment , à caufe de fon odeur fétide , & : de 1a faveur défa - gréable .On l ’ emploie pour déterger & réfoudre les tumeurs , pour guérir toutes les galles d ’ une mauvaife qualité , les dartres & les boutons .",
                  "id": "17",
                  "title": "Dictionnaire raisonné universel d'histoire naturelle, contenant l'histoire des animaux, des végétaux et des minéraux, et celle des corps célestes, des météores et autres principaux phénomènes de la nature, avec l'histoire et la description des drogues simples tirées des trois règnes et le détail de leurs usages dans la médecine, dans l'économie domestique et champêtre et dans les arts et métiers, par M. Valmont de Bomare,.... Tome 3"
            },
            {
                  "doc_url": "https://gallica.bnf.fr/ark:/12148/bpt6k4237635j",
                  "emotions": [
                        "disgust"
                  ],
                  "excerpt": "Lévêque - Lasouree et moi ouvrîmes le cadavre le 12 février , quatre - vingt - quatre heures après la mort , au cimetière de l ’ Est , après exhumation .Le corps répandait une odeur fétide assez prononcée .La cavité abdominale était très météorisée ; la peau du ventre et des membres était violâtre , et infiltrée par un commencement de décomposition putride .",
                  "id": "18",
                  "title": "Recherches pathologiques et pratiques sur les maladies de l'encéphale et de la moelle épinière / par Jean Abercrombie... ; Traduites de l'anglais et augmentées de notes... par A.-N. Gendrin,..."
            },
            {
                  "doc_url": "https://gallica.bnf.fr/ark:/12148/bpt6k109862z",
                  "emotions": [
                        "disgust"
                  ],
                  "excerpt": "Je disposai dans le cabinet des terrines dégageant du chlore gazeux ; le natrum fut rapidement enlevé et le corps de l ' enfant fut mis à découvert .L ' odeur infecte répandue pendant la durée de l ' expérimentation a pu sans doute faire croire que ce corps devait être l ' objet d ' une putréfaction profonde .Je le pensais aussi moi - même et je comptais le trouver ballonné dans toutes ses parties et d ' un vert brunâtre dans toute sa superficie .",
                  "id": "19",
                  "title": "De l'embaumement chez les anciens et chez les modernes et des conservations d'anatomie normale et pathologique / par M. le docteur Sucquet,..."
            },
            {
                  "doc_url": "https://gallica.bnf.fr/ark:/12148/bpt6k91693j",
                  "emotions": [
                        "disgust",
                        "gratitude"
                  ],
                  "excerpt": "Lefel volatil ammoniac , fait par de la craie eft aani votant que celui fait par de l ' alkali 6xe , ëf n ' en differe point .J ' ai expofé a l ' air oa gros de fel volatil ammoniac fait par de ta craie , enveloppe dans du papier it s ' e & diffipé vingt - quatre gratns de fubitance dans t ' espace de deux jours il eft rette quarante - huit grains de matiere latine aikatine , qui exhalait , étant chauffée , unetégere odeur d ' atkati votatit .Cette matiere eft toute latine , & volatile en totalité à une chaleur même fort modérée .",
                  "id": "20",
                  "title": "Chymie expérimentale et raisonnée. Tome 2 / , par M. Baumé,..."
            }
      ]
}