{
      "articles": [
            {
                  "doc_url": "https://gallica.bnf.fr/ark:/12148/bpt6k66292p",
                  "emotions": [
                        "disgust",
                        "annoyance"
                  ],
                  "excerpt": "cacheter donnait un air candide à sa coquetterie .Buguet l ' ouvrit un parfum émut le jeune homme .On dirait qu ' elle en a versé une goutte à dessein H lut .",
                  "id": "1",
                  "title": "Le jardinier de la Pompadour : roman (4e éd.) / Eugène Demolder"
            },
            {
                  "doc_url": "https://gallica.bnf.fr/ark:/12148/bpt6k64614705",
                  "emotions": [
                        "disgust"
                  ],
                  "excerpt": "A l ' état de maladie , au contraire , les choses sont loin de se passer de même .L ' organisme subit des pertes souvent plus fortes qu ' à l ' état de santé ; ces pertes viennent s ' ajouter à des pertes antérieures non réparées ; dans toute l ' économie , il existe de grands besoins de réparation et cependant non seulement ces besoins ne se traduisent plus par la sensation de la faim , mais la simple vue des aliments les plus propres à flatter le goût et l ' odorat ne provoque qu ' un sentiment de répulsion et de dégoût .Il semble donc que l ' économie s ' abandonne et que la force , qui préside a l ' harmonie générale et à la conservation de l ' organisme , soit annihilée ou pervertie .",
                  "id": "2",
                  "title": "Étude sur l'alimentation thérapeutique et la suralimentation / par le Dr P. Guerder"
            },
            {
                  "doc_url": "https://gallica.bnf.fr/ark:/12148/bpt6k8518522",
                  "emotions": [
                        "disgust"
                  ],
                  "excerpt": "A mesure qu ’ elle approche de sa maturité le vert riant et vif de ses feuilles prend une feinte obscure .Elle courbe la tête ; mais l ’ odeur qu ’ elle exhalait augmente et s ’ étend au loin .C ’ est alors que la plante est mûre et qu ’ il faut la couper .",
                  "id": "3",
                  "title": "Le Raynal de la jeunesse, ou Précis de l'histoire intéressante des établissemens des Européens dans les deux Indes ; avec la description des principales productions du Nouveau Monde ; l'histoire physique et curieuse de ses animaux, et les usages et les moeurs de ses habitans... abrégé et rédigé d'après l'abbé Raynal, par P.-J.-B. Nougaret."
            },
            {
                  "doc_url": "https://gallica.bnf.fr/ark:/12148/bpt6k67876b",
                  "emotions": [
                        "disgust"
                  ],
                  "excerpt": "Quand il porta fruit , tous les habitants de Babylone voulurent goûter aux fabuleuses pommes d ' or ; le jardinier les vendit une à une , mais il se garda soigneusement de toucher à celle qui couronnait la plus haute branche de l ' arbre .Celle - là était d ' une grosseur incroyable ; sa couleur faisait pâlir celle de ses compagnes , et l ' odeur qu ' elle répandait suffisait à enivrer .Le roi la voulut , car il pensait que de lui seulement elle était digne , et il envoya son ministre la querir ; mais le jardinier ne voulut pas s ' en défaire , malgré l ' or et les dignités offerts , et le roi qui s ' obstinait donna trois jours au jardinier , trois jours au bout desquels il périrait , j ' il ne portait le fruit miraculeux à son souverain .",
                  "id": "4",
                  "title": "La porte d'ivoire / Bernard Lazare"
            },
            {
                  "doc_url": "https://gallica.bnf.fr/ark:/12148/bpt6k1765248",
                  "emotions": [
                        "disgust",
                        "annoyance"
                  ],
                  "excerpt": "i .i - iieure , et parut n expirer « jne par I effet de l ' odeur de ces feuilles .M .",
                  "id": "5",
                  "title": "Histoire naturelle de Lacépède ; tome I. Histoire naturelle de Lacépède comprenant les cétacés, les quadrupèdes ovipares, les serpents et les poissons. précédée de L'éloge de Lacépède. Tome 1 / avec des notes et la nouvelle classification de M. A.-G. Desmarest,... ; par Cuvier"
            },
            {
                  "doc_url": "https://gallica.bnf.fr/ark:/12148/bpt6k6149169p",
                  "emotions": [
                        "disgust"
                  ],
                  "excerpt": ") .- Douleur vulsive dans le nez .- Le matin , odeur dans le nez comme celle d ' un vieux coryza .",
                  "id": "6",
                  "title": "Traité de matière médicale homoeopathique... traduit... par Dr Léon Simon,... Dr Vt-Léon Simon,..."
            },
            {
                  "doc_url": "https://gallica.bnf.fr/ark:/12148/bpt6k6149169p",
                  "emotions": [
                        "disgust"
                  ],
                  "excerpt": "- Ardeur à la face , autour du nez et de la lèvre supé ^ rieure , comme par le contact d ' un corps corrosif .- Sueur à la 52 PHOSPHORDS face , qui est froide , avec nausées , dans la matinée .- Bouffissure de la face .",
                  "id": "7",
                  "title": "Traité de matière médicale homoeopathique... traduit... par Dr Léon Simon,... Dr Vt-Léon Simon,..."
            },
            {
                  "doc_url": "https://gallica.bnf.fr/ark:/12148/bpt6k6149169p",
                  "emotions": [
                        "disgust"
                  ],
                  "excerpt": "- ( 56 - 60 et 70 - 72 ; 153 et 227 - 228 ) .- On a comme une odeur de fumier dans le nez ( au b .de 16 h .",
                  "id": "8",
                  "title": "Traité de matière médicale homoeopathique... traduit... par Dr Léon Simon,... Dr Vt-Léon Simon,..."
            },
            {
                  "doc_url": "https://gallica.bnf.fr/ark:/12148/bpt6k57732022",
                  "emotions": [
                        "disgust"
                  ],
                  "excerpt": "Le bruit assourdissant d ' un mauvais , mais nombreux orchestre écorchait les oreilles les mieux aguerries .L ' odeur qui se dégageait des saladiers devin chaud , la fumée des pipes , la sueur mélangée des danseurs formaient une atmosphère capable d ' écoeurer les plus intrépides .C ' était un brouhaha immense , un bourdonnement confus ; les conversations , toujours les mêmes , étaient du genre de celle - ci : .",
                  "id": "9",
                  "title": "Paris oublié / Charles Virmaître"
            },
            {
                  "doc_url": "https://gallica.bnf.fr/ark:/12148/bpt6k9808518n",
                  "emotions": [
                        "disgust"
                  ],
                  "excerpt": "Nous parlerons du goût et de l ' odorat en les envisageant tous deux sous un seul et même point de vue , celui de la propreté .Un magnétiseur qui aurait le désagrément d ' être atteint de fétidité d ' haleine devra prendre tous les moyens imaginables pour masquer une odeur capable d ' inspirer une répugnance préjudiciable aux effets salutaires de la magnétophœnie .Les fumeurs ne devront pas être moins soigneux de leur bouche .",
                  "id": "10",
                  "title": "Physiologie et hygiène du magnétiseur, régime diététique du magnétisé : mémoires et aphorismes de Mesmer, avec des notes / par J.-J.-A. Ricard,..."
            },
            {
                  "doc_url": "https://gallica.bnf.fr/ark:/12148/bpt6k9808518n",
                  "emotions": [
                        "disgust",
                        "nervousness"
                  ],
                  "excerpt": "C ' est surtout dans les organes des sens que l ' on observe ces anomalies étranges .Ainsi l ' odeur du lièvre faisait évanouir mademoiselle Contat ; il en est auxquels l ' odeur de la tanaisie fait éprouver un malaise indétinissable , d ' autres qui détestent l ' odeur du citron , d ' autres celle des cerises ; Odier fait mention d ' une femme à laquelle l ' odeur du musc causait une aphonie qu ' un bain froid faisait cesser aussitôt .Des auteurs de médecine parlent d ' un jeune garçon qui tombait en épilepsie à la vue du rouge .",
                  "id": "11",
                  "title": "Physiologie et hygiène du magnétiseur, régime diététique du magnétisé : mémoires et aphorismes de Mesmer, avec des notes / par J.-J.-A. Ricard,..."
            },
            {
                  "doc_url": "https://gallica.bnf.fr/ark:/12148/bpt6k918635",
                  "emotions": [
                        "disgust"
                  ],
                  "excerpt": "« Elle se dissout abondamment dans l ' eau , surtout à « chaud sa dissolution reste toujours laiteuse , même après « la filtration .Mise sur un charbon ardent , elle se boursoufle , « secharbonne promptemcnt et répand une odeur comme le « sucre ou la gomme ; eile donne un produit acide , à la distil « lation , accompagné d ' un peu d ' ammoniaque .4 grammes « de cette matière ont été mis avec 200 grammes d ' eau et « « ) grammes d ' acide sulfurique , et on a fait bouillir le tout « pendant dix à douze heures , en ayant soin de substituer « de nouvelle eau à celle qui s ' évaporait .",
                  "id": "12",
                  "title": "Indications théoriques et pratiques sur le travail des vins : et en particulier sur celui des vins mousseux / par E.-J. Maumené,..."
            },
            {
                  "doc_url": "https://gallica.bnf.fr/ark:/12148/bpt6k918635",
                  "emotions": [
                        "disgust"
                  ],
                  "excerpt": "Gl 10 .25 j Sucré , mais ellervescent odeur vi -j neuse .15 fi 13 .",
                  "id": "13",
                  "title": "Indications théoriques et pratiques sur le travail des vins : et en particulier sur celui des vins mousseux / par E.-J. Maumené,..."
            },
            {
                  "doc_url": "https://gallica.bnf.fr/ark:/12148/bpt6k5652626r",
                  "emotions": [
                        "disgust",
                        "greed"
                  ],
                  "excerpt": "Le démon qui la possédait depuis longtemps l ' avait déjà tellement suffoquée , qu ' ayant perdu l ' usage de la vue , de l ' ouïe et de la parole , grinçant des dents et étendant la langue de même que la trompe d ' un éléphant , elle semblait plutôt un monstre qu ' une femme .La saleté de son visage , qui paraissait terrible et épouvantable , et la puanteur de son haleine , étaient des marques de l ' impureté de l ' esprit qui habitait dans son corps .• • » Après que le serviteur de Dieu l ' eut regardée ^ il connut que l ' ennemi qui la possédait était violemment attaché à elle et qu ' il ne sortirait pas facilement d ' une maison de laquelle il avait été si longtemps le maître .",
                  "id": "14",
                  "title": "Histoire de Nicole de Vervins, d'après les historiens contemporains et témoins oculaires, ou Le triomphe du Saint-Sacrement sur le démon, à Laon, en 1566 / par l'abbé J. Roger,..."
            },
            {
                  "doc_url": "https://gallica.bnf.fr/ark:/12148/bpt6k5652626r",
                  "emotions": [
                        "surprise",
                        "disgust",
                        "anger"
                  ],
                  "excerpt": "he , et , sans rien dire à personnede la compagnie , .pas même aux médecins , la jette dans cette bouche béante : Cette liqueur , presque noire , était si puante , que je mis promptement ma main dextre en avant , criant : « Fi donc ! notre maître Carlier , que lui baillezvous là ? » Et il n ' en put jeter davantage .Ma main fut tellement tachée et puante que , pendant trois jours , je mangeai avec la senextre .",
                  "id": "15",
                  "title": "Histoire de Nicole de Vervins, d'après les historiens contemporains et témoins oculaires, ou Le triomphe du Saint-Sacrement sur le démon, à Laon, en 1566 / par l'abbé J. Roger,..."
            },
            {
                  "doc_url": "https://gallica.bnf.fr/ark:/12148/bpt6k98031928",
                  "emotions": [
                        "disgust",
                        "fear"
                  ],
                  "excerpt": "Sa course ne se fait pas par des mouvemens égaux , mais par sauts et par bonds .Presque tous les animaux frémissent et s ' enfuient à sa seule odeur ; l ' éléphant , le rhinocéros , le tigre , l ' hippopotame , sont les seuls qui puissent lui résister .Le caractère du lion est noble , magnanime , et on l ' a vu donner la vie à ceux qu ' on avait dévoués à la mort en les lui jetant pour proie , LE TIGRE .",
                  "id": "16",
                  "title": "La petite ménagerie des quadrupèdes, ou Description des animaux les plus utiles, les plus rares et les plus curieux..."
            },
            {
                  "doc_url": "https://gallica.bnf.fr/ark:/12148/bpt6k98031928",
                  "emotions": [
                        "disgust",
                        "fear"
                  ],
                  "excerpt": "Sa course ne se fait pas par des mouvemens égaux , mais par sauts et p - ir bonds .Presque tous les animaux frémissent et s ' enfuient à sa seule odeur ; l ' éléphant , le rhinocéros , le tigre , l ' hippopotame , sont les seuls qui puissent lui résister .Le caractère du lion est noble , magnanime , et on l ' a vu donner la vie à ceux qu ' on avait dévoués à la mort en les lui jetant pour proie , LE TIGRE .",
                  "id": "17",
                  "title": "La petite ménagerie des quadrupèdes, ou Description des animaux les plus utiles, les plus rares et les plus curieux..."
            },
            {
                  "doc_url": "https://gallica.bnf.fr/ark:/12148/bpt6k503942r",
                  "emotions": [
                        "disgust",
                        "annoyance",
                        "embarrassment"
                  ],
                  "excerpt": "Nous abattons en très peu de temps un nombre considérable de pièces et nous en chargeons les bras de nos soldats qui , bouche bée , nous contemplent .Les bottes dégouttantes d ' eau et de boue grasse , car nous avons traversé des marécages en enfonçant jusqu ' aux genoux , nous remontons à cheval et partons à la recherche de nos voitures .Ce que nous avions craint était arrivé ; elles avaient quitté le bon chemin et nous attendaient dans une auberge infecte où nous finîmes par les découvrir après deux heures de recherches .",
                  "id": "18",
                  "title": "En Mongolie, 15 juin-22 septembre 1902 / Cte de Lesdain,..."
            },
            {
                  "doc_url": "https://gallica.bnf.fr/ark:/12148/bpt6k54181855",
                  "emotions": [
                        "disgust"
                  ],
                  "excerpt": "Les typhiques , pour la plupart sujets indigènes , étaient traités à leur entrée à l ' hôpital comme leurs coreligionnaires non typhiques , par le premier bain de propreté .Eh bien , les salles des indigènes atteints d ' autres pyrexies n ' ont jamais exhalé cette odeur de putréfaction qui se dégageait du pavillon d ' isolement , surtout dans une salle dont on avait un instant fermé les fenêtres .Jamais , après la visite aux indigènes , dont la propreté est très douteuse , nous n ' avons ressenti le malaise spécial accompagné de vertige et de nausées qui nous saisissait à la sortie de l ' ambulance pour peu que la visite se fût prolongée .",
                  "id": "19",
                  "title": "Le typhus exanthématique à Bône : épidémie de 1909 (avril-juin) / par Joseph Quillié,..."
            },
            {
                  "doc_url": "https://gallica.bnf.fr/ark:/12148/bpt6k91693j",
                  "emotions": [
                        "disgust",
                        "nostalgia",
                        "excitement",
                        "nervousness"
                  ],
                  "excerpt": "La diffolution de cette terre par de l ' acide ni .treux s ' eft faite avec vive effervefcence : elle exhatoit une odeur de vieittegraiue : elle écoitd ' une couteur ambrée plus ibncée que taptécédenie elle avoitunefavenratununeufe très Kvptique .La liqueur s ' eit concentrée & : réduitepre ~ ue arien fans fournir decry & aux .",
                  "id": "20",
                  "title": "Chymie expérimentale et raisonnée. Tome 2 / , par M. Baumé,..."
            }
      ]
}