{
      "articles": [
            {
                  "doc_url": "https://gallica.bnf.fr/ark:/12148/bpt6k9669477n",
                  "emotions": [
                        "disgust",
                        "fear"
                  ],
                  "excerpt": "Une maladresse de l ' opérateur répand une partie , de la teinture sur les vêtements .L ' odeur désagréable se répand dans toute la chambre , la malade ne bronche pas ; à peine réveillée , à la manière que nous employons d ' ordinaire chez elle , par un léger souffle sur la main : « Quelle odeur horrible ! ..",
                  "id": "1",
                  "title": "La suggestion mentale et l'action à distance des substances toxiques et médicamenteuses / par les Drs H. Bourru et P. Burot,..."
            },
            {
                  "doc_url": "https://gallica.bnf.fr/ark:/12148/bpt6k5424925p",
                  "emotions": [
                        "disgust"
                  ],
                  "excerpt": "Voici les faits qui nous ont suggéré l ' idée d ' un tel rapprochement ' : « En 1850 , le 4 juin , dit M .Goldschmidt , brouillard sec à » odeur sulfureuse .Le lendemain 5 , à neuf heures du soir , » gros bolide vu sur une grande partie de la France .",
                  "id": "2",
                  "title": "Mémoires de la Société archéologique d'Eure-et-Loir"
            },
            {
                  "doc_url": "https://gallica.bnf.fr/ark:/12148/bpt6k6574445j",
                  "emotions": [
                        "disgust",
                        "nostalgia",
                        "relief"
                  ],
                  "excerpt": "— A peine rentrée au Chalet , Jeanne s ' enferma dans sa chambre , et ouvrant un coffret plein de lettres d ' Adrien , elle relut avidement les plus récentes .Et à mesure qu ' elle tournait ces feuillets épars , comme on remue des feuilles mortes de l ' an passé , il s ' exhalait de cet amas de pa - piers une mortelle odeur d ' abandon et de lassitude .Pour la première t ' ois elle lisait entre les lignes avec une lucidité cruelle .",
                  "id": "3",
                  "title": "Michel Verneuil / par André Theuriet"
            },
            {
                  "doc_url": "https://gallica.bnf.fr/ark:/12148/bpt6k9685934x",
                  "emotions": [
                        "disgust"
                  ],
                  "excerpt": "La tumeur , encore très - mobile néanmoins , ne paraissait envoyer aucune racine en dehors de sa base , soit sous le bord du grand pectoral , soit dans le sommet de l ' aisselle .Mais elle formait à l ' extérieur un champignon du volume de deux poings , qui avait celà de particulier qu ' une sérosité sanieuse , d ' une odeur nauséeuse très - repoussante en sortait en quantité telle que dix à douze serviettes en étaient complètement imprégnées chaque jour .La malade et M .",
                  "id": "4",
                  "title": "Du traitement des affections cancéreuses et spécialement des cancers du sein, avec beaucoup de faits de guérison / par le Dr Michel (de Metz)"
            },
            {
                  "doc_url": "https://gallica.bnf.fr/ark:/12148/bpt6k5579893b",
                  "emotions": [
                        "disgust"
                  ],
                  "excerpt": "Le 17 , l ' ictère augmente .Diarrhée abondante de selles porracées , d ' odeur infecte .Pas de vomissements bilieux .",
                  "id": "5",
                  "title": "Étude sur une forme de cirrhose hypertrophique du foie : cirrhose hypertrophique avec ictère chronique / par Victor Hanot,..."
            },
            {
                  "doc_url": "https://gallica.bnf.fr/ark:/12148/bpt6k9664554f",
                  "emotions": [
                        "disgust",
                        "pain"
                  ],
                  "excerpt": "A mon arrivée , je trouvai la truie qui faisait des efforts pouijl mettre bas ; elle était comme paralysée du train posté - j rieur , faible , épuisée et dans un état de souffrance ex - 1 trême .Sa vulve tuméfiée donnait issue à un écoul < J ment d ' une matière fétide .« r - * Je procédai à l ' examen des parties ; j ' introduisis d bord les doigts de la main droite dans le vagin , et , ! après un effort que fit la truie , je pus toucher le museau d ' un fœtus mort ; je parvins avec la main huilée à essayer d ' en opérer l ' extraction , mais je n ' eus pas assez de prise sur lui , vu que le conduit était étroit .",
                  "id": "6",
                  "title": "Traité de l'élevage et des maladies du porc / par Ad. Bénion,..."
            },
            {
                  "doc_url": "https://gallica.bnf.fr/ark:/12148/bpt6k2292211",
                  "emotions": [
                        "disgust"
                  ],
                  "excerpt": "A l ' égard des oeufs conservés , dont on se sert pour la plupart des usages ordinaires de la cuisine , ils ont plus d ' inconvénients que les oeufs frais , en raison de leur propension à donner lieu au dégagement du gaz hydrogène sulfuré .Quant aux oeufs déjà avancés , et qui ont commencé à s ' altérer , il est peu d ' aliments plus détestables , plus putréfactifs ; et l ' impression qu ' ils causent sur l ' estomac , en excitant ordinairement un prompt vomissement , est une preuve de leurs qualités nuisibles .Les oeufs de poisson présentent beaucoup d ' analogie avec ceux des oiseaux : ils durcissent presque tous par la cuisson ; presque tous sont jaunes .",
                  "id": "7",
                  "title": "Le cuisinier parisien ou Manuel complet d'économie domestique... (6e édition) / par B. Albert"
            },
            {
                  "doc_url": "https://gallica.bnf.fr/ark:/12148/bpt6k5489220d",
                  "emotions": [
                        "disgust"
                  ],
                  "excerpt": "C ' est un aliment extrêmement agréable pendant l ' été ; il est nourrissant et sain ; cependant les personnes qui mènent une vie sédentaire , et celles dont l ' estomac est faible ne les digèrent pas très - bien .Les feuilles et les fleurs ont un goût amer très - prononcé , qui se retrouve , mais plus faible , dans l ' amande du noyau .Ce goût vient de l ' acide prussique qui se trouve dans ces parties ; cet acide est la cause de leur qualité purgative ; prises à forte dose , elles occasionneraient la mort .",
                  "id": "8",
                  "title": "Leçons de botanique à l'usage des jeunes gens des deux sexes ou Instructions sur le règne végétal présentées à l'esprit et au coeur / par Mme Bonifas-Guizot..."
            },
            {
                  "doc_url": "https://gallica.bnf.fr/ark:/12148/bpt6k97633731",
                  "emotions": [
                        "disgust",
                        "fear",
                        "disapproval",
                        "pain"
                  ],
                  "excerpt": "Ces eaux puantes , infectes , sont épaisses comme la bourbe d ' un épais marécage .L ' aspect en est hideux , horrible ; leurs émanations sont dégoûtantes , et elles brûlent comme le feu .Là , le pleur éternel et l ' éternel grincement de dents .",
                  "id": "9",
                  "title": "Vie de l'admirable sainte Alpais : vierge et bergère du diocèse de Sens (1150-1211) (2e éd.) / par l'abbé Victor Martin,..."
            },
            {
                  "doc_url": "https://gallica.bnf.fr/ark:/12148/bpt6k55022119",
                  "emotions": [
                        "disgust"
                  ],
                  "excerpt": "Point , quand il est pur .Impur , il a une odeur fétide rappelant un peu l ' odeur de l ' hydrogène oiilfuré .Eau .",
                  "id": "10",
                  "title": "Guide élémentaire pour les premières recherches d'analyse qualitative des matières minérales / par F. Parmentier,..."
            },
            {
                  "doc_url": "https://gallica.bnf.fr/ark:/12148/bpt6k57844119",
                  "emotions": [
                        "disgust"
                  ],
                  "excerpt": ") Hongroyeurs .— Mauvaise odeur .( 2 ° classe , D .",
                  "id": "11",
                  "title": "Procédure administrative des bureaux de police : à l'usage des préfectures, sous-préfectures, mairies et commissariats de police / par M. Brayer,..."
            },
            {
                  "doc_url": "https://gallica.bnf.fr/ark:/12148/bpt6k5838967h",
                  "emotions": [
                        "disgust",
                        "curiosity"
                  ],
                  "excerpt": "L ' odeur de vase et de poisson pourri devient définitive .Le fromage de Brie sent - il moins mauvais ? Davantage .Mais nous avons nos habitudes , même dans la puanteur .",
                  "id": "12",
                  "title": "Le Nouveau Visage de la Cochinchine / Henri Danguy"
            },
            {
                  "doc_url": "https://gallica.bnf.fr/ark:/12148/bpt6k9741620r",
                  "emotions": [
                        "disgust"
                  ],
                  "excerpt": "- Faiblesse générale ; empâtement de la langue ; pouls à 84 ; les taches typhoïdes s ' effacent peu à peu .L ' urine exhale une odeur fétide ; elle est acide .1 tasse bouill .",
                  "id": "13",
                  "title": "Clinique médicale de l'hôpital de la Charité, ou Exposition statistique des diverses maladies traitées à la clinique de cet hôpital. Tome 1 / par J. Bouillaud,..."
            },
            {
                  "doc_url": "https://gallica.bnf.fr/ark:/12148/bpt6k5450473m",
                  "emotions": [
                        "disgust"
                  ],
                  "excerpt": "Chez les hyperchlorhydriques , elles rappellent la forte puanteur de faute des animaux carnivores .Tous les aliénistes ont noté l ' épouvantable odeur des excréments chez les fous .C ' est que le système nerveux , qui influe sur tous les phénomènes osphrésiologiques , étend aussi son remarquable empire sur l ' odeur fécale .",
                  "id": "14",
                  "title": "Les odeurs du corps humain : causes et traitements / Dr E. Monin"
            },
            {
                  "doc_url": "https://gallica.bnf.fr/ark:/12148/bpt6k5450473m",
                  "emotions": [
                        "disgust",
                        "greed"
                  ],
                  "excerpt": "252 Les odeurs du corps humain ^ sei - - - Dans le cancer vésical , l ' urine a l ' odeur véritable du purin .Elle laisse déposer un putrilage puant , présentant la fétidité absolument caractéristique et cadavéreuse de lavure de chair ( t ; éré , Th .de Paris , 1881 ) : ce n ' est que dans le cancer , et non dans les autres tumeurs , villeuse , papillomateuse , etc .",
                  "id": "15",
                  "title": "Les odeurs du corps humain : causes et traitements / Dr E. Monin"
            },
            {
                  "doc_url": "https://gallica.bnf.fr/ark:/12148/bpt6k5450473m",
                  "emotions": [
                        "disgust"
                  ],
                  "excerpt": "Ses extrémités sont arrondies et il se laisse colorer par la méthode de Gram .On peut rapprocher de cette « odeur pourrie et puante de féteur cadavéreuse » ( Amb .Paré ) , l ' ulcère phagédénique des pays chauds , l ' ulcère pianiforme de Mozambique , l ' yaw , le framboesia , le buba , le pian , le tonga , etc .",
                  "id": "16",
                  "title": "Les odeurs du corps humain : causes et traitements / Dr E. Monin"
            },
            {
                  "doc_url": "https://gallica.bnf.fr/ark:/12148/bpt6k5443036m",
                  "emotions": [
                        "disgust"
                  ],
                  "excerpt": ".Il s ' en exhalait une odeur putride assez forte ..",
                  "id": "17",
                  "title": "Mémoire sur une épidémie de fièvre lente nerveuse, observée à Saint-Étienne / par le Dr Prosper Million,..."
            },
            {
                  "doc_url": "https://gallica.bnf.fr/ark:/12148/bpt6k57844119",
                  "emotions": [
                        "disgust",
                        "fear"
                  ],
                  "excerpt": ") Huiles de lin ( Cuisson des ) .— Odeur très - désagréable et danger du feu .( lr « classe .",
                  "id": "18",
                  "title": "Procédure administrative des bureaux de police : à l'usage des préfectures, sous-préfectures, mairies et commissariats de police / par M. Brayer,..."
            },
            {
                  "doc_url": "https://gallica.bnf.fr/ark:/12148/bpt6k9484321",
                  "emotions": [
                        "disgust",
                        "envy"
                  ],
                  "excerpt": "Cela les posait devant leurs concitoyens , vulgaires piétons qu ’ ils écrasaient de leur importance .Rossinante — pas plus que son maître — ne les avait en odeur de sainteté .D ’ après lui , trotter pour le Diable après avoir trotté pour Dieu n ’ avait pas bonne façon .",
                  "id": "19",
                  "title": "Les chevaliers de la Brousse : pour Dieu et pour les âmes ! / [lettres de Mgr Castellan, de Mgr Du Bois de La Villerabel et de Mgr Besson]"
            },
            {
                  "doc_url": "https://gallica.bnf.fr/ark:/12148/bpt6k57844119",
                  "emotions": [
                        "disgust"
                  ],
                  "excerpt": ") Cuirs verts et peaux fraîches ( Dépôts de ) .— Odeur désagréable et insalubre .( 2 ° classe , D .",
                  "id": "20",
                  "title": "Procédure administrative des bureaux de police : à l'usage des préfectures, sous-préfectures, mairies et commissariats de police / par M. Brayer,..."
            }
      ]
}