{
      "articles": [
            {
                  "doc_url": "https://gallica.bnf.fr/ark:/12148/bd6t5374604r",
                  "emotions": [
                        "disgust"
                  ],
                  "excerpt": "Les sulfates sont lourds à l ’ estomac et à la dose de 0F , 300 par litre communiquent déjà à l ’ eau un goût déplaisant , la rendent facilement altérable sous l ’ influence des agents réducteurs , très répandus dans la nature .Cette eau corrompue prend une odeur désagréable d ’ acide sulfhydrique .Si l ’ on peut admettre , dans une eau de boisson , la présence de 05 , 5 de bicarbonate de chaux par litre , on doit rejeter une eau contenant 0F , 92 par litre .",
                  "id": "1",
                  "title": "Traité de l'épuration des eaux naturelles et industrielles, par E. Delhotel,..."
            },
            {
                  "doc_url": "https://gallica.bnf.fr/ark:/12148/bpt6k60313093",
                  "emotions": [
                        "disgust"
                  ],
                  "excerpt": "On dit que M .le Préfet et la commission d ' hygiène sont allés mettre leur nez dans ce cloaque infect ? Si ces messieurs r / ont pas l ’ odorat blindé et cuirassé , ils auront sans doute pitié des riverains dont la situation est intenable .Il n ’ y a qu ’ un cri à ce sujet à Montauban .",
                  "id": "2",
                  "title": "Courrier de Tarn-et-Garonne : journal politique, littéraire, judiciaire, d'annonces et avis divers [\"puis\" journal des intérêts conservateurs \"puis\" journal monarchiste constitutionnel]"
            },
            {
                  "doc_url": "https://gallica.bnf.fr/ark:/12148/bpt6k1412296m",
                  "emotions": [
                        "disgust"
                  ],
                  "excerpt": "On la retire ensuite pour égoutter et après avoir visité l ’ intérieur du tonneau , on le rince jusqu ’ à ce que l ’ eau en sorte claire .l » oui ' enlever le goût d ’ aigre aux tonneaux .On ouvrira la bonde pendant 24 heures environ , en tenant le tonneau renversé sur la bonde .",
                  "id": "3",
                  "title": "Livre de poche du négociant en vins et spiritueux"
            },
            {
                  "doc_url": "https://gallica.bnf.fr/ark:/12148/bpt6k5844498c",
                  "emotions": [
                        "disgust",
                        "disapproval",
                        "approval"
                  ],
                  "excerpt": "Incommodant ( ko - * * o * UM \\ a adj .Qui g * * * , incomàode ; odeur incommodant * .AST .",
                  "id": "4",
                  "title": "Larousse classique illustré : nouveau dictionnaire encyclopédique / par Claude Augé..."
            },
            {
                  "doc_url": "https://gallica.bnf.fr/ark:/12148/bpt6k6238546q",
                  "emotions": [
                        "disgust",
                        "greed"
                  ],
                  "excerpt": "rancidité , .goût nauséabond .~ Raneié , ' B .",
                  "id": "5",
                  "title": "Dictionnaire analogique & étymologique des idiomes méridionaux qui sont parlés depuis Nice jusqu'à Bayonne et depuis les Pyrénées jusqu'au centre de la France... / par L. Boucoiran"
            },
            {
                  "doc_url": "https://gallica.bnf.fr/ark:/12148/bpt6k5806043j",
                  "emotions": [
                        "disgust",
                        "excitement"
                  ],
                  "excerpt": "141 sous lui .Il exhalait l ' odeur fiévreuse des marches forcées , son teint s ' était cuivré et dans ses yeux déjà perçait la lueur qui éclaire les regards des fauves et des rôdeurs de grands chemins .Il s ' appuyait sur un bâton cueilli en une chênaie et ses souliers éculés et ses loques dépenaillées faisaient sécher sur leur cuir fendillé les crachats que la boue réserve aux pauvres sires .",
                  "id": "6",
                  "title": "La Légende d'Yperdamme... / Eugène Demolder"
            },
            {
                  "doc_url": "https://gallica.bnf.fr/ark:/12148/bpt6k6124905d",
                  "emotions": [
                        "disgust"
                  ],
                  "excerpt": "Son action , à froid , a été suivie d ' effervescence ; la chaleur du bain de sable très - ménagée , a fait naître dans le mélange , une couleur d ' un brun jaunâtre ; sa saveur était tres - stiptique .Porté à l ' ébullition , il â répandu des Vapeurs blanches d ' acide muriatique ; elles auraient été de couleur jaune , d ' une odeur suffocante , d ' une saveur acre ; en un mot , il se serait formé du gaz muriatique - ^ oxigéné [ Chlore de MM .Thénard et Gaj - Lussac ] , sil ' ëau de la fontaine dé Sainte - Quitérie eût contenu du .",
                  "id": "7",
                  "title": "Analise de l'eau minérale de la fontaine de Tarascon (Ariège), connue sous le nom de l'eau de la fontaine de Sainte-Quitérie, par J.-P. Magnes,..."
            },
            {
                  "doc_url": "https://gallica.bnf.fr/ark:/12148/bpt6k29873z",
                  "emotions": [
                        "disgust"
                  ],
                  "excerpt": "Sa tige souterraine est épaisse , traçante ; ses frondes en touffes longues de 0m , S0 à 0 \" , 80 et plus ; à pétiole écailleux , surtout dans le bas ; sores assez gros sur deux lignes rapprochées .Sa racine a une saveur âpre et légèrement simère , une odeur nauséabonde et désagréable .On en a retiré , au moyen de l ' éther , indépendamment de sa matière colorante , - une huile volatile odorante , de l ' élaïne et de la stéarine ; puis du résidu épuisé par l ' éther et traité par l ' alcool , du tannin , de l ' acide gallique et du sucre incristallisable .",
                  "id": "8",
                  "title": "Dictionnaire général des sciences théoriques et appliquées. Partie 1 / par MM. Privat-Deschanel,... [et] Ad. Focillon"
            },
            {
                  "doc_url": "https://gallica.bnf.fr/ark:/12148/bpt6k58045301",
                  "emotions": [
                        "disgust"
                  ],
                  "excerpt": "Pensez - vous que jo sois sourd ? — Attrape , ver do terre , dit Grosbec .Ventre do bicho I quelle fameuse odeur on respire céans ! — Excusez ! une odeur domaréo corrompue , dit lo nain .— De verveine , bêta .",
                  "id": "9",
                  "title": "L'île de Sable : drames de l'Amérique du Nord / par Émile Chevalier"
            },
            {
                  "doc_url": "https://gallica.bnf.fr/ark:/12148/bpt6k5844498c",
                  "emotions": [
                        "disgust"
                  ],
                  "excerpt": "Genre de ruhiwêe * .Atpérul * odorante , petit muguet ou relue - des - bote , Aspat ( at - fih « a - i .* » ° * ( ttaute - Gtroaae ) , arr .",
                  "id": "10",
                  "title": "Larousse classique illustré : nouveau dictionnaire encyclopédique / par Claude Augé..."
            },
            {
                  "doc_url": "https://gallica.bnf.fr/ark:/12148/bpt6k6509854h",
                  "emotions": [
                        "disgust"
                  ],
                  "excerpt": "L ' opium nous arrive de l ' Inde .Il est sec , brun , d ' une cassure brillante , odeur fortement vireuse , goût amer , mais nauséabonde , soluble dans l ' eau .C ' est le suc le plus composé que l ' on connaisse jusqu ' à ce jour .",
                  "id": "11",
                  "title": "L'art de brasser, ou Manuel donnant les moyens de fabriquer dans toutes les maisons et localités de la bière, sans avoir besoin d'appareils de brasserie... / par Godard,..."
            },
            {
                  "doc_url": "https://gallica.bnf.fr/ark:/12148/bpt6k9808240f",
                  "emotions": [
                        "disgust"
                  ],
                  "excerpt": "PHYSIQUE .Elle est susceptible des Odeur , très - fétide et semblable à celle mêmes modifications de for - des œufs pourris , lorsqu ' on la frotte mes que chaux carbonatée avec un corps dur .ordinaire , et on la trouve Electricité .",
                  "id": "12",
                  "title": "Tableau méthodique des espèces minérales. Distribution méthodique des espèces minérales, indication de leurs caractères et nomenclature de leurs variétés / , 1re [-2e] partie... par J.-A.-H. Lucas,..."
            },
            {
                  "doc_url": "https://gallica.bnf.fr/ark:/12148/bpt6k5844498c",
                  "emotions": [
                        "disgust"
                  ],
                  "excerpt": "Magnifique cathédrale gothique .Cette vH ! e , fondée par le * Romains aa i « siècle de notre ère , n acquis an * renommée européenne par « on eau aromatique « I connue sous le nom d ' eau de Cologne , qui fut Inventée par JeanMarie Farina au commencement du xviti » siècle .Cologne , cb .",
                  "id": "13",
                  "title": "Larousse classique illustré : nouveau dictionnaire encyclopédique / par Claude Augé..."
            },
            {
                  "doc_url": "https://gallica.bnf.fr/ark:/12148/bpt6k6580667v",
                  "emotions": [
                        "disgust",
                        "annoyance",
                        "nervousness"
                  ],
                  "excerpt": ", ibid .Flouve odorante 86 Houlque laineuse .ibid .",
                  "id": "14",
                  "title": "L'école du jardin potager, contenant, mois par mois, l'indication des travaux, de la culture et des semences à faire... pour le potager, les fourrages, céréales,... / par Mme de Guercy née Prévost,..."
            },
            {
                  "doc_url": "https://gallica.bnf.fr/ark:/12148/bpt6k97593956",
                  "emotions": [
                        "disgust"
                  ],
                  "excerpt": "Des suites d ' un fort rhume et d ' une rougeole infectieuse lui est venue la terrible maladie appelée tuberculose .Du nez et des yeux , il sortait un pus dont l ' odeur nauséabonde était si repoussante qu ' il fallait vraiment la tendresse et le dévouement de ses parents pour procéder au nettoyage si minutieux de ces parties malades .En - mars et avril 1901 , le mal empira et le péritoine se contamina comme les yeux et le nez ; le ventre devint très gros et très dur : il se couvrit de boutons énormes d ' où s ' écoulait également du pus .",
                  "id": "15",
                  "title": "Histoire d'une âme : écrite par elle-même / Sainte Thérèse de l'Enfant-Jésus et de la Sainte-Face"
            },
            {
                  "doc_url": "https://gallica.bnf.fr/ark:/12148/bpt6k5674452q",
                  "emotions": [
                        "disgust"
                  ],
                  "excerpt": "Elle était dans un amaigrissement voisin du marasme , d ' une pâleur de cire , incapable de faire un mouvement dans son lit , dans un état profond d ' anémie .Elle ne perdait plus que des eaux rousses d ' une odeur repoussante .Elle se résigna bien vite à subir l ' opération dès que je me fus assuré qu ' il y avait un polype fibreux qui garnissait tout le 4 34 vagin et dont le pédicule , de la grosseur du doigt annulaire , s ' insérait sur la partie droite interne du col qui était retroussé sur lui en manchette .",
                  "id": "16",
                  "title": "Des Corps fibreux de l'utérus et en particulier des corps fibreux intra-utérins, à propos d'un fait remarquable où le diagnostic a été en défaut de la part des célébrités médicales des deux continents, par le Dr Abeille... Extrait de la \"Gazette médicale de Paris\", année 1868"
            },
            {
                  "doc_url": "https://gallica.bnf.fr/ark:/12148/bpt6k5844498c",
                  "emotions": [
                        "disgust"
                  ],
                  "excerpt": "Ulcère du nez .qui communique AInaleice une odeur fétide .OtOles [ to - le ] , peuple de ta Grèce ancienne , dan * la Loeride occidentale .",
                  "id": "17",
                  "title": "Larousse classique illustré : nouveau dictionnaire encyclopédique / par Claude Augé..."
            },
            {
                  "doc_url": "https://gallica.bnf.fr/ark:/12148/bpt6k207168q",
                  "emotions": [
                        "disgust"
                  ],
                  "excerpt": "CAaMa - .tt LIQUUiE INCOLORE , ODEUR FORTE DE SOUFRE QUI BRULE .~ iDE SDLFnpEcx .",
                  "id": "18",
                  "title": "Médecine légale, théorique et pratique : avec le texte et l'interprétation des lois relatives à la médecine légale. T. 2 / par A. Devergie,... ; revus et annotés par J.-B.-F. Dehaussy de Robécourt,..."
            },
            {
                  "doc_url": "https://gallica.bnf.fr/ark:/12148/bpt6k9602477t",
                  "emotions": [
                        "disgust"
                  ],
                  "excerpt": "La préparation des eaux hydro - sulfureuses simples , s ' opère en chargeant l ' eau distillée de 18 ou de 13 de volume de gaz acide hydro - sulfurique .L ' eau ainsi imprégnée de ce fluide est sans couleur , elle a l ' odeur fétide du gaz , qui ressemble à celle de l ' œuf pourri , et une saveur douceâtre , nauséabonde , elle rougit les couleurs bleues végétales , etc .Lorsque ce liquide est exposé à l ' air , le gaz s ' en dégage par degrés .",
                  "id": "19",
                  "title": "Étude des eaux , par M. Textoris,..."
            },
            {
                  "doc_url": "https://gallica.bnf.fr/ark:/12148/bpt6k65442184",
                  "emotions": [
                        "disgust",
                        "frustration"
                  ],
                  "excerpt": "Une de ces courses fut ordonnée pour le lendemain ; mais pen - dant la nuit un coup de vent horrible passa sur nous , renversa nos tentes , nous força à réparer les dégâts et nous retint toute la journée auprès des dunes de sable .L ' éléphant de mer était presque épuisé , ses chairs fétides ne nous inspiraient plus que du dégoût , et quoique le pingoin soit une des plus épouvantables viandes huileuses et puantes que l ' on puisse trouver , il fallut bien de gré ou de force que nous l ' engloutissions dans notre estomac creusé par le besoin , et que rien ne pouvait rassasier .Les oies étaient devenues tellement sauvages , nous en avions immolé une si grande quantité , que nous dûmes bientôt les regarder comme une ressource perdue .",
                  "id": "20",
                  "title": "Voyage autour du monde (Nouvelle édition précédée d'une introduction de Jules Janin) / Jacques Arago"
            }
      ]
}