{
      "articles": [
            {
                  "doc_url": "https://gallica.bnf.fr/ark:/12148/bpt6k6535670h",
                  "emotions": [
                        "disgust",
                        "disapproval"
                  ],
                  "excerpt": "Cependant que l ' ellois subtil au dchers ) it feignois le niais au dedans de la maison paternelle , semblable à ces Lamies aueugles chez elles , & clairuoyantes en la Iuë , Vray menestrier , ien aùois point de pire demeure que ma retraitte , car là lés mines ri ) vi ) pere rébarbatif m ' alfa / Enoient , & les infuportables niil ; iiotifes d ' vne marastre me faisoient sortir hors de moy : l ' anuidt mere du repos estoit le séminaire de mes inquiétudes > leiourie mediuertillois parmy les compagnies , mais le foir reuenant au logis , c ' estoit pour moy vne mort , & vn enfer : que tardois - ie de creuer cette apofturrfe , qui exhalert .vne extreme puanteur .Mon pere estoit allé aux champs , & pluft à Dieu qu ' il m ' eust mené quant & luy , mais ie luy estois trop peu agreable , & trop à sa maudite femme , laquelle prenant ce temps à propos & cette occasion aux cheueux , sans admettre ny mes excuses t ny mes feintifes , battoit la nauire de mon infirmité de tous les flancs d ' rne si horrible tempeste , que te n ' en pouuoisattendre qu ' vn naufrage aflTeuré : car ic n ' estois point fit ieune , ny elle si aagee , qu ' elle n ' eust peu me vaincre auec ces amorces : mais l ' exemple de la malediéhon de Ruben , ce facrénom de Mere , cette poursuitte incestueuse , me saisissoient d ' vne fecrette horreur , qui efteignoit par vne puifTantc glace toutes les illicites ardeurs que l ' imbécillité de la chair fragile eust peu exciter en moy : sans doubte si Dieu ne in eust aydé , ie mefulîè pecdu en cet enfer abominable ; carc ' eftvn miracle euident qu ' vn si débile vaisseau ayt peu si long , temps resistes i tant de tourmentex .",
                  "id": "1",
                  "title": "Agatonphile, ou les Martyrs siciliens Agathon, Philargyrippe, Tryphine et leurs associéz, histoire dévote où se découvre l'art de bien aymer... par Monseigneur l'évesque de Belley (J.-P. Camus)"
            },
            {
                  "doc_url": "https://gallica.bnf.fr/ark:/12148/bpt6k9794038p",
                  "emotions": [
                        "disgust"
                  ],
                  "excerpt": "La tendance à la putridité s ' annonce par une altération de la nuance qui devient tuilée , terne ; la couleur rouge se précipite et le vin ne conserve que sa couleur jaune .Le vin prend un goût nauséabond - de pourri , d ' eau croupissante ; il continue à se décomposer sans passer franchement à la fermentation acétique .On peut retarder la décomposition des vins putrides , ou qui passent à la putridité : En fortifiant le titre alcoolique , en ajoutant du tanin et en mélangeant une certaine quantité de vin ferme , âpre et alcoolique ; A défaut de vin ferme , en relevant leur sève , au moyen d ' eau - de - vie ; En évitant le plus possible de les coller ( pour cette opération on donnera la préférence au blanc d ' œuf , additionné de un ou deux litres d ' eau - de - vie par pièce , afin d ' activer la coagulation albumineuse ) ; En ne faisant subir à ces vins aucune secousse , aucun voyage et en évitant , pour leur transvasement , l ' emploi des pompes aspirantes et foulantes , qui accélèrent la précipitation de la matière colorante .",
                  "id": "2",
                  "title": "Traité pratique des vins, cidres, spiritueux & vinaigres / publié sous la direction de M. Paul Le Sourd ; avec la collaboration de MM. J. Desclozeaux, A.-M. Desmoulins,... de M. Ed. Delle,... de M. H. Ferrand,... et de nombreux oenologues et viticulteurs..."
            },
            {
                  "doc_url": "https://gallica.bnf.fr/ark:/12148/bpt6k6439738n",
                  "emotions": [
                        "disgust"
                  ],
                  "excerpt": "Elles supportent donc la nappe aquifère des puits creusés jusqu ' à leur rencontre .Partout où j ' ai eu l ' occasion de voir l ' eau qui est puisée dans ces puits ou même celle des abreuvoirs à bestiaux , ouverts sur le même terrain , j ' ai constaté une odeur nauséabonde , due à la décomposition du sulfure de fer dont la masse est imprégnée .1 A l ' argile bleue , succèdent des alternances de lits d ' argile et de pierres également bleues , lorsque les agents atmosphériques n ' ont pas altéré la couleur primitive , ainsi qu ' on peut le constater dans le fond des carrières de L ' Huis - Boulet à Corbigny , où s ' extrait la pierre dite ciment romain .",
                  "id": "3",
                  "title": "Observations géologiques sur les failles du département de la Nièvre / par F. Lefort,..."
            },
            {
                  "doc_url": "https://gallica.bnf.fr/ark:/12148/bpt6k5624752c",
                  "emotions": [
                        "disgust"
                  ],
                  "excerpt": "Au Dracénois , après deux ou trois jours , Parfois plus tôt , en poursuivant son cours , L ' affreux poison qui corrode ses veines , Avec fureur se jetant sur ses aînés Ou sous ses bras , d ' une horrible tumeur Vient infliger la poignante douleur .Du noir bubon bientôt la peau livide , En se rompant , expulse un flot fétide ; Ou bien encor , tumeur et tégument , CHANT QUATRIÈME .MO , Tous deux frappés de mort anticipée , Aux vajns secours de la pharmacopée Viennent offrir un cratère fumant : Gangrène , escarre en est le noui funeste .",
                  "id": "4",
                  "title": "Le Nouveau Sceau enlevé, ou la Dracéniade, poëme héroï-comique en cinq chants, avec des notes, et suivi de la Pierre de la fée, légende rimée, par le Dr Jules C... (Cavalier, 2e édition)..."
            },
            {
                  "doc_url": "https://gallica.bnf.fr/ark:/12148/bpt6k64728348",
                  "emotions": [
                        "disgust",
                        "annoyance"
                  ],
                  "excerpt": "Inconvénients .— Odeur désagréable .Cette odeur toute ammoniacale est peu expansive , elle est surtout désagréable pour l ' ouvrier qui la supporte cependant sans accident .",
                  "id": "5",
                  "title": "L'hygiène et l'industrie dans le département du Nord : vade-mecum des conseils de salubrité, des industriels et des fonctionnaires chargés de la police sanitaire"
            },
            {
                  "doc_url": "https://gallica.bnf.fr/ark:/12148/bpt6k5484955g",
                  "emotions": [
                        "disgust"
                  ],
                  "excerpt": "— Abandonnons du blanc d ' oeuf dans un verre .Au bout de quelques jours , il dégage une odeur nauséabonde ; c ' est qu ' il s ' est décomposé ou , commoon dit , putréfié , et cette fermentation a dégagé des gaz putrides , entre autres de l ' hydrogène sulfuré el de l ' ammoniaque .MATIERES ALBUMINOIDES 430 .",
                  "id": "6",
                  "title": "Manuel de chimie : écoles primaires supérieures (jeunes filles), cours complémentaires, candidates au brevet... (8e édition revue et corrigée) / par Mme B. Gauthier-Echard,..."
            },
            {
                  "doc_url": "https://gallica.bnf.fr/ark:/12148/bpt6k6471387c",
                  "emotions": [
                        "disgust"
                  ],
                  "excerpt": "Que doivent dire les étrangers d ' un pareil voisinage ? Ils nous accusent sans doute de vénérer bien peu le génie des grands hommes qui ont illustré la Scène française , pour souffrir à côté de leurs chefs - d ' œuvres l ' égoût du Théâcre Monrai ^ sier .N ' est - H pas affligeant de penser que sa fétide exhalaison peut - se mêler à l ' encens que l ' on brûle dans le temple de Melpomène et de Thalie .Oh ! vous , qui voulez respirer un air pur , voir des tableaux agréables , trouver la morale en action , gardez - vous bien de - tourner vos pas vers l ' asile du Bambin - Brunet .",
                  "id": "7",
                  "title": "Le nouvel espion des boulevards"
            },
            {
                  "doc_url": "https://gallica.bnf.fr/ark:/12148/bpt6k6553163k",
                  "emotions": [
                        "disgust"
                  ],
                  "excerpt": "La chambre était encore assoupie .Les draps pendant sur le tapis , les couvertures , l ' oreiller fatigué , les jupes accrochées à une chaise nageaient dans une vague odeur de femme blonde qui allanguis - sait l ' air .Alors , après un bonjour bâillé du bout des lèvres , avec des flâneries lentes , des poses lassées de dormeuse à peine ré - veillée , elle se levait comme s ' il n ' eût pas été là .",
                  "id": "8",
                  "title": "Le capitaine Bric-à-Brac (moeurs militaires) / par René Maizeroy"
            },
            {
                  "doc_url": "https://gallica.bnf.fr/ark:/12148/bpt6k55688307",
                  "emotions": [
                        "disgust"
                  ],
                  "excerpt": "I .Brûler du soufre à l ' air ; il se produit un gaz à odeur suffocante : c ' est de l ' anhydride sulfureux SO 3 .Le soufre s ' enflamme facilement : d ' où son emploi dans la labrication des allumettes , de la poudre noire .",
                  "id": "9",
                  "title": "Cours expérimental de chimie à l'usage des candidats au brevet et aux écoles normales / par M. et Mme H. Grandmontagne,..."
            },
            {
                  "doc_url": "https://gallica.bnf.fr/ark:/12148/bpt6k6230653q",
                  "emotions": [
                        "disgust"
                  ],
                  "excerpt": "- - Il bout à 225 ° environ ( sous la pression 0mT 47 ) , mais sa vapeur est lente à se former ; quand on le distille avec de l ' eau , 500 grammes de cette dernière n ' entraînent pas plus de 6 grammes .Pourtant il exhale une odeur de vin extrêmement forte , désagréable , et presque enivrante quand on la respire de près .Le poids de cette vapeur est très grand ; il s ' élève à 10 , 51 fois celui de l ' air .",
                  "id": "10",
                  "title": "Traité théorique et pratique du travail des vins. Volume 1 / par E.-J. Maumené"
            },
            {
                  "doc_url": "https://gallica.bnf.fr/ark:/12148/bpt6k64728348",
                  "emotions": [
                        "disgust"
                  ],
                  "excerpt": "Inconvénients .— Odeur désagréable ; — incommodité des émanations pour les ouvriers .Ces établissements , ordinairement situés à la campagne , laissent échapper une odeur désagréable et d ' une manière continue qu ' on parvient difficilement à éviter .",
                  "id": "11",
                  "title": "L'hygiène et l'industrie dans le département du Nord : vade-mecum des conseils de salubrité, des industriels et des fonctionnaires chargés de la police sanitaire"
            },
            {
                  "doc_url": "https://gallica.bnf.fr/ark:/12148/bpt6k42205632",
                  "emotions": [
                        "disgust"
                  ],
                  "excerpt": "Description du Quinquina .Le Quinquina qui n ’ eft connu en France que depuis l ’ année 1649 , eft une écorce extrêmement feche , de l ' épaifleur de deux ou trois lignes , très - rude , couverte quelquefois d ' une moufle blanchâtre , un peu réfi - neu r e , de couleur roufle , ou de rouille de fer , d ’ une amertume très - grande , un peu aflringente , 8C d ' une odeur aromatique qui n ’ eft pas défagréable .Quelquefois on apporte le quinquina en écorce allez grande , longue de trois ou quatre pouces au moins , ÔC large d ’ un pouce , non roulée ; ce font les écorces arrachées du tronc de l ’ arbre .",
                  "id": "12",
                  "title": "Nouveaux éléments de matière médicale , extraits des leçons publiques de M. de Lamure,... avec des réflexions judicieuses... pour la connoissance des maladies, & l'application des médicaments, dans l'exercice de la pratique de la médecine, recueillis & mis en ordre par M***, docteur en médecine... Edition revue et corrigée."
            },
            {
                  "doc_url": "https://gallica.bnf.fr/ark:/12148/bpt6k6533672q",
                  "emotions": [
                        "disgust",
                        "boredom"
                  ],
                  "excerpt": "Plus pesante .Très - odorante et acre .ksi blRïlCes dp panais .",
                  "id": "13",
                  "title": "Traité de la fabrication des liqueurs et de la distillation des alcools... : suivi du traité de la fabrication des eaux et boissons gazeuses et de la description complète des opérations nécessaires pour la distillation des alcools. Tome 1 / par P. Duplais aîné"
            },
            {
                  "doc_url": "https://gallica.bnf.fr/ark:/12148/bpt6k287158",
                  "emotions": [
                        "disgust"
                  ],
                  "excerpt": "On trouve les Champignons vénéneux dans les bois épais , couverts , frais et humides sur les vieux troncs et les souches pourries sur les corps organisés en état de décomposition .Leur odeur est déplaisante ; plusieurs même exhalent une odeur infecte .Leur saveur est poivrée , âcre à la langue ou amère .",
                  "id": "14",
                  "title": "Premiers secours avant l'arrivée du médecin, ou Petit dictionnaire des cas d'urgence à l'usage des gens du monde ; suivi d'une Instruction sur les champignons... / par M. F* Cadet-Gassicourt,..."
            },
            {
                  "doc_url": "https://gallica.bnf.fr/ark:/12148/bpt6k9795299c",
                  "emotions": [
                        "disgust"
                  ],
                  "excerpt": "Il cristallise dans deux systèmes distincts et possède plusieurs états allotropiques .Il brûle à l ' air , avec une flamme bleue , en donnant de l ' anhydride sulfureux S02 , d ' une odeur suffocante .Il se combine à chaud avec la plupart des métaux , sauf l ' aluminium , l ' or et le platine .",
                  "id": "15",
                  "title": "Dictionnaire de l'industrie : matières premières, machines et appareils, méthodes de fabrication, procédés mécaniques, opérations chimiques, produits manufacturés... / Julien Lefèvre,..."
            },
            {
                  "doc_url": "https://gallica.bnf.fr/ark:/12148/bpt6k923276f",
                  "emotions": [
                        "disgust",
                        "greed"
                  ],
                  "excerpt": "— ■ Véner .Chien de haut nez , Chien qui a l ’ odorat dev ^ loppé , et retrouve facilement les voies .|Haut vol o Vol royal , Vol du héron , de la grue ou du milan .",
                  "id": "16",
                  "title": "Larousse du XXe siècle en six volumes. Tome 3 / publié sous la direction de Paul Augé"
            },
            {
                  "doc_url": "https://gallica.bnf.fr/ark:/12148/bpt6k5493803c",
                  "emotions": [
                        "disgust",
                        "disapproval",
                        "greed",
                        "doubt"
                  ],
                  "excerpt": "Partout du servilisme encourageant la honte , Il peut dire à quel taux le déshonneur s ' escompte ; Combien il faut d ' argent aux coffres de l ' État , Pour convertir un homme au rôle d ' apostat ; Comment , à la bassesse ajoutant l ' avarice , On s ' amasse un trésor qui jamais ne tarisse ; Par quel heureux prestige on leurre un député Qui s ' érige en Brutus et veut l ' égalité ; Comment on le désarme , et comment une place Dans son réseau doré l ' enchevêtre et l ' enlace ; De quel masque couvrant quelque honteux moyen , On gagne un électeur , candide citoyen , Et comment cette voix , dans l ' urne aléatoire , Donne au Juste - Milieu son infâme victoire .Hé bien ! ce n ' est pas tout : corrupteur au dedans , Il est vil au dehors , et partout ses agents , Entraînés dans l ' égout de ses ignominies * Exhalent une odeur digne des gémonies .; Brave en face du faible et lâche avec le fort , Il flatte bassement l ' autocrate du Nord .",
                  "id": "17",
                  "title": "La cause du peuple : poésies politiques publiées en 1837, 1838, 1839, 1840 et 1843 et pouvant servir de prologue au triomphe de la République (Nouvelle édition) / par Jules Baget,..."
            },
            {
                  "doc_url": "https://gallica.bnf.fr/ark:/12148/bpt6k63930752",
                  "emotions": [
                        "disgust",
                        "boredom"
                  ],
                  "excerpt": "Chair blanche , de peu de consistance .Odeur nulle .Croît au printemps et à l ' automne , dans les bois , les pâturages , parmi les mousses humidevC .",
                  "id": "18",
                  "title": "Flore mycologique du département de Tarn-et-Garonne : agaricinées... / par M. C. Roumeguère,..."
            },
            {
                  "doc_url": "https://gallica.bnf.fr/ark:/12148/bpt6k9794038p",
                  "emotions": [
                        "disgust"
                  ],
                  "excerpt": "Dès que le liquide soumis à la distillation a acquis la température de 40 à 50 degrés , il commence à se dégager des carbures d ' hydrogène , dont l ' odeur forte annonce d ' avance la sortie .Peu après arrive un liquide âcre , d ' une odeur suffocante : - c ' est l ' aldéhyde , accompagné d ' éthers et d ' alcool .Ces premiers produits ont un titre alcoolique inférieur à celui de l ' eau - de - vie qui viendra ensuite .",
                  "id": "19",
                  "title": "Traité pratique des vins, cidres, spiritueux & vinaigres / publié sous la direction de M. Paul Le Sourd ; avec la collaboration de MM. J. Desclozeaux, A.-M. Desmoulins,... de M. Ed. Delle,... de M. H. Ferrand,... et de nombreux oenologues et viticulteurs..."
            },
            {
                  "doc_url": "https://gallica.bnf.fr/ark:/12148/bpt6k3075130j",
                  "emotions": [
                        "disgust"
                  ],
                  "excerpt": "On prépare en pharmacie une huile , par l ’ infusion , avec les feuilles de cette plante , et celle - ci entre dans la composition du baume tranquille .Cette plante est vénéneuse , narcotique , d ’ une odeurvireuse , d ’ une saveurnauséabonde et amère .Sa semence , quoique de saveur insipide , étant prise en poudre , à h dose d ’ un demi - gros , excite l ’ articulation scapulo - humorale droite .",
                  "id": "20",
                  "title": "Des fonctions de la peau, et des maladies graves qui résultent de leur dérangement ... par J.-L. Doussin-Dubreuil,..."
            }
      ]
}