{
      "articles": [
            {
                  "doc_url": "https://gallica.bnf.fr/ark:/12148/bpt6k58290505",
                  "emotions": [
                        "disgust"
                  ],
                  "excerpt": "Zl95 mère , d ' une odeur aromatique particulière [ ui tient de celle du mélilot et de la vanille , t qu ' elle doit à un principe particulier , lommé coumarine ( mélilotine acide ionciqué ) , [ ui a été retrouvé dans le faham , le mélilot , ' aspérule odorante , les dattes , et plusieurs mtres végétaux dont nous n ' avons pas à nous iccuper ici .Son odeur a fait croire longtemps ru ' elle ' contenait de l ' acide benzoïque .Dans le nélilot , la coumarine paraît combinée à un icide particulier , l ' ac .",
                  "id": "1",
                  "title": "L'Officine, ou Répertoire général de pharmacie pratique... par Dorvault,..."
            },
            {
                  "doc_url": "https://gallica.bnf.fr/ark:/12148/bpt6k58290505",
                  "emotions": [
                        "disgust"
                  ],
                  "excerpt": "On s ' ep sert beaucoup dans le blanchiment des tissus , ' du papier , etc .Son odeur déplaît à un grand nombre d ' animaux , aussi l ' emploie - l - on pour détruire ou chasser les insectes , les rats , les souris .L ' hypochlorite de chaux distillé avec q .",
                  "id": "2",
                  "title": "L'Officine, ou Répertoire général de pharmacie pratique... par Dorvault,..."
            },
            {
                  "doc_url": "https://gallica.bnf.fr/ark:/12148/bpt6k58290505",
                  "emotions": [
                        "disgust"
                  ],
                  "excerpt": "Il doit son odeur d ' amandes amères à l ' acide prussique .Affaibli , c ' est Y alcoolat de cerises noires de quelques pharmacopées allemandes .Le marasquin de Zara ou maraschino , obtenu en Dalmatie de la fermentation des prunes et des pêches , n ' en est qu ' une variété .",
                  "id": "3",
                  "title": "L'Officine, ou Répertoire général de pharmacie pratique... par Dorvault,..."
            },
            {
                  "doc_url": "https://gallica.bnf.fr/ark:/12148/bpt6k58290505",
                  "emotions": [
                        "disgust"
                  ],
                  "excerpt": "Dans le second cas , on amène directement la dissolution aqueuse à un état demi - sirupeux , on la traite par l ' alcool et on évapore comnie ci - dessus .Cet extrait est rouge brun , homogène , d ' une odeur de viande rôtie el d ' une saveur un - peu piquante et amère ; trôs - soluble dans l ' eau .500 p .",
                  "id": "4",
                  "title": "L'Officine, ou Répertoire général de pharmacie pratique... par Dorvault,..."
            },
            {
                  "doc_url": "https://gallica.bnf.fr/ark:/12148/bpt6k58290505",
                  "emotions": [
                        "disgust"
                  ],
                  "excerpt": "On emploie les feuilles , qui sont ternées , à folioles pétiolées , dentées et duveteuses .Elles ont une telle âcreté que leur seul contact et même , dit - on , leurs exhalaisons suffisent pour irriter violemment là peau ..",
                  "id": "5",
                  "title": "L'Officine, ou Répertoire général de pharmacie pratique... par Dorvault,..."
            },
            {
                  "doc_url": "https://gallica.bnf.fr/ark:/12148/bpt6k58290505",
                  "emotions": [
                        "disgust",
                        "disappointment"
                  ],
                  "excerpt": "Le camphre et la valériane modifient l ' odeur du musc ; les amandes amères la détruisent .Veut - on dépouiller de celle odeur un mortier , on y pile des amandes amères .En Allemagne , on prépare un musc artificiel en traitant 1 p .",
                  "id": "6",
                  "title": "L'Officine, ou Répertoire général de pharmacie pratique... par Dorvault,..."
            },
            {
                  "doc_url": "https://gallica.bnf.fr/ark:/12148/bpt6k58290505",
                  "emotions": [
                        "disgust"
                  ],
                  "excerpt": "Cette sorte est en morceaux irréguliers , durs , pesants , non friables , d ' un brun terne et d ' une saveur acre et amère .La scammonée pure des envirotis de Smyrne est brune vue en masse , d ' un b : xin doré pâle , en petits fragments ; elle est translucide , friable , àcassure luisante , à odeur de fromage .Frottée avec le doigt mouillé , elle donne une émulsion blanche .",
                  "id": "7",
                  "title": "L'Officine, ou Répertoire général de pharmacie pratique... par Dorvault,..."
            },
            {
                  "doc_url": "https://gallica.bnf.fr/ark:/12148/bpt6k58290505",
                  "emotions": [
                        "disgust"
                  ],
                  "excerpt": ") Vinaigre rosat * .) Vinaigre antihystérique .V .",
                  "id": "8",
                  "title": "L'Officine, ou Répertoire général de pharmacie pratique... par Dorvault,..."
            },
            {
                  "doc_url": "https://gallica.bnf.fr/ark:/12148/bpt6k58290505",
                  "emotions": [
                        "disgust"
                  ],
                  "excerpt": "— Traitement du catarrhe pulmonaire aigu .Diète ; éméto - calhartique , vomitifs , purgatifs ; pédiluves révulsifs ; boissons diaphoniques , guaco .Haleine fétide .",
                  "id": "9",
                  "title": "L'Officine, ou Répertoire général de pharmacie pratique... par Dorvault,..."
            },
            {
                  "doc_url": "https://gallica.bnf.fr/ark:/12148/bpt6k58290505",
                  "emotions": [
                        "disgust",
                        "fear",
                        "disapproval"
                  ],
                  "excerpt": "L ' ambre est beaucoup plus employé comme parfum que comme médicament .Cependant on le dit stomachique et aphrodisiaque .En Allemagne on l ' emploie à l ' égal du musc .",
                  "id": "10",
                  "title": "L'Officine, ou Répertoire général de pharmacie pratique... par Dorvault,..."
            },
            {
                  "doc_url": "https://gallica.bnf.fr/ark:/12148/bpt6k58290505",
                  "emotions": [
                        "disgust",
                        "indifference"
                  ],
                  "excerpt": "( Chrétien .) Alcool de genièvre .125 , 0 Baume de muscade .",
                  "id": "11",
                  "title": "L'Officine, ou Répertoire général de pharmacie pratique... par Dorvault,..."
            },
            {
                  "doc_url": "https://gallica.bnf.fr/ark:/12148/bpt6k58290505",
                  "emotions": [
                        "disgust"
                  ],
                  "excerpt": ".12 Electuaire antiscrofuleux ( Baumes .) Acétate de potasse .",
                  "id": "12",
                  "title": "L'Officine, ou Répertoire général de pharmacie pratique... par Dorvault,..."
            },
            {
                  "doc_url": "https://gallica.bnf.fr/ark:/12148/bpt6k58290505",
                  "emotions": [
                        "disgust"
                  ],
                  "excerpt": "c ' était défier toutes , , les , maladies , ; tpus les maléfices , c ' était en un mot la sauge au temps de l ' école de Salerne .Et , revirement singulier des choses , parmi les dames romaines l ' odeur dô là rue était aussi recherchée que celle du citron était honnie .s .",
                  "id": "13",
                  "title": "L'Officine, ou Répertoire général de pharmacie pratique... par Dorvault,..."
            },
            {
                  "doc_url": "https://gallica.bnf.fr/ark:/12148/bpt6k64388430",
                  "emotions": [
                        "disgust",
                        "annoyance"
                  ],
                  "excerpt": "La valse entraîne bientôt , dans un tourbillon , les couples les plus étrangement associés ; la déesse de la Nuit est dans les bras d ' un marquis Louis XV , Minerve est avec un Incroyable , une pittoresque bohémienne s ' abandonne aux balancements cadencés d ' un guerrier japonais , et , dans un nuage de parfums , au milieu d ' une étincelante constellation de diamants , un ogre séducteur tourne , tourne avec le petit chaperon rouge .cc Ça sent la chair fraîche ! » murmure , d ' un air malin , le vieux duc de M .« Eh ! non , mon cher duc , lui répond quelqu ' un , ça sent la serre chaude ! » 111 AU QUARTIER LATIN Pourquoi dire : le Quartier latin , et ne pas dire simplement : le Quartier ? Qui donc oserait ne pas comprendre , quand on parle du Quartier ; y en a - t - il donc un autre que celui des Écoles ? Les Latins , pour désigner Rome , disaient la Ville , et cela suffisait ; les étudiants disent le Quartier et vous devez vous en contenter .",
                  "id": "14",
                  "title": "Paris, voici Paris (3e édition) / Maurice du Seigneur ; illustrations de H. Gerbault"
            },
            {
                  "doc_url": "https://gallica.bnf.fr/ark:/12148/bpt6k6135087r",
                  "emotions": [
                        "disgust",
                        "annoyance",
                        "disapproval"
                  ],
                  "excerpt": ") On pourra ainsi administrer aux malades non plus 1 gramme , mais jusqu ' à 20 grammes par jour de phosphate de chaux , d ' une assimilation certaine et d ' une innocuité absolue .Ce lait médicamenteux ne .fatigue pas le malade , les phosphates déjà élaborés par l ' estomac de la vache s ' assimilant aussi facilement que les matières organiques .",
                  "id": "15",
                  "title": "Notice sur le lait ordinaire concentré en poudre et le lait phosphaté naturel stérilisé ou en poudre / de Charles Gravier,..."
            },
            {
                  "doc_url": "https://gallica.bnf.fr/ark:/12148/bpt6k54939526",
                  "emotions": [
                        "disgust"
                  ],
                  "excerpt": "Mitis a but du lait ce matin pour la première fois .On lui a mis sous le nez le bout du doigt humecté de ce liquide , et il l ' a léché à plusieurs reprises .L ' odeur l ' alléchant , il a trempé son museau dans une tasse de lait , mais sans savoir s ' y prendre pour boire .",
                  "id": "16",
                  "title": "Thierri Tiedemann et la science de l'enfant : mes deux chats : fragment de psychologie comparée / par Bernard Perez"
            },
            {
                  "doc_url": "https://gallica.bnf.fr/ark:/12148/bpt6k6552994k",
                  "emotions": [
                        "surprise",
                        "disgust",
                        "annoyance",
                        "disapproval",
                        "indifference",
                        "embarrassment"
                  ],
                  "excerpt": "— Mais c ' est la journée des accidents ! s ' écria Yégor en apercevant ce dernier .Mon bon monsieur Lafleur , vous avez le nez gelé .En entendant ces mots , Ladislas courut au dehors chercher de la neige et , une minute après , M .",
                  "id": "17",
                  "title": "Aventures de trois fugitifs : la vie en Sibérie / par Victor Tissot et Constant Améro"
            },
            {
                  "doc_url": "https://gallica.bnf.fr/ark:/12148/bpt6k6378128r",
                  "emotions": [
                        "disgust",
                        "desire",
                        "nostalgia"
                  ],
                  "excerpt": "Petits pieds , petites mains , grande barbe et grand nez .Ce nez a fait rêver bien des blondes vaporeuses , parmi celles qui vont cueillir la rastaquouère dans les gazons de M .Zidler .",
                  "id": "18",
                  "title": "Paris en caleçon / Aurélien Scholl"
            },
            {
                  "doc_url": "https://gallica.bnf.fr/ark:/12148/bpt6k6565958x",
                  "emotions": [
                        "disgust"
                  ],
                  "excerpt": "Il est blanc , brillant , demi - transparent , crys - tallisé en aiguilles , sans odeur et d ' une saveur amère insupportable .Mis sur les charbons ardens , il se boursoufle , et répand une fumée blanche d ' une odeur de résine .Il se dissout dans trois parties d ' alcohol , dans vingt - cinq parties d ' eau bouillante et dans cinquante ( I ) Du grec π ɩ ϰ ρ ό ς , amer , et de Γ ό ξ ɩ Ζ o γ , poison .",
                  "id": "19",
                  "title": "Leçons faisant partie du Cours de médecine légale de M. Orfila,..."
            },
            {
                  "doc_url": "https://gallica.bnf.fr/ark:/12148/bpt6k9628817b",
                  "emotions": [
                        "disgust"
                  ],
                  "excerpt": "Si vous descendez sous les pins , conservés avec soin dans la ville d ' hiver , un parfum particulier saisit votre odorat : c ' est l ' émanation très - divisée de substances résineuses et balsamiques , qui s ' échappe soit de l ' écorce des pins , soit des entailles faites à ces arbres par les résiniers pour en Retirer un produit que la science va transformer de mille manières et approprier aux besoins des arts comme à ceux de la médecine .Eh bien , ces émanations , que vous introduisez avec une certaine jouissance dans toute votre économie par les voies respiratoires , ne sont autre chose que les éléments des remèdes que vous prenez souvent avec tant de répugnance .Vous ne trouvez donc pas seulement dans la ville d ' hiver un abri naturel contre les courants d ' air , une température relativement modérée , des habitations confortables , vous y respirez encore un air qui , à lui seul , est un moyen curatif .",
                  "id": "20",
                  "title": "Guide illustré d'Arcachon et du littoral, avec notice anglaise / publié par H. Massicault"
            }
      ]
}