{
      "articles": [
            {
                  "doc_url": "https://gallica.bnf.fr/ark:/12148/bpt6k9681158b",
                  "emotions": [
                        "disgust"
                  ],
                  "excerpt": "Vaincre des ennemis dont les vapeurs du vin Rendaient la langue épaisse et le pas incertain , Pour les Tentyriens était chose facile .Là , les danses aux sons de la flûte docile , Les parfums énervants , les fronts de fleurs chargés , Ici , la haine à jeun .De gros mots échangés , Dans les esprits , d ' abord , excitent la colère ; C ' est le clairon donnant le signal de la guerre .",
                  "id": "1",
                  "title": "Les Satires de Juvénal : accompagnées du texte latin et de remarques extraites de la traduction de M. de Silvecane (édition de 1690) / traduites en vers par Paul Ducos"
            },
            {
                  "doc_url": "https://gallica.bnf.fr/ark:/12148/bpt6k11002589",
                  "emotions": [
                        "disgust",
                        "annoyance"
                  ],
                  "excerpt": "Feuilles persistantes 31 31 .Feuilles à odeur désagréable quand on les froisse , chatons mâles spiciformcs Torreya .Feuilles non odorantes , chatons mâles capités Cephalotaxus .",
                  "id": "2",
                  "title": "Flore forestière du globe / par Lucien Chancerel,..."
            },
            {
                  "doc_url": "https://gallica.bnf.fr/ark:/12148/bpt6k5553815q",
                  "emotions": [
                        "disgust"
                  ],
                  "excerpt": "Les femmes ne portent ni bonnet , ni chapeau ; elles se font oindre les cheveux avec de l ' huile sans poudre , et les roulent , en c : ros noeuds sur le sommet de la tête .Elles y mêlent des bijoux et des guirlandes de fleurs très - odoriférantes .La fleur qu ' elles adoptent par préférence pour ces sortes de guirlandes j sont celles du ntogori ou jasmin des Arabes ( t ) , passées dans un fil .",
                  "id": "3",
                  "title": "Voyages de C. P. Thunberg au Japon, par le Cap de Bonne-Espérance, les isles de la Sonde, &c. . Traduits, rédigés et augmentés de notes... particulièrement sur le Javan et le Malai, par L. Langlès,... et revus, quant à la partie d'histoire naturelle, par J.-B. Lamarck,..."
            },
            {
                  "doc_url": "https://gallica.bnf.fr/ark:/12148/bpt6k96249962",
                  "emotions": [
                        "disgust"
                  ],
                  "excerpt": "Le mc ( me feferafê en chasque greffe ou letton son met quelques grains dé ' musc , , ou autre drogue odoriférante , car touveot la plante produira fcûi & s ayans la meftnesentetir : vo * rà la pourquoy on voit des poires musea - delies .Si vous voulez rendre cette rosè ( laquelle pour la multitud ' e de ses fueil - les l ' on appelle Centifulia ) blanche , oC fort odoriterantesentez en une greffe ail Rosier qu ' on appelle ( pout la nierveile leuse odeur du mufcqu ' i ! rend ) Mufcaf ; & en réitérant plusieurs fois fetiture , clic vous efiouyra tant par ( a forme , que par son odeur .Si vous deGrez aussi ren * dre une laiétue odoriférante , semez la semence d ' icelle avec de la semence de Citron .",
                  "id": "4",
                  "title": "La Magie naturelle qui est, les secrets & miracles de nature , mise en quatre livres, par Jean Baptiste Porta, Neapolitain. Avec une table des principales matieres... Nouvellement traduite de latin en françois."
            },
            {
                  "doc_url": "https://gallica.bnf.fr/ark:/12148/bpt6k58125528",
                  "emotions": [
                        "disgust"
                  ],
                  "excerpt": "Par exemple , si vous y .mettez de la Civette , elle rendra plutost une méchante odeur qu ' une bonne , pour preuve , mettez lin grain de Civette dans le feu , il sentira plus mauvais que bon , & le Musc de méme , & au .contraire mettez - y de l ' Ambre & vous tirerez une odeur agréable , & ainsi des autres drogues .",
                  "id": "5",
                  "title": "Le Parfumeur françois, qui enseigne toutes les manières de tirer les odeurs des fleurs et à faire toutes sortes de compositions de parfums... par le Sr Barbe, parfumeur"
            },
            {
                  "doc_url": "https://gallica.bnf.fr/ark:/12148/bpt6k56125781",
                  "emotions": [
                        "disgust"
                  ],
                  "excerpt": ".jaune , d ' odeur acre et repoussante ; c ' est un des meilleurs antiseptiques , il ne faut pas néanmoins en abuser , car certains épidermes ne s ' en accommodent point , pas plus que de sa voisine , blanche et d ' odeur agréable , ta poudre desalol .Pour ces épidémies délicats , vous vous contenterez de la poudre d ' acide borique blanche et sans odeur que voici .",
                  "id": "6",
                  "title": "Conférences sur les premiers secours, faites à Rennes, aux Hospitaliers-sauveteurs bretons / par le Dr Patay,..."
            },
            {
                  "doc_url": "https://gallica.bnf.fr/ark:/12148/bpt6k6538670f",
                  "emotions": [
                        "disgust"
                  ],
                  "excerpt": "Or , la parturiente avait pour mari le chef d ' une librairie importante et occupait , dans l ' établissement , une pièce spacieuse du premier étage , à laquelle on n ' accédait qu ' après avoir traversé plusieurs autres pièces ( salle de vente , bureau du mari , antichambre ) .Dès mes premères visites , en pénétrant dans ce local , j ' avais été frappé de l ' exis tence d ' une odeur nauséabonde de cabinet d ' aisance .Conservant le souvenir très vif de ce que j ' avais observé trois ans auparavant chez la première malade dont je viens de conter l ' histoire , je m ' enquis aussitôt de la source du méphitisme .",
                  "id": "7",
                  "title": "[Archives de tocologie des maladies des femmes et des enfants nouveau-nés]"
            },
            {
                  "doc_url": "https://gallica.bnf.fr/ark:/12148/bpt6k54877r",
                  "emotions": [
                        "disgust"
                  ],
                  "excerpt": "Aux jours de la Saint - Jean et de la FéLe - Dieu , Quand les processions , musiques et bannière \" , Emplissent la cite de chants et do lumières Et d ' encens solennel fumant sous ! c ciel bleu , On voit passer en rang et marchant tes premières , Les vierges de douze ans dont cncor nul aveu N ' a fait battre le cœur et qui tremblent un peu Sous la claire blancheur des gazes familières .t SONNET Une odeur de buis vert s ' exhate sous leurs pas Car la rue est partout embaumée et fleurie .Et le passant hâtif qui souffre et ne croit pas Courbe son front devant la chaste théorie D ' où montent , par instants , les hymnes que , tout bas , H disait autrefois à la Vierge Marie .",
                  "id": "8",
                  "title": "Poèmes élégiaques / Laurent Tailhade"
            },
            {
                  "doc_url": "https://gallica.bnf.fr/ark:/12148/bpt6k3044095d",
                  "emotions": [
                        "disgust",
                        "disappointment"
                  ],
                  "excerpt": "Delà tige , qui eft rude , il fort de toutes parts quantité de petits rameaux , terminés par un grand , F ■ nombre de fleurs , qui reffemblent à celles de 1 la petite Bellis , mais dont le milieu eft d ' un verd jaunâtre , environné de petites barbes , qui ne rougififent jamais , comme dans les nôtres , mais qui font toujours d ' un beau blanc : chaque fleur a fes pédicules , qui ne font jamais de même longueur , quoiqu ' ils fortent de la même tige : la plante fleurit aux mois de Juillet & d ’ Août ; & les feuilles de la fleur ne font pas plutôt tombées > que le milieu fe trouve rempli de graine : ces grai - c nés tombent , & deux jours après elles ger - p : ment 8c pouffent d ’ autres plantes , qui pren - ’ t nent la place des premières - , car celle - ci meurt d ' abord .La Bellis eft une plante qui pique la langue & laide une amertume agréable * avec une odeur d ' aromate .BENCOULI , établiffement anglois fur la cote occidentale de l ' ile de Sumatra } & remarquable en mer par une haute montagne , qu ' on découvre anez loin dans les terres : le climat a peu d ’ agrémens : chaque année apporte régulièrement de groffes pluies & de violentes chaleurs : lorlque le vent s ' élève , l ' air devient très - froid : les vents de terre pal - fent fur les marais , qui leur communiquent toujours une odeur infupportable : en un mot , c * çft une demeure mal - faine , ou les Anglois vivent peu , & ne font jamais lans maladies : cependant on trouve au fud du fort , une très - belle plaine , qui fait face à la mer , vers le nord - oued : , & qui ed bordée , au fud - elt , par une grande forêt .",
                  "id": "9",
                  "title": "Dictionnaire des voyages, contenant ce qu'il y a de plus remarquable, de plus utile, & de mieux avéré, dans les pays où les voyageurs ont pénétré : touchant leur situation, leur étendue, leurs limites, leur climat... avec les moeurs et les usages des habitans, leur religion... &c.. I. A-B"
            },
            {
                  "doc_url": "https://gallica.bnf.fr/ark:/12148/bpt6k55006090",
                  "emotions": [
                        "disgust",
                        "boredom"
                  ],
                  "excerpt": "Celte leucorrhée du début reconnaît bien pour cause primordiale le cancer , mais , à vrai dire , elle appartient à une métrite interne muqueuse qu ' engendre l ' irritation développée par le néoplasme .Son odeur est celle des autres écoulements génitaux féminins , c ' est - à - dire fade , légèrement nauséeuse .Quand le cancer , après avoir envahi le derme muqueux , s ' est ulcéré , nous disons à la seconde période de la maladie , l ' écoulement est plus abondant ; de lactescent , de blanc jaunâtre , de muco - purulent , il devient jaune , jauneverdâtre , strié de rouge , purulent , mélangé de sérosité , de sanie .",
                  "id": "10",
                  "title": "Des écoulements blennorrhagiques contagieux aigus et chroniques de l'homme et de la femme, par l'urèthre, la vulve, le vagin et le rectum... : suivis d'une étude sur les écoulements blancs non contagieux... / par le Dr Pouillet"
            },
            {
                  "doc_url": "https://gallica.bnf.fr/ark:/12148/bpt6k6210359m",
                  "emotions": [
                        "disgust"
                  ],
                  "excerpt": "Ils peuvent percevoir les odeurs d ' autres animaux qui sont à distance et hors de vue * Le chien peut même distinguer entre les odeurs de différentes personnes , et suivre la trace de son maître à travers une foule d ' autres passants .Quel ' ques animaux , lorsqu ' ils sont irrités , répandent des odeurs fortes et désagréables , qui excitent la peur oU le dégoût chez leurs ennemis , et qui , par conséquent , leur servent de moyens de défense .Plusieurs Yapeurs qui sont dangereuses à la santé de l ' espèce Mairie , et la plupart des aliments putréfiés et insalubres sont aussi accompagnés d ' une odeur désagréable qui - nous les fait éviter , et nous délivre ainsi de leurs effets nuisibles .",
                  "id": "11",
                  "title": "Physiologie et hygiène des écoles, des collèges et des familles / par J. C. Dalton... ; traduit de l'anglais avec le concours de l'auteur par E. Acosta,..."
            },
            {
                  "doc_url": "https://gallica.bnf.fr/ark:/12148/bpt6k6424212v",
                  "emotions": [
                        "disgust"
                  ],
                  "excerpt": "Le fruit est un légume assez grand , oblong , presque cylindrique , qui contient des semences réniformes & bleuâtres .Cet arbrisseau croît sur les montagnes des provinces méridionales , b ; son écorce & ses feuilles , froissées entre les doigts , rendent une odeur forte & fétide .60 1 .",
                  "id": "12",
                  "title": "Flore françoise ou Description succincte de toutes les plantes qui croissent naturellement en France, disposée selon une nouvelle méthode d'analyse, & à laquelle on a joint la citation de leurs vertus les moins équivoques en médecine, & de leur utilité dans les arts. Tome 2 / . Par M. le chevalier de Lamarck. Tome premier [- troisième]"
            },
            {
                  "doc_url": "https://gallica.bnf.fr/ark:/12148/bpt6k6568969n",
                  "emotions": [
                        "surprise",
                        "disgust",
                        "envy",
                        "greed",
                        "embarrassment"
                  ],
                  "excerpt": "— Elle m ' a demandé beaucoup de journaux .Ce n ' est pas son habitude , cependant , de plonger son cher petit nez dans ces papiers qui sentent si mauvais ! Quelle folie soudaine ! Quelle envie singulière ! Une envie ? .Mais c ' est cela même .",
                  "id": "13",
                  "title": "Timbale d'histoires à la parisienne / par Ernest d'Hervilly"
            },
            {
                  "doc_url": "https://gallica.bnf.fr/ark:/12148/bpt6k6544538x",
                  "emotions": [
                        "disgust"
                  ],
                  "excerpt": "Sans se gêner le moins du monde , nos hommes culbutèrent un étalage et des paniers qui s ' avançaient un peu trop sur la route ; les propriétaires de ces marchandises semblaient indifférents , et beaucoup d ' entre eux se contentaient de les reculer un peu en entendant les cris qui annonçaient notre approche .L ' odeur du marché au poisson était intolérable et eût suffi pour empoisonner l ' air à plusieurs kilomètres de distance , mais personne ne paraissait s ' en apercevoir .- Enfin nous laissons derrière nous la rivière et la ville ; après avoir gravi une petite colline , nous franchissons un premier fossé sur un pont de pierres , qui mène au corps de garde de l ' autre côté .",
                  "id": "14",
                  "title": "Le tour du monde en famille : voyage de la famille Brassey dans son yacht le \"Sunbeam\" / raconté par la mère ; traduit de l'anglais par M. Richard Viot,... ; [avec préface de Thomas Brassey]"
            },
            {
                  "doc_url": "https://gallica.bnf.fr/ark:/12148/bpt6k6480171s",
                  "emotions": [
                        "disgust"
                  ],
                  "excerpt": "Trop souvent les dents se noircissent , se carient , les gencives deviennent fongueuses et rouges et contractent une fétidité repoussante .Dirons - nous ce que chacun sait si bien , que l ' usage du tabac aspiré en poudre par le nez finit souvent par émousser et quelquefois anéantir la sensibilité de la pituitaire , et par conséquent de l ' organe de l ' odorat ? On le sait trop encore , il est peu agréable d ' être en conversation de tête à tête avec un priseur ; on est bientôt dégoûté de l ' odeur du tabac échauffé et fermenté qui s ' exhale .Voilà certes bien des motifs de réprobation énergique , et , prodigieux contre - sens , le tabac que l ' on se fourre dans le nez , que l ' on mâche en feuilles , que l ' on brûle et que l ' on aspire en fumée ; qui n ' est point le rival par le parfum de l ' ambre et de la rose ; qui n ' est point une panacée , un orviétan ayant des vertus merveilleuses et disputant l ' homme à la nécessité de mourir ; qui , en poudre , diminue la mémoire et détruit la finesse de l ' odorat , cause des vertiges , a produit quelques exemples de cécité et surtout d ' apoplexie ; qui , mâché , rend l ' haleine infecte et cause de terribles désordres dans l ' estomac ; qui , aspiré en fumée , les premières fois , vous rend affreusement malade , et puis , après habitude prise , ne vous fait pas de bien ; qui rend maigres , hâves , sujets à la colique , au vomissement , à la migraine , au vertige , au tremblement musculaire , aux affections aiguës et chroniques de la poitrine les ouvriers qui le préparent ; qui est un des poisons les plus actifs connus ; qui a subi la proscription des gouvernements ; le tabac qui s ' est introduit dans les habitudes de la population en vrai fruit défendu qu ' il est , au moins se recommande - t - il par quelque influence heureuse sur l ' esprit , en lui procurant une jouissance voluptueuse quelconque ? Donne - t - il une sorte d ' ivresse qui procure des idées et des rêves agréables ? Comme l ' opium , comme le haschisch , communique - t - il un résultat certain , incontestable , une ivresse rêveuse , un sommeil fou , des hallucinations réelles ? Non , hélas ! il n ' en est rien .",
                  "id": "15",
                  "title": "Le tabac : son histoire, ses effets / par le Dr Jousset"
            },
            {
                  "doc_url": "https://gallica.bnf.fr/ark:/12148/bpt6k6527834p",
                  "emotions": [
                        "disgust"
                  ],
                  "excerpt": "Il flotte maintenant l ' odeur exquise de ton corps .L ' humble cagna s ' imprègne de senteurs féminines .Tu es assise , à mes côtés , adossée à la table où ie t ' écris , où ie regarde ta — Donne - moi tes lèvres .",
                  "id": "16",
                  "title": "Fantasio : magazine gai"
            },
            {
                  "doc_url": "https://gallica.bnf.fr/ark:/12148/bpt6k9681158b",
                  "emotions": [
                        "disgust"
                  ],
                  "excerpt": "Cum bocchore nemo lavatur .Cette huile est si puante que personne ne veut aller au bain avec un Africain qui en aura esté froté .Il employe ici le nom de bocchore pour toutes sortes d ' Africains qu ' il tire de Bocchor , qui estoit Roy d ' Egypte et de Lybie , au temps que Massinisse l ' estoit de Numidie , ainsi que l ' écrit Tite - Live liv .",
                  "id": "17",
                  "title": "Les Satires de Juvénal : accompagnées du texte latin et de remarques extraites de la traduction de M. de Silvecane (édition de 1690) / traduites en vers par Paul Ducos"
            },
            {
                  "doc_url": "https://gallica.bnf.fr/ark:/12148/bpt6k6424212v",
                  "emotions": [
                        "disgust"
                  ],
                  "excerpt": "Les fleurs font bleuâtres , disposées en épi garni de 1 bradées concaves , dont les supérieures ont une couleur I violette ; les divisions du calice font terminées chacune par J une pointe fpinuliforme .Cette plante croît dans les provinces méridionales , ' b ; son odeur est forte & presque désagréable : son suc produit une espèce d ' ivresse qui tient un peu du spasme .- Elle est stimulante , résolutive , flernutatoire , fiomachique , anti - hyfiérique , & sur - tout anti - ulcéreuse .",
                  "id": "18",
                  "title": "Flore françoise ou Description succincte de toutes les plantes qui croissent naturellement en France, disposée selon une nouvelle méthode d'analyse, & à laquelle on a joint la citation de leurs vertus les moins équivoques en médecine, & de leur utilité dans les arts. Tome 2 / . Par M. le chevalier de Lamarck. Tome premier [- troisième]"
            },
            {
                  "doc_url": "https://gallica.bnf.fr/ark:/12148/bpt6k6305407r",
                  "emotions": [
                        "disgust",
                        "envy"
                  ],
                  "excerpt": "Par un caprice de la nature , ces deux êtres désunis par le bon ton , séparés par les abîmes de la mort , respirèrent ensemble et pensèrent peut - être l ' un à l ' autre .Les pénétrants parfums de l ' aloës achevèrent d ' enivrer Raphaël .Son imagination irritée par un obstacle , et que les entraves rendaient encore plus fantasque , lui dessina rapidement une femme en traits de feu .",
                  "id": "19",
                  "title": "La peau de chagrin / par M. H. de Balzac"
            },
            {
                  "doc_url": "https://gallica.bnf.fr/ark:/12148/bpt6k28149x",
                  "emotions": [
                        "disgust"
                  ],
                  "excerpt": "P .Feuilles ovales , aiguës , tomenteuses et blanchâtres à la face inférieure \" d ' un vert clair à la supérieure ; odeur légèrement narcotique saveur amère et nauséeuse ; la poudre de ces feuilles desséchées est d ' un beau vert .P .",
                  "id": "20",
                  "title": "Manuel de matière médicale ou Description abrégée des médicamens , avec l'indication des caractères botaniques des plantes médicinales, et celle des principales préparations officinales des pharmacopées de Paris, de Londres et d'Edimbourg... par H. Milne Edwards et P. Vavasseur"
            }
      ]
}