{
      "articles": [
            {
                  "doc_url": "https://gallica.bnf.fr/ark:/12148/bpt6k6518089x",
                  "emotions": [
                        "disgust"
                  ],
                  "excerpt": "Sa solution aqueuse froide moussait fortement comme une solution gommeuse , et était sans action sur le tournesol ; il en était de même de la solution chaude , qui était de couleur brune par réflexion et rougeâtre par transmission .L ' alcool la précipitait abondamment ; évaporée , elle donnait de la gomme qui se réduisait en grumeaux ; pendant la combustion du résidu résineux , celui - ci se boursouflait , brûlait avec une flamme fuligineuse et une odeur de résine , et laissait un charbon qui , pendant son incinération , répandait une odeur désagréable , semblable à celle de la gélatine .L ' analyse de ce prétendu opium donna les résultats suivants : Matières insolubles dans l ' eau et dans l ' alcool , compo - sées de substances combustibles contenant du car - ¡ bone , de l ' azote 7 ; 25 Matières incombustibles ( sable , traces de fer , de 7 f 25 chaux , de plomb ) 18 Matières insolubles dans l ' eau , gomme .",
                  "id": "1",
                  "title": "Dictionnaire des altérations et des falsifications des substances alimentaires, médicamenteuses et commerciales : avec l'indication des moyens de les reconnaître (4e édition revue, corrigée et considérablement augmentée) / par M. A. Chevallier,..."
            },
            {
                  "doc_url": "https://gallica.bnf.fr/ark:/12148/bpt6k255813x",
                  "emotions": [
                        "disgust",
                        "embarrassment"
                  ],
                  "excerpt": "Alexandre ne prononça pas un mot , ne fit pas entendre un cri recueilli en lui - même , il s ' entretenait avec Dieu .Quand on fit asseoir Attale sur la chaise de fer rougie et que son corps , brûlé de tous côtés , exhala une fumée et une odeur abominable , il dit au peuple en latin « C ' est vous qui êtes des mangeurs d ' hommes .Quant à nous , nous ne faisons rien do mal .",
                  "id": "2",
                  "title": "La bataille littéraire. 2e sér. 1879-1882 / Philippe Gille"
            },
            {
                  "doc_url": "https://gallica.bnf.fr/ark:/12148/bpt6k1171463j",
                  "emotions": [
                        "disgust",
                        "indifference"
                  ],
                  "excerpt": "Il était obèse , voûté , lourd , maussade et poltron .Son costume consistait en une sorte de robe de chambre déchirée dont on ne dira pas la nuance , car Palissoutto s ’ étendait et sc vautrait partout indifféremment ; il salissait tout ce qu ’ il touchait : les fumiers pestilentiels do l ’ Enfer étaient rendus plus , fétides par son contact , » ( 297 .) Tels sont les effets de la Paresse , elle ternif le génie , efface l ’ intelligence et abrutit la bêtise elle - même .",
                  "id": "3",
                  "title": "Les grelots, contes fantasques : nouvelles, bluettes, fantaisies / G. de La Landelle"
            },
            {
                  "doc_url": "https://gallica.bnf.fr/ark:/12148/bpt6k6323916c",
                  "emotions": [
                        "disgust",
                        "anger",
                        "fear",
                        "embarrassment"
                  ],
                  "excerpt": "Soluble avec effervescence dans l ' a1 cide nitrique .A un feu violent elle perd son odeur de i bitume , et devient blanche .ESPÈCES .",
                  "id": "4",
                  "title": "Tableau synoptique des minéraux, par classes, ordres ... d'après la méthode et la nomenclature d'Hauy... précédé d'une terminologie... par A. Desvaux"
            },
            {
                  "doc_url": "https://gallica.bnf.fr/ark:/12148/bpt6k9667536f",
                  "emotions": [
                        "disgust"
                  ],
                  "excerpt": "On cultive cette plante dans les jardins : ses feuilles .rendent une odeur forte & puante qui fait mal à la têre : ses fleurs ont l ' odeur moins mauvaise , mais assoupissante : toute la plante contient beaucoup d ' huile & de phlegme , ÔC du sel essentiel ou volatil .Elle est narcotique , stupéfiante , propre pour épaissir les humeurs , pour modérer leur agitation , pour calmer les douleurs , pour adoucir les brûlures , étant appliquée extérieurement : on ne doit jamais en faire prendre par la bouche , ni même en lavement , parce qu ' elle cau [ eroit des accidens très - fâcheux , comme la létargie , la folie , des vomissemens , des ( ueurs froides , des convulsions , & enfin la mort , si l ' on n ' étoit secouru promptement .",
                  "id": "5",
                  "title": "Dictionnaire universel des drogues simples ... ouvrage dépendant de la \"Pharmacopée universelle\", par feu M. Lemery,... 3e édition..."
            },
            {
                  "doc_url": "https://gallica.bnf.fr/ark:/12148/bpt6k6518089x",
                  "emotions": [
                        "disgust"
                  ],
                  "excerpt": "Cette gomme - résine a une consistance analogue à celle de la cire ; elle se raye sous l ' ongle et se ramollit dans la main .Elle possède une saveur amère , âcre et repoussante , une odeur alliacée , forte et fétide , qui l ' avait fait surnommer , par les Allemands , stercus diaboli .Sa cassure fraîche est peu colorée , mais rougit rapidement au contact de l ' air .",
                  "id": "6",
                  "title": "Dictionnaire des altérations et des falsifications des substances alimentaires, médicamenteuses et commerciales : avec l'indication des moyens de les reconnaître (4e édition revue, corrigée et considérablement augmentée) / par M. A. Chevallier,..."
            },
            {
                  "doc_url": "https://gallica.bnf.fr/ark:/12148/bpt6k98070569",
                  "emotions": [
                        "disgust"
                  ],
                  "excerpt": "res .Leur odeur est désagréable , leur saveur fade , nauséabonde , etc .Telle est en particulier la cynoglosse officinale ( cynoglossum officinale , Linn .",
                  "id": "7",
                  "title": "Dictionnaire de botanique pratique / par le Dr Ferd. Hoefer"
            },
            {
                  "doc_url": "https://gallica.bnf.fr/ark:/12148/bpt6k6518089x",
                  "emotions": [
                        "disgust",
                        "annoyance"
                  ],
                  "excerpt": "La saveur de l ' alcool ainsi coloré n ' est pas désagréable .Si , au contraire , on fait digérer l ' alcool avec de la farine mêlée à de la semence d ' ivraie , il prend une teinte verdâtre qui se fonce peu à peu ; la saveur de cette teinture alcoolique est astringente , désagréable , nauséabonde .Évaporée à siccité sur une assiette de porcelaine , elle donne pour produit une résine d ' un jaune verdâtre , offrant les mêmes caractères que la teinture , mais d ' une manière plus prononcée .",
                  "id": "8",
                  "title": "Dictionnaire des altérations et des falsifications des substances alimentaires, médicamenteuses et commerciales : avec l'indication des moyens de les reconnaître (4e édition revue, corrigée et considérablement augmentée) / par M. A. Chevallier,..."
            },
            {
                  "doc_url": "https://gallica.bnf.fr/ark:/12148/bpt6k98070569",
                  "emotions": [
                        "disgust"
                  ],
                  "excerpt": "Les sideritis s ' étendent peu vers le Nord , beaucoup plus vers le Midi : ils préfèrent aux plaines les collines , les montagnes , les lieux un peu arides et sablonneux , l ' exposition au soleil .Leur saveur amère , leur odeur souvent repoussante , les font peu rechercher des bestiaux .Le sideritis de Syrie ( sideritis syriaca , Linn .",
                  "id": "9",
                  "title": "Dictionnaire de botanique pratique / par le Dr Ferd. Hoefer"
            },
            {
                  "doc_url": "https://gallica.bnf.fr/ark:/12148/bpt6k1157285r",
                  "emotions": [
                        "disgust"
                  ],
                  "excerpt": "fier , flei , m .odorat ; mauvaise odeur , flérein .fleiein , v .",
                  "id": "10",
                  "title": "Vocabulaire breton-français et français-breton du dialecte de Vannes (2e édition) / par A. Guillevic et P. Le Goff"
            },
            {
                  "doc_url": "https://gallica.bnf.fr/ark:/12148/bpt6k9667536f",
                  "emotions": [
                        "disgust"
                  ],
                  "excerpt": "apsule renferme plusieurs semences qui ont le plus souvent la figure d ' un petit rein , ou qui sont anguleuses : sa racine eit ligneuse , jaune , 8c garnie de plusieurs fibres .Toute la plante a une odeur fort désagréable , & .un goût âcre âcre .",
                  "id": "11",
                  "title": "Dictionnaire universel des drogues simples ... ouvrage dépendant de la \"Pharmacopée universelle\", par feu M. Lemery,... 3e édition..."
            },
            {
                  "doc_url": "https://gallica.bnf.fr/ark:/12148/bpt6k6518089x",
                  "emotions": [
                        "disgust"
                  ],
                  "excerpt": "Quelquefois la base du pétiole est munie de deux stipules subulées , persistantes et entières .La saveur de ces feuilles est amère et nauséeuse , leur odeur est forte et sui generis .Les follicules de cette espèce sont plats , minces , longs de 0m , 027 à 0m , 034 , larges de 0m , 011 , à om , 013 , arqués en rein , ayant une sorte d ' aile sur le dos .",
                  "id": "12",
                  "title": "Dictionnaire des altérations et des falsifications des substances alimentaires, médicamenteuses et commerciales : avec l'indication des moyens de les reconnaître (4e édition revue, corrigée et considérablement augmentée) / par M. A. Chevallier,..."
            },
            {
                  "doc_url": "https://gallica.bnf.fr/ark:/12148/bpt6k6514275b",
                  "emotions": [
                        "disgust",
                        "indifference"
                  ],
                  "excerpt": "Parfois elle passait ses bras au cou de Laurent , elle se traînait sur sa poitrine , et , d ' une voix encore hale - tante : — Oh ! si tu savais , disait - elle , combien j ' ai souffert ! J ' ai été élevée dans l ' humidité tiède de la chambre d ' un malade .Je couchais avec Camille , et , la nuit , je m ' éloignais de lui , écœurée par l ' odeur fade qui sortait de son corps .Il était méchant et entêté ; il ne voulait pas prendre les médicaments que je refusais de partager avec lui , et , pour plaire à ma tante , je devais boire de toutes les drogues .",
                  "id": "13",
                  "title": "Thérèse Raquin / Émile Zola"
            },
            {
                  "doc_url": "https://gallica.bnf.fr/ark:/12148/bpt6k6518089x",
                  "emotions": [
                        "disgust",
                        "fear"
                  ],
                  "excerpt": "Il est solide , en masses convexes d ' un côté et concaves de l ' autre , tantôt complétement opaques , parfois vitreuses et transparentes à l ' intérieur , tandis qu ' à l ' extérieur elles sont opaques et d ' un blanc laiteux , ce qui leur donne l ' aspect de la porcelaine ; les parties vitreuses ont parfois une teinte jaunâtre .L ' acide arsénieux a une saveur âcre et nauséabonde ; c ' est un violent poison .Projeté sur des charbons incandescents , il répand des vapeurs blanches et brunes d ' odeur alliacée ; chauffé dans un matras , il se sublime et se condense dans la partie supérieure ; il est très - peu soluble dans l ' eau froide , un peu plus soluble dans l ' eau bouillante qui le laisse déposer , par le refroidissement , sous forme de cristaux octaédriques ; il est plus soluble dans l ' acide chlorhydrique ou dans l ' eau aiguisée par cet acide ; l ' acide opaque s ' y dissout plus lentement que le vitreux .",
                  "id": "14",
                  "title": "Dictionnaire des altérations et des falsifications des substances alimentaires, médicamenteuses et commerciales : avec l'indication des moyens de les reconnaître (4e édition revue, corrigée et considérablement augmentée) / par M. A. Chevallier,..."
            },
            {
                  "doc_url": "https://gallica.bnf.fr/ark:/12148/bpt6k6347610n",
                  "emotions": [
                        "disgust"
                  ],
                  "excerpt": "LA BELETTE Un peu plus petite que le rat , la belette esl remarquable par son corps effilé , souple , d ' un beau fauve en dessus , d ' un très beau blanc en dessous ; par son œil vif , son museau pointu et ses pattes courtes .Elle exhale , comme le putois et le furet , une odeur forte et désagréable ; elle habite les contrées méridionales et tempérées de l ' Europe .Elle vit de mulots , de petits lapereaux , d ' oiseaux et même de crapauds et de couleuvres .",
                  "id": "15",
                  "title": "Le Buffon illustré, à l'usage de la jeunesse : contenant une description très complète des mammifères, oiseaux, poissons, reptiles, insectes et coquilles / par A. de Beauchaînais (A. Bordot)"
            },
            {
                  "doc_url": "https://gallica.bnf.fr/ark:/12148/bpt6k58290505",
                  "emotions": [
                        "disgust"
                  ],
                  "excerpt": "Trituré , avec de la potasse , il dégage abondamment de l ' ammoniaque .Sa saveur est amère et un peu acre .Le musc humide est beaucoup plus odorant que le musc sec ; aussi les parfumeurs ont - ils bien soin de tenir cette substance à la cave .",
                  "id": "16",
                  "title": "L'Officine, ou Répertoire général de pharmacie pratique... par Dorvault,..."
            },
            {
                  "doc_url": "https://gallica.bnf.fr/ark:/12148/bpt6k6518089x",
                  "emotions": [
                        "disgust",
                        "boredom"
                  ],
                  "excerpt": "Ses feuilles sont inodores , coriaces , assez semblables à celles du buis ; elles sont entières , ovales , presque obtuses , très - glabres , luisantes , épaisses et très - consistantes ; leur surface supérieure est d ' un vert foncé ; la face inférieure , d ' un vert clair luisant et parsemé de veines .Leur saveur est amère et astringente .Triturées avec de l ' eau , elles donnent une liqueur jaunâtre qui produit , par l ' action du persulfate de fer , un beau précipité bleu noirâtre , très - abondant , dû au tannin et à l ' acide gallique qu ' elles renferment .",
                  "id": "17",
                  "title": "Dictionnaire des altérations et des falsifications des substances alimentaires, médicamenteuses et commerciales : avec l'indication des moyens de les reconnaître (4e édition revue, corrigée et considérablement augmentée) / par M. A. Chevallier,..."
            },
            {
                  "doc_url": "https://gallica.bnf.fr/ark:/12148/bpt6k58290505",
                  "emotions": [
                        "disgust"
                  ],
                  "excerpt": "Racine % fusifonne , tige herbacée , haute de un à deux mètres , cylindrique , marquée surtout vers le bas , de taches pourpres ; feuilles très - grandes , tripinnées ; fleurs blanches , petites , en ombelles involucrées , involucelles dimidiées .Odeur vireuse désagréable , ayant quelque chose de celle de la punaise , saveur nauséeuse , saline et acre ( fig .55 ) .",
                  "id": "18",
                  "title": "L'Officine, ou Répertoire général de pharmacie pratique... par Dorvault,..."
            },
            {
                  "doc_url": "https://gallica.bnf.fr/ark:/12148/bpt6k6518089x",
                  "emotions": [
                        "disgust"
                  ],
                  "excerpt": "Celui - ci , en traversant le tube coudé de l ' appareil , peut y déposer un anneau brillant d ' arsenic métallique , sous l ' influence d ' une température suffisamment élevée ( rouge naissant ) .Ce même gaz , enflammé à l ' extrémité effilée du tube coudé , y brûle avec une flamme d ' un bleu livide , en répandant dans l ' atmosphère une fumée blanche d ' odeur alliacée , très - dangereuse à respirer .Lorsqu ' on écrase légèrement cette flamme à l ' aide d ' une soucoupe ou d ' une assiette en porcelaine , il se dépose à leur surface des taches brunes et miroitantes d ' arsenic métallique ( fig .",
                  "id": "19",
                  "title": "Dictionnaire des altérations et des falsifications des substances alimentaires, médicamenteuses et commerciales : avec l'indication des moyens de les reconnaître (4e édition revue, corrigée et considérablement augmentée) / par M. A. Chevallier,..."
            },
            {
                  "doc_url": "https://gallica.bnf.fr/ark:/12148/bpt6k9799237h",
                  "emotions": [
                        "disgust"
                  ],
                  "excerpt": "Silène .Thlaspis odorant .Thlaspis violet , foncé nain .",
                  "id": "20",
                  "title": "Fleurs, plantes, fruits : le monde végétal / texte, dessins et aquarelles de G. Fraipont ; avec une préface par André Theuriet,..."
            }
      ]
}