{
      "articles": [
            {
                  "doc_url": "https://gallica.bnf.fr/ark:/12148/bpt6k5460034d",
                  "emotions": [
                        "disgust",
                        "annoyance",
                        "disapproval",
                        "doubt",
                        "indifference",
                        "embarrassment"
                  ],
                  "excerpt": "|Ie Qui pue .Je vous parais peut - être dégoûtante , Un peu ridée et même un peu puante ; Cela n ' est rien pour des héros bien nés ; Fermez les yeux et bouchez - vous le nez , VOLT .Ce qui plaît .",
                  "id": "1",
                  "title": "Dictionnaire de la langue française.... Tome 3 / par É. Littré,..."
            },
            {
                  "doc_url": "https://gallica.bnf.fr/ark:/12148/bpt6k56859506",
                  "emotions": [
                        "disgust"
                  ],
                  "excerpt": "Il en fil infuser une once dans une demi - livre d ' eau .Cette infusion , d ' une odeur et d ' un goût nauséeux , souleva l ' estomac , produisit la céphalalgie , augmenta le cours des urines et détermina une sueur félide .Le même praticien a vu réussir cette boisson dans le rhumatisme chronique et les dartres ; il dit aussi que les feuilles fraîches appliquées en cataplasme raniment les lumeurs froides , et les disposent à la résolution .",
                  "id": "2",
                  "title": "Traité pratique et raisonné de l'emploi des plantes médicinales indigènes. Texte / par F.-J. Cazin,..."
            },
            {
                  "doc_url": "https://gallica.bnf.fr/ark:/12148/bpt6k5460034d",
                  "emotions": [
                        "disgust"
                  ],
                  "excerpt": "f .Mauvaise odeur .J ' ai fait monter à vos narines la puanteur des corps morts de votre armée , SACI , Bible , Amos , iv , 10 .",
                  "id": "3",
                  "title": "Dictionnaire de la langue française.... Tome 3 / par É. Littré,..."
            },
            {
                  "doc_url": "https://gallica.bnf.fr/ark:/12148/bpt6k5488245x",
                  "emotions": [
                        "disgust",
                        "disapproval"
                  ],
                  "excerpt": "Tornafou prétendait avoir vu Alphonsine abattue , sur le foin séché , par Jean , le fils du forgeron .Le père Berthet les traitait de cochons et la voix de Mathilde , dans le brouhaha général de cette domesticité , s ' élevait pour dire que Tornafou était un bouc puant .A huit heures du matin , les écuelles de soupes rangées en file sur la table furent viciées avec un bruit de langue do boeuf à l ' abreuvoir .",
                  "id": "4",
                  "title": "L'Étoile artistique : mondain, financier, littéraire, commercial, scientifique / directeur Paul de La Balme,..."
            },
            {
                  "doc_url": "https://gallica.bnf.fr/ark:/12148/bpt6k9781426n",
                  "emotions": [
                        "disgust"
                  ],
                  "excerpt": "id .Cuir de veau odorant , dit de Russie , propre à la reliure , traité à l ' écorce de saule on de bouleau , à l ' exclusion de celui dont on se sert pour faire des semelles , 5 fr .la pièce .",
                  "id": "5",
                  "title": "Répertoire universel du commerce et de la navigation : contenant les droits de navigation, les tarifs de douanes de toutes les contrées : réunis et publiés pour la première fois : et tous les autres renseignements, notions et documents authentiques, nécessaires au commerce et à la navigation / par M. Maiseau et une société de géographes et de négocians"
            },
            {
                  "doc_url": "https://gallica.bnf.fr/ark:/12148/bpt6k63573275",
                  "emotions": [
                        "disgust"
                  ],
                  "excerpt": "Peaux ( Lustrage et apprêtage des ) .Odeur et poussières .3e Peaux ( Planage et séchage des ) Odeur 2e Peaux salées non séchées ( Dépôts de ) .",
                  "id": "6",
                  "title": "Encyclopédie d'hygiène et de médecine publique. 6, Hygiène industrielle / par A. Layet..."
            },
            {
                  "doc_url": "https://gallica.bnf.fr/ark:/12148/bpt6k63573275",
                  "emotions": [
                        "disgust"
                  ],
                  "excerpt": ", .Odeur et poussières ., 3e Soude .",
                  "id": "7",
                  "title": "Encyclopédie d'hygiène et de médecine publique. 6, Hygiène industrielle / par A. Layet..."
            },
            {
                  "doc_url": "https://gallica.bnf.fr/ark:/12148/bpt6k63573275",
                  "emotions": [
                        "disgust"
                  ],
                  "excerpt": "Odeur et altération des eaux lre Tueries d ' animaux ( Voir aussi ABATTOIRS PUBLICS ) .Danger des animaux et odeur 2e Tuileries avec fours non fllmivores .Fumée .",
                  "id": "8",
                  "title": "Encyclopédie d'hygiène et de médecine publique. 6, Hygiène industrielle / par A. Layet..."
            },
            {
                  "doc_url": "https://gallica.bnf.fr/ark:/12148/bpt6k63573275",
                  "emotions": [
                        "disgust",
                        "anger",
                        "fear"
                  ],
                  "excerpt": "Odeur lre 20 A vases clos et employantdel ' ammoniaque à l ' exclusion de l ' urine Id 3e Os ( Torréfaction des ) pour engrais : 1 ° Lorsque les gaz ne sont pas brûlés .Odeur , danger d ' incendie ire 20 Lorsque les gaz sont brutes .Id 2e Os d ' animaux ( Calcination des ) ( Voir CARBONISATION DES MATIÈRES ANIMALES ) .",
                  "id": "9",
                  "title": "Encyclopédie d'hygiène et de médecine publique. 6, Hygiène industrielle / par A. Layet..."
            },
            {
                  "doc_url": "https://gallica.bnf.fr/ark:/12148/bpt6k63573275",
                  "emotions": [
                        "disgust"
                  ],
                  "excerpt": ", Id , , , , , , 2e Noir minéral ( Fabrication de ) par le broyage des résidus de la distillation des schistes bitumeux .Odeur et poussière ., , , 3e Oignons ( Dessiccation des ) dans les villes .",
                  "id": "10",
                  "title": "Encyclopédie d'hygiène et de médecine publique. 6, Hygiène industrielle / par A. Layet..."
            },
            {
                  "doc_url": "https://gallica.bnf.fr/ark:/12148/bpt6k6257825t",
                  "emotions": [
                        "disgust",
                        "anger",
                        "fear"
                  ],
                  "excerpt": "Quand les bêtes féroces s ' élançaient .rapides du fond de la forêt pour fondre sur les vaches dispersées dans la plaine , rendus furieux par l ' odeur de la bête fauve , ils couraient les premiers au combat , annonçant , par leurs terribles mugis - i sements , par leurs regards enflammés , un affreux carnage .Parmi eux , le plus vigoureux , le plus fier , était le grand Phaëton , que les pasteurs et donnant - le - jour - à - des - petits - vivants en - grand - uombre et donnant - le - jour - à - des - femelles .",
                  "id": "11",
                  "title": "Théocrite / [cet auteur a été expliqué littéralement, traduit en français et annoté, par M. Léon Régnier]"
            },
            {
                  "doc_url": "https://gallica.bnf.fr/ark:/12148/bpt6k6547402w",
                  "emotions": [
                        "disgust"
                  ],
                  "excerpt": "Le point de fusion de l ' axonge varie de 32 à 40 degrés ; son point de solidification de 26 à 30 degrés ; sa densité à 15 degrés est de 0 , 931 - 0 , 932 et de 0 , 861 à 100 degrés : le point de fusion des acides gras qui entrent dans sa com - : position est situé vers 35 degrés ; on sépare ces acides en saponifiant l ' axonge à chaud à l ' aide d ' une lessive de potasse ou de soude , et en décomposant par un acide minéral le savon alcalin ainsi formé .L ' axonge exposée au contact de l ' air absorbe de l ' oxygène et rancit ; elle prend alors une coloration jaune en même temps qu ' elle acquiert une odeur et un goût qui la font rejeter de l ' alimentation .Conservée dans des vases en cuivre , elle présente au bout d ' un certain temps une coloration verte due à la formation de stéarates et d ' oléates de cuivre : on caractérise facilement ce métal en incinérant l ' axonge , traitant le résidu par un peu d ' acide azotique étendu et ajoutant quelques gouttes d ' ammoniaque dans la solution azotique : on observe alors une coloration bleue .",
                  "id": "12",
                  "title": "Traité des falsifications et altérations des substances alimentaires et des boissons, par E. Burcker,..."
            },
            {
                  "doc_url": "https://gallica.bnf.fr/ark:/12148/bpt6k9621644c",
                  "emotions": [
                        "disgust"
                  ],
                  "excerpt": "Leur qualité âcre mordicante forme partout des ulcères , conduit l ' animal à la phthisie .Les poumons , le foie , la rate et toutes les parties intérieures du cheval atteintes de cet ! morve maligne , sont ulcérés ; leur substance çst gangreneuse .Les principaux vaisseau sanguins ne contiennent alors qu ' une matièt épaisse et gluante , semblable à celle qui sot par les naseaux , et qui ronge les narines , les rend chancreusee .",
                  "id": "13",
                  "title": "Le Parfait Bouvier, ou Recueil complet d'observations sur le gouvernement des bœufs, des vaches, des chevaux, des moutons, des chèvres et des porcs ... par M. J. A. [sic] Boutrolle. Onzième édition retouchée et augmentée d'observations... sur la morve des chevaux... d'une Instruction... sur les moyens d'élever les abeilles, de construire les ruches d'une manière commode et de faire le miel et la cire [par M. Coupé]. Par J.-Ch. P***, cultivateur"
            },
            {
                  "doc_url": "https://gallica.bnf.fr/ark:/12148/bpt6k55062r",
                  "emotions": [
                        "disgust",
                        "greed"
                  ],
                  "excerpt": "C ' est ta délicieuse et capricieuse Colombiue qui , parée de jeunesse , de charme et de séduction , sourit au Printemps , ce 14 messager des joies voluptueuses .dont les effluves ensorce leurs exacerbent ses sens et les prisent .Parmi les chemins parfumés Où tous les oiselets , charmés Par la voix de la jouvencelle .",
                  "id": "14",
                  "title": "La chanson des heures : poésie et musique / Xavier Privas ; couv. de Gaston Noury"
            },
            {
                  "doc_url": "https://gallica.bnf.fr/ark:/12148/bpt6k5722470w",
                  "emotions": [
                        "disgust"
                  ],
                  "excerpt": "Cheminant à pas lent Deux hommes au nez rouge , auprès du saint ciboire , Joignaient les mains .L ' encens jusqu ' au plus haut vitrail Répandait dans les airs l ' odeur de ces pastilles Qu ' on appelle à Paris « pastilles du sérail » .MUSE MODERNE .",
                  "id": "15",
                  "title": "Muse moderne / par Julien Sermet"
            },
            {
                  "doc_url": "https://gallica.bnf.fr/ark:/12148/bpt6k96149672",
                  "emotions": [
                        "disgust",
                        "disapproval"
                  ],
                  "excerpt": "« Viva Diosf mes enfants , leur dit - il d ' un air bonhomme , la République nourrit bien mal ses défenseurs .Vous voilà tous aussi maigres que les loups des Pyrénées quand les montagnes sont couvertes de neige et qu ' ils viennent dans la plaine flairer l ' odeur de la carne aux lumières qui luisent sous les portes des maisons ..",
                  "id": "16",
                  "title": "Oeuvres de Alphonse Daudet"
            },
            {
                  "doc_url": "https://gallica.bnf.fr/ark:/12148/bpt6k1091410q",
                  "emotions": [
                        "disgust",
                        "annoyance",
                        "pain"
                  ],
                  "excerpt": "Graine noire , orbiculaire , comprimée .Odeur camphrée par le froissement .Cette plante est excitante , siuloritique , diurétique , vulnéraire , aulihydro - pique ; inusitée .",
                  "id": "17",
                  "title": "Flore du département du Gard ou Description des plantent qui croissent naturellement dans ce département. Partie 1,Tome 2 / par de Pouzolz,..."
            },
            {
                  "doc_url": "https://gallica.bnf.fr/ark:/12148/bpt6k1091410q",
                  "emotions": [
                        "disgust"
                  ],
                  "excerpt": "Akènes petits , noirs , rugueux .Odeur des feuilles fétide .Cette plante est connue sous les noms vulgaires d ' ortie puante , d ' ortie è crapaud ; elle est tonique , emménagoguc , diurétique .",
                  "id": "18",
                  "title": "Flore du département du Gard ou Description des plantent qui croissent naturellement dans ce département. Partie 1,Tome 2 / par de Pouzolz,..."
            },
            {
                  "doc_url": "https://gallica.bnf.fr/ark:/12148/bpt6k1091410q",
                  "emotions": [
                        "disgust"
                  ],
                  "excerpt": "Odeur camphrée par le froissement .Cette plante est excitante , siuloritique , diurétique , vulnéraire , aulihydro - pique ; inusitée .Hab .",
                  "id": "19",
                  "title": "Flore du département du Gard ou Description des plantent qui croissent naturellement dans ce département. Partie 1,Tome 2 / par de Pouzolz,..."
            },
            {
                  "doc_url": "https://gallica.bnf.fr/ark:/12148/bpt6k5796686m",
                  "emotions": [
                        "disgust"
                  ],
                  "excerpt": "» Les fruits du premier sont la patience , l ' instruction , l ' amour ; ceux du second la vanité , l ' orgueil , l ' ignorance .Et dans les explications données par les Envoyés , nul ne risque de respirer les parfums de ce sombre savoir dont l ' obscurité étouffe la terre , qui ne produit que désobéissance et immoralité , et dont les résultats sont la rancune et la haine : ce sont des poisons mortels , et l ' ombre des arbres de ce savoir n ' est qu ' un feu dévorant .Combien est juste ce qu ' a dit le poète : « Tiens ferme le bord de la robe d ' Amour , et n ' en rougis pas ; quitte les chemins suivis par les ermites , même s ' ils planent sur les hauteurs .",
                  "id": "20",
                  "title": "Le livre de la certitude [Kitab-el-Ikan], un des livres sacrés du béhaïsme / Beha-Ullah,... ; traduit du persan par Hippolyte Dreyfus et Mirza Habib-Ullah Chirazi"
            }
      ]
}