{
      "articles": [
            {
                  "doc_url": "https://gallica.bnf.fr/ark:/12148/bpt6k5532763k",
                  "emotions": [
                        "disgust"
                  ],
                  "excerpt": "Il est en même temps imperméable ; c ' est le bichromate de potasse qui donne l ' imperméabilité .Papiers odoriférants .— I .",
                  "id": "1",
                  "title": "Les secrets de la science et de l'industrie : recettes, formules et procédés d'une utilité générale et d'une application journalière / Professeur A. Héraud"
            },
            {
                  "doc_url": "https://gallica.bnf.fr/ark:/12148/bpt6k6113321v",
                  "emotions": [
                        "disgust",
                        "fear"
                  ],
                  "excerpt": "Pourquoi te trouvais - tu , reprit le villageois , En si mauvaise compagnie ? » Lé Ver luisant et le Crapaud .Un ver luisant faisait sur le gazon Briller un soir son éclat phosphorique ; Un crapaud l ' aperçoit , et lance son poison Sur cet insecte pacifique .« Je n ' ai jamais commis le mal , n Lui dit le ver à son heure dernière : « Eh quoi ! reprit le hideux animal , » Ne répands - tu pas ta lumière ? » Le Bluet .",
                  "id": "2",
                  "title": "Fabliaux. Deuxième édition"
            },
            {
                  "doc_url": "https://gallica.bnf.fr/ark:/12148/bpt6k9758297c",
                  "emotions": [
                        "disgust",
                        "fear",
                        "annoyance",
                        "embarrassment"
                  ],
                  "excerpt": ", Les balles traversent la couverture ; l ' une va briser une glace , l ' autre met le feu à la perruque du corrégidor , qui est accrochée à un clou ; la troisième enlève le bout du nez d ' Inès , qui déjà était camarde ; la qua - N trième ne casse qu ' un carreau de vitre .Une fumée épouvantable emplit la chambre ; les draps sont enflammés ; Estelle , malgré sa modestie , est obligée de sauter sur le parquet ; le corrégidor se hâte de la couvrir de sQn manteau ; Valentin saute après Estelle , et le jardinier et ses garçons sautent sur lui .« Jetez , jetez tout par la fenêtre , cr « le corrégidor , draps , couverture et m ? ~ « telas .",
                  "id": "3",
                  "title": "Le Garçon sans souci. Tome 2 / . Par Pigault-Lebrun,..."
            },
            {
                  "doc_url": "https://gallica.bnf.fr/ark:/12148/bpt6k5735205t",
                  "emotions": [
                        "disgust"
                  ],
                  "excerpt": "Cet écoulement se produit quand le malade se mouche ou quand il occupe une position spéciale la tête inclinée en bas et en avant .Le malade sent cette odeur , il la compare à celle d ' un égout , du poisson pourri , etc ., et il souffre de son état .",
                  "id": "4",
                  "title": "Association française pour l'avancement des sciences : conférences de Paris. 30, Compte-rendu de la 30e session. Seconde partie. Notes et mémoires"
            },
            {
                  "doc_url": "https://gallica.bnf.fr/ark:/12148/bpt6k5735205t",
                  "emotions": [
                        "disgust"
                  ],
                  "excerpt": "— L ' ARRORICULTURE FRUITIÈRE EN CORSE 907 Eh Tevanche , on devra étudier les goûts des consommateurs , là où on se propose - d ' expédier , et - s ' efforcer d ' offrir ce qui est demandé , car faire autrement serait s ' exposer à des déboires nombreux et à n ' obtenir que des Tevenus dérisoires .lie fruit a besoin , pour le marché , de qualités spéciales ; les qualités extérieures passent sans contredit au premier rang ; l ' habitant de la ville est en général peu difficile pour les qualités intérieures et peu apte à apprécier = si le fruité est délicieux , habitué qu ' il est dégoûtera ceux ayant voyagé , \" toujours cueillis avant maturité et n ' ayant pas encore obtenu ce juteux et ce parfum qui font les délices de tous ceux qui neles savourent jamais que îbien mûrs .■ Produire beau est difficile , car il y a des règles à suivre ; il faudra que la taille prépare déjà l ' arbre et maîtrise sa vigueur de végétation , que le cultivateur ait le courage d ' éclaircir les fruits déjà noués pour que les autres \" puissent être mieux nourris et venir dans de meilleures conditions ; surtout que les soins culturaux , fumures , labours et irrigations au besoin ne fassent pas défaut à l ' arbre .",
                  "id": "5",
                  "title": "Association française pour l'avancement des sciences : conférences de Paris. 30, Compte-rendu de la 30e session. Seconde partie. Notes et mémoires"
            },
            {
                  "doc_url": "https://gallica.bnf.fr/ark:/12148/bpt6k9598937",
                  "emotions": [
                        "disgust",
                        "fear",
                        "nervousness",
                        "pain"
                  ],
                  "excerpt": "Le vieux gentilhomme et l ’ adolescent éprouvèrent un même soulagement à se retrouver seuls .Yves sentait bouillir son sang .Il ne pouvait se faire à l ’ idée que La Pérouse et ses hommes fussent ainsi — lâchement , pensait - il — abandonnés à leur destin .",
                  "id": "6",
                  "title": "Guignol : cinéma des enfants"
            },
            {
                  "doc_url": "https://gallica.bnf.fr/ark:/12148/bpt6k9598937",
                  "emotions": [
                        "disgust",
                        "doubt"
                  ],
                  "excerpt": "Il suivit la rue de la Juiverie , passa la rivière de Seine sur le Petit - Pont , lequel aboutissait au porche du Petit Châtelet , remonta la rue Saint - Jacques jusque vers son milieu , prit sur sa droite une ruelle qu ’ il quitta pour une autre ruelle ouverte à sa gauche , plus étroite celle - là .Il y fit quelques pas , s ’ arrêta hésitant , le nez levé sur les hautes et roides murailles qui faisaient de cette voie un fond de puits sombre , humide , verdissant , malodorant , et dit tout haut : — Il faut que je me sois trompé .Comment une riche demeure se trouverait - elle dans ce lacis de ruelles puantes ? A peine achevait - il , qu ’ une étroite porte s ’ ouvrit face à lui dans la muraille .",
                  "id": "7",
                  "title": "Guignol : cinéma des enfants"
            },
            {
                  "doc_url": "https://gallica.bnf.fr/ark:/12148/bpt6k58341344",
                  "emotions": [
                        "disgust",
                        "disapproval",
                        "doubt",
                        "nervousness",
                        "embarrassment"
                  ],
                  "excerpt": ".je flaire une complication ! LA FOLATIÈRE Parfum et écriture de femme ? ., peut - être ! MONTBELET , lui tend la dépêche .",
                  "id": "8",
                  "title": "Du désir au fruit défendu / Michel Provins"
            },
            {
                  "doc_url": "https://gallica.bnf.fr/ark:/12148/bpt6k64621513",
                  "emotions": [
                        "disgust"
                  ],
                  "excerpt": "Quant à l ' écoulement de cette salive colorée aux angles des lèvres , et à l ' odeur forte et repoussante de la .bouche , ce sont des désagrémens qui ne blessent que les gens délicats , et qui n ' arrivent d ' ailleurs qu ' à ces gloutons qui sans cesse ont la bouche pleine de tabac ; le simple nœud de bitord ne présente pas ces inconvéniens , surtout si l ' on a soin de se rincer la bouche à l ' eau fraîche , parfumée , ou mieux chlorurée , comme on le conseille toujours .Outre les inconvéniens de l ' irritation , de la sali - vation et de l ' odeur qui non seulement imprègne l ' haleine , mais encore les mains et les vêtemens , la pipe altère les dents dont elle use l ' émail , brûle et décolore les lèvres , désavantages que n ' offre pas le cigarre qui comporte d ' ailleurs une odeur moins désagréable .",
                  "id": "9",
                  "title": "Considérations hygiéniques sur l'usage du tabac / par J. B. R. B."
            },
            {
                  "doc_url": "https://gallica.bnf.fr/ark:/12148/bpt6k5844342n",
                  "emotions": [
                        "disgust",
                        "pain"
                  ],
                  "excerpt": "Les phénomènes fébriles font cependant défaut .Il existe seulement une grande fétidité d ' haleine et un goût insupportable à la bouche .Le ventre est empâté , la — 169 — percussion permet de constater qu ' il est rempli de matières .",
                  "id": "10",
                  "title": "Études pratiques sur l'hydrothérapie, d'après les observations recueillies à l'établissement de Pont-à-Mousson, par le Dr Lubanski,..."
            },
            {
                  "doc_url": "https://gallica.bnf.fr/ark:/12148/bpt6k9759508q",
                  "emotions": [
                        "disgust",
                        "anger",
                        "annoyance",
                        "nervousness"
                  ],
                  "excerpt": "— de Cruikshank .Martynia pourpre odorant .Mauve musquée .",
                  "id": "11",
                  "title": "Instructions pour les semis de fleurs de pleine terre... : suivies d'une notice sur la formation et l'entretien des gazons / par Vilmorin-Andrieux et Cie,..."
            },
            {
                  "doc_url": "https://gallica.bnf.fr/ark:/12148/bpt6k220621s",
                  "emotions": [
                        "disgust"
                  ],
                  "excerpt": "Sa graine est peu près de même grosseur que les grains des céréales desquels ' il est très - difficile de la séparer .Lorsque elle restemélangée à ceux - ci en proportion un peu considérable , elle donne au pain une teinte violette plus ou moins foncée , et communique à cet aliment une odeur nauséabonde plus ou moins marquée et une saveur amère .Dans quelques circonstances , le pain ainsi altéré a déterminé des vertiges et des symptômes nerveux plus ou moins alarmants .",
                  "id": "12",
                  "title": "Botanique agricole et médicale, ou Etude des plantes qui intérressent principalement les médecins, les vétérinaires, et les agriculteurs : accompagnée de 160 planches représentant plus de 900 figures intercalées dans le texte (2e édition) / par H.-J.-A. Rodet,... ; deuxième édition, revue et considérablement augmentée avec la collaboration de C. Baillet,..."
            },
            {
                  "doc_url": "https://gallica.bnf.fr/ark:/12148/bpt6k65427209",
                  "emotions": [
                        "disgust"
                  ],
                  "excerpt": "Du cuivre .Il communique à l ' huile une couleur verdâtre et une saveur nauséabonde ; elle acquiert par là des propriétés vomitives .Ce métal provient ordinairement du robinet de cuivre , qui s oxide au contact de l ' air et de l ' huile .",
                  "id": "13",
                  "title": "Police judiciaire pharmaco-chimique, ou Traité des alimens salubres de leur sophistication et des altérations qu'ils éprouvent dans les vaisseaux qui servent à leur préparation ... par Mr W. H. G. Remer,... Traduit de l'allemand par E. J. B. Bouillon-Lagrange,... et A. Vogel,... Précédé d'un rapport sur l'ouvrage fait à l'Institut par Guyton-Morveau"
            },
            {
                  "doc_url": "https://gallica.bnf.fr/ark:/12148/bpt6k6514970p",
                  "emotions": [
                        "disgust"
                  ],
                  "excerpt": "Hareng ( Sauragedu ) .Mauvaise odeur .28 fi janv .",
                  "id": "14",
                  "title": "Sophistication des substances alimentaires et moyen de les reconnaître, précédé de l'origine et de l'histoire de la salubrité en France, par G. Bertin,..."
            },
            {
                  "doc_url": "https://gallica.bnf.fr/ark:/12148/bpt6k220621s",
                  "emotions": [
                        "disgust",
                        "annoyance"
                  ],
                  "excerpt": "On trouve cette plante dans les lieux arides , sur les coteaux calcaires , dans les champs sablonneux , sur le bord des chemins .Elle répand une odeur forte et désagréable .FLEIJRS RÉUNIES EN TÈTES TERMINALES .",
                  "id": "15",
                  "title": "Botanique agricole et médicale, ou Etude des plantes qui intérressent principalement les médecins, les vétérinaires, et les agriculteurs : accompagnée de 160 planches représentant plus de 900 figures intercalées dans le texte (2e édition) / par H.-J.-A. Rodet,... ; deuxième édition, revue et considérablement augmentée avec la collaboration de C. Baillet,..."
            },
            {
                  "doc_url": "https://gallica.bnf.fr/ark:/12148/bpt6k6514970p",
                  "emotions": [
                        "disgust"
                  ],
                  "excerpt": "les ouvriers seulement , qui sont sujets au tremblement des doreurs .Goudron ( Fabrica - Très - mauvaise odeur t rc Idem .tiondu ) .",
                  "id": "16",
                  "title": "Sophistication des substances alimentaires et moyen de les reconnaître, précédé de l'origine et de l'histoire de la salubrité en France, par G. Bertin,..."
            },
            {
                  "doc_url": "https://gallica.bnf.fr/ark:/12148/bpt6k6469415f",
                  "emotions": [
                        "disgust",
                        "boredom"
                  ],
                  "excerpt": "Pouillet de 20 .nés par l ' odeur infecte qui remontait des tuyaux d ' aisance .Ceci constitue l ' exception , nous voulons bien l ' admettre , mais l ' exception nous donnera le droit de dire qu ' il faut toujours compter avec l ' air atmosphérique et les nombreuses variations auxquelles il est sujet ; qu ' il faut redoubler de zèle et de vigilance pour atténuer quelques - uns des inconvénients que nous venons de signaler .",
                  "id": "17",
                  "title": "Études sur l'emprisonnement cellulaire et la folie pénitentiaire : Mazas (2e édition) / par le Dr Prosper de Pietra Santa,..."
            },
            {
                  "doc_url": "https://gallica.bnf.fr/ark:/12148/bpt6k948107z",
                  "emotions": [
                        "disgust",
                        "annoyance"
                  ],
                  "excerpt": "On put ensuite se risquer à sortir .L ' odeur était très désagréable et insupportable .On observa chez les hommes des quintes de toux , des vomissements , des crachements de sang .",
                  "id": "18",
                  "title": "Ecole militaire de l'infanterie et des chars de combat : Notes pour officier de renseignements de régiment d'infanterie : Texte et croquis"
            },
            {
                  "doc_url": "https://gallica.bnf.fr/ark:/12148/bpt6k5619727k",
                  "emotions": [
                        "disgust"
                  ],
                  "excerpt": "Vers le mois d ' août 1896 , éclatent des abcès de fièvre dont on recherche en vain l ' ori ■ gine lorsque le 10 août apparaît dans la fosse iliaque gauche un abcès volumineux .A la première ponction je retire 500 grammes de pus nettement flegmoneux et d ' odeur infecte , fécaloïde .Je répète les ponctions tous les jours pendant 10 jours environ , et retire chaque fois 1 litre de pus fétide .",
                  "id": "19",
                  "title": "Le Traitement du mal de Pott / par le Dr C. Ducroquet"
            },
            {
                  "doc_url": "https://gallica.bnf.fr/ark:/12148/bpt6k937758d",
                  "emotions": [
                        "disgust"
                  ],
                  "excerpt": ", ont cependant un rôle bien important .En effet , c ’ est leur odeur piquante cl insupportable qui , dans une pièce éclairée au gaz , révèle une fuite provoquée par la défectuosité de l ’ appareil servant soit à la distribution , soit à la combustion du gaz .Il devenait donc urgent de priver le gaz de ce mélange nuisible , et d ’ en laisser cependant une certaine quantité pour révéler l ’ imperfection des appareils dans l ’ intérieur des habitations .",
                  "id": "20",
                  "title": "Conférence sur le gaz : faite à l'Hôtel de ville le 27 janvier 1865 / par M. Coze,..."
            }
      ]
}