{
      "articles": [
            {
                  "doc_url": "https://gallica.bnf.fr/ark:/12148/bpt6k3045482g",
                  "emotions": [
                        "disgust"
                  ],
                  "excerpt": "Il s ’ élève immédiatement de la racine trois ou quatre tuyaux longs , grêles , blanchâtres , tendres , qui s ’ épanouissent vers le haut en six parties , formant comme ane fleur de lis de couleur tantôt purpurine , tantôt blanchâtre , tantôt gris de lin .Toutes les parties de cette plante ; ont une odeur plus ou moins forte , et qui cause quelquefois des nausées .XXVI e Famille .",
                  "id": "1",
                  "title": "Résumé d'histoire naturelle : botanique (Nouvelle édition...) / par N. Meissas,..."
            },
            {
                  "doc_url": "https://gallica.bnf.fr/ark:/12148/bpt6k96787144",
                  "emotions": [
                        "disgust"
                  ],
                  "excerpt": "L ' iris & l ' huile de girofles ne peuvent servir dans la composicion de cet onguent que pour corriger la mauvaise odeur des autres ingrédients j car le sou .fre , l ' orpiment & la chaux , rendent ensemble une odeur puante .Mais ce correctif n ' empêche pas que l ' onguent n ' ait toujours une odeur fort désagréable .",
                  "id": "2",
                  "title": "Pharmacopée universelle. Tome 2 / , contenant toutes les compositions de pharmacie qui sont en usage dans la médecine... par Nicolas Lemery,... 5e édition"
            },
            {
                  "doc_url": "https://gallica.bnf.fr/ark:/12148/bpt6k1416111d",
                  "emotions": [
                        "disgust"
                  ],
                  "excerpt": "égalant les 11 .; celles - ci un peu odorantes ; périgone à divis .un peu conniventes , les intér .",
                  "id": "3",
                  "title": "Flore d'Auvergne : contenant la description des familles, genres, espèces et variétés de toutes les plantes vasculaires... / par F. Gustave et F. Héribaud-Joseph,..."
            },
            {
                  "doc_url": "https://gallica.bnf.fr/ark:/12148/bpt6k961387",
                  "emotions": [
                        "disgust"
                  ],
                  "excerpt": "Trés - OmgHe ; s ' ecra .Mnt entre les doigts en dégageant une faible odeur résineuse .Dur .",
                  "id": "4",
                  "title": "Manuel de minéralogie. Tome 2 / par A. Des Cloizeaux,..."
            },
            {
                  "doc_url": "https://gallica.bnf.fr/ark:/12148/bpt6k5725161t",
                  "emotions": [
                        "disgust"
                  ],
                  "excerpt": "— Reconstituant extrêmement utile dans la scrofule , la tuberculose , le rachitisme , à la dose de 2 à 4 cuillerées par jour .Son odeur nauséabonde la rend difficile à prendre ; cependant , elle s ' accepte encore assez facilement dans du curaçao ou du kirsch .On peut encore la faire prendre dans uno tasse de café ou toute autre infusion aromatique .",
                  "id": "5",
                  "title": "La médecine au presbytère / par un curé de campagne"
            },
            {
                  "doc_url": "https://gallica.bnf.fr/ark:/12148/bpt6k4224570f",
                  "emotions": [
                        "disgust"
                  ],
                  "excerpt": "La Punaise des bois { fig .88 ) dégage une odeur écœurante , elle est très commune sur les framboises .La Punaise des lits { fig .",
                  "id": "6",
                  "title": "Manuel de sciences naturelles, accompagné de nombreux dessins, photogravures et lectures, par G. Eisenmenger, docteur ès sciences, agrégé de l'Université, professeur à l'École primaire supérieure de Lille, et Henri Coupin, docteur ès sciences, chef de travaux d'histoire naturelle à l'Université de Paris, lauréat de l'Institut. 2e année. 7e édition complètement refondue conformément au programme d'août 1920"
            },
            {
                  "doc_url": "https://gallica.bnf.fr/ark:/12148/bpt6k5769660g",
                  "emotions": [
                        "disgust",
                        "pain"
                  ],
                  "excerpt": "Tous les phénomènes se sont accusés ; l ' hémorrhagie revient plus fréquemment ; l ' écoulement est devenu rosé ou roussâlre , comme de la raclure de boxjaux .de la lavure de chair , selon l ' expression des malades d ' hôpital ; il a pris une odeur fade , écoeurante , ou fétide et repoussante ; son abondance et son âcreté provoquent un érylhème des cuisses et un prurit vulvaire des plus pénibles .En même temps les douleurs , surtout lombaires , sont devenues plus fortes et il s ' y joint des irradiations névralgiques diverses .",
                  "id": "7",
                  "title": "Traité de gynécologie clinique et opératoire / par S. Pozzi,..."
            },
            {
                  "doc_url": "https://gallica.bnf.fr/ark:/12148/bpt6k96787144",
                  "emotions": [
                        "disgust"
                  ],
                  "excerpt": "Il est bon pour les ulcères de la poitrine & du poumon , pour l ' asthme , pour Jes indigestions & la colique d ' estomac , pour la colique venteuse : La dose en / est depuis trois gouttes jusqu ' à douze .Il se fait en cette opération comme dans les baumes de soufre précédents , une dissolution de la partie grasse ou véritablement sulfureuse du soufre dans l ' huile d ' anis , 6c comme cette huile est odorante & agréable au goût , elle corrige un peu la mauvaise odeur & le mauvais goût du soufre > ensorte que ce baume de soufre est le moins dégoûrant de tous .On rejette comme inutile ce qui resse dans le matras , c ' est la partie saline du soufre .",
                  "id": "8",
                  "title": "Pharmacopée universelle. Tome 2 / , contenant toutes les compositions de pharmacie qui sont en usage dans la médecine... par Nicolas Lemery,... 5e édition"
            },
            {
                  "doc_url": "https://gallica.bnf.fr/ark:/12148/bpt6k54998519",
                  "emotions": [
                        "disgust",
                        "disapproval"
                  ],
                  "excerpt": "Il se pelotonna , ronronnant , le nez sur la chair à saucisse .Cependant , Lisa paraissait ne pouvoir cacher son étonnement ni son dégoût ; le riz plein de vers et la viande qui sentait mauvais lui semblaient sûrement des saletés à peine croyables , tout àfait déshonorantes pour celui qui les avait mangées .Et sur son beau visage calme , dans le gonflement de son cou , il y avait une vague épouvante , en face de cet homme nourri de choses immondes .",
                  "id": "9",
                  "title": "Oeuvres complètes illustrées de Émile Zola. T. 3, 1"
            },
            {
                  "doc_url": "https://gallica.bnf.fr/ark:/12148/bpt6k111810h",
                  "emotions": [
                        "disgust"
                  ],
                  "excerpt": "Vezouiller .Sentir mauvais , par allusion à l ' odeur de certain vent intel ne .Viande .",
                  "id": "10",
                  "title": "Dictionnaire du jargon parisien : l'argot ancien et l'argot moderne / Lucien Rigaud"
            },
            {
                  "doc_url": "https://gallica.bnf.fr/ark:/12148/bpt6k5327487r",
                  "emotions": [
                        "disgust",
                        "fear",
                        "indifference"
                  ],
                  "excerpt": "Il faut avoir la précaution de garantir la détente du dernier piège surtout , le plus possible , afin d ’ empêcher que quelque feuille ou brin d ’ herbe , ou enfin de la terre , en s ’ y introduisant , n ’ en empêche le jeu .Le loup est tellement méfiant , et son odorat est si fin , que , quelque soin que l ’ on prenne de lui dérober la vue du traquenard , et malgré l ’ appât qu ’ on lui présente , il n ’ en approchera pas , pour peu qu ’ il reconnaisse le sentiment d ’ un homme .La meilleure manière de le dérober à l ’ animal est de se chausser avec des sabots , de revenir par le même chemin par lequel on est allé , et , en se retirant , d ’ effacer les traces des pas avec un raleau .",
                  "id": "11",
                  "title": "Traité général des chasses à courre et à tir... ouvrage entièrement neuf, par une société de chasseurs, et dirigé par M. Jourdain,.... Tome 1"
            },
            {
                  "doc_url": "https://gallica.bnf.fr/ark:/12148/bpt6k5500705p",
                  "emotions": [
                        "disgust",
                        "greed"
                  ],
                  "excerpt": "La pupille gauche est plus large ; la parole un peu ânonnée .A l ' odorat , elle prend du poivre pour du tabac et en éprouve une sensation piquante ; elle le reconnaît à la vue .- La malade ne gâte pas ; elle est propre , aide au ménage .",
                  "id": "12",
                  "title": "Traité de la paralysie générale des aliénés / par le Dr Auguste Voisin,..."
            },
            {
                  "doc_url": "https://gallica.bnf.fr/ark:/12148/bpt6k58312082",
                  "emotions": [
                        "disgust"
                  ],
                  "excerpt": ".Ce corps dégageant une odeur repoussante ..",
                  "id": "13",
                  "title": "L'Hortillonne : moeurs picardes / Léon Duvauchel"
            },
            {
                  "doc_url": "https://gallica.bnf.fr/ark:/12148/bpt6k1416111d",
                  "emotions": [
                        "disgust",
                        "anger"
                  ],
                  "excerpt": "( A .odorante ) .— Souche traçante ; liges dressées ; f .",
                  "id": "14",
                  "title": "Flore d'Auvergne : contenant la description des familles, genres, espèces et variétés de toutes les plantes vasculaires... / par F. Gustave et F. Héribaud-Joseph,..."
            },
            {
                  "doc_url": "https://gallica.bnf.fr/ark:/12148/bpt6k62695990",
                  "emotions": [
                        "disgust"
                  ],
                  "excerpt": "- Entrez , il est là - bas dans sa cachette à faire ses tripotages .Nous traversâmes une espèce de galetas en désordre , et la gracieuse servante nous introduisit dans le sanctuaire ; une odeur abominable , raffinement du superlatif de l ' aigre , du sur , du rance , nous prit d ' abord au nez , et nous vîmes l ' abbé Cazo entouré d ' une légion de fioles , de casseroles , de réchauds , occupé à décomposer simultanément un fromage , et de la pâte àpapier , opération qu ' il recommençait tous les jours depuis dix ans .Le plus affreux pêle - mêle régnait dans cet antre dégoûtant , et nousne pûmes trouver un endroit propre où nous asseoir .",
                  "id": "15",
                  "title": "Les récréations du collège, ou La journée aux histoires : récits de tous les pays / recueillis et mis au jour par Mirabelle,..."
            },
            {
                  "doc_url": "https://gallica.bnf.fr/ark:/12148/bpt6k1234615",
                  "emotions": [
                        "disgust"
                  ],
                  "excerpt": "B .A la lettre , mauvaife odeur .Mm f r an , corbeau mâle .",
                  "id": "16",
                  "title": "Mémoires sur la langue celtique. T3 / ... par M. Bullet,... Tome Ier. - (Tome II-III contenant la première-deuxième partie du Dictionnaire celtique)"
            },
            {
                  "doc_url": "https://gallica.bnf.fr/ark:/12148/bpt6k57014360",
                  "emotions": [
                        "disgust",
                        "fear"
                  ],
                  "excerpt": "Je compte une trentaine d ' hommes , couchés en rangées superposées comme les émigrants dans l ' entrepont d ' un navire .L ' atmosphère est fétide ; c ' est tout simplement hideux .Et ces malheureux ne quitteront probablement cet antre que le lendemain matin pour se rendre à leur travail ! La catégorie des gens qui fréquentent l ' établissement où nous sommes gagne en moyenne quarante centimes de notre monnaie par jour .",
                  "id": "17",
                  "title": "Aux colonies d'Asie et dans l'Océan Indien / G. Verschuur"
            },
            {
                  "doc_url": "https://gallica.bnf.fr/ark:/12148/bpt6k55004952",
                  "emotions": [
                        "disgust"
                  ],
                  "excerpt": "Il ne faut pas négliger de faire préalablement un lavage du vagin avec de l ' eau chaude , ce qui se fait facilement avec l ' irrigateur Éguisier .11 arrive souvent , ai - je dit , que l ' écoulement blennorrhagique vaginal a une odeur nauséeuse , fétide .Dans ce cas , il est utile de modifier rapidement cet écoulement .",
                  "id": "18",
                  "title": "Leçons cliniques sur la blennorrhagie chez la femme / par le Dr L. Martineau,..."
            },
            {
                  "doc_url": "https://gallica.bnf.fr/ark:/12148/bpt6k9764928k",
                  "emotions": [
                        "disgust",
                        "greed"
                  ],
                  "excerpt": "Ils sont égoïstes et sans pudeur ; ils sont vains , insolents , fanfarons et lâches .et se plaisent à faire le mal par leurs insinuations ; ils sont sales , et leurs sueurs exhalent une ordeur nauséabonde .Souvent nés dans les temps d ' éclipsé , ils viennent au monde louches , myopes , avec des yeux troubles , ou même aveugles .",
                  "id": "19",
                  "title": "Les mystères de la main révélés et expliqués : art de connaître la vie... d'après la seule inspection des mains / par Ad. Desbarrolles"
            },
            {
                  "doc_url": "https://gallica.bnf.fr/ark:/12148/bpt6k97422302",
                  "emotions": [
                        "disgust"
                  ],
                  "excerpt": "Ces ferments sont extrêmement dangereux en industrie , surtout en brasserie et en distillerie .Ils communiquent à la bière une odeur rance insupportable et la rendent impropre à la consommation .En distillerie , ils consomment du sucre , rendent le milieu antiseptique pour la levure par suite de la formation d ' acide butyrique : il en résulte une baisse considérable du rendement en alcool .",
                  "id": "20",
                  "title": "Brasserie, hydromels : industries agricoles de fermentation / par Eugène Boullanger... ; introduction par le Dr P. Regnard"
            }
      ]
}