{
      "articles": [
            {
                  "doc_url": "https://gallica.bnf.fr/ark:/12148/bpt6k96035495",
                  "emotions": [
                        "disgust"
                  ],
                  "excerpt": "— Verbena triphylla , Lher ., verveine à odeur de citron .Les viticées , très - connues en matière médicale , surtout l ' agnus castus , jouissent d ' une légère propriété amère et astringente qu ' on trouve dans la verveine , excellent sudorifique .",
                  "id": "1",
                  "title": "Traité des végétaux qui composent l'agriculture : contenant les caractères les plus saillants, les différences, qualités et usages de tous les végétaux, notamment des espèces peu connues et dont la naturalisation présente des avantages, suivi de considérations sur les semis et les plantations, et de l'indication, pour chaque mois, des travaux et semis à faire dans les jardins, les prés, les champs et les bois (2e éd.) / par Ce Tollard aîné,..."
            },
            {
                  "doc_url": "https://gallica.bnf.fr/ark:/12148/bpt6k6437052w",
                  "emotions": [
                        "disgust"
                  ],
                  "excerpt": ", que les Espiciers vendent , n ' est pas de la qualité requise : Mais je fuis persuadé que la vieillesse , ou les injures du temps qu ' elle peut avoir souffert sur l ' arbre ou dans les maga sins , luyont consumé une partie de sa graisse & une partie de sa vertu : Mais avec tout cela pour vieille qu ' elle soit , elle retient encore quelques - unes de [ cs marques , & entre autres l ' amertume , & la couleur tirant sur le rouge , les coups d ' ongles & une partie .de son odeur .Dont je ne fuis pas étonné ; Car puis qu ' elle est capable de preserver les corps morts de pourriture telle peut bien en quelque façon se conserver long - temps elle mesme sans une entiere destruction : Mais celle qui a cité recueillie en son temps & sans estre dissipée , ni par le Soleil ni par les pluyes , & qui nous est a pportée assez recente , se trouvera toû jours fort Ic - gitime , & fera doüée des qualités tequises .",
                  "id": "2",
                  "title": "Histoire naturelle des animaux, des plantes & des minéraux qui entrent dans la composition de la thériaque d'Andromachus . Dispensée et achevée publiquement à Paris, par Moyse Charas,... avec les réformations et les observations de l'auteur..."
            },
            {
                  "doc_url": "https://gallica.bnf.fr/ark:/12148/bpt6k14122971",
                  "emotions": [
                        "disgust",
                        "fear",
                        "nervousness",
                        "pain"
                  ],
                  "excerpt": "— Plante qui croît dans les bois ; son amertume est très - forte .Elle est vermifuge et stomachique .— Poudre sèche colorante fabriquée en Angleterre au moyen du lichen des Canaries , macéré dans de l ’ ammoniaque caustique faible .",
                  "id": "3",
                  "title": "Livre de poche du liquoriste. 300 moyens ou recettes"
            },
            {
                  "doc_url": "https://gallica.bnf.fr/ark:/12148/bpt6k14122971",
                  "emotions": [
                        "disgust",
                        "disapproval",
                        "greed"
                  ],
                  "excerpt": "Réduit en poudre , il est d ’ une couleur jaune d ’ or .C ’ est un purgatif et un vermifuge .2 ° L ' alocs hépatique , est jaune , plus amer et d ’ une odeur plus agréable que le précédent .",
                  "id": "4",
                  "title": "Livre de poche du liquoriste. 300 moyens ou recettes"
            },
            {
                  "doc_url": "https://gallica.bnf.fr/ark:/12148/bpt6k54735951",
                  "emotions": [
                        "disgust",
                        "nervousness"
                  ],
                  "excerpt": "On refoule les bajoues vers les oreilles .Le nez se frictionne en 46 LE MASSAGE FACIAL descendant depuis la racine jusque sur les narines .Les lèvres épaisses se serrent entre les deux index qui exécutent un mouvement contrarié .",
                  "id": "5",
                  "title": "De tout un peu, derniers mélanges / Paul Eudel ; avec préface de M. Olivier de Gourcuff"
            },
            {
                  "doc_url": "https://gallica.bnf.fr/ark:/12148/bpt6k91168z",
                  "emotions": [
                        "disgust",
                        "annoyance",
                        "embarrassment"
                  ],
                  "excerpt": "A part un bahut profond où la Flamande rangeait sa vaisselle , presque un monument avec son armature de chôno o et ses lourdes portes à gonds massifs , les ustensiles de cuisine , deux tables et quelques chaises , tout lui parut bon à ôtre mis au rancart .Ça l ' embêtait de s ' emménager dans cette odeur de vieille femme demeurée aux fripes demi - séculaires que la mère de Jacques avait laissées après elle .Quand Jacques rentra au baisser du jour , haletant de la montée dévorée à doubles enjambées , il la vit de loin , ses jolies frisettes tirebouchonnant sur le front , un ruban ponceau au cou , qui l ' attendait sur le seuil de la maison , dans la flamme rose d ' un dernier rais do soleil .",
                  "id": "6",
                  "title": "Happe-chair / Camille Lemonnier"
            },
            {
                  "doc_url": "https://gallica.bnf.fr/ark:/12148/bpt6k91168z",
                  "emotions": [
                        "disgust",
                        "disapproval"
                  ],
                  "excerpt": "Très actives l ' une et l ' autre , elles suffisaient à l ' entretien des salles , faisaient toutes les besognes de l ' infirmerie , même les basses , lessivaient le petit linge à grands tours de bras .dans la buanderie attenante à leur cuisine , sans répulsion pour les savonnées rouges , toutes puantes de la suppuration des plaies .Portes et fenêtres closes , elles vivaient silencieuses dans leur atmosphère d ' hôpital , parmi les senteurs d ' urine et de zostère mouillée émanées des couchettes de fer , leurs .",
                  "id": "7",
                  "title": "Happe-chair / Camille Lemonnier"
            },
            {
                  "doc_url": "https://gallica.bnf.fr/ark:/12148/bpt6k209778g",
                  "emotions": [
                        "disgust"
                  ],
                  "excerpt": "Il faut se servir d ' acide hydrochlorique purifié .L ' acide hydrochlorique du commerce contient du gaz sulfureux qui a un goût détestable .Sirop de lait .",
                  "id": "8",
                  "title": "Dictionnaire des ménages : répertoire de toutes connaissances usuelles, encyclopédie des villes et des campagnes. T. 2 / par Anthony Dubourg,..."
            },
            {
                  "doc_url": "https://gallica.bnf.fr/ark:/12148/bpt6k6455724x",
                  "emotions": [
                        "disgust",
                        "annoyance"
                  ],
                  "excerpt": "hÍes - commun .Odeur désagréable .La variété à fleurs jj , nches , à anthères pourprées , se trouve à Bacalan et dans le Bazadais .",
                  "id": "9",
                  "title": "Flore bordelaise et de la Gironde : description caractéristique des plantes qui croissent naturellement dans ce département... précédée de notions élémentaires de botanique (4e édition...) / par J.-F. Laterrade,..."
            },
            {
                  "doc_url": "https://gallica.bnf.fr/ark:/12148/bpt6k57155074",
                  "emotions": [
                        "disgust"
                  ],
                  "excerpt": "Hareng ( saurage du ) .Mauvaise odeur , 2 14 janv .1815 .",
                  "id": "10",
                  "title": "Le nouveau manuel des conseillers de préfecture. Tome 1 / par M. Brun,..."
            },
            {
                  "doc_url": "https://gallica.bnf.fr/ark:/12148/bpt6k5778555s",
                  "emotions": [
                        "disgust",
                        "fear",
                        "disapproval",
                        "greed",
                        "nervousness"
                  ],
                  "excerpt": "Sur tes flots d ' or frémit une mousse argentée .L ' affreuse pourriture S ' en va tout infecter de son haleine impure .Jusques sur les rameaux où pend encor le fruit , L ' immonde Ceeléno le souille et le détruit ; Et soufflant sur la graine en sa loge enfermée , La corrompt dans son lait , molle et demi - formée .",
                  "id": "11",
                  "title": "Les Plantes, poëme, par René-Richard Castel"
            },
            {
                  "doc_url": "https://gallica.bnf.fr/ark:/12148/bpt6k901003",
                  "emotions": [
                        "disgust"
                  ],
                  "excerpt": "On te prépare en distillant le xamhogénate potassique ou des solutions concenh ' ées de bisattate éthytiqae et de sutthydrate potassique .C ' est un liquide tres - mobtte , incolore , d ' une affreuse odeur atttacée , qui bout à 56 ' * c ., et dont la densité est de 0 , 831 .",
                  "id": "12",
                  "title": "Éléments de chimie organique, ou asynthétique (2e partie) / par le Dr Sacc,..."
            },
            {
                  "doc_url": "https://gallica.bnf.fr/ark:/12148/bpt6k6209281m",
                  "emotions": [
                        "disgust"
                  ],
                  "excerpt": "- ' fIS \" DEUXIÈME QUESTION .La nicotine a - t - elle une odeur assez reP ° ffS sante pour qu ' on ne puisse pas en avaler une certaine quantité , ative .que l ' on croit boire un autre liquide ? - Je répondrai par la Oégatl - veQuand la nicotine est anhydre ( privée d ' eau ) , et il est assez dlfficl celle l ' obtenir sous cet état , elle a une odeur piquante , qui rappelle peu sible du tabac ; si elle contient de l ' eau , cette odeur est d ' autant moins seode la que la quantité de ce dernier liquide est plus considérable .",
                  "id": "13",
                  "title": "Traité de toxicologie. Tome 2 / par M. Orfila,..."
            },
            {
                  "doc_url": "https://gallica.bnf.fr/ark:/12148/bpt6k4221415z",
                  "emotions": [
                        "disgust",
                        "disapproval"
                  ],
                  "excerpt": "On trouve dans l ’ intérieur une fubftance balfamique , blanchâtre , dont l ’ odeur ôt la faveur font aromatiques .Il faut rejetter les fruits du Baumier qui font légers , dont le goût ôt l ’ odeur font foibles , ôt ceux qui font cariés .On ne fait ordinairement ufage de ces fruits que dans les compofitions officinales , telles que la Thériaque ôt le Mithridate .",
                  "id": "14",
                  "title": "Pharmacopée du collège royal des médecins de Londres. Tome 1 / , traduite de l'anglois sur la seconde édition donnée avec des Remarques, par le docteur H. Pemberton... augmentée de plusieurs notes & observations, & d'un grand nombre de procédés intéressans, avec les vertus & les doses des medicamens. Tome premier [-second]"
            },
            {
                  "doc_url": "https://gallica.bnf.fr/ark:/12148/bpt6k4221415z",
                  "emotions": [
                        "disgust",
                        "approval"
                  ],
                  "excerpt": "Le Mufc par fon odeur efl très - fujet à porter à la tête 9 & à caufer des fpafmes & des vapeurs .Ceux même à qui cette odeur paroît agréable en font incommodés à la fin .Les femmes hyflériques font celles qui en reffentent plus vivement les effets .",
                  "id": "15",
                  "title": "Pharmacopée du collège royal des médecins de Londres. Tome 1 / , traduite de l'anglois sur la seconde édition donnée avec des Remarques, par le docteur H. Pemberton... augmentée de plusieurs notes & observations, & d'un grand nombre de procédés intéressans, avec les vertus & les doses des medicamens. Tome premier [-second]"
            },
            {
                  "doc_url": "https://gallica.bnf.fr/ark:/12148/bpt6k4221415z",
                  "emotions": [
                        "disgust"
                  ],
                  "excerpt": "Ses feuilles naiflent oppofées ; elles font d ’ un verd aflez foncé , dentelées fur les bords , ôc garnies d ’ un léger duvet .Elles ont une odeur aflez forte ôc peu agréable ; fes fleurs font labiées ôc blanches .Cette plante eft très - commune dans les environs de Paris .",
                  "id": "16",
                  "title": "Pharmacopée du collège royal des médecins de Londres. Tome 1 / , traduite de l'anglois sur la seconde édition donnée avec des Remarques, par le docteur H. Pemberton... augmentée de plusieurs notes & observations, & d'un grand nombre de procédés intéressans, avec les vertus & les doses des medicamens. Tome premier [-second]"
            },
            {
                  "doc_url": "https://gallica.bnf.fr/ark:/12148/bpt6k57264274",
                  "emotions": [
                        "disgust"
                  ],
                  "excerpt": "Ses fleurs , qui ressemblent à de très petites pâquerettes , ont une odeur forle mais aromatique , tandis que la camomille puante , nommée aussi maroulc , bouillot , amourache , n ' offre qu ' une odeur désagréable .L ' infusion de fleurs de camomille est amère et aromatique .Elle contient , outre le principe amer qui est tonique , un principe volatil , une essence , qui la rend stimulante , excitante .",
                  "id": "17",
                  "title": "Éléments usuels des sciences physiques et naturelles (2e édition) / par le Dr Saffray"
            },
            {
                  "doc_url": "https://gallica.bnf.fr/ark:/12148/bpt6k6455724x",
                  "emotions": [
                        "disgust"
                  ],
                  "excerpt": "nous c ' tprons : le GRENADIER , Punica granatum , a aux féb oe , à fruits aigrelets dont l ' usage est permis même aux féb rl - eitants ; le SERYNGA .vulgairement et improprement aeeelé eitronelle ; le MYRTE , Myrtus communis si agréable par son et Par son odeur ; plusieurs cactées , Mamillaria simPlex , passe arrondie , couverte d ' épines , le Cereus peruvianus nu S , CIIERGF DU Pérou , remarquable par sa hauteur ; le C .belles Corus , dont la tige est cylmd , et à six côtes , dont les POUr Se eUrs à odeur de vanille ne s ' épanouissent que le soir pour se faner le lendemain matin ; le C .",
                  "id": "18",
                  "title": "Flore bordelaise et de la Gironde : description caractéristique des plantes qui croissent naturellement dans ce département... précédée de notions élémentaires de botanique (4e édition...) / par J.-F. Laterrade,..."
            },
            {
                  "doc_url": "https://gallica.bnf.fr/ark:/12148/bpt6k57155074",
                  "emotions": [
                        "disgust",
                        "annoyance",
                        "disapproval"
                  ],
                  "excerpt": "Boues et Immondices ( dépôts de ) .Odeur très - désagréableeltnsalubr , 1 9 févr .1825 .",
                  "id": "19",
                  "title": "Le nouveau manuel des conseillers de préfecture. Tome 1 / par M. Brun,..."
            },
            {
                  "doc_url": "https://gallica.bnf.fr/ark:/12148/bpt6k57155074",
                  "emotions": [
                        "disgust",
                        "fear",
                        "annoyance",
                        "disapproval"
                  ],
                  "excerpt": "Encre d ' imprimerie ( fabriques d ' ) .Odeur très - désagréable , et danger 1 14 janv .1815 .",
                  "id": "20",
                  "title": "Le nouveau manuel des conseillers de préfecture. Tome 1 / par M. Brun,..."
            }
      ]
}