{
      "articles": [
            {
                  "doc_url": "https://gallica.bnf.fr/ark:/12148/bpt6k5829081q",
                  "emotions": [
                        "disgust"
                  ],
                  "excerpt": ": ' > : Propriétés , usages : L ' odeur de cette plante est aromatique , forte , un .peu viretise , désagréable ; sa saveur estun peu amère et , acre , plus prononcée dans la racine et les , feuilles .que dans les fleurs .",
                  "id": "1",
                  "title": "Traité des plantes médicinales indigènes, précédé d'un Cours de botanique, par Antonin Bossu..."
            },
            {
                  "doc_url": "https://gallica.bnf.fr/ark:/12148/bpt6k5829081q",
                  "emotions": [
                        "disgust"
                  ],
                  "excerpt": "officinal , à fleurs blanches ; le / .odoriférant , dont la couleur et l ' odeur de la corolle sont celles de la Jonquille ; le / .grandiflore ou J \" .",
                  "id": "2",
                  "title": "Traité des plantes médicinales indigènes, précédé d'un Cours de botanique, par Antonin Bossu..."
            },
            {
                  "doc_url": "https://gallica.bnf.fr/ark:/12148/bpt6k5829081q",
                  "emotions": [
                        "disgust"
                  ],
                  "excerpt": "Le Genêt à balai a peu de saveur et 600 PLANTES BIÉDICINALES .d ' odeur ; les jeunes pousses sont amères ; Cette plante est diurétique .et purgative ; ses semences seraient émétiques , suivant Peyrillie .",
                  "id": "3",
                  "title": "Traité des plantes médicinales indigènes, précédé d'un Cours de botanique, par Antonin Bossu..."
            },
            {
                  "doc_url": "https://gallica.bnf.fr/ark:/12148/bpt6k5829081q",
                  "emotions": [
                        "disgust"
                  ],
                  "excerpt": "Dès les temps .les plus reculés , la racine a été employée comme diurétique , apéritive .Gahen et Dioscoride .",
                  "id": "4",
                  "title": "Traité des plantes médicinales indigènes, précédé d'un Cours de botanique, par Antonin Bossu..."
            },
            {
                  "doc_url": "https://gallica.bnf.fr/ark:/12148/bpt6k5829081q",
                  "emotions": [
                        "disgust"
                  ],
                  "excerpt": "La Véronique beccàbunga possède les vertus des Crucifères , à un moindre degré toutefois .Elle est inodore , d ' une saveur amère , un peu acre ; onf emploie comme antiscorbutique et dépurative , dans les mêmes cas que le cresson et le cochléaria , par exemple .Récolte .",
                  "id": "5",
                  "title": "Traité des plantes médicinales indigènes, précédé d'un Cours de botanique, par Antonin Bossu..."
            },
            {
                  "doc_url": "https://gallica.bnf.fr/ark:/12148/bpt6k5829081q",
                  "emotions": [
                        "disgust"
                  ],
                  "excerpt": "xvn , 4 ) .Fleurs blanches odoriférantes .— : Cultivé .",
                  "id": "6",
                  "title": "Traité des plantes médicinales indigènes, précédé d'un Cours de botanique, par Antonin Bossu..."
            },
            {
                  "doc_url": "https://gallica.bnf.fr/ark:/12148/bpt6k5829081q",
                  "emotions": [
                        "joy",
                        "disgust",
                        "anger",
                        "optimism",
                        "excitement"
                  ],
                  "excerpt": "larges , plus longues que la .tige , ' exhalant par .le frottement une odeur fétide .",
                  "id": "7",
                  "title": "Traité des plantes médicinales indigènes, précédé d'un Cours de botanique, par Antonin Bossu..."
            },
            {
                  "doc_url": "https://gallica.bnf.fr/ark:/12148/bpt6k374153j",
                  "emotions": [
                        "admiration",
                        "disgust",
                        "disapproval",
                        "pride",
                        "envy",
                        "calmness",
                        "indifference"
                  ],
                  "excerpt": "» D ' une voix timide et discrète , La violette répondit : « Ton sort ne me fait point envie ; Je préfère passer ma vie Avec mes soeurs , auprès d ' un nid , Parmi la paix et le mystère , Loin du magnifique parterre Où triomphe ta vanité .Ton dédain ne trompe personne ; La vertu seule ennoblit la couronne : J ' ai le parfum , tu n ' as que la beauté .Aussi la mère de famille Me donne en exemple à sa fille , Et dit en me cueillant : « Ainsi tu dois fleurir : La plus charmante fleur , ce n ' est pas la plus belle ; La violette plaît ; sois modeste comme elle .",
                  "id": "8",
                  "title": "Le vieux Miroir : fables de l'école et de la jeunesse (Nouvelle édition augmentée) / Frédéric Bataille ; avec une préface de M. le vice-recteur Gréard,..."
            },
            {
                  "doc_url": "https://gallica.bnf.fr/ark:/12148/bpt6k374153j",
                  "emotions": [
                        "disgust",
                        "anger",
                        "disapproval"
                  ],
                  "excerpt": "— LA CHENILLE ET LE PAPILLON Une chenille avait rampé sur une rose , Lorsqu ' en passant un papillon s ' y pose .« O larve immonde , objet de dégoût et d ' horreur ! Lui dit l ' insecte ailé sur un ton de fureur , De quel droit viens - tu donc répandre ta souillure Dans le sein parfumé de la reine des fleurs ? Oses - tu bien ternir l ' éclat de ses couleurs ? Va - t ' en , monstre maudit , fils d ' une race impure ! — Ami , ne fais pas tant le fier , Lui répond doucement le ver : Sache bien que je suis de ta propre famille , Car avant de voler tu n ' étais que chenille ! » XVII .— LE CHIEN HARGNEUX Azor est un superbe chien , Mais d ' un très mauvais caractère , Indocile , emporté , sournois et volontaire .",
                  "id": "9",
                  "title": "Le vieux Miroir : fables de l'école et de la jeunesse (Nouvelle édition augmentée) / Frédéric Bataille ; avec une préface de M. le vice-recteur Gréard,..."
            },
            {
                  "doc_url": "https://gallica.bnf.fr/ark:/12148/bpt6k6200206v",
                  "emotions": [
                        "disgust"
                  ],
                  "excerpt": "Auffi a - t - il le nez plus étendu .Peut on rien de plus furprenant que de voir un chien fuiVre au bout de plufieurs heures , avec une vîtefle prodigieufe , la trace de fon maître , ou d ' une pièce de gibier ? Quelques personnes prétendent que l ' homme pourroit acquérir la même finefle de l ' odorat , s ' il n ' ufoit que de nourritures fimples .a BOUi a D , Nat * iaterm , efftu ' ll .",
                  "id": "10",
                  "title": "Nouveaux élémens d'anatomie raisonnée"
            },
            {
                  "doc_url": "https://gallica.bnf.fr/ark:/12148/bpt6k6200206v",
                  "emotions": [
                        "disgust",
                        "embarrassment"
                  ],
                  "excerpt": "Quand la membrane pituitaire eft abreuvée d ' une grande quantité de férofité , à peine fent - oq les odeurs les plus fortes ; c ' et f ce qu ' on appelle être enchifrené , ou être enrhumé du cerveau .Pour bien fen * tir l ' odeur d ' un corps y nous faifons une grande infpiration , la bouche fermée .Nous attirons par ce moyen dans le nez , une grande quantité dair , & par conféquent beaucoup des particules odoriféran .",
                  "id": "11",
                  "title": "Nouveaux élémens d'anatomie raisonnée"
            },
            {
                  "doc_url": "https://gallica.bnf.fr/ark:/12148/bpt6k5743526p",
                  "emotions": [
                        "disgust"
                  ],
                  "excerpt": "Car je plains mon pays que dévore un ulcère ; Mais lui , du moins , peut se guérir .« L ' odeur des grands charniers crispe encor ma narine .Que le dernier soupir sorti de ma poitrine Soit un cri de paix et d ' amour , Et que les pièces Krupp , par mes mains abattues , Plus tard , n ' aient pas assez d ' airain pour les statues Du Roi qui n ' a régné qu ' un jour I » 9 , 90 LES PAROLES SINCÈRES Je t ' écoutais , ravi .",
                  "id": "12",
                  "title": "Les paroles sincères / François Coppée"
            },
            {
                  "doc_url": "https://gallica.bnf.fr/ark:/12148/bpt6k6585026d",
                  "emotions": [
                        "disgust",
                        "indifference"
                  ],
                  "excerpt": "Prisonniers mis en liberté * Le roi nous demanda une antre faveur : c ' étoit de tuer tous les cochons que nous avions à bord , pour lesquels il nous offrit une ample compensation en chèvres et en volaille .Nous eûmes encore cette complaisance pour lui , et les tuâmes dans l ' entrepont , afin que les Maures ne s ' en apperçussent pas ; car ils avoient une telle répugnance pour ces animaux , que , quand par hasard ils venoient à en rencontrer quelqu ' un , ils se fermoient les yeux , et se bouchoient le nez , pour ne pas le voir ou en sentir l ' odeur .Le même soir le Portugais Pierre - Alphonse de Lorosa vint à bord du vaisseau dans une pirogue .",
                  "id": "13",
                  "title": "Premier voyage autour du monde, par le Chevr. Pigafetta, sur l'escadre de Magellan, pendant les années 1519, 20, 21 et 22 ; suivi de l'extrait du Traité de navigation du même auteur ; et d'une notice sur le chevalier Martin Behaim, avec la description de son globe terrestre. Orné de cartes et de figures."
            },
            {
                  "doc_url": "https://gallica.bnf.fr/ark:/12148/bpt6k6253893d",
                  "emotions": [
                        "disgust"
                  ],
                  "excerpt": "Le 22 , à 17 heures , un nuage de 3 à 4 mètres de haut , venant des tranchées allemandes , se dirige \\ ers nos lignes ; une forte odeur de chlore se dégage , une horrible sensation de brûlure nous prend a la gorge , les poumons se refusent à recevoir cet air empoisonné ; une bave sanguinolente nous sort de la bouche et du nez .Ce sont les gaz asphyxiants .C ' est la première fois qu ' ils sont employés .",
                  "id": "14",
                  "title": "Historique du 1er bataillon de marche d'infanterie légère d'Afrique"
            },
            {
                  "doc_url": "https://gallica.bnf.fr/ark:/12148/bpt6k62255119",
                  "emotions": [
                        "disgust"
                  ],
                  "excerpt": "L ' odorat peut isoler ses fonctions de celles du goût .Ce qui plaît à l ' un ne plaît pas toujours également à l ' autre : mais comme les aliments et les boissons ne peuvent guère passer par la bouche sans agir plus ou moins sur le nez , toutes les fois qu ' ils sont désagréables au goût , ils le sont bientôt à l ' odorat , - et ceux que l ' odorat avait d ' abord le plus fortement repoussés , finissent par vaincre toutes ses répugnai1 ' ces quand le goût les désire vivement ( 1 ) .On sait , par des observations nombreuses , qùl la vivacité des impressions reçues par les sens augmente par la perte d ' un de ces organes .",
                  "id": "15",
                  "title": "Précis élémentaire de physiologie. Tome 1 / par F. Magendie,..."
            },
            {
                  "doc_url": "https://gallica.bnf.fr/ark:/12148/bpt6k123973t",
                  "emotions": [
                        "disgust"
                  ],
                  "excerpt": "br ; ta ~ t sa .pudeur , La violette bleue epandait son odeur .Il passait dans les airs de blanches ailes d ~ tigch - , Qui recueillaient pour Dieu « ~ concert de louau ~ eb Dans un transport d ' aniout - .",
                  "id": "16",
                  "title": "Journal pour toutes : paraissant le samedi, à Paris, et consacré aux intêrets féminins / directrice Eugénie Niboyet"
            },
            {
                  "doc_url": "https://gallica.bnf.fr/ark:/12148/bpt6k9822387w",
                  "emotions": [
                        "surprise",
                        "disgust",
                        "doubt"
                  ],
                  "excerpt": "Cette ombre , ils ne la trouvaient ni aux Pénitents Noirs , tapissée de tableaux et solitaire , derrière le Palais des Papes , mais trop claire , ni aux Pénitents Blancs , ni aux paroisses .Où auraient - ils entendu ' ce bruit frais de la Sorgue ? Ces roues dégouttantes avec un rythme si doux de cascatelle ? La voix de l ' ondine s ' harmonise avec les rites de l ' amour et du rêve .En Orient , le jet d ' eau rythme les heures sans les compter , il les égrène toutes pareilles toutes paisibles .",
                  "id": "17",
                  "title": "Les dévotes vaincues : roman / J. Péladan"
            },
            {
                  "doc_url": "https://gallica.bnf.fr/ark:/12148/bpt6k5604073k",
                  "emotions": [
                        "disgust"
                  ],
                  "excerpt": "Le teint de la malade est très pâle ; ses règles coulent très peu ; elle est à un haut degré d ' emaciation ; son pouls bat cent pulsations par minute ; il existe des sueurs nocturnes .Je mis cette malade à l ' usage de l ' iodure de potassium ; le 4 juin , elle en prit 20 centigrammes ; je prescrivis en même temps uu gargarisme iodé .Le 12 juin , la dose d ' iodure était de 50 centigrammes .",
                  "id": "18",
                  "title": "Observations pratiques sur le traitement des maladies syphilitiques par l'iodure de potassium, par le Dr L.-P.-A. Gauthier,..."
            },
            {
                  "doc_url": "https://gallica.bnf.fr/ark:/12148/bpt6k9323124",
                  "emotions": [
                        "disgust"
                  ],
                  "excerpt": "— De grâce , Milord , ne me suffoquez pas par votre présence ; vous vous êtes parfumé d ’ une odeur que je ne puis supporter ; éloignez - vous , je vous en supplie , ou vous me donnerez des attaques de nerfs pour quinze jours .— Comment ? de la quintessence de jasmin , composée par le parfumeur de la Reine de France ! — Du jasmin ! justement , j ’ ai toujours eu une antipathie pour cette odeur - là - — Je suis bien malheureux I toute la cour m ’ en fait compliment , et la seule personne au monde à laquelle je voudrais plaire ..",
                  "id": "19",
                  "title": "Le perroquet. Tome 1 / , roman anglais-français-allemand et qui n'est traduit d'aucune langue, par C.-J. Rougemaitre..."
            },
            {
                  "doc_url": "https://gallica.bnf.fr/ark:/12148/bpt6k96200158",
                  "emotions": [
                        "disgust"
                  ],
                  "excerpt": "On ne doit , , 81 ! aucun prétexte , l ' employer à la nourriture des animaux ; la mor * le farcin et en général toutes les maladies atoniques seraien t conséquence inévitable d ' une semblable alimentation .L ' avoine qui a été en contact avec les matières excrément ~ tielles des rats et des souris , participe de l ' odeur de ces matièri et les chevaux la repoussent .Cet accident n ' étant que partiel suffit d ' élaguer du monceau la portion altérée .",
                  "id": "20",
                  "title": "Cours d'hippiatrique militaire, par S. Verheyen,..."
            }
      ]
}