{
      "articles": [
            {
                  "doc_url": "https://gallica.bnf.fr/ark:/12148/bpt6k201143g",
                  "emotions": [
                        "disgust",
                        "boredom",
                        "frustration"
                  ],
                  "excerpt": "Le parfum étant très - fugitif et se laissant saisir facilement par l ' eau bouillante il devient inutile dè prolonger le contact de l ' eau aven la feuille pendant plus de cinq minutes .Si vous allez au - delà , au lieu d ' une boisson aromatique et gracieuse , vous n ' avez qu ' un breuvage amer , styptique , astringent , qui n ' a rien d ' agréable et qui peut même devenir dangereux .M .",
                  "id": "1",
                  "title": "Dictionnaire de la santé et des maladies : exposition succincte des vérités pratiques, relatives à l'homme en santé et à l'homme malade / par le dir. de la \"Gazette de santé\" [G. Grimaud de Caux] ; avec pl. dessinées par M. A. Chazal ; et gravées par M. Duménil"
            },
            {
                  "doc_url": "https://gallica.bnf.fr/ark:/12148/bpt6k54214874",
                  "emotions": [
                        "disgust",
                        "pain"
                  ],
                  "excerpt": "Les rues du quartier sont e ' troites , mal ae ' rées , mal éclairées ; les habitations offrent un aspect de ' goûtant ; elles se composent de petites chambres de dix pieds carrés sur 6 à 7 pieds de haut , dans lesquelles se loge tout une famille , et où elle fait sa cuisine , boit , mange , se couche et satisfait à tous ses besoins .Les miasmes les plus infects joints à une fume ' e e ' paisse de charbon de terre , empêchent d ' y voir et d ' y respirer .En plein jour , même avec une lampe , il est difficile d ' y voir assez pour reconnaître les malades autrement que par le froid de leur corps .",
                  "id": "2",
                  "title": "Notice sur le choléra-morbus / [Signé : Jacquin]"
            },
            {
                  "doc_url": "https://gallica.bnf.fr/ark:/12148/bpt6k98002829",
                  "emotions": [
                        "disgust"
                  ],
                  "excerpt": "Le romarin appartient à la famille des Labiées ; il est indigène des départements méridionaux , de l ' Espagne et de l ' Italie .Ce petit arbuste a des feuilles linéaires , obtuses , vertes des deux côtés ; ses feuilles sont verticillées en épi terminal ; son odeur est forte et peu agréable ; sa saveur est chaude , âcre et camphrée .On emploie le romarin contre les atonies du système nerveux .",
                  "id": "3",
                  "title": "Guide du propriétaire, ou Traité complet sur l'agriculture : contenant la nomenclature des différentes espèces de terrs et les moyens de les rendre plus productives... / par Louis Raguenaud"
            },
            {
                  "doc_url": "https://gallica.bnf.fr/ark:/12148/bpt6k6437052w",
                  "emotions": [
                        "disgust"
                  ],
                  "excerpt": "des environs , ou on la laisse monter en grai - ne , laquelle on envove en suite en Al - lemagne , où elle est fort en usage .Cette graine est fort petite , ronde & un peu longuette , & retire à la forme de celle du Plantain , elle est de couleu ç sousse , fort odorante , piquante 8c amere , de mesme que toute la plantoIl faut cueillir , secher , monder , ferrer & employer les fommitez d ' Amara - cus de mesme que nous venons de dire du Marum .DE L ' ASARVM .",
                  "id": "4",
                  "title": "Histoire naturelle des animaux, des plantes & des minéraux qui entrent dans la composition de la thériaque d'Andromachus . Dispensée et achevée publiquement à Paris, par Moyse Charas,... avec les réformations et les observations de l'auteur..."
            },
            {
                  "doc_url": "https://gallica.bnf.fr/ark:/12148/bpt6k5452390d",
                  "emotions": [
                        "sadness",
                        "disgust",
                        "boredom",
                        "disapproval",
                        "despair",
                        "frustration",
                        "embarrassment"
                  ],
                  "excerpt": "L ' antre de la redoutable Kâli est un simple pavillon , qu entourent des murs soïdides .Tout cela a un air délabré , miséreux , louche .Je m ' imaginais que le 1 temple de la Tueuse devait être un palais d ' épouvante , sculpté de monstres .",
                  "id": "5",
                  "title": "Nous avons fait un beau voyage / Francis de Croisset"
            },
            {
                  "doc_url": "https://gallica.bnf.fr/ark:/12148/bpt6k1133921",
                  "emotions": [
                        "disgust"
                  ],
                  "excerpt": "Une mauvaife facon de langage dit Montagne , reforme mieux la mienne que ne fait la bonne .Les rofes & violettes naiffent plus odoriférantes près des aulx & oignons d ' autant qu ' ils tirent à eux ce qu ' il y a de mauvaife odeur en terre .Les Spartiates pour i , nfpirer l ' horreur de l ' ivrognerie à leurs enfans faifoient enivrer leurs efctaves en leur préfence .",
                  "id": "6",
                  "title": "Cataractes de l'imagination. T2 / , déluge de la scribomanie, vomissement littéraire, hémorrhagie encyclopédique, monstre des monstres, par Épiménide l'inspiré (J.-M. Chassaignon)"
            },
            {
                  "doc_url": "https://gallica.bnf.fr/ark:/12148/bpt6k61356427",
                  "emotions": [
                        "disgust"
                  ],
                  "excerpt": "Par addition d ' un mélange de parties égales d ' eau et d ' alcool dilué , on ramène la teinture au contenu en morphine précédemment indiqué .La teinture d ' opium simple est brun rougeâtre , d ' odeur opiacée et de goût amer .Le procédé de dosage suivi est d ' abord le même que le procédé belge ( v .",
                  "id": "7",
                  "title": "Étude de l'opium et des préparations opiacées dans les différentes pharmacopées, par Édouard Collard,..."
            },
            {
                  "doc_url": "https://gallica.bnf.fr/ark:/12148/bpt6k311667p",
                  "emotions": [
                        "disgust"
                  ],
                  "excerpt": "Les laiehes carex , si Nombreuses dans nos terrains humides , puisque la Flore du Jura en compte plus de cinquante espèces , donnent un mauvais produit .Les asperges imprègnent rapidement aux urines une odeui désagréable et presque fétide ; les autres sécrétions , lelait , par c xemple , ne contracteront - elles pas la même odeur ? Tout semble l ’ indiquer .Les vaches sont très - friandes de fleurs de châtaigniers , dont l ’ odeur spermatique , lorsqu ' elles en ont mangé , se reproduit dans le lait .",
                  "id": "8",
                  "title": "Manuel des fromageries, ou Traité de la fabrication des fromages de Gruyère, Septmoncel, Chevrets, Mont-d'Or, etc., etc., par M. Jean-Baptiste Munier,..."
            },
            {
                  "doc_url": "https://gallica.bnf.fr/ark:/12148/bpt6k5721916h",
                  "emotions": [
                        "disgust",
                        "fear"
                  ],
                  "excerpt": "Ce n ' est que le 16 mars , au soir , que le chiffre en est arrêté à 85 dotis d ' étoffes , dont plusieurs de valeur .Il fait une chaleur épouvantable , et le sol exhale des émanations empoisonnées .Nous trouvons dans nos tentes d ' énormes centi - pede , dont le venin est mortel .",
                  "id": "9",
                  "title": "La vie en Afrique, ou Trois Ans dans l'Afrique centrale. Tome 1 / par Jérôme Becker,... ; Avec préface du Cte Goblet d'Alviella.... ; et appendices comprenant : un projet de gymnases d'exploration et de colonisation ; un vade-mecum du voyageur en Afrique ; les résumés des conférences données sur la région du Tanganika par les capitaines Cambier et Storms ; ainsi que les voyages, séjours, etc., de MM. Crespel, Maes, Wautier, Dutrieux, Popelin, Van den Heuvel, Burdo et Roger... 150 dessins..."
            },
            {
                  "doc_url": "https://gallica.bnf.fr/ark:/12148/bpt6k96101175",
                  "emotions": [
                        "disgust"
                  ],
                  "excerpt": "= Arbuste élégant des HautesAlpes , qui réussit parfaitement dans les rocailles de tuf un peu ombragées .Il a , surtout au printemps , une odeur repoussante qui a quelque rapport avec celle du Daphné bois - gentil ( D .Mezereum ) .",
                  "id": "10",
                  "title": "Flore des jardins et des grandes cultures ou Description des plantes de jardins, d'orangeries et des grandes cultures, leur multiplication.... Tome 2 / par N.-C. Seringe,..."
            },
            {
                  "doc_url": "https://gallica.bnf.fr/ark:/12148/bpt6k63573705",
                  "emotions": [
                        "disgust"
                  ],
                  "excerpt": "s f .drogue aromatique .Epicer .",
                  "id": "11",
                  "title": "Dictionnaire classique et élémentaire de la langue française, rédigé d'après l'orthographe de l'Académie ; suivi du Dictionnaire des verbes irréguliers / par M. Bescherelle aîné,..."
            },
            {
                  "doc_url": "https://gallica.bnf.fr/ark:/12148/bpt6k9634046b",
                  "emotions": [
                        "disgust"
                  ],
                  "excerpt": "Leur épiderme est souvent coloré ; il est blanc dans le navet , jaune dans la çhélidoine , rouge dans la garance , noir dan1 le radis noir .Leur écorce , très - spongieuse , a une saveur et une odeur fort prononcées .Les radicules des raçines s ' appellent chevelure ou chevelu ; c ' est l ' ensemble de ces fibçes grêles et menues qui constitue , à proprement parler , la racine .",
                  "id": "12",
                  "title": "Manuel du bon jardinier : donnant les principes élémentaires du jardinage, l'organisation des plantes, les agents de la végétation... / par M. Antoine,..."
            },
            {
                  "doc_url": "https://gallica.bnf.fr/ark:/12148/bpt6k14122971",
                  "emotions": [
                        "disgust"
                  ],
                  "excerpt": "La racine doit êlre grosse , rameuse , charnue , noirâtre et ridée à l ’ extérieur , blanche à l ’ intérieur , entière et non vermoulue , d ’ une odeur suave , d ’ un goût âcre et aromatique Les semences sont ovoïdes , longues , blanchâtres et très - légères .Elles sont regardées comme stomachiques , cordiales et vulnéraires , propriétés d ’ où la plante lire son nom .Anis vert .",
                  "id": "13",
                  "title": "Livre de poche du liquoriste. 300 moyens ou recettes"
            },
            {
                  "doc_url": "https://gallica.bnf.fr/ark:/12148/bpt6k6471858c",
                  "emotions": [
                        "disgust"
                  ],
                  "excerpt": "Dans certaines casernes de France et d ' Algérie , on a eu la singulière idée d ' adosser le bâtiment des cuisines à celui des latrines , afin de faire bénéficier ces dernières de la ventilation produite par le courant d ' air chaud sortant des fourneaux , de créer un appel à l ' entrée des fosses .L ' expérience a démontré les inconvénients de ce système , les latrines n ' en sont pas moins infectes , mais les cuisines contractent une odeur toute spéciale , repoussante , enfin il y a quelque chose de malséant à rapprocher ainsi des locaux de destination si différente .Ce système est , du reste , abandonné en principe .",
                  "id": "14",
                  "title": "Traité d'hygiène militaire / par G. Morache,..."
            },
            {
                  "doc_url": "https://gallica.bnf.fr/ark:/12148/bpt6k55415092",
                  "emotions": [
                        "disgust",
                        "fear",
                        "annoyance"
                  ],
                  "excerpt": ".il y règne une odeur désagréable , dit ma voisine au bout d ' un moment .Je songeai alors aux basques de mon habit , qui en effet ne sentaient pas bon .",
                  "id": "15",
                  "title": "Mon voisin Raymond / oeuves choisies de Paul de Kock"
            },
            {
                  "doc_url": "https://gallica.bnf.fr/ark:/12148/bpt6k5461183j",
                  "emotions": [
                        "disgust"
                  ],
                  "excerpt": "Ils avaient chacun dans la main droite une sorte de petite pelle dans laquelle brûlaient des filaments d ' un végétal connu dans le pays ( je l ' ai su plus lard ) sous le nom de cabat et qui dégage une odeur des plus acres .Parfois le capitaine s ' interrompait de glapir pour renifler cette horrible odeur .Quant au teferp , se bornant à écouter son interlocuteur , il n ' ôtait pas le museau de dessus sa petite pelle .",
                  "id": "16",
                  "title": "Voyages de Lord Humour : le pays des rétrogrades : île de Servat-Abus / Edmond Thiaudière"
            },
            {
                  "doc_url": "https://gallica.bnf.fr/ark:/12148/bpt6k56298365",
                  "emotions": [
                        "disgust"
                  ],
                  "excerpt": "Sa saveur est à peu près nulle , ' plutôt agréable que désagréable .Son odeur rappelle celle du bouleau séché et n ' a rien de l ' odeur de cette espèce de goudron , d ' huile pyrogénée , que l ' on appelle huile de bouleau , ou huile russe , d ' une odeur on ne peut plus , désagréable et d ' une saveur insupportable .Elle se ramollit à la température ordinaire ; mise en pilules ? celles - ci .",
                  "id": "17",
                  "title": "De la Bétulalbine ; de l'acide bétulalbique. Propriétés physiologiques de la bétulalbine, son action dans le traitement des uréthrites, observations, par M. É. Ferray,..."
            },
            {
                  "doc_url": "https://gallica.bnf.fr/ark:/12148/bpt6k6488490n",
                  "emotions": [
                        "disgust"
                  ],
                  "excerpt": "Une bonne cave ' doit ' être , comme nous l ' avons déjà dit , à l ' exposition du noid .Ilffaut qu ' elle soit construite sur un sol à base pierreuse , et de manière à n ' être ni trop sèche ni trop humide : trop sèche , elle accélère laporation des vins ; trop humide , elle pourrit les fûts - et donne au vïn ' un ' goût de moisi détestable et que rien ne peut lui enlever .' La câVè ' doit ' êtr - e garnie de soupiraux disposés de telle sorte que lorsqu ' on ouvre la porte de cette cave il s ' établisse aussitôt un courant d ' air .",
                  "id": "18",
                  "title": "Hygiène des lycées, collèges & des institutions de jeunes gens,.... Partie 1-2 / par Romuald Gaillard,..."
            },
            {
                  "doc_url": "https://gallica.bnf.fr/ark:/12148/bpt6k4225118d",
                  "emotions": [
                        "disgust"
                  ],
                  "excerpt": "Le sens du goût paraît assez peu développé , ce qui est dû en partie à l ’ enveloppe cornée de la langue .L ' odorat ne semble affiné que chez les carnassiers ou rapaces .L ’ oreille est privée de pavillon ; l ' orifice du conduit auditif est toujours dissimulé sous les plumes ; l ' oreille moyenne ne contient qu ’ un seul osselet , appelé columelle .",
                  "id": "19",
                  "title": "Enseignement secondaire des jeunes filles. 1re année d'histoire naturelle : zoologie élémentaire, notions de botanique, par F. Faideau,... Aug. Robin,..."
            },
            {
                  "doc_url": "https://gallica.bnf.fr/ark:/12148/bpt6k9751252m",
                  "emotions": [
                        "disgust"
                  ],
                  "excerpt": "Corneille paroit délicieux par rapport aux deux autres ; le second est fatigant ; & le troisième si rude , que le tempérament le plus fort peut à peine y demeurer plus d ' une demi - heure .Tous les trois sont extrèmement souphrés , & d ' une odeur très forte .Leur vertu est si pénétrante , que quoique leur chaleur soit réellement moindre que celle des Bains de l ' Empereur , on ne peut pas rester aussi longtems dans ceux de S .",
                  "id": "20",
                  "title": "Amusemens des eaux d'Aix-la-Chapelle. Tome 1 / . Ouvrage utile a ceux qui vont y prendre les bains, ou qui sont dans l'usage de ses eaux. Enrichi de tailles-douces, qui représentent les vues & perspectives de cette ville, de ses bains & fontaines, eglises & edifices publics. Par l'auteur des Amusemens des eaux de Spa. Tome premier [-troisieme]"
            }
      ]
}