{
      "articles": [
            {
                  "doc_url": "https://gallica.bnf.fr/ark:/12148/bpt6k2080734",
                  "emotions": [
                        "disgust",
                        "curiosity"
                  ],
                  "excerpt": "Seule , M me Legrel était visiblement absorbée par d ' autres préoccupations .Elle grignotait et regrignotait sans cesse de petits morceaux de cette tarte si décriée par son mari et , s ' efforçant de rassembler rassembler un même point toutes les subtilités de son odorat et de son goût , elle cherchait à se rendre compte de ce qui y manquait et à savoir pourquoi elle était détestable , cette délicieuse tarte aux prunes .Mais je me repentis bien vite de toutes mes pensées méchantes et de ces frénétiques outrages .",
                  "id": "1",
                  "title": "Dingo / Octave Mirbeau"
            },
            {
                  "doc_url": "https://gallica.bnf.fr/ark:/12148/bpt6k2080734",
                  "emotions": [
                        "disgust",
                        "fear"
                  ],
                  "excerpt": "Aux arbres , les feuilles pendent desséchées , presque roussies .Une odeur de sable vitrifié circule dans l ' atmosphère embrasée .On étouffe en marchant , comme dans un four de potier .",
                  "id": "2",
                  "title": "Dingo / Octave Mirbeau"
            },
            {
                  "doc_url": "https://gallica.bnf.fr/ark:/12148/bd6t5372167v",
                  "emotions": [
                        "disgust",
                        "fear",
                        "nervousness"
                  ],
                  "excerpt": "L ’ horrible bouffonnerie de la vie et de la mort le hantait précocement .Il se sentait entouré d ’ une odeur de viande pourrie .Des minutes suffocantes .",
                  "id": "3",
                  "title": "L'Âme enchantée. II, L'Été / Romain Rolland"
            },
            {
                  "doc_url": "https://gallica.bnf.fr/ark:/12148/bpt6k3219814x",
                  "emotions": [
                        "disgust"
                  ],
                  "excerpt": "A partir de son entrée , le sillon entre la partie saine et la partie malade s ’ accuse davantage .Odeur de gangrène .On est donc en présence d ’ un phtisique avéré , chez lequel sont survenus les signes d ’ une gangrène symétrique des pieds .",
                  "id": "4",
                  "title": "De la gangrène des extrémités dans la grippe : thèse présentée à la Faculté de médecine et de pharmacie de Lyon. Et soutenue publiquement le 7 décembre 1892. Pour obtenir le grade de docteur en médecine / par Victor Mornet, ..."
            },
            {
                  "doc_url": "https://gallica.bnf.fr/ark:/12148/bpt6k5772959z",
                  "emotions": [
                        "disgust"
                  ],
                  "excerpt": "ne leva même pas les yeux sur lui , mais il leva les yeux sur elle , lui .Elle sentait déjà la verveine à plein nez .Au bout de cinq minutes elle sortit .",
                  "id": "5",
                  "title": "Cinq contes parisiens. Illustrations de Louis Legrand / Guy de Maupassant"
            },
            {
                  "doc_url": "https://gallica.bnf.fr/ark:/12148/bpt6k98005096",
                  "emotions": [
                        "disgust"
                  ],
                  "excerpt": "Si on met dans un verre de l ' acide vitriolique très - pur & qu ' on y plonge un charbon embraie , il s ' éleve sur le champ une grande quantité de vapeurs blanches , épaisses , qui sont de Y .acide sulfureux , & , qui ont l ' odeur du - soufre brûlant .Sélenite calcaire , 12 \" .",
                  "id": "6",
                  "title": "Manuel de chymie, ou Exposé des opérations et des produits d'un cours de chymie . Ouvrage utile aux personnes qui veulent suivre un cours de cette science, ou qui ont dessein de se former un cabinet de chymie. Par M. Baumé,..."
            },
            {
                  "doc_url": "https://gallica.bnf.fr/ark:/12148/bpt6k98005096",
                  "emotions": [
                        "disgust"
                  ],
                  "excerpt": "L ' urine fraîche des personnes en bonne santé , ne fait aucune effervescence , ni avec les acides , ni avec les alkalis .L ' alkali fixe lui fait , exhaler une odeur d ' alkali volatil .Certaines urines , quoique de personnes en bonne santé , changent en verd la couleur du sirop violât , tandis que d ' autres changent en rouge la teinture de tournesol : les personnes qui rendent de l ' urine de cette dernière qualité sont moins exposées à avoir la pierre & la gravelle , mais c ' est oujours une indicé de mauvaise digestion ; parce ' que les - acides végétaux n ' ont point été éla - borés .",
                  "id": "7",
                  "title": "Manuel de chymie, ou Exposé des opérations et des produits d'un cours de chymie . Ouvrage utile aux personnes qui veulent suivre un cours de cette science, ou qui ont dessein de se former un cabinet de chymie. Par M. Baumé,..."
            },
            {
                  "doc_url": "https://gallica.bnf.fr/ark:/12148/bpt6k5848413h",
                  "emotions": [
                        "sadness",
                        "disgust",
                        "nostalgia",
                        "despair",
                        "frustration"
                  ],
                  "excerpt": "fête .Çà et là , cependant , elle se laissait prendre aux séductions dû printemps ; son âme , enivrée par les brisés odorantes du matin , déployait encore ses ailes brisées pour revoler aux cieux ; mais à peine aux débuts de sa course , l ' âme retombait à terre plus malade que jamais .Dans un de ces moments d ' oubli où la nature reprenait encore le dessus , ayant aperçu une violette dans l ' herbe , madame de Fontenay la cueillit soudain avec la joie d ' un enfant ; mais , la douleur revenant tout d ' un coup , elle rejeta la fleur et voulut l ' écraser du pied .",
                  "id": "8",
                  "title": "Voyage à ma fenêtre. Arsène Houssaye"
            },
            {
                  "doc_url": "https://gallica.bnf.fr/ark:/12148/bpt6k54693770",
                  "emotions": [
                        "admiration",
                        "disgust"
                  ],
                  "excerpt": "Mais Homère ! Platon ! Virgile , Cicéron ! L ' Antiquité , mes fils , c ' est le mauvais larron ; Ou plutôt / c ' est l ' enfer nous poussant dans le gouffre .On reconnaît le diable à son odeur de soufre ; Et tous leurs grands auteurs , à nos yeux tant prônés .Sentent tous le fagot , à se boucher le nez .",
                  "id": "9",
                  "title": "Une Voix des Pyrénées / Barandeguy-Dupont"
            },
            {
                  "doc_url": "https://gallica.bnf.fr/ark:/12148/bpt6k58357563",
                  "emotions": [
                        "disgust"
                  ],
                  "excerpt": "Odeur .Il est odorant ; car tous les oxacides gazeux sont odorants .Son odeur est piquante .",
                  "id": "10",
                  "title": "Chimie médicale raisonnée, d'après une nouvelle méthode... suivie d'un Traité sur la toxicologie... par Édouard Robin"
            },
            {
                  "doc_url": "https://gallica.bnf.fr/ark:/12148/bpt6k143699b",
                  "emotions": [
                        "sadness",
                        "disgust",
                        "annoyance",
                        "frustration",
                        "embarrassment",
                        "disappointment"
                  ],
                  "excerpt": "La rigueur de l ' hiver avait attiré , près de la Lahn , deux magnifiques harles , et le chasseur avait été assez heureux pour les tuer tous deux ; on laissa passer les autres plats presque sans y loucher , pour faire honneur au rôti qui , suivant l ' opinion générale , devait être aussi bon que les oiseaux étaient beaux .Cruelle déception ! Le plat d ' honneur sentait l ' huile de poisson et était si coriace qu ' on aurait pu exercer ses dents avec autant de succès sur un soulier de chasse bien graissé .Les Lapons et les Islandais , qui , dans leurs repas , remplacent le vin par l ' huile de poisson , auraient trouvé sans doute un pareil rôti superlativement délicat .",
                  "id": "11",
                  "title": "Leçons sur les animaux utiles et nuisibles, les bêtes calomniées et mal jugées, par Carl Vogt ; traduites de l'allemand par M. G. Bayvet..."
            },
            {
                  "doc_url": "https://gallica.bnf.fr/ark:/12148/bd6t53328269",
                  "emotions": [
                        "surprise",
                        "disgust"
                  ],
                  "excerpt": "J ’ ai suivi les autres , et j ’ ai monté par l ’ avant du bâtiment , c ' est - à - dire par l ’ échelle qui passe auprès de la cambuse ; j ’ ai monté sur la plage avant , et voyant qu ’ il y avait 150 ou 200 hommes présents , j ’ ai pris un bout de filin dont je me suis servi pour m ’ affaler sur les échafaudages qui servent pour la peinture du bâtiment et au moyen d ’ un pieu je me suis laissé glisser jusqu ’ au fond du bassin .Ensuite je suis allé prendre l ’ échelle de montée du bassin , où j ’ ai respiré une odeur de poudre qui me sembla provenir de la mélinite ; cela me montait à la gorge , et j ’ ai été obligé de rejeter dès que j ’ ai été sur le terre - plein .Là j ’ ai trouvé le second - maître de timonerie Guillou ( Yvon ) qui sau - — 94 — vait les hommes qui passaient par l ’ amarre et qui ne pouvaient remonter sur le quai à cause de l ’ inclinaison que formait cette amarre par le poids des hommes qui s ’ y trouvaient .",
                  "id": "12",
                  "title": "Impressions (Sénat 1876); impressions: projets, propositions, rapports.. Sénat. Numéro 203-280,Tome 1-3"
            },
            {
                  "doc_url": "https://gallica.bnf.fr/ark:/12148/bpt6k5732400h",
                  "emotions": [
                        "sadness",
                        "disgust",
                        "doubt",
                        "curiosity"
                  ],
                  "excerpt": "Ne faut - il pas pour plaire à ce monde faire abdication de toute , dignité , blasphémer ce qu ' il y .a de noble et de grand sur la terre et même au ciel ? Ecoutez cette jeunesse ricanante et parfumée ; de quoi se moque - t - elle ? de l ' honneur , de l ' innocence , des pleurs d ' une jeune fillle trahie , du désespoir d ' un père , d ' un vieillard dont elle a déshonoré les cheveux blancs et que • son crime précipite dans la tombe .» L ' oncle indien continua son âpre satire .",
                  "id": "13",
                  "title": "Cynodie. Tome 1 / par Madame A. Dupin"
            },
            {
                  "doc_url": "https://gallica.bnf.fr/ark:/12148/bpt6k936729g",
                  "emotions": [
                        "disgust"
                  ],
                  "excerpt": "Quelquefois même on est étonné de rencontrer un groupe de douze à quinze habitations spacieuses là où , de loin , on n ’ avait cru voir qu ’ une pauvre petite masure * 5 * Plus on approche des endroits habités , plus la présence de l ’ Islandais devient sensible par la forte odeur de tourbe et de morue séchée qu ’ exhalent toutes leurs demeures .Celte odeur est le fumet caractéristique de l ’ Islande ; on s ’ en imprègne en mettant lepied pour la première fois sur son sol , et elle ne vous quitte plus jusqu ’ à la fin .Bientôt les chiens vous ont aperçu , et un charivari d ’ aboiements s ’ élève de toutes parts .",
                  "id": "14",
                  "title": "Voyage en Islande : rédigé d'après les notes d'un officier supérieur de la marine de l'État / par Émile Chevalet"
            },
            {
                  "doc_url": "https://gallica.bnf.fr/ark:/12148/bpt6k936729g",
                  "emotions": [
                        "disgust"
                  ],
                  "excerpt": "Ces mor - ceaux déterrés sont ensuite suspendus à l ’ air , qui les dessèche , et forment pour l ’ hiver une provision dont ils sont horriblement friands .Cet adverbe n ’ est pas de trop pour qui a senti les émanations de cette abominable conserve .La deuxième chose curieuse fut une roue hydraulique très grossière , à pivot vertical , placée au bas d ’ un torrent et armée de meules destinées à broyer le seigle dont les indigènes font leur pain .",
                  "id": "15",
                  "title": "Voyage en Islande : rédigé d'après les notes d'un officier supérieur de la marine de l'État / par Émile Chevalet"
            },
            {
                  "doc_url": "https://gallica.bnf.fr/ark:/12148/bpt6k96062477",
                  "emotions": [
                        "disgust",
                        "pain"
                  ],
                  "excerpt": "soudain vous êtes réveillé par ces hommes là - haut , sur vos têtes , qui pleurent ou qui chantent .Les dalles suintent le sang , les couvertures exhalent une odeur d ' immondices .Une infecte vapeur s ' ajoute à l ' humidité des pailles pourries .",
                  "id": "16",
                  "title": "La fin d'un monde et du neveu de Rameau / par Jules Janin"
            },
            {
                  "doc_url": "https://gallica.bnf.fr/ark:/12148/bpt6k6578767d",
                  "emotions": [
                        "disgust",
                        "anger",
                        "annoyance",
                        "disapproval",
                        "courage"
                  ],
                  "excerpt": "Quoi ! l ' Hirondelle rit de ta longue moustache , De tes airs loup de mer et de ta vieille hache , Elle amène son pavillon ? Une essaim de beautés a conquis sa carène , Jean - Bart , vogue avec lui dans la liquide arène ; Mais purge - toi de ton goudron .Jette ton calumet exhalant le havane , Renonce à tes jurons d ' officier de tartane ; Fais - toi galant , marin bourru ; Aux dames de l ' esquif , à l ' aspect de leur tombe , Raconte les exploits des morts de Hautecombe Et de ses moines la vertu .Sans aller à Lorette , à Jacques - de - Castille , Ici , bien des perclus ont jeté leur béquille , D ' Hygie emportant les firmans .",
                  "id": "17",
                  "title": "La Savoie, Chambéry, Aix-les-Bains, Montmélian et leurs environs : histoire, descriptions, légendes, nouvelles en prose et en vers / par F. E. Belly"
            },
            {
                  "doc_url": "https://gallica.bnf.fr/ark:/12148/bpt6k57371995",
                  "emotions": [
                        "disgust",
                        "pain",
                        "embarrassment"
                  ],
                  "excerpt": "- 97 - Là nous vînmes et alors nous vîmes , en bas dans le fossé , des gens étouffés dans une fange , qui semblait venue des privés humains .Dante se bouche le nez , suffoqué par la puanteur de cette boue jaunâtre où les damnés , le corps tacheté de brun , se vautrent douloureusement .Il en reconnaît un , Alessio Interminelli de Lucques , et lui alors , battant sa ( tête de ) citrouille ( dit ) : « si bas m ' ont plongé les flatteries dont je n ' eus jamais la langue rassasiée » .",
                  "id": "18",
                  "title": "Une illustration de \"l'Enfer\" de Dante, 71 miniatures du XVe siècle / Reproduction en phototypie et description par C. Morel,... Thèse présentée à l'Université de Fribourg (Suisse)..."
            },
            {
                  "doc_url": "https://gallica.bnf.fr/ark:/12148/bpt6k57371995",
                  "emotions": [
                        "disgust"
                  ],
                  "excerpt": "PL XXIV PLANCHE XXV Les deux voyageurs se sont avancés vers le septième cercle , celui où sont châtiés les diverses espèces de violence .La puanteur de ce cercle monte jusqu ' à eux .Avant d ' y descendre ils s ' appuient un instant sur le tombeau du pape Anastase IV et Virgile explique à Dante la distribution de tout l ' enfer .",
                  "id": "19",
                  "title": "Une illustration de \"l'Enfer\" de Dante, 71 miniatures du XVe siècle / Reproduction en phototypie et description par C. Morel,... Thèse présentée à l'Université de Fribourg (Suisse)..."
            },
            {
                  "doc_url": "https://gallica.bnf.fr/ark:/12148/bpt6k57371995",
                  "emotions": [
                        "disgust"
                  ],
                  "excerpt": "Pendant ce temps son compagnon , Griffolino d ' Arezzo , regarde tristement à terre et ses ongles continuent sans relâche leur répugnante besogne .Dante , la tête levée , porte sur ses traits l ' expression du dégoût causé en lui par la puanteur , « semblable à celle de membres pourris » , qui s ' exhale de cette fosse .Ces fétides émanations sont représentées par des fumées qui s ' élèvent au - dessus des damnés ( v .",
                  "id": "20",
                  "title": "Une illustration de \"l'Enfer\" de Dante, 71 miniatures du XVe siècle / Reproduction en phototypie et description par C. Morel,... Thèse présentée à l'Université de Fribourg (Suisse)..."
            }
      ]
}