{
      "articles": [
            {
                  "doc_url": "https://gallica.bnf.fr/ark:/12148/bpt6k11750850",
                  "emotions": [
                        "disgust",
                        "fear",
                        "despair",
                        "pain",
                        "frustration"
                  ],
                  "excerpt": "L ’ on n ’ entend que des pleurs et des gémissements de toutes parts dans la ville de Laon .L ’ Hôtel - Dieu de Saint - Quentin ne pouvant plus recevoir , par impuissance , tous les pauvres réfugiés , ils sont couchés dans les rues , malades du flux de sang - , infestés d ’ ordures et de vermine , dans une extrême nudité et abandonnés de tout secours , se trouvant peu de personnes qui osent les approcher , tant ils donnent d ’ horreur par leur puanteur .« Un Frère de la Mission a loué une méchante grange , y a fait porter une centaine de ces pauvres mourants , il les a fait assister selon le peu d ’ argent qu ’ on lui envoie .",
                  "id": "1",
                  "title": "La Misère au XVIIe siècle et saint Vincent de Paul , par Théophile Valentin"
            },
            {
                  "doc_url": "https://gallica.bnf.fr/ark:/12148/bpt6k56986044",
                  "emotions": [
                        "disgust",
                        "disapproval",
                        "gratitude",
                        "amusement",
                        "approval"
                  ],
                  "excerpt": "Cette double appellation était , pour les DU PALAIS - ROYAL 23 habitués de l ' endroit , un sujet de facéties et de bons mots , sans cesse répétés et toujours applaudis .Ainsi , l ' un disait à l ' hôte : — Par la mort Dieu ! j ' aime mieux l ' odeur du Tonneau que celle du Jasmin ! Un autre : — Ohé ! mon compère , ne mets pas Tonneau dans ton vin ! Un troisième : — Je préfère ton vin à Tonneau ! Et ainsi de suite , éternellement , avec les combinaisons les plus variées .24 LA PERLE Or , hâtons - nous d ' ajouter qu ' à chaque redite Jasmin Tonneau daignait sourire — surtout quand il avait affaire à quelque pratique soldant régulièrement et rubis sur l ' ongle sa dépense .",
                  "id": "2",
                  "title": "La perle du Palais-royal. Tome 1 / par Xavier de Montépin"
            },
            {
                  "doc_url": "https://gallica.bnf.fr/ark:/12148/bpt6k56986044",
                  "emotions": [
                        "grief",
                        "disgust",
                        "fear",
                        "nervousness",
                        "pain",
                        "embarrassment"
                  ],
                  "excerpt": "A peine avait - il refermé derrière lui la porte du bouge , à peine les senteurs mal odorantes et les repoussantes émanations DU PALAIS - ROYAL dont nous avons parlé vinrent - elles frapper son nerf olfactif , qu ' il parut éprouver une sensation délicieuse .Les papilles nerveuses de son bec d ' oiseau carnassier frissonnèrent comme celles d ' un vautour chauve qui sent un cadavre .Son visage blafard s ' illumina des rayonnements d ' une vive jouissance intérieure .",
                  "id": "3",
                  "title": "La perle du Palais-royal. Tome 1 / par Xavier de Montépin"
            },
            {
                  "doc_url": "https://gallica.bnf.fr/ark:/12148/bpt6k37209x",
                  "emotions": [
                        "disgust"
                  ],
                  "excerpt": "Il avait loué , rue des SaintsPères , un étage modeste où se tenait en permanence un secrétaire famélique .L ' escalier conduisant à ce bureau obscur était sale et puant , comme il convenait , afin que _ les amis politiques du farouche révolutionnaire ne fussent pas offusqués d ' un luxe intempestif .Cette adresse - là figurait sur le Bottin , en regard du nom « Arsène Vauclin , député » .",
                  "id": "4",
                  "title": "Homo-Deus : le satyre invisible / Felicien Champsaur"
            },
            {
                  "doc_url": "https://gallica.bnf.fr/ark:/12148/bpt6k37209x",
                  "emotions": [
                        "disgust"
                  ],
                  "excerpt": "Ah tant mieux ! ne put s ' empêcher de crier le commissaire .La masse informe , noire , puante , qui gisait dans le plâtre , au milieu d ' étoffes maculées , était bien un cadavre d ' homme en putréfaction .Les témoins de cette vision avaient des figures hagardes , apeurées ; la concierge poussait des cris déchirants , tout le monde se bouchait le nez .",
                  "id": "5",
                  "title": "Homo-Deus : le satyre invisible / Felicien Champsaur"
            },
            {
                  "doc_url": "https://gallica.bnf.fr/ark:/12148/bpt6k5410606s",
                  "emotions": [
                        "disgust"
                  ],
                  "excerpt": ": ■ les éva - , , .cuations sont puantes , etc .^ Malgrél ' emploi : : .",
                  "id": "6",
                  "title": "Traité historique et pratique du scorbut, chez l'homme et les animaux : dans lequel se trouvent des observations intéressantes... / par M. Balme,..."
            },
            {
                  "doc_url": "https://gallica.bnf.fr/ark:/12148/bpt6k5410606s",
                  "emotions": [
                        "disgust"
                  ],
                  "excerpt": "couleur des joues pârohVlividénirj le majadé ^ prendune diarrhéebrune et fétïdëj ; ■ ses .urines , , - également puantes , ' déposentuii - sédiment noirâtrej : les gencives , jusqu ' alors intactes , commencent ' à ? de venir fongueuses ^ il .survient ; une : sputation ' ■ d ' une odeurcàdavéreuSe ^ rbientôt croissent sur itout leCorps ^ et principalement aux extrémités , , des tachés violettes ; ; : une hémorragie qui a lieu par l ' ex - - tijàctionnde : la première dent qui avoit cdm - \" : mencé < dlêtré ! .",
                  "id": "7",
                  "title": "Traité historique et pratique du scorbut, chez l'homme et les animaux : dans lequel se trouvent des observations intéressantes... / par M. Balme,..."
            },
            {
                  "doc_url": "https://gallica.bnf.fr/ark:/12148/bpt6k61668q",
                  "emotions": [
                        "disgust",
                        "annoyance"
                  ],
                  "excerpt": "En fixant madame Corderoy , l ' infirmier avait la bouche en cœur .En considérant le panier , Guillaume relevait et ouvrait encore davantage ses narines dé flaireur .– Je voudrais bien voir mon mari , articula l ' Espagnole .",
                  "id": "8",
                  "title": "La semaine d'Ursule : les femmes (2e éd.) / par Robert Caze"
            },
            {
                  "doc_url": "https://gallica.bnf.fr/ark:/12148/bpt6k5773918b",
                  "emotions": [
                        "disgust",
                        "pain"
                  ],
                  "excerpt": "Le temps efface tout , même les difformités du corps ; et ce qui nous parut une imperfection , cesse de l ' être avec le temps .L ' odeur du cuir tanné blesse d ' abord nos narines délicates : elles s ' y font à la longue , et finissent par la supporter sans dégoût .Il est d ' ailleurs des noms par lesquels on peut pallier les défauts .",
                  "id": "9",
                  "title": "Oeuvres complètes d'Ovide. Tome 3 / traduction nouvelle par MM. Th. Burette, N. Caresme, Chappuyzi, J.-P. Charpentier, Gros, Héguin de Guerle, Mangeart, Vernadé,..."
            },
            {
                  "doc_url": "https://gallica.bnf.fr/ark:/12148/bpt6k10922837",
                  "emotions": [
                        "disgust"
                  ],
                  "excerpt": "Je m ’ en vais vous ( atisfaire , en vous difant que toutes les fois que j entrois dans la chambre du malade , c étoit avec un rechaut , ou il y avoir des charbons alumez , & où je mettois de tems en tems un Parfum que j ’ avois fait , & ce rechaut fumant fous mon nez entre le malade & C 1 ; % moi .Quand jetois obligé de le toucher je pofois ledit rechaut en bas , en façon que je refpirois toujours l ' air que le Parfum puri - 1 fioit ; enfiiite je paffois mes mains fur le Par - : fum & fur la flarae du foufre qui y reftoit : ce Parfum étoic composé de poudre à canon de de foufre , le tout bien pulvérisé de paitri avec du fort vinaigre ( j ’ en avois bonne provifion ) fur une livre de demi de poudre , il y faut demi livre de foufre .Etant forti de cette chambre , j alois à la mienne , ou je me parfumois , mettant dans le rechaut de nouveau Parfum enfuite je me 1 la vois les mains de le vifage avec le vinaigre , parfumant fou vent toutes les aveulies des chambres , de les memes chambres aulïi .",
                  "id": "10",
                  "title": "Lettre Que le R. P. Thomas Croset, Recolet, écrit au F. Bonice de Lyon, qui l'avoit prié de lui aprendre les Remedes & les précautions dont il usoit lorsqu'il étoit en Palestine assistant les Pestiferez"
            },
            {
                  "doc_url": "https://gallica.bnf.fr/ark:/12148/bpt6k9790006g",
                  "emotions": [
                        "disgust"
                  ],
                  "excerpt": "C ' est une substance solide , transparente et vitreuse , d ' une couleur brun - jaunâtre lorsqu ' elle est en morceaux , jaune lorsqu ' on l ' a réduite en poudre .L ' aloès répand une odeur qui rappelle à la fois celles de la myrrhe et de l ' ipécacuanha ; sa saveur est d ' une extrême amertume .Les différentes espèces d ' aloès répandues dans le commerce Font : L ' aloès succotrin ou soccotrin , ainsi nommé parce qu ' il vient de l ' île de Soccotara .",
                  "id": "11",
                  "title": "L'École normale : journal de l'enseignement pratique... / rédigé par une société d'instituteurs, de professeurs et d'hommes de lettres sous la direction de M. Pierre Larousse"
            },
            {
                  "doc_url": "https://gallica.bnf.fr/ark:/12148/bpt6k77110p",
                  "emotions": [
                        "disgust"
                  ],
                  "excerpt": "Des odeurs dont les vêtements ont été imprégnés plusieurs jours auparavant et qui ne sont plus appréciables pour personne donnent des nausées à un hypnotisé .Le goût est également hyperesthésié .Mais c ' est surtout le sens de la température et le sens musculaire qui sont développés à un point extraordinaire si derrière le patient , à une distance de trente ou quarante centimètres , on présente un corps froid , ou simplement la main ouverte , il accuse immédiatement un sentiment de froid ou de chaud qui prend les proportions d ' une véritable douleur .",
                  "id": "12",
                  "title": "Magnétisme et hypnotisme : exposé des phénomènes observés pendant le sommeil nerveux provoqué au point de vue clinique, psychologique et médico-légal avec un résumé historique du magnétisme animal (2e édition) / par le Dr. Cullerre,..."
            },
            {
                  "doc_url": "https://gallica.bnf.fr/ark:/12148/bpt6k77110p",
                  "emotions": [
                        "disgust"
                  ],
                  "excerpt": "Qu ' on répande , par exemple , sur une table un parfum pénétrant , le patient s ' approchera pour le respirer , mais il reculera avant d ' arriver au contact du froid du meuble .Si l ' on met sur la table un mouchoir imprégné du même parfum , il s ' approchera le plus possible ; il s ' éloignera de nouveau si l ' on enlève le mouchoir , et ainsi de suite ce phénomène d ' attraction et de répulsion pouvant être renouvelé à volonté .Pour M .",
                  "id": "13",
                  "title": "Magnétisme et hypnotisme : exposé des phénomènes observés pendant le sommeil nerveux provoqué au point de vue clinique, psychologique et médico-légal avec un résumé historique du magnétisme animal (2e édition) / par le Dr. Cullerre,..."
            },
            {
                  "doc_url": "https://gallica.bnf.fr/ark:/12148/bpt6k65235723",
                  "emotions": [
                        "surprise",
                        "disgust",
                        "doubt"
                  ],
                  "excerpt": "- L ' embarras de Prométhée paroît toujours , quand il s ' agit de lier ensemble deux sensations de différente espèce ; ce n ' est pas le parfum d ' un fruit qui doit engager l ' homme de la nature à manger , c ' est le besoin .Une tubéreuse flatte bien plus l ' odorat qu ' une pomme ; la statue vivra - t - elle de tubéreuses ? Mes yeux devenus inutiles se fermèrent .tout disparut : la trace de mes penssées fut interrompue , & je perdis ! e sentiment de mon exis - tence .",
                  "id": "14",
                  "title": "De la philosophie de la nature, ou Traité de morale pour l'espèce humaine tiré de la philosophie et fondé sur la nature. Tome 2 / . Troisième édition, et la seule conforme au manuscrit original"
            },
            {
                  "doc_url": "https://gallica.bnf.fr/ark:/12148/bpt6k65235723",
                  "emotions": [
                        "grief",
                        "disgust",
                        "nostalgia",
                        "embarrassment"
                  ],
                  "excerpt": "jours parler un homme d ' esprit , mais je ne vois jamais la statue .Ma bouche s ' ouvrit pour exhaler le parfum , de ce fruit , elle se rouvrit pour en reprendre .enfin je goûtai .",
                  "id": "15",
                  "title": "De la philosophie de la nature, ou Traité de morale pour l'espèce humaine tiré de la philosophie et fondé sur la nature. Tome 2 / . Troisième édition, et la seule conforme au manuscrit original"
            },
            {
                  "doc_url": "https://gallica.bnf.fr/ark:/12148/bpt6k1478822",
                  "emotions": [
                        "disgust"
                  ],
                  "excerpt": "— C ’ est bien .Le nez de Nuage - Noir s ’ ouvrira pour sentir le whisky .Ensuite , l ’ eau - de - feu baignera sa langue .",
                  "id": "16",
                  "title": "Le chasseur d'abeilles / Fenimore Cooper ; adaptation de Marcelle Robert"
            },
            {
                  "doc_url": "https://gallica.bnf.fr/ark:/12148/bpt6k1478822",
                  "emotions": [
                        "disgust"
                  ],
                  "excerpt": "« Qu ’ ils sentent ! Qu ’ ils sentent ! Bah ! il n ’ y a pas de danger .Un Indien même ne s ’ est jamis enivré par le nez I — Vous avez peut - être raison .Mais moi , je crois , au contraire , que cela tourne mal pour nous .",
                  "id": "17",
                  "title": "Le chasseur d'abeilles / Fenimore Cooper ; adaptation de Marcelle Robert"
            },
            {
                  "doc_url": "https://gallica.bnf.fr/ark:/12148/bpt6k1091843g",
                  "emotions": [
                        "surprise",
                        "disgust"
                  ],
                  "excerpt": ".c ’ est fâcheux , mais enfin , il n ’ y a pas d ’ erreur , elle sent le cirage ou le chocolat ! Et , comme il alimentait d ’ huile de coco la lampe près de s ' éteindre , la belle Raïni , qui jusqu ' alors n ’ avait prononcé aucune parole , l ’ enlaça de ses deux bras moites et décolorés et lui souffla dans ON DIRAIT DU VEAU 3 ° l ’ oreille avec le plus ' pur accent « Montmartre » ces mots stupides : C ’ est bon ..",
                  "id": "18",
                  "title": "Comment on devient duchesse. Préface de Horace Bertin / Paul Guiraud"
            },
            {
                  "doc_url": "https://gallica.bnf.fr/ark:/12148/bpt6k91704c",
                  "emotions": [
                        "disgust",
                        "boredom",
                        "disappointment"
                  ],
                  "excerpt": "Incolore .Odeur d ' amundes amères .Extrêmement vénéneux .",
                  "id": "19",
                  "title": "Traité pratique de l'analyse des gaz / par M. Berthelot,..."
            },
            {
                  "doc_url": "https://gallica.bnf.fr/ark:/12148/bpt6k937429t",
                  "emotions": [
                        "surprise",
                        "disgust",
                        "disapproval",
                        "doubt",
                        "curiosity"
                  ],
                  "excerpt": "« Ln jour , dit le poète Sadi , je vis un rosier environné d ’ une touffe de gazon .Quoi ! m ’ écriai - je , cette vile plante est - elle faite pour se trouver clans la compagnie des roses ? El je voulus arracher le gazon , lorsqu ’ il médit humblement : Épargnez - moi : je ne suis pas la rose , il est vrai ; mais , à mon parfum , on connaît au moins ( pie j ’ ai vécu avec des roses .» i DE LA PHILOSOPHIE DES ROSES Pour orner les leçons de la sagesse , souvent les Muses ont emprunté une rose aux Amours .",
                  "id": "20",
                  "title": "Le langage des fleurs (Neuvième édition augmentée de plusieurs chapitres ornée de douze gravures coloriées et de nombreuses vignettes dans le texte) / par Mme Charlotte de Latour"
            }
      ]
}