{
      "articles": [
            {
                  "doc_url": "https://gallica.bnf.fr/ark:/12148/bpt6k5688578t",
                  "emotions": [
                        "disgust",
                        "greed"
                  ],
                  "excerpt": "Plusieurs fois j ' ai vu , aux environs de Paris , ces arbres avoir l ' apparence de la mort et réellement suspendre leur végétation dès le milieu de l ' été , et par conséquent être considérablement retardés dans leur accroissement , sans compter le désagrément du défaut de verdure .Ces larves sont noires et glutineuses et exhalent , lorsqu ' on les écrase , une odeur nauséabonde .Il en est de même de l ' insecte parfait : ce dernier passe l ' hiver sous les écorces , sous les pierres , dans les fentes des murs .",
                  "id": "1",
                  "title": "Nouveau cours complet d'agriculture théorique et pratique ou Dictionnaire raisonné et universel d'agriculture. Tome 6 / par les membres de la section d'agriculture de l'Institut de France"
            },
            {
                  "doc_url": "https://gallica.bnf.fr/ark:/12148/bpt6k57155074",
                  "emotions": [
                        "disgust",
                        "annoyance"
                  ],
                  "excerpt": "graisseurs .Dègras ou huile épaisse à l ' usage Odeur très - désagréable cl danger 1 9 févr .1825 .",
                  "id": "2",
                  "title": "Le nouveau manuel des conseillers de préfecture. Tome 1 / par M. Brun,..."
            },
            {
                  "doc_url": "https://gallica.bnf.fr/ark:/12148/bpt6k3056299n",
                  "emotions": [
                        "disgust"
                  ],
                  "excerpt": "Le vin fait avec soin se conserve fort long - temps , et lorsqu ’ il provient d ’ une année très chaude et sèche , il acquiert , en vieillissant , des qualités que pourraient lui envier des crus plus renommés * , mais ces années sont très rares , et l ’ on ne peut , en général , le compter que parmi les vins d ’ ordinaire de 2 e .Ceux de presque tous les autres vignobles sont communs , grossiers , et ont un goût de terroir désagréable .VINS BLANCS .",
                  "id": "3",
                  "title": "Topographie de tous les vignobles connus... : précédée d'une notice topographique sur les vignobles de l'antiquité et suivie d'une classification générale des vins (3e éd. entièrement refaite et augmentée de toutes ses parties) / par A. Jullien,..."
            },
            {
                  "doc_url": "https://gallica.bnf.fr/ark:/12148/bpt6k4221415z",
                  "emotions": [
                        "disgust"
                  ],
                  "excerpt": "On y remarque aufli des endroits noirâtres qui ' paroiffent moins durs 6c comme réfi - neux .Ce bois a une odeur réfineufe , agréable , furtout iorf - qu ’ on le brûle ; fa faveur eft aromatique ôc a un peu d ’ amertume 6c d ’ acreté .Malgré l ’ odeur 6c la faveur aromatique du Bols d ’ Aloes , il contient très - peu de parties volatiles ôc d ’ huile effentielle ( a ) .",
                  "id": "4",
                  "title": "Pharmacopée du collège royal des médecins de Londres. Tome 1 / , traduite de l'anglois sur la seconde édition donnée avec des Remarques, par le docteur H. Pemberton... augmentée de plusieurs notes & observations, & d'un grand nombre de procédés intéressans, avec les vertus & les doses des medicamens. Tome premier [-second]"
            },
            {
                  "doc_url": "https://gallica.bnf.fr/ark:/12148/bpt6k58078975",
                  "emotions": [
                        "disgust"
                  ],
                  "excerpt": "la famille des Synanlhérées qui pousse dans les lieux secs et pierreux du midi de la France .La santoline dégage une odeur aromatique très forte , laisse une saveur amère .Cette plante est antispasmodique , emménagogue et vermifuge .",
                  "id": "5",
                  "title": "Homéopathie complexe : théorique et pratique (4e édition revue et augmentée) / Dr A. Marçais"
            },
            {
                  "doc_url": "https://gallica.bnf.fr/ark:/12148/bpt6k4221415z",
                  "emotions": [
                        "disgust",
                        "anger",
                        "excitement",
                        "nervousness",
                        "pain",
                        "embarrassment"
                  ],
                  "excerpt": "Ce font ces Larmes qu ’ on nomme proprement Storax Calamite .Elles font aflez folides ; elles s ’ amoliflent fous les dents & dans les mains ; elles font d ’ une couleur roufsâtre parfemées de taches blanchâtres ; leur odeur eft pénétrante , balfamique , agréable , ôt tient de celle du Baume du Pérou , & un peu de celle de Benjoin ; leur faveur eft balfamique .( a ) On lui a donné le nom de Calamite , parce qu ’ on l ’ apportoit autrefois renfermé dans des Ro - feaux qu ’ on nommoit quelquefois Calami .",
                  "id": "6",
                  "title": "Pharmacopée du collège royal des médecins de Londres. Tome 1 / , traduite de l'anglois sur la seconde édition donnée avec des Remarques, par le docteur H. Pemberton... augmentée de plusieurs notes & observations, & d'un grand nombre de procédés intéressans, avec les vertus & les doses des medicamens. Tome premier [-second]"
            },
            {
                  "doc_url": "https://gallica.bnf.fr/ark:/12148/bpt6k5724432t",
                  "emotions": [
                        "disgust"
                  ],
                  "excerpt": "L ' halluciné de l ' odorat s ^ dit poursuivi par des odeurs fétides , repoussantes , odeur de soufre , do matière fécale ; rarement , ces odeurs sont agréables .L ' halluciné du goût trouve à ses aliments une saveur acre , amôre , qui lui fait conclure rapidement qu ' il est empoisonné .Los hallucinations tactiles , celles de la sensibilité culanée on général , sont assez fréquentes et s ' associent souvent aux hallucinutibns visuelles dans l ' alcoolisme .",
                  "id": "7",
                  "title": "Conseils aux infirmiers / par Michel Bulletrud,... Paul Froissart,..."
            },
            {
                  "doc_url": "https://gallica.bnf.fr/ark:/12148/bpt6k4221415z",
                  "emotions": [
                        "disgust",
                        "annoyance"
                  ],
                  "excerpt": "193 Cette plante eft très - commune dans toutes les campagnes .Ses feuilles font oppofées , prefque rondes , découpées ôc crénelées fur les bords ; elles ont une odeur aromatique , peu agréable , Ôc une faveur amére ; fes fleurs font labiées Ôt bleues ; on employé les fleurs ôc les fommités fleuries .Le Lierre Terreftre efl vulnéraire , difcufïïf , propre à ouvrir les conduits deftinés aux fécrétions , ôc à fondre .",
                  "id": "8",
                  "title": "Pharmacopée du collège royal des médecins de Londres. Tome 1 / , traduite de l'anglois sur la seconde édition donnée avec des Remarques, par le docteur H. Pemberton... augmentée de plusieurs notes & observations, & d'un grand nombre de procédés intéressans, avec les vertus & les doses des medicamens. Tome premier [-second]"
            },
            {
                  "doc_url": "https://gallica.bnf.fr/ark:/12148/bpt6k5760099g",
                  "emotions": [
                        "disgust"
                  ],
                  "excerpt": "Un beau soir de juillet , tandis que François persistait à creuser son pétrin et à préparer son four , Gaspard dit à sa soeur : — Viens avec moi à l ' entrée de la forêt , tu vas t ' amuser , et n ' oublie pas de prendre ton plus grand panier .C ' était une représentation qu ' il voulait lui donner et pour laquelle il avait fait à l ' avance les préparatifs suivants : Lorsqu ' il eut constaté que la glu , qu ' il avait , comme nous l ' avons dit , depuis longtemps préparée , était visqueuse , molle , d ' une odeur sui generis assez répugnante , qu ' elle avait pris une couleur jaune verdâtre et qu ' une parcelle exposée à l ' air • 132 LES ROBINSONS D .E LA MONTAGNE devenait presque noire , il se frotta les mains avec satisfaction , car il reconnaissait là les caractères qui constituent la glu de parfaite qualité .",
                  "id": "9",
                  "title": "Les Robinsons de la montagne / par J. Gros et W. Reymond ; illustrations de F. Massé"
            },
            {
                  "doc_url": "https://gallica.bnf.fr/ark:/12148/bpt6k4221415z",
                  "emotions": [
                        "disgust"
                  ],
                  "excerpt": "Elle croît à l ’ ombre ; fa racine eft longue , branchue , jaunâtre extérieurement , blanche dans l ’ intérieur ; fes feuilles reffemblent un peu à celles du Perfil , par leurs découpures ; elles font liffes , ôc d ’ un verd tirant fur le noir .Toutes les parties de cette plante ont une odeur forte , défagréabie , ôc même fétide .On ne fe fert pas de la Ciguë pour l ’ intérieur .",
                  "id": "10",
                  "title": "Pharmacopée du collège royal des médecins de Londres. Tome 1 / , traduite de l'anglois sur la seconde édition donnée avec des Remarques, par le docteur H. Pemberton... augmentée de plusieurs notes & observations, & d'un grand nombre de procédés intéressans, avec les vertus & les doses des medicamens. Tome premier [-second]"
            },
            {
                  "doc_url": "https://gallica.bnf.fr/ark:/12148/bpt6k4221415z",
                  "emotions": [
                        "disgust",
                        "relief",
                        "nervousness",
                        "indifference"
                  ],
                  "excerpt": "On fait rarement ufage de Styrax liquide à l ’ intérieur .Extérieurement cette fubfiance efi tonique ôc antiputride .On en fait un grand ufage en cette derniere qualité dans la Gangrène .",
                  "id": "11",
                  "title": "Pharmacopée du collège royal des médecins de Londres. Tome 1 / , traduite de l'anglois sur la seconde édition donnée avec des Remarques, par le docteur H. Pemberton... augmentée de plusieurs notes & observations, & d'un grand nombre de procédés intéressans, avec les vertus & les doses des medicamens. Tome premier [-second]"
            },
            {
                  "doc_url": "https://gallica.bnf.fr/ark:/12148/bpt6k6348266z",
                  "emotions": [
                        "disgust"
                  ],
                  "excerpt": "Les gens du pays établissent une cabane au - dessus de la source et le recueillent à l ' aide d ' herbes et le mettent dans des vases .Ils en recueillent beaucoup , ils s ' en servent pour l ' éclairage , sa lumière est très brillante , son odeur nauséabonde comme celle du soufre ; aussi on l ' appelle kousôdzou no aboura .En Chine comme au Japon , c ' est une chose également précieuse .",
                  "id": "12",
                  "title": "Les lapidaires de l'antiquité et du moyen-âge. 1, Les lapidaires chinois / introduction, texte et traduction avec la collaboration de M. H. Courel"
            },
            {
                  "doc_url": "https://gallica.bnf.fr/ark:/12148/bpt6k58537954",
                  "emotions": [
                        "disgust",
                        "nervousness",
                        "embarrassment"
                  ],
                  "excerpt": "Aussi - TRAVESTIE ï nj Aussi - tôt les pieux Gavaches , Arborant casques & rondaches 3 La rapière fur le côté , Se dispersent de tout côré .Le Capucin , puant & sale , Troussé comme une martingale » Son casaquin bardé de fer f eroit peur au .diable d ' enfer .",
                  "id": "13",
                  "title": "La Henriade, travestie en vers burlesques [par Fougeret de Monbron]..."
            },
            {
                  "doc_url": "https://gallica.bnf.fr/ark:/12148/bpt6k4221415z",
                  "emotions": [
                        "disgust",
                        "annoyance"
                  ],
                  "excerpt": "Il paro ’ ît que fes principes font réfinofo - gommeux ; mais on peut foup r çonner qu ’ il entre dans leur combinaifon une huile très - fubtile unie peut - être à un Alkali volatil .Le Mufc par fon odeur efl très - fujet à porter à la tête 9 & à caufer des fpafmes & des vapeurs .Ceux même à qui cette odeur paroît agréable en font incommodés à la fin .",
                  "id": "14",
                  "title": "Pharmacopée du collège royal des médecins de Londres. Tome 1 / , traduite de l'anglois sur la seconde édition donnée avec des Remarques, par le docteur H. Pemberton... augmentée de plusieurs notes & observations, & d'un grand nombre de procédés intéressans, avec les vertus & les doses des medicamens. Tome premier [-second]"
            },
            {
                  "doc_url": "https://gallica.bnf.fr/ark:/12148/bpt6k6120064x",
                  "emotions": [
                        "disgust"
                  ],
                  "excerpt": "Son mari , marchand ambulant de citrons , ne gagne pas ' de quoi nourrir sa famille ; aussi s ' alimentent - ils de poissons salés , puants , d huile d ' olive rance , de fromage corrompu , de têtes de palamides ou de thon .Leur galetas intect et humide est un caveau sombre et dégoûtant ; 2 paillasses pourries , quelques chiffons sordides , servant de couvertures et trois escabots boiteux constituent l ' ameublement du caveau où grouillent 4 enfants émaciés , sous forme d ' ombres humaines , dans la demi - obscunte etia puanteur .• - .",
                  "id": "15",
                  "title": "Les Lépreux ambulants de Constantinople / par le Dr Zambaco Pacha,..."
            },
            {
                  "doc_url": "https://gallica.bnf.fr/ark:/12148/bpt6k6209281m",
                  "emotions": [
                        "disgust",
                        "boredom"
                  ],
                  "excerpt": "Leur substance intérieure est op ee , demi - transparente , plus ou moins brune et très - dure ; ellessont CS ^ leur surface , et comme recouvertes d ' une efflorescence grisâtre qui y adlière , et qu ' on peut plus facilement gratter avec un couteau que le este .Elles ont une saveur très - amère et sont inodores .( Guibourt , Hit ° * re abrégée des drogues simples .",
                  "id": "16",
                  "title": "Traité de toxicologie. Tome 2 / par M. Orfila,..."
            },
            {
                  "doc_url": "https://gallica.bnf.fr/ark:/12148/bpt6k6362866q",
                  "emotions": [
                        "disgust",
                        "fear"
                  ],
                  "excerpt": "bruit que son chien faisoit , lequel for - r tant de sa chambre , rencontra sur le degré ces quatre .effroyables figures , qui avoient chacune à la main un flamr beau allumé composé de poix & de terrebentine , & qui rempliffoient toute la maison d ' une très - épaisse ôç puante fumée .A cet afpcél ce garçon se trouva si saisi de frayeur , que bienv loin d ' aller rendre réponse à ion Maître , il perdit la parole , & tomba évanoui \" .",
                  "id": "17",
                  "title": "Le Coureur de nuit, ou Les Neuf aventures du chevalier Dom Diego, revues, corrigées et augmentées..."
            },
            {
                  "doc_url": "https://gallica.bnf.fr/ark:/12148/bpt6k58173205",
                  "emotions": [
                        "disgust",
                        "disapproval"
                  ],
                  "excerpt": "209 autant que possible par culture ; il faut qu ' il ait cru proniptement , par exemple en un jour ou deux , et qu ' il n ' ait pas vieilli sur terre ; il doit avoir environ la grosseur d ' une châtaigne , être presque hémisphérique , blanc en dessus , rougeâtre en dessous , blanc en dedans , charnu , d ' une consistance un peu ferme , d ' une odeur et d ' un goût agréables ; il doit avoir le stipe épais , court , plein , blanc , et formant uneespèce de collet au dessous du chapeau .On doit au contraire rejeter tous les champignons plats ou concaves , colorés de quelque manière que ce soit ; tous ceux dont l ' odeur est désagréable , qui naissent dans les lieux trop humides , ou trop privés des rayons du soleil ; qui ont une apparence muqueuse ou livide .Puisqu ' il n ' est pas possible de réussir à dégoûter les hommes des champignons , au moins doit - on leur donner un conseil qui les mette à l ' abri dû mal : c ' est de s ' en tenir à la seule espèce que j ' ai décrite d ' abord , et dé rejeter toutes les autres sans exception ; car toutes sont plus ou moins vénéneuses , ou sont sujettes à le devenir .",
                  "id": "18",
                  "title": "Histoire abrégée des drogues simples. Tome 2 / , par N.-J.-B.-G. Guibourt,... Seconde édition, corrigée et augmentée"
            },
            {
                  "doc_url": "https://gallica.bnf.fr/ark:/12148/bpt6k57155074",
                  "emotions": [
                        "disgust",
                        "fear",
                        "annoyance",
                        "disapproval",
                        "nervousness"
                  ],
                  "excerpt": "Sucre ( fabriques de ) .Odeur très - désagréable cl danger 2 27 janv .1837 .",
                  "id": "19",
                  "title": "Le nouveau manuel des conseillers de préfecture. Tome 1 / par M. Brun,..."
            },
            {
                  "doc_url": "https://gallica.bnf.fr/ark:/12148/bpt6k61491970",
                  "emotions": [
                        "disgust",
                        "pain"
                  ],
                  "excerpt": [
                        "épais ; sur la fin , douleur cuisante en urinant , et élancemens à travers l ' urètre .Flueurs blanches d ' un jaune pâle et d ' une odeur douceâtre , dégoûtante .( Les attouchemens au museau de tanche , pendant le coït , terminent une douleur pressive , suivie d ' un effort verslebas .",
                        "Continuelle envie d ' aller à la selle , avec nausées et tiraillemens dans les intestins ; souvent il ne rendait rien , ou seulement un peu de matières aqueuses .Avec forte douleur pinçante et fouillante dans l ' hypogastre , selles fréquentes , promptes , mêlées de vents excessivement fétides , d ' abord un peu épaisses , puis aqueuses ( au bout d ' une heure et demie ) .( Stapf ."
                  ],
                  "id": "20",
                  "title": "Traité de matière médicale, ou de l'Action pure des médicaments homoeopathiques. Tome 3 / par Samuel Hahnemann... ; avec des tables proportionnelles de l'influence que diverses circonstances exercent sur cette action, par C. Boenninghausen ; trad. de l'allemand par A.-J.-L. Jourdan,..."
            }
      ]
}