{
      "articles": [
            {
                  "doc_url": "https://gallica.bnf.fr/ark:/12148/bpt6k97422302",
                  "emotions": [
                        "disgust",
                        "annoyance"
                  ],
                  "excerpt": "— Trouble d ' empois .Hansen a signalé , le premier , quelques - unes de ces levures , notamment le Saccharomyces Pastorianus 1 qui donne à la bière un goût amer désagréable , le Saccharomyces Pastorianus III qui occasionne des troubles .On peut citer aussi les Saccharomyces ellipsoideus 1 et II , qui sont des levures de vin , mais - qui agissent dans la bière comme ferments de maladie en la troublant fortement .",
                  "id": "1",
                  "title": "Brasserie, hydromels : industries agricoles de fermentation / par Eugène Boullanger... ; introduction par le Dr P. Regnard"
            },
            {
                  "doc_url": "https://gallica.bnf.fr/ark:/12148/bpt6k6219975k",
                  "emotions": [
                        "grief",
                        "disgust"
                  ],
                  "excerpt": "Il apprit cette nouvelle dans les Gaules , passa promptement en Italie et se fit un plaisir cruel de visiter le dernier champ de bataille encore tout couvert de morts .L ' odeur des cadavres soulevant le cœur de quelques uns de ses courtisans , il fit entendre ces horribles paroles : or Un ennemi tué sent toujours bon , surtout un citoyen .» Il entra à Rome , comme dans une ville qui lui appartenait par droit de conquête .",
                  "id": "2",
                  "title": "Encyclopédie du dix-neuvième siècle : répertoire universel des sciences des lettres et des arts, avec la biographie et de nombreuses gravures. Tome 24"
            },
            {
                  "doc_url": "https://gallica.bnf.fr/ark:/12148/bpt6k961387",
                  "emotions": [
                        "disgust",
                        "annoyance"
                  ],
                  "excerpt": "Dégage sous Je pilon une légère odeur résineuse .Chauffée sur la feuiiie de platine , se gonfle et brùio avec une flamme fuligineuse d ' une odeur entpyreamatiquf ' désagréable , en laissant un charbon d ' une combustion diNicite , et finalement un peu de cendres grises .Insoluble dans l ' alcool , l ' éther , les alcalis et les acides étendus .",
                  "id": "3",
                  "title": "Manuel de minéralogie. Tome 2 / par A. Des Cloizeaux,..."
            },
            {
                  "doc_url": "https://gallica.bnf.fr/ark:/12148/bpt6k6577517h",
                  "emotions": [
                        "disgust"
                  ],
                  "excerpt": "Ces végétaux , pour la plupart , n ' ont ni force , ni grandeur , ni beauté , bien que certains d ' entre eux arrivent , par suite d ' une vie de seconde main , pour ainsi dire , et deux fois épurée , à un degré de perfection que n ' atteignent pas leurs victimes .Leurs tissus sont d ' ordinaire mous et décolorés ; beaucoup d ' entre eux exhalent une odeur nauséabonde , et presque tous offrent l ' aspect désagréable d ' une vie anormale et malsaine .Les parasites les plus redoutables , — qu ' il ne faut pas confondre , on le sait , avec les fausses parasites telles que le Lierre , le Célastre , certains Figuiers , diverses lianes et particulièrement les brillantes Orchidées des tropiques , — sont celles qui , sim - plement munies d ' écaillés , et conséquemment privées du vraies feuilles , ne peuvent puiser dans l ' atmosphère un complément de nourriture à celle qu ' elles empruntent le poignard sur la gorge .",
                  "id": "4",
                  "title": "La plante : botanique simplifiée / Éd. Grimard"
            },
            {
                  "doc_url": "https://gallica.bnf.fr/ark:/12148/bpt6k5785761j",
                  "emotions": [
                        "disgust"
                  ],
                  "excerpt": "Ainsi , nous lisons dans Le Courrier Médical qu ' unhomme traité à l ' hôpital de Grenoble , par M .Charvet , pour une gangrène pulmonaire se rattachant à la tuberculose , avait des crachats d ' une odeur si horrible qu ' il avait fallu éloigner les malades qui occupaient les lits voisins du sien .Tout en instituant le traitement principal , M .",
                  "id": "5",
                  "title": "La Découverte de la guérison rapide de la tuberculose pulmonaire est un fait acquis. La phtisie vaincue par l'inhalateur dentaire permanent, invisible, du Dr J. Pradère de Moine,..."
            },
            {
                  "doc_url": "https://gallica.bnf.fr/ark:/12148/bpt6k1416111d",
                  "emotions": [
                        "disgust"
                  ],
                  "excerpt": "Fruit gros , lancéolé - ob ’ ong , à sillons profonds et à côtes aiguës ; pl .très odorante ..",
                  "id": "6",
                  "title": "Flore d'Auvergne : contenant la description des familles, genres, espèces et variétés de toutes les plantes vasculaires... / par F. Gustave et F. Héribaud-Joseph,..."
            },
            {
                  "doc_url": "https://gallica.bnf.fr/ark:/12148/bpt6k3045482g",
                  "emotions": [
                        "disgust"
                  ],
                  "excerpt": "On y trouve aussi Y anémone , la clématite , Y ellébore , le pied - d ’ alouette , Y aconit ,‘ la pivoine .L ’ ellébore noir a des racines tubéreuses , noueuses ; il sort ; de leur sommet un grand nombre de fibres serrées , noires en dehors , blanches ou grises en dedans , d ’ un goût âcre , un 1 peu amer et excitant des nausées , d ’ une odeur forte lorsque j ‘ : la plante est récente .De la racine naissent des feuilles portées sur de longuesqueues , pleines de suc , maculées de points purpurins , j comme la tige de la grande serpentaire .",
                  "id": "7",
                  "title": "Résumé d'histoire naturelle : botanique (Nouvelle édition...) / par N. Meissas,..."
            },
            {
                  "doc_url": "https://gallica.bnf.fr/ark:/12148/bpt6k64673001",
                  "emotions": [
                        "disgust"
                  ],
                  "excerpt": "Le mémoire où il étudie l ' influence du rouissage du chanvre sur les eaux de rivière , est un modèle de précision et de patience scienti - fiques 1 .Nous pouvons certainement prendre comme type des boissons altérées par des produits organiques en état de se décomposer , ces eaux jaunâtres , d ' une odeur repoussante et d ' un goût nauséabond , qui coulent dans les rivières bordées de routoirs .Or , il résulte des expériences de Parent - Duchatelet qu ' elles peuvent , en effet , si elles sont fortement chargées de matières organiques provenant du chanvre , amener la mort des poissons ; que les macérations de saule , de peuplier , de chou , etc .",
                  "id": "8",
                  "title": "Étude générale des eaux potables : suivie d'une application particulière aux eaux de source de la ville de Narbonne / par Armand Gautier"
            },
            {
                  "doc_url": "https://gallica.bnf.fr/ark:/12148/bpt6k9735023w",
                  "emotions": [
                        "disgust",
                        "fear"
                  ],
                  "excerpt": "Il grimpa lentement du côté de Montmartre ; aux abords de la place Pigalle , il s ' échoua enfin dans un garni plus mal fatné que l ' autre .Un garçon équivoque lui ouvrit une chambrette voisine d ' un coin nauséabond .Sur la couverture du lit , sur les draps , ' des taches immondes signifiaient trop quel genre de clients l ' avait précédé .",
                  "id": "9",
                  "title": "Abel et Caïn : roman / Émile Baumann"
            },
            {
                  "doc_url": "https://gallica.bnf.fr/ark:/12148/bpt6k9623459r",
                  "emotions": [
                        "disgust",
                        "greed"
                  ],
                  "excerpt": "Cet usage de se ' frotter de beurre est commun aussi aux hommes .On s ' en met par tout le corps $ et comme on a coutume de choisir le plus vieux ou la graisse la plus rance , tous les individus de cette nation exhalent une odeur insupportable .Couverts d ' habits malpropres y n ' en ayant pas ordinairement pour changer , et ne pouvant se baigner à cause de la rareté de l ' eau , c ' est le .",
                  "id": "10",
                  "title": "Le Voyageur de la jeunesse dans les quatre parties du monde. Edition 2,Tome 4 / : ouvrage élémentaire, contenant : 1°. La description pittoresque des divers pays ; 2°. Le tableau des mœurs, religions et gouvernemens de tous les peuples ; 3°. Des notices sur ce que la nature et les arts ont de plus curieux : ornés de 64 fig. représentant les principaux peuples dans leurs costumes. Rédigé par Pierre Blanchard. Tome premier [-sixième]."
            },
            {
                  "doc_url": "https://gallica.bnf.fr/ark:/12148/bpt6k961387",
                  "emotions": [
                        "disgust"
                  ],
                  "excerpt": "8h ) , 28 .S ' aitnme et broie facilement avec flamme , fumée noire et odeur bitumineusn .A la distillation , donne des matières bitumineuses , de l ' oxyde de carbone , de l ' acide carbonique , de l ' eau contenant ordinairement de l ' acide acétique , etc .",
                  "id": "11",
                  "title": "Manuel de minéralogie. Tome 2 / par A. Des Cloizeaux,..."
            },
            {
                  "doc_url": "https://gallica.bnf.fr/ark:/12148/bpt6k3043328q",
                  "emotions": [
                        "disgust"
                  ],
                  "excerpt": "La peau de la grenouille commune suinte continuellement une humeur visqueuse , assez ! âcre pour occasionner une cuisson et une douleur vive auxpaupières , si l ’ on se frotte les yeux inconsidérément avec la main dont on vient d ’ en saisir une ; mais tout le danger se : borne là .Néanmoins , quelques crapauds exhalent , quand on les prend , une odeur tellement fétide , qu ’ elle justifie la ré - i pugnance que l ’ on a pour eux .La plupart des individus de cette famille sont lourds et I peuvent difficilement échapper par la fuite , lorsqu ' une fois on a découvert leur retraite .",
                  "id": "12",
                  "title": "Nouveau manuel du naturaliste préparateur ou L'art d'empailler les animaux, de conserver les végétaux et les minéraux, de préparer les pièces d'anatomie normale et pathologique ; suivi d'Un traité des embaumements (Nouvelle éd.) / par M. Boitard,..."
            },
            {
                  "doc_url": "https://gallica.bnf.fr/ark:/12148/bpt6k5440002w",
                  "emotions": [
                        "disgust"
                  ],
                  "excerpt": "L ' atome tient à l ' univers .L ' organe olfactif de la dame prit l ' éveil à cette odeur suspecte .Du bout du doigt elle prit une feuille de salade et se la mit dédaigneusement sous le nez .",
                  "id": "13",
                  "title": "Le Petit Tintamarre : paraît tous les samedis / Commerson, rédacteur en chef"
            },
            {
                  "doc_url": "https://gallica.bnf.fr/ark:/12148/bpt6k961387",
                  "emotions": [
                        "disgust",
                        "fear",
                        "nervousness"
                  ],
                  "excerpt": "Facilement fusible .BrfiJant avec une nantmo fuligineuse ectatranteetuno odeur bitumineuse , et laissant plus ou moins de cen .dres .",
                  "id": "14",
                  "title": "Manuel de minéralogie. Tome 2 / par A. Des Cloizeaux,..."
            },
            {
                  "doc_url": "https://gallica.bnf.fr/ark:/12148/bpt6k56223939",
                  "emotions": [
                        "disgust"
                  ],
                  "excerpt": "L ' appétit est tantôt diminué , tantôt exagéré , la soif est très vive : les digestions sont lentes , pénibles , fréquemment accompagnées de vomissements ; il y a toujours de la constipation ; rarement des douleurs vives .Les vomissements sont très abondants , d ' une odeur infecte .Les aliments vomis sont souvent ceux qui ont été absorbés deux ou trois jours avant .",
                  "id": "15",
                  "title": "Pour lutter contre les maladies de l'estomac / par le Dr P. Aubert"
            },
            {
                  "doc_url": "https://gallica.bnf.fr/ark:/12148/bpt6k58316694",
                  "emotions": [
                        "disgust"
                  ],
                  "excerpt": "TOLPAD , sm .Vapeur , bouffée de mauvaise odeur ; pi .ou .",
                  "id": "16",
                  "title": "Nouveau Dictionnaire pratique et étymologique du dialecte de Léon, avec les variantes diverses, dans les dialectes de Vannes. Tréguier et Cornouailles, par H. Du Rusquec,..."
            },
            {
                  "doc_url": "https://gallica.bnf.fr/ark:/12148/bpt6k1157287k",
                  "emotions": [
                        "disgust",
                        "pain",
                        "embarrassment"
                  ],
                  "excerpt": ".Quelqu ’ un dit : « Ça sent très mauvais ! » Je ne suis ni laid ni difforme — Je puis le dire , sans orgueil , — Mais parfois , je sens l ’ iodoforme : Pour être aimé , c ’ est un écueil ! ( bis ) .VII Chaque nuit , malgré la fatigue , J ’ ai quelque amoureux cauchemar ; Je sursaute et danse la Gigue En frétillant .",
                  "id": "17",
                  "title": "Les refrains de l'officine : poésies / Pascalon ; préface de Paul Bru ; dessins de J. Matet"
            },
            {
                  "doc_url": "https://gallica.bnf.fr/ark:/12148/bpt6k948538m",
                  "emotions": [
                        "disgust"
                  ],
                  "excerpt": "Je ne regarde pas les mains des gens avant de leur tendre la mienne .Deux fois seulement , sur des milliers de pauvres diables , la crasse a pu paralyser en moi tout élan , encore étail - ce moins leur crasse que leur odeur épouvantable , nauséeuse , qui me rendait leur approche physiquement insoutenable .Il y a des saletés , si l ’ on peut dire , sympathiques : celles du maçon , du terrassier \" du « bougnat » , celles enfin qui sont la conséquence inévitable du travail .",
                  "id": "18",
                  "title": "Le Médecin : organe mensuel du Groupement médical corporatif"
            },
            {
                  "doc_url": "https://gallica.bnf.fr/ark:/12148/bpt6k2066934",
                  "emotions": [
                        "disgust",
                        "doubt"
                  ],
                  "excerpt": "0 vous , disciples de Paphos ou de Sodome , De Cythère et Lampsaque , à la nuit parcourez Les bosquets ombragés , les bois , et vous verrez Des fouteurs pour fantômes .Et l ' odorat pourra vous guider , vous conduire Le chien sent le gibier pourquoi les libertins Ne sentiraient - ils pas de même les putains ? L ' odeur du foutre est pire Élevons , élevons un temple au dieu Priape , n l ' a bien mérité Qu ' on crépisse ses murs Du mortier provenu des désordres impurs Commis pendant l ' agape .A l ' aspect de la nuit , venez , accourez tous , Fouteurs grands et petits foutez , puisque l ' on fout .",
                  "id": "19",
                  "title": "L'oeuvre libertine des poètes du XIXe siècle : Alfred de Musset, Barbey d'Aurevilly, Léon Gozlan, Victor Hugo, Henri Murger, Béranger, Roger de Beauvoir, Théophile Gautier, Charles Baudelaire, Charles Monselet, Albert Glatigny, Auguste Vacquerie, Stéphane Mallarmé, Paul Verlaine, etc, etc... / pièces recueillies par Germain Amplecas [G. Apollinaire]..."
            },
            {
                  "doc_url": "https://gallica.bnf.fr/ark:/12148/bpt6k30789856",
                  "emotions": [
                        "disgust"
                  ],
                  "excerpt": "Ils produisent en été , et font cinq ou six petits qui croissent promptement , mais qui cependant ne produisent eux - mêmes que dans l ’ année suivante .Leur chair n ’ est pas mangeable ; ils ont la mauvaise odeur du rat domestique .On trouve les lérots dans tous les climats tempérés de l ’ Europe , et même en Pologne , en Prusse , mais il ne paraît pas qu ’ il y en ait en Suède ni dans les pays septentrionaux .",
                  "id": "20",
                  "title": "Le Buffon des familles : histoire et description des animaux, extraites des oeuvres de Buffon et de Lacépède / par Auguste Dubois,..."
            }
      ]
}