{
      "articles": [
            {
                  "doc_url": "https://gallica.bnf.fr/ark:/12148/bpt6k90439z",
                  "emotions": [
                        "disgust"
                  ],
                  "excerpt": "An eha ) hMM < Mt .L ' arsenic et ses composés , chauffés seuls ou sur le charbon , communiquent à la flamme une feH ! < e ~ Mcc ; en même temps ils répandent l ' odeur attiacée caractéristique de l ' arsenic .Chauuës sans addition dans le tube bouché , l ' arsenic , les acides arsénieuxetarsénique et les sulfures d ' arsenic sont entièrement volatils .",
                  "id": "1",
                  "title": "Le guide du chimiste : répertoire de documents théoriques et pratiques à l'usage des laboratoires de chimie pure et de chimie industrielle / par M.M. Fremy,...et A. Terreil,..."
            },
            {
                  "doc_url": "https://gallica.bnf.fr/ark:/12148/bpt6k97696001",
                  "emotions": [
                        "disgust"
                  ],
                  "excerpt": "On trouve quelquefois une sorte de myrrhe en grosses larmes jaunâtres , lactescentes , dont l ' odeur et la saveur ont de l ' analogie avec celles du bdellium .La saveur de la myrrhe est amère et résineuse ; son odeur fortement aromatique , assez agréable .Elle est grasse et huileuse sous le pilon , ce qui tient à un peu d ' huile volatile que retient sa résine .",
                  "id": "2",
                  "title": "Dictionnaire des drogues simples et composées, ou Dictionnaire d'histoire naturelle médicale, de pharmacologie et de chimie pharmaceutique. Tome 3 / . Par A. Chevallier,... et par A. Richard,..."
            },
            {
                  "doc_url": "https://gallica.bnf.fr/ark:/12148/bpt6k5806835r",
                  "emotions": [
                        "disgust"
                  ],
                  "excerpt": "C ' était encore , il y a quinze ans , le point de la plaine le plus marécageux et lo plus pestilentiel .Une végétation perfide cachait le sol vaseux d ' où s ' exha - ; lait la fièvre en émanations subtiles .Des miasmes ter - ; ribles , prompts , implacables , couchèrent sans merci les hôtes aventureux qu ' altiraicnt là l ' abondance de l ' eau citant de sourires trompeurs , he voyageur lui - même \\ était frappé au passage .",
                  "id": "3",
                  "title": "Une promenade dans le Sahara / par Charles Lagarde ; avec une préface de Charles Joliet"
            },
            {
                  "doc_url": "https://gallica.bnf.fr/ark:/12148/bpt6k205239t",
                  "emotions": [
                        "disgust",
                        "fear",
                        "disapproval",
                        "embarrassment"
                  ],
                  "excerpt": "Il apporte l ' eau du fleuve pour les étangs , dit Tamina .Va - t ' en , poursuivitelle , car tu es aussi laid qu ' une hyène et ton outre sent plus mauvais qu ' un troupeau de boucs .D ' une secousse , l ' esclave remonta sa charge pesante .",
                  "id": "4",
                  "title": "La dernière épousée d'Ammon (10e éd.) / Léon Barry"
            },
            {
                  "doc_url": "https://gallica.bnf.fr/ark:/12148/bpt6k9753950t",
                  "emotions": [
                        "disgust"
                  ],
                  "excerpt": "Expérience 38 .Plus , sur un verre d ' eau minérale , je versois d ' eau non minérale , pLus le goût ferrugineux di - minuoit , plus l ' odeur devenoit foible ., Au contraire , .",
                  "id": "5",
                  "title": "Traité des eaux minerales nouvellement découvertes au village de Passy, près Paris ... par M. Moullin de Marguery,..."
            },
            {
                  "doc_url": "https://gallica.bnf.fr/ark:/12148/bpt6k30431214",
                  "emotions": [
                        "disgust"
                  ],
                  "excerpt": "C ’ est parce bêlement qu ’ ils s ' appellent enireeux , sur - » tout les mères et les petits : mais quand ils ont peur ou qu ’ ils » aperçoivent leur ennemi ou quelque chose qu ’ ils ne peuvent pas » distingner , ils s ’ avertissent par un sifflement dont je vais parler » tout à l ’ heure .La vue du chamois est des plus pénétrantes ; il » n ’ y a rien de si fin que son odorat : quand il voit un homme » distinctement , il le fixe pour un instant , et s ’ il en est près il » s ’ enfuit .Il a l ’ ouï aussi fine que l ’ odorat , car il entend le moin - » dre bruit ; quand le vent souffle un peu , et que ce vent vient du « côté d ’ un homme à lui , il le sentira de plus d ’ une demi - lieue , a Quand donc il sent ou qu ’ il entend quelque chose , et qu ’ il ne a peut pas en faire la découverte par les yeux , il se met à siffler a avec tant de force que les rochers ou les forêts en retentissent ; » s ’ ils sont plusieurs , il s ’ en épouvantent tous : ce sifflement est « ausù long que l ’ haleine peut tenir sans reprendre , il estd ’ abord » fort aigu et baisse sur la fin ; le chamois se repose un instant , a regarde de tous côtés et recommence à siffler ; il continue d ’ in - » tervalle en intervalle , il est dans une agitation extrême , il frappe » la terre du pied de devant et quelquefois des deux , il se jette sur a des pierres grandes et hautes , il regarde , il court sur des émi - a nences , et quand il a découvert quelque chose il s ’ enfuit .",
                  "id": "6",
                  "title": "Oeuvres complètes de Buffon, avec les suites.... Tome 5 / planches dessinées par Victor Adam"
            },
            {
                  "doc_url": "https://gallica.bnf.fr/ark:/12148/bpt6k1416117w",
                  "emotions": [
                        "disgust",
                        "fear",
                        "nervousness",
                        "embarrassment"
                  ],
                  "excerpt": "Cette maladresse me sauva .Saisi par cette apcrsion involontaire et très odorante je me levai d ’ un bond .— Sauvé ! m ’ écriai - je , sauvé ! J ’ appris de mes compagnons que le manque d ’ air avait été la cause de notre singulière mésaventure et que grâce à la présence d ’ esprit de l ’ illustre Académicien nous avions eu la vie sauve .",
                  "id": "7",
                  "title": "Merveilles et mystères du ciel, ou Voyage dans les mondes célestes, par François Teissier"
            },
            {
                  "doc_url": "https://gallica.bnf.fr/ark:/12148/bpt6k97696001",
                  "emotions": [
                        "disgust"
                  ],
                  "excerpt": "De là cette foule d ' ipécacuanhas faux ou bâtards , pour nous servir des expressions vulgaires , dont quelques - uns ont été répandus dans le commerce , mais qui , pour la plupart , n ' ont pas dépassé les limites du territoire où croissent les plantes qui les fournissent .La poudre d ' ipécacuanha annelé est d ' une couleur fauve grisâtre claire ; son odeur nauséabonde , désagréable ; sa saveur acre , amère , s ' attachant particulièrement au gosier .ioo parties d ' ipécacuanha bien trié donnent 80 parties de substance çorticale et 20 de matière ligneuse .",
                  "id": "8",
                  "title": "Dictionnaire des drogues simples et composées, ou Dictionnaire d'histoire naturelle médicale, de pharmacologie et de chimie pharmaceutique. Tome 3 / . Par A. Chevallier,... et par A. Richard,..."
            },
            {
                  "doc_url": "https://gallica.bnf.fr/ark:/12148/bpt6k30424458",
                  "emotions": [
                        "disgust"
                  ],
                  "excerpt": "D d iii 4 ti IUments t ) E pharmacie ; qu ’ il soit entièrement cuit , parce qu ’ il se convertiroit tout pn pulpe , qui retiendroit tout le liquide du chcu .On ne doit exprimer que doucement et légèrement ; sans cette précaution , on feroit passer au travers du linge un peu de pulpe qui troubleroir le suc et l ' empêcheroit de se filtrer au travers ( du blanchet ; ce qui rendreit ce sirop plus dégoûtant sans lui donner plus de vertu : son odeur est désagréable , et tire sur celle du foie de soufre .^ Dose .",
                  "id": "9",
                  "title": "Éléments de pharmacie théorique et pratique... Le tout suivi d'une nouvelle appendice où l'on discute plusieurs des principes fondamentaux de la doctrine chimique moderne. Par A. Baumé. 7e édition..."
            },
            {
                  "doc_url": "https://gallica.bnf.fr/ark:/12148/bpt6k5724950g",
                  "emotions": [
                        "disgust",
                        "boredom",
                        "indifference"
                  ],
                  "excerpt": "Dans son observation III ( loco citato ) on constate « fi la vulve , un érythème rouge vernissé , occupant les grandes lèvres , il y a un léger suintement .Les parties exulcérées exhalent une odeur fade et repoussante » .Dans son observation II ( loco citato ) , l ' érythème apparût à la ceinture , aux aines , aux aisselles .",
                  "id": "10",
                  "title": "Travail de la clinique des maladies cutanées et syphilitiques de l'Antiquaille de Lyon. Le Syndrome pellagreux / par le Dr Ivan Potier,..."
            },
            {
                  "doc_url": "https://gallica.bnf.fr/ark:/12148/bpt6k90439z",
                  "emotions": [
                        "disgust",
                        "annoyance"
                  ],
                  "excerpt": "La cystine est insoluble dans l ' eau et l ' alcool , elle se dissout dans les liqueurs alcalines .Elle répand lorsqu ' on la chauffe une odeur des plus désagréables , tout à fait caractéristique .Lorsque les calculs sont formés do substances minérales it est toujours facile de les caractériser par les méthodes analytiques ordinaires mais avant de les dissoudre dans les acides on les calcine pour brû ! er les matières organiques , seulement dans cette calcination l ' ammoniaque qu ' ils peuvent contenir se volatilise et l ' acide oxalique des calculs d ' oxalate de chaux se décompose .",
                  "id": "11",
                  "title": "Le guide du chimiste : répertoire de documents théoriques et pratiques à l'usage des laboratoires de chimie pure et de chimie industrielle / par M.M. Fremy,...et A. Terreil,..."
            },
            {
                  "doc_url": "https://gallica.bnf.fr/ark:/12148/bpt6k9753950t",
                  "emotions": [
                        "disgust"
                  ],
                  "excerpt": "1 .ette quatrième lource a une saveur ferrugineuse , une odeur sulfureufe $ une crème en pellicule blanche , un sediment jaune ; je n ' ai point vû ses ré - Jidences .3 ° .",
                  "id": "12",
                  "title": "Traité des eaux minerales nouvellement découvertes au village de Passy, près Paris ... par M. Moullin de Marguery,..."
            },
            {
                  "doc_url": "https://gallica.bnf.fr/ark:/12148/bpt6k62451080",
                  "emotions": [
                        "disgust"
                  ],
                  "excerpt": "Le gaz liquide se fixe , après - le tir , comme une rosée très fine sur les buissons , l ' herbr et le sol et est très rarement visible à l ' œil nu .L ' odeur en est très faible ; elle s ' accentue à l ' évaporation .b .",
                  "id": "13",
                  "title": "Bulletin de renseignements de l'artillerie / Grand quartier général des armées, Direction générale de l'instruction de l'artillerie aux armées"
            },
            {
                  "doc_url": "https://gallica.bnf.fr/ark:/12148/bpt6k201318z",
                  "emotions": [
                        "disgust"
                  ],
                  "excerpt": "radix cont ' ayervœ , Racine courbée d ' un brun rougeàtre en d dehors , blanche en dedans , composée r d ' un tubercule noueux , oblong , d ' un s pouce ou deux de longueur des côtés du - t quel partent des radicules très - minces .Son c odeur est aromatique sa saveur d ' abord 1 faiblement amère : parait ensuite acre c elle contient beaucoup de mucilage .Elle provient de plusieurs espèces de dorstenia , et particulièrement du dorstenia con - trarerva et dû dorstenia Houstoni .",
                  "id": "14",
                  "title": "Dictionnaire de médecine, de chirurgie, de pharmacie, des sciences accessoires et de l'art vétérinaire / de P.-H. Nysten ; 5e édition ref. de nouveau et considérablement augmentée par MM. Bricheteau,... Henry,... et Jh. Briand,..."
            },
            {
                  "doc_url": "https://gallica.bnf.fr/ark:/12148/bpt6k201318z",
                  "emotions": [
                        "disgust",
                        "greed"
                  ],
                  "excerpt": "Il est solide , rougeâtre .volatil , et répand une odeuv insupportable de chou pourri lorsqu ' on le chauffe à l ' air libre .Il forme avec l ' oxygène un oxyde de sélénium et un acide sélénique avec l ' lydrogène , il produit un gaz aciJe lénique analogue à l ' hydrogène sulfuré mais beaucoup pius dangereux .",
                  "id": "15",
                  "title": "Dictionnaire de médecine, de chirurgie, de pharmacie, des sciences accessoires et de l'art vétérinaire / de P.-H. Nysten ; 5e édition ref. de nouveau et considérablement augmentée par MM. Bricheteau,... Henry,... et Jh. Briand,..."
            },
            {
                  "doc_url": "https://gallica.bnf.fr/ark:/12148/bpt6k990728w",
                  "emotions": [
                        "disgust",
                        "annoyance",
                        "boredom",
                        "curiosity",
                        "indifference"
                  ],
                  "excerpt": "Aucun fouilli , aucun désordre ! Pas un parfum .Au contraire , une odeur fade , désagréable ! Andrée regarda curieusement le lit tout blanc , baigné des rayons du soleil , où reposait sœur Marie des Anges , dépourvue du prestige que prête le costume monastique .Cette femme pâle , les traits fatigués , coiffée d ’ un bonnet de nuit d ' où s ’ échappaient quelques mèches de cheveux blonds , lui lit un étrange effet .",
                  "id": "16",
                  "title": "À Lesbos / par Jehan de Kellec"
            },
            {
                  "doc_url": "https://gallica.bnf.fr/ark:/12148/bpt6k1185326f",
                  "emotions": [
                        "disgust"
                  ],
                  "excerpt": "Elle hésite pendant quelques jours , craignant qu ’ une hémorragie se produise pendant l ' opération , mais enfin elle se décide , et le 6 octobre , avec l ' aide sed D rs Gilles et Ferrand , j ' enlève la deuxième prémolaire et fais l ’ ouverture du sinus maxillaire .Le premier lavage fait sortir une quantité énorme de pus d ' une odeur repoussante .Les suites de l ' opération furent normales et , trois jours après , M me A .",
                  "id": "17",
                  "title": "Diagnostic des abcès du sinus maxillaire, par le Dr Charles Lucius,..."
            },
            {
                  "doc_url": "https://gallica.bnf.fr/ark:/12148/bpt6k9762434z",
                  "emotions": [
                        "disgust"
                  ],
                  "excerpt": "Dans le nord de la France , on amasse cet engrais dans des citernes et on le répand à la surface du sol à l ' aide de tonneaux d ' arrosage après avoir opéré le mélange des solides et des liquides , dont on remplit les tonneaux à l ' aide d ' une pompe .Il faut subir pendant cette opération l ' odeur répugnante du mélange , étéinte rapidement par le labour , car la terre est le désinfectant par excellence de cet engrais .Il sert principalement aux cultures de graines oléagineuses .",
                  "id": "18",
                  "title": "Traité d'agriculture pratique et d'économie rurale, à l'usage des agriculteurs français / par I. Ponce,..."
            },
            {
                  "doc_url": "https://gallica.bnf.fr/ark:/12148/bpt6k5835806j",
                  "emotions": [
                        "disgust"
                  ],
                  "excerpt": "La plumage du corps est un marron lustré : celui de la tête , du cou , de la gorge et de la poitrine est blanchâtre ; les tuyaux des plumes d ' un noir luisant , les pieds jaunes , les ongles noirs .Sa forme est élégante , mais l ' odeur qu ' il exhale est repoussante .D ' un naturel très lâche , il n ' attaque jamais ceux des autres oiseaux capables de lui opposer quelque résistance : il se nourrit donc presque exclusivement de poisson , de grenouilles , de rats , de lézards et , surtout , de serpents .",
                  "id": "19",
                  "title": "A travers la Cochinchine / par Raoul Postel,..."
            },
            {
                  "doc_url": "https://gallica.bnf.fr/ark:/12148/bpt6k64106h",
                  "emotions": [
                        "disgust",
                        "disapproval"
                  ],
                  "excerpt": "Norman avait déjà bu du thë du Labrador , et il l ' aimait beaucoup ; mais ses cousins du sud en furent moins enthousiasmés .Son goût particulier , qui ressemble a celui de ! a rhubarbe , ne plut nullement à François .Tous reconnurent cependant qu ' il avait produit sur eux un euet salutaire et , après en avoir bu , il se sentirent dans Fagr ~ aMe disposition où l ' on se trouve après avoir absorbe une tasse de véritable < bohea LES MARMOTTES CE t ' AHËMQOS D ' après ce menu luxueux .",
                  "id": "20",
                  "title": "Les jeunes chasseurs du Nord / par le capitaine Mayne-Reid... ; traduit de l'anglais par Marie Guerrier de Haupt"
            }
      ]
}