{
      "articles": [
            {
                  "doc_url": "https://gallica.bnf.fr/ark:/12148/bpt6k28149x",
                  "emotions": [
                        "disgust"
                  ],
                  "excerpt": "P .Odeur forte , peu agréable saveur aromatique , amarescente .P .",
                  "id": "1",
                  "title": "Manuel de matière médicale ou Description abrégée des médicamens , avec l'indication des caractères botaniques des plantes médicinales, et celle des principales préparations officinales des pharmacopées de Paris, de Londres et d'Edimbourg... par H. Milne Edwards et P. Vavasseur"
            },
            {
                  "doc_url": "https://gallica.bnf.fr/ark:/12148/bpt6k773289",
                  "emotions": [
                        "disgust",
                        "greed"
                  ],
                  "excerpt": "La vapeur de charbon est un mélange d ' acide carbonique et d ' oxyde de carbone dans lequel entre bien aussi un peu d ' hydrogène carboné , mais en proportion si faible qu ' on peut n ' en pas tenir compte .Ce dernier gaz est d ' ailleurs peu vénéneux .Nous serons en , core obligés ici de revenir sur une question inséparable de l ' empoisonnement par la vapeur de charbon celle de l ' atmosphère limitée qui concourt toujours à déterminer les accidents qu ' on remarque chez l ' homme et qui , vous le savez , seraient presque toujours conjurés par une ventilation convenable .",
                  "id": "2",
                  "title": "Leçons sur les effets des substances toxiques et médicamenteuses / par Claude Bernard,... ; publié par le Dr A. Tripier"
            },
            {
                  "doc_url": "https://gallica.bnf.fr/ark:/12148/bpt6k28149x",
                  "emotions": [
                        "disgust"
                  ],
                  "excerpt": "P .Gaz incolore , d ~ me saveur forte et d ' une odeur suu ' ocante particulière , pesanteur specif .3 .",
                  "id": "3",
                  "title": "Manuel de matière médicale ou Description abrégée des médicamens , avec l'indication des caractères botaniques des plantes médicinales, et celle des principales préparations officinales des pharmacopées de Paris, de Londres et d'Edimbourg... par H. Milne Edwards et P. Vavasseur"
            },
            {
                  "doc_url": "https://gallica.bnf.fr/ark:/12148/bpt6k55006090",
                  "emotions": [
                        "disgust"
                  ],
                  "excerpt": "Le cancer à sa deuxième période , c ' est - à - dire lorsqu ' il est ulcéré , détermine , lui aussi , un écoulement par l ' anus , mais ce flux cancéreux présente des signes distincts et caractéristiques .Il possède une odeur sui generis repous - 272 ÉCOULEMENTS BLENNORRHAGIQUES DES DEUX SEXES .santé ; il est sanieux , roussâtre , sanguinolent , mêlé de grumeaux , de détritus organiques .",
                  "id": "4",
                  "title": "Des écoulements blennorrhagiques contagieux aigus et chroniques de l'homme et de la femme, par l'urèthre, la vulve, le vagin et le rectum... : suivis d'une étude sur les écoulements blancs non contagieux... / par le Dr Pouillet"
            },
            {
                  "doc_url": "https://gallica.bnf.fr/ark:/12148/bpt6k5810121q",
                  "emotions": [
                        "disgust"
                  ],
                  "excerpt": "X .Violette odorante .Fleursde Violette .",
                  "id": "5",
                  "title": "Traité de pharmacologie, de l'art de formuler, de matière médicale et de toxicologie, par C.-P. Galtier,... 1re partie..."
            },
            {
                  "doc_url": "https://gallica.bnf.fr/ark:/12148/bpt6k28149x",
                  "emotions": [
                        "disgust"
                  ],
                  "excerpt": "P .La consistance de cette plante est cartilagincuse sa couleur est terne et d ' un rouge - brun sa saveur amère salée et nauséabonde son odeur saumâtre et désagréable .Elle se présente sous forme de touues très - serrées , formées par des filamons nombreux réunis en faisceaux par la base entrelacés et accrochés les uns aux autres par de petits crampons dont les tiges sont armées .",
                  "id": "6",
                  "title": "Manuel de matière médicale ou Description abrégée des médicamens , avec l'indication des caractères botaniques des plantes médicinales, et celle des principales préparations officinales des pharmacopées de Paris, de Londres et d'Edimbourg... par H. Milne Edwards et P. Vavasseur"
            },
            {
                  "doc_url": "https://gallica.bnf.fr/ark:/12148/bpt6k917856",
                  "emotions": [
                        "disgust"
                  ],
                  "excerpt": ") d ' une solution aqueuse étendue d ' acide chromique , puis distillant ; la quinone passe en premier lieu avec les vapeurs d ' eau .Grandes tables rhombiques , jaune de soufre , d ' une odeur piquante , fusibles à 123 » , sublimaWes déjà au - dessous de JOO » , insolubles dans l ' eau froide , peu solubles à froid dans l ' alcool , facilement à chaud , ainsi que dans l ' élhcr .Oxydée par l ' acide nitrique , elle passe à l ' état d ' acide phtalique .",
                  "id": "7",
                  "title": "Traité de chimie organique d'après Wöhler / par le Dr R. Fittig,... ; traduction française... par MM. Ch. de La Harpe et Fr. Reverdin,... ; avec une préface par M. A. Würtz,..."
            },
            {
                  "doc_url": "https://gallica.bnf.fr/ark:/12148/bpt6k6122254v",
                  "emotions": [
                        "disgust",
                        "boredom",
                        "indifference"
                  ],
                  "excerpt": "Elles sont limpides et claires , douces et onctueuses au toucher , exhalant une forte odeur d ' hydrogène sulfuré .Leur saveur , franchement hépatique IHISM ? un arrière - goût fade et nauséabond .On y trouve , comme dans toutes les eaux sulfureuses de la chaîne des Pyrénées , cette substance azotée que Longchamp décrivit le premier sous le nom de barégine .",
                  "id": "8",
                  "title": "Les Eaux minérales et les bains de mer de la France, nouveau guide pratique du médecin et du baigneur , par le Dr Paul Labarthe,... précédé d'une introduction par M. A. Gubler,..."
            },
            {
                  "doc_url": "https://gallica.bnf.fr/ark:/12148/bpt6k5810121q",
                  "emotions": [
                        "disgust"
                  ],
                  "excerpt": "Fleursde : Tilleul .Mucilage ' , huile odorante .rMalva silvestris .",
                  "id": "9",
                  "title": "Traité de pharmacologie, de l'art de formuler, de matière médicale et de toxicologie, par C.-P. Galtier,... 1re partie..."
            },
            {
                  "doc_url": "https://gallica.bnf.fr/ark:/12148/bpt6k5457213t",
                  "emotions": [
                        "disgust",
                        "guilt"
                  ],
                  "excerpt": "On traverse pour , y arriver une terre aride remplie , de liimulus cl de tombes annamites ressemblant à des sphynx sans tête .Une odeur cadavérique provenant d ' une tombe fraîchement remuée me saisît péniblement l ' odorat ; les Annamites ont , en effet , la mauvaise habitude d ' ensevelir leurs morts à très peu de profoudeur , en sorte que les émanations putrides se répandent facilement dans les environs , au grand préjudice de la santé publique .La fabrique de vases cl ustensiles de ménage do Caï - Maï est constituée par un long hangar très bas , couvert de roseaux et par un four grossier en briques , en forme de boyau horizontal .",
                  "id": "10",
                  "title": "Un an de séjour en Cochinchine : guide du voyageur à Saïgon / par M. Delteil,..."
            },
            {
                  "doc_url": "https://gallica.bnf.fr/ark:/12148/bpt6k917856",
                  "emotions": [
                        "disgust"
                  ],
                  "excerpt": "Un l ' obtient encore en ajoutant peu à peu une solution d ' élhylamine à du chlorure de sulfocarbonyle maintenu sous l ' eati ( page 309 ) .Liquide incolore , d ' une odeur piquante et provoquant le larmoiement .Poids spécifique 1 , 019 à 0 ° .",
                  "id": "11",
                  "title": "Traité de chimie organique d'après Wöhler / par le Dr R. Fittig,... ; traduction française... par MM. Ch. de La Harpe et Fr. Reverdin,... ; avec une préface par M. A. Würtz,..."
            },
            {
                  "doc_url": "https://gallica.bnf.fr/ark:/12148/bpt6k96177308",
                  "emotions": [
                        "disgust",
                        "disapproval",
                        "greed",
                        "embarrassment"
                  ],
                  "excerpt": "[ celui des cinq sens par lequel on discerne les saveurs ; saveur ] Tasse .Avoir le goût dépravé , 1 ' 0 Inr - e one ' s mouth out of tasse .Viande de bl ' 11 goût , de mauvais goût , IVell tajii ! or ill tafled meat .",
                  "id": "12",
                  "title": "Nouveau dictionnaire françois-anglois et anglois-françois de M. A. Boyer... corrigé et considérablement augmenté, par MM. Louis Chambaud et J.-B. Robinet. Tome 1"
            },
            {
                  "doc_url": "https://gallica.bnf.fr/ark:/12148/bpt6k6122254v",
                  "emotions": [
                        "disgust"
                  ],
                  "excerpt": "Elles dégagent une odeur d ' oeufs pourris ( surtout la source de soufre ) , ont une DES EAUX MINERALES EN PARTICULIER .41 saveur douceâtre , légèrement nauséabonde et provoquant des renvois nidoreux .Elles sont employées en boisson , en inhalation , en bains ordinaires et en bains de vapeur , en douches et en massage .",
                  "id": "13",
                  "title": "Les Eaux minérales et les bains de mer de la France, nouveau guide pratique du médecin et du baigneur , par le Dr Paul Labarthe,... précédé d'une introduction par M. A. Gubler,..."
            },
            {
                  "doc_url": "https://gallica.bnf.fr/ark:/12148/bpt6k5810121q",
                  "emotions": [
                        "disgust",
                        "annoyance"
                  ],
                  "excerpt": "$ i la distillation était poussée plus loin , le résidu se décomposerait et .communiquerait au vinaigre distillé une odeur désagréable , - ' , , ' - .- .",
                  "id": "14",
                  "title": "Traité de pharmacologie, de l'art de formuler, de matière médicale et de toxicologie, par C.-P. Galtier,... 1re partie..."
            },
            {
                  "doc_url": "https://gallica.bnf.fr/ark:/12148/bpt6k64180x",
                  "emotions": [
                        "disgust"
                  ],
                  "excerpt": "Il ne faut pas non plus pousser les choses jusqu ' à l ' absurde .` Et puis , je ne sais , mais cet excellent abbé Brice répand une détestable odeur de tabac à priser .Il confesse toutes sortes de gens , et vous conviendrez qu ' il est désagréable d ' avoir sa femme de chambre ou sa cuisinière pour vis - à - vis de cellule .",
                  "id": "15",
                  "title": "Monsieur, madame et bébé (116e éd.) / Gustave Droz"
            },
            {
                  "doc_url": "https://gallica.bnf.fr/ark:/12148/bpt6k10307220",
                  "emotions": [
                        "surprise",
                        "disgust",
                        "doubt"
                  ],
                  "excerpt": "Cependant on l ’ exhorte , il s ’ arme de courage , se gargarise d ’ eau - de - vie , se serre le nezVt boit .Tant que le breuvage empesté remplit la bouche et tapisse l ’ organe , la sensation est confuse , et l ’ état supportable ; mais , à la dernière gorgée , les arrière - goûts se développent , les odeurs nauséabondes agissent , èt tous les traits du patient expriment une horreur et un goût que la peur de la mort peut seule affronter .S ’ il est question , au contraire , d ’ une boisson insipide , comme , par exemple , un verre d ’ eau , on n ’ a ni goût ni arrière - goût ; on n ’ éprouve rien , on ne pense à rien ; on a bu , et voilà tout .",
                  "id": "16",
                  "title": "Le Journal de la famille : revue mensuelle paraissant le 1re de chaque mois"
            },
            {
                  "doc_url": "https://gallica.bnf.fr/ark:/12148/bpt6k5698268p",
                  "emotions": [
                        "disgust"
                  ],
                  "excerpt": "Les vivans semblent l ' avoir abandonné aux morts .On ne le répare plus ; un liquide visqueux découle de ses murailles écorchées ; une odeur semi - cadavéreuse infecte l ' air qu ' on y respire , elle jour douteux qui l ' éclairé ressemble à la lueur d ' une lampe sépulcrale .L ' absence de l ' orgue augmente la nudité de l ' édifice et la tristesse du silence .",
                  "id": "17",
                  "title": "Voyage d'un jeune français en Angleterre et en Écosse pendant l'automne de 1823 par Adolphe Blanqui"
            },
            {
                  "doc_url": "https://gallica.bnf.fr/ark:/12148/bpt6k28298d",
                  "emotions": [
                        "disgust",
                        "doubt"
                  ],
                  "excerpt": "mauvais tnais nous ne disons pas , .ce ~ 6 - y ~ r ~ sent ~ ) / cet esprit ~ e / z ~ mauvais L ' odeur dans la rose et la sensation que cause cette odeur , ne sont donc pas conçues , même parle vulgaire , comme des choses de même genre , bien qu ' elles soient ~ désignées par le même nom .Nous recueillons de ce qui a été dit , que l ' odeur - d ' une rose signifie deux choses 1 ° une sensation qui ne peut avoir d ' existence que lorsqu ' elle est perçue , et qui ne peut exister que dans un esprit ~ ou un sujet sentant ; une puissance , une qualité , une vertu dans .",
                  "id": "18",
                  "title": "Oeuvres complètes de Thomas Reid, chef de l'école écossaise. Essai sur la quantité / publiées par M. Th. Jouffroy ; avec des fragments de M. Royer-Collard, et une introduction de l'éditeur..."
            },
            {
                  "doc_url": "https://gallica.bnf.fr/ark:/12148/bpt6k65414325",
                  "emotions": [
                        "disgust",
                        "guilt"
                  ],
                  "excerpt": "Si « la maison fut remplie de l ' odeur des onguents dont la « Madeleine avoit parfumé les pieds du Fils de Dieu , ne « semble - t - il pas que cette vierge innocente méritoit les « bonnes odeurs que ses pieds et son corps exhalent ? « Puisque durant tout le cours de sa vie elle avoit joiut « la pénitence à la virginité , la myrrhe à la senteur des « lys et sembloit par la rigueur de ses pénitences et la « constance de ses travaux , n ' avoir vécu - que pour mou « rir sans cesse à soi - même et pour faire de toute sa vie « un perpétuel et très - pénible martyre .« Le grand Arsenius voulut souffrir la mauvaise odeur « d ' une eau croupie , pour expier les fautes qu ' il avoit « commises dans le siècle en aimant les parfums : notre « digne religieuse exhale de bonnes odeurs après sa mort , « parce qu ' elle avoit parfaitement méprisé tous les plai « sirs de la vie , lorsqu ' elle avoit l ' usage des sens .La « nièce du bon ermite Abraham s ' aperçut que la tête « chenue de ce pieux vieillard sentoitbon ; et nous lisons a dans la vie des Pères que c ' étoit un effet de son absti « nence : pourquoi ne dirons - nous pas que les bonnes « odeurs de la digne mère de Bréchard sont des effets de « ses rigoureuses pénitences , et des récompenses de ses « rares vertus ? Le corps de Siméon Stilite , qui pourris « soit en vie par les excès de ses mortifications , rendit « d ' excellentes odeurs à sa mort ; et notre religieuse , qui a a paru dans la sainte religion comme une colonne a inébranlable à toutes les secousses des tentations , des « travaux , des maladies , des injures et des mépris , dont « sa constance a été souvent attaquée , rend aujourd ' hui « des odeurs agréables , comme si le ciel vouloit nous « faire connoître qu ' elle peut dire , par les exemples et « par la bonne édification de sa sainte vie , ce que disoit « l ' apôtre : Nous sommes la bonne odeur de Jésus « Christ .",
                  "id": "19",
                  "title": "Vies des premières religieuses de l'ordre de la Visitation Sainte-Marie. Tome 1 / d'après la rév. Mère Madelaine-Françoise de Chaugy,... ; par M. Louis Veuillot"
            },
            {
                  "doc_url": "https://gallica.bnf.fr/ark:/12148/bpt6k1100014f",
                  "emotions": [
                        "disgust"
                  ],
                  "excerpt": "Arbuste épineux commun à la Côte et surtout au bord de la mer .Ne pas confondre avec le précédent ; les fruits ressemblant à une prune de mirabelle ont une forte odeur d ’ amande amère , sont très amers et âcres ; ils sont toxiques ainsi que l ’ amande intérieure .Zanthoxylum melanaçanthum et Z .",
                  "id": "20",
                  "title": "Les plantes médicinales de la Guinée / par H. Pobéguin"
            }
      ]
}