{
      "articles": [
            {
                  "doc_url": "https://gallica.bnf.fr/ark:/12148/bpt6k9663843c",
                  "emotions": [
                        "disgust",
                        "disapproval"
                  ],
                  "excerpt": "L ' aloès du Cap est d ' une couleur foncée en masse , mais translucide et d ' un rouge foncé en lames minces .Sa saveur est très - amère ; son odeur aromatique , peu agréable .L ' aloès de l ' Inde , de qualité inférieure , est noirâtre ; sa cassure est terne .",
                  "id": "1",
                  "title": "Dictionnaire industriel à l'usage de tout le monde, ou Les 10,000 secrets et recettes de l'industrie moderne.... I. A-G / par MM. les rédacteurs des \"Annales du génie civil\", E. Lacroix,... directeur de la publication"
            },
            {
                  "doc_url": "https://gallica.bnf.fr/ark:/12148/bpt6k9677690v",
                  "emotions": [
                        "disgust"
                  ],
                  "excerpt": "Mais les analyses les plus exactes n ' ont découvert dans l ' air qui plane au - dessus des marais d ' autre altération qu ' une réaction alcaline , peutêtre ammoniacale , accompagnée d ' une odeur sulfureuse .Une matière floconneuse d ' une odeur infecte et très - putrescible a été trouvée , dans la rosée des marais Pontins apportée par Rigaud de .l ' Isle à Vauquelin ( Mbscati , Dupuytren , Thénard ) .",
                  "id": "2",
                  "title": "Pathologie interne. Tome I / par MM. E. Bazin, Jodin et Beaugrand"
            },
            {
                  "doc_url": "https://gallica.bnf.fr/ark:/12148/bpt6k9663843c",
                  "emotions": [
                        "disgust"
                  ],
                  "excerpt": "— Les suifs , et en général les graisses animales , sont susceptibles d ' altérations qui sont préjudiciables à la santé , lorsque les corps gras sont destinés à l ' alimentation .Une graisse animale quelconque doit être rejetée lorsqu ' elle est rance , qu ' elle a une odeur repoussante et une saveur désagréable .— Traitée par l ' alcool bouillant , une pareille graisse laissé après l ' évaporation une matière brune , molasse , acide , d ' une odeur peu désagréable , d ' une saveur piquante , nauséeuse , irritant très - violemment l ' arrière - bouche en y laissant un sentiment de sécheresse .",
                  "id": "3",
                  "title": "Dictionnaire industriel à l'usage de tout le monde, ou Les 10,000 secrets et recettes de l'industrie moderne.... I. A-G / par MM. les rédacteurs des \"Annales du génie civil\", E. Lacroix,... directeur de la publication"
            },
            {
                  "doc_url": "https://gallica.bnf.fr/ark:/12148/bpt6k69993p",
                  "emotions": [
                        "disgust",
                        "fear",
                        "pain",
                        "embarrassment"
                  ],
                  "excerpt": "II faut avoir vu cet amas informe de cabanes , auxquelles on donne le nom de villages , pour se figurer la misère profonde de ceux qui les habitent .Ouvertes a tous les vents , exposées aux injures du temps , horribles de puanteur , elles font reculer le voyageur le plus déterminé .Malheur à lui , si la nécessité l ' oblige d ' y pénétrer ; il est à l ' Instant dévoré par des myriades d ' insectes .",
                  "id": "4",
                  "title": "Relation historique et médicale du choléra-morbus de Pologne / par A. Brierre-de-Boismont,..."
            },
            {
                  "doc_url": "https://gallica.bnf.fr/ark:/12148/bpt6k207168q",
                  "emotions": [
                        "disgust"
                  ],
                  "excerpt": "PrécipitébIanc .tt LIQUIDE INCOLORE , ODEUR FORTE DE VINAIGRE .ActDEACETiquE .",
                  "id": "5",
                  "title": "Médecine légale, théorique et pratique : avec le texte et l'interprétation des lois relatives à la médecine légale. T. 2 / par A. Devergie,... ; revus et annotés par J.-B.-F. Dehaussy de Robécourt,..."
            },
            {
                  "doc_url": "https://gallica.bnf.fr/ark:/12148/bpt6k57723394",
                  "emotions": [
                        "disgust",
                        "fear",
                        "indifference"
                  ],
                  "excerpt": "Pharynx sec , strié de blanc un peu rouge ; piliers minces , amygdales petites , luette atrophiée ; épiglotte un peu congestionnée ; bandes ventriculaires hypertrophiées et pleines de croûtes jaunâtres très adhérentes ; cordes un peu rouges ; entre elles , croûtes très grosses qui se continuent dans la trachée .Quand le malade parle ou qu ' ilrëspire on sent une odeur fade et écoeurante .Traitement .",
                  "id": "6",
                  "title": "Contribution à l'étude du traitement des affections pulmonaires et laryngées par les injections intra-trachéales / Dr A. Verdier"
            },
            {
                  "doc_url": "https://gallica.bnf.fr/ark:/12148/bpt6k9603509n",
                  "emotions": [
                        "disgust"
                  ],
                  "excerpt": "C ' est bien ce que j ' éprouvai le Jeudi 4 Mars , dans l ' Eglise cathédrale , où je m ' étois rendu à l ' invitation de Meilleurs de la Fabrique & du Cha - ' pitre .Le pavé avoir été arrosé récemment de vinaigre des quatre voleurs ; & comme son odeur n ' avoit pu couvrir celle de la putréfaction il n ' en résultoit qu ' une sensation mixte d ' autant plus désagréable , que la : fétidité y étoit plus dominante .J ' annonçai à ces Meilleurs , que je croyois pouvoir me flatter de purifier entièrement l ' air de leur Eglise , .",
                  "id": "7",
                  "title": "Observations sur la physique, sur l'histoire naturelle et sur les arts / par M. l'abbé Rozier,..."
            },
            {
                  "doc_url": "https://gallica.bnf.fr/ark:/12148/bpt6k6373811b",
                  "emotions": [
                        "disgust",
                        "annoyance",
                        "disapproval"
                  ],
                  "excerpt": "Y * * A Eckmuhl : routes défoncées , chemins impraticables , à désespérer le plus trainard des & & barbets .Village Lamur , sur la place , c ' est odieux , un marécage puant , fétide , épouvantable .Autour de la fontaine , c ' est innommable .",
                  "id": "8",
                  "title": "La Vie oranaise. Journal d'art et de sport..."
            },
            {
                  "doc_url": "https://gallica.bnf.fr/ark:/12148/bpt6k9610623m",
                  "emotions": [
                        "disgust"
                  ],
                  "excerpt": "Il se présente en masses plus ou moins dures dont l ' intérieur est d ' une teinte qui varie du marron clair au brun rougeâtre .Il présente une odeur forte et vireuse , une saveur amère , âcre , nauséeuse .L ' opium renferme un grand nombre d ' alcaloïdes , dont les principaux sont les suivants : la morphine , la codéine , la thébaïne , la papavérine , la narcotine et la narcéine ; de l ' acide méconique C ' H \" iO > , de la méconine C10H10Ol , de l ' acide lactique , des huiles volatiles , des matières extractives , du caoutchouc , de la gomme , des sulfates de chaux et de potasse .",
                  "id": "9",
                  "title": "Traité de thérapeutique vétérinaire : pharmacodynamie, pharmacothérapie (4e édition) / par M. Kaufmann,..."
            },
            {
                  "doc_url": "https://gallica.bnf.fr/ark:/12148/bpt6k5844498c",
                  "emotions": [
                        "disgust"
                  ],
                  "excerpt": "m .Petite ptante europétnne a odeur nauséeuse , dite oreille dhommt .asbeete [ as - bis - te ] n .",
                  "id": "10",
                  "title": "Larousse classique illustré : nouveau dictionnaire encyclopédique / par Claude Augé..."
            },
            {
                  "doc_url": "https://gallica.bnf.fr/ark:/12148/bpt6k9808240f",
                  "emotions": [
                        "disgust"
                  ],
                  "excerpt": "Tachant le papier en noir , surtout lorsqu ' on l ' y écrase .Odeur ; le frottement en dégage une sulfureuse .CARACT .",
                  "id": "11",
                  "title": "Tableau méthodique des espèces minérales. Distribution méthodique des espèces minérales, indication de leurs caractères et nomenclature de leurs variétés / , 1re [-2e] partie... par J.-A.-H. Lucas,..."
            },
            {
                  "doc_url": "https://gallica.bnf.fr/ark:/12148/bpt6k56104322",
                  "emotions": [
                        "disgust"
                  ],
                  "excerpt": "— Température : eau 11 ° 5 ; air 10 ° 4 .Le cadavre exhale une foilo odeur de décomposition dès qu ' on le sort de l ' eau .Nous notons , en outre , une colorationn ve ni Aire de la région sous - orbitaire dont la peau a sa couche superficielle dégénérée et qui s ' exfolie au moindre contact .",
                  "id": "12",
                  "title": "Contribution à l'étude de la submersion : de la surnatation / par Antonin Rouit,..."
            },
            {
                  "doc_url": "https://gallica.bnf.fr/ark:/12148/bpt6k5526254v",
                  "emotions": [
                        "surprise",
                        "disgust",
                        "fear",
                        "courage",
                        "pain",
                        "embarrassment"
                  ],
                  "excerpt": "La force d ' impulsion m ' étend à terre , où mon assaillant cherché à me maintenir .Un éclair jaillit , et je me trouve en face d ' un affreux orang - outang ; son haleine fétide et brûlante ino suffoque .Devinant les intentions de l ' horrible monstre , je me défends avec l ' énergie qui m ' est propre dans certains moments critiques .",
                  "id": "13",
                  "title": "Aventuriers et pirates, ou Les drames de l'Océan indien : 1re partie, Aventuriers et pirates / par le baron de Wogan"
            },
            {
                  "doc_url": "https://gallica.bnf.fr/ark:/12148/bpt6k5661261s",
                  "emotions": [
                        "disgust"
                  ],
                  "excerpt": "Les urines rendues par le malade sont troubles , d ' aspect sale , renfermant un dépôt phosphalique dont la hauteur dans le verre mesure deux travers de doigt .Elles répandent - une odeur fétide semblable à celle des urines retirées avec la sonde .1 \" avril .",
                  "id": "14",
                  "title": "Cystite pseudo-membraneuse / Dr Arthur Grousset"
            },
            {
                  "doc_url": "https://gallica.bnf.fr/ark:/12148/bpt6k9663843c",
                  "emotions": [
                        "disgust"
                  ],
                  "excerpt": "— Presque aromatique .Le véritable bitume minéral , sans mélange aucun , possède une odeur sui generis qui est loin d ' être désagréable .Cette odeur , très - faible à la température ordinaire , augmente d ' énergie avec la chaleur .",
                  "id": "15",
                  "title": "Dictionnaire industriel à l'usage de tout le monde, ou Les 10,000 secrets et recettes de l'industrie moderne.... I. A-G / par MM. les rédacteurs des \"Annales du génie civil\", E. Lacroix,... directeur de la publication"
            },
            {
                  "doc_url": "https://gallica.bnf.fr/ark:/12148/bpt6k5844498c",
                  "emotions": [
                        "disgust"
                  ],
                  "excerpt": "Bot .Genre d ' orchidées de nos pays , A odeur repoussante .satyrlque adj .",
                  "id": "16",
                  "title": "Larousse classique illustré : nouveau dictionnaire encyclopédique / par Claude Augé..."
            },
            {
                  "doc_url": "https://gallica.bnf.fr/ark:/12148/bpt6k5844498c",
                  "emotions": [
                        "disgust"
                  ],
                  "excerpt": "Mauvais goat , odeur spécial * que l auomite ou un lieu fermé fait contracter A un aliment Par est .Mauvaise odeur quelconque : fe refenf du igoutt .rdevallles a .",
                  "id": "17",
                  "title": "Larousse classique illustré : nouveau dictionnaire encyclopédique / par Claude Augé..."
            },
            {
                  "doc_url": "https://gallica.bnf.fr/ark:/12148/bpt6k5844498c",
                  "emotions": [
                        "disgust",
                        "boredom"
                  ],
                  "excerpt": [
                        "aptinthion ) .Genre de composées amerea et aromatiques .Liqueur alcoolique alcoolique areecetU pUnte : ( abus de l ' absinthe entraîne de grate * inconvénients , ftg .",
                        "m .Résine odorante .fournie par te ttyrar , et employée en pharmacie ."
                  ],
                  "id": "18",
                  "title": "Larousse classique illustré : nouveau dictionnaire encyclopédique / par Claude Augé..."
            },
            {
                  "doc_url": "https://gallica.bnf.fr/ark:/12148/bpt6k207168q",
                  "emotions": [
                        "disgust"
                  ],
                  "excerpt": "La moelle épinière est détruite ses enveloppes existent , et tenrcavité estremplie de vers blancs .L ' odeurqu ' exhatent ces organes est des plus infectes .La dure - mère , la seule des membranes de l ' encéphale que l ' on puisse reconnaitre , est assez résistante , entière , et offre tous ' les caractères des membranes séreuses .",
                  "id": "19",
                  "title": "Médecine légale, théorique et pratique : avec le texte et l'interprétation des lois relatives à la médecine légale. T. 2 / par A. Devergie,... ; revus et annotés par J.-B.-F. Dehaussy de Robécourt,..."
            },
            {
                  "doc_url": "https://gallica.bnf.fr/ark:/12148/bpt6k58159159",
                  "emotions": [
                        "disgust",
                        "greed"
                  ],
                  "excerpt": "Il y avait en Asie , un individu atteint de ladrerie , qui par son voisinage et son contact avait communiqué son affection à plusieurs .Il était à ce point gâté , corrompu , repoussant et puant qu ' on lui fit une demeure complètement isolée au - dessus d ' une colline près d ' une fontaine où on lui portait à boire et à manger , autant qu ' il en avait besoin .Il advint qu ' au moment des canicules où l ' on moissonnait , on apporta du fort bon vin aux moissonneurs , lequel vin fut laissé dans le champ par celui qui l ' avait apporté et qui s ' en était retourné .",
                  "id": "20",
                  "title": "Curiosités de l'histoire des remèdes, comprenant des recettes employées au moyen âge dans le Cambrésis / par le Dr H. Coulon,..."
            }
      ]
}