{
      "articles": [
            {
                  "doc_url": "https://gallica.bnf.fr/ark:/12148/bpt6k6525736j",
                  "emotions": [
                        "disgust"
                  ],
                  "excerpt": "— Gamase des fourrages .s épaissit , s ' infiltre , se plisse , dans le fond des plis , exsudation d ' odeur infecte .b ) G .",
                  "id": "1",
                  "title": "Aide-mémoire du vétérinaire : médecine, chirurgie, obstétrique, formules, police sanitaire et jurisprudence commerciale / par H.-J. Gobert,..."
            },
            {
                  "doc_url": "https://gallica.bnf.fr/ark:/12148/bpt6k6116733c",
                  "emotions": [
                        "disgust"
                  ],
                  "excerpt": "forte , suave , un peu stupéfiante , l ' une sav .aromatique amère ; teignant la salive en jaune .Sa foudre est presque rouge .",
                  "id": "2",
                  "title": "Aide-mémoire de pharmacie, vade-mecum du pharmacien à l'officine et au laboratoire, par Eusèbe Ferrand,..."
            },
            {
                  "doc_url": "https://gallica.bnf.fr/ark:/12148/bpt6k58248578",
                  "emotions": [
                        "disgust"
                  ],
                  "excerpt": "Elle n ' a point d ' odeur : 5 .maissa saveur esttrès - âcre et ourlante .Cette racine est fort active et .",
                  "id": "3",
                  "title": "Cours d'étude pharmaceutique par B. (Bouillon) Lagrange,.... Tome 2"
            },
            {
                  "doc_url": "https://gallica.bnf.fr/ark:/12148/bpt6k9607821c",
                  "emotions": [
                        "disgust",
                        "disapproval"
                  ],
                  "excerpt": ", etc .Je vous laisse à penser l ' infection causée par ces cloaques qui répandaient dans la ville ces abominables odeurs .Arrivons en 1830 , et nous assisterons au nettoyage régulier des égouts par les eaux du canal de l ' Ourcq ; progrès .",
                  "id": "4",
                  "title": "L'eau (3e éd. revue et augmentée) / par Gaston Tissandier ; ouvrage illustré de 86 vignettes par A. de Bar, Clerget, Riou, Jahandier, etc."
            },
            {
                  "doc_url": "https://gallica.bnf.fr/ark:/12148/bpt6k91883s",
                  "emotions": [
                        "disgust"
                  ],
                  "excerpt": "On maintient la température à ce terme , on modère , de plus en plus , l ' ébullition dans la chaudière A , et l ' on reçoit , dans l ' éprouvette des produits alcooliques marquant 39 ' Cartier ou 94 ' centésimaux , dont les premières parties .encore infectées de t ' odeur éthérée , sont mises a part .On recueille enflu du l ' alcool sensiblement exempt de mauvaise odeur , et dont on soutient le plus longtemps possible le degré en ménageant bien ta distillation .",
                  "id": "5",
                  "title": "Précis de chimie industrielle : à l'usage des écoles préparatoires aux professions industrielles, des fabricants et des agriculteurs / par A. Payen,..."
            },
            {
                  "doc_url": "https://gallica.bnf.fr/ark:/12148/bpt6k54549881",
                  "emotions": [
                        "disgust",
                        "pain"
                  ],
                  "excerpt": "Dans le premier cas , outre qu ' elle perd fa faveur , & qu ' il Vu 5 * 0 ( 5 Du POISSON ne lui reste qu ' un goût fade , elle est coriasse & indigeste , i ' eau l ' ayant dépouillé de ses sels .Dans le second , il lui reste un goût piquant , & elle échauffe beaucoup .II en est qui prétendent que la merluchç ^ est autre chose que la morue qu ' on a salée & fait sécher ; d ' autres soutiennent que c ' est un pois .",
                  "id": "6",
                  "title": "La science du maître d'hôtel cuisinier , avec des observations sur la connaissance & propriétés des alimens"
            },
            {
                  "doc_url": "https://gallica.bnf.fr/ark:/12148/bpt6k6155838k",
                  "emotions": [
                        "disgust"
                  ],
                  "excerpt": "Tout cela , mêlé à la LOUIS LAMBERT .313 boue que nous rapportions des cours , formait un fumier d ' une puanteur insupportable .La privation de l ' air pur et parfumé des campagnes et des bois dans lequel il avait jusqu ' alors vécu , le changement de ses habitudes , la discipline , tout contrista donc Lambert .",
                  "id": "7",
                  "title": "Nouveaux contes philosophiques, par M. de Balzac. Maître Cornélius ; Madame Firmiani ; L'Auberge rouge ; Louis Lambert"
            },
            {
                  "doc_url": "https://gallica.bnf.fr/ark:/12148/bpt6k6467393p",
                  "emotions": [
                        "disgust"
                  ],
                  "excerpt": "L ' infernal génie , qui déchire une partie de la république , était parvenu à diviser les citoyens , les amis , les frères , les époux et leurs infortunés enfants .Des exhalaisons sulfureuses enveloppaient la cité de Clamecy : dans un instant , elles ont été consumées au feu de la liberté .Tous les citoyens se sont rapprochés , se sont embrassés ; les chants d ' allégresse , les danses , les sons patriotiques d ' une musique guerrière , les salves d ' artillerie , les cris prolongés de Vive la Montagnet Vive la Constitution t ont annoncé à toutes les communas voisines la fête de la réunion générale et civique autour de l ' arbre de la liberté , etc .",
                  "id": "8",
                  "title": "Éphémérides clamecicoises : mémorial journalier de faits, actes et documents de toute nature pouvant intéresser la ville de Clamecy et son histoire / par A. Sonnié-Moret"
            },
            {
                  "doc_url": "https://gallica.bnf.fr/ark:/12148/bpt6k6309724j",
                  "emotions": [
                        "disgust"
                  ],
                  "excerpt": "La saveur du sublimé corrosif est excessivement âcre et caustique ; elle est accompagnée d ' un sentiment de stypticité métallique très - forte , et suivie d ' un resserrement à la gorge , qui persiste pendant quelque temps : sa pesanteur spécifique est de 5 , 1398 .Mis sur les charbons ardens , le sublimé corrosif pulvérisé se sublime , et répand une fumée épaisse , d ' une odeur piquante , rougissant le papier de tournesol , et ternissant une lame de cuivre parfaitement décapée : lorsqu ' on frotte la partie ternie , elle acquiert la couleur blanche , brillante , argentine , qui caractérise le mercure .Si l ' on chauffe graduellement et pendant cinq ou six minutes dans un tube de verre étroit , et long de vingt - cinq à vingt - huit centimètres , un mélange pulvérulent de sublimé corrosif et de potasse à l ' alcohol , ou de pierre à cautère , ou de sous - carbonate de potasse , on obtient du mercure métallique qui se volatilise , et vient se condenser sur les parois de la partie moyènne du tube , du gaz oxygène qui se dégage , et du chlorure de potassium qui reste au fond de cet instrument ( ce chlorure est pur , si l ' expérience a été faite avec de la potasse à l ' alcohol ) ; - ce qui prouve que le chlore du sublimé corrosif s ' est combiné avec le potassium de la potasse ; tandis que l ' oxygène et le mercure ont été volatilisés , le premier à l ' état de gaz , le mercure à l ' état de vapeur .",
                  "id": "9",
                  "title": "Traité de médecine légale, par M. Orfila,.... Tome 2"
            },
            {
                  "doc_url": "https://gallica.bnf.fr/ark:/12148/bpt6k9616450p",
                  "emotions": [
                        "disgust"
                  ],
                  "excerpt": "Lorsqu ' ils tombent dans les auges , et qu ' ils se mêlent frais aux fourrages et aux grains , l ' odeur fade .et particulière qu ' ils exhalent , dégoûte les animaux ; cette odeur devient ammoniacale ou urineuse en séchant , les alimens s ' en imprègnent , et les animaux les refusent également : ils les rejettent aussi , lorsqu ' ils les rencontrent sous les dents avec les fourrages .Olivier de Serres a déjà dit que la fiente de la volaille étoit nuisible aux pourceaux ( tome l , Lieu IV , chap .",
                  "id": "10",
                  "title": "Le théâtre d'agriculture et mesnage des champs. Tome 2 / , d'Olivier de Serres,... dans lequel est représenté tout ce qui est requis et necessaire pour bien dresser, gouverner, enrichir et embellir la maison rustique. Nouvelle édition conforme au texte, augmentée de notes et d'un vocabulaire.Tome I [-II, 2e partie]"
            },
            {
                  "doc_url": "https://gallica.bnf.fr/ark:/12148/bpt6k207179f",
                  "emotions": [
                        "disgust",
                        "relief"
                  ],
                  "excerpt": "M .Azaïs se trouvent partout ~ si la vue est ici agréablement satisfaite , l ' odorat en revanche y est outrageusement insulté les émanationsdes canaux et la fumée de la tourbe , voilà les parfums qui y réjouissent le nerf olfactif , et font respirer les gaz méphytiques conjointement avec le zéphyr .Je n ' avais encore vu jusqu ' alors de ville hollandaise que Rotterdam qui ne pue pas , et dontles habitants , sans être hydrophobes , ont l ' eau des bains en aversion mais a La Haye , dont les bourgeois riches se baignent de temps en temps , je me serais volontiers écrié Oui , voici la ville la plus jolie .",
                  "id": "11",
                  "title": "Quatre mois dans les Pays-Bas, voyage épisodique et critique de deux littérateurs dans la Belgique et la Hollande. T. 2 / publ. par M. Lepeintre"
            },
            {
                  "doc_url": "https://gallica.bnf.fr/ark:/12148/bpt6k9807495s",
                  "emotions": [
                        "disgust"
                  ],
                  "excerpt": "L ' espèce que , dès 1 751 , Baschewitz a mentionnée sur l ' île Léthy , que Valentin nomme , d ' après les Malais , cœscœs , et que Seba a figurée , est le couscous blanc très - commun aux Moluques et surtout à la Nouvelle - Irlande , et qu ' on devra retrouver à la Nouvelle - Guinée , à la Louisiane , à Santa - Crux et à Bouka , nommé kapoune par les nègres de la Nou - velle - Irlande , qui en apportaient journellement des individus à bord du vaisseau la Coquille .Ce couscous vit dans les arbres , et malgré le soin avec lequel il se cache , une odeur fétide , fragrante et très - expansible le décèle au loin .Souvent , en parcourant les forêts séculaires de cette île immense , l ' odorat était vivement affecté par les effluves de ce singulier animal .",
                  "id": "12",
                  "title": "Moeurs, instinct et singularités de la vie des animaux mammifères / par R.-P. Lesson,..."
            },
            {
                  "doc_url": "https://gallica.bnf.fr/ark:/12148/bpt6k9618781w",
                  "emotions": [
                        "disgust"
                  ],
                  "excerpt": "Un autre produit africain délaissé actuellement en thérapie , est fourni sous le nom de baume d ' lllyrie ou copahu africain par Il ' Hardwickia mannii .Ce baume de couleur brunâtre , très fluorescent , est un liquide épais , d ' odeur très particulière , aromatique , un peu repoussante ; d ' une saveur fade , huileuse .Il se dissout dans le chloroforme , le benzol , le toluol , un peu dans l ' éther , l ' alcool , l ' acétone , solutés dans lesquels il forme un dépôt blanc .",
                  "id": "13",
                  "title": "De l'embaumement avant et après Jésus-Christ : avec l'analyse de masses résineuses ayant servi à la conservation des corps chez les anciens Egyptiens et les Carthaginois / Dr Louis Reutter"
            },
            {
                  "doc_url": "https://gallica.bnf.fr/ark:/12148/bpt6k58248578",
                  "emotions": [
                        "disgust"
                  ],
                  "excerpt": "Cet arbre croît dans les îles Moluques , mais surtout dans l ' îledeTernate où les Hollandois le cultivent * .L ' odeur des doux de girofles est pénétraïite et agréable ; leur saveur , quoiqu ' agréable aussi , est cependant en même tems acre r - et laisse - une impression de chaleur assezvive .Les doux de girofles sont très - stimulans ; ils sont unis avec raison au nombre - des aro = .",
                  "id": "14",
                  "title": "Cours d'étude pharmaceutique par B. (Bouillon) Lagrange,.... Tome 2"
            },
            {
                  "doc_url": "https://gallica.bnf.fr/ark:/12148/bpt6k889481d",
                  "emotions": [
                        "disgust",
                        "fear"
                  ],
                  "excerpt": "C ’ était le jour , enfin ! La grande salle prit un aspect nouveau , moinsfunèbre , plus vulgaire etplus attristant .Une odeur fade , écœurante et lourde montait d ’ angles obscurs .Les hoquets et les plaintes avaient partout cessé : ceux qui les poussaient s ’ étaient endormis ou avaient succombé .",
                  "id": "15",
                  "title": "Les Morts heureuses, avec préface par Alphonse Daudet / Edmond Lepelletier"
            },
            {
                  "doc_url": "https://gallica.bnf.fr/ark:/12148/bpt6k6116733c",
                  "emotions": [
                        "disgust"
                  ],
                  "excerpt": "— Cristallise en lames qui fondent à - \\ - 16 ° .Au - dessus , il est liquide ; D = l , 063 ; odeur particulière , vive et pénétrante ; saveur piquante , caustique .Act .",
                  "id": "16",
                  "title": "Aide-mémoire de pharmacie, vade-mecum du pharmacien à l'officine et au laboratoire, par Eusèbe Ferrand,..."
            },
            {
                  "doc_url": "https://gallica.bnf.fr/ark:/12148/bpt6k9730198d",
                  "emotions": [
                        "disgust"
                  ],
                  "excerpt": "Il y avait un tabernacle , des cierges , des prêtres couverts d ' ornements ; enfin , d ' une très - petite distance , et en se bouchant le nez et les oreilles , on aurait pu croire à une cérémonie de notre culte .Ce n ' est pas que j ' accuse les Hindous d ' être malpropres ; mais seulement leur odeur leur est particulière , et il est indubitable qu ' il n ' existe pas de foule aussi sale , mal élevée , dangereuse et turbulente , que celle d ' une populace européenne .Aux Indes comme en Chine , dans la foule la plus compacte , on évite de vous marcher sur les pieds ; on ne vous bouscule pas ; on se contente de vous flairer , et ce n ' est que parce qu ' un Européen semble se faire un point d ' honneur de presque toujours s ' y mal conduire , qu ' on le maltraite quelquefois .",
                  "id": "17",
                  "title": "Seize mille lieues à travers l'Asie et l'Océanie : voyage exécuté pendant les années 1858-1861, par le comte Henry Russell-Killough,... : Sibérie, désert de Gobi, Pékin, fleuve Amour, Japon, Australie, Nouvelle-Zélande, Inde, Himalaya. Tome 2"
            },
            {
                  "doc_url": "https://gallica.bnf.fr/ark:/12148/bpt6k4225218r",
                  "emotions": [
                        "disgust"
                  ],
                  "excerpt": "Abandonnons à l ’ air ce qui nous reste de notre première dissolution de blanc d ’ œuf .Au bout de quelques jours , elle prend une odeur nauséabonde et l ’ on reconnaît la présence de Yacide sulfhydrique ILS : l ’ albumine a subi la fermentation putride .027 Action de la chaleur .",
                  "id": "18",
                  "title": "Cours abrégé de chimie : ouvrage rédigé conformément aux nouveaux programmes du 20 juillet 1909... / R. Lespieau,... Ch. Colin,..."
            },
            {
                  "doc_url": "https://gallica.bnf.fr/ark:/12148/bpt6k58248578",
                  "emotions": [
                        "disgust",
                        "disapproval",
                        "despair",
                        "disappointment"
                  ],
                  "excerpt": "Son odeur est aromatique , niais désagréable .Sa saveur est amère .légèrement acre et laisse un peu d ' astriction .",
                  "id": "19",
                  "title": "Cours d'étude pharmaceutique par B. (Bouillon) Lagrange,.... Tome 2"
            },
            {
                  "doc_url": "https://gallica.bnf.fr/ark:/12148/bpt6k1171473x",
                  "emotions": [
                        "joy",
                        "disgust",
                        "optimism",
                        "nostalgia"
                  ],
                  "excerpt": "Courrier inconscient , sur tes ailes tressées Peut - être apportes - tu quelque divin secours ? Quand souffle sans pitié la rafale d ’ automne ; Quand grondent les sapins ; quand le ciel est en feux , Fuis les faîtes abrupts que l ’ orage couronne ! Va chercher un abri dans les gazons soyeux ! Dans leurs réduits touffus , sans craindre la tempête , Dors , calme et confiant , ton tranquille sommeil ! Quand l ’ aube du clocher mordorera le faîte , La paix et la fraîcheur salueront ton réveil ! Crains dans ton vol naïf la ronce qui de ' chire : Elle t ’ attend traîtresse au détour des chemins ! Mais qu ’ un pieux essor t ’ approche de l ’ empire Dont on peut sans périls explorer les confins ! Spa , août 1875 , LES ÉLÉGANCES DU CHAGRIN ÉPITRE A Monsieur le Baron de Reiffenberg ( Milon - sous - Chevreusc ) .Ah ! si vous n ’ avez point un visage joyeux A pre ' senter au monde , Demeurez au logis ; il lui faut des heureux ! L ’ odeur nauséabonde Qu ’ exhale le chagrin le fait fuir sans retard .11 sait bien quelquefois composer son visage ; De la tendre pitié s ’ appliquer le vieux fard , Mais c ’ est pour un moment ; son égoïsme rage .",
                  "id": "20",
                  "title": "Contes macabres et autres, et improvisations poétiques / Jules Nollée de Noduwez"
            }
      ]
}