{
      "articles": [
            {
                  "doc_url": "https://gallica.bnf.fr/ark:/12148/bpt6k9735023w",
                  "emotions": [
                        "disgust",
                        "disapproval"
                  ],
                  "excerpt": "Ses yeux d ' agate , en même temps , se colorèrent d ' une flamme sournoise , dure , vorace .Odile , songeant à François , trouvait ce garçon d ' une laideur assez ridicule , si vulgaire surtout ! Sous les effluves de force qu ' émettait sa jeunesse , elle se maintenait libre et paisible .Mais ses confidences , une minute , 1 * * • etaient un amusement ; et , peut - être , pouvait - elle le rendre meilleur .",
                  "id": "1",
                  "title": "Abel et Caïn : roman / Émile Baumann"
            },
            {
                  "doc_url": "https://gallica.bnf.fr/ark:/12148/bpt6k62780997",
                  "emotions": [
                        "disgust"
                  ],
                  "excerpt": "Le corps entier est frotté d ' huile .De là une odeur repoussante .Dumont d ' Urville rapporte que souvent , pour procéder à cette onction , ils posent des entrailles de poisson sur leur chevelure , et laissent aux rayons solaires le soin de les fondre .",
                  "id": "2",
                  "title": "Les races humaines / par Abel Hovelacque,..."
            },
            {
                  "doc_url": "https://gallica.bnf.fr/ark:/12148/bpt6k42216162",
                  "emotions": [
                        "disgust"
                  ],
                  "excerpt": "L ’ acide prussique ou cyanhydrique est un liquide inco - lore , mobile , bouillant à 26 ° , 5 , c ’ est - à - dire entrant en vapeur pendant les chaleurs de l ’ été .Il possède en solution extrêmement étendue une odeur agréable de kirsch qui devient repoussante et suffocante , quand l ’ acide est concentré .Le cyanure de potassium commercial est un sel blanc , d ’ aspect saccharoïde ; il exhale une odeur d ’ amande amère par suite d ’ une décomposition partielle que lui l ' ait subir l ’ acide carbonique de l ’ air .",
                  "id": "3",
                  "title": "Traité des poisons (hygiène industrielle, chimie légale) / par Louis Hugounenq,..."
            },
            {
                  "doc_url": "https://gallica.bnf.fr/ark:/12148/bpt6k2066934",
                  "emotions": [
                        "disgust",
                        "anger",
                        "desire",
                        "courage",
                        "excitement"
                  ],
                  "excerpt": ".e , comme un encensoir Et je ferai sortir , en blanchissante écume , Le foutre parfumé de ce rude flacon , Et je transvaserai cette liqueur qui fume Dans le vase de votre c ..",
                  "id": "4",
                  "title": "L'oeuvre libertine des poètes du XIXe siècle : Alfred de Musset, Barbey d'Aurevilly, Léon Gozlan, Victor Hugo, Henri Murger, Béranger, Roger de Beauvoir, Théophile Gautier, Charles Baudelaire, Charles Monselet, Albert Glatigny, Auguste Vacquerie, Stéphane Mallarmé, Paul Verlaine, etc, etc... / pièces recueillies par Germain Amplecas [G. Apollinaire]..."
            },
            {
                  "doc_url": "https://gallica.bnf.fr/ark:/12148/bpt6k3043328q",
                  "emotions": [
                        "disgust"
                  ],
                  "excerpt": "On doit aussi leur enfoncer du coton dans les narines , à cause de l ’ humeur fétide qui en sort ordinairement .Cette sanie est d ’ une odeur excessivement désagréable dans les vautours , et si pénétrante , que , lorsque leur plumage en a été humecté , rien ne peut enchâsser l ’ odeur , même après la préparation .Lorsqu ’ on fera cette opération , il faudra bien se donner de garde d ’ altérer les formes des narines et des coins de la bouche , car , ainsi que nous l ’ avons dit , dans beaucoup d ’ espèces : elles offrent des caractères spécifiques et génériques .",
                  "id": "5",
                  "title": "Nouveau manuel du naturaliste préparateur ou L'art d'empailler les animaux, de conserver les végétaux et les minéraux, de préparer les pièces d'anatomie normale et pathologique ; suivi d'Un traité des embaumements (Nouvelle éd.) / par M. Boitard,..."
            },
            {
                  "doc_url": "https://gallica.bnf.fr/ark:/12148/bpt6k6136730p",
                  "emotions": [
                        "disgust"
                  ],
                  "excerpt": "— Maladie des chevaux qui les fait souffler extraordinairement et battredu flanc .— Exhalaisons suffocantes dans les souterrains des mines .— Pop .",
                  "id": "6",
                  "title": "Dictionnaire général et grammatical des dictionnaires français... par Napoléon Landais,.... Tome 2"
            },
            {
                  "doc_url": "https://gallica.bnf.fr/ark:/12148/bpt6k57014360",
                  "emotions": [
                        "disgust"
                  ],
                  "excerpt": "à leur lancer des bâtons et des pierres , et à les faire partir , effarouchées , clans toutes les directions .Ces chauves - souris poussent des cris aigus , décrivent des orbes fantastiques , font un A ' acarme épouA ' antable et répandent une odeur infecte , mais nos bons mathurins se sont bien amusés , et plus tard , quand on leur parlera des ruines d ' Angkor , ils en causeront comme des connaisseurs .Ne les ont - ils pas explorées , eux aussi ? Les deux abbés partent à la pointe du jour pour faire des photographies ; ils en font même encore le soir au magnésium .",
                  "id": "7",
                  "title": "Aux colonies d'Asie et dans l'Océan Indien / G. Verschuur"
            },
            {
                  "doc_url": "https://gallica.bnf.fr/ark:/12148/bpt6k165960v",
                  "emotions": [
                        "disgust"
                  ],
                  "excerpt": "Quelquefois doué d ' une influence peu marquée sur les organisations qui s ' y trouvent exposées , d ' autres fois il contracte une activité essentiellement délétère quand il pénètre dans l ' estomac ou le torrent circulatoire .Ce n ' est donc pas sans raison qu ' on doit se tenir éloigné des émanations des malades , et qu ' on doit obéir au mouvement tout instinctif de répugnance qui nous avertit de leur nuisible influence .Dès lors il faut avoir la précaution de ne pas se servir dès vêtements et du linge des personnes qui ont été longtemps et dangereusement malades .",
                  "id": "8",
                  "title": "Médecine homoeopathique domestique, par le Dr C. Hering... avec addition des Drs Goullon, Gross et Staph... Traduit de l'allemand sur la 5e édition par la \"Gazette homoeopathique de Bordeaux\", publiée par le docteur Léon Marchant (3e éd.)"
            },
            {
                  "doc_url": "https://gallica.bnf.fr/ark:/12148/bpt6k30677299",
                  "emotions": [
                        "disgust"
                  ],
                  "excerpt": "Plus le savon est sec , plus il présente cette transparence .Le savon d ’ os ou savon à la gélatine se reconnaît à sa couleur foncée , à son manque de transparence sur les bords et à son odeur désagréable de colle forte ; le savon fait avec la graisse des intestins d ’ animaux a une odeur répugnante d ’ excréments , cela devient encore plus manifeste par l ’ action de la chaleur .Quand on a ajouté au savon de la silice non combinée , on en reconnaît facilement la présence en dissolvant le savon suspect dans de l ’ alcool ; la silice ne sera pas dissoute .",
                  "id": "9",
                  "title": "Manuel commercial d'analyse chimique ou Instructions pratiques pour déterminer la valeur intrinsèque ou commerciale des substances employées dans les manufactures, le commerce et les arts (Nouvelle édition considérablement... augmentée) / par A. Normandy,... ; traduit et remis au courant des connaissances scientifiques actuelles, par L. Quéry et L. Debacq,..."
            },
            {
                  "doc_url": "https://gallica.bnf.fr/ark:/12148/bpt6k9349675",
                  "emotions": [
                        "disgust"
                  ],
                  "excerpt": "Pour débarrasser les chiens des puces : Procurez - vous un lïtt de pétrole vide ; défoncez un des bouts ; arrangez le fût de façon à ce qu ’ il puisse servir de niche ( sans jeu de mots ) à voire chien qui devra passer là - dedans tous ses moments de loisirs , ( les fûts coûtent peu , et durent indéfiniment .L ’ odeur du pétrole est excessivement désagréable aux puces , elle les éloigne toutes , lin revanche cette odeur n incommode aucunement les chiens .S ’ intéresser au Médecin de la Famille c ’ est se tenir au courant des progrès de la Médecine POUR LES CONSTIPÉS P eu de lecteurs du Médecin de la Famille — mes honorables confrères mis à part — doivent lire les comptes - rendus de l ’ Académie de Médecine et s ’ intéresser aux travaux et discussions de cette docte assemblée .",
                  "id": "10",
                  "title": "Le Médecin de la famille : mensuel illustré : organe de vulgarisation médicale et scientifique"
            },
            {
                  "doc_url": "https://gallica.bnf.fr/ark:/12148/bpt6k9737198k",
                  "emotions": [
                        "disgust"
                  ],
                  "excerpt": ".douceur nauséabonde .— Addit .",
                  "id": "11",
                  "title": "Oeuvres complètes de Stendhal. Le rouge et le noir. Tome 2 / Stendhal ; texte établi et annoté avec une introduction historique par Jules Marsan ; préface de Paul Bourget"
            },
            {
                  "doc_url": "https://gallica.bnf.fr/ark:/12148/bpt6k1234615",
                  "emotions": [
                        "disgust",
                        "anger",
                        "disapproval",
                        "doubt"
                  ],
                  "excerpt": "B .DitJstfEDtC , puant , qui fent mauvais detagreable .G .",
                  "id": "12",
                  "title": "Mémoires sur la langue celtique. T3 / ... par M. Bullet,... Tome Ier. - (Tome II-III contenant la première-deuxième partie du Dictionnaire celtique)"
            },
            {
                  "doc_url": "https://gallica.bnf.fr/ark:/12148/bpt6k96298590",
                  "emotions": [
                        "disgust",
                        "greed"
                  ],
                  "excerpt": "adv .qui a une odeur rcpous - J sante , rance .SIGNIFICATIONS M m g dans H g • ri S a g LEUR ORDRE GENEALOGIQUE , MOTS « & I RACINES ANALOGIES depuis le sens primitif 5 « 2 .",
                  "id": "13",
                  "title": "Analogies constitutives de la langue allemande avec le grec et le latin, expliquées par le samskrit / par C. Schoebel,..."
            },
            {
                  "doc_url": "https://gallica.bnf.fr/ark:/12148/bpt6k107001g",
                  "emotions": [
                        "disgust",
                        "annoyance",
                        "boredom"
                  ],
                  "excerpt": "Le docteur Brugmans .Odeur insupportable des canaux d ' Amsterdam .Variations de ! a température – Uoutevard extencur .",
                  "id": "14",
                  "title": "Voyage dans la Belgique, la Hollande et l'Italie. T. 1 / par feu André Thouin,... ; réd. sur le journal autographe de ce savant professeur par le baron Trouvé,..."
            },
            {
                  "doc_url": "https://gallica.bnf.fr/ark:/12148/bpt6k8512997",
                  "emotions": [
                        "disgust",
                        "annoyance"
                  ],
                  "excerpt": ".et l ’ odeur désagréable .» La gorge ne nous offre aucun symptôme spécial .",
                  "id": "15",
                  "title": "Les névroses traumatiques : étude pathogénique & clinique / par le Dr Crocq fils..."
            },
            {
                  "doc_url": "https://gallica.bnf.fr/ark:/12148/bpt6k30632908",
                  "emotions": [
                        "disgust"
                  ],
                  "excerpt": "— Outre la salive , le suc gastrique , la bile et le suc pancréatique , dont nous avons déjà parlé , il faut encore compter parmi les humeurs qui résultent de la sécrétion , l ’ urine , la sueur , le lait , les mucosités et les larmes .L ’ urine est un liquide d ’ une couleur jaune , d ’ une saveur amère et salée , et d ’ une odeur nauséabonde .Elle est généralement composée ( t ) Les follicules les plus remarquables sont ceux de l ’ estomac , et en général ceux des membranes muqueuses ; mais il en existe encore d ’ autres , qui sécrètent une espèce d ’ huile ou de suif .",
                  "id": "16",
                  "title": "Eléments d'histoire naturelle / par M. l'abbé E. C******,..."
            },
            {
                  "doc_url": "https://gallica.bnf.fr/ark:/12148/bpt6k5710234f",
                  "emotions": [
                        "disgust",
                        "annoyance",
                        "disapproval",
                        "pain",
                        "embarrassment",
                        "disappointment"
                  ],
                  "excerpt": "Ça pute , — - .ça sent mauvais .158 : FUTILLE ■ — QUAND ET Pu tille ( Mj .",
                  "id": "17",
                  "title": "Glossaire étymologique et historique des patois et des parlers de l'Anjou : comprenant le glossaire proprement dit, des dialogues, contes, récits et nouvelles en patois, le folk-lore de la province / par A.-J. Verrier,... R. Onillon..."
            },
            {
                  "doc_url": "https://gallica.bnf.fr/ark:/12148/bpt6k4225208c",
                  "emotions": [
                        "disgust",
                        "disapproval"
                  ],
                  "excerpt": "— J ’ en ai entendu parler .On dit que c ’ est détestable à prendre , à cause de sa puante odeur de poisson pourri .La manière dont on l ’ obtient me rend compte de son infection .",
                  "id": "18",
                  "title": "Le ménage : causeries d'Aurore avec ses nièces sur l'économie domestique : lectures courantes à l'usage des écoles de filles (2e édition) / par J. Henri Fabre,..."
            },
            {
                  "doc_url": "https://gallica.bnf.fr/ark:/12148/bpt6k5620885v",
                  "emotions": [
                        "disgust"
                  ],
                  "excerpt": "La bile a pour fonction d ' émulsionner les corps gras ; tout le monde sait le parti que les dégraisseurs tirent de eette propriété par l ' emploi fréquent qu ' ils font de la bile du boeuf et du mouton .Elle est liquide , filante , visqueuse , ordinairement colorée en vert foncé ; elle a une saveur amère , laissant un ' arrière - goût douceâtre ; elle a une odeur nauséabonde .Galien et les médecins de l ' antiquité croyaient que la bile était sans influence sur la digestion , et il résulte des .",
                  "id": "19",
                  "title": "Nouvelles recherches sur les maladies chroniques de l'estomac, leurs véritables causes et le traitement qui leur convient, par le Dr Rochon,..."
            },
            {
                  "doc_url": "https://gallica.bnf.fr/ark:/12148/bpt6k2066934",
                  "emotions": [
                        "disgust",
                        "nervousness"
                  ],
                  "excerpt": "Moins chaudes sont , l ' été , les brises langoureuses Qui montent quand la lune luit , Quand les fleurs vont crispant leurs urnes amoureuses Aux sombres baisers de la nuit .C ' est un vin capiteux dont la saveur enivre C ' est un sperme immatériel , Un fluide odorant qui tue et fait revivre Feu de l ' enfer , ardeur du ciel Ce parfum sensuel et nerveux qui s ' exhale , Qui s ' acharne à nous obséder C ' est le flux d ' une chair ardente et virginale , C ' est le parfum qui fait b .Épiphane SIDREDOULX .",
                  "id": "20",
                  "title": "L'oeuvre libertine des poètes du XIXe siècle : Alfred de Musset, Barbey d'Aurevilly, Léon Gozlan, Victor Hugo, Henri Murger, Béranger, Roger de Beauvoir, Théophile Gautier, Charles Baudelaire, Charles Monselet, Albert Glatigny, Auguste Vacquerie, Stéphane Mallarmé, Paul Verlaine, etc, etc... / pièces recueillies par Germain Amplecas [G. Apollinaire]..."
            }
      ]
}