{
      "articles": [
            {
                  "doc_url": "https://gallica.bnf.fr/ark:/12148/bpt6k55181751",
                  "emotions": [
                        "disgust"
                  ],
                  "excerpt": "Il ne faut pas confondre le cor avec la plaque muqueuse interdigitale .Le premier exhale la mauvaise odeur spéciale à chaque individu , la seconde , une odeur repoussante , tout à ( ait caractéristique .Il y a également une différence entre les squammes plantaires et les callosités produites par la marche et la chaussure .",
                  "id": "1",
                  "title": "Des maladies vénériennes et de leur traitement d'après les doctrines du Dr Ricord / par le Dr E. Clément,..."
            },
            {
                  "doc_url": "https://gallica.bnf.fr/ark:/12148/bpt6k5544337m",
                  "emotions": [
                        "disgust"
                  ],
                  "excerpt": "— 74 — entraînant au dehors tous les principes du résidu sanguin cholérique , dissous .Cette transpiration est nauséabonde , éminemment miasmatique , on doit en éviter autant que possible le contact : le malade se trouve , pour ainsi dire , dans un bain de vapeur , il étoufferait infailliblement si on le laissait longtemps dans cet état .Il faut préparer du linge propre , chauffé , essuyer prestement toutes les parties du corps , lui donner une autre chemise , et administrer ensuite un troisième bol dans lequel on peut ne mettre que moitié d ' un petit verre de vermifuge , selon quelles premiers bols auront opéré .",
                  "id": "2",
                  "title": "Précis historique et guérison du choléra épidémique : son origine, sa marche, ses progrès, moyens curatifs... / par A. Giraud, de Valbonne,..."
            },
            {
                  "doc_url": "https://gallica.bnf.fr/ark:/12148/bpt6k5758348d",
                  "emotions": [
                        "disgust"
                  ],
                  "excerpt": "Couleur jaunâtre , un peu bronzée quand la maturité est complète .La pulpe est douce , juteuse , vineuse , ayant un bouquet musqué ; — parfum délicat pour certains goûts , répugnant pour d ' autres .Additionné de sucre ou d ' eau - devie , ou des deux ensemble , il fait un bon et agréable cordial , d ' un arôme .",
                  "id": "3",
                  "title": "Les Vignes américaines, catalogue illustré et descriptif, avec de brèves indications sur leur culture, par MM. Bush et fils et Meissner,... ouvrage traduit de l'anglais par Louis Bazille,... revu et annoté par J.-E. Planchon,..."
            },
            {
                  "doc_url": "https://gallica.bnf.fr/ark:/12148/bpt6k9621935f",
                  "emotions": [
                        "disgust"
                  ],
                  "excerpt": "Il s ' altère vite , quelque soin que l ' on prenne pour le conserver ; il se pelotonne , devient aigre et peut occasionner des coliques ou des indigestions .Il doit être rejeté quand la saveur est âcre et l ' odeur nauséabonde .La farine d ' orge est souvent donnée en barbottages ; mais elle s ' altére comme le son et peut devenir dangereuse .",
                  "id": "4",
                  "title": "Le vétérinaire moderne, ou Traité simple et pratique de l'art vétérinaire mis à la portée de tous / par H.-C. Debry,..."
            },
            {
                  "doc_url": "https://gallica.bnf.fr/ark:/12148/bpt6k503942r",
                  "emotions": [
                        "disgust",
                        "fear",
                        "faith"
                  ],
                  "excerpt": "A ce moment , la plupart des maisons croulaient , incendiées , et tous , hommes , femmes , enfants se réfugièrent dans l ' église , qui construite en partie en pierres offrait une résistance de plus longue durée .L ' action se termina bientôt , mais d ' une effroyable manière : le toit de l ' église prit feu et s ' affaissa en nappe de flammes sur les malheureux entassés pêlemêle et clamant des prières , engloutissant d ' un seul coup cinq cents créatures humaines ! Aujourd ' hui l ' odeur qui se dégage de ce charnier est effroyable .Des ouvriers que les chrétiens engagèrent pour déblayer les décombres et ensevelir décemment les restes de ces malheureux , se déclarèrent incapables de continuer leur lugubre besogne et pourtant les Chinois ne sont pas d ' un odorat délicat .",
                  "id": "5",
                  "title": "En Mongolie, 15 juin-22 septembre 1902 / Cte de Lesdain,..."
            },
            {
                  "doc_url": "https://gallica.bnf.fr/ark:/12148/bpt6k91693j",
                  "emotions": [
                        "disgust"
                  ],
                  "excerpt": "C ' eft le plus léger des métaux Il perd dans l ' eau , étant pefé a la balance hydrottauque environ un Septième de fon poids .L ' ératn , étant frotté avec tes mains , exhale une odeur défagréable qui lui e & particutiete il a une faveur qui n ' e ~ pas moins < Mtagteab ! e .Lotfqu ' on ! c ptoie il fait un petit bmit comme s ' il fe caffoit qnoiqu ' it ne pat0t ( ! e aucune gerçure où on la ployé : c ' e ~ ce que l ' on nomme c ~ t ~ ae ~ ~ ou cri de l ' étain .",
                  "id": "6",
                  "title": "Chymie expérimentale et raisonnée. Tome 2 / , par M. Baumé,..."
            },
            {
                  "doc_url": "https://gallica.bnf.fr/ark:/12148/bpt6k6149169p",
                  "emotions": [
                        "disgust"
                  ],
                  "excerpt": ") .- Goût piquant semblable à celui de la menthe poivrée , avec sensation de ehaleur montant de la gorge dans la bouehe , qui persiste et s ' accompagne de nausées et de soulèvements de coeur .- Goût putride , comme de fumier , dans la bouche .",
                  "id": "7",
                  "title": "Traité de matière médicale homoeopathique... traduit... par Dr Léon Simon,... Dr Vt-Léon Simon,..."
            },
            {
                  "doc_url": "https://gallica.bnf.fr/ark:/12148/bpt6k42378550",
                  "emotions": [
                        "disgust"
                  ],
                  "excerpt": "Ce goût n ’ a pas été luivi , au rapport de Pline ; les Cen - feurs défendirent à Rome qu ’ on en fervît fur les tables r parce que leur chair eft de trop difficile digeftion .Au refte , il n ’ y a que le loir qui foit mangeable ; le lérot a la chair mauvaife & d ’ une odeur défagréable ..",
                  "id": "8",
                  "title": "Dictionnaire raisonné universel d'histoire naturelle, contenant l'histoire des animaux, des végétaux et des minéraux, et celle des corps célestes, des météores et autres principaux phénomènes de la nature, avec l'histoire et la description des drogues simples tirées des trois règnes et le détail de leurs usages dans la médecine, dans l'économie domestique et champêtre et dans les arts et métiers, par M. Valmont de Bomare,.... Tome 3"
            },
            {
                  "doc_url": "https://gallica.bnf.fr/ark:/12148/bpt6k97576961",
                  "emotions": [
                        "disgust"
                  ],
                  "excerpt": "Ses fleurs sont marbrées de bleu - pourpre et de blanc .Elle exhale une odeur aromatique très puissante .Dans les jardins elle sera un sous - arbrisseau J ' UStique , fleurissant en juillet .",
                  "id": "9",
                  "title": "Travaux horticoles mensuels présentés à la Société impériale d'horticulture pratique du Rhône / par C.-F. Willermoz,..."
            },
            {
                  "doc_url": "https://gallica.bnf.fr/ark:/12148/bpt6k5562170g",
                  "emotions": [
                        "disgust",
                        "disapproval"
                  ],
                  "excerpt": "Le sage est celui qui fait ce qui lui plaît sans s ' occuper du qu ' en diraton .Est - ce que l ' odeur du cigare vous serait désagréable , mesdemoiselles ? — Non , monsieur , pas du tout ; au contraire , j ' aime beaucoup cette odeur - là ..",
                  "id": "10",
                  "title": "La mare d'Auteuil / Paul de Kock"
            },
            {
                  "doc_url": "https://gallica.bnf.fr/ark:/12148/bpt6k102254k",
                  "emotions": [
                        "disgust"
                  ],
                  "excerpt": "L ' autre , qui eft plus rccncfchéc , les a étroites & découpces ; & la uoilieme : l les feuilles étroites & non découpées .Ces arbrifrealix ne font rechefchés qu ' : l caufc de l ' anrémeiit qu ' on retire de leurs fleurs , qui font odorantes & prinranieres .Leur dlfpolition en grappe , forme un coup d ' œil agréable @ Le Siringa cft employé aux mèmes ufages que re Lilas ; & comme on l ' éleve avec beaucoup de facilité , on le trouve prefque par - tout .",
                  "id": "11",
                  "title": "Voyage littéraire de Provence , contenant tout ce qui peut donner une idée de l'état ancien et moderne des villes,... l'histoire naturelle,... et cinq lettres sur les trouvères et les troubadours, par M. P. D. L."
            },
            {
                  "doc_url": "https://gallica.bnf.fr/ark:/12148/bpt6k122815x",
                  "emotions": [
                        "disgust",
                        "anger",
                        "greed"
                  ],
                  "excerpt": "Si nous auions autant de cure de - la fiin & eté de nos .âmes , comme de lafantédenos corps , flous fuyrionsoencores plus prompte - ment la contagieufe fréquentation des pecheurs corrompus , que celle des lepreux , ils ont le venin dafpic foubs la langue , l ' haleine puante de mefdifance , des yeux de bafilic qui tuënt en vengeances ce ne font en fin qu ' ordures 8c immûdicitez , quedeprauatiôs qui fcan .daldent & gaftent , qu infections deteftables .",
                  "id": "12",
                  "title": "Les diversitez de Messire Jean-Pierre Camus,.... Tome 9 / Tome septiesme -dixiesme"
            },
            {
                  "doc_url": "https://gallica.bnf.fr/ark:/12148/bpt6k9621935f",
                  "emotions": [
                        "disgust"
                  ],
                  "excerpt": "— Elle débute par l ' apparition de pété - chies de diverses dimensions sur les muqueuses et en particulier sur la muqueuse nasale .Il y a un jetage de mauvaise nature et l ' air expiré a une odeur fade quelque fois fétide .En même temps qu ' il se forme de ces taches rouges , on voit survenir aux membres , aux lèvres et sous le ventre , des engorgements souvent circonscrits comme par le bourrelet .",
                  "id": "13",
                  "title": "Le vétérinaire moderne, ou Traité simple et pratique de l'art vétérinaire mis à la portée de tous / par H.-C. Debry,..."
            },
            {
                  "doc_url": "https://gallica.bnf.fr/ark:/12148/bpt6k109862z",
                  "emotions": [
                        "disgust",
                        "annoyance"
                  ],
                  "excerpt": "Chloruré de barium très - acide , précipité blanc de \\ sulfate .Une autre portion B fut divisée avec des ciseaux , carbonisée convenablement avec de l ' acide sulfurique pur , l ' odeur était très - désagréable et d ' une fétidité extrême .Le charbon très - acide et très - palvérulent traité par l ' eau diàtillée , donna un liquide à peine coloré , qui fut essayé par l ' appareil de Marsh .",
                  "id": "14",
                  "title": "De l'embaumement chez les anciens et chez les modernes et des conservations d'anatomie normale et pathologique / par M. le docteur Sucquet,..."
            },
            {
                  "doc_url": "https://gallica.bnf.fr/ark:/12148/bpt6k58031629",
                  "emotions": [
                        "disgust"
                  ],
                  "excerpt": "On l ' obtient en traitant le crésylol LE CHOLERA .141 impur de houille par la potasse en présence de corps gras et résineux , c ' est un liquide brunâtre a3 ^ ant une odeur pénétrante de créosote .Il donne avec l ' eau ordinaire une solution blanche .",
                  "id": "15",
                  "title": "Le choléra, ses causes, moyens de s'en préserver / par le Dr G. Daremberg,..."
            },
            {
                  "doc_url": "https://gallica.bnf.fr/ark:/12148/bpt6k42378550",
                  "emotions": [
                        "disgust"
                  ],
                  "excerpt": "Il découle , avec ou fans incifion , de l ’ écorce de cet arbre un baume odorant ôc très - pénétrant , qui s ’ appelle aufli Liquidambar , Li qui damb arum .Ce fuc réfi - neux eft d ’ une confiftance de vernis gras , d ’ un jaune rougeâtre , clair , d ’ un goût âcre aromatique , d ’ une odeur qui approche du ftyrax ou de l ’ ambre gris .Autant on apportoit autrefois de ce baume delà Nouvelle - Efpa - gne , de la Yirgine & d ’ autres Provinces méridionales de l ’ Amérique , dontonfe fervoit pour donner une bonne odeur aux peaux & aux gants , autant le liquidambar eft rare aujourd ’ hui , foit parce que ces fortes d ’ aromates portoient trop à la tête , foit qu ’ on ait fubftitué les parfums des fleurs de notre pays aux parfums étrangers ; de forte qu ’ on ne trouve plus le baume dont il eft queftion , que chez les Curieux .",
                  "id": "16",
                  "title": "Dictionnaire raisonné universel d'histoire naturelle, contenant l'histoire des animaux, des végétaux et des minéraux, et celle des corps célestes, des météores et autres principaux phénomènes de la nature, avec l'histoire et la description des drogues simples tirées des trois règnes et le détail de leurs usages dans la médecine, dans l'économie domestique et champêtre et dans les arts et métiers, par M. Valmont de Bomare,.... Tome 3"
            },
            {
                  "doc_url": "https://gallica.bnf.fr/ark:/12148/bpt6k9621935f",
                  "emotions": [
                        "disgust"
                  ],
                  "excerpt": "La jusquiame noire encore dénommée herbe aux engelures , sinagrée , potelée , herbe des teigneux , croit dans les lieux incultes et pierreux , autour des habitations , dans les décombres .Elle possède une odeur vireuse , une saveur âcre et nauséeuse .Toutes ses parties renferment un alcaloïde appelé hyosciamine .",
                  "id": "17",
                  "title": "Le vétérinaire moderne, ou Traité simple et pratique de l'art vétérinaire mis à la portée de tous / par H.-C. Debry,..."
            },
            {
                  "doc_url": "https://gallica.bnf.fr/ark:/12148/bpt6k6464749q",
                  "emotions": [
                        "disgust"
                  ],
                  "excerpt": "Le temps les déssèche sans les altérer .Les champignons dangereux ont une odeur herbacée , fade , très prononcée et très désagréable , ayant quelque chose de celle du soufre , de la terre t humide ou de la térrhenthine , Ils ont une saveur astriogente et nauseuse , une consistance molle et aqueuse , une couleur livide , rouge sanguine .L ' air altère la couleur intérieure de ces champignons qui se trouvent dans les lieux couverts , humides et sur des corps en décomposition .",
                  "id": "18",
                  "title": "L'estomac, hygiène de tout le monde / par A. H."
            },
            {
                  "doc_url": "https://gallica.bnf.fr/ark:/12148/bpt6k42378550",
                  "emotions": [
                        "disgust"
                  ],
                  "excerpt": "Nom que les EfjW gnols donnent à une efpece de corbeau du Pérou , que les habitans du pays nomment Suyanta .Cet oifeau , qui eft d ’ une odeur défagréable , eft trcs - goulu , très - car - nacier : il vit de corps morts , & .enleve les immondices des chemins .",
                  "id": "19",
                  "title": "Dictionnaire raisonné universel d'histoire naturelle, contenant l'histoire des animaux, des végétaux et des minéraux, et celle des corps célestes, des météores et autres principaux phénomènes de la nature, avec l'histoire et la description des drogues simples tirées des trois règnes et le détail de leurs usages dans la médecine, dans l'économie domestique et champêtre et dans les arts et métiers, par M. Valmont de Bomare,.... Tome 3"
            },
            {
                  "doc_url": "https://gallica.bnf.fr/ark:/12148/bpt6k5835437q",
                  "emotions": [
                        "disgust"
                  ],
                  "excerpt": "U y en a de deux sortes , la , muscade mâle 8c k muscade femelle .Le muscade femelle est celle dont on use ordinairement en France , qui est ronde , d ' une agréable odeur 8c d ' ungoût chaud Sz piquant , La muscade mâle est une muscade sauvage , un peu lon « gue , presque sans goût , fans odeur 8c fans vertu .Cette der ^ niere sorte dé muscade se trouve en plusieurs endroits des Indes Orientales Sc fur tout dansi ' iíje de Candore .",
                  "id": "20",
                  "title": "Dictionnaire universel de commerce, contenant tout ce qui concerne le commerce qui se fait dans les quatre parties du monde... Ouvrage posthume du Sr Jacques Savary Des Bruslons... continué... et donné au public, par Philémon-Louis Savary,.... Tome 2"
            }
      ]
}