{
      "articles": [
            {
                  "doc_url": "https://gallica.bnf.fr/ark:/12148/bpt6k807476",
                  "emotions": [
                        "grief",
                        "disgust",
                        "nostalgia"
                  ],
                  "excerpt": "J ' ai demandé grâce pour les orangers ; car vous saurez que je suis réconciliée avec l ' odeur des fleurs , U ne faut pas cependant qu ' on en mette dans ma chambre je ne les souffre qu ' en plein air .Le parfum que les fleurs coupées exhalent dans un appar - tement monte vers mon cerveau comme une odeur de mort , et cela m ' attriste , Mais quand les plante » fleurissent au soleil , sous la brise de la mer , je me réjouis avec eîies , je m ' associe à leur bonheur , et je m ' épanouis de compagnie .Comme la terre est belle comme tout ce qui vit est heureux et qu ' il serait triste de quitter ce monde délicieux que Dieu a créé pour le , plaisir de l ' homme Il y a pourtant ( des gens qui se tuent eux - mêmes .",
                  "id": "1",
                  "title": "Germaine (Nouv. éd.) / Edmond About"
            },
            {
                  "doc_url": "https://gallica.bnf.fr/ark:/12148/bpt6k807476",
                  "emotions": [
                        "disgust",
                        "annoyance",
                        "disapproval",
                        "doubt"
                  ],
                  "excerpt": "Dès le premier jour du , voyage , il se réduisit à fumer deux cigares par jour , un le matin avant de partir , l ' autre le soir avant de se coucher .Mais un matin la malade lui dit < N ' avez - vous pas ramé ? Je le sens à l ' odeur de vos habits .» H laissa ses cigares à la première auberge , et ne fuma plus .",
                  "id": "2",
                  "title": "Germaine (Nouv. éd.) / Edmond About"
            },
            {
                  "doc_url": "https://gallica.bnf.fr/ark:/12148/bpt6k5726479v",
                  "emotions": [
                        "disgust",
                        "fear",
                        "disapproval",
                        "greed"
                  ],
                  "excerpt": "127 aux yeux de quelques spéculateurs un adroit calcul , un trait d ' habileté ; aux yeux de la morale , c ' est toujours une mauvaise action .Loin de vous ces bénéfices homicides ! Un argent ainsi gagné a je ne sais quelle odeur de meurtre .Vous pouvez m ' en croire , il porte infailliblement malheur .",
                  "id": "3",
                  "title": "Conseils aux ouvriers sur les moyens d'améliorer leur condition (Nouvelle édition revue et mise au courant de la législation actuelle) / par Th.-H. Barrau"
            },
            {
                  "doc_url": "https://gallica.bnf.fr/ark:/12148/bpt6k97426521",
                  "emotions": [
                        "disgust",
                        "fear"
                  ],
                  "excerpt": "On ne réussiroit par un excès de précaution , qu ' à les étouffer .D ' ailleurs , quand même elles pourroient encore respirer dans la Ruche , l ' air trop renfermé s ' y corromproit en peu de tems : il seroit infe & é de l ' odeur des Abeilles qui périssènt & pourrissent dans la Ruche même .Il deviendroit enfin excessivement humide , il se chargeroit de tout ce qui transpire du corps des Abeilles , & les gâteaux seroient tout couverts de moisissures .",
                  "id": "4",
                  "title": "Nouvelle construction de ruches de bois, avec la façon de gouverner les abeilles, et l'histoire naturelle de ces insectes . Par M. Palteau... Nouvelle édition revue corrigée & augmentée"
            },
            {
                  "doc_url": "https://gallica.bnf.fr/ark:/12148/bpt6k97426521",
                  "emotions": [
                        "disgust"
                  ],
                  "excerpt": "Le bois de pin dont les haussès de mes Ruches sont composées , est seul capable d ' en délivrer les Abeilles , aussï - bien que des punaises .Ces insectes détellent l ' odeur de cette espéce de bois .Au reste ils ne paroissent pas beaucoup inquiéter les Abeilles ni leur causer une grande douleur car ils sont souvent placés sur telle partie du corps où la jambe de l ' Abeille peut être portée & d ' où elle pourroit les faire tomber , & où cependant il leur est permis de relier tranquilles .",
                  "id": "5",
                  "title": "Nouvelle construction de ruches de bois, avec la façon de gouverner les abeilles, et l'histoire naturelle de ces insectes . Par M. Palteau... Nouvelle édition revue corrigée & augmentée"
            },
            {
                  "doc_url": "https://gallica.bnf.fr/ark:/12148/bpt6k15252376",
                  "emotions": [
                        "disgust"
                  ],
                  "excerpt": "A propos d ’ hymen , grâce aux mœurs modernes , j ’ ai beaucoup de peine à croire que nous fussions aussi galans envers lui que les anciens , s ’ il s ’ agissait de lui ériger chez nous ( 1 ) Les Romains du 19 e .siècle n ont pas conservé le goût de leurs ancêtres ; car ils détestent toutes les espèces de parfums : une dame romaine surtout se trouverait mal en approchant de la toilette d ’ une petite bourgeoise de Paris .a ( * 4 ) une statue ( chose qu ’ on ne fera jamais ) , et de la caractériser par quelques attributions allégoriques : le jeune blondin , au visage riant , ne serait plus alors qu ’ un homme mûr , dont l ’ air paraîtrait soucieux , inquiet et farouche .",
                  "id": "6",
                  "title": "Guirlande de Flore, par Charles Malo"
            },
            {
                  "doc_url": "https://gallica.bnf.fr/ark:/12148/bpt6k28709b",
                  "emotions": [
                        "disgust"
                  ],
                  "excerpt": "1 mités des cristaux .Ce sel cristallisé contient plus de la moitié de son poids d ' eam de cristallisation , aussi est - il très - efRorescent .État naturel .",
                  "id": "7",
                  "title": "Manuel de chimie médicale , par M. Julia-Fontenelle,..."
            },
            {
                  "doc_url": "https://gallica.bnf.fr/ark:/12148/bpt6k6486660k",
                  "emotions": [
                        "disgust"
                  ],
                  "excerpt": "Ce que nous apprenions nous inspira un vif désir d ' en apprendre davantage , ne fût - ce que pour savoir , monsieur Gilbert , comment vous pouviez avoir affaire en un pareil guêpier .Nous flairions odeur de piège .Mais tout cela était équivoque , mystérieux , et il ne faut pas d ' ombre sur .",
                  "id": "8",
                  "title": "Les cadets de Gascogne / par M. de Lescure"
            },
            {
                  "doc_url": "https://gallica.bnf.fr/ark:/12148/bpt6k6486660k",
                  "emotions": [
                        "disgust"
                  ],
                  "excerpt": "En même temps donc que le maréchal savourait le miel de la tentation de haine et d ' orgueil dont Alvar s ' était fait le satanique interprète , il sentait ces fugitives douceurs de l ' adulation se changer eh un flot d ' amertume .A peine avait - il humé l ' encens de ses complices qu ' il respirait autour de lui comme une odèur d ' enfer .La lutte jusque là intérieure , entre son bon et son mauvais génie , avait soudain pris une voix et presque un corps .",
                  "id": "9",
                  "title": "Les cadets de Gascogne / par M. de Lescure"
            },
            {
                  "doc_url": "https://gallica.bnf.fr/ark:/12148/bpt6k6286500g",
                  "emotions": [
                        "disgust",
                        "courage",
                        "caring",
                        "embarrassment"
                  ],
                  "excerpt": "Se la rengage dans de nouveaux liens .La plus affreuse créature , que les infirmités dévorent dans l ' obscurité de son réduit honteux , il l ' embaume & la parfume , & elle reprend toute la fraîcheur de son Avril .( f ) Vile idole , à qui tout le genre humain se prostitue , qui fèmes le trouble parmi la foule bruyante des nations , lé veux à l ' instant te faire reprendre la place que t ' assigna la Nature .",
                  "id": "10",
                  "title": "Shakespeare traduit de l'anglois. Tome 6 / , dédié au roi"
            },
            {
                  "doc_url": "https://gallica.bnf.fr/ark:/12148/bpt6k9312463",
                  "emotions": [
                        "disgust",
                        "anger",
                        "fear",
                        "annoyance",
                        "disapproval",
                        "embarrassment"
                  ],
                  "excerpt": "Sur les deux heures de l ’ après - midi , je suis parti pour aller voir Fidèle et l ’ interroger .Je déteste cette odeur de chou qui sort de toutes les petites boutiques , dans la Miestchanskaia ; de dessous les portes de chaque maison , arrive une telle horreur que , me bouchant le nez , j ’ ai couru à toutes jambes .De vils artisans y laissent aussi échapper de leurs ateliers une telle quantité de suie fine et de fumée , qu ’ il est absolument impossible à un homme comme il faut de se promener en cet endroit .",
                  "id": "11",
                  "title": "Contes et nouvelles ; La terrible vengeance ; Le nez ; Mémoires d'un fou ; La place ensorcelée / Nikolaï Gogol ; Traduits par Henri Chirol"
            },
            {
                  "doc_url": "https://gallica.bnf.fr/ark:/12148/bpt6k9312463",
                  "emotions": [
                        "admiration",
                        "disgust",
                        "excitement",
                        "gratitude",
                        "faith"
                  ],
                  "excerpt": "Je me précipitai , glissai sur le maudit parquet et c ’ est juste si je ne me décollai pas le nez ; pourtant je me rattrapai , et atteignis le mouchoir .Saints du ciel , quel mouchoir ! le plus fin , en batiste , — de l ’ ambre , absolument de l ’ ambre ! et de lui s ’ exhalait comme une odeur de généralat ! Elle me remercia et sourit presque , de sorte que ses lèvres de sucre se touchèrent légèrement , et elle s ’ en alla .Je restai encore assis durant une heure .",
                  "id": "12",
                  "title": "Contes et nouvelles ; La terrible vengeance ; Le nez ; Mémoires d'un fou ; La place ensorcelée / Nikolaï Gogol ; Traduits par Henri Chirol"
            },
            {
                  "doc_url": "https://gallica.bnf.fr/ark:/12148/bpt6k6212445j",
                  "emotions": [
                        "surprise",
                        "disgust"
                  ],
                  "excerpt": "t ~ es maladies , la cavité buccale est peut - être le N B s ' ne contracte le plus fréquemment de l ' aigreur ou de n reconnaît que celle - ci vient de la cavité buccale à ts de la sécrétion du poumon passant par les n ' ont aucune odeur .Mais lorsque la bouche s ' ouiassage aux produits gazeux , aussitôt l ' haleine M fétidité .Celle - ci est due quelquefois à la carie denPlus souvent à la putréfaction de matières organiprincipalement , qui ont séjourné entre les dents , un commencement de fermentation ammoniacale .",
                  "id": "13",
                  "title": "Manuel de physiologie humaine, par le Dr J.-A. Fort,..."
            },
            {
                  "doc_url": "https://gallica.bnf.fr/ark:/12148/bpt6k6212445j",
                  "emotions": [
                        "disgust"
                  ],
                  "excerpt": ") .Quelques pers existence agréable au milieu dés odeurs les plus ont de la répugnance pour toutes les odeurs .P les odeurs fortes produisent un effet aphrodisiaque ( plaisirs de Vénus ) , tandis qu ' elles sont sans effet Autant de variétés individuelles , autant d ' idios propre , aùv , avec , et ~ xpàffiç , tempérament ) .",
                  "id": "14",
                  "title": "Manuel de physiologie humaine, par le Dr J.-A. Fort,..."
            },
            {
                  "doc_url": "https://gallica.bnf.fr/ark:/12148/bpt6k6212445j",
                  "emotions": [
                        "disgust"
                  ],
                  "excerpt": "Sa sen ~ ae rapidement lorsque la même odeur frappe les aies du nerf .Rien de plus commun que de senN g étestable près d ' une personne qui ne s ' en doute ~ séjourne dans un air chargé de cette odeur .ins la chambre à coucher close d ' une personne a a uit ; vous êtes impressionné par une odeur désaabitant , auteur du délit , ne se doute nullement .",
                  "id": "15",
                  "title": "Manuel de physiologie humaine, par le Dr J.-A. Fort,..."
            },
            {
                  "doc_url": "https://gallica.bnf.fr/ark:/12148/bpt6k6212445j",
                  "emotions": [
                        "disgust"
                  ],
                  "excerpt": "ce bien simple peut prouver que la partie supées nasales est seule impressionnée par les odeurs .Egiiiquer un tube avec un gaz odorant .Introduisez 308 MANUEL DE PHYSIOLOGIE .",
                  "id": "16",
                  "title": "Manuel de physiologie humaine, par le Dr J.-A. Fort,..."
            },
            {
                  "doc_url": "https://gallica.bnf.fr/ark:/12148/bpt6k6212445j",
                  "emotions": [
                        "disgust"
                  ],
                  "excerpt": "La aarfj tive la plus nette , à mon avis , est celle que l ' on perflffl même après avoir fait une autopsie , ou après av milieu d ' une atmosphère chargée d ' odeurs désagr fait tout simplement une absorption du gaz od des lobules pulmonaires , le gaz a circulé dans lelËmjJ mon s ' en débarrasse comme il se débarrasse de tt S stances gazeuses ou odorantes .Ces substances idttj fosses nasales et impressionnent le nerf olfactif celui - ci soit émoussé par l ' odeur .^ 3 Manière dont se fait l ' olfaction .",
                  "id": "17",
                  "title": "Manuel de physiologie humaine, par le Dr J.-A. Fort,..."
            },
            {
                  "doc_url": "https://gallica.bnf.fr/ark:/12148/bpt6k61381359",
                  "emotions": [
                        "disgust"
                  ],
                  "excerpt": "; Tant que ce limon , ou sédiment bitumineux , n ' a pas reçu l ' impreffion de l ' air extérieur , il garde cétte forme liquide & savoneuse ; mais une fois que les Eaux font vomi pour ainsi dire au dehors , il s ' épaissit en forme de petits flocons glaireux , s ' attache aux pierres , aux racines des arbres qui font dans ie ruisseau , dont il enduit bien au loin tous les bords .II devient noir 8c ressemble à la poix minérale ou au naphte , exhalant à la longue une odeur de putréfaction .C ' est ainsi que ramassé dans les Bains fous forme liquide 8c onctueuse , égouté peu à peu , il perd sa , fluidité 8c noircit , quoique gardé dans des bouteilles fermées ; s ' y durcit , devient friable , acquiert une odeur très - forte de putréfaction qu ' il perd peu à peu , laisse échapper la terre calcaire qui accompagne ordinairement le charbon minéral 8c les bitumes , 8c ne présente plus qu ' une masse inodore qui brûle difficilement fur les charbons ardens .",
                  "id": "18",
                  "title": "Nouveau traité des eaux minérales de Gréoux en Provence, où l'on examine leur nature, leurs propriétés et la meilleure manière de les employer pour la guérison de plusieurs maladies. [Par Gravier.]"
            },
            {
                  "doc_url": "https://gallica.bnf.fr/ark:/12148/bpt6k5438681s",
                  "emotions": [
                        "surprise",
                        "disgust",
                        "anger"
                  ],
                  "excerpt": "ail ! pauv * y > Javotte ! pauv ' Javotte ! , D Tel était le sentimental monologue de madame Cadet Buteux , ., quand une odeur de pipe lui annonça enfin Varrivée de Cadet , qui ouvrit la porte y en & écriant tout essoufilé £ AIR : Du curé dé Pompone * A la fin me v ' ià donc r ' venu De ç ' te diable d ' bouch ' rie ! Aux Abattoirs , jamais j ' n ' ons vu Un ' semblab ' e tuerie ..",
                  "id": "19",
                  "title": "Cadet Buteux sortant de la représentation des \"Danaïdes\", pot-pourri de M. Désaugiers,..."
            },
            {
                  "doc_url": "https://gallica.bnf.fr/ark:/12148/bpt6k5786442g",
                  "emotions": [
                        "disgust",
                        "anger",
                        "annoyance",
                        "disapproval",
                        "greed"
                  ],
                  "excerpt": ".Les plais fument , les vins embaument ; et , secouant son grelot enragé , la petite sonnette lui crie : — Vite , vile , encore plus vite ! ..",
                  "id": "20",
                  "title": "Oeuvres complètes de Alphonse Daudet. 1, 1 / édition définitive, illustrée de gravures à l'eau forte d'après les dessins de Émile Adan, A. Dawant, A.-F. Gorguet, P.-A. Laurens et C. Léandre ; et précédée d'un Essai de biographie littéraire par Henry Céard..."
            }
      ]
}