{
      "articles": [
            {
                  "doc_url": "https://gallica.bnf.fr/ark:/12148/bpt6k5440710v",
                  "emotions": [
                        "disgust"
                  ],
                  "excerpt": "L ' espèce en a été détruite par les baleiniers , et il y a lieu de le regretter ; car la chair de cet animal , appelé mangeur d ' herbes au Kamtchatka , était excellente , d ' un usage très - favorable à la santé , et se conservait , sans altération , pendant plus de quinze jours , même en la laissant exposée à l ' air et aux souillures des insectes .Quant à la graisse , elle avait le goût de l ' huile d ' amandes douces , et les naufragés , au nombre desquels se trouvait Steller , la buvaient à pleines tasses sans en être nullement dégoûtés .Le dugong a les mêmes moeurs que le lamantin , dont il diffère d ' abord par sa taille , qui n ' atteint pas deux mètres , tandis que le lamantin en a près de cinq ; puis par ses nageoires pectorales , dont les doigts , moins distincts , sont dépourvus d ' ongles .",
                  "id": "1",
                  "title": "Histoire illustrée des animaux / par Victor Delcroix,..."
            },
            {
                  "doc_url": "https://gallica.bnf.fr/ark:/12148/bpt6k9604321q",
                  "emotions": [
                        "disgust"
                  ],
                  "excerpt": "Il n ' y a pas de doute qu ' on ne puisse modifier le parfum des vins à l ' aide de celui d ' autres fruits .Il y a peu de liquides qui prennent aussi facilement qu ' eux J ' odeur de tous les corps avec lesquels ils sont en contact .Le bouquet des vins du Rhin rappelle l ' odeur de l ' écorce d ' orange ; celui de certains blancs 183f4 de Neuchâtel , celle des framboises ; celui des blancs 183f4 du Haut - Rhin rappelle un peu l ' odeur des feuilles de noyer , et ainsi de suite .",
                  "id": "2",
                  "title": "Précis élémentaire de chimie agricole / par le Dr F. Sacc,..."
            },
            {
                  "doc_url": "https://gallica.bnf.fr/ark:/12148/bpt6k9791533d",
                  "emotions": [
                        "disgust"
                  ],
                  "excerpt": "Quelques uranistes , nous l ' avons déjà relevé , ne pren - nent aucun souci de la tenue et même de la propreté de ceux qu ' ils recherchent ; on les voit poursuivre les plus sordides .La répugnance pour l ' autre sexe n ' est pas toujours portée au même degré : tandis que quelques uranistes ne peuvent supporter ni la vue ni le contact des femmes , ni leur odeur , d ' autres recherchent leur société , partagent leurs goûts et leur manière de considérer les choses en général .Quelques - uns passent même pour des hommes à bonnes fortunes : ils s ' occupent volontiers des vieilles filles ou des femmes délaissées à cause de l ambiguïté de leurs caractères sexuels , et qui contribuent à leur succès par les signes d ' excitation inaccoutumée qu ' elles manifestent à leur approche .",
                  "id": "3",
                  "title": "L'instinct sexuel : évolution et dissolution / par Ch. Féré,..."
            },
            {
                  "doc_url": "https://gallica.bnf.fr/ark:/12148/bpt6k9791533d",
                  "emotions": [
                        "disgust",
                        "love"
                  ],
                  "excerpt": "Elle venait de sortir quand le duc d ' Anjou ( Henri III ) y entra pour raccommoder sa chevelure , et s ' essuya par mégarde le visage avec la chemise qu ' elle venait de quitter .Depuis ce moment , le prince conçut pour elle la passion la plus violente » On a remarqué la répugnance particulière des impuissants pour les odeurs sexuelles ; et les aliénistes ont relevé depuis longtemps la fréquence des hallucinations olfactives dans les folies à forme érotique .Une sensibilité spéciale de l ' ouïe est capable à elle seule d ' éveiller l ' amour 2 .",
                  "id": "4",
                  "title": "L'instinct sexuel : évolution et dissolution / par Ch. Féré,..."
            },
            {
                  "doc_url": "https://gallica.bnf.fr/ark:/12148/bpt6k5496872j",
                  "emotions": [
                        "disgust"
                  ],
                  "excerpt": "Le suc de toutes SYLVATICA , L .ces plantes est âcre et lactescent .Les trois premières croisCYPARISSIAS croisCYPARISSIAS sent en Europe , la dernière en Amérique .",
                  "id": "5",
                  "title": "Traité des maladies des voies digestives et de leurs annexes, suivi de Tableaux des substances vénéneuses, par Alexis Bompard,..."
            },
            {
                  "doc_url": "https://gallica.bnf.fr/ark:/12148/bpt6k920270b",
                  "emotions": [
                        "disgust",
                        "greed"
                  ],
                  "excerpt": "100 ; pas de crème de tartre ; on trouve des phosphates , des matières azotées , delà dextrine .Vinaigre d ’ alcool .100 ; extrait insignifiant ; ce vinaigre contient toujours de l ’ alcool et de l ’ aldéhyde .",
                  "id": "6",
                  "title": "Guide pratique des falsifications et altérations des substances alimentaires / par Pierre Breteau,... ; Préface par M. le professeur Cazeneuve,..."
            },
            {
                  "doc_url": "https://gallica.bnf.fr/ark:/12148/bpt6k920270b",
                  "emotions": [
                        "disgust"
                  ],
                  "excerpt": "La seconde comprend les méthodes qui reposent sur des caractères spécifiques et définis , tenant à la composition chimique et aux propriétés physiques , et qui offrent une constance tout au moins relative , sur laquelle l ’ expert peut s ’ appuyer pour certifier la pureté ou la fraude .Odeur de fumée .— La fumée qui se produit lorsqu ’ on éteint subitement le beurre allumé possède souvent une odeur de suiflorsque la margarine est mélangée au beurre .",
                  "id": "7",
                  "title": "Guide pratique des falsifications et altérations des substances alimentaires / par Pierre Breteau,... ; Préface par M. le professeur Cazeneuve,..."
            },
            {
                  "doc_url": "https://gallica.bnf.fr/ark:/12148/bpt6k6487171z",
                  "emotions": [
                        "disgust",
                        "greed"
                  ],
                  "excerpt": "Cet individu , qu ' on m ' avait dépeint comme un héros , je le voyais tel qu ' il était , un criminel .Cette odeur de sang qu ' il respirait par tous les pores me grisait bien plus que le vin qu ' on nous versait .Le cliquetis des verres , le pétillement du champagne résonnaient à mon oreille devant cet homme de proie comme l ' hallali du chasseur poussant la meute sur la piste du cerf aux abois .",
                  "id": "8",
                  "title": "Mémoires de M. Claude, chef de la police de sûreté sous le second Empire. Tome 1 / [par Th. Labourieu]"
            },
            {
                  "doc_url": "https://gallica.bnf.fr/ark:/12148/bpt6k96668773",
                  "emotions": [
                        "joy",
                        "disgust",
                        "boredom"
                  ],
                  "excerpt": "Octogone , achteck , achteckig .Odeur , geruch .Odomètre , schrittmesser , schrittzähler .",
                  "id": "9",
                  "title": "Dictionnaire allemand-français, contenant les termes propres à l'exploitation des mines, à la minéralurgie et à la minéralogie ... par J.-B. Beurard,..."
            },
            {
                  "doc_url": "https://gallica.bnf.fr/ark:/12148/bpt6k96668773",
                  "emotions": [
                        "disgust"
                  ],
                  "excerpt": "LUFTSCHWEFEL , m .soufre aérien } gaz acide sulfureux ; exhalaisons , vapeurs sulfureuses dans l ' air .LUFTVERDICKUNG , f .",
                  "id": "10",
                  "title": "Dictionnaire allemand-français, contenant les termes propres à l'exploitation des mines, à la minéralurgie et à la minéralogie ... par J.-B. Beurard,..."
            },
            {
                  "doc_url": "https://gallica.bnf.fr/ark:/12148/bpt6k96668773",
                  "emotions": [
                        "disgust"
                  ],
                  "excerpt": "RIECHENDE STEINE , plur .pierres odorantes .RIECHSALZ , n .",
                  "id": "11",
                  "title": "Dictionnaire allemand-français, contenant les termes propres à l'exploitation des mines, à la minéralurgie et à la minéralogie ... par J.-B. Beurard,..."
            },
            {
                  "doc_url": "https://gallica.bnf.fr/ark:/12148/bpt6k37164s",
                  "emotions": [
                        "disgust",
                        "desire",
                        "nostalgia",
                        "excitement",
                        "gratitude"
                  ],
                  "excerpt": ".Sang - dieu 1 Je le respire encor Le goût de sa bave salée Et l ' odeur de corne brûlée Qu ' exhalaient ses rudes crins d ' or .Sur le mode parnassien , fort décrié depuis , Guaita magnifiait les dieux antiques , l ' orgueil de vivre , le devoir éternel d ' être superbe et d ' être beau .",
                  "id": "12",
                  "title": "Petits mémoires de la vie / Laurent Tailhade"
            },
            {
                  "doc_url": "https://gallica.bnf.fr/ark:/12148/bpt6k5834618r",
                  "emotions": [
                        "disgust"
                  ],
                  "excerpt": "4 ° Emplâtre de thapsia .COMPOSITION : Sparadrap révulsif préparé avec la résine de thapsia garganica .MODE D ' EMPLOI : Appliquer sans chauffer , laisser en place quelques heures ; l ' enlever à l ' apparition des vésicules , puis poudrer à l ' amidon .",
                  "id": "13",
                  "title": "Formulaire des spécialités pharmaceutiques : pour 1909 / par le Dr V. Gardette,... ; préface par le Dr A. Manquat,..."
            },
            {
                  "doc_url": "https://gallica.bnf.fr/ark:/12148/bpt6k5460034d",
                  "emotions": [
                        "disgust",
                        "greed"
                  ],
                  "excerpt": "J ' ai fait monter à vos narines la puanteur des corps morts de votre armée , SACI , Bible , Amos , iv , 10 .Le sang corrompu répandait une puanteur capable de suffoquer , FÉN .Tél .",
                  "id": "14",
                  "title": "Dictionnaire de la langue française.... Tome 3 / par É. Littré,..."
            },
            {
                  "doc_url": "https://gallica.bnf.fr/ark:/12148/bpt6k5460034d",
                  "emotions": [
                        "disgust",
                        "relief"
                  ],
                  "excerpt": ".L ' odeur d ' un jus si doux lui rend le faix moins rude , BOIL .I .",
                  "id": "15",
                  "title": "Dictionnaire de la langue française.... Tome 3 / par É. Littré,..."
            },
            {
                  "doc_url": "https://gallica.bnf.fr/ark:/12148/bpt6k5460034d",
                  "emotions": [
                        "disgust"
                  ],
                  "excerpt": "Il 2 ° Se dit aussi de la fleur de cette plante .Narcisse odoriférant .— HIST .",
                  "id": "16",
                  "title": "Dictionnaire de la langue française.... Tome 3 / par É. Littré,..."
            },
            {
                  "doc_url": "https://gallica.bnf.fr/ark:/12148/bpt6k5460034d",
                  "emotions": [
                        "grief",
                        "disgust",
                        "anger",
                        "disapproval",
                        "faith",
                        "guilt"
                  ],
                  "excerpt": "Mauvaise odeur .J ' ai fait monter à vos narines la puanteur des corps morts de votre armée , SACI , Bible , Amos , iv , 10 .Le sang corrompu répandait une puanteur capable de suffoquer , FÉN .",
                  "id": "17",
                  "title": "Dictionnaire de la langue française.... Tome 3 / par É. Littré,..."
            },
            {
                  "doc_url": "https://gallica.bnf.fr/ark:/12148/bpt6k5460034d",
                  "emotions": [
                        "disgust"
                  ],
                  "excerpt": "|Fig .Il me semble qu ' il faudrait faire une battue contre ces bêtes puantes [ les ennemis de la philosophie ] ; mais les philosophes ne sont presque jamais réunis , VOLT .Lett .",
                  "id": "18",
                  "title": "Dictionnaire de la langue française.... Tome 3 / par É. Littré,..."
            },
            {
                  "doc_url": "https://gallica.bnf.fr/ark:/12148/bpt6k5460034d",
                  "emotions": [
                        "disgust",
                        "disapproval"
                  ],
                  "excerpt": "Il Fig .Ce pays sent la poudre à canon , il est limitrophe do l ' ennemi .|Faire parler la poudre , commencer la guerre .",
                  "id": "19",
                  "title": "Dictionnaire de la langue française.... Tome 3 / par É. Littré,..."
            },
            {
                  "doc_url": "https://gallica.bnf.fr/ark:/12148/bpt6k5460034d",
                  "emotions": [
                        "disgust"
                  ],
                  "excerpt": "L ' espèce la plus répandue en France est le jasmin blanc ou jastnin commun , jasminum officinale , L .; les fleurs en sont odoriférantes .Jasmins dont un air doux s ' exhale , Fleurs que les vents n ' ont pu ternir , Aminte en blancheur vous égale , Et vous m ' en faites souvenir , LA FONT .",
                  "id": "20",
                  "title": "Dictionnaire de la langue française.... Tome 3 / par É. Littré,..."
            }
      ]
}