{
      "articles": [
            {
                  "doc_url": "https://gallica.bnf.fr/ark:/12148/bpt6k209778g",
                  "emotions": [
                        "disgust",
                        "fear"
                  ],
                  "excerpt": "La mouche âviande ( ) MMea ' MtKt < ort < tdeLinnée ) est une desfptus grandes de nos climats ; elle se reconnaît aux soies de ses antennes barbues , ' à < son front sfauve , à son ; coMetetJMir ~ àsoaabdomend ' umbteutuisantavecdesraies .' noires ~ ! Bites ' annonce ; dans : nos ' appartemens ' parsonbonr - ~ ' donnementassBzfort ; E ) Ie ; dëpose ' ses ~ ufs ; sur la viande que ia ' nnësse ' de son odorat lui fait ' dëeonvrir de tres - ioin .On prétend que son attouchement peut communiquer aux hommes cette maladie douloureuse eh mortelle connue sous te nom de charbon .",
                  "id": "1",
                  "title": "Dictionnaire des ménages : répertoire de toutes connaissances usuelles, encyclopédie des villes et des campagnes. T. 2 / par Anthony Dubourg,..."
            },
            {
                  "doc_url": "https://gallica.bnf.fr/ark:/12148/bpt6k209778g",
                  "emotions": [
                        "disgust",
                        "boredom",
                        "disapproval",
                        "approval",
                        "indifference"
                  ],
                  "excerpt": "Pour les glacer , vous suivez le procédé ci - dessus niais au lieu d ' eau simple , jetez - y légèrement de l ' eau de fleur d ' oranger .Cette praline est trës - agréaMe , autant par son croquant que par son parfum .Pralines blanches .",
                  "id": "2",
                  "title": "Dictionnaire des ménages : répertoire de toutes connaissances usuelles, encyclopédie des villes et des campagnes. T. 2 / par Anthony Dubourg,..."
            },
            {
                  "doc_url": "https://gallica.bnf.fr/ark:/12148/bpt6k209778g",
                  "emotions": [
                        "disgust"
                  ],
                  "excerpt": "Elle est assez commune aux solanéës et aux ombéllifères , où se trouvent les poisons végétaux les plus nombreux .Les fleurs du dracuntium exhalent une odeur dé cadavre en putréfaction ; celles du stopeKasententIacharogne ., L ' odeur réside quelquefois dans toute la plante , comme dans les ! aM < ' MetIesr crucifères ; souvent une seule de ses parties est odorante : la racine , dans les valérianes ; l ' écorce et les feuilles , dans les lauriers ; les Beurs , dans le plus grand nombre de végétaux .",
                  "id": "3",
                  "title": "Dictionnaire des ménages : répertoire de toutes connaissances usuelles, encyclopédie des villes et des campagnes. T. 2 / par Anthony Dubourg,..."
            },
            {
                  "doc_url": "https://gallica.bnf.fr/ark:/12148/bpt6k209778g",
                  "emotions": [
                        "disgust"
                  ],
                  "excerpt": "Prenez trente ou quarante livres de poudre sans odeur , purgée & ' resprit ~ dë - vm ; ' vous retendez dans une grande boite par coueHes , que vous recouvrez de neurs de ~ asmin ' toutes ' tfaîches cueitlie ? ; vous garnissez Ie : tout de papier Manc , eHëfmezJaboiteiMën hermétiquement ; vousmêleziesaeutspendamtvmgt ~ quatrehenres avec lapoadre ~ que vous criblez pour lesensëparef ~ ous y remettez de nouvelles fleurs dela même manière , .etc & ntinuez cette opération jusqu ' à ce que vous sentiez que la poudre ' ait snRHamment pris l ' odeur des ffeurs vous la passez une dermÈTefoisdans un taons , aSa qu ' il n ' yTest ~ aucune parcelle de Beurs ; vonsi la t renfermez ' dana ! des bocaux Men bouches , , afin que , l ' air m ' altère : pas son parfum .v Vous ' pouvez faire de cette manière ; de la ' poudre à ! a jonquille , & la tubéreuse , à la - Neuc d ' oranger , au rësed ! L , àla .",
                  "id": "4",
                  "title": "Dictionnaire des ménages : répertoire de toutes connaissances usuelles, encyclopédie des villes et des campagnes. T. 2 / par Anthony Dubourg,..."
            },
            {
                  "doc_url": "https://gallica.bnf.fr/ark:/12148/bpt6k209778g",
                  "emotions": [
                        "disgust"
                  ],
                  "excerpt": "Placez dans vos armoires , parmi vos étoffes et vêtemens , un petit sac de toile renfermant un morceau de camphre .Son odeur fera infailliblemeut fuir les mites , les teignes et les vers .Le sureau leur est également funeste .",
                  "id": "5",
                  "title": "Dictionnaire des ménages : répertoire de toutes connaissances usuelles, encyclopédie des villes et des campagnes. T. 2 / par Anthony Dubourg,..."
            },
            {
                  "doc_url": "https://gallica.bnf.fr/ark:/12148/bpt6k209778g",
                  "emotions": [
                        "disgust"
                  ],
                  "excerpt": "Les caractères ' gënënques des ' nitrates sont .de produiBesar la langue une saveur fraiche ~ el piquante .Le ttttrote ~ ' aryant , compose d ' adde .",
                  "id": "6",
                  "title": "Dictionnaire des ménages : répertoire de toutes connaissances usuelles, encyclopédie des villes et des campagnes. T. 2 / par Anthony Dubourg,..."
            },
            {
                  "doc_url": "https://gallica.bnf.fr/ark:/12148/bpt6k209778g",
                  "emotions": [
                        "disgust"
                  ],
                  "excerpt": ") C ' est une espèce de thym , dont - Mt ~ es principaux caractères se tire - de ses feuilles , qui sont ovàles et bordées de quelques cils à leurs parties poste ' riem ' es .Le serpolet est âcre au goût , un peu amer styptique , odorant , et rougit un peu le papier bleu ; c ' est une plante stomachique , céphalique ; elle purifie le sang son usage ~ € st intérieur et extérieur .SERRE CHAUDE .",
                  "id": "7",
                  "title": "Dictionnaire des ménages : répertoire de toutes connaissances usuelles, encyclopédie des villes et des campagnes. T. 2 / par Anthony Dubourg,..."
            },
            {
                  "doc_url": "https://gallica.bnf.fr/ark:/12148/bpt6k5500185n",
                  "emotions": [
                        "disgust",
                        "greed"
                  ],
                  "excerpt": "et son individu .Le monde est plein de ces sportsmen qui apportent dans les salons leur langage et leur odeur d ' écurie ; ce sont les maquignons de la société , et je ne connais rien de plus sot , de plus nul et de plus importun que ces grands dadais qui dans toute conversation trouvent toujours moyen de faire entrer un cheval tout sellé et bridé .C ' est ce qui fit qu ' un jour la marquise de Valencias se mit à tirer le cordon de sa sonnette , , au moment où un de ces jeunes sots quittait son salon : « Faites donner un coup de balai , dit - elle au valet de pied ; ce monsieur a laissé du crottin sur le tapis ! » Vous ne trouverez jamais ce ridicule dans la bonne compagnie , qui n ' oublie point que le monde , n ' est pas un grand établissement de marchands de chevaux , et que le salon d ' une femme comme il faut n ' a rien de commun avec le Tattersall ou le haras du Pin .",
                  "id": "8",
                  "title": "Le Diable boiteux au château / Galoppe d'Onquaire"
            },
            {
                  "doc_url": "https://gallica.bnf.fr/ark:/12148/bpt6k8562262",
                  "emotions": [
                        "disgust",
                        "pain"
                  ],
                  "excerpt": "Un beau fantôme au vifage vermeil , Sur un rayon détaché du foleil , Des cieux ouverts fend la voûte profonde .Odeur de faint fe fentait à la ronde .Le farfadet deffus fon chef avait A deux pendans une mitre pointue D ’ or et d ’ argent , fur le fommet fendue ; Sa dalmatique au gré des vents flottait .",
                  "id": "9",
                  "title": "Oeuvres complètes de Voltaire.... Vol. 11"
            },
            {
                  "doc_url": "https://gallica.bnf.fr/ark:/12148/bpt6k8562262",
                  "emotions": [
                        "disgust",
                        "disapproval"
                  ],
                  "excerpt": "Dieu , pour punir ce génie effréné .Le rendit laid comme un diable incarné ; Et l ’ impudique avait dcffous le linge Odeur de bouc , et poil gris d ’ un vieux Cnge : Pour comble enfin , de lui - même charmé , Il fe croyait tout fait pour être aimé .De tous côtes on lui cherchait des belles , Des bacheliers , des pages , des pucelles ; Et fi quelqu ’ un à ce monftre lafcif N ’ accordait pas le plaifir malhonnête , Bouchait fon nez , ou détournait la tête , Il était sûr d ’ être empalé tout vif .",
                  "id": "10",
                  "title": "Oeuvres complètes de Voltaire.... Vol. 11"
            },
            {
                  "doc_url": "https://gallica.bnf.fr/ark:/12148/bpt6k54632022",
                  "emotions": [
                        "admiration",
                        "surprise",
                        "disgust"
                  ],
                  "excerpt": "En outre , tout le jour sa rétine ne connut guère que des images visuelles se rapportant à la mer .L ' olfaction elle - même avait été impressionnée d ' une manière très intense par ce l ' odeur marine » .Et puis , dans la journée , notre homme s ' était appliqué à lire un travail que Sémanas venait de publier sur le mal de mer .",
                  "id": "11",
                  "title": "Traitement psychologique du mal de mer et des vertiges de la locomotion : chemin de fer, omnibus, tramway, etc. / Dr Paul Farez,..."
            },
            {
                  "doc_url": "https://gallica.bnf.fr/ark:/12148/bpt6k58078975",
                  "emotions": [
                        "disgust"
                  ],
                  "excerpt": "L ' odeur aromatique et pénétrante que dégagent les fleurs est due à une essence composée surtout d ' hydrure de salicyle , essence qui est également la base de son action thérapeutique .Elle est ainsi diurétique , sudorifique , astringente et toxique .Hydrastîs .",
                  "id": "12",
                  "title": "Homéopathie complexe : théorique et pratique (4e édition revue et augmentée) / Dr A. Marçais"
            },
            {
                  "doc_url": "https://gallica.bnf.fr/ark:/12148/bpt6k1249390",
                  "emotions": [
                        "disgust",
                        "faith"
                  ],
                  "excerpt": "Septembre 1641 .Dei ' e de Cufance fe fit Religieufe Vificandine à Gray ÔS déceda en odeur de Sainteté .Marie - Henriette de Cufance Chanoineffe à Mons , époufa en premieres noces au mois de Septembre 1655 .",
                  "id": "13",
                  "title": "Mémoires pour servir à l'histoire du comté de Bourgogne , contenant l'idée générale de la noblesse et le nobiliaire dudit comté... par M. F.-I. Dunod de Charnage,..."
            },
            {
                  "doc_url": "https://gallica.bnf.fr/ark:/12148/bpt6k6465633t",
                  "emotions": [
                        "disgust",
                        "fear",
                        "disapproval"
                  ],
                  "excerpt": "Ensuite sur tout le corps de l ' eau froide , en toute saison , et du asvon au lait de son , tout simplement .J ' ai pour les savons parfumés la plus profonde horreur .Et puis un petit peu de frottement sur les pieds avec la pierre ponce .",
                  "id": "14",
                  "title": "Hygiène du visage : formulaire cosmétique et esthétique (2e édition, avec figures dans le texte) / par le docteur Paul Gastou,..."
            },
            {
                  "doc_url": "https://gallica.bnf.fr/ark:/12148/bpt6k6465633t",
                  "emotions": [
                        "joy",
                        "disgust",
                        "anger",
                        "pain"
                  ],
                  "excerpt": "Vaseline rectifiée 20 grammes .Huile odorante .Quelques gouttes .",
                  "id": "15",
                  "title": "Hygiène du visage : formulaire cosmétique et esthétique (2e édition, avec figures dans le texte) / par le docteur Paul Gastou,..."
            },
            {
                  "doc_url": "https://gallica.bnf.fr/ark:/12148/bpt6k58173205",
                  "emotions": [
                        "disgust",
                        "pain"
                  ],
                  "excerpt": "les feuilles pointues , épaisses , succulentes , couchées le long de la tige , et les fleurs jaunes , rosacées , disposées à son extrémité supérieure .Elle est inodore et jouit d ? un goût âpre et brûlant .- , Elle est vomitive et résolutive .",
                  "id": "16",
                  "title": "Histoire abrégée des drogues simples. Tome 2 / , par N.-J.-B.-G. Guibourt,... Seconde édition, corrigée et augmentée"
            },
            {
                  "doc_url": "https://gallica.bnf.fr/ark:/12148/bpt6k58173205",
                  "emotions": [
                        "disgust",
                        "fear",
                        "nervousness",
                        "pain"
                  ],
                  "excerpt": "i55 il se rapproche le plus est le fruit du Cumin , mais il est plus petit , plus recourbé , plus brun , ^ d ' une odeur et d ' une saveur un peu plus faibles et par suite moins désagréables , quoique fort analogues .Il est stomachique et carminatif .619 .",
                  "id": "17",
                  "title": "Histoire abrégée des drogues simples. Tome 2 / , par N.-J.-B.-G. Guibourt,... Seconde édition, corrigée et augmentée"
            },
            {
                  "doc_url": "https://gallica.bnf.fr/ark:/12148/bpt6k58173205",
                  "emotions": [
                        "disgust",
                        "embarrassment"
                  ],
                  "excerpt": "- Bien .Odeur de les - abondant , rougissantPotasse caustique .sive _ à l ' air ; odeur de petite S I centaurée .",
                  "id": "18",
                  "title": "Histoire abrégée des drogues simples. Tome 2 / , par N.-J.-B.-G. Guibourt,... Seconde édition, corrigée et augmentée"
            },
            {
                  "doc_url": "https://gallica.bnf.fr/ark:/12148/bpt6k58173205",
                  "emotions": [
                        "disgust"
                  ],
                  "excerpt": "odeur forte , camphrée , et une saveur acre et amère .Elfo est aphrodisiaque pour les chats _ qui se vautrent dessus , d ' où lui est venu le nom vulgaire énoncé plus haut .455 .",
                  "id": "19",
                  "title": "Histoire abrégée des drogues simples. Tome 2 / , par N.-J.-B.-G. Guibourt,... Seconde édition, corrigée et augmentée"
            },
            {
                  "doc_url": "https://gallica.bnf.fr/ark:/12148/bpt6k5750690j",
                  "emotions": [
                        "disgust"
                  ],
                  "excerpt": "Et voici la balle qui grossit , grandit et devient un hanap d ' or ciselé , le plus beau verre qui ait jamais paré la table d ' un baron ou d ' un roi .Finette emplit elle - même la coupe avec de l ' hypocras , tout embaumé d ' épices , et appelant le sénéchal , qui se cachait derrière .elle , tout inquiet : — Bon sénéchal , lui dit - elle de sa voix la plus douce , offrez , je vous prie , ce hanap au chevalier Yvon ; je veux boire à son bonheur , il ne refusera pas de me faire raison .",
                  "id": "20",
                  "title": "Contes bleus (3e édition) / Édouard Laboulaye,..."
            }
      ]
}