{
      "articles": [
            {
                  "doc_url": "https://gallica.bnf.fr/ark:/12148/bpt6k58235998",
                  "emotions": [
                        "disgust"
                  ],
                  "excerpt": "27 4i8 COR vier .Sa - saveur est saline , nauséabonde .Elle contient une assez grande quantité de matière mucilagineuse , que l ' on peu ' , extraire par le moyen de l ' èau , et mieux encore par le moy « ra du vin blanc , laquelle étant édulcorée et aromatisée , pré - i ^ nte l ' aspect d ' une gelée à laquelle on a donné improprement le nom de gelée de mousse de Corse .",
                  "id": "1",
                  "title": "Nouveau dictionnaire général des drogues simples et composées de Lémery, revu, corrigé et considérablement augmenté par Simon Morelot.... Tome 1"
            },
            {
                  "doc_url": "https://gallica.bnf.fr/ark:/12148/bpt6k97424634",
                  "emotions": [
                        "disgust"
                  ],
                  "excerpt": "Propriétés .La racine est visqueuse au goût ct d ' une odeur forte ; elle est aphrodisiaque , inerafsante .s - Usages .",
                  "id": "2",
                  "title": "Démonstrations élémentaires de botanique, à l'usage de l'École royale vétérinaire.... Tome 2"
            },
            {
                  "doc_url": "https://gallica.bnf.fr/ark:/12148/bpt6k9791794s",
                  "emotions": [
                        "disgust"
                  ],
                  "excerpt": "Il s ' opère par les follicules sébacés de la peau une sécrétion particulière d ' une substance grasse , épaisse , onctueuse , qui lubrifie la surface tégumentaire ( sébacine ) .Cette substance a une odeur particulière , nauséabonde , qui varie sur les différentes parties de la peau .26 .",
                  "id": "3",
                  "title": "Lois physiologiques (2e édition) / par B. Mojon ; traduites de l'italien avec des additions et des notes, par M. le baron Michel,..."
            },
            {
                  "doc_url": "https://gallica.bnf.fr/ark:/12148/bpt6k203820c",
                  "emotions": [
                        "disgust"
                  ],
                  "excerpt": "toute spéciale .Cette odeur n ' est nullement gangréneuse elle est fade et nauséeuse .Plus tard l ' écoulement change de nature il devient .",
                  "id": "4",
                  "title": "Traité clinique et pratique des maladies des enfants. T. 1 / par MM. Rilliet et Barthez,..."
            },
            {
                  "doc_url": "https://gallica.bnf.fr/ark:/12148/bpt6k9759982n",
                  "emotions": [
                        "disgust"
                  ],
                  "excerpt": "Le sel ammoniacal vitriolique est forme par l ' union de l ' acide vitriolique a l ' alkali volatiI .La saveur de ce sel est piquante & urineuse .11 se dissout dans deux parties d ' eau froide ; l ' eau - bouillante en dissout une plus grande quantit6 : aussi ce sel crystallise - t - il par le refroidissement .",
                  "id": "5",
                  "title": "Introduction à l'étude des corps naturels tirés du règne minéral. Tome 1 / . Par M. Bucquet,..."
            },
            {
                  "doc_url": "https://gallica.bnf.fr/ark:/12148/bpt6k5807926f",
                  "emotions": [
                        "disgust"
                  ],
                  "excerpt": "Celte racine est dense , résineuse , pesante , friable , grise ou noirâtre et ridée en dehors , d ' un gris foncé ou brunâtre et veinée en dedans , d ' une cassure ondulée , lisse , offrant beaucoup de points brillans ; pilée , elle donne une poudre grise .ou jaune - brunâtre , d ' une odeur particulière , répugnanle el d ' une saveur résineuse , acre , nauséeuse , piquante .Pour l ' usagé homoeopathïque , il ne faut pas se servir deS morceaux légers , d ' un brun clair à l ' extérieur , blanchâtres ou d ' un gris pâle à l ' intérieur , ni de ceux qui seraient sans brillant , sans stries , spongieux , vermoulus et par trop friables .",
                  "id": "6",
                  "title": "Nouvelle pharmacopée homoeopathique, ou de la Préparation des médicaments homoeopathiques et de l'administration des doses / par G. H. G. Jahr"
            },
            {
                  "doc_url": "https://gallica.bnf.fr/ark:/12148/bpt6k9770292c",
                  "emotions": [
                        "disgust"
                  ],
                  "excerpt": "Je le dis souvent à ma fille , les plaintes sont indignes d ' une âme fière et ne réparent r en , d ' ailleurs .Ainsi , nous faisons usage de cette huile de pétrole , dont l ' odeur m ' est odieuse .A quoi cela m ' avancerait - il de regretter les deux magnifiques carcels qui éclairèrent autrefois mon petit salon ? Le silence , c ' est la beauté du malheur .",
                  "id": "7",
                  "title": "Les vrais riches / François Coppée,... ; illustrations de Lobel-Riche"
            },
            {
                  "doc_url": "https://gallica.bnf.fr/ark:/12148/bpt6k5807926f",
                  "emotions": [
                        "disgust"
                  ],
                  "excerpt": "Tige droite , arrondie , haute de 9 à 14 décimètres , d ' un vert gris , chargée de tâches d ' un rouge dé sang , laiteuse ; feuilles horizontales , sessiles , demi - ampléxicaules , aiguillonnées à la carène ; fleurs petites , hermaphrodites , terminales , d ' un jaune pâle ; fruits noirs .Toute la planle aune odeur trcs - âcre et nauséeuse , une saveur amère , et contient dans toutes ses parties un sue laiteux , blanc , d ' une saveur amère et piquante .On prend la plante entière , au temps de sa floraison ( de juin en août ) , pour en exprimer le suc , qu ' on traite ensuite comme celui de toutes les autres plantes fraîches .",
                  "id": "8",
                  "title": "Nouvelle pharmacopée homoeopathique, ou de la Préparation des médicaments homoeopathiques et de l'administration des doses / par G. H. G. Jahr"
            },
            {
                  "doc_url": "https://gallica.bnf.fr/ark:/12148/bpt6k10982492",
                  "emotions": [
                        "disgust"
                  ],
                  "excerpt": "On incise cet arbre , et des incisions il dégoutte un suc qui forme des masses plus ou nioins volumineuses et qui , telles qu ’ on les Irouvc dans le commerce , sont d ’ un brun jaunâtre à l ’ extérieur , et d ’ un jaune rougeâtre à l ’ intérieur .Celte substance est friable et sa cassure est brillante ; elle est sans odeur , et sa saveur presque nulle laisse à peine dans la gorge une légère sensation d ’ âcreté .Sa poudre est d ' un jaune pur éclatant , et sa dissolution dans l ’ eau est d ’ un jaune magnifique .",
                  "id": "9",
                  "title": "Dictionnaire d'agriculture pratique comprenant tout ce qui se rattache à la grande culture, au jardinage, à la botanique, à la culture des arbres et des fleurs, à la chimie, à la médecine humaine et vétérinaire, à l'entomologie, à la géologie, et à la mécanique agricole ; par M. P. Joigneaux, auteur de la Chimie du cultivateur, d'un traité des engrais, etc., et M. C. Moreau, docteur en médecine. Tome premier [-second]"
            },
            {
                  "doc_url": "https://gallica.bnf.fr/ark:/12148/bpt6k10982492",
                  "emotions": [
                        "disgust"
                  ],
                  "excerpt": "TI ' RK .elles ont une saveur chaude , amère et âcre ; si on les écrase et qu ’ on les approche du nez , elles déterminent J ' élernuemcnt .Ses fleurs sont rouges ; on se sert en médecine des feuilles de cette espèce ; elles passent pour être excitantes et cordiales , et elles ont .",
                  "id": "10",
                  "title": "Dictionnaire d'agriculture pratique comprenant tout ce qui se rattache à la grande culture, au jardinage, à la botanique, à la culture des arbres et des fleurs, à la chimie, à la médecine humaine et vétérinaire, à l'entomologie, à la géologie, et à la mécanique agricole ; par M. P. Joigneaux, auteur de la Chimie du cultivateur, d'un traité des engrais, etc., et M. C. Moreau, docteur en médecine. Tome premier [-second]"
            },
            {
                  "doc_url": "https://gallica.bnf.fr/ark:/12148/bpt6k14176709",
                  "emotions": [
                        "disgust",
                        "annoyance"
                  ],
                  "excerpt": "Nous ajouterons que la forme de granules adoptée par M .Laboureur dépouille Je valérianate d ’ ammoniaque du grave inconvénient qu ’ il a de posséder une odeur et une saveur repoussantes .— La dose ordinaire est de f 0 à 12 granules dans les vingt - quatre heures .",
                  "id": "11",
                  "title": "Le Moniteur des sciences médicales et pharmaceutiques / rédacteur en chef M. H. de Castelnau"
            },
            {
                  "doc_url": "https://gallica.bnf.fr/ark:/12148/bpt6k97424634",
                  "emotions": [
                        "disgust"
                  ],
                  "excerpt": "~ Of Propriétés .L ' herbe & les feuilles ont une odeur de camphre , & sont âcres au goût ; elles sont expoctorantes , incisives , antiasthrnatiques , emménagogues , ludorifiques , apéritives .Quelques Auteurs les regardent aussi comme vulnéraires .",
                  "id": "12",
                  "title": "Démonstrations élémentaires de botanique, à l'usage de l'École royale vétérinaire.... Tome 2"
            },
            {
                  "doc_url": "https://gallica.bnf.fr/ark:/12148/bpt6k97424634",
                  "emotions": [
                        "disgust"
                  ],
                  "excerpt": "0 Propriétés .Toute cette plante a un goût amer , une odeur forte & fétide ; elle est fondante , apéritive , antispasmodique , fébrifuge , vermi - fuge , carminative .Ujages .",
                  "id": "13",
                  "title": "Démonstrations élémentaires de botanique, à l'usage de l'École royale vétérinaire.... Tome 2"
            },
            {
                  "doc_url": "https://gallica.bnf.fr/ark:/12148/bpt6k58235998",
                  "emotions": [
                        "disgust",
                        "boredom"
                  ],
                  "excerpt": "Les eaux sulfureuses sont parfaitemens bien imitées par l ' art , soit en chargeant l ' eau de gaz hydrogène sulfuré , soit en ajoutant à celle - ci un peu de sulfure alcalin .Ces eaux ont une odeur et une saveur hépatique .Elles sont résolutives , fondantes , diaphorétiques , propres contre les obstructions des viscères du bas - ventre , de la poitrine , contre la jaunisse et les tumeurs extérieures .",
                  "id": "14",
                  "title": "Nouveau dictionnaire général des drogues simples et composées de Lémery, revu, corrigé et considérablement augmenté par Simon Morelot.... Tome 1"
            },
            {
                  "doc_url": "https://gallica.bnf.fr/ark:/12148/bpt6k58235998",
                  "emotions": [
                        "disgust"
                  ],
                  "excerpt": "Leurs graines sont estimées analogues à celles de l ' orobe .Les feuilles sont purgatives dans un degré inférieur à pelles du séné du Levant : elles fournissent une teinture à l ' eau , par la décoction , dont l ' odeur est nauséabonde , Leurs racines sont estimées propres pour chasser les humeurs ; malignes pour transpiration .Les semences infusées dans le vinaigre sont bonnes pour guérir la grattelle .",
                  "id": "15",
                  "title": "Nouveau dictionnaire général des drogues simples et composées de Lémery, revu, corrigé et considérablement augmenté par Simon Morelot.... Tome 1"
            },
            {
                  "doc_url": "https://gallica.bnf.fr/ark:/12148/bpt6k5457646k",
                  "emotions": [
                        "disgust",
                        "anger",
                        "annoyance",
                        "disapproval"
                  ],
                  "excerpt": "Air : du Vaudeville de Florian .Toi dont la piquante saveur D ' Horace alluma la colère .Et malgré cette défaveur , Au bon Virgile avait su plaire ; Oignon modeste , hôte des champs , Pour loi je saisis l ' épinetle : Fidèle à mes humbles penchans , Sois l ' objet de ma chansonnette .",
                  "id": "16",
                  "title": "Chansons. Mots donnés"
            },
            {
                  "doc_url": "https://gallica.bnf.fr/ark:/12148/bpt6k14176709",
                  "emotions": [
                        "disgust"
                  ],
                  "excerpt": "Nous ajouterons que la forme de granules adoptée par M .Laboureur dépouille le valêrianate d ’ ammoniaque du grave inconvénient qu ’ il a de posséder une odeur et une saveur repoussantes .— La dose ordinaire est de 10 à 12 granules dans les vingt - quatre heures .",
                  "id": "17",
                  "title": "Le Moniteur des sciences médicales et pharmaceutiques / rédacteur en chef M. H. de Castelnau"
            },
            {
                  "doc_url": "https://gallica.bnf.fr/ark:/12148/bpt6k58235998",
                  "emotions": [
                        "surprise",
                        "disgust"
                  ],
                  "excerpt": "Si on le pique avec un fil de fer rougi au feu , celuici le pénètre facilement , parce qu ' il fond la substance résineuse .Le bois d ' aloës est stupéfiant , anthelmintique .On le prend en poudre à la dose de vingt grains ( io décigrammes ) .",
                  "id": "18",
                  "title": "Nouveau dictionnaire général des drogues simples et composées de Lémery, revu, corrigé et considérablement augmenté par Simon Morelot.... Tome 1"
            },
            {
                  "doc_url": "https://gallica.bnf.fr/ark:/12148/bpt6k10982492",
                  "emotions": [
                        "sadness",
                        "disgust",
                        "boredom",
                        "despair",
                        "disappointment"
                  ],
                  "excerpt": "Les Perses , au contraire , la mélangent avec tous leurs aliments et toutes leurs boissons et 1 appellent : les délices des dieux .Sa saveur est âcre et amère .L assa - fwtida est employée en médecine dans l hystérie , les palpitations du coeur , les accès d asthme , enfin dans la plupart des maladies nerveuses , qu elle réussit souvent h guérir .",
                  "id": "19",
                  "title": "Dictionnaire d'agriculture pratique comprenant tout ce qui se rattache à la grande culture, au jardinage, à la botanique, à la culture des arbres et des fleurs, à la chimie, à la médecine humaine et vétérinaire, à l'entomologie, à la géologie, et à la mécanique agricole ; par M. P. Joigneaux, auteur de la Chimie du cultivateur, d'un traité des engrais, etc., et M. C. Moreau, docteur en médecine. Tome premier [-second]"
            },
            {
                  "doc_url": "https://gallica.bnf.fr/ark:/12148/bpt6k10982492",
                  "emotions": [
                        "disgust"
                  ],
                  "excerpt": "de Candolle entre autres , le regardent comme un champignon parasite ; d ’ autres pensent que celte affection est le résultat de la piqûre d ' un insecte .Quoi qu ’ il en soit , cette substance possède à l ’ état frais une odeur désagréable et nauséabonde qu ’ elle perd par la dessiccation ; sa saveur est amère et légèrement âcre ; réduite en poudre , elle attire riiumidité et s ’ altère rapidement .Lorsqu une certaine quantité d ergot se trouve mêlée aux aliments , elle amène des accidents graves et qui peuvent se terminer par la mort ou la perte des membres .",
                  "id": "20",
                  "title": "Dictionnaire d'agriculture pratique comprenant tout ce qui se rattache à la grande culture, au jardinage, à la botanique, à la culture des arbres et des fleurs, à la chimie, à la médecine humaine et vétérinaire, à l'entomologie, à la géologie, et à la mécanique agricole ; par M. P. Joigneaux, auteur de la Chimie du cultivateur, d'un traité des engrais, etc., et M. C. Moreau, docteur en médecine. Tome premier [-second]"
            }
      ]
}