{
      "articles": [
            {
                  "doc_url": "https://gallica.bnf.fr/ark:/12148/bpt6k54285778",
                  "emotions": [
                        "disgust",
                        "annoyance",
                        "disapproval"
                  ],
                  "excerpt": "A l ' exception de son vieil oncle , il ne connaissait personne dans le pays } il n ' avait voulu renouer avec aucune des anciennes connaissances de sa famille , ce qui commença de .le meltre en mauvaise odeur dans la ville .Il allait seulement passer les soirées trop longues au café en vogue où se tenaient les jeunes gens , qui lui marquèrent assez de déférence , en sa qualité do Parisien .",
                  "id": "1",
                  "title": "Les garnaches ; Brigitte ; Le souverain de Kazakaba / Édouard Ourliac ; avec une notice sur Édouard Ourliac, par Charles Monselet"
            },
            {
                  "doc_url": "https://gallica.bnf.fr/ark:/12148/bpt6k206619n",
                  "emotions": [
                        "disgust"
                  ],
                  "excerpt": "ce fait .Combien , de fois n ' a - t - on pas vu des personnes que l ' on croyait mortes , exhalant une mau - vaise odeur , offrant plusieurs taches vio - lettes sur la peau et quelques autres signes de putréfaction , se rétablir dans l ' espace de quelques heures l ' aide ^ des secours appropriés ! Dans quelques circonstance , ces phénomènes dépendaient de la pour - riture d ' un membre .4 ° On a regardé comme signe de la mort réelle l ' état cadavéreux de la face , dont Hippocrate a donné la description suivante front ridé et aride , yeux caves , nez pointu , bordé d ' un cercle violet ou noirâtre tempes affaissées , creuses est retirées ; oreilles redressées , lèvres pen - , dantes , pommettes enfoncées , menton ridé et racorni , couleur de la peau plom - bée ou violette poil des narines ou des cils parsemé d ' une espéce .",
                  "id": "2",
                  "title": "Secours à donner aux personnes empoisonnées et asphyxiées : suivis des moyens propres à reconnaître les poisons et les vins frelatés, et à distinguer la mort réelle de la mort apparente (2e éd. rev., corr. et augm.) / par M.-P. [i.e. M.-B.] Orfila,..."
            },
            {
                  "doc_url": "https://gallica.bnf.fr/ark:/12148/bpt6k9616930n",
                  "emotions": [
                        "disgust"
                  ],
                  "excerpt": "CARACTERES : Plaques saccharoïdes ou cristaux incolores transparents .Odeur vive , saveur amère et brûlante .Traité par les alcalis , il se dédouble à froid en chloroforme et en formiate .",
                  "id": "3",
                  "title": "Manuel vétérinaire ou Formulaire des médications rationnelles et des remèdes secrets (conforme au Codex 1908), par René Cerbelaud, pharmacien-chimiste, docteur en pharmacie de l'Université de Paris, ancien interne des hôpitaux de Paris, ex-interne lauréat des asiles de la Seine, ex-chimiste expert de la ville de Paris, prix de chimie (médaille de vermeil), ancien élève de l'Institut Pasteur. 1922"
            },
            {
                  "doc_url": "https://gallica.bnf.fr/ark:/12148/bpt6k9692459c",
                  "emotions": [
                        "disgust",
                        "anger"
                  ],
                  "excerpt": "Lamelles libres , ventrues , blancgrisâtres puis incarnates .Odeur forte .Automne , bord des bois , pelouses moussues .",
                  "id": "4",
                  "title": "Champignons observés à La Rochelle et dans les environs / par M. Georges Bernard,..."
            },
            {
                  "doc_url": "https://gallica.bnf.fr/ark:/12148/bpt6k6228812p",
                  "emotions": [
                        "disgust"
                  ],
                  "excerpt": "L ' hédérine du commerce vient de l ' orient .Cette ré \" Oe est d ' un jaune - rougeâtre sans odeur , à moins qu ' on proche du feu ; car alors elle répand une odeur agrea qui approche de celle de l ' encens oliban .Elle en ( re comme résolutive dans plusieurs onguents .",
                  "id": "5",
                  "title": "Bibliothèque de la conversation. Première partie : véritable encyclopédie portative des connaissances humaines / par MM. Honoré Arnoul,..., Frédéric Thomas,..., Isabelle,... [et al.] ; Honoré Arnoul, rédacteur en chef"
            },
            {
                  "doc_url": "https://gallica.bnf.fr/ark:/12148/bpt6k5730026r",
                  "emotions": [
                        "disgust"
                  ],
                  "excerpt": "|— adv .sentir , mquvqis , exhaler une mauvaise odeur .Trouver mauvais , désapprouver .",
                  "id": "6",
                  "title": "Nouveau Vocabulaire français de De Wailly : où l'on a suivi l'orthographe du Dictionnaire de l'Académie... (Vingt-deuxième édition) / par François De Wailly,... et Etienne De Wailly,..."
            },
            {
                  "doc_url": "https://gallica.bnf.fr/ark:/12148/bpt6k62284693",
                  "emotions": [
                        "disgust"
                  ],
                  "excerpt": "7 ° L ' aristoloche à grandes lèvres ( Arislolochia iosa , cymbifera , ringens ) croît au Brésil et est Itivée en serre chaude en Europe comme plante nementale ; sa tige , volubile , sarmentense , est totiverte d ' une couche subéreuse ; ses feuilles réliformes sont obtuses ; elle donne , en juillet et étohre , de très grandes fleurs , bilahiées , à lèvre tupérieure en forme de casque , d ' un jaune pâle ramé de carmin foncé .Sa racine a une odeur pélétrante et désagréable , analogue à celle de la e , une saveur forte , amère et aromatique ; elle irt au Brésil contre les ulcères et , en général , fax mêmes usages que la serpentaire .8 ° La grande aristoloche , ( Arislolochia granditoro , giganlea , arborescens ) est très répandue aux tilles , à Guatemala , à Porto - Rico ; on l ' appelle ue - coclton ; elle empoisonne le bétail .",
                  "id": "7",
                  "title": "Dictionnaire d'agriculture : encyclopédie agricole complète. Tome premier, A-B / par J.-A. Barral,... ; continué sous la direction de Henry Sagnier,..."
            },
            {
                  "doc_url": "https://gallica.bnf.fr/ark:/12148/bpt6k58483135",
                  "emotions": [
                        "disgust"
                  ],
                  "excerpt": "11 a une vertu particulière de guérir du sable et de la grave - Ile , et même fait rendre des pierres , ce qui a été expérimenté .Le cassis est anlivenimeux .Lorsque quelqu ' un se sent piqué de quelque bête venimeuse ou mordu de chiens enragés , si on a des feuilles de cassis , il faut aussitôt en piler deux bonnes poignées et en exprimer le suc dans du vin blanc et le faire prendre au malade .",
                  "id": "8",
                  "title": "Botanique médicale : encyclopédie de la santé (10e édition) / par le docteur Jules Massé"
            },
            {
                  "doc_url": "https://gallica.bnf.fr/ark:/12148/bpt6k55683523",
                  "emotions": [
                        "disgust"
                  ],
                  "excerpt": "Rome , il affectionnait les types vulgaires , les guenilles , les difformités et jusqu ' aux plaies de la débauche .Aussi les oeuvres de ces deux hommes qu ' il est permis de rapprocher l ' un de l ' autre exhalent - elles trop souvent une odeur de mauvais lieu qui les déshonore .Elles étalent avec une franchise qui va jusqu ' à l ' effronterie le goût des objets dégradés , de la réalité rebutante ; toutefois , la vigueur de l ' expression n ' y dégénère pas toujours en cynisme , la vérité des tableaux n ' y est pas toujours éhontée .",
                  "id": "9",
                  "title": "La gravure : précis élémentaire de ses origines, de ses procédés et de son histoire (Nouvelle éd.) / par le Vte Henri Delaborde, secrétaire perpétuel de l'Académie des Beaux-Arts, conservateur du Département des Estampes à la Bibliothèque nationale"
            },
            {
                  "doc_url": "https://gallica.bnf.fr/ark:/12148/bpt6k3041509f",
                  "emotions": [
                        "disgust"
                  ],
                  "excerpt": "Ils ont plus d ’ embonpoint que les lièvres ; leur chair efl auffi fort différente par la couleur 6c par le goût : celle des jeunes lapereaux efl très - délicate , mais celle des vieux lapins eft fèche & dure .Celle des lapins clapiers ou domelliques nourris à la malfon , n ’ a pas le fumet auffi agréable que celle des lapins de garenne ou de campagne , à moins qu ’ on ne leur donne de bonne nourriture , 6c fur - tout beaucoup de genièvre .ijS L A F Tous les lapins fauvages font gris ; les clapiers , comme les autres animaux domeftiques , varient pour la couleur ; il y en a de blancs , de noirs & de gris ; cette dernière couleur eft cependant encore la couleur dominante .",
                  "id": "10",
                  "title": "Encyclopédie méthodique. Histoire naturelle.... Tome 1"
            },
            {
                  "doc_url": "https://gallica.bnf.fr/ark:/12148/bpt6k9781149m",
                  "emotions": [
                        "disgust",
                        "greed"
                  ],
                  "excerpt": "Les vautours se reconnaissent à la nudité d ' une portion de leur tête et même de leur cou , à la forme de leur bec , qui est allongé et recourbé seulement au bout .Leur aspect est désagréable , et ils exhalent une odeur infecte , parce qu ' ils ne se nourrissent que de cadavres ; ils sont extrêmement voraces .Il y a quatre genres de vautours : Les vautours proprement dits , qui se distinguent par le collier de plumes qui entoure la base de leur cou , par exemple le vautour fauve ; Les sarcoramphes , pourvus de deux caroncules ou masses charnues qui s ' élèvent au - dessus de la base de leur bec , par exemple : le roi des vautours , le condor des Andes .",
                  "id": "11",
                  "title": "Le règne animal (zoologie) / publié par Ad. Rion"
            },
            {
                  "doc_url": "https://gallica.bnf.fr/ark:/12148/bpt6k5448275z",
                  "emotions": [
                        "disgust"
                  ],
                  "excerpt": "Suivant l ' expression du docteur Budd citée par notre collègue , l ' égout devient comme un prolongement du tube intestinal , où circulent les matières diarrhéiquesqui contiennent l ' agent actif de la contagion .Il peut n ' y avoir aucune odeur putride , et la contagion sortir toute armée de chaque bouche d ' égout , pour contaminer toute une population .J ' avoue qu ' ici encore je conserve les plus grands doutes ! Je ne veux pas discuter si le cont ^ ge est spécialement enfermé dans les déjections du typhoïque , ou s ' il ne s ' exhale pas sous forme de miasme , de toute la surface du corps et surtout par les voies respiratoires ; je m ' en tiens au rôle des égouts et je le crois de bien peu d ' importance .",
                  "id": "12",
                  "title": "Étiologie et pathogénie de la fièvre typhoïde / par M. Chauffard ; Académie de médecine"
            },
            {
                  "doc_url": "https://gallica.bnf.fr/ark:/12148/bpt6k9773261r",
                  "emotions": [
                        "disgust",
                        "desire",
                        "excitement"
                  ],
                  "excerpt": "Janneke , rivé sur place , les mains dans les poches , n ' avait pas perdu un moment de cette longue exécution .Il humait l ' odeur du sang abominablement douce , se grisait à cet acharnement des lourds compagnons sur cette victime chétive , prenait plaisir à la destruction graduelle de cette vie inférieure , mais tenace .Ce réjoui de Jurgen mettant fin à la joute , Janneke lâcha un juron de dépit .",
                  "id": "13",
                  "title": "Kees Doorik : scènes du Polder / Georges Eekhoud"
            },
            {
                  "doc_url": "https://gallica.bnf.fr/ark:/12148/bpt6k3041509f",
                  "emotions": [
                        "disgust",
                        "greed"
                  ],
                  "excerpt": "Us s ’ accouplent au printemps , produifent en été , & font cinq ou ftx petits qui croiffent promptement , mais qui cependant ne produifent eux - mêmes que dans l ’ année luivante .Leur chair n ’ eft pas mangeable comme celle du loir ; ils ont même la mauvaife odeur du rat domeftique , au lieu que le loir ne fent rien : ils ne deviennent pas aufli gras , & manquent des feuillets graifteux qui fe trouvent dans le loir & qui enveloppent la maffe entière de fes inteftins .On trouve des lérots dans tous les climats tempérés de l ’ Europe , & jufqu ’ en Pologne ÔC en Prude , mais il ne paroît pas qu ’ il y en ait en Suède ni dans les autres pays feptentrionaux .",
                  "id": "14",
                  "title": "Encyclopédie méthodique. Histoire naturelle.... Tome 1"
            },
            {
                  "doc_url": "https://gallica.bnf.fr/ark:/12148/bpt6k3041651c",
                  "emotions": [
                        "disgust"
                  ],
                  "excerpt": "Toniques , quinquina surtout ; vins de Bordeaux , de Porto , etc .; boissons aromatiques ; révulsifs ; mais gardez - vous des vésicatoires à demeure , qui dégénèrent presque toujours ; chlorure de Labar - raque ; stricte propreté .: 5 “ Formes adynnmique , ataxo - adynamique , comateuse .",
                  "id": "15",
                  "title": "Du typhus de l'armée d'Orient / par le docteur Félix Jacquot,..."
            },
            {
                  "doc_url": "https://gallica.bnf.fr/ark:/12148/bpt6k9616930n",
                  "emotions": [
                        "disgust",
                        "despair",
                        "disappointment"
                  ],
                  "excerpt": "Odeur spéciale .Saveur amère et térébinthacée .CARACTERES DIFFERENCIELS ENTRE LE JUNIPERUS SABINA ( SABINE VRAIE ) ET LE JUNIPERUS PH Œ NICEA ( FAUSSE SABINE ) : On substitue fréquemment , en France , le Juniperus phœnicea à la Sabine , et il est très important de différencier ces deux espèces , car le Juniperus phœnicea est inactif .",
                  "id": "16",
                  "title": "Manuel vétérinaire ou Formulaire des médications rationnelles et des remèdes secrets (conforme au Codex 1908), par René Cerbelaud, pharmacien-chimiste, docteur en pharmacie de l'Université de Paris, ancien interne des hôpitaux de Paris, ex-interne lauréat des asiles de la Seine, ex-chimiste expert de la ville de Paris, prix de chimie (médaille de vermeil), ancien élève de l'Institut Pasteur. 1922"
            },
            {
                  "doc_url": "https://gallica.bnf.fr/ark:/12148/bpt6k6577069h",
                  "emotions": [
                        "disgust"
                  ],
                  "excerpt": "Ce monument , consacré par la reconnaissanceàunefemme valeureuse , qui , en1543 , sauva sa patrie de la fureur de Barberousse , d ' une femme qui repoussa les Turcs , et leur enleva un drapeau de sa propre main , est une méchante moulure en plâtre , déjà dégradée , quoique toute récente .Une eau croupissante , dont l ' odeur fétide repousse le spectateur , environne le piédestal .C ' est insulter aux morts illustres que de leur ériger des trophées aussi indignes de leur gloire .",
                  "id": "17",
                  "title": "Beautés de l'histoire de la Savoie et de Genève, du Piémont, de la Sardaigne et de Gênes... Par P.-J.-B. Nougaret,..."
            },
            {
                  "doc_url": "https://gallica.bnf.fr/ark:/12148/bpt6k9616930n",
                  "emotions": [
                        "disgust"
                  ],
                  "excerpt": "Sa cassure est blanchâtre et nacrée .Son odeur est caractéristique et sa saveur est nauséeuse .La gomme ammoniaque sert à préparer l ' emplâtre de diachylon gommé et l ' emplâtre mercuriel .",
                  "id": "18",
                  "title": "Manuel vétérinaire ou Formulaire des médications rationnelles et des remèdes secrets (conforme au Codex 1908), par René Cerbelaud, pharmacien-chimiste, docteur en pharmacie de l'Université de Paris, ancien interne des hôpitaux de Paris, ex-interne lauréat des asiles de la Seine, ex-chimiste expert de la ville de Paris, prix de chimie (médaille de vermeil), ancien élève de l'Institut Pasteur. 1922"
            },
            {
                  "doc_url": "https://gallica.bnf.fr/ark:/12148/bpt6k9616930n",
                  "emotions": [
                        "disgust"
                  ],
                  "excerpt": "En présence de l ' air , il dégage une odeur d ' amande amère .Excessivement toxique : ne jamais goûter ce produit , si l ' on perçoit l ' odeur d ' amande amère .Le cyanure s ' altère vite , sous l ' influence de l ' acide carbonique de l ' air , et il dégage de l ' acide cyanhydrique , aussi il importe de vérifier son titrage , surtout lorsqu ' il est humide .",
                  "id": "19",
                  "title": "Manuel vétérinaire ou Formulaire des médications rationnelles et des remèdes secrets (conforme au Codex 1908), par René Cerbelaud, pharmacien-chimiste, docteur en pharmacie de l'Université de Paris, ancien interne des hôpitaux de Paris, ex-interne lauréat des asiles de la Seine, ex-chimiste expert de la ville de Paris, prix de chimie (médaille de vermeil), ancien élève de l'Institut Pasteur. 1922"
            },
            {
                  "doc_url": "https://gallica.bnf.fr/ark:/12148/bpt6k62284693",
                  "emotions": [
                        "disgust"
                  ],
                  "excerpt": "L ' amanitine se présente sous la forme d ' un liquide brun , très soluble dans l ' eau , également soluble dans l ' alcool et l ' ûther ; ce dernier dissolvant peut l ' enlever à l ' eau .Elle a une odeur repoussante rappelant celle de l ' aconine .Elle est volatile sans décomposition .",
                  "id": "20",
                  "title": "Dictionnaire d'agriculture : encyclopédie agricole complète. Tome premier, A-B / par J.-A. Barral,... ; continué sous la direction de Henry Sagnier,..."
            }
      ]
}