{
      "articles": [
            {
                  "doc_url": "https://gallica.bnf.fr/ark:/12148/bpt6k130383q",
                  "emotions": [
                        "disgust"
                  ],
                  "excerpt": "Le prurit augmente un peu le soir , à la chaleur du lit .Quand la maladie est arrivée à un certain degré , les malades exhalent une odeur spéciale , nauséeuse .Les taches ne demeurent pas limitées à la face , elles peuvent se rencontrer sur les membres supérieurs et inférieurs , sur le dos des pieds et des mains , sur l ' abdomen , voire même la face antérieure de la poitrine .",
                  "id": "1",
                  "title": "Traité pratique des maladies des pays chauds et tropicaux / par le docteur J. Brault,..."
            },
            {
                  "doc_url": "https://gallica.bnf.fr/ark:/12148/bpt6k5859756w",
                  "emotions": [
                        "disgust"
                  ],
                  "excerpt": "192 JOSE Elle possède toutes les propriétés physiques de l ' eau de l ' Ours ; sa température est la même , soit 13 ° 8 ; mais sa minéralisation est un peu plus élevée , et l ' augmentation porte sur le bicarbonate de chaux et le chlorure de sodium .Elle dégage à la source une légère odeur bitumineuse .Elle a été analysée en 1845 par M .",
                  "id": "2",
                  "title": "Dictionnaire des eaux minérales du département du Puy-de-Dôme / par P. Truchot,..."
            },
            {
                  "doc_url": "https://gallica.bnf.fr/ark:/12148/bpt6k6480116k",
                  "emotions": [
                        "disgust",
                        "boredom"
                  ],
                  "excerpt": [
                        "Dans ce mois , l ' œillet des fleuristes brille de tout son éclat , et procure de bien douces jouissances aux fleuromanes amateurs de cette fleur .L ' on voit fleurir aussi la mignardise , le souci des jardins , le pied d ' alouette vivace , les achyllées , les diverses variétés de matricaires , les pélargoniums enfin le jasmin blanc , dont l ' odeur si douce plait tant aux femmes ; le laurier rose , les lychnis , qui produisent un si charmant effet lorsqu ' ils sont alternés avec la julienne blanche ; la croix de Jérusalem , double ou simple , rose ou blanche ; les amethistes bleues , les amaranthes empourprées , les divers as - tragales , plusieurs espèces d ' immortelles , les lupins vivaces .Enfin , dans le mois de juin , les roses brillent encore de tout leur éclat et s ' empressent de s ' épanouir sous les derniers baisers du printemps qui va bientôt finir , pour faire place à l ' été et à ses chaleurs dévorantes .",
                        "Les boutures doivent se faire au moment de la sève , avec des pousses de l ' année précédente .Pétunic odorante ( PÉTUNIA NYCTAGINI - FLORA ) .SYN ."
                  ],
                  "id": "3",
                  "title": "Conseils à Emma sur la culture des fleurs... / par un vieil amateur [A. Lesguilliez]"
            },
            {
                  "doc_url": "https://gallica.bnf.fr/ark:/12148/bpt6k5608562r",
                  "emotions": [
                        "disgust"
                  ],
                  "excerpt": "Un malade peut être atteint de spermatorrhéd ( écoulement de sperme ) sans avoir la chaude - pisse .La consistance et l ' odeur spéciale lui révèlent vile sou infirmité , qu ' il pourra traiter énergiquement par la bougie rectale , des bains , des tisanes { mélange diurétique Péyronnet ) , une hygiène sé \\ ère et la vie au grand air exemple d ' excitations physiques et intellectuelles .Spasmes et rétention d ' urine , — Autre fait .",
                  "id": "4",
                  "title": "La médecine par les plantes : traité des maladies secrètes de l'homme et de la femme (25e éd.) / par le professeur L. Peyronnet et son élève le Dr Geo. Davis,..."
            },
            {
                  "doc_url": "https://gallica.bnf.fr/ark:/12148/bpt6k30619598",
                  "emotions": [
                        "disgust"
                  ],
                  "excerpt": "Au reste , les feuilles , même celles qui sont devenues tout - à - fait jaunes , conservent une saveur qui la fait facilement distinguer .Ce n ’ est plus la saveur brûlante de la plante verte , mais un goût âcre cl piquant encore très - fortement prononcé » Préparations , doses .On peut donner à l ' intérieur 812 Fersicaire âcre .",
                  "id": "5",
                  "title": "Manuel des plantes médicinales, ou Description, usage et culture des végétaux indigènes employés en médecine ... Par A. Gautier,..."
            },
            {
                  "doc_url": "https://gallica.bnf.fr/ark:/12148/bpt6k5822038j",
                  "emotions": [
                        "surprise",
                        "disgust"
                  ],
                  "excerpt": "Je traversai , à une lieue de Caïffa , le torrent de Cison , qui était à sec , et qui prend sa source au montThabord , pour traverser ensuite la Galilée méridionale .' Tout - à - coup je fus comme repoussé par une horrible odeur que je ne sus comment m ' expliquer .Mon guide me tira d ' embarras et m ' apprit que cette infection provenait de plusieurs tas de sauterelles que le vent avait précipitées dans la meretque les flots avaient rejetêes surlerivage , où elles se pourrissaient : ce qui cause tous les ans des maladies dans les environs .",
                  "id": "6",
                  "title": "Voyage en Orient / par l'abbé H..."
            },
            {
                  "doc_url": "https://gallica.bnf.fr/ark:/12148/bpt6k5682720f",
                  "emotions": [
                        "disgust"
                  ],
                  "excerpt": "et passe au jaune - brun en se décomposant .L ' odeur est nauséabonde , et à l ' intérieur on voit des filaments bruns , indice de décomposition .Quelquefois le chapeau , au lieu de s ' affaisser sur le pédicule , se retourne comme ceux des chanterelles ; les feuillets sont réunis en une masse spongieuse , soudée aux bords du .",
                  "id": "7",
                  "title": "Le Champignon de couche, culture bourgeoise et commerciale, récolte et conservation, par Jean Lachaume,..."
            },
            {
                  "doc_url": "https://gallica.bnf.fr/ark:/12148/bpt6k30619598",
                  "emotions": [
                        "disgust",
                        "anger",
                        "disapproval"
                  ],
                  "excerpt": "4 ^ 8 * ! Hépatique étoilée , v .Aspérule ! odorante .241 Heracleum sphondylium .",
                  "id": "8",
                  "title": "Manuel des plantes médicinales, ou Description, usage et culture des végétaux indigènes employés en médecine ... Par A. Gautier,..."
            },
            {
                  "doc_url": "https://gallica.bnf.fr/ark:/12148/bpt6k6480116k",
                  "emotions": [
                        "disgust",
                        "annoyance"
                  ],
                  "excerpt": "Elles sont d ' un bel effet , mais , malheureusement elles exhalent iussi .une odeur forte et désagréable .Cette variété est plus gracieuse , et la plante devient moins forte .",
                  "id": "9",
                  "title": "Conseils à Emma sur la culture des fleurs... / par un vieil amateur [A. Lesguilliez]"
            },
            {
                  "doc_url": "https://gallica.bnf.fr/ark:/12148/bpt6k9601707w",
                  "emotions": [
                        "disgust"
                  ],
                  "excerpt": "» Un nouveau quart de l ' éther est versé dans la même capsule et évaporé comme le précédent .La capsule est exposée ensuite , pendant cinq minutes , au vide au - dessus de l ' acide sulfurique , pour en éliminer l ' ammoniaque que son contenu pourrait retenir 5 enlevée du vide , la matière qu ' elle renferme exhale une odeur animale , piquante , excessivement désagréable .Elle bleuit intensément le papier rouge ; chauffée jusqu ' à environ i oo degrés , elle dégage des .",
                  "id": "10",
                  "title": "Traité des poisons, ou Toxicologie appliquée à la médecine légale, à la physiologie et à la thérapeutique. Tome 3 / par Ch. Flandin,..."
            },
            {
                  "doc_url": "https://gallica.bnf.fr/ark:/12148/bpt6k5430197f",
                  "emotions": [
                        "disgust",
                        "gratitude",
                        "envy"
                  ],
                  "excerpt": "Ceignez ses tempes coruscantes De fleurs , marquises et pacantes ! Même , octroyez quelque linve à Ce bonze honni des cruscantes , Jhouney pochard d ' Iod - Héva .ENVOI SAR Nébo , puisque tu décantes L ' escafignon cher à Çiva , Dégrise en ces odeurs piquantes Jhouney pochard d ' Iod - Héva .BALLADE DES BALLADES Tous les almanachs portent les marques de sa muse .",
                  "id": "11",
                  "title": "Au pays du mufle : ballades et quatorzains / Laurent Tailhade ; préface d'Armand Silvestre"
            },
            {
                  "doc_url": "https://gallica.bnf.fr/ark:/12148/bpt6k6393839z",
                  "emotions": [
                        "disgust",
                        "annoyance",
                        "pain"
                  ],
                  "excerpt": "A chaque instant on y conduit des troupeaux de bœufs , et il n ' est pas toujours sûr pour les piétons de se trouver sur leurpassage .Lestanneriesde Saleron , des fonderiesde suif à chaque pas , des cheminées gigantesques qui versent dans l ' atmosphère les fumées du charbon de terre , des ruisseaux infects où croupissent des eaux de savon , d ' incessantes exhalaisons de détritus d ' animaux , tout concourt à éloigner de ce quartier les personnes que leur profession ne condamne pas a respirer cet amalgame de miasmes putrides .Aussi nVt - il pour habitants que ceux qui veulent de grands espaces à bon marché ; des équarrisseurs , des corroyeurs , des mégissiers , des tanneurs , des marchands de molles à bj - ûler , des cordiers , des marchands de chevaux , des blanchisseurs , des nourrisseurs , et un certain nombre de jardiniers fleuristes , dont les orangeries exhalent en pure perte des parfums inaperçus .",
                  "id": "12",
                  "title": "Le Nouveau conducteur dans Paris et dans les environs, indiquant tout ce qui peut intéresser l'étranger au sein de cette capitale du monde civilisé..."
            },
            {
                  "doc_url": "https://gallica.bnf.fr/ark:/12148/bpt6k6486660k",
                  "emotions": [
                        "disgust"
                  ],
                  "excerpt": "Il la tenait cachée dans sa main droite couverte par sa large manche , quand il se releva sur ses genoux .Et quand l ' abbé de Vicose se pencha sur lui , il en reçut pour toute réponse , non dans les oreilles , mais dans les yeux , une large pluie de la poudre noire , odorante , sternutatoire , que contenait la tabatière .Car c ' était du tronc râpé de cette plante exotique et narcotique à grappes de fleurs jaunes ou violacées , alors récemment découverte , presque inconnue , destinée à un si grand avenir , à une si universelle influence et dont usaient seulement encore quelques sybarites privilégiés , surtout dans l ' Église et dans le cloître ; c ' était du tronc râpé de cette plante appelée tour à tour petum , herbe à Nicot , tabac ( de l ' ile de Tabago ) , qui allait envelopper le monde d ' un nuage de stupéfiante fumée , qu ' était extraite cette poudre jetée non au nez , mais aux yeux de l ' abbé de Vicose .",
                  "id": "13",
                  "title": "Les cadets de Gascogne / par M. de Lescure"
            },
            {
                  "doc_url": "https://gallica.bnf.fr/ark:/12148/bpt6k6480116k",
                  "emotions": [
                        "disgust",
                        "boredom"
                  ],
                  "excerpt": "— En juillet - août , fleurs purpurines , en capitules peu nombreux , solitaires , axillaires , formant des grappes lâches au sommet .Liatride odorante ( L .ODORATISSIMA ) .",
                  "id": "14",
                  "title": "Conseils à Emma sur la culture des fleurs... / par un vieil amateur [A. Lesguilliez]"
            },
            {
                  "doc_url": "https://gallica.bnf.fr/ark:/12148/bpt6k681352",
                  "emotions": [
                        "disgust"
                  ],
                  "excerpt": "Cet or , Pavez - vous fait contrôler , analyser ? Venez , montez avec moi dans mon laboratoire , vous verrez en même temps si je peux travailler là , et je vous montrerai de mon or contrôlé .Trois étages à gravir ; le laboratoire est une ancienne cuisine ; partout des fioles , remplies de singulières mixtures , dont l ' odeur pique la narine par - dessus tout , l ' âpre senteur de l ' acide nitrique concentré .Tenez , en voilà encore , de mon or artificiel .",
                  "id": "15",
                  "title": "Tout yeux, tout oreilles / Jules Huret ; [préface d'Octave Mirbeau]"
            },
            {
                  "doc_url": "https://gallica.bnf.fr/ark:/12148/bpt6k9601707w",
                  "emotions": [
                        "disgust",
                        "boredom",
                        "indifference"
                  ],
                  "excerpt": "On le rencontre aussi sur les grandes routes au pied des ormes .Il a une odeur fade , désagréable , une saveur styptique .Des Amanites .",
                  "id": "16",
                  "title": "Traité des poisons, ou Toxicologie appliquée à la médecine légale, à la physiologie et à la thérapeutique. Tome 3 / par Ch. Flandin,..."
            },
            {
                  "doc_url": "https://gallica.bnf.fr/ark:/12148/bpt6k28942q",
                  "emotions": [
                        "disgust"
                  ],
                  "excerpt": "Son élimination se fait par la peau , les muqueuses et les reins .En s ' éliminant par la salive et la muqueuse bronchique , il donne à l ' haleine une odeur répugnante .Dès que le brome provoque des accidents gastriques , se montrent de la somnolence , de l ' apathie , de la confusion mentale et la diminution des aptitudes génésiques .",
                  "id": "17",
                  "title": "Toxicologie chimique / par le Dr L. Barthe,..."
            },
            {
                  "doc_url": "https://gallica.bnf.fr/ark:/12148/bpt6k9601707w",
                  "emotions": [
                        "disgust"
                  ],
                  "excerpt": "Ces graines sont ovales , de la gros - seur d ' une féve , convexes d ' un côté et planes de l ' autre .Leur odeur est nulle ; leur saveur , d ' abord indifférente , devient , avec le temps , d ' une âcreté insupportable , et qui persiste pendant très - longtemps .Il faut ne les goûter qu ' avec défiance et précaution .",
                  "id": "18",
                  "title": "Traité des poisons, ou Toxicologie appliquée à la médecine légale, à la physiologie et à la thérapeutique. Tome 3 / par Ch. Flandin,..."
            },
            {
                  "doc_url": "https://gallica.bnf.fr/ark:/12148/bpt6k6117269k",
                  "emotions": [
                        "disgust"
                  ],
                  "excerpt": "ABSINTHE , sf .plante aromatique et amère ; liqueur qui en est faite .ABSOLU , UE , adj .",
                  "id": "19",
                  "title": "Cours complet de la langue française, par M. Guérard. Dictionnaire abrégé de la langue française (extrait du Dictionnaire général),... par MM. Guérard,... Sardou..."
            },
            {
                  "doc_url": "https://gallica.bnf.fr/ark:/12148/bpt6k30619598",
                  "emotions": [
                        "disgust",
                        "annoyance"
                  ],
                  "excerpt": "Feuilles opposées , grandes , à pétioles un peu eanaliculés , ailées avec impaire , formées de onze ou treize folioles opposées par paire , ovales , pointues , à petites dents dirigées en haut , glabres , et d ’ un beau vert clair un peu plus foncé en dessus .L ’ écorce , mais surtout les feuilles , ont une amertume assez prononcée et un peu styptique , qui n ’ est pas désagréable ; elles sont sans odeur .Les semences sont un peu aromatiques et amères .",
                  "id": "20",
                  "title": "Manuel des plantes médicinales, ou Description, usage et culture des végétaux indigènes employés en médecine ... Par A. Gautier,..."
            }
      ]
}