{
      "articles": [
            {
                  "doc_url": "https://gallica.bnf.fr/ark:/12148/bpt6k62488854",
                  "emotions": [
                        "disgust",
                        "excitement"
                  ],
                  "excerpt": "ces claquements sont produits par leurs mâchoires affamées .Il n ' est pas enfin jusqu ' à leur souffle ardent , s ' exhalant de leur gorge avec une écœurante odeur de musc , jusqu ' à l ' éclair luisant dans leurs gros yeux immobiles qui n ' indique une convoitise féroce .Il y en a des centaines , et il en arrive encore .",
                  "id": "1",
                  "title": "Aventures d'un gamin de Paris au pays des lions / par Louis Boussenard ; illustrées de dessins de H. Castelli ; gravés par A. Lemoine"
            },
            {
                  "doc_url": "https://gallica.bnf.fr/ark:/12148/bpt6k3044095d",
                  "emotions": [
                        "disgust"
                  ],
                  "excerpt": [
                        "Elles ont un très - grand nombre de côtes .Leur odeur n ’ eft pas défagréable .Les fleurs , qui font de couleur de pourpre foncé , & fans odeur , croilfent fut des pédicules foibles < k ronds , & font quelquefois deux ou trois enfemble .",
                        "Il relfemble à la pomme de pin ; verd en dehors , blanG en dedans , mêlé de pépins noirs , 8e d ' une fubllance fi molle , qu ' on le mange avec la cuiller .Son odeur ell celle de l ' ambre 8c de l ' eau - rofe , mêlés enfemble .Il ell dans fa maturité aux mois de Novembre 8c de Décembre ."
                  ],
                  "id": "2",
                  "title": "Dictionnaire des voyages, contenant ce qu'il y a de plus remarquable, de plus utile, & de mieux avéré, dans les pays où les voyageurs ont pénétré : touchant leur situation, leur étendue, leurs limites, leur climat... avec les moeurs et les usages des habitans, leur religion... &c.. I. A-B"
            },
            {
                  "doc_url": "https://gallica.bnf.fr/ark:/12148/bpt6k6308122b",
                  "emotions": [
                        "disgust"
                  ],
                  "excerpt": "« Dans l ' enfance , dit Cabanis , Finfluence de l ' odorat est presque nulle , dans la vieillesse elle est faible : son époque véritable est celle de la jeunesse , de l ' amour ! » L ' odorat semble encore être moins développé chez la femme que chez l ' homme , comme d ' ailleurs dans toutes les espèces , puisque c ' est le mâle qui doit rechercher la femelle .La femme présente une odeur toute particulière ; c ' est l ' odor di femina .des ' Italiens .",
                  "id": "3",
                  "title": "La volupté et les parfums / Dr Caufeynon"
            },
            {
                  "doc_url": "https://gallica.bnf.fr/ark:/12148/bpt6k6541355t",
                  "emotions": [
                        "disgust"
                  ],
                  "excerpt": "« En passant , Morbora arrachait des poignées de terre ou de détritus ligneux qu ' il portait au nez pour y flairer quelque trace .Le nègre a un odorat d ' une finesse extraordinaire ; il lui suffit d ' enfoncer le doigt dans la terre pour savoir où il , se trouve .Entend - il quelque bruit , il s ' arrête comme en extase : l ' âme lui passe aux oreilles , l ' intelligence aux yeux .",
                  "id": "4",
                  "title": "Le primitif d'Australie ou Les Non-non et les Oui-oui : étude d'ethnologie comparée : Dayéris, Narrinyéris, Kamilaroïs, Minnal-Yan gas, Yirclas, Yarra-Yarras etc., etc. / Elie Reclus"
            },
            {
                  "doc_url": "https://gallica.bnf.fr/ark:/12148/bpt6k938780p",
                  "emotions": [
                        "disgust"
                  ],
                  "excerpt": "Le Sagapénum a une consistance cireuse et cassante ; il est mêlé d ’ impuretés et de semences d ’ ombellifère brisées ; il s ’ amollit sous les doigts et devient tenace ; il brûle avec une flamme blanche en produisant beaucoup de fumée .L ’ odeur du Sagapénum a quelque chose d ’ alliacé ; elle est plus marquée que celle du galbanum et moins sensible que celle de l ’ assa - fœtida .Il a une saveur âcre et amère .",
                  "id": "5",
                  "title": "Manuel du négociant pour la connaissance des marchandises, ou Traité précis des diverses productions du globe répandues dans le commerce... suivi d'un vocabulaire raisonné de termes employés dans le commerce et des tares et usages pour les marchandises sur la place du Havre, par Éd. Duboc"
            },
            {
                  "doc_url": "https://gallica.bnf.fr/ark:/12148/bpt6k938780p",
                  "emotions": [
                        "disgust",
                        "annoyance"
                  ],
                  "excerpt": "Elle vient se ramasser dans de petites fosses pratiquées au pied de l ’ arbre , et forme ainsi des masses poisseuses , plus ou moins mêlées d ’ impuretés , et dans lesquelles on distingue à peine quelques larmes en grumeaux .Sa saveur sucrée est néanmoins désagréable , et l ’ odeur en est nauséabonde au plus haut degré .Elle vient de la Sicile et surtout de la Calabre .",
                  "id": "6",
                  "title": "Manuel du négociant pour la connaissance des marchandises, ou Traité précis des diverses productions du globe répandues dans le commerce... suivi d'un vocabulaire raisonné de termes employés dans le commerce et des tares et usages pour les marchandises sur la place du Havre, par Éd. Duboc"
            },
            {
                  "doc_url": "https://gallica.bnf.fr/ark:/12148/bpt6k938780p",
                  "emotions": [
                        "disgust",
                        "annoyance"
                  ],
                  "excerpt": "Tel que l ’ offre le commerce , le Semen - contra se compose d ’ un tiers de petits grains gros comme le quart d ’ un grain d ’ avoine , allongés , striés , obtus aux deux extrémités , d ’ un jaune verdâtre ; d ’ un tiers de petites sommités rabougries , de la couleur des grains ; enfin , d ’ un tiers de corps étrangers formés de pédoncules et de débris de divers végétaux .L ’ odeur du Semen - contra est aromatique , très forte et comme anisée ; sa saveur est âcre , amère et désagréable .On distingue deux sortes principales de Semen - contra .",
                  "id": "7",
                  "title": "Manuel du négociant pour la connaissance des marchandises, ou Traité précis des diverses productions du globe répandues dans le commerce... suivi d'un vocabulaire raisonné de termes employés dans le commerce et des tares et usages pour les marchandises sur la place du Havre, par Éd. Duboc"
            },
            {
                  "doc_url": "https://gallica.bnf.fr/ark:/12148/bpt6k55314422",
                  "emotions": [
                        "joy",
                        "disgust",
                        "excitement",
                        "amusement"
                  ],
                  "excerpt": ".Il est ravi quand il flaire quelque abominable odeur nauséeuse .— Bravo ! s ' écria Laffitte - Vigordanne .",
                  "id": "8",
                  "title": "La Comédie académique. 3e édition / Champfleury"
            },
            {
                  "doc_url": "https://gallica.bnf.fr/ark:/12148/bpt6k6227745d",
                  "emotions": [
                        "disgust",
                        "annoyance"
                  ],
                  "excerpt": "L ' enfance est respectable autant que la vieillesse .Gardez - vous , offensant leur naïve pudeur , Gardez - vous d ' altérer ce parfum de candeur Trois fois plus savoureux que l ' odeur exhalée De l ' encensoir d ' argent du lis de la vallée .D ' avance donnez - leur , pour nourrir leur raison , Ce lait spirituel qui combat le poison , Et ne m ' empêchez pas , quand ils sont dans ma voie , A la perdition de soustraire une proie .",
                  "id": "9",
                  "title": "Musée littéraire et scientifique de l'école et de la famille : religion, morale, littérature, sciences, etc.. Volume 3 / par MM. Ph. Thomas Lefebvre,... Ferdinand Piérot-Olry,..."
            },
            {
                  "doc_url": "https://gallica.bnf.fr/ark:/12148/bpt6k6267856n",
                  "emotions": [
                        "disgust"
                  ],
                  "excerpt": "Le bâtiment nommé Jésus 1 qui contient plus de 400 personnes , a Ces ouvertures sur une baffe - cour où l ' on prend des cochons en penlion pour les engraisser .L ' odeur abominable qu ' exhale l ' égoût de cette baffe - cour infecte aussi le bâtiment dit Sainte - Marguerite , On ignore jusqu ' aux moyens les plus fimpies de renouvcller l ' air dans les dortoirs , sans incommoder les pauvres , & furtout les vieillards .On permet d ' y brûler du charbon , foit pour se garantir du froid , foit pour faire mitonner le pain dans le bouillon y & réchauffer les autres alimens .",
                  "id": "10",
                  "title": "Mémoires sur les moyens de donner du travail aux ouvriers et aux artistes de la capitale , lu dans l'assemblée générale des représentants de la commune le 10 août 1790, et sur l'hôpital de la Salpêtrière, lu... le 20 juillet 1790, par M. Cousin,..."
            },
            {
                  "doc_url": "https://gallica.bnf.fr/ark:/12148/bpt6k992393q",
                  "emotions": [
                        "disgust"
                  ],
                  "excerpt": "f .Mauvaise odeur .PUBÈRE , adj .",
                  "id": "11",
                  "title": "Dictionnaire de la langue française, à l'usage des écoles chrétiennes / par F. P. B. (M. Bransiet)"
            },
            {
                  "doc_url": "https://gallica.bnf.fr/ark:/12148/bpt6k5535124b",
                  "emotions": [
                        "disgust"
                  ],
                  "excerpt": "Elle est très alcaline au tournesol .Son odcir est forte , nauséabonde , rappelant celle de l ' urine de souris ; les sels n ' ont pas l ' odeur de la base .Très toxique .",
                  "id": "12",
                  "title": "Précis d'analyse chimique qualitative / par E. Barral,..."
            },
            {
                  "doc_url": "https://gallica.bnf.fr/ark:/12148/bpt6k938780p",
                  "emotions": [
                        "disgust"
                  ],
                  "excerpt": "C ’ est dans cette écorce que résident les propriétés médicinales de la plante , car l ’ axe ligneux qu ’ elle recouvre en est entièrement dépourvu .Cette racine est cassante , sa cassure est brunâtre , comme résineuse ; sa saveur est un peu âcre et amère , son odeur est nauséabonde , faible pour de petites quantités , forte dans de grands amas .On distingue les variétés suivantes : 1 ° Ipécacuanha annelé brun ; Ipécacuanha gris - brun , Guibourt .",
                  "id": "13",
                  "title": "Manuel du négociant pour la connaissance des marchandises, ou Traité précis des diverses productions du globe répandues dans le commerce... suivi d'un vocabulaire raisonné de termes employés dans le commerce et des tares et usages pour les marchandises sur la place du Havre, par Éd. Duboc"
            },
            {
                  "doc_url": "https://gallica.bnf.fr/ark:/12148/bpt6k6149204p",
                  "emotions": [
                        "disgust"
                  ],
                  "excerpt": "L ' eau de fleur d ' Oranger est plus agréable , étendue d ' eau que seule , tandis que l ' effet contraire a lieu pour l ' eau de Mélilot qui se charge très - peu de son principe aromatique .Les odeurs - désagréables nous éloignent des substances dont elles émanent et leur saveur répugnante coïncidé à leur odeur .On observe cependant un petit nombre d ' exceptions , comme le Durion ou fruit du Vurio - Zibethinus que l ' on mange malgré son odeur d ' oignon pourri ; celle du Jacq { Artooarpus Jacca .",
                  "id": "14",
                  "title": "Traité général de botanique, par A.-N. Desvaux,..."
            },
            {
                  "doc_url": "https://gallica.bnf.fr/ark:/12148/bpt6k64818666",
                  "emotions": [
                        "disgust",
                        "annoyance"
                  ],
                  "excerpt": ") Ammoniaque ou alcali volatil ( Fabrication en grand aveç les sels ammoniacaux de l ' ) .Odeur désagréable .— ( 31 mai 4833 .",
                  "id": "15",
                  "title": "Hygiène publique / travaux... résumés par Évariste Thévenin,... ; Conseil de salubrité de la Seine"
            },
            {
                  "doc_url": "https://gallica.bnf.fr/ark:/12148/bpt6k5535124b",
                  "emotions": [
                        "disgust",
                        "boredom"
                  ],
                  "excerpt": "— Petits prismes et aiguilles incolores , brillants .Inodore ; d ' une saveur amère repoussante et persistante .Fusible à H5 ° .",
                  "id": "16",
                  "title": "Précis d'analyse chimique qualitative / par E. Barral,..."
            },
            {
                  "doc_url": "https://gallica.bnf.fr/ark:/12148/bpt6k6133240d",
                  "emotions": [
                        "disgust"
                  ],
                  "excerpt": "Et celles - là ? Des jonquilles .Elles ont une odeur trop forte .Les oeillets et les giroflées sentent bien bon .",
                  "id": "17",
                  "title": "Lectures graduées pour les enfans du premier âge, par L. Gaultier. Nouvelle édition..."
            },
            {
                  "doc_url": "https://gallica.bnf.fr/ark:/12148/bpt6k6541103d",
                  "emotions": [
                        "disgust"
                  ],
                  "excerpt": "On a mangé de la soupe à l ' ognon pour sûr .En effet , l ' escalier B , gris , sale , la rampe et les marches graisseuses , les murs éraflés montrant le plâtre , était encore plein d ' une violente odeur de cuisine .Sur chaque palier , des couloirs s ' enfonçaient , sonores de vacarme , des portes s ' ouvraient , peintes en jaune , noircies à la serrure par la crasse des mains ; et , au ras de la fenêtre , le plomb soufflait une humidité fétide , dont la puanteur se mêlait à l ' âcreté de l ' ognon cuit .",
                  "id": "18",
                  "title": "L'assommoir. Edition 3 / par Émile Zola"
            },
            {
                  "doc_url": "https://gallica.bnf.fr/ark:/12148/bpt6k96434p",
                  "emotions": [
                        "disgust",
                        "boredom",
                        "indifference"
                  ],
                  "excerpt": "Mais , peu à peu , dans les tiédeurs mol - lès qui remplissaient l ' appartement plein de lumières et de monde , dans le tourbillon - nement affolé des valses , dans lefrottement continuel des danseurs , le dégel commença .Et parmi les pénétrantes embaumées de tf ~ g rose et de foin nouveau , des bouquets qui se fanaient languissamment dans les chevelures , parmi cette grisante senteur ( te blondes qui s ' évaporait sous les coups pressés des éventails , monta une odeur innommable , une pestilence fade qui s ' alourdissait dans l ' atmosphère .Et plus le lieutenant remuait , plus l ' odeur devenait forte .",
                  "id": "19",
                  "title": "Mire Lon La / par René Maizeroy ; illustrations de Jeanniot"
            },
            {
                  "doc_url": "https://gallica.bnf.fr/ark:/12148/bpt6k6474290f",
                  "emotions": [
                        "disgust"
                  ],
                  "excerpt": "Colin , j ' ai inséré dans douze piqûres faites à la peau d ' un lapin , trois à quatre gouttes de sang violacé , verdâtre , très fétide , pris cinq jours auparavant sur un ruminant charbonneux .La putréfaction avait enlevé à ce liquide sa virulence charbonneuse .Vingt - quatre heures , après , le lapin est trouvé mort et froid .",
                  "id": "20",
                  "title": "L'Oeuvre de C.-J. Davaine,... charbon, septicémie, parantisme, microbisme, physiologie, anomalies, tératologie... [Par A. Laboulbène, publié par J.-A. Davaine.]"
            }
      ]
}