{
      "articles": [
            {
                  "doc_url": "https://gallica.bnf.fr/ark:/12148/bpt6k1100113c",
                  "emotions": [
                        "disgust",
                        "annoyance",
                        "doubt",
                        "nervousness"
                  ],
                  "excerpt": "Petit arbre des vallées chaudes des Andes .Feuilles duveteuses .Fleurs à pétales étroits .",
                  "id": "1",
                  "title": "Manuel pratique des cultures tropicales et des plantations des pays chauds / par P. Sagot,... ; ouvrage publié après sa mort, complété et mis à jour par E. Raoul,... ; préface par M. Maxime Cornu,..."
            },
            {
                  "doc_url": "https://gallica.bnf.fr/ark:/12148/bpt6k5612848x",
                  "emotions": [
                        "surprise",
                        "disgust"
                  ],
                  "excerpt": "— 342 — Quand il arriva à la maison de la mère Ledru , le réveillon était prêt .Une odeur de boudin et de saucisse remplissait les pénates forts modestes de la tante de Pâmé ! a .La fumée du foyer emportant avec elle toutes ces molécules échappées aux viandes mises sur le gril , n ' avait pour sortir de la bicoque qu ' un tuyau de cheminée fabriqué jadis par un fumiste de Chatou , ou , en d ' autres termes , cette fumée ne sortait pas du tout , et elle s ' étendait en large nuage audessus de la grande table de chêne sur laquelle le couvert était mis .",
                  "id": "2",
                  "title": "Ni l'un, ni l'autre, par Auguste Ricard,.... Tome 1"
            },
            {
                  "doc_url": "https://gallica.bnf.fr/ark:/12148/bpt6k5684573h",
                  "emotions": [
                        "disgust",
                        "anger",
                        "annoyance",
                        "disapproval",
                        "disappointment"
                  ],
                  "excerpt": "» Et quelques pages auparavant M .Proudhon s ' était écrié : « Loin de moi , Communistes ! Votre présence m ' est une puanteur et votre vue me dégoûte ! » La doctrine de M .Cabet , conspuée par M .",
                  "id": "3",
                  "title": "Confession d'un communiste-icarien. Simples récits"
            },
            {
                  "doc_url": "https://gallica.bnf.fr/ark:/12148/bpt6k6119279k",
                  "emotions": [
                        "disgust"
                  ],
                  "excerpt": "Pas de douleur .Odeur du pansement .On le change et on retire une partie des boulettes enfoncées dans la plaie qui a bon aspect : T .",
                  "id": "4",
                  "title": "De la Résection coxo-fémorale, par le Dr L.-J.-B. Boucher"
            },
            {
                  "doc_url": "https://gallica.bnf.fr/ark:/12148/bpt6k98002829",
                  "emotions": [
                        "disgust"
                  ],
                  "excerpt": "L ' arbre qui nous fournit cette écorce est originaire de l ' Inde ; il appartient à la famille des Apocynées .La codaga - pale est d ' un rouge tirant sur le brun , d ' un goût piquant et amer ; cette saveur s ' affaiblit avec le temps .Cette écorce est employée dans quelques remèdes contre les fièvres .",
                  "id": "5",
                  "title": "Guide du propriétaire, ou Traité complet sur l'agriculture : contenant la nomenclature des différentes espèces de terrs et les moyens de les rendre plus productives... / par Louis Raguenaud"
            },
            {
                  "doc_url": "https://gallica.bnf.fr/ark:/12148/bpt6k11673891",
                  "emotions": [
                        "disgust"
                  ],
                  "excerpt": "cubes ; l ' eau de là Dhuis en renfermerait un peu moins ; 14 , 78 d ’ azote , 5 d ’ oxygène , et 29 , 40 d ’ acide carbonique , soit 40 , 24 .Si elle présente la moindre odeur ou saveur elle doit être absolument rejetée do l ’ alimentation , car on ne doit pas oublier , que la nature nous a donné le moyen de nous assurer que tel ou tel aliment est bon ou non pour notre organisme , et cette répulsion est d ’ autant plus sûre qu ’ elle est instinctive .On ne fera jamais affirmer à quelqu ’ un qu ’ il préfère une eau salée , infecte ou boueuse à de l ’ eau filtrée .",
                  "id": "6",
                  "title": "Le Conférencier : bulletin scientifique publié le 1er de chaque mois par l'École des conférenciers"
            },
            {
                  "doc_url": "https://gallica.bnf.fr/ark:/12148/bpt6k6208110w",
                  "emotions": [
                        "disgust"
                  ],
                  "excerpt": "C ' étaient , certes , des maîtres puissants en cabale ; mais leur cuisine sentait l ' enfer .Leur sorcellerie était des plus noires : l ' empereur exhalait le roussi , et finalement le diable emporta le pape .Moi , je ne m ' aventure pas dans la voie du soufre , et ma science ne va pas si loin .",
                  "id": "7",
                  "title": "L'aventure de Perdita / par Maurice Talmeyr & Alfred Gassier"
            },
            {
                  "doc_url": "https://gallica.bnf.fr/ark:/12148/bpt6k2009743",
                  "emotions": [
                        "surprise",
                        "joy",
                        "disgust"
                  ],
                  "excerpt": "v Maisoui ! HAMLËT , posant iccr ~ ne .Pouah ! et cette odeur ? HORATtO .La même absolument ! HAMf .",
                  "id": "8",
                  "title": "Théâtre (études et copies). Hamlet, Falstaff, Paroles : d'après Shakespeare / Paul Meurice"
            },
            {
                  "doc_url": "https://gallica.bnf.fr/ark:/12148/bpt6k61147983",
                  "emotions": [
                        "disgust"
                  ],
                  "excerpt": "L ' Archange foudroyé du fond de son abîme , Ose ravir les fruits que sa vengeance dîme , Et boursoufflant d ' orgueil le vertige français , A l ' esprit novateur improvise un succès .Dans ses exhalaisons l ' infernale bouffée Infecte notre foi sous l ' opprobre étouffée , \" — 236 — On s ' excite au blasphème .Un retour instinctif A l ' écho des saints lieux jette un cri négatif .",
                  "id": "9",
                  "title": "La Voix du désert, ou les Polémiques, par Philibert-Benoît Favre,..."
            },
            {
                  "doc_url": "https://gallica.bnf.fr/ark:/12148/bpt6k977456p",
                  "emotions": [
                        "disgust"
                  ],
                  "excerpt": "La présence de la craie se reconnaît à l ’ effervescence dans laquelle entre le beurre au contact des acides ; celle des fécules , des farines , du lait durci , du carbonate , de l ’ acétate de plomb , est également facile à constater : il suffit de faire fondre le beurre au bain - marie dans dix fois son poids d ’ eau pour précipiter toutes ces matières au fond du vase , sous la forme d ’ une masse grumeleuse .Le suif de veau se re connaît à l ’ odeur , et quant à l ’ acétate , c ’ est un véritable empoisonnement qu ’ il produit .Il arrive que l ’ on mélange le beurre de première qualité avec un beurre inférieur , dit beurre de pot .",
                  "id": "10",
                  "title": "Le Vosgien illustré : supplément du Vosgien"
            },
            {
                  "doc_url": "https://gallica.bnf.fr/ark:/12148/bpt6k14217131",
                  "emotions": [
                        "disgust"
                  ],
                  "excerpt": "La canelle se fabrique avec l ’ écorce d ’ un arbre grand comme l ’ olivier ; ses feuilles sont très - vertes et d ’ une moyenne largeur , mais longues , semblables à - peu - près à celles du laurier royal : sa fleur est blanche et d ’ une odeur agréable : le fruit ressemble fort à l ’ olive ; quand il rembrunit , il annonce qu ’ il est temps 5 ( 7 ° ) de lever l ’ écorce de la canelle .Ce fruit est rempli d ’ une liqueur amère , piquante , et quia l ’ odeur du laurier .La tige porte deux écorces : la première n ’ est d ’ aucun usage , la seconde seule est / précieuse ; c ’ est ce que nous appelons , proprement , canelle ; elle est originairement grise et peu odorante ; elle ne devient rougeâtre , aromatique , qu ’ après avoir été séchée au soleil .",
                  "id": "11",
                  "title": "Traité de commerce théorique et pratique, et détails instructifs sur la vigne, les différentes espèces de vins et eaux-de-vie, sur la capacité des jauges de chaque vignoble de France, sur l'épicerie, les sirops, les liqueurs et eaux d'odeur, par F. Leblond"
            },
            {
                  "doc_url": "https://gallica.bnf.fr/ark:/12148/bpt6k14217131",
                  "emotions": [
                        "disgust",
                        "annoyance"
                  ],
                  "excerpt": "( - 4 ) fl J a encore différentes espèces de vins } qui montent en lie , ou qui viennent au poussé - bouté , vice que les vinaigriers même n ’ aiment pas , n ’ étant point propre seul à faire du vinaigre .Il j a aussi le goû t d ’ ecbaud ou échauffé , qui est encore fort désagréable , ainsi que le goût de lie sèche ou croupie ; mais ces derniers et le futé proviennent des tonneaux .De tous les vices du vin , il n ’ y a que l ’ amertume qui est la plus supportable , et dont on peut tirer partie ; car , pour les autres , l ’ auteur du parfait vigneron a donné beaucoup de recettes dont aucune ne peut emporter radicalement le vice du poussé et du besaigre : on peut les adoucir , sans en pouvoir détruire la cause .",
                  "id": "12",
                  "title": "Traité de commerce théorique et pratique, et détails instructifs sur la vigne, les différentes espèces de vins et eaux-de-vie, sur la capacité des jauges de chaque vignoble de France, sur l'épicerie, les sirops, les liqueurs et eaux d'odeur, par F. Leblond"
            },
            {
                  "doc_url": "https://gallica.bnf.fr/ark:/12148/bpt6k96101175",
                  "emotions": [
                        "joy",
                        "disgust",
                        "disappointment"
                  ],
                  "excerpt": "55 , M .A ODEUR .Fruit presque en poire ( renversée ) ( 10 centimètres de hauteur ) .",
                  "id": "13",
                  "title": "Flore des jardins et des grandes cultures ou Description des plantes de jardins, d'orangeries et des grandes cultures, leur multiplication.... Tome 2 / par N.-C. Seringe,..."
            },
            {
                  "doc_url": "https://gallica.bnf.fr/ark:/12148/bd6t51046174",
                  "emotions": [
                        "disgust",
                        "disapproval"
                  ],
                  "excerpt": "Qui sait si Delesoluze ne le deviendra pas aussi ? Quoi qu ' il en soit , que legou - vais pain que vous avez si bien décrit , une cuillerée d ' eau sale , infecte , tiède , que l ’ on nous donne pour du bouillon ; un demi - verre de vin coupé d ' eau , telle est notre ration du matin : le soir , une petite cuillerée de riz sec mal cuit à l ' eau , de couleur bleuâtre , puant , coagulé , nauséabond .dégoûtant , un vrai vomitif , et environ un cinquième de litre d ’ Un café infect , clair et malpropre .C ’ est là tout , et tous les jours la mê - tombons de consomption ‘ , s .",
                  "id": "14",
                  "title": "Le Vengeur / directeur politique Félix Pyat"
            },
            {
                  "doc_url": "https://gallica.bnf.fr/ark:/12148/bpt6k1174983z",
                  "emotions": [
                        "disgust"
                  ],
                  "excerpt": "La torréfaction du café amène certaines modifications partielles dans la caféine , les principes aromatiques , l ’ acide cafétannique contenus dans le café , qui ont pour effet d ’ en développer l ’ arôme .La torréfaction communique à la racine de chicorée sauvage une amertume et un arôme qui se rapprochent beaucoup de ceux du sucre caramélisé .La torréfaction du cacao a pour but de rendre les enveloppes du cacao friables et de lui enlever une odeur de moisi qui se développe souvent pendant la traversée .",
                  "id": "15",
                  "title": "Cours de pharmacie, par Edmond Dupuy,... 2e édition, revue... avec la collaboration de Henri Ribaut,.... Tome 1"
            },
            {
                  "doc_url": "https://gallica.bnf.fr/ark:/12148/bpt6k1174983z",
                  "emotions": [
                        "disgust",
                        "greed",
                        "indifference"
                  ],
                  "excerpt": "Liqueurs de goudron .— Des alcoolés .Définition .",
                  "id": "16",
                  "title": "Cours de pharmacie, par Edmond Dupuy,... 2e édition, revue... avec la collaboration de Henri Ribaut,.... Tome 1"
            },
            {
                  "doc_url": "https://gallica.bnf.fr/ark:/12148/bpt6k1174983z",
                  "emotions": [
                        "disgust",
                        "fear"
                  ],
                  "excerpt": "Inusité .Employé autrefois comme antihémopty - sique , Antidiarrhéique .Mortier de fer .",
                  "id": "17",
                  "title": "Cours de pharmacie, par Edmond Dupuy,... 2e édition, revue... avec la collaboration de Henri Ribaut,.... Tome 1"
            },
            {
                  "doc_url": "https://gallica.bnf.fr/ark:/12148/bpt6k80533z",
                  "emotions": [
                        "disgust",
                        "annoyance",
                        "disapproval",
                        "indifference"
                  ],
                  "excerpt": "M £ La mer sent joliment mauvais , par ici fit Maisie en reniflant l ' air .Je n ' aime pas cette odeur - là , moi t Tu n ' aimes jamais rien de ' ce qui n ' est pas fait exprès pour toi lui répondit rudement Dick .Fasse - moi les cartouches .",
                  "id": "18",
                  "title": "La lumière qui s'éteint / Rudyard Kipling"
            },
            {
                  "doc_url": "https://gallica.bnf.fr/ark:/12148/bpt6k6533972r",
                  "emotions": [
                        "disgust"
                  ],
                  "excerpt": "En arrivant à Siphante , & pas plUtôt , je commentai à sentir la différence du climat que je venois de quitter , & de celui où j ' entrois .L ' air de Milo étoit impregné de vapeurs de souphre ; & la feule pureté de celui de Siphante me le faisoit croire odoriférant .Je m ' étonne comment on peut vivre à Milo ; en effet , j ' y ai vu fort peu de gens avancés en âge : au lieu qu ' à Siphante , l ' homme que je pris pour porter mon bagage en débarquant avoit cent dix huit ans .",
                  "id": "19",
                  "title": "Voyage en France, en Italie et aux Isles de l'Archipel, ou Lettres écrites de plusieurs endroits de l'Europe et du Levant en 1750, etc.. Tome 4 / , avec des observations de l'auteur sur les diverses productions de la nature et de l'art, ouvrage traduit de l'anglois"
            },
            {
                  "doc_url": "https://gallica.bnf.fr/ark:/12148/bpt6k5626226s",
                  "emotions": [
                        "sadness",
                        "disgust",
                        "fear",
                        "amusement",
                        "nervousness",
                        "despair"
                  ],
                  "excerpt": ".— Oh ! la vie ! — Tourment incessant et cruel ! Dérision amère ! informe comédie ! Vase aux bords parfumés qui ne verse que fiel ! Grotesque accouplement d ' espérance et d ' alarmes ! Rêves purs du malin , flétris avant le soir , Qui font douter s ' il faut , au jourdu désespoir , Terminer les sanglots commencés dans lés larmes Par un éclat de rire effrayant et sans fin , Sardonique défi qui brave le destin ! ..",
                  "id": "20",
                  "title": "Quelques fleurs pour une couronne : poésies anciennes et nouvelles / par Hippolyte Tampucci,..."
            }
      ]
}