{
      "articles": [
            {
                  "doc_url": "https://gallica.bnf.fr/ark:/12148/bpt6k4221415z",
                  "emotions": [
                        "disgust",
                        "disappointment"
                  ],
                  "excerpt": "Quelques - uns de ces morceaux font d ’ une couleur brune 6c plus foncée ; en général , 1 s Bdellium a allez l ’ apparence de la Myrrhe , avec laquelle on le trouve allez fouvent mêlé .Son goût eft un peu amer ; fon odeur , lorfqu ’ on en met fur le feu , n ’ eft pas défagréable ; on doit le choifir en morceaux clairs & tranfparens , d ’ un gris jaunâtre en - deffus , ôc le plus fec qu ’ il eft poftible .On le mêle aulli quelquefois avec la Gomme du Sénégal .",
                  "id": "1",
                  "title": "Pharmacopée du collège royal des médecins de Londres. Tome 1 / , traduite de l'anglois sur la seconde édition donnée avec des Remarques, par le docteur H. Pemberton... augmentée de plusieurs notes & observations, & d'un grand nombre de procédés intéressans, avec les vertus & les doses des medicamens. Tome premier [-second]"
            },
            {
                  "doc_url": "https://gallica.bnf.fr/ark:/12148/bpt6k4221415z",
                  "emotions": [
                        "disgust"
                  ],
                  "excerpt": "Les huiles qu ’ on fait entrer dans cette efpéce de Savon , font celles de Navette , de Colfa , de Noix , ôcc .Ces huiles plus graffes ôc moins pures que celles d ’ olives , rendent aulTi ce favon d ’ une odeur ôc d ’ une faveur plus défagréable .On employé même quelquefois dans la compofition du Savon noir y des huiles de poiffons , mais ces dernieres font ordinairement d ’ une odeur fort défagréable .",
                  "id": "2",
                  "title": "Pharmacopée du collège royal des médecins de Londres. Tome 1 / , traduite de l'anglois sur la seconde édition donnée avec des Remarques, par le docteur H. Pemberton... augmentée de plusieurs notes & observations, & d'un grand nombre de procédés intéressans, avec les vertus & les doses des medicamens. Tome premier [-second]"
            },
            {
                  "doc_url": "https://gallica.bnf.fr/ark:/12148/bpt6k57155074",
                  "emotions": [
                        "disgust",
                        "annoyance"
                  ],
                  "excerpt": "Cartonniers .Un peu d ' odeur désagréable .2 14 janv .",
                  "id": "3",
                  "title": "Le nouveau manuel des conseillers de préfecture. Tome 1 / par M. Brun,..."
            },
            {
                  "doc_url": "https://gallica.bnf.fr/ark:/12148/bpt6k901003",
                  "emotions": [
                        "disgust"
                  ],
                  "excerpt": "On le sépare des aou ' es produis de la distillation par le bisottite sodique avecteqaei il forme un eontposé cristallisé .C ' est un liquide doué d ' une odeur désagréaMc , qui bout à ~ 2 \" c .et produit , quand on l ' oxyde , l ' acide eenanthiqap , liquide incolore , doaé d ' une odeur agréabte et qui bout à 2i5 \" c .",
                  "id": "4",
                  "title": "Éléments de chimie organique, ou asynthétique (2e partie) / par le Dr Sacc,..."
            },
            {
                  "doc_url": "https://gallica.bnf.fr/ark:/12148/bpt6k57155074",
                  "emotions": [
                        "disgust",
                        "annoyance",
                        "disapproval"
                  ],
                  "excerpt": "Amidonniers .Odeur fort désagréable .' 1 15 oct .",
                  "id": "5",
                  "title": "Le nouveau manuel des conseillers de préfecture. Tome 1 / par M. Brun,..."
            },
            {
                  "doc_url": "https://gallica.bnf.fr/ark:/12148/bpt6k5529943d",
                  "emotions": [
                        "disgust"
                  ],
                  "excerpt": "Indépendamment de l ' anhydride carbonique , l ' air confiné contient encore des matières organiques , dites miasmes , qui proviennent de l ' expiration des gaz ayant servi à la respiration et de l ' exhalation cutanée , c ' est - à - dire de l ' exhalation qui s ' effectue par la peau .La présence de ces miasmes se traduit par une odeur forte et repoussante .On a constaté que l ' air qui s ' échappe des cheminées d ' appel destinées à opérer la ventilation des salles où se tiennent des assemblées nombreuses exhale souvent une odeur qu ' on ne pourrait pourrait impunément .",
                  "id": "6",
                  "title": "Chimie (5e édition entièrement refondue) / par Poiré et Desgranges,..."
            },
            {
                  "doc_url": "https://gallica.bnf.fr/ark:/12148/bpt6k6455724x",
                  "emotions": [
                        "disgust"
                  ],
                  "excerpt": "L .Violette odorante .Drageons raW pants ; feuilles en cœur ; pédoncules nus , partant de la racine et portant une fleur violette ou blanche d ' une odeur très - agréable .",
                  "id": "7",
                  "title": "Flore bordelaise et de la Gironde : description caractéristique des plantes qui croissent naturellement dans ce département... précédée de notions élémentaires de botanique (4e édition...) / par J.-F. Laterrade,..."
            },
            {
                  "doc_url": "https://gallica.bnf.fr/ark:/12148/bpt6k6470913t",
                  "emotions": [
                        "disgust"
                  ],
                  "excerpt": "Ces paroles parurent satisfaire le Maçon .A yant achevé faibesogne , Desrues le pria de lui prêter la main pour approcher la malle près de la fosse , afin , dit - il , d ' avoir moins de peine à prendre les bouteilles & les arranger plus à son aise , à quoi celui - ci se prêta volontiers ; mais s ' étant approché pour prendre cette malle , la mauvaise odeur qui s ' en exhaloit , lui fit lâcher prise ; il recula même , en observant à Desrues que ce qui étoit dans cette malle sentoit trop mauvais pour être du vin .Desrues , pour couvrir sa fourberie , voulut lui faire accroire que cette odeur infecte provenoit d ' une la .",
                  "id": "8",
                  "title": "Vie privée et criminelle d'Antoine-François Desrues ; contenant les particularités de sa jeunesse, ses mauvaises inclinations, son insigne hypocrisie ; & le détail des manœuvres abominables & des crimes atroces commis, de dessein prémédité, par ce scélérat, envers la dame de Lamotte & son fils."
            },
            {
                  "doc_url": "https://gallica.bnf.fr/ark:/12148/bpt6k4221415z",
                  "emotions": [
                        "disgust",
                        "disapproval",
                        "amusement"
                  ],
                  "excerpt": "Leur odeur efl forte , fœtide , & appefantit la tête .On fait que cette plante eft dangéreufe .J ’ en ai déjà parlé ( a ) .",
                  "id": "9",
                  "title": "Pharmacopée du collège royal des médecins de Londres. Tome 1 / , traduite de l'anglois sur la seconde édition donnée avec des Remarques, par le docteur H. Pemberton... augmentée de plusieurs notes & observations, & d'un grand nombre de procédés intéressans, avec les vertus & les doses des medicamens. Tome premier [-second]"
            },
            {
                  "doc_url": "https://gallica.bnf.fr/ark:/12148/bpt6k42269246",
                  "emotions": [
                        "disgust"
                  ],
                  "excerpt": "Je ne fais pas cependant ce qui m ’ arriveroit , » > dans une vapeur méphytique qui s ’ éleveroit en plein air & dans un endroit fec , plus » , dangereufe peut - être alors que celle qui eft renfermée dans des fouterrains , où i ’ humi - > > dité qui y régné affaiblit plus ou moins la violence de ces exhalaifons .» La mofette de Latera m ’ a paru , par fon goût vineux qui affeéte le palais & monte au » nez , très - femblable à celle de Pompeïa , près du Temple d ’ Ilis ; je m ’ expofai a .iffi à j » celle - ci à plufieurs reprîtes , & réfiftai parfaitement à fes exhalaifons .",
                  "id": "10",
                  "title": "Collection académique composée des mémoires, actes ou journaux des plus célèbres académies & sociétés littéraires, des extraits des meilleurs ouvrages périodiques, des traités particuliers et des pièces fugitives les plus rares. Tome 16 / , concernant l'histoire naturelle et la botanique, la physique expérimentale et la chymie, la médecine et l'anatomie ; ... Tome quatriéme [-tome seizième] de la partie françoise."
            },
            {
                  "doc_url": "https://gallica.bnf.fr/ark:/12148/bpt6k57155074",
                  "emotions": [
                        "disgust",
                        "annoyance"
                  ],
                  "excerpt": "Cuits verts ( dépôts de ) .Odeur désagréable et insalubre .2 15 oct .",
                  "id": "11",
                  "title": "Le nouveau manuel des conseillers de préfecture. Tome 1 / par M. Brun,..."
            },
            {
                  "doc_url": "https://gallica.bnf.fr/ark:/12148/bpt6k1230765",
                  "emotions": [
                        "disgust",
                        "amusement"
                  ],
                  "excerpt": "» Et un grand gaillard , barbu jusqu ' aux yeux , s ' élance du panneau en gesticulant , menaçant d ' arracher de ses doigts crispés les touffes noires qui se tordent à ses joues et à son menton .L ' irruption de cet homme hagard , tragique , affolé , dont les habits disparaissent sous un enduit poisseux d ' où s ' exhale une violente senteur d ' ail et de barigoule , est tellement baroque dans sa dramatique exubérance , que le docteur ne peut comprimer un fou rire , et que le capitaine , malgré son habituelle gravité , partage cette hilarité .« Eh bien ! Dumas , qu ' y a - t - il donc ? mon garçon , dit - il au désespéré .",
                  "id": "12",
                  "title": "Les français au Pôle nord / par Louis Boussenard"
            },
            {
                  "doc_url": "https://gallica.bnf.fr/ark:/12148/bpt6k57155074",
                  "emotions": [
                        "disgust"
                  ],
                  "excerpt": "Toile cirée ( fabriques de ) .Danger du feu et mauvaise odeur .I 9 févr .",
                  "id": "13",
                  "title": "Le nouveau manuel des conseillers de préfecture. Tome 1 / par M. Brun,..."
            },
            {
                  "doc_url": "https://gallica.bnf.fr/ark:/12148/bpt6k61491970",
                  "emotions": [
                        "disgust",
                        "greed"
                  ],
                  "excerpt": [
                        "Aussitôt après avoir avalé les alimens , auxquels il trouve une saveur convenable , goût acide dans la bouche .Il trouve un goût aigre au pain , mais non aux autres alimens .Après avoir pris du lait , goût aigrelet dans la bouche .",
                        "■ Violent prurit au clitoris .' Ecoulement copieux du sang menstruel , qui a une odeur aigrelette .Les règles , qui étaient en pleine activité , s ' arrêtent surle - champ ( après avoir duré seulement deux jours et demie ) ."
                  ],
                  "id": "14",
                  "title": "Traité de matière médicale, ou de l'Action pure des médicaments homoeopathiques. Tome 3 / par Samuel Hahnemann... ; avec des tables proportionnelles de l'influence que diverses circonstances exercent sur cette action, par C. Boenninghausen ; trad. de l'allemand par A.-J.-L. Jourdan,..."
            },
            {
                  "doc_url": "https://gallica.bnf.fr/ark:/12148/bpt6k4221415z",
                  "emotions": [
                        "disgust"
                  ],
                  "excerpt": "Les femences qui fuccédent à ces fleurs font petites , rondes ôc d ’ une couleur blanchâtre .Les feuilles du Violier font émollientes & laxatives .Les fleurs font aufli laxatives , rafraîchiflantes , légèrement cordiales par le principe mobile qu ’ elles renferment : le calyce eft plus purgatif que les fleurs mêmes .",
                  "id": "15",
                  "title": "Pharmacopée du collège royal des médecins de Londres. Tome 1 / , traduite de l'anglois sur la seconde édition donnée avec des Remarques, par le docteur H. Pemberton... augmentée de plusieurs notes & observations, & d'un grand nombre de procédés intéressans, avec les vertus & les doses des medicamens. Tome premier [-second]"
            },
            {
                  "doc_url": "https://gallica.bnf.fr/ark:/12148/bpt6k108618m",
                  "emotions": [
                        "disgust",
                        "disapproval",
                        "envy"
                  ],
                  "excerpt": "tion un vrai defir de falut l ' on ne pafle point tout d ' un coup aux pratiques pures du renoncement à foi - même Dieu veut peut - être fe fervir de votre exem .ple & de vos confeils à regard de celle dont vous m ' écrivez & de beaucoup d ' autres femmes que Dieu veut rendre Chrétiennes , & que la bonne odeur de J - C .attirera par vous .",
                  "id": "16",
                  "title": "Mémoires et lettres de Madame de Maintenon. T. 15"
            },
            {
                  "doc_url": "https://gallica.bnf.fr/ark:/12148/bpt6k209778g",
                  "emotions": [
                        "disgust"
                  ],
                  "excerpt": "Quest cultivateur , à BrtM / êrM - te - CMtel , près Arpajon , pour faire le paM de pommes de terre .Ce pain est un peu bis il craque sous la dent ; son goût n ' est point désagréable il a une saveur légèrement sucrée , et n ' est pas aussi bon que ! e pain de froment , ayant nue légère odeur de pain de seigle ; mais il ne contient que de ta pomme de terre , qui y entre tout entière , fécule , parenchyme et pelure .On râpe la pomme de terre le mieux possible ; on la fait sécher , et ensuite on passe cette farine sëchée sous la meule l ' auteur appelle cette farine .",
                  "id": "17",
                  "title": "Dictionnaire des ménages : répertoire de toutes connaissances usuelles, encyclopédie des villes et des campagnes. T. 2 / par Anthony Dubourg,..."
            },
            {
                  "doc_url": "https://gallica.bnf.fr/ark:/12148/bpt6k4221415z",
                  "emotions": [
                        "disgust",
                        "anger"
                  ],
                  "excerpt": "Ses feuilles qui font d ’ ufage , font très - petites , fort dures , âpres Ôt d ’ un verd allez foncé .Leur odeur eft très - forte & défagréable , leur faveur eft âcre ôt brûlante .• x La Sabine eft un remède très - a £ tif ôt très - ftimulant .",
                  "id": "18",
                  "title": "Pharmacopée du collège royal des médecins de Londres. Tome 1 / , traduite de l'anglois sur la seconde édition donnée avec des Remarques, par le docteur H. Pemberton... augmentée de plusieurs notes & observations, & d'un grand nombre de procédés intéressans, avec les vertus & les doses des medicamens. Tome premier [-second]"
            },
            {
                  "doc_url": "https://gallica.bnf.fr/ark:/12148/bpt6k146464m",
                  "emotions": [
                        "disgust"
                  ],
                  "excerpt": "— Vivace , de 10 centimètres de haut , rameux , vert jaunâtre et velu , à petites fleurs jaunes .Exhale une très forte odeur de musc .Se cultive fréquemment en petits pots .",
                  "id": "19",
                  "title": "Petit guide pratique de jardinage, création et entretien d'un petit jardin, culture et multiplication des végétaux, plantes potagères, arbres fruitiers, arbres et arbustes d'ornement, principales fleurs rustiques, gazons, calendrier des semis et travaux, etc., etc / par S. Mottet,..."
            },
            {
                  "doc_url": "https://gallica.bnf.fr/ark:/12148/bpt6k901003",
                  "emotions": [
                        "disgust",
                        "annoyance",
                        "disapproval"
                  ],
                  "excerpt": "et possède ta même odeur que récorce .La hétutitte brute , qn ' on extrait de ! ' écorce par la < tistt ! ! atton sèche , est une pâte noire dont on se sert poar rendre tes cuirs tmperméabtes c ' est e ! ! e qui communique aux cuirs de Russie leur odeur spe - ciale .La bétonne pourrait bien être uue huile esseatietie , car elle se vo ! a < iHse sans se décomposer , ( tMs MB courant d ' mr chaud .",
                  "id": "20",
                  "title": "Éléments de chimie organique, ou asynthétique (2e partie) / par le Dr Sacc,..."
            }
      ]
}