{
      "articles": [
            {
                  "doc_url": "https://gallica.bnf.fr/ark:/12148/bpt6k63966b",
                  "emotions": [
                        "disgust",
                        "doubt"
                  ],
                  "excerpt": ") Claude Bernard s ' attacha à prendre sur cette femme dos renseigne .mentsd ' ou il résulte qu ' elle ne pouvait supporter t ' odeur de ! a pipe , et que , particulièrement le matin , en entrant dans un appartement où l ' on avait fumé la veille , elle se hâtait ) d ' ouvrir les fenêtres pour dissiper , disait - elle , la mauvaise odeur de la pipe renfermée .Elle aimait les fleurs et les portait a son nez pour odore .",
                  "id": "1",
                  "title": "Bulletins de la Société d'anthropologie de Paris"
            },
            {
                  "doc_url": "https://gallica.bnf.fr/ark:/12148/bpt6k65715590",
                  "emotions": [
                        "disgust"
                  ],
                  "excerpt": "L ' haleine infecte par cause irrémédiable , ainsi que les écoulemens fétides des oreilles , èt la transpiration habituelle du même caractère , et portant celui d ' incurabilité .Les soldats qui répandent ces exhalaisons infectes sont renvoyés des corps , repoussés par leurs camarades .70 .",
                  "id": "2",
                  "title": "Manuel de médecine légale , extrait des meilleurs traités anciens et modernes, particulièrement de ceux de Mahon, et de M. Fodéré, et des articles importans publiés jusqu'à ce jour par M. le Dr Marc ; suivi des lois et ordonnances, et des articles des Codes relatifs aux médecins, chirurgiens, etc... Par Jh. Briand,..."
            },
            {
                  "doc_url": "https://gallica.bnf.fr/ark:/12148/bpt6k6142575m",
                  "emotions": [
                        "disgust"
                  ],
                  "excerpt": "En additionnant l ' eau d ' une certaine quantité de sous - carbonate de potasse , d ' ammoniaque liquide ou de tout autre alcalin , le copahu se saponifie et devient en partie soluble .— Cette forme serait la plus active et celle qu ' on devrait administrer de préférence ; c ' est elle qui fait la base de la potion de Chopart ; mais l ' extrême dégoût que provoque bientôt ce breuvage , dont la saveur est réellement nauséabonde et infecte , a forcé les praticiens à chercher un autre mode d ' administration de ce médicament .BLENNORRHAGIE CHEZ L ' HOMME .",
                  "id": "3",
                  "title": "Traité complet des maladies contagieuses des organes génito-urinaires de l'homme et de la femme, par A.-V. Bonnière, spécialement destiné aux gens du monde. 2e édition"
            },
            {
                  "doc_url": "https://gallica.bnf.fr/ark:/12148/bpt6k5818605t",
                  "emotions": [
                        "disgust",
                        "pain"
                  ],
                  "excerpt": "Pas de fièvre .Une forte odeur d ' acétone environne le malade .Les urines fortement acides ne contiennent pas d ' albumine , leur quantité est > : gale à 0 litres par jour j le poids spécifique de 1080 .",
                  "id": "4",
                  "title": "Contribution au traitement du coma diabétique par les injections de sérum physiologique / par le Dr Auguste Burgez"
            },
            {
                  "doc_url": "https://gallica.bnf.fr/ark:/12148/bpt6k6228139x",
                  "emotions": [
                        "disgust",
                        "embarrassment"
                  ],
                  "excerpt": "A ces divers bois étaient fixés des crochets auxquels pendaient des taupes presque toujours en putréfaction .Quand on rencontrait Pierre Beaugendre par les chemins il fallait le fuir , en se bouchant le nez , tellement sa marchandise et luimême exhalaient une odeur épouvantable .Les animaux ainsi promenés avaient été l ' objet de la part du nain de conjurations et de pratiques de sorcellerie dont celui - ci gardait le secret .",
                  "id": "5",
                  "title": "De la vie à la mort : folk-lore de l'Ille-et-Vilaine. Tome 2 / par Adolphe Orain"
            },
            {
                  "doc_url": "https://gallica.bnf.fr/ark:/12148/bpt6k206556k",
                  "emotions": [
                        "disgust"
                  ],
                  "excerpt": "Lorsque les fruits sont cuits , ils forment comme une purée très épaisse , qu ' on laisse fermenter au soleil ; bientôt la .matière devient huileuse et exhafe une odeur désagréable dans cet état on l ' enveloppe dans l ' écorce ligneuse du coco et on la soumet à la presse le suc qui en découle est reçu dans de larges feuilles et forme alors cette pommade dont ils oignent leurs cheveux , qui , chez tous les Malgaches , sont magnifiques » ( D .Charnay ) ( 1 ) .",
                  "id": "6",
                  "title": "La terre. Le monde des plantes. 1 / par Paul Constantin,..."
            },
            {
                  "doc_url": "https://gallica.bnf.fr/ark:/12148/bpt6k96799500",
                  "emotions": [
                        "disgust",
                        "pain",
                        "embarrassment",
                        "guilt"
                  ],
                  "excerpt": "Chacals sont de petits animaux querelleurs , qui montrent toujours les dents .Ils ont le nez pointu et la queue touffue comme le Renard ; ils sentent très mauvais ; l ' odeur du Renard est assez désagréable , mais la leur est encore pire .Les Renards .",
                  "id": "7",
                  "title": "Un Dimanche au Jardin des plantes"
            },
            {
                  "doc_url": "https://gallica.bnf.fr/ark:/12148/bpt6k4225118d",
                  "emotions": [
                        "disgust"
                  ],
                  "excerpt": "Les Mouffettes habitent les deux Amériques ; elles sont nocturnes et se nourrissent d ' oiseaux .Leurs glandes puantes constituent pour elles un moyen de défense , car elles peuvent projeter le liquide à quelques mètres ; l ’ odeur en est intolérable et presque indestructible .Le Blaireau d ’ Europe est plantigrade , avec griffes fortes et non rétract iles ; il est trapu , inoffensif et habite un terrier à plusieurs galeries .",
                  "id": "8",
                  "title": "Enseignement secondaire des jeunes filles. 1re année d'histoire naturelle : zoologie élémentaire, notions de botanique, par F. Faideau,... Aug. Robin,..."
            },
            {
                  "doc_url": "https://gallica.bnf.fr/ark:/12148/bpt6k6549038r",
                  "emotions": [
                        "disgust",
                        "annoyance",
                        "disapproval"
                  ],
                  "excerpt": "L ' intérieur est formé de couches concen - triques .Odeur désagréable , saveur amère .L ' analyse faite par M .",
                  "id": "9",
                  "title": "Traité de thérapeutique et de matière médicale. Tome 2 / par A. Trousseau,... et H. Pidoux"
            },
            {
                  "doc_url": "https://gallica.bnf.fr/ark:/12148/bpt6k6549038r",
                  "emotions": [
                        "disgust"
                  ],
                  "excerpt": [
                        "Elle ne présente ni réaction acide ni réaction alcaline .La chaleur la ramollit en produisant une odeur nauséeuse très - forte ; odeur qui donne le vertige et des nausées si l ' on vient à respirer la vapeur blanchâtre qui se répand dans l ' air .Au goût , les caractères sont encore plus tranchés et rappellent davantage le goût de moisissure .",
                        "Nous avons dit plus haut que les effets généraux de l ' Antimoine n ' étaient point obtenus lorsque le médicament causait de la diarrhée et des vomissements ; la raison en est bien simple , c ' est qu ' il n ' en est presque pas observé ; aussi doit - on , par tous les moyens , chercher à obtenir la tolérance .C ' est en associant l ' opium à l ' émétique que Laennec parvenait plus certainement à faire supporter le remède ; l ' addition de quelques substances aromatiques , telles que l ' eau distillée de fleurs d ' oranger , lui semblait propre à diminuer les nausées .Ces moyens sont rarement utiles lorsque l ' on fait usage d ' antimoniaux insolubles , et ils ne doivent être employés qu ' au début lorsqu ' on se sert de l ' émétique ; car , d ' une part , l ' opium nuit singulièrement aux effets sédatifs de l ' Antimoine , comme Rasori l ' avait déjà dit , et d ' autre part , par l ' association de l ' opium on risque de masquer pendant quelque temps des accidents intestinaux qui éclatent ensuite avec une violence beaucoup plus grande ."
                  ],
                  "id": "10",
                  "title": "Traité de thérapeutique et de matière médicale. Tome 2 / par A. Trousseau,... et H. Pidoux"
            },
            {
                  "doc_url": "https://gallica.bnf.fr/ark:/12148/bpt6k9738452x",
                  "emotions": [
                        "disgust"
                  ],
                  "excerpt": "699 des Illustrations de Lamarck , et croît à Surinam .Elle répand une forte odeur de camphre .On la regarde comme un puissant sudorifique , prise en infusion , et même appliquée sèche à l ' extérieur .",
                  "id": "11",
                  "title": "Nouveau dictionnaire d'histoire naturelle, appliquée aux arts, principalement à l'agriculture et à l'économie rurale et domestique. Tome 16 OBO-PAN / : Par une société de naturalistes et d'agriculteurs..."
            },
            {
                  "doc_url": "https://gallica.bnf.fr/ark:/12148/bpt6k5746457t",
                  "emotions": [
                        "disgust"
                  ],
                  "excerpt": "Et puis on a encore la possibilité d ' une fuite exécutée dans des conditions meilleures , avec des chances de succès .Oui , les misérables se disaient tout cela , et très sincèrement , les plus résolus d ' entre eux eussent échangé volontiers leur liberté actuelle con - H4i LB SECRET DB GERMAINS tre une écuellée de soupe ou une odorante potée de fayots cuits au lard .Après tout , oa ne les guillotinerait pas tous ' .",
                  "id": "12",
                  "title": "Le secret de Germaine ; [Les exploits de Bamboche] / Louis Boussenard"
            },
            {
                  "doc_url": "https://gallica.bnf.fr/ark:/12148/bpt6k63573705",
                  "emotions": [
                        "disgust",
                        "annoyance"
                  ],
                  "excerpt": "f .mauvaise odeur .Fétu .",
                  "id": "13",
                  "title": "Dictionnaire classique et élémentaire de la langue française, rédigé d'après l'orthographe de l'Académie ; suivi du Dictionnaire des verbes irréguliers / par M. Bescherelle aîné,..."
            },
            {
                  "doc_url": "https://gallica.bnf.fr/ark:/12148/bpt6k2028504",
                  "emotions": [
                        "disgust",
                        "love",
                        "greed"
                  ],
                  "excerpt": "Zola est parvenu à y donner la sensation vive et précise d ' un effréné duo d ' amour .Là , tous les raffinements d ' une passion maladive se mêlent l ' âcre stimulant du crime , dans un lieu étrange , capiteux , chargé de parfums provocants , où l ' air même est lascif et irrite les sens à vif .La description de ce boudoir végétal , tout imprégné de senteurs aphrodisiaques et de sucs vénéneux , les enlacements brusques , les bonds , les caresses , les spasmes , les convulsions extatiques et les heurts désordonnés de Maxime et de Renée , « goûtant l ' inceste » , roulés sur les grandes peaux d ' ours noir , au bord du bassin , dans la vaste allée circulaire aux ombrages monstrueux des tropiques , tout ce chaos de sensations , de nerfs , de mouvements , de contacts et de violences physiques , tout ce pêle - mêle de la passion fouettée par le rut , tout ce tumulte d ' imaginations maladives est peint , buriné plutôt , avec une furia inouïe .",
                  "id": "14",
                  "title": "Émile Zola : sa vie, son oeuvre / Edmond Lepelletier"
            },
            {
                  "doc_url": "https://gallica.bnf.fr/ark:/12148/bpt6k9738452x",
                  "emotions": [
                        "disgust"
                  ],
                  "excerpt": "le l ' ai décrit et dessiné sur le vivant .Ses fleurs répandent une odeur nauséabonde .Swartz , dans sa Monographie des Orchidées , rapporte quelque » saty rions à ce genre , tels que ceux à odeur de bouc , vert t noir , blanc , et à feuilles de plantain .",
                  "id": "15",
                  "title": "Nouveau dictionnaire d'histoire naturelle, appliquée aux arts, principalement à l'agriculture et à l'économie rurale et domestique. Tome 16 OBO-PAN / : Par une société de naturalistes et d'agriculteurs..."
            },
            {
                  "doc_url": "https://gallica.bnf.fr/ark:/12148/bpt6k311667p",
                  "emotions": [
                        "disgust",
                        "anger",
                        "pain",
                        "embarrassment"
                  ],
                  "excerpt": "Au bout de vingt - quatre heures , ces k ' ches occupent toute la surface du liquide ; la teinte diminue Paiement d ’ intensité quand on approche de la portion infé - jieure , La crème et le caillé prennent aussi cette couleur .Le ) eui ' i ' e a le goût nauséabond , et rancit en peu d instants .La lâ ’ “ e tourne promptement au petit - lait , et celui - ci file quand C' êitn 0 n le \" * e verse de haut ; il prend le plus souvent une couleui° Ussûtre .",
                  "id": "16",
                  "title": "Manuel des fromageries, ou Traité de la fabrication des fromages de Gruyère, Septmoncel, Chevrets, Mont-d'Or, etc., etc., par M. Jean-Baptiste Munier,..."
            },
            {
                  "doc_url": "https://gallica.bnf.fr/ark:/12148/bpt6k6133791f",
                  "emotions": [
                        "disgust"
                  ],
                  "excerpt": "L ' air de cette chambre était tellement infect , que je fus pris de nausées ; la chandelle qui ( n ' éclairait faillit s ' éteindre .Les souliers et les vêtements de ces individus exhalaient une odeur aigre , insupportable , qui dominait les autres exhalaisons .» Il est un point sur lequel je ne saurais trop appeler l ' attention de l ' administration : c ' est la réalité des dangers que présentent , pour ceux que la nécessité ou la misère force à habiter ces quartiers fangeux , que le soleil ne visite jamais , et dont les rues sont bordées de maisons qui , disposées contrairement à toutes les règles de l ' hygiène , sont autant de foyers pestilentiels .",
                  "id": "17",
                  "title": "Traité du choléra-morbus de 1849 : contenant l'historique, les causes, les symptômes, la convalescence, la marche, la durée, la terminaison, l'anatomie pathologique, le pronostic, le traitement, le mode de propagation et la prophylaxie, et suivi de quelques observations sur l'assainissement de la ville de Paris / par C. Rousset,..."
            },
            {
                  "doc_url": "https://gallica.bnf.fr/ark:/12148/bpt6k6149484d",
                  "emotions": [
                        "disgust"
                  ],
                  "excerpt": "JÔBARQ , Directeur du Musée royal de l ' Institut belge , dans le Progrès international du 13 octobre 1861 .On trouve de tout dans le goudron , ce dégoûtant résidu dont on était heureux de pouvoir so débarrasser il y a quelques années ; mais il a fallu prendre la peine de chercher , et ce sont les jeunes chimistes qui l ' ont fait avec le plus de succès : les uns ont trouvé des couleurs magnifiques et solides pour la teinture , les autres des parfums délicieux ; mais M .Boboeuf nous semble avoir été le plus favorisé en y trouvant un hémostatique des plus puissants , un désinfectant des plus efficaces , un antiseptique des plus sûrs , sans compter ses innombrables applications contre une foule de bosbos quotidiens qui constituent les petites misères de la vie , telles que les piqûres de guêpes , de cousins , de punaises - , de vipèî - es ; de sangsues , de demoiselles ; etc .",
                  "id": "18",
                  "title": "De la Petite vérole et autres maladies contagieuses... Le Phénol-Boboeuf spécifique de ces maladies, leur prompte guérison... par le Dr Télèphe Desmartis"
            },
            {
                  "doc_url": "https://gallica.bnf.fr/ark:/12148/bpt6k5746457t",
                  "emotions": [
                        "disgust",
                        "anger",
                        "fear",
                        "annoyance",
                        "nervousness"
                  ],
                  "excerpt": "Celle lettre était de Suzanne .Il frémit en reconnaissant l ' écriture , et poussa un épouvantable juron en lisant le papier d ' où s ' exhalait une suave odeur de verveine .Suzanne l ' informait que , cédant aux instances de celui qu ' elle aimait , elle quittait la maison paternelle .",
                  "id": "19",
                  "title": "Le secret de Germaine ; [Les exploits de Bamboche] / Louis Boussenard"
            },
            {
                  "doc_url": "https://gallica.bnf.fr/ark:/12148/bpt6k96035495",
                  "emotions": [
                        "disgust"
                  ],
                  "excerpt": "Anthoxantum odoratum , L ., flouve odorante .— Phalaris canariensis , L .",
                  "id": "20",
                  "title": "Traité des végétaux qui composent l'agriculture : contenant les caractères les plus saillants, les différences, qualités et usages de tous les végétaux, notamment des espèces peu connues et dont la naturalisation présente des avantages, suivi de considérations sur les semis et les plantations, et de l'indication, pour chaque mois, des travaux et semis à faire dans les jardins, les prés, les champs et les bois (2e éd.) / par Ce Tollard aîné,..."
            }
      ]
}