{
      "articles": [
            {
                  "doc_url": "https://gallica.bnf.fr/ark:/12148/bpt6k61114509",
                  "emotions": [
                        "disgust",
                        "nervousness"
                  ],
                  "excerpt": "Le temps était superbe et j ' entendais la foudre .Je mets le nez au vent ; je sens odeur de poudre .On se bat ; et partout des héros ! • des démons ! Les pavés en courroux s ' élancent des maisons — u — Sur nos braves soldats dont ils brisent le crâne .",
                  "id": "1",
                  "title": "Épître à mon journal par une dupe"
            },
            {
                  "doc_url": "https://gallica.bnf.fr/ark:/12148/bpt6k203002z",
                  "emotions": [
                        "disgust"
                  ],
                  "excerpt": "Sous son règne , ton pot aux parfums d ' Idumée Aurait eu même sort que les trois porcs d ' Eurnée Tu sais ce qu ' on en fit quand on les eut servis A ce sournois d ' Ulysse .Il est vrai , je le dis , Qu ' ils sentaient la fumée , au point que , dans Ithaque , Chacun serrait son nez , excepté Télémaque .De mon mage fameux , un ténébreux suppôt A pu seul t ' engager d ' enfermer dans ton pot Ta pipe , ton tabac , et le vers que ma lyre Soupira pour un fait que je ne puis redire ; Je craindrais , éveillant d ' étreignants souvenirs , De te revoir encor exhalant ces soupirs , Qui rappellent à tous l ' embarras de ce maire Recevant en trente - un Philippe populaire , Lui faisant visiter églises , carrefour .",
                  "id": "2",
                  "title": "Les après-soupers / par l' auteur de \"Trois dizains de contes gaulois\" ; illustrations de Henriot"
            },
            {
                  "doc_url": "https://gallica.bnf.fr/ark:/12148/bpt6k5705979q",
                  "emotions": [
                        "disgust"
                  ],
                  "excerpt": "- Érasme , répondit M .Maigret ; chaque fois qu ' il en sentait l ' odeur il perdait connaissance .— Il avait tort , répliqua le parasite .",
                  "id": "3",
                  "title": "Le Banquet des sept gourmands, roman gastronomique, par Pierre Vinçard"
            },
            {
                  "doc_url": "https://gallica.bnf.fr/ark:/12148/bpt6k9622485x",
                  "emotions": [
                        "disgust"
                  ],
                  "excerpt": "un - me du tonnerre , & le fil de la - ton , on trouveroit assez d ' alian - ces considérablcs entre la matière de l ' un & de l ' autre pour en ren - dreraifon , & pour expliquer mef - me comment cette flamme a é - pargné le fer de l ' horloge , les : clous qui portaient le fil de laton le long des murailles , & les pièces de bois sur lesquelles ces clous estoient attachez .L ' odeur nous x allez marqué que la matiérc de l ' exhalaison de noAre tonnerre ef - toit soitfrée , & le cuivre mis au feu jette une flamme qui par sa couleur marque suffisamment que - , ta matière tient beaucoup du sou - ' fre .De plus , comme les exhalai - sons cnlevent souvent avec soy plusieurs parties des métaux , il se pourroit bien faire que les parties métalliques de celle dont nous parlons estoient des parties de cuivre ; & ainsi cette exhalaison , en - .",
                  "id": "4",
                  "title": "Conjectures physiques sur deux colonnes de nuë qui ont paru depuis quelques années et sur les plus extraordinaires effets du tonnerre , avec une explication de ce qui s'est dit jusques icy des trombes de mer et une nouvelle addition où l'on verra de quelle manière le tonnerre, tombé nouvellement sur une église de Lagni, a imprimé sur une nappe d'autel une partie considérable du canon de la messe"
            },
            {
                  "doc_url": "https://gallica.bnf.fr/ark:/12148/bpt6k659257",
                  "emotions": [
                        "disgust"
                  ],
                  "excerpt": "Puis , comme la situation devenait tendue , elle nous crie gatment Messieurs , votre visite m ' honore , mais il faut que je me déshabille , et je suis obligée de vous mettre dehors .M - dessus , Félicie nous ferme impitoyablement la porte au nez , et nous voilà tous les deux , sans mot dire , montant la garde dans le couloir obscur , enfumé , exhalant une odeur de plomb .Chacun de nous regardait son rival en dessous et semblait dire < Ah si tu crois que je vais te céder la place ! » Un qu & rt d ' heure se passe , puis la porte s ' ouvre à nouveau et Sabrette rcparatt en toilette de vit ! e .",
                  "id": "5",
                  "title": "Quand j'étais capitaine / par Richard O'Monroy"
            },
            {
                  "doc_url": "https://gallica.bnf.fr/ark:/12148/bpt6k54463711",
                  "emotions": [
                        "disgust"
                  ],
                  "excerpt": "Ce fut une bousculade dans l ' escalier étroit , tout lapis « le molles fourrures sur les marches , qui , sans ouverture vers les autres parties de la maison , montait en tournant jusqu ' aux chambres du troisième étage .Et il y avait dans l ' air une odeur pareille à celle qui se disperse des planchettes en plein vent où brûlent des pastilles du sérail .Pourtant , quelqu ' un s ' arrêta en disant : — Ça sent joliment mauvais ! On crut qu ' il parlait d ' un parfum , presque encens , dont il n ' avait pas l ' habitude .",
                  "id": "6",
                  "title": "La femme-enfant : roman contemporain / Catulle Mendès"
            },
            {
                  "doc_url": "https://gallica.bnf.fr/ark:/12148/bpt6k54463711",
                  "emotions": [
                        "disgust"
                  ],
                  "excerpt": "Les chrysantèmes abondaient ROMAN CONTEMPORAIN 879 par las , déroulés et ruisselants , de rose , de vert , de bleu , de mauve ; et , toutes fraîches , comme mouillées encore d ' un peu de neige qui se serait attendrie en rosée , mi - ouvertes , ainsi que de petites bouches , mi - closes ainsi que de petites paupières , riaient , rêvaient , petites soeurs posthumes des églanlincs d ' avril , les roses de Noël .Liliane écarquillait ses yeux à contempler toutes les couleurs , enflait ses narines à renifler toutes les odeurs .De boutique en boutique , — « choisissez , mademoiselle ! des pensées ? — du réséda ? — des tubéreuses ? — des narcisses ? — des perceneige ? — par ici , ma petite dame ! des giroflées , ce qu ' il y a de plus beau ! » — l ' enfant bleue allait , revenait , s ' arrêtait , frappant des mains , jetant de petits cris .",
                  "id": "7",
                  "title": "La femme-enfant : roman contemporain / Catulle Mendès"
            },
            {
                  "doc_url": "https://gallica.bnf.fr/ark:/12148/bpt6k54463711",
                  "emotions": [
                        "disgust",
                        "boredom",
                        "indifference"
                  ],
                  "excerpt": "Mais il chancela , faillit tomber .Elle était insup - ROMAN CONTEMPORAIN 869 portable , vraiment , cette odeur , et pareille à l ' haleine d ' une tombe bâillante .On n ' y pouvait tenir .",
                  "id": "8",
                  "title": "La femme-enfant : roman contemporain / Catulle Mendès"
            },
            {
                  "doc_url": "https://gallica.bnf.fr/ark:/12148/bpt6k9691889k",
                  "emotions": [
                        "disgust"
                  ],
                  "excerpt": "Les chasseurs eurent d ' abord quelque peine à s ' expliquer pour quel motif les assiégeants allumaient du feu ; mais , affamés comme ils l ' étaient , ils le devinèrent bientôt .La brise apportait jusqu ' à eux un parfum auquel leur odorat ne put se méprendre .« Voyez - vous , les chiens ! dit Pepe ; ils auront apporté avec eux quelque quartier de venaison , et les voilà occupés à le faire rôtir , tandis que des chrétiens comme nous en sont réduits à se contenter du fumet du rôt pour tout repas .",
                  "id": "9",
                  "title": "Le coureur des bois ou Les chercheurs d'or. Tome 2 / par Gabriel Ferry (Louis de Bellemare)"
            },
            {
                  "doc_url": "https://gallica.bnf.fr/ark:/12148/bpt6k68954j",
                  "emotions": [
                        "disgust",
                        "anger",
                        "annoyance"
                  ],
                  "excerpt": "Vous connaissez cette baliverne .Elle m ' a toujours si fort irrité et révolté , que je ne puis plus entendre parler de la première République , sans avoir envie de sortir de la chambre pour aller respirer au dehors , comme lorsqu ' une odeur de mauvaise cuisine ~ vou ~ poursuit dans un appartement .Je voudrais , pour qu ' on épargnât cet ennui aux fils qui viendront après nous , qu ' on corrigeât un peu cette page do notre histoire , en leur montrant la Convention remettant généreusement sur le trône .",
                  "id": "10",
                  "title": "Maïma (4e édition) / Armand Silvestre"
            },
            {
                  "doc_url": "https://gallica.bnf.fr/ark:/12148/bpt6k9681158b",
                  "emotions": [
                        "disgust",
                        "fear",
                        "courage"
                  ],
                  "excerpt": "Je hais celle qui sait , d ' un bout à l ' autre bout , Palémon , qui se fait une règle sévère De ne manquer jamais aux lois de la grammaire , Qui de vers inconnus , de propos d ' érudit M ' accable , et qui reprend dans tout ce qu ' elle dit Une ignorante amie ; en pareille matière , Un homme éviterait cette critique amère , C ' est le moins qu ' un époux ait droit , en vérité , De faire un solécisme en toute liberté .Quand d ' un riche collier leur épaule est parée , Que par de lourds pendants leur oreille est tirée , D ' audace et d ' impudeur quel attristant tableau ! Une femme opulente est le pire fléau ; Voyez , de pain mouillé sa face enveloppée ; Elle exhale l ' odeur des onguents de Poppée , Où viennent s ' engluer les lèvres de l ' époux , C ' est affreux ! S ' agit - il d ' un galant rendez - vous ? Nec curanda viris opicæ castigat amicæ 455 Verba .Solcecismun liceat fecisse marito .",
                  "id": "11",
                  "title": "Les Satires de Juvénal : accompagnées du texte latin et de remarques extraites de la traduction de M. de Silvecane (édition de 1690) / traduites en vers par Paul Ducos"
            },
            {
                  "doc_url": "https://gallica.bnf.fr/ark:/12148/bpt6k9681158b",
                  "emotions": [
                        "disgust"
                  ],
                  "excerpt": "Cum perfusa mero spumant unguenta Falerno .L ' usage des parfums et des odeurs alloit à un tel excês , qu ' on en mettoit mesme dans le vin .Pline dans son livre 3 1 .",
                  "id": "12",
                  "title": "Les Satires de Juvénal : accompagnées du texte latin et de remarques extraites de la traduction de M. de Silvecane (édition de 1690) / traduites en vers par Paul Ducos"
            },
            {
                  "doc_url": "https://gallica.bnf.fr/ark:/12148/bpt6k57834162",
                  "emotions": [
                        "surprise",
                        "disgust",
                        "annoyance",
                        "embarrassment"
                  ],
                  "excerpt": "Nos douze ivrognes y étaient encore .Quelles faces rubicondes ! quels nez bourgeonnes ! Le prince s ' arrêta au seuil de la salle , et l ' épais nuage de fumée qu ' exhalaient douze pipes allemandes le rendit invisible à ses sujets rebelles .« Amis , criait flermann , une espèce d ' hercule dont le ventre devait contenir un muid , amis , buvons un coup de plus et ne nous mettons pas à la nuit .",
                  "id": "13",
                  "title": "Contes d'orient et d'occident / par Jean Grange"
            },
            {
                  "doc_url": "https://gallica.bnf.fr/ark:/12148/bpt6k9616930n",
                  "emotions": [
                        "disgust",
                        "annoyance"
                  ],
                  "excerpt": "Bout à + 2051 .Odeur aromatique désagréable .Saveur sucrée puis brûlante , mais non caustique .",
                  "id": "14",
                  "title": "Manuel vétérinaire ou Formulaire des médications rationnelles et des remèdes secrets (conforme au Codex 1908), par René Cerbelaud, pharmacien-chimiste, docteur en pharmacie de l'Université de Paris, ancien interne des hôpitaux de Paris, ex-interne lauréat des asiles de la Seine, ex-chimiste expert de la ville de Paris, prix de chimie (médaille de vermeil), ancien élève de l'Institut Pasteur. 1922"
            },
            {
                  "doc_url": "https://gallica.bnf.fr/ark:/12148/bpt6k3201511w",
                  "emotions": [
                        "disgust"
                  ],
                  "excerpt": "Toute la partie du banc qui est visible est accompagnée de gros blocs de basalte et de quartzite .Le cipolin dégage une odeur fétide sous le marteau .Au passage du troisième bras de la Manandry , existe une particularité qui fait de ce point un site très curieux , d ’ ailleurs célèbre dans toute la région de Saivaza .",
                  "id": "15",
                  "title": "Informations de l'Agence économique de Madagascar : bulletin mensuel / Gouvernement général de Madagascar et dépendances"
            },
            {
                  "doc_url": "https://gallica.bnf.fr/ark:/12148/bpt6k5724510k",
                  "emotions": [
                        "disgust",
                        "nostalgia"
                  ],
                  "excerpt": "Et lés herbes tombant au rythme sourd des faux M ' apportent le parfum des lointaines années Dont le temps , ce faucheur marchant à pas égaux , Éparpille après lui les floraisons fanées ( 1 ) .Le patois de son pays a laissé en son coeur un agreste parfum : C ' est lé mâle parler d ' un coeur vaillant et libre : Tantôt souple et traînant , tantôt presque brutal , Gris comme notre ciel et fort comme nos .terres , Tu représentes bien ces âpres caractères Que l ' air de nos forêts , trempe comme un métal ( 2 ) .",
                  "id": "16",
                  "title": "Travaux de l'Académie nationale de Reims"
            },
            {
                  "doc_url": "https://gallica.bnf.fr/ark:/12148/bpt6k5759309m",
                  "emotions": [
                        "grief",
                        "disgust",
                        "fear",
                        "nervousness",
                        "pain",
                        "embarrassment"
                  ],
                  "excerpt": ".je ne peux atteindre que ses pattes dont , les muscles sont tendus LE ROI DU DESERT 257 comme des fils d ' acier ! Mes doigts glissent dessus ! Je vois son gros oeil jaune à quelques centimètres de moi , son haleine fétide me donne des nausées : de la bave coule sur mon visage .Un désir fou de le dompter , une rage extraordinaire me prennent .",
                  "id": "17",
                  "title": "Mon Roman au Niger / Louis Carpeaux"
            },
            {
                  "doc_url": "https://gallica.bnf.fr/ark:/12148/bpt6k5833334h",
                  "emotions": [
                        "disgust"
                  ],
                  "excerpt": ".Sous la tendre pellicule de cette petite fleur résident un poison et une vertu médicinale : respîrée , elle réjouit tout le corps de son parfum ; goûtée , elle tue tous tes sens en même temps que le coeur ' ..",
                  "id": "18",
                  "title": "La vie profonde : temps modernes (XVIe, XVIIe, XVIIIe siècles) / pages choisies dans les plus belles oeuvres poétiques et présentées par Maurice Bouchor"
            },
            {
                  "doc_url": "https://gallica.bnf.fr/ark:/12148/bpt6k5864909n",
                  "emotions": [
                        "surprise",
                        "disgust"
                  ],
                  "excerpt": "Le 3 juillet , Mademoiselle C m ' annonce que la veille elle a mangé avec appétit , et que son sommeil a été de quatre heures , sans avoir .été interrompu par aucun rêve ; elle a eu trois selles liquides de matières brunes et d ' une odeur infecte et nauséabonde .Continuation du même traitement jusqu ' au 22 juillet , sans changement , sans interruption et deux fois par jour .",
                  "id": "19",
                  "title": "De l'Anémie et de son traitement par l'eau minérale du Roucas-Blanc associée à l'électricité / par le Dr Eugène Fabre,..."
            },
            {
                  "doc_url": "https://gallica.bnf.fr/ark:/12148/bpt6k12804252",
                  "emotions": [
                        "disgust"
                  ],
                  "excerpt": "( pharm .) Ecorce amère eî aromatique .CASCAVEAUX .",
                  "id": "20",
                  "title": "Complément du dictionnaire de l'Académie française / publié sous la direction d'un membre de l'Académie française [J. Droz], avec la coopération de MM. Bardin,... Barre,... Barré,... Boileux,... de Bonnechose,... Bottée de Toulmont,... ; et précédé d'une préface par M. Louis Barré,..."
            }
      ]
}