{
      "articles": [
            {
                  "doc_url": "https://gallica.bnf.fr/ark:/12148/bpt6k1422677x",
                  "emotions": [
                        "disgust"
                  ],
                  "excerpt": "Cependant il existe des billes beaucoup moins fortes et qui n ’ ont que 60 à 100 centimètres .43 Bois al ’ Aa ' aajaaaa femelle ; — Voyez Bois de Cèdbel odorant .( N ° 53 ) .",
                  "id": "1",
                  "title": "Usages du commerce ou guide du négociant dans ses rapports avec la douane et avec les marchés étrangers. Par un ancien négociant et par un employé supérieur des douanes... 1re Partie..."
            },
            {
                  "doc_url": "https://gallica.bnf.fr/ark:/12148/bpt6k6131104k",
                  "emotions": [
                        "disgust",
                        "anger"
                  ],
                  "excerpt": "Des corps à corps atroces ont .ensanglanté ces lieux , dans une atmosphère méphitique , rendue irrespirable VERDUN 193 par les déjections dés malades ou des blessés , et par la fumée noire dès liquidés enflammés projetés - du dehors par l ' assaillant ..",
                  "id": "2",
                  "title": "Revue chrétienne : recueil mensuel"
            },
            {
                  "doc_url": "https://gallica.bnf.fr/ark:/12148/bpt6k6377505t",
                  "emotions": [
                        "disgust"
                  ],
                  "excerpt": "On a répandu le phénol à flots dans le réseau très imparfait de la ville ; mais le grand égout de Kassim - Pacha continue à rouler , sous un soleil de plomb , la boue noire et fétide provenant des déjections et des immondices de toute sorte qui tombent des masures surplombant cet affreux ravin .Sur ce flot fangeux nagent des cadavres d ' animaux sans nombre , et il s ' en exhale une insupportable odeur de putréfaction et de vidange .Aux États - Unis , la question des égouts a reçu les solutions les plus ( 1 ) Charles TERRIER , Etude sur les égouts de Londres , de Bruxelles et de Paris , Paris , 1878 , p .",
                  "id": "3",
                  "title": "Traité d'hygiène publique et privée / par Jules Rochard,..."
            },
            {
                  "doc_url": "https://gallica.bnf.fr/ark:/12148/bpt6k58386573",
                  "emotions": [
                        "disgust"
                  ],
                  "excerpt": "Fig .Infecter de mauvaise odeur .EMPÊTRER v .",
                  "id": "4",
                  "title": "Nouveau dictionnaire de la langue française... : quatre dictionnaires en un seul (43e édition augmentée d'une partie toute nouvelle) / par P. Larousse,..."
            },
            {
                  "doc_url": "https://gallica.bnf.fr/ark:/12148/bpt6k876463d",
                  "emotions": [
                        "disgust"
                  ],
                  "excerpt": "Inconvénient .— Odeur désagréable et insalubre .Prescriptions : La calcination se pratiquera dans dès fours ou creusets parfaitement clos , n ’ ayant d ’ autres communications qu ’ avec la cheminée du foyer ; La cheminée , construite entièrement en bonne maçonnerie de briques , aura une hauteur de 35 mètres au moins , à partir de la base du sol ; L ’ atelier de grillage sera parfaitement clos pendant le temps du travail ; des carneaux seront établis à la partie inférieure du mur donnant sur la cour , afin d ’ activer la ventilation ; Tous les gaz se dégageant des l ' ours et ceux produits par le grillage , se rendront dans des appareils munis d ’ un puissant agitateur renfermant un bain de lait de chaux concentré , pouvant neutraliser les gaz sulfureux et sulphy - drique ; , Les eaux de lavage des produits seront recueillies ^ dans des cuves ou bassins ; elles y seront brassées avec deux - kilogrammes de chaux vive par mètre cube de liquide , puis elles seront décantées .",
                  "id": "5",
                  "title": "L'Hygiène et l'industrie dans le département du Nord. Vade-mecum des conseils de salubrité, des industriels et des fonctionnaires chargés de la police sanitaire, par MM. Pilat et Tancrez. 2e édition"
            },
            {
                  "doc_url": "https://gallica.bnf.fr/ark:/12148/bpt6k54960699",
                  "emotions": [
                        "disgust"
                  ],
                  "excerpt": "Les 2e , 3e , 4e , 5e jours , il ne s ' est pas développé le plus léger accident .Le 6e , la tumeur exhalait une odeur fétide .Sa totalité n ' offrait plus qu ' un détritus putrilagineux .",
                  "id": "6",
                  "title": "Recherches sur l'introduction accidentelle de l'air dans les veines, et particulièrement sur cette question : l'air en s'introduisant spontanément par une veine blessée pendant une opération chirurgicale peut-il causer subitement la mort ? Par J.-Z. Amussat"
            },
            {
                  "doc_url": "https://gallica.bnf.fr/ark:/12148/bpt6k205509q",
                  "emotions": [
                        "disgust"
                  ],
                  "excerpt": "Ses feuilles font très laciniées .Ec cjuand on les frotte dans la main , elles répandent une odeur forte & gracieufe .Les , - épis fortent des aiffelles des branches , un à un ; & font longs & velus .",
                  "id": "7",
                  "title": "Dictionnaire oeconomique : contenant l'art de faire valoir les terres et de mettre à profit les endroits les plus stériles.... A-E / par M. Noël Chomel,... ; nouv. éd. par M. de La Mare"
            },
            {
                  "doc_url": "https://gallica.bnf.fr/ark:/12148/bpt6k30409869",
                  "emotions": [
                        "disgust",
                        "anger",
                        "annoyance",
                        "despair",
                        "pain"
                  ],
                  "excerpt": "Voy .Gesse odorante .Même année .",
                  "id": "8",
                  "title": "Les fleurs de pleine terre : comprenant la description et la culture des fleurs annuelles, bisannuelles, vivaces et bulbeuses de pleine terre, suivies de classements divers indiquant l'emploi de ces plantes et l'époque de leur semis ou plantation et de leur floraison. ainsi que des plans de jardins et de parcs paysagers... (4e éd.) / par Vilmorin-Andrieux et Cie ; par Édouard André"
            },
            {
                  "doc_url": "https://gallica.bnf.fr/ark:/12148/bpt6k30409869",
                  "emotions": [
                        "disgust",
                        "anger",
                        "annoyance",
                        "despair",
                        "pain"
                  ],
                  "excerpt": "Voy .Gesse odorante .Primevères , diverses espèces et variétés .",
                  "id": "9",
                  "title": "Les fleurs de pleine terre : comprenant la description et la culture des fleurs annuelles, bisannuelles, vivaces et bulbeuses de pleine terre, suivies de classements divers indiquant l'emploi de ces plantes et l'époque de leur semis ou plantation et de leur floraison. ainsi que des plans de jardins et de parcs paysagers... (4e éd.) / par Vilmorin-Andrieux et Cie ; par Édouard André"
            },
            {
                  "doc_url": "https://gallica.bnf.fr/ark:/12148/bpt6k6131104k",
                  "emotions": [
                        "disgust",
                        "fear"
                  ],
                  "excerpt": "- Au milieu d ' un dé ces 1 horribles tas s ' étale un © chemise toute : blanche et dégouttante de sang rouge .Une odeur insupportable ; empeste l ' air .Pour comble , les Boches nous envoient quelques obus 1 aerymogènes qui achèvent - ' , die rendre l ' air irrespirable .",
                  "id": "10",
                  "title": "Revue chrétienne : recueil mensuel"
            },
            {
                  "doc_url": "https://gallica.bnf.fr/ark:/12148/bpt6k9609790w",
                  "emotions": [
                        "disgust"
                  ],
                  "excerpt": "Agrostis vulgaris .Flouve odorante .Anthoxantum odoratum .",
                  "id": "11",
                  "title": "Pharmacopée vétérinaire, ou Nouvelle pharmacie hippiatrique ... par M. Bracy Clarck,..."
            },
            {
                  "doc_url": "https://gallica.bnf.fr/ark:/12148/bpt6k5820023g",
                  "emotions": [
                        "disgust"
                  ],
                  "excerpt": "L ' action hypnotique se manifeste toujours dans un temps très court , en moyenne au bout de dix à quinze minutes .L ' élimination se fait presque exclusivement par le poumon ; l ' haleine des malades exhale l ' odeur répugnante de l ' haleine des ivrognes , et cette odeur persiste pendant plus de onze heures .La paraldéhyde s ' élimine cependant , en petite quantité , par l ' urine , la peau , les glandes salivaires .",
                  "id": "12",
                  "title": "Précis de pharmacologie et de matière médicale / par G. Pouchet,..."
            },
            {
                  "doc_url": "https://gallica.bnf.fr/ark:/12148/bpt6k2040040",
                  "emotions": [
                        "disgust"
                  ],
                  "excerpt": "On la cultive dans plusieurs cantons .La semence du fenugrec aune odeur très forte ; on Femptoie à l ' extérieur comme ëmottiente .La médecine vétérinaire en fait un usage fréquent à l ' intérieur .",
                  "id": "13",
                  "title": "Manuel complet de botanique. Deuxième partie, Flore francaise, ou Description synoptique de toutes les plantes phanérogames et cryptogames qui croissent naturellement sur le sol français, avec les caractères des genres des agames, et l'indication des principales espèces. T. 1 / par M. J.-A. Boisduval,..."
            },
            {
                  "doc_url": "https://gallica.bnf.fr/ark:/12148/bpt6k876463d",
                  "emotions": [
                        "disgust"
                  ],
                  "excerpt": "Inconvénient .— Odeur toxique .Le sulfure de carbone est employé aujourd ’ hui dans plusieurs industries , notamment dans la confection des vessies de caoutchouc distendues au moyen d ’ un soufflet , qui servent de jouets aux enfants .",
                  "id": "14",
                  "title": "L'Hygiène et l'industrie dans le département du Nord. Vade-mecum des conseils de salubrité, des industriels et des fonctionnaires chargés de la police sanitaire, par MM. Pilat et Tancrez. 2e édition"
            },
            {
                  "doc_url": "https://gallica.bnf.fr/ark:/12148/bpt6k55773611",
                  "emotions": [
                        "disgust"
                  ],
                  "excerpt": "Lo sulfure de carbone est un dissolvant et un insecticide .L ' acide sulfhydrique , gaz vénéneux , à odeur repoussante , se dégage des fosses d ' aisances .Le phosphore s ' extrait des os des animaux .",
                  "id": "15",
                  "title": "Les sciences physiques et naturelles : avec leurs applications à l'agriculture, à l'industrie, à l'hygiène et à l'économie domestique / par J. Dutilleul et E. Ramé..."
            },
            {
                  "doc_url": "https://gallica.bnf.fr/ark:/12148/bpt6k30409869",
                  "emotions": [
                        "disgust"
                  ],
                  "excerpt": "— V .Alysse odorant .Korolkowia Sewerzowi .",
                  "id": "16",
                  "title": "Les fleurs de pleine terre : comprenant la description et la culture des fleurs annuelles, bisannuelles, vivaces et bulbeuses de pleine terre, suivies de classements divers indiquant l'emploi de ces plantes et l'époque de leur semis ou plantation et de leur floraison. ainsi que des plans de jardins et de parcs paysagers... (4e éd.) / par Vilmorin-Andrieux et Cie ; par Édouard André"
            },
            {
                  "doc_url": "https://gallica.bnf.fr/ark:/12148/bpt6k30409869",
                  "emotions": [
                        "disgust"
                  ],
                  "excerpt": "— Concombre odorant .Citrouille odorante , Melon de la reine Anne , Melon des Canaries .Melon de poche , Melon de senteur , Melon Dudaïm , Melon orange grimpant , Pomme de Brahma , Melon de Baranquillo , Fausse orange .",
                  "id": "17",
                  "title": "Les fleurs de pleine terre : comprenant la description et la culture des fleurs annuelles, bisannuelles, vivaces et bulbeuses de pleine terre, suivies de classements divers indiquant l'emploi de ces plantes et l'époque de leur semis ou plantation et de leur floraison. ainsi que des plans de jardins et de parcs paysagers... (4e éd.) / par Vilmorin-Andrieux et Cie ; par Édouard André"
            },
            {
                  "doc_url": "https://gallica.bnf.fr/ark:/12148/bpt6k65418707",
                  "emotions": [
                        "disgust",
                        "doubt",
                        "curiosity"
                  ],
                  "excerpt": "Mon pauvre cœur soupire , et je me dis tout bas : « Vagabond , il explore une lointaine rive .De quels âcres parfums s ' enivre - t - il là - bas ? » Aux amants du soleil et de la poésie Il faut des sucs nouveaux et toujours plus ardents , Et je sens dans mon cœur entrer la jalousie , Et ce hideux serpent me mord à belles dents .Non , ce n ' est plus l ' amour qui m ' énerve et me tue , Qui dans mes veines fait circuler du poison , Qui fait que je voudrais avoir la double vue Pour au - delà des mers transpercer l ' horizon , Pour le suivre en ses pas , en ses jeux , dans sa couche , Même dans ses pensers , dans ses mille actions , Enfin pour l ' épier d ' un œil oblique et louche , Et scruter de son cœur les palpitations .",
                  "id": "18",
                  "title": "Yvonne ; : Yvonne ; Histoire d'une jeune fille ; La princesse d'Élide ; Nouvelles vagabondes ; Nouvelles vagabondes / Émile Monestier,..."
            },
            {
                  "doc_url": "https://gallica.bnf.fr/ark:/12148/bpt6k96080727",
                  "emotions": [
                        "disgust"
                  ],
                  "excerpt": "Quelquefois c ' est la dyssenterie qui complique la maladie .Les excrémens sanguinolens ont une odeur insupportable .La transpiration est presque nulle , le lait se tarit dans les femelles , ou bien il ne présente plus les mêmes proportions dans ses principes , il prend souvent une couleur bleue , il se tourne promptement .",
                  "id": "19",
                  "title": "Traité des maladies des bestiaux, ou Description raisonnée de leurs maladies et de leur traitement ; précédée d'un précis d'histoire naturelle, et d'un traité d'hygiène ; et suivie d'un aperçu sur les moyens de tirer, des bestiaux, les produits les plus avantageux... par M. V. Delaguette,..."
            },
            {
                  "doc_url": "https://gallica.bnf.fr/ark:/12148/bpt6k58467076",
                  "emotions": [
                        "disgust"
                  ],
                  "excerpt": "— Saison 15 mai 15 septembre .J ' ai trouvé à la source sulfureuse la plus forte une odeur et un goût prononcés ; elle noircissait nettement le papier de plomb .— Température 11 ° .",
                  "id": "20",
                  "title": "Climat et eaux minérales d'Allemagne, par le Dr A. Labat,..."
            }
      ]
}