{
      "articles": [
            {
                  "doc_url": "https://gallica.bnf.fr/ark:/12148/bpt6k97456467",
                  "emotions": [
                        "disgust"
                  ],
                  "excerpt": "Quid ergo loquatw ' , ille silentio commendatius ? Quod si graveolentiam ac molestum tetrumque flatum nobis objiciant , dicamf Parthes dont l ' haleine puante est la spécialité .Elle - même pourrait à bon droit répondre comme autrefois Euripide à Decamniehus , qui lui reprochait cette puanteur : Qu ' il y CI aussi dans la bouche beaucoup de pourriture cachée .IX [ texte _ manquant ] 1 E mériterais certainement , Pères Cré - pitants , l ' épithète d ' audacieux et de téméraire , si je prétendais exposer tous les mentes de mon Héros , il lut en tene estime chez les anciens qu ' ils ne trouvèrent c Part / wrllm esse flPnere , quibus oris yraveolentia peculiaris .",
                  "id": "1",
                  "title": "Discours sur la musique zéphyrienne, adressé aux vénérables crépitophiles : opuscule facétieux d'Emmanuel Marti,... / texte original accompagné de la première traduction et illustré d'historiettes crépitantes par un professeur de basson"
            },
            {
                  "doc_url": "https://gallica.bnf.fr/ark:/12148/bpt6k30424458",
                  "emotions": [
                        "disgust"
                  ],
                  "excerpt": "lésineux , ou les résines proprement dites .La extraits gommeux ou muciiagiueux sent crux qui resscm * blcnt a de ia colle , et qui se réduisent en gelée en se re - P iij 2 $ 0 ÉLÉMENTS DE PHARMACIE .froidissant , comme sont ceux qu ’ on retire de la graine de lin , qe la semence de psyllium 3 de la semence de coin , de la gomme arabique , de la gomme adragant , de la raclure d ' ivoire ou de corne de cerf , etc .",
                  "id": "2",
                  "title": "Éléments de pharmacie théorique et pratique... Le tout suivi d'une nouvelle appendice où l'on discute plusieurs des principes fondamentaux de la doctrine chimique moderne. Par A. Baumé. 7e édition..."
            },
            {
                  "doc_url": "https://gallica.bnf.fr/ark:/12148/bpt6k30424458",
                  "emotions": [
                        "disgust",
                        "relief"
                  ],
                  "excerpt": "Le sucre qu ’ on fait entrer dans ce mélange est destiné à corrige ^ , ia trop grande amertume de l ’ aloës .Ce baume est stomachique , vermifuge , légèrement purgatif .La dose est depuis une cuillerée à café jusqu ’ à trois .",
                  "id": "3",
                  "title": "Éléments de pharmacie théorique et pratique... Le tout suivi d'une nouvelle appendice où l'on discute plusieurs des principes fondamentaux de la doctrine chimique moderne. Par A. Baumé. 7e édition..."
            },
            {
                  "doc_url": "https://gallica.bnf.fr/ark:/12148/bpt6k30424458",
                  "emotions": [
                        "disgust"
                  ],
                  "excerpt": "La seconde espece est en masses un peu friables : elle est très - inférieure en vertus à la première ; ce n ’ est , pour ainsi dire , que de la sciure du bois de l ’ arbre qui produit le storax : on la pétrit avec les portions défectueuses du storax calamithe .Il y a des fabricants de chocolat , qui font entrer de cette drogue dans leur chocolat c ® mmun en place de la vanille qui est très - chere ; ce storax , qu ’ ils nomment rigodon , a une odeur qui approche un peu de celle de la vanille : mais ceux qui connaissent l ’ odeur de l ’ une et de l ’ autre substance savent très - bien les distinguer .Tamarins , substance pulpeuse , très - aigre et fort utile en Médecine , regardée comme un excellent purgatif qui agit doucement et en même temps avec beaucoup d ’ efficacité .",
                  "id": "4",
                  "title": "Éléments de pharmacie théorique et pratique... Le tout suivi d'une nouvelle appendice où l'on discute plusieurs des principes fondamentaux de la doctrine chimique moderne. Par A. Baumé. 7e édition..."
            },
            {
                  "doc_url": "https://gallica.bnf.fr/ark:/12148/bpt6k30424458",
                  "emotions": [
                        "disgust"
                  ],
                  "excerpt": "Voici une recette plus simple , qui remplit les mêmes indications , et dont on fait beaucoup d ’ usage en Allemagne .Autres pastilles odorantes pour brûlerd 2 £ Swrax calamite , - - * ..",
                  "id": "5",
                  "title": "Éléments de pharmacie théorique et pratique... Le tout suivi d'une nouvelle appendice où l'on discute plusieurs des principes fondamentaux de la doctrine chimique moderne. Par A. Baumé. 7e édition..."
            },
            {
                  "doc_url": "https://gallica.bnf.fr/ark:/12148/bpt6k9753786r",
                  "emotions": [
                        "disgust",
                        "anger",
                        "disapproval",
                        "disappointment"
                  ],
                  "excerpt": "Celte expression veut dire que follement abandonnés à leurs passions , ils ne songent pas à arriver au Nirvâria qui les affranchirait , pour toujours , des vicissitudes de la vie et de la mort .amère des cinq désirs , et lorsqu ' ils sont las et dégoûtés des cinq désirs , ils ressemblent à cet homme qui a bu a sa soif , et ils disent à la vue , à l ' ouïe , à l ' odorat , au goût : « Ne revenez plus ; je ne veux plus vous voir .» Mais les cinq désirs se succèdent sans interruption .",
                  "id": "6",
                  "title": "Contes et apologues indiens inconnus jusqu'à ce jour : suivis de fables et de poésies chinoises. Tome 2 / traduction de M. Stanislas Julien,..."
            },
            {
                  "doc_url": "https://gallica.bnf.fr/ark:/12148/bpt6k61362566",
                  "emotions": [
                        "disgust",
                        "annoyance"
                  ],
                  "excerpt": "Ces sortes de préparations ne seraient - elles données au malade que pour leur épargner le désagrément des remèdési amers , nauséabondes ou trop copieux , car la nature paraît avoir attaché aux plantes propres à rétablir ' la - santé , la nécessité de se vaincre pour les prendre .Ce qui est amer à la , bouche , disent les anciens , est doux au çoèur , et nou § ne connaissons pas de purgatifs qui ne soient désagréables au goût .- 15 - Ii ' Opium et les Narcotiques .",
                  "id": "7",
                  "title": "Précis de la nouvelle doctrine médicale de James Morison,... ou Pensées extraites de ses ouvrages et suivies de guérisons et d'explications sur le traitement de chaque maladie (4e éd.) / par L.-F. Candelot,..."
            },
            {
                  "doc_url": "https://gallica.bnf.fr/ark:/12148/bpt6k990728w",
                  "emotions": [
                        "disgust",
                        "indifference"
                  ],
                  "excerpt": "En la voyant entrer , elle éprouva un sentiment de répulsion cruelle no sut complètement réprimer .Ce personnage hybride , ridicule dans sa mise , grotesque par son allure , qui empestait ie tabac et puait l ' alcool , ne pouvait in pirer à mademoiselle Fernez aucune sympathie .Pourtant , elle indiqua un siège à la duchesse .",
                  "id": "8",
                  "title": "À Lesbos / par Jehan de Kellec"
            },
            {
                  "doc_url": "https://gallica.bnf.fr/ark:/12148/bpt6k96860982",
                  "emotions": [
                        "disgust"
                  ],
                  "excerpt": "L ' orange qui tire son origine primitive de l ' Inde pour venir de nos jours fleurir jusque dans nos contrées provençales fait partie des desserts de luxe du pauvre comme du riche et des douceurs accordées aux malades et aux convalescents .Sa couleur , son odeur , sa saveur flattent les yeux , le nez et la bouche et réveillent les estomacs allanguis ; on la mange au naturel ou avec du sucre , du Champagne , du madère , du kirsch , du cognac , etc .; on en fait des confitures , des gelées , des pâtes sèches , des limonades , des glaces , des , sirops et , sous toutes ces formes , elle conserve sa suave et aromatique délicatesse .",
                  "id": "9",
                  "title": "Comment on défend sa santé par l'hygiène. Les aliments / par le Dr A. Baratier,..."
            },
            {
                  "doc_url": "https://gallica.bnf.fr/ark:/12148/bpt6k6515473h",
                  "emotions": [
                        "disgust",
                        "annoyance",
                        "nervousness",
                        "pain",
                        "embarrassment"
                  ],
                  "excerpt": "La neige s ' amoncèle .Le nez se gèle .Le captif se rachète .",
                  "id": "10",
                  "title": "Praxigraphie, ou Recueil d'exercices dans un nouveau genre, pour enseigner ou pour apprendre par la pratique les règles de la grammaire et l'orthographe... par M. Marle et M. Leterrier,... 2e édition"
            },
            {
                  "doc_url": "https://gallica.bnf.fr/ark:/12148/bpt6k1003936t",
                  "emotions": [
                        "disgust",
                        "disapproval"
                  ],
                  "excerpt": "Fleurs ni feuilles n ' étaient plus visibles .C ' était une pauvre chose jaunie , inutile , flétrie , crispée , ayant une odeur de poussière .— Je le brûlerai quelque soir .",
                  "id": "11",
                  "title": "Le reste est silence : roman / Edmond Jaloux"
            },
            {
                  "doc_url": "https://gallica.bnf.fr/ark:/12148/bpt6k5532773z",
                  "emotions": [
                        "disgust",
                        "relief"
                  ],
                  "excerpt": "60 ) un mélange extrêmement complexe de divers carbures d ' hydrogène combustibles , d ' oxyde de carbone , d ' anhydride carbonique , d ' hydrogène , d ' azote , d ' ammoniaque , d ' acide sulfurique et de vapeur d ' eau .Ce mélange brûle avec une flamme très éclairante , mais puante et fuligineuse .On lui enlève ces défauts par une épuration .",
                  "id": "12",
                  "title": "Cours de physique et de chimie : rédigé conformément au programme des écoles normales primaires d'institutrices... (9e édition) / par Émile Bouant...."
            },
            {
                  "doc_url": "https://gallica.bnf.fr/ark:/12148/bpt6k5854976s",
                  "emotions": [
                        "disgust",
                        "greed"
                  ],
                  "excerpt": "Les vautours se réunissent par bandes , et se nourrissent de cadavres à défaut d ' autres proies .L ' odeur de la chair corrompue les attire de très loin .S ' ils sont pressés par la faim , ils descendent près des habitations solitaires et fondent sur les oiseaux de basse - cour .",
                  "id": "13",
                  "title": "Alphabet illustré du Dictionnaire général et grammatical des dictionnaires français, par Napoléon Landais"
            },
            {
                  "doc_url": "https://gallica.bnf.fr/ark:/12148/bpt6k9753950t",
                  "emotions": [
                        "disgust",
                        "anger",
                        "pain"
                  ],
                  "excerpt": "l du fer ; b agréable dans le Savenier : : Dans le Geronster elle est { ouffrée : < frappant le nez très .vivement , e remr plissant la tête d ' une odeur aciéreuse souffré .e , / causant aux cerveaux fois - bles une yvresse d ' un quart - d ' heure Ott de demi - heure .",
                  "id": "14",
                  "title": "Traité des eaux minerales nouvellement découvertes au village de Passy, près Paris ... par M. Moullin de Marguery,..."
            },
            {
                  "doc_url": "https://gallica.bnf.fr/ark:/12148/bpt6k5698350b",
                  "emotions": [
                        "disgust",
                        "pain"
                  ],
                  "excerpt": "Sous l ' effort des gaz souterrains , les boues se gonflent en boursouflures que jaunissent des dépôts de soufre .Ce soufre , son odeur à la fin nous suffoque .Nous tournons le dos au cratère .",
                  "id": "15",
                  "title": "De Java au Japon par l'Indochine, la Chine et la Corée / A. Maufroid"
            },
            {
                  "doc_url": "https://gallica.bnf.fr/ark:/12148/bpt6k5408649r",
                  "emotions": [
                        "disgust",
                        "annoyance",
                        "disapproval",
                        "gratitude",
                        "envy",
                        "caring",
                        "disappointment"
                  ],
                  "excerpt": "A moi l ' infigne honneur de t ' armer citoyen De la France qui t ' aime , & de marquer ta place Au fond de tous les coeurs par cette Dédicace .C ' eft au nom de Paris , qui compte par milliers Tes dons & tes bienfaits , que je brife à tes pieds , Pour ta pitié profonde & ton amour immenfe , Cette urne de parfums & de reconnaifTance .PROLOGUS Nec fonte labra prolui Caballino ^ Nec in bicipitifomniafTe Parnafïb Meminij ut repente fie poeta prodirem : Heliconiadafque pallidamque Pirenem Illis remitto , quorum imagines lambunt Hederae fequaces .",
                  "id": "16",
                  "title": "Parfums, chants et couleurs : poésies / par Gustave Mathieu"
            },
            {
                  "doc_url": "https://gallica.bnf.fr/ark:/12148/bpt6k97932686",
                  "emotions": [
                        "disgust"
                  ],
                  "excerpt": "On a beau les dé - crasser et leur donner du poli , rien n ' y fait .Cela exhale toujours une odeur de graillon .* La société est une immense marmite qui a les tribunaux pour écumoir .",
                  "id": "17",
                  "title": "Rêveries d'un étameur / par Commerson [E. Furpille, Vachette, H. Maxance et J. Brantome]"
            },
            {
                  "doc_url": "https://gallica.bnf.fr/ark:/12148/bpt6k97932686",
                  "emotions": [
                        "disgust"
                  ],
                  "excerpt": "> * ON DONNE 20 , 000 fr .à celui qui prouvera que l ' eau de choux - fleurs ne fait pas pousser des cris de dégoût aux personnes privées de l ' odorat depuis vingt - cinq ans .— b ' adresser chez M .",
                  "id": "18",
                  "title": "Rêveries d'un étameur / par Commerson [E. Furpille, Vachette, H. Maxance et J. Brantome]"
            },
            {
                  "doc_url": "https://gallica.bnf.fr/ark:/12148/bpt6k5806835r",
                  "emotions": [
                        "disgust"
                  ],
                  "excerpt": "Un personnage sérieux et poli vous introduit de là dans un couloir étroit et humide , imprégné d ' une vague 128 l \\ K PRÛUKVADB DANS LB SAHARA .odeur de caveau .On éprouve un soulagement eu entrant ensuite dans uno grande salle éclairée par eu haut , et assez semblable h un corps do garde .",
                  "id": "19",
                  "title": "Une promenade dans le Sahara / par Charles Lagarde ; avec une préface de Charles Joliet"
            },
            {
                  "doc_url": "https://gallica.bnf.fr/ark:/12148/bpt6k5684821t",
                  "emotions": [
                        "joy",
                        "disgust"
                  ],
                  "excerpt": "ANASSILAO .La femme qui est un parfum no s ' exhale qu ' à l ' ombre .LAMENNAIS .",
                  "id": "20",
                  "title": "Qu'est la femme ?... Ange ou démon ? : contradictions des plus célèbres auteurs anciens et modernes, etc. / par le professeur L. Peyronnet"
            }
      ]
}