{
      "articles": [
            {
                  "doc_url": "https://gallica.bnf.fr/ark:/12148/bpt6k5774387t",
                  "emotions": [
                        "disgust"
                  ],
                  "excerpt": "— Après être resté pendant un certain temps à l ' état de tumeur dure , le cancer se ramollit ; la peau , envahie par les éléments cancéreux , prend une teinte violacée , elle se détruit , disparaît , et laisse à nu une surface irrégulière , anfractueuse , d ' où s ' écoule un liquide sanieux , roussâtre , renfermant les éléments du cancer , des globules purulents , des corpuscules sanguins , etc .; son odeur est repoussante et spéciale ; c ' est l ' ichor cancéreux .7 ° Cachexie .",
                  "id": "1",
                  "title": "Manuel de pathologie générale et de diagnostic / par le Dr Léon Moynac,..."
            },
            {
                  "doc_url": "https://gallica.bnf.fr/ark:/12148/bpt6k5832338v",
                  "emotions": [
                        "disgust"
                  ],
                  "excerpt": "Elle est comprimée sous forme de carrés longs du poids de 200 à 500 grammes .Elle est jaunâtre , d ' une odeur fort nauséeuse , d ' un goût acre .On emploie en Amérique , comme antisyphilitique , la racine de lobelia syphilitica .",
                  "id": "2",
                  "title": "Formulaire raisonné des médicaments nouveaux et des médications nouvelles, suivi de notions sur l'aérothérapie, l'hydrothérapie, l'électrothérapie, la kinésithérapie et l'hydrologie médicale, par O. Reveil,..."
            },
            {
                  "doc_url": "https://gallica.bnf.fr/ark:/12148/bpt6k64243497",
                  "emotions": [
                        "disgust"
                  ],
                  "excerpt": "Involucre pubescent ; graines anguleuses , à rebord mince et denté .Odeur forte et repoussante .Juin - août .",
                  "id": "3",
                  "title": "Flore analytique et descriptive du département de la Vienne... / par C.-J.-L. Delastre,..."
            },
            {
                  "doc_url": "https://gallica.bnf.fr/ark:/12148/bpt6k6578167b",
                  "emotions": [
                        "disgust"
                  ],
                  "excerpt": "Rien d ' égal à la ténacité du lien qui attache ces misérables à leurs pièces , à leur or mal gagné .L ' odeur infecte qui s ' exhale du corps de ces bêtes puantes , c ' est la concussion , l ' agiotage , le viol , l ' assassinat , qui transsudent d ' un corps social gangrené et pourri , d ' un corps social en puissance de juif , comme la France d ' aujourd ' hui .Voulons - nous guérir le corps social de ses infamies et purger les campagnes de la bête puante ? Le moyen est le même ; il a , de plus , l ' avantage d ' être extrêmement facile .",
                  "id": "4",
                  "title": "L'esprit des bêtes / par A. Toussenel ; illustré par Émile Bayard ; [préface de P.-J. Stahl (P.-J. Hetzel)]"
            },
            {
                  "doc_url": "https://gallica.bnf.fr/ark:/12148/bpt6k96168947",
                  "emotions": [
                        "disgust",
                        "annoyance"
                  ],
                  "excerpt": ".Son odeur est désagréable .Narcotive , résolutive .",
                  "id": "5",
                  "title": "Flore des départements méridionaux de la France, et principalement de celui de Tarn-et-Garonne... par M. Baron,..."
            },
            {
                  "doc_url": "https://gallica.bnf.fr/ark:/12148/bpt6k9663800m",
                  "emotions": [
                        "disgust",
                        "nervousness",
                        "pain",
                        "embarrassment",
                        "disappointment",
                        "guilt"
                  ],
                  "excerpt": "n .puer , sentir mauvais .ENGRELINE , s .",
                  "id": "6",
                  "title": "Essai sur le patois poitevin, ou Petit glossaire de quelques-uns des mots usités dans le canton de Chef-Boutonne et les communes voisines / par H. Beauchet-Filleau..."
            },
            {
                  "doc_url": "https://gallica.bnf.fr/ark:/12148/bpt6k65140517",
                  "emotions": [
                        "disgust"
                  ],
                  "excerpt": "Sa réaction examinée , au moment où il venait d ' être ouvert , était franchement acide .L ' odeur de la matière qui s ' en échappait était désagréable sans doute , mais bien différente de l ' odeur ordinaire des œufs pourris , qui est horrible .Cette odeur avait quelque chose de fade .",
                  "id": "7",
                  "title": "Les microzymas dans leurs rapports avec l'hétérogénie, l'histogénie, la physiologie et la pathologie : examen de la panspermie atmosphérique continue ou discontinue, morbifère ou non morbifère / par A. Béchamp,..."
            },
            {
                  "doc_url": "https://gallica.bnf.fr/ark:/12148/bpt6k11749881",
                  "emotions": [
                        "disgust"
                  ],
                  "excerpt": "— Fleurs .— Aromatique , amer .— Infusé 20 0 / 00 .",
                  "id": "8",
                  "title": "Mémento pharmaceutique : médicaments usuels, analyses bactériologiques et chimiques, empoisonnements, renseignements pratiques / par A. Cartaz,..."
            },
            {
                  "doc_url": "https://gallica.bnf.fr/ark:/12148/bpt6k9614544p",
                  "emotions": [
                        "disgust"
                  ],
                  "excerpt": "La chasse du renard est très - amusante , et fort aimée surtout des Anglais .Tous les chiens ont de la répugnance pour le loup ; mais tous , au contraire , chassent le renard volontiers et le suivent facilement , car il a l ' odeur très - forte .Il n ' y a pas d ' animal qui use de plus de subterfuges pour leur échapper .",
                  "id": "9",
                  "title": "Le vieux garde-chasse"
            },
            {
                  "doc_url": "https://gallica.bnf.fr/ark:/12148/btv1b8623284d",
                  "emotions": [
                        "sadness",
                        "disgust",
                        "nervousness",
                        "despair"
                  ],
                  "excerpt": "Le bureau , où j ' avais eu la bêtise de m ' inscrire , est situé , rue du Colisée , dans le fond d ' une cour , au troisième étage d ' une maison noire et très vieille , presque une maison d ' ouvriers .Dès l ' entrée , l ' escalier étroit et raide , avec ses marches malpropres qui collent aux semelles et sa rampe humide qui poisse aux mains , vous souffle un air empesté au visage , une odeur de plombs et de cabinets , et vous met , dans le coeur , un découragement ..",
                  "id": "10",
                  "title": "Journal d'une femme de chambre"
            },
            {
                  "doc_url": "https://gallica.bnf.fr/ark:/12148/bpt6k10495246",
                  "emotions": [
                        "disgust"
                  ],
                  "excerpt": "Les Mauresques avaient le visage découvert : elles étaient jolies et bien mises , en tenue d ' hiver , avec le kaftan à manches par - dessus le corset .Leur habillement se composait d ' un ramage de soie à fleurs et de dorures , et toute leur personne , imbibée d ' eau de senteur , exhalait une intolérable odeur d ' ambre .Pas un de nous ne dit mot pendant une heure .",
                  "id": "11",
                  "title": "Une année dans le Sahel / par Eugène Fromentin"
            },
            {
                  "doc_url": "https://gallica.bnf.fr/ark:/12148/bpt6k9734373h",
                  "emotions": [
                        "disgust"
                  ],
                  "excerpt": "Le sang , cette liqueur vivifiante , de laquelle émanent presque toutes les autres , en est lui - même aisément afk & é , & on remarque que sa pourriture se développe COltS différentes formes .Le sang le plus sain , exposé à l ' air , devient fétide & se pourrit ; celui qui st : inte par les vaisseaux ouverts d ' une plaie , échauffé dans l ' appareil qui la recouvre , présente bientôt une odeur de putréfaction particulière , que l ' habitude fera toujours dilling - c ..",
                  "id": "12",
                  "title": "Dissertations sur les antiseptiques , qui ont concouru pour le prix proposé par l'Académie des sciences, arts & belles-lettres de Dijon en 1767, dont la premiere a remporté le prix, & dont les deux autres ont partagé l'accessit..."
            },
            {
                  "doc_url": "https://gallica.bnf.fr/ark:/12148/bpt6k5324037j",
                  "emotions": [
                        "disgust"
                  ],
                  "excerpt": "ys feus et leurs facultés conviennent aujfi parfaitement bien a ' leur état , jfis ont la viïè perçante ; V ouïe f ne , et la main jure ; ils tirent de l ’ arc avec une jufleffe admirable , et font d ’ une iegeretê extraordinaire à la courfe .Toutes ces qualités , qui leur font naturelles et d ’ une necefjitê abfolue , pour pourvoir a leurs befoins , ont été perfectionnées par un exercice continuel , ffls ont par contre 4e goût grojfier , V odorat foible et / ’ attouchement rude et émoujjé : ce qui vient fans doute des objets qui les environnent , tous de nature à ne pouvoir produire aucune fen - fation dclicate .J / ET LES LAPPONS .",
                  "id": "13",
                  "title": "Mémoire sur les Samojèdes et les Lappons. [Par T. Merzahn von Klingstöd.]"
            },
            {
                  "doc_url": "https://gallica.bnf.fr/ark:/12148/bpt6k316729r",
                  "emotions": [
                        "disgust",
                        "pain"
                  ],
                  "excerpt": "La langue est tapissée d ’ un enduit épais , limoneux , jaunâtre , tenace .Le malade a un goût pâteux , fade , amer , désagréable de la bouche ; l ’ haleine est plus on moins fétide .La voix est nasonnée .",
                  "id": "14",
                  "title": "De l'angine et de ses variétés... / par le docteur V. Chancerel,..."
            },
            {
                  "doc_url": "https://gallica.bnf.fr/ark:/12148/bpt6k9753420z",
                  "emotions": [
                        "disgust"
                  ],
                  "excerpt": "On y habitue les jeunes bêtes , en leur offrant d ' abord les feuilles de l ' aune ( alnus communes ) , qui les appètent , et l ' on arrive insensiblement aux feuilles du chêne ( quercus robur ) , à celles de l ' yeuse ( quercus ilex ) , qui sont moins tendres et elus amères ; et enfin , à celles du fusain ( evonymus europœus ) , que l ' on accuse , à tort , de causer aux bêtes à laine en particulier , un grand nombre d ' indispositions , et de les exciter à un vomissement , pour ainsi dire , de tous les instans .Sans doute , ce joli arbrisseau de nos haies et de nos bois exhale de ses différentes parties une odeur nauséabonde , qui en écarte presque tous les animaux ; cependant ils mangent ses feuilles , sans en éprouver de violens effets , comme on se plaît à le dire encore .On a renfermé plusieurs moutons ? auxquels on n ' a pas donné d ' autre nourriture .",
                  "id": "15",
                  "title": "Traité de l'éducation des animaux domestiques, dans lequel on indique les moyens les plus simples et les plus sûrs de les multiplier, de les entretenir en santé et d'en tirer le plus d'avantages possibles. Tome 1 / . Par Arsenne Thiébaut de Berneaud..."
            },
            {
                  "doc_url": "https://gallica.bnf.fr/ark:/12148/bpt6k42358220",
                  "emotions": [
                        "disgust",
                        "doubt"
                  ],
                  "excerpt": "En traitant de même des os , la matière grasse et les tissus charnus sont détruits , mais une partie de leur charbon n ’ est pas brûlée ; la masse qui reste pour résidu est du noir animal .Les gaz qui se dégagent ont une odt ? ur infecte .Si les os étaient calcinés à l ’ air , toute la matière organique brûlerait et le résidu serait blanc .",
                  "id": "16",
                  "title": "Notions de sciences physiques et naturelles appliquées à l'agriculture, 50 expériences pour l'école primaire, par René Leblanc,... Cours supérieur. Livre de l'élève. 2e édition..."
            },
            {
                  "doc_url": "https://gallica.bnf.fr/ark:/12148/bpt6k54405424",
                  "emotions": [
                        "disgust"
                  ],
                  "excerpt": "Baze , les généraux Lamoricière , Changarnier et Cavaignac , également avec trois sergents de ville .Les voitures étaient de celles qui servent au transport des forçats , dites voitures cellulaires ! On n ' avait pas même pris le soin de les nettoyer ; elles étaient d ' une malpropreté révoltante ; chaque petite cellule ou se trouvait enfermé à clef un de ces généraux , fidèles gardiens des traditions de notre gloire , exhalait une odeur infecte .Les nobles vainqueurs que les vainqueurs du 2 décembre ! Comme il est facile de s ' expliquer que l ' armée française canonne Paris , pour proclamer césar un homme qui traite ses chefs les plus illustres à la façon des galériens ! 403 » Les prisonniers partirent an bruit de plusieurs centaines de chevaux qui les escortaient , et ils apprirent , par les sergents de ville , qu ' on les menait à Ham .",
                  "id": "17",
                  "title": "La France sous le régime bonapartiste , par le prince Pierre Dolgoroukov,..."
            },
            {
                  "doc_url": "https://gallica.bnf.fr/ark:/12148/bpt6k4235571f",
                  "emotions": [
                        "disgust"
                  ],
                  "excerpt": "Des ulcères multipliés à la bouche , Sc fur - .tout aux gencives , exhaloient une odeur Si fétide & fi pénétrante , que je fus obligé de féparer .ce malheureux des autres malades ; je lui fis boire abondamment des eaux thermales coupées avec le lait , qui lui fervoient en même temps de gargarifme , & je le mis au lait pour toute nourriture .",
                  "id": "18",
                  "title": "Recueil d'observations de médecine des hôpitaux militaires. Tome 2 / , fait et rédigé par M. Richard de Hautesierck,..."
            },
            {
                  "doc_url": "https://gallica.bnf.fr/ark:/12148/bpt6k880425c",
                  "emotions": [
                        "disgust",
                        "nostalgia",
                        "greed"
                  ],
                  "excerpt": "inf .aromatique le malin .} Du 24 au 28 , la fièvre devint plus forte et plus continue .",
                  "id": "19",
                  "title": "Tableau des maladies observées dans les salles des fiévreux civils pendant les mois d'avril, mai et juin 1829 / par M. A. Laënnec,... ; Clinique de l'Hôtel-Dieu"
            },
            {
                  "doc_url": "https://gallica.bnf.fr/ark:/12148/bpt6k58520888",
                  "emotions": [
                        "disgust"
                  ],
                  "excerpt": "J ' ai conservé pendant plusieurs mois ; dans trois vases en verre blanc bien bouchés , trois demi - litres de cette eau de condensation , et dans trois autres la même - quantité d ' eau minérale .Au bout d ' un mois , j ' examinai l ' eau d ' un des flacons d ' eau condensée ; elle répandait une odeur légèrement nauséeuse , et avait laissé déposer quelques petits filaments blanchâtres .Elle avait , perdu sa limpidité et était un peu trouble .",
                  "id": "20",
                  "title": "Mémoire sur l'action thérapeutique de l'eau sulfureuse et iodée d'Allevard, près Grenoble (Isère), dans les affections chroniques de la poitrine et principalement dans la phthisie. Recherches physiologiques et chimiques sur la composition de l'air des cabinets de bains, de douches, et des salles d'inhalation de vapeurs sulfureuses et de gaz sulfhydrique de l'établissement thermal d'Allevard, par le Dr Niepce,..."
            }
      ]
}