{
      "articles": [
            {
                  "doc_url": "https://gallica.bnf.fr/ark:/12148/bpt6k1510071q",
                  "emotions": [
                        "disgust"
                  ],
                  "excerpt": "Chair blanche .Odeur nauséeuse .Encore bien que les caractères tranchans de ces deux espèces servent à les faire reconnaître , on conviendra que rien ne peut remplacer une figure exacte .",
                  "id": "1",
                  "title": "Des champignons comestibles, suspects et vénéneux , avec l'indication des moyens à employer pour neutraliser les effets des espèces nuisibles ; ouvrage utile aux personnes qui habitent la campagne, aux dames bienfaisantes des châteaux, à messieurs les maires et curés de ville et village, aux gens d'office ; et mis à la portée du public. Accompagné de dix planches de dessins faits d'après nature, coloriés avec soin et représentant deux cents espèces groupées sur le terrain qui les nourrit. Dédié à S. A. R. Madame, duchesse de Berry, par M. E. Descourtilz, docteur en médecine de la Faculté de Paris, ancien médecin du gouvernement à Saint-Domingue, auteur de la Flore pittoresque et médicale des Antilles, et membre de plusieurs sociétés savantes."
            },
            {
                  "doc_url": "https://gallica.bnf.fr/ark:/12148/bpt6k206619n",
                  "emotions": [
                        "disgust"
                  ],
                  "excerpt": "a quelquefois occasionné les accidens dont ' nous faisons mention .L ' odeur qui se dégage en pilant l ' ellébore hoir et la coloquinte a produit , dans certaines circonstances , des effets purgatifs enfin , les historiens rappor - tèni des exemples de grands personnages empoisonnés par des gants parfumés , ou .par des vapeurs qui s ' exhalaient de cer - taines torches .",
                  "id": "2",
                  "title": "Secours à donner aux personnes empoisonnées et asphyxiées : suivis des moyens propres à reconnaître les poisons et les vins frelatés, et à distinguer la mort réelle de la mort apparente (2e éd. rev., corr. et augm.) / par M.-P. [i.e. M.-B.] Orfila,..."
            },
            {
                  "doc_url": "https://gallica.bnf.fr/ark:/12148/bpt6k6532541h",
                  "emotions": [
                        "disgust"
                  ],
                  "excerpt": "La myrrhe fut introduite à Chypre par Myrrha , en Italie par Pompéa .Homère parle de bois odoriférants ( Od .5 , 60 ) et de liqueurs odoriférantes ( II .",
                  "id": "3",
                  "title": "Histoire nouvelle des arts et des sciences / par Alphonse Renaud,..."
            },
            {
                  "doc_url": "https://gallica.bnf.fr/ark:/12148/bd6t53693463",
                  "emotions": [
                        "disgust",
                        "frustration"
                  ],
                  "excerpt": "né da cohii che mal volentier vegghia : né da uomo che sia obbligato a vegliare e lavora con ardore per affrettare il momento di andarsene a letto .Se trouvaient accumulés tous en une même fosse ; il en était ainsi en cet endroit , et cette puanteur en sortait , 5 ! Qui sort d ’ ordinaire de membres putréfiés .Nous descendîmes sur la dernière rive De la longue passerelle , par la gauche , 54 Et alors ma vue devint plus nette Sur le fond , lieu où le ministre Du Maître suprême , l ' infaillible Justice , 57 Punit les faussaires qu ’ elle y envoie .",
                  "id": "4",
                  "title": "La divine comédie / Dante Alighieri ; traduction nouvelle, accompagnée du texte italien, avec une introduction et des notes, par Ernest de Laminne"
            },
            {
                  "doc_url": "https://gallica.bnf.fr/ark:/12148/bpt6k62765718",
                  "emotions": [
                        "disgust"
                  ],
                  "excerpt": "5 .Bois odoriférant du pays de Ponnt 6 .Voir p .",
                  "id": "5",
                  "title": "Le tombeau de Rekhmara, préfet de Thèbes sous la XVIIIe dynastie / par Ph. Virey"
            },
            {
                  "doc_url": "https://gallica.bnf.fr/ark:/12148/bpt6k97366201",
                  "emotions": [
                        "disgust"
                  ],
                  "excerpt": "Notre grand - maître avoit par - tout les yeux , Et de la tourte , un mets délicieux , Il remplissoit chaque assiette déserte .A Dorimène elle est de même offerte , Mais la princesse y démêle l ' odeur Du chou gâté dont fut , dans la barrique } Nourri , dit - elle , un lapin domestique , Et le dégoûta soulevé son cœur .Le mal n ' a point gagné cette assemblée , Et la place est bientôt démantelée .",
                  "id": "6",
                  "title": "La diligence , poëme en quatre chants, par M. d'Étalleville"
            },
            {
                  "doc_url": "https://gallica.bnf.fr/ark:/12148/bpt6k12804252",
                  "emotions": [
                        "disgust"
                  ],
                  "excerpt": "était autrefois du masculin , comme presque tous les noms en eur , dérivés du latin .L ' odeur du min combien est plus friant ( Rabelais ) .ODEYPOUPi ( géogr .",
                  "id": "7",
                  "title": "Complément du dictionnaire de l'Académie française / publié sous la direction d'un membre de l'Académie française [J. Droz], avec la coopération de MM. Bardin,... Barre,... Barré,... Boileux,... de Bonnechose,... Bottée de Toulmont,... ; et précédé d'une préface par M. Louis Barré,..."
            },
            {
                  "doc_url": "https://gallica.bnf.fr/ark:/12148/bpt6k773180",
                  "emotions": [
                        "disgust"
                  ],
                  "excerpt": "Nous ne saurions dire si la sébacine digère selon les parties de la peau qui l ' exhale .On sait , & ta vérité , que soMt odeur n ' est pas là même sur tous les points du tégument , mais cette odeur parait encore depen * dred ' uh principe odorant contenu dans la sueur .Les < s ~ ~ rew ~ que doit offrir ïasebaoihe ~ ~ les < ~ < * t ne noua sont pas mieux connues que les p ~ cedentes nous savons seutementqtl ' oil trouve , Mrïàaurfacedu corps du jeune ~ ujetencoréAl ~ etat defœtus , unematiere onctueuse , que M ~ Va ~ queliu a crue n ~ tre que déposée par le fluide amnioti \" que , mais qui ~ ce Nae ~ mNe , provient d ' une exhalatiou cutanée .",
                  "id": "8",
                  "title": "Cours de physiologie générale et comparée, : professé à la Faculté des sciences de Paris. Tome 3 / par M. Ducrotay de Blainville,... ; publié par les soins de M. le Dr Hollard, et revu par l'auteur"
            },
            {
                  "doc_url": "https://gallica.bnf.fr/ark:/12148/bpt6k56985375",
                  "emotions": [
                        "disgust"
                  ],
                  "excerpt": "Il restait plus des trois quarts du bélier tuéTavânt - veille par M .Lafleur , L ' odeur dé la chair crue attira les loups .Ils vinrent rôder autour du campement , malgré les grondements et les aboiements , furieux parfois , deWab .",
                  "id": "9",
                  "title": "Les trois fugitifs (3e éd.) / par Victor Tissot et C. Améro ; ouvrage illustré de 72 vignettes dessinées par Y. Pranishikoff [\"sic\"]"
            },
            {
                  "doc_url": "https://gallica.bnf.fr/ark:/12148/bpt6k57786391",
                  "emotions": [
                        "disgust",
                        "disapproval"
                  ],
                  "excerpt": "Cette opinion est déjà exprimée dans les textes des pyramides , où on lit , pour ne citer qu ' un passage 1 : « Donnez du feu afin que le feu se lève ( comme le soleil ) , mettez de l ' encens sur le feu , afin que l ' encens se lève .Ton odeur , ô encens , A ' i .nt chez Ounas ( le roi mort ) » .",
                  "id": "10",
                  "title": "Recherches sur les origines de l'Égypte / par J. de Morgan,..."
            },
            {
                  "doc_url": "https://gallica.bnf.fr/ark:/12148/bpt6k206581q",
                  "emotions": [
                        "disgust",
                        "annoyance",
                        "disapproval"
                  ],
                  "excerpt": "cohérente ou conftucntc ; cette invasion soudaine , sénaréc par 2 ou 5 jours , .de t ' éruption , cette éruption luxuriante de pustutcs déformant les traits , stigmatisant la peau , offensant t ' odorat comme la vue , sont .caractéristiques .",
                  "id": "11",
                  "title": "Traité des maladies de l'enfance. Physiologie et hygiène de l'enfance. Considérations thérapeutiques sur les maladies de l'enfance. Maladies infectieuses / publié sous la dir. de MM. J. Grancher,... J. Comby,... A.-B. Marfan"
            },
            {
                  "doc_url": "https://gallica.bnf.fr/ark:/12148/bpt6k9616930n",
                  "emotions": [
                        "disgust",
                        "disapproval",
                        "indifference"
                  ],
                  "excerpt": "22 .ANTISEPTIQUE ET DÉSODORISANT R .CERBELAUD .",
                  "id": "12",
                  "title": "Manuel vétérinaire ou Formulaire des médications rationnelles et des remèdes secrets (conforme au Codex 1908), par René Cerbelaud, pharmacien-chimiste, docteur en pharmacie de l'Université de Paris, ancien interne des hôpitaux de Paris, ex-interne lauréat des asiles de la Seine, ex-chimiste expert de la ville de Paris, prix de chimie (médaille de vermeil), ancien élève de l'Institut Pasteur. 1922"
            },
            {
                  "doc_url": "https://gallica.bnf.fr/ark:/12148/bpt6k9616930n",
                  "emotions": [
                        "disgust",
                        "annoyance"
                  ],
                  "excerpt": "12 .POUDRE ANTISEPTIQUE ABSORBANTE A ODEUR DISSIMULÉE .Formule R .",
                  "id": "13",
                  "title": "Manuel vétérinaire ou Formulaire des médications rationnelles et des remèdes secrets (conforme au Codex 1908), par René Cerbelaud, pharmacien-chimiste, docteur en pharmacie de l'Université de Paris, ancien interne des hôpitaux de Paris, ex-interne lauréat des asiles de la Seine, ex-chimiste expert de la ville de Paris, prix de chimie (médaille de vermeil), ancien élève de l'Institut Pasteur. 1922"
            },
            {
                  "doc_url": "https://gallica.bnf.fr/ark:/12148/bpt6k9616930n",
                  "emotions": [
                        "disgust"
                  ],
                  "excerpt": "s petits dans leur nid .ne pas les toucher : des mères les abandonnent lorsqu ' elles sentent l ' odeur des mains .— Pour ne pas épuiser les mères en vue de nombreuses portées , certains éleveurs ne laissent que six nouveaunés à la mère et suppriment les autres .",
                  "id": "14",
                  "title": "Manuel vétérinaire ou Formulaire des médications rationnelles et des remèdes secrets (conforme au Codex 1908), par René Cerbelaud, pharmacien-chimiste, docteur en pharmacie de l'Université de Paris, ancien interne des hôpitaux de Paris, ex-interne lauréat des asiles de la Seine, ex-chimiste expert de la ville de Paris, prix de chimie (médaille de vermeil), ancien élève de l'Institut Pasteur. 1922"
            },
            {
                  "doc_url": "https://gallica.bnf.fr/ark:/12148/bpt6k9616930n",
                  "emotions": [
                        "disgust"
                  ],
                  "excerpt": "ci .ANTISEPTIQUE ET DÉSODORISANT CONDY ' S FLUID OR NATURAL DÉSIN - ..",
                  "id": "15",
                  "title": "Manuel vétérinaire ou Formulaire des médications rationnelles et des remèdes secrets (conforme au Codex 1908), par René Cerbelaud, pharmacien-chimiste, docteur en pharmacie de l'Université de Paris, ancien interne des hôpitaux de Paris, ex-interne lauréat des asiles de la Seine, ex-chimiste expert de la ville de Paris, prix de chimie (médaille de vermeil), ancien élève de l'Institut Pasteur. 1922"
            },
            {
                  "doc_url": "https://gallica.bnf.fr/ark:/12148/bpt6k9616930n",
                  "emotions": [
                        "disgust"
                  ],
                  "excerpt": "La pleuropneumonie septique ( maladie de la courade ) sévit chez le veau de quatre à cinq mois .- On fera également des révulsifs et des inhalations .ORIGINE : Etats - Unis d ' Amérique .",
                  "id": "16",
                  "title": "Manuel vétérinaire ou Formulaire des médications rationnelles et des remèdes secrets (conforme au Codex 1908), par René Cerbelaud, pharmacien-chimiste, docteur en pharmacie de l'Université de Paris, ancien interne des hôpitaux de Paris, ex-interne lauréat des asiles de la Seine, ex-chimiste expert de la ville de Paris, prix de chimie (médaille de vermeil), ancien élève de l'Institut Pasteur. 1922"
            },
            {
                  "doc_url": "https://gallica.bnf.fr/ark:/12148/bpt6k9616930n",
                  "emotions": [
                        "disgust"
                  ],
                  "excerpt": "CARACTERES : Poudre Manche , granulée , déliquescente , sans odeur , de saveur amère .Brûlant au contact d ' une flamme et répandant une odeur allia - cée .L ' hypophosphite de calcium chauffé dans un tube dégage de l ' hydrogène phosphoré qui s ' enflamme spontanément .",
                  "id": "17",
                  "title": "Manuel vétérinaire ou Formulaire des médications rationnelles et des remèdes secrets (conforme au Codex 1908), par René Cerbelaud, pharmacien-chimiste, docteur en pharmacie de l'Université de Paris, ancien interne des hôpitaux de Paris, ex-interne lauréat des asiles de la Seine, ex-chimiste expert de la ville de Paris, prix de chimie (médaille de vermeil), ancien élève de l'Institut Pasteur. 1922"
            },
            {
                  "doc_url": "https://gallica.bnf.fr/ark:/12148/bpt6k6228812p",
                  "emotions": [
                        "disgust",
                        "doubt"
                  ],
                  "excerpt": "EMMELURE .Les boissons délayantes et mucil8 ? 1 neuses sont des émollients .Les gommes , les huileS grasses fraiches agissent aussi comme des émollients .",
                  "id": "18",
                  "title": "Bibliothèque de la conversation. Première partie : véritable encyclopédie portative des connaissances humaines / par MM. Honoré Arnoul,..., Frédéric Thomas,..., Isabelle,... [et al.] ; Honoré Arnoul, rédacteur en chef"
            },
            {
                  "doc_url": "https://gallica.bnf.fr/ark:/12148/bpt6k6228812p",
                  "emotions": [
                        "disgust",
                        "annoyance",
                        "frustration",
                        "disappointment"
                  ],
                  "excerpt": "— On se sert souvent de l ' hydromel vineux pour imiter les vins sucrés du midi .On peu aussi faire avec cette liqueur des vinaigres très ag ^ ® ' Lies ; il suffit pour cela de la laisser aigrir .Il en est même qui attendent que l ' œil ens \" inié et ulcéré par l ' impression de l ' air se soit rompu IPontanément et tout à fait vidé .",
                  "id": "19",
                  "title": "Bibliothèque de la conversation. Première partie : véritable encyclopédie portative des connaissances humaines / par MM. Honoré Arnoul,..., Frédéric Thomas,..., Isabelle,... [et al.] ; Honoré Arnoul, rédacteur en chef"
            },
            {
                  "doc_url": "https://gallica.bnf.fr/ark:/12148/bpt6k6228812p",
                  "emotions": [
                        "disgust",
                        "fear",
                        "annoyance",
                        "doubt",
                        "nervousness"
                  ],
                  "excerpt": "IIOUllLUN , plante sarmenteuse et grimpante dont on fait un emploi immense dans la fabrication de la bière .Elle estamère , dépurative et stomachique .Sa tige est garnie d ' écailles obtuses , portant à leur base de petits grains pulvérulcnLs , agglutinants et aromatiques .",
                  "id": "20",
                  "title": "Bibliothèque de la conversation. Première partie : véritable encyclopédie portative des connaissances humaines / par MM. Honoré Arnoul,..., Frédéric Thomas,..., Isabelle,... [et al.] ; Honoré Arnoul, rédacteur en chef"
            }
      ]
}