{
      "articles": [
            {
                  "doc_url": "https://gallica.bnf.fr/ark:/12148/bpt6k9305563",
                  "emotions": [
                        "disgust"
                  ],
                  "excerpt": "Les porcs nourris de résidus en décomposition , de poisson , de débris d ’ équarrissage , de soupe , etc ., ont la chair pale , lavée , d ’ odeur parfois repoussante .La truie qui a porté a la chair brune et llasque ; son lard est mince et peu consistant .",
                  "id": "1",
                  "title": "La cuisine et la table modernes / par MM. le docteur Lambling,... docteur A. Moreau,... Douane,... [et al.] ; introduction de M. Marguery,..."
            },
            {
                  "doc_url": "https://gallica.bnf.fr/ark:/12148/bpt6k5821675k",
                  "emotions": [
                        "disgust"
                  ],
                  "excerpt": "■ La Lichénine est de l ' amidon de \" Lichen d ' Islande .Cette substance est blanche , a une légère odeur de ' lichen , mais elle est sans saveur ; elle se gonfle beaucoup dans Peau froide ; elle se dissout dans , Peau bouillante ; l / 24e , suivant Moquin - Tandon ^ PRINCIPES EXTRAITS DES VÉGÉTAUX .45 suffit pour donner une gelée ; insoluble dans ' l ' éther , elle se transforme en sucre d ' amidon par Pébullition prolongée avec les acides .",
                  "id": "2",
                  "title": "Les Plantes médicinales et usuelles de nos champs, jardins, forêts ; description et usages des plantes, comestibles, suspectes, vénéneuses... par H. Rodin,..."
            },
            {
                  "doc_url": "https://gallica.bnf.fr/ark:/12148/bpt6k6523507h",
                  "emotions": [
                        "disgust"
                  ],
                  "excerpt": "C ' est un état syphilitique des plus graves , ce qui ne ra pas empêchée d ' avoir des rapports avec des hommes , d ' une façon quotidienne .11 est impossible de comprendre que l ' odeur repoussante des manifestations syphilitiques dont elle était atteinte n ' ait pas fait fuir ceux qui l ' approchaient .Cette malheureuse fille , malade depuis cinq ou six mois , n ' a pas eu un instant la pensée d ' aller à la consultation d ' un hôpital quelconque .",
                  "id": "3",
                  "title": "Hygiène sociale. La Prostitution clandestine à Paris, par le Dr O. Commenge,..."
            },
            {
                  "doc_url": "https://gallica.bnf.fr/ark:/12148/bpt6k97634274",
                  "emotions": [
                        "disgust",
                        "annoyance"
                  ],
                  "excerpt": "Les intérêts du pays et de sa population auraient bientôt été pris à cœur , si les guerres avec l ' Angleterre , la domination française , le tiercement des dettes nationales et le blocus continental n ' étaient survenus .Daendels aéra comme il faut cette boutique nauséabonde ( de Haan , Triangan 1 , 440 ) quoiqu ' il ne pût balayer tous les coins et recoins de cet immense édifice .Raffles et les commissaires généraux , surtout Elout , firent des tentatives dans la bonne direction ; mais la révolte belge éclata , suivie de la politique de Guillaume Ier .",
                  "id": "4",
                  "title": "Ethnologie coloniale : l'Européen et l'indigène / J. C. Van Eerde,... ; préface de M. Joseph Chailley"
            },
            {
                  "doc_url": "https://gallica.bnf.fr/ark:/12148/bpt6k9781129v",
                  "emotions": [
                        "disgust",
                        "disapproval",
                        "doubt"
                  ],
                  "excerpt": "Rosenbaum , Histoire de la syphilis dans l ' antiquité .Tu prétends que la bouche des avocats et des poètes sent mauvais ; elle sent plus mauvais encore celle d ' un feilator : Os male caussidis et dicis olere poetis , Sed fellatori , Zoile , pejus olet .Dans une autre épi gramme , il reproche à un fellator de se parfumer la bouche pour masquer l ' odeur causée par sa sale habitude .",
                  "id": "5",
                  "title": "Médecine et moeurs de l'ancienne Rome d'après les poètes latins... / Dr Edmond Dupouy"
            },
            {
                  "doc_url": "https://gallica.bnf.fr/ark:/12148/bpt6k992393q",
                  "emotions": [
                        "disgust"
                  ],
                  "excerpt": "La chaleur hâte le — .|Celte viande sent le — , Elle a un mauvais goût qui vient de la malpropreté du vase où elle a été cuite .ROUILLE , s .",
                  "id": "6",
                  "title": "Dictionnaire de la langue française, à l'usage des écoles chrétiennes / par F. P. B. (M. Bransiet)"
            },
            {
                  "doc_url": "https://gallica.bnf.fr/ark:/12148/bpt6k64232433",
                  "emotions": [
                        "disgust",
                        "desire",
                        "pain"
                  ],
                  "excerpt": "n .Avoir une haleine infecte , — dans l ' argot des faubouriens .CASSER DU GRAIN , v .",
                  "id": "7",
                  "title": "Dictionnaire de la langue verte : argots parisiens comparés / Alfred Delvau"
            },
            {
                  "doc_url": "https://gallica.bnf.fr/ark:/12148/bpt6k5516086v",
                  "emotions": [
                        "disgust"
                  ],
                  "excerpt": "L ' intérieur de Lyon est moins séduisant .Maisons hautes , rues étroites , odeurs détestables .Rigby va visiter le célèbre hôtel - Dieu , qui contient onze cents lits de fer , pour un nombre égal de malades .",
                  "id": "8",
                  "title": "Les voyageurs en France, depuis la Renaissance jusqu'à la Révolution / par Albert Babeau"
            },
            {
                  "doc_url": "https://gallica.bnf.fr/ark:/12148/bpt6k5535124b",
                  "emotions": [
                        "disgust",
                        "annoyance"
                  ],
                  "excerpt": "100 , additionnée de l ou 11 gouttes d ' aniline et de quelques gouttes d ' un produit contenant du chloroforme , dégage à chaud une 302 RÉACTIONS .odeur désagréable et repoussante de phénylcarbylaminc , C = Az — C « I13 .La potasse alcoolique à 4 p .",
                  "id": "9",
                  "title": "Précis d'analyse chimique qualitative / par E. Barral,..."
            },
            {
                  "doc_url": "https://gallica.bnf.fr/ark:/12148/bpt6k6112388q",
                  "emotions": [
                        "disgust"
                  ],
                  "excerpt": ") Un homme entrait à l ' hôpital , le 20 juillet 1899 , après une chute sur la tète , à propos de laquelle on n ' a aucun renseignement .Il présentait des vomissements abondants de matières alimentaires et une odeur alcoolique très prononcée .En somme , il semblait être un vulgaire « poivrot » en train de cuver son vin .",
                  "id": "10",
                  "title": "Des blessures des sinus de la dure-mère : sinus longitudinal supérieur et sinus latéral : Contribution à l'étude des fractures du crâne / par le Dr Georges Luys..."
            },
            {
                  "doc_url": "https://gallica.bnf.fr/ark:/12148/bpt6k64818666",
                  "emotions": [
                        "disgust"
                  ],
                  "excerpt": "La fonte des graisses par ce procédé n ' a aucun inconvénient sérieux , aussi n ' est - elle pas classée .On léfend de brûler les tourteaux ( résidus des graisses pêlées avec de la sciure de boig ) , ils répandent en ) rûlant une odeur infecte , ils ne peuvent être utili \" iés que comme engrais .Fabriques d ' acide stéarique et de bougies ( 2e d .",
                  "id": "11",
                  "title": "Hygiène publique / travaux... résumés par Évariste Thévenin,... ; Conseil de salubrité de la Seine"
            },
            {
                  "doc_url": "https://gallica.bnf.fr/ark:/12148/bpt6k54737289",
                  "emotions": [
                        "disgust",
                        "annoyance"
                  ],
                  "excerpt": "Désirant satisfaire à l ' indication , on pense à l ' administration par la voie des clysteres et on fit prendre de cette manière une infusion de 32 grammes de café en poudre dans 600 grammes d ' eau .Ce lavement , pris avec une grande répugnance causa bientôtbeaucoup de malaise , des coliques , des gargouillements , des nausées , puis , des efforts pour vomir , et au bout d ' une demi - heure \" , ces efforts expulsèrent parla bouche un liquide qui avaio la couleur et l ' odeur très prononcée du café ; la malade prétendit qu ' il en avait la saveur .La quantité de liquide vomie pouvait être évaluée au tiers de la quantité qui avait été administrée en lavement .",
                  "id": "12",
                  "title": "De l'Hystérie gastrique / par le Dr Lucien Deniau,..."
            },
            {
                  "doc_url": "https://gallica.bnf.fr/ark:/12148/bpt6k64818666",
                  "emotions": [
                        "disgust",
                        "annoyance"
                  ],
                  "excerpt": ") Salaisons ( Dépôts de ) .Odeur désagréable .— ( 9 février 1825 .",
                  "id": "13",
                  "title": "Hygiène publique / travaux... résumés par Évariste Thévenin,... ; Conseil de salubrité de la Seine"
            },
            {
                  "doc_url": "https://gallica.bnf.fr/ark:/12148/bpt6k9734739v",
                  "emotions": [
                        "disgust"
                  ],
                  "excerpt": "33 .chaient le plâtras des murs et du plafond , c ' était une odeur des plus fétides qui se répandait .Nous avons entendu le docteur Polinière , administrateur des hospices , raconter que l ' infection était si grande qu ' elle l ' emportait même sur celle d ' un amphithéâtre de dissection .",
                  "id": "14",
                  "title": "Traité spécial d'hygiène des familles : particulièrement dans ses rapports avec le mariage, au physique et au moral, et les maladies héréditaires... (2e édition, refondue et corrigée) / par le Dr Francis Devay,..."
            },
            {
                  "doc_url": "https://gallica.bnf.fr/ark:/12148/bpt6k55868216",
                  "emotions": [
                        "disgust",
                        "doubt"
                  ],
                  "excerpt": "— 1 .Pourquoi l ' air respiré , dans uno classe dont on a négligé d ' ouvrir les fenêtres , sent - il mauvais ? — 2 .Comment se produit généralement la mort par asphyxie lento ? RÉDACTION .",
                  "id": "15",
                  "title": "La Jeune française, 200 lectures alternées pour les jeunes filles... par Alcide Lemoine,... Juliette Marie,..."
            },
            {
                  "doc_url": "https://gallica.bnf.fr/ark:/12148/bpt6k64818666",
                  "emotions": [
                        "disgust",
                        "fear",
                        "nervousness"
                  ],
                  "excerpt": ") Visières et feutres vernis ( Fabriques de ) .Odeur désagréable , crainte d ' incendie .- ( 5 novembre 1826 .",
                  "id": "16",
                  "title": "Hygiène publique / travaux... résumés par Évariste Thévenin,... ; Conseil de salubrité de la Seine"
            },
            {
                  "doc_url": "https://gallica.bnf.fr/ark:/12148/bpt6k64818666",
                  "emotions": [
                        "disgust"
                  ],
                  "excerpt": ") Colle forte ( Fabriques de ) .Mauvaise odeur .— ( 14 janvier 1815 .",
                  "id": "17",
                  "title": "Hygiène publique / travaux... résumés par Évariste Thévenin,... ; Conseil de salubrité de la Seine"
            },
            {
                  "doc_url": "https://gallica.bnf.fr/ark:/12148/bpt6k5445335v",
                  "emotions": [
                        "disgust"
                  ],
                  "excerpt": "Ces symptômes , quelque peu prononcés qu ' ils soient , peuvent avoir une certaine valeur en temps d ' épidémie .Willan assure que ceux qui reçoivent de près les émanations des scarlatineux éprouvent une sensation cuivreuse sur la langue , et quelquefois des nausées et de la salivation , ce que Jo .Frank n ' a jamais constaté .",
                  "id": "18",
                  "title": "Histoire de la scarlatine / par L. Noirot,..."
            },
            {
                  "doc_url": "https://gallica.bnf.fr/ark:/12148/bpt6k90373v",
                  "emotions": [
                        "disgust"
                  ],
                  "excerpt": "Acétytbemoytc .C ' est une huile jaune bouiihtnt A 2i4 \" , votatitc avec ta vapeur d ' eau et possédant une odeur piquante anatogue & cette des quinones .BEjfXtLE C ~ P CO CO C \" ! P ~ y < t .",
                  "id": "19",
                  "title": "Traité de chimie organique d'après les théories modernes. Tome 2 / par Auguste Béhal,... et Amand Valeur,... ; précédé d'une préface de Charles Friedel"
            },
            {
                  "doc_url": "https://gallica.bnf.fr/ark:/12148/bpt6k6308122b",
                  "emotions": [
                        "disgust"
                  ],
                  "excerpt": "Cujas , disait - on , offrait une - particularité analogue .Certaines personnes , au contraire , exhalent de tout leur corps ou d ' une de ses parties seulement , une odeur de soufre ; d ' autres , comme cette Thaïs dont parle Martial dans ses épigrammes , répandent des exhalaisons à peine supportables et même repoussantes .« Lorsque après les milles ruses de la toilette , dif Martial , elle se croit bien en garde contre sa mauvaise odeur , lorsqu ' elle a épuisé toutes les ressources de l ' art , Thaïs sent toujours Thaïs » .",
                  "id": "20",
                  "title": "La volupté et les parfums / Dr Caufeynon"
            }
      ]
}