{
      "articles": [
            {
                  "doc_url": "https://gallica.bnf.fr/ark:/12148/bpt6k5470198z",
                  "emotions": [
                        "disgust",
                        "boredom",
                        "nervousness",
                        "despair",
                        "pain"
                  ],
                  "excerpt": "OBSERVATION I ( personnelle ) .Rhinite atrophique — Ozène vrai .Catarrhe chronique de la tronipe et des caisses .",
                  "id": "1",
                  "title": "De l'influence des maladies du nez et de la gorge sur la production des maladies de l'oreille moyenne / par Juan-Ramon Pujol,..."
            },
            {
                  "doc_url": "https://gallica.bnf.fr/ark:/12148/bpt6k5449486r",
                  "emotions": [
                        "sadness",
                        "disgust",
                        "nervousness",
                        "pain",
                        "frustration",
                        "embarrassment"
                  ],
                  "excerpt": "C ' est une triste chose pour la femme et les enfants , quand le père ne peut résister à la boisson .Lorsque l ' odeur du whisky me monte au nez , ma gorge 93 est un abîme : il en descend , il en descend , et je n ' arrive pas à me remplis .— Tu seras un bon époux quand tu seras sobre , Davie .",
                  "id": "2",
                  "title": "Les trois hommes en Allemagne (6e édition) / Jerome K. Jerome ; roman traduit de l'anglais par Georges Seligmann"
            },
            {
                  "doc_url": "https://gallica.bnf.fr/ark:/12148/bpt6k63477315",
                  "emotions": [
                        "disgust",
                        "anger",
                        "disapproval",
                        "greed"
                  ],
                  "excerpt": "de méd .corrompu , infect , puant , inus .l ' UTRÉFIER , v .",
                  "id": "3",
                  "title": "Dictionnaire universel de la langue française, rédigé d'après le Dictionnaire de l'Académie, et ceux de Laveaux, Gattel, Boiste, Mayeux, Wailly, Cormon, etc.. Tome 2 / par Ch. Nodier,... et V. Verger,..."
            },
            {
                  "doc_url": "https://gallica.bnf.fr/ark:/12148/bpt6k63477315",
                  "emotions": [
                        "disgust"
                  ],
                  "excerpt": "de bot .bois odoriférant que .les marchands d ' Europe portent en Guinée , pour en faire des présens aux rois de ce pays .",
                  "id": "4",
                  "title": "Dictionnaire universel de la langue française, rédigé d'après le Dictionnaire de l'Académie, et ceux de Laveaux, Gattel, Boiste, Mayeux, Wailly, Cormon, etc.. Tome 2 / par Ch. Nodier,... et V. Verger,..."
            },
            {
                  "doc_url": "https://gallica.bnf.fr/ark:/12148/bpt6k6521525t",
                  "emotions": [
                        "disgust"
                  ],
                  "excerpt": "Le cheval entier rencontre dans le désert des sources continuelles d ' excitation .L ' air qui l ' entoure lui apporte des hennissements de juments et des senteurs d ' herbes odoriférantes .Cris et parfums agissent sur ses sens et le rendent difficile à contenir .",
                  "id": "5",
                  "title": "Les chevaux du Sahara, et les moeurs du désert (7e édition, revue et augmentée, avec des commentaires) / par le général Daumas"
            },
            {
                  "doc_url": "https://gallica.bnf.fr/ark:/12148/bpt6k1171473x",
                  "emotions": [
                        "disgust",
                        "gratitude"
                  ],
                  "excerpt": "O toi qui sur mu lèvre andante se calcine , Cigare , je be ' nis tes parfums enchanteurs ! Le zéphyr qui s ’ en vient du buisson d ’ aubépine Ne m ’ apporta jamais de plus fines senteurs .Ton ivresse bien mieux que les vapeurs bachiques ( Etourdissements lourds , brutaux , apoplectiques ! ) Pousse jusqu ’ au cerveau , friand d ’ illusions , Tout un essaim béni de gentes visions .Mon corps comme le tien n ’ est que cendre et poussière Humblement il ira se mêler à la terre Quand le funèbre glas m ’ enverra son appel .",
                  "id": "6",
                  "title": "Contes macabres et autres, et improvisations poétiques / Jules Nollée de Noduwez"
            },
            {
                  "doc_url": "https://gallica.bnf.fr/ark:/12148/bpt6k96015165",
                  "emotions": [
                        "disgust",
                        "anger",
                        "fear",
                        "courage",
                        "excitement",
                        "pain",
                        "embarrassment"
                  ],
                  "excerpt": "LE DÉLATEUR .Allez - vous le nier , imposteurs forcenés , Quand l ' odeur des ragoûts m ' empoisonne le nez ? ( Aspirant et flairant partout .) IIu hu ! hu ! hu ! hu ! hu ! CHRÉMYLE .",
                  "id": "7",
                  "title": "Plutus, ou La richesse / comédie d'Aristophane ; traduite du grec en vers français, par Eugène Fallex,..."
            },
            {
                  "doc_url": "https://gallica.bnf.fr/ark:/12148/bpt6k62520p",
                  "emotions": [
                        "disgust",
                        "greed"
                  ],
                  "excerpt": "Comme si l ' on pouvait jamais parler d ' amour 1 Ceux - ci , par exemple , n ' articulent que de rares vocables mais en leur galbe et en leurs gestes réside une suprême harmonie , et nous nous régalons de leur présence , et leurs mots vulgaires contractent de mystérieuses significations .De toute leur - - virile personne émane le parfum dos chônes ; un partum qui ïbrtine les sentiments et mot en fuite tabagateHo .0 cette heure et ces éléments , combien favorables aux mélanges psychiques ! Et voila comment il se fit , qu ' isolés , & quatre , deux pauvres diables et deux amants remonteront sans y songer le eoura du grand Heuve très occupe , le sournois charmeur , de leurs étourdies petites personnes .",
                  "id": "8",
                  "title": "Mes communions / Georges Eekhoud"
            },
            {
                  "doc_url": "https://gallica.bnf.fr/ark:/12148/bpt6k6529080s",
                  "emotions": [
                        "disgust"
                  ],
                  "excerpt": "Linn .Prunier odorant , Bois de Sainte - Lucie , Quenot .Les baies donnent une couleur pourpre : le bois est recherché par les Ebénistes .",
                  "id": "9",
                  "title": "Catalogue des plantes naturelles à cette province , & de celles qu'on y cultive le plus communément, avec l'indication du sol où elles croissent, du temps de leur floraison, & de la couleur de leurs fleurs ; ouvrage rédigé pour servir aux cours publics de l'Académie de Dijon. Première [-seconde] partie.. Partie 2"
            },
            {
                  "doc_url": "https://gallica.bnf.fr/ark:/12148/bpt6k6529080s",
                  "emotions": [
                        "disgust"
                  ],
                  "excerpt": "Il est des pays où on mange ces racines cuites avec le beurre frais .L ' eau distillée des fleurs effc odorante .Cette plante fournit un bon pâturage : les autres Geffes font dans le même cas .",
                  "id": "10",
                  "title": "Catalogue des plantes naturelles à cette province , & de celles qu'on y cultive le plus communément, avec l'indication du sol où elles croissent, du temps de leur floraison, & de la couleur de leurs fleurs ; ouvrage rédigé pour servir aux cours publics de l'Académie de Dijon. Première [-seconde] partie.. Partie 2"
            },
            {
                  "doc_url": "https://gallica.bnf.fr/ark:/12148/bpt6k6529080s",
                  "emotions": [
                        "disgust"
                  ],
                  "excerpt": "Linn .Grande Pimprenelle , Elle est plus astringente que la petite Pimprenelle , dont elle n ' a pas le parfum : ses tiges font dures & déplaisent aux bestiaux .981 SANGUISORBA minor , Scopoli .",
                  "id": "11",
                  "title": "Catalogue des plantes naturelles à cette province , & de celles qu'on y cultive le plus communément, avec l'indication du sol où elles croissent, du temps de leur floraison, & de la couleur de leurs fleurs ; ouvrage rédigé pour servir aux cours publics de l'Académie de Dijon. Première [-seconde] partie.. Partie 2"
            },
            {
                  "doc_url": "https://gallica.bnf.fr/ark:/12148/bpt6k6529080s",
                  "emotions": [
                        "disgust"
                  ],
                  "excerpt": "Extérieurement l ' armoise est recommandée contre les migraines , les douleurs d ' oreilles .On dit que son odeur fait fuir les abeilles & les confins .316 MATRICARIA chamomilla .",
                  "id": "12",
                  "title": "Catalogue des plantes naturelles à cette province , & de celles qu'on y cultive le plus communément, avec l'indication du sol où elles croissent, du temps de leur floraison, & de la couleur de leurs fleurs ; ouvrage rédigé pour servir aux cours publics de l'Académie de Dijon. Première [-seconde] partie.. Partie 2"
            },
            {
                  "doc_url": "https://gallica.bnf.fr/ark:/12148/bpt6k6529080s",
                  "emotions": [
                        "disgust"
                  ],
                  "excerpt": "Germandrée aquatique , Scordium .Elle répand une odeur d ' ail : elle est échauffan te , diurétique , vermifuge , antiputrideOn la prescrit en infusion contre les fîevres intermittentes , les pâleurs > Tatfhme humide la toux catarrale irebelle , & Tanafarque .Extérieurement elle est .",
                  "id": "13",
                  "title": "Catalogue des plantes naturelles à cette province , & de celles qu'on y cultive le plus communément, avec l'indication du sol où elles croissent, du temps de leur floraison, & de la couleur de leurs fleurs ; ouvrage rédigé pour servir aux cours publics de l'Académie de Dijon. Première [-seconde] partie.. Partie 2"
            },
            {
                  "doc_url": "https://gallica.bnf.fr/ark:/12148/bpt6k5682506g",
                  "emotions": [
                        "disgust",
                        "embarrassment"
                  ],
                  "excerpt": "Vers midi , quand nos camarades revinrent , il était cuit à point , et nous l ' attaquâmes bravement .Cette chair noire , grossière , huileuse , qui flattait aussi peu l ' odorat que le goût , nous parut un pauvre régal .Mais il fallait nous y accoutumer ; si cette viande qui provenait d ' un jeune animal nous répugnait , que serait - ce .",
                  "id": "14",
                  "title": "Lectures sur l'histoire naturelle des animaux, suivies d'un vocabulaire des mots techniques employés dans l'ouvrage, par Paul Bert,..."
            },
            {
                  "doc_url": "https://gallica.bnf.fr/ark:/12148/bpt6k9793283w",
                  "emotions": [
                        "disgust"
                  ],
                  "excerpt": "Pour honorer les deux capitaines , les Cheurfas leur avaient donné une escorte de cinquante cavaliers , iL pied , bien entendu .Leur vue et celle de leurs armes eût suffi , iL épouvanter les âmes les mieux trempées et leur odeur il , faire reculer les nez les moins délicats .Le pompeux cortège s ' ébranla dans un parfait désordre et ses chefs gardèrent , sous nos plaisanteries , l ' air auguste et glacé de gens qui voudraient bien voir au diable cette compagnie d - e va - nu - pieds .",
                  "id": "15",
                  "title": "Bulletin / Union géographique du Nord de la France"
            },
            {
                  "doc_url": "https://gallica.bnf.fr/ark:/12148/bpt6k6466641p",
                  "emotions": [
                        "disgust",
                        "disapproval",
                        "greed",
                        "nervousness"
                  ],
                  "excerpt": "— Il est des adjectifs qui se transforment en adverbes , et qui deviennent conséquemment invaria - bles , c ' est lorsqu ' ils modifient le verbe ; tels sont , chaud , juste , bon , droit , dur , cher , égal , etc .Ces enftnts mangent trop CHAUD ; Voilà des fleurs qui sentent BOK ; Ces demoiselles chantent itistr ; Ils ne marchent pas DROIT dans cette affaire ; Cette dame entend DUR ; Il vend sa protection bien CHER ; Elle est redoutée .à L ' ÉGAL du tonnerre .",
                  "id": "16",
                  "title": "La grammaire selon l'Académie (3e édition) / par Bonneau et Lucan ; revue par M. Michaud,..."
            },
            {
                  "doc_url": "https://gallica.bnf.fr/ark:/12148/bpt6k6461079h",
                  "emotions": [
                        "disgust"
                  ],
                  "excerpt": "N NAUSÉUX .Qualité des substances dont le goût et l ' odeur font naître l ' envie de vomir .NAVET .",
                  "id": "17",
                  "title": "Hygiène de la digestion ; suivie d'un Nouveau dictionnaire des alimens / par le Dr Paul Gaubert,..."
            },
            {
                  "doc_url": "https://gallica.bnf.fr/ark:/12148/bpt6k6461079h",
                  "emotions": [
                        "disgust"
                  ],
                  "excerpt": "Toutes sortes de friandises faites avec du sucre .Si l ' on excepte quelques bonbons aromatiques et stomachiques , les sucreries sont au moins des superiluités : un grand nombre d ' enfans leur doivent des dérangcmens de la digestion ; jamais utiles , souvent nuisibles , ils les empâtent et les dégoûtent des alimens simples .Je les exclus absolument de leur régime alimentaire .",
                  "id": "18",
                  "title": "Hygiène de la digestion ; suivie d'un Nouveau dictionnaire des alimens / par le Dr Paul Gaubert,..."
            },
            {
                  "doc_url": "https://gallica.bnf.fr/ark:/12148/bpt6k6461079h",
                  "emotions": [
                        "disgust"
                  ],
                  "excerpt": "La faim vive , très vive , sera seule capable venant en aide à la sensation cérébrale , de produire ce double phénomène .Si nous allions plus loin encore , nous verrions l ' homme , ou bien arrêté par le préjugé , au simple aspect d ' un mets nourrissant , ou bien repoussé et rempli d ' horreur par la vue et l ' odorat du seul aliment qui soutiendrait ses forces : les guerres ont amené des extrémités où l ' homme a préféré la mort aux nécessités d ' une telle réparation .Eh bien ! supposez assoupie la double vigilance des deux sens : cet aliment , près duquel vous voyez mourir un homme affamé , eut ranimé ses forces épuisées .",
                  "id": "19",
                  "title": "Hygiène de la digestion ; suivie d'un Nouveau dictionnaire des alimens / par le Dr Paul Gaubert,..."
            },
            {
                  "doc_url": "https://gallica.bnf.fr/ark:/12148/bpt6k65234327",
                  "emotions": [
                        "disgust"
                  ],
                  "excerpt": "SCILLE OFFICINALE , scilla marilima , de la famille des liliacées , qui croît aux bords de l ' Océan et de la Méditerranée dans les sables .Ce sont les écailles intermédiaires du bulbe , ou squammes , préalablement desséchées , que l ' on prend ; leur odeur est presque nulle , leur saveur âcre et nauséeuse .Ce médicament est souvent employé dans des circonstances bien différentes : c ' est un tonique et stimulant précieux , qui porte principalement son action sur le système urinaire ; il excite et modifie aussi ! a muqueuse bronchique ; ce qui fait que son usage convient dans les catarrhes pulmonaires chroniques ; on le dit alors incisif et expectorant , empiriquement parlant , surtout chez les vieillards ; dans les hydropisies et les leucophlegmasies ; il est aussi fréquemment employé , surtout sa teinture , en frictions , lorsqu ' il n ' existe pas de symptômes inflammatoires .",
                  "id": "20",
                  "title": "Précis élémentaire de la saignée et de la vaccine / Par H. Deschamps, aide naturaliste.... et Précis élémentaire de botanique médicale et de pharmacologie / par P. J. E. De Smyttère, professeur d'histoire naturelle médicale... de Paris à l'usage des sage-femmes et des officiers de santé"
            }
      ]
}