{
      "articles": [
            {
                  "doc_url": "https://gallica.bnf.fr/ark:/12148/bpt6k96108573",
                  "emotions": [
                        "disgust"
                  ],
                  "excerpt": "— Avant la découverte du chlore , l ' acide sulfureux était seul employé pour blanchir les tissus .Ce corps est gazeux , blanchâtre , d ' une odeur suffocante .C ' est lui qui se dégage lorsqu ' on brûle du soufre .",
                  "id": "1",
                  "title": "Principes d'agriculture et d'hygiène vétérinaire (2e édition refondue) / par J.-H. Magne,..."
            },
            {
                  "doc_url": "https://gallica.bnf.fr/ark:/12148/bpt6k10982492",
                  "emotions": [
                        "disgust",
                        "annoyance"
                  ],
                  "excerpt": "Celte chenille attaque principalement les ormes et elle s ’ y trouve quelquefois en quantité si considérable , qu ’ elle finit par les faire périr .Elle rend par la bouche une liqueur d ’ une odeur forte et désagréable .au moyen de laquelle on suppose qu ’ elle ramollit le bois dont elle se nourrit .",
                  "id": "2",
                  "title": "Dictionnaire d'agriculture pratique comprenant tout ce qui se rattache à la grande culture, au jardinage, à la botanique, à la culture des arbres et des fleurs, à la chimie, à la médecine humaine et vétérinaire, à l'entomologie, à la géologie, et à la mécanique agricole ; par M. P. Joigneaux, auteur de la Chimie du cultivateur, d'un traité des engrais, etc., et M. C. Moreau, docteur en médecine. Tome premier [-second]"
            },
            {
                  "doc_url": "https://gallica.bnf.fr/ark:/12148/bpt6k6564570p",
                  "emotions": [
                        "disgust"
                  ],
                  "excerpt": "Dans ce thé nageaient des dentelles de jambon cru .Les parfums d ' une cigarette opiacée couronnaient cette trop odorante collation .En face d ' elle , assis dans une bergère , un homme , demi - effronté , demi - timide jouait avec un sac de poudre d ' or .",
                  "id": "3",
                  "title": "Roger Bontemps : histoire d'un notaire et d'une tonne de poudre d'or / Paul Féval"
            },
            {
                  "doc_url": "https://gallica.bnf.fr/ark:/12148/bpt6k990598p",
                  "emotions": [
                        "disgust"
                  ],
                  "excerpt": "Mais un concert de malédictions et de jurons s ’ élève du groupe qui s ’ est déjà engagé dans la petite sape .— C ’ est des feuillées ! Une odeur nauséabonde se dégage du boyau , en décelant indiscutablement la nature .Ceux qui étaient entrés là s ’ arrêtent , se butent , refusent d ’ avancer .",
                  "id": "4",
                  "title": "Le feu : (journal d'une escouade) / Henri Barbusse"
            },
            {
                  "doc_url": "https://gallica.bnf.fr/ark:/12148/bpt6k146453w",
                  "emotions": [
                        "disgust"
                  ],
                  "excerpt": "Les plumes sont des productions analogues aux poils des Mammifères ; la substance qui les constitue est la même que celle des ongles , de la corne , etc .; aussi , par l ' action du feu , dégagent - elles une odeur désagréable de corne brûlée .Chaque plume se compose de plusieurs parties .",
                  "id": "5",
                  "title": "Cours de zoologie / par Henri Lecomte,..."
            },
            {
                  "doc_url": "https://gallica.bnf.fr/ark:/12148/bpt6k97424634",
                  "emotions": [
                        "disgust"
                  ],
                  "excerpt": "If Propriétés .La racine est un peu amere , acre , aromatique , nauséeuse ; les feuilles aromatiques & acres ; toute la plante résolutive , purgative par le haut & par le bas , emménagogue , errhine .Usages .",
                  "id": "6",
                  "title": "Démonstrations élémentaires de botanique, à l'usage de l'École royale vétérinaire.... Tome 2"
            },
            {
                  "doc_url": "https://gallica.bnf.fr/ark:/12148/bpt6k14176709",
                  "emotions": [
                        "disgust"
                  ],
                  "excerpt": "H se colore rapidement à l ’ air et prend une teinte jaune foncée .Son odeur est forte et désagréable , sa saveur est brûlante , sa densité plus forte que celle de l ’ eau .Il se distille depuis 180 jusqu ’ à 350 degrés .",
                  "id": "7",
                  "title": "Le Moniteur des sciences médicales et pharmaceutiques / rédacteur en chef M. H. de Castelnau"
            },
            {
                  "doc_url": "https://gallica.bnf.fr/ark:/12148/bpt6k9804112j",
                  "emotions": [
                        "disgust"
                  ],
                  "excerpt": "C ' est - le fruit qui est employé et qui donne une teinture rouge propre à teindre la laine , la soie , le coton et le lin .L ' odeur forte qu ' exale cette plante éloigne d ' elle les bestiaux .171 .",
                  "id": "8",
                  "title": "Programme raisonné du cours de culture professé à l'École normale de Versailles : suivi de l'exposé des élémens d'études agronomiques et de la description du jardin d'instruction de l'école... / par M. Fr. Philippar,..."
            },
            {
                  "doc_url": "https://gallica.bnf.fr/ark:/12148/bpt6k10982492",
                  "emotions": [
                        "disgust",
                        "disapproval"
                  ],
                  "excerpt": "Plusieurs autres gentianes , la gentiane croisclle et chirayla , entre autres , jouissent des mômes propriétés et peuvent être employées dans les mêmes cas .Toutes ces plantes ont une amertume très - prononcée .Les gentianes cultivées dans les jardins d ’ ornement sont nombreuses ; ce sont des plantes pour la plupart pleines de grâce et de délicatesse ; elles réunissent les couleurs les plus éclatantes : on en trouve de jaunes , de rouges , de pourpres , de blanches et de bleues , depuis le bleu le plus foncé jusqu ’ au plus tendre ; mais par compensation , aucune des gentianes n ’ a de parfum .",
                  "id": "9",
                  "title": "Dictionnaire d'agriculture pratique comprenant tout ce qui se rattache à la grande culture, au jardinage, à la botanique, à la culture des arbres et des fleurs, à la chimie, à la médecine humaine et vétérinaire, à l'entomologie, à la géologie, et à la mécanique agricole ; par M. P. Joigneaux, auteur de la Chimie du cultivateur, d'un traité des engrais, etc., et M. C. Moreau, docteur en médecine. Tome premier [-second]"
            },
            {
                  "doc_url": "https://gallica.bnf.fr/ark:/12148/bpt6k61080851",
                  "emotions": [
                        "disgust"
                  ],
                  "excerpt": "11 fermente avec facilité à cause du mucilage et du sucre qu ' il contient ; on lui donne alors le nom de Pulque .Cette liqueur spiritucuse , qui ressemble à du cidre , a uue odeur de viande putréfiée excessivement désagréable ; mais les Européens qui ont surmonté le dégoût qu ' inspire sa fétidité préfèrent le pulque à toute autre liqueur .On en tire une sorte d ' eau - dc - vie très - enivrante qu ' on nomme Mexical ou Aguardiente de Maguey .",
                  "id": "10",
                  "title": "Dictionnaire français illustré et encyclopédie universelle, ouvrage qui peut tenir lieu de tous les vocabulaires et de toutes les encyclopédies... publication nouvelle... dirigée par R. D. de Vorepierre et A. M. de Marcoux..."
            },
            {
                  "doc_url": "https://gallica.bnf.fr/ark:/12148/bpt6k10982492",
                  "emotions": [
                        "disgust"
                  ],
                  "excerpt": "Son écorce , qui est la partie employée en médecine , se trouve dans le commerce en morceaux roulés ou aplatis , peu épais , couverts d ’ un épiderme blanc , rugueux , fendillé , sur lequel on rencontre souvent des lichens ou des mousses ; l ’ intérieur de ces morceaux est ' d ' un rouge brun .La cascarillc a une odeur agréable , qui devient plus forte en la faisant brûler ; sa saveur est amère et laisse dans la bouche une âcreté qui n ’ a rien de désagréable .On l ’ a ordonnée avec succès contre les lièvres intermittentes , mais elle est très - inférieure au quinquina ; elle facilite la digestion et excite l ’ appétit .",
                  "id": "11",
                  "title": "Dictionnaire d'agriculture pratique comprenant tout ce qui se rattache à la grande culture, au jardinage, à la botanique, à la culture des arbres et des fleurs, à la chimie, à la médecine humaine et vétérinaire, à l'entomologie, à la géologie, et à la mécanique agricole ; par M. P. Joigneaux, auteur de la Chimie du cultivateur, d'un traité des engrais, etc., et M. C. Moreau, docteur en médecine. Tome premier [-second]"
            },
            {
                  "doc_url": "https://gallica.bnf.fr/ark:/12148/bpt6k9759982n",
                  "emotions": [
                        "disgust",
                        "disapproval"
                  ],
                  "excerpt": "Il est formé par l ' union de l ' acide sulfureux à l ' alkali déliquescent .Il a une saveur amère & nauséabonde .Il se dissout dans environ seize fois son poids d ' eau froide : l ' eau bouillante n ' en dissout guère davantage : ce sel fournit les plus beaux crystaux par l ' évaporation insensible , & ils ressemblent parfaitement à ceux du tartre vitriolé .",
                  "id": "12",
                  "title": "Introduction à l'étude des corps naturels tirés du règne minéral. Tome 1 / . Par M. Bucquet,..."
            },
            {
                  "doc_url": "https://gallica.bnf.fr/ark:/12148/bpt6k97424634",
                  "emotions": [
                        "disgust"
                  ],
                  "excerpt": "Propriétés .Les feuilles sont d ' une odeur désagréable , d ' un goût un peu acre ; elles sont vulnéraires ( J astringentes , détersives .Usâges .",
                  "id": "13",
                  "title": "Démonstrations élémentaires de botanique, à l'usage de l'École royale vétérinaire.... Tome 2"
            },
            {
                  "doc_url": "https://gallica.bnf.fr/ark:/12148/bpt6k97424634",
                  "emotions": [
                        "disgust"
                  ],
                  "excerpt": "Propriétés .Toute la plante répand une odeur désagréable & forte ; elle a un goût acre & amer ; elle est emménagogue , alexitere , antivermineuse , carminative , antispasmodique , céphalique , fondante , antiseorbutique , réiblutive , détersive .Usages .",
                  "id": "14",
                  "title": "Démonstrations élémentaires de botanique, à l'usage de l'École royale vétérinaire.... Tome 2"
            },
            {
                  "doc_url": "https://gallica.bnf.fr/ark:/12148/bpt6k9656506q",
                  "emotions": [
                        "disgust",
                        "fear",
                        "disapproval"
                  ],
                  "excerpt": "Il y a une espèce d ' huîtres qu ' on appelle taclovo , qui pèsent plusieurs livres et qui sont souvent ouvertes sur le rivage ; or , le singe , craignant que , quand il veut les manger , elles ne lui attrapent la patte en se refermant , jette dans la coquille une pierre qui l ' empêche de se fermer , et ensuite il mange l ' huître sans crainte .LE SINGE LES GUENONS DE toutes les guenons ou singes à longue queue , le macaque est celui qui approche le plus des babouins ; il est - d ' une laideur hideuse .L ' aigrette , autre - guenon , ainsi appelé parce qu ' il a sur le sommet de la tête un épi ou aigrette de poil , a , comme le macaque , les moeurs douces et est assez docile ; mais , indépendamment d ' une odeur de fourmi ou de faux musc que ces deux singes répandent autour d ' eux , ils sont si malpropres et si affreux lorsqu ' ils font la grimace , qu ' on ne peut les regarder sans horreur et dégoût .",
                  "id": "15",
                  "title": "Les animaux sauvages et domestiques : album pour les enfants / avec de nombreuses illustrations, par Bocourt, Freemann, Yan d'Argent, etc., et des hors-texte en chromotypogravure de Brun et Cie"
            },
            {
                  "doc_url": "https://gallica.bnf.fr/ark:/12148/bpt6k97424634",
                  "emotions": [
                        "disgust",
                        "annoyance"
                  ],
                  "excerpt": "Le suc de la racine est acre , désagréable , un peu amer , d ' une odeur fœtide .Le suc de la baie est nauséeux .Cette plante est purgative , hydragogue .",
                  "id": "16",
                  "title": "Démonstrations élémentaires de botanique, à l'usage de l'École royale vétérinaire.... Tome 2"
            },
            {
                  "doc_url": "https://gallica.bnf.fr/ark:/12148/bpt6k97424634",
                  "emotions": [
                        "disgust"
                  ],
                  "excerpt": "^ Propriétés .Toutes les parties de la plante ont une odeur forte , causent des nausées ; elles sont émollientes .Usages .",
                  "id": "17",
                  "title": "Démonstrations élémentaires de botanique, à l'usage de l'École royale vétérinaire.... Tome 2"
            },
            {
                  "doc_url": "https://gallica.bnf.fr/ark:/12148/bpt6k10982492",
                  "emotions": [
                        "disgust"
                  ],
                  "excerpt": "Ils dorment , les jambes fléchies sous le ventre , et quelques auteurs attribuent à celte habitude les callosités qu ' ils portent sur le poitrail et les genoux .Le rut dure quatre mois chez cet animal , et pendant celte époque il exhale une odeur forte et désagréable , cl il sort d ' une glande placée derrière sa tête un suintement fétide .Le chameau perd l ' appétit , lorsqu ' il est en amour , et a la singulière habitude de s ' arroser avec son urine qu ’ il reçoit à cet effet sur sa queue .",
                  "id": "18",
                  "title": "Dictionnaire d'agriculture pratique comprenant tout ce qui se rattache à la grande culture, au jardinage, à la botanique, à la culture des arbres et des fleurs, à la chimie, à la médecine humaine et vétérinaire, à l'entomologie, à la géologie, et à la mécanique agricole ; par M. P. Joigneaux, auteur de la Chimie du cultivateur, d'un traité des engrais, etc., et M. C. Moreau, docteur en médecine. Tome premier [-second]"
            },
            {
                  "doc_url": "https://gallica.bnf.fr/ark:/12148/bpt6k6128044n",
                  "emotions": [
                        "disgust",
                        "fear"
                  ],
                  "excerpt": "La mâchoire inférieure , les lèvres , la gorge , le palais , la langue , enfin tout l ' intérieur de la bouche était recouvert d ' ulcères de la grandeur de pièces de dix et de cinq sous qui .exhalaient une odeur insupportable .Les cuisses , les bras étaient couverts de nombreux boutons ulcérés ; le cordon spermatique , l ' épididyme , les testicules et le scrotum surtout , avaient acquis un volume extraordinaire ; la peau des jambes , horriblement tuméfiée , était d ' un gris noirâtre , inégale , âpre , écailleuse , offrait de nombreuses fissures et était parsemée de petits tubercules et d ' ulcères sordides , qui laissaient écouler une grande quantité d ' humeur ichoreuse .",
                  "id": "19",
                  "title": "Histoire des maladies vénériennes / par le Dr Michel Villemont..."
            },
            {
                  "doc_url": "https://gallica.bnf.fr/ark:/12148/bpt6k10982492",
                  "emotions": [
                        "disgust"
                  ],
                  "excerpt": "Elles ont une certaine ressemblarrce avec celles du jasmin et donnent un aspect gracieux à ces végétaux .Ils exhalent presque tous une odeur désagréable et nauséabonde , qui peut faire suspecter leurs propriétés .Ils posséderaient des vertus délétères que cela n ’ aurait rien de bien surprenant , un grand nombre de plantes de cette famille étant des poisons redoutables .",
                  "id": "20",
                  "title": "Dictionnaire d'agriculture pratique comprenant tout ce qui se rattache à la grande culture, au jardinage, à la botanique, à la culture des arbres et des fleurs, à la chimie, à la médecine humaine et vétérinaire, à l'entomologie, à la géologie, et à la mécanique agricole ; par M. P. Joigneaux, auteur de la Chimie du cultivateur, d'un traité des engrais, etc., et M. C. Moreau, docteur en médecine. Tome premier [-second]"
            }
      ]
}