{
      "articles": [
            {
                  "doc_url": "https://gallica.bnf.fr/ark:/12148/bpt6k6305381z",
                  "emotions": [
                        "disgust"
                  ],
                  "excerpt": "g .aromatique .Nulle .",
                  "id": "1",
                  "title": "Mémoire sur la spécialité des nerfs des sens : présenté à l'Académie royale des Sciences, le 11 janvier 1836 / par Philippe-Gabriel Pelletan,..."
            },
            {
                  "doc_url": "https://gallica.bnf.fr/ark:/12148/bpt6k9608411x",
                  "emotions": [
                        "disgust",
                        "fear"
                  ],
                  "excerpt": "— Originaire d ' Italie ; mais , cultivé dans nos jardins .Cette plante est très - acre , amère , d ' une odeur violente ; c ' est un purgatif violent .On s ' en sert beaucoup dans l ' art vétérinaire .",
                  "id": "2",
                  "title": "Le nouveau vétérinaire domestique, ou L'art de guérir soi-même ses chevaux et autres animaux domestiques / par Francis Clater,... ; suivi et augmenté de réflexions sur l'instruction vétérinaire par MM. Flandrin, Huzard et Chabert.... avec un Dictionnaire des plantes employées en médecine vétérinaire / publié par M. Lagrange"
            },
            {
                  "doc_url": "https://gallica.bnf.fr/ark:/12148/bpt6k6509554g",
                  "emotions": [
                        "disgust"
                  ],
                  "excerpt": "C ' est alors que notre sainte religion ( ah ! qu ' elle est belle ! ) se présente et dit à l ' enfant : — Tu vois cet ignoble individu honteux , réduit en pourriture par la vermine , cet être abject , qui suffirait , en respirant , à donner le choléra , en bougeant , la peste , en regardant , la lèpre , à la Picardie , sa patrie .Lorsqu ' il entre dans une église , il n ' a pas plutôt trempé le bout du doigt dans le bénitier que ce doigt se décompose et que la vasque se met à grouiller et à se peupler de petits labres spontanés pareils à lui et comme lui morbides ; une odeur nauséabonde emplit la nef et les ailes , gagne la crypte et ternit le dôme : c ' est l ' odeur de sainteté , mon fils , si tu veux la connaître , elle est chère à Dieu .Tellement chère que les séraphins en ont perpétuellement de petits flacons sous les narines , et les dominations , de petits sachets sur la poitrine ; la Madone en met le matin sur son mouchoir et jiotre saint - père le pape en fait frotter , en guise d ' ail , les chapons qu ' on lui sert dans ses édifiantes chicorées .",
                  "id": "3",
                  "title": "Les Chroniques de l'homme masqué (2e édition) / [par É. Bergerat ; avec une préface de Jules Vallès]"
            },
            {
                  "doc_url": "https://gallica.bnf.fr/ark:/12148/bpt6k9743441v",
                  "emotions": [
                        "disgust",
                        "disapproval"
                  ],
                  "excerpt": "On doit présumer qu ' elle a commencé avec le monde , puisque ses habitans ne peuvent vivre hors de son sein .Le goût des eaux de mer est bitumineux , amer , dégoûtant , et iInpotable .Le muriate de soude , ou sel marin commun 9 ou de cuisine , s ' y trouve abondamment .",
                  "id": "4",
                  "title": "Dictionnaire de la conservation de l'homme, ou d'hygiène et d'éducation physique et morale. Tome 2 / ... par L.-C.-H. Macquart,..."
            },
            {
                  "doc_url": "https://gallica.bnf.fr/ark:/12148/bpt6k76621g",
                  "emotions": [
                        "disgust"
                  ],
                  "excerpt": "Les hallucinations du goût et de l ' odorat se rencontrent souvent chez des maniaques , des lypémaniaques , des paralytiques .Odeurs suaves , nauséabondes , goût de poisons ou de me ~ s exquis , idées d ' empoisonnement , refus d ' aliments .Les hallucinations de la sensibilité générale sont très intéressantes a étudier a .",
                  "id": "5",
                  "title": "Conférences cliniques sur les maladies mentales : professées à l'asile d'aliénés de Marseille / par le Dr Lagardelle,..."
            },
            {
                  "doc_url": "https://gallica.bnf.fr/ark:/12148/bpt6k15252376",
                  "emotions": [
                        "disgust"
                  ],
                  "excerpt": "On en trouve , dit - on , aussi au bois de Boulogne , près Paris , devant le château de Madrid .Le suc de cette plante est jaune et de mauvaise odeur .En Portugal , on fait boire , aux gens qui sont sujets à la maladie de la pierre , un verre de vin blanc , dans lequel on a fait infuser des feuilles de ce Pavot , Le Pavot blanc est , dit - on , originaire d ’ Orient : sa racine est de la grosseur .",
                  "id": "6",
                  "title": "Guirlande de Flore, par Charles Malo"
            },
            {
                  "doc_url": "https://gallica.bnf.fr/ark:/12148/bpt6k9608411x",
                  "emotions": [
                        "disgust",
                        "annoyance"
                  ],
                  "excerpt": "— Insectes vénimeux , qui se trouvent ordinairement vers le mois de juin sur les fresnes , les troënes , etc ., et y répandent une odeur désagréable .C ' est alors qu ' on les prend ; on les met sur un tamis de crin que l ' on expose à la vapeur du vinaigre pour les faire mourir ; puis on le ? fait immédiatement sécher au soleil , et ensuite on les renferme dans un vase bien bouché .",
                  "id": "7",
                  "title": "Le nouveau vétérinaire domestique, ou L'art de guérir soi-même ses chevaux et autres animaux domestiques / par Francis Clater,... ; suivi et augmenté de réflexions sur l'instruction vétérinaire par MM. Flandrin, Huzard et Chabert.... avec un Dictionnaire des plantes employées en médecine vétérinaire / publié par M. Lagrange"
            },
            {
                  "doc_url": "https://gallica.bnf.fr/ark:/12148/bpt6k408596x",
                  "emotions": [
                        "disgust"
                  ],
                  "excerpt": "En outre , la dénomination de Linné est un pléonasme il eût été plus rationnel et en même temps plus décent de dissimuler un peu la crudité du mot générique sous une terminaison empruntée à l ' analogie et d ' appeler ce champignon phalloïdes .Quant à l ' expression spécifique , on l ' aurait empruntée à son odeur repoussante par l ' adjectif cadaverinus .Nous proposons aux botanistes de remplacer la dénomination linnéenne par cette rectification Phalloïdes cadaverinus .",
                  "id": "8",
                  "title": "Revue complémentaire des sciences appliquées à la médecine et pharmacie, à l'agriculture, aux arts et à l'industrie. Par F. V. Raspail"
            },
            {
                  "doc_url": "https://gallica.bnf.fr/ark:/12148/bpt6k30619598",
                  "emotions": [
                        "disgust"
                  ],
                  "excerpt": "Racine blanchâtre , pivotante , menue , terminée par de longs filamens un peu coriaces .La fumeterre est sans odeur ; sa saveur , qui lui a valu le nom vulgaire de fiel de terre , est caractérisée par une amertume très - prononcée et très - persistante .Tous les auteurs conviennent que la fumeterre ne perd point de ses propriétés par la dessiccation .",
                  "id": "9",
                  "title": "Manuel des plantes médicinales, ou Description, usage et culture des végétaux indigènes employés en médecine ... Par A. Gautier,..."
            },
            {
                  "doc_url": "https://gallica.bnf.fr/ark:/12148/bpt6k96369358",
                  "emotions": [
                        "disgust"
                  ],
                  "excerpt": "Ag .Le goût du champignon cru est amer et désagréable ; cependant on l ' apporte en grande quantité sur les marchés de Vienne ; on le trouve abondamment dans les bois de sapins des environs .Les expériences faites par Paulet sur des animaux avec l ' agaric cinq - parts ont prouvé qu ' il n ' était pas dangereux ; on le reconnaît , comme son nom l ' indique , à son pileus divisé en plusieurs parties .",
                  "id": "10",
                  "title": "Les champignon au point de vue biologique, économique et taxonomique / par A. Acloque,..."
            },
            {
                  "doc_url": "https://gallica.bnf.fr/ark:/12148/bpt6k54410026",
                  "emotions": [
                        "disgust",
                        "anger",
                        "fear",
                        "annoyance",
                        "disapproval"
                  ],
                  "excerpt": "Haïr , détester ; colère sourde , indignation contenue .Hôi hâm fc o , odeur infecte , horrible puanteur .Hàm fat et jjëf * .",
                  "id": "11",
                  "title": "Dictionnaire annamite-français : langue officielle et langue vulgaire. 1 : A-M / par J. Bonet"
            },
            {
                  "doc_url": "https://gallica.bnf.fr/ark:/12148/bpt6k5818362t",
                  "emotions": [
                        "disgust"
                  ],
                  "excerpt": "— Femme de 26 ans ; nccouchement le 0 décembre 1881 ; sort le seizième jour .Deux jours plus tard , écoulement fétide pur le vagin .Le vingt - quatrième jour après les couches , le venlre devient gros et douloureux .",
                  "id": "12",
                  "title": "Traitement chirurgical de la péritonite / par le Dr H. Truc,..."
            },
            {
                  "doc_url": "https://gallica.bnf.fr/ark:/12148/bpt6k15252376",
                  "emotions": [
                        "disgust"
                  ],
                  "excerpt": "Le Myrte croît , disons - nous , dans les sables ; il semble en écarter toutes les autres plantes , comme s ’ il voulait régner seul dans le terrain qu ’ il occupe ; il offre donc l ’ image frappante de la tyrannie de ce petit dieu .Le Myrte répand autour de lui une odeur snave , dont la main s ’ emprègne par le seul attouchement : ses feuilles entrent dans les sachets d ’ odeur , les pots - pourris .On retire de ses Heurs une eau appelée Eau d ’ Ange , fort recherchée par les dames , étant reconnue sou - ( 84 ) Veraine pour nétoyer la peau , la parfumer ét affermir les chairs .",
                  "id": "13",
                  "title": "Guirlande de Flore, par Charles Malo"
            },
            {
                  "doc_url": "https://gallica.bnf.fr/ark:/12148/bpt6k770363",
                  "emotions": [
                        "disgust"
                  ],
                  "excerpt": "Elle est comme l ' eau qui tend constamment se dissoudre et a se transformer , et qui n ' est maintenue dans sa forme que par la pression atmosphérique .La mer a cette mauvaise odeur qui lui est propre .C ' est ta vie qui , pour ainsi dire , tombe sans cesse en pourriture .",
                  "id": "14",
                  "title": "Philosophie de la nature. Tome 2 / de Hegel ; trad. pour la première fois et accompagnée d'une introd. et d'un commentaire perpétuel par A. Véra,..."
            },
            {
                  "doc_url": "https://gallica.bnf.fr/ark:/12148/bpt6k3062990c",
                  "emotions": [
                        "disgust"
                  ],
                  "excerpt": "Les tiges du Marrube vulgaire sont nombreuses , velues / carrées , branehues , de la hauteur d ’ un pied ; les fleurs blanches , verticillées , sessiles ; les feuilles arrondies , cannelées , blanchâtres , , ridées , pétiolées , opposées deux à deux ; sur chaque nœud .Ce Marrube est une des meilleures plantes médicinales de l ’ F ’ arope ; son odeur est forte et aromatique ; elle est âcre et amère au goût ; elle est réputée incisive , hépatique , emmé - nagogue , chaude , stomachique , vermifuge , détersive .Elle a , dit - on , le double avantage de fortifier la fibre sans échauffer et sans trop irriter .",
                  "id": "15",
                  "title": "Phytologie universelle, ou Histoire naturelle et méthodique des plantes, de leurs propriétés, de leurs vertus et de leur culture. Tome 3 / ; par N. Jolyclerc,..."
            },
            {
                  "doc_url": "https://gallica.bnf.fr/ark:/12148/bpt6k63424461",
                  "emotions": [
                        "disgust",
                        "pain"
                  ],
                  "excerpt": "de Méd .Ulcère fétide du nez .P .",
                  "id": "16",
                  "title": "Dictionnaire portatif de la langue françoise. Partie 2 / , d'après le système orthographique de l'Académie, par M. L.-Ph. de Lamadelaine,... Seconde édition, revue, corrigée et très-augmentée. Première [-Seconde] partie."
            },
            {
                  "doc_url": "https://gallica.bnf.fr/ark:/12148/bpt6k63424461",
                  "emotions": [
                        "disgust",
                        "boredom",
                        "disapproval"
                  ],
                  "excerpt": "f .Plante à odeur très - forLe » et qui est un dan - gereux narcotique .MANDRIN , subst .",
                  "id": "17",
                  "title": "Dictionnaire portatif de la langue françoise. Partie 2 / , d'après le système orthographique de l'Académie, par M. L.-Ph. de Lamadelaine,... Seconde édition, revue, corrigée et très-augmentée. Première [-Seconde] partie."
            },
            {
                  "doc_url": "https://gallica.bnf.fr/ark:/12148/bpt6k876409m",
                  "emotions": [
                        "disgust",
                        "boredom"
                  ],
                  "excerpt": "Couleur incolore .Odeur nulle .Saveur agréable .",
                  "id": "18",
                  "title": "Topographie médicale de la ville de Clermont-Ferrand : climatologie, démographie, hygiène, nosographie, par le Dr E. Vigenaud,... le Dr P. Girod,..."
            },
            {
                  "doc_url": "https://gallica.bnf.fr/ark:/12148/bpt6k30619598",
                  "emotions": [
                        "disgust",
                        "disapproval"
                  ],
                  "excerpt": "Toute la plante , et principalement les feuilles et les pousses fleuries , sont d ’ une odeur aromatique , peu agréable , et qui devient plus forte lorsqu ’ on les écrase entre les doigts .La saveur en est désagréable , quoique peu amère .On sèche la plante entière .",
                  "id": "19",
                  "title": "Manuel des plantes médicinales, ou Description, usage et culture des végétaux indigènes employés en médecine ... Par A. Gautier,..."
            },
            {
                  "doc_url": "https://gallica.bnf.fr/ark:/12148/bpt6k30619598",
                  "emotions": [
                        "disgust"
                  ],
                  "excerpt": "Toute cette plante a une odeur narcotique , vireuse , désagréable , quoique peu forte .Sa saveur est douceâtre et nauséeuse .Elle est si rarement employée , qu ' on ne la trouve pas dans les boutiques .",
                  "id": "20",
                  "title": "Manuel des plantes médicinales, ou Description, usage et culture des végétaux indigènes employés en médecine ... Par A. Gautier,..."
            }
      ]
}