{
      "articles": [
            {
                  "doc_url": "https://gallica.bnf.fr/ark:/12148/bpt6k54709942",
                  "emotions": [
                        "disgust",
                        "fear",
                        "pain"
                  ],
                  "excerpt": "Depuis six mois ses hallucinations ont augmenté ; elle sentait des mécaniques dans son corps ; ces mécaniques correspondaient avec le plafond et disaient sa pensée .Elle sentait des odeurs de chlore qui la suffoquaient .Il ressort de l ' observation qu ' il survient de temps en temps de la fièvre qui a corroboré mon diagnostic de paralysie générale .",
                  "id": "1",
                  "title": "Leçons cliniques sur les maladies mentales et sur les maladies nerveuses / professées à la Salpêtrière par le Dr Auguste Voisin,..."
            },
            {
                  "doc_url": "https://gallica.bnf.fr/ark:/12148/bpt6k58392022",
                  "emotions": [
                        "disgust"
                  ],
                  "excerpt": "La masse de ces corps énormes , et l ' apparence terrible des hommes armés se tenant - dessus troubla les Romains .Les chevaux même épouvantés à la vue et à l ' odeur de ces bêtes , secouaient leurs cavaliers , ou les emportaient avec eux dans la fuite .Xa nuit fit ( mit ) fin au combat .",
                  "id": "2",
                  "title": "Sur les Hommes illustres de la ville de Rome, depuis Romulus jusqu'à Auguste"
            },
            {
                  "doc_url": "https://gallica.bnf.fr/ark:/12148/bpt6k6124362c",
                  "emotions": [
                        "disgust",
                        "excitement"
                  ],
                  "excerpt": "éá ' bose à un feu lent , environ un , pot de cette Eau que j ' ai laissé évaporer ; elle ne m ' a donné qu ' un résidu cendre d ' en * - viron deux grains , qui , mis fur une cuillère dç fer rougie au feu , s ' est .envolé en étincelles , rependant l ' odeur du Soufre fans donner la moindre crépitation .De , ce $ djffercns essais , j ' ai inféré que ces trois E ' ux Contiennent un Soufre extrêmement divisé & volatil , avec une matière etherée , ou un air très - élastique , qui fait une de leurs principales vertus .",
                  "id": "3",
                  "title": "Dissertation en forme de lettre sur la nature, les vertus et l'usage des eaux thermales de La Preste, par M. Marcé,..."
            },
            {
                  "doc_url": "https://gallica.bnf.fr/ark:/12148/bpt6k6564570p",
                  "emotions": [
                        "disgust"
                  ],
                  "excerpt": "– J ' ai remarqué la voix d ' une jeune fille qui n ' a souffert encore ni insulte ni misère .– Bonne remarque , copin ! Tiens , voilà Miguel qui ronfle ! – A - t - il une odeur ce gibier ! s ' écria Grelot en rentrant .Les quatre chevaux se portent comme le Pont - Neuf .",
                  "id": "4",
                  "title": "Roger Bontemps : histoire d'un notaire et d'une tonne de poudre d'or / Paul Féval"
            },
            {
                  "doc_url": "https://gallica.bnf.fr/ark:/12148/bpt6k6564570p",
                  "emotions": [
                        "disgust"
                  ],
                  "excerpt": "Néanmoins , notaire dans l ' âme et chèrement prédestiné aux joies du ménage , il éprouva d ' abord un sentiment pénible .Les chambres d ' hôtel ont une odeur à elles , personne ne peut nier cela .Elles sentent la solitude , l ' absence , la chose louée à tant par heure ; hier , ce lit , sous lequel ne traînent point les pantoufles , appartenait à un autre ; il n ' y a ni bénitier ni souvenirs au fond de celte ruelle ; il semble qu ' on va coucher sur un banc du boulevard .",
                  "id": "5",
                  "title": "Roger Bontemps : histoire d'un notaire et d'une tonne de poudre d'or / Paul Féval"
            },
            {
                  "doc_url": "https://gallica.bnf.fr/ark:/12148/bpt6k5832123q",
                  "emotions": [
                        "disgust",
                        "disapproval"
                  ],
                  "excerpt": "de mèche par l ' orifice abbominal ; elle ne présente aucune odeur .U s ' écoule encore un peu de liquide louche non purulent .Le septième jour , ce qui reste de la mèche abdominale est enlevé ; il s ' écoule toujours du liquide louche .",
                  "id": "6",
                  "title": "De la voie vaginale sans hystérectomie : indications, résultats opératoires / par le Dr Jean d'Herbécourt,..."
            },
            {
                  "doc_url": "https://gallica.bnf.fr/ark:/12148/bpt6k5460147c",
                  "emotions": [
                        "disgust",
                        "relief"
                  ],
                  "excerpt": "Au sorLir ( Lu conseil , cul suai de le pourvoir .L ' odeur d ' un jus si doux lui rend le faix moins rude ; Il est bientôt suivi du sacristain Buirude ; Kl tous deux , de ce pas , s ' en vont avec chaleur Du trop lent perruquier réveiller la valeur .Partons , lui dit Uroiuin ' ' : déjà le jour plus sombre , 13a us les eaux s ' éteignant , va l ' aire place à L ' ombre .",
                  "id": "7",
                  "title": "Oeuvres choisies de Boileau (2e éd.) / édition enrichie de notes historiques, géographiques, critiques et littéraires, et de rapprochemens avec les meilleurs auteurs français, par N.-A. Dubois"
            },
            {
                  "doc_url": "https://gallica.bnf.fr/ark:/12148/bpt6k6155886n",
                  "emotions": [
                        "disgust"
                  ],
                  "excerpt": "Le Sauvageon .Un sauvageon de très - belle venue Ne donnait que des fruits acres et repoussants .— Fatigué , dit le maître , il n ' est point de bon sens A garder un tel arbre et c ' est terre perdue .",
                  "id": "8",
                  "title": "Les Quatrains de l'enfance, ou Abrégé de toutes les vérités et de tous les devoirs de la religion, suivis de fables, par J.-B. Hurault,... 3e édition"
            },
            {
                  "doc_url": "https://gallica.bnf.fr/ark:/12148/bpt6k2009565",
                  "emotions": [
                        "disgust",
                        "fear",
                        "frustration",
                        "disappointment"
                  ],
                  "excerpt": "- « Comme ils sont tristes ! pensait - il .Comme ' la vie d ' un poids effroyable pèse sur eux 1 Si seulement je pouvais ne pas trop être incommodé de leur odeur 1 .Peut - être que leur âme sent moins fort que leurs habits .",
                  "id": "9",
                  "title": "Le petit homme de Dieu : roman / Camille Lemonnier"
            },
            {
                  "doc_url": "https://gallica.bnf.fr/ark:/12148/bpt6k9691351d",
                  "emotions": [
                        "disgust"
                  ],
                  "excerpt": "00 n ' est pas , comme vous pouvez le penser , très difficile sur un champ de bataille : le voisin le plus agréable , en pareille occasion , est toujours celui qui abat le plus grand nombre d ' ennemis , et qui se montre le plus habile dans l ' art de tuer ses semblables .L ' œuvre de sang dans laquelle on est engagé domine pour le moment tous les sentiments d ' humanité ; mais il y avait dans les manières et danstoute l ' habitude de cet individu une telle odeur de meurtre , si je puis m ' exprimer ainsi , un tel mépris de sa propre vie et de celle des autres , que je ne pus m ' em - pêcher , quelque étrange quela chose vous paraisse , de frissonner en le regardant .Du reste , la vue de cette figure patibulaire produisit sur mes hommes une impression à peu près semblable .",
                  "id": "10",
                  "title": "Revue britannique, ou Choix d'articles traduits des meilleurs écrits périodiques de la Grande-Bretagne, sur la littérature, les beaux-arts, les arts industriels, l'agriculture, le commerce, l'économie politique, les finances, la législation, etc., etc."
            },
            {
                  "doc_url": "https://gallica.bnf.fr/ark:/12148/bpt6k9691351d",
                  "emotions": [
                        "disgust"
                  ],
                  "excerpt": "J ' ai parlé plus haut d ' une substance amère appelée salicine , qu ' à l ' aide d ' un procédé particulier on peut convertir en essence .odorante de spircea .Par un autre procédé aussi simple , cette salicine se convertit en une substance acide cristalline qui devient l ' acide salicilique .",
                  "id": "11",
                  "title": "Revue britannique, ou Choix d'articles traduits des meilleurs écrits périodiques de la Grande-Bretagne, sur la littérature, les beaux-arts, les arts industriels, l'agriculture, le commerce, l'économie politique, les finances, la législation, etc., etc."
            },
            {
                  "doc_url": "https://gallica.bnf.fr/ark:/12148/bpt6k6359349c",
                  "emotions": [
                        "disgust"
                  ],
                  "excerpt": "- On retire les sujets de leur état anévrosique en leur présentant sous le nez un morceau de charbon de bois , et en leur disant : — Sentez cette bonne odeur de rose , d ' œillet , de violette , etc .Le sujet fait de longues ins - pirations , et reconnaît au charbon l ' odeur qu ' on lui disigne .Ensuite on le fait asseoir dans un fauteuil où il se repose quelques instants .",
                  "id": "12",
                  "title": "Histoire naturelle de l'homme et de la femme depuis leur apparition sur le globe terrestre jusqu'à nos jours ; race humaine primitive, ses métamorphoses en races-types et variétés de race, suivie des anomalies organiques, bizarreries et monstruosités ; explication des phénomènes les plus extraordinaires qu'offre l'économie humaine, depuis la naissance jusqu'à la mort, cas rares... par A. Debay. 3e édition. Edition 3"
            },
            {
                  "doc_url": "https://gallica.bnf.fr/ark:/12148/bpt6k96155670",
                  "emotions": [
                        "disgust",
                        "anger",
                        "annoyance",
                        "disapproval",
                        "desire",
                        "courage",
                        "excitement",
                        "embarrassment"
                  ],
                  "excerpt": ".Allons hue , la fille , la putain ! Traîne tes chiffons parfumés sur les trottoirs , fais tressauter tes nichons pour aguicher les hommes ; lance des œillades , provoque , invite , offre - toi toute , ta bouche , tes yeux , tes seins , ton corps ..",
                  "id": "13",
                  "title": "Le journal d'une masseuse / La Vrille"
            },
            {
                  "doc_url": "https://gallica.bnf.fr/ark:/12148/bpt6k64597104",
                  "emotions": [
                        "disgust",
                        "anger",
                        "annoyance",
                        "disapproval"
                  ],
                  "excerpt": "Ah ! fleur maudite et délétère , Présent de l ' enfer à la terre , Symbole de l ' oubli , de la mort , du néant ! Tu recèles , image triste Du rhéteur captieux , du sceptique égoïste , Un cœur carbonisé sous un éclat brillant .Ya ! le bluet que ta superbe Dédaigne comme un vil brin d ' herbe , Peut narguer tes mépris avec juste raison , Car la villageoise pudique , Bien loin de rechercher ta tige narcotique , Fuit son contact impur comme un mortel poison .Tandis que l ' innocente cueille Et de ses blanches mains effeuille Les étoiles d ' azur de l ' innocent barbeau ; Que la coquette les moissonne , Et , naïve et joyeuse , en tresse la couronne , Sa parure du soir pour rentrer au hameau .",
                  "id": "14",
                  "title": "Poésies d'un fantasque, par Désiré Tricot,..."
            },
            {
                  "doc_url": "https://gallica.bnf.fr/ark:/12148/bpt6k9741101p",
                  "emotions": [
                        "admiration",
                        "disgust",
                        "love",
                        "pride",
                        "gratitude",
                        "approval"
                  ],
                  "excerpt": "Ah 1 nulle ne saura pénétrer dans mon âme Aussi profondément que ton inanité ; Peu m ' importe la ligne .impeccable et la femme ! Le Parfum de la Mort me vaut toute Beauté .La caresse est suave où la chair est absente : 0 volupté des doigts impalpables dans l ' air Et des lèvres qui par le néant d ' un éclair Suscitent le frisson obscur de l ' épouvante ! Je t ' ai connue en des existences fatales Et lointaines , où nos deux cœurs fiers et jaloux Impollués parmi les fêtes et les râles , Côte à côte marchaient pareils aux jeunes loups Es - tu l ' Inspiratrice aux pourpres automnales , Ou Celle qui s ' en va riant par les faubourgs , La Sainte qui meurtrit son grand front sur les dalles , La Mère au cœur saignant d ' éternelles amours ? Tu peuples les jardins vagues d ' une aventure De bras nus et de voix chuchotantes d ' espoirs ; Je sens l ' enlacement pur d ' un mystère noir , Par quoi j ' ai devancé l ' existence future .",
                  "id": "15",
                  "title": "Prière : poème (1885-1893) / Jules Bois"
            },
            {
                  "doc_url": "https://gallica.bnf.fr/ark:/12148/bpt6k1057838x",
                  "emotions": [
                        "disgust"
                  ],
                  "excerpt": "Elle était petite , à peine développée , presque garçonnière , un tantinet dodue , très amenuisée , toute frêle ; ses yeux bleu flore étaient reculés vers les tempes par des tirets de teinture lilas et estompés en dessous pour les faire fuir ; ses lèvres fardées crépitaient dans une pâleur surhumaine dans une pâleur définitive acquise par un décolorement voulu du teint ; et la mystérieuse odeur qui émanait d ' elle , une odeur aux âmes liées et discernables , expliquait ce blanc subterfuge par les pouvoirs des parfums de décomposer les pigments de la peau et d ' altérer pour jamais le tissu du derme .Cette odeur flottait autour d ' elle , l ' auréolait , pour ainsi dire , d ' un halo d ' aromes , s ' évaporait de sa chair par bouffées tantôt agiles et tantôt lourdes .Sur une première couche de myrrhe , au relent résineux et brusque , aux effluences amères presque hargneuses , à la senteur noire , une huile de cédrat s ' était posée , impatiente et fraîche , un parfum vert , qu ' arrêtait la solennelle essence du baume de Judée dont la nuance fauve dominait , à son tour contenue , comme asservie , par les rouges émanations de l ' oliban .",
                  "id": "16",
                  "title": "En rade"
            },
            {
                  "doc_url": "https://gallica.bnf.fr/ark:/12148/bpt6k6559487w",
                  "emotions": [
                        "disgust"
                  ],
                  "excerpt": "— C ' est pourtant vrai , me dit - elle avec un triste sourire ; mais je ne dois pas me donner cette douceur .— Et pourquoi ? — L ' odeur des fleurs me fait mal .— Où souffrez - vous ? lui dis - je .",
                  "id": "17",
                  "title": "Le Magasin des familles : journal le plus complet du foyer domestique"
            },
            {
                  "doc_url": "https://gallica.bnf.fr/ark:/12148/bpt6k11781020",
                  "emotions": [
                        "disgust"
                  ],
                  "excerpt": "De la partie supérieure de la couverture , se dégageait une légère odeur qui aurait passé inaperçue auprès d ' une personne non initiée aux habitudes , aux connaissances de la profession .L ’ échine , au contraire , exhalait une odeur comparable à celle d ’ une viande qui aurait longtemps séjourné dans un endroit clos .Ce n ’ était pas une odeur de moisi , mais bien uno odeur do renfermé : ce terme qualifie mieux ma pensée , l ' impression que j ’ ai ressentie : en un mot , l ’ odeur d ’ une pièce qui n ’ a pas été ventilée depuis longtemps .",
                  "id": "18",
                  "title": "Congrès international de mécanique appliquée tenu à Paris en 1889. Tome 4"
            },
            {
                  "doc_url": "https://gallica.bnf.fr/ark:/12148/bpt6k5680904d",
                  "emotions": [
                        "disgust"
                  ],
                  "excerpt": "Cette dernière particularité , loin de rassurer Durandin , parut lui causer un grand trouble .— « La nuit venue , continua Arthur , mon ennemi abaissa de nouveau sur son visage le bonnet de soie noire dont je vous ai parlé , se farcit le nez de tabac , et quelques instants après le ronflement solennel de son organe olfactif me prouva que chez lui là haine n ' excluait pas du moins le sommeil .Bientôt même , sa tête s ' affaissant de mon côté s ' en vint tout naturellement et presque amicalement retomber sur mon épaule encore endolorie du poids qu ' elle avait supporté la — 51 — Veille .",
                  "id": "19",
                  "title": "La Recherche de l'inconnue, par Alexandre de Lavergne. Volume 1"
            },
            {
                  "doc_url": "https://gallica.bnf.fr/ark:/12148/bpt6k5731839f",
                  "emotions": [
                        "admiration",
                        "joy",
                        "disgust",
                        "envy"
                  ],
                  "excerpt": "_ S8Elbeuf , S8Elbeuf , Amiens , Marseille , Rouen , Saint - Quentin ! plus de beaux draps , monsieur le marquis ; plus de dentelles et plus de velours , madame la marquise ; plus de tapisseries des Gobelins , plus de pâte tendre à Sèvres , plus de batiste de Valenciennes ; en revanche , des assignats tant qu ' on en veut et des demoiselles errantes à foison , et plus qu ' on n ' en veut .C ' est le grouillement universel ! Elles ont cessé de régner par la grâce et la beauté , ces divinités de Versailles , ces reines de Trianon , ces beautés des Tuileries , ces gaietés de Choisy ; ces élégances , ces parfums , ce doux rire , ont passé l ' Achéron .Plus de fêtes , plus de chansons , on ne rit plus , à peine on ose respirer , chacun tremble en sa maison suspecte .",
                  "id": "20",
                  "title": "F. Ponsard, 1814-1867... / Jules Janin"
            }
      ]
}