{
      "articles": [
            {
                  "doc_url": "https://gallica.bnf.fr/ark:/12148/bpt6k938780p",
                  "emotions": [
                        "disgust"
                  ],
                  "excerpt": "Elle est épaisse , transparente , très blanche , et quelquefois jaune verdâtre ou rougeâtre quand elle est mal préparée .Odeur fade un peu nauséeuse ; saveur douce et fade avec un arrière - goût âcre .Elle est soluble en toutes proportions dans l ’ alcool et l ’ éther .",
                  "id": "1",
                  "title": "Manuel du négociant pour la connaissance des marchandises, ou Traité précis des diverses productions du globe répandues dans le commerce... suivi d'un vocabulaire raisonné de termes employés dans le commerce et des tares et usages pour les marchandises sur la place du Havre, par Éd. Duboc"
            },
            {
                  "doc_url": "https://gallica.bnf.fr/ark:/12148/bpt6k938780p",
                  "emotions": [
                        "disgust"
                  ],
                  "excerpt": "L ’ Anis de Malte et d ' Espagne est le plus estimé de tous ; sa couleur tire plus sur le jaune .Odeur très forte .L ’ Anis est employé en pharmacie ; il est très utilisé par les confiseurs et distillateurs .",
                  "id": "2",
                  "title": "Manuel du négociant pour la connaissance des marchandises, ou Traité précis des diverses productions du globe répandues dans le commerce... suivi d'un vocabulaire raisonné de termes employés dans le commerce et des tares et usages pour les marchandises sur la place du Havre, par Éd. Duboc"
            },
            {
                  "doc_url": "https://gallica.bnf.fr/ark:/12148/bpt6k992393q",
                  "emotions": [
                        "disgust"
                  ],
                  "excerpt": "Sentir — .Puer , exhaler une mauvaise odeur .|Trouver — .",
                  "id": "3",
                  "title": "Dictionnaire de la langue française, à l'usage des écoles chrétiennes / par F. P. B. (M. Bransiet)"
            },
            {
                  "doc_url": "https://gallica.bnf.fr/ark:/12148/bpt6k91877v",
                  "emotions": [
                        "disgust",
                        "greed",
                        "indifference"
                  ],
                  "excerpt": "Le nom le plus convenable à ce vinaigre est celui de ~ inatgre aromatique .Celui d ' anti - septique lui a été donné de ses propt ' tétés .L * h ! sto ! t ' c rapporte que la recette en fut donnée par quatre voteurs qui eta * ent condamnés à périr , etqol obttnt ' eut ! a v ! epour prix du service qu ' ils rendaient en iaisaut connaître la foimule de ce vina ! st c .",
                  "id": "4",
                  "title": "Cours élémentaire théorique et pratique de pharmacie chimique ou Manuel du pharmacien-chimiste. Tome 2 / , par Simon Morelot,..."
            },
            {
                  "doc_url": "https://gallica.bnf.fr/ark:/12148/bpt6k992393q",
                  "emotions": [
                        "disgust"
                  ],
                  "excerpt": "( R .puer ) Infecter , ré - 2G8 EN pandre une r ^ iuvaise odeur , la communiquer .Ce cloaque empuantit tout le quartier .",
                  "id": "5",
                  "title": "Dictionnaire de la langue française, à l'usage des écoles chrétiennes / par F. P. B. (M. Bransiet)"
            },
            {
                  "doc_url": "https://gallica.bnf.fr/ark:/12148/bpt6k58326525",
                  "emotions": [
                        "disgust",
                        "pain"
                  ],
                  "excerpt": "Avec lui vit un pécari , animal ayant avec le sanglier des analogies de forme , mais exhalant une odeur fétide et pénétrante .Il a sur le dos une fente glanduleuse , d ' où suinte l ' humeur qui exhale cette odeur insupportable .Enfin , dans la dernière enceinte , on voit une femelle de dauw avec son poulain .",
                  "id": "6",
                  "title": "Le Panthéon populaire illustré. 3e série, livraisons 41-59, Le jardin des plantes : description et moeurs des mammifères de la ménagerie et du Muséum d'histoire naturelle / par M. Boitard ; précédé d'une introduction historique, descriptive et pittoresque par M. J. Janin"
            },
            {
                  "doc_url": "https://gallica.bnf.fr/ark:/12148/bpt6k934785g",
                  "emotions": [
                        "disgust"
                  ],
                  "excerpt": "On observe un commencement de putréfaction .Mais cette putréfaction n ’ est \" qu ’ ébauchée , et Sc manifesté unhjüë - îtient par Une odeur très atténuée .Il n ’ y a pas de ballonnement de l ’ ahimal , pas de dégagement interne de gaz putride , pas de liquéfaction .",
                  "id": "7",
                  "title": "Les radiations humaines : introduction à la démonstration expérimentale de l'existence des corps subtils de l'homme... / Raoul Montandon"
            },
            {
                  "doc_url": "https://gallica.bnf.fr/ark:/12148/bpt6k77084z",
                  "emotions": [
                        "disgust",
                        "fear"
                  ],
                  "excerpt": "L ' entrée de ce lieu de tourments me parut semblable à une de ces petites mes longues et étroites , ou , pour mieux dire , a un four extrêmement bas , obscur ! , resserra .Le sol était , une horrible fange , d ' une odeur pcsti ! entieUe et , remplie de reptiles venimeux .A ! ' extremite s ' élevait nue muraille dans laquc ! ) e on avait ~ creuse un réduit trc , s étroit où je me vis enfermer .",
                  "id": "8",
                  "title": "Swedenborg : histoire d'un visionnaire au XVIIIe siècle / par le Dr Gilbert Ballet,..."
            },
            {
                  "doc_url": "https://gallica.bnf.fr/ark:/12148/bpt6k91877v",
                  "emotions": [
                        "disgust"
                  ],
                  "excerpt": "– ~ « ~ V ~ t ) VfM « MM DIstu ! ex au bam - marie .Cetatcooi est d ' une odeur extrêmement agrëaMe .On s ~ en sert pour ! a toilette .",
                  "id": "9",
                  "title": "Cours élémentaire théorique et pratique de pharmacie chimique ou Manuel du pharmacien-chimiste. Tome 2 / , par Simon Morelot,..."
            },
            {
                  "doc_url": "https://gallica.bnf.fr/ark:/12148/bpt6k5675153d",
                  "emotions": [
                        "disgust",
                        "pain",
                        "embarrassment"
                  ],
                  "excerpt": "La température est de 38 ° , 1 , son pouls rapide est faible , sa respiration accélérée .Elle perd toujours un peu en rouge ; ces pertes ont une mauvaise odeur ; le ventre est un peu ballonné , l ' utérus mal revenu sur lui - même .Dans l ' urine , traces d ' albumine .",
                  "id": "10",
                  "title": "Recherches cliniques et bactériologiques des salpingo-ovarites, par le Dr Ivan Yordanoff,..."
            },
            {
                  "doc_url": "https://gallica.bnf.fr/ark:/12148/bpt6k6474290f",
                  "emotions": [
                        "disgust"
                  ],
                  "excerpt": "Enfin , un savant comtemporain , Grundelius , ouvrit à son tour un coq qui avait pondu , disait - on , quatre œufs petits et sans vitellus ; l ' absence d ' un ovaire ne put faire renoncer l ' observateur aux opinions erronées de son temps ; il rapporte que , dans une autre occasion , on tua en sa présence un coq qui avait pondu un œuf renfermant , au lieu de jaune , un ver à quatre pieds , de couleur noire , semblable à un lézard .Ce ver , jeté au feu , avait répandu une odeur très fétide 1 .Tel était sur ce point l ' état de la science à lafin du XVIIe siècle ; car si quelques hommes , comme Harvey , n ' avaient pas admis de semblables erreurs , ils n ' avaient cependant pas donné ou cherché l ' explication des faits .",
                  "id": "11",
                  "title": "L'Oeuvre de C.-J. Davaine,... charbon, septicémie, parantisme, microbisme, physiologie, anomalies, tératologie... [Par A. Laboulbène, publié par J.-A. Davaine.]"
            },
            {
                  "doc_url": "https://gallica.bnf.fr/ark:/12148/bpt6k56901238",
                  "emotions": [
                        "disgust"
                  ],
                  "excerpt": "Le champignon vénéneux se reconnaît aux conditions suivantes : On les rencontre dans les bois couverts et humides , sur des matières organiques ou décomposées , de vieux troncs d ' arbres .Leur odeur est infecte , leur saveur amère et leur cassure molle devient laiteuse et verdit à l ' air .Nous ne connaissons pas les conditions intimes qui développent le principe toxique du champignon , puisqu ' on en trouve de vénéneux dans les genres contenant les meilleures espèees .",
                  "id": "12",
                  "title": "Études médicales, par G. Le Thière,... Premiers secours contre le choléra et la grippe, contre les empoisonnements et autres accidents ; effets physiologiques et thérapeutiques de quelques médicaments, notes sur les eaux sulfureuses de Bagnères-de-Luchon"
            },
            {
                  "doc_url": "https://gallica.bnf.fr/ark:/12148/bpt6k9759980t",
                  "emotions": [
                        "disgust",
                        "annoyance"
                  ],
                  "excerpt": "Habert en a fait évaporer en 1737 , & chaque livre de ces eaux lui a fourni par l ' évaporation 60 grains d ' un vrai sel marin , 11 à 13 grains de sélénite , 4 grains ou environ d ' une terre alkaline & un peu de el de glauber , dont il n ' a pas calculé la quantité ; les plumés d ' un oiseau qu ' on plonge dans ces eaux se détachent de son corps , tant la chaleur en est grande * elles ont une saveur talée & i .une odeur sulphureuse & désagréable .Elles sont mises au nombre des meilleurs médicamens dépuratifs , apéritifs & incisifs ; elles redonnent de la force aux estomacs affoi - blis , elles rendent le ventre libre , favorisent la sortie des urines & les tueurs , & dissipent enfin les fie vr es les plus opiniâtres ; on en boit pendant l ' espace de neuf à quinze jours , & depuis une livre jusqu ' à quatre par jour , mais on ne doit les laisser prendre qu ' avec beaucoup de précaution aux gens maigres & bilieux ; on conseille l ' usage de ces eaux en douches ; en bains toutes les fois qu ' il s ' agit de fortifier , de déterger & de fondre ; on employe même à cet effet leurs boues ou sédiment en topique .",
                  "id": "13",
                  "title": "Dictionnaire minéralogique et hydraulogique.... Tome 1"
            },
            {
                  "doc_url": "https://gallica.bnf.fr/ark:/12148/bpt6k9822799g",
                  "emotions": [
                        "admiration",
                        "disgust"
                  ],
                  "excerpt": "Ce champignon croît à terre ordinairement solitaire , dans les bois et dans les friches : on le trouve en été et en automne .Il a une odeur agréable et un goût ex - I quis .C ' est un manger délicieux .",
                  "id": "14",
                  "title": "Guide de l'amateur de champignons, ou Précis de l'histoire des champignons alimentaires, vénéreux, et employés dans les arts, qui croissent sur le sol de la France ... Par F.-S. Cordier,..."
            },
            {
                  "doc_url": "https://gallica.bnf.fr/ark:/12148/bpt6k58326525",
                  "emotions": [
                        "disgust",
                        "annoyance"
                  ],
                  "excerpt": "Elle habite les maisons à Pondichéry et à Trânquebar .Elle exhale une odeur de musc forte et assez désagréable .La MUSARAIGNE DU CAP ( Soréx capensis , GEOFF , ) , a beaucoup d ' analogie avec celle de l ' Inde , mais elle en diffère en ce qu ' elle est plus grande , en ce qu ' elle a la queue rousse , beaucoup plus longue , n ' étant que moitié moins longue que le corps , enfin en ce qu ' elle a le museau plus long et plus effilé .",
                  "id": "15",
                  "title": "Le Panthéon populaire illustré. 3e série, livraisons 41-59, Le jardin des plantes : description et moeurs des mammifères de la ménagerie et du Muséum d'histoire naturelle / par M. Boitard ; précédé d'une introduction historique, descriptive et pittoresque par M. J. Janin"
            },
            {
                  "doc_url": "https://gallica.bnf.fr/ark:/12148/bpt6k9759980t",
                  "emotions": [
                        "disgust"
                  ],
                  "excerpt": "A L S est un bourg du Dauphiné , sîtué à cinq lieues du Rhône & à six de Viviers ; on trouve près de Cet endroit quatre [ Qurces d ' eaux minérales auxquelles « > n donne les noms de la Mtrquife , de La Dominique , de la Saint - Jean & de La Jhtarie .s Ceux qui ont bu de la Dominique en ont trouvé l ' eau limpide & sans odeur , prise au mois de Mai \\ mais cette eau avoit cependant un goût vineux & stiptique , comme celle d ' un petit vin blanc dans lequel on auroit fait dissoudre un peu de vitriol ; elle passe pour pesante à l ' estomac , elle purge par les Telles & rend les déjections noirâtres .Quant a la source de la Marquise , c ' est celle qui cst la plus en usage , elle est plus forte que celle de Saint - Jean , elle est même plus purgative , tant par les sels que par les urines .",
                  "id": "16",
                  "title": "Dictionnaire minéralogique et hydraulogique.... Tome 1"
            },
            {
                  "doc_url": "https://gallica.bnf.fr/ark:/12148/bpt6k883492g",
                  "emotions": [
                        "disgust",
                        "relief"
                  ],
                  "excerpt": "Après une dizaine de rasades , Game , qui avait un caractère des plus indépendants , commença à protester et me déclara en termes non équivoques « que , la tête sur le billot , il n ’ en avalerait pas une goutte de plus » .Sur mes instances , il consentit à faire au moins le simulacre , et solennellement nous continuâmes à porter à nos lèvres ces récipients nauséabonds et c ’ est ainsi que la paix fut faite avec les Antipas .Bientôt nous fûmes submergés par un flot humain .",
                  "id": "17",
                  "title": "Les chasseurs de têtes de l'Amazone : sept ans d'aventures et d'explorations dans les forêts Pierges de l'Amérique équatoriale / F. W. Up de Graff ; traduit de l'anglais par Pierre Belperron..."
            },
            {
                  "doc_url": "https://gallica.bnf.fr/ark:/12148/bpt6k992393q",
                  "emotions": [
                        "disgust"
                  ],
                  "excerpt": "Hort .Herbe potagère odoriférante .ESTRAIN .",
                  "id": "18",
                  "title": "Dictionnaire de la langue française, à l'usage des écoles chrétiennes / par F. P. B. (M. Bransiet)"
            },
            {
                  "doc_url": "https://gallica.bnf.fr/ark:/12148/bpt6k5541475q",
                  "emotions": [
                        "disgust"
                  ],
                  "excerpt": "' GLOIRE éternelle à Prométhée ! Gloire à l ' intrépide mortel Qui , par son audace indomptée , Osa ravir le feu du ciel ! Ainsi chantait , aux premiers jours du monde , Un barde armé de son luth souverain , En contemplant la flamme vagabonde Qui pétillait sous le trépied d ' airain .A travers la blancho fumée Qu ' exhale la verte ramée Du laurier , du cèdre odorant , ■ ~ 276 — .Monte l ' éclatante colonne Qui so déroule et tourbillonne ' Comme un nuage transparent .",
                  "id": "19",
                  "title": "Chansons et poésies de J.-Jh Vaissière"
            },
            {
                  "doc_url": "https://gallica.bnf.fr/ark:/12148/bpt6k5821675k",
                  "emotions": [
                        "disgust"
                  ],
                  "excerpt": "362 FLORE MÉDICALE .Le suc laiteux , quelquefois sanguinolent , qui s ' échappe des Champignons que l ' on froisse , est ordinairement acre , amer , nauséabond , et annonce , en toute certitude , des4espèces meurtrières .Faites aussi attention à l ' âge des Champignons ; ils offrent toujours plus d ' innocuité dans leur premier développement ; plus tard , ils se décomposent et acquièrent des propriétés morbides .",
                  "id": "20",
                  "title": "Les Plantes médicinales et usuelles de nos champs, jardins, forêts ; description et usages des plantes, comestibles, suspectes, vénéneuses... par H. Rodin,..."
            }
      ]
}