{
      "articles": [
            {
                  "doc_url": "https://gallica.bnf.fr/ark:/12148/bpt6k61491970",
                  "emotions": [
                        "disgust"
                  ],
                  "excerpt": "Mauvaise haleine après le dîner ( au bout de trentesix heures ) .Haleine d ' odeur aigre .Crachats muqueux , venant de la trachée - artère , sans toux .",
                  "id": "1",
                  "title": "Traité de matière médicale, ou de l'Action pure des médicaments homoeopathiques. Tome 3 / par Samuel Hahnemann... ; avec des tables proportionnelles de l'influence que diverses circonstances exercent sur cette action, par C. Boenninghausen ; trad. de l'allemand par A.-J.-L. Jourdan,..."
            },
            {
                  "doc_url": "https://gallica.bnf.fr/ark:/12148/bpt6k6455724x",
                  "emotions": [
                        "disgust"
                  ],
                  "excerpt": "Les paluS d ' Arveyres .La Gesse odorante , ou Pois DE SENTEUR , L .odoratus , eS l ' on nomme vuigaircment Pois - fleur , remarquable par * e belles fleurs blanches , bleues .",
                  "id": "2",
                  "title": "Flore bordelaise et de la Gironde : description caractéristique des plantes qui croissent naturellement dans ce département... précédée de notions élémentaires de botanique (4e édition...) / par J.-F. Laterrade,..."
            },
            {
                  "doc_url": "https://gallica.bnf.fr/ark:/12148/bpt6k4221415z",
                  "emotions": [
                        "disgust",
                        "disappointment"
                  ],
                  "excerpt": "La plus haute en couleur eft la meilleure .Elle a une odeur aromatique , mais très - peu fenfible ; fa faveur eft amère , ôc elle laifte del ’ aftriction .Cette écorce eft en morceaux plus ou moins longs , , ôc plus ou moins roulés fur eux - mêmes .",
                  "id": "3",
                  "title": "Pharmacopée du collège royal des médecins de Londres. Tome 1 / , traduite de l'anglois sur la seconde édition donnée avec des Remarques, par le docteur H. Pemberton... augmentée de plusieurs notes & observations, & d'un grand nombre de procédés intéressans, avec les vertus & les doses des medicamens. Tome premier [-second]"
            },
            {
                  "doc_url": "https://gallica.bnf.fr/ark:/12148/bpt6k6462210h",
                  "emotions": [
                        "surprise",
                        "disgust",
                        "fear",
                        "doubt",
                        "curiosity"
                  ],
                  "excerpt": "Mais , par son aspect seul s ' il les enthousiasme , C ' est bien une autre joie et bien un autre spasme , Quand , semblable au volcan qui fait explosion , Qui gronde et qui vomit des rocs en fusion , Apre , dévergondé , le grand énergumène Roule en éclats tonnans sa voix à peine humaine ! La populace écoute avec ravissement 1 Sa sauvage éloquence et son mugissement , Et ses vastes poumons , mieux que l ' art oratoire , De la rage du crime enfièvrent l ' auditoire .Mais quel est maintenant ce fantôme blafard , Ce Jacobin tartufe , à l ' œil terne et cafard ? C ' est l ' homme que l ' on vit fêter l ' Etre - Suprême , Le sanglant dictateur , le Cromwell au teint blême , Robespierre ! A ce nom qui seul fait frissonner , Et d ' un effroi fatal semble s ' environner , On croit voir apparaître une hideuse goule , Jaune comme une morte et de carnage soûle , Mangeant quelque cadavre en un puant charnier .Hypocrite , jaloux , bilieux , rancunier , Affectant aux regards une vertu rigide , - Mais dans le fond du cœur sanguinaire et perfide , Ce pâle Robespierre , ambitieux sournois , Vers l ' usurpation marchait en tapinois .",
                  "id": "4",
                  "title": "La République, ou Le livre de sang (2e édition) / par Amédée Pommier"
            },
            {
                  "doc_url": "https://gallica.bnf.fr/ark:/12148/bpt6k57155074",
                  "emotions": [
                        "disgust"
                  ],
                  "excerpt": "v Yachcrics .danslcsvillcsdontlapo - Mauvaise odeur .3 14 janv .",
                  "id": "5",
                  "title": "Le nouveau manuel des conseillers de préfecture. Tome 1 / par M. Brun,..."
            },
            {
                  "doc_url": "https://gallica.bnf.fr/ark:/12148/bpt6k57155074",
                  "emotions": [
                        "disgust",
                        "annoyance"
                  ],
                  "excerpt": "préparation de schistes bitumineux pour fabriquer le ) .Noiranimalisô ( fabriques et dépôts Odeur très - désagréable el insalubr .1 27 janv .",
                  "id": "6",
                  "title": "Le nouveau manuel des conseillers de préfecture. Tome 1 / par M. Brun,..."
            },
            {
                  "doc_url": "https://gallica.bnf.fr/ark:/12148/bpt6k4221415z",
                  "emotions": [
                        "disgust"
                  ],
                  "excerpt": "Elle ne diffère de la précédente que par la petiteffe de fes feuilles , qui font en même - tems plus blanches & : fouvent garnies à leur bafe de deux autres petites feuilles en forme d ’ oreilles .Son odeur eft plus forte que celle de la Sauge ordinaire .On la cultive aufli dans les jardins .",
                  "id": "7",
                  "title": "Pharmacopée du collège royal des médecins de Londres. Tome 1 / , traduite de l'anglois sur la seconde édition donnée avec des Remarques, par le docteur H. Pemberton... augmentée de plusieurs notes & observations, & d'un grand nombre de procédés intéressans, avec les vertus & les doses des medicamens. Tome premier [-second]"
            },
            {
                  "doc_url": "https://gallica.bnf.fr/ark:/12148/bpt6k57155074",
                  "emotions": [
                        "disgust"
                  ],
                  "excerpt": "Colle - forte ( fabriques do ) .Mauvaise odeur .1 15 oct .",
                  "id": "8",
                  "title": "Le nouveau manuel des conseillers de préfecture. Tome 1 / par M. Brun,..."
            },
            {
                  "doc_url": "https://gallica.bnf.fr/ark:/12148/bpt6k57155074",
                  "emotions": [
                        "disgust"
                  ],
                  "excerpt": "Corroyettrs .Mauvaise odeur .2 15 oct .",
                  "id": "9",
                  "title": "Le nouveau manuel des conseillers de préfecture. Tome 1 / par M. Brun,..."
            },
            {
                  "doc_url": "https://gallica.bnf.fr/ark:/12148/bpt6k4221415z",
                  "emotions": [
                        "disgust"
                  ],
                  "excerpt": "Au j contraire , à peine pouvoit - on y démêler un peu d ’ amertume .Son odeur étoit à peine fenfible .Ainli , , ce n ’ eft point pour cette raifon qu ’ on ne fait pas ou que peu d ’ ufage de cette préparation de Quin quina .",
                  "id": "10",
                  "title": "Pharmacopée du collège royal des médecins de Londres. Tome 1 / , traduite de l'anglois sur la seconde édition donnée avec des Remarques, par le docteur H. Pemberton... augmentée de plusieurs notes & observations, & d'un grand nombre de procédés intéressans, avec les vertus & les doses des medicamens. Tome premier [-second]"
            },
            {
                  "doc_url": "https://gallica.bnf.fr/ark:/12148/bpt6k61491970",
                  "emotions": [
                        "disgust"
                  ],
                  "excerpt": [
                        "Goût désagréable dans la bouche .Saveur et odeur désagréables , presque sulfureuses , dans la bouche et le nez ( il a dans la bouche un goût douceâtre , désagréable , et perçoit autour de lui une odeur du même genre ) .Dans la bouche , mauvais goût muqueux , composé de saveur herbacée et métallique , avec mécontentement et langueur , le matin .",
                        "Toux violente , profonde , qui ébranle douloureusement le larynx , et produit des soulèvemens de coeur .D ' abord , sensation comme d ' un corps dur dans le creux de l ' estomac , puis crachement de sang , ensuite sueur fétide , et enfin faiblesse dans la tête ( au bout de quarante - huit heures ) .160 ."
                  ],
                  "id": "11",
                  "title": "Traité de matière médicale, ou de l'Action pure des médicaments homoeopathiques. Tome 3 / par Samuel Hahnemann... ; avec des tables proportionnelles de l'influence que diverses circonstances exercent sur cette action, par C. Boenninghausen ; trad. de l'allemand par A.-J.-L. Jourdan,..."
            },
            {
                  "doc_url": "https://gallica.bnf.fr/ark:/12148/bpt6k57155074",
                  "emotions": [
                        "disgust"
                  ],
                  "excerpt": "Porcheries .Très - mauvaise odeur et cris désa - 1 15 oct .1810 .",
                  "id": "12",
                  "title": "Le nouveau manuel des conseillers de préfecture. Tome 1 / par M. Brun,..."
            },
            {
                  "doc_url": "https://gallica.bnf.fr/ark:/12148/bpt6k8814261",
                  "emotions": [
                        "disgust"
                  ],
                  "excerpt": "D ’ UN CALCUL / ^ 1 ) T Réduire un petit fragment en poudre très - fin ^ ’ 1 ^ placer sur une lame de platine , chauffer :Soluble dans l ’ éther , j ^ holesUnne ^ 5 y 1 ° Il y a flamme : Soluble dans l ’ ammoniaque .— Odeur nauséabonde .— Flamme vert bleuâtre .",
                  "id": "13",
                  "title": "Procédés pratiques pour l'analyse des urines, des dépôts et des calculs urinaires / par E. Delefosse,..."
            },
            {
                  "doc_url": "https://gallica.bnf.fr/ark:/12148/bpt6k901003",
                  "emotions": [
                        "disgust",
                        "disapproval"
                  ],
                  "excerpt": "C ' est aa ! iqa ! de huiteox , mcotore , Msot < thte dans ! ' esu , qui bout à i ' K ~ ° e .et possède J une odeur alliacée desagréab ! e .Quand on ! e chantte avec de t ' acide nitnqae , il se change en acide éthylo - sulfureux , et ea sutfocyanure potassique et sulfure éthyti < ; oe quand on le traite par une solution stcoolique de sulfure potassique .",
                  "id": "14",
                  "title": "Éléments de chimie organique, ou asynthétique (2e partie) / par le Dr Sacc,..."
            },
            {
                  "doc_url": "https://gallica.bnf.fr/ark:/12148/bpt6k58078975",
                  "emotions": [
                        "disgust"
                  ],
                  "excerpt": "Il possède une odeur forte , aromatique , agréable , et une saveur amère , ses principes actifs sont une huile essentielle , et la sanlonine .A petites doses il est excitant ; à ' doses lertes il devient nauséeux , émétique .DES MÉDICAMENTS 105 Kousso .",
                  "id": "15",
                  "title": "Homéopathie complexe : théorique et pratique (4e édition revue et augmentée) / Dr A. Marçais"
            },
            {
                  "doc_url": "https://gallica.bnf.fr/ark:/12148/bpt6k6348266z",
                  "emotions": [
                        "disgust"
                  ],
                  "excerpt": "Les gens du pays la recueillent à l ' aide d ' herbes et la mettent dans des vases de terre .Elle est de couleur noire comme du vernis , elle exhale une odeur sulfureuse .Les gens du pays s ' en servent pour éclairer leurs lanternes et cela donne une grande clarté .",
                  "id": "16",
                  "title": "Les lapidaires de l'antiquité et du moyen-âge. 1, Les lapidaires chinois / introduction, texte et traduction avec la collaboration de M. H. Courel"
            },
            {
                  "doc_url": "https://gallica.bnf.fr/ark:/12148/bpt6k4221415z",
                  "emotions": [
                        "disgust"
                  ],
                  "excerpt": "Elles font remplies d ’ un fuc de couleur pourpre , ôc renferment trois graines affez menues .Toutes les parties du Sureau ont une odeur forte & défagréab ' e ; les fleurs furtôut ont une odeur pénétrante ôc qui porte à la tête .Pour bien conferver ces fleurs , on doit , fuivant la méthode que donne M .",
                  "id": "17",
                  "title": "Pharmacopée du collège royal des médecins de Londres. Tome 1 / , traduite de l'anglois sur la seconde édition donnée avec des Remarques, par le docteur H. Pemberton... augmentée de plusieurs notes & observations, & d'un grand nombre de procédés intéressans, avec les vertus & les doses des medicamens. Tome premier [-second]"
            },
            {
                  "doc_url": "https://gallica.bnf.fr/ark:/12148/bpt6k62163300",
                  "emotions": [
                        "disgust"
                  ],
                  "excerpt": "Ray et plusieurs autres auteurs ont prétendu que la liqueur du pécari , qui suinte par l ' ouverture du dos , est une espèce de musc , un parfum agréable , même au sortir du corps de l ' animal ; que cette odeur agréable se fait même sentir d ' assez loin et parfume les endroits où il passe et les lieux qu ' il habite .J ' avoue que nous avons éprouvé mille fois tout le contraire : l ' odeur de cette liqueur , au sortir du corps de l ' animal , est si désagréable que nous ne pouvions la sentir ni la faire recueillir sans un extrême dégoût ; il semble seulement qu ' elle devienne moins fétide en se desséchant à l ' air , mais jamais elle ne prend l ' odeur suave du musc ni le parfum de la civette , et les naturalistes auraient parlé plus juste s ' ils l ' eussent comparée à celle du castoréum .LA ROUSSETTE ( a ) , LA ROUGETTE ( b ) ET LE VAMPIRE ( c ) La roussette ( * ) et la rougette ( * * ) nous paraissent faire deux espèces distinctes , mais qui sont si voisines l ' une de l ' autre , et qui se ressemblent à ( a ) La roussette .",
                  "id": "18",
                  "title": "Oeuvres complètes de Buffon. Tome 9"
            },
            {
                  "doc_url": "https://gallica.bnf.fr/ark:/12148/bpt6k58078975",
                  "emotions": [
                        "disgust"
                  ],
                  "excerpt": "— Vit dans toute l ' Europe , l ' Asie , l ' Amérique .La souche a une odeur nauséeuse , une saveur astringente , amère .Elle contient une huile grasse , une huile volatile , du tanin , de l ' acide filicique .",
                  "id": "19",
                  "title": "Homéopathie complexe : théorique et pratique (4e édition revue et augmentée) / Dr A. Marçais"
            },
            {
                  "doc_url": "https://gallica.bnf.fr/ark:/12148/bpt6k5778555s",
                  "emotions": [
                        "disgust",
                        "disapproval"
                  ],
                  "excerpt": "Mais il ne connoît pas les plantes dont l ' essaim A de ses jeunes * blés envahi le terrain ; Et sa main , chaque année en butte à leur outrage , Perd , sans les extirper , son tems et son ouvrage .D ' aulrcs pour les troupeaux sont un mortel poison , La génisse , au retour de la verte saison , Ne peut , sous la rosée et dans l ' herbe menue , ' Distinguer à l ' odeur l ' infidèle ciguë .Elle meurt : l ' ignorance accuse en vain le sort ; Un berger plus instruit eût prévenu sa mort .",
                  "id": "20",
                  "title": "Les Plantes, poëme, par René-Richard Castel"
            }
      ]
}