{
      "articles": [
            {
                  "doc_url": "https://gallica.bnf.fr/ark:/12148/bpt6k1177731g",
                  "emotions": [
                        "disgust"
                  ],
                  "excerpt": "On se néglige concurremment dans sa tenue , on n ’ a plus de prévenances pour personne et on s ’ étonne qu ’ un froid sibérien succède aux plus chaudes relations , que la faillite des plus anciennes affections en soit la conséquence .Les enfants eux - mêmes , qui n ’ ont pas appris à dissimuler , se détournent avec répugnance du praticien malpropre , qui répand autour de lui des émanations suspectes , dont la tenue est négligée , qui ne sait pas réparer des ans ce qui est réparable .Il a beau leur offrir des friandises ; elles ne sont plus acceptées si elles sortent d ’ une houppelande graisseuse , si elles sont offertes avec des mains mal lavées , aux ongles en deuil .",
                  "id": "1",
                  "title": "Pour les vieux médecins, par le Dr Grellety,..."
            },
            {
                  "doc_url": "https://gallica.bnf.fr/ark:/12148/bpt6k5449454s",
                  "emotions": [
                        "disgust",
                        "annoyance",
                        "nervousness"
                  ],
                  "excerpt": "Le soir on me donna à souper de grandes corbeilles pleines de toutes les fleurs odoriférantes , , et on y ajouta des cassolettes ° de touLcs sortes de parfums .La nuit j ' eus une indigestion pour avoir trop senti tant d ' odeurs nourrissantes .Le jour suivant , je jeûnai pour me délasser de la fatigue des plaisirs de la table .",
                  "id": "2",
                  "title": "Cinquante fables choisies de La Fontaine, Florian et Fénelon : spécialement expliquées et annotées pour les élèves des classes élémentaires et de toutes les écoles primaires / par E.-A. Vrau,..."
            },
            {
                  "doc_url": "https://gallica.bnf.fr/ark:/12148/bpt6k58291404",
                  "emotions": [
                        "disgust"
                  ],
                  "excerpt": "— Quand on examine les corps des personnes qui ont succombé aux effets de l ' hydrogène sulfuré respiré à l ' état concentré et que l ' autopsie est récente , on observe les lésions suivantes : la membrane muqueuse du nez et du gosier est ordinairement couverte d ' un liquide visqueux brunâtre .Une odeur désagréable s ' exhale de toutes les cavités et de toutes les parties molles du - corps .Les émanations absorbées paries poumons de ceux qui sont occupés à faire l ' autopsie donnent lieu quelquefois à des nausées et à d ' autres symptômes désagréables , et peuvent même causer une syncope ou l ' asphyxie .",
                  "id": "3",
                  "title": "Traité de médecine légale / par A. S. Taylor,... ; traduit sur la 10e édition anglaise avec notes et préface par le Dr J.-P. Henry Coutagne,..."
            },
            {
                  "doc_url": "https://gallica.bnf.fr/ark:/12148/bpt6k64883264",
                  "emotions": [
                        "disgust"
                  ],
                  "excerpt": "éneux .Le bicarbure a en outre une odeur fortement nauséabonde .Toutefois ces deux gaz ne peuvent agir sur l ' économie , que d ' une manière analogue à celle de l ' acide carbonique , et sont par suite moins dangereux que l ' oxyde de carbone .",
                  "id": "4",
                  "title": "Du chauffage et de la ventilation des habitations privées / par P. Castarède-Labarthe,..."
            },
            {
                  "doc_url": "https://gallica.bnf.fr/ark:/12148/bpt6k102254k",
                  "emotions": [
                        "disgust",
                        "nostalgia"
                  ],
                  "excerpt": "Elles dépofent , ' 3 quelquc diftance de leur fource , du foufrc pur comme la font : tine de ' fivoly , ou mêlé avec un peu de félénitc .Leur couleur hlanchâtre fè perd quand elles ont roulé fur le gravter ; mais leur goîu & leur odeur fc confervetit .La vil \" .",
                  "id": "5",
                  "title": "Voyage littéraire de Provence , contenant tout ce qui peut donner une idée de l'état ancien et moderne des villes,... l'histoire naturelle,... et cinq lettres sur les trouvères et les troubadours, par M. P. D. L."
            },
            {
                  "doc_url": "https://gallica.bnf.fr/ark:/12148/bpt6k82383f",
                  "emotions": [
                        "disgust"
                  ],
                  "excerpt": "Ce fpath eft empreint d ' huile de pétrole , fa couleur eft brune quand on le frotte pu qu ' on le chauffe il répand une mauvaife odeur c ' eft ce qui l ' a fait nommer pierre \" porc ou pierre puante .Il y a une efpece de pierre porc feuilletée & grife qui doit fon odeur à du foie de foufre lorfqu ' on la frappe avec le briquet ~ elle produit une odeur fétide infuppor ~ table .ONZIEME ESPECE .",
                  "id": "6",
                  "title": "Éléments de minéralogie docimastique , par M. Sage,..."
            },
            {
                  "doc_url": "https://gallica.bnf.fr/ark:/12148/bpt6k5493967n",
                  "emotions": [
                        "disgust"
                  ],
                  "excerpt": "Semé sur la gélatine , il y croît , déjà visiblement au bout de 24 heures , en donnant des colonies et des cultures de couleur jaune , de consistance muqueuse , lentement liquéfiantes .Clés cultures dégagent une odeur forte et désagréable .On obtient sur la gélose un enduit couleur jaune de Naples , brillant , humide et gluant .",
                  "id": "7",
                  "title": "Traité de bactériologie pure et appliquée à la médecine et à l'hygiène / par MM. P. Miquel et R. Cambier,..."
            },
            {
                  "doc_url": "https://gallica.bnf.fr/ark:/12148/bpt6k96110908",
                  "emotions": [
                        "disgust"
                  ],
                  "excerpt": "C ' est un apostème ( 2 ) qui s ' est formé dans la fourchette du pied , par une crevasse de laquelle il sort une matière .corrosive et fétide .Les chevaux sujets à ce mal ont le talon charnu , éraillé , la fourchette gâtée et incapable de défendre les parties tendres du pied , d ' où résulte cette sensibilité des pieds que nous leur voyons si souvent .",
                  "id": "8",
                  "title": "Le vétérinaire domestique, ou L'art de guérir soi-même ses chevaux ; par Francis Clater,... Traduit de l'anglais, sur la 21e édition, par P.-L. Prétot,..."
            },
            {
                  "doc_url": "https://gallica.bnf.fr/ark:/12148/bpt6k879852r",
                  "emotions": [
                        "disgust"
                  ],
                  "excerpt": "Odoriférant , ad .qui répand une lionne odeur .OKoumènicIlè , sf .",
                  "id": "9",
                  "title": "Dictionnaire usuel et portatif de la langue française... : précédé d'un nouvel abrégé de grammaire / par M. Auvray,..."
            },
            {
                  "doc_url": "https://gallica.bnf.fr/ark:/12148/bpt6k6200666h",
                  "emotions": [
                        "disgust"
                  ],
                  "excerpt": "Le persil , mortel pour les perroquets , est un poison pour les petits oiseaux .Il ne faut pas confondre le persil avec la ciguë qui lui ressemble , mais qui répand une odeur vireuse désagréable et qui est un poison très violent .CONSERVATION DES Œ UFS Orthographe simplifiée ( 1 ) Les cendres de bois ou de tourbe bien tamizées assurent la conservacion des œufs en bon état , moyénant une seule précaucion fort simple , que bien des jens néglijent faute d ' en comprendre l ' importance .",
                  "id": "10",
                  "title": "Bulletin du Syndicat agricole du département de l'Yonne"
            },
            {
                  "doc_url": "https://gallica.bnf.fr/ark:/12148/bpt6k5835437q",
                  "emotions": [
                        "disgust"
                  ],
                  "excerpt": "STORAX .Gomme résineuse 8c odorante qui vient ■ d ' Arabie Sc de Syrie par la voye de Marseille .II y a de trois sortes de Storax ; le Storax rouge , le Calamite Sc k Liquide .",
                  "id": "11",
                  "title": "Dictionnaire universel de commerce, contenant tout ce qui concerne le commerce qui se fait dans les quatre parties du monde... Ouvrage posthume du Sr Jacques Savary Des Bruslons... continué... et donné au public, par Philémon-Louis Savary,.... Tome 2"
            },
            {
                  "doc_url": "https://gallica.bnf.fr/ark:/12148/bpt6k63097308",
                  "emotions": [
                        "disgust"
                  ],
                  "excerpt": "Si ce dernier est introduit par endosmose dans les vaisseaux chylifères et au travers de leurs parois , les liquides hydrosulfurés que contient la matière fécale qui ont tendance à opérer l ' endosmose dans un sens opposé , doivent nécessairement n ' y point être admis .Ainsi l ' hydrogène sulfuré , dont l ' odeur révoltante semble accuser les fonctions intestinales d ' une dégoûtante imperfection , intervient , au contraire , comme condition indispensable de l ' exercice de ces fonctions .C ' est un trait nouveau à ajouter aux considérations sur la perfection qui règne partout dans l ' admirable machine organique .",
                  "id": "12",
                  "title": "Mémoires pour servir à l'histoire anatomique et physiologique des végétaux et des animaux. Tome 2 / par M. H. Dutrochet,..."
            },
            {
                  "doc_url": "https://gallica.bnf.fr/ark:/12148/bpt6k9779796j",
                  "emotions": [
                        "disgust",
                        "nervousness"
                  ],
                  "excerpt": "Celle - ci se manifeste en effet bien promptement , quand toutes ces cho ( es se trouvent rcii - nics des rapports nidoreuæ fœtides , ou qui ( entent l ' oeuf couve : une anxiété avec une débilité d ' estomac désor 509 .Indigestion putride .On peut les cirer facilement de cet état - langoureux , eu les ran enint à un regime plus exaét , mêmc à de iimples boüillons , & par gradation à des geléés , à des œufs , à de petires loupes , & c .",
                  "id": "13",
                  "title": "L'Art de guerir par la saignée , où l'on examine en même tems les autres secours qui doivent concourir avec ce reméde, ou qui doivent lui être préférés, dans la cure des maladies tant médicinales que chirurgicales. Par François Quesnay,..."
            },
            {
                  "doc_url": "https://gallica.bnf.fr/ark:/12148/bpt6k284232",
                  "emotions": [
                        "disgust",
                        "anger"
                  ],
                  "excerpt": "( A .odorante ) .Fruit lisse ou tuberculeux , glabre feuilles linéaires 3 3 Souche cespiteuse , à racine pivotante , donnant naissance a un grand nombre de tiges étalées - dinuses fruit tuberculeux C { ; M ) ! chtMtL .",
                  "id": "14",
                  "title": "Synopsis analytique de la flore des environs de Paris destiné aux herborisations : contenant la description des familles et des genres, celle des espèces et des variétés sous la forme analytique avec leur synonymie et leurs noms français, l'indication des propriétés des plantes employées en médecine, dans l'industrie ou dans l'économie domestique et une table de noms vulgaires / par E. Cosson,... et Germain de Saint-Pierre,..."
            },
            {
                  "doc_url": "https://gallica.bnf.fr/ark:/12148/bpt6k109862z",
                  "emotions": [
                        "disgust"
                  ],
                  "excerpt": "« En examinant ces momies , on est porté à croire que la matière bitumineuse a été injectée très - chaude , et que les cadavres ont été plongés dans une chaudière contenant ce bitume en liquéfaction : .Ces sortes de momies , les plus communes et les plus nombreuses de toutes celles qu ' on rencontre dans les caveaux , sont noires , dtires , pesantes , d ' une odeur pénétrante et désagréable elles sont téès - difficilés à rompre ; elles n ' orit plus ni cheveux ni sourcils ; on n ' y trouve aucune dorure .Quelques - unes seulement ont la paume des mains , la plante des pieds , les ongles dès doigts est des orteils teints en rouge , de cette même couleur dont les naturels de l ' Egypte se teignent encore aujourd ' hui la paumé des mains et là plante des pieds ( le henné , la2csonia inermis ) .",
                  "id": "15",
                  "title": "De l'embaumement chez les anciens et chez les modernes et des conservations d'anatomie normale et pathologique / par M. le docteur Sucquet,..."
            },
            {
                  "doc_url": "https://gallica.bnf.fr/ark:/12148/bpt6k879852r",
                  "emotions": [
                        "disgust"
                  ],
                  "excerpt": "Syrlngn , sm .arbrisseau h Ileurs blanches odoriférantes .Syrlngotoml # ! sf .",
                  "id": "16",
                  "title": "Dictionnaire usuel et portatif de la langue française... : précédé d'un nouvel abrégé de grammaire / par M. Auvray,..."
            },
            {
                  "doc_url": "https://gallica.bnf.fr/ark:/12148/bpt6k6234710j",
                  "emotions": [
                        "disgust"
                  ],
                  "excerpt": "L ' eau des pluies emporte avec elle l ' urine des animaux ; la paille reste et ne se décompose pas facilement .Buvez les petits vins des environs de Paris , vous leur trouverez une détestable saveur de gadoue .Mangez des pois venus dans ces vignobles , vous trouverez la même saveur .",
                  "id": "17",
                  "title": "Les champs et les prés (3e édition) / par P. Joigneaux"
            },
            {
                  "doc_url": "https://gallica.bnf.fr/ark:/12148/bpt6k42378550",
                  "emotions": [
                        "disgust"
                  ],
                  "excerpt": "Plante qui croît en ferre grafle au bord de l ’ eau , & qui tient fon nom de la propriété qu ’ elle a de tuer l ’ efpece de vermine appellée jtiïtte , laquelle ronge les habits .La racine de cette plante a la figure d ’ un navet , elle eft fibreufe t fes tiges font hautes comme celles de la moleine , droites , divifées en ailes ; fes feuilles font longues , pointues , crénelées , glâbres , d ’ un verd noirâtre , d ’ une odeur défagréable & d ’ un goût amer ; fes fleurs font des rofiettes , comme celles du bouiilon blanc , d ’ un jaune foncé , odorantes r il leur fuccede un fruit rond qui renferme de petites fe - mences noirâtres : cette plante eft apéritîve & .antiver - mineufe .",
                  "id": "18",
                  "title": "Dictionnaire raisonné universel d'histoire naturelle, contenant l'histoire des animaux, des végétaux et des minéraux, et celle des corps célestes, des météores et autres principaux phénomènes de la nature, avec l'histoire et la description des drogues simples tirées des trois règnes et le détail de leurs usages dans la médecine, dans l'économie domestique et champêtre et dans les arts et métiers, par M. Valmont de Bomare,.... Tome 3"
            },
            {
                  "doc_url": "https://gallica.bnf.fr/ark:/12148/bpt6k82383f",
                  "emotions": [
                        "disgust"
                  ],
                  "excerpt": "feu pendant ce tems on n ' appercoit point de chaleur , & : l ' on remarque que cette propriété lumineufe fe diflipe bien - tôt dans robfcurité pour la faire reparoîcre ~ il faut expofer de nouveau au jour ces fpaths nommés phofphores de Boulogne .Le fpath fufible devenu phofphorique par là calcihation répand une odeur de ~ e ' de ~ fr ~ décompose cette odeur devient plus forte fi l ' on verte dcnus un acide .~ ~ OZ - TJV , terre à Porcelaine .",
                  "id": "19",
                  "title": "Éléments de minéralogie docimastique , par M. Sage,..."
            },
            {
                  "doc_url": "https://gallica.bnf.fr/ark:/12148/bpt6k5620048t",
                  "emotions": [
                        "disgust",
                        "annoyance"
                  ],
                  "excerpt": "Il sort à présent du conduit auditif gauche une humeur blanche sans odeur .La malade a craché une humeur purulente et fétide qui vient de la trompe d ' Eustaché ; il en sort une très - abondante par le nez .La lèvre supérieure est enflée ; il n ' y a aucun changement dans l ' oreille droite , où l ' injection ne pénètre que difficilement .",
                  "id": "20",
                  "title": "Traité pratique des maladies de l'oreille, par le Dr E.-H. Triquet,..."
            }
      ]
}