{
      "articles": [
            {
                  "doc_url": "https://gallica.bnf.fr/ark:/12148/bpt6k61244901",
                  "emotions": [
                        "disgust",
                        "courage",
                        "nervousness"
                  ],
                  "excerpt": ".; Un docteur intrépide a le nez réfradtaire Au fentiment de l ' odorat .L ' odeur la plus fétide eft pour moi du rofar .",
                  "id": "1",
                  "title": "Le Baquet magnetique , comédie, en vers et en deux actes. Par Mr. P.G."
            },
            {
                  "doc_url": "https://gallica.bnf.fr/ark:/12148/bpt6k58317118",
                  "emotions": [
                        "disgust"
                  ],
                  "excerpt": "Avec le terris ; , , les tégumens s ' ouvrent eux - mêmes 8elaissent écoulerle pus formé dans k glande .Ce pus n ' est pas égal St bknc comme , celui de l ' inflammation du tissu , cellulaire ; il a une teinte grise , il a de l ' odeur , so consistance est inégale ; il porte , en un mot , k caractère qu ' on remarque dans k suppuration detoutesksglandes .- - - .",
                  "id": "2",
                  "title": "Médecine : contenant : 1° l'hygiène, 2° la pathologie, 3° la séméiotique et la nosologie, 4° la thérapeutique ou matière médicale, 5° la médecine militaire, 6° la médecine vétérinaire, 7° la médecine légale, 8° la jurisprudence de la médecine et de la pharmacie, 9° la biographie médicale.... Tome 8 / mise en ordre et publiée par M. Vicq d'Azyr [et continuée par M. Moreau (de la Sarthe)]"
            },
            {
                  "doc_url": "https://gallica.bnf.fr/ark:/12148/bpt6k58317118",
                  "emotions": [
                        "disgust",
                        "disapproval"
                  ],
                  "excerpt": "Ils savent , d ' après les travaux dès chimistes , que toutes les plantes \" amères - sont échauffantes 8c .stomachiques ; que les aromatiques sont toriiques Sc nervines ; que les sels végétaux amers sont purgatifs ; .que toutes les plantes fades 8c nauséeuses scrit laxatives ; que celles qui ont une odeur vireusc agissent fur ies nerfs .",
                  "id": "3",
                  "title": "Médecine : contenant : 1° l'hygiène, 2° la pathologie, 3° la séméiotique et la nosologie, 4° la thérapeutique ou matière médicale, 5° la médecine militaire, 6° la médecine vétérinaire, 7° la médecine légale, 8° la jurisprudence de la médecine et de la pharmacie, 9° la biographie médicale.... Tome 8 / mise en ordre et publiée par M. Vicq d'Azyr [et continuée par M. Moreau (de la Sarthe)]"
            },
            {
                  "doc_url": "https://gallica.bnf.fr/ark:/12148/bpt6k58317118",
                  "emotions": [
                        "disgust"
                  ],
                  "excerpt": "C ' est un - des remèdes les plus actifs Sc les iflus vantés , tant pour ses principes & son caractère , que pour se V .eitu stimulante , atténuante , diurétique 8c antiscorbutique .L ' infusion des feuilles dans le vin Sc l ' esprit - de - vin - produit de très - bons effets dans les maladies qui proviennent du relâchement .",
                  "id": "4",
                  "title": "Médecine : contenant : 1° l'hygiène, 2° la pathologie, 3° la séméiotique et la nosologie, 4° la thérapeutique ou matière médicale, 5° la médecine militaire, 6° la médecine vétérinaire, 7° la médecine légale, 8° la jurisprudence de la médecine et de la pharmacie, 9° la biographie médicale.... Tome 8 / mise en ordre et publiée par M. Vicq d'Azyr [et continuée par M. Moreau (de la Sarthe)]"
            },
            {
                  "doc_url": "https://gallica.bnf.fr/ark:/12148/bpt6k58317118",
                  "emotions": [
                        "disgust"
                  ],
                  "excerpt": "Dióseoride , qui présente cette racine comme jaunâtre , épaisse 8c astringente , dit qu ' on en faisoit une boisson , contre les hémorragies .Sa racine - est d ' une ' y moyenne longueur , grosse , blanche , empreinte d ' un sucre acre Se amer , qui a Todeur Sc le goût de là myrrhe .Cette - plante pousse des tiges hautes de deux à trois - pieds , rameuses , canelées 8 £ rougeâtres .",
                  "id": "5",
                  "title": "Médecine : contenant : 1° l'hygiène, 2° la pathologie, 3° la séméiotique et la nosologie, 4° la thérapeutique ou matière médicale, 5° la médecine militaire, 6° la médecine vétérinaire, 7° la médecine légale, 8° la jurisprudence de la médecine et de la pharmacie, 9° la biographie médicale.... Tome 8 / mise en ordre et publiée par M. Vicq d'Azyr [et continuée par M. Moreau (de la Sarthe)]"
            },
            {
                  "doc_url": "https://gallica.bnf.fr/ark:/12148/bpt6k58317118",
                  "emotions": [
                        "disgust",
                        "greed"
                  ],
                  "excerpt": "k plante que les botanistes désignent fous le nom de camphorata , Sc - qui croît si abondamment aux enviions de - Montpellier .Une pénéttabilité extrême , une voktilité singulière , une foi te adhérence aux menstrues huileux Sr alcooliques , sont les caractères conítaus de cette odeur , Sc les indices de fa simplicité .Quoiqu ' elle sc dissipe facilement dans l ' atmosphèie , eile contracte cependant une union si intime avec les principes résineux , queies végétaux aromatiques en conservent .",
                  "id": "6",
                  "title": "Médecine : contenant : 1° l'hygiène, 2° la pathologie, 3° la séméiotique et la nosologie, 4° la thérapeutique ou matière médicale, 5° la médecine militaire, 6° la médecine vétérinaire, 7° la médecine légale, 8° la jurisprudence de la médecine et de la pharmacie, 9° la biographie médicale.... Tome 8 / mise en ordre et publiée par M. Vicq d'Azyr [et continuée par M. Moreau (de la Sarthe)]"
            },
            {
                  "doc_url": "https://gallica.bnf.fr/ark:/12148/bpt6k58317118",
                  "emotions": [
                        "disgust"
                  ],
                  "excerpt": "Une des meilleures préparations de la confection àlkermès est celle prescrite dans4a pharmacopée de Londres , R E R - - KER jg ^ í .Eau rose , la plus odorante ..",
                  "id": "7",
                  "title": "Médecine : contenant : 1° l'hygiène, 2° la pathologie, 3° la séméiotique et la nosologie, 4° la thérapeutique ou matière médicale, 5° la médecine militaire, 6° la médecine vétérinaire, 7° la médecine légale, 8° la jurisprudence de la médecine et de la pharmacie, 9° la biographie médicale.... Tome 8 / mise en ordre et publiée par M. Vicq d'Azyr [et continuée par M. Moreau (de la Sarthe)]"
            },
            {
                  "doc_url": "https://gallica.bnf.fr/ark:/12148/bpt6k58317118",
                  "emotions": [
                        "disgust",
                        "nervousness",
                        "pain"
                  ],
                  "excerpt": ", - Parmi les magasins & les boutiques qui exhalent des odeurs fétides & nuisibles aux ouvriers qui y travaillent , cn compte celles de ceux qui font les huiles , des corroyeurs , de ceux qui font des cordes à boyaux , des bouchers , des poissonniers , des charcutiers , dus \" marchands dé fromage \" , dés chandeliers , & c .Toutes les fois qu ' on visite ces ateliers , ' on éprouve des souléyeméns d ' estomac , & \" il est difficile , lorsqu ' on n ' y est pas habitué , de supporter de pareilles odeurs , ! pendant un certain tems , fans être attaqué de mal de tête & de nausées .Ce seroit donc avec raison que lès lois défendroient à ces ouvriers d ' avoir leurs ateliers dans leurs maisons , & leur enjoindroient d ' exercer leujr état dans les .",
                  "id": "8",
                  "title": "Médecine : contenant : 1° l'hygiène, 2° la pathologie, 3° la séméiotique et la nosologie, 4° la thérapeutique ou matière médicale, 5° la médecine militaire, 6° la médecine vétérinaire, 7° la médecine légale, 8° la jurisprudence de la médecine et de la pharmacie, 9° la biographie médicale.... Tome 8 / mise en ordre et publiée par M. Vicq d'Azyr [et continuée par M. Moreau (de la Sarthe)]"
            },
            {
                  "doc_url": "https://gallica.bnf.fr/ark:/12148/bpt6k58317118",
                  "emotions": [
                        "disgust",
                        "fear",
                        "nervousness"
                  ],
                  "excerpt": "certaine quantité de fleurs , telles que des roses , des lis , des tubéreuses , du jasmin , de la violette , Sc presque toutes les autres matières odorantes .Tout le monde cónnoît une partie de ces accidens , - Sc il n ' y a personne qui ne se soit apperçu que des odeurs respirées pendant long - tems occasionnent des mmx de tête , des vertiges , des palpitations , des nausées , des convulsions , des foiblesses , 8rx .; mais tout le monde - ne fait pas que ces accidens peuvent être suivis de la mort , comme un assez grand nombre de malheureux exemples Ta prouvé aux médecins .",
                  "id": "9",
                  "title": "Médecine : contenant : 1° l'hygiène, 2° la pathologie, 3° la séméiotique et la nosologie, 4° la thérapeutique ou matière médicale, 5° la médecine militaire, 6° la médecine vétérinaire, 7° la médecine légale, 8° la jurisprudence de la médecine et de la pharmacie, 9° la biographie médicale.... Tome 8 / mise en ordre et publiée par M. Vicq d'Azyr [et continuée par M. Moreau (de la Sarthe)]"
            },
            {
                  "doc_url": "https://gallica.bnf.fr/ark:/12148/bpt6k58317118",
                  "emotions": [
                        "disgust",
                        "anger",
                        "annoyance",
                        "nervousness",
                        "pain"
                  ],
                  "excerpt": "Quelques auteurs conseillent la même décoction , mais plus - sorte , en gargarisme , pour .affermir Içs dents , les gencives , Sc arrêter Ja puanteur deja bouche des scorbutiques .Dans ces derniers cas , Içs Turcs se servent - encore - du mastic , qu ' ils croient propiç ^ à blanchir les dents Sc à rendre l ' hakine agréable .",
                  "id": "10",
                  "title": "Médecine : contenant : 1° l'hygiène, 2° la pathologie, 3° la séméiotique et la nosologie, 4° la thérapeutique ou matière médicale, 5° la médecine militaire, 6° la médecine vétérinaire, 7° la médecine légale, 8° la jurisprudence de la médecine et de la pharmacie, 9° la biographie médicale.... Tome 8 / mise en ordre et publiée par M. Vicq d'Azyr [et continuée par M. Moreau (de la Sarthe)]"
            },
            {
                  "doc_url": "https://gallica.bnf.fr/ark:/12148/bpt6k235532",
                  "emotions": [
                        "disgust",
                        "frustration"
                  ],
                  "excerpt": "Deux femmes , chezDussaussois , y sont occupées toute l ' année ; il faut les voir , noires et hideuses comme les sorcières de Macbeth , s ' accroupir autour de cette chaudière , ou , se dressant comme des fantômes , tourner avec un manche à balai toute cette graisse qui - bout .Un lampion sale et puant jette une lueur sépulcrale dans cet antre où le jour ne pénétra jamais ; une vapeur semblable à celle de la Grotte du chien asphyxie le malheureux qui tenterait de s ' y introduire .C ' est l ' enfer de l ' antiquité avec son entourage , ses hôtes hideux , ses tourbillons de fumée , et ses miasmes pesti - leatieisqui font craquer une poitrine humaine .",
                  "id": "11",
                  "title": "Paris, ou Le livre des cent et un. T. 14"
            },
            {
                  "doc_url": "https://gallica.bnf.fr/ark:/12148/bpt6k235532",
                  "emotions": [
                        "disgust",
                        "disapproval"
                  ],
                  "excerpt": "Un lampion sale et puant jette une lueur sépulcrale dans cet antre où le jour ne pénétra jamais ; une vapeur semblable à celle de la Grotte du chien asphyxie le malheureux qui tenterait de s ' y introduire .C ' est l ' enfer de l ' antiquité avec son entourage , ses hôtes hideux , ses tourbillons de fumée , et ses miasmes pesti - leatieisqui font craquer une poitrine humaine .La chaudière est chauffée non avec du bois , mais avec de gros os de cheval .",
                  "id": "12",
                  "title": "Paris, ou Le livre des cent et un. T. 14"
            },
            {
                  "doc_url": "https://gallica.bnf.fr/ark:/12148/bpt6k65093378",
                  "emotions": [
                        "sadness",
                        "disgust"
                  ],
                  "excerpt": "Elle ne regardait plus que des tableaux d ' ex - voto ou des imageries de sainteté .Elle se complaisait à la misère presque sordide des lieux et des êtres dans ces églises du Transtevere qui sentent l ' aigre d ' une crèche d ' enfants , mêlée à ces femmes guenilleuses laissant un morceau de loque sur le pavé à la place de leur prière .Elle n ' était - plus blessée par la laideur de rien .",
                  "id": "13",
                  "title": "Madame Gervaisais / Edmond et Jules de Goncourt"
            },
            {
                  "doc_url": "https://gallica.bnf.fr/ark:/12148/bpt6k731561",
                  "emotions": [
                        "disgust",
                        "frustration"
                  ],
                  "excerpt": "~ ~ oos des ergastules et des chenils d ' esclaves ? .H n ' y a pas où se tourner dans cet infâme égout sans être suabqaé par une exhalaison mé - , phitique Des académici3Ds français ayant décoché au pouvoir quelques comparaisons avec l ' empire romain , des journaux anglais eux - mêmes ont protesté pour nous .« Rome , » ont - ils dit , « était une ville de bandits et de débauchés , sans foi et sacs Dieu .",
                  "id": "14",
                  "title": "Une école catholique : discours prononcé le 8 août 1858 / par M. l'abbé Vervorst,..."
            },
            {
                  "doc_url": "https://gallica.bnf.fr/ark:/12148/bpt6k5660183q",
                  "emotions": [
                        "disgust",
                        "anger",
                        "frustration"
                  ],
                  "excerpt": "Mais moy pauure misérable , i ' ay premièrement vn mary plus âgé que mon perc ; secondement , plus çhauue qu ' vne citrouille , plus mollasse qu ' vn enfant ; ôc si ialoux qu ' il tient toute fa maison r fermée à chaines & çadenatSiL ' autre çadenatSiL ' autre ; Et moy ma soeur , il faut aussi que ie supporte vn mary tout courbé ôc s rabou - 1 ^ 8 CINQVÏESME LIVRE - gry , dé ; gouttes , Ôc qui par conséquent pratique Fort rarement k besognede Venus en mon endroit , lime luy faut souuent frotter les doigts ebrtus & c endurcis comme pierre .Ie ne fay que me bruíler ces douillettes mains en - maniant í des Fomentations puantes , des íaíes drapeaux , des vi - ; laines < emplastres Sc ^ cataplasmes u punais ; par ainsi ie ne tiens potntk qualité , ny Ie rang d ' vne femme x officieuse , mais bien d ' vne Chirurgienne ou Med ' ccinekborièuse .Or ma soeur , aduisez de quelle patience , ou plustost seruitude ( car ie vous diray franchement ce que fay furie eoáur ) vous pourrez endurer toutes ces incommoditez .",
                  "id": "15",
                  "title": "Les métamorphoses, ou L'asne d'or de L. Apulée, philosophe platonicien . Nouvellement reveues, corrigées & mises en meilleur ordre...."
            },
            {
                  "doc_url": "https://gallica.bnf.fr/ark:/12148/bpt6k5660183q",
                  "emotions": [
                        "disgust",
                        "pain",
                        "embarrassment"
                  ],
                  "excerpt": "Ainsi donc estant proche de ma mort , voyant s ' aigrir contre moy vne si grande quantité de mastins Sc de limiers , suffisans pour terrasièr 8c f des ours 8c des lyons , ie prens resolution S fur ' le champ de ne plusfuïr , mais de me retirer le plus promptement au logis d ' où Pestois party , Maiseuxayansàpeinearréstéleurschiens , m ' empoignerent ; Sc m ' attachans auec vne forte sangle contre vn chicot , m ' eussënt sans doute assommé derechef à coups de battons , si par la douleur de mes playes mon ventre estressy , tout plein de ces herbagescruds , offencé d ' vne pernicieuse Secourante \" defluxion , iettant hi ! de la fiente menue comrrie vne fluste , ie n ' eustè chassé loing de mes espaules harassées les vns en les aspergeant d ' vne orde £ c saie liqueur ; 8c .les autres les empunaisissant par } Pinfection Sc puanteur de mon excrément .Or ie ne fus pas si tost arriué au logis que le Soleil tournât desia fur lemidy , ces voleurs nous chargèrent derechef , ôc moy particulièrement plus fort qu ' à Ia première fois .",
                  "id": "16",
                  "title": "Les métamorphoses, ou L'asne d'or de L. Apulée, philosophe platonicien . Nouvellement reveues, corrigées & mises en meilleur ordre...."
            },
            {
                  "doc_url": "https://gallica.bnf.fr/ark:/12148/bpt6k5660183q",
                  "emotions": [
                        "disgust",
                        "anger",
                        "disapproval"
                  ],
                  "excerpt": "dr quelle < span style = \" color : Slategray ; \" > t < / span > entraine < span style = \" color : Slategray ; \" > k < / span > belles dents , ■ veîíquele contraireAetfoitplustostaduenir , - Pline , Solin - , dr autres , enseignent que le venin dessieleftes fait mourir les basilics ; qu ' eux auffi .tuent tes belettes par ' leur odeur , dr meurent auec eux .il y en a de deux fortes , - l ' vne saunage , l ' autre domestique , - .",
                  "id": "17",
                  "title": "Les métamorphoses, ou L'asne d'or de L. Apulée, philosophe platonicien . Nouvellement reveues, corrigées & mises en meilleur ordre...."
            },
            {
                  "doc_url": "https://gallica.bnf.fr/ark:/12148/bpt6k6417089c",
                  "emotions": [
                        "disgust"
                  ],
                  "excerpt": "— Gingembre .aromatique et de goût cuisant .Comme condiment , il figure sous les variétés de gingembre gris ou bleu , et de gingembre blanc ou jaune : la différence provient du mode de préparation , le blanc étant simplement débarrassé de son écorce grisâtre ou bleuâtre .",
                  "id": "18",
                  "title": "Les produits coloniaux d'origine végétale / Guillaume Capus,..."
            },
            {
                  "doc_url": "https://gallica.bnf.fr/ark:/12148/bpt6k61068143",
                  "emotions": [
                        "disgust"
                  ],
                  "excerpt": "La mort , des serpehs ; 3fc » ? des grenouilles , dans les , sonìaines » de St .Alban , est seffet des éxtia ^ » laisons volatiles & méphitiques r » dont ces Eaux sont imbues , & norf » pas d ' un air surabondant .• ; « Les vapeurs , , les exhalaisons de la .",
                  "id": "19",
                  "title": "Analyse et vertus des eaux minérales du Forez et de quelques autres sources . Par M. Richard de La Prade,..."
            },
            {
                  "doc_url": "https://gallica.bnf.fr/ark:/12148/bpt6k54897894",
                  "emotions": [
                        "grief",
                        "sadness",
                        "disgust",
                        "disapproval",
                        "despair",
                        "pain",
                        "frustration",
                        "disappointment"
                  ],
                  "excerpt": "la Camarde joue à la Vieillesse , une autre railleuse froide et glacée qui flétrit tout ce qu ' elle touche , l ' ennemie implacable des gencives roses , des teints fleuris , et des fraîches haleines .O les ignobles soeurs ! Comme leurs baisers sentent le cadavre ! Ne rions pas , puisque la vie n ' est qu ' une vallée de misères et de larmes .Rire quand les autres pleurent serait une insulte à l ' humanité , et malgré tout , nous l ' aimons encore , n ' est - ce pas , ami Lecteur ? n ' est - il pas vrai , Lectrice aimable ? La Pologne agonise , Venise se débat et pleure , le sang coule en Amérique ; là , à nos portes , cinq cent mille travailleurs se tordent dans les angoisses de la faim à côté d ' une aristocratie repue ; là bas , à l ' extrême Orient , la guerre civile fauche les hommes comme des épis et la famine s ' abat sur ceux qui restent ; que d ' orphelins et que de veuves ! Partout des larmes , partout des cris , partout du sang .",
                  "id": "20",
                  "title": "Le dernier misérable. Tome 1 / par Damoclès"
            }
      ]
}