{
      "articles": [
            {
                  "doc_url": "https://gallica.bnf.fr/ark:/12148/bpt6k3044095d",
                  "emotions": [
                        "disgust",
                        "frustration"
                  ],
                  "excerpt": [
                        "C ’ ell proprement un écueil , ou une montagne fort élevée fur la furface des flots , 8z f efearpée qu ’ elle eft prefqu ’ inaccelfible .AHATE ( T ) eft un arbre de médiocre grolfeur fort commun aux Indes Orientales , < k fur - tout aux îles Philippines .11 ell couvert d ' une écorce fongueufe , dont le dedans eft rouge .",
                        "Ses feuilles ont environ trois doigts de large .Il rend une fi mauvaife odeur fous l ’ ioftrument que les ouvriers cnt peine à la fupporter .Mais comme le bois eft d ' un beau grain & fort bien nuancé ; les Européens du Cap Pemployent pour leurs meubles y & l ’ odeur fe diffipe avec le temps ."
                  ],
                  "id": "1",
                  "title": "Dictionnaire des voyages, contenant ce qu'il y a de plus remarquable, de plus utile, & de mieux avéré, dans les pays où les voyageurs ont pénétré : touchant leur situation, leur étendue, leurs limites, leur climat... avec les moeurs et les usages des habitans, leur religion... &c.. I. A-B"
            },
            {
                  "doc_url": "https://gallica.bnf.fr/ark:/12148/bpt6k64818666",
                  "emotions": [
                        "disgust",
                        "annoyance"
                  ],
                  "excerpt": ") Boyaudiers .Odeur très désagréable et insalubre .— ( 15 octobre 1810 .",
                  "id": "2",
                  "title": "Hygiène publique / travaux... résumés par Évariste Thévenin,... ; Conseil de salubrité de la Seine"
            },
            {
                  "doc_url": "https://gallica.bnf.fr/ark:/12148/bpt6k9759980t",
                  "emotions": [
                        "disgust"
                  ],
                  "excerpt": "J ' examen ; ce puits étant vuidé , il Celtrouva que l ' eau provenoit de deux sources inégalement hautes , dont l ' une avoit fourni auparavant l ' eau d ' un autre puits que l ' on croyoit sulfureuse , & l ' autre devoit être la nitreuse .La premiete n ' etoit sulfureuse ' que par une mauvaise odeur de bourbe , commune à tous les puits qu ' on écure ; mais le prétendu nitre de la seconde méritoit plus d ' examen ; toutes les épreuves que fit M .Geoffroy n ' en découvrirent cependant point , mais seulement un acide vitriolique , que cette eau avoic pris apparemment dans quelque banc de glaise sur lequel elle avoit séjourné , ou coulé du moins assez lentement ; cet acide s ' étoit uni pour la plus grande partie à une substance terreuse & gypseuse , sélon qu ' il est rapporté dans l ' Histoire de l ' Académie Royale des Sciences , & il s ' en étoit formé des crystaux de sélénite qui se trou - Yoient effectivement dans cette eau , & qu ' on avoit pris pour des crystaux Calins & nitreux , Comme cette même eau précipitait la dissolution de mercure en turbirh , c ' étoit Li , ajoute l ' Historien de l ' Académie , un effet de la portion d ' acide vitriolique qui étoit demeurée libre , & ne s ' étoit point engagée dans de la terre ou dugypsej on reconnoissoit par l ' épreuve de la noix de galle que l ' acide vitriolique n ' avoit point attaqué de parties ferrugineuses ; enfin par toutes ces différentes épreuves & toutes les reflexions de M .",
                  "id": "3",
                  "title": "Dictionnaire minéralogique et hydraulogique.... Tome 1"
            },
            {
                  "doc_url": "https://gallica.bnf.fr/ark:/12148/bpt6k9822799g",
                  "emotions": [
                        "disgust"
                  ],
                  "excerpt": "Le véritable moyen de prévenir toutes sortes de méprises dans l ' usage des champignons , et par conséquent d ' accidens fâcheux , serait peut - être de les manger tels que la nature nous les présente .En effet , les espèces insalubres ayant toujours , dans leur état naturel , un goût désagréable et souvent une odeur repoussante , qui nous avertissent de nous en défier , ces espèces rebuteraient bientôt si l ' on voulait les manger crues .C ' est l ' art seul des cuisiniers qui nous empoisonne : cependant , comme cet art sert à multiplier et à varier nos jouissances , on aura toujours recours à lui ; il est d ' ailleurs des champignons auxquels la cuisson est nécessaire pour qu ' on puisse les manger avec plaisir ou sans inconvénient : tels sont l ' agaric acre , l ' agaric engaîné , l ' agaric rougeâtre , le bo - let rude , le bolet orangé , le bolet hépatique , le mérule chanterelle et quelques autres .",
                  "id": "4",
                  "title": "Guide de l'amateur de champignons, ou Précis de l'histoire des champignons alimentaires, vénéreux, et employés dans les arts, qui croissent sur le sol de la France ... Par F.-S. Cordier,..."
            },
            {
                  "doc_url": "https://gallica.bnf.fr/ark:/12148/bpt6k938780p",
                  "emotions": [
                        "disgust",
                        "disappointment"
                  ],
                  "excerpt": "L ’ odeur du Sagapénum a quelque chose d ’ alliacé ; elle est plus marquée que celle du galbanum et moins sensible que celle de l ’ assa - fœtida .Il a une saveur âcre et amère .Le Sagapénum est soluble en grande partie dans les huiles et les graisses , et plus soluble dans l ’ eau que dans l ’ alcool .",
                  "id": "5",
                  "title": "Manuel du négociant pour la connaissance des marchandises, ou Traité précis des diverses productions du globe répandues dans le commerce... suivi d'un vocabulaire raisonné de termes employés dans le commerce et des tares et usages pour les marchandises sur la place du Havre, par Éd. Duboc"
            },
            {
                  "doc_url": "https://gallica.bnf.fr/ark:/12148/bpt6k57466971",
                  "emotions": [
                        "disgust"
                  ],
                  "excerpt": "FERUNASSOi s * f .Très - forte odeur de sauvagine .— SYN .",
                  "id": "6",
                  "title": "Dictionnaire des idiomes romans du midi de la France : comprenant les dialectes du Haut et du Bas-Languedoc, de la Provence, de la Gascogne, du Béarn, du Querci, du Rouergue, du Limousin, du Bas-Limousin, du Dauphiné, etc.. Tome 2 / par Gabriel Azaïs"
            },
            {
                  "doc_url": "https://gallica.bnf.fr/ark:/12148/bpt6k96402929",
                  "emotions": [
                        "disgust"
                  ],
                  "excerpt": "La bétoine est une plante vivace et à fleur rougeâtre .Elle a une odeur pénétrante , et même enivrante , à ce qu ' on prétend .D .",
                  "id": "7",
                  "title": "Élémens de l'histoire naturelle, extraits de Buffon, Valmont, Bomare, Pluche, Raff et plusieurs autres naturalistes modernes ... Dédié à la jeunesse par A. Bertin. Deuxième édition"
            },
            {
                  "doc_url": "https://gallica.bnf.fr/ark:/12148/bpt6k64818666",
                  "emotions": [
                        "disgust",
                        "annoyance"
                  ],
                  "excerpt": ") Fromages ( Dépôts de ) .Odeur très désagréable .— ( 14 janvier 1815 ) .",
                  "id": "8",
                  "title": "Hygiène publique / travaux... résumés par Évariste Thévenin,... ; Conseil de salubrité de la Seine"
            },
            {
                  "doc_url": "https://gallica.bnf.fr/ark:/12148/bpt6k6149204p",
                  "emotions": [
                        "disgust",
                        "relief",
                        "amusement"
                  ],
                  "excerpt": "Suivant leur nature les odeurs agissent comme matières médicamentaires .Suaves et aromatiques elles sont excitantes , relèvent les forces abattues , en agissant sur les nerfs ; suaves et douces elles font éprouver une hilarité momentanée ; répugnantes elles peuvent déterminer le vomissement .Certaines odeurs ont une action plus directe sur les organes de la génération et justifient l ' emploi que l ' on fait de l ' Ambrette ou graine d ' Hibiscus abelmoschus pour les oiseaux de volière .",
                  "id": "9",
                  "title": "Traité général de botanique, par A.-N. Desvaux,..."
            },
            {
                  "doc_url": "https://gallica.bnf.fr/ark:/12148/bpt6k938780p",
                  "emotions": [
                        "disgust"
                  ],
                  "excerpt": "Ce suc est de couleur brune , sec et brillant dans sa cassure , étant surtout de bonne qualité .Odeur forte et vireuse ; saveur amère et nauséabonde .Il se dissout dans l ’ eau , en laissant un résidu formé des matières étrangères dont il était mêlé ; il se ramollit par la chaleur et il brûle avec flamme sur des charbons ardents .",
                  "id": "10",
                  "title": "Manuel du négociant pour la connaissance des marchandises, ou Traité précis des diverses productions du globe répandues dans le commerce... suivi d'un vocabulaire raisonné de termes employés dans le commerce et des tares et usages pour les marchandises sur la place du Havre, par Éd. Duboc"
            },
            {
                  "doc_url": "https://gallica.bnf.fr/ark:/12148/bpt6k90373v",
                  "emotions": [
                        "disgust",
                        "annoyance"
                  ],
                  "excerpt": "On la prépare en distillant à sec t ' acïde pynmtdinccarboBiqae .C ' est un corps sotide fusible & M \" , bouillant & 124 \" sous 762 \" d ' odeur opiacée .Il est soluble dans t ' eau et ne possède pas de réaction alcaline .",
                  "id": "11",
                  "title": "Traité de chimie organique d'après les théories modernes. Tome 2 / par Auguste Béhal,... et Amand Valeur,... ; précédé d'une préface de Charles Friedel"
            },
            {
                  "doc_url": "https://gallica.bnf.fr/ark:/12148/bpt6k5457822v",
                  "emotions": [
                        "disgust"
                  ],
                  "excerpt": "Avec addition d ' esprit de vin , la solution aqueuse , file légèrement sans se coaguler à la chaleur , ce mélange s ' évapore comme le précédent , en laissau de IrëS ' petits grumeaux gris .Cette substance médullaire se cuit , sans couler comme de la graisse , et prend l ' apparence d ' un ris de veau rôti : elle a une odeur de viande cuite qui n ' est point désagréable .Jeté dans l ' esprit de vin , le fongus médullaire n ' y subit aucun changement apparent ; agité , il s ' y ; jdjvioe eu fHamens .",
                  "id": "12",
                  "title": "Mémoire sur les fongus médullaire et hématode"
            },
            {
                  "doc_url": "https://gallica.bnf.fr/ark:/12148/bpt6k57466971",
                  "emotions": [
                        "disgust",
                        "boredom",
                        "indifference"
                  ],
                  "excerpt": "f .Faguenas , odeur fade et mauvaise sortant d ' un corps malpropre et malsain .FREGUI , ilÉARN .",
                  "id": "13",
                  "title": "Dictionnaire des idiomes romans du midi de la France : comprenant les dialectes du Haut et du Bas-Languedoc, de la Provence, de la Gascogne, du Béarn, du Querci, du Rouergue, du Limousin, du Bas-Limousin, du Dauphiné, etc.. Tome 2 / par Gabriel Azaïs"
            },
            {
                  "doc_url": "https://gallica.bnf.fr/ark:/12148/bpt6k5407004s",
                  "emotions": [
                        "disgust"
                  ],
                  "excerpt": "Couleur Rouge brun Rouge vermeil .Odeur Faible Forte .Température 3i ° R .",
                  "id": "14",
                  "title": "Connaissance physique et morale de l'homme, ou Manuel d'anatomie-physiologique avec des règles d'hygiène à l'usage des gens du monde / par E. A. B., docteur-médecin, auteur du \"Buchan français (É.-A. Bégin)"
            },
            {
                  "doc_url": "https://gallica.bnf.fr/ark:/12148/bpt6k91877v",
                  "emotions": [
                        "disgust"
                  ],
                  "excerpt": "L ' eau qui distttie est ! t ) s ! px ! e , très putreK ' iUc ctevee & 60 degrés , elle devient i ! uidc .Si on la tatsse réfroid ' t ' , elle reprend sa consistauce ferme ; si l ' on commue la distillation , elle exhale une odeur tres ~ ttde , elle donne une eauam - moniacate , un peu d ' bulfe , et da car ! x ) nate d ' amunouiaque .Le charbon en est dur , difac ! le a tacinérer .",
                  "id": "15",
                  "title": "Cours élémentaire théorique et pratique de pharmacie chimique ou Manuel du pharmacien-chimiste. Tome 2 / , par Simon Morelot,..."
            },
            {
                  "doc_url": "https://gallica.bnf.fr/ark:/12148/bpt6k203883k",
                  "emotions": [
                        "disgust"
                  ],
                  "excerpt": "Les Baleines vivent comme les Poissons et respirent comme les Quadrupèdes .On dit que le souffle de ces animaux exhale une odeur insupportable , putride et presque cadavéreuse .Est - il vrai qu ' on les entend ronfler de loin ' ? Ce doit être un bien épouvantable ronflement ) 1 existe , dans le musée de la Faculté de médecine de Paris , une tranche verticale du plus grand vaisseau d ' une Baleine ( l ' aor / e ) .",
                  "id": "16",
                  "title": "Le monde de la mer / par Alfred Frédol ; illustré de 21 planches sur acier tirées en couleur et de 200 vignettes sur bois dessinées pat P. Lackerbauer"
            },
            {
                  "doc_url": "https://gallica.bnf.fr/ark:/12148/bpt6k3079850z",
                  "emotions": [
                        "disgust"
                  ],
                  "excerpt": "La fièvre s ’ établit le même foir de cette fécondé évacuation par un léger friffon ; le fcrotum , du côté du fiège de l ’ hydrocèle , fê gonfla prodigieufement & devint très - dur , mais ces accidens déclinèrent au commencement du troisième jour ; l ’ efcarre formée par le cauftique tomba le fixième , l ’ intérieur du kyfte fournit enfuite jufqu ’ au quinzième une fuppuration afTez abondante pour exiger quatre panfemens dans l ’ efpace de vingt - quatre heures , & à plufieurs re - prifes elle détacha des lambeaux afTez larges de la tunique vaginale , qui n ’ avoient pas pu fe fondre & fuppurer à raifon de la confiftance prefque cartilagineufe , qui lui étoit particulière dans certains points de Ton étendue .L ’ afToiblifTement des forces de ce malade , effet inévitable de l ’ abondance de la fuppuration , le dégoût naturel qu ’ il eut pour la nourriture ? & qu ’ il eût été très - imprudent ( M9 ' ) de vaincre , parce que la fièvre , qui fuivit levacuation des eaux , avoit développé des lignes évidens d ’ une faburre bilieufé dans les premières voies ; les qualités vicieufes du pus , qui fut conftamment putride & nau - .féabonde , m ’ obligerent d ’ afTocier au traitement de la plaie , qui confifla dans l ’ ufage de l ’ emplâtre Canet , des injeéKons d ’ eau d ’ orge miellée , & dans l ’ application de comprefTes imbibées d ’ eau vulnéraire fpi - ritueufe fur les bourfes ; d ’ affocier , dis - je , l ’ adminiflration des lavemens purgatifs , des bols compofés avec l ’ extrait de kina & de camphre , d ’ exigerle repos dans le lit , & de ne nourrir le malade qu ’ avec des crèmes de riz & quelques légers bouillons de viande .",
                  "id": "17",
                  "title": "Cure radicale de l'hydrocèle par le caustique , par André Dussausoy,..."
            },
            {
                  "doc_url": "https://gallica.bnf.fr/ark:/12148/bpt6k930549w",
                  "emotions": [
                        "disgust",
                        "annoyance"
                  ],
                  "excerpt": "Les tourteaux rances doivent donc être de préférence employés comme engrais .La viande de bétail nourri avec des tourteaux rances acquiert un goût excessivement , désagréable .La viande des porcs nourris avec des grignons d ’ olives est presque immangeable .",
                  "id": "18",
                  "title": "Fabrication et raffinage des huiles végétales : manuel à l'usage des fabricants, raffineurs, courtiers et négociants en huiles (3e édition entièrement refondue) / par J. Fritsch,..."
            },
            {
                  "doc_url": "https://gallica.bnf.fr/ark:/12148/bpt6k58326525",
                  "emotions": [
                        "disgust"
                  ],
                  "excerpt": "Malgré leur lourdeur apparente , ils gravissent avec beaucoup d ' agilité les rochers , où ils aiment à aller paître les bourgeons de plantes alpines .Leur chair a quelque analogie de goût avec celle des l ' élan , mais elle exhale une forte odeur de musc qui la rend détestable pom > le ? rp \" Çrjs » nnes qui n ' y sont pas accoutumées .' / AS ^ > ^ xX Enclos des Chèvres et Moutons d ' Islande près de la fosse aux Ours .",
                  "id": "19",
                  "title": "Le Panthéon populaire illustré. 3e série, livraisons 41-59, Le jardin des plantes : description et moeurs des mammifères de la ménagerie et du Muséum d'histoire naturelle / par M. Boitard ; précédé d'une introduction historique, descriptive et pittoresque par M. J. Janin"
            },
            {
                  "doc_url": "https://gallica.bnf.fr/ark:/12148/bpt6k938780p",
                  "emotions": [
                        "disgust"
                  ],
                  "excerpt": "C ’ est l ’ espèce de Séné la plus employée .Odeur forte et nauséabonde quant aux folioles .Folioles ovales , lancéolées , aiguës , douces au toucher .",
                  "id": "20",
                  "title": "Manuel du négociant pour la connaissance des marchandises, ou Traité précis des diverses productions du globe répandues dans le commerce... suivi d'un vocabulaire raisonné de termes employés dans le commerce et des tares et usages pour les marchandises sur la place du Havre, par Éd. Duboc"
            }
      ]
}