{
      "articles": [
            {
                  "doc_url": "https://gallica.bnf.fr/ark:/12148/bpt6k623653",
                  "emotions": [
                        "disgust",
                        "anger"
                  ],
                  "excerpt": "Je mêlai de Ja pou ~ ~ re de charbon avec du foufre & diftUIai dans une veMlevuide .J ' obtins d ' abord de l ' Air cortempu aprés quoi je fubâituai une autre veNIe , & renforçai le Feu ce qui me pro ' duifit un Air puant de foutre , parfaiteïnent pareil aux précédens .Pour voir fi le foufre rburnifïbic cette efpèce d ' Air avec la feule chaleur , aint ! que cette même chaleur combinée avec le phlogi & ique , produit l ' Air inflammable , je mis un morceau de foufre dans une cornue , à laquelle j ' adaptai une vefÏ ! e , & f entretins le foufre , pendant une demi - heure , en ~ btte ébullition .",
                  "id": "1",
                  "title": "Traité chimique de l'air et du feu, par Charles-Guillaume Scheele, membre de l'Académie royale des sciences de Suède ; avec une introduction de Torbern Bergmann, professeur de chimie & de pharmacie, écuyer, membre de plusieurs académies : ouvrage traduit de l'allemand, par le baron de Dietrich, secrétaire-général des Suisses & Grisons, membre du corps de la noblesse immédiate de la Basse Alsace, correspondant de l'Académie royale des sciences"
            },
            {
                  "doc_url": "https://gallica.bnf.fr/ark:/12148/bpt6k6470554c",
                  "emotions": [
                        "disgust"
                  ],
                  "excerpt": "En traitant les matières fécales par l ' acide phénique à la dose de 10 grammes par litre , on n ' obtient , au bout de 24 heures , qu ' une stérilisation très incomplète ( VINCENT ) .L ' acide phénique a d ' ailleurs une odeur assez , désagréable et son prix est assez élevé ; l ' acide phénique impur se vend , pris en gros , 0 fr .40 le kilogr .",
                  "id": "2",
                  "title": "Traité d'hygiène militaire, par A. Laveran,..."
            },
            {
                  "doc_url": "https://gallica.bnf.fr/ark:/12148/bpt6k5829081q",
                  "emotions": [
                        "disgust",
                        "nervousness",
                        "pain"
                  ],
                  "excerpt": "• Quant à ses propriétés , ce sont encore celles de l ' anis et du fenouil , sauf que son odeur est - moins agréable .Ses semences sont stomachiques , antiventeuses ; .on les considère aussi comme - propres à augmenter le lait des nourrices ; enfin on leur accorde : une légère action narcotique qui ne jouerait pas le moindre rôle dans leurs succès contre les coliques , les vomissements , le hoquet .",
                  "id": "3",
                  "title": "Traité des plantes médicinales indigènes, précédé d'un Cours de botanique, par Antonin Bossu..."
            },
            {
                  "doc_url": "https://gallica.bnf.fr/ark:/12148/bpt6k6307613s",
                  "emotions": [
                        "disgust"
                  ],
                  "excerpt": "pousse une fige nue , & des feuilles surcomposées , blanches & cotonneuses .Cette racine a un goût aromatique & rrèsâcre ; elle fait couler la salive lorsqu ' on en met dans la bouche ; ce qui fait qu ' on l ' emploie comme sâlivaire pour soulager dans les .maux de dents © ccafionnés par des fluxions .",
                  "id": "4",
                  "title": "Dictionnaire encyclopédique de botanique . Par M. le chevalier de Lamarck,.. Tome premier"
            },
            {
                  "doc_url": "https://gallica.bnf.fr/ark:/12148/bpt6k9800535p",
                  "emotions": [
                        "disgust"
                  ],
                  "excerpt": "Le petit de cette espèce d ' animaux se nomme chevreau .La chair de chèvre est indigeste , celle du bouc conserve l ' odeur désagréable qu ' il exhale et un goût aussi détestable ; mais on tire de ces animaux le meilleur suif qu ' on connaisse pour faire des chandelles ; leur peau est très - utile pour les arts ; elle entre dans le commerce des cuirs ; les maroquiniers , chamoiseuis et Inégissiers , la préparent de différentes manières ; les peaux de chèvres de Corse égalent en beauté celles du Levant , pour être préparées en maroquins .Le lait de chèvre est plus sain et meilleur que le lait de la brebis ; il est d ' usage en médecine et tient le milieu entre le lait de vache et celui d ' ânesse , il a moins de consistance que le premier et moins de sérosité que le second .",
                  "id": "5",
                  "title": "La petite maison rustique, ou Cours théorique et pratique d'agriculture, d'économie rurale et domestique.... Tome 2"
            },
            {
                  "doc_url": "https://gallica.bnf.fr/ark:/12148/bpt6k5829081q",
                  "emotions": [
                        "disgust"
                  ],
                  "excerpt": "Propriétés .L ' Ortie puante exhale en effet une odeur désagréable , qui disparaît presque tout - à - fait après la dessiccation .Dans les campagnes on la considère comme propre à pousser les urines et les règles .",
                  "id": "6",
                  "title": "Traité des plantes médicinales indigènes, précédé d'un Cours de botanique, par Antonin Bossu..."
            },
            {
                  "doc_url": "https://gallica.bnf.fr/ark:/12148/bpt6k56207272",
                  "emotions": [
                        "disgust"
                  ],
                  "excerpt": "Elles sont dans les quartiers les plus retirés , bas , humides , étroits .Si l ' on pénètre dans ces chambres , une odeur acre prend à la gorge : le sol en est humide .Les meubles consistent en un mauvais lit dur , avec une mauvaise paillasse , sans matelas , sans draps , ou , s ' il en existe , ils sont déchirés , sales , lavés tous les trois on quatre mois , et la misère est quelquefois si grande qu ' il n ' y a qu ' une paire de draps ; quand elle est au blanchissage , les ouvriers couchent abrités seulement par une méchante couverture .",
                  "id": "7",
                  "title": "Recrutement de l'armée, contingent de la classe de 1840. Département du Nord. Année 1841. Rapport adressé à M. le préfet du Nord sur les opérations du Conseil de revision pendant l'année 1841, rapport dans lequel sont examinées les causes de détérioration des hommes dans les villes de fabriques ; suivi de quelques considérations sur les maladies qui entraînent la réforme, par le Dr Cazeneuve,..."
            },
            {
                  "doc_url": "https://gallica.bnf.fr/ark:/12148/bpt6k5829081q",
                  "emotions": [
                        "disgust"
                  ],
                  "excerpt": "- Propriétés , usages .La Matricaire répand une odeur aromatique forte , désagréable , et sa saveur , est amère - piquante très prononcée ^ C ' est un médicament tout àla fois tonique , fébri - .fuge , stimulant - antispasmodique , emménagogue , àntiventeux .",
                  "id": "8",
                  "title": "Traité des plantes médicinales indigènes, précédé d'un Cours de botanique, par Antonin Bossu..."
            },
            {
                  "doc_url": "https://gallica.bnf.fr/ark:/12148/bpt6k6307613s",
                  "emotions": [
                        "disgust"
                  ],
                  "excerpt": "53 .Vulgairement le Domptevenin , Sa racine est blanche - , rameuse , composée de beaucoup de fibres menues , d ' un goût désagréable , & d ' une odeur assez forte & nauséeuse .Elle pouffe des tiges droites , foibles , cylindriques , simples , très - flexibles , & hautes de deux piedsCes tîges font munies dans prefquc ta : te leur longueur de feuilles opposées , ovales - poinmfs , un peu en cœur à leur bafe , portées sur de courtspétioles , vertes & lisses en - dessus , un peu velues & comme ciliées en leurs bords ainii que sur Iturs nervures postérieures , & vont en diminuant de grandeur vers le Commet de la plante .",
                  "id": "9",
                  "title": "Dictionnaire encyclopédique de botanique . Par M. le chevalier de Lamarck,.. Tome premier"
            },
            {
                  "doc_url": "https://gallica.bnf.fr/ark:/12148/bpt6k64369355",
                  "emotions": [
                        "disgust"
                  ],
                  "excerpt": "m .Minéral jaune , odorant , inflammable .— SOUFRE , s , nt ( id .",
                  "id": "10",
                  "title": "Les Homonymes et les homographes de la langue française, ou Traités et dictionnaires complets des mots qui ont une seule prononciation avec plusieurs orthographes, et des mots qui ont une seule orthographe avec plusieurs prononciations, par F. Dégardin,..."
            },
            {
                  "doc_url": "https://gallica.bnf.fr/ark:/12148/bpt6k8630629f",
                  "emotions": [
                        "surprise",
                        "disgust",
                        "fear",
                        "nervousness",
                        "pain",
                        "embarrassment"
                  ],
                  "excerpt": "Il se mit devant une glace et se regarda avec une intensité effrayante : cette perfection disparate , composée de beautés qui ne se trouvent pas ordinairement ensemble , le faisait plus que jamais ressembler à l ' archange déchu , et rayonnait sinistrement dans le fond noir du miroir ; les fibrilles de ses prunelles se tordaient comme des vipères convulsives ; ses sourcils vibraient pareils à l ' arc d ' où vient de s ' échapper la flèche mortelle ; la ride blanche de son front faisait penser à la cicatrice d ' un coup de foudre , et dans ses cheveux rutilants paraissaient flamber des flammes infernales ; la pâleur marmoréenne de la peau donnait encore plus de relief à chaque trait de cette physionomie vraiment terrible .Paul se fit peur à lui - même : il lui semblait que les effluves de ses yeux , renvoyées par le miroir , lui revenaient en dards empoisonnés : figurez - vous Méduse regardant sa tête horrible et charmante dans le fauve reflet d ' un bouclier d ' airain .L ' on nous objectera peut - être qu ' il est difficile de croire qu ' un jeune homme du monde , imbu de la science moderne , ayant vécu au milieu du scepticisme de la civilisation , ait pu prendre au sérieux un préjugé populaire , et s ' imaginer être doué fatalement d ' une malfaisance mystérieuse .",
                  "id": "11",
                  "title": "Jettatura, par Théophile Gautier. Édition spéciale pour la France..."
            },
            {
                  "doc_url": "https://gallica.bnf.fr/ark:/12148/bpt6k9765975j",
                  "emotions": [
                        "disgust"
                  ],
                  "excerpt": "Anorexie .L ' haleine exhale odeur aigrelette particulière , et les urinès , où se retrouve cette même odeur , prennent avec perchlorure de fer une coloration rouge Bourgogne des plus caractéristiques .Au tournesol , leur réaction est franchement acide .",
                  "id": "12",
                  "title": "Contribution à l'étude de la pathogénie et du traitement du coma diabétique : thèse présentée à la Faculté de médecine... / par A. Bigeard,..."
            },
            {
                  "doc_url": "https://gallica.bnf.fr/ark:/12148/bpt6k57741325",
                  "emotions": [
                        "disgust"
                  ],
                  "excerpt": "Elle est peu soluble dans l ' eau ; l ' alcool la dissout aisément , l ' éther la dissout moins .Évaporées à l ' air , les solutions s ' altèrent en partie , et prennent une odeur nauséabonde .Elle est fort alcaline .",
                  "id": "13",
                  "title": "Précis de chimie organique. Tome 2 / par M. Charles Gerhardt,..."
            },
            {
                  "doc_url": "https://gallica.bnf.fr/ark:/12148/bpt6k148918h",
                  "emotions": [
                        "disgust",
                        "gratitude",
                        "doubt"
                  ],
                  "excerpt": "allons ! vite une batterie ! Et vous faites pleuvoir une mitraille amie .Je ne sais rien , d ’ honneur 1 dont l ’ effet soit plus prompt Que celui d ’ un métal aussi nauséabond .Souriez à propos , faites bien la courbette .",
                  "id": "14",
                  "title": "Les Faux Dieux, comédie en 3 actes et en vers, par G. Reignier"
            },
            {
                  "doc_url": "https://gallica.bnf.fr/ark:/12148/bpt6k1162332p",
                  "emotions": [
                        "disgust",
                        "doubt",
                        "faith"
                  ],
                  "excerpt": "Elle sourit , poupon , Et puis gronde , froissée .Se croyant caressée Par son vilain barbon : — Vous filtre ? un arôme Qui n ’ a rien de divin .Serie ? - vous pris de vin ? — Non , dit - il , j ’ suis prix d ’ Rome LE CHARMEUR .",
                  "id": "15",
                  "title": "Le Charme : photographies d'après nature"
            },
            {
                  "doc_url": "https://gallica.bnf.fr/ark:/12148/bpt6k1182739h",
                  "emotions": [
                        "disgust",
                        "pain"
                  ],
                  "excerpt": "Çà et là , des pans de muraille prêts à s ’ écrouler , des carcasses carbonisées de vaches ou de chevaux , d ’ êtres humains peut - être ; car on ne distinguait plus la forme de ces squelettes calcinés et ratatinés .Et de ces chairs brûlées , de ces fourrages encore fumants , il s ’ exhalait une puanteur âcre qui prenait à la gorge .Quelques rares habitants , la pioche à la main , fouillaient au milieu des décombres , retournant , éparpillant ce qui avait été leur maison , cherchant , parmi ces détritus , soit les restes d ’ êtres chers ensevelis et brûlés , soit des effets , des meubles , leur seule richesse , anéantie .",
                  "id": "16",
                  "title": "Chair à canon, par M. L. Gagneur"
            },
            {
                  "doc_url": "https://gallica.bnf.fr/ark:/12148/bpt6k96200158",
                  "emotions": [
                        "disgust"
                  ],
                  "excerpt": "Elle hauffe , s ' agglomère en masses solides , et offre une odeur elette .Bientôt succède la fermentation putride , alors elle se moufle , se prend en grosses masses et exhale une odeur trèsible de pourri .4U FROME ET - DE L ' ÉPEAUTRE .",
                  "id": "17",
                  "title": "Cours d'hippiatrique militaire, par S. Verheyen,..."
            },
            {
                  "doc_url": "https://gallica.bnf.fr/ark:/12148/bpt6k5829081q",
                  "emotions": [
                        "disgust"
                  ],
                  "excerpt": "Propriétés , doses .La Tanaisie est d ' une odeur forte dans toutes ses parties , d ' une saveur nauséeuse très amère .C ' est un tonique , excitant , qui passe pour vermifuge , fébrifuge , antispasmodique et emménagogue , etc .",
                  "id": "18",
                  "title": "Traité des plantes médicinales indigènes, précédé d'un Cours de botanique, par Antonin Bossu..."
            },
            {
                  "doc_url": "https://gallica.bnf.fr/ark:/12148/bpt6k5773918b",
                  "emotions": [
                        "disgust",
                        "relief",
                        "gratitude",
                        "approval"
                  ],
                  "excerpt": "Je touche au terme de mon ouvrage .Jeunesse reconnaissante , donne - moi la palme et ceins mon front du myrte odorant .Autant Podalire s ' illustra chez les Grecs clans l ' art de guérir , Pyrrhus par sa valeur , Nestor par sa prudence ; autant Calchas fut habile à prédire l ' avenir , Télamon à manier les armes , Automédon à conduire un char ; autant je serai fameux dans l ' art d ' aimer .",
                  "id": "19",
                  "title": "Oeuvres complètes d'Ovide. Tome 3 / traduction nouvelle par MM. Th. Burette, N. Caresme, Chappuyzi, J.-P. Charpentier, Gros, Héguin de Guerle, Mangeart, Vernadé,..."
            },
            {
                  "doc_url": "https://gallica.bnf.fr/ark:/12148/bpt6k57741325",
                  "emotions": [
                        "disgust"
                  ],
                  "excerpt": "Il fond à 50 ° , bout à environ 300 ° , et distille sans altération .Son odeur est forte et désagréable , sa saveur est amère et piquante .Il est presque insoluble dans l ' eau , ( 1 ) M .",
                  "id": "20",
                  "title": "Précis de chimie organique. Tome 2 / par M. Charles Gerhardt,..."
            }
      ]
}