{
      "articles": [
            {
                  "doc_url": "https://gallica.bnf.fr/ark:/12148/bpt6k9794038p",
                  "emotions": [
                        "disgust"
                  ],
                  "excerpt": "— Vins à goût de terroir , de fût , de bois vert , de bouchon , de moisi , à goût huileux , à goût de mélasse , à goût d ' eau croupie , à goût d ' anis , d ' absinthe , de térébenthine , etc ., à goût de soufre , à odeur fétide .— Vin gelé .",
                  "id": "1",
                  "title": "Traité pratique des vins, cidres, spiritueux & vinaigres / publié sous la direction de M. Paul Le Sourd ; avec la collaboration de MM. J. Desclozeaux, A.-M. Desmoulins,... de M. Ed. Delle,... de M. H. Ferrand,... et de nombreux oenologues et viticulteurs..."
            },
            {
                  "doc_url": "https://gallica.bnf.fr/ark:/12148/bpt6k6138512p",
                  "emotions": [
                        "disgust"
                  ],
                  "excerpt": "L ' eau oxygénée , si elle n ' a pas , dans ce cas , une action plus efficace , a du moins ce mérite de ne pas posséder l ' odeur désagréable de l ' acide phénique et d ' être , par conséquent , beaucoup mieux supportée par les malades .Il arrive souvent , en effet , dans les hôpitaux d ' enfants , qu ' après être parvenu à faire ouvrir la bouche d ' un petit malade et à lui faire une injection dans la bouche et dans la gorge , il éprouve une si grande répugnance pour le goût extrêmement désagréable des solutions phéniquées , qu ' il est désormais impossible de continuer ce mode de médication .Avec l ' eau oxygénée , on n ' aura , du moins , à lutter que contre la mauvaise volonté de certains enfants ; le plus grand nombre , après une première expérience , se soumettra facilement au traitement ( 1 ) .",
                  "id": "2",
                  "title": "L'Eau oxygénée, son emploi en chirurgie, par le Dr L. Larrivé"
            },
            {
                  "doc_url": "https://gallica.bnf.fr/ark:/12148/bpt6k5744073x",
                  "emotions": [
                        "disgust"
                  ],
                  "excerpt": "Après avoir appliqué le spéculum et débarrassé , avec un bourdonnet de charpie , le col utérin des sécrétions qui le recouvrent , je constatai une vive rougeur de tout cet organe et des granulations nombreuses qui occupaient les deux lèvres et la cavité du col .Cet écoulement avait une odeur repoussante , mais qui cependant n ' était pas celle du cancer .Je rassurai cette dame sur la gravité de sa maladie , et lui assurai sa guérison dans l ' espace de trois mois .",
                  "id": "3",
                  "title": "Traité pratique des maladies des voies urinaires et des organes générateurs de l'homme et de la femme, par le Dr É. Jozan de St-André..."
            },
            {
                  "doc_url": "https://gallica.bnf.fr/ark:/12148/bpt6k58075833",
                  "emotions": [
                        "disgust",
                        "disapproval"
                  ],
                  "excerpt": ") , chaque fois qu ' il existe dans le vagin de larges surfaces dénudées .Odeur désagréable et difficilement acceptée par les gens du monde .Cette odeur , au contact d ' écoulements fétides , ne fait que prendre un caractère beaucoup plus désagréable .",
                  "id": "4",
                  "title": "De l'Action antiseptique du sulfate de cuivre en obstétrique, prophylaxie et thérapeutique des accidents infectieux des suites de couches, par J. Marry,..."
            },
            {
                  "doc_url": "https://gallica.bnf.fr/ark:/12148/bpt6k6527992g",
                  "emotions": [
                        "disgust"
                  ],
                  "excerpt": "On sait que cet animal possède une sécrétion des plus répugnantes qu ' il a la faculté de lancer sur ses ennemis , et qui le protège efficacement contre toute attaque .L ' odeur de cette substance est si pénétrante , qu ' elle corrompt et empeste tout ce qu ' elle touche , ou tout ce qui l ' approche .Les provisions , dans le voisinage de la mouffette , prennent un goût insupportable , et les vêtements qui en sont saturés en gardent l ' odeur pendant plusieurs semaines , même si on les lave et les sèche à plusieurs reprises .",
                  "id": "5",
                  "title": "Le Darwinisme : exposé de la théorie de la sélection naturelle avec quelques-unes de ses applications / par Alfred Russel Wallace ; traduction française... par Henry de Varigny,..."
            },
            {
                  "doc_url": "https://gallica.bnf.fr/ark:/12148/bpt6k96144020",
                  "emotions": [
                        "disgust",
                        "greed"
                  ],
                  "excerpt": "CRAPAUD .Excroissance spongieuse qui exhale une humeur âcre et fétide : elle se forme sous le talon et la fourchette du pied du cheval , du bœuf et du mouton .Moyerts curatifs .",
                  "id": "6",
                  "title": "Pharmacie vétérinaire, chimique, théorique et pratique , à l'usage des élèves, des artistes et des proprietaires ; suivie d'un Tableau indicatif des principales maladies internes et externes qui affectent les animaux domestiques... Par J.-Ph. Lebas,... quatrième édition..."
            },
            {
                  "doc_url": "https://gallica.bnf.fr/ark:/12148/bpt6k9794038p",
                  "emotions": [
                        "disgust"
                  ],
                  "excerpt": "Il en résulte un alcool nouveau et des combinaisons nouvelles , avec des propriétés étrangères aux bonnes eaux - de - vie de vin .En vieillissant , les eaux - de - vie soumises à ce traitement acquièrent un goût détestable .Les déshydratants dédoublent l ' alcool et en transforment une partie en eau et en éther .",
                  "id": "7",
                  "title": "Traité pratique des vins, cidres, spiritueux & vinaigres / publié sous la direction de M. Paul Le Sourd ; avec la collaboration de MM. J. Desclozeaux, A.-M. Desmoulins,... de M. Ed. Delle,... de M. H. Ferrand,... et de nombreux oenologues et viticulteurs..."
            },
            {
                  "doc_url": "https://gallica.bnf.fr/ark:/12148/bpt6k63930752",
                  "emotions": [
                        "sadness",
                        "disgust",
                        "anger",
                        "annoyance",
                        "disapproval",
                        "despair",
                        "disappointment"
                  ],
                  "excerpt": "Odeur désagréable .Saveur amère .( « ) Auraniiacus , Nob .",
                  "id": "8",
                  "title": "Flore mycologique du département de Tarn-et-Garonne : agaricinées... / par M. C. Roumeguère,..."
            },
            {
                  "doc_url": "https://gallica.bnf.fr/ark:/12148/bpt6k6533672q",
                  "emotions": [
                        "disgust",
                        "disapproval"
                  ],
                  "excerpt": "Celui du commerce , qUI vient de l ' Asie , est blanc , léger , poreux , dépouillé de sa pellicule extérieure , facile à mettre en poudre , d ' un goût amer et d ' une odeur vive et pénétrante .L ' agaric blanc est un purgatif violent .AIRELLE ( Baies d ' ) .",
                  "id": "9",
                  "title": "Traité de la fabrication des liqueurs et de la distillation des alcools... : suivi du traité de la fabrication des eaux et boissons gazeuses et de la description complète des opérations nécessaires pour la distillation des alcools. Tome 1 / par P. Duplais aîné"
            },
            {
                  "doc_url": "https://gallica.bnf.fr/ark:/12148/bpt6k63930752",
                  "emotions": [
                        "disgust",
                        "boredom"
                  ],
                  "excerpt": "Chair cassante blanche , rougeâtre sous l ' épiderme .Odeur nulle .Saveur très - poivrée .",
                  "id": "10",
                  "title": "Flore mycologique du département de Tarn-et-Garonne : agaricinées... / par M. C. Roumeguère,..."
            },
            {
                  "doc_url": "https://gallica.bnf.fr/ark:/12148/bpt6k96144020",
                  "emotions": [
                        "disgust"
                  ],
                  "excerpt": "La dose pour le cheval et le bœuf est de quatre gros jusqu ' à deux onces dans un breuvage ou dans un opiat .Ce médicament , étant très - dégoûtant par son odeur et son extrême âcreté , doit toujours être combiné avec des correctifs .Beaucoup de praticiens , d ' après mes observations , ont àdopté la méthode de donner ce médicament en forme de pilules ou bols .",
                  "id": "11",
                  "title": "Pharmacie vétérinaire, chimique, théorique et pratique , à l'usage des élèves, des artistes et des proprietaires ; suivie d'un Tableau indicatif des principales maladies internes et externes qui affectent les animaux domestiques... Par J.-Ph. Lebas,... quatrième édition..."
            },
            {
                  "doc_url": "https://gallica.bnf.fr/ark:/12148/bpt6k55688307",
                  "emotions": [
                        "disgust"
                  ],
                  "excerpt": "Voici deux bocaux .Dans l ' un , j ' ai fait brûler du soufre ; il renferme un gaz à odeur suffocante .- \\ Dans le deuxième , j ' ai fait brûler du charbon dans l ' oxygène , ou même , simplement , un morceau de papier imbibé d ' alcool .",
                  "id": "12",
                  "title": "Cours expérimental de chimie à l'usage des candidats au brevet et aux écoles normales / par M. et Mme H. Grandmontagne,..."
            },
            {
                  "doc_url": "https://gallica.bnf.fr/ark:/12148/bpt6k65671455",
                  "emotions": [
                        "disgust",
                        "greed"
                  ],
                  "excerpt": "— La punaise des lits ( Cimex lectularius L .) est autrement à redouter que le kangourou domestique : hideuse , puante , vorace , prolifique , elle est à la fois l ' enseigne de la malpropreté et le fléau des logements pauvres ; aussi son nom est - il devenu une suprême injure , en laquelle se résume la quintescence de la hideur morale et de la platitude courtisanesque .Mais la punaise est philosophe , et elle n ' en perd pas un coup des quatre aiguillons qu ' elle nous enfonce dans la peau .",
                  "id": "13",
                  "title": "La maison : étude d'hygiène et de bien-être domestiques / par J.-B. Fonssagrives,..."
            },
            {
                  "doc_url": "https://gallica.bnf.fr/ark:/12148/bpt6k57808865",
                  "emotions": [
                        "disgust"
                  ],
                  "excerpt": "mucosités du sang et des autres fluides qui découlent des parties dans lesquelles ils se trouvaient placés ou simplement en contact .Cet inconvénient était d ' autant plus grave , qu ' il altérait en peu de temps l ' instrument , et que les humeurs retenues dans les interstices du liège s ' échauffaient et se putréfiaient , et ne tardaient pas à donner naissance à une odeur des plus repoussantes , et à une foule d ' accidens plus ou moins fâcheux .C ' est pour remédier autan ' t que possible à cela , et empêcherl ' imbibitiondesfluides , qu ' on a enduit les pessaires de liège d ' une couche assez épaisse de cire vierge ; ce qui effectivement diminuait un peu leurs désavantages , et retardait de quelque temps leur altération .",
                  "id": "14",
                  "title": "Mémoire sur le prolapsus, ou chute de la matrice, et tous les autres déplacemens des organes génito-urinaires de la femme... suivi de plusieurs observations et de deux rapports faits à l'Académie royale de médecine de Paris et à la Société de médecine pratique, par Mme Rondet,... Mémoire envoyé à l'Institut (Académie des sciences), pour le concours aux prix de Monthyon, année 1833..."
            },
            {
                  "doc_url": "https://gallica.bnf.fr/ark:/12148/bpt6k64728348",
                  "emotions": [
                        "disgust",
                        "annoyance"
                  ],
                  "excerpt": "Inconvénients .— Odeur très - désagréable .Dans l ' un des procédés , la distillation de l ' amalgame d ' étain avec - le calomel , le mercure peut être recueilli dans un tube en fer .",
                  "id": "15",
                  "title": "L'hygiène et l'industrie dans le département du Nord : vade-mecum des conseils de salubrité, des industriels et des fonctionnaires chargés de la police sanitaire"
            },
            {
                  "doc_url": "https://gallica.bnf.fr/ark:/12148/bpt6k64728348",
                  "emotions": [
                        "disgust"
                  ],
                  "excerpt": "— 14 janvier 1815 Inconvénients .— Mauvaise odeur .L ' atelier , sans ouverture sur la voie publique , sera surmonté d ' une cheminée d ' appel .",
                  "id": "16",
                  "title": "L'hygiène et l'industrie dans le département du Nord : vade-mecum des conseils de salubrité, des industriels et des fonctionnaires chargés de la police sanitaire"
            },
            {
                  "doc_url": "https://gallica.bnf.fr/ark:/12148/bpt6k96905682",
                  "emotions": [
                        "disgust"
                  ],
                  "excerpt": "Les Silphes ont leur appareil secreteur aussi simple que les Staphylins ; mais il est unique et impair , au lieu d ' être double et symétrique , comme dans tous les autres Insectes .Le liquide sécrété est roux et d ' une odeur infecte .Telle est la structure des organes ou vaisseaux urinaires dans les cas les plus compliqués .",
                  "id": "17",
                  "title": "Histoire naturelle des insectes coléoptères. Tome 1,Partie 2 / par M. le comte de Castelnau,... ; avec une introduction renfermant l'anatomie et la physiologie des animaux articulés, par M. Brullé,..."
            },
            {
                  "doc_url": "https://gallica.bnf.fr/ark:/12148/bpt6k905873",
                  "emotions": [
                        "disgust",
                        "disappointment"
                  ],
                  "excerpt": "L ' alcool et Pëtherie dissolvent facilement .La dissolution atcooUque possède un goût amer presque métallique .insoluble dans l ' éther .",
                  "id": "18",
                  "title": "Rapport annuel sur les progrès des sciences physiques et chimiques / présenté ... à l'Académie royale des sciences de Stockholm, par J. Berzélius ; traduit du suédois, sous les yeux de l'auteur, par M. Plantamour"
            },
            {
                  "doc_url": "https://gallica.bnf.fr/ark:/12148/bpt6k9751275m",
                  "emotions": [
                        "disgust"
                  ],
                  "excerpt": "Voilà les trois principes qui composent le tartre du vin .Quoique l ' acidité du tartre soit sensible , néanmoins lorsqu ' on l ' examine à la rigueur du feu , il ne reste aucun veflige de son acidité » il en sort seulement un phlegme desagréable , un peu d ' esprit urineux 8c beaucoup d ' huile fétide ; & il ne reste dans le vaiC - seau qu ' une terre noire avec le sel fixe .Ce qui donne lieu de demander quelle est la namre de l esprit de tartre , & ce qu ' est devenu l ' acidc : du tartre ? Pour répondre à ceci , il faut conliderer , que le phlegme distilé du tartre , n ' est qu ' une eau simple 6c un peu d ' huile qui y reste jointe , d ' où il a certaine amertume comme l ' huile de tartre ; l ' esprit urineux monte en petite quantité , ainsi que celui de corne de Cerf & d ' urine , à cau se qu ' il est dificile à retenir , & que la meilleure partie s ' enfuit par les pores , & les jointures des vaisseaux : en un mot il n ' y a point dans le regne végétal d ' esprits plus volariles que ceux du tartre & de la suie .",
                  "id": "19",
                  "title": "Traité du bon choix des médicamens de Daniel Ludovicus, commenté par Michel Ettmuller. Tome 1"
            },
            {
                  "doc_url": "https://gallica.bnf.fr/ark:/12148/bpt6k1164827q",
                  "emotions": [
                        "disgust",
                        "greed"
                  ],
                  "excerpt": "Peu à peu sa tête avait tourné .Maintenant , il sentait dans un même souffle pestilentiel la tiédeur fétide des lapins et des volailles , l ’ odeur lubrique de la chèvre , la fadeur grasse du cochon .C ’ était comme un air chargé de fécondation , qui pesait trop lourdement à ses épaules vierges .",
                  "id": "20",
                  "title": "La faute de l'abbé Mouret / Émile Zola ; illustrations de Bieler, Conconi et Gambard ; gravure de Ch. Guillaume et Romagnol"
            }
      ]
}