{
      "articles": [
            {
                  "doc_url": "https://gallica.bnf.fr/ark:/12148/bpt6k28149x",
                  "emotions": [
                        "disgust"
                  ],
                  "excerpt": "Ainsi , les crucifères contiennent une huile acre et volatile , ' qu ! leur donne des propriétés stimulantes , utilement employées dans le traitement des affections scorbutique ~ et des maladies atoniques en général .Les labiées renferment toutes - , outre une huile essentielle aromatique , un principe extractif amer .Aussi , sontelles en même temps toniques et stimulantes ; mais l ' une ou t ' autre de ces propriétés domine , suivant que l ' un ou l ' autre de ces principes s ' y trouve en plus grande proportion .",
                  "id": "1",
                  "title": "Manuel de matière médicale ou Description abrégée des médicamens , avec l'indication des caractères botaniques des plantes médicinales, et celle des principales préparations officinales des pharmacopées de Paris, de Londres et d'Edimbourg... par H. Milne Edwards et P. Vavasseur"
            },
            {
                  "doc_url": "https://gallica.bnf.fr/ark:/12148/bpt6k64346751",
                  "emotions": [
                        "disgust"
                  ],
                  "excerpt": "Infection vient du latin inficere , teindre , imprégner , souiller , corrompre : c ' est la communication d ' une mauvaise odeur qui répand la corruption d ' un corps sur les autres , l ' idée de la mauvaise odeur est propre à la puanteur .Ainsi l ' infection répand une puanteur contagieuse ; et ja puanteur est l ' odeur forte et désagréable exhalée des corps sales , pourris , ou - de tout autre corps qui , à cet égard , s ' assimile à ceux - là .La puanteur offense le nez et le cerveau ; l ' infection porte la corruption et attaque la santé .",
                  "id": "2",
                  "title": "Dictionnaire universel des synonymes de la langue française : contenant les synonymes de Girard,... et ceux de Beauzée, Roubaud, d'Alembert, Diderot et autres écrivains célèbres.... Tome 2"
            },
            {
                  "doc_url": "https://gallica.bnf.fr/ark:/12148/bpt6k5445478z",
                  "emotions": [
                        "disgust"
                  ],
                  "excerpt": "M .Buguot était a table le nez sur une tasse fumante de chocolat dont l ' odeur vanillée se lépandait partout .En face do lui sa fille Louisa , vôtuo d ' un peignoir clair à fanfreluches , ayant également LES FICTIONS 133 devant elle une tasse fumante et odorante , étalait sur des rôties du beurre frais d ' un beau jaune , qui fondait à mesure dans les trous du pain chaud .",
                  "id": "3",
                  "title": "Les fictions / Léon Allard"
            },
            {
                  "doc_url": "https://gallica.bnf.fr/ark:/12148/bpt6k28149x",
                  "emotions": [
                        "disgust",
                        "indifference"
                  ],
                  "excerpt": "Saveur fade un peu amère et nauséeuse ¡ .odeur pjcsque nulle .P .",
                  "id": "4",
                  "title": "Manuel de matière médicale ou Description abrégée des médicamens , avec l'indication des caractères botaniques des plantes médicinales, et celle des principales préparations officinales des pharmacopées de Paris, de Londres et d'Edimbourg... par H. Milne Edwards et P. Vavasseur"
            },
            {
                  "doc_url": "https://gallica.bnf.fr/ark:/12148/bpt6k9691783r",
                  "emotions": [
                        "disgust"
                  ],
                  "excerpt": "° .tout ce qui ' répand une odeur forte .4 .",
                  "id": "5",
                  "title": "Dictionnaire étymologique et raisonné des racines latines . Extrait du \"Monde primitif\", & l'usage des jeunes gens"
            },
            {
                  "doc_url": "https://gallica.bnf.fr/ark:/12148/bpt6k953839s",
                  "emotions": [
                        "disgust"
                  ],
                  "excerpt": "( Il repousse un peu son verre .) Satanée odeur ! ..",
                  "id": "6",
                  "title": "Supplément illustré du Petit comtois"
            },
            {
                  "doc_url": "https://gallica.bnf.fr/ark:/12148/bpt6k6367572z",
                  "emotions": [
                        "disgust"
                  ],
                  "excerpt": "Les émanations cadavériques , plus encore que le péril , nous chassèrent hors des maisons .Plus d ' un pillard ou d ' un curieux dut reculer devant l ' odeur affreuse qu ' exhalaient les cadavres abandonnés .Dans les rues régnait un air empesté , circonstance qui s ' explique par le désordre survenu dans le camp russe .",
                  "id": "7",
                  "title": "Souvenirs d'un aumônier protestant au camp français devant Sébastopol , par Max Reichard, traduit de l'allemand par Camille Selden"
            },
            {
                  "doc_url": "https://gallica.bnf.fr/ark:/12148/bpt6k3044095d",
                  "emotions": [
                        "disgust",
                        "fear"
                  ],
                  "excerpt": "Quand on trouve le moyen de la tuer ., fa carcafie conferve & communique une fi horrible odeur , qu ’ il eft impoffible d ’ y porter la .main .",
                  "id": "8",
                  "title": "Dictionnaire des voyages, contenant ce qu'il y a de plus remarquable, de plus utile, & de mieux avéré, dans les pays où les voyageurs ont pénétré : touchant leur situation, leur étendue, leurs limites, leur climat... avec les moeurs et les usages des habitans, leur religion... &c.. I. A-B"
            },
            {
                  "doc_url": "https://gallica.bnf.fr/ark:/12148/bpt6k9613518w",
                  "emotions": [
                        "disgust",
                        "disapproval"
                  ],
                  "excerpt": "On a saisi votre main agitée , Et vous voilà jointe à l ' essaim joyeux ! L ' air est brûlant , la valse tourne et vole , Le cercle fuit et s ' agrandit là - bas ; Allons , madame , on a votre parole , On vous attend : ne valserez - vous pas ? Laissez vos fleurs sur les genoux des mères ; Fleurs , danse et feu , c ' est trop pour la raison .Les chauds parfums des bouquets éphémères , Trop près du cœur se changent en poison .L ' air est brûlant , la valse tourne et vole , Le cercle fuit et s ' agrandit là - bas ; Allons , madame , on a votre parole , On vous attend : ne valserez - vous pas ? Valsez , planez comme les tourterelles Planent le soir dans l ' azur sombre et doux .",
                  "id": "9",
                  "title": "Poésies inédites de Mme Desbordes-Valmore / publiées par M. Gustave Révilliod"
            },
            {
                  "doc_url": "https://gallica.bnf.fr/ark:/12148/bpt6k4227110q",
                  "emotions": [
                        "disgust"
                  ],
                  "excerpt": "9 ils • • • mirent Du verbe mettre .myrrhe Arbre odoriférant .meurs Je .",
                  "id": "10",
                  "title": "La première instruction rendue facile et agréable aux enfants, ou l'Art de lire et d'orthographier promptement par le méchanisme du bureau typographique..."
            },
            {
                  "doc_url": "https://gallica.bnf.fr/ark:/12148/bpt6k6457075f",
                  "emotions": [
                        "disgust"
                  ],
                  "excerpt": "Dans les foins fauchés trop tard ou laissés trop longtemps sur les prés après leur fauchaison , les nuances sont moins tranchées .Odeur des foins .— L ' odeur des foins est due à des huiles essentielles , localisées de préférence dans certaines plantes .",
                  "id": "11",
                  "title": "Les aliments : analyse, expertise, valeur alimentaire. Légumes, fruits, viandes, laitages, conserves, boissons & fourrages / par A. Balland,..."
            },
            {
                  "doc_url": "https://gallica.bnf.fr/ark:/12148/bpt6k1179569v",
                  "emotions": [
                        "grief",
                        "disgust",
                        "disappointment"
                  ],
                  "excerpt": "Les deux soudards se mirent à l ’ œuvre et après bien des essais infructueux , ils finirent par amener le corps d ’ Etienne de St - Dizier , à la surface , malgré les exhalaisons nauséabondes qui s ’ en exhalaient .Céleslin , à la vue de ce cadavre à demi - putréfié , portant encore autour du col la lannière de cuir qui avait servi à l ’ étrangler , Célestin dis - je , se prit à verser des larmes et surmontant sa répugnance , il détacha la chaîne d ’ or qui était appendue au cou du malheureux Etienne , et la serra précieusement dans son escarcelle .— Voyez , noble sire , dit - il en s ’ adressant au comte d ’ Auxerre ; voyez comme ces méchants l ’ ont agencé .",
                  "id": "12",
                  "title": "Les Sorcières du château d'Oliferne, ou la Tour de la faim, chronique franc-comtoise du XIVe siècle, par Jules Prost"
            },
            {
                  "doc_url": "https://gallica.bnf.fr/ark:/12148/bpt6k1179569v",
                  "emotions": [
                        "disgust"
                  ],
                  "excerpt": "— Holà I maîtres dindons , s ’ écriaient quelques escholiers perchés sur le cordon de pierre d ’ un des remparts se reliant à la courtine en question , en s ’ adressant aux placides — 291 — bourgeois ; holà ! où donc courez - vous ainsi ; ne craignez - vous point que si l ’ on pend aujourd ’ hui les malhonnêtes gens , l ’ on ne fasse aussi main basse sur vous ? — lié ! la vieille , criait un autre ; détournez donc un peu votre nez qui m ’ empêche d ’ y voir ; quand on en possède un de cette taille , on ferait mieux de rester chez soi .— Tiens , tiens , répliquait un autre ; voilà Haudrielte la joufflue , qui va attirer toutes les mouches ; hé , la belle , as - tu parfumé ta peau d ’ odeur de roses ou jacinthe , afin que tu sois supportable à tes voisins ? — Cachez - vous maître Thomas , s ’ écria un autre ; voici les chiens de monseigneur de Binans , ils seraient capables de vous prendre pour un cerf , à cause de la longueur de vos cornes .— Maître Ruminius , maître Rutninius , glapit une autre voix , comment vont vos malades ; toujours bien , car ils reposent ; et c ’ est pour longtemps , n ’ est - ce pas ; vertuchoux ! quand j ’ aurai besoin de me défaire d ’ un oncle ou d ’ un parent quelconque , j ’ aurai recours à vos lumières .",
                  "id": "13",
                  "title": "Les Sorcières du château d'Oliferne, ou la Tour de la faim, chronique franc-comtoise du XIVe siècle, par Jules Prost"
            },
            {
                  "doc_url": "https://gallica.bnf.fr/ark:/12148/bpt6k1179569v",
                  "emotions": [
                        "disgust",
                        "fear"
                  ],
                  "excerpt": "La zingari continua .— Regarde bien ce sablier ; un jour , à la même heure que la hauteur de ce sable marque aujourd ’ hui , tes os seront broyés , tes chairs lacérées , mises en lambeaux , et nul ne saura donner un nom à ce corps qui , à l ’ heure qu ’ il est , est parfumé d ’ essences odoriférantes et recouvert de fin velours A cette étrange révélation , Ilermengarde poussa un cri perçant , saliguie devint pale comme celle d une morte , et elle lut ^ ur le point de s ’ évanouir .Un tumulte inexprimable suivit cette scène , car on crut que la sorcicie 1 avait blessée traîtreusement .",
                  "id": "14",
                  "title": "Les Sorcières du château d'Oliferne, ou la Tour de la faim, chronique franc-comtoise du XIVe siècle, par Jules Prost"
            },
            {
                  "doc_url": "https://gallica.bnf.fr/ark:/12148/bpt6k57435347",
                  "emotions": [
                        "disgust"
                  ],
                  "excerpt": "Cuisineà l ' huile et à l ' ail .Une haleine d ' un bouquet ! La souris du gigot ou le chapon de la salade ! ..",
                  "id": "15",
                  "title": "Ces demoiselles de l'Opéra"
            },
            {
                  "doc_url": "https://gallica.bnf.fr/ark:/12148/bpt6k6139496b",
                  "emotions": [
                        "disgust"
                  ],
                  "excerpt": "Dieu maudit Caïn .L ' odeur du fromage allécha le renard .Les eaux de la mer occupent les trois quarts de la surface de la terre .",
                  "id": "16",
                  "title": "La Lexicologie des écoles, cours complet de langue française et de style, divisé en 3 années... par M. P. Larousse,... 2e édition. 1re année. Grammaire élémentaire lexicologique. Guide du maître"
            },
            {
                  "doc_url": "https://gallica.bnf.fr/ark:/12148/bpt6k6139496b",
                  "emotions": [
                        "disgust"
                  ],
                  "excerpt": "Une brebis galeuse gâte tout un troupeau .L ' odeur du fromage allécha le renard .Maître renard trompa le corbeau .",
                  "id": "17",
                  "title": "La Lexicologie des écoles, cours complet de langue française et de style, divisé en 3 années... par M. P. Larousse,... 2e édition. 1re année. Grammaire élémentaire lexicologique. Guide du maître"
            },
            {
                  "doc_url": "https://gallica.bnf.fr/ark:/12148/bpt6k5553815q",
                  "emotions": [
                        "disgust"
                  ],
                  "excerpt": "Je tirai ici un chat tacheté de noir ( t ) .Sa peau avoit une telle odeur de musc , que l ' ayant pendue dans la voiture pour la faire sécher , je ne pus en supporter l ' odeur .C ' est pourquoi les chiens se décident , difficilement à donner la chasse à cet animal .",
                  "id": "18",
                  "title": "Voyages de C. P. Thunberg au Japon, par le Cap de Bonne-Espérance, les isles de la Sonde, &c. . Traduits, rédigés et augmentés de notes... particulièrement sur le Javan et le Malai, par L. Langlès,... et revus, quant à la partie d'histoire naturelle, par J.-B. Lamarck,..."
            },
            {
                  "doc_url": "https://gallica.bnf.fr/ark:/12148/bpt6k5553815q",
                  "emotions": [
                        "disgust",
                        "indifference",
                        "embarrassment"
                  ],
                  "excerpt": "Je ne me soulageai qu ' en buvant beaucoup , pour exciter le vomissement , et j ' appais .ai l ' enflure de la bouche avec un gargarisme émollient .Le 6 , j ' eus une bonne salivation , et ma bouche remplie de plaies , principalement sur les côtés , rendoit une mauvaise odeur .",
                  "id": "19",
                  "title": "Voyages de C. P. Thunberg au Japon, par le Cap de Bonne-Espérance, les isles de la Sonde, &c. . Traduits, rédigés et augmentés de notes... particulièrement sur le Javan et le Malai, par L. Langlès,... et revus, quant à la partie d'histoire naturelle, par J.-B. Lamarck,..."
            },
            {
                  "doc_url": "https://gallica.bnf.fr/ark:/12148/bpt6k5553815q",
                  "emotions": [
                        "disgust"
                  ],
                  "excerpt": "Les plantations de cannes à sxxcre n ' ont que des barrières hautes d ' une aune et demie , et en petites perches , sxxr lesquelles on attache des morceaux de toile de coton .Les Javans ont soin de lâcher de l ' eau sur ces guenilles , bien persuadés que le sanglier a la plxxs grande aversion pour l ' urine de l ' homme , et que l ' odeur suffit pour l ' écarter et l ' empêcher de rompre ces trop foibles barrières .Les rivières de Java , tant à leur embouchure que dans l ' intérieur des terres , sont infestées de crocodiles d ' une taille monstrueuse ( i ) .",
                  "id": "20",
                  "title": "Voyages de C. P. Thunberg au Japon, par le Cap de Bonne-Espérance, les isles de la Sonde, &c. . Traduits, rédigés et augmentés de notes... particulièrement sur le Javan et le Malai, par L. Langlès,... et revus, quant à la partie d'histoire naturelle, par J.-B. Lamarck,..."
            }
      ]
}