{
      "articles": [
            {
                  "doc_url": "https://gallica.bnf.fr/ark:/12148/bpt6k5835437q",
                  "emotions": [
                        "disgust"
                  ],
                  "excerpt": "poil de la barbe dès boucs .On tìe voit plus guéres à Paris de ce lapdanum qui étoit toujours plein de saletez ; il faut quand il en vient le choisir le plus net 8c le plus odorant qu ' il sera possible .Le lapdanum liquide ou baume noir , c ' est cette méme graisse liquifiée , purifiée 8c mise dans de petites vessies trèsminces : le bon doit être d ' une consistance assez solide , d ' un noir de jayet , 8e d ' une odeur - douce , agréable 8e approchant de celle del ' ambre gris ; auffi le vend - on quelquefois pour de l ' ambre noir , ce nouveau titre en augmentant le prix .",
                  "id": "1",
                  "title": "Dictionnaire universel de commerce, contenant tout ce qui concerne le commerce qui se fait dans les quatre parties du monde... Ouvrage posthume du Sr Jacques Savary Des Bruslons... continué... et donné au public, par Philémon-Louis Savary,.... Tome 2"
            },
            {
                  "doc_url": "https://gallica.bnf.fr/ark:/12148/bpt6k5835437q",
                  "emotions": [
                        "disgust",
                        "fear",
                        "pride",
                        "greed",
                        "nervousness"
                  ],
                  "excerpt": "1 $ 94 , íî est défendu aux Maîtres Gantiers - Parfumeurs ' de vendre ni de ' débiter séparément aucuns parfums ni autres senteurs que ceux qu ' ils ont faits 8c composez , : - ' , - PARFUM .Se prend auffi pour les corps mêmes d ' où s ' exhalent les parfums .Les meilleurs parfums se tirent d ' Orient 8í des Païs chauds .",
                  "id": "2",
                  "title": "Dictionnaire universel de commerce, contenant tout ce qui concerne le commerce qui se fait dans les quatre parties du monde... Ouvrage posthume du Sr Jacques Savary Des Bruslons... continué... et donné au public, par Philémon-Louis Savary,.... Tome 2"
            },
            {
                  "doc_url": "https://gallica.bnf.fr/ark:/12148/bpt6k5835437q",
                  "emotions": [
                        "disgust",
                        "greed"
                  ],
                  "excerpt": "Sorte de grain - suffisanment connu pour qu ' il jie soit pas nécessaire de faire ici la description de la plante qui le produit .Les Marchands Epiciers de Paris faifoient autre - fois venir jiu Seigle de Beausse pour le préparer comme le cassé ' dont il a effectivement un peu l ' odeur 8c à ce qu ' on prétendoit les quahtez ; ce goût 8c ce Commerce sont tombez .Le seigle fait auffi une partie du Négoce des Graij niers .",
                  "id": "3",
                  "title": "Dictionnaire universel de commerce, contenant tout ce qui concerne le commerce qui se fait dans les quatre parties du monde... Ouvrage posthume du Sr Jacques Savary Des Bruslons... continué... et donné au public, par Philémon-Louis Savary,.... Tome 2"
            },
            {
                  "doc_url": "https://gallica.bnf.fr/ark:/12148/bpt6k5835437q",
                  "emotions": [
                        "disgust"
                  ],
                  "excerpt": "autant que Thabile Artiste croit nécessaire ; Sc par le moyen du .feu on en tire une huile blanche , claire , pénétrante Sc très odorante .La rareté 8c la cherté de cette huile , est cause qu ' elle est ; presque toujours sofistiquée , soit en y mêlant de Tesprit devin , soit avec des huiles d ' aspic , de lavande , .",
                  "id": "4",
                  "title": "Dictionnaire universel de commerce, contenant tout ce qui concerne le commerce qui se fait dans les quatre parties du monde... Ouvrage posthume du Sr Jacques Savary Des Bruslons... continué... et donné au public, par Philémon-Louis Savary,.... Tome 2"
            },
            {
                  "doc_url": "https://gallica.bnf.fr/ark:/12148/bpt6k5835437q",
                  "emotions": [
                        "disgust"
                  ],
                  "excerpt": "| k La Cassonade qu ' on nomme auffi Sucre des Isles , doit être .choisie blanche , féche , grenue , d ' un goût 8c d ' une odeur de .violette .",
                  "id": "5",
                  "title": "Dictionnaire universel de commerce, contenant tout ce qui concerne le commerce qui se fait dans les quatre parties du monde... Ouvrage posthume du Sr Jacques Savary Des Bruslons... continué... et donné au public, par Philémon-Louis Savary,.... Tome 2"
            },
            {
                  "doc_url": "https://gallica.bnf.fr/ark:/12148/bpt6k5835437q",
                  "emotions": [
                        "disgust",
                        "greed"
                  ],
                  "excerpt": "■ , .On pique de cette sorte les satins , les taffetas , lesdraps Sc les cuirs , particulièrement ceux qui font \" parfumez Sc dont on fait quelques ouvrages pour Tusage des Dames , tels que font des corps de jupes SÎ des souliers ..",
                  "id": "6",
                  "title": "Dictionnaire universel de commerce, contenant tout ce qui concerne le commerce qui se fait dans les quatre parties du monde... Ouvrage posthume du Sr Jacques Savary Des Bruslons... continué... et donné au public, par Philémon-Louis Savary,.... Tome 2"
            },
            {
                  "doc_url": "https://gallica.bnf.fr/ark:/12148/bpt6k5835437q",
                  "emotions": [
                        "disgust"
                  ],
                  "excerpt": "SAINTE LUCIE .Bois odoriférant propre à ia .tablet - I terie ; il vient de Lorraine .",
                  "id": "7",
                  "title": "Dictionnaire universel de commerce, contenant tout ce qui concerne le commerce qui se fait dans les quatre parties du monde... Ouvrage posthume du Sr Jacques Savary Des Bruslons... continué... et donné au public, par Philémon-Louis Savary,.... Tome 2"
            },
            {
                  "doc_url": "https://gallica.bnf.fr/ark:/12148/bpt6k879852r",
                  "emotions": [
                        "disgust"
                  ],
                  "excerpt": "Flair , sm .odorat du chien .Flairer , va .",
                  "id": "8",
                  "title": "Dictionnaire usuel et portatif de la langue française... : précédé d'un nouvel abrégé de grammaire / par M. Auvray,..."
            },
            {
                  "doc_url": "https://gallica.bnf.fr/ark:/12148/bpt6k879852r",
                  "emotions": [
                        "disgust"
                  ],
                  "excerpt": "Myrrhe , sf .gomme odorante .Myrte , sm .",
                  "id": "9",
                  "title": "Dictionnaire usuel et portatif de la langue française... : précédé d'un nouvel abrégé de grammaire / par M. Auvray,..."
            },
            {
                  "doc_url": "https://gallica.bnf.fr/ark:/12148/bpt6k82383f",
                  "emotions": [
                        "disgust"
                  ],
                  "excerpt": "J ' ai difcillc de la chaux d ' arfenic avec trois parties d ' huile de vitriol il a pafle d ' abord de l ' acide fulphureux enfuite de l ' huile de vitriol il s ' eft Sublime de l ' arfenic blanc , le réfidu étoit bleu & transparent l ' ayant caffé ~ ai vu que plufieurs .de fes fragmens repréfentoient des pyramides à fix pans \" ; ce réfidu expofé au feu n ' a point répandu d ' odeur d ' ail je l ' ai tenu en fufion pendant june demi - heure , il ne m ' a point paru qu ' il s ' en fût dinipe it reçoit au fond du creufet une ma ~ e vitreu - ' fe verdâtre & cellulaire .J ' ai ( ubiime enfemble parties égales de chaux d ' arfenic & de fel ammoniac il a pane quelques gouttes d ' alkali volatil & un peu de beurre d ' arfenic eniuitele ~ elan ~ moniac & l ' arfenic fe font fublitués le réfidu étoit verdâtre expofé à l ' air il eit devenu brun fondu avec du borax il lui adonné une belle couleur bleue .",
                  "id": "10",
                  "title": "Éléments de minéralogie docimastique , par M. Sage,..."
            },
            {
                  "doc_url": "https://gallica.bnf.fr/ark:/12148/bpt6k82383f",
                  "emotions": [
                        "disgust"
                  ],
                  "excerpt": "Un mélange de parties égales de foufre oc de fer 8c deux .parties d ' eau produit le même phénomène il s ' en dégage d ' abord une odeur de foie de foufre décompofé enfuite il s ' échaufre & s ' enflamme le réfidu eft rougeâtre Ce pro .duit par quintal vingt livres de vitriol martial .",
                  "id": "11",
                  "title": "Éléments de minéralogie docimastique , par M. Sage,..."
            },
            {
                  "doc_url": "https://gallica.bnf.fr/ark:/12148/bpt6k82383f",
                  "emotions": [
                        "disgust"
                  ],
                  "excerpt": "~ frRJE , ou ~ ~ LPJ ? jrRB .Ce fel eft compofé d ' acide nitreux & : d ' alkali fixe A ' acide nitreux , comme je l ' ai dit ci - denus , cd l ' acide vitriolique combiné avec le principe de l ' odeur qui ie degage des corps qui commencent paûer la putréfaction .' On trouve dans l ' Inde des nitrieres im ~ menées qui rburniflent des millions de livres de falpêtre aux différentes Nations celui qu ' on employé en Angleterre vient de Finde ; la France en retire par an près d ' un million de livres pefant , quoiqu ' il y ait des atteliers établis pour la préparation de ce fel 8c que ( a purification foit un droit régalier .",
                  "id": "12",
                  "title": "Éléments de minéralogie docimastique , par M. Sage,..."
            },
            {
                  "doc_url": "https://gallica.bnf.fr/ark:/12148/bpt6k82383f",
                  "emotions": [
                        "disgust"
                  ],
                  "excerpt": "ïnfemalc x Meulière , quartz opaque oc cellulaire Néphrétique pierre oMaire verdâtre < Noire espèce de ( chl & e & o .ObHdienne , t ~ < Olltire < Ponce , ' 4 ' ' Pierre porc prifmacique oc colorée doit ~ oh odeur à du bitume celle qui e ~ gritc & feuilletée a du foie de Coufre yo .Les acides verfet deffus en dégagent une odeur Cemblable à celle qu ' elle produit par la collidon ou le frottement le bas relief qui e & aude < tu < de la porte de l ' Eglilë des Mtthurih < dj ) fn < la rue des MMhuriM ctt fait avec cette pierre .",
                  "id": "13",
                  "title": "Éléments de minéralogie docimastique , par M. Sage,..."
            },
            {
                  "doc_url": "https://gallica.bnf.fr/ark:/12148/bpt6k58483847",
                  "emotions": [
                        "disgust"
                  ],
                  "excerpt": "Légèrement sournoise : c ' est sa coquetterie .Elle a toujours une odeur de régie qui fait éternuer .- Le chef de la gare voisine la recherche , mais il n ' est plus jeune .",
                  "id": "14",
                  "title": "Rêve de Flavien"
            },
            {
                  "doc_url": "https://gallica.bnf.fr/ark:/12148/bpt6k58483847",
                  "emotions": [
                        "disgust"
                  ],
                  "excerpt": "L ' église était plongée dans une demi - obscurité ; un phénomène d ' optique particulier aux heures du soir en doublait l ' étendue .II s ' en exhalait une odeur d ' encens qui pénétrait l ' âme .Tous s ' agenouillèrent sur l ' une des marches de l ' autel .",
                  "id": "15",
                  "title": "Rêve de Flavien"
            },
            {
                  "doc_url": "https://gallica.bnf.fr/ark:/12148/bpt6k96464708",
                  "emotions": [
                        "disgust",
                        "pride",
                        "indifference"
                  ],
                  "excerpt": "Les militaires d ' aucun pays , les Russes exceptés , ne sauraient poser en grotesques devant une assemblée de simples bourgeois , capables d ' oublier , ne fût - ce que pour un instant , devant un pareil tableau , le respect dû à l ' épaulette .Van - Tromp , hérilier d ' un nom que son aïeul a rendu célèbre dans les guerres du nouveau monde , porte difficilement le poids d ' un si lourd héritage ; la culture des tulipes a absorbé la plus grande partie des loisirs de sa jeunesse ; l ' odeur de la poudre lui donne des nausées , et il se pâme rien qu ' à la vue d ' un tomawak ou d ' une flèche empoisonnée ; il tient à sa belle chevelure jaune et se soucie peu de ' - .la voir pendue en guise de trophée à la ceinture d ' un Peau - Rouge .",
                  "id": "16",
                  "title": "Revue française / Ed. J. Morel et E. Oger"
            },
            {
                  "doc_url": "https://gallica.bnf.fr/ark:/12148/bpt6k5679683h",
                  "emotions": [
                        "disgust",
                        "anger",
                        "annoyance",
                        "disapproval",
                        "indifference"
                  ],
                  "excerpt": "Il te sera bien facile , va , d ' échanger une belle rose d ' or comme celle - ci , qui durera plus de cent ans , contre une rose ordinaire , qui se flétrit en un seul jour .- - - css © 73 & > z : ^ — Je me soucie bien de pareilles roses ! cria Marie - cl ' Or en jetant la sienne avec dédain ; celleci n ' a pas le ' moindre parfum , et ses feuilles coupantes me piquent le nez ! » .L ' enfant se mit à table ; niais elle était si préoccupée , qu ' elle ne fit pas même attention à la merveilleuse transformation ; de sa tasse de porcelaine ; et c ' était pour le mieux , car Marie se divertissait d ' ordinaire - à : .",
                  "id": "17",
                  "title": "Le livre des merveilles : contes pour les enfants tirés de la mythologie / par Nathaniel Hawthorne ; traduits de l'anglais, par Léonce Rabillon ; et illustrés de 40 vignettes par Bertall"
            },
            {
                  "doc_url": "https://gallica.bnf.fr/ark:/12148/bpt6k5844473j",
                  "emotions": [
                        "disgust"
                  ],
                  "excerpt": "Au mois de mai , saison de Pamour , .le parfum est développé , son odeur se répand au loin : elle plaît aux Eurppéens , ôc paroît insupportable aux Sauvages , qui en ont donné à Panimal le nom de Rat puant .Alors les chasseurs attirent .",
                  "id": "18",
                  "title": "Manufactures, arts et métiers / par M. Roland de La Platière,..."
            },
            {
                  "doc_url": "https://gallica.bnf.fr/ark:/12148/bpt6k5844473j",
                  "emotions": [
                        "disgust"
                  ],
                  "excerpt": "On voudroit savoir comment s ' opère la combinaison de ces substances ; quel est Fintermede qui les unit , & ce qui colore Fensemble ; par quel ressort le mouvement de fermentation lui a été communiqué , & par laquelle de ses parties constituantes il a été mis en jeu ? On - voudroit quelque chose de sensible fur la nature des gaz que produit Pindigo en fermentation , fur leur altération , leur changement , leur effet .L ' odeur de Findigo annonce un volatil urineux .Lorsqu ' il est en fermentation , .",
                  "id": "19",
                  "title": "Manufactures, arts et métiers / par M. Roland de La Platière,..."
            },
            {
                  "doc_url": "https://gallica.bnf.fr/ark:/12148/bpt6k5844473j",
                  "emotions": [
                        "disgust"
                  ],
                  "excerpt": "début , c ' est par la partie farineuse ou mucilagineuse dont le son est encore fourni ; mais il passe bientôt à la putréfaction très - fétide : ce que fait aussi le pastel , qui n ' est qu ' un végétal déja en putréfaction , que l ' on a suffoqué ou supprimé , en enlevant le fluide aqueux , sans lequel il ne peut y avoir de fermentation ni de putréfaction .En délayant de rechef cette substance desséchée 9 elle continue à putréfier .Quoique Findigo se putréfieroit seul , ce qui le rendroit très - soluble dans Feau 3 xcxij NOTES .",
                  "id": "20",
                  "title": "Manufactures, arts et métiers / par M. Roland de La Platière,..."
            }
      ]
}