{
      "articles": [
            {
                  "doc_url": "https://gallica.bnf.fr/ark:/12148/bpt6k6455724x",
                  "emotions": [
                        "disgust",
                        "despair",
                        "disappointment"
                  ],
                  "excerpt": "Fruits aromatiques et rafraîchissant , FUMETERRE , Fumaria officinalis ( page 113 ) lieux cultivés .— Saveur amère .On emploie le e .",
                  "id": "1",
                  "title": "Flore bordelaise et de la Gironde : description caractéristique des plantes qui croissent naturellement dans ce département... précédée de notions élémentaires de botanique (4e édition...) / par J.-F. Laterrade,..."
            },
            {
                  "doc_url": "https://gallica.bnf.fr/ark:/12148/bpt6k58173205",
                  "emotions": [
                        "disgust"
                  ],
                  "excerpt": "Cette face est encore verte et luisante , quoiqu ' elle le soit moins que la supérieure .La saveur des feuilles d ' uva - ursi sèches est très - astringente , leur odeur est \" assez forte , désagréable et analogue à celle de la bryone desséchée .En les triturant avec un peu d ' eau dans un mortier de porcelaine , il en résulte une liqueur ( i ) C ' est - à - dire ovales , mais plus larges vers la partie supérieure qu a la base qui est terminée en pointe .",
                  "id": "2",
                  "title": "Histoire abrégée des drogues simples. Tome 2 / , par N.-J.-B.-G. Guibourt,... Seconde édition, corrigée et augmentée"
            },
            {
                  "doc_url": "https://gallica.bnf.fr/ark:/12148/bpt6k9735316s",
                  "emotions": [
                        "disgust",
                        "pain"
                  ],
                  "excerpt": "Des irrigations locales ont été employées avec succès contre un vaste ulcère des amygdales et du palais , chez un homme devenu très cachectique par une syphilis constitutionnelle datant de trois ans .Entré à l ' hôpital Middlesex ( de Londres ) avec exostose des deux tibias , il était surtout tourmenté par la mauvaise odeur et le goût détestable des ulcérations de sa bouche .Un jet fin d ' acide sulfureux fut dirigé dessus avec le petit irrigateur de Richardson et l ' amélioration fut immédiate .",
                  "id": "3",
                  "title": "Hygiène de la génération. , Le mal d'amour : contagion, préservatifs et remèdes, avec 112 observations / par le Dr P. Garnier,..."
            },
            {
                  "doc_url": "https://gallica.bnf.fr/ark:/12148/bpt6k5324170h",
                  "emotions": [
                        "disgust"
                  ],
                  "excerpt": ".Amère , aromatique Antispasmodique Idem et stomachique Graines sternutatoires Aigrelette , antiscorbutique .Légèrement narcotique .",
                  "id": "4",
                  "title": "Recherches statistiques sur la ville de Paris et le département de la Seine. Recueil de tableaux..."
            },
            {
                  "doc_url": "https://gallica.bnf.fr/ark:/12148/bpt6k57527285",
                  "emotions": [
                        "disgust"
                  ],
                  "excerpt": "Résidu , 10 grammes , un peu louche , d ' odeur un peu forte .A uriné immédiatement — 107 — avant 160 grammes , louche et d ' odeur plus forte que le résidu .Etat général bon .",
                  "id": "5",
                  "title": "De la Prostatectomie périnéale (étude sur 25 cas personnels), par le Dr Gabriel Faÿsse,..."
            },
            {
                  "doc_url": "https://gallica.bnf.fr/ark:/12148/bpt6k58173205",
                  "emotions": [
                        "disgust"
                  ],
                  "excerpt": "Cette plante croît dans les lieux cultivés , autour des habitations ; elle a .une odeur désagréable et nauséeuse ; elle est laxative et quelquefois drastique * mais toujours beaucoup moins que l ' espèce suivante : 492 , filèrcurialevivace ou des bois .Mercurialis perennis L .",
                  "id": "6",
                  "title": "Histoire abrégée des drogues simples. Tome 2 / , par N.-J.-B.-G. Guibourt,... Seconde édition, corrigée et augmentée"
            },
            {
                  "doc_url": "https://gallica.bnf.fr/ark:/12148/bpt6k209778g",
                  "emotions": [
                        "disgust"
                  ],
                  "excerpt": ") Odeur des plantes .Linnée les a ramenées toutes à sept principales : ' f \" l ' aromatique ( les labiées , l ' oranger ) ; SolastMM ( te lis , le jasmin ) ; 5 « l ' ambrée ou musquée ( les géranium exotiques , la mauve musquée ) ; 4 \" FMÏMC ~ ( l ' ail ) So l ' Mrctneou o < ~ Kr de bouc ( les satyrium , la vulvaire ) ; 60 la s ~ ~ atteousqporoftre ( le pavot , l ' hyèble ) 7 \" ] ~ nauséeuse on nauséabonde , dont la fétidité peut quelquefois provoquer le vomissement .Elle est assez commune aux solanéës et aux ombéllifères , où se trouvent les poisons végétaux les plus nombreux .",
                  "id": "7",
                  "title": "Dictionnaire des ménages : répertoire de toutes connaissances usuelles, encyclopédie des villes et des campagnes. T. 2 / par Anthony Dubourg,..."
            },
            {
                  "doc_url": "https://gallica.bnf.fr/ark:/12148/bpt6k58078975",
                  "emotions": [
                        "disgust"
                  ],
                  "excerpt": "— Petite plante commune dans les bois que tout le monde connaît pour ses fleurs odorantes .On utilise toute la plante qui laisse une saveur acre , amère , nauséeuse .Elle renferme deux glucosides , un cristallisé , la convallarine et un amorphe la convallamarine qui est un tonique cardiaque et un diurétique énergique .",
                  "id": "8",
                  "title": "Homéopathie complexe : théorique et pratique (4e édition revue et augmentée) / Dr A. Marçais"
            },
            {
                  "doc_url": "https://gallica.bnf.fr/ark:/12148/bpt6k6527617g",
                  "emotions": [
                        "disgust"
                  ],
                  "excerpt": "Georges s ' arrêta suffoqué à la porte d ' entrée .Mais Adèle était habituée à ces airs nauséabonds .Elle avança délibérément , ouvrit d ' autorité une fenêtre , si l ' on peut appeler de ce nom les lucarnes dont les paysans , par crainte de l ' impôt , trouent leurs murs comme à regret , écarta les rideaux ; et , le jour tombant sur elle , comme au théâtre un rayon de lumière sur la fée en scène , Georges la vit se détacher , blanche et lumineuse , sur le fond sombre et fauve de la chambre .",
                  "id": "9",
                  "title": "Le piano de Jeanne ; Qui perd gagne ; Il ne faut jamais dire : Fontaine... ; Un ami véritable / par Francisque Sarcey"
            },
            {
                  "doc_url": "https://gallica.bnf.fr/ark:/12148/bpt6k5688578t",
                  "emotions": [
                        "disgust"
                  ],
                  "excerpt": "Elle croît en pleine terre dans les parties méridionales de l ' Europe , mais exige l ' orangerie dans le climat de Paris .Ses fleurs exhalent une odeur foible et agréable .La GRENADILLE POMIFORME qui a la tige herbacée , triangulaire ; les feuilles en coeur allongé , très entières ; les fruits de la grosseur et de la forme d ' une pomme .",
                  "id": "10",
                  "title": "Nouveau cours complet d'agriculture théorique et pratique ou Dictionnaire raisonné et universel d'agriculture. Tome 6 / par les membres de la section d'agriculture de l'Institut de France"
            },
            {
                  "doc_url": "https://gallica.bnf.fr/ark:/12148/bpt6k1265673t",
                  "emotions": [
                        "disgust",
                        "pain",
                        "embarrassment",
                        "disappointment",
                        "guilt"
                  ],
                  "excerpt": "Duchesse ou épicière , la personne qui m ' écrit se plaint , d ' un style si aimable en sa préciosité , que je donne l ' épître tout entière : MONSIEUR , Mes volets sont clos , mes fenêtres et mes portes sont munies de leurs bourrelets ; mes rideaux sont fermes hermétiquement ; autour de moi des 1leurs fraîchement cueillies , tubéreuses , chèvrefeuilles , jacinthes , mêlent leurs parfums violents ; de grands vases pleins d ' eau de Cologne envoient dans l ' air leurs émanations ; cinq ou six pastilles du sérail déroulent leurs spirales odorantes ; je me tiens le nez d ' une main ( ah duchesse , duchesse ! ) et j écris de l ' autre .Eh bien cela sent mauvais quand mcmc , cela sent mauvais malgré tout , cela sent la vidange cuite .( Pourquoi cuile , duchesse ? ) On a ferme l ' usine de Nanterre , et vous voila bien content .",
                  "id": "11",
                  "title": "Les Odeurs de Paris. Assainissement de la Seine, par Francisque Sarcey"
            },
            {
                  "doc_url": "https://gallica.bnf.fr/ark:/12148/bpt6k62163300",
                  "emotions": [
                        "disgust",
                        "fear",
                        "disapproval"
                  ],
                  "excerpt": "Il exhale une odeur infecte par la gueule : comme , pour assouvir sa faim , il avale indistinctement tout ce qu ' il trouve , des chairs corrompues , des os , du poil , des peaux à demi tannées et encore toutes couvertes de chaux , il vomit fréquemment , et se vide encore plus souvent qu ' il ne se remplit .Enfin , désagréable en tout , la mine basse , l ' aspect sauvage , la voix effrayante , l ' odeur insupportable , le naturel pervers , les mœurs féroces , il est odieux , nuisible de son vivant , inutile après sa mort .( a ) Voyez le Voyage de Pietro della Valle .",
                  "id": "12",
                  "title": "Oeuvres complètes de Buffon. Tome 9"
            },
            {
                  "doc_url": "https://gallica.bnf.fr/ark:/12148/bpt6k6348266z",
                  "emotions": [
                        "disgust"
                  ],
                  "excerpt": "Les gens du pays creusent la terre , le ramassent et s ' en servent pour remplacer le charbon de bois .Son odeur est fétide .133 ) M , - 5 , jan chey en japonais moyerou ishi .",
                  "id": "13",
                  "title": "Les lapidaires de l'antiquité et du moyen-âge. 1, Les lapidaires chinois / introduction, texte et traduction avec la collaboration de M. H. Courel"
            },
            {
                  "doc_url": "https://gallica.bnf.fr/ark:/12148/bpt6k6348266z",
                  "emotions": [
                        "disgust",
                        "fear",
                        "disapproval"
                  ],
                  "excerpt": "En buvant de l ' eau froide , ils se remettent .La saveur de cette pierre est douce et amère et c ' est un poison .Elle guérit les ulcères malins , les blessures incisives avec hémorragies .",
                  "id": "14",
                  "title": "Les lapidaires de l'antiquité et du moyen-âge. 1, Les lapidaires chinois / introduction, texte et traduction avec la collaboration de M. H. Courel"
            },
            {
                  "doc_url": "https://gallica.bnf.fr/ark:/12148/bpt6k5815899n",
                  "emotions": [
                        "disgust",
                        "disapproval"
                  ],
                  "excerpt": "Mes amis , qui ne comprennent pas l ' anachronisme de notre présence dans ces salles île voluptés et ' de rêves , bottés , éperonnés et poudreux , fument des cigarettes et causent chevaux sur les divans où s ' asseyaient , sondeuses et tristes à pleurer , les prisonnières de cet ancien palais .Et il me semble que devant cette profanation , cites doivent tressaillir d ' indignation , les âmes des femmes exquises et troublantes qui ont vécu là , ignorantes du inonde extérieur , dans le silence et les parfums ..",
                  "id": "15",
                  "title": "Au pays des mystères : pèlerinage d'un chrétien à la Mecque et à Médine (2e édition) / Albert Le Boulicaut"
            },
            {
                  "doc_url": "https://gallica.bnf.fr/ark:/12148/bpt6k901003",
                  "emotions": [
                        "disgust"
                  ],
                  "excerpt": "tt est fort emptoye comme anestliésique , mais son e ! fet , plus prompt , est aussi plus dangereux que celui de t ' éther .M y a encore plusieurs autres alcools moins connus , ce sont L ' alcool allytique CWO , HO , liquide incobre et doué d ' une odeur piquante il bout & t03 \" et s ' unit à t ' eau , à t ' atcoot et à t ' èthfr .derhe de ! a gtycerme quand on ta traite par t ' todMe phosptMt ' eux on obtient alors i ' iodide a ! tyt ! ~ ue qui donne l ' alcool quand on Ic tFan ' formc en oxatate en te faisant digérer avec de roxatatc argpntiqtte et ~ tt * ou décompose ectoi - ct par te gaz ammouiae sec .",
                  "id": "16",
                  "title": "Éléments de chimie organique, ou asynthétique (2e partie) / par le Dr Sacc,..."
            },
            {
                  "doc_url": "https://gallica.bnf.fr/ark:/12148/bpt6k4221415z",
                  "emotions": [
                        "disgust",
                        "disapproval"
                  ],
                  "excerpt": "Le Comité croit qu ’ on peut encore perfectionner cette emplâtre en retranchant le Mélilot .Cette plante eft abfolument inutile , ôc fon odeur eft défagréable ( a ) .Cette raifon fuffit pour la faire bannir ; car il eft très - important d ’ employer dans les maladies , autant qu ’ il eft polhble , tous les moyens capables de diminuer l ’ agitation des malades , & de leur procurer de la tranquillité .",
                  "id": "17",
                  "title": "Pharmacopée du collège royal des médecins de Londres. Tome 1 / , traduite de l'anglois sur la seconde édition donnée avec des Remarques, par le docteur H. Pemberton... augmentée de plusieurs notes & observations, & d'un grand nombre de procédés intéressans, avec les vertus & les doses des medicamens. Tome premier [-second]"
            },
            {
                  "doc_url": "https://gallica.bnf.fr/ark:/12148/bpt6k6209281m",
                  "emotions": [
                        "disgust",
                        "annoyance"
                  ],
                  "excerpt": "rak de tout un côté .Chez l ' enfant , il se manifesta une éruption trèsete * dut dans le cuir chevelu , qui répandait une odeur fort désagréable .14 refit tous rétablis , après avoir souffert pendant plusieurs mois .",
                  "id": "18",
                  "title": "Traité de toxicologie. Tome 2 / par M. Orfila,..."
            },
            {
                  "doc_url": "https://gallica.bnf.fr/ark:/12148/bpt6k58078975",
                  "emotions": [
                        "disgust"
                  ],
                  "excerpt": "— Herbe vivace au milieu des terres incultes : chemins , lieux secs , masures .On utilise toute la plante qui dégage une odeur aromatique , une saveur amère ; elle contient une matière azotée amère et une ' la 88 HOMÉOBATHIB COMPLEXE huilé - volatile .Son action se fait particulièrement sentir s » r l ' utérus et aide à la réapparition des règles : elle est en même temps tonique , stimulante et antispasmodique .",
                  "id": "19",
                  "title": "Homéopathie complexe : théorique et pratique (4e édition revue et augmentée) / Dr A. Marçais"
            },
            {
                  "doc_url": "https://gallica.bnf.fr/ark:/12148/bpt6k6209281m",
                  "emotions": [
                        "disgust"
                  ],
                  "excerpt": "Immédiatement après l ' ingestion des amandes , les deux enfants éprouvèrent un changement si grand et si rapide dans leur apparence extérieure , que les parents alarmés envoyèrent sans retard réclâmer les soins de M er , Le garçon , qui gambadait encore un quart d ' heure auparavant ? e ' ? couché dans le coin d ' une causeuse ; il était pâle , la face grippée , tralu défigurés , la pupille dilatée , la respiration suspirieuse ; il y avait sown0 ' eDC ^ continuelle , et un relâchement remarquable de tous les membres .Il ait d ' éprouver plusieurs vomissements spontanés qui avaient procuré l ' espulsl ( , ! d ' une grande quantité d ' amandes amères grossièrement mâchées , don ht nature était facilement reconnaissable à l ' odeur prononcée d ' acide drique qu ' elles exhalaient .deS La petite fille , qui en avait mangé une moindre dose , était atteint mêmes symptômes que son frère , mais à un degré moindre .",
                  "id": "20",
                  "title": "Traité de toxicologie. Tome 2 / par M. Orfila,..."
            }
      ]
}