{
      "articles": [
            {
                  "doc_url": "https://gallica.bnf.fr/ark:/12148/bpt6k6518572c",
                  "emotions": [
                        "disgust"
                  ],
                  "excerpt": "L ' herbe aux puces a , dit - on , la vertu de chasser ces insectes .La vergerette odorante posséderait celle de faire fuir les punaises .La poudre de pyrèthre les tue .",
                  "id": "1",
                  "title": "Les Parfums et les fleurs, par A. Debay"
            },
            {
                  "doc_url": "https://gallica.bnf.fr/ark:/12148/bpt6k6518572c",
                  "emotions": [
                        "disgust"
                  ],
                  "excerpt": "C ' est à l ' odeur que les animaux herbivores distinguent les bonnes herbes des mauvaises ; le flair les dirige sûrement dans ce triage , et tout le monde a pu être témoin du merveilleux instinct dont la nature les a doués à cet égard .Les odeurs nauséeuses , fétides , nous repoussent et semblent , par là , nous prévenir de leur pernicieuse influence ; les odeurs suaves , au contraire , nous invitent à les respirer .Cependant il faut se tenir en garde contre leurs délicieuses émanations : si l ' on peut les respirer sans crainte à l ' air libre , on ne le fait pas impunément dans les lieux fermés où l ' air n ' est point renouvelé .",
                  "id": "2",
                  "title": "Les Parfums et les fleurs, par A. Debay"
            },
            {
                  "doc_url": "https://gallica.bnf.fr/ark:/12148/bpt6k641818",
                  "emotions": [
                        "disgust",
                        "doubt"
                  ],
                  "excerpt": "l / oppli .cation que les modernes ont faite de ce nom ancien , it ' ul a pas tnul - n - lmt juste , et notre filcebama est d ' une odeur > i exaltée , qu ' elle en est Ut ' sngri ' able .Vulgairement lierrti .",
                  "id": "3",
                  "title": "Glossaire de botanique ou Dictionnaire étymologique de tous les noms et termes relatifs à cette science . Par Alexandre de Théis"
            },
            {
                  "doc_url": "https://gallica.bnf.fr/ark:/12148/bpt6k9632977c",
                  "emotions": [
                        "disgust"
                  ],
                  "excerpt": "Ils se détruisirent peu à peu : l ' eau , y pénètre bien , mais elle y reste et s ' y putréfie par sa résidence , de même qu ' à Alexandrie .Cette eau se couvre d ' une , peau vcrdàtrc très - puante et éteint môme une lumière par sa vapeur .C ' est aussi à cette cause qu ' il faut rapporter une partie des hémilritées qui y règlent .",
                  "id": "4",
                  "title": "Encyclopédie des sciences médicales. 11, Traité des maladies goutteuses / Barthez. Traité de l'expérience en général ; Traité de la dysenterie / Zimmermann ; traduit par Le Febvre de Villebrune"
            },
            {
                  "doc_url": "https://gallica.bnf.fr/ark:/12148/bpt6k11773617",
                  "emotions": [
                        "disgust"
                  ],
                  "excerpt": "Le liquide qu ’ elles contiennent se montre opalescent , et exhale une odeur fortement désagréable , — c ’ est de l ' eau de goudron , très généralement mal préparée .Aussi la boisson est - elle douée d ’ une saveur acre et répugnante .C ’ est que certaines précautions sont à observer , voire pour réaliser les préparations même les plus simples .",
                  "id": "5",
                  "title": "Pharmacie domestique, préparation et emploi des médicaments / par Paul Hubault,..."
            },
            {
                  "doc_url": "https://gallica.bnf.fr/ark:/12148/bpt6k4225700s",
                  "emotions": [
                        "disgust",
                        "annoyance"
                  ],
                  "excerpt": "- — Le cuivre est d ’ une belle couleur rouge .Frotté entre les doigts , il dégage une odeur désagréable .Il fond à la chaleur rouge .",
                  "id": "6",
                  "title": "Chimie, à l'usage de tous les établissements d'instruction publique, par J.-Henri Fabre,..."
            },
            {
                  "doc_url": "https://gallica.bnf.fr/ark:/12148/bpt6k11707727",
                  "emotions": [
                        "disgust"
                  ],
                  "excerpt": ") ari , î de zinc ( Fabrication de ) par la combus - ' • i ° n du métal ' ail chiment : * ° Des lîls , des toiles et de la pâte h pa - ^ Ier par le chlore Inconvénients Vapeurs nuisibles .Vapeurs accidentelles Fmanations nuisibles Odeur cl poussière .Bruit et ébranlement bruit et poussière .",
                  "id": "7",
                  "title": "Guide pratique de l'administration française / par A. Andréani,..."
            },
            {
                  "doc_url": "https://gallica.bnf.fr/ark:/12148/bpt6k4225700s",
                  "emotions": [
                        "disgust"
                  ],
                  "excerpt": "— Le produit de la combustion directe du soufre est le gaz acide sulfureux .L ’ odeur piquante que l ’ on appelle mal à propos odeur de soufre , provient de ce gaz et non du soufre lui - même .Rien n ’ est donc plus facile que d ’ obte nir de l ’ acide sulfureux : il suffit de brûler directement du soufre , soit dans de l ’ oxygène , soit simplement dans de l ’ air .",
                  "id": "8",
                  "title": "Chimie, à l'usage de tous les établissements d'instruction publique, par J.-Henri Fabre,..."
            },
            {
                  "doc_url": "https://gallica.bnf.fr/ark:/12148/bpt6k31181x",
                  "emotions": [
                        "disgust"
                  ],
                  "excerpt": "les urines sont augmentées .et elles ont un arôme re - < marquab ! e .S ' il existe dans le corps ' que l ' on médicamente un tissu ou un organe qui présente une condition morbide , qui soit le siége , par exemple , d ' un travail inflammatoire , c ' est surtout là que tes principes des cubèbes sembleront se porter on y apercevra un changement , une modification qui décèlera l ' action que ces principes exercent sur ce point .",
                  "id": "9",
                  "title": "Traité élémentaire de matière médicale. Tome 2 / , par J.-B.-G. Barbier,..."
            },
            {
                  "doc_url": "https://gallica.bnf.fr/ark:/12148/bpt6k5458258q",
                  "emotions": [
                        "disgust"
                  ],
                  "excerpt": "C ' est que , dans les parties déclives de la cavité , la membrane , en contact prolongé avec des gaz et des liquides presque putrescents , se laisse peu à peu vaincre et pénétrer , non sans doute par les éléments figurés , mais par la partie ténue de l ' humeur .Ainsi naît et se constitue l ' infection putride .J ' insiste sur la condition - du contact prolongé ; car tout prouve qu ' au point de vue pathogénique , elle est essentielle ; sans elle point d ' infection putride , quand même existeraient toutes les autres conditions de putridité .",
                  "id": "10",
                  "title": "De la fièvre traumatique et de l'infection purulente / par P.-Ém. Chauffard,..."
            },
            {
                  "doc_url": "https://gallica.bnf.fr/ark:/12148/bpt6k5439457r",
                  "emotions": [
                        "disgust",
                        "fear",
                        "nostalgia"
                  ],
                  "excerpt": "Après qu ' ils se sont bien tantouillés clans ces eaux et y ont laissé des îles de crasses flottantes , les femmes y viennent à leur tour ; elles achèvent d ' époissir ces cloaques de leurs infections , qui empuantiraient le papier qui voudrait descrire leurs façons de faire aux bains , auxquels la loy et la conscience les obligent pour se purifier dignement .A peine peust - on penser aux ordures et fanges et aux eaux puantes qui sortent de ces lieux , que le coeur ne bondisse .Proche des bains sera le mengelab 1 qui est une grandissime fosse où l ' on descharge toutes ces eaux qui , après avoir servi , ont presque perdu le nom d ' eau .",
                  "id": "11",
                  "title": "Estat de la Perse en 1660 / par le P. Raphaël du Mans,... ; publié avec notes et appendice par Ch. Schefer,..."
            },
            {
                  "doc_url": "https://gallica.bnf.fr/ark:/12148/bpt6k6152315x",
                  "emotions": [
                        "disgust"
                  ],
                  "excerpt": "dules péritonéaux ne concile long et gra - dans les cultures foncée , plissée , tenant pas de cellules nuleux sur agar sur le lait .odeur désagré - géantes ni de ■ caséificapeptonée et gly - able .ti .",
                  "id": "12",
                  "title": "Travail du laboratoire de médecine expérimentale de la Faculté. Étude sur les bactéries dites \"acidophiles\", les paratuberculibacilles / par le Dr Maurice Potet"
            },
            {
                  "doc_url": "https://gallica.bnf.fr/ark:/12148/bpt6k9632977c",
                  "emotions": [
                        "disgust"
                  ],
                  "excerpt": "— Il y a des gens qui digèrent aisément du bœuf , et à qui l ' oiseau le plus tendre donne des indigestions .Le café est un vomitif pour quelques sujets : d ' autres ne peuvent soutenir des odeurs agréables à tout le monde : d ' autres éprouvent , de certaines drogues , des effets tout contraires à la nature de ces drogues : le diascordium les purgera , tandis qu ' ils seront constipés par le jalap .Boerhaave a vu des gens s ' enfler par tout le corps , après avoir mangé des cerises ou quelques grappes de groseilles .",
                  "id": "13",
                  "title": "Encyclopédie des sciences médicales. 11, Traité des maladies goutteuses / Barthez. Traité de l'expérience en général ; Traité de la dysenterie / Zimmermann ; traduit par Le Febvre de Villebrune"
            },
            {
                  "doc_url": "https://gallica.bnf.fr/ark:/12148/bpt6k5787747w",
                  "emotions": [
                        "disgust",
                        "fear",
                        "disapproval",
                        "embarrassment",
                        "disappointment",
                        "guilt"
                  ],
                  "excerpt": "di - ! vin parfum , & qu ' encore il falloit le chercher dans de vieilles hiftoires : que fait l ' illustre SCHELING ? fans autre conseil que son propre nez formé pour flairer les grandes 27 choses , il ressuscite l ' ambre & il juge qu ' un habit impregné d ' une auffi douce fragrance , doit délicieusement affecter les narines du bel air & renvoyer jusqu ' au fond de l ' ame ces titillations d ' agrément & de plaisir , dont parl e Pline le naturaliste dans son ouvrage sur le sentiment .O vous qui redoutez les parfums , & qui n ' avez de goût que pour les mauvaises odeurs , ayez honte de vous mêmes , 1 apreriez du grand homme que nous pleurons qu ' on s ' exile de la Patrie des grâces , si - tôt qu ' on ne perte pas d ' habits musqués .Tout nous prêche & nous inspire les plaisirs de l ' odorat : les fleurs , les fruits , Si jusques à l ' encens qu ' on brûle à la gloire des immortels , de forte 28 que toute personne qui prend la resolution de ne rien flairer , a un nez inutile , & peut passer pour un hors d ' oeuvre dans la nature .",
                  "id": "14",
                  "title": "Oraison funebre de très-habile, très-élégant , tres-merveilleux Christophe Scheling, maitre tailleur de Paris, prononcée le 18 février 1761, dans la salle du célèbre Aléxandre, limonadier au boulevart."
            },
            {
                  "doc_url": "https://gallica.bnf.fr/ark:/12148/bpt6k641818",
                  "emotions": [
                        "disgust",
                        "disapproval"
                  ],
                  "excerpt": "BALLOTA .En grec 6 » * * « r » , dérivé de SaXXa , je rejette , à cause de son odeur détestable dont Pline et Dioscoride font mention .Vulgairement marrube - noir .",
                  "id": "15",
                  "title": "Glossaire de botanique ou Dictionnaire étymologique de tous les noms et termes relatifs à cette science . Par Alexandre de Théis"
            },
            {
                  "doc_url": "https://gallica.bnf.fr/ark:/12148/bpt6k1073368n",
                  "emotions": [
                        "disgust"
                  ],
                  "excerpt": "Ils avaient de grands museaux avec des lèvres pendantes gonflées , crispées , épaisses , d ' une couleur de pourriture , avec des mâchoires aux longues dents inégales , rouillées , gâtées , pareilles à de la vieille ferraille , avec des gencives déchaussées , dégarnies et que les lèvres ne recouvraient pas .Leur laide bouche était béante , garnie de crocs saillants comme les défenses d ' un sanglier écumant qu ' on chasse , et d ' une puanteur dégoûtante .Leur face était hideuse , d ' un ton noirâtre et boueux , pleine de verrues , pleine de sillons .",
                  "id": "16",
                  "title": "Le songe de Poliphile ou Hypnérotomachie de frère Francesco Colonna. Tome 2 / littéralement traduit pour la première fois, avec une introduction et des notes, par Claudius Popelin ; figures sur bois gravées à nouveau par A. Prunaire"
            },
            {
                  "doc_url": "https://gallica.bnf.fr/ark:/12148/bpt6k65688610",
                  "emotions": [
                        "disgust",
                        "annoyance"
                  ],
                  "excerpt": "Dès 1762 , le médecin Fournier appelait l ' attention sur ce fait , si grave pour le bien - être de la population de Dijon .Il disait que les eaux de puits de certains quartiers de cette ville ont un goût désagréable , qu ' elles déposent un limon filandreux blanchâtre , des concrétions pierreuses , un sédiment d ' une odeur forte qui avancent promptemenl leur corruption .Enfin elles contribuent , suivant lui , au gonflement des glandes du col dont les personnes du sexe sont attaquées dans celle ville .",
                  "id": "17",
                  "title": "Mémoire sur plusieurs réactions chimiques qui intéressent l'hygiène des cités populeuses : lu à l'Académic des sciences, le 9 et le 11 novembre 1846 / par M. E. Chevreul ; Société impériale et centrale d'agriculture"
            },
            {
                  "doc_url": "https://gallica.bnf.fr/ark:/12148/bpt6k6580530g",
                  "emotions": [
                        "disgust"
                  ],
                  "excerpt": "En Chine , où les fumiers sont rares et peu recherchés , l ' agriculture trouve depuis quatre mille ans , dans les excréments humains , recueillis avec le plus grand soin et traités avec intelligence , les ressources nécessaires pour se maintenir au haut degré de perfection qui lui permet de faire vivre la population nombreuse de ce vaste empire .Chez nous , il n ' est pas fait usage de ces matières précieuses , parce qu ' elles répandent une odeur infecte dont le principe est contraire à tous les êtres vivants , animaux et plantes , et qui nous répugne pour cette raison .Cette odeur désagréable , insupportable à un certain degré d ' intensité , provient du carbonate d ' ammoniaque et du gaz hydrogène sulfuré qui s ' échappent des excréments .",
                  "id": "18",
                  "title": "Des engrais en général, et spécialement de la manière de traiter les fumiers et le purin pour en conserver toute la valeur fertilisante ; suivie de la Manière de traiter les matières fécales (2e édition) / par Michel Greff,..."
            },
            {
                  "doc_url": "https://gallica.bnf.fr/ark:/12148/bpt6k65665546",
                  "emotions": [
                        "disgust",
                        "disapproval",
                        "disappointment"
                  ],
                  "excerpt": "Je la pris dans ma main et , après l ' avoir sentie , je la lui rendis aussi honnêtement que je pus .Il apporta du chenil des Yahoos un morceau de chair d ' âne , mais cela sentait si mauvais que je m ' en détournai avec dégoût .Alors il le jeta à un Yahoo qui le dévora avidement .",
                  "id": "19",
                  "title": "Voyages de Gulliver / Jonathan Swift ; traduction nouvelle et complète par B.-H. Gausseron"
            },
            {
                  "doc_url": "https://gallica.bnf.fr/ark:/12148/bpt6k641818",
                  "emotions": [
                        "disgust"
                  ],
                  "excerpt": "' KDEUIA { poedor , pœderis , puanteur ) .Cette plante exhale une odeur très - fétide .Commerson a donné au ptederia le nom de danais , parce que , dans plusieurs de ses fleurs , les pistils faisant périr les étamines ( dans d ' autres , c ' est le contraire ) , il en fait allusion auxDanaïdes de la mythologie , qui tuèrent leurs maris .",
                  "id": "20",
                  "title": "Glossaire de botanique ou Dictionnaire étymologique de tous les noms et termes relatifs à cette science . Par Alexandre de Théis"
            }
      ]
}