{
      "articles": [
            {
                  "doc_url": "https://gallica.bnf.fr/ark:/12148/bpt6k10982492",
                  "emotions": [
                        "disgust"
                  ],
                  "excerpt": "cite plante aime les lieux frais , les bois montagneux et les ombrages ; on la rencontre assez souvent aussi près des habitations .On reconnaît la belladone aux caractères suivants : — Sa lige est haute de 8 h 15 décimètres , droite , rameuse , couverte de poils courts ; ses feuilles molles , grandes , ovales , pointues , impriment aux doigts , lorsqu ' on les froisse , une odeur désagréable et qui fait mal au coeur .Ses fleurs d ’ un brun - rougeâtre .",
                  "id": "1",
                  "title": "Dictionnaire d'agriculture pratique comprenant tout ce qui se rattache à la grande culture, au jardinage, à la botanique, à la culture des arbres et des fleurs, à la chimie, à la médecine humaine et vétérinaire, à l'entomologie, à la géologie, et à la mécanique agricole ; par M. P. Joigneaux, auteur de la Chimie du cultivateur, d'un traité des engrais, etc., et M. C. Moreau, docteur en médecine. Tome premier [-second]"
            },
            {
                  "doc_url": "https://gallica.bnf.fr/ark:/12148/bpt6k5807926f",
                  "emotions": [
                        "disgust",
                        "annoyance"
                  ],
                  "excerpt": "Les branches feuillées de cet arbre fournissent des couleurs indestructibles ; son écorce est riche en tannin , eldonne , lorsqu ' elle est carbonisée , une belle couleur noire .Les fleurs mâles du châtaignier répandent une odeur de sperme très - désagréable .Enfin , quant aux fruits , connus sous le nom de châtaignes , on les récolte au mois de septembre , où ils se séparent de leur brou épineux et tombent par lerre .",
                  "id": "2",
                  "title": "Nouvelle pharmacopée homoeopathique, ou de la Préparation des médicaments homoeopathiques et de l'administration des doses / par G. H. G. Jahr"
            },
            {
                  "doc_url": "https://gallica.bnf.fr/ark:/12148/bpt6k58366547",
                  "emotions": [
                        "surprise",
                        "disgust",
                        "excitement",
                        "greed"
                  ],
                  "excerpt": "Ils vont se renversant tous sans dessous dessus , Et chacun d ' eux veut avoir le dessus .Cette supposée merveille du monde , Amoncelée ainsi pendant six ans , Vint à pourrir , exhalant de ses flancs Des senteurs nauséabondes ; Jusqu ' au jour où , avec éclat , Avec grand bruit et grand fracas , ! On vit s ' ébouler sur la terre La Babel des pommes de terre ! Voilà quel fut le châtiment — 32 — De cette abjecle et misérable race , Pour son orgueil si insolen t Et son avidité rapace .De toute oeuvre d ' étroit égoïsme ici - bas Le lien ainsi se dénoué , Mais de celle - ci il ne resta Qu ' un grand amas de boue .",
                  "id": "3",
                  "title": "Fables et poésies polonaises / publiées par le comte V.-H. de Rochetin. Précédées d'une lettre de Henri Martin"
            },
            {
                  "doc_url": "https://gallica.bnf.fr/ark:/12148/bpt6k5807926f",
                  "emotions": [
                        "disgust"
                  ],
                  "excerpt": "Semences petites , nombreuses , allongées .A l ' état frais , celle plante a une saveur répugnante , amère et acre ; son odeur est presque nulle .On récolte la plante fraîche el entière au mois de juin , avant que ses fleurs se développent , et on la traite comme toutes les autres plantes fraîches .",
                  "id": "4",
                  "title": "Nouvelle pharmacopée homoeopathique, ou de la Préparation des médicaments homoeopathiques et de l'administration des doses / par G. H. G. Jahr"
            },
            {
                  "doc_url": "https://gallica.bnf.fr/ark:/12148/bpt6k267801m",
                  "emotions": [
                        "surprise",
                        "disgust"
                  ],
                  "excerpt": "Par Mahomet , disait Mahmoud , voilà de bien beaux janissaires , c ' est dommage qu ' ils ne sentent pas la rose .Et le sultan se bouchait le nez car , héréditairement , les souverains de la Porte Ottomane possèdent un odorat d ' une finesse extraôidinaire , et ce jour - là le camp de l ' armée auxiliaire avait un parfum indéfinissable de vieilles bottes .La chaussure des soldats russes , est très ( mal tenue .",
                  "id": "5",
                  "title": "Le Figaro : journal littéraire : théâtre, critique, sciences, arts, moeurs, nouvelles, scandale, économie domestique, biographie, bibliographie, modes, etc., etc."
            },
            {
                  "doc_url": "https://gallica.bnf.fr/ark:/12148/bpt6k9625946g",
                  "emotions": [
                        "disgust",
                        "indifference"
                  ],
                  "excerpt": "conséquent , dans le système musculaire .Un goût fade , nauséabond même pour certaines personnes , caractérise les bouillons de veau .La différence des principes qu ' ils contiennent , influe même sur les organes gastriques , ' dont ils excitent la contraction ; ils lâchent le ventre , comme on le dit ; phénomène étranger aux bouillons ordinaires .",
                  "id": "6",
                  "title": "Anatomie générale de Xavier Bichat / [publiée par les soins de MM. les Drs Serres, Gerdy et Huguier]"
            },
            {
                  "doc_url": "https://gallica.bnf.fr/ark:/12148/bpt6k64605j",
                  "emotions": [
                        "disgust",
                        "pain"
                  ],
                  "excerpt": "C ' est un philtre d ' apaisement instillé dans mes veines , c ' est le reflet , dans mon âme de névrose , de tout le bleu de ce ciel d ' Afrique , de l ' imperturbable flegme , de la contemplative roideur de ces fils du désert , accroupis à terre et fumant le kif , savourant le kaouah ou traînant le silencieux défi de leurs ' loques barbares le long de nos rues de conquête et de civilisation , derrière leurs dromadaires au pas lourd et rythmé comme un tamtamarre de darboucka .Il semble qu ' en mon sang se soit infusé une morphine composite , aux principes stupéfiants , aphrodisiaques , enjôlant , éperdant mon cerveau , de caresses et de vertige , ainsi qu ' un breuvage de démon - sybarite , mélange combiné de vins blonds d ' Asti et de Syracuse , de vin rose de Carthage et de Chianti et de vins noirs et épais de Mythilénela - Damnée .Et ma volonté , lentement , se dilue et mon énergie s ' édulcore , se fait lâche .",
                  "id": "7",
                  "title": "Eros rosse / Marcel Mouton"
            },
            {
                  "doc_url": "https://gallica.bnf.fr/ark:/12148/bpt6k9800263z",
                  "emotions": [
                        "disgust",
                        "anger"
                  ],
                  "excerpt": "S 1 .Des gaz délétères .L ' oxygène tempéré par l ' azote étant le seul gaz respirable , tous les autres sont , de leur nature , délétères .",
                  "id": "8",
                  "title": "Recueil d'éléments d'hippologie : d'après MM. Girard, le baron Richerand, Milne Edwards, Lecoq, Gronier, Hurtrel d'Arboval et Beucher de Saint-Ange, destiné aux officiers et sous-officiers de cavalerie... / par le chevalier L. de Quillinan,..."
            },
            {
                  "doc_url": "https://gallica.bnf.fr/ark:/12148/bpt6k6128044n",
                  "emotions": [
                        "disgust"
                  ],
                  "excerpt": "Ces vésicules restent parfois stationnaires pendant un jour ou deux ; mais en général elles s ' ouvrent immédiatement après leur formation , parce que le malade ne peut s ' empêcher de se gratter pour apaiser ses démangeaisons .Il s ' en échappe un liquide séreux , dont l ' odeur , assez désagréable pour inspirer du dégoût aux assistants et au malade lui - même , est si particulière , disent les médecins anglais , qu ' il soffit de l ' avoir sentie une fois pour la reconnaître toujours .Le fluide coule en plus grande quantité du scrotum , des aines , du côté interne des cuisses , de toutes les parties où la peau forme des plis et offre des glandes sébacées abondantes .",
                  "id": "9",
                  "title": "Histoire des maladies vénériennes / par le Dr Michel Villemont..."
            },
            {
                  "doc_url": "https://gallica.bnf.fr/ark:/12148/bpt6k5604380r",
                  "emotions": [
                        "disgust"
                  ],
                  "excerpt": "Mademoiselle Clément , âgée de 12 ans , demeurant rue Aumaire , 53 , souffrait , depuis dix ans , d ' élancemens qui s ' étendaient profondément dans le conduit de l ' audition , lui causaient une vive douleur , la gênaient dans les mouvemens du cou , et lui faisaient éprouver de fréqtiens maux de tête : un écoulement d ' une humeur épaisse et verdâtre .répandant — 5 — une odeur fétide , s ' y était établi .Cette jeune personne , avait toujours été , depuis sa naissance , d ' une chétive santé , sa figure était pâle et triste : ses païens la firent voir à quatre médecins qui , malgré la variété de leurs soins , n ' améliorèrent pas sa santé plus qu ' ils ne guérirent l ' affection de l ' oreille .",
                  "id": "10",
                  "title": "Recueil de guérisons radiales obtenues aux consultations gratuites de la médecine chimique, contenant l'analyse du corps humain, du sang et des eaux minérales, les moyens de conserver sa santé et de prolonger son existence, par le Dr Rey de Jougla,... 2e édition"
            },
            {
                  "doc_url": "https://gallica.bnf.fr/ark:/12148/bpt6k96108573",
                  "emotions": [
                        "disgust"
                  ],
                  "excerpt": "feu , de l ' eau , etc .Fumigations aromatiques .— On les pratique en dirigeant , à l ' aide du calorique , des substances volatiles odorantes sur les objets que l ' on veut désinfecter .",
                  "id": "11",
                  "title": "Principes d'agriculture et d'hygiène vétérinaire (2e édition refondue) / par J.-H. Magne,..."
            },
            {
                  "doc_url": "https://gallica.bnf.fr/ark:/12148/bpt6k10982492",
                  "emotions": [
                        "disgust",
                        "annoyance"
                  ],
                  "excerpt": "— Toules les fois que vous conservez , sans le saler ni le fondre , du beurre ordinaire , le petit - lait et les parties de fromage , qui s ’ y trouvent , déterminent une fermentation , et au bout de quelques jours , ce beurre n ’ est plus mangeable .Il devient fort et il s ’ en exhale une odeur désagréable .Cette odeur et cette saveur sont ducs à la formation de l ' acide butyrique .",
                  "id": "12",
                  "title": "Dictionnaire d'agriculture pratique comprenant tout ce qui se rattache à la grande culture, au jardinage, à la botanique, à la culture des arbres et des fleurs, à la chimie, à la médecine humaine et vétérinaire, à l'entomologie, à la géologie, et à la mécanique agricole ; par M. P. Joigneaux, auteur de la Chimie du cultivateur, d'un traité des engrais, etc., et M. C. Moreau, docteur en médecine. Tome premier [-second]"
            },
            {
                  "doc_url": "https://gallica.bnf.fr/ark:/12148/bpt6k9617731p",
                  "emotions": [
                        "disgust"
                  ],
                  "excerpt": "Sur l ' oreiller se détachent des figures martiales , sillonnées de balafres , avec des lèvres décolorées et des regards alanguis .Au chevet , les bols de tisane , les fioles étiquetées , que le patient déteste , et dont l ' odeur fade l ' écœure , lui qui vivait dans l ' odeur âcre de la poudre et du sang .Quelques - uns , de leurs mains amaigries , tiennent encore le livre qu ' ils lisaient , pour tromper l ' ennui des longues heures de la journée .",
                  "id": "13",
                  "title": "Figure de prêtre, scènes de la vie cléricale, par Charles Buet. Nouvelle édition"
            },
            {
                  "doc_url": "https://gallica.bnf.fr/ark:/12148/bpt6k14176709",
                  "emotions": [
                        "disgust",
                        "annoyance"
                  ],
                  "excerpt": "Les solutions de chlore , de chlorure de soude et de chlorure de chaux ont rendu sous ce rapport de signalés services à la médecine et à la salubrité publique , depuis surtout que Labarraque a indiqué , il y a plus de trente ans , une nouvelle manière d ’ en faire usage .Mais l ’ odeur du chlore , désagréable par elle - même , n ’ est pas facile à supporter , ni sans inconvé - ( 1 ) Institut , Note du 8 août 1859 .( 2 ) Note du 2 août 1859 .",
                  "id": "14",
                  "title": "Le Moniteur des sciences médicales et pharmaceutiques / rédacteur en chef M. H. de Castelnau"
            },
            {
                  "doc_url": "https://gallica.bnf.fr/ark:/12148/bpt6k9648717j",
                  "emotions": [
                        "disgust"
                  ],
                  "excerpt": "Mai - juin ; prairies du pied et région moyenne .Aspérule odorante , Hépatique des bois , Aspe - rula odorata .Mai - juin ; bois , en - dessous de la Thuile , près Convers , etc .",
                  "id": "15",
                  "title": "Au Salève : souvenirs, description et légendes / Alfred Tonneau ; photographies d'Edmond Meylan"
            },
            {
                  "doc_url": "https://gallica.bnf.fr/ark:/12148/bpt6k5807926f",
                  "emotions": [
                        "disgust"
                  ],
                  "excerpt": "; elle croît sur les décombres , au pied des murs , autour des villages et des maisons , dans les lieux sablonneux , le long des chemins , etc .Racine fusiforme , presque verticale , ligneuse , chevelue , blanche ; lige dressée , arrondie , élevée de 6 à 9 décimèirès , branchue , glabre ; feuilles anguleuses , allernes , pèdonculées , axillaires , ovales , sinueuses , larges , pointues , glabres , d ' un vert foncé en dessus , plus pâle en dessous , d ' une odeur narcotique en se flétrissant , d ' une saveur amère , nauséeuse .Corolle grande , en entonnoir , - blanche ; calice tubuleux , à cinq divisions , caduc , à pédoncules TANACETUM VULGARE .",
                  "id": "16",
                  "title": "Nouvelle pharmacopée homoeopathique, ou de la Préparation des médicaments homoeopathiques et de l'administration des doses / par G. H. G. Jahr"
            },
            {
                  "doc_url": "https://gallica.bnf.fr/ark:/12148/bpt6k62262s",
                  "emotions": [
                        "disgust"
                  ],
                  "excerpt": "ser pour une bégueule , entrer au bal des grandes ' personnes , où plus d ' un cavalier sullicitait l ' honneur de danser la prochaine avec In Françoise .Françoise respirait pour la première fois cette atmosphère hideusement capiteuse ' où les odeurs de quinquets , de poussière , de sueur , se mêlaient aux miasmes du vin et de la fumée .Le bruit des gros souliers et des balancements rythmiques couvrait à maintes reprises les efforts des instruments épuisés .",
                  "id": "17",
                  "title": "Pile-de-Pont / par Albert Pinard,..."
            },
            {
                  "doc_url": "https://gallica.bnf.fr/ark:/12148/bpt6k61080851",
                  "emotions": [
                        "disgust"
                  ],
                  "excerpt": "Cependant , on dit que son écorce amère et catharlique est un puissant fébrifuge , et que deux grains suffisent pour produire l ' effet d ' une dose ordinaire de quinquina .Le bois de ces deux végétaux a une odeur très - repoussanle \" et , dans les pays où ils sont indieèues , on s ^ en sert pour stupéfier le poisson .VHasseltia arborea doit se ranger parmi les végétaux vénéneux .",
                  "id": "18",
                  "title": "Dictionnaire français illustré et encyclopédie universelle, ouvrage qui peut tenir lieu de tous les vocabulaires et de toutes les encyclopédies... publication nouvelle... dirigée par R. D. de Vorepierre et A. M. de Marcoux..."
            },
            {
                  "doc_url": "https://gallica.bnf.fr/ark:/12148/bpt6k5807926f",
                  "emotions": [
                        "disgust"
                  ],
                  "excerpt": "menées en graines fines , vertes , anguleuses , sans aigrette , couronnées par un rebord anguleux .Toutela plante a une odeur désagréable , camphrée ; la saveur en est amère , aromatique .Pour l ' usage homoeopalhique , , on récolte l ' herbe de la plante et les sommités fleuries des branches , depuis juillet jusqu ' en août , on en exprime le suc , et on le traite comme celui de toutes les autres plantes fraîches .",
                  "id": "19",
                  "title": "Nouvelle pharmacopée homoeopathique, ou de la Préparation des médicaments homoeopathiques et de l'administration des doses / par G. H. G. Jahr"
            },
            {
                  "doc_url": "https://gallica.bnf.fr/ark:/12148/bpt6k14176709",
                  "emotions": [
                        "disgust"
                  ],
                  "excerpt": "Huile brune 323 — Eau ammoniacale 043 — Gaz 080 — • 1 , 000 — L ’ huile brime est plus légère que l ’ eau .Son odeur faiblement aromatique n ’ a rien de désagréable .Battue avec 3 pour 100 d ’ acide sulfurique et rectifiée , elle se dédouble de la manière suivante : Essence légère et blonde .",
                  "id": "20",
                  "title": "Le Moniteur des sciences médicales et pharmaceutiques / rédacteur en chef M. H. de Castelnau"
            }
      ]
}