{
      "articles": [
            {
                  "doc_url": "https://gallica.bnf.fr/ark:/12148/bpt6k5604380r",
                  "emotions": [
                        "disgust"
                  ],
                  "excerpt": "Roseau , rue du Rocher , 19 , a un enfant atteint de la teigne pendant quatre ans ; il fut envoyé en traitement aux Soeurs Saint - Thomas : après huit mois de leurs soins , elles renvoyèrent l ' enfant comme , étant incurable .On nous l ' amena : sa tête était couverte de pustules , qui ne formaient qu ' une large masse sur le sommet , et qui ailleurs étaient diséminées ; la suppuration qui les accompagnaient répandait une odeur des plus désagréables .Par notre méthode , nous avons obtenu la parfaite guérison de cet enfant en un mois .",
                  "id": "1",
                  "title": "Recueil de guérisons radiales obtenues aux consultations gratuites de la médecine chimique, contenant l'analyse du corps humain, du sang et des eaux minérales, les moyens de conserver sa santé et de prolonger son existence, par le Dr Rey de Jougla,... 2e édition"
            },
            {
                  "doc_url": "https://gallica.bnf.fr/ark:/12148/bpt6k5551233z",
                  "emotions": [
                        "disgust"
                  ],
                  "excerpt": "Seul , Burgh dit Main - de - Fer pousse de temps en temps des grognements cle plaisir .Il hume dans l ' air de délectables odeurs : parfums de viandes aromatisées qui saturent l ' atmosphère d ' effluves enivrantes pour un ventre toujours affamé comme celui de maître ( Burgh .j • — Hip ! bip ! fait - il en se frottant les mains et en clappanl sa langue à son palais .",
                  "id": "2",
                  "title": "Le secret du dompteur : grand roman d'aventures / par Louis Noir"
            },
            {
                  "doc_url": "https://gallica.bnf.fr/ark:/12148/btv1b8623276v",
                  "emotions": [
                        "disgust",
                        "greed"
                  ],
                  "excerpt": "On macère aussi les corps en les mettant en infusion dans quelque dissolvant .On les met en fumigation en les exposant à l ' action de quelque exhalaison âcre corrodante .La fumigation est dite humide , quand l ' exhalaison est celle d ' une liqueur ; & on l ' appelle sèche , quand c ' est la fumée du plomb ou du mercure .",
                  "id": "3",
                  "title": "Histoire des philosophes modernes, avec leur portrait gravé dans le goût du crayon... par M. Savérien, publiée par François,..."
            },
            {
                  "doc_url": "https://gallica.bnf.fr/ark:/12148/bpt6k9760586d",
                  "emotions": [
                        "disgust",
                        "disapproval"
                  ],
                  "excerpt": "Il y - en a très - peu de ceux cru on y renferme , qui échappent à c ' e genre de fievre qu ' on nomme Fievre de prijons .Elle y est d ' autant plus maligne , que la prison eSt plus étroite , & d ' une plus mauvaise odeur .Il seroit digne de la sagesse de ceux qui président au gou411 vernement , de rendre ces prisons un peu plus aérées & plus propres , autant au moins que lçr peut permettre l ' usage auquel elles sont deStinées .",
                  "id": "4",
                  "title": "Recueil des oeuvres physiques et médicinales, publiées en anglois et en latin. Tome 1 / , par M. Richard Mead,... traduction française, enrichie des découvertes postérieures à celles de l'auteur, augmentée de plusieurs discours préliminaires et de notes... par M. Coste,..."
            },
            {
                  "doc_url": "https://gallica.bnf.fr/ark:/12148/bpt6k3040529w",
                  "emotions": [
                        "disgust"
                  ],
                  "excerpt": "33 — BELETTE PUTOIS Le Putois , long de 0 m 40 ( queue 0 ni 17 ) , a le pelage brun noirâtre en apparence , mais ce pelage est composé d ' une épaisse fourrure jaunâtre surmontée de longs poils noirâtres ; les oreilles sont petites , bordées de blanc ; entre l ’ œil et l ’ oreille une grande tache blanchâtre ; une bande blanchâtre entourant les lèvres et s ’ élargissant un peu de chaque côté du nez et sous le menton ; la queue noire .Des glandes placées près de l ’ anus répandent une odeur pénétrante .C ’ est une espèce commune partout en France , en Belgique et en Suisse , dans les bois , les lieux couverts de rochers et de carrières abandonnées , et mênn ? exceptionnellement dans les greniers des fermes .",
                  "id": "5",
                  "title": "Atlas de poche des mammifères de la France, de la Suisse romane et de la Belgique, avec leur description, moeurs et organisation, suivi d'une étude d'ensemble sur les mammifères / par René Martin... ; peintures et dessins par A. Bessin"
            },
            {
                  "doc_url": "https://gallica.bnf.fr/ark:/12148/bpt6k54709942",
                  "emotions": [
                        "disgust",
                        "pain"
                  ],
                  "excerpt": "173 Les pupilles sont égales , la langue sèche ; elle ne tremble pas .Du poivre mis dans le nez provoque une sensation piquante et désagréable ; mais il est difficile d ' étudier l ' odorat .Elle paraît voir des choses qui l ' effraient .",
                  "id": "6",
                  "title": "Leçons cliniques sur les maladies mentales et sur les maladies nerveuses / professées à la Salpêtrière par le Dr Auguste Voisin,..."
            },
            {
                  "doc_url": "https://gallica.bnf.fr/ark:/12148/bpt6k58467751",
                  "emotions": [
                        "disgust",
                        "disapproval",
                        "greed"
                  ],
                  "excerpt": "Et l ' on se tait , de peur de devenir complice D ' un blasphème ou d ' un rire amer .Ta bouche d ' impudeur est un puant cratère ; Pas un mot qui ne soit corrupteur ou suspect .Tout noble sentiment sous ton souffle s ' altère , Autour de toi l ' on trace un cordon sanitaire ; La vierge fuit à ton aspect .",
                  "id": "7",
                  "title": "Les Échos de ma lyre, par A. Devoille..."
            },
            {
                  "doc_url": "https://gallica.bnf.fr/ark:/12148/bpt6k96108573",
                  "emotions": [
                        "disgust",
                        "greed"
                  ],
                  "excerpt": "Les plantes qui ont une odeur forte , aromatique , sont peu nutritives ; elles sont plutôt médicinales qu ' alimentaires , et doivent être mêlées à des alimens fades , à titre de condimens .Celles qui ont une odeur repoussante , vireuse , sont vénéneuses , plus ou moins narcotiques .En général , il faut considérer comme mauvais , pour l ' alimentation , les produits végétaux qui , comme la valériane , l ' assa fœtida et l ' ail , ont des odeurs spéciales , fortes : les cruciformes , les ombellifères odorantes et cependant ali - biles , ne forment pas une exception à cette règle , car les espèces de ces familles ne nous fournissent de bons alimens que lorsque , par la culture , nous avons remplacé les principes qu ' on y trouve naturellement par des produits inodores .",
                  "id": "8",
                  "title": "Principes d'agriculture et d'hygiène vétérinaire (2e édition refondue) / par J.-H. Magne,..."
            },
            {
                  "doc_url": "https://gallica.bnf.fr/ark:/12148/bpt6k5807926f",
                  "emotions": [
                        "disgust"
                  ],
                  "excerpt": "Étant fraîche , cette plantea une odeur vireuse , et fétide ; qui , renfermée dans les appartemens , .peut même causer une espèce de narcotisme ; la saveur ert est nauséabonde et reste long - temps sur la langue , C ' est à cause de ses qualités délétères qu ' en français on appelle celle planle Brinvilliers , nom delà marquise de BrinvilliérS , connue par ses empoisonnemens nombreux .— Nous nous servons en homoeopathie de l ' herbe sèche , pulvérisée , dont nous faisons les trois premières atténuations par Ja trituration .",
                  "id": "9",
                  "title": "Nouvelle pharmacopée homoeopathique, ou de la Préparation des médicaments homoeopathiques et de l'administration des doses / par G. H. G. Jahr"
            },
            {
                  "doc_url": "https://gallica.bnf.fr/ark:/12148/bpt6k55385571",
                  "emotions": [
                        "disgust"
                  ],
                  "excerpt": "la .famille des Solanécs ont en général un aspect sombre et une odeur repoussante ; le plus grand nombre renferment des principes vireux qui en font des plantes très vénéneuses .Fig .",
                  "id": "10",
                  "title": "Notions sur les sciences physiques et naturelles, physique, chimie (notation atomique), histoire naturelle : à l'usage des aspirants au brevet élémentaire, avec 518 figures et 140 exercices (6e édition, entièrement refondue) / par les frères des écoles chrétiennes"
            },
            {
                  "doc_url": "https://gallica.bnf.fr/ark:/12148/bpt6k937846m",
                  "emotions": [
                        "disgust",
                        "boredom"
                  ],
                  "excerpt": "C ’ est dans ce morne jardin , pareil à un cimetière abandonné , que l ’ aventureux et brillant Phaéton termina par une chute nouvelle son existence - rajeunie .De cet enclos , à demi - nu déjà , montait une odeur écœurante et fade .Ce n ’ était plus le vivifiant parfum des terres mouillées par les pluies d ’ été , mais un âcre relent , une fiévreuse senteur de marécage , de champignons et de souches spongieuses , désagrégées par la corrosion de l ’ eau et par la boue .",
                  "id": "11",
                  "title": "L'agonie de l'amour : roman / Edmond Jaloux ; hors-texte de Ciolkowski"
            },
            {
                  "doc_url": "https://gallica.bnf.fr/ark:/12148/bpt6k61080851",
                  "emotions": [
                        "disgust"
                  ],
                  "excerpt": ", on dit : Odeur ai .Le levain a une odeur aig .— S ' emploie encore en parlant Des sons aigus , dont le timbre est désagréable .",
                  "id": "12",
                  "title": "Dictionnaire français illustré et encyclopédie universelle, ouvrage qui peut tenir lieu de tous les vocabulaires et de toutes les encyclopédies... publication nouvelle... dirigée par R. D. de Vorepierre et A. M. de Marcoux..."
            },
            {
                  "doc_url": "https://gallica.bnf.fr/ark:/12148/bpt6k203820c",
                  "emotions": [
                        "disgust"
                  ],
                  "excerpt": "L ' enfant ne pouvait pas sortir la langue de la bouche , cependant elle avalait encore assez aisément , .La salivation était abondante , et la cavité buccale exhalait une odeur d ' une insupportable fétidité .La peau était ardente , le pouls dépassaitl & O .",
                  "id": "13",
                  "title": "Traité clinique et pratique des maladies des enfants. T. 1 / par MM. Rilliet et Barthez,..."
            },
            {
                  "doc_url": "https://gallica.bnf.fr/ark:/12148/bpt6k10982492",
                  "emotions": [
                        "disgust",
                        "annoyance"
                  ],
                  "excerpt": "Elle est connue vulgairement sous le nom d ' herbe - aux - chats , à cause du plaisir que ces animaux éprouvent à se rouler sur elle , comme sur la valériane .Son odeur est forte et assez désagréable ; sa fétidité la fait repousser des jardins .Elle croit dans les lieux pierreux , sur le bord des champs , des haies , des murs , près des villages .",
                  "id": "14",
                  "title": "Dictionnaire d'agriculture pratique comprenant tout ce qui se rattache à la grande culture, au jardinage, à la botanique, à la culture des arbres et des fleurs, à la chimie, à la médecine humaine et vétérinaire, à l'entomologie, à la géologie, et à la mécanique agricole ; par M. P. Joigneaux, auteur de la Chimie du cultivateur, d'un traité des engrais, etc., et M. C. Moreau, docteur en médecine. Tome premier [-second]"
            },
            {
                  "doc_url": "https://gallica.bnf.fr/ark:/12148/bpt6k6128044n",
                  "emotions": [
                        "disgust",
                        "pain"
                  ],
                  "excerpt": "CHAPITRE IV QUI FAIT SUITE AU CHAPITRE PREMIER Nous devions , pour preuve de véritable impartialité , intercaler les raisons et documents de ceux qui ne veulent pas que la syphilis remonte à la plus haute antiquité .Joseph Grûnbeck , pour qui l ' épidémie n ' était que la mentagre des anciens , en trace ainsi le hideux tableau : a Quelques - uns étaient atteints , de la tête aux genoux , d ' une gale dégoûtante et horrible , sale et noire , envahissant toute la face , le cou , la tête , la poitrine , le pubis , à tel point , qu ' abandonnés de leurs compagnons , et exposés dans la plaine aux ardeurs du jour , ils ne demandaient plus qu ' une chose : la mort .D ' autres , exaspérés par la douleur , essayaient d ' arracher avec leurs ongles cette gale plus dure que l ' écorce des arbres , répandue au sinciput , au front , au cou , à la poitrine , etc .",
                  "id": "15",
                  "title": "Histoire des maladies vénériennes / par le Dr Michel Villemont..."
            },
            {
                  "doc_url": "https://gallica.bnf.fr/ark:/12148/bpt6k5790927x",
                  "emotions": [
                        "disgust",
                        "fear"
                  ],
                  "excerpt": "Il est solide ; devient liquide à 17 degrés : ce dernier entre en ébullition à 120 degrés .Il a une odeur forte , suffocante , caractéristique .Sa saveur est très - caustique .",
                  "id": "16",
                  "title": "Éléments de chimie contenant les applications de cette science à la médecine et à la pharmacie, formulaire à l'usage des élèves en pharmacie, par P.-A. Allain,..."
            },
            {
                  "doc_url": "https://gallica.bnf.fr/ark:/12148/bpt6k6128044n",
                  "emotions": [
                        "disgust",
                        "pain"
                  ],
                  "excerpt": "Quant à ce que Tacite dit de Tibère , il ne faut considérer tout simplement qu ' une chose , c ' est que ce prince avait le visage gâté par une quantité de boutons et de petits tubercules , qui se changèrent , l ' âge survenant , en couperose , c ' està - dire en tubercules pustuleux , lesquels , si l ' on négligeait d ' y appliquer des médicaments , dégénéraient en pustules ulcéreuses ou en dartre ulcérée .Galère Maximien mourut d ' un abcès au périnée et d ' un ulcère sordide , malin , invétéré , fistuleux , et même , paraît - il , carcinomateux , qui s ' y forma , et qui , ayant gagné insensiblement le dedans du corps , rendait une puanteur horrible .Mais que s ' ensuit - il ? Doit - on en conclure que c ' était un ulcère vénérien ? Il ne faut certes pas admettre si témérairement une telle conséquence ; en effet , les abcès , ulcères et carcinomes attaquent souvent les parties honteuses sans qu ' il y ait lieu de soupçonner une cause vérolique .",
                  "id": "17",
                  "title": "Histoire des maladies vénériennes / par le Dr Michel Villemont..."
            },
            {
                  "doc_url": "https://gallica.bnf.fr/ark:/12148/bpt6k10982492",
                  "emotions": [
                        "disgust"
                  ],
                  "excerpt": "A des époques fixes , on transporte , dans les champs , des tonnes d engrais liquide , qui n ' est autre chose que de la matière fécale , délayée dans des urines et de l ’ eau .L ' arrosage des récoltes avec cet engrais répand une odeur infecte .Cependant les travailleurs ne se plaignent point ; les jours employés à cette opération sont , au contraire , presque des jours de fête .",
                  "id": "18",
                  "title": "Dictionnaire d'agriculture pratique comprenant tout ce qui se rattache à la grande culture, au jardinage, à la botanique, à la culture des arbres et des fleurs, à la chimie, à la médecine humaine et vétérinaire, à l'entomologie, à la géologie, et à la mécanique agricole ; par M. P. Joigneaux, auteur de la Chimie du cultivateur, d'un traité des engrais, etc., et M. C. Moreau, docteur en médecine. Tome premier [-second]"
            },
            {
                  "doc_url": "https://gallica.bnf.fr/ark:/12148/bpt6k6582766d",
                  "emotions": [
                        "disgust"
                  ],
                  "excerpt": "tout est occupé ! Nous sommes obligés d ' entrer dans la « grande salle » presque remplie .Fumée acre des cigares et des pipes mêlée à une odeur alcoolopinardeuse : atmosphère étouffante pour moi , le jeune ignorant des plaisirs d ' un vrai poilu .! Les conversations se taisent , le choc des verres s ' interrompt .",
                  "id": "19",
                  "title": "Lettres d'un bleuet : Henry Canoville, aspirant d'artillerie : une année au front, 4 août 1917-29 août 1918 (Deuxième éd.) / [publiées par] Th. Mainage,..."
            },
            {
                  "doc_url": "https://gallica.bnf.fr/ark:/12148/bpt6k9760586d",
                  "emotions": [
                        "disgust",
                        "annoyance"
                  ],
                  "excerpt": "* Le mot de mephitis , dans Virgile & lfes Auteurs Latins , signifie proprement une puanteur qui s ' éleve d ' une terre corrompue & soufrée .Méphitis etoit le nom de la Déesse des odeurs fortes & désagréables .C ' est ce que dit Servius , sur ce passage du Vile .",
                  "id": "20",
                  "title": "Recueil des oeuvres physiques et médicinales, publiées en anglois et en latin. Tome 1 / , par M. Richard Mead,... traduction française, enrichie des découvertes postérieures à celles de l'auteur, augmentée de plusieurs discours préliminaires et de notes... par M. Coste,..."
            }
      ]
}