{
      "articles": [
            {
                  "doc_url": "https://gallica.bnf.fr/ark:/12148/bpt6k2820755",
                  "emotions": [
                        "disgust",
                        "anger",
                        "fear",
                        "disapproval",
                        "desire",
                        "courage"
                  ],
                  "excerpt": "Là aussi , « deux frères l ' un contre l ' autre .Là tu seras « un autre Achéron roule ses eaux infectes sous « l ' allié de tes féroces ennemis , les Colchidiens ; « des cavernes profondes ; de leur gouffre béant « après quoi tout danger aura cessé pour vous « s ' exhalent des tourbillons de vapeurs qui en - « Peut - être même enlèveras - tu cette toison tant « veloppent les campagnes de sinistres ténèbres .« désirée ; mais n ' espère pas y parvenir par ton « Fuis ce fleuve odieux et les infortunés habitants « seul courage ; l ' adresse est souvent plus puis « de ses rivages ; toi - même tu ne les auras pas « sante que la force .",
                  "id": "1",
                  "title": "Lucrèce, Virgile, Valérius Flaccus : oeuvres complètes : avec la traduction en français / publiées sous la direction de M. Nisard,..."
            },
            {
                  "doc_url": "https://gallica.bnf.fr/ark:/12148/bpt6k5602769g",
                  "emotions": [
                        "disgust"
                  ],
                  "excerpt": "Ces pans de murailles sordides , souillées d ' affiches en loques , d ' inscriptions et de profils orduriers , suaient le vice , la débauche et le crime .Ce n ' était , partout , qu ' échopes nauséabondes , débits minables , étals avariés , hôtels borgnes , entrepôts fangeux , chantiers de démolitions où se lisait l ' horreur de la stagnation et du crou • pissement .D ' immenses panneaux - réclame se levaient çà et là .",
                  "id": "2",
                  "title": "Souvenirs de police : au temps de Ravachol / Ernest Raynaud ; lettre-préface de M. Louis Barthou,..."
            },
            {
                  "doc_url": "https://gallica.bnf.fr/ark:/12148/bpt6k205509q",
                  "emotions": [
                        "disgust"
                  ],
                  "excerpt": "L ' embryon devient un fruit arrondi ferme , & épineux compofé d ' un brou , dans lequel font contenues plufieurs amandes nommées Châtaignes revêtues d ' une enveloppe coriacée intérieurement affez fouvent féparées en plufieurs lobes charnus , gras Se farineux , par des cloifons féches & membraneufes .Les fleurs du Châtaignier répandent une odeur affez vive , qui déplaît à nombre de perfonnes .M .",
                  "id": "3",
                  "title": "Dictionnaire oeconomique : contenant l'art de faire valoir les terres et de mettre à profit les endroits les plus stériles.... A-E / par M. Noël Chomel,... ; nouv. éd. par M. de La Mare"
            },
            {
                  "doc_url": "https://gallica.bnf.fr/ark:/12148/bpt6k924855h",
                  "emotions": [
                        "disgust"
                  ],
                  "excerpt": "Si vous manquez de feuilles ou de figes , quelques gouttes d ’ un extrait de menthe réussiront très bien .Il paraît que l ’ odeur de la menthe est aussi désagréable aux souris que l ’ est à l ’ olfactif des matous celle de l ’ essence de térébenthine .Au bout de quelques semaines , les souris quittent la maison pour ne plus y revenir .",
                  "id": "4",
                  "title": "Écho paroissial : Lescun (Bayonne)"
            },
            {
                  "doc_url": "https://gallica.bnf.fr/ark:/12148/bpt6k90250x",
                  "emotions": [
                        "disgust",
                        "anger",
                        "annoyance",
                        "disapproval",
                        "doubt"
                  ],
                  "excerpt": "tation est surtout évidente dans - le moût do pomme de terre .On sait qu ' i ! fout ' nît , par ! adist ! ) tation , outrel ' alcool , un liquide huiteux , vénéneux , , d ' une odeur et d ' un goût repoussants .Cette hu ! ! & , ditade pomme de terre ( / M ~ c / ~ des AHemands ) , ' n ' est pas toute fbrme & dans ce tubercule ; c ' est un produit de ta mëtsmorphose du suerez Ce produit so forme aussi dans la .",
                  "id": "5",
                  "title": "Nouvelles lettres sur la chimie considérée dans ses applications à l'industrie, à la physiologie et à l'agriculture / par M. Justus Liebig,... ; nouvelle édition française, publiée par M. Charles Gerhardt,..."
            },
            {
                  "doc_url": "https://gallica.bnf.fr/ark:/12148/bpt6k30409869",
                  "emotions": [
                        "disgust"
                  ],
                  "excerpt": "Centre .Ambrette odorante .2 ® rang .",
                  "id": "6",
                  "title": "Les fleurs de pleine terre : comprenant la description et la culture des fleurs annuelles, bisannuelles, vivaces et bulbeuses de pleine terre, suivies de classements divers indiquant l'emploi de ces plantes et l'époque de leur semis ou plantation et de leur floraison. ainsi que des plans de jardins et de parcs paysagers... (4e éd.) / par Vilmorin-Andrieux et Cie ; par Édouard André"
            },
            {
                  "doc_url": "https://gallica.bnf.fr/ark:/12148/bpt6k6377505t",
                  "emotions": [
                        "disgust"
                  ],
                  "excerpt": "36 .dissémination de ces mauvaises odeurs dans l ' atmosphère .En outre , ¡ cette position élevée rend plus facile l ' écoulement des eaux vannes , qui I doit avoir lieu de préférence en aval de la ville ou dans une direction divergente .",
                  "id": "7",
                  "title": "Traité d'hygiène publique et privée / par Jules Rochard,..."
            },
            {
                  "doc_url": "https://gallica.bnf.fr/ark:/12148/bpt6k6485413x",
                  "emotions": [
                        "disgust"
                  ],
                  "excerpt": "Lorsque l ' amour qui brave même Les rigueurs de la froide mort Sous les traits de celui qu ' elle aime Arriva pour vaincre le sort .Et de ses lèvres enflammées - Vint sucer le poison subtil Et rendit aux fleurs parfumées , Une de plus , au mois d ' avril .J .",
                  "id": "8",
                  "title": "Le Parnasse : organe des concours littéraires de Paris"
            },
            {
                  "doc_url": "https://gallica.bnf.fr/ark:/12148/bpt6k5602769g",
                  "emotions": [
                        "disgust"
                  ],
                  "excerpt": "Il nous parlait de contrées perdues , presque chimériques , de l ' Orient , des pays brûlés du soleil , du « Kamsim » qui , pendant quarante jours , rend l ' air irrespirable , chez les Danakils , nous révélait la façon dont , en Apharras , les maris jaloux s ' assurent durant une absence de la fidélité de leurs femmes .Ils les enduisent , en partant , sur certaine partie du corps , d ' un onguent spécial dont l ' odeur tenace ne manque - L ' EXPLOSION DU RESTAURANT VÊRY 2ÇÎ rait pas de dénoncer les galants assez * imprudents pour s ' y frotter .Et Varney disait les préjugés superstitieux de cette race , considérant la photographie comme une chose diabolique , à tel point que les prostituées elles - mêmes , fut - ce à prix d ' or , se refusent énergiquement à poser devant l ' objectif .",
                  "id": "9",
                  "title": "Souvenirs de police : au temps de Ravachol / Ernest Raynaud ; lettre-préface de M. Louis Barthou,..."
            },
            {
                  "doc_url": "https://gallica.bnf.fr/ark:/12148/bpt6k6377505t",
                  "emotions": [
                        "disgust"
                  ],
                  "excerpt": "Ceux - ci pullulent alors et , lorsque sous l ' influence des pluies , la nappe souterraine s ' élève de nouveau , les microbes montent avec elle et pénètrent dans les puits , qui deviennent alors de véritables cloaques .Leur eau prend une odeur sensible , devient nauséeuse et propage les germes des maladies infectieusog qui avaient jusqu ' alors sommeillé dans le sol .Cette théorie n ' est au fond que l ' expression d ' un fait très général , que l ' application à la nappe souterraine des observations faites à la surface ( 1 ) Max Yon PETTENKOFER , Zeitschrift fur Biologie , i , v , xi .",
                  "id": "10",
                  "title": "Traité d'hygiène publique et privée / par Jules Rochard,..."
            },
            {
                  "doc_url": "https://gallica.bnf.fr/ark:/12148/bpt6k30409869",
                  "emotions": [
                        "disgust",
                        "annoyance"
                  ],
                  "excerpt": "— Tige robuste , plus ou moins aiguillonnée , très rameuse , formant , lorsque la plante est âgée et en employant la taille ou le pincement , de jolis buissons d ’ environ 1 mètre à l m , 50 de hauteur .Feuilles opposées , ovales - rugueuses ouoblongues , dentelées - crénelées , réticulées rugueuses , d ’ un vert sombre et exhalant , quand on les froisse , une odeur pénétrante assez désagréable .Les fleurs , nombreuses et réunies en capitules arrondis ou fasti - giés au sommet de pédoncules raides dépassant la longueur des feuilles , sont d ’ abord d ’ un jaune clair et passent successivement au jaune doré puis aurore ; calice à tube court , quadridenté ; corolle à tube courbe , renflé au milieu , terminé par 4 petits lobes courts et inégaux ; 4 étamines , style filiforme ; fruit drupacé , à deux noyaux .",
                  "id": "11",
                  "title": "Les fleurs de pleine terre : comprenant la description et la culture des fleurs annuelles, bisannuelles, vivaces et bulbeuses de pleine terre, suivies de classements divers indiquant l'emploi de ces plantes et l'époque de leur semis ou plantation et de leur floraison. ainsi que des plans de jardins et de parcs paysagers... (4e éd.) / par Vilmorin-Andrieux et Cie ; par Édouard André"
            },
            {
                  "doc_url": "https://gallica.bnf.fr/ark:/12148/bpt6k6457238v",
                  "emotions": [
                        "disgust"
                  ],
                  "excerpt": "Je lui demande si elle n ' a pas pris les rênes dans sa maison ; il cherche à dissiper mes craintes en disant qu ' il n ' a jamais aimé à se familiariser avec les domestiques , parce que leurs habits ne sont pas propres , et qu ' elles sentent l ' ail et le persil .Moi qui , le matin , avais préparé un mets où il avait fallu de l ' ail et du persil , je portai les mains au nez pour savoir si elles n ' avaient pas l ' odeur désagréable qui le répugnait .Il ajoute qu ' il est dangereux d ' avoir des relations avec ses domestiques , parce qu ' elles se paient elles - mêmes , et qu ' on ne sait pas ce que l ' on donne .",
                  "id": "12",
                  "title": "Les cinq années de maladie de mon chevalier ; par Elisabeth Cassaigneau"
            },
            {
                  "doc_url": "https://gallica.bnf.fr/ark:/12148/bpt6k58460909",
                  "emotions": [
                        "disgust"
                  ],
                  "excerpt": "CHALET .L ' air est bientôt vicié Dans ce cachot obscur , infect , épouvantable .Aussitôt que j ' apprends leur retour favorable , J ' accours , je veux les voir .",
                  "id": "13",
                  "title": "L'argent , comédie en 5 actes et en vers, de Monsieur Casimir Bonjour, représentée pour la première fois au Théâtre-Français, le 12 octobre 1826"
            },
            {
                  "doc_url": "https://gallica.bnf.fr/ark:/12148/bpt6k30409869",
                  "emotions": [
                        "disgust"
                  ],
                  "excerpt": "Géranium des prés , des bois .Gesse odorante , quelques variétés .Giroflées annuelles et bisannuelles , plusieurs variétés .",
                  "id": "14",
                  "title": "Les fleurs de pleine terre : comprenant la description et la culture des fleurs annuelles, bisannuelles, vivaces et bulbeuses de pleine terre, suivies de classements divers indiquant l'emploi de ces plantes et l'époque de leur semis ou plantation et de leur floraison. ainsi que des plans de jardins et de parcs paysagers... (4e éd.) / par Vilmorin-Andrieux et Cie ; par Édouard André"
            },
            {
                  "doc_url": "https://gallica.bnf.fr/ark:/12148/bpt6k5820023g",
                  "emotions": [
                        "disgust"
                  ],
                  "excerpt": "La mousse de Corse est un mélange d ' algues appartenant au groupe des Floridées , dont la principale est YAlsidium Helminthocorton ( Gigartina Helminthôcorton ) et dont la composition varié avec le lieu de la récolte qui se fait surtout en Provence et dans l ' île de Corse .Sa saveur est salée ; son odeur , désagréable , rappelle celle des plantes marines .Sa composition chimique permet de l ' envisager comme nutritive ( elle est fortement gélatinipare ) , voire comme diurétique , mais ne permet pas d ' interpréter ses incontestables propriétés ânthelminthiques déjà connues des anciens et utilisées par eux .",
                  "id": "15",
                  "title": "Précis de pharmacologie et de matière médicale / par G. Pouchet,..."
            },
            {
                  "doc_url": "https://gallica.bnf.fr/ark:/12148/bpt6k6410543x",
                  "emotions": [
                        "disgust",
                        "anger"
                  ],
                  "excerpt": "infekter ( H .infect ) , gâter , corrompre , donner une forte odeur de putréfaction : l ' air en est infecté .( Rac .",
                  "id": "16",
                  "title": "Nouveau dictionnaire de la langue française : enrichi d'exemples tirés des meilleurs écrivains... (7e édition revue avec le plus grand soin...) / par M. Noël,... et M. Chapsal,..."
            },
            {
                  "doc_url": "https://gallica.bnf.fr/ark:/12148/bpt6k5820023g",
                  "emotions": [
                        "disgust"
                  ],
                  "excerpt": "L ' odeur , peu désagréable , de la racine fraîche , devient de plus en plus répugnante , au fur et à mesure delà formation de l ' acide valérianique , de telle sorte que l ' on peut dire que plus la racine est odorante et riche en acide valérianique , moins elle est active au point de vue médicamenteux .L ' odeur infecte de l ' acide valérianique peut seulement provoquer une action suggestive et propulsive , qui n ' est évidemment pas à dédaigner dans un grand nombre de circonstances , mais l ' acide lui - même est absolument dépourvu des qualités antispasmodiques de la valériane .A côté de la valériane officinale , on rencontre la grande valériane ( Valeriana lhu ) dont le rhizome diffère par son aspect mais jouit des mêmes propriétés : 468 VALERIANE Au lieu de diverger régulièrement autour d ' un axe central et vertical , les radicules sont situées d ' un seul côté de la souche horizontale , du côté opposé à celui qui regarde la surface du sol .",
                  "id": "17",
                  "title": "Précis de pharmacologie et de matière médicale / par G. Pouchet,..."
            },
            {
                  "doc_url": "https://gallica.bnf.fr/ark:/12148/bpt6k37182q",
                  "emotions": [
                        "disgust",
                        "annoyance",
                        "doubt"
                  ],
                  "excerpt": "Sa cruche ! 1 i ! e a le ventre froid .Elle est nauséabonde ? JACQUES JEAN PIERRE PIERRE JEAN PIERRE JEAN Son infâme ( H boit .) Ho ! 7 Eh bien ? Quelle perle divine est dans cette eau dissoute ? .",
                  "id": "18",
                  "title": "La Samaritaine : évangile en trois tableaux, en vers / Edmond Rostand"
            },
            {
                  "doc_url": "https://gallica.bnf.fr/ark:/12148/bpt6k30409869",
                  "emotions": [
                        "disgust"
                  ],
                  "excerpt": "argentée à épis roses .Centaurée d ’ Amérique , odorante .Ambrette ou musquée , et var .",
                  "id": "19",
                  "title": "Les fleurs de pleine terre : comprenant la description et la culture des fleurs annuelles, bisannuelles, vivaces et bulbeuses de pleine terre, suivies de classements divers indiquant l'emploi de ces plantes et l'époque de leur semis ou plantation et de leur floraison. ainsi que des plans de jardins et de parcs paysagers... (4e éd.) / par Vilmorin-Andrieux et Cie ; par Édouard André"
            },
            {
                  "doc_url": "https://gallica.bnf.fr/ark:/12148/bpt6k30409869",
                  "emotions": [
                        "disgust",
                        "pain"
                  ],
                  "excerpt": "Fréésie à inflorescence réfractée , de Leitchlin .Gesse odorante ( Pois de senteur ) .Giroflée annuelle ou Quarantaine , et var .",
                  "id": "20",
                  "title": "Les fleurs de pleine terre : comprenant la description et la culture des fleurs annuelles, bisannuelles, vivaces et bulbeuses de pleine terre, suivies de classements divers indiquant l'emploi de ces plantes et l'époque de leur semis ou plantation et de leur floraison. ainsi que des plans de jardins et de parcs paysagers... (4e éd.) / par Vilmorin-Andrieux et Cie ; par Édouard André"
            }
      ]
}