{
      "articles": [
            {
                  "doc_url": "https://gallica.bnf.fr/ark:/12148/bpt6k9618181t",
                  "emotions": [
                        "disgust"
                  ],
                  "excerpt": "La petite quantité de produit que je suis parvenu à préparer ne m ' a pas permis d ' en faire l ' analyse élémentaire , rendue d ' ailleurs complètement inutile par les constatations précédentes .Le canchalagua est plus amer que la petite centaurée ; il est bien moins aromatique , ce qui le rend extrêmement désagréable , les études thérapeutiques nombreuses résumées dans les publications de M .Le Beuf lui reconnaissent des qualités sudorifiques très - prouoncées , et surtout une action fébrifuge des mieux consta - lées , et ( lui n ' a jamais été niée dans la petite ce u la urée , beaucoup moins énergique , mais beaucoup mieux tolérée .",
                  "id": "1",
                  "title": "Solubilité de l'acide arsénieux dans l'alcool. Liquide pour la conservation des pièces anatomiques. [Signé : le Dr. C. Méhu.]"
            },
            {
                  "doc_url": "https://gallica.bnf.fr/ark:/12148/bpt6k5620668n",
                  "emotions": [
                        "disgust",
                        "fear"
                  ],
                  "excerpt": "Ce démon aussitôt d ' un bond franchit l ' espace , Mit sous son bras un énorme bouquin Car il fallait surtout paraître habile ) , — 67 — Vint au couvent sous l ' habit franciscain , Parla romain , loua fort frère Gille De son travail que chacun approuvait , Et lui par - dessus tous ; dicta ce qu ' il savait Du desserrant , de l ' enfer et du diable ; Gille écrivait .Bientôt une odeur effroyable Se répandit partout dans le couvent .On se pinçait le nez .",
                  "id": "2",
                  "title": "Contes et légendes, par A. Carlier"
            },
            {
                  "doc_url": "https://gallica.bnf.fr/ark:/12148/bpt6k9609816p",
                  "emotions": [
                        "disgust",
                        "anger",
                        "pain"
                  ],
                  "excerpt": "§ éuacuations ; tout ' .de mesme , p - ressée par les vapeurs malignes des ll1auuaises odeurs qui luy font ennemies , elle s ' efforce à les chasser , & : auec elles les humeurs mo & ifiques de la Matrice ; les Matrices > dit Hypocrate , font causes de toutes les maladies des femmes , quand les Matrices font trop seches & : serties , car pour lors elles s ' éleuent vers leFoye & causent les I & eries ou Iauni { ses , la Cachexie , l ' Hydropisie , douleurs de Lombes , la frequente elluie d ' excrenlenrer & d ' vriner .Sur rout la sympathie de la Matrice & : des Mammelles est admirable dans le flus & reHus du sang & du laiJ : , de celle - cy à celles - là , & réciproquement .",
                  "id": "3",
                  "title": "Le petit tout dans lequel l'homme aura la connoissance de soy-mesme par l'intelligence de ses propres causes. Partie 2 / ... divisé en III parties et en IV tomes. Par M. François Chevillard,..."
            },
            {
                  "doc_url": "https://gallica.bnf.fr/ark:/12148/bpt6k5813407d",
                  "emotions": [
                        "disgust"
                  ],
                  "excerpt": "6 .Elle fait une promenade et s ' aperçoit qu ' un liquide roussâtre et à odeur nauséabonde tache son linge .13 .",
                  "id": "4",
                  "title": "Contribution à l'étude du traitement des accidents qui reconnaissent pour cause une infection puerpérale récente / par le Dr André Castan,..."
            },
            {
                  "doc_url": "https://gallica.bnf.fr/ark:/12148/bpt6k96154860",
                  "emotions": [
                        "disgust"
                  ],
                  "excerpt": "A la fin de cette deuxième période de la maladie , une narine d ' abord , et puis les paupières du même côté , s ' enflamment , se boursonfflent et sécrètent abondamment des mucosités qui arrivent par degrés à ressembler à du chocolat délavé dans l ' eau chargée d ' albumine .Cette humeur morbide , qui a une odeur fade , nauséabonde , se dessèche rapidement et forme sur la joue et la lèvre supérieure des concrétions d ' un aspect repoussant .Chez quelques malades , le mucus du jetage est , par exception , peu abondant ; chez d ' autres , il tombe dans la gorge , de manière à rendre cette excrétion douteuse .",
                  "id": "5",
                  "title": "Des maladies transmissibles des animaux à l'homme : examen de toutes les questions y relatives sur lesquelles il est nécessaire d'avoir des idées justes, exposé précis des symptômes, du traitement etc., de ces affections morbides dans l'espèce humaine, suivis d'un résumé des principales circonstances de la contagion morbide en général / par J.-B. Veyssière,..."
            },
            {
                  "doc_url": "https://gallica.bnf.fr/ark:/12148/bpt6k918081",
                  "emotions": [
                        "disgust",
                        "greed"
                  ],
                  "excerpt": "et qu ' il faut employer le gaz acide muriatique oxigéné en quantité à peu près égale à celle .de t ' bydrogène sulfuré dont l ' air est infecte , pour lui enlever ses qualités vénéneuses .C ' est en opérant en grand , dans la fosse même où les trois ouvriers avoient été asphyxiés ~ qu ' ils ont surtout été à portée de juger Faction rapide de ce puissant désinfectant , ~ f ~ ~ n < ? ~ / & MK ~ Q ~ O ~ ~ ee / ~ K ~ / g 77 ! M / Ï ~ ~ M ~ .",
                  "id": "6",
                  "title": "Traité des moyens de désinfecter l'air, de prévenir la contagion et d'en arrêter les progrès , par L.-B. Guyton-Morveau,..."
            },
            {
                  "doc_url": "https://gallica.bnf.fr/ark:/12148/bpt6k5836030r",
                  "emotions": [
                        "disgust"
                  ],
                  "excerpt": "Sa racine est oblon ' gue , épaisse ., comme tubéreuse , garnie défibres , & d ' une odeur fétide .\" Eûe pousse des feuilles alongées , - rétrécies vers leur base , roncinées \" , pínnatifides , glabres , à lobes nombreux , un peu dentés en ' Jeur côté postérieur .",
                  "id": "7",
                  "title": "Botanique.... Tome 3 / par M. le chevalier de Lamarck,... [continuée par J.-L.-M.odique Poiret.]"
            },
            {
                  "doc_url": "https://gallica.bnf.fr/ark:/12148/bpt6k97499223",
                  "emotions": [
                        "disgust"
                  ],
                  "excerpt": ".isentielle très - odorante , limpide , jaLf - ii ' àtre , plus pesante que l ' eau , au fond de laquelle elle se précipite : § > vij .d ' une huile plus épaiue , empyreumatique & c foussâtre : Jxxxij .",
                  "id": "8",
                  "title": "Traité de la matière médicale ou De l'histoire, des vertus, du choix et de l'usage des remèdes simples. Tome 2 / . Par M. Geoffroy,... Traduit... par M***,..."
            },
            {
                  "doc_url": "https://gallica.bnf.fr/ark:/12148/bpt6k58185984",
                  "emotions": [
                        "disgust"
                  ],
                  "excerpt": "La rhuf rhuf par l ' effet de la torréfaction ^ prend une î couleur brune , teint à peine la salive , et de purI purI qu ' elle était , devient , dit - on , astringente ;le gland acquiert aussi une couleur brunâtre > il I prend même une odeur analogue à celle du café ; le ! docteur Gall l ' a souvent prescrit comme un excelexceltonique , pris à la place du café , mais sans ; sucre .On torréfiait autrefois les semences de ricin I pour en extraire plus facilement l ' huile ; on a rei rei à ce procédé qui lui communiquait une odeur iV rance et une saveur caustique ; celle qui nous viètat I d Amérique est encore obtenue par ce moyen , aussi j est - elle loin d ' être comparée à l ' huile de ricin que nous préparons en France .On fait subir aux métaux une opération à - peuprès à - peuprès elle porte dans ce cas le nom de grillage , voyez l ' article qui traite de cette opération .",
                  "id": "9",
                  "title": "Pharmacie élémentaire en vingt-quatre leçons, ou Manuel théorique de l'élève en pharmacie accompagné d'un traité sur le mode de préparation des prescriptions médicales dans tous les cas prévus, par G.-L. Brismontier"
            },
            {
                  "doc_url": "https://gallica.bnf.fr/ark:/12148/bpt6k9455963",
                  "emotions": [
                        "disgust"
                  ],
                  "excerpt": "Nous voici bien loin , me direz - vous , de la télégraphie sans lits ? Au contraire , j ’ y arrive , et c ’ est ici que ma « force d ' expansion naturelle » va me servir d ’ agent de transmission .Parmi les odeurs süi qeneris que dégage notre pauvre humanité , je laisserai de côté certaine matière qui prêterait sans aucun doute à des plaisanteries faciles et grossières , et m ’ en tiendrai tout simplement au parfum qui s ’ échappe de l ’ haleine humaine .Supposons une forte haleine , et ne me dites pas que c ’ est une exception , car je démontrerai tout à l ’ heure que ce cas peut devenir une généralité ; supposons donc une baleine dont la force d ’ expansion soit aussi considérable que celle du grain de musc dont nous parlions plus haut ; celle haleine se répandant à travers l ’ atmosphère , dans un rayon limité , il est vrai , mais d ’ une appréciable étendue , influencerait divers récepteurs et transformerait leur nature au point d ’ en modifier la forme et la couleur ; voilà le principe trouvé .",
                  "id": "10",
                  "title": "Les Quat'z'arts : journal hebdomadaire littéraire illustré / directeur administrateur F. Trombert ; rédacteur en chef Emile Goudeau"
            },
            {
                  "doc_url": "https://gallica.bnf.fr/ark:/12148/bpt6k3219730p",
                  "emotions": [
                        "disgust"
                  ],
                  "excerpt": "On trouve , en divers points du cuir chevelu et de la face , de petites tumeurs ayant tous les caractères de petits kystes sébacés ; à la partie postérieure de la tête se trouve une énorme tumeur qui forme en cette région comme un gros chignon néoplasi - — 30 - que de volume et d ’ aspect véritablement effrayant .Cette énorme tumeur d ’ aspect lobulé est ulcérée sur presque toute sa surface et elle répand une odeur infecte de fermentation épithéliale et graisseuse , caractéristique , et tellement repous - santé qu ’ on est obligé d ’ isoler la malade dans une chambre spéciale .Tout le cuir chevelu est sillonné de grosses veines semblant converger vers la tumeur .",
                  "id": "11",
                  "title": "De la dégénérescence épithéliomateuse du cuir chevelu"
            },
            {
                  "doc_url": "https://gallica.bnf.fr/ark:/12148/bpt6k6122855b",
                  "emotions": [
                        "disgust"
                  ],
                  "excerpt": "Méd .Fumigations de vapeurs aromatiques .APO APO APO 325 APOCARPE , adj .",
                  "id": "12",
                  "title": "Nouveau dictionnaire universel. I, 1. A-B. I, 2. C-F / par Maurice Lachâtre"
            },
            {
                  "doc_url": "https://gallica.bnf.fr/ark:/12148/bpt6k6529369s",
                  "emotions": [
                        "disgust"
                  ],
                  "excerpt": "La véritable n ' offense point l ' odorat , et portée à la bouche , elle n ' a aucun mauvais goût : elle est cassante et friable ; il n ' y en a que de deux couleurs , savoir , ou toutà - fait noire , ou d ' un noir rougeâtre .La fausse est désagréable à l ' odorat et au goût , même celle qui est faite de cuir de cochon , et qui approche le plus de la véritable : d ' ailleurs elle n ' est jamais cassante .LES Chinois attribuent beaucoup de vertus à ce remède ; ils assurent qu ' il est ami de la poitrine , qu ' il facilite le mouvement des lobes du poumon , qu ' il arrête l ' oppression et rend la respiration plus libre , qu ' il rétablit le sang , qu ' il dissipe les vents , qu ' il provoque l ' urine , ect .",
                  "id": "13",
                  "title": "Essais sur l'architecture des Chinois, sur leurs jardins, leurs principes de médecine, et leurs moeurs et usages ; avec des notes. Deux parties"
            },
            {
                  "doc_url": "https://gallica.bnf.fr/ark:/12148/bpt6k10922674",
                  "emotions": [
                        "disgust",
                        "despair",
                        "pain"
                  ],
                  "excerpt": "Que les fecours qu ’ on emploie pour rappeller Us Noyés à la vie , ne feront efficaces qu autant qu ils feront iïdminïfrés avec ordre pendant long - temps & fans interruption ; que dans tous les cas on doit s ’ abflenir de pendre les Noyés par les pieds , de les rouler dans un tonneau défoncé : ces méthodes font abfurdes ; & pourroient faire périr l ' homme le plus vigoureux .Secours pour Us perfonnes fujfoquêes par des vapeurs méphitiques .I .",
                  "id": "14",
                  "title": "Rapport fait par ordre de l'Académie des Sciences, sur les effets des vapeurs méphitiques dans le corps de l'homme, Et principalement sur la Vapeur du Charbon, Avec un précis des Moyens les plus efficaces pour rappeller à la vie ceux qui ont été suffoqués... Par M. Portal, Médecin consultant de Monsieur... (Troisième Édition, A laquelle on a ajouté : 1°. un Extrait de ce que l'on a écrit de plus important sur la Cause de la Mort des Noyés, & sur les moyens de les rappeler à la vie ; 2°. des Remarques sur la Méthode la plus avantageuse d'appeller à la vie quelques enfans qui paroissent morts en naissant ; 3°. un avis important, qui est le résumé de tout l'Ouvrage) / M. Portal"
            },
            {
                  "doc_url": "https://gallica.bnf.fr/ark:/12148/bpt6k6258477g",
                  "emotions": [
                        "disgust"
                  ],
                  "excerpt": "Ce miel , que l ' on considère comme le meilleur de tous les miels de France , est surtout le produit d ' un petit bourg nommé Corbière , à 3 lieues de Narbonne .Il est très - blanc , grenu , odoriférant , ayant un goût aromatique tres - prononcé .On cherche souvent à le contrefaire en introduisant dans un miel inférieur de la fleur de farine délayée et aromatisée avec de la Heur de romarin , ce qui donne à ce miel sophistiqué la blancheur et l ' odeur de celui de Narbonne , mais non sa même consistance ni son goût .",
                  "id": "15",
                  "title": "Dictionnaire universel du commerce, de la banque et des manufactures.... Tome 2 / par une société de négociants et de manufacturiers sous la direction de M. Monbrion,..."
            },
            {
                  "doc_url": "https://gallica.bnf.fr/ark:/12148/bpt6k64613020",
                  "emotions": [
                        "disgust"
                  ],
                  "excerpt": "Une fois , il trouva , gisant sur la paille , un malheureux atteint d ' une violente dys - senterie ; ses vêtements étaient tout maculés d ' un sang noir et corrompu .Ce forçat répandait une odeur si fédide que ses compagnons s ' en éloignaient avec dégoût .Le saint s ' agenouilla , et , se penchant à son oreille , lui fit entendre de douces et conso - * lantes paroles .",
                  "id": "16",
                  "title": "Vie du vénérable Bénigne Joly, le père des pauvres... par l'abbé E. B***, curé de Volnay, auteur des \"Légendes bourguignonnes et des\" \"Tebsima\" (Bavard),..."
            },
            {
                  "doc_url": "https://gallica.bnf.fr/ark:/12148/bpt6k62593976",
                  "emotions": [
                        "disgust"
                  ],
                  "excerpt": "Eu général , son administration produit des effets avantageux toutes les fois que l ' on a besoin de stimuler fortement l ' organisation affaiblie ou énervée .Mais l ' admillistratiou de cette substance n ' est guère possible qu ' à l ' extérieur ou sous la forme de pilules , à cause de sa saveur extrêmement désagréable et de son odeur fétide qui causent aux malades un dégoût insurmontable .Cette odeur passe même dans la circulation lorsqu ' on a ingéré l ' Asa - firtida dans l ' estomac , au point quelle se communique à toutes les sécrétions du corps .",
                  "id": "17",
                  "title": "Encyclopédie moderne (de Courtin) : dictionnaire abrégé des sciences, des lettres, des arts, de l'industrie, de l'agriculture et du commerce. Tome 3,Partie 1 / publiée par MM. Firmin Didot frères ; sous la direction de M. Léon Renier (N. Desvergers et E. Carteron)"
            },
            {
                  "doc_url": "https://gallica.bnf.fr/ark:/12148/bpt6k5620668n",
                  "emotions": [
                        "disgust",
                        "anger"
                  ],
                  "excerpt": "Du ciel qui connaît les desseins ? Il n ' appartient qu ' à toi de payer nos salaires : Nous ne demandons rien , ni pitié , ni merci , Mais garde - toi surtout de nous traiter ainsi Que tu fais des mânes vulgaires .» A ces mots Satanas se leva furieux , De ses doigts découlaient de longs torrents d ' écume Qui montaient bouillonnant en cercles autour d ' eux , Exhalant une odeur de soufre et de bitume ; Les voûtes s ' ébranlaient aux longs ricanements Que jetaient près de nous les bandes infernales , Et j ' entendis chanter d ' infâmes bacchanales Comme en ont inspiré de longs enivrements .« Le ciel ne punit point un esprit qui s ' égare , Car qui peut expliquer le ciel ? S ' écria Satanas ; mais le coeur plein de fiel Qui , voulant dominer , crée un dogme bizarre Et trouble la paix de ses frères , Il le livre à d ' affreux tourments .",
                  "id": "18",
                  "title": "Contes et légendes, par A. Carlier"
            },
            {
                  "doc_url": "https://gallica.bnf.fr/ark:/12148/bpt6k97499223",
                  "emotions": [
                        "disgust",
                        "disappointment"
                  ],
                  "excerpt": "C ' estun bo : s uni ; , réstneux , mou presque comme de la - cire ou du mastic , qui cede aux dents & aux ongles , & qui étant mis siu les charbons .ardens se fond presque tout entier comme de la renne , & répand une odeur très - suave : san goût est un peu amer & aro \" \" - matique .M .",
                  "id": "19",
                  "title": "Traité de la matière médicale ou De l'histoire, des vertus, du choix et de l'usage des remèdes simples. Tome 2 / . Par M. Geoffroy,... Traduit... par M***,..."
            },
            {
                  "doc_url": "https://gallica.bnf.fr/ark:/12148/bpt6k5435295h",
                  "emotions": [
                        "disgust",
                        "fear",
                        "annoyance",
                        "disapproval",
                        "nostalgia",
                        "embarrassment",
                        "disappointment"
                  ],
                  "excerpt": "Je suffoque , Je peste , je maudis l ' artiste qui me choque ; Je voudrais à tout prix rebrousser le chemin , Sauf à perdre l ' effet d ' une couleur locale , Qui fait si bon marché de l ' espèce animale ; Je voudrais , indigné , du revers de la main , Renverser sous mes pieds la table et le festin .Je fuis l ' infecte odeur qui me monte à la gorge ( J ' aimerais mieux six mois me nourrir de pain d ' orge ) .— 11 - Et sans ces flots de sang répandus devant moi , Qui retiennent l ' éloge et font pâlir d ' effroi , Sans ces tableaux malsains qui désolent notre âme , Et d ' où ne jaillit pas le moindre jet de flamme , Je pourrais rn ' écrier , comme d ' autres , bien haut : « Le roman est parfait , et l ' auteur sans défaut .",
                  "id": "20",
                  "title": "Salammbo : étude critique / par Ernest Simonin"
            }
      ]
}