{
      "articles": [
            {
                  "doc_url": "https://gallica.bnf.fr/ark:/12148/bpt6k97714805",
                  "emotions": [
                        "disgust"
                  ],
                  "excerpt": "' , lantes et très - sensibles à la loupe .— La racine récente du colombo répand une odeur qui ressemble un peu à celle du cumin ; elle perd cette odeur par la dessication : sa saveur est amère et nauséabonde .M .",
                  "id": "1",
                  "title": "Cours de matière médicale. Tome 1 / , par M. L. Hanin,..."
            },
            {
                  "doc_url": "https://gallica.bnf.fr/ark:/12148/bpt6k55686665",
                  "emotions": [
                        "disgust",
                        "disapproval"
                  ],
                  "excerpt": "Et elle s ' en alla riant au curé , tournant un peu la tête pour que lui seul pût voir la blancheur de ses dents de jeune chien .En déjeunant , il trouva son lait détestable : « Il sent la vache , » dit - il à la mer Griboin .— Ben ! voudriez - vous pas qu ' il sente le bouc .",
                  "id": "2",
                  "title": "Marie Queue-de-Vache / par Hector France"
            },
            {
                  "doc_url": "https://gallica.bnf.fr/ark:/12148/bpt6k9763039z",
                  "emotions": [
                        "disgust"
                  ],
                  "excerpt": "Corroyeurs .Mauvaise odeur .2 14janv .",
                  "id": "3",
                  "title": "Traité de la salubrité dans les grandes villes ; suivi de L'hygiène de Lyon / par les docteurs J.-B. Monfalcon et A.-P.-I. de Polinière,..."
            },
            {
                  "doc_url": "https://gallica.bnf.fr/ark:/12148/bpt6k6517249s",
                  "emotions": [
                        "disgust"
                  ],
                  "excerpt": "Son fruit allongé ressemble à un bec d ' oiseau ; à sa maturité , il se sépare élastiquement en cinq pièces recourbées et imite assez bien un candélabre à une branche .Toute la plante exhale une ' odeur forte et peu agréable .Valériane .",
                  "id": "4",
                  "title": "L'homme depuis cinq mille ans / S.-Henry Berthoud ; illustrations de Yan' Dargent"
            },
            {
                  "doc_url": "https://gallica.bnf.fr/ark:/12148/bpt6k3219756x",
                  "emotions": [
                        "disgust"
                  ],
                  "excerpt": "Après avoir incisé crucialement la muqueuse , sur une longueur de 12 à 15 millimètres , et disséqué chaque lambeau ; il incisa de même la paroi du kyste , et sutura séparément avec soin chaque bord de la muqueuse avec chaque bord correspondant de la paroi du kyste .A l ’ ouverture de la poche , il s ’ écoula en abondance la valeur au moins d ’ un grand verre d ’ un liquide gras , analogue à de la semoule , d ’ une odeur sébacée détestable .Un stylet introduit dans la poche ] montra qu ’ elle s ’ étendait au loin du côté du pharynx .",
                  "id": "5",
                  "title": "Des kystes congénitaux du plancher buccal"
            },
            {
                  "doc_url": "https://gallica.bnf.fr/ark:/12148/bpt6k215512n",
                  "emotions": [
                        "disgust"
                  ],
                  "excerpt": ", arbuste dioïque de la famille des Conifères , tribu desCupressinées , répandu dans les Alpes de l ' Autriche , du Piémont et du Dauphiné , dans les Pyrénées , en Espagne , en Italie , en Crimée et dans la Sibérie .Toutes ses parties exhalent une odeur forte , désagréable , très caractéristique .Ou en distingue deux variétés l ' une dite Sabine mâle ou à / euilles de cyprès , haute de 3 à 4 mètres ; l ' autre , plus petite , appelée Sabine femelle ou à fuilles de Tamarix .",
                  "id": "6",
                  "title": "Dictionnaire usuel des sciences médicales (2e édition... accompagnée de notions sur la prophylaxie et sur l'hygiène, d'un choix de formules usuelles et d'un appendice sur la formation des mots usités en médecine...) / par A. Dechambre, Mathias Duval, L. Lereboullet,..."
            },
            {
                  "doc_url": "https://gallica.bnf.fr/ark:/12148/bpt6k57300438",
                  "emotions": [
                        "disgust"
                  ],
                  "excerpt": "— Raie bouclée ou commune .nément à l ' état de décomposition et e ? hale une odeur ammoniacale , aussi désagréable que malsaine , qui doit la faire rejeter .Il vaut donc mieux la manger dure que dé s ' ingérer une nourriture équivoque .",
                  "id": "7",
                  "title": "Dictionnaire universel de cuisine pratique : encyclopédie illustrée d'hygiène alimentaire : modification de l'homme par l'alimentation. T. 4 / Joseph Favre"
            },
            {
                  "doc_url": "https://gallica.bnf.fr/ark:/12148/bpt6k55686665",
                  "emotions": [
                        "disgust"
                  ],
                  "excerpt": "S ( — 11 n ' y a donc pas de servante au Grand - Cerf ? Q demanda - t - il indigné , lorsque le soir il le vit reparaître , répandant , avec une partie de la sauce d ' un .ragoût , une forte odeur d ' écurie .- — r - Qh 1 que si , répondit l ' autre , et deux belles ! r Et il riait ; lui aussi riait , le goujat ! montrant s ses dents d ' un air niais , stupide .",
                  "id": "8",
                  "title": "Marie Queue-de-Vache / par Hector France"
            },
            {
                  "doc_url": "https://gallica.bnf.fr/ark:/12148/bpt6k215512n",
                  "emotions": [
                        "disgust"
                  ],
                  "excerpt": "min .bicarbonatée ferrugineuse et calcique ; odeur sulfureuse ; ac .carbonique libre .",
                  "id": "9",
                  "title": "Dictionnaire usuel des sciences médicales (2e édition... accompagnée de notions sur la prophylaxie et sur l'hygiène, d'un choix de formules usuelles et d'un appendice sur la formation des mots usités en médecine...) / par A. Dechambre, Mathias Duval, L. Lereboullet,..."
            },
            {
                  "doc_url": "https://gallica.bnf.fr/ark:/12148/bpt6k97714805",
                  "emotions": [
                        "disgust"
                  ],
                  "excerpt": "On prescrit les menthes dans les fièvres nerveuses , accompagnées de mouvemens spasmodiques et irréguiiers ; elles agissent puissamment sur l ' estomac et sur les intestins , en ranimant la faiblesse de ces organes , et en dissipant leur spasme .J ' ai vu remédier à des vomissemens opiniâtres , par un infusum de menthe poivrée ..",
                  "id": "10",
                  "title": "Cours de matière médicale. Tome 1 / , par M. L. Hanin,..."
            },
            {
                  "doc_url": "https://gallica.bnf.fr/ark:/12148/bpt6k215512n",
                  "emotions": [
                        "disgust"
                  ],
                  "excerpt": "Son suc est très vénéneux .Sa spathe ovale , lisse , très grande , tachée de vert en dehors , tapissée en dedans de soies violettes , répand une odeur cadavéreuse qui attire les mouches ; celles - ci s ' engagent dans la spathe et restent iprises dans les soies qui sont dirigées de haut en bas .DRACONIDE , s .",
                  "id": "11",
                  "title": "Dictionnaire usuel des sciences médicales (2e édition... accompagnée de notions sur la prophylaxie et sur l'hygiène, d'un choix de formules usuelles et d'un appendice sur la formation des mots usités en médecine...) / par A. Dechambre, Mathias Duval, L. Lereboullet,..."
            },
            {
                  "doc_url": "https://gallica.bnf.fr/ark:/12148/bpt6k9763039z",
                  "emotions": [
                        "disgust"
                  ],
                  "excerpt": "odeur fade et tenace , putréfaction des eaux quand on n ' a pas soin de les jeter immédiatement .Fécule de pommes de terre Mauvaise odeur provenant 3 9 fév .1825 .",
                  "id": "12",
                  "title": "Traité de la salubrité dans les grandes villes ; suivi de L'hygiène de Lyon / par les docteurs J.-B. Monfalcon et A.-P.-I. de Polinière,..."
            },
            {
                  "doc_url": "https://gallica.bnf.fr/ark:/12148/bpt6k58317118",
                  "emotions": [
                        "disgust"
                  ],
                  "excerpt": "traitement empirique employé le plus louvent avec succès par une négresse affranchie .Elle faisoit prendre aux malades , d ' abord deux fois par semaine , un violent purgatif , composé de gomme gutte ; , les mettoit ensuite à l ' usage habituel d ' une tisane où entroient le bois & la racine d ' un arbre nommé sondin , d ' une saveur amère & astringente , d ' une odeur résineuse , approchant du genre pau / linia y í ! le leur , [ faisoit : eu même rems provoquer .la sueur par uji exercice violent ; les lavpU : alors : ayec ^ une décoctipn chaude des feuilles du même arbre , & les làissoit suer pendant une heure en les couvrant bien .",
                  "id": "13",
                  "title": "Médecine : contenant : 1° l'hygiène, 2° la pathologie, 3° la séméiotique et la nosologie, 4° la thérapeutique ou matière médicale, 5° la médecine militaire, 6° la médecine vétérinaire, 7° la médecine légale, 8° la jurisprudence de la médecine et de la pharmacie, 9° la biographie médicale.... Tome 8 / mise en ordre et publiée par M. Vicq d'Azyr [et continuée par M. Moreau (de la Sarthe)]"
            },
            {
                  "doc_url": "https://gallica.bnf.fr/ark:/12148/bpt6k215512n",
                  "emotions": [
                        "disgust"
                  ],
                  "excerpt": "Elle répand dans toutes ses parties une odeur particulière très forte et désagréable .Ses fleurons ligulés , très nombreux et d ' un beau jaune safrané , ont une saveur d ' abord douce , puis amère et nauséeuse .Ils renferment une forte proportion de Calenduline ( V .",
                  "id": "14",
                  "title": "Dictionnaire usuel des sciences médicales (2e édition... accompagnée de notions sur la prophylaxie et sur l'hygiène, d'un choix de formules usuelles et d'un appendice sur la formation des mots usités en médecine...) / par A. Dechambre, Mathias Duval, L. Lereboullet,..."
            },
            {
                  "doc_url": "https://gallica.bnf.fr/ark:/12148/bpt6k9737123v",
                  "emotions": [
                        "disgust"
                  ],
                  "excerpt": "Lorsqu ' on le touche , il se roule en boule .Il a une odeur bourbeuse désagréable , et une saveur nauséabonde , douceâtre , un peu âcre à la fin .Après avoir rassemblé ces insectes , on les lave avec du vin blanc on les sèche , et on les conserve dans un vase bouché ; ou bien on en exprime le suc , qui forme à - peu - près un quart du tout ; on lui fait donner un bouillon , ou on l ' administre avec du vin .",
                  "id": "15",
                  "title": "Manuel des pharmaciens et des droguistes, ou Traité des caractères distinctifs, des altérations et sophistications des médicaments simples et composés. Tome 1 / , traduit en français sur la dernière édition de l'ouvrage allemand de Ch. Ebermayer, et approprié à la nouvelle pharmacopée française, par J.-B. Kapeler,... et J.-B. Caventou,..."
            },
            {
                  "doc_url": "https://gallica.bnf.fr/ark:/12148/bpt6k56105169",
                  "emotions": [
                        "disgust"
                  ],
                  "excerpt": "Il a été longtemps au service , dix - huit ans environ , et il était , ou dernier lieu , adjudant et moniteur général do gymnastique à Joinville - le - Pont .Depuis plus d ' un an , il mouchait sale , et la mauvaise odeur do son nez était manifeste .Ce n ' est qu ' en novembre 1894 qu ' il s ' est décidé à consulter un spécialiste , parce qu ' il no pouvait plus respirer par le nez et mouchait du pus .",
                  "id": "16",
                  "title": "Observation de nécrose considérable de la cloison et du cornet inférieur gauche / par le Dr Jouslain"
            },
            {
                  "doc_url": "https://gallica.bnf.fr/ark:/12148/bpt6k58317118",
                  "emotions": [
                        "disgust"
                  ],
                  "excerpt": "est inutile de référer ce qu ' ils cuit déjà dk .La physionomie , spirituelle - dn , spirituelle - dn lasciveté qui le rend - infirme de bonne heure , son odeur détestable que Jeshabitans de la campagne broient propre àdésiiìsecter íesérab - es Se à détruire les levains épizootiques , .toutes ces observations ont été faites depuis nombre de siècles .",
                  "id": "17",
                  "title": "Médecine : contenant : 1° l'hygiène, 2° la pathologie, 3° la séméiotique et la nosologie, 4° la thérapeutique ou matière médicale, 5° la médecine militaire, 6° la médecine vétérinaire, 7° la médecine légale, 8° la jurisprudence de la médecine et de la pharmacie, 9° la biographie médicale.... Tome 8 / mise en ordre et publiée par M. Vicq d'Azyr [et continuée par M. Moreau (de la Sarthe)]"
            },
            {
                  "doc_url": "https://gallica.bnf.fr/ark:/12148/bpt6k56646702",
                  "emotions": [
                        "disgust",
                        "fear",
                        "nervousness",
                        "pain"
                  ],
                  "excerpt": "Le jour suivant , le 11 , il sent des picotements aux jambes , et le 12 , il y remarque de petits points rouges au - dessons du genou .La démangeaison y devient très - forte .Ils s ' agrandissent , se confondent , et forment de larges taches irrégulières , d ' un rouge clair , s ' élevant un peu au - dessus île la peau .",
                  "id": "18",
                  "title": "De l'Albuminurie puerpérale et de ses rapports avec l'éclampsie, par A. Imbert-Gourbeyre,... 2e édition..."
            },
            {
                  "doc_url": "https://gallica.bnf.fr/ark:/12148/bpt6k215512n",
                  "emotions": [
                        "disgust"
                  ],
                  "excerpt": "Bien distincts des chiens par les yeux à pupille verticale , par le museau effilé , par la queue longue et très touffue et la présence à sa base d ' une glande volumineuse , les renards se creusent des terriers dans lesquels ils se retirent avec leur femelle .Leur urine répand une odeur infecte .Les deux espèces principales sont 1 ° le R .",
                  "id": "19",
                  "title": "Dictionnaire usuel des sciences médicales (2e édition... accompagnée de notions sur la prophylaxie et sur l'hygiène, d'un choix de formules usuelles et d'un appendice sur la formation des mots usités en médecine...) / par A. Dechambre, Mathias Duval, L. Lereboullet,..."
            },
            {
                  "doc_url": "https://gallica.bnf.fr/ark:/12148/bpt6k215512n",
                  "emotions": [
                        "disgust"
                  ],
                  "excerpt": "aspera Aubl .a une saveur amère et une odeur aromatique très forte .On l ' emploie à Cayenne , pour enivrer le poisson ; elle y porte le nom vulgaire de Conami .",
                  "id": "20",
                  "title": "Dictionnaire usuel des sciences médicales (2e édition... accompagnée de notions sur la prophylaxie et sur l'hygiène, d'un choix de formules usuelles et d'un appendice sur la formation des mots usités en médecine...) / par A. Dechambre, Mathias Duval, L. Lereboullet,..."
            }
      ]
}