{
      "articles": [
            {
                  "doc_url": "https://gallica.bnf.fr/ark:/12148/bpt6k5814040z",
                  "emotions": [
                        "disgust"
                  ],
                  "excerpt": "Le toucher par le vagin petriiet de reconnaître une Chaleur et une sensibilité trèsVivës de tout lé conduit vaginal et du col ' de la matrice , qui saigne au moindre contact , Après avoir appliqué le ' spéculum et débarrassé , avec un bourdônnet de charpie , le col utérin des sécrétions qui le recouvraient , je constatai une vive rougeur de tout cet organe et des grahulatioiis nombreuses qui occupaient les deux lèvres et la cavité du col .Cet écoulement avait une odeur repoûs - 806 OBSERVATIONS DE GUÉRISON , santé , mais qui cependant n ' était pas celle du cancer .Je rassurai cette dame sur la gravité de sa maladie , et lui promis sa guérison dans l ' espace de trois mois .",
                  "id": "1",
                  "title": "Traité pratique des maladies des voies urinaires et des organes générateurs de l'homme et de la femme, par le Dr É. Jozan de St-André..."
            },
            {
                  "doc_url": "https://gallica.bnf.fr/ark:/12148/bpt6k9807495s",
                  "emotions": [
                        "disgust",
                        "embarrassment"
                  ],
                  "excerpt": "Leur régime est plus particulièrement frugivore ; toutefois , certaines espèces y joignent les œufs , les escargots , les insectes , et ce n ' est que dans l ' état de domesticité que les singes se plient à des goûts factices en mangeant des chairs assaisonnées et buvant des liqueurs fermentées .Leurs excréments exhalent une grande puanteur .Les gibbons lient les orangs aux autres singes , car ils n ' ont pas de queue , mais on voit poindre les callosités , et leurs bras s ' allongent démesurément .",
                  "id": "2",
                  "title": "Moeurs, instinct et singularités de la vie des animaux mammifères / par R.-P. Lesson,..."
            },
            {
                  "doc_url": "https://gallica.bnf.fr/ark:/12148/bpt6k3732874",
                  "emotions": [
                        "disgust"
                  ],
                  "excerpt": "ETHOLOGIE .— L ' émyde lépreuse est bien connue par son odeur repoussante .Cette odeur provient de la vase dans laquelle s ' enfouit l ' animal .",
                  "id": "3",
                  "title": "Essai sur la faune erpétologique de l'Oranie, avec tableaux analytiques et des notions pour la détermination de tous les reptiles et batraciens du Maroc, de l'Algérie et de la Tunisie... / F. Doumergue"
            },
            {
                  "doc_url": "https://gallica.bnf.fr/ark:/12148/bpt6k6116733c",
                  "emotions": [
                        "disgust",
                        "boredom"
                  ],
                  "excerpt": "chalybé , 205 .diurétique amer de Hiôtel - Dieu , 238 .amer , 533 .",
                  "id": "4",
                  "title": "Aide-mémoire de pharmacie, vade-mecum du pharmacien à l'officine et au laboratoire, par Eusèbe Ferrand,..."
            },
            {
                  "doc_url": "https://gallica.bnf.fr/ark:/12148/bpt6k1414147d",
                  "emotions": [
                        "disgust",
                        "anger",
                        "doubt"
                  ],
                  "excerpt": "— Elle n ' en finira donc pas ? murmura la garde .Est - elle tannante , c ’ te poitrinaire - là ? Pauvre fille ! il n ’ y avait qu ’ à son petit nez retroussé , moins effronté pourtant que naguère , qu ’ elle était encore reconnaissable .Le bleu sombre de ses yeux désormais fixes et hagards avait tourné au gris et presque au blanc et son rideau de cheveux châtains était remplacé par une compresse d ’ eau froide .",
                  "id": "5",
                  "title": "La Maison fatale, roman parisien / Edmond Thiaudière"
            },
            {
                  "doc_url": "https://gallica.bnf.fr/ark:/12148/bpt6k802919",
                  "emotions": [
                        "disgust",
                        "doubt"
                  ],
                  "excerpt": "j ' aimerais mieux te voir mort à mes pieds que de ta voir jésui ' e .Fréquentes - tu encore ce commis - voyageur en Mtntcte ? Je ne lui trouve pas mauvaise façon , mais il exhale une odeur de jésuitisme qui me le rend extrêmement suspect .Mon ami , crois - en ma vieille expérience , ! a peste de l ' Europe , le danger de l ' avenir , l ' ennemi du genre humain , c ' est le jésuitisme .",
                  "id": "6",
                  "title": "Les ouvriers : épisode de la Révolution de février 1848 / par A. Devoille"
            },
            {
                  "doc_url": "https://gallica.bnf.fr/ark:/12148/bpt6k113403m",
                  "emotions": [
                        "disgust",
                        "anger",
                        "annoyance",
                        "disapproval",
                        "doubt"
                  ],
                  "excerpt": "Un grate - papier un caufeur un ba - * < billard une grenouille du Palais , un clabaud de co - hue qui ne merita jamais ce noble riltre d ' Advocat .Renard voilé d ' un faux manteau de Catholic , foufpi - Fo rai d ' enfer , infgnc hypocrite , vieux Renard , Senex in ̃ veterate malarum avec ces faux vieillards de Sufanne , fc un fèrpenrcau , un crapaudeauqui tourne le bon fuc en Fl venin , comme bouche d ' afpic , par fa parole , boucheinfecte qui refpand fa puanteur .Catholic & iiniveifêl en F ' Religion , n ' en ayant aucune propre , & faisant eftat d ' eftre de toutes , & de celle qui plus luy fert à faire les affaires .",
                  "id": "7",
                  "title": "Les œuvres d'Estienne Pasquier. T2 / , contenant ses Recherches de la France, son Plaidoyé pour M. le duc de Lorraine ; celuy de Me Versoris, pour les Jésuites, contre l'université de Paris ; Clarorum virorum ad Steph. Pasquierium carmina ; Epigrammatum libri sex ; Epitaphiorum liber ; Iconum liber, cum nonnullis Theod. Pasquierii in Francorum Regum icones notis ; ses lettres ; ses œuvres meslées ; et les lettres de Nicolas Pasquier, fils d'Estienne. Tome premier [-second]"
            },
            {
                  "doc_url": "https://gallica.bnf.fr/ark:/12148/bpt6k6521525t",
                  "emotions": [
                        "disgust"
                  ],
                  "excerpt": "Quand ou veut s ' en servir , on en coupe un petit morceau , qu ' on met sur des charbons ardents , et on en fait respirer l ' odeur au cheval .Cette odeur est nauséabonde , l ' animal la fuit ; mais , pour sa prompte guérison , il faut le contraindre à l ' accepter .GASTRO - HÉPATITE , JAUNISSE ( bou sefir , le père du jaune ) .",
                  "id": "8",
                  "title": "Les chevaux du Sahara, et les moeurs du désert (7e édition, revue et augmentée, avec des commentaires) / par le général Daumas"
            },
            {
                  "doc_url": "https://gallica.bnf.fr/ark:/12148/bpt6k6529080s",
                  "emotions": [
                        "disgust"
                  ],
                  "excerpt": "Hellébore puant .Il est d ' une odeur désagréable .C ' est un purgatif violent & très - acre : il a été recommandé comme vermifuge , par M .",
                  "id": "9",
                  "title": "Catalogue des plantes naturelles à cette province , & de celles qu'on y cultive le plus communément, avec l'indication du sol où elles croissent, du temps de leur floraison, & de la couleur de leurs fleurs ; ouvrage rédigé pour servir aux cours publics de l'Académie de Dijon. Première [-seconde] partie.. Partie 2"
            },
            {
                  "doc_url": "https://gallica.bnf.fr/ark:/12148/bpt6k1422694f",
                  "emotions": [
                        "disgust",
                        "nervousness",
                        "embarrassment"
                  ],
                  "excerpt": "Je me penche sur mon livre , et je suis le récit , qui dans la nuit s ’ enfuit .Mon nez touche le papier : tel un chien à la piste , je renifle l ’ odeur humaine .La nuit vient .",
                  "id": "10",
                  "title": "Colas Breugnon (50e éd.) / Romain Rolland"
            },
            {
                  "doc_url": "https://gallica.bnf.fr/ark:/12148/bpt6k56288808",
                  "emotions": [
                        "disgust"
                  ],
                  "excerpt": "lia fallu , pour le convaincre , trois accès de folie ; il ne fume plus - et depuis ce temps , qui est déjà long , sa raison est parfaite .Pour combattre cette funeste habitude , j ' ai placé dans ma bouche des graines de cacao caraque torréfiées ; un petit carnet , placé dans ma poche , • en était rempli ; au lieu de prendre ma pipe , je cherchais une de ces graines et ma bouche trompée , ma langue occupée , mon ennui diminué , — 203 — je finis par oublier ce tabac que je trouve aujourd ' hui dégoûtant , de mauvaise odeur , repoussant .Tout autre corps , un caillou même , non pour .",
                  "id": "11",
                  "title": "Diabète sucré, de son traitement et de sa guérison, par le Dr J. Blanchet,..."
            },
            {
                  "doc_url": "https://gallica.bnf.fr/ark:/12148/bpt6k5610567m",
                  "emotions": [
                        "surprise",
                        "disgust"
                  ],
                  "excerpt": "Le 24 .Au moment do la visito du matin , on est frappé , en approchant do son lit , do l ' odeur pénétrante , gangreneuse que dégage non seulemont l ' haleine do la malade , mais aussi la serviette dans laquelle elle a craché .L ' expectoration semble avoir été très abondante , quelquesuns de ces crachats , brun verdâtro , sont striés do sang .",
                  "id": "12",
                  "title": "De l'empyème gangréneux interlobaire / par Jules-Armand Millet,..."
            },
            {
                  "doc_url": "https://gallica.bnf.fr/ark:/12148/bpt6k9608873d",
                  "emotions": [
                        "disgust"
                  ],
                  "excerpt": "Le prurit est vif , la peau se dépile et s ' épaissit ; de temps à autre , la gale semble se dissiper à une région , pour prendre plus d ' extension à une autre , et c ' est ainsi qu ' elle se perpétue pendant des années et même jusqu ' à la fin de la vie .Les animaux maigrissent , ils répandent une mauvaise odeur ; leur aspect est repoussant ; le marasme ou une hydropisie met un terme à leur vie .La gale ne se présente pas toujours sous la même forme , ce qui dépend de sa durée , de l ' état d ' embonpoint de l ' animal et d ' autres causes encore inconnues .",
                  "id": "13",
                  "title": "Manuel pratique de médecine vétérinaire domestique : mise à la portée des cultivateurs... / par M. Meunier,..."
            },
            {
                  "doc_url": "https://gallica.bnf.fr/ark:/12148/bpt6k58248578",
                  "emotions": [
                        "disgust",
                        "doubt"
                  ],
                  "excerpt": "■ - r - - ; FETASITIDIS , , RADIX , , Pè ; tçusIte .Herbe - , qui ' , croîtdans les contrées teippérëes - de rEu - rope , Cette \" racine a une odeur farté ' etaingoût à nier , ■ aromatique , qui n ' est pas fort agréai ble .On la prescrit quelquefois - à la dose .",
                  "id": "14",
                  "title": "Cours d'étude pharmaceutique par B. (Bouillon) Lagrange,.... Tome 2"
            },
            {
                  "doc_url": "https://gallica.bnf.fr/ark:/12148/bpt6k63477315",
                  "emotions": [
                        "disgust",
                        "pain"
                  ],
                  "excerpt": "PUANT , TE , adj .qui sent mauvais , qui a une mauvaise odeur .— r En t .",
                  "id": "15",
                  "title": "Dictionnaire universel de la langue française, rédigé d'après le Dictionnaire de l'Académie, et ceux de Laveaux, Gattel, Boiste, Mayeux, Wailly, Cormon, etc.. Tome 2 / par Ch. Nodier,... et V. Verger,..."
            },
            {
                  "doc_url": "https://gallica.bnf.fr/ark:/12148/bpt6k5628593v",
                  "emotions": [
                        "disgust"
                  ],
                  "excerpt": "11 est impossible , sans en avoir été témoin , de se faire une idée du désordre et de la malpropreté , i qu ' on rencontre en pareil cas Les maîtresses , les chambrières plus ou moins vêtues , les domestiques mâles leurs cheveux huileux collés sur les yeux ou aux tempes , présentent un spectacle des moins attrayants .Mais , ce qui répugne le plus à un Occidental , c ' est une odeur complexe où le musc ( domine ; odeur tellement prononcée qu ' elle serait capable de faire reculer un zouave .L ' habillement des hommes du peuple consiste , pour l ' hiver , en un caftan , longue robe persane très - ample , faite de peau de mouton ou autre , fourrure commune , le poil en dedans .",
                  "id": "16",
                  "title": "La Moscovie et l'Europe : étude historique, ethnographique et statistique / par A. Charlier de Steinbach"
            },
            {
                  "doc_url": "https://gallica.bnf.fr/ark:/12148/bpt6k64501835",
                  "emotions": [
                        "disgust",
                        "anger"
                  ],
                  "excerpt": "cailla , - Suave fruit Ñrln .d ' aromes odorant t ' offre itiultre vivante en sa cotise d ' écaillé « Humez , .buvez .",
                  "id": "17",
                  "title": "La Gazette de Paris"
            },
            {
                  "doc_url": "https://gallica.bnf.fr/ark:/12148/bpt6k6116733c",
                  "emotions": [
                        "disgust"
                  ],
                  "excerpt": "La sorte officinale : Ipecacuanha gris annelé dû Brésil , ( fig , 78 ) a l ' écorce d ' un gris noirâtre à l ' extérieur , grise AIDE - MÉMOIRE , Ferrand , î0 350 IPECACUANHA l ' intérieur , dure , cornée , et un méditullium blanc jaunâtre .Sa saveur est acre , aromatique ; son odeur forte , irritante , nauséeuse , Une autre variété , dénommée par Guibourt : Ipecacuanha gris rougeâtre , est moins foncée , rougeâtre , moins odorante etmoins sapide ; son écorce ordinairement cornée , demi - transparente , offre parfois des sections mates , farineuses .— Un peu inférieur au précédent .",
                  "id": "18",
                  "title": "Aide-mémoire de pharmacie, vade-mecum du pharmacien à l'officine et au laboratoire, par Eusèbe Ferrand,..."
            },
            {
                  "doc_url": "https://gallica.bnf.fr/ark:/12148/bpt6k5484757m",
                  "emotions": [
                        "disgust",
                        "excitement"
                  ],
                  "excerpt": "Il suffit de dire quaprès le premier pavot - somnifère des pays chauds , c ' est le plus anodyn et le plus - calmant de tous ceux que la main prévoyante de la Nature a répandus dans les climats tempérés .L ' odeur de ses fleurs , qui est nauséeuse et narcotique , accuse ; une énergie indubitable .L ' incision faite à ses capsules détermine l ' écoulement d ^ uii suc gommo - résineux soluble dans l ' eau ordinaire .",
                  "id": "19",
                  "title": "Médecine généralisée, ou Pratique de la médecine mise théoriquement à la portée de tout le monde, par F.-A. Beauqui,..."
            },
            {
                  "doc_url": "https://gallica.bnf.fr/ark:/12148/bpt6k5510898z",
                  "emotions": [
                        "disgust"
                  ],
                  "excerpt": "On tiendrait trente : On est soixante ! Serrés , cahotés , On se glisse , on pousse , A chaque secousse On est l ' un sur l ' autre jetés .Une place assise est trop rare Pour qu ' un populo Jamais en un fauteuil se carre Dans le Métro , dans le Métro I Ce n ' est pas là qu ' on en met trop ! Et quelle insupportable odeur , Qui suffoque et lève le coeur 1 — 236 — Qui pourait dire Ce qu ' on respire ! Baste ! on s ' y plaît .C ' est peu commode , Oui , mais la mode Veut qu ' on lutte avec le boulet ! — Filer ! C ' est là noble besogne ; C ' est au grand galop Que vousemporte le Métro ! Vite ! plus vite ! .",
                  "id": "20",
                  "title": "Le Caveau"
            }
      ]
}