{
      "articles": [
            {
                  "doc_url": "https://gallica.bnf.fr/ark:/12148/bpt6k64641131",
                  "emotions": [
                        "disgust"
                  ],
                  "excerpt": "— Tandis que l ' enfant hypoalimenté présente tout d ' abord un accroissement insuffisant ou un arrêt d ' accroissement ou une perte de poids , l ' enfant suralimenté présente pendant une période plus ou moins longue un accroissement quotidien excessif .Les garde - robes sont plus nombreuses ; d ' aspect normal pendant quelque temps , elles prennent ensuite un aspect grumeleux , une consistance trop liquide , une odeur nauséabonde .Sur le corps apparaissent des éruptions diverses , au niveau du siège , des membres inférieurs , parfois sur la face sous la forme d ' un petit pointillé rouge .",
                  "id": "1",
                  "title": "Comment élever nos bébés, ou Manuel pratique de puériculture / par le Dr P. Pironneau,..."
            },
            {
                  "doc_url": "https://gallica.bnf.fr/ark:/12148/bpt6k15252376",
                  "emotions": [
                        "disgust",
                        "annoyance"
                  ],
                  "excerpt": "du petit doigt ; ses fleurs , qui naissent en juin , tombent de suite .Il est plein d ’ un lait amer , dont l ’ odeur est désagréable .C ’ est de ce Pavot que se tire l ’ opium ( i ) , M .",
                  "id": "2",
                  "title": "Guirlande de Flore, par Charles Malo"
            },
            {
                  "doc_url": "https://gallica.bnf.fr/ark:/12148/bpt6k54984239",
                  "emotions": [
                        "disgust",
                        "anger",
                        "disapproval"
                  ],
                  "excerpt": "A .Flouve odorante , avec ses épis , a .fleur grossie .",
                  "id": "3",
                  "title": "Premières notions de sciences à l'usage des élèves se préparant au certificat d'études primaires / par une réunion de professeurs"
            },
            {
                  "doc_url": "https://gallica.bnf.fr/ark:/12148/bpt6k5423960t",
                  "emotions": [
                        "disgust"
                  ],
                  "excerpt": "■ A peine à - t ' on .fervi fur table Que du roft l ' odeur deteftable Vient par mille endroits détournez / .Faire la guerre à tous les nez .",
                  "id": "4",
                  "title": "La chasse . A M. de Rosières"
            },
            {
                  "doc_url": "https://gallica.bnf.fr/ark:/12148/bpt6k91772v",
                  "emotions": [
                        "disgust"
                  ],
                  "excerpt": "jusqu ' à ce que la matière organique , abandonnée A l ' eau par la soie , étant devenue trop abondante dans le bain .celui - ei exhale une mauvaise odeur .En poreil cas , on l ' épuisé en y passant des soies , qui doivent etfe teintes en couleur sombre , et on le renouvelle ensuite complètement .",
                  "id": "5",
                  "title": "Précis de l'art de la teinture / par M. Dumas,..."
            },
            {
                  "doc_url": "https://gallica.bnf.fr/ark:/12148/bpt6k5775178g",
                  "emotions": [
                        "disgust"
                  ],
                  "excerpt": "L ' Encens , sur une flamme ardente , Répandit sa suave odeur .Pendant que la myrrhe odorante Brûlait devant le Dieu Sauveur .Refrain .",
                  "id": "6",
                  "title": "Les Cinq Mystères joyeux, cantiques nouveaux pour le mois de Marie, dédiés à la Grandeur Monseigneur de Marguerye, évêque d'Autun Chalon et Macon... par un jeune étudiant"
            },
            {
                  "doc_url": "https://gallica.bnf.fr/ark:/12148/bpt6k3062990c",
                  "emotions": [
                        "disgust"
                  ],
                  "excerpt": "i a Morille comestible assaisonée est un aliment agréable ; mais ce Champignon peut devenir funeste , si on le cueille après plusieurs jours de pluies , ou lorsqu ’ il commence à se ramollir par vétusté .La Morille fœticle répand une odeur infecte , lorsqu ’ elle est développée .Jellée dans le feu , elle donne une odeur d ’ al - hali volatil .",
                  "id": "7",
                  "title": "Phytologie universelle, ou Histoire naturelle et méthodique des plantes, de leurs propriétés, de leurs vertus et de leur culture. Tome 3 / ; par N. Jolyclerc,..."
            },
            {
                  "doc_url": "https://gallica.bnf.fr/ark:/12148/bpt6k5508581v",
                  "emotions": [
                        "disgust",
                        "doubt"
                  ],
                  "excerpt": "- ordinaire \\ \\ uu sei , n se atDa0e \\ un gaz ou une vapeur i Le gaz a l ' odeur des oeufs pourris SULFURE .Il ntn ^ Vnm ? ntd ^ « 5 Le Saz a unc odeur suffocante rappelant celle du ) „ „ „ „ „ , I otnoftimantpas < S0llfrc qui brûle - 5 SD , ' F1TE \\ Le gaz esl inodore , il trouble l ' eau de chaux ..",
                  "id": "8",
                  "title": "Précis de chimie (25e édition) / par L. Troost,..."
            },
            {
                  "doc_url": "https://gallica.bnf.fr/ark:/12148/bpt6k6349224x",
                  "emotions": [
                        "disgust",
                        "disapproval"
                  ],
                  "excerpt": "Lieux - arides .Cette plante est amère et on l ' ad - ministre comme excitante et carminative .en retire une huile grasse .",
                  "id": "9",
                  "title": "Flore pittoresque de la France : anatomie, physiologie, classification, description des plantes indigènes et cultivées au point de vue de l'agriculture, de l'horticulture et de la sylviculture (2e édition) / publiée sous la direction de J. Rothschild..."
            },
            {
                  "doc_url": "https://gallica.bnf.fr/ark:/12148/bpt6k30619598",
                  "emotions": [
                        "disgust",
                        "disapproval"
                  ],
                  "excerpt": "Plinte d ’ un à deux pieds , à tiges dressées , sim - oles ordinairement , carrées , vertes ou rougeâtres , irelues , et portant des feuilles pétiolécs , opposées al - ernativement en croix , un peu grandes , en cœur dlongé , dentées , ridées , d ’ un vert très - foncé surent en dessus , et légèrement pubescentes en dessous .r Odeur forte , peu agréable ; saveur amère .Cette liante est loin d ’ avoir les propriétés de la sauge font elle poite le nom .",
                  "id": "10",
                  "title": "Manuel des plantes médicinales, ou Description, usage et culture des végétaux indigènes employés en médecine ... Par A. Gautier,..."
            },
            {
                  "doc_url": "https://gallica.bnf.fr/ark:/12148/bpt6k30619598",
                  "emotions": [
                        "disgust"
                  ],
                  "excerpt": "Les racines forment des tubercules noueux , épais , brunâtres et munis de grosses fibres .La scrophulaire a une odeur peu forte , nauséabonde ; ses feuilles ont une saveur amère , un peu piquante , nauséeuse / Lorsqu ’ elle est sèche elle est tout - à - fait inodore , et reste amère , un peu acerbe et nauséabonde .File est facile à reconnaître d ’ ailleurs à la couleur brunâtre de ses feuilles , à la forme carrée de ses tiges , et aux irrégularités de sa racine qui est alors très - dure et peu sapide .",
                  "id": "11",
                  "title": "Manuel des plantes médicinales, ou Description, usage et culture des végétaux indigènes employés en médecine ... Par A. Gautier,..."
            },
            {
                  "doc_url": "https://gallica.bnf.fr/ark:/12148/bpt6k30619598",
                  "emotions": [
                        "disgust"
                  ],
                  "excerpt": "Véronique » Verveine .Verveine odorante .Mélancolie .",
                  "id": "12",
                  "title": "Manuel des plantes médicinales, ou Description, usage et culture des végétaux indigènes employés en médecine ... Par A. Gautier,..."
            },
            {
                  "doc_url": "https://gallica.bnf.fr/ark:/12148/bpt6k5421075j",
                  "emotions": [
                        "disgust"
                  ],
                  "excerpt": "Notices historiques .298 On rapporte que vingt - huit religieux se trouvèrent dangereusement malades , après avoir assisté jusqu ' à leurs derniers moments les habitants du quartier Sainte - Marie , et qu ' ils s ' accordèrent tous à dire qu ' ils avaient constamment éprouvé auprès des malades une sensation des plus désagréables et des plu » pénibles , à cause de l ' odeur qu ' ils avaient respirée .Cette odeur est un fait qui explique tout , sans la contagion .",
                  "id": "13",
                  "title": "Recherches sur les véritables causes des maladies épidémiques appelées typhus, ou De la non-contagion des maladies typhoïdes , par M. Lassis,..."
            },
            {
                  "doc_url": "https://gallica.bnf.fr/ark:/12148/bpt6k30619598",
                  "emotions": [
                        "disgust"
                  ],
                  "excerpt": "Cette racine est un peu aromatique , et d ’ une saveur acerbe .L ’ odeur des fleurs est plus faible encore , mais assez désagréable , et d ’ une saveur amère et acerbe .Les feuilles ont les mêmes qualités à un degré moins prononcé .",
                  "id": "14",
                  "title": "Manuel des plantes médicinales, ou Description, usage et culture des végétaux indigènes employés en médecine ... Par A. Gautier,..."
            },
            {
                  "doc_url": "https://gallica.bnf.fr/ark:/12148/bpt6k6212445j",
                  "emotions": [
                        "disgust",
                        "disapproval",
                        "greed",
                        "doubt"
                  ],
                  "excerpt": "Généraient ' odeur est passagère et fort variable .Tout le monde c eS qui oDt leine vineuse des ivrognes , l ' haleine fétide des personnes de cblo - mangé de l ' ail ou de l ' oignon .Une perle d ' éther , un pe \" roforme absorbé par l ' inhalation communique à corps qU odeur spéciale , et toujours cette odeur est due à un / 0 £ qui s évapore a la surface sécrétante du poumon .",
                  "id": "15",
                  "title": "Manuel de physiologie humaine, par le Dr J.-A. Fort,..."
            },
            {
                  "doc_url": "https://gallica.bnf.fr/ark:/12148/bpt6k3062990c",
                  "emotions": [
                        "disgust"
                  ],
                  "excerpt": "J * ni i f 5 ffflf ci ( io9 ) Les feuilles , les fleurs et les fruits du cassis ont une .odeur assez foi te , aromatique , peu agréable ; les feuilles et les fruits sont stomachiques et diurétiques .On a vanté avec acharnement leurs propriétés et leurs vertus ; mais cet enthousiasme s ’ est dissipé , et le cassis n ’ est aujourd ’ hui presque plus bon _ qu ’ à entrer dans les ratafiats .",
                  "id": "16",
                  "title": "Phytologie universelle, ou Histoire naturelle et méthodique des plantes, de leurs propriétés, de leurs vertus et de leur culture. Tome 3 / ; par N. Jolyclerc,..."
            },
            {
                  "doc_url": "https://gallica.bnf.fr/ark:/12148/bpt6k14173545",
                  "emotions": [
                        "disgust",
                        "anger",
                        "disapproval",
                        "embarrassment"
                  ],
                  "excerpt": "Zozor , qui flaire par terre , ramasse tout d ’ un coup , dans les ordures , quelque chose qu ’ il secoue avec joie .Son maître reconnaît Charlotte , sale , crottée et sentant horriblement mauvais ! ! ! « Eh bien , tu es dans un bel état ! ! ! Georgette , débarbouillez - la vite et couchez - la .Oh ! tu peux pleurer , je ne te plains pas .",
                  "id": "17",
                  "title": "Les gourmandises de Charlotte / par Jeanne Samary ; préface de M. Édouard Pailleron ; illustrations de Job"
            },
            {
                  "doc_url": "https://gallica.bnf.fr/ark:/12148/bpt6k28709b",
                  "emotions": [
                        "disgust"
                  ],
                  "excerpt": "morial .une flamme bleue et une odeur suffocante .Demi - transparent , lumineux dans l ' obscurité , brûlant avec Phosphore .",
                  "id": "18",
                  "title": "Manuel de chimie médicale , par M. Julia-Fontenelle,..."
            },
            {
                  "doc_url": "https://gallica.bnf.fr/ark:/12148/bpt6k30619598",
                  "emotions": [
                        "disgust"
                  ],
                  "excerpt": "Feuilles alternes , à grospétioles , ovales , très - larges , à angles obtus , irréguliers , sinuées , molles , d ’ un vert pâle et très - velues .Son odeur est vireuse , nauséabonde et presqueaussi forte que celle de la jusquiame noire .La saveur .",
                  "id": "19",
                  "title": "Manuel des plantes médicinales, ou Description, usage et culture des végétaux indigènes employés en médecine ... Par A. Gautier,..."
            },
            {
                  "doc_url": "https://gallica.bnf.fr/ark:/12148/bpt6k28709b",
                  "emotions": [
                        "disgust"
                  ],
                  "excerpt": "Vauquelin et Robiquetdans le suc des asperges , d ' où on l ' extrait en exposant au contact de l ' air le suc concentré , lequel dépose , au bout d ' un certain temps , une matière sucrée en aiguilles et l ' asparagine en prismes rhomboïdaux .Cette substance pure est inodore ; elle a une saveur fraîche et nauséabonde ; elle est très - soluble dans l ' eau et insoluble dans l ' alcool .Sans usages .",
                  "id": "20",
                  "title": "Manuel de chimie médicale , par M. Julia-Fontenelle,..."
            }
      ]
}