{
      "articles": [
            {
                  "doc_url": "https://gallica.bnf.fr/ark:/12148/bpt6k5823533h",
                  "emotions": [
                        "disgust",
                        "annoyance"
                  ],
                  "excerpt": "La chair du mouton et celle plus rare du boeuf sont séparées avec soin des os dont on ne tire aucune espèce de parti , elles sont à peu près hachées et arrangées en lots plus ou moins forts sur le devant de l ' échoppe ; on les vend pour la confection du couscoussou .Le regard et l ' odorat sont également offensés en traversant ce quartier .Quant au pain , il est empilé à terre n ' importe à quel coin , fût - ce près du ruisseau et souvent sous la pluie .",
                  "id": "1",
                  "title": "Voyage de Vermont-sur-Orne à Constantine-sur-l'Oued-Rummel : Sétif, Bougie et Alger / par une Femme [Anaïs Du Tertre ou Anne Dutertre]"
            },
            {
                  "doc_url": "https://gallica.bnf.fr/ark:/12148/bpt6k5823533h",
                  "emotions": [
                        "disgust",
                        "anger",
                        "gratitude",
                        "envy"
                  ],
                  "excerpt": "Les bons pains sans levain , et la fève odorante En un breuvage exquis .J ' aurais cueilli pour toi la datte parfumée , Lorsque sur son régime elle s ' attache encor ; — 442 — J ' aurais de ta tchibouque à la blanche fumée , Entretenu l ' ardeur , et mis l ' onde embaumée Dans ton narghileh d ' or .J ' aurais su composer du lait de nos chamelles Un aliment utile aux gens de ta smala ; Quand nos tribus , pour fuir des ardeurs trop cruelles , Vont chercher , vers le Nord , des fraîcheurs éternelles Aux lieux bénis d ' Allah .",
                  "id": "2",
                  "title": "Voyage de Vermont-sur-Orne à Constantine-sur-l'Oued-Rummel : Sétif, Bougie et Alger / par une Femme [Anaïs Du Tertre ou Anne Dutertre]"
            },
            {
                  "doc_url": "https://gallica.bnf.fr/ark:/12148/bpt6k57124607",
                  "emotions": [
                        "disgust",
                        "fear",
                        "doubt"
                  ],
                  "excerpt": "L ' horreur , l ' étrangeté de cette scène sont impossibles à rendré .Faut - il le dire ? Mon père , infernalement transformé , s ' enivrant ainsi de l ' odeur du meurtre , emveloppé dans ce drap rouge , teint de sang , que , l ' irrégularité des teintes rendait plus sinistre encore , mon père me semblait être une apparition réelle du génie du mal ; et cette horrible , ; extravagante expansion était pour , moi comme l ' explication , la conséquence naturelle , de sa froide taciturnité .Cette idée était monstrueuse ! pourtant , je l ' acceptai sans révolte .",
                  "id": "3",
                  "title": "Les Amours vulgaires, par A. Vermorel"
            },
            {
                  "doc_url": "https://gallica.bnf.fr/ark:/12148/bpt6k5469543w",
                  "emotions": [
                        "grief",
                        "disgust",
                        "disapproval",
                        "desire"
                  ],
                  "excerpt": "Le tabac qu ' on fume au sérail vient de Latakié .ai D ' au parfum de cadavre embaume ton sérail .Il ne faut pas disputer sur les étranges goûts des souverains .",
                  "id": "4",
                  "title": "Oeuvres de Barthélemy et Méry"
            },
            {
                  "doc_url": "https://gallica.bnf.fr/ark:/12148/bpt6k5804515b",
                  "emotions": [
                        "disgust",
                        "anger",
                        "annoyance",
                        "disapproval",
                        "desire",
                        "courage",
                        "embarrassment"
                  ],
                  "excerpt": ", .Attendez , je vais allumer votre chandelle et éteindre mon rat , qui sent mauvais comme trente - six lampions .Après avoir allumé un bout de chandelle enté sur un brûle - tout , Georget s ' approche de sa mère : 50 LA BOUQUETIÈRE DU CHATEAU - D ' EAU — Voyons .",
                  "id": "5",
                  "title": "La bouquetière du Château-d'Eau. 1 / Ch.-Paul de Kock"
            },
            {
                  "doc_url": "https://gallica.bnf.fr/ark:/12148/bpt6k58600455",
                  "emotions": [
                        "disgust"
                  ],
                  "excerpt": "\" La trompe d ' Eustache nous amène tout naturellement aux affection de la caisse tympanique : parme les affections de celle - ci , il en est une encore peu connue et qui pourtant est bien souvent la cause de profondes surdités .Nous voulons parler de ces exsudats colloïdes , comme nous en montraient à Vienne les cliniques de Grüber et Politzer .Nous citerons le cas suivant : Mademoiselle X .",
                  "id": "6",
                  "title": "Recherches thérapeutiques sur La Bourboule, et relations de la scrofule avec la phthisie et la tuberculose / par le Dr E. Escot,..."
            },
            {
                  "doc_url": "https://gallica.bnf.fr/ark:/12148/bpt6k933456m",
                  "emotions": [
                        "disgust"
                  ],
                  "excerpt": "Leurs fleurs sont jaunes , blanches ou légèrement rosées .Une odeur d ’ ammoniaque s ’ échappe de ces plantes en putréfaction .Mais aussi elles sont très - nutritives ; telles sont les nombreuses variétés de choux et de raves .",
                  "id": "7",
                  "title": "Un bouquet de fleurs, par Mme Fanny Faguet"
            },
            {
                  "doc_url": "https://gallica.bnf.fr/ark:/12148/bpt6k2044484",
                  "emotions": [
                        "disgust"
                  ],
                  "excerpt": "Mais quoi avant de devenir femme de Trabuc , n ' avait - elle pas , la Civadone , été sa maîtresse à lui , Médéric Mireur ? Sous les brùlures du soleil , le figuier , d ' une de ses branches brisée par un coup de mistral ou par le caprice d ' un pâtre , pleurait la sève et répandait une odeur de bouc âcre et forte .Médéric se leva , ivre de l ' odeur .Quelques instants , il parut hésiter ~ regardant derrière lui , du côté de Rochegude Recommencer est une folie Cinq heures de chemin de fer et une nuit à Marseille vaudraient mieux .",
                  "id": "8",
                  "title": "Domnine / Paul Arène"
            },
            {
                  "doc_url": "https://gallica.bnf.fr/ark:/12148/bpt6k54494059",
                  "emotions": [
                        "disgust",
                        "indifference"
                  ],
                  "excerpt": "hcm ^ g ^ c ^ j Des solitaires bois vient aspirer l ' arôme ! y ' ' \" .^ i ; * C \" • % 7 Voici plus de vingt ans , qu ' avec un froid dédalej ' \\ V > / Je préserve mes pas de tout contact mondain ' , Et que , sur les parfums des fleurs et du feuillage , Que les chastes oiseaux suivent de leur ramage , Mon àme vers le ciel s ' élève chaque jour ! Ce sont vingt ans de joie , et d ' extase , et d ' amour .Dans les grandes cités , où règne le délire , Allez , vous , que l ' espoir de la fortune attire ! Si l ' or ne vient pas seul , volez ! Le monde aussi Honore le voleur , quand il a réussi .",
                  "id": "9",
                  "title": "Essai de délassements forestiers : poésies / par M. Jules Clausade,..."
            },
            {
                  "doc_url": "https://gallica.bnf.fr/ark:/12148/bpt6k10250557",
                  "emotions": [
                        "disgust",
                        "nostalgia"
                  ],
                  "excerpt": "Cet auteur a essayé de manger le noyau , qui lui a paru avoir le goût de châtaigne , mais moins doux .J ' avoue que l ' odeur du Cycas Circinalis m ' a détourné d ' en goûter , et je n ' en ai jamais vu manger à Madagascar , ni dans nos Isles , où les Créoles ont cependant des friandises qui répugnent à ceux qui n ' y sont pas habitués .M .",
                  "id": "10",
                  "title": "Histoire des végétaux recueillis sur les isles de France, La Réunion (Bourbon) et Madagascar , Ire partie... par Aubert Aubert Du Petit-Thouars"
            },
            {
                  "doc_url": "https://gallica.bnf.fr/ark:/12148/bpt6k9601159j",
                  "emotions": [
                        "disgust"
                  ],
                  "excerpt": "Plusieurs partis s ' étaient présentés pour la belle héritière , mais elle les avait repoussés avec un dégoût invincible .Chez tous elle croyait retrouver quelque chose de l ' infamie du secrétaire de son oncle , comme le malade atteint de nausées croit sentir , dans chaque mets nouveau , le goût de celui qui a provoqué le vomissement .C ' est ainsi que , tout d ' abord , elle s ' était révoltée , au seul soupçon des intentions de Reygnac à son égard .",
                  "id": "11",
                  "title": "Montescourt / par Léon de Tinseau"
            },
            {
                  "doc_url": "https://gallica.bnf.fr/ark:/12148/bpt6k9601159j",
                  "emotions": [
                        "disgust",
                        "fear",
                        "nervousness",
                        "embarrassment"
                  ],
                  "excerpt": "— Lui ! Je voudrais bien savoir pourquoi , par exemple ! Le front de la jeune fille se creusa d ' une ride qu ' on y voyait parfois et qui lui donnait une physionomie presque dure .Elle répondit , tout en écrasant d ' un geste nerveux une guêpe que l ' odeur des fruits avait attirée : — Il vous hait pour deux raisons .La première , c ' est qu ' il comptait sur la place que vous avez eue .",
                  "id": "12",
                  "title": "Montescourt / par Léon de Tinseau"
            },
            {
                  "doc_url": "https://gallica.bnf.fr/ark:/12148/bpt6k54737556",
                  "emotions": [
                        "surprise",
                        "disgust",
                        "pain"
                  ],
                  "excerpt": "La difficulté de respirer parle nez , qui est souvent l ' un des premiers symptômes , peut pendant longtemps être plus ou moins marquée ; mais tôt ou tard , si le malade ne se traite pas , l ' oblitération devient complète .Le malade alors est obligé de respirer la bouche ouverte .Les fosses nasales n ' exercent plus leur rôle essentiel : fixation et filtration des poussières , élévation de la température et augmentation de l ' humidité de l ' air ; ce dernier arrive directement sur le pharynx , le 1 irynx et la \" trachée , chargé dépoussières et plus ou moins sec et froid .",
                  "id": "13",
                  "title": "De l'hypertrophie de la muqueuse des cornets du nez : (myxangiome diffus de la muqueuse des cornets) / par le Dr C. Barbier,..."
            },
            {
                  "doc_url": "https://gallica.bnf.fr/ark:/12148/bpt6k889088t",
                  "emotions": [
                        "disgust",
                        "fear"
                  ],
                  "excerpt": "En chœur .C ’ est l ’ alerte aux gaz , aux gaz asphyxiants , Bouchons - nous le nez .Les yeux , Et les oreilles , C ’ est l ’ alerte aux gaz , aux gaz asphyxiants .",
                  "id": "14",
                  "title": "Jamais deux sans trois : 3e revue [du 1er Zouaves] de \"La Chéchia\", en 1 acte et 2 tableaux [Aux armées octobre 1916.] / de Toni Pança, l'Ecorché et le Lanceur de fusées ; arrangement musical de Cassard ; illustrations de Frippier"
            },
            {
                  "doc_url": "https://gallica.bnf.fr/ark:/12148/bpt6k771111",
                  "emotions": [
                        "disgust"
                  ],
                  "excerpt": "Les rhumatisants qu ' on envoie à Dax y font fréquemment usage d ' une sorte - de limon riche en conferves ( boues végéto - minérates ) .Cemé ! ange ~ a odeur d ' œufs pourris , noir à cause du sulfure de fer qu ' il renferme , et rougissant a l ' air par oxydation de ce dernier , se trouve aujourd ' hui dans le commerce .Desséché a H - i00 ~ , il est formé , entrp autres substances , de SabJe 73 77 \" / o Matière organique .",
                  "id": "15",
                  "title": "Manuel d'hydrologie, eaux potables et eaux minérales / par le Dr Émile Fleury,..."
            },
            {
                  "doc_url": "https://gallica.bnf.fr/ark:/12148/bpt6k9761484j",
                  "emotions": [
                        "disgust"
                  ],
                  "excerpt": "Fleurs eD épis courts , lâches , cylindriques , terminaux ; purpurines , s ' épanouissant de juillet à septembre .Feuilles lancéolées aiguës , brièvement pétiolées , dentées en scie , opposées , d ' un beau vert sombre en dessus ; remarquables par leurodeur forte , pénétrante , leur saveur chaude , piquante laissant dans la bouche une sensation de froid caractéristique .1 ' En Angleterre on en ' connaît 2 types , la noire et * la blanche .",
                  "id": "16",
                  "title": "Plantes à parfums et plantes aromatiques / par Antonin Rolet,..."
            },
            {
                  "doc_url": "https://gallica.bnf.fr/ark:/12148/bpt6k9761484j",
                  "emotions": [
                        "disgust",
                        "nostalgia"
                  ],
                  "excerpt": "1 L ' odeur de la rose passe pour être énervante .On rappelle que le compositeur français Grétry s ' évanouissait à l ' odeur jj de cette fleur ; qu ' tune certaine , dame , plus sensible - encore , ■ ■ perdait connaissance ; à la simple vue d ' urne rose ..",
                  "id": "17",
                  "title": "Plantes à parfums et plantes aromatiques / par Antonin Rolet,..."
            },
            {
                  "doc_url": "https://gallica.bnf.fr/ark:/12148/bpt6k9761484j",
                  "emotions": [
                        "disgust",
                        "annoyance"
                  ],
                  "excerpt": "On l ' accuse de « casser la voix a .La duchesse de Lamballe ne pouvait supporter cette odeur .A l ' époque de Marie - Antoinette , la Violette et la Rose étaient les parfums préférés .",
                  "id": "18",
                  "title": "Plantes à parfums et plantes aromatiques / par Antonin Rolet,..."
            },
            {
                  "doc_url": "https://gallica.bnf.fr/ark:/12148/bpt6k9761484j",
                  "emotions": [
                        "disgust"
                  ],
                  "excerpt": "Cassiers et Mimosas sont des Acacias , tribu des Mimosées ( Légumineuses ) .Il ne faut donc pas confondre ces vrais Acacias avec l ' arbre appelé vulgairement de ce nom , aux belles grappes blanches très odoriférantes aussi , mais qui n ' est qu ' un vulgaire plagiaire car son vrai nom est Robinier Faux Acacia ( Robinia pseudo - Acacia ) .Le Cassier [ Acacia Farnesiana ou Farnesia ; Acacia Indica ( Ald .",
                  "id": "19",
                  "title": "Plantes à parfums et plantes aromatiques / par Antonin Rolet,..."
            },
            {
                  "doc_url": "https://gallica.bnf.fr/ark:/12148/bpt6k9761484j",
                  "emotions": [
                        "disgust"
                  ],
                  "excerpt": "Les révolutions , les abdications sont des jeux émouvants .Si nous allions susciter une guerre civile dans les jardins et proclamer le Jasmin empereur et roi des parterres 1 » Il est pour chaque caractère une odeur qui semble lui appartenir particulièrement .La femme spirituelle préfère , dit - on , le Jasmin .",
                  "id": "20",
                  "title": "Plantes à parfums et plantes aromatiques / par Antonin Rolet,..."
            }
      ]
}