{
      "articles": [
            {
                  "doc_url": "https://gallica.bnf.fr/ark:/12148/bpt6k5493967n",
                  "emotions": [
                        "disgust"
                  ],
                  "excerpt": "100 des germes des poussières qu ' on soumet à leur action ; généralement , ce n ' est qu ' avec la plus grande difficulté ( pie les substances de ce groupe parviennent , exceptionnellement , à tuer les spores du charbon et des bacilles du sol après un contact prolongé pendant 3 et 4 jours .Acide sulfureux .— STERXREIK ; ( I ) , qui s ' est beaucoup occupé du pouvoir antiseptique de ce corps gazeux , a trouvé : que les microcoques du pus étaient tués au bout de 18 heures d ' exposition dans une atmosphère sèche contenant ao p .",
                  "id": "1",
                  "title": "Traité de bactériologie pure et appliquée à la médecine et à l'hygiène / par MM. P. Miquel et R. Cambier,..."
            },
            {
                  "doc_url": "https://gallica.bnf.fr/ark:/12148/bpt6k5493967n",
                  "emotions": [
                        "disgust"
                  ],
                  "excerpt": "On peut l ' employer pour stériliser à froid la A ' errerie de laboratoire ; en dehors de cet usage , il ne reçoit pas d ' application comme désinfectant .Acide sulfureux .— En solutions aqueuses , même très concentrées , Yaci .",
                  "id": "2",
                  "title": "Traité de bactériologie pure et appliquée à la médecine et à l'hygiène / par MM. P. Miquel et R. Cambier,..."
            },
            {
                  "doc_url": "https://gallica.bnf.fr/ark:/12148/bpt6k5493967n",
                  "emotions": [
                        "disgust"
                  ],
                  "excerpt": "La fluorescence observée y jiersiste longtemps .L ' odeur cle toutes cultures du Bacillus fluorescens pathogènes rappe \\ \\ e l ' eau de choux pourris .Il ne se forme jxis d ' indol .",
                  "id": "3",
                  "title": "Traité de bactériologie pure et appliquée à la médecine et à l'hygiène / par MM. P. Miquel et R. Cambier,..."
            },
            {
                  "doc_url": "https://gallica.bnf.fr/ark:/12148/bpt6k5493967n",
                  "emotions": [
                        "disgust",
                        "nostalgia"
                  ],
                  "excerpt": "1 se développe abondamment sur la pomme de ferre où il donne un enduit épais , visqueux , d ' un gris sale ; il trouble le bouillon uniformément et ne coagule pas le lai / .; les cultures A ' ieilles de ce bacille exhalent une odeur ■ rappelant la corne brûlée , enfin le Pneiimobacillits liaitefaciens bovis injecté clans le péritoine des cobayes les lue promptement .Microbe de Nocard et Roux .",
                  "id": "4",
                  "title": "Traité de bactériologie pure et appliquée à la médecine et à l'hygiène / par MM. P. Miquel et R. Cambier,..."
            },
            {
                  "doc_url": "https://gallica.bnf.fr/ark:/12148/bpt6k5493967n",
                  "emotions": [
                        "disgust"
                  ],
                  "excerpt": "Plus tard , la caséine coagulée gagne le fond et la surface du lait en laissant ; apercevoir clans la partie moyenne du liquide un sérum aqueux transparent : .Ces cultures exhalent une odeur butyrique .Cette espèce est pathogène pour le cobaye qu ' une injection sous - cutanée ou intra - péritonéale de o , 5 à i centimètre cube cle culture tue généralement en 24 heures , en déterminant la formation d ' oedèmes gazeux .",
                  "id": "5",
                  "title": "Traité de bactériologie pure et appliquée à la médecine et à l'hygiène / par MM. P. Miquel et R. Cambier,..."
            },
            {
                  "doc_url": "https://gallica.bnf.fr/ark:/12148/bpt6k5839014k",
                  "emotions": [
                        "disgust"
                  ],
                  "excerpt": "A première vue , on croirait qu ' il est inhabité , ce pays ; à mieux regarder , cependant , on s ' aperçoit combien son opulent manteau vert est déjà sournoisement travaillé en dessous par le microbe humain .De distance en distance , des espèces de foulées , comme en tracent les fauves , débouchent de dessous bois et vont au fleuve ; c ' est elles qui dénoncent d ' abord la présence des villages ; quand on passe tout auprès , des puanteurs animales viennent se mêler aux senteurs des plantes ; de pauvres cabanes se révèlent , blotties parmi les branches , et des hommes apparaissent , bien humbles et comme négligeables sous l ' éternelle verdure sou - 20 UN PÈLERIN D ' ANGKOR veraine .Annamites grêles , au torse couleur de safran .",
                  "id": "6",
                  "title": "Un pèlerin d'Angkor / Pierre Loti,..."
            },
            {
                  "doc_url": "https://gallica.bnf.fr/ark:/12148/bpt6k9771663b",
                  "emotions": [
                        "disgust"
                  ],
                  "excerpt": ") - D ' JSur .Cullivé pour l ' odeur de ses fleurs .2j - ■ TRIBU III .",
                  "id": "7",
                  "title": "Flore de Namur, ou Description des plantes spontanées et cultivées en grand dans la province de Namur, observées depuis 1850, accompagnée de tableaux analytiques... par A. Bellynck... Plantes vasculaires"
            },
            {
                  "doc_url": "https://gallica.bnf.fr/ark:/12148/bpt6k9322874",
                  "emotions": [
                        "disgust",
                        "pain",
                        "embarrassment"
                  ],
                  "excerpt": "Parfois la salivation s ’ établit modérée ordinairement , plus abondante dans quelques cas .Puis les gencives saignent , leur muqueuse et celle des joues se recouvrent d ’ un exsudât pseudo - membraneux et meme s ’ ulcère .Les dents deviennent branlantes .",
                  "id": "8",
                  "title": "Intoxications par le sublimé corrosif chez les femmes en couches / par le Dr Richard Sébillotte,..."
            },
            {
                  "doc_url": "https://gallica.bnf.fr/ark:/12148/bpt6k9322874",
                  "emotions": [
                        "disgust"
                  ],
                  "excerpt": "11 heures du soir .Expulsion spontanée d ’ un placenta unique , non fétide .11 reste dans l ’ utérus des fragments de caduque et de chorion .",
                  "id": "9",
                  "title": "Intoxications par le sublimé corrosif chez les femmes en couches / par le Dr Richard Sébillotte,..."
            },
            {
                  "doc_url": "https://gallica.bnf.fr/ark:/12148/bpt6k54061391",
                  "emotions": [
                        "disgust"
                  ],
                  "excerpt": "Les uns et les autres , par leurs joyeux bourdonnements , faisaient l ' éloge du miel parfumé qu ' ils trouvaient presque tout fait dans le milieu des fleurs .2 LES DENTS DU DRAGON Le pois de senteur est une fleur ancienne , une fleur aujourd ' hui dédaignée et abandonnée , , une fleur de pauvre , une fleur de mansarde qui ne serait admise à aucune exposition .C ' est en vain qu ' on lui a enlevé son joli nom de pois de senteur pour lui donner celui de lathyrus ; .",
                  "id": "10",
                  "title": "Les dents du dragon (Nouvelle édition) / par Alphonse Karr"
            },
            {
                  "doc_url": "https://gallica.bnf.fr/ark:/12148/bpt6k5803183g",
                  "emotions": [
                        "disgust",
                        "courage",
                        "amusement"
                  ],
                  "excerpt": "Elle est dans la cendre .Elle pue le volcan .La cendre est partout .",
                  "id": "11",
                  "title": "La catastrophe de la Martinique : notes d'un reporter... / Jean Hess"
            },
            {
                  "doc_url": "https://gallica.bnf.fr/ark:/12148/bpt6k5803183g",
                  "emotions": [
                        "disgust"
                  ],
                  "excerpt": "Le D1 ' Saint - Maurice fait remonter ces avertissements aux premiers jours de mars .Il a nettement senti au Prêcheur des odeurs de soufre qui venaient de la Montagne Pelée .Le 4 avril , ces odeurs qui avaient augmenté durant tout le mois de mars , prenaient une grande intensité et 164 LA CATASTROPHE DE LA MARTINIQUE elles accompagnaient une première pluie de cendres , qui tombait sur le Prêcheur .",
                  "id": "12",
                  "title": "La catastrophe de la Martinique : notes d'un reporter... / Jean Hess"
            },
            {
                  "doc_url": "https://gallica.bnf.fr/ark:/12148/bpt6k5803183g",
                  "emotions": [
                        "grief",
                        "disgust",
                        "despair"
                  ],
                  "excerpt": ".CE QUE J ' AI VU 33 L ' odeur de quarante mille morts ! ..",
                  "id": "13",
                  "title": "La catastrophe de la Martinique : notes d'un reporter... / Jean Hess"
            },
            {
                  "doc_url": "https://gallica.bnf.fr/ark:/12148/bpt6k5706317v",
                  "emotions": [
                        "disgust",
                        "fear",
                        "nostalgia"
                  ],
                  "excerpt": "Le lait du bouc stérile écumera pour lui , Et le renard perdra son humeur indomptable , DAMÉTAS .Vous qui cueillez la fraise et de naissantes fleurs Sur l ' émail parfumé de ces vertes prairies ; Fuyez , bergers , fuyez leurs brillantes couleurs : Un serpent est caché sous ces liges fleuries ..",
                  "id": "14",
                  "title": "Fables et poésies diverses / par M. Étienne Azéma (de l'île Bourbon)"
            },
            {
                  "doc_url": "https://gallica.bnf.fr/ark:/12148/bpt6k6507198n",
                  "emotions": [
                        "admiration",
                        "surprise",
                        "disgust"
                  ],
                  "excerpt": "Le court espace à parcourir depuis le débarcadère jusqu ' à la rue Lanterne nous faisait passer devant les portes de l ' église de la Platière , ouverte aux prières du matin .Ce bas et humide sanctuaire d ' où s ' échappait toujours un parfum d ' encens me glaçait de crainte .Mes tantes , pour varier leurs moyens d ' instruction , n ' avaient pas négligé de m ' initier à la révocation de l ' Edit de Nantes et à toutes les persécutions exercées depuis lors en France contre nos coreligionnaires .",
                  "id": "15",
                  "title": "Souvenirs et portraits / Henry-Auguste Brölemann ; [publiés par A.-A. Brölemann]"
            },
            {
                  "doc_url": "https://gallica.bnf.fr/ark:/12148/bpt6k204061x",
                  "emotions": [
                        "grief",
                        "sadness",
                        "disgust",
                        "nostalgia",
                        "disappointment"
                  ],
                  "excerpt": "Son premier pèlerinage à l ' arrivée fut pour la forêt de châtaigniers ; au jour baissant , la nuit vient vite au commencement d ' octobre , il parcourut la longue allée mais elle n ' était plus noire ; un rayon ambré la traversait encore , et semblait s ' être fixé sur chaque feuille treniblante au rameau , ou frissonnante sous ses pieds .Avec l ' odeur des feuilles mortes , tout un monde de regrets , de souvenirs , d ' amertumes montait vers lui , remuant urie indicible tris - tesse , un dégoût plus complet de tout ce qu ' il avait cherché jusqu ' alors .Arrivé à la clairière , il .",
                  "id": "16",
                  "title": "Idylles / par Henry Gréville"
            },
            {
                  "doc_url": "https://gallica.bnf.fr/ark:/12148/bpt6k9624665g",
                  "emotions": [
                        "surprise",
                        "disgust",
                        "embarrassment"
                  ],
                  "excerpt": "Sa timidité ordinaire le quittait en cette occasion et il éprouvait un certain plaisir à exaspérer M .Hurtrot en allumant une des petites cigarettes qu ' il avait l ' habitude de fumer : l ' odeur du tabac d ' Orient écœurait M .Hurtrot , qui montrait sa répugnance par une grimace exagérée .",
                  "id": "17",
                  "title": "Les vacances d'un jeune homme sage : roman / Henri de Régnier ; ill. de L. Lecoultre"
            },
            {
                  "doc_url": "https://gallica.bnf.fr/ark:/12148/bpt6k66292p",
                  "emotions": [
                        "surprise",
                        "disgust",
                        "disapproval",
                        "doubt"
                  ],
                  "excerpt": "On dit même qu ' elle se farde .Mais ' ce n ' est pas vrai , dans notre famille 1 Moi je ne connais qu ' un onguent , celui fait de bou \" e et de toile d ' araignées qui mûrit les abcès ! Ah Martine ne veut plus sentir la vache ! Nous devons la dégoûter ! Dame Elever des cochons ou soigner le bidet d ' une marquise , c ' est point la même affaire 1 Le bidet d ' une marquise , c ' est - it son cheval ? demanda Tiennette .A peu près , répondit Laide d ' un air pincé et important .",
                  "id": "18",
                  "title": "Le jardinier de la Pompadour : roman (4e éd.) / Eugène Demolder"
            },
            {
                  "doc_url": "https://gallica.bnf.fr/ark:/12148/bpt6k66292p",
                  "emotions": [
                        "disgust",
                        "anger",
                        "annoyance",
                        "disapproval"
                  ],
                  "excerpt": "Il se frottait à Flipotte , ce qui augmenta la rage de Piedfin .Cloaques d ' infection , lança - t - il aux femmes , puantes bêtes , pots fêlés , serves de Belzébuth , bourbiers d ' immondices , avec le fard dont vous frottez vos ngures pour attirer les mâles , pareilles à des écrevisses , vous allez à reculons dans la voie du ciel C ' est ce qu ' un prédicateur m ' a dit Ce prêcheur doit être laid comme toi ! interrompit Flipotte .Il avait raison de vous honnir ; 6 vous les viandes pourries que le démon offrit à saint Antoine et sur lesquelles ce saint cracha ! C ' était un bougre de ta sorte 1 Ferme ta bouche , créature , dit Agathon devenu vert , et ne te sers pas pour blasphémer de la langue que Dieu t ' accorda pour la prière ! Flipotte se mit à rire Il a une araignée dans sa vieille tonsure .",
                  "id": "19",
                  "title": "Le jardinier de la Pompadour : roman (4e éd.) / Eugène Demolder"
            },
            {
                  "doc_url": "https://gallica.bnf.fr/ark:/12148/bpt6k66292p",
                  "emotions": [
                        "disgust",
                        "disapproval"
                  ],
                  "excerpt": "C ' était Agathon Piedfin .Odeur de femme , odeur de diable dit le marmiton .L ' hiver vint et par ses gelées et ses neiges ralentit les travaux .",
                  "id": "20",
                  "title": "Le jardinier de la Pompadour : roman (4e éd.) / Eugène Demolder"
            }
      ]
}