{
      "articles": [
            {
                  "doc_url": "https://gallica.bnf.fr/ark:/12148/bpt6k9775578p",
                  "emotions": [
                        "disgust"
                  ],
                  "excerpt": "Se sème en automne et au printemps à raison de 10 kilogrammes * de graines par hectare .Flouve odorante .— Cette graminée ne peut s ' employer qu ' en petite quantité dans les mélanges des prairies à faucher , à cause de l ' odeur aromatique qu ' elle donne au foin , encore dans les prairies humides y a - t - il à craindre qu ' elle réussisse mal ; seule elle ne saurail être employée avantageusement .",
                  "id": "1",
                  "title": "L'indicateur des semis : opuscule sur les semis de graines potagères, fourragères ognons et graines de fleurs pour le midi de la France / par Rougier-Sarrète,..."
            },
            {
                  "doc_url": "https://gallica.bnf.fr/ark:/12148/bpt6k57300438",
                  "emotions": [
                        "disgust",
                        "amusement",
                        "indifference"
                  ],
                  "excerpt": "— Ce genre PAT Î541 PAT est , sans contredit , celui qui réunit les plus délicats , les plus savoureux , les plus exquis pâtés .La truffe semble être faite pour lui ; elle embaume son sein d ' un parfum inimitable , qui fait palpiter les narines du moins sensuel , du moins gourmet et du plus indifférent .A la condition toutefois que truffes et gibiers soient traités avec les honneurs dus à leur rang .",
                  "id": "2",
                  "title": "Dictionnaire universel de cuisine pratique : encyclopédie illustrée d'hygiène alimentaire : modification de l'homme par l'alimentation. T. 4 / Joseph Favre"
            },
            {
                  "doc_url": "https://gallica.bnf.fr/ark:/12148/bpt6k58317118",
                  "emotions": [
                        "disgust",
                        "boredom"
                  ],
                  "excerpt": "choit à dissiper les causes dela stérilité par des fumigations de .résines très - odorantes , des pessaires irritans , Sec .Cependant Galien avoit donné sor cèt objet des préceptes sages .",
                  "id": "3",
                  "title": "Médecine : contenant : 1° l'hygiène, 2° la pathologie, 3° la séméiotique et la nosologie, 4° la thérapeutique ou matière médicale, 5° la médecine militaire, 6° la médecine vétérinaire, 7° la médecine légale, 8° la jurisprudence de la médecine et de la pharmacie, 9° la biographie médicale.... Tome 8 / mise en ordre et publiée par M. Vicq d'Azyr [et continuée par M. Moreau (de la Sarthe)]"
            },
            {
                  "doc_url": "https://gallica.bnf.fr/ark:/12148/bpt6k5810552n",
                  "emotions": [
                        "disgust"
                  ],
                  "excerpt": "Aussi lui donnait - on le nom d ' herbe sacrée .Elle est faiblement aromatique et un peu amère , .ce qui n ' indique pas qu ' elle doive jouir de bien grandes propriétés médicales ; elle est à peine usitée aujourd ' hui .",
                  "id": "4",
                  "title": "Histoire naturelle des drogues simples, ou Cours d'histoire naturelle professé à l'École de pharmacie de Paris. Tome 2 / par N. J.-B. G. Guibourt,..."
            },
            {
                  "doc_url": "https://gallica.bnf.fr/ark:/12148/bpt6k5810552n",
                  "emotions": [
                        "disgust"
                  ],
                  "excerpt": "Il paraît opaque , vu en masse , à cause de sa couleur foncée ; mais il est très généralement transparent4ans ses lames minces et d ' un rouge foncé .Sa poudre est jaunever ' dâtre ; sa , saveur est très amère ; son odeur , aromatique , forte , tout à fait particulière et peu agréable , telle qu ' on est habitué en France à la regarder comme le type de l ' odeur de l ' aloès .Trituré avec de l ' eau dans un mortier ; , cette odeur dévient encore plus forte > et l ' aloès se réduit en une masse molle sur laquelle l ' eau froide a peu d ' action .",
                  "id": "5",
                  "title": "Histoire naturelle des drogues simples, ou Cours d'histoire naturelle professé à l'École de pharmacie de Paris. Tome 2 / par N. J.-B. G. Guibourt,..."
            },
            {
                  "doc_url": "https://gallica.bnf.fr/ark:/12148/bpt6k6350538g",
                  "emotions": [
                        "disgust"
                  ],
                  "excerpt": "Une cause d ' impuissance est le dégoût qu ' inspire la hideuse conformation de certaines parties génitales , les maladies dont elles sont le siège , leur ampleur excessive , leur fétidité , et ce sont généralement les ( lueurs blanches qui sont le plus à redouter , parmi les désordres qu ' elles occasionnent , on distingue , la mollesse de la muqueuse vaginale due à une sécrétion continuelle qui ne tarde pas à l ' excorier .Les parties externes sont flasques , flétries , ardoisées , l ' humeur leucorrhéique jaunâtre , verdâtre ou blanchâtre , d ' une odeur nauséabonde , flue incessamment de la vulve .L ' homme et la femme arrivés à l ' âge mûr , éprouvent généralement du dégoût pour l ' acte , si les parties génitales au lieu d ' offrir celte propreté , cette attrayante fraîcheur qui allume les désirs ne présentent qu ' un aspect repoussant .",
                  "id": "6",
                  "title": "Manuel de l'amour conjugal / par le Dr Eynon"
            },
            {
                  "doc_url": "https://gallica.bnf.fr/ark:/12148/bpt6k58317118",
                  "emotions": [
                        "disgust",
                        "anger",
                        "fear",
                        "disapproval",
                        "doubt",
                        "pain"
                  ],
                  "excerpt": "» Galien se fâche , en cet endroit , contre Sabinus , qui pensoit que le mot horto avoit été ajouté au texte d ' Hippoçrate , comme si c ' eût été la cause de k maladie , Sc il k - rejette fur l ' air des jardins , méphitifé par le fumage 4i .o ' M A L MAL ; & les exhalaison 1 ! dangereuses des arbres , du buis Sc d ' autres pkntes semblables * Ceux qui habitent au bord ; des plaines ont ks mêmes maladies .Ces lieux rendent , en effet , l ' air insalubre par les mêmes causes .",
                  "id": "7",
                  "title": "Médecine : contenant : 1° l'hygiène, 2° la pathologie, 3° la séméiotique et la nosologie, 4° la thérapeutique ou matière médicale, 5° la médecine militaire, 6° la médecine vétérinaire, 7° la médecine légale, 8° la jurisprudence de la médecine et de la pharmacie, 9° la biographie médicale.... Tome 8 / mise en ordre et publiée par M. Vicq d'Azyr [et continuée par M. Moreau (de la Sarthe)]"
            },
            {
                  "doc_url": "https://gallica.bnf.fr/ark:/12148/bpt6k215512n",
                  "emotions": [
                        "disgust"
                  ],
                  "excerpt": "A la maturité , ces capsules s ' ouvrent au sommet en quatre valves pour laisser échapper un grand nombre de graines noires , ovales , réniformes , aplaties , finementalvéolées .La Stramoinerépand dans toutes sesparties une odeur vireusedésagréable .La Stramoine est toxique ; elle trouble ou anéantit les fonctions des centres nerveux elle agit particulièrement sur les hémisphères cérébraux , sur le bulbe rachidien , sur la moelle épinière et le grand sympathique , qu ' elle excite d ' abord pour les paralyser ensuite plus ou moins complètement ; cette action paraît être directe .",
                  "id": "8",
                  "title": "Dictionnaire usuel des sciences médicales (2e édition... accompagnée de notions sur la prophylaxie et sur l'hygiène, d'un choix de formules usuelles et d'un appendice sur la formation des mots usités en médecine...) / par A. Dechambre, Mathias Duval, L. Lereboullet,..."
            },
            {
                  "doc_url": "https://gallica.bnf.fr/ark:/12148/bpt6k56528073",
                  "emotions": [
                        "disgust",
                        "disapproval",
                        "desire",
                        "nostalgia",
                        "excitement"
                  ],
                  "excerpt": "Je nage dans la vie familière , grasse , plantureuse et saine .J ' aspire 4 plein nei des odeurs dénature : la marée , i ' étable .les vergers , les bois , .",
                  "id": "9",
                  "title": "Jacques Vingtras ; La bergerie ; Le Kaiserlick / La Chaussade"
            },
            {
                  "doc_url": "https://gallica.bnf.fr/ark:/12148/bpt6k215512n",
                  "emotions": [
                        "disgust",
                        "disappointment"
                  ],
                  "excerpt": "Le thyol est un mélange d ' hydrocarbures sulfurés rendu soluble par voio de sulfuration .Il a une odeur de goudron et un goùt amer astringent .On le trouve dans le commerce sous la forme d ' une poudre très fine d ' un brun foncé .",
                  "id": "10",
                  "title": "Dictionnaire usuel des sciences médicales (2e édition... accompagnée de notions sur la prophylaxie et sur l'hygiène, d'un choix de formules usuelles et d'un appendice sur la formation des mots usités en médecine...) / par A. Dechambre, Mathias Duval, L. Lereboullet,..."
            },
            {
                  "doc_url": "https://gallica.bnf.fr/ark:/12148/bpt6k105333n",
                  "emotions": [
                        "disgust",
                        "disapproval"
                  ],
                  "excerpt": "On le nomme mapou , ou bois puant ( .M ' / M ~ M ~ OM ) , à cause de sa mauvaise odeur on Je regarde comme malsain .Le bois de ronde ( ~ ) ~ < M ~ 7tW ! ) est petit , dur et tortu quand il brûle , il jette une flamme vive ; on en tait ( les flambeaux : il passe pour incorruptible , comme la phtpart des arbres résineux ; il brùie seut , quoique fraîchement coupé .",
                  "id": "11",
                  "title": "Voyage pittoresque à l'Ile-de-France, au cap de Bonne-Espérance et à l'île de Ténériffe. Tome 2 / ; par M. J. Milbert,..."
            },
            {
                  "doc_url": "https://gallica.bnf.fr/ark:/12148/bpt6k215512n",
                  "emotions": [
                        "disgust"
                  ],
                  "excerpt": "Cette dernière espèce , très commune en Europe dans les haies , les buissons , sur les vieux murs , est connue sous les noms vulgaires de Bec - de - grue , Ilerbe ir Robert , lirerbe à l ' esquinancie , etc .Elle répand dans toutes ses parties , une odeur forte , désagréable ; on la préconisait jadis comme résolutive et astringente , principalement contre les hémorrhagies et l ' esduinancie ; sa décoction en gargarismes constitue encore aujourd ' hui , dans les campagnes , un remède populaire contre les maux de gorge .Dans l ' Amérique du Nord , le G .",
                  "id": "12",
                  "title": "Dictionnaire usuel des sciences médicales (2e édition... accompagnée de notions sur la prophylaxie et sur l'hygiène, d'un choix de formules usuelles et d'un appendice sur la formation des mots usités en médecine...) / par A. Dechambre, Mathias Duval, L. Lereboullet,..."
            },
            {
                  "doc_url": "https://gallica.bnf.fr/ark:/12148/bpt6k5810552n",
                  "emotions": [
                        "disgust",
                        "annoyance"
                  ],
                  "excerpt": "Cette plante présente une certaine ressemblance avec le marrube blanc ; elle s ' ep distingue cependant facilement à la couleur foncée de ses feuilles , à la couleur rosée ' de ' .ses fleurs et à son odeur désagréable , lorsqu ' on la frotte entre les doigts .Elle est inusitée .",
                  "id": "13",
                  "title": "Histoire naturelle des drogues simples, ou Cours d'histoire naturelle professé à l'École de pharmacie de Paris. Tome 2 / par N. J.-B. G. Guibourt,..."
            },
            {
                  "doc_url": "https://gallica.bnf.fr/ark:/12148/bpt6k1181403j",
                  "emotions": [
                        "disgust"
                  ],
                  "excerpt": "Je sens en moi de l ' amour pour embraser le monde ! » Et je pressais mes lèvres aux lèvres des violettes .Et je respirais aux robes des muguets des odeurs humaines .Et au ressouvenir de l ’ Ensovelio , ma détresse hurlait comme la cataracte aux gorges des montagnes .",
                  "id": "14",
                  "title": "Debout les morts ! : souvenirs et impressions d'un soldat de la grande guerre. Pâques rouges / Lieutenant Jacques Péricard ; avec une préface de M. Maurice Barrès,..."
            },
            {
                  "doc_url": "https://gallica.bnf.fr/ark:/12148/bpt6k9606098v",
                  "emotions": [
                        "disgust",
                        "greed"
                  ],
                  "excerpt": "Avant - cœur • C ' est une tumeur contre nature , formée par un amas de sang ex ravasé à la partie antérieure du poitrail , qui se communique souvent sous le ventre , jusqu ' au fourreau aux chevaux et jusqu ' aux mamelles aux car vales .Cette tumeur approche de la nature du bubon pestilentiel .La tristesse du cheval , les battemens de cœur , la fiè .",
                  "id": "15",
                  "title": "Le nouveau maréchal expert, ou le Guide du maréchal-ferrant, du vétérinaire, de l'écuyer, du propriétaire et de l'amateur : avec un précis de la connaissance et du choix des chevaux, ânes et mulets, de leur éducation et conservation, de leurs maladies et des moyens de les traiter, suivi de l'indication des meilleures méthodes de ferrure et de harnachement, et d'un traité d'équitation... / par M. Delacroix,... (et Berthaud)"
            },
            {
                  "doc_url": "https://gallica.bnf.fr/ark:/12148/bd6t53721352",
                  "emotions": [
                        "disgust",
                        "fear"
                  ],
                  "excerpt": "Nous menons tous ensemble la vie la plus saine , la plus agréable de monde .Il y a ici un parfum salubre qui finira par me pénétrer .Vraiment , je ne sais comment je pourrai reprendre la chaine de mes mondanités .",
                  "id": "16",
                  "title": "Angéline de Montbrun / par Laure Conan"
            },
            {
                  "doc_url": "https://gallica.bnf.fr/ark:/12148/bpt6k9737123v",
                  "emotions": [
                        "disgust"
                  ],
                  "excerpt": "Elle est grise ou brune - jaune à l ' extérieur , quelquefois brune - rougeâtre ; dans l ' intérieur , elle est blanchâtre , molle , succulente .Elle a une odeur désagréable et nauséabonde , une saveur désagréable aussi , douceâtre et un peu astringente .On doit1 préférer cellequi est recueillie au printemps , à l ' âge de deux ou trois ans .",
                  "id": "17",
                  "title": "Manuel des pharmaciens et des droguistes, ou Traité des caractères distinctifs, des altérations et sophistications des médicaments simples et composés. Tome 1 / , traduit en français sur la dernière édition de l'ouvrage allemand de Ch. Ebermayer, et approprié à la nouvelle pharmacopée française, par J.-B. Kapeler,... et J.-B. Caventou,..."
            },
            {
                  "doc_url": "https://gallica.bnf.fr/ark:/12148/bd6t51020002j",
                  "emotions": [
                        "disgust"
                  ],
                  "excerpt": "Tous trois cependant peuvent produire et ont produit déjà des empoisonnements .Le chlore est un gaz de couleur jaune verdâtre , dont l ’ odeur est suffocante .Il est très - dangereux de le respirer , et il peut en résulter les plus graves accidents d ’ asphyxie .",
                  "id": "18",
                  "title": "Premiers secours aux empoisonnés, aux noyés, aux asphyxiés, aux blessés en cas d'accident et... en cas d'indisposition subite, / par E. Ferrand,..."
            },
            {
                  "doc_url": "https://gallica.bnf.fr/ark:/12148/bpt6k58317118",
                  "emotions": [
                        "disgust",
                        "anger",
                        "courage"
                  ],
                  "excerpt": "ou laiteuses , des sueurs insectes , & c .J ' en parlerai dans Tarticlequí - aura - pour objet Ta fièvre laiteuse putride , .: ■ - : ' - .",
                  "id": "19",
                  "title": "Médecine : contenant : 1° l'hygiène, 2° la pathologie, 3° la séméiotique et la nosologie, 4° la thérapeutique ou matière médicale, 5° la médecine militaire, 6° la médecine vétérinaire, 7° la médecine légale, 8° la jurisprudence de la médecine et de la pharmacie, 9° la biographie médicale.... Tome 8 / mise en ordre et publiée par M. Vicq d'Azyr [et continuée par M. Moreau (de la Sarthe)]"
            },
            {
                  "doc_url": "https://gallica.bnf.fr/ark:/12148/bpt6k97714805",
                  "emotions": [
                        "disgust"
                  ],
                  "excerpt": [
                        ", .reau , de la belladone et d ' autres solanees , La saveur nauseeuse se confond avec l ' odeur nau , .seeuse : cependant Linnee rapporte cette sensation i l ' odor .",
                        "On fait ordinairement usage d ' un mélange à parties égales de soufre et de cérat ( cérat soufré ) , pour le pansement des ulcères psoriqués ou teigneux .J ' ai fait souvent usage , dans le traitement des dartres , des pustules et des ulcères vénériens 5 d ' un mélange de fleurs de soufre et d ' onguent napo - litain .On prépare encore un onguent pour le même traitement , avec la fleur de soufre , le cinabre ou le précipité - rouge ( deutoxyde de mercure ) et le cérat , dans la proportion d ' un gros de sel mercuriel sur une once de cérat soufré ."
                  ],
                  "id": "20",
                  "title": "Cours de matière médicale. Tome 1 / , par M. L. Hanin,..."
            }
      ]
}