{
      "articles": [
            {
                  "doc_url": "https://gallica.bnf.fr/ark:/12148/bpt6k61249700",
                  "emotions": [
                        "disgust",
                        "pain"
                  ],
                  "excerpt": "Nasqnnement considérable .Odeur fétide de l ' haleine .Traitement .",
                  "id": "1",
                  "title": "Eaux thermales sulfureuses, sodiques et arsenicales, par le Dr Henry Collin,... / Saint-Honoré-les-Bains (Nièvre)"
            },
            {
                  "doc_url": "https://gallica.bnf.fr/ark:/12148/bpt6k104274t",
                  "emotions": [
                        "disgust"
                  ],
                  "excerpt": "Partout retentissait le bruit des marteaux et des cognées ; de longs tire - bouchons sortaient des varlopes poussées par des bras vigoureux .Une pénétrante odeur de sapin raboté se répandait dans les airs .Devant le portail de l ' église del Buen - Suceso , qui forme un des pans de la place irrégulière qu ' on nomme Puerta - del - Sol , s ' élevait un édifice de charpente avec fronton , colonnes , escalier , une Madeleine de carton ce n ' était assurément pas la peine de dépenser vingt mille dures pour cacher une jolie façade rococo par une vilaine colonnade gréco - romaine .",
                  "id": "2",
                  "title": "Loin de Paris / par Théophile Gautier"
            },
            {
                  "doc_url": "https://gallica.bnf.fr/ark:/12148/bpt6k6580592k",
                  "emotions": [
                        "disgust"
                  ],
                  "excerpt": "L ' oxyde de fer colorait en rouge vif le limon des berges , où le pied n ' eût pas rencontré une toise de tuf solide .L ' atmosphère était saturée d ' une odeur sulfureuse très - pénétrante .Les indigènes n ' en souffraient pas , mais les captifs furent sérieusement incommodés par les miasmes exhalés des fissures du sol et les bulles qui crevaient sous la tension des gaz intérieurs .",
                  "id": "3",
                  "title": "Les Enfants du Capitaine Grant, voyage autour du monde, par Jules Verne... Vignettes par Riou, gravées par Pannemaker..."
            },
            {
                  "doc_url": "https://gallica.bnf.fr/ark:/12148/bpt6k9781188q",
                  "emotions": [
                        "disgust",
                        "fear",
                        "nervousness",
                        "pain"
                  ],
                  "excerpt": "Les lobes de f autre côté , seulement un peu altérés .Le cœur un peu flétri , de l ' eau sur la membrane qui Fenveloppe en trop grande abondance et de mauvaise odeur .Le ventricule ( estomac ) s ' est trouvé fort sain et net .",
                  "id": "4",
                  "title": "Les indiscrétions de l'histoire. Série 2 / Docteur Cabanès"
            },
            {
                  "doc_url": "https://gallica.bnf.fr/ark:/12148/bpt6k9672668g",
                  "emotions": [
                        "disgust"
                  ],
                  "excerpt": "Ce malade resta cinquante - sept jours a la Cha - rite ; il rendoit plus d ' une livre de crachats en vingt - quatre heures .Dans les derniers temps , son haleine exhaloit une odeur d ' une fêtiditê insoute - nable .Cependant il mangeoit toujours la demi - portion d ' alimens , et il n ' avoit pas la diarrhêe .",
                  "id": "5",
                  "title": "Recherches sur la phtisie pulmonaire , ouvrage lu à la Société de la Faculté de médecine de Paris, dans diverses séances, entre 1809 et 1810 ; par G.-L. Bayle,..."
            },
            {
                  "doc_url": "https://gallica.bnf.fr/ark:/12148/bpt6k170763",
                  "emotions": [
                        "disgust",
                        "amusement"
                  ],
                  "excerpt": "E .Risr Etude bactériologique des suppurations gangreneuses et fétides .– ? 8 ( 16 Septembre ) .",
                  "id": "6",
                  "title": "Revue générale des sciences pures et appliquées"
            },
            {
                  "doc_url": "https://gallica.bnf.fr/ark:/12148/bpt6k6515176q",
                  "emotions": [
                        "disgust",
                        "annoyance"
                  ],
                  "excerpt": "Salaisons ( Dépôts de ) .Odeur désagréable .2 .",
                  "id": "7",
                  "title": "Supplément au Bulletin des lois contenant les lois, les traités diplomatiques..."
            },
            {
                  "doc_url": "https://gallica.bnf.fr/ark:/12148/bpt6k2080734",
                  "emotions": [
                        "disgust"
                  ],
                  "excerpt": "Dingo entra avec précaution , comme s ' il eût guetté une proie vivante .Il renifla l ' odeur fauve et poivrée des fourrures .Il y avait là des zibelines , des chinchillas , des visons , des renards bleus , de l ' astrakan , des loutres .",
                  "id": "8",
                  "title": "Dingo / Octave Mirbeau"
            },
            {
                  "doc_url": "https://gallica.bnf.fr/ark:/12148/bpt6k1098012b",
                  "emotions": [
                        "disgust"
                  ],
                  "excerpt": "Pource qu ' ilz ont les meates & organes de leur respiration fort estroits : si que l ' huile qui est de soy gras & \" glu eux leur ferme , obture , & empesche telz souspireaux , & ainsi pé ¬ rissent soudain .Le semblable aduient aux íèrpens & au ¬ tres bestes qui font da mauuaiíè odeur .L X V .",
                  "id": "9",
                  "title": "Problèmes d'Aristote ... selon la composition du corps humain"
            },
            {
                  "doc_url": "https://gallica.bnf.fr/ark:/12148/bpt6k6502105f",
                  "emotions": [
                        "disgust",
                        "disapproval",
                        "greed"
                  ],
                  "excerpt": "L ' efficacité de ces plantes est diamétralement opposée à celle des Incisives ; car celles - ci divisent les humeurs concrètes et épaissies , tandis que les Incrassantes , au contraire , épaississent le sang et les humeurs .Nous ne connoissons d ' Incrassantes que la racine des Satyrions mâle et femelle .Ces remèdes ne peuvent opérer leur effet , sans produire sur les nerfs une espèce de stupeur qui émousse le sentiment .",
                  "id": "10",
                  "title": "Tableau élémentaire de botanique,... par Sébastien Gérardin,..."
            },
            {
                  "doc_url": "https://gallica.bnf.fr/ark:/12148/bpt6k6240668f",
                  "emotions": [
                        "disgust",
                        "boredom"
                  ],
                  "excerpt": "Les acides ont 11 , 1t nient de rendre à la longue les parties transparentes et Coallile ' gélatineuses , de manière qu ' on ne distingue plus les dl e , r ens tissus , Nous avons déjà indiqué les inconvéniens du stbll .e , corrosif , qui sont de racornir les parti ' es , et de leurilVdVr une couleur terne désagréable .Des embaumemens .",
                  "id": "11",
                  "title": "Nouveau manuel de l'anatomiste , comprenant la description succincte de toutes les parties du corps humain et la manière de les préparer ; suivie des préceptes sur la confection des pièces de cabinet et sur leur conservation ; par Ernest-Alexandre Lauth,..."
            },
            {
                  "doc_url": "https://gallica.bnf.fr/ark:/12148/bpt6k14176954",
                  "emotions": [
                        "disgust",
                        "annoyance",
                        "greed"
                  ],
                  "excerpt": "En très petite quantité , elle contribue à la formation du bouquet .En excès , elle lui donne un goût désagréable .Maturation du raisin Lorsqu ’ on étudie les variations de composi - — 24 — tion du raisin depuis la véraison jusqu ’ à la maturité , on constate que la quantité d ’ acide tartrique diminue d ’ une manière continue ; la proportion de sucre augmente .",
                  "id": "12",
                  "title": "Notions pratiques sur la vinification, par J. Vincens,..."
            },
            {
                  "doc_url": "https://gallica.bnf.fr/ark:/12148/bpt6k64171281",
                  "emotions": [
                        "surprise",
                        "disgust"
                  ],
                  "excerpt": "Cette femme , accouchée depuis quelques jours , était atteinte d ' une métropéritonite qui avait succédé d ' assez près au travail de l ' accouchement .En entrant dans cette maison , je fus frappé de l ' odeur infecte qu ' on y respirait .Cette odeur , littéralement suffocante et insupportable , semblait être celle du fumier le plus fétide : elle entourait plus particulièrement le lit de la malade , et se trouvait aussi répandue dans tout l ' appartement , malgré l ' air extérieur dont la porte entr ' ouverte permettait l ' accès .",
                  "id": "13",
                  "title": "Traité d'hygiène populaire / par Henri Duclos et Bouteiller fils,..."
            },
            {
                  "doc_url": "https://gallica.bnf.fr/ark:/12148/bpt6k6515176q",
                  "emotions": [
                        "disgust",
                        "anger",
                        "annoyance"
                  ],
                  "excerpt": "Et décret de 1810 .Suif en branche ( Fonde - Odeur désagréable et ire idem .ries de ) , à feu nu ( 20 ) .",
                  "id": "14",
                  "title": "Supplément au Bulletin des lois contenant les lois, les traités diplomatiques..."
            },
            {
                  "doc_url": "https://gallica.bnf.fr/ark:/12148/bpt6k58180154",
                  "emotions": [
                        "disgust"
                  ],
                  "excerpt": "Enfin , les fruits sont des capsules operculées , à deux loges , contenant des graines verdâtres , pointillées et irrégulières , dont on extrayait autrefois , en Egypte , une buile grasse qu ' on employait à l ' éclairage ( 1 ) .Toutes les parties - de celte plante , dont l ' aspect est triste et repoussant , sont visqueuses au toucher , et exhalent une odeur fétide et nauséeuse .La saveur de ses feuilles , d ' abord fade et mucilagineuse , devient ensuite acre et très désagréable .",
                  "id": "15",
                  "title": "Systématisation pratique de la matière médicale homoeopathique, par A. Teste,..."
            },
            {
                  "doc_url": "https://gallica.bnf.fr/ark:/12148/bpt6k58180154",
                  "emotions": [
                        "disgust"
                  ],
                  "excerpt": "79 ) , sont inodores par eux - mêmes ; mais dès qu ' on les lime ou qu ' on les frotte , ils commencent a .répandre de l ' odeur , et finissent même par en exhaler une insupportable .» A la vérité , dans un autre passage , Hahnemann objecte avec raison qu ' une substance naturellement toxique peut fort bien n ' être pas ' odorante , et il cite à l ' appui de celte assertion l ' exemple de la digitale pourprée et de l ' anémone des prés , plantes qui , pour être , comme on le sait , très délétères , n ' en sont pas moins presque ' dépourvues d ' odeur .",
                  "id": "16",
                  "title": "Systématisation pratique de la matière médicale homoeopathique, par A. Teste,..."
            },
            {
                  "doc_url": "https://gallica.bnf.fr/ark:/12148/bpt6k6209338z",
                  "emotions": [
                        "disgust"
                  ],
                  "excerpt": "Les grenades surpassent en grosseur et en principes sucrés ou acidulés celles des autres pays .Les coings possèdent un parfum enivrant .Les raisins y sont si doux , si délicieux qu ' ils donnent des vins supérieurs à ceux d ' Espagne , d ' Italie et de Grèce .",
                  "id": "17",
                  "title": "Histoire abrégée de la régence de Tunis / par Alphonse Dilhan"
            },
            {
                  "doc_url": "https://gallica.bnf.fr/ark:/12148/bpt6k6313667c",
                  "emotions": [
                        "disgust"
                  ],
                  "excerpt": "7 .Odeurs capryliques ( 0 .hircini de Linné ) : fromages , urine de chat , sécrétion vaginale , sperme .",
                  "id": "18",
                  "title": "L'odorat et ses troubles / par le Dr Collet,..."
            },
            {
                  "doc_url": "https://gallica.bnf.fr/ark:/12148/bpt6k58180154",
                  "emotions": [
                        "disgust"
                  ],
                  "excerpt": "rce épaisse , dure , cassante , grisâtre en dehors , blanchâtre en dedans , et d ' un axe - plus blanc , flexible et presque ligneux .L ' odeur de eette racine est peu prononcée , mais la saveur de sa partie corticale est acre , amère et nauséeuse .Applications empiriques .",
                  "id": "19",
                  "title": "Systématisation pratique de la matière médicale homoeopathique, par A. Teste,..."
            },
            {
                  "doc_url": "https://gallica.bnf.fr/ark:/12148/bpt6k64727820",
                  "emotions": [
                        "disgust"
                  ],
                  "excerpt": "Indépendamment du gaz acide carbonique , cause très - fréquente d ' asphyxie dans les puits , il peut exister dans ces cavités un autre gaz ou air appelé par les chimistes acide suif hydrique ou hydrogène sulfuré , et que les ouvriers vidangeurs ont désigné sous le nom d ' air puant ou de plomb , tant est prompte l ' action de ce gaz sur la vie des hommes .Ce gaz a une odeur repoussante analogue à celle des œufs pourris .Dans beaucoup de cas il se trouve uni au gaz ammoniac prin - cipe de l ' alcali volatil ; dès lors l ' odeur de ce - composé , désigné par les chimistes sous le nom de sulfliydrate d ' ammoniaque , est plus désagréable encore et tout aussi dangereuse pour l ' homme .",
                  "id": "20",
                  "title": "Instructions à l'usage des ouvriers puisatiers, indiquant les causes d'asphyxie, les moyens de reconnaître leur nature et de les détruire, les premiers secours à donner aux asphyxiés dans ces circonstances, par P. Doré,..."
            }
      ]
}