{
      "articles": [
            {
                  "doc_url": "https://gallica.bnf.fr/ark:/12148/bpt6k6223506c",
                  "emotions": [
                        "disgust"
                  ],
                  "excerpt": "VII .Pétunie odorante ; Giroflée des Jardins ; Clarkie à feuilles découpées , Lavatère à grandes fleurs ; Malope à trois lobes .VIII .",
                  "id": "1",
                  "title": "Végétaux d'ornement : donnant des notions générales sur l'horticulture florale, la culture et la description particulière à chaque plante d'ornement. ATLAS / par MM. A. Dupuis,... F. Hérincq,..."
            },
            {
                  "doc_url": "https://gallica.bnf.fr/ark:/12148/bpt6k60313093",
                  "emotions": [
                        "disgust"
                  ],
                  "excerpt": "Sur nos marchés , ils sont rarement mûrs à point .La révolte , en effet , ne doit pas se faire avant que le coloris de l ’ épiderme et l ’ arôme de sa pulpe soient parfaitement prononcés ; ils se rident au fruitier , au lieu de se bonifier .Les prunes commencent à paraître sur le marché , m .",
                  "id": "2",
                  "title": "Courrier de Tarn-et-Garonne : journal politique, littéraire, judiciaire, d'annonces et avis divers [\"puis\" journal des intérêts conservateurs \"puis\" journal monarchiste constitutionnel]"
            },
            {
                  "doc_url": "https://gallica.bnf.fr/ark:/12148/bpt6k5806043j",
                  "emotions": [
                        "disgust",
                        "fear",
                        "nervousness"
                  ],
                  "excerpt": "Il trébucha sur un des animaux qui se prit à hurler de fureur .Une odeur de purin prit le porcher à la gorge .Ses pas hésitants froissaient des tétines de truies vautrées — et il se coucha sur le sol Irumide , dans une hutte plus modique que celle des bûcherons de la forêt de Soignes .",
                  "id": "3",
                  "title": "La Légende d'Yperdamme... / Eugène Demolder"
            },
            {
                  "doc_url": "https://gallica.bnf.fr/ark:/12148/bpt6k5806043j",
                  "emotions": [
                        "disgust",
                        "indifference"
                  ],
                  "excerpt": "Mais la servante n ' était pas satisfaite .de l ' allure de ce rôdeur puant la marée , qui refusait ses offres de mangeaille , et qui , le nez enfoui dans l ' odeur des sauces , n ' avait pas jeté un seul regard à son corsage plus dodu que les poulets .LE RENIEMENT DE SAINT PIERRE .",
                  "id": "4",
                  "title": "La Légende d'Yperdamme... / Eugène Demolder"
            },
            {
                  "doc_url": "https://gallica.bnf.fr/ark:/12148/bpt6k62057n",
                  "emotions": [
                        "disgust",
                        "envy",
                        "embarrassment"
                  ],
                  "excerpt": "CAPRICES .Une pêche , ce fruit si beau , si parfumé , Rougissant comme un front d ' enfant , presque animé , Pour la chanter mes vers sont une vile prose .Au lieu de m ' écouter avec recueillement Et de m ' encourager d ' un sourire charmant , Madame , il vaut mieux mordre à sa chair blanche et rose .",
                  "id": "5",
                  "title": "Sonnets parisiens : caprices et fantaisies / Gabriel Marc"
            },
            {
                  "doc_url": "https://gallica.bnf.fr/ark:/12148/bpt6k6116227x",
                  "emotions": [
                        "disgust",
                        "disapproval",
                        "indifference"
                  ],
                  "excerpt": "3 ° DU CANAL NASAL .Antiphlogistiques , antiscrofuleux , antisyphililiques ; révulsifs sur lé tube digestif , vésicatoires à la nuque ; fumigations émollientes on résolutives dirigées vers les , narines .Compression ( anciens ) ; désobstruction avec un stylet introduit par le point lacrymal supérieur , puis injections émollientes par le point lacrymal inféférieur ( Anel ) ; cathétérisme et injections par les fosses nasales ( Laforest ) ; rétablir le canal naturel ou en créer un artificiel .",
                  "id": "6",
                  "title": "Répertoire complet de thérapeutique, ou Memento de cabinet, à l'usage des personnes qui exercent l'art de guérir, par Maire,..."
            },
            {
                  "doc_url": "https://gallica.bnf.fr/ark:/12148/bpt6k6116227x",
                  "emotions": [
                        "disgust"
                  ],
                  "excerpt": "de Magendie , 20 à 25 gouttes pendant trois ou quatre jours ; frictions à l ' épigastre avec la teinture de cannelle .jPar empoisonnement miasmatique .Voyez TYPHUS .",
                  "id": "7",
                  "title": "Répertoire complet de thérapeutique, ou Memento de cabinet, à l'usage des personnes qui exercent l'art de guérir, par Maire,..."
            },
            {
                  "doc_url": "https://gallica.bnf.fr/ark:/12148/bpt6k6116227x",
                  "emotions": [
                        "disgust",
                        "disapproval"
                  ],
                  "excerpt": "3 t ° Lésions des organes des sens et des fondions intellectuelles .Saignée , caïmans , délayans , révulsifs légers .GRIPPE .",
                  "id": "8",
                  "title": "Répertoire complet de thérapeutique, ou Memento de cabinet, à l'usage des personnes qui exercent l'art de guérir, par Maire,..."
            },
            {
                  "doc_url": "https://gallica.bnf.fr/ark:/12148/bpt6k6116227x",
                  "emotions": [
                        "disgust",
                        "pain"
                  ],
                  "excerpt": "Saignées larges , vésicatoire entre les épaules , diète sévère ; bougie dans l ' urètre ( Astruc , Jourdan ) ; saignées locales abondantes , purgatifs et collyres déplus en plus astringens ( Sichel ) ; saignée trois fois répétée , pédiluves sinapisés , linges mouillés de décoction froide de tête de pavot sur les yeux , avec addition de belladone ; pénis enveloppé de cataplasmes émolliens , exposé à la vapeur ; eau de chiendent émétisé j gr .( Luzardi ) ; anliphlogistiques énergiques , puis drastiques et émétique à dose nauséabonde ( Travers ) ; saignées , sangsues , fomentations froides , vésicatoire à la nuque ; calomel j gr .par heure , bougie enduite d ' onguent de précipité rouge dans l ' urètre , instillation de laudanum pur entre les paupières , qu ' on nétoie avec soin .",
                  "id": "9",
                  "title": "Répertoire complet de thérapeutique, ou Memento de cabinet, à l'usage des personnes qui exercent l'art de guérir, par Maire,..."
            },
            {
                  "doc_url": "https://gallica.bnf.fr/ark:/12148/bpt6k6116227x",
                  "emotions": [
                        "disgust"
                  ],
                  "excerpt": "2 ° DES POINTS OU CONDUITS LACRYMAUX .Antiphlogistiques , révulsifs ; injections avec la seringue d ' Anel , de liquides émolliens ou résolutifs ; errhins , sternutatoires , usage du tabac .3 ° DU CANAL NASAL .",
                  "id": "10",
                  "title": "Répertoire complet de thérapeutique, ou Memento de cabinet, à l'usage des personnes qui exercent l'art de guérir, par Maire,..."
            },
            {
                  "doc_url": "https://gallica.bnf.fr/ark:/12148/bpt6k64581c",
                  "emotions": [
                        "disgust"
                  ],
                  "excerpt": "« Je nepuis devenir la femme d ' Henri , s ' était - elle dit ; ma détresse éloigne de moi même l ' amour ; que le suicide me délivre » Et , réunissant ses derniers sous , elle avait acheté du charbon .L ' odeur du gaz acide carbonique éveilla l ' atten - tion ; on enfonça sa porte , on ouvrit sa fenètre , on s ' empressa auprès d ' elle .Son corps était rigide .",
                  "id": "11",
                  "title": "Les déséquilibrés de l'amour. 4 / par Armand Dubarry"
            },
            {
                  "doc_url": "https://gallica.bnf.fr/ark:/12148/bpt6k9602594p",
                  "emotions": [
                        "disgust"
                  ],
                  "excerpt": "Cette plante peut être employée contre les vers ; on lui attribue beaucoup d ' autres vertus contestées par la médecine moderne .Les abeilles ne peuvent supporter l ' odeur de la matricaire .MAUVE .",
                  "id": "12",
                  "title": "Le Jardinier français, contenant l'art de cultiver les plantes usuelles et d'agrément... par M. Antoine,..."
            },
            {
                  "doc_url": "https://gallica.bnf.fr/ark:/12148/bpt6k9602594p",
                  "emotions": [
                        "disgust"
                  ],
                  "excerpt": "— Jaunes : spirée du Japon , coronille des jardins , groseillier doré , id .odorant , groseilliers panachés , robinier frutescens , id .barbu et de la Daourie .",
                  "id": "13",
                  "title": "Le Jardinier français, contenant l'art de cultiver les plantes usuelles et d'agrément... par M. Antoine,..."
            },
            {
                  "doc_url": "https://gallica.bnf.fr/ark:/12148/bpt6k97593956",
                  "emotions": [
                        "disgust"
                  ],
                  "excerpt": "« De quelle nature étaient - ils ? demanjai - je .— C ' était comme des parfums d ' autel ! ..",
                  "id": "14",
                  "title": "Histoire d'une âme : écrite par elle-même / Sainte Thérèse de l'Enfant-Jésus et de la Sainte-Face"
            },
            {
                  "doc_url": "https://gallica.bnf.fr/ark:/12148/bpt6k63781688",
                  "emotions": [
                        "joy",
                        "disgust",
                        "gratitude",
                        "embarrassment"
                  ],
                  "excerpt": "Marlon , préside à ma toilette ! - Marton , vous avez eu grand tort .Marton , parfume mes cheveux ! Exhume de cette cassette QUATRIÈME MOIS .Mes bijoux tes plus précieux .",
                  "id": "15",
                  "title": "Paris chantant : romances chansons et chansonnettes contemporaines / texte de Marc Fournier, Fertiault,... [et al.] ; musique de Festeau, Scudo, A. Harquerie,... [et al.]"
            },
            {
                  "doc_url": "https://gallica.bnf.fr/ark:/12148/bpt6k6542855v",
                  "emotions": [
                        "disgust",
                        "anger"
                  ],
                  "excerpt": "V erite \" .L A challeté du corps est vn holocau , fte de notre propre chair , la puret < du cœur est vn parfum bmiantfur lAutc tres - agrcable à Dieu , & l ' vne iointt l ' autre , est vn ( acrificeconfommé presen té à Dieu en odeur de fuauité , & nousfai dire : Mon cœur o * ma chair sissons rétoiiif t .Dtcttlfiuant .",
                  "id": "16",
                  "title": "Les véritez et excellences de Jésus Christ N. S. communiquées à sa S. mère, et aux saints . Disposées par méditations. Sur les mystères et festes de la S. vierge & des saints. II. Tome de la IV partie. Qui commence à l'Assomption Notre-Dame. Par le père François Bourgoing,..."
            },
            {
                  "doc_url": "https://gallica.bnf.fr/ark:/12148/bpt6k97998951",
                  "emotions": [
                        "disgust"
                  ],
                  "excerpt": "Souche dure , rameuse , émettant des jets stériles courts et très feuilles .Plante bianciu ' urt ' , pubescente , amère et très odorante .' if IulUct - AuûL .",
                  "id": "17",
                  "title": "Flore des Pyrénées. Tome 1 / par M. Philippe,..."
            },
            {
                  "doc_url": "https://gallica.bnf.fr/ark:/12148/bpt6k6136589m",
                  "emotions": [
                        "disgust",
                        "pride"
                  ],
                  "excerpt": "\" > Au grimpant chèvre - feuille un fragile , lilas — » 47 — Comme un ami plus fort s ' offrait en échalas , * Et la flexible tige en .sa reconnaissance Du parfum de ses fleurs embaumait sa présence ! Quelques pieds de tulipe - écrasaient de dédain La simple violette , emblème du jardin ; Un groseiller pendait aux fleurs des giroflées — - Ses grappes de corail que l ' onde avait gonflées ; C ' était tout notre avoir ; mais , Comme à Robinson , Ce jardin suffisait à notre ambition .Ah ! puisque ce nom - là s ' échappe de ma bouche , Et que je veux parler de tout ce qui nous touche , Parlons de Robinson , ami , t ' en souvient - il Que souvent nous avons envié son exil ? Moi , j ' étais Robinson ; un beau jour dans mon Me Les cornants te poussaient dans un canot fragile , Et les pieds garrottés , sur le sable brûlant , Par la chaleur du jour tu gisais pantelant ; Tu blanchissais de peur aux cris des cannibales Roulant autour de toi leurs rondes infernales ; La massue était prête , et leurs horribles dents Claquaient d ' un bruit sinistre à tes gémissements ; Soudain ils tombaient tous la face contre terre , Ils paraissaient frappés d ' un grand coup de tonnerre , Peux se tordaient , baignés dans leur sang qui coulait ; ïa .",
                  "id": "18",
                  "title": "Insomnies poétiques, par M. Henri Gresset"
            },
            {
                  "doc_url": "https://gallica.bnf.fr/ark:/12148/bpt6k207168q",
                  "emotions": [
                        "disgust",
                        "desire",
                        "excitement"
                  ],
                  "excerpt": ") Liqueur ( f / / o ~ mttnn mélango fi parties égales d ' athoret d ' alcool .Odeur d ' éther , s ' enuammant à t ' approche d ' un corps en combustion sans laisser de résidu .Versée sur t ' eau , elle y forme , ainsi que l ' alcool et t ' éther , une couche ptus légère et très distincte .",
                  "id": "19",
                  "title": "Médecine légale, théorique et pratique : avec le texte et l'interprétation des lois relatives à la médecine légale. T. 2 / par A. Devergie,... ; revus et annotés par J.-B.-F. Dehaussy de Robécourt,..."
            },
            {
                  "doc_url": "https://gallica.bnf.fr/ark:/12148/bpt6k207168q",
                  "emotions": [
                        "disgust"
                  ],
                  "excerpt": "Le café à l ' eau est la seule boisson qui résiste le plus à son action , mais encore est - il presque toujours a ) téré .D ' ailleurs , l ' odeur et la saveur que prend la liqueur répugnent tellement , qu ' il est difficile de supposer ' l ' administration d ' une pareille substance comme poison .– Néanmoins , deux expériences faites par N .",
                  "id": "20",
                  "title": "Médecine légale, théorique et pratique : avec le texte et l'interprétation des lois relatives à la médecine légale. T. 2 / par A. Devergie,... ; revus et annotés par J.-B.-F. Dehaussy de Robécourt,..."
            }
      ]
}