{
      "articles": [
            {
                  "doc_url": "https://gallica.bnf.fr/ark:/12148/bpt6k64801867",
                  "emotions": [
                        "disgust"
                  ],
                  "excerpt": "Ce qui saisit le plus les gens du monde qui visitent les salles d ' un hôpital , ce qui leur inspire le plus de dégoût , c ' est la mauvaise odeur .Ce sentiment de répulsion est instinctif et préservateur ; car l ' odeur est le produit d ' émanations animales qui sont sans doute morbigènes , et dont , par conséquent , le contact avec un organisme sain ou malade ne peut avoir qu ' une mauvaise influence .Pour mon compte , j ' ai souvent remarqué la susceptibilité de l ' odorat des personnes étrangères à notre art ; j ' ai regretté que les médecins , par l ' effet d ' une longue assuétude , s ' en aperçussent moins et songeassent rarement à élever des réclamations dans l ' intérêt de leurs malades ; et cependant un air pur est une condition aussi importante de guérison que de persistance de santé .",
                  "id": "1",
                  "title": "De la ventilation des hôpitaux / par X. Delore,..."
            },
            {
                  "doc_url": "https://gallica.bnf.fr/ark:/12148/bpt6k6526495p",
                  "emotions": [
                        "disgust",
                        "annoyance"
                  ],
                  "excerpt": "Cataria ( HerBe aux chats ) .Odeur forte , peu agréable .Feuil .",
                  "id": "2",
                  "title": "Vade-mecum des herborisations parisiennes, conduisant sans maître aux noms d'ordre, de genre et d'espèce des plantes spontanées ou cultivées en grand dans un rayon de 25 lieues autour de Paris (2e édition) / par Eugène de Fourcy,..."
            },
            {
                  "doc_url": "https://gallica.bnf.fr/ark:/12148/bpt6k1100014f",
                  "emotions": [
                        "disgust",
                        "fear"
                  ],
                  "excerpt": "On en fait une tisane stimulante .La racine du petit mil à chandelle , Panicum spicaluni , passe pour toxique .Les grains des diverses graminées alimentaires cultivées par les indigènes , riz , mil , fonio , maïs , etc .",
                  "id": "3",
                  "title": "Les plantes médicinales de la Guinée / par H. Pobéguin"
            },
            {
                  "doc_url": "https://gallica.bnf.fr/ark:/12148/bpt6k6583710b",
                  "emotions": [
                        "disgust",
                        "boredom",
                        "nervousness"
                  ],
                  "excerpt": "Des laboureurs visitant leurs champs , si fertiles , sous un soleil éclatant , sous un ciel pur , dans une atmosphère pleine de parfums ! .et d ' enivrantes senteurs ! .Des troupeaux dispersés .",
                  "id": "4",
                  "title": "L'Espagne pittoresque, artistique et monumentale : moeurs, usages et costumes / par MM. Manuel de Cuendias et V. de Féréal ; illustrations par Célestin Nanteuil"
            },
            {
                  "doc_url": "https://gallica.bnf.fr/ark:/12148/bpt6k6135631f",
                  "emotions": [
                        "disgust"
                  ],
                  "excerpt": ") , et de plusieurs autres cétacés .Cette huile a une odeur insupportable .Le commerce nous en fournit deux espèces : l ' huile jaunâtre , qui découle spontanément du lard , et l ' huile brune , qui est obtenue par la cuisson .",
                  "id": "5",
                  "title": "De l'Huile de foie de morue et de ses succédanés / par F. Dubois,..."
            },
            {
                  "doc_url": "https://gallica.bnf.fr/ark:/12148/bpt6k917856",
                  "emotions": [
                        "disgust"
                  ],
                  "excerpt": "On traite plusieurs fois le résidu par le bonzol bouillant , puis on retire l ' orcine du benzol en l ' agitant avec de l ' eau ; il ne reste plus qu ' à évaporer la solution aqueuse .Elle cristallise en gros prismes monocliniques , incolores , contenant une molécule d ' eau de cristallisation d ' une saveur sucrée et nauséabonde .Elle est facilement soluble dans l ' eau , l ' alcool et l ' éther ; hydratée , elle fond 8 58 \" , anhydre à 86 ° et distille sans décomposition à 290 » ; elle se colore en rouge à l ' air et sa solution aqueuse devient violet foncé par addition de perchlorure de fer .",
                  "id": "6",
                  "title": "Traité de chimie organique d'après Wöhler / par le Dr R. Fittig,... ; traduction française... par MM. Ch. de La Harpe et Fr. Reverdin,... ; avec une préface par M. A. Würtz,..."
            },
            {
                  "doc_url": "https://gallica.bnf.fr/ark:/12148/bpt6k9693793r",
                  "emotions": [
                        "disgust"
                  ],
                  "excerpt": "Il est donc nécessaire de faire un examen attentif du seigle , aussi bien en farine qu ' en grain .L ' odeur du seigle ergoté est forte et repoussante ; sa saveur est amère et acre ; la poudre de l ' ergot est d ' un gris bleuâtre , très hygrométrique et très altérable , propriétés qu ' elle ' communique à la farine de seigle avec laquelle elle est mélangée .MM .",
                  "id": "7",
                  "title": "Les Aliments du cheval : calcul du travail et de la ration, origine des aliments, substitutions, altérations et intoxications alimentaires, expertises / par P. Dechambre,... Ed. Curot,..."
            },
            {
                  "doc_url": "https://gallica.bnf.fr/ark:/12148/bpt6k4227110q",
                  "emotions": [
                        "disgust"
                  ],
                  "excerpt": ".bajîlic , Plante très - odoriférante .Bafilique J ’ ai vu la .",
                  "id": "8",
                  "title": "La première instruction rendue facile et agréable aux enfants, ou l'Art de lire et d'orthographier promptement par le méchanisme du bureau typographique..."
            },
            {
                  "doc_url": "https://gallica.bnf.fr/ark:/12148/bpt6k5727283c",
                  "emotions": [
                        "disgust"
                  ],
                  "excerpt": "is s .éances« Spe ^ ^ / lçs trâijèment ; la malade rendit , par la voie des eaux , une quantité considérable de matières blanche , jaunâtre et verte , qui paraissaient être absolument de lait caillé , et qui exhalaient , dans leur évacuation , une odeur fétide qui était même insupportable à cette damé .L ' électricité lui fit rendre également , par les voies nasales , des eaux rousses et des matières épaisses qui lui purgèrent tellement la tête , que son imagination , qui s ' affectait au point de lui causer des crispations nerveuses ^ redevint calme , , sereine ; sa santé , se rétablit insensiblement , ses .",
                  "id": "9",
                  "title": "Avantages de l'Électricité, appliquée à la Médecine, Démontrés par de nouvelles preuves tirées des nouveaux Procédés de M. Girardin, Physicien,... Publiés par M. V...."
            },
            {
                  "doc_url": "https://gallica.bnf.fr/ark:/12148/bpt6k946291j",
                  "emotions": [
                        "disgust",
                        "pain"
                  ],
                  "excerpt": "Les malades et les carottiers , que le major a tout à l ’ heure dispensés de la baignade , dorment étendus en plein soleil devant les vêtements et les godillots amoncelés en ligne le long du chemin .La chaleur les engourdit , lespénètre , lescloue surle sol craquelé comme des masses inertes , et ils ne sentent pas l ’ odeur pes - tlente et malsaine qui se dégage lourdement de ces 224 SOUVENIRS I ) UN OFFICIER linges mouillés de sueur , de ces pantalons trop longtemps portés , de ces souliers épais et déformés qui bâillent sous l ’ implacable et torride lumière .Au - dessus , sans se poser , sans interrompre leur tourbillonnement inquiet , volent et bourdonnent de grands essaims de mouches bleues .",
                  "id": "10",
                  "title": "Souvenirs d'un officier / René Maizeroy"
            },
            {
                  "doc_url": "https://gallica.bnf.fr/ark:/12148/bpt6k57529424",
                  "emotions": [
                        "disgust",
                        "greed"
                  ],
                  "excerpt": "» Pendant notre conversation nous avions fait du chemin - , et îioû § âfi ' ivâmês eflCOre dans un bois d ' arbres dont l ' éspèCe îioùs était ihCôûnUê : ils rëssemblaiêht tin peit au figuier sauvage ; au moiiis ils portaient un fruit rond , semblable âtlx figUés , pléift de petits grains dans une ' chair \" molle et sUccuîéntë .Cependant Ce fruit avait âli fond un goût acre et acerbe .On a découvert plus tard que cette gomme enlevait les traits du crayon , et les dessinateurs se servent en conséquence pour les effacer d ' un morceau de ces petits flacons , qu ' ils dépècent pour en faire usage .",
                  "id": "11",
                  "title": "Le Robinson suisse : journal d'un père de famille naufragé avec ses enfants... / J. R. Wyss ; trad. [de Mme de Montolieu] revue par E. Du Chatenet"
            },
            {
                  "doc_url": "https://gallica.bnf.fr/ark:/12148/bpt6k445242w",
                  "emotions": [
                        "disgust"
                  ],
                  "excerpt": "Les feuilles de l ' ache des montagnes sont faites comme celles de l ' ache des marais , mais plus larges .Cette plante répand une odeur très - aromatique .Sa racine confite dans le vinaigre est un préservatif contre le mauvais air .",
                  "id": "12",
                  "title": "Manuel du parfumeur , par Mme Gacon-Dufour,..."
            },
            {
                  "doc_url": "https://gallica.bnf.fr/ark:/12148/bpt6k9679039v",
                  "emotions": [
                        "disgust",
                        "pain"
                  ],
                  "excerpt": "33 .Et dans cette qualité la vie se transmua en un aiguillon de la mort j car par le moyen de la oha , leur , la qualité amère devint âpre , piquante , fou \" gueuse et brûlante , comme si le corps entier étoit un pur aiguillon de feu j et elle devint violente et déchirante dans la qualité astringente , comme si l ' on enfonçoit des alênes brûlantes dans le corps .34 .",
                  "id": "13",
                  "title": "L'Aurore naissante, ou la Racine de la philosophie, de l'astrologie et de la théologie... Traduit de l'allemand, de Jacob Bêhme, sur l'édition d'Amsterdam, de 1602, par le philosophe inconnu (L.-C. de Saint-Martin). Tome 2"
            },
            {
                  "doc_url": "https://gallica.bnf.fr/ark:/12148/bpt6k5810121q",
                  "emotions": [
                        "disgust"
                  ],
                  "excerpt": "Géroflicr .aromatique .- Fkur .",
                  "id": "14",
                  "title": "Traité de pharmacologie, de l'art de formuler, de matière médicale et de toxicologie, par C.-P. Galtier,... 1re partie..."
            },
            {
                  "doc_url": "https://gallica.bnf.fr/ark:/12148/bpt6k6457075f",
                  "emotions": [
                        "disgust"
                  ],
                  "excerpt": "Les cypéracées , les joncées , les équisétacées ( prêles ) , les renoncules , les ombellifères se trouvent rarement dans les prairies moyennes , dont elles déprécient les fourrages .Il en est de même des labiées , dont l ' odeur forte dégoûte les herbivores .Les légumineuses sont toutes d ' excellente qualité sous tous les rapports : Trèfle rampant ( Trifolium repens ) ; Luzerne cultivée ( Medicago sativa ) ; Sainfoin commun ( Onobrychis sativa ) ; Vesce cultivée ( Vicia sativa ) ; Gesse sans feuilles ( Lathyrus aphaca ) ; Gesse des prés ( Lathyrus pratensis ) .",
                  "id": "15",
                  "title": "Les aliments : analyse, expertise, valeur alimentaire. Légumes, fruits, viandes, laitages, conserves, boissons & fourrages / par A. Balland,..."
            },
            {
                  "doc_url": "https://gallica.bnf.fr/ark:/12148/bpt6k5665168k",
                  "emotions": [
                        "disgust"
                  ],
                  "excerpt": "ROLAND .De mauvaises odeurs ? DIANE .Dame , en fait de parfums .",
                  "id": "16",
                  "title": "Drames : Lady Tempest, avec une lettre de Gustave Flaubert ; les Noces noires ; le Fou ; l'Hercule / Maurice Montégut"
            },
            {
                  "doc_url": "https://gallica.bnf.fr/ark:/12148/bpt6k6464444m",
                  "emotions": [
                        "disgust"
                  ],
                  "excerpt": "Pour augmenter le danger , on donne à ces femmes des biberons à tube de caoutchouc , n ' importe la marque , tous les fabricants de bandages en font , en variant la forme du bouchon , avec ou sans vis , mais tous avec tube de caoutchouc , tétine de caoutchouc ; on y verse un mélange d ' eau de gomme et de fleurs d ' oranger pour la route ; ces mixtures fermentent vite , combinées avec le caoutchouc vulcanisé elles donnent de l ' hydrogène sulfuré et les enfants , à une journée de chemin de fer de Paris , ont déjà la diarrhée dont ils font l ' apprentissage , dont ils se remettent un peu , qui leur revient et qui , sous l ' influence de la même cause persistante , les mène à la mort , en fin de compte .Je l ' ai sentie bien souvent , cette odeur infecte , j ' ai constaté maintes fois ses propriétés toxiques à l ' arrivée même , propriétés révélées par des coliques , de la diarrhée , quand , au dire même de la nourricière , il n ' y avait rien au départ .Pour ces raisons , je regarde comme un cas de conscience pour moi de signaler hautement de pareils faits ; je demande à tous d ' observer et de juger s ' il ne serait pas urgent de supprimer un tel état de choses .",
                  "id": "17",
                  "title": "Autour d'un berceau (hygiène), par le Dr Léon Danis. Dessins de Hadol"
            },
            {
                  "doc_url": "https://gallica.bnf.fr/ark:/12148/bpt6k6344149v",
                  "emotions": [
                        "disgust",
                        "disapproval"
                  ],
                  "excerpt": "Vous essayez de nouveau : vous persistez à vouloir sentir et kvous n ' y parvenez pas .Décidément , votre odorat est mauvais ; peutêtre même que vous l ' avez totalement perdu , vous n ' avez plus d ' odorat .Cette idée s ' incruste dans votre cerveau , et dorénavant , dans un cas analogue , il vous sera impossible d ' apprécier convenablement les qua - lités odorantes d ' un parfum qui vous est habituel ou d ' une fleur que vous connaissez bien .",
                  "id": "18",
                  "title": "Précis d'auto-suggestion volontaire / par le Dr Géraud Bonnet,..."
            },
            {
                  "doc_url": "https://gallica.bnf.fr/ark:/12148/bpt6k28149x",
                  "emotions": [
                        "disgust"
                  ],
                  "excerpt": "P .Odeur forte et camphrée ; saveur âcre et amère .U .",
                  "id": "19",
                  "title": "Manuel de matière médicale ou Description abrégée des médicamens , avec l'indication des caractères botaniques des plantes médicinales, et celle des principales préparations officinales des pharmacopées de Paris, de Londres et d'Edimbourg... par H. Milne Edwards et P. Vavasseur"
            },
            {
                  "doc_url": "https://gallica.bnf.fr/ark:/12148/bpt6k6264830g",
                  "emotions": [
                        "disgust",
                        "annoyance",
                        "disapproval",
                        "frustration",
                        "disappointment"
                  ],
                  "excerpt": "J ' ai besoin d ' amour platonique , je suis las d ' ouïr mes baisers Ouvrir , par la même tonique , La gamme des sens embrâsés .Je suis dégoûté des alcôves , Pleines Je parfums pénétrants , Où se tordent de charmants fauves Avec des soupirs délirants .Je suis fatigué des nocturnes Passés , en attendant le jour , A boire dans de blanches urnes Le toxique d ' un lâche amour .",
                  "id": "20",
                  "title": "Fleurs d'enfer... / Auguste Barrau"
            }
      ]
}