{
      "articles": [
            {
                  "doc_url": "https://gallica.bnf.fr/ark:/12148/bpt6k5836030r",
                  "emotions": [
                        "disgust"
                  ],
                  "excerpt": "être ' inodores , 8c qui ; selon , ies autres Âuteiirs .q ' ue nous , citons , ' ■ répandent \" , une odeur rtrès - su \" ave .Leur limbe ( fans ' doute par l ' effet ' de la culture ) , est composé de trois rangées de découpures ou folioles très - ouvertes , qui se , recouvrent mutuellement , & dont les deux rangées ; intérieures spnt dites appartenir á la couronné de la corolle } Cette plante .",
                  "id": "1",
                  "title": "Botanique.... Tome 3 / par M. le chevalier de Lamarck,... [continuée par J.-L.-M.odique Poiret.]"
            },
            {
                  "doc_url": "https://gallica.bnf.fr/ark:/12148/bpt6k65690975",
                  "emotions": [
                        "disgust"
                  ],
                  "excerpt": "La crème et le caillé du lail bleu m ' offrent aussi cette couleur , la crème tourne promptement au petit lait ; celui - ci s ' en sépare difficilement , devient roussâtre et file quand on le verse de haut ; le caillé reste mollasse , les molécules constituantes du beurre s ' agglomèrent mal entre elles , elles déposent la couleur sur le tissu ligneux de la baratte , et ce beurre , loin de me présenter le beau jaune qui lui estpropre , je le vois pâle , légèrement verdâtre .en un mot une véritable matière stéatomateuse ; si je le goûte , il est nauséabond , il rancit en fort peu de tems , et si je m ' en sers dans la cuisine , il gâte tout .Je dis la même chose du lait vert , qu ' on ne doit pas confondre avec le sérum .",
                  "id": "2",
                  "title": "Nouveau manuel complet de la laiterie, ou Traité analytique et critique de toutes les méthodes adoptées ou proposées pour le gouvernement de la laiterie... / par Arsenne Thiébaut de Berneaud..."
            },
            {
                  "doc_url": "https://gallica.bnf.fr/ark:/12148/bpt6k5836030r",
                  "emotions": [
                        "disgust"
                  ],
                  "excerpt": "Toutes ses parties ont une - odeur forte & désagréable .Ses feuilles ont un goût visqueux & amer .Elle est incisive , échauffante , emm .",
                  "id": "3",
                  "title": "Botanique.... Tome 3 / par M. le chevalier de Lamarck,... [continuée par J.-L.-M.odique Poiret.]"
            },
            {
                  "doc_url": "https://gallica.bnf.fr/ark:/12148/bpt6k9609816p",
                  "emotions": [
                        "disgust"
                  ],
                  "excerpt": "Le milieu est interne pour le Goust & le Tact , comme la chair & : la nlCln - brane ; il est externe comme l ' air & l ' eau pour la Veuë & FO uye , & l ' air feut est pour l ' Odorat .L ' obi et , sont les choses visîbles , intelligibles , odorables , goustables , & traitables ou ratbles .Commençons donc par , l ' Oeil , ; comme par le : plus noble .",
                  "id": "4",
                  "title": "Le petit tout dans lequel l'homme aura la connoissance de soy-mesme par l'intelligence de ses propres causes. Partie 2 / ... divisé en III parties et en IV tomes. Par M. François Chevillard,..."
            },
            {
                  "doc_url": "https://gallica.bnf.fr/ark:/12148/bpt6k65135522",
                  "emotions": [
                        "disgust",
                        "annoyance",
                        "pain",
                        "embarrassment"
                  ],
                  "excerpt": "et ces agaves pointant de partout .Ne vous faites pas embrocher à toutes ces pointes ! Voilà qui nous change des platanes maladifs de nos boulevards , rongés par toutes les exhalaisons chimiques de nos usines ou des véhicules industriels et les courants d ' ondes de toutes sortes qui s ' entrecroisent dans notre pauvre atmosphère ! .Respirons , respirons largement cet air non pollué .",
                  "id": "5",
                  "title": "Un chalet dans les airs / A. Robida ; illustration de l'auteur"
            },
            {
                  "doc_url": "https://gallica.bnf.fr/ark:/12148/bpt6k98002206",
                  "emotions": [
                        "disgust"
                  ],
                  "excerpt": "Teinte rouge uniforme du tronc .Le malade dégage une odeur fétide .Légère dyspnée .",
                  "id": "6",
                  "title": "Les lésions du coeur dans la variole"
            },
            {
                  "doc_url": "https://gallica.bnf.fr/ark:/12148/bpt6k65561764",
                  "emotions": [
                        "surprise",
                        "disgust",
                        "excitement",
                        "doubt",
                        "curiosity"
                  ],
                  "excerpt": "Devant des brasiers d ' enfer rôtissaient des buffles d ' une grosseur prodigieuse , des élans , des chevreuils , des daims , dont le fumet dilatait délicieusement ses narines , aiguisait son appétit , centuplait les aiguillons terribles d ' une faim immense .Il regardait avec une surprise indicible , hébétée , cette profusion de comestibles , ces merveilles culinaires étalées sur des plats d ' argent , et il se disait , avec cette conviction profonde d ' un gourmet affamé : voilà qui est bon , Voilà qui rappellerait un mourant du tombeau ; quelle atmosphère ! quels parfums ! quels aromes on respire ici ! que ces mets sentent bon ! ..",
                  "id": "7",
                  "title": "Aventures lointaines : voyages, chasses et pêches aux îles Sitka, voyage en caravane à travers la Perse, un jambon d'hyène, Yegor le pisteur d'ours / par Pierre Frédé"
            },
            {
                  "doc_url": "https://gallica.bnf.fr/ark:/12148/bpt6k97499223",
                  "emotions": [
                        "disgust",
                        "disappointment"
                  ],
                  "excerpt": "eftuue ra * cine que 1 on nous apporte en morceaux oblongs , genouillés , un peu applatis , de l ' épaisseur d ' un ou de deux pouces ; blanche , dépouillée de son écorce qui estr d ' un jaune rouge , & de ses fibres ; ayane1 une odeur de V iolette , pénétrante , d ' un .goût amer 6c acre .v On doit choisir celle qui est bien con - i servée , blanche , très - odorante , & non ' celle qui est cariée & ridée .",
                  "id": "8",
                  "title": "Traité de la matière médicale ou De l'histoire, des vertus, du choix et de l'usage des remèdes simples. Tome 2 / . Par M. Geoffroy,... Traduit... par M***,..."
            },
            {
                  "doc_url": "https://gallica.bnf.fr/ark:/12148/bpt6k6122855b",
                  "emotions": [
                        "disgust"
                  ],
                  "excerpt": "Atelier où l ' on prépare les boyaux employés dans les arts , où l ' on fabrique la baudx * uche , les cordes d ' instruments , de raquettes , les arçons de chapeliers , etc .a II n ' y a pas d ' atelier plus dégoûtant qu ' une hoyauderie : les matières fécales épars ^ sur le sol , les intestins entassés dans des tonneaux et en pleine putréfaction , un air dont l ' odeur est repoussante , etc .; telles sont les impressions qu ' éprouve le visiteur dans une hoyauderie , » ( Francoeur .",
                  "id": "9",
                  "title": "Nouveau dictionnaire universel. I, 1. A-B. I, 2. C-F / par Maurice Lachâtre"
            },
            {
                  "doc_url": "https://gallica.bnf.fr/ark:/12148/bpt6k96622163",
                  "emotions": [
                        "disgust"
                  ],
                  "excerpt": "Nous commencerons par celles auxquelles on expose les animaux , et qui pénètrent sans inconvément dans les poumons .Fumigations aromatiques .M .",
                  "id": "10",
                  "title": "Traité de l'éducation, du perfectionnement et des maladies des bêtes à laine (2e édition) / par E. Martin..."
            },
            {
                  "doc_url": "https://gallica.bnf.fr/ark:/12148/bpt6k5789950p",
                  "emotions": [
                        "disgust"
                  ],
                  "excerpt": "Constatation d ' un polype muqueux implanté sur le col .Écoulement muco - purulent , sans odeur .Pas de pertes de sang .",
                  "id": "11",
                  "title": "Traité d'hystéroscopie : instrumentation, technique opératoire, étude clinique / par les Drs S. Duplay,... et S. Clado,..."
            },
            {
                  "doc_url": "https://gallica.bnf.fr/ark:/12148/bpt6k96222071",
                  "emotions": [
                        "disgust"
                  ],
                  "excerpt": "La distillation de certains fruits et grains fournit un alcool chargé d ' huile empyreumatique , d ' une odeur pénétrante et désagréable .Quoique la rectification les dépouille de cette odeur , il leur reste néanmoins un arrière - goût désagréable .L ' ivresse causée par les eauxde - vie fabriquées avec l ' alcool de grains mal rectifié est beaucoup plus abrutissante et dangereuse que celle occasionnée par l ' alcool de vin .",
                  "id": "12",
                  "title": "Nouveau manuel du parfumeur-chimiste. Les parfums de la toilette et les cosmétiques les plus favorables à la beauté sans nuire à la santé, suivis d'un grand nombre de produits hygiéniques nouveaux complètement ignorés de la parfumerie, par A. Debay (avec la collaboration de Ed. Pinaud et Meyer)"
            },
            {
                  "doc_url": "https://gallica.bnf.fr/ark:/12148/bpt6k9602864k",
                  "emotions": [
                        "disgust"
                  ],
                  "excerpt": "Ces fragmens sont ; de couleur blanche , opaque , à cassure vitreuse , solubles dans 80 parties d ' eau distillée .Mis sur des charbons ardens , ils répandent une odeur d ' ail très prononcée .Leur dissolution dans l ' eau précipite en jaune par l ' hydrogène sulfuré ; le précipité obtenu est soluble dans l ' ammoniaque , avec décoloration du liquide produit .",
                  "id": "13",
                  "title": "Manuel de la Cour d'assises dans les questions d'empoisonnement, à l'usage des magistrats, des avocats, des experts, des jurés et des témoins... / par M. Jules Barse,... ; contenant des travaux inédits sur plusieurs points de la science, par M. Orfila"
            },
            {
                  "doc_url": "https://gallica.bnf.fr/ark:/12148/bd6t5370099s",
                  "emotions": [
                        "disgust",
                        "fear",
                        "annoyance"
                  ],
                  "excerpt": ".Idem Fumée , émanations nuisibles Danger d ’ incendie et d ’ explosion Poussière nuisible .Bruit , fumée .",
                  "id": "14",
                  "title": "Rapport général sur les travaux du Conseil de salubrité"
            },
            {
                  "doc_url": "https://gallica.bnf.fr/ark:/12148/bpt6k9609816p",
                  "emotions": [
                        "disgust"
                  ],
                  "excerpt": "Le Soucy ou Caltba & SolislguÙtnt se ferme au coucher du Soseil & s ' ouvre à son leuer .Il est de couleur iaune , & : d vne odeur qui n ' est pas des plus agreables .Il est chaud au second degré estant deseche ; fortifie le coeur , s ' oppose au venin , est fort excellent contre les fièvres pestilentielles de quelque façon qu ' on le prenne .",
                  "id": "15",
                  "title": "Le petit tout dans lequel l'homme aura la connoissance de soy-mesme par l'intelligence de ses propres causes. Partie 2 / ... divisé en III parties et en IV tomes. Par M. François Chevillard,..."
            },
            {
                  "doc_url": "https://gallica.bnf.fr/ark:/12148/bd6t5370099s",
                  "emotions": [
                        "disgust"
                  ],
                  "excerpt": "— Dans l ’ été de 1867 , la Commission d ’ hygiène du xve arrondissement signala la présence d ’ eaux stagnantes dans une partie des fossés des fortifications le long du boulevard Victor .Ces eaux répandaient une mauvaise odeur .En même temps on avait signalé dans le voisinage plusieurs cas de fièvre intermittente , soit dans le xve arrondissement , soit à Issy , qui pouvaient être attribués à la présence de ces eaux infectes dans le fossé des fortifications .",
                  "id": "16",
                  "title": "Rapport général sur les travaux du Conseil de salubrité"
            },
            {
                  "doc_url": "https://gallica.bnf.fr/ark:/12148/bpt6k772777",
                  "emotions": [
                        "disgust",
                        "greed"
                  ],
                  "excerpt": "Kn résumé , emphysème vesicutaire au sommet des poumons , dilatation htonchiquc et excavations muttiptcs : ) la partie moyenne et inférieure du poumon gauche surtout , carniticatio ; : ~ ct ta , absence comptete de tubercules ; telle était t ' aitération de structure des organes de t ' hematosc chcx cette matade , qui ne respirait ptus guère que par te sommet de ses poumons ; et ce sommet était emphysémateux 1 Vous avez tous été frappa de l ' extrême fétidité de l ' haleine , elle était presque insupportable quand la malade toussait , a ce point que tes voisines de fit en étaient fort incommodées , mais cite ne se communiquait pas aux prmhnts de l ' expectoration .Les crachats avaient une abondance extrême ( au moins mt titre par jour ) , its étaient difHucnts , mucoso - purifbrmes mais teurodcurfade et un peu nauséabonde n ' était pas , a beaucoup près , aussi fétide que cette de t ' hatetoc .H yavait donc ici dans l ' expectoration deux éléments importants ta fétidité l ' abondance .",
                  "id": "17",
                  "title": "Clinique médicale de l'Hôtel-Dieu de Paris. Tome 1 / par A. Trousseau,..."
            },
            {
                  "doc_url": "https://gallica.bnf.fr/ark:/12148/bpt6k6122855b",
                  "emotions": [
                        "disgust"
                  ],
                  "excerpt": "Vénus guérit son fils Énée en versant du suc d ' ambroisie sur ses blessures .Il répandit une odeur d ' ambroisie dont l ' Olympe fui parfumée .( Fénelon .",
                  "id": "18",
                  "title": "Nouveau dictionnaire universel. I, 1. A-B. I, 2. C-F / par Maurice Lachâtre"
            },
            {
                  "doc_url": "https://gallica.bnf.fr/ark:/12148/bpt6k6122855b",
                  "emotions": [
                        "disgust"
                  ],
                  "excerpt": "Elles rampent sur un large pied qui déborde le corps , et leurs parois branchiales , composées d ' une multitude de rubans fibreux , entre - croisés , sont percées d ' un grand nombre de petites ouvertures à travers lesquelles s ' échappe un liquide contenu dans ces vaisseaux .Ce liquide répand une odeur nauséabonde ; aussi les anciens avaient - ils une horreur profonde de ces animaux .Les pêcheurs leur attribuent une foule de Aplysie .",
                  "id": "19",
                  "title": "Nouveau dictionnaire universel. I, 1. A-B. I, 2. C-F / par Maurice Lachâtre"
            },
            {
                  "doc_url": "https://gallica.bnf.fr/ark:/12148/bpt6k4235463j",
                  "emotions": [
                        "disgust"
                  ],
                  "excerpt": "Je plonge le tube de dégagement dans ce verre qui contient une légère solution de carbonate de soude .Quoique j ’ aie laissé dégager à l ’ air libre très peu de gaz , vous percevez son odeur désagréable et suffocante .On l ’ emploie pour désinfecter les caves , les salles d ’ hôpital , les navires .",
                  "id": "20",
                  "title": "Éléments usuels des sciences physiques et naturelles, par le Dr Saffray. Cours supérieur. Livre de l'élève..."
            }
      ]
}