{
      "articles": [
            {
                  "doc_url": "https://gallica.bnf.fr/ark:/12148/bpt6k6350818r",
                  "emotions": [
                        "disgust",
                        "annoyance",
                        "disapproval",
                        "embarrassment",
                        "guilt"
                  ],
                  "excerpt": "Cet homme pue , — Prov .Cet homme pue comme un rat mort , comme un bouc , c ' est - à - dire , il sent extrêmement mauvais .les paroles ne puent point , autre locution proverbiale dont on se sert lorsqu ' on vent nommer une chose salle et malpropre .",
                  "id": "1",
                  "title": "Dictionnaire usuel de tous les verbes français... par MM. Bescherelle frères,.... Tome 2,Edition 3"
            },
            {
                  "doc_url": "https://gallica.bnf.fr/ark:/12148/bpt6k5505364q",
                  "emotions": [
                        "disgust",
                        "annoyance",
                        "pain",
                        "embarrassment"
                  ],
                  "excerpt": "— Eh bien alors , dit l ' obligeant capitaine , satisfait de voir combien son récit était goûté par ses petits amis , si vous voulez absolument connaître la triste vie des jeunes mousses , je vous en reparlerai .Ah ! ils ont de rudes épreuves à subir , les pauvres garçons ! « D ' abord j ' avais une très - mauvaise nourriture , et de plus on me la servait sur une vieille assiette en étain , toute rouillée ; au reste , le mouvement du navire me rendait si malade , et les mauvaises odeurs de toute sorte , et la fumée de tabac dont le gaillard d ' avant était Vous les auriez pris pour des bétes feroces renfermées dans une cage .( Page 31 .",
                  "id": "2",
                  "title": "Perdus dans les glaces, ouvrage traduit de l'anglais... par Léon Renard... / Isaac J. Hayes"
            },
            {
                  "doc_url": "https://gallica.bnf.fr/ark:/12148/bpt6k9764818v",
                  "emotions": [
                        "disgust"
                  ],
                  "excerpt": "Vomissements de sang qui se répètent les deux jours qui suivent .Sensation d ' odeur désagréable .Sept jours après , accès très - violent d ' épilepsie , suivi d ' un autre au bout de 8 heures avec forme hys é - rique ; autres accès les jours suivants , devenant de plus en p us rares .",
                  "id": "3",
                  "title": "Étude toxicologique sur l'empoisonnement par la cantharidine et par les préparations cantharidiennes / par L.-M.-V. Galippe,..."
            },
            {
                  "doc_url": "https://gallica.bnf.fr/ark:/12148/bpt6k5714699d",
                  "emotions": [
                        "disgust",
                        "pain"
                  ],
                  "excerpt": "jusqu ' à deux travers de doigt au - dessus du mamelon .On remue la malade pour percevoir le bruit de flot , on l ' entend très peu , — 55 — mais la malade est prise d ' une quinte de toux très violente et vomit plutôt qu ' elle ne crache des flots de pus ayant une odeur alcaline très prononcée .Ces diverses investigations sont , du reste , difficilement supportées par la malade qui se met à pleurer à la seule idée de la percussion .",
                  "id": "4",
                  "title": "Contribution à l'étude de la pleurésie dans la fièvre typhoïde / par le Dr Georges Jaugey,..."
            },
            {
                  "doc_url": "https://gallica.bnf.fr/ark:/12148/bpt6k5425561g",
                  "emotions": [
                        "disgust"
                  ],
                  "excerpt": "Je vais y faire un tour : beaucoup de moujiks ont passé la nuit sur les banquettes de bois ; plusieurs y dorment encore ; d ' autres boivent du liié en 16 A TRAVERS LA SIBÉRIE consommant silencieusement des charcuteries variées w des poissons secs .De cette agglomération de touloupes ' graisseuses s ' échappe une odeur fade et écoeurante , condensée au milieu d ' une atmosphère viciée , et rendue plus sensible encore par la chaleur suffocante qu ' entretient un poêle gigantesque ; je ne tarde pas à battre en retraite .Au dehors , le thermomètre ne marque plus que 4 degrés .",
                  "id": "5",
                  "title": "De Paris au Japon à travers la Sibérie : voyage exécuté du 6 mai au 7 août 1881 (Troisième édition) / par Edmond Cotteau,..."
            },
            {
                  "doc_url": "https://gallica.bnf.fr/ark:/12148/bpt6k61381641",
                  "emotions": [
                        "disgust"
                  ],
                  "excerpt": "L ' aldéhyde ( alcool déshydrogéné ) , C4H 402 , type d ' un groupe qui devient chaque jour plus nombreux , peut se produire dans un grand nombre de circonstances , mais on l ' obtient le plus ordinairement en traitant l ' alcool par un mélange oxydant d ' acide sulfurique et debi - oxyde de manganèse .C ' est un liquide incolore , d ' une odeur éthérée et suffocante .Il réduit plusieurs sels métalliques , notamment l ' azotate d ' argent , en produisant un dépôt métallique éclatant .",
                  "id": "6",
                  "title": "Des Alcools employés en médecine, par Louis Hébert,..."
            },
            {
                  "doc_url": "https://gallica.bnf.fr/ark:/12148/bpt6k98002206",
                  "emotions": [
                        "disgust"
                  ],
                  "excerpt": "On continue les bains .L ' odeur fétide persiste .Au cœur , le souffle a disparu .",
                  "id": "7",
                  "title": "Les lésions du coeur dans la variole"
            },
            {
                  "doc_url": "https://gallica.bnf.fr/ark:/12148/bpt6k58354866",
                  "emotions": [
                        "disgust"
                  ],
                  "excerpt": "11 provient d ' un : cerf tué au port Désiré , sur la terre des Patagons .L ' odeur insupportable d ' oignon qu ' il exhale , nous paroit confirmer l ' opinion que nous avons qu ' il appartient à l ' epèce du goua ^ outi de d ' Azara .* ' ( i ) M .",
                  "id": "8",
                  "title": "[Histoire naturelle] : La Mammalogie : ou description des espèces de mammifères"
            },
            {
                  "doc_url": "https://gallica.bnf.fr/ark:/12148/bd6t5370099s",
                  "emotions": [
                        "disgust"
                  ],
                  "excerpt": ".répandait une très - mauvaise odeur .Il formait une masse de 3 , 000 mètres cubes , qu ’ il convenait de ne pas remuer pendant les chaleurs ; le délégué du Conseil se borna à proposer de semer des graines fourragères sur la surface .",
                  "id": "9",
                  "title": "Rapport général sur les travaux du Conseil de salubrité"
            },
            {
                  "doc_url": "https://gallica.bnf.fr/ark:/12148/bpt6k96121453",
                  "emotions": [
                        "disgust",
                        "boredom"
                  ],
                  "excerpt": "des oiseaux ou sauvage , dit cochéne , a Les meaux peu nombreux , alongés ; les feuilles composées ( 1 ) Néflier à feuilles de Tanaisie ( Mespilus tanacatifolius ) , à ~ fil blanches et fruits jaunes .Néflier très - odorant ( M .odorantissima ) ; fleurs très - odorantes ; fr rouges .",
                  "id": "10",
                  "title": "Manuel complet théorique et pratique du jardinier, ou L'art de cultiver et de composer toutes sortes de jardins.... Les jardins fleuristes et d'agrément / ; par C. Bailly,... Quatrième édition..."
            },
            {
                  "doc_url": "https://gallica.bnf.fr/ark:/12148/bpt6k772777",
                  "emotions": [
                        "disgust",
                        "annoyance"
                  ],
                  "excerpt": "Mais aux parties moyenne et inférieure , le tong de ta gotttttùfe vertébrale gauche , on entend des rates muqueux metcs a de gros gMgouiHenMMts et à du souffle bronchique ; ta voix de h ma ! at ! c est si faih ! f ' , ( { uctic ne retentit point à ce niveau .Cette femme rejette dans tes vingt - quatre heures deux ou trois crachoirs d ' un Mquide purulent , demi - opaque , demi - salivaire , peu aéré , d ' odeur fade a peine fétide .Le rejet de ces crachats s ' effectue par un effort de vomissement plutôt < ptc d ' expectoration , à ta suite do deux ou trois quintes de toux et chaque fois ta malade en rend ta valeur de deux ou trois cuitterees .",
                  "id": "11",
                  "title": "Clinique médicale de l'Hôtel-Dieu de Paris. Tome 1 / par A. Trousseau,..."
            },
            {
                  "doc_url": "https://gallica.bnf.fr/ark:/12148/bpt6k11699125",
                  "emotions": [
                        "disgust"
                  ],
                  "excerpt": "Enfin , il est d ’ autres considérations qui font de la santé des dents et de la bouche une nécessité ' primordiale : l ’ esthétique d ’ abord .Quoi de plus repoussant que des dents atteintes de carie , avec des contours déchiquetés et noirâtres ; des débris de racines saillant entre des dents saines , 14 INTRODUCTION sans parler de l ’ odeur désagréable , repoussante quelquefois , que les caries multiples communiquent à l ’ haleine .Le sourire , au lieu d ’ être un élément de grâce devient alors une cause de laideur .",
                  "id": "12",
                  "title": "Dents et Maux de dents"
            },
            {
                  "doc_url": "https://gallica.bnf.fr/ark:/12148/bpt6k62076925",
                  "emotions": [
                        "disgust",
                        "annoyance",
                        "disapproval"
                  ],
                  "excerpt": "Est - ce accoutumance ? Est - ce clairvoyance particulière pendant cette matinée brumeuse , sans soleil ? Je ne sais , mais il m ' est impossible de m ' enthousiasmer comme autrefois .La saleté , la promiscuité grouillante de tout ce bas peuple , les odeurs suffocantes , les nuages de mouches , tout cela m ' inspire aujourd ' hui un dégoût profond .Quand le soleil étincelle , il joue avec ces ordures et y accroche ses féeries : il change en diamants les éclats de verre , en émeraude les tessons de bouteilles , en lingots les vieilles ferrailles ; de tous ces fumiers il fait jaillir des feux d ' artifice ; il dore les murs lépreux , les auréole de splendeur ; il anime d ' une vie glorieuse les oripeaux , les bardes effilochées que le vent soulève .",
                  "id": "13",
                  "title": "À travers l'Inde / Capitaine Claude-Lafontaine"
            },
            {
                  "doc_url": "https://gallica.bnf.fr/ark:/12148/bpt6k58354866",
                  "emotions": [
                        "disgust"
                  ],
                  "excerpt": "Sa ' femelle fait cinq à six petits , qu ' elle accoutume de bonne heure à sucer le sang et les oeufs .L ' odeur infecte qu ' il répand lui a valu le nom qu ' il porte .PATRIE .",
                  "id": "14",
                  "title": "[Histoire naturelle] : La Mammalogie : ou description des espèces de mammifères"
            },
            {
                  "doc_url": "https://gallica.bnf.fr/ark:/12148/bpt6k97499223",
                  "emotions": [
                        "disgust"
                  ],
                  "excerpt": "Cette plante est haute de neuf pouces , or quelquefois de plus d ' une coudée : elle n ' a qu ' une tige , ferme , anguleuse , légèrement velue , sur laquelle naissent alternativement des feuilles qui imitent celles du Napel , mais découpées plus finement , & d ' un verd plus foncé .Elles sont blanchâtres en dessous , ou sembla - bles en quelque façon à la Nielle ; elles ont un goût amer : la fleur est polypé - tale , irréguliére , composée de cinq pétales inégaux ; elle représente en quelque façon une tête couverte d ' un casque , de couleur jaune pâle , d ' une odeur qui n ' eil point désagréable .Le pistile se change en un fruit , à plul1eurs guaines mem - braneuses , disposées en maniére de tête , de figure de cornes , remplies de graines anguleuses , ridées & noirâtres .",
                  "id": "15",
                  "title": "Traité de la matière médicale ou De l'histoire, des vertus, du choix et de l'usage des remèdes simples. Tome 2 / . Par M. Geoffroy,... Traduit... par M***,..."
            },
            {
                  "doc_url": "https://gallica.bnf.fr/ark:/12148/bpt6k5546717v",
                  "emotions": [
                        "disgust",
                        "annoyance",
                        "disapproval",
                        "indifference"
                  ],
                  "excerpt": "Sed Deus est et homo quem sacra figurât imago 1 ) .Les paroles insolentes et qui sentaient une odeur singulière de rue , le dédain de Farel pour les docteurs de notre église qu ' il paraissait n ' avoir point étudiés , émurent Calvin qui demanda à parler : — Non , s ' écria - t - il , je ne méprise pas les anciens ; ceux qui font semblant de les respecter ne les ont pas en si grand honneur que nous , et ne daignent employer le temps à lire leurs escripts que nous y employons volontiers .Et reprenant la question de la cène , il se mit à citer : — Tertullien qui ne donne qu ' un corps imaginaire à Jésus - Christ ; 1 ) Iod .",
                  "id": "16",
                  "title": "Histoire de la vie, des ouvrages et des doctrines de Calvin / par M. Audin"
            },
            {
                  "doc_url": "https://gallica.bnf.fr/ark:/12148/bpt6k6258477g",
                  "emotions": [
                        "disgust",
                        "disapproval"
                  ],
                  "excerpt": "Le rat marqué n ' est encore d ' usage qu ' en Allemagne , où l ' on en fait des bordures de bonuets , La Russie et le Canada en fournissent également une assez grande quantité .Mais , en France , on s ' en est dégoûté à cause de son odeur forte ; le poil de cette fourrure , moins fort que celui du castor , lui ressemble beaucoup .RATURE .",
                  "id": "17",
                  "title": "Dictionnaire universel du commerce, de la banque et des manufactures.... Tome 2 / par une société de négociants et de manufacturiers sous la direction de M. Monbrion,..."
            },
            {
                  "doc_url": "https://gallica.bnf.fr/ark:/12148/bpt6k9619305f",
                  "emotions": [
                        "disgust",
                        "anger",
                        "disapproval",
                        "nervousness"
                  ],
                  "excerpt": "« Le sujet embaumé par M .Gannal , était en pleine putréfaction ; « il exhalait une odeur suffoquante .Ce sujet , dont il est impossible de « distinguer le sexe , est entièrement méconnaissable , etc .",
                  "id": "18",
                  "title": "La vérité sur les embaumements / [signé : Lambert]"
            },
            {
                  "doc_url": "https://gallica.bnf.fr/ark:/12148/bpt6k97499223",
                  "emotions": [
                        "disgust"
                  ],
                  "excerpt": "' & P m Diosc .est une racine oblougue , ample , branchue , brune en dehors , jaune en dedans , coupée tranfversàlc - ment , montrant des canelures disposees en rayons , tirées de la circonférence au centre ; molane , spongieuCe ; d ' une odeur qui n est pas désagréable ; d ' un goût amer , un peu astringent & acre ; visqueuse & c gluante , lorsqu ' on la tient un peu dans la bouche .Nous avons déjà dit qgp cette racine est différente pas de la Rhubarbe des Boutiques ; ce qui est évident par la del - cription du Rapontic tirée de Diofcori - de .",
                  "id": "19",
                  "title": "Traité de la matière médicale ou De l'histoire, des vertus, du choix et de l'usage des remèdes simples. Tome 2 / . Par M. Geoffroy,... Traduit... par M***,..."
            },
            {
                  "doc_url": "https://gallica.bnf.fr/ark:/12148/bpt6k96675351",
                  "emotions": [
                        "disgust"
                  ],
                  "excerpt": "J ' en ai vu qui étaient assez agréables , assez dépouillés de la saveur du fruit , pour faire douter qu ' ils fussent préparés uniquément avec le moût .Enfin j ' en ai goûté d ' autres ; mais au lieu d ' une liqueur sucrée , limpide , capable de flatter également la vue , le goût et l ' odorat , ils n ' offraient qu ' un liquide épais , dégoûtant par son opacité et sa couleur rembrunie , par son odeur nauséabonde , par sa saveur de manne .La moindre négligence et le plus léger oubli dans les diverses manipulations , peuvent communiquer à ces sirops des défauts qui forceraient nécessairement à en circonscrire l ' usage , donneraient sur leur qualité des préjugés , et diminueraient par conséquent la ressource du supplément proposé , si l ' on n ' y renonçait pas tout - a - fait .",
                  "id": "20",
                  "title": "Traité sur l'art de fabriquer les sirops et les conserves de raisin, destinés à suppléer le sucre des colonies dans les principaux usages de l'économie domestique ; par A.-A. Parmentier,... 3e édition..."
            }
      ]
}