{
      "articles": [
            {
                  "doc_url": "https://gallica.bnf.fr/ark:/12148/bpt6k888252v",
                  "emotions": [
                        "disgust"
                  ],
                  "excerpt": "Mentionnons brièvement ici une autre conséquence sociale de l ’ écoulement d ’ oreille .Ces suppurations , surtout celles qui sont déjà anciennes , répandent , comme nous l ’ avons déjà dit , une odeur absolument insupportable .C ’ est excessivement désagréable pour 1 .",
                  "id": "1",
                  "title": "Hygiène de l'oreille / par le professeur R. Haug ; traduction et annotations par C. Chauveau et M. Menier"
            },
            {
                  "doc_url": "https://gallica.bnf.fr/ark:/12148/bd6t5369345q",
                  "emotions": [
                        "disgust"
                  ],
                  "excerpt": ", I , 12 .— Cueillant la souefve odeur de mainte violette .Jamyn , O .",
                  "id": "2",
                  "title": "Dictionnaire de la langue française du seizième siècle. T. 7, Siller-Zygaine / Edmond Huguet,..."
            },
            {
                  "doc_url": "https://gallica.bnf.fr/ark:/12148/bpt6k4235571f",
                  "emotions": [
                        "disgust"
                  ],
                  "excerpt": "Enfin le refte de la matière , diffoute dans la liqueur , refînant de prendre une forme régulière , nous avons pris le parti de la faire deffécher à une très - lente chaleur , pour éviter de brûler la partie colorante .La forte odeur lixivielle que répandoit cette liqueur en s ’ évaporant , 61 fa couleur qui étoit brune , annonçoient • que c ’ étoit principalement à cette portion , qu ’ adhéroit Ja matière colorante 61 inflammable que nous regardions toujours comme un obllacle à une criflallifation dernière partie de notre réfidu falin étant def - féchée , pefoit 3 gros Si 2 grains .Nous en fîmes trois portions .",
                  "id": "3",
                  "title": "Recueil d'observations de médecine des hôpitaux militaires. Tome 2 / , fait et rédigé par M. Richard de Hautesierck,..."
            },
            {
                  "doc_url": "https://gallica.bnf.fr/ark:/12148/bpt6k96129416",
                  "emotions": [
                        "disgust"
                  ],
                  "excerpt": "Quand les croûtes sont formées , les traits du visage sont alors masqués par des incrustations brunâtres , épaisses , qui souvent n ' en forment qu ' une , et tombent du cinquième au douzième jour de leur formation , pour être remplacées par des écailles qui se renouvellent plusieurs fois .C ' est alors que le malade répand autour de lui une odeur particulière qui porte au cœur , en même temps que les linges dont il est enveloppé sont plus ou moins salis par les matières purulentes qui s ' échappent des différentes parties du corps .Une horrible démangeaison accompagne la formation des croûtes , et porte sans cesse les malades à se gratter .",
                  "id": "4",
                  "title": "Manuel de la jeune mère, ou Conseils aux jeunes femmes sur les soins que demandent... leur santé et celle de leurs enfants en bas âge ; suivi d'Une instruction sur les soins de la toilette, ou Moyens de conserver et de rendre aux diverses parties du corps leur fraîcheur et leur état naturel / par Mme V. Messager,..."
            },
            {
                  "doc_url": "https://gallica.bnf.fr/ark:/12148/bpt6k1268777r",
                  "emotions": [
                        "disgust",
                        "fear",
                        "annoyance"
                  ],
                  "excerpt": "En se basant sur son embouchure actuelle dans l ' Allier , les officiels ont déclare qu ' ils ne pouvaient faire mieux , qu ' il fallait subir cet embryon de collecteur .Aujourd ' hui que Vichy s ' étend de tous côtés , cette embouchure , puante et nauséabonde , se trouve en plein dans la Ville .Il va donc falloir s ' en débarrasser ; il va être nécessaire de la repousser plus en aval .",
                  "id": "5",
                  "title": "Mélanges de chimie médicale et d'hygiène thermale (1882-1892) / par A. Mallat"
            },
            {
                  "doc_url": "https://gallica.bnf.fr/ark:/12148/bpt6k6578167b",
                  "emotions": [
                        "disgust"
                  ],
                  "excerpt": "El ' e perd son poil par le travail , par allusion à la misère du pauvre Savoyard dont l ' industrie pénible a pour premier effet de râper les vêtements .C ' est elle qui a appris au ramoneur à grimper entre deux parois de rocher ou de cheminée , et elle exhale une odeur désagréable qui n ' est pas sans analogie avec celle de la suie .C ' est l ' emblème du pauvre montagnard qui s ' engourdit dans sa misère et se résigne patiemment au travail le plus ingrat pour la récréation des oisifs .",
                  "id": "6",
                  "title": "L'esprit des bêtes / par A. Toussenel ; illustré par Émile Bayard ; [préface de P.-J. Stahl (P.-J. Hetzel)]"
            },
            {
                  "doc_url": "https://gallica.bnf.fr/ark:/12148/bpt6k96168947",
                  "emotions": [
                        "disgust",
                        "annoyance"
                  ],
                  "excerpt": "Dans les provinces méridionales ; cultivée dans les jardins .Son odeur est forte , presque désagréable .Elle est stimulante , résolutive , sternutatoire , stomachique , anti - hystérique et sur - tout anti - ulcéreuse .",
                  "id": "7",
                  "title": "Flore des départements méridionaux de la France, et principalement de celui de Tarn-et-Garonne... par M. Baron,..."
            },
            {
                  "doc_url": "https://gallica.bnf.fr/ark:/12148/bpt6k5828149j",
                  "emotions": [
                        "disgust",
                        "disappointment"
                  ],
                  "excerpt": "La cassure transversale , uniformément fibreuse , laisse échapper par le frottement une poussière de fibres très ténues qui s ' implantent dans la peau et y causent de vives démangeaisons .Saveur franchement amère ; odeur rappelant celle du tan .Les écorces de Calisaya roulé ressemblent assez à celle des Quinquinas Huanuco ; mais elles s ' en distinguent par la profondeur des crevasses du périderme , et par leur liber beaucoup plus fibreux .",
                  "id": "8",
                  "title": "Manipulations de botanique médicale et pharmaceutique : iconographie histologique des plantes médicinales / par MM. Joseph Hérail,... Valère Bonnet,... ; Préface de M. le professeur G. Planchon,..."
            },
            {
                  "doc_url": "https://gallica.bnf.fr/ark:/12148/bpt6k96168947",
                  "emotions": [
                        "disgust",
                        "greed"
                  ],
                  "excerpt": "Les corolle sont verdâtres et un peu rouges en leur bord ; les pédon cules sont pubescens .Elle a une odeur fétide ; elle est âcre ; : et purge violemment .Dans les lieux stériles .",
                  "id": "9",
                  "title": "Flore des départements méridionaux de la France, et principalement de celui de Tarn-et-Garonne... par M. Baron,..."
            },
            {
                  "doc_url": "https://gallica.bnf.fr/ark:/12148/bpt6k57026879",
                  "emotions": [
                        "disgust"
                  ],
                  "excerpt": "tourmenter I oui es ces bonnes , toutes ce » généreuses facultés refoulées en lui - même , et qui n ' ont pu trouver d ' emploi ni d ' essor .Ses vertus , comme des parfums aigris , se changent en poisons .Son génie de poêle se réveille pour l ' entourer d ' illusions qui augmentent ses maux : son Ame aimante se prend à des chimères .",
                  "id": "10",
                  "title": "Vie, poésies et pensées de Joseph Delorme (Nouvelle édition très augmentée) / Sainte-Beuve"
            },
            {
                  "doc_url": "https://gallica.bnf.fr/ark:/12148/bpt6k65140517",
                  "emotions": [
                        "disgust"
                  ],
                  "excerpt": "Il est lavé avec soin et ouvert .Son odeur est presque nulle ; non putréfié .On peut nettement séparer le jaune du blanc .",
                  "id": "11",
                  "title": "Les microzymas dans leurs rapports avec l'hétérogénie, l'histogénie, la physiologie et la pathologie : examen de la panspermie atmosphérique continue ou discontinue, morbifère ou non morbifère / par A. Béchamp,..."
            },
            {
                  "doc_url": "https://gallica.bnf.fr/ark:/12148/bpt6k61352275",
                  "emotions": [
                        "disgust"
                  ],
                  "excerpt": "3 ° Extrait sec de Cynanchum Monspeliacum , tel que je l ' ai obtenu par expression des tiges , feuilles et racines prises à parties égales .Cet extrait attire fortement l ' humidité , ce qui rend difficile sa dessication complète ; il est d ' un rouge brunâtre , d ' une odeur un peu nauséeuse , d ' une saveur légèrement amère .Il se dissout partiellement dans l ' eau , qui lui enlève un principe extracto - gommeux ; l ' alcool en dissout près de la moitié .",
                  "id": "12",
                  "title": "Étude sur la scammonée de Montpellier, par Gustave-Henri Laval,..."
            },
            {
                  "doc_url": "https://gallica.bnf.fr/ark:/12148/bpt6k9799247w",
                  "emotions": [
                        "disgust"
                  ],
                  "excerpt": "sa couleur qui est très - visible ; 3 ° .son odeur forte ; toutes choses qui sont purement des effets d ' un principe sulfureux , intimement combiné avec une snbitançe aqueuse très - déliée .Mais rien ne prouve cette vérité plus cl arement que son inflammation .",
                  "id": "13",
                  "title": "Recueil de memoires et d'observations sur la formation & sur la fabrication du salpêtre . Par les commissaires nommés par l'Académie pour le jugement du prix du salpêtre."
            },
            {
                  "doc_url": "https://gallica.bnf.fr/ark:/12148/bpt6k58045672",
                  "emotions": [
                        "disgust",
                        "despair",
                        "frustration"
                  ],
                  "excerpt": "Il se rappelait vaguement aAoir confectionné des baquets , des lacs , des océans de soupe , en regrettant beaucoup l ' absence des conseils de madame Centurion , el même de Joufletle , car il avait conscience de s ' être prodigieusement ennuyé à tourner des croûtes de pam dans LES BONS AOISIISS DE COCAGNE 25i des chaudrons qui se remersaient toujours , et dont le contenu brûlait comme à plaisir .Mais pendant combien de temps aA ~ ait - il éprouvé , avec le dégoût des parfums émollients de ces chaudrons rebelles , le véritable désespoir de les AToir sans * cesse se A ider dans les cendres ? c ' est ce dont il ne pouvait se faire une idée bien nette ..",
                  "id": "14",
                  "title": "A Cocagne ! aventures de MM. Gabriel et Fricotin. Dessins de Zier / Ernest d'Hervilly"
            },
            {
                  "doc_url": "https://gallica.bnf.fr/ark:/12148/bpt6k6220120b",
                  "emotions": [
                        "disgust"
                  ],
                  "excerpt": "— En raison de sa grande abondance , la bile est facile à recueillir à l ' état de pureté et facile à étudier .C ' est un liquide visqueux , filant , verdâtre quand il a séjourné dans la vésicule biliaire , jaune quand il vient d ' y arriver , d ' une odeur nauséabonde , d ' une saveur d ' abord très amère , puis légèrement douceâtre .Elle a une densité un peu plus forte que celle de l ' eau ( 1 , 020 à 1 , 026 ) , dans laquelle elle se dissout facilement .",
                  "id": "15",
                  "title": "Précis de physiologie animale : 3e et 4e années, conformes aux programmes de 1882 pour l'enseignement secondaire des jeunes filles / par Edmond Perrier..."
            },
            {
                  "doc_url": "https://gallica.bnf.fr/ark:/12148/bpt6k97498391",
                  "emotions": [
                        "disgust"
                  ],
                  "excerpt": "Cette racine est très - vivace .Selon Tragus , elle est difficile à arracher , & elle exhale une odeur forte & sulphureuse qui porte à la tête de celui qui la déterre .C ' en pour cela que les Anciens prenoient des précautions avant que d ' entreprendre de l ' arracher , en se frott - ant la tête & le nez de quelque bonne odeur , dans la crainte d ' être surpris de la douleur de tête ou de quelque vertige : mais je me souviens aajoûte Tragus , d ' aï - Voir quelquefois tiré de terre cette racine , sans qu ' il m ' en soit arrivé aucune incommodité .",
                  "id": "16",
                  "title": "Suite de la Matiére médical de M. Geoffroy. Tome 1,Section 2 / , par M***, docteur en médecine"
            },
            {
                  "doc_url": "https://gallica.bnf.fr/ark:/12148/bpt6k90078r",
                  "emotions": [
                        "surprise",
                        "disgust"
                  ],
                  "excerpt": "L ' acMe sulfureux est soluble dans l ' eau : il est égatemeat soluble en grande quantité dans ! ' atcoot .Les dissolutions ont l ' odeur piquante , particulière , de ! ' achte gazeux et possèdent une saveur acide pat ' ticuttÈFe ; et ! es rougissent le papier de toumesot et blanchissent le papier de Fernamhouc .A J ' état anhydre , FacMe sulfureux n ' absorbe pas t ' oxygÈne et ne se transforme pas en acide stttfuriqae ; mais cette transformation a lieu en présence de l ' eau .",
                  "id": "17",
                  "title": "Traité complet de chimie analytique (Édition française originale...) / par M. Henry Rose"
            },
            {
                  "doc_url": "https://gallica.bnf.fr/ark:/12148/bd6t5369345q",
                  "emotions": [
                        "disgust",
                        "boredom"
                  ],
                  "excerpt": "Contenant du suc ? — Fleur .Printanière , odorante ..",
                  "id": "18",
                  "title": "Dictionnaire de la langue française du seizième siècle. T. 7, Siller-Zygaine / Edmond Huguet,..."
            },
            {
                  "doc_url": "https://gallica.bnf.fr/ark:/12148/bpt6k58052910",
                  "emotions": [
                        "disgust"
                  ],
                  "excerpt": "Lïnfirmier se précipita vers l ' armoire aux médicaments et , pendant une longue minute , disparut jusqu ' aux éperons entre les deux panneaux du meuble ; on l ' entendit fourgonner bruyamment , bouleverser une armée de bouteilles .Une odeur doucereuse , écoeurante , s ' était subitement élevée , arrivant du fond de l ' armoire où des fioles débouchées se mêlaient à des entassements de feuilles de tilleul .A la fin , Gilbert reparut , tenant d ' une main un flacon qu ' emplissait une poudre blanchâtre , de l ' autre , une timbale de plomb .",
                  "id": "19",
                  "title": "La vie de caserne / Georges Courteline ; Compositions originales de Henri Dupray"
            },
            {
                  "doc_url": "https://gallica.bnf.fr/ark:/12148/btv1b8623284d",
                  "emotions": [
                        "disgust",
                        "fear",
                        "embarrassment"
                  ],
                  "excerpt": ".Je me reculai pour ne pas sentir l ' odeur mortelle de cette voix ..",
                  "id": "20",
                  "title": "Journal d'une femme de chambre"
            }
      ]
}