{
      "articles": [
            {
                  "doc_url": "https://gallica.bnf.fr/ark:/12148/bpt6k6515176q",
                  "emotions": [
                        "disgust",
                        "anger",
                        "annoyance"
                  ],
                  "excerpt": "Et décret de 1810 .feu et odeur désagréa .Et deicretde isio .",
                  "id": "1",
                  "title": "Supplément au Bulletin des lois contenant les lois, les traités diplomatiques..."
            },
            {
                  "doc_url": "https://gallica.bnf.fr/ark:/12148/bpt6k96011109",
                  "emotions": [
                        "disgust",
                        "annoyance"
                  ],
                  "excerpt": "Ces herbes , arrosées d ' eau salée , donnent à la chair une saveur fine et délicate , surtout si vous y joignez des végétaux amers , cornme la bruyère , la ronce , les feuilles de chêne , etc .A cette époque , écartez les choux et les navets , qui donnent un goût désagréable .Multiplication .",
                  "id": "2",
                  "title": "Le livre des habitants des campagnes. Partie 1 / par M. Louis Hervé et M. l'abbé Mullois,..."
            },
            {
                  "doc_url": "https://gallica.bnf.fr/ark:/12148/bpt6k548663",
                  "emotions": [
                        "disgust",
                        "anger",
                        "disapproval",
                        "envy",
                        "greed"
                  ],
                  "excerpt": "Nul amour n ' a frémi dans ton être chétif .Les tombeaux sont encor moins impurs que ta couche , 0 Femme ! je le sais , mais j ' ai soif de ta bouche ! L ' Odeur des Vignes f / CM ~ D ~ ' U / C ~ C ~ ~ L ' oDEU ~ des vignes monte en un souffle d ' ivresse La pesante douceur des vendanges oppresse Parmi la longue paix des automnes sereins .Voici le champ , meurtri par les longues cultures , L ' enclos tiède , où le fruit livre ses grappes mûres , Comme une femme offrant l ' opulence des seins .",
                  "id": "3",
                  "title": "Études et préludes / R. Vivien"
            },
            {
                  "doc_url": "https://gallica.bnf.fr/ark:/12148/bpt6k9801537t",
                  "emotions": [
                        "disgust"
                  ],
                  "excerpt": "Urine : qualité physique , 100 gr .d ' urine uniformément noire et sanglante , un peu mal odorante .Vessie : capacité , 200 gr .",
                  "id": "4",
                  "title": "Contribution à l'étude du traitement endovésical des tumeurs de la vessie par les courants de haute fréquence"
            },
            {
                  "doc_url": "https://gallica.bnf.fr/ark:/12148/bpt6k5410539t",
                  "emotions": [
                        "disgust"
                  ],
                  "excerpt": "C ' est ce qui a eu lieu , vous vous le rappelez , messieurs , chez une ; jeune fille de douze ans que nous observions dernièrement à la salle Saint - Bernard .Son haleine avait une odeur gangréneuse insupportable , et lorsqu ' à l ' aide d ' un pinceau de charpie , nous enlevions le détritus qui .recouvrait les amygdales et le voile du palais , nous le trouvions constitué par une matière grisâtre qui en imposait complètement pour des détritus gangréneux : cependant c ' étaient si peu des détritus gangreneux , que , lorsque plus tard les surfaces malades se furent nettoyées , la membrane muqueuse , que les fausses membranes recouvraient peu de temps auparavant , apparaissait rouge , à peine excoriée , mais ne présentait aucune trace de gangrène .",
                  "id": "5",
                  "title": "Clinique médicale de l'Hôtel-Dieu de Paris. Tome 1 / par Armand Trousseau,..."
            },
            {
                  "doc_url": "https://gallica.bnf.fr/ark:/12148/bd6t53328269",
                  "emotions": [
                        "disgust",
                        "pain",
                        "embarrassment"
                  ],
                  "excerpt": "Quand je me suis relevé , je ne distinguais plus rien autour de moi , à cause de la fumée très épaisse qui remplissait le pont , je ne voyais plus de flammes , j ’ avais été brûlé dès la première secousse .L ’ odeur que je sentais était très gênante et picotait la gorge , c ’ était bien l ’ odeur de la poudre .Un roulement sourd a suivi la première détonation et je percevais très distinctement chaque coup , ils se suivaient par intervalles et je crois que ce devait être les cartouches qui éclataient .",
                  "id": "6",
                  "title": "Impressions (Sénat 1876); impressions: projets, propositions, rapports.. Sénat. Numéro 203-280,Tome 1-3"
            },
            {
                  "doc_url": "https://gallica.bnf.fr/ark:/12148/bpt6k58357563",
                  "emotions": [
                        "disgust"
                  ],
                  "excerpt": "Il est odorant ; car tous les oxacides gazeux sont odorants .Son odeur est piquante .( On se rappelle que l ' odeur piquante est celle qui correspond à la saveur astringente .",
                  "id": "7",
                  "title": "Chimie médicale raisonnée, d'après une nouvelle méthode... suivie d'un Traité sur la toxicologie... par Édouard Robin"
            },
            {
                  "doc_url": "https://gallica.bnf.fr/ark:/12148/bpt6k58083451",
                  "emotions": [
                        "disgust"
                  ],
                  "excerpt": "L ' eau phéniquée prédispose au sphacèle , elle est irritante , d ' une application douloureuse , elle produit souvent des érythèmes ; la préparation est difficile à faire : que de fois n ' avons - nous pas vu , au fond des vases renfermant les solutions phéniquées , des globules d ' acide phénique pur , qu ' on avait insuffisamment dissous dans l ' alcool ou la glycérine , qui doivent entrer dans leur composition en proportions assez fortes .Enfin , l ' acide phénique a une odeur fort désagréable , à laquelle , en général , on finit par s ' habituer , mais que certaines personnes ne peuvent pas supporter , qui leur donne de l ' inappétence et du dégoût pour les aliments .Pendant les deux années que nous avons eu la bonne fortune de passer près de M .",
                  "id": "8",
                  "title": "De la Restauration du périnée pratiquée immédiatement après l'accouchement, par M. le Dr L.-E.-G. Luizy,..."
            },
            {
                  "doc_url": "https://gallica.bnf.fr/ark:/12148/bpt6k75199s",
                  "emotions": [
                        "disgust"
                  ],
                  "excerpt": "Les exhalaisons des corps sont peut - être pour le nez des spécimens représentatifs de leur substance et des effets qu ' elle produirait sur l ' estomac elles ont peut - être un effet analogue sur le système nerveux .Nous savons que l ' odeur putride cause le dégoût , et qu ' en essayant de manger la substance qui l ' exhale nous complétons l ' effet commence par l ' odeur .D ' autre part , les substances qui émettent un arome frais ou doux , ne provoquent probablement pas de causée .",
                  "id": "9",
                  "title": "Les sens et l'intelligence (3e éd.) / par Alexandre Bain,... ; trad. de l'anglais par M. E. Cazelles"
            },
            {
                  "doc_url": "https://gallica.bnf.fr/ark:/12148/bpt6k54942894",
                  "emotions": [
                        "disgust"
                  ],
                  "excerpt": "7 .Quand on goûte l ' eau de la mer , on lui trouve une odeur nauséabonde et une saveur amère et très - salée .Cette odeur est attribuée aux produite de la décomposition des substances animales et végétales qu ' elle renferme en quantités énormes , et l ' amertume à des sels à base de magnésie .",
                  "id": "10",
                  "title": "Lectures variées sur les sciences usuelles, les grands phénomènes de la nature, les productions naturelles appliquées à l'industrie, l'hygiène populaire... (12e édition) / par M. Maigne,..."
            },
            {
                  "doc_url": "https://gallica.bnf.fr/ark:/12148/bpt6k9763383d",
                  "emotions": [
                        "disgust"
                  ],
                  "excerpt": ", dont le rhizôme est très .aromatique .— V .",
                  "id": "11",
                  "title": "Jehan de Louvegny, apothicaire amiénois de 1487 à 1520. Recherches sur la pharmacopée et l'ameublement au XVIe siècle d'après son inventaire,... par Oct. Thorel,..."
            },
            {
                  "doc_url": "https://gallica.bnf.fr/ark:/12148/bpt6k64734984",
                  "emotions": [
                        "disgust"
                  ],
                  "excerpt": "c .On rejettera toute eau odorante .La bonne eau ne doit pas avoir d ' odeur .",
                  "id": "12",
                  "title": "Chantiers de terrassements en pays paludéen : hygiène industrielle et coloniale / par le Dr Ad. Nicolas,..."
            },
            {
                  "doc_url": "https://gallica.bnf.fr/ark:/12148/bpt6k6153043h",
                  "emotions": [
                        "disgust"
                  ],
                  "excerpt": "( 25 juin 1823 ) .POUDRETTE ; très mauvaise odeur , lre cl .( 15 octobre 1810 ) .",
                  "id": "13",
                  "title": "Traité des établissements dangereux, insalubres ou incommodes, par St.-Ch. Clérault,..."
            },
            {
                  "doc_url": "https://gallica.bnf.fr/ark:/12148/bpt6k9758191j",
                  "emotions": [
                        "disgust"
                  ],
                  "excerpt": "apparence que ce .qui rend cGft odeurs agréables ou déiagréables est la disseren - - ce des ébranlemens excités par ces mêmes particules .Quant à l ' humeur lymphatique fournie par les glandes de la membrane pitui - taire , elle estnéceffaire pour que l ' organe soit maintenu dans l ' état qui convient pour être ébranlé parles corpuscules des corps odoriférans ; & même pour modérer la trop grande impression de l ' air qui pasle continuellement par le nez .",
                  "id": "14",
                  "title": "Abrégé de l'anatomie du corps humain. Tome 2 / , où l'on donne une description courte & exacte des parties qui le composent, avec leurs usages. Par M.*** chirurgien-juré de Paris. Troisiéme édition, revûë & corrigée. Tome premier [-second]"
            },
            {
                  "doc_url": "https://gallica.bnf.fr/ark:/12148/bpt6k6153043h",
                  "emotions": [
                        "disgust"
                  ],
                  "excerpt": "( idem ) .SUCRE ( fabriques de ) ; odeur très désagréable et danger dû feu , 2e cl .( 27 janvier 1837 ) .",
                  "id": "15",
                  "title": "Traité des établissements dangereux, insalubres ou incommodes, par St.-Ch. Clérault,..."
            },
            {
                  "doc_url": "https://gallica.bnf.fr/ark:/12148/bpt6k6472985x",
                  "emotions": [
                        "disgust"
                  ],
                  "excerpt": "Il est difficile de s ' imaginer la malpropreté qui régnait dans la chambre qui constituait à elle seule fout le logement .En y entrant , on était suffoqué par une odeur nauséabonde , infecte .Au bout de six à huit mois de séjour à Conimciitry , la mère fut affectée d ' abcès multiples qui la tinrent plus d ' un an au lit .",
                  "id": "16",
                  "title": "Hygiène des ouvriers mineurs dans les exploitations houillères / par le Dr A. Riembault,..."
            },
            {
                  "doc_url": "https://gallica.bnf.fr/ark:/12148/bpt6k6515176q",
                  "emotions": [
                        "disgust",
                        "annoyance"
                  ],
                  "excerpt": "Fromages ( Dépôts de ) .Odeur très désagréable .3 .",
                  "id": "17",
                  "title": "Supplément au Bulletin des lois contenant les lois, les traités diplomatiques..."
            },
            {
                  "doc_url": "https://gallica.bnf.fr/ark:/12148/bpt6k58187218",
                  "emotions": [
                        "disgust"
                  ],
                  "excerpt": "De forme elliptique , elles ont environ a centimètres de longsur un de large .Leur odeur est spéciale , et leur saveur d ' une amertume désagréable .Les deux épidémies sont recouverts d ' une cuticule épaisse .",
                  "id": "18",
                  "title": "Atlas de photomicrographie des plantes médicinales par Dr L. Braemer,... et Dr A. Suis,... 75 planches en simili-gravure"
            },
            {
                  "doc_url": "https://gallica.bnf.fr/ark:/12148/bpt6k58180154",
                  "emotions": [
                        "disgust"
                  ],
                  "excerpt": "Celui - ci , qui est depuis des siècles , à Smyrne , àConslanlinopleetenEgypte , l ' objet d ' une industrie aussi lucrative pour ceux qui l ' exercent que funeste aux malheureux qui en consomment les produits , nous est expédié en masses de k à 500 grammes el de formes diverses , suivant le lieu spécial de leurprovenance .il est brun , noirâtre ou rougeâtre , à cassure luisante lorsqu ' il est pur , d ' une odeur vireuse , d ' une saveur amôre et nauséabonde ..",
                  "id": "19",
                  "title": "Systématisation pratique de la matière médicale homoeopathique, par A. Teste,..."
            },
            {
                  "doc_url": "https://gallica.bnf.fr/ark:/12148/bpt6k6515176q",
                  "emotions": [
                        "disgust",
                        "annoyance"
                  ],
                  "excerpt": "sal , ub , reset d , anger d , u du ) saiui ) res et dan g er du feu .Débris d ' animaux ( Dé - Odeur très désagréable .ire Omis 9 OmTis ^ àu déc ^ rei de iSi1o \" pots , etc , de ) .",
                  "id": "20",
                  "title": "Supplément au Bulletin des lois contenant les lois, les traités diplomatiques..."
            }
      ]
}