{
      "articles": [
            {
                  "doc_url": "https://gallica.bnf.fr/ark:/12148/bpt6k61009706",
                  "emotions": [
                        "disgust"
                  ],
                  "excerpt": "juxtà ) ; Virg .exhalant une odeur forte .Ce ' sont des heilénismes .",
                  "id": "1",
                  "title": "Grammaire latine raisonnée... par F.-A.-P. Béranger,..."
            },
            {
                  "doc_url": "https://gallica.bnf.fr/ark:/12148/bpt6k6549038r",
                  "emotions": [
                        "disgust"
                  ],
                  "excerpt": "— Nom vulgaire , Angusture vraie , cusparé .Cette écorce est en plaques plus ou moins larges , roulées , minces sur les bords : épiderme gris jaunâtre ; cassure compacte , résineuse , d ' une teinte brun jaunâtre ; saveur amère , nauséeuse , un peu âcre et piquante .Comme nous le verrons plus tard , il est possible de confondre l ' Angusture vraie avec l ' Angusture fausse , qui est un poison violent ; mais l ' Angusture vraie se reconnaît facilement à son écorce toujours mince , peu rugueuse , à sa face intérieure plus ou moins rosée , et à ses bords taillés en biseau , enfin à ce que l ' acide nitrique ne la colore pas en rouge , coloration qui se produit avec l ' Angusture fausse , et qu ' elle doit à la brucine qu ' elle contient ; aussi sa saveur est - elle très - amère .",
                  "id": "2",
                  "title": "Traité de thérapeutique et de matière médicale. Tome 2 / par A. Trousseau,... et H. Pidoux"
            },
            {
                  "doc_url": "https://gallica.bnf.fr/ark:/12148/bpt6k65802892",
                  "emotions": [
                        "disgust",
                        "fear",
                        "desire"
                  ],
                  "excerpt": "Il revoit en imagination l ' ombre du caissier qui l ' a perdu .Il est là , étendu sur ces planches ; il voudrait échapper à cet amas d ' hommes , affreux dans leur sommeil de brute , plus affreux dans le blasphème du réveil ; il voudrait échapper à ces miasmes infects que répand dans la salle cette masse humaine dont on a peur .Sa pensée devient de plus en plus haineuse .",
                  "id": "3",
                  "title": "Blanche et noire (3e édition) / par Mme de Stolz ; ouvrage illustré de 54 vignettes par Emile Bayard"
            },
            {
                  "doc_url": "https://gallica.bnf.fr/ark:/12148/bpt6k206556k",
                  "emotions": [
                        "disgust",
                        "doubt"
                  ],
                  "excerpt": "Le L .? ' K6 ~ e possède à l ' état frais une odeur pénétrante et désagréable , qui passe pour éloigner les punaises .C ' est également un fébrifuge dont la médecine populaire fait emploi , dans certains pays , comme Fig .",
                  "id": "4",
                  "title": "La terre. Le monde des plantes. 1 / par Paul Constantin,..."
            },
            {
                  "doc_url": "https://gallica.bnf.fr/ark:/12148/bpt6k9759219g",
                  "emotions": [
                        "disgust"
                  ],
                  "excerpt": "Cette douleur aïant rcsïlté à tous les remedes que l ' on jugea à propos d ' emploïer , dans l ' intention d , : : la dilli - per ; ) ou du moins de la diminuer 3 sans qu ' il parût rien , sinon ce qui est fort ordinaire 3 à l ' égard des vuidanges j qui coulèrent , autant bien , & aussi long - tems ique la malade avoit coutume de les avoir avant cette .derniere grossessè , làns avoir foé accompagnées d ' aucune mauvaise odeur 3 ni .d ' aucun autre accident - , en - sorte que six semaines après l ' accouchement 3 la : nature repnit ion cours ordinaire dans la même quantité , 8c aussi long - tems qu ' elle faisoit avant la gros - fesle .",
                  "id": "5",
                  "title": "Traité complet de chirurgie, contenant des observations & des reflexions sur toutes les maladies chirurgicales, & sur la maniere de les traiter. Tome 1 / . Par M. Guillaume Mauquest, sieur de La Motte,... Seconde edition..."
            },
            {
                  "doc_url": "https://gallica.bnf.fr/ark:/12148/bpt6k9751252m",
                  "emotions": [
                        "disgust"
                  ],
                  "excerpt": "Il en fit les honneurs & m ' en présenta un verre tout fumant , dont l ' odeur , la couleur , & le goût me caulèrent une égale répugnance .Cette Eau paroit blanchâtre , comme si l ' on y avoit délayé du savon ; elle a une certaine odeur fade de de lessive & de souphre , que l ' on prendroit pour une odeur d ' œuts pourris .Elle a tout à la fois quelque chose d ' ondueux & de salé sur la langue , & tout cesci joint au degré de chaleur auquel on la prend , est capable de rebuter le palais le moins délicat .",
                  "id": "6",
                  "title": "Amusemens des eaux d'Aix-la-Chapelle. Tome 1 / . Ouvrage utile a ceux qui vont y prendre les bains, ou qui sont dans l'usage de ses eaux. Enrichi de tailles-douces, qui représentent les vues & perspectives de cette ville, de ses bains & fontaines, eglises & edifices publics. Par l'auteur des Amusemens des eaux de Spa. Tome premier [-troisieme]"
            },
            {
                  "doc_url": "https://gallica.bnf.fr/ark:/12148/bpt6k204945j",
                  "emotions": [
                        "disgust"
                  ],
                  "excerpt": "En cette saison , au commencement de l ' été , l ' eau des plulesdeprintemps , non absorbée encoreparl ' évaporation , forme dans la pierre de vastes et profonds réservoirs déjà fortement saumâtres ; après les grandes chaleurs , à l ' automne , tous ces étangs sont desséchés , et on n ~ a d ' autre ressource que les puits creusés de distance en distance aux stations .A Ou ~ a - ~ otfdottA , nous avions tous remarqué le goût sulfureux de l ' eau qu ' on nous donnait à boire , à FeM - ~ o ' uAor , ce goût devenu insupportable saisissait la gorge et le nez .« Je m ' habitue au désert ; voici quelques jours que je couche sous la tente , et il me semble que j ' ai toujours vécu ainsi .",
                  "id": "7",
                  "title": "Voyage en Chine et en Mongolie de M. de Bourboulon, ministre de France et de madame de Bourboulon, 1860-1861 / par M. Achille Poussielgue"
            },
            {
                  "doc_url": "https://gallica.bnf.fr/ark:/12148/bpt6k76775p",
                  "emotions": [
                        "disgust",
                        "boredom"
                  ],
                  "excerpt": "Corrosif .Odeur piquante .AcMeaeéttqM .",
                  "id": "8",
                  "title": "Le vade-mecum du médecin-expert : guide médical ou aide-mémoire de l'expert, du juge d'instruction, des officiers de police judiciaire, de l'avocat / par A. Lacassagne,..."
            },
            {
                  "doc_url": "https://gallica.bnf.fr/ark:/12148/bpt6k61147983",
                  "emotions": [
                        "disgust",
                        "disapproval",
                        "pride",
                        "faith",
                        "guilt"
                  ],
                  "excerpt": "Que l ' incrédulité , réduite à se soumettre , Entre le ciel et toi n ' ose plus s ' entremettre ; Elève tes regards vers l ' astre radieux Qui brillait sur le front de tes nobles ayeux .Sous Clovis et Louis , ta marche triomphante Aux ennemis du Christ imprimait l ' épouvante ; Arme sans plus tarder ce bras toujours chrétien , De l ' autel et du trône autrefois le soutien ; Prends avec l ' athéisme une hostile attitude , Ou plutôt , de mépris couvrant sa turpitude , Au gré de son erreur laisse vivre chacun : L ' odeur cadavéreuse infecte le parfum .De même la vertu que trop d ' ardeur enflamme Au zèle inquisiteur n ' emprunte que le blâme : A Dieu seul appartient le droit d ' anéantir Ceux que n ' a pu toucher le tardif repentir .",
                  "id": "9",
                  "title": "La Voix du désert, ou les Polémiques, par Philibert-Benoît Favre,..."
            },
            {
                  "doc_url": "https://gallica.bnf.fr/ark:/12148/bpt6k9665602c",
                  "emotions": [
                        "disgust"
                  ],
                  "excerpt": "— Contrairement à ce qui a lieu pour la cystite aiguë , les occasions ne manquent pas d ' étudier à l ' amphithéâtre les lésions de la cystite chronique .A l ' ouverture de la vessie il s ' échappe un liquide composé d ' urine et de pus plus ou moins épais , gris - jaunâtre , ammoniacal , exhalant une odeur repoussante ; il se détache difficilement de la muqueuse et il faut laver soigneusement l ' intérieur du viscère pour en bien voir la face interne .Comme dans la cystite aiguë les lésions occupent le trigone et le bas - fond et sont groupées surtout autour des orifices ( les uretères et de l ' urètre - En ces points la muqueuse présente une coloration rouge grisâtre ou gris ardoisé avec des plaques ecchymotiques , rouges sombres et noirâtres .",
                  "id": "10",
                  "title": "Précis des maladies des voies urinaires (2e édition, revue...) / par A. Pousson,..."
            },
            {
                  "doc_url": "https://gallica.bnf.fr/ark:/12148/bpt6k57835365",
                  "emotions": [
                        "disgust"
                  ],
                  "excerpt": "On tenta quelques essais à l ' Hôtel - Dieu en se servant de la .térébenihiue ; mais on les suspendit à cause de l ' odeur désagréable qu ' elle répandait dans la salle .i ; Onlevoit le copeau est nécessaire et rien ne .",
                  "id": "11",
                  "title": "Notice sur l'emploi médical des bains de vapeur térébenthinée, à domicile, contre les affections rhumatismales, goutteuses, catarrhales, glandulaires, par le Dr Chevandier,..."
            },
            {
                  "doc_url": "https://gallica.bnf.fr/ark:/12148/bpt6k5773215p",
                  "emotions": [
                        "disgust"
                  ],
                  "excerpt": "Quelques hommes , au lieu de la redingote , arborent par - dessus leur pareu une chemise qui flotte au vent comme une bannière toute blanche .Le parfum détestable du monoï imprègne l ' atmosphère d ' une senteur forte .Le ciel est pur et rien dans cette nuit de décembre ne rappelle à l ' Européen égaré en ces climats que l ' année touche à sa fin .",
                  "id": "12",
                  "title": "La Nouvelle Cythère, par Monchoisy"
            },
            {
                  "doc_url": "https://gallica.bnf.fr/ark:/12148/bpt6k96035495",
                  "emotions": [
                        "disgust"
                  ],
                  "excerpt": "Asperula odorata , L ., aspérule odorante .- Asperula cynanchica , L .",
                  "id": "13",
                  "title": "Traité des végétaux qui composent l'agriculture : contenant les caractères les plus saillants, les différences, qualités et usages de tous les végétaux, notamment des espèces peu connues et dont la naturalisation présente des avantages, suivi de considérations sur les semis et les plantations, et de l'indication, pour chaque mois, des travaux et semis à faire dans les jardins, les prés, les champs et les bois (2e éd.) / par Ce Tollard aîné,..."
            },
            {
                  "doc_url": "https://gallica.bnf.fr/ark:/12148/bpt6k45164772",
                  "emotions": [
                        "disgust",
                        "greed"
                  ],
                  "excerpt": ".C ’ était là le vol flagrant , le vol puant ! Cette affaire aurait dû mener en Cour d ’ assises toute une bande de tripotiers .Le croupier seul fut condaniné à une peine assez légère ! Dans notre prochain numéro , nous parlerons du coup mir .",
                  "id": "14",
                  "title": "Études sociales et notes financières dans les ruines : journal paraissant tous les mois"
            },
            {
                  "doc_url": "https://gallica.bnf.fr/ark:/12148/bpt6k5737283n",
                  "emotions": [
                        "disgust"
                  ],
                  "excerpt": "LE PREMIER BOURGEOIS .Santeur ne fust jamais transmise , N ' odeur si odoriftérant .LE SECOND BOURGEOIS .",
                  "id": "15",
                  "title": "Le mystère des trois doms, joué à Romans en MDIX / [par le chanoine Pra] ; publié d'après le manuscrit original, avec le compte de sa composition, mise en scène et représentation, et des documents relatifs aux représentations théâtrales en Dauphiné du XIVe au XVIe siècle par feu Paul-Emile Giraud,... et Ulysse Chevalier,..."
            },
            {
                  "doc_url": "https://gallica.bnf.fr/ark:/12148/bpt6k5608154t",
                  "emotions": [
                        "disgust",
                        "fear",
                        "nervousness",
                        "pain"
                  ],
                  "excerpt": "Partout du sang , des vêtements en lambeaux , des débris d ' équipement .Une odeur acre prend à la gorge .Les infirmières et les brancardiers mettent les lits à l ' air , lavent les chambres à grande eau et les désinfectent .",
                  "id": "16",
                  "title": "Un village lorrain pendant les mois d'août et septembre 1914 : Réméréville / C. Berlet"
            },
            {
                  "doc_url": "https://gallica.bnf.fr/ark:/12148/bpt6k5452390d",
                  "emotions": [
                        "disgust",
                        "fear",
                        "nervousness"
                  ],
                  "excerpt": "Je monte une rue , j ' en descends une autre .Une odeur pestilentielle m ' arrive .Cette lumière , ce sont les bûchers .",
                  "id": "17",
                  "title": "Nous avons fait un beau voyage / Francis de Croisset"
            },
            {
                  "doc_url": "https://gallica.bnf.fr/ark:/12148/bpt6k54735951",
                  "emotions": [
                        "disgust"
                  ],
                  "excerpt": "Il faut bien le reconnaître , la poudre sternutatoire est en décadence .On a trouvé qu ' elle détruisait l ' odorat et transformait le nez en un cloaque infect .L ' hygiène est intervenue et la propreté a fait la guerre à la prise .",
                  "id": "18",
                  "title": "De tout un peu, derniers mélanges / Paul Eudel ; avec préface de M. Olivier de Gourcuff"
            },
            {
                  "doc_url": "https://gallica.bnf.fr/ark:/12148/bpt6k202556g",
                  "emotions": [
                        "disgust"
                  ],
                  "excerpt": "Sa fleur même , petite et d ' un rose sale , n ' a rien de séduisant et n ' invite point à la cueillir .Toute la plante exhale une odeur forte , vircusc et désagréable .Par quelles circonstances bizarres les hommes ses compatriotes ontils été conduits à lui donner cette destination singulière dont ils ne se sont avisés pour aucune autre ? Pour moi , il est .",
                  "id": "19",
                  "title": "Voyage scientifique autour de ma chambre / par M. Arthur Mangin ; avec une préf.-anecdote par M. Pitre-Chevalier"
            },
            {
                  "doc_url": "https://gallica.bnf.fr/ark:/12148/bpt6k6208110w",
                  "emotions": [
                        "disgust",
                        "anger",
                        "fear",
                        "annoyance",
                        "courage"
                  ],
                  "excerpt": "Ils n ' avaient eu , de leur côté , qu ' une courte stupeur .Lâchant leurs proies captives , dégainant leurs rapières et arrachant aux foyers des branchages fumants , ils se ruèrent tous sur le bandit , tandis que Rogero criait exaspéré : — Tuez , sangdieu ! tuez le sorcier , canailles ! Tuez , chiens d ' hommes ! Tuez , tuez , tuez ! par tous les poils de la barbe de saint Pancrace ! Cependant une odeur âcre flottait dans l ' air .Il semblait que l ' atmosphère s ' emplît d ' exhalaisons d ' étoupes brûlées .",
                  "id": "20",
                  "title": "L'aventure de Perdita / par Maurice Talmeyr & Alfred Gassier"
            }
      ]
}