{
      "articles": [
            {
                  "doc_url": "https://gallica.bnf.fr/ark:/12148/bpt6k6541103d",
                  "emotions": [
                        "disgust"
                  ],
                  "excerpt": "Celle - ci se reculait , un peu effrayée .La fumée des pipes , l ' odeur forte de tous ces hommes , montaient dans l ' air chargé d ' alcool ; et elle étouffait , prise d ' une petite toux .– Oh ! c ' est vilain de boire ! dit - elle à demi - voix .",
                  "id": "1",
                  "title": "L'assommoir. Edition 3 / par Émile Zola"
            },
            {
                  "doc_url": "https://gallica.bnf.fr/ark:/12148/bpt6k6149204p",
                  "emotions": [
                        "disgust"
                  ],
                  "excerpt": "7 .odeur acide ■ ( 0 .aciius ) } Elle est bien distincte pai * Codeur piquante et fraîche qu ' elle donné ; niais elle est toujours réunie avec une partie aromatique d ' une autre nature , comme on le voit ' dans l ' Armoise Estragon { Artemisia Dracunculus ) , dans la Tagète luisante ( Tagetes lucida ) , qui a l ' odeur dé vinaigre ' aromatisé .",
                  "id": "2",
                  "title": "Traité général de botanique, par A.-N. Desvaux,..."
            },
            {
                  "doc_url": "https://gallica.bnf.fr/ark:/12148/bpt6k54800146",
                  "emotions": [
                        "disgust"
                  ],
                  "excerpt": "— Ses peaux réunies et confectionnées en calottes passent aussi pour préserver des convulsions les enfants qui les portent .Sa chair imprégnée d ' une odeur assez forte répugne aux chiens même très acharnés à la rechercher , ils se contentent de la tuer ; les chats n ' y touchent pas non 108 LES MAMMIFÈRES DE LA FRANCE plus , c ' est ce qui permet de l ' empoisonner et de s ' en servir sans danger comme véhicule de poison contre les Loups et les Renards .Son pelage , doux , serré , très luisant et égal , qui présente l ' apparence du velours , par suite de la position presque verticale des poils sur le corps , n ' est pas aussi employée en pelleterie qu ' il mériterait de l ' être .",
                  "id": "3",
                  "title": "Les mammifères de la France : enseignement populaire et pratique : étude générale de toutes nos espèces considérées au point de vue utilitaire / Aimé Bouvier,..."
            },
            {
                  "doc_url": "https://gallica.bnf.fr/ark:/12148/bpt6k1416695t",
                  "emotions": [
                        "disgust",
                        "annoyance",
                        "boredom",
                        "indifference"
                  ],
                  "excerpt": "Sur le liquide surnage une mousse très épaisse , brune foncée , avec une grande quantité de bile .Odeur fade et aigre .Dans la journée , potages , bouillon et vin .",
                  "id": "4",
                  "title": "Recherches sur la mort du Cte de Chambord, erreur de diagnostic, la vérité sur sa maladie, par le Dr Rézard de Wouves,..."
            },
            {
                  "doc_url": "https://gallica.bnf.fr/ark:/12148/bpt6k9797659v",
                  "emotions": [
                        "disgust",
                        "anger",
                        "pain"
                  ],
                  "excerpt": "2 ° Dans le .gaz inflammable , ils se réduisent en un i ' fluide sanguinolent , putride .3 ° Au soleil , et sous le sable , ils se dessèchent .",
                  "id": "5",
                  "title": "Institutions de physique. Tome 1 / , par B. G. Sage,..."
            },
            {
                  "doc_url": "https://gallica.bnf.fr/ark:/12148/bpt6k3044095d",
                  "emotions": [
                        "disgust"
                  ],
                  "excerpt": [
                        "Lorfqu ' il marche , fa queue traîne derrière lui .La chait de ces animaux jette une forte odeur de mufc ; fur - tout quatre glandes , deux de - fquelles viennent dans , l ' aine , près de chaque cuiffe , 8c les deux autres vers la poitrine , fur chaque jambe de devant .Elles font de la grolfeur d ' un œuf de jeune poule .",
                        "ARINDRAUTO ( Y ) eft un arbre de Madagafcar , A R M .; Madagafcar , dont le bois rend une excellente odeur au feu , lorlqu ' il eft pourri .ARM AD1LLE ou TATOU , ( P ) animal fingulier de l ' Amérique méridionale ."
                  ],
                  "id": "6",
                  "title": "Dictionnaire des voyages, contenant ce qu'il y a de plus remarquable, de plus utile, & de mieux avéré, dans les pays où les voyageurs ont pénétré : touchant leur situation, leur étendue, leurs limites, leur climat... avec les moeurs et les usages des habitans, leur religion... &c.. I. A-B"
            },
            {
                  "doc_url": "https://gallica.bnf.fr/ark:/12148/bpt6k6530225r",
                  "emotions": [
                        "disgust"
                  ],
                  "excerpt": "Ajoutez qu ' en la dysenterie , il y a des douleurs , & tranchées de ventre , au contraire au flux hépatique , il n ' y a aucune douleur .F Quant aux signes des causes , ils doivent être diflingués par leurs propres caratteres ; car si l ' intemperie chaude du foye a causé cette foiblesse & atonie , des ifèvres ardentes & colliquatives ont précédé , ou des vomissemens erugineux , ou des déjeaions de cette nature , le malade a fois , & la liévre , le corps est aride , le malade est dégoûté , & les déjections font fort puantes .Si au contraire une intemperie froide a produit ce flux hépatique , les déjeétions font moins puantes , il n ' y a ny fois , ny colliquation , tout le corps devient plus froid , & teint d ' une couleur livide .",
                  "id": "7",
                  "title": "La pratique de médecine, avec la théorie de Lazare Rivière. Tome 1 / ,... traduite... en françois par M. F. Deboze,... Nouvelle édition, revue, corrigée, sur le latin"
            },
            {
                  "doc_url": "https://gallica.bnf.fr/ark:/12148/bd6t5374996j",
                  "emotions": [
                        "disgust"
                  ],
                  "excerpt": "J ’ en retire deux verrées au moins , à l ’ aide d ’ une très - grosse seringue avec laquelle je fais l ’ aspiration .Ce liquide présente une odeur des plus fétides .Je me décide à faire une contre - ouverture dans le point le plus reculé de ce cul - de - sac que je puis atteindre .",
                  "id": "8",
                  "title": "Clinique chirurgicale de l'Hôtel-Dieu de Lyon / par A.-D. Valette,..."
            },
            {
                  "doc_url": "https://gallica.bnf.fr/ark:/12148/bpt6k6566997b",
                  "emotions": [
                        "disgust"
                  ],
                  "excerpt": "Dans l ' une d ' elles il y avait une petite fleur rouge incarnat qui exhalait absolument la même odeur que le breuvage qu ' il avait bu lors de son entrée chez la vieille .Le parfum lui excita même si fort l ' odorat , qu ' il se mit à éternuer violemment , et , à force d ' éternuer , il .s ' éveilla .",
                  "id": "9",
                  "title": "Au pays des féeries : quarante contes empruntés au domaine du merveilleux..."
            },
            {
                  "doc_url": "https://gallica.bnf.fr/ark:/12148/bpt6k62273310",
                  "emotions": [
                        "surprise",
                        "disgust"
                  ],
                  "excerpt": "On revient en toute diligence , on enfonce les portes .L ' odeur fétide sert de guide , on entre dans la chambre , et l ' on est saisi d ' horreur en voyant sur le lit un cadavre déjà défiguré .On le reconnaît à peine pour celui du mari ; près de lui sa femme expirée , et sur le sein de cette malheureuse mère , l ' enfant qui pour chercher du lait avait déjà rongé la mamelle .",
                  "id": "10",
                  "title": "Relation historique des malheurs de la Catalogne, ou Mémoires de ce qui s'est passé à Barcelone en 1821, pendant que la fièvre jaune y a exercé ses ravages ,... par D.-M.-J. Henry,..."
            },
            {
                  "doc_url": "https://gallica.bnf.fr/ark:/12148/bpt6k64818666",
                  "emotions": [
                        "disgust",
                        "annoyance"
                  ],
                  "excerpt": ") Équarrissage .Odeur très désagréable .- ( 15 octobre 1810 , 14 janvier 1815 .",
                  "id": "11",
                  "title": "Hygiène publique / travaux... résumés par Évariste Thévenin,... ; Conseil de salubrité de la Seine"
            },
            {
                  "doc_url": "https://gallica.bnf.fr/ark:/12148/bpt6k64818666",
                  "emotions": [
                        "disgust",
                        "annoyance"
                  ],
                  "excerpt": "Calcillation d ' os .Odeur très désagréable de matières animales brûlées portées à une grande distance .— ( 9 février 1825 .",
                  "id": "12",
                  "title": "Hygiène publique / travaux... résumés par Évariste Thévenin,... ; Conseil de salubrité de la Seine"
            },
            {
                  "doc_url": "https://gallica.bnf.fr/ark:/12148/bpt6k5821982r",
                  "emotions": [
                        "disgust"
                  ],
                  "excerpt": "particulier ' ' les trois bacilles , désignés sous les u ' \" 1 , 2 et ' A , dont ' les doux premiers forment avec le luit do l ' aeido lactique cl dont le 3 \" no coagule pas le lait et lo transforme on un liquide jnuno brun .Us ont rencontré égaleineutle n \" 5 qui transforme aussi le lait sans le coaguler en un ' liquide brun devenant presque noir avec lo temps et ' répandant une odeur nauséeuse .Miller , .",
                  "id": "13",
                  "title": "De l'antisepsie appliquée au traitement des affections parasitaires de la bouche et des dents : rôle des micro-organismes dans ces affections / par le Dr Théodore Thomas,..."
            },
            {
                  "doc_url": "https://gallica.bnf.fr/ark:/12148/bpt6k64818666",
                  "emotions": [
                        "disgust"
                  ],
                  "excerpt": ") Koir minéral ( Carbonisation et préparation de schistes bitumineux pour fabriquer le ) .Mauvaise odeur .— ( 31 mai 1833 .",
                  "id": "14",
                  "title": "Hygiène publique / travaux... résumés par Évariste Thévenin,... ; Conseil de salubrité de la Seine"
            },
            {
                  "doc_url": "https://gallica.bnf.fr/ark:/12148/bpt6k9773798h",
                  "emotions": [
                        "disgust",
                        "pain",
                        "embarrassment"
                  ],
                  "excerpt": "Le gaz muriatique oxigéné a une couleur jaune foncée .une odeur fétide et piquante ; il diminue et rougit la flamme des bougies sans l ' éteindre .Il est plus léger que l ' air commundans la proportion de 2470 à 1000 .",
                  "id": "15",
                  "title": "Traité complet et élémentaire de physique, présenté dans un ordre nouveau, d'après les découvertes modernes. Edition 2,Tome 2 / ; par Antoine Libes. Deuxième édition, revue, corrigée et considérablement augmentée par l'auteur. Tome premier [-Tome troisième]"
            },
            {
                  "doc_url": "https://gallica.bnf.fr/ark:/12148/bpt6k9822799g",
                  "emotions": [
                        "disgust"
                  ],
                  "excerpt": "67 - Cet agaric croît , en octobre et en novembre , sur les troncs d ' arbres et particulièrement sur les ormes languissans ; son pédicule est cylindrique , toujours arqué pour tenir le chapeau dans une situation horizontale , nu , d ' un blanc sale ou grisâtre , long de trois à quatre pouces , charnu , plein , épais et ferme , continu avec la chair du chapeau auquel il s ' insère un peu latéralement ; celui - ci peut acquérir jusqu ' à douze et quinze pouces de diamètre , mais le plus sou - vent il n ' en a que cinq à sept : il est convexe , arrondi , d ' un jaune terreux : dans la vieillesse il est quelquefois tacheté de petites raies rouges ou noires ; ses lamelles sont nombreuses , larges , inégales , échancrées à leur base , adhérentes au pédicule , d ' abord blanchâtres , ensuite d ' un jaune sale .Sa chair , dont la consistance est ferme et compacte , a une odeur agr ' éable .Comestible .",
                  "id": "16",
                  "title": "Guide de l'amateur de champignons, ou Précis de l'histoire des champignons alimentaires, vénéreux, et employés dans les arts, qui croissent sur le sol de la France ... Par F.-S. Cordier,..."
            },
            {
                  "doc_url": "https://gallica.bnf.fr/ark:/12148/bpt6k6149204p",
                  "emotions": [
                        "disgust"
                  ],
                  "excerpt": "siercorarius ) .Peu de végétaux offrent cette ' désagréable odeur .On la rencontre dans les fleurs du Câprier de Breyn , dans le Sterculier , le Pirigara et dans le fruit du jacquier ( Artocarpusintegrifolia ) .",
                  "id": "17",
                  "title": "Traité général de botanique, par A.-N. Desvaux,..."
            },
            {
                  "doc_url": "https://gallica.bnf.fr/ark:/12148/bpt6k5493888g",
                  "emotions": [
                        "disgust",
                        "disapproval",
                        "greed",
                        "doubt"
                  ],
                  "excerpt": "Partout du servilisme encourageant la honte , Il peut dire à quel taux le déshonneur s ' escompte , Combien il faut d ' argent aux coffres de l ' état , Pour convertir un homme au rôle d ' apostat ; ■ ' 7 Comment , à la bassesse ajoutant l ' avarice , On s ' amasse un trésor , qui jamais ne tarisse • Par quel adroit prestige on leurre un député , Qui s ' érige eiiBrUtus et veut l ' égalité ; Comment on le désarme , et comment une placé Dans son réseau dore l ' enchevêtre et l ' enlace ; De quel masque couvrant quelque honteux moyen , On gagne un électeur , candide citoyen , Et comment cette voix , dans l ' urne aléatoire , Donne au Juste - Milieu son infâme victoire .Hé bien , ce n ' est pas tout : corrupteur au dedans , Il est vil au dehors , et partout ses agens , Entraînés dans Tégout de ses ignominies , Exhalent une odeur digne des gémonies .Brave en faée dû faible et lâche avec le fort , Il flatte bassement l ' autocrate du Nord .",
                  "id": "18",
                  "title": "La réforme : appel à tous / discours en vers, par Jules Baget"
            },
            {
                  "doc_url": "https://gallica.bnf.fr/ark:/12148/bpt6k9797659v",
                  "emotions": [
                        "disgust"
                  ],
                  "excerpt": "On trouve , en Suède , du spath calcaire strié noirâtre , pénétré de pétrole ; on a donné à ce spath le nom de pierre - porc , * mais il ne faut pas le confondre avec le marbre spatheux bleuâtre , qui répand , lorsqu ' on le frotte , une odeur fétide , semblable à celle de l ' urine de chat , ce qui l ' a fait nommer lapis felinus , et pierre - porc .Ce marbre cristallin , puant , a été employé pour faire des tombeaux et des effigies de saint : peut - être a - t - on eu pour but leur conservation , car , lorsqu ' on vient à frotter ou à frapper cette pierre , il s ' en dégage une odeur de foie de soufre décomposé qui est insupportable .Il y avait , dans l ' église de Saint - Hilaire , à Poitiers , un grand tombeau fait avec cette pierre - porc cristalline - bleuâtre : on fut obligé de l ' enlever , parce que les paroissiens disaient e ( qu ' il n ' y avait que le corps d ' un damné qui pût communiquer une si mauvaise odeur .",
                  "id": "19",
                  "title": "Institutions de physique. Tome 1 / , par B. G. Sage,..."
            },
            {
                  "doc_url": "https://gallica.bnf.fr/ark:/12148/bpt6k6149204p",
                  "emotions": [
                        "disgust"
                  ],
                  "excerpt": "3 .odeur myrrhïque ( 0 .myrrhicus ) .",
                  "id": "20",
                  "title": "Traité général de botanique, par A.-N. Desvaux,..."
            }
      ]
}