{
      "articles": [
            {
                  "doc_url": "https://gallica.bnf.fr/ark:/12148/bpt6k11707727",
                  "emotions": [
                        "disgust",
                        "anger",
                        "annoyance"
                  ],
                  "excerpt": ".Danger d ’ incendie Odeur Odeur et fumée Idem ..",
                  "id": "1",
                  "title": "Guide pratique de l'administration française / par A. Andréani,..."
            },
            {
                  "doc_url": "https://gallica.bnf.fr/ark:/12148/bd6t53702811",
                  "emotions": [
                        "disgust"
                  ],
                  "excerpt": ".Son odeur d ’ œuf pourri ne convient pas à tout le monde .Peu usité .",
                  "id": "2",
                  "title": "Nouveau manuel complet du vétérinaire : à l'usage des fermiers et des propriétaires d'animaux domestiques, contenant les principales maladies et leurs remèdes, âge, alimentation, engraissement, soins à donner aux animaux reproducteurs, ventes, etc., ; suivi d'un Formulaire des principaux médicaments / par Paul Canal,..."
            },
            {
                  "doc_url": "https://gallica.bnf.fr/ark:/12148/bpt6k58204908",
                  "emotions": [
                        "disgust",
                        "love",
                        "gratitude"
                  ],
                  "excerpt": [
                        "Les Ângroecum sont dès herbes épiphytes communes k l ' île Bourbon ; les tiges portent de nombreuses racines adveiitiveS ; les feuilles sont alternes , légèrement embrassantes à la basé et articulées sût ' les rameaux ; les inflorescences sont souvent solitaires .L ' ANGILECUM ODORANT ( A .fragrans Thbuar .",
                        "Les inflorescences sont terminales et consistent en épis de glomérules , à glomérules interrompu s à la base .Cette plante répand une odeur aromatique pénétrante .C ' est un stomachique puissant et un antispasmodique efficace ; l ' essence est employée dans la confection des pastilles de Menthe poivrée ."
                  ],
                  "id": "3",
                  "title": "Manuel d'histoire naturelle médicale, par H. Bocquillon,..."
            },
            {
                  "doc_url": "https://gallica.bnf.fr/ark:/12148/bpt6k58204908",
                  "emotions": [
                        "disgust"
                  ],
                  "excerpt": [
                        "Les fleurs s ' épanouissent en Mai et Juin .Son rhizome , de la grosseur du doigt , est odorant ; il est connu en pharmacie sous le nom d ' Acore vrai et a été employé comme excitant et comme sudorifique .1 .",
                        "HYDROLÉACÉES .U01 Elles se distinguent du vrai Séné par leur épaisseur plus forte , par l ' absence de nervures transversales , par leur couleur vert blanchâtre , par leur surface chagrinée , par leur amertume plus prononcée , leur odeur nauséeuse , et , selon Guibourt , elles forment avec le sulfate de fer une coloration verte , avec un précipité gélatineux très - abondant .Les fruits sont de vrais follicules ovales , avec uue pointe allongée , contiennent des graines munies d ' aigrette et se distinguent facilement de la gousse ligneuse du Séné ."
                  ],
                  "id": "4",
                  "title": "Manuel d'histoire naturelle médicale, par H. Bocquillon,..."
            },
            {
                  "doc_url": "https://gallica.bnf.fr/ark:/12148/bpt6k58204908",
                  "emotions": [
                        "disgust"
                  ],
                  "excerpt": [
                        "Le bois a une .odeur de poivre .L ' écorce est parfois donnée comme fornique et stimulant .",
                        "Cette plante répand une odeur pénétrante , aromatique .Elle est employée comme expectorante ; on l ' emploie aussi pour préserver les étoffes de laine des ravages des teignes .L ' ANSÉRINE AMBROISIE ( C ."
                  ],
                  "id": "5",
                  "title": "Manuel d'histoire naturelle médicale, par H. Bocquillon,..."
            },
            {
                  "doc_url": "https://gallica.bnf.fr/ark:/12148/bpt6k58204908",
                  "emotions": [
                        "disgust",
                        "annoyance"
                  ],
                  "excerpt": [
                        "— Le MOUSSERON ( Agaricus albellus , DC .) diffère de l ' Agaric comestible par son chapeau d ' abord arrondi et convexe , puis en forme de cloche ; par son stipe épais , court , dépourvu de collerette ; par ses lames terminées en pointe ; par la blancheur éclatante de toutes ses parties ; par son odeur musquée .II croît au printemps , se montre par groupes dans les terrains incultes , sur les pelouses ; est très - commun dans l ' ouest et le midi delà France .",
                        ") est une plante vivace , à lige ligneuse , sarmenteuse , des haies , du bord des eaux , dont les fleurs violettes s ' épanouissent de Juin k Septembre .Les rameaux froissés exhalent une odeur désagréable .Les feuilles sont alternes , pétiolées , ovales - acuminées ; les supérieures présentent ordinairement trois segments , le supérieur est le plus développé ."
                  ],
                  "id": "6",
                  "title": "Manuel d'histoire naturelle médicale, par H. Bocquillon,..."
            },
            {
                  "doc_url": "https://gallica.bnf.fr/ark:/12148/bpt6k58204908",
                  "emotions": [
                        "disgust"
                  ],
                  "excerpt": [
                        "Les .fleurs ; , qui sont rouge foncé , exhalent une odeur comparable aux odeursréuhies de la pomme , et du melon .Le bois a une .",
                        "Les axes d ' inflorescence sont privés de feuilles .Cette plante répand une odeur pénétrante , aromatique .Elle est employée comme expectorante ; on l ' emploie aussi pour préserver les étoffes de laine des ravages des teignes ."
                  ],
                  "id": "7",
                  "title": "Manuel d'histoire naturelle médicale, par H. Bocquillon,..."
            },
            {
                  "doc_url": "https://gallica.bnf.fr/ark:/12148/bpt6k58204908",
                  "emotions": [
                        "disgust"
                  ],
                  "excerpt": [
                        "vulgaris , LindL ) , ou Bromelia ananas , L .) fournit un fruit composé , riche en sucre et en une matière aromatique quirappelle l ' odeur de la pomme , de la fraise et de la pêche ; il est usité aux Antilles contre la gravelle et les dyspepsies .Cultivé dans nos serres , l ' Ananas ne donne .",
                        "Les feuilles sont cordiformes , pétiolées , vertes en dessus , blanchâtres en - dessous .Cette plante exhale une odeur forte , aromatique .On l ' emploie comme stomachique , stimulante , carminalive , emménagogue ; elle est usitée pour faire des fumigations , des lotions ."
                  ],
                  "id": "8",
                  "title": "Manuel d'histoire naturelle médicale, par H. Bocquillon,..."
            },
            {
                  "doc_url": "https://gallica.bnf.fr/ark:/12148/bpt6k58204908",
                  "emotions": [
                        "disgust",
                        "boredom",
                        "disapproval"
                  ],
                  "excerpt": [
                        "Les carpelles sont stipités .Les fleurs répandent une odeur de Narcisse .Les Javanais s ' en servent comme aromates , en frictions .",
                        ") , ou Absinthe , Aloyne , est une plante vivace des lieux incultes , cultivée dans les jardins , qui fleurit de Juillet à Septembre .Elle est très - odorante .Les feuilles sont soyeuses sur les deux faces , argentées en dessous ."
                  ],
                  "id": "9",
                  "title": "Manuel d'histoire naturelle médicale, par H. Bocquillon,..."
            },
            {
                  "doc_url": "https://gallica.bnf.fr/ark:/12148/bpt6k58485719",
                  "emotions": [
                        "disgust"
                  ],
                  "excerpt": "fièvre continue ou rémittente .Il faut donc savoir arrêter à temps la cure , et on sera prévenu de l ' apparition prochaine des phénomènes d ' intolérance quand on constatera chez le malade un teint légèrement terreux , un sommeil agité , la perte de l ' appétit , la répugnance à respirer l ' odeur d ' hydrogène sulfuré , à tel point que le malade éprouve une certaine répulsion à aborder la buvette et surtout les salles d ' inhalation .Telles sont les diverses phases qui se succèdent dans la cure par les vapeurs inhalées ou humées .",
                  "id": "10",
                  "title": "Les Eaux sulfureuses dans les maladies chroniques du nez, de l'oreille, du pharynx et du larynx, par le Dr Henry Lajaunie,..."
            },
            {
                  "doc_url": "https://gallica.bnf.fr/ark:/12148/bpt6k373554w",
                  "emotions": [
                        "disgust",
                        "fear"
                  ],
                  "excerpt": "La charogne Foisonna .Son odeur faisait fuir les oiseaux .Napoléon avait répandu des ruisseaux De sang ; Guillaume deux en voulut des rivières .",
                  "id": "11",
                  "title": "Pour les âmes tendres, poésies / Camille-Gilbert Philirène"
            },
            {
                  "doc_url": "https://gallica.bnf.fr/ark:/12148/bpt6k933897m",
                  "emotions": [
                        "disgust",
                        "pain"
                  ],
                  "excerpt": "File attribue tous ces phénomènes à la faiblesse , à l ’ anémie .Son nez esl bourré de tabac à priser ; le pharynx en est tapissé .Celte personne présente un liséré bleu des gencives , une chute en tlexion des mains avec atrophie des muscles extenseurs des avant - bras et des muscles interosseux des mains .",
                  "id": "12",
                  "title": "Compte-rendu / publié sous la direction du Comité, par le Dr M. Lermoyez,..."
            },
            {
                  "doc_url": "https://gallica.bnf.fr/ark:/12148/bpt6k4222335p",
                  "emotions": [
                        "disgust"
                  ],
                  "excerpt": "Précipitons les événements .Trahi par son odeur , le Livarot est amené au grand air ; le choléra se déclare dans la rue ; la concierge réclame 427 millions de dommages et intérêts ; la bonne va se révanouir sous le trente - septième arbre à gauche , son maître la cherche encore , et sa maîtresse s ’ enfuit à Paris , où le ténor lui prodigue des cascades de notes ..",
                  "id": "13",
                  "title": "La Lanterne magique : illustrée de fond en comble / par A. Humbert"
            },
            {
                  "doc_url": "https://gallica.bnf.fr/ark:/12148/bpt6k5832184d",
                  "emotions": [
                        "disgust",
                        "nostalgia",
                        "amusement"
                  ],
                  "excerpt": "— À la santé de la fermière Hospitalière , Bonne surtout ! Je lui fis cette chansonnette Qu ' elle répète Depuis partout .Ah ! quelle bonne odeur de lard , Dans cette auberge Où l ' on n ' héberge Aucun richard ! ..",
                  "id": "14",
                  "title": "A la Grand'Pinte : poésies (2e édition très augmentée) / d'Auguste de Châtillon ; avec une préface de Théophile Gautier"
            },
            {
                  "doc_url": "https://gallica.bnf.fr/ark:/12148/bpt6k58248274",
                  "emotions": [
                        "disgust",
                        "pain"
                  ],
                  "excerpt": "Aller faire du fricandeau à Montpellier , c ' est mourir .Quand on a l ' haleine mauvaise , on fouette de la gueule , on renifle de l ' entonnoir .Le poltron est un type qui flasque dans son grimpant ; il , a , le foie blanc .",
                  "id": "15",
                  "title": "Les criminels : étude concernant 859 condamnés. Tome 1 / par le Dr Charles Perrier,..."
            },
            {
                  "doc_url": "https://gallica.bnf.fr/ark:/12148/bpt6k9306504",
                  "emotions": [
                        "disgust",
                        "disapproval"
                  ],
                  "excerpt": "Après la fructification , la tige tombe ; alors il s ’ élève des feuilles grandes et rondes , un peu dentelées , attachées chacune à un pétiole rond et charnu .Cette plante est d ’ une saveur âcre et amère .La consoude , plante nuisible , se reconnaît à ses tiges grosses , velues et rudes ; ses feuilles s ’ élèvent de la racine , d ’ au - 78 CAUSERIES CHAMPÊTRES .",
                  "id": "16",
                  "title": "Causeries champêtres : agriculture / par Pierre Bouilhac,..."
            },
            {
                  "doc_url": "https://gallica.bnf.fr/ark:/12148/bpt6k141456n",
                  "emotions": [
                        "disgust"
                  ],
                  "excerpt": ".Elle était obscure ; de son centre s ' échappait un éther nauséabond et méphytique ! ..",
                  "id": "17",
                  "title": "Une évasion : épisode de la guerre des Albigeois / par M. Théodore Revel,..."
            },
            {
                  "doc_url": "https://gallica.bnf.fr/ark:/12148/bpt6k6423213z",
                  "emotions": [
                        "disgust"
                  ],
                  "excerpt": "Cette espèce , qu ' il ne faut pas confondre avec l ' Ag .vaginatus , a la chair mince , blanche , une saveur vireuse prononcée , l ' odeur nauséabonde .Ses propriétés malfaisantes ont été constatées par M .",
                  "id": "18",
                  "title": "Les champignons : histoire, description, culture, usages des espèces comestibles, vénéneuses, suspectes employées dans les arts, l'industrie, l'économie domestique, la médecine (4e édition revue et augmentée) / par F.-S. Cordier,..."
            },
            {
                  "doc_url": "https://gallica.bnf.fr/ark:/12148/bpt6k6423213z",
                  "emotions": [
                        "disgust"
                  ],
                  "excerpt": "Les paysans des Landes sont , dit - on , si bien persuadés de ses propriétés malfaisantes qu ' ils vont jusqu ' à croire qu ' il peut donner le cancer , et qu ' il suffit de le toucher pour attraper la gale ; aussi ont - ils soin , lorsqu ' ils le rencontrent dans les bois de pins , où il se trouve plus communément , de le couvrir de feuilles ou de mousses .Son odeur infecte , son aspect repoussant et la sensation de chair crue qu ' il fait éprouver lorsqu ' on le touche , ont bien pu donner lieu à cette croyance superstitieuse .Les Lycoperdons ( Vesses - loup ) sont alimentaires dans le premier âge ; ils deviennent nuisibles lorsque leur chair passe au jaune verdâtre , et qu ' ils commencent à se ramollir .",
                  "id": "19",
                  "title": "Les champignons : histoire, description, culture, usages des espèces comestibles, vénéneuses, suspectes employées dans les arts, l'industrie, l'économie domestique, la médecine (4e édition revue et augmentée) / par F.-S. Cordier,..."
            },
            {
                  "doc_url": "https://gallica.bnf.fr/ark:/12148/bpt6k1169981d",
                  "emotions": [
                        "disgust",
                        "frustration"
                  ],
                  "excerpt": "C ’ est donc en faveur de ces logements que le comité s ’ esl prononcé i < La commodité , la propreté d ’ un logement , influent plus qu ’ on ne le supposerait d ’ abord peut - être sur la moralité et le bien - être d ' une famille .Celui qui ne trouve en rentrant chez lui qu ’ un misérable taudis , sale , en désordre , où il ne respire qu ’ un aii - nauséabond et malsain , ne saurait s ’ y plaire , et le fuit [ four passer au cabaret une grande partie du temps dont il dispose .Ainsi son intérieur lui devient presque étranger , et il contracte bientôt des habitudes de dépense dont les siens ne se ressentent que trop , et qui aboutissent presque toujours à la misère .",
                  "id": "20",
                  "title": "Bulletin de la Société industrielle de Mulhouse"
            }
      ]
}