{
      "articles": [
            {
                  "doc_url": "https://gallica.bnf.fr/ark:/12148/bpt6k5651622s",
                  "emotions": [
                        "disgust"
                  ],
                  "excerpt": "cela ne devrait pas être toléré .— Que les industriels s ' en aillent au diable , avec leurs machines , leur fumée et leurs mauvaises odeurs ! Il y a de la place dans les champs , et l ' on fait à la campagne bien des choses dont on s ' abstient dans la ville ! ! ! Impossible maintenant de lever le nez sans voir fumer ces affreux tuyaux de pipes , et déjà il y en a plus que de clochers .FORTUNIO .",
                  "id": "1",
                  "title": "Une voie ferrée en 1866, comédie en un acte, sans couplets et sans allusions politiques, par Fortunio"
            },
            {
                  "doc_url": "https://gallica.bnf.fr/ark:/12148/bpt6k90078r",
                  "emotions": [
                        "disgust",
                        "annoyance",
                        "doubt"
                  ],
                  "excerpt": "En présence du charbon rouge , it < - st réduit iM ' ec détonation .Mémeit froid , l ' acide osmique a une odeur très forte , piquant , tout ? it fait desagréaMo .La vapeur d ' acide osmique n ' attaque pns seulement le nez , mais même les yeux .",
                  "id": "2",
                  "title": "Traité complet de chimie analytique (Édition française originale...) / par M. Henry Rose"
            },
            {
                  "doc_url": "https://gallica.bnf.fr/ark:/12148/bpt6k69105c",
                  "emotions": [
                        "disgust",
                        "faith"
                  ],
                  "excerpt": "C ' est troublant , et cela parle à l ' imagination .Mais ce qui m ~ ioignerait le plus de ces solennités mystiques , ce sont les abominables trombines des dévots crasseux qui viennent en de te ' s endroits , répandre d ' aigres parfums et se frapper la poitrine , tout en lâchant dans le sanctuaire , des vesses sourdes , mais peu inodores .Ce genre d ' encens , qui a le don , parait - il , de chatouiller désagréablement le subtil aquilin de nombre de cagots , est un des plus sérieux obstacles à ma conversion déûnitive .",
                  "id": "3",
                  "title": "Les polissonneries de Chicdard / par Émile Blain"
            },
            {
                  "doc_url": "https://gallica.bnf.fr/ark:/12148/bpt6k62291c",
                  "emotions": [
                        "grief",
                        "disgust",
                        "fear",
                        "pain",
                        "embarrassment"
                  ],
                  "excerpt": "Durant ma promenade insensée , je tombai dans un traquenard et me vis tout à coup le prisonnier de ces dangereux gastronomes .J ' eus immédiatement la vision terrible d ' une broche me traversant dans la longueur du râble , et d ' une série de casseroles où mijotaient mes bas morceaux , mes objets de triperie , mes abatis , dans le parfum douteux des sauces exotiques , sans compter mes pieds , d ' où montait une odeur de grillade , et ma cervelle qui crépitait sous les frisures brùlantes du persil .Drrr .",
                  "id": "4",
                  "title": "Joyeusetés galantes ; suivies de Laripète citadin / Armand Silvestre"
            },
            {
                  "doc_url": "https://gallica.bnf.fr/ark:/12148/bpt6k5726453m",
                  "emotions": [
                        "disgust",
                        "annoyance",
                        "embarrassment"
                  ],
                  "excerpt": "Elle aura voulu faire une fois l ' amour en partisan .Quelle aberration d ' un caprice de femme ! Il s ' enferma donc dans sa retraite , invoqua le travail et s ' enivra de ce recueillement , de ce silence odorant des ateliers , où tout , jusqu ' à la senteur du vernis , dispose à l ' inspiration .Il feuilleta ses vieux portefeuilles et leur redemanda l ' ardeur qu ' il avait confiée jadis à tant d ' ébauches et de croquis .",
                  "id": "5",
                  "title": "Oeuvres complètes de Henri de Latouche. , Léo / par H. de Latouche"
            },
            {
                  "doc_url": "https://gallica.bnf.fr/ark:/12148/bpt6k5812282c",
                  "emotions": [
                        "disgust"
                  ],
                  "excerpt": "On retire le tamponnement vaginal qui répand uneodeur infecte .Injection intra - utérine ; curettage ( tous - , les débris retirés répandent une odeur fétide ) .A huit heures et demie , la température est de 38 ° , 5 ; : le pouls toujours irrégulier et fréquent ( 150 ) .",
                  "id": "6",
                  "title": "Traitement de l'infection puerpérale, par A. Pinard,... et V. Wallich,..."
            },
            {
                  "doc_url": "https://gallica.bnf.fr/ark:/12148/bpt6k9734373h",
                  "emotions": [
                        "disgust"
                  ],
                  "excerpt": "XXXVII .Dans la putréfaction avancée , les ( ubltances donnent des marques d ' alkali volatil ; elles exhalent une odeur fétide & insupportable , qui excite des naurées ; elles tombent en dissolution ; elles prennent une couleur brunet noirâtre , verdâtre , leur volume & leur poids diminuent beaucoup .XXXVIII .",
                  "id": "7",
                  "title": "Dissertations sur les antiseptiques , qui ont concouru pour le prix proposé par l'Académie des sciences, arts & belles-lettres de Dijon en 1767, dont la premiere a remporté le prix, & dont les deux autres ont partagé l'accessit..."
            },
            {
                  "doc_url": "https://gallica.bnf.fr/ark:/12148/bpt6k6231751j",
                  "emotions": [
                        "disgust"
                  ],
                  "excerpt": "Son fruit , dur et âpre , est mangé par les porcs et ses feuilles sont recherchées par les chevaux et les bœufs .odeur térébenthacée et d ' une saveur désagréable .Elle s ' enlève assez facilement et met à nu une pulpe blanchâtre , de consistance butyreuse , d ' une saveur douce , légèrement acide , rappelant à la fois celle de la Fraise , de l ' Ananas et de la Cannelle .",
                  "id": "8",
                  "title": "Les Bois industriels, indigènes et exotiques : synonymie et description des espèces, propriétés physiques des bois, qualités, défauts, usages et emplois (2e édition...) / par Jules Grisard,... M. Vanden-Berghe,..."
            },
            {
                  "doc_url": "https://gallica.bnf.fr/ark:/12148/bpt6k65914k",
                  "emotions": [
                        "disgust",
                        "greed"
                  ],
                  "excerpt": "Et les mages que j ' allais oublier , les qui devaient rappcter vaguement le Sûr Peladun avec ! eur teint mat et leur ch < ' ve ! urc crcspetce sous la couronne d ' or .Ils ont apporte de la myrrhe odorante et de l ' encens qui embaume .Mon Dieu , que vous êtes gentil dans ce cadre qui sent si bon 1 Et tout cela pour effacer nos péchés .",
                  "id": "9",
                  "title": "Le chic et le chèque (3e édition) / Richard O'Monroy"
            },
            {
                  "doc_url": "https://gallica.bnf.fr/ark:/12148/bpt6k5828149j",
                  "emotions": [
                        "disgust"
                  ],
                  "excerpt": "Les deux faces de la feuille sont colorées en gris blanchâtre , onctueuses au toucher , couvertes de poils très fins , soyeux .Odeur aromatique forte , toute spéciale ; saveur très amère .Histologie ( Voir pl .",
                  "id": "10",
                  "title": "Manipulations de botanique médicale et pharmaceutique : iconographie histologique des plantes médicinales / par MM. Joseph Hérail,... Valère Bonnet,... ; Préface de M. le professeur G. Planchon,..."
            },
            {
                  "doc_url": "https://gallica.bnf.fr/ark:/12148/bpt6k96168947",
                  "emotions": [
                        "disgust"
                  ],
                  "excerpt": "Son pédicule est long de quatre à six pouces , creux , d ' un blanc sale ou verdâtre , et naît d ' une gaîne ovale qui renferme toute la plante dans sa jeunesse ; son chapeau forme une espèce de tête assez petite et un peu verdâtre .Elle répand une odeur fétide .Dans les bois .",
                  "id": "11",
                  "title": "Flore des départements méridionaux de la France, et principalement de celui de Tarn-et-Garonne... par M. Baron,..."
            },
            {
                  "doc_url": "https://gallica.bnf.fr/ark:/12148/bpt6k6261501s",
                  "emotions": [
                        "surprise",
                        "disgust",
                        "doubt"
                  ],
                  "excerpt": "L ' Aspic ou Lauandc qui cil vn Nard bastard , efchauffc en troihéme degré , deux cueillerces de l ' eau distillée de Ces fleurs font reuenir la parole , gueriflent la cardiaque passion , font bonnes contre les defaillances de coeur .L ' huy le dAfpic cft de si forte fen - teur qu ' on le condamne a estre hors de la boutique , au * uement il surprend 8c attire la senteur du Musc , de l ' Ambre , de la Guette , des vnguens , & drogues aromatiques .j .",
                  "id": "12",
                  "title": "Essay des merveilles de nature et des plus nobles artifices . Pièce très-nécessaire à tous ceux qui font profession d'éloquence. Par René François, prédicateur du Roy"
            },
            {
                  "doc_url": "https://gallica.bnf.fr/ark:/12148/bpt6k4235571f",
                  "emotions": [
                        "disgust"
                  ],
                  "excerpt": "Le récipient exhaloit une forte odeur empyreumatique ; il s ’ étoit raffemblé dans fon fond , une petite portion d ’ eau laiteufe qui pefoit un fcrupule , 6c qui avoit laiffé une marque blanche de fix lignes de diamètre au plus .Nous examinâmes une goutte de cette eau qui s ’ étoit arrêtée au bec de la retorte ; fon odeur étoit très - empy - reumatique , 6c fon goût abfolument femblable h ces liqueurs retirées parla diflillation des bitumes , auxquelles on a donné affez improprement le nom < ïefprit .Le col de la retorte ayant été cafie dans ( a longueur , on put voir une fubiimation pulvérulente de couleur olive , du poids d ’ un grain ou à peu près , dont une parcelle , mile fur la langue , y laiffoit le goût défà - gréable d ’ empyreume ; une autre portion , mife fur un charbon ardent , s ’ alluma , brûla lentement , répandit l ’ odeur acide fulfureufie : c ’ étoit du vrai foufre .",
                  "id": "13",
                  "title": "Recueil d'observations de médecine des hôpitaux militaires. Tome 2 / , fait et rédigé par M. Richard de Hautesierck,..."
            },
            {
                  "doc_url": "https://gallica.bnf.fr/ark:/12148/bpt6k6517142j",
                  "emotions": [
                        "disgust",
                        "boredom"
                  ],
                  "excerpt": "Ses feuilles sont inodores , coriaces , assez semblables à celles du buis ; elles sont entières , ovales , presque obtuses , trèsglabres , luisantes , épaisses et très - consistantes ; leur surface supérieure est d ' un vert foncé , la face inférieure d ' un vert clair luisant et parsemée de veines .Leur saveur est amère et astringente .Triturées avec de l ' eau , elles donnent une liqueur jaunâtre qui , par l ' action du persulfate de fer , produit un beau précipité bleu noirâtre très - abondant dû au tannin et à l ' acide gallique qu ' elles renferment .",
                  "id": "14",
                  "title": "Dictionnaire des altérations et falsifications des substances alimentaires, médicamenteuses et commerciales : avec l'indication des moyens de les reconnaître. Tome 1 / par M. A. Chevallier,..."
            },
            {
                  "doc_url": "https://gallica.bnf.fr/ark:/12148/bpt6k9762637w",
                  "emotions": [
                        "disgust"
                  ],
                  "excerpt": "Celui du Chat marin et de quelques autres poissons , causent des érysipèles assez graves , avec assoÜpissement , qu ' on doit traiter par les évacuants et les boissons acidulés .T esticules , ceux des quadrupèdes ont une odeur rebutante .Reins , fibreux .",
                  "id": "15",
                  "title": "L'art de conserver sa santé, ou Manuel d'hygiène , par P.-J. Pissis,..."
            },
            {
                  "doc_url": "https://gallica.bnf.fr/ark:/12148/bpt6k769517",
                  "emotions": [
                        "disgust",
                        "fear",
                        "annoyance",
                        "nervousness"
                  ],
                  "excerpt": "Tube placô A ta nuque , Oguro maussade , ! ) Ut ' tee ; pieut ' 8 .Devant l ' oreille , sensation désagréable .Do ' vant tt narine , répulsion violente .",
                  "id": "16",
                  "title": "Les émotions chez les sujets en état d'hypnotisme : études de psychologie expérimentale faite à l'aide de substances médicamenteuses ou toxiques, impressionnant à distance les réseaux nerveux périphériques / par J. Luys..."
            },
            {
                  "doc_url": "https://gallica.bnf.fr/ark:/12148/bpt6k5777409w",
                  "emotions": [
                        "disgust",
                        "annoyance"
                  ],
                  "excerpt": "On croirait que la nature en a rendu à dessein les abords impraticables , en multipliant les difficultés de son approche .L ' odeur du soufre devient intolérable et nous prend à la gorge , la vapeur s ' échappe avec un bruit strident , semblable à celui d ' un sifflet de locomotive .A LA GUADELOUPE ' 5 .",
                  "id": "17",
                  "title": "Académie d'Amiens. Séance publique du 23 mai 1884. Deux excursions à la Guadeloupe. Discours de réception de M. Oudin. Réponse de M. A. Moullart,..."
            },
            {
                  "doc_url": "https://gallica.bnf.fr/ark:/12148/bpt6k6501806z",
                  "emotions": [
                        "disgust",
                        "boredom"
                  ],
                  "excerpt": "Il doit avant tout prendre en considération la situation et la nature du terrain ; car si , par exemple , il s ' agissait d ' un pré élevé et sablonneux , en y semant des graminées qui ne se plaisent que dans l ' argile et au bord des eaux , il courrait grand risque de perdre son temps et sa peine .La Flouve odorante .La Fléole des prés .",
                  "id": "18",
                  "title": "La ferme-modèle, ou L'agriculture mise à la portée de tout le monde (3e édition) / par H. de Chavannes de La Giraudière"
            },
            {
                  "doc_url": "https://gallica.bnf.fr/ark:/12148/bpt6k90078r",
                  "emotions": [
                        "disgust"
                  ],
                  "excerpt": "la dissolution aqueuse d ' acide sulfureux contient toujours , par suite , de l ' acide sulfurique , torsqu ' eHe n ' a pas été conservée comptétement à i ' abri du contact de t ' air .La dissolution d ' acide sulfureux perd son odeur particulière ! orsqu ' on ta fait bouillir pendant tongtemps , parce que t ' acide se votatitise .Mais ta dissolution contient alors de htcide sulfurique , lorsque , pendant l ' ébullition , ette n ' apas été comptétement préservée du contact de t ' air .",
                  "id": "19",
                  "title": "Traité complet de chimie analytique (Édition française originale...) / par M. Henry Rose"
            },
            {
                  "doc_url": "https://gallica.bnf.fr/ark:/12148/bpt6k5828149j",
                  "emotions": [
                        "disgust"
                  ],
                  "excerpt": "On y distingue un cercle de massifs libéro - ligneux au nombre de dix à douze .Odeur désagréable ; saveur douce et sucrée , puis acre et nauséeuse .Histologie ( Voir pl .",
                  "id": "20",
                  "title": "Manipulations de botanique médicale et pharmaceutique : iconographie histologique des plantes médicinales / par MM. Joseph Hérail,... Valère Bonnet,... ; Préface de M. le professeur G. Planchon,..."
            }
      ]
}