{
      "articles": [
            {
                  "doc_url": "https://gallica.bnf.fr/ark:/12148/bpt6k97664094",
                  "emotions": [
                        "surprise",
                        "sadness",
                        "disgust",
                        "anger",
                        "annoyance",
                        "despair",
                        "disappointment"
                  ],
                  "excerpt": [
                        "Fiel de Taureau , Odeur , aucune .Saveur , amère .Vertu , détersive .",
                        "La racine .Odeur , un peu forte , foiblement nauséeuso .S aveu - amère , nauséeuse ."
                  ],
                  "id": "1",
                  "title": "Pharmacologie chirurgicale, ou Science des médicamens externes et internes, requis pour guérir les maladies chirurgicales ; suivie d'un Traité de pharmacie relatif à la préparation et à la composition des médicamens. Par M. Plenck,..."
            },
            {
                  "doc_url": "https://gallica.bnf.fr/ark:/12148/bpt6k64613947",
                  "emotions": [
                        "surprise",
                        "gratitude",
                        "doubt",
                        "disappointment",
                        "guilt"
                  ],
                  "excerpt": "Molles ô Violæ , veneris munuscula nostræ , Dulce quibus tanti pignus amoris inest : Quæ vos , quæ genuit tellus ? Quo nectare odoras Sparserunt zephyri mollis et aura comas ? « 0 douces violettes ! présent d ' une main chérie , gages précieux du plus ardent amour ; quels champs fortunés vous ont donné la naissance ? De quel nectar la molle haleine des zéphyrs a - t - elle parfumé vos fleurs odorantes ? Et toi , Tiou , tu aurais rappelé que les Grecs et les anciens Celtes adoraient la violette comme symbole de l ' innocence et de la virginité , qu ' ils en décoraient la couche de la beauté et le cercueil de la jeune fille enlevée trop tôt aux caresses et aux baisers de la famille , et qu ' alors elle ne devait être pour rien dans une question de parti .Et toi , Boisjolin , tu aurais prouvé que ce bouquet de violettes n ' était sur la scène que par l ' effet du hasard , et , interprète de la nature , tu aurais fait réciter les vers suivants : L ' obscure violette , amante des gazons , Aux pleurs de la rosée entremêlant ses dons , Semble vouloir cacher sous leurs voiles propices D ' un pudique parfum les discrètes délices ; Pur emblème d ' un cœur qui répand en secret Sur le malheur timide un modeste bienfait .Les mythologues ont supposé que la violette avait tiré son nom de la vache Io , dont elle fut la première pâture ; ils prétendent aussi que cette fleur avait servi à Vulcain pour séduire et vaincre les dédains de Vénus .",
                  "id": "2",
                  "title": "Physiologie des substances alimentaires, ou Histoire physique, chimique, hygiénique et poétique des aliments : avec leur étymologie grecque, celtique, latine... / par Stanislas Martin,..."
            },
            {
                  "doc_url": "https://gallica.bnf.fr/ark:/12148/bpt6k5485604f",
                  "emotions": [
                        "surprise"
                  ],
                  "excerpt": "Belle nécessité d ' interrompre mon somme * ! Le Sort , de sa plainte touché , Lui donne un autre maître , et l ' animal de somme Passe du jardinier aux mains d ' un corroyeur .La pesanteur des peaux et leur mauvaise odeur Eurent bientôt choqué l ' impertinente bête .J ' ai regret , disoitr - il , à mon premier seigneur .",
                  "id": "3",
                  "title": "Fables (Nouvelle éd. précédée d'une notice biographique et littéraire, accompagné de notes) / J. de La Fontaine"
            },
            {
                  "doc_url": "https://gallica.bnf.fr/ark:/12148/bpt6k97681853",
                  "emotions": [
                        "surprise"
                  ],
                  "excerpt": "Quelqu ' un lança à deux reprises vers la montagne d ' aigus coups de sifflet , et ensuite tout rentra dans le silence .A peine si on entendait une feuille remuer ; cependant la tente de la terrasse se gonfla tout à coup , fut agitée par un souffle d ' air et un parfum plus pénétrant courut jusqu ' à nous .Ce silence m ' embarrassait , mais je ne savais que dire .",
                  "id": "4",
                  "title": "Katia / par le comte Tolstoï ; traduction de M. le comte d'Hauterive"
            },
            {
                  "doc_url": "https://gallica.bnf.fr/ark:/12148/bpt6k8883436",
                  "emotions": [
                        "surprise",
                        "excitement"
                  ],
                  "excerpt": "Tranquille , elle voit tout sans émoi , sans surprise .Soudain le fumet odorant Sur les pas du gibier l ’ appelle et la convie ; Son front est sérieux , son œil étincelant Annonce l ’ éveil du génie .Sur la perdrix qui court en longeant le sillon , Se dérobant sous la verdure , Va - t - elle s ’ élancer , semblable au tourbillon ? Non , certes , mais toujours fidèle à sa nature , Procède avec méthode , avance avec lenteur , D ’ un geste de sa queue avertit le chasseur , L ’ attend et demeure « à portée , Craignant que la perdrix , à partir trop hâtée , N ’ échappe au coup qui doit la foudroyer .",
                  "id": "5",
                  "title": "Le Fabuliste des familles, par M. le Bon de Gérando,... publié par son fils... [G. de Gérando.]"
            },
            {
                  "doc_url": "https://gallica.bnf.fr/ark:/12148/bpt6k5829139g",
                  "emotions": [
                        "surprise",
                        "disgust"
                  ],
                  "excerpt": "— Au tronc de mon geniè : re j ' attache un long câbleau ; à mon câbleau puis je me pends ; — sous le rempart puis je me coule * — avec une corbeille , et me voilà flottant — dans fempire du vent , et de l ' éclair , et de la foudre .; Or tout à coup je flaire une odeur embaumée ! — Et au - dessus de moi j ' aperçois ' une grotte , — t contre la paroi cramponnant mon orteil , — qu ' est - ce ue je trouve ? ..",
                  "id": "6",
                  "title": "Oeuvres de Frédéric Mistral. Calendal. Texte et traduction"
            },
            {
                  "doc_url": "https://gallica.bnf.fr/ark:/12148/bpt6k65774657",
                  "emotions": [
                        "surprise",
                        "disgust"
                  ],
                  "excerpt": "Oui , tout est en elle , même les plus curieux contrastes .N ' est - il pas étrange , en effet , de voir figurer en si haute et si noble compagnie l ' Ail vulgaire aux parfums roturiers ? Croyez qu ' il n ' en est pas plus embarrassé pour cela .Le rude vilain ne rougit pas à côté de l ' aristocratique Tubéreuse ; il a , soyez - en sûr , le sentiment de son utile valeur , la conscience de ses saines vertus , et il trône avec non moins d ' aplomb dans les carrés de son potager que la Tulipe au milieu de ses plates - bandes .",
                  "id": "7",
                  "title": "L'esprit des plantes : silhouettes végétales / par Éd. Grimard"
            },
            {
                  "doc_url": "https://gallica.bnf.fr/ark:/12148/bpt6k54386507",
                  "emotions": [
                        "surprise",
                        "disgust",
                        "fear",
                        "nervousness",
                        "embarrassment"
                  ],
                  "excerpt": "Aussitôt les pieux gavaches , Arborant casques et rondaclies , La rapière sur le côté , Se dispersent de tout côté .Le capucin puant et sale , Troussé comme une martingale , Son casaquin , bardé de fer , Ferait peur au diable d ' enfer .Au son de la tambourinade , Celte cagote mascarade ( i ) ( i ) Voyez \\ § .",
                  "id": "8",
                  "title": "La Henriade, travestie en vers burlesques, avec des notes critiques, par Fougeret de Monbron..."
            },
            {
                  "doc_url": "https://gallica.bnf.fr/ark:/12148/bpt6k9682771k",
                  "emotions": [
                        "surprise"
                  ],
                  "excerpt": "Le bassin les mouillait d ' une senteur Acre , profonde , où passaient les mille parfums des fleurs et dçs verdures .Par instants , la vanille chantait avec des roucoulenlents de ramier ; puis arrivaient les notes rudes des stanho - péas , dont les bouches tigrées ont une haleine forte et amère de convalescent .Les orchidées , dans leurs corbeilles que retenaient des chaînettes , exhalaient leurs souffles , semblables à des encensoirs vivants .",
                  "id": "9",
                  "title": "La curée / par Émile Zola ; compositions de Georges Jeanniot"
            },
            {
                  "doc_url": "https://gallica.bnf.fr/ark:/12148/bpt6k62124889",
                  "emotions": [
                        "surprise"
                  ],
                  "excerpt": "Sucre ( précaution contre les voleurs ) , notre appartement clos comme une vraie chambre européenne .Il y a , dans cette maison ainsi calfeutrée , une étrange odeur mêlée à celle du musc et des lotus ; une intime odeur de Japon , de race jaune , qui est montée du sol ou qui est sortie des boiseries antiques ; – presque une fétidité de fauve .Le tendelet de gaze bleu - nuit , disposé pour notre coucher , descend du plafond avec un air de vélum mystérieux .",
                  "id": "10",
                  "title": "Madame Chrysanthème... / Pierre Loti"
            },
            {
                  "doc_url": "https://gallica.bnf.fr/ark:/12148/bpt6k96016687",
                  "emotions": [
                        "surprise",
                        "pain"
                  ],
                  "excerpt": "L ' injeclion fut pratiquée sous la peau de la hanche droite à 6 heures du soir .Aussitôt après , une sensation de fourmillement et de brûlure se produit au lieu même de l ' injection ; puis , au bout d ' un quart d ' heure environ , la langue est impressionnée par une sorte de saveur âcre , pareille à celle du poivre et de la racine de pyrèthre ; en même temps un fourmillement pénible se déclare aux lèvres , au menton , au cou , et gagne peu à peu toute la surface du corps .La malade est en proie à une excitation générale caractérisée par un désordre de toutes les fonctions : tremblement , bouffées de chaleur , étourdissements , douleur autour du front et de l ' occiput , sensation d ' un volume énorme des lèvres , du nez et de la face ; — haut - le - cœur ; — crampes dans les mollets ; — soulèvement de tous les organes , et en particulier des muscles et des ongles qui semblent vouloir s ' échapper du corps ; — mouvements respiratoires accélérés et pénibles , battements de cœur précipités , moments d ' étouffement , d ' angoisse , forte chaleur à la gorge et à l ' épigastre ; — obnubilations de la vue ; — craintes de mourir .",
                  "id": "11",
                  "title": "Précis de toxicologie clinique et médico-légale (2e éd. revue et corrigée) / par le Dr Ch. Vibert,..."
            },
            {
                  "doc_url": "https://gallica.bnf.fr/ark:/12148/bpt6k102819z",
                  "emotions": [
                        "surprise",
                        "sadness",
                        "nostalgia"
                  ],
                  "excerpt": "YD .4 / ~ E J ai voulu vivre un peu dans l ' air de la légende J ' ai voulu respirer ce qui ne peut mourir , Et je viens de te parcourir , 0 foret de Brocéliande Sous le soleil couchant et son portique d ' or , J ' ai bu de ton haleine aromatique et tendre , Tout surpris de ne pas entendre Sanglot de harpe , appel de cor .Je n ' ai vu qu ' un village isolé dans la lande , Mais quel village , au bord des eaux sans clapotis 1 Tu protèges donc les petits , 0 forêt de Brocéliande ? Car ce village est humble entre les indigents , II est rustique , certe , entre les plus rustiques La forêt des splendeurs mystiques Berce et nourrit de pauvres gens .",
                  "id": "12",
                  "title": "Bretagne, heures vécues / Charles Fuster"
            },
            {
                  "doc_url": "https://gallica.bnf.fr/ark:/12148/bpt6k5428423c",
                  "emotions": [
                        "surprise",
                        "fear",
                        "annoyance",
                        "disapproval",
                        "nostalgia",
                        "doubt",
                        "embarrassment"
                  ],
                  "excerpt": "CHARLEMAGNE , tremblant .Comment , Monsieur , vous voulez que je retourne à l ' orangerie où l ' on entend de si terribles choses , d ' où s ' exhalent de si extraordinaires parfums ! M .GRANNEVILLE .",
                  "id": "13",
                  "title": "Recueil de compliments en vers et en prose, suivi de petites comédies pour fêtes de famille et distributions de prix, par Mme J.-J. Lambert"
            },
            {
                  "doc_url": "https://gallica.bnf.fr/ark:/12148/bpt6k66592h",
                  "emotions": [
                        "surprise",
                        "doubt"
                  ],
                  "excerpt": "N ' est - ce pas un ~ < e tutfemfw ~ Mnd et riche ~ Me t ' HotnmeDieu prépara en échange pOMrMar ! e - Mxd \" t < .ine ? On encore n ' est - ce pas comme Mn vaste encensoir , aux parfums les plus suaves , < ) u ' ! t voulut placer < e < p ! eda ? t La ftfO ! M en effet habha < ! on royale de celle qui parfuma .MitMa .",
                  "id": "14",
                  "title": "Sainte Marie-Madeleine. Tome 2 / par M.-M. Sicard,..."
            },
            {
                  "doc_url": "https://gallica.bnf.fr/ark:/12148/bpt6k6539313p",
                  "emotions": [
                        "surprise",
                        "envy",
                        "doubt",
                        "curiosity",
                        "frustration",
                        "disappointment"
                  ],
                  "excerpt": "Quant , ivre du contagieux enivrement de ma brûlante jeunesse , tu laissais retomber dans mes bras ta tête languissante , un démon sournois ricanait dans les lueurs éteintes de tes yeux .Oh ! dis - moi , parmi quel ordre d ' infernales puissances as - tu puisé tant d ' astuce et de fourberie ? En échange des visions dorées dont je peuplais ton imagination , des ardents effluves dont je nourrissais tes sens , tu ne m ' as donné que mensonges , frelateries , ombres vaines dont se repaissait mon cœur plein de confiance et avide d ' idéal .Avec cette implacable cruauté qui caractérise l ' impuissance , tu as usé la vie d ' un pauvre jeune homme qui t ' aimait pour stimuler ton sang appauvri , pour exciter tes fibres énervées .",
                  "id": "15",
                  "title": "Folles amours / Jules Hosch"
            },
            {
                  "doc_url": "https://gallica.bnf.fr/ark:/12148/bpt6k5846300x",
                  "emotions": [
                        "surprise",
                        "nostalgia",
                        "courage",
                        "doubt",
                        "curiosity"
                  ],
                  "excerpt": ".Mais , en me regardant , je me prends à songer Je ne sais pas à quoi : je vais sous le verger , Où le soleil déjà dans l ' ombre parfumée Perce quelques trous d ' or , et je reste charmée .Au fond de moi je sens une douce chaleur Qui , sans savoir pourquoi , me remplit tout le coeur .",
                  "id": "16",
                  "title": "Idylles françaises. Oeuvre posthume / Emmanuel Dochez"
            },
            {
                  "doc_url": "https://gallica.bnf.fr/ark:/12148/bpt6k97664094",
                  "emotions": [
                        "surprise",
                        "disgust",
                        "boredom",
                        "despair"
                  ],
                  "excerpt": [
                        "On la tire de l ' arbre appelé , par Linné , Plnaa mucronata ( i ) .Odeur , fôible .Saveur , d ' abord un peu douce , ensuite un peu amere & acrimonieute .",
                        "ou Semen cina , stmen santonici .Odeur , forte , particulière .Saveur , amère , un peu acre ."
                  ],
                  "id": "17",
                  "title": "Pharmacologie chirurgicale, ou Science des médicamens externes et internes, requis pour guérir les maladies chirurgicales ; suivie d'un Traité de pharmacie relatif à la préparation et à la composition des médicamens. Par M. Plenck,..."
            },
            {
                  "doc_url": "https://gallica.bnf.fr/ark:/12148/bpt6k6133563f",
                  "emotions": [
                        "surprise"
                  ],
                  "excerpt": "Tout le bois est comme imprégné d ' huile ; son odeur est aromatique , mais très forte et un peu acre .Projeté sur l ' eau , il surnage ; des fragments mis sur une pelle rougie au feu brûlent avec un parfum assez agréable .Ces divers échantillons sont , à n ' en pas douter , produits par le Santalum Album , le premier provient d ' une tige d ' un diamètre assez considérable , le second d ' un rameau de petite taille ou d ' un arbre encore jeune .",
                  "id": "18",
                  "title": "Étude sur les santalacées et sur les propriétés chimiques et thérapeutiques de l'essence de santal citrin / par Georges Durand,..."
            },
            {
                  "doc_url": "https://gallica.bnf.fr/ark:/12148/bpt6k9668498h",
                  "emotions": [
                        "admiration",
                        "surprise",
                        "joy",
                        "relief",
                        "gratitude",
                        "calmness"
                  ],
                  "excerpt": "J ' aime ta forêt sur la dune , Ses arbres géants , toujours verts , Ses riants sentiers découverts Où chante la cigale brune .Ciel lumineux , mer , pignadas2 , Air salin et parfum intense Réunis en ce coin de France , Vous êtes vraiment « Sanitas » .i .",
                  "id": "19",
                  "title": "Brises des pays bleus : poésies pour les enfants / par Mademoiselle Marie Grandin,..."
            },
            {
                  "doc_url": "https://gallica.bnf.fr/ark:/12148/bpt6k64550196",
                  "emotions": [
                        "admiration",
                        "surprise",
                        "grief",
                        "pride"
                  ],
                  "excerpt": "Notre égoïsme étroit , cette fois sans excuse , Resta sourd à la voix si fraîche de ta muse .Le suave parfum de la lWyosotis Sur ta tombe se mêle au doux parfum des lis ; Puis , à peine es - tu mort , on profane ta cendre ; Ta gloire est ton linceul , tes amis vont la vendre .Par l ' éclat de ton nom je me sens fasciné .",
                  "id": "20",
                  "title": "Souvenirs et tableaux poétiques : Paris et la Bretagne / par M. A. Depasse"
            }
      ]
}