{
      "articles": [
            {
                  "doc_url": "https://gallica.bnf.fr/ark:/12148/bpt6k9746420m",
                  "emotions": [
                        "surprise"
                  ],
                  "excerpt": "» Je ne puis vous dire l ' impression que m ' a faite ce récit touchant » qui porte tant à aimer le bon Dieu .Je dois vous dire que cette » impression est arrivée à son comble , lorsque , à plusieurs reprises , M j ' ai senti des parfums qui sortaient du livre et , en particulier , de » suaves émanations de violettes .» Est - ce Sœur Céline qui voulait me donner un témoignage de » sa protection dont j ' ai bien besoin ? » F .",
                  "id": "1",
                  "title": "Fleur du cloître, ou Vie édifiante de soeur Marie-Céline de la Présentation, morte en odeur de sainteté à l'âge de dix-neuf ans au monastère de Sainte-Claire de l'Ave-Maria de Bordeaux-Talence (6e édition) / par une pauvre clarisse"
            },
            {
                  "doc_url": "https://gallica.bnf.fr/ark:/12148/bpt6k5418193q",
                  "emotions": [
                        "surprise"
                  ],
                  "excerpt": "Il a ce don rare , qu ' avaient Racan et Théophile de Viaud , de faire vivre les prés et les bois .C ' est une surprise pour le lecteur que d ' être ainsi transporté , parce chantre de l ' hôpital et de Londres , au milieu de la campagne , en automne ; et de recevoir , à travers ses poèmes , un souffle chargé des odeurs qui émanent From ruining gardens , from reluctant woods ..",
                  "id": "2",
                  "title": "La Phalange / directeur : Jean Royère"
            },
            {
                  "doc_url": "https://gallica.bnf.fr/ark:/12148/bpt6k5418193q",
                  "emotions": [
                        "surprise"
                  ],
                  "excerpt": "D ' abord elle me semble profondément , essentiellement , exclusivement française .Cette fleur est issue de notre sol et de notre sève ; née de l ' autre côté des frontières , elle n ' eutpoint présenté ces pétales impalpables ni exhalé d ' arôme si volatil .Elle exalte au plus haut point les qualités de notre race ; germaine de celle de Debussy , ded ' Indy , de Déodat de Sévérac , cette musique ne s ' est pas embarrassée de métaphysique gothe non plus que de naturisme italien et si elle sait si bien nous convaincre , c ' est qu ' elle parle notre langage .",
                  "id": "3",
                  "title": "La Phalange / directeur : Jean Royère"
            },
            {
                  "doc_url": "https://gallica.bnf.fr/ark:/12148/bpt6k62866t",
                  "emotions": [
                        "surprise",
                        "annoyance",
                        "nostalgia",
                        "indifference"
                  ],
                  "excerpt": "Cette rescousse d ' intetti ~ ibte raviva la source jai ! Hssantc de mes émettons .L ' attitude diaphane , l ' odeur savoureuse des pins , la neige des sommets me rappelèrent , dans t ' intcnatte soudaine de leur perception , ma chère terrasse et tes roses du Pr ! eurc .Je revis la double fuite du ciel vaste et de la mer étendue , impérieux à conseiller la liberté , et JE ME HECONNUS .",
                  "id": "4",
                  "title": "L'inversion sentimentale : roman ; La sagesse pathétique / J.-A. Coulangheon"
            },
            {
                  "doc_url": "https://gallica.bnf.fr/ark:/12148/bpt6k9602072c",
                  "emotions": [
                        "surprise",
                        "embarrassment"
                  ],
                  "excerpt": ".Il balbutiait , un peu étourdi par les parfums qui flottaient dans cette atmosphère tiède , où les odeurs se combinaient d ' une manière étrangement capiteuse .— Tenez ! Venez vous asseoir là .",
                  "id": "5",
                  "title": "Toinon : moeurs parisiennes (4e édition) / Gustave Toudouze"
            },
            {
                  "doc_url": "https://gallica.bnf.fr/ark:/12148/bpt6k5604392z",
                  "emotions": [
                        "surprise",
                        "anger",
                        "fear",
                        "pain"
                  ],
                  "excerpt": "11 était survenu des ulcérations à la gorge .La voix était rauque , l ' haleine fétide , diverses parties du corps se couvraient déboutons pustuleux , qui se convertissaient en croûtes veidâtres .Elle a été guérie en deux mois et demi par le Vin du docteur Ch .",
                  "id": "6",
                  "title": "Le Médecin des maladies secrètes... par le Dr Charles-Albert... (Chaumonnot). 4e édition"
            },
            {
                  "doc_url": "https://gallica.bnf.fr/ark:/12148/bpt6k5461217w",
                  "emotions": [
                        "surprise",
                        "anger"
                  ],
                  "excerpt": ".les poules auront des dents ! Mon Dieu ! faites qu ' au régiment S ' exécute le règlement ! i Combien de soldats ^ pendant leurs huit ans de services , n ' ont rc < ; u , à l ' exception du pantalon de drap , que des effets d ' habillement déjà portés , à moitié usés , imprégnés de sueur et de miasmes dangereux ! Quelle triste économie que celle , qui n ' a d ' autre résultat que de dégoûter les jeunes soldats de l ' état militaire , en compromettant leur santé .2 C ' est trop souvent le tort du militaire libéré , auquel on retirej avant de le renvoyer dans ses foyers , ses meilleurs effets d ' habillement .",
                  "id": "7",
                  "title": "Boutades d'un vieux grognard, chansons dédiées à ses frères d'armes / par un capitaine d'infanterie"
            },
            {
                  "doc_url": "https://gallica.bnf.fr/ark:/12148/bpt6k54631620",
                  "emotions": [
                        "admiration",
                        "surprise",
                        "love",
                        "nostalgia",
                        "gratitude"
                  ],
                  "excerpt": ") Parsifal ( se retournant et jetant ses regards ravis vers la forêt et la prairie ) .Oh ! que belle aujourd ' hui me semble la prairie ? — J ' ai bien rencontré sans doute des Fleurs merveilleuses , qui s ' élevaient amoureusement jusqu ' au haut de ma tête ; mais jamais je ne vis de si tendres tiges , ni de si délicates corolles ; jamais tout ainsi , autour de moi , n ' avait fleuré des parfums si suaves , ni ne m ' avait parlé un langage si doux .Gurnemanz C ' est le charme du Vendredi Saint , Seigneur ! ( 1 ) La couronne de Montsalvat .",
                  "id": "8",
                  "title": "Les opéras de Wagner : Tannhaeuser, Lohengrin, Parsifal / traduit de l'allemand par A. Delpit, avec une introduction sur la vie et les œuvres de Richard Wagner"
            },
            {
                  "doc_url": "https://gallica.bnf.fr/ark:/12148/bpt6k97692813",
                  "emotions": [
                        "surprise",
                        "fear",
                        "doubt"
                  ],
                  "excerpt": "Helas ! dedins Paris calhò pas que fusqucssen ; Altour de jou n ' en benguèt nat .Sans douto , èron pincats sul la sento mountagno , Segâbon de laures noubèls ; Ou belèù , pel moumen , tournats simples mortels , Se passejâbon touts dins la berdo campagno ? Mais anèy , quin brut s ' esplandis ? le nuage , — je les disais souffrants , mais jamais menaçants : — ma Muse toute de miel n ' effraya personne ; — aussi , dans mes chansons qui embaumaient les airs , — le riche de ma langue respira le parfum .Ainsi la Muse , en pastourelle , — pltft mieux qu ' autrefois quand elle était demoiselle ; — ainsi elle put cueillir dans le monde touché — les fleurs d ' or d ' honneur qui étoilent son front .",
                  "id": "9",
                  "title": "Oeuvres complètes de Jacques Jasmin : las papillôtos, las papilhôtos. Tome III, Les odes et les épîtres / préface de l'édition... et collation de la traduction littérale, par Boyer d'Agen... ; suivi du glossaire de Adrien Pozzi..."
            },
            {
                  "doc_url": "https://gallica.bnf.fr/ark:/12148/bpt6k6153611m",
                  "emotions": [
                        "surprise",
                        "doubt"
                  ],
                  "excerpt": "Un frisson passe au front rêveur du firmament .Sons , odeurs et clartés , de moment en moment Plus confus , vont plonger au grand sommeil austère .L ' ANNÉE DES POÈTES .",
                  "id": "10",
                  "title": "L'Année des poètes / morceaux choisis ; réunis par Charles Fuster"
            },
            {
                  "doc_url": "https://gallica.bnf.fr/ark:/12148/bpt6k99801j",
                  "emotions": [
                        "surprise",
                        "joy",
                        "sadness",
                        "optimism",
                        "doubt"
                  ],
                  "excerpt": "Le jour entrait dans cette bib ! ! othcque p : n ' tteux ! at ' ges tbn6trcs .Pourquoi ta iun ' iO ' e , si gaie au dehors , pt ' onait - eUe , en pénétrant dans cette saUc de tt ' avai ! , un air de sèvente morose ? L ' atmosphère était chargée de ces émanations qui s ' échappent des vieux bouquins , et il se dégageait de tout cet cn8emb ! e comme un parfum de vie claustrale , qui se trouvait être en harmonie avec les sentiments secrets de notre héros .– Vivre ici , se dit - il , c ! ou .",
                  "id": "11",
                  "title": "Étienne Moret / par Francisque Sarcey"
            },
            {
                  "doc_url": "https://gallica.bnf.fr/ark:/12148/bpt6k5467295z",
                  "emotions": [
                        "admiration",
                        "surprise",
                        "grief",
                        "love",
                        "nostalgia",
                        "gratitude",
                        "envy"
                  ],
                  "excerpt": "Folâtre , rieuse , Ivre de gaîté , Dans sa course joyeuse , A chaque jeune fleur Elle envoyait son coeur .Voyant une Églantine A la douce mine , A la fine odeur , Comme elle enfantine , , Et pleine de fraicheur : « Oh ! ma toute belle , Tu n ' as , lui dit - elle , Quand vient la noirceur De la nuit muette .Chambre ni couchette ; Dans sa sombre horreur , Tu restes seUlette ; .",
                  "id": "12",
                  "title": "La Comédie universelle, apologues et proverbes, par l'abbé Barthélemy de Beauregard,... Édition spéciale pour les demoiselles"
            },
            {
                  "doc_url": "https://gallica.bnf.fr/ark:/12148/bpt6k62287071",
                  "emotions": [
                        "surprise",
                        "excitement"
                  ],
                  "excerpt": "Louis Bréchemin ! Ces chalets surtout sont si confortables et si élégants , si proprets , si coquets , que l ' on voudrait être coq de la Flèche ou de Normandie pour habiter ces palais de Lilliput ! Eh bien ! ce que j ' aime avant tout , ce sont ces vastes et pittoresques basses - cours des fermes où , par une belle matinée d ' avril , tout s ' agite , se poursuit , se presse , crie , glousse , murmure , soupire , roucoule , nasille , picore ; fait la roue , jabote , marmotte , barbote , claironne , chante la douce épopée de la bonne chère ! De tous côtés , des vagues de plumes , des ailes qui battent , des becs qui se choquent , des pattes qui courent , des têtes charmantes qui scintillent au soleil : un fourmillement , un éblouissement , un vertige .Puis l ' imagination , fuyant à tire - d ' aile ce tableau rustique , se transporte au milieu des nappes blanches et des couverts étincelants , des daubes odorantes , des fricassées savantes et des rôtis délicieux ! La basse - cour n ' est que l ' antichambre de la table , rayonnante apothéose des Crèvecœur et des Houdan .Mais cette basse - cour , si joyeuse et si pittoresque , a des ennemis perfides et cruels , insatiables , implacables .",
                  "id": "13",
                  "title": "Élevage moderne des animaux de basse-cour. Poules et poulaillers, élevage naturel et artificiel, monographie de toutes les races, par L. Brèchemin.... (Préface de Fulbert Dumonteil.)"
            },
            {
                  "doc_url": "https://gallica.bnf.fr/ark:/12148/bpt6k9746420m",
                  "emotions": [
                        "surprise",
                        "joy",
                        "excitement",
                        "pride",
                        "gratitude"
                  ],
                  "excerpt": "je lui fis voir mes souvenirs de Sœur Céline .je lui montrai un à un les petits sachets qui renferment des fragments du linge de notre petite Sainte , quand il me dit : « Oh ! que cela sent bon ! est - ce que tu as mis du parfum dans ta boîte , mère ? » — « Voyez comme Sœur Céline nous gâte , » ajoute Mme N ..",
                  "id": "14",
                  "title": "Fleur du cloître, ou Vie édifiante de soeur Marie-Céline de la Présentation, morte en odeur de sainteté à l'âge de dix-neuf ans au monastère de Sainte-Claire de l'Ave-Maria de Bordeaux-Talence (6e édition) / par une pauvre clarisse"
            },
            {
                  "doc_url": "https://gallica.bnf.fr/ark:/12148/bpt6k57739472",
                  "emotions": [
                        "surprise"
                  ],
                  "excerpt": "Langue sale et sablée d ' un piqueté rouge trèsprononcé .Salive abondante , haleine forte et d ' une odeur particulière que je ne saurais définir ; C ' est comme VERS INTESTINAUX .69 un mélange de fade , d ' aigre et de putride ; parfois appétitvorace et quelquefois dégoût des aliments ; la bouche est pleine de salive , celle - ci pendant le sommeil coule sur l ' oreiller , l ' enfant se couche volontiers sur l ' estomac et grince des dents en dormant .",
                  "id": "15",
                  "title": "Les Petits enfants malades. Conseiller médical des mères de famille, par le Dr A. de Grand-Boulogne,..."
            },
            {
                  "doc_url": "https://gallica.bnf.fr/ark:/12148/bpt6k5442433f",
                  "emotions": [
                        "surprise",
                        "nervousness",
                        "curiosity"
                  ],
                  "excerpt": "Le printemps , qui venait d ' arriver , semblait lo premier dont elle eût apprécié l ' incomparable sourire .Jamais les arbres n ' avaient eu tant d ' élégance , jamais les prés fleuris n ' avaient exhalé de si suaves odeurs , xcv Elle épiait dans l ' herbe le réveil des insectes engourdis par l ' hiver , et quand elle surprenait le papillon dépouillant sa chrysalide , elle tremblait en se demandant si c ' était là l ' emblème de l ' âme échappant aux étreintes de la mort .Elle se sentait appelée par la reine dans le royaume des ombres , elle la voyait en songe et l ' interrogeait ; mais le fantôme passait sans lui répondre , en lui montrant les étoiles .",
                  "id": "16",
                  "title": "La Coupe / par George Sand"
            },
            {
                  "doc_url": "https://gallica.bnf.fr/ark:/12148/bpt6k64571002",
                  "emotions": [
                        "surprise"
                  ],
                  "excerpt": "mais une odeur qui devenait d ' instant en instant plus pénétrante à mesure qu ' on l ' agitait .Le Florentin ne s ' aperçut pas tout d ' abord de la provenance de ce méphitique arôme .Il tournait et retournait l ' instrument , fort surpris de son étonnante sonorité .",
                  "id": "17",
                  "title": "Les contes noirs / par Alexandre Pillon"
            },
            {
                  "doc_url": "https://gallica.bnf.fr/ark:/12148/bpt6k755062",
                  "emotions": [
                        "surprise",
                        "disgust",
                        "desire",
                        "nostalgia",
                        "excitement",
                        "gratitude"
                  ],
                  "excerpt": "0 L ' odeur délicieufe de ce fruit me le fit approcher de mes yeux » il fe trouva près de mes lèvres je tirois à longues infpirations le par } ? fum .ma bouche s ' ouvrit pour - ) exhaler cet air embaumé elle fe ! ) rouvrit pour en reprendre , je fenfis que je pouedois un odorat intërieur plus fin plus délicat encoM re que le premier , enfin je goûtai .) ) Qelle faveur jufques - là je n ' a - vois eu que des plaiurs , le go ~ p me donna le fendmenc de la Vbîupté Je cueillis un Second & M uïT troMeme fruit , ~ c je ne m ~ M l ~ ( Ms pas d ' exercer ma marin pour M fatisfaire mon goût mais une langueur agréable s ' emparant peu - apeu de rous mes fens appe ~ ann : mes membres , Se fu ~ pendic radivite de mon ame mes yeux deve ' ) ) nus inutiles fe rermerenc .",
                  "id": "18",
                  "title": "De la philosophie de la nature.... Tome 2"
            },
            {
                  "doc_url": "https://gallica.bnf.fr/ark:/12148/bpt6k62427032",
                  "emotions": [
                        "surprise",
                        "fear",
                        "doubt"
                  ],
                  "excerpt": "Indigence & douleur ont la bouche éloquente ; Pour l ' our com ' elles parler , faut en être inspiré .Ains croiriez - vous l ' éfet inespéré D ' une harangue si touchante ? Loin d ' ici , dit le Dieu d ' une voit menaçante ; Dieux chétifs , troupe insecte & de fange puante ! Allez dans vos bourbiers soufrir Be dépérir .Sans - doute parce fléau terrible , De quelque grand forfait Jupin veut vous punir .",
                  "id": "19",
                  "title": "Diogène conteur, ou les lunettes de vérité. Suivies de la Bibliothèque naturelle et d'un recueil de contes et de poésies..."
            },
            {
                  "doc_url": "https://gallica.bnf.fr/ark:/12148/bpt6k27774j",
                  "emotions": [
                        "surprise",
                        "disapproval",
                        "gratitude",
                        "disappointment"
                  ],
                  "excerpt": "< , chap .t tft : ) oh ; , petit , moisy ! if ! ' ef , ytMS , msM non mieux sentant que roses .Qu ' il a , pour M « ~ aer .",
                  "id": "20",
                  "title": "Oeuvres complètes de Mathurin Regnier. précédées de L'histoire de la satire en France pour servir de discours préliminaire / par M. Viollet le Duc"
            }
      ]
}