{
      "articles": [
            {
                  "doc_url": "https://gallica.bnf.fr/ark:/12148/bpt6k54735098",
                  "emotions": [
                        "surprise",
                        "excitement",
                        "pain"
                  ],
                  "excerpt": "sept ans , tous les signes du croup , se développent : ainsi , le jour suivant , altération ' du timbre de la voix ; le lendemain de ce même .jour , aphonie complète , toux rauque , inspiration sifflante , haleine fétide , pâleur du visage ; le matin du troisième jour , l ' enfant expire .M .",
                  "id": "1",
                  "title": "Mémoire additionnel au \"Traité pratique du croup\" , et examen critique du traité de la diphthérie, par F.-P. Émangard,..."
            },
            {
                  "doc_url": "https://gallica.bnf.fr/ark:/12148/bpt6k1415261b",
                  "emotions": [
                        "surprise",
                        "gratitude"
                  ],
                  "excerpt": "Sans altérer la tête , épanouit le cœur ; Aussi , quand mon palais est émoussé par l ’ âge , Avec plaisir encor je gortlc ton breuvage .A peine ai - je senti ta vapeur odorante , Soudain de ton climat la chaleur pénétrante Réveille tous mes sens ; sans trouble , sans chaos , Mes pensera plus nombreux accourent à grands flots .Mon idée était triste , aride , dépouillée , Elle rit , elle sort richement habillée ; Et Je crois , du génie éprouvant le réveil , Boire dans chaque goullc un rayon de soleil Citons aussi les vers charmants que Berchoux consacre au café dans son poëme de la Gastronomie : Le café vous présente une heureuse liqueur Qui , d ’ un vin trop fumeux , chassera la vapeur : Vous obtiendrez par elle , en désertant la tablé , Un esprit plus ouvert , un sang - froid plus aimable ; Bientôt , mieux disposé par ses puissants olTets , Vous pourrez vous asseoir à de nouveaux banquets .",
                  "id": "2",
                  "title": "Journal d'hygiène et de médecine populaires / rédacteurs en chef MM. Thivet,... Briois,..."
            },
            {
                  "doc_url": "https://gallica.bnf.fr/ark:/12148/bpt6k203198n",
                  "emotions": [
                        "surprise"
                  ],
                  "excerpt": "Les yeux lubriques des hommes quêtaient les sourires .Au souffle de ] a foule haletante les oriflammes se balançaient dans l ' air alourdi de parfums .Un rideau se leva sur une scène peuplée par les végétaux des tropiques .",
                  "id": "3",
                  "title": "Le vice filial / Paul Adam ; ill. de J. Dédina"
            },
            {
                  "doc_url": "https://gallica.bnf.fr/ark:/12148/bpt6k61309360",
                  "emotions": [
                        "admiration",
                        "surprise"
                  ],
                  "excerpt": "Elle se leva enfin tout émue , fiévreuse ; elle me tendit une fleur qu ' elle avait apportée comme bouquet de noces et sortit d ' un pas assuré .La fraîcheur de l ' église , l ' odeur vague de l ' encens , m ' avaient impressionné .L ' horloge sonna la demie de quatre heures — une note lourde , grave , qui me fit tressaillir .",
                  "id": "4",
                  "title": "Hélène Hermann, histoire d'un premier amour, par Aurélien Scholl"
            },
            {
                  "doc_url": "https://gallica.bnf.fr/ark:/12148/bpt6k8804706",
                  "emotions": [
                        "surprise",
                        "doubt",
                        "nervousness"
                  ],
                  "excerpt": "— Il y a 6 mois , commença à tousser .Le i4 avril i856 , survinrent des sueurs nocturnes et des hémoptysies ; entra à l ’ hôpital et présenta les caractères suivants : Pâleur anémique , expectoration de crachats nummulaires , sans odeur fétide , nageant dans un liquide aqueux ; matité — 54 — étendue à gauche , confondue avec celle du cœur ; absence du murmure respiratoire ; souffle caverneux après la toux vers le même côté que l ’ aisselle ; gargouillement en ce point et diminution sensible du timbre de la voix .— Aran crut à une affection tuberculeuse et ordonna du sirop de fer et h .",
                  "id": "5",
                  "title": "Des hémorragies dans la gangrène pulmonaire : étude anatomo-pathologique, clinique et chirurgicale / par le Dr Eugène Latruffe,..."
            },
            {
                  "doc_url": "https://gallica.bnf.fr/ark:/12148/bpt6k5828544v",
                  "emotions": [
                        "admiration",
                        "surprise"
                  ],
                  "excerpt": "L ' ammoniaque ainsi préparée 1 est un liquide / incolore , plus léger .que , d ' eaUj d ' une odeur ; ^ prineuse caractéristique , et tellement forte et ; pénétrante qu ' elle peut , .asphyxier .",
                  "id": "6",
                  "title": "L'Officine, ou Répertoire général de pharmacie pratique... par Dorvault,..."
            },
            {
                  "doc_url": "https://gallica.bnf.fr/ark:/12148/bpt6k5432680h",
                  "emotions": [
                        "surprise"
                  ],
                  "excerpt": "Ne pouvant admettre que ce fût un indigène qui eût fait feu le matin , où étaient les mains blanches alors qui nous avaient appelés ? Ayant suivi les traces de ce pied pendant près do vingt minutes , nous fûmes conduits sur un large plateau dépourvu d ' arbres et dont le terrain , se dérobant pour ainsi dire tout à coup sous les pieds , se mettait à descendre en rampes presque à pic jusqu ' au fond d ' un ravin .Des lèvres de cet abîme , d ' où s ' échappaient , comme d ' un immense encensoir , des vapeurs chaudes et embaumées , le regard plongeait à des distances infinies .A notre droite , d ' énormes masses de roches jetées pêle - mêle les unes sur les autres et soudées entre elles par tout un monde fleuri de salsepareilles , semblaient être les débris gigantesques d ' une Babylone renversée .",
                  "id": "7",
                  "title": "Aventures d'un voyageur en Australie : neuf mois de séjour chez les Nagarnooks / par H. Perron d'Arc,..."
            },
            {
                  "doc_url": "https://gallica.bnf.fr/ark:/12148/bpt6k62300h",
                  "emotions": [
                        "surprise",
                        "fear",
                        "doubt",
                        "nervousness"
                  ],
                  "excerpt": "II ! Nous voici maintenant dans la chambre nuptiale .Bon 1 voilà que vous avez peur 1 Moi déflorer les secrets d ' une première nuit de noces D ' ailleurs , les jeunes époux ne sont pas encore au lit qui leur tend cependant sa double caresse de toile blanche où la lessive a laissé de rustiques parfums .Hélène est encore enjuponnée et Pierre n ' a pas retiré son hautde - chausse .",
                  "id": "8",
                  "title": "Fabliaux gaillards / Armand Silvestre"
            },
            {
                  "doc_url": "https://gallica.bnf.fr/ark:/12148/bpt6k6328287k",
                  "emotions": [
                        "surprise"
                  ],
                  "excerpt": ".Odeur agréable , forte , ressemblant à l ' odeur de clous de girofle des œillets .- Dans le gazon , Russie , Grande - Bretagne .",
                  "id": "9",
                  "title": "Revue mycologique : recueil... illustré consacré à l'étude des champignons"
            },
            {
                  "doc_url": "https://gallica.bnf.fr/ark:/12148/bpt6k998246",
                  "emotions": [
                        "surprise",
                        "anger",
                        "annoyance",
                        "doubt",
                        "nervousness"
                  ],
                  "excerpt": "Richard se serre encore plus contre Frédéric .Madame Saint - Godibert dit entre ses dents Comment un homme comme cela n ' est - il pas dans les wagons ? Le monsieur parfumé affecte de tirer son mouchoir qui est au patchouli , et se mouche à plusieurs reprises , afin sans doute qu ' on ne croie pas qu ' il professe les mêmes principes que l ' individu qui est si mal mis .M .",
                  "id": "10",
                  "title": "La famille Gogo. Tome 1 / par Ch.-Paul de Kock"
            },
            {
                  "doc_url": "https://gallica.bnf.fr/ark:/12148/bpt6k58325359",
                  "emotions": [
                        "surprise"
                  ],
                  "excerpt": ") éPaisse » comme disPosée Par annea ? x contre le coe \" - r hSael ^ : cou - f neule , 3 , 4 ; hga ^ r ~ - Sr4 ™ i ^ ' Z ^ ^ ^ ' £ \" ^ ~ \" \" \" : \\ ' CS2 « L Cacuanfia .tticnai a , OWarw , eic I leur eris - noirâtre ; saveur acre , manifestement aromatique t ' > _ : ..",
                  "id": "11",
                  "title": "Nouvelles Règles sur l'art de formuler, avec une division méthodique des médicamens... par Jh Briand,..."
            },
            {
                  "doc_url": "https://gallica.bnf.fr/ark:/12148/bpt6k9737862c",
                  "emotions": [
                        "surprise",
                        "doubt",
                        "curiosity"
                  ],
                  "excerpt": "On compte sur un prodige ; on l ' attend .Puisque les cordes de t la harpe ne sont pas détendues , pourquoi ne frémiraient - elles plus , d ' un doux son ? quoi ! le vase n ' est point brisé , et il aurait ' perdu son parfum ! c ' est ce que l ' on se dit : en voyant l ' Atala de M .Giraudet , tableau où les figures ont l ' expression qui leur est \" propre , et que nous regardons comme une des compositions les plus distinguées de l ' école française , dans des jours où il est donné à cette école de pouvoir dresser son inventaire avec quelque orgueil .",
                  "id": "12",
                  "title": "Du Beau dans les arts d'imitation , avec un Examen raisonné des productions des diverses écoles de peinture et de sculpture, et en particulier de celle de France. Par M. Kératry"
            },
            {
                  "doc_url": "https://gallica.bnf.fr/ark:/12148/bpt6k2412567",
                  "emotions": [
                        "surprise"
                  ],
                  "excerpt": "Bruxelles , Société belge de librairie .s ' insinua la senteur des sablons , d ' une rudesse sauvage , enfin brusquement il y eut l ' envahissement des bouffées chaudes qui venaient de la cour de la ferme 1 .Nous devons à un jeune écrivain , Prosper - Henri Devos , le livre remarquable qu ' est Monna Lisa .",
                  "id": "13",
                  "title": "Le mouvement littéraire belge d'expression française depuis 1880 / Albert Heumann ; préface par M. Camille Jullian,..."
            },
            {
                  "doc_url": "https://gallica.bnf.fr/ark:/12148/bpt6k61363769",
                  "emotions": [
                        "surprise",
                        "disgust",
                        "annoyance",
                        "disapproval",
                        "frustration"
                  ],
                  "excerpt": "On devine ce qu ' était le pantalon gris clair après cette chute .Quelle désagréable chose cle traverser la ville en si piteux état ! « Et puis cela ne sent pas bon » , fit observer Léon .VISITE AU CAPRICORNE .",
                  "id": "14",
                  "title": "Les Vacances à Trouville... / Mme A. Chéron de La Bruyère"
            },
            {
                  "doc_url": "https://gallica.bnf.fr/ark:/12148/bpt6k65790286",
                  "emotions": [
                        "surprise"
                  ],
                  "excerpt": "Mon Dieu ! que voilà bien les gens blasés et capricieux ! Si Jupiter eût été condamné à la cuisine du cabaret , il n ' aurait pas manqué de faire le grand seigneur et de se plaindre amèrement du tort qu ' on lui faisait , et il aurait demandé avec de grands airs si on le prenait pour un autre ? Mais comme il était venu là en contrebande , comme les abominables frigousses de la gargote étaient du fruit nouveau et probablement du fruit défendu , comme ce n ' était point l ' heure régulière du repas , il s ' imagina qu ' il avait une envie folle de tâter de cette cuisine et qu ' il serait le plus misérable de tous les chiens s ' il ne parvenait à satisfaire tout de suite son envie .TV Oh ! que cette cahute enfumée avec son escalier disloqué lUi parut pittoresque , comparée à la froide symétrie du château ! Combien le langage viril et les gros mots de la cuisi - nière lui parurent expressifs à côté de la voix flûtée et des fades compliments de sa Jeannette à lui ! et puis quelle odeur divine s ' échappait par la porte entr ' ouverte ! « Entrons ! » se dit Jupiter .Il franchit délibérément les marches disjointes et allongea la tête dans l ' intérieur du logis .",
                  "id": "15",
                  "title": "Petits contes alsaciens (15e éd.) / par J. Girardin"
            },
            {
                  "doc_url": "https://gallica.bnf.fr/ark:/12148/bpt6k9795568v",
                  "emotions": [
                        "surprise",
                        "disgust"
                  ],
                  "excerpt": "Fauré .ajoute que cette huile , d ' un goût et d ' une odeur repoussants , contient accidentellement une faible partie d ' iode ; elle est le produit de la décomposition des foies de morue ; on la voit surnager sur ces matières putréfiées .C ' est à ce corps gras qu ' on a donné le nom d ' huile de poisson , qu ' il faut cependant distin , guer de l ' huile de baleine .",
                  "id": "16",
                  "title": "Journal de médecine-pratique, ou Recueil des travaux de la Société royale de médecine de Bordeaux"
            },
            {
                  "doc_url": "https://gallica.bnf.fr/ark:/12148/bpt6k62157109",
                  "emotions": [
                        "surprise",
                        "relief",
                        "embarrassment"
                  ],
                  "excerpt": "» Je la remerciai , et lui dis la résolution que j ' avois prise de ne me plus engager dans cette sottise .Cela se passe , on n ' y pense plus ; deux jours après je vois entrer un valet de chambre • avec une petite maison de chien , toute pleine de rubans , et sortir de cette jolie maison un petit chien tout parfumé , d ' une beauté extraordinaire , des oreilles , des soies , uue haleine douce , petit comme Sylphide , blondin comme un blondill j jamais je ne fus plus étonnée ni plus embarrassée : je voulus le renvoyer , un ne voulut jamais le reporter .La femme de chambre qui l ' avoit élevé en a pensé mourir de douleur .",
                  "id": "17",
                  "title": "Lettres choisies de Madame de Sévigné / précédées d'une notice par Grouvelle ; d'observations littéraires par Suard... ; ornées d'une galerie de portraits historiques dessinés par Staal.."
            },
            {
                  "doc_url": "https://gallica.bnf.fr/ark:/12148/bpt6k6472602m",
                  "emotions": [
                        "surprise",
                        "annoyance",
                        "doubt",
                        "curiosity"
                  ],
                  "excerpt": "MARLBOROUGH .Où diable sommes - nous , demanda Jean Cordelant à son camarade qui , s ' étant laissé choir dans un trou punais , en sortait avec peine , couvert d ' une boue fétide .quelle heure pourrait - il être ? .",
                  "id": "18",
                  "title": "Le meurtre de la vieille rue du Temple / [par Edouard Cassagnaux]"
            },
            {
                  "doc_url": "https://gallica.bnf.fr/ark:/12148/bpt6k68044r",
                  "emotions": [
                        "surprise",
                        "excitement"
                  ],
                  "excerpt": "Il entrait le soir dans les maisons , s ' asseyait près ~ de l ' âtre , acceptait le lait qu ' on lui offrait et , quand on s ' était assemblé autour de lui , il parlait d ' un pays admirable caressé par les vents d ' un souffle embaumé jardin aux fleurs somptueuses , .distillant des aromes chauds et puissants , verger inouï , aux fruits savoureux et bons , mûris par l ' astre magnifique dont on ne connaissait dans le val que le mourant reflet .On écoutait l ' inconnu avec ardeur .",
                  "id": "19",
                  "title": "Les porteurs de torches / Bernard Lazare"
            },
            {
                  "doc_url": "https://gallica.bnf.fr/ark:/12148/bpt6k5432680h",
                  "emotions": [
                        "surprise",
                        "fear",
                        "pain"
                  ],
                  "excerpt": "Mais à mon second mouvement dans ce sens , le reptile se mil à râler et à porter davantage sa tête aiguë en arrière , ce qui la faisait ressembler au fer d ' une lance prête à partir .Son haleine cliaude et fétide montait jusqu ' à mon visage et le bout de sa queue , qui battait le sol , vint à trois reprises différentes toucher mes chevilles nues .Je crus véritablement toucher à ma dernière heure .",
                  "id": "20",
                  "title": "Aventures d'un voyageur en Australie : neuf mois de séjour chez les Nagarnooks / par H. Perron d'Arc,..."
            }
      ]
}