{
      "articles": [
            {
                  "doc_url": "https://gallica.bnf.fr/ark:/12148/bpt6k5698362j",
                  "emotions": [
                        "surprise",
                        "grief",
                        "fear",
                        "nervousness"
                  ],
                  "excerpt": "Les collines AToilées cle pins et d ' orangers l ' avaient conquise à leur cause , si bien que la fille du Nord songeait parfois à devenir la souveraine du tiède empire .Aussi , quand il lui fallut partir , l ' entendîmes - nous s ' écrier , prise d ' un triste pressentiment et repoussant le Aroile dont on voulait protéger son visage : ce Laissez - moi , une fois encore , respirer cet air parfumé ! » Car il est magique , cet air - là : le miracle en sort , comme d ' une boîte à surprises .Demandez plutôt à notre ami Gimbert , l ' un des quarante médecins préposés , sur ces rives , au culte de la santé .",
                  "id": "1",
                  "title": "La Côte d'Azur / Stéphen Liégeard"
            },
            {
                  "doc_url": "https://gallica.bnf.fr/ark:/12148/bpt6k66354d",
                  "emotions": [
                        "surprise",
                        "curiosity"
                  ],
                  "excerpt": "Je m ' en laisse verser un verre ; je le respire .a Quelle e singulière odeur , » lui dis - je tranquillement , c je suis sûr que ce vin a quelque chose .Ce « sera une mauvaise bouteille , » fait Navagero < il faut la jeter .",
                  "id": "2",
                  "title": "Une idylle tragique : moeurs cosmopolites / Paul Bourget"
            },
            {
                  "doc_url": "https://gallica.bnf.fr/ark:/12148/bpt6k3186366",
                  "emotions": [
                        "surprise"
                  ],
                  "excerpt": "» Revenons au Kuhn , lequel , d ’ ailleurs , passe pour propice au flirt , voire au mariage ; et l ’ on y vient de loin pour vérifier cette double renommée .J ’ ai vu d ’ étranges choses , dans cette salle à manger où les mâchoires fonctionnant par centaines , sur un filet de bœuf garni , ou une volaille à la Stanley , rappellent le verset apocalyptique : « une voix s ’ éleva , pareille au bruit des Grandes Eaux » ; salle à manger , où , certains jours de la semaine , on s ’ ébat , et l ’ on balle , dans des relents mal aérés de poulet demi - deuil .Gomment oublier ces vastes affiches appendues par toute la région , jusque sur les pins et sur les rocs , annonçant une représentation donnée par des Amateurs du Kuhn , et dont , précisément à cette ligne , un mauvais plaisant , ou un coup de vent facétieux , avait scandaleusement enlevé l ’ M ! .",
                  "id": "3",
                  "title": "Altesses sérénissimes / Robert de Montesquiou"
            },
            {
                  "doc_url": "https://gallica.bnf.fr/ark:/12148/bpt6k5459403r",
                  "emotions": [
                        "surprise",
                        "disgust"
                  ],
                  "excerpt": "L ' abcès avait tous les caractères d ' un foyerfpus - mammaire venu du parenchyme glanduleux ^ du volume du poing environ , il proéminaif endéhora et en bas de la mamelle .Au moment où j ' en fis l ' ouverture avec le bistouri , il ensortità peuprès , un verre de pus , d ' une qdeur tellement infecte , que les élèves se retirèrent tous du lit de la malade ..",
                  "id": "4",
                  "title": "Étude sur la pathogénie des abcès fétides / par Arthur-Auguste Pichancourt,..."
            },
            {
                  "doc_url": "https://gallica.bnf.fr/ark:/12148/bpt6k5540859p",
                  "emotions": [
                        "surprise",
                        "doubt"
                  ],
                  "excerpt": "À elle seule ne suffirait - elle pas à expliquer les ravages que les épidémies exercent dans certaines contrées ? C ' est au pratieieu des campagnes qu ' il appartient d ' apprécier toute l ' influence de cette contagion indirecte .Comment n ' èh ; serait - il pas frappé , quand il verra dans les campagnes toutes les causes d ' insalubrité jointes à l ' incurie la plus complète , des habitations mal aérées , basses de plafond , humides , et recevant du dehors des émanations malsaines ( 1 ) ? La même ehambre abrite toute la famille pendant la nuit ; malades ou non , les enfants couchent plusieurs dans le même lit : aussi le plus ' souvent les voit - on tous malades à la fois .Il m ' est arrivé , dans le cours de l ' épidémie de diphthérite , dé trouver ■ dans un même lit ' trois enfants atteints de la maladie , dont un succombait au moment où j ' entrais ; le deuxième moribond mourut dans la soirée ; le troisième , gravement malade , survécut encore quelques jours ( 2 ) .",
                  "id": "5",
                  "title": "Études pratiques sur l'angine couenneuse, à propos d'une épidémie qui a régné dans l'arrondissement d'Issoudun pendant les années 1856, 1857, 1858 et 1859 / par le Dr Jugand,..."
            },
            {
                  "doc_url": "https://gallica.bnf.fr/ark:/12148/bpt6k3114201",
                  "emotions": [
                        "surprise",
                        "disgust",
                        "fear"
                  ],
                  "excerpt": "EN AFRIQUE » 27 Je fus conduit , après cela , vers une hutte absolument écartée de toutes les autres ; elle renfermoit ( quel spectacle ! ) un malheureux couvert d ’ ulcères de la tête aux pieds .Je me baissois pour entrerp une odeur infecte qui sortoit de cette hutte me fit reculer d ’ horreur .Cette pauvre créature étoit là , gisante depuis plus d ’ un an , sans que personne osât l ’ approcher , tant on craignoit la communication de sa maladie , qui passoitpour contagieuse ! Sa femme , en effet , et deux en - fans venoient d ’ en mourir il 11 ’ y avoit pas deux mois .",
                  "id": "6",
                  "title": "Voyage de M. Le Vaillant [\"sic\"] dans l'intérieur de l'Afrique, par le cap de Bonne-Espérance, dans les années 1780, 81, 82, 83, 84 et 85..."
            },
            {
                  "doc_url": "https://gallica.bnf.fr/ark:/12148/bpt6k5796176h",
                  "emotions": [
                        "surprise",
                        "doubt"
                  ],
                  "excerpt": "Oh viens , infortuné , je garde à ta souffrance Ma pari de ce don précieux ! Je veux te faire encor sourire à l ' espérance Et trouver beau l ' azur des cieux ! Sans crainte et sans réserve , épanche dans mon am < Des maux qui vont bientôt cesser 5 Laisse - la consumer comme une sainte flamme Ce que l ' oubli doit effacer 3 » y 54 - < - E Et , vers le but sublime où la vertu t ' appelle , Marchant d ' un pas mieux affermi , Tu sauras ce que vaut pour celui qui chancelle $ L ' appui d ' un véritable ami ! PARFUM ET SOUTENIR .As - tu vu la rose brillante S ' ouvrir au souffle du matin $ Et bientôt sa feuille odorante , Du vallon joncher le chemin ? Le jour fuit , sur son aile humide Le vent du soir d ' un vol rapide s — ► 56 • < ■ - e Emporte ces débris épars ; Mais son parfum révèle encore La place où , reine d ' une aurore , La rose charmait nos regards .Ainsi , riante et mensongère , L ' espérance , à notre matin Devant nous d ' une main légère , » Sème des fleurs sur le chemin .",
                  "id": "7",
                  "title": "Les Préludes, poésies, par Jules Canonge"
            },
            {
                  "doc_url": "https://gallica.bnf.fr/ark:/12148/bpt6k55894989",
                  "emotions": [
                        "surprise"
                  ],
                  "excerpt": "clans le sang .Cependant , à peine la tête était - elle tombée , sanguinolente , que la foule s ' était ruée comme pour flairer le sang de plus près .Mais les soldats croisèrent la baïonnette pour s ' opposer à ce sauvage déchaînement , et les gendarmes se tinrent prêts à charger .",
                  "id": "8",
                  "title": "Jeanne l'alsacienne. 1"
            },
            {
                  "doc_url": "https://gallica.bnf.fr/ark:/12148/bpt6k42337132",
                  "emotions": [
                        "surprise",
                        "fear"
                  ],
                  "excerpt": "C ’ était , en cette nuit funèbre , un tableau terrible et solennel ; la foule , entassée sur les places publiques , implorait à genoux la miséricorde céleste ; chacun appelait , d ’ une voix déchirante , ses enfants ou ses amis , que l ’ on croyait ensevelis sous les ruines .Un ciel opaque , d ’ une teinte sinistre ; un mouvement du sol , rapide et irrégulier , causant une terreur indescriptible ; une forte odeur sulfureuse emplissant l ’ atmosphère et faisant prévoir une prochaine éruption du volcan ; les rues encombrées de ruines ; les murailles penchées menaçant de tomber ; un nuage de poussière suffocant , — tel était le spectacle que présentait la malheureuse cité en cette nuit épouvantable .Une centaine d ’ enfants étaient enfermés dans le collège ; les hôpitaux étaient remplis de malades , les casernes pleines de soldats .",
                  "id": "9",
                  "title": "Les Volcans et les tremblements de terre... / Arnold Boscowitz"
            },
            {
                  "doc_url": "https://gallica.bnf.fr/ark:/12148/bpt6k5783443z",
                  "emotions": [
                        "surprise"
                  ],
                  "excerpt": "Dieu devait , cette fois , bénir la constance et exaucer les voeux de son royal serviteur .A peine eut - on ouvert le second tombeau , qu ' une odeur exquise , signe miraculeux de la présence des saintes reliques , s ' en échappa .Le corps de la sainte Pénitente avait assurément subi des ans l ' irréparable outrage ; pourtant , une partie de son front était dans un état parfait de conservation , c ' est - à - dire d ' une ' fraîcheur et d ' une souplesse mer - : — s » — .",
                  "id": "10",
                  "title": "Ste Marie-Madeleine et son sanctuaire de Nauzenac au diocèse de Tulle / par l'abbé D.-A. Patrice La Roche"
            },
            {
                  "doc_url": "https://gallica.bnf.fr/ark:/12148/bpt6k1039062",
                  "emotions": [
                        "surprise",
                        "joy",
                        "love",
                        "nostalgia",
                        "pride",
                        "gratitude"
                  ],
                  "excerpt": "Il la revoyait comme tout à l ' heure encore , sur le perron , au moment du départ , immobile et sous les traits impassibles de sa propre destinée , à lui , laquelle était certainement de souffrir et de mourir pour elle l Oh 1 ravoir , au prix d ' une infamie nouvelle , qe corps admirable dans ses bras Revivre les extases vécues , s ' abimer dans un renouveau des fureurs délicieuses où la terre elle - même semblait s ' effondrer sous lears embrasements t Sentir encore la fraîcheur mordante de ces lèvres , rose dont la coro .te avait des épines savoureuses aux lèvres ) i Respirer encore l ' arome mystérieux et vi - vant de ce beau corps d ' où la lumière semblait faire monter des parfums 1 Ressusciter Lazare ) dans un linceul de délices Il haletait à ces pensées tumultueuses ; des baisers lui montaient à la gorge et l ' étoufTaiont , des bai - 1 sers qui venaient du pins profond de son être .I Et il se routait comme un fou sur son Ut , se 1 disant que , pour de telles ivresses , il était prêt < à tout livrer , à tout violer , à tout trahir .",
                  "id": "11",
                  "title": "La Vie populaire : édition hebdomadaire du Petit Parisien"
            },
            {
                  "doc_url": "https://gallica.bnf.fr/ark:/12148/bpt6k5858524x",
                  "emotions": [
                        "surprise",
                        "disgust",
                        "fear",
                        "pain"
                  ],
                  "excerpt": "Il sourit et les invita d ' un signe à le suivre .Il les introduisit dans une étable et Durtal recula , assourdi par des cris affreux , suffoqué par l ' ardeur pestilentielle des purins .Tous les porcs se dressaient debout , der1 ière leur barrière , hurlaient d ' allégresse , à la vue du frère .",
                  "id": "12",
                  "title": "Pages catholiques / J.-K. Huysmans ; préface de M. l'abbé A. Mugnier"
            },
            {
                  "doc_url": "https://gallica.bnf.fr/ark:/12148/bpt6k948267b",
                  "emotions": [
                        "surprise",
                        "disgust"
                  ],
                  "excerpt": "Il en respirait encore la senteur tenace du coaltar dont étaient badigeonnés le bas des murs ; et des hauts - le - cœur le secouaient lorsqu ’ il évoquait la chambrée , après l ’ appel du soir , alors que les hommes dévêtus se glissent au lit .Oh ! cette odeur spéciale , complexe et indéfinissable ! Dans la pénombre de la carrée , il croyait la voir , palpable près - ■ H LES CHIMÈRES que à force d ’ être dense , flottant lourdement autour du quinquet qui charbonne , tel le halo d ’ une lune sale .Il eût voulu en discerner la composition , et , par une subtile analyse , en isoler les divers éléments ; mais c ’ était une opération ardue au plus haut point , car — ainsi que dans un orchestre le voisinage des cuivres — les violentes émanations de ses voisins occupaient son odorat , l ’ empêchant de bien percevoir la grandeur de l ’ ensemble .",
                  "id": "13",
                  "title": "Les Chimères : revue littéraire / [directeurs Noël Olivier-Gaule, Alfred Machard] ; [rédacteur en chef Adrien Bertrand]"
            },
            {
                  "doc_url": "https://gallica.bnf.fr/ark:/12148/bpt6k6459409f",
                  "emotions": [
                        "surprise",
                        "annoyance"
                  ],
                  "excerpt": "le gouverneur s ' assit , sans façon , auprès de madame de Valois .Une forte odeur d ' ail nous frappa , désagréablement , l ' odorat .L ' olla - podrida , le mets essentiel du repas , en était infecté .",
                  "id": "14",
                  "title": "La Sainte Ligue, ou la Mouche, pour servir de suite aux Annales du fanatisme, de la superstition et de l'hypocrisie, par Pigault-Lebrun,.... Tome 5"
            },
            {
                  "doc_url": "https://gallica.bnf.fr/ark:/12148/bpt6k80485x",
                  "emotions": [
                        "surprise",
                        "disgust",
                        "nervousness"
                  ],
                  "excerpt": "Comme il traversait la place de l ' Opéra , un omnibus faillit l ' écraser et lui rappela brutalement la peur que Mme Noyzé à son bras manifestait en se faufilant entre les voitures , ce soir mou d ' hiver où sa jaquette d ' astrakan exhalait un parfum de fourrure .D ' autres parfums d ' elle , alors , le hantèrent , et jusqu ' à cette dolente odeur d ' éther qu ' un flacon répandait , à côté de son lit , quand , deux jours auparavant , il l ' avait surprise , alanguie de fièvre , et qu ' un brusque transport , effrayé et furieux comme un crime , avait mêlé leurs lèvres , au risque d ' être surpris .11 revit , à quelques centimètres de sa .",
                  "id": "15",
                  "title": "L'essor / Paul Margueritte ; illustrations d'après les aquarelles de Mangonot"
            },
            {
                  "doc_url": "https://gallica.bnf.fr/ark:/12148/bpt6k5786445q",
                  "emotions": [
                        "surprise",
                        "fear",
                        "pain"
                  ],
                  "excerpt": "Comme un marin échappé à la perte d ' un navire , qui pendant une lieue lutte contre les flots et coule à fond à bout d ' efforts , le célibataire sentait le coeur lui manquer .Des chaleurs morbides , parties de l ' intérieur , faisaient osciller sa tête et rendaient , haletante sa respiration .Tout à coup , l ' infernal tapage de la sonnette se fit entendre .",
                  "id": "16",
                  "title": "Contes choisis : Les trouvailles de monsieur Bretoncel ; La sonnette de monsieur Berloquin ; Monsieur Tringle / Champfleury ; nombreuses illustrations dans le texte à l'eau-forte et en typographie, par Evert Van Muyden"
            },
            {
                  "doc_url": "https://gallica.bnf.fr/ark:/12148/bpt6k61180058",
                  "emotions": [
                        "admiration",
                        "surprise",
                        "nostalgia",
                        "gratitude",
                        "doubt"
                  ],
                  "excerpt": "LA VIEILLE ET LA BOUTEILLE .UNE vieille aperçut une bouteille vide Qui répandait au loin des restes d ' un vin vieux Les effluves délicieux ; La saisissant soudain , d ' une narine avide Elle aspire à longs , traits la suave vapeur , Et dit : Qu ' étais - tu donc , ô divine liqueur ! Si tes restes exquis que ce vase recèle Ont encor pour moi tant d ' attrait ! C ' est qu ' une bonne chose plaît Jusqu ' à la dernière parcelle .56 LIVRE II .",
                  "id": "17",
                  "title": "Fables (4e édition augmentée d'un sixième livre et illustrée...) / par Boyer-Nioche"
            },
            {
                  "doc_url": "https://gallica.bnf.fr/ark:/12148/bpt6k81117v",
                  "emotions": [
                        "surprise",
                        "grief",
                        "fear",
                        "love",
                        "excitement"
                  ],
                  "excerpt": "Chaque rameau axillaire sortait d ' une gaine ivoirine en forme de sexe et se terminait par une grappe de toutes petites fleurs , serrées l ' une contre l ' autre et couvertes de pollen .C ' est elle ! c ' est elle Oh l mon chéri ! En enet , une odeur puissante , phosphatée , une odeur de semence humaine montait de cette plante .Clara cueillit la tige , me força à en respirer l ' étrange odeur , puis , me barbouillant le visage de pollen Oh ! chéri , chéri fU - elIe .",
                  "id": "18",
                  "title": "Le jardin des supplices / [Octave Mirbeau]"
            },
            {
                  "doc_url": "https://gallica.bnf.fr/ark:/12148/bpt6k97702553",
                  "emotions": [
                        "surprise",
                        "doubt"
                  ],
                  "excerpt": ".Est - ce la lune d ' hier qui diminue ou la lune de ses soirs noirs neuve - venue — qui d ' une image de prahou qu ' on taillerait d ' un quartier de la noix kelapa , tranquille et creusement vogue aux vapeurs d ' azur ? Ma vie est dans la vie , ainsi qu ' en tes mains à nuit latente ton menton lisse , l ' on dirait d ' huile odorante ..",
                  "id": "19",
                  "title": "Le pantoun des pantoun : poème javanais / René Ghil"
            },
            {
                  "doc_url": "https://gallica.bnf.fr/ark:/12148/bpt6k105492n",
                  "emotions": [
                        "surprise",
                        "grief",
                        "nostalgia",
                        "envy",
                        "disappointment"
                  ],
                  "excerpt": "Ce n ' est point une étrangère , mais une compatriote , une DRM & NOME .Oh 1 si vous l ' aviez vue 1 Si vous l ' aviez entendue t La jeune fille , aux clartés des bougies comme en plein soleil , n ' a pas besoin de fard ; la noble artiste , au bruit des bravos comme ~ u coin du feu , a toute sa candeur ; la fieur , transplantée sur les bords de la Seine , a tout son parfum natal .Hier , par un temps affreux , j ' errais comme une âme en peine .",
                  "id": "20",
                  "title": "Causeries parisiennes / par Raimond de Miravals"
            }
      ]
}