{
      "articles": [
            {
                  "doc_url": "https://gallica.bnf.fr/ark:/12148/bpt6k80262q",
                  "emotions": [
                        "surprise",
                        "disgust",
                        "doubt",
                        "embarrassment"
                  ],
                  "excerpt": "« Elle était indolemment couchée sur l ' herbe ; sa blonde tète reposait sur le revers de sa blanche main .Que de candeur ! que de chaste volupté ! Un lutin malicieux avait sans doute relevé le bas de sa robe , car sa jambe se voyait trop cette vue m ' était fatale ; pourtant j ' eus la vertu , en m ' agenouillant , de baisser un peu le bas de sa robe ; mais dites - moi , que serait - il advenu si ma main se fût révoltée ? Ce souvenir vient me brûler en ma froide prison , pans ma contemplation , je respirai comme un divin encens la douce fraîcheur de son haleine .Une touffe de ses beaux cheveux était éparse sur sa joue , j ' admirais leur éclat , quand une guêpe vint s ' abattre sur ses lèvres comme sur la pourpre de la vigne ; j ' agitai la main , mais il était trop tard ; là guêpe s ' envola eh laissant sur la bouche dé Marie son dard envenimé .",
                  "id": "1",
                  "title": "La pêcheresse / par Arsène Houssaye"
            },
            {
                  "doc_url": "https://gallica.bnf.fr/ark:/12148/bpt6k80262q",
                  "emotions": [
                        "surprise",
                        "grief",
                        "disgust",
                        "fear",
                        "nostalgia",
                        "despair"
                  ],
                  "excerpt": "Ce spectacle allait bien au deuil de mon amour , mon amour qui devait finir avec l ' hiver ! lh « VCe ! songe vint me surprendre une nuit .J ' étais dans : Un désert aride ; un crêpe funèbre voilait le ciel , 1 odeur des pavots et l ' odeur de la tombe m ' arrivaient par bouffées ; je n ' entendais que lesilence , jene voyais que l ' ombre , j ' étais saisi d ' une froide horreur .Un sillon lumineux traversa l ' espacé et un ange se pencha vers moi : « Je suis l ' âme d ' Isaure , » me cria - t - il d ' une voix solennelle .",
                  "id": "2",
                  "title": "La pêcheresse / par Arsène Houssaye"
            },
            {
                  "doc_url": "https://gallica.bnf.fr/ark:/12148/bpt6k5659745m",
                  "emotions": [
                        "surprise",
                        "courage",
                        "excitement"
                  ],
                  "excerpt": "Malheureusement le - Michel - de - Bourges a remonté dansées régions où les hommes qui sont dans la nacelle ont perdu le pouvoir de gouverner leur système respiratoire , de paralyser pendant quelques instants le 94 FALEMPIN , OU L ' ESPION AÉRIEN mouvement d ' inspiration .Rebelles à sa volonté , ses lèvres s ' ouvrent d ' elles - mêmes , il a respiré quelques parcelles de cet air empesté , qui envahit les colombes .Une s ' appartient plus , il estdompté , il n ' est plus , au moins en apparence , qu ' un cadavre .",
                  "id": "3",
                  "title": "Falempin ou L'espion aérien : roman patriotique du siège de Paris / Wilfrid de Fonvielle ; ill. de Carrey"
            },
            {
                  "doc_url": "https://gallica.bnf.fr/ark:/12148/bpt6k405674z",
                  "emotions": [
                        "surprise",
                        "doubt"
                  ],
                  "excerpt": "Aux devantures , sont pendus des burnous et des robes , des harnais et des têtières de perles pour chameaux ; surtout de ces verroteries , bracelets et colliers , qui se fabriquent à Hébron depuis des époques très reculées .On y voit confusément ; on marche dans une buée de poussière , dans une odeur d ' épices et d ' ambre , en glissant sur de vieilles dalles luisantes , polies pendant des siècles par des babouches ou des pieds nus .Aux abords de la grande mosquée , des instants de nuit , dans des ruelles qui montent , voûtées en ogive , comme d ' étroites nefs le long de ces passages , s ' ouvrent des portes de maisons millénaires , ornées d ' informes débris d ' inscriptions ou de sculptures , et nous frôlons en chemin de monstrueuses pierres de soubassement qui doivent être contemporaines des rois hébreux .",
                  "id": "4",
                  "title": "Jérusalem (Quarante-septième édition) / Pierre Loti,..."
            },
            {
                  "doc_url": "https://gallica.bnf.fr/ark:/12148/bpt6k5732320x",
                  "emotions": [
                        "surprise"
                  ],
                  "excerpt": "Cazenave n ' a pu signaler ni rougeur , ni chaleur , ni démangeaisons .A un moment donné , le malade s ' aperçoit que sa chevelure devient grasse , comme imprégnée d ' une matière huileuse , épaisse , exhalant une odeur qui se rapproche assez de celle de la cire , mais qui , chose remarquable , ne se convertit ni en croûtes ni en squames .( 1 ) Traité des maladies du cuir chevelu , etc .",
                  "id": "5",
                  "title": "Traité élémentaire des maladies de la peau, par Maurice Chausit,... d'après l'enseignement théorique et les leçons cliniques de M. le Dr A. Cazenave,..."
            },
            {
                  "doc_url": "https://gallica.bnf.fr/ark:/12148/bpt6k6297185s",
                  "emotions": [
                        "surprise",
                        "doubt"
                  ],
                  "excerpt": "MAURICE Tu es expert en ces matières .COUIIE DE LA BOUCHE ET APPAIIEIL DU GOUT ET DE L ' ODORAT HENRIETTE Comment se fait - il qu ' on ne soit pas encore arrivé à se rendre compte d ' un phénomène aussi vulgaire et en apparence aussi simple ? Car enfin on mange sur terre depuis la création .M .",
                  "id": "6",
                  "title": "Les cinq sens / par Mme Gustave Demoulin"
            },
            {
                  "doc_url": "https://gallica.bnf.fr/ark:/12148/bpt6k6297185s",
                  "emotions": [
                        "surprise",
                        "curiosity"
                  ],
                  "excerpt": "Oh ! comme ça sent bon ! Mais que d ' affaire pour sentir les bonnes ou les mauvaises odeurs ! Et dire que tout cela se fait sans que nous nous en doutions .HENRIETTE Ce qui m ' étonne le plus , c ' est la petitesse que doivent avoir ces corpuscules odorants qui pénètrent si subtilement jusqu ' aux fibres affectant le nerf olfactif .MADAME LAURIN Je suis bien plus surprise en songeant à l ' effet que produisent ces corpuscules , malgré leur extrême ténuité ! M .",
                  "id": "7",
                  "title": "Les cinq sens / par Mme Gustave Demoulin"
            },
            {
                  "doc_url": "https://gallica.bnf.fr/ark:/12148/bpt6k9693416x",
                  "emotions": [
                        "surprise"
                  ],
                  "excerpt": "MM .Billard , Mougeot et Dagniac , frappés par l ' odeur perçue au voisinage des sources , eurent l ' idée de faire barboter les gaz dans une solution légèrement acide d ' acétate de plomb .Ils ont obtenu dans ces conditions un précipité noir présentant tous les caractères analytiques du sulfure de plomb , ce qui permet de conclure à la présence de l ' hydrogène sulfuré dans les gaz examinés .",
                  "id": "8",
                  "title": "La Presse thermale et climatique : stations thermales, balnéaires, climatiques et touristiques"
            },
            {
                  "doc_url": "https://gallica.bnf.fr/ark:/12148/bpt6k1020738",
                  "emotions": [
                        "surprise",
                        "doubt",
                        "curiosity"
                  ],
                  "excerpt": "Cependant , voici une pauvre hutte penchée vers l ' eau , elle s ' y mire avec ses petites vitres , son toit rabattu el son rosier .Qui es - tu , toi qui vis là - dedans ' Comprends - tu la magie de cette nappe limpide ' As - tu contemplé ces bleus abîmes au travers des branches de ton arbre ' Respires - tu le parfum de les roses ? T ' assieds - tu le soit .devant ta fenêtre , sous tes œillets qui pendent en nappe écal ' Iale ? Regardes - tu la moniagne , el ta pensée suit - elle longtemps la Iumiére qui va décroissant derrière les crêtes du Jura 9 Le dog - cart s ' est arrêté .",
                  "id": "9",
                  "title": "Bande du Jura. Tome 1 / [par la Ctesse A. de Gasparin]"
            },
            {
                  "doc_url": "https://gallica.bnf.fr/ark:/12148/bpt6k1020738",
                  "emotions": [
                        "surprise",
                        "joy",
                        "excitement",
                        "amusement"
                  ],
                  "excerpt": "Enfin on le met debout ; il regarde d ' un air .stupétait , rit , hume le sorbet qu ' on tient près de ses lèvres et voilà un petit homme ressuscité .Pour Edgar , son aîné de trois ans , ni repos ni trêve .",
                  "id": "10",
                  "title": "Bande du Jura. Tome 1 / [par la Ctesse A. de Gasparin]"
            },
            {
                  "doc_url": "https://gallica.bnf.fr/ark:/12148/bpt6k64680914",
                  "emotions": [
                        "surprise"
                  ],
                  "excerpt": "Une chose qu ' il faut bien savoir , c ' est que les enfants s ' enrhument aussi bien en restant à la maison qu ' en sortant au grand air .C ' est tous les jours que les médecins entendent dire dans les familles : c ' est étonnant que mon enfant se soit enrhumé , il n ' est pas sorti et il est si chaudement vêtu ! Rien d ' étonnant à cela , car ce qui enrhume les enfants n ' est pas tant l ' air froid qu ' ils respirent , que le contact d ' un courant d ' air sur leur corps en sueur .Si l ' on a soin de quitter la flanelle en été , on n ' a à craindre aucun accident provenant de cette suppression , quel que soit le nombre d ' années depuis lequel on s ' y est habitué .",
                  "id": "11",
                  "title": "Hygiène et éducation de l'enfance, conseils aux jeunes mères, par le Dr É. Golay,..."
            },
            {
                  "doc_url": "https://gallica.bnf.fr/ark:/12148/bpt6k9766317b",
                  "emotions": [
                        "surprise"
                  ],
                  "excerpt": "d ' examiner ces eaux suivant les principes de la phisique , & de la chimie .Ces expériences faites d ' abord sur les lieux , le goût ferrugineux de l ' Eau , son odeur , son poids spécilique , l ' écume d ' un jaune d ' orange , qui couvroit le baÍfin , par lequel cette Fontaine coule , me donnèrent à connoitre , qu ' elle n ' etoit pas une Eau ordinaire , & qu ' elle étoit beaucoup chargée de minéraux .En aïant transporté à Saarbruck , dans des cruches bien bouchées & goudronnées , j ' en fis faire l ' évaporation parle Sieur Wilckens , Apoticaire de la Cour ; on en distilla en même tems une autre quantité au bain - marie & l ' on apprit par ces essais , que l ' Eau de cette fontaine contenoit un bon .",
                  "id": "12",
                  "title": "Analyse des qualités et des vertus de la fontaine minérale de Neuweyer, dite la Bonne-Fontaine, située au comté de Saarwerden dans le grand bailliage de Harskirch ... Par J.-Guillaume Becker,..."
            },
            {
                  "doc_url": "https://gallica.bnf.fr/ark:/12148/bpt6k64555655",
                  "emotions": [
                        "admiration",
                        "surprise",
                        "gratitude"
                  ],
                  "excerpt": "» Et tirant gloire merveilleuse - de sa patrie de soleil , — il disait , le gentil gars , en sa langue d ' or , — et la mer bleue qui tremble , — et Mont - Majour qui paît les meules — de pleines mannes d ' olives molles , — et le beuglement qu ' aux marécages fait ouïr le butor .Mais , ô cité douce et brune , — ta merveille suprême , — il oublia , l ' enfant , de la dire : le ciel , — ô féconde terre d ' Arles , donne — la beauté pure à tes filles , — comme les raisins à l ' automne , — des senteurs aux montagnes et des ailes à l ' oiseau .Inattentive , la fille des champs — était là debout et pensive : — « Beau gars , si tu veux , dit - elle , venir avec moi , — avec moi viens ! Sur les saules — avant que la raine s ' entende — chanter , il faut que mon pied se pose - de l ' autre côté du Rhône , à la garde de Dieu ! » Lou drouloun ie digue : Pecaire ! Capitas ben : sian de pescaire .",
                  "id": "13",
                  "title": "Mirèio : pouèmo prouvençau / de Frederi Mistral ; emé la traducioun literalo en regard"
            },
            {
                  "doc_url": "https://gallica.bnf.fr/ark:/12148/bpt6k96459943",
                  "emotions": [
                        "surprise"
                  ],
                  "excerpt": "J E fis acheter au marché , peu de temps après la moisson , du froment tellement humide , qu ' il avoit déjà produit des germes d ' une ligne de longueur .Je le fis étuver avec loin : on voyoit sortir par les ouvertures du haut de l ' étuve une fumée épaisse qu ' on pouvoit comparer à la vapeur de l ' eau bouillante ; celle - là répandoit une odeur semblable à celle du fumier de pigeon .Ce grain ayant été bien étuvé , avoit entièrement perdu la mauvaise odeur qu ' il portoit avant d ' avoir été mis à l ' étuve ; je l ' ai conservé pendant quatre ans , avec autant de facilité que du grain qui auroit été récolté dans une année seche .",
                  "id": "14",
                  "title": "Supplément au Traité de la conservation des grains ; contenant plusieurs nouvelles expériences... par M. Duhamel Du Monceau,... avec plusieurs mémoires d'agriculture adressés à l'auteur"
            },
            {
                  "doc_url": "https://gallica.bnf.fr/ark:/12148/bpt6k5844498c",
                  "emotions": [
                        "surprise"
                  ],
                  "excerpt": [
                        "( SOétOna n , f .Liquide incolore , d ' odeur étbérée , volatil , inflammable , qui te forme lorsqu ' on distille ua acétate .acétylène a .",
                        "Qui tient de la nature du soufre : ecu , exhalaison sulfureuse .Aride sulfureux , combinaison da soufre arec l ' oxygène , que l ' on emploie comme désinfectant et comme décolorant .SUlfurlque adj ."
                  ],
                  "id": "15",
                  "title": "Larousse classique illustré : nouveau dictionnaire encyclopédique / par Claude Augé..."
            },
            {
                  "doc_url": "https://gallica.bnf.fr/ark:/12148/bpt6k9780160b",
                  "emotions": [
                        "admiration",
                        "surprise",
                        "pride",
                        "doubt",
                        "curiosity",
                        "faith"
                  ],
                  "excerpt": "Leur grandeur prime dans ce lieu .Mais n ' y a - t - il pas plus bas des fleurs divines ? Est - ce que dans l ' air ambiant , le parfum n ' étonne pas ? Est ce que , en regardant , vers le fond , on ne découvre p \" s avec une j ' ue presrjue eu aminé de , arcs en ciel où réside toute la beauté de la gamme de feu , des nuages dont la forme renferme le secret des courbes , des irisements capricieux , des lumières inconnues , des lignes d ' une délicatesse jamais admirée auparavant ? Si ..",
                  "id": "16",
                  "title": "Quelques petites âmes d'ici et d'ailleurs / E. Gómez Carrillo ; traduit de l'espagnol, par Ch. Barthez ; [préface de Marcel Lami]"
            },
            {
                  "doc_url": "https://gallica.bnf.fr/ark:/12148/bpt6k6464405h",
                  "emotions": [
                        "surprise"
                  ],
                  "excerpt": "— Cette chevelure aux longs anneaux qui flotte sur vos épaules , Belkiss , la Fée aux Miettes ne l ' a point ! — Oh ! que cela ne t ' étonne pas , dit - elle , c ' est que je ne la montre qu ' à mon mari .— Ces deux grandes dents de la Fée aux Miettes , Belkiss , je ne les retrouve pas entre vos lèvres fraîches et parfumées ! — Oh ! que cela ne t ' étonne pas , dit - elle , c ' est que c ' est une parure de luxe qui ne convient qu ' à la vieillesse .— Ce trouble voluptueux , ces délices presque mortelles qui me saisissent auprès de vous , Belkiss , je ne les connoissois pas auprès de la Fée aux Miettes ! — Oh ! que cela ne t ' étonne pas , dit - elle , c ' est que la nuit tous les chats sont gris .",
                  "id": "17",
                  "title": "Contes fantastiques... (Nouvelle édition, accompagnée de notes)"
            },
            {
                  "doc_url": "https://gallica.bnf.fr/ark:/12148/bpt6k75193q",
                  "emotions": [
                        "surprise",
                        "doubt",
                        "faith"
                  ],
                  "excerpt": "Eh bien qu ' il soit permis d ' en baiser la poussière Au moins crédule enfant de ce siècle sans foi , Et de pleurer , ô Christ , sur cette froide terre Qui vivait de ta mort et qui mourra sans toi Oh ! maintenant ; , mon Dieu , qui lui rendra la vie ? Du plus pur de ton sang tu l ' avais rajeunie Jésus , ce que tu fis , qui jamais le fera ? Nous , vieillards nés d ' hier , qui nous rajeunira ? Nous sommes aussi vieux qu ' au jour de ta naissance ; Nous attendons autant , nous avons plus perdu Plus livide et plus froid , dans son cercueil immense , Pour la seconde fois Lazare est descendu .Où donc est le Sauveur , pour entr ' ouvrir nos tombes ? Où donc le vieux saint Paul , haranguant les Romains , Suspendant tout un peuple à sps haillons divins ? Où donc est le cénacle , où donc les catacombes ? Avec qui marche donc l ' auréole de feu ? Sur quels pieds tombez - vous , parfums de Madeleine ? Où donc vibre dans l ' air une voix plus qu ' humaine ? Qui de nous , qui de .nous va devenir un Dieu ? Il n ' y a peut - être pas , dans cette page , trois rimes qui attirent l ' attention ; beaucoup sont à peine suffisantes ( sans consonne d ' appui ) , pas une n ' est riche ; l ' esprit n ' est frappé que par la série de pensées et d ' images qui remplissent les vers , par le mouvement et le rythme qui entraînent le tout comme un flot .",
                  "id": "18",
                  "title": "L'art au point de vue sociologique (13e éd.) / par J. M. Guyau"
            },
            {
                  "doc_url": "https://gallica.bnf.fr/ark:/12148/bpt6k28187g",
                  "emotions": [
                        "surprise"
                  ],
                  "excerpt": "Ma curiosité satisfaite , il ne me restait plus qu ' à prendre congé de ces dames , et j ' avais déjà saisi ma canne et mon chapeau , quand l ' aînée d ' entre elles , qui s ' était éclipsée , reparut munie d ' une bouteille et d ' un verre à liqueur .« Seigneur Français , me dit - elle d ' une voix flûtée , tout bon chrétien , et vous paraissez l ' être , ne se contente pas de faire acte d ' adoration devant un nacimiento , mais goûte au moins une fois à l ' urine de l ' enfant Jésus et comme je la regardais d ' un air étonné , elle emplit le verre d ' un liquide blanchâtre , qu ' à son odeur je reconnus aussitôt pour du tafia anisé , et me le présenta d ' un air souriant après y avoir préalablement trempé ses lèvres .La seule manière de répondre a une politesse aussi flatteuse , était d ' épuiser la liqueur jusqu ' à la dernière goutte , et c ' est ce que je réussis à faire , mais en m ' y prenant à plusieurs fois , car l ' urine en question me déchirait la gorge et me brûlait les entrailles , La même formalité fut observée à l ' égard de toutes les personnes - présentes , et quand vint le tour de José Tamal , soit qu ' il eût un & dévotion particulière à l ' enfant Jésus , soit qu ' il appréciât mieux que moi les charmes de cette liqueur , je remarquai qu ' il en but deux verres .",
                  "id": "19",
                  "title": "Scènes et paysages dans les Andes. [Série 1] / par Paul Marcoy"
            },
            {
                  "doc_url": "https://gallica.bnf.fr/ark:/12148/bpt6k55509740",
                  "emotions": [
                        "surprise",
                        "fear",
                        "nervousness",
                        "pain"
                  ],
                  "excerpt": ".La sueur lui coulait abondante ; Une goutte tomba sur le sol anxieux Qui , fange tout d ' abord , puis bloc silencieux , Reçut de Dieu son souffle et des fleurs leur arôme Et s ' animant alors devint le premier homme .LES BIENFAITEURS DE L ' HUMANITE Poème qui a obtenu le Cinquième Prix ( première section ) Par Mme CÉLINA MORAINE - BERNIER .",
                  "id": "20",
                  "title": "Échos de Mont-Réal : organe officiel de l'Académie et des grands concours poétiques... / Académie Mont-Réal de Toulouse"
            }
      ]
}