{
      "articles": [
            {
                  "doc_url": "https://gallica.bnf.fr/ark:/12148/bpt6k5446174k",
                  "emotions": [
                        "surprise",
                        "grief",
                        "amusement"
                  ],
                  "excerpt": "— « ■ Nous partons , Jacinthe ? 206 LES FAÇADES — Quand vous voudrez , tante .Madame de Fontevrault s ' écria en entrant : — Comme c ' est sombre ! C ' est un tombeau ! Sous le vélum vert , les petites bouliques aux auvents golbiques avec leurs enseignes brandies , figuraient une rue étroite et grise du moyen âge ; l ' atmosphère était amusante à flairer , une odeur mélangée de goudron , de poussière où flottaient déjà des parfums clairs et doux filtrés par les vêtements des femmes .Un peu de soleil lamait de tranches d ' or l ' ombre bigarrée de cette salle et les , rares , encore , vendeuses , se murent un moment k l ' aise , purent causer en arrangeant de doigts prestes les bibelots sur les tables .",
                  "id": "1",
                  "title": "Les façades : roman d'aventures mondaines (6e édition) / François de Nion"
            },
            {
                  "doc_url": "https://gallica.bnf.fr/ark:/12148/bpt6k58495899",
                  "emotions": [
                        "surprise",
                        "joy",
                        "grief",
                        "excitement",
                        "gratitude",
                        "doubt",
                        "amusement"
                  ],
                  "excerpt": "Là , comment s ' arrêter ? On va .Comment se taire ? On s ' écrie ; et l ' écho joyeux s ' éveille : — « 0 père , « Comment les nommais - tu , ces larges fleurs d ' azur , « Ces fleurs d ' un or si vif , ces fleurs d ' un pourpre obscur ? » — Et les deux fils fêtaient ces belles inconnues ; Par leurs douces senteurs , dans les airs répandues , Elles aussi semblaient les fêter tous les trois , Leurs deux nouveaux amis , et l ' ami d ' autrefois .Ils se sont arrêtés : les voici sur la cime .",
                  "id": "2",
                  "title": "Prières et souvenirs, poésies religieuses (3e éd.) / par Octave Ducros,..."
            },
            {
                  "doc_url": "https://gallica.bnf.fr/ark:/12148/bpt6k62520p",
                  "emotions": [
                        "surprise",
                        "joy"
                  ],
                  "excerpt": "tendu de cette population .JËtait - ce la couleur étrange et visionnaire du ciel , le chatouillement des premiers souMes printaniers , le chant lointain d ' un merle , la méchante et fausse grimace des nuages , l ' odeur génésique data torro éventréo , mais soudain , en pleines Sarigues , Appot , qui rêvassait depuis quoique temps les mains appuyées sur la paume de sa bâche , la laissa ehoir , oublieux , inconscient .Interpellé par le surveillant , t * arme au poing , qui te somme do ramasser son outil , le gamin bredouille et baitte , en dormeur mal réveitte , et s ' étirant déclare qu ' il no travaillera plus aujourd ' hui , qu ' il en a assez du turbin .",
                  "id": "3",
                  "title": "Mes communions / Georges Eekhoud"
            },
            {
                  "doc_url": "https://gallica.bnf.fr/ark:/12148/bpt6k5484757m",
                  "emotions": [
                        "surprise",
                        "nervousness",
                        "pain"
                  ],
                  "excerpt": "— ■ Le 2e degré ( du 5me au 6e jour ) est méconnaissable au gonflement partiel ou général du tissu cellulaire lâche , qui est situé sous la muqueuse buccale , et à l ' impression qu ' y laissent les dents , impression appréciable à l ' aide de la pulpe du doigt indicateur .La fièvre est presque nulle ; la , langue un peu chargée ; la bouche fétide ; l ' haleine aigre .Une douleur cuisante règne dans toute la cavité buccale , Un léger souffle , le mouvement de la langue pu de la mâchoire inférieure , le glissement des dents , le contact d ' un corps liquide ou solide , chaud ou froid , tout l ' exaspère .",
                  "id": "4",
                  "title": "Médecine généralisée, ou Pratique de la médecine mise théoriquement à la portée de tout le monde, par F.-A. Beauqui,..."
            },
            {
                  "doc_url": "https://gallica.bnf.fr/ark:/12148/bpt6k1189080f",
                  "emotions": [
                        "surprise",
                        "doubt"
                  ],
                  "excerpt": "Son cabinet contenait quelques épaves de ses nombreux voyages , des armes anciennes , quelques vieux tableaux , quelques objets rares et originaux .Arrivé devant la chambre de Géorgina , Paul hésita , et regardant son ami : — « Entrons - nous aussi dans le temple ? — « Certainement , la déesse n ' y est pas ! » En entrant dans une chambre , propre et coquette , de jeune fdlo , on sent s ’ exhaler une odeur indéfinissable , mélange de fleurs et de parfums , tiède haleine d ’ un printemps toujours nouveau et toujours frais , puisqu ’ il est la jeunesse , la grâce , la beauté .Il y avait deux fenêtres donnant sur le jardin , quelques branches de glycine grimpant à travers .",
                  "id": "5",
                  "title": "Gallia : revue de littérature & d'art"
            },
            {
                  "doc_url": "https://gallica.bnf.fr/ark:/12148/bpt6k96933815",
                  "emotions": [
                        "surprise",
                        "greed"
                  ],
                  "excerpt": "Il y a mille pis plus de sainte - lucie dans le pays , et la quantité l ' oiseaux est demeurée la même ; ainsi ce qu ' ils en bangent à présent n ' est pas sensible » .On confond quelquefois , même en Lorraine , le lahaleb avec le padus ou le cerisier à grappes , qu ' on r nomme putier ; sa Heur a encore une odeur plus orte que celle du mahaleb .On fait avec le putier de a marqueterie charmante , et dont les veines sont res - variées , lorsqu ' on le scie diagonalement .",
                  "id": "6",
                  "title": "Mémoires sur l'administration forestière et sur les qualités individuelles des bois indigènes ou qui sont acclimatés en France. Partie 2 / . Auxquels on a joint la description des bois exotiques que nous fournit le commerce. Ouvrage utile aux propriétaires qui veulent se ménager de la futaie, juger avec précision de l'âge auquel ils doivent couper leurs forêts et connoître l'emploi le plus avantageux des différentes espèces d'arbres, d'après leurs qualités déterminées par un grand nombre d'observations et d'expériences nouvelles. Par P.-C. Varenne-Fenille,... Seconde édition"
            },
            {
                  "doc_url": "https://gallica.bnf.fr/ark:/12148/bpt6k1410705w",
                  "emotions": [
                        "surprise",
                        "disgust",
                        "annoyance",
                        "doubt"
                  ],
                  "excerpt": "Et que .d ’ un pas hâtif , les passants consternés Ne gravissent qu ’ avec un mouchoir sous le nez ? Nous l ’ avions deviné , c ’ est une tannerie ! Par quelle déplorable et coupable incurie N ' a - t - on pas expulsé cet horrible chantier Qui distille la peste à tout le vieux quartier ? H est temps qu ’ un édit d ’ hygiène publique Relègue à l ' abattoir sa puanteur toxique .Partons vite , quittons cet homicide lieu .",
                  "id": "7",
                  "title": "Volume 1 [-9]. [Avec une notice sur l'auteur signée : Ortolan.] / Charles Poncy"
            },
            {
                  "doc_url": "https://gallica.bnf.fr/ark:/12148/bpt6k57253032",
                  "emotions": [
                        "surprise",
                        "nostalgia",
                        "gratitude",
                        "doubt",
                        "amusement"
                  ],
                  "excerpt": "381 pot de dessous sa tunique , et , crac ! elle le casse sur la tête du rabbi .Ah ! mon petit choux , tu ne peux t ' imaginer quelle odeur délicieuse — que dirais - je ? de côtelette rôtie , où de potage à l ' oignon , ou de romarin , je ne sais enfin , — remplit la maison .Mais voilà aussitôt le rabbi inondé de cette graisse qui lui coule partout .",
                  "id": "8",
                  "title": "Mémoires de Judas"
            },
            {
                  "doc_url": "https://gallica.bnf.fr/ark:/12148/bpt6k91883s",
                  "emotions": [
                        "surprise"
                  ],
                  "excerpt": "Le deuxième récipient / maintenu il la température de 25 à 30 ° , reçoit environ 0 , 01 du volume de t ' infusion en un liquide distillé pendant que la température du vase précédent s ' élève jusqu ' à 90 \" .Ce liquide , surnagé par des quantités minimes d ' essence eoiuTÎ ' le exhale une odeur aromatique , agréable , rappelant celle du café , et tellement intense , qu ' it suffit de quelques gouttes ( le cette eau pour communiquer à une tasse de lait ou d ' un liquide incolore , l ' arome agréable du café .Les particules d ' essence concrète , isolées et lavées , ne relien nent plus sensiblement d ' arôme ainsi la matière aromatique est entièrement soluble dans l ' eau ( * ) .",
                  "id": "9",
                  "title": "Précis de chimie industrielle : à l'usage des écoles préparatoires aux professions industrielles, des fabricants et des agriculteurs / par A. Payen,..."
            },
            {
                  "doc_url": "https://gallica.bnf.fr/ark:/12148/bpt6k97708859",
                  "emotions": [
                        "surprise"
                  ],
                  "excerpt": "Cloez fut consulté et conseilla les dissolvants ' des corps gras , et principalement l ' es ; sence de térébenthine .Comme l ' odeur qui en émanait incommodait , il fit placer en plein vent les vases où les objets à désinfecter trempaient dans l ' essence , et il fut très - surpris de voir qu ' en très - peu de temps l ' odeur cadavéreuse avait disparu , et que , de plus , les os étaient devenus d ' une blancheur éblouissante .' H • • • ' * Une exposition de trois à quatre jours au soleil , dans de l ' essence de térébenthine rectifiée ou non , suffit pour un blanchi aient complet ; àl ' omr bre , il faut un peu plus de temps .",
                  "id": "10",
                  "title": "Le monde des merveilles : tableau pittoresque des grands phénomènes de la nature et des manifestations du génie de l'homme dans les sciences, l'industrie et les arts / par Adolphe Bitard..."
            },
            {
                  "doc_url": "https://gallica.bnf.fr/ark:/12148/bpt6k10922533",
                  "emotions": [
                        "surprise",
                        "doubt"
                  ],
                  "excerpt": "90 .! SçO Hes effluves marécageux rompues de leurs atteliers ont paru préserver d « certaines épidémies régnantes ; parce qu ’ on ignorf si une prérogative aussi heureuse dépendoit plutôt de la malpropreté dans laquelle vivoient ces ouvriers , que des émanations particulières fournies par le genre même ' de leurs opérations .En vain nous objecteroit - on que les habitans peu policés ou sauvages des pays chauds ou des climats tempérés , instruits par le besoin , s ’ oignent de liqueurs ou de matières grasses , pour garantir leur corps presque nu , non seulement des trop vives impressions delà chaleur et delà froidure , mais encore de la pénétration des vapeurs ambiantes dans des cabanes trop ouvertes ; parc * quon ne sait point si ces onctions agissent plus en obstruant les pores qu ’ en favorisant la transpiration , comme l ’ a conjecturé Lorry .",
                  "id": "11",
                  "title": "Oeuvres médicinales, ou Recueil de prix remportés en diverses académies, Par M. Baumes... Tome III. Contenant, 1°. un Mémoire sur les effets des émanations marécageuses sur l'économie vivante, 2°. un Mémoire sur l'usage du quinquina dans le traitement des différentes espèces de fièvres remit-tentes."
            },
            {
                  "doc_url": "https://gallica.bnf.fr/ark:/12148/bpt6k8789412",
                  "emotions": [
                        "surprise",
                        "fear",
                        "nervousness",
                        "pain"
                  ],
                  "excerpt": "Deux injections produisent une réaction complète qui se soutient pendant deux jours .spasmes les plus effrayants , assoupissement , vomissements répétés , pas de pouls ; yeux caves , collapsus complet , le corps exhale une odeur très désagréable ; ..",
                  "id": "12",
                  "title": "Des Injections faites par les veines dans le traitement du choléra épidémique, par le Dr A. Duchaussoy,..."
            },
            {
                  "doc_url": "https://gallica.bnf.fr/ark:/12148/bpt6k1410705w",
                  "emotions": [
                        "surprise",
                        "grief",
                        "doubt",
                        "curiosity"
                  ],
                  "excerpt": "Ont pu braver la rouille à force de parfums .Ah ! mon Dieu ! quelle est donc cette brune colline Exhalant autour d ’ elle une odeur alcaline .Et que .",
                  "id": "13",
                  "title": "Volume 1 [-9]. [Avec une notice sur l'auteur signée : Ortolan.] / Charles Poncy"
            },
            {
                  "doc_url": "https://gallica.bnf.fr/ark:/12148/bpt6k205089x",
                  "emotions": [
                        "surprise",
                        "joy",
                        "pride",
                        "faith"
                  ],
                  "excerpt": "se dressent le soir Et vont croisant les bras sous leurs draps mortuaires Leurs robes à plis droits , ainsi que des suaires , S ' allongeaient .tout d ' un jet de leur nuque à leurs pieds Ainsi faits , l ' on eût dit qu ' ils fussent copiés , Dans le Campo - Santo , sur quelque fresque antique D ' un vieux maitre pisan , artiste catholique , Tant l ' on voyait reluire autour de leur beauté Le nimbe rayonnant de la mysticité , Et tant l ' on respirait dans leur humble attitude Les parfums onctueux de la béatitude .Ï5 ans aouie que c ' était l ' oeuvre d ' un Allemand , D ' un élève d ' IIolbcin , mort bien obscurément , A vingt ans , de misère et de mélancolie , Dans quelque bourg de Flandre , au retour d ' Italie ; Car ses têtes ' semblaient , avec leur blanche chair , Un rêve de soleil par une nuit d ' hiver .",
                  "id": "14",
                  "title": "Poésies complètes. T. 1 / Théophile Gautier ; [éd. par Maurice Dreyfous]"
            },
            {
                  "doc_url": "https://gallica.bnf.fr/ark:/12148/bpt6k5846657r",
                  "emotions": [
                        "surprise"
                  ],
                  "excerpt": "» .y qui est loin d ' être étranger à la science , vint à Gauvalat / En sortant ' de son premier bain ' il me dit : l ' on m ' a donné un bain d ' eau simple , elle n ' avait aucune odeur .Je lui répondis : Non , vous vous êtes baigné dans une eau très - riche en composés dont lé soufre fait partie .",
                  "id": "15",
                  "title": "Instructions utiles au monde baigneur sur l'usage des eaux minérales en général, suivies d'une notice sur l'établissement thermal de Cauvalat près le Vigan (Gard), par Émile Verdier,..."
            },
            {
                  "doc_url": "https://gallica.bnf.fr/ark:/12148/bpt6k207179f",
                  "emotions": [
                        "surprise",
                        "disgust"
                  ],
                  "excerpt": "Ah je ne m ' étonne plus j ' aurais dû m ' en douter par l ' odorat seulement .Quelle odeur fétide s ' émane de ces cloaques habités , où pourtant on voit peu de canaux Nous allons les quitter nous sommes déjà sur un pont , quand nous voyons passer à côté de nous un vieillard déguenillé , coiffé d ' un bonnet gras ; et qui a une barbe blanche et sale il pousse une petite charette remplie de fromages pourris et de poissons secs et jaunes .Cet homme , dis - je est peut - être un Jérémie ou un Ezécbiely qui va proposer ces vilainies comme des images symboliques .",
                  "id": "16",
                  "title": "Quatre mois dans les Pays-Bas, voyage épisodique et critique de deux littérateurs dans la Belgique et la Hollande. T. 2 / publ. par M. Lepeintre"
            },
            {
                  "doc_url": "https://gallica.bnf.fr/ark:/12148/bpt6k200558p",
                  "emotions": [
                        "surprise",
                        "joy",
                        "grief",
                        "anger",
                        "love",
                        "gratitude"
                  ],
                  "excerpt": "Les glaces , les coussins et leur molle souplesse Font mieux sentir le prix d ' une foiblesse .Au milieu des parfums exquis , L ' amour cueilloit la rose épanouie , Quand Zélis , tout a coup , fait sauter le marquis , Jette un cri , ferme l ' ceit et tombe évanouie .Le gatantse détourne , il voit , il court , il fuit Aussi vite , aussi loin que la peur le conduit .",
                  "id": "17",
                  "title": "Les conteurs galants des XVIIe et XVIIIe siècles ; 5-6. Le fond du sac : recueil de contes en vers. T. 2 / [Félix Nogaret] ; [grav. par Duplessis-Bertaux]"
            },
            {
                  "doc_url": "https://gallica.bnf.fr/ark:/12148/bpt6k3041153g",
                  "emotions": [
                        "surprise",
                        "pride"
                  ],
                  "excerpt": "Surprise au milieu de sa toilette par l ’ arrivée du jeune marquis , son gracieux coups était encore enveloppé d ’ un peignoir orné de dentelles .L ’ eau fraîche , ses dix - sept ans , la blancheur de sa toilette négligée , les vagues parfums de son boudoir , son étonnement d ’ entendre ainsi parler un beau jeune 15 258 LA COMÉDIE homme à ses pieds , lui prêtaient une séduction dont i l ’ homme le plus froid aurait subi l ’ influence .Ses grands yeux bleus s ’ ouvraient tant qu ’ ils pouvaient , afin de mieux comprendre , car sa naïveté lui semblait une honte dans un moment où on lui parlait , comme à une grande personne , d ’ alliance , d ’ attachement légitime .",
                  "id": "18",
                  "title": "La comédie et les comédiens / par Léon Gozlan"
            },
            {
                  "doc_url": "https://gallica.bnf.fr/ark:/12148/bpt6k206823b",
                  "emotions": [
                        "surprise"
                  ],
                  "excerpt": "Quel contraste ! A cette époque brillante , un héros , généra ! du peuple romain , rendait aux Ségestains les dieux de leurs pères , qu ' il avait repris sur les ennemis et dans leur vieillesse ils voyaient un préteur de ce même peuple , non moins infame que détestable , les enlever par le sacrilège le plus horrible .Qui ne sait pas , dans toute la Sicile , que , lors de cette exportation , les femmes et les filles de Ségeste , entourant la statue , répandirent sur elle des parfums précieux , la couvrirent de fleurs et de guirlandes , brûlèrent de l ' encens en son honneur et l ' accompagnèrent jusqu ' aux confins de leur territoire ? ( Cicéron , Verr .IV , 33 .",
                  "id": "19",
                  "title": "Souvenirs de la Sicile / par M. le cte de Forbin"
            },
            {
                  "doc_url": "https://gallica.bnf.fr/ark:/12148/bpt6k56264326",
                  "emotions": [
                        "surprise",
                        "fear",
                        "nervousness",
                        "pain"
                  ],
                  "excerpt": "Lorsque le travail delà dentition se fait , l ' enfant souffre beaucoup , surtout pour la sortie définitive des dents : son visage est bouffi , son caractère s ' aigrit , ses forces diminuent , tout son être semble s ' abattre ; une inflammation surgit au point de la gencive voisine de la dent en travail de chasser l ' autre .L ' haleine est fétide parfois ; les glandes sous - maxillaires se tuméfient et s ' engorgent ; l ' enfant est inquiet , impressionnable ; des douleurs qui viennent et s ' en vont sans raison lui arrachent des plaintes sourdes ou des cris aigus .Sous ces influences , la nutrition perd de son énergie faute d ' assimilation suffisante ; ces tissus se flétrissent , l ' amaigrissement se déclare et progresse à vue d ' oeil ; la croissance est ralentie , même arrêtée ! Malheur aux parents insouciants qui s ' en remettent exclusivement à la nature du soin de résoudre seule ces difficultés ; le plus souvent , des affections lymphatiques avec lesquelles les enfants auront à compter plus tard , datent de cette époque .",
                  "id": "20",
                  "title": "Études physiologiques et pathologiques de la dentition de tous les âges, par Bernard fils,..."
            }
      ]
}