{
      "articles": [
            {
                  "doc_url": "https://gallica.bnf.fr/ark:/12148/bpt6k3052276d",
                  "emotions": [
                        "surprise",
                        "nostalgia"
                  ],
                  "excerpt": "Je l ’ ai encore .Et si vous saviez , c ’ est enfantin , combien de fois il m ’ arrive à présent de le prendre , de le regarder , de rester ainsi des heures à sentir son odeur , à penser à vous , à l ’ impossible ..",
                  "id": "1",
                  "title": "Un tendre / Louis de Robert ; illustrations de J. Dedina"
            },
            {
                  "doc_url": "https://gallica.bnf.fr/ark:/12148/bpt6k69039d",
                  "emotions": [
                        "surprise",
                        "fear",
                        "doubt",
                        "pain"
                  ],
                  "excerpt": "Plutôt que de partager votre opinion , je ne veux rien croire de tout de ce qui est arrivé .Les influences surnaturelles que quelques - uns denous ont subies quand nous sommes arrivés dans cet hôtel votre perte d ' appétit , les rêves affreux de ma sœur , l ' odeur qui suCbqua Francis , et la tête qui apparut à Agnès , je déclare que tout cela est pure hallucination Je ne crois à rien , rien , rien t » Il ouvrit la porte pour sortir , et regarda encore une fois dans la chambre .Si , continua - t - il , il y a une chose que je crois ma femme a commis une indiscrétion .",
                  "id": "2",
                  "title": "L'hôtel hanté : roman / Wilkie Collins ; trad. de l'anglais... par Henry Dallemagne"
            },
            {
                  "doc_url": "https://gallica.bnf.fr/ark:/12148/bpt6k64389k",
                  "emotions": [
                        "surprise"
                  ],
                  "excerpt": "Le soir arrivé , le diable revint au logis .A peine entré , il s ' aperçut que l ' air de l ' enfer était vicié .Je sens de ïa chair humaine , dit - il en grommelant ; il y a du louche ici .",
                  "id": "3",
                  "title": "Les trois cheveux d'or du diable / [adapt.] par Pierre Durandal ; ill. de Marie Vimont"
            },
            {
                  "doc_url": "https://gallica.bnf.fr/ark:/12148/bpt6k6540015z",
                  "emotions": [
                        "surprise"
                  ],
                  "excerpt": "Le jeune Henri , vicomte de Latour - aux - Mores , se fût volontiers chargé de le récréer en l ' emmenant avec lui , mais n ' était - ce pas risquer les sourires narquois de la valetaille ! Quelle piteuse figure ferait son copain avec son accoutrement provincial et ses ongles en demi - deuil perpétuel ? Enfin comment , malgré toute leur indulgence , ses nobles parents accueilleraient - ils ce petit rustre , trop fin pour ne pas être ombrageux ! Tout cela , il l ' avait pensé sans parvenir à tourner la difficulté , s ' ingéniant à prouver à son camarade , par mille procédés délicats , la vive affection qu ' il avait pour lui .Un lundi matin , Nicolas Baudet reçut de son copain un billet parfumé , dont le contenu le surprit désagréablement .Henri quittait définitivement le collège et partait le jour même pour l ' Italie , où il continuerait ses études en voyageant sous la garde d ' un jeune abbé , son précepteur .",
                  "id": "4",
                  "title": "Vieux péchés, scènes parisiennes / L. Saint-François"
            },
            {
                  "doc_url": "https://gallica.bnf.fr/ark:/12148/bpt6k9686006t",
                  "emotions": [
                        "surprise"
                  ],
                  "excerpt": "Ces animaux ont été doués par la nature d ' un odorat , d ' une vue , d ' une ouïe excellents .Du plus loin que la : vedette aperçoit quelque objet qui l ' inquiète , ou dès que le vent lui apporte quelque odeur inconnue , bu lorsque son oreille est frappée d ' un son inattendu et souvent bien lointain , le chamois siffle avec force .CÉCILE .",
                  "id": "5",
                  "title": "Petit cours d'histoire naturelle en huit parties. 1re partie, Les quadrupèdes : entretiens familiers sur l'histoire naturelle des quadrupèdes / par Mlle Ulliac Trémadeure"
            },
            {
                  "doc_url": "https://gallica.bnf.fr/ark:/12148/bpt6k5448723z",
                  "emotions": [
                        "surprise",
                        "joy",
                        "excitement",
                        "amusement",
                        "curiosity",
                        "approval"
                  ],
                  "excerpt": "Ce trio vigoureux avec ^ grand appétit Mangeait à belles dents un jaune et long biscuit Qui du prince absorbait l ' attention curieuse .La main vers eux tendue et la bouche rieuse , Il s ' approche et leur dit : — Que mangez - vous donc là ? Mes amis , vous semblez faire un bien bon gala ; Un parfum provoquant doucement s ' en exhale .Mais , en reconnaissant la personne royale , La femme , le mari se lèvent éperdus .",
                  "id": "6",
                  "title": "Contes gascons / par Louis de Combettes-Labourelie,..."
            },
            {
                  "doc_url": "https://gallica.bnf.fr/ark:/12148/bpt6k9786033z",
                  "emotions": [
                        "surprise",
                        "doubt",
                        "nervousness"
                  ],
                  "excerpt": "avec quel charme , hélas , Je caresse en dormant leurs gracieux mensonges : A défaut des douceurs de la réalité , J ' obtiens cette futile et fausse volupté .Mais d ' où vient qu ' à mes yeux quand s ' offre ton image , Je me sens attristée en voyant ta pâleur ? Pourquoi me semble - t - il alors que ton langage Exprime amèrement la plainte et la douleur ? Je m ' éveille en sursaut et j ' adore , tremblante , Les simulacres d ' or consacrés à la nuit ; L ' encens brûle et répand sa fumée odorante , Quum venies , remoque move veloque carinam ; Inque tuo celerem litore siste gradum .Sive la .",
                  "id": "7",
                  "title": "Oeuvres diverses.... Partie 3 / Léon Pichot"
            },
            {
                  "doc_url": "https://gallica.bnf.fr/ark:/12148/bpt6k5401112t",
                  "emotions": [
                        "surprise",
                        "anger",
                        "annoyance",
                        "excitement",
                        "pride"
                  ],
                  "excerpt": "Celle remarque ne retrancha rien à l ' admiration sans cesse croissante que j ' éprouvais pour cet illustre monarque .Hélas ! quel grand homme n ' a ses faiblesses ! — Àh ! s ' écria Cucurbitus en gonflant ses narines , il y a quelque chose de voluptueux dans l ' odeur que répandent autour d ' eux ces petits marquis de mon empire .On croirait respirer la quintessence des plus voluptueux parfums de l ' Arabie .",
                  "id": "8",
                  "title": "L'empire des légumes : drôleries végétales : mémoires de Cucurbitus I / recueillis et mis en ordre par MM. Eugène Nus et Antony Méray ; dessins par Amédée Varin"
            },
            {
                  "doc_url": "https://gallica.bnf.fr/ark:/12148/bpt6k97673916",
                  "emotions": [
                        "surprise"
                  ],
                  "excerpt": "Ils sont d ' abord verts .puis rougeâtres , & deviennent enfin d ' un noir luisant , d ' une odeur aromatique semblable à celle du girofle , & empreints d ' une certaine huile plus épaisse , qué l ' on tire après l ' avoir fait bouillir dans l ' eau : elle ressemble , par sa nature - , à l ' huile de noix muscadé , & par sa blancheur æ sa consistance , au suis des animaux .k Cet arbre croît dans l ' isle de Geylàn , où il est - très commun dans les forêts .",
                  "id": "9",
                  "title": "Dictionnaire raisonné-universel de matiere médicale. Tome 1 / , concernant les végétaux, les animaux & les minéraux qui sont d'usage en médecine ; leurs descriptions, leurs analyses, leurs vertus, leurs propriétés, &c. recueillis de manuscrits originaux..."
            },
            {
                  "doc_url": "https://gallica.bnf.fr/ark:/12148/bpt6k374474j",
                  "emotions": [
                        "surprise",
                        "sadness",
                        "gratitude",
                        "embarrassment"
                  ],
                  "excerpt": "Il pose un pied léger sur les collines roses Où , dès le point du jour , chantent les violons , Et dans le clair fouillis de ses beaux cheveux blonds Frissonne , à tous les vents , sa couronne de roses .Il agite en ses mains le thyrse purfumé Dont l ' odeur sans pareille ensorcelle le monde ; Il dit : « Éveillez - vous , rousse , brunette ou blonde ! Honte à qui peut dormir avant d ' avoir aimé ! » Et la fleurette au coeur joli qui vient de naître , La source d ' argent clair qui pleure au fond du bois , L ' oiselet qui soupire et s ' égaie à la fois , Dans la pure lumière ont reconnu leur maître .Les belles qu ' il enjôle en les troublant un peu Sont prêtes , à sa vue , à crier : « O merveille ! » Et voici qu ' en leur âme , ingénument , s ' éveille On ne sait quoi de tendre et d ' infiniment bleu .",
                  "id": "10",
                  "title": "Cloches du pays / Gabriel Vicaire"
            },
            {
                  "doc_url": "https://gallica.bnf.fr/ark:/12148/bpt6k62078330",
                  "emotions": [
                        "surprise",
                        "disapproval",
                        "doubt",
                        "indifference"
                  ],
                  "excerpt": "Je quittai ce double prodige .De cela quelqu ' un fut surpris : Une fleur sans parfum , lui dis - je , Est une femme sans esprit .Pour maintes gens qu ' ici je glose , Un peu d ' éloignement fait bien ; Tel de loin semble quelque chose Qui de près , hélas ! n ' est plus rien .",
                  "id": "11",
                  "title": "Fables / par Jules Guéroult"
            },
            {
                  "doc_url": "https://gallica.bnf.fr/ark:/12148/bpt6k62078330",
                  "emotions": [
                        "surprise"
                  ],
                  "excerpt": "Y LA MOTTE DE TERRE PARFUMÉE .Un jour , tenant par aventure Une motte de terre en main , J ' en fus parfumé tout soudain D ' une odeur agréable et pure : — Es - tu donc de l ' ambre ? ai - je dit .La motte , à cela , répondit : — Las ! je ne suis rien autre chose 1 .",
                  "id": "12",
                  "title": "Fables / par Jules Guéroult"
            },
            {
                  "doc_url": "https://gallica.bnf.fr/ark:/12148/bpt6k920110z",
                  "emotions": [
                        "surprise",
                        "faith"
                  ],
                  "excerpt": "— Mélanie Mincedepiton .CH Œ UR DE VIERGES conte Le jour sacré de la communion , des vierges Entonnaient un cantique à la lueur des cierges , Lorsque , soudain , certaine odeur N ’ ayant pas de l ’ ancens le parfum séducteur , En s ’ épandant , emp ’ it la maison du Seigneur .— « Qu ’ est - ce ? » dit l ’ Archevêque interdit .",
                  "id": "13",
                  "title": "Le Journal comique / rédacteur en chef Blaguamort ; imprimeur-gérant Raoul Fauvel"
            },
            {
                  "doc_url": "https://gallica.bnf.fr/ark:/12148/bpt6k6388020c",
                  "emotions": [
                        "surprise"
                  ],
                  "excerpt": "Quant à la chaux , on la projette dans le liquide d ' une fosse .Cette substance en change tellement et si subitement te caractère , que dans un instant incommensurable , le méphytisme est détruit , l ' odeur infecte cesse et le travail devient innocent .Il résulte de l ' emploi de ces 1 moyens , que la vuidange des fosses d ' aisance , qui a coûté la vie à des milliers d ' hommes y rentre dans la classe des travaux ordinaires , et qu ' autrefois si redoutable pour tout un voisinage , particulièrement aux fabricans , aux femmes en couche , aux poitrinaires , etc .",
                  "id": "14",
                  "title": "Dictionnaire de l'industrie, ou Collection raisonnée des procédés utiles dans les sciences et dans l'art. Tome 6 / ... par D***. Troisième édition entièrement refondue et considérablement augmentée..."
            },
            {
                  "doc_url": "https://gallica.bnf.fr/ark:/12148/bpt6k5416006k",
                  "emotions": [
                        "surprise",
                        "doubt",
                        "frustration"
                  ],
                  "excerpt": "Des commissaires se présentent dans le gre - < nier d ' une pauvre femme .Frappés d ' une odeur nauséabonde dont ils demandent vainement la cause , ils découvrent une porte conduisant à un autre grenier ' rempli de cadavres de chiens que cette malheureuse faisait sécher pour brûler l ' hiver , en place de ' bois qu ' elle ne pouvait acheter .Qu ' après cela , on s ' étonne de voir éclater dans Paris des maladies dont la cause paraît inconnue ! » M .",
                  "id": "15",
                  "title": "Théorie des endémies, épidémies, typhus, etc., d'après Charles-Victor de Bonstetten, confirmée par l'expérience du choléra asiatique / [signé : D. Dunant]"
            },
            {
                  "doc_url": "https://gallica.bnf.fr/ark:/12148/bd6t5372175f",
                  "emotions": [
                        "surprise",
                        "disgust",
                        "pain"
                  ],
                  "excerpt": "» Il m ’ a soulevée , il m ’ a serrée contre sa poitrine velue qui sent la sueur , le bouc , et la forêt mouillée .Et c ’ est sur votre épaule , ô Malézieux , que j ’ ai respiré , âcre , l ’ odeur d ’ un homme , une odeur qui éveillait en moi , soudaine , irrésistible , la sexualité * Sur votre figure tannée , sur les plis tourmentés de votre cou , la sueur coulait abondamment ; elle perlait à l ’ extrémité de chacun de vos poils et m ’ inondait .Et vous peiniez si fort pour me secourir , que vous baviez sur mes yeux fermés .",
                  "id": "16",
                  "title": "La femme de personne : roman inédit / Claude Chauvière ; 24 bois originaux de Hermann-Paul"
            },
            {
                  "doc_url": "https://gallica.bnf.fr/ark:/12148/bpt6k6350908q",
                  "emotions": [
                        "surprise",
                        "courage",
                        "doubt"
                  ],
                  "excerpt": "( Tan * dis , nous disent - elles , que le mal était à son dernier pé - « riode , si bien qu ' être frappé et mourir était presque une « même chose , notre saint Evêque allait par toutes les « rues et places publiques qui étaient remplies des hardes « des pestiférés , de morts et de mourants .Ne sachant ou « mettre le pied , on l ' a vu traverser les cadavres , qui e \\ « halaient une odeur intolérable , pour confesser et con « soler ces pauvres malheureux , et leur donner tous les » secours qu ' ils étaient capables de recevoir , sans faire * paraître aucune crainte du danger .Encore qu ' il ait en « gagé ses rentes pour plusieurs années , il n ' a pas laissé « de commuer l ' aumône générale à tous les pauvres qui » se présentaient à sa porte à certaine heure réglée , bien « que le nombre se fût élevé jusqu ' à mille .",
                  "id": "17",
                  "title": "Vie de la vénérée soeur Anne-Madeleine Rémuzat, décédée le 15 février 1730, au premier monastère de la Visitation Sainte-Marie de Marseille"
            },
            {
                  "doc_url": "https://gallica.bnf.fr/ark:/12148/bpt6k56104767",
                  "emotions": [
                        "admiration",
                        "surprise",
                        "excitement",
                        "gratitude",
                        "nervousness"
                  ],
                  "excerpt": ".L ' orpheline , toute tremblante , s ' avança vers l ' une des croisées , et l ' ouvrant : — Quel magique spectacle ï Quel beau ciel ! Que la mer est belle ! La lune semble briser de ses rayons l ' âzûr mouvant de ces Éots ! Malgré la saison et le soir , que cet air estdoux ! Il porte sur ses brises un parfum de citronniers ! ..",
                  "id": "18",
                  "title": "Ivelina. Tome 3 / , par La Porte,..."
            },
            {
                  "doc_url": "https://gallica.bnf.fr/ark:/12148/bpt6k30755973",
                  "emotions": [
                        "surprise"
                  ],
                  "excerpt": "Feuilles alternes , lancéolées , sinuées - dentées , les supérieures linéaires - entières .Fleurs à odeur d ' amande très - suave , excessivement prononcée , surtout du soir au matin , d ’ une configuration curieuse et bizarre .Le calice est à 4 sépales atteignant la hauteur de l ’ onglet des pétales ; ceux - ci , au nombre de 4 , ont un limbe étalé en croix , allongé en languette , délicatement déchiqueté en lanières étroites , rappelant la forme du labellum de certaines fleurs d ’ Orchidées : ils sont de couleur blanche supérieurement , lavés de violet et de verdâtre en dessous .",
                  "id": "19",
                  "title": "Les fleurs de pleine terre : comprenant la description et la culture des fleurs annuelles, vivaces et bulbeuses de pleine terre, suivies de classements divers indiquant l'emploi de ces plantes et l'époque de leur floraison, de plans de jardins... (3e édition) / par Vilmorin-Andrieux et Cie"
            },
            {
                  "doc_url": "https://gallica.bnf.fr/ark:/12148/bpt6k42273231",
                  "emotions": [
                        "surprise",
                        "disgust",
                        "pain"
                  ],
                  "excerpt": "Le son frappe P oreille , une grande lumière frappe la veuè .cette odeur efl trop forte , elle frappe le cerveau , cet objet mafrappé Pi - mag ! nation , cet endroit de son discours ma frappé P esprit , m ' a frappé .Frappe , e e .",
                  "id": "20",
                  "title": "Le dictionnaire de l'Académie françoise. Tome 1 / , dédié au Roy"
            }
      ]
}