{
      "articles": [
            {
                  "doc_url": "https://gallica.bnf.fr/ark:/12148/bpt6k9625947w",
                  "emotions": [
                        "surprise"
                  ],
                  "excerpt": "Il y a dans Baillou ( 1 ) l ' histoire d ' un malheureux Parisien , qui devint ophthalmique en balayant les rues .Mais ce qui m ' a frappé et ce qui m ' étonne encore , c ' est qu ' il n ' y ait que les yeux qui soient affectés par cette odeur fétide , sans que d ' autres parties , comme les poumons et le cerveau , s ' en ressentent , quoique la texture molle et délicate de ces viscères semble les rendre plus susceptibles d ' être attaqués ; la raison échoue celte fois contre l ' explication de ce phénomène .— Je croirais volontiers que c ' est un acide volatil qui s ' échappe de ces fosses .",
                  "id": "1",
                  "title": "Encyclopédie des sciences médicales. vol. 12, Essai sur les maladies des artisans / par Ramazzini,... ; traduit du latin avec des notes... par M. de Fourcroy. Traité de la maladie muqueuse / par J.-G. Roederer et Wagler... ; publié par Henri-Auguste Wrisberg,..."
            },
            {
                  "doc_url": "https://gallica.bnf.fr/ark:/12148/bpt6k9618695k",
                  "emotions": [
                        "surprise",
                        "annoyance"
                  ],
                  "excerpt": "Et le pointeur fit le dégoûté .— Mon Dieu ! dit - il à Stani , comme ces dames sentent mauvais ! — On nous sonnera donc toujours une demi - heure à l ' avance ? nasilla Mme Nadret qui entrait seulement .Le pointeur passa sans répondre .",
                  "id": "2",
                  "title": "Gens de chœurs : (roman de choriste) / Sparafucile"
            },
            {
                  "doc_url": "https://gallica.bnf.fr/ark:/12148/bpt6k66229x",
                  "emotions": [
                        "surprise",
                        "relief"
                  ],
                  "excerpt": "Je pars demain .Après avoir serré des mains , par les sentiers humides , il s ' en retournait , les narines ouvertes aux senteurs délicieuses de la forêt mouittéo , les oreilles pleines du bruit des gouttes sur les feuilles , du frou de la brise et des ailes .Jusqu ' au soleil levant it dormit , d ' une seule traite , se réveilla sans pensées , oublieux dans le moment des résolutions prises la veille .",
                  "id": "3",
                  "title": "La tourmente / Victor Clairvaux"
            },
            {
                  "doc_url": "https://gallica.bnf.fr/ark:/12148/bpt6k3072344b",
                  "emotions": [
                        "surprise"
                  ],
                  "excerpt": "On peut donc regarder les qhiens comme appartenais uniquement à l ’ ancien continent , où leur nature ne s ’ efl développée toute entière que dans les régions tempérées , & où elle paroît s ’ être variée & perfeélionnée par les foins de l ’ homme , puifque dans tous les pays non policés & dans tous les climats exceffivement chauds ou froids , ils font également petits , laids & prefque muets .L ’ hyène , qui eft à - peu - près de la grandeur du loup , efl un animal connu des anciens , & remarquable par l ’ ouverture & les glandes qu ’ il a fituées comme celles du blaireau , defquelies il fort une humeur d ’ une odeur très - forte ; il efl q u a auffi très - remarquable par fa longue crinière qui s ’ étend le long du cou ôc du garrot , par fa voracité qui lui tait déterrer les cadavres fk dévorer les chairs les plus infe & es , & c .Cette vilaine bête ne fe trouve qu ’ en Arabie ou dans les autres provinces méridionales de l ’ A fie ; elle n ’ exifle point en Europe , & ne s ’ efl pas trouvée dans le nouveau monde .",
                  "id": "4",
                  "title": "Dictionnaire encyclopédique d'histoire naturelle . Tome premier. Contenant les animaux quadrupèdes, les cétacés, par M*** & les oiseaux par M. Mauduyt,..."
            },
            {
                  "doc_url": "https://gallica.bnf.fr/ark:/12148/bpt6k6378120f",
                  "emotions": [
                        "surprise"
                  ],
                  "excerpt": "Partout des animaux enchaînés , mais bien vivants , à la voix sonore , aux mouvements brusques , forts en gueule comme les soubrettes de Molière , tirant à plein collier , hurlant à plein gosier , et découvrant , à chaque aboiement , une double rangée de quenottes à rendre jalouses les jolies femmes qui ont laissé noircir ou s ' échapper leurs perles .Quelle mélodie étrange ! Quel concert à grand orchestre ! Le bruit était tel , qu ' un député le comparait aux plus beaux tumultes des anciennes assemblées ; l ' odeur si pénétrante , que près de moi un gendarme souriait à l ' espoir d ' une prochaine réhabilitation .Tout le camp des roquets s ' insurgeait contre le formidable alignement des terre - neuve , et dans le lointain , des accents prolongés et sourds s ' exhalaient de la poitrine des limiers .",
                  "id": "5",
                  "title": "Lettres d'un passant (2e édition) / par Arthur de Boissieu"
            },
            {
                  "doc_url": "https://gallica.bnf.fr/ark:/12148/bpt6k635082",
                  "emotions": [
                        "surprise",
                        "doubt",
                        "curiosity"
                  ],
                  "excerpt": "Ernée , nom d ' une ville et d ' une rivière , est le figuier sauvage , erinus , ou la figue le fruit de cet arbre , e ~ Mt .Ollivet paraît étrange sous un climat qui ne saurait produire l ' olivier , mais Catulle , te poëte , emploie oKtw ~ dans le sens de parfum , et alors ce serait peut - être l ' arbre odorant , parfumé , l ' arbre aux senteurs embaumées et aromatiques , peut - être l ' arbre résineux pourquoi pas le sapin ? ` ! Courbeveille n ' est peut - être que la vigne rampante , serpentante , cMTMt , curvata vitis , vitula , velula , et Chevaigné , campus vineus , le vignoble .Pommerieux ( 1 ) , beaucoup moins ancien , puisque ce n ' est qu ' au xve siècle que les pommiers ont été implantés de la Navarre dans nos contrées , est le plant de ces arbres qui , à défaut des vignes , donnent une boisson abondante et saine à ses habitants .",
                  "id": "6",
                  "title": "Étude sur la signification des noms de lieux du département de la Mayenne / par Hippolyte Sauvage,..."
            },
            {
                  "doc_url": "https://gallica.bnf.fr/ark:/12148/bpt6k5857750s",
                  "emotions": [
                        "surprise",
                        "pain"
                  ],
                  "excerpt": "D ' un bouta l ' autre de la salle est établie , à 50 centimètres du sol , une banquette en bois avec des nattes et un billot en bois sur lequel le fumeur doit reposer la tète .En entrant , on est saisi à la gorge par l ' odeur âcre de l ' opium , et l ' impression qu ' on ressent à la première visite est bien difficile à décrire : on se croirait à la morgue .Une dizaine d ' Annamites , absolument nus , d ' une maigreur squelettique , étaient là étendus , silencieux , les autres déjà ivres , semblables à des momies ratatinées , les yeux cernés de noir , les muscles des membres grêles , réduits à l ' état de cordelettes , la face livide .",
                  "id": "7",
                  "title": "Le Tonkin français contemporain : études, observations, impressions et souvenirs / par le Dr Edmond Courtois,..."
            },
            {
                  "doc_url": "https://gallica.bnf.fr/ark:/12148/bpt6k57023826",
                  "emotions": [
                        "surprise"
                  ],
                  "excerpt": "Je résolus de me promener à pied , jusqu ' à la nuit , par les chemins bordés de cistes et de lentisques .Leur odeur de plantes sauvages , violente et parfumée emplit l ' air , se mêle au grand soufflé de résine de la forêt immense , qui semble haleter sous la chaleur .Après une heure de marche , j ' étais en plein bois de sapins , un bois clair , sur une pente douce de montagne .",
                  "id": "8",
                  "title": "Sur l'eau : oeuvres complètes illustrées de Guy de Maupassant / illustrations de Lanos ; gravure sur bois de G. Lemoine"
            },
            {
                  "doc_url": "https://gallica.bnf.fr/ark:/12148/bpt6k5857750s",
                  "emotions": [
                        "surprise",
                        "doubt"
                  ],
                  "excerpt": "Notre marche s ' en trouve singulièrement ralentie , et ce n ' est que le 18 juillet que nous apercevons à l ' horizon une ligne plate d ' un vert tendre : ce sont les deux îles Minicoy , et cette bande verte est constituée par des cocotiers .Nous approchons bien des Indes ; un je ne sais quoi qui ne trompe pas , une odeur particulière , nous annonce l ' approche d ' un continent .Nous passons entre deux groupes d ' îles innombrables : les Laquedives et les Maldives , et le mardi 23 juillet , douze jours après avoir quitté Aden , nous sommes en vue de Colombo et l ' île de Ceylan , l ' île des rubis et des perles .",
                  "id": "9",
                  "title": "Le Tonkin français contemporain : études, observations, impressions et souvenirs / par le Dr Edmond Courtois,..."
            },
            {
                  "doc_url": "https://gallica.bnf.fr/ark:/12148/bpt6k282074s",
                  "emotions": [
                        "surprise",
                        "courage"
                  ],
                  "excerpt": "Monté sur une nef rapide agite ses bras superbes , ou le pin résineux aux entraînée par le souffle des vents propices , cônes allongés , cède aux efforts du tourbillon il arrive chez Minos , le roi magnanime , et - indompté , dont le souffle l ' ébranlé détaché de dans ses superbes demeures .A peine parut - il ses racines , il va s ' abattre au loin , renversant , aux regards de la vierge royale , de cette écrasant à l ' entour tout ce que rencontre sa vierge que sa couche innocente et parfumée chute immense .Ainsi Thésée dompta et renvoyait croître sous les doux embrassements versa le monstre qui battait en vain les airs de de sa mère , ainsi qu ' on voit les myrtes qui ses cornes impuissantes .",
                  "id": "10",
                  "title": "Oeuvres complètes d'Horace, de Juvénal, de Perse, de Sulpicia, de Turnus, de Catulle, de Properce, de Gallus et Maximien, de Tibulle, de Phèdre et de Syrus : avec la traduction en français / publiées sous la direction de M. Nisard,..."
            },
            {
                  "doc_url": "https://gallica.bnf.fr/ark:/12148/bpt6k54586123",
                  "emotions": [
                        "surprise",
                        "nostalgia",
                        "courage"
                  ],
                  "excerpt": "Les Fiançailles du printemps .u5 VI Soudain se montre , au bord du ruisseau de la plaine , Celle après qui l ' enfant si longtemps soupira ; Des prés et des jardins la glorieuse reine , L ' amante du Printemps , l ' odorante Flora .VII De mille belles fleurs un éclatant cortège L ' entoure avec amour , la précède ou la suit ; En souriant Hébé la pare , la protège , Et vers son bel amant le désir la conduit .",
                  "id": "11",
                  "title": "Merles et pinsons : poésies par un Suisse... / Dr Henri-M. Vallon-Colley"
            },
            {
                  "doc_url": "https://gallica.bnf.fr/ark:/12148/bpt6k110678q",
                  "emotions": [
                        "surprise"
                  ],
                  "excerpt": "Vers à reconstruire De nos guérets modeste fleur , De ta corolle demi - close S ' exhale une suave odeur ; Joli bluet , d ' où vient cette métamorphose ? Ce matin par Chloé cueilli pour son bouquet , Je m ' y plaçai près de l ' œillet , Entre le jasmin et la rosé .Du doux parfum qui d ' abord t ' a surpris Déjà tu devines la causo Rappelle - toi qu ' il choisir ses amis On gagne toujours quelque chose .Question historique Kléber a Bonaparte , après In bataille d ' Aboukir .",
                  "id": "12",
                  "title": "Quinze-cents jeux d'esprit : ouvrage précédé d'une introduction et d'instructions sur la manière de résoudre les problèmes"
            },
            {
                  "doc_url": "https://gallica.bnf.fr/ark:/12148/bpt6k773912",
                  "emotions": [
                        "surprise",
                        "relief"
                  ],
                  "excerpt": "La surdité relative dont se plaignait le malade , au moment de son entrée dans le service , s ' est dissipée à la suite de l ' extraction de deux bouchons de cérumen .L ' odorat ega ! cmcnt parait être un peu cmoussc .La gustation est normate .",
                  "id": "13",
                  "title": "Leçons sur les maladies du système nerveux. [6] / par F. Raymond,... ; recueillies et publiées par MM. E. Ricklin et A. Souques,... ; Clinique de la Faculté de médecine de Paris"
            },
            {
                  "doc_url": "https://gallica.bnf.fr/ark:/12148/bpt6k5815186m",
                  "emotions": [
                        "surprise",
                        "fear"
                  ],
                  "excerpt": "Un instant après un second coup de tonnerre , ôc mon chien se mit à tressaillir ôc à heurler .Enfin lin troisième éclair suivi d ' un troisième ' còup succéda presque aussitôt t ôc j ' entendis crier sous le gaillard que quelque vaisseau se trouvoit en danger ; en effet ce bruit fut semblable à un coup de canon tiré près de nous , il ne roula point » Comme je sentois une forte odeur de souffre , je montai fur le pont où j ' éprouvai d ' abord un froid très - vif .II y regnoit un grand silence , Ôc la nuit étoit si obscure que je ne pus rien distinguer .",
                  "id": "14",
                  "title": "Voyage à l'Isle de France, à l'Isle de Bourbon, au Cap de Bonne-Espérance, etc. avec des observations nouvelles sur la nature et sur les hommes. Tome 1 / , par un officier du Roi"
            },
            {
                  "doc_url": "https://gallica.bnf.fr/ark:/12148/bpt6k5425311w",
                  "emotions": [
                        "surprise",
                        "nostalgia"
                  ],
                  "excerpt": "sJe à ton ombre et j ' usais l ' heure brève A voir se peupler l ' air de formes de clarté : L ' Olympe s ' éveillait .Ce n ' était pas un rêve , Mais la réalité J ' ai vu Cyprine , un soir , comme je vois la haie Que le train de ceinture émeut de son fracas ; J ' ai senti sa présence odorante , aussi vraie Que la vôtre , ô lilas ! J ' ai vu Phcebus , dieu jeune , à l ' ardente crinière .Sous la voûte des bois , j ' ai vu , même , un matin , Diane nue aux mains des nymphes chambrières Qui l ' essuyaient du bain .",
                  "id": "15",
                  "title": "À l'Ombre de mes dieux : poèmes / Ernest Raynaud"
            },
            {
                  "doc_url": "https://gallica.bnf.fr/ark:/12148/bpt6k282074s",
                  "emotions": [
                        "surprise",
                        "nervousness"
                  ],
                  "excerpt": "Le souverain des dieux ambassade envoïée PAU les cniEJNs A JUPITER , prend place sur son trône , et agite son tonnerre tout l ' univers est ébranlé .Les chiens , Un jour les chiens envoyèrent une ambassade effrayés de ce fracas inattendu laissent aller à Jupiter pour le supplier de leur accorder une soudain parfums et ordures .Tous les dieux vie plus heureuse , et dé les soustraire à la ty - s ' écrient qu ' une pareille irrévérence ne doit rannie des hommes , qui ne leur donnant qu ' un pas rester impunie .",
                  "id": "16",
                  "title": "Oeuvres complètes d'Horace, de Juvénal, de Perse, de Sulpicia, de Turnus, de Catulle, de Properce, de Gallus et Maximien, de Tibulle, de Phèdre et de Syrus : avec la traduction en français / publiées sous la direction de M. Nisard,..."
            },
            {
                  "doc_url": "https://gallica.bnf.fr/ark:/12148/bpt6k922376g",
                  "emotions": [
                        "surprise"
                  ],
                  "excerpt": "Enfin nous atteignîmes la terre mystérieuse , but de notre excursion .Dès l ’ abord on est saisi par une odeur sulfureuse , trop peu intense pour être désagréable ou gênante , et l ’ on aperçoit des nuages de fumée qui sortent de terre .Le guide recommande de suivre exactement le sentier tracé , et l ’ on comprend bien vite la sagesse de cette exhortation , car le sol est littéralement criblé de petites craquelures , où l ’ on entend bouillir l ’ eau à des profondeurs diverses , et par lesquelles on la voit même s ’ échapper pour se déverser dans des ruisseaux brûlants .",
                  "id": "17",
                  "title": "Voyage en Islande : rédigé d'après les notes d'un officier supérieur de la marine de l'État / par Émile Chevalet"
            },
            {
                  "doc_url": "https://gallica.bnf.fr/ark:/12148/bpt6k5713710p",
                  "emotions": [
                        "surprise",
                        "disgust",
                        "embarrassment"
                  ],
                  "excerpt": "Puis admirez ces fleurs aux couleurs éclatantes .Vous reculez , mon cher , vous les trouvez puantes ? Vous avez tout au moins un enchifrènement , Je n ' ai jamais senti parfum plus odorant .Tenez , vous l ' offrirez à votre douce amie .",
                  "id": "18",
                  "title": "Joies et misères / par Jules Rouquette,..."
            },
            {
                  "doc_url": "https://gallica.bnf.fr/ark:/12148/bpt6k9752815q",
                  "emotions": [
                        "surprise"
                  ],
                  "excerpt": "Mr .de la Hire , le fils , a vu un homme qui s ' empê - choit de sentir les mauvaises odeurs en remontant sa Luette , ensorte qu ' elle bou - choit la communication du Nez à la Bouche ; alors il respiroit par cette dernière voie * .Ce même passage de l ' air dans les cavités du Nez sert quelquefois à nettoyer ces ca - ê Obfiwt Fhyfyues , Tome II .",
                  "id": "19",
                  "title": "Traité des sens . Par M. Le Cat,... Nouvelle edition, corrigée, augmentée..."
            },
            {
                  "doc_url": "https://gallica.bnf.fr/ark:/12148/bpt6k61518568",
                  "emotions": [
                        "surprise",
                        "doubt",
                        "pain"
                  ],
                  "excerpt": "L ' hypertrophie du cornet moyen et certaines affections des fosses nasales déterminent une hypersécrétion mucopurulente qui , dans quelques cas , peut donner à croire à l ' existence d ' une sinusite .Les symptômes des suppurations de la cavité nasale et de l ' antre d ' Hygmore se confondent : le malade mouche abondamment , il est enchifrené , il perçoit luimême une odeur mauvaise , il a un goût fade dans la bouche ; la céphalalgie , la sensation de pesanteur sont les signes subjectifs .— 493 — Une trépanation exploratrice peut être tentée , dans la région alvéolaire de préférence .",
                  "id": "20",
                  "title": "Aide-mémoire du chirurgien-dentiste, par M. Paul Dubois,... [Dr L. Thomas, Dr Isch-Wall,... Paquy.] 2e édition. Affections dentaires et affections de la cavité buccale et des maxillaires"
            }
      ]
}