{
      "articles": [
            {
                  "doc_url": "https://gallica.bnf.fr/ark:/12148/bpt6k72893x",
                  "emotions": [
                        "surprise"
                  ],
                  "excerpt": "Les pierre ~ tombées àAlaismeTessemNent à aucune de : c ~ Mes précédemment décrias maïs s ' en Mpp ~ ehentLpM ' leur composition .EUes of & ent l ' aspect d ' une houille terreuse et sans éclat , friable et ÏeuiMetéë ; elles sont tachantes la maai ~ odH carburé de fer , prennent le poli des bitumes , par le frottement , s ' aplatissent sous le choc et répandent au feu une légère odeur bitumineùse elles renferment des grains de sulfure de fer jaune , et un grand nombre de grains de forme cubique , desquels la nature particulière n ' a pas été déterminée .Leur cassure est inégale ; elles sont tendres et même très - friables , douées au toucher , insipides , insolubles dans l ' eau , et ne pèsent spécifiquement que t ~ o ~ o .",
                  "id": "1",
                  "title": "Mémoire historique et physique sur les chutes des pierres tombées sur la surface de la terre à diverses époques / par M. P.-M.-S. Bigot de Morogues,..."
            },
            {
                  "doc_url": "https://gallica.bnf.fr/ark:/12148/bpt6k1039062",
                  "emotions": [
                        "surprise"
                  ],
                  "excerpt": "~ a maîtresse de la maison se réservait à usage exclusif la partie à droite du pre ) r étage une enniade de plusieurs pièces , tartir .d ' an salon intime jusqu ' à une spaMo lingerie aux armoires en érable verni , ! atitréea dans le mur et qui , chaque fois on tes ouvrait , exhalaient un parfum rmte de lavande , de thym et de racine d ' iris .< a partie à gauche , durant de longues aus , c ' est - à - dire depuis la mort du duo Gasd de Croix - Satnt - Lno , étatt restée close .",
                  "id": "2",
                  "title": "La Vie populaire : édition hebdomadaire du Petit Parisien"
            },
            {
                  "doc_url": "https://gallica.bnf.fr/ark:/12148/bpt6k6394044t",
                  "emotions": [
                        "surprise"
                  ],
                  "excerpt": "— Je lui rendis le médaillon sans rien dire , mais il sentit mamain trembler en lui remettant cet objet .- Tout à coup un parfum subtil et qui m ' était inconnuse répandit dans l ' air , et comme je levais les yeux , cherchant avec surprise d ' où pouvait venir cette odeur pénétrante J ' aperçus Édouard qui tenait à la main la boucle de cheveux qu ' il venait de me montrer enfermée dans le médaillon - cassolette .— Edouard alla ouvrir une fenêtre qjii donnait sur la rue , et jeta au vent le souvenir dont la vue m ' avait fait tressaillir malgré moi .",
                  "id": "3",
                  "title": "Le Pays latin, par Henry Murger"
            },
            {
                  "doc_url": "https://gallica.bnf.fr/ark:/12148/bpt6k56603004",
                  "emotions": [
                        "surprise",
                        "disgust"
                  ],
                  "excerpt": "C ' est très distinctement qu ' il voit les esprits ; il nous assure les voir aussi nettement Sue les objets réels eux - mêmes .Ses autres sens sont ' ailleurs impressionnés ; les esprits à l ' aspect hideux répandent en même temps une odeui » îifi brûlé extrêmement désagréable ., Mais , outre les esprits qui le persécutent , il en voit d ' autres qui lui sont , soit favorables , soit du moins , indifférents .",
                  "id": "4",
                  "title": "Le spiritisme dans ses rapports avec la folie : essai de psychologie normale et pathologique / par le Dr Marcel Viollet,..."
            },
            {
                  "doc_url": "https://gallica.bnf.fr/ark:/12148/bpt6k65532665",
                  "emotions": [
                        "surprise",
                        "disgust"
                  ],
                  "excerpt": "Il venait de faire , un jour une superbe cueillette de ceps et de champignons roses ; il nouait en sifflant les quatre coins de son mouchoir autour de son butin , lorsqu ' il porta machinalement à sa bouchcun tout petit brin d ' herbe qu ' il venait de cueillir .Un imperceptible parfum d ' iris s ' en dégagea : cette herbe , c ' était l ' herbe an pivert .Voilà donc Cochard fils à même de trouver des trésors .",
                  "id": "5",
                  "title": "Contes sans malice / par J. Girardin"
            },
            {
                  "doc_url": "https://gallica.bnf.fr/ark:/12148/bpt6k5492153j",
                  "emotions": [
                        "surprise",
                        "pride",
                        "envy"
                  ],
                  "excerpt": "De bonheur je poussais un cri .— Quoi ! des trésors sont ta rosée , Fleur brillante au parfum si doux ? — Oui , de la foule jalousée , J ' avais de l ' or jusqu ' aux genoux .— Quoi ! des trésors sont ta rosée , Fleur brillante au parfum si doux ? Devant ce rêve du jeune âge , Adieu nos rêves d ' avenir ! L ' enfant en remontre au vieux sage ; L ' or aujourd ' hui vient tout ternir .",
                  "id": "6",
                  "title": "Dernières chansons de P.-J. de Béranger, de 1834 à 1851 / avec une lettre et une préface de l'auteur"
            },
            {
                  "doc_url": "https://gallica.bnf.fr/ark:/12148/bpt6k6529058z",
                  "emotions": [
                        "surprise"
                  ],
                  "excerpt": "Dursap , dans des notes manus - crites dont le Dr .Heckel reproduisit jadis , en 1903 , une partie , dit qu ' après avoir goûté une petite parcelle de 1 écorce , qui était à odeur forte et à goût amer , il ressentit des troubles de la vue , des vertiges , de l ' hébétude , accompagnée d ' une sudation générale .Les Betsileo croient d ' ailleurs qu ' un fragment de cette - écorce de kominga , caché près d ' une ferme , du côté où souffle habituellement le vent , suffit pour amener de terribles maladies et provoquer même la mort de la plupart des habi - tants de la ferme .",
                  "id": "7",
                  "title": "Bulletin économique : publié... par le Gouvernement général : colonisation, agriculture, commerce, industrie, élevage... / Colonie de Madagascar et dépendances"
            },
            {
                  "doc_url": "https://gallica.bnf.fr/ark:/12148/bpt6k5459403r",
                  "emotions": [
                        "surprise",
                        "disgust"
                  ],
                  "excerpt": "Ce malade n ' a pas de dents cariées , point d ' encapùchonnement de la dernière dent molaire , point d ' oblitération du canal de Sténon .L ' abcès ouvert donna issue à un pus épais , verdâtre et d ' une odeur alliacée , suffocante .Chassaignac rapporte encore six observations d ' abcès de la région parotidienne ( obs .",
                  "id": "8",
                  "title": "Étude sur la pathogénie des abcès fétides / par Arthur-Auguste Pichancourt,..."
            },
            {
                  "doc_url": "https://gallica.bnf.fr/ark:/12148/bpt6k54456228",
                  "emotions": [
                        "surprise",
                        "love",
                        "doubt"
                  ],
                  "excerpt": "Un soir ( temps que choisit la fantasmagorie ) , Un capucin prêchait sur la coquetterie .D ' abord le révérend de tout son attirail Fait en mots doucereux le fastueux détail ; Puis , prenant par degrés une voix foudroyante : Eh ! pour qui tout ce fard , tous ces parfums divers ? Pour qui ces diamans , cette plume brillante ? Pour un Front qui , dans peu dévoré par les vers , — 3 — De ses adorateurs deviendra l ' épouvante .Oui , mortels , que séduit l ' éclat de la beauté , Regardez , la voilà votre divinité ! Il dit , et tout - à - coup , pompeusement parée Se montre sur la chaire une tête de mort .",
                  "id": "9",
                  "title": "Serio-Jocosa ou Opuscules sérieux et badins / par un prolétaire"
            },
            {
                  "doc_url": "https://gallica.bnf.fr/ark:/12148/bpt6k1269231b",
                  "emotions": [
                        "surprise",
                        "excitement"
                  ],
                  "excerpt": "Et voici qu ' une langueur trouble , une attente , semble se parfumer étrangement et se peupler de musiques lointaines , d ' harmonies inconçues à l ' état naturel , de ces harmonies infixables , fluides et voluptueuses que connaissent seuls les infortunés initiés des drogues hallucinatoires : opium , haschisch ou éther .On est littéralement saisi par la sensation , et l ' on ne peut , à ce moment , songer que ces parfums , cette musique exquise , n ' ont pas de réalité objective , sont uniquement suscités par les rayons L qu émettent le diadème et le peplum de fils d ' argent ..",
                  "id": "10",
                  "title": "Les Bandeaux d'or : anthologie de poèmes et prose"
            },
            {
                  "doc_url": "https://gallica.bnf.fr/ark:/12148/bpt6k1340157",
                  "emotions": [
                        "surprise"
                  ],
                  "excerpt": "La literie se composait de fourrage sec jeté dans deux cadres de bois peints en rouge & ornés de sentences islandaises .Je ne m ' attendais pas à ce confortable ; seulement , il régnait dans cette maison une forte odeur de poisson sec , de viande macérée & de lait aigre dont mon odorat se trouvait assez mal .Lorsque nous eûmes mis de côté notre harnachement de voyageurs , la voix de l ' hôte se fit entendre , qui nous conviait à passer dans la cuisine , seule pièce où l ' on fit du feu , même par les plus grands froids .",
                  "id": "11",
                  "title": "Voyage au centre de la terre / par Jules Verne,..."
            },
            {
                  "doc_url": "https://gallica.bnf.fr/ark:/12148/bpt6k5858524x",
                  "emotions": [
                        "surprise",
                        "doubt",
                        "guilt"
                  ],
                  "excerpt": "Une tiédeur extraordinaire soufflait dans ce caveau qui répandait aussi un singulier parfum où revenait , dans un souvenir de terre humide , un relent de cire chaude ; mais c ' était là , si l ' on peut dire , le fond , le canevas même de la senteur , car elle disparaissait sous les broderies odorantes qui la couvraient , sous la dorure éteinte d ' une huile en laquelle on aurait fait macérer d ' anciens aromates , dissoudre de très vieux encens .C ' était une exhalaison mystérieuse et confuse , comme la crypte même qui , avec ses lueurs furtives et ses pans d ' ombre , était à la fois pénitentielle et douillette , étrange .Durtal se dirigea par la grande allée vers le croisillon de droite et s ' assit ; ce bras exigu du transept était muni d ' un autel estampé d ' une croix grecque en relief sur une 288 PAGlïS CATHOLIQUES sphère de pourpre .",
                  "id": "12",
                  "title": "Pages catholiques / J.-K. Huysmans ; préface de M. l'abbé A. Mugnier"
            },
            {
                  "doc_url": "https://gallica.bnf.fr/ark:/12148/bpt6k1039062",
                  "emotions": [
                        "surprise",
                        "fear",
                        "nervousness",
                        "embarrassment"
                  ],
                  "excerpt": "Il se rcvit alors , parcourant paiement , par des nuits sombres comme celle - ci , ces sentiers couverts an bout desquels elle l ' attendait si belle et si aimante Le frémissement du vent dans les feuilles lui rappela son pas léger quand elle accourait vers lui .Un souffle d ' air embaumé le fit tressaillir comme s ' il lui apportait le parfum délicat et pénétrant qu ' il respirait à son approche .Un instant il crut revivre le passé , et sa poitrine se souleva largement comme au réveil d ' un mauvais rêve .",
                  "id": "13",
                  "title": "La Vie populaire : édition hebdomadaire du Petit Parisien"
            },
            {
                  "doc_url": "https://gallica.bnf.fr/ark:/12148/bpt6k97919665",
                  "emotions": [
                        "surprise",
                        "gratitude",
                        "doubt"
                  ],
                  "excerpt": "Il y avoit dans cette vallée de gran - des maiions gromerement bâties , où celui qui me portoit ordinairement la parole me fit entrer , & où il me traita avec une , magnificence rustique .Quand tout son monde fut retiré , il me - dît : Seigneur , sur le sommet de la montagne à laquelle nous touchons , il y a un bois qui n ' est composé que d ' arbres odorife - rans .C ' est dans ce bois que se - tient l ' âne du DaggiaI , parcequ ' il ne vit que de bonnes odeurs .",
                  "id": "14",
                  "title": "Les Avantures d'Abdalla fils d'Hanif. Tome 1 / , envoyé par le sultan des Indes à la découverte de l'ile de Borico, où est la fontaine merveilleuse dont l'eau fait rajeunir. Avec la Relation du voyage de Rouschen, dame persane, dans l'ile détournée, qui a été inconnue jusqu'à present, et plusieurs autres histoires curieuses. Traduites en françois sur le manuscrit arabe trouvé à Batavia par M. de Sandisson."
            },
            {
                  "doc_url": "https://gallica.bnf.fr/ark:/12148/bpt6k81117v",
                  "emotions": [
                        "surprise"
                  ],
                  "excerpt": "Sous ses lourds cheveux d ' or brun , son front se barrait d ' un pli d ' ombre , ce pli qu ' elle avait dans la volupté comme dans la douleur .Un parfum , étrangement grisant , venait de ses cheveux .Elle me dit , simplement , ce seul mot .",
                  "id": "15",
                  "title": "Le jardin des supplices / [Octave Mirbeau]"
            },
            {
                  "doc_url": "https://gallica.bnf.fr/ark:/12148/bpt6k1039062",
                  "emotions": [
                        "surprise",
                        "love",
                        "nostalgia",
                        "excitement",
                        "gratitude"
                  ],
                  "excerpt": "formes , et tout éperdu de son audace , il y colla ses lèvres .Oh 1 la moiteur de cette peau veloutée ! 1 oh co parfum de chair embaumée dont il respirait pour la première fois les efâuvos tiudes et enivrants ! Quelles sources de ~ voluptés exquises pour ce misérable à qui ces joies étaient inoouunes ! Son être vierge tr ~ sa ~ llait au doux contact de cette femme aimée et s ' ~ panouibBait à l ' ardeur de ces sensations nouvelles .Son extase devint si profonde qu ' il ne songea plus si Marine était vivante ou non mais ii s ' oublia muet , immobile , anéanti datM des jouissances innnies .",
                  "id": "16",
                  "title": "La Vie populaire : édition hebdomadaire du Petit Parisien"
            },
            {
                  "doc_url": "https://gallica.bnf.fr/ark:/12148/bpt6k5492153j",
                  "emotions": [
                        "surprise"
                  ],
                  "excerpt": "— Quoi ! des trésors sont ta rosée , Fleur brillante au parfum si doux ? — Oui , de la foule jalousée , J ' avais de l ' or jusqu ' aux genoux .— Quoi ! des trésors sont ta rosée , Fleur brillante au parfum si doux ? Devant ce rêve du jeune âge , Adieu nos rêves d ' avenir ! L ' enfant en remontre au vieux sage ; L ' or aujourd ' hui vient tout ternir .Devant ce rêve du jeune âge , Adieu nos rêves d ' avenir ! — .",
                  "id": "17",
                  "title": "Dernières chansons de P.-J. de Béranger, de 1834 à 1851 / avec une lettre et une préface de l'auteur"
            },
            {
                  "doc_url": "https://gallica.bnf.fr/ark:/12148/bpt6k5712489q",
                  "emotions": [
                        "surprise"
                  ],
                  "excerpt": "Son corps , d ' abord inhumé en dehors de la ville , avait été transféré , peu de temps après , dans une église élevée en son honneur , et cette translation avait donné lieu à un nombreux pèlerinage qui se faisait au tombeau de la sainte où on venait prier surtout le 9 décembre à l ' occasion de sa fête .Un jour que saint Hyldefonse , archevêque de Tolède , s ' était approché du lieu où reposait la sainte , il voit tout - à - coup le cercueil s ' ouvrir , l ' église éclairée d ' une lumière éblouissante et la sainte couronnée de gloire se dresser toute droite dans la fosse , d ' où s ' exhale un parfum d ' une suave odeur .A cette vue , l ' archevêque se précipite vers la 26 sainte qu ' il veut saisir dans ses bras en entonnant une antienne qu ' il avait composée en son honneur .",
                  "id": "18",
                  "title": "Les miniatures des miracles de la Sainte Vierge, d'après le manuscrit de Gautier de Coincy (fin du XIIIe siècle) / publiées par l'abbé Poquet,..."
            },
            {
                  "doc_url": "https://gallica.bnf.fr/ark:/12148/bpt6k1176997m",
                  "emotions": [
                        "surprise",
                        "amusement"
                  ],
                  "excerpt": "Après que des myriades do petits travailleurs microscopiques ont fait fermenter et lever ceux - ci , ils sont placés sur un wagonnet qui est ainsi entré dans le moufle béant du four que lo boulanger a chauffé pendant ce temps .Ici s ’ opère mystérieusement la cuisson et ces pains que nous avons vu entrer par une extrémité du four aplatis , mous , pâles et sans vie , vont sortir par l ’ autre extrémité gonflés , croustillants , dorés , riants à l ’ œil et embaumant l ’ air par leur arôme délicieux .Aussitôt l ’ aimable vendeuse emplit son panier et distribue à toutes les mains tendues vers elle et luttant pour avoir le meilleur pain ; ce succès dont elle prend sa juste part se renouvelle à chaque fournée sans lasser les acheteurs .",
                  "id": "19",
                  "title": "La Revue artistique, littéraire et industrielle"
            },
            {
                  "doc_url": "https://gallica.bnf.fr/ark:/12148/bpt6k5469362j",
                  "emotions": [
                        "surprise",
                        "grief",
                        "doubt",
                        "disappointment"
                  ],
                  "excerpt": "136 LES NUITS DE QUINZE ANS Voici leur croupe ronde et voici leurs seins mûrs , Leurs ventres dédaigneux du mensonge des voiles , Leurs bras blancs qui brillaient dans leurs cheveux obscurs , Leur teint semé de fleurs , leurs yeux semés d ' étoiles .Hélas ! Que rcste - t - il de ces baisers défunts ? Des mèches de cheveux où flotte une odeur louche , Des billets , des rubans et des fleurs sans parfums Et des flacons jaunis qu ' en tremblant on débouche .PLUIE Le ciel est couleur de suie , Ouvre la fenêtre Pour que l ' odeur de la pluie Jusqu ' à nous pénètre .",
                  "id": "20",
                  "title": "Les nuits de quinze ans / Francis de Croisset ; préface d'Octave Mirbeau"
            }
      ]
}