{
      "articles": [
            {
                  "doc_url": "https://gallica.bnf.fr/ark:/12148/bpt6k6464435n",
                  "emotions": [
                        "surprise",
                        "envy"
                  ],
                  "excerpt": "LA PLAXTE LA PLANTÉ ) ans ce globule noir , que chasse mon haleine , ) ort la plante à venir : racines , tige et fleurs .; i petit que mes yeux le distinguent à peine , 1 contient , enfermés dans sa cosse d ' ébène , jes plus riches - parfums , les plus fraîches couleurs .ja Nature a caché ses frileuses toilettes Dans ces humbles réduits que respecte l ' hiver ; Ses robes de satin , ses flottantes aigrettes , Ses colliers de grenat , ses blanches collerettes , Ses manteaux bigarrés , brodés de velours vert .",
                  "id": "1",
                  "title": "Les dogmes nouveaux (2e édition augmentée) / par Eugène Nus"
            },
            {
                  "doc_url": "https://gallica.bnf.fr/ark:/12148/bpt6k56185584",
                  "emotions": [
                        "surprise",
                        "fear",
                        "pain"
                  ],
                  "excerpt": "Lorsqu ' il fut ramené à Douai , je constatai , écrit M .Emile Dutertre , qu ' il était atteint d ' une plaie très grande de la cuisse ; et que cette plaie était entièrement recouverte de tissus gangrenés , exhalant une odeur effroyable .Ce soldat avait reçu un éclat d ' obus , qui lui avait labouré la face antérieure et supérieure de la cuisse et une partie du pénis .",
                  "id": "2",
                  "title": "Gangrène gazeuse pendant la guerre de 1914-1916... 2e édition, refondue. Edition 2,Tome 1 / Fr. Guermonprez"
            },
            {
                  "doc_url": "https://gallica.bnf.fr/ark:/12148/bpt6k65451895",
                  "emotions": [
                        "surprise"
                  ],
                  "excerpt": "C ' est dans ces cours qu ' il faut aller prendre connaissance de la vie des petits ménages de campagne , de familles à qui le bon Fénelon a permis de danser pour leur faire oublier un instant leur misère , si toutefois la misère peut trouver un logement à la campagne .Qu ' y voit - on ? Au premier pas qu ' on fait dans la cour , on est suffoqué par une forte odeur de soupe à choux où il y a beaucoup de légumes ; cette odeur , si vous entrez dans la maison , vous monte , vous pique dans le nez et inonde votre langue de salive : vous voyez dans l ' intérieur de ces cases , palissadéei pour la plu - ( t ) Perpendiculaires .nix rues .",
                  "id": "3",
                  "title": "Extrait de la description physique et littéraire d'Amigny-Rouy / par Serre A.-C."
            },
            {
                  "doc_url": "https://gallica.bnf.fr/ark:/12148/bpt6k6375332d",
                  "emotions": [
                        "surprise",
                        "fear"
                  ],
                  "excerpt": "Du fond de l ' horizon , éclairé par instants de lueurs pareilles à celles d ' un brasier qui s ' éteint , un orage venait .Un souffle large emplissait l ' espace , apportant jusqu ' à lui les senteurs agrestes de la forêt de Boulogne , dont les masses de verdure étaient encore visibles , tout là - bas , à l ' occident des lacst : .' : .",
                  "id": "4",
                  "title": "Le Cyclamen : revue mensuelle scientifique, littéraire & artistique des Savoyards de Paris"
            },
            {
                  "doc_url": "https://gallica.bnf.fr/ark:/12148/bpt6k5485752v",
                  "emotions": [
                        "surprise",
                        "fear",
                        "courage",
                        "gratitude",
                        "faith"
                  ],
                  "excerpt": "Pitié , mon Dieu ! Trop faibjes sont nos âmes Pour désarmer votre juste courroux : Fmbrasez - les de généreuses flammes , Kt rendez - les moins indignes de vous .Pitié , mon Dieu ! Si votre \" main chàlie Un peuple ingrat qui semble la braver , Elle commande à la mort , à la vie ; Par un miracle elle peut nous sauver ! Merci , mon Dieu , pour ces saintes journées ; Nous garderons leur parfum précieux .O fleurs d ' amour , quand vous serez fanées , C ' est que la mort aura ferme nos yeux ! Vers î heures et demie Déjeune ! * .",
                  "id": "5",
                  "title": "Le diocèse de Coutances et Avranches à Notre-Dame de Lourdes : pèlerinage du cinquantenaire de la définition dogmatique de l'Immaculée Conception (5-10 septembre 1904) : manuel des pèlerins"
            },
            {
                  "doc_url": "https://gallica.bnf.fr/ark:/12148/bpt6k720466",
                  "emotions": [
                        "surprise"
                  ],
                  "excerpt": "Maître Corbeau , sur un arbre perché Tenoit en son bec un fromage .Maître Renard , par l ' odeur alléché , y Lui tint à peu près ce langage « Hé ! bonjour , monsieur du Corbeau .Que vous êtes joli ! i que vous me semblez beau ! Sans mentir , si votre ramage Se rapporte à votre plumage , Vous êtes le phénix des hôtes de ces bois .",
                  "id": "6",
                  "title": "Fables de La Fontaine / avec les dessins de Gustave Doré"
            },
            {
                  "doc_url": "https://gallica.bnf.fr/ark:/12148/bpt6k3351519t",
                  "emotions": [
                        "surprise"
                  ],
                  "excerpt": "S ' appuyant contre moi , elle posa sa tête sur mon épaule et me considéra rêveusement d ' un regard oblique .Je voyais de tout près la pulpe veloutée de son visage de blonde , son cou rond et presque le commencement de sa gorge ; la blancheur de sa peau , pétrie de jour et d ' Orient , m ' aveuglait ; une odeur subtile , indéfinissable , montait de tout ce corps jeune jusqu ' à mes narines .Mais cela n ' était rien encore .",
                  "id": "7",
                  "title": "Les barricades mystérieuses / Edmond Jaloux"
            },
            {
                  "doc_url": "https://gallica.bnf.fr/ark:/12148/bd6t5373938z",
                  "emotions": [
                        "surprise",
                        "disapproval",
                        "doubt"
                  ],
                  "excerpt": ".du lait de génisse ! Elles prétendent que cela sent bon : je n ' y crois pas .Dans tous les cas , je doute que ce soit plus nauséabond que le blanc de nos Parisiennes , quelques heures après son application .",
                  "id": "8",
                  "title": "Madame n'est pas chez elle / par madame Manoël de Grandfort"
            },
            {
                  "doc_url": "https://gallica.bnf.fr/ark:/12148/bpt6k82576q",
                  "emotions": [
                        "surprise",
                        "love",
                        "desire",
                        "nostalgia",
                        "disappointment"
                  ],
                  "excerpt": "Une brise embaumant le thym du pâturage S ' était levée heure d ' impudeur idyllique Mais nous ne voyions pas s ' allonger l ' ombre oblique , Et nous n ' entendions pas au loin bramer l ' orage .IV Dans la fraîcheur d ' un soir d ' octobre aromatique , Au pays de l ' amour voluptueux et lent , Buvant jusqu ' à l ' ivresse , ô blonde , le troublant Arôme qu ' exalait ce crépuscule attique , Je rêvais l ' appareil de toutes tes pàleurs , .le rêvais , accroupi dans l ' ombre et dans l ' attente , Et , plein du grand désir de ta blancheur qui tente , J ' avais enguirlandé ton seuil de blanches fleurs .",
                  "id": "9",
                  "title": "Poèmes et poésies : augmentés de plusieurs poèmes / Francis Vielé-Griffin"
            },
            {
                  "doc_url": "https://gallica.bnf.fr/ark:/12148/bpt6k9602639t",
                  "emotions": [
                        "surprise",
                        "doubt"
                  ],
                  "excerpt": "Est - il bon à manger ce fruit ? MADAME BRÉMONT .' Je ne crois pas , mon cher enfant , j ' ai seulement entendu dire qu ' au moyen de la distillation on pouvait en extraire une huile fort odorante , et par la décoction une espèce de suif que les Indiens considèrent comme très propre à guérir les contusions et les foulures .On fait aussi avec ce suif qui arrive en Europe sous le nom de cire de cannelle , des bougies qui parfument les appartements qu ' elles éclairent .",
                  "id": "10",
                  "title": "Soirées du jeudi / par l'auteur d'Emma, ou La prière"
            },
            {
                  "doc_url": "https://gallica.bnf.fr/ark:/12148/bpt6k929324x",
                  "emotions": [
                        "surprise",
                        "fear"
                  ],
                  "excerpt": "Un soir la éoyale fleuriste était assise dans un des berceaux de son jardin , savourant leur parfum et y admirant la beauté de ses roses .Tout à coup elle vit accourir du fond de la forêt , sur dos chevaux noirs , trois cavaliers furieux , également noirs , répandant autour d ’ eux l ’ odeur d ’ une poix fétide .Bientôt les plates - bandes des rosiers sont dévastés et le roi et sa fille sont chassés de leur palais .",
                  "id": "11",
                  "title": "Bulletin paroissial de Cruscades : revue mensuelle du foyer chrétien"
            },
            {
                  "doc_url": "https://gallica.bnf.fr/ark:/12148/bpt6k767761",
                  "emotions": [
                        "surprise"
                  ],
                  "excerpt": "Seuls , en effet , un état gangreneux ou une violente contusion suivie d ' ecchymose peuvent être confondus avec la tache verte abdominale .Or , la contusion n ' cxha ! e pas d ' odeur putride .Dans ta gangrène , it est vrai , existe une odeur avec ramollissement des tissus , mais cette odeur n ' a rien de commun avec l ' odeur cadavéreuse ; de plus ta gangrené est nettement circonscrite par un tisérc rouge qui sépare les parties saines des parties mortifiées , et , tandis que la putréfaction se montre primitivement sur le ventre , la gangrène presque toujours débute par les membres .",
                  "id": "12",
                  "title": "La mort réelle et la mort apparente : nouveaux procédés de diagnostic et traitement de la mort apparente / par le Dr Séverin Icard,..."
            },
            {
                  "doc_url": "https://gallica.bnf.fr/ark:/12148/bpt6k8840168",
                  "emotions": [
                        "surprise",
                        "joy",
                        "optimism",
                        "nostalgia",
                        "relief",
                        "gratitude",
                        "calmness",
                        "doubt"
                  ],
                  "excerpt": "LE BONHEUR .Bonheur , repos de l ’ ùme , oasis embaumée , N ’ es - tu qu ’ un mot sonore à l ’ oreille charmée , Rêve du voyageur qui s ’ arrête trop las Au milieu du désert — n ’ existes - tu donc pas ? A UNE MARGUERITE Et le premier rayon Du soleil m ’ a surprise , Sur mon séant assise , Dans mon adliclion .Garni b .",
                  "id": "13",
                  "title": "Le mal du pays / Léon Advier"
            },
            {
                  "doc_url": "https://gallica.bnf.fr/ark:/12148/bpt6k876475h",
                  "emotions": [
                        "surprise",
                        "doubt"
                  ],
                  "excerpt": "— Comme s ’ ils n ’ étaient pas bien où Monsieur les a ramassés , bougonnait la Malaisée .M n \" Boussuge , elle , leur reprochait surtout de narguer l ’ esprit d ’ ordre et de propreté qu ’ elle portait en tout — On croirait , ma parole , qu ’ il n ’ y a pas autre chose à collectionner que cette putréfaction ! Elle pensait aux timbres - postes , qui tiennent le moins de place ne font pas de poussière et n ' ont pas d ' odeur .Palntyre était méticuleuse et méthodique II n ’ y avait pas que le petit réfugié qui dût sc déchausser en rentrant : Boussuge en faisait autant avec docilité ; et l ' enfant était 6o L ' in RONDELLE SOUS LE TOIT depuis longtemps dressé que l ’ hôtesse lui demandait encore : « T ' es - tu déchaussé ? » Règle générale : « Une place pour chaque chose , chaque chose à sa place .",
                  "id": "14",
                  "title": "L'hirondelle sous le toit / par Lucien Descaves,..."
            },
            {
                  "doc_url": "https://gallica.bnf.fr/ark:/12148/bpt6k56228649",
                  "emotions": [
                        "admiration",
                        "surprise",
                        "grief",
                        "gratitude"
                  ],
                  "excerpt": "On devine une vie invisible qui rôde Sous le flot où , soudain , luit nu éclair d ' argent .la prairie , ai soleil , vibre et fleure le miel ; Le vent des neiges sent parfois la violette ; lue grande buée au ras des monts halète : La respiration îles glaciers dans le ciel ..",
                  "id": "15",
                  "title": "L'Univers illustré"
            },
            {
                  "doc_url": "https://gallica.bnf.fr/ark:/12148/bpt6k56228649",
                  "emotions": [
                        "surprise"
                  ],
                  "excerpt": "sa ? EDELWEISS Au flanc du rocher qui s ' effrange , Irréchauffable en sa pâleur .Je connais une fleur étrange , S ; u ; s parfum , presque sans couleur .I > e loin , on dirait d ' un fossile Dans la froide pierre incrusté , I t cpii vaguement se profile Eu sa morue rigidité .",
                  "id": "16",
                  "title": "L'Univers illustré"
            },
            {
                  "doc_url": "https://gallica.bnf.fr/ark:/12148/bpt6k5698789k",
                  "emotions": [
                        "surprise",
                        "doubt",
                        "pain"
                  ],
                  "excerpt": ".la graine de moutarde blanche ! ( ceci messieus , n ' est pas de la moutarde après dîner ) ! Avez - vous par hasard des névralgies ; des faiblesses d ' estomac , des rhumatismes goutteux ou des saignements saignements nez ? Prenez , avant de vous coucher .une livre de moutarde blanche par les narines , une pomme cuite dans les dents , et un linge mouillé sous la plante des pieds , vingt - quatre heures après , vous êtes entièrement guérit de l ' envie d ' vous servir de ce remède .",
                  "id": "17",
                  "title": "Album chantant ou la chanson de tous et pour tous.... Tome 3"
            },
            {
                  "doc_url": "https://gallica.bnf.fr/ark:/12148/bpt6k6207113t",
                  "emotions": [
                        "surprise",
                        "nostalgia"
                  ],
                  "excerpt": "Peu à peu reviennent à nous le silence , la sécurité et le sommeil .Au frais matin tranquille , au soleil levant , quand j ' ouvre ma tente , une bouffée de parfum m ' arrive avec l ' air du dehors , si violente qu ' il semble qu ' on soit venu briser devant ma porte un vase d ' aromates .Et toute cette triste vallée de granit est embaumée ainsi , comme un temple d ' Orient .",
                  "id": "18",
                  "title": "Le désert (47ème édition) / par Pierre Loti,..."
            },
            {
                  "doc_url": "https://gallica.bnf.fr/ark:/12148/bpt6k6207113t",
                  "emotions": [
                        "surprise",
                        "disgust",
                        "fear"
                  ],
                  "excerpt": "Leur exil , commencé depuis dix - neuf mois , doit durer deux années ; une fois l ' an , un bâtiment turc vient ici relever la garnison et , à son prochain voyage , dans cinq mois , ce bâtiment les rapatriera .Une odeur de cadavre , tout à coup .Ah 1 nous approchions du chameau mort , le seul habitant de cette plage ; voici qu ' on distingue confusément sa pose et son geste de pattes , à la lueur de cette lune si nouvelle .",
                  "id": "19",
                  "title": "Le désert (47ème édition) / par Pierre Loti,..."
            },
            {
                  "doc_url": "https://gallica.bnf.fr/ark:/12148/bpt6k1499960s",
                  "emotions": [
                        "surprise",
                        "nostalgia",
                        "doubt",
                        "curiosity"
                  ],
                  "excerpt": "Il s ' y livraient a une sarabande effrénée en chantant sur un air connu : Joli mois de mai Stupéfait de cet anachronisme , je m ’ adressai au plus déluré de la Lande : Dites - moi .mon jeune ami , que faites - vous ici ' ? Votre place n ' Pst - clIe pas sous la terre jusqu ’ à la saison nouvelle \" ? Le printemps n ' est donc pas venu ? fit l ' insecte naif ; pourtant l ' air est litde et embaumé .Il fait bon vivre et danser au soleil : nu ne est ridendum ! Nous avons eulendu chanter les rossignols , reprit un antre qui , sans doute , avait pris la Tabaechi pour Philo - mele .",
                  "id": "20",
                  "title": "Le Furet : ex Jean qui rit / dir. De Coutouly"
            }
      ]
}