{
      "articles": [
            {
                  "doc_url": "https://gallica.bnf.fr/ark:/12148/bpt6k548694",
                  "emotions": [
                        "surprise",
                        "gratitude"
                  ],
                  "excerpt": "Incliné sur tes yeux où palpite une flamme Je descends , je descends , on dirait , dans ton Ame .De ta robe cntr ' ouverte aux larges plis tlottants , Où des éclairs de peau reluisent par instants , Un arôme charnel où le df ' sir s ' allume Monte à longs Qots vers moi comme un parfum qui fume .Et , lentement , les yeux clos , pour mieux m ' en griser .",
                  "id": "1",
                  "title": "Le chariot d'or ; Symphonie héroïque / Albert Samain"
            },
            {
                  "doc_url": "https://gallica.bnf.fr/ark:/12148/bpt6k1162319t",
                  "emotions": [
                        "surprise"
                  ],
                  "excerpt": "Or , j ’ ai constaté que l ’ eau arrivant à travers le radier de la galerie Vivent a un goût infecte , quelque rapide que soit son arrivée dans le filtre .Mais cette eau n ’ est autre , l ’ étude chimique Ta prouvé , que l ’ eau de la nappe souterraine ; il n ’ est donc pas étonnant , que , se mélangeant à celle de tous les autres filtres , elle ait produit un aliment infect pour eux ainsi que pour le Château - d ’ eau , et qu ’ elle ait , pour ainsi dire , empoisonné les habitants de Toulouse .Mais le lit de la Garonne peu - à - peu balayé par de nouvelles inondations , a perdu une partie de sa vase , les infiltrations ont pu reprendre insensiblement leurs cours , cependant fbÉMMiaM — 76 — leur quantité est demeurée infiniment moindre qu ’ aupara - vant .",
                  "id": "2",
                  "title": "Étude sur les filtres et sur l'eau des fontaines de Toulouse, par M. le Dr Félix Garrigou"
            },
            {
                  "doc_url": "https://gallica.bnf.fr/ark:/12148/bpt6k5762675r",
                  "emotions": [
                        "surprise",
                        "embarrassment"
                  ],
                  "excerpt": "Deux jours après , je vois entrer un valet de chambre avec une petile maison de chien , toute pleine de rubans , et sortir de cette jolie maison un petit chien tout parfumé , d ' une beauté extraordinaire .Des oreilles , des soies , une haleine douce , petit comme Sylphide 4 , blondin comme un blondin , jamais je ne fus plus étonnée ni plus embarrassée .Je voulus le renvoyer ; on ne voulut jamais le reporter .",
                  "id": "3",
                  "title": "Éducation et patriotisme / R. P. Terrade,..."
            },
            {
                  "doc_url": "https://gallica.bnf.fr/ark:/12148/bpt6k57124607",
                  "emotions": [
                        "surprise",
                        "indifference"
                  ],
                  "excerpt": "Si je l ' eusse rencontrée ainsi , la première fois , je ne l ' eusse pas aimée , et mon amour chancelait en face d ' une pareille transformation .Et puis , la femme qui était dans ma chambre répandait autour d ' elle je ne sais quelle fade , étrangère odeur , comme un parfum de prostitution .Était - ce bien Lucy ? Ce doute était terrible ; j ' avais le coeur serré , des , larmes d ' angoisse me perlaient aux yeux .",
                  "id": "4",
                  "title": "Les Amours vulgaires, par A. Vermorel"
            },
            {
                  "doc_url": "https://gallica.bnf.fr/ark:/12148/bpt6k62303j",
                  "emotions": [
                        "surprise",
                        "disapproval",
                        "doubt"
                  ],
                  "excerpt": "Chérubin accepte cette proposition il attend le soir avec impatience , car il brùle de se retrouver avec madame de Valdieri .B est persuadé que Munfréville se trompe , et ne peut pas croire qu ' on l ' accueillera mal parce qu ' il s ' est sauvé de chez cette dame que les odeurs incommodaient .L ' heure de la réunion arrive ; Monfrévitte vient prendre sajeune ami , et tous deux se rendent chez madame Célival .",
                  "id": "5",
                  "title": "L'amoureux transi (Nouv. éd.) / oeuvres complètes... de Ch.-Paul de Kock"
            },
            {
                  "doc_url": "https://gallica.bnf.fr/ark:/12148/bpt6k6253836c",
                  "emotions": [
                        "surprise",
                        "disgust"
                  ],
                  "excerpt": "— Vois donc , maman ! Il y avait ça , au fond .Sens un peu , 1a ionne odeur ! Les fleura fauves , tigrées de pourpre , exhalaient une senteur pénétrante , qui embaumait toute la chambre .Alors , Hélène , d ' un mouvement passionné , attira Jeanne contre sa poitrine , pendant que le paquet de giroflées tombait sur ses genoux .",
                  "id": "6",
                  "title": "Les Romans d'amour"
            },
            {
                  "doc_url": "https://gallica.bnf.fr/ark:/12148/bpt6k9639120",
                  "emotions": [
                        "admiration",
                        "surprise",
                        "gratitude"
                  ],
                  "excerpt": "En sonnant à la porte du père Godichon , il aperçoit le pot de cactus sur monté de son étiquette .Parfum rare ! ça .c ’ est un peu violent , s ' étonne - t - il ; et il approche immédiatementle nez pour se rendre compte .",
                  "id": "7",
                  "title": "La Dépêche. Supplément illustré"
            },
            {
                  "doc_url": "https://gallica.bnf.fr/ark:/12148/bpt6k5440347h",
                  "emotions": [
                        "surprise",
                        "disgust",
                        "fear"
                  ],
                  "excerpt": ".Horreur de l ' odorat , du tact ; horreur de tous les sens que celte masse inerte et sans forme , d ' où s ' exhale une odeur fétide , et dont le toucher glacial donne la petite mort aux plus braves .« Ajoutez maintenant le mystérieux à l ' horrible Ajoutez que la nature , qui ne jugeait pas que le reptile immonde en eût encore assez de ces moyens de nuire , l ' a doté par surcroît de la puissance de fascination magnétique qui lui livre ses proies sans défense .",
                  "id": "8",
                  "title": "Petites et grosses bêtes, essai de zoologie populaire, par Eugène Noël..."
            },
            {
                  "doc_url": "https://gallica.bnf.fr/ark:/12148/bpt6k206581q",
                  "emotions": [
                        "surprise",
                        "disgust"
                  ],
                  "excerpt": "L ' odeur des selles est spéciaic ; l ' on ne saurait mieux la comparer qu ' à l ' odeur de l ' amidon cuit , de l ' empois ou à celle de la ucur de pécher .Cette odeur bien particulière frappe i ' odorat a l ' entrée dans une salle de cholériques .A la période de réaction la hile reprend son cours et tes selles sont vcrdàtres , puis elles redevienncntfccaloidcs et tcur odeur ordinaire rëapparait .",
                  "id": "9",
                  "title": "Traité des maladies de l'enfance. Physiologie et hygiène de l'enfance. Considérations thérapeutiques sur les maladies de l'enfance. Maladies infectieuses / publié sous la dir. de MM. J. Grancher,... J. Comby,... A.-B. Marfan"
            },
            {
                  "doc_url": "https://gallica.bnf.fr/ark:/12148/bpt6k55441442",
                  "emotions": [
                        "surprise",
                        "disgust",
                        "anger",
                        "greed",
                        "doubt",
                        "embarrassment"
                  ],
                  "excerpt": "A ceux que vous blessez faut - il mettre un bâillon ? N ' offensez pas l ' abeille , ou souffrez l ' aiguillon .A toi donc qui , la pipe - ou lé cigare en bouche , Vas narguant le public que ton - souffle effarouche , Promenant en tous , lieux d ' un parfum détesté Et la senteur immonde et l ' amére acre té ; A toi qui , sans respect pour , le sexe ni l ' âge , Par un - long camouflet vas marquant ton passage ; Tu blesses pour toi seul tout le monde , et tu crois De la société n ' enfreindre pas les lois ! Tu veux que nous portions avec indifférence Dé tes honteux cadeaux et la gêne et .l ' offense ! Mais dis - moi : quand , lassé - des courses du matin , - A ton retour à table assis près d ' un festin , Du perdreau succulent , - de la truffe odorante , Tu savoures de l ' oeil la vue appétissante , Si j ' allais , te gâtant ces dons heureux du ciel , Répandre sur tes mets ou l ' absinthe ou le fiel ; Quand ton gosier , séché par l ' arène poudreuse , Implore d ' un vin pur la fraîcheur chaleureuse , Et qu ' un amphitryon t ' adresse en souriant Le ' pomard généreux ou l ' aï pétillant , Si j ' accourais soudain , malfaisante harpie , Verser dans tes flacons le vinaigre ou la lie : D ' un acte si sauvage , à bon droit révolté , Quels noms n ' aurais - tu pas pour - ma brutalité ! Oui , l ' acte en serait digne , et je te l ' abandonne .",
                  "id": "10",
                  "title": "Épître à messieurs les fumeurs / [signé Berville]"
            },
            {
                  "doc_url": "https://gallica.bnf.fr/ark:/12148/bpt6k9802995z",
                  "emotions": [
                        "surprise",
                        "joy",
                        "excitement",
                        "pride",
                        "gratitude"
                  ],
                  "excerpt": "J ' avois approché ce fruit de mes yeux , j ' en considérois la forme & les couleurs , une odeur délicieuse me le fît approcher davantage ; il se trouva près de mes lèvres ; je tirois à longues inspirations le parfum , 8c goûtois à longs traits les plaisirs de .' odorac j j ' étois intérieurement rempli de cet air embaumé , ma bouche s ' ouvrit pour l exhder , elle se rouvrit pour en reprendre je sentis que je possédois un odorat intérieur plus fin , plus délicat encore que le premier ; enfin je goûtai .Quelle saveur ! quelle nouveauté de sensation 1 jtisque - là je n ' a vois eu que des plaisirs , le goût me donna le sentiment de la volupté , l ' intimité de la jouissance fit naître l ' idée de la poilellion > je crus que la substance de ce fruit étqit devenue la mienne > & que j ' étois le maître de transformer les êtres .",
                  "id": "11",
                  "title": "Génie de M. de Buffon , par M***"
            },
            {
                  "doc_url": "https://gallica.bnf.fr/ark:/12148/bpt6k5842752s",
                  "emotions": [
                        "surprise",
                        "annoyance",
                        "disapproval",
                        "doubt",
                        "curiosity"
                  ],
                  "excerpt": "EDGAR POE .LES COEURS MALADES 77 Je m ' écriai : — Mais pourquoi es - tu descendue là ? ..",
                  "id": "12",
                  "title": "Les coeurs malades : roman / Eugène Montfort"
            },
            {
                  "doc_url": "https://gallica.bnf.fr/ark:/12148/bpt6k6133661z",
                  "emotions": [
                        "surprise",
                        "grief",
                        "sadness",
                        "fear",
                        "nervousness",
                        "pain"
                  ],
                  "excerpt": ".Quand les yeux Brûlent ; quand la lèvre pâlie Boit les longs parfums enivrants Des cheveux ! Quand les mains se cherchent tout bas , Pourquoi souvent une froide lame De poignard Terrible , alors déchire l ' âme ? Pourquoi néant tend - il ses bras Goguenard ? ..",
                  "id": "13",
                  "title": "Jeunesse !"
            },
            {
                  "doc_url": "https://gallica.bnf.fr/ark:/12148/bpt6k548694",
                  "emotions": [
                        "surprise",
                        "doubt"
                  ],
                  "excerpt": "dominaut t ~ troupeau du trottoir , Les beaux ttouchers , casques de vivaces crnncres , S avancent , dcptoyant de puissan ' es manières , Et vont roulant le torse en un tourd nonchatoir .Sur ! c tas moutonnant de cornes indomptées Flottent d ' acres senteurs d ' étables , fermentées Et d ' épais beuglements montent , confus et sourds .Et , fils pa ! e d ' un âge , où la Force succombe , Je sens en moi devant la farouche hccatom ! n ' Ressusciter l ' orgueil brutal des anciens jours .",
                  "id": "14",
                  "title": "Le chariot d'or ; Symphonie héroïque / Albert Samain"
            },
            {
                  "doc_url": "https://gallica.bnf.fr/ark:/12148/bpt6k5686413h",
                  "emotions": [
                        "surprise",
                        "disgust",
                        "fear"
                  ],
                  "excerpt": "C ' est là d ' abord une erreur anatomique manifeste et , de plus , c ' est une sottise ; car cet animal est très souple , très leste , et se retourne tout aussi bien qu ' un chien ; n ' allez donc point vous aviser , sur la foi de ce dicton , de le prendre par la queue , attendu que cette imprudence pourrait vous coûter fort cher .Le corps du loup répand une odeur particulière qui est en horreur à tous les animaux et qui leur inspire la plus grande crainte .La nature a doué ce carnassier des sens les plus fins : ouïe très bonne , vue perçante et odorat exquis .",
                  "id": "15",
                  "title": "La Vénerie au XIXe siècle. Chasse des mammifères de France / par le commandant P. Garnier,..."
            },
            {
                  "doc_url": "https://gallica.bnf.fr/ark:/12148/bpt6k3040420t",
                  "emotions": [
                        "surprise",
                        "fear",
                        "nervousness",
                        "pain"
                  ],
                  "excerpt": "Elle en portait une sorte de neige dans les cils , dans les sourcils et sur les tempes , tandis que ses joues en étaient plâtrées et qu ’ on en voyait des couches profondes dans tous les creux de son visage , sur les ailes du nez , dans la fossette du menton , aux coins des yeux .Quand elle se leva , elle répandit une odeur si violente que j ’ eus une sensation de migraine .Et on se mit à table pour souper .",
                  "id": "16",
                  "title": "Les Soeurs Rondoli / Guy de Maupassant"
            },
            {
                  "doc_url": "https://gallica.bnf.fr/ark:/12148/bpt6k3041509f",
                  "emotions": [
                        "surprise"
                  ],
                  "excerpt": "Forfter , fe trouve depuis la Moldavie 6c la Beffarabie julqu ’ à la rivière d ’ Irtich en Sibérie ; il aime les déferts fecs 6c remplis d ’ ablynthes , auronnes 6C armoifies qui font fa principale nourriture \\ il court très - vite , ôc néanmoins il n ’ a pas la vue bonne , parce qu ’ il a fur les yeux quatre petits corps lpon - gieux qui fervent à le défendre du trop grand reflet de la lumière dans ces terreins dont le fol efl aride 6c blanc en été , 6c couvert de neige en hyver .Il a le nez large 6c l ’ odorat fi fin , qu ’ il fent un homme d ’ une très - grande diftance lorfqu ’ il efl fous le vent , tellement que l ’ on ne peut l ’ approcher qu ’ en prenant l ’ autre côté du vent .Cet animal , continue le même obfervateur , femble réunir tout ce qui efl néceflfaire pour bien courir ; il a la refpiration plus facile qu ’ aucun aiftre animal , fes poumons étant très - grands , la trachée - artère fort large 6c les narines ainfi que les cornets du nez fort étendus ; en forte que la lèvre fupérieure étant plus longue que l ’ inférieure elle paroît pendante , 6c c ’ elt probablement à cette forme des lèvres qu ’ on doit attribuer la manière dont il paît , car il ne broute qu ’ en rétrogradant .",
                  "id": "17",
                  "title": "Encyclopédie méthodique. Histoire naturelle.... Tome 1"
            },
            {
                  "doc_url": "https://gallica.bnf.fr/ark:/12148/bpt6k5851219d",
                  "emotions": [
                        "surprise"
                  ],
                  "excerpt": "— Plusieurs théories ont été émises pour expliquer l ' odeur fétide qu ' exhalent les ozéneux .Krause , qui avait été frappé de la quantité considérable des granulations graisseuses qui infiltraient le tissu sousépithélial , et qui venaient sourdre sous forme de gouttelettes à la surface de la muqueuse , admit , renouvelant ainsi les idées de Chevreul sur la transformation des acides gras , admit , disons - nous , que l ' odeur était la conséquence des acides butyriques de nouvelle formation , absolument comme les sueurs fétides des pieds et des aisselles .Zaufal , de Prague , a fourni une théorie en rapport avec la nature étiologique qu ' il se faisait de l ' affection .",
                  "id": "18",
                  "title": "Affections chroniques des voies respiratoires traitées par les eaux sulfureuses et particulièrement aux thermes de Luchon, par le Dr Doit-Lambron,..."
            },
            {
                  "doc_url": "https://gallica.bnf.fr/ark:/12148/bpt6k203195h",
                  "emotions": [
                        "surprise",
                        "doubt"
                  ],
                  "excerpt": "Pour les railleries des dentellières assises au bord des caves , le songeur s ' avançait en boitant par la rue bruyante des maréchaleries .Ses mains gantées de jaune neuf étonnaient le promeneur quand if interrompait ses réflexions sur les Provinciales et l ' esprit jésuite pour apercevoir la vie v une seconde , si le trot d ' un cheval l ' avertissait de prendre garde , si l ' odeur des tanneries offensait avec le vent ses narines , si la kyrielle des écoliers jouant à la guerre se jetait dans son chemin , sur le trottoir exigu encombré de perrons et de leurs marches creuses .L ' irritation du savant était extrême contre cette marmaille quittant la classe .",
                  "id": "19",
                  "title": "Le temps et la vie. , Le culte d'Icare : roman / Paul Adam"
            },
            {
                  "doc_url": "https://gallica.bnf.fr/ark:/12148/bd6t53693463",
                  "emotions": [
                        "surprise",
                        "sadness",
                        "disappointment"
                  ],
                  "excerpt": "Nous descendîmes sur la dernière rive De la longue passerelle , par la gauche , 54 Et alors ma vue devint plus nette Sur le fond , lieu où le ministre Du Maître suprême , l ' infaillible Justice , 57 Punit les faussaires qu ’ elle y envoie .Je ne crois pas qu ’ il y eut plus grande tristesse à voir A Egine le peuple tout entier malade , — 60 Lorsque l ’ air était si empesté Que les animaux , jusqu ’ au moindre ver , Succombèrent tous et qu ' ensuite les anciennes races , 63 Selon ce que les poètes ont cru , Se reproduisirent de la semence de fourmis , — Qu ’ on n ’ en avait dans cette vallée obscure , à voir 66 Languir les esprits ( groupés ) en divers tas .( Celui - là gisait sur le ventre de l ’ un , celui - là ( sur le dos de l ’ autre , et tel , à quatre pattes , 69 Sc traînait par le triste chemin .",
                  "id": "20",
                  "title": "La divine comédie / Dante Alighieri ; traduction nouvelle, accompagnée du texte italien, avec une introduction et des notes, par Ernest de Laminne"
            }
      ]
}