{
      "articles": [
            {
                  "doc_url": "https://gallica.bnf.fr/ark:/12148/bpt6k57429631",
                  "emotions": [
                        "admiration",
                        "surprise",
                        "excitement",
                        "pride",
                        "doubt",
                        "amusement",
                        "curiosity"
                  ],
                  "excerpt": "Mais vous savez bien qu ' avec cela , elle - a toujours deux ou trois moments où elle est exquise .Un je ne sais quoi de capiteux et un montant , un haut goût bizarre , qui surexcite , tout au moins , qui dépayse , un goût de poivre , un parfum d ' oeillet .Pendant trois actes , je sais bien que c ' est trop ; mais , cinq ou six fois , au cours de ces trois actes , on est réveillé , secoué , électrisé dans le vrai sens du mot ; on sent les petits crépitements de l ' étincelle électrique qui mettent dans nos nerfs leur saccade étrangement chatouillante .",
                  "id": "1",
                  "title": "Notes sur le théâtre contemporain. T. 1 / Émile Faguet"
            },
            {
                  "doc_url": "https://gallica.bnf.fr/ark:/12148/bpt6k5407827j",
                  "emotions": [
                        "surprise",
                        "disgust",
                        "annoyance",
                        "doubt",
                        "curiosity"
                  ],
                  "excerpt": "Nos chaises se touchant , vous devinez déjà Si d ' un semblable accord le sermon s ' arrangea .Un diable , esprit souffleur , me disait à l ' oreille : « Jamais , jamais , voisin , je n ' ai vu la pareille ! Pensez - vous que le maigre , et croyez - vous que l ' eau Suffisent à nourrir ces lis sur cette peau ? < ! 36 , - , - ' POÉSIES Prend - on de ces rondeurs sous la règle du jeûne ? Non pas ! de mets choisis , nous voulons qu ' on déjeune , Nous dormons dans la plume , et ce châle étranger , Jugez vous - même , exhale un parfum d ' oranger .- Qu ' un prêcheur , par état , , sur ce cas déraisonne ; Vous , mon cher , ; regimbez ; car l ' aimable personne , Par Moïse ! aussi vrai qu ' aimer vous rendra dieux , Pour sa fossette rose a mérité les ci eux .",
                  "id": "2",
                  "title": "Poésies de Charles Coran. Tome 1"
            },
            {
                  "doc_url": "https://gallica.bnf.fr/ark:/12148/bpt6k5815897t",
                  "emotions": [
                        "surprise",
                        "grief",
                        "doubt",
                        "nervousness"
                  ],
                  "excerpt": "derrière ceux - là , il s ' en pressait d ' autres , confusément , par milliers .Pour la première fois , la forêt me fil peur , à moi qui me considérais comme son fils , né à son ombre , bercé dans ses bras centenaires , sur son sein si moelleux et si embaumé , à moi qui vivais en elle el pàrelle , à moi qu ' elle 208 AUX VEILLÉES DE NOËL nourris ? » ? ! , en vérité , de sa chair même et de son noble sang .Oui , j ' eus peur de ces grands arbres familiers : je leur trouvai un air menaçant que je ne leur connaissais point ; je crus les voir se pencher , abaisser lentement leurs branches , pour m ' arréter au passage ; ils réapparurent comme un fourmillement muel de grands spectres , et je sentis peser sur moi la fixité effrayante de leurs yeux .",
                  "id": "3",
                  "title": "Vieilles histoires du pays breton (Troisième édition) / par Anatole Le Braz"
            },
            {
                  "doc_url": "https://gallica.bnf.fr/ark:/12148/bpt6k6572098p",
                  "emotions": [
                        "admiration",
                        "surprise",
                        "disgust"
                  ],
                  "excerpt": "Mais je n ' aime pas ce panneau de vannerie , c ' est laid et inutile .Que de toile cirée ! C ' est une odeur qui vous prend à la gorge .Où est le pot à l ' eau ? Ah ! un col - de - cygne : je tourne , et un torrent d ' eau s ' élance en bouillonnant d ' une ouverture ménagée dans la cuvette .",
                  "id": "4",
                  "title": "Fantaisies ; avec un précepte d'Horace dessiné et gravé à l'eau-forte par l'auteur"
            },
            {
                  "doc_url": "https://gallica.bnf.fr/ark:/12148/bpt6k42232169",
                  "emotions": [
                        "surprise",
                        "doubt",
                        "nervousness",
                        "embarrassment"
                  ],
                  "excerpt": "On s ’ enquiert pour savoir d ’ où peut venir cette senteur délicieuse : elle émane des vêtements d ’ un des gardes du roi .On l ’ interroge , il balbutie , bientôt on lui arrache l ’ aveu qu ’ il est un des assassins du malheureux Gatelan , et que le parfum a été trouvé dans la boîte du troubadour chargé par Béatrix de Savoie de remettre au roi des senteurs de la Provence , alors encore inconnues à la cour de France .Les assassins furent livrés au supplice , et une croix commémorative , — celle qui est là devant nous , — fut plantée à l ’ endroit où le pauvre trouvère avait perdu la vie .",
                  "id": "5",
                  "title": "Le monde photographié"
            },
            {
                  "doc_url": "https://gallica.bnf.fr/ark:/12148/bpt6k3748399",
                  "emotions": [
                        "surprise",
                        "fear",
                        "nervousness",
                        "embarrassment"
                  ],
                  "excerpt": ".Pendant qu ' elle me parlait — nous étions bouche à bouche — je buvais son haleine : elle sentait la pomme , comme les enfants .Ah ! les suaves et chastes effluves qui se dégageaient d ' elle ! Les romanciers ont beau faire leurs efforts pour rendre le vice aimable : rien n ' est aphrodisiaque comme une jeune fille honnête .",
                  "id": "6",
                  "title": "A la porte du paradis ; Ma première leçon de boxe ; Je me tuerai demain ; Feu André-André ; L'héritier du mandarin, etc / Alfred Delvau"
            },
            {
                  "doc_url": "https://gallica.bnf.fr/ark:/12148/bpt6k5681176f",
                  "emotions": [
                        "surprise",
                        "doubt",
                        "guilt"
                  ],
                  "excerpt": "Quelle dérision ! Je ne puis le nier : quand ma chair est déchirée , je souffre .Mon Dieu ! le coeur qui distille l ' amour et qui vient parfumer la vie des heureux contient donc aussi d ' affreux poisons qui la corrompent pour d ' autres ? Pourquoi ai - je tué un homme , moi ? qui est - ce qui commandait à ma main ? qui est - ce qui a obéi , lorsque j ' ai commis ce crime ? ni la raison , bien sûr , ni le sang , ni la colère , ni la passion , ni rien .Je n ' avais à exécuter ni plan , ni combinaison , ni vengeance ; c ' est donc vous ; mon A SON AMI LE PEINTRE DE PARIS .",
                  "id": "7",
                  "title": "Les Smogglers, par Jules Lecomte.... Tome 2"
            },
            {
                  "doc_url": "https://gallica.bnf.fr/ark:/12148/bpt6k5681176f",
                  "emotions": [
                        "surprise",
                        "doubt",
                        "nervousness",
                        "curiosity"
                  ],
                  "excerpt": "La femme ne songe qu ' à être belle pour l ' amour .Elle se pare , elle se parfume les cheveux , MYSTÈRE .193 elle lisse sa coiffure , elle caresse son corps avec les étoffes les plus lascives , afin d ' en mieux relever les formes ; elle se soumet aux règles hygiéniques les plus propres à conserver sa beauté : toute sa jeunesse n ' est qu ' un long soupir vers l ' amour .",
                  "id": "8",
                  "title": "Les Smogglers, par Jules Lecomte.... Tome 2"
            },
            {
                  "doc_url": "https://gallica.bnf.fr/ark:/12148/bpt6k5456564v",
                  "emotions": [
                        "admiration",
                        "surprise",
                        "nostalgia",
                        "pride",
                        "doubt",
                        "faith"
                  ],
                  "excerpt": "la bonne heure ! Au moins , vous pourrez ainsi capter facilement la confiance des esprits soupçonneux ; tandis que , à vous parler franchement , il se dégageait de votre longue robe noire , de votre coiffure aux ailes de corbeau , une sueur d ' hypocrisie , une odeur de mensonge qui montait à la gorge des honnêtes personnes .Qui reconnaîtra désormais , dans ce corps mince orné d ' habits élégants , à la chevelure négligemment relevée , au teint fleuri , le Cafardot farfelu , crasseux , puant , la soutanelle en haillons ., dont les fesses rougissaient sous les coups de fouet des pamphlétaires ? Lui qui se dissimulait le long des murailles , quand il traversait la voie publique , le voilà assis sur les coussins d ' une calèche découverte , le front insolent , le cigare aux lèvres , lançant à travers son lorgnon en écaille des oeillades polissonnes aux câlins à la mode qu ' il aperçoit .",
                  "id": "9",
                  "title": "L'Internationale noire (Troisième édition) / par J. Pollio..."
            },
            {
                  "doc_url": "https://gallica.bnf.fr/ark:/12148/bpt6k5774701p",
                  "emotions": [
                        "surprise",
                        "love",
                        "nostalgia",
                        "gratitude",
                        "calmness",
                        "faith"
                  ],
                  "excerpt": "Qu ' on nous permette de les citer en partie : AU LAC DE TIBÉRIADE J ' aime tes flots , leur teinte et leur murmure , Lac enchanteur où Jésus naviguait .Comme une glace au sein de la verdure , Ton onde calme aujourd ' hui m ' apparaît ; Ah ! que j ' entende un instant ton langage ; De mon Jésus redis - moi les accents ! Tu l ' en souviens , ô mon charmant rivage , Fais - toi l ' écho de ses enseignements ! Près de tes bords , parés de lauriers - roses , 11 répandait le parfum de son coeur ; Comme tes fleurs sa parole est éclose .En gardes - tu la généreuse odeur ? Si la rosée en ta rive est féconde , Plus féconds sont ses oracles divins ; Il a donné sa grâce à tout un monde , Et la lumière aux âmes des humains .",
                  "id": "10",
                  "title": "Au pays du Sauveur, impressions de voyage d'un pèlerin en Égypte et en Palestine / par l'abbé J. de Martrin-Donos,..."
            },
            {
                  "doc_url": "https://gallica.bnf.fr/ark:/12148/bpt6k5628600j",
                  "emotions": [
                        "surprise"
                  ],
                  "excerpt": "Mais Emile , à tout prendre , avait - il le droit de railler la monomanie des autres ? dans un hospice de fous , Neptune se moque - t - il de Jupiter ? Aussi , se contenta - t - il de dire du ton le plus sérieux qu ' il put prendre : — Sais - tu le nom de cette femme ? — Lady Derby , dit Octave .— Lady Derby ! répéta Emile , en quittant brusquement le bras de son ami ; et tu dis qu ' elle est blonde , avec des yeux bleus ? Octave déclama de nouveau : Elle est comme une fleur parfumée et mi - close , Et comme un ange , elle est blonde avec les yeux bleus .Emile avait cherché une diversion , et voilà qu ' un incident imprévu le jetait de nouveau DE GOURNAY .",
                  "id": "11",
                  "title": "Le club des désoeuvrés. Tome 1 / par Jules-A. David"
            },
            {
                  "doc_url": "https://gallica.bnf.fr/ark:/12148/bpt6k5628600j",
                  "emotions": [
                        "surprise",
                        "fear",
                        "nostalgia",
                        "doubt",
                        "nervousness"
                  ],
                  "excerpt": "— Ma foi , Tobie a dit vrai , dit - il , la lettre sent bon ; et , Dieu me pardonne , elle sent l ' eau de Mousseline .N ' est - ce pas l ' odeur de la rue Taitbout ? Tiens , cher , j ' imagine que voilà un dénouement qui t ' arrive .C ' est un merci commenté , une reconnaissance à sa dixième puissance .",
                  "id": "12",
                  "title": "Le club des désoeuvrés. Tome 1 / par Jules-A. David"
            },
            {
                  "doc_url": "https://gallica.bnf.fr/ark:/12148/bpt6k111755g",
                  "emotions": [
                        "surprise",
                        "disgust",
                        "anger",
                        "fear",
                        "nervousness",
                        "pain"
                  ],
                  "excerpt": "– Eh fit John Huggs en tirant son revolver , qu ' y a - t - il , poltron ? Capitaine ca & a .pitaine , ça sent le serpent ! fit la Fouine qui n ' articulait ces mots qu ' avec difficulté , car sa gorge étranglait les sonsjjjst passage .^ John Huggs n ' élpfcf ^ s homme à se démonter facilement .",
                  "id": "13",
                  "title": "Le secret du trappeur / par Louis Noir et Pierre Ferragut"
            },
            {
                  "doc_url": "https://gallica.bnf.fr/ark:/12148/bpt6k5461147p",
                  "emotions": [
                        "surprise",
                        "doubt"
                  ],
                  "excerpt": "Doux poète , venez ; venez , soigneuse abeille , Venez tous deux remplir encor votre corbeille ; Venez tous deux jeter votre dernier coup d ' oeil Sur ces prés qui , demain , seront peut - être en deuil .Eh quoi ! — déjà l ' été ? quoi , ces plaines couvertes De papillons joyeux , de fleurs et d ' herbes vertes , Exhalant leurs parfums acres autour de nous , Et baignant , comme l ' eau d ' un fleuve , nos genoux ., .",
                  "id": "14",
                  "title": "Poésies franc-comtoises, tableaux domestiques et champêtres / Max Buchon"
            },
            {
                  "doc_url": "https://gallica.bnf.fr/ark:/12148/bpt6k1025201c",
                  "emotions": [
                        "surprise"
                  ],
                  "excerpt": "A la détonation de l ' arme succéda l ' explosion du projectile .L ' éléphant poussa une exhalaison de voix épouvantable , mais les sons s ' interrompirent subitement , il bondit sur place et retomba sur le sol comme une masse inerte ! Ce drame s ' était accompli en moins de temps que je n ' en ai mis à le décrire .La double déflagration , répercutée par les échos de la forêt , avait épouvanté les jeunes éléphants ; ils coururent se cacher dans les marécages .",
                  "id": "15",
                  "title": "Aventures et chasses dans l'Extrême-Orient. Le sport de l'éléphant / Thomas-Anquetil"
            },
            {
                  "doc_url": "https://gallica.bnf.fr/ark:/12148/bpt6k902638",
                  "emotions": [
                        "surprise",
                        "disgust",
                        "fear"
                  ],
                  "excerpt": "Le chlore et l ' oxyde de carbone , mélanges à volumes égaux et exposés à l ' action de la lumière solaire , se combinent et forment un compose représenté par la formule CO , Ct , qui ne diffère de t ' acido carbonique qu ' en ce que t équivalent d ' oxygène s ' y trouve remplacé par t équivalent do chtoro ; ce composé , pour cette raison , a reçu le nom d ' acide c ~ w < c < ! r & < M ~ Hc .C ' est un gaz incolore , d ' une odeur suffocante ; il provoque le larmoiement , rougit le tournesol et éteint les corps en combustion .Sa densité est do 3 , 3gg .",
                  "id": "16",
                  "title": "Leçons de chimie générale élémentaire : professées à l'École centrale des arts et manufactures. Tome 1 / par M. Auguste Cahours..."
            },
            {
                  "doc_url": "https://gallica.bnf.fr/ark:/12148/bpt6k113354d",
                  "emotions": [
                        "surprise",
                        "nostalgia"
                  ],
                  "excerpt": "UNE CONQUÊTE UNE CONQUÊTE N jeune homme marchait le long du boulevard ; Et , sans songer à rien , il allait seul et vite , N ' effleurant même pas de son vague regard Ces filles dont le rire en passant vous invite .Mais un parfum si doux le frappa tout à coup Qu ' il releva les yeux .Une femme divine Passait .",
                  "id": "17",
                  "title": "Des vers / Guy de Maupassant ; [lettre-préface de Gustave Flaubert]"
            },
            {
                  "doc_url": "https://gallica.bnf.fr/ark:/12148/bd6t5374892q",
                  "emotions": [
                        "surprise"
                  ],
                  "excerpt": "Les fleurs s ' amoncèlent ; les forêts d ’ arbustes fleuris arrivent de toutes parts ; les guirlandes , les bouquets s ’ enlacent .Le printemps et l ’ automne prodiguent leurs fruits confondus ! L ' hiver offre ses sorbets et ses glaces ; les parfums , les vins les plus rares , les sucs enivrants fument de toutes parts comme l ’ encens .Les flambeaux s ’ allument ; les lustres étincellent , mille glaces les reflètent Les voitures se pressent à la porte , les chevaux hennissent , le pavé brûle , la foule se rassemble ; les parures , les pierreries , les diamants brillent ; les beautés rivalisent .",
                  "id": "18",
                  "title": "La Société parisienne : esquisses de moeurs / par un jeune provincial [Marie-Bénigne-Esther Letissier]"
            },
            {
                  "doc_url": "https://gallica.bnf.fr/ark:/12148/bpt6k4061841",
                  "emotions": [
                        "surprise",
                        "fear",
                        "desire",
                        "courage"
                  ],
                  "excerpt": "C ' est à vous .Prends , brin d ' herbe ! « Prends , sapin ! D La forêt surgit ; l ' arbre superbe Fouille le globe avec une hydre sous ses pieds ; La racine effrayante aux longs cous repliés , Aux mille becs béants dans la profondeur noire , Descend , plonge , atteint l ' ombre et tache de la boire , Et , bue , au gré de l ' air , du lieu , de la saison , L ' offre au ciel en encens ou la crache en poison , Selon que la racine , embaumée ou malsaine , Sort , parfum , de l ' amour , ou , venin , de la haine .De là , pour les héros , les grâces et les dieux , L ' œillet , le lauiicr - rose et le lis radieux , Et pour l ' homme qui pense et qui voit , la ciguë .",
                  "id": "19",
                  "title": "La légende des siècles : histoire, les petites épopées. 1re série / Victor Hugo"
            },
            {
                  "doc_url": "https://gallica.bnf.fr/ark:/12148/bpt6k57137840",
                  "emotions": [
                        "surprise",
                        "disappointment"
                  ],
                  "excerpt": "Il parait que lu vis cet immense cortège .Mais tu n ' attendis [ tas celui que Dieu protège , Louis , et ton départ fut si précipité , Qu ' il se lit bien sans bruit et sans solennité ! - 06 — Quand l ' aigle vint planer en haut des Tuileries , Il remarqua les fleurs encor toutes fleuries , Et dont les doux parfums s ' élevaient jusqu ' à toi ; El le grand homme , entrant dans ce palais de roi .Put voir que ton départ fut causé par la crainte , Car la place était chaude et portait ton empreinte .",
                  "id": "20",
                  "title": "Poème national / par Joseph Salefranque,..."
            }
      ]
}