{
      "articles": [
            {
                  "doc_url": "https://gallica.bnf.fr/ark:/12148/bpt6k5492275g",
                  "emotions": [
                        "surprise",
                        "disgust",
                        "fear"
                  ],
                  "excerpt": "Aussi toute l ' effervescence de l ' âge s ' y répand - elle en accents éplorés et douloureux .Le choc est violent , non mortel ; il ébranlera peut - être , mais sans les abattre , les colonnes sacrées du temple où flotte , à toutes les haleines embaumées du printemps , la harpe éolienne , la céleste harpe aux inépuisables accords .Cette fois le mode sera funèbre , car il s ' agit , de chanter le trépas de la bien - aimée du poëte , une Béatrix enlevée à seize ans ; mais - , si l ' élément funèbre prédomine , rien ne sera épargné pour donner à la scène toutes les grâces mélancoliques , tout l ' appareil suave et pur qu ' elle comporte , et la cloche qui sonnera - le glas des morts va se festonner , sous les mains de Ruckert , de vigne vierge et d ' aubépine : « Apportez lés flambeaux et l ' appareil des funérailles ; apportez les suaires et parez sou cercueil ; comme elle ornait jadis les fleurs 192 ÉCRIVAINS ET POETES DE L ' ALLEMAGNE .",
                  "id": "1",
                  "title": "Écrivains et poètes de l'Allemagne / par M. Henri Blaze,..."
            },
            {
                  "doc_url": "https://gallica.bnf.fr/ark:/12148/bpt6k91323j",
                  "emotions": [
                        "surprise",
                        "joy",
                        "relief"
                  ],
                  "excerpt": "Très magnifique et très auguste , il languit pourtant , et , si les dieux meurent , mourrait , bien que la la foule des Désirs l ' environne de louanges , bien que d ' empressées servantes , qui sont des déesses , lui frottent chaque matin tout le corps avec l ' exquise sueur des ré - cents lits nuptiaux , et , sous ses pieds refroi - dis , mettent , comme de bons coussins , des coeurs de vierges hier déchirés .Mais il a , près de lui , mi - fleurie à une toute frôle ra - mille , une églantine sauvage , pas rosé , pas odorante et , à voir cette absence de cou - leur , & respirer ce pas - de - parfum , il sourit et se réconforte .II L ' autre jour , devant le trône de paros d ' or comparut , afin d ' être admis à subirl ' épreuve , un tout jeune enfançon , fils d ' un faune des taillis de Sèvres et d ' une napée du bois de Meudon ; ils s ' étaient heurtés , d ' aventure , sur la lisière , et roulèrent dans le fossé .",
                  "id": "2",
                  "title": "Le chemin du coeur / par Catulle Mendès"
            },
            {
                  "doc_url": "https://gallica.bnf.fr/ark:/12148/bpt6k91323j",
                  "emotions": [
                        "surprise",
                        "doubt"
                  ],
                  "excerpt": "LA BELLE NUIT D ' ÉTÉ LÀ BELLE NUIT D ' ÉTÉ Sur l ' eau bruissante comme un long satin qu ' on déroule , sur les petouses qui scinti ) ) ent de fulgores , sur les villas aux sombres parcs ensommeillés , c ' est une nuit d ' étoiles et de bleu charme infini .Les acacias balancés éventent de parfums et de frissons susurrants la tiédeur du calme silence ; et lit - bas , ) a - bas , on ne sait où , comme tout au fond du mystère , le chant commençant du rossignol vibre , s ' accroit , s ' alentit , s ' exaspère , et semble un acharné appel vers le dou - loureux et délicieux idéal .Alors , dans un sentier , au bas d ' un mur tout blanc de lune , en levant la Mte vers une fenêtre pas refermée Jt ; LES - LE - MAR ! \\ Eli Galuche GALUCHE Me voilà Galuche enjambe l ' appui de la croisée , se tourne , glisse , se laisse choir dans la venelle .",
                  "id": "3",
                  "title": "Le chemin du coeur / par Catulle Mendès"
            },
            {
                  "doc_url": "https://gallica.bnf.fr/ark:/12148/bpt6k91323j",
                  "emotions": [
                        "surprise",
                        "doubt",
                        "curiosity"
                  ],
                  "excerpt": "Ln poète fran - çais , parisien même , qui se trouvait là par hasard , - presque un intrus parmi tant de nobles v ' siteura , – fut étonne , plus qu ' au - cun autre , de les avoir entendues .Quoi la princesse , toute petite , avait vu le Paradis ? 0 ~ ? Comment ? Quel Paradis ? Des chaises inclinées , des balancins immobiles , on se penchait de toutes parts vers elle , avec des airs qui Interrogent , dans la serre dorée de soleil , où se vaporisaient en atmosphère les parfums des mimosas , des caronarias et des hélyanthèmes .II Alors , condescendante à ces curiosités bientôt approbatrices – Vous voulez que je m ' explique ? dit - - jo Lf ~ lAHAma Uf : LA fKI ~ CKSSH elle .",
                  "id": "4",
                  "title": "Le chemin du coeur / par Catulle Mendès"
            },
            {
                  "doc_url": "https://gallica.bnf.fr/ark:/12148/bpt6k6212472f",
                  "emotions": [
                        "surprise",
                        "pain",
                        "embarrassment"
                  ],
                  "excerpt": "On se grise pas mal dans la maison où je demeure Un abbé qui reste sur notre carré ne sort jamais de table sans avoir les yeux hors de la tête , les joues luisantes , l ' oreille en feu .Sa bouche laisse passer un souffle qui sent le fût , et son nez a l ' air d ' une tomate écorchée .Son bréviaire embaume la matelotte .",
                  "id": "5",
                  "title": "Jacques Vingtras / Jean La Rue"
            },
            {
                  "doc_url": "https://gallica.bnf.fr/ark:/12148/bpt6k6212472f",
                  "emotions": [
                        "admiration",
                        "surprise",
                        "nostalgia",
                        "pride",
                        "relief",
                        "gratitude",
                        "calmness"
                  ],
                  "excerpt": "Dans ma géographie , j ' ai vu qu ' on appelait ce pays le jardin de la France .Jardin de la France ! oui , et je l ' aurais appelé comme ça , moi gamin ! C ' est bien l ' impression que j ' en ai gardée ; — ces parfums , ce calme , ces rives semées de maisons fraîches , et qui ourlent de vert et rose le ruban bleu de la Loire ! .Il se tache de noir , ce ruban ; il prend une couleur glauque , tout d ' un coup , et il semble qu ' il roule du sable sale , ou de la boue .",
                  "id": "6",
                  "title": "Jacques Vingtras / Jean La Rue"
            },
            {
                  "doc_url": "https://gallica.bnf.fr/ark:/12148/bpt6k6212472f",
                  "emotions": [
                        "surprise",
                        "joy",
                        "amusement"
                  ],
                  "excerpt": "La table de la cabine est couverte de bouteilles de vin et de cruches de bière .De la gaîté , des rires comme je n ' en ai jamais entendu de si francs ! On joue aux cartes , on allume des punchs , on boit des bishofs ; il y a une odeur de citron .Voilà qu ' on chante , maintenant ! Un fourrier entonne un air de garnison , - tous au refrain 1 Je m ' en mêle , et ma voix criarde se mêle à leurs voix mâles : j ' ai bu un petit coup , il faut le dire , dans le verre de mon père , qui a les pommettes roses , les yeux brillants .",
                  "id": "7",
                  "title": "Jacques Vingtras / Jean La Rue"
            },
            {
                  "doc_url": "https://gallica.bnf.fr/ark:/12148/bpt6k6212472f",
                  "emotions": [
                        "surprise"
                  ],
                  "excerpt": "A notre table ( on a servi le dîner à part pour le neveu ) , il y a une nappe blanche , des fruits dressés dans des soucoupes et une branche d ' églantier , qui est là toute frissonnante dans l ' eau , fraîche comme un panache vert avec des grelots rouges .Il vient je ne sais quelle odeur de sureau .- Ali ! j ' ai le cœur qui s ' en va , tant cette odeur est douce ! Après le dîner .",
                  "id": "8",
                  "title": "Jacques Vingtras / Jean La Rue"
            },
            {
                  "doc_url": "https://gallica.bnf.fr/ark:/12148/bpt6k6539472w",
                  "emotions": [
                        "surprise"
                  ],
                  "excerpt": "Il lui fallait renoncer à passer par la porte ; il entra dans la loge , ouvrit la fenêtre qui donnait sur la rue , et tomba juste au milieu d ' une patrouille qui lui fit galamment les honneurs du poste .— Ah ! mes enfants , disait la portière , le lendemain matin , j ' avais jamais vu d ' singe de si près ! ça parle comme un perroquet , mais quelle odeur ça laisse derrière soi ! .* * » Ladmiral , qui paraissait avoir été mis sur terre uniquement pour la divertir , ne profitait d ' aucune de ses trop nombreuses mésaventures pour devenir prudent .",
                  "id": "9",
                  "title": "Histoire des farceurs célèbres"
            },
            {
                  "doc_url": "https://gallica.bnf.fr/ark:/12148/bpt6k5407603f",
                  "emotions": [
                        "surprise",
                        "grief",
                        "nostalgia",
                        "faith"
                  ],
                  "excerpt": "Non , ne me chasse pas , glaive du Séraphin ! Il m ' en faudrait si peu pour que ma main fût pleine ! Et devant ces monceaux de blé je meurs de faim .Ah ! vous êtes aussi dans la divine plaine Le tourbillon de feu des insectes rôdeurs Qui se pâment au fond des fleurs , à perdre haleine , LA REQUÊTE AUX ETOILES Jusqu ' à mourir , soûlés de couleurs et d ' odeurs .Vous êtes des essaims d ' abeilles travailleuses , Et vous allez posant vos baisers maraudeurs Sur la bouche des lis , des roses , des veilleuses .",
                  "id": "10",
                  "title": "Les blasphèmes / Jean Richepin ; avec un portrait de l'auteur par E. de Liphart"
            },
            {
                  "doc_url": "https://gallica.bnf.fr/ark:/12148/bpt6k64221p",
                  "emotions": [
                        "surprise"
                  ],
                  "excerpt": "En effet , par la porte restée ouverte , on entendait monter , des profondeurs de l ' escalier , un bruit de pas , mêlé d ' un cliquetis d ' assiettes et de verres qui s ' entrechoquaient .Bientôt apparut , sur le carré , le garçon marchand de vin , porteur de deux paniers , l ' un plein de bouteilles en toutes ses cases , l ' autre rempli d ' assiettes superposées et recouvertes , d ' où s ' exhalait un parfum de fricots & l ' ail ou à l ' oignon qui fit ouvrir béantes les narines de t ' aNamé Furet .Ïnstrmt par l ' expérience sur la légèreté des dotsons qui mettaient les écouteurs voisins bien & l ' aise pour entendre , Tarpiaud pensa que sa chambre , fermée d ' un côté par le gros mur de la maison voisine , bornée de l ' autre par la chambre de Furet , allait les mettre au mieux & l ' abri d ' un espionnage .",
                  "id": "11",
                  "title": "Réveillez Sophie !. La Cléopâtre / par Eugène Chavette"
            },
            {
                  "doc_url": "https://gallica.bnf.fr/ark:/12148/bpt6k97376010",
                  "emotions": [
                        "surprise",
                        "pride"
                  ],
                  "excerpt": "Il sera suave et charmant , Dans sa grâce parfaite , Il sera suave et charmant , Votre parfum de fête , Belles noces ( ter ) de diamant .Que vois - je ici ! Tout un peuple de frères , Groupés comme un bouquet aux brillantes couleurs ! Roses et lys , embaumez les parterres Vous n ' avez pas l ' encens de ces vivantes fleurs .0 fleurs d élite , à tant de cœurs si chères , Vous prêtez à ce jour vos parfums les meilleurs .",
                  "id": "12",
                  "title": "Souvenir des noces d'or et des noces de diamant de M. l'abbé Batcave, chanoine honoraire, curé-doyen de Nay, célébrées le 27 novembre 1879 et le 27 novembre 1889"
            },
            {
                  "doc_url": "https://gallica.bnf.fr/ark:/12148/bpt6k6541880m",
                  "emotions": [
                        "surprise",
                        "annoyance",
                        "doubt",
                        "embarrassment",
                        "disappointment"
                  ],
                  "excerpt": "Pas de feu ! et ne pas pouvoir fumer quand on a sous la dent un cigare exquis ! quand on a déjà mordu le havane , qu ' on a senti l ' aiguillon .de son parfum vous monter au cerveau ! Ah ! Tantale n ' a pas connu ce supplice ! Comment , hélas ! passer une journée de far niente sans fumer ? Je levai vers le ciel un sombre regard , comme pour lui reprocher mon désappointement , et je vis .dérision ! .",
                  "id": "13",
                  "title": "\"Derelictus\", suivi d'autres nouvelles, par J. Teysseire"
            },
            {
                  "doc_url": "https://gallica.bnf.fr/ark:/12148/bpt6k6570597c",
                  "emotions": [
                        "surprise",
                        "doubt"
                  ],
                  "excerpt": "Mais n ' est - il pas vrai , dit don Quichotte , que cette riche taille est accompagnée d ' un million de grâces , tant de l ' esprit que du corps ? Au moins ne me nieras - tu pas une chose ? quand tu t ' approchas d ' elle ; ne sentis - tu pas une odeur merveilleuse , un agréable composé des plus excellents aromates , un je ne sais quoi de bon , qu ' on ne saurait nommer , une vapeur délicieuse , une exhalaison qui t ' embaumait , comme si tu avais été dans la boutique du plus curieux parfumeur ? Tout ce que je saurais vous dire , répondit Sancho , c ' est que je sentis une certaine odeur aigre , qui approchait de celle d ' un homme ; et c ' est sans doute parce qu ' elle était échauffée , et qu ' elle suait à grosses gouttes .Ce ne peut être cela , dit don Quichotte : c ' est que tu étais enrhumé , ou que tu sentais toimême , car je sais bien ce que doit sentir cette rose entre les épines , ce lis des champs , cet ambre dissous .Je n ' ai rien à dire à cela , repartit Sancho ; il est vrai qu ' il sort bien souvent de moi l ' odeur que je sentais , et que je m ' imaginais qu ' elle sortait de la seigneurie de madame Dulcinée : mais il n ' y a rien là de si étrange , un diable ressemble à l ' autre .",
                  "id": "14",
                  "title": "Histoire de Don Quichotte de la Manche, par Michel Cervantès. Nouvelle édition revue par M. l'abbé Lejeune,... illustrée par Célestin Nanteuil, Bouchot et Demoraine"
            },
            {
                  "doc_url": "https://gallica.bnf.fr/ark:/12148/bpt6k6570597c",
                  "emotions": [
                        "surprise",
                        "boredom"
                  ],
                  "excerpt": "Ce ne peut être cela , dit don Quichotte : c ' est que tu étais enrhumé , ou que tu sentais toimême , car je sais bien ce que doit sentir cette rose entre les épines , ce lis des champs , cet ambre dissous .Je n ' ai rien à dire à cela , repartit Sancho ; il est vrai qu ' il sort bien souvent de moi l ' odeur que je sentais , et que je m ' imaginais qu ' elle sortait de la seigneurie de madame Dulcinée : mais il n ' y a rien là de si étrange , un diable ressemble à l ' autre .Eh bien , dit don Quichotte , elle nettoya son froment , et l ' envoya au moulin ; et que fit - elle en lisant ma lettre ? Votre lettre , répondit Sancho , elle ne la lut point , car elle dit qu ' elle ne savait ni lire ni écrire : au contraire elle la déchira en mille pièces , en disant qu ' elle ne voulait pas que personne vît ses secrets , et qu ' il suffisait de ce que je lui avais dit de bouche , touchant le dévouement que vous lui portez , et la pénitence que vous faisiez pour l ' amour d ' elle .",
                  "id": "15",
                  "title": "Histoire de Don Quichotte de la Manche, par Michel Cervantès. Nouvelle édition revue par M. l'abbé Lejeune,... illustrée par Célestin Nanteuil, Bouchot et Demoraine"
            },
            {
                  "doc_url": "https://gallica.bnf.fr/ark:/12148/bd6t5373949p",
                  "emotions": [
                        "surprise",
                        "love",
                        "doubt",
                        "curiosity"
                  ],
                  "excerpt": "25 compense de l ’ Amour est une rose .Quel est ce jeune amant tout parfumé d ’ essences , demande Horace à Pyrrha , qui te presse si vive * ment sur un lit parsemé de roses ? ..",
                  "id": "16",
                  "title": "Histoire des roses / par Charles Malo ; ornée de 12 pl. en coul. dessinées par Pancrace Bessa"
            },
            {
                  "doc_url": "https://gallica.bnf.fr/ark:/12148/bpt6k3052675c",
                  "emotions": [
                        "surprise",
                        "disgust"
                  ],
                  "excerpt": "Se qui dans le temps de la le - mence eft de la longueur du bras ; cette tige peuflfe des feuilles éloignées l ’ une de l ’ autre de fa quatrième partie .La femence eft femblable à celle du fenouil ; mais plus grofle , Se d ’ une bonne odeur , quoique forte .Quand c ’ eft la faifonil le rompt .",
                  "id": "17",
                  "title": "Dictionnaire universel françois et latin, vulgairement appelé Dictionnaire de Trévoux, contenant la signification et la définition des mots de l'une et de l'autre langue. Tome 1 / ... Nouvelle édition..."
            },
            {
                  "doc_url": "https://gallica.bnf.fr/ark:/12148/bpt6k5462612h",
                  "emotions": [
                        "surprise",
                        "fear",
                        "nervousness",
                        "pain"
                  ],
                  "excerpt": "L ' avant - bras gauche est fortement appliqué sur le bras ; la main est aussi convulsée dans le sens de la flexion , le pouce et les autres doigts contractés et ramenés dans une adduction forcée .La respiration est haletante , précipitée , il y a une constriction de la gorge très appréciable , le poul reste petit et lent .Au moment où les convulsions diminuent , la face pâlit ; les paupières , entourées d ' un cercle bleuâtre très - prononcé , s ' ouvrent entièrement et laissent apercevoir les yeux ternes et sans expression .",
                  "id": "18",
                  "title": "De l'hystéro-épilepsie : observation d'un cas très rare / par H. Legrand Du Saulle,.... [suivi du Rapport de M. Loiseau à la Société médico-psychologique]"
            },
            {
                  "doc_url": "https://gallica.bnf.fr/ark:/12148/bpt6k55510531",
                  "emotions": [
                        "surprise",
                        "disgust",
                        "fear",
                        "annoyance",
                        "disapproval",
                        "doubt",
                        "nervousness",
                        "embarrassment"
                  ],
                  "excerpt": "Mais vous reculez .Ces tableaux trop nus vous révoltent , vos petits nerfs se crispent ; vous fuyez en disant : « Que cette salle est affreuse ! cette odeur nauséabonde ! Comment peut - on vivre là de - 204 HÉRIE .dans ! Quelle horreur ! » Allez , femmelettes ! vous n ' avez pas même le courage de la femme de mauvaise vie , de celle qui répandit ses parfums sur les pieds de Christ ! .",
                  "id": "19",
                  "title": "Hérie, par J.-B. Bouché, de Cluny"
            },
            {
                  "doc_url": "https://gallica.bnf.fr/ark:/12148/bpt6k58103059",
                  "emotions": [
                        "surprise"
                  ],
                  "excerpt": ".brunâtre à l ' extérieur ; blanchâtre , huileux à l ' intérieur ; d ' une odeur aromatique particulière ^ d ' une saveur chaude , acre et piquante ; semences jaunâtres .ANAL .",
                  "id": "20",
                  "title": "Cours de pharmacologie, ou Traité élémentaire d'histoire naturelle, médicale, de pharmacie et de thérapeutique ; suivi de L'art de formuler. Histoire naturelle médicale / par F. Foy,..."
            }
      ]
}