{
      "articles": [
            {
                  "doc_url": "https://gallica.bnf.fr/ark:/12148/bpt6k375396z",
                  "emotions": [
                        "surprise"
                  ],
                  "excerpt": "Bien que fatigué comme nous , il avait voulu écrire a mon oncle , sachant que le steamer de Shanghaï devait partir le lendemain matin ; sa lettre était longe , car il racontait à Tcha - gan les derniers événements .Il avait été frappé , en entrant dans sa chambre , d ' une forte odeur d ' opium et se demandait d ' où elle pouvait venir .La réflexion lui fit penser qu ' il avait pour voisin un fumeur d ' opium , dont il n ' était séparé que par une légère cloison de bois ; les planches , mal jointes , laissaient sans doute arriver jusqu ' à lui cette odeur acre et désagréable .",
                  "id": "1",
                  "title": "En Chine / Allou ; illustré par De Bar, Scott, Toussaint, etc."
            },
            {
                  "doc_url": "https://gallica.bnf.fr/ark:/12148/bpt6k6139348x",
                  "emotions": [
                        "surprise",
                        "fear",
                        "pain"
                  ],
                  "excerpt": "Chez les enfants en particulier on observe des spasmes douloureux se produisant de façon intermittente , à la façon des vomissements acétonémiques .Chaque cri ; e est précédée de constipation ; la langue se charge d ' un enduit saburral , l ' haleine devient fétide , des vomissements ou des nausées surviennent ; la crise se termine par l ' évacuation de selles rubanées , glaireuses , sanguinolentes , presque toujours fétides .M .",
                  "id": "2",
                  "title": "Traité élémentaire de clinique thérapeutique (9e éd.) / par le Dr Gaston Lyon,..."
            },
            {
                  "doc_url": "https://gallica.bnf.fr/ark:/12148/bpt6k5859613s",
                  "emotions": [
                        "surprise"
                  ],
                  "excerpt": "Elle devient alors , en quelque sorte onctueuse au toucher , et elle est susceptible d ' arriver plus rapidement à la décomposition putride , si on la laisse dans des vases mal clos , ou si elle est en petite quantité .Je suis porté à penser que cette odeur lui est communiquée par certains principes que lui cèdent , par suite du ballottement des vagues , les végétaux sousmarins , puisque nous la voyons acquérir une odeur plus prononcée , en même temps que cette onctuosité que je viens de signaler , et que l ' on peut rapporter à la suspension ou à la dissolution , dans l ' eau , du 88 PREMIÈRE PARTIE .mucilage des plantes marines , principe que toutes , en effet , contiennent en fort grande quantité .",
                  "id": "3",
                  "title": "Des bains de mer : guide médical et hygiénique du baigneur.... Volume 1,Partie 1-2 / par M. J. Le Coeur,..."
            },
            {
                  "doc_url": "https://gallica.bnf.fr/ark:/12148/bpt6k76607x",
                  "emotions": [
                        "surprise"
                  ],
                  "excerpt": "Ainsi tes mains ne palpent pms ; Ïes pieds cessent de sentir ou donnent des impressions extraordinaires , comme si ! e sol s ' enfonçait , comme si on marchait sur du coton , ou comme si on était sur un vaisseau baUotté par une mer agitée .Le y < rM < M ' aH en généra ! moms impressionnés que tes autres sens et beaucoup plus rarement pervertis ou trOuMés , donnent aussi des perceptions bi * narres ou de saveurs ou d ' odeurs , qui n ' existent que pour tematade ; dans te ptus grand nombre des cas , i ! s sont seu ! ement devenus beaucoup plus obtus qu ' à l ' ordinaire , et on ne les réveille qu ' au moyen de leurs excitants les plus actifs .Au milieu de tous ces troubles .",
                  "id": "4",
                  "title": "Traité pratique des maladies nerveuses. Tome 1 / par C.-M.-S. Sandras,..."
            },
            {
                  "doc_url": "https://gallica.bnf.fr/ark:/12148/bpt6k5675989s",
                  "emotions": [
                        "surprise",
                        "disgust"
                  ],
                  "excerpt": "Il y a en effet dans le faciès utérin lié à une dégénérescence cancéreuse quelque chose de spécial .Maintenant cette femme est au lit et vous la découvrez , ou bien vous soulevez ses vêtements pour la toucher , immédiatement vous êtes saisi d ' une odeur des plus nauséabondes et que l ' on n ' oublie jamais quand une fois on la possède bien .D ' ailleurs le cancer primitif du corps de l ' utérus est très - rare , il demeure très - rarement limité et s ' étend fréquemment aux org ' anes voisins .",
                  "id": "5",
                  "title": "Étude sur les polypes de l'utérus / par le Dr de Monfumat,..."
            },
            {
                  "doc_url": "https://gallica.bnf.fr/ark:/12148/bpt6k96149887",
                  "emotions": [
                        "surprise",
                        "disgust",
                        "annoyance",
                        "disapproval",
                        "frustration"
                  ],
                  "excerpt": "On lui apporta une lampe fumeuse , où une grosse mèche brûlait au milieu de graisse en fusion .Il repoussa avec horreur cette lampe , qui exhalait une odeur nauséabonde , et demanda avec colère pourquoi on ne lui apportait pas des flambeaux comme à l ' ordinaire .; « Monseigneur , dit avec sang - froid le gouverneur , qui avait donné l ' ordre de préparer cette lampe , c ' est pour vous accoutumer à vous passer de bougies .",
                  "id": "6",
                  "title": "Les abeilles"
            },
            {
                  "doc_url": "https://gallica.bnf.fr/ark:/12148/bpt6k2137947",
                  "emotions": [
                        "surprise",
                        "doubt",
                        "curiosity"
                  ],
                  "excerpt": "DON SANCHE .Quoi ? la nuit est venue ? i pourquoi de ces jardins nous retirer , Estelle ? P Dans le ciel transparent la nuit brille si belle Au banc qui nous a vus tant de fois nous asseoir , Ilcspircz avec moi l ' air embaumé du soir .Ne vous p ) ait - e ) ) c pas , cette heure aimable et pure Est J ' iatd ) i { ; occo avec noM .",
                  "id": "7",
                  "title": "Cours de littérature dramatique ou De l'usage des passions dans le drame. T. 3 / Saint-Marc Girardin"
            },
            {
                  "doc_url": "https://gallica.bnf.fr/ark:/12148/bpt6k946419f",
                  "emotions": [
                        "surprise",
                        "doubt"
                  ],
                  "excerpt": "ARSENIC .à p a j r ' ^ arsenic est un métalloïde grisâtre à l ’ état pur , mais qui noircit rapidement le r Cn ? c l u * brûle en répandant des fumées blanches et d ’ uno odeur alliacée .On ln agao 0ntre ^ ans ^ nature à l ’ état natif ou métallique dans les dépôts d ’ Alle - fl ’ aci ( j 0 Ct ? H ° n f ? rie , mais plus fréquemment encore à l ’ état de sulfure ou ( aciçj e ars énieux .",
                  "id": "8",
                  "title": "Manuel encyclopédique du commerce"
            },
            {
                  "doc_url": "https://gallica.bnf.fr/ark:/12148/bpt6k97508865",
                  "emotions": [
                        "surprise"
                  ],
                  "excerpt": "4 ouvriers sentirent le rocher du tuf calcaire plus chaud d ' un côté que partout ailleurs .Ils donnèrent plusieurs coups de marteau dans cette direction , le rocher se cassa et une source d ' eau thermale de la grosseur de deux doigts douée d ' une odeur sulfureuse très prononcée jaillit de la crevasse devant les ouvriers tout étonnés de ce phénomène inattendu .Elle se trouve à douze pas de la grande source qui n ' a éprouvé aucune diminution de ses eaux .",
                  "id": "9",
                  "title": "Les bains de Brousse en Bithynie (Turquie d'Asie) : avec une vue des bains et un plan des environs de Brousse / par C.-A. Bernard,..."
            },
            {
                  "doc_url": "https://gallica.bnf.fr/ark:/12148/bpt6k6497811c",
                  "emotions": [
                        "surprise"
                  ],
                  "excerpt": "Vous voulez le contre - poison , articula lentement Mazzanti ; vous l ' aurez , mais vous boirez ceci en échange .Il déboucha un flacon , en versa la moitié dans un verre , et montra à Édouard qui le considérait étonné , un liquide opalin , à l ' odeur vireuse .— Le marché vous convient - il ? Le jeune homme hésita .",
                  "id": "10",
                  "title": "L'aventure de M. de Troenic"
            },
            {
                  "doc_url": "https://gallica.bnf.fr/ark:/12148/bpt6k96795459",
                  "emotions": [
                        "surprise",
                        "disgust",
                        "fear",
                        "embarrassment"
                  ],
                  "excerpt": "J ' entrai dans une salle dont les murs étaient couverts de peintures grossières représentant des idoles : devant elles brûlait , dans des lampes en fer , de l ' huile qui répandait une odeur infecte ; le sol était jonché de feuillages , offerts sans doute par les fidèles ; mais , comme les offrandes des jours précédents n ' avaient pas été enlevées , il sortait de cet amas d ' ordures des exhalaisons vraiment méphitiques .Au fond était une autre chambre également sans autre ouverture que la porte ; je m ' en étais approché , et déjà j ' entrevoyais une idole d ' une figure hideuse , barbouillée de rouge et de graisse ; la multitude des lampes qui brûlaient devant elle augmentait la puanteur affreuse que cet antre exhalait ; mais alors je fus entouré par la foule des prêtres , très - irrités que j ' eusse * osé aller si loin .Je battis prudemment en retraite , et , forcé de quitter l ' enceinte , je regrettai de n ' avoir pu visiter les monuments singuliers que j ' apercevais dans le fond .",
                  "id": "11",
                  "title": "Voyage autour du monde. Tome 1 / publié sous la direction du contre-amiral Dumont d'Urville ; [rédigé par Louis Reybaud]"
            },
            {
                  "doc_url": "https://gallica.bnf.fr/ark:/12148/bpt6k9744972f",
                  "emotions": [
                        "surprise",
                        "disgust",
                        "amusement"
                  ],
                  "excerpt": "C ' était un petit bâtiment placé par un bout de l ' airage , où tout d ' abord je ne vis rien .Mais une odeur acre , indéfinissable , une fumée épaisse me prirent à la gorge , ce qui fit bruyamment rire les veilleurs que j ' apercevais tels des fantômes .La porte s ' était bien vite refermée sur moi .",
                  "id": "12",
                  "title": "Lemouzi : organe mensuel de l'E̛cole limousine félibréenne"
            },
            {
                  "doc_url": "https://gallica.bnf.fr/ark:/12148/bd6t53773653",
                  "emotions": [
                        "surprise",
                        "disapproval"
                  ],
                  "excerpt": "M .Necker disoit : Dans ce pays on ne connoit que les genres , et on ( 315 ) n ’ est pas plus surpris de voir un fripon faire des choses malhonnêtes , que de voir un chardon porter des épines ; mais on ne pardonneroit pas à un rosier d ’ avoir une fleur sans odeur , ou avec une mauvaise odeur .Maupertuis disoit : M .",
                  "id": "13",
                  "title": "Nouveaux mélanges extraits des manuscrits de M.me Necker. Tome 1 / . Tome premier [-second]"
            },
            {
                  "doc_url": "https://gallica.bnf.fr/ark:/12148/bpt6k997703",
                  "emotions": [
                        "surprise",
                        "courage",
                        "excitement",
                        "pride",
                        "doubt"
                  ],
                  "excerpt": "Puis , au coin de la Halle , un gnome épouvantable Tout bancal , tout bossu , se dressa dans le noir Ils crurent un instant avoir aûaire au diable Ce n ' était que Bosco , qui faisait son trottoir Les avis partagés sur ce cas difficile , Ils durent se gourmer pour se mettre d ' accord Et firent tant de bruit que les sergents de ville , Couchés depuis longtemps en ronflèrent plus fort ! Alors la mère Anuch qui sounrait des entrailles Ne pouvant plus dormir se glissa hors du lit , Et vida son Thomas sur le champ de bataille Mais l ' anse était féiée .et le vase suivit Sous les flots odorants de la jaune avalanche , Nos héros inondés , parfumés et confus , Renonçant aux douceurs d ' une vaine revanche , Se mirent en déroute et fuirent éperdus Seul , leur Chef emporta , sans le moindre scrupule , Un trophée orgueilleux de cette expédition , Et s ' en revint coiffé du vase ridicule Que dans son trouble il prit pour son chapeau mcton ..",
                  "id": "14",
                  "title": "Mes grelots / Louis Lasteyras. avec une lettre de M. Alphonse Daudet"
            },
            {
                  "doc_url": "https://gallica.bnf.fr/ark:/12148/bpt6k54321015",
                  "emotions": [
                        "surprise",
                        "sadness",
                        "nostalgia",
                        "doubt",
                        "faith",
                        "embarrassment"
                  ],
                  "excerpt": "Et j ' y songe aujourd ' hui , h ces vacances qu ' on no nous ménageait pas à ma pension , — car c ' était tout bénéfice pour la directrice , — en recevant l ' avis do l ' arrivée prochaine do mes petites - nièces .Oh ! le samedi saint , dès l ' aube , quel gazouillement confus dans tout notre dortoir où le jour entrait avec l ' odeur du jardin reverdissant , par la fenêtre ontre - bàillée ! VACANCES DE PAQUES 233 Je me revois , assise sur mon séant , dans mon petit lit do fer , avec mes courtes nattes ébouriffées par les fièvres d ' une nuit d ' attente et de rêves de liberté .Mon premier regard tombait affectueusement sur ma boîte à chapeau , — symbole de départ , — qui m ' attendait au pied de mon lit , remplie do linge blanc pour huit jours ! Huit jours ! Huit jours do fantaisies et do charmantes promenades , de caresses maternelles et do plaisirs do toute sorte , à commencer par le théâtre Séraphin , avec son amusante tragédie du Pont - Cassé et ses canards habiles qui la passaient toujours si bien , la rivière ! Le dortoir n ' était que sourires et babillages .",
                  "id": "15",
                  "title": "Les parisiens bizarres (3e édition) / par Ernest d' Hervilly"
            },
            {
                  "doc_url": "https://gallica.bnf.fr/ark:/12148/bpt6k5661380g",
                  "emotions": [
                        "trust",
                        "surprise",
                        "doubt"
                  ],
                  "excerpt": "N ' était - ce qu ' une courtisane Lasse d ' amour , de folle nuit , N ' était - ce qu ' une courtisane 174 CONTES NOIRS ET CONTES BLEUS .Qui ferme l ' oeil quand soleil luit ? Je le croirais , sur ma parole ! Rien qu ' à sentir parfum troublant Qui s ' échappe de sa corolle En satin blanc .Lis et verveine , opoponax , Gardénia , que sais - je encore ! De ces parfums l ' opoponax Ne paraît pas d ' honnête flore ; Jusqu ' à ce doux nom de Lily Dont tout le monde la décore , Ce nom joli , Sonne fort mal , je vous assure ! Pourquoi calomnier ainsi L ' honnête fleur ? Je vous assure Qu ' en la voyant je suis saisi D ' un saint respect et qu ' elle est pure , Blanche Lily .",
                  "id": "16",
                  "title": "Contes noirs et contes bleus (1878-1895) : souvenirs de voyages / par un ingénieur en chef honoraire des mines"
            },
            {
                  "doc_url": "https://gallica.bnf.fr/ark:/12148/bpt6k580815n",
                  "emotions": [
                        "surprise",
                        "grief",
                        "disgust",
                        "anger",
                        "fear",
                        "annoyance",
                        "courage",
                        "gratitude",
                        "disappointment"
                  ],
                  "excerpt": "dit dans - l ' air avec un cri perçant .Azic sauta sur la porte l ' ouvrit et recula précipitumment Célestine , s ' écria - t - eile , votre enfant est - sauvé Une odeur infecte répandue dans les airs confirma ses paroles .Dans ce moment , un hemme s ' élança sur le plateau en courant vers la chaumière .",
                  "id": "17",
                  "title": "Le Républicain : recueil scientifique et littéraire"
            },
            {
                  "doc_url": "https://gallica.bnf.fr/ark:/12148/bpt6k37068w",
                  "emotions": [
                        "surprise",
                        "disgust"
                  ],
                  "excerpt": "La Baïa qui supplée à l ' exiguité de sa taille par beaucoup de dignité , nous accueille avec une esquisse de sourire , nous tend une main parclieminée dont les ongles sont presque propres et nous fait asseoir sur deux fauteuils antiques juxtaposés dans le fond de la pièce .Une odeur bizarre nous enveloppe aussitôt de drogues , de poussière et de moisissure .Au - dessus de nos têtes un merle - mandarin sautille dans une cage d ' où pleuvent des graines et de l ' eau .",
                  "id": "18",
                  "title": "La Revue des lettres : paraît le 15 de chaque mois / directeur Georges Barbarin"
            },
            {
                  "doc_url": "https://gallica.bnf.fr/ark:/12148/bpt6k6509852p",
                  "emotions": [
                        "surprise",
                        "relief",
                        "gratitude",
                        "calmness"
                  ],
                  "excerpt": "Viens donc , divin nectar , viens donc , inspire - moi ! Je ne veux qu ' un désert , mon Antigone et toi .A peine j ' ai senti ta vapear odorante , Soudain de ton climat la chaleur pénétrante Réveille tous mes sens ; sans trouble , sans chaos , Mes pensers plus nombreux accourent à grands flots .Mon idée était triste , aride , dépouillée , Elle rit , elle sort richement habillée ; Et je crois , du génie éprouvant le réveil , Boire dans chaque goutte un rayon du soleil .",
                  "id": "19",
                  "title": "Étude des fleurs : botanique élémentaire, descriptive et usuelle. Tome 3 / par Ludovic Chirat"
            },
            {
                  "doc_url": "https://gallica.bnf.fr/ark:/12148/bpt6k3042467v",
                  "emotions": [
                        "surprise",
                        "curiosity",
                        "faith"
                  ],
                  "excerpt": "» w Sanjaya dit : — Hari ( î ) , ce grand maître du culte , qui consiste dans l ’ union avec Dieu , ayant ainsi parlé , ô roi ! se fit voir au fils de Prîthâ dans sa forme suprême et divine .w Elle avait des visages , des yeux innombrables , elle éclatait en merveilles ; elle était chargée d ’ armes divines et menaçantes5 elle portait de nombreuses couronnes , des parures , des vêtemens inondés de parfums divins ; elle montrait le Dieu infini dont la face est tournée de tous les côtés .La splendeur magnifique de ce grand être était comme celle de mille soleils qui paraîtraient tout à coup dans le ciel , s ’ il était possible .",
                  "id": "20",
                  "title": "Histoire et tableau de l'univers. Tome 3 / par J.-F. Daniélo"
            }
      ]
}