{
      "articles": [
            {
                  "doc_url": "https://gallica.bnf.fr/ark:/12148/bpt6k64333214",
                  "emotions": [
                        "surprise",
                        "disgust",
                        "frustration"
                  ],
                  "excerpt": "Il ne fait plus clair dans l ' enfer ! Oh ! qui aurait cru que ce vieillard eût tant de sang ! .Quoi ! ces mains ne seront jamais propres ! Il y a là , toujours là , une odeur de sang que tous les parfums de l ' Arabie ne parviendraient pas à désinfecter .Oh ! oh 1 oh ! ( croyant parler à Macbeth ) Lavez vos mains ; mettez votre robe de nuit ; tâchez de ne pas être si pâle ! » Cette scène est , sans contredit , la plus dramatique qui soit au théâtre ; jamais on n ' a peint le remords avec une aussi éloquente énergie .",
                  "id": "1",
                  "title": "Dictionnaire complet de la langue française : suivi de notes scientifiques, étymologiques, historiques et littéraires... (6e édition) / par P. Larousse,..."
            },
            {
                  "doc_url": "https://gallica.bnf.fr/ark:/12148/bpt6k5662968d",
                  "emotions": [
                        "admiration",
                        "surprise",
                        "joy",
                        "optimism",
                        "excitement",
                        "pride",
                        "curiosity"
                  ],
                  "excerpt": "devant nos yeux , défilant , prodigieux cinématographe artistique , la foirte des pieux ' ■ indigènes , des marchands dans les marchés , des rués splendides ou sordides .Nous ~ voyons ces spectacles pittoresques , noussentons ces parfums ou ces puanteurs , nous ' nous émerveillons devant tout cet exotisme sincère .Et .",
                  "id": "2",
                  "title": "La perle du Maghreb (Tlemcen) : visions et croquis d'Algérie / Charles Barbet"
            },
            {
                  "doc_url": "https://gallica.bnf.fr/ark:/12148/bpt6k5662968d",
                  "emotions": [
                        "surprise",
                        "excitement"
                  ],
                  "excerpt": "qu ' une herbe grisâtre , calcinée ; l ' on dirait saupoudrée de poivre .Soudain , une vague rumeur se propage , telle une brusque traînée de poudre , parmi la foule expectante des convi - ves affamés qui s ' ébrouent en un gai hourvari , escaladant les bancs et les tables , pour mieux contempler l ' arrivée si impatiemment attendue des porteurs de victuailles affriolantes et parfumées .Cependant , là - bas , à l ' extrémité du vaste ' cirque ensoleillé où grouillent des trolées de burnous , apparaît comme en une fantastique vision , l ' hétéroclite cortège indigène qui s ' achemine lentement , d ' un passolennel , hiératique , vers la salle ombreuse du festin .",
                  "id": "3",
                  "title": "La perle du Maghreb (Tlemcen) : visions et croquis d'Algérie / Charles Barbet"
            },
            {
                  "doc_url": "https://gallica.bnf.fr/ark:/12148/bpt6k5844166c",
                  "emotions": [
                        "surprise",
                        "joy",
                        "excitement",
                        "gratitude"
                  ],
                  "excerpt": "Puis c ' étaient des mornes qui semblaient vouloir escalader le ciel et l ' entr ' ouvrir de la pointe de leurs crêtes sauvages , mais ces masses gigantesques ne tardaient pas à s ' évaporer comme un essaim de vapeurs .Enfin quelquefois un boucanier poussait un cri de joie : U venait de découvrir une vjlle ; il distinguait la flèche élancée de l ' église , les remparts , les fossés , les terrasses des maispns embaumées par les orangers ; mais bientôt la flèche s ' effilait au point de devenir imperceptible , les terrasses s ' abaissaient , les remparts croulaient et le sable finissait toujours par combler les fossés .Le flair des chiens était perdu comme l ' expérience de leurs maîtres était inutile , car le sable , ainsi que le flot de la mer , ne garde aucune trace .",
                  "id": "4",
                  "title": "Les Frères de la côte. [Le Guap.] Par Emmanuel Gonzalès"
            },
            {
                  "doc_url": "https://gallica.bnf.fr/ark:/12148/bpt6k9780888t",
                  "emotions": [
                        "surprise",
                        "love",
                        "excitement",
                        "nervousness",
                        "pain"
                  ],
                  "excerpt": "Muets rêveusement , parmi les murmures de l ' eau , sous la splendeur des astres , ils se regardent en extase , semblant écouter la symphonie de leur âme répétée par l ' écho des rives et entraînée I au souffle du vent .Leurs figures se touchent prcsque , leurs cheveux se frôlent , leurs haleines se C - Qnfondent , leurs prunelles brillantes et vagues se I renvoient sans fin les effluves de leur amour .j Comme ils sont bien ainsi , comme ils resteraient là , doux , chastes et graves , toute la nuit , toute la vie , toute l ' éternité ! Mais les voici amollis par la j chaleur de leurs corps entrelacés , leurs genoux se pressent , leurs mains s ' étreignent , leurs poitrines se joignent , le fin duvet de leur visage effleure leurs joues , pareil à un vol d ' oiseaux légers qui viennent rider au battement de leurs ailes le miroir d ' un lac endormi dans le crépuscule .",
                  "id": "5",
                  "title": "Monsieur le vidame : moeurs rurales / Léonce de Larmandie"
            },
            {
                  "doc_url": "https://gallica.bnf.fr/ark:/12148/bpt6k5518185d",
                  "emotions": [
                        "surprise"
                  ],
                  "excerpt": ", tu mourras à petit feu .» Elle rentre chez elle très impressionnée , porte la main à sa tête pour se peigner et se sent alors comme électrisée Elle fait son café qui lui laisse dans la bouche un goût do soufre , comme s ' il était empoisonné ; elle ressent une soif inextinguible En même temps , elle a commencé à entendre parler de loin , sous le lit , dans la cheminée .Elle distinguait deux voix , une d ' homme , une de femme .",
                  "id": "6",
                  "title": "L'imagination et les états préternaturels : étude psycho-physiologique et mystique / par l'abbé F. Gombault,..."
            },
            {
                  "doc_url": "https://gallica.bnf.fr/ark:/12148/bpt6k54574835",
                  "emotions": [
                        "surprise",
                        "doubt"
                  ],
                  "excerpt": "Mais j ' avoue qu ' une proscription semblable est faite pour nous surprendre .Quoi ! l ' on reconnaît que les typhus sont produits par des matières septiques , et l ' on s ' élève avec acharnement contre les moyens antiseptiques ! N ' est - ce pas là véritablement un contre - sens thérapeutique ? Il n ' est pas permis de demander si l ' on doit employer des antiseptiques contre des maladies septiques ; autant vaudrait demander si l ' on doit combattre les ma ( 1 ) ma ( 1 ) IV , article du traitement de la fièvre adynamique ou putride .460 FIÈVRES ÉPIDÉMIQUES .",
                  "id": "7",
                  "title": "Traité clinique et expérimental des fièvres dites essentielles, par J. Bouillaud,..."
            },
            {
                  "doc_url": "https://gallica.bnf.fr/ark:/12148/bpt6k54009410",
                  "emotions": [
                        "surprise",
                        "doubt",
                        "indifference"
                  ],
                  "excerpt": "Le vent fit résonner la lyre Mais ne garda rien de son dire .O poète aux lèvres de miel , N ' adresse tes chansons qu ' au ciel ; Qu ' espérer d ' un peuple en délire ? Ne sois pas comme cette lyre Oui , cette lyre Indifférente au coeur mortel ! Une fleur fraîche et splendide Laissait choir feuilles et senteur Sur le courant d ' une eau rapide Qui baignait un val enchanteur ; - 86 - Mais l ' eau fuyait avec vitesse Sans profiter de sa richesse .O coeur aimant , ô tendre coeur , Ne dissipe point ton ardeur Et tourne au ciel ton âme émue ; Ne sois pas cette fleur perdue , La fleur perdue , Dont nul n ' aura gardé l ' odeur .",
                  "id": "8",
                  "title": "Chez les poètes : études, traductions et imitations en vers / par l'auteur des 'Iambes' [A. Barbier]"
            },
            {
                  "doc_url": "https://gallica.bnf.fr/ark:/12148/bpt6k5675108k",
                  "emotions": [
                        "surprise",
                        "anger",
                        "annoyance",
                        "excitement",
                        "nervousness",
                        "embarrassment"
                  ],
                  "excerpt": "Sou oïl llamboio comme la gueule do l ' enfer ; un souffle bruyant .s ' échappe de ses narines , et sa bouche exhale une vapeur épaisse .Il ■ ' s ' empresse d ' aller mettre une cuirasse impénétrable mémo pour une lame enchantée .",
                  "id": "9",
                  "title": "Obéron : poème héroïque / par C. M. Wieland ; traduction entièrement nouvelle par Auguste Jullien, précédée d'une notice et suivie de notes"
            },
            {
                  "doc_url": "https://gallica.bnf.fr/ark:/12148/bpt6k6365782d",
                  "emotions": [
                        "surprise"
                  ],
                  "excerpt": "Les eaux odorantes doivent ordinairement cette qualité aux divers produits sulfureux ou aux matières animales en putréfaction .On ne saurait croire , avec Pausanias et Athénée , que le puits de Mothone , dans le Péloponèse , exhalât l ' odeur des parfums de Cysique .Pline a dit avec une grande vérité d ' expression , qu ' une eau salubre doit ressembler exactement à l ' air : Aquam salubrem aeri quam simillimam esse oportet .",
                  "id": "10",
                  "title": "De la météorologie dans ses rapports avec la science de l'homme et principalement avec l'hygiène publique. Tome 1 / par P. Foissac,..."
            },
            {
                  "doc_url": "https://gallica.bnf.fr/ark:/12148/bpt6k5752711w",
                  "emotions": [
                        "surprise",
                        "doubt",
                        "curiosity"
                  ],
                  "excerpt": "Est - il besoin de rappeler les arguments avec lesquels les .anciens auteurs soutenaient une pareille médication ? La vie exhalée d ' un côté et absorbée de l ' autre ! Quelle étrange fontaine de Jouvence ! C ' esL la fable du vampire élevée 5 la hauteur de la science .N ' est - ii pas plus rationnel d ' admettre que l ' historien du roi David , voulant cacher les désordres de la vieillesse de celui que l ' on appelait grand et saint entre tous , inventa cette explication physiologique que l ' ignorance accepta d ' abord et que la tradition consacra ensuite , sans que \\ eservum pecus qui la recevait en héritage ait pris la peine d ' en pénétrer le sens véritable .",
                  "id": "11",
                  "title": "Traité de l'impuissance et de la stérilité chez l'homme et chez la femme comprenant l'exposition des moyens recommandés pour y remédier. Tome 1 / par le Dr Félix Roubaud..."
            },
            {
                  "doc_url": "https://gallica.bnf.fr/ark:/12148/bpt6k9767979t",
                  "emotions": [
                        "surprise",
                        "disgust",
                        "nostalgia"
                  ],
                  "excerpt": "XVI On s ' étouffait , à la huitième chambre , - où l ' affaire Albin Fage venait enfin après une interminable instruction et tout un jeu de hautes influences pour entraver la procédure .Jamais cette salle de la Correctionnelle dont les murs d ' un bleu moisi , aux pâles dorures en losanges , exhalent une odeur de graillon et de misère , n ' avait vu se presser sur ses bancs sordides , s ' empiler debout aux passages une telle cohue élégante et mondaine , tant de chapeaux fleuris , de toilettes printanières à la marque des grands faiseurs , que tranchait violemment le noir mat des toges et des toques .Et du monde arrivait encore par le tambour de l ' en ' trée dont les deux portes battaient continuellement sous un flot moutonnant de têtes serrées , dressées , soulevées dans la lumière blanche du palier .",
                  "id": "12",
                  "title": "L'immortel : moeurs parisiennes / Alphonse Daudet ; illustrations de Paul Thiriat"
            },
            {
                  "doc_url": "https://gallica.bnf.fr/ark:/12148/bpt6k97606467",
                  "emotions": [
                        "admiration",
                        "surprise",
                        "anger",
                        "pride",
                        "gratitude",
                        "faith"
                  ],
                  "excerpt": "Qu ' en votre Nom ils prient et agissent dans la droiture pour m ' instruire et me montrer ce que je leur demanderai .Sur un réchaud de fer vierge , garni de charbons ardents qui lui empourpraient le visage , il jeta le safran oriental dont le parfum attire Anaël et , poursuivant sa prière , il ajouta : Et ce , pour ce et avec ce que je verse devant votre face , ô mon Dieu , qui êtes tri - un , bon , et dans la plus sublime élévation , qui voyez au - dessus des chérubins et des séraphins , et qui devez juger les siècles par le feu , exaucez - moi .Trois fois Nostradamus répéta son invocation à l ' Éternel .",
                  "id": "13",
                  "title": "La vie de Nostradamus (4e édition) / par Jean Moura et Paul Louvet"
            },
            {
                  "doc_url": "https://gallica.bnf.fr/ark:/12148/bpt6k372356r",
                  "emotions": [
                        "surprise"
                  ],
                  "excerpt": "— Quoi donc , madame ? — Autre chose encore , dit - elle , avec un peu d ' embarras .— Vous voulez dire l ' odeur que répandent des corps mal nourris ? — Précisément , répondit - elle .Vous l ' avez aussi remarquée ? — Vous vous en êtes aperçue tout récemment ? de - mandai - je .",
                  "id": "14",
                  "title": "La Détresse allemande. Traduit de l'anglais. Préface d'Ernest Lavisse / G. A. Schreiner"
            },
            {
                  "doc_url": "https://gallica.bnf.fr/ark:/12148/bpt6k372356r",
                  "emotions": [
                        "surprise",
                        "doubt"
                  ],
                  "excerpt": "— Non , fit la dame , ce n ' est pas cela .C ' est l ' odeur ! — L ' odeur de la foule mal lavée ? — Oui .Et puis .",
                  "id": "15",
                  "title": "La Détresse allemande. Traduit de l'anglais. Préface d'Ernest Lavisse / G. A. Schreiner"
            },
            {
                  "doc_url": "https://gallica.bnf.fr/ark:/12148/bpt6k6225533w",
                  "emotions": [
                        "surprise"
                  ],
                  "excerpt": "Les Javanais croient que l ' air empoisonné qu ' on y respire est produit par les upas , mais c ' est une erreur ; elle est envahie , à une médiocre hauteur , par une couche épaisse d ' acide carbonique , qui asphyxie les êtres dont la taille n ' est pas assez élevée pour qu ' ils la traversent sans danger .Ces émanations n ' ont rien de surprenant , dans un pays volcanique et tourmenté comme celui des îles de la Sonde .PAUL , qui s ' est levé .",
                  "id": "16",
                  "title": "La botanique d'Andrée / par Émilie Carpentier,..."
            },
            {
                  "doc_url": "https://gallica.bnf.fr/ark:/12148/bpt6k6225533w",
                  "emotions": [
                        "surprise",
                        "grief",
                        "sadness",
                        "nostalgia",
                        "doubt",
                        "disappointment"
                  ],
                  "excerpt": "très , dans un mois ! Il en pousse à foison dans notre pays .Léna ne répondait pas ; la figure enfoncée dans les touffes embaumées , il sembla à Andrée qu ' elle pleurait : — Qu ' as - tu , lui dit - elle , en la tutoyant sans y prendre garde , t ' ai - je fait du chagrin ? — Non , oh ! non ! dit Léna ; ces fleurs , ces violettes , ce sont celles - là que maman aimait tant ; elle en avait toujours chez elle , cette odeur me rappelle celle qu ' on respirait dans sa chambre .Maman ! oh ! maman ! Andrée prit l ' enfant dans ses bras , l ' em .",
                  "id": "17",
                  "title": "La botanique d'Andrée / par Émilie Carpentier,..."
            },
            {
                  "doc_url": "https://gallica.bnf.fr/ark:/12148/bpt6k858160d",
                  "emotions": [
                        "surprise",
                        "love",
                        "nostalgia",
                        "gratitude",
                        "amusement",
                        "faith"
                  ],
                  "excerpt": ".Son trais ruisseau murmurant , capricieux , Reflétant sa candeur dans l ’ infini des cieux ? Les connais - tu les ondes tumultueuses De la Vallée aux roches sinueuses ? Les chemins tout fleuris , poétiques sentiers Tout parfumés de thyms , d ’ œillets et d ’ églantiers ? Et le riant feuillage si cher aux amoureux ! Que de fois il surprit un regard langoureux Suivi du doux baiser de deux lèvres mi - closes Pendant que le zéphir faisait naître les roses ? ..",
                  "id": "18",
                  "title": "Les primevères : poésies / Louis Aubert ; Préface de Louis Jeambrun"
            },
            {
                  "doc_url": "https://gallica.bnf.fr/ark:/12148/bpt6k96915728",
                  "emotions": [
                        "admiration",
                        "surprise",
                        "excitement",
                        "pride",
                        "gratitude"
                  ],
                  "excerpt": "A la fois plante et pierre , je renferme en moi deux mondes .Plante , je suis parfum , je suis arc - enciel de couleurs ; pierre , je suis diamant ; pierre et plante , je suis lumière ! » La petite voix étrange s ' était animée en finissant , au point que je me sentis ému de curiosité et d ' intérêt .Encore sous l ' impression du récit et de la prière du morceau de charbon , je l ' écartai , avec les pincettes , du brasier qui était près de l ' atteindre , et le déposai sur ma cheminée .",
                  "id": "19",
                  "title": "Revue de Paris / dir. Jean du Boys"
            },
            {
                  "doc_url": "https://gallica.bnf.fr/ark:/12148/bpt6k96915728",
                  "emotions": [
                        "surprise"
                  ],
                  "excerpt": "» Le lendemain de bonne heure , armé d ' une pioche , le cœur plein d ' espoir , le bon vieillard attaqua vigoureusement la pierre que l ' ange lui avait montrée .Bientôt il découvrit des morceaux noirs et luisants comme du charbon , et qui exhalaient sous le choc une odeur de bitume .Il en rapporta chez lui , alluma la forge , et voyant brûler la pierre , il tomba à genoux pour remercier le saint d ' avoir accompli en sa faveu .",
                  "id": "20",
                  "title": "Revue de Paris / dir. Jean du Boys"
            }
      ]
}