{
      "articles": [
            {
                  "doc_url": "https://gallica.bnf.fr/ark:/12148/bd6t53700267",
                  "emotions": [
                        "surprise",
                        "disgust",
                        "doubt"
                  ],
                  "excerpt": ".Le châtiment , c ’ était ce dahlù 1 glacé , noir et puant , c ’ était toute sa famille jetée un soir de neige dans une ville étrangère , repoussée , injuriée de tous ! Allah seul savait si le châtiment s ’ arrêterait là ! ..",
                  "id": "1",
                  "title": "Saâda la Marocaine / Elissa Rhaïs"
            },
            {
                  "doc_url": "https://gallica.bnf.fr/ark:/12148/bpt6k64947417",
                  "emotions": [
                        "surprise",
                        "doubt",
                        "disappointment"
                  ],
                  "excerpt": "Je lui fais honneur .Maîtresses , à se laisser patiner par un Homme , que l ' odeur de son Métier fuit par - tout ! De là vient qu ' il n ' y eut peut - être jamais d ' Anatomifles à bonnes fortunes , si ce n ' est à bonnes fortunes de la Ruë St .Jacques , faites pour être mises à contribution , par des figures à la Roussiau .",
                  "id": "2",
                  "title": "Ouvrage de Pénélope, ou Machiavel en médecine. Tome 1 / . Par Aletheius Demetrius"
            },
            {
                  "doc_url": "https://gallica.bnf.fr/ark:/12148/bpt6k6471739p",
                  "emotions": [
                        "surprise",
                        "pride",
                        "envy",
                        "doubt",
                        "embarrassment"
                  ],
                  "excerpt": "Que voyons - nous à la ronde Tourner au gré de tous vents , Et toujours dans ce bas - monde S ' engraisser à nos dépens ? Pantins , etc .Parfumé de musc et d ' ambre , Le dos souple et l ' air câlin , Qui valette à l ' antichambre D ' un noble au regard hautain ? Pantin , etc .Celte horde de tartufes Dont le front est avili , Qui , pour se gorger de truffes , Dine à l ' hôtel Rivoli : Pantins , etc .",
                  "id": "3",
                  "title": "Les patriotiques / par Alexandre Marie"
            },
            {
                  "doc_url": "https://gallica.bnf.fr/ark:/12148/bpt6k4872657",
                  "emotions": [
                        "surprise",
                        "boredom",
                        "indifference"
                  ],
                  "excerpt": "L ' eau de cette rivière n ' a pas de saveur particulière , elle n ' a pas non plus d ' odeur si ce n ' est celle , du reste très peu constatable , signalée par M .Calloud et qui ressemble un peu à l ' odeur de l ' écrevisse cuite .La température de l ' eau du Chéran est relativement élevée elle s ' équilibre assez avec celle de l ' air ambiant pour qu ' on puisse y prendre des bains pendant près de trois mois , ( juin , juillet et août ) : température qui facilite l ' apparition , presque en toute saison , d ' une traînée brumeuse sur le cours de cette rivière .",
                  "id": "4",
                  "title": "Revue savoisienne : journal publié par l'Association florimontane d'Annecy : histoire, sciences, arts, industrie, littérature / Jules Philippe, directeur-gérant"
            },
            {
                  "doc_url": "https://gallica.bnf.fr/ark:/12148/bpt6k5457950h",
                  "emotions": [
                        "surprise"
                  ],
                  "excerpt": "Le malade n ' y fit aucune attention : la peau s ' amincit , se perfora ; un décollement s ' ensuivit , et plus tard un trajet fistuleux .L ' orifice de celui - ci , entouré d ' une auréole rouge violacée , après avoir donné pendant quelque temps issue à un pus fétide et floconneux , laissa suinter tout - à - coup un fluide nouveau , que le malade , à son grand étonnement , reconnut être de l ' urine .Il n ' en continua pas moins ses travaux ; mais bientôt il maigrit et perdit de ses forces .",
                  "id": "5",
                  "title": "Mémoires et observations de chirurgie pratique / par le Dr Eugène Bermond,..."
            },
            {
                  "doc_url": "https://gallica.bnf.fr/ark:/12148/bpt6k620689",
                  "emotions": [
                        "admiration",
                        "surprise",
                        "gratitude",
                        "doubt"
                  ],
                  "excerpt": "C ' est une illustration à quelques vers de Mallarmé , dit le peintre en la présentant .Vous ne connaissez pas l ' / t ~ J ~ MMM d ' un faune ? C ' est un admirable plein air : J ' accours , quand à mes pieds s ' entrejoignent ( meurtries De la langueur goûtée à ce mal d ' être deux ) Des dormeuses , parmi leurs seuls bras hasardeux , Je les ravis , sans les désenlacer , et vole A ce massif , haï par l ' ombrage frivole , De roses tarissant tout parfum au soleil , Où notre ébat , au jour consumé soit pareil .Il étendit la main , ouvrit les doigts comme un bouquet Je t ' adore , courroux des vierges , & délice .",
                  "id": "6",
                  "title": "Le béguin de Gô / J.-A. Coulangheon"
            },
            {
                  "doc_url": "https://gallica.bnf.fr/ark:/12148/bpt6k620689",
                  "emotions": [
                        "surprise",
                        "envy",
                        "guilt"
                  ],
                  "excerpt": "Mon cher seigneur ira peut - être jusqu ' à douze .Les cavaliers sont riches et moi , pauvre homme , j ' oubliais qu ' il y a dans cette corbeille un pot de mûres idéennes , transparentes , parfumées , dont j ' aurais pu tirer deux drachmes sur les marchés du port .Adorateur des dieux , railla le cavalier en payant son emplette je te soupçonne de surfaire .",
                  "id": "7",
                  "title": "Le béguin de Gô / J.-A. Coulangheon"
            },
            {
                  "doc_url": "https://gallica.bnf.fr/ark:/12148/bpt6k61244901",
                  "emotions": [
                        "surprise",
                        "embarrassment"
                  ],
                  "excerpt": "Et je crois que meffieurs vos chiens , En font les feuls pharmaciens .Phouai , quel parfum ! CHARITON .v Il faudra bien t ' y faire .",
                  "id": "8",
                  "title": "Le Baquet magnetique , comédie, en vers et en deux actes. Par Mr. P.G."
            },
            {
                  "doc_url": "https://gallica.bnf.fr/ark:/12148/bpt6k56528073",
                  "emotions": [
                        "surprise"
                  ],
                  "excerpt": "A notre place ( on a servi le dîner à put Îour le neveu ) , il y a une nappe blanche , u fruits dressés dans des soucoupes et un * branche d ' églantier , qut ut 14 toute frissonnante dans l ' eau , fraîche comme un panache vert , aveo du grelots rouges .Il vient je ne sais quelle odeur de sureau .— Ah I J ' ai le coeur qui s ' en va , tant cette odeur ut douce I Après le dîner .",
                  "id": "9",
                  "title": "Jacques Vingtras ; La bergerie ; Le Kaiserlick / La Chaussade"
            },
            {
                  "doc_url": "https://gallica.bnf.fr/ark:/12148/bpt6k215512n",
                  "emotions": [
                        "surprise",
                        "doubt"
                  ],
                  "excerpt": "C9H6O2 .Longtemps confondue avec l ' acide benzoïque ; elle se rencontre surtout dans les fèves de Tonka , l ' Aspérule odorante , les fleurs de l ’ Anthoxanthum odoratum , les feuilles de l ’ Angrœcum fragrans , etc .On la prépare très simplement en traitant les fèves de Tonka par l ' alcool à 90 ° , puis chassant l ' alcool par distillation il reste un sirop épais qui se prend en masse par le refroidissement les cristaux sont purifiés par des traitements au noir et des cristallisations nouvelles .",
                  "id": "10",
                  "title": "Dictionnaire usuel des sciences médicales (2e édition... accompagnée de notions sur la prophylaxie et sur l'hygiène, d'un choix de formules usuelles et d'un appendice sur la formation des mots usités en médecine...) / par A. Dechambre, Mathias Duval, L. Lereboullet,..."
            },
            {
                  "doc_url": "https://gallica.bnf.fr/ark:/12148/bpt6k56834674",
                  "emotions": [
                        "surprise",
                        "greed",
                        "doubt",
                        "embarrassment"
                  ],
                  "excerpt": "Si l ' esprit impur ose aborder en nous l ' amour , notre amour , plus fort que l ' enfer , que toute sa puissance , notre amour - charité , avec ses yeux de lynx , devinera , démasquera , dé - formera le Tentateur , lui arrachera malgré lui son voile de fausse lumière , le réduira à sa forme hideuse et lui dira : Satan , arrière .Et Satan confondu s ' enfuira tout honteux loin de nous , ne laissant après lui que l ' infection du vice , du mensonge et des cachots puants dont il fait son affreux séjour .— 423 — Oui , vraiment , je suis fou .",
                  "id": "11",
                  "title": "L'étoile polaire de la France, ou rêveries d'un solitaire catholique sur l'énigme providentielle du présent et de l'avenir ; par P.-F. D*******"
            },
            {
                  "doc_url": "https://gallica.bnf.fr/ark:/12148/bpt6k96055669",
                  "emotions": [
                        "surprise",
                        "grief",
                        "sadness",
                        "fear",
                        "nostalgia",
                        "nervousness",
                        "disappointment"
                  ],
                  "excerpt": "Quelquefois un nuage , égaré dans l ' espace , Erre et flotte au hasard sous le dôme argenté ; Il glisse sans laisser la plus légère trace , Et nous cache un moment , quand devant elle il passe , De la reine des nuits la suave clarté .Soudain , si tressaillant de voir les cieux plus sombres , Le sinistre hibou quitte ses noirs abris , Et laisse , en s ' asseyant sur les mornes décombres Ou sur le vieux clocher que revêtent les ombres , Tomber de temps en temps quelques lugubres cris , , L ' âme oublie aussitôt sa molle rêverie , Le murmure joyeux et le parfum des fleurs .Le beau rêve est fini , la fleur paraît flétrie , Et le passé se dresse , ouvre son livre et crie , Arrêtant la pensée aux pages des douleurs .",
                  "id": "12",
                  "title": "Heures de loisir / par Hippolyte Magen"
            },
            {
                  "doc_url": "https://gallica.bnf.fr/ark:/12148/bpt6k96055669",
                  "emotions": [
                        "surprise",
                        "grief",
                        "fear"
                  ],
                  "excerpt": "La sybille agitant son ivoire magique , S ' agenouille et décrit un rond cabalistique : « Par l ' if , les ossements , les magiques rameaux , » Les pavots et l ' encens tombés dans ces réchauds , » Par les goules tes sœurs , — et leur féroce joie , » Par l ' enfer dévorant qui te ravit ta proie , » Apparais , esprit des tombeaux ! » Aux derniers mots formés par sa voix glapissante , On vit des grands brasiers la clarté blanchissante Vaciller et mourir ; — et les dragons ailés , Les gorgones , les sphynx , les lézards accouplés Firent en s ' agitant un grognement sinistre ; Et les esprits impurs que Satan administre Réglèrent leurs rangs ébranlés .Un sifflement aigu soudain se fit entendre ; Une senteur de mort dans l ' air vint se répandre ; Près du sépulcre ouvert la sorcière accourut .Escorté des démons enfants de Belzébuth , Qui tenaient dans leurs mains la torche funéraire , La face décharnée , — et couvert d ' un suaire , L ' esprit des tombeaux apparut .",
                  "id": "13",
                  "title": "Heures de loisir / par Hippolyte Magen"
            },
            {
                  "doc_url": "https://gallica.bnf.fr/ark:/12148/bpt6k97757094",
                  "emotions": [
                        "surprise"
                  ],
                  "excerpt": "Je vous ai prescrit de vous munir de carafes pour le jardin sur la cheminée ; je vous ai suffisamment parlé de la culture qu ' on y peut faire dans des pots remplis de terre ; il est temps que je vous parle aussi de la culture à l ' eau .C ' est un fait tou - jours surprenant pour ceux qui sont orangers a la connaissance des lois de la physiologie végétale que de voir , sans autre nourriture que de l ' eau pure , une plante bulbeuse , par exemple , croître , se développer , fleurir , avec lout le coloris et tout le parfum propre à son espèce .Si le fait avait besoin d ' être prouve , cela seul rendrait évidente la décomposition de l ' air par les parties vertes des plantes , autant celles qui vivent aux dépens d ' une carafe d ' eau claire sur l ' appui d ' une cheminée que celles qui vivent aux dépens de la meilleure terre .",
                  "id": "14",
                  "title": "Jardinier des fenêtres, des appartements et des petits jardins (4e édition) / par Jules Rémy"
            },
            {
                  "doc_url": "https://gallica.bnf.fr/ark:/12148/bpt6k5805338z",
                  "emotions": [
                        "surprise"
                  ],
                  "excerpt": "Îl9 mets entourent la saline et servent de passage aux hommes qui , armés d ' un hs , espèce de râteau en bois plein , rassemblent le sol sur lès ladures .Tout a un nom bizarre dans ce pays : la nature V revêt une forme étrange , le sol reluit , l ' eau scintille , la plaine est ûrgentôô , Un parfum de violette emnaumo l ' air ..",
                  "id": "15",
                  "title": "La femme de feu (43e éd.) / par Adolphe Belot"
            },
            {
                  "doc_url": "https://gallica.bnf.fr/ark:/12148/bpt6k229519n",
                  "emotions": [
                        "surprise",
                        "doubt"
                  ],
                  "excerpt": "Ma mère n ' entr ' ouvrait pas son armoire à glace sans me faire éprouver une curiosité fine et pleine de poésie .Qu ' y avait - il donc , dans cette armoire ? Mon Dieu ! ce qu ' il pouvait y avoir : du linge , des sachets d ' odeur , des cartons , des boîtes .Je soupçonne aujourd ' hui ma pauvre mère d ' un faible pour les boîtes .",
                  "id": "16",
                  "title": "Le livre de mon ami / Anatole France, ..."
            },
            {
                  "doc_url": "https://gallica.bnf.fr/ark:/12148/bpt6k105333n",
                  "emotions": [
                        "surprise"
                  ],
                  "excerpt": "L ' attier ( a / ! o ~ ~ j ~ aMOja ) est une espèce de ëârossô ! à Ïrùit ëcaiHeux sa Heur es ~ tnangùtairë , et à lè goût de la pistache .Le A ' u ! t ressemble à là pomme de pin ; iorsqu ' i ! est mûr , il est rempli dè crème blanche et douce , a l ' odeur de la fleur d ' orange et se divise eh plusieurs ecai ~ es remplies de pépins noirs : pour le manger , il faut en ôter la peh ! eu ! e , qui est très amerë .Le manguier est un des beaux arbres fruitiers de la co ) onie ses fruits sont très recherches des peuples de l ' Inde .",
                  "id": "17",
                  "title": "Voyage pittoresque à l'Ile-de-France, au cap de Bonne-Espérance et à l'île de Ténériffe. Tome 2 / ; par M. J. Milbert,..."
            },
            {
                  "doc_url": "https://gallica.bnf.fr/ark:/12148/bpt6k105333n",
                  "emotions": [
                        "surprise",
                        "joy",
                        "doubt"
                  ],
                  "excerpt": "L ' antafara .Celui - ci est connu dans ! ' Ï ! e - de ~ France sous le nom de l ' arbre de lait sa Heur a l ' odeur et la figure du jasmm .Au moyen d ' une légère incision on en tire une grande abondance d ' un jus laiteux et caustique .",
                  "id": "18",
                  "title": "Voyage pittoresque à l'Ile-de-France, au cap de Bonne-Espérance et à l'île de Ténériffe. Tome 2 / ; par M. J. Milbert,..."
            },
            {
                  "doc_url": "https://gallica.bnf.fr/ark:/12148/bpt6k5526572t",
                  "emotions": [
                        "surprise",
                        "doubt",
                        "curiosity"
                  ],
                  "excerpt": ".Ah ! voilà donc ce que je sentais ! Dites donc * parfumeur ; il paraît que vous ne travaillez pas sur le jasmin ? , GUIGNOL .Si j ' avais eu un parepluie , ça me serait pas arrivé ; mais le parepluie aurait changé de couleur .",
                  "id": "19",
                  "title": "Théâtre lyonnais de Guignol"
            },
            {
                  "doc_url": "https://gallica.bnf.fr/ark:/12148/bpt6k931620c",
                  "emotions": [
                        "surprise",
                        "nostalgia",
                        "pride"
                  ],
                  "excerpt": "A l ' endroit où la mer du Chiatamone est le plus agitée et vient se briser en écume blanche contre les noirs rochers qui sont les formidables fondations du château de l ’ ÜEuf ; là , où le regard mélancolique du penseur découvre un paysage triste qui glace le cœur , il y avait autrefois , dans le temps des temps , cent ans au moins avant la naissance du Christ - Rédempteur , une vaste île fleurie qui s ’ appelait Mégaride ou Megara , ce qui signifie « grande » , dans doux idiome grec .Ce morceau de terre s ’ était détaché de la plage Platamonia , m ais sans beaucoup s ’ éloigner ; et comme si le ferment printanier eût passé de la colline à l ’ île par les flots de la mer , quand la belle saison couronnait de roses et de jasmin les montagnes , nie fleurissait également au milieu de l ’ onde salée , comme un gigantesque bouquet que la nature y faisait surgir , comme un autel élevé à Flora , la déesse parfumée .Pendant les nuits d ’ été , de douces musiques s ’ élevaient « nu - dessus de l ' ile et , sous les rayons de la lune , il semblait que les nymphes marines , ombres légères , se livraient à des danses sacrées et enivrantes ; aussi le passant qui se trouvait sur la rive , par respect pour la divinité , détournait les yeux en s ’ éloignant et les couples d ’ amantsqui aimaient à errer , enlacés le long de la plage , envoyaient un salut à l ’ île divine et baissaient la tête pour ne pas troubler la danse auguste .",
                  "id": "20",
                  "title": "Naples : les légendes et la réalité / Matilde Serao"
            }
      ]
}