{
      "articles": [
            {
                  "doc_url": "https://gallica.bnf.fr/ark:/12148/bpt6k65780514",
                  "emotions": [
                        "surprise",
                        "doubt"
                  ],
                  "excerpt": "d ' animaux ? - Dame ! - Et de quels animaux ? - Des bœufs et des porcs .1 — Vrai ? - Pourquoi prends - tu un air étonné ? ' - Parce que la graisse , ça ne sent pas bon , et ça , ajouta M .Robert en mettant son petit nez au - dessus du pot de pommade , et ça , ça sent bon .",
                  "id": "1",
                  "title": "Les projets de mademoiselle Marcelle et les étonnements de M. Robert / par Émile Desbeaux ; 110 dessins de MM. A. Brun, Chapuis, Clair Guyot... [et al.] ; gravure de F. Méaulle"
            },
            {
                  "doc_url": "https://gallica.bnf.fr/ark:/12148/bpt6k55968180",
                  "emotions": [
                        "surprise"
                  ],
                  "excerpt": "Sa fleur est blanchâtre ; Sc fa graine qui est ronde & ridée , est de la grosseur environ , d ' un grain de poivré .II est surprenant que cette graine ait un goût si agréable , & d ' une si bonne odeur , étant produite par une plante , qui en a unë très mauvaise , Sc qui sent fortement la punaise .II croît de là Coriandre en abondance aux environs de Paris , fur tout à Aubervilliers , d ' où les Marchands Epiciers - Droguistes tirent presque toute celle qu ' ils vendent .",
                  "id": "2",
                  "title": "Dictionnaire universel de commerce, contenant tout ce qui concerne le commerce qui se fait dans les quatre parties du monde. Tome 1 / ... Ouvrage posthume du Sr Jacques Savary Des Bruslons... continué... et donné au public, par Philémon-Louis Savary,..."
            },
            {
                  "doc_url": "https://gallica.bnf.fr/ark:/12148/bd6t5374941x",
                  "emotions": [
                        "surprise"
                  ],
                  "excerpt": "Or , règle générale , le danseur et la danseuse ne se connaissent pas ; le danseur a des souliers trop étroits , et la danseuse étouffe dans son corset .Ni l ’ un ni l ’ autre n ’ ont l ' haleine parfumée .Quand l ’ un ne sent pas autre chose , il sent toujours une infection que l ’ on appelle le tabac .",
                  "id": "3",
                  "title": "Paris à l'envers, par le comte de Villedeuil"
            },
            {
                  "doc_url": "https://gallica.bnf.fr/ark:/12148/bpt6k1133599",
                  "emotions": [
                        "surprise",
                        "love"
                  ],
                  "excerpt": "« , A .ce moment , la porte du cabinet s ' ouvrit et , dans un chiffonnement de , soie et de dentelles , dans un parfum violent de femme et de fleur , j ' aperçus une chevelure rousse , une bouche rouge , l ' éclair bleu de deux yeux adorablemcnt ardents , une apparition éblouissante , miraculeuse de beauté , de jeunesse et d ' amour , qui , à peine apparue , disparut en jetant ce cri « Pardon ! » ~ · « – Ma femme .expliqua négligeamment maître Claude Barbot .",
                  "id": "4",
                  "title": "Les vingt et un jours d'un neurasthénique / Octave Mirbeau"
            },
            {
                  "doc_url": "https://gallica.bnf.fr/ark:/12148/bpt6k781358",
                  "emotions": [
                        "surprise"
                  ],
                  "excerpt": "3 \" .E ! ! c conserve une légère odeur de jaune d ' oeuf .EUecommencea & Mdre entre 36 et38 ' Reaunt .",
                  "id": "5",
                  "title": "Journal de pharmacie et des sciences accessoires"
            },
            {
                  "doc_url": "https://gallica.bnf.fr/ark:/12148/bpt6k3044273h",
                  "emotions": [
                        "surprise",
                        "doubt"
                  ],
                  "excerpt": "Galien , en faisant remarquer qu ’ Hippocrate plaça les maladies pestilentielles parmi les maladies épidémiques , ne paraît les en distinguer que par leur caractère pernicieux .Il y a ici , on s ’ en aperçoit facilement , confusion et lacune : on confond les maladies produites sous l ’ influence des saisons , des perturbations brusques de l ’ atmosphère avec celles qui reconnaissent pour causes des miasmes sui gene - ris dans l ’ air , les maladies saisonnières .Celles qu ’ amènent les modifications des qualités sensibles de l ’ air peuvent être nombreuses et différentes entre elles ; celles , au contraire , qui reconnaîtront pour causes des miasmes auront invariablement leur cachet spécial ( à leur forme et à leur intensité près ) , selon qu ’ elles seront dues à l ’ action de tel ou tel poison existant dans l ’ atmosphère .",
                  "id": "6",
                  "title": "Traité de la médication complète du choléra asiatique considéré comme une fièvre paludéenne épidémique très pernicieuse de l'Inde orientale... : précédé de l'examen des lettres de MM. Boudin, Maillot, F. Jacquot touchant la non-identité du choléra et des fièvres palustres / par le Dr Bourgogne père,..."
            },
            {
                  "doc_url": "https://gallica.bnf.fr/ark:/12148/bpt6k1414846d",
                  "emotions": [
                        "surprise",
                        "nervousness"
                  ],
                  "excerpt": "En tous cas , l ’ hôtel ne me semble pas devoir me fournir un sujet de pièce .L ’ odeur effrayante d ' un fantôme invisible peut être une idée parfaitement nouvelle .Mais si je la mets à exécution , si je l ’ applique au théâtre , je ferai fuir le public entier .",
                  "id": "7",
                  "title": "L'hôtel hanté / Wilkie Collins ; roman traduit de l'anglais... par Henry Dallemagne"
            },
            {
                  "doc_url": "https://gallica.bnf.fr/ark:/12148/bpt6k56074497",
                  "emotions": [
                        "surprise"
                  ],
                  "excerpt": "L ' aéronef commença donc à « culer » doucement , pour employer une expression maritime .Tous se disposaient alors à se rendre à l ' arrière , lorsque Tom \" Turner fut surpris par une singulière odeur .C ' étaient les gaz de la mèche , accumulés maintenant dans le coffre , qui s ' échappaient de la cabine des fugitifs .",
                  "id": "8",
                  "title": "Robur-le-conquérant / par Jules Verne ; dessins par Benett"
            },
            {
                  "doc_url": "https://gallica.bnf.fr/ark:/12148/bpt6k9750687w",
                  "emotions": [
                        "surprise",
                        "joy",
                        "sadness",
                        "fear",
                        "pain"
                  ],
                  "excerpt": "Ap \" ; pendix sur l ' air fixe .Lorsqu ' on se baisse , on » éprouve que cette vapeur est » très - pénétrante , très - acre , » qu ' elle picote les yeux & en » tire des larmes : elle laisse dans » la bouche un goût de soufre ; » elle donne des étourdissements , » & feroit périr si l ' on y restoit » long - temps .Les inse & es & les » oiseaux meurent aussi - tôt qu ' ils » sont atteints par ces vapeurs .",
                  "id": "9",
                  "title": "Examen analytique des eaux minérales des environs de L'Aigle, en Haute-Normadie . Avec leurs propriétés dans les maladies. Par M. Terrède,..."
            },
            {
                  "doc_url": "https://gallica.bnf.fr/ark:/12148/bpt6k3041428f",
                  "emotions": [
                        "surprise"
                  ],
                  "excerpt": "Il est fait mention aussi clans le même ouvrage , que « M .Petit a vu dans le même » endroit du tibia une tumeur semblable , » également d ’ un volume extraordinaire , » après l ' ouverture de laquelle il trouva au - « dedans une masse charnue plus grosse » que le poing , entièrement logée dans la » partie caverneuse de l ’ os , avec du pus » fétide .11 la tira , se servit de tenailles » pour emporter les parties corrompues » de l ’ os , employa même le ciseau et le » marteau de plomb , et guérit avec succès » un mal si fàoheux .",
                  "id": "10",
                  "title": "Clinique chirurgicale des plaies faites par armes à feu, pour servir à l'instruction des élèves en chirurgie des hôpitaux militaires. Par C.-A. Lombard, docteur en chirurgie, chirurgien en chef et professeur à l'hôpital d'instruction militaire de Strasbourg, ..."
            },
            {
                  "doc_url": "https://gallica.bnf.fr/ark:/12148/bpt6k58247286",
                  "emotions": [
                        "surprise",
                        "nostalgia",
                        "disappointment"
                  ],
                  "excerpt": "Alors que de baisers je te donne pour elle ! Peut - être , hélas ! ma bouche quelque jour , Les reprendra sur sa bouche fidèle , Où jvai ' cueilli si doux sermens dt ^ mour ? .' & 78 - < g Surprise , un soir , pair la nuit orageuse , Bandeau favorisé tu ceiguis ses cheveux ; Une autre fois ta place plus heureuse , Me présentait des contours gracieux ; Il semblerait que ton parfum de rose Vient excitèrla plus aimable erreur , Et que j ' aspire encore , avec ta douce odeur .Les soupirs enivrants dé la , bouche mi - close ! ' Consolateur d ' une cruelle absence , Dans le secret retourne ie cacher ; Reste teujpurs Cher à men existence , A mes chagrins , reviens ^ quelquefois m ' arracher .",
                  "id": "11",
                  "title": "Les essais d'un bobre africain / par F. Chrestien"
            },
            {
                  "doc_url": "https://gallica.bnf.fr/ark:/12148/bpt6k9786016f",
                  "emotions": [
                        "surprise"
                  ],
                  "excerpt": "FAUST .Comme étrangement reluit à travers les abîmes une lueur boréale et crépusculaire qui pénètre jusque dans les profondeurs du gouffre ! Là monte une vapeur , plus loin filent des exhalaisons malsaines .Ici , à travers un voile de brouillards , flambe une ardente clarté , tantôt se déroulant comme un léger fil , tantôt jaillissant comme une source vive .",
                  "id": "12",
                  "title": "Le Faust de Goethe : seule traduction complète, précédée d'un essai sur Goethe, accompagnée de notes et de commentaires et suivie d'une étude sur la mystique du poème (12e édition) / par M. Henri Blaze..."
            },
            {
                  "doc_url": "https://gallica.bnf.fr/ark:/12148/bpt6k781358",
                  "emotions": [
                        "surprise"
                  ],
                  "excerpt": "J ' ai examiné d ' autres baumes provenant de diverses maisons de commerce .L ' un des échantillons avait une odeur faible de térébenthine je l ' agitai avec plusieurs proportions d ' alcohol absolu ; sa disso ! ut ! on n ' était jamais pat ' Mtc il s ~ en sépara nnc matière fibreuse qui se reunissait en masse gluante , semblable à celle qui reste quand on a cpuise ! e mastic par d < ' l ' alcohol ordinaire .Le baume n ' était pas plus < o ! ub ! c dans l ' akohol ethere , c ' est - à - dire dans un mélange de quatre parties d ' alcohol absolu et d ' une partie d ' éther KCtiué .",
                  "id": "13",
                  "title": "Journal de pharmacie et des sciences accessoires"
            },
            {
                  "doc_url": "https://gallica.bnf.fr/ark:/12148/bpt6k5452656d",
                  "emotions": [
                        "surprise"
                  ],
                  "excerpt": "les mailles d ' un réseau de lianes .Une odeur étrange vient des grandes herbes .— • C ' est ici , tout près del ' eau .",
                  "id": "14",
                  "title": "Quelle étrange histoire... / Jean Galmot"
            },
            {
                  "doc_url": "https://gallica.bnf.fr/ark:/12148/bpt6k6375162v",
                  "emotions": [
                        "surprise",
                        "disgust",
                        "fear",
                        "pain",
                        "embarrassment"
                  ],
                  "excerpt": "Le remords convulsif , au sein de ces horreurs , Vient - il à s ' agiter , à verser quelques pleurs ; Un bruit sourd èt profond de chaînes remuées , Rebondit dans ce coffre , et s ' échappe en fumées , En vapeurs , en soupirs , qui , linceul vaporeux , Déroule comme un crêpe , un voile de cheveux , A travers les roseaux aux barbes reluisantes , Va troubler la syrène aux écailles brillantes , Et jusque dans Toulon répandant ses effrois , De même qu ' un battant fait vibrer les beffrois ! Le galérien , parfois , d ' une amante adorée , Dans un songe pressant la bouche idolâtrée , Savoure son erreur dans un boudoir charmant ; Cette amante , au sein nu , le nomme son amant ; Il goûte de l ' amour la plus brûlante ivresse ! 1 .Quel horrible réveil , lorsque sa main ne presse Que des anneaux d ' opprobre , et qu ' au lieu de ses bras , Il se sent étouffé du collier des forçats , Et qu ' entre deux vieillards à l ' haleine putride , Il touche de son front le front d ' un homicide ! ! .Cette race amphibie , au demi - jour brumeux , De même qu ' un seul homme au regard soucieux , Se lève en chariant sa chaîne accoutumée , Commence sur les flots sa honteuse journée , Sans qu ' un signe de croix , offert à l ' Eternel , Témoigne un seul regret au cœur du criminel ! .",
                  "id": "15",
                  "title": "Les lunes poétiques des deux-mondes. Première partie : contemplations philosophiques, historiques, morales et religieuses : dédié à la Jeune France / par P. Cuisin,..."
            },
            {
                  "doc_url": "https://gallica.bnf.fr/ark:/12148/bpt6k4512066n",
                  "emotions": [
                        "surprise"
                  ],
                  "excerpt": "Mais bientôt on s ’ y accoutume , cinq ou six fois dans la même journée on revient à en prendre et l ' estomac n ’ est plus irrité .A l ’ occasion des fêtes , des réunions d ’ hommes , on boit encore davantage d ’ éther ; et les jours ( le marché , les places publiques répandent une odeur infecte , les compartiments de chemin de fer ne sentent que l ’ éther ! N ’ allez pas croire que l ’ éther bu produise des effets comparables à celui qui est resta ie .Ce n ’ est pas des idées , des sensations .",
                  "id": "16",
                  "title": "Marseille-locations : journal de renseignements, avis divers, ventes, locations etc."
            },
            {
                  "doc_url": "https://gallica.bnf.fr/ark:/12148/bpt6k10980538",
                  "emotions": [
                        "surprise",
                        "disgust",
                        "doubt"
                  ],
                  "excerpt": "Ne vous esbahiflez donc pas , mes amis , fi noftre ieune frère , tant pour l ' interéft gênerai i que pour le fien particulier nous a fai £ t fentir fon zele .il n ' eft pas ; de fi mauuaife odeur que vous pourriez bie croire , quoy q Vous vous bouchiez tât le nez , Ce ne font que marques nouuelles de fa Vocation , que f en recueille tres - certaines .Que d ' ores ~ enauant noftre Reuolté nous ; en demande ; Il ne luy faut donner que de ces brayes par le nez , & : il fera , ie m ' affeure , bien ca - 74 CABALE DES mus s ' il ne le fent .",
                  "id": "17",
                  "title": "La Cabale des réformez tirée nouvellement du puits de Démocrite : Cabale des réformés"
            },
            {
                  "doc_url": "https://gallica.bnf.fr/ark:/12148/bpt6k30404002",
                  "emotions": [
                        "surprise",
                        "fear"
                  ],
                  "excerpt": "Craignant de s ’ empêtrer de nouveau , l ’ espiègle , une fois libre , ne songea qu ’ à s ’ éloigner vivement du dangereux endroit .Au bout d ’ un moment , quelques lointains frémissements d ’ ailes lui firent tourner la tête , et il aperçut dans les airs un second volateur de même race , qui , averti par la senteur toujours plus pénétrante , s ’ élançait rapidement vers la curée tentatrice .Rhéjed conçut alors un plan hardi , basé à la fois sur les propriétés adhérentes de l ’ étonnante bave et sur le trouble évident que l ’ odeur exhalée par elle semblait porter dans le clan de certains volatiles à puissante envergure .",
                  "id": "18",
                  "title": "Impressions d'Afrique / Raymond Roussel"
            },
            {
                  "doc_url": "https://gallica.bnf.fr/ark:/12148/bpt6k5447550v",
                  "emotions": [
                        "surprise"
                  ],
                  "excerpt": "Les détonations Etaient cette nuit - là sans interruptions ; Bientôt , un cauchemar affreux , épouvantable , Engourdit tout mon être : un spectre redoutable , Me tenant enlacé , m ' étoûffait dans ses bras ; Je voulais le fuir et ne le pouvais pas .Je m ' éveillai soudain : une vive lumière Apparut à mes yeux , inonda ma paupière ; Des parfums enivrants , à mes sens inconnus , Furent soudainement dans les airs répandus ; Puis , je fus entouré d ' ombres ensanglantées Qui me disaient tout bas : Écris sous nos dictées .S ' il s ' y glisse parfois sous ma plume une erreur , ■ Qu ' on ne m ' accuse point , je n ' en suis pas l ' auteur ; — 14 — Elle doit revenir aux esprits tout entière , Qui sont venus à moi , sortant du cimetière .",
                  "id": "19",
                  "title": "Le cauchemar de 1870 et 1871... : poëme en vers / par N. Cornevin"
            },
            {
                  "doc_url": "https://gallica.bnf.fr/ark:/12148/bpt6k6123794d",
                  "emotions": [
                        "surprise",
                        "gratitude",
                        "doubt",
                        "nervousness"
                  ],
                  "excerpt": "Verser dans tesllacons le vinaigre ou la lie ? D ' un acte aussi sauvage , à bon droit révolté , Quel nom n ' aurais - tu pas pour ma brutalité ? Oui ; l ' acte en serait digne et je te l ' abandonne .Mais , le tien donc , quel nom veux - tu que je lui donne , Quand tu viens noussouillcr , par ton souffle infeeleur , L ' air , de notre poitrine aliment bienfaiteur , Mêlant ù ce feslin que nous sert la nature , De ton affreux tabac l ' exhalaison impure ? Aujourd ' hui , grâce à vous , l ' on ne peut sans effroi Mettre pour un instant le nez hors de chez soi : Da cigare insolent , de la pipe incongrue , L ' émeute en tabagie a transformé la rue .Entrez dans ces jardins ou respirait Pons , Où les tendres lilas , les orangers fleuris , Parfumaient autrefois l ' atmosphère embaumée .",
                  "id": "20",
                  "title": "Le Fumeur public devant le tribunal de l'opinion publique. Satire par M***"
            }
      ]
}