{
      "articles": [
            {
                  "doc_url": "https://gallica.bnf.fr/ark:/12148/bpt6k9610445h",
                  "emotions": [
                        "surprise",
                        "fear",
                        "doubt"
                  ],
                  "excerpt": "Ce serait peut - être ici le lieu de montrer , comme Descartes , l ' utilité de la peur , et comment elle met en jeu les instincts défensifs de l ' animal ; mais ce serait aborder un sujet presque sans limites .Qui pourrait dire , en effet , toutes les ressources dont la nature a armé ses créatures contre la mort ? Combats acharnés , fuite rapide , stratagèmes multipliés , quels moyens ne met - elle pas en usage ? Celui - ci menace de la corne ou du pied , de la dent ou des ongles , celui - là prépare sourdement ses poisons ; d ' autres fois il répand des humeurs infectes et sème autour de lui le dégoût et l ' horreur .Tel s ' enveloppe d ' une armure impénétrable , tel autre fait rayonner autour de son corps une forêt de dards .",
                  "id": "1",
                  "title": "De la physionomie et des mouvements d'expression / Pierre Gratiolet ; par Louis Grandeau"
            },
            {
                  "doc_url": "https://gallica.bnf.fr/ark:/12148/bpt6k30404002",
                  "emotions": [
                        "surprise"
                  ],
                  "excerpt": "Voulant à son tour entendre la voix mystérieuse , le héros se mit à l ’ endroit désigné puis lança au hasard le mot « Rose » .L ’ écho répéta fidèlement le vocable , mais , à la grande surprise de tous , un parfum de rose exquis et pénétrant se répandit au même instant dans les airs .Canaris renouvela l ’ expérience , nommant successivement les fleurs les plus odorantes ; chaque fois la réponse claire et soudaine arrivait enveloppée dans une bouffée enivrante de l ’ arome correspondant .",
                  "id": "2",
                  "title": "Impressions d'Afrique / Raymond Roussel"
            },
            {
                  "doc_url": "https://gallica.bnf.fr/ark:/12148/bpt6k58491413",
                  "emotions": [
                        "surprise"
                  ],
                  "excerpt": "Deux cascades sont encore en activité : la grande cascade , alimentée par trois griffons d ' un débit énorme , occupant une surface verticale de presque 30 mètres de hauteur et coupée en différents étages de vasques élégantes qui amortissent la chute de l ' eau ; la la seconde cascade , bien moins importante , se déversant sur la voie du chemin .de Bône - Guelma , et entourant de vapeurs chaudes le voyageur non prévenu et stupéfait .Une flore variée et puissante offre des distraction multiples au botaniste qui visite Hammam - Meskoutine .",
                  "id": "3",
                  "title": "Contribution à l'étude des eaux minérales et des principales stations thermales de l'Algérie / par le Dr J. Thénoz,..."
            },
            {
                  "doc_url": "https://gallica.bnf.fr/ark:/12148/bpt6k1414846d",
                  "emotions": [
                        "surprise",
                        "fear",
                        "disapproval",
                        "doubt"
                  ],
                  "excerpt": "Plutôt que de partager votre opinion , je ne veux rien croire de tout de ce qui est arrivé .Les influences surnaturelles que quelques - uns de nous ont subies quand nous sommes arrivés dans cet hôtel : votre perte d ’ appétit , les rêves affreux de ma sœur , l ’ odeur qui suffoqua Francis , et la tête qui apparut à Agnès , je déclare que tout cela est pure hallucination ! Je ne crois à rien , rien , rien ! » Il ouvrit la porte pour sortir , et regarda encore une fois dans la chambre .— Si , continua - t - il , il y a une chose que je crois : ma femme a commis une indiscrétion .",
                  "id": "4",
                  "title": "L'hôtel hanté / Wilkie Collins ; roman traduit de l'anglais... par Henry Dallemagne"
            },
            {
                  "doc_url": "https://gallica.bnf.fr/ark:/12148/bpt6k5801660k",
                  "emotions": [
                        "surprise"
                  ],
                  "excerpt": "L ' Amour se rîldesdislinçliqrtsdé , la société .Oh voit tous les jours « ne , simple : Ivilla - ^ geoisô , faire tomber * son maître à ses pieds î et plus d ' une fois ; la couche parfumée d ' une femme élégante s ' est ouverle pour recevoir Uh riistre préféré à une toiilë de rivaux ; ; lllfélv ! 1 ! ' ■ ' » : \" « ♦ • * .# IVK * ; - i [ iH \\ y - Ar - M - : v ° M ' * ■ - • s W ^ URAtiSATïorl ^ H - ' tfàe ' ifemme jolie aaO DiOTipNKAtjRB porte avec , elle desJeJut » i de , naturalisa * tion dans tous les pays qu ' elle parcourt : Ainsi , • rua bien - aimée , lu \" P ° .",
                  "id": "5",
                  "title": "Le sacrifice de l'amour, ou La messe de Cythère ; suivi du sermon prêché à Gnide, et d'un nouveau dictionnaire d'amour, dans lequel on trouvera plusieurs pièces inédites ou peu connues, telles que l'Art de prendre les oiseaux, ou les Leçons de l'amour, poëme anacréontique ; les articles les plus piquans du Dictionnaire d'amour du berger Sylvain ; la plus grande partie de ceux du Dictionnaire d'amour qui parût à La Haye, en 1741 ; et une foule de morceaux extraits des meilleurs écrivains anciens et modernes"
            },
            {
                  "doc_url": "https://gallica.bnf.fr/ark:/12148/bpt6k5658785t",
                  "emotions": [
                        "surprise",
                        "joy"
                  ],
                  "excerpt": "Aucune parole ne pouvait lui arriver d ' aussi loin ; L ' ACCIDENT DE M .HÉBERT 2C \" il lui parut cependant qu ' une voix , la voix de l ' officier , comme une exhalaison , pénétrait jusqu ' à elle .Il s ' informait , avait toutes les peines du monde à ne pas trahir ses inquiétudes .",
                  "id": "6",
                  "title": "L'accident de Monsieur Hébert : les héros modernes / par Léon Hennique"
            },
            {
                  "doc_url": "https://gallica.bnf.fr/ark:/12148/bpt6k1411777p",
                  "emotions": [
                        "surprise",
                        "grief",
                        "doubt",
                        "curiosity"
                  ],
                  "excerpt": ".et depuis lors à l ’ endroit où elle mourut , pousse , rouge , superbe , parfumée , la fie vu - de sang ! M ’ est - ce point cela , madame ? ..",
                  "id": "7",
                  "title": "Le Coeur en émoi, roman d'amour / Marie de La Hire"
            },
            {
                  "doc_url": "https://gallica.bnf.fr/ark:/12148/bpt6k56074497",
                  "emotions": [
                        "surprise"
                  ],
                  "excerpt": ".On dirait de la poudre qui brûle ? — En effet , Tom ! — Et cette odeur vient du dernier rouile ! — Oui ..",
                  "id": "8",
                  "title": "Robur-le-conquérant / par Jules Verne ; dessins par Benett"
            },
            {
                  "doc_url": "https://gallica.bnf.fr/ark:/12148/bpt6k5661448m",
                  "emotions": [
                        "surprise",
                        "joy",
                        "optimism",
                        "excitement",
                        "gratitude",
                        "doubt",
                        "embarrassment"
                  ],
                  "excerpt": ".Hé ! ma chère demoiselle , revenez à vous et réjouissez - vous ! — La question ! la question , mon Dieu ! répétait Mlle de Neuville que l ' odeur des sels et l ' eau fraîche jetée au visage avaient tirée de son évanouissement .— Ce n ' était qu ' une épreuve , dit Guy - Patin en affectant de paraître gai et jovial ; j ' ai voulu savoir à quel point vous intéressait le galant , et je l ' ai su .",
                  "id": "9",
                  "title": "Le Singe, histoire du temps de Louis XIV, 1666, par Paul-L. Jacob, bibliophile. Tome 2"
            },
            {
                  "doc_url": "https://gallica.bnf.fr/ark:/12148/bpt6k29697d",
                  "emotions": [
                        "surprise",
                        "love",
                        "doubt",
                        "curiosity"
                  ],
                  "excerpt": "J ' abats dans les guérets la moisson jaunissante , Ou , la bêche à la main , je creuse les canaux Qui vont porter la vie a l ' herbe languissante , Tandis que , préparant un champêtre repas , Daphne , sous ses doigts délicats , Presse de mes brebis la mamelle flottante .Ou bien , est - il des soins indignes d ' une amante ? a Amollit - elle même une couche odorante Où l ' amour doit le soir m ' endormir dans ses bras C ' est là une charmante idylle .On y sent bien encore la poésie descriptive de Saint - Lambert ou de Débite mais il y a de l ' Horace j ~ ea ~ MS ille qui procul negotiis , du Tibulle et du Chénier aussi .",
                  "id": "10",
                  "title": "La jeunesse de Lamartine : d'après des documents nouveaux et des lettres inédites / par Félix Reyssié"
            },
            {
                  "doc_url": "https://gallica.bnf.fr/ark:/12148/bpt6k5446520d",
                  "emotions": [
                        "surprise",
                        "fear"
                  ],
                  "excerpt": "» Sans perdre un instant , je me retirai derrière les rideaux qui voilaient le fond de la voiture , et , le corps caché , je tendis vers la visiteuse , non pas la petite glace dont j ' usais d ' ordinaire pour ces sortes d ' expériences , mais le cadre seulement de cette glace où , en criant d ' une voix dodonienne : « voici celui que vous aimerez » , j ' osai mettre mon visage , mon vrai visage , sans sourcils farouches ni longue barbe noire en tresses hiératiques .Elle ne put retenir un cri , étonnée sans doute de la face inattendue , inconnue , que lui offrait le Destin ! Quand j ' écartai les rideaux ( j ' avais repris ma magique apparence ) , elle s ' était ' enfuie , lais - LE MIROIR 137 sant une odeur d ' églantine mouillée d ' une rosée d ' hylang - hylang .Mais , quelques mois plus tard , lorsque les bénéfices de mon métier forain m ' eurent mis en état de publier des sonnets et de faire figure dans le monde , je la rencontrai , l ' ayant cherchée .",
                  "id": "11",
                  "title": "Le bonheur des autres... / Catulle Mendès"
            },
            {
                  "doc_url": "https://gallica.bnf.fr/ark:/12148/bpt6k80886c",
                  "emotions": [
                        "surprise",
                        "annoyance",
                        "doubt"
                  ],
                  "excerpt": "L ' effet est saisissant ; mais il vient de là un vent terrible , qui , joint au froid du carrelage , à Ja lumière blafarde tombant des soupiraux au ras de terre , effraie pour le bien - être des enfants .Que voulezvous On a été obligé d ' installer la Nursery dans cet endroit insalubre à cause des nourrices champêtres et capricieuses habituées au sans - gêne de l ' étable ; il n ' y a qu ' à voir les mares de lait , les grandes flaques rou ~ câtres séchant sur ! e carreau , qu ' à respirer l ' odeur âc ~ ' e qui vous saisit en entrant , mêlée de petit lait , de poil mouillé et de bien d ' autres choses , pour se convaincre de cette absolue nécessité .La pièce est si haute dans ses parois obscures eue les visiteurs , tout d ' abord , ont cru la nourricerie déserte .",
                  "id": "12",
                  "title": "Le nabab : roman de moeurs parisiennes / Alphonse Daudet ; ill. de Renefer"
            },
            {
                  "doc_url": "https://gallica.bnf.fr/ark:/12148/bpt6k80886c",
                  "emotions": [
                        "surprise",
                        "sadness",
                        "fear",
                        "nostalgia",
                        "disappointment"
                  ],
                  "excerpt": "Est - ce à cause de ce titre d ' aïeule que tout enfant il avait appris à chérir , mais de Géry trouva à cette jeune fille une séduction inexprimable .Cela ne ressemblait pas au coup subit qu ' il avait reçu d ' une autre en plein cœur , à ce trouble où se mêlaient t ' envie de fuir , d ' échapper à une oossession , et la mélancolie persistante que laisse un lenjemain de fête , lustres éteints , refrains perdus , parfums envolés dans la nuit .Non , devant cette jeune fille debout ; urvei ! ! ant la table de famille , regardant si rien ne manquait , abaissant sur ces enfants , ses petits enfants , la tendresse active de ses yeux , il lui venait la tentation de la connaître , d ' être de ses amis depuis longtemps , de lui confier des choses qu ' il ne s ' avouait qu ' à lui - même , et quand elle lui offrit sa tasse sans mièvrerie mondaine ni gentillesse de salon , il aurait voulu dire comme les autres un « merci , Bonne Maman » ou il aurait mis tout son cœur .",
                  "id": "13",
                  "title": "Le nabab : roman de moeurs parisiennes / Alphonse Daudet ; ill. de Renefer"
            },
            {
                  "doc_url": "https://gallica.bnf.fr/ark:/12148/bpt6k97484400",
                  "emotions": [
                        "surprise",
                        "doubt",
                        "frustration"
                  ],
                  "excerpt": "Peste ! dis - je en moi - même , je m ' accommoderois volontiers de quelqu ' un de ces ragoûts qui prennent au nez ; je me contenterois même d ' y tremper les quatre doigts et le pouce .Mais quoi ! ne puis - je imaginer un moyen de goûter de ces bonnes viandes dont je ne fais que humer la fumée ? Pourquoi non ? cela ne paroît pas impossible .Je m ' échauffai l ' imagination là - dessus ; et , à force de rêver , il me vint dans l ' esprit une ruse que j ' employai sur - le - champ , et qui réussit .",
                  "id": "14",
                  "title": "Oeuvres de A.-René Le Sage.... Tome 3"
            },
            {
                  "doc_url": "https://gallica.bnf.fr/ark:/12148/bpt6k57221733",
                  "emotions": [
                        "surprise"
                  ],
                  "excerpt": "Je ne nie pas que ces derniers accidents ne puissent être dépendants d ' une manière absolue de la scrofule , mais je crois que bon nombre de cas doivent être rattachés à deux causes : la scrofule et la syphilis .Or , les scrofules de la peau dont je veux parler dans cet article ont quelque chose de tout à fait anormal à cette marche ; on n ' y trouve pas cette succession de phénomènes que je viens de signaler .Si cette affection naît à la tête , elle se montrera au cuir chevelu par des tumeurs beaucoup plus dures que les tumeurs gommeuses ; ces tumeurs seront multiples , indolentes , finiront par s ' abcéder ou donner naissance à des abcès fistuleux au fond desquels on sent un os nécrosé .",
                  "id": "15",
                  "title": "Traité pratique des maladies de la peau, par Alph. Devergie,..."
            },
            {
                  "doc_url": "https://gallica.bnf.fr/ark:/12148/bpt6k1309996",
                  "emotions": [
                        "admiration",
                        "surprise",
                        "doubt"
                  ],
                  "excerpt": "0 mon enfant , ne les crois pas ! L ' AME D ' UNE FLEUR .0 toi de mon humble fenêtre Charmant trésor mystérieux , Blanche fleur , qu ' un matin vit naître , N ' es - tu pas un rubis des cieux ? Quand le soleil qui te caresse Pénètre ton sein parfumé , Tu t ' inclines avec mollesse ! ..",
                  "id": "16",
                  "title": "Les Brises du soir, poésies par Louis Oppepin,... / [Préface d'Achille Millien.]"
            },
            {
                  "doc_url": "https://gallica.bnf.fr/ark:/12148/bpt6k1309996",
                  "emotions": [
                        "surprise",
                        "nostalgia"
                  ],
                  "excerpt": ".oh ! le vieillard y pense ! Enfants , saluez le vieillard ! Il eut vos jeux et votre ivresse , Votre inconstance et vos plaisirs ; Toutes les fleurs de la jeunesse : Rires , parfums et frais désirs ! Mais de ce magique miragé Il n ' est resté dans son regard Que le souvenir de votre âge ..",
                  "id": "17",
                  "title": "Les Brises du soir, poésies par Louis Oppepin,... / [Préface d'Achille Millien.]"
            },
            {
                  "doc_url": "https://gallica.bnf.fr/ark:/12148/bpt6k6438303r",
                  "emotions": [
                        "surprise",
                        "gratitude"
                  ],
                  "excerpt": "» Oui , voilà ce qu ' on dit à la Comédie - Française , hélas ! mais je ne suis pas guéri du tout , du tout .O Isoline de Montérubio ! Oh ! quel parfum de mousseline ! VIII G .F .",
                  "id": "18",
                  "title": "Parisienneries / Ernest d'Hervilly"
            },
            {
                  "doc_url": "https://gallica.bnf.fr/ark:/12148/bpt6k6438303r",
                  "emotions": [
                        "surprise",
                        "doubt"
                  ],
                  "excerpt": "Cette fois , c ' est un gant , un très petit gant , déchiré d ' ailleurs .A qui le gant ? Je ne sais pourquoi , il me semble que ce gant - là sent la rose - thé .Larose - thé de mademoiselle Luce .",
                  "id": "19",
                  "title": "Parisienneries / Ernest d'Hervilly"
            },
            {
                  "doc_url": "https://gallica.bnf.fr/ark:/12148/bpt6k6438303r",
                  "emotions": [
                        "surprise",
                        "grief",
                        "sadness",
                        "nostalgia",
                        "doubt",
                        "despair"
                  ],
                  "excerpt": "Je vois vaguement vos ravissants profils , mais ils me fuient ; déjà je ne vois plus leurs couleurs que comme celles des pastels pâlis du siècle des philosophes et des marquises .Qui étiez - vous ? ô belles oubliées ! Visions insaisissables , Eurydices qui vous évaporez quand je veux vous contempler nettement , Hélène , Héloïse , qui de vous deux m ' a laissé ce mouchoir parfumé ? Bast , faisons comme les veuves pauvres , dont les regrettés sont couchés , confondus , dans la fosse commune .Souvenons - nous , au hasard , au petit bonheur .",
                  "id": "20",
                  "title": "Parisienneries / Ernest d'Hervilly"
            }
      ]
}