{
      "articles": [
            {
                  "doc_url": "https://gallica.bnf.fr/ark:/12148/bpt6k209413k",
                  "emotions": [
                        "surprise"
                  ],
                  "excerpt": "J ' entrai d ' un pas distrait .Des flammes voltigeantes , Sous les cintres dorés , se poursuivaient changeantes ; Des jets d ' eau parfumés , arcs - en - ciel roses , bleus , Et courbant sur mon front leur éclat nébuleux , Dans des bassins d ' onyx , après l ' élan rapide , Retombaient divisés en poussière limpide .Sous des gazes d ' azur , partout demi - voilés , L ' amour entrelaçait les bronzes ciselés ; Et partout il semblait que des plafonds mauresques Raphaël , dans un rêve , eût dessiné les fresques .",
                  "id": "1",
                  "title": "La divine épopée / par Alexandre Soumet,..."
            },
            {
                  "doc_url": "https://gallica.bnf.fr/ark:/12148/bpt6k5494190f",
                  "emotions": [
                        "surprise"
                  ],
                  "excerpt": "A part le cri grêle , entrecoupé des coqs appelant le soleil , on n ' entend que son crissement et son toc , tac , en cadence , sur les taquets .A mi - chemin de la première bouée , au moment où la pulsation de la houle , si longue , si douce , si puissante , commence à soulever les plans lisses avec lès goémons qui flottent , un petit souffle nous arrive , chargé de l ' odeur des bois , — rien qu ' une imperceptible haleine , mais qui vient droit de l ' arrière .L ' homme rentre sa godille et ouvre la bouche : - — Toujours le même temps .",
                  "id": "2",
                  "title": "Revue des deux mondes : recueil de la politique, de l'administration et des moeurs"
            },
            {
                  "doc_url": "https://gallica.bnf.fr/ark:/12148/bpt6k57882128",
                  "emotions": [
                        "surprise"
                  ],
                  "excerpt": "— « Et qu ' est - ce que toute cette eau dont la cour est inondée ? » — « C ' est qu ' aujourd ' hui , comme tous lés huit jours , les Juifs ont fait leurs ablutions ordonnées par Moïse ; c ' est - à - dire qu ' ils ont tout lavé chez eux , plancher , meubles , ustensiles et personnes .» — « Comment , repris - je , tant se laver et sentir si mauvais ? » — « Oh ! ils font semblant ; ils passent de l ' eau sur tous les objets , et voilà tout .» Vous le voyez , mes enfants , tout se fait chez ces Juifs uniquement pour la forme .",
                  "id": "3",
                  "title": "Mon voyage en Algérie raconté à mes enfants (2e édition) / par Napoléon Roussel"
            },
            {
                  "doc_url": "https://gallica.bnf.fr/ark:/12148/bpt6k28680f",
                  "emotions": [
                        "surprise",
                        "fear",
                        "nervousness",
                        "embarrassment"
                  ],
                  "excerpt": "Le terrain , dur et argileux , n ' absorbait rien - tout se décomposait là .Affreuses s ' étendaient au loin les émanations .On couvrait ce trou de - planches ^ mais cela n ' empêchait pas que tout ce qui se trouvait sous le vent , de quelque côté qu ' il soufflât , ne sentit , à en vomir , cette odeur de pourriture .",
                  "id": "4",
                  "title": "De la mort apparente et des inhumations prématurées (2e édition, précédée d'une introduction) / par Gustave Le Bon,..."
            },
            {
                  "doc_url": "https://gallica.bnf.fr/ark:/12148/bd6t53809179",
                  "emotions": [
                        "surprise",
                        "grief",
                        "love",
                        "nostalgia",
                        "doubt"
                  ],
                  "excerpt": "VIH .O Ninette ! où sont - ils , belle muse adorée , Ces accents pleins d ’ amour , de charme et de terreur , Qui voltigeaient le soir sur ta lèvre inspirée , Comme un parfum léger sur l ’ aubépine en fleur ? Où vibre maintenant cette voix éplorée , Cette harpe vivante attachée à ton cœur ? IX .N ’ était - ce pas hier , fille joyeuse et folle , Que ta verve railleuse animait Corilla , Et que tu nous lançais avec la Rosina La roulade amoureuse et l ’ œillade espagnole ? Ces pleurs sur tes bras nus , quand tu chantais le Saule , N ’ était - ce pas hier , pâle Desdemona ? x .",
                  "id": "5",
                  "title": "Oeuvres complètes de Alfred de Musset, avec lettres inédites, variantes, notes, index, fac-simile : édition dédiée aux amis du poète. Tome 2 / ornée de 28 dessins de M. Bida et d'un portrait d'Alfred de Musset, d'après l'original de M. Landelle ; gravés sur acier sous la direction de M. Henriquel-Dupont par les premiers artistes ; notice biographique par son frère [Paul de Musset]"
            },
            {
                  "doc_url": "https://gallica.bnf.fr/ark:/12148/bpt6k6369762w",
                  "emotions": [
                        "admiration",
                        "surprise",
                        "excitement",
                        "pride"
                  ],
                  "excerpt": "Il saluait tout bas dans son âme éperdue Ces ténèbres du bord plus sombre qu ' un vieil if , Cette voix que jamais il n ' avait entendue .Il saluait cette onde à l ' étrange soupir , Cette fière Téthys qui semblait s ' assoupir : Ces échos du granit heurté par mille vagues ; Et cette âcre senteur des goémons , des algues ; Dans l ' infini profond ces feux qui flamboyaient , Et ces grands battements d ' ailes qui tournoyaient .Redoutable mystère , insondable merveille : Quand la terre s ' endort , c ' est l ' Océan qui veille ! Il frémit , il pleura ; sa main pressa ma main .",
                  "id": "6",
                  "title": "Les poésies parisiennes d'Emmanuel des Essarts (2e édition) / [signé : Alfred Des Essarts]"
            },
            {
                  "doc_url": "https://gallica.bnf.fr/ark:/12148/bpt6k14117805",
                  "emotions": [
                        "surprise",
                        "doubt",
                        "indifference"
                  ],
                  "excerpt": "— Penses - tu 1 — Pourquoi pas ? — Parce que je flaire quelque chose .— Quoi ? — Je n ’ en sais trop rien , mais ça ne sent pas bon i — Pourquoi que tu voudrais que l ' Halien nous laisse là dedans ? — Est - ce que je sais ? ..",
                  "id": "7",
                  "title": "Serrez vos rangs.... L'héroïsme de Mildah / Aristide Bruant"
            },
            {
                  "doc_url": "https://gallica.bnf.fr/ark:/12148/bpt6k61029480",
                  "emotions": [
                        "surprise",
                        "grief",
                        "fear",
                        "love",
                        "doubt"
                  ],
                  "excerpt": "tumés , n ' ont pas cessé d ' abreuver les pays situés en face de Moufadda * .ce Ce n ' est point par horreur de mon amour que Néwâr me fuit ; son démon l ' entraîne 2 , elle pour qui je donnerais ma vie ! « Le souffle embaumé du zéphyr , les effluves parfumés de la lavande 3 couverte de rosée , me rappellent son haleine .« Mais l ' homme qui cherche à séduire mon épouse est aussi insensé que celui qui courrait aux lions de Chéra 4 recevoir leur urine dans la main .",
                  "id": "8",
                  "title": "Divan de Ferázdak : récits de Mohammed-Ben-Habib d'après Ibn-el-Arabi, publié sur le manuscrit de Sainte-Sophie de Constantinople, avec une traduction française / par R. Boucher"
            },
            {
                  "doc_url": "https://gallica.bnf.fr/ark:/12148/bpt6k6225179h",
                  "emotions": [
                        "surprise",
                        "doubt"
                  ],
                  "excerpt": "On veut chercher le mieux , Dn a tort ; c ' est toujours l ' ennemi du bien .Qu ' arrfte - L - il alors ? c ' est que votre poularde ne sent que la truffe ; il n ' y a plus de ce mélange si suave de l ' odeur d ' une viande rôtie à point et de l ' odeur du tubercule par excellence .Coupez toujours vos truffes par bandes carrées de la largeur d ' une pièce de vingt sous , et ue les râpez pas comme on pourrait faire du chocolat .",
                  "id": "9",
                  "title": "Le cordon bleu : nouvelle cuisinière bourgeoise (4e édition, augmentée de nouveaux menus...) / rédigée et mise par ordre alphabétique par Mlle Marguerite"
            },
            {
                  "doc_url": "https://gallica.bnf.fr/ark:/12148/bpt6k55773893",
                  "emotions": [
                        "surprise",
                        "disgust",
                        "anger",
                        "doubt"
                  ],
                  "excerpt": "■ Quelle nuit ! quels rêves ! Un même Songe nous a tous quatre oppressés : une canonnade furieuse , feux de file , feux de peloton , coupés du crépitement rauque des mitrailleuses : d ' ennemis point , rien que des amis .Contre qui toute cette fusillade furieuse , enragée ? Au matin , la chambre ( ce n ' était donc point un rêve ? ) nous apparaît obscurcie par une fuméie épaisse et nauséabonde dont l ' odorat est saisi et qui nous fait pincer les narines .Tout bruit à cessé .",
                  "id": "10",
                  "title": "Le Véloce-sport : organe de la vélocipédie française"
            },
            {
                  "doc_url": "https://gallica.bnf.fr/ark:/12148/bpt6k5494190f",
                  "emotions": [
                        "surprise",
                        "doubt"
                  ],
                  "excerpt": "Une camarade m ' avait joué ce tour détestable , et , comme de juste , je le rendais à une autre .Me voilà à la porte , que faire ? La cuisine , cette pièce odorante et chaude , chatoyante de reflets de cuivre , m ' était interdite ; le vestibule ne me disait rien ; je le savais par coeur ; je connaissais tous les défauts des carreaux noirs et blancs ; dans l ' un , on retrouvait vaguement la France , dans un autre la silhouette à toque d ' un vieux juge , enfin chacun avait une physionomie particulière et me parlait .Ce jour - là ils étaient muets : j ' enfilai l ' escalier et j ' arrivai fièrement au premier étage où maman corrigeait des épreuves pour bon papa près de bonne maman qui tricotait .",
                  "id": "11",
                  "title": "Revue des deux mondes : recueil de la politique, de l'administration et des moeurs"
            },
            {
                  "doc_url": "https://gallica.bnf.fr/ark:/12148/bpt6k622963",
                  "emotions": [
                        "admiration",
                        "surprise",
                        "doubt"
                  ],
                  "excerpt": "' h ' s ' épanouir , de chanter , de dire que t ' ~ ternet est bon , que sa puissance est sans borne , qu ' it est te Créateur , qu ' il a tout bien fait , et de ) ui remettre son âme avec ses amours ! ( ~ hers visages de nos compagnons , que j ' ai d ' : ) is ) a vous voir ici , sous les couverts de ta toret , l ' aube .Les nobles ardeurs font du bien , n ' est ce pas , et le travail au fond des bois ? iSentc ! vous les fra ! ebes émanations ? avez - vous vu ) ' e neurir ! a pervenche ? Le bruit du pic , torsqu ' i trafic de sou hee un \\ ) eux u ' ouc .t avex - vous futeudu ? ~ àetia tond ' e un ~ tand ; quetque cem ' euit nventureux bondit sur m ' s tëtt ' s ; de loin , h ' s - onneries d ' Orbt ' nous envon ' nt t ' ht ' xrc .",
                  "id": "12",
                  "title": "Dans les prés et sous les bois / par l'auteur des \"Horizons prochains\" [Ctesse Ag. de Gasparin]..."
            },
            {
                  "doc_url": "https://gallica.bnf.fr/ark:/12148/bpt6k14954706",
                  "emotions": [
                        "surprise",
                        "fear",
                        "nostalgia",
                        "gratitude",
                        "doubt",
                        "nervousness"
                  ],
                  "excerpt": "Et quand , dans les jardins , je veux cueillir la rose , Je barbotte comme un canard .Où donc es - tu , beau mois des senteurs enivrantes , Mois du soleil , des fleurs et des folles amantes , Où l ’ on peut aimer en plein air , Où l ' amour , dans les bois , va bâtir ses alcôves , Où les occasions semblent n ’ être plus chauves , Qu ’ as tu donc fait tout cet hiver ? Peut être qu ’ en ces temps où changent toutes choses , Où maires et préfets vivent comme les roses , L ' espace d ’ un matin , Tu crains de revenir affronter nos suffrages .Va .",
                  "id": "13",
                  "title": "Le Furet nîmois : journal artistique et littéraire... [\"puis\" journal satirique, mondain, théâtral, tauromachique]"
            },
            {
                  "doc_url": "https://gallica.bnf.fr/ark:/12148/bpt6k6566987z",
                  "emotions": [
                        "surprise"
                  ],
                  "excerpt": "Oui , ce parfum , si fort qu ' on semble le toucher C ' est vainement qu ' on le distille : Au fond de l ' alambic rien ne peut attacher Son essence trop volatile .Des plus fines senteurs le secret se surprend , Cependant jusqu ' ici personne N ' a fixé du Lilas le principe odorant , Et nul flacon ne l ' emprisonne ! .Tel est parfois l ' amour , chère âme , — violent , Mais composé d ' une substance Si rare , qu ' on perdrait ses peines en voulant Le faire entrer dans une stance ; Et tout verbe terrestre est impuissant , fût - il Enchâssé dans l ' or de la rime , A tenir enfermé cet arome subtil : Vous le sentez , rien ne l ' exprime ! h : B L ' Œ ILLET Un œillet était dans un coin , Et , l ' ayant aperçu de loin , Je fus auprès du solitaire .",
                  "id": "14",
                  "title": "Ce que disent les fleurs : poésies / de Louis Legendre ; préface de Ludovic Halévy ; aquarelles de Firmin Bouisset"
            },
            {
                  "doc_url": "https://gallica.bnf.fr/ark:/12148/bpt6k5781018w",
                  "emotions": [
                        "surprise"
                  ],
                  "excerpt": "LA FORÊT DE RENNES .4 îl — Quelle étrange odeur ! dit - elle après quelques secondes de silence , pendant lesquelles son oeil n ' avait point cherché Didier .— Il règne ici une atmosphère qui suffoque .",
                  "id": "15",
                  "title": "La Forêt de Rennes, par Paul Féval (Sir Francis Trolopp). [Le Banquier de cire.]. Tome 3"
            },
            {
                  "doc_url": "https://gallica.bnf.fr/ark:/12148/bpt6k6399658g",
                  "emotions": [
                        "surprise"
                  ],
                  "excerpt": "Certains fruits , arrivés à maturité , respirent également en donnant naissance à des éthers particuliers : telles sont les poires , les pommes , les oranges , etc .Quand nous entrons dans un fruitier , notre odorat est surpris par cet arome particulier ; l ' air que l ' on y respire est malsain ; les mêmes effets occasionnés par les fleurs pourraient se produire .Connaissant les causes qui président à ces différents phénomènes , sachons donc éviter les accidents occasionnés par l ' ignorance .",
                  "id": "16",
                  "title": "Flore des serres et des jardins de l'Europe, ou Descriptions et figures des plantes les plus rares et les plus méritantes, nouvellement introduites sur le continent et en Angleterre : et extraites notamment des Botanical magazine, Botanical register, Paxton's magazine of botany, etc., etc., etc. : ouvrage publié en allemand, en français et en anglais, enrichi de notices historiques, scientifiques, étymologiques, synonymiques, horticulturales etc. / et rédigée par M. Ch. Lemaire,... M. Scheidweiler,... M. L. Van Houtte,..."
            },
            {
                  "doc_url": "https://gallica.bnf.fr/ark:/12148/bpt6k5494190f",
                  "emotions": [
                        "surprise",
                        "sadness",
                        "nostalgia",
                        "embarrassment"
                  ],
                  "excerpt": "roulait de droite et de ' gauche de grands yeux étonnés .Quand il en surprenait l ' expression , Pierre , apitoyé , lui disait : — Oh ! ma petite gazelle , retournons aux pays lumineux et aromatiques .Parle ! Tu es exaucée d ' avance .",
                  "id": "17",
                  "title": "Revue des deux mondes : recueil de la politique, de l'administration et des moeurs"
            },
            {
                  "doc_url": "https://gallica.bnf.fr/ark:/12148/bpt6k5425528v",
                  "emotions": [
                        "surprise",
                        "disgust",
                        "fear",
                        "pain",
                        "embarrassment"
                  ],
                  "excerpt": "ment , à vous , qui n ' aurez pas partagé leur manie , les habits , les cheveux , la barbe surtout , seront imprégnés de l ' odeur du tabac laquelle se répandra au loin et infectera les personnes que vous irez ensuite visiter .Une haleine fétide s ' échappe de la bouche du fumeur , et ses dents deviennent à la longue jaunâtres et déchaussées .Le professeur Roux a publié un travail intéressant , fondé sur l ' observation de beaucoup de faits , d ' après lequel l ' habitude de la pipe était une cause fréquente du cancer des lèvres .",
                  "id": "18",
                  "title": "Clinique médico-chirurgicale de la ville, par P.-A. Piorry,... Résumé et exposition de la doctrine et de la nomenclature organo-pathologique. Histoire de la démission de M. Piorry... Note sur les concours. Observations et réflexions cliniques"
            },
            {
                  "doc_url": "https://gallica.bnf.fr/ark:/12148/bpt6k5813058b",
                  "emotions": [
                        "surprise",
                        "envy"
                  ],
                  "excerpt": "On avait déjà remarqué cette particularité durant sa vie .Un petit garçon que la Mère avait béni disait : Que les mains dccctfesaîntc sentent bon ! Un religieux , Yépès , qui fut plus tard évêque et historien de la Sainte , s ' aperce vaut de cette odeur suave , fut scandalisé , supposant que la Mère usait de parfums , mais il fut détrompé par Anne de Saint - Barthélémy qui lui assura que Thérèse , loin d ' aimer les parfums , en était iiiconi * ' mddéc : elle - même avait souvent constaté celte odeur extraordinaire depuis que ' la .Mère , s ' étaut brisé l ' épaule dans une chute qu ' elle fit , avait besoin du secours de sa fidèle compagne .",
                  "id": "19",
                  "title": "Vie populaire de la grande sainte Thérèse de Jésus / par l'abbé Marie-Joseph,..."
            },
            {
                  "doc_url": "https://gallica.bnf.fr/ark:/12148/bpt6k5781018w",
                  "emotions": [
                        "surprise",
                        "doubt"
                  ],
                  "excerpt": "Cela dura dix minutes environ .Au bout de ce temps , Vaunoy entendit un bruit de voix confuses , et une forte odeur de tabac et d * eau - de - vie le saisit à la gorge .On lui arracha son bandeau .",
                  "id": "20",
                  "title": "La Forêt de Rennes, par Paul Féval (Sir Francis Trolopp). [Le Banquier de cire.]. Tome 3"
            }
      ]
}