{
      "articles": [
            {
                  "doc_url": "https://gallica.bnf.fr/ark:/12148/bpt6k64226d",
                  "emotions": [
                        "surprise",
                        "fear",
                        "nervousness"
                  ],
                  "excerpt": "C < ! n ' < ! ( a < t pas < o Don Juan du l ' un ou de t ' MUtt ' c , si gt ' and que vousostitnicx l ' un , si vasto que vous regardiez l ' autre c ' était DON JUAN I Un demi - dieu ? rien moins un homme En te contemplant dans sa beauté aussi bien que dans sa misère , je compris mon émotion de tout à l ' heure , qui était un pressentiment .Comme les animaux s ' inquiètent aux bruits , aux longueurs , aux senteurs qui précèdent forage dans l ' atmosphère et t ' approche du lion sur la terre Ainsi j avais frém ! en sentant ce simoun des poésies modernes , ! e lion , le vrai lion , mieux que cela , le héros du mai de l ' impudence et de l ' imprudence ; l ' apôtre et par contre la victime du blasphème qui est l ' union maudite de la force et de la faiblesse .Je Favais senti , lui , ! e pillard et le ravageur , ie bandit qui va rôdant autour d ~ s familles , et ce fut un grand coup quand je le reconnus , là , devant moi , insouciant , charmant , rayonnant ! a bonne humeur des nobles casernes , avec ses ! & vres sensuelles et son front de soudard qui fuyait sous les boucles de ses cheveux effé - BMnës .",
                  "id": "1",
                  "title": "La fabrique de crimes / Paul Féval. [Le Lunatic-club] / [par Paul Féval fils]"
            },
            {
                  "doc_url": "https://gallica.bnf.fr/ark:/12148/bpt6k688021",
                  "emotions": [
                        "surprise",
                        "fear",
                        "doubt",
                        "nervousness",
                        "curiosity"
                  ],
                  "excerpt": "Pour douce et expulse qu ' elle fût , elle ne l ' était pas autant que de coutume , l ' odeur de fraîche haleine que je sentais venir au - devant de mon souille , en approchant ma bouche de l ' adorable bouche , seuil rose du seul paradis qui tente mes désirs pèlerins .Par quel cruel miracle étiez - vous moins déli - creusement aromat , poupin calice de jeune chair ? je m ' étonnais , je m ' inquiétais .Mais je souris , ayant vu que ma mignonne , par jeu , s ' était mis une rosé entre les dents et c ' était une fleur véritaMe que j ' avais respirée en approchant ma bouche de l ' adorable bouche .",
                  "id": "2",
                  "title": "Le confessionnal : contes chuchotés / par Catulle Mendès"
            },
            {
                  "doc_url": "https://gallica.bnf.fr/ark:/12148/bpt6k688021",
                  "emotions": [
                        "surprise",
                        "disgust",
                        "fear",
                        "greed",
                        "doubt"
                  ],
                  "excerpt": "Quel pacte donc , jadis , au commencement do la Vie , fut conclu entre les deux éternels rois de la création ? Ah monstrueux et délicieux hymen du lit et de la tombe ! Quel indéchirable lien vous unit l ' un & l ' autre , vous oblige à une effrayante fraternité , toi , l ' Amour , et toi , la Mort ? Ils s ' attirent l ' un l ' autre , celui par qu i tout existe , celle par qui tout cesse .Quoi ? vous n ' avez pas horreur , toi , d ' elle , toi , de lui ? Vous pouvez joindre , vous joignez , en une épouvantable floraison de délices , vos roses et vos asphodèles ? L ' odeur qui sort des sépulcres éveille irrésistiblement la convoitise du parfum qui monte des couches ? Ah ! 1 cela est vrai .La grimace des têtes de mort invi te aux passionnés rictus , les immobiles lèvres consentent le frémissement du baiser .",
                  "id": "3",
                  "title": "Le confessionnal : contes chuchotés / par Catulle Mendès"
            },
            {
                  "doc_url": "https://gallica.bnf.fr/ark:/12148/bpt6k688021",
                  "emotions": [
                        "surprise"
                  ],
                  "excerpt": "Les courtisans luisants de satin et de pierreries adorent non sans trop de ferveur leur jolie souveraine , et les dames , les yeux baissés , lisent des billets doux entre les pages des livres d ' Heures , tandis que , devant l ' auto , In petit ahbé frais et rose , pareil à un Amour qui aurait caché sous la chasuble ses ailes , dit la messe aussi dévotement que possible dans la chapelle de Sa Majesté .Cependant la cérémonie va finir et l ' officiant s ' est tourné vers l ' assemblée mais , alors , le parfum qui émane du corsage de la reine lui monte à la tête comme un étrange encens il se trouble , oublie le sexe de la divinité qu ' il sert , et : « Domina vobiscum » dit - il les narines battantes .II s ' épouvante , il s ' attend à des huées ! mais Sa Majesté a souri , et les courtisans approuvent des regards et du geste le petit abbé frais et rose , pareil à un Amour qui aurait caché sous la chasuble ses ailes .",
                  "id": "4",
                  "title": "Le confessionnal : contes chuchotés / par Catulle Mendès"
            },
            {
                  "doc_url": "https://gallica.bnf.fr/ark:/12148/bpt6k688021",
                  "emotions": [
                        "surprise",
                        "nostalgia",
                        "doubt",
                        "curiosity"
                  ],
                  "excerpt": "ot des veloutines au santal , qui vous la d ~ M ~ ? demandai - je à Colette ; on dirait qu ' on Fi J ' un duvet de cygne d ' or ou de mille petits cha ~ ~ ux roux recroquevilles en boucles .C ' est Lila , répondit Colette , qui , des pays d ' Orient , ou sa grâce parisienne émerveille les pachas et les khédives , m ' envoya , ~ n souvenir fidèle , cette houppe étrange , non pas blanche , mais couleur de safran , où persiste un autre parfum que celui des poudres de rixà l ' opopanax et des veloutines au santal .« Car la mode est si singulière en ces lointaines contrées que les amants n ' y sauraient souffrir le touffu mystère où se voilent d ' une pudeur d ' ombre les consentements suprêmes 1 » Ainsi parla Colette et depuis , à l ' heure du maquillage , je n ' ai jamais pu sans quelque jalouse songerie voir s ' attarder sur sa joue , ou trop près de sa bouche odorante , cette houppe étrange , non pas blanche , mais couleur de safran , ou persiste un autre parfum .",
                  "id": "5",
                  "title": "Le confessionnal : contes chuchotés / par Catulle Mendès"
            },
            {
                  "doc_url": "https://gallica.bnf.fr/ark:/12148/bpt6k659137",
                  "emotions": [
                        "admiration",
                        "surprise",
                        "joy",
                        "excitement",
                        "curiosity",
                        "approval"
                  ],
                  "excerpt": "Elle se débarrassa de son châle et montra une taille ronde et souple enserrée dans la basquine de satin cerise , des épaules potelées , des bras merveilleux ; sous le jupon coun garni de pampilles , la jambe se cambrait dans un bas de soie brodé d ' or .Oh oh ! s ' écria Pignerolles de nouveau intéressé , voilà une vraie femme ! 1 Et de fait , de toute la personne de la danseuse au repos se dégageait comme un parfum de beau fruit bien savoureux , bien à point , un de ces fruits qui fondent dans la bouche en chatouillant toutes les papilles par la plus exquise sensation .La toile se leva ; les mandolinistes se rangèrent en bataille devant la maisonnette , et la danseuse , la toque de velours sur l ' oreille , le poing sur la hanche , se campa toute droite devant le public , déjà séduit par cette gracieuse apparition .",
                  "id": "6",
                  "title": "Un peu ! Beaucoup ! ! Passionnément ! ! ! (3e édition) / Richard O'Monroy"
            },
            {
                  "doc_url": "https://gallica.bnf.fr/ark:/12148/bpt6k58374469",
                  "emotions": [
                        "surprise",
                        "frustration"
                  ],
                  "excerpt": "que j ' avais traité avec le plus grand succès pour des symptômes : gastriques , inutilement combattus auparavant par diverses médications , et en dernier lieu par celle de Raspail , me demanda , en prenant congé de moi et en me remerciant de mes soins , s ' il ferait bien de continuer à humer des cigarettes de camphre .Le mot « continuer » me causa une surprise qui augmenta quand j ' appris de ce jeune homme que depuis environ deux mois qu ' il était enh ' e mes mains , il n ' avait cessé de humer , pendant une partie de la journée , du camphre dans un tuyau de plume ; et cependant la noix vomique , la bryone , le thuia et les autres médicaments que je lui avais prescrits n ' avaient manqué de produire aucun des bons effets que j ' avais attendus ' de chacun d ' eux .Fallait - il en conclure que c ' était le camphre qui l ' avait guéri ? .",
                  "id": "7",
                  "title": "De la combinaison de l'homoepathie avec les autres méthodes de traitement : mémoire lu au Congrès homoeopathique de 1867 / par le Dr. J. Perry"
            },
            {
                  "doc_url": "https://gallica.bnf.fr/ark:/12148/bpt6k204313w",
                  "emotions": [
                        "surprise",
                        "doubt",
                        "embarrassment"
                  ],
                  "excerpt": "La porte de la chaumière s ' entr ' ouvre , et Giselle s ' élance preste et joyeuse comme tous les cœurs purs .Que peut faire une jeune fille éveillée si matin , dans les rougeurs et les parfums de l ' aurore ? Prendre une corbeille et une serpette , et s ' en aller à la vendange .Si vous croyez cela , vous ne connaissez guère le cœur des jeunes filles son amant est là alerte et dispos au risque de faire tomber la rosée des fleurs , .",
                  "id": "8",
                  "title": "Souvenirs de théâtre, d'art et de critique / Théophile Gautier"
            },
            {
                  "doc_url": "https://gallica.bnf.fr/ark:/12148/bpt6k5657211g",
                  "emotions": [
                        "surprise",
                        "nostalgia",
                        "doubt",
                        "curiosity"
                  ],
                  "excerpt": "— Oui , Mistress , reprit John , et , si les devoirs cle sa charge ne l ' eussent retenu , il serait venu avec moi .Ah ça ! continua - t - il en s ' adressant à Noll , qui plaçait devant lui une lasse de thé , au parfum cher à tout Breton , il va vous falloir renoncer au clair de lune , à la flûte , à la liberté , au grand air ! — Pourquoi ? demanda Olivier en se rapprochant de sa mère .— Pourquoi ? mon jeune maître , parce qu ' avec la permission de votre mère je vous emmènerai à Edgevorth - Tov / n , où vous ferez vos études sous les yeux de M .",
                  "id": "9",
                  "title": "Vouloir c'est pouvoir (Nouvelle édition, illustrée de 50 compositions) / par Mlle Émilie Carpentier"
            },
            {
                  "doc_url": "https://gallica.bnf.fr/ark:/12148/bpt6k65401819",
                  "emotions": [
                        "surprise",
                        "annoyance",
                        "disapproval"
                  ],
                  "excerpt": "Santje lui glissa des doigts et répondit : — Quand vous pèserez vos deux cents livres , comme un beau cochon de Noël , Scorniciel .Jan Slim rentra là dessus et , flairant une odeur de café , s ' en alla à la cafetière , leva le couvercle et gronda : — Il y a plus de café que de chicorée .La nuit tomba et la cloche sonna pour les vêpres .",
                  "id": "10",
                  "title": "Un coin de village / par Camille Lemonnier"
            },
            {
                  "doc_url": "https://gallica.bnf.fr/ark:/12148/bpt6k5563982r",
                  "emotions": [
                        "surprise",
                        "joy",
                        "amusement"
                  ],
                  "excerpt": "En parlant ainsi , je saisis un linge de toile qui trempait dans un sceau d ' eau glacée , et , prestement , je l ' enroulai trois fois autour du cou du valet - de - ville qui , se croyant décapité , tomba évanoui dans mes bras .Je lui fis reprendre connaissance à l ' aide d ' un vinaigre aromatique et lui dis en riant : — Eh bien , mon enfant , que t ' en semble ? — Jamais , mon bon maître , répondit Farnet , je LE SUPPLICE DU BOURREAU 65 n ' aurais cru qu ' on est ainsi quand on meurt1 .» La scène se passait dans mon cabinet de chirurgiendentiste , près du marché .",
                  "id": "11",
                  "title": "Le Supplice du bourreau, sombre récit, par Alfred de Bougy"
            },
            {
                  "doc_url": "https://gallica.bnf.fr/ark:/12148/bd6t5379270s",
                  "emotions": [
                        "surprise"
                  ],
                  "excerpt": "Je vais énumérer ceux que j ’ ai pu déterminer et qui sont naturellement les plus nombreux , mais probablement les moins intéressants .Citons d ’ abord , comme vue d ’ ensemble , un gros carabe , de 3 centimètres de long , noir , avec des taches blanches sur le corselet et les élytres ; des cicindelles puantes , des bousiers agiles et âpres à la curée des matières fécales ; des hannetons jaunes et cotonneux ; des charençons verruqueux ; tout cela grouille dans les sables , tandis que , dans les oasis , les cocinelles orangées éloilent les rosiers , tandis que les vers luisants scintillent sous les herbes .Voici quelques noms scientifiques de coléoptères : Scarabés : A tenchus sacer des Egyptiens .",
                  "id": "12",
                  "title": "Bulletin de la Société de climatologie algérienne"
            },
            {
                  "doc_url": "https://gallica.bnf.fr/ark:/12148/bpt6k9625946g",
                  "emotions": [
                        "surprise",
                        "grief"
                  ],
                  "excerpt": "J ' ai bouché mes narines , et ~ té à ma bouche un tuyau un peu fi , traversant la fenêtre , me la respirer l ' air extérieur .Eh es vents , après une heure de mans une petite salle de disseccôté de deux cadavres très - fétides , Ift enté une odeur à peu près sembla leur .J ' ai observé aussi qu ' en long - temps les matières fétides , se pénètrent bien plus d ' odeur , journant seulement dans un air Ri ' exhalaisons cadavéreuses .",
                  "id": "13",
                  "title": "Anatomie générale de Xavier Bichat / [publiée par les soins de MM. les Drs Serres, Gerdy et Huguier]"
            },
            {
                  "doc_url": "https://gallica.bnf.fr/ark:/12148/bpt6k146831p",
                  "emotions": [
                        "surprise"
                  ],
                  "excerpt": "Une cheminée fut renversée , une partie du toit abattu , la laiterie convertie en un monceau de ruines , toutes les fenêtres brisées .Le choc du bolide contre la maison le fit éclater avec grand bruit ; il se répandit aussitôt une forte odeur de soufre .On trouva ensuite une quantité de pierres métalliques dont la surface , de couleur foncée , était lisse et presque polie comme du métal en fusion .",
                  "id": "14",
                  "title": "Les Cent merveilles de la nature, par M. de Marlès. 2e édition"
            },
            {
                  "doc_url": "https://gallica.bnf.fr/ark:/12148/bpt6k7124803f",
                  "emotions": [
                        "surprise"
                  ],
                  "excerpt": "C ’ est que rien n ’ identifie mieux une femme que son parfum .Ce sillage odorant qu ’ elle laisse derrière soi , on oublie qu ’ il est artificiel et lorsqu ’ un de ses gestes surprend notre odorat d ’ une impression nouvelle , nous en sommes aussi bouleversés que devant une rose qui sentirait le lilas , ou du muguet qui sentirait l ’ iris .Nous avons raison d ’ être intrigués .",
                  "id": "15",
                  "title": "Revue des marques de la parfumerie et de la savonnerie"
            },
            {
                  "doc_url": "https://gallica.bnf.fr/ark:/12148/bpt6k5706669m",
                  "emotions": [
                        "surprise",
                        "fear",
                        "pain",
                        "embarrassment"
                  ],
                  "excerpt": "méléorlsme ; leur ventre est sonore , distendu , et refoule le diaphragme dans la poitrine .La respiration , devient alors gênée , haletante , le malade est très affaissé .C ' est que les intestins Sont distendus par des gaz .",
                  "id": "16",
                  "title": "Premiers soins aux malades et aux blessés : prophylaxie et hygiène infantiles / Mme Gross-Droz"
            },
            {
                  "doc_url": "https://gallica.bnf.fr/ark:/12148/bpt6k5807926f",
                  "emotions": [
                        "surprise",
                        "doubt"
                  ],
                  "excerpt": "C ' est une plante à racine fibreuse , à tiges nues , rameuses , droites , diffuses , hautes de4à 5 décimètres ; feuilles glabres , pinnées ( tripinnées ) , à découpures capillaires ; fleurs nombreuses , blanches , à disque jaune et encorymbes ; calice hémisphérique , imbriqué , scafieux ; réceptacle nu , coniqne ; rayons ouverts ; écailles du calice égales par la marge ; graines ovoïdes , fines , sans aigrette .Souvent ■ onles confond avec la camomille romaine , Anthémis nobilis , quise distingue de là camomille commune par sa lige vivace , son réceptacle paillacé , ses pédoncules creux , ses rayons recourbés et son odeur plus forte .On obtient la teinlure - mère en .",
                  "id": "17",
                  "title": "Nouvelle pharmacopée homoeopathique, ou de la Préparation des médicaments homoeopathiques et de l'administration des doses / par G. H. G. Jahr"
            },
            {
                  "doc_url": "https://gallica.bnf.fr/ark:/12148/bpt6k3040154k",
                  "emotions": [
                        "surprise"
                  ],
                  "excerpt": "Ce n ’ eft pas tout : il y a des hommes qui ont la même fagacité que les chiens , & vous fuivront comme eux une perfonne à la pille .Cela ne vous paroit pas autrement extraordinaire aux Indes , où l ’ on voit quelquefois de ces fortes de gens , qui ont apparemment l ’ organe de l ’ odorat femblable , ou analogue à .celui de ces animaux .",
                  "id": "18",
                  "title": "Les botaniques, ou Les parties de plaisir des étudiants en médecine de l'Université de Pau, dans la recherche des plantes . Ouvrage utile à toutes sortes de personnes. Par M***,..."
            },
            {
                  "doc_url": "https://gallica.bnf.fr/ark:/12148/bpt6k58467751",
                  "emotions": [
                        "surprise",
                        "grief",
                        "doubt",
                        "embarrassment",
                        "disappointment"
                  ],
                  "excerpt": "Puis les mondes , lancés dans l ' espace sans fin , L ' ayant ouï chanter , ne purent plus le taire ; L ' homme l ' apprit ainsi ; puis l ' homme l ' oublia : Pécheur , il le perdit dans un honteux délire .Confus , il n ' osa plus lever les yeux , ni dire Alléluia t Alléluia ! tombé de la sainte demeure , Ce mot brûlait la lèvre et le coeur de l ' ingrat : Adam avait perdu le céleste odorat , Le goût des dons sacrés , leur sève intérieure .Ah ! que de pleurs amers le rebelle essuya ! 11 trouvait des tourments dans tout ce qui console Il ne savourait plus l ' angélique parole : Alléluia ! - GO - Un homme vint un jour .",
                  "id": "19",
                  "title": "Les Échos de ma lyre, par A. Devoille..."
            },
            {
                  "doc_url": "https://gallica.bnf.fr/ark:/12148/bpt6k54579330",
                  "emotions": [
                        "surprise",
                        "doubt"
                  ],
                  "excerpt": "Des hommes à grand renom , pour se singulariser , franchirent la borne du vrai et du naturel , et le monde , entraîné par leur exemple , la franchit à pieds joints .Mais qu ' ont - ils trouvé là - bas ? de la fumée au lieu de feu , une laide et fausse nature , un ciel sans robe bleue , un soleil sans chaleur , de gros épis sans blé et des fleurs suaves sans parfums .Aussi , voyez la foule ! elle rentre dans la véritable voie .",
                  "id": "20",
                  "title": "Le Troubadour moderne, ou Poésies populaires de nos provinces méridionales, traduites en français et précédées d'un discours sur la langue et la littérature provençales depuis leur origine jusqu'à nos jours, par M. Cabrié,..."
            }
      ]
}