{
      "articles": [
            {
                  "doc_url": "https://gallica.bnf.fr/ark:/12148/bpt6k285162",
                  "emotions": [
                        "surprise",
                        "doubt",
                        "curiosity"
                  ],
                  "excerpt": "au milieu d ' elles et qui attire les insectes , ce qui assure la bonne fécondation croisée par le transport des pollens , est une qualité éminemment favorable que la sélection naturelle a dû propager .Comment donc y a - t - il encore des châtaigniers , des chênes , des blés et des avoines ? Pourquoi dans les midis d ' été les murs couverts de lierre paraissent - ils tout entiers chantants , tant ils sont remplis par le bourdonnement des abeilles ? Pourquoi ces ~ insectes y sont - ils dix fois plus pressés que dans la même surface du pré le plus - Heuri ? Les parfums et l ' odorat devraient - ils être mis en ' € ause ? C ' est probable .La thèse de la sélection naturellè pourrait dans cette nouvelle voie marcher de son même pas assuré .",
                  "id": "1",
                  "title": "Force et cause / Frédéric Houssay,..."
            },
            {
                  "doc_url": "https://gallica.bnf.fr/ark:/12148/bpt6k285162",
                  "emotions": [
                        "surprise",
                        "curiosity"
                  ],
                  "excerpt": "Les fruits plus charnus , poires , pommes , raisins , dattes , cerises étalés au soleil sur le sable arrivent aussi à se dessécher et se prêtent à la conservation mais , réunis en tas , ils se gâtent rapidement .Si cependant , par un hasard facile à imaginer , un de ces amoncellements se trouve fait dans une dépression étanche , un creux dans un rocher non Qssuré , une fosse dans un banc d ' argile , le jus qui ne s ' écoule pas fermente et donne une des innombrables boissons alcooliques : vin , cidre , arak , kirsch , dont l ' odeur dé fruit excite encore l ' appétit et dont l ' ingestion enivre .Le goût pour ces boissons est très développé chez les singes et tout porte à croire que leur découverte est une des plus anciennes que l ' homme fit .",
                  "id": "2",
                  "title": "Force et cause / Frédéric Houssay,..."
            },
            {
                  "doc_url": "https://gallica.bnf.fr/ark:/12148/bpt6k6209916f",
                  "emotions": [
                        "surprise",
                        "joy",
                        "grief",
                        "nostalgia",
                        "gratitude"
                  ],
                  "excerpt": "— et je t ' écoutais — « Le jour s ' ouvre comme un portail sur le jardin des heures à vivre ; c ' est calme et tiède comme un mail , ardent et pur comme un beau livre ; le vent fait mobile l ' espace , le ciel , là - haut , mire la mer ; que si ton âme n ' est pas lasse , si ta lèvre n ' est pas amère , tout est pour toi , rayons et roses , corolles d ' or , claires ombelles , ô Pensée amoureuse des choses ; t Mais les fleurs ne se tendent qu ' aux mains éprises 611 A LORS j ' ai baisé sur la bouche ta gloire aux lèvres humides du baiser fécond et farouche d ' Amathonte et de Cnide , Heure d ' or ! qui , posant de tes mains sur mes tempes en fièvre ton diadème de jasmin , offrais à mes lèvres tes lèvres .Voix claire et parfaite et rieuse , musique et rayon et parfum , je t ' écoute , en cette ombre d ' yeuses , me redire des rêves défunts ; bien que j ' ouvre les yeux et m ' éveille aux bruits d ' une vaine journée , mon rêve à jamais s ' émerveille : comme d ' une fleur donnée par quelque main qui dans l ' ombre fut tiède et légère en la mienne .Bouquetière , m ' as - tu apporté d ' outre - tombe une asphodèle élyséenne ? N ' importe ! j ' en garde le trophée et je retrouve tes paroles , cependant que tes doigts de fée tressent dans l ' ombre des corolles : « Il n ' est pas pour tous , le Poème virtuel et joyeux des saisons qui courbent en diadème la floraison des horizons ; et n ' est vive que l ' âme qui porte en soi l ' ardeur du rêve qui la crée : chacun doit mériter sa joie , la vie est banale et sacrée ; mais l ' Heure dieudonnée est exigeante et belle : Elle ne tend ses fleurs qu ' aux mains éprises d ' elle .",
                  "id": "3",
                  "title": "Voix d'Ionie ; précédées de quelques poèmes (2e édition) / Francis Vielé-Griffin"
            },
            {
                  "doc_url": "https://gallica.bnf.fr/ark:/12148/bpt6k6209916f",
                  "emotions": [
                        "surprise",
                        "joy",
                        "nostalgia",
                        "excitement",
                        "pride"
                  ],
                  "excerpt": "Il m ' a maudit .DOEG Ah ! qu ' il nous verse en parfum sur nos tempes les gouttes fraîches que sa main secoue ! SAUL et , quand , d ' un bras trop ferme encore , il frappe Agag , au seuil même de ma tente , devant mon peuple que sa rage démoralise ; il narguait mon refus d ' être un bourreau ! .là j ' ai péché encore .",
                  "id": "4",
                  "title": "Voix d'Ionie ; précédées de quelques poèmes (2e édition) / Francis Vielé-Griffin"
            },
            {
                  "doc_url": "https://gallica.bnf.fr/ark:/12148/bpt6k5745741p",
                  "emotions": [
                        "surprise",
                        "doubt",
                        "curiosity"
                  ],
                  "excerpt": "MÉLISSINDE , souriant el lui tendant son poignet auquel pendent des bottes 4 parfums .Ce parfum est - il ce parfum oriental , Cet ambre auquel s ' ajoute un soupçon de santal , Et que je porte au bras dans ces toutes petites Cassolelles d ' or fin ? ( Bertrand s ' agenouille et baise la main .) • Est - il celui - là , — dites ? BERTRAND , d ' une voix un peu altérée .",
                  "id": "5",
                  "title": "La princesse lointaine : pièce en quatre actes, en vers... / Edmond Rostand"
            },
            {
                  "doc_url": "https://gallica.bnf.fr/ark:/12148/bpt6k938818m",
                  "emotions": [
                        "surprise",
                        "joy",
                        "optimism",
                        "nostalgia",
                        "excitement"
                  ],
                  "excerpt": "Et cet autre motif du printemps de la vie Où , pair deux cœurs divers , même route suivie Au Médecin du Pauvre amène , vers la ville , Avec des fleurs en mains , deux pauvres jeûnes filles .Avril exhalait ses parfums , Des jours nouveaux en fleur ornant les jours défunts ; Quand , soudain , son ciel bleu s ’ estompa de nuages Et , dès qu ’ un rayon d ’ or y filtrait , au passage .Sur les prés , les buissons , on voyait scintilleï Les diamants dont un orage Avait paré la terre en riche joallier .",
                  "id": "6",
                  "title": "Au pays de Jasmin. Les papillottes / Boyer d'Agen"
            },
            {
                  "doc_url": "https://gallica.bnf.fr/ark:/12148/bpt6k58079251",
                  "emotions": [
                        "surprise",
                        "love",
                        "nostalgia"
                  ],
                  "excerpt": "Peindre le fol enivrement qui s ' empara de moi à la vue du banc où je m ' étais assis près d ' elle , je ne l ' essaierai pas .Je me surpris portant à mes lèvres la main qui avait touché la sienne , comme si elle eût gardé le parfum qui s ' exhale de la femme aimée .Une voilure de poste arrivait au grand trot par l ' autre extrémité de l ' avenue .",
                  "id": "7",
                  "title": "Mémoires d'un prêtre. Tome 4"
            },
            {
                  "doc_url": "https://gallica.bnf.fr/ark:/12148/bpt6k6566535v",
                  "emotions": [
                        "surprise",
                        "doubt",
                        "curiosity"
                  ],
                  "excerpt": "Ma vieille y est enterrée d ' abord .Du temps que nous courions l ' Europe avec l ' empereur , monsieur Horace , quand elle voyait des pots de giroflées aux fenêtres elle me disait : « Sais - tu , Taberne ? le jour qu ' on nous mettra à la retraite faudra avoir un jardin tout bordé de giroflées ; ça embaume .» Je lui en ai mis sur sa tombe ; faut que je lui soigne son parterre .",
                  "id": "8",
                  "title": "Les Bardeur-Carbansane : histoire d'une famille pendant cent ans. 6 / par Jacques Naurouze"
            },
            {
                  "doc_url": "https://gallica.bnf.fr/ark:/12148/bpt6k9669048j",
                  "emotions": [
                        "surprise",
                        "doubt",
                        "curiosity"
                  ],
                  "excerpt": ".Qui vous dit , en effet , que , de cette fleur exotique , tout l ' arome ne vous est point resté aux doigts ? Il Passons au Jardin des Roses orientales .Ici , le ton change .",
                  "id": "9",
                  "title": "Les écrivains modernes de l'Allemagne / par H. Blaze de Bury"
            },
            {
                  "doc_url": "https://gallica.bnf.fr/ark:/12148/bpt6k9669048j",
                  "emotions": [
                        "surprise",
                        "pride",
                        "faith"
                  ],
                  "excerpt": "ciel , .et qui , seulement comprises de lui , s ' exhalent , comme dans la solitude d ' un cloître , du sein de ces éternelles cathédrales faites de glace et de granit .» Un soir qu ' ils étaient réunis autour de la lampe de famille , là conversation vint à rouler sur la Günderode .",
                  "id": "10",
                  "title": "Les écrivains modernes de l'Allemagne / par H. Blaze de Bury"
            },
            {
                  "doc_url": "https://gallica.bnf.fr/ark:/12148/bpt6k9669048j",
                  "emotions": [
                        "surprise",
                        "disgust",
                        "nervousness",
                        "embarrassment"
                  ],
                  "excerpt": "Il semble qu ' on ne saurait écrire et penser ainsi qu ' en Allemagne , au pays du Harz et de l ' Oder , de l ' Elbe , du Neckar et du Rhin , où tant de poésie riante et sombre se cache au cœur même de la nature : âpres forêts , pics sauvages , frais ruisseaux , édéniques vallons , où , tandis que le rossignol du printemps nouveau trille sa cadence au clair de ta lune , le ' passé balance gravement dans l ' air la cloche des souvenirs suspendue au donjon tapissé de lierre de quelque burg crau : \" lant du voisinage ! Vous errez dans la sapinière immense ; un daim effaré fuit à vos pieds ; au - dessus de votre tête , le pivert sculpte l ' arbre à coups de bec ; le chasseur passe , sa carabine en bandoulière , un rameau de hêtre à son chapeau .A cette vue , Arnim tressaille , et sa prose vous envoie soudain comme une mâle bouffée de cette senteur forestière dont la musique de Weber est si puissamment imprégnée .Ou bien nous sommes en automne , toute la matinée la pluie a battu les vitres du château , les marronniers jonchent de leurs fruits mûrs les allées du parc : vers midi perce un rayon de soleil , la fin du jour s ' annonce belle , vous croyez presque au retour de l ' été ; mais déjà la feuille a : pris ses teintes cuivrées , et les marbres silencieux , que ne protège plus l ' épaisseur des bosquets , vous montrent de toutes parts leur mélancolie ! — Encore une impression que nul n ' a jamais su rendre comme Arnim , surtout dans cet admirable martyrologe intitulé : Misère et grandeur , chute et repentir de la comtesse Dolorès .",
                  "id": "11",
                  "title": "Les écrivains modernes de l'Allemagne / par H. Blaze de Bury"
            },
            {
                  "doc_url": "https://gallica.bnf.fr/ark:/12148/bpt6k9669048j",
                  "emotions": [
                        "admiration",
                        "surprise",
                        "excitement",
                        "pride",
                        "nervousness"
                  ],
                  "excerpt": "N ' importe , l ' heure .est mystérieuse ; tant de parfums s ' exhalent de ces fleurs , tant de volupté nage dans l ' air ! Comment résister à l ' ivresse ? , Saintrée sent son cœur s ' énerver et se fondre , comme un [ baume précieux , sous l ' étreinte brûlante de Melûck , qui triomphe dans sa défaite .A dater de ce jour , une liaison s ' établit entre le jeune comte et la belle magicienne ; mais dans cet attachement , oùMeliïck se précipite avec toute la fougue orientalé de sa nature , dans cette passion qui la domine corps et âme sans réserve , et dont la fiévreuse ardeur la fait vivrè , Saintrée , lui , n ' a pu engager que la moitié de son être .",
                  "id": "12",
                  "title": "Les écrivains modernes de l'Allemagne / par H. Blaze de Bury"
            },
            {
                  "doc_url": "https://gallica.bnf.fr/ark:/12148/bpt6k5660304s",
                  "emotions": [
                        "surprise",
                        "faith"
                  ],
                  "excerpt": "Tout à coup Démian s ' arrêta devant moi et agita le bras .Je m ' approchai ; il se baissa et , étendant la main , murmura à mon oreille : — Voyez - vous ? la pie jacasse ; elle sent de loin l ' odeur de l ' ours .C ' est lui .",
                  "id": "13",
                  "title": "L'âme russe : contes choisis de Pouchkine, Gogol, Tourguénev, Dostoïevsky, Garchine, Léon Tolstoï / traduction de Léon Golschmann et Ernest Jaubert ; illustrations de M. Korochansky"
            },
            {
                  "doc_url": "https://gallica.bnf.fr/ark:/12148/bpt6k1269423g",
                  "emotions": [
                        "surprise",
                        "relief",
                        "doubt"
                  ],
                  "excerpt": "Se confondront pour nous et le bien et le mal Tu n ' as jamais compris ce qu ' on trouve de charmes A présenter son sein pour y cacher des larmes , 233 Viens , il est un bonheur que moi seul t ' apprendrai ; Tu m ' ouvriras ton âme , et je l ' y répandrai .Comme ! ' aube et la lune au couchant reposée Confondent leurs rayons , ou comme la rosée Dans une perle seule unit deux de ses pleurs 240 Pour s ' empreindre du baume exhalé par les fleurs , Comme un double flambeau réunit ses deux flammes , Non moins étroitement nous unirons nos âmes .— Je t ' aime et je descends .",
                  "id": "14",
                  "title": "Poèmes antiques et modernes / Alfred de Vigny ; édition critique publiée par Edmond Estève"
            },
            {
                  "doc_url": "https://gallica.bnf.fr/ark:/12148/bpt6k1269423g",
                  "emotions": [
                        "surprise",
                        "optimism",
                        "excitement",
                        "pride"
                  ],
                  "excerpt": ".S ' approche sans eflroi lentement étendu ; Sa bouche parfumée en s ' ouvrant semble éclore , Comme la jeune rose aux faveurs de l ' aurore , Quand le matin lui verse une iralche liqueur , joo lit qu ' un rayon du jour entre jusqu ' à son coeur .Elle parie , et sa voix dans un beau son rassemble Ce que les plus doux bruits auraient de grâce ensemble ; l ' It la Ivre accordée aux flûtes dans les bois , Et l ' oiseau qui se plaint pour la première fois , loi Ft la mer quand ses flots apportent sur la grève Les chants du soir aux pieds du voyageur qui rêve Et le vent qui se joue aux cloches des hameaux , Ou fait gémir les joii ( : à de la fuite des eaux : « Puisque vous êtes beau , vous êtes bon , sans doute ; ] ru » Car , sitôt que des Ci eux une âme prend la route , i ) Comme un saint vêtement , nous voyons sa bonté » Lui donner en entrant l ' éternelle beauté .",
                  "id": "15",
                  "title": "Poèmes antiques et modernes / Alfred de Vigny ; édition critique publiée par Edmond Estève"
            },
            {
                  "doc_url": "https://gallica.bnf.fr/ark:/12148/bpt6k96854680",
                  "emotions": [
                        "surprise",
                        "doubt"
                  ],
                  "excerpt": "Et l ' aubépine , donc , croyez - vous la débaptiser ? — Allons donc ! Tous les ans nos jeunes années refleurissent avec elle .Non , non , ce n ' est pas à un cratceyus oxyacantha que je me suis écorché les doigts un jour de mai , quand j ' avais vingt ans ; c ' est à une aubépine dont je savais alors où porter les branches parfumées .Et cette giroflée des murailles , dont les étoiles jaunes s ' épanouissaient dans les fentes des pierres du clocher de * * * ? Je veux bien quelquefois l ' appeler ravenelle avec mes Normands , parmi lesquels je suis aujourd ' hui ; mais je ne consens pas à l ' appeler cheiranthus cheiri .",
                  "id": "16",
                  "title": "Les fleurs / par Alphonse Karr"
            },
            {
                  "doc_url": "https://gallica.bnf.fr/ark:/12148/bpt6k96169119",
                  "emotions": [
                        "surprise",
                        "fear",
                        "doubt",
                        "nervousness",
                        "embarrassment"
                  ],
                  "excerpt": "Toute estrangeté et particularité en nos mœurs et conditions est évitable , comme ennemie de societé .Qui ne s ' estonneroit de la complexion de Demophon , maistre d ' hostel d ' Alexandre , qui suoit à l ' ombre , et trembloit au soleil ? J ' en ay veu fuir la senteur des pommes , plus que les harquebuzades , d ' austres s ' effrayer pour une Classes et escholes , jonchées de fleurs .Passetemps , esbats de la jeunesse .",
                  "id": "17",
                  "title": "Essais de Michel de Montaigne.... Tome 1"
            },
            {
                  "doc_url": "https://gallica.bnf.fr/ark:/12148/bpt6k987939x",
                  "emotions": [
                        "surprise",
                        "disapproval",
                        "gratitude",
                        "doubt",
                        "amusement",
                        "approval"
                  ],
                  "excerpt": ".Ah ! Sire Anot , ton nez me plaît trop , ne crois pas qne je l ’ oubliais ..",
                  "id": "18",
                  "title": "Confidences : pour les lecteurs et par les lecteurs"
            },
            {
                  "doc_url": "https://gallica.bnf.fr/ark:/12148/bpt6k8877647",
                  "emotions": [
                        "surprise",
                        "doubt",
                        "curiosity"
                  ],
                  "excerpt": "Et Ion cite ce mot curieux d ’ un gamin du quartier de l ' East - End , traversé par la Tamise aux eaux bourbeuses .Un inspecteur d école lui demandait : — Qu ’ est - ce que c ’ est qu ’ une rivière ? — C ’ est de l ’ eau qui pue ! s ' écria spontanément le pauvre gamin .Les Japonais accordent une grande attention à l ’ éducation enfantine ; aussi , ont - ils été des premiers à adopter les Méthodes Erœbel .",
                  "id": "19",
                  "title": "Les Lectures de la femme : magazine illustré hebdomadaire d'éducation et de récréation : revue de la femme et de la jeune fille"
            },
            {
                  "doc_url": "https://gallica.bnf.fr/ark:/12148/bpt6k8877647",
                  "emotions": [
                        "surprise",
                        "excitement",
                        "amusement"
                  ],
                  "excerpt": "Le soir , dans les mêmes cadres , comme il fait bon , après la chaleur du jour , de se rendre en auto , ou même dans un modeste fiacre , — ce qui est bien plus à la portée de tous , — à travers la fraîcheur parfumée des allées ombreuses , doucemenl éclairées par la lueur lointaine des étoiles et la blancheur laiteuse des boules électriques .Quel éblouissement quand on entre tout à coup ' au Pavillon d ’ - Armenonville , au Pavillon Royal , au château de Madrid , ou dans un autre do ces rendez - vous seleels où Ton déguste mieux la friandise d ’ une glace parfumée , en écoutant une valse lente qui vous berce .Puis avec les solennités sportives d ’ Auleuil et de Longchamp , n ’ avons - nous pas encore colles de Chantilly , l ’ Exposition canine et bien d ’ autres fêtes qui surgissent tout à coup et s ’ improvisent sans préméditation ? Au milieu de tout cela , il faut trouver le temps de s ’ occuper des toilettes d ’ été ; il y a tous les préparatifs à faire en vue des prochains départs auxquels il faudra bien cependant se résigner , en dépit des charmes de la vie parisienne estivale .",
                  "id": "20",
                  "title": "Les Lectures de la femme : magazine illustré hebdomadaire d'éducation et de récréation : revue de la femme et de la jeune fille"
            }
      ]
}