{
      "articles": [
            {
                  "doc_url": "https://gallica.bnf.fr/ark:/12148/bpt6k3076068z",
                  "emotions": [
                        "surprise"
                  ],
                  "excerpt": "J ’ aimais à contempler , par les vitres de l ’ étude , le grand balancement des peupliers et des chênes ; la senteur du buis des préaux me ravissait à l ’ instant de l ’ orage ; durant l ’ avril , le chant d ’ un oiseau , en pénétrant par la baie ouverte , au fond du dortoir assoupi , montait dans le silence et m ’ émerveillait ; mais , l ’ odeur du lilas , portée sur l ’ aile des brises , avait presque autant de pouvoir sur mon cœur .Il me semblait — cette odeur lointaine , légère et comme aérienne — qu ’ elle venait du parc ainsi que d ’ un abîme et se répandait partout avec pénétration .Jamais nuits parfumées ne me furent plus heureuses .",
                  "id": "1",
                  "title": "Aspects et figures de femmes / Edmond Pilon ; [préface de Camille Mauclair]"
            },
            {
                  "doc_url": "https://gallica.bnf.fr/ark:/12148/bpt6k61029480",
                  "emotions": [
                        "surprise",
                        "disgust",
                        "doubt"
                  ],
                  "excerpt": "64 DIVAN DE FÉRAZDAK .ce Est - ce le Djadite * , sourd de honte ? Est - ce Adjlân 2 , vil ongle ( d ' un pied ) d ' autruche ? « Ou bien les fils d ' Okaïl 3 , aux reins lépreux , qui ne sont ni des hommes ni des femmes ? « Hermaphrodites immondes , détestés des femmes , à l ' odeur fétide , ce Vils mulets qui rivalisent avec les femmes de Sassaa , fils de Sad .« Plus que les petites esclaves , ils sont avides des caresses des hommes et se jettent sur eux avec frénésie .",
                  "id": "2",
                  "title": "Divan de Ferázdak : récits de Mohammed-Ben-Habib d'après Ibn-el-Arabi, publié sur le manuscrit de Sainte-Sophie de Constantinople, avec une traduction française / par R. Boucher"
            },
            {
                  "doc_url": "https://gallica.bnf.fr/ark:/12148/bpt6k3076068z",
                  "emotions": [
                        "surprise",
                        "nostalgia",
                        "doubt",
                        "curiosity"
                  ],
                  "excerpt": "Henri de Régnier l ’ a dit ) de « grâce joséphinienne » , de cette grâce faite de mollesse et d ’ élégance , Prud ’ hon a été le confident de éette femme inquiète , sensible et comme frileuse .A quoi pense - t - efle , allongée et penchée de la sorte ? « Peut - être à l ’ île chaude et parfumée au milieu des mers , à cette Martinique où elle est née , où elle est retournée une seule fois pour n ’ y plus revenir ( 1 ) .s > Certes , voilà bien sans doute , dans ce portrait inimitable , à quoi pense Joséphine .",
                  "id": "3",
                  "title": "Aspects et figures de femmes / Edmond Pilon ; [préface de Camille Mauclair]"
            },
            {
                  "doc_url": "https://gallica.bnf.fr/ark:/12148/bpt6k57882128",
                  "emotions": [
                        "surprise",
                        "disgust"
                  ],
                  "excerpt": "Enfin , un autre jour , j ' allai dans une maison habitée par une famille juive et par une pauvre femme chrétienne que je venais visiter .2 * * * — 36 — A mon entrée dans la cour , une odeur infecte vînt m ' obliger à me boucher le nez , « Qu ' estce qui sent si mauvais ? » dis - je à la pauvre .femme : — « C ' est que les Juifs font leur cuisine , » me dit - elle .",
                  "id": "4",
                  "title": "Mon voyage en Algérie raconté à mes enfants (2e édition) / par Napoléon Roussel"
            },
            {
                  "doc_url": "https://gallica.bnf.fr/ark:/12148/bpt6k42272458",
                  "emotions": [
                        "surprise",
                        "fear",
                        "doubt",
                        "nervousness"
                  ],
                  "excerpt": "1700 .pace de tems , fe ralentit peu - à - peu de fon mouvement ; c ’ efi : pourquoi le Tonnerre efi bien plus violent & plus dangéreux au moment qu ’ il fort de la nue , que quand il a déjà fait dans l ’ air une partie de fes tournoyemens & de fes virevoufies : mais enfin après avoir fait tant d ’ éclat , tant de bruit , & tant de fracas , il fe réduit à rien , & il ne laiffe dans les lieux où il a paffé qu ’ une odeur de foulfre femblable à celle de l ’ Ouragan .Pierres de foudre .",
                  "id": "5",
                  "title": "Recueil de mémoires, ou Collection de pièces académiques concernant la médecine, l'anatomie et la chirurgie, la chymie, la physique expérimentale, la botanique et l'histoire naturelle, tirées des meilleurs auteurs, et mis en ordre par feu M. J. Berryat,... (et par M. P. Guéneau de Montbeillard.) T. I (-T. III. Partie françoise). Tome 1"
            },
            {
                  "doc_url": "https://gallica.bnf.fr/ark:/12148/bpt6k6541590z",
                  "emotions": [
                        "surprise"
                  ],
                  "excerpt": "Nous ne pouvons quitter Buenos - Ayres sans ajouter encore un mot au sujet des parcs à bestiaux qui sont situés à l ' intérieur de la ville .Vous vous promenez le long d ' une rue aussi fréquentée que les grands boulevards lorsque , soudain , vos narines sont surprises par une forte odeur d ' étable qui , au premier abord , vous semble incompréhensible .Cherchant la cause d ' une chose si incompatible avec son ambiance , vous découvrez une grande porte cochère débouchant directement dans la rue .",
                  "id": "6",
                  "title": "L'Argentine moderne (5e édition) / W. H. Koebel ; traduit de l'anglais par M. Saville et G. Feuilloy"
            },
            {
                  "doc_url": "https://gallica.bnf.fr/ark:/12148/bpt6k9693782z",
                  "emotions": [
                        "surprise",
                        "disgust"
                  ],
                  "excerpt": "» A ces deux faits bien constatés , qu ' il nous soit permis d ' en ajouter un autre dont nous avons nous - même été témoin : L ' année dernière , en cherchant à conserver le plus longtemps possible , hors de l ' estomac , des larves d ' oestrus equi , j ' ai vu des Sarcophaga carnaria , Meig ., attirées par l ' odeur infecte d ' une portion de membrane stomacale garnie d ' oestres , qui se trouvait depuis plusieurs jours dans la serre de mon jardin , venir déposer leurs larves sur cette charogne , et jusque sur le corps des œstrides eux - mêmes , qu ' elles dévorèrent tout vivants .La manière dont elles procédèrent à cette dissection sur le vif , mérite d ' être signalée comme une preuve que l ' instinct , chez les animaux , n ' agit pas toujours en aveugle , ou plutôt qu ' une certaine intelligence , quelque faible qu ' on la suppose , vient leur servir de guide , lorsque l ' instinct pourrait être en défaut .",
                  "id": "7",
                  "title": "Recherches zoologiques, anatomiques, physiologiques et médicales sur les oestrides en générales et particulièrement sur les oestres qui attaquent l'homme, le cheval, le boeuf et le mouton / par M. N. Joly"
            },
            {
                  "doc_url": "https://gallica.bnf.fr/ark:/12148/bpt6k3075133s",
                  "emotions": [
                        "surprise",
                        "nostalgia",
                        "excitement"
                  ],
                  "excerpt": "J ’ étais intérieurement rempli de cet air embaumé .Ma bouche s ’ ouvrit pour l ’ exhaler ; elle se rouvrit pour en reprendre ; je sentis que je possédais un odorat intérieur plus fin , plus délicat encore que le premier ; enfin je goûtai .Quelle saveur ! Quelle nouveauté de sensation ! Jusque - là je n ’ avais eu que des plaisirs ; le goût me donna le sentiment de la volupté .",
                  "id": "8",
                  "title": "Beautés de Buffon, ou Choix de ses passages les plus remarquables, sous le rapport de la pensée et du style / recueillis et publiés... par Mme Dufresnoy"
            },
            {
                  "doc_url": "https://gallica.bnf.fr/ark:/12148/bpt6k5805533k",
                  "emotions": [
                        "surprise"
                  ],
                  "excerpt": "Les marches sont encombrées par les longues traînesdo cour , et l ' on ne peut avancer qu ' avec précaution .Les femmes se suivent , so touchent de si prés que leurs haleines parfumées se confondent mêlées à une pénétrante odeur d ' ilang - ilang .Rapidement les arrivants filent â travers les 5 .",
                  "id": "9",
                  "title": "Sacha : étude parisienne (2e édition) / Fervacques"
            },
            {
                  "doc_url": "https://gallica.bnf.fr/ark:/12148/bpt6k5785754d",
                  "emotions": [
                        "surprise"
                  ],
                  "excerpt": "— ■ * On enlève le premier pansement , qui , placé depuis l ' opération , n ' a jamais exhalé aucune odeur .Eu enlevant la ouate , on est étonné de ne sentir aucune mauvaise odeur .Au niveau de la plaie on trouve deux cuillerées à bouche environ d ' un pus très - épais , jaune verdâtre , qui ne répand aucune odeur .",
                  "id": "10",
                  "title": "Traitement des kystes synoviaux tendineux du poignet et de la paume de la main par la méthode antiseptique / par Alexis Martin,..."
            },
            {
                  "doc_url": "https://gallica.bnf.fr/ark:/12148/bpt6k6140903w",
                  "emotions": [
                        "surprise"
                  ],
                  "excerpt": ".En ouvrant les yeux , il fut saisi par une odeur étrange , une senteur sauvage , qui le prit aux narines et à la gorge .Il se leva , étonné , inquiet ! En sortant de sa cabine , il fut stupéfait de sentir sous son pied des débris de toutes sortes .",
                  "id": "11",
                  "title": "L'homme de bronze / par Louis Noir"
            },
            {
                  "doc_url": "https://gallica.bnf.fr/ark:/12148/bpt6k57419570",
                  "emotions": [
                        "surprise",
                        "grief",
                        "nostalgia",
                        "gratitude",
                        "doubt"
                  ],
                  "excerpt": "Non , tu n ' es pas le coeur de ma patrie : Sans l ' unité je ne vois que lambeaux ; Sans l ' unité de toute l ' Italie , Jamais , jamais je n ' aurai de repos .Oh ! serais - tu ma patrie , ô Sicile ? De Rosalie , au mont Etna , les fleurs — 12 — Et les cyprès parfument , ô Cécile , Le sol et l ' air de suaves odeurs .Les monuments de la Grèce et de Rome , Débris pompeux respectés par le temps , Sont dans les arts les chefs - d ' oeuvre de l ' homme Et le cachet du génie imposant .",
                  "id": "12",
                  "title": "Deuxième Rayon de lumière, poésies diverses, par Paul-André Ambrogi,..."
            },
            {
                  "doc_url": "https://gallica.bnf.fr/ark:/12148/bpt6k376559m",
                  "emotions": [
                        "surprise",
                        "disgust",
                        "annoyance"
                  ],
                  "excerpt": "C ' était un bon garçon de chat avec lequel j ' avais fait plus d ' une partie .Attiré par l ' odeur affriolante du foie , il se dirigea tout droit vers le panier perfidement ouvert et j ' étais sur le point de lui crier « Casse - cou ! » lorsque d ' un bond , il sauta dedans .Au même moment , le panier à roulettes , entraîné par le poids de Négro , se mit a rouler sur le plan incliné de la planche , vers le tuyau de poêle qui , pénétrant dans l ' anse et rabattant le couvercle sur mon pauvre camarade , le maintint captif dans le panier comme un verrou qu ' on pousse à la porte d ' une prison .",
                  "id": "13",
                  "title": "Les Tribulations d'un chat, texte et illustrations de Benjamin Rabier"
            },
            {
                  "doc_url": "https://gallica.bnf.fr/ark:/12148/bpt6k64179q",
                  "emotions": [
                        "surprise"
                  ],
                  "excerpt": "Oh ! mais , c ' est d ' une richesse ! encore une corbeille , un cœur en or .» A ce moment une légère brise apporte de l ' extrémité du mail un bruit confus et une imperceptible odeur de saucisse .« La rouge ou la noire , la rouge ou la noire ! Z ! ~ e ~ poHMt / On Hepa ~ e qu ' en ~ or / aH ~ / » Fort heureusement ces bruits sont lointains , mais le clergé détourne la tête , et les chantres s ' animent pour sauver la situation .",
                  "id": "14",
                  "title": "[Entre nous] / Gustave Droz"
            },
            {
                  "doc_url": "https://gallica.bnf.fr/ark:/12148/bpt6k9740845z",
                  "emotions": [
                        "surprise",
                        "doubt"
                  ],
                  "excerpt": "« Où ? Quand ? Comment ? » Il se mit debout , vint s ' accouder à la fenêtre , sous le rayonnement clair de la lune au zénith .La brise lui baigna la tête et le cou , chargée de senteurs lointaines et confuses .Il eut un frisson , et il se souvint de la nuit où il avait pleuré de détresse aux pieds de saint François .",
                  "id": "15",
                  "title": "Élias Portolu / Grazia Deledda ; roman traduit de l'italien par G. Hérelle"
            },
            {
                  "doc_url": "https://gallica.bnf.fr/ark:/12148/bpt6k5406200h",
                  "emotions": [
                        "surprise",
                        "doubt"
                  ],
                  "excerpt": "Son héroïne ne lui a pas encore paru assez nue , et voilà maintenant qu ' il la jette au bras d ' un vieillard édenté et hideux .Quoi encore ? Il la jette dans la boue , et le soir , en revenant du Théâtre Français , vous entendez une voix rauque chanter un refrain lascif à votre oreille , vous sentez derrière vous un faux parfum , vous entendez le bruit d ' un soulier rempli d ' eau ; ne vous retournez pas , c ' est elle , c ' est Adèle qui vient de boire un verre d ' eau - de - vie sur le comptoir .152 LITTÉRATURE DRAMATIQUE .",
                  "id": "16",
                  "title": "Histoire de la littérature dramatique. Tome 1 / par M. Jules Janin"
            },
            {
                  "doc_url": "https://gallica.bnf.fr/ark:/12148/bpt6k65157049",
                  "emotions": [
                        "surprise",
                        "grief",
                        "nostalgia",
                        "doubt",
                        "despair"
                  ],
                  "excerpt": "Il faut marcher à pied , trop heureux si la posses - sion de quelques pièces de gibier vient nous dédommager de nos peines .Où es - tu , mon pauvre Mirador , toi qui n ' avais pas ton pareil pour quêter dans les buissons et relever une piste ? Ah ! que ton infaillible odorat nous serait utile en ce moment t Allons , Tom va te suppléer , car il n ' y a plus pour nous d ' espoir qu ' en son instinct d ' homme de la nature .Notre marche est rapide , malgré , ou plutôt à cause des tiraillements de la faim .",
                  "id": "17",
                  "title": "A travers l'Australie. Les Dix millions de l'Opossum Rouge, par Louis Boussenard"
            },
            {
                  "doc_url": "https://gallica.bnf.fr/ark:/12148/bpt6k932562g",
                  "emotions": [
                        "surprise"
                  ],
                  "excerpt": "— Par son nez , il perçoit une odeur ; et cette sensation lui aide à reconnaître la nature , les qualités de la chose que je lui offre .Justement , à l ’ odeur , il a reconnu là , quelque chose de propre à servir de nourriture à un chat : — c ’ est un morceau de rôti ! Il le prend entre ses dents ; maistoutenle croquant il le goûte ; et cette autre sensation encore le confirme dans son opinion , et lui fait savoir que cette chose a en effet les qualités d ’ un aliment très - agréable ..",
                  "id": "18",
                  "title": "Cent récits d'histoire naturelle (3e édition) / par Ch. Delon"
            },
            {
                  "doc_url": "https://gallica.bnf.fr/ark:/12148/bpt6k82500g",
                  "emotions": [
                        "surprise",
                        "nervousness"
                  ],
                  "excerpt": "Je me levai , précipité malgré moi vers l ' adorable apparition , le pied n ' y était plus .Avez - vous remarqué l ' imperceptible parfum d ' éther qui se dégage de la neige ? La neige a sur moi presque les même effets que l ' éther , elle me déséquilibre et me trouble ; il y a des gens qu ' elle rend même fous or il neigeait depuis trois jours j ' attribuai ma vision à la neige .D ' ailleurs l ' apparition ne se renouvelait pas , et , d ' abord inquiet pendant quelques jours , je reprenais bientôt mes habitudes de veillées solitaires dans mon cabinet de travail .",
                  "id": "19",
                  "title": "Sensations et souvenirs / Jean Lorrain"
            },
            {
                  "doc_url": "https://gallica.bnf.fr/ark:/12148/bpt6k3075133s",
                  "emotions": [
                        "surprise",
                        "disgust",
                        "fear",
                        "doubt",
                        "despair",
                        "frustration"
                  ],
                  "excerpt": "L ’ on a appelé ces mauvais loups loups garoux , s ’ est à d jre loups dont il faut sc garer .Dés ; q réable en tout , la mine basse , l ’ aspect sauvage , la voir effrayante , l ’ odeur insupportable , le naturel pervers , ! es mœurs féroces , le loup est odieux , nuisible de son v / rant , inutile après sa mort .LE LYNX , OU LOUP CERVIER .",
                  "id": "20",
                  "title": "Beautés de Buffon, ou Choix de ses passages les plus remarquables, sous le rapport de la pensée et du style / recueillis et publiés... par Mme Dufresnoy"
            }
      ]
}