{
      "articles": [
            {
                  "doc_url": "https://gallica.bnf.fr/ark:/12148/bpt6k5426590h",
                  "emotions": [
                        "surprise",
                        "grief",
                        "desire",
                        "nostalgia",
                        "excitement",
                        "frustration"
                  ],
                  "excerpt": "badauts ; comme c ' eft là que l ' élégant Farfolet , en habit de taffetas couleur de rofe , en vefte garnie de blondes , & la lorgnette ' en main , regarde autant qu ' il eft regardé , & s ' applaudit de partager avec la divine Chris , le triomphe de la fête .On fe prefle , on fe psufle , pour les voir , & les revoir , & bientôt ce n ' eft plus qu ' un nuage de pouiîtere , & qu ' un mélange d ' odeurs qui S ' ÎXhalent des cheveux & dea faehets .PROMENOIR .",
                  "id": "1",
                  "title": "Dictionnaire critique, pittoresque et sentencieux. Tome 2 / , propre à faire connoître les usages du siècle ainsi que ses bizarreries, par l'auteur de \"la Conversation avec soi-même\""
            },
            {
                  "doc_url": "https://gallica.bnf.fr/ark:/12148/bpt6k939656w",
                  "emotions": [
                        "surprise",
                        "courage",
                        "doubt",
                        "curiosity"
                  ],
                  "excerpt": "Un deux allumait déjà un cigare .Déconcerté un moment à l ’ aspect de la nouvelle venue , il s ’ arma de courage et lui dit : — Madame , est - ce que l ’ odeur du cigare vous incommode ? — Je ne sais pas monsieur , répondit la dame avec une simplicité digne , on n ’ a jamais fumé devant moi .Ce qu ’ il faut à une femme pour être réputée belle et parfaite .",
                  "id": "2",
                  "title": "L'Almanach à deux sous illustré"
            },
            {
                  "doc_url": "https://gallica.bnf.fr/ark:/12148/bpt6k102891p",
                  "emotions": [
                        "surprise",
                        "doubt"
                  ],
                  "excerpt": "l ' eau vous vient à la bouche , le palais titiNe et se tnet sous tes armes les houppes nerveuses de la langue s ' irritent et la mâchoire s ' ébrante pour aMMiquer mais bientôt on t < * < ' onna ! t son ittMtcn .C ' eat nn ercet effet de mirage qui dans ce désert a trompe votre palais et réveillé à tort vos puissances olfactives .On déplore son erreur , mtis on n ' admire pas moins ces milliers d ' instruments que tef révolutions ont rendasinatites .",
                  "id": "3",
                  "title": "Vichy, souvenirs de la saison de 1853 / par A. C. (Amédée Collas)"
            },
            {
                  "doc_url": "https://gallica.bnf.fr/ark:/12148/bpt6k65791400",
                  "emotions": [
                        "surprise"
                  ],
                  "excerpt": "X Dans Kioto la ville sainte , l ' étonnement des étonnements , pour moi c ' est le temple des Trentetrois Coudées1 ou Temple des Mille Dieux , conçu il y a huit siècles par je ne sais plus quel mystique en délire , qui avait entre les mains de prodigieux moyens d ' exécution .Celui - là ne ressemble à aucun autre : ni autels , ni brûle - parfums , ni enceintes sacrées ; dix étages de gradins de deux ou trois cents mètres de long , quelque chose comme une gigantesque tribune de courses sur laquelle une légion de dieux sortis de tous les sanctuaires , 1 .Temple des Trente - trois Coudées , parce que ses colonnes sont espacées les unes des autres de trente - trois coudées .",
                  "id": "4",
                  "title": "Japoneries d'automne / par Pierre Loti"
            },
            {
                  "doc_url": "https://gallica.bnf.fr/ark:/12148/bpt6k65791400",
                  "emotions": [
                        "surprise",
                        "disgust"
                  ],
                  "excerpt": "Pauvres belles robes ! Par le bas , elles sont tout effrangées , tout en lambeaux ; l ' étoffe cède sous les doigts , se pulvérise , — et le vent l ' emporte .Mais il s ' en dégage encore un parfum de musc et de vétiver , presque une senteur de toilette féminine , et , en respirant cela , je perds un instant la notion effroyable des dix - sept sièclès qui me séparent de cette impératrice .C ' est d ' ailleurs , en soi , une impression saisissante , que de regarder de si près au grand jour , de toucher et de sentir une vraie toilette de cette créature légendaire , qui vivait comme une déesse , inaccessible et invisible , voilée même au milieu des batailles , — et à une époque si lointaine , si inconnue , alors que nos ancêtres gaulois secouaient à peine leur sauvagerie des forêts .",
                  "id": "5",
                  "title": "Japoneries d'automne / par Pierre Loti"
            },
            {
                  "doc_url": "https://gallica.bnf.fr/ark:/12148/bpt6k65791400",
                  "emotions": [
                        "surprise",
                        "disgust"
                  ],
                  "excerpt": "On est lassé surtout de la monotonie sans fin des petites rues japonaises , de ces milliers de mêmes petites maisonnettes grises , ouvertes toutes , en hangar , comme pour montrer leur contenu pareil , leurs mêmes nattes blanches , leurs mêmes petites boîtes à fumer , leurs mêmes petits autels voués aux ancêtres .Et puis cc > odeurs de race jaune , de cuisine au riz , de musc , de je ne sais quoi , vous écœurent .Et tout ce monde se retournant pour vous regarder comme une bête de ménagerie ; ces rassemblements de jeunes femmes curieuses , formés tout de suite si l ' on s ' arrête : minois pareils , jaunes , enfantins , ù tout petits yeux mignards , à traits vagues comme une ébauche .",
                  "id": "6",
                  "title": "Japoneries d'automne / par Pierre Loti"
            },
            {
                  "doc_url": "https://gallica.bnf.fr/ark:/12148/bpt6k1180909f",
                  "emotions": [
                        "surprise",
                        "disgust",
                        "anger",
                        "annoyance",
                        "doubt",
                        "embarrassment"
                  ],
                  "excerpt": "Tu paies ! tu paies ! Tu ne voudrais pourtant pas que je le soigne à l ’ œil .Tu ne penses pas que je vais mefanerpour rien à respirer l ’ odeur de tes tisanes ! Vrai , avec les types comme toi , on ne la vole pas , sa galette ! ( à suiore ) .Maurice Peyrot .",
                  "id": "7",
                  "title": "Le Mondain / directeur artistique G. Marichal"
            },
            {
                  "doc_url": "https://gallica.bnf.fr/ark:/12148/bpt6k1180909f",
                  "emotions": [
                        "admiration",
                        "surprise",
                        "gratitude",
                        "envy",
                        "doubt"
                  ],
                  "excerpt": "L ’ héliotrope exquis où mon être s ’ enivre ! ■ C ’ est toi de mon destin ' .e parfum et la fleur ! C ’ est toi qui me fais dire : Oh ! qu ’ il est bon devicre ! Si ce parc enchanté te voit ici venir .Il t ’ apprendra combien mon baiser , qui t ’ appelle , S ' enflamme d ’ espérance avec ton souvenir Et combien , cher trésor , mon amour t ’ est fidèle ! Quand tu t ’ avanceras , le regard attendri , • Ces arbres , ces bosquets sauront te reconnaître , Puisque j ’ ai dit ta grâce à ce jardin fleuri , Puisque seule à jamais tu vis dans tout mon être ! Hippolyte Buffenoir En été , villa près Paris .",
                  "id": "8",
                  "title": "Le Mondain / directeur artistique G. Marichal"
            },
            {
                  "doc_url": "https://gallica.bnf.fr/ark:/12148/bpt6k58078159",
                  "emotions": [
                        "surprise",
                        "disgust",
                        "anger",
                        "fear",
                        "disapproval",
                        "doubt"
                  ],
                  "excerpt": ", Des lohg - temps façonné daris PEcole du crime A ton Ambition tout parut légitime : D ' uri oeil fixe tu fuis tes infâmes projets : , Tu flagornes les grands , carfeíîes leurs valets ; Et selon ía fortune , ou prppicë ; ou contraire , Levés un front superbe , óu baises la poussière * Va : ton règne est fini , te vbill fur Péceriil : On ne voit plus en toi que vengeances qù ' orgeuil ; La vérité seroit suspecte daris ta bouche : Tel un Reptile affreux souille toút ce qu ' il touché .D ' Astrëe i 8c dé Thémis vil Calomniateur , Ton nom est revêtu d ' infamie & d ' horreur ; Cesse d ' infecter Pair que ton Maître respire : Où te sauveras - tu ? .RENAUT ) .",
                  "id": "9",
                  "title": "Les deux règnes, poëme en six chants, 1775"
            },
            {
                  "doc_url": "https://gallica.bnf.fr/ark:/12148/bpt6k54958319",
                  "emotions": [
                        "admiration",
                        "surprise",
                        "joy",
                        "optimism",
                        "excitement"
                  ],
                  "excerpt": "Un papillon frêle , Qui , né le matin , Reposait son aile Aux fleurs du chemin .Surpris , il admire Le mouvant tableau ; Heureux , il respire Les senteurs de l ' eau .« La belle prairie , Et large , vraiment ! Comme elle est fleurie De vert et de blanc » .",
                  "id": "10",
                  "title": "Contes et apologues / Léon Riffard ; illustrés... par Frédéric Régamey ; [préface de Henri Chantavoine]"
            },
            {
                  "doc_url": "https://gallica.bnf.fr/ark:/12148/bpt6k54958319",
                  "emotions": [
                        "surprise",
                        "doubt"
                  ],
                  "excerpt": "Partout sur mon passage on disait : Quelle peste ! - Mais il pue en effet ! D ' où viens - tu , malheureux ? - S ' écria tout - à - coup le père , Avec un éclat de colère .- Un zéphyre qui pue ! Est - il possible ! fi ! Que dirait Jupiter , s ' il passait par ici ? Que t ' est - il arrivé ? Mais parle donc .- Voici : D ' abord , en quittant la montagne , J ' ai voulu m ' amuser aux dépens des ruisseaux Oui courent bêtement à travers la campagne , Afin de retarder le progrès de leurs eaux .",
                  "id": "11",
                  "title": "Contes et apologues / Léon Riffard ; illustrés... par Frédéric Régamey ; [préface de Henri Chantavoine]"
            },
            {
                  "doc_url": "https://gallica.bnf.fr/ark:/12148/bpt6k6271591g",
                  "emotions": [
                        "surprise",
                        "envy"
                  ],
                  "excerpt": "Humer lei vent , ou Humer la parole à quelqu ' un , , pour dire , Lui couper la parole à tout momcnr .Et dans le même sens on dit proverbialement , & par un préjugé populaire , que Quand le loup voit quelque personne le premier , Il lui hume l ' haleine , pour dire , qu ' Il lui fait perdre en quelque forte la respiration .HUME , EE .",
                  "id": "12",
                  "title": "Dictionnaire de l'Académie françoise. Tome 1 / , nouvelle édition."
            },
            {
                  "doc_url": "https://gallica.bnf.fr/ark:/12148/bpt6k6383054m",
                  "emotions": [
                        "surprise"
                  ],
                  "excerpt": "J ' eus aussi alors des hallucinations de l ' odorat extrêmement désagréables .Jamais de ma vie je n ' avais ressenti pareilles odeurs ; elles se rapprochaient de celles qu ' exhale la sueur chez certains phthisiques .Pendant cette période , je n ' eus point de palpitations , mais l ' angoisse persista et ne fit qu ' augmenter ; de plus , je commençais à éprouver de temps en temps le besoin de vomir .",
                  "id": "13",
                  "title": "Nouveaux éléments d'hygiène, mis à la portée de tout le monde / par Ch. Judée,..."
            },
            {
                  "doc_url": "https://gallica.bnf.fr/ark:/12148/bpt6k663772",
                  "emotions": [
                        "surprise",
                        "disgust",
                        "fear",
                        "nervousness"
                  ],
                  "excerpt": "Et , avec une ivresse délicieuse , Pascal retrouva tiottant , affaibli dans l ' air , le parfum qu ' Antoinette & yait laissé , trace subtile de son séjour dans la maison de l ' ennemi .Carvajan avait un odorat de sauvage ; il respira avec force , mais ne sonna mot .Il marchait à grands pas , suivant son habitude .",
                  "id": "14",
                  "title": "La grande Marnière : les batailles de la vie (6e édition) / par Georges Ohnet"
            },
            {
                  "doc_url": "https://gallica.bnf.fr/ark:/12148/bpt6k3052675c",
                  "emotions": [
                        "surprise"
                  ],
                  "excerpt": "Quelques Botaniftes décrivent quatre fortes d ' Afpalathe .Le premier eft de couleur de buis , dur , folide , pefant , 8c de l ’ odeur des rofes , d ’ où vient qu ’ on l ’ appelle aufli bois de rofe .Le fécond eft rouge de la même couleur que 1 if , 8c d ’ une odeur très - agréable .",
                  "id": "15",
                  "title": "Dictionnaire universel françois et latin, vulgairement appelé Dictionnaire de Trévoux, contenant la signification et la définition des mots de l'une et de l'autre langue. Tome 1 / ... Nouvelle édition..."
            },
            {
                  "doc_url": "https://gallica.bnf.fr/ark:/12148/bpt6k9625784g",
                  "emotions": [
                        "surprise"
                  ],
                  "excerpt": "On emploie un litre de ce jus pour neuf litres de sève .A peine est - il introduit , qu ' on voit flotter à la surface d ' un liquide brun une masse molle qui exhale l ' odeur du fromage frais .On recueille cette masse , qui n ' est autre que le caoutchouc , on l ' étend sur une planche , et on passe dessus un rouleau aussi pesant que possible .",
                  "id": "16",
                  "title": "Nouveau manuel complet du fabricant d'objets en caoutchouc, gutta-percha, gomme factice, toile et taffetas cirés : suivi de l'imperméabilisation des étoffes, papiers, cuirs, etc.. Tome 1 / par M. Maigne..."
            },
            {
                  "doc_url": "https://gallica.bnf.fr/ark:/12148/bpt6k55510531",
                  "emotions": [
                        "surprise",
                        "disgust",
                        "anger",
                        "fear",
                        "disapproval",
                        "courage",
                        "embarrassment"
                  ],
                  "excerpt": "Ces tableaux trop nus vous révoltent , vos petits nerfs se crispent ; vous fuyez en disant : « Que cette salle est affreuse ! cette odeur nauséabonde ! Comment peut - on vivre là de - 204 HÉRIE .dans ! Quelle horreur ! » Allez , femmelettes ! vous n ' avez pas même le courage de la femme de mauvaise vie , de celle qui répandit ses parfums sur les pieds de Christ ! ..",
                  "id": "17",
                  "title": "Hérie, par J.-B. Bouché, de Cluny"
            },
            {
                  "doc_url": "https://gallica.bnf.fr/ark:/12148/bpt6k2820789",
                  "emotions": [
                        "surprise",
                        "disapproval",
                        "excitement",
                        "nervousness"
                  ],
                  "excerpt": "Attons : a ! amaison ! Art .Eh bien ! l ' haleine de ta femme sent - elle pltit .Donnez - moi encore un baiser avant de me encore mauvais Eb bien ! thatemede ta femme sent - ette “ Donnez - mot encore un baiser avant de me .",
                  "id": "18",
                  "title": "Théâtre complet des Latins comprenant Plaute, Térence et Sénèque le tragique : avec la traduction en français / publié sous la direction de M. Nisard,..."
            },
            {
                  "doc_url": "https://gallica.bnf.fr/ark:/12148/bpt6k2820789",
                  "emotions": [
                        "surprise",
                        "joy",
                        "doubt",
                        "amusement",
                        "curiosity",
                        "faith"
                  ],
                  "excerpt": "Je suis ton trésor comme tu es le mien .stattnon ri * nsTR ATF Mais , je te prie , pourquoi ces parfums ? STALINON , CLLOSTRATE .Oh ! je suis perdu , malheureux , me voilà Stal .",
                  "id": "19",
                  "title": "Théâtre complet des Latins comprenant Plaute, Térence et Sénèque le tragique : avec la traduction en français / publié sous la direction de M. Nisard,..."
            },
            {
                  "doc_url": "https://gallica.bnf.fr/ark:/12148/bpt6k2820789",
                  "emotions": [
                        "surprise",
                        "disgust",
                        "annoyance",
                        "disapproval",
                        "doubt",
                        "embarrassment"
                  ],
                  "excerpt": "Pour avoir osé approcher de notre porte Stratil .Crois - tu me faire rougir ? tu es venu avec tes odeurs , et les joues si bien empourprées de montrer ici ton squelette habillé méchante guenon , vermillon .misérable déhontée .",
                  "id": "20",
                  "title": "Théâtre complet des Latins comprenant Plaute, Térence et Sénèque le tragique : avec la traduction en français / publié sous la direction de M. Nisard,..."
            }
      ]
}