{
      "articles": [
            {
                  "doc_url": "https://gallica.bnf.fr/ark:/12148/bpt6k1147347",
                  "emotions": [
                        "surprise",
                        "curiosity"
                  ],
                  "excerpt": "Revenu d ' Honfleur , j ' allai passer quelques mois dans les environs de Château - Thierry , à Bonneil , près d ' Azy - sur - Marne , et c ' est le hasard qui m ' y avait conduit , ayant aperçu de la portière du wagon ce hameau perdu au milieu des champs , et qui me parut pittoresque .Chose curieuse , mon accoutrement de peintre étonnait profondément les habitants , qui ne montraient guère d ' excellentes dispositions à mon égard je ne me sentais pas en odeur de sainteté .J ' étais logé et nourri chez un brave homme , nommé Lecointe , beaucoup plus civilisé que ses concitoyens , et qui exerçait à Bon - neil plusieurs métiers .",
                  "id": "1",
                  "title": "Mes relations d'artiste / Amédée Besnus"
            },
            {
                  "doc_url": "https://gallica.bnf.fr/ark:/12148/bpt6k5612965s",
                  "emotions": [
                        "surprise",
                        "fear",
                        "nervousness",
                        "pain"
                  ],
                  "excerpt": "à nous ! Les drôles avaient saisi le fouet au moment où le cocher ramenait à lui sa verge , afin de leur décocher une nouvelle sanglade ; eux , aussitôt , de s ' enrouler autour des mains la mèche effilée ; ils tirent , le cocher retire à son tour ; le manche se brise dans cette lutte ; les rênes lui échappent ; un étourdi lui jette un paquet de pétards allumés , qui fume et , roule en pétillant sous les pieds des chevaux .Effrayés par les cris , l ' odeur de la poudre , le sifflement des mèches soufrées , la flamme et l ' explosion en feu de file , ils enlèvent d ' un bond le carrosse sur la 2b6 LA SOEUR GABRIELLE .chaussée très - peu haute en cet endroit , se précipitent comme un éclair dans un champ de luzerne , et courent ventre à terre , le mors aux dents , vers l ' autre bout du pré , sans fossé ni rebord , de plein pied avec le chemin de fer , et bordé seulement par une de ces faibles haies en échalas , qui longent et défendent les railsivays .",
                  "id": "2",
                  "title": "La Soeur Gabrielle, roman, par Hippolyte Fauche. Tome 3"
            },
            {
                  "doc_url": "https://gallica.bnf.fr/ark:/12148/bpt6k6255292j",
                  "emotions": [
                        "surprise",
                        "pride",
                        "gratitude",
                        "envy",
                        "doubt"
                  ],
                  "excerpt": "Léonard et Piquet apparurent , vêtus de leurs habits du dimanche , et le père tira de sa poche une bouteille pleine d ' eau qu ' il nous passa tour à tour et respectueusement , sous le nez .Sentez - moi ça , notre dame ? sentez - moi ça , notre monsieur ? Quelle richesse ! La source venait de subir une métamorphose , d ' acquérir la vertu d ' un parfum , au souffle tout - puissant du bon Dieu ou de la sainte Vierge ! Ils oubliaient les ravages du phylloxéra .Cette eau enchantée les grisait : elle remplacerait le jus des vignes mortes ! On livrerait le liquide en barriques ; oh non ! en bouteilles au poids de l ' or ! Déjà nos fermiers avaient consulté un avocat de village , et l ' avocat marron soutenait qu ' un article du Code réserve la moitié du trésor à ceux qui le découvrent dans un bien étranger .",
                  "id": "3",
                  "title": "Contes à Panurge... / Dubut de Laforest"
            },
            {
                  "doc_url": "https://gallica.bnf.fr/ark:/12148/bpt6k5469321m",
                  "emotions": [
                        "surprise",
                        "joy",
                        "excitement",
                        "pride",
                        "envy",
                        "greed"
                  ],
                  "excerpt": "94 LES FEUILLES D ' AVRIL .Quand vient l ' heure où bourdonne en la grande cité L ' essaim des vains plaisirs , oiseaux de volupté , Mille femmes ainsi , dans les carrefours sombres , Surgissant tout à coup , rôdent comme des ombres , Et , pleines de parfums , sous un masque de fard , Excitent les passants du coude et du regard .Le jour baisse .",
                  "id": "4",
                  "title": "Les feuilles d'avril : poésies / Pierre Barbier"
            },
            {
                  "doc_url": "https://gallica.bnf.fr/ark:/12148/bpt6k11789050",
                  "emotions": [
                        "admiration",
                        "surprise",
                        "doubt"
                  ],
                  "excerpt": "— J ’ en conviens , répondit Swinton ; mais vous avouerez , toutefois , que cette contrée est d ’ une beauté au - dessus de toute description .Quelles riches prairies émaillées de nombreuses fleurs , et coupées de bosquets et de bois ! Voyez ces aloès avec leur profusion de fleurs semblables à des touffes de corail ! Que ne payerait - on pas en Angleterre pour un tel spectacle ! Et les teintes lilas et cramoisies de ces pavots et de ces amaryllis qui se marient ensemble ! Vous n ’ êtes pas juste en disant que ce gai parterre n ’ a point de parfums .Les plantes qui s ’ élèvent en embrassant ces arbres majestueux ont une très bonne odeur .",
                  "id": "5",
                  "title": "La Mission, ou Scènes africaines, par le capitaine Marryat, ouvrage pour la jeunesse, traduit de l'anglais par E. P.. Volume 2"
            },
            {
                  "doc_url": "https://gallica.bnf.fr/ark:/12148/bpt6k6579601m",
                  "emotions": [
                        "surprise"
                  ],
                  "excerpt": "— Attention , et fais silence .— Puis il m ' expliqua nettement , mais à demi - voix , comment un grand aigle , de cette espèce monstrueuse que nous autres habitans des Alpes connaissons seuls , planait sur ma tête , alléché sans doute par l ' odeur du gibier .Bientôt , en effet , j ' en - tendis l ' oiseau fondre sur moi , je sentis le contact de ses fortes ailes ; mais j ' avais eu le temps de me précautionner .",
                  "id": "6",
                  "title": "Beautés et merveilles de la nature en Suisse / Hemann"
            },
            {
                  "doc_url": "https://gallica.bnf.fr/ark:/12148/bpt6k200269g",
                  "emotions": [
                        "surprise",
                        "doubt"
                  ],
                  "excerpt": "pour y pénétrer .Pensant que c ' étaient des pillardes , attirées par l ' odeur de la cire , je leur ouvris le guichet de la porte , m ' attendant à les voir sortir bientôt confuses et désabusées .Quel ne fut pas mon étonnement , quand je vis bientôt l ' une ou l ' autre sortir de la demeure , en trainant péniblement une portion de toile filée par les teignes , puis rentrer immédiatement , après s ' être débarrassée de son fardeau Elles nettoyaient l ' intérieur .",
                  "id": "7",
                  "title": "Mémoires de l'Académie nationale de Metz"
            },
            {
                  "doc_url": "https://gallica.bnf.fr/ark:/12148/bpt6k96569315",
                  "emotions": [
                        "surprise",
                        "disgust"
                  ],
                  "excerpt": "il aspire avec délices le parfum de bonne cuisine que le vent apporte de son côté .Alléché par l ' odeur , il se dirige vers la cuisinière .Arrivé près d ' elle il tire de sa poche un petit appareil photographique .",
                  "id": "8",
                  "title": "Marionettes / Texte et dessins par André Hellé"
            },
            {
                  "doc_url": "https://gallica.bnf.fr/ark:/12148/bpt6k6432362r",
                  "emotions": [
                        "surprise",
                        "nostalgia",
                        "doubt",
                        "curiosity"
                  ],
                  "excerpt": "Le visage du jeune dieu exprime le plaisir qu ' il ressent , et sa tête se penche pour mieux entendre , ou comme s ' il s ' agissait d ' un mystère qu ' il doit connaître seul .En regardant cette scène charmante , qui ne se rappelle les vers d ' Anacréon1 ? Aimable colombe , d ' où viens - tu ? de quel pays ? Où naissent tous ces parfums qu ' en traversant les airs tu exhales et tu répands comme une pluie ? A qui penses - tu et pourquoi ? — « Anacréon m ' a envoyée vers un enfant , vers Bathylle , qui est aujourd ' hui le maître et le tyran de tous .Cythérée m ' a vendue au prix d ' une petite chanson .",
                  "id": "9",
                  "title": "Terres cuites d'Asie de la collection Julien Gréau. Tome 1 (TEXTE et PLANCHES 1-40) / publiées par W. Froehner,..."
            },
            {
                  "doc_url": "https://gallica.bnf.fr/ark:/12148/bpt6k58354866",
                  "emotions": [
                        "surprise",
                        "disgust"
                  ],
                  "excerpt": "très - délicats ; queue longue de onze lignes - , un peu mince à sa base , légèrement tétragone , à peu près égale en grosseur dans toute son étendue et terminée brusquement en pointe , couverte en dessus de poils de la couleur de ceux du dos , et en dessous de poils , un peu plus clairs ; quelques poils blanchâtres , longs de deux lignes , disposés eu forme de verricille , dans les différens points qui correspondent à la base de chacune des vertèbres caudales .Tout l ' animal répand une odeur qui res - , semble un peu au musc .Nota .",
                  "id": "10",
                  "title": "[Histoire naturelle] : La Mammalogie : ou description des espèces de mammifères"
            },
            {
                  "doc_url": "https://gallica.bnf.fr/ark:/12148/bpt6k1091843g",
                  "emotions": [
                        "surprise"
                  ],
                  "excerpt": "Et , pâle , ému , le coeur oppressé d ’ amour , l ’ âme pleine de désirs pour Blanche de Luc , cette autre enchanteresse qu ’ il aimait avec passion , et dont il sentait le coeur si loin du sien , ne pouvant se contenir dans l ’ affolement de ses sens , il saisit à BLANCHE DE LUC * 55 deux mains la tête de la jeune fille , et la renversant presque brutalement en arrière , il posa sur son front ses lèvres frémissantes .Soudain , l ' orage , qui depuis plusieurs heures s ’ amoncelait au ciel , éclata dans toute sa violence ; la pluie tombait à torrents et le vent , qui jusqu ’ alors n ' apportait que les tièdes senteurs du parc , s ’ engouffrait maintenant dans le salon avec un bruit de rafale trempée d ' eau .* Les croisées , dans ce secouement de tempête , battaient de leurs grands cadres l ’ entablement des fenêtres , pendant que les tentures , soulevées dans un tourbillon gigantesque , emplissaient l ’ appartement du fracas de leur étoffe frappant les murs , et que les lumières s ’ éteignaient sous les coups de cette bourrasque formidable broyant les cristaux du lustre dans un balancement vertigineux .",
                  "id": "11",
                  "title": "Comment on devient duchesse. Préface de Horace Bertin / Paul Guiraud"
            },
            {
                  "doc_url": "https://gallica.bnf.fr/ark:/12148/bpt6k1045500j",
                  "emotions": [
                        "surprise",
                        "grief",
                        "nostalgia",
                        "doubt",
                        "disappointment"
                  ],
                  "excerpt": "LES PETITS PESTIFÉRÉS .Vous avez donc perdu l ' odorat des chairs fraîches ? Est - ce que l ' habitude des puanteurs du cadavre a émoussé votre sens , mes fins limiers ? Hélas ! depuis longtemps la terre n ' a plus d ' autres parfums .Entrez ! il y a encore dans cette cabane des tronçons de viande humaine qui palpitent et se débattent .",
                  "id": "12",
                  "title": "Star ou Ψ de Cassiopée, histoire merveilleuse de l'un des mondes de l'espace... traduits du Starien : Fantasia / [signé : Defontenay]"
            },
            {
                  "doc_url": "https://gallica.bnf.fr/ark:/12148/bpt6k9602918p",
                  "emotions": [
                        "surprise",
                        "grief"
                  ],
                  "excerpt": "Sous les brefs horizons où l ' âme heurtait son vol , le corps vivait d ' une vie plus haute , plus impérieuse , qui l ' irrita .Alors , quand traîna dans le vent l ' odeur grisante des foins ; quand des moissons abolies , surgirent les hâles robustes des faucheurs , et que la terre nue et rase s ' élargit , ce fut comme si elle - même était nue .Elle devint triste et dit : — Allons vers la mer ! — Allons ! dit Maurice , baissant un front pensif .",
                  "id": "13",
                  "title": "Éternelle énigme / Jean Reibrach"
            },
            {
                  "doc_url": "https://gallica.bnf.fr/ark:/12148/bpt6k63793p",
                  "emotions": [
                        "surprise",
                        "fear",
                        "nostalgia",
                        "doubt"
                  ],
                  "excerpt": "Souriant et pensif , entre la double allée De tes rosés de Chine et de tes azalées .C ' est par un soir un soir fait de l ' odeur des rosé : ! Qu : descend sur la terre et qui baigne tes choses De son voile fait d ' nmbre et de senteurs subtiles , A l ' heure où Hernardin aime à penser aux ! tes Qu ' il connut autrefois , au cours de longs voyages ..",
                  "id": "14",
                  "title": "Le Beffroi : art & littérature modernes... / collaborateurs : Paul Avis, Paul Berret, Edmond Blanguernon, Émile Blémont, Léon Bocquet,..."
            },
            {
                  "doc_url": "https://gallica.bnf.fr/ark:/12148/bpt6k937429t",
                  "emotions": [
                        "admiration",
                        "surprise",
                        "joy",
                        "excitement",
                        "gratitude",
                        "amusement"
                  ],
                  "excerpt": "48 Quand , du cerveau du roi des cieux , Terrible et respirant la guerre , S ’ élança la déesse altière Dont l ’ aspect lit trembler les dieux ; Cybèle , à ce double prodige , N ’ opposa pour charmer les yeux , Qu ’ un boulon et sa jeune tige .L ' Olympe en la voyant sourit , Et sur la plante répandit Du nectar la douce rosée ; Des parfums du ciel arrosée , Soudain , fraîche et majestueuse .Parut , sur la branche épineu La rose que Iîacchus chérit • UNE FEUILLE DE ROSE Jamais je n ’ importune .",
                  "id": "15",
                  "title": "Le langage des fleurs (Neuvième édition augmentée de plusieurs chapitres ornée de douze gravures coloriées et de nombreuses vignettes dans le texte) / par Mme Charlotte de Latour"
            },
            {
                  "doc_url": "https://gallica.bnf.fr/ark:/12148/bpt6k95721x",
                  "emotions": [
                        "surprise",
                        "disgust",
                        "doubt",
                        "disappointment"
                  ],
                  "excerpt": "Le f « M < ( arôme d ' Hcrschet ) est hiéroglyphe do la masturtMtion ; son feuittage est bteuatre comme colui de fmiitet en signe de tempérament amoureux .Le calice de ta ueur en s ' ettivant est courbe en symbote de confusion et de tangueur ; le parfum est amer et repoussant comme la société de ceux qui sont adonnés a ce genre de plaisir ta graine ou opium cx < ' ite les rêveries et la léthargie comme la pfmsion qu ' etto reprcsente ( ( sa feuitte est crispée ) ) .La ~ c ~ aMOKe est te tableau de l ' économie domestique sa feuille gtacieuse , finement dentelée et surmontant tes fleurs , est un cmbtcmo de l ' homme prudent qui veut quetetravaitctte henetice excédent la dépense et le plaisir .",
                  "id": "16",
                  "title": "La Phalange : journal de la science sociale : politique, industrie, sciences, art et litterature / M. Considérant, directeur"
            },
            {
                  "doc_url": "https://gallica.bnf.fr/ark:/12148/bpt6k1182739h",
                  "emotions": [
                        "surprise",
                        "disgust",
                        "fear",
                        "doubt",
                        "nervousness",
                        "embarrassment"
                  ],
                  "excerpt": "Il ouvrit la porte .Que signifiaient cette obscurité , cette odeur fétide qui le saisissait à la gorge ! Il voulut reculer .Mais deux bras s ’ enlacèrent à son cou , et les lèvres d ’ une femme s ’ attachèrent à ses lèvres .",
                  "id": "17",
                  "title": "Chair à canon, par M. L. Gagneur"
            },
            {
                  "doc_url": "https://gallica.bnf.fr/ark:/12148/bpt6k1269959t",
                  "emotions": [
                        "surprise"
                  ],
                  "excerpt": "Appropriation rationnelle à laquelle le corps médical prêtera , croyons - nous , une attention d autant plus soutenue que : pas plus pour la consommation n domicile que pour la consommation près de la source , ces considérations ne laissent de place à la substitution quelconque de l ' un à l ' autre de ces types , qu ' elles réprouvent la confusion dans laquelle on est actuellement porté à les réunir , sous le fallacieux prétexte que la conservation des Eaux froides est supérieure à celle des Eaux chaudes .Qu ' y a - t - il en effet de surprenant , d ' après ces données , qu ' après plusieurs mois d ' embouteillage , la Grande - Grille exhale encore une légère edeur d ' œufs couvés ? Rien absolument , et ce fait est même pour nous une preuve indéniable de son activité thérapeutique spéciale , Reste donc tout simplement pour le praticien à formuler dans son emploi un correctif , sirop , ou plutôt lait , servant à masquer cette odeur caractéristique .Quant à l ' Hôpital transportée , a - t - on quelque chose à craindre de la perte d ' un peu de gaz carbonique ? Nullement .",
                  "id": "18",
                  "title": "Cure de Vichy. Nouvelles recherches expérimentales sur la composition et l'action des eaux et de l'air de Vichy, par le Dr H. Peyraud,... et E. Gautrelet,..."
            },
            {
                  "doc_url": "https://gallica.bnf.fr/ark:/12148/bpt6k5039400",
                  "emotions": [
                        "admiration",
                        "surprise"
                  ],
                  "excerpt": ") , labiée des Indes qui , en Égypte , remplace quelquefois le basilic de nos petits ménages .Des feuilles grasses et fortement odorantes , n ~ est - ee pas une rareté ? Au lever du jour , la barque s ' arrête dans le village de Sân , bât ) sur l ' emplacement de l ' ancienne capitale Tanis .Je n ' ai rien vu deplus misérable que ses huttes de boue hautes d ' un mètre et demi , rien de plus tortueux que ses ruelles , rien de plus déguenillé que ses habitants , qui pourtant ne sont point pauvres .",
                  "id": "19",
                  "title": "L'Égypte, souvenirs bibliques et chrétiens / par le R. P. M. Jullien,..."
            },
            {
                  "doc_url": "https://gallica.bnf.fr/ark:/12148/bpt6k97347267",
                  "emotions": [
                        "surprise",
                        "grief",
                        "fear",
                        "annoyance",
                        "doubt",
                        "faith"
                  ],
                  "excerpt": ".Vrai Dieu ! cria le capitaine , est - ce le sabbat , ou la nuit des fous ? Ventre du pape ! je flaire ici quelque belle odeur de soufre ..",
                  "id": "20",
                  "title": "L'écolier de Cluny, ou La Tour de Nesle / par Roger de Beauvoir"
            }
      ]
}