{
      "articles": [
            {
                  "doc_url": "https://gallica.bnf.fr/ark:/12148/bpt6k807952",
                  "emotions": [
                        "surprise",
                        "doubt"
                  ],
                  "excerpt": "On jurerait .Voyons , voyons , ce n ' est pas de causer de cette Cochinchine qui pourrait m ' en apporter la senteur , quand le diable y serait t Scaër avait remarqué son mouvement après avoir chasse de la main un nuage de tabac qui s ' obstinait à l ' envelopper , les narines tendues , il flaira à son tour , et fit , souriant Chacun sa fumerie le voisin est à la sienne .Vlài l ' heure où il s ' offre en douceur quelques pipes , de sales pipes , on peut le dire 1 Le médecin eut un sursaut , s ' exclamant Je me disais a ^ issi que je connaissais ça 1 .",
                  "id": "1",
                  "title": "Les chiennes des ténèbres / Gustave Toudouze"
            },
            {
                  "doc_url": "https://gallica.bnf.fr/ark:/12148/bpt6k807952",
                  "emotions": [
                        "surprise",
                        "annoyance",
                        "nostalgia",
                        "doubt",
                        "nervousness",
                        "frustration"
                  ],
                  "excerpt": "Je suis engourdi , même lorsque je ne devrais plus me trouver sous son influence .Il se secoua , tira quelques bouffées de sa pipe , s ' enveloppa plus encore du nuage odorant , et reprit Ah ça fait du bien ? Le tabac me remet , ma parole I .Il revint à la demande de son interlocuteur ¡ ' v Tu voulais savoir ? .",
                  "id": "2",
                  "title": "Les chiennes des ténèbres / Gustave Toudouze"
            },
            {
                  "doc_url": "https://gallica.bnf.fr/ark:/12148/bpt6k10305066",
                  "emotions": [
                        "surprise",
                        "disgust",
                        "fear",
                        "nervousness"
                  ],
                  "excerpt": "— Il tomberait certainement dans une méditation profonde , si parfois ce silence n ’ était troublé par le formidable rugissement d ’ un tigre attiré par le cours d ’ eau où il se désaltéré et l ' odeur pénétrante du sang des bœufs immolés à la faim du poste .Ce rugissement frappe d ’ effroi les hommes et les bêtes ; les indigènes eux - mêmes brûlent des parfums en l ’ honneur de « Ong Kope , » monseigneur le tigre , pour obtenir du ciel la faveur de ne pas avoir sa visite ..",
                  "id": "3",
                  "title": "La Revue internationale : littéraire, financière, artistique, agricole"
            },
            {
                  "doc_url": "https://gallica.bnf.fr/ark:/12148/bd6t53344223",
                  "emotions": [
                        "surprise",
                        "joy",
                        "excitement",
                        "doubt",
                        "amusement"
                  ],
                  "excerpt": "- 58 - Ichi cli ’ est pus sérieux , on appelle automate L ’ mariant , on trouv ’ qu ’ i ’ n ’ a point l ’ air d ’ êt ’ fort d ’ aplomb .Infin , on li r ’ proch ’ mêm ’ d ’ êt ’ vif comme un quien d ’ plomb , — Eh ben ! réplique eune aute in parlant de Emariante , Vous avez vu F dégaine d ’ chenil ’ petit ’ puante Et queu d ' s imbarras pou ’ fair ’ vir sin jupon blanc , Je m ’ rappell ’ qu ’ à FécoF , nous étîm ’ s su ’ F mêm ’ banc , Elle n ’ étot point si fière , ell ’ n ’ avot point d ’ quemiche .Résultat .",
                  "id": "4",
                  "title": "L'Infant d'Lille, recueil de chansons et pasquilles en patois de Lille, par Auguste Labbe, dit César Latulupe"
            },
            {
                  "doc_url": "https://gallica.bnf.fr/ark:/12148/bpt6k9651280p",
                  "emotions": [
                        "surprise",
                        "annoyance",
                        "nostalgia",
                        "excitement"
                  ],
                  "excerpt": "Tu sais que ce matin j ' ai retouché ton cheval , que tu trouvais trop tranquille , il rue admirablement .Ah çà ! et toi , quand poseras - tu ? — Quand l ' odeur de la peinture ne le fera plus tousser , » dit vivement Mme Thérèse .Le baron regarda Jean et se mit à remuer violemment la tête , comme pour chasser une pensée pénible ; puis s ' adressant à Alberte : « Chante - nous donc quelque chose , dit - il .",
                  "id": "5",
                  "title": "La petite duchesse (9e éd.) / Mme Zénaïde Fleuriot"
            },
            {
                  "doc_url": "https://gallica.bnf.fr/ark:/12148/bpt6k6484885g",
                  "emotions": [
                        "surprise",
                        "nervousness",
                        "embarrassment"
                  ],
                  "excerpt": "Le couvert une fois dressé , Pierrot va chercher un panier de vin .Tenté par le parfum du vin qu ' il vient de déboucher et qu ' il respire à pleines narines , il se verse une rasade .De rasade en rasade , il finit par boire toute une bouteille , ce qui lui donne une pointe d ' ivresse .",
                  "id": "6",
                  "title": "Pantomimes de Paul Legrand / par Félix et Eugène Larcher"
            },
            {
                  "doc_url": "https://gallica.bnf.fr/ark:/12148/bpt6k6484885g",
                  "emotions": [
                        "surprise",
                        "doubt"
                  ],
                  "excerpt": "Mais , sur la table il aperçoit la bouteille vide et celle qui est entamée et il croit comprendre que Pierrot , ivre , a inventé cette histoire pour dissimuler son vol .Il le confond , lui dit qu ' il sent le vin et le rosse malgré ses protestations .Puis il l ' entraîne hors de scène , en le tirant par l ' oreille .",
                  "id": "7",
                  "title": "Pantomimes de Paul Legrand / par Félix et Eugène Larcher"
            },
            {
                  "doc_url": "https://gallica.bnf.fr/ark:/12148/bpt6k5469247h",
                  "emotions": [
                        "surprise",
                        "excitement"
                  ],
                  "excerpt": "son sang , de mots il est avare .Au penchant des rochers embaumés ' par le thym , Il vous racontera l ' affaire de Novare , ' ■ • ' - \" ■ Et ses yeux brilleront , plongeant dans le lointain .Pendant que son troupeau se - repaît de lavande , Il songe au sifflement des balles , aux chevaux , Au vieux cri de SAVOIE I à la horde allemande , A la noble croix blanche , aux drapeaux eh lambeaux .",
                  "id": "8",
                  "title": "La Savoie, poésies, par Constant Berlioz"
            },
            {
                  "doc_url": "https://gallica.bnf.fr/ark:/12148/bpt6k9352165",
                  "emotions": [
                        "surprise"
                  ],
                  "excerpt": "Hoffmann et Girard , chimistes , sur l ’ emploi de certaines essences artificielles qui figuraient à l ’ exposition de Londres : « Un examen chimique de l ’ essence de cognac ( dit « M .Hoffmann ) a démontré , d ’ une manière indubi - « ble , qu ’ elle donne le parfum même de l ’ eau - de - vie « de Cognac aux eaux - de - vie de médiocre qualité « ( trois - six de grains , de betteraves , etc .) .",
                  "id": "9",
                  "title": "Le Trésor du vigneron et du cultivateur... par Ch.-P. Didelot"
            },
            {
                  "doc_url": "https://gallica.bnf.fr/ark:/12148/bpt6k5436186h",
                  "emotions": [
                        "surprise",
                        "love",
                        "doubt"
                  ],
                  "excerpt": "Suis - je on droit , se gournianda - l - il sévèrement , de nier ce que je n ' ai pas vu , pour cet insuffisant motif que je ne l ' ai pas vu ? Dois - je même repousser les conclusions d ' une expérience sous prétexte que cette expérience n ' est pas répétante à volonté ? 11 se peut qu ' elle réclame pour réussir un ensemble de conditions malaisément réalisables .Et puis et puis , que sais - je de l ' Enigme suprême et pourquoi préférer ma doctrine à celle de cet homme ? Gandos au bout d ' un temps abandonna ce courant d ' idées pour un autre ; devant l ' impressionnante beauté nocturne sensualisée d ' émanations florales , il tomba dans une songerie vaguement amoureuse que suscita , plus que le décor , plus que les ombres voloutées , les parfums cl les souffles épars , la présence de Lucy .Indolemment renversée sur le dossier de sa chaise , elle regardait le ciel moucheté d ' astres moins brillants que ses prunelles .",
                  "id": "10",
                  "title": "L'au-delà / Jacques Le Lorrain"
            },
            {
                  "doc_url": "https://gallica.bnf.fr/ark:/12148/bd6t53756643",
                  "emotions": [
                        "surprise",
                        "joy",
                        "nostalgia",
                        "relief",
                        "gratitude",
                        "calmness"
                  ],
                  "excerpt": "Puis , quand du bain folâtre elle sortait , L ’ humble négresse en ses bras l ’ emportait , • Et tendrement , de sa main souple et noire , Elle essuyait son joli corps d ’ ivoire : Moelleux tissus , arômes du benjoin .Sommeil joyeux du hamac qu ’ on balance , Suavité d ’ une sereine enfance , Éden natal , oh ! que vous êtes loin ! Plus de maison où le soleil circule , Mais les murs nus d ’ une froide cellule ; Plus de jardin plein de fleurs et d ’ oiseaux , Mais la cour sombre avec de noirs barreaux ; Plus de bain pur que prépare l ’ esclave ; Plus de parfums durant les jours d ’ été ; Ce corps terni , que jamais on ne lave , Dans la laideur cherche .la sainteté .",
                  "id": "11",
                  "title": "Le poëme de la femme : 3e récit. La religieuse / par Mme Louise Colet"
            },
            {
                  "doc_url": "https://gallica.bnf.fr/ark:/12148/bpt6k98134574",
                  "emotions": [
                        "surprise",
                        "disgust"
                  ],
                  "excerpt": "C ' en fut assez pour ramener le trouble dans son esprit .Atteinte d ' hallucinations de l ' odorat , elle accusait le pauvre homme de vouloir l ' empoisonner avec des substances qu ' elle croyait sentir .Cependant elle avait si bien conscience de son infirmité d ' esprit qu ' elle alla consulter M .",
                  "id": "12",
                  "title": "Gaietés de science : familiarités scientifiques / par Victor Meunier"
            },
            {
                  "doc_url": "https://gallica.bnf.fr/ark:/12148/bpt6k57260144",
                  "emotions": [
                        "surprise",
                        "disgust",
                        "nostalgia"
                  ],
                  "excerpt": ", ' rni daDS » sa température , ni dans , ses autres - quaiilés » appréciables par les sens , à l ' exception de » l ' odeur sulfureuse qui était prodigieusement » augmentée .Cette odeur ; à laquelle ; l ' habitude » me rend insensible dans les tems ordinaires ; » je la sentis d ' une manière extraordinaire dans » mes appartemeris j qui se trouvent .pourtant chimique et subite .",
                  "id": "13",
                  "title": "Mémoires publiés par l'Académie de Marseille"
            },
            {
                  "doc_url": "https://gallica.bnf.fr/ark:/12148/bpt6k54927g",
                  "emotions": [
                        "surprise",
                        "doubt"
                  ],
                  "excerpt": "Peuh dit m ' amour , qui badine , Es - tu bien heureux ? Pardme ! Je jardine , je jardine .IX La salive de tes baisers sent la dragée Avec je ne sais quoi d ' une épice enragée , Et la double saveur se confond tellement Que j ' y mange à la tois du sucre et du piment .C ' est dans le même instant l ' eau courante et la braise , C ' est plus chaud qu ' un alcool et plus frais qu ' une fraise .",
                  "id": "14",
                  "title": "Les caresses / par Jean Richepin"
            },
            {
                  "doc_url": "https://gallica.bnf.fr/ark:/12148/bpt6k10922622",
                  "emotions": [
                        "surprise",
                        "doubt"
                  ],
                  "excerpt": "! Quand on fuppoferoit » contre l ’ e ; 1 vidence , que les épidémies varioli * c ques de Londres reconnuffent peut e i r f ? 5 ) ^ caufè l ' inoculation , dès Tes premiers pms , feroit - il poflible que linfcéhon de l ' air , qui prenoit fa fource , dir - « n , dans cette Ville , eut été portée au - delà des mers ? Seroit - il croyable quelle eut donné naiflance aux épidémies varioliques les plus furieufes a Rome , à la Chine , en Tarrarie , enRulîîe , en Suede , en Dannemarc , a la Caroline , à BoftonTOn fait qu elles faifoient les plus grands ravages dans toutes ces contrées , & quelles y augmentoient beaucoup le nombre “ “ tPorcs > en même tems quelles fé - Vifloient en Angleterre .Au refte , s ' il eft ridicule de prétendre que quand on auroit inoculé tous les habitants de Londres , en même tenas que nous avons vu regner des épidémies dans tous les pays cités , toute l ' étendue de l ’ athmofphere eut ete fuffifamment chargée des émanations de ces varioleux inoculés à Lon - .tes , pour produire des épidémies JuIqu ’ aux extrémités les plus reculées f £ J te , rre ’ ’ tl n ’ eft pas moins ab - ^ irac d ’ avancer que l ’ inoculation ait toduitdans ces contrées , les épidé - ties dont nous avons parlé ; puif - 3Uon ne l ’ y pratiquoit point , excepté quelques endroits de la Chine .",
                  "id": "15",
                  "title": "Observations, sur la nature, les causes et les effets des épidémies varioliques et réfutation de quelques écrits, contre l'inoculation de la petite vérole. : Ouvrage, où l'on trouve les preuves les plus convaincantes, de l'utilité de cette pratique ; & les plus propres à déterminer enfin, tous les Citoyens à l'adopter."
            },
            {
                  "doc_url": "https://gallica.bnf.fr/ark:/12148/bpt6k781834",
                  "emotions": [
                        "surprise"
                  ],
                  "excerpt": "Si , par suite d ' une fausse manœuvre facile à concevoir , ce déclenchement se produisait pendant que les ouvriers sont dans les soutes , ceux - ci seraient infailliblement asphyxiés , et pourraient d ' autant moins se sauver que les 3 portes coupe - feu ouvrent à t ' intéricm ' dans un corridor tresétroit et obscur .Un tel accident n ' a rien d improbabte ; il s ' est produit récemment à un moment où heureusement personne ne se trouvait dans les soutes , et l ' on ne s ' en est apc ~ u que tongtempsaprës , quand l ' odeur du gaz sulfureux a envahi tes ateliers voisins .Dans ces conditions , le danger que présente un déversement intempestif de gaz sulfureux me parait supérieur aux chances minimes d ' incendie qu ' offrent ces hydrocarbures qui ne s ' enflamment qu ' à une température supérieure à ' ! 0 degrés .",
                  "id": "16",
                  "title": "Compte-rendu des séances du Conseil d'hygiène publique et de salubrité du département de la Seine / publié sous la direction du Préfet de la Seine et du Préfet de Police"
            },
            {
                  "doc_url": "https://gallica.bnf.fr/ark:/12148/bpt6k1054787",
                  "emotions": [
                        "surprise",
                        "disapproval",
                        "doubt",
                        "curiosity"
                  ],
                  "excerpt": "treras que des cœurs de marbre .Mon ami , dis - je à Robert , comment il n ' y aurait pas d ' honnêtes gens dans cette grande ville de Paris ? Et quand on croirait toucher une main amie , ce serait une main perMe , du poison au lieu du parfum des fleurs , cela n ' est pas possible ! Oh tu verras , me répondit Robert , tu verras surtout dans le monde que tu vas fréquenter .Après ça , ajouta Robert , il faut être totérant il y a ici des besoins si vifs , des nécessités si impérieuses , des entrainements si séduisants Notre déjeuner fut délicieux ; Robert l ' avait commandé avec un goût parfait .",
                  "id": "17",
                  "title": "Mémoires d'un bourgeois de province / par A.-G. de Mériclet,..."
            },
            {
                  "doc_url": "https://gallica.bnf.fr/ark:/12148/bpt6k1054787",
                  "emotions": [
                        "surprise",
                        "doubt"
                  ],
                  "excerpt": "Après l ' avoir dégusté lentement , le commandant me dit Il y a dans cette eau ~ e - vio du poivre long et de l ' ivraie ; elle est amère et acre au palais .Peut - être , ajouta - t - il , est - ce de t ' cau - de - vio de pommes de terre l ' odeur semblerait t ' indiquer .( ; ctt ~ ~ ' au - de - vif ' .",
                  "id": "18",
                  "title": "Mémoires d'un bourgeois de province / par A.-G. de Mériclet,..."
            },
            {
                  "doc_url": "https://gallica.bnf.fr/ark:/12148/bpt6k1054787",
                  "emotions": [
                        "surprise",
                        "disgust",
                        "disapproval",
                        "greed",
                        "doubt",
                        "embarrassment"
                  ],
                  "excerpt": "Quel 6 .parfum de corruption as - tu donc respiré dans Paris , pour arriver à une telle dégradation morale ' Toi , une sorte de paysan parvenu ? une façon de petit bourgeois , te suicider avec une femme mariée ) 1 Il faut à tout prix éviter ce dénoûment fatal .C ' est égal , il lie sera pas dit que j ' aurai moins de courage qu ' une femme frète et délicate ; quoi qu ' il arrive , je soutiendrai la gageure .",
                  "id": "19",
                  "title": "Mémoires d'un bourgeois de province / par A.-G. de Mériclet,..."
            },
            {
                  "doc_url": "https://gallica.bnf.fr/ark:/12148/bpt6k871105s",
                  "emotions": [
                        "surprise",
                        "grief",
                        "disgust",
                        "anger",
                        "disapproval",
                        "guilt"
                  ],
                  "excerpt": "Laissait s ’ entasser les forfaits .Et lasse se couchait sur sa litière infâme Parmi les peuples stupéfaits ; Celle qui torturant l ’ éternelle nature Faisait monter incessamment L ’ odeur de la mangeaille et de la pourriture Vers la blancheur du firmament ; Oui , celle - là , Prussiens , oui , vous l ’ avez tuée , Au long bruit d ’ un hurrah strident ; Bile a pour tombe , ainsi qu ’ une prostituée , La boue infâme de Sedan .La Revanche 75 Le ver victorieux la mange et la travaille .",
                  "id": "20",
                  "title": "Poèmes contemporains... / Désyr Ravon"
            }
      ]
}