{
      "articles": [
            {
                  "doc_url": "https://gallica.bnf.fr/ark:/12148/bpt6k920940g",
                  "emotions": [
                        "surprise",
                        "doubt"
                  ],
                  "excerpt": "Au fond , l ’ autel apparaît en un chaud miroitement d ’ or et de lueurs .Des Bouddhas géants , en bois doré , les yeux mi - clos , sourient à demi , aperçus confusément derrière le grand store qui pend devant eux — un treillis de fer ouvragé en dentelle , — et environnés de bannières , de lanternes , de lampes , de bouquets de fleurs magnifiques en métal doré v Dans un gigantesque brûle - parfums de bronze , dont le couvercle ajouré est I .On vient de supprimer les baraques dans l ’ enceinte du temple , par crainte des incendies .",
                  "id": "1",
                  "title": "Les capitales du monde"
            },
            {
                  "doc_url": "https://gallica.bnf.fr/ark:/12148/bpt6k11659155",
                  "emotions": [
                        "surprise",
                        "disgust",
                        "doubt"
                  ],
                  "excerpt": "Votre parfum n ’ est pas naturel , je veux dire qu ’ on ne le rencontre pas à cette dose dans la nature .Cet excès d ’ aromate vous écœure , n ’ est - ce pas , vous alourdit la tète déjà pleine de bruits , de pensées diverses , de chaos .Pour un instant , laissez cette poésie factice , dédaignez ces parfums trompeurs .",
                  "id": "2",
                  "title": "L'Elan : revue mensuelle bourbonnaise : littérature, arts, musique.. / dir. Paul Devaux"
            },
            {
                  "doc_url": "https://gallica.bnf.fr/ark:/12148/bpt6k9404726",
                  "emotions": [
                        "surprise",
                        "doubt",
                        "nervousness",
                        "curiosity",
                        "embarrassment"
                  ],
                  "excerpt": "Vous n ’ êtes pas sans avoir remarqué l ’ assurance presque impertinente du patron et des commis dans les boutiques très bien assorties qui se vantent de réunir tout ce que peuvent désirer les chalands ? Cette assurance était celle de Lise Emmelin .Des frisons roux qui lui becquettent les sourcils à la pointe de la mule qui 44 JUPE COURTE soulève des Valenciennes , tout son être mignon , montrant les dents , renflant le cou , pointant sous le surahles flèches de la gorge , faisant boulier la jupe d ’ un vif sursaut de reins — oh ! le troublant étalage ! — avait l ’ air de dire aux gens , dans des approches provocantes de tiédeurs et d ’ odeurs : « Parlez ! que vous faut - il ? Des perles dans un écrin rose ? J ’ en ai .Du duvet d ’ or blanc , qui veloute le dessous du menton ? En voici .",
                  "id": "3",
                  "title": "Jupe courte / Catulle Mendès"
            },
            {
                  "doc_url": "https://gallica.bnf.fr/ark:/12148/bpt6k5675645k",
                  "emotions": [
                        "surprise",
                        "anger",
                        "embarrassment"
                  ],
                  "excerpt": "MAXENCE .Des secrets ! — Bah ! CONSTANTIN , rouge comme un nez d ' Anglais après boire .Oui , monsieur .",
                  "id": "4",
                  "title": "La Femme de vingt-cinq ans, scènes et récits, par Xavier Aubryet..."
            },
            {
                  "doc_url": "https://gallica.bnf.fr/ark:/12148/bpt6k35277x",
                  "emotions": [
                        "surprise",
                        "grief",
                        "love",
                        "nervousness",
                        "embarrassment"
                  ],
                  "excerpt": "En disant ces mots , elle s ' apprêta à le mettre à ma boutonnière .Comme elle était penchée , mes lèvres effleurèrent ses cheveux parfumés et le dessus de son front .A cette sensation imprévue , elle retira brusquement la tête comme si une guêpe l ' eut piquée .",
                  "id": "5",
                  "title": "Un mois à Aix en Savoie : impressions et souvenirs (juillet 1875) / Denys Luce"
            },
            {
                  "doc_url": "https://gallica.bnf.fr/ark:/12148/bpt6k1265995f",
                  "emotions": [
                        "surprise"
                  ],
                  "excerpt": "Dans ce gros in - 8 de 720 pages .je trouve la constatation expérimentale d ' un fait qui va étonner beaucoup de chasseurs : le chien n ' est point l ' animal dont le sens olfactif soit le plus développé , c ' est l ' ours ; ce sont les plantigrades de cette famille , qui possédent de nez le plus fin .Quel puissant nez on obtiendrait en croisant un ours et un bloodhound ! Mais aussi quel bizarre animal sortirait de cette alliance ! J ' en frémis rien que d ' y penser ! Kant et de Blainville ont qualifié le sens de l ' odorat de : « goût à distance » et je trouve , ma foi , cette expression fort jolie et fort exacte .",
                  "id": "6",
                  "title": "L'Éleveur : journal hebdomadaire illustré de zoologie appliquée, de chasse, d'acclimatation et de la médecine comparée des animaux utiles"
            },
            {
                  "doc_url": "https://gallica.bnf.fr/ark:/12148/bpt6k6539002v",
                  "emotions": [
                        "surprise",
                        "nervousness"
                  ],
                  "excerpt": "Je me traitais comme un maladt et je buvais par force , comme s ' il se fût ag d ' un remède ordonné par un médecin , sou peine de la vie .Bientôt les vapeurs de la liqueur épaisse i sans doute était frelatée , m ' environmenent d ' un nuage , Comme j ' avais bu précitamment , l ' ivresse me prit tout à coup ; je sentis mes idées se troubler , puis se calmer , s se troubler encore .Enfin , la réflexion abandonnant , je levai les yeux au ciel , comme pour me dire adieu à moi - même , et tendis les coudes sur la table .",
                  "id": "7",
                  "title": "La confession d'un enfant du siècle / Alfred de Musset ; avec un portrait... par Eugène Lami... ; et une eau-forte de M. Lalauze ; d'après Bida"
            },
            {
                  "doc_url": "https://gallica.bnf.fr/ark:/12148/bpt6k97988912",
                  "emotions": [
                        "surprise",
                        "love",
                        "pride",
                        "doubt",
                        "curiosity"
                  ],
                  "excerpt": "Ne sera - t - il donc , ma foi , Que moi Qui vienne à toi la main vide ? N ' ai - je pu tout à loisir Choisir Aussi quelque fleur splendide ? Hélas ! Il n ' est , par malheur , De fleur Ici - bas assez vivace Pour que de son incarnat L ' éclat En un matin ne s ' efface .Pas de fleur ? oh ! qu ' est ceci ? Mais si ! Il en est une , immortelle : Son parfum règne en mon cœur , .Vainqueur , Et c ' est Amour qu ' on l ' appelle t Alphonse CROS , Membre titulaire .",
                  "id": "8",
                  "title": "Lice chansonnière : recueil de chansons et autres poésies"
            },
            {
                  "doc_url": "https://gallica.bnf.fr/ark:/12148/bpt6k3072652x",
                  "emotions": [
                        "surprise",
                        "love",
                        "pride",
                        "caring",
                        "doubt",
                        "embarrassment"
                  ],
                  "excerpt": "— 18 ( ( J ’ espère arriver un jour au succès , comme la comtesse Othmar me l ’ a prédit .J ’ ai quelque chose là , dit - elle en se frappant le front ; ce n ’ est chez moi ni vanité ni folie : c ’ est inhérent à ma nature comme le chant à l ’ oiseau , le parfum à la fleur ! Mais comment arriver à me faire entendre ? — Pauvre enfant ! qui sait si le monde se soucierait de vous plus longtemps que la comtesse Othmar ne s ’ en est souciée elle - même ! — J ’ aurai du moins essayé .» Obstination du génie , préférant l ’ insuccès à l ’ oubli ! Comme Auguste et Agrippa représentaient l ’ image de la toute - puissance aux yeux des jeunes tilles romaines lorsqu ’ elles les voyaient se rendre de leur palais au temple , Othmar produisait le même effet sur l ’ orpheline .",
                  "id": "9",
                  "title": "Othmar : roman traduit de l'anglais.... Tome 1 / Ouida ; par Hephell"
            },
            {
                  "doc_url": "https://gallica.bnf.fr/ark:/12148/bpt6k57732556",
                  "emotions": [
                        "surprise",
                        "disgust",
                        "doubt",
                        "curiosity"
                  ],
                  "excerpt": "Mais là , on se trouve en opposition avec les ivrognes qui tiennent au goût spécial de leur liqueur favorite .N ' entendez - vous pas , par exemple , vanter le parfum de l ' eau - de - vié de marc ? Or , ce parfum est un poison I MM .Dujardin et Audigé ont fait des expériences pour classer les divers alcools dans l ' ordre de leur puissance toxique .",
                  "id": "10",
                  "title": "Paris horrible et Paris original / Georges Grison"
            },
            {
                  "doc_url": "https://gallica.bnf.fr/ark:/12148/bpt6k9760074g",
                  "emotions": [
                        "surprise"
                  ],
                  "excerpt": "levier , auroit exigé beaucoup plus de force , pour être contenue , qu ' il ne lui en - faut dans , son état adtuel .E n effet , l a tête de la plupabt des quadrupèdes n ' est par , à beaucoup près , aussi pelante qu ' elle paroît l ' être à la simple vue , d ' après la grande capacité des sinus trontaux , qui qug - * niante > l ' organe ^ de de l ' odorat .Les soues de 1 a partie antérieure ? du cv ≠ font .",
                  "id": "11",
                  "title": "Traité d'anatomie comparée , par Alexandre Monro,... publié par son fils Alexandre Monro. Nouvelle édition,... avec des notes, traduite de l'anglais par M. Sue fils"
            },
            {
                  "doc_url": "https://gallica.bnf.fr/ark:/12148/bpt6k76768d",
                  "emotions": [
                        "surprise",
                        "disgust",
                        "anger",
                        "fear",
                        "disapproval",
                        "excitement",
                        "gratitude",
                        "nervousness",
                        "pain",
                        "embarrassment"
                  ],
                  "excerpt": "Le somtnei ! est diMcUe , souvent interrompu ; rêvasserie ! rinsf ' nsibUite morate survient ; un air destupeuraneu , et ! a somno ! ence se prononce de nouveau - Une nouveUe s ~ rie de symptômes adynannques se d < $ ve ! oppe .les narines se bouchent et ( brcent ! a ma ! ade à respirer par ta bouche .La langue devient rouge , sèche , et se Pendiî ! e peuà - pcu eue se couvre d ' une crouteépaisse , noirâtre , fuligineuse ; tout indique un ~ panchement largement étendu a ia surface de ! ' encëphate .",
                  "id": "12",
                  "title": "Mémoire sur l'asthénie , par J.-L. Brachet,..."
            },
            {
                  "doc_url": "https://gallica.bnf.fr/ark:/12148/bpt6k65479832",
                  "emotions": [
                        "surprise",
                        "doubt",
                        "curiosity",
                        "faith"
                  ],
                  "excerpt": "C ' est là , sur la place Soult - Bey que se perd la préfecture .Mais , devant elle , que font , dans la poussière , tous ces hommes qui sentent le musc ? Où vont - ils avec leur sacoche gonflée de douros , avec ces burnous neufs , ces éventails et ces paquets informes , avec ces regards inspirés et ces faces ascétiques , avec ces chapelets de bois et ces parapluies de coton ? Ce sont des croyants arrivés de Laghouat , de Gardaïa , d ' In - Çalah , de plus loin encore .Ils campent là depuis quatre jours et , avec une indolence fataliste , ils attendent un passeport .",
                  "id": "13",
                  "title": "Autour de la Méditerranée.... d'Alger à Tanger / par Marius Bernard"
            },
            {
                  "doc_url": "https://gallica.bnf.fr/ark:/12148/bpt6k5356429t",
                  "emotions": [
                        "surprise"
                  ],
                  "excerpt": ".— Sera vierge de crise théâtrale jusqu ’ à dimanche prochain , si toutefois l ’ organe olfactif de Vérax est rentré dans son état normal I * ★ * La ville des Capitouls est vouée depuis trois jours à l ’ envahissement d ’ une population hétérogène qui encombre les trottoirs , et reste , bouche béante , devant les vitrines étincelantes des magasins .Impossible de fendre les flots de cet océan de villageois vêtus de neuf , sans courir le risque de recevoir un bébé de carton en pleine poitrine , ou une arche de Noé dans les jambes .",
                  "id": "14",
                  "title": "Le Midi artiste : journal spécial des théâtres, concerts, skatings, etc."
            },
            {
                  "doc_url": "https://gallica.bnf.fr/ark:/12148/bpt6k3043131h",
                  "emotions": [
                        "surprise",
                        "joy",
                        "optimism",
                        "desire",
                        "nostalgia",
                        "excitement"
                  ],
                  "excerpt": "268 POEMES ET PECITS La brise éventait mon réduit , Ft , sur la terre reposée , Les brumes froides de la nuit Fondaient , goutte à goutte , en rosée .J ’ aspirais l ’ odeur du jardin , Quand d ’ un massif , où danse un Faune , Un merle , s ’ échappant soudain , Raya l ’ air d ’ un trait noir et jaune ; Ft , montant , chantant à la fois , Atteignit la branche ravie Qui s ’ en va , par dessus les toits , Chercher la lumière et la vie .— C ’ était l ’ aube pure , l ’ amour , Les nids , le printemps et ses charmes : J ’ ai fermé ma fenêtre au jour , Ft me suis couché tout en larmes .",
                  "id": "15",
                  "title": "Poèmes & récits / par Charles Frémine,..."
            },
            {
                  "doc_url": "https://gallica.bnf.fr/ark:/12148/bpt6k86308776",
                  "emotions": [
                        "surprise",
                        "doubt"
                  ],
                  "excerpt": "Celle qui fait les gares .Embusquée sur le trottoir ou virevoltant autour des urinoirs à demi plongés dans l ' ombre , qui de nous ne l ' a cent fois croisée et rencontrée aux alentours de la gare de Lyon , de la gare Saint - Lazare surtout ? La gare Saint - Lazare est leur rendez - vous général , elles y effluent de tous les points extrêmes de Paris , sur le coup de cinq heures , comme invinciblement , fatalement attirées par ce nom mystérieux : Saint - Lazare .Jeunes ou vieilles , elles devront s ' échouer là quelque jour et , pour la plupart , la prison n ' est - elle pas une maison amie , le couvent de retraite où l ' on ne travaille pas , où on ait le droit de dormir enfin seule .",
                  "id": "16",
                  "title": "Vingt femmes... / Jean Lorrain"
            },
            {
                  "doc_url": "https://gallica.bnf.fr/ark:/12148/bpt6k5438587x",
                  "emotions": [
                        "surprise",
                        "doubt",
                        "curiosity"
                  ],
                  "excerpt": "Il est dans la lumière et , tout fier , s ' applaudit , Mais le cercle fermé , les chemins sans issues , Et les fleuves sans ponts , espérances déçues , Vont tout net l ' arrêter ! Oh 1 non ! il passera Et , ses ailes s ' ouvrant , rien ne l ' arrêtera .Après quoi court - il donc et quel démon le mène ? Que cherche - t - il ainsi dans ce vaste domaine ? Ne lui demandez pas s ' il poursuit un trésor , Une fleur parfumée à la corolle d ' or , Ou bien encor s ' il veut , au temple de mémoire , Voir son nom enchâssé dans un rayon de gloire .A cela pense - t - il ? Il entend une voix Harmonieuse et douce , et puissante à la fois ; Il l ' écoute , il tressaille , et c ' est là son excuse : Le voilà tout heureux ; la gloire ! il la récuse , Ses baisers sont trop chers et , dans ses alentours , Sifflent trop de serpents , rôdent trop de vautours .",
                  "id": "17",
                  "title": "Mes rêves / Maxime Lorin ; avec une préface de Henry Carnoy"
            },
            {
                  "doc_url": "https://gallica.bnf.fr/ark:/12148/bpt6k5445486h",
                  "emotions": [
                        "surprise"
                  ],
                  "excerpt": ".Je ne connaissais pas cette odeur .— C ' est assez rare et .",
                  "id": "18",
                  "title": "Satane : roman / Sophie Harley"
            },
            {
                  "doc_url": "https://gallica.bnf.fr/ark:/12148/bpt6k5445486h",
                  "emotions": [
                        "surprise",
                        "doubt",
                        "curiosity"
                  ],
                  "excerpt": "Sait - on que M .d ' Esclars était l ' un et l ' autre ? C ' est , d ' abord , un délicieux boudoir blanc et or , sentant bon comme celui d ' une courtisane , avec des pouffs et des divans et des coussins partout , un délicieux boudoir à l ' orientale où le bruit des pas meurt sur des tapis , où les portes se perdent sous de lourdes draperies , où les murs disparaissent sous de riches étoffes aux tons neutres .Le plafond , qui semble de soie et de velours , supporte une lampe turque , en verre opaque , qui , tamisant la lumière , enveloppe les choses d ' une demi - obscurité troublante et laisse tout voir dans un jour plein de mystère .",
                  "id": "19",
                  "title": "Satane : roman / Sophie Harley"
            },
            {
                  "doc_url": "https://gallica.bnf.fr/ark:/12148/bpt6k3076149z",
                  "emotions": [
                        "surprise"
                  ],
                  "excerpt": "11 va sans dire que pendant la saison rigoureuse , le vêtement se complique de peaux de phoques , de moutons , de fourrures , taillées en forme de grossiers paletots .En entrant dans la première habitation qu ’ ils rencontrèrent , les voyageurs reculèrent , saisis au nez et aux yeux par une fumée jaunâtre , épaisse , âcre et piquante , qui les fit pleurer .Elle était produite par un feu de tourbe qui brûlait au centre de la pièce et qui n ’ avait d ’ autre issue qu ’ un trou percé au sommet .",
                  "id": "20",
                  "title": "Deux ans de navigation : exploration de l'amiral Chérétoff sur la corvette \"le Saint-Nicolas\" / par H. Marguerit"
            }
      ]
}