{
      "articles": [
            {
                  "doc_url": "https://gallica.bnf.fr/ark:/12148/bpt6k66584w",
                  "emotions": [
                        "surprise",
                        "disapproval",
                        "doubt"
                  ],
                  "excerpt": ") Cette aimable petite fleur n ' a pas la beauté éclatante de la rosé , ainsi que le dit Alcanter de Brahm , dans son joli poème La Violette de Toulouse : Tu n ' as pas t ' orguei ! de la roso dont te rubis , couleur de san ~ r , évoque l ' aspect grandiose d ' un amour trop incandescent .Mais , en revanche , ajoute le méma poète Ni le lotus aux chastes poses , ni le muguet un peu pùlot , ni l ' églantine , enfant des rosés , ni l ' oeillet blanc , frète jabot , ne sont doués du charme tondre que tu revêts au demi - dcuii grave et modeste , & me surprendre par ton parfum de bon accueil .( Les VO ! ; C < ! HC « * MMCS .",
                  "id": "1",
                  "title": "Les végétaux dans les proverbes / Charles Rozan"
            },
            {
                  "doc_url": "https://gallica.bnf.fr/ark:/12148/bpt6k961240j",
                  "emotions": [
                        "surprise",
                        "joy",
                        "amusement"
                  ],
                  "excerpt": "C ’ étaient d ’ heureuses maisons , dont chacune Avait , au printemps , son nid de cigognes , emblème de bonheur familial religieusement respecté .Dans nulle autre , on n ’ entendait plus joyeux rires d ’ enfants ; d ’ aucune , ne s ’ exhalaient , aux jours de fêtes , plus alléchants parfums d ’ oies grasses et de tartes aux quetsches ( sorte de prunes ) ; et l ’ arbre chargé de cadeaux , qu ’ on allumait pour Noël , était si magnifique , ? ; u ’ en apercevant de loin le rayonnement des enêtres , on aurait cru la maison en feu .Les anciens du pays souriaient déjà au joli couple que promettaient de former Christian et Suzel .",
                  "id": "2",
                  "title": "Les Belles images"
            },
            {
                  "doc_url": "https://gallica.bnf.fr/ark:/12148/bpt6k486511n",
                  "emotions": [
                        "surprise",
                        "anger",
                        "doubt"
                  ],
                  "excerpt": "1 ' v PovieV , pêcher albergier .ifff ! Prat ( Erbo de ) , flouve odorante , ' J Piièbouisset , a ^ oM piquant .Prèboui & so , fragon piquant .",
                  "id": "3",
                  "title": "Bulletin de la Société archéologique, scientifique et littéraire de Béziers..."
            },
            {
                  "doc_url": "https://gallica.bnf.fr/ark:/12148/bpt6k91252v",
                  "emotions": [
                        "surprise",
                        "nervousness",
                        "pain"
                  ],
                  "excerpt": "Tous les yeux regardaient la pierre ; et soudain un chien , un petit chien noir , une sorte de roquet , s ' en approcha .Il fit le tour , flaira et découvrit sans doute une odeur suspecte , car il commença à japper de toute sa force , les pattes roides , le poil du dos hérissé , la queue tendue , les oreilles droites .Un rire courut dans le public , un rire cruel ; on espérait qu ' il ne s ' en irait pas à temps .",
                  "id": "4",
                  "title": "Mont-Oriol / Guy de Maupassant"
            },
            {
                  "doc_url": "https://gallica.bnf.fr/ark:/12148/bpt6k75890m",
                  "emotions": [
                        "admiration",
                        "surprise",
                        "faith"
                  ],
                  "excerpt": "dans l ' ombre de la mort .Là - bas , l ' air est divin , le ciel bleu , les nuits pures , Va surprendre la vie au cœur de la nature ! A l ' heure dorée où retournent les troupeaux , Gardant dans leurs toisons d ' étranges parfums d ' herbes , Dea prés en fleurs ou bien des champs couverts de gerbes , On voit venir parfois un triste chemineau .Il connaît les sentiers qui mènent aux hameaux Choisissant l ' heure où vont mûrir les fruits acerbes Dans la chaleur des soirs et des matins superbes , A pas lents , on le voit dévaler des coteaux .",
                  "id": "5",
                  "title": "Les poètes sociaux : anthologie de poésies sociales / morceaux choisis accompagnés d'une préf. et de notes par Georges Normandy et M.-C. Poinsot"
            },
            {
                  "doc_url": "https://gallica.bnf.fr/ark:/12148/bpt6k5471342k",
                  "emotions": [
                        "surprise",
                        "disgust"
                  ],
                  "excerpt": "Au bout de 4 à 5 jours apparaît de l ' irido - cyclite séreuse sympathique grave dans l ' oeil congénère .Ce qui nous a frappé , c ' était l ' aspect cachectique du sujet et l ' odeur nauséabonde qu ' il exhalait du nez et de la bouche , par suite d ' une gingivite tartreuse habituelle , accompagnée d ' ozène .Comme les urines étaient normales , et en l ' absence de toute autre lésion viscérale , nous avons admis la toxhémie dérivant du mauvais état de la bouche et du nez .",
                  "id": "6",
                  "title": "Rapport sur le rôle de l'auto-infection dans les maladies oculaires / par Ph. Panas"
            },
            {
                  "doc_url": "https://gallica.bnf.fr/ark:/12148/bpt6k63474529",
                  "emotions": [
                        "surprise",
                        "pain"
                  ],
                  "excerpt": "Dans le foyer , point de bûche de Noël craquant joyeusement sous les baisers de la flamme ; autour du foyer , point d ' enfants rieurs ni d ' amis bienveillants : partout le froid , le vide , la tristesse et la misère , plus froide que l ' hiver et triste à l ' égal du trépas .Derrière les rideaux baissés du lit , on entendait une respira - tion haletante et , par moment , une exclamation brève et douloureuse .- Mère ! dit tout à coup une voix d ' enfant ; une voix faible , éteinte et qui semblait si lointaine , si lointaine , qu ' on l ' aurait crue sortie de la tombe .",
                  "id": "7",
                  "title": "Promenades botaniques de tous les mois / E.-D. Labesse et H. Pierret ; 100 dessins de MM. Clair Guyot, Ch. Gosselin, L. Mouchot [et al.] ; gravure de F. Méaulle"
            },
            {
                  "doc_url": "https://gallica.bnf.fr/ark:/12148/bpt6k62971154",
                  "emotions": [
                        "surprise"
                  ],
                  "excerpt": "VIII Tu brilles des beautés de la simple nature ; Tu dédaignes la poudre , et négliges le fard Bon pour la courtisane et pour le teint blafard ; Ton visage poupin ne sent pas la peinture .L ' odeur de Dalila , dont s ' enivra Samson , C ' était un parfum rare , un arome mystique ; La tienne vient , je crois , de la même boutique , Mais pas de chez Piver , ni fromJ .Atkinson .",
                  "id": "8",
                  "title": "Haute école : poésies / Félix Naquet"
            },
            {
                  "doc_url": "https://gallica.bnf.fr/ark:/12148/bpt6k6547867m",
                  "emotions": [
                        "surprise"
                  ],
                  "excerpt": "On se décide enfin à nous trouver des chambres .Quand j ' ouvre ma cantine , une forte odeur s ' en dégage ; tout est plein d ' un liquide brun ; c ' est la pharmacie qui a dansé ; les bouteilles se sont cassées ; tout est sale .Gaston et Théo me consolent de leur mieux .",
                  "id": "9",
                  "title": "Notes de voyage : de Paris à Alexandrie, l'Egypte, la Palestine, la côte de Phénicie, la Syrie, le retour / Philippe Berger"
            },
            {
                  "doc_url": "https://gallica.bnf.fr/ark:/12148/bpt6k5851175p",
                  "emotions": [
                        "surprise",
                        "envy",
                        "curiosity"
                  ],
                  "excerpt": "Quant à vous , ajoutat - il en repoussant le vieillard , restez ici .Lorsque le gentil personnage qui dégageait une étourdissante odeur d ' eau de Cologne fut entré , il demeura émerveillé à la vue du luxe effréné qui éclatait de toutes parts .Ce n ' était que pierres , étoffes et bois précieux .",
                  "id": "10",
                  "title": "Les Petits bonshommes"
            },
            {
                  "doc_url": "https://gallica.bnf.fr/ark:/12148/bpt6k9361643",
                  "emotions": [
                        "surprise",
                        "nostalgia",
                        "excitement"
                  ],
                  "excerpt": "L ’ amusement , la joie en plein .Ah ! qu ’ on est loin de la ville puante , des machines ronflantes , des bruits assourdissants de l ’ usine et des ateliers ! ! ! Vive le Scout et le Scoutisme ! Mais que le temps passe vite .Voici que l ’ on va bientôt dîner .",
                  "id": "11",
                  "title": "Le Scout : organe bi-mensuel du scoutisme / [gérant Jean Legendre]"
            },
            {
                  "doc_url": "https://gallica.bnf.fr/ark:/12148/bpt6k62971154",
                  "emotions": [
                        "surprise",
                        "nostalgia",
                        "pride",
                        "doubt",
                        "curiosity"
                  ],
                  "excerpt": "LA GRANDE PRÊTRESSE , à l ' intérieur .Sens - tu ces vapeurs enivrantes ? Des chevelures odorantes En écheveaux dorés ou bruns , Présents des vierges rachetées , Dans ces cassettes argentées Reposent entre des parfums .SCBurs , dévoilez , au son des sistres , Les mamelles et les registres De la sombre idole qui dort ; Roi , pénètre le saint mystère De la déesse salutaire Qui verse la vie et la mort .",
                  "id": "12",
                  "title": "Haute école : poésies / Félix Naquet"
            },
            {
                  "doc_url": "https://gallica.bnf.fr/ark:/12148/bpt6k5459585z",
                  "emotions": [
                        "surprise",
                        "doubt"
                  ],
                  "excerpt": "38 Un soir ( temps que choisit la fantasmagorie ) Un capucin prêchait sur la coquetterie .D ' abord le révérend fait en mots doucereux De tout son appareil le détail fastueux ; Puis , prenant par degrés une voix foudroyante : Eh ! pour qui tout ce fard , tous ces parfums divers ? Pour qui ces diamans , cette plume brillante ? Pour un front qui dans peu , dévoré par les vers , De ses adorateurs deviendra l ' épouvante .Oui , mortels que séduit l ' éclat de la beauté , Regardez : la voilà votre divinité .",
                  "id": "13",
                  "title": "Loisirs d'un vieillard, ou Mélanges poétiques, par N.-R. Camus-Daras"
            },
            {
                  "doc_url": "https://gallica.bnf.fr/ark:/12148/bpt6k9750693m",
                  "emotions": [
                        "surprise"
                  ],
                  "excerpt": "Mais , ainsi que tu viens de le dire , Marguerite , si le matin , jeune , riche et belle , elle recueille tous les hommages , hélas ! triomphe éphémère , l ' astre du jour n ' a point atteint l ' horizon , que déjà , courbant son front pâle vers la terre , elle la couvre des débris de sa parure .Qui le croirait ? le suave parfum de la rose a aussi ses détracteurs .Le chevalier de Guise s ' évanouissait à la vue d ' une rose , et Catherine de Médicis ne pouvait même supporter l ' aspect d ' un tableau représentant un bouquet de ces fleurs .",
                  "id": "14",
                  "title": "Visite à ma fenêtre ou Entretiens d'un vieux naturaliste avec ses enfants / par M. M***"
            },
            {
                  "doc_url": "https://gallica.bnf.fr/ark:/12148/bpt6k90612g",
                  "emotions": [
                        "surprise",
                        "annoyance"
                  ],
                  "excerpt": "La disttHation de t ' ait avec de l ' eau donne une hutte dense , jaune , d ' une odeur repoussante , qu ' on rectifie pourobtenir l ' essence d ' ail pure .C ' est un liquide incolore , très - réfringent , d ' une forte odeur d ' ail , volatil et plus léger que ! ' cau .Une température de 00 * le décompose .",
                  "id": "15",
                  "title": "Cours élémentaire de chimie / par H. Debray,..."
            },
            {
                  "doc_url": "https://gallica.bnf.fr/ark:/12148/bpt6k6294696c",
                  "emotions": [
                        "surprise",
                        "doubt"
                  ],
                  "excerpt": "m , q ui C est assez semblable à un Che - vreuil .Cet animal qu ' on voit au Royaume de Pegu dans les Indes , ne se repaist ordinaire - ment que d ' Herbes aromatiques , d ' où vient que cette matiere excrementeuse étant hors de cette tumeur , & exposée aux rayons du Soleil , devient un parfum tres suave , qui est tout ensemble cephalique , cordial & stomac hique .L ' Ambre gris est un Bicitnie qui découle de quelques fonta ines dans la mer , où il se condense , & d ' où il est jetté a bord , principalement ; sur le rivage des Isles Maldives , où il est digeré & ! exalté par la chaleur du Soleil .",
                  "id": "16",
                  "title": "Le bon usage du thé, du caffé et du chocolat pour la préservation et pour la guérison des maladies / par Mr de Blégny,..."
            },
            {
                  "doc_url": "https://gallica.bnf.fr/ark:/12148/bpt6k6253045k",
                  "emotions": [
                        "surprise"
                  ],
                  "excerpt": "Les odes catholiques fument partout comme un encens .Les figures énergiques et accentuées des Diderot , des Voltaire , des Helvétius , des Condorcet , sont enveloppées soudain comme d ' un nuage opaque et parfumé .La maladie devient à la mode , les anémies et les phthisies prennent le haut rang dans les lettres : ce n ' était plus , on le voit , l ' heure de ces positifs esprits du siècle passé qui réclamaient à la fois la santé physique et la santé intellectuelle de l ' homme .",
                  "id": "17",
                  "title": "Encyclopédie générale. Tome 2 / comité de publication : Michel Alcan, Louis Asseline, G. Avenel, etc."
            },
            {
                  "doc_url": "https://gallica.bnf.fr/ark:/12148/bpt6k65289847",
                  "emotions": [
                        "surprise",
                        "doubt"
                  ],
                  "excerpt": "Moi surtout , qui hais tant le trouble et lacontraillte , Pour mes goûts nonchalants que faire en cette enceinte Où d ' obstacles sans fin le passant assiégé Ne peut faire trois pas sans être dérangé ; Où la foule vous presse en avant , en arrière ; Où l ' on croit respirer en humant la poussière ; Où des plaisirs infects du fumeur effronté L ' air , devenu poison , s ' épaissit empesté ; Où partout mon désir rencontre une défense : Où l ' on ne permet rien , si ce n ' est la licence ? Ce tapis de gazon sourit à mes regards : Mais un réseau de fer l ' enclôt de toutes parts .La teur ouvre au zéphir sa corolle embaumée : Mais pour qui ces parfums , quand l ' approche est ferCe réduit a du charme et j ' allais m ' y glisser : [ mée ? Mais un cerbère est là , prompt à me repousser .' De ces hauts marronniers je veux goûter l ' ombrage : Un cordon de soldats m ' interdit le passage .",
                  "id": "18",
                  "title": "Oeuvres diverses / St-A. Berville"
            },
            {
                  "doc_url": "https://gallica.bnf.fr/ark:/12148/bpt6k65289847",
                  "emotions": [
                        "surprise",
                        "nostalgia",
                        "caring",
                        "doubt",
                        "nervousness"
                  ],
                  "excerpt": "Méprise , tu le peux .En effet , quelle crainte Inspire une jeunesse au corps tout parfumé , Aux soins de la parure un peuple accoutume ? Mais fuis le sol gaulois , la cote d ' Illyrie ; Garde - toi d ' irriter la farouche Ibérie ; Paix à ces moissonneurs , dont le bras généreux Nourrit ce peuple vain , fou du cirque et des jeux .Et puis , de tes rigueurs qu ' aurais - tu pour salaire ? Marius vient encor de piller leur inisere .",
                  "id": "19",
                  "title": "Oeuvres diverses / St-A. Berville"
            },
            {
                  "doc_url": "https://gallica.bnf.fr/ark:/12148/bpt6k9786325f",
                  "emotions": [
                        "surprise",
                        "grief",
                        "sadness",
                        "nostalgia",
                        "despair"
                  ],
                  "excerpt": "Tremblante , je te tends mes bras ! LES ORCHIDÉES Ces orchidées sont si belles Parmi les herbes odorantes ! Je les ai cueillies toute la matinée , Mais , hélas ! jusqu ' au soir , Je n ' en ai que peu dans mes bras .Les cueillir , pour qui ? Celui à qui je pense est si loin de moi ! Les parfums s ' envolent , Les fleurs se fanent si vite ! Je sens languir mon cœur ..",
                  "id": "20",
                  "title": "Anciens poèmes chinois d'auteurs inconnus (Nouvelle édition revue et augmentée) / traduits par Tsen Tsomming"
            }
      ]
}