{
      "articles": [
            {
                  "doc_url": "https://gallica.bnf.fr/ark:/12148/bd6t5374724r",
                  "emotions": [
                        "surprise",
                        "nostalgia"
                  ],
                  "excerpt": "de Lamartine .Quand , dans les belles nuits , après un jour morose , Le ciel devient plus calme et l ’ écho dort sans voix , Et qu ’ il pleut des parfums des lèvres de la rose , Entends - tu soupirer le barde ailé des bois ? De son chant les notes perlées , Comme des airs capricieux .Glissent en gammes modulées Et font vibrer ton cœur joyeux .",
                  "id": "1",
                  "title": "Choix de poésies d'un sourd-muet, par M. P. Pélissier,..."
            },
            {
                  "doc_url": "https://gallica.bnf.fr/ark:/12148/bd6t5374724r",
                  "emotions": [
                        "surprise",
                        "nostalgia",
                        "doubt",
                        "curiosity"
                  ],
                  "excerpt": "GAZAN , sourd - muet .Avez - vous jamais vu , dans la nuit étoilée , Quand une légion de globes scintillants À la voûte du ciel s ’ éparpille voilée , là - bas à lhorizon des astres pâlissants ? Dans un riant bosquet , au fond du ia vallée Avez - vous jamais vu des arbres verdoyants Protéger de leur ombre une fleur isolée boni le parfum attire et fixe les passants ? Et ces astres bientôt s ' effacent à la vue ; Ma poésie ainsi poursuit inaperçue , Sans l ’ atteindre jamais , le champ de l ’ avenir .Mais heureux si , du moins , mon essai poétique , Pareil à cette fleur , au parfum sympa hique , Me rappelle longtemps à votre souvenir ! DISCOURS PRONONCÉ EN LANGAGE MIMIQUE , A LA DISTRIBUTION DES PRIX DE L ’ INSTITUT NATIONAL DES SOURDS MUETS DE PARIS , LE 11 AOUT 1846 .",
                  "id": "2",
                  "title": "Choix de poésies d'un sourd-muet, par M. P. Pélissier,..."
            },
            {
                  "doc_url": "https://gallica.bnf.fr/ark:/12148/bpt6k1148246",
                  "emotions": [
                        "surprise",
                        "anger",
                        "fear",
                        "courage",
                        "pain",
                        "embarrassment"
                  ],
                  "excerpt": "0 Virgile Virgile quelle est cette femme ? disait - elle fièrement et Virgile s ' avançait , les yeux fixés sur celle qui était sainte .Elle saisit la première , et déchira sa robe par devant , et me montra son ventre ; et , je ( us réveillé par la puanteur qui s ' en Je tournai les yeux , et le bon Virgile me dit Je t ' ai appelé au moins trois fois ; lève toi et viens , trou - vons le passage par lequel tu entreras .Je me levai , et déjà les cercles de la montagne étaient remplis des rayons du nouveau jour , et nous marchions avec le soleil naissant derrière nous .",
                  "id": "3",
                  "title": "La divine comédie / de Dante Alighieri ; traduction nouvelle accompagnée de notes par Pier-Angelo Fiorentino"
            },
            {
                  "doc_url": "https://gallica.bnf.fr/ark:/12148/bpt6k1148246",
                  "emotions": [
                        "surprise",
                        "doubt"
                  ],
                  "excerpt": "Leurs yeux semblaient des bagues sans pierres ceux qui lisent sur la face des hommes OMO , y auraient bien reconnu la lettre M .Qui pourrait croire , avant d ' en savoir la raison , que l ' odeur d ' un fruit et celle de l ' eau les réduit à ce point en faisant naître leur désb ? J ' étais déjà à me demander qu ' est - ce qui les affamait , ne comprenant pas encore la cause de leur maigreur et de leur triste écaille .Et voilà que des profondeurs de son crâne une ombre tourna ses yeux vers moi , et me regarda fixe - * ment , puis elle .",
                  "id": "4",
                  "title": "La divine comédie / de Dante Alighieri ; traduction nouvelle accompagnée de notes par Pier-Angelo Fiorentino"
            },
            {
                  "doc_url": "https://gallica.bnf.fr/ark:/12148/bpt6k1148246",
                  "emotions": [
                        "surprise",
                        "doubt",
                        "faith",
                        "embarrassment"
                  ],
                  "excerpt": "La mer que fend ma proue hardie ne convient ni à une petite barque , ni à un nocher qui épargne sa peine .Poùrquoi mon visage t ' enivre - t - il ainsi ^ que tu ne te tournes pas vers le beau jardin qui tleurit sous les rayons du Christ ? Là est la rose dans laquelle le Verbe divin se fit chair , et là sont les lis dont l ' odeur enseigne le bon chemin .Ainsi parla Béatrix , ; et moi , qui étais empressé à ses conseils j ' essayai encore une fois de vaincre la faiblesse de mes paupières .",
                  "id": "5",
                  "title": "La divine comédie / de Dante Alighieri ; traduction nouvelle accompagnée de notes par Pier-Angelo Fiorentino"
            },
            {
                  "doc_url": "https://gallica.bnf.fr/ark:/12148/bpt6k58491962",
                  "emotions": [
                        "surprise",
                        "grief",
                        "doubt"
                  ],
                  "excerpt": "Etait - ce toi , forme pour envelopper toute ma douleur vague , Béatrice frêle encor qu ' Ophélie , héroïne ou écharpe , image ou sonorité , phrase ou rythme , était - ce toi , seulement chair drapée en l ' attitude préparée et mythique , , amante plus noble qu ' aux attendus carrefours , amante pour la modulation frêle du mot , étaient - ce vous , Lyres ou Vierges , Idées peut - être — sont - elles .pas mortes , — était - ce toi , colonne de Sion , nuage odorant , encens probable , idole virtuelle , — était - ce moi , seulement moi émané ^ ux subtilités flottantes et suffocantes du brouillard , — sans nul doute ? Et , depuis ce jour , ma toute pensée erra vers ta fuite rapide , vers ta course de folie et de fatigue , par les chemins , par mon chemin , entre les haies blanches de lune , entre les haies stupides de mon silence lunaire .Comme tu sautais , comme ton pas savait la danse irritante et nacrée , sous les plis blancs de ta robe , la danse d ' Offertoire .",
                  "id": "6",
                  "title": "Vers et prose : recueil trimestriel de littérature / directeur : Paul Fort"
            },
            {
                  "doc_url": "https://gallica.bnf.fr/ark:/12148/bpt6k3399691g",
                  "emotions": [
                        "surprise",
                        "nostalgia"
                  ],
                  "excerpt": ".Et , tandis qu ' un goût sur de poix , d ' algues marines , S ' impose , avec ces bruits , à mes sens d ' étranger , Révélant l ' Orient soudain à mes narines Passe un parfum d ' anis , de rose et d ' oranger .EL DJEZAIR El Djezaïr , Alger - la - Blanche , D ' un geste coquet , pour s ' y voir , Sur sa baie ovale se penche Comme Ouardïa sur son miroir .",
                  "id": "7",
                  "title": "Lumière, Alger-la-Blanche : poésies / Georges Droux"
            },
            {
                  "doc_url": "https://gallica.bnf.fr/ark:/12148/bpt6k3399691g",
                  "emotions": [
                        "surprise",
                        "doubt"
                  ],
                  "excerpt": "Leur parfum les trahit avant qu ' on les découvre .On passait ; on s ' arrête , on recherche , on entr ' ouvre Les rameaux d ' émeraude aux grappes de corail Et l ' on voit , tout surpris , par ce vert soupirail , Les cyclamens sourire en l ' ombre fraîche et douce , Semblables à ces fleurs qui , dans leur nid de mousse , Sous un ciel moins clément , se cachent pour s ' ou - Et que leur seule odeur parfois fait découvrir .[ vrir Violettes d ' Afrique à la pâle corolle , Frêle et vibrante ainsi qu ' une aile qui s ' envole , Vous donnez votre grâce exquise , Cendrillons , Aux coins obscurs dédaignés par les papillons , Et vous ressemblez , fleurs , à ces âmes divines Qu ' en l ' ombre qui les voile au parfum l ' on devine .",
                  "id": "8",
                  "title": "Lumière, Alger-la-Blanche : poésies / Georges Droux"
            },
            {
                  "doc_url": "https://gallica.bnf.fr/ark:/12148/bpt6k5449461x",
                  "emotions": [
                        "surprise",
                        "nervousness"
                  ],
                  "excerpt": "4 $ Frustré la dent de plus d ' un Polyphème .Aux premiers jours nature ayant compté Les ennemis qu ' une chair parfumée Ferait au lièvre , elle en fut alarmée Et lui fit don de la fécondité .Laissez en paix l ' hôte du marécage , Sa chair est molle , et son triste fumet _ Du lieu natal rend toujours témoignage .",
                  "id": "9",
                  "title": "La chasse et la pêche suivies de poésies diverses / par le Cte L.-M.-J. de Chevigné"
            },
            {
                  "doc_url": "https://gallica.bnf.fr/ark:/12148/bpt6k65406240",
                  "emotions": [
                        "surprise"
                  ],
                  "excerpt": "Ce moment venu , elle découvre t4 nlarmite , saisit l ' écumoir , regarde ; mais elle recule , tant ce qui s ' offre à ses regards la surprend .Ce qu ' elle voit nager à la surface de sa marmite n ' est pas cette écume classique , blanche , légère , que toute bonne ménagère reconnaît à la première vue ; c ' est un corps gras , huileux , jaune , odorant , exhalant l ' odeur d ' un lampion mal confectionné .Ce n ' était pas la viande qui pouvait donner ce produit j elle était de première qualité et fort peu grasse , superbe morceau de tranche coupé dans le gros de la bête .",
                  "id": "10",
                  "title": "Détails exacts sur un simulacre d'exécution à mort que la loi nomme le brandissement du glaive..."
            },
            {
                  "doc_url": "https://gallica.bnf.fr/ark:/12148/bpt6k1160897",
                  "emotions": [
                        "surprise",
                        "doubt"
                  ],
                  "excerpt": "vi Arrakan .Cette contrée de l ' Inde , voisine du Pcgu eft peu connue c ' efl dans ce pays quelesDevots du Dieu Quai - pora fe font écraser fous les roues de fon char pesant C ' eft dans ce pays , que lorfqu ' on veut épouser une Fille , on h fait fuer et l ' on flaire fa et fi l ' odeur plaît , on conclut .vu Siam .",
                  "id": "11",
                  "title": "Le Thesmographe, ou Idées d'un honnête homme sur un projet de réglement proposé à toutes les nations de l'Europe pour opérer une réforme générale des loix ; avec des notes historiques..."
            },
            {
                  "doc_url": "https://gallica.bnf.fr/ark:/12148/bpt6k9686036z",
                  "emotions": [
                        "surprise",
                        "nostalgia",
                        "excitement",
                        "pride"
                  ],
                  "excerpt": "Je goûte avec sécurité , comme lui , la quiétude géométrique de ma maison .Il passe parfois au dehors un vendeur de fromages ou de pâtes , qui jette un extraordinaire cri , sur un mode angoissé , résolu par un retour étonnant et triomphant à la tonique juste ! — ( Et tout ça pour vendre du fromage de haricots et des pâtes graisseuses 1 ) Mais son cri se mélange à l ' odeur de ce lotus à peine entr ' ouvert , triomphant aussi de l ' eau sourde dans ma vasque de porcelaine , au milieu de ma cour .Tout se fond et disparaît sous la pénétration de cette nuit .",
                  "id": "12",
                  "title": "René Leys / Victor Segalen ; couverture illustrée de G. D. de Monfreid"
            },
            {
                  "doc_url": "https://gallica.bnf.fr/ark:/12148/bpt6k54476647",
                  "emotions": [
                        "surprise",
                        "nostalgia",
                        "doubt"
                  ],
                  "excerpt": "Est - ce un Jésus vivant ? ' C ' était vous ! D ' aucuns noeuds vos mains n ' étaient liée - * Vos petits pieds dormaient sur les branches pliées ; Toute libre dans l ' air où coulait le soleil , FAMILLE 8 3 Un rameau sous le ciel berçaitvotre sommeil ; Pais , le soir , on voyait d ' une femme étoilée L ' abondante mamelle à vos lèvres collée , Et partout se lisait dans ce tableau charmant De vos jours couronnés le doux pressentiment .De parfums , d ' air sonore incessamment baisée , Comment n ' auriez - vous pas été poétisée ? Que l ' on s ' étonne donc de votre amour des fleurs ! Vos moindres souvenirs nagent dans leurs couleurs .Vous en viviez , c ' était vos rimes et vos proses : Nul enfant n ' a jamais marché sur tant de roses ! Mon Dieu ! s ' il n ' en doit plus poindre au bord de mes jours , Que sur ma soeur de Flandre il en pleuve toujours ! A ROUEN , RUE ANCRIERE TgE n ' ai vu qu ' un regard de cette belle morte A travers le volet qui touche à votre porte , Ma soeur ! Et siir la vitre où passa ce regard , Ce fut l ' adieu d ' un ange obtenu par hasard .",
                  "id": "13",
                  "title": "Poésies de Mme Desbordes-Valmore (2e édition) / publiées par Gustave Revilliod"
            },
            {
                  "doc_url": "https://gallica.bnf.fr/ark:/12148/bpt6k56209693",
                  "emotions": [
                        "surprise",
                        "doubt",
                        "curiosity"
                  ],
                  "excerpt": "81 séché que ses rives aujourd ' hui ne peuvent plus contenir .Qu ' est - ce que la vie ? La fleur qui dans la prairie s ' ouvre et parfume , l ' oiseau qui vole et qui chante , l ' arbre qui se balance et bruit quand le vent passe , le murmure des flots et le soupir de la brise .La vie ? C ' est dans les vallons le lis argenté ; c ' est sur les coteaux la vigne qui festonne , la grappe qui bourgeonne : puis de nouveau le torrent se dessèche , et la fleur se fane , et l ' oiseau se tait , et l ' arbre jaunit , et ses feuilles cessent de bruire , les flots de murmurer et de soupirer la brise ; Et le lis se décolore ; Et la vigne perd ses festons ; Et la grappe est cueillie , et sous les pieds des vignerons ses grains sont tout écrasés .",
                  "id": "14",
                  "title": "Le Roman d'un séminariste, par Isa Porié,... 2e édition"
            },
            {
                  "doc_url": "https://gallica.bnf.fr/ark:/12148/bpt6k56209693",
                  "emotions": [
                        "surprise",
                        "love",
                        "doubt"
                  ],
                  "excerpt": "Puisque tu ne peux être auprès de moi , que du moins ta pensée se reporte jusqu ' à ton ami , qu ' elle le couve , qu ' elle l ' enveloppe : jaime à me sentir dans ton atmosphère , clans ce monde de l ' intelligence où la raison et la liberté jettent la vie à 116 .ROMAN pleines mains Ne trouves - tu pas , en effet , que nos ; âmes ressemblent à deux fleurs qui , sur leurs tiges courbées l ' une vers l ' autre , épancheraient leurs parfums et ; confondraient leurs couleurs .Mais si parfois l ' une des : fleurs relève indifféremment sa tête et la laisse retomber ailleurs , nul alors ne pourra la reconnaître ni elle , ni sa ; compagne .",
                  "id": "15",
                  "title": "Le Roman d'un séminariste, par Isa Porié,... 2e édition"
            },
            {
                  "doc_url": "https://gallica.bnf.fr/ark:/12148/bpt6k97701350",
                  "emotions": [
                        "surprise",
                        "doubt",
                        "frustration"
                  ],
                  "excerpt": "Mon temple ! Nous n ' avions , à deux , qu ' une demeure : Je respirais ton air et ton souffle à toute heure : Nos nuits s entrelaçaient souvent comme nos jours : Je ne te cherchais pas , je te voyais toujours .Maintenant , quand j ' appelle , où trouver la réponse ? Où rencontrer dans l ' air un parfum qui t ' annonce ? Nul écho maintenant , de ton approche instruit , Ne reconnait les pas dont il attend le bruit .D ' un mois d automne à l ' autre , ô Dieu , que de distance ! Depuis que , nous quittant aux portes de la France , Nous sommes revenus , en cachant nos détours , De nos sorts divisés recommencer le cours , Chaque instant nous sépare , aucun ne nous rassemble .",
                  "id": "16",
                  "title": "Oeuvres d'un désoeuvré. T. 2, Poésies / par M. Jules Le Fèvre-Deumier,..."
            },
            {
                  "doc_url": "https://gallica.bnf.fr/ark:/12148/bpt6k97701350",
                  "emotions": [
                        "surprise",
                        "pride",
                        "envy",
                        "doubt",
                        "curiosity"
                  ],
                  "excerpt": "XXIII .Est - ce là , direz - vous , votre félicité ? Eh ! que fera cet être avec sa royauté , Solitaire héritier d ' un monotone empire , N ' ayant , dans ses États , que lui qui les admire , Qui respire ses fleurs , leur parfum , leur beauté , Et l ' éternel printemps de l ' immortalité ? Ce muet paradis serait sa sépulture ; Mais un autre avec lui partageant la nature , Comme un astre plus doux , de sa tutelle épris , Réfléchira son heur , pour en doubler le prix .Quand j ' ai comparé l ' homme au globe qu ' il habite , Et dans ses actions reconnu son orbite , Je ne vous ai rien dit de cet être enchanté Qui , pour charmer sa route , y marche à son côté , Qui le suit pas à pas dans son cours qu ' il imite , Comme autour du soleil , fidèle satellite , La lune suit la terre , en argentant ses nuits .",
                  "id": "17",
                  "title": "Oeuvres d'un désoeuvré. T. 2, Poésies / par M. Jules Le Fèvre-Deumier,..."
            },
            {
                  "doc_url": "https://gallica.bnf.fr/ark:/12148/bpt6k58464342",
                  "emotions": [
                        "surprise",
                        "pride",
                        "doubt",
                        "embarrassment"
                  ],
                  "excerpt": ", .Mais vous , qu ' allez - vous faire aux bals de l ' Opéra ? La femme ! On peut la voir pendant ces nuits orphiques Ecarter le prestige et se prosaïser ; Ses lèvres n ' ont plus rien des senteurs balsamiques Qu ' elles cachaient avant sous la fleur du baiser - .Avec toute candeur s ' envole sa magie .",
                  "id": "18",
                  "title": "Les chants d'un oiseau de passage : poésies / par Alphonse Duchesne"
            },
            {
                  "doc_url": "https://gallica.bnf.fr/ark:/12148/bpt6k9600990s",
                  "emotions": [
                        "surprise"
                  ],
                  "excerpt": "On aperçoit plusieurs petites ulcérations grisâtres , pultacées , sur la vulve et sur la marge de l ' anus ; ces parties sont tuméfiées et paraissent être le siège d ' une douleur assez vive .Le 27 , les ulcérations se sont agrandies , plusieurs se sont confondues ; il s ' est établi un écoulement leucorrhéique assez abondant , d ' une odeur fétide ; en écartant les grandes lèvres , on voit que la muqueuse vaginale est ulcérée dans une étendue d ' un centimètre environ .Les parties malades sont toujours tuméfiées et douloureuses .",
                  "id": "19",
                  "title": "De la vulvite diphthéroïdique chez les petites filles : son traitement par l'iodoforme / par le Dr D. Surjus,..."
            },
            {
                  "doc_url": "https://gallica.bnf.fr/ark:/12148/bpt6k30435559",
                  "emotions": [
                        "surprise"
                  ],
                  "excerpt": ") ; le Cerfeuil ÇScandix cerefolium L .) , l dont les feuilles aromatiques servent d ’ assai - ■ sonnement ; le Panais ÇPastinaca saliva L .) , la II Carotte ÇDaucus carota L .",
                  "id": "20",
                  "title": "Résumé de phytographie ou d'histoire naturelle des plantes , contenant les caractères distinctifs et la description des familles et des genres du règne végétal... accompagné d'une Iconographie... Par J.-P. Lamouroux,..."
            }
      ]
}