{
      "articles": [
            {
                  "doc_url": "https://gallica.bnf.fr/ark:/12148/bpt6k9773907c",
                  "emotions": [
                        "surprise"
                  ],
                  "excerpt": "A minuit environ , une actrice de la Porte - Saint - Martin , voisine d ' Escousse , crut entendre en rentrant chez elle des râles de mort , à travers la porte du jeune homme .Après avoir appelé celui - ci sans recevoir de réponse , elle alla prévenir le père d ' Escousse , qui crut bien en effet distinguer deux respirations haletantes , mais , ne songeant pas à un suicide , se retira .Le lendemain , après avoir cherché son fils partout , il fit enfoncer la porte , et trouva près des cadavres des deux amis deux lettres .",
                  "id": "1",
                  "title": "Dictionnaire de la conversation et de la lecture... : supplément offrant le résumé des faits et des idées de notre temps. Tome 3 / sous la direction de M. W. Duckett"
            },
            {
                  "doc_url": "https://gallica.bnf.fr/ark:/12148/bpt6k5849507f",
                  "emotions": [
                        "surprise",
                        "indifference"
                  ],
                  "excerpt": "On n ' oubliera pas enfin que la ' poussière qui se trouve dans un air long - temps respiré y devient un ' stimulant ' niorbifique , - sur - tout pour des poumons irritables et naturellement faibles ; et que lorsqu ' au ' sortir d ' un bal , on n ' a pas la précaution de se refroidir gradueli .ement ^ ' en passant dans un appartement voisin , l ' impression ; subite d ' un air toujours froid relativement à celui que l ' on vient de yespirer , \" produit dans les organes pulmonaires fortement échauffés , - \" et \" dont ^ exhalation ( a63 ■ ) ■ ; , ./ , : ■ ' \" est presque aussi abondante que eelle de îss peau , des irritations , des .",
                  "id": "2",
                  "title": "Observations sur la nature et les effets des eaux minérales de Bagnères-Adour, département des Hautes-Pyrénées ; suivies de la description des établissemens thermaux, de celle des promenades de la ville et des environs, et des indications ou renseignements nécessaires aux étrangers . Par P. Sarabeyrouze cadet, de Bagnères, médecin de l'Hospice civil..."
            },
            {
                  "doc_url": "https://gallica.bnf.fr/ark:/12148/bpt6k96512902",
                  "emotions": [
                        "surprise",
                        "curiosity"
                  ],
                  "excerpt": "- ( 4 ) Saint Bernard , Aussitôt la voix du peuple proclame hautement la sainteté du pauvre prêtre naguère humilié , persécuté : dès le premier jour , son tombeau devient l ' objet de la vénération putlique .Quoi d ' étonnant ? Lorsque Marie - Madeleine eût brisé son vase d ' albâtre aux pieds du Sauveur , le parfum s ' en répandit et toute la maison en fut embaumée ( 1 ) .Ainsi quand se brise ici - bas la vie mortelle d ' un saint , il se fait une diffusion de son esprit et de ses vertus : c ' est la bonne odeur de Jésus - Christ , c ' est un baume céleste qui remplit l ' Eglise , la maison de Dieu .",
                  "id": "3",
                  "title": "Panégyrique du bienheureux Louis-Marie Grignon de Montfort, prononcé, par M. l'abbé G. Simon,... le... 5 juin 1888, dans l'église de la maison-mère des Frères de Saint-Gabriel à Saint-Laurent-sur-Sèvre (Vendée)"
            },
            {
                  "doc_url": "https://gallica.bnf.fr/ark:/12148/bpt6k54456725",
                  "emotions": [
                        "surprise",
                        "disgust",
                        "disapproval",
                        "doubt",
                        "faith"
                  ],
                  "excerpt": "Il Progrès , qui donc es - tu ? — Sous Ion masque trompeur Ne cacherais - tu pas l ' égoïsme et la peur ? L ' égoïsmc brutal , qui fait que nos prairies , Dépouillant tout l ' éclat de leurs robes fleuries , Au poète affligé montrent dans l ' air brumeux Une usine criarde aux flancs noirs et fumeux ; L ' égoïsme effréné qui demande sans cesse , Pour entasser toujours richesse sur richesse , Au bras du mercenaire un travail surhumain , Sans assurer jamais le pain du lendemain ? Et la peur , triste fruit des abus séculaires , La peur de perdre un seul des écus de leurs pères , N ' arrive - t - ellc pas dans ses lâches transports A pousser les mortels vers de nouveaux efforts ? n PROGRES .Progrès , tu n ' es qu ' un mot ! Le néant t ' accompagne ; A ton hideux aspect le doute aussi me gagne ; De mes illusions , fleurs écloses au ciel , Tu profanes déjà les parfums et le miel ..",
                  "id": "4",
                  "title": "Fables et poésies diverses / par Alexandre Deplanck"
            },
            {
                  "doc_url": "https://gallica.bnf.fr/ark:/12148/bpt6k855198n",
                  "emotions": [
                        "surprise"
                  ],
                  "excerpt": "Or , de ce petit grain de coquetterie qui date de la naissance du monde , devait naître et est née la Cosmétique .I 11 n ’ y a donc pas lieu de s ’ étonner que laparfumerie ait été en honneur , même chez les peuples de l ’ antiquité la plus reculée .Seulement chaque peuple l ’ appropria à sesconnaissances , aux produits de son climat , aux : i exigences de son caractère et aux progrès de sa * i civilisation .",
                  "id": "5",
                  "title": "Traité de la cosmétique au point de vue de l'hygiène et de la conservation de la beauté / [signé : Gellé frères]"
            },
            {
                  "doc_url": "https://gallica.bnf.fr/ark:/12148/bpt6k803353",
                  "emotions": [
                        "surprise",
                        "love",
                        "desire"
                  ],
                  "excerpt": "C ' était de la surprise et de l ' impuissance sans hypocrisie .Maurice en fut frappé ; les perspectives de cet amour s ' étalèrent à ses yeux , rien qu ' en aspirant le parfum de cette lettre plus odorante qu ' une chevelure .Il revit sa taille sveltement coquette , son front haut , ses regards d ' éclair sous ses lourdes paupières .",
                  "id": "6",
                  "title": "Un adultère : roman intime / Antoine Albalat"
            },
            {
                  "doc_url": "https://gallica.bnf.fr/ark:/12148/bpt6k91888h",
                  "emotions": [
                        "surprise"
                  ],
                  "excerpt": "De vives polémiques se sont engagées , à diverses reprises , au sujet de la composition de certaines essences les uns découvraient de nouveaux constituants , les autres , après maintes recherches , n ' arrivaient pas à retrouver trace de ces nouveaux composés , tout en employant la même méthode de travail .D ' où affirmation d ' un côté et négation de l ' autre ; personne n ' arrivait à s ' entendre , jusqu ' au jour où l ' on s ' apercevait que les uns avaient opéré sur une essence extraite parle procédé àl ' enfleurage , avec des graisses déjà aromatisées , tandis que les autres avaient employé la même essence , mais fabriquée par un procédé tout différent , distillation , ou extraction par les dissolvants volatils .Les soi - disant nouveaux constituants avaient été introduits accidentellement dans les parfums étudiés .",
                  "id": "7",
                  "title": "L'industrie des parfums d'après les théories de la chimie moderne : notations et formules, les parfums naturels, les parfums artificiels / par M. Otto,..."
            },
            {
                  "doc_url": "https://gallica.bnf.fr/ark:/12148/bpt6k9792074x",
                  "emotions": [
                        "surprise",
                        "doubt"
                  ],
                  "excerpt": "Leur action ne dépend point uniquement , comme paraissent le croire quelques uns , ni d ' une simple impression locale sur les extrémités des nerfs et des vaisseaux de la partie , ni de la connexion sympathique qui existe entre tous les organes ; mais dans plusieurs cas , cette action paraît dépendre essentiellement de la nature , de la quantité , des molécules médicamenteuses ou délétères qui ont été entraînées avec le chyle ou la lymphe , mêlées avec le sang , et de là , disséminées dans le tissu des organes .Eh ! peut ~ oo méconnaître cette absorption , quand on voit l ' urine conserver 1 odeur des substances alimentaires ou médicamenteuses , prendre une teinte jaune par l ' usage de la rhubarbe , etc ..",
                  "id": "8",
                  "title": "Recueil de mémoires, consultations et rapports sur divers objets de médecine légale ; par M. F. Chaussier,..."
            },
            {
                  "doc_url": "https://gallica.bnf.fr/ark:/12148/bpt6k6489820p",
                  "emotions": [
                        "surprise",
                        "love",
                        "relief",
                        "calmness"
                  ],
                  "excerpt": "Il devina la souplesse juvénile de a taille qui se modelait et ondulait à chaque pas de la jeune fille .Toute cette grâce inconnue , méconnue jusqu ' alors , l ' atterra , et il sentit comme un parfum de l ' amour qui entourait Benjamine flotter autour de lui ainsi qu ' une atmosphère imprévue .Il restait là , béant .",
                  "id": "9",
                  "title": "Benjamine / par Marc Bayeux"
            },
            {
                  "doc_url": "https://gallica.bnf.fr/ark:/12148/bpt6k5619498m",
                  "emotions": [
                        "surprise",
                        "disgust",
                        "fear",
                        "doubt",
                        "nervousness",
                        "embarrassment"
                  ],
                  "excerpt": "J ' ai prié un passant de » m ' indiquer un hôtel où l ' on voudrait me recevoir ; il » m ' a procuré un commissionnaire qui m ' a menée à » une maison noire et basse , tenue , à ce qu ' on m ' a » dit , par de nouveaux mariés .Cette maison avait une » mine tellement sinistre , que j ' avais peur : c ' était un » escalier en tire - bouchon , mais si sale ! avec des pa » rois gluantes ; on n ' y voyait rien en plein jour .On » me donna une chambre étroite et humide dont les » murs blancs et nus suintaient .",
                  "id": "10",
                  "title": "Rosalie, nouvelle, par Ange Pechméja"
            },
            {
                  "doc_url": "https://gallica.bnf.fr/ark:/12148/bpt6k5546040p",
                  "emotions": [
                        "surprise"
                  ],
                  "excerpt": "lapillus furent exposées au soleil dans de l ' eau distillée surmontée d ' une couche d ' ether et c ' est dans le résidu de l ' évaporation de l ' éther que fut recherchée la matière odorante ; mais pour peu qu ' elle soit volatile on comprend combien il doit s ' en perdre avec une technique si défectueuse .Aussi ne faut - il point s ' étonner qu ' un tel extrait éthéré , même de 6000 glandes , n ' ait contenu que des traces de substance à odeur alliacée et des traces de soufre transformable en acide sulfurique par la méthode de Carius .( 16 ) A .",
                  "id": "11",
                  "title": "Bulletin mensuel de l'Académie des sciences et lettres de Montpellier"
            },
            {
                  "doc_url": "https://gallica.bnf.fr/ark:/12148/bpt6k9692338v",
                  "emotions": [
                        "surprise"
                  ],
                  "excerpt": "Du reste , on n ' eût pu dire exactement pourquoi , à toutes les représentations , ce cafconc ' de l ' Ancien - Monde se remplissait .Quand on arrivait — après une pénible attente — à entrer là - dedans , une odeur de pieds vous saisissait aussitôt .Malheur à qui reniflait ! Il convenait de se laisser pénétrer peu à peu par la fade et vomitive odeur .",
                  "id": "12",
                  "title": "Seurat / Gustave Coquiot"
            },
            {
                  "doc_url": "https://gallica.bnf.fr/ark:/12148/bpt6k54619780",
                  "emotions": [
                        "surprise",
                        "doubt"
                  ],
                  "excerpt": "LUNE DE MIEL 66 De mon humeur paresseuse Et de honte rougissant , Je t ' imite alors , brodeuse : A travailler je consens Et près de toi viens écrire Des chants vagues et galants .Comment devant ton sourire Pourrais - je n ' en trouver pas : N ' est - ce point lui qui m ' inspire ? Et , sous l ' abat - jour , tout bas , Ce pendant que je chantonne , Mon rythme suit les ébats De l ' aiguille qui festonne , LUNE DE MIEL 67 IV AU cabinet de toilette Seule , elle se décolette Et peigne ses lourds cheveux Parfumés de violette .Et c ' est l ' instant que je veux Voir ses bras nus dans la glace Se lever , blancs et nerveux , En ce geste plein de grâce D ' anses d ' amphore ; ou , guidant L ' écaillé qui ne se lasse , Se baisser dans l ' odorant Et profond ruisseau d ' ébène Dont mon désir fou s ' éprend .",
                  "id": "13",
                  "title": "L'âme de mon violon : simple chanson en six couplets / Léopold Dauphin"
            },
            {
                  "doc_url": "https://gallica.bnf.fr/ark:/12148/bpt6k1414461q",
                  "emotions": [
                        "surprise",
                        "disapproval",
                        "doubt"
                  ],
                  "excerpt": "Étienne prit le gobelet en bois , que son fils lui tendait , but un peu , et dit après avoir lentement savouré l ’ excellent breuvage : — Voici quelque chose de bon ! du vin de Syrie ! goûte - le , Paul .Celui - ci prit le gobelet , et humant le parfum du liquide , murmura , sans y mettre les lèvres : — Ce n ’ est pas du vin de Syrie ; je le connais bien ; c ’ est du vin d ’ Égypte ; je croirais volontiers que c ’ est du Maréotis .— C ’ est ainsi que l ’ appelait Sirona ! s ’ écria Her - mas ! Et tu le reconnais , à la seule odeur ! Elle dit qu ’ il est excellent pour les malades ? — C ’ est vrai , dit Paul ; mais Etienne étonné demanda : — Sirona ? qui est - ce ? La grotte était faiblement éclairée par le feu qui brûlait à l ’ entrée ; aussi les deux anachorètes ne virent - ils pas la rougeur d ’ Hermas , quand il répondit : — Sirona ? La gauloise Sirona ? Ne le sais - tu pas ? C ’ est la femme du centurion , à l ’ oasis ! — Comment as - tu fait sa connaissance ? demanda le père .",
                  "id": "14",
                  "title": "Homo sum, roman traduit de l'allemand de Georges Ebers, par Emile Fleuriel. 2e édition"
            },
            {
                  "doc_url": "https://gallica.bnf.fr/ark:/12148/bpt6k1414461q",
                  "emotions": [
                        "surprise",
                        "fear",
                        "doubt",
                        "nervousness",
                        "embarrassment",
                        "guilt"
                  ],
                  "excerpt": "L ’ homme est l ’ image de Dieu , est - il dit .Et nous ? Je me faisais l ' effet d ’ un singe hideux , quand j ’ ai vu les hommes et les jeunes gens sortir du grand bain près de la Porte du Soleil , les cheveux bien arrangés et parfumés ; et leurs membres souples , brillants de fraîcheur et de propreté .Quand ils passèrent près de moi , et que je me rappelai nia misérable peau de mouton , et l ’ abject désordre de ma chevelure , quand je considérai mes bras et mes jambes , qui ne sont ni moins forts , ni moins bien faits que les leurs , j ’ eus comme un frisson .",
                  "id": "15",
                  "title": "Homo sum, roman traduit de l'allemand de Georges Ebers, par Emile Fleuriel. 2e édition"
            },
            {
                  "doc_url": "https://gallica.bnf.fr/ark:/12148/bpt6k97601438",
                  "emotions": [
                        "surprise"
                  ],
                  "excerpt": "Audi a - t - il le nez plus étendu .Peut on rien de plus surprenant que de voir un chien suivre au bout de plusieurs heures , avec une vîtesse prodigieuse , la trace de son maître , ou d ' une pièce de gibier ? Quelques personnes prétendent que l ' homme pourroit acquérir la même finesse de l ' odorat , s ' il n ' usoic que de nourritures * simples .1 * BOILE De Nat .",
                  "id": "16",
                  "title": "Éléments d'anatomie raisonnée , par M. Person,... Seconde édition revue & augmentée d'un Traité de la génération, par M. Jean-Baptiste Bruny,..."
            },
            {
                  "doc_url": "https://gallica.bnf.fr/ark:/12148/bpt6k6212089b",
                  "emotions": [
                        "surprise",
                        "disgust",
                        "doubt",
                        "nervousness",
                        "embarrassment"
                  ],
                  "excerpt": "C ' est un conte des mille et une nuits , une jodle viennoise qui vous vient folle et rieuse , comme une brise de printemps .On se sent timide et pensif à la vue de cette chapelle qui exhale , pour ainsi dire , par tous ses pores , une piété douce et recueillie : le rire de l ' incrédule expire sur vos lèvres , et , faible enfant , vous êtes tenté de vous agenouiller devant ce Dieu que vous insultiez hier .Car la poésie est une autre religion , et vous êtes là sous l ' influence de la poésie .",
                  "id": "17",
                  "title": "Examen critique du Salon de 1833 / par MM. A. Annet et H. Trianon"
            },
            {
                  "doc_url": "https://gallica.bnf.fr/ark:/12148/bpt6k57154531",
                  "emotions": [
                        "surprise",
                        "anger",
                        "courage",
                        "doubt"
                  ],
                  "excerpt": "On dresse les tentes ; chacune est entourée DU KIMANGUELIA AU KIKOUYOU 197 de son rempart d ' épines , laissant un étroit passage gardé par deux sentinelles ; par leurs façons courtoises et leurs paroles aimables , nos askari cherchent à mitiger les horreurs d ' une invasion massai .Mais lequel d ' entre eux oserait porter sa main hardie sur un de ces fameux guerriers , quand il lui passe par la tête de visiter l ' homme blanc et toutes ses appartenances et dépendances ! Il écarte violemment les soldats ; il entre en se dandinant et d ' un air : \" Ah ! te voilà , camarade ! » il envahit mon sanctuaire et bientôt prélasse son corps mal odorant et revêtu de graisse sur mon lit ou sur tout autre objet répondant à ses idées de confort .Cérémonieux , même dans ce sans - gêne , il me salue alors , puis me demande des perles .",
                  "id": "18",
                  "title": "Au pays des Massaï : voyage d'exploration à travers les montagnes neigeuses et volcaniques, et les tribus étranges de l'Afrique équatoriale. Traduit de l'anglais... par Frédéric Bernard... / Joseph Thomson"
            },
            {
                  "doc_url": "https://gallica.bnf.fr/ark:/12148/bpt6k5432762x",
                  "emotions": [
                        "surprise",
                        "nostalgia",
                        "relief",
                        "frustration",
                        "disappointment"
                  ],
                  "excerpt": "Le mari gardait un religieux silence , ne voulant sans doute pas troubler les impressions avec lesquelles ce jeune coeur devait se trouver aux prises .Ils allèrent ainsi jusqu ' à l ' extrémité de l ' estacade ; elle s ' accouda sur la rampe qui la termine , et , enveloppant d ' un regard l ' immense horizon dont les lignes d ' un bleu sombre commençaient à se confondre , elle s ' écria avec un soupir et un sentiment également profonds : — Mon Dieu , que ça sent donc les huîtres 1 L ' OSTREICULTURE Tous les ans , dans les alentours du mois de septembre , on fait espérer aux Parisiens que le prix des huîtres , .dont ils sont , comme vous le savez , des amateurs forcenés , va se décider à baisser , et , loin que cette agréable perspective se réalise , chaque année aussi la valeur de l ' aimable mollusque s ' élève de pas mal de centimes .",
                  "id": "19",
                  "title": "La Vie à la campagne, avec une préface par Jules Claretie / G. de Cherville"
            },
            {
                  "doc_url": "https://gallica.bnf.fr/ark:/12148/bpt6k1483144",
                  "emotions": [
                        "surprise",
                        "doubt",
                        "curiosity"
                  ],
                  "excerpt": "Et ce fut accepté à l ’ unanimité .IX UN JOUR QU ’ IL FAISAIT NUIT Le réséda et la gaude ( famille des résédacées ) — D ’ où me vient ce parfum de réséda ? demanda le docteur .On lui fit remarquer qu ’ il y en avait un bouquet dans l ’ une des corbeilles ; et sur un signé , on le lui passa .",
                  "id": "20",
                  "title": "A travers les fleurs : simple histoire / par Mme Huguette (Mme J. B. [Bodin.])"
            }
      ]
}