{
      "articles": [
            {
                  "doc_url": "https://gallica.bnf.fr/ark:/12148/bpt6k5459320x",
                  "emotions": [
                        "surprise",
                        "disgust",
                        "fear"
                  ],
                  "excerpt": "En même temps entra un autre membre de la commission , M .le professeur Polli , qui fut comme repoussé vers la porte par cette forte odeur .Il n ' y avait plus de doutes , c ' était un grand développement d ' ammoniaque , lequel coïncidait avec la suppression de l ' urine .",
                  "id": "1",
                  "title": "Observations nouvelles sur la rage / par le Dr. Plinio Schivardi,..."
            },
            {
                  "doc_url": "https://gallica.bnf.fr/ark:/12148/bpt6k4222461h",
                  "emotions": [
                        "surprise",
                        "disgust"
                  ],
                  "excerpt": "s à l ’ air ( b ) .Ce fut une pareille odeur qu ’ exhalerent des charo - J gnes , lorfqu ’ elles commencèrent â fe corrompre dans l ’ Hle de Niéve , qui an - I nonça la pelle que eau fa dans cette Ille » la pourriture de ces charognes ( c ) : Ainû une telle odeur fournit de la part des , malades un ligne bien fenfible a une in - * feélion contagieufe .Les fymptomes violens fe calmoient ordinairement la veille de la mort ( d ) .",
                  "id": "2",
                  "title": "Traité des fièvres continues. Tome 2 / , dans lequel on a rassemblé et examiné les pincipales connoissances que les anciens ont acquises... par M. Quesnay,..."
            },
            {
                  "doc_url": "https://gallica.bnf.fr/ark:/12148/bpt6k9685467k",
                  "emotions": [
                        "surprise",
                        "joy",
                        "excitement"
                  ],
                  "excerpt": "Au milieu , un grand bol rempli de riz demi - cuit monté en forme de pryamide : le plat de résistance .' estmerveille de voir l ' Annamite tenant entre ses doigts deux petits bâtons en os et s ' en servant comme nous de nos cuillères ou de nos fourchettes ; piquant à droite , à gauche , assaison - nant sa bouchée de sauce de poissonpour - ri ; plus la sauce sent mauvais , plus elle est goûtée .Après le marché , Myrtille dirigea ses pas vers les vendeurs d ' opium ; les Chinois et les Annamites s ' en enivrent , et rien n ' est plus minutieux que la préparation d ' une pipe .",
                  "id": "3",
                  "title": "Mademoiselle Myrtille, chasseur au bataillon d'Afrique / le capitaine Bou-Saïd"
            },
            {
                  "doc_url": "https://gallica.bnf.fr/ark:/12148/bpt6k113126h",
                  "emotions": [
                        "surprise"
                  ],
                  "excerpt": "Je me suis mis à visiter le grenier .J ' avais ^ en entrant , senti s ' en échapper un violent parfum de musc , qui , se mêlant à l ' odeur âcre de l ' humidité , saisissait étrangement l ' odorat .Sur la cheminée , se rangeait une file de bouteilles et de petits pots gras encore d ' huiles aromatiques .",
                  "id": "4",
                  "title": "La confession de Claude / Émile Zola"
            },
            {
                  "doc_url": "https://gallica.bnf.fr/ark:/12148/bpt6k5773941k",
                  "emotions": [
                        "surprise",
                        "doubt",
                        "curiosity"
                  ],
                  "excerpt": "' • • .' ■ ' • ' Quoi ? c ' est au fond des Syrtes sauvages que - Leptis t ' a vu naître ! Ah ! bientôt / elle nous , apportera les moissons indiennes , elle arrachera pour nous le cinname à l ' odorante Sabée ..",
                  "id": "5",
                  "title": "Oeuvres complètes de Stace. Tome 1 / traduites par M. Rinn,... [et] par M. Achaintre,... [et par M.-L. Boutteville]"
            },
            {
                  "doc_url": "https://gallica.bnf.fr/ark:/12148/bpt6k57833567",
                  "emotions": [
                        "surprise"
                  ],
                  "excerpt": "Matheron .Au - dessus des sables gît un calcaire d ' eau douce un peu marneux , exhalant par le choc une forte odeur de bitume , se subdivisant facilement en plaques très - minces .Les couches de calcaires plongent faiblement vers le nord ( sous un angle de 8 à io ° ) ; elles viennent se plaquer en quelques points contre la craie et à stratification discordante .",
                  "id": "6",
                  "title": "Annales des sciences et de l'industrie du Midi de la France / publiées par la Société de statistique de Marseille"
            },
            {
                  "doc_url": "https://gallica.bnf.fr/ark:/12148/bpt6k9769156p",
                  "emotions": [
                        "surprise",
                        "anger"
                  ],
                  "excerpt": "Bon mot d ' un poète .Un poète lisait à un autre une petite pièce de vers où il s ' était glissé le terme de mauvais vent : Ah ! Monsieur , s ' écria celui - ci , voilà ce qui mettra en mauvaise odeur tôuf votre ouvrage .Adroit expédient pour échapper à la mort .",
                  "id": "7",
                  "title": "Le roi de la gasconnade, ou Le héros des farceurs : aventures facétieuses, quolibets plaisants et répertoire des mots grivois débités par les nobles dames de la halle"
            },
            {
                  "doc_url": "https://gallica.bnf.fr/ark:/12148/bpt6k5813596r",
                  "emotions": [
                        "surprise"
                  ],
                  "excerpt": "M .Bruhl fut frappé par la fétidité de l ' haleine , au moment des quintes de toux ; mais cette femme avait toujours eu l ' haleine un peu fétide .Néanmoins , ayant pu percevoir un souffle très léger et passager en un point de la poitrine , M .",
                  "id": "8",
                  "title": "Traitement chirurgical de la gangrène pulmonaire aiguë / par le Dr Gaston Picot,..."
            },
            {
                  "doc_url": "https://gallica.bnf.fr/ark:/12148/bpt6k12804393",
                  "emotions": [
                        "surprise",
                        "doubt"
                  ],
                  "excerpt": [
                        "Il dit qu ’ 3prés qu ’ on l ’ a cueilli , on le mec en cinq parties ; que le meilleur elt celuy qui eft le plus proche de la cime ; que le fécond eft celuy qu ’ on coupe en - fuite , & qu ’ on le coupe plus court ; que le troifiéme & le quatrième font ceux que l ’ on coupe apres le fécond ; que le cinquième , qu ’ on eftime moins que tous les autres à caufe qu ’ il a peu d ’ écorce , eft celuy qui eft le plus proche de la racine , • que d ’ autres tiennent que le Cinnamome jette plufièurs rameaux , & qu ' ils en éta - blilfent deux efpeces , en difant que l ’ un eft noir , & c que l ’ autre eft blanc .Fuchfiusdit que parmy les caiffeS que l ’ on nous apporte de Cafie Sc de Cannelle , il ne douté point qu ’ il n ’ y ait du Cinnamome ; à quoy Matthiole elt entièrement contraire , fi ce n ’ eft que le rap port eftant fort grand entre ces deux plantes , on trouve quelquefois des verges de Cannelle de fi grande odeur , qu ’ elles font tout - à - fait femblables au Cinnamome , quoy que cefoit de la vraye Cannelle .Il ajoulte que l ’ autorité de Galien , qui dit que leCihnamo - mc vient quelquefois de la Cannelle , aux arbres de laquelle il y a des branches entières d ’ où fortent de petits rameaux de Cinnamome , a donné lieu à plufièurs de croire que le Cinnamome & la Cannelle croiflent en une mefme plante , laquelle eftant encore petite produiroit le Cinnàmomè 5 Scprodüiroit la Cannelle ayant atteint la grandeur ; mais que le iriefme Galien ayant dit qiie laCan - Tofne IÏL CÎO Gif c hdie fe transforme en Cinnamome , 8c non pas ieCinnattiomc Cannelle , leur opinion eft mal fondée .",
                        "Elle eft finguliereen temps de peite , fi on a prend en breuvage avec du vin deux ou trois fois le jour .Matt 10 - 1c dit qu ’ en plufieurs endroits de l ’ Italie , on trouve une plante qui teliemble entièrement à la ciguë , fi cen ’ elt qu elle eft moindre , 8c a une bonne odeur , ce qui la fait appeller Cicutaire par quelques - uns qui la prennent pour la vraye & légitiméMyrrhis , que Manar - dus eftime eftre le cerfeiiil , quoy qu ’ il n ’ ait aucun rapport avec là ciguë .Galien ditque la Myrrhis , appellée Mirrha par quelques - uns , a une racine douce 8c odorante , qui eft bonne àémou voir le fang menftrual , & à purger & nettoyer la poitrine & ie poumon ."
                  ],
                  "id": "9",
                  "title": "Le grand Dictionnaire de l'Académie française... (2e édition...)"
            },
            {
                  "doc_url": "https://gallica.bnf.fr/ark:/12148/bpt6k64801563",
                  "emotions": [
                        "surprise",
                        "disgust",
                        "fear",
                        "nervousness"
                  ],
                  "excerpt": "La queue de ce météore était sept fois aussi longue que le noyau ; il vomissoit des flammes et de la fumée par quatre ouvertures .Il fit explosion avec un bruit effra - yant , en répandant une forte odeur de soufre .Son élévation fut estimée de 16 à 20 , 000 pas , et son diamètre de 356o pieds .",
                  "id": "10",
                  "title": "Réflexions sur l'origine de diverses masses de fer natif, et notamment de celle trouvée par Pallas en Sibérie . Traduites de l'allemand de M. Chladni, par Eugène Coquebert..."
            },
            {
                  "doc_url": "https://gallica.bnf.fr/ark:/12148/bpt6k5539622g",
                  "emotions": [
                        "surprise",
                        "fear",
                        "nervousness"
                  ],
                  "excerpt": "Mai , le doux mois des fleurs , des molles harmonies , Secouait sur les bois ses douces mélodies Que répète l ' oiseau chanteur .L ' air était embaumé de voluptés étranges ; On entendait frémir , comme le vol des anges , Deux soupirs nés au même ' coeur .Tout présageait alors ces .",
                  "id": "11",
                  "title": "L'Inondation, poëme, par Fabius Boital"
            },
            {
                  "doc_url": "https://gallica.bnf.fr/ark:/12148/bpt6k3044339t",
                  "emotions": [
                        "surprise",
                        "disgust",
                        "doubt"
                  ],
                  "excerpt": "Les yeux sont assez petits , r quoique placés dans des orbites généralement ! fort considérables ; ils sont revêtus de trois ! paupières dont deux extérieures horizontales et une inférieure verticale .Ils ne pa - ; laissent pas être fort perçans ; l ’ odorat est ; à ce qu ’ il semble assez obtus ; et quant àj l ’ ouïe , ce sens est tellement borné dans les ! Chéloniens , que l ’ on a regardé quelquefois j les Tortues comme sourdes , ce qui pourtant , n ’ est pas vrai .En général , les instrumensj de mastication sont des mâchoires , ou plutôt j t ; ( des gencives cornées , tranchantes , se recour - • bant en se croisant fortement les unes sur les i autres ce qui les a fait comparer au bec du Perroquet ; et cette comparaison est juste sous tant d ’ autres rapports de conformation , qu ’ on chélonieks .",
                  "id": "12",
                  "title": "Résumé d'erpétologie, ou d'histoire naturelle des reptiles ... par M. le colonel Bory de St-Vincent,..."
            },
            {
                  "doc_url": "https://gallica.bnf.fr/ark:/12148/bpt6k54993876",
                  "emotions": [
                        "surprise",
                        "curiosity"
                  ],
                  "excerpt": "Vers les deux heures de l ' après - midi d ' une journée d ' hiver , la rotonde était plongée dans le morne silence des tombeaux ; rien ne décelait la présence d ' un être vivant au fond des grottes soyeuses de cet asile .Dans l ' atmosphère parfumée planait seul le mystère , ce fantastique oiseau aux yeux incolores , aux ailes vaporeuses , aux pieds rapides , aux chants prestigieux , chimériques échos partant on ne sait d ' où ne s ' arrêtant - nulle part , , et qui cependant sonnent à toute oreille , font frissonner et fuir .Ce lui qui eût suivi les sinuosités du labyrinthe se serait trouvé , au fond d ' un triangle formé de cachemire bleu , en face d ' une vivante réalité , soeur ou fille du Mystère , que celui - ci gardait à vue , de peur qu ' on ne la troublât si elle dormait ou méditait , et le curieux visiteur eût arrtêté sur elle un regard plein de larmes .",
                  "id": "13",
                  "title": "La Nouvelle Jeanne, par Gustave Gilles"
            },
            {
                  "doc_url": "https://gallica.bnf.fr/ark:/12148/bpt6k9685467k",
                  "emotions": [
                        "surprise"
                  ],
                  "excerpt": "Le couvercle était emboîté dans la caisse , il dut prendre des précautions infinies pour disjoindre les deux parties ; enfin il y arriva et le couvercle ôté mit à découvertl ' intérieur .Une odeur étrange envahit l ' appartement .Il n ' y fit pas tout d ' abord attention , tant il était absorbé par le spectacle qu ' il avait sous les yeux .",
                  "id": "14",
                  "title": "Mademoiselle Myrtille, chasseur au bataillon d'Afrique / le capitaine Bou-Saïd"
            },
            {
                  "doc_url": "https://gallica.bnf.fr/ark:/12148/bpt6k5495050w",
                  "emotions": [
                        "surprise",
                        "sadness",
                        "nostalgia",
                        "doubt",
                        "disappointment"
                  ],
                  "excerpt": "Los couples s ' animaient , déroulaient l ' histoire de cette grande fille nue aimée d ' un faune , qu ' ils pouvaient reconstruire depuis le guet du faune derrière un buisson de roses , jusqu ' à l ' abandon de la grande fille au milieu des roses effeuillées .Est - ce qu ' ils allaient tous descendre ? N ' était - ce pas eux qui soupiraient déjà , cl dont l ' haleine emplissait la chambre de l ' odeur d ' une volupté ancienne ? — On étouffe , n ' est - ce pas ? dit Albine .J ' ai eu beau donner de l ' air , la chambre a toujours senti le vieux .",
                  "id": "15",
                  "title": "Oeuvres complètes illustrées de Émile Zola ; 1-20. Les Rougon-Macquart : histoire naturelle et sociale d'une famille sous le Second Empire. La faute de l'abbé Mouret"
            },
            {
                  "doc_url": "https://gallica.bnf.fr/ark:/12148/bpt6k940377s",
                  "emotions": [
                        "surprise",
                        "relief"
                  ],
                  "excerpt": "Ah < ; à ! est - ce Côté des lèvres .crépuscule eu nous comme à l ' aurore ; on sent bien vaguement , mais enfin on le sent — c ’ est le lot des humains , c ’ est la loi de leur sang , de leur être , l ’ on sent remuer i [ ueii [ ue chose d ’ enivrant et de doux comme un parfum de rose ..",
                  "id": "16",
                  "title": "Miss Fauvette / Alfr. Delvau"
            },
            {
                  "doc_url": "https://gallica.bnf.fr/ark:/12148/bpt6k12804393",
                  "emotions": [
                        "surprise",
                        "annoyance",
                        "greed"
                  ],
                  "excerpt": [
                        "Il y en a un qui croift en Candie , & dont lesfeüilles font femblables au fenouil , mais moindres & plus menues .II a fa j tige de la hauteur d ’ un palme , & fa fleur eft blanche , auffi - bienque fa graine , qui d ’ ailleurs eft forte , velue , & de bonne odeur quand on la mafche .Sa racine eft de la groifeur d ’ un doigt & de la i longueur d ’ un bon palme .",
                        "Fruit de l ’ oranger , arbre toujours verd , quiafes feuilles larges 6c approchantes de celles du laurier .Elles font greffes , ltflées , odorantes & pointues au bout .Les Orangers jettent des branches Couples & minces , dont l ’ écorce eft de couleur verte blanchaftre ."
                  ],
                  "id": "17",
                  "title": "Le grand Dictionnaire de l'Académie française... (2e édition...)"
            },
            {
                  "doc_url": "https://gallica.bnf.fr/ark:/12148/bpt6k76702g",
                  "emotions": [
                        "surprise"
                  ],
                  "excerpt": "tombée dans un état de Nervosisme chronique caractérisé par un grand nombre de phénomènes nerveux , accompagnés de fièvre , et elle me présenta , entre autres , te singulier phénomène d ' une exhatation gaxcuzc utéro - vaginate assez abondante .Constamment assise et trop faible pour se baisser , il était impossible que t ' air entrât dans le vagin pour en sortir , comme ce ! a s ' observe souvent dans le / ' o / M ~ M / , et j ' en ai conclu à t ' exhatation morbide des gaz rcjetés par la vulve .t < .",
                  "id": "18",
                  "title": "Du nervosisme aigu et chronique et des maladies nerveuses : cours professé à la Faculté de médecine de Paris (2e édition) / par E. Bouchut,..."
            },
            {
                  "doc_url": "https://gallica.bnf.fr/ark:/12148/bpt6k30401587",
                  "emotions": [
                        "surprise",
                        "caring"
                  ],
                  "excerpt": "Cependant je m ’ étais baissé pour le caresser , malgré l ' effroi de son mal , ayant déjà reçu des mains de Sylvestre le cornet de carton tout imbibé de la chose mortelle .En le caressant toujours , j ’ essayais de le décider à rester là , bien tranquille , à enfoncer peu à peu son bout de nez dans ce carton endormeur ; lui , un peu surpris d ’ abord , reniflant avec un vague effroi cette senteur inconnue , finit pourtant par se laisser aller , avec une soumission telle que j ’ hésitai à continuer mon œuvre .L ’ anéantissement d ’ une bête pensante , tout autant que celui d ’ un homme , a de quoi nous confondre ; quand on y songe , c ’ est toujours le même révoltant mystère .",
                  "id": "19",
                  "title": "Le livre de la pitié et de la mort (47ème éd.) / par Pierre Loti,..."
            },
            {
                  "doc_url": "https://gallica.bnf.fr/ark:/12148/bpt6k5448505b",
                  "emotions": [
                        "surprise"
                  ],
                  "excerpt": ", en soignant un typhisé , commit l ' imprudence de monter sur le lit du malade , pour pouvoir le manier plus facilement .Au moment où il levait les couvertures , il sentit , me dit - il , une odeur mi generis , qui lui fit une singulière impression .A peine fut - il à l ' air , qu ' il fut atteint de faiblesse dans les jambes et d ' un malaise général .",
                  "id": "20",
                  "title": "Des épidémies de fièvre typhoïde dans les campagnes : étiologie et prophylaxie / par le docteur Alexis Poirier,..."
            }
      ]
}