{
      "articles": [
            {
                  "doc_url": "https://gallica.bnf.fr/ark:/12148/bpt6k5468172x",
                  "emotions": [
                        "surprise",
                        "doubt"
                  ],
                  "excerpt": "& es ' oifmrx prendre leur essor ? * t > j - * f .- y i / /è , % » e ! entends - tu sous la ramée Bruire l ' insecte aux ailes d ' or ? Vois - tu s ' ouvrir la fleur nouvelle Jetant mille parfums au vent ? Vois - tu la joyeuse hirondelle Fendre l ' azur du firmament ? Vois le brin d ' herbe qui frissonne Au souffle amoureux du zéphir , .La rose effeuillant sa couronne Sur le doux sentier du plaisir .",
                  "id": "1",
                  "title": "A Jeanne Boinod pour son anniversaire. 23 Juin 1864. (Signé : Un vieil ami)"
            },
            {
                  "doc_url": "https://gallica.bnf.fr/ark:/12148/bpt6k9602499d",
                  "emotions": [
                        "surprise",
                        "fear",
                        "annoyance",
                        "doubt",
                        "curiosity"
                  ],
                  "excerpt": "MERCURE .D ' où vient cette odeur de mortel , qui arrive jusqu ' à moi1 ? 0 Hercule ! qu ' est - ce que cette s bête ? TRY G É E .Un hippocanthare 2 .",
                  "id": "2",
                  "title": "Comédies d'Aristophane. Tome 3 / , traduites du grec par M. Artaud"
            },
            {
                  "doc_url": "https://gallica.bnf.fr/ark:/12148/bpt6k5544475n",
                  "emotions": [
                        "surprise",
                        "nostalgia",
                        "doubt",
                        "amusement",
                        "embarrassment"
                  ],
                  "excerpt": "Voici le fait .Hier au soir , tandis que je m ' amusais à faire étinceler à coups d ' aile , le parfum d ' une fleur de la montagne , je vis sur la bruyère quelque chose , je n ' ai pas dit quelqu ' un , qui ressemblait de certaine façon à un homme , je n ' ose dire que c ' en fut un , et qui n ' était pas seul .Cette chose ou ces choses , étaient immobiles , et la plus grande , avec des yeux presque voilés , regardait fixement au ciel le globe de Saturne .",
                  "id": "3",
                  "title": "Synédise : drame légendaire en 5 actes, avec prélude, intermède et épilogue / Adam Stevarn"
            },
            {
                  "doc_url": "https://gallica.bnf.fr/ark:/12148/bpt6k3112395",
                  "emotions": [
                        "surprise",
                        "grief",
                        "anger",
                        "disapproval",
                        "embarrassment"
                  ],
                  "excerpt": ".qui m ’ appelait éperdument ! Ta voix se balançait comme la tige même des astres parfumés ! ..",
                  "id": "4",
                  "title": "La Momie sanglante / F. T. Marinetti"
            },
            {
                  "doc_url": "https://gallica.bnf.fr/ark:/12148/bpt6k3112395",
                  "emotions": [
                        "surprise",
                        "grief",
                        "gratitude",
                        "embarrassment",
                        "disappointment",
                        "guilt"
                  ],
                  "excerpt": ".ton corps blanc de magnolia , ô Lune , ton corps à demi nu et parfumé de jasmin s ’ épanouissait à miracle d ’ entre le suaire hideux du remords ! ..",
                  "id": "5",
                  "title": "La Momie sanglante / F. T. Marinetti"
            },
            {
                  "doc_url": "https://gallica.bnf.fr/ark:/12148/bpt6k11864248",
                  "emotions": [
                        "surprise"
                  ],
                  "excerpt": "„ Papa , lui dit - il , dans un geste large d ’ adoption , papa , papa , je veux réciter une fable devant tout le monde .L ’ eucalyptus et le rhinocéros - ' * ■ „ Quoi ! disait l ’ animal du centre de l ’ Afrique • * - A la plante aux feuilles pointues , Ton fumet , morne rachitique , Te monte au nez ! \" L ’ eucalyptus Osait se soutenir cent fois plus poétique Que notre obèse au nez cornu .' ■ Mû Par un bon sentiment de justice ironique ■ ' „ Qucllc erreur est la vôtre ! ajouta l ' animal .",
                  "id": "6",
                  "title": "Les Lettres parisiennes"
            },
            {
                  "doc_url": "https://gallica.bnf.fr/ark:/12148/bpt6k1162747h",
                  "emotions": [
                        "surprise"
                  ],
                  "excerpt": "Un Anglais , du thé et du rhum ; un gourmand , du kari à l ’ indienne .Voyez ce que c ’ est que l ’ empire de l ’ habitude ! Qui n ’ a entendu parler du chapon de Gascogne ? Tout le monde sait que , dans ce pays , on assaisonne la salade de chicorée avec une croûte de pain bien enduite d ’ ail : on appelle plaisamment chapon de Gascogne cette croûte ainsi parfumée .A Marseille , à Montpellier , à Toulouse , à Bordeaux , enfin dans toutes les villes du Midi où l ’ on connaît la bonne chère , c ’ est l ’ assaisonnement obligé de la salade d ’ endive .",
                  "id": "7",
                  "title": "Musée des enfants"
            },
            {
                  "doc_url": "https://gallica.bnf.fr/ark:/12148/bpt6k1162747h",
                  "emotions": [
                        "surprise",
                        "fear",
                        "nervousness"
                  ],
                  "excerpt": "Un sergent , affalé sur mon unique fauteuil , laissait pendre ses bras à l ’ abandon .De ce groupe montaient des ronflements à faire peur , le bruit de respirations épaisses et un relent de chairs échauffées qui remplissait l ’ air .En comptant ceux - là et ceux de la cuisine , j ’ avais trente - cinq ennemis chez moi .",
                  "id": "8",
                  "title": "Musée des enfants"
            },
            {
                  "doc_url": "https://gallica.bnf.fr/ark:/12148/bpt6k9780410g",
                  "emotions": [
                        "surprise",
                        "doubt"
                  ],
                  "excerpt": "Nous devons cependant faire observer que la matière blanche et cristalline laisse dégager une quantité notable d ' alcali volatil , quand on la traite à chaud par une solution de potasse caustique .Puisque cette substance contient de l ' azote , ne se pourrait - il pas qu ' elle devînt , par suite d ' une altération et d ' une combinaison qui nous est inconnue , un des élémens composés de l ' huile essentielle ? Nous serions d ' autant plus portés à le croire , que cette même substance possède , même dans son plus grand état de purification , la saveur des amandes amères , et que les amandes douces ne fournissent aucun principe analogue .Ces observations nous ont déterminés à étudier particulièrement ce produit remarquable , et nous indiquerons les , résultats de nos essais ; mais , avant de nous occuper de cet objet , nous terminerons ce quia trait à l ' amande elle - même , et nous commencerons par rappeler que le tourteau d ' amandes amères , qui a subi l ' action de l ' alcool , ne fournit plus à la distillation avec l ' eau aucune particule d ' huile essentielle ' , et que non - seulement le produit qu ' on obtient ne manifeste pas la plus légère odeur d ' amandes amères , mais que les réactifs n ' y font pas découvrir la moindre trace d ' acide prussique , ni autre .",
                  "id": "9",
                  "title": "Nouvelles expériences sur les amandes amères et sur l'huile volatile qu'elles fournissent ; par MM. Robiquet et Boutron-Charlard"
            },
            {
                  "doc_url": "https://gallica.bnf.fr/ark:/12148/bpt6k6551086m",
                  "emotions": [
                        "surprise",
                        "pain",
                        "embarrassment"
                  ],
                  "excerpt": "Conduisez - moi dans ma chambre à coucher .Quelques instants après , Diane s ' endormait le front brûlant , les joues empourprées , la respiration haletante .La pensée de cette sombre cataslrophe qui avait brisé ses derniers liens de famille lui navrait le cœur et ne lui permettait guère de songer aux avantages vraiment inouïs qui en résultaient pour elle .",
                  "id": "10",
                  "title": "Diane Kerdoval : les jeunes filles de Paris (2e édition) / par Étienne Enault"
            },
            {
                  "doc_url": "https://gallica.bnf.fr/ark:/12148/bpt6k9710193s",
                  "emotions": [
                        "surprise"
                  ],
                  "excerpt": "Il en vient d ' assez bons en grands Arbres , ou ils se trouz vent tous tanelez de petites marques rouges , qui rcjoüjs - sent la veuë , éveillent l ' appétit par un goût bien plus relevé qu ' ils n ' ont en Fspalier , mais en revanche cet Es - palier leur augmente la grosseur , & leur donne un vermillon admirable , & principalement il fait qu ' on en a plus surement 5 les uns & les autres sont également bons pour la confiture 5 les meilleurs ( ont un peulucrez , mais cependant d ' ordinaire pâteux 5 il n ' y a guéres de Jardins ou il n ' en faille quelqu ' un , le fruit est : hâtif , c ' essà dire qu ' on commence d ' en voir dés l ' entrée de Juillet , & sur tout d ' une petite eipece , qu ' on appelle l ' Abricot hâtif , & qu ' il faut mettre au grand Midy 3 la chair en est fort blanche , & la feuille plus ronde , & plus verte qu ' aux autres , mais pour cela il n ' eH : pas meilleur .Les Abricots ordinaires , qui sont bien plus gros , & ont la chair jaune , ne meurissent que vers la my - Juillet 5 il en faut aux quatre exportions , si on a assez de murailles pour cela , ou autrement on manqueroit de la meilleure de toutes les compottes , chose étonnante , que le feu & le sucre réveillent dans l ' Abricot qui cuit , un certain parfum dont on ne s ' étoit point aperçu dans le cru .Ce qui fait que j ' en veux en toutes sortes d ' expositions > est que comme ils fleuriiTent de tres - bonne heure , cest à dire dés larhy - Mars , saison fort traversée de gelées blanches , qui sont mortelles à la fleur s de quelque côté que le vent froid vienne à donner sur cette fleur , il la gelesans doute , & ainsi il ne s ' en sauve guéres 5 6c comme les vents du Printemps ne donnent pas toûjours sur les quatre murailles , celle qui n ' en esi pas affligée , peut au moins nous recompenser de ceuæ qui auront été perdus d ' ailleurs , & ainsi on en a quelquesfois au Nord , sans en avoir ny au Midy , ny au Levant , ny au Couchant , quelques - fois le côte heureux se trouve seulement au Midy , & quelquesfois seulement ' au Levant , ou seulement au Couchant j c ' est pourquoy autant qu ' on le peut il faut en hazarder à toutes les expositions , pour tâcher enfin d ' avoir des Abricots .",
                  "id": "11",
                  "title": "Instruction pour les jardins fruitiers et potagers. Tome 1 / . Avec un Traité des orangers, suivy de quelques refléxions sur l'agriculture. Par feu Mr. de La Quintinye, directeur de tous les jardins fruitiers & potagers du Roy. Tome I. [-II.]"
            },
            {
                  "doc_url": "https://gallica.bnf.fr/ark:/12148/bpt6k5460034d",
                  "emotions": [
                        "surprise"
                  ],
                  "excerpt": "f PISSEUX , EUSE ( pi - seû , seû - z ' ) , adj .Quia l ' odeur , l ' apparence de l ' urine .|Couleur pisseuse , couleur comme gâtée par l ' urine .",
                  "id": "12",
                  "title": "Dictionnaire de la langue française.... Tome 3 / par É. Littré,..."
            },
            {
                  "doc_url": "https://gallica.bnf.fr/ark:/12148/bpt6k5460034d",
                  "emotions": [
                        "admiration",
                        "surprise",
                        "pride"
                  ],
                  "excerpt": "| [ Fig .Le prince [ le lion ] à ses sujets étalait sa puissance ; En son louvre il les invita ; Quel louvre ! un vrai charnier , dont l ' odeur se porta D ' abord au nez des gens - , LA FONT .Fabl .",
                  "id": "13",
                  "title": "Dictionnaire de la langue française.... Tome 3 / par É. Littré,..."
            },
            {
                  "doc_url": "https://gallica.bnf.fr/ark:/12148/bpt6k66268t",
                  "emotions": [
                        "admiration",
                        "surprise",
                        "amusement"
                  ],
                  "excerpt": "On y est à son aise , on n ' a pas besoin de changer de tenue comme dans vos sacrés châteaux , où il faut faire la bouche en cœur jusqu ' à minuit , bien heureux encore quand on ne vous oblige pas à valser .Eh eh 1 mon capitaine , un tour de valse avec une jolie femme , décolletée , élégante , sentant bon , ce n ' est pas à dédaigner , même en étape .Possible pour vous , mon cher vous êtes un mondain , et dans un salon vous vous retrouvez dans votre élément ; mais moi , je l ' ai déclaré une fois pour toutes âu fourrier , je préfère la plus infecte auberge à tous les plus beaux châteaux du monde .",
                  "id": "14",
                  "title": "Tout en rose ! (5e édition) / Richard O'Monroy"
            },
            {
                  "doc_url": "https://gallica.bnf.fr/ark:/12148/bpt6k9811556f",
                  "emotions": [
                        "surprise",
                        "joy",
                        "optimism",
                        "excitement",
                        "gratitude",
                        "approval"
                  ],
                  "excerpt": [
                        "Odontalgia , 260 .Odeurs de médicametis 355 .Œ conomia natures , 351 .",
                        "i 8 .U air imprégné de diverses exhalaisons .Cause commune des fievres , des dyssenteries , & c ."
                  ],
                  "id": "15",
                  "title": "Revue générale des écrits de Linné. Tome 2 / ; ouvrage dans lequel on trouve les anecdotes les plus intéressantes de sa vie privée, un abrégé de ses systèmes et de ses ouvrages, un extrait de ses Aménités académiques, &c. &c. &c. Par Richard Pulteney, traduit de l'anglois, par L.-A. Millin de Grandmaison ; avec des notes et des additions du traducteur"
            },
            {
                  "doc_url": "https://gallica.bnf.fr/ark:/12148/bpt6k5526366d",
                  "emotions": [
                        "surprise",
                        "disapproval",
                        "nostalgia",
                        "doubt",
                        "curiosity"
                  ],
                  "excerpt": "257 Ce ne sont plus des amis , ce sont — que dis - je ? — Des fantômes d ' anûs ! Quelquefois dans la nuit ils heurtent à mon coeur .Ils me regardent et disent : « C ' étaient pourtant nous ? » — — O paroles fanées , vous aviez des odeurs de roses .O langueur de jeunesse qui ne s ' est point comprise ! Ceux que je cherchais , Ceux que je me croyais parents et transformés , Ils vieillissaient pourtant , c ' est ce qiû les bannit : Celui qiû se transforme seiû me reste parent .",
                  "id": "16",
                  "title": "Par delà le bien et le mal / Frédéric Nietzsche ; traduit par L. Weiscopf et G. Art ; [et édité par Henri Albert]"
            },
            {
                  "doc_url": "https://gallica.bnf.fr/ark:/12148/bpt6k81135s",
                  "emotions": [
                        "surprise",
                        "anger",
                        "doubt",
                        "disappointment",
                        "guilt"
                  ],
                  "excerpt": "< e ( ~ u ' ette nous donne souvent de fil a retordre , car nous la protégeons eUe a un instinct singu - ticr , cette femme .Que ! po ! i < ier clic aurait fait , eHe a le nair et ' ' odorat du crime .) ) Inscrite sur vos registres , mais alors c ' est une .",
                  "id": "17",
                  "title": "Sonyeuse ; Soirs de province ; Soirs de Paris / Jean Lorrain"
            },
            {
                  "doc_url": "https://gallica.bnf.fr/ark:/12148/bpt6k5711028b",
                  "emotions": [
                        "admiration",
                        "surprise"
                  ],
                  "excerpt": "L ' halluciné par son contact communiquera sa propre hallucination .Comment ? J ' ai perçu une odeur ; j ' en suis ou ravi ou troublé , mais , dans tous les cas , fortement impressionné .Je manifeste plus tard mon impression agréable ou désagréable .",
                  "id": "18",
                  "title": "Les hallucinations : étude synthétique des états physiologiques et psychologiques de la veille, du sommeil naturel et magnétique, de la médiumnité et du magisme / Alban Dubet"
            },
            {
                  "doc_url": "https://gallica.bnf.fr/ark:/12148/bpt6k5551109z",
                  "emotions": [
                        "surprise",
                        "excitement"
                  ],
                  "excerpt": "Lorsqu ' elle est plus faible , il ne la constate bien qu ' en s ' ap - 96 DES DYSPEPSIES .prochant assez de lui pour recevoir et apprécier son haleine , exhalée lentement , la , bouche grandement ouverte .Dans les cas les plus prononcés , l ' air de la chambre , du malade est comme imprégné , de cette acidité , que j ' ai plusieurs fois reconnue dans la pièce qui .",
                  "id": "19",
                  "title": "Des Dyspepsies, par le prof. Chomel,..."
            },
            {
                  "doc_url": "https://gallica.bnf.fr/ark:/12148/bpt6k5414482q",
                  "emotions": [
                        "surprise",
                        "disgust",
                        "annoyance",
                        "pain",
                        "embarrassment"
                  ],
                  "excerpt": "— L ' enfant est très altéré et présente de plus de l ' érythème interfessier .Le nez et les yeux coulent abondamment .Cet ensemble symptomatique est attribué à l ' iodisme et on supprime l ' iodure .",
                  "id": "20",
                  "title": "Contribution à l'étude de la syphilis héréditaire précoce / par Ilia D. H. Ivanoff,..."
            }
      ]
}