{
      "articles": [
            {
                  "doc_url": "https://gallica.bnf.fr/ark:/12148/bpt6k30465023",
                  "emotions": [
                        "surprise",
                        "disgust",
                        "doubt"
                  ],
                  "excerpt": "Souvent néanmoins le soulagement n ’ est que passager ; l ’ épanchement se reforme , et aux symptômes de l ’ hecticité se joignent ceux de l ’ infection putride qui se développent sous l ’ influence de la pénétration de l ’ air dans le foyer purulent et de la rétention du pus décomposé .L ’ ha - leine prend alors une odeur insupportable , qui peut faire ! croire à une gangrène pulmonaire .Les fonctions digestives s ’ altèrent ; on observe de l ’ anorexie , des nausées , des vomissements et de la diarrhée ; les forces déclinent rapidement , la fièvre reprend une intensité nouvelle , elle s ’ accompagne de frissons répétés et de sueurs profuses .",
                  "id": "1",
                  "title": "Manuel pratique des maladies de l'enfance (4e édition...) / par A. d'Espine,... C. Picot,..."
            },
            {
                  "doc_url": "https://gallica.bnf.fr/ark:/12148/bpt6k5457920c",
                  "emotions": [
                        "surprise",
                        "courage",
                        "excitement",
                        "pain"
                  ],
                  "excerpt": "La forme de son rêve est vivante et l ' étreint ! Et le manteau des peines est léger autour d ' eux , Comme le plumage des cygnes Et la senteur des pins .La force de Wieland aux mains fortes , Enveloppe la fille et l ' emporte : Comme un fardeau de fleurs soulevé ' Vers la lèvre enivrée Fait crier tout le sang Et voile le regard , Ainsi la saveur est si douce en sa bouche Qu ' il en tremble , Le fardeau , si léger qu ' il faiblit au départ .Et ils vécurent ensemble ; Du baiser de l ' Alvitte Wieland conçut un art .",
                  "id": "2",
                  "title": "La légende ailée de Wieland le forgeron / Francis Vielé-Griffin"
            },
            {
                  "doc_url": "https://gallica.bnf.fr/ark:/12148/bpt6k9609901k",
                  "emotions": [
                        "surprise",
                        "gratitude",
                        "doubt"
                  ],
                  "excerpt": "De ce rien voltigeant maintenant dans l ' espace , Les fleurs auraient leur part et m ' ouvriraient leur cœur Pour qu ' un peu de ma cendre , en tombant , y prît place Et s ' endormît sans peur .Et le soleil qui naît et qui monte d ' un geste , En voyant du brouillard qui sent bon , le boirait , Et dirait : « Qu ' a - t - il donc ce matin ! » .— Quant au reste , Le vent l ' emporterait .",
                  "id": "3",
                  "title": "Les Opalines : poésies (suivies de prose) / Pierre Corrard"
            },
            {
                  "doc_url": "https://gallica.bnf.fr/ark:/12148/bpt6k5791001w",
                  "emotions": [
                        "surprise"
                  ],
                  "excerpt": "Toute la famille avait vu la réapparition du globule ; toute entière aussi elle accourut au cri de guérison et fut grandement impressionnée par une forte odeur de parfums suaves et pénétrants , là où il n ' y avait qu ' une seule rose desséchée depuis 2 jours .Chose non moins surprenante , Tambousamy ne sentait pas lui - même ces parfums odorants .Depuis ce jour , c ' est - â - dire depuis plus de deux mois , la guérison se maintient et tout fait penser qu ' elle est parfaite .",
                  "id": "4",
                  "title": "Notice sur l'origine, les fêtes et l'inauguration de la chapelle de N.-D. de Lourdes à Villenour... / par le R.P. L. Renevier,..."
            },
            {
                  "doc_url": "https://gallica.bnf.fr/ark:/12148/bpt6k6128249d",
                  "emotions": [
                        "surprise",
                        "grief",
                        "sadness",
                        "love",
                        "nostalgia",
                        "doubt",
                        "disappointment"
                  ],
                  "excerpt": "LIVRE V .Oh ! pourquoi deux patries ? Hélas ! a - t - on deux coeurs ? Adieu , mes fleurs chéries ! Adieu , mes jeunes fleurs ! Tous les baisers que je vous laisse , O mes fleurs , lorsque sans appui Vous verrez ma mère en tristesse , Tous les baisers que je vous laisse , En doux parfums rendez - les - lui ! ..",
                  "id": "5",
                  "title": "Poésies posthumes de Hippolyte Guérin de Litteau. Légendes, précédées d'une notice biographique par Gustave Desnoiresterres"
            },
            {
                  "doc_url": "https://gallica.bnf.fr/ark:/12148/bpt6k6539931p",
                  "emotions": [
                        "surprise",
                        "doubt",
                        "curiosity"
                  ],
                  "excerpt": "LOUIS DE VEYRIERES , MEMBRE CORRESPONDANT .Oh ! dis - moi si la violette , Symbole de l ' humilité , Ne fait pas un bout de toilette , Affectant la simplicité ? Qui sait - i sous l ' herbe elle caquette Ou regarde un peu de côté ; Je le parierais , la coquette Connait bien son attrait vanté ! Ce n ' est point encore un problème , Non , cette ileur n ' est plus l ' emblème De la Vierge , reine des cieux ! Elle cachait mieux sur la terre Et sa beauté que rien n ' altère , Et son parfum délicieux ! a .La Fête - Dieu .",
                  "id": "6",
                  "title": "Bulletin de la Société d'agriculture, sciences et arts de Poligny (Jura)"
            },
            {
                  "doc_url": "https://gallica.bnf.fr/ark:/12148/bpt6k202877g",
                  "emotions": [
                        "surprise",
                        "relief",
                        "gratitude"
                  ],
                  "excerpt": "Et les deux femmes , s ' inclinant et réunissant leurs forces , soulevèrent la Mole et le déposèrent sur une espèce de grand sofa à dossier sculpté qui s ' étendait devant la fenêtre , qu ' elles entr ' ouvrirent pour lui donner de l ' air .Le mouvement réveilla la Mole , qui poussa un soupir , et , rouvrant les yeux , commença d ' éprouver cet incroyable bien - être qui accompagne toutes les sensations du blessé , alors qu ' à son retour à la vie il retrouve la fraîcheur au lieu des flammes dévoranteb , 4t les parfums du baume au lieu de la tiède et nauséabonde odeur du sang .Il murmura quelques mots sans suite , auxquels Marguerite répondit par un sourire en posant le doigt sur sa bouche .",
                  "id": "7",
                  "title": "Oeuvres illustrées ; 4. La reine Margot. 4, 1 / par Alexandre Dumas ; éd. ill. par E. Lampsonius et Lancelot"
            },
            {
                  "doc_url": "https://gallica.bnf.fr/ark:/12148/bpt6k9940563",
                  "emotions": [
                        "surprise",
                        "annoyance",
                        "nostalgia",
                        "excitement"
                  ],
                  "excerpt": "Nous serions - nous fait à une telle privation , que celle de voir , en temps de pluie , le bas de soie noire bien étiré , moulant le mollet ; ce soulier qui , quoique étroit , semble encore grand pour emprisonner le pied le plus mignon ? Si tout l ' apparat d ’ une belle toilette nous manquait , est - ce que les Pi ver , les Pinaud .les ( tollé , sueraient sur leur alambic pour distiller les parfums lis plus lins des plantes aromatiques et exotiques ? Plus de désirs , chez la femme , de plaire par la vue , partant plus do désir de chatouill r notre odorat .De même , négligeant tous les autres soins de l ’ hygiène , en même temps que la séduction , la femme ferait fi aujourd ' hui des dentifrices du docteur Pierre , des eaux de beauté Pâquerette et Laïs , et de la rosé j - crème de Bertrand .",
                  "id": "8",
                  "title": "Beautés de Paris : un numéro tous les mercredis : vie mondaine, fantaisies, actualités, théâtres, beaux-arts, sport / directeur Albert Armand ; rédacteur en chef Belz de Villas"
            },
            {
                  "doc_url": "https://gallica.bnf.fr/ark:/12148/bpt6k6103362h",
                  "emotions": [
                        "surprise",
                        "grief",
                        "sadness",
                        "doubt",
                        "disappointment"
                  ],
                  "excerpt": "précipitation sous le nez de la malade .Or jugez des cri ? 4c celle - ci quand , au lieu de l ' odeur bieufaisariie qu ' on lui promet , cil » : sent ( ô ciel ! ) cet ail funeste échauffé encore par ieséjour dans le .fond de l ' habit du galant .",
                  "id": "9",
                  "title": "Le Courrier des salons, ou l'Ami des beaux-arts"
            },
            {
                  "doc_url": "https://gallica.bnf.fr/ark:/12148/bpt6k146097j",
                  "emotions": [
                        "surprise",
                        "gratitude"
                  ],
                  "excerpt": "Eh bien ! les deux flacons du staphylin vont s ' ouvrir et il s ' en échappera à l ' instant même un parfum dont vous serez ravi ; c ' est l ' odeur bienfaisante de l ' élhcr sulfu - rique mais délicieusement aromatisée .Nul parfumeur n ' a encore égalé le Staphylin odorant ; et de quoi compose - t - il sa pommade , ô mon Dieu ! c ' est un miracle de chimie ! A quelle fin l ' ingénieux insecte distille - t - il autour de lui une si suave senteur ? Yoilà ce que personne encore n ' a pu découvrir .N ' est - il pas vraisemblable que cette émanation éloigne ou tue quelque ennemi redoutable ? Curieux sujet d ' étude pour les entomogestes .",
                  "id": "10",
                  "title": "Les loisirs du père Labêche. Plantes et bêtes / Eugène Noël"
            },
            {
                  "doc_url": "https://gallica.bnf.fr/ark:/12148/bpt6k5751593r",
                  "emotions": [
                        "surprise"
                  ],
                  "excerpt": ".à quatre pattes , se trouvaient fortement surpris par de délicieuses émanations caressant agréablement leur appareil olfactif .Ces sensations agréables n ' avaient d ' autre cause qu ' une vaporisation effectuée ù dose , infinitésimale de l ' énergique désinfectant aromatique qui a nom « Gyr .",
                  "id": "11",
                  "title": "La Vie sportive du Nord et du Pas-de-Calais et l'Union sportive réunies : journal hebdomadaire illustré de tous les sports / direction Emile Lante et André Fage"
            },
            {
                  "doc_url": "https://gallica.bnf.fr/ark:/12148/bpt6k77372s",
                  "emotions": [
                        "surprise"
                  ],
                  "excerpt": "Cette dépression a toujours existé depuis ; elle peut contenir la pulpe do l ' index .En 1883 , il eut un coryza léger mais il fut très - frappé de sentir constamment une odeur infecte , odeur de cadavre * qu ' il rencontrait partout , sans qu ' elle existât réellement .Cependant le liquide qui sortait par les narines , n ' était ni purulent , ni sanguinolent ; il n ' a jamais charrié de détritus organiques ( osseux ou autres ) .",
                  "id": "12",
                  "title": "Des affections nerveuses syphilitiques / par D. A. Zambaco,..."
            },
            {
                  "doc_url": "https://gallica.bnf.fr/ark:/12148/bpt6k6365416c",
                  "emotions": [
                        "surprise"
                  ],
                  "excerpt": "les commissaires ayant oublié de purifier une collection d ' histoires particulières de malades dans le lazaret de Montalègre , ils s ' empressèrent de réparer cet oubli à leur arrivée dans celui de Bellegarde ( 1 ) .« Le paquet négligé précédemment fut ouvert : aussitôt une vapeur infecte d ' un genre particulier , frappa l ' un d ' eux au point que , surpris par cette puanteur , il recula involontairement .» 2 ° D ' un autre côté , « une chambre du lazaret de Montalègre avait été habitée par un malade , lequel en était sorti depuis une quinzaine .",
                  "id": "13",
                  "title": "Esquisses de climatologie comparée : climats et endémies / par P.-Ch. Pauly,..."
            },
            {
                  "doc_url": "https://gallica.bnf.fr/ark:/12148/bd6t5375149r",
                  "emotions": [
                        "surprise",
                        "disgust"
                  ],
                  "excerpt": "Si maintenant chez nous le tabac donne annuellement peut - être plus de 150 millions de revenu au gouvernement , il donne aussi à la France 400 mille maniaques ou crétins de plus par an .Que ce goût si bizarre et si nuisible du tabac se 76 trouve chez les sauvages , \" dans les contrées où existent l ’ ignorance , les ténèbres , le manque de respect pour les autres et pour soi - même , on le comprend ; mais qu ’ il existe avec fureur en Europe et dans le nouveau monde , voilà ce qui , plus tard , paraîtra incroyable et confondra tous les chimistes et tous les penseurs de l ’ avenir .Que le lecteur sache , cependant , que si je trouve .",
                  "id": "14",
                  "title": "Considérations sur cinq fléaux : l'abus du corset, l'usage du tabac, la passion du jeu, l'abus des liqueurs fortes et l'agiotage / par Charles Dubois,..."
            },
            {
                  "doc_url": "https://gallica.bnf.fr/ark:/12148/bpt6k9767743h",
                  "emotions": [
                        "surprise"
                  ],
                  "excerpt": "C ' est qu ' il me semble qu ' en la vie j ' entre seulement aujourd ' hui ! La coupe n ' est pas encor vide où je vois se mirer le ciel , où ma lèvre s ' abreuve , — avide , d ' un nectar plus doux que le miel .La fleur n ' est pas encor fanée , qui , jusqu ' à mon âme étonnée , lance son arôme embaumé ..",
                  "id": "15",
                  "title": "Péchés véniels. par Albert Millaud"
            },
            {
                  "doc_url": "https://gallica.bnf.fr/ark:/12148/bpt6k350374",
                  "emotions": [
                        "surprise",
                        "gratitude",
                        "doubt"
                  ],
                  "excerpt": "Au milieu d ' eux un vieux troupier chan tai t nes rOl1pkts qu ' il : 1 \\ ' ait .1 ' 3ppOl ' tl ' S i1 ~ : 111c ~ x » ~ ne Seul prix drne rude campagne ; Je les retins au vol quand chacun répétait 14 Quels flots amis , de vapeur enivrante tl l Du mont voisin parfument ces vallons ? Ah ! c ' est la vigne à la feuille naissante Qui verse au loin l ' odeur de ses bourgeons , Dans le cellier , au fond de la futaille Qui peut ainsi s ' agiter et .bondir ? A l ' air natal c ' est le vin qui tressaille Oh ! la patrie et son doux souvenir 1 » liuet longtemps sous la dou ~ ~ e il son1111eille ; Mais à l ' odeur de ses chers espaliers Impatient le voilà qui s ' éveille ! Et nous , amis , serons - nous ses geôliers ' ? Préparons - lui la coupe hospitalière De sa prisori qu ' on le fasse sortir Pauvre captif vois enfin la lumière Oh la patrie et son doux souvenir ! 1 ) Dis maintenant enfant de la colline , Te sens - tu libre ? En ce rayon d ' amour Dont le cristal transparent s ' illumine Vois - tu ces champs où tu reçus le jour ' ! Comme il frémit 1 Ses yeux se multiplie > l ~ t L Pour voir sa mère enivré de plaisir Et d ' elle aussi les regards lui sourient ! Oh la patrie et son ( loux souvenir i 1 lm ¡ la 1 i Il Il .",
                  "id": "16",
                  "title": "Le tour de ville, promenade chartraine en 22 stations / par M. l'abbé Calluet,..."
            },
            {
                  "doc_url": "https://gallica.bnf.fr/ark:/12148/bpt6k6375766k",
                  "emotions": [
                        "surprise"
                  ],
                  "excerpt": "Tous les ans , à l ' entrée de l ' hiver , les fosses seront vidées et le contenu mélangé à une quantité suffisante de terre : l ' opération se fera , naturellement , dans l ' endroit du pays le plus écarté et le moins passager .Plus tard , lorsque , après quelques brassages , le mélange sera devenu homogène et peu odorant , on le répandra dans les prairiesnaturelles où il fera pousser , à merveille , les graminées grandes et fortes comme le brome stérile et la folle avoine .A défaut de terre on peut employer le tan qui a déjà servi au tannage des peaux .",
                  "id": "17",
                  "title": "L'hygiène pour tous (2e édition) / par C. Pagès,..."
            },
            {
                  "doc_url": "https://gallica.bnf.fr/ark:/12148/bpt6k58087069",
                  "emotions": [
                        "surprise",
                        "nostalgia"
                  ],
                  "excerpt": "Avant de partir , les enfants secouèrent encore solennellement la main ridée et caillouteuse do leur aïeule qui les regardait partir , stupéfaite et lo coeur serré , quand tout à coup , par un adorable mouvement spontané , le plus jeune , arrivé à la porte , se retourna vivement , bouscula le grand nègre , et vint se jeter , la tête en avant , comme un petit buffle , dans les jupes de la mère Jansoulet qu ' il serra à bras le corps en lui tendant son front lisse éclaboussé do boucles brunes , avec la bonne grâce de l ' enfant qui offre sa caresse comme une fleur .Peut - être celui - là , plus près du nid et de ses tiédeurs , des girons qui bercent et des nourrices aux chansons - patoises , avait - il senti venir vers son petit coeur les effluves maternelles dont lo pri - LE NABAB .491 vail la Levantine .",
                  "id": "18",
                  "title": "Le Nabab : moeurs parisiennes (43e édition) / Alphonse Daudet"
            },
            {
                  "doc_url": "https://gallica.bnf.fr/ark:/12148/bpt6k54456651",
                  "emotions": [
                        "admiration",
                        "surprise",
                        "fear",
                        "relief",
                        "calmness"
                  ],
                  "excerpt": "sur un cadavre livide On cherche sa trace homicide , Qu ' il est à l ' abri du soupçon .Quel pouvoir ! quel affreux Protée l De combien de déguisements , Une industrieuse Médée Lui prête les enchantements ! Parfum voluptueux , paisible , Le vent de son aile invisible Apporte ses foudres muets , Ou breuvage , aux ondes limpides Épanchant ses flammes liquides , Bacchus le sert à ses banquets .Dieux ! des apprêts de la vengeance „ Quels mortels seront défendus ; La beauté tombe sans défense Dans ces pièges inattendus ; La beauté , jeune , fortunée , Et sans soupçons abandonnée A l ' attrait des jeux et des ris ! ODE .",
                  "id": "19",
                  "title": "Poésies diverses et pièces de théâtre , par J.-B.-P. Dalban"
            },
            {
                  "doc_url": "https://gallica.bnf.fr/ark:/12148/bpt6k6557975s",
                  "emotions": [
                        "surprise",
                        "joy",
                        "amusement"
                  ],
                  "excerpt": "« De bons voisins le plantèrent entre eux , le soutenant autant que leur propre état le leur permettait .Et l ' on riait , vous devinez comme ! « Pour comble , l ' air extérieur , un peu vif cette nuit - là , mais néanmoins imprégné des senteurs vaporeuses du beau Danube bleu , lui procura de petits frissons qui achevèrent d ' éteindre sa gaieté .Oh ! aïe ! aïe ! … que se passait - il en lui ? Il sem ¬ blait qu ' entre son estomac et les liquides absorbés , des incompatibilités d ' humeur s ' éveillassent , présageant un conflit , qui n ' irait peut - être à rien moins qu ' à une séparation violente .",
                  "id": "20",
                  "title": "Son excellence Satinette (affaires étrangères) / par Édouard Cadol"
            }
      ]
}