{
      "articles": [
            {
                  "doc_url": "https://gallica.bnf.fr/ark:/12148/bpt6k5469247h",
                  "emotions": [
                        "surprise",
                        "grief",
                        "love",
                        "nostalgia",
                        "gratitude"
                  ],
                  "excerpt": "Quand l ' oppresseur puissant l ' exile des campagnes , Jamais la Liberté ne me réclame en vain .LA NEIGE ET LE VIEILLARD Nous l ' aimions ce vieillard qui contait mainte histoire ; Comme un frémissement du vent parmi les blés , Un souffle circulait à travers l ' auditoire , Quand il disait naguère aux jeunes rassemblés : • « J ' ai vu bien des avrils secouer bien des branches « D ' où neigeaient au soleil des flocons odorants .\" J ' ai vu les gazons verts étoiles de fleurs blanches .",
                  "id": "1",
                  "title": "La Savoie, poésies, par Constant Berlioz"
            },
            {
                  "doc_url": "https://gallica.bnf.fr/ark:/12148/bpt6k55509970",
                  "emotions": [
                        "surprise",
                        "nostalgia",
                        "doubt",
                        "curiosity",
                        "faith"
                  ],
                  "excerpt": "J ' en vis tomber un rayon lumineux .Qu ' a - t - elle écrit cette plume de flamme ? Vague de l ' air , - vivra - t - il quelque son ? Voulais - tu de plus près qu ' elle éclairât notre âme , Reine , en la détachant des gloires de ton front ? Oui , la fleur de la nuit , errante dans ta grâce Comme un saint rameau d ' or à des parfums môle , Vers l ' azur infini semblait tracer la place , Séjour des bienheureux , espoir de l ' exilé .I MARIE CONSACRÉE A DIEU Depuis tes jeunes ans dans le temple amenée , L ' âme et le coeur plus purs que l ' encens des autels , Saintement tu grandis , Vierge prédestinée .",
                  "id": "2",
                  "title": "La Vie de Marie, neuvaine de dévotions et de louanges, cantiques destinés à être chantés dans tous les offices célébrés en l'honneur de la Très-Sainte Vierge, par Mme la baronne Amable de Béville... 2e édition"
            },
            {
                  "doc_url": "https://gallica.bnf.fr/ark:/12148/bpt6k6105911w",
                  "emotions": [
                        "surprise",
                        "disgust"
                  ],
                  "excerpt": "Elle possède une très belle et très grande place , tout le long de laquelle coule une soi - disant rivière , qui n ' est en réalité qu ' un affreux cloaque .La vue en est choquante autant que l ' odeur en est horrible ; c ' est une peste .La salubrité de la ville , non moins que son aspect , est intéressée à ce que ce cours d ' eau soit couvert .",
                  "id": "3",
                  "title": "Les Microbes / P.-G. Charpentier"
            },
            {
                  "doc_url": "https://gallica.bnf.fr/ark:/12148/bpt6k81649v",
                  "emotions": [
                        "surprise"
                  ],
                  "excerpt": "Cette combustion , qui commence en mai , juin ou juillet , se continue ( ont l ' été dans quelques cantons sa durée ordinaire est d ' un mois .Delà des nuages de fumée épaisse , d ' abord isolés , pm ' s confondus en un vaste brouillard d ' une odeur spéciale .Les météorologistes admettent que le brouillard des tourbières de Weslphalie peut diminuer la transparence de l ' air de U .",
                  "id": "4",
                  "title": "Traité d'hygiène publique et privée. [1] / par Michel Lévy,..."
            },
            {
                  "doc_url": "https://gallica.bnf.fr/ark:/12148/bpt6k5463182r",
                  "emotions": [
                        "surprise",
                        "disgust",
                        "fear"
                  ],
                  "excerpt": "« Oui , j ' instaurerais donc le temple aérien « Et ferais rutiler l ' édifice illusoire , « Si je pouvais , au prix fastueux de ce rien , « Arracher au Maudit sa montagne de gloire ! » LA LÉGENDE DU MONT SAINT - MICHEL 105 II Et Mikhaël , songeur , montrait , vers l ' horizon , Au sommet de l ' écueil de granit du mont Tombe , Un prodige de marbre , une ample floraison De pinacles plus blancs qu ' une aile de colombe .Mais , sous leur mensongère et spectrale candeur , D ' un sépulcre caché perçait l ' haleine immonde , Et ce parfum d ' enfer , cette impudique odeur , En rafales d ' horreur ruisselait sur le monde .D ' obscènes chants de rage et de rauques rumeurs Bourdonnaient au - dessus des sables du rivage .",
                  "id": "5",
                  "title": "Spartacus : fresques antiques / Fleury Vindry"
            },
            {
                  "doc_url": "https://gallica.bnf.fr/ark:/12148/bpt6k6210543f",
                  "emotions": [
                        "surprise",
                        "nostalgia",
                        "faith",
                        "embarrassment"
                  ],
                  "excerpt": "Mon âme fatiguée est comme la colombe Sur le flot du déluge égarant son essor , Et l ' olivier sauveur ne fleurit pas encor .Ces mille souvenirs couraient dans ma mémoire , Et je balbutiai : « Seigneur , faites - moi croire , ) , Quand soudain sur mon front passa ce vent glacé Qui sur le front de Job autrefois a passé 1 Le vent des nuits pleura sous le parvis sonore , Et soudain je compris que je gardais encore Dans le fond de mon cœur , de moi - même ignoré , Un peu de vieille foi , parfum évaporé .Cependant mon genou , fléchi par la prière , Se heurta contre un livre oublié sur la pierre , Et la secrète voix qui parle aux cœurs élus Murmura dans le mien : Prends et lis .",
                  "id": "6",
                  "title": "Le poëte au Calvaire : poëme en six parties. 1 / par Adolphe Dardenne,..."
            },
            {
                  "doc_url": "https://gallica.bnf.fr/ark:/12148/bpt6k9605461w",
                  "emotions": [
                        "surprise"
                  ],
                  "excerpt": "La mère écarquillait les yeux , où glissait une méfiance , le voyant si jeune : — J ' ai de l ' argent pour payer , allez ! Il fit passer sous le large nez de la Gervaise ses dix louis , qu ' il n ' avait pas encore égrignés .Le large nez , comme si l ' or avait une odeur précieuse , les flaira .— Il me semble , dit la bouche grasse , que ça sent bon .",
                  "id": "7",
                  "title": "La naïade / Jean Larocque"
            },
            {
                  "doc_url": "https://gallica.bnf.fr/ark:/12148/bpt6k6436343n",
                  "emotions": [
                        "surprise",
                        "grief"
                  ],
                  "excerpt": "Alors le lustre jette une lumière sombre , Les coupes et les fleurs leur échappent sans nombre , Leurs manteaux empourprés se changent en linceuils , Leurs sièges en tombeaux , leurs tables en cercueils .La poudre qui parait leur blonde chevelureA l ' odeur de cadavre et tombe en cendre impure , Leur chanson de débauche est un chant de trépas , Et leurs verres choqués tintent comme des glas .Ils veulent boire encor , poursuivre leur orgie , Et leur coupe de fange et de sang est rougie , Et leurs splendides mets se changent sous leurs mains - En lambeaux palpilans en ossemens humains .",
                  "id": "8",
                  "title": "La tragédie du monde / par Louis de Léon"
            },
            {
                  "doc_url": "https://gallica.bnf.fr/ark:/12148/bpt6k9605461w",
                  "emotions": [
                        "surprise",
                        "calmness"
                  ],
                  "excerpt": "Son larcin commis , il s ' enfuit en courant .Éphrise , fermant des yeux languissants , la bouche entr ' ouverte , buvait encore la saveur délicieuse .Paraît lui prit à son tour les mains , agenouillée — Pourquoi ne suis - tu pas la douce pente du plaisir ? Nicolin est si fin pour s ' échapper ! Cet homme , que tu as vu pleurer à tes pieds , te fait - il peur ? Éphrise , immobile dans une pâleur , répondit d ' une voix tremblante : — Cet homme , Sarah , c ' est le destin ! VI Marllion préparait à monsieur Nicolin une belle correction , ce qu ' on appelle une vraie tripotée de soufflets ; mais le rusé gamin lui en épargna la peine , en ne montant plus dans sa chambrette .",
                  "id": "9",
                  "title": "La naïade / Jean Larocque"
            },
            {
                  "doc_url": "https://gallica.bnf.fr/ark:/12148/bpt6k9651280p",
                  "emotions": [
                        "surprise",
                        "doubt"
                  ],
                  "excerpt": "Et il regarda au dehors , pensant quelque chose , mais ne sachant comment l ' exprimer .« Ah ! lui aurait - il dit s ' il avait eu à son usage la belle langue de la poésie , est - ce que le rayon d ' or qui tremble là sur l ' herbe est inutile ? est - ce que la fleur qui nous jette en ce moment son parfum est inutile ? est - ce que l ' étoile qui nous ravira les yeux ce soir est inutile ? » Morin ne dit pas cela ; mais il le pensa confusément et le formula , lorsqu ' il dit en secouant la tête : « Non , non , mademoiselle , vous n ' êtes pas inutile , au contraire .— Dans tous les cas , il faut bien que j ' attende , gémit Alberte .",
                  "id": "10",
                  "title": "La petite duchesse (9e éd.) / Mme Zénaïde Fleuriot"
            },
            {
                  "doc_url": "https://gallica.bnf.fr/ark:/12148/bpt6k5525187k",
                  "emotions": [
                        "surprise"
                  ],
                  "excerpt": "— « Monseigneur , » lui dirent - ils , « pourquoi avoir pris une peine inutile ? Ce lépreux que vous alliez voir est mort et enterré .» Saisi d ' étonnement , Thibaud rentra dans la demeure du pauvre homme ; mais il n ' y trouva plus personne , et sentit seulement que la chambre était pleine d ' une odeur em - - 56 ~ baumée .Dieu avait voulu lui montrer combien ses oeuvres de charité lui étaient agréables .",
                  "id": "11",
                  "title": "Almanach de Saint-Vincent-de-Paul"
            },
            {
                  "doc_url": "https://gallica.bnf.fr/ark:/12148/bpt6k202510t",
                  "emotions": [
                        "surprise"
                  ],
                  "excerpt": "couvert , de brouillards épais leSteaux ternies , n ' y ~ exhalent .que - dès odeurs nau - .séabôndës ; il ne .",
                  "id": "12",
                  "title": "Oeuvres complètes de Jacques-Henri-Bernardin de Saint-Pierre. T. 4, 2 / , mises en ordre et précédées de la vie de l'auteur, par L. Aimé-Martin"
            },
            {
                  "doc_url": "https://gallica.bnf.fr/ark:/12148/bpt6k5725205j",
                  "emotions": [
                        "surprise",
                        "love",
                        "desire",
                        "excitement",
                        "gratitude"
                  ],
                  "excerpt": "Sourire parfumé des champs , etc .Je l ' ai surprise sans dessein , Et son parfum toujours m ' enivre ; Je la remettrai sur son sein Quand elle aura cessé le vivre , Puis j ' écrirai sur ces deux fleurs , Premiers arômes de ma vie : « Ici reposent les deux soeurs , Ma violette et mon amie ! » Sourire parfumé des champs , 0 ma fleurette printanière ! Pour récompense de mes chants , Viens décorer ma boutonnière .LES QUATRE AGES 1 DE LA CHANSON La chanson , celle vierge folle , A ses quatre Ages comme nous : Dans le premier dont je raffole , Je vois l ' Age d ' or des joujoux .",
                  "id": "13",
                  "title": "Les gauloises : chants patriotiques et populaires / A. Roussel,..."
            },
            {
                  "doc_url": "https://gallica.bnf.fr/ark:/12148/bpt6k54450901",
                  "emotions": [
                        "surprise"
                  ],
                  "excerpt": "Après avoir fait ratifier & laver le plancher , nous nous avisâmes , comme moyen de propreté , de faire répandre un lait de chaux récent fur le plancher : moyen qu ' un manque de local nous avoit prouvé , quatre mois auparavant , n ' être pas dangereux , pour y avoir fait coucher les malades le jour même .Le lendemain , quel fut notre étonnement ! plus de mauvaife odeur dans les falles , plus d ' infeéHon : & dès ce moment , aucun malade ancien , ne contracta la diflfenterie dans l ' hôpital comme auparavant .Quinze jours après , l ' infection de la falle & celle des malades s ' étoit fait appercevoir de nouveau ; nous eûmes recours au lait de chaux : nous l ' éteniîmes à plusieurs autres filles ; il produifit par - tout les mêmes effets .",
                  "id": "14",
                  "title": "Mémoire sur une fievre putride soporeuse , qui a régné à l'Hôpital militaire de Grenoble, depuis le 10 Ventôse, jusqu'au 10 Germinal suivant. Rédigé par les Officiers de santé de l'Hôpital."
            },
            {
                  "doc_url": "https://gallica.bnf.fr/ark:/12148/bpt6k9787852c",
                  "emotions": [
                        "surprise"
                  ],
                  "excerpt": "Le notaire Noël survint , jeta deux louis d ' or sur le comptoir et se disposait à emporter la poire , malgré les protestations de ses deux compétiteurs , lorsqu ' un jeune homme fendit tout à coup la foule : « Messieurs , dit - il , vous n ' estimez pas à sa « valeur véritable une pareille primeur .Jamais , < L depuis dix ans , on n ' a vu une poire de cette gros « seur , sans compter sa parfaite maturité et l ' ex « quise saveur de son essence , qu ' attestent les « parfums qui s ' en exhalent ! Ce n ' est point deux « louis , mais cinq , qu ' elle vaut .' » « En achevant ces paroles , il jeta à son tour sur le comptoir cinq pièces d ' or .",
                  "id": "15",
                  "title": "Histoires et romans de végétaux / par S.-Henry Berthoud"
            },
            {
                  "doc_url": "https://gallica.bnf.fr/ark:/12148/bpt6k9602483j",
                  "emotions": [
                        "surprise",
                        "pain"
                  ],
                  "excerpt": "L ' injection fut pratiquée sous la peau de la hanche droite à 6 heures du soir .Aussitôt après , une sensation de fourmillement et de brûlure se produit au lieu même de l ' injection ; puis , au bout d ' un quart d ' heure environ , la langue est impressionnée par une sorte de saveur âcre , pareille à celle du poivre et de la racine de pyrèthre ; en même temps un fourmillement pénible se déclare aux lèvres , au menton , au cou , et gagne peu à peu toute la surface du corps .La malade est en proie à une excitation générale , caractérisée par un désordre de toutes les fonctions : tremblement , bouffées de chaleur , étourdissements , douleur autour du front et de l ' occiput , sensation d ' un volume énorme des lèvres , du nez et de la face ; — haut - le - cœur ; — crampes dans les mollets ; — soulèvement de tous les organes , et en particulier des muscles et des ongles qui semblent vouloir s ' échapper du corps ; — mouvements respiratoires accélérés et pénibles , battements de cœur précipités , moments d ' étouffement , d ' angoisse , forte chaleur à la gorge et à l ' épigastre ; — obnubilations de la vue ; — craintes de mourir .",
                  "id": "16",
                  "title": "Précis de toxicologie clinique et médico-légale / par le Dr Ch. Vibert,..."
            },
            {
                  "doc_url": "https://gallica.bnf.fr/ark:/12148/bpt6k5698542g",
                  "emotions": [
                        "surprise"
                  ],
                  "excerpt": "Les bambous , dont les troncs élancés prêtent leur vigoureux appui aux plantes grimpantes qui les enlacent de leurs mille tiges flexibles et mobiles au vent , dominent le site et lui donnent constamment l ' aspect d ' un vaste champ de fête .lleaucoup de violettes le long des sentiers , des violettes aux pétales énormes et admirables de nuance , mais des violettes sans parfum ; dans l ' espace beaucoup d ' oiseaux , des oiseaux au plumage si étincelant qu ' on croirait voir des diamants traverser l ' espace , mais des oiseaux sans voix .Il semblerait que la nature , épuisée d ' avoir lant fait pour les yeux , se fui trouvée à bout de force el n ' eut pu rien produire pour la satisfaction des autres sens .",
                  "id": "17",
                  "title": "Le sosie : conte japonais / J. Protche de Viville ; illustré de 14 compositions de V. Poirson"
            },
            {
                  "doc_url": "https://gallica.bnf.fr/ark:/12148/bpt6k807952",
                  "emotions": [
                        "surprise",
                        "disgust",
                        "doubt",
                        "curiosity"
                  ],
                  "excerpt": "y Par terre , des peaux de bêtes , des tapis qui dissimulaient entièrement le sol .Une odeur âcre pénétrante , se dégageait , de cet ensemble ^ comme si tout en eût été ' mprégné , et arrivait aux narines de l ' homme de peine , qui s ' exclama à mi - voix Qu ' est - ce que tout cela peut bien - être ? Et pourquoi le patron ne m ' a - t - il jamais parlé de cette chambre à coucher , si différente de celle qu ' il occupe d ' habitude ? .Une chambre d ' amis qu ' on jurerait 1 Mais il n ' en a pas , pas plus que de famille alors quoi ? .",
                  "id": "18",
                  "title": "Les chiennes des ténèbres / Gustave Toudouze"
            },
            {
                  "doc_url": "https://gallica.bnf.fr/ark:/12148/bpt6k6535800j",
                  "emotions": [
                        "surprise",
                        "doubt"
                  ],
                  "excerpt": "Un sentiment instinctif l ' oblige à courber la tête devant l ' immensité .Ces flots qui s ' avancent , tantôt majestueux et calmes , venant lourdement se briser sur la rive , tantôt animés d ' une mystérieuse colère , se roulant impétueux , irrésistibles , avec un bruit qui semble un écho de la voix de Dieu ; — cette ligne qui se confond avec l ' horizon dont on cherche à sonder l ' infini , tout , jusqu ' au souffle de l ' air imprégné d ' alcalines senteurs , pénètre l ' âme d ' un saint respect .Les animaux eux - mêmes s ' arrêtent , et pendant la tempête on les voit trembler d ' inquiétude , mêlant leurs cris de terreur aux rafales du vent et au mugissement des flots .",
                  "id": "19",
                  "title": "Le bel Armand / par Henri Bocage"
            },
            {
                  "doc_url": "https://gallica.bnf.fr/ark:/12148/bpt6k62300349",
                  "emotions": [
                        "surprise",
                        "doubt"
                  ],
                  "excerpt": "La philosophie de Wiertz en a jugé autrement .Est - il dans la nature que cette belle femme , dont le corps rayonne des plus ardentes effluves vitales et qui regarde l ' existence du sommet de ses vingt ans , puisse croire que son heure de squelette pourrait sonner demain ? C ' est inadmissible ! Mais pourtant , voici bien ce qui reste de la belle Rosine , dit le fait .Cette Rosine , tu l ' as connue , cent fois tu lui as pressé la main .",
                  "id": "20",
                  "title": "Catalogue raisonné du Musée Wiertz ; précédé d'une biographie du peintre / par le Dr L. Watteau"
            }
      ]
}