{
      "articles": [
            {
                  "doc_url": "https://gallica.bnf.fr/ark:/12148/bpt6k5446887m",
                  "emotions": [
                        "surprise",
                        "fear",
                        "doubt",
                        "nervousness"
                  ],
                  "excerpt": "ui , là , une flamme bleue , pareille aux languettes du punch qui brûle — couvrir cette main qui semblait gonfler .Du feu ! C ' était du feu ! Etait - ce possible ? Une odeur de soufre montait , effrayant .Monnerol qui se précipitait vers la toilette où , jetant à la cuvette le pot d ' eau tout entier , il plongeait la main dans cette fraîcheur , soulagé , souriant , regardant sa face se refléter dans la petite glace ronde entourée d ' acajou et cassée ; puis terrifie de nouveau en voyant ce sourire apparaître dans un visage rougeàtre et comme tuméfié .",
                  "id": "1",
                  "title": "Le troisième dessous (4e éd.) / par Jules Claretie"
            },
            {
                  "doc_url": "https://gallica.bnf.fr/ark:/12148/bd6t53746533",
                  "emotions": [
                        "surprise"
                  ],
                  "excerpt": "Je me suis souvent demandé si on ne pourrait utiliser plus sérieusement les résidus musqués de la Gazelle ( 1 ) , An - tilope Dorcas de Lin ., dont les bandes nombreuses embaument au loin les plaines sahariennes ? Pendant mon séjour à Biskra , j ’ avais été frappé de cette propriété si largement odorante de leurs fèces ; je voyais les Indigènes les ramasser avec soin , les faire sécher et porter sur eux ces parfums d ’ un nouveau genre , renfermés dans un coin de mouchoir , dans de petits sachets ou des bouts de roseaux , etc .J ’ eus ensuite l ’ occasion de tirer un parti médical assez avantageux de ce résidu excrémenticiel préalablement disssous dans l ’ alcool , chez une jeune dame hystérique au plus haut degré , dont le musc seul pouvait habituellement calmer les crises aussi violentes que prolongées .",
                  "id": "2",
                  "title": "Bulletin de la Société des sciences physiques, naturelles et climatologiques d'Alger"
            },
            {
                  "doc_url": "https://gallica.bnf.fr/ark:/12148/bpt6k62450982",
                  "emotions": [
                        "surprise",
                        "love",
                        "nostalgia"
                  ],
                  "excerpt": "Cheveux bleus , pavillon de ténèbres tendues , Vous me rendez l ' azur du ciel immense et rond ; Sur les bords duvetés de vos mèches tordues Je m ' enivre ardemment des senteurs confondues De l ' huile de coco , de musc et du goudron .Enfin , de même qu ' il appareille sur la houle des cheveux odorants « vers un monde lointain et absent » , de même la mémoire tenace du parfum , par un flux soudain réciproque , lui est un adjuvant pour l ' amour : Je me représentai sa majesté native , Son regard de vigueur et de grâces aimé , Ses cheveux qui lui font un casque parfumé , Et dont le souvenir pour l ' amour me ravive .Cet amour , qui épuise son ardeur et où il consume avant l ' âge une vie lourde de désirs , Baudelaire en a chanté les plus sensuelles délices .",
                  "id": "3",
                  "title": "La Muse française : revue du mouvement poétique / directeur : A.-P. Garnier ; secrétaire de la rédaction : Maurice Allem"
            },
            {
                  "doc_url": "https://gallica.bnf.fr/ark:/12148/bpt6k62450982",
                  "emotions": [
                        "surprise",
                        "fear",
                        "nostalgia"
                  ],
                  "excerpt": "Tout se confond : ton livre et l ' été bucolique , La cadence des mots et la douce musique Qui mêle aux bruits légers de mon jardin qui dort Le chaud bourdonnement de tes abeilles d ' or .II TERROIR Un rayon sur le mur et , sur la branche nuc , Cette odeur de printemps tout à coup reconnue , 0 mon pays , voici que j ' ai fermé les yeux : Là - bas c ' est l ' horizon , la colline , les deux ; L ' aube a touché le toit et mouillé le feuillage , Des voix montent avec la gaieté du village .La fermière a poussé la porte du jardin ; C ' est l ' heure où mon pays chante avec le matin .",
                  "id": "4",
                  "title": "La Muse française : revue du mouvement poétique / directeur : A.-P. Garnier ; secrétaire de la rédaction : Maurice Allem"
            },
            {
                  "doc_url": "https://gallica.bnf.fr/ark:/12148/bpt6k80734v",
                  "emotions": [
                        "surprise"
                  ],
                  "excerpt": "Puis , à chaque objet , à chaque arbre , à chaque humain , à toutes ces apparences enfin que jamais nous ne pourrons toucher , Claudel , après les avoir meurtries en un point attachait là du moins une comparaison , qui se remplissait aussitôt , par je ne sais quelle loi des vases communicants , de sang , ou de sève , de résine , de liquides premiers .Un bruit sc ; rd près de moi suivi d ' une douce odeur , c ' est que la noix de coco eu tombant s ' était ouverte .Toutes les huttves s ' ouvraient au fond des eaux et se ripolinaient de nacre .",
                  "id": "5",
                  "title": "Suzanne et le Pacifique / Jean Giraudoux"
            },
            {
                  "doc_url": "https://gallica.bnf.fr/ark:/12148/bpt6k5425903d",
                  "emotions": [
                        "surprise"
                  ],
                  "excerpt": "236 FABLES Il fait beau voir ces chiens dépister un gendarme , Du préposé connaître et l ' habit et la voix , Flairer s ' il a chargé son arme , Et fuir à travers champs et bois .L ' un d ' eux court hors d ' haleine ; il a perdu la file , Et s ' arrête soudain ; son exquis odorat Devine que son adversaire , D ' une humeur fort peu débonnaire , N ' a sur lui nul moyen d ' engager le combat .L ' employé dit , d ' une façon civile : « Oublions nos discords , mon fils ; Quitte un métier fâcheux , suis messages avis ; Faisons enfin la paix , et dans mon domicile Viens , tu seras bien accueilli .",
                  "id": "6",
                  "title": "Fables, par J.-C.-F. de Ladoucette,... [Avant-propos, par L.-N.-L.-C. de Ladoucette.]"
            },
            {
                  "doc_url": "https://gallica.bnf.fr/ark:/12148/bd6t53771910",
                  "emotions": [
                        "surprise",
                        "curiosity"
                  ],
                  "excerpt": "Chacune de ces causes isolées forme l ’ état de prédisposition ou degré initiatif des maladies de diathèse asthénique , qui , s ’ accouplant aux causes externes , engendre infailliblement la peste ou l ’ état pestilentiel déterminé par une maladie éminemment contagieuse , consistant en un gaz très - subtil qui s ’ introduit partout , qui s ’ attache à tout , qui siège en abondance à la superficie du corps affecté ; faible dans l ’ invasion de la maladie , fort dans ses progrès , et qui semble seul disparaître à la fin ou après la mort .Ce venin , d ’ une nature inconnue bien active et meurtrière , qui doit occuper la première place parmi les venins animaux connus et non connus , qui étonne le médecin philosophe et observateur par ses effets innombrables et variés , est ce qui s ’ appelle principe contagieux , matière contagieuse et miasmes contagieux .Il émane insensiblement du corps humain qui en est affecté , passe aux autres par le moyen du contact et n ’ en épargne que le petit nombre .",
                  "id": "7",
                  "title": "De la peste observée en Égypte : recherches et considérations sur cette maladie / par A.-B. Clot-Bey,..."
            },
            {
                  "doc_url": "https://gallica.bnf.fr/ark:/12148/bpt6k80734v",
                  "emotions": [
                        "surprise",
                        "sadness",
                        "love",
                        "nostalgia",
                        "doubt"
                  ],
                  "excerpt": "Chère petite humanité , qui sans ce réveil à révélation , eût toujours pour moi passé en fraude sur son astre , mais qu ' un simple rayon ce matin trouait comme une aiguille de douanier le voleur caché dans la malle Innovation .Ne criait - elle pas d ' ailleurs un peu ? N ' entendais - je pas crier un entant , un amant ? Une douceur en moi inexplicable , une langueur me saisit , l ' odeur des fleurs devint trop forte et me fit défaillir .l ' humanité s ' installait en moi comme un fils Mes deux paradisiers apprivoisés , que j ' aurais voulu semblables et qui ne l ' étaient jamais , car ils ne s ' apprivoisaient que par couples , se penchaient chacun sur une de mes épaules , et je chavirais toute du côté du pius lourd .",
                  "id": "8",
                  "title": "Suzanne et le Pacifique / Jean Giraudoux"
            },
            {
                  "doc_url": "https://gallica.bnf.fr/ark:/12148/bpt6k35012s",
                  "emotions": [
                        "surprise",
                        "fear",
                        "nervousness"
                  ],
                  "excerpt": "1 .es toits dè Brieg , l ' étroite vallée qui forllie le canton du valais , les pics dont elle est environnée , s ' étendent peu à peu ; les niurs de neige se fondent , les fleurs de montagne et leur odeur éthérée les rei - npla - cent ; la chaise de poste roule prOluptement , elle tourne sans cesse et arrive enfin - àu bàs de cette paroi presque perpendiculaire qui , - vue du sommet ; effraie si fort .L ' harmonie des cloches de Brieg s ' élevait jusqu ' à nous depuis un quart - d ' heure , lorsque nous sommes en trés dans le - village .",
                  "id": "9",
                  "title": "Voyage d'une ignorante dans le midi de la France et l'Italie. 2 / par la Ctesse A. de Gasparin"
            },
            {
                  "doc_url": "https://gallica.bnf.fr/ark:/12148/bpt6k5677481c",
                  "emotions": [
                        "surprise",
                        "doubt"
                  ],
                  "excerpt": "Mais il est des tourments que te vulgaire ignore , Lui qu ' afiaisse le poids de son destin obscur , - 96 - Et qui voit , d ' un oeil sec , au lever de l ' aurore , Le soleil s ' allumer au s - ; in d ' un ciel d ' azur .Lui pour qui le parfum suave de la rose N ' est qu ' une douce odeur quo la rose - produit ; Qui dans l ' immense ciel ne voit pas autre chose Qu ' un nuage qui suit un nuage , et s ' enfuit .Lui qui ne comprend pas , quand le rossignol chante L ' hymne qu ' au Créateur adresse sa chanson ; Et qui , dans les concerts de sa voix saisissante , Ne comprend que la note et n ' entend que le son .",
                  "id": "10",
                  "title": "Oeuvres dunkerquoises. Tome 3"
            },
            {
                  "doc_url": "https://gallica.bnf.fr/ark:/12148/bpt6k5706641j",
                  "emotions": [
                        "surprise"
                  ],
                  "excerpt": "11 poursuit le songe inachevé .Quel éblouissement inattendu l ' enlace ? Une tente aux longs plis de soie , aux cordes d ' or ; De somptueux coussins posés de place en place , Des cassolettes où l ' ambre qui fume encor Unit son tiède arôme aux frais parfums des roses , Pilles des chauds soleils de Perse et de Lahor , 126 POÈMES TRAGIQUES .En leurs gaines d ' argent tordant leurs lames closes , Dés sabres , des poignards aux courts pommeaux polis , Constellés de saphirs et dé diamants roses .",
                  "id": "11",
                  "title": "Oeuvres de Leconte de Lisle. [3], Poèmes tragiques / Leconte de Lisle"
            },
            {
                  "doc_url": "https://gallica.bnf.fr/ark:/12148/bpt6k5758496t",
                  "emotions": [
                        "surprise",
                        "doubt"
                  ],
                  "excerpt": "Aia du Juif - Errant .Est - il rien dans ! a France Qui soit plus surprenant Que le ton d ' arrogance De Dupin président ? Que son nez bourgeonneux Parait triste et fâcheux .Du haut de la montagne , 11 entend une voix , La sonnette accompagne Le citoyen des bois : Jamais on m ' axait vu Un homme aussi barbu .",
                  "id": "12",
                  "title": "L'Écho du peuple / [signé : Constant Arnould]"
            },
            {
                  "doc_url": "https://gallica.bnf.fr/ark:/12148/bpt6k5446289c",
                  "emotions": [
                        "surprise",
                        "doubt",
                        "indifference",
                        "frustration"
                  ],
                  "excerpt": "de Valois que tout le monde fuit , Où jamais du soleil un seul rayon ne luit ; Relégué dans un coin , près d ' ignoblee vitrines , Tu respires , hélas ! l ' air impur des cuisines .De ces fades odeurs tu subis les effets Et tu ne semblés plus savoir ce que tu fais ; Tu parais égaré , le garçon qui t ' observe Te demande dix fois ce qu ' il faut qu ' il te serve .Tu lui réponds enfin , mais d ' une faible voix : « Vous pouvez me servir des mets de votre choix .",
                  "id": "13",
                  "title": "Le temps perdu : recueil de poésies / par F. Cousin,..."
            },
            {
                  "doc_url": "https://gallica.bnf.fr/ark:/12148/bpt6k110865v",
                  "emotions": [
                        "surprise",
                        "doubt"
                  ],
                  "excerpt": "Le Laurier .Celui qui s ' em - ploie dans les ragoûts , vient trèsgrand , d ' une odeur forte mais agréable , produifant des graines noires on ne fâirufage en çuifine que des feuilles qui pàrfufnent merveilleufem enc les civets le gibier & la plupart des viandes noires : il ne faut pas le confondre avec le laurier rofe , que pluGeurs prétendent être un poifon , ni avec le laurier fuivant .150 .",
                  "id": "14",
                  "title": "La cuisine de santé, ou Moyens faciles & économiques de préparer toutes nos productions alimentaires de la manière la plus délicate & la plus salutaire, d'après les nouvelles découvertes de la cuisine française & italienne. T. 1 / , par M. Jourdan Le Cointe,..."
            },
            {
                  "doc_url": "https://gallica.bnf.fr/ark:/12148/bpt6k62669521",
                  "emotions": [
                        "surprise",
                        "nervousness",
                        "pain"
                  ],
                  "excerpt": "Il va boire .Mais , à l ' instant où ses doigts effleurent l ' eau , il se redresse , tend le cou , demeure immobile ; seul son nez semble vivre , il tressaille , palpite , hume dans l ' air devenu frais je ne sais quelle odeur subtile et chaude .Et voici l ' homme oubliant sa soif accroupi dans l ' herbe à l ' arrêt .",
                  "id": "15",
                  "title": "Contes de la lande gasconne. [6e édition.] / Emmanuel Delbousquet"
            },
            {
                  "doc_url": "https://gallica.bnf.fr/ark:/12148/bpt6k5469385j",
                  "emotions": [
                        "surprise",
                        "joy",
                        "grief",
                        "love",
                        "nostalgia",
                        "gratitude"
                  ],
                  "excerpt": "Folâtre , rieuse , Ivre de gaîté , Dans sa course joyeuse , A chaque jeune fleur Elle envoyait son coeur .Voyant une Eglantme A la douce mine , A la fine odeur , 31 Comme elle enfantine , Et pleine de fraîcheur : « Oh ! ma toute belle , Tu n ' as , lui dit - elle , Quand vient la noirceur De la nuit muette , Chambre ni couchette ; Dans sa sombre horreur , Tu restes seulette ; Viens dans ma chambrette Dormir sur mon coeur .Je serai ta soeur , Ou plutôt ta mère ; Je t ' arroserai .",
                  "id": "16",
                  "title": "Morale amusante en actions et en apologues. Édition classique comprenant trente-deux sujets nouveaux, par l'abbé Barthélemy de Beauregard,..."
            },
            {
                  "doc_url": "https://gallica.bnf.fr/ark:/12148/bpt6k9206790",
                  "emotions": [
                        "surprise"
                  ],
                  "excerpt": "Richard lui donne un nom , moi un autre .C ’ est une odeur assez bizarre Et tirant de son dossier une enveloppe oblonguc sur laquelle une adresse était imprimée à la machine à écrire : — Tenez , mon ami .Respirez cela et donnez - moi votre avis .",
                  "id": "17",
                  "title": "Le sommeil qui tue / par Jacques Desvosges"
            },
            {
                  "doc_url": "https://gallica.bnf.fr/ark:/12148/bpt6k5450963z",
                  "emotions": [
                        "admiration",
                        "surprise",
                        "excitement",
                        "pride"
                  ],
                  "excerpt": "Le val vertigineux se creusait , et , sereine , Telle , en un grand vaisseau , la mer qui se déchaîne , Leur croissante splendeur , enflant son flot vermeil , Emplissait lentement cette immense carène .De la foule des fleurs , en la gorge pressée , S ' élevait un parfum de gloire et de pensée , Quelque chose d ' ému , d ' étrange et de puissant , Car ces roses de neige et ces roses de sang , Ces roses d ' or léger et ces roses en flammes , Car ces roses étaient des âmes .— 37 — BRISSAC SUR le champ d ' émail bleu d ' un grand plat ' de Limoges , Je voudrais incruster , ô Charles de Cossé , Une image de toi , sertie en lacs d ' éloges Inscrits sur des pennons couleur d ' ocre foncé .",
                  "id": "18",
                  "title": "Les merlettes : poésies héraldiques / Fleury Vindry"
            },
            {
                  "doc_url": "https://gallica.bnf.fr/ark:/12148/bpt6k5530867z",
                  "emotions": [
                        "surprise",
                        "doubt",
                        "curiosity"
                  ],
                  "excerpt": "Je me suis enfoncé , au moment de leur irruption , dans leurs cavités infernales ; j ' ai bravé leurs bitumes et leurs laves incendiaires : j ' ai risqué cent fois ma vie dans ces cheminées de l ' enfer .Vous dites à cela , pourquoi y allais - tu ? J ' y allais pour y chercher le corail que j ' y ai découvert , le corail volcanique anti - trnnspirifilique ; il empêche la transpiration des petons et dédétruit la mauvaise odeur .Est - il rien de plus insupportable pour le voyageur que de suer aux pieds ? La sueur attendrit les chairs , provoque des gerçures et rend la marche plus pénible .",
                  "id": "19",
                  "title": "Chansons et scènes populaires / par Victor Basière"
            },
            {
                  "doc_url": "https://gallica.bnf.fr/ark:/12148/bpt6k58347680",
                  "emotions": [
                        "surprise",
                        "disgust",
                        "fear",
                        "doubt",
                        "nervousness",
                        "embarrassment"
                  ],
                  "excerpt": "Là - bas des villages sans cesse renouvelés font dans la plaine , morcellement de vertes rizières , des taches plus sombres comme des dés énormes de verdure invariablement protégés par d ' épais fourrés et des haies impénétrables de bambous .Les buffles immenses et gras , la peau reluisante et visqueuse , nous regardent passer , surpris et méfiants , en agrandissant la blancheur de leurs yeux bêtes et mauvais : ils s ' arrêtent le mufle haut et menaçant , le cou tendu , pour flairer la forte senteur des Européens qui passent .Sur la berge , de petits mômes , le corps nu , leurs toupets de cheveux au vent , suivent l ' embarcation pendant un temps très long , et de leurs bras agités et tendus demandent des sous , toujours des sous , aux bons capitaines Français ! Et les pièces tombent dans la vase où vont se rouler dans une bataille acharnée les nombreux solliciteurs .",
                  "id": "20",
                  "title": "Tonkinoiseries. Souvenirs d'un officier, par Jean Léra. Préface par Armand Silvestre. Illustrations de Albert Thomas. (6 mai 1896.)"
            }
      ]
}