{
      "articles": [
            {
                  "doc_url": "https://gallica.bnf.fr/ark:/12148/bpt6k882109t",
                  "emotions": [
                        "surprise",
                        "doubt"
                  ],
                  "excerpt": "Mon indignation jetant son étincelle , Me pousse aux imposteurs pour crier : j ’ en appelle Avons - nous donc tous fait la montre et le mouchoir Dans l ’ émeute qui sert de prétexte au pouvoir ? Ouvrons sous le soleil un champ de polémique : On nous vient au tympan hurler la république ; Quelle hypothèse enfin veut que les libéraux , Amants de la lumière , adorent le chaos ? Ainsi , contre mon gré , contre mon espérance , Dans un sentier fatal , choisi de préférence , A travers cent périls on conduira Je roi , Et si le char renverse , on m ’ cn accuse , moi ! Après avoir gémi , s ’ il m ’ arrive d ’ en rire , Mon crime déjà grand , le délit sera pire ! Mille sergents iront crier sur le chemin En me marquant du doigt , il est républicain ! Qui ? Moi , je le serais , si je voyais paraître Parmi tous cesBrutus que tu nous peins en maître , De modernes Atlas , des Hercules nouveaux Qui feraient leur préface avec douze travaux ; Si tous les candidats offraient ce caractère Le chambellan demain s ’ enfuirait mousquetaire ; Mais quand la république au char du vrai bonheur Pourrait sous des lauriers lever un front vainqueur , Le coche une heure après , enfoncé dans la boue , Aurait mille bâtons en travers de sa roue , Engravée à jamais en de profonds sillons .Que vois - je autour de lui ? de jeunes papillons 13 Que l ’ odeur du laurier attire a ses écorces ; Autant que des désirs , que n ’ ont - ils donc des forces Au char de la Vénus attelez des oiseaux ; s / La volupté s ’ envole avec les tourtereaux ; Mais celui de Phébus qui gouverne la terre Sans scs huit étalons resterait en arrière .Où sont - ils , où sont - ils , ces fiers républicains Dont Cologne ce soir a parfumé les mains ? Des Laïs sur leur sein ils portent les guirlandes , L ’ amour à leurs cadrans attacha des légendes .",
                  "id": "1",
                  "title": "Épître à Barthélemy sur le juste milieu, par T. Deyeux"
            },
            {
                  "doc_url": "https://gallica.bnf.fr/ark:/12148/bpt6k56673024",
                  "emotions": [
                        "surprise"
                  ],
                  "excerpt": "Ducarne appelle ingénieusement maréchaux - des - logis ) ont choisi cette ruche étrangère , de préférence à celles de leur propriétaire ; soit que la cire dont elleavoit été frottée eût pi vis de vertu attractive , soit quesa position fût à leur gré clans un meilleurpâturage .U arrive quelquefois que pendant qu ' on frotte une ruche , ces explorateurs , attirés par l ' odeur , viennent la visiter , et sont écrasés par la boule de cire .Les abeilles y reviennent ensuite , en plus grand nombre et avec beaucoup d ' impétuosité .",
                  "id": "2",
                  "title": "Traité complet sur les abeilles, avec une méthode nouvelle de les gouverner telle qu'elle se pratique à Syra, île de l'Archipel. Tome 2 / ; précédé d'un précis historique et économique de cette île... Par l'abbé della Rocca,..."
            },
            {
                  "doc_url": "https://gallica.bnf.fr/ark:/12148/bpt6k54479737",
                  "emotions": [
                        "surprise",
                        "doubt"
                  ],
                  "excerpt": ".Une chambre éclairée au gaz , surchauffée , d ' une chaleur aride qui dessèche la peau ; une odeur et une fumée de viandes ; un bruit confus de voix , et , par - dessus toutes les autres voix , la voix âpre de Wanzer , qui donne à chaque mot un accent brutal .Puis , de temps en temps , une interruption , un silence qui me semble effroyable .",
                  "id": "3",
                  "title": "Episcopo et Cie, roman traduit de l'italien par G. Hérelle"
            },
            {
                  "doc_url": "https://gallica.bnf.fr/ark:/12148/bpt6k54479737",
                  "emotions": [
                        "surprise",
                        "fear",
                        "caring"
                  ],
                  "excerpt": "— Mon Dieu , mon Dieu ! gémissait - elle , les mains pressées contre les tempes .Oh ! mon Dieu ! Hospitalière , la femme l ' engageait à entrer en disant : — Reposez - vous donc , madame ! La maison était basse , obscure , pleine de cette odeur qu ' ont les lieux où vivent beaucoup de gens entassés .Trois ou quatre 194 LA SIESTE bambins nus , qui avaient , eux aussi , des ventres si gros qu ' on les aurait pris pour des hydropiques , se traînaient par terre en grognant et en farfouillant , et ils portaient instinctivement à la bouche tout ce qui leur tombait sous la main .",
                  "id": "4",
                  "title": "Episcopo et Cie, roman traduit de l'italien par G. Hérelle"
            },
            {
                  "doc_url": "https://gallica.bnf.fr/ark:/12148/bpt6k1178207d",
                  "emotions": [
                        "surprise",
                        "doubt"
                  ],
                  "excerpt": ".Mais c ’ est bizarre , mon odorat ne jouissait pas seul , ou plutôt , àme sans corps , ce n ’ est que par l ’ esprit que je voyais , que je sentais tout cela ..",
                  "id": "5",
                  "title": "Travail et famille. Etudes critiques, philosophiques et littéraires. Saint-Réal. Tome 1 / Mlle Élise Saint-Omer"
            },
            {
                  "doc_url": "https://gallica.bnf.fr/ark:/12148/bpt6k424390d",
                  "emotions": [
                        "surprise",
                        "grief",
                        "nostalgia",
                        "gratitude",
                        "doubt"
                  ],
                  "excerpt": "Jamais plus le pauvre lézard gris ne pourrait grimper le long de ces ' pierres , entre lesquelles il trouvait un abri , où il pouvait se réfugier au moindre bruit , à la moindre alerte , ni .le gros tas de pierres brûlantes , sur lesquelles on dormait si bien , trop bien , puisqu ' on s ' y fit prendre Pourrait - il encore se promener dans la poussière blanche i de la route , où i ~ salissait sa jolie robe , mais qui était si douce , si molle ? et au pied de cette aubépine blanche , si belle et si parfumée , qu ' elle attirait toutes les abeilles et toutes les mouches ? Maintenant , plus de soleil ; c ' était presque toujours la nuit .Sans doute la caisse était remplie de feuilles bien vertes , de mousses fra ! ehes ; sans doute il n ' avait point besoin de chercher a manger ; mais quoi , un petit lézard gris peut - il vivre sans soleil ? Assurément , il allait bientôt mourir dans cette vilaine maison de bois si noire ? Tout .",
                  "id": "6",
                  "title": "Saint-Nicolas : journal illustré pour garçons et filles"
            },
            {
                  "doc_url": "https://gallica.bnf.fr/ark:/12148/bpt6k58039036",
                  "emotions": [
                        "surprise"
                  ],
                  "excerpt": "» Au - dessous de nous passèrent les blés , les forêts , les villes et les tristes plaines de la Champagne .Tout près de Metz , un parfum venu de la terre l ' attira .« Le fertile pays ! me dit - il ; le vaste horizon ! que .",
                  "id": "7",
                  "title": "Contes et études : Bêtes et gens / par P.-J. Stahl (J. Hetzel) ; précédés d'une préface par M. Louis Ratisbonne"
            },
            {
                  "doc_url": "https://gallica.bnf.fr/ark:/12148/bpt6k99829x",
                  "emotions": [
                        "surprise",
                        "disgust"
                  ],
                  "excerpt": "11 poussa une porte et se trouva en face d ' une a ! < côve termée par d s rideaux sales .Une odeur de moisi emp ! issait la chambre , H voulut ouvrit la fenêtre , mais à peine sentit - il ! e froid de l ' espagnotcttc , qu ' it retira sa main avec dégoût .– C ' est là 1 dit - il .",
                  "id": "8",
                  "title": "Marie Queue-de-Vache : Fumeron, Guyot et Cie / par Hector France"
            },
            {
                  "doc_url": "https://gallica.bnf.fr/ark:/12148/bpt6k99829x",
                  "emotions": [
                        "surprise",
                        "sadness",
                        "nostalgia",
                        "doubt"
                  ],
                  "excerpt": "On fouilla de la cave au grenier on visita les armoires , on interrogea tous les coins oui restèrent muets .I ! ne sortait de cette maison , de ces chambres , de ces murs , de ces meubles , qu ' une odeur de mystère et de délabrement .Il était nualé comme détunt Job , dit M .",
                  "id": "9",
                  "title": "Marie Queue-de-Vache : Fumeron, Guyot et Cie / par Hector France"
            },
            {
                  "doc_url": "https://gallica.bnf.fr/ark:/12148/bpt6k550335",
                  "emotions": [
                        "surprise"
                  ],
                  "excerpt": "Le myrte en fleur , la rose et l ' odorant jasmin Serrent leurs blonds cheveux comme des bandelettes ; Leurs beaux corps sont vêtus de fraîches violettes , Et , fêtant le regard par d ' heureuses couleurs , Elles marchent ainsi que de vivantes fleurs .Puis vient la multitude éparse , hommes et bêtes , Flot bariolé , mer onduleuse de têtes , Lourds éléphants montés par des esclaves bruns , Qu ' enveloppe un épais nuage de parfums .LE CHOEUR .",
                  "id": "10",
                  "title": "Les symboles : poèmes / Maurice Bouchor"
            },
            {
                  "doc_url": "https://gallica.bnf.fr/ark:/12148/bpt6k5726360d",
                  "emotions": [
                        "surprise",
                        "optimism",
                        "excitement"
                  ],
                  "excerpt": "' S .A ce limbre si doux , et pourtant si sonore , Tout s ' éveille ! la fleur s ' embaume el se colore Dans ses pourpris ; L ' oiseau reprend son vol en secouant sa plume ; Les troupeaux vont brouter l ' herbe qui se parfume Sous ses rubis .Attentif à la voix qui vient murmurer l ' heure , Le villageois s ' empresse à quitter sa demeure Où point le jour ; Et le chantre des bois , l ' hôte de ] la chaumière , Et la brise et la fleur élèvent leur prière , Hymne d ' amour ! Heureux instants où l ' âme , embaumée et ravie , Peut , aux bords du matin , boire à ces flols de vie , Pleins de fraîcheur ! .",
                  "id": "11",
                  "title": "Fleurs et fruits : choix de poésies / [réunies par J. Aymard]"
            },
            {
                  "doc_url": "https://gallica.bnf.fr/ark:/12148/bpt6k9798999q",
                  "emotions": [
                        "surprise"
                  ],
                  "excerpt": "Et puis , à l ' occasion , le Sécherot pouvait encore vendre du vin , de la volaille , des porcs et des bestiaux , Après avoir pénétré dans la cour de l ' hôtel et avancé sa voiture jusqu ' à l ' abri qui se trouvait au fond , après s ' être remis de l ' impression désagréable que lui avait causée la vue du corbillard , après avoir secoué la poussière de plâtre , soulevée sous le hangar par les roues de l ' automobile et qui s ' était déposée sur ses vêtements , le voyageur entrait dans le couloir de l ' hôtel .Il était tout d ' abord saisi à la gorge , par une odeur de friture , de hareng saur , de caramel , de cuir et de morue dont l ' ensemble formait une sorte de cocktail olfactif d ' une suprême violence et lui donnait envie de rebrousser chemin , mais alors le père Buteau se présentait , tendait la main à son hôte et lui disait « Bonjour Monsieur .Comment que ça va ? » Lorsque le père Buteau était de bonne humeur , il admettait quelques clients , ceux - là seulement pour lesquels il ressentait de la sympathie , à l ' honneur de contempler avec lui la vieille compagne de tra .",
                  "id": "12",
                  "title": "L'homme changé en cafetière / André Hellé"
            },
            {
                  "doc_url": "https://gallica.bnf.fr/ark:/12148/bpt6k61068321",
                  "emotions": [
                        "surprise"
                  ],
                  "excerpt": "La nuit suivante , quelques heures après cette application , il eut plusieurs pollutions .Il m ' en parla le lendemain , et il m ' apprit alors que la simple odeur des cantharides lui faisait perdre involontairement sa semence pendant le jour , et , ce qui est encore plus surprenant , qu ' il était menacé du même accident toutes les fois qu ' il entendait parler de cantharides .Cet homme avait les organes de la génération bien conformés , et tels qu ' ils n ' annonçaient aucune faiblesse particulière .",
                  "id": "13",
                  "title": "De la Spermatorrhée, par Hermann Kaula,..."
            },
            {
                  "doc_url": "https://gallica.bnf.fr/ark:/12148/bpt6k6548989v",
                  "emotions": [
                        "surprise"
                  ],
                  "excerpt": "Leurs danses du moins ne manquent pas de grâce et donnent bien l ' illusion d ' un monde aussi étrange que nouveau ; Le mal est que l ' illusion soit si courte et s ' arrête à la balustrade .Quels spectateurs , et quel parfum ! Et dire que Mahomet prescrit à ces gens - là quatre ablutions par jour ! PÉRA Dans la rue , la réalité n ' est pas moins pénible : les maisons , les magasins et les passants font assaut de vulgarité .A peine si dans la foule quelque fez égaré jette sa note claire et rappelle l ' Orient .",
                  "id": "14",
                  "title": "Un tour de Méditerranée, de Venise à Tunis, par Athènes, Constantinople et le Caire... / P. Jousset"
            },
            {
                  "doc_url": "https://gallica.bnf.fr/ark:/12148/bpt6k1133531",
                  "emotions": [
                        "surprise"
                  ],
                  "excerpt": "Tandis que le morne et spléenétique hiver pleure sur la terre inconsolée , Et que le vent hurle comme un fou , Tordant brutalement les membres grêles des ormes et des peupliers , Je veux m ' endormir dans le parfum des roses fanées , Des sachets vieillis , des encens lointains et oubliés .Et les rythmes et les parfums se confondront en une subtile et unique symphonie ; Les roses fanées se lèveront ; superbes et éclatantes , Chantant avec leurs lèvres rouges les vieilles chansôns aimées ; Elles s ' enlaceront aux pâles jasmins et aux nénuphars ' couleur de lune ; « Et je verrai passer leurs ombres miroitantes , comme en une ronde des robes de jeunes filles .Les clochettes des liserons chanteront avec leurs parfums amers — les mortelles voluptés ; La violette à la robe .",
                  "id": "15",
                  "title": "Rythmes pittoresques : mirages, symboles, femmes, contes, résurrections / Marie Krysinska ; [préface de J. H. Rosny]"
            },
            {
                  "doc_url": "https://gallica.bnf.fr/ark:/12148/bpt6k9687763k",
                  "emotions": [
                        "surprise",
                        "nostalgia",
                        "pride",
                        "doubt",
                        "guilt"
                  ],
                  "excerpt": "Couché sur les roses que produit la terre , tu songeais aux roses de l ' Éden qui ne se flétrissent pas , et , en respirant le parfum éphémère des plaisirs , tu parlais de l ' éternel encens que les anges entretiennent sur les marches du trône de Dieu .Tu l ' avais donc respiré , cet encens ? Tu les avais donc cueillies , ces roses immortelles ? Tu avais donc gardé de cette patrie des poëtes de vagues et délicieux souvenirs qui , t ' empêchaient d ' être satisfait de tes folles jouissances d ' ici - bas ? ..",
                  "id": "16",
                  "title": "Dernières causeries du samedi : deuxième série des \"Causeries littéraires\" / par Armand de Pontmartin"
            },
            {
                  "doc_url": "https://gallica.bnf.fr/ark:/12148/bpt6k55205222",
                  "emotions": [
                        "surprise",
                        "doubt"
                  ],
                  "excerpt": "' JLes métaux .oiz £ ~ i £ s une odeat ? Il serait vain de croire que les métaux n ' ont point d ' odeur .On se base , pour dire qu ' ils ne sentent rien , qu ' ils ne perdent rien de leur poids et que toute odeur , constitue une déperdition .",
                  "id": "17",
                  "title": "Le Pêle-mêle : journal humoristique hebdomadaire"
            },
            {
                  "doc_url": "https://gallica.bnf.fr/ark:/12148/bpt6k55205222",
                  "emotions": [
                        "surprise",
                        "disgust",
                        "embarrassment",
                        "disappointment",
                        "guilt"
                  ],
                  "excerpt": ".Effaré par la perspective de ce dîner olfactif , j ' interrompis mon hôte : — Je suis désolé , lui dis - je résolument ; mais je venais justement l ' avertir de ne pas compter sur moi ce soir I ..",
                  "id": "18",
                  "title": "Le Pêle-mêle : journal humoristique hebdomadaire"
            },
            {
                  "doc_url": "https://gallica.bnf.fr/ark:/12148/bpt6k6509349g",
                  "emotions": [
                        "surprise",
                        "caring"
                  ],
                  "excerpt": "Tout en se promenant , un bambin déjeunait De la galette qu ' il tenait .Attiré par l ' odeur , un chat vient , le caresse , Fait le gros dos , tourne , et vers lui se dresse : Oh ! le joli minet ! et le marmot charmé Partage avec celui dont il se croit aimé .Mais le flatteur à peine obtient ce qu ' il désire , Qu ' au loin il se retire .",
                  "id": "19",
                  "title": "Le Livre de lecture courante des jeunes filles chrétiennes, par Mlle Ernestine Wirth. [Première partie : Lectures de la division élémentaire.]"
            },
            {
                  "doc_url": "https://gallica.bnf.fr/ark:/12148/bpt6k5809923t",
                  "emotions": [
                        "surprise",
                        "disgust",
                        "excitement",
                        "nervousness"
                  ],
                  "excerpt": "Odescalchi arrive sur ces entrefaites et réfléchit qu ' avant de penser à la tiare , il doit sauver l ' ame du patient .Vidoni s ' arrête haletant devant le palais Torlonia : le fumet d ' un repas splendide lui fait lever le nez ; il aperçoit le duc à la fenêtre , lui demande à dîner , et laisse tout pour refaire ses entrailles sacrées .Nombre d ' autres s ' arrêtent devant un bandagiste , et , ne pouvant plus avancer de fatigue , entrent en soufflant pour mettre des rechanges .",
                  "id": "20",
                  "title": "Léopold Robert, sa vie, ses oeuvres et sa correspondance ; par F. Feuillet de Conches"
            }
      ]
}