{
      "articles": [
            {
                  "doc_url": "https://gallica.bnf.fr/ark:/12148/bpt6k6102816p",
                  "emotions": [
                        "surprise",
                        "grief",
                        "optimism",
                        "nostalgia",
                        "excitement",
                        "disappointment",
                        "guilt"
                  ],
                  "excerpt": "Ils ne mûriront pas ; sous une haleine impure , Peut - être verront - ils leur tige se flétrir .Ah ! puissent - ils au moins une aurore fleurir » Exhaler un parfum et tomber sans murmure ! Plus rapide aujourd ' hui le temps fuit à mes yeux ; J ' entends toujours au loin tourbillonner le monde , C ' est toujours son bonheur qui passe comme l ' onde , Sa flamme qui s ' éteint , son destin rigoureux Qui l ' entraîne aux remords par un chemin de roses , Desséchant sous ses doigts ses fleurs à peine écloses .Est - ce lui que je cherche ! .",
                  "id": "1",
                  "title": "L'âme et la solitude / par Achille Du Clésieux"
            },
            {
                  "doc_url": "https://gallica.bnf.fr/ark:/12148/bpt6k6102816p",
                  "emotions": [
                        "admiration",
                        "surprise",
                        "pride",
                        "gratitude",
                        "envy",
                        "greed"
                  ],
                  "excerpt": "Ah ! si ton luth , fidèle à ses premiers accords .Plus riche qu ' une fleur épanouie à peine , Où l ' aurore en naissant parfume son haleine , Avait d ' un même souffle épuré ses trésors ; Quelle main n ' eût saisi ta manne nourrissante ? ., .",
                  "id": "2",
                  "title": "L'âme et la solitude / par Achille Du Clésieux"
            },
            {
                  "doc_url": "https://gallica.bnf.fr/ark:/12148/bpt6k64348126",
                  "emotions": [
                        "surprise",
                        "disgust",
                        "fear",
                        "nervousness"
                  ],
                  "excerpt": "Son front large est armé de cornes menaçantes , Tout son corps est couvert d ' écaillés jaunissantcs .Indomptable taureau , dragon impétueux , Sa croupe se recourbe en replis tortueux ; Ses longs mugissements font trembler le rivage , Le ciel avec horreur voit ce monstre sauvage ; La terre s ' en émeut , l ' air en est infecté ; Le flot qui l ' apporta recule épouvanté .1 Il y a dans ces vers quelques métaphores .",
                  "id": "3",
                  "title": "Récréations grammaticales , par J.-F. Daniel,..."
            },
            {
                  "doc_url": "https://gallica.bnf.fr/ark:/12148/bpt6k6133661z",
                  "emotions": [
                        "surprise",
                        "nostalgia",
                        "doubt"
                  ],
                  "excerpt": ".Pourquoi donc , oh ! pourquoi , parfum de la jeunesse , Ne pas durer toujours : rêves — amour — ivresse ? 20 \" novembre 1868 .AU POETE ! Barde , ma muse est jeune et ne sait pas chanter ! ■ J ' aime .",
                  "id": "4",
                  "title": "Jeunesse !"
            },
            {
                  "doc_url": "https://gallica.bnf.fr/ark:/12148/bpt6k54267031",
                  "emotions": [
                        "surprise"
                  ],
                  "excerpt": "Uii homme est continuellement de faction et balaie chaque selle avec tin seau de solution désinfectante ( d ' abord du sulfate de fer , remplacé bientôt par du chlorure de zinc ) contenue dans une baille à proximité .On arrive à ce résultat surprenant que les latrines et les poulaines , visitées continuellement et par l ' autorité et par les médecins , n ' offrent plus d ' autre odeur qu ' une odeur métallique .L ' épidémie suit son cours à la caserne , comme en ville .",
                  "id": "5",
                  "title": "Notes et observations sur l'épidémie cholérique à Toulon en 1884 / par le Dr F. Gendron,..."
            },
            {
                  "doc_url": "https://gallica.bnf.fr/ark:/12148/bpt6k11660087",
                  "emotions": [
                        "surprise"
                  ],
                  "excerpt": "Ces parfums me portaient à prier la Dien - aimée petite sœur Thérèse et les plus tendres invocations s ’ élevaient de mon cœur vers elle .Chose surprenante 1 Sitôt que j ’ avais compris quelle voulait me faire sentir sa présence et sa protection , le parfum s ’ évanouissait .En reconnaissance de la guérison que j ’ ai obtenue par son intercession , je suis allée faire un pèlerinage à son tombeau .",
                  "id": "6",
                  "title": "Pluie de roses. Tome 1"
            },
            {
                  "doc_url": "https://gallica.bnf.fr/ark:/12148/bpt6k11660087",
                  "emotions": [
                        "surprise"
                  ],
                  "excerpt": "Je dois vous dire , pour l ’ honneur de votre petite sainte , que j ’ ai senti plusieurs fois une odeur de lis et de roses se dégager des images qui portent une parcelle de ses vêtements .Lisant sur ces images que S ’ Thérèse de l ’ Enfant - Jésus était morte en odeur de sainteté , je ne m ’ étonnaà pas et pensai que tous devaient sentir cette odeur .On m ’ a appris depuis que j ’ avais été l ’ objet d ' un privilège ; j ’ en remercie vivement la chère sainte , à laquelle je dois bien d ’ autres grâces .",
                  "id": "7",
                  "title": "Pluie de roses. Tome 1"
            },
            {
                  "doc_url": "https://gallica.bnf.fr/ark:/12148/bpt6k62844898",
                  "emotions": [
                        "surprise"
                  ],
                  "excerpt": "Moschatus .D ' que odeur de musc ; chapeau plane , vert de mer , sec ; lames nombreuses , divisées , blanchâtres ; pédicule linéaire , ferme , blanchâtre .bulliard herb , franc .",
                  "id": "8",
                  "title": "Cryptogamie complette, ou Description des plantes dont les étamines sont peu apparentes ... par Charles Linné,... Première édition française, calquée sur celle de Gmelin, augmentée et enrichie... par N. Jolyclerc,..."
            },
            {
                  "doc_url": "https://gallica.bnf.fr/ark:/12148/bpt6k6569710n",
                  "emotions": [
                        "surprise",
                        "grief",
                        "nostalgia"
                  ],
                  "excerpt": "Tant le mont s ' élevait à des hauteurs immenses ! Et des fleuves lointains les faibles apparences Ressemblaient au dessin par le vent effacé Que le doigt d ' un enfant sur le sable a tracé .Ce fut là que deux voix , dans le désert perdues , Dans les hauteurs de l ' air avec peine entendues , Osèrent un moment prononcer tour à tour Ce dernier entretien d ' innocence et d ' amour : « Comme la terre est belle en sa rondeur immense ! La vois - tu qui s ' étend jusqu ' où le ciel commence ? La vois - tu s ' embellir de toutes ses couleurs ? Respire un jour encor le parfum de ses fleurs , Que le vent matinal apporte à nos montagnes .On dirait aujourd ' hui que les vastes campagnes Élèvent leur encens , étalent leur beauté , Pour toucher , s ' il se peut , le Seigneur irrité .",
                  "id": "9",
                  "title": "Oeuvres complètes de M. le Comte Alfred de Vigny,..."
            },
            {
                  "doc_url": "https://gallica.bnf.fr/ark:/12148/bpt6k6569710n",
                  "emotions": [
                        "surprise",
                        "nostalgia",
                        "disappointment"
                  ],
                  "excerpt": "Ce bruit lointain devint un chant surnaturel , Qui parut s ' approcher de la fille du Ciel ; Et ces feux réunis furent comme l ' aurore D ' un jour inespéré qui semblait près d ' éclore .A sa lueur de rose un nuage embaumé Montait en longs détours dans un air enfiammé , Puis lentement forma sa couche d ' ambroisie , Pareille à ces divans où dort la molle Asie .Là , comme un ange assis , jeune , triste et charmant , Une forme céleste apparut vaguement .",
                  "id": "10",
                  "title": "Oeuvres complètes de M. le Comte Alfred de Vigny,..."
            },
            {
                  "doc_url": "https://gallica.bnf.fr/ark:/12148/bpt6k30483199",
                  "emotions": [
                        "surprise",
                        "gratitude",
                        "doubt"
                  ],
                  "excerpt": "On est donc forcé de l ’ admettre ; c ’ est pour les hommes que toutes ces richesses ont été préparées avec tant de soin .Comment ces fruits si abondants et d ’ une si grande variété ; qui flattent non seulement le goût , mais encore l ’ odorat et la vue , pourraient - ils laisser soupçonner que la nature ait pensé à d ’ autres qu ’ aux hommes , en prodiguant ces magnifiques présents ? Bien loin que ces bienfaits aient eu pour objet les animaux , c ’ est pour nous - mêmes , au contraire , que les animaux ont été faits .A quoi servent les brebis , par exemple , si ce n ’ est à donner la laine dont les tissus habilement préparées fournissent à l ’ homme ses vêtements ? bien plus , les brebis pourraient - elles se nourrir et se conserver ; pourraient - elles , sans le travail ou la sollicitude protectrice de l ’ homme , nous donner d ’ elles - mêmes ce que nous en retirons ? Et le chien ? sa garde si fidèle , son amour pour son maître et ses flatteries si caressantes ; sa haine si vive contre les étrangers ; l ’ incroyable finesse de son odorat et sa merveilleuse sagacité pour découvrir les traces ; son ardeur si vive à la chasse ; que signifient - ils autre chose , sinon qu ’ il est fait pour le service de l ’ homme ? 139 .",
                  "id": "11",
                  "title": "De la nature des dieux. Livre deuxième / Cicéron ; traduction française correcte par M. l'abbé P. Rodillon,... ; Alliance des maisons d'éducation chrétienne"
            },
            {
                  "doc_url": "https://gallica.bnf.fr/ark:/12148/bpt6k9607621p",
                  "emotions": [
                        "surprise"
                  ],
                  "excerpt": "Le froid commençant à l ' envahir , il revint au sentiment de sa conservation et se releva péniblement .Sondain , sans qu ' il pût s ' en rendre compte , une odeur de graisse brûlée saisit son odorat .Comme il était sous le vent du navire , il supposa que cette odeur venait de là , et il ne comprit pas dans quel but on brûlait cette graisse , car c ' était fort dangereux , puisque cette émanation pouvait attirer des bandes d ' ours blancs .",
                  "id": "12",
                  "title": "Le docteur Ox / par Jules Verne"
            },
            {
                  "doc_url": "https://gallica.bnf.fr/ark:/12148/bpt6k9607621p",
                  "emotions": [
                        "surprise"
                  ],
                  "excerpt": "Il s ' arrêta pour les considérer plus attentivement , et sa terreur fut extrême , quand il reconnut une bande d ' ours gigantesques .Ces animaux avaient été attirés par cette odeur de graisse qui avait surpris Louis Cornbutte .Celui - ci s ' abrita derrière un monticule , et il en compta trois qui ne tardèrent pas à escalader les blocs de glace sur lesquels reposait la Jeune - Hardie .",
                  "id": "13",
                  "title": "Le docteur Ox / par Jules Verne"
            },
            {
                  "doc_url": "https://gallica.bnf.fr/ark:/12148/bpt6k55771902",
                  "emotions": [
                        "surprise",
                        "nostalgia"
                  ],
                  "excerpt": "Passée tout - àcoup de l ' atmosphère glacée de la rue à cette température factice , si douce et si embaumée ; entourée comme par enchantement de toutes les merveilles d ' uue nature méridionale .jetant là à pleines mains fleurs , fruits et parfums ; tous les sens salisfaits à la fois , elle croyait rêver ! Elle regardait autour d ' elle , et ne voyait que .fleurs et verdure ; et comme une allée couverte d ' un sable fin , élastique , doré , s ' offrait devant elle , elle la suivit .",
                  "id": "14",
                  "title": "Falkland / par Anna Blanc"
            },
            {
                  "doc_url": "https://gallica.bnf.fr/ark:/12148/bpt6k55771902",
                  "emotions": [
                        "surprise",
                        "disapproval",
                        "guilt"
                  ],
                  "excerpt": ".Ne l ' ai - je pas toujours été avec vous , dit Falkland se rapprochant de la jeune fille , et si près d ' elle qu ' il sentait presque le souffle parfumé de la jeune fille effleurer son visage .— Ne me parlez plus de Georges ! ne me parlez plus de lui ! .",
                  "id": "15",
                  "title": "Falkland / par Anna Blanc"
            },
            {
                  "doc_url": "https://gallica.bnf.fr/ark:/12148/bpt6k64847676",
                  "emotions": [
                        "surprise",
                        "grief",
                        "sadness",
                        "nostalgia",
                        "doubt",
                        "despair",
                        "disappointment"
                  ],
                  "excerpt": "Il aimait ces tissus où se brodait son nom ; Vos chants lui rappelaient ses victoires sans nombre , Oh ! pensiez - vous alors que ce manoir si sombre Serait le Saint - Denis de votre Maintenon ? Non .vous ne songiez pas que ces royales têtes Dont vos yeux éblouis voyaient de près les fêtes Au souffle du malheur disparaîtraient un jour , Comme au souffle du nord les feuilles desséchées ; Que vous - mêmes seriez du parterre arrachées , Pauvres roses d ' amour ! Adieu donc , royales familles ; Adieu pour toujours , jeunes filles ; Adieu , mes rêves d ' autrefois ; Je sens les parfums de la poudre , Je vois aux éclairs de la foudre César debout sur son pavois .De César la guerre est maîtresse , Le pouvoir est sa seule ivresse , La conquête est sa volupté .",
                  "id": "16",
                  "title": "Souvenirs de Saint-Cyr"
            },
            {
                  "doc_url": "https://gallica.bnf.fr/ark:/12148/bpt6k1157086g",
                  "emotions": [
                        "surprise",
                        "embarrassment"
                  ],
                  "excerpt": ".Cela vous étonne que je fasse parfumer mes robes ; c ’ est que jamais on ne m ’ a permis ça ..",
                  "id": "17",
                  "title": "La Semaine illustrée"
            },
            {
                  "doc_url": "https://gallica.bnf.fr/ark:/12148/bpt6k5823254n",
                  "emotions": [
                        "surprise",
                        "joy",
                        "relief"
                  ],
                  "excerpt": "Aussitôt qu ' ils se virent libres , ces animaux , comprenant ce qu ' on attendait d ' eux , s ' élancèrent tout droit dans la caverne .Pendant quelques secondes , ils firent entendre un glapissement rapide et contenu ; annonçant bien clairement qu ' ils sentaient un ours .Le guide avait d ' ailleurs bien deviné .",
                  "id": "18",
                  "title": "Bruin, ou les Chasseurs d'ours..."
            },
            {
                  "doc_url": "https://gallica.bnf.fr/ark:/12148/bpt6k1173243q",
                  "emotions": [
                        "surprise"
                  ],
                  "excerpt": "Celte grotte , dont la découverte ne date que de 1849 , représente une immense galerie naturelle , creusée dans l ’ épaisseur de la montagne dont elle porte le nom , et ne communiquant avec l ’ extérieur que par une étroite ouverture .Celui qui le premier y pénétra , dut se croire au milieu d ’ un de ces palais enchantés dont l ’ imagination des poètes a peuplé les îles de Paplios et de Cythôre ; ce ne sont , en effet , que voûtes étincelantes , délicates arabesques , colonnes en stalactites et stalagmites , sièges de marbre , bassins du plus beau cristal et , au milieu de toutes ces merveilles , une nappe d ’ eau limpide et tiède , trè < * légèrement alcaline , dont les douces effluves se répandent dans l ’ atmosphère .Cette grotte est recommandée aux rhumatisants pour y prendre des bains de vapeur .",
                  "id": "19",
                  "title": "Dictionnaire universel des eaux minérales, des bains de mer et des stations hivernales, hydrothérapie, maisons de santé de la France et de l'étranger, historique, biographique, pittoresque, anecdotique et scientifique / par M. Émile Badoche ; avec le concours de célébrités médicales pour la partie scientifique"
            },
            {
                  "doc_url": "https://gallica.bnf.fr/ark:/12148/bpt6k5408649r",
                  "emotions": [
                        "surprise",
                        "fear",
                        "nostalgia",
                        "excitement"
                  ],
                  "excerpt": "Mais ces cris Jîridents qui déchirent l ' air , Ces frémijjements de barres de fer Sautant fur ïejjîeu des lourdes voitures , Sont pour tous mes nerfs autant de morfures .Oh ! l ' afreufe odeur montant de là - bas ! De ce couvent blanc ou de la Villette , J ' entends la manoeuvre : Ourche ! avant ! arche ! ette ! Ah ! j ' ai tout compris , ce font des foldats .Din , don , din , din , ce fi la mejfe quifonne ; Le clairon répond , le tambour aujji ; Puis l ' orgue s ' en mêle .",
                  "id": "20",
                  "title": "Parfums, chants et couleurs : poésies / par Gustave Mathieu"
            }
      ]
}