{
      "articles": [
            {
                  "doc_url": "https://gallica.bnf.fr/ark:/12148/bpt6k5754923d",
                  "emotions": [
                        "surprise",
                        "disgust",
                        "fear",
                        "nervousness"
                  ],
                  "excerpt": "— C ' est singulier , dit un de ses amis ; n ' étiez - vous pas la proie de quelque illusion causée par la course de votre cheval ? - — Non , c ' était Satan .Mon cheval s ' en effraya ; , l ' arbre pourtant passa au galop et disparut derrière nous , il laissait une certaine odeur qui pouvait bien être du soufre .- * Odeur de brouillard , \" marmotta - l ' autre .",
                  "id": "1",
                  "title": "Dictionnaire infernal : répertoire universel des êtres, des personnages, des livres... qui tiennent aux esprits, aux demons... / par J. Collin de Plancy"
            },
            {
                  "doc_url": "https://gallica.bnf.fr/ark:/12148/bpt6k5754923d",
                  "emotions": [
                        "surprise",
                        "doubt",
                        "embarrassment",
                        "guilt"
                  ],
                  "excerpt": "al , .honteux et confus , décampa avec sa ^ tjro ^ petet ala ; plusvloin prendre un bain et se parfumer ; , , lSi Tour de Montpellier ; 11 y a sans doute encore encore Montpellier une vieille tour que le peuple de cette ville croit aussi ancienne que le inonde ; sa chute doit précéder de quelques minutes la déconfiture de l ' univers .Tour des Rats .",
                  "id": "2",
                  "title": "Dictionnaire infernal : répertoire universel des êtres, des personnages, des livres... qui tiennent aux esprits, aux demons... / par J. Collin de Plancy"
            },
            {
                  "doc_url": "https://gallica.bnf.fr/ark:/12148/bpt6k9600510c",
                  "emotions": [
                        "surprise",
                        "doubt",
                        "curiosity",
                        "indifference"
                  ],
                  "excerpt": "Mauvaise , peut - être bien , pensa Jeanne .Giraud était en effet si bon et si soumis ; pourquoi le rudoyer ainsi ? — Allons , mon vieux , ce n ' est rien , dit - elle , en passant son mouchoir parfumé sur le visage du commis voyageur qui en rougit de satisfaction .Ton bras et partons .",
                  "id": "3",
                  "title": "Brasserie du Lapin : moeurs du Quartier latin / Albert Aymé-Martin"
            },
            {
                  "doc_url": "https://gallica.bnf.fr/ark:/12148/bpt6k3045709c",
                  "emotions": [
                        "surprise"
                  ],
                  "excerpt": "Le tout fut alors distillé à une douce chaleur .L ’ eau qui passa avoit la même odeur que le liquide primitif , et une couche légère d ’ huile jaunâtre le surnageoit .Il resta une masse brune noirâtre , sur laquelle l ’ eau n ’ avoit aucune action ; mais on en obtint une substance Camphre .",
                  "id": "4",
                  "title": "Systême de chimie de M. Th. Thomson. Tome 8 / ... Traduit de l'anglais sur la dernière édition de 1807, par M. Jn. Riffault. Précédé d'une introduction de M. C. L. Berthollet,..."
            },
            {
                  "doc_url": "https://gallica.bnf.fr/ark:/12148/bpt6k3045709c",
                  "emotions": [
                        "surprise"
                  ],
                  "excerpt": "Le tout fut alors distillé à une douce chaleur .L ’ eau quipassa avoit la même odeur que le liquide primitif , et une couche légère d ’ huile jaunâtre la surnageoit .11 resta une masse brune noirâtre , sur laquelle l ’ eau n ’ avoit aucune action ; mais on en obtint une substance Camphre .",
                  "id": "5",
                  "title": "Systême de chimie de M. Th. Thomson. Tome 8 / ... Traduit de l'anglais sur la dernière édition de 1807, par M. Jn. Riffault. Précédé d'une introduction de M. C. L. Berthollet,..."
            },
            {
                  "doc_url": "https://gallica.bnf.fr/ark:/12148/bpt6k96110515",
                  "emotions": [
                        "surprise",
                        "doubt",
                        "faith"
                  ],
                  "excerpt": "7 .Personne ne doit croire que l ' homme avant sa chute eût des membres de bête pour sa reproduction , mais bien des membres célestes ; de même aussi il n ' avoitpoint de boyaux : car de pareils organes et une puanteur comme celle que l ' homme a dans le corps , ne peuvent appartenir à la trinité sainte , dans le paradis , mais bien à la terre qui doit retourner dans son Ether .Mais l ' homme avoit été créé immortel , et en outre , saint , semblable aux : anges ; et quoiqu ' il fut produit du limbus , cependant il étoit pur .",
                  "id": "6",
                  "title": "Des trois principes de l'essence divine, ou De l'éternel engendrement sans origine. Tome 1 / ... par Jacob Bêhme,... Trad. de l'allemand, sur l'édit. d'Amsterdam, de 1682, par le philosophe inconnu..."
            },
            {
                  "doc_url": "https://gallica.bnf.fr/ark:/12148/bpt6k111101c",
                  "emotions": [
                        "surprise",
                        "disgust",
                        "doubt"
                  ],
                  "excerpt": "Vous voyez Oui , la police est complice , Et quand , elle fait main - basse sur une maison de prostitution clandestine , on est autorisé à croire qu ' élle obéit moins au désir d ' entretenir de bonnes mœurs dans la population , qu ' à » ce sentim ~ nt de rancune inspiré à tout entrepreneur : par une concurrence déloyale .Ne croirait - on pasrermuer un , tas d ' immondices dont la puanteur e prend à la gorge et donne des nausées ? Ils réglementent la prostitution , ces policiers , c ' est - à - dire qu ' ils l ' organisent , , qu ' ils en .favorisent le développement , soigneusement , comme avec amour .",
                  "id": "7",
                  "title": "Les clameurs du pavé / Lucien-Victor Meunier"
            },
            {
                  "doc_url": "https://gallica.bnf.fr/ark:/12148/bpt6k22361w",
                  "emotions": [
                        "surprise",
                        "fear",
                        "relief",
                        "pain"
                  ],
                  "excerpt": [
                        "fait vibrer la languette avec le doigt .Haleine , air qui sort par la bouche ; odeur de la bouche ; Haîenée , air poussé en une seule respiration Halener , sentir l ' haleine .6 Hiatus , bâillement , ouverture forcée de la bouche .",
                        "GLOIRE .Fleurer ou ne p - is Fleurer comme baume .Garrot ( blessé sur le ) , atteint dans sa réputation ."
                  ],
                  "id": "8",
                  "title": "Dictionnaire analogique de la langue française : répertoire complet des mots par les idées et les idées par les mots (4e édition) / par P. Boissière,..."
            },
            {
                  "doc_url": "https://gallica.bnf.fr/ark:/12148/bpt6k5445489r",
                  "emotions": [
                        "surprise",
                        "doubt",
                        "nervousness",
                        "embarrassment"
                  ],
                  "excerpt": "Je gagerais que ce fou de Kerjean lui a glissé quelque billet , et c ' est ce qui la bouleverse , se disaitil .Pardieu , j ' y suis un rendez - vous cette nuit , pendant la fête 1 Et , tout en polissant ses ongles avec une poudre parfumée , il posa brusquement cette question à la jeune fille : — Comment trouves - tu Monsieur de Kerjean ? — Pourquoi me demandez - vous cela ? balbutia - telle en chancelant au point qu ' elle s ' adossa a la muraille pour ne pas tomber .— Pour le savoir 1 Qu ' y a - t - il donc là de si terrible ? Crois - tu donc que je n ' aie pas compris qu ' il n ' est pas dupe de ton costume ? Me crois - tu aveugle au point de ne pas voir les oeillades incendiaires qu ' il te lance ? et est - il bien difficile de deviner que , si un vif attrait ne l ' attirait ici , il n ' y passerait pas tant d ' heures » sans cela fort ennuyeuses ? \" , 172 LA CONQUETE DU PARADIS — Il n ' y a pas de ma faute , dit Marion , je fuis Monsieur de Kerjean le plus que je le peux .",
                  "id": "9",
                  "title": "Le lion de la victoire : la conquête du paradis (2e édition) / par Judith Gautier"
            },
            {
                  "doc_url": "https://gallica.bnf.fr/ark:/12148/bpt6k54963752",
                  "emotions": [
                        "surprise",
                        "doubt"
                  ],
                  "excerpt": "Comment sire lion traitait bien en « son Louvre » ceux qui allaient le visiter — et d ' autre chose encore ( I ) .Ne mie le roi des animaux logeait sous des lambris dorés , — comme vous pourriez croire — non ; mais était son Louvre , dit la fable , « un vrai charnier , dont l ' odeur se portait d ' abord au nez des gens , » et pour raison , étant simplement tapissé et meublé de cadavres , squelettes et carcasses , pêle - mêle gisant dans le sang , la boue ..",
                  "id": "10",
                  "title": "Les fameuses Bêtes du Bonhomme / G. Franceschi"
            },
            {
                  "doc_url": "https://gallica.bnf.fr/ark:/12148/bpt6k54963752",
                  "emotions": [
                        "surprise",
                        "doubt"
                  ],
                  "excerpt": "— Çà , lui requit sire lion dans son antre , « que sens - tu ? disle - moi , parle sans déguiser .— Ce que je sens ? — Oui , que sens - tu dans cet antre , quelle odeur ? Dis - le - moi franchement .— Sire , pardonnez - moi , mais il me semble que .",
                  "id": "11",
                  "title": "Les fameuses Bêtes du Bonhomme / G. Franceschi"
            },
            {
                  "doc_url": "https://gallica.bnf.fr/ark:/12148/bpt6k54963752",
                  "emotions": [
                        "surprise",
                        "disgust"
                  ],
                  "excerpt": "Ossa super recubans antro semesa cruento .Quel parfum ! vous jamais ne sentîtes infection pareille , non pas même au débotter d ' un gendarme , eût - il voyagé sans flacon de Cologne en ses tiges .Et certes , y totalement faisaient défaut essences de jasmin et marjolaine , eau de rose , eau de naphe , eau d ' ange , et « la précieuse cassolette vaporante de toutes drogues aromatiques » dont parle maître François en son chapitre du manoir de Thélème , où d ' abondant étaient force belles et douces choses qu ' on ne vit oncques au Louvre du lion .",
                  "id": "12",
                  "title": "Les fameuses Bêtes du Bonhomme / G. Franceschi"
            },
            {
                  "doc_url": "https://gallica.bnf.fr/ark:/12148/bpt6k5838799s",
                  "emotions": [
                        "surprise",
                        "joy",
                        "fear",
                        "excitement",
                        "embarrassment"
                  ],
                  "excerpt": "Au bord de quelque bois , sur uu arbre ju grimpe , El , nouveau Jupiter , du haut de celolym ; e , Je foudroie à discrétion Un lapin qui n ' y pensait guère .Je vois fuir aussitôt toute la nation Des lapins qui , sur la bruyère , L ' oeil éveillé , l ' oreille au guet , S ' égayaient , el de Ihym parfumaient leur banquet .Le bruit du coup fail que la bande S ' en va chercher sa sûreté Dans la souterraine cité : Mais lu danger s ' oublie , cl cette peur si grande S ' évanouit bientôt ; je revois les lapins , l ' ius gais qu ' auparavant , revenir sous mes mains .",
                  "id": "13",
                  "title": "Fables de La Fontaine / interprétées par Cham"
            },
            {
                  "doc_url": "https://gallica.bnf.fr/ark:/12148/bpt6k6371717v",
                  "emotions": [
                        "surprise",
                        "annoyance",
                        "doubt",
                        "curiosity",
                        "embarrassment"
                  ],
                  "excerpt": "En effet , qu ' est - ce qu ' un berger , dans la vie réelle ? un malheureux en haillons et mourant de faim , qui gagne cinq sous à conduire quelques brebis galeuses sur le pavé des grandes routes .Qu ' est - ce qu ' une bergère véritable ? un gros morceau de chair mal taillée , qui a le visage roux , les mains rouges , les cheveux gras , qui sent l ' ail et le lait rance .Oui , certes , Théocrite et Virgile ont menti .",
                  "id": "14",
                  "title": "L'âne mort et la femme guillotinée / par Jules Janin"
            },
            {
                  "doc_url": "https://gallica.bnf.fr/ark:/12148/bpt6k65570088",
                  "emotions": [
                        "surprise",
                        "grief",
                        "sadness"
                  ],
                  "excerpt": "Sous les couvertures , ses formes raides et osseuses e dessinaient pareilles à celles d ' un cadavre sous un suaire , et , n ' eut été le bruit 4e son souffle , on aurait pu se croire en face d ' un mort .La nuit prêtait à cette illusion , et l ' odeur d ' abandon de ce dortoir où personne n ' habitait depuis longtemps éveillait vaguement des id \" : es de caveau funéraire .Sur la table , près de la lanterne qui jetait une lueur laible , la sacoche apparaissait , seule éclairée , tirant le regard du malheureux qui se débattait dans une der - nère résistance .",
                  "id": "15",
                  "title": "Les derniers Kérandal. Mademoiselle de Fonterose / par Charles Mérouvel"
            },
            {
                  "doc_url": "https://gallica.bnf.fr/ark:/12148/bpt6k9737201m",
                  "emotions": [
                        "surprise",
                        "doubt"
                  ],
                  "excerpt": "Pourtant , au pied des rocs , au bord du gouffre amer , Quelque chose a paru , quelque chose de vert : Cela se courbe au vent , ou se tord en spirale , Cela pend au granit ou sur les eaux s ' étale , Et , de tous les côtés , sous le soleil plus clair , La végétation monte , comme la mer ! C ' est un bruit doux et lent , qui va des monts aux grèves , Frisson des germes nus , et murmure des sèves , Travail de la racine entr ' ouvrantle sol dur , Feuillages déployés , qui tremblent dans l ' azur .Près des pins odorants , les cycas et les prèles Poussent leurs rameaux droits , bordés de feuilles frêles ; La fougère fibreuse et les palmiers touffus Se balancent , en foule , aux horizons confus .Toute force , cachée aux flancs de la nature , Jaillit , tumultueuse , en torrents de verdure : Les arbres , à l ' étroit , descendent des coteaux , Les rameaux frémissants s ' attachent , aux rameaux , Les bois suivent les bois , par les larges campagnes , Et divisant leurs cours , aux bases des montagnes , Dans les grandes forèts tombent échevelés , Comme vont à la mer les fleuves déroulés .",
                  "id": "16",
                  "title": "Poésies : festons et astragales / Louis Bouilhet"
            },
            {
                  "doc_url": "https://gallica.bnf.fr/ark:/12148/bpt6k6581898d",
                  "emotions": [
                        "surprise",
                        "doubt",
                        "frustration"
                  ],
                  "excerpt": "Quelle fera donc ma destinée future , si le hazard veut que les atômes qui font mon ame , passent dans un autre corps sujet à plus de dérangemens que celui où j ' habite ? Que fais - je même , si mon ame dégagée de tous les corps grossiers ne feroit pas encore plus malheureuse ? Envain chercherois - je un azile contre un avenir fâcheux dans les systêmes de Spinosa & de Platon .Les cor - puscules les plus subtils s ' exhalent ; la machine se dissoud ; elle perd ses proportions ; elle se déconcerte .Mais en quelque endroit que soient portés ses dé - bris , aucune parcelle ne cesse d ' exister il n ' y a point le moindre atôme qui péristè .",
                  "id": "17",
                  "title": "Preuves de la religion de Jésus-Christ contre les spinosistes et les déistes. Partie 1,Tome 1 / , par M. L. F."
            },
            {
                  "doc_url": "https://gallica.bnf.fr/ark:/12148/bpt6k1139650",
                  "emotions": [
                        "surprise",
                        "joy",
                        "love",
                        "excitement"
                  ],
                  "excerpt": "Le docteur s ' encadrait au seuil .Bathybius chancela quelques secondes , étourdi par l ' odeur d ' amour et aveuglé par l ' Universelle blancheur des lampes électriques toutes allumées par l ' immense salle , comme tous les cierges d ' un autel paré pour des épousailles prodigieuses .La femme masquée , les seins dressés , les doigts et les orteils révulsés et tremblant un peu , et dont le rire , dans son sommeil , devenait un râle très doux , gisait en travers de la peau d ' ours .",
                  "id": "18",
                  "title": "Le Surmâle : roman moderne / Alfred Jarry"
            },
            {
                  "doc_url": "https://gallica.bnf.fr/ark:/12148/bpt6k1139650",
                  "emotions": [
                        "surprise",
                        "boredom",
                        "desire",
                        "envy",
                        "frustration"
                  ],
                  "excerpt": "Je pars demain .J ' aimerais , il est vrai , que leur parfum et leurs cou - leurs m ' égayent la longue voie monotone et les wagons enfumés , mais elles se fane raient Avec un empressement qui choqua Ellen , Marcueil fit disparaître son canif .J ' oubliais la grande course .",
                  "id": "19",
                  "title": "Le Surmâle : roman moderne / Alfred Jarry"
            },
            {
                  "doc_url": "https://gallica.bnf.fr/ark:/12148/bpt6k166666g",
                  "emotions": [
                        "surprise",
                        "doubt",
                        "curiosity"
                  ],
                  "excerpt": "L ' ambrevade , qui est bisannuelle ou vivace , sert encore à l ' assolement .Tenez , voilà du vétiver , d ' où Ton extrait un parfum que vous connaissez , sans doute ? Moi : — Avant de venir à Bourbon , j ' ignorais totalement qu ' on en tirait un parfum ; je pensais que son mérite unique était de chasser les mites ! Elle : — Cette plante pousse partout , depuis le littoral jusqu ' à 7 ou 800 mètres d ' altitude , mais ses racines , dont on distille l ' essence , se développent de préférence dans les terres meubles ..",
                  "id": "20",
                  "title": "La Réunion et l'île Maurice, Nossi-Bé et les Comores : leur rôle et leur avenir / Erique Guilloteaux"
            }
      ]
}