{
      "articles": [
            {
                  "doc_url": "https://gallica.bnf.fr/ark:/12148/bpt6k3403552x",
                  "emotions": [
                        "surprise",
                        "disgust",
                        "annoyance",
                        "disapproval"
                  ],
                  "excerpt": "— Tais - toi , mon fi , tais - toi , mon petit fi ! répète la vieille .Le soldat tire de sa poche un mouchoir de cotonnade qui sent la pipe et il essuie les yeux de l ' enfant : — Que ce gosse est scandaleux ! ..",
                  "id": "1",
                  "title": "Les lampes voilées : Laurence, Valentine (5e édition) / Marcelle Tinayre"
            },
            {
                  "doc_url": "https://gallica.bnf.fr/ark:/12148/bpt6k6529053w",
                  "emotions": [
                        "surprise",
                        "pride"
                  ],
                  "excerpt": "» J ' attacherai d ' autant moins d ' importance au nombre réel de ces îles que , n ' ayant pu voir que Taïti , Eimeo et Bora - Bora , c ' est sur elles que j ' appellerai toute l ' attention .Si vous avez jamais créé , dans les rêves de votre imagination , une terre qui jouisse d ' un ciel éclatant , d ' une végétation triomphante , d ' une atmosphère baignée de lumière et de parfums , assurément Taïti réalise tout ce que l ' esprit peut enfanter de plus magique : il est impossible , par les seules ressources du langage , de parvenir à décrire les étonnantes beautés de cette nature , dont le pinceau lui - même ne pourrait donner qu ' une esquisse incomplète .Comment peindre cette étonnante variété de formes et de couleurs , dont l ' aspect imprévu frappe et captive les étrangers ? L ' émotion qu ' on éprouve devant ces gracieuses scènes , devant ces riches paysages qui varient et se transforment à chaque aspect , saisit d ' admiration ; on jouit de ce qu ' on voit , sans chercher à l ' exprimer .",
                  "id": "2",
                  "title": "Voyages dans les deux océans Atlantique et Pacifique, 1844 à 1847... par M. Eugène Delessert"
            },
            {
                  "doc_url": "https://gallica.bnf.fr/ark:/12148/bpt6k6538004c",
                  "emotions": [
                        "surprise",
                        "relief"
                  ],
                  "excerpt": "Là , les domestiques avaient déjà apporté une table , et placé sur cette tablé une cafetière d ' argent , des tasses en porcelaine et quelques flacons de liqueurs .Deux vieux sycomores , dont la tige lisse et argentée „ ressemble à des colonnes de marbre , déployaient sur notre tête leurs longs rameaux ; un gazon touffu , par - semé de petites fleurs champêtres , s ' étendait sous nos pieds comme un tapis de Smyrne ; une légère brise frémissant dans l ' air , comme l ' éventail d ' une coquette senora d ' Espagne , répandait autour de nous le parfum ; des plantes tropicales , épanouies sous les vitres ontr ' ouvertes de la serre , et l ' arôme des sapins .A quelques pas de distance , un filet d ' eau , sortant d ' un source souterraine , tombait goutte à goutte dans son bassin de pierre , avec un tintement argentin , comme les notes musicales que produit la légère main d ' une femme , courant indo - lemment sur les touches d ' un piano .",
                  "id": "3",
                  "title": "Gazida (2e édition) / par X. Marmier"
            },
            {
                  "doc_url": "https://gallica.bnf.fr/ark:/12148/bpt6k5399519t",
                  "emotions": [
                        "surprise",
                        "nervousness"
                  ],
                  "excerpt": "» Surpris de ce que je venais d ’ entendre et admirant la puissance de l ’ amour , j ’ allai retrouver mes compagnons ; et tous ensemble nous nous dirigeâmes vers le pic .Avant de l ’ atteindre , nous contemplâmes avec effroi un profond et vaste gouffre , dont les bords revêtus d ’ un gazon glissant étaient parsemés d ’ œillets embaumés et de fraises vermeilles .Ainsi des pièges étaient tendus à tous nos sens .",
                  "id": "4",
                  "title": "Voyage dans les Hautes-Pyrénées par le Cte de Marcellus (Marie-Louis-Auguste), ..."
            },
            {
                  "doc_url": "https://gallica.bnf.fr/ark:/12148/bpt6k628377",
                  "emotions": [
                        "surprise",
                        "love",
                        "nostalgia"
                  ],
                  "excerpt": "J ' allai pousser un cri do stupeur joyeuse .Je m ' éveillai dans une impression do fraîcheur parfumée , inouïe , dans un large baiser do chair ferme et vibrante , cependant que ma bonne oreille nie mm murait Tu vois bien qu ' il était pour ton Hchu nez – Ah ! J ' entendis ce petit cri faiblement poussé , un bruit soyeux do jupes , et je nie retrouvai seul dans l ' obscurité .Je tendis les mains en avant , comme un fou , comme uu halluciné , et rencontrai deux mains de femme .",
                  "id": "5",
                  "title": "Nouveaux contes incongrus / Armand Silvestre"
            },
            {
                  "doc_url": "https://gallica.bnf.fr/ark:/12148/bpt6k691479",
                  "emotions": [
                        "surprise",
                        "disgust",
                        "doubt"
                  ],
                  "excerpt": "Ton nom leur paraîtra sonore parce qu ' il est presque officiel ; elles t ' entoureront parce que tu dégages un parfum de choses défendues .Qu ' estce le diable , pour une dévote ! une odeur de soufre , pied fourchu , corne et queue , et poil roussi .Mêmement l ' écrivain pour la ' provinciale , c ' est un parangon du pèche < Comment est fait ce damné qui fricasse sa vie dans les poêlons de l ' enfer ! Car on se figure là - bas , que nous n ' écrivons qu ' ivres - morts et sur le dos nu d ' une drôlesse , appuyant en outre chacun de nos coudes à un sein palpitant .",
                  "id": "6",
                  "title": "La décadence latine : éthopée. Tome 5 / Joséphin Péladan"
            },
            {
                  "doc_url": "https://gallica.bnf.fr/ark:/12148/bpt6k691479",
                  "emotions": [
                        "trust",
                        "surprise"
                  ],
                  "excerpt": "Bref , dit Nergal , quand la Lyonnaise n ' est pas une sainte ce n ' est qu ' une bête ; je pressens la butorde sous la béguine ! N ' importe , je ne veux pas témérairiser mon jugement et si je dois au lieu de coquettes flirter avec des mystiques , je prierai avec elles et ne me plaindrai pas d ' avoir connu la ville des saintes femmes .On te croirait voyageur en parfumerie .Mon cher , l ' occidental a perdu nombre de notions et laissé nombre de fonctions s ' étioler oui , le monde aromal est fermé aux nerfs contemporains , il contient avec des enchantements sensationnels , des déterminantes d ' idées .",
                  "id": "7",
                  "title": "La décadence latine : éthopée. Tome 5 / Joséphin Péladan"
            },
            {
                  "doc_url": "https://gallica.bnf.fr/ark:/12148/bpt6k9762370g",
                  "emotions": [
                        "surprise",
                        "disapproval",
                        "doubt"
                  ],
                  "excerpt": "* » M .Bruhier dit ailleurs » il » y a tout lieu de croire que la cou - « tume de laver & ds parfumer les » morts chez les Juifs , étoit moins » établie en faveur des morts que des » > vivans .Comme on les gardoit plu » sieurs jours avant que de les enter - M rer \\ la mauvaise odeur auroit rendu w cette précaution impraticable , ou » fait déserter la maison mortuaire .",
                  "id": "8",
                  "title": "Lettres sur la certitude des signes de la mort , où l'on rassure les citoyens de la crainte d'être enterrés vivans, avec des observations & des expériences sur les noyés. Par M. Louis,..."
            },
            {
                  "doc_url": "https://gallica.bnf.fr/ark:/12148/bpt6k57857085",
                  "emotions": [
                        "surprise"
                  ],
                  "excerpt": "Sa situation de médecin à Bellegarde ( Gard ) lui a — 4S — fourni l ' occasion d ' observer un nombreux personnel d ' ouvriers et d ' ouvrières employés dans une usine où l ' on traife les chiffons par l ' acide sulfurique pour détruire toutes les matières végétales autres que la laine .Il fut surpris du peu d ' inconvénients qu ' éprouvaient les phthisiques , des émanations d ' acide sulfureux provenant du grillage de chiffons préalablement immergés dans un bain dilué d ' acide sulfurique et des - séchés au calorifère .Ces ouvriers qui passaient la plus grande partie du jour dans un milieu fortement imprégné d ' acide sulfureux n ' éprouvaient , au début , qu ' un peu d ' oppression et quelques quintes de toux qui disparaissaient au bout de peu de jours .",
                  "id": "9",
                  "title": "Traitement de la tuberculose pulmonaire par les inhalations et les injections hypodermiques d'acide sulfureux, par X. Cuq,..."
            },
            {
                  "doc_url": "https://gallica.bnf.fr/ark:/12148/bpt6k54471136",
                  "emotions": [
                        "surprise",
                        "doubt"
                  ],
                  "excerpt": "Un prêtre des conquérants que je consultai , me répondit : « Mon fils , il faut être pour Dieu , or , Dieu est aujourd ' hui pour le Nord idolàtre contre le Midi hérétique .» Pendant que je méditais sur ces paroles , me demandant pourquoi Dieu , qui est juste et bon , qui a créé pour tous les hommes la terre et ses merveilles , me courbait en servage devant des maîtres inconnus ; il se fit autour de moi un grand fracas d ' armes et dé - 12 - chevaux ; l ' odeur du sang répandu monta jusqu ' au ciel , et j ' appris que tout était fini .Les hommes barbus et chevelus se précipitèrent sur ma demeure , se firent des lots de mon mobilier , mesurèrent le sol pour se le partager et se décrétèrent des lois , sans plus songer à Jacques Bonhomme que si Jacques Bonhomme n ' eut pas existé , Inquiet de savoir quelle devait - être ma destinée entre les anciens maîtres et les nouveaux , j ' interrogeai le même saint homme qui m ' avait engagé à obéir à Dieu .",
                  "id": "10",
                  "title": "Lettre de Jacques Bonhomme à MM. les députés. D'où je viens. Ce que je suis. Ce que je veux"
            },
            {
                  "doc_url": "https://gallica.bnf.fr/ark:/12148/bpt6k9782030g",
                  "emotions": [
                        "admiration",
                        "surprise",
                        "pride",
                        "curiosity"
                  ],
                  "excerpt": "Il regardait bouillir son café , dans un élégant filtre de voyage .Il le lui fit admirer ; et tandis qu ' ils humaient l ' arome de leurs tasses , il prit son sourire d ' Arlequin , pour demander : — Quelle est la bête ? — La Bette ? répéta Marc , étonné .— Je dis : « la bête de la Bette » .",
                  "id": "11",
                  "title": "Oeuvres complètes. Tome 3 / Romain Rolland ; [ill. par J. Laboureur]"
            },
            {
                  "doc_url": "https://gallica.bnf.fr/ark:/12148/bpt6k9782030g",
                  "emotions": [
                        "surprise",
                        "joy",
                        "optimism",
                        "excitement",
                        "envy",
                        "embarrassment"
                  ],
                  "excerpt": "Et il pense que Sylvie tout à l ' heure était belle comme un diable .Quelle braise dans les yeux ! Et quelle odeur ! Il la lèche sur ses lèvres ..",
                  "id": "12",
                  "title": "Oeuvres complètes. Tome 3 / Romain Rolland ; [ill. par J. Laboureur]"
            },
            {
                  "doc_url": "https://gallica.bnf.fr/ark:/12148/bpt6k5482104s",
                  "emotions": [
                        "surprise",
                        "fear",
                        "envy",
                        "embarrassment"
                  ],
                  "excerpt": "Ravi d ' admiration de Voir Ces choses íí extraordinaires , je réfléchissois fur , tant de merveilfes , quand j ' apperçns plusieurs personnes de mon coté .Je m ' imaginai d ' abord qu ' ils vouloicnt peut * être me mal * traiter , 6c je me glissai fous untasdcJassemins pour me Cacher ; mais leur odeur m ' ayant endormi , ils me trouvèrent & me saisirent .Le plus grand de la troupe , qui me sembloit commander les autres , me demanda avec un air sier , qui m ' avoit tendu si téméraire que .",
                  "id": "13",
                  "title": "Bibliothèque des philosophes chimiques. Tome 2 / . Nouvelle édition, revûë, corrigée & augmentée de plusieurs philosophes, avec des figures & des notes pour faciliter l'intelligence de leur doctrine, par M. J. M. D. R."
            },
            {
                  "doc_url": "https://gallica.bnf.fr/ark:/12148/bpt6k5399587n",
                  "emotions": [
                        "surprise"
                  ],
                  "excerpt": "Kouptou résolut de le guérir en dépit de sa résistance : le mérite du médecin n ’ en serait que plus grand Ce jour - là , donc , le capitaine était endormi sur sa couche , et son corps , agité de secousses , frétillait tel celui d ’ un poisson à l ’ extrémité d ’ un hameçon , quand une odeur particulière et le froid d ’ un flacon lui heurtant le nez le réveillèrent brusquement .O surprise ! Le docteur Kouptou était debout auprès du malade souriant et grimaçant et cherchait à lui faire respirer du chloroforme .Sur une table , une trousse complète était exposée .",
                  "id": "14",
                  "title": "Aventures étonnantes de Mr et Mme Fanor / Emmanuel d'Estrées-Guyencourt ; [ill. de Benjamin Rabier]"
            },
            {
                  "doc_url": "https://gallica.bnf.fr/ark:/12148/bpt6k850758r",
                  "emotions": [
                        "surprise",
                        "sadness",
                        "doubt",
                        "pain"
                  ],
                  "excerpt": "En la blonde torpeur où je m ’ ensevelis , je ne ressens plus rien des souffrances passées , et je suis sans regret , sans désirs , sans pensées , calme comme une chose et le cœur , pur oubli .Mais qu ’ un voilier , berçant l ’ image qu ’ il reflète , fasse écumer les eaux qui se gonflent sous lui ; mais qu ’ un nuage errant dont la chair blanche luit , traîne sur les flots bleus une ombre violette , 42 mais qu ’ un lent rayon noir tourne au loin sur la mer , qu ’ une algue rousse affleure et replonge , incertaine , qu ’ une mouette rie ou qu ’ une brusque haleine trouble d ’ âcres senteurs la mollesse de l ’ air , je souffre au plus profond de mon âme meurtrie .Mon cœur , paisible enfin , allait enfin dormir , mais les frémissements du jour m ’ ont fait frémir et toutes mes douleurs se réveillent et crient .",
                  "id": "15",
                  "title": "Fragments d'un grand dessein / Georges Sabiron"
            },
            {
                  "doc_url": "https://gallica.bnf.fr/ark:/12148/bpt6k850758r",
                  "emotions": [
                        "surprise",
                        "joy",
                        "relief",
                        "gratitude",
                        "doubt"
                  ],
                  "excerpt": "Mon cœur ne veut plus rien de tout ce qu ’ il rêva ; ma chair ignore tout de ce qui l ’ a ravie .J ’ ai mieux que le sommeil que trouble encor la vie je respire un parfum qui flotte et qui s ’ en va ; j ’ entends le bruit confus , clair et grave , des eaux ; une abeille en chantant s ’ éloigne ; des feuillages légers ont remué peut - être ; mon visage a senti passer l ’ ombre errante d ’ un oiseau .J ’ ai mieux que le sommeil qui souvent m ’ a menti .",
                  "id": "16",
                  "title": "Fragments d'un grand dessein / Georges Sabiron"
            },
            {
                  "doc_url": "https://gallica.bnf.fr/ark:/12148/bpt6k850758r",
                  "emotions": [
                        "surprise"
                  ],
                  "excerpt": "S9BSBB09S9MBH 76 Je m ’ arrête , saisi d ’ une extase profonde , et debout , absorbé dans l ’ univers vivant , l ’ âme éparse et pâmée , oublieuse des heures , j ’ écoute , comme un chant des voix intérieures , la musique imprécise et multiple du vent .D ’ abord , je le devine en des lointains de songe , tremblement inégal de murmures menteurs , d ’ où sortent , par moments , des cris qui se prolongent par l ’ épaisseur des bois sursaturés d ’ odeurs .Le vent monte , grandit , accourt dans une charge , approche , mais soudain il se détourne au large , s ’ enfonce et s ’ éparpille aux vaines profondeurs .",
                  "id": "17",
                  "title": "Fragments d'un grand dessein / Georges Sabiron"
            },
            {
                  "doc_url": "https://gallica.bnf.fr/ark:/12148/bpt6k96027113",
                  "emotions": [
                        "surprise",
                        "pride",
                        "doubt",
                        "indifference"
                  ],
                  "excerpt": "« Eh ! mon hôte , lui dit - il , quelle pensée est - ce qui vous est venue dans l ' esprit ? Avez - vous donc envie de périr .à la ville sans aucun secours , puisque vous vous proposez d ' approcher de ces fiers poursuivants , dont la violence et l ' insolence montent jusqu ' aux cieux ? Vraiment les esclaves qui les servent ne sont pas faits comme vous ; ce sont de beaux jeunes hommes , qui ont des tuniques magnifiques et des manteaux superbes , et qu ' on voit toujours brillants d ' essences et parfumés des meilleurs parfums .Voilà les gens qui les servent , et leurs tables sont toujours chargées des mets les plus délicats , et on y sert les vins les plus exquis .",
                  "id": "18",
                  "title": "L'Iliade suivie des petits poèmes attribués à Homère, traduits par Dugas-Montbel ; L'Odyssée ; suivie des Petits poèmes attribués à Homère. [2] / Homère ; traduction de Mme Daciertraduits par Dugas-Montbel"
            },
            {
                  "doc_url": "https://gallica.bnf.fr/ark:/12148/bpt6k5439055j",
                  "emotions": [
                        "surprise",
                        "doubt",
                        "disappointment"
                  ],
                  "excerpt": "XXX A UNE PETITE FLEUR Aux premiers rayons du matin , J ' admirais , charmante Fleurette , Ta corolle s ' ouvrant coquette , Fière de son brillant satin .Quoi donc a pu , chère Pauvrette ! Sitôt altérer ton carmin , Et ton parfum de violette ? Tu n ' auras pas même un demain ! ..",
                  "id": "19",
                  "title": "A travers quarante ans, recueillements poétiques, par l'abbé J.-M. Figalla,..."
            },
            {
                  "doc_url": "https://gallica.bnf.fr/ark:/12148/bpt6k61363391",
                  "emotions": [
                        "surprise"
                  ],
                  "excerpt": "Les premiers disparus , d ' autres arrivaient , puis d ' autres , et c ' était une agitation dans la cathédrale , un bruit de foule en train de se placer ; les proscrits reprenaient possession de leurs piédestaux et de leurs niches ; seuls , quelques - uns , dont on avait muré la chapelle , erraient tristement le long des nefs .Après , ce fut un moment de grand silence , le recueillement inexprimable d ' un peuple qui attend ; ensuite un chuchotement , un murmure courut de proche en proche : Dieu va venir ! Dieu vient ! Une odeur d ' encens s ' épandit , les portes béèrent toutes grandes , les drapeaux et les oriflammes frissonnèrent aux voûtes , l ' orgue tressaiUit , et soudain , prise de vertige , poussée par un doigt invisible , la statue oscilla dans le vide et s ' abattit à grand fracas sur les daUes du choeur .ÈveUlé en sursaut , Quiscabel fut très étonné de la retrouver en place , énorme dans la pâleur grise du petit jour .",
                  "id": "20",
                  "title": "Le Cheval bleu. Dans les feuilles. Le Marchand de lis. Ménine, etc., contes... / Émile Pouvillon"
            }
      ]
}