{
      "articles": [
            {
                  "doc_url": "https://gallica.bnf.fr/ark:/12148/bpt6k5576880s",
                  "emotions": [
                        "surprise",
                        "doubt",
                        "curiosity"
                  ],
                  "excerpt": "L ' amant volage tressaillit pour la première fois , puis grisé , demeura là sans mouvements , conquis et esclave .« Et les fleurs interdites se haussaient avec curiosité et disaient : « Quoi ! cette grappe ru « gueuse à peine jolie et qui nous donne la « fièvre a conquis notre voyageur ? » « Et le djenoum se mit à rire doucement comme font les oiseaux qui babillent et il dit : < « Vos petits coeurs distillent tous le miel fade , « le parfum de l ' eucalypte est plus voluptueux « et puis voyez , votre ami demeure parce que les « fleurettes ont refermé sur lui leurs fines che - CONCLUSION 115 « velures .Folles , vous le laissiez partir alors « que l ' eucalypte le tient et le garde pour « elle .",
                  "id": "1",
                  "title": "La ténacité en amour / adapté de l'arabe par M. L. Neumeyer"
            },
            {
                  "doc_url": "https://gallica.bnf.fr/ark:/12148/bpt6k5448293w",
                  "emotions": [
                        "surprise"
                  ],
                  "excerpt": "anait ' une odeur • açid .e particulière que 25 nous ne saurions comparer à aucune autre ' ; niais qui nous a paru très - différente de l ' odeur ordinaire de Ja gangrène .Cependant s ce pronostic fuueste n ' était pas sans exception - , et nous avons traité avec succès une variole très - coniluente $ qui présentait tous ces caractères , chez une jeune fille scrofuleuse .",
                  "id": "2",
                  "title": "Essai sur les anomalies de la variole et de la varicelle ; avec l'histoire analytique de l'épidémie éruptive qui a régné à Montpellier en 1816 ; par M. F. Bérard,... et par M. De Lavit,..."
            },
            {
                  "doc_url": "https://gallica.bnf.fr/ark:/12148/bpt6k5785810k",
                  "emotions": [
                        "surprise",
                        "doubt"
                  ],
                  "excerpt": "Nul bruit né montait de la plaine ; mais un murmure vague , confus , lointain et proche à la fois , plein d ' une harmonie toujours effacée et de plus en plus grandissante , m ' enveloppait , s ' emparait de mou moi .moral , qui semblait se confondre avec toutes ces exhalaisons bruissantes , insaisissables .Sur le jardin des ombres se découpaient qui me 50 i LES LETTRES DE LA VAUNACE parurent d ' abord indécises , mais qui , bieulôt , prirent à mes yeux de voluptueuses formes .",
                  "id": "3",
                  "title": "Les lettres de la Vaunage (souvenirs du Languedoc) / Joséphine Bégassat ; avec préface de René d'Asti"
            },
            {
                  "doc_url": "https://gallica.bnf.fr/ark:/12148/bpt6k6272144r",
                  "emotions": [
                        "surprise"
                  ],
                  "excerpt": "m entrée : cette robe trop élégante , ce cou trop nu , cet - air de beauté trop libre , tout ce qui rappelait en elle la femme et pas assez la mère de famille .Alors , par contraste peut - être , la molle et imprécise volupté que lui soufflaient au visage , comme une caresse , l ' air de la nuit et le parfum miellé des roses , suscita , en une vision pure de vierge - fleur , les yeux , le sourire et In robe vivante d ' Yveline de Kerjuzan .Quoique tant de jeunesse et de beauté le troublât , elle demeura strictement chaste , en sa pensée .",
                  "id": "4",
                  "title": "La Vie littéraire : petit magazine illustré bi-hebdomadaire"
            },
            {
                  "doc_url": "https://gallica.bnf.fr/ark:/12148/bpt6k5440776m",
                  "emotions": [
                        "surprise",
                        "relief",
                        "calmness"
                  ],
                  "excerpt": "Ce premier jour , on avait ouvert les panneaux , les armoires humides ; à la brise tiède , on avait tendu les choses mouillées ; il semblait que le bateau luimême fut tout à la sensation d ' être là , de se reposer et de se sécher à ce soleil .Oh ! la première soirée qui survint , si limpide et si tranquille , imprégnée de telles senteurs étrangères ! — Jean était de garde , obligé de ne pas s ' éloigner du m i ■ ; i M Ï ! IV : ' i « un f : i ' .' 1 ÎH W ! ! MATELOT 51 navire ; mais , le travail fini , il sauta à terre et il s ' assit , presque couché , sur ce quai en ruine qui allait lui être familier bientôt .",
                  "id": "5",
                  "title": "Matelot / Pierre Loti,... ; Illustrations de Myrbach"
            },
            {
                  "doc_url": "https://gallica.bnf.fr/ark:/12148/bpt6k6454808v",
                  "emotions": [
                        "surprise"
                  ],
                  "excerpt": "u ' égativè ; car , dans le cas d ' inflammation de la gorge , de l ' estomac » , jdu poumon , l ' ai r expiré ne s ' est trouvé en contact avec aucune matière en putréfaction , comme lorsqu ' il traverse une bouche garnie de dents cariées : L ' expérience prouve néanmoins que le chlorure n ' est pas moins efficace dans ce cas que dans celui pour lequel j ' avais déjà constaté d ' une manière irrévocable ses propriétés .Appelé à nettoyer la bouche d ' une jeune dame affectée d ' une inflammation chronique de la ipoitrine , je fus frappé de l ' odeur désagréable de son haleine , dont il m ' était impossible d ' attribuer la fétidité à aucune carie des dents , puisqu ' elle avait ces organes dans un état de parfaite intégrité .Je lui fis alors prendre quelques unes des pastilles que j ' avais employées avec tànfdè succæJ dans les cas de carie y et .",
                  "id": "6",
                  "title": "Conseils aux fumeurs sur la conservation de leurs dents , suivis de l'exposé de plusieurs expériences propres à constater l'efficacité de chlorure de chaux...Deuxième édition... par Ore Taveau,..."
            },
            {
                  "doc_url": "https://gallica.bnf.fr/ark:/12148/bpt6k9393457",
                  "emotions": [
                        "surprise",
                        "grief",
                        "nostalgia"
                  ],
                  "excerpt": "Mais dans le passage étroit d ’ où il allait se dégager , une odeur humide , une odeur de cave stagnait .Et soudain , cela lui rappela l ’ odeur des caveaux , ce souffle froid qui monte des tombes ouvertes ; et d ’ être là , le dos à la voûte , dans la nuit et le silence un instant retombé , parmi cette odeur de mort , il lui semblait qu ’ elle le réclamait , qu ’ elle l ’ enlaçait déjà ; il ne respira qu ’ au grand jour , au grand soleil du dehors .Sur la terrasse du cloître , ombragée de vieux arbres et que bordait l ’ à - pic de la colline , un lunch avait été dressé par les soins des domestiques ; et Jean se remettait de sa frayeur au spectacle des groupes clairs tournoyant , s ’ agitant autour de la nappe , sur ce fond de verdure et de pierre .",
                  "id": "7",
                  "title": "Misères secrètes / Michel Corday"
            },
            {
                  "doc_url": "https://gallica.bnf.fr/ark:/12148/bpt6k5575092x",
                  "emotions": [
                        "surprise",
                        "doubt"
                  ],
                  "excerpt": "Vérité que laisse bien entrevoir déjà l ' examen direct dé ce liquide .Quelle dissociation des éléments qui le composent ! quelle tendance prononcée à une putridité hâtive f Voyez plutôt ce caillot noir , mou , diffluent , sans plus de vestige de résistance ; cela ne ressemble - t - il pas , — qu ' on nous passe l ' expression , — à du sang mort ? Il n ' est pas bien nécessaire , d ' en croire Huxham et tant d ' autres médecins qui ont cru lui reconnaître une odeur fétide au moment où il sort de la veine ..",
                  "id": "8",
                  "title": "Études sur la dyssenterie aux points de vue de l'étiologie, de la nature et du traitement ; suivies de considérations générales sur toute une classe de maladies, les septicèmies ou maladies par empoisonnement du sang, par le Dr Danis"
            },
            {
                  "doc_url": "https://gallica.bnf.fr/ark:/12148/bpt6k65711801",
                  "emotions": [
                        "surprise",
                        "doubt"
                  ],
                  "excerpt": "La profession des vuidangeurs n ' est deve - nue libre que depuis le nouvel édit : auparavant elle ne l ' étoit pas .Qui l ' eût cru ? Il n ' y a pas de loi , sans doute , qui pût condamner les hommes & même les criminels à descendre journellement dans l ' intérieur des foflfes , à y respirer un air impur , à livrer tous leurs sens aux vapeurs fétides & empeisonnées qui les minent , les rongent , les dessechent , & qui donnent à leur visage la pâleur livide & anticipée des tombeaux .Eh bien , ce que la tyrannie & la contrainte n ' auroient pu faire exécuter , un peu d ' ar - gent le fait sans violence ni contrainte .",
                  "id": "9",
                  "title": "Tableau de Paris. Tome 1 / . Nouvelle édition corrigée & augmentée"
            },
            {
                  "doc_url": "https://gallica.bnf.fr/ark:/12148/bpt6k57305007",
                  "emotions": [
                        "surprise",
                        "disgust"
                  ],
                  "excerpt": "otre , ! ? i ! : ; vous éparfurne le masque avec unéTespiratibnYquine rappelle en rien célle : des roses .Affreuse , senteur ! Nous devons déclarer que ce cas est tout à fait exceptionnel , et l ' auteur de l ' esquisse , à qui ; cet accident est arrivé un jour , d ' avoir un odorant raseur , se demandait pourquoi ce barbier n ' avalait pas de la pommade à la violette pour se parfumer l ' haleine .On est exagéré quand on souffre ! .",
                  "id": "10",
                  "title": "Le Journal pour tous"
            },
            {
                  "doc_url": "https://gallica.bnf.fr/ark:/12148/bpt6k9799987t",
                  "emotions": [
                        "surprise"
                  ],
                  "excerpt": "Le second , dit - il , « se trouva de prime abord , beaucoup plus embarrassé » .Ma main , dont l ' état de moiteur avait rendu les émanations beaucoup plus actives , avait laissé sur le sable une odeur qui semblait l ' étonner , et qu ' il cherchait à reconnaître : « car , lorsqu ' il arriva à l ' endroit que ma main avait couvert , il ralentissait sa marche , et ses antennes palpaient rapidement le sable .Le pauvre Insecte s ' épuisait en marches et contremarches ; il passait par - dessus son nid sans s ' en douter ; il creusait çà et là avec ses pattes de petites fosses , dans lesquelles il plongeait ses antennes pour explorer les couches inférieures ; il s ' arrêtait pour brosser ses antennes , comme on se frotte les yeux quand on se sent ébloui : rien n ' y faisait .",
                  "id": "11",
                  "title": "Les sens et l'instinct chez les animaux, et principalement chez les insectes / par Sir John Lubbock,..."
            },
            {
                  "doc_url": "https://gallica.bnf.fr/ark:/12148/bpt6k374351",
                  "emotions": [
                        "surprise",
                        "doubt"
                  ],
                  "excerpt": "combien ces insectes toxiques n ' ont - ils pas fait de victimes parmi nous 25 Et cependant c ' est cette même herbe qui surcharge de graisse la viande de nos bestiaux .Et comment enfin , de sa nourriture sordide , le Staphylin embaumé extrait - il le suave parfum qui s ' exhale de ses anneaux , et enduit les doigts de tous ceux qui le touchent ? II LES MÉTAMORPHOSES .Né sous une forme , l ' Insecte meurt sous une autre , et les métamorphoses qu ' il subit deviennent l ' acte le plus important de son existence et le plus extraordinaire phénomène de la physiologie .",
                  "id": "12",
                  "title": "L'univers : les infiniment grands et les infiniment petits / par F.-A. Pouchet,... ; 2e éd. ill. de 343 vignettes sur bois et de 4 pl. en coul. par A. Faguet, Mesnel... [et al.]"
            },
            {
                  "doc_url": "https://gallica.bnf.fr/ark:/12148/bpt6k28941c",
                  "emotions": [
                        "surprise",
                        "disgust",
                        "pain"
                  ],
                  "excerpt": "21 , densité 0 , 8 environ .Son odeur est particulière , étouffante et épicée ses vapeurs , respirées , provoquent une sorte de crampe d ' estomac .L ' acétaldéhyde est facilement soluble dans l ' eau , l ' alcool , l ' éther ; elle brûle avec une flamme éclairante et dissout le soufre , le phosphore , l ' iode .",
                  "id": "13",
                  "title": "Traité élémentaire de chimie organique / par H. Bernthsen ; 1re édition française, traduite de l'allemand sur la 6e édition, par M. Choffel, E. Suais..."
            },
            {
                  "doc_url": "https://gallica.bnf.fr/ark:/12148/bpt6k5834753j",
                  "emotions": [
                        "surprise",
                        "fear",
                        "nervousness",
                        "pain"
                  ],
                  "excerpt": "— Vertiges , sueurs proiuses , surlace du corps froide , face , lèvres et doigts d ' une coloration bleue intense .Respiration haletante , odeur de l ' aniline dans l ' haleine .Traitement .",
                  "id": "14",
                  "title": "Formulaire pratique de thérapeutique et de pharmacologie (5e édition, revue, corrigée et augmentée) / par Dujardin-Beaumetz,... et P. Yvon,..."
            },
            {
                  "doc_url": "https://gallica.bnf.fr/ark:/12148/bpt6k28941c",
                  "emotions": [
                        "surprise"
                  ],
                  "excerpt": "E .2o4 ° , d ' une odeur stupéfiante rappelant cette de la coniine .B .",
                  "id": "15",
                  "title": "Traité élémentaire de chimie organique / par H. Bernthsen ; 1re édition française, traduite de l'allemand sur la 6e édition, par M. Choffel, E. Suais..."
            },
            {
                  "doc_url": "https://gallica.bnf.fr/ark:/12148/bpt6k691192",
                  "emotions": [
                        "surprise"
                  ],
                  "excerpt": "Engoncés en des redingotes vertolive ou tabac d ' Espagne , posant leur menton glabre sur de volumineuses cravates fripées , abritant leurs paupières rougies sous d ' invraisemblables casquettes à visière verte , ils lisaient vaguement des gazettes que je croyais mortes de leur belle mort depuis un long temps le Journal des Villes et .des Compagnes , r ~ MOM , l ' Écho des jf ~ oM ~ c Une fade odeur tumulaire ' régnait dans ces pièces en enfilade , hermétiquement closes , et je songeais que si on eût , par mégarde , ouvert l ' une des fenêtres , un courant d ' air vif , venu du dehors , aurait inévitablement dispersé tous ces fantômes , comme un tas de feuiUes sèches .< [ Derrière unpoêle de faïence , un garçon de bureau , vêtu d ' une lévite de castorine et qui paraissait au moins octogénaire , mangeait , avec des gestes tremblotants , des reliefs de volaille posés sur un vieux journal .",
                  "id": "16",
                  "title": "Le mari de Jacqueline / André Theuriet"
            },
            {
                  "doc_url": "https://gallica.bnf.fr/ark:/12148/bpt6k96115470",
                  "emotions": [
                        "surprise",
                        "disgust"
                  ],
                  "excerpt": "Il parait par là qu ' elle est composée « d ' argile , de quelques principes mucilagineux , dont la et combinaison est une suite de la fermentation occasionnée « par la pluie et la chaleur qui survient , - et que sa qualité « saline provient de sa position primitive , qui était d ' être « sous les eaux de la mer .Brisée dans les mains , elle ré - « pand une odeur très - forte ; de sorte qu ' il est probable « qu ' un procédé chimique y découvrirait un alcali volatil .« Sa fertilité est si considérable , que les fermiers s ' occu - « pent peu des engrais , et qu ' ils ne hasardent pas commu - « nément d ' en mettre pour aucune sorte de grains , qui « produiraient , par ce moyen , beaucoup de paille , sans « que la récolte en grains fût meilleure ; cependant , puis - « qu ' on la laisse pourrir en chaume pour semer des fèves , « c ' est une preuve que l ' on fait quelque cas des engrais .",
                  "id": "17",
                  "title": "Des Engrais inorganiques en général, et du sel marin (chlorure de sodium) en particulier, par M. Becquerel,..."
            },
            {
                  "doc_url": "https://gallica.bnf.fr/ark:/12148/bpt6k102930j",
                  "emotions": [
                        "surprise"
                  ],
                  "excerpt": "mouse , Grimpant aUègrement et nous donnant la main , Parfois dans les taillis nous frayant un chemin , Des oiseaux dans le bois écoutant le ramage , Nous aidant pour marcher à travers le feuillage De gros bâtons noueux coupés dans les buissons , Et jetant aux échos nos joyeuses chansons .Quand soudain , tout au fond de ce vallon sauvage , Sur un plan inégal apparut le village ; Un groupe de tilleuls , en quinconces planté , D ' un feuillage odorant recouvert en été , ( 3 ) Par Eugène Bougebief .Nous désigna d ' abord l ' abbatiale église , Dont Rousset ( 1 ) nous a fait une docte analyse .",
                  "id": "18",
                  "title": "Les jurassiennes : poésies nouvelles / Adolphe Chevassus"
            },
            {
                  "doc_url": "https://gallica.bnf.fr/ark:/12148/bpt6k9605731s",
                  "emotions": [
                        "surprise",
                        "doubt"
                  ],
                  "excerpt": "1801 .tagion , ou des effluves marécageux : mais qui osera , tenter un essai aussi hasardeux ? ..",
                  "id": "19",
                  "title": "Traité du délire, appliqué à la médecine, à la morale et à la législation ; par F.-E. Fodéré,... Tome premier. Tome Second"
            },
            {
                  "doc_url": "https://gallica.bnf.fr/ark:/12148/bpt6k5565639b",
                  "emotions": [
                        "admiration",
                        "surprise",
                        "joy",
                        "gratitude"
                  ],
                  "excerpt": "FLEURS DE MAI CHANTS ' A LA VIERGE MARIE LE PREMIER AGE .I La terre a revêtu sa plus belle parure ; Le ciel avec amour sourit à la natui ' e , De suaves parfums se répandent dans l ' air ; L ' oiseau , d ' étonnement , tait ses chansons joyeuses , Pour écouter l ' accord de voix mystérieuses Formant un sublime concert .Comme au front de la nuit se glisse un météore , Dans les coeurs déchirés un espoir vient d ' éclore ; L ' avare , malgré lui , connaît la charité ; \" Croisant son regard d ' homme avec celui du Maître , L ' esclave avec bonheur pour lui - même a vu naître L ' ère de la fraternité .",
                  "id": "20",
                  "title": "Fleurs de mai : chants à la Vierge Marie / par F. Boissière"
            }
      ]
}