{
      "articles": [
            {
                  "doc_url": "https://gallica.bnf.fr/ark:/12148/bpt6k5505508s",
                  "emotions": [
                        "surprise"
                  ],
                  "excerpt": "Car de même qu ' un souverain ne peut se montrer en public qu ' on ne salue son passage par des cris d ' enthousiasme et qtr ' ôn ne lui joue un hymne national ainsi le nez de Choupille n ' avait qu ' à paraître pour faire éclater les quolibets .et pour qu ' on entendit retentirT Ah ! ç cadet - là , quel pif qu ' il a ! ou bien : Un éléphant , sa trompe , sa trompe , ou quelque Marseillaise de ce genre à J ' usage des gens en possession d ' un pareil édifice olfactif .Une seule fois dans sa vie , Choupille avait failli bénir son nez et devoir ■ la fortune à l ' oppresseur dont lui venaient toutes ses misères .",
                  "id": "1",
                  "title": "L'Illustré algérien : supplément gratuit aux abonnées de l'Echo d'Oran"
            },
            {
                  "doc_url": "https://gallica.bnf.fr/ark:/12148/bpt6k6221704m",
                  "emotions": [
                        "surprise"
                  ],
                  "excerpt": "Les paysans qui l ' avaient conduit à cet endroit lui racontèrent qu ' ils avaient , quelquefois , songé à y bâtir une maison , et à placer la cuisine sur le foyer de ces feux pour épargner le bois ; mais que le médecin de Sestola les avait détournés de ce projet , en prétendant que ces flammes venaient de l ' enfer .Près du village de Saint - Barthélemy , à 4 lieues au sud de Grenoble , se trouve un endroit autrefois très renommé , d ' où sortaient des exhalaisons qui s ' enflammaient lorsqu ' on approchait une allumette , la flamme d ' une bougie ou un corps enflammé , quel qu ' il fût .On a donné à ce lieu le nom de Fontaine Ardente .",
                  "id": "2",
                  "title": "Les volcans / Arnold Boscowitz ; 100 dessins sur bois, composition de MM. A. Brun, Chapuis, Cicéri... [et al.] ; gravure de F. Méaulle"
            },
            {
                  "doc_url": "https://gallica.bnf.fr/ark:/12148/bpt6k9116606r",
                  "emotions": [
                        "surprise",
                        "envy",
                        "embarrassment"
                  ],
                  "excerpt": "Et donnerois voluntiers cent nobles et quatorze roturiers , en condition que cellui qui jadis souffloit au fond de mes chausses , présentement de son crachat lui enluminast les moustaches .Vrai Dieu , comment il m ’ ha parfumé de fascnerie et diablerie , de charme et sorcellerie ! Le diable le puisse emporter .Dictes amen , et allons boire .",
                  "id": "3",
                  "title": "Oeuvres de François Rabelais / par Pierre Dupont ; [ill. par Gustave Doré]"
            },
            {
                  "doc_url": "https://gallica.bnf.fr/ark:/12148/bpt6k9116606r",
                  "emotions": [
                        "surprise"
                  ],
                  "excerpt": "Et n ’ eust esté qu ’ ils estoient très - bien antidotés le cœur , l ' estomach , et le pot au vin ( lequel on nomme la caboche ) , ils fussent suffoqués et esteincts de ces vapeurs abominables .O quel parfum 1 O quel vaporement pour embrener tourets de nez à jeunes galoises 1 Après , en tastonnant et fleuretants , approcharent de la matière fécale et des humeurs corrompues .Finablement trouvarent une mont - joie d ’ ordure , lors les pionniers frap - parent sus pour la desrocher , et les aultres avecques leurs paesles en emplirent les corbeilles , et quand tout fut bien nettoyé , chascun se retira en sa pomme .",
                  "id": "4",
                  "title": "Oeuvres de François Rabelais / par Pierre Dupont ; [ill. par Gustave Doré]"
            },
            {
                  "doc_url": "https://gallica.bnf.fr/ark:/12148/bpt6k939685j",
                  "emotions": [
                        "surprise",
                        "disgust",
                        "anger",
                        "doubt"
                  ],
                  "excerpt": "Un frais œillet , tout écarlate , Embaumait l ’ air , au mois de mai .Un chou frisé bien gros , bien laid , Prenait des airs d ’ aristocrate En regardant son compagnon : « A quoi , lui dit - il , es - tu bon , Pauvre brin d ’ herbe empanaché ? — Moi , fit l ’ œillet , mon doux arôme A toute heure parfume , embaume Toutes choses qui m ’ ont touché .» PAPIER PERDU .",
                  "id": "5",
                  "title": "Papier perdu : Contes intertropicaux, Martha, Jeddah, Songeries, Esquisses marines, Poésies diverses, Fables, Chansons, Scanderberg / Alfred de Valois"
            },
            {
                  "doc_url": "",
                  "emotions": [
                        "surprise",
                        "courage"
                  ],
                  "excerpt": "Un jour , étant abandonné de son frère et de son neveu , et faisant seul l ' expérience dont il avait besoin pour sa leçon , il dit à ses auditeurs : « Vous voyez bien , Messieurs , ce chaudron sur ce bra & shy ; sier ? Eh bien , si je cessais de remuer un seul instant , il s ' ensuivrait une explosion qui nous ferait tous sauter en l ' air ! » En disant ces paroles il ne manqua pas d ' oublier de remuer , et sa prédiction fut accomplie : l ' explosion se fit avec un fracas épouvantable ' , cassa toutes les vitres du laboratoire , et , en un instant , deux cents auditeurs se trouvèrent éparpillés dans le jardin : heureusement per & shy ; sonne rie fut blessé , parce que le plus grand effort de l ' ex & shy ; plosion avait porté par l ' ouverture de la cheminée ; monsieur le démonstrateur en fut quitte pour cette che - minée et une perruque .C ' est un vrai miracle que Rouelle , faisant ses essais presque toujours seul , parce [ page img : 52 ] qu ' il voulait , dérober ses arcanes , même à son frère qui est très - habile , ne se soit pas fait sauter en l ' air par ses , inadvertances continuelles ; mais à force de recevoir sans précaution les exhalaisons les plus , pernicieuses , il se rendit perclus de tous ses membres , et passa les dernières années de sa vie dans des souffrances terribles .Rouelle était honnête homme ; mais avec un caractère si brut il ne pouvait connaître ni observer les égards établis dans la société ; et comme il était aisé de le prévenir contre quelqu ' un , et impossible de le faire revenir d ' une pré & shy ; vention , il déchirait souvent dans ses cours , à tort et à travers : ainsi il ne faut pas s ' étonner qu ' il se soit fait beaucoup d ' ennemis .",
                  "id": "6",
                  "title": "Correspondance littéraire, philosophique et critique de Grimm et de Diderot depuis 1753 jusqu'en 1790. Tome 07"
            },
            {
                  "doc_url": "",
                  "emotions": [
                        "surprise",
                        "faith"
                  ],
                  "excerpt": "Et dict sainct Denis que quard la Vierge veid tous les Apostres assembles elle commenca à rendre grace a Dieu , & s ' assit au milieu deux , ou il y auoit lampes & lumieres ardantes pour la vueiller .Adonc le sainct Esprit entra en cette maison dequoy elle fut remplie dvne si tres sainte odeur que plusieurs de ceux qui y estoient furent surpris de sommeil & sendormirent .Comme notre Seigneur Iesus - Christ s ' apparut à la Vierge Marie en parlant à elle , puis elle rendit l ' Esprit .",
                  "id": "7",
                  "title": "La vie mort et passion et resurection de nostre sauveur Jésus-Christ"
            },
            {
                  "doc_url": "",
                  "emotions": [
                        "surprise",
                        "doubt",
                        "frustration",
                        "embarrassment",
                        "disappointment",
                        "guilt"
                  ],
                  "excerpt": "Richard enlevé hors de ce lieu le malheureux Chevalier , qui à peine a le tems de lui apprendre que son Eléonore n ' étoit qu ' un méchant Génie qui s ' étoit transformé en femme , pour faire tomber le sage Richard dans les pieges du crime , en le rendant passionné pour ses charmes .Richard ne pouvoit croire ce qu ' il enrendoit ; hélas , dit le Chevalier , je suis sa victime , la honte de n ' avoir pu , ni vous effrayer , ni corrompre votre vertu , la rendu furieux , il s ' est élancé sur moi , m ' a saisi dans ses bras , & en me disant ce que je viens de vous répeter , il m ' a empoisonné de son haleine infecte .Richard pour le faire revenir lui jetta l ' eau qu ' il tenoit , mais il vit aussitôt expirer son malheureux compagnon ; il ne se ressouvint d ' Eléonore que pour abhorrer sa perfide beauté : il ne regretta que le Chevalier ; il lui fit faire les plus belles funérailles .",
                  "id": "8",
                  "title": "Histoire de Robert le Diable, Duc de Normandie ; et de Richard Sans Peur, son fils"
            },
            {
                  "doc_url": "",
                  "emotions": [
                        "surprise",
                        "curiosity"
                  ],
                  "excerpt": "descendit à eux sur le sépulchre de sa mere dans uné nuée très - claire pour reconsorter les Apôtres , avec eux étoient cent mille Anges avec les Archanges , lesquels chantoients Sanctus , & puis Alleluia & Deo Patri , sit gloria .Et en cette nuée étoit une grande odeur que merveille , de laquelle odeur ils furent tous remplis .Quand ils virent le Créateur descendre en si noble compagnie , il s ' agenoüillerent devant lui & de la joie qu ' ils eurent se prirent à pleurer , alors J .",
                  "id": "9",
                  "title": "La vie des trois Maries"
            },
            {
                  "doc_url": "",
                  "emotions": [
                        "surprise",
                        "nostalgia",
                        "doubt",
                        "pain"
                  ],
                  "excerpt": "Que d ' ici le dévot Lecteur de cette Histoire considére la diligence qu ' il doit apporter à accomplir les pénitences qui lui sont imposées par son Pere Confesseur , & l ' estime qu ' il doit faire des Iudulgences , des Jubilés , afin qu ' il ait moins à satisfaire en l ' autre pour la rigoureuse exaction avec laquelle on paye en ce lieu chaque petit deffaut ; car quoiqu ' en ce monde nous recevions par l ' Absolution du Prêtre la rémission de nos fautes au Saint Sacrement de Pénitence , c ' est seulement quant à la coulpe , & non pas quant à la relaxation des peines dont nous étions reliquataire à la Divine Justice , & qu ' il nous faut payer en ce monde ou en l ' autre , pour ed être quitte entiérement .Les démons voyant que je m ' étonnois des angoisses & des peines que souffroient ces pauvres Ames languissantes , tant pour les brasiers ardens , que pour la puanteur des fumées ensoufrées qui en sortoient en abondance , me mirent au choix de deux choses l ' une , de m ' exposer à la rigueur de toutes ces peines , où de retourner d ' où j ' étois venu .Mais comme il me sembloit que j ' approchois de la fin de ma journée & me soûvenant que jusqu ' alors Dieu ne m ' avoit pas dénié son assistance favorable , je me persuadai qu ' il ne me delaisseroit non plus en ce danger , qu ' il avoit fait aux autres .",
                  "id": "10",
                  "title": "Histoire de la vie et du purgatoire de S. Patrice"
            },
            {
                  "doc_url": "",
                  "emotions": [
                        "surprise",
                        "courage",
                        "disappointment"
                  ],
                  "excerpt": "TAndis que les fils de la terre , Ne songent qu ' à faire la guerre , Le Dieu qui preside aux saisons Amasse des exhalaisons .Ces exhalaisons amassées , Et deuers l ' Olympe chassées Desroberent le Ciel aux yeux , Et l ' aspect de la terre aux Cieux ; Mais ce fut bien moins de dommage Des Geants , que leur auantage : Car ayans toute cette nuict Trauaillé sans faire du bruict A leur temeraire entreprise , Peu s ' en falut que par surprise Le grand Encelade sans peur Fauorisé de la vapeur Ne fit aux Dieux vne incartade Correspondante à sa brauade .Ayant entassé mont sur mont Et taschant d ' attacher vn pont Contre vne petite fenestre Pont il se vouloit rendre maistre A l ' instant mesme l ' on l ' ouurit ; Lors Dieu sçait quelle peur surprit Iupiter , qui par aduanture Faisoit cette sotte ouuerture ! Qu ' il me pardonne , s ' il luy plaist , Si ie dis que tout dieu qu il est , A l ' aspect de ce gros visage Il pensa perdre le courage , Au mois s ' écria - il bien fort , Misericorde , ie suis mort ! A son cry Iunon éueillée , Vint à luy toute débraillée , Et criant bien fort trahison Esueilla toute la maison .",
                  "id": "11",
                  "title": "Recueil des oeuvres burlesques de Mr Scarron"
            },
            {
                  "doc_url": "",
                  "emotions": [
                        "surprise"
                  ],
                  "excerpt": "Elle ne vouloit point se marier , parce qu ' elle craignoit de n ' être pas toujours aimée de celui qu ' elle choisiroit pour époux : & comme elle avoit de grands biens , elle fit bâtir un château somptueux , & elle n ' y recevoit que des dames & des vieillards plus philosophes que galans , sans permettre qu ' aucuns autres cavaliers en aprochassent .Le chaud du jour l ' ayant arrêtée dans son appartement plus long - temps qu ' elle n ' auroit voulu , elle sortit sur le soir avec toutes ses dames , & vint se promener dans les bois : l ' odeur de l ' Oranger la surprit , elle n ' en avoit jamais vu , & elle fut charmée de l ' avoir trouvé ; on ne comprenoit point par quel hasard il se rencontroit dans un lieu comme celuilà ; il fut bien vîte entouré de toute cette grande compagnie .Linda défendit qu ' on cueillit une seule fleur , & on le porta dans son jardin , où la fidelle Abeille le suivit .",
                  "id": "12",
                  "title": "L' oranger et l'abeille"
            },
            {
                  "doc_url": "",
                  "emotions": [
                        "surprise",
                        "disgust",
                        "doubt"
                  ],
                  "excerpt": "Et certes cóme le corps est mort sans l ’ ame tout de mesme l ’ ame est morte sans Dieu : puis que comme l ’ ame est la vie du corps , ainsi Diea est la vie de l ’ ame , & comme le corps meurt quand Dieu s ’ en esloigne .Auec cela soyez certains qu ’ vn corps mort n ’ est point si puát aux narines de l ’ homme , comme l ame qui est en peché mortel , est de si mauuaise odeur aux nez de la diuinité .Nous auousés vies de nos Peres vn exemple à ce propros , d ’ vn Ange qui c iduisoit vn bon Hermite à dessein de le rendre capable de la consideration das Iugemens de Dieu , ils passerent prés vn corps mort estendu dans le chemin , l ’ Ange passant ne fist mine de sentir aucune puanteur , tout incontinent apres ils rencontrerent vn ieune muguet bien peigné , & parfumé , l ’ Ange à son abord se print au nez , se bouchant les narines , l ’ Hermite aduisa cela , & s ’ enquist que vouloit dire que rencontrant vne charongne puante il n ’ auoit pas faict semblant de rien sentir de mal , & abordant ce ieune homme si bien ciueté & parfumé , il s ’ estoit bouché le nez ? Le veux tu sçauoir , dit l ’ Ange , c ’ est homme chargé de pechez pût infiniment deuant ceux qui sont de son party , & rien autre chose que le peché est des - agreable à Dieu .",
                  "id": "13",
                  "title": "Les sept trompettes spirituelles"
            },
            {
                  "doc_url": "",
                  "emotions": [
                        "admiration",
                        "surprise",
                        "joy",
                        "pride",
                        "gratitude",
                        "envy",
                        "approval"
                  ],
                  "excerpt": "Le Seigneur de colere rompt la porte & se coucha sur son lict .Et quand il eut repose , il vint à la Dame & luy dist ; Dame vous auez maintenant bien faict mon lict : mais ie m ’ esmerueille comme vous l ’ auez si bien paré & ou auez vous pris les bonnes odeurs , dont toute la chambre adore si bon en verité , il me semble que ie sois en Paradis .La Dame qui n ’ attendoit que la mort entra [ page NA ] librement en la chambre & la trouua cóme illuy auoit dit , mais elle ne treuua pas le meseau , laquelle pour le miracle qu ’ elle compta tout le faict a son Seigneur Quand il oüyt ce il fut contrainct luy qui estoit deuàt aspre cóme vn Lyon d ’ estre doux & debónaire cóme vn Aigneau & par les merites de sa féme fut tellemét conuerty à Dieu qu ’ il mena de la en auant vne vie diuine .",
                  "id": "14",
                  "title": "Abregé de la vie de saint Edmond"
            },
            {
                  "doc_url": "",
                  "emotions": [
                        "surprise",
                        "annoyance",
                        "doubt",
                        "guilt"
                  ],
                  "excerpt": "Un Seigneur voyoit & oyoit mal volou tiers un pauvre qui lui demandoit l ’ aumône , & pour s ’ en défaire il lui dit qu ’ il s ’ ôtât de devant lui , parce qu ’ il sentoit les aulx .Ce n ’ est pas moi , répond le pauvre , qui vous donne la senteur des aulx ; c ’ est l ’ aumône que je vous demande , & que vous me refusez Un pauvre demandant l ’ aumône disoit qu ’ il s ’ étoit vu autrefois en grands honneurs .Celui auquel il la demandoit répondit : vous aviez cela plus que moi : car je ne me suis point vu de ma vie en honneur .",
                  "id": "15",
                  "title": "Les facétieuses rencontres de Verboquet"
            },
            {
                  "doc_url": "",
                  "emotions": [
                        "surprise",
                        "fear",
                        "despair",
                        "pain"
                  ],
                  "excerpt": "Qui par la gueule feu jettoit Par les yeux & par les oreilles , La tête avoit grosse à merveille .Les yeux il avoit grand & creux ; A merveille il étoit affreux , De la puanteur de son haleine Etoit la prison toute pleine ; Quand à elle le vit tenir Soufflant ne sut que devenir , Et si ne s ' osoit remuer , Le Dragon ne peut achever , Mais elle prend en s ' en consiance , Et l ' invoqua sans demearace , Vrai Dieu qui avez formé le Paradis , Er d ' Enfer avez ôté vos amis ; Gardez mon corps de cette bête , Quelle ne me sasse aucun moleste .Quand elle eut son Oraison finie , Elle s ' est de la Croix munie , Alors le Dragon disparut , Elle lui sembla que soudain fût Issue de son ventre saine , De l ' amour de Dieu plus certaine , Que n ' avoit été auparavant , Joyeuse elle va Dieu louant : Et puis le Tyran insensé Et tout furieux a pensé De faire le peuple amasser , Et a sait la Vierge avancer devant lui rigoureusement , Il lui a dit publiquement , Penses à ton cas , & entends moi , Laisses ton Dieu & prends ma Loi , Autrement te serai mourir , Et en tourmens tes jouis finir Elle répond que par menace , Ni pour tourmens qu ' on lui fasse Son Créateur ne laissera , Mais toujours en lui croira : Alors qu ' ainsi ferme la vue , L ' A fait dépouiller toute nue , Charbons ardens sait apporter , Dont les côtés lui a sait brûler , Puis lui a dit qu ' elle le crût , Laissant son Dieu , & qu ' ausien crût .",
                  "id": "16",
                  "title": "La vie et légende de Sainte Marguerite, vierge et martyre"
            },
            {
                  "doc_url": "",
                  "emotions": [
                        "surprise",
                        "disgust",
                        "anger",
                        "annoyance",
                        "disapproval",
                        "doubt",
                        "embarrassment"
                  ],
                  "excerpt": "Fortunée demeura bien surprises ; elle n ’ osoit approcher , car les rats se jettoient sur elle , la mordoien & la mettoient en sang .Quoi ! s ’ écria - t - elle , mon oeillet , resterez - vous en si mauvaise compagnie ! Elle s ’ avisat tout d ’ un coup , que peut être certe eau parfumée qu ’ elle avoit , auroit une vertu particuliére ; elle courut la quérir , elle en jetta que ques gouttes sur le peuple souriquoir .En même - temps la racaillese sauva chacun dans son tron , & la Princesse prit promptement ses beaux oeillets qui étoient sur le point de mourir , tant ils avoient besoin d ’ être arrosés .",
                  "id": "17",
                  "title": "Le prince Lutin et Fortunée"
            },
            {
                  "doc_url": "",
                  "emotions": [
                        "surprise",
                        "nostalgia",
                        "doubt",
                        "pain"
                  ],
                  "excerpt": "Que d ' ici le dévot Lecteur de cette Histoire considére la diligence qu ' il doit apporter à accomplir les pénitences qui lui sont imposées par son Pere Confesseur , & l ' estime qu ' il doit faire des Indulgences , des Jubilés , afin qu ' il ait moins à satisfaire en l ' autre pour la rigoureuse exaction avec laquelle on paye en ce lieu chaque petit deffaut ; car quoiqu ' en ce monde nous recevions par l ' Absolution du Prêtre la rémission de nos fautes au Saint Sacrement de Pénitence , c ' est seulement quant à la coulpe , & non pas quant à la relaxation des peines dont nous étions reliquataire à la Divine Justice , & qu ' il nous faut payer en ce monde ou en l ' autre , pour en être quitte entiérement .Les démons voyant que je m ' étonnois des angoisses & des peines que souffroient ces pauvres Ames languissantes , tant pour les brasiers ardens , que pour la puanteur des fumées ensoufrées qui en sortoient en abondance , me mirent au choix de deux choses l ' une , de m ' exposer à la rigueur de toutes ces peines , où de retourner d ' où j ' étois venu .Mais comme il me sembloit que j ' approchois de la fin de ma journée & me soûvenant que jusqu ' alors Dieu ne m ' avoit pas dénié son assistance favorable , je me persuadai qu ' il ne me délaisse .",
                  "id": "18",
                  "title": "Histoire de la vie et du purgatoire de S. Patrice"
            },
            {
                  "doc_url": "",
                  "emotions": [
                        "surprise",
                        "curiosity"
                  ],
                  "excerpt": "Que vous examiniez l ' intérieur de la tête , ou les poumons , ou le coeur , ou quelque autre partie noble , vous les trouverez imités avec tant d ' exactitude jusque dans les plus petits détails , jusque dans les nuances les plus délicates , que vous aurez de la peine à distinguer les limites de l ' art et de la nature .Le célèbre chevalier Pringle eut la curiosité de voir ces ouvrages , lorsqu ' il vint à Paris il y a quelques années ; il en fut si saisi d ' é & shy ; tonnement , qu ' il s ' écria en baragouinant et en vrai ama & shy ; teur passionné : Mademoiselle , il n ' y manque que la [ page img : 227 ] puanteur .Je crois en effet que ce merveilleux ouvrage de mademoiselle Biheron est une chose unique en Eu & shy ; rope , et que le gouvernenient aurait dû depuis long & shy ; temps en faire l ' acquisition pour le Cabinet d ' histoire naturelle au Jardin du Roi , et surtout récompenser l ' au & shy ; teur d ' une manière qui honore et encourage les talens ; mais cette pauvre mademoiselle Biberon , n ' ayant jamais été jolie , n ' ayant eu ni protection ni manège , est restée négligée et oubliée dans un coin de l ' Estrapade , où elle occupe une maison habitée jadis par Denis Diderot le philosophe .",
                  "id": "19",
                  "title": "Correspondance littéraire, philosophique et critique de Grimm et de Diderot depuis 1753 jusqu'en 1790. Tome 07"
            },
            {
                  "doc_url": "",
                  "emotions": [
                        "trust",
                        "surprise",
                        "love",
                        "envy",
                        "caring"
                  ],
                  "excerpt": "Quoi ! lui dit - elle , est - il possible que vous ayez fait une si petite chasse ? vous tuez ordinairement trois fois plus de gibier .Il est vrai , répartit le roi , mais j ’ en ai régalé les beaux étrangers ; je sens pour eux une inclination si parfaite , que j ’ en suis surpris moi - même , & si vous aviez moins peur de l ’ air contagieux , je les aurois déj à fait venir loger dans le palais .La reine - mère se fâcha beaucoup : elle l ’ accusoit de manquer d ’ égàrds pour elle , & lui fit des reproches de s ’ exposer si légèrement .",
                  "id": "20",
                  "title": "La princesse Belle-Etoile et le prince chéri"
            }
      ]
}