{
      "articles": [
            {
                  "doc_url": "https://gallica.bnf.fr/ark:/12148/bpt6k3399935w",
                  "emotions": [
                        "surprise",
                        "pain",
                        "embarrassment"
                  ],
                  "excerpt": ".VI LES PERLES ET LES LIVRES La mauvaise surprise ! Je m ' éveille avec une pointe de migraine , avec ce qu ' un Américain appellerait the brown dog taste et que je traduis par « le goût du chien brun dans la bouche » , pour n ' en dire pas davantage .Pendant quelques instants le monde a pour moi un sens nouveau , une couleur spéciale à laquelle je ne m ' habitue pas .",
                  "id": "1",
                  "title": "L'abdication de Ris-Orangis / Léo Larguier ; illustrations de Gerda Wegener"
            },
            {
                  "doc_url": "https://gallica.bnf.fr/ark:/12148/bpt6k3399935w",
                  "emotions": [
                        "surprise"
                  ],
                  "excerpt": "Une grande brune leva ses admirables bras nus pour arranger une épingle à son chapeau et je vis les deux taches creuses et noires de ses aisselles pendant que je défaillais aux senteurs sauvages qui en émanaient .Dans l ' ombre trouble et chaude , égratignée par les lueurs changeantes qui vaporisaient le plateau , la salle baignait dans une atmosphère sous - marine ; les promeneuses dont on n ' apercevait que le buste semblaient nager comme des sirènes ; des courants mystérieux les apportaient , elles glissaient devant moi , disparaissaient , revenaient avec la tentation de leurs œillades , les parfums et la neige de leurs épaules et de leurs gorges .Je préfère les spectacles des music - halls à tous les autres .",
                  "id": "2",
                  "title": "L'abdication de Ris-Orangis / Léo Larguier ; illustrations de Gerda Wegener"
            },
            {
                  "doc_url": "https://gallica.bnf.fr/ark:/12148/bpt6k64537w",
                  "emotions": [
                        "surprise",
                        "disgust",
                        "embarrassment"
                  ],
                  "excerpt": "Qu ' importe ! Les glaneurs , passe encore ; mais ces virtuoses qui viennent enjoliver , aniaiser enfin , l ' oeuvre divine du Génie ? Ces infortunés qui , dans l ' art de la Musique , par exemple , s ' évertueraient à « broder mille variations de « brillantes fantaisies jusque sur ) e clairon du Jugementdernier ? .Quelle odeur de singes ! N ' auriezvous jamais vu de ces personnages qui , après une « séance passent deux doigts dans leurs longs cheveux et regardent les plafonds , en mesure , d ' une manière inspirée ? De tels fantoches donnent honte , vraiment .C ' est à croire qu ' ils n ' ont d ' âme qu ' au figuré , comme on dit l ' âme d ' un violon .",
                  "id": "3",
                  "title": "L'Ève future / Cte de Villiers de l'Isle-Adam"
            },
            {
                  "doc_url": "https://gallica.bnf.fr/ark:/12148/bpt6k5447818p",
                  "emotions": [
                        "admiration",
                        "surprise",
                        "grief",
                        "nostalgia",
                        "pride",
                        "calmness",
                        "doubt",
                        "disappointment"
                  ],
                  "excerpt": "Non , parmi les beautés que mon coeur se rappelle , Parmi les blancs essaims d ' anges venus des cieux , Je n ' en trouvai jamais , jamais une aussi belle , Jamais ton doux parler , ta brûlante prunelle , Jamais l ' or de tes blonds cheveux ; Jamais tant d ' incarnat sur l ' aube orientale , 9 Jamais tant de tendresse et de grâce à la fois , Jamais tant de parfum sur la fleur matinale , Qu ' il en est dans l ' amour que ton accent exhale , Rien d ' aussi tendre que ta voix ; Jamais tant de fraîcheur sur la fraîche rosée , Et tant de pureté sur le sein d ' un beau lys .Et puis dans ce beau corps une âme était posée , Comme dans le cristal une perle enchâssée : Que mes jours étaient embellis ! N ' es - tu pas une fleur embaumant mon passage ? Une étoile sereine et brillant dans ma nuit ? Un arc - en - ciel si pur , après un jour d ' orage ? Un .aimant pour mon coeur ? un phare du rivage , Qui vers le bonheur me conduit ? Oh ! n ' as - tu jamais vu , dans tes belles soirées , La surface d ' un lac qui reflétait les cieux ? Il avait aussi , lui , ses étoiles dorées , Ses vagues bruissaient , doucement effleurées Par deux cygnes harmonieux .",
                  "id": "4",
                  "title": "Poésies / par Avit Delacour"
            },
            {
                  "doc_url": "https://gallica.bnf.fr/ark:/12148/bpt6k102882q",
                  "emotions": [
                        "surprise",
                        "disapproval",
                        "doubt"
                  ],
                  "excerpt": "Les siècles ont passé sur cette légende et l ' ont respectée .De quel droit , sans autr e raison que ton scepticisme , viendras - tu flétrir les fleurs dont la poésie a parfumé la tombe de Roland ? Il se fit un long silence .Nous suivions un sentier roide , pierreux qui se tordait dans des fougères et sur des croupes arides .",
                  "id": "5",
                  "title": "Aux Pyrénées, le sac au dos / par Albert Laporte..."
            },
            {
                  "doc_url": "https://gallica.bnf.fr/ark:/12148/bpt6k102882q",
                  "emotions": [
                        "surprise"
                  ],
                  "excerpt": "Un moine augustin vint nous recevoir au seuil de l ' église dont le vaisseau gothique à trois nefs est très - élégant .La porte du cloitre ogival est placée entre deux charmantes fenêtres murées et le couvent auquel ce cloître communique a un parfum de ' mysticisme qui en impose aux plus incrédules .Le moine avec une politesse et une grâce qui décelait l ' homme du monde nous fit les honneurs de l ' église et de la sacristie .",
                  "id": "6",
                  "title": "Aux Pyrénées, le sac au dos / par Albert Laporte..."
            },
            {
                  "doc_url": "https://gallica.bnf.fr/ark:/12148/bpt6k5819410r",
                  "emotions": [
                        "surprise"
                  ],
                  "excerpt": "lie vapeurs , il faut avoir soin dé laisser assez d ' espace ' vide , ou un tiers .On obtient ainsi un aoide , souvent jaunâtre , exhalant des vapeurs , blanches à l ' air , d ' une odeur un peu safranée , piquantes , et qui attirent l ' humidité de l ' air .Il reste dans la cornue du sulfate de soude , ou sel de Glauber , du nom du chimiste allemand qui a le premier enseigné ce procédé .",
                  "id": "7",
                  "title": "Traité de pharmacie théorique et pratique : contenant les élémens, l'analyse et les formules de tous les médicamens, leurs préparations chimiques et pharmaceutiques, classées méthodiquement suivant la chimie moderne... On a joint partout les comparaisons des nouveaux poids et mesures, toutes les prescriptions du nouveau \"Codex\" de Paris, et un très grand nombre d'autres préparations.... Tome 2 / par J.-J. Virey,..."
            },
            {
                  "doc_url": "https://gallica.bnf.fr/ark:/12148/bpt6k9781197p",
                  "emotions": [
                        "surprise"
                  ],
                  "excerpt": "Les excès de joie qui causerent la mort à Chylo de Lacé - démone , & à une femme Romaine ( 1 ) » les chagrins violens qui ont fait blanchir les cheveux dans une nuit ( 2 ) , sont « les tableaux frappans de la différence considérable de ces excessives passions de 1 \" ame , avec celles qui proviennent d ' une joie légere ou d ' un chagrin médiocre .Cet effet \" surprenant de l ' irritabilité , qui fait tomber les femmes qui en font susceptibles en foiblesse ou en syncope , à la moindre odeur qui les affecte , à la moindre surprise , au moindre bruit qu ' elles entendent ( 5 ) , est toujours extrême , par la promptitude avec laquelle il surprend , & par sa nature .Telle étoit l ' irritabilité iurprenante d ' un jeune homme dont Baglivi rapporte l ' Obiervation .",
                  "id": "8",
                  "title": "Traité des fleurs blanches, avec la methode de les guerir. Tome 2 / : par M. Raulin,..."
            },
            {
                  "doc_url": "https://gallica.bnf.fr/ark:/12148/bpt6k81116h",
                  "emotions": [
                        "surprise",
                        "sadness",
                        "nostalgia"
                  ],
                  "excerpt": "Et toujours , ces centaines de vieux paysans , à l ' expression si triste et fermée , qui suivent , le cierge à la main .Quand tout cela , après la promenade lente par la ville , s ' est engouffré sous le grand portail de l ' église , déjà obscure , alors commence pour moi cet instant d ' indicible mélancolie , sur cette place du moyen âge redevenue silencieuse , et où l ' on sent tout à coup le froid du soir , tandis que l ' air reste imprégné d ' une odeur d ' encens , et le sol criblé de mille taches de cire par le passage de tous ces modestes cierges de pauvres .UN VIEUX COLLIER UN VIEUX COLLIER Mon Dieu ! les pauvres petités choses , bien rangées , bien classées , bien ensevelies , sur les étagères de ce placard profond , que dissimulent des soies d ' Orient et des armes , en ce recoin le plus caché de ma demeure ! Pour ouvrir cet ossuaire , il faut , dans une continuelle et décourageante pénombre , tirer un divan , décrocher des poignards aussi reste - t - il clos et oublié durant des saisons ou même des années , et les pauvres petites choses , qui sont des souvenirs entassés de mes premières campagnes de marin , conti - nuent de durer au milieu d ' obscurité et de silence .",
                  "id": "9",
                  "title": "Le château de la Belle au bois dormant / Pierre Loti,..."
            },
            {
                  "doc_url": "https://gallica.bnf.fr/ark:/12148/bpt6k81116h",
                  "emotions": [
                        "surprise",
                        "doubt",
                        "faith"
                  ],
                  "excerpt": "6 ' petits portiques à festons étranges , sont comme écrases sous la hauteur exorbitante et l ' extravasement des toitures d ' or , toitures à cinq ou six étages qui ne sont que des prétextes pour multiplier en l ' air des cornes et des poir as .Mon Dieu , si pointu , tout cela , pointu jusqu ' à l ' invraisemblance Et comme c ' est singulier , cette conception de la pointe , du faisceau de pointes , qui persiste depuis des siècles à hanter l ' imagination des peuples de la Birmanie et du Siam en ces pays - là , temples , palais , casques de dieux ou de rois , doivent être surmontés de quelque chose d ' aigu et d ' infiniment long , sans doute pour attirer les effluves célestes comme les paratonnerres attirent les orages .Outre les pagodes , il y a quantité d ' édicules en or , kiosques bizarrement frêles , ou simples clochetons qui s ' élancent du sol , s ' amincissent en fuseau , et portent tous au bout de leur flèche un chapeau - chinois garni doe ~ eMB ~ couennes il y a dea obélisques d ~ Of , OttièrecMnt gemmés comme de rubis et < yémer & udet , avec des sphinx d ' or assis au aommet , oo hiem des petits éléphants d ' or .",
                  "id": "10",
                  "title": "Le château de la Belle au bois dormant / Pierre Loti,..."
            },
            {
                  "doc_url": "https://gallica.bnf.fr/ark:/12148/bpt6k62132937",
                  "emotions": [
                        "surprise",
                        "joy",
                        "excitement",
                        "gratitude"
                  ],
                  "excerpt": "Le grillon venait de sentir la terre ; un arôme trop subtil pour les perceptions de nos sens l ' avait effleuré ; captif dans l ' entrepont .il avait découvert ; il respirait les brises embaumées ; il célébrait les jardins en fleurs ; bientôt on cria : « Terre ! » et le Brésil sortit des îlots .Ah ! mon ami , n ' y a - t - il point chez nous aussi , un hôte mystérieux , bien chétif , bien enchaîné ! mais qui , pourtant , a découvert des régions nouvelles ; et , lorsqu ' un parfum lui vient de là - haut , il se met a chanter , et notre cœur bondit .",
                  "id": "11",
                  "title": "Andalousie et Portugal / par l'auteur des \"Horizons prochains\" [comtesse A. de Gasparin]"
            },
            {
                  "doc_url": "https://gallica.bnf.fr/ark:/12148/bpt6k62132937",
                  "emotions": [
                        "surprise",
                        "nostalgia",
                        "doubt",
                        "nervousness"
                  ],
                  "excerpt": "Mas dulce que almibar 1 ! crient les vendeurs d ' oranges .Remarquez - vous ce mot arabe : almibar ! Pour moi , l ' entendre ici , dans la belle Séville , me donne un de ces tressaillements que provoquent je ne sais quels riens : souflle , arôme , frôlement d ' ailes , et c ' est la poésie du voyage , et c ' en est l ' enchantement .Une émotion cependant , vient de se produire là - bas .",
                  "id": "12",
                  "title": "Andalousie et Portugal / par l'auteur des \"Horizons prochains\" [comtesse A. de Gasparin]"
            },
            {
                  "doc_url": "https://gallica.bnf.fr/ark:/12148/bpt6k9603432j",
                  "emotions": [
                        "surprise",
                        "doubt"
                  ],
                  "excerpt": "Il dut se cacher , je pense , le jour où il enfonça les crochets 3 d ' un Serpent dans de jeunes orangers , dans des jasmins et des grenadiers , et se sauva , le cruel , sans les retirer .i Qui l ' aurait cru ! les orangers continuèrent à parfumer l ' atmosphère et à produire leurs fruits d ' or , les jasmins suspendus aux balcons , ou mêlés avec les stéphanotis 1 des tonnelles des jardins , répandirent encore leurs dou - ces senteurs dans la nuit tiède , les grenadiers ne bronchèrent pas .Analogies d ' Action .",
                  "id": "13",
                  "title": "Empoisonneurs-empoisonnés. Venins et poisons : leur production et leurs fonctions pendant la vie, dangers et utilité pour l'homme / par A. Coutance,..."
            },
            {
                  "doc_url": "https://gallica.bnf.fr/ark:/12148/bpt6k9603432j",
                  "emotions": [
                        "surprise",
                        "disgust"
                  ],
                  "excerpt": "Tous les Batraciens à peau nue n ' ont pas sur leur surface extérieure ces organes de sécrétion ; il faut donc admettre ; surtout si l ' on est tant soit peu transformiste , que c ' est une acquisition utile pour ceux qui les possèdent .Que le Crapaud , revêtu de cette humeur acre et gluante , soit devenu pour de plus gros que lui un morceau dégoûtant , rien d ' étonnant à cela ; qu ' il soit défendu ainsi contre de plus petits , contre les fourmis , par exemple , rien de surprenant encore .Ce n ' est que de cette façon que nous pouvons considérer l ' humeur du Crapaud comme un poison d ' intention , et non pas parce qu ' inoculé sous la peau d ' un chien , d ' un lapin ou d ' un oiseau , elle peut faire périr ces animaux .",
                  "id": "14",
                  "title": "Empoisonneurs-empoisonnés. Venins et poisons : leur production et leurs fonctions pendant la vie, dangers et utilité pour l'homme / par A. Coutance,..."
            },
            {
                  "doc_url": "https://gallica.bnf.fr/ark:/12148/bpt6k114853v",
                  "emotions": [
                        "surprise",
                        "excitement"
                  ],
                  "excerpt": "Ayez pitié de moi , ne m ' ôtez pas le peu qui me reste de raison ; éloi - gnez - vous .Et sa main lui semblait dans la sienne comme une vapeur subtile , enflammée , qui s ' infiltrait dans ses veines ; les parfums des cheveux de Loyse , son haleine qu ' il respirait , le jetaient dans un vague étourdissement .Était - ce effet de lumière ? était - ce éblouissement ? il voyait comme une auréole de flamme bleuâtre voltiger autour de son cou , Eloignez - vous , murmurait - il , et défiez - vous un peu plus de moi .",
                  "id": "15",
                  "title": "Le manuscrit vert. T1 / par Gustave Drouineau"
            },
            {
                  "doc_url": "https://gallica.bnf.fr/ark:/12148/bpt6k97700918",
                  "emotions": [
                        "surprise",
                        "nostalgia",
                        "curiosity",
                        "pain",
                        "embarrassment"
                  ],
                  "excerpt": "Mon Dieu ! comme ces fleurs sentent fort et comme elle a mal à la tête ! L ' horrible journée ! et quel supplice elle a enduré depuis le moment où elle s ' agenouillait , empressée comme une femme de chambre , avec des épingles dans les lèvres , aux pieds de cette Hortense , de sa rivale , et qu ' elle lui arrangeait sa traîne de satin blanc , jusqu ' à tout à l ' heure , quand Léon , tenant sa femme par la taille , l ' a attirée vers lui , elle , Norine , et que les deux jeunes époux ont presque confondu leur baiser sur son front ! Ah ! l ' odeur de ces fleurs est insupportable et elle se sent tout étourdie .Elle se laisse tomber dans un fauteuil , brisée par une atroce migraine , étreignant son front dans ses deux mains , elle ne ferme pas les yeux pourtant , et regarde toujours cette porte , la porte de la chambre où sont enfermés les jeunes mariés , et derrière laquelle s ' accomplit un mystère qui lui navre le cœur ! Et voilà qu ' elle est prise d ' une sorte de délire , oh ! que le parfum de ces fleurs lui fait mal ! et que mille souvenirs l ' assaillent à la fois .Elle se revoit toute petite , dans le cabaret d ' Argenteuil ; et ces Parisiens si bien mis arrivent et la caressent , et elle est embrassée par ce beau petit garçon , qui a une plume blanche sur son chapeau .",
                  "id": "16",
                  "title": "Vingt contes nouveaux / François Coppée,... ; illustrations de W.-A. Lambrecht"
            },
            {
                  "doc_url": "https://gallica.bnf.fr/ark:/12148/bpt6k97700918",
                  "emotions": [
                        "surprise",
                        "love",
                        "excitement",
                        "doubt",
                        "embarrassment"
                  ],
                  "excerpt": "Quand il rentrera , bientôt , sans faire de bruit , il aura cette joie de la surprendre dans son sommeil de Heur ; il s ' assoira près du lit et la regardera longtemps .Alors , le devinant d ' instinct dans son rêve , elle ouvrira les yeux ; oh 1 les battements de paupières d ' une fille de vingt ans qui s ' éveille ! oh ! les premiers scintillements d ' une étoile ! et lui , éperdu d ' amour , la saisira , l ' étreindra passionnément et se cachera le visage dans son sein parfumé ! « Qui peut donc bien demeurer là ? » songe Ludovic , les yeux toujours fixés sur la haute fenêtre qui rayonne dans la nuit .Pourquoi pas un bon ménage , avec des enfants ? Un automne avec de beaux fruits ? Cela existe aussi pourtant , des cœurs humbles et résignés , heureux dans le devoir et par le devoir , comme les deux époux que Ludovic rencontre quelquefois le dimanche , dans cette banlieue aux mœurs patriarcales : la maman , blonde fatiguée , avec une « confection » à bon marché , poussant son dernier - né dans une petite voiture , et le père , une tête grise de sous - chef qui attend la croix , tout fier de donner la main à son lycéen .",
                  "id": "17",
                  "title": "Vingt contes nouveaux / François Coppée,... ; illustrations de W.-A. Lambrecht"
            },
            {
                  "doc_url": "https://gallica.bnf.fr/ark:/12148/bd6t5370558k",
                  "emotions": [
                        "surprise",
                        "sadness",
                        "fear",
                        "nostalgia"
                  ],
                  "excerpt": "Le crapaud a sifflé sous l ’ iris de l ’ étang .Oh ! ces hôtes parlant sur le perron de pierre , Dans la nuit qui se mêle à l ’ odeur du verger ! Et , soudain , cette lampe accrochant sa lumière Au chapeau rabattu de ce jeune étranger ! « Manon , blonde Manon , dites - moi quelle ivresse Font le voyage au long des sapins montagnards , Les bouquets de genêts , les larmes , la jeunesse Et le vent de la nuit sur les cheveux épars .« Sur le ciel de septembre , ineffablement tendre , Voyez - vous , ô Manon , comme je sais la voir , Une perle enfermée en un écrin de cendre : Voyez - vous la première étoile de ce soir ? .",
                  "id": "18",
                  "title": "Province et capucines... / Hélène Picard"
            },
            {
                  "doc_url": "https://gallica.bnf.fr/ark:/12148/bd6t5370558k",
                  "emotions": [
                        "surprise",
                        "joy",
                        "nostalgia"
                  ],
                  "excerpt": ".Ah ! quelle voix sonore ! C ’ était l ’ horloge , l ’ air , les maraîchers trempés De l ’ odeur potagère et des pleurs de l ’ aurore ..",
                  "id": "19",
                  "title": "Province et capucines... / Hélène Picard"
            },
            {
                  "doc_url": "https://gallica.bnf.fr/ark:/12148/bd6t5370558k",
                  "emotions": [
                        "surprise",
                        "joy"
                  ],
                  "excerpt": ".Mais , cependant , quelle minute ! Le spectre du printemps suivait un son de flûte Qui s ’ en allait , sous les tilleuls , en égalant La douceur de la lune et le rire du vent ! Quelle minute , hélas ! d ’ heureuse plénitude ! Une odeur de jardins peuplait la solitude .O détails obsédants et décisifs ! .",
                  "id": "20",
                  "title": "Province et capucines... / Hélène Picard"
            }
      ]
}