{
      "articles": [
            {
                  "doc_url": "https://gallica.bnf.fr/ark:/12148/bpt6k63572324",
                  "emotions": [
                        "surprise"
                  ],
                  "excerpt": "Avec cela , on ignore comment le fœtus , que la mère tire avec la bouche de l ' utérus et porte à une mamelle , se suspendra toujours dorénavant à la même .Comme , d ' après Blainville , les fosses nasales sont ouvertes , présentant des trous ronds , et que la bouche n ' est que juste assez grande pour saisir la mamelle , chez les tout jeunes marsupiaux , c ' est peut - être le sens de l ' odorat qui dirige le fœtus dans sa route obscure .Dans tous les cas , la respiration ne peut s ' effectuer que par le nez , et il est certain qu ' avec le développement de la musculature il se produit très rapidement des mouvements de succion actifs .",
                  "id": "1",
                  "title": "Physiologie spéciale de l'embryon : recherches sur les phénomènes de la vie avant la naissance / par W. Preyer,... ; traduit de l'allemand par le Dr Wiet,..."
            },
            {
                  "doc_url": "https://gallica.bnf.fr/ark:/12148/bpt6k5541106f",
                  "emotions": [
                        "surprise"
                  ],
                  "excerpt": "Après une journée de délicieuses promenades et d ' intimes causeries , au moment où la comtesse et ses amis allaient prendre place autour d ' un succulent souper préparé et servi à la française , on annonça un certain M .Berligliotli que personne n ' attendait , cl qui , , à ce qu ' il parait , doué de cette délicatesse excessive du nerf olfactif dévolue à la race canine , avait flairé de sa lointaine demeure les exhalaisons de la cuisine du château .Il va sans dire que madame Alviza , qui savait vivre et bien vivre ^ ordonna de mettre un çou « 2 » LA VENGEANCE DU BRAVO .",
                  "id": "2",
                  "title": "La vengeance du bravo / par Alfred de Bougy"
            },
            {
                  "doc_url": "https://gallica.bnf.fr/ark:/12148/bpt6k58150905",
                  "emotions": [
                        "surprise",
                        "disappointment"
                  ],
                  "excerpt": "RÉPONSE ^ REPONSE En amour , belle enfant , qu ' on plane ou qu ' on se vautre , La fin en est toujours une déception ! Pourquoi vouloir unir ma vie avec la vôtre , A l ' aile du hibou l ' aile du papillon ? 64 RÉPONSE Je ne vous donne pas un jour , que dis - je , une heure , De cette vie à deux rêvée à votre gré , Que vous auriez appris déjà qu ' il faut qu ' on pleure , Et que vous en auriez le plus mortel regret .Vous n ' avez jusque - là cru qu ' au parfum des roses , Mais des dards à vos doigts se feraient tôt sentir ; Je serais la première et la moindre des causes Qui vous feraient bien vite , enfant , vous repentir .Gardez à votre coeur sa candeur idéale , Evitez de toucher à la réalité , Car l ' amour est sujet à plus d ' une rafale Et si le rêve est beau laide est la vérité .",
                  "id": "3",
                  "title": "Calvaire d'amour... / Albert Hüe"
            },
            {
                  "doc_url": "https://gallica.bnf.fr/ark:/12148/bpt6k804163",
                  "emotions": [
                        "surprise",
                        "anger",
                        "annoyance",
                        "love"
                  ],
                  "excerpt": "Un bec , encore ? .Et ayant reçu le baiser – Gomme disait l ' autre , en vers ta bouche a l ' odeur des bonbons des étrennes , avec une pointe d ' épice enragée Hein ? .ça te flatte , Lili ? .",
                  "id": "4",
                  "title": "La bonne à tout faire : roman parisien / Dubut de Laforest"
            },
            {
                  "doc_url": "https://gallica.bnf.fr/ark:/12148/bpt6k80228j",
                  "emotions": [
                        "surprise",
                        "grief",
                        "sadness",
                        "doubt"
                  ],
                  "excerpt": "Le maître des cérémonies le gourmanda Voyons , Malingoix , faut - il qu ' on vous envoie chercher un bouquet de violettes ? .Monsieur se parfume - t - il à l ' eau de rosés , ou à l ' eau de lavande ? Le petit croque - mort s ' écria de nouveau Malingoix , jamais tu n ' as plus ressemblé a ta sœur que ce matin .C ' était une scie qu ' il lui montait .",
                  "id": "5",
                  "title": "La dévouée : les héros modernes (2e éd.) / par Léon Hennique"
            },
            {
                  "doc_url": "https://gallica.bnf.fr/ark:/12148/bpt6k5661337g",
                  "emotions": [
                        "surprise",
                        "disgust"
                  ],
                  "excerpt": ", officier de santé , ancien chirurgien des armées , me pria de lui donner des soins pour une maladie du sein qui le tourmentait depuis longtemps .Je fus d ' abord frappé de l ' odeur et de l ' aspect de son mal .C ' était au sein gauche ; ily avait là une masse large de 15 centimètres environ , lobulée ou granulée à la façon du chou - fleur , d ' un gris sale et légèrement rougeàtre , et de laquelle exsudait une matière ichoreuse semi - purulente .",
                  "id": "6",
                  "title": "Des tumeurs du sein chez l'homme / par le Dr Paul Horteloup,..."
            },
            {
                  "doc_url": "https://gallica.bnf.fr/ark:/12148/bpt6k5402415d",
                  "emotions": [
                        "surprise",
                        "joy",
                        "pride",
                        "gratitude",
                        "envy"
                  ],
                  "excerpt": "Si belles que Dieu les ait faites , Ainsi finissent les coquettes .FABLE XY LE BONHEUR D ' ÊTRE BÊTE Un Ane , en allant au marché ; , Portait des fleurs fraîches écloses ; Et le bon public , alléché Par l ' odeur des lis et des roses , Tant qu ' il pouvait S ' en approchait : 70 LIVRE I Ce qui fit que l ' Ane , en lui - même , Se dit : — « Mon Dieu ! comme l ' on m ' aime ! » Mais , au retour , c ' est du fumier Qui remplit son double panier ; Et la foule , plus circonspecte , S ' en écarte ..",
                  "id": "7",
                  "title": "Nouvelles fables morales et religieuses / par Mme Adèle Caldelar,..."
            },
            {
                  "doc_url": "https://gallica.bnf.fr/ark:/12148/bpt6k5432405v",
                  "emotions": [
                        "surprise",
                        "annoyance",
                        "disapproval",
                        "doubt"
                  ],
                  "excerpt": "La critique nous assomme sous les plus pesants coups de talon de son mépris .La grande chronique parlant de nous s ' écrie : « Ça parle d ' ordures et ça ne fait que ça 1 seulement ça les parfume I ..",
                  "id": "8",
                  "title": "Au banquet de la vie / Gustave Guiches"
            },
            {
                  "doc_url": "https://gallica.bnf.fr/ark:/12148/bpt6k1182389",
                  "emotions": [
                        "surprise",
                        "doubt",
                        "curiosity"
                  ],
                  "excerpt": "Il est mort , përe ? 1 Oui , mort .Et qui donc a produit ce désastre ! Quelle est cette odeur ? quelle est cette flamme ? quel est ce souffle ? Ce souffle , cette flamme , enfant , c ' est le gaz qui t ' éclaire et qui illumine les villes .Quoi de plus grand ? L ' homme ne connait ce gaz que par ses mortelles atteintes ; ce gaz l ' étauffe , ce gaz le blesse , ce gaz le tue .",
                  "id": "9",
                  "title": "Les pères et les enfants au XIXe siècle : enfance et adolescence / par Ernest Legouvé,..."
            },
            {
                  "doc_url": "https://gallica.bnf.fr/ark:/12148/bpt6k5661575v",
                  "emotions": [
                        "surprise",
                        "joy",
                        "anger",
                        "excitement",
                        "doubt",
                        "amusement"
                  ],
                  "excerpt": "Elles sont plus coupables que tu ne penses ; car un pauvre jeune homme , trompé une fois par une misérable qui se sera jouée de lui pour le traîner en triomphe à son char , se vengera ensuite sur toutes les femmes qu ' il pourra tromper à son tour .Que tu es folle ! dit Georges en éclatant de rire : la coquetterie , c ' est l ' essence , de la femme , c ' est son parfum , c ' est ce qui la complète , c ' est le bouclier de sa v er tu , c ' est là ET DE LOIN .87 sûreté des hommes .",
                  "id": "10",
                  "title": "De près et de loin, roman conjugal, par Paul-L. Jacob, bibliophile"
            },
            {
                  "doc_url": "https://gallica.bnf.fr/ark:/12148/bpt6k6381085j",
                  "emotions": [
                        "surprise"
                  ],
                  "excerpt": "De toutes ces corolles à demi ouvertes ou pleinement écloses s ' exhalent des parfums aussi variés que les formes et les tonalités de chaque espèce : odeurs musquées qui rappellent l ' Orient , odeurs mourantes et alanguies , haleines suaves comme celle de la vigne en fleurs , voluptueuses comme des baisers , légères comme le premier souffle du printemps .L ' œil et l ' odorat sont grisés ; et dans la vibrante clarté estivale , un confus murmure d ' abeilles , de bourdons et de cétoines dorées fait un harmonieux accompagnement à la musique chantante des aromes et des couleurs .En ce vaste terrain admirablement approprié à la culture des roses , chaque série est artistement groupée .",
                  "id": "11",
                  "title": "Les roses cultivées à l'Haÿ en 1902 : essai de classement / [par J. Gravereaux] ; avant-propos de André Theuriet,... ; Roseraie de l'Haÿ (Seine)"
            },
            {
                  "doc_url": "https://gallica.bnf.fr/ark:/12148/bpt6k56231023",
                  "emotions": [
                        "surprise",
                        "fear",
                        "despair"
                  ],
                  "excerpt": "Il avait raison , mes amis , grandement raison .Arrachonsnos enfants de ces par terres où ils s ' enivrent ' de parfums : la mort est là peut - être , et elle les surprendra - sans défense .Ne la laissons pas venir à nous ; marchons vers elle en pensant toujours à cette phrase de Y Imitation : Tandis que vous en avez le temps , amassez des richesses immortelles .",
                  "id": "12",
                  "title": "Les soirées du père Laurent"
            },
            {
                  "doc_url": "https://gallica.bnf.fr/ark:/12148/bpt6k5859129x",
                  "emotions": [
                        "admiration",
                        "surprise",
                        "gratitude",
                        "doubt"
                  ],
                  "excerpt": ".Oh ! mon Dieu ! qu ' ai - je vu ! Est - ce toi , chaste enfant ? prodige de vertu , Toi , le bel ornement d ' une honnête famille , En ces lieux du plaisir que fais - tu , jeune fille ? Hier , hier encor , ta mère t ' exhaltait , Et quelqu ' un que tu sais , en te nommant , pleurait , Tant son amour est grand , mystérieux , pudique ..",
                  "id": "13",
                  "title": "Inspirations poétiques et religieuses, par Paul-James Duboc et N.-A. Duval-Daubermeny"
            },
            {
                  "doc_url": "https://gallica.bnf.fr/ark:/12148/bpt6k95664x",
                  "emotions": [
                        "surprise"
                  ],
                  "excerpt": "Dans la décomposition par l ' acide autfM .tique ou par le choc , U y a une odeur d ' acide cyanhydrique .Le fulminate chauné dans un tube avec M parties de suuate de soude se décompose en 3 volumes d ' acide carbonique et volume d ' azote pour rester un résidu calculé qui est c ' Az ' Ag ' O ' ~ C ' O ' + Az ' + C ' Az ' Ag * .",
                  "id": "14",
                  "title": "Panépistème, ou Ensemble des sciences physiques et naturelles et des sciences métaphysiques et morales, devenu possible par la découverte de l'origine du mouvement et de l'affinité. [Volume 8] / (par P. Béron)"
            },
            {
                  "doc_url": "https://gallica.bnf.fr/ark:/12148/bpt6k9816629f",
                  "emotions": [
                        "surprise",
                        "anger",
                        "fear",
                        "annoyance",
                        "nervousness",
                        "pain",
                        "embarrassment"
                  ],
                  "excerpt": "Une odeur émanait de tout cela , une odeur d ' aromates plutôt qu ' un parfum .Elle vint , la folle , si légère ! Ses joues étaient enflammées , ses narines frissonnantes .Elle vint , sa jolie main s ' allongea , lentement , une main de travaux exquis .",
                  "id": "15",
                  "title": "La mort de la terre : roman, suivi de contes / J.-H. Rosny aîné,..."
            },
            {
                  "doc_url": "https://gallica.bnf.fr/ark:/12148/bpt6k63784014",
                  "emotions": [
                        "surprise",
                        "doubt",
                        "embarrassment"
                  ],
                  "excerpt": "La porte de la chaumière s ' entr ' ouvre , et Giselle s ' élance preste et joyeuse comme tous les cœurs purs .Que peut faire une jeune fille éveillée si matin , dans les rougeurs et les parfums de l ' aurore ? Prendre une corbeille et une serpette , et s ' en aller à la vendange .— Si vous croyez cela , vous ne connaissez guère le cœur des jeunes filles ; son amant est là alerte et dispos : au risque de faire tomber la rosée des fleurs , elle va danser un peu ; cela est bien juste , elle n ' a pas dansé depuis hier .",
                  "id": "16",
                  "title": "Les beautés de l'Opéra, ou Chefs-d'oeuvre lyriques illustrés par les premiers artistes de Paris et de Londres / sous la dir. de Giraldon ; avec un texte explicatif rédigé par Théophile Gautier, Jules Janin et Philarète Chasles"
            },
            {
                  "doc_url": "https://gallica.bnf.fr/ark:/12148/bpt6k80430n",
                  "emotions": [
                        "surprise",
                        "optimism",
                        "desire",
                        "nostalgia",
                        "excitement",
                        "doubt",
                        "nervousness"
                  ],
                  "excerpt": "Nous y arrivâmes à la tombée du jour ; et , comme nous étions las , après avoir soupé de grand appétit , nous n ' eûmes rien de plus pressé que de nous aller coucher ( séparé - 1 ment bien entendu ) , car nous avions l ' intention de dormir sérieusement .Je faisais je ne sais qu < l rêve couleur de rose , plein de fleurs , de parfums et d ' oiseaux , quand je sentis une tiMe haleine effleurer mon front , et un baiser y descendre en palpitant des ailes .Un mignard clapementdc lèvres et une douce moiteur à la place ef fleurée ma firent juger que je ne rêvais pas j ' ouvris les yeux , et la première chose que j ' aperçus , ce fut le cou frais et blanc de Rosette qui se penchait sur le lit pour m ' embrasser .",
                  "id": "17",
                  "title": "Mademoiselle de Maupin (Nouv. éd.) / Théophile Gautier"
            },
            {
                  "doc_url": "https://gallica.bnf.fr/ark:/12148/bpt6k432122t",
                  "emotions": [
                        "surprise"
                  ],
                  "excerpt": "En face de vous , voilà Mayence , avec ses solides murailles et ses nombreux clucliers ; devant la ville , sur ! e fleuve , se balance une forêt de mâts dont les légers pavillons flottent au gré des vents .Mais descendons la montagne , et bientôt nous trouverons dans une délicieuse prairie ~ < K ~ M , la charmante , qui semble , par un raffinement de coquetterie , se cacher sous les monticules couverts de genêts embaumés , pour surprendre tout à coup le voyageur qui la cherche .La ville de Wiesbaden , dont les eaux sont si renommées , fut fondée par les Mattiaques , petite peuplade de la Germanie , un siècle avant l ' ère chrétienne .",
                  "id": "18",
                  "title": "Nouvelles cosmopolites, moeurs, coutumes de divers peuples de l'Europe / par Mme la Ctesse de Bassanville,..."
            },
            {
                  "doc_url": "https://gallica.bnf.fr/ark:/12148/bpt6k5626927m",
                  "emotions": [
                        "surprise"
                  ],
                  "excerpt": "Indépendamment de cette douleur scapulaire et de l ' état général , je trouvai , au - devant du scrotum , un très petit abcès superficiel dont je fis l ' ouverture .Quoique l ' urine sortît librement , je plaçai une sonde flexible dans l ' urèthre , frappé que je fus des caractères de l ' urine , qui était d ' un jaune orangé foncé et un peu fétide .Du reste , il y avait à l ' épaule une douleur excessive , avec tuméfaction et rougeur considérables .",
                  "id": "19",
                  "title": "Traité pratique sur les maladies des organes génito-urinaires, par le Dr Civiale,.... Tome 3,Edition 3"
            },
            {
                  "doc_url": "https://gallica.bnf.fr/ark:/12148/bpt6k6277337v",
                  "emotions": [
                        "surprise",
                        "nostalgia",
                        "gratitude"
                  ],
                  "excerpt": "Le Monsieur , qui pense fortement que tout est permis en carnaval , le gratifie d ' une nouvelle poignée .Le décoré pousse un cri : une vingtaine de confetti parfumés à la rose par le digne marchand se sont collés sur sa joue , rappelant un peu le fameux tour qui consiste à fixer une carte sur un mur à l ' aide d ' un crachat .Indigné , il se précipite sur l ' auteur de l ' attentat et lui flanque une volée de coups de canne .",
                  "id": "20",
                  "title": "Almanach de Bibi-Tapin.... 1900 / par l'auteur des \"Mésaventures de Bistrouille\""
            }
      ]
}