{
      "articles": [
            {
                  "doc_url": "https://gallica.bnf.fr/ark:/12148/bpt6k68044r",
                  "emotions": [
                        "surprise",
                        "disgust",
                        "doubt"
                  ],
                  "excerpt": "Qui sait d ' ailleurs si l ' œuvre que nous annonçons ne s ' accomplira pas dans le calme d ' un beau soir , soir de pardon et de mansuétude , dont le souffle apaisera les rancu ~ , endormira les colères et les haines , soir de bonheur et de tranquille paix , semblable au chimérique soir des messianistes où le faon des biches et le tigre doivent paitre côte à côte , après le fracas bienveillant des théophanies .Qu ' en penses - tu , Juste ? Vieux maître , quand viendra cette heure , j ' aurai déjà oublié depuis très longtempa l ' arôme des vins et l ' odeur des mets , je serai ainsi au même point où tu seras , toi qui les méprises .Il me semble , par conséquent , inutile de faire entrer cette préoccupation dans l ' ordre de mes pensées journalières .",
                  "id": "1",
                  "title": "Les porteurs de torches / Bernard Lazare"
            },
            {
                  "doc_url": "https://gallica.bnf.fr/ark:/12148/bpt6k65789851",
                  "emotions": [
                        "surprise"
                  ],
                  "excerpt": "Telle est cette observation intéressante , surtout au point de vue de l ' atrophie manifeste des nerfs olfactifs .Frappé de cette altération et pensant que l ' odorat pourrait être modifié , je me suis rendu d ' abord dans le dortoir de la femme Peulier ; j ' y appris de ses voisines qu ' elles s ' étaient souvent aperçues que cette femme n ' avait pas d ' odorat ( sic ) , que fréquemment elles l ' avaient priée d ' enlever sa chaufferette qui donnait de l ' odeur , mais qu ' elle répondait toujours qu ' elle ne le sentait pas .Elle ne s ' apercevait pas en outre le matin de l ' odeur du dortoir ni de celle du poêle pendant l ' hiver , et se refusait toujours à laisser ouvrir les fenêtres .",
                  "id": "2",
                  "title": "Comptes rendus des séances de la Société de biologie et de ses filiales"
            },
            {
                  "doc_url": "https://gallica.bnf.fr/ark:/12148/bpt6k5445542p",
                  "emotions": [
                        "surprise"
                  ],
                  "excerpt": "La plus remarquable rat le poivre long , blanc èc noir .Quoique eette épicerie ne flattât ni la vue , ni l ' odorat , ni le goût , elle devint extrêmement à la mode , au grand étonnement d ' un célèbre naturaliste .Son prix étoit si considérable , qu ' on s - ' avifa dé lé falsifier .",
                  "id": "3",
                  "title": "Histoire philosophique et politique des établissemens & du commerce des européens dans les deux Indes. Tome 1"
            },
            {
                  "doc_url": "https://gallica.bnf.fr/ark:/12148/bpt6k6580612w",
                  "emotions": [
                        "surprise"
                  ],
                  "excerpt": "— Et pourquoi ? — Parce qu ' il a fallu que les communes s ' imposassent à son sujet ; et je vous réponds que ça coûte ! — Quoi ! voudriez - vous donc vous passer d ' évêque ? — Pas absolument , mais avant , on vivait bien sur celui de Moutiers ! L ' on n ' avait que cette montagne à passer pour avoir ses dispenses , et pas tant de carillons ! » Telles sont les aventures de cette matinée , au bout de laquelle nous faisons halte et buvette à Saint - Michel , en même temps qu ' une huitaine de messieurs qui , à la chère qu ' ils font , nous ont tout l ' air d ' être de fins gourmets .Obsédés que nous sommes du fumet de leurs sauces et du parfum de leurs grives , très - certainement notre modeste picotin de fromage et de fruits nous semble moins qu ' à l ' ordinaire exquis et somptueux .Au fait , il en va toujours ainsi , et , sans le voisinage d ' un plus riche , qui donc se douterait qu ' il est pauvre ? Mais à peine avons - nous quitté Saint - Michel , que voici bien une autre affaire ! Le char de M .",
                  "id": "4",
                  "title": "Nouveaux voyages en zigzag, à la Grande Chartreuse, autour du Mont Blanc, dans les vallées d'Herenz, de Zermatt, au Grimsel, à Gênes et à la Corniche (3e éd.) / R. Töpffer, précédés d'une notice par Sainte-Beuve ; illustrés d'après les dessins originaux de Töpffer par MM. Calame, Karl Girardet, Français, d'Aubigny, de Bar, Gagnet, Forest"
            },
            {
                  "doc_url": "https://gallica.bnf.fr/ark:/12148/bpt6k54599163",
                  "emotions": [
                        "surprise",
                        "doubt",
                        "curiosity"
                  ],
                  "excerpt": "Mais quelle est , — réponds - moi , — cette lueur étrange , 62 Rimes fantastiques .Et ce parfum , pareil à celui du mélange Qui s ' embrase dans l ' encensoir ? Est - ce une vision ? — Vois ces formes magiques Qui , flottant près de toi , viennent te caresser ! Moine , repousse au loin ces Etres impudiques : Entre leurs bras de rose ils voudraient t ' enlacer ! — Esprits succubes , nés dans la nuit vaporeuse , Fils charmants de l ' Impureté , Épargnez une âme pieuse ..",
                  "id": "5",
                  "title": "Oiseaux de passage : rimes fantastiques, rimes d'ébène / Stanislas de Guaita"
            },
            {
                  "doc_url": "https://gallica.bnf.fr/ark:/12148/bpt6k96106686",
                  "emotions": [
                        "surprise"
                  ],
                  "excerpt": "Quand le sainct homme Isaac embrassa et baysa son enfant Jacob , il sentit la bonne odeur de ses vesternens ( Genes .27 ) ; et soudain , parfumé d ' un playsir extreme : 0 ! dit - il , voicy que l ' odettr de mon fils est comme rôdeur d ' un champ fleury que Dieu a .beny .",
                  "id": "6",
                  "title": "Oeuvres complètes de saint François de Sales,.... Introduction à la vie dévote"
            },
            {
                  "doc_url": "https://gallica.bnf.fr/ark:/12148/bpt6k96106686",
                  "emotions": [
                        "surprise",
                        "courage",
                        "doubt",
                        "curiosity"
                  ],
                  "excerpt": "L ' orayson est une manne pour l ' infinité des gousts amoureux et des precieuses suavitez qu ' elle donne à ceux qui en usent : mais elle est secrette parce qu ' elle tombe avant la clarté d ' aucune science , en la solitude mentale où l ' ame traitte seule à seule avec son Dieu .QLÛ est celle - cy , peut - on dire d ' elle , qui monte par le désert , comme une nuée de parfurns , de myrrhe , d ' encens et de toutes les poudres du parfumeur ( Cant .L ' amour desire le secret , et quoyque les amans n ' ayent rien à dire de secret , ils se playsent toutefois à le dire secrettement ; et c ' est en partie , si je ne me trompe , parce qu ' ils ne veulent parler que pour eux - mesmes , et disant quelque chose à haute voix , il leur est advis que ce n ' est plus pour eux seuls ; partie , parce qu ' ils ne disent pas les choses communes à la façon commune , ains ( 1 ) avec des traicts particuliers et qui ressentent la speciale affection avec laquelle ils parlent .",
                  "id": "7",
                  "title": "Oeuvres complètes de saint François de Sales,.... Introduction à la vie dévote"
            },
            {
                  "doc_url": "https://gallica.bnf.fr/ark:/12148/bpt6k96106686",
                  "emotions": [
                        "surprise",
                        "fear",
                        "annoyance",
                        "disapproval",
                        "doubt",
                        "embarrassment"
                  ],
                  "excerpt": "1 ) , c ' est - à - dire , commencez le premier , car je ne sçaurois m ' esveiller de moy - mesme , je ne sçaurois m ' esmouvoir si vous ne m ' esmouvez ; mais quand vous m ' aurez esmue , alors , ô le cher Espoux de mon âme ! nous courIrons nous deux : vous courrez devant moy en me tirant tousjours plus advant , et moy je vous suivray à la course , consentant à vos attraicts .Mais que personne n ' estime que vous m ' alliez tirant apres vous comme une esclave forcée , ou comme une charrette inanimée : ah ! non , vous me tirez à l ' odeur de vos parfums .Si je vous vay suivant , ce n ' est pas que vous me traisniez , c ' est que vous m ' allechez : vos attraicts sont puissans , mais non pas violens , puisque toute leur force ccÉsiste en leur douceur .",
                  "id": "8",
                  "title": "Oeuvres complètes de saint François de Sales,.... Introduction à la vie dévote"
            },
            {
                  "doc_url": "https://gallica.bnf.fr/ark:/12148/bpt6k5810229c",
                  "emotions": [
                        "surprise",
                        "nostalgia"
                  ],
                  "excerpt": "Sous celte chaleur d ' étuve , comme partout en ExtrêmeOrient , même grouillement de foule dans les voies poussiéreuses , même odeur fauve de chair jaune , noire , rouge , CHAPITRE V 49 même puanteur intolérable quand on passe devant la vermineuse boutique du Chinois .Ah ! cette odeur du Chinois I pour qui la connaît , combien compréhensible la boutade du voyageur qui disait : — - Qu ' un coup de vent me transporte subitement , les yeux bandés , dans une ville quelconque au bout du monde , si c ' est une ville chinoise , je jure de m ' en rendre compte immédiatement à l ' odeur .Ce composé de relents pestilentiels n ' appartient qu ' aux Célestes .",
                  "id": "9",
                  "title": "Choses des Philippines / par A. de Gériolles,..."
            },
            {
                  "doc_url": "https://gallica.bnf.fr/ark:/12148/bpt6k933627k",
                  "emotions": [
                        "surprise",
                        "grief",
                        "embarrassment"
                  ],
                  "excerpt": "L ’ odeur qui s ’ exhalait de cette espèce de tombeau avait failli me retenir de l ’ autre côté de l ’ ouverture ; cependant , ayant vu le prince y passer , je l ’ avais suivi .Mais , à peine entré , je sentis mes cheveux se dresser sur ma tête ; ce n ’ élait plus seulement une odeur de cadavre qui frappait mon odorat ; c ’ était , au milieu des débris de quelques meubles a moitié pourris , un squelette humain qui m ’ apparaissait gisant à terre .Le prince , à cette vue , se signa et dit : — Seigneur , ayez pitié de l ’ âme de votre ser - vante , car peut - être est - elle morte dans le désespoir ! Puis , se tournant vers moi après quelques moments de silence : — Le vieillard n ’ avait pas menti , dit - il .",
                  "id": "10",
                  "title": "Jacquot sans oreilles / Alexandre Dumas"
            },
            {
                  "doc_url": "https://gallica.bnf.fr/ark:/12148/bpt6k5707611q",
                  "emotions": [
                        "surprise",
                        "fear",
                        "courage",
                        "doubt",
                        "despair"
                  ],
                  "excerpt": "CHEVALIER DE CHATELAIN .VOIX LIBRES 117 AVENIR Avez - vous vu tomber l ' herbe dans la prairie , Alors qu ' elle fléchit sous la main du faucheur Et va joncher le sol , encor toute fleurie , Épandant ses parfums , épandant sa fraîcheur ? Tous ainsi nous tombons sous la main invisible Qui nous fauche sans cesse et nous jette à la mort : Tous ainsi , nous cédons au pouvoir inflexible Qui nous pousse au néant par un suprême effort .Mais un gazon nouveau , plus vert et plus prospère , Pointe de tous côtés sous le gazon détruit .",
                  "id": "11",
                  "title": "La Muse républicaine / [dir. Boué (de Villiers)]"
            },
            {
                  "doc_url": "https://gallica.bnf.fr/ark:/12148/bpt6k55351302",
                  "emotions": [
                        "surprise"
                  ],
                  "excerpt": "Autour d ' elle , que de fleurs rivalisent d ' éclat et de parfum I Ce sont les oeillets , los humbles résédas , le3 géraniums aux couleurs si vives et si variées , les fuchsias , los verveines , les thlaspis , les glaïeuls dont les feuilles se dressent en épi au milieu de feuilles aiguës , le lis si pur et si éclatant , qui élève sa blanche corolle au - dessus do toutes les plantes du parterre .Puis viennent le petit héliotrope , qui exhale le parfum de la vanille ; liscabieuse , piquetée de points blancs sur un rouge sombre ; l ' oeillet d ' Inde , à la corolle d ' un jaune foncé ; Y amarante , aux longues grappes cramoisies .La reine - marguerite précède et accompagne l ' automne .",
                  "id": "12",
                  "title": "Trésor scientifique des écoles primaires : leçons de choses (7e édition) / par Jules Conan,..."
            },
            {
                  "doc_url": "https://gallica.bnf.fr/ark:/12148/bpt6k55351302",
                  "emotions": [
                        "surprise"
                  ],
                  "excerpt": "Après avoir creusé un trou dans un morceau de bois tendre , ils mettent dans ce trou un bâton de bois dur , qu ' il font tourner entre les deux mains .Après quelques minutes , la cha leur se dégage , on sent une odeur de brûlé , la fumée s ' élève , le leu paraît .— Nos allumettes chimiques nous donnent le feu d ' une manière semblable , mais avec beaucoup moins do travail .",
                  "id": "13",
                  "title": "Trésor scientifique des écoles primaires : leçons de choses (7e édition) / par Jules Conan,..."
            },
            {
                  "doc_url": "https://gallica.bnf.fr/ark:/12148/bpt6k1067212",
                  "emotions": [
                        "surprise",
                        "doubt",
                        "curiosity"
                  ],
                  "excerpt": "Une personne prend un lavement dans lequel on a mis du camphre on de t ' éther , et bientôt sa respiration trahit l ' odeur de ces substances .Qu ' est - it arrivé ? Sont - ce les motécuies odorantes qui , cheminant de proche en proche , ont remonté toute la longueur du tube digestif jusqu ' à la bouche ? Non .Il y a en tout simplement imbibition de la liqueur dans le réseau veineux du rectum , passage dans le sang , transport an poumon , puis évaporation à travers les parois des capillaires .",
                  "id": "14",
                  "title": "Grotte d'ammoniaque / [signé : Constantin James]"
            },
            {
                  "doc_url": "https://gallica.bnf.fr/ark:/12148/bpt6k5821970j",
                  "emotions": [
                        "surprise",
                        "disgust",
                        "disapproval",
                        "doubt"
                  ],
                  "excerpt": "Ah ! c ' est le fameux Thébaldo , le second de l ' Em - 42 pereur ! Ah ! que voilà bien un pasteur deBelzébuth , avec ces martres qui lui caressent le menton , avec cette chevelure huilée et frisée .Pouah ! cela sent d ' une lieue l ' onguent de la Géhenne Le prêtrebaron , l ' abbé de cour , c ' est la pire des bêtes puantes C ' est donc à dire que toi , prêtre du Seigneur , tu sacrifies à Baal ! tu te vends à Nabuchodonosor ! tu gagnes de l ' argent et non des âmes ! Arbre véreux , quand le peuple compte s ' appuyer sur toi , tu tombes en pourriture , entraînant le pauvre peuple dans ta boue ? Es - tu corbeau , pour te repaître de charogne ? ..",
                  "id": "15",
                  "title": "Essai de théâtre catholique. Grégoire VII, ou le Pape et l'empereur au moyen âge, drame par Désiré Laverdant"
            },
            {
                  "doc_url": "https://gallica.bnf.fr/ark:/12148/bpt6k5558244x",
                  "emotions": [
                        "surprise",
                        "sadness",
                        "disgust",
                        "embarrassment",
                        "disappointment"
                  ],
                  "excerpt": "— Laissez - moi vous citer un exemple des funestes effets de la malpropreté : J ' ai connu , il y a longtemps , une petite fille qui était orpheline ; elle habitait chez une vieille tante qui avait la vue basse et qui elle - même ne se lavait pas les mains tous les jours .Hélas ! l ' on a vu cela ! Quel malheur ! L ' eau , pourtant , n ' est pas rare , et l ' odorat doit se révolter d ' être soumis aux exhalaisons des personnes sales .Ah ! Cette petite fille prit peu à peu l ' habitude de la malpropreté ; peu à peu aussi elle s ' habitua à ne rien faire , et la voilà grandissant entre deux vices également funestes , la malpropreté et la paresse .",
                  "id": "16",
                  "title": "La civilité honnête, instructive et amusante / par Charles de Ribelle"
            },
            {
                  "doc_url": "https://gallica.bnf.fr/ark:/12148/bpt6k5784259f",
                  "emotions": [
                        "surprise",
                        "doubt"
                  ],
                  "excerpt": "Enfin la forêt lui apparut à son tour avec ses grands pins noirs , remplie de hurlements de fauves , et Véfa n ' avait échappé à tant d ' épreuves que pour venir s ' échouer , au milieu d ' animaux féroces .Chose étrange , elle ne les voyait pas , ces animaux , elle ne faisait que les entendre , mais elle les sentait là tout près d ' elle et même son odorat en percevait l ' odeur de musc .Soudain une belle dame , qui ne pouvait être qu ' une fée , tant la petite fille la trouva belle avec son jupon rouge , son corselet noir , sa chemisette blanche et ses beaux cheveux de jais épandus sur ses épaules , s ' approcha d ' elle et poussa une exclamation de pitié .",
                  "id": "17",
                  "title": "Seulette (2e édition) / Pierre Maël ; ouvrage illustré... par Edouard Zier"
            },
            {
                  "doc_url": "https://gallica.bnf.fr/ark:/12148/bpt6k12804393",
                  "emotions": [
                        "surprise",
                        "disgust",
                        "disapproval",
                        "doubt"
                  ],
                  "excerpt": "Serapion appelle le Tripolium Turbit ; ce qui le fait prendre par quelques - uns pour le Turbit des Apothicaires .Matthiole , qui n ’ a point veu de Tripolium en Italie , le rient different du Turbit , qui n ’ eft ny odorant , ny piquant au gouft , mais un peu falé 8ç afpre .T RI P U DIE R .",
                  "id": "18",
                  "title": "Le grand Dictionnaire de l'Académie française... (2e édition...)"
            },
            {
                  "doc_url": "https://gallica.bnf.fr/ark:/12148/bpt6k6181375q",
                  "emotions": [
                        "surprise"
                  ],
                  "excerpt": "Trois jeunes filles mal vêtues se présentèrent à la portière , et nous offrirent des gâteaux pétrifiés et des fruits fossiles pour notre déjeuner .Je fus étonné , non pas de ces gâteaux et de ces fruits , mais du nez des jeunes filles .Je fis part de ma remarque au conducteur , qui , pour toute réponse , me dit : - Mousieur , ce sont trois soeurs .",
                  "id": "19",
                  "title": "Le Journal des coiffeurs : publication des coiffeurs réunis / créé par Mariton"
            },
            {
                  "doc_url": "https://gallica.bnf.fr/ark:/12148/bpt6k5828920t",
                  "emotions": [
                        "surprise"
                  ],
                  "excerpt": "Andréï , es - tu prêt ? • - Dans quelques minutes , répondit le Finlandais qui , pour cacher les mystères de ses préparations culinaires , avait ten lu un rideau devant le poêle .Un moment on n ' entendit que le grésillem ? nt d ' une friture , dont le parfum remplissait la salle et faisait dilater les narines dî l ' Ostiik • - « Tout est prêt , cria Andréï .Piolre et Yermak s ' élancèrent pour servir .",
                  "id": "20",
                  "title": "Le Cap aux ours / par A. de Lamothe"
            }
      ]
}