{
      "articles": [
            {
                  "doc_url": "https://gallica.bnf.fr/ark:/12148/bpt6k65442184",
                  "emotions": [
                        "surprise",
                        "relief",
                        "calmness"
                  ],
                  "excerpt": "Je ne puis vous offrir un hamac ; suivez vite ce sentier , et doublez le pas , car des esclaves pourraient vous arrêter s ' ils vous rencontraient loin de la ville .La nuit me surprit en route ; nuit étoilée , rafraîchissante , harmonieuse surtout par son silence et ses parfums , réveillée à de courts intervalles par les soupirs à demi voilés de quelques oiseaux de nuit , et le bruissement régulier de la vague qui venait expirer sur le bord .Il était près d ' une heure quand j ' arrivai au débarcadère , où nulle pirogue ne stationnait .",
                  "id": "1",
                  "title": "Voyage autour du monde (Nouvelle édition précédée d'une introduction de Jules Janin) / Jacques Arago"
            },
            {
                  "doc_url": "https://gallica.bnf.fr/ark:/12148/bpt6k6238546q",
                  "emotions": [
                        "surprise",
                        "joy",
                        "excitement"
                  ],
                  "excerpt": "sentir , comprendre , entendre , éprouver , être ému , touché .flairer , exha ! er , répandre une odeur quelconque .— Connaître , découvrir .",
                  "id": "2",
                  "title": "Dictionnaire analogique & étymologique des idiomes méridionaux qui sont parlés depuis Nice jusqu'à Bayonne et depuis les Pyrénées jusqu'au centre de la France... / par L. Boucoiran"
            },
            {
                  "doc_url": "https://gallica.bnf.fr/ark:/12148/bpt6k405674z",
                  "emotions": [
                        "surprise"
                  ],
                  "excerpt": "Sur l ' une des collines , est posé le vieux petit village arabe où l ' on ramène pour la nuit des troupeaux innombrables tandis que l ' on dresse notre camp , sur l ' herbe haute et fleurie , c ' est devant nous un défilé sans fin de bœufs et de moutons , qui montent s ' enfermer là , derrière des murs de terre , et que conduisent des bergers en longue robe et en turban , pareils à des saints ou à des prophètes ; des petits enfants suivent , portant avec tendresse dans leurs bras des agneaux nouveau - nés .Les dernières vont s ' engouffrer entre les étroites rues de boue séchée , plusieurs centaines de chèvres noires , qui cheminent en masse compacte , comme une longue traînée ininterrompue , d ' une couleur et d ' un luisant de corbeau ; c ' est inouï , ce que ce hameau de BeïtDjibrin peut contenir Et , au passage de toutes ces bêtes , une saine odeur d ' étable se mêle au parfum de la tranquille campagne .La vie pastorale d ' autrefois est ici retrouvée , la vie biblique , dans toute sa simplicité et sa grandeur .",
                  "id": "3",
                  "title": "Jérusalem (Quarante-septième édition) / Pierre Loti,..."
            },
            {
                  "doc_url": "https://gallica.bnf.fr/ark:/12148/bpt6k2292983",
                  "emotions": [
                        "surprise",
                        "doubt"
                  ],
                  "excerpt": "Quelle confusion aussitôt et quel remue - ménage Vous calmez cette effervescence par quelques bouffées de fumée et vous remettez la ruche dans sa position première .Les abeilles des deux colonies sont mêlées et leurs odeurs sont confondues .Dans la crainte qu ' elles ont d ' être séparées de leur mère , elles entrent toutes ensemble en bruissement , c ' est - à - dire battent le rappel par l ' agitation de leurs ailes .",
                  "id": "4",
                  "title": "Bulletin historique et scientifique de l'Auvergne / publié par l'Académie des sciences, belles-lettres et arts de Clermont-Ferrand"
            },
            {
                  "doc_url": "https://gallica.bnf.fr/ark:/12148/bpt6k62057n",
                  "emotions": [
                        "surprise",
                        "doubt"
                  ],
                  "excerpt": "la Muse , avec un long sanglot , En revenant rouge et toute percluse .Qui l ' aurait cru du bon Monsieur Veuillot t Amis , il faut attacher le grelot Au cou du dogue enroué , qui s ' abuse , Qui prend pour une étoile un vieux falot Et qui répand une senteur confuse Dans l ' univers .' G < t ! o : s , t8 < ! 9 .",
                  "id": "5",
                  "title": "Sonnets parisiens : caprices et fantaisies / Gabriel Marc"
            },
            {
                  "doc_url": "https://gallica.bnf.fr/ark:/12148/bpt6k9739286b",
                  "emotions": [
                        "surprise",
                        "relief",
                        "calmness",
                        "doubt"
                  ],
                  "excerpt": "On le dépouille , on l ' étend et Oil l ' attache sur ce gril .Saint Laurent fil - il paraître quelque agitation sur ce gril ? — Non , il y était imnJObile et tranquille comme sur un lit de roses , et son visage parut aux chrétiens environné d ' un éclat extraordinaire , et l ' odeur de son corps rôti leur parut agréable ; m ; is les infidèles ne virent point cette lumière , et ne sentirent point celte agréable odeur .Qu ' est - ce que dit le martyr au préfet , après avoir été du temps sur un côté ? — Il lui djt : Faites - moi retourner , je suis assez rôti de ce côté - là , Que lui dit - il ensuite quand il eut été retourné et rôti suffisamment de l ' aulre côté 7 — il lui dit : il est assez cuit , vous en pouvez manger .",
                  "id": "6",
                  "title": "Catéchismes philosophiques, polémiques, historiques, dogmatiques, moraux, liturgiques disciplinaires, canoniques pratiques ascétiques et mystiques, de Feller, Aimé, Scheffmacher, Rohrbacher, Pey, Lefrançois, Allëtz, Almeyda, Fleury, Pomey, Bellarmin, Meusy, Challoner, Gother, Surin et Olier. Tome 2 / annotés, complétés et actualisés, publiés par M. l'abbé M**** [Migne]..."
            },
            {
                  "doc_url": "https://gallica.bnf.fr/ark:/12148/bpt6k5449198x",
                  "emotions": [
                        "surprise"
                  ],
                  "excerpt": "Moi , couché dans le foin ( ma barque était attachée entre les roseaux ) , j ' écoutais la lente fluctuation des herbes ou les cris aigus qu ' un oiseau répétait , mêlés au murmure des branches .Mais je tressaillis : car il me sembla que le vent m ' apportait soudain une odeur nouvelle .Et j ' aperçus au - dessus des herbes le corps dressé de Nara , nu jusqu ' à la moitié du buste .",
                  "id": "7",
                  "title": "Poésies, 1878-1893. / Gabriele d'Annunzio ; traduites de l'italien par G. Hérelle"
            },
            {
                  "doc_url": "https://gallica.bnf.fr/ark:/12148/bpt6k5492183p",
                  "emotions": [
                        "surprise"
                  ],
                  "excerpt": "— AVRIL .L ' aubépine avait pris sa robe rose ot blanche ; Un bourgeon étoile pendait à chaque bmni ' - he ; Ce n ' était que parfums et concerts infinis , Tous les oiseaux chantaient sur le bord de leurs nids .( BRIZEUX .",
                  "id": "8",
                  "title": "Cours d'éducation et d'instruction pour les jeunes filles : année préparatoire : par Mlle Gatti de Gamond,..."
            },
            {
                  "doc_url": "https://gallica.bnf.fr/ark:/12148/bpt6k5608686h",
                  "emotions": [
                        "surprise"
                  ],
                  "excerpt": "» Au - dessous de nous passèrent les blés , les forêts , les villes et les tristes plaines de la Champagne .Tout près de Metz , un parfum venu [ i ] G .Sand .",
                  "id": "9",
                  "title": "Scènes de la vie privée et publique des animaux : études de moeurs contemporaines / par MM. de Balzac, George Sand, Charles Nodier, J. Janin, Stahl, P. Bernard, E. de La Bédollière, L. Baude, Ed. Lemoine, etc. ; vignettes par Grandville ; [sous la direction de P.-J. Hetzel]"
            },
            {
                  "doc_url": "https://gallica.bnf.fr/ark:/12148/bpt6k207168q",
                  "emotions": [
                        "surprise"
                  ],
                  "excerpt": "Suivant leur témoignage et leurs expressions , le ventre bout à l ' approche des orages ; cette distension du ' ventre va suivant eux en augmentant , jusqu ' à ce que les parois trop tendues , et ayant d ' ailleurs leur tissu relâché et ramolli par la putréfaction qui les attaque , cèdent à l ' effort de cette raréfaction intérieure et se brisent avec une sorte d ' explosion .Il parait que c ' est aux environs de t ' anneau et quelquefois autour du nombril , que se fait cette espèce d ' éruption il s ' écoule alors par ces ouvertures un fluide sanieux brunàtre , d ' une odeur très fétide , et il se dégage en même temps un fluide élastique très méphitique .Les corps amoncelés les uns sur les autres ne sont pas , comme ceux qui sont enterrés dans des fosses particulières , exposés sur un sol qui puisse en absorber l ' humidité .",
                  "id": "10",
                  "title": "Médecine légale, théorique et pratique : avec le texte et l'interprétation des lois relatives à la médecine légale. T. 2 / par A. Devergie,... ; revus et annotés par J.-B.-F. Dehaussy de Robécourt,..."
            },
            {
                  "doc_url": "https://gallica.bnf.fr/ark:/12148/bpt6k5526254v",
                  "emotions": [
                        "surprise",
                        "disgust",
                        "fear",
                        "courage",
                        "pain",
                        "embarrassment"
                  ],
                  "excerpt": "La force d ' impulsion m ' étend à terre , où mon assaillant cherché à me maintenir .Un éclair jaillit , et je me trouve en face d ' un affreux orang - outang ; son haleine fétide et brûlante ino suffoque .Devinant les intentions de l ' horrible monstre , je me défends avec l ' énergie qui m ' est propre dans certains moments critiques .",
                  "id": "11",
                  "title": "Aventuriers et pirates, ou Les drames de l'Océan indien : 1re partie, Aventuriers et pirates / par le baron de Wogan"
            },
            {
                  "doc_url": "https://gallica.bnf.fr/ark:/12148/bpt6k54309850",
                  "emotions": [
                        "surprise",
                        "nostalgia",
                        "doubt"
                  ],
                  "excerpt": "- i83 - [ % A ces dernières paroles , Auguste , qu ' une force mystérieuse • semblait retenir , s ' enveloppe de son manteau et sort brusquement , comme s ' arrachant à cette vision vengeresse ) .Ah ! ces jours glorieux de Rome forte et libre , Que sont - ils devenus ? Tu le sais , ô vieux Tibre ! Rome était belle alors ! Comme un bruyant essaim , Après avoir pillé le suc des étamines , Suspend au flanc des monts son odorant larcin , Rome était suspendue aux flancs des sept collines .Ruche de citoyens faits aux mâles vertus , Sur le roc éternel qui portait ses murailles , Elle entassait , trésors cueillis dans les batailles Les lauriers des Horace et des Cincinnatus .",
                  "id": "12",
                  "title": "Aurores et couchants : poésies intimes, études antiques / Sextius-Michel"
            },
            {
                  "doc_url": "https://gallica.bnf.fr/ark:/12148/bpt6k64581c",
                  "emotions": [
                        "surprise",
                        "disgust",
                        "disapproval",
                        "nostalgia",
                        "caring"
                  ],
                  "excerpt": "Les cheveux dénoués , flottants , les joues jaunes , les lèvres livides , les dents tartreuses , les yeux fiévreux , la veuve exhalait une odeur fétide .Quel changement 1 La fine , la jolie , l ' élégante femme d ' antan , si minutieusement soigneuse de sa personne , aux jupes aux flou - flou attrayants , répandant des parfums exquis , maintenant dégradée , avilie , dégoûtante , n ' était plus qu ' une espèce de bête puante « Ah la mort est préférable à cette abjection » pensa Emma remplie de compassion .Elle se détournait obstinément de ceux en présence de qui on la mettait , et dissimulait son visage sous son bras droit arrondi et collé à son front .",
                  "id": "13",
                  "title": "Les déséquilibrés de l'amour. 4 / par Armand Dubarry"
            },
            {
                  "doc_url": "https://gallica.bnf.fr/ark:/12148/bpt6k5659745m",
                  "emotions": [
                        "surprise",
                        "disgust"
                  ],
                  "excerpt": "En ce moment critique , Lancelot 3e teiuvait à peine à un demimètre de l ' appendice .Une odeur éthérée , caractéristique , dont Léonard lui avait si énergiquement signalé les dangers , pénétrait dans ses narines ; sans se rappelé qu ' il devait lui aussi se dérober à l ' infiuense stupéâaate , il se précipite \" sur la cage .Il se flattait de pouvoir retenir son haleine pendant qu ' il délierais 3e noeud , le noeud que Léonard avait fait avec tant de soin et d ' amour .",
                  "id": "14",
                  "title": "Falempin ou L'espion aérien : roman patriotique du siège de Paris / Wilfrid de Fonvielle ; ill. de Carrey"
            },
            {
                  "doc_url": "https://gallica.bnf.fr/ark:/12148/bpt6k28187g",
                  "emotions": [
                        "surprise"
                  ],
                  "excerpt": "Le livre , ouvert à la sixième méditation 7 ! e / i ' 6 ~ i ' o ? ts on MMM and immortality , avait ses pages tellement humides , que je crus d ' abord que M .Reegle les avait arrosées de ses larmes ; mais , en portant l ' in - douze à mon nez , je fus choqué de l ' odeur alcoolique qu ' il exhalait et je le laissai retomber sur la table .Le pongo parut sur ces entrefaites je lui demandai s ' il ne serait pas convenable d ' aider son maître à regagner sa chambre , mais il me répondit qu ' il n ' avait aucune envie de recevoir une bouteille à la tête , comme Juan Lunar , son prédécesseur , qui s ' était avisé une nuit d ' interrompre le sommeil du patron .",
                  "id": "15",
                  "title": "Scènes et paysages dans les Andes. [Série 1] / par Paul Marcoy"
            },
            {
                  "doc_url": "https://gallica.bnf.fr/ark:/12148/bpt6k1185383g",
                  "emotions": [
                        "surprise"
                  ],
                  "excerpt": ".« Et le parfum automnal des astres me donna comme une hallucination antique : je croyais entendre la flûte d ’ un faune au fond des clairières vaporeuses , et des rires de Napées dans les branches retombantes .Je souhaitais d ’ avoir en main une rustique coupe de hêtre sentant encore la fraîche odeur du bois ; j ’ aurais voulu l ’ emplir de la sève des plantes sauvages et la lever haut dans l ’ air pour faire une libation sacrée au dieu Pan et au chœur des Nymphes invisibles .",
                  "id": "16",
                  "title": "Écrits pour l'art : floriculture, art décoratif : notices d'exposition, 1884-1889 / Émile Gallé ; publ. par Henriette Gallé-Grimm"
            },
            {
                  "doc_url": "https://gallica.bnf.fr/ark:/12148/bpt6k56104322",
                  "emotions": [
                        "surprise",
                        "disgust"
                  ],
                  "excerpt": "Quant au thorax , les 0 premiers espaces intercostaux des deux côtés sont le siège d ' une teinte verdûtre se prolongeant jusqu ' à la colonne vertébrale ; les taches des lombes ont aussi augmenté d ' étendue .La bouche entr ' ouverte exhale une odeur infecte et laisse voir une teinte livide de la muqueuse palatine .Le cadavre esl toujours au fond .",
                  "id": "17",
                  "title": "Contribution à l'étude de la submersion : de la surnatation / par Antonin Rouit,..."
            },
            {
                  "doc_url": "https://gallica.bnf.fr/ark:/12148/bpt6k6568664j",
                  "emotions": [
                        "surprise"
                  ],
                  "excerpt": "Le plus remarquable des jets naturels fut celui de la houillère de Whitehaven en Cumberland .Les mineurs étaient à l ' ouvrage , lorsqu ' une bouffée d ' air d ' uue odeur inconnue passa au - dessus de leur lumière et éclata en un magnifique jet de flamme et se mit à flamber de telle sorte que les ouvriers effrayés prirent la fuite .Mais , bien que la flamme eût 2 mètres de haut sur moitié de large , elle brûlait si paisiblement qu ' ils se rassurèrent et vinrent agiter leurs chapeaux tout autour pour la souffler ; alors elle disparut .",
                  "id": "18",
                  "title": "Causeries sur la nature et l'industrie / par Eugène Muller"
            },
            {
                  "doc_url": "https://gallica.bnf.fr/ark:/12148/bpt6k9602880p",
                  "emotions": [
                        "surprise",
                        "nostalgia"
                  ],
                  "excerpt": "Je ne l ' ai pas voulu .A quoi bon ? Elle m ' a donné des sensations d ' une exquisité impalpable , et dont il me reste comme un subtil parfum lointain .J ' ai eu peur d ' en faire évanouir le charme .",
                  "id": "19",
                  "title": "Jacques Bernys / par Maurice Spronck"
            },
            {
                  "doc_url": "https://gallica.bnf.fr/ark:/12148/bpt6k5436555b",
                  "emotions": [
                        "surprise",
                        "excitement"
                  ],
                  "excerpt": "Les orgues grondaient lorsque la famille Aubrée laissa retomber derrière elle la porte battante .Gilbert fut enveloppé tout à coup par la splendeur de ces sons puissants ; la pénombre mystérieuse faite par les vitraux , le vague parfum d ' encens , l ' impressionnèrent ; il eut un frisson qui lui mouilla les yeux : impression toute poétique d ' ailleurs qui fut vite effacée par la voix nasillarde des chantres , ISO UNE .411 Pair distrait des diacres et la mine rubiconde de l ' officiant .",
                  "id": "20",
                  "title": "Isoline et la fleur serpent / par Judith Gautier,... ; illustrations de A. Constantin et F. Régamey"
            }
      ]
}