{
      "articles": [
            {
                  "doc_url": "https://gallica.bnf.fr/ark:/12148/bpt6k86304149",
                  "emotions": [
                        "surprise"
                  ],
                  "excerpt": "Son bandeau lui fut enlevé .A sa stupéfaction , il se trouvait dans une chambre parfumée , garnie de meubles somptueux .Devant lui , se tenait , rouge de désirs , celle qu ' il adorait secrètement .",
                  "id": "1",
                  "title": "Les Femmes et l'adultère, de l'antiquité à nos jours, peines, châtiments, maris complaisants, maris jaloux, anecdotes, situations plaisantes... / Fernand Mitton"
            },
            {
                  "doc_url": "https://gallica.bnf.fr/ark:/12148/bpt6k114584b",
                  "emotions": [
                        "admiration",
                        "surprise"
                  ],
                  "excerpt": "A l ' approche du Palais Impérial , un élégant jardin se dessine devant nous : C ' est là , dit le gênera ) , que l ' Empereur vient prendre son café quand il réside au château De là , la Néva est vraiment belle elle a trois ou quatre lieues de largeur ; on se croirait en mer .Une belle cascade formant escalier frappe mes regards ; tout alentour du jardin , une foule d ' officiers civils et militaires circule au milieu des vastes parterres semés de fleurs odoriférantes .Ce que j ' admire le plus , ce sont ces beaux càsques au cimier éclatant , surmontés de 1 aigle impérial aux ai : es déployées , sur lesquels flottent en les enveloppant de larges panaches de crin blanc .",
                  "id": "2",
                  "title": "En Russie / par Anatole Lenoir"
            },
            {
                  "doc_url": "https://gallica.bnf.fr/ark:/12148/bpt6k61253047",
                  "emotions": [
                        "surprise",
                        "fear",
                        "nostalgia",
                        "gratitude"
                  ],
                  "excerpt": "corps une sensation de vive chaleur , et j ' exhalais par tous les pores une odeur sulfhydrique .Ma femme qui entrait dans la chambre , s ' écria : Oh ! comme cela sent les eaux d ' Uriage .A deux heures du matin , je m ' éveillais , sentant encore du mal de gorge , et je repris 5 granules en deux fois , en cinq minutes d ' intervalle .",
                  "id": "3",
                  "title": "Guide du médecin dosimétriste / par le Dr Burggraeve"
            },
            {
                  "doc_url": "https://gallica.bnf.fr/ark:/12148/bpt6k57887424",
                  "emotions": [
                        "surprise",
                        "doubt"
                  ],
                  "excerpt": "— La nicotine est un liquide huileux , incolore , jaunissant bientôt à l ' air , et d ' une odeur peu prononcée .On dit bien qu ' elle a une odeur de tabac ; mais qu ' entend - on par odeur de tabac ? Pour moi , son odeur , surtout lorsqu ' elle est diluée , a quelque chose de celle de l ' éther .Elle a une saveur brûlante et caustique .",
                  "id": "4",
                  "title": "Instruction sur la recherche des poisons et la détermination des taches de sang dans les expertises chimico-légales : à l'usage des pharmaciens, des médecins et des avocats (2e édition française, augmentée d'un supplément) / par le Dr. Jul. Otto,... ; avec la collaboration du Dr. Robert Otto,... ; traduit avec l'autorisation de l'auteur sur la quatrième édition allemande par G.-E. Strohl,..."
            },
            {
                  "doc_url": "https://gallica.bnf.fr/ark:/12148/bpt6k5562170g",
                  "emotions": [
                        "surprise",
                        "annoyance",
                        "excitement"
                  ],
                  "excerpt": ".mesdames et messieurs ! crie la fruitière , qui vient d ' entrer armée d ' une énorme soupière d ' où s ' échappe une odeur qui n ' a rien de commun avec le bouillon .Achille présente sa main à la vieille clame qui l ' accepte en souriant , et il se trouve à table entre elle et la demoiselle qui a envie d ' entrer au Conservatoire .",
                  "id": "5",
                  "title": "La mare d'Auteuil / Paul de Kock"
            },
            {
                  "doc_url": "https://gallica.bnf.fr/ark:/12148/bpt6k54523215",
                  "emotions": [
                        "admiration",
                        "surprise",
                        "doubt"
                  ],
                  "excerpt": "LE CHATEAU FANTASTIQUE .LE comte prit le Docteur à part , et lui dit : — Vous êtes certes un véritable , un grand magicien ; mais tout ce que vous nous avez fait voir et goûter n ' est - il pas le résultat de quelque prestige ? Les magiciens charment facilement , je le sais , la vue , l ' ouïe , l ' odorat , ie goût et même le toucher ! Faust répondit : — Savoir charmer les gens et agir quelques instants sur une assemblée pour donner à tous les mêmes illusions , n ' est que l ' A B C des enchantements .Il en est d ' autres .",
                  "id": "6",
                  "title": "La légende du docteur Faust / P. Saintyves"
            },
            {
                  "doc_url": "https://gallica.bnf.fr/ark:/12148/bpt6k5488597p",
                  "emotions": [
                        "surprise",
                        "fear",
                        "doubt",
                        "nervousness",
                        "despair",
                        "embarrassment"
                  ],
                  "excerpt": "Mais , cette pauvre dame ne revient pas .Est - ce que la peur l ' aurait tuée ? Mon Dieu ! mon Dieu ! dans quelle position je suis ! LE CHATEAU DE LA ROCHE - SANGLANTE .111 Et si son frère rentrait à présent , il serait dans le cas de croire que j ' ai assassiné sa soeur ! Et quand elle reviendra , qu ' est - ce qu ' elle va dire ? « Je l ' ai bien annoncé qu ' il arriverait quelque malheur , et puis on me rit au nez comme si j ' étais un imbécile .",
                  "id": "7",
                  "title": "Le château de la Roche-Sanglante / par la comtesse Dash"
            },
            {
                  "doc_url": "https://gallica.bnf.fr/ark:/12148/bpt6k9780378q",
                  "emotions": [
                        "surprise",
                        "nostalgia"
                  ],
                  "excerpt": "Du simple g - rpnarlipr Ip rôle est exigeant .Autrefois j ' ai porté les galons de sergent , L ' uniforme me plaît , mais quoi ! j ' ai pris en grippe L ' odeur du corps de garde et celle de la pipe .Passer la nuit me brise , et veiller me fait mal .",
                  "id": "8",
                  "title": "Oeuvres de Pierre Lebrun. Tome 3"
            },
            {
                  "doc_url": "https://gallica.bnf.fr/ark:/12148/bpt6k9780378q",
                  "emotions": [
                        "surprise",
                        "pain"
                  ],
                  "excerpt": "Comment , depuis mes jeunes ans , N ' ai - je pas revu la prairie Qui , de mon souvenir chérie , Voyait courir mes pas enfans ! Si souvent alors fréquentée , Comment , depuis , quelque hasard Ne l ' a - t - il jamais présentée A mes pas , même à mon regard ! Je retrouve l ' odeur connue Des herbages , dont la fraîcheur Parmi mes veines s ' insinue , Et passe jusques à mon cœur .Près d ' une eau qui semble dormante , Je retrouve , avec mes sentiers , L ' air tout embaumé de la menthe Qu ' en passant écrasaient mes pieds .Cette rivière calme et pure , Dont les basses et lentes eaux , Entre deux rives de roseaux , Traînent un si faible murmure , Est - ce le Durtain que je vois ? Lui ! le Durtain ! le puis - je croire ? Si grand à mes yeux autrefois ! Si large encor dans ma mémoire ! Depuis qu ' a fui vers d ' autres cieux Ma vie , en son cours dérangée , La nature est - elle changée , Ou n ' ai - je plus les mêmes yeux ? C ' était une rivière immense , Dont les roseaux mêlés de jonc Semblaient à ma petite enfance Cacher des abîmes sans fond .",
                  "id": "9",
                  "title": "Oeuvres de Pierre Lebrun. Tome 3"
            },
            {
                  "doc_url": "https://gallica.bnf.fr/ark:/12148/bpt6k9780378q",
                  "emotions": [
                        "surprise"
                  ],
                  "excerpt": "JUAN .Oh ! quelle vue S ' offre imprévue A mes regards ! Quels sons nouveaux 16 font entendre ! De toutes parts Un parfum d ' aloès semble ici se répandre .PÉDRILLE .",
                  "id": "10",
                  "title": "Oeuvres de Pierre Lebrun. Tome 3"
            },
            {
                  "doc_url": "https://gallica.bnf.fr/ark:/12148/bpt6k1256115p",
                  "emotions": [
                        "admiration",
                        "surprise",
                        "sadness",
                        "pride",
                        "envy",
                        "greed",
                        "indifference"
                  ],
                  "excerpt": "Des esprits enflammés d ' un céleste délire , Des mains dignes du sceptre , ou dignes de la lyre y Languissent dans ce lieu par la mort habité .Grands hommes Inconnus , la froide pauvreté Dans vos ames glaça le torrent du génie ; Des dépouilles du tems la science enrichie , A vos yeux étonnes ne déroula jamais Le livre où la nature imprima ses secrets , Mais l ' avare Océan recèle dans son onde Des diamans , l ' orgueil des mines de Golconde Des plus brillantes fleurs le calice entr ' ouvert Décore un précipice , ou parfume un désert .Là peut - être sommeille un hamden de village , Qui brava le tyran de s ' n humble héritage , Quelque Milton sans gloire , un Cromwel ignoré , Qu ' un pouvoir criminel n ' a point déshonoré .",
                  "id": "11",
                  "title": "La Revue philosophique, littéraire et politique"
            },
            {
                  "doc_url": "https://gallica.bnf.fr/ark:/12148/bpt6k5706317v",
                  "emotions": [
                        "surprise",
                        "optimism",
                        "courage",
                        "doubt"
                  ],
                  "excerpt": "Un fleuve le reçoit , el le courant l ' entraîne .Qui sait , quand elle nage au milieu de la mer , Qu ' elle embauma sa tige et des fleurs fut la reine ? LÀ FEUILLE .Fleur aussi , j ' ai vécu des plaisirs caressé , J ' eus mes parfums d ' amour , nies baisers , mon aurore .",
                  "id": "12",
                  "title": "Fables et poésies diverses / par M. Étienne Azéma (de l'île Bourbon)"
            },
            {
                  "doc_url": "https://gallica.bnf.fr/ark:/12148/bpt6k6507198n",
                  "emotions": [
                        "admiration",
                        "surprise",
                        "disgust"
                  ],
                  "excerpt": "Le court espace à parcourir depuis le débarcadère jusqu ' à la rue Lanterne nous faisait passer devant les portes de l ' église de la Platière , ouverte aux prières du matin .Ce bas et humide sanctuaire d ' où s ' échappait toujours un parfum d ' encens me glaçait de crainte .Mes tantes , pour varier leurs moyens d ' instruction , n ' avaient pas négligé de m ' initier à la révocation de l ' Edit de Nantes et à toutes les persécutions exercées depuis lors en France contre nos coreligionnaires .",
                  "id": "13",
                  "title": "Souvenirs et portraits / Henry-Auguste Brölemann ; [publiés par A.-A. Brölemann]"
            },
            {
                  "doc_url": "https://gallica.bnf.fr/ark:/12148/bpt6k5457067p",
                  "emotions": [
                        "surprise",
                        "doubt",
                        "frustration",
                        "disappointment"
                  ],
                  "excerpt": "Mais ne te hâte pas do courir dans la vie ; Reste long - temps frivole ainsi que tes désirs .Enivre - toi d ' air pur , de parfums , de plaisirs ; Hélas I l ' illusion nous est sitôt ravie 1 La nature est encor belle et riche pour toi t Tu marches sur des fleurs , belle enfant , mais écoute t Tu meurtriras tes pieds aux cailloux de la route ; Plus de brise embaumée , et le vent sera froid l 0 - 4 > - Mais non ; ne me crois pas ! Non , je n ' ai rien pu dire : Toi , souffrir , oh ! jamais ! Si l ' horizon est noir , C ' est poumons seuls .Pour toi , tes jours sont pleins d ' espoir , Oui , j ' en crois ta gaîté , j ' en crois ton doux sourire î Quand ce joli sourire anime tes yeux bleus , C ' est qu ' un ange sans doute aux ailes frémissantes Te .",
                  "id": "14",
                  "title": "Les enfans et les anges : poésies / par Édouard Thierry"
            },
            {
                  "doc_url": "https://gallica.bnf.fr/ark:/12148/bpt6k9624665g",
                  "emotions": [
                        "surprise",
                        "disgust",
                        "embarrassment"
                  ],
                  "excerpt": "Sa timidité ordinaire le quittait en cette occasion et il éprouvait un certain plaisir à exaspérer M .Hurtrot en allumant une des petites cigarettes qu ' il avait l ' habitude de fumer : l ' odeur du tabac d ' Orient écœurait M .Hurtrot , qui montrait sa répugnance par une grimace exagérée .",
                  "id": "15",
                  "title": "Les vacances d'un jeune homme sage : roman / Henri de Régnier ; ill. de L. Lecoultre"
            },
            {
                  "doc_url": "https://gallica.bnf.fr/ark:/12148/bpt6k66292p",
                  "emotions": [
                        "surprise",
                        "gratitude"
                  ],
                  "excerpt": "Etait - ce sa peau , ses cheveux , une odeur émanant d ' elle qui avait ému son promis au point qu ' il se crut au ciel ? A la dérobée , la soubrette se pencha vers l ' ouverture de son fichu .Grand Dieu ! Ce parfum , c ' était celui de sa maîtresse , le même qu ' à Sénart 1 Avant de partir , Martine en avait Sb ~ ouë la dernière goutte entre ses seins ! 1 Elle pâlit .Ce n ' est pas moi qu ' il a embrassée , se ditelle .",
                  "id": "16",
                  "title": "Le jardinier de la Pompadour : roman (4e éd.) / Eugène Demolder"
            },
            {
                  "doc_url": "https://gallica.bnf.fr/ark:/12148/bpt6k66292p",
                  "emotions": [
                        "surprise",
                        "disgust",
                        "disapproval",
                        "doubt"
                  ],
                  "excerpt": "On dit même qu ' elle se farde .Mais ' ce n ' est pas vrai , dans notre famille 1 Moi je ne connais qu ' un onguent , celui fait de bou \" e et de toile d ' araignées qui mûrit les abcès ! Ah Martine ne veut plus sentir la vache ! Nous devons la dégoûter ! Dame Elever des cochons ou soigner le bidet d ' une marquise , c ' est point la même affaire 1 Le bidet d ' une marquise , c ' est - it son cheval ? demanda Tiennette .A peu près , répondit Laide d ' un air pincé et important .",
                  "id": "17",
                  "title": "Le jardinier de la Pompadour : roman (4e éd.) / Eugène Demolder"
            },
            {
                  "doc_url": "https://gallica.bnf.fr/ark:/12148/bpt6k5467994z",
                  "emotions": [
                        "surprise"
                  ],
                  "excerpt": "Les raînettes d ' or , Au bord de la mare , Font leur tintamarre Devant l ' eau qui dort .Voici la tonnelle Au fond du jardin , Et l ' odeur , soudain , De la pimprenelle .Nous sommes assis Au seuil de la porte .",
                  "id": "18",
                  "title": "Le plaisir des jours / André Rivoire"
            },
            {
                  "doc_url": "https://gallica.bnf.fr/ark:/12148/bpt6k5467994z",
                  "emotions": [
                        "surprise",
                        "nostalgia",
                        "excitement",
                        "gratitude"
                  ],
                  "excerpt": "Je vivais dans l ' amour sans air , sans horizon , Volontaire captif de ma seule tendresse ; Mon désir , asservi de maîtresse en maîtresse , Ne faisait , chaque fois , que changer de prison .Tout s ' est illuminé de fenêtres ouvertes , Et le jour entre en moi brusque et torrentiel : Comme l ' on peut aimer l ' azur léger du ciel Et dans le matin pur l ' odeur des feuilles vertes ! LE PLAISIR DES JOURS 4f Voici que je m ' éveille , avec l ' étonnement De découvrir partout tant de grâce éternelle ; Je vois s ' épanouir des fleurs , frémir une aile , Et quelque chose en moi s ' émeut éperdument .Dans l ' univers entier mon être se prolonge ; Ma propre joie au loin m ' accueille et me sourit , Et tout ce qui rayonne et tout ce qui fleurit , Tout semble , autour de moi , né de moi comme un songe .",
                  "id": "19",
                  "title": "Le plaisir des jours / André Rivoire"
            },
            {
                  "doc_url": "https://gallica.bnf.fr/ark:/12148/bpt6k6121149w",
                  "emotions": [
                        "surprise",
                        "nostalgia",
                        "doubt"
                  ],
                  "excerpt": "19 Comme ta douce voix allège ma souffrance , Ma soeur ! je ne sens plus le fardeau de la mort .Mais quoi ! déjà tu pars ! Oh ! que n ' ai - je des ailes Pour voler sur tes pas aux plaines maternelles ! Adieu ! que le zéphir , dans son souffle embaumé , Te porte heureusement au but de ton voyage .Que la France bientôt t ' offre son doux rivage , Son air suave et pur , son soleil bien aimé ! IV .",
                  "id": "20",
                  "title": "L'Exilé, poème, par Mlle Cl. Filleul de Pétigny"
            }
      ]
}