{
      "articles": [
            {
                  "doc_url": "https://gallica.bnf.fr/ark:/12148/bpt6k904765",
                  "emotions": [
                        "surprise",
                        "disgust"
                  ],
                  "excerpt": "! ) fond environ vers 500 ° .Chaune un peu au dessous de son point de fusion , au contact de l ' air , iibrû ! e avec une flamme bleue , en répandant des vapeurs douées d ' une odeur de raifort très - piquante .Cette odeur tient à la présence du sélénium , avec lequel le tellure , comme le soufre , se trouve ordinairement combiné .",
                  "id": "1",
                  "title": "Éléments de chimie minérale ; précédés d'un Abrégé de l'histoire de la science ; et suivis d'un Exposé des éléments de chimie organique... / par Ferd. Hoefer,..."
            },
            {
                  "doc_url": "https://gallica.bnf.fr/ark:/12148/bpt6k9613252w",
                  "emotions": [
                        "surprise",
                        "doubt"
                  ],
                  "excerpt": "Mais s ' il est ray , dic Polidor , qu ' on ait ainli du : mps de peitc .remarqué ces bestioles , à dans l ' air , où dans les bubons des pc » : iferé : > ? qu ' en doit on croire ? Il faut ctoire , repartit Periandre , qu ' elles ont esté produites parles humeurs corromi< : plies des malades , ou par les vapeurs mai lignes de l ' air pestilentiel , & par conseli queut qu ' elles sont l ' effet plutost que lé cause de la peste .Quelles en soient l ' ef ; set ou la cause , poursuiuic O ronte , s ' t .",
                  "id": "2",
                  "title": "Conversations de l'Académie de monsieur l'abbé Bourdelot, contenant diverses recherches, observations, expériences et raisonnements de physique, médecine, chymie, & mathématiquee . Le tout recueilly par le Sr Le Gallois ; et le parallèle de la physique d'Aristote et de celle de Mons. Descartes, leu dans ladite Académi"
            },
            {
                  "doc_url": "https://gallica.bnf.fr/ark:/12148/bpt6k97219615",
                  "emotions": [
                        "surprise"
                  ],
                  "excerpt": "Il se forma un abcès à la région du rein .Petit l ' ouvrit et vit sortir du pus fétide .Après avoir agrandi la plaie , il trouva dans une caverne large et profonde une pierre à trois branches engagée dans l ' uretère ou dans le bassinet du rein .",
                  "id": "3",
                  "title": "Encyclopédie des sciences médicales. t. IV, Traité des maladies des voies urinaires / par Chopart,... ; avec des notes et des additions par P.-S. Ségalas,..."
            },
            {
                  "doc_url": "https://gallica.bnf.fr/ark:/12148/bpt6k9609002w",
                  "emotions": [
                        "surprise"
                  ],
                  "excerpt": "Les odeurs par lesquelles vous attirez à moi les âmes * surpassent infiniment tous les parfums ; Il y aura en Vous une odeut ' qu ' elles ne coniioîtront que lors qu ' elles seront bien avancées * und odeur qui les attirera , & les ferai courir après vous , pour Venir à moi * & elles 111e Vérone amenées par vous .Cette odeur secrette étonnera ceusi qui ne sauront pas ce nlistere , .Ce .",
                  "id": "4",
                  "title": "Le Cantique des cantiques de Salomon , interpreté selon le sens mistique & la vraie representation des etats interieurs"
            },
            {
                  "doc_url": "https://gallica.bnf.fr/ark:/12148/bpt6k5558244x",
                  "emotions": [
                        "admiration",
                        "surprise",
                        "courage",
                        "excitement",
                        "envy",
                        "amusement"
                  ],
                  "excerpt": "La modestie n ' est pas toujours , hélas ! la compagne habituelle de cette charité venue sur un terrain cultivé , non sans peine ; mais , quand elle se fait la compagne inséparable de la charité , elle double le mérite de ceux qui pratiquent cette vertu ! Toi , ma Lisa , venue au monde avec tous les m 120 jst bons instincts , toutes les nobles qualités du coeur , toutes les richesses de l ' âme et de l ' imagination , je comprends toutes les délicatesses de ton abnégation et de ta modestie ; mais , pour quelques belles fleurs qui naissent suaves et embaumées dans un parterre , combien d ' autres fleurs aux brillantes couleurs qui n ' ont d ' autre mérite que leur éclat ! L ' on raconte qu ' un voyageur , passant pendant l ' obscurité à travers un chemin , foula quelque chose sous ses pieds .Il se baisse et ramasse une plante ; il la respire , et dit : — Oh ! la délicieuse odeur ! Oui , c ' est une rose , et j ' allais l ' écraser ! — Non , je ne suis pas la rose , murmura , à travers la brise , la petite fleur , mais j ' ai vécu avec elle .— Ce n ' est pas la rose , dit avec un soupir le voyageur ; puis , après avoir respiré de nouveau les parfums de la fleur , il dit : Au fait , qu ' importe que ce soit la rose , puisque cette fleur en a toutes les senteurs ! Et il mit la plante dans son sein , la traitant comme si elle avait été la rose elle - même , dont il adorait les parfums .",
                  "id": "5",
                  "title": "La civilité honnête, instructive et amusante / par Charles de Ribelle"
            },
            {
                  "doc_url": "https://gallica.bnf.fr/ark:/12148/bpt6k96679236",
                  "emotions": [
                        "surprise",
                        "annoyance",
                        "excitement",
                        "relief",
                        "greed",
                        "amusement"
                  ],
                  "excerpt": "Ah ! mes chers amis , vous avez faim .Éh ! bien , bon appétit ! Il joue 1 sur son mirliton l ' airs A la foire a Saint - Cloud ; l ' enseigne du restaurant change ; au lieu de cabinets particuliers , on lit cabinets inodores - aussitôt après ce changement , La Pelure , d ' Ognon et le Greffier sortent encourant , en se tenant le nez et en criant : « De l ' eau de Cologne Il et disparaissent , par la gauche .Le théâtre change et représente un salon chez Mirliton .",
                  "id": "6",
                  "title": "Mirliton, Mirlitaine : vaudeville-féerie-parade / de MM. Hippolite-Louis et Albert-Henri [Monnier]..."
            },
            {
                  "doc_url": "https://gallica.bnf.fr/ark:/12148/bpt6k998246",
                  "emotions": [
                        "surprise",
                        "annoyance",
                        "nostalgia",
                        "gratitude"
                  ],
                  "excerpt": "Voilà la question jugée ! s ' écrie Frédéric .i Ah Irma ! dit le monsieur parfumé en se baissant pour chercher sa tabatière , vous me faites perdre là du tabac délicieux .du pur Robillard 1 – Je l ' ai bien fait exprès , dit à demi - voix la jolie < brune en se tournant vers Frédéric , qui profite de la position du monsieur pour répondre .",
                  "id": "7",
                  "title": "La famille Gogo. Tome 1 / par Ch.-Paul de Kock"
            },
            {
                  "doc_url": "https://gallica.bnf.fr/ark:/12148/bpt6k9613252w",
                  "emotions": [
                        "surprise",
                        "amusement"
                  ],
                  "excerpt": "Il ne faut donc pas s ' eltonncr trouuer étrange que les mauuaises eurs estant fort desagreables , causent tuent des défaillances , des vomifle - ins , 5c même quelquefois des mala - dies trés perilleuses ; puis qu ' elles exclijr , tent vnc si grande agitation dans les hli ( : ' : meurs .Mais il est surprenant que et ! 11 , qu ' on appelle de bonnes odeurs , à cauf ^ \" ' du mouuementdelicieux par lequel el ; : les nous chatouillent 5 produise néant - moins des accidens aussi fâcheux , qi # ceux que nous voions arriuer tous le ; 1 \" jours aux femmes , & même quelque .fois à des hommes .",
                  "id": "8",
                  "title": "Conversations de l'Académie de monsieur l'abbé Bourdelot, contenant diverses recherches, observations, expériences et raisonnements de physique, médecine, chymie, & mathématiquee . Le tout recueilly par le Sr Le Gallois ; et le parallèle de la physique d'Aristote et de celle de Mons. Descartes, leu dans ladite Académi"
            },
            {
                  "doc_url": "https://gallica.bnf.fr/ark:/12148/bpt6k940379j",
                  "emotions": [
                        "surprise"
                  ],
                  "excerpt": "Il ne pensait pas à grand ’ chose et écoutait la v ° ‘ x de crécelle des rainettes qui erraient dans les buissons d ’ alentour et troublaient seules le f $ r and silence .Du fumier qu ’ il avait enclos de - Vant sa porte , entre quatre petits murs de pierres 8è ches , il l u i venait un air tout chargé d ’ odeurs c haude8 .LA VACHE I Au milieu , se dressait un suule mince et maigre aux feuilles fines comme des lames , dont quelques - unes , desséchées , tourbillonnaient , à peine retenues par un fil .",
                  "id": "9",
                  "title": "Le coureur de filles / Jules Renard"
            },
            {
                  "doc_url": "https://gallica.bnf.fr/ark:/12148/bpt6k9609002w",
                  "emotions": [
                        "surprise",
                        "disgust",
                        "doubt"
                  ],
                  "excerpt": "té , & la consistance en elle - même ne ! font plus de son état .Et d ' où monte cet - 1 te vapeur si droite , & : si odoriférante : Elle monte du desert de la foi .Et où va - t - elle ? Elle veut aller se reposer en sony Dieu .",
                  "id": "10",
                  "title": "Le Cantique des cantiques de Salomon , interpreté selon le sens mistique & la vraie representation des etats interieurs"
            },
            {
                  "doc_url": "https://gallica.bnf.fr/ark:/12148/bpt6k9321852",
                  "emotions": [
                        "surprise",
                        "joy",
                        "excitement"
                  ],
                  "excerpt": "Alors aussi , et pénétrant , à l ’ autre extrémité de la Piazza , dans le labyrinthe également étroit des rues qui s ’ acheminent vers le Théâtre de la Fenice , vous passez sons les feux croisés de bazards dans le voisinage desquels on vous provoque d ’ un regard escarbouclé qui révèle des Juives , et , d ’ une fenêtre à l ’ autre des maisons qui se regardent , on entend des chuchot - tements et de mystérieuses causeries .Enfin , rentre - t - on sur la Piazza , les yeux éblouis , les oreilles bourdonnant des mille bruits de la place , l ’ odorat frappé des tièdes parfums des fleurs , le ciel constellé qui étend sur l ’ immensité son riche pavillon d ’ azur — 18 .2 — semé de diamants , puis les fanaux de la plage et du môle , le phare du port , les feux des îles , les lanternes des vaisseaux , les falîots des gondoles , la fraîche température de la nuit , et souvent aussi la lune qui se lève sur la lagune , comme pour écouter le doux frémissement de ses vagues , les scintillements de la mer , la phosphorescence de l ’ onde , tout vous jette dans une hallucination que vous ne pouvez peindre , et dont vous subissez l ’ étrange influence .",
                  "id": "11",
                  "title": "Voyage pittoresque à Venise / par Alfred Driou"
            },
            {
                  "doc_url": "https://gallica.bnf.fr/ark:/12148/bpt6k56843925",
                  "emotions": [
                        "admiration",
                        "surprise",
                        "calmness",
                        "doubt"
                  ],
                  "excerpt": "/ ' - - coucha près de moi .Vous dire la bonne senteur des draps , la douceur du lit , l ' air agréable , le bien - être , le fortifiant de toute cette maison , ça n ' est pas possible .Après plus de soixante - dix ans , j ' en ressens encore je ne saisquoi de délicieux .",
                  "id": "12",
                  "title": "Rouen, rouennais, rouenneries / Eugène Noel ; avec une lettre-préface par Jules Levallois"
            },
            {
                  "doc_url": "https://gallica.bnf.fr/ark:/12148/bpt6k96860559",
                  "emotions": [
                        "surprise",
                        "doubt",
                        "curiosity"
                  ],
                  "excerpt": "Lui qui avait vu danser les négresses nues et s ' animer le bronze des formes sous la gaze des bayadères , il sentait une sexualité plus libidineuse encore émaner de ces blanches en fête .Et , à travers ce harem d ' Occident que surexcitait la présence profane du troupeau des hommes , il allait disant , dans l ' odorante fumée des belles peaux qui devait se répandre en nuages invisibles sous la peinture azurée du plafond : « Non , mais est - ce assez charmant , le monde ? Peut - on rêver , je vous le demande , rien de plus exquis que cette réunion ? Ah ! pourquoi faut - il que j ' en sois à mon âge ! ..",
                  "id": "13",
                  "title": "Flirt / Paul Hervieu,... ; illustrations d'après les aquarelles de F. Bellanger"
            },
            {
                  "doc_url": "https://gallica.bnf.fr/ark:/12148/bpt6k55007708",
                  "emotions": [
                        "surprise"
                  ],
                  "excerpt": "plus escoíriée ; il survienfíur la partie injceme des joces âes tumeurs .quelquefois dures , ^ noueuses £ 1 semblables à des verrues , & d ' autres fois songeuses j quelquefois il n ~ ît une subílrnce songeuse ? uniforme , qui s ' étend jusqu ' au fond de la bouche ; ie malade crache davantage , & ( ' haleine es ! plus fétide que dsr > s les autres espèces du scorbut ; quelquefois ie muscle temporal es ! gonflé Sc durci au - dessous de l ' apophyse z ^ gomatìque , mais les parotides ae le font jamais .50 , Le scorbut pâle .",
                  "id": "14",
                  "title": "Élémens de médecine pratique de M. Cullen ,... traduit de l'anglais sur la quatrième et dernière édition, avec des notes dans lesquelles on a refondu la Nosologie du même auteur... par M. Bosquillon,..."
            },
            {
                  "doc_url": "https://gallica.bnf.fr/ark:/12148/bpt6k96265168",
                  "emotions": [
                        "surprise",
                        "fear",
                        "pain",
                        "embarrassment"
                  ],
                  "excerpt": "Lorsque la pépie existe , il y a une affection dont l ' invasion et les progrès sont différemment caractérisés par rabattement , le plumage hérissé , le goût dépravé , la constipation , le marasme , la langueur .Quelquefois l ' air expiré est fétide , les narines , dont les deux fentes viennent aboutir à la mandibule supérieure du bec , sont obstruées par un mucus épais : la bête secoue la tête , en poussant un cri qui annonce de l ' embarras dans les voies aériennes ; pour respirer , elle lève la tête en ouvrant le bec , et la laisse retomber dans l ' expiration .La maladie principale est quelquefois une bronchite , une pneumonie chronique ; le plus souvent c ' est une gastrite déterminée par la disette , la sécheresse , les animaux ne trouvant plus ni grain , ni herbes , ni vers ; elle vient aussi par suite de mauvaises digestions , dans le cas de mauvaises récoltes , de grains cariés ou ergotes ; elle peut être aussi occasionée en partie par les eaux insalubres des mares , l ' égoût des fumiers que la sécheresse fait corrompre au degré le plus nuisible , la malpropreté des poulaillers , le manque d ' air et le peu d ' exercice que prennent les poules et autres volatiles de basse - cour .",
                  "id": "15",
                  "title": "Dictionnaire de médecine, de chirurgie et d'hygiène vétérinaires. Edition 2,Tome 4 / par M. Hurtrel d'Arboval,..."
            },
            {
                  "doc_url": "https://gallica.bnf.fr/ark:/12148/bpt6k5844349j",
                  "emotions": [
                        "surprise",
                        "disgust"
                  ],
                  "excerpt": "C ' est le quartier réservé , plus infect encore que le « Chapeau » de Toulon , et où l ' on chercherait en vain la « Sameyama » de Champsaur , et les mousmés mignardes de la « cité d ' amour » , au Japon .Des rues fangeuses , défoncées , bordées de paillottes délabrées , d ' une saleté repoussante , traversent cet endroit mal odorant qu ' on est surpris de rencontrer auprès d ' une ville , par ailleurs propre et coquette .Aussi bien , ce n ' est plus précisément Saïgon , mais plutôt un faubourg .",
                  "id": "16",
                  "title": "Notes et souvenirs d'un ancien marsouin : (Cochinchine-Cambodge),... / Fred Abaly"
            },
            {
                  "doc_url": "https://gallica.bnf.fr/ark:/12148/bpt6k68044r",
                  "emotions": [
                        "surprise",
                        "nostalgia"
                  ],
                  "excerpt": "Sa lassitude lui était devenue indifférente , il attendait quelque chose et , anxieux de savoir , il pressait sa course .La grève qu ' il parcourait lui paraissait sans limites , les ondes de ses sables se prolongeaient , et il fut surpris tout à coup en apercevant à l ' horizon la brume violette que fait l ' haleine des arbres ; le vent lui apporta le cher parfum des résines , la puissante et bienfaisante odeur sylvestre , puis il entendit un murmure plus triste et plus doux que la rude clameur du fleuve le murmure nocturne des bois endormis dont les songes bruissent .Il traversa une terre de genêts et de brousailles , ça et là plantée de bouquets de pins rabougris , et , comme un portique sombre , la forêt s ' ouvrit devant lui .",
                  "id": "17",
                  "title": "Les porteurs de torches / Bernard Lazare"
            },
            {
                  "doc_url": "https://gallica.bnf.fr/ark:/12148/bpt6k5452433q",
                  "emotions": [
                        "surprise",
                        "grief",
                        "nostalgia",
                        "despair",
                        "embarrassment",
                        "disappointment"
                  ],
                  "excerpt": "Elle est toute la chair épanouie , tout le désir , toute la splendeur de l ' été .Je croise sur mon visage mes mains auxquelles je demande un parfum disparu .L ' âme ardente des santals a pénétré le jeune corps ^ ui est là , sous mes yeux , et qui irradie l ' angoissante senteur du bois odorant .",
                  "id": "18",
                  "title": "Un mort vivait parmi nous : roman (9, 9e édition) / Jean Galmot"
            },
            {
                  "doc_url": "https://gallica.bnf.fr/ark:/12148/bpt6k5828920t",
                  "emotions": [
                        "surprise",
                        "disgust",
                        "anger",
                        "annoyance",
                        "doubt",
                        "curiosity",
                        "indifference"
                  ],
                  "excerpt": "C ' était un toile général .Mais lui , impassible : — C ' est une viande exquise , répétait - il ; s ' il y a quelque odeur , elle provient des choux : n ' est - il pas vrai , Véra ? — Je ne crois pas , mon pèrel — Comment , tu ne crois pas , toi aussil s ' écria - t - il , avec un superbe ge3te d ' indignation ; j ' en suis certain , moi .' Et il se servit * Mais , à la première bouchée , il fallut bien convenir q e celte viande n ' était pas exempte d ' un certain parfum .",
                  "id": "19",
                  "title": "Le Cap aux ours / par A. de Lamothe"
            },
            {
                  "doc_url": "https://gallica.bnf.fr/ark:/12148/bpt6k55065350",
                  "emotions": [
                        "surprise",
                        "fear",
                        "nervousness",
                        "embarrassment"
                  ],
                  "excerpt": "268 MYSTIFICATEURS ' ET MYSTIFIÉS .Tout à coup , Musson respira fortement en faisant une grimace qui annonçait la perception d ' une odeur suspecte ; il promena autour de lui un regard inquiet et l ' arrêta sur le chevalier de Cubières qui ne s ' expliquait pas encore cette pantomime .— Monsieur , je ne le dirai pas , murmura Musson avec un accent de reproche , mais vous vous oubliez .",
                  "id": "20",
                  "title": "Mystificateurs et mystifiés : histoires comiques / par P.-L. Jacob, bibliophile..."
            }
      ]
}