{
      "articles": [
            {
                  "doc_url": "https://gallica.bnf.fr/ark:/12148/bpt6k5609412t",
                  "emotions": [
                        "surprise",
                        "doubt"
                  ],
                  "excerpt": "Seulement il faut nous habituer à la tempérance , à la sobriété ; ne plus négliger les moyens hygiéniques capables de valider notre santé ; à faire de plus grands sacrifices pour les malheureux , puisque , par leur position , ils concourent le plus à éterniser cette maladie : ceci s ' adresse plus spécialement aux municipalités en particulier , et à chacun de nous en général .Je dis qu ' il y a des exhalaisons qui foudroient ; avons - ndus vu des cas semblables dans les attaques du choléra ? Non ; c ' est - à - dire qu ' il peut débuter brusquement , surtout dans les premiers moments de l ' invasion de l ' épidémie , par les symptômes les plus graves de l ' état algide : ces cas sont très - rares .A Londres , sept mois d ' épidémie ont donné 850 morts , ce qui n ' est absolument rien si l ' on a égard au chiffre énorme de population de cette ville ; sur ce nombre , on , ne compte que 18 cas où le choléra ait été foudroyant , c ' est - à - dire sans diarrhée antécédente ; encore , d ' après les informations , - 21 — tous avaient depuis longtemps , ou des maladies chroniques ou des prodromes non avoués avant la dernière maladie .",
                  "id": "1",
                  "title": "Qu'est-ce que le choléra ? Réflexions et conseils par M. Granet de Gandolphe,..."
            },
            {
                  "doc_url": "https://gallica.bnf.fr/ark:/12148/bpt6k5823757m",
                  "emotions": [
                        "surprise",
                        "doubt",
                        "curiosity"
                  ],
                  "excerpt": "Toutes les merveilleuses do Paris so croisent dans cette rue odorante , la rue Montorgucil , ci - devant Comtessed ' Artois .Où so parfumer , dit la mode , si l ' on ne so parfume rue Montorgucil ? L ' air y est de roses ; le vent y semble uno haleine de tubéreuse I Que parlez - vous de Fargcon ? Il y a si longtemps qu ' il est fameux ; et puis ce faubourg du Roule , c ' est un voyage .Mailhe ? U faut passer les ponts .",
                  "id": "2",
                  "title": "Histoire de la société française pendant le Directoire (Nouvelle édition) / par Edmond et Jules de Goncourt"
            },
            {
                  "doc_url": "https://gallica.bnf.fr/ark:/12148/bpt6k946294p",
                  "emotions": [
                        "surprise",
                        "joy",
                        "doubt"
                  ],
                  "excerpt": "1 Cependant , reviendrai - je un de ces jours , sans être I vu , pour t ’ en demander la recette .Beaucoup de I vanille , n ’ est - ce pas , et une pointe de kirsch ? » Et rouvrant ses ailes blanches , aux bords rosés ( d ’ aurore , l ’ ange traversa l ’ espace d ’ un nouveau son de lyre et d ’ un nouveau parfum de cinname < i — Pan ! dit la sœur Pétronille .L ’ ange n ’ avait pas menti .",
                  "id": "3",
                  "title": "Histoires joyeuses / Armand Silvestre"
            },
            {
                  "doc_url": "https://gallica.bnf.fr/ark:/12148/bpt6k66592h",
                  "emotions": [
                        "surprise",
                        "anger",
                        "gratitude",
                        "doubt"
                  ],
                  "excerpt": "Alors .suftout que la dent dcMMOtfiee n ' avait pas encore passé par t & pour tondre et ravager ' ces myiriadcadet ~ et embaumées , qucMe prodigteu ~ e aecumutatton de MMeura < Et ne se réalisait - elle pas de nouveau , mais en quelles incomparables proportions , la parole de t ' evan ~ ite la ma ! aon tout entiëre fut remplie de parfum t t < Ce parfum , t ' imagination facilement te verrait fumer comme l ' encens .ït est des jours où les yeux même croient d ~ couvrir que tes émanations embaumées lont en e8et devenues diaprées et fumantes .",
                  "id": "4",
                  "title": "Sainte Marie-Madeleine. Tome 2 / par M.-M. Sicard,..."
            },
            {
                  "doc_url": "https://gallica.bnf.fr/ark:/12148/bpt6k66592h",
                  "emotions": [
                        "surprise",
                        "nostalgia",
                        "gratitude",
                        "doubt"
                  ],
                  "excerpt": "taS < ! n < e ' Btu ! nequep < upMe < des blanches tuniques et .des noirstnattMU ! ! < t Que de fleurs dominicaines embaumées comme ! e printemps , éclatantes comme les feux de t ' été , n ' y aurait - il pas a cueillir dans ce ctoïtre et sur cette montagne , si t ' humitité religieuse s ' était prêtée à nos désirs de tout connaître pour tout savourer ? Il en est pourtant qui ont laissé quelques parfums arriver jusqu ' à nous .Nous avons dé } & rencontré une de ces riches productions de la sève dominicaine , ( ëcondée par tes pteMrs et tes parfums de ta Pénitente , dans Bernard Guidonis dont nous avons invoqué le témoignage en faveur de ! nvent ! on des retiqu < ' s de Marie ' Madete ~ ne .",
                  "id": "5",
                  "title": "Sainte Marie-Madeleine. Tome 2 / par M.-M. Sicard,..."
            },
            {
                  "doc_url": "https://gallica.bnf.fr/ark:/12148/bpt6k66592h",
                  "emotions": [
                        "surprise"
                  ],
                  "excerpt": "U contenait un écriteau portant ee * mon qu ' on put à peine déchiffrer , tunt t ' ~ criture Jt ' tit ane ! c ' ! ne A / t ' ~ M ~ < t ' tC - A / CtMC .Ce furent enfin , outre cette exhalaison de parfums , dont nouf menons de parler et qui était comparable & ce qui sort d ' un magasin d ' aromates ouvert , ' d ' autres mifactea quiconSfmèrent la vérité de t ' invention .La tangue de Maric - Madc * leine se trouvait encore dans sa bouche adhérente au gosier .",
                  "id": "6",
                  "title": "Sainte Marie-Madeleine. Tome 2 / par M.-M. Sicard,..."
            },
            {
                  "doc_url": "https://gallica.bnf.fr/ark:/12148/bpt6k5522955f",
                  "emotions": [
                        "surprise",
                        "doubt"
                  ],
                  "excerpt": "Sur moi , le parfum a toujours agi comme un alcool .AU 1 j » comprends que les Orientaux aient placé les aromates et les essences parmi les voluptés » ..",
                  "id": "7",
                  "title": "La Mode du jour"
            },
            {
                  "doc_url": "https://gallica.bnf.fr/ark:/12148/bpt6k65760021",
                  "emotions": [
                        "surprise",
                        "relief"
                  ],
                  "excerpt": "Après les frères sont entrés trèsrapidement : un jeune homme très - bien et trèspoli , et deux malappris qui avaient évidemment oublié l ' heure au buffet .Leur haleine s ' est mêlée au musc de la dame blanchâtre pour empester le wagon ; mais le train s ' est mis en marche , et quelque ? bonnes bouffées d ' air nous sont arrivées .J ' étais très - content de penser que maman était restée seule et bien à l ' aise dans son wagon de première classe .",
                  "id": "8",
                  "title": "En congé. Edition 2 / par Mlle Zénaïde Fleuriot"
            },
            {
                  "doc_url": "https://gallica.bnf.fr/ark:/12148/bpt6k5544383v",
                  "emotions": [
                        "surprise",
                        "love",
                        "nostalgia",
                        "doubt"
                  ],
                  "excerpt": "Dis encore , combien les soirs Tu vois de blanches créoles ; Et combien les brises folles Raiscnl de beaux cheveux noirs ? 10S LE M A UNO LIA .Combien de mains parfumées Caressent tes blanches fleurs , El disputent leurs blancheurs , Pressant d ' autres mains aimées ? Ce n ' est plus comme autrefois , Au temps de simple croyance ; C ' est aujourd ' hui l ' élégance , Puis un langage de choix ! Qu ' on entend sous ton feuillage ; Mais peul - ôtre sous ces cieux , Les amans sont moins heureux Qu ' aux temps du simple langage ! LE MAGNOLIA .100 Vo Ralancc encor de longs ans , Ta haute et superbe tête ; Qu ' à l ' abri de la tempête Elle épaississe long - temps , Et que ta large fleur blanche , Long temps balancée au vent , Se renouvelle souvent , Sans qu ' un vent glacé la penche .",
                  "id": "9",
                  "title": "Esquisses poétiques / par Mme Émilie Evershed,..."
            },
            {
                  "doc_url": "https://gallica.bnf.fr/ark:/12148/bpt6k58114019",
                  "emotions": [
                        "surprise",
                        "sadness",
                        "annoyance",
                        "doubt"
                  ],
                  "excerpt": "Je serais fort en état de le livrer , répondit Florine avec un sourire dédaigneux ; une princesse infortunée , qui languit dans les fers depuis si longtemps , peut beaucoup dans un complot de cette nature .Et pourquoi donc , reprit la reine , ètes - vo ' ts 45 coiffée comme une petite coquette , votre chambre pleine d ' odeurs , et votre personue si magnifique , qu ' au milieu de la cour vous seriez moins parée ? J ' ai assez de loisir , dit la princesse , il n ' est pas extraordinaire que je donne quelques moments à m ' habiller , j ' en passe tant d ' autres à pleurer mes malheurs , que ceux - là ne sont pas à me reprocher .Ça , ça , voyons , si cette innocente personne n ' a pas de traité avec les ennemis .",
                  "id": "10",
                  "title": "Contes des fées contenant : la Belle aux cheveux d'or, l'Oiseau bleu, Brinborion, le Nain jaune, par Mme la comtesse d'Aulnoy"
            },
            {
                  "doc_url": "https://gallica.bnf.fr/ark:/12148/bpt6k64613947",
                  "emotions": [
                        "surprise"
                  ],
                  "excerpt": "Dans le bas Poitou , on cultive une quantité prodigieuse d ' aulx et d ' oignons , et ils y sont monstrueux parla grosseur .L ' ail pris en excès est narcotique et stupéfiant ; il plonge dans une sorte d ' ivresse , analogue à celle que produit l ' opium ; employé à petite dose , c ' est un excellent condiment .Il donne au pot - au - feu un très - bon goût , relève le gigot de mouton , et rehausse la plupart de nos ragoûts ; l ' aïoli , la brandade sont des mets dont l ' ail est la base .",
                  "id": "11",
                  "title": "Physiologie des substances alimentaires, ou Histoire physique, chimique, hygiénique et poétique des aliments : avec leur étymologie grecque, celtique, latine... / par Stanislas Martin,..."
            },
            {
                  "doc_url": "https://gallica.bnf.fr/ark:/12148/bpt6k6516798p",
                  "emotions": [
                        "surprise",
                        "joy",
                        "amusement"
                  ],
                  "excerpt": "» LE bronze homicide , Cesse de tonner , Le rameau de Gnide , Va nous couronner ; A ce vaste empire Le calme est rendu ; La FRANCE respire ; LOUISE a paru .DIEU ! quel riant tableau ! des plaines embaumées , L ' œil voit au loin s ' enfuir les frimats importuns ; Des fleurs , que de LOUISE un sourire a formées , Un doux Zéphyr dans l ' air balance les parfums .Image du Printems , par sa seule présence , Des roses du Bonheur elle émaille nos jours , Et pour n ' éclairer que la FRANCE Le Soleil étonné semble arrêter son cours .",
                  "id": "12",
                  "title": "Hommages poétiques à Leurs Majestés impériales et royales sur la naissance de S. M. le roi de Rome. Tome 2 / , recueillis et publiés par J.-J. Lucet et Eckard..."
            },
            {
                  "doc_url": "https://gallica.bnf.fr/ark:/12148/bpt6k6454623v",
                  "emotions": [
                        "surprise",
                        "optimism"
                  ],
                  "excerpt": "Cris de guerre et glas de beffroi Vainement éclatent sans trêve : Toujours , dans la main du vieux roi , Immobile dort le vieux glaive .Qu ' un parfum monte des vallons ; Qu ' au ciel prélude une alouette : Soudain s ' éveillent les chansons Sur la lyre du vieux poêle .SONNET CUIRASSÉ .",
                  "id": "13",
                  "title": "Poésies complètes... (3e édition fort augmentée) / Nicolas Martin"
            },
            {
                  "doc_url": "https://gallica.bnf.fr/ark:/12148/bpt6k5462093w",
                  "emotions": [
                        "surprise",
                        "disgust",
                        "disapproval",
                        "doubt",
                        "indifference"
                  ],
                  "excerpt": ") Voyons ; dressant l ' oreille , il vous gobe la rose Et le bouton .Puis d ' un air grave : eh quoi ! Quoi , dit - il , ce sont - là vos vrais morceaux de roi ! Votre reine des fleurs ! Ah quelle fade chose ! De moi si l ' on veut que l ' on glose , Mais j ' aime cent fois mieux le piquant du chardon .Qui blâmera l ' Aliboron ? Ce ne sera pas moi , je - vous le jure ; Comme le dit encore la chanson , Tous les goûts sont dans la nature .",
                  "id": "14",
                  "title": "Fables nouvelles. Tome 1 / , de Bourgeois-Guillon"
            },
            {
                  "doc_url": "https://gallica.bnf.fr/ark:/12148/bpt6k5780084k",
                  "emotions": [
                        "surprise",
                        "doubt",
                        "embarrassment"
                  ],
                  "excerpt": "J ' ouvris donc , et , imbu de ces principes qu ' enseignent nos auteurs , que dément si souvent l ' expérience , mais que l ' habitude a consacrés , je ne manquai pas de faire une grande incision , pour parcourir avec le doigt toute l ' étendue du foyer , en découvrir les clapiers , les brides , et vider complètement la tumeur .Quel coup de foudre vint me frapper , ou plutôt quel trait de lumière vint m ' éclairer ! Le malade , baigné par un pus extrêmement fétide , bégaie quelques mots , perd connaissance , s ' affaiblit , et expire entre mes bras .» La pouriture d ' hôpital est une des complications les plus communes et les plus redoutables des plaies d ' armes à feu dans les hôpitaux des armées .",
                  "id": "15",
                  "title": "Histoire de la vie et des ouvrages de P. F. Percy, composée sur les manuscrits originaux, par C. Laurent,..."
            },
            {
                  "doc_url": "https://gallica.bnf.fr/ark:/12148/bpt6k57081720",
                  "emotions": [
                        "surprise",
                        "doubt"
                  ],
                  "excerpt": "Dans vos rêves passés , océan du jeune âge , Entre vos souvenirs une femme surnage ; Elle charma l ' ennui des classiques leçons : C ' est Camille qui court dans les vers de Virgile , Et qui , vers l ' Eridan , jamais d ' un pas agile Ne courba l ' épi des moissons .4 N ' avez - vous pas aussi rêvé de quelque fée Qui , d ' un palais de marbre , habite la nymphée , Remplit de ses parfums l ' éclatant corridor , Folâtre dans la conque où pleuvent les eaux vives , Et , le festin venu , donne aux heureux convives Sa corbeille d ' oranges d ' or .Dans un loisir d ' été , sous l ' arbre des fontaines , Avez - vous entrevu , vers les îles lointaines , La Péri d ' Orient , sur son lit de corail , Qui danse de ce pas que tout le Gange admire , Et fait mourir d ' amour le roi de Cachemire Dans le kiosque du sérail ? L ' air glacé de nos jours ne l ' a point étouffée , La Péri d ' Orient ou la divine fée ; Herculanum la livre encore à nos pinceaux , La nymphe qui volait sur les fleurs des corbeilles .",
                  "id": "16",
                  "title": "Les Adieux à Mlle Taglioni, suivis d'une Notice biographique sur cette célèbre danseuse. (Signé : Jules Canonge.)"
            },
            {
                  "doc_url": "https://gallica.bnf.fr/ark:/12148/bpt6k96805570",
                  "emotions": [
                        "admiration",
                        "surprise",
                        "doubt"
                  ],
                  "excerpt": ".Ceux qui disaient : « elle est de l ' âge jeune où Man ' matha » au grand arc de canne à sucre lance ses flèches parfumées » , en parlant de la femme au grand âge , attachée sans interruption au prince à trois yeux , sans aucun empêchement , se connaissant elle - même , étaient stupéfaits .1 On sait que les Indiens considèrent comme une grande beauté chez les femmes le développement excessif des seins et l ' extrème minceur de la taille .",
                  "id": "17",
                  "title": "Bulletin de l'Athénée oriental"
            },
            {
                  "doc_url": "https://gallica.bnf.fr/ark:/12148/bpt6k97677171",
                  "emotions": [
                        "surprise",
                        "doubt"
                  ],
                  "excerpt": ".DION Cela dépasse l ' imagination ! Qui oserait attenter pareil forfait ? ARÉTHUSE Je n ' ai rien vu ou senti .PHARAMOND Parle , manant , qui a frappé la princesse ? LE PAYSAN Est - ce là notre princesse ? DION Oui .",
                  "id": "18",
                  "title": "Philaster ou L'amour qui saigne (Love is a bleeding) : tragédie en cinq actes / de Francis Beaumont et John Fletcher ; [traduits par Georges Eckhoud]"
            },
            {
                  "doc_url": "https://gallica.bnf.fr/ark:/12148/bpt6k9668498h",
                  "emotions": [
                        "surprise",
                        "doubt",
                        "curiosity",
                        "faith"
                  ],
                  "excerpt": "Si je ne puis te voir , J ' aime entendre , le soir , Tes divines roulades .Que dis - tu dans tes chants ? Fêtes - tu le printemps ? Les soirs d ' été sans voiles ? Ou la pâle clarté , La timide beauté Des lointaines étoiles ? Chantes - tu les senteurs De la forêt en fleurs ? Les parfums de la terre ? Nous parles - tu du ciel , Le séjour éternel ? De son profond mystère ? — Je dis : Le jour s ' enfuit , Déjà voici la nuit Et les ombres moroses ; Il n ' est plus de soleil Radieux et vermeil : Le soir ternit les roses .Enfants , je dis encor : Vos jours sont filés d ' or , Mais ils sont éphémères .",
                  "id": "19",
                  "title": "Brises des pays bleus : poésies pour les enfants / par Mademoiselle Marie Grandin,..."
            },
            {
                  "doc_url": "https://gallica.bnf.fr/ark:/12148/bpt6k5516036z",
                  "emotions": [
                        "trust",
                        "surprise",
                        "optimism",
                        "desire",
                        "nostalgia",
                        "doubt",
                        "curiosity"
                  ],
                  "excerpt": "En me quittant .Garreau m ' a dit : Je vous reverrai , n ' est - ce pas ? — Ah ! puisse - t - il dire vrai ! puissôje revenir encore à Rome et visiter de nouveau avec lui ce petit vallon solitaire des Trois - Fontaines , si plein de grands souvenirs et où son âme angélique ajoute encore un parfum ! « Avant de partir .Garreau m ' a montré son atelier et sa couchette ; .",
                  "id": "20",
                  "title": "Histoire du patronage des apprentis et jeunes ouvriers de Notre-Dame de Nazareth : souvenir du cinquantième anniversaire de la fondation"
            }
      ]
}