{
      "articles": [
            {
                  "doc_url": "https://gallica.bnf.fr/ark:/12148/bpt6k57060847",
                  "emotions": [
                        "surprise",
                        "disgust",
                        "excitement"
                  ],
                  "excerpt": "che le sens mystérieux , et qui chamarrent de leurs couleurs éclatantes , que n ' ont pu altérer les siècles , ces surfaces robustes de l ' architecture égyptienne .Cela étonne et dépayse étrangement de se trouver tout à coup nez à nez avec un de ces monuments qu ' on va chercher le long du Nil dans quelque plaine de sable aux réverbérations brûlantes .L ' illusion est complète , tant la fidélité do la copie est poussée loin .",
                  "id": "1",
                  "title": "L'orient. Tome 2 / Théophile Gautier"
            },
            {
                  "doc_url": "https://gallica.bnf.fr/ark:/12148/bpt6k1157899v",
                  "emotions": [
                        "surprise",
                        "doubt",
                        "frustration"
                  ],
                  "excerpt": "Justice .LA LUTTE Lorsque les effluves printanières se font sentir , la lutte devient ardente , Quelle lutte ? Il ne s ’ agit pas ici de l ’ ut de poitrine , ni de la lutte pour la vie struggle for life .Non , c ’ est la lutte à propos de rien et à propos de tout .",
                  "id": "2",
                  "title": "La Soirée bordelaise : journal des théâtres et concerts, donnant tous les soirs le programme complet des théâtres..."
            },
            {
                  "doc_url": "https://gallica.bnf.fr/ark:/12148/bpt6k77327z",
                  "emotions": [
                        "surprise",
                        "gratitude"
                  ],
                  "excerpt": "On cmptoh ) partit egatf ' s .H ! te poMede Mue coutout d ' on vert olire fune ~ tsau odear couleur d ' M « « ' ft oMTe f « ' Mt ; Mn odeur rappettc un pcn celle du ca < s ! < .< t / f ~ a < d ' Bamt / ~ M .",
                  "id": "3",
                  "title": "Traité de thérapeutique et de matière médicale. Tome 2 / par A. Trousseau,...et H. Pidoux,... ; éd. rev. et augm. avec la collab. de Constantin Paul,..."
            },
            {
                  "doc_url": "https://gallica.bnf.fr/ark:/12148/bpt6k3052155w",
                  "emotions": [
                        "surprise",
                        "doubt",
                        "curiosity"
                  ],
                  "excerpt": "J ’ ai dit que son fruit résistait bien aux temps humides , et cette qualité lui est bien reconnue sur les bords du Rhin , où on l ’ associe souvent au Riesling qui mûrit une dizaine de jours plus tard .Peut - être y a - t - il une variété de ce Tramin si cultivé par les amateurs de bon vin ; ce serait le premier dont j ’ ai parlé ; toujours est - il que j ’ ai reçu des crossettes de mon correspondant de la Côte - d ’ Or avec une étiquette synonymique ainsi conçue : ROTH GEWURTZ TRAMINER ; le mol Gewurtz veut dire parfumé , aromatique ; et aussi sous ceux de HELL ROTH MUSCAT TRAMINER ( hell , clair a grains écartés ) ; AECHTER TRAMINER , TRAMIN LÉGITIME .Cependant ce même correspondant pense qu ’ il pourrait bien n ’ y avoir d ’ autre différence que celle des noms ; je n ’ ai pas fait d ’ observations suffisantes pour décider la question .",
                  "id": "4",
                  "title": "Ampélographie universelle ou Traité des cépages les plus estimés dans tous les vignobles de quelque renom (4e édition) / par le Cte Odart,..."
            },
            {
                  "doc_url": "https://gallica.bnf.fr/ark:/12148/bpt6k64812256",
                  "emotions": [
                        "surprise",
                        "doubt"
                  ],
                  "excerpt": "etc .Comment se fait - il donc , disions - nous en réfléchissant à part nous sur cette matière , que la Provence dont la terra nourrit tant de plantes aromatiques , dont les vins ont tant d ' esprit , et dont les ports abondent en sucre et en épices , ne renferme aucun dig - lillateur célèbre , et ne soit renommée p : ) r aucune liqueur sortie de ses fa - briques ? En effet , si l ' on en excepte l ' huit .de jasmin de la fabrique de M .",
                  "id": "5",
                  "title": "Almanach des gourmands : servant de guide dans les moyens de faire excellente chère / par un vieil amateur"
            },
            {
                  "doc_url": "https://gallica.bnf.fr/ark:/12148/bpt6k998993",
                  "emotions": [
                        "surprise",
                        "nostalgia",
                        "relief",
                        "calmness"
                  ],
                  "excerpt": "Ton âme se peint bien Dans ton profil athénien , Ton œii bleu sympathique .Ta maison blanche aux volets gris De jasmins embaumée , Calme , au milieu des prés fleuris , Soudain est animée Par les chiens aboyants Carnier au dos , chasseurs bruyants Suivent , troupe auamée .Quels beaux repas bien assortis Aux jours brefs de l ' automne Nous avons de grands appétits Mais le gibier foisonne .",
                  "id": "6",
                  "title": "Sur les chemins de la vie / Pierre de Bouchaud"
            },
            {
                  "doc_url": "https://gallica.bnf.fr/ark:/12148/bpt6k57060847",
                  "emotions": [
                        "surprise",
                        "doubt"
                  ],
                  "excerpt": "On eût dit des cheveux d ' enfant teints de henné , comme on en voit eu Algérie .Nous ne pensons pas ( pie cette teinte , qui met Nes - Khons à la dernière mode , soit naturelle ; elle devait être brune comme les autres Egyptiennes , et ce ton aubum est produit sans doute par les essences et les parfums de l ' embaumement .Cette teinte d ' or rougi , nous la retrouvons sur deux têtes de femme exposées dans la vitrine , dont l ' une , chose étrange , est coiffée exactement comme la Vénus de Milo , avec d ' opulents bandeaux ondes , et dont l ' autre porte une profusion de nattes enroulées formant casque , comme on les dispose maintenant .",
                  "id": "7",
                  "title": "L'orient. Tome 2 / Théophile Gautier"
            },
            {
                  "doc_url": "https://gallica.bnf.fr/ark:/12148/bpt6k54539983",
                  "emotions": [
                        "surprise",
                        "grief"
                  ],
                  "excerpt": "» Elle a dit : dans les airs la madone céleste A repris son vol radieux .Un nuage d ' encens , seul après elle reste : Enivré de parfums , Auboin oOTre les yeux .Il s ' éveille ; une fleur par le vent agitée Du beau front de la vierge a volé sur son sein .",
                  "id": "8",
                  "title": "La cour de blanche : fleurs d'hiver / par V. C. Des Gimées"
            },
            {
                  "doc_url": "https://gallica.bnf.fr/ark:/12148/bpt6k54539983",
                  "emotions": [
                        "surprise",
                        "nostalgia"
                  ],
                  "excerpt": "— Où sont - elles encor ces femmes séduisantes Qui tenaient en leurs mains le doux code d ' amour , Resserraient des amans les chaînes vacillantes , Et mettaient sans pitié le traître hors de cour ? Beau temps ! cycle doré ! le siècle anatomistc Veut , armé du scapel , vous réduire au néant ; Brise dans son dédain votre radieux prisme , ( & ^ 5 252 s * ^ * Et Pygmée orgueilleux se proclame géant .Oh ! pourtant quel parfum à nos sens se révèle Au milieu des cités , filles des anciens jours , Quand le penser rêveur nous couvrant de son aile .De tout un long passé nous retrace le cours .",
                  "id": "9",
                  "title": "La cour de blanche : fleurs d'hiver / par V. C. Des Gimées"
            },
            {
                  "doc_url": "https://gallica.bnf.fr/ark:/12148/bd6t5374885h",
                  "emotions": [
                        "surprise",
                        "desire",
                        "curiosity"
                  ],
                  "excerpt": "4 orange posée sur une table : je sais d ’ avance que , si je la prends dans ma main , je lui reconnaîtrai , au toucher , un certain poids , une surface à peu près lisse , une température plus ou moins fraîche ; qu ’ en la flairant , en la goûtant , je lui trouverai une odeur et une saveur à peu près déterminées .Je tente l ’ épreuve , et mon attente est pleinement justifiée ; ou peut - être trouverai - je , avec surprise , que l ’ objet que je croyais si bien connaître , n ’ a ni le poids , ni la température , ni l ’ odeur que je m ’ attendais à lui trouver ; en un mot , je m ’ aperçois que ce que je prenais pour une orange , n ’ est qu ’ un morceau de marbre , auquel on a donné la forme et la couleur de ce fruit .Cet exemple et une infinité d ’ autres de même espèce quiLest facile d ’ imaginer , me font concevoir , l ° que , dans le plus grand nombre des cas , il me suffit de voir , de toucher , ou d ’ odorer , etc .",
                  "id": "10",
                  "title": "Introduction à l'étude de la philosophie. Tome 1 / , par J.-F. Thurot,... précédé d'une notice sur la vie et les ouvrages de l'auteur"
            },
            {
                  "doc_url": "https://gallica.bnf.fr/ark:/12148/bpt6k96920983",
                  "emotions": [
                        "surprise"
                  ],
                  "excerpt": "Il ne voyait la vie de soldat qu ' à travers des souvenirs de lectures , des blagues qu ' on retient , des tableaux léchés de peintres militaires .Il n ' avait jamais fréquenté des troupiers , flâné aux abords d ' une caserne , respiré la puanteur d ' une chambrée , écouté devant un saladier de vin au « Salon de Mars » ou en un autre cabaret diffamé du Gros - Caillou , ces lamen - tables et monotones conversations de bleus et de brisquards où transparaissent les rancœurs étouffées par la crainte , parl ' étau de la discipline .Il ignorait le sort qui lui était réservé au régiment comme à tous ceux qui endossent l ' uniforme .",
                  "id": "11",
                  "title": "La peau / par René Maizeroy"
            },
            {
                  "doc_url": "https://gallica.bnf.fr/ark:/12148/bpt6k106482k",
                  "emotions": [
                        "surprise",
                        "doubt"
                  ],
                  "excerpt": "A chaque instant , on éprouve un léger choc à la rencontre d ' une figure aimée , d ' une personne de connaissance Dans cette jeune femme pâle au profil de camée , au maintien grave et réservé , je reconnais soudain une vierge de Luini .Celle - ci , au front éh ' oit , aux grands yeux étonnés , au visage d ' un ovale si pur , qui laisse derrière elle une senteur d ' iris , c ' est la F ~ ' < x du Titien .Et cette autre , aux yeux bruns , qui s ' allongent en un sourire énigmatique , c ' est ma plus ancienne connaissance , c ' est la JocoHde d ' une amitié si fidèle mais si longue à obtenir .",
                  "id": "12",
                  "title": "Italie : notes et croquis / Eugène Faugière"
            },
            {
                  "doc_url": "https://gallica.bnf.fr/ark:/12148/bpt6k5445854x",
                  "emotions": [
                        "surprise",
                        "fear",
                        "nervousness",
                        "pain"
                  ],
                  "excerpt": "Un jour , en la regardant , Stelio lui parla de la puissance infinie qui se recueille dans l ' ombre produite par le casque sur le visage du Pensieroso .Après la dernière syllabe exhalée , elle vit Stelio se lever impétueusement , trembler comme dans la fièvre , errer à travers la chambre sous l ' aiguillon du dieu , haleter de l ' angoisse que lui donnaient les tumultes confus de sa force créatrice .Parfois elle le vit venir à elle avec des yeux rayonnants , transfiguré par une soudaine béatitude , illuminé par une flamme intérieure , comme si se fût allumée tout à coup en lui une surhumaine espérance ou que se fût révélée une vérité immortelle .",
                  "id": "13",
                  "title": "Le feu / par Gabriele d'Annunzio ; traduit de l'italien par G. Hérelle"
            },
            {
                  "doc_url": "https://gallica.bnf.fr/ark:/12148/bpt6k5445854x",
                  "emotions": [
                        "surprise"
                  ],
                  "excerpt": "Au loin , vers la lagune , par les déchirures ouvertes dans cet or mobile , on voyait s ' avancer une flotte pavoisée : une escadre de galères semblables peutêtre à celles qui naviguent dans le rêve de l ' homme luxurieux dormant son dernier sommeil sur un lit imprégné de parfums mortels .Gomme celles - là , peut - être , elles avaient des cordages faits avec les chevelures tordues des esclaves capturées dans les villes conquises , ruisselantes encore d ' une huile suave ; comme celles - là , elles avaient leurs cales chargées de myrrhe , de nard , de benjoin , d ' éléomiel , de cinnamome , de tous les aromates , et de santal , de cèdre , de térébinthe , de tous les bois odoriférants accumulés en plusieurs couches .L ' indescriptible couleur des flammes dont elles apparaissaient pavoisées , évoquait les parfums et les épices .",
                  "id": "14",
                  "title": "Le feu / par Gabriele d'Annunzio ; traduit de l'italien par G. Hérelle"
            },
            {
                  "doc_url": "https://gallica.bnf.fr/ark:/12148/bpt6k5445854x",
                  "emotions": [
                        "surprise"
                  ],
                  "excerpt": "— Il y a comme une odeur de foin fauché .Ne la sens - tu pas ? — C ' est l ' odeur des algues : les bancs commencent à découvrir .— Regarde les belles campagnes ! — Ce sont les Vignoles .",
                  "id": "15",
                  "title": "Le feu / par Gabriele d'Annunzio ; traduit de l'italien par G. Hérelle"
            },
            {
                  "doc_url": "https://gallica.bnf.fr/ark:/12148/bpt6k1269799n",
                  "emotions": [
                        "surprise",
                        "annoyance",
                        "doubt"
                  ],
                  "excerpt": "Hier même , quand les luths , les chants et les propos D ' un bruit accoutume réveillaient vos échos , On n ' eût pas deviné TIJLLIE .Que fa isais - j c donc , traître , Si ce n ' est t ' oheir ? L ' oses - tu mecotniaitre ? Pour qui tous ces repas prolongés dans la nuit ? Pour qui tous ces parfums , tous ces citants , tout ce hruit ? Dis : Ktait - ce pour moi ? J ' en étais obsédée .l \\ ' est - cl ' donc pas toi seul qui m ' as persuadée ? Je t ' ai trop écoute .",
                  "id": "16",
                  "title": "Lucrèce : tragédie en 5 actes et en vers / par M. Ponsard"
            },
            {
                  "doc_url": "https://gallica.bnf.fr/ark:/12148/bpt6k5612870r",
                  "emotions": [
                        "surprise"
                  ],
                  "excerpt": "Dans ses bras affaiblis chacun pressait son frère ; Seul , l ' amour leur restait dans co grand dénûment .Telles , aux jours d ' été , sur leurs tiges égales , On voit deux jeunes fleurs qu ' un soleil va flétrir , Mélanger leurs parfums , confondre leurs pétales , Et , dans lo même instant , s ' incliner et mourir .: - 46Car : - 46Car rend plus fort : la mort est moins amère Quand on a plein le coeur de ce baume divin ; Puis il donne l ' espoir : en quittant cette terre On jette vers le ciel un regard plus serein .",
                  "id": "17",
                  "title": "Les voix du coeur / par Elie-François-Martial B....."
            },
            {
                  "doc_url": "https://gallica.bnf.fr/ark:/12148/bpt6k1131042",
                  "emotions": [
                        "admiration",
                        "surprise",
                        "joy",
                        "excitement",
                        "pride",
                        "curiosity"
                  ],
                  "excerpt": "x destin J ' adore une beauté qui n ' a point de pareille , Soit pour enchanter l ' œil , soit pour ravir l ' oreille , Ou pour faire d ' un cœur un amoureux butin .Son visage est plus fiais qu ' une rosc au matin , Quand au chant des oiseaux son odeur se réveille ; Elle rempli ' mes sens de gloire et de merveille , Et me fait mépriser la bergère Câlin .Accuse qui vomira mon humeur d ' inconstance , Je ni ; veux ni ne puis lui faire résistance , Et crois ne point faillir changeant de bien cil min : 0 divine Amarante , acceptez mou service , Et daignez admirer connue pour vos beaux yeux Je fus une venu de ce iiii fui un vice .",
                  "id": "18",
                  "title": "Les poètes de l'amour : recueil de vers français des XVe, XVIe, XVIIe, XVIIIe et XIXe siècles / précédé d'une introduction par M. Julien Lemer"
            },
            {
                  "doc_url": "https://gallica.bnf.fr/ark:/12148/bpt6k1131042",
                  "emotions": [
                        "surprise",
                        "boredom",
                        "nostalgia",
                        "doubt",
                        "indifference"
                  ],
                  "excerpt": "Si , lière devant tous , en secret vous pleurez , Cherchant aux yeux jaloux à dérober votre Sine , Chacun croit que le sort a composé la trame Iles beaux jours de jeunesse ou vous vous enivre / Du lil d ' or le plus pur – pourtant vous soupirez ; Etsur desflcurs souvent brillent des pleurs de femme .Mais ( lue voit dans le cœur un œil indifférent : ' – Qui surprend la tristesse à l ' ombre d ' un sourire ? Qui saitquel baume épanche un feuillage odorant ? Dans la Joule , personne .Un ami seul peul lire Ce poème inconnu ; seul il sait des .",
                  "id": "19",
                  "title": "Les poètes de l'amour : recueil de vers français des XVe, XVIe, XVIIe, XVIIIe et XIXe siècles / précédé d'une introduction par M. Julien Lemer"
            },
            {
                  "doc_url": "https://gallica.bnf.fr/ark:/12148/bpt6k1131042",
                  "emotions": [
                        "admiration",
                        "surprise"
                  ],
                  "excerpt": "Est étonné des Heurs qui hrillenl sur sa « Ole Et le fleuve , tantôt sous les places caché .Tantôt rapide , impur , battu par la tempête ; Se promène orgueilleux du calme de ses eaux Et vous , longtemps muets , vous murmurez , ruisseaux ; Vous admirez déjà les fleurs les plus superbes Se disputer l ' henReur de parfumer vos bords .Et vous , Amour ! et vous , tout ressent vos transports Le zé .",
                  "id": "20",
                  "title": "Les poètes de l'amour : recueil de vers français des XVe, XVIe, XVIIe, XVIIIe et XIXe siècles / précédé d'une introduction par M. Julien Lemer"
            }
      ]
}