{
      "articles": [
            {
                  "doc_url": "https://gallica.bnf.fr/ark:/12148/bpt6k6534006z",
                  "emotions": [
                        "surprise"
                  ],
                  "excerpt": "Le - pin cimbre ( pinus cimbra ) , qui couronne en Europe la cime des monts , s ' élève au milieu des plaines humides de la Sibérie , où il atteint , suivant Gmelin , une taille gigantesque ; mais il n ' étale toute sa magnificence que sur les terres à l ' ouest de rieniseï : à l ' est de ce fleuve , il diminue de grandeur , et vers le bord de la Lena il ne dépasse guère la taille des arbustes .Le peuplier blanc est tellement commun en Sibérie que Pallas s ' étonnait que le coton qu ' il porte n ' y fût pas utilisé ; le peuplier baumier , qui dans nos jardins n ' est qu ' un arbrisseau , élève majestueusement sa tige et répand dans les airs les molécules odorantes de ses bourgeons résineux .La Sibérie ne produit ni pommes ni poires : les fruits insipides du poirier sauvage de la Daourie ( pirus baccata ) et du poirier à feuilles de saule , sont de la grosseur d ' une cerise ; l ' abricot du même pays est d ' un goùt aigrelet .",
                  "id": "1",
                  "title": "Géographie complète et universelle. Tome 2 / Malte-Brun"
            },
            {
                  "doc_url": "https://gallica.bnf.fr/ark:/12148/bpt6k5629449d",
                  "emotions": [
                        "surprise"
                  ],
                  "excerpt": "Comme l ' orphelin se promenait seul , dans la cour , un jour de sortie , il trouva sous ses pas une lettre adressée au principal .QUELLE ÉCOLE ! 113 Le cachet n ' avait pas été rompu , l ' enveloppe était parfumée , l ' écriture élégante .Louis se hâta de porter sa trouvaille à un maître d ' étude .",
                  "id": "2",
                  "title": "Le vrai maudit. Tome 1 / par Mme ***"
            },
            {
                  "doc_url": "https://gallica.bnf.fr/ark:/12148/bpt6k54578572",
                  "emotions": [
                        "surprise",
                        "gratitude",
                        "doubt"
                  ],
                  "excerpt": "Je revi : mais je remeur 35 De douceur D ' une joye trop extresme .Mon dieu ! la la ! quelz repas : Quelz appaslz Entre deux coraux tu gardes ? 40 O mon vray dieu , que de fleurs , Que d ' odeurs De ta langue tu me dardes ! Mais quel nectar est ce - ci , i Oui ainsi 45 De plus en plus me convie ? Plus la soif perdre j ' en doy , Plus j ' en boy : Moins s ' en passe mon envie .Quelle Ambrosie des dieux , 50 S ' est des cieux Dedans ta bouche rangée ? Plus croistre , son repas vain , Fait la sain , Et moins elle paist mangée .",
                  "id": "3",
                  "title": "Les amours de Jean-Antoine de Baïf : amours de Méline : édition critique / Mathieu Augé-Chiquet,..."
            },
            {
                  "doc_url": "https://gallica.bnf.fr/ark:/12148/bpt6k9819314w",
                  "emotions": [
                        "surprise",
                        "disgust",
                        "anger",
                        "fear",
                        "embarrassment"
                  ],
                  "excerpt": "vie ! Je n ' en veux pas ! Voyez un peu le foin qu ' ils ont éparpillé ! Un peu par ici , un peu par là , finalement cela fait une botte .Quelle odeur ! On dirait que j ' ai un verre d ' eau - de - vie sous le nez ! Ah ! qu ' il aille au diable ! ( Il bâille .) Il est temps de se coucher .",
                  "id": "4",
                  "title": "Œuvres complètes. 28, La puissance des ténèbres (1886) ; Le premier bouilleur (1886) ; Les fruits de l'instruction (1889) / comte Léon Tolstoï ; [trad. de J. W. Bienstock]"
            },
            {
                  "doc_url": "https://gallica.bnf.fr/ark:/12148/bpt6k63654542",
                  "emotions": [
                        "surprise",
                        "nostalgia",
                        "excitement"
                  ],
                  "excerpt": "appelle le parfum de la Loge » qui imprègne mon appartement et ma personne .Je le goûte , je l ' exhale , tout ce qui m ' appartient le sent , et un ancien phénomène inexplicable que je n ' avais pas revu depuis bien des mois — plus d ' un an — et que j ' avais l ' habitude d ' obtenir avec d ' autres parfums a réapparu .C ' est une odeur forte qui exsude d ' un endroit défini au sommet de ma tête ( sur le Brahmarândhra ? — 0 ) qui est très petit ( delà grandeurd ' une pièced ' unedemi - couronne ) .",
                  "id": "5",
                  "title": "Histoire authentique de la Société théosophique. Série 1 / par son président-fondateur H. S. Olcott... ; traduite de l'anglais, par La Vieuville"
            },
            {
                  "doc_url": "https://gallica.bnf.fr/ark:/12148/bpt6k55407830",
                  "emotions": [
                        "surprise",
                        "anger",
                        "excitement"
                  ],
                  "excerpt": "r - Asrfis i r MIGNARDISES XVI FLEURETTE J ' aperçois le moineau venir Jufqu ' à mon feuiipiquer la graine ; La bife noire fe déchaîne ; La neige aux branches va tenir .Un jour d ' été , - quel fouvenir ' & Çpus traverfions tous deux la plaine , cArrachant des fleurs a main pleine ; Tu boudais , & , pour te punir , Je femai fur ta tète aimée Toute une gerbe parfumée .Il faifait fi chaud , - Jouviens - toi , - Que , dans cette pluie étoilée , Une fleurette if aimez - moi Sur ton front demeura collée .",
                  "id": "6",
                  "title": "Sonnets humouristiques (Nouvelle édition considérablement augmentée précédée d'une préface en vers) / par Joséphin Soulary"
            },
            {
                  "doc_url": "https://gallica.bnf.fr/ark:/12148/bpt6k5459329n",
                  "emotions": [
                        "surprise",
                        "disgust",
                        "doubt",
                        "amusement"
                  ],
                  "excerpt": "Car l ' aristocratie Fi ! ne se mésallie .Elle ! au milis - u d ' un bock ' Style à la Paul de Kock 16 Humerait , c ' est bizarre , L ' odeur d ' un vieux cigare Des pièces de .Thémis Qui datent de l ' an dix .",
                  "id": "7",
                  "title": "Vichy à vol d'oiseau, ou Vichy rimé / Fernand Burier"
            },
            {
                  "doc_url": "https://gallica.bnf.fr/ark:/12148/bpt6k9603434c",
                  "emotions": [
                        "surprise",
                        "grief",
                        "disgust",
                        "pain",
                        "embarrassment"
                  ],
                  "excerpt": "0 lassitude ! je reposai ma joue sur le ventre d ' une jeune fille qui s ' enveloppa de fraîcheur avec ma chevelure humide .L ' odeur de sa peau safranée enivrait ma bouche ouverte .Elle ferma sa cuisse sur ma nuque .",
                  "id": "8",
                  "title": "Les chansons de Bilitis / Pierre Louys ; traduites du grec"
            },
            {
                  "doc_url": "https://gallica.bnf.fr/ark:/12148/bpt6k65168914",
                  "emotions": [
                        "admiration",
                        "surprise",
                        "faith"
                  ],
                  "excerpt": "Il passa la matinée à genoux devant » le saint Sacrement .Son extérieur était gra » deux , et de toute sa personne s ' exhalait » un parfum de piété qui nous impressionna » vivement .Presque tous les novices voulurent » se recommander à ses prières avant son dé » part .",
                  "id": "9",
                  "title": "Le Pèlerin de Marie. Notice biographique sur Charles-Aristide Maire, pénitent public pour la France , par l'abbé J. Morey,..."
            },
            {
                  "doc_url": "https://gallica.bnf.fr/ark:/12148/bpt6k64722346",
                  "emotions": [
                        "surprise",
                        "doubt"
                  ],
                  "excerpt": "Il est certain , au contraire , dites - vous , puisqu ' il ne s ' agit pas d ' un virus fixe spécifique , que l ' exposition au grand air suffirait pour détruire l ' infection de la matière inanimée , tandis que l ' atmosphère infecte ne pourrait manquer de se renou , eler près du corcs du malade ( i ) .Avant de vous exprimer de la sorte , vous aviez commencé par dire qu ' il faut reconnaître q ! e le miasma de la fièvre des prisons peut produire de terl ' ib } ; s eiTets , ir êrae hors de l ' espace où il est continuellement rei ^ orvelé , et vous aviez cité ensuite l ' exemple célèbre et tant - de fois tie ces fameuses assises anglaises ( 2 ) , où un grand nombre d ' individus furent infectés par des criminels non malades tirés d ' un cachot dans lequel régnait la fièvre des prisons .Or , voici la manière ( 1 ) Traité des moyens de désinfecter l ' air , pas ; .",
                  "id": "10",
                  "title": "Recueil des oeuvres posthumes de M. F.-T. Bidault de Villiers,..."
            },
            {
                  "doc_url": "https://gallica.bnf.fr/ark:/12148/bpt6k9793340g",
                  "emotions": [
                        "surprise",
                        "doubt",
                        "frustration"
                  ],
                  "excerpt": "Tant que le général ne montre pas d ' incertitude , ils marchent hardiment sur ses traces .Quelquefois il arrive qu ' un chien de berger , un mâtin , un roquet rencontre votre lièvre de meute ; chacun le poursuit pendant un certain temps , et lorsque vos chiens arrivent ils trouvent une différence dans l ' odeur , la voie n ' est pas la même , ils ne savent que faire , vous les voyez ébahis , ne sachant plus de quel côté se tourner .Un vieux chien marchera toujours , il saura bien démêler les odeurs et les voies , mais les jeunes resteront court comme un acteur qui ne sait pas son rôle .",
                  "id": "11",
                  "title": "Journal des chasseurs"
            },
            {
                  "doc_url": "https://gallica.bnf.fr/ark:/12148/bpt6k9793340g",
                  "emotions": [
                        "surprise",
                        "anger",
                        "fear",
                        "excitement"
                  ],
                  "excerpt": "Malgré ce soin , pendant toute une journée , on fit le bois sans résultat .Le lendemain , comme le soleil allait se lever , la brise d ' est , soufflant doucement , apporta aux chiens les subtiles émanations du corps du nègre qu ' ils cherchaient ; ils s ' arrêtèrent court , levèrent leur museau , puis , poussant des aboiemens de fureur , ils partirent rapides suivis des nègres et des blancs , qui les excitaient de leurs cris : oh ! oh ! oh ! oh ! en avant ! Le houra retentit effrayant dans les montagnes .Tout à coup les chiens suspendirent leur course , formèrent un cercle et redoublèrent leurs aboiemens ; ils étaient sur les bords escarpés d ' un précipice , autour d ' un abîme qui dominait la mer .",
                  "id": "12",
                  "title": "Journal des chasseurs"
            },
            {
                  "doc_url": "https://gallica.bnf.fr/ark:/12148/bpt6k54507297",
                  "emotions": [
                        "surprise",
                        "optimism",
                        "nostalgia",
                        "excitement"
                  ],
                  "excerpt": ".jamais ! L ' àmo comme une source est si vite tarie ! Goutte à goutte l ' espoir s ' écoule avec la vie : Le vase ouvert à l ' air laisse échapper enfin L ' odeur du pur encens qui dormait dans son sein : 2 .G - 2 Le coeur de l ' homme ainsi penl vite sa jeunesse ; A peine réveillé de sa première ivresse Et lorsqu ' il se confie encore en l ' avenir , 11 ne lui reste plus qu ' un amer souvenir .",
                  "id": "13",
                  "title": "Poésies / Gaston de Chaumont"
            },
            {
                  "doc_url": "https://gallica.bnf.fr/ark:/12148/bpt6k6429253b",
                  "emotions": [
                        "surprise"
                  ],
                  "excerpt": "Derrière le troupeau destiné à l ' holocauste venaient de nouvelles femmes , complètement nues et portant de grands bassins de bois pour recueillir le sang des suppliciés ; puis le cortège des bourreaux , les uns armés d ' épieux pour empaler , de coutelas pour ouvrir les ventres , de torches allumées , de récipients pleins de résine , de scies , de haches , de massues .On se serait cru devant un tribunal de la Sainte - Inquisition , On apercevait ensuite des théories de prêtres et de sorciers , enveloppés de cotonnade rouge , portant sur leur tête des cassolettes de métal , où brûlaient des parfums , et tout au fond , fermant la marche , des chimpanzés grimaçants , des girafes , des éléphants , des hippopotames , des rhinocéros , qu ' à l ' aide de piques et de fouets dirigeaient leurs gardiens .Du bout de son parapluie , le monarque frappa l ' épaule de son premier ministre .",
                  "id": "14",
                  "title": "Les Mystères du monde, par Hector France, suite et fin des \"Mystères du peuple\", par Eugène Sue..."
            },
            {
                  "doc_url": "https://gallica.bnf.fr/ark:/12148/bpt6k6429253b",
                  "emotions": [
                        "surprise",
                        "disgust",
                        "fear"
                  ],
                  "excerpt": "Des miasmes pestilentiels envahissaient de plus en plus la chambre .Pénétrés d ' horreur et de dégoût ) James Dilson et le nègre s ' enfuirent après avoir répandu dans tous les coins et reooins des désinfectants de toutes sortes , dont ils avaient une ample provision .Il fallait au plus lôl faire inhumer le cadavre , si l ' on ne voulait pas infecter le quartier , domine l ' américain s ' apprêtait à sortir pour faire sa déclaration , un coup de sonnette retentit , et le nègre ayant été ouvrir , une personne avec laquelle nous avons déjà fait connaissance apparut , nabote , disgracieuse et horrible , mais souriant , minaudant , eoquetant , ainsi qu ' une jolie femme dans un boudoir .",
                  "id": "15",
                  "title": "Les Mystères du monde, par Hector France, suite et fin des \"Mystères du peuple\", par Eugène Sue..."
            },
            {
                  "doc_url": "https://gallica.bnf.fr/ark:/12148/bpt6k6101950r",
                  "emotions": [
                        "surprise",
                        "faith"
                  ],
                  "excerpt": "Et nous venons déjà te faire notre cour ; Car , cette tige où lu reposes Possède la rose des roses 38 Qui t ' abrite , mon nouveau - né .Crois - le , sa sève est embaumée , Et sous son ombre parfumée , Tu t ' ouvriras au soleil étonné .On se tut .",
                  "id": "16",
                  "title": "Les capricieuses : poésies / par Alexandre Ducros,..."
            },
            {
                  "doc_url": "https://gallica.bnf.fr/ark:/12148/bpt6k54461646",
                  "emotions": [
                        "surprise",
                        "disgust",
                        "doubt",
                        "curiosity"
                  ],
                  "excerpt": "— Quelle idée vous a prises de quitter votre nid ? demanda brusquement le jeune homme .Qu ' ctcs - vous venues chercher dans cette > i 1 le infâme ? Vous ne sa \\ ez pas que l ' air qu ' on y respire est empesté ; vous ignorez qu ' on y meurt de dégoût , de tristesse et d ' ennui .Ursule et vous , toutes deux à Paris ! Pauvres enfants , parlez bien vite ; retournez à Vallravers , 1 estez à l ' ombre de vos bois .",
                  "id": "17",
                  "title": "Madeleine (Nouvelle édition) / Jules Sandeau,..."
            },
            {
                  "doc_url": "https://gallica.bnf.fr/ark:/12148/bpt6k57203572",
                  "emotions": [
                        "surprise"
                  ],
                  "excerpt": ".qui ne puissent provoquer un choc avec ses manifestations nerveuses , viscérales , cutanées , accompagnées d ' une crise hémocîasique ; un choc peut même être suscité par les particules infimes ou les vapeurs qu ' émettent par exemple le formol , la quinine , l ' ipéca , la ricine , là graine de lin , voire l ' odeur des chevaux , des moutons ..",
                  "id": "18",
                  "title": "Précis de dermatologie (4e édition revue et augmentée) / par J. Darier"
            },
            {
                  "doc_url": "https://gallica.bnf.fr/ark:/12148/bpt6k5450678c",
                  "emotions": [
                        "surprise"
                  ],
                  "excerpt": "Les unes se sont levées de leurs tombeaux , ombres plaintives et voilées , pour implorer des chants funèbres ; les autres se sont approchées , tremblantes , pour lui demander le mot des énigmes du coeur .Il en a surpris plus d ' une qui se cachait au monde ; fleur inconnue qui trahissait son parfum ! Colombe douce et résignée qui / fuyait , muette etf sanglante , traînant à son flanc la flèche des chasseurs ..",
                  "id": "19",
                  "title": "Les jeunes filles : mystères / par P. Chevalier"
            },
            {
                  "doc_url": "https://gallica.bnf.fr/ark:/12148/bpt6k96076542",
                  "emotions": [
                        "surprise",
                        "fear",
                        "disapproval",
                        "doubt"
                  ],
                  "excerpt": "Humiliez - vow , & demandez son assijlance , j .Imagine \" ^ vous vne ville tenebreuse , toute bru * de soulfre & de fo ' tx puante , fleiru de citoyens jwnenpeuuent sortir .Confiderattens .",
                  "id": "20",
                  "title": "Les Oeuvres de messire François de Sales,... recueillies dans un corps de volume... Édition nouvelle..."
            }
      ]
}