{
      "articles": [
            {
                  "doc_url": "https://gallica.bnf.fr/ark:/12148/bpt6k1307008c",
                  "emotions": [
                        "surprise",
                        "doubt",
                        "curiosity"
                  ],
                  "excerpt": "Que trouvâmes - nous ? des cadavres ? oh ! non , je souris encore quand j ’ y pense .Qu ’ était - ce donc que celte chambre fatale ? Un grenier sans lucarnes , rempli depuis longues années de bottes de foin que le temps avaient pourries , et qui exhalaient cette odeur méphitique .L ’ atmosphère épaisse de la chambre obscure était si corrompue par ces exhalaisons de fumier , qu ’ on aurait eu peine à y vivre quelques heures ; et peut - être ma tentative m ’ eût - elle coûté la vie , si la porte de l ’ escalier , laissée entr ’ ouverte depuis quinze jours par le neveu de M .",
                  "id": "1",
                  "title": "Le Mercure d'Orthez et des Basses-Pyrénées : feuille littéraire, commerciale et d'annonces diverses"
            },
            {
                  "doc_url": "https://gallica.bnf.fr/ark:/12148/bpt6k113370k",
                  "emotions": [
                        "surprise",
                        "nostalgia",
                        "relief"
                  ],
                  "excerpt": "La pluie se retint dans l ' air .Les narines pouvaient flairer un peu : on devina qu ' il passait par l ' éclaircie l ' arôme d ' une terre toute proche , d ' une terre mouillée de pluie chaude , grosse de fouillées , et fleurant : bon le sol trempé : et cette , haleine était suave comme le souffle des îles parfumées d ' où l ' on s ' était enfui .Elle parut : très haute , escarpée de roches , bossuée de montagnes , creusée de grandes vallées sombres , arrondie à mi - versants de mamelons courbes .",
                  "id": "2",
                  "title": "Les immémoriaux / Max-Anély"
            },
            {
                  "doc_url": "https://gallica.bnf.fr/ark:/12148/bpt6k96104888",
                  "emotions": [
                        "surprise",
                        "pain",
                        "embarrassment"
                  ],
                  "excerpt": "Nous allons décrire la marche du catarrhe , en le prenant par les sinus et les fosses nasales , quoique parfois il commence directement par le larynx , la trachée et les bronches .D ' abord , et presque subitement , douleur gravative au front , gêne de la respiration par le nez , embarras et tension dans ces parties , lesquels se propagent bientôt vers la trachée ; fréquens éternumens ; odorat émoussé , quelquefois perdu ; abattement des forces , propension à l ' assoupissement ; ..",
                  "id": "3",
                  "title": "Leçons sur les épidémies et l'hygiène publique. Tome 2 / , faites à la Faculté de médecine de Strasbourg, par Fr.-Emm. Fodéré,..."
            },
            {
                  "doc_url": "https://gallica.bnf.fr/ark:/12148/bpt6k6138057j",
                  "emotions": [
                        "surprise",
                        "curiosity"
                  ],
                  "excerpt": "Nous parlons seulement des laits employés pour la nourriture des enfants à la mamelle ou que l ' on donne aux malades , car , considéré au point de vue delà laiterie , l ' on peut faire infraction aux règles que nous avons posées et si l ' on obtient des produits de moindre qualité , ils n ' en sont pas moins alimentaires , parce que dans les conditions de fermentation ou autres auxquels les laits sont soumis pour se transformer , les germes de maladie des animaux transmissibles à l ' homme et les micro - organismes de toute sorte sont détruits , au moins en grande partie .Ne vous est - il jamais arrivé de visiter des étables à vache soit à Marseille ou maints autres lieux et de vous étonner des odeurs , des résidus fournis par ces animaux ? Tantôt vous avez eu des odeurs infectes dues , soit à l ' alimentation par les tourteaux , la drèche , les feuilles d ' olivier , des fourrages fermentes et maints autres aliments qu ' il serait trop long d ' énumérer ; par contre , vous avez trouvé des vacheries dans lesquelles l ' on sent une odeur musquée agréable .Quelques - uns sont d ' avis que les différences que nous venons de signaler dans les étables , au point de vue des odeurs , sont dues aux différentes races de vaches , si quelques - uns de ces animaux ont plus particulièrement une odeur de musc , il n ' en est pas moins prouvé que toutes les vaeh .",
                  "id": "4",
                  "title": "Études sur le lait naturel et les laits médicamenteux, par le Dr Adrien Sicard,..."
            },
            {
                  "doc_url": "https://gallica.bnf.fr/ark:/12148/bpt6k6525055g",
                  "emotions": [
                        "surprise",
                        "doubt",
                        "curiosity"
                  ],
                  "excerpt": "9 .Qu ' entend - on par terres argi leI / ses ? On donne le nom d ' argileuses aux terres où domine l ' argile , substance grasse , douce au toucher , happant à la langue , et d ' une odeur particulière .Ces sortes de terres sont tenaces , humides , difficiles à travailler , mais généralement fertiles .",
                  "id": "5",
                  "title": "Premières connaissances en agriculture, cours élémentaire conforme au programme officiel d'enseignement primaire, par J. Dusuzeau,..."
            },
            {
                  "doc_url": "https://gallica.bnf.fr/ark:/12148/bpt6k883891b",
                  "emotions": [
                        "surprise",
                        "disgust",
                        "fear"
                  ],
                  "excerpt": "Aussi jura - t - il d ’ avoir par la ruse ce qu ’ il ne pouvait obtenir par la persuasion .Le lendemain , lorsque la cousine , après avoir été aux provisions , voulut rentrer dans sa maison , elle recula d ’ horreur ! Une odeur infecte sortait de son terrier , et des gouttes jaunes et visqueuses qui suintaient des parois disaient assez de quel odieux moyen l ’ ennemi s ’ était servi pour parfumer le terrier .Aussitôt la pauvre ménagère se met à gratter , à frotter , à repousser au loin Uijlcrre salie .",
                  "id": "6",
                  "title": "Le coeur et l'esprit des bêtes / par Mme W. de Coninck"
            },
            {
                  "doc_url": "https://gallica.bnf.fr/ark:/12148/bpt6k9656324z",
                  "emotions": [
                        "surprise"
                  ],
                  "excerpt": "En conséquence , je fis sortir tous les cochons pour visiter avec attention l ' intérieur du toit qu ' ils habitaient .A peine y fus - je entré , que je fus frappé d ' une odeur acide très pénétrante , émanant d ' une assez grande quantité de son en fermentation qui depuis long - temps était accumulée entre les auges et Je mur contre lequel elles étaient placées .Cette substance , naturellement indigeste et sus - ceptible d ' une fermentation putride , composant à peu près l ' unique nourriture de ces animaux , peut être regardée , selon moi , comme une des causes occasionelles de cette maladie .",
                  "id": "7",
                  "title": "Mémoires sur l'éducation, les maladies, l'engrais et l'emploi du porc (2e éd., corrigée et augmentée...) / par Erik Viborg,... et Young,..."
            },
            {
                  "doc_url": "https://gallica.bnf.fr/ark:/12148/bpt6k3077864c",
                  "emotions": [
                        "surprise",
                        "disgust"
                  ],
                  "excerpt": "Cette argile se trouve dans la province ch ilienne deSant - Yago .Elle est de couleur brune , tachetée de jaune , fine , légère et odorante ; < “ lle se dissout dans la bouche et happe fortement à la langue comme toutes les terres bo - laires .On fabrique avec cette terre des tasses , des vases qui sont peints en dehors et vernissés en dedans ; ils communiquent à l ’ eau qu ’ on y met une odeur agréable .",
                  "id": "8",
                  "title": "Merveilles de la nature et de l'art dans les cinq parties du monde, ou Description des objets les plus curieux, tant sous le rapport de l'histoire naturelle, comme grottes, cascades, sources, montagnes. Amérique. Tome 1 / ... Par M. de Marlès..."
            },
            {
                  "doc_url": "https://gallica.bnf.fr/ark:/12148/bpt6k3195967",
                  "emotions": [
                        "surprise",
                        "doubt"
                  ],
                  "excerpt": "Le croirais - tu ? Il a prononcé avec peine ce dernier mot , et , par moment , je me demande s ’ il ne fait pas autant de sorties pour m ’ éprouver , et s ’ il serait bien difficile de persuader à cet homme , qui n ’ a d ’ autre souci que de se creuser la tête pour moi , qu ’ il me suffit d ’ être à ses côtés pour me trouver parfaitement heureuse .D ’ ailleurs , quel parti veux - tu que l ’ on me trouve ? Est - ce parmi les fonctionnaires ? Le ministre actuel refuse tous ceux qui n ’ exhalent pas une forte odeur de pipe culottée dès son antichambre .Récemment on m ’ a parlé d ’ un malin , qui a enlevé sa nomination de secrétaire de la préfecture en ayant le bon esprit de cracher subitement sur le tapis et de se moucher dans ses doigts .",
                  "id": "9",
                  "title": "Sabine , par Marc de Montifaud. 2e édition"
            },
            {
                  "doc_url": "https://gallica.bnf.fr/ark:/12148/bpt6k54524025",
                  "emotions": [
                        "surprise",
                        "doubt"
                  ],
                  "excerpt": ".Elle évolue à travers l ' odeur fade des antiseptiques , comme une petite fée dansant au bout d ' un rayon de soleil , et Marie occupée à étiqueter des flacons l ' interpelle : – Qu ' est - ce qu ' il y a , Riette , tu as ta figure des mauvais jours ? – Tu ne sais donc pas ce qui s ' est passé cette nuit ? Tu n ' as donc rien entendu ? – Ah , j ' étais auprès d ' un malheureux qui se mourait .Mais je suis au courant ; on m ' a dit que les Zeppelins étaient venus .",
                  "id": "10",
                  "title": "Son sang pour l'Alsace : roman / François de Nion"
            },
            {
                  "doc_url": "https://gallica.bnf.fr/ark:/12148/bpt6k5393103q",
                  "emotions": [
                        "surprise",
                        "doubt",
                        "curiosity"
                  ],
                  "excerpt": "Et dans cent mille ans , Ses élans , Sa fougue sonore , Chanteront le ciel Éternel , La nuit et l ’ aurore .Mais le verbe humain , ? O jasmin ! Roses embaumées ! Demandez aux flots Les yeux clos , Les bouches fermées .Plus trace d ’ amant .",
                  "id": "11",
                  "title": "Raoul Lafagette. Symphonies pyrénéennes, suivies de : Aux Pyrénées (pages posthumes), par Mme Raoul d'Espaignol Lafagette,... Le Poète des Pyrénées, par M. de Peyralade."
            },
            {
                  "doc_url": "https://gallica.bnf.fr/ark:/12148/bpt6k5626687v",
                  "emotions": [
                        "surprise",
                        "joy",
                        "excitement",
                        "pride",
                        "gratitude",
                        "envy"
                  ],
                  "excerpt": "( ( Un pieux solitaire ( il le raconte lui - même ) , la » tête baissée , enfoncée dans son sein , semblait abîmé ) > dans l ' océan cle sa contemplation .Lorsqu ' il sortit de ) ) cette extase léthargique , un de ses amis lui dit en » badinant : — Eh bien ! quel beau présent nous » rapportes - tu de ce magnifique jardin ? • — J ' avais bien ) ) le projet , en arrivant , répondit le solitaire , cle » m ' attacher à quelque beau rosier , et de remplir de » fleurs le pan cle ma , robe pour les offrir à mes amis , » mais en approchant , l ' odeur des fleurs m ' a tellement » enivré que j ' ai laissé tomber ma robe .» Attiré , fasciné par cette incessante production d ' oeuvres admirables , manifestation sublime de toutes les forces cachées de la nature , portant gravé sur son front l ' empreinte du cloigtimmuable , par ce perpétuel enchaînement de phénomène , par cette plénitude inépuisable d ' une puissance inconnue , sans rivale et sans frein , comme sans type et sans limite , dont le sentiment irrésistible devait précipiter bientôt les sons cle la Perse 320 ' LES LÉGENDES DE LA PERSE dans ' un panthéisme extravagant ; par la vue de cette .",
                  "id": "12",
                  "title": "Les légendes de la Perse / par Édouard Montagne"
            },
            {
                  "doc_url": "https://gallica.bnf.fr/ark:/12148/bpt6k6303695d",
                  "emotions": [
                        "surprise"
                  ],
                  "excerpt": "Mais , continuons l ' histoire de ce gracieux animal .Le cerf a l ' odorat exquis , l ' oreille excellente ; lorsqu ' il écoute , ij lève la tête , dresse les oreilles , et alors , il entend de fort loin .Lorsqu ' il sort de l ' épaisseur du bois et qu ' il se trouve dans un taillis ou dans quelqu ' autre endroit à demi découvert , il s ' arrête pour regarder de tous côtés et cherche ensuite le dessous du vent pour sentir s ' il n ' y a pas quelqu ' un qui puisse l ' inquiéter .",
                  "id": "13",
                  "title": "À travers bois & forêts : oiseaux et insectes, animaux divers, les végétaux / par A. Dubois,..."
            },
            {
                  "doc_url": "https://gallica.bnf.fr/ark:/12148/bpt6k6488433m",
                  "emotions": [
                        "surprise"
                  ],
                  "excerpt": "Telle ou telle passion revient à tel ou tel équivalent d ' un métal ou d ' un métalloïde .N ' avez - vous jamais remarqué comme un seul mot placé à point provoque une réaction dans une foule ? Que si vous prenez une fiole d ' acide azotique , vous ne découvrirez jamais avec vos sens seulement , d ' après sa causticité si dangereuse , ni son odeur désagréable , ni sa solution inco ¬ lore , qu ' il résulte de deux gaz , l ' oxygène et l ' azote , tous les deux indispensables à l ' entretien de la vie ; – lui qui la détruit irrémédiablement .Eh bien ! de même nous avons des peuples acides , tels que l ' Angleterre et l ' Allemagne .",
                  "id": "14",
                  "title": "Mademoiselle Baukanart / George Japy"
            },
            {
                  "doc_url": "https://gallica.bnf.fr/ark:/12148/bpt6k6501749c",
                  "emotions": [
                        "surprise",
                        "disgust"
                  ],
                  "excerpt": "On ne fumait pas à la Cour de Charles X , comme on fume sous celui - ci ( Napoléon III ) .Nous ne sentions jamais , dans ce jardin , ces détestables odeurs .Louis - Philippe lui - même ne permettait pas d ' y fumer .",
                  "id": "15",
                  "title": "Physiologie sociale. Le Tabac qui contient le plus violent des poisons, la nicotine, abrège-t-il l'existence ? est-il cause de la dégénérescence physique et morale des sociétés modernes ? par le Dr H.-A. Dépierris"
            },
            {
                  "doc_url": "https://gallica.bnf.fr/ark:/12148/bpt6k9685467k",
                  "emotions": [
                        "surprise"
                  ],
                  "excerpt": "Cette pensée , il la tourna et la retourna , étudiant quelle sorte d ' eau à employer , puis passant aux faits accomplis , les vêtements à donnerâlaressuscitée , ainsi que la nourriture qui luiconviendraitpourlaréconforter ; ces détails l ' occupèrent à un tel point qu ' il en oublia l ' heure du repas et aussi la pauvre Myrtille .L a nuit le surprit dans ses réflexions ; il avait à peu près arrêté les moyens et allait passer à l ' exécution , lorsque ses paupières s ' alourdirent , soit sous l ' étonnante contention qu ' il faisait subir à son esprit , soit plutôt , sous l ' énivrant parfum qui se dégageait de la momie .Il chercha à lutter quelques instants contre le sommeil , mais en vain , car , déllnitivement il s ' endormit » XIV NEPHDITH , FILLE DE LÀ .",
                  "id": "16",
                  "title": "Mademoiselle Myrtille, chasseur au bataillon d'Afrique / le capitaine Bou-Saïd"
            },
            {
                  "doc_url": "https://gallica.bnf.fr/ark:/12148/bpt6k5447353d",
                  "emotions": [
                        "surprise"
                  ],
                  "excerpt": "Cette formalité remplie , trois agents s ' empare - — 19 — rent de moi et me conduisirent à travers la grande cour du palais , transformée en bivouac , jusque sous un vestibule où venait aboutir un escalier de cave .Nous le descendîmes à tâtons : dès les premières marches , un bruit sourd , continu , semblable à celui des houles de la mer après la tempête , vint frapper mon oreille , en même temps qu ' une odeur acre et pénétrante me saisissait à la gorge .Nous n ' avancions que lentement , marchant dans l ' ombre sur un sol défoncé et singulièrement humide ; sous mes pas , par place , j ' entendais de petits clapotements ; je m ' imaginai que je marchais dans le sang .",
                  "id": "17",
                  "title": "Une arrestation en mai 1871 / Ulysse Parent"
            },
            {
                  "doc_url": "https://gallica.bnf.fr/ark:/12148/bpt6k54776820",
                  "emotions": [
                        "surprise",
                        "annoyance",
                        "doubt",
                        "frustration"
                  ],
                  "excerpt": "A la pomme de terre on voulait marier La truffe ; mais , craignant de se mésallier , Celle - ci , d ' une voix altière , S ' écria : « Moi , m ' associer A cette vile roturière ! , Moi , qui règne aux festins du riche et du gourmet , Avoir pour compagnon cet être sans noblesse , FABLES .99 Unir son goût maussade à mon divin fumet ! Ah ! ce manque d ' égards me confond et me blesse .Allez aux champs , ma mie , allez aux carrefours Nourrir le peuple , vos amours .",
                  "id": "18",
                  "title": "Fables de P. Lachambeaudie : poésies diverses"
            },
            {
                  "doc_url": "https://gallica.bnf.fr/ark:/12148/bpt6k5532720t",
                  "emotions": [
                        "surprise"
                  ],
                  "excerpt": ".C ' est ft que de chaque meuble , de chaque objet , s ' échappait ce parfum subtil qui l ' avait si i ? violemment ému , deux jours auparavant , lorsqu ' il donnait le bras à mademoiselle S ) Lizely , et qui lui semblait alors s ' exhaler du corps même et de l ' irritante beauté é de la sorcière blonde 1 .— Elles ^ sont fertiles en diaboliques tentations , ces odeurs u molles et sensuelles qui flottent dans l ' air où la femme a passé ! — L ' Orient , le pays ^ des voluptés , n ' est - il pas en même temps le pays .",
                  "id": "19",
                  "title": "Les drames de l'adultère, ou Le mari de Marguerite : roman parisien / par Xavier de Montépin"
            },
            {
                  "doc_url": "https://gallica.bnf.fr/ark:/12148/bpt6k55681406",
                  "emotions": [
                        "admiration",
                        "surprise",
                        "doubt",
                        "curiosity"
                  ],
                  "excerpt": "O Fille de Sion , parmi de tels écueils , Je vous conjurerai par les Faons des Chevreuils , Que vous n ' éveilliez point ce bel Objet que j ' aime , S ' il ne le trouve bon pour cela tout de mefme .Quelle est cette merveille en montant du désert ? Ainsi qu ' une fumée où tout est découvert ? Tout ainsi qu ' une Palme , ou Colonne allumée Où la Myrrhe & Fencens Font d ' odeur parfumée ? Icy se voit le lit du Grand Roy Salomon , Ou soixante vaillants acquièrent le renom : Des braves d ' Israël les plus considérables , Tous maniant Feípée , en force redoutables ; Chacun portant Feípée au costé nuit òc jour , Pourhonnorer fa gloire & son Divin Amour .De Cèdre du Liban , il s ' est fait une couche t .",
                  "id": "20",
                  "title": "Le Cantique des cantiques de Salomon . Traduction en vers selon le sens litteral... par M. de Marolles..."
            }
      ]
}