{
      "articles": [
            {
                  "doc_url": "https://gallica.bnf.fr/ark:/12148/bpt6k67646v",
                  "emotions": [
                        "surprise",
                        "fear",
                        "doubt"
                  ],
                  "excerpt": "Oh ! mais un songe tel que la réatité n ' aurait pas fait sur .moi plus d ' impression Jugès ' eh p ) ufot c ' était dans une riante prairie , l ' air était embaumé du parfum des neurs ; je m ' y promenais avec déiices , quand tout à coup il m ' a semMé qu ' un monstre hideux , sous les traits de Babekan , me poursuivait et était .pres de m ' atteindre .",
                  "id": "1",
                  "title": "Obéron : opéra fantastique en 3 actes et 7 tableaux, imité de Wieland / par MM. Nuitter, Beaumont et de Chazot"
            },
            {
                  "doc_url": "https://gallica.bnf.fr/ark:/12148/bpt6k6551733w",
                  "emotions": [
                        "surprise",
                        "curiosity"
                  ],
                  "excerpt": "Resté seul , et réchauffé , par l ' ardeur du brasier , je commençai à reprendre mes esprits , car jusqu ' alors j ' avais cru rêver .Bientôt je regardai autour de moi avec un mélange de frayeur et de curiosité ; les fagots de peuplier , mêlés de sarments de vigne , pétillaient dans le foyer en mille jets de flamme bleue et blanche , et épandaient par bouffées leur odeur aromatique et salubre .Cette gaie lumière suffisait à éclairer les murailles nues et blanches de cette chambre .",
                  "id": "2",
                  "title": "Les misères des enfants trouvés, ou Les mémoires d'un valet de chambre. Tome 1 / par Eugène Sue..."
            },
            {
                  "doc_url": "https://gallica.bnf.fr/ark:/12148/bpt6k3063293h",
                  "emotions": [
                        "surprise",
                        "disgust",
                        "anger",
                        "fear",
                        "annoyance",
                        "disapproval"
                  ],
                  "excerpt": "Entrez avec moi au fond de cette grotte où le froid n ’ a pas pénétré ^ continua Maxime en s ’ adressant aux enfants .Quelle odeur malsaine y est répandue ! s ’ écria André .Elle provient des champignons ( fig .",
                  "id": "3",
                  "title": "Botanique pour tous : histoire des principales familles végétales / par Mme J. Le Breton,..."
            },
            {
                  "doc_url": "https://gallica.bnf.fr/ark:/12148/bpt6k940383m",
                  "emotions": [
                        "surprise"
                  ],
                  "excerpt": "Des libellules , gracieusement envolées , passent et repassent dans un rais de soleil filtrant à travers les feuilles .Quelle bonne odeur d ’ herbe mouillée et de sable humide ! Et les coins du ciel qui tachent d ’ azur le cristal du ruisseau ! El là - bas , entre les rocs moussus , la source 92 LE PETIT PLOT qui filtre doucement avec un jasement monotone et berceur ! Viens donc , petit Plot ! — Impossible ! il faut que j ' aie résolu trois problèmes d ’ arithmétique dans une demi - heure , lorsque papa s ’ éveillera .Le chien comprend , secoue tristement ses oreilles et disparaît .",
                  "id": "4",
                  "title": "Le lit de cette personne / Claude Couturier"
            },
            {
                  "doc_url": "https://gallica.bnf.fr/ark:/12148/bpt6k378903d",
                  "emotions": [
                        "surprise",
                        "greed"
                  ],
                  "excerpt": "Et voyez ce que peut la force de l ' habitude : il a fallu des années et encore des années , depuis que les omnibus nous roulent , pour que l ' on s ' aperçoive que le Français , si galant partout où il y a des dames , si plein d ' attention pour le sexe aimable auquel nous devons Sarah Bernhardt et la séduisante Mathilde , était l ' être le plus grossier qui soit au monde .Pourvu qu ' il eût toutes ses aises , peu lui importait de cracher autre part que dans le petit carré de toile dont la ville de Cholet a la monopole ; l ' idée ne lui serait jamais venue de supposer qu ' il commettait une action bestiale en se livrant , sans la moindre contrainte , à une expectoration aussi abondante que malpropre .Sans compter les asthmatiques , les catarrheux et les phtisiques qui s ' en donnaient à coeur - joie , sans se douter que les postillons provenant de leur jet salivaire pouvaient propager la contagion de leur maladie et contaminer femmes , enfants , adultes , vieillards , et jusques au conducteur de la voiture qu ' il leur plaisait de transformer en crachoir .",
                  "id": "5",
                  "title": "Un Franc-Picard à Paris : chroniques au jour le jour et chansons / Alphonse Bouvret ; avec une préface par Bertol-Graivil"
            },
            {
                  "doc_url": "https://gallica.bnf.fr/ark:/12148/bpt6k5448713k",
                  "emotions": [
                        "surprise",
                        "sadness",
                        "fear",
                        "doubt",
                        "curiosity"
                  ],
                  "excerpt": ".Que s ' est - il passé ? Un silence de mort règne dans la maison La terrasse , autrefois si blanche , est un cloaque infect Renversées sur leurs tiges et fanées , les plantes gisent dans les pots brisés ! La porte du logement est entr ' ouverte J ' aperçois Marie assise au pied du lit sur lequel elle appuie sa tête ; sa face gonflée présente de profondes cicatrices encore rouges et enflammées ! ..",
                  "id": "6",
                  "title": "Une cigogne hors d'âge : à la pie"
            },
            {
                  "doc_url": "https://gallica.bnf.fr/ark:/12148/bpt6k5783283s",
                  "emotions": [
                        "surprise",
                        "amusement"
                  ],
                  "excerpt": "BENOÎT Que malheur ! BALOCHARD , respirant .Quelle drôle d ' odeur ! vous ne trouvez pas ! CYPRIEN Une fuite de gaz , sans doute .3 38 A QUÎ LE NEVEU ? BENOÎT , frappant sur la poche de sa redingote .",
                  "id": "7",
                  "title": "A qui le Neveu ? : comédie en deux actes / par Théodore Botrel"
            },
            {
                  "doc_url": "https://gallica.bnf.fr/ark:/12148/bpt6k204945j",
                  "emotions": [
                        "surprise"
                  ],
                  "excerpt": "1 .Tout étranger qui pénètre dans une ville chinoise pour la première fois est frappé de l ' odeur forte qui y règne c ' est un mélange indéfinissable des parfums les plus violents et d ' odeurs fétides , telles que celle de l ' ail .Les Chinois aiment passionnément ce légume , qu ' ils mangent cru et cuit à toute sauce ; ils en ont toujours une gousse dans la bouche .",
                  "id": "8",
                  "title": "Voyage en Chine et en Mongolie de M. de Bourboulon, ministre de France et de madame de Bourboulon, 1860-1861 / par M. Achille Poussielgue"
            },
            {
                  "doc_url": "https://gallica.bnf.fr/ark:/12148/bpt6k98002829",
                  "emotions": [
                        "surprise",
                        "disgust",
                        "boredom"
                  ],
                  "excerpt": "C ' est une racine tubéreuse , poussant des rameaux courts et articulés , d ' où partent une multitude de fibres charnues , glabres et contournées en anneaux ; lorsqu ' elle est récente , sa couleur est d ' un fauve pâle à l ' extérieur ; lorsqu ' elle .est desséchée , elle est d ' un fauve noir , sa saveur est amère et acre ; si on la mâche quelque temps , elle imprime un sentiment de stupeur sur la langue ; son odeur est tantôt nulle , tantôt nauséabonde .Les Grecs regardaient autrefois la racine de cette plante comme très - efficace contre la folie ; elle a été aussi reconnue pour être avantageuse dans la curation de l ' hypocondrie .",
                  "id": "9",
                  "title": "Guide du propriétaire, ou Traité complet sur l'agriculture : contenant la nomenclature des différentes espèces de terrs et les moyens de les rendre plus productives... / par Louis Raguenaud"
            },
            {
                  "doc_url": "https://gallica.bnf.fr/ark:/12148/bd6t53700233",
                  "emotions": [
                        "admiration",
                        "surprise",
                        "nostalgia",
                        "envy",
                        "disappointment"
                  ],
                  "excerpt": "Puis tu t ’ es endormie , éblouie et lassée ; Tu as caché tes yeux divins Sous tes paupières abaissées ; Mais ton rêve est peuplé des formes traversées , Et les rameaux profonds du mystique ravin Font de l ’ ombre sur ta pensée .O Muse , tu dormais sous des parfums trop lourds ; Tu rêvais , évoquant les antiques génies ; Les mirages de l ’ Art te voilaient le grand jour , Et tu ne voyais plus la Nature infinie .Réveille - toi ! Réveille - toi ! Voici le vent qui vient des bois ; Voici le souffle de la vie .",
                  "id": "10",
                  "title": "Sans gestes : poèmes héroïques / Maurice Bouignol ; préface de madame la comtesse de Noailles"
            },
            {
                  "doc_url": "https://gallica.bnf.fr/ark:/12148/bpt6k97982391",
                  "emotions": [
                        "surprise"
                  ],
                  "excerpt": "On dit que cet animal est pesant , & paresseux sur terre , quand il faut qu ' il se tourne .Si sa figure , qui est tout - à - fait semblable à nos Lézards , choque la vûë $ du moins l ' odorat y trouve son compte 3 car cette bête exhale une odeur ^ qui est allez agréable .Dans les quatre mois de l ' année , qui sont froids , le Crocodile ne mange point , & demeure caché dans des trous ' Après tout , il est très - pernicieux il déchire avec ses ongles , brise avec ses dents j & il n ' y a point d ' os si dur , qu ' il ne pulvérise en un moment .",
                  "id": "11",
                  "title": "Curiositez de la nature et de l'art, aportées dans deux voyages des Indes ; l'un aux Indes d'Occident en 1698. & 1699. & l'autre aux Indes d'Orient en 1701. & 1702. Avec une relation abrégée de ces deux voyages"
            },
            {
                  "doc_url": "https://gallica.bnf.fr/ark:/12148/bpt6k6156429j",
                  "emotions": [
                        "surprise",
                        "doubt"
                  ],
                  "excerpt": "Veluli 68 AULU - GELLE sujet que ce soit .Ainsi à Rome , en notre présence , un vieil avocat bien connu au barreau , mais d ' une science soudaine , et en quelque sorte improvisée , parlait devant le préfet de la ville ; pour peindre la pauvrulé d ' un chevalier qui faisait maigre chère , mangeant journellement du pain de son , et n ' ayant pour boisson qu ' un vin nauséabond et fétide , il dit : Hic eques Romanus apludam edil , et floces bibit , ce chevalier romain mange du son et boit de la lie de vin .Tous les assistants se regardaient d ' abord d ' un air sérieux et troublé , se demandant la signification de ces deux mois ; mais bientôt , comme si l ' avocat eût tenu je ne sais quel langage toscan ou gaulois , tous à la fois écfatèrent de rire .",
                  "id": "12",
                  "title": "Oeuvres complètes d'Aulu-Gelle. Tome 2 / traduction française de MM. de Chaumont, Flambart et Buisson"
            },
            {
                  "doc_url": "https://gallica.bnf.fr/ark:/12148/bpt6k5846925t",
                  "emotions": [
                        "surprise"
                  ],
                  "excerpt": "Conception enhardie par la solitude , l ' impossibilité où je me trouvais de partir immédiatement , l ' absence de son père , souleva une lourde portière de velours de Gênes tachée et lacérée par des mains malhabiles , et que retenaient à la muraille des clous barbares , puis me poussa dans une seconde pièce obscure .De petits cris de surprise , des froissements d ' étoffe , des chuchottements , une odeur fade et tiède m ' apprirent qu ' un essaim de femmes s ' y tenait blotti .On maintint le rideau accroché , pour nous faire bénificier de la lumière laissée dans l ' autre pièce où elle devait tromper extérieurement sur notre présence , et en même temps favoriser les mystères féminins .",
                  "id": "13",
                  "title": "Etudes d'après Fromentin. A l'ombre. Ben Taïeb le Mzabi. Le Ravin des lauriers. Dans nos Alpes. Le Génie serbe. (Octobre 1881.) / Auguste Geoffroy"
            },
            {
                  "doc_url": "https://gallica.bnf.fr/ark:/12148/bpt6k54682728",
                  "emotions": [
                        "surprise",
                        "disgust",
                        "anger",
                        "annoyance",
                        "nostalgia",
                        "doubt",
                        "embarrassment"
                  ],
                  "excerpt": "VINDEX A TRADITORE MONSIEUR , Citez les peuples héroïques de l ' antiquité , quand les lutteurs allaient au combat , ils avaient le soin , avant de descendre dans l ' arène , de se faire frotter d ' huile sur tout le corps , par leurs amis , afin de donner à leurs muscles puissants l ' élasticité et la souplesse , et à leur peau la facilité de glisser sous les étreintes de l ' adversaire .Vous , Monsieur , dont l ' aspect ne rappelle en rien le temps des héros et des jeux olympiques ; vous qui n ' avez rien de mythologique , pas même cette tête de veau qui vous fait ressembler vaguement au boeuf Apis ; vous , le lutteur bonapartiste , vous répandez autour de vous une odeur nauséabonde , comme si vous vous étiez frotté , en guise d ' huile , avec la chose ..",
                  "id": "14",
                  "title": "Réponse du cagouillard républicain Vindex au bonapartiste Traditore"
            },
            {
                  "doc_url": "https://gallica.bnf.fr/ark:/12148/bpt6k311667p",
                  "emotions": [
                        "surprise",
                        "doubt"
                  ],
                  "excerpt": "La susceptibilité qu ’ offre ce liquide pour s ’ altérer , a que chose de surprenant .Qui comprendra , en effet , que cef ' taines herbes données en litière aient sur lui de l ’ influen ce ; Eh bien ! il est certain que le genêt en fleurs , employé ai ® 81 lui communique une odeur assez désagréable .Un chimiste a tiré de ses analyses sur le lait la conséquent qu ’ au lieu de s ’ enrichir par un séjour prolongé dans les ® a ' melles , comme on l ’ admet généralement , il s ’ appauvrit a ® contraire d ’ une quantité très - notable .",
                  "id": "15",
                  "title": "Manuel des fromageries, ou Traité de la fabrication des fromages de Gruyère, Septmoncel, Chevrets, Mont-d'Or, etc., etc., par M. Jean-Baptiste Munier,..."
            },
            {
                  "doc_url": "https://gallica.bnf.fr/ark:/12148/bpt6k99880p",
                  "emotions": [
                        "surprise"
                  ],
                  "excerpt": "_ ] Mais aucune , dans le jardin , let champ ou le désert , ne trembla ni ne palpita de ce bonheur qui fait palpiter une biche dans le midi souâ la douce angoisse de l ' amour , comme la solitaire sensitive .Le perce - neige , et puis la violette , jaillirent de terre sous une chaude ondée , et leur haleine se mêla à la ̃ fraîohe odeur envoyée de la pelouse , comme la voix se môle à l ' instrument .Puis les gentianes bariolées des marais , et la tulipe élancée , et les narcisses , les plus belles d ' entre toutes les fleurs , qui regardent leurs .",
                  "id": "16",
                  "title": "Oeuvres poétiques complètes de Shelley. Tome 3 / traduites [en prose] par F. Rabbe, précédées d'une étude historique et critique sur la vie et les oeuvres de Shelley"
            },
            {
                  "doc_url": "https://gallica.bnf.fr/ark:/12148/bpt6k66372b",
                  "emotions": [
                        "surprise",
                        "disgust"
                  ],
                  "excerpt": "te dans l ' oreiller où avait traîne le chignon de Thérèse .Il prenait la toile entre ses lèvres séchées , il buvait les parfums légers de ce linge , et il restait là , sans haleine , étouffant , voyant passer des barres de feu le long de ses paupières closes .H se demandait comment il pourrait bien tuer Camille .",
                  "id": "17",
                  "title": "Thérèse Raquin / Émile Zola"
            },
            {
                  "doc_url": "https://gallica.bnf.fr/ark:/12148/bpt6k940383m",
                  "emotions": [
                        "surprise"
                  ],
                  "excerpt": "On entendait des haleines sifflantes .11 y avait des halètements semblables à des râles ; puis , des clameurs assourdies , terribles tantôt , et tantôt ironiques .— Elle la tuera ! criaient les femmes .",
                  "id": "18",
                  "title": "Le lit de cette personne / Claude Couturier"
            },
            {
                  "doc_url": "https://gallica.bnf.fr/ark:/12148/bpt6k206556k",
                  "emotions": [
                        "surprise",
                        "fear",
                        "nostalgia",
                        "nervousness"
                  ],
                  "excerpt": "Les Citronniers sont des arbres et des arbrisseaux souvent épineux , dont les feuillesréduites à la foliole terminale , articulée sur le pétiole qui est souvent ailé , sont entières ou crénelées , coriaces et persistantes .Les fleurs blanches et répandant une suave odeur sont axillaires , solitaires , fasciculées ou brièvement paniculées .Le calice , persistant , est cupulaire ou urcéolé , présentant 3 à 5 divisions .",
                  "id": "19",
                  "title": "La terre. Le monde des plantes. 1 / par Paul Constantin,..."
            },
            {
                  "doc_url": "https://gallica.bnf.fr/ark:/12148/bpt6k97745613",
                  "emotions": [
                        "admiration",
                        "surprise"
                  ],
                  "excerpt": "On distille les pétales des Roses cultivées , particulièrement ceux de la Rose des quatre Saisons , qui est la plus odorante , pour en retirer une eau fort employée , surtout dans les collyres .Il surnage une petite qu ' antité d ' huile essentielle solide , d ' une odeur très - suave , qui est un parfum délicieux , très - estimé , sur - tout des Orientaux .RUBUS .",
                  "id": "20",
                  "title": "Nouvelle flore des environs de Paris, suivant le système sexuel de Linnée , avec l'indication des vertus des plantes usitées en médecine, des détails sur leur emploi pharmaceutique, etc. par F. V. Mérat,..."
            }
      ]
}