{
      "articles": [
            {
                  "doc_url": "https://gallica.bnf.fr/ark:/12148/bpt6k5815140m",
                  "emotions": [
                        "surprise",
                        "nostalgia",
                        "gratitude",
                        "doubt"
                  ],
                  "excerpt": "Le guide ne dort pas : son chien qui l ' accompagne Fait vingt fois le trajet que vous venez tenter ; Traverse les torrents , en quelques bonds regagne Le groupe des marcheurs qu ' il prétend escorter .Quoi , te laisser déjà , sentier où l ' aubépine Eclate dans la haie où rougit l ' églantine ; Où la pervenche court en festons te border : Tout cela sent si bon que tout nous fait envie ; Mais , sentier de montagne et chemin de la vie , Ni dans l ' un ni dans l ' autre on ne peut s ' attarder .— 59 — — Gl Semblable au sphinx d ' Egypte , accroupi pesamment , I Tu restes insensible aux rumeurs de la terre .",
                  "id": "1",
                  "title": "Quelques Cimes , par P.-C. M."
            },
            {
                  "doc_url": "https://gallica.bnf.fr/ark:/12148/bpt6k58045301",
                  "emotions": [
                        "surprise"
                  ],
                  "excerpt": "Elles sont souvent mémo plus éloquentes dans le jeu de la passion que dans son action réelle .Est - il donc surprenant que le vicomte se laissât prendre à ce piège jonché de roses odorantes .— Quoi , c ' est vrai , 3 ' écria - t - il avec chaleur , jo no m ' abusais point , vous m ' aimez , Lattre ! vous partagez les feux qui m ' embrasent , et vous .",
                  "id": "2",
                  "title": "L'île de Sable : drames de l'Amérique du Nord / par Émile Chevalier"
            },
            {
                  "doc_url": "https://gallica.bnf.fr/ark:/12148/bpt6k5806993j",
                  "emotions": [
                        "surprise",
                        "fear"
                  ],
                  "excerpt": "En mai i8g3 , au troisième mois d ' une nouvelle grossesse , vomissements incessants ne permettant de garder ni médicaments , ni même une cuillerée d ' eau bouillie .Amaigrissement considérable ; haleine fétide , peau terreuse .L ' avortement provoqué , d ' abord refusé , est accepté par la malade et l ' entourage , et pratiqué le i5 mai , vingt jours environ après le début des accidents .",
                  "id": "3",
                  "title": "Mémoires et leçons d'obstétrique / par le Dr P. Puech,..."
            },
            {
                  "doc_url": "https://gallica.bnf.fr/ark:/12148/bpt6k9781618s",
                  "emotions": [
                        "surprise",
                        "nervousness",
                        "curiosity",
                        "pain"
                  ],
                  "excerpt": "Trois ou quatre mois après , j ' apperçus par hasard une rougeur très - peu étendue entre le pouce & le doigt index de la main gauche , & je la jugeai dartreuse .Cette découverte me fit questionner la Malade ; elle me dit , qu ' elle sentoit quelquefois des démangeaisons dans l ' oreille , & que de tems en tems il en découloit une matière ( \\ qui avoit une très - mauvaise odeur .Par l ' inspection que je fis alors de l ' oreille , j ' y apperçus diftinftement une dartre , qui paroissoit pénétrer dans l ' intérieur , mais que je ne pouvois suivre dans toute son étendue .",
                  "id": "4",
                  "title": "Mémoire sur les vertus, l'usage et les effets de la douce-amère, ou solanum scadens, dans le traitement de plusieurs maladies, & surtout des maladies dartreusese ; par M. Carrère,... lu à la Société royale de médecin"
            },
            {
                  "doc_url": "https://gallica.bnf.fr/ark:/12148/bpt6k5774495q",
                  "emotions": [
                        "admiration",
                        "surprise",
                        "curiosity"
                  ],
                  "excerpt": "Pénétrons maintenant dans l ' empire des glaces éternelles , des névés aux aveuglantes blancheurs , vers ces dômes étincelants qui tranchent d ' une ligne blanche le bleu vif du ciel .On est saisi par le délicieux parfum que donne l ' inconnu , les choses sublimes vues pour la première fois .— H4 — Rien ne trahit le mouvement et la vie .",
                  "id": "5",
                  "title": "En nos pays : variations & fugues sur la nature / par Félix Morgon"
            },
            {
                  "doc_url": "https://gallica.bnf.fr/ark:/12148/bpt6k5449198x",
                  "emotions": [
                        "surprise",
                        "grief",
                        "doubt"
                  ],
                  "excerpt": "Amante inconnue , tu es morte trop jeune , hélas ! Nous t ' avons attendue en vain .Et où êtes - vous , ô fleurs étranges , ô parfums nouveaux ? Nous vous avons cherchés en vain .Nul malheureux au monde ne fut par nous consolé .",
                  "id": "6",
                  "title": "Poésies, 1878-1893. / Gabriele d'Annunzio ; traduites de l'italien par G. Hérelle"
            },
            {
                  "doc_url": "https://gallica.bnf.fr/ark:/12148/bpt6k5661261s",
                  "emotions": [
                        "surprise"
                  ],
                  "excerpt": "Cinq jours se passent ainsi , Je malade n ' urinant qu ' avec la sonde , mais les urines restent claires et sans aucune odeur .Puis brusquement ( 29 septembre ) le tableau change ; les urines prennent une odeur infecte , cadavéreuse , elles sont sales et brunâtres , les besoins deviennent fréquents et impérieux .D ' ailleurs la rétention persiste el nécessite l ' emploi de la sonde et des lavages jà l ' acide salicylique .",
                  "id": "7",
                  "title": "Cystite pseudo-membraneuse / Dr Arthur Grousset"
            },
            {
                  "doc_url": "https://gallica.bnf.fr/ark:/12148/bpt6k56573053",
                  "emotions": [
                        "surprise",
                        "pride",
                        "doubt"
                  ],
                  "excerpt": "Des chaînes âpres , escarbouclées , roses , sertissent délicatement la virginale apparition des croupes blanches de la Veleta , et , à travers les brumes lâches , transparentes comme des gazes , percent les éclairs étincelants échappés au Mulhahacen .En avant , bleue , baignée d ' une buée très douce , où flottent des arômes subtils , l ' immense Véga triomphante de verdure , et vers le Sud , une bordure de rubans montagneux si doux , si timides , qu ' ils se confondent avec le ciel dont ils sont comme le piédestal .Le Génil , aux élargissements sablonneux , court entre les myrtes , les orangers et les grenadiers .",
                  "id": "8",
                  "title": "\"España\", simples esquisses / Lionel de La Laurencie"
            },
            {
                  "doc_url": "https://gallica.bnf.fr/ark:/12148/bpt6k5661261s",
                  "emotions": [
                        "surprise"
                  ],
                  "excerpt": "Sans le retirer , on fit séance tenante la taille hypogastrique et M .Rochet fut très étonné de constater la présence de fausses membranes , à laquelle il n ' avait pas songé malgré la gravité de l ' état général , l ' odeur gangreneuse des urines , l ' obstruction de la sonde à demeure , etc .Il rapprocha ce cas d ' un autre précédemment opéré par lui et dans lequel le malade semblait aussi voué à une mort certaine , sans l ' intervention .",
                  "id": "9",
                  "title": "Cystite pseudo-membraneuse / Dr Arthur Grousset"
            },
            {
                  "doc_url": "https://gallica.bnf.fr/ark:/12148/bpt6k9603509n",
                  "emotions": [
                        "surprise"
                  ],
                  "excerpt": "2 ° .Cette vapeur a neutralise l ' alkali & décomposé l ' odeur ; il n ' y eut aucun de ceux qui y entrerent le Dimanche matin , qui n ' avoua ayec étonnement qu ' il n ' y avoir plus aucun soupçon d ' odeur quelconque ! ; & l ' effet est ici d ' autant plus marqué , qu ' il a été reconnu depuis que le foyer de la fermentation putride n ' étoit pas éteint dans le caveau , & que les émanations n ' en étoient que rallenties & non interceptées .Je crois donc pouvoir proposer avec confiance ce nouveau moyen de purifier absolumenc , & en peu de temps une masse d ' air infectée de miasmes putrides : quelque grand que puisse être le vaisseau , la dose de deux livres d ' acide vitriolique sur six livres de sel marin sera plus que suffisante , puisque ce mélange a fourni assez de vapeurs pour remplir une Eglise très - vaste , & que je trouvai encore dans la capsule plus de moitié du sel marin qui n ' avoir pas été décomposé , ce qui venoit de ce que le feu ne s ' étoit pas soutenu allez long - temps ; & il n ' auroit pas été prudent de tenter de la renouveller pendant l ' effervescence .",
                  "id": "10",
                  "title": "Observations sur la physique, sur l'histoire naturelle et sur les arts / par M. l'abbé Rozier,..."
            },
            {
                  "doc_url": "https://gallica.bnf.fr/ark:/12148/bpt6k2099872",
                  "emotions": [
                        "surprise"
                  ],
                  "excerpt": "L ' oreille aurait perçu les bruits les plus distincts Venus de la vallée et des sommets lointains Les chèvres , s ' égarant loin de leurs chevrières , Observaient dans l ' espace a travers les clairières .On les vit s ' arrêter soudain , comme flairant Un troupeau précédé par le bouc odorant .Puis , dans un rayon d ' or , comme un coup de théâtre ; Apparut le troupeau , suivi de - ce beau pâtre Que Jeanne connaissait , que l ' autre avait rêve .",
                  "id": "11",
                  "title": "Dix églogues : poèmes bucoliques / par Pierre Dupont"
            },
            {
                  "doc_url": "https://gallica.bnf.fr/ark:/12148/bpt6k5455479n",
                  "emotions": [
                        "surprise",
                        "boredom",
                        "nervousness"
                  ],
                  "excerpt": "II Mais voici qu ' au moment où le soleil s ' incline Un vent léger s ' épand par - dessus la colline , Dernier et doux adieu que le jour , exilé , Fait courir sur le sol , comme un soupir ailé .Tout s ' émeut et s ' agite au souffle de la brise ; En son demi - sommeil la bruyère , surprise , Inonde tout à coup de ses âpres senteurs Les agneaux indolents couchés parmi les fleurs .Un long frémissement court , d ' abord , sur la cime Des arbres endormis que ce souffle ranime , Puis un bruit sourd , semblable au murmure des mers .",
                  "id": "12",
                  "title": "Rêves et réalités / par Maurice Trubert"
            },
            {
                  "doc_url": "https://gallica.bnf.fr/ark:/12148/bpt6k57416769",
                  "emotions": [
                        "surprise",
                        "envy",
                        "greed"
                  ],
                  "excerpt": ".Oh ! qui l ' eût jamais pensé ? Avec quel talent cet homme savait cacher son égoïsme ! quels dehors brillans enchâssaient celte ame lépreuse ! Sous des couleurs éclatantes le géranium recèle une essence infectée ; la timide violette , pauvre d ' attraits , cachée sous l ' herbe , renferme les plus suaves parfums ; une croûte grossière voile les feux du diamant .Victor , rayonnant de joie , accourut nous annoncer la bonne nouvelle ; Charles éprouva un secret chagrin , mais Victor lui promit que ( 64 ) personne autre que lui n ' en recueillerait l ' honneur et la gloire , et qu ' ensemble ils en partageraient la récompense .",
                  "id": "13",
                  "title": "L'orpheline de Moret. Tome 2 / par Teste d'Ouet"
            },
            {
                  "doc_url": "https://gallica.bnf.fr/ark:/12148/bpt6k28187g",
                  "emotions": [
                        "surprise",
                        "disgust",
                        "embarrassment"
                  ],
                  "excerpt": "Arrivé au milieu du corridor , il s ' arrêta devant une porte sur laquelle était écrit le mot rcmcm ~ r , encadré dans un delta , chercha parmi ses clefs celle qui l ' ouvrait , et l ' introduisit dans la serrure .Cette porte ét < ut à peine ouverte , qu ' un parfum combiné de bète fauve et d ' écurie m ' affecta si désagréablement le système olfactif , que je reculai d ' un pas mais mon introduc - teur , qui prit ce mouvement de répulsion pour un acte de déférence envers sa personne , fit à son tour un pas en arrière , en m ' engageant courtoisement à passer le premier .Je me trouvai dans une vaste salle figurant un carré long , voûtée en dos d ' âne et pavée en cailloutis .",
                  "id": "14",
                  "title": "Scènes et paysages dans les Andes. [Série 1] / par Paul Marcoy"
            },
            {
                  "doc_url": "https://gallica.bnf.fr/ark:/12148/bpt6k96171588",
                  "emotions": [
                        "surprise"
                  ],
                  "excerpt": "Le chien marche obliquement , il efface un peu l ' épaule gauche en avançant l ' épaule droite ; il faut donc que sa queue penche à gauche pour faire contre - poids et maintenir l ' équilibre ; à peine si sur mille chiens on en voit un affecter d ' autres habitudes .Dans les caractères physiques du chien l ' odorat est quelque chose de si surprenant qu ' on ne pourrait point y croire , si chaque jour on n ' en voyait pas les effets miraculeux .Un lièvre , un lapin , une caille , ont passé là , et plusieurs heures après mon chien sent l ' odeur qu ' ils ont laissée .",
                  "id": "15",
                  "title": "Histoire du chien chez tous les peuples du monde : d'après la Bible, les Pères de l'Eglise, le Koran, Homère, Aristote, Xénophon, Hérodote, Plutarque... / par Elzéar Blaze,..."
            },
            {
                  "doc_url": "https://gallica.bnf.fr/ark:/12148/bpt6k54539590",
                  "emotions": [
                        "surprise",
                        "nostalgia"
                  ],
                  "excerpt": ".I39 Amie , oh ! vois - tu ? tous les deux nous sommes Comme ces enfants des bois , des vergers , Comme ces pommiers qui mêlent leurs pommes Ou ces verts tilleuls leurs parfums légers .Plus le temps s ' écoule et plus il resserre Les liens chéris formés entre nous ; Tels que les raisins qu ' on cueille en brumaire Ces liens plus mûrs n ' en sont que plus doux .",
                  "id": "16",
                  "title": "Mes bien-aimées / Lucien Jeny"
            },
            {
                  "doc_url": "https://gallica.bnf.fr/ark:/12148/bd6t5370307v",
                  "emotions": [
                        "surprise",
                        "gratitude"
                  ],
                  "excerpt": "L ’ aube pointait 1 , la terre était humide et blanche ; La sève en fermentant 2 sortait de chaque branche ; L ’ araignée étendait ses fils dans les sentiers Et ses toiles d ’ argent au - dessus des landiers 3 .Première heure du jour , lorsque sur la colline , La fleur lève vers toi sa tige verte et fine , Que mille bruits confus se répandent dans l ’ air , Et que vers l ’ Orient le ciel devient plus clair ; Heure mélodieuse , odorante et vermeille 4 , Première heure du jour , tu n ’ as point ta pareille ! BRIZEUX .LIX .",
                  "id": "17",
                  "title": "Lectures littéraires et morales tirées des meilleurs écrivains... (12e édition) / par A. Pressard,..."
            },
            {
                  "doc_url": "https://gallica.bnf.fr/ark:/12148/bpt6k97593956",
                  "emotions": [
                        "surprise",
                        "joy",
                        "pride",
                        "gratitude",
                        "envy"
                  ],
                  "excerpt": "» * On m ' avait demandé une épingle qui m ' était très commode , et je la regrettais .Elle me dit alors : « Oh ! que vous êtes riche ! vous ne pouvez pas être heureuse ! » * * * Etant chargée de l ' ermitage de l ' Enfant - Jésus , et sachant que les parfums incommodaient une de nos Mères , elle se priva toujours d ' y mettre des fleurs odorantes , même une petite violette , ce qui fut matière à de vrais sacrifices .Un jour qu ' elle venait de placer une belle rose artificielle au pied de la statue , notre bonne Mère l ' appela .",
                  "id": "18",
                  "title": "Histoire d'une âme : écrite par elle-même / Sainte Thérèse de l'Enfant-Jésus et de la Sainte-Face"
            },
            {
                  "doc_url": "https://gallica.bnf.fr/ark:/12148/bpt6k5460017w",
                  "emotions": [
                        "surprise",
                        "grief",
                        "disgust",
                        "fear",
                        "love",
                        "gratitude",
                        "embarrassment",
                        "disappointment"
                  ],
                  "excerpt": "Pour le calice de ces fleurs L ' Aurore n ' aura pas de pleurs , Les voyant pleines tout entières De ceux qu ' ont versés mes paupières .Si vers leur parfum languissant Tu penches la tête , en passant , Comme un souffle qu ' on effarouche , Mon âme en fuira sur ta bouche .34 266 LA GLOIRE DU SOUVENIR .",
                  "id": "19",
                  "title": "Poésies de Armand Silvestre, 1866-1872. [Préface de George Sand.] Rimes neuves et vieilles. - Les Renaissances. - La Gloire du souvenir"
            },
            {
                  "doc_url": "https://gallica.bnf.fr/ark:/12148/bpt6k9606458q",
                  "emotions": [
                        "surprise"
                  ],
                  "excerpt": "Je vous ai dit que ce luminaire était employé dans l ' intérieur des maisons aussi bien qu ' à l ' extérieur .Déjà plusieurs fois le gaz s ' est échappé des tuyaux qui le menaient dans des boutiques , et plusieurs fois aussrles locataires , alarmés par la mauvaise odeur , sont entrés , une lumière à la main , dans la pièce qui était remplie de vapeur ; il en est résulté aussitôt une explosion comparable à celle de la poudre à canon : les vitres et les glaces ont été brisées , des murs ébranlés ; en même temps l ' incendie a joint ses ravages à ceux causés par la commotion .Quant aux malheureux qui , par habitude de s ' éclairer pour passer d ' une chambre à l ' autre , ' étourderie ou ignorance , ont causé des accidents , ils ont tous été blessés plus ou moins grièvement .",
                  "id": "20",
                  "title": "La mère Valentin, ou Contes et historiettes de la bonne femme / par Mme Alida de Savignac..."
            }
      ]
}