{
      "articles": [
            {
                  "doc_url": "https://gallica.bnf.fr/ark:/12148/bpt6k6227803d",
                  "emotions": [
                        "surprise",
                        "disgust",
                        "fear",
                        "doubt",
                        "nervousness",
                        "embarrassment"
                  ],
                  "excerpt": "Une planche glissa et j ' aperçus , étalée sur un fond de velours noir , une merveilleuse chevelure de femme ! Oui , une chevelure , une énorme natte de cheveux blonds , presque roux , qui avaient dû être coupés contre la peau , et liés par une corde d ' or .Je demeurai stupéfait , tremblant , troublé ! Un parfum presque insensible , si vieux qu ' il semblait l ' âme d ' une odeur , s ' envolait de ce tiroir mystérieux et de cette surprenante relique .Je la pris , doucement , presque religieusement , et je la tirai de sa cachette .",
                  "id": "1",
                  "title": "Toine / Guy de Maupassant ; illustrations de Mesplès"
            },
            {
                  "doc_url": "https://gallica.bnf.fr/ark:/12148/bpt6k53278859",
                  "emotions": [
                        "surprise",
                        "relief"
                  ],
                  "excerpt": "Le hérisson est excellent nageur , et cependant il n ’ aime pas l ’ eau , quelle qu ’ en soit du reste la provenance .Aussi , fort désagréablement surpris par cette averse des moins odorantes , il se détendit au plus vite ; le renard profita de l ’ occasion pour le happer sous le ventre et le croquer en deux temps .Le tour était bien joué , et je n ’ eus pas le cœur de frapper le drôle .",
                  "id": "2",
                  "title": "Récits de Chasse / C. D'Amezeuil"
            },
            {
                  "doc_url": "https://gallica.bnf.fr/ark:/12148/bpt6k57026649",
                  "emotions": [
                        "surprise",
                        "disgust"
                  ],
                  "excerpt": "A la fin de juin lSSii , on conduit à ma consultation un enfant do ti ans , qui se plaignait d ' avoir mal dans le nez , et avait , depuis ta \" > jours , la voix très nasonnée .A mon examen , je constate » du jetage par la narine droite , il s ' en écoule du mueo - pus légèrement odorant .Do quoi s ' agit - il ? D ' une rhinito ulcéreuse , do fausses membranes , d ' un ozèno ( V .",
                  "id": "3",
                  "title": "Histoire de quelques corps étrangers : communication faite à la Société de médecine et de chirurgie pratiques de Paris, séance du 4 octobre 1900 / par le Dr Dubousquet-Laborderie et René Klein,..."
            },
            {
                  "doc_url": "https://gallica.bnf.fr/ark:/12148/bpt6k66175t",
                  "emotions": [
                        "surprise"
                  ],
                  "excerpt": "Quand le soir arriva , le diable revint chez lui .A peine était - il entré qu ' il remarqua une odeur extraordinaire .« 11 y a du nouveau ici , dit - il ; je sens la chair humaine .",
                  "id": "4",
                  "title": "Contes choisis des frères Grimm (Nouvelle édition) / [Jacob et Wilhelm Grimm] ; traduits de l'allemand par Frédéric Baudry ; illustrés de 44 gravures par Bertall"
            },
            {
                  "doc_url": "https://gallica.bnf.fr/ark:/12148/bpt6k10922674",
                  "emotions": [
                        "surprise"
                  ],
                  "excerpt": "En conféquence , je me tranfportai , vers les cinq heures du foir le jour même de cet accident , au lieu où s ’ étoit paH ’ ée cette fcène tragique .J ’ entrai dans une chambre de médiocre grandeur , qui n ’ étoit éclairée que par une feule croii ' ée : les murailles en étoient couvertes d ? une boiferie nouvellement peinte , mais qui n ’ exhaloit aucune mauvaife odeur : elle étoit habitée depuis quelques femaines .Au milieu de cette chambre étoient les deux corps morts , celui du marchand & celui de la marchande Ils avoient tous deux la face colorée , les yeux luifans , les membres flexibles , même la mâchoire inférieure ; leur peau étoit encore fouple , & .",
                  "id": "5",
                  "title": "Rapport fait par ordre de l'Académie des Sciences, sur les effets des vapeurs méphitiques dans le corps de l'homme, Et principalement sur la Vapeur du Charbon, Avec un précis des Moyens les plus efficaces pour rappeller à la vie ceux qui ont été suffoqués... Par M. Portal, Médecin consultant de Monsieur... (Troisième Édition, A laquelle on a ajouté : 1°. un Extrait de ce que l'on a écrit de plus important sur la Cause de la Mort des Noyés, & sur les moyens de les rappeler à la vie ; 2°. des Remarques sur la Méthode la plus avantageuse d'appeller à la vie quelques enfans qui paroissent morts en naissant ; 3°. un avis important, qui est le résumé de tout l'Ouvrage) / M. Portal"
            },
            {
                  "doc_url": "https://gallica.bnf.fr/ark:/12148/bpt6k5801596v",
                  "emotions": [
                        "surprise",
                        "disgust"
                  ],
                  "excerpt": "Du reste , les officiers de hussards bleus , qui traînaient avec arrogance leurs grands outils de mort sur le pavé , ne semblaient pas avoir pour les simples citoyens énormément plus de mépris que les officiers de chasseurs , qui , l ' année d ' avant , buvaient aux mêmes cafés .Il y avait cependant quelque chose dans l ' air , quelque chose de subtil et d ' inconnu , une atmosphère étrangère intolérable , comme une odeur répandue , l ' odeur del ' invasion .Elle emplissait les demeures etles places publiques , changeait le goût des aliments , donnait l ' impression d ' être en voyage , très loin , chez des tribus barbares et dangereuses .",
                  "id": "6",
                  "title": "Anthologie des auteurs modernes. V, Recueil de morceaux choisis / Guy de Maupassant ; précédé d'une étude... par Georges Normandy..."
            },
            {
                  "doc_url": "https://gallica.bnf.fr/ark:/12148/bpt6k5806995c",
                  "emotions": [
                        "surprise"
                  ],
                  "excerpt": "Là , les arbres font aux promeneurs des dômes de verdure , et , dans le feuillage des cocotiers et des bananiers aux larges feuilles , des myriades d ' oiseaux minuscules gazouillent et lancent d ' une façon presque ininterrompue des fusées de trilles joyeux .Des senteurs étranges , des parfums inconnus semblent sortir de terre ; la brise qui passe a la douceur d ' une caresse , et apporte au promeneur les effluves des fleurs dont elle vient de faire frissonner les pétales .Sur le bord des rivières et des étangs , les lotus se balancent , bercés par le vent qui passe , et , un peu partout , l ' hibiscus , la fleur rouge de l ' Inde , troue d ' un éparpillement de rubis les profondeurs de cette verdure tropicale .",
                  "id": "7",
                  "title": "Voyages pittoresques à travers le monde : de Marseille aux frontières de Chine / Eug. Lagrillière-Beauclerc"
            },
            {
                  "doc_url": "https://gallica.bnf.fr/ark:/12148/bpt6k947409c",
                  "emotions": [
                        "surprise"
                  ],
                  "excerpt": "Enfin , dans quelques expériences faites en donnant à l ’ air une vitesse très faible , égale à o m , 5o par seconde , 011 a trouvé que 1 , 5 p , 100 de gaz seulement suffisait à rendre combustibles les poussières de Leycett .Cette proportion est les A3 centièmes de celle qui , mélangée à l ’ air seul , le rend détonant .Les critiques que nous avons adressées aux expériences de M .",
                  "id": "8",
                  "title": "Du Rôle des poussières de houille dans les accidents de mines, par MM. Mallard,... et Le Chatelier,..."
            },
            {
                  "doc_url": "https://gallica.bnf.fr/ark:/12148/bpt6k63862458",
                  "emotions": [
                        "surprise",
                        "sadness"
                  ],
                  "excerpt": "Moment bien pénible pour le père et pour la fille , victimes de l ' impitoyable raison d ' Étatl Puis , c ' est Braunau , et la cérémonie de la remise a lieu avec la solennité d ' usage , dans le pavillon où de chaque côté sont rangées les deux suites , celle qui va quitter la princesse , celle qui va l ' emmener , les dames de l ' aristocratie autrichienne tenant à distance les parvenues ou les transfuges de la noblesse impériale française .Le déchirement est grand pour Marie - Louise : c ' est le jour où , de façon brutale , elle doit rompre avec tout le passé , laisser s ' éloigner toutes les figures amies , se confier tout entière , jusqu ' en son intimité la plus complète , à des inconnues , à des étrangères - « Oh ! Dieul si différentes des dames viennoises ! » s ' écrie - t elle , — à ces Françaises qu ' elle a entendu si souvent mal juger , et dont les parfums , trop violents , à eux seuls l ' incommodent .Il lui a même fallu se déshabiller complètement , pour obéir aux usages , « endurer une toilette de deux heures » qui ne laissera rien sur elle d ' autrichien .",
                  "id": "9",
                  "title": "Les chroniques du château de Compiègne / par Pierre Quentin-Bauchart"
            },
            {
                  "doc_url": "https://gallica.bnf.fr/ark:/12148/bpt6k772777",
                  "emotions": [
                        "surprise",
                        "doubt"
                  ],
                  "excerpt": "I < es concrétions pelliculaires , d ' abord minces , deviennent de plus en plus épaisses celles qui se forment a la surface du derme soulevant sans cesse celles qui ont été s ~ crëtees les premières , de manière à former une sorte de feuincte dont l ' épaisseur peut aller jusqu ' à quatre , cinq et six tigaes .Les couches de concrétions en contact avec te denne conservent toujours de la densité mais les plus extérieures , baignées dans les nots de sérosité , se ramollissent , se putreQent , changent de couleur , prennent une teinte grise , qudquetois noirâtre , exhalant une effroyable fétidité et alors it est impossible de ne pas croire que la peau tout entière est sphacetec ici on commet la M ! ( ! mc erreur que dans la diphtherie pharyngienne , errcut ' que j ' : vous ai signatec .Ce tt ' est pas que la yan ~ ' Mte ne puisse , dans quelques cas , envahir te ~ parties atteintes par la diphtherie ; ceta s ' observe surtout pour la diphtherie ~ utvairc , ainsi que je vous t ' ai dit à propos des complications de la rougeotc .",
                  "id": "10",
                  "title": "Clinique médicale de l'Hôtel-Dieu de Paris. Tome 1 / par A. Trousseau,..."
            },
            {
                  "doc_url": "https://gallica.bnf.fr/ark:/12148/bpt6k61382703",
                  "emotions": [
                        "surprise",
                        "disgust"
                  ],
                  "excerpt": "Cette solution donne au mélange un coup d ' oeil laiteux azuré ; l ' odeur sulphureuse des eaux est beaucoup diminuée .de l ' instant , et dans peu presque complètement détruite et surpassée par l ' odeur agréable de l ' alcool .« Ce dernier phénomène tient sans doute à l ' action de l ' alcool sur le gaz hydrogène sùlphuré .",
                  "id": "11",
                  "title": "Des Eaux sulphureuses et thermales de Vaudier, avec des observations physiques, économiques et chimiques sur la vallée de Gesse et des remarques sur l'analyse des eaux sulphureuses en général, par Jean-Antoine Giobert"
            },
            {
                  "doc_url": "https://gallica.bnf.fr/ark:/12148/bpt6k5505364q",
                  "emotions": [
                        "surprise",
                        "doubt"
                  ],
                  "excerpt": "On me poussa alors vers un trou en avant du pont ; ce trou était couvert par une espèce de boîte renversée ; dans l ' intérieur il y avait une échelle .Complètement abasourdi , je descendis tant bien que mal , au moyen de cette échelle , et je me trouvai aussitôt dans une pièce obscure , humide , remplie de fumée de tabac et de mauvaises odeurs de goudron et d ' eau croupie .On me fit savoir que ceci était le gaillard d ' avant , la demeure de l ' équipage , dont maintenant je faisais partie , hélas ! Je l ' avoue , s ' il y eût eu la moindre possibilité de le faire , je me serais échappé ; mais se sauver d ' un navire est tout autre chose que de se sauver d ' une ferme .",
                  "id": "12",
                  "title": "Perdus dans les glaces, ouvrage traduit de l'anglais... par Léon Renard... / Isaac J. Hayes"
            },
            {
                  "doc_url": "https://gallica.bnf.fr/ark:/12148/bpt6k319165k",
                  "emotions": [
                        "surprise"
                  ],
                  "excerpt": "Des fruits , des billets de la veille , Des Heurs , un jupon de satin .Resté stupéfait dans la chambre , J ’ odore des goûts différents : L ’ alcali se mêlait à l ’ ambre , A des parfums moins odorants .Je vois le rouge de la belle Parmi la pommade mêlé , Un chat pelé , Un pot fêlé , Des suppléants , un vieux soufflet brûlé , Et la moitié d ’ une chandelle Dans un carafon étoilé .",
                  "id": "13",
                  "title": "Chansons nationales et populaires de France, accompagnées de notes historiques et littéraires, par Dumersan et Noël Ségur. Tome 1"
            },
            {
                  "doc_url": "https://gallica.bnf.fr/ark:/12148/bpt6k918081",
                  "emotions": [
                        "surprise",
                        "relief"
                  ],
                  "excerpt": "taire tomber seulement dans le dernier quelques gouttes d ' acide .Au bout de quelques minutes , toute odeur putride avoit disparu ; et l ' a ! ) ' , qui auparavant noircissoit .fttt ' temettt ia disxo ! utiot ) d ' aceti { e de plomb , t ) ' y ocm ~ to .",
                  "id": "14",
                  "title": "Traité des moyens de désinfecter l'air, de prévenir la contagion et d'en arrêter les progrès , par L.-B. Guyton-Morveau,..."
            },
            {
                  "doc_url": "https://gallica.bnf.fr/ark:/12148/bpt6k65289402",
                  "emotions": [
                        "surprise",
                        "sadness",
                        "nostalgia",
                        "doubt",
                        "nervousness",
                        "despair"
                  ],
                  "excerpt": "Rose aime sa mansarde , elle sourit en ouvrant sa fenêtre pour regarder le ciel bleu , et elle sourit encore , le soir en la fermant , lorsque la première étoile vient scintiller en face de ses yeux : que lui dit l ' étoile ? je n ' en sais rien .Pourquoi rêve - t - elle , le coude appuyé dans sa main ? Que peut lui conter tout bas le vent qui arrive des campagnes , après avoir passé sur des touffes de giroflées dont il emporte les suaves odeurs ? Pourquoi deux larmes tremblent - elles au bord de ses cils châtains ? Personne ne le sait .L ' âme de Rose est blanche comme les rideaux de son lit virginal .",
                  "id": "15",
                  "title": "Le roman de l'ouvrière / par Félix de Jousselin"
            },
            {
                  "doc_url": "https://gallica.bnf.fr/ark:/12148/bpt6k9609981m",
                  "emotions": [
                        "surprise"
                  ],
                  "excerpt": "502 ) .Espèce sessile ayant une odeur anisée et agréable , à chapeau coriace , subéreux , glabre de couleur blanche d ' abord , ensuite roussâtre , zone supérieurement , scabre , brun - fuligineux en dedans ; pores allongés , irréguliers , roussâtres .Sur les troncs des saules en 1601 .",
                  "id": "16",
                  "title": "Flore générale de Belgique : contenant la description de toutes les plantes qui croissent dans ce pays. Cryptogamie / par C. Mathieu,..."
            },
            {
                  "doc_url": "https://gallica.bnf.fr/ark:/12148/bpt6k6122855b",
                  "emotions": [
                        "surprise"
                  ],
                  "excerpt": "Bois épais , touffu , bien percé .Bois sombre , solitaire , majestueux , mystérieux ; bois fleuri , odorant , impénétrable .' Percer des allées dans un - bois .",
                  "id": "17",
                  "title": "Nouveau dictionnaire universel. I, 1. A-B. I, 2. C-F / par Maurice Lachâtre"
            },
            {
                  "doc_url": "https://gallica.bnf.fr/ark:/12148/bpt6k58354866",
                  "emotions": [
                        "surprise",
                        "doubt"
                  ],
                  "excerpt": "HABIT .Animaux très - carnassiers , ne se nourris - ' sant , dans l ' état de nature , que de proie vivante , qu ' ils saisissent par surprise , et non à la course , comme le font les chiens ; sautant et grimpant facilement ; courant mal ; ayant le sens de l ' odorat assez foible , mais celui de la vue très - parfait ; vivant dans les forêts , etc .PATRIE .",
                  "id": "18",
                  "title": "[Histoire naturelle] : La Mammalogie : ou description des espèces de mammifères"
            },
            {
                  "doc_url": "https://gallica.bnf.fr/ark:/12148/btv1b8600226g",
                  "emotions": [
                        "surprise",
                        "joy",
                        "sadness",
                        "nostalgia",
                        "curiosity"
                  ],
                  "excerpt": "Et , trez - attentif , le Roy trez - chrestien assista au des - - pouillement de la vieille fille , qui se desvestoyt en s ' admirant , s ' espilant ou se grattant ung bouton malicieusement advenu sur une narine , puis s ' espluchiant les dents et faisant mille menues chouses que font , hélas ! toutes les dames vierges ou non , dont bien grant leur fasche ; mais , sans les légiers deffaults de la nature , elles seroyent trop fières et l ' on ne pourroyt plus en jouyr .Ayant achevé son discours acquactique et musical , la vieille fille se mit entre ses toiles et gecta ung beau , gros , ample et curieux cry alors qu ' elle veit , qu ' elle sentit la frescheur de ce pendu et sa bonne odeur de jeunesse ; puis saulta loing de luy par cocquetterie .Mais , comme elle ne le sçavoyt point eslre véritablement deffunct , elle revint , cuydant qu ' il se mocquoyt d ' elle et contrefaisoyt le mort .",
                  "id": "19",
                  "title": "Les contes drolatiques colligez ez abbayes de Touraine et mis en lumière par le sieur de Balzac pour l'esbattement des pantagruélistes et non aultres (cinquième édition illustrée de 425 dessins par Gustave Doré)"
            },
            {
                  "doc_url": "https://gallica.bnf.fr/ark:/12148/bpt6k772777",
                  "emotions": [
                        "surprise",
                        "fear",
                        "pain"
                  ],
                  "excerpt": "< Jn < { { u < s Jtturs plus tard ta < na ! a < te éprouve une ~ ene plus considérable au oh eau du ! arynx c ! tc crott sentir comme un corps ntohitc qui par instants se mettrait en travers de ta gorge .Tout a coup , dans ta soirée , ctte est prise d ' un ~ ritabte accès de suffocation très - intense , et à ta suite d ' une violente quinte de toux , elle ~ ' < ~ P p ~ ' Irt & OKCAC ~ « Ù ? ~ C ~ ii ! ~ MM ~ ' M OM ~ M .C .",
                  "id": "20",
                  "title": "Clinique médicale de l'Hôtel-Dieu de Paris. Tome 1 / par A. Trousseau,..."
            }
      ]
}