{
      "articles": [
            {
                  "doc_url": "https://gallica.bnf.fr/ark:/12148/bpt6k2003022",
                  "emotions": [
                        "surprise",
                        "doubt"
                  ],
                  "excerpt": "Pendant huit jours , il put essayer sur sa petite victime , toutes les médecines des peuples les plus barbares , la torturer à sa guise : l ' autre ne résistait pas plus qu ' un chien malade .Quand le docteur , chargé de petites fioles mal bouchées , remplies et composées par lui de paquets de poudres odorantes et variées , entrait dans la « resserre , » en fermant soigneusement la porte derrière lui , on pensait « Que va - t - il lui faire ? » Et les « petits pays chauds , » pour qui un médecin était toujours un peu un mage , un sorcier , avaient des hochemements de tête , des roulements d ' yeux en le voyant .Mais il leur était défendu d ' approcher , à cause de l ' épidémie , et cela faisait un coin mystérieux dans le fond du jardin , un coin enveloppé d ' ombres , de mystère , de terreur , où semblait se préparer un événement bien plus occulte et effrayant que toutes les drogues du docteur .",
                  "id": "1",
                  "title": "Jack : moeurs contemporaines.... 1 / oeuvres de Alphonse Daudet"
            },
            {
                  "doc_url": "https://gallica.bnf.fr/ark:/12148/bpt6k5460222w",
                  "emotions": [
                        "surprise"
                  ],
                  "excerpt": "( t ) C ' est , dans le sens des anciens , la destinée considérée comme cause des divers événements de la vie .114 FABLES CHOISIES La pesanteur des peaux et leur mauvaise odeur Eurent bientôt choqué l ' impertinente bête .J ' ai regret , dit - il , à mon premier seigneur : Encor , quand il tournait la tête , J ' attrapais , s ' il m ' en souvient bien , Quelque morceau de chou qui ne me coûtait rien ; Mais ici point d ' aubaine 2 ) , ou , si j ' en ai quelqu ' une .",
                  "id": "2",
                  "title": "Fables de La Fontaine, édition annotée à l'usage de la jeunesse, illustrations de Hadamar et Désandré"
            },
            {
                  "doc_url": "https://gallica.bnf.fr/ark:/12148/bpt6k6443587v",
                  "emotions": [
                        "surprise",
                        "disgust",
                        "annoyance"
                  ],
                  "excerpt": "Éclaira e Huile : bonne lumière ; encrassage désagréable , artificfel I l / Je7 > - o / e : L .OI ' ! le lumière ; odeur désagréable ; suinte .artificiel 1 ICssence minérale : bonne lumière ; très dangereux .",
                  "id": "3",
                  "title": "Cours d'hygiène : troisième année (3e édition revue et corrigée) / par G. Perrin,... H. Coupin,..."
            },
            {
                  "doc_url": "https://gallica.bnf.fr/ark:/12148/bpt6k116131s",
                  "emotions": [
                        "surprise",
                        "disapproval"
                  ],
                  "excerpt": "Nous aurons pour principal soin de rendre clair ce livre malheureusement trop allemand dans sa forme , et nous en écarterons , autant que possible , les nuages d ' hégélianisme que l ' auteur , plus lard .qualifiait de « choquants » , et ces formules obscures où il reconnaissait « l ' odeur des pompes funèt .res particulière à Schopenhauer ( i ) .",
                  "id": "4",
                  "title": "Le génie européen : J.-J. Rousseau. Taine. Bergson. Anatole France. Maeterlinck. Mme de Noailles. Pierre Loti. Tolstoï. Ibsen. Nietzsche. Einstein. Dante. Keats. Baudelaire / Nicolas Ségur"
            },
            {
                  "doc_url": "https://gallica.bnf.fr/ark:/12148/bpt6k1265118w",
                  "emotions": [
                        "surprise",
                        "disgust",
                        "doubt"
                  ],
                  "excerpt": "Cet excellent philanthrope se trouve ainsi logé pour rien et réalise en plus d ' énormes bénéfices .Si ! a fameuse Commission des logements insalubres faisait son devoir , elle devrait bien passer par la ! Comment peut - on vivre dans ces cabanons llUmides , à peine ajourés , OLI peindre l ' odeur nauséabonde des chèvres , porcs et volailles , qui peuplent : la cour ? C ' est presque l ' unique maison de Vinconnes , qui soit d ' une malpropreté sordide , et je n ' exagère pas , car j ' ai eu souvent affaire aux êtres humains , qui croupissent dans ce lieu empesté .Quand on parle à M , le Gérant de la difficulté qu ' éprouvent les pauvres gens a payer leur loyer , il s ' écric en fureur : — « Ah ! les gueux ! les pouiiïeux ! les brutes ! « ils me paieraient , s ' ils n ' avaient pas tant de « mioches , et je n ' aurais pas l ' embarras de faire « jeter dehors leurs sales guenilles .",
                  "id": "5",
                  "title": "Place au travailleur ! études sociales et photographies d'après nature , par un ouvrier socialiste"
            },
            {
                  "doc_url": "https://gallica.bnf.fr/ark:/12148/bpt6k5780124n",
                  "emotions": [
                        "surprise",
                        "doubt"
                  ],
                  "excerpt": "Je terminerai en rapportant FIGURE m fteprnentaKt un chancre , ou vfclre vénérien prlnltly , a * tmt son siège sur la gencive ' Je ïu mâchoire supérkur \\ un fait trouvé dans la thèse < k M .La » i > * ? * - ! ver , qui offre un curieux exemple de conùigiou Médicale : « Un officier en garnison à Paris contrai & h véV • rôle par un chancre infectant de la joue , coiriuiuni « quédela manière suivi ' e : le barbier du régiment « l ' avait coupé en le rasant , et , comme c ' est l ' habi « tude dans cette profession , il avait tâché de remé * SIÈGE DES CiUNCJU » .721 « dier à sa maladresse en pressant fortement avec le « doigt la plaie qu ' il avait ouverte .",
                  "id": "6",
                  "title": "Traité pratique complet des maladies des femmes (12e édition illustrée de 250 figures d'anatomie) / par le Dr Ém. Jozan,..."
            },
            {
                  "doc_url": "https://gallica.bnf.fr/ark:/12148/bpt6k1143196",
                  "emotions": [
                        "surprise",
                        "embarrassment"
                  ],
                  "excerpt": "Allons , laisse - tai faire , enfant En même temps Hédonia plaçait sous les narines du jeune homme une large rose , cueillie sur sa poitrine au bord de la nébride , et la lui fit humer longuement .Au toucher de la fleur , qui avait la tiédeur fraîche de la chair , à son parfum délicieux , Ombricius se sentit près de défaillir et ferma les yeux .Elle reprit d ' une voix attendrie Ils t ' ont fait souffrir là - bas .",
                  "id": "7",
                  "title": "La prêtresse d'Isis : légende de Pompéi (3e édition) / Édouard Schuré"
            },
            {
                  "doc_url": "https://gallica.bnf.fr/ark:/12148/bd6t5378433w",
                  "emotions": [
                        "surprise",
                        "embarrassment"
                  ],
                  "excerpt": "Elle arbore maintenant comme emblème l ’ églantine , votre simple et modeste sœur , la mère des roses si belles et si aimées .La pauvrette ne s ’ attendait pas à un pareil déshonneur ! — Ah ! Madame , quelle révélation ! Je le répète , portez nos livrées douces et parfumées , portez nos couleurs , mais qu ’ elles ne soient pas obligées d ’ indiquer les vôtres et de prendre votre drapeau ; car alors , nous ne serions plus fleur , mais cocarde .» Après ce petit discours fort bien tourné , ma foi , pour une bruyère , je cueillis quelques immortelles , non à titre de libre - penseuse , Dieu m ’ en garde ! mais en pensant à vous , bonne et charmante amie , parce que l ’ immortelle est aussi la fleur de l ’ amitié .",
                  "id": "8",
                  "title": "Mélanges : au jardin, loteries & jeux, voyages / Mme N. Dondel Du Faouëdic"
            },
            {
                  "doc_url": "https://gallica.bnf.fr/ark:/12148/bpt6k662277",
                  "emotions": [
                        "surprise"
                  ],
                  "excerpt": "dans quel but ? .l ' étrange odeur , sucrée , fadasse ! Jean - Charles la reconnaît vaguement .il l ' a sentie une fois .",
                  "id": "9",
                  "title": "La vie de collège dans tous les temps et dans tous les pays. A travers les universités de l'Orient. Le tour du globe d'un bachelier (4e éd.) / par André Laurie"
            },
            {
                  "doc_url": "https://gallica.bnf.fr/ark:/12148/bpt6k5471800z",
                  "emotions": [
                        "surprise",
                        "joy",
                        "amusement"
                  ],
                  "excerpt": "Elle avait un gros orteil .L ' orleil entra d ' abord ' ; elle entra après lui , et aussitôt qu ' elle fut arrivée , elle se mit à rire et se roula par terre en disant : « Eh ! eh ! aujourd ' hui il y a dans ma maison une délicieuse odeur ; mes enfants , qu ' est - ce qu ' il y a dans la maison ? » Les filles 260 CONTES ZOULOUS répondirent : « Allez - vous - en ; ne venez pas nous ennuyer .Nous ne savons pas où nous pourrions trouver quelque chose .",
                  "id": "10",
                  "title": "Essais sur la mythologie comparée : les traditions et les coutumes / par Max Müller... ; ouvrage traduit de l'anglais... par George Perrot,..."
            },
            {
                  "doc_url": "https://gallica.bnf.fr/ark:/12148/bd6t5378433w",
                  "emotions": [
                        "surprise",
                        "disgust",
                        "doubt"
                  ],
                  "excerpt": "Elle entendit , sans le comprendre , le langage de l ’ ambition ; elle vit un trône renversé , un empereur déchu , des espérances brisées , et , ce jour - là , l ’ armée au désespoir fit de cette humble fille des champs l ’ emblème de la fidélité au malheur ; mais aujourd ’ hui elle exprime surtout une idée politique .Sous ses pétales veloutés et ses suaves parfums , elle cache , — qui l ’ aurait jamais cru , pas moi , bien sûr — elle cache une nichée d ’ aiglons révoltés .Quant à mon frère le lys , aux belles coupes blanches à fond d ’ or et à fines nervures , où la mouche industrieuse butine son miel , où les papillons vermeils viennent boire la rosée , il est , et restera , la fleur de la légitimité .",
                  "id": "11",
                  "title": "Mélanges : au jardin, loteries & jeux, voyages / Mme N. Dondel Du Faouëdic"
            },
            {
                  "doc_url": "https://gallica.bnf.fr/ark:/12148/bpt6k58483380",
                  "emotions": [
                        "surprise",
                        "disgust",
                        "fear",
                        "pain",
                        "embarrassment"
                  ],
                  "excerpt": "Respiration .Haleine fétide , putride ; respiration haletante , sibilante , bruyante , gênée , profonde , courte ; accès de suffocation ; asthme ; oppression , etc .« 8 .",
                  "id": "12",
                  "title": "Traitement homoeopathique des maladies de la peau,... par le Dr Rückert, précédé de notions générales et importantes sur la symptomatologie, le régime homoeopathique, la force et la répétition des doses etc., suivi du traitement homoeopathique des maladies vénériennes, par le Dr Attomyr, traduit de l'allemand, par Sarrazin"
            },
            {
                  "doc_url": "https://gallica.bnf.fr/ark:/12148/bpt6k63228819",
                  "emotions": [
                        "surprise",
                        "fear",
                        "doubt",
                        "nervousness",
                        "curiosity"
                  ],
                  "excerpt": "Ces personnes ressentent , au contact de l ' atmosphère de ces corps , une impression assez forte pour en être endormies ; mais on se tromperait si l ' on s ' imaginait que le sommeil est le produit immédiat de l ' imprégnation de l ' objet magnétisé .Quand un tigre a été maté par un dompteur d ' animaux , il tremble dès qu ' il s ' aperçoit de son approche ; dira - t - on que ce sont les subtils effluves provenant de son maître qui terrifient ainsi cet animal ? nullement .Lafaible impression qu ' il en ressent suffit pour réveiller dans sa tête , la mémoire des châtiments qui lui ont été infligés et il en redoute le retour .",
                  "id": "13",
                  "title": "Essai d'une nouvelle théorie du magnétisme animal, par Léopold Warlomont"
            },
            {
                  "doc_url": "https://gallica.bnf.fr/ark:/12148/bpt6k5470710p",
                  "emotions": [
                        "surprise"
                  ],
                  "excerpt": "Les cavités des plèvres sont saines , ■ Le poumon gauche est plus volumineux que dans l ' état normal ; il est d ' un noir foncé .Incisé , il laisse échapper un liquide spumeux , rouge , d ' une odeur fétide ; à sa partie inférieure , le parenchyme est mou , friable , se déchirant à la simple pression et converti en une matière brune très - foncée , réduite en bouillie très - infecte , au centre de laquelle se trouve un caillot rougeâtre de deux centimètres à peu près de long , et logé dans une petite cavité de laquelle il peut facilement être retiré .Ce caillot n ' est pas organisé , et ne semble être formé que par la coagulation du sang .",
                  "id": "14",
                  "title": "Traité sur les maladies chroniques qui ont leur siège dans les organes de l'appareil respiratoire, précédé de nouvelles considérations sur l'auscultation, par I. Bricheteau,..."
            },
            {
                  "doc_url": "https://gallica.bnf.fr/ark:/12148/bpt6k6579220k",
                  "emotions": [
                        "admiration",
                        "surprise",
                        "curiosity"
                  ],
                  "excerpt": "Mais le Dieu commande .ô merveille ! Sur ce tapis sanglant paraissent mille fleurs , Bouquet splendide , odorante corbeille , Où le parfum le dispute aux couleurs .Dans la corolle et sur chaque pétale , Du doux nom d ' Hyacinthe une lettre s ' étale .",
                  "id": "15",
                  "title": "Henri Tricard, scolastique de la Compagnie de Jésus, 1859-1890 : souvenirs religieux et littéraires / recueillis par le R. P. Longhaye,..."
            },
            {
                  "doc_url": "https://gallica.bnf.fr/ark:/12148/bpt6k6519226d",
                  "emotions": [
                        "surprise",
                        "disgust",
                        "doubt",
                        "indifference"
                  ],
                  "excerpt": "chaque jotar t J ' admire ces Iorêts : et leur riant séjour , Et livré tout entier aux Muses que j ' adore , Je lui fais Je tableau d ' un .bonheur qu ' il ignore r ce Eli ! quoi , vil fainéant , lui dis - je avec mtpris , » De tout ce - que - tu vois , tu n ' es donc pas surpris ? 53 Contemple avec respect ces vofttes de feuillages , » Ces berceaux suspendus , - ces odorants treillages ! 55 Entends - tu ces oiseaux dont les chants gracieux » Fatiguent - à ..",
                  "id": "16",
                  "title": "Éloge de la clémence, poème qui a concouru pour le prix décerné par la Société d'émulation de Cambrai, par Alexandre Lecointe"
            },
            {
                  "doc_url": "https://gallica.bnf.fr/ark:/12148/bpt6k6541452x",
                  "emotions": [
                        "surprise"
                  ],
                  "excerpt": "M .Bailly a été frappé du peu d ' odeur que leurs cadavres exhalent , lors même qu ' ils sont en putréfaction .Les vestibules des maisons , sans cesse inondés d ' urine , n ' offrent pas non plus l ' odeur infecte des lieux où ce liquide se trouve rassemblé dans nos villes ; et pourtant les fièvres intermittentes sont très - fréquentes à Rome .",
                  "id": "17",
                  "title": "Journal complémentaire du Dictionnaire des sciences médicales"
            },
            {
                  "doc_url": "https://gallica.bnf.fr/ark:/12148/bpt6k65346758",
                  "emotions": [
                        "surprise",
                        "disgust"
                  ],
                  "excerpt": "Tout à coup je vois se dresser le long du mur une plante raboteuse , piquante , d ' un vert bleuâtre , et qui étendait au loin ses longs bras ressemblant assez aux replis d ' un serpent endormi .« Oh ! la vilaine plante ! » fis - je : « que c ' est laid ! « A peine avais - je dit ces mots , que j ' aperçois , à l ' extrémité d ' une de ses branches , une fleur admirable , étalant au jour un calice d ' une blancheur éclatante , d ' où s ' échappait un parfum délicieux .Du fond de ce calice tombaient gracieusement cinq ou six cents étamines d ' un jaune d ' or bruni , qui faisaient ressortir la blancheur de la fleur .",
                  "id": "18",
                  "title": "Un peu de tout ce qu'il est bon de savoir : livre de lecture courante pour les écoles primaires (2e édition) / par F.-A. Niaudet..."
            },
            {
                  "doc_url": "https://gallica.bnf.fr/ark:/12148/bpt6k6527638n",
                  "emotions": [
                        "surprise",
                        "joy",
                        "pride",
                        "doubt"
                  ],
                  "excerpt": "Je verrais sur le seuil une pudique épouse S ' élancer , le cœur plein d ' émoi , Et notre enfant laisser les jeux sur la pelouse , Pour courir au devant de moi .Mais de quels feux soudains s ' illumine la salle ? Quel fumet ranime les sens , Et des fourneaux s ' élève , et dans les airs s ' exhale , Plus doux mille fois que l ' encens ? Amis , c ' est le parfum du banquet délectable Qui tous nous rassemble le soir ; El gâtaient parmi vous , au milieu de la lable , Roi du festin , je viens m ' asseoir .Eh bien ! que tardez - vous ? que la coupe profonde S ' emplisse au signal ordonné ! Chassez les noirs chagrins , et passez à la ronde Le nectar qui m ' a couronné .",
                  "id": "19",
                  "title": "Les Échos du Jura, par M. G. de Mancy. [Préface de Frédéric Gauthier.]"
            },
            {
                  "doc_url": "https://gallica.bnf.fr/ark:/12148/bpt6k6527638n",
                  "emotions": [
                        "admiration",
                        "surprise",
                        "nostalgia",
                        "excitement",
                        "gratitude",
                        "envy"
                  ],
                  "excerpt": "Parfois un rayon d ' or glissait à travers l ' ombre ; La brise frémissait sur le feuillage sombre ; L ' oiseau chantait joyeux le réveil d ' un beau jour ; Tout respirait la vie et s ' ouvrait à l ' amour .Et moi , je me disais , voyant ce doux spectacle Qui m ' allait jusqu ' au cœur : — « Oh ! si , par un miracle , « L ' homme , ce fils de Dieu , chaque nouveau printemps , « Pouvait renaître ainsi comme la fleur des champs , « Avec le frais éclat , la naïve allégresse , « Et les riants parfums de sa verte jeunesse ! .« Dans un monde meilleur tel doit être son sort , « Et ce monde , on n ' y va qu ' en passant par la mort .",
                  "id": "20",
                  "title": "Les Échos du Jura, par M. G. de Mancy. [Préface de Frédéric Gauthier.]"
            }
      ]
}