{
      "articles": [
            {
                  "doc_url": "https://gallica.bnf.fr/ark:/12148/bpt6k35032d",
                  "emotions": [
                        "surprise",
                        "gratitude"
                  ],
                  "excerpt": "Ce n ' était rien moins qu ' un palais mais sous ces solives vermoulues , il l ' abri de ces murs u n peu déserts en face de cet âtre des plus humbles la pauvreté vous souriait gaiement avec sa simplicité primitive tout en vous offrant un escabeau .Daphné se trouva du premier abord un peu dépaysée sur ces dalles nues , en respirant l ' odeur rustique de l ' âtre où bouillonnait le souper , du lavoir Oll s ' égouttait le fromage , du bahut ou moisissait le pain bis mais sràce à l ' amour , qui a le don des métamorphoses qui répand s ~ rr tout des rayons n1aniqlles , Daphné trouva à son sré la chaumière les meubles et le parfum rustique .La bonne vieille , rei - eiiant du jardin fut bien surprise à la vue d ' Hector et de Daphné .",
                  "id": "1",
                  "title": "Romans, contes et voyages / par Arsène Houssaye"
            },
            {
                  "doc_url": "https://gallica.bnf.fr/ark:/12148/bpt6k102918w",
                  "emotions": [
                        "surprise",
                        "nostalgia"
                  ],
                  "excerpt": "QUELQUES COINS DES LIVRES DE VERLAINE Pour Charles Morice .Voici un bois très doux , un peu mystérieux Où des blondeurs , soudain , s ' évei ! ! ent et rayonnent , Où l ' air , tépide et moite , aux parfums langoureux , Est d ' un printemps que trouble un souvenir d ' automne .Des belles Hères et nonchalantes le hantent Avec des cavaliers pâles mais résolus Et dans FaHée où des voix faibles se lamentent Plane comme un pressentiment de « jamais plus s .",
                  "id": "2",
                  "title": "En suivant les goélands / John-Antoine Nau"
            },
            {
                  "doc_url": "https://gallica.bnf.fr/ark:/12148/bpt6k6571704q",
                  "emotions": [
                        "surprise",
                        "grief",
                        "fear",
                        "nervousness",
                        "despair",
                        "embarrassment"
                  ],
                  "excerpt": "Ses joues sont terriblement fardées , des bijoux délicats et éclatants , bleus et rouges , tremblent à ses oreilles , à ses poignets , à son cou , de toute la fragilité de leurs fleurs de métal en relief .Ce sont des femmes du peuple , elles rient impudemment avec les hommes , se laissent frôler , bousculer , puis , tout à coup , prises d ' effroi , se mettent à courir si gauchement , sur leurs moignons à chaussettes blanches ! Et toujours du fumier épars , de grandes places couvertes de gravats ; plus loin , la campagne , putride encore , avec ses morts mal enterrés , crevant la terre légère de leurs ossements qui luisent blanchâtres sous le ciel bas .Brouhaha ! Le cortège d ' un mandarin : pauvres serviteurs à cheval racolés dans des bouges sans nom , dessinant leurs maigres omoplates sous des livrées trop larges , cependant qu ' ils matent avec peine , des poulains rétifs à longs poils jaunes , ébouriffés comme des chrysanthèmes monstrueux ! Et l ' Excellence , dans une ouimbarde aux roues de bois , dissimule à demi , derrière un store sale , son gras ou maigre profil , sa poitrine où sont brodés , sur un carré de soie , les insignes de sa dignité , son chapeau rond au pompon rouge , décoré du bouton sacramentel .",
                  "id": "3",
                  "title": "Chine. Japon. Stamboul / Yvonne Vernon ; préface de Charles Diehl, membre de l'Institut, professeur à la Sorbonne"
            },
            {
                  "doc_url": "https://gallica.bnf.fr/ark:/12148/bpt6k6571704q",
                  "emotions": [
                        "surprise"
                  ],
                  "excerpt": "Mais , le plus souvent , c ' est le dragon , le beau dragon classique , aux fortes griffes , la gueule ouverte dardant une langue aigüe , tout son long corps squameux , onduleux , prêt à se détendre , sifflant , secouant une piquante crinière ! Il se trouve partout , ce dragon : pris aux mailles de soie d ' un manteau de mandarin ; enroulé à la corniche d ' une devanture ; rampant lourdement sur la crête d ' une muraille ; étreignant d ' un élan brusque l ' arête d ' une pagode ; serré .en boule sous les pieds d ' un sage ou d ' un philosophe de bronze ; même dans le ciel , lorsque claquent les beaux étendards jaunes , et que , de hampe en hampe , noir , il semble voler ! L ' odeur des épices se mêle à une vague odeur d ' huile rancie et de musc .Les safrans colorés , les gingembres , les girofles tressées en colliers , les cannelles , les thés serrés dans de beaux papiers de soie , les poivres en menues poudres rouges qu ' un jeune apprenti pèse dans une balance de bijoutier , si minutieusement , que son buste , énervé par cette longue immobilité attentive , tressaille tout à coup et l ' on voit l ' ombre de sa natte osciller sur le flanc bombé d ' un grand pot de grès rouge ! Toujours , au fond de chaque magasin , est accroché le panneau représentant un dieu tutélaire , un saint ou un ancêtre , généralement sous les traits d ' un vieillard dont la placidité contraste avec une tumultueuse composition où monstres , dragons , génies infernaux se livrent à des acrobaties effroyables à travers de riches harmonies de vermillon , de bleu cru et d ' or éteint ! D ' où viennent cet effrayant tintamarre , ces sombres bourdonnements de gongs , ces miaulements ? Les faïences bleues , sur les rayons du magasin de mon ami Shiang - Fo , le marchand de fards , en tressautent .",
                  "id": "4",
                  "title": "Chine. Japon. Stamboul / Yvonne Vernon ; préface de Charles Diehl, membre de l'Institut, professeur à la Sorbonne"
            },
            {
                  "doc_url": "https://gallica.bnf.fr/ark:/12148/bpt6k6213470x",
                  "emotions": [
                        "surprise"
                  ],
                  "excerpt": "L ' organe de l ' odorat est un réactif ^ p eux - de la chimie : l ' homme reconnaît encore par l ' odoe certains corps , placés à dessein dans l ' air , alors que iraie sont impuissants à les déceler .Ne nous étonnons Bfc plupart des altérations de l ' air déterminées par la préU & ! t * s odorantes sont encore enveloppées d ' obscurités , si le et si beaucoup - d ' autres odeurs ne peuvent pas être 726 LIVRE II .FONCTIONS DE RELATION .",
                  "id": "5",
                  "title": "Traité élémentaire de physiologie humaine comprenant les principales notions de physiologie comparée (3e édition revue, corrigée et augmentée) / par J. Béclard,..."
            },
            {
                  "doc_url": "https://gallica.bnf.fr/ark:/12148/bpt6k6213470x",
                  "emotions": [
                        "surprise"
                  ],
                  "excerpt": "Quand il se rapproche de la voûte des fosses eIltralol \" l ' odeur devient , en effet , à peine perceptible .Le couraii f eIlti l ' odeur devient , en effet , à peine perceptible .Le cou alors rapidement l ' air odorant dans les poumons , et il est 11 ors dela PI \" tée des sinus où il semble qu ' il doive s ' accumuler pour affecteri PO dagt gA certain temps , les nerfs placés au sommet de l ' appareil o araissent donc pasinutiles a l ' olfaction , ainsi que nous 1q ençant , mais ils ne jouent qu ' un rôle accessoire en pror - de l ' impression .",
                  "id": "6",
                  "title": "Traité élémentaire de physiologie humaine comprenant les principales notions de physiologie comparée (3e édition revue, corrigée et augmentée) / par J. Béclard,..."
            },
            {
                  "doc_url": "https://gallica.bnf.fr/ark:/12148/bpt6k9767547g",
                  "emotions": [
                        "surprise",
                        "doubt"
                  ],
                  "excerpt": ".Qui : saitl Peut - être fera - t - on plus tard le buste du chef de l ' État et donnera - t - on des dîners avec des truffes sous la serviette et des larbins en gants de filoselle blanche , qui vous souffleront leur mauvaise haleine dans le nez en vous servant du clos - vougeot première tête ? ..",
                  "id": "7",
                  "title": "Le coupable / François Coppée,... ; illustrations de A. Robaudi"
            },
            {
                  "doc_url": "https://gallica.bnf.fr/ark:/12148/bpt6k5543968x",
                  "emotions": [
                        "surprise",
                        "excitement",
                        "gratitude",
                        "doubt",
                        "faith"
                  ],
                  "excerpt": "' Au gré d ' un funefte caprice , Elle montre à nos yeux le Vice Des plus beaux dehors revêtu ; Et veut que la raifon humaine , Subifle l ' éternelle peine De l ' honorer pour la vertu .Quel Dieu tout à coup me tranfporte Dans un lieu plein de majefté , Dont l ' erreur refpecte la pone , Où refîde la VÉRITÉ ' ; J ' apperçois PHILIPPE lui - même - 9 Qui d ' une aurhorité fùprême Ordonne du fort des Mortels , Avec un zèle infatigable , D / un encens toujours agréable Y parfumer Ces fàints Autels .G ^ AND PRINCE , à tes vceux attentive , Je la - vois brifer le bandeau , * Que le * Monffcc qui nous captive « cée ' s ^ ïats ^ ages intes leçons ; $ i tu la cherches avec zèle Tu la trouves toujours ndele ^ $ 3 £ % A teclairer de fès rayons .",
                  "id": "8",
                  "title": "Le bijou : Keepsake parisien / par mesdames Anaïs Ségalas, A. Lacroix, Desbordes Valmore... [et al.] ; avec une préface de M. P. Lacroix ; dessins par M. Compte-Calix"
            },
            {
                  "doc_url": "https://gallica.bnf.fr/ark:/12148/bpt6k5803562p",
                  "emotions": [
                        "surprise",
                        "fear"
                  ],
                  "excerpt": "Il paraissait très - excité , et quand il entendait le cri du chien , il avait des mouvements de rage , levait la tête , et , se dressant sur lui - même , battait la terre de sa queue .Il sortait de sa gorge un bruit qui ressemblait a un tonnerre lointain , et il répandait autour de lui une odeur fétide .On ne pouvait rien voir de plus hideux ; le dragon de la fable lui - même ne devait pas être plus horrible .",
                  "id": "9",
                  "title": "Océola, le grand chef des Séminoles. Traduction nouvelle... / Le capitaine Mayne-Reid"
            },
            {
                  "doc_url": "https://gallica.bnf.fr/ark:/12148/bpt6k96689060",
                  "emotions": [
                        "surprise",
                        "doubt"
                  ],
                  "excerpt": ".; Que voulez - vous , mon éducation militaire n ' était pas commencée encore ; elle se fit , ' dù reste , rapidement , et , au bout de peu de jours , les fumées les plus épaisses , l ' odeur des pipes les plus imprégnées de nicotine , ne m ' incommodaient absolument plus .Chabert tira d ' un rayon plusieurs plans routiers et dix ou douze cartes géogra , phiques .",
                  "id": "10",
                  "title": "Le roman d'un dé à coudre / O. Gevin Cassal ; illustrations... de Firmin Bouisset"
            },
            {
                  "doc_url": "https://gallica.bnf.fr/ark:/12148/bpt6k9611394z",
                  "emotions": [
                        "surprise"
                  ],
                  "excerpt": "Les feuillets sont multipliés , entremêlés di quelques feuillets plus courts el d ' une couleur blanchâtre .Cette espèce es ! , commune en automne , an bord des i ois ; sa chair est hbnche , ferme , mais e ! le n ' a rien d ' agréable - au goût , ni à i ' odorat .On doit s ' en délier .",
                  "id": "11",
                  "title": "Histoire des champignons comestibles et vénéneux de la Creuse / par M. Théodore Baud,..."
            },
            {
                  "doc_url": "https://gallica.bnf.fr/ark:/12148/bpt6k61216894",
                  "emotions": [
                        "surprise",
                        "doubt",
                        "nervousness",
                        "embarrassment"
                  ],
                  "excerpt": "Tu ne saurais combien je m ' use A me mirer dans tes grands yeux , A m ' enivrer , ô verte muse ! De tes murmures chatouilleux .Pourquoi , sur mes lèvres fiévreuses , Viens - tu gazouiller , chuchoter ? Tu le sais , absinthe , tu creuses , Et tu viens toujours me tenter ! — 43 Aux lèvres fine cigarette , Verre à la main , je vais chantant „ Moi , maigre et sensible poète ? , L ' absinthe au parfum excitant .- « SONNET IMITÉ DE PIERRE GODOLIN .",
                  "id": "12",
                  "title": "Oiselets et fleurettes, poésies / Auguste Fourès"
            },
            {
                  "doc_url": "https://gallica.bnf.fr/ark:/12148/bpt6k9685401t",
                  "emotions": [
                        "surprise",
                        "doubt"
                  ],
                  "excerpt": "HÉLIOTROPE : Enivrement , je vous aime .Jussieu , herborisant un jour dans les Cordillères , se sentit tout à coup enivré d ' un délicieux parfum : il approche et que voit - il ? Sur un affreux buisson , mille petites fleurs s ' élevaient radieuses , tournées vers le soleil , qu ' elles semblaient fixer d ' un regard d ' amour .Aussitôt Jussieu leur donna ce nom , et quelque temps après , toutes les dames de Paris , éprises d ' enthousiasme , donnaient à l ' héliotrope le surnom d herbe d ' amour .",
                  "id": "13",
                  "title": "Nouveau langage des fleurs et des fruits : ouvrage complet / par Mlle Clémentine Vatteau"
            },
            {
                  "doc_url": "https://gallica.bnf.fr/ark:/12148/bpt6k5414510k",
                  "emotions": [
                        "surprise"
                  ],
                  "excerpt": "Les dents sont , pour ainsi dire , festonnées en rouge ; mais elles se déchaussent rarement , rarement aussi elles vacillent , et ne tombent jamais , du moins je n ' en puis citer un seul exemple .De même , je n ' ai jamais remarqué de varices aux membres abdominaux , ni ces ulcères très - douloureux qui deviennent sordides , fougueux , et versent abondamment une sanie fétide , etc ., etc .",
                  "id": "14",
                  "title": "Scorbut épidémique des prisons / par Y.-J.-Édouard Le Ber,..."
            },
            {
                  "doc_url": "https://gallica.bnf.fr/ark:/12148/bpt6k6567520q",
                  "emotions": [
                        "surprise",
                        "doubt"
                  ],
                  "excerpt": "Dans ce refluxdes humeurs de la circonférence vers le centre , sur - tout lorsqu ' il est produit par un froid humide , la force absorbante de la peau est considérablement augmentée , Cette cause externe commune , dans certaines épidémies , absorbée par des hom - mes ? quoique de tempéramens et de constitutions différentes ; produit chez tous des phénomènes d ' un caractère uniforme , imprimant une même qualité aux humeurs et aux évacuations soit symptomatiques , soit critiques .Je suis loin de croire cependant , que cette absorption ne se fasse quepar l ' impression de cette cause ; mais il n ' en est pas moins vrai , que l ' augmenta don de l ' a b sorption cutanée permet à des miasmes étrangers au corps , Ci r pénétrer ; augmente l ' àcreté de i hu - meur perspirable , la v ivacité du spasme , la violence de rm - iammarion , et peut compliquer encore tous ces maux de déférentes altérations humorales .Cette réflexion exigeroit le plus grand développement , et m ' éloigneroit des bornes que je me suis prescrites : je dois donner ici une idée rapide ces effets que peut produire le mélange des substances que l ' air peut dissoudre , ou des autres fluides auxquels il se mêle et qui lui sont étrangers .",
                  "id": "15",
                  "title": "Nouvelle hygiène militaire, ou Préceptes sur la santé de l'homme de guerre considéré dans toutes ses positions ...par E.-B. Revolat,..."
            },
            {
                  "doc_url": "https://gallica.bnf.fr/ark:/12148/bpt6k883879p",
                  "emotions": [
                        "surprise",
                        "doubt"
                  ],
                  "excerpt": "Je vous aime .Le célèbre Jussieu , herborisant un jour dans les Cordillières , se sentit tout à coup enivré d ’ un délicieux parfum ; il approche et que voit - il ? Sur un affreux buisson mille petites Heurs s ’ élevaient radieuses tournées vers le soleil qu ’ elles semblaient lixer d ’ un regard d ’ amour .Aussitôt Jussieu leur donna ce nom cl quoique temps après toutes les dames de Paris , éprises d ' enthousiasme , donnaient à l ’ Héliotrope le surnom d ’ herbe d ’ amour .",
                  "id": "16",
                  "title": "Le Véritable langage des fleurs, par Mme Anaïs de Neuville, précédé de légendes mythologiques, illustré... par Alp. Guilletat"
            },
            {
                  "doc_url": "https://gallica.bnf.fr/ark:/12148/bpt6k371666r",
                  "emotions": [
                        "surprise"
                  ],
                  "excerpt": "Est - ce qu ' il vous semble très scandaleux ? Non , n ' est - ce pas ? A moi non plus .Il choqua pourtant certains édiles libres - penseurs , qui lui trouvèrent un arrière - parfum de cléricalisme .On enleva derechef la plaque bleue , et l ' on en plaça une nouvelle , ainsi libellée : « Rue de l ' Abbé - Grégoire » .",
                  "id": "17",
                  "title": "Mon Franc parler. Série 4 / François Coppée"
            },
            {
                  "doc_url": "https://gallica.bnf.fr/ark:/12148/bpt6k945739s",
                  "emotions": [
                        "surprise",
                        "relief",
                        "calmness",
                        "doubt",
                        "curiosity"
                  ],
                  "excerpt": "L ’ insecte bourdonnait caché dans l ’ herbe fine , Le rossignol chantait dans la forêt voisine , Et la voix de l ’ oiseau qu ’ on entend sans le voir A l ’ oreille venait comme la voix du soir .Une douce langueur , un souffle de mystère , Se répandait au loin dans toute l ’ atmosphère , Et la brise aux gazons , aux feuillages , aux fleurs Enlevait en passant d ’ enivrantes senteurs .Et le jour s ’ en allait , et sur l ’ azur plus pâle S ’ étendait le reflet vaporeux de l ’ opale .",
                  "id": "18",
                  "title": "Poésies, par C.-F. Lerambert"
            },
            {
                  "doc_url": "https://gallica.bnf.fr/ark:/12148/bpt6k939157q",
                  "emotions": [
                        "surprise",
                        "nostalgia",
                        "excitement",
                        "relief"
                  ],
                  "excerpt": "Puis , par un double escalier à rampe d ’ acajou massif , aux marches caoutchoutées et cannelées de cuivre , nous descendîmes à l ’ étage des cabines .Et , tout à coup , la sensation de n ’ être plus dans un bateau , d ’ être dans un quartier de ville inconnue nous saisit , entra en nous avec l ’ air rare qu ’ on respirait , cet air à l ’ odeur chaude de graisse à machine et de bois des îles .De longs couloirs couraient , dont on ne voyait pas la fin , tout bordés de cabines aux blanches façades sculptées comme des maisons .",
                  "id": "19",
                  "title": "Mon Lieutenant / Michel Corday"
            },
            {
                  "doc_url": "https://gallica.bnf.fr/ark:/12148/bpt6k3065939r",
                  "emotions": [
                        "surprise",
                        "doubt"
                  ],
                  "excerpt": "Or , cette confusion ne tient - elle point à l ’ inégalité d ’ action des deux narines , à la supériorité d ’ organisation de l ’ une , à la faiblesse de l ’ autre ? les observations suivantes paraissent le prouver .Dans le coryza qui n ’ affecte qu ’ une narine , si toutes deux restent ouvertes , l ’ odorat est confus ; fermez celle du côté malade , il deviendra distinct .Un polype développé d ’ un côté affaiblit l ’ action de la pituitaire correspondante , celle de l ’ autre restant la même ; de là , comme dans le cas précédent , défaut d ’ harmonie entre les deux organes , et par - là même , confusion dans la perception des odeurs .",
                  "id": "20",
                  "title": "Recherches physiologiques sur la vie et la mort ; par Xav. Bichat,... 4e édition augmentée de notes par F. Magendie,..."
            }
      ]
}