{
      "articles": [
            {
                  "doc_url": "https://gallica.bnf.fr/ark:/12148/bpt6k5469121x",
                  "emotions": [
                        "admiration",
                        "surprise",
                        "gratitude",
                        "faith"
                  ],
                  "excerpt": "Dans le coeur de l ' enfant , point de laves de flamme , Point de serpent caché qui jette son venin ; Tout est candeur .Mon Dieu ! vous fîtes sa jeune âme Comme un calice d ' or plein d ' un parfum divin .Mais l ' enfant devient homme , et le vice s ' éveille ; L ' ange gardien s ' endort , ou bien remonte au ciel ; Sur le calice d ' or rarement l ' homme veille ; 11 le laisse s ' emplir de limon et de fiel .",
                  "id": "1",
                  "title": "Fleurs et fruits : choix de poésies (4e édition) / par J. Aymard"
            },
            {
                  "doc_url": "https://gallica.bnf.fr/ark:/12148/bpt6k58357563",
                  "emotions": [
                        "surprise",
                        "disgust",
                        "excitement",
                        "envy"
                  ],
                  "excerpt": "( a ) La saveur sucrée n ' est qu ' une saveur astringente peu prononcée , puisque les sels astringent mal dissous sont d ' abord sucrés .! Très acres , très astnngens , excitant fortement la salive , leur saveur est souvent si prononcée : , qu ' elle est insupportable .C ' est cette saveur qu ' on appelle saveur métallique .",
                  "id": "2",
                  "title": "Chimie médicale raisonnée, d'après une nouvelle méthode... suivie d'un Traité sur la toxicologie... par Édouard Robin"
            },
            {
                  "doc_url": "https://gallica.bnf.fr/ark:/12148/bpt6k9609603c",
                  "emotions": [
                        "surprise",
                        "joy"
                  ],
                  "excerpt": "En cette ascension d ' aigle vers la Beauté , C ' est elle qui soutient ton génie exalté , Et le Bien ineffable auquel ton âme aspire , Tu le conquiers enfin guidé par son sourire ! Redescendu sur terre , ah ! quel profond dégoût Ton cœur , veuf à jamais , devait avoir de tout ! Quelle tristesse immense en ton âme dut naître , Qui d ' un étrange aspect enveloppait ton être ! Exilé dans Ravenne aux seuils hospitaliers , Le front lourd de pensée , à l ' ombre des lauriers Quand tu rêvais assis , par un chaud crépuscule , Loin de la promenade où la foule circule , Que de fois , s ' approchant à pas silencieux Et tendant , pour te voir , son profil gracieux , Que de fois , quelque belle et pure jeune fille Te couva d ' un regard où la tendresse brille Et , la main sur son cœur pour en calmer l ' émoi , Envia Béatrix , immortelle par toi ! JEUNESSE DE COEUR Le doux printemps étant le même Et m ' invitant comme autrefois , Hier , avec celle que j ' aime J ' ai repris le chemin des bois .Des muguets dans l ' herbe nouvelle L ' odeur exquise s ' exhalait , Pendant qu ' au loin la tourterelle A voix profonde roucoulait .Parfois , sous la ramure épaisse Passait l ' éclair d ' un voile blanc : Il me semblait voir ma Jeunesse Qui s ' enfuyait en m ' appelant ! Et , devant cette joie immense Rayonnant de la terre aux cieux , Un flot de larmes en silence Monta de mon cœur à mes yeux .",
                  "id": "3",
                  "title": "Le chemin de la vie, 1880-1910 / Georges Gourdon ; avec préface-étude de Gabriel Audiat"
            },
            {
                  "doc_url": "https://gallica.bnf.fr/ark:/12148/bpt6k56230213",
                  "emotions": [
                        "surprise"
                  ],
                  "excerpt": "Pendant ce temps , le vieil Indien tira d ' une petite boîte sculptée une sorte de grosse pilule noire , et l ' approcha de la bougie .Une odeur singulière , d ' une sauvagerie étrange , se répandit dans .l ' appartement .",
                  "id": "4",
                  "title": "Les Drames du grand monde. Le Château de la rage. Par Léopold Stapleaux"
            },
            {
                  "doc_url": "https://gallica.bnf.fr/ark:/12148/bpt6k9746168d",
                  "emotions": [
                        "surprise",
                        "grief",
                        "fear",
                        "courage",
                        "pain"
                  ],
                  "excerpt": "et patatras ! je me fiche jusqu ' au derrière dans la vase .Aïe ! aïe ! aïe ! Autour de moi , pendant que je regardais les bulles gargouiller et qu ' à travers les herbes je croyais entrevoir le gros serpent , j ' entendais crier dans l ' aire : — Maîtresse ! courez vite , je crois que le petit est encore tombé à l ' eau ! Ma mère accourt , elle me saisit , elle m ' arrache tout noir de la boue puante , et la première chose , troussant ma petite robe , vlin ! vlan ! elle m ' applique une fessée retentissante .— Y retourneras - tu , entêté , aux fleurs de glais ? Y retourneras - tu pour te noyer ? .",
                  "id": "5",
                  "title": "Moun espelido : memori e raconte"
            },
            {
                  "doc_url": "https://gallica.bnf.fr/ark:/12148/bpt6k54942894",
                  "emotions": [
                        "surprise",
                        "disgust",
                        "despair"
                  ],
                  "excerpt": "« A peine était - il descendu à une profondeur de 3 \" - mètre » , qu ' il tou - b .iit JU fond dupuils ; les émanations délétères qui s ' en échappaient en quantité : onsidéiiible venaient de .l ' asphjxier .",
                  "id": "6",
                  "title": "Lectures variées sur les sciences usuelles, les grands phénomènes de la nature, les productions naturelles appliquées à l'industrie, l'hygiène populaire... (12e édition) / par M. Maigne,..."
            },
            {
                  "doc_url": "https://gallica.bnf.fr/ark:/12148/bpt6k96062477",
                  "emotions": [
                        "surprise"
                  ],
                  "excerpt": ".Il ne s ' étonna guère de trouver , non pas Diderot , mais un vrai mendiant étendu sur ce grabat fétide .Au contraire , aussitôt qu ' il fut en présence d ' un malheureux tout simple , il redevint un bonhomme ; il entoura le moribond de tendresse et de pitié .",
                  "id": "7",
                  "title": "La fin d'un monde et du neveu de Rameau / par Jules Janin"
            },
            {
                  "doc_url": "https://gallica.bnf.fr/ark:/12148/bpt6k5488451b",
                  "emotions": [
                        "admiration",
                        "surprise",
                        "love",
                        "pride",
                        "gratitude",
                        "doubt"
                  ],
                  "excerpt": ".Comme la volupté , que j ' ai connue à peine , La fleur exhale encore un parfum ravissant ; N ' est - ce pas sa brûlante haleine ? N ' est - ce pas de son âme un souffle caressant ? Du ruban qu ' il m ' offrit que la couleur est belle ! Le ciel n ' a pas un bleu plus pur ; Non , des cieux le voile d ' azur Ne me charmerait pas comme elle ! ..",
                  "id": "8",
                  "title": "Poésies de Mme Desbordes-Valmore . Troisième édition"
            },
            {
                  "doc_url": "https://gallica.bnf.fr/ark:/12148/bpt6k102760z",
                  "emotions": [
                        "surprise",
                        "doubt",
                        "curiosity"
                  ],
                  "excerpt": "Au tronc de mon genièvre j ' attache un long câbleau ; à mon câbleau puis je me pends sous le rempart puis je me coule avec une corbeille , et me voilà flottant dans l ' empire - du vent , ' et de l ' éclair , et de la foudre .Or tout à coup je flaire une odeur embaumée 1 Et au - dessous de moi j ' aperçois une grotte , et contre la paroi cramponnant mon orteil , qu ' est - ce que je trouve ? .Une merveille , messieurs 1 Peut - être cent ruches d ' abeilles , groupées , famille par famille , comme un joli village au pied de son château .",
                  "id": "9",
                  "title": "Calendau, pouèmo nouvèu / Frederi Mistral ; traduction française en regard ; portr. de l'auteur dessiné par Hebert ; gravé sur acier par Gaillard"
            },
            {
                  "doc_url": "https://gallica.bnf.fr/ark:/12148/bpt6k2080734",
                  "emotions": [
                        "surprise"
                  ],
                  "excerpt": "Pour les rendre encore plus tristes , de loin en loin se promenaient , comme de grosses dames en deuil , des touffes noirâtres de chênes verts .Un canal , dont on n ' aperçoit pas les eaux encaissées , relie , à travers les dunes creusées par lui , le bourg de Noirmoutiers à la mer ; ce qui fait ressembler ressembler partie de l ' île vendéenne à un paysage hollandais , comme , sur la côte , les poivriers , les mimosas , les seneçons maritimes et une vague odeur de bouillabaisse évoquent le souvenir de quelque petite crique méditerranéenne .Un après - midi , je travaillais .",
                  "id": "10",
                  "title": "Dingo / Octave Mirbeau"
            },
            {
                  "doc_url": "https://gallica.bnf.fr/ark:/12148/bpt6k98191502",
                  "emotions": [
                        "surprise",
                        "disgust"
                  ],
                  "excerpt": "Les admirateurs de Baudelaire qui n ' ont pas la chance de posséder l ' une ou l ' autre , sont ainsi privés de déguster ces poèmes , qu ' on peut hardiment placer au premier rang des chefs - d ' œuvre du maître .Deux surtout , Lesbos et Femmes damnéès , dans cette serre chaude des Fleurs du Mal , s ' ouvrent comme deux fauves orchidées , aux effluves délétères , mais à la corolle jaspée de si riches couleurs ! Et vraiment il eût été crâne « à l ' éditeur des Poètes » de nous rendre dans toute son intégrité le texte premier , l ' édition si recherchée de 1857 .M .",
                  "id": "11",
                  "title": "Petits lundis : notes de critique / par Antonin Bunand"
            },
            {
                  "doc_url": "https://gallica.bnf.fr/ark:/12148/bpt6k90327p",
                  "emotions": [
                        "surprise"
                  ],
                  "excerpt": ") En poudre blanche en général , mais quelquefois en morceaux faiencés , ot < fe ! < .c pu ~ o ! ' ce & n ! / onKe $ , disposés en tits de colorations et de transparence diverses , – très - peu soluble dans l ' eau , saveur presque nulle de prime - abord , mais bientôt Chaleur , apreté et constriction à la gorge , répandant , quand on le projette sur un charbon ardent , une abondante vapeur brun fauve à sa base , blanche au sommet , et d ' une odeur d ' ail trèscaractérisque .Introduit dans l ' appareil de Marsh , fournit l ' anneau et les taches arsénicales .",
                  "id": "12",
                  "title": "Guide pratique du doreur, de l'argenteur et du galvanoplaste : manipulations hydroplastiques / par Alfred Roseleur,..."
            },
            {
                  "doc_url": "https://gallica.bnf.fr/ark:/12148/bpt6k6461227g",
                  "emotions": [
                        "surprise",
                        "faith"
                  ],
                  "excerpt": "On voulait voir encore une dernière fois , et le plus longtemps possible , avant qu ' ils fussent peut - être décomposés , les traits chéris du vénérable abbé Berman .Puis , il semblait que , de cette figure , quoique pâle et gL0ée , de ces mains tenant encore le crucifix ; , il s ' exhalait comme un parfum qui n ' avait rien de teuestre et retenait les assistants sous un charmé indicible .tendant Les deux jours que le corps du défunt re : - , ta exposé au public , presque continuellement il y eut foule dans la chambre mortuaire .",
                  "id": "13",
                  "title": "Vie de M. Berman, curé, missionnaire, professeur, chanoine du Diocèse de Nancy (Nouvelle édition) / par l'abbé L. Poirine..."
            },
            {
                  "doc_url": "https://gallica.bnf.fr/ark:/12148/bpt6k940473k",
                  "emotions": [
                        "surprise"
                  ],
                  "excerpt": "Dans la chaleur du gaz et de là foule , les odeurs les plus variées et les plus capiteuses troublaient le cerveau .On passait subitement de la verveine au patchouli , de la framboise à l ’ odeur féminine , r très âcrée et parfois trop accentuée .Gérard qui , le croira - t - on , n ’ était jamais venu dans ce promenoir , était plus étonné que charmé .",
                  "id": "14",
                  "title": "Le vieux général / Charles Chincholle"
            },
            {
                  "doc_url": "https://gallica.bnf.fr/ark:/12148/bpt6k54506450",
                  "emotions": [
                        "surprise",
                        "disgust"
                  ],
                  "excerpt": "LA SALAMANDRE .Quel dégoûtant aspect offre la salamandre , Plus grosse qu ' un lézard , au leint et jaune et noir , À la démarche lente ; auprès de son manoir Qu ' on ne se laisse point par son souffle surprendre , On subirait l ' exhalaison De son prompt et ' subtil poison .Si l ' animal errant à l ' attaquer aspire U en prend la couleur , en .",
                  "id": "15",
                  "title": "Mélanges poétiques : genre pastoral, didactique, historique, lyrique et élégiaque / par J.-M. Chastel,..."
            },
            {
                  "doc_url": "https://gallica.bnf.fr/ark:/12148/bd6t53711810",
                  "emotions": [
                        "surprise"
                  ],
                  "excerpt": "On s ’ arrête , on regarde , on se demande si c ’ est bien là la fleur d ’ autrefois ? C ’ est elle - même , parée , agrandie , embellie .Mais quelle odeur suave vient frapper votre odorat charmé ? quelles senteurs inattendues ? quelles formes inconnues ? Nous voilà en présence de tous les produits du midi et du soleil .Le café , la canne à sucre , la vanille , le thé , l ’ opium ; les plus beaux orangers chadecs à feuilles crispées , à fleurs de myrte , à fleurs couronnées ; on les obtient sans trop de peine , dans les serres chaudes des jardins de Paris .",
                  "id": "16",
                  "title": "L'été à Paris / par M. Jules Janin"
            },
            {
                  "doc_url": "https://gallica.bnf.fr/ark:/12148/bpt6k9623573c",
                  "emotions": [
                        "surprise"
                  ],
                  "excerpt": "Je ne suis donc nullement surpris que des barbares l ' aient inventé ; mais quand je vois cet usage réglementé par le code de l ' un des législateurs les plus sages de l ' Orient , et rigoureusement conservé par un grand peuple , à travers les brillantes phases de sa longue civilisation , je ne puis m ' empêcher de répéter ce que j ' ai dit déjà à propos de la combustion des corps qui fut adoptée par les hommes de même race : cet usage atroce ne fut admis que par un motif de salubrité .Sans doute , ici , la salubrité paraît être , au premier abord , assez mal entendue ; car avec quelque rapidité que le soleil , le vent et les oiseaux de proie puissent dessécher et anéantir un cadavre , il n ' en est pas moins vrai que le feu agit plus radicalement et plus vite , et l ' enfouissement avec une action moins funeste en concentrant dans le sol les miasmes délétères .Mais la religion , peu logique dès sa naissance , ne voulait pas plus adopter le feu que l ' enfouissement , et la croyance particulière en l ' immortalité de l ' âme , qui affirmait sans doute que l ' existence du cadavre exerçait un fâcheux pouvoir sur l ' âme , ne permettait pas d ' adopter l ' usage de l ' embaumement .",
                  "id": "17",
                  "title": "Histoire des usages funèbres et des sépultures des peuples anciens. Tome 2 / par Ernest Feydeau..."
            },
            {
                  "doc_url": "https://gallica.bnf.fr/ark:/12148/bpt6k5706455w",
                  "emotions": [
                        "admiration",
                        "surprise",
                        "approval"
                  ],
                  "excerpt": "table , Nous le verrons osp ; rcr à longs traita De notre doux .parfum , l ' odeur incomparable » .Que .",
                  "id": "18",
                  "title": "Fables et poésies diverses / par M. Havransart,..."
            },
            {
                  "doc_url": "https://gallica.bnf.fr/ark:/12148/bpt6k96403272",
                  "emotions": [
                        "surprise",
                        "fear",
                        "nervousness"
                  ],
                  "excerpt": ".Alors : Il me semble que l ' ombre informe , peu à peu , Tressaille , tremble , vibre et s ' anime et se meut Et sourdement s ' agite en son silence obscur ; J ' entends craquer la poutre et se fendre le mur Et voici , par sa fente invisible et soudaine , Que , sournoise d ' abord et perceptible à peine , Une odeur de forêt , d ' eau vive et d ' herbe chaude .Pénètre , se répand , rampe , circule et rôde Et , plus forte , plus ample et plus universelle , S ' accroît , se multiplie et m ' apporte avec elle Les diverses senteurs que la terre sacrée , Forestière , rustique , aride ou labourée , Mêle au vent de la nuit , du soir ou de l ' aurore ; Et bientôt , peu à peu , toute l ' ombre est sonore .",
                  "id": "19",
                  "title": "La cité des eaux / Henri de Régnier,..."
            },
            {
                  "doc_url": "https://gallica.bnf.fr/ark:/12148/bpt6k5848413h",
                  "emotions": [
                        "surprise",
                        "grief",
                        "nostalgia",
                        "doubt",
                        "disappointment"
                  ],
                  "excerpt": ".Est - ce fini , mon Dieu , est - ce fini ? Il regarda le ciel , et prit sur son coeur quelques lettres dont il respira le parfum avec un charme amer .— Dieu merci ! dit - il , ces lettres ne sentent ni le musc ni le pachouli ; mais moi , j ' y respire je .",
                  "id": "20",
                  "title": "Voyage à ma fenêtre. Arsène Houssaye"
            }
      ]
}