{
      "articles": [
            {
                  "doc_url": "https://gallica.bnf.fr/ark:/12148/bpt6k6398239f",
                  "emotions": [
                        "surprise",
                        "curiosity"
                  ],
                  "excerpt": "Arrêtons - nous un instant à cette période décisive de l ' histoire des Orchidées et cherchons à nous rendre compte de ce qu ' étaient les anciennes cultures de ces espèces singulières ; de Puydt a très bien rendu les impressions qui saisissaient le visiteur à cette époque lointaine : « On pénétrait dans les serres d ' Orchidées avec une ardente curiosité , comme dans quelque sanctuaire où se serait accompli un mystère intangible .Cette culture sans terre , ces racines aériennes , cette atmosphère lourde , vaporeuse , ces feuillages anormaux , ces allures étranges vous saisissaient tout d ' abord , et si quelque fleur s ' y épanouissait , avec ses formes originales , ses pétales charnus , ses couleurs sombres et son parfum pénétrant , on demeurait surpris , hésitant , émerveillé surtout de la nouveauté du spectacle et de la patience du cultivateur .» Cette citation nous fait bien saisir pourquoi les Orchidées exotiques étonnaient nos pères et pour - ' quoi elles nous surprennent encore à l ' heure actuelle .",
                  "id": "1",
                  "title": "La vie des orchidées / Julien Costantin,..."
            },
            {
                  "doc_url": "https://gallica.bnf.fr/ark:/12148/bpt6k54598657",
                  "emotions": [
                        "admiration",
                        "surprise",
                        "doubt"
                  ],
                  "excerpt": ".la - belle fleur qui sent si bon ! — Eh ! non , ce n ' est pas la fleur ! La fleur , c ' est la réunion , c ' est l ' ensemble de tous les éléments que je suis en train de vous décrire .Ce que vous nommez à tort la fleur se nomme la corolle .",
                  "id": "2",
                  "title": "Le Jardin de Mlle Jeanne, botanique du vieux jardinier, par Émile Desbeaux,..."
            },
            {
                  "doc_url": "https://gallica.bnf.fr/ark:/12148/bpt6k62078330",
                  "emotions": [
                        "admiration",
                        "surprise",
                        "excitement",
                        "gratitude",
                        "amusement"
                  ],
                  "excerpt": "— Nenni , dit Luc , c ' est son odeur .Approchez et flairez , oh ! l ' exquise senteur ! — Parbleu , vous vous moquez , compère , Repartit Pierre ; Elle est sans nul parfum , mais voyez quel éclat ! Elle est tout pour la vue et rien pour l ' odorat .— Elle est , leur dit Alain , pour l ' une et l ' autre chose .",
                  "id": "3",
                  "title": "Fables / par Jules Guéroult"
            },
            {
                  "doc_url": "https://gallica.bnf.fr/ark:/12148/bpt6k2067833",
                  "emotions": [
                        "surprise",
                        "nostalgia",
                        "gratitude",
                        "nervousness",
                        "pain",
                        "embarrassment"
                  ],
                  "excerpt": "Madame Pinchonnelle , pour distraie son mari de sa mauvaise humeur , cherche un sujet , de conversation en promenant ses yeux çaettà .Dieu , la bonne odeur de friture - Je te conseille d ' en parler , tu me fais penser à mes faiblesses d ' estomac .J ' ai a peine déjeûné .",
                  "id": "4",
                  "title": "La grande ville : nouveau tableau de Paris, comique, critique et philosophique. 2 / par Ch. Paul de Kock ; ill. de Gavarni, Victor Adam, Daumier,... [et al.]"
            },
            {
                  "doc_url": "https://gallica.bnf.fr/ark:/12148/bpt6k3062225c",
                  "emotions": [
                        "surprise"
                  ],
                  "excerpt": "Vers la pointe du cœur , on entendait un bruit de souffle au premier temps .En me livrant à ces explorations , je fus frappé de l ’ odeur particulière de l ’ haleine : odeur qu ’ on ne peut mieux comparer qu ’ à celle du sirop antiscorbutique , elle avait quelque chose d ’ aigrelet et d ’ alliacé à la fois .Cette odeur , que j ’ avais déjà plusieurs fois constatée , me fit penser qu ’ il existait dans le poumon une infiltration hémorrhagique .",
                  "id": "5",
                  "title": "Bulletin de la Société médicale des hôpitaux de Paris"
            },
            {
                  "doc_url": "https://gallica.bnf.fr/ark:/12148/bpt6k6577560h",
                  "emotions": [
                        "surprise",
                        "doubt"
                  ],
                  "excerpt": "Le système de castration , lui - même , joue un rôle important à ce point de vue .Qui ne sait , en effet , que les bœufs bistournés , restés verts , ont la chair moins fine et moins juteuse que celle des bœufs chez lesquels l ' ablation des testicules a été complète dès le plus jeune âge ; que chez , le mouton , les sujets castrés tardivement fournissent , ainsi que les béliers , une viande dont le goût de suint est très prononcé ; et que la chair de verrat , enfin , répand , au moment de la cuisson , une odeur sui generis des plus désagréables .— Nous aurons occasion , du reste , de revenir sur ces considérations en passant en revue très sommairement les différentes , races bovines , ovines et porcines .",
                  "id": "6",
                  "title": "Manuel de l'inspecteur des viandes (2e édition, revue, corrigée et augmentée) / par L. Villain,... et V. Bascou,... ; avec la collaboration de MM. Bourrier, Cartier, Charpentier, Gillain, Lafourcade, Méraux, Moreau, Pascault, Pion, ... ; avec une préface par le Dr A. Proust,..."
            },
            {
                  "doc_url": "https://gallica.bnf.fr/ark:/12148/bpt6k30755973",
                  "emotions": [
                        "surprise"
                  ],
                  "excerpt": "séparées , blanc , violet .Pois de senteur varié et var .séparées , vivace ou à larges feuilles .",
                  "id": "7",
                  "title": "Les fleurs de pleine terre : comprenant la description et la culture des fleurs annuelles, vivaces et bulbeuses de pleine terre, suivies de classements divers indiquant l'emploi de ces plantes et l'époque de leur floraison, de plans de jardins... (3e édition) / par Vilmorin-Andrieux et Cie"
            },
            {
                  "doc_url": "https://gallica.bnf.fr/ark:/12148/bpt6k5467756k",
                  "emotions": [
                        "surprise",
                        "fear",
                        "nervousness",
                        "pain",
                        "embarrassment"
                  ],
                  "excerpt": "VII MARITURA Dans la terre torride une plante exotique , Penchante , résignée : éclos hors de saison , Deux boutons fléchissaient , l ' air grave et mystique ; La sève n ' était plus pour elle qu ' un poison .Et je sentais pourtant de la fleur accablée S ' évaporer l ' effluve âcre d ' un parfum lourd , Mes artères battaient , ma poitrine troublée Haletait , mon regard se voilait , j ' étais sourd .38 DIVERTISSEMENTS Dans la chambre , autre fleur , une femme très pâle , Les mains lasses , la tête appuyée aux coussins .",
                  "id": "8",
                  "title": "Divertissements : poèmes en vers / Remy de Gourmont ; portrait de l'auteur gravé sur bois par P. -E. Vibert"
            },
            {
                  "doc_url": "https://gallica.bnf.fr/ark:/12148/bpt6k6112450m",
                  "emotions": [
                        "surprise",
                        "doubt",
                        "pain",
                        "frustration"
                  ],
                  "excerpt": "La plupart d ' ailleurs ont des infirmités qu ' ils supportent personnellement sans faiblesse , mais qui seraient très gênantes pour les autres .Une plaie toujours ouverte , une toux sèche et stridente , une expectoration continuelle , une haleine fétide , une sueur épaisse , une respiration bruyante , et que sais - je encore ? Tous les tristes apanages d ' une constitution humaine en démolition , répartis entre plusieurs individus pris à part , sont à peine tolérables ; mais quand ils se réunissent sur le même , quel supplice ! Or , c ' est ici le cas ; les souffrances de l ' un sont forcément aggravées par celles de tous les autres .Il y a une plus grande solidarité qu ' on ne pense , une sympathie plus étroite et plus réelle qu ' on ne le suppose , entre deux êtres attachés côte à côte à un instrument commun de torture .",
                  "id": "9",
                  "title": "Saint-Joseph, autrefois Bel-Air, maison de repos pour les prêtres âgés et infirmes, à Saint-Pol-de-Léon / par l'abbé Kerne [\"sic\"],..."
            },
            {
                  "doc_url": "https://gallica.bnf.fr/ark:/12148/bpt6k5567753k",
                  "emotions": [
                        "surprise",
                        "doubt",
                        "curiosity"
                  ],
                  "excerpt": "Les agitations ordinaires ont disparu , « omme il est naturel en périodes de vacances .Maisj , ce qui n ' est point aecoutuméi il règne je ne sais quelle atmosphère intrigante de mystère et quelque chose flotte dans les salles désertes comme un aguiohaiït parfum de curiosité .Les portes sont grandes ouvertes .",
                  "id": "10",
                  "title": "La Barricade / directeur Victor Méric"
            },
            {
                  "doc_url": "https://gallica.bnf.fr/ark:/12148/bpt6k931714v",
                  "emotions": [
                        "surprise",
                        "nostalgia"
                  ],
                  "excerpt": "Et une matinée d ’ été , en juillet I Qui donc , sjnpn I e chasseur , sait l ’ agrément qu ’ on éprouve à battre les taillis à faurore ? Vos pas laissent une trace verte sur l ’ herbe toute blanche de rosée .Vous écartez ! eS branches humides d ’ un byisson , et aussitôt il vous repvoie le parfum tiède delà nuit qui s ’ y est concentré ’ l ’ air est tout enivré de la fraîche amertume de l ' absinthe , des odeurs miellées du sarrasin et de 1 ’ « achü ' lée » ( 1 ) ; au loin , comme une muraille , se dresse l a forêt de chênes , qui brille et rougeoie au soleil ; U fait encore frais , mais oq sent déjà rapproche chaleurs .La tètç vous tourne de l ’ exubérapce des parfums .",
                  "id": "11",
                  "title": "Récits d'un chasseur : recueil complet des esquisses et récits publiés de 1847 à 1876 / Ivan Tourguéniev ; traduction nouvelle et intégrale avec commentaire, par Louis Jousserandot"
            },
            {
                  "doc_url": "https://gallica.bnf.fr/ark:/12148/bpt6k6442456n",
                  "emotions": [
                        "surprise"
                  ],
                  "excerpt": ", Et ( tomme VHomme prêle aux Dieux ses infirmités , l ' encensoir fumait et fume encore dans les sanctuaires , comme fumaient les cassolettes dans les alcôves .Cela semble un paradoxe : cet excès de parfum , artificiel dénote l ' Indigence olfactive des parfumées et .£ les renifleurs .",
                  "id": "12",
                  "title": "Les Nouvelles littéraires, artistiques et scientifiques : hebdomadaire d'information, de critique et de bibliographie"
            },
            {
                  "doc_url": "https://gallica.bnf.fr/ark:/12148/bpt6k6503626n",
                  "emotions": [
                        "admiration",
                        "surprise"
                  ],
                  "excerpt": "Toutes les fleurs se succèdent , depuis le bouton qui naît avec le printemps jusqu ' à celles qui embaument l ' été .Les hyacinthes , du blanc le plus pur , s ' abaissent et présentent leur calice incarnat ; les jonquilles d ' un parfum si puissant , le narcisse encore penché sur la fontaine fabuleuse , et d ' une belle carnation , les œillets agréablement variés , la rose , , cette reine des fleurs se balançant sur sa tige épineuse : tout s ' offre à la fois aux sens étonnés et ravis .L ' expression ne saurait rendre l ' infinie variété , les délices , l ' odeur , les .",
                  "id": "13",
                  "title": "Corrigé des amplifications françaises ; par M. Francis Levasseur,..."
            },
            {
                  "doc_url": "https://gallica.bnf.fr/ark:/12148/bd6t5372175f",
                  "emotions": [
                        "surprise"
                  ],
                  "excerpt": "Mais la nuit , c ’ était dans les couloirs un entre - croisement de rires étouffés , d ’ injures grasses , de cris malades , de portes battantes , de savates traînées .Stupéfiée par les odeurs ambiantes , allongée dans des draps humides , j ’ avais l ’ impression d ’ être , au lendemain d ’ une opération , enroulée dans des pansements .J ’ avais une petite somme devant moi .",
                  "id": "14",
                  "title": "La femme de personne : roman inédit / Claude Chauvière ; 24 bois originaux de Hermann-Paul"
            },
            {
                  "doc_url": "https://gallica.bnf.fr/ark:/12148/bpt6k5797035j",
                  "emotions": [
                        "admiration",
                        "surprise",
                        "nostalgia",
                        "gratitude"
                  ],
                  "excerpt": "On goûte avec transport mille sensations , En revoyant l ' aurore ou ses premiers rayons Ouvrir à l ' horizon les portés du mystère , D ' où vont jailtir lientôt des torrents de lumière .Ah ! rien ne saurait peindre un spectacle si beau , Si grand , si saisissant au lever du rideau , — 35 — Le crêpe qui couvrait la nature abaissée , Se change en doux parfums , en rubis , en rosée , En un tapis semé des plus riches couleurs , Ou la pourpre et l ' azur , la verdure et les fleurs , En reflets ondoyants de toutes parts jaillissent , Et la terre et les cieux de bonheur tressaillissent .C ' est sous ton règne heureux , matin fait pour l ' amour / * ■ Quand tu n ' es plus la nuit , et pas encor le jour , Que tout sent et respire une volupté puro , Et rend en s ' éveillant hommage à la nature .",
                  "id": "15",
                  "title": "Une des plus belles vues de France, prise sur la côte Grâce, près Honfleur... L.-A. Jacquette..."
            },
            {
                  "doc_url": "https://gallica.bnf.fr/ark:/12148/bd6t5372175f",
                  "emotions": [
                        "surprise",
                        "love",
                        "caring"
                  ],
                  "excerpt": "C ' était un rude vieillard , aux traits nobles et fins , qui s ' exprimait en amples périodes , d ' une voix chaude , nuancée .Les enfants souffrent de la disette d ' idéal * Je l ' entendis , je fus transportée * J ' ignorais Dieu : j ' en avais le goût * Il était peut - être trop romantique cet abbé Parisse , avec son front pâle et ses yeux ardents , pour qu ' à mon admiration ne se mêlât pas un parfum d ' amour profane ..",
                  "id": "16",
                  "title": "La femme de personne : roman inédit / Claude Chauvière ; 24 bois originaux de Hermann-Paul"
            },
            {
                  "doc_url": "https://gallica.bnf.fr/ark:/12148/bpt6k5620519t",
                  "emotions": [
                        "surprise",
                        "anger",
                        "fear",
                        "excitement",
                        "pain"
                  ],
                  "excerpt": "» Tout - à - coup , les hurlements d ' une troupe de bêtes féroces se font entendre .Les animaux approchent comme dirigés par l ' odeur d ' une chair vivante ; déjà elle aperçoit leurs yeux flamboyants ; déjà elle sent l ' impression affreuse de leur haleine brûlante ; elle pousse un cri , saisit le souvenir angélique , le broie d ' une main crispée , étend ses .bras vers moi pour me protéger , et s ' évanouit .",
                  "id": "17",
                  "title": "Le Gâteau des rois, souvenirs d'enfance, par Armand de Solignac"
            },
            {
                  "doc_url": "https://gallica.bnf.fr/ark:/12148/bpt6k65460664",
                  "emotions": [
                        "surprise"
                  ],
                  "excerpt": "Enfin , dit la narratrice , le 6 août , sur les trois heures de l ' après - midi , on ouvrit le panneau de l ' entre - pont pour prendre de l ' eau - de - vie .On sentit aussitôt une odeur extraordinaire .On referma le panneau .",
                  "id": "18",
                  "title": "Histoire nationale des naufrages et aventures de mer : période contemporaine / par Ch. d'Héricault"
            },
            {
                  "doc_url": "https://gallica.bnf.fr/ark:/12148/bpt6k6577560h",
                  "emotions": [
                        "surprise"
                  ],
                  "excerpt": "Cette fermentation marche avec une rapidité surprenante si les animaux ne sont pas vidés instantanément et si on les expédie en chemin de ferjoin du lieu de l ' accident .Incisée , la viande , d ' un brun très foncé , presque noir , dégage une odeur aigrelette .Normalement le tissu musculaire est alcalin , mais par suite d ' exercices exagérés , il devient acide et donne naissance à une grande quantité d ' acide lactique .",
                  "id": "19",
                  "title": "Manuel de l'inspecteur des viandes (2e édition, revue, corrigée et augmentée) / par L. Villain,... et V. Bascou,... ; avec la collaboration de MM. Bourrier, Cartier, Charpentier, Gillain, Lafourcade, Méraux, Moreau, Pascault, Pion, ... ; avec une préface par le Dr A. Proust,..."
            },
            {
                  "doc_url": "https://gallica.bnf.fr/ark:/12148/bpt6k5471491d",
                  "emotions": [
                        "surprise",
                        "doubt"
                  ],
                  "excerpt": "— Il est parfumé .— He bien ! ce parfum , cette odeur maudite , cette odeur de verveine , c ' est lé parfum de la baronne , comprenez - vous ? Mais ce n ' est pas possible , Gaston n ' est pas mort , quand vous l ' avez quitté , quand je l ' ai quitté , il était guéri .Docteur , faites ce que je ne puis faire , allez , ramenez - le .",
                  "id": "20",
                  "title": "Les amours de la duchesse / par Charles Diguet"
            }
      ]
}