{
      "articles": [
            {
                  "doc_url": "https://gallica.bnf.fr/ark:/12148/bpt6k9608670g",
                  "emotions": [
                        "surprise",
                        "doubt"
                  ],
                  "excerpt": "Paulet , Priejiley , Gardane autres lavants Médecins , aient démontra par une multitude de trisses événements que les odeurs mauvaises infectent sur le champ le fluide nerveux , arrêtent le mouvement fystatique , au point de causer des maladies & la mort .Qui auroit pu prévoir que l ' on m ' auroit contesté une vérité aussi évidente ? Qui auroit pu prévoir que j ' aurois été obligé d ' avoir recours à des autorités , surtout à celles de mes Commillaires , pour prouver sans repli que que les odeurs infeBes sont méphitiques ? Puis .je mieux les convaincre que par leurs propres textes ? Toutes leurs expériences n ' ont eu pour but que de neutraliser le principe odorant ; la preuve est consignée dans leur rapport de 1778 : voici le début de cet ouvrage .",
                  "id": "1",
                  "title": "L'Homme noyé dans une fosse a-t-il péri par le méphitisme ?"
            },
            {
                  "doc_url": "https://gallica.bnf.fr/ark:/12148/bpt6k11847809",
                  "emotions": [
                        "surprise",
                        "embarrassment"
                  ],
                  "excerpt": "Il en souffrit , tout en se sentant déjà , sans doute , supérieur à ceux qui le méconnaissaient .Oh ! ces voix qui se baissent à notre approche , ou qui soudain se taisent , quel symptôme non équivoque de dénigrement elles sont pour nous ! Nous en recevons un petit choc au cœur , et le sentiment de solidarité qui fait la chaleur et le parfum des rapports de famille , en est diminué ; le fruit a désormais perdu son duvet et sa bonne saveur .Parfois , c ’ est l ’ amitié qui nous réserve cette épreuve .",
                  "id": "2",
                  "title": "Sous les eaux tumultueuses / Dora Melegari"
            },
            {
                  "doc_url": "https://gallica.bnf.fr/ark:/12148/bpt6k6501749c",
                  "emotions": [
                        "surprise"
                  ],
                  "excerpt": "Les yeux étaient entr ' ouverts et fixes , la pâleur était extrême .Ce qui me frappa , moi et le public du quartier mis en émoi par cet événement , où l ' on avait cru tout d ' abord voir un crime , fut une odeur de tabac des plus prononcées qui , bien que toutes les portes fussent ouvertes , nous rendait presque impossible le séjour dans l ' appartementi Voici ce qui était arrivé : Les Chinois avaient transporté dans la journée , à leur demeure , qui était aussi leur atelier , deux fardeaux de tabac d ' un poids total de soixante kilogrammes environ .Un de ces pâ quets avait été ouvert et des feuilles préparées à l ' humidité , pour être roulées en cigares le lendemain .",
                  "id": "3",
                  "title": "Physiologie sociale. Le Tabac qui contient le plus violent des poisons, la nicotine, abrège-t-il l'existence ? est-il cause de la dégénérescence physique et morale des sociétés modernes ? par le Dr H.-A. Dépierris"
            },
            {
                  "doc_url": "https://gallica.bnf.fr/ark:/12148/bpt6k317114x",
                  "emotions": [
                        "surprise",
                        "doubt"
                  ],
                  "excerpt": "J ’ ai fpécifé ceci pour réfuter le reproche que fait Eentley d notre Poète , faute de l ’ avoir entendu dans cet endroit .Comment , dit - il , Adam retourna * t - il d fon bofquet , puifqu ’ ils y étoient pour s ’ entretenir ? Mais il jaut dipi liguer le berceau , qui était d proprement parler le Jallon d ' Adam , des bois aromatiques que l ’ Ange avoit traverjés en arrivant : & Adam qui le reconduifit jufqu ’ au bout de fis allées d ’ arbres , revint ainfi d fon berceau , lin ’ efl pas b efoin , je penfe , de paire remarquer au Lecteur les rares beautés de génie CHANT VIII .& de fenîiment qui Je trouvent dans ce Chant .",
                  "id": "4",
                  "title": "Le Paradis perdu, poème, traduit de l'anglais de Milton, en vers français... Par M. l'abbé Le Roy,.... t. 2"
            },
            {
                  "doc_url": "https://gallica.bnf.fr/ark:/12148/bpt6k6273701c",
                  "emotions": [
                        "surprise",
                        "gratitude",
                        "doubt"
                  ],
                  "excerpt": ": , que Vjtrc en Ciel deffus [ ' e .f } me blanche , Si par ftpprefiicn il yms plaijl qu ' on retranche Ce grand nombre exccfif des financiers pâmer s Jluec les Vartifans donneurs d ' aduvs canner s t Ci bien fùrpajjeroit tout le parfum Indique , Sur Vefpine efpandu du peuple , & 1 { epublique ; IPdrfum fi excellent , que l ' odeur doux flairant , Les membres de l ' Eflat iroit ramzomant .FIN .",
                  "id": "5",
                  "title": "Les Satyres du sieur de Courval, contre les abus et désordres de la France... Plus est adjousté : les Exercices de ce temps, d'une très-belle et gentille invention"
            },
            {
                  "doc_url": "https://gallica.bnf.fr/ark:/12148/bpt6k9600644h",
                  "emotions": [
                        "surprise"
                  ],
                  "excerpt": "Les substances alimentaires étaient à peine susceptibles d ' être distinguées les unes des autres .Et cependant , on le croira à peine , au milieu de cette atmosphère infecte , plongé dans ce cloaque putride , le cadavre du cordonnier était parfaitement conservé .Nulle odeur , nulle trace de décomposition même au début ; à peine quelques marbrures sur les parties du corps en contact avec le sol .",
                  "id": "6",
                  "title": "De la mort et de ses caractères : nécessité d'une révision de la législation des décès pour prévenir les inhumations et les délaissements anticipés / par le Dr Josat,..."
            },
            {
                  "doc_url": "https://gallica.bnf.fr/ark:/12148/bpt6k5550824r",
                  "emotions": [
                        "surprise"
                  ],
                  "excerpt": ".Au même moment , je perçois , comme si j ' étais auprès de lui , cette odeur acre , très reconnaissable , de tumeur cancéreuse , — si brusque , que instinctivement j ' approche ma manche de mon nez pour flairer et voir si mon vêtement n ' a pas conservé l ' odeur ; mais la réflexion vient aussitôt que , depuis cinq jours , je ne suis pas allô à l ' hôpital et que d ' ailleurs je portais un autre paletot .» Obs .",
                  "id": "7",
                  "title": "Les images : essai sur la mémoire et l'imagination / par E. Peillaube,..."
            },
            {
                  "doc_url": "https://gallica.bnf.fr/ark:/12148/bpt6k875631z",
                  "emotions": [
                        "surprise",
                        "sadness",
                        "annoyance",
                        "doubt",
                        "frustration",
                        "disappointment"
                  ],
                  "excerpt": ".Eh ! les malheureux ! ils n ’ ont pas compris que ce n ’ était pas de leur siège , de leur pauvre habitation , de leur personne revêtue du costume de paysan , que le médecin cherchait à s ’ éloigner , mais bien des odeurs insupportables qu ’ ils répandaient , faute de soins hygiéniques .On sait parfaitement bien qu ’ à tous n ’ appartient pas l ’ aisance ; mais tous peuvent avor la propreté , qui dépend du bon vouloir .",
                  "id": "8",
                  "title": "L'économe : manuel hygiénique de la santé des animaux domestiques à l'usage journalier et à la portée des propriétaires, suivi de la catégorie des vices rédhibitoires, ainsi que d'indications hygiéniques et des principes qui consistent à élever et maintenir les bonnes races d'animaux, à les guérir et même à les préserver de maladies / par E. Bellot,..."
            },
            {
                  "doc_url": "https://gallica.bnf.fr/ark:/12148/bpt6k5839140d",
                  "emotions": [
                        "surprise",
                        "disgust",
                        "fear",
                        "annoyance",
                        "disapproval",
                        "doubt"
                  ],
                  "excerpt": "— Tiens ! tu bois donc du sirop ? Le visage de Jeanne s ' assombrissait .Elle disait à demi - voix : — Non , non , c ' est mauvais , ça pue , je m ; bois pas de ça ! — Comment ! tu ne bois pas de ça ? reprenait 202 LES ROUGON - MACQUART .M .",
                  "id": "9",
                  "title": "Une page d'amour (6e éd.) / par Émile Zola"
            },
            {
                  "doc_url": "https://gallica.bnf.fr/ark:/12148/bpt6k55300142",
                  "emotions": [
                        "surprise",
                        "sadness",
                        "disgust",
                        "anger",
                        "annoyance",
                        "disappointment",
                        "guilt"
                  ],
                  "excerpt": "Vous croyez apercevoir un gros minet noir ; vous vous imaginez caresser les poils soyeux et luisants du gentil matou .Quelle erreur profonde est la vôtre ! Reculez , malheureux , reculez ! Son haleine est fétide , ses yeux lancent des lueurs phosphorescentes et perverses .Il s ' allonge pour vous surprendre , se glisse pour vous écouler et vous induire en erreur .",
                  "id": "10",
                  "title": "Vérité et volonté / Pierre Sadoc"
            },
            {
                  "doc_url": "https://gallica.bnf.fr/ark:/12148/bpt6k113126h",
                  "emotions": [
                        "surprise",
                        "nostalgia"
                  ],
                  "excerpt": "Il y a dans l ' éclat des bougies , dans la vue de bouteilles rougissantes , d ' assiettes pleines de gâteaux & de viandes froides , dans la sensation d ' une chambre close , lumineuse , tiède de parfums indéfinissables , une sorte de bienêtre physique qui endort la pensée .Ma compagne , les lèvres ouvertes , retrouvait sans doute là des senteurs connues .Moimême , je sentais le sang couler plus chaud & plus rapide dans ma chair ; j ' éprouvais un besoin de rire & de boire , sollicité par mon corps que j ' entendais vivre .",
                  "id": "11",
                  "title": "La confession de Claude / Émile Zola"
            },
            {
                  "doc_url": "https://gallica.bnf.fr/ark:/12148/bpt6k5789948m",
                  "emotions": [
                        "surprise"
                  ],
                  "excerpt": "Des collines abruptes , sur lesquelles étaient massées des verdures qu ' il n ' avait jamais vues .En bas , tout au fond , le fleuve qui l ' avait amené , se traînant en long ruban argenté sur la vase , à demi voilé par un blanc nuage de vapeurs matinales ; — les caïmans posés sur les berges paraissant de petits lézards , vus de si haut ; — une senteur inconnue dans l ' air .Les rameurs exténués dormaient là , en dessous , à la place où ils étaient restés la veille , couchés dans leur canot , sur leurs rames .",
                  "id": "12",
                  "title": "Oeuvres complètes de Pierre Loti. Tome 2"
            },
            {
                  "doc_url": "https://gallica.bnf.fr/ark:/12148/bpt6k691281",
                  "emotions": [
                        "surprise",
                        "sadness",
                        "disappointment"
                  ],
                  "excerpt": "Des provisions avaient été apportées , on ranima les feux et les cuisiniers se mirent en besogne .Déjà les amateurs formaient le cercle autour des marmites d ' où s ' échappait un parfum de bon augure ; l ' on s ' armait des cuillers , quand soudain retentit le cri fatal « Aux armes et , l ' estomac creux , il fallut laisser cuillers et fourchettes pour courir aux ustensiles moins pacifiques , puis s ' élancer dans la direction indiquée .Onésime était blôme de faim et d ' autre chose encore .",
                  "id": "13",
                  "title": "A l'ombre du drapeau : épisodes de la vie militaire : Empire, Algérie, Crimée / par M. Bathild Bouniol"
            },
            {
                  "doc_url": "https://gallica.bnf.fr/ark:/12148/bpt6k5812708j",
                  "emotions": [
                        "surprise"
                  ],
                  "excerpt": "Ce n ' est pas la prose nette et limpide de Pouchkine , qui avait beaucoup lu Voltaire , et qui se souvenait .La phrase de Tourguénef coule , lente et voluptueuse , comme la nappe des grandes rivières russes sous bois , attardée , harmonieuse entre les roseaux , chargée de fleurs flottantes , de nids entraînés , de parfums errants , avec des trouées lumineuses , de longs mirages de ciels et de pays , et soudain reperdue dans des fonds d ' ombre ; cette phrase s ' arrête pour tout recueillir , un bourdonnement d ' abeille , un appel d ' oiseau de nuit , un souffle qui passe , caresse et meurt .Les plus fugitifs accords du grand registre de la nature , elle les traduit avec les ressources infinies du clavier russe , les épithètes flexibles , les mots soudés entre eux à la fantaisie du poëte , les onomatopées populaires .",
                  "id": "14",
                  "title": "Le roman russe (3e éd.) / Vte E.-M. de Vogüé"
            },
            {
                  "doc_url": "https://gallica.bnf.fr/ark:/12148/bpt6k65760807",
                  "emotions": [
                        "surprise"
                  ],
                  "excerpt": "Il est facile , dit M .Blondel , de constater , en respirant lentement le parfum d ' une Rose très odorante , comme le Général Jacqueminot Ou la France , qu ' on sent d ' abord une odeur douce , qui est hi véritable odeur de Rose , puis une odeur poivrée ou caryophyllée et , finalement , une odeur de camphre .Il y a donc là coexistence de divers principes odorants , sans doute inégalement volatils et résidant en divers points de la fleur .",
                  "id": "15",
                  "title": "Annales de la Société d'horticulture de la Haute-Garonne"
            },
            {
                  "doc_url": "https://gallica.bnf.fr/ark:/12148/bpt6k55866841",
                  "emotions": [
                        "surprise"
                  ],
                  "excerpt": "CHAPITRE XIII DES ODEURS PATHOLOGIQUES Dans la marche de toutes les maladies microbiennes du foie que nous venons de passer en revue , on peut constater , à un certain moment , une odeur forte provenant des excrétions intestinale , cutanée , rénale et pulmonaire , à laquelle on prête peu d ' attention et dont on cherche peu à se rendre compte ; aussi , je vais consacrer un chapitre à l ' étude de ces odeurs .Tout le monde a été frappé de l ' odeur particulière de l ' haleine des phtisiques ou des malades atteints de gangrène du poumon .De même de celle des garde - robes et de l ' urine , non seulement dans les cas d ' ictère ordinaire , mais aussi dans les formes pyohémique et septicémique de toxémie , et en général dans tous les cas où les troubles hépatiques s ' accompagnent d ' une affection pyogénique .",
                  "id": "16",
                  "title": "Traité des maladies du foie, par le Dr Georges Harley,... traduit de l'anglais et augmenté d'un Mémoire sur l'intervention chirurgicale dans les maladies des voies biliaires... par le Dr Paul Rodet,... Précédé d'une préface du Dr Tapret,..."
            },
            {
                  "doc_url": "https://gallica.bnf.fr/ark:/12148/bpt6k5744756t",
                  "emotions": [
                        "surprise",
                        "joy",
                        "nostalgia",
                        "amusement"
                  ],
                  "excerpt": "., ohé ! 3 Te souviens - tu de ces festins magiques , Où le plaisir assaisonnait les mets , Quand , aux glou - glous des vins les plus classiques , De Jean Raisin nous chantions les couplets ? - 197 — Du gai printemps l ' haleine pure et douce De ses parfums venait nous embaumer ; A ( es genoux quand , assis dans la mousse , Nous apprenions tous deux le verbe aimer .Refrain .",
                  "id": "17",
                  "title": "Roses et chardons : chansons, chansonnettes et romances / J. Lazare. [A l'auteur / par Albert Glatigny]"
            },
            {
                  "doc_url": "https://gallica.bnf.fr/ark:/12148/bpt6k5789948m",
                  "emotions": [
                        "surprise"
                  ],
                  "excerpt": "Débarqué de grand matin , au fond de la baie où s ' était arrêté mon navire , je remontais un ruisseau dans une pirogue , et regardais le jour se lever sur cette nature inconnue .— Ce qui me surprenait , c ' était cette intensité de vert sur les feuillages , ce brun ardent sur le sol , cette nuance d ' or sur le ciel , — et puis aussi FLEURS D ' ENNUI 387 les senteurs extraordinaires que toutes ces choses exhalaient .J ' avais bien prévu les formes de ces grands arbres et de ces palmiers , mais pas cette puissance de couleur , ni ces parfums , ni cette pesanteur de l ' air ; ce pays jetait à tous mes sens à la fois des impressions d ' inconnu .",
                  "id": "18",
                  "title": "Oeuvres complètes de Pierre Loti. Tome 2"
            },
            {
                  "doc_url": "https://gallica.bnf.fr/ark:/12148/bpt6k9600644h",
                  "emotions": [
                        "surprise"
                  ],
                  "excerpt": "Cette odeur n ' existe pas une minute avant , et s ' exhale avec le dernier soupir pour durer quelques heures .Cette odeur caractéristique étonne tous ceux qui l ' observent pour la première fois et se reproduit constamment chez tous les nouveaux trépassés .C ' est une odeur toute particulière qu ' on ne peut comparer à rien de connu , qui n ' est point du tout celle de la putréfaction et qui cesse au bout de quelques heures .",
                  "id": "19",
                  "title": "De la mort et de ses caractères : nécessité d'une révision de la législation des décès pour prévenir les inhumations et les délaissements anticipés / par le Dr Josat,..."
            },
            {
                  "doc_url": "https://gallica.bnf.fr/ark:/12148/bpt6k1040568",
                  "emotions": [
                        "surprise",
                        "fear"
                  ],
                  "excerpt": "Pour te défendre , Aulète à l ' oreille rebelle , Tu brandiras en vain Du dieu Pan qui t ' a fait l ' existence si belle La flùte dans ta main .Elle rend sous ta lèvre experte et charmeresse Un son voluptueux Qui nous donne parfois l ' inquiétante ivresse D ' un parfum vénéneux ; Des accords savoureux , inouis , téméraires , Semant un vague effroi , Apportant un écho des surhumaines sphères , Inconnus avant toi .Mais l ' essaim de mes vers , tourbillonnant , farouche , Sur elle s ' abattra , Obstruant les tuyaux le sens deviendra louche Des sons quelle émettra Puis , jouet inutile entre tes mains d ' athlète , La flûte se taira .",
                  "id": "20",
                  "title": "Rimes familières (Nouvelle édition) / par Camille Saint-Saëns"
            }
      ]
}