{
      "articles": [
            {
                  "doc_url": "https://gallica.bnf.fr/ark:/12148/bpt6k102290f",
                  "emotions": [
                        "surprise",
                        "nervousness"
                  ],
                  "excerpt": "Aux étages inférieurs , on râele le cuir .Une odeur étrange plane sur les choses .Le soir , au clair de lune , tout cela doit être singulier , et rappeler le vieux Metz industriel de jadis .",
                  "id": "1",
                  "title": "Metz-la-Lorraine, récit de voyage / Léon Bigot"
            },
            {
                  "doc_url": "https://gallica.bnf.fr/ark:/12148/bpt6k9736743c",
                  "emotions": [
                        "surprise",
                        "grief",
                        "love",
                        "nostalgia",
                        "gratitude"
                  ],
                  "excerpt": "0 brises d ' avril , matinée Où , s ' éveillant d ' un air vainqueur , Les fleurs de la nouvelle année Ont toutes une perle au cœur ! Musique allègre ou solennelle , Longs murmures , soupirs des bois Qu ' un vent emporte sur son aile , Doux comme un soupir de hautbois ; Extase infinie et muette Que traverse joyeusement Le cri perçant d ' une alouette Dans les hauteurs du firmament ! Je dois être heureux , car la vie Embaume et chante autour - de moi , Et semble folâtrer , ravie , Pleine d ' un indicible émoi ; Je dois être heureux , car les choses S ' épanouissent au soleil , Devant moi , l ' amoureux des roses Et de l ' aurore au front vermeil .Jamais dans les rêves étranges Que j ' ai si tendrement aimés , Où je voyais passer des anges Éblouissants et parfumés , Non , jamais mon cœur et ' ma tête Comme en ce matin enchanté N ' ont eu si merveilleuse fête De mélodie et de clarté .Jamais senteurs si pénétrantes N ' ont grisé mon âme et mes sens , Comme si les brises errantes Roulaient des nuages d ' encens .",
                  "id": "2",
                  "title": "Les poëmes de l'amour et de la mer ; La fleur des eaux ; La mort de l'amour ; L'amour divin / Maurice Bouchor"
            },
            {
                  "doc_url": "https://gallica.bnf.fr/ark:/12148/bpt6k5471483v",
                  "emotions": [
                        "surprise",
                        "embarrassment"
                  ],
                  "excerpt": "Si quelque énorme roastbeef lançait dans l ' atmosphère les vapeurs de ÎO • ARCACHON .sa sauce , si quelque gigantesque gigot répandait aux alentours son odeur fortifiante , la figure de monsieur John s ' épanouissait soudain ..",
                  "id": "3",
                  "title": "Arcachon : promenades à travers bois / par Henry Maret"
            },
            {
                  "doc_url": "https://gallica.bnf.fr/ark:/12148/bpt6k148923z",
                  "emotions": [
                        "surprise"
                  ],
                  "excerpt": "Alors apparurent distinctement ces milliers de flammèches qui s ’ élançaient à chaque expiration du volcan , comme les étincelles qui jaillissent du fer rouge sous le martinet d ’ une forge .Parfois une crevasse s ’ était formée dans le sol , et de là sortait un filet de fumée blanche avec une odeur suffocante ; en se penchant , on voyait une vapeur confuse , et au - dessous , quand le vent la chassait du côté opposé , une masse fluide , rouge , lointaine comme la surface entrevue ou plutôt supposée d ’ un grand lac de feu .Fatigué du silence dé tous , enivré par la solitude , la nuit , l ’ espace , fasciné par le terrible et l ’ inconnu profonds autant que le chaos , travaillé peut - ôtre par ce besoin de faire des choses extravagantes , qui vous prend sous le regard d ’ une femme , Henri se laissa aller à une singulière fantaisie .",
                  "id": "4",
                  "title": "Une femme à bord, par R. de Maricourt"
            },
            {
                  "doc_url": "https://gallica.bnf.fr/ark:/12148/bpt6k210084w",
                  "emotions": [
                        "surprise",
                        "fear",
                        "nostalgia",
                        "pain"
                  ],
                  "excerpt": "Je les ai lus trois fois , ces vers consolateurs , Sans me laisser surprendre à leurs philtres flatteurs Sur ce nectar du cœur j ' ai promené la loupe , J ' ai vidé le poison mais j ' ai gardé la coupe , Cette coupe où la main a ciselé dans l ' or Ton amitié pour moi , que j ' y veux lire encor ! Il est doux , au roulis de la mer où l ' on nage , .De voir un feu lointain luire sur le rivage ; De sentir , au milieu des pierres de l ' affront , La feuille d ' oranger vous tomber sur le front Pour rendre à cet ami l ' odorante pensée , On cherche avec amour la main qui l ' a lancée , Et l ' on éprouve un peu ce que Job éprouva Lorsque de son fumier son ange le leva .Au plus noir de l ' absinthe à mes lèvres versée , C ' est là l ' impression du miel de ta pensée .",
                  "id": "5",
                  "title": "Des devoirs civils du curé ; Épîtres et poésies diverses ; Recueillements poétiques ; L'avenir politique en 1837. A M. de Lamartine sur son voyage en Orient en 1833 / par M. Bouchard"
            },
            {
                  "doc_url": "https://gallica.bnf.fr/ark:/12148/bpt6k57657395",
                  "emotions": [
                        "surprise",
                        "frustration",
                        "disappointment"
                  ],
                  "excerpt": "Je voulus il y a quelque temps lui aller baiser les mains , lui rendre mes respects et recevoir ses ordres ; mais quel spectacle le ciel me réservait ! je la trouvai enchantée , .de princesse convertie en paysanne , sa beauté changée en une laideur difforme , sa bonne odeur en une puanteur excessive ; je cherchais un ange , je trouvai un démon ; je croyais trouver une princesse élégante , ce n ' était plus qu ' une paysanne rustique et grossière ; au lieu d ' une personne sage et modeste , qu ' une effrontée , et enfin au lieu de Dulcinée du Toboso , une créature maussade el effroyable .— Ah ! s ' écria le duc , qui a pu être assez inhumain , assez cruel pour causer cette affliction à toute la terre , en dérobant la beauté qui en faisait toute la joie el l ' ornement ? — Et qui serait - ce , repartit don Quichotte , si ce n ' est quelqu ' un des maudits enchanteurs qui me persécutent , un de ces magiciens perfides que l ' enfer a vomis dans le monde pour obscurcir la gloire et les exploits des gens de mérite , et donner de l ' éclat et du lustre aux actions des méchants ! Les enchanteurs m ' ont persécuté et me persécuteront sans relâche , jusqu ' à ce qu ' ils aient enseveli et moi et mes hauts faits dans l ' abîme profond de l ' oubli .",
                  "id": "6",
                  "title": "Histoire de l'admirable Don Quichotte de la Manche / traduction nouvelle...par Michel de Cervantès Saavedra"
            },
            {
                  "doc_url": "https://gallica.bnf.fr/ark:/12148/bpt6k9614937x",
                  "emotions": [
                        "surprise",
                        "doubt"
                  ],
                  "excerpt": "Comment expliquer l ' assertion de M .Daviez , qui annonce que l ' effet en question a lieu dans l ' espace d ' un ou deux jours ? Ce que je puis dire , c ' est qu ' en préparant une potion composée de trente - deux grammes d ' huile de ricin , et d ' autant d ' eau de menthe poivrée , je m ' aperçus avec la plus grande surprise que 1 odeur de la menthe avait subitement disparu .Cela tenait , .",
                  "id": "7",
                  "title": "Journal de chimie médicale, de pharmacie et de toxicologie / rédigé par MM. Chevallier, Fée, Guibourt, Julia Fontenelle, Laugier, Orfila, Payen, Gabriel Pelletan, Lassaigne, Ach. Richard, Robinet, Segalas d'Etchepare"
            },
            {
                  "doc_url": "https://gallica.bnf.fr/ark:/12148/bpt6k6574454h",
                  "emotions": [
                        "surprise",
                        "gratitude",
                        "faith"
                  ],
                  "excerpt": "» Le lendemain François est à Pérouse devant le pape Honorius III : l ' indulgence lui est demandée , elle est accordée .Un miracle fait connaître au pape que c ' est Notre - Seigneur : qui le veut En plein hiver , l ' humble solitaire présente des roses éclatantes , fraîches et parfumées , au vicaire du Christ , en preuve de sa mission .Que de peuples de toute l ' Italie sont accourus à cette fête de miséricorde et de grâce ! Quinze ou vingt mille pèlerins y viennent chaque année , et campent dans la plaine deux ou trois jours avant l ' heure sainte .",
                  "id": "8",
                  "title": "Pérégrinations en Orient et en Occident (3e édition) / par l'abbé Beluze,..."
            },
            {
                  "doc_url": "https://gallica.bnf.fr/ark:/12148/bpt6k56208490",
                  "emotions": [
                        "surprise",
                        "sadness",
                        "pain"
                  ],
                  "excerpt": "Enfin , il reprend ses sens , soit de lui - même , soit qu ' on l ' éveille , mais imparfaitement , et se trouve dans cette impuissance de veiller et de dormir qui constitue ce qu ' on nomme le Coma Vigil .Une ou deux heures avant l ' époque habituelle du lever , il tombe dans un sommeil de plomb et s ' éveille tardivement , étourdi , harassé , brisé , les sens obtus , — 88 — la bouche sèche , empâtée , l ' haleine fétide , la peau chaude et l ' âme abattue .L ' indigestion peut se traduire dès l ' abord par une attaque de tympanisme gastro - intestinal .",
                  "id": "9",
                  "title": "Traité du nettoiement des voies digestives et du lavage de l'estomac, par Victor Audhoui,.."
            },
            {
                  "doc_url": "https://gallica.bnf.fr/ark:/12148/bpt6k69176w",
                  "emotions": [
                        "surprise",
                        "disgust",
                        "annoyance",
                        "doubt",
                        "amusement"
                  ],
                  "excerpt": "Comment se fait - il que mes vo ~ ura de cette nuit en aient laissé ? Cette réserve est faite pour m ' étonner , et assurément il doit y avoir quelque chose de louche là - dessous .Il s ' empare de l ' une des bouteilles , verse quelques gouttes de son contenu dans un verre , puis le flairant hum dit il , quel drôle de parfum , eliea cette Chartreuse 1 Passant ensuite à l ' autre , il répète l ' opération et s ' écrie : Quel atroce bouquet a donc ce Rhum ? Pouah mais , c ' est nauséabond 1 « Comment , en un plomb vil , l ' or pur s ' est - il changé ? H Ah 1 Parbleu 1 je devine .Oh t les mécréants t les saligauds Est - ce possible ? On en a beaucoup ri à Gex ; on en rit méme encore 1 Vous savez , Félix , je la trouve un peu verte , pas la Chartreuse , mais l ' histoire et de plus d ' un goût .",
                  "id": "10",
                  "title": "Contes cynégétiques / par Émile Daullia"
            },
            {
                  "doc_url": "https://gallica.bnf.fr/ark:/12148/bpt6k14137171",
                  "emotions": [
                        "surprise"
                  ],
                  "excerpt": "Le panorama de la plaine se découvrit .Les feux d ’ herbes brûlaient encore , se confondant presque au loin avec le brouillard crépusculaire , emplissant toute la campagne de leurs épaisses bouffées et y répandant une âcre odeur d ’ incendie .Quelque chose donnant la sensation d ’ un adieu doucement prononcé était épars dans l ’ atmosphère .",
                  "id": "11",
                  "title": "Le Livre des têtes de bois"
            },
            {
                  "doc_url": "https://gallica.bnf.fr/ark:/12148/bpt6k76974w",
                  "emotions": [
                        "surprise",
                        "fear"
                  ],
                  "excerpt": "qui on ' re avec le précèdent une frappante analogie .une tutte tiotente retenttt dans rinterieurd ' un ménage ; au bout de quelques instants , les gens de la maison , eCray ~ par une forte odeur de feu .frappent à la por ~ , et .",
                  "id": "12",
                  "title": "Étude médico-légale sur les blessures : comprenant les blessures en général et les blessures par imprudence. Les coups et l'homicide involontaires / par Ambroise Tardieu,..."
            },
            {
                  "doc_url": "https://gallica.bnf.fr/ark:/12148/bpt6k5471153p",
                  "emotions": [
                        "surprise",
                        "joy",
                        "fear",
                        "courage",
                        "excitement",
                        "nervousness"
                  ],
                  "excerpt": "Les heureux , écoutant à travers leur ivresse , Croyaient ouïr le glas de la mort vengeresse ; Il leur semblait se voir dans une vieille tour Que des flots en fureur ébrèchent nuit et jour ; La tour allait crouler sous l ' attaque incessante , Us croyaient voir déjà de la mer rugissante Dans les murs crevassés la vague affreme entrer Et s ' élancer vers eux , prête à les dévorer .Etleurs membres crispés tremblaient d ' un choc fébrile ; « Loin les folles terreurs ! Danse , à la marche agile , Mêle tes pas joyeux ; élargissez nos sens , Cordes où l ' air s ' anime en magiques accents ; Tourbillon de plaisir , où tout l ' être se noie , Prends - nous , Valse rapide , et dans l ' air qui tournoie Roule - nous haletants , de parfums enivrés Et d ' haleines de femme en nos os pénétrés .» Et je voyais passer leurs danses furieuses , Et sous l ' archet savant des voix harmonieuses Chantaient ; sein contre sein , les tourbillons volaient ; Sous le contact fiévreux les désirs se gonflaient ; Dans des - flots d ' harmonie et des Ilots de lumière , Us roulaient , ils roulaient ; et comme une lisière Mène et soutient l ' enfant dans ses trébuchements , La cadence menait les hardis mouvements ; Et comme saute et rit la joyeuse Sicile Sur ses rocs calcinés que voile un sol fertile , Etourdis par leur bruit , ils ne se troublaient pas — 45 — Du volcan menaçant qui grondait sous leurs pas ; Le cratère déjà jetait , jetait des laves , Car l ' autre camp criait : « Ne soyons plus esclaves .",
                  "id": "13",
                  "title": "Où donc est le bonheur ? poème, par B. Andrieu"
            },
            {
                  "doc_url": "https://gallica.bnf.fr/ark:/12148/bpt6k63660028",
                  "emotions": [
                        "surprise",
                        "joy"
                  ],
                  "excerpt": "point non plus exhaler de mauvaises odeurs .Quand elles vous parlent , vous sentez une haleine douce , fraîche , qui sort d ' une bouche rosée .La danse , cet exercice agréable et même salutaire pour ces jeunes villageoises , parce qu ' elles le prennent au milieu d ' un air pur , devient en quelque sorte funeste aux jeunes filles des grandes villes et la cause en est facile à trouver .",
                  "id": "14",
                  "title": "La famille Sophon, ou L'hygiène mise en pratique / par Isidore Lamy,..."
            },
            {
                  "doc_url": "https://gallica.bnf.fr/ark:/12148/bpt6k5401799t",
                  "emotions": [
                        "surprise"
                  ],
                  "excerpt": "Il a une fraîcheur d ' impression toujours nouvelle , des enthousiasmes rapides , exubérants , presque toujours justifiés .Cela peut surprendre ceux qui ne le jugent que par ses farces , d ' où le parfum des roses , il l ' avoue , est déplorablement absent .Elles sont , comme le livre de son maître , plus mais non mieux odorantes .",
                  "id": "15",
                  "title": "Un poète philosophe : Sully-Prudhomme / par C. Coquelin,..."
            },
            {
                  "doc_url": "https://gallica.bnf.fr/ark:/12148/bpt6k6364666n",
                  "emotions": [
                        "surprise",
                        "nervousness",
                        "embarrassment"
                  ],
                  "excerpt": "Sa gorge se gonflait et l ' on voyait se tendre les artères do son cou .Puis elle devenait pâle , et , pendant que se contractaient ses lèvres frémissantes , ses narines s ' ouvraient comme pour aspirer un parfum sauvage .Les lions éventant la proie ont des mouvements de muscles terribles sur la face ; ils n ' ont pas cet air implacable et hautain .",
                  "id": "16",
                  "title": "Sylvie : étude (Nouvelle édition, revue et corrigée par l'auteur) / par Ernest Feydeau"
            },
            {
                  "doc_url": "https://gallica.bnf.fr/ark:/12148/bpt6k5473749g",
                  "emotions": [
                        "surprise",
                        "nervousness",
                        "pain"
                  ],
                  "excerpt": "Par l ' effet d ' une température variable , il se manifeste dans les deux oreilles , à un degré différent , des bourdonnements intermittents d ' abord , puis ils deviennent continus .La surdité recommence , ainsi que les vertiges , et le malade commence à sentir vers la gorge de la sécheresse , il mouche peu , son odorat diminue , etc .Si on examine alors l ' appareil auditif , on voit qu ' il présente tous les caractères d ' une otite chronique interne sèche s ' étendant à l ' oreille externe et aux régions pharygienne et nasale .",
                  "id": "17",
                  "title": "Nouvelles recherches sur les causes de la surdité, les bourdonnements, les étourdissements et la migraine, leurs traitements, par Maurice Mène,... et par Édouard Mène, 8e édition..."
            },
            {
                  "doc_url": "https://gallica.bnf.fr/ark:/12148/bpt6k5835737r",
                  "emotions": [
                        "surprise",
                        "disgust"
                  ],
                  "excerpt": "Elles furent bientôt assez près pour que les chasseurs distinguassent chaque partie de leurs corps ; leurs dos roux , leurs flancs et leurs ventres blancs , leurs crinières courtes et droites , leurs jambes fines , leurs museaux longs .et pointus ; ils voyaient jusqu ' aux petites taches noires placées en arrière des joues , et qui émettent cette odeur désagréable particulière au # bouc .C ' est à cause de cette odeur que les trappeurs ont donné , dans leur langage peu romantique , le nom de boucs à ces animaux si gracieux ^ Nos jeunes chasseurs observaient toutes ces particularités pendant que le troupeau s ' approchait ; ils s ' étaient placés derrière quelques buissons de saules , afin de n ' être pas vus .",
                  "id": "18",
                  "title": "Le Buffalo blanc / par le capitaine Mayne-Reid ; traduction de M. Allyre Bureau"
            },
            {
                  "doc_url": "https://gallica.bnf.fr/ark:/12148/bpt6k54920803",
                  "emotions": [
                        "surprise",
                        "nostalgia",
                        "excitement",
                        "doubt",
                        "curiosity",
                        "faith"
                  ],
                  "excerpt": ".Mais la scène changea : mon esprit étonné Aperçut de nouveau l ' enfant prédestiné Se promenant pensif dans la vallée obscure , Livrant à l ' aquilon sa blonde chevelure ; Dans la forêt ombreuse et le long des ravins , Je le vis aspirer les arômes divins ..",
                  "id": "19",
                  "title": "L'ère napoléonienne : le passé, le présent, l'avenir, poëme / par Mme Bernard de B***,..."
            },
            {
                  "doc_url": "https://gallica.bnf.fr/ark:/12148/bpt6k874269h",
                  "emotions": [
                        "surprise",
                        "fear",
                        "doubt",
                        "nervousness",
                        "curiosity"
                  ],
                  "excerpt": ".se met à renifler comme un chien de chasse et me demande si je ne sens pas une odeur bizarre dans l ’ air .Oui , oui , on dirait .",
                  "id": "20",
                  "title": "Trois ans de front : Belgique, Aisne et Champagne, Verdun, Argonne, Lorraine : notes et impressions d'un artilleur / J.-L. Gaston Pastre"
            }
      ]
}