{
      "articles": [
            {
                  "doc_url": "https://gallica.bnf.fr/ark:/12148/bpt6k5754901t",
                  "emotions": [
                        "surprise",
                        "doubt"
                  ],
                  "excerpt": "Les matières sont liquides , contiennent du mucus , du sang , des débris d ' épithélinm , dn pus , des lambeaux de fausses membranes , dea morceaux sembfables à de b mousse , des fèces et dm matière ! non digérées .Euet tant blanches , quand oHet renferment beaucoup da muent ou de pus , ou clairet , d ' un brun foncé , jeunes , vertes , nuencées de plusieurs tons , d ' une couleur noire désagréebk , on semblahfasà défaillira de vfaodecthto Elles répendent nue odeur infecte et putride .- - - Les mucosités forment parfoit une masse uniforme , on ressemblent à du frai de grenouilles , a des grumeaux graisseux ; d ' autres fois , on trouve dans les évacuations des petite ! suasses rongeàtret ou d ' un brun jaune , qne foa peut prendre pour des débris de gbndes ou pour des raclures de boyaux .",
                  "id": "1",
                  "title": "Thérapeutique homoeopathique des maladies des enfants / par le Dr Fr. Hartmann ; traduit de l'allemand avec notes par M. Léon Simon fils,..."
            },
            {
                  "doc_url": "https://gallica.bnf.fr/ark:/12148/bpt6k57121584",
                  "emotions": [
                        "surprise",
                        "sadness",
                        "doubt",
                        "frustration",
                        "disappointment"
                  ],
                  "excerpt": "Aux oppresseurs seraient sans indulgence , Et , sans pitié fardant notre vengeance .Aux odorats monteraient nos soupirs ; Puis , dans nos clubs , sociétés secrètes , Se confondraient nos haleines discrètes , Et là , bravant et police et mouchards , Éclateraient bombardes et pétards .Mais loin de nous la crainte chimérique D ' un attentat à notre République ! - 82 - Des Francs - Péteurs relevons le drapeau , Aux vieilles moeurs le Régime nouveau Est favorable ; il se dit pacifique ; Nous lui devons un grand calme , et les Pets , En imposant silence à la colique , Ne sont - ils pas lé canon de la paix ? Donc aujourd ' hui que ma fière patrie A restauré l ' Aigle dominateur » A rétabli l ' Empire et l ' Empereur , Rétablissons Zéphyr - Artillerie .",
                  "id": "2",
                  "title": "Les Francs-péteurs : poème en 4 chants, précédé d'un aperçu historique sur la Société des francs-péteurs fondée à Caen... et suivi de notes..."
            },
            {
                  "doc_url": "https://gallica.bnf.fr/ark:/12148/bpt6k5629855h",
                  "emotions": [
                        "admiration",
                        "surprise",
                        "joy",
                        "optimism",
                        "excitement",
                        "pride",
                        "gratitude"
                  ],
                  "excerpt": ".De tes cheveux une haleine embaumée » S ' exhale ! Mais des fleurs ce n ' est point la saison ! » Sur ta tête je sens des fleurs fraîches écluses , » Quand ce n ' est point le temps ni des lis ni des roses , » Quand Flore encor n ' a point fait taire l ' aquilon ! ..",
                  "id": "3",
                  "title": "Une fille des Coecilius : poème & roman chrétien / par Mademoiselle Léoncy Rey"
            },
            {
                  "doc_url": "https://gallica.bnf.fr/ark:/12148/bpt6k5474953c",
                  "emotions": [
                        "surprise"
                  ],
                  "excerpt": ") Distiller parties égales d ' acétate do potasse et d ' acide arséuioux .Liquide huileux , trèsvénéneux , d ' une odeur fétide ; il s ' enflamme , spontanément à l ' air .On doit éviter sa préparation danffereuso .",
                  "id": "4",
                  "title": "Nouveau manuel de chimie simplifiée, pratique et expérimentale, sans laboratoire : manipulations, préparations, analyses... (2e édition) / par Émile Tournier..."
            },
            {
                  "doc_url": "https://gallica.bnf.fr/ark:/12148/bpt6k5754901t",
                  "emotions": [
                        "surprise",
                        "annoyance",
                        "doubt",
                        "nervousness",
                        "disappointment"
                  ],
                  "excerpt": "weeaaasaaun aaasa u * ui uaueu » a * a > are > asaaa ^ aasp sa éfnlaat eaxt TeuM nsorbûfa Taosait pnisss être donné sent héritation Ion * dôrrirai pat sioura tou déjà Toccssioa de fa ss présente pu » toujours avec des caractèrretelleasent tranché * que fa choix do aieoWeat lie soit jamais entouré J ' inotrritoaite J ' inotrritoaite caractérisés , contre laqntll » il est très puissant .fyff tfwajfjlf f de » fonrtinn » die » iti » » s mai déjà essai f star té goût acide ; fa désir de bière qui cause de noaunaux renvois , les nausées et les vomitnritioas se trou vent parmi les symptômrequ ' Ueugefidre .slaM etquefaaisfade » e plaigne au contraire ôe doufaure abdoéxrsTeuut abdoéxrsTeuut resroibaucutent , us déreanaasasts de TeetoBSic .",
                  "id": "5",
                  "title": "Thérapeutique homoeopathique des maladies des enfants / par le Dr Fr. Hartmann ; traduit de l'allemand avec notes par M. Léon Simon fils,..."
            },
            {
                  "doc_url": "https://gallica.bnf.fr/ark:/12148/bpt6k5518282h",
                  "emotions": [
                        "surprise"
                  ],
                  "excerpt": "Je ne veux point , pour l ' amuser , l ' exposer à jirendre un genre qui ne me conviendrait aucunement .Ouvre donc la fenêtre , celte dame a étrangement parfumé mon salon : ce n ' est pas ainsi qu ' on se parfume .» Comme elle faisait , cette déclaration , Morin introduisit M \" 10 de Châleaugrand .",
                  "id": "6",
                  "title": "La petite duchesse / par Mlle Zénaïde Fleuriot ; ouvrage illustré de 73 gravures dessinées sur bois par A. Marie"
            },
            {
                  "doc_url": "https://gallica.bnf.fr/ark:/12148/bpt6k1174978n",
                  "emotions": [
                        "surprise",
                        "disgust"
                  ],
                  "excerpt": "La bulbe de cette plante est seule en usage .Son odeur est piquante , analogue à celle de l ’ oignon ; elle ir - — 415 — rite les yeux ainsi que le nez .On en extrait une substance amère qui a reçu le nom de scillitine .",
                  "id": "7",
                  "title": "Les Plantes qui guérissent, d'après les médecins les plus célèbres des temps anciens et modernes, notices par ordre alphabétique sur 450 espèces indigènes et exotiques utilisées en médecine, dans l'art vétérinaire, l'industrie, le commerce, l'agriculture, etc., suivies 1° d'un mémorial thérapeutique et d'un vocabulaire des maladies avec renvoi aux plantes en usage pour leur traitement, 2° d'une table des noms divers de ces plantes, 3° d'une table des matières et produits qui sont du ressort de la botanique"
            },
            {
                  "doc_url": "https://gallica.bnf.fr/ark:/12148/bpt6k5450759c",
                  "emotions": [
                        "surprise",
                        "grief",
                        "love",
                        "nostalgia",
                        "disappointment"
                  ],
                  "excerpt": "Si l ' âme voit dans l ' ombre , Que le rêve menteur s ' éloigne enfin de moi ! Les clartés pour mes yeux sont des flèches sans nombre , Ah ! je suis malheureux , malheureux comme toi ! L ' OUBLI 131 Je devais à ma foi de bien rester le même Sans prendre pour cela sa parure au passé , Mon front s ' est élargi comme un arbre cassé , Mais je n ' ai pas cessé de savoir que je l ' aime : Les hivers ont eu beau remplacer les printemps , Oui , devant le chef - d ' oeuvre adoré de sa forme Je brûle encor l ' encens des poèmes chantants , Je veille et ne veux pas que ma tendresse dorme ; Je l ' aime , sur l ' honneur , en ce triste moment , Si la chose se peut , encore davantage , Moi qui n ' ai pas connu la honte du partage , Je ne puis pas l ' aimer plus amoureusement .Dans mon coeur je n ' ai mis , comme en ces boîtes closes Qu ' un parfum précieux , son cher coeur odorant ; Mais ses bras ont rivé dans leurs apothéoses Des chaînes à mon cou que la rouille surprend .Ces chaînes je les brise et la coupe si pleine Où j ' ai bu son ivresse , ah ! je la brise aussi ! Elle ne peut tenir — et c ' est là mon souci — Une goutte de plus de joie ou bien de peine .",
                  "id": "8",
                  "title": "La fidèle chanson / Georges Audigier"
            },
            {
                  "doc_url": "https://gallica.bnf.fr/ark:/12148/bpt6k205792s",
                  "emotions": [
                        "surprise",
                        "nostalgia",
                        "doubt",
                        "curiosity"
                  ],
                  "excerpt": "Mais quoi le destin dont la haine M ' accable aujourd ' hui de ses coups , Sera - t - il jamais assez doux Pour me rassembler avec vous Entre Comus et Melpomène , Et que cet hîver me ramène Versifiant à vos genoux ? 0 des soupers charmante reine , Fassent les dieux que les Guerqois , Vous donnent perdrix à douzaine , Poules de Caux , chapons du Maine , Et pensez à moi quelquefois , Quand vous mangerez sur la Seine Des potages à la Brunois ( i ) Ces grandes traditions n ' ont pas été négligées sous les règnes suivants .On n ' en était pas encore , il est vrai , à cette époque où l ' on s ' écriait « Qu ' est devenu ce temps où la fumée du fauboug Saint - Honoré parfumait si délicieusement l ' atmosphère de la capitale ( 2 ) ? Mais le comte de Tessé , par exemple , suivant cette pensée de madame Du Deffand que le souper est une des quatre fins de l ' homme , entretenait le feu sacré de la bonne chère .Le duc de Richelieu avait ses Mahonnaises ou Mayonnaises ; madame de Mauconseil ses Chartreuses , les ducs de Lavallière , de Duras , de Guines , le prince de Guéménée , aussi célèbre par les Carrés de Veau qu ' il inventa que par sa banqueroute de vingt - huit millions , eurent l ' œil à leur cuisine .",
                  "id": "9",
                  "title": "Les salons de conversation au dix-huitième siècle / par Feuillet de Conches"
            },
            {
                  "doc_url": "https://gallica.bnf.fr/ark:/12148/bpt6k6372900k",
                  "emotions": [
                        "surprise",
                        "joy"
                  ],
                  "excerpt": "Le .cerf a l ' odorat exquis , l ' oreille excellente ; lorsqu ' il écoute , il lève la tête , dresse les oreilles , et alors , il entend de fort loin .Lorsqu ' il sort de l ' épaisseur du bois et qu ' il se trouve dans un taillis , ou dans quelqu ' autre endroit à demi découvert , il s ' arrête pour regarder de tous côtés et cherche ensuite le dessous du vent pour sentir s ' il n ' y a pas quelqu ' un qui puisse l ' inquiéter .",
                  "id": "10",
                  "title": "Dans les bois : notions populaires d'histoire naturelle / par A. Dubois"
            },
            {
                  "doc_url": "https://gallica.bnf.fr/ark:/12148/bpt6k9604688x",
                  "emotions": [
                        "surprise",
                        "doubt"
                  ],
                  "excerpt": "Pourtant cette opinion , contraire d ' ailleurs à l ' état le plus avancé de la science , paraît souvent au premier aspect parfaitement inexplicable .Comment croire , par exemple , que des terrains dénudés ou bouleversés , de création factice même , si l ' on veut , reçoivent du seul hasard un choix d ' animaux , d ' insectes , de plantes , une population parasite , qui s ' harmonie si visiblement avec la nature du lieu et ses aspects , et que ce même hasard fasse concourir tant d ' existences diverses en un drame unitaire et en une même expression poétique ? Chaque localité a ses effluves , ses influences sensitives naturelles .Leur ensemble , leur combinaison fait naître des formules ou fonctions mathématiques , qui , dans le sein de l ' objectivité universelle , prennent un caractére de totalité ou informateur .",
                  "id": "11",
                  "title": "Harmonies de la nature ou Recherches philosophiques sur le principe de la vie. Tome 1 / par J.-A. Agnès,..."
            },
            {
                  "doc_url": "https://gallica.bnf.fr/ark:/12148/bpt6k5445646p",
                  "emotions": [
                        "surprise"
                  ],
                  "excerpt": "Tastorale A ADRIEN PAPEREUX Me trouvant sur la route où chaque soir il passe .Je sentis tout à coup une acre et forte odeur , Et je vis un bouc noir de première grandeur Dont la voix , par moment , sonnait comme une basse .Des chèvres séparé par un léger espace , Il marchait fièrement dans sa - grave impudeur , L ' oeil obscène , orgueilleux d ' une lubrique ardeur Qu ' aucun autre animal n ' égale ou ne surpasse .",
                  "id": "12",
                  "title": "Les tendresses viriles : sonnets / Auguste Creissels"
            },
            {
                  "doc_url": "https://gallica.bnf.fr/ark:/12148/bpt6k96081856",
                  "emotions": [
                        "surprise",
                        "annoyance",
                        "gratitude"
                  ],
                  "excerpt": "l ' Abbé en lui offrant de le desinfecter .Eh , Monsieur ! me répondit - il , la puanteur cst bonne pour la santé , que répondre à un argument contredit par les écrits de M .l ' abbé Tessier ? Revenons au détail , on y lit , pag .",
                  "id": "13",
                  "title": "Lettre à messieurs les commissaires de l'Académie royale des sciences & de la Société royale de médecine de Paris . Par M. Janin de Combe-Blanche. Dans laquelle on prouve qu'un homme s'est noyé dans la fosse de l'hôtel de la Grenade ; & que le méphitisme n'a eu aucune part à cet événement"
            },
            {
                  "doc_url": "https://gallica.bnf.fr/ark:/12148/bpt6k9604688x",
                  "emotions": [
                        "surprise",
                        "disgust",
                        "doubt",
                        "curiosity"
                  ],
                  "excerpt": "Ce sens de leur vie ne se comprend bien que par l ' analogie que j ' ai fait observer entre la vie des insectes et la vie des plantes , et une disparate aussi frappante serait à elle seule pour moi une invincible démonstration de son exactitude .Les fleurs les plus éclatantes et les plus parfumées ont leurs racines , leurs pattes , dans un terreau dégoûtant et infect ; faut - il s ' étonner si la larve de l ' insecte qui doit voltiger bientôt sur leur élégant calice , se traîne et rampe au milieu de ce même fumier ? C ' est que la larve est une autre vie ou une vie d ' un autre sens que l ' insecte parfait .La larve est la racine et la tige .",
                  "id": "14",
                  "title": "Harmonies de la nature ou Recherches philosophiques sur le principe de la vie. Tome 1 / par J.-A. Agnès,..."
            },
            {
                  "doc_url": "https://gallica.bnf.fr/ark:/12148/bpt6k689358",
                  "emotions": [
                        "surprise"
                  ],
                  "excerpt": "Cette rivière était d ' une profondeur indescriptible , et d ' une transparence plus merveilleuse que celle de l ' ambre .Elle avait de trois à six milles de large , et ses berges qui s ' élevaient de chaque côté à une hauteur ' perpendiculaire de douze cents pieds étaient couronnées d ' arbres toujours verdoyants et de fleurs perpétuelles au suave parfum qui faisaient de ces lieux un somptueux jardin ; mais cette terre plantureuse s ' appelait le royaume de l ' Horreur , et on ne pouvait y entrer sans y trouver la mort » « Ouf ! a dit le roi .« Nous quittâmes ce royaume en toute hâte , et quelques jours après , nous arrivâmes à d ' autres bords , où nous fûmes fort étonnés de voir des .",
                  "id": "15",
                  "title": "Derniers contes / Edgar Poe ; traduits par F. Rabbe,..."
            },
            {
                  "doc_url": "https://gallica.bnf.fr/ark:/12148/bpt6k5687618k",
                  "emotions": [
                        "surprise",
                        "doubt"
                  ],
                  "excerpt": "— Ah ! mon Tristan , je vous aime et je vous bénis ! s ' écria la brune Elise en essuyant ses larmes .Et tous deux revinrent au pas , par les chemins embaumés des âcres senteurs du bois , laissant flotter la bride sur le cou de leurs montures , les mains unies , les regards confondus .Au moment où le jeune homme enlevait Elise dans ses bras et la déposait doucement à terre au bout du sentier , un domestique remit à la jeune fille une enveloppe de forme carrée ; - 39 - c ' était un billet de Jeanne , qui , descendue à Poitiers depuis le matin , priait qu ' on la vînt chercher en voiture .",
                  "id": "16",
                  "title": "Une paria / par Alix Bressant"
            },
            {
                  "doc_url": "https://gallica.bnf.fr/ark:/12148/bpt6k406248g",
                  "emotions": [
                        "surprise"
                  ],
                  "excerpt": "Au dedans , une étonnante sécheresse , une propreté admirable toutes les parois moelleusement fermes , exactement comme si elles eussent été tapissées d ' un velours de coton , fort mat et sans éclat .Ce velours d ' un noir doux résultait - il du bois lui - même puissamment modifié , ou d ' un lit extrêmement fin des champignons microscopiques qui purent s ' être établis dans l ' arbre , quand tout humide encore il n ' avait pas reçu ses tout - puissants ; transformateurs ? L ' agent de la métamorphose se révé - i lait lui - même chaque appartement pris à part , senti de près , saisissait l ' odorat de l ' âcre senteur de l ' acide formique .Ce peuple avait tiré de lui cette grande métamorphose de sa demeure , l ' avait brûlée et purgée , par sa flamme , séchée et assainie par cet utile poison .",
                  "id": "17",
                  "title": "Oeuvres complètes de J. Michelet. T. 33"
            },
            {
                  "doc_url": "https://gallica.bnf.fr/ark:/12148/bpt6k6560214s",
                  "emotions": [
                        "surprise",
                        "anger",
                        "annoyance",
                        "disapproval",
                        "doubt",
                        "frustration"
                  ],
                  "excerpt": "Je vous prie , ne craignez pas de me porter préjudice dans cette rencontre ; je vous promets de ne vous obliger jamais à la restitution .Comme ils étaient dans ces disputes , un jeune fanfaron passant par la et sentant cette odeur si forte , dit au paysan tout en colère : Que portes - tu là , coquin ? Une drogue qui fait deviner .Cet éventé , croyant être méprisé , le menaça s ' il ne le satisfaisait dans sa demande .",
                  "id": "18",
                  "title": "Contes à rire et aventures plaisantes ou Récréations françaises (Nouvelle édition revue et corrigée)"
            },
            {
                  "doc_url": "https://gallica.bnf.fr/ark:/12148/bpt6k14146637",
                  "emotions": [
                        "surprise",
                        "doubt"
                  ],
                  "excerpt": "Il repassa la main sous l ’ oreiller avec grand effort , car le malheureux tremblait de la fièvre , et en tira un llacon d ’ cau - de - vie .— Quoi ! dit Fanfan , n ’ êtes - vous pas à la diète ? — Faites excuse ; je n ’ ai pas la force de manger , et l ’ on m ’ a donné là une manière de drogue puante que je n ’ ai pas le courage de boire .Je m ’ accommoderai de ce nectar qui cadre mieux à mes vues .",
                  "id": "19",
                  "title": "Contes sceptiques et philosophiques, par Édouard Ourliac"
            },
            {
                  "doc_url": "https://gallica.bnf.fr/ark:/12148/bpt6k54577925",
                  "emotions": [
                        "admiration",
                        "surprise",
                        "relief",
                        "gratitude"
                  ],
                  "excerpt": "146 Mai A Raoul Gineste .Houles des champs , frissons de l ' eau , souffles des brises , Jardins clairs , parc ombreux , asiles bocagers Où soupire l ' églogue aux flûtes des bergers : Tes dons , bien qu ' attendus , ont l ' attrait des surprises , O Mai , qui de senteurs balsamiques nous grises ! Le vent , qui court plus tiède aux bois comme aux vergers , Rend plus alerte l ' aile et les vols plus légers .Qu ' ils sont loin , les longs mois d ' hiver et leurs traîtrises ! Tes beaux ciels , tour à tour de nocturnes pâleurs Baignés , et tour à tour teints d ' ardentes couleurs , Semblables au cristal fleuri d ' une verrière , Mêlent , ainsi qu ' en un prestigieux décor , Les jeux de la nuance aux jeux de la lumière .",
                  "id": "20",
                  "title": "Fleurs morvandelles / Théodore Maurer"
            }
      ]
}