{
      "articles": [
            {
                  "doc_url": "https://gallica.bnf.fr/ark:/12148/bpt6k80405f",
                  "emotions": [
                        "surprise"
                  ],
                  "excerpt": "Il en sort de partout , parfumée ou puante , des théâtres , des cafés , des magasins , des ateliers et des égouts ; elle se répand , invisible , comme un miasme .Quelle poudrette , cette poudre - là On la hume mêlée à l ' air , on en boit dans le vin , on en mange dans la viande il y en a sur les pavés , sur les murs , il en monte des cheminées , vers les nuages , d ' où elle redescend avec la pluie ! car , dans vos rues , il n ' y a pas à dire , la pluie sent la poudre de riz , comme si l ' eau du ciel tombait d ' une cuvette dé fille .Delà , les névroses , les détraquements .",
                  "id": "1",
                  "title": "Zo'har : roman contemporain / Catulle Mendès"
            },
            {
                  "doc_url": "https://gallica.bnf.fr/ark:/12148/bpt6k5438850x",
                  "emotions": [
                        "surprise"
                  ],
                  "excerpt": "( / [ fois .) AIR : Ah ! mon Dieu ! que je V échappe belle ! Àh ! mon Dieu ! quelle odeur de violettes ! Parlez ; qu ' est - ce qu ' en veut ? Il nous en pleut Plus que d ' gimblettes ..",
                  "id": "2",
                  "title": "Le terme d'un règne ou Le règne d'un terme , relation véridique, écrite en forme de pot-pourri, sous la dictée de Cadet Buteux, par Désaugiers, son secrétaire intime"
            },
            {
                  "doc_url": "https://gallica.bnf.fr/ark:/12148/bpt6k5438850x",
                  "emotions": [
                        "surprise",
                        "curiosity"
                  ],
                  "excerpt": ".Ah ! mon Dieu ! quelle odeur de violettes ! Est - c ' que nos guerriers Auraient pris ça pour des lauriers ? ( * 7 ) AlR : Grâce à la mode .Ma pauv patrie ! Vlà donc c ' Nicolas Dont j ' étions si las ! .",
                  "id": "3",
                  "title": "Le terme d'un règne ou Le règne d'un terme , relation véridique, écrite en forme de pot-pourri, sous la dictée de Cadet Buteux, par Désaugiers, son secrétaire intime"
            },
            {
                  "doc_url": "https://gallica.bnf.fr/ark:/12148/bpt6k8714707",
                  "emotions": [
                        "admiration",
                        "surprise",
                        "pride",
                        "gratitude",
                        "envy"
                  ],
                  "excerpt": "Clovis n ’ a pas cette altitude majestueuse qui signale un empereur ; il a cette démarche grave qui annonce le chrétien .Parmi les fleurs apportées des contrées méridionales , qui cou - ' vrent les dalles du portique , le lconing , apercevant la tige parfumée d ’ un lis dont le calice s ’ entr ’ ouvre , s ’ en empare , la tresse en couronne , et ornant sa tête de cette image de pureté baptismale : — Que cette fleur soit désormais la fleur des monarques de France ! dit - il .Arrivé enfin devant le bassin de marbre blanc qui contient l ’ eau sacrée du baptême , le cortège s ’ arrête , et Remigius , se plaçant en face du roi , lui rappelle les engagements qu ’ il va prendre et lui explique les titres nouveaux qu ’ il va porter .",
                  "id": "4",
                  "title": "Les femmes illustres de la France au Moyen-âge / par Joseph Delanox"
            },
            {
                  "doc_url": "https://gallica.bnf.fr/ark:/12148/bpt6k5819435k",
                  "emotions": [
                        "surprise"
                  ],
                  "excerpt": "Loué soit soit Dieu ! Mieux vaut arriver au commencement d ' un dîner qu ' à la fin d ' une bataille .De la rue on sent le parfum de la soupe aux choux , et je te vois le flacon à la main .Bonjour Akoulina Pëtrova , bonjour , ma commère .",
                  "id": "5",
                  "title": "Les Deux héritages. suivis de : L'Inspecteur général / [d'après N. V. Gogol] et des. Débuts d'un aventurier / par Prosper Mérimée,..."
            },
            {
                  "doc_url": "https://gallica.bnf.fr/ark:/12148/bpt6k5819435k",
                  "emotions": [
                        "surprise"
                  ],
                  "excerpt": ".Du thé incroyable : il sent le poisson , pas le thé ..",
                  "id": "6",
                  "title": "Les Deux héritages. suivis de : L'Inspecteur général / [d'après N. V. Gogol] et des. Débuts d'un aventurier / par Prosper Mérimée,..."
            },
            {
                  "doc_url": "https://gallica.bnf.fr/ark:/12148/bpt6k9396845",
                  "emotions": [
                        "surprise",
                        "nervousness"
                  ],
                  "excerpt": "■ IBÉUigi 114 CONTES ET RÉCITS .La guerre le surprit au fond de son jardin , S ’ enivrant du parfum de sa fleur favorite , Gomme le sultan Saladin .Deux mois après , malgré ses goûts de sybarite , Mon ami Paul était un artilleur fini , Parqué , casematé dans le fort de Rosny , Où l ’ amiral Saisset nous tenait en sevrage .",
                  "id": "7",
                  "title": "Contes et récits, par E. Mestépès"
            },
            {
                  "doc_url": "https://gallica.bnf.fr/ark:/12148/bpt6k8714364",
                  "emotions": [
                        "surprise",
                        "sadness",
                        "disappointment",
                        "guilt"
                  ],
                  "excerpt": "Plus tard , M .de Sonis revenant sur celte lugubre veillée , disait au chef des zouaves pontificaux : « Oh ! combien vous m ’ avez incommodé sans le savoir , moi qui ai l ’ odeur de la pipe en exécration ! — Pourquoi ne me l ’ avoir pas dit ? J ’ aurais cessé immédiatement .— C ’ eût été vraiment dommage , vous fumiez avec tant de plaisir ! » Le major en chef , le docteur Baumetz , arrive heureusement le lendemain , 4 décembre ; il examine la blessure et déclare que l ’ amputation est nécessaire .",
                  "id": "8",
                  "title": "Palmes et trophées (âmes d'apôtres et coeurs de héros) , par Myriam,..."
            },
            {
                  "doc_url": "https://gallica.bnf.fr/ark:/12148/bpt6k5544974z",
                  "emotions": [
                        "surprise"
                  ],
                  "excerpt": "330 MESSAGÈRE DU DON - PASTEUR Devant vos pieds , d ' abord , la chaise de soeur Salomé , qui tricote avec quiétude , au frais , sur le trottoir , ce qui fait qu ' elle vous a fait un peu attendre avant de vo .us ouvrir ; puis , une vaste cour gravelée , des tilleuls , des marronniers au feuillage touffu , mais dont le tronc élevé laisse bien circuler l ' air ; plus loin , le jardin où s ' épanouissent des roses de toute beauté , les plus parfumées et les plus appréciées , aussi , que je connaisse ..",
                  "id": "9",
                  "title": "Messagère du Bon-Pasteur, 1876-1882"
            },
            {
                  "doc_url": "https://gallica.bnf.fr/ark:/12148/bpt6k63393529",
                  "emotions": [
                        "surprise",
                        "doubt"
                  ],
                  "excerpt": "J ' ignorois l ' étendue et la sévérité des loix qu ' on a imposées sur cette matière à nos facultés sensitives .Je ne savois pas que les Anglois voulant s ' arroger l ' empire de la mer , il fallut encore leur céder l ' empire de l ' odorat , que j ' avois toujours cru franc et libre .Au reste , ma tentative justifie que j ' étois plus curieux , que gourmand .",
                  "id": "10",
                  "title": "Le Radoteur"
            },
            {
                  "doc_url": "https://gallica.bnf.fr/ark:/12148/bpt6k62577383",
                  "emotions": [
                        "surprise"
                  ],
                  "excerpt": "Voyez : un faisan a - t - il une chair plus grasse , plus rebondie , plus dorce ? 11 est cuit à merveille .Et puio , sentez - vous quel parfum ? - On dirait dos quatre épices , dit le chevalier en ouvrant sès larges narines .- - Gela vient tout bonnement do ce que ces ciseaux sont très friands des baies du bois d ' Indu qu ' ils trouvent dans les forets ; ces baies ont à la fois le goût de la cannelle , du girofle et du poivre , et la chair du gibier participe de la senteur de ces aromates .",
                  "id": "11",
                  "title": "Le morne-au-diable / par Eugène Sue"
            },
            {
                  "doc_url": "https://gallica.bnf.fr/ark:/12148/bpt6k62577383",
                  "emotions": [
                        "surprise",
                        "joy",
                        "excitement"
                  ],
                  "excerpt": "En voyant Angèle et Youmaalë se promener familièrement , l ' aventurier ressentit des angoisses , des inquiétudes nouvelles , jointes à une curiosité poignante .Hélas t pour lui , quel spectacle ! Tantôt Angèle abandonnait le bras du Caraïbe pour courir avec une ardeur et une joie enfantines après de beaux insectes aux élytres d ' or et d ' azur , ou pour cueillir quelque belle fleur parfumée , puis elle revenait bientôt auprès d ' Youmaalë , qui , toujours calme , presque solennel , semblait avoir pour la jeune femme une tendresse grave et protectrice .Quelquefois le Caraïbe donnait à la veuve sa main à baiser .",
                  "id": "12",
                  "title": "Le morne-au-diable / par Eugène Sue"
            },
            {
                  "doc_url": "https://gallica.bnf.fr/ark:/12148/bpt6k6120804d",
                  "emotions": [
                        "surprise",
                        "disgust"
                  ],
                  "excerpt": "Parlons de l ' assemblée Qui , par certaine odeur , fut aussitôt troublée .D ' abord se regardant d ' un air tout consterné , Chacun riait sous cape en se pinçant le nez ; Puis de rire aux éclats , et comme par surprise , A la hâte on s ' offrait coup sur coup une prise ; Jusqu ' au chien , dont l ' odeur avait comme égaré , S ' enfuit en aboyant après m ' avoir flairé .On n ' pouvait plus y t ' nir ; aussi mon capitaine Se lève en s ' écriant : c ' est la gaze hydrogène ; On n ' peut point z ' en douterr ; c ' est un tuilliau crevé .",
                  "id": "13",
                  "title": "L'Hôtel des haricots, ou le Tambour philosophe, poëme comique, anecdotique, satirique, fantastique, etc., etc., en quatre chants, suivi de poésies diverses, par F. Fleury,..."
            },
            {
                  "doc_url": "https://gallica.bnf.fr/ark:/12148/bpt6k57137840",
                  "emotions": [
                        "surprise",
                        "pride",
                        "doubt",
                        "curiosity"
                  ],
                  "excerpt": ".Quoi ? déjà dans tes yeux on lit ton grand courroux : Eh bien , d ' autres tableaux plus éclatants encore Se préparent aussi ; vois ce qui les décore ? Écoute de nouveau les bruits qui sont dans l ' air , Sens cette odeur de poudre , et de bronze , et de fer 9 _ H ) _ Qui s ' élève déjà du sol où tes intrigues Formèrent sourdement de colossales ligues , Et pour ne point pâlir tu sauras sans tarder S ' il suffit que l ' orage aille bien loin gronder .CIIAST II .",
                  "id": "14",
                  "title": "Poème national / par Joseph Salefranque,..."
            },
            {
                  "doc_url": "https://gallica.bnf.fr/ark:/12148/bpt6k62302570",
                  "emotions": [
                        "surprise"
                  ],
                  "excerpt": "Mais , c ' est contre le café , surtout , que la fraude a déployé ses ruses les plus condamnables .Sans parler de la chicorée qui , bien souvent est dénaturée elle - même , ni des cafés avariés , presque toujours reconnaissables à l ' odeur , croirait - on qu ' il existe des prétendus mokas dont tous les grains sont artificiellement fabriqués avec de l ' argile mêlée à une petite quantité de farine de maïs et de seigle ? des soidisant Bourbons , moulus avec de la carotte , de l ' ocre rouge , du cinabre , et même de la sciure de bois d ' acajou ? .C ' est toujours pour imiter cette couleur naturelle des denrées , que les fraudeurs nous empoisonnent .",
                  "id": "15",
                  "title": "La Vie normale et la santé. Traité complet de la structure du corps humain, des fonctions et du rôle des organes à tous les âges de la vie, avec l'étude raisonnée des instincts et des passions de l'homme, et l'exposition des moyens naturels de prolonger l'existence en assurant la conservation de la santé, par le Dr J. Rengade. L'enfance. La croissance. L'être accompli. L'homme et la femme. Les passions humaines. L'union des sexes. La vieillesse et la mort"
            },
            {
                  "doc_url": "https://gallica.bnf.fr/ark:/12148/bpt6k4549624c",
                  "emotions": [
                        "surprise",
                        "doubt"
                  ],
                  "excerpt": "— Je voudrais bien savoir alors avec quoi .Tu ne vas pas me faire croire qu ’ on absorbe une odeur comme on boit un Picon pour son savoureux bouquet d ’ orange ? • — Pas du tout .Je maintiens que si tu étais au courant des métamorphoses de la mode , tu saurais que maintenant on s ’ injecte les parfums sous la peau au moyen de piqûres à la nuque , au bras , à l ’ épaule , ou dans telle autre partie du corps , tout comme s ’ il s ’ agissait de cocaïne , de morphine ou de caféine , mais sans présenter les dangers de ces derniers produits .",
                  "id": "16",
                  "title": "Le Cri d'Angers : journal bimensuel [\"puis\" journal hebdomadaire] illustré : sports, tourisme, mondanités, arts, lettres"
            },
            {
                  "doc_url": "https://gallica.bnf.fr/ark:/12148/bpt6k30452213",
                  "emotions": [
                        "surprise"
                  ],
                  "excerpt": "la répétition des aéfes qidelle produit , elle épargne à l ’ animal toutes les tentatives inutiles ; mais les bêtes ne doivent pas feulement à la réflexion de fimples idées de relation ; elles tiennent encore d ’ elles des idées indicatives plus compliquées , fans lefquelles elles tomberoient dans mille erreurs funeftes pour elles .Un vieux loup efl attiré par l ’ odeur d ’ un appât ; mais forfqu ’ il veut en approcher , fon nez lui apprend qu ’ un homme a marché dans les environs .L ’ idée du paffage d ’ un homme lui indique un péril tk .",
                  "id": "17",
                  "title": "Variétés littéraires, ou Recueil de pièces tant originales que traduites, concernant la philosophie, la littérature et les arts.. Tome 3 / Tome premier [- quatrième]"
            },
            {
                  "doc_url": "https://gallica.bnf.fr/ark:/12148/bpt6k6257372r",
                  "emotions": [
                        "surprise",
                        "doubt",
                        "faith",
                        "indifference"
                  ],
                  "excerpt": "Ils vous prêcheront , et se serviront de vous - même , pour vous retirer de ce malheureux athéisme où vous croupissez .Vous savez que je ne parle point par cœur , et que je ne suis pas le seul qui vous a entendu prier Dieu , qu ' il vous fît la grâce de ne point croire en lui ? Comment ! petit Impie , Dieu n ' oserait avoir laissé fermer une porte , quand vous fuyez le bâton , qu ' il ne soit par vous anéanti ; et vous ne commencez à le recroire , que pour avoir contre qui 1 Bonbons musqués pour parfumer l ' haleine .2 Dassoucy s ' est fait représenter , par son ami François Chauveau , en tête de son Jugement de Pâris et de son Ovide en belle humeur , avec une figure et un costume qui ne donnent pas une idée trop avantageuse de sa personne au point de vue physique et moral .",
                  "id": "18",
                  "title": "Oeuvres comiques, galantes et littéraires de Cyrano de Bergerac (Nouvelle édition revue et publiée avec des notes)"
            },
            {
                  "doc_url": "https://gallica.bnf.fr/ark:/12148/bpt6k5701634v",
                  "emotions": [
                        "surprise",
                        "joy",
                        "anger",
                        "fear",
                        "annoyance",
                        "excitement",
                        "pride"
                  ],
                  "excerpt": ".Pascal poussa un cri , ses yeux s ' obscurcirent , il tendit vaguement les bras , il sentit sur ses lèvres les cheveux doux et parfumés d ' Anloinette , une ivresse triomphante le saisit , et il lui sembla qu ' il était omporlé en plein ciel .Pascal et sa femme se sont installés à Paris : ils passent tous les ai , s été à Clairefont .",
                  "id": "19",
                  "title": "Les batailles de la vie. Partie 2 / par Georges Ohnet"
            },
            {
                  "doc_url": "https://gallica.bnf.fr/ark:/12148/bpt6k64192x",
                  "emotions": [
                        "surprise",
                        "anger",
                        "doubt"
                  ],
                  "excerpt": "qui semMent les t ! ehM vtvattts de notro bonheur .Oh ! l n ' est - ce pas , ! ~ nse , dit Angnste nv < ' c omour , – ve ! r naitro et ge d < SwtoppMf sous ses yeux ces fratche ~ neurs du matin do la vie , qui embellissent son couchant de tour éclat et de leur parfum .N ' e ~ - ce pas ~ ma M ~ n - atm ~ ot Et Auguste , pressant avec h tfase la main de la mapqutso , chochait en vain son doux rcgmd ; car L < ~ ut \" e , tKmManto et doueeme ) tt < ! mue , tcn ) dtSt ' 8bt ' amycu ! tconthmet ) cmc ) Mb .",
                  "id": "20",
                  "title": "Latréaumont (Nouvelle édition) / Eugène Süe"
            }
      ]
}