{
      "articles": [
            {
                  "doc_url": "https://gallica.bnf.fr/ark:/12148/bpt6k5662968d",
                  "emotions": [
                        "surprise"
                  ],
                  "excerpt": "« J ' acquiesçai volontiers à sa gracieuse invitation et nous nous dirigeâmes vers un lieu isolé , en dehors de la ville .Quelle ne fut pas ma surprise en voyant là , tout préparé , un appétissant gâteau au miel , exhalant un délicieux parfum .Je ne pus résister à la tentation et me mis à déguster un morceau de cette pâtisserie dorée , croustillante .",
                  "id": "1",
                  "title": "La perle du Maghreb (Tlemcen) : visions et croquis d'Algérie / Charles Barbet"
            },
            {
                  "doc_url": "https://gallica.bnf.fr/ark:/12148/bpt6k65198949",
                  "emotions": [
                        "surprise",
                        "gratitude",
                        "disappointment"
                  ],
                  "excerpt": "Tu sais , mon beau parterre où les fleurs jamais lasses , Avec fatuité , brillaient leurs coloris : Lazulitte , turquoise , améthyste , rubis , Dans la verdure ainsi des reliques en châsses ! Où ces jalouses fleurs , pour éclipser les Grâces , Faisaient de la rosée un fard du plus haut prix , Afin de velouter leur satin , au mépris Du soleil radiant les nubeuses crevasses .Les pistils embaumaient , en déversant chacun Des souffles de leur âme un délicat parfum ! Tu parus ! Ce ne fut plus qu ' une nécropole .Et tu rougis pourquoi ? lorsque toutes ces fleurs , Confuses à tes pieds , refermant leur corolle , Perdirent leur parfum , leurs charmes , leurs couleurs .",
                  "id": "2",
                  "title": "Les poésies fantaisistes (1886-1893) / Gabriel Martin"
            },
            {
                  "doc_url": "https://gallica.bnf.fr/ark:/12148/bpt6k6534184h",
                  "emotions": [
                        "surprise",
                        "annoyance",
                        "disapproval",
                        "gratitude",
                        "doubt",
                        "curiosity",
                        "disappointment"
                  ],
                  "excerpt": "Si nous ignorons les causes qui ont présidé à chaque détail de la création , nous sommes tentés à tout instant de critiquer la nature et son docte auteur , dont nous admirerions le pinceau fidèle , si nous savions déterminer par analogie le sens de leurs tableaux .En voyant un réséda , chacun s ' écrie : « Quel dommage que cette fleurette si odorante ne soit pas un peu plus ornée , qu ' elle n ' ait pas de brillants pétales ! et puis ce fatras de capsules presque sans graine , c ' est une surcharge inutile .» Ainsi s ' exprime la raison civilisée ou raison simple qui ne connaît que les effets et non les causes .",
                  "id": "3",
                  "title": "L'Harmonie universelle et le phalanstère, exposés par Fourier.... Tome 2"
            },
            {
                  "doc_url": "https://gallica.bnf.fr/ark:/12148/bpt6k5525288b",
                  "emotions": [
                        "surprise"
                  ],
                  "excerpt": "OH ) est un alphénol éther méthylique de l ' alcool protocatéchique C ' H ^ OHJ ^ CH 8 .OH ) ; par son oxydation on obtient la vanilline C « H , ( OCH3 ) ( OH ) ( COH ) , qui est son aldéhyde et existe dans la vanille dont elle a l ' odeur caractéristique .RÉSUMÉ DU CHAPITRE IV Les phénols dérivent des carbures aromatiques ; ils se combinent aux bases alcalines , possèdent des éthers qui ne se forment qu ' indirectement , et sont transformés par l ' acide azotique en dérivés nitrés .",
                  "id": "4",
                  "title": "Leçons de chimie (chimie générale, chimie organique, analyse chimique) : à l'usage des élèves de première-sciences... (4e édition) / par J. Basin,..."
            },
            {
                  "doc_url": "https://gallica.bnf.fr/ark:/12148/bpt6k6142248p",
                  "emotions": [
                        "surprise",
                        "disgust"
                  ],
                  "excerpt": "> > Sa compagne , en la consolant , Lui fait remarquer une rose Pleine de grâce et de fraîcheur .« Allons respirer son odeur ! « Elles volent soudain , puis reculent d ' horreur En voyant un insecte , immonde créature , Y déposer sa bave impure .Elles ont fui ; mais le hasard , FABLES .",
                  "id": "5",
                  "title": "Fables dédiées à Son Altesse royale Monseigneur le comte de Paris, par Frédéric Jacquier,..."
            },
            {
                  "doc_url": "https://gallica.bnf.fr/ark:/12148/bpt6k62191411",
                  "emotions": [
                        "admiration",
                        "surprise",
                        "joy",
                        "excitement",
                        "gratitude"
                  ],
                  "excerpt": "Les bluets désolés ont tous la larme à l ' œil , Car ils vous pensent mort et ne peuvent pas croire Que vous ayez perdu si vite la mémoire Des entretiens naïfs et des charmants amours Que vous aviez ensemble au midi des beaux jours ! Ami , vous étiez fait pour chanter sous le hêtre , Comme le doux berger que Mantoue a vu naître , La blonde Amaryllis en couplets alternés .De sauvages odeurs vos vers tout imprégnés Sentent le serpolet , le thym et la framboise ; A vos molles chansons le bouvreuil s ' apprivoise , Et , tout émerveillé , du sommeil des ormeaux Descend de branche en branche et vient sur vos pipeaux .Ne faites pas sortir le tonnerre des Gracques D ' une bouche formée aux chants élégiaques ; Laissez cette besogne aux orateurs braillards , Qui , le pied sur la borne et les cheveux épars , Jurent à six gredins , tout grouillants de vermine , Qu ' ils ont vraiment sauvé Rome de la ruine .",
                  "id": "6",
                  "title": "Poésies complètes. 1, Premières poésies, 1830-1832, Albertus, 1832, Poésies diverses, 1833-1838 / Théophile Gautier ; [éd. par Maurice Dreyfous]"
            },
            {
                  "doc_url": "https://gallica.bnf.fr/ark:/12148/bpt6k6139779v",
                  "emotions": [
                        "surprise"
                  ],
                  "excerpt": "Je la conduis droit à ma chambre .- — Dieu I quelle senteur ! — Ah ! lui dis - je , on ne respire pas ici l ' odeur des roses et des viol cttesj quand j ' en aurais dix paniers , il me serait impossible de chasser ces airs fétides et mortifères quis ' exhalent avec abondance des latrines contigues à notre château de guerre .Sur ces entrefaites , on vint m ' avertir de me rendre volontairement à la salle de discipline , pour avoir gravement insulté mes chefs .",
                  "id": "7",
                  "title": "Les Folies d'un conscrit, par J. S. Quesné. Tome 1"
            },
            {
                  "doc_url": "https://gallica.bnf.fr/ark:/12148/bpt6k57372397",
                  "emotions": [
                        "surprise",
                        "curiosity"
                  ],
                  "excerpt": "■ jMUne jMUne au pied d ' un hêtre , Exhalait douce senteur ., La Dame dit : — Qui fait naître Cette si suave odeur ? ..",
                  "id": "8",
                  "title": "Fleurs du printemps, par Charles Catelin"
            },
            {
                  "doc_url": "https://gallica.bnf.fr/ark:/12148/bpt6k57238265",
                  "emotions": [
                        "surprise",
                        "disgust"
                  ],
                  "excerpt": "- Sinon toujours , la respiration est devenue moins fréquente .Jamais la plus légère odeur alcoolique n ' a existé dans l ' haleine .4 ° Système nerveux .",
                  "id": "9",
                  "title": "Essai sur l'emploi thérapeutique de l'alcool chez les enfants et, en général, sur le rôle de cet agent dans le traitement des maladies aiguës fébriles, par le Dr Paul Gingeot,..."
            },
            {
                  "doc_url": "https://gallica.bnf.fr/ark:/12148/bpt6k6461119k",
                  "emotions": [
                        "surprise"
                  ],
                  "excerpt": "Son nom seul , chez quiconque a visité ses bords , Évoque un souvenir de rives enchantées , Qui disputent le prix aux eaux les plus vantées ; Mais , après la Chaussée , œuvre de saint Félix , L ' Erdre prenait soudain l ' air lugubre du Styx .On eût dit qu ' aux abords de la ville , son onde Se gâtait au contact de quelque lèpre immonde , Et la rivière calme aux paysages frais , S ' étalant dans les joncs , n ' était plus qu ' un marais Où , le long des remparts , se traînaient des eaux lentes , Couvertes tout l ' été de vapeurs pestilentes , Et qui , dans Nantes même , offrait èncor l ' aspect D ' une mare croupie et d ' un cloaque infect .Aussi des Petits - Murs au Carrefour du Change , Tous les pignons tournaient le dos à cette fange ; Sauf sur un pont de bois , dont les vieilles maisons Respiraient forcément cet air lourd de poisons .",
                  "id": "10",
                  "title": "Jeanne de Belleville. 1 / par Émile Péhant,..."
            },
            {
                  "doc_url": "https://gallica.bnf.fr/ark:/12148/bpt6k3106135",
                  "emotions": [
                        "admiration",
                        "surprise",
                        "joy",
                        "excitement",
                        "gratitude"
                  ],
                  "excerpt": "SEIZE ANS .On m ’ a dit , ô belle inconnue ! Que vous avez seize ans bientôt , Seize ans ! que de joie ingénue Et que d ’ espoir dans ce doux mot ! Seize ans ! c ’ est avoir dans son àme Un doux murmure intérieur ! C ’ est sentir passer une flamme Sur son front limpide et rieur ! C ’ est au fond de toutes les choses Découvrir de charmants secrets ! C ’ est au sein de toutes les roses Ne sentir que des parfums frais .C ’ est dans un vallon plein de brise Et que diamante un ciel pur , Marcher de surprise en surprise , Sans que rien ne voile l ’ azur .",
                  "id": "11",
                  "title": "Nocturnes, par Henri de Lacretelle"
            },
            {
                  "doc_url": "https://gallica.bnf.fr/ark:/12148/bpt6k6351422k",
                  "emotions": [
                        "surprise",
                        "love",
                        "calmness"
                  ],
                  "excerpt": "Ses cheveux à son front de neige Font comme une auréole d ' cr .Par sa paupière tendre et rose Son œil de pervenche est fermé , Un souffle doux et parfumé Sort de sa bouche demi - close ! .Or , parfum , rose , neige , azur , L ' enfant est une fleur , bien sûr ! Mais voilà l ' enfant qui s ' éveille Et qui s ' ébat joyeusement .",
                  "id": "12",
                  "title": "Les pervenches (Édition elzévirienne) / Georges Gourdon"
            },
            {
                  "doc_url": "https://gallica.bnf.fr/ark:/12148/bpt6k5835877m",
                  "emotions": [
                        "surprise"
                  ],
                  "excerpt": "Au - dessus de nos têtes , un dôme de verdure à travers lequel se glissait parfois en se jouant un clair rayon de soleil qui traçait sur le sol une raie lumineuse .De grands pandanusau feuillage ligneux entre - choquaient leurs branches avec un bruit étrange , et leurs fruits énormes exhalaient un parfum pénétrant .Des massifs d ' orangers et de citronniers en fleur KIANA .",
                  "id": "13",
                  "title": "Ella Wilson, Parley Pratt, Kiana, par C. de Varigny"
            },
            {
                  "doc_url": "https://gallica.bnf.fr/ark:/12148/bpt6k5752711w",
                  "emotions": [
                        "surprise"
                  ],
                  "excerpt": ".haleine upe odeur si agréable que tous ceux qui les approchent en sont frappés .Ce remède mérite vraiment que les rois et les grands en fassent usage : il est bon pour la conservation delà chaleur naturelle ; il garantit le corps de la corruption ; il prévient les funestes influences de l ' air empesté ; il dissipe les flatulences , et il soulage merveilleusement ceux qui sont attaqués de mélancolie .",
                  "id": "14",
                  "title": "Traité de l'impuissance et de la stérilité chez l'homme et chez la femme comprenant l'exposition des moyens recommandés pour y remédier. Tome 1 / par le Dr Félix Roubaud..."
            },
            {
                  "doc_url": "https://gallica.bnf.fr/ark:/12148/bpt6k7184149p",
                  "emotions": [
                        "surprise",
                        "excitement",
                        "doubt"
                  ],
                  "excerpt": "Ei les goût ’ * * de lumière filtrant de bianche en branche , c * les o .seaux qui se chamaillent , les campagnols troliaut menu qui disparaissent soudain sous les feuilles * èches , el la pénétrante odeur des bols , et l ’ orgue du vent ? ..",
                  "id": "15",
                  "title": "L'Électeur poitevin : paraissant le jeudi et le dimanche"
            },
            {
                  "doc_url": "https://gallica.bnf.fr/ark:/12148/bpt6k54069517",
                  "emotions": [
                        "surprise",
                        "nostalgia",
                        "envy",
                        "doubt"
                  ],
                  "excerpt": "48 PREMIÈRES ET DERNIÈRES POÉSIES Hélas ! c ' est un malheur plus encor qu ' un défaut .Que voulez - vous , Messieurs , comme disait Préault , Chaque homme a dans son coeur un cochon qui sommeilli Quand son mufle égrillard s ' est senti chatouiller D ' un suave parfum d ' agréable fumier , Pouvons - nous empêcher que le pourceau s ' éveille ? LES DEUX FLEURS En attendant des jours meilleurs , Elles me gardent ton image , J ' ai pris l ' une sur ton corsage , J ' ai cueilli l ' autre dans nos coeurs .Chaque jour fane davantage .",
                  "id": "16",
                  "title": "Premières et dernières poésies, par René de Labry. 10 janvier 1861-21 février 1882 / [Publié par Eugène Manuel.]"
            },
            {
                  "doc_url": "https://gallica.bnf.fr/ark:/12148/bpt6k65240503",
                  "emotions": [
                        "surprise",
                        "disgust",
                        "fear",
                        "pain",
                        "embarrassment"
                  ],
                  "excerpt": "Je ne puis pas souffrir les choux , dont l ' odeur s ' échappe de toutes les petites boutiques - de la Metschanskaya .Et puis , par - dessous la porte de chaque maison , il sort une odeur tellement infernale que je me suis mis à courir à toutes jambes en me bouchant le nez .Sans compter que ces infâmes artisans font tant de fumée dans leurs ateliers , qu ' il est impossible de se promener dans cette rue .",
                  "id": "17",
                  "title": "Nouvelles russes : Tarass Boulba ; Les mémoires d'un fou ; La calèche ; Un ménage d'autrefois ; Le roi des gnômes / Nicolas Gogol ; traduction française publiée par Louis Viardot"
            },
            {
                  "doc_url": "https://gallica.bnf.fr/ark:/12148/bpt6k54418286",
                  "emotions": [
                        "surprise",
                        "doubt",
                        "curiosity",
                        "faith"
                  ],
                  "excerpt": "» .L ' oranger , au parfum céleste , T ' appelait sous ses fruits dorés ; Les cieux n ' étaient - ils point parés ? Le Guadalquivir disait : « Reste .» Entre tant d ' abris merveilleux , Ton palais semblait le plus digne .",
                  "id": "18",
                  "title": "Les Alhambras... / Zacharie Astruc"
            },
            {
                  "doc_url": "https://gallica.bnf.fr/ark:/12148/bpt6k30444328",
                  "emotions": [
                        "surprise"
                  ],
                  "excerpt": "Onagre ou Œ nothère odorant à grandes fleurs — Ma reconnaissance surpasse vos soins L ’ Œ nothère reste fermé pendant la chaleur du jour , il conserve tous ses parfums pour le soir , moment où celui qui le cultive se promène et vient respirer un air plus frais .NOUVEAU LANGAGE DES FLEURS 137 t C ’ est alors qu ’ on voit le bouton gonflé outre mesure , rompre sa dernière attache , s ’ ouvrir brusquement et montrer aux regards ses quatre larges pétales jaune d ’ or à l ’ odeur suave .Les ânes sont très - friands de cette plante , d ’ où son nom d ’ onagre , herbe d ’ âne : On croyait aussi que son infusion pouvait apprivoiser les bêtes féroces , d ’ où son autre nom d ’ œnothère ou vin de bêtes fauves .",
                  "id": "19",
                  "title": "Nouveau langage des fleurs / par Mlle Emma Faucon"
            },
            {
                  "doc_url": "https://gallica.bnf.fr/ark:/12148/bpt6k6124338q",
                  "emotions": [
                        "surprise",
                        "joy",
                        "love",
                        "optimism",
                        "pride",
                        "relief",
                        "embarrassment"
                  ],
                  "excerpt": "La jeune femme prit ses deux mains dans les siennes , le tourna comme elle voulut .Soudain une chaleur parfumée sembla s ' approcher de son visage , et une bouche effleura sa bouche , lais - 88 LE CHEVALIER sant entre ses deux lèvres la bague qu ' il avait refusée .Ce fut une sensation rapide comme la pensée , brûlante comme une flamme .",
                  "id": "20",
                  "title": "Le chevalier de Maison-Rouge. Tome 1 / par Alexandre Dumas"
            }
      ]
}