{
      "articles": [
            {
                  "doc_url": "https://gallica.bnf.fr/ark:/12148/bpt6k5816025w",
                  "emotions": [
                        "surprise"
                  ],
                  "excerpt": "Les Tuileries , palais des rois pris d ' assaut par le peuple , s ' illuminaient pour des fêtes uùla citoyenne Agar déclamait des vers d ' Auguste Barbier , et où madame Bordas chaulait , sous ces voûtes dorées , les refrains mugissants de la Canaille .On ne saurait d ' ailleurs méconnaître l ' espèce de grandeur sinislre , farouche , de cette antithèse : les Tuileries chaudes de 1a buée populaire , après les bals ruisselants d ' épaules blanches el de capiteuses odeurs .L ' heure était cependant difficile pour la Commune .",
                  "id": "1",
                  "title": "Histoire illustrée de la troisième République... (Edition complète illustrée de nombreuses gravures...) / par Henri Girard,..."
            },
            {
                  "doc_url": "https://gallica.bnf.fr/ark:/12148/bpt6k9760586d",
                  "emotions": [
                        "surprise",
                        "disgust"
                  ],
                  "excerpt": "Je dois même ajouter ici , au sujet de ces canaux , - que le Eulge - TVaur du Namur , n ' a pas été le moins malfaisant pendant toute la traversée , .quoiqu ' il exhaiât une si mauvaise odeur quand nous arrivâmes au port de Porstmouth , que trois eu quatre personnes furent sur le point d ' en être Moquées , en s ' approchant seulement du puits .C ' est pour cela que je ne Maurois trop recommander l ' usage de ces machines , comme une des choses j - es plus utiles dont on puisse pourvoir les vaisseaux du Roi .",
                  "id": "2",
                  "title": "Recueil des oeuvres physiques et médicinales, publiées en anglois et en latin. Tome 1 / , par M. Richard Mead,... traduction française, enrichie des découvertes postérieures à celles de l'auteur, augmentée de plusieurs discours préliminaires et de notes... par M. Coste,..."
            },
            {
                  "doc_url": "https://gallica.bnf.fr/ark:/12148/bpt6k9760586d",
                  "emotions": [
                        "surprise",
                        "sadness",
                        "nervousness",
                        "frustration"
                  ],
                  "excerpt": "Voici un fait qui date de la * dernière peste de Marseille , & qui me paroit propre à prouver combien le courage & la ré - solution sont capables d ' éloigner le danger .Dans le désordre & dans la consternation générale où l ' on étoit , on laissa amasser , dans un endroit de la ville , un nombre infini de corps , morts qui exhaloient une odeur infeste , & con - tribuoient à augmenter la progression de la maladie .Le Gouverneur de la place s ' en apperçut .",
                  "id": "3",
                  "title": "Recueil des oeuvres physiques et médicinales, publiées en anglois et en latin. Tome 1 / , par M. Richard Mead,... traduction française, enrichie des découvertes postérieures à celles de l'auteur, augmentée de plusieurs discours préliminaires et de notes... par M. Coste,..."
            },
            {
                  "doc_url": "https://gallica.bnf.fr/ark:/12148/bpt6k14176709",
                  "emotions": [
                        "surprise"
                  ],
                  "excerpt": "Indépendamment de cette douleur scapulaire et de l ’ état général , je trouvai , au - devant du scrotum , un très petit abcès superficiel dont je fis l ’ ouverture .Quoique l ’ urine sortit librement , je plaçai une sonde flexible dans l ’ urèthre , frappé que je fus des caractères do l ’ urine , qui était d ’ un jaune orangé foncé et un peu fétide .Du reste , ii y avait a f épaule une douleur excessive , avec tuméfaction et rongeur considérables .",
                  "id": "4",
                  "title": "Le Moniteur des sciences médicales et pharmaceutiques / rédacteur en chef M. H. de Castelnau"
            },
            {
                  "doc_url": "https://gallica.bnf.fr/ark:/12148/bpt6k5460926z",
                  "emotions": [
                        "surprise",
                        "doubt",
                        "curiosity"
                  ],
                  "excerpt": "Un soir ( temps que choisit la fantasmagorie ) Un capucin prêchait sur la coquetterie .D ' abord le révérend de tout son attirail Fait en mois doucereux le fastueux détail ; Puis , prenant par degrés une voix foudroyante : Eh ! pour qui tout ce fard , tous ces parfums divers ? Pour qui ces diamans , celle plume brillante ? Pour un front qui dans peu , dévoré par les vers , De ses adorateurs deviendra l ' épouvante .Oui , mortels , que séduit l ' éclat do la beauté , Regardez : la voilà votre divinité ! Il dit , et lout - à - coup , pompeusement parée , Se montre sur la chaire une tète de mort .",
                  "id": "5",
                  "title": "Opuscules d'un vieillard champenois (par N.-R. Camus-Daras)"
            },
            {
                  "doc_url": "https://gallica.bnf.fr/ark:/12148/bpt6k3040154k",
                  "emotions": [
                        "surprise",
                        "disgust"
                  ],
                  "excerpt": "Or fi les diamans qui font les corps les plus ferrés & les plus durs de la nature , tranfpirent - , s ’ il en eft de même de tous les minéraux , comme on n ’ en peut pas douter , par l ’ infalubrité de l ’ air que l ’ on refpire dans les endroits où il y a des mines , que fe - ra - ce des végétaux , & fur - tout des aromatiques , qui répandent au long & .au large une odeur qui affefte même les hommes , encore qu ’ ils n ’ aient pas l ’ odorat , à beaucoup près , fi fin & fi fubtil que les animaux .Que fera - ce ennn des animaux , dont les parties par leur propre ftru & ure font dans une agitation perpétuelle ? La tranfpiration » si ' Ci ■ A C 59 ) des corps eft en raifon réciproque avec la délicatefle & les mouvemens de leurs parties , ce que l ’ expérience confirme , en nous faifant voir que les corps froids tranfpirent moins que les ■ K chauds , que les cadavres ne tranfpirent jamais pkis que dans l ’ état de la corruption , où on y apperçoit une chaleur fenfible .",
                  "id": "6",
                  "title": "Les botaniques, ou Les parties de plaisir des étudiants en médecine de l'Université de Pau, dans la recherche des plantes . Ouvrage utile à toutes sortes de personnes. Par M***,..."
            },
            {
                  "doc_url": "https://gallica.bnf.fr/ark:/12148/bpt6k937846m",
                  "emotions": [
                        "surprise",
                        "disgust",
                        "fear"
                  ],
                  "excerpt": "Guéthary murmura à l ' oreille de Luc : — Ce cher Condamin 1 il ne dit pas tout , il oublie volontairement le revers de la médaille .Le petit éphèbe aux cheveux collés s ’ écria d ' une voix molle et féminisée : — Et puis ces femmes ont une odeur insupportable ! Oh ! cette odeur des femmes , cette odeur 1 Il agita des mains exsangues et parut prêt à dé faillir .— Oui , fit Collonges , railleur et pincé , il y a un m ot de Chamfort là - dessus .",
                  "id": "7",
                  "title": "L'agonie de l'amour : roman / Edmond Jaloux ; hors-texte de Ciolkowski"
            },
            {
                  "doc_url": "https://gallica.bnf.fr/ark:/12148/bpt6k2009565",
                  "emotions": [
                        "surprise",
                        "nervousness"
                  ],
                  "excerpt": "Et elle n ' était plus triste .Par moment elle cntr ' ouvrait les lèvres ; la légère odeur d ' anisette encore une fois montait .Elle était la chair heureuse des Flandres .",
                  "id": "8",
                  "title": "Le petit homme de Dieu : roman / Camille Lemonnier"
            },
            {
                  "doc_url": "https://gallica.bnf.fr/ark:/12148/bpt6k65346810",
                  "emotions": [
                        "surprise",
                        "love",
                        "nostalgia"
                  ],
                  "excerpt": "Le vent fraîchit ; là - bas à voix très basse , il pleure Sur la pelouse étroite et le feuillage noir ; J ' écoute , le front nu dans l ' ombre , sans rien voir , Le bruissement confus des feuilles qu ' il effleure .De très loin , un parfum humide de lilas M ' arrive tout à coup , lourd d ' une tiède ivresse ; La pluie amoureuse à la longue caresseBerce d ' un frissonnant murmure mon cœur las .0 sanglot douloureux des tendresses perdues Que ne peut retenir notre cœur frémissant ! Ton chant de désespoir s ' élève gémissant Dans la nuit profonde où les voix se sont tues .",
                  "id": "9",
                  "title": "Couleur du temps (1912-1920) / Hilaire Launais"
            },
            {
                  "doc_url": "https://gallica.bnf.fr/ark:/12148/bpt6k58366547",
                  "emotions": [
                        "surprise",
                        "disgust",
                        "excitement",
                        "greed"
                  ],
                  "excerpt": "Ils vont se renversant tous sans dessous dessus , Et chacun d ' eux veut avoir le dessus .Cette supposée merveille du monde , Amoncelée ainsi pendant six ans , Vint à pourrir , exhalant de ses flancs Des senteurs nauséabondes ; Jusqu ' au jour où , avec éclat , Avec grand bruit et grand fracas , ! On vit s ' ébouler sur la terre La Babel des pommes de terre ! Voilà quel fut le châtiment — 32 — De cette abjecle et misérable race , Pour son orgueil si insolen t Et son avidité rapace .De toute oeuvre d ' étroit égoïsme ici - bas Le lien ainsi se dénoué , Mais de celle - ci il ne resta Qu ' un grand amas de boue .",
                  "id": "10",
                  "title": "Fables et poésies polonaises / publiées par le comte V.-H. de Rochetin. Précédées d'une lettre de Henri Martin"
            },
            {
                  "doc_url": "https://gallica.bnf.fr/ark:/12148/bpt6k267801m",
                  "emotions": [
                        "surprise",
                        "disgust"
                  ],
                  "excerpt": "Par Mahomet , disait Mahmoud , voilà de bien beaux janissaires , c ' est dommage qu ' ils ne sentent pas la rose .Et le sultan se bouchait le nez car , héréditairement , les souverains de la Porte Ottomane possèdent un odorat d ' une finesse extraôidinaire , et ce jour - là le camp de l ' armée auxiliaire avait un parfum indéfinissable de vieilles bottes .La chaussure des soldats russes , est très ( mal tenue .",
                  "id": "11",
                  "title": "Le Figaro : journal littéraire : théâtre, critique, sciences, arts, moeurs, nouvelles, scandale, économie domestique, biographie, bibliographie, modes, etc., etc."
            },
            {
                  "doc_url": "https://gallica.bnf.fr/ark:/12148/bpt6k65399286",
                  "emotions": [
                        "surprise"
                  ],
                  "excerpt": "Elle offre généreusement ses trésors , prête à se défendre cependant contre toute profanation ; mais , hélas ! les blessures que font ses aiguillons , loin de calmer la convoitise , l ' excitent au contraire , et n ' en garantissent pas toujours la pauvre fleur .L ' agaçante violette qui se cache sous les buissons épineux pour se garantir des familiarités que semble provoquer son parfum pénétrant , a surpris quelque chose aux tourbillons des femmes coquettes .Plus personnelles encore , d ' autres , comme la tubéreuse , tiennent à distance l ' indiscret qui veut s ' emparer d ' elles , en l ' enveloppant de leurs émanations subtiles qui donnent le vertige .",
                  "id": "12",
                  "title": "Les goûters de la grand-mère (4e édition) / par Mme Z. Carraud ; ouvrage illustré de 18 grandes vignettes, par Emile Bayard"
            },
            {
                  "doc_url": "https://gallica.bnf.fr/ark:/12148/bpt6k2205640",
                  "emotions": [
                        "surprise",
                        "disgust",
                        "doubt",
                        "embarrassment"
                  ],
                  "excerpt": "» En disant ces paroles , je serrai Socrate dans mes bras , et je le baisai de tout mon cœur .Mais lui , frappé de l ' odeur répandue par la liqueur infâme dont les sorcières m ' avaient infecté , me repousse rudement : « Arrière , dit - il , quelle odeur des plus dégoûtantes latrines ! » Et il se met à me demander en riant qui m ' avait ainsi parfumé ? Dans mon embarras , je lui improvisai une mauvaise plaisanterie , et détournant de nouveau son attention vers un autre sujet , je lui frappai sur l ' épaule .« En route , dis - je , c ' est un plaisir de voyager de grand matin .",
                  "id": "13",
                  "title": "Histoire des hôtelleries, cabarets, hôtels garnis, restaurants et cafés, et des anciennes communautés et confreries d'hôteliers, de marchands de vins, de restaurateurs, de limonadiers, etc.. Tome 1 / par Francisque Michel,... et par Édouard Fournier,..."
            },
            {
                  "doc_url": "https://gallica.bnf.fr/ark:/12148/bpt6k65346810",
                  "emotions": [
                        "surprise",
                        "joy",
                        "grief",
                        "nostalgia",
                        "excitement",
                        "gratitude",
                        "doubt"
                  ],
                  "excerpt": "Le vent léger qui sent le sel et l ' algue et l ' eau Eparpille le vol blond de tes boucles folles , Tandis que nous suivons au loin les courbes molles D ' une voile qui rentre et monte avec le flot .Les yeux sur l ' horizon où ton regard se perd , Tu humes l ' enivrante odeur de la mer grise , Cependant que d ' un œil furtif et par surprise Je contemple ta silhouette sur la mer , Heureux quand la caresse inégale du vent , Lasse de chiffonner la robe ou le corsage , Te jette brusquement son haleine au visage Et plaque , d ' un baiser brutal , ton corps vivant .XXVII SÉRÉNADE ROMANTIQUE Le clair de lune laiteux Baigne la place endormie ; Sous une porte , ma mie , Je me cache tout honteux .",
                  "id": "14",
                  "title": "Couleur du temps (1912-1920) / Hilaire Launais"
            },
            {
                  "doc_url": "https://gallica.bnf.fr/ark:/12148/bpt6k5623710q",
                  "emotions": [
                        "surprise",
                        "nostalgia"
                  ],
                  "excerpt": "Ma stupeur augmenta quand j ' entrai dans l ' hôtel de lord Wolston , j ' osais à peine poser les semelles de mes gros souliers sur les riches tapis qui gar - .nissaient les parquets ; j ' étais tout étonné de ne plus respirer les parfums peu aromatiques du gin et du tabac ; les cristaux des lustres , les tableaux qui couvraient les murailles , l ' or qui étincelait sur les moulures des boiseries , me faisaient croire que j ' étais transporté dans un pays de fées ; enfin , j ' entrai dans un petit N ' AMASSE PAS MOUSSE .137 salon , et me trouvai en présence de lord Wolston .",
                  "id": "15",
                  "title": "Soirées d'hiver : histoires et nouvelles / par É. de La Bédollièrre"
            },
            {
                  "doc_url": "https://gallica.bnf.fr/ark:/12148/bpt6k6431502v",
                  "emotions": [
                        "surprise",
                        "anger",
                        "courage",
                        "pain",
                        "embarrassment"
                  ],
                  "excerpt": "La douleur Tout d ' abord m ' empêcha de chasser le voleur .Quand soudain , défendant ma fragile carcasse , Je lui lance avec fruit un coup de pied qui casse , Les trois dents de devant de l ' indigne suppôt Qui , larmoyant , s ' en fut honteux , au petit trot , Infectant et la plaine et la source voisine Par de honteux parfums qu ' il lâchait en sourdine , Jurant un peu trop tard de n ' être plus surpris , Flairant la peau d ' un âne , et recevant pour prix De son vil attentat une bonne ruade Qui fit de sa frimousse une ample marmelade .Il m ' a fallu payer un honnête dindon , Vétérinaire au bourg , qui me soigne à raison De six sols par visite , et guérit comme un ange .",
                  "id": "16",
                  "title": "Les animaux philosophes : dialogues des bipèdes et des quadrupèdes précédés d'une préface rédigée par un honnête chein barbet, et transcrite par son fidèle ami le caniche Azor / par Achille Marminia,..."
            },
            {
                  "doc_url": "https://gallica.bnf.fr/ark:/12148/bpt6k96012008",
                  "emotions": [
                        "surprise",
                        "disgust",
                        "doubt",
                        "embarrassment"
                  ],
                  "excerpt": ".Qu ' ai - je dit ? — Cette fleur de disgrâce Que l ' on nomme souci chez les floriculteurs , Apporterait céans de trop acres senteurs ; Dans nos bouquets du jour elle n ' a pas sa place .Au Décalogue saint , un article précis Assure longue vie à l ' enfant bien fidèle ; A ce compte , cher Père , une vie immortelle Est presque garantie à chacun de vos fils .",
                  "id": "17",
                  "title": "Souvenirs des noces d'or de M. l'abbé Adrien Rouziès, chanoine archiprêtre de Villefranche-Lauraguais : 19 décembre 1878"
            },
            {
                  "doc_url": "https://gallica.bnf.fr/ark:/12148/bpt6k10982492",
                  "emotions": [
                        "surprise"
                  ],
                  "excerpt": "L ' huile de schiste , dont I odeur est bien connue , fait mourir les arbres et les plantes .Les intestins frais des animaux , qui puent étrangement .on le sait , font mourir souvent les ' egétaux dont ils touchent les racines , tandis qu en les éloignant un peu de ces racines .",
                  "id": "18",
                  "title": "Dictionnaire d'agriculture pratique comprenant tout ce qui se rattache à la grande culture, au jardinage, à la botanique, à la culture des arbres et des fleurs, à la chimie, à la médecine humaine et vétérinaire, à l'entomologie, à la géologie, et à la mécanique agricole ; par M. P. Joigneaux, auteur de la Chimie du cultivateur, d'un traité des engrais, etc., et M. C. Moreau, docteur en médecine. Tome premier [-second]"
            },
            {
                  "doc_url": "https://gallica.bnf.fr/ark:/12148/bpt6k5551233z",
                  "emotions": [
                        "surprise"
                  ],
                  "excerpt": "' Cependant , si le soleil n ' avait pas encore paru , le jour s ' était fait .Soudain des colonnes de nuées épaisses s ' élevèrent , et , couchées par le vent , s ' étendirent dans le ciel , denses , noires , formant des nuages opaques dont l ' odeur suffocante prit bientôt à la gorge tous les spectateurs de ce nouveau prodige .- La nuit se fit plus sombre à mesure que ces nuées s ' étendaient , d ' un bout à l ' autre de l ' horizon .",
                  "id": "19",
                  "title": "Le secret du dompteur : grand roman d'aventures / par Louis Noir"
            },
            {
                  "doc_url": "https://gallica.bnf.fr/ark:/12148/bpt6k9785400n",
                  "emotions": [
                        "surprise",
                        "disgust"
                  ],
                  "excerpt": "Je désobéis 8c la donnai entière , le foyer de l ' inflammation sorrit .Je n ' ai jamais senti une odeur st infecte .Il y avoit abondance de longues glaires putrides , vertes , jaunes , 8cc .",
                  "id": "20",
                  "title": "Traité de la vraie cause des maladies, et maniere la plus sûre de les guérir par le moyen d'un seul reméde . Par messire Jean-Gaspard d'Ailhaud..."
            }
      ]
}