{
      "articles": [
            {
                  "doc_url": "https://gallica.bnf.fr/ark:/12148/bpt6k3065906c",
                  "emotions": [
                        "surprise",
                        "grief",
                        "sadness",
                        "fear",
                        "nervousness",
                        "despair",
                        "pain",
                        "disappointment"
                  ],
                  "excerpt": "Léchant les verts sapins avec un rire amer , La mer aux vastes flots baigne leurs pieds , la mer Douloureuse , où , groupés de distance en distance , Accourent les vaisseaux de l ’ empereur Constance .Tout à coup , ô terreur ! ô deuil ! au bord des eaux La terre s ’ épouvante et jusque dans ses os Tremble , et sur sa poitrine âpre , d ’ effroi saisie , Se répand un parfum céleste d ’ ambroisie .Un grand souffle éperdu murmure dans les airs ; Une lueur vermeille au fond de ces déserts Grandit , mystérieuse et sainte avant - courrière , O vastes cieux ! et là , marchant dans la clairière , Luttant de clarté sombre avec le jour douteux , Meurtris , blessés , mourants , sublimes , ce sont eux , Eux , les grands exilés , les dieux .",
                  "id": "1",
                  "title": "Le Parnasse contemporain : recueil de vers nouveaux"
            },
            {
                  "doc_url": "https://gallica.bnf.fr/ark:/12148/bpt6k54740538",
                  "emotions": [
                        "surprise",
                        "disgust"
                  ],
                  "excerpt": "Au bout d ' un temps très variable , plusieurs mois en général , apparaît un nouveau symptôme , la mauvaise odeur .D ' abord à peine perceptible , légèrement fadasse , elle devient rapidement fétide , révoltante ; c ' est une odeur de pourriture , de putréfaction , d ' une ténacité désespérante qui caractérise l ' ozène spécifique Souvent , à cette période , le malade accuse une céphalée gravative , à exacerbation nocturne , accompagnée de névralgies sus - orbitaire et naso - lobaire FIG .125 .",
                  "id": "2",
                  "title": "Traité des maladies du nez / par le Dr A. Ménier,... ; introduction de M. le professeur S. Duplay ; préface de M. le Dr A. Castex,..."
            },
            {
                  "doc_url": "https://gallica.bnf.fr/ark:/12148/bpt6k91726p",
                  "emotions": [
                        "surprise",
                        "excitement"
                  ],
                  "excerpt": "où ils voulaient descendre dans un caveau .Je trouvai l ' église « infectée d ' exhalaisons putrides ; je fis sur - le - champ murer « l ' ouverture du caveau .« Après avoir fait fermer les fenêtres , je plaçai au milieu de « l ' église un grand vase de terre contenant 6 livres de sel marin « et 3 livres d ' acide sulfurique ( l ) .",
                  "id": "3",
                  "title": "Traité des désinfectants sous le rapport de l'hygiène publique : leur application à la désinfection de l'air, à l'assainissement des habitations, des hôpitaux, des étables, à la désinfection des plaies, etc. / par M. A. Chevallier,..."
            },
            {
                  "doc_url": "https://gallica.bnf.fr/ark:/12148/bpt6k9742188x",
                  "emotions": [
                        "surprise",
                        "embarrassment"
                  ],
                  "excerpt": "A la racine de la mandibule et s ' enlevant souvent avec elle , serait un gros follicule sécrétant un liquide lubréfiant de la pituitaire .Chose très étrange pour un appa - reil olfactif , ce liquide serait âcre , rougissant la teinture de tournesol et ayant , lorsqu ' on le retire du follicule , une odeur aromatique ( i ) .VII .",
                  "id": "4",
                  "title": "Les abeilles : organes et fonctions, éducation et produits, miel et cire (3e édition) / par Maurice Girard,..."
            },
            {
                  "doc_url": "https://gallica.bnf.fr/ark:/12148/bpt6k45516794",
                  "emotions": [
                        "surprise",
                        "gratitude"
                  ],
                  "excerpt": "On a recouvert le malade et fixé les poids tirant la jambe .La grosse dame rentre , asperge le lit d ’ eau de Cologne : — Oh ! mon 87 , vous êtes mieux , n ’ est - ce pas 1 Un bruit sourd lui répond , et une odeur nouvelle se dégage , pénétrante , révélant un nouveau désaste .Tout serait à recommencer .",
                  "id": "5",
                  "title": "L'Ancien combattant de l'Ardèche : journal hebdomadaire... [\"puis\" organe hebdomadaire des forces de gauche]"
            },
            {
                  "doc_url": "https://gallica.bnf.fr/ark:/12148/bpt6k63830714",
                  "emotions": [
                        "surprise",
                        "fear"
                  ],
                  "excerpt": "— Oh ! non , Charlotte , non , répliqua l ' Archi - prêtre , sur tous les traits duquel se lisait , en ce moment , l ' expression d ' une tristesse infinie , non , ce n ' était pas du dédain , c ' était de la crainte , c ' était de l ' effroi , c ' était de la terreur que vous m ' inspiriez .Car , moi aussi , de l ' heure où , pour la première fois , mes regards eurent rencontré les vôtres , je compris qu ' un sentiment nouveau , inconnu , terrible , s ' éveillait dans mon cœur , et que désormais les trop brûlantes effluves de mon sang allaient mettre en péril ma chasteté de prêtre .Pour apaiser cette dangereuse révolte de mes sens , j ' eus recours au jeûne , aux macérations , à la prière surtout .",
                  "id": "6",
                  "title": "La Tour Saint-Jacques de Paris. Tome 1 / Docteur Briois"
            },
            {
                  "doc_url": "https://gallica.bnf.fr/ark:/12148/bpt6k5467991q",
                  "emotions": [
                        "surprise",
                        "curiosity"
                  ],
                  "excerpt": "Le coeur qui s ' isole En vain se désole : Car l ' oiseau joyeux , L ' oiseau qui s ' envole , Se retrouve aux cieux ! FLEUR RÊVÉE De prés en prés , de grève en grève , Je cherche , sans repos ni trêve , Une fleur , céleste rayon , Une fleur que j ' ai vue en rêve , Et dont je ne sais pas le nom 1 J ' ai vu , dans un songe charmant , Une fleur si fraîche et si belle , Que mon âme encor pleine d ' elle En garde le rayonnement .Avril nous verse avec mystère Ses trésors les plus parfumés ; Mais rien de pareil , sur la terre , N ' apparut à mes yeux charmés .Son calice est pur et brillant , Et sa corolle est si vermeille Que le papillon et l ' abeille Mouraient de joie en la voyant ; Mis en musique par M .",
                  "id": "7",
                  "title": "Petites Poésies pour les pensionnats. 2e édition / Besse de Larzes"
            },
            {
                  "doc_url": "https://gallica.bnf.fr/ark:/12148/bpt6k5657299t",
                  "emotions": [
                        "surprise",
                        "disgust",
                        "fear",
                        "nervousness"
                  ],
                  "excerpt": "Son oreille fut frappée en même temps d ' un bruit semblable à celui qui se fait quand on remplit les bains , Elle continua à monter , et aperçut de grandes torches de cire en flamme , plantées de distance en distance dans les fentes du roc .Ce spectacle la remplit de terreur , et l ' odeur subtile et violente que les torches exhalaient la firent VATHEK .13 tomber presque sans mouvement à l ' entrée de la grotte .",
                  "id": "8",
                  "title": "Histoire du Calife Vathek. Tome 2 / . Tome premier [-second]"
            },
            {
                  "doc_url": "https://gallica.bnf.fr/ark:/12148/bpt6k1025051k",
                  "emotions": [
                        "surprise",
                        "doubt"
                  ],
                  "excerpt": "L ' Iris , plus éclatante des couleurs du prisme , n ' a - t - elle pas les mêmes droits ; mais l ' Iris est la messagère des dieux , et nous avons besoin d ' une reine qui ne quitte pas ses états .Les parfums de la Tubéreuse ne vous ont - ils pas fait oublier , en un instant , l ' odeur suave dont mon frère le Jasmin voulait charmer vos sens ? Que pourriez - vous décider entre la Pensée qui vous haranguait tout - à - l ' heure , et la simple Violette qui n ' ose se montrer ? Sans doute le velouté de la première à du fixer vos regards ; mais le vrai mérite et la modestie dont la seconde est l ' emblême , réclament votre suffrage .Vous laisserez - vous séduire par l ' or qui resplendit sur la Renoncule et la Jonquille ; mais tout cela n ' est que clinquant , et le Bouton - d ' Or pourrait vous offrir de véritables richesses ; mais les trésors des uns ne font pas le bonheur des autres , ils causent souvent même le malheur de ceux qui les possèdent .",
                  "id": "9",
                  "title": "Histoire des tulipes / par Charles Malo,..."
            },
            {
                  "doc_url": "https://gallica.bnf.fr/ark:/12148/bpt6k68768p",
                  "emotions": [
                        "surprise",
                        "grief",
                        "disgust",
                        "fear",
                        "doubt"
                  ],
                  "excerpt": "Puis , certain jour , l ' un des Administrateurs du Louvre amena dans les galeries anciennes , pour lui en faire les honneurs , une belle personne toute rayonnante de charme .Elle se laissa conduire jusqu ' à la porte des salles de sarcophages hébraïque ~ , mais , quand elle aperçut alignés tous ces blocs funéraires « Oh pas par là , N dit - elle à son guide , avec un délicieux frisson des lèvres , comme si elle avait déjà senti le froid de mort qui planait sur ces reliques de pierre , et , longtemps après qu ' elle fut partie , s ' exhalait encore la traînée de ses parfums vivifiants .Depuis lors , jamais je n ' ai pu pénétrer dans les musées d ' antiques sans les trouver mornes , sans y respirer malgré moi comme un air de nécropole et , si l ' étude m ' y retc - nait trop longtemps , j ' attendais impatient qu ' il vint , pour m ' y distraire , un frais visage de femme ou l ' œil clair d ' un enfant .",
                  "id": "10",
                  "title": "Soeur ainée / Fernand Calmettes ; avec un dessin de l'auteur"
            },
            {
                  "doc_url": "https://gallica.bnf.fr/ark:/12148/bpt6k5567648x",
                  "emotions": [
                        "surprise",
                        "nervousness",
                        "pain",
                        "embarrassment"
                  ],
                  "excerpt": ".j ' aurais dû remarquer plus tôt ses yeux bouffis , son nez flambloyant et son haleine chargée de vin ! ..",
                  "id": "11",
                  "title": "Entre deux paravents, théâtre de société / par Adolphe Mony"
            },
            {
                  "doc_url": "https://gallica.bnf.fr/ark:/12148/bpt6k1035992",
                  "emotions": [
                        "surprise"
                  ],
                  "excerpt": "La femme noire surtout , avec sof ) ifttarissab ) etoquacite , sa curiosité sans bornes , sa coquetterie maladroite , son ctn ' ontcrie cupide , sa dépravation naïve , ses deportemeuts euonte ~ , pfesente autant d ' exagérations monstrueuses des défauts que nous avons pu relever timidement ehex tes Européennes .H ne faut pas s ' étonner que les blancs reviennent si peu puants d ' un ! on ; j ; séjour en Afrique , et je ne suis pas surpris que Stantcy ait été tout récemment , à ce propos , l ' objet des reproches du beau sexe .Enfin le guide que j ' attendais d ' Axim était arrivé et j ' espérais m ' envoler avec lui sur les ' races de Bonnat .",
                  "id": "12",
                  "title": "Le paradis des Noirs : excursions sur les côtes de Guinée / par Charles Hertz"
            },
            {
                  "doc_url": "https://gallica.bnf.fr/ark:/12148/bpt6k65122838",
                  "emotions": [
                        "surprise"
                  ],
                  "excerpt": "« Tenez , voici une gamme de parfums ! » En parlant ainsi , il promena lentement ses doigts sur les touches , en laissant après chaque mouvement un intervalle de temps appréciable .Une succession d ' odeurs , douces , vives , énergiques et violentes , procédant , suivant l ' expression de Boileau , « du plaisant au sévère » , arriva à mes sens olfactifs , distinctement et sans la moindre confusion .« Maintenant , continua l ' inventeur , je vais faire un ac - cord ou plutôt un bouquet .",
                  "id": "13",
                  "title": "Les hôtes du logis / S. Henry Berthoud ; dessins de Yan'Dargent"
            },
            {
                  "doc_url": "https://gallica.bnf.fr/ark:/12148/bpt6k97757346",
                  "emotions": [
                        "surprise",
                        "joy",
                        "pride",
                        "envy",
                        "curiosity"
                  ],
                  "excerpt": "Ainsi chargées de victuailles , les tables se dressaient , Chacune ayant enchâssée au centre l ' image d ' un Dieu .Lorsque dans une antichambre chaque convive Kut senti l ' éponge pleine de fraîcheur , pressée selon son plaisir Par les esclaves qui les servaient , sur ses mains et se : piedy , Et _ les huiles odorantes avec le cérémonial consacré Versées sur sa chevelure , tous se dirigèrent vers le festin En robes blanches , et se placèrent en ordre Autour des couches soyeuses , se demandant avec étonnement D ' où pouvait venir ce fastueux ruissellement et ce torrent de richesses .Douce soupira la musique dans la douce atmosphère Tant que le Grec harmonieux au chant de voyelles Domina parmi les invités , discourant tout bas D ' abord , car le vin commençait à peine il couler .",
                  "id": "14",
                  "title": "Poèmes et poésies / John Keats ; traduction précédés d'une étude par Paul Gallimard..."
            },
            {
                  "doc_url": "https://gallica.bnf.fr/ark:/12148/bpt6k9625947w",
                  "emotions": [
                        "surprise",
                        "disgust",
                        "annoyance"
                  ],
                  "excerpt": "Cet usage est encore en vigueur de notre temps , puisque , dans les ateliers des drapiers où on carde les laines et où on fait les draps , il y a des tonneaux où vont uriner tous les ouvriers , et dans lesquels on laisse l ' urine se putréfier , pour être employée dans cet état .Ayant été un jour visiter ces ateliers , je fus frappé d ' une odeur très - vive et très - désagréable ; je demandai d ' où elle venait , et on me montra un tonneau dans lequel ils sont forcés de rendre leur urine par une loi établie entre eux .— Voici l ' usage qu ' ils en font .",
                  "id": "15",
                  "title": "Encyclopédie des sciences médicales. vol. 12, Essai sur les maladies des artisans / par Ramazzini,... ; traduit du latin avec des notes... par M. de Fourcroy. Traité de la maladie muqueuse / par J.-G. Roederer et Wagler... ; publié par Henri-Auguste Wrisberg,..."
            },
            {
                  "doc_url": "https://gallica.bnf.fr/ark:/12148/bpt6k282074s",
                  "emotions": [
                        "surprise",
                        "doubt"
                  ],
                  "excerpt": "Nos viles pulli nati infelicibus iitisî H2 Aecipe quai contra raleat solatia ferre , Rem pateris modicam et mediocri bile fereodain ; t ' émouvoir la bile , et tu le vois bien , si tu mains , et des cheveux blonds aux boucies jettes les yeux sur de plus grands revers .Com - flottantes et parfumées ? C ' est que la nature est paré à ton dépositaire infidèle , le brigand sa - toujoursla même pour tous ces peuples .Quand , larié , allumant furtivement l ' incendie avec le à l ' aspect des oiseaux de Thrace et de leur nuée soufre , et soudain embrasant les portes des bruyante , le Pygmée court au combat , revêtu maisons compare encore le sacrilége , enle - de ses petites armes quand , trop faible pour ' r vaut de nos temples ces coupes immenses , in - résister , il est ravi dans les airs , et emporté crustées d ' un rouille vénérable , présents of - sous les serres de l ' impitoyable grue , un pareil ferts par les peuples ou ces couronnes consa - spectacle nous ferait éclater de rire ; mais là , crées par un antique roi .",
                  "id": "16",
                  "title": "Oeuvres complètes d'Horace, de Juvénal, de Perse, de Sulpicia, de Turnus, de Catulle, de Properce, de Gallus et Maximien, de Tibulle, de Phèdre et de Syrus : avec la traduction en français / publiées sous la direction de M. Nisard,..."
            },
            {
                  "doc_url": "https://gallica.bnf.fr/ark:/12148/bpt6k9762475w",
                  "emotions": [
                        "surprise",
                        "disgust"
                  ],
                  "excerpt": ".L ' exhalaison putride , l ' odeur forte de ces latrines auroit - elle pu seule lui causer la tnort ? - * * Jr , .v .",
                  "id": "17",
                  "title": "Tables nosologiques et météorologiques très-étenduës, dressées à l'Hôtel-Dieu de Nîmes depuis le 1er juin 1757 jusques au 1er janvier 1762 / par Mr. Razoux,..."
            },
            {
                  "doc_url": "https://gallica.bnf.fr/ark:/12148/bpt6k97678233",
                  "emotions": [
                        "surprise",
                        "grief",
                        "love",
                        "excitement",
                        "gratitude"
                  ],
                  "excerpt": "H .Je vous ai vue errer sous les profonds ombrages ! Une haleine embaumée agitait leurs mirages Au fond du lac tranquille où surnageait l ' aragne , Et je n ' ai plus rien vu de tout ce qui me gagne ; Tout s ' est évanoui par votre silhouette , Je devins amoureux et rompis le poète .Mai 191 .",
                  "id": "18",
                  "title": "Heures de rêve et de guerre : 1914-1916, les carillons et glas de l'adolescence / Henri Grégoire"
            },
            {
                  "doc_url": "https://gallica.bnf.fr/ark:/12148/bpt6k106283b",
                  "emotions": [
                        "surprise",
                        "nostalgia",
                        "excitement",
                        "pride",
                        "nervousness"
                  ],
                  "excerpt": "Il partait , morne , perdu dans une de ces mélancolies terribles qui lui faisaient dans l ' esprit un vide de mort , comme la solitude d ' un cimetière plongé dans la nuit .Vingtquatre heures de ce silence fier et douloureux qui était sa façon de souffrir Mais quand soudain , portée sur les flots par la brise , arrivait à lui cette odeur étrange , qui se dégage des villes africaines et semble en résumer toute la vie dans un âcre parfum , l ' artiste soudain se réveillait , son cœur battait et , comme le soleil à l ' horizon , dans son cerveau les images se levaient rayonnantes .Dès le premier jour .",
                  "id": "19",
                  "title": "Alfred Dehodencq : histoire d'un coloriste / Gabriel Séailles"
            },
            {
                  "doc_url": "https://gallica.bnf.fr/ark:/12148/bpt6k3065701m",
                  "emotions": [
                        "admiration",
                        "surprise",
                        "love",
                        "pride",
                        "gratitude",
                        "doubt"
                  ],
                  "excerpt": ".Comme la volupté , que j ' ai connue à peine , La fleur exhale encore un parfum ravissant ; N ’ est - ce pas sa brûlante haleine ? N ’ est - ce pas de son âme un souffle caressant ? Du ruban qu ’ il m ' offrit que la couleur est belle ! Le ciel n ’ a pas un bleu plus pur ; Non , des cieux le voile d ’ azur Ne me charmerait pas comme elle ! Qu ’ ai - je lu ? ..",
                  "id": "20",
                  "title": "Poèmes et proses / Marceline Desbordes-Valmore ; [préface et notes de Tony Taveau]"
            }
      ]
}