{
      "articles": [
            {
                  "doc_url": "https://gallica.bnf.fr/ark:/12148/bpt6k282088n",
                  "emotions": [
                        "surprise",
                        "annoyance",
                        "pride",
                        "envy",
                        "doubt",
                        "curiosity"
                  ],
                  "excerpt": "C ' était un sang d ' homme , illustre Théblancs puis les regards du peuple se fixent sur sée , qui coulait dans leurs veines ; c ' étaient des Hippolyte , déjàmoins farouche , et qui s ' est pliée hommes dont l ' âme émanait des mêmes astres nu joug conjugal .Les Athéniennes jalouses s ' éton - que la vôtre , dont le corps était formé des mêmes nent et murmurent en secret , en voyant qu ' elle a éléments que vous et Créon leur interdit les osé enfreindre les usages sévères de sa patrie ; que flammes du bûcher et , semblable au père des ses cheveux sont parfumés ; que son sein tout Euménides ou au nocher du Léthé , Il les reentier est caché sous son manteau elles murmu - pousse des bords du Styx ., et les retient suspenrent de ce qu ' une barbare vient se mêler aux dus entre le Ciel et l ' Érèbe ! Hélas ! ô Nature 1 prinnobles enfants d ' Athènes , et donner des fils à son cipe des êtres , qu ' est devenue ta volonté divine ? ennemi .",
                  "id": "1",
                  "title": "Stace, Martial, Manilius, Lucilius junior, Rutilius, Gratius Faliscus, Némésianus et Calpurnius : oeuvres complètes : avec la traduction en français / publiées sous la direction de M. Nisard,..."
            },
            {
                  "doc_url": "https://gallica.bnf.fr/ark:/12148/bpt6k920112q",
                  "emotions": [
                        "surprise",
                        "nostalgia",
                        "doubt",
                        "curiosity"
                  ],
                  "excerpt": "Je déboucle ma ceinture et , debout sur mon siège , je tâte les cylindres , les réservoirs , les radiateurs , il n ' y a rien et ça ne sent rien .Je me retourne , une bouffée d ’ odeur entre dans mes narines ! C ’ est donc dans la nacelle que le feu couve , mais où ? « Voilà le projecteur qui nous cherche ! Pourvu qu ’ il n ’ éblouisse pas Jacques ..",
                  "id": "2",
                  "title": "Les vols émouvants de la guerre / Jacques Mortane"
            },
            {
                  "doc_url": "https://gallica.bnf.fr/ark:/12148/bpt6k8236142g",
                  "emotions": [
                        "admiration",
                        "surprise",
                        "grief",
                        "sadness",
                        "pain"
                  ],
                  "excerpt": "— 504 — Le Verbe est quelquefois , Femme , ta chair ardente ; C ' est le philtre enchanteur , le céleste poison Qui coule dans le sang la luxure mordante Ou fait languir le corps de molle pâmoison ; C ' est le divin baiser qu ' on murmure à l ' oreille , C ' est Daphnis et Chloé , c ' est Vincent et Mireille , C ' est ce je ne sais quoi de tendre et d ' enivrant , Ou bien vague harmonie ou bien rhythme vibrant Qu ' écoute dans son coeur l ' adolescent imberbe Quand il voit les tableaux de femmes de Rembrandt : Lyre , chante la gloire éternelle du Verbe .Mais , ô Verbe , le cri rauque de la tourmente , Les sanglots du captif meurtri dans sa prison , Les parfums des forêts où se donne l ' Amante , Ne sont que l ' oraison du monde , l ' oraison Jeune éternellement , éternellement vieille Dont la splendeur , de l ' aube aux nuits , nous émerveille .Dans la teinte des mers , les clamèurs du torrent , Dans le parfum de Femme en la nature errant Tu dis de l ' Infini le los aime et superbe .",
                  "id": "3",
                  "title": "La Lorraine artiste / directeur E. Goutière-Vernolle"
            },
            {
                  "doc_url": "https://gallica.bnf.fr/ark:/12148/bpt6k65411020",
                  "emotions": [
                        "surprise",
                        "sadness",
                        "nostalgia",
                        "doubt"
                  ],
                  "excerpt": "Pour en goûter la douceur , il eût fallu , sans doute , s ' en aller vers ces pays à noms sonores où les lendemains de mariage ont de plus suaves paresses ! Dans des chaises de poste , sous des stores de soie bleue , on monte au pas des routes escarpées , écoutant la chan - son du postillon , qui se répète dans la montagne avec les clochettes des chèvres et le bruit sourd de la cascade .Quand le soleil se couche , on respire au bord des golfes le parfum des citronniers ; puis , le soir , sur la terrasse des villas , seuls et les doigts confondus , on regarde les étoiles en faisant des projets .Il lui semblait que certains lieux sur la terre devaient produire du bonheur , commeune plante particulière au sol et qui pousse mal tout autre part .",
                  "id": "4",
                  "title": "Madame Bovary : moeurs de province (Édition définitive) / Gustave Flaubert ; suivie des réquisitoire [de Ernest Pinard] ; plaidoirie [de M.-A.-J. Sénard] et jugement du procès intenté à l'auteur devant le tribunal correctionnel de Paris, audiences des 31 janvier et 7 février 1857"
            },
            {
                  "doc_url": "https://gallica.bnf.fr/ark:/12148/bpt6k5550302f",
                  "emotions": [
                        "surprise",
                        "courage",
                        "doubt"
                  ],
                  "excerpt": "petit monta par l ' échelle , ayant derrière lui le meunier et sa fille , qui , n ' ayant plus d ' autre espoir , le suppliaient , chacun à son tour : « Begarde bien , Jean du Guenfol ! Désensorcelle notre moulin ! Regarde bien , regarde tout ! » Le petit fureta dans les coins , parce qu ' il prenait plaisir à visiter le moulin .Il voulut grimper jusqu ' au pivot , et le meunier se courba , disant : « Monte sur mes épaules , petit ; sur ma tête : tu n ' es pas lourd ! Vois - tu quelque chose du côté du pivot ? — Je ne vois rien , dit Jean du Guenfol ; mais je sens l ' odeur de notre ' blé ! » CONTES DE BONNE PERRETTE 135 A ce mot - là , maître Humeau fut si troublé , qu ' il en faillit tomber à la renverse .Il s ' appuya aux murs de bois de son moulin , et dit : « Jean du Guenfol , je te promets .",
                  "id": "5",
                  "title": "Contes de Bonne Perrette / René Bazin"
            },
            {
                  "doc_url": "https://gallica.bnf.fr/ark:/12148/bpt6k5550302f",
                  "emotions": [
                        "surprise",
                        "doubt",
                        "amusement"
                  ],
                  "excerpt": "Je vous le répète , je suis le comte Roger .» Elle sourit ; et , comme le vent soufflait vers elle : « Oh ! dit - elle , quelle étonnante chose ! Nous sommes en plein hiver , et je sens un parfum de lavande ! » Le comte Roger entr ' ouvrit sa tunique brodée , tira le sachet de soie , et montra des fleurs séchées .« Voilà dix - huit ans , petite , j ' ai arraché cette touffe de fleurs à la plus haute tour de mon château .",
                  "id": "6",
                  "title": "Contes de Bonne Perrette / René Bazin"
            },
            {
                  "doc_url": "https://gallica.bnf.fr/ark:/12148/bd6t5111848k",
                  "emotions": [
                        "surprise",
                        "disappointment"
                  ],
                  "excerpt": "Se présenter le matin .HTRFEANUHIEK \" HHDHHHBHHHHEHHHHHHHHHIHHHAVAVVA L A MOD E Pour évoquer les fleurs dans les flacons de parfum , certains parfumeurs mettent une fleur naturelle dans le parfum .D ’ autres font des flacons imitant une fleur .",
                  "id": "7",
                  "title": "Les Échos"
            },
            {
                  "doc_url": "https://gallica.bnf.fr/ark:/12148/bpt6k54820958",
                  "emotions": [
                        "surprise"
                  ],
                  "excerpt": "Cetto sensitivité est plus développée encoro chez les hypnotisés et les somnambules .Braid dit à co propos : « J ' ai vu le sens do l ' odorat si développé chez certains » individus hypnotisés , qu ' ils pouvaient aisément retrou » ver , par co moyen , uno do leurs connaissances dans une » nombreuse société ; aussi lo propriétaire d ' un gant , même » quand lo somnambule no l ' avait jamais vu .Lo sujet sentait » d ' abord lo gant , puis so promenait par la chambre et le » tendait à son propriétaire sans se tromper , sans hésiter , t 1 ) Mûnehener allgemeine Zeitung , i5 , V .",
                  "id": "8",
                  "title": "La magie, science naturelle. La psychologie magique / par le baron Dr Carl Du Prel ; traduit de l'allemand par Nissa ; préface par G. de Fontenay..."
            },
            {
                  "doc_url": "https://gallica.bnf.fr/ark:/12148/bpt6k662753",
                  "emotions": [
                        "surprise",
                        "fear",
                        "nostalgia",
                        "nervousness",
                        "embarrassment"
                  ],
                  "excerpt": "Je vois encore l ' endroit , c ' est là sur ce fauteuil de bois .Je vois sa tête blanche , branlante , j ' entends sa voix , je sens la même odeur de linge séché sur le foin , qui sortait de tamême armoire , pendant qu ' il me parlait .Toute sa figure est dans mes yeux son timbre , son accent dans mes oreiDes Ainsi on revit le passé .",
                  "id": "9",
                  "title": "Aïnhoa : roman de moeurs basques / Pierre Harispe"
            },
            {
                  "doc_url": "https://gallica.bnf.fr/ark:/12148/bpt6k662753",
                  "emotions": [
                        "surprise",
                        "nostalgia"
                  ],
                  "excerpt": "Si elle est calme et recueillie ; tantôt vous la verrez d ' un bleu azuré qui se confond au loin avec le ciel , tantôt d ' un vert tendre , suivi d ' un vert plus sombre , puis d ' un vert glauque , semblable à une immense plaine de prairies mobiles et de champs de luzerne .Tout à coup un bruit frappe votre oreille et ramène vos regards de l ' horizon où ils se baignaient jusqu ' au près de Sainte Barbe le vent vous porte la poussière de l ' écume des flots qui vous enveloppe d ' une odeur d ' algues vertes .C ' est une vague qui s ' est précipitée dans l ' antre profond des rochers , pour bondir , et s ' en retirer en grommelant .",
                  "id": "10",
                  "title": "Aïnhoa : roman de moeurs basques / Pierre Harispe"
            },
            {
                  "doc_url": "https://gallica.bnf.fr/ark:/12148/bpt6k662753",
                  "emotions": [
                        "surprise",
                        "nostalgia"
                  ],
                  "excerpt": "C ' est là qu ' ils allaient s ' asseoir pour respirer l ' air du matin .Au printemps , quand on voyait ces deux jolies têtes , aux yeux noirs et brillants , dans leur niche de verdure et de fleurs , dans ce cadre d ' aubépines et de chèvrefeuilles qui couronnait leur front , et parmi toutes ces émanations qui s ' élevaient des jardins et des prés , et vous enivraient doucement , on se croyait en face d ' une échappée de l ' Eden , sur la terre désolée .C ' est ainsi qu ' auraient dû être tous les fils d ' Eve dans l ' état d ' innocence .",
                  "id": "11",
                  "title": "Aïnhoa : roman de moeurs basques / Pierre Harispe"
            },
            {
                  "doc_url": "https://gallica.bnf.fr/ark:/12148/bpt6k6570520t",
                  "emotions": [
                        "surprise",
                        "embarrassment"
                  ],
                  "excerpt": "Fragonard .venez donc voir les Triboques qui se pâment à l ' odeur du rôti ! » Et là - dessus ils faisaient des signes bizarres , puis allaient reprendre leur place à table ; d ' autres arrivaient la face pourpre , les yeux plissés .Et le festin continuait toujours .",
                  "id": "12",
                  "title": "Contes et romans populaires / Erckmann-Chatrian"
            },
            {
                  "doc_url": "https://gallica.bnf.fr/ark:/12148/bpt6k6570520t",
                  "emotions": [
                        "surprise",
                        "disgust",
                        "fear",
                        "nervousness"
                  ],
                  "excerpt": "On était au milieu de la préparation des boudins : le feu brillait sur l ' âtre ; les grands plats de l ' étagère étincelaient comme des soleils ; le petit Michel tournait sa fourchette dans la marmite avec une régularité merveilleuse ; dame Catherina Windling , les manches retroussées jusqu ' aux coudes , en face du cuveau , levait majestueusement la grande cuiller remplie de lait , de sang , de marjolaine et d ' oignons hachés ; elle versait lentement , tandis que la grosse Soffayel , sa domestique , tenait le boyau bien ouvert , afin que cet agréable mélange pût y entrer et le remplir convenablement .Coucou Peter resta comme pétrifié devant ce délicieux tableau ; il écarquillait les yeux , dilatait ses narines et respirait le parfum des casseroles .Enfin , d ' une voix expressive , il s ' écria : « Grand Dieu ! quelle noce nous allons faire ici ! quelle noce ! » Dame Catherina tourna la tête et fit une exclamation joyeuse : « Ah ! c ' est toi , Coucou Peter , je t ' attendais ! Tu ne manques jamais d ' arriver pour les boudins .",
                  "id": "13",
                  "title": "Contes et romans populaires / Erckmann-Chatrian"
            },
            {
                  "doc_url": "https://gallica.bnf.fr/ark:/12148/bpt6k64848026",
                  "emotions": [
                        "surprise",
                        "doubt",
                        "amusement"
                  ],
                  "excerpt": "— Comment , on répand de tels bruits ? fit Béatrix avec un rire harmonieux .On me prétend donc aussi savante que mon père ? Voilà , en vérité , une excellente plaisanterie ! Non , signor , quoique j ' aie grandi au milieu de ces fleurs , je ne connais guère que leurs couleurs et leurs parfums .Aussi , je vous prie bien de ne pas ajouter foi à ces sottes inventions sur ma prétendue science et de ne croire de moi que ce que vous aurez vu de vos propres yeux .",
                  "id": "14",
                  "title": "Contes étranges / Nathaniel Hawthorne ; trad. de E.-A. Spoll"
            },
            {
                  "doc_url": "https://gallica.bnf.fr/ark:/12148/bpt6k64848026",
                  "emotions": [
                        "surprise",
                        "courage"
                  ],
                  "excerpt": "Il lui sembla que la belle inconnue était une fleur , sœur humaine des autres fleurs , aussi belle , que dis - je , plus belle cent fois que la plus spendide d ' entre elles .Il ob - serva , non sans étonnement , que , bien loin de mettre des gants et de s ' affubler d ' un masque pour approcher des plantes , elle s ' avançait lentement dans l ' allée principale , aspirant leur parfum sans éprouver la plus légère crainte .— De ce côté , Béatrix , lui dit le savant , et voyez combien vos soins sont nécessaires au plus précieux de nos trésors .",
                  "id": "15",
                  "title": "Contes étranges / Nathaniel Hawthorne ; trad. de E.-A. Spoll"
            },
            {
                  "doc_url": "https://gallica.bnf.fr/ark:/12148/bpt6k57436476",
                  "emotions": [
                        "surprise",
                        "doubt"
                  ],
                  "excerpt": "Pourtant la pourpre décore Les cimes des monts velus .Les vapeurs effarouchées Montent des bois chevelus , Et bientôt les fleurs penchées Des prés , ne dormiront plus ! Car voici , par les rivages , Frôlant les herbes sauvages De leurs ailes d ' or subtil , Qu ' Ariel et ses complices Viennent du nocturne exil , Dans les fleurs , à pleins calices , Boire les parfums d ' avril ! MYTHOLOGIE Ce n ' est pas vrai : les bois ne sont pas désertés .Si la Dryade est morte , à quoi bon tant de roses ? S ' il n ' est plus d ' Égipans affolés de clartés , A quoi bon les rayons obliques des Étés ? Quoi qu ' en disent ceux - là qui vivent dans les proses , Si la Dryade est morte , à quoi bon tant de roses ? Ce n ' est pas vrai : les bois ne sont pas désertés .",
                  "id": "16",
                  "title": "La chanson des roses / Robert de La Villehervé ; avec une eau-forte par Georges Sauvage"
            },
            {
                  "doc_url": "https://gallica.bnf.fr/ark:/12148/bpt6k80376p",
                  "emotions": [
                        "surprise",
                        "doubt",
                        "amusement"
                  ],
                  "excerpt": "' – Moi ' ? – Toi .C ' est elle qui t ' a ouvert la porte I – Pas possible ! L ' abbé trouva drôle que celte grande sainteté ne se fût pas annoncée à lui par des signes extraordinaires , Pas la moindre odeur , bien qu ' au dire des hagiograph .es , les saintes , sentent bon .",
                  "id": "17",
                  "title": "L'hystérique / Camille Lemonnier"
            },
            {
                  "doc_url": "https://gallica.bnf.fr/ark:/12148/bpt6k80376p",
                  "emotions": [
                        "surprise",
                        "anger",
                        "annoyance",
                        "envy",
                        "amusement"
                  ],
                  "excerpt": "Tu sais bien qu ' entre nous , un secret est un secret .Orléa se défendait et Camerlin finit par s ' émerveiller de sa d - ïserétion en grognant – Oh ! oh f si jamais on te pince , toil 1 II ne lâchait pas son idée cependant et tout en sirotant le vin parfumé , il lui reparla à ' plusieurs reprises de cette conquête mystérieuse , s ' offrant de parier arec lui qu ' il la découvrirait s ' il voulait s ' en donner la peine .– Sûrement , je n ' irais pas la chercher dans ton béguinage .",
                  "id": "18",
                  "title": "L'hystérique / Camille Lemonnier"
            },
            {
                  "doc_url": "https://gallica.bnf.fr/ark:/12148/bpt6k888788q",
                  "emotions": [
                        "surprise",
                        "love",
                        "gratitude"
                  ],
                  "excerpt": "Tu vas lui préparer son repas ce matin : 28 l ’ esclave ivre Tu lui feras goûter des sauces nonpareilles Et tu lui donneras du nectar de mes treilles .Choisis dans les vieux crûs , et des plus parfumés ! Puis lorsque tu verras ses regards enflammés , — Inévitable effet de ces vins sans mélanges , Rien ne t ’ empêchera de chanter mes louanges ! TROMPETTA Qui ne vous aimerait , ô maître généreux ! massabius , à part .Quand on grise le Peuple , il croit qu ’ il est heureux ! ( Il sort .",
                  "id": "19",
                  "title": "Nouveau théâtre des \"pupazzi\", texte et dessins naïfs, par L. Lemercier de Neuville. 2e édition"
            },
            {
                  "doc_url": "https://gallica.bnf.fr/ark:/12148/bpt6k56284018",
                  "emotions": [
                        "surprise",
                        "love",
                        "doubt"
                  ],
                  "excerpt": "Il nous faut des moyens pour rendre nos - 11 - » pensées , nos sentiments .Le parfum des fleurs que » vous avez déposées sur sa couche funèbre était bien , » n ' est - il pas vrai , mes chers frères , l ' expression ou » plutôt le symbole de vos coeurs émus et reconnais » sants ? » L ' empressement du mardi et du mercredi a redoublé » le jeudi .Vous étiez tous à la sainte messe , célébrée » pour le repos de son âme , aux dernières prières épan » chées sur sa tombe : c ' était votre devoir ; vous l ' avez » compris , vous l ' avez accompli ; la reconnaissance » mêlée à l ' affection vous a conduits .",
                  "id": "20",
                  "title": "Exposé commémoratif de la vie, des funérailles et des bienfaits de Mme Pailloux, née Élisa Haumonté,..."
            }
      ]
}