{
      "articles": [
            {
                  "doc_url": "https://gallica.bnf.fr/ark:/12148/bpt6k626350",
                  "emotions": [
                        "surprise",
                        "pride",
                        "envy",
                        "doubt",
                        "faith",
                        "guilt"
                  ],
                  "excerpt": ") Et , les yeux emplis d ' ivresse extatique , Le prêtre , usurpant au Christ défié L ' hommage royal du dévot cantique , Sur l ' autel qu ' il sert s ' est déifié .Chère , je t ' ai dit des messes hautaines , Sans y croire , ainsi qu ' un prêtre iaauvais , Pour que le regard des foules lointaines Me trouvât très beau lorsque je levais Ëveque vêtu de fières étoffes L ' ostensoir des vers aux riches splendeurs , Et je n ' agitais l ' encensoir des strophes Que pour m ' enivrer avec ses odeurs .LA T ) ~ afJ ? J ? T ~ < DJEU7f Camille Woft .",
                  "id": "1",
                  "title": "Oeuvres de Éphraïm Mikhaël : poésie, poèmes en prose"
            },
            {
                  "doc_url": "https://gallica.bnf.fr/ark:/12148/bpt6k852587b",
                  "emotions": [
                        "surprise"
                  ],
                  "excerpt": "Le Kakalla , qui est une espèce de tablier de plumes de divers couleurs , est un de leur ornement favori ; des bagues , des bracelets , des anneaux d ' ivoire ornent leurs doigts , leurs bras , leurs jambes , leurs oreilles , et toutes les parties de leur corps .On retrouvera sans doute avec étonnement , au bout du monde , chez un peuple sauvage , l ' usage de se farder le visage , de se poudrer les cheveux , de porter des parfums , et de se charger tous les doigts de bagues et d ’ ornemens ; mais le goût de la parure est de tous les pays , et nous voyons tous les jours des peuples qui n ’ ont pas les premières notions de l ’ agriculture et de l ’ architecture , être aussi avancés que les Européens dans l ’ art de la parure .Les habitations des insulaires ne sont pas , à beaucoup près , aussi recherchés que leurs habillemens ; elles suffisent à peine pour les mettre a l ’ abri du soleil et des vents , et presque toujours l ’ eau y trouve passage ; la beauté du ciel a rendu les habitans négligens sur les moyens de se soustraire au mauvais temps .",
                  "id": "2",
                  "title": "Encyclopédie des voyages contenant l'abrégé historique des moeurs, usages... religions... sciences, arts et commerce de tous les peuples et la collection complette de leurs habillemens,... par J. Grasset-St-Sauveur,..."
            },
            {
                  "doc_url": "https://gallica.bnf.fr/ark:/12148/bpt6k852587b",
                  "emotions": [
                        "surprise"
                  ],
                  "excerpt": "Leurs bornes du côté du nord ne sont guères connues : on les étend ordinairement jusques vers la rivière de los Gaina rones , et d ’ autres les poussent jusqu ’ à la rivière de la Plata : du côté de l ’ ôrient , ils sont bornés par la mer du nord , au midi par le détroit de Magellan , et à l ’ occident par la cordelière de los Andes .L ’ air est extrêmement froid sur ces côtes ; la terre n ’ y est couverte d ’ aucun arbre , et semble imprégnée de sel : on y chercheroit vainement un ruisseau d ’ eau douce , et l ’ on voit avec étonnement sur un sol , si peu propre en apparence à îa nourriture et à la population , des troupeaux magnifiques et des hommes qui peuvent être regardés comme les modèles de l ’ espèce humaine .Les traits des Patagons sont fortement prononcés ; leur nez aquilain semble les distinguer des autres indiens , dont ils se rapprochent par la couleur de la peau .",
                  "id": "3",
                  "title": "Encyclopédie des voyages contenant l'abrégé historique des moeurs, usages... religions... sciences, arts et commerce de tous les peuples et la collection complette de leurs habillemens,... par J. Grasset-St-Sauveur,..."
            },
            {
                  "doc_url": "https://gallica.bnf.fr/ark:/12148/bpt6k1248923",
                  "emotions": [
                        "surprise",
                        "doubt"
                  ],
                  "excerpt": "2 g .Qui ^ u une odeur d ' ambre .ambrésin , i .",
                  "id": "4",
                  "title": "Dictionnaire des dictionnaires : encyclopédie universelle des lettres, des sciences et des arts... / sous la direction de M. Paul Guérin"
            },
            {
                  "doc_url": "https://gallica.bnf.fr/ark:/12148/bpt6k5784310j",
                  "emotions": [
                        "surprise",
                        "sadness",
                        "boredom",
                        "love",
                        "relief",
                        "calmness"
                  ],
                  "excerpt": "Tout au fond , entre les pointes du Bellec et de saint Ternol , dont les cimes roses surgissent des buées opalines , l ' eau s ' enfonce en des collines voilées de brumes fuyantes qui donnent encore à la baie plus de profondeur .Et ce spectacle vous imbibe de rêverie molle , il vous pénètre de langueur , comme des lentes caresses , une haleine parfumée de femme amoureusement ensorcelante , comme une attendrissante et berceuse cantilène sussurée à peine d ' une voix très douce .Tout votre corps s ' énerve , toute votre volonté se paralyse , tout votre courage sombre ; on se laisse couler voluptueusement , on s ' enlise avec ivresse .",
                  "id": "5",
                  "title": "Tro-Breiz (tour de Bretagne) / A. Clouard et G. Brault"
            },
            {
                  "doc_url": "https://gallica.bnf.fr/ark:/12148/bpt6k5784310j",
                  "emotions": [
                        "surprise"
                  ],
                  "excerpt": "Et sur le coeur aussi cela tombe , tombe divinement en perles de baume .Par moment , des senteurs de sol , d ' anis et de cytise , arrivent par bouffées , tel un étrange parfum d ' encens .Dans le mystère de celte cathédrale souterraine , on est profondément remué , religieusement ému , saisi d ' une sorte de terreur sacrée ; on se recueille , on s ' absorbe , on garde involontairement le silence , et les matelots eux mêmes se taisent , subjugués ils ne savent pourquoi .",
                  "id": "6",
                  "title": "Tro-Breiz (tour de Bretagne) / A. Clouard et G. Brault"
            },
            {
                  "doc_url": "https://gallica.bnf.fr/ark:/12148/bpt6k58536202",
                  "emotions": [
                        "surprise",
                        "disgust",
                        "fear",
                        "despair",
                        "embarrassment"
                  ],
                  "excerpt": "ISIDORE .Sauvé ! pouah ! quelle odeur ! CAROLINE .Mais , messieurs .",
                  "id": "7",
                  "title": "L'Architecte de ces dames, comédie-vaudeville en 1 acte, par Henri Bocage. (Paris, Variétés, 17 janvier 1869.)"
            },
            {
                  "doc_url": "https://gallica.bnf.fr/ark:/12148/bpt6k5469355d",
                  "emotions": [
                        "admiration",
                        "surprise",
                        "pride",
                        "gratitude",
                        "doubt",
                        "approval"
                  ],
                  "excerpt": ".Que c ' est bien votre nom ! Le souffle de la plaine , Parmi toutes les fleurs qu ' il baise en folâtrant , Est - il donc embaumé comme l ' est votre haleine ? Comme l ' est votre haleine , ..",
                  "id": "8",
                  "title": "Échos et reflets / F. Boissonneau"
            },
            {
                  "doc_url": "https://gallica.bnf.fr/ark:/12148/bpt6k9690630z",
                  "emotions": [
                        "surprise"
                  ],
                  "excerpt": "Car elle vivait en plein air , active et passionnée , aussi éloignée de la langueur indolente de Neapolis que de la majesté pompeuse de Rome .Elle demeurait quelque chose d ' unique et d ' inattendu , une ville à l ' âme , éparse et perverse , éprise de mouvement et de lumière , de cou - leurs , de parfums et d ' or .Les Osques , qui de la pointe de leur épée avaient tracé son enceinte , avaient aussi mis en elle cet amour de la parade et du bruit , ce besoin d ' indépendance et de liberté qui la portait sans cesse à secouer le joug de la métropole , la main trop pesante de Rome .",
                  "id": "9",
                  "title": "La danseuse de Pompéï / par Jean Bertheroy,... ; illustrations d'après les aquarelles de Manuel Orazi"
            },
            {
                  "doc_url": "https://gallica.bnf.fr/ark:/12148/bpt6k5462677v",
                  "emotions": [
                        "surprise",
                        "fear",
                        "courage"
                  ],
                  "excerpt": "Il fut extrêmement effrayé , et crut que cette vision annonçait que les francs - maçons voulaient le faire poignarder , dans la persuasion qu ' il avait révélé leurs secrets , ce qui n ' était pas possible , puisqu ' on ne lui avait révélé aucune lumière lors de sa réception , ses ennemis l ' ayant fait passer pour fou .II se leva brusquement , se mit à la fenêtre , et vit les alentours de la maison garnis de flambeaux ; on lui tira plusieurs coups de fusil , il entendit siffler les balles , il sentit l ' odeur de la poudre , mais il ne fut pas atteint ; une voix fit alors entendre ces mots : On ne lui peut rien , une puissance a conjui - é le charme , et tout disparut .Une autre fois il vit Dieu , Jésus - Christ et les 52 anges , puis il entendit une voix qui lui dit d ' avoir confiance , de tracer une croix blanche sur une pierre , et qu ' il serait délivré de tous les maux qui l ' affligeaient ; que le diable qui était aux ordres de ceux qui l ' avaient maléficié , n ' aurait plus alors aucune puissance sur lui .",
                  "id": "10",
                  "title": "Essai sur les hallucinations : discours prononcé devant l'administration de l'hospice de l'Antiquaille de Lyon, dans sa séance publique du 3 mai 1836 : pour l'ouverture des cours de clinique sur l'aliénation mentale et les maladies syphilitiques / par Alexandre Bottex,..."
            },
            {
                  "doc_url": "https://gallica.bnf.fr/ark:/12148/bpt6k5516107k",
                  "emotions": [
                        "surprise"
                  ],
                  "excerpt": "Si l ' on mélange dans un flacon 1 volume d ' hydrogène bicarboné avec 3 volumes d ' oxygène , cl si l ' on y met le feu , on obtient une violente détonation qui brise le verre : aussi faut - il soigneusement l ' envelopper .Ce gaz , mêlé avec l ' air , formerait également un mélange détonant .Quand on met le feu à un mélange de 1 volume d ' hydrogène bicarboné cl de 2 volumes de chlore , on obtient une combustion du chlore avec l ' hydrogène ayant pour résultat de l ' acide chlorhydrique gazeux ; mais il se forme en même temps un dépôt de charbon sur les parois de l ' éprouvelle .",
                  "id": "11",
                  "title": "Notions de chimie applicables aux usages de la vie (35e édition) / par Honoré Regodt,... ; revues par un agrégé de l'université conformément à la notation atomique"
            },
            {
                  "doc_url": "https://gallica.bnf.fr/ark:/12148/bpt6k6327080p",
                  "emotions": [
                        "surprise",
                        "excitement",
                        "nervousness",
                        "pain"
                  ],
                  "excerpt": "a .sentir l ' haleine de quelqu ' un pop .Fig .",
                  "id": "12",
                  "title": "Nouveau dictionnaire portatif de la langue françoise, ou Vocabulaire rédigé d'après le Dictionnaire de l'Académie et les ouvrages des meilleurs grammairiens, précédé d'une instruction détaillée sur la conjugaison des verbes, d'un traité sur la proposition, et d'une méthode d'analyse grammaticale et logique. Ouvrage dans lequel on trouve 1 la prononciation des mots lorsqu'elle s'écarte de l'usage ordinaire, 2 la formation du pluriel dans les cas d'exception, 3 l'emploi des mots au propre et au figuré, 4 les temps des verbes lorsqu'ils présentent des difficultés ou des irrégularités, 5 la solution des difficultés grammaticales, 6 les termes les plus usités dans les sciences et les arts, 7 les mots nouvellement adoptés par Ch.-Constant Le Tellier, professeur de Belles-Lettres (Deuxième édition revue, corrigée et augmentée)"
            },
            {
                  "doc_url": "https://gallica.bnf.fr/ark:/12148/bpt6k6279496p",
                  "emotions": [
                        "admiration",
                        "surprise",
                        "grief",
                        "love",
                        "nostalgia",
                        "gratitude"
                  ],
                  "excerpt": "« Ta voix , Zaide , est celle du Zéphyre ; D ' un charme pur elle enivre mes sens : Mais apprends - moi quelle savante lyre De ces beaux vers enfanta les accents .Ohl non , jamais roses de poésie , Trésors charmants de grâce et de fraîcheur , De tels parfums n ' embaumèrent l ' Asie ; Ton baiser même aurait moins de douceur .— De Bénamar cet hymne fut l ' ouvrage , Noble sultan ! Chantre de la valeur , H fit briller la consolante image Du jour sans fin dans un monde meilleur .",
                  "id": "13",
                  "title": "Oeuvres complètes de Millevoye. Tome 1 / précédées d'une notice biographique et littéraire, par M. de Pongerville,..."
            },
            {
                  "doc_url": "https://gallica.bnf.fr/ark:/12148/bpt6k62131378",
                  "emotions": [
                        "surprise",
                        "fear",
                        "despair",
                        "frustration"
                  ],
                  "excerpt": "Lorsqu ' on a sectionné le facial qui innerve les muscles des narines , on voit , chez le cheval , les narines inertes s ' abaisser à chaque inspiration obstruer l ' entrée de l ' air .L ' animal s ' efforce en vain - de respirer , il asphyxie la bouche ouverte .* Le chien , au contraire , respire exclusivement par lagueule , lorsqu ' il est haletant ; son larynx est situé bas .",
                  "id": "14",
                  "title": "Compendium de physiologie humaine / par Julius Budge,... ; traduit de l'allemand et annoté... par Eugène Vincent"
            },
            {
                  "doc_url": "https://gallica.bnf.fr/ark:/12148/bpt6k5831458n",
                  "emotions": [
                        "surprise",
                        "pride",
                        "envy"
                  ],
                  "excerpt": "V LE MARCHAND DE TULIPES La tulipe est parmi les fleurs ce que le paon est parmi les oiseaux .L ' une est sans parfum , l ' autre sans voix ; l ' une s ' enorgueillit de sa robe , l ' autre de sa queue .Le Jardin des Fleurs rares et curieuses .",
                  "id": "15",
                  "title": "Gaspard de la nuit : fantaisies à la manière de Rembrandt et de Callot (Nouvelle édition) / par Louis Bertrand ; nouvelle édition augmentée de pièces en prose et en vers... et précédée d'une introduction par Charles Asselineau"
            },
            {
                  "doc_url": "https://gallica.bnf.fr/ark:/12148/bpt6k1269891p",
                  "emotions": [
                        "surprise",
                        "doubt"
                  ],
                  "excerpt": "Maurras , qui voit en lui le théoricien d ' une France décapitée et lui garde à peu près les sentiments et le geste du garde du corps Pâris pour Lepelle - tier de Saint - Fargeau .Vapeurs confuses et mortelles des marais de Marthe ! « Les Orientaux ne voient pas ce que nous voyons , nous autres vieux Français , soutenus de substance grecque et romaine , ils ' ignorent que l ' homme est un facteur , une énergie artiste , un pouvoir modificateur .Le cerveau humain décompose l ' univers pour le recomposer selon ses desseins .",
                  "id": "16",
                  "title": "Trente ans de vie française. 1., Les idées de Charles Maurras (5e éd.) / Albert Thibaudet"
            },
            {
                  "doc_url": "https://gallica.bnf.fr/ark:/12148/bpt6k65192413",
                  "emotions": [
                        "admiration",
                        "surprise",
                        "excitement",
                        "relief",
                        "gratitude"
                  ],
                  "excerpt": "II L ' installation des chantiers du chemin de fer à Clisson et des ouvriers parisiens à l ' auberge du Canard Déplumé lui avait causé une joie indicible , qui s ' était encore augmentée quand il vit à quels compagnons il avait affaire et quand il reconnut la science profonde que Pruneau apportait dans la confection du mêlé ; il s ' était lié de préférence avec le barricadier et avait été jusqu ' à lui offrir un jour de lui prêter son écumoire à régulariser le mélange ; mais Pruneau avait repoussé dédaigneusement cet instrument trop mécanique et insuffisant selon lui ; d ' une main que sa vieillesse anticipée n ' avait pas rendue vacillante , il tenait haut la carafe et versait directement en augmentant ou en diminuant le volume du filet d ' eau , selon que son oeil exercé , examinant la mixtion , le jugeait nécessaire .Aussi quel arôme délicat , séducteur , particulier exhalait une purée sortant des mains de Pruneau ! – C ' est un beurre ! un vrai miel ! s ' exclamait le vicomte qui s ' inclinait devant une telle perfection et cherchait vainement à l ' atteindre .Le haut et puissant seigneur de Montigné ne resta pas longtemps seul en tête - à - tête avec sa chope .",
                  "id": "17",
                  "title": "Un Parquet en province, étude de moeurs judiciaires, par M. B. Arbré de La Roche,..."
            },
            {
                  "doc_url": "https://gallica.bnf.fr/ark:/12148/bpt6k5525354w",
                  "emotions": [
                        "surprise"
                  ],
                  "excerpt": "C ' est comme je vous le dis , mademoiselle , appuya - l - il d ' un accent qui avait sa bienveillance et sa fermeté .— Oh ! racontez - nous cela , je vous prie , docteur ! s ' écria M ° ' ° Dalzonnc : que vous estil donc arrivé à Nantcrrc ? A l ' odeur seuïo d ' une histoire les sièges se rapprochèrent du cercle de Mn , c Dalzonnc : Lejeune oublia de poursuivre la recherche de sa maladie ; MUc de Dcaupréau CHAPITRE 111 .81 ) laissa flotter sa broderie , éternel chef - d ' oeuvre que les plus vieux pensionnaires n ' avaient pas vu commencer ; Mw ? Musquette cessa de tricoter l ' interminable bas à jour qu ' elle étendait à chaque minute sur elle pour qu ' on ne doutât pas de l ' embonpoint gracieux de sa jambe ; Cabassol , le dur Cabassol lui - même releva la tête ; quant à FourneUf , il dit à Cliampeaux : — - Rien , je crois , ne nous presse .",
                  "id": "18",
                  "title": "Le médecin du Pecq. T. 1 / par Léon Gozlan"
            },
            {
                  "doc_url": "https://gallica.bnf.fr/ark:/12148/btv1b86268548",
                  "emotions": [
                        "surprise",
                        "disgust"
                  ],
                  "excerpt": "Du reste , les officiers de hussards bleus , qui traînaient avec arrogance leurs grands outils de mort sur le pavé , ne semblaient pas avoir pour les simples citoyens énormément plus de mépris que les officiers de chas seurs , qui , l ' année d ' avant , buvaient aux mêmes cafés .Il y avait cependant quelque chose dans l ' air , quelque chose de subtil et d ' inconnu , une atmosphère étrangère intolérable , comme une odeur répandue , l ' odeur de l ' invasion .Elle emplissait les demeures et les places publiques , changeait le goût des aliments , donnait l ' impression d ' être en voyage , très loin , chez des tribus barbares et dangereuses .",
                  "id": "19",
                  "title": "Les soirées de Médan / Émile Zola, Guy de Maupassant, J. K. Huysmans, Henry Céard, Léon Hennique, Paul Alexis"
            },
            {
                  "doc_url": "https://gallica.bnf.fr/ark:/12148/bpt6k6180046n",
                  "emotions": [
                        "surprise",
                        "doubt"
                  ],
                  "excerpt": "Chaque soir , leurs prédications , entremêlées de cantiques chantés sur des airs d ' opéra - comique ou de vaudeville , attiraient une foule immense , qui , refluant de l ' intérieur de l ' église dans les rues voisines , arrêtait la circulation à une distance assez considérable .Au dehors de l ' édifice religieux , des cris confus , des rires , des quolibets moqueurs , s ' élevaient du sein de tous les groupes ; au dedans , la détonation de pois fulminants et de pétards composés de matières exhalant les odeurs les plus fétides interrompaient les cantiques et les sermons .Le gouvernement voulut mettre un terme à ces désordres ; mais au lieu d ' en supprimer la cause en suspendant la Mission , il résolut de donner raison à celle - ci et la fit protéger paille nombreux détachements de troupes .",
                  "id": "20",
                  "title": "Histoire de Paris / par Augustin Challamel ; illustrée par Foulquier"
            }
      ]
}