{
      "articles": [
            {
                  "doc_url": "https://gallica.bnf.fr/ark:/12148/bpt6k107028t",
                  "emotions": [
                        "surprise"
                  ],
                  "excerpt": "On la voit s ' élever du sol à sept ou huit pouces de hauteur elle est humide , car le terrain est constamment mouillé .Cet effet surprenant procède des esprits arsenicaux qui s ' exhalent de la terre , et que les Italiens appellent mofetes .Le cicérone de la grotte nous dit que les autres animaux éprouvaient le même effet , et particulièrement les volatiles ; mais que sur l ' homme cette vapeur n ' en produisait d ' autre que celui de ressentir une odeur de terre dans un petit espace fermé où règne sans cesse ta chaleur , à l ' instar d ' une étuve ; quoique , d ' après certaine tradition locale , on dise que deux esclaves qu ' y avait fait enfermer le vice - roi dcTotède , y soient morts , ce qui serait assez analogue au récit < te Simon ~ aïot , évoque d ' st , que t ' on trouve dans Henricus à Pflaumern .",
                  "id": "1",
                  "title": "Voyage pittoresque à Pompeï, Herculanum, au Vésuve, à Rome et à Naples / par Adolphe Pezant"
            },
            {
                  "doc_url": "https://gallica.bnf.fr/ark:/12148/bpt6k97800244",
                  "emotions": [
                        "surprise",
                        "love",
                        "desire",
                        "nostalgia",
                        "excitement"
                  ],
                  "excerpt": "Nous y arrivâmes à la tombée du jour ; et , comme nous étions las , après avoir soupé de grand appétit , nous n ' eûmes rien de plus pressé que de nous aller coucher ( séparément bien entendu ) , car nous avions l ' intention de dormir sérieusement .Je faisais je ne sais quel rêve couleur de rose , plein de fleurs , de parfums et d ' oiseaux , quand je sentis une tiède haleine effleurer mon front , et un baiser y descendre en palpitant des ailes .Un mignard clapement de lèvres et une douce moiteur à la place effleurée me firent juger que je ne rêvais pas : j ' ouvris les yeux ; et la première chose que j ' aperçus , ce fut le cou frais et blanc de Rosette qui se penchait sur le lit pour m ' embrasser .",
                  "id": "2",
                  "title": "Mademoiselle de Maupin. Tome 1 / Théophile Gautier ; ill. de Serge de Solomko, gravées à l'eau-forte par E. Pennequin"
            },
            {
                  "doc_url": "https://gallica.bnf.fr/ark:/12148/bpt6k688726",
                  "emotions": [
                        "surprise",
                        "nostalgia",
                        "excitement",
                        "nervousness",
                        "embarrassment"
                  ],
                  "excerpt": "Toujours tu ne penses jamais qu ' à cela , m ' êcrîai - je , véritablement révolté d ' une pareille gourmandise .Tout à coup je m ' arrêtai C ' est étonnant comme ça sent le fromage de Gruyère ! 1 Bah c ' est une idée , reprit mon cousin Labiche marchons , cela se dissipera .Nous reprimes notre marche , mais bientôt , m ' arrêtant de nouveau Je n ' irai pas plus loin , m ' ëcriai - je , cette odeur me poursuit encore .",
                  "id": "3",
                  "title": "Les pérégrinations, escapades et aventures de Claude La Ramée et de son cousin Labiche / par Eugène Nyon"
            },
            {
                  "doc_url": "https://gallica.bnf.fr/ark:/12148/bpt6k80513b",
                  "emotions": [
                        "surprise",
                        "curiosity"
                  ],
                  "excerpt": "Je trouvais un beau jeune homme dînant che .' ïi vous en famille , dans un certain parfum de mystère .L ' allusion qui vous a ému était naturelle aûtant qu ' innocente , de la part d ' un vieux camarade .",
                  "id": "4",
                  "title": "Les mémoires d'un beau-père ; [Loin des yeux, près du coeur : proverbe en vers] (8e édition) / Léon de Tinseau"
            },
            {
                  "doc_url": "https://gallica.bnf.fr/ark:/12148/bpt6k9766241n",
                  "emotions": [
                        "surprise"
                  ],
                  "excerpt": "» goût et la nausée , et l ' arrière - goût en est urineux ; » mise sur les charbons ardens , elle n ' y subit pas » de changement sensible : mêlée aux acides , soit » végétaux , soit minéraux , il s ' excite une fermen » tation avec bruit , gonflement de la matière j se » fait une vraie effervescence .Le vinaigre qui a été » versé sur cette matière prend une couleur brune , » une saveur stip tique : en sorte que cette expérience » seule , dit Lemaire , prouve la nature alkaline de ? ) ce résidu .» Toute la différence que j ' ai pu remarquer , dit - il , » entre \" la matière qui reste après l ' évaporation des » eaux prises dans différentes sources , consiste en » ce que les eaux les plus chaudes laissent par livre » d ' eau un grain et demi de matière de plus que ) ) celles qui sont moins chaudes .",
                  "id": "5",
                  "title": "Traité des maladies chroniques et des moyens les plus efficaces de les guérir, qui sont les différentes manières d'user des eaux de Plombières ; avec une topographie physico-médicale du département des Vosges... par J. F. Martinet,..."
            },
            {
                  "doc_url": "https://gallica.bnf.fr/ark:/12148/bpt6k5455136v",
                  "emotions": [
                        "surprise",
                        "nostalgia"
                  ],
                  "excerpt": "et je vois Sous ce voile de nuit , vivantes et vibrantes , Se mouvoir , respirer , des formes transparentes , Qui naissent en contours exacts de chaque voix .Le flux meut vers mon front tous ces flots à la fois : Et pourtant j ' y perçois des âmes différentes , Comme si les parfums d ' inaccessibles plantes Criaient leurs noms , leurs traits , dans l ' ombre des grands bois .Voici sous mes yeux clos l ' enfant , l ' adolescente , L ' épouse en pleurs , l ' heureux amant , le guerrier fier , Plus vrais en leur image invisible et glissante Que les corps miroitants aux clartés de l ' éther .",
                  "id": "6",
                  "title": "A la musique : sonnets / Eugène d'Eichthal"
            },
            {
                  "doc_url": "https://gallica.bnf.fr/ark:/12148/bpt6k6138851t",
                  "emotions": [
                        "surprise",
                        "faith"
                  ],
                  "excerpt": "Alors il répand sur les restes de Leucothoé et sur le sable qui les recouvre un nectar odoriférant .Puis , après de longues plaintes , il dit : « Tu monteras pourtant au ciel ! » Soudain les membres de la Nymphe , humectés de l ' essence divine , se ramollissent , et le sol est inondé de parfums .Une tige qui recèle l ' encens pousse insensiblement des racines dans les entrailles de la Solis amor fuerat , slimulataque pellicis ira 255 Vulgat adulteriuui , ùiffamalumque parenti rndicat .",
                  "id": "7",
                  "title": "Les Métamorphoses d'Ovide (2e éd) / traduction française de Gros, refondue... par M. Cabaret-Dupaty,... ; et précédée d'une notice sur Ovide par M. Charpentier"
            },
            {
                  "doc_url": "https://gallica.bnf.fr/ark:/12148/bpt6k6138851t",
                  "emotions": [
                        "surprise",
                        "greed",
                        "doubt"
                  ],
                  "excerpt": "Alors notre malheur sera pur de tout crime ; alors nous pourrons déplorer notre sort au grand jour , et nos larmes couleront sans honte .Eh quoi ! Thèbes deviendrait aujourd ' hui la conquête d ' un faible enfant qui n ' aime ni la guerre , ni les armes , ni les coursiers , et ne se plaît qu ' à parfumer ses cheveux , à se parer mollement de couronnes , ou à se vêtir de pourpre et d ' or ! Bientôt , si vous l ' abandonnez , je saurai le forcer de reconnaître la fausseté de son origine et de ses mystères .Acrisius aura eu le courage de mépriser une divinité mensongère , et de fermer à son approche les portes d ' Argos ; et Penthée , et Thèbes entière , trembleront devant cet étranger ! Parlez à l ' instant ( il s ' aEste , s ' aEste , rnernores , qua sitis stirpc creali ; llliusque aniraos , qui multos perdidit uuus , Sumilc serpentis .",
                  "id": "8",
                  "title": "Les Métamorphoses d'Ovide (2e éd) / traduction française de Gros, refondue... par M. Cabaret-Dupaty,... ; et précédée d'une notice sur Ovide par M. Charpentier"
            },
            {
                  "doc_url": "https://gallica.bnf.fr/ark:/12148/bpt6k32527897",
                  "emotions": [
                        "surprise",
                        "doubt"
                  ],
                  "excerpt": "Vous eûssiez dit un sac à pommes de terre .Que feraient nos mondaines , de deux chemises , fussent - elles en soie ? Oh ! les frou - frous parfumés d ’ aujourd ’ hui , qui dévoilent les chairs roses , tout en ayant l ’ air de les cacher ! Vous me direz que , pour l ’ instant — à la guerre comme à la guerre ! — il n ’ y a que la cheville qui soit « dégagée » , le ' décolleté n ’ étant point séant .A \" la ville , soit ; au théâtre — où la mode est dressée eu liberty , — les coquettes se rattrapent .",
                  "id": "9",
                  "title": "La Herse : théâtrale, littéraire, artistique : revue mensuelle illustrée"
            },
            {
                  "doc_url": "https://gallica.bnf.fr/ark:/12148/bpt6k54592907",
                  "emotions": [
                        "surprise",
                        "doubt"
                  ],
                  "excerpt": "Et mon barde ; à présent , interroge ton .âme ; Nul sentiment profond , confus ne m ' y réclame , 65 Te suis - je un fantôme étranger ? C ' est moi qui te devance aux fleurs que ton coeur aime Leur arôme est le mien , je le versai moi - même : Volage , qui pensiez changer ! N ' as - tu jamais aimé , n ' aimes - tu pas encore La beauté dont , trop rare , un songe se décore , Pendant tes solitaires nuits ? De la grâce du ciel tu la disais splendide ; Et l ' aurore venait qui , d ' un souris perfide , Te rendait à tes longs ennuis .0 barde ! livre - moi , nue et libre de choses , - , Ton âme , et nous joûrons sur ma couche de roses ; 64 Elle , par de pieux essors , .",
                  "id": "10",
                  "title": "Le Nouveau Roman de la rose. Les Sylphides du soleil. Mélancolie. Par C.-A. Breynat"
            },
            {
                  "doc_url": "https://gallica.bnf.fr/ark:/12148/bpt6k5619168f",
                  "emotions": [
                        "surprise"
                  ],
                  "excerpt": "Mais il est triste , il est morne , il sent que bientôt il quittera ceux qui lui sont chers .Tout , à coup une pluie d ' orage vient à tomber , et , quand elle a cessé , mille parfums montent de la terre , s ' échappent des arbres , des feuilles , des fleurs ; toute la nature n ' est plus qu ' un vaste bouquet .Alors le vieillard se sent renaître , il relève la tête , il aspire l ' air à pleins poumons , il revoit toute sa jeunesse qui lui sourit ; cette gaieté que tous les efforts de sa famille n ' ont pu lui donner , il a suffi pour la lui rendre de quelques gouttes d ' eau tombées du ciel .",
                  "id": "11",
                  "title": "Deux Femmes. L'Habitude et le souvenir. La Comtesse Emma / Adolphe Belot"
            },
            {
                  "doc_url": "https://gallica.bnf.fr/ark:/12148/bpt6k5502808w",
                  "emotions": [
                        "surprise",
                        "love",
                        "nostalgia"
                  ],
                  "excerpt": ".Ah ! pauv ' Javotte ! pauv ' Jawtte ! ' » ( Tel était le sentimental monologue de madame Cadet Buteux , quand une odeur de pipe lui anuonça enfin l ' arrivée de - Cadet , qui ouvrit la porte en s ' éoriant tout essoufflé : ) Air du CUré de Pomponne .A la fin me v ' ià .",
                  "id": "12",
                  "title": "Chansons de Désaugiers / précédées d'une notice par Alfred Delvau..."
            },
            {
                  "doc_url": "https://gallica.bnf.fr/ark:/12148/bpt6k5660455f",
                  "emotions": [
                        "surprise"
                  ],
                  "excerpt": "Le public enchanté pousse un bruyant hourra .Qui l ' eût cru ? les Français enfoncent l ' Opéra ! ! ! Ne va pas oublier chez le pasteur Eumée Les deux cochons rôtis qui sentent la fumée : Trait de couleur locale , et qui , bien présenté , Par un public à jeun sera certes goûté ; L ' effet sera nouveau , « saisissant , admirable : Le mendiant , les chiens , quel - tableau délectable ! ..",
                  "id": "13",
                  "title": "Épître à M. Ponsard au sujet de sa tragédie d'Ulysse, par Isidore Bonnichon"
            },
            {
                  "doc_url": "https://gallica.bnf.fr/ark:/12148/bpt6k5407052v",
                  "emotions": [
                        "surprise",
                        "disgust",
                        "annoyance",
                        "disapproval",
                        "nervousness",
                        "embarrassment"
                  ],
                  "excerpt": "De bonheur éperdu , j ' écrase En un baiser leur bouche en fleur , Et crois alors , en mon extase , M ' enivrer du sang de ton coeur .Leur parfum me rend ton haleine .— Ah ! maudit sois - tu , souvenir ! — 43 — Heur passé , qui doubles ma peine , Et dis « Aime » à qui doit mourir .",
                  "id": "14",
                  "title": "Le Narghiléh / Ach. Maffre de Baugé ; avec une préface d'Aimé Giron"
            },
            {
                  "doc_url": "https://gallica.bnf.fr/ark:/12148/bpt6k5407052v",
                  "emotions": [
                        "surprise"
                  ],
                  "excerpt": "LA SERENADE DE DON JUAN A VAS1LI ALECSANDRI I À Séville , par un beau soir .Surpris par l ' humide atmosphère , Les parfums du rose encensoir Que vont balançant sur la terre Les Willis , filles du printemps , Arrosent de subtiles pluies Les bouquets déjà languissants Des seûoras épanouies .Les éventails , sur les balcons , .",
                  "id": "15",
                  "title": "Le Narghiléh / Ach. Maffre de Baugé ; avec une préface d'Aimé Giron"
            },
            {
                  "doc_url": "https://gallica.bnf.fr/ark:/12148/bpt6k57242324",
                  "emotions": [
                        "surprise",
                        "joy",
                        "grief",
                        "excitement",
                        "gratitude",
                        "approval",
                        "faith",
                        "embarrassment"
                  ],
                  "excerpt": "13 ; , Que ton front est brillant , quo ton regard est pur Comme un lac argenté qui réfléchit l ' azur .Que ta bouche embaumée , oh .la pudeur repose , Exhale un doux parfum comme une fraîche rose .",
                  "id": "16",
                  "title": "Mélodies poétiques et religieuses / ... par Michel Tissandier"
            },
            {
                  "doc_url": "https://gallica.bnf.fr/ark:/12148/bpt6k4080424",
                  "emotions": [
                        "surprise",
                        "love",
                        "embarrassment"
                  ],
                  "excerpt": "En peignoir rose , à sa toilette , Une brune , à l ' œil provocant , Dit , joyeuse , en me remarquant « Ah c ' est pour moi , ta violette ? L ' homme heureux que je fleurissais Satisfit l ' innocent caprice ; Et j ' eus le baiser d ' une actrice , Tout comme un auteur à succès .Mais , quand j ' eus parfumé l ' haleine , L ' amant réclama le parfum , Et me jeta , moi , l ' importun , Dans une coupe en porcelaine ; Et , tandis qu ' ils riaient de voir Le beau jeune homme et sa maîtresse Leur double sourire d ' ivresse Se refléter dans le miroir , Je m ' étonnais de l ' amalgame Des choses avec qui j ' étais Un collier d ' or , quelques protêts , Et des faux cheveux dans un drame .Le jeune homme , à la fin , partit , Avec mon odeur sur les lèvres .",
                  "id": "17",
                  "title": "Oeuvres complètes de François Coppée,.... Poésie T.3 / éd. ill. par François Flameng, A. Dawant et Tofani ; gravures au burin par Boisson, Boutelié, Dubouchet... [et al.]"
            },
            {
                  "doc_url": "https://gallica.bnf.fr/ark:/12148/bpt6k5468415x",
                  "emotions": [
                        "surprise"
                  ],
                  "excerpt": "Mais voilà , par malheur , qu ' on eut la fantaisie , Sur ces bords parfumés d ' algue et de romarin , D ' établir un cloaque , un évier riverain Où deux égouts unis , source nauséabonde , Vomissent leur tribut par une large bonde , — 19 — Et mêleront , un jour , pendant une oraison , Aux vapeurs de l ' encens leur acre exhalaison .Quoi ! c ' est là , dans un siècle où tout se civilise , Qu ' on bâtit une douane , et , bien plus , une église ! La douane passe encor ; il n ' est pas de senteur Qui doive épouvanter son droit inquisiteur , Et son nerf olfactif ni plus ni moins s ' expose A l ' assa - foetida qu ' à l ' essence de rose .Mais que , pour relever l ' autel de la Major , Pour dresser des parvis couverts de fleurs et d ' or , La pieuse Marseille insensément préfère Ce plateau qu ' avoisine un foyer pestiféré , Ah ! c ' est un sacrilège , un scandale odieux ; La Grèce n ' offrait pas de tels encens aux dieux .",
                  "id": "18",
                  "title": "Les Deux Marseille, 1858. Barthélemy"
            },
            {
                  "doc_url": "https://gallica.bnf.fr/ark:/12148/bpt6k963618b",
                  "emotions": [
                        "surprise",
                        "doubt"
                  ],
                  "excerpt": "Oui ’ , i ! paraît qu ’ il existe en Italie un cercle de nasomanes , c ’ est - à - dire do gens qui s ’ exercent n jouer des airs d ’ opéra en se mouchant .Vous imaginez - vous un cercle pareil ? où l ’ on c mouche » des airs d ' Aïda ou de RigoleUo ' J Aux Italiens 1 honneur d ’ avoir détrôné Vut de poitrine pour le remplacer par le do de nez , avec le dièze do narine ou le bémol olfactif à la clef .L ’ aveugla du boulevard des Capucines , qui jouait du flageolet avec le nez , aura fait école aux pieds des monts Apenn ns .",
                  "id": "19",
                  "title": "L'Illustré de l'Est"
            },
            {
                  "doc_url": "https://gallica.bnf.fr/ark:/12148/bpt6k5463047z",
                  "emotions": [
                        "surprise",
                        "grief",
                        "sadness",
                        "nostalgia",
                        "relief",
                        "disappointment"
                  ],
                  "excerpt": "SCENE X ANGÈLE , SIMPHORIUS .ANGÈLE , sitôt son entrée Oh ! quelle fumée , Ton ne s ' y vojt plus et cette — 30 — odeur de tabao me suffoque .Je n ' aimerai jamais un fumeur .",
                  "id": "20",
                  "title": "Les démolis : pièce satirique contemporaine avec préface d'un fumiste / par Georges Proteau"
            }
      ]
}