{
      "articles": [
            {
                  "doc_url": "https://gallica.bnf.fr/ark:/12148/bpt6k96579940",
                  "emotions": [
                        "surprise"
                  ],
                  "excerpt": "— A présent , dit Emile en accouplant les deux métaux , ce qui forme une pile électrique en miniature , pose ta langue sur les deux pièces à la fois .» Amélie poussa un cri de surprise , sentant sa langue légèrement engourdie , en même temps qu ' une saveur piquante lui remplissait la bouche .Elle fut à la veille de pleurer , refusa de recommencer l ' épreuve et d ' entendre parler davantage de l ' électricité , dût - elle fournir les moyens d ' acheter toutes les pâtisseries du monde .",
                  "id": "1",
                  "title": "Entre frères et soeurs (9e éd.) / par Lucien Biart"
            },
            {
                  "doc_url": "https://gallica.bnf.fr/ark:/12148/bpt6k30679401",
                  "emotions": [
                        "surprise",
                        "disgust",
                        "fear",
                        "disapproval",
                        "disappointment"
                  ],
                  "excerpt": "Elle avoit la voix rauque , foible , & : fembloit parler du nez qui étoit embarrafle ; d ’ où l ’ on pouvoit préfumer la phlogofe èc l ’ engorgement de la membrane de Schneider .J ’ ai ouvert fa bouche : fon haleine étoit horriblement fétide , fa langue bi - Reniedes .On lui avoit donné jufqu ’ à préfent du petit cidre & de bon bouillon .",
                  "id": "2",
                  "title": "Observations sur les maladies épidémiques , ouvrage rédigé d'après le tableau des épidémiques d'Hippocrate, et dans lequel on indique la meilleure méthode d'observer ce genre de maladies... Par M. Lépecq de la Cloture,..."
            },
            {
                  "doc_url": "https://gallica.bnf.fr/ark:/12148/bpt6k5447739h",
                  "emotions": [
                        "surprise"
                  ],
                  "excerpt": "Pardonnez , grands du monde ! une feinte douleur Pour eux n ' éleva point un riche mausolée ; Pour eux , au chant des morts , dans la nef ébranlée , Ne vint point se mêler un éloge imposteur ! 2 ( 3g Mais un deuil fastueux , un marbre qui respire , Peuvent - ils ranimer d ' arides ossemens ? Cet encens , ces honneurs que le vulgaire admiré , Réveillent - ils les morts au sein des monumens ? Peut - être ces gazons couvrent l ' humble poussière D ' un mortel dont le coeur rêva de grands desseins ; Le monde eût vu peut - être , en ses habiles mains , Le sceptre d ' Alexandre , ou la lyre d ' Homère ; Mais pour lui , la science , héritière du temps , Ne déroula jamais ses annales sublimes : L ' indigence étouffa ses transports magnanimes , Et glaça dans son coeur le germe des talents .Aux regards des humains , à jamais inconnue , Ainsi mûrit la perle au sein des vastes mers , Ainsi plus d ' une fleur rougit sans être vue , Et d ' une odeur suave embaume les déserts .Là repose peut - être un Hampden , dont l ' audace Affranchit son hameau d ' une odieuse loi ; Un Milton ignoré des vierges du Parnasse , Un Cromwell innocent du meurtre de son Roi .",
                  "id": "3",
                  "title": "Les contemporaines , recueil de poésies et chansons inédites, pour 1825 par MM. Nepomucène Lemercier, Arnault, Etienne, Charles Nodier..."
            },
            {
                  "doc_url": "https://gallica.bnf.fr/ark:/12148/bpt6k6259341t",
                  "emotions": [
                        "surprise"
                  ],
                  "excerpt": "Or comme durant leur vie ils font plongez en idolâtrie , aussi continuent - ils à eflre tels iulques apres leur mort .Il est à fçauoir , que quand quel * qu ' vn est decedé en ce lieu la , la çoulhime eltde embaumer le corps , comme l ' on fait quelquefois par deçç , puis l ' enferment dans vn corne de bois , : tant artificiellemët bien fermé , qu ' il n ' cn fç .iur , ) it sortir vne mauuaife odeur , & le font cxccllcmmct f peindre , y reprefentansbeaucoup d ' animaux , ar * Dres , herbes , & autres choses , puis le couurent de quelque précieux drap de foye : apres , durant quitorze iours ils dressent vne çablç ? qu ' ils - charge ' 1 de viures , & de vln ) qu ' ils lassôns auprès du corps .",
                  "id": "4",
                  "title": "Les diverses leçons de Loys Guyon, sieur de La Nauche,... suivans celles de Pierre Messie et du sieur de Vauprivaz,..."
            },
            {
                  "doc_url": "https://gallica.bnf.fr/ark:/12148/bpt6k6140946n",
                  "emotions": [
                        "surprise",
                        "grief",
                        "sadness",
                        "doubt",
                        "despair",
                        "disappointment"
                  ],
                  "excerpt": "Celait la source du vallon , Sa rive de fleurs couronnée , Sa vague à sa vague enchaînée , Et son cours sans bruit et sans nom .O mort , pourquoi ta main cruelle A - t - elle ravi pour jamais Cette âme si pure et si belle , Qui semblait répandre autour d ' elle Un parfum du séjour de paix ? Lorsque nous la vîmes descendre Dans le lit glacé du tombeau , Que de pleurs mouillèrent sa cendre ! Quel sanglot put se faire entendre Sans trouver partout un écho ? LE MAUSOLÉE .Depuis ce jour , comme voilée De sa douleur et de son deuil , Oui , l ' on dirait que la vallée , Par ses fleurs en vain consolée , Est prête à descendre au cercueil .",
                  "id": "5",
                  "title": "Inspirations religieuses / [par Mazade d'Avèze]"
            },
            {
                  "doc_url": "https://gallica.bnf.fr/ark:/12148/bpt6k54550924",
                  "emotions": [
                        "surprise",
                        "doubt"
                  ],
                  "excerpt": "C ' est sur cette chère image que son coeur se venge du respect qu ' il est contraint de porter à sa personne .Exposé à ce choc intérieur incessant , il est bien difficile que le vase d ' argile où — 160 — nous portons la vertu ne se brise pas , mais n ' est - il pas certain que l ' arôme du parfum est dissipé ? On ne peut donc parler que par conjecture de l ' innocence de Jocelyn .Un voile de sagesse et d ' honnêteté naturelle fait tant de replis autour de son coeur qu ' il n ' est plus possible à l ' oeil d ' autrui d ' y pénétrer .",
                  "id": "6",
                  "title": "Notes sur la poésie religieuse de Lamartine / par l'abbé P.-A. Sanvert"
            },
            {
                  "doc_url": "https://gallica.bnf.fr/ark:/12148/bpt6k14182529",
                  "emotions": [
                        "surprise",
                        "pride",
                        "doubt"
                  ],
                  "excerpt": "Il vous semble que la science suinte à travers les murs du collège ; et , après vous être arrêté maintes fois à contempler les pots de faïence et les cornues brisées qu ’ on aperçoit à la fenêtre du second , vous vous êtes demandé combien de merveilles scientifiques ne contenait pas la maison du docteur Bidlow ! Le docteur vous semble appartenir à la race des géants ; et cependant c ’ est un homme mince , d ’ une taille ordinaire , avec un nez busqué , une grande clef de montre en cornaline , un tremblement dans la voix , une perruque et des poignets de chemise toujours sales ! Malgré cela , sa seule vue vous intimide , et votre trouble est encore augmenté au souvenir de ce que vous dit un élève , que le vieux Bid a toujours dans son pupitre une règle d ’ ébène à sa disposition ! Vous êtes étonné de l ’ audace de votre compagnon .Il vous paraît surprenant que quelqu ’ un qui est entré dans le cabinet du docteur , et qui a senti les parfums de soufre et d ’ éther qui s ’ en exhalent , ou qui l ’ a vu changer en bleu la couleur naturelle du vinaigre , comme votre voisin dit l ’ avoir vu mille fois , ose l ’ appeler le vieux Bid ! Vous n ’ avez cependant pas affaire à cet être redoutable ; vous entrez fièrement dans la classe des jeunes enfants , sous la surveillance d ’ un maître d ’ étude anglais .Celui - là diffère du docteur sur tous les points .",
                  "id": "7",
                  "title": "Le Rêve de la vie, par Isaac Marvel, roman anglais traduit... par Mme A. Mezzara..."
            },
            {
                  "doc_url": "https://gallica.bnf.fr/ark:/12148/bpt6k61171148",
                  "emotions": [
                        "surprise",
                        "doubt"
                  ],
                  "excerpt": "Nos deux rongeurs de conserve font route , Pour se glisser de nuit dans la cité .Minuit sonnait , quand l ' odeur d ' un pâté , Dont il restait , dit - on , plus que la croûte , Les attira dans la salle aux banquets D ' un riche hôtel ; que dis - je ? d ' un palais .Tout n ' était qu ' or , ivoire et cachemire , Et , qui mieux est , reliefs d ' excellents mets .",
                  "id": "8",
                  "title": "Fables, par M. le Cte de Lansade"
            },
            {
                  "doc_url": "https://gallica.bnf.fr/ark:/12148/bd6t5369793x",
                  "emotions": [
                        "surprise"
                  ],
                  "excerpt": "Votre frémissant oriflamme ralliait de jeunes hommes qui s ’ élançaient à votre rencontre pour vous saluer .Et tandis que l ’ air s ’ embaumait du parfum des vendanges , leurs pensées , comme de chaudes roses , se couvraient d ’ une pourpre soudaine ! LA FUGITIVE Des poètes , sur les marches de votre temple , vous présentaient leurs chants ; des gazelles en couples léchaient vos doigts divins ; le tigre et la tigresse se couchaient docilement à vos pieds .Chaque soir des vierges allumaient la torche de votre sanctuaire et déposaient devant vous les bourgeons acérés du Champ a pour en façonner des javelots .",
                  "id": "9",
                  "title": "La fugitive / Rabindranath Tagore ; trad. de Renée de Brimont"
            },
            {
                  "doc_url": "https://gallica.bnf.fr/ark:/12148/bpt6k809990",
                  "emotions": [
                        "surprise",
                        "grief",
                        "nostalgia",
                        "doubt",
                        "curiosity"
                  ],
                  "excerpt": "Pourquoi surgit , le lendemain matin , cette phrase de Pascal au milieu des mementos de la nuit ? La Cordi est à moi ! et je me le crie joyeusement ; et je me sens comme un prêtre a qui la plus jolie et la plus t ou ! blante sainte aurait apparu , tentatrice , et se serait donnée ; oui , comme un prêtre encore nerveux de ce rêve .Unrêve ~ Quisait ~ Elle n ' est plus là , Cordi ; est - ce bien vrai quelle y a été ? J ai sur la langue le goût de sa coupe sexuelle , le parfum de son cœur ; je sens le vin de sa volupté ; la Cordi , la géniale , a bramé sous moi une gracieuse bête embrasée et pénétrée par un sylvain sa jouissance ; la chambre a une odeur d ' amour .Le dimanche , la Cordi ne jouait pas , remplacée par la Rinalba , et elle avait promis de dîner avec moi , dans mon ateher .",
                  "id": "10",
                  "title": "L'amant des danseuses : roman / Félicien Champsaur"
            },
            {
                  "doc_url": "https://gallica.bnf.fr/ark:/12148/bpt6k809990",
                  "emotions": [
                        "surprise",
                        "doubt"
                  ],
                  "excerpt": "k ~ guet le ciel était débarbouillé des brumes , clair et bleu ; les lettres d ' or faisant la réclame , pour des Sociétés financières , aux balcons du boulevard des Capucines et de l ' avenue de l ' Opéra , reluisaient ; et leurs millions chantaient , féeriques , joyeux , dans le sc ~ eil de retour et en fête .Il semblait que des parfums venaient jusque - là des forêts , des champs éveillés , des avrils rustiques , parfums tramés sur la grand ' ville , on ne sait comment , par des souffles vagabonds .Le vicaire dit « – Je comprends votre idée et ce prêtre .",
                  "id": "11",
                  "title": "L'amant des danseuses : roman / Félicien Champsaur"
            },
            {
                  "doc_url": "https://gallica.bnf.fr/ark:/12148/bpt6k9685933h",
                  "emotions": [
                        "surprise",
                        "doubt"
                  ],
                  "excerpt": "On a donné & l ' on donne encore quelque con - 1 fiance pour la guérison de la Phthiiie pulmonaire , aux vapeurs des médicamens propres à déterger les : ulceres des poumons & à les cicatriser .On humei ces vapeurs à mesure qu ' elles s ' exhalent des vases ( dans lesquels on les a préparées , elles pénètrent : dans la trachée - artere , confondues avec l ' air que ; l ' on inspire , se répandent dans les bronches , dans ; leurs vésicules & s ' insinuent dans la substance de ce viscere , par le moyen des pores absorbans .On se , sert à cet effet de lait chaud , de la déco ¿ tiol1 de plantes apéritives , détersives & vulnéraires ; de térébentine , de baumes & d ' autres anti - septiques .",
                  "id": "12",
                  "title": "Traité de la phtisie pulmonaire, avec la méthode préservative et curative de cette maladie, fondée sur des observations . Par M. Raulin,..."
            },
            {
                  "doc_url": "https://gallica.bnf.fr/ark:/12148/bpt6k5809206w",
                  "emotions": [
                        "surprise",
                        "fear",
                        "doubt",
                        "nervousness"
                  ],
                  "excerpt": "Ainsi s ' exprimait , en prenant les armes , .Notre Jeune Garde , aux vives alarmes , Qu ' apportait de loin la voix de l ' airain ; Et , très - anxieux de ce cruel doute , > Ces vaillants soldats se menaient en route Précédés de leur Souverain , Une odeur de sang dans les airs s ' élève , .Accourez vautours , aigles et corbeaux ! Car , hélas ! avant que le jour s ' achève , Au trépas le fer , lé plomb et le glaive Plongeront dés corps réduits en lambeaux .",
                  "id": "13",
                  "title": "Pendant la bataille, souvenir de Solférino. (Signé : J. Charousset.)"
            },
            {
                  "doc_url": "https://gallica.bnf.fr/ark:/12148/bpt6k3061592h",
                  "emotions": [
                        "surprise"
                  ],
                  "excerpt": "M .Jacob Petit a le sentiment du beau , c ’ est vrai ; son vase à brûler des parfums ne laisse rien à désirer sons le rapport du travail et de la composition , c ’ est encore vrai ; mais quoi ! brûle - t - on aujourd ' hui des parfums en France ? Nous avons des Sybarites , grands amateurs de divans et de sérails , qui volontiers s ’ endormiraient dans cet enivrement oriental .Mais , Dieu merci ! le temps de l ’ opium et des eunuques n ’ est pas encore venu pour nous .",
                  "id": "14",
                  "title": "L'exposant de 1839 : publication spéciale et complète sur les produits de l'industrie française admis au concours quinquennal / par MM. B. Gabalde et A. Duret..."
            },
            {
                  "doc_url": "https://gallica.bnf.fr/ark:/12148/bpt6k64232433",
                  "emotions": [
                        "admiration",
                        "surprise",
                        "nostalgia",
                        "gratitude",
                        "doubt"
                  ],
                  "excerpt": "m .Femme qui a été jolie comme une rose et n ' a rien conservé de sa fraîcheur et de son parfum , — dans l ' argot du peuple , qui ne sait pas que Si la jpnncsse est unI ' fleur , Le souvenir en est l ' odeur .GRATTER , V .",
                  "id": "15",
                  "title": "Dictionnaire de la langue verte : argots parisiens comparés / Alfred Delvau"
            },
            {
                  "doc_url": "https://gallica.bnf.fr/ark:/12148/bpt6k771638",
                  "emotions": [
                        "surprise",
                        "doubt"
                  ],
                  "excerpt": "Leibniz supposait plus vraisemblablement , à l ' origine , une conscience confuse enveloppant une innnité d ' impressions venues du monde extérieur , et où peu à peu se sont produites des dinérences , c ' est - à - dire des perceptions plus ? ' ~ c ~ ayant eiies - memes pour éléments de petites perceptions non distinguées à part .A priori , on no comprend guère comment une sensation absolument nouvelle de tout point , telle que l ' odeur de rose , pourrait s ' introduire tout d ' un coup dans une conscience auparavant vide , qui n ' ebt pas déjà enveloppé en soi de quoi faire la combinaison subtile et complexe appelée parfum , et parfum de rose .En outre , en supposant une conscience tout d ' un coup remptie par l ' odeur de rose comment pourra - t - on y introduire de nouveau , & p abrupto , l ' odeur du lis ou le son de la cloche ? Le premier champ de conscience pourra - t - ii ainsi se transformer en un autre champ de conscience hétérogène ? ParqueUe magie auront lieu ces soudaines créations de sensations dont chacune apparaît comme un monde tiré du néant ? Si de ces considérations a priori , nous passons aux données de ! a biologie , nous voyons qu ' une sensation nouvelle implique une différenciation d ' organes préexistants et qu ' il ne peut se produire tout d ' un coup un nouvel organe sensitif .",
                  "id": "16",
                  "title": "La psychologie des idées-forces. Tome 1 / par Alfred Fouillée"
            },
            {
                  "doc_url": "https://gallica.bnf.fr/ark:/12148/bpt6k771638",
                  "emotions": [
                        "surprise",
                        "doubt"
                  ],
                  "excerpt": "Au contraire , dans le monde des sensations externes règne une discontinuité au moins apparente entre le son , par exemple , et l ' odeur , quels sont les intermédiaires ? Nous ne les sentons pas , t ( i ) Voir l ' étude de Carveth Read sur Lewcs dans Mind , 1880 .vu Muus Ho tes sentons que comme une masse confuse de sensations organiques et internes , sur lesquelles viennent se détacher Ici le groupe tranché des odeurs , là le groupe trancbé des sons .Même dans le domaine d ' un seul sens , iiy a des discontinuités ou tout au moins des différences tellement accentuées , qu ' elles sont comme des hiatus .",
                  "id": "17",
                  "title": "La psychologie des idées-forces. Tome 1 / par Alfred Fouillée"
            },
            {
                  "doc_url": "https://gallica.bnf.fr/ark:/12148/bpt6k771638",
                  "emotions": [
                        "surprise"
                  ],
                  "excerpt": "Toute sensation donne la conscience d ' une intensité plus ou moins grande .Une saveur âcre ou violemment acide , comme celle du vitriol , excite en nous , par la réaction qu ' elle produit , le sentiment confus d ' un conflit de forces et de mouvements une saveur douce , celui d ' un concours de forces .L ' odorat revête une action plus délicate , mais ayant toujours une certaine intensité les yeux sentent aussi l ' intensité de la lumière .",
                  "id": "18",
                  "title": "La psychologie des idées-forces. Tome 1 / par Alfred Fouillée"
            },
            {
                  "doc_url": "https://gallica.bnf.fr/ark:/12148/bpt6k56249255",
                  "emotions": [
                        "surprise",
                        "disgust",
                        "anger",
                        "annoyance",
                        "disapproval",
                        "doubt",
                        "curiosity"
                  ],
                  "excerpt": "Il cachait son dépit ; mais Jack s ' étant approché de lui : « Aie la bonté de te tenir à distance , lui dit - il .tu empestes , monsieur l ' écorcheur ! Cette odeur - là est sans doute aussi de ta fabrique ? — Non , monsieur , c ' est de la vôtre , répliqua vivement Jack : vous aviez pendu votre chacal au soleil .FRITZ .",
                  "id": "19",
                  "title": "Le Robinson suisse / par Wyss ; traduction nouvelle [de A. Bordot] ; illustrée par Hadamard"
            },
            {
                  "doc_url": "https://gallica.bnf.fr/ark:/12148/bpt6k66234h",
                  "emotions": [
                        "surprise",
                        "doubt"
                  ],
                  "excerpt": "RAYMOND .Une seconde Sens - tu l ' odeur de la boule ? 2 ALFRED .Non I RAYMOND .",
                  "id": "20",
                  "title": "Fiacres (2e édition) / J. Marni"
            }
      ]
}