{
      "articles": [
            {
                  "doc_url": "https://gallica.bnf.fr/ark:/12148/bpt6k6465875v",
                  "emotions": [
                        "surprise",
                        "disgust",
                        "doubt",
                        "embarrassment"
                  ],
                  "excerpt": "il sent mauvais .Comment , il sent mauvais ? Oui papa , il a l ' odeur du bouc .Avant - hier , j ' ai cru être empoisonnée .",
                  "id": "1",
                  "title": "Lettre d'un gentilhomme dauphinois à Monsieur René Maral, prêtre, réfugié à Genève. (Signé : Comte [A... le 15 août 1876.])"
            },
            {
                  "doc_url": "https://gallica.bnf.fr/ark:/12148/bpt6k5460044s",
                  "emotions": [
                        "surprise",
                        "optimism",
                        "nostalgia"
                  ],
                  "excerpt": "273 L ' avenir ! l ' avenir ! — J ' oubliais d ' y songer .J ' ignorais qu ' il arrive un temps où l ' oranger N ' a plus son pur arôme , où la source tarie Ne va plus en chantant réjouir la prairie .J ' ignorais quels dégoûts , quels labeurs et quels maux De notre vie un jour font ployer les rameaux .",
                  "id": "2",
                  "title": "Poésie. Les Oasis, par J. Langeron"
            },
            {
                  "doc_url": "https://gallica.bnf.fr/ark:/12148/bpt6k5402425s",
                  "emotions": [
                        "surprise",
                        "grief",
                        "frustration",
                        "disappointment"
                  ],
                  "excerpt": "• Elle s ' en vint à moi sous le nom cL ' Aubélie Et ce nom me fut doux plus qu ' un rayon de miel ! Puis , sans approfondir par quelles saintes causes Le coeur , frappé soudain , se prend à soupirer , Au milieu de mes fleurs , plus fraîche que mes roses , Je la vis un instant assez pour l ' admirer : La candeur tempérait son port de souveraine Où se noyait d ' amour la nacre de ses yeux ; D ' un seul éclair , voilé de leurs beaux cils d ' ébène , Elle eut mis à ses pieds et la terre et les dieux .Oh ! mais , presqu ' aussitôt je la cherchais en cor * ? , Qu ' il ne m ' en restait plus que l ' arôme enivrant ; AURÉLIE .53 Ainsi de toutes fleuïs qu ' un matin fait éclore : On les voit .",
                  "id": "3",
                  "title": "Foyer solitaire, poésies, par Adolphe Bordes,... Préface par M. Francis Lacombe"
            },
            {
                  "doc_url": "https://gallica.bnf.fr/ark:/12148/bpt6k311468f",
                  "emotions": [
                        "surprise",
                        "fear"
                  ],
                  "excerpt": "Elle étalait aux yeux de cet amant sauvage Ses exquises blancheurs , son torse horizontal , Mais , le petit poisson dédaignait son plumage Et la tendre « pépé » gardait son capital .Tout à coup un bruit formidable Sans dire gare retentit , En versant au sein de la nuit L ’ odeur la plus insupportable .Le poisson ému nage avec fureur , Le gaz a fléchi sous le réflecteur : C ’ est la révolte des fromages , Chassant , par leur souffle empesté , Le cristal de leurs sarcophages Pour recouvrer la liberté ! Délivrés de leurs cloches Ils marchent à pas lents Pleins de désirs naissants De noce et de bamboche .",
                  "id": "4",
                  "title": "Le Livarot, le poisson rouge et la poupée : poème héroï-comique, à la manière d'Émile Zola / Mousk [Paul Devaux]"
            },
            {
                  "doc_url": "https://gallica.bnf.fr/ark:/12148/bpt6k57037305",
                  "emotions": [
                        "surprise"
                  ],
                  "excerpt": "Un ' homme intervint , un ami id - Harel , M .Mirbèau ' • ' : « Je ; vous répète que \" T ' osuvre dé monyamtest d ' une vie et d ' uhe : originalité , surprenante ; il s ' en dégage un : parfum puissant et exquis des Choses de layterre .» L ' éditeur donna sa .",
                  "id": "5",
                  "title": "La Vie au patronage : organe catholique des oeuvres de jeunesse"
            },
            {
                  "doc_url": "https://gallica.bnf.fr/ark:/12148/bd6t5377114c",
                  "emotions": [
                        "surprise"
                  ],
                  "excerpt": "FANTIN J ’ aime encore mieux ça que nos vieilles concierges de la maison parisienne qui viennent tous les matins rédiger leur petite tartine d ’ événements , de menus faits .Quelles pipelettes ! véritable odeur de café au lait remué , pendant que le poêle ronfle dans la loge .WHISTLER A propos , tu sais : Malaga ne pouvait plus gesticuler , l ’ autre soir .",
                  "id": "6",
                  "title": "Les dieux en voyage / Zacharie Astruc"
            },
            {
                  "doc_url": "https://gallica.bnf.fr/ark:/12148/bpt6k372313",
                  "emotions": [
                        "surprise",
                        "doubt",
                        "faith"
                  ],
                  "excerpt": "Ces fleurs qui ger .ment et s ' épanouissent le long des rochers , aux bords des torrents , sous la chute bruyante des cascades , répandant autour d ' elles le plus délicat parfum , ne sont - ce pas autant de merveilles , attestant et chantant la puissance divine a Comment en étais - je arrivée à ce lyrisme , en face de Lucia qui ne s ' en étonnait même pas , voilà ce dont je vous permets de vous moquer , chers lecteurs , et ce dont je me moque moi - même .Je n ' ai .",
                  "id": "7",
                  "title": "Échos lointains / Ctesse Arthur de Goulaine"
            },
            {
                  "doc_url": "https://gallica.bnf.fr/ark:/12148/bpt6k76583r",
                  "emotions": [
                        "surprise",
                        "disgust",
                        "fear"
                  ],
                  "excerpt": "Une dame après avoir éprouve des contrariétés violentes , fut conduite a la promenade , par une de ses amies .Quelqu ' un , par tn < ! garde , lui ayant touché la main , elle la retira et la portant a son nez , elle sentit une odeur fétide .Ce fut pour elle un i avertissement que des ennemis étaient à sa poursuite et qu ' elle devait se promener ailleurs .",
                  "id": "8",
                  "title": "Fragmens psychologiques sur la folie / par François Leuret,..."
            },
            {
                  "doc_url": "https://gallica.bnf.fr/ark:/12148/bpt6k6365859h",
                  "emotions": [
                        "admiration",
                        "surprise"
                  ],
                  "excerpt": "A ces mots , il me toucha la main , & je me trouvai au sommet de la montagne .Quelle douce surprise ! le penchant opposé où nous descendîmes , étoit un jardin à la fois agréable & magnifique , où la verdure , le chant des oiseaux , le parfum des fleurs enchahtoient tous les sens ; un charme supérieur y passionnoit l ' être le plus indis - férent .Mon divin conducteur me montra dans l ' éloignement un temple d ' étonnante strucure ; la route qui y conduisoit étoit si mystérieuse , que sans guide il étoit impossible d ' y parvenir .",
                  "id": "9",
                  "title": "Songes philosophiques . Première [-seconde] partie. Par M. Mercier"
            },
            {
                  "doc_url": "https://gallica.bnf.fr/ark:/12148/bpt6k975101k",
                  "emotions": [
                        "surprise"
                  ],
                  "excerpt": "Tout respire l ’ amour en cette nuit de printemps , et des efflorescences vitales de désirs et de possession semblent flotter dans les airs .Myrtes , cistes , genêts , lentisques , toutes les plantes aromatiques en un mot exhalent des parfums qui vous grisent , vous troublent jusqu ’ au plus profond de l ’ être , et de cet odeur de plantes sauvages , puissante et parfumée , se mêle au souffle résineux qui se dégage toute une forêt de pins .L ’ atmos phère en est chargée de senteurs odorantes .",
                  "id": "10",
                  "title": "La Fronde ajaccienne : journal politique et littéraire"
            },
            {
                  "doc_url": "https://gallica.bnf.fr/ark:/12148/bpt6k76583r",
                  "emotions": [
                        "surprise",
                        "grief",
                        "fear",
                        "pain"
                  ],
                  "excerpt": "Une dame ordinairement tranquille , et causant assez bien , assidue au travail , d ' un caractère doux et facile , et ne présentant pas d ' autre dérangement intellectuel qu ' un affaiblissement de la mémoire dont elle a conscience , et des conceptions qui la trompent sur l ' identité des personnes qu ' elle voit , éprouve par intervalles , une grande anxiété attribuable des hallucinations de la vue , de l ' ouïe , et surtout de l ' odorat .Elle prétend alors qu ' il y a , sous la Salpetrierc , des souterrains dans lesquels on cgorge une multitude d ' hommes et de femmes ; elle n ' a jamais été témoin de ces massacres , mais elle voit le sol ' remuer , elle eutendies cris desvictimes , etchaque jourelle sent une odeur affreuse provenant de la putréfaction des cadavres eniouis sous la terre .Dans le but de savoir si la sensation de l ' odorat avait subi chez elle quelque aberration , je lui ai présenté diftcrentes odeurs .",
                  "id": "11",
                  "title": "Fragmens psychologiques sur la folie / par François Leuret,..."
            },
            {
                  "doc_url": "https://gallica.bnf.fr/ark:/12148/bpt6k9734608z",
                  "emotions": [
                        "surprise",
                        "disgust"
                  ],
                  "excerpt": "— Je comprends aussi , interrompit Henri , et je vois d ' ici la scène qui a accompagné l ' enlèvement de notre frère .Charles , saisi par les Indiens lavés d ' ambrette , ceux - ci , terrifiés à la vue du jaguar apprivoisé , autant que lui par l ' odeur détestée et sa blessure résultant d ' une flèche mal dirigée .Sa fuite , son arrivée à la case sont facilement expliquées , ainsi que sa répugnance à suivre la piste pratiquée par ces mêmes Indiens , et la peur que lui inspire la feuille de balisier involontairement imprégnée de cette odeur par Charles .",
                  "id": "12",
                  "title": "Les Robinsons de la Guyane. Partie 2 / Louis Boussenard"
            },
            {
                  "doc_url": "https://gallica.bnf.fr/ark:/12148/bpt6k14137423",
                  "emotions": [
                        "surprise",
                        "faith"
                  ],
                  "excerpt": ".Clartés parmi le passé sombre , Odeur divine d ’ un jardin Dont on ne peut cueillir que l ’ ombre 1 Une ouverture de Weber Se déroule tandis qu ’ aux lèvres .Je garde le goût de ta chair , Et la brûlure de ta fièvre ! Ah ! le beau souvenir ardent ! La chaude ivresse de bataille ! Mon baiser a touché tes dents .",
                  "id": "13",
                  "title": "Le feu et la cendre, poèmes / André Biguet"
            },
            {
                  "doc_url": "https://gallica.bnf.fr/ark:/12148/bd6t5378726m",
                  "emotions": [
                        "surprise",
                        "sadness",
                        "nostalgia"
                  ],
                  "excerpt": "Je me suis rappelé souvent , en passant de ce grand festoiement à cette solitude silencieuse , un bourg du Midi où j ’ ai trouvé une guinguette , dans laquelle toute la jeunesse du pays allait boire , chanter et danser le dimanche , adossée au mur du cimetière .Qu ’ y a - t - il là de surprenant , après tout ? Il a bien peu d ’ épaisseur le mur mitoyen qui sépare la joie du deuil , le rire des larmes , la vie de la mort ! Le reste du boulevard , depuis la rue d ’ Angoulême jusqu ’ à la Bastille , a , il faut l ’ avouer , un triste parfum du Marais .Çà et là quelques boutiques cherchent bien à en égayer la solitude ; on voit bien de rares bourgeois essayer d ’ en faire un lieu de promenade ; les maisons neuves du côté nord offrent bien des aspects très - séduisants pour les gens qui aiment la vie retirée , mais peu de motifs de flânerie ; il faut véritablement aller jusqu ’ au théâtre Beaumarchais , si par hasard ce théâtre est ouvert , pour retrouver de la lumière et de la vie .",
                  "id": "14",
                  "title": "Paris au gaz / par Julien Lemer..."
            },
            {
                  "doc_url": "https://gallica.bnf.fr/ark:/12148/bpt6k9749923h",
                  "emotions": [
                        "surprise",
                        "annoyance"
                  ],
                  "excerpt": "Le même jour sur les quatre heures aprés - midv je fis l ' ouverture de son cadavre en pre - sence de Mr de Houppeyille Doreur en Médecine , 6c de plusieurs autres Personnes que la cu - riolité avoir attirées dans ce lieu ; dans l ' examen que je fis du bas Ventre je ne trouvai aucunes causes de mort , tous les Visceres y étant dans leur état naturel .Le premier coup de Scalpel que je donnai pour ouvrir la Poitrine , fit sortir de cette capacité quantité de matiere blanche Se de mauvaise odeur : lorsque j ' eus levé * le Sternum je trouvai Qbservation d ' un Empié - me .forme par unhbcés de tous les Visceres de la Poitrine .",
                  "id": "15",
                  "title": "La Veritable chirurgie, etablie sur l'expérience et la raison . Avec des nouvelles découvertes sur l'osteologie &sur la myologie : des remarques necessaires sur les maladies & sur la pratique : et un nouveau sistéme sur la generation du fétus... Par le sr Louis-Léger de Gouey,..."
            },
            {
                  "doc_url": "https://gallica.bnf.fr/ark:/12148/bpt6k640365",
                  "emotions": [
                        "surprise",
                        "doubt",
                        "disappointment"
                  ],
                  "excerpt": "de Buï ~ bn ~ entra ! n ~ par l ' observation et t ' ëvïdenee , m - * firme le sentiment qu ' il cherche à ~ tab ! ! r .Mais d ' a ! Hcurs , il n ' est pas , à beaucoup près , tou * jours vrai que les animaux aient l ' odorat meU \" leur que i homme .Ce sont les quadrupèdes s carnassiers qui ont principalement ce pr ! v ! \" loge et l ' odorat en eux est , pour le moins , autant rf ~ ~ t coM ~ M ~ < MM ~ J ~ ~ M .",
                  "id": "16",
                  "title": "Lettres philosophiques sur l'intelligence et la perfectibilité des animaux (Nouvelle édition, à laquelle on a joint des lettres posthumes sur l'homme, du même auteur) / , avec quelques lettres sur l'homme, par Charles-Georges Leroy,... Nouvelle édition, à laquelle on a joint des lettres posthumes sur l'homme, du même auteur. [Avis de l'éditeur signé : Roux-Fazillac]"
            },
            {
                  "doc_url": "https://gallica.bnf.fr/ark:/12148/bpt6k9756516b",
                  "emotions": [
                        "surprise",
                        "grief",
                        "love",
                        "nostalgia",
                        "gratitude",
                        "doubt"
                  ],
                  "excerpt": "Je ne sais pas sur terre De climat solitaire Dont un fils , dans ses chants , n ' ait célébré l ' amour ; Et toi , douce contrée , 0 Bourgogne adorée , Toi seul , o mon pays , tu n ' aurais pas ton tour ? — Non , non , tu m ' as fait naître en tes plaines fécondes ; Enfant , tu m ' as roulé dans tes hautes moissons ; Mon père , un peu plus tard , m ' a baigné dans tes ondes ; J ' ai senti ton soleil , je te dois mes chansons .Où l ' œil trouvera - t - il d ' aussi vertes montagnes , Des rivages si frais où l ' air vient s ' embaumer ? Qui foulera , dis - moi , tes prés et tes campagnes ? Oh ! qui sous ton ciel pur passera sans t ' aimer ? Fais plier tes coteaux sous la grappe enivrante ; Déroule tes vallons , ces trésors du berger ; Ombrage tes sentiers d ' aubépine odorante ..",
                  "id": "17",
                  "title": "L'Almanach de l'industrie parisienne"
            },
            {
                  "doc_url": "https://gallica.bnf.fr/ark:/12148/bpt6k42304185",
                  "emotions": [
                        "surprise"
                  ],
                  "excerpt": ".C ’ est un spectacle tellement inattendu , que l ’ étranger , qui débarque à Paris pour la première fois , est émerveillé de voir cette quantité de petites voitures de violettes sillonnant la grande ville en tous sens , laissant derrière elles un parfum des plus doux ( juste compensation des odeurs de Paris ) .Quoi qu ’ il en soit , ces jours d ’ encombrements floraux , s ’ ils sont agréables pour la grande ville et ses consommateurs , ne le sont pas pour le producteur ; j ’ ai vu de mauvaises journées de vente les prix s ’ abaisser jusqu ’ à 3 francs le cent , c ’ était à peine le prix do fabrication des petits bouquets .",
                  "id": "18",
                  "title": "Les Violettes, leurs origines, leurs cultures, par A. Millet,..."
            },
            {
                  "doc_url": "https://gallica.bnf.fr/ark:/12148/bpt6k5448528b",
                  "emotions": [
                        "surprise",
                        "doubt"
                  ],
                  "excerpt": "La plus inutile des surveillances est celle d ' agents à demeure tels que le piqueur des ponts et chaussées attaché à la voirie de Bondy , y vivant et y respirant en permanence .Demandez à cet employé s ' il est incommodé par les parfums spéciaux des usines qu ' il surveille , il vous regardera tout étonné : « Bondy ne sent rien , Bondy n ' est pas infect ! ! ! » — 11 — Et cependant les gaz de la voirie municipale se répandent à 10 et 12 kilomètres de distance suivant la direction du vent , empoisonnant tour à tour Paris jusqu ' à la gare de l ' Est et à la place de la République , Vincennes , Nogent sur - Marne , Gonesse , Saint - Denis , Epinay , etc .Nous en possédons l ' attestation signée de 52 maires .",
                  "id": "19",
                  "title": "L'infection de Paris et de la banlieue : la fièvre typhoïde et la voirie de Bondy / par L. Dorré,..."
            },
            {
                  "doc_url": "https://gallica.bnf.fr/ark:/12148/bpt6k5710208z",
                  "emotions": [
                        "surprise",
                        "joy",
                        "excitement",
                        "doubt",
                        "faith"
                  ],
                  "excerpt": "XXXIII LE printemps est charmant dans le Jardin des Plantes .Les cris des animaux , les odeurs violentes Des arbres et des fleurs exotiques dans l ' air , Cette création , sous un ciel pur et clair , Tout cela fait pense ? au paradis terrestre ; Et tout en écoutant , sous un sapin alpestre , Le grondement profond des lions en courroux , On regarde , devant les naïfs tourlourous , Tendant la trompe , avec ses airs de gros espiègle , L ' éléphant engloutir les nombreux pains de seigle .XXXIV EN plein soleil , le long du chemin de halage , Quatre percherons blancs , vigoureux attelage , Tirent péniblement , en butant du sabot , Le lourd bateau qui fend l ' onde de l ' étambot ; Près d ' eux , un charretier marche dans la poussière .",
                  "id": "20",
                  "title": "Poésies complètes de François Coppée / illustrations de E. Boilvin et Rossi"
            }
      ]
}