{
      "articles": [
            {
                  "doc_url": "https://gallica.bnf.fr/ark:/12148/bpt6k69039d",
                  "emotions": [
                        "surprise",
                        "disgust",
                        "fear"
                  ],
                  "excerpt": "Il venait à peine de faire cette remarque , lorsqu ' une sensation fort désagréable le frappa soudain .Une odeur révoltante , une odeur toute nouvelle pour lui , une oJeur qu ' il n ' avait jamais sentie jusque - là , te saisit à la gorge .C ' était un amalgame de deux odeurs d ' une essence particulière et qui , quoique mélangées , étaient perceptibles chacune séparément .",
                  "id": "1",
                  "title": "L'hôtel hanté : roman / Wilkie Collins ; trad. de l'anglais... par Henry Dallemagne"
            },
            {
                  "doc_url": "https://gallica.bnf.fr/ark:/12148/bpt6k5548721c",
                  "emotions": [
                        "surprise",
                        "amusement"
                  ],
                  "excerpt": "J ' ai fait , au cimetière , un bouquet symbolique , D ' un fort goût de terroir : Un iris blanc , un calice mélancolique , Un pois de senteur noir .Un réséda bizarre et d ' une odeur mielleuse , La bourrache aux bleus rais ; Flore macabre et douce , expectante et frileuse , Très délicate , très .JEU FLORAL XI UN BRUIT DE SÉCATEUR .",
                  "id": "2",
                  "title": "[Oeuvres poétiques] / Robert de Montesquiou. [3], Le chef des odeurs suaves / Robert de Montesquiou"
            },
            {
                  "doc_url": "https://gallica.bnf.fr/ark:/12148/bpt6k57224393",
                  "emotions": [
                        "surprise",
                        "disgust",
                        "doubt"
                  ],
                  "excerpt": "On dit aussi d ' un enfant qui n ' est pas sensiblo au bien qu ' on lui fait : el à bèn èndifèran .En don ? n ' est - ce pas vrai ? Enfeclâcion , infection , chose qui sent mauvais .Enfgè , enfler .",
                  "id": "3",
                  "title": "Nuys, Nuis, Nuiz, Nuits, Nuits-Saint-Georges : son histoire dans les temps et son patois / par l'abbé Philippe Garnier,..."
            },
            {
                  "doc_url": "https://gallica.bnf.fr/ark:/12148/bpt6k5446907x",
                  "emotions": [
                        "surprise",
                        "excitement",
                        "gratitude"
                  ],
                  "excerpt": "La porte île droito , au fond du corridor du troisième , s ' entr ' ouvrit comme il mettait le pied sur le palier ; et la femme lui dit d ' une voix douce : — Entre , mon chéri .Par la porte , grande ouverte pour lui donner passage , une bouffée do l ' odeur puante lui sauta aux narines , et soudain , il s ' écria : • — Que j ' étais hôte ! J ' y suis maintenant .C ' était pourtant bien reconnaissable .",
                  "id": "4",
                  "title": "Cauchemars / Jean Richepin"
            },
            {
                  "doc_url": "https://gallica.bnf.fr/ark:/12148/bpt6k6512802w",
                  "emotions": [
                        "surprise",
                        "nervousness",
                        "pain"
                  ],
                  "excerpt": "Je les ai ramassées ; et les cassant sur ma tête durcie , je me composai un délicieux petit dîner .Mais quel dessert ! Au moment où j ' allais me délecter d ' un peu de sauge fleurie et de quelques fraises à peine rosées , mais odorantes et tendres , un coup de feu se fit entendre et la balle d ' un chasseur vint me frapper à la nuque ! Je ressentis une violente secousse et ce fut tout .C ' était ce qu ' on peut appeler une vilaine fin de repas ! Le ciment avait cependant cédé sous la violence du coup ; et , grâce à cela , j ' étais débarrassé de mon bonnet cimenté dont je commençais à avoir assez .",
                  "id": "5",
                  "title": "Jeannot-lapin et Cie / texte et illustrations de Benjamin Rabier"
            },
            {
                  "doc_url": "https://gallica.bnf.fr/ark:/12148/bpt6k5468647k",
                  "emotions": [
                        "surprise",
                        "fear",
                        "doubt"
                  ],
                  "excerpt": "Autour de lui , des légions de moustiques sonnaient d ' incessantes fanfares ; les lianes épineuses lui épinglaient la peau jusqu ' au sang ; le soleil dardait ses rayons lorrides : il se dégageait de tout cela une .impression , indéfinissable , une odeur fade de massacre qui fouettaient ; le fauve .Celui - ci prenait son élan , bondissait , retombait sur les massives épaules du veau sémitique qui , la nuque ouverte , chancelait et s ' abattait dans un ruisseau rouge .",
                  "id": "6",
                  "title": "Prison fin de siècle : souvenirs de Pélagie / E. Gegout et Ch. Malato ; ill. de Steinlen"
            },
            {
                  "doc_url": "https://gallica.bnf.fr/ark:/12148/bpt6k1422121t",
                  "emotions": [
                        "surprise"
                  ],
                  "excerpt": "Les meubles suivraient , après l ’ inventaire .Il fallait partir ! Et voilà qu ’ un bien - être nouveau jaillissait des murs ; un parfum insoupçonné , issu de l ’ intolérable parfum familier qui se décomposait , s ’ épandait dans la maison .La glace de la cheminée contenait presque toute la chambre : telle petite chaise où Christian s ’ asseyait , un livre rouge sur les genoux , tel vase où elle avait mis des fleurs aux jours où la gaieté de la saison avait vaincu l ' ennui accablant de sa vie , le petit secrétaire où elle avait écrit ses quelques lettres d ’ amour , la fenêtre où — d ’ ici — s ’ encadraient un morceau de ciel , une troupe de toits dominés par l ’ aiguille du clocher ; à côté , le coin d ’ ombre où se « mussait » Antonine .",
                  "id": "7",
                  "title": "La Prison de verre, roman"
            },
            {
                  "doc_url": "https://gallica.bnf.fr/ark:/12148/bpt6k282088n",
                  "emotions": [
                        "surprise",
                        "doubt",
                        "despair",
                        "frustration"
                  ],
                  "excerpt": "EPITAPHE DU MIME PARIS .riche ; que dirai - je enfin ? seule , chacune de ces Toi qui suis la voie Flaminienne , passant odeurs est insuffisante ; mêlez - les , ettoutes ensem - arrête - toi devant ce noble tombeau .Ci - gisent ble auront le parfum des baisers de mon mignon avec Paris , les délices de Rome , le sel mordant à son réveil .",
                  "id": "8",
                  "title": "Stace, Martial, Manilius, Lucilius junior, Rutilius, Gratius Faliscus, Némésianus et Calpurnius : oeuvres complètes : avec la traduction en français / publiées sous la direction de M. Nisard,..."
            },
            {
                  "doc_url": "https://gallica.bnf.fr/ark:/12148/bpt6k62108081",
                  "emotions": [
                        "surprise",
                        "excitement",
                        "pride",
                        "envy",
                        "greed",
                        "doubt"
                  ],
                  "excerpt": "— Tu resteras , ma Didine , tout est fini .Va ! cette fortune est - elle à si bon marché ? ne dois - je pas épouser une grande blonde dont le nez est sanguinolent , la fille d ' un notaire , et endosser une belle - mère qui rendrait des points à madame Piédefer en fait de dévotion .Paméla se précipita dans le salon , et vint dire à l ' oreillo de Lousteau : — Madame Schontz ! .",
                  "id": "9",
                  "title": "La muse du département : scènes de la vie de province / H. de Balzac"
            },
            {
                  "doc_url": "https://gallica.bnf.fr/ark:/12148/bpt6k5848761m",
                  "emotions": [
                        "admiration",
                        "surprise"
                  ],
                  "excerpt": "— Ce nom provient de ce que la première fabrique de bougies fut établie , à Paris , dans le voisinage de la barrière de l ' Étoile .Ce magnifique progrès , qui devait remplacer la puante chandelle , à lumière fumeuse , par la bougie si propre et douée d ' une flamme si blanche , date de 1831 , » C ' est par le moulage que s ' obtiennent les bougies .Les 138 LE MÉNAGE moules sont en métal et débouchent par leur base dans le fond d ' une caisse servant d ' entonnoir commun .",
                  "id": "10",
                  "title": "Le ménage : causeries d'Aurore avec ses nièces sur l'économie domestique : lectures courantes à l'usage des écoles de filles (12e édition) / par J.-Henri Fabre,..."
            },
            {
                  "doc_url": "https://gallica.bnf.fr/ark:/12148/bpt6k54820958",
                  "emotions": [
                        "surprise"
                  ],
                  "excerpt": "Sa somnambule s ' était prescrit pour uno heuro déterminée des fumigations do storax ; mais ( son révoil étant sans souvenir ) elle n ' y pensa pas quand l ' heure sonna .Elle eut tout à coup la vision d ' un tonneau d ' où s ' échappait uno épaisse fumée ot sontit aussitôt l ' odeur correspondante .Une autre fois , l ' imago d ' un jet d ' eau lui rappela un oubli ; lorsqu ' elle voulut enfin faire uno infraction à son régime , elle on fut ompêchéo par un coup sur la main ( * ) Billot n ' a malheureusement pas enregistré tous les faits do cette sorte , et il dit avec des égards non justifiés pour les préjugés régnants , qu ' il en tait beaucoup , lo moment n ' étant pas venu do les publier .",
                  "id": "11",
                  "title": "La magie, science naturelle. La psychologie magique / par le baron Dr Carl Du Prel ; traduit de l'allemand par Nissa ; préface par G. de Fontenay..."
            },
            {
                  "doc_url": "https://gallica.bnf.fr/ark:/12148/bpt6k51030020",
                  "emotions": [
                        "surprise"
                  ],
                  "excerpt": "Hélas ! notre visite fut de courte durée , j ’ eus la malencontreuse idée de le conduire d ’ abord dans la rue du Petit - Croissant .A peine avions - nous franchi l ’ entréequ ’ u - ne odeur désagréable se permit l ’ assaut de notre appendice nasal .J ’ avais commis une gafîe , sûrement .",
                  "id": "12",
                  "title": "Revue comique normande : artistique, littéraire, théâtrale... [\"puis\" journal excessivement gai... \"puis\" hebdomadaire]"
            },
            {
                  "doc_url": "https://gallica.bnf.fr/ark:/12148/bpt6k96076542",
                  "emotions": [
                        "admiration",
                        "surprise",
                        "fear",
                        "gratitude",
                        "doubt"
                  ],
                  "excerpt": "Vn autre voyant les arbres fleuris souspiroit : Pourquoy suis - ie seul defleury au jardin de l ' Eglise ? Vn autre voyant de petits poussins ramassez sous leur mere , ô Seigneur , dit - il , conseruez - nous sous l ' ombre de vos ajues .L ' autre voyant le Tourne - Soleil dit , Quand sera - ce , mon Dieu , que mon ame suiura les attrai & s de vostre bonté ! & voyant des Pensees de jardin belles à la veuë , mais sans odeur : He ! dit - il , telles sont mes cogitations , belles à dire , mais sans esset ny production .Voilà ; ma Philothee , comme l ' on tire les bonnes pctifecs , & sain & es aspirations de ce qui se presente en la varicté de cette vie mortelle .",
                  "id": "13",
                  "title": "Les Oeuvres de messire François de Sales,... recueillies dans un corps de volume... Édition nouvelle..."
            },
            {
                  "doc_url": "https://gallica.bnf.fr/ark:/12148/bpt6k964382",
                  "emotions": [
                        "surprise",
                        "love",
                        "doubt",
                        "disappointment"
                  ],
                  "excerpt": "Mlle Éloa faisait déjà des adieux extrêmement tendres , dans son cabinet de toilette , à Hippolyte , successeur légitime des héros dont j ' ai plus haut énuméré les noms .Quel guignon que l ' arrivée de ce birbe insupportable On commençait à peine à se comprendre 0 moisson trop hâtive d ' un amour à peine mûri 1 Tout en déplorant cette séparation anticipée , la charmante fille achevait de retrousser sur sa nuque ambrée les lourdes nattes d ' or de ses cheveux , tandis que dans un coin de la pièce coquette et tout imprégnée de chaudes odeurs , une vapeur légère et parfumée courait encore sur l ' eau tiède d ' une baignoire d ' argent .Bonjour , mon beau Jacques répétait avec plus de rage que jamais l ' obstiné kakatoès .",
                  "id": "14",
                  "title": "Les mémoires d'un galopin ; suivis de Petite histoire naturelle / Armand Silvestre"
            },
            {
                  "doc_url": "https://gallica.bnf.fr/ark:/12148/bpt6k5459568f",
                  "emotions": [
                        "surprise",
                        "doubt"
                  ],
                  "excerpt": "I LORSQUE Avril éclate en chansons , .En mille gammes affolées , Des prés , des arbres , des buissons , Sortent , confusément mêlées , Des senteurs vagues et des voix D ' oiseaux chantant les fleurs nouvelles ; Les passereaux par deux , par trois , Piaillent à l ' entour des femelles .Rimes galantes .",
                  "id": "15",
                  "title": "Poésies de Charles Burdin. Les Amours de tête. Rimes galantes. Tableaux et paysages. Heures noires. Çà et là"
            },
            {
                  "doc_url": "https://gallica.bnf.fr/ark:/12148/bpt6k63654542",
                  "emotions": [
                        "surprise",
                        "doubt"
                  ],
                  "excerpt": "buvait à petites gorgées le breuvage fumant tout en bavardant gaîment .Mais qu ' est ceci ? Plus de café , rien que de l ' eau dans la tasse ! Il n ' y avait jamais eu autre chose , elle avait bu et senti l ' illusion du moka brûlant et parfumé .On me répondra évidemment que tout le monde peut voir cela chez n ' importe quel magnétiseur ambulant qui vous fait prendre du pétrole pour du chocolat et du vinaigre pour du miel .",
                  "id": "16",
                  "title": "Histoire authentique de la Société théosophique. Série 1 / par son président-fondateur H. S. Olcott... ; traduite de l'anglais, par La Vieuville"
            },
            {
                  "doc_url": "https://gallica.bnf.fr/ark:/12148/bpt6k6501740n",
                  "emotions": [
                        "surprise"
                  ],
                  "excerpt": "C ' est s ' éveiller du som - meil de ce qu ' on connaît , que de voir un pays nouveau ! Hier , nous sommes allés à Collioure , - un village comme Port - Vendres , jeté entre des montagnes , la mer en face , ou plutôt de côté , le faubourg seul de Collioure regarde la mer , car le village qu ' ils appellent la ville est fortifié de tous les côtés , bourgade moyen âge , trou de Juifs , a dit , je crois , l ' Ange Blanc , qui démêle si bien et si vite les physionomies .C ' est à croire , en effet , que les Juifs les plus infects du treizième siècle vont sortir de ces rues étroites , tortueuses , puantes , et sinistrement immondes .C ' est Narbonne laid et encanaillé , - mais cette laideur et cet encanaillement a le caractère du moyen âge ; c ' est affreux , mais non vulgaire , cette chose pire que l ' affreux .",
                  "id": "17",
                  "title": "Memoranda / J. Barbey d'Aurevilly ; préface de Paul Bourget"
            },
            {
                  "doc_url": "https://gallica.bnf.fr/ark:/12148/bpt6k8534845",
                  "emotions": [
                        "surprise",
                        "doubt",
                        "nervousness"
                  ],
                  "excerpt": "Rabelais .Lattristante senteur d ' automne par les champs , Les angélus confus , les rumeurs des vallées S ’ assombrissant , parlaient des saisons exilées Au Passé , des hivers proches et desséchants .* Et moi .",
                  "id": "18",
                  "title": "Fleurs de neige"
            },
            {
                  "doc_url": "https://gallica.bnf.fr/ark:/12148/bpt6k888788q",
                  "emotions": [
                        "surprise",
                        "gratitude",
                        "envy"
                  ],
                  "excerpt": "Maître ! FALSUS MASSABIUS Ah ! c ’ est toi , Falsus ! Approche .Quel air sombre ! FALSUS Massabius ! Voici tes roses ! Dans le nombre Il en est aux parfums les plus purs , les plus doux , Mais dont les branches sont pleines de dards jaloux .Que veux - tu dire ? MASSABIUS FALSUS Rien ! Seulement crains la tige , Si tu veux que la fleur conserve ton prestige .",
                  "id": "19",
                  "title": "Nouveau théâtre des \"pupazzi\", texte et dessins naïfs, par L. Lemercier de Neuville. 2e édition"
            },
            {
                  "doc_url": "https://gallica.bnf.fr/ark:/12148/bpt6k96076542",
                  "emotions": [
                        "surprise",
                        "disapproval",
                        "love",
                        "desire",
                        "gratitude",
                        "envy",
                        "faith"
                  ],
                  "excerpt": "Ouy : car lès doux sont ILis desirables que les 1 J oeillets , Se les épines que les roses .Mon Dieu ! ma fille , que ie vous souhaite lainde , & que vous soyez toute odorante des lenteurs de ce cher Sauueur ! C ' est pour vous remercier de vostre bouquet , & vous asseurer que les petites choses me sont grandes ., quand elles [ ortent de vostre coeur , auquel le mien est tout dédié , ie vous en asseure , ma tres - chere fille , Le Pater , que vous dites pour le mal de tcite , n ' esi pas defendu : mais , mon Dieu ! ma fille , non ie n ' au - rois pas le courage de prier nostre Seigneur , par le mal qu ' il a en la tesse de n ' auoir point de douleurs tn la mienne : Ha ! il a enduré , à fin que nous n ' endurions point ! Sainte Catherine de Sienne voyant que sou Sauueurluy presentoit deux couronnes ; l ' vne d ' oraFautre d ' épines ; ; O ie veux la douleur ( ce dit - el ) pour ce monde ; l ' autre sera pour le C / W .",
                  "id": "20",
                  "title": "Les Oeuvres de messire François de Sales,... recueillies dans un corps de volume... Édition nouvelle..."
            }
      ]
}