{
      "articles": [
            {
                  "doc_url": "https://gallica.bnf.fr/ark:/12148/bpt6k5700970f",
                  "emotions": [
                        "surprise",
                        "grief",
                        "fear",
                        "love",
                        "excitement",
                        "nervousness",
                        "pain"
                  ],
                  "excerpt": "Ses yeux , subitement ouverts à la lumière , ont rencontré face à face la figure lubrique , ignoble du chaouche Omar .Elle sent son haleine , elle le voit qui se penche pour l ' embrasser , comme le serpent , avant d ' engloutir sa victime , déverse sur elle le venin de sa bave empestée .L ' indignation et l ' effroi la rappellent bien vite au sentiment de sa position .",
                  "id": "1",
                  "title": "Hanina, la vierge de Constantine, roman algérien, par E. Vayssettes"
            },
            {
                  "doc_url": "https://gallica.bnf.fr/ark:/12148/bpt6k96511113",
                  "emotions": [
                        "surprise",
                        "fear",
                        "excitement",
                        "doubt",
                        "nervousness"
                  ],
                  "excerpt": "Bellie lui ayant cependant dit : répondez , ma fille , & dites - moi ce que vous voyez dans cette boîte terrible , dites - le sans déguisement .Hé bien , Madame , répondit Aglaé , je crois voir dans cette boîte une poudre que nous appellons tabac ; je crois même en sentir l ' odeur , mais je crains de vous l ' assurer .Bellie se levant vivement , ce qui fit frémir Aglaé , s ' écria : 0 grand Borgomonoty ( a ) ! que cette filte est innocente ! - , ( a ) C ' étott le Roi des ' Magiciens de la Contrée .",
                  "id": "2",
                  "title": "Morali-philoso-physicologie des buveurs d'eaux minérales aux nouvelles sources de Passy en mai 1787 ... Divisée par matinées. Par M. Tho. Mineau de La Mistringue..."
            },
            {
                  "doc_url": "https://gallica.bnf.fr/ark:/12148/bpt6k96511113",
                  "emotions": [
                        "surprise",
                        "doubt",
                        "indifference"
                  ],
                  "excerpt": "Les chaises où elles étoient assises furent métamorphosées en un banc de gazon parsemé de fleurs de différentes couleurs .Plutôt que de répondre , Aglaé interdite regardoit autour d ' elle , à ses pieds Se au - dessus de sa tête ; son étonnement devint plus grand , lorsqu ' elle le sentit soulevée , & comme suspendue en l ' air , soutenue dans l ' espace par une colonne < ie fleurs odoriférantes .Cependant ayant porté ses regards sur ceux de Bellue , aussi pénétrans qu ' ils étoient doux & pleins de bontés .",
                  "id": "3",
                  "title": "Morali-philoso-physicologie des buveurs d'eaux minérales aux nouvelles sources de Passy en mai 1787 ... Divisée par matinées. Par M. Tho. Mineau de La Mistringue..."
            },
            {
                  "doc_url": "https://gallica.bnf.fr/ark:/12148/bpt6k854145h",
                  "emotions": [
                        "surprise",
                        "nostalgia",
                        "relief"
                  ],
                  "excerpt": "En atteignant le sommet du Yocli , le point plus élevé du passage , je me trouvai tout à coup plongé dans une nuit profonde .Un épais brouillard dérobait à ma vue tous les objets qui m ’ environnaient ; j ’ élais pénétré d ’ un froid d ’ hiver ; je croyais sentir l ’ odeur des frimas ; j ’ élais frappé du silence qui règne dans ces régions élevées de l ’ air : tout enfin annonçait une de ces soirées trop communes dans les Alpes , et où le voya - geur n ’ est pas toujours payé de ses peines .En descendant du côté d ’ Engelberg , j ’ aperçus une lueur au - dessous de moi , c ’ était le ciel : je distinguai bientôt des montagnes de neige , puis un rocher tout brillant des reflets du soleil couchant , puis un lac , des arbres , des maisons ; mais tous ces objets étaient si bizarrement entremêlés de vapeurs , et d ’ ombres , et de lumière , qu ’ il me l ' allait les examiner avec une grande attention , pour en reconnaître la forme .",
                  "id": "4",
                  "title": "Mémoires et voyages ou Lettres écrites à diverses époques pendant des courses en Suisse, en Calabre, en Angleterre et en Ecosse, par le marquis de Custine... 3e édition"
            },
            {
                  "doc_url": "https://gallica.bnf.fr/ark:/12148/bpt6k5846517w",
                  "emotions": [
                        "surprise",
                        "faith"
                  ],
                  "excerpt": "Le Barbare à genoux attendait en silence .Ces flambeaux allâmes , ces chants harmonieux , Les flots amoncelés de celte foule immense , De l ' airain mugissant les sons religieux , Les riches encensoirs , les flottantes bannières , De leurs vêlements d ' or les lévites ornés , Tout , l ' odeur des parfums , les voix et les prières Pénétraient de Clovis tous les sens étonnés .Rangés autour de lui , ses compagnons de gloire Partageaient son extase en ce jour solennel ; Sur ses pas ils volaient naguère à la victoire ; Avec lut main tenant ils entouraient l ' autel .",
                  "id": "5",
                  "title": "Baptême de Clovis, par J.-B. Buzy,..."
            },
            {
                  "doc_url": "https://gallica.bnf.fr/ark:/12148/bpt6k54584963",
                  "emotions": [
                        "surprise",
                        "doubt",
                        "curiosity"
                  ],
                  "excerpt": "SON MOUCHOIR 47 XII Lorsqu ' on voit une rose épanouie , on l ' aime , De l ' oeil on la caresse , heureux de son odeur , On craint de l ' arracher à sa tige ; de même , Avant de la cueillir , je respirais ma fleur .Bah ! qu ' est - ce qu ' une rose auprès d ' un beau visage ? Que son parfum auprès d ' un baiser embaumé ? Sa tige morte auprès d ' un agile corsage ? Si l ' on aime une rose , on n ' en est point aimé .Déjà je la voyais , amoureuse et lascive , Égrener ces aveux qu ' on écoute à genoux , Presser contre son sein ma tête convulsive ; M ' entourer de ses bras avec tm soin jaloux ; Je la voyais , d ' abord rebelle à mes tendresses ; Se défendre , puis moins , et bientôt se taisant Et vaincue à demi par mes folles caresses , Me donner des baisers tout en les refusant ; 48 SON MOUCHOIR Mille fougueux désirs travaillaient ma pensée ; Une heure seulement , je devais être heureux , Adorer cette femme , et , cette heure passée , Peut - être m ' éloigner , des larmes dans les yeux ! Quoi ! j ' allais voir la coupe à ma lèvre altérée S ' offrir ! quoi ! j ' allais voir les branches se pencher , Étalant de leurs fruits la richesse dorée , Et , Tanta ! e nouveau , ne pouvoir y toucher ! Non ; pareil au soldat courageux sous les armes , Je combattrai la belle ; et , dussé - je employer La voix de la prière ou la ruse des larmes , Je veux que sa vertu meure sur l ' oreiller .",
                  "id": "6",
                  "title": "Son mouchoir, poëme galant / Henri Cantel"
            },
            {
                  "doc_url": "https://gallica.bnf.fr/ark:/12148/bpt6k62671v",
                  "emotions": [
                        "surprise"
                  ],
                  "excerpt": "Le fanon musculeux ballottait de droite et de gauche comme une épaisse draperie qu ' agitaient les mouvements de mufle réguliers et lents , tandis que la queue vigilante voltigeait sans relâche alentour de leurs euisses et de leurs flancs , chassamt les taons assoines de sang et les mouches importunes .De temps à autre , l ' une d ' elles , capricieuse ou lassée d ' im m ~ tB toujours pareil , levait la tête et humait le vent pour surprendre , dans la symphonie des parfums eishalés par les herbes Rnes de la prairie , quelque harmonie nouvelle plus tenttmte et aller entamer plus loin un sillage nouveau , comme un mineur qui délaisse pour une veine plus riche un filon appauvri ou épuisé .Mimile alors levait la tête , surveillant attentivement les évolutions de la beto , et , quand il la voyait tendre le museau du eôté de la haie voisine , par un ou plusieurs vigoureux claquements de fouet , la rappelait à l ' ordre et au sentiment do la discipline .",
                  "id": "7",
                  "title": "Les rustiques : nouvelles villageoises (2e édition) / Louis Pergaud ; [préface de Lucien Descaves]"
            },
            {
                  "doc_url": "https://gallica.bnf.fr/ark:/12148/bpt6k55654387",
                  "emotions": [
                        "surprise",
                        "doubt"
                  ],
                  "excerpt": "Il y a chaque aimée cinq ou six mille cadavres ainsi importés à La Mecque .Faut - il s ' étonner si pareille invasion laisse le pays absolument empesté , au point que les habitants sont obligés de se boucher le nez avec un morceau d ' étoffe qu ' ifs portent suspendu au cou par une petite chaîne ? Haroun - al - Raschid faisait très sérieusement ce pèlerinage de Bagdad à La Mecque .Plusieurs fois il le lit à pied .",
                  "id": "8",
                  "title": "Aux pays du Christ : études bibliques en Égypte et en Palestine / par l'abbé Mce Landrieux"
            },
            {
                  "doc_url": "https://gallica.bnf.fr/ark:/12148/bpt6k6212481d",
                  "emotions": [
                        "surprise"
                  ],
                  "excerpt": "Daniel repoussa le portefeuille sans regarder autre chose et sortit précipitamment pour aller à la recherche de la dame .Il appela , ouvrit des portes au hasard ; une odeur de vernis et de tabac le prit aux narines : il se trouvait dans un atelier de peintre .Un exemplaire de Nana traînait sur une table entre une bouteille et des cigares .",
                  "id": "9",
                  "title": "Daniel Cortis (2e édition) / A. Fogazzaro ; traduit de l'italien par Paul Solanges"
            },
            {
                  "doc_url": "https://gallica.bnf.fr/ark:/12148/bpt6k5602665g",
                  "emotions": [
                        "surprise",
                        "doubt"
                  ],
                  "excerpt": "Qu ' on ne cherche pas surtout à détromper un individu enthousiasmé des purgations .Quoi , vous diroit - ilau moment même où ses entrailles viennent d ' être bouleversées par une médecine énergique ! quoi ! j ' ai rendu de la bile , des glaires , des matières rousses , grises , jaunes , noires et qui avoient une odeur ! ..",
                  "id": "10",
                  "title": "La Science de purger, détruire les vers intestinaux et couper les fièvres intermittentes sans danger... par G.-J.-Augte Bonhoure,..."
            },
            {
                  "doc_url": "https://gallica.bnf.fr/ark:/12148/bpt6k65224370",
                  "emotions": [
                        "surprise",
                        "disgust",
                        "anger",
                        "annoyance",
                        "disapproval",
                        "disappointment"
                  ],
                  "excerpt": "Le lendemain , à son lever , sa domestique lui mit une lettre qu ' un laquais du Marquis enait d ' apporter , et qui attendait la réponse .Clara ouvrit avec dégoût le billet parfumé , insi conçu : « Jamais je ne me serais attendu à la froieur avec laquelle vous m ' avez traité cette uit ; je n ' ai pu dormir en y pensant .Dès ion lever , je vouss écris pour vous dire que je vous attends sans faute à l ' heure ordinaire .",
                  "id": "11",
                  "title": "Les Deux folies, par D. José Güell y Renté"
            },
            {
                  "doc_url": "https://gallica.bnf.fr/ark:/12148/bpt6k207946r",
                  "emotions": [
                        "surprise",
                        "nostalgia",
                        "doubt"
                  ],
                  "excerpt": "C ' est le timbre qui paraphe , Inventeurs , votre brevet ; C ' est le nouveau télégraphe Que l ' ancien Titan rêvait ! Aussi la fashion errante Ne lit plus dans les journaux Que le roman de la rente Et l ' idylle des canaux ! L ' IMPRIMERIE .Tu mens ! Signe banal dont toute main s ' arrange , L ' Or se souvient toujours qu ' il est né dans la fange ; Mais le Livre , vainqueur du temps et du trépas , Nous donne les vrais biens qui ne s ' achètent pas En ouvrant quelque cher Livre , N ' entends - tu pas une voix Dont le murmure t ' enivre Comme une senteur des bois ? Voici qu ' aux premières pages , Création et portrait , Chaste , parmi les ombrages Une figure apparaît .Cette amoureuse inquiète , Avec ses pleurs séduisants , C ' est Agnès ou Juliette En la fleur de ses quinze ans , Et pourtant , c ' est ta maîtresse Lys que rien ne peut ternir , Le zéphyr qui la caresse Te rapporte un souvenir ! Tous ceux que l ' Inassouvie A fauché pour ses tombeaux , Le Livre tout plein de vie Te les rend jeunes et beaux Il te rend avec leurs charmes Tes rêves , pareils aux siens , Et la saveur de tes larmes , Et tous les espoirs anciens ! Car en sa raison féconde , Tour à tour doux et moqueur , II est l ' histoire du monde Comme celle de ton cœur .",
                  "id": "12",
                  "title": "Comédies / Théodore de Banville"
            },
            {
                  "doc_url": "https://gallica.bnf.fr/ark:/12148/bpt6k56974311",
                  "emotions": [
                        "surprise",
                        "optimism",
                        "excitement",
                        "doubt",
                        "disappointment"
                  ],
                  "excerpt": "Enfin » le vinaigre produit parla 1ermehtudott du vin s ' administre intérieurement eu petites doses comme rafraîchissant , et extérieurement pour bains de pieds , brûlures légères et gargarismes dans les maux de gorge .QUe de choses ttlttes nous a donc léguées Noé , lorsqu ' il cul l ' heureuse idée de cultiver la première vigne » VIOLETTE ODORANTE ( Violacées , T .) VIOLA ODORATA .",
                  "id": "13",
                  "title": "Le médecin des pauvres et les 2000 recettes utiles (20 édition considérablement augmentée) / L. Peyronnet,... ; [avec la collaboration du Dr Georges Migot]"
            },
            {
                  "doc_url": "https://gallica.bnf.fr/ark:/12148/bpt6k6118315p",
                  "emotions": [
                        "surprise",
                        "grief",
                        "doubt"
                  ],
                  "excerpt": "Qur mi • — r - Que ; ne puis - je .aussi presser sur mon sein mon vertueux et bon père — De quelle trahison pouvez - vous donc vous plaindre — Pourquoi un chien debasseTcbur hUrlet - il la nuit à la simple odeur d ' un loup .qui lui ressemble — Qui passera ' de ' nous \" qui cédera .",
                  "id": "14",
                  "title": "Plus de grammaires, ou Simples règles d'orthographe, de grammaire, de syntaxe et de prononciation, manuel usuel et populaire (2e édition) / par M. Bescherelle aîné,..."
            },
            {
                  "doc_url": "https://gallica.bnf.fr/ark:/12148/bpt6k9753941v",
                  "emotions": [
                        "surprise",
                        "doubt",
                        "curiosity"
                  ],
                  "excerpt": "Elle dit à son mari , le ministre d ' Ëgypte : « Allons , compte à Mâlik la somme que j ' ai dite .» « Hélas ! dit - il , tous nos trésors , en fait de parfums , de perles et d ' or ne représentent pas la moitié de cette somme ? Où irais - je la chercher ? » Or , Zouleïkhâ avait un écrin plein de perles , vraie constellation d ' étoiles scintillantes , dont chacune valait au moins le tribut de l ' Egypte : « Donne - les , dit - elle , en échange de celui dont la perle de mon âme est la rançon .» Le ministre invoqua un nouveau prétexte : « Le roi de l ' époque a envie de ce jeune homme pour le mettre à la tête de ses pages .",
                  "id": "15",
                  "title": "Youssouf et Zouleikha / Djami ; traduit pour la première fois du persan en français, par Auguste Bricteux,..."
            },
            {
                  "doc_url": "https://gallica.bnf.fr/ark:/12148/bpt6k63340690",
                  "emotions": [
                        "surprise"
                  ],
                  "excerpt": "C ' était vrai , elle sortait d ' ensevelir un enfant , ce que les assistant ignoraients .C ' est aussi par l ' odorat et ensuite par la petitesse du mouchoir qu ' on lui mit entre les mains , qu ' un officier d ' état - major , endormi chez Faria , devina , devant la société qui s ' y trouvait , que ce mouchoir venait d ' un enfant atteint de consomption , sans qu ' avant le sommeil , après avoir examiné cet objet , cet officier eût éprouvé quelque chose de particulier .Les sensations olfactives qu ' éprouvèrent ces deux dormeurs eurent leur germe dans une sensation éprouvée autrefois par eux à l ' approche d ' un mort ou d ' un malade tombé dans le marasme ; rien d ' étonnant que , grâce à leur attention accumulée sur l ' organe de l ' odorat , ils aient pu déceler des odeurs insaisissables à tous autres et dont ils avaient déjà la connaissance .",
                  "id": "16",
                  "title": "Du Sommeil et des états analogues, considérés surtout au point de vue de l'action du moral sur le physique, par A.-A. Liébeault,..."
            },
            {
                  "doc_url": "https://gallica.bnf.fr/ark:/12148/bpt6k5859397f",
                  "emotions": [
                        "surprise"
                  ],
                  "excerpt": "Maître Corbeau , comme jadis , Tenait dans son bec un fromage : L ' expérience , mon cher fils , T ' a - t - elle enfin rendu plus sage ? Lui dit de son ton patelin Un vieux dindon pourtant malin ; Puisque l ' amitié nous rassemble , Rions et fricottons ensemble ; Et si le Renard vient , tous deux Nous le narguerons à qui mieux .Notre corbeau , le laissant dire , Sur un arbre va se percher , Et voit aussitôt s ' approcher Le renard , que l ' odeur attire : « Eh bonjour , monsieur du corbeau » Comme tu sais ton Lafontaine , Cher lecteur , ce n ' est pas la peine De te citer tout le morceau .A ce discours qui le flatte , Comme s ' il était nouveau , Monsieur du Corbeau se hâte De ' tomber dans le panneau .",
                  "id": "17",
                  "title": "Apologues araucaniens, recueillis et traduits en vers français par Edmérik Edmond"
            },
            {
                  "doc_url": "https://gallica.bnf.fr/ark:/12148/bpt6k6523179m",
                  "emotions": [
                        "surprise",
                        "disgust",
                        "annoyance",
                        "disapproval",
                        "gratitude",
                        "frustration"
                  ],
                  "excerpt": "C ' était l ' impression de deux charmantes petites bruxelloises qui se trouvaient dans le tram , il y a quelques semaines , avec des officiers allemands .D ' un même geste , elles portèrent leur mouchoir parfumé à leur narine , en s ' exclamant : - Pouah , ça empeste la souris ! Résultat pour ces dames : une visite forcée à la Kommandatur , et quinze jours de prison pour n ' avoir pas goûté l ' odeur de l ' Allemand .Le son du canon Pendant plusieurs soirs , la semaine dernière , les habitants de la grande banlieue de Paris , à Cormeilles , Enghien , Herblay , Montmorency , Maisons , Achères , ont distinctement entendu vers huit heures du soir , c ' est - à - dire au moment où les bruits du jour s ' apaisent , une canonnade formidable .",
                  "id": "18",
                  "title": "Le Cri de Paris / dir. P. Dollfus"
            },
            {
                  "doc_url": "https://gallica.bnf.fr/ark:/12148/bpt6k61248942",
                  "emotions": [
                        "surprise",
                        "excitement",
                        "relief",
                        "gratitude",
                        "despair",
                        "embarrassment"
                  ],
                  "excerpt": "Ces deux Messieurs , guidés par ce souci , Après avoir des Saintes Trappistines En détail vu le soyeux atelier , Dont est si fier Espira tout entier ; Après avoir , par vaux et par collines , Visité Pêne , Estagel et Latour , Ont de l ' Agly déserté la rivière , Et , sans délai , par un léger détour , Atteint un bourg où Madame Danière Les a reçus et leur a présenté Avec orgueil de sa Magnanerie 3 Le bon état et la prospérité ; Et cependant , leur a - t - elle ajouté , 0 doux Jésus , Sainte Vierge Marie ! Ces vers si beaux maintenant et si forts , Soudain cessant de prendre leur pâture , Allaient tromper mes soins et mes efforts , Quand , sur le soir , j ' appris par aventure Qu ' une hideuse et sombre créature , Chez qui sans doute habite le démon , ■ D ' un oeil hagard regardait ma maison .Ciel ! C ' en est fait , je suis ensorcelée , Dis - je aussitôt , et ma chambrée aussi ! Je sentais même une odeur de roussi .Heureusement je fus bien conseillée : Notre voisin , brave homme , s ' il en fût , Vint et m ' apprit que non loin de Cassagnes , Un vieux berger , jour et nuit à Taffùt De Belzébuth , errant dans nos montagnes , M ' indiquerait un remède certain Qui de mes vers réveillerait la faim .",
                  "id": "19",
                  "title": "Les Sorciers, anecdote toute récente, par M. Louis Fabre,..."
            },
            {
                  "doc_url": "https://gallica.bnf.fr/ark:/12148/bpt6k5495025t",
                  "emotions": [
                        "surprise"
                  ],
                  "excerpt": "• Quand au matin parut l ' aurore solennelle , Enivrés de la nuit aux baisers capiteux , Nous étions encor là , dans la joie éternelle De sentir notre amour nous brûler tous les deux .Et maintenant , parfois lorsque revient l ' aurore , Gadz ' arts : ie sens soudain tout aufonddeimortcoeur • Gomme un parfum d ' encens qui dan ' sd ? air s ' évapore ; ..",
                  "id": "20",
                  "title": "Gadzarts : pastels et eaux-fortes / Paul Gelineau"
            }
      ]
}