{
      "articles": [
            {
                  "doc_url": "https://gallica.bnf.fr/ark:/12148/bpt6k5406135c",
                  "emotions": [
                        "surprise"
                  ],
                  "excerpt": "Lorsque des matières grasses se mélangent au pus , elles exagèrent et modifient sensiblement sa senteur .Qui n ' a remarqué , dans les plaies opératoires des lipomes , et dans les blessures suppurant chez des sujets trèsgias , la production d ' une odeur vive , pénétrante et diffusible , rappelant deloiu l ' odeur d ' acroléine ? ..",
                  "id": "1",
                  "title": "Essai sur les odeurs du corps humain dans l'état de santé et dans l'état de maladie (2e édition) / par Ernest Monin,..."
            },
            {
                  "doc_url": "https://gallica.bnf.fr/ark:/12148/bpt6k2082909",
                  "emotions": [
                        "surprise",
                        "doubt"
                  ],
                  "excerpt": "Miroiter dans le sang me répugne , et je ne me soucie guère que l ' histoire me daguerréotype avec cette étiquette soleil de Cronstadt ou de Sébastopol faites tout ce que vos fureurs humaines , ou plutôt inhumaines , vous conseillent ; mais que cela se fasse dans l ' ombre ; pour moi , je n ' éclaw rerai que la paix Le soleil dit tout cela ? 1 m ' écriai - je .Vous le voyez bien ! reprit la dame , épandant autour de ma tête , sans doute en agitant son mouchoir brodé , je ne saurais dire quel parfum fabriqué , je crois , par elle - même , et qui me produit toujours un irrésistible et bizarrP effet d ' hallucination et de kief oriental .Je fermai involontairement les yeux et la laissai divaguer .",
                  "id": "2",
                  "title": "Voyages çà et là : Italie, Allemagne, Angleterre / par Jules Lecomte"
            },
            {
                  "doc_url": "https://gallica.bnf.fr/ark:/12148/bpt6k69182t",
                  "emotions": [
                        "surprise"
                  ],
                  "excerpt": "De là des sélections nouvelles .Bientôt la forte odeur de poil moite le grisait .Oublieux des choses , il ne songeait plus qu ' a dompter magnifiquement ce troupeau de brutes .",
                  "id": "3",
                  "title": "Les volontés merveilleuses : en décor / Paul Adam"
            },
            {
                  "doc_url": "https://gallica.bnf.fr/ark:/12148/bpt6k62074482",
                  "emotions": [
                        "surprise"
                  ],
                  "excerpt": "Son parasol s ' ouvre , large et épanoui , au - dessus de sa tête .Nous sortons de la barque à moitié asphyxiés par les émanations incendiaires de la rive .Notre premier soin est de nous rendre à la poste pour y déposer un volumineux paquet de lettres .",
                  "id": "4",
                  "title": "En felouque sur le Nil : souvenirs de Basse-Nubie et de Haute-Égypte / René Des Chesnais"
            },
            {
                  "doc_url": "https://gallica.bnf.fr/ark:/12148/bpt6k6578247x",
                  "emotions": [
                        "surprise",
                        "disgust"
                  ],
                  "excerpt": "de Bouville , causons un peu de la propriété merveilleuse qu ' ont l ' eau et le gaz do se dilater .— Quoi ! les gaz ! dit Ernest , ces émanations si subtiles , si impalpables , se dilatent aussi ? — Aimez - vous la bière ? dit M .de Bouville .",
                  "id": "5",
                  "title": "Récréations physiques (6° éd.) / A. Castillon"
            },
            {
                  "doc_url": "https://gallica.bnf.fr/ark:/12148/bpt6k9685375s",
                  "emotions": [
                        "surprise",
                        "fear",
                        "doubt",
                        "nervousness",
                        "embarrassment"
                  ],
                  "excerpt": "Ils arrivèrent à Notre - Dame , transportés en cette communion idéale .Près de l ' autel , enivré par l ' odeur nuptiale de l ' encens , André saisit la main de Blanche et lui dit avec immense espoir : — Demeurez avec moi , toujours ! Mme Hamelin tressaillit , et , la gorge serrée , les lèvres pâles et tremblantes , elle répondit : — Cela est impossible .Je vous supplie de ne pas me répéter cette offre cruelle .",
                  "id": "6",
                  "title": "André Marsy / Émile Hinzelin"
            },
            {
                  "doc_url": "https://gallica.bnf.fr/ark:/12148/bpt6k6449169d",
                  "emotions": [
                        "admiration",
                        "surprise",
                        "gratitude"
                  ],
                  "excerpt": "LES FLEURS DE L ' EMPIRE .Les fleurs parlent aussi pour proclamer l ' Empire ! Qu ' ils sont doux ces parfums que dans l ' air on respire ; 0 miracle ! une plante , un Napoléona , A conquis ce matin le nom qu ' on lui donna , Quand , du temps de la guerre , au soleil de la France , On la confiait verte , emblème de l ' espérance ! Pour la première fois hasardant une fleur , Le violet , le pourpre émaillent sa couleur .On dirait qu ' aujourd ' hui la coquette nature Semble même à dessein rafraîchir sa parure , Le ciel qui bnlle mieux quand il veut nous bénir , A retardé l ' hiver et cherche à le bannir .",
                  "id": "7",
                  "title": "La poésie à Napoléon III : votes des poètes français / recueillis et publiés par J. Lesguillon..."
            },
            {
                  "doc_url": "https://gallica.bnf.fr/ark:/12148/bpt6k55103720",
                  "emotions": [
                        "surprise",
                        "amusement"
                  ],
                  "excerpt": "— Ouah ! ouah ! GRIPANDOUILLE ( reculant ) .— Oh ! oh ! quel est celui - ci ? Il a senti l ' odeur de mon fricot , le drôle ! Veux - tu bien t ' en aller ! LE CHIEN — Ouah ! ouah ! — 169 — DE GRIPANDOUILLE .GRIPANDOUILLE .",
                  "id": "8",
                  "title": "Théâtre des marionnettes du jardin des Tuileries / texte et composition des dessins par Duranty"
            },
            {
                  "doc_url": "https://gallica.bnf.fr/ark:/12148/bpt6k9685375s",
                  "emotions": [
                        "surprise",
                        "love",
                        "doubt"
                  ],
                  "excerpt": "Cette esthétique sentait un peu le paradoxe .Mais quoi ! la nuit qui tombait , cette maison pleine de silence et de parfums , cette voixau timbre voilé et pénétrant , cet imprévu et ce mystère , n ' était - ce pas un poétique ensemble , où se détachait , adoucie et lointaine , l ' épopée romantique ! — r Je m ' appelais Berthe , mais j ' avais pris le nom de Raphaële , Raphaële Durand ..",
                  "id": "9",
                  "title": "André Marsy / Émile Hinzelin"
            },
            {
                  "doc_url": "https://gallica.bnf.fr/ark:/12148/bpt6k9685375s",
                  "emotions": [
                        "surprise",
                        "disgust",
                        "fear",
                        "embarrassment"
                  ],
                  "excerpt": "Avec un sourire , Mme Famières interrogea Georges , et le duo recommença .Mais cette odeur , cette poussière , ce fantôme de palmier , cette pendule morte , cet abandon leur faisaient honte , horreur .et pitié .",
                  "id": "10",
                  "title": "André Marsy / Émile Hinzelin"
            },
            {
                  "doc_url": "https://gallica.bnf.fr/ark:/12148/bpt6k9685375s",
                  "emotions": [
                        "surprise",
                        "doubt",
                        "faith"
                  ],
                  "excerpt": "La nuit était d ' ambroisie , comme dit Homère , et toute pleine de Dieux .Qu ' était en effet , sinon une ambroisie pùre et subtile , cette clarté qui s épanchait du ciel en large nappe sur le faite bleui des arbres ? Et n ' étaient - ce point des Dieux qui remplissaient les coins d ombre ou les massifs obscurs , et leur communiquaient une si étrange séduc - tion ? De temps en temps , un souffle s ' élevait , remuait le profond feuillage , puis retombait , chargé de parfums .De la rivière , montait une fraîcheur délicieuse , à laquelle le brusque saut d ' un poisson ramenait l ' attention .",
                  "id": "11",
                  "title": "André Marsy / Émile Hinzelin"
            },
            {
                  "doc_url": "https://gallica.bnf.fr/ark:/12148/bpt6k6328218b",
                  "emotions": [
                        "surprise",
                        "doubt"
                  ],
                  "excerpt": "Ceux - ci sont passionnés pour la musique ; à ceux - là elle n ' offre aucun attrait .Mais qui croirait qu ' il existe un goût , auquel il faiït sacrifier son honneur , sa santé , sa fortune , son temps , et même sa vie ? Ce sont donc des foute qui s ' y livrent , direz - vous ' ? Non ; ee sont seulement des individus d ' un genre excentrique , hétéroclite , hétérogène , anomal ; ce sont les chimistes : Gens maeérés dans l ' eau de pluie , Flairant de loin l ' odeur de suie , Flambés , roussis ou rissolés , Et par leur fumée aveuglés comme il le dit en vers latins .D ' où lui vient une humeur ad noire .",
                  "id": "12",
                  "title": "Dictionnaire de chimie et de minéralogie.... Tome 46 / par L.-F. Jéhan (de Saint-Clavien),... ; publié par M. l'abbé Migne,..."
            },
            {
                  "doc_url": "https://gallica.bnf.fr/ark:/12148/bpt6k5696076x",
                  "emotions": [
                        "surprise"
                  ],
                  "excerpt": "La FOLIE proprement dite se manifeste par lo désordre des idées , accompagné le plus souvent de troubles dos facultés affectives et sensoriales .Le fou voit des choses , entend des voix , sent des odeurs qui n ' existent pas ; ce sont des hallucinations .Il éprouve môme des douleurs qui te font crier et qui n ' existent pas .",
                  "id": "13",
                  "title": "Le nouveau médecin de famille : description raisonnée des maladies, avec les moyens de les guérir, suivi d'un formulaire indiquant la composition des médicaments / par le Dr J. Pelletan,..."
            },
            {
                  "doc_url": "https://gallica.bnf.fr/ark:/12148/bpt6k5445853h",
                  "emotions": [
                        "surprise",
                        "fear",
                        "caring"
                  ],
                  "excerpt": "- Mon Dieu , mon Dieu ! gémissait - elle , les mains pressées contre les tempes .Oh ! mon Dieu ! Hospitalière , la femme l ' engagea à entrer , disant : - Reposez - vous donc , madame ! La maison était basse , obscure , pleine de cette odeur qu ' ont les lieux où vivent beaucoup de gens entassés .Trois ou quatre bambins nus , qui , eux aussi , avaient des ventres si gros qu ' on les aurait pris pour des hydropiques , se traînaient par terre en grognant , en farfouillant , et ils portaient instinctivement à leur bouche tout ce qui leur tombait sous la main .",
                  "id": "14",
                  "title": "Episcopo et Cie [et autres nouvelles] / Gabriele d'Annunzio ; traduit de l'italien par G. Hérelle,..."
            },
            {
                  "doc_url": "https://gallica.bnf.fr/ark:/12148/bpt6k5445853h",
                  "emotions": [
                        "surprise",
                        "joy",
                        "optimism",
                        "excitement",
                        "pride",
                        "relief"
                  ],
                  "excerpt": "L ' archevêque était un vieillard vénérable et doux ; lorsqu ' il élevait la main pour bénir , l ' améthyste de son anneau pastoral resplendissait , pareille à un oeil divin .A peine Anne eut - elle senti sur sa langue l ' hostie eucharistique , sa vue se troubla , parce qu ' un flot soudain de bonheur avait inondé ses cheveux , suave comme un bain tiède et parfumé .Un murmure courait derrière elle dans la foule ; et , à côté d ' elle , d ' autres jeunes vierges recevaient le sacrement , la face penchée sur la marche de l ' autel avec une grande componction .",
                  "id": "15",
                  "title": "Episcopo et Cie [et autres nouvelles] / Gabriele d'Annunzio ; traduit de l'italien par G. Hérelle,..."
            },
            {
                  "doc_url": "https://gallica.bnf.fr/ark:/12148/bpt6k5445853h",
                  "emotions": [
                        "surprise",
                        "grief",
                        "sadness"
                  ],
                  "excerpt": "Biasce alla la voir , sa pauvre morte .Hébété , les yeux vitreux , il regarda le cercueil embaumé de fleurs fraîches sous lesquelles s ' allongeait cette pourriture de chairs , cette corruption d ' humeurs déjà décomposées sous la neige du lin .Il regarda un instant , mêlé dans la foule ; puis il sortit , revint à son gîte , monta l ' échelle de bois jusqu ' à moitié , prit la corde de la Chanteuse , fit un noeud coulant , y passa son cou , se laissa choir dans le vide .",
                  "id": "16",
                  "title": "Episcopo et Cie [et autres nouvelles] / Gabriele d'Annunzio ; traduit de l'italien par G. Hérelle,..."
            },
            {
                  "doc_url": "https://gallica.bnf.fr/ark:/12148/bpt6k5445853h",
                  "emotions": [
                        "surprise",
                        "doubt"
                  ],
                  "excerpt": ".Une chambre éclairée au gaz , surchauffée , d ' une chaleur aride qui dessèche la peau ; une odeur et une fumée de viandes ; un bruit confus de voix , et , par - dessus toutes les autres , la voix âpre de Wanzer , qui donne à chaque mot un accent brutal .Puis , de temps en temps , une interruption , un silence qui me semble effroyable .",
                  "id": "17",
                  "title": "Episcopo et Cie [et autres nouvelles] / Gabriele d'Annunzio ; traduit de l'italien par G. Hérelle,..."
            },
            {
                  "doc_url": "https://gallica.bnf.fr/ark:/12148/bpt6k54547623",
                  "emotions": [
                        "admiration",
                        "surprise",
                        "gratitude",
                        "envy",
                        "curiosity"
                  ],
                  "excerpt": "le veux vous faire une romance , Car mon sujet est bien joli , Et sans vous parler d ' indécence , Vous prouver que dans l ' existence Tout ne sent pas le patchouli .Allons , messieurs de la voirie , Embaumez - nous de vos senteurs : Vos tonnes de parfumerie Font qu ' en passant chacun s ' écrie : « Que c ' est comme un bouquet de ( leurs ! » Vous devez , nocturnes phalanges , Bien des mercis aux gros mangeurs .Car plus on en fait , plus tu manges , — nu — Noble famille desDomangcs , La plus fine des vidangeurs ! Va ton petiL train , ma romance , Poétiser est si joli ! Et sans nous parler d ' indécence , Prouve - nous que dans l ' existence Tout ne sent pas le patchouli .",
                  "id": "18",
                  "title": "Les grandes et petites misères de la vie / par les membres du Caveau"
            },
            {
                  "doc_url": "https://gallica.bnf.fr/ark:/12148/bpt6k3045478k",
                  "emotions": [
                        "surprise",
                        "doubt",
                        "curiosity"
                  ],
                  "excerpt": "Le Chito , nouveau fruit de dessert , cultivable en pleine terre sous nos climats .Quand on voit ce fruit lisse et d ’ un jaune d ’ or , on le prendrait pour un citron , mais quand on a respiré son — 441 — arùme on se demande si c ’ est celui de l ’ ananas , du melon , de la fraise , de la pèche , du coing , ou si ce n ’ est pas la réunion de tous ces parfums .Quand cet admirable fruit est coupé longitudinalement , qu ’ il est saupoudré de sucre , et imbibé de quelques gouttes de champagne , c ’ est incontestablement le manger le plus sain et le plus savoureux , parmi tous les fruits de dessert .",
                  "id": "19",
                  "title": "Palmes et couronnes de l'horticulture de Belgique, ou Annuaire rétrospectif des expositions de fleurs, fruits et légumes organisées depuis 1845 jusqu'en 1850... : première année / par Charles Morren,..."
            },
            {
                  "doc_url": "https://gallica.bnf.fr/ark:/12148/bpt6k91108693",
                  "emotions": [
                        "surprise",
                        "fear"
                  ],
                  "excerpt": "La lumière venait bien d ’ une maisonnette , d ’ une petite fenêtre basse .Une o leur étrange nous arrivait une odeur d ’ hôpital .- — C ’ est peut - être un poste de secours , me dit mon compagnon .",
                  "id": "20",
                  "title": "Les Trois couleurs : épisodes, contes et romans de la grande guerre"
            }
      ]
}