{
      "articles": [
            {
                  "doc_url": "https://gallica.bnf.fr/ark:/12148/bpt6k6209211z",
                  "emotions": [
                        "surprise"
                  ],
                  "excerpt": "Modeste , vous vivez à l ' ombre d ' un époux , Et vous vous inclinez sous cette ombre bénie .Mais sous l ' abri puissant des ailes du génie Vainement vous fuyez les regards importuns ; Un souffle vous décèle et trahit vos parfums .Je le sens , il est doux de s ' oublier soi - même , Et de perdre sa vie en celui que l ' on aime , Ainsi que le ruisseau s ' abîme dans la mer ; Car le cœur d ' une femme , à la fois humble et fier , Se jette dans l ' oubli tout altéré de gloiré , Et veut que de son nom l ' on perde la mémoire , Pourvu qu ' un nom plus cher , en tous lieux répété , Retentisse longtemps dans la postérité .",
                  "id": "1",
                  "title": "Auguste et Noémi : souvenir d'une mère / par Mme C. Guinard, née Demante..."
            },
            {
                  "doc_url": "https://gallica.bnf.fr/ark:/12148/bpt6k54524025",
                  "emotions": [
                        "surprise",
                        "envy",
                        "doubt",
                        "curiosity"
                  ],
                  "excerpt": "– Votre père m ' a dit que vous étiez si triste et qu ' il fallait absolument vous secouer .Pourquoi étiez - vous triste , ma chère ? La vieille a flairé une odeur de mystère et jalouse de ne rien savoir , fouille la blessure près sentie pour la voir se déceler en l ' envenimant un peu .Elle regarde autour d ' elle d ' un air mécontent ; on sait quelque chose qu ' elle ne soit pas .",
                  "id": "2",
                  "title": "Son sang pour l'Alsace : roman / François de Nion"
            },
            {
                  "doc_url": "https://gallica.bnf.fr/ark:/12148/bpt6k5499707j",
                  "emotions": [
                        "surprise",
                        "joy",
                        "nostalgia",
                        "excitement",
                        "nervousness"
                  ],
                  "excerpt": "A ceux - ci rien ne paraît devoir interdire l ' espérance .Peut - être l ' ont - ils déjà ; peut - être , au fond d ' euxmêmes , en sentent - ils un léger frissonnement , prélude du désir et de la conscience ! » Logiquement il n ' y a pas plus de bornes à poser à l ' t agape » que n ' en comporte la vie , dont elle est le sel , le parfum et la saveur .C ' est ce que , seule entre toutes les religions du globe , celle dont la base soit scientifique , le Bouddhisme , paraît avoir compris .",
                  "id": "3",
                  "title": "Eternité et immortalité : la vie après la mort / par Jules Baissac"
            },
            {
                  "doc_url": "https://gallica.bnf.fr/ark:/12148/bpt6k5532720t",
                  "emotions": [
                        "surprise"
                  ],
                  "excerpt": "— Elles ^ sont fertiles en diaboliques tentations , ces odeurs u molles et sensuelles qui flottent dans l ' air où la femme a passé ! — L ' Orient , le pays ^ des voluptés , n ' est - il pas en même temps le pays .des parfums ? h Paul , sans le savoir , subissait cette influence mystérieuse .— Le philtre invisible s \\ agissait .",
                  "id": "4",
                  "title": "Les drames de l'adultère, ou Le mari de Marguerite : roman parisien / par Xavier de Montépin"
            },
            {
                  "doc_url": "https://gallica.bnf.fr/ark:/12148/bpt6k9764122b",
                  "emotions": [
                        "surprise",
                        "nostalgia"
                  ],
                  "excerpt": "Le soir , vous eussiez vu passer et repasser sur le rideau sa silhouette fugitive , et Albert envoyait mille et un baisers à ce fantôme impalpable .Si vous avez eu des fleurs sur votre croisée , n ' avez - vous pas remarqué , quand , par la chaleur d ' été , vos rideaux sont fermés , que le soleil brode sur ces rideaux l ' ombre des Heurs , mais privées de leurs teintes et de leur odeur ? Eh bien ! tel est l ' amour d ' une coquette , sans couleur ni parfum .IV Marietta laissait donc tomber derrière elle quelques miettes d ' espérance , et Albert , les ramassant , y collait ses lèvres comme sur un fruit mûr pour apaiser ses désirs brûlants .",
                  "id": "5",
                  "title": "Le Présent : revue hebdomadaire de la littérature et des beaux-arts / [Étienne Mellier, directeur]"
            },
            {
                  "doc_url": "https://gallica.bnf.fr/ark:/12148/bpt6k5459320x",
                  "emotions": [
                        "surprise",
                        "curiosity"
                  ],
                  "excerpt": ", elle n ' a rien Mais elle tombe peu à peu dans le coma ; elle a toujours sommeil , elle n ' urine plus , et une odeur ammoniacale se répand dans sa chambre .D ' où vint cette odeur ? — Le papier rouge de tournesol devient bleu en le posant sur son lit , encore plus en le plaçant sous les couvertures ou sur sa bouche .Un bâton humecté d ' acide muriatique secoué dans l ' air autour du lit donne de grandes vapeurs .",
                  "id": "6",
                  "title": "Observations nouvelles sur la rage / par le Dr. Plinio Schivardi,..."
            },
            {
                  "doc_url": "https://gallica.bnf.fr/ark:/12148/bpt6k5459320x",
                  "emotions": [
                        "surprise"
                  ],
                  "excerpt": "Une odeur d ' urine ( ammoniacale ) s ' était développée le matin du 4 mai , et un membre de la commission l ' avait constatée avec moi .A quatre heures de l ' aprèsmidi , les gardiennes me dirent qu ' elles - mêmes étaient étonnées de cette odeur , et que la petite n ' avait plus uriné .En même temps entra un autre membre de la commission , M .",
                  "id": "7",
                  "title": "Observations nouvelles sur la rage / par le Dr. Plinio Schivardi,..."
            },
            {
                  "doc_url": "https://gallica.bnf.fr/ark:/12148/bpt6k108474j",
                  "emotions": [
                        "surprise"
                  ],
                  "excerpt": "L ' Abbé se met ensuite à sa toilette , cache artistement sa petite bosse dans les plis d ' un man - teau de soie , est content de ! ul , c ~ se trouve en etnt de ligurer au lever de quelque jolie femme .I ! traversait la rue de Richelieu , quand un déluge d ' eau de senteur , dont tout le quartier est parfumé , lui fait lever la < efe H voit avec surprise qu ' il est jour chez la Comtesse de .H monte chez elle on l ' annonce Vénus lui sourit , il se croit Adonis .",
                  "id": "8",
                  "title": "Les contes en vers et en prose de feu l'abbé de Colibri, ou Le soupé , conte composé de mille et un contes... Partie I [-II]. Les estampes sont de la main de l'auteur"
            },
            {
                  "doc_url": "https://gallica.bnf.fr/ark:/12148/bpt6k112651x",
                  "emotions": [
                        "surprise",
                        "doubt",
                        "nervousness"
                  ],
                  "excerpt": "t Le troisième troubadour sort des rangs de ses compas gnons ; son costume est très simple , il n ' a ni guitare ni mandoline passée à sa ceinture sa démarche est timide , presque gauche , il tient les yeux baissés .£ Arrivé devant la marche du haut fauteuil , il met un genou en terre , puis , se relevant , il commence ainsi e d ' une voix mal assurée Le lis a fleuri coupe parfumée e Aux blancheurs d ' ivoire , on voit sur ses bords l La perle irisée .r II lève à ce moment le regard vers la jeune fille ; il est e ébloui , fasciné par cette beauté naïve et par l ' expression d ' attention qu ' il surprend sur son visage .",
                  "id": "9",
                  "title": "La Revue générale : littéraire, politique et artistique / directeur-rédacteur en chef : M. Ch. de Larivière"
            },
            {
                  "doc_url": "https://gallica.bnf.fr/ark:/12148/bpt6k54958386",
                  "emotions": [
                        "surprise",
                        "grief",
                        "nostalgia",
                        "doubt"
                  ],
                  "excerpt": ".Ces parfums venaient - ils des fleurs ou de ta [ tête ? Ton sourire d ' en haut appelait mon délire ; Quand je fus près de toi la rose n ' était plus , — Les pétales avaient glissé dans mes cheveux , — Toi seule tu restais , toi la tige ! Et je crus , — Tant ces fleurs me semblaient toi - même et ton [ sourire , — Que la rose n ' était plus parmi mes cheveux , Que j ' étais seulement fleuri de ton sourire .H LA SÉPARATION La Moisson .",
                  "id": "10",
                  "title": "Femina : publication bi-mensuelle illustrée"
            },
            {
                  "doc_url": "https://gallica.bnf.fr/ark:/12148/bpt6k65451680",
                  "emotions": [
                        "surprise",
                        "doubt",
                        "curiosity"
                  ],
                  "excerpt": "» A cause de ce langage de cet étranger et à cause qu ' il voyait de ses yeux les arbres de senteur sur le vaisseau de cet étranger , Poki conçut le dessein de partir .Cet étranger disait : « Ces arbres de senteur , entendez - vous ? ont été pris pour du bois de chauffage , et voilà que ce sont des arbres de senteur ! Mes matelots disent qu ' il n ' y a pas d ' autres arbres que cette espèce depuis la plage jusqu ' à la montagne .» Par le fait de ce discours de cet étranger , l ' idée du départ fermenta rapidement ; on se mit à faire des vivres pour le voyage par mer , on se préparait en un mot , et le peuple ne parlait plus d ' autre chose .",
                  "id": "11",
                  "title": "Ka Mooolelo Hawaii. Histoire de l'archipel hawaiien (Îles Sandwich). Texte [de Davida Malo] et traduction précédés d'une introduction sur l'état physique, moral et politique du pays, par Jules Remy (Lipalani)"
            },
            {
                  "doc_url": "https://gallica.bnf.fr/ark:/12148/bpt6k5495050w",
                  "emotions": [
                        "surprise",
                        "courage"
                  ],
                  "excerpt": "Elle recommença à battre les buissons , plus affamée qu ' aux matinées lièdes où elle cherchait l ' amour .Et , tout d ' un coup , au moment où elle arrivait au parterre , elle surprit la mort , dans les parfums du soir .Elle courut , elle eut un rire de volupté .",
                  "id": "12",
                  "title": "Oeuvres complètes illustrées de Émile Zola ; 1-20. Les Rougon-Macquart : histoire naturelle et sociale d'une famille sous le Second Empire. La faute de l'abbé Mouret"
            },
            {
                  "doc_url": "https://gallica.bnf.fr/ark:/12148/bpt6k5415686c",
                  "emotions": [
                        "surprise",
                        "nostalgia",
                        "gratitude",
                        "doubt"
                  ],
                  "excerpt": "C ' était avec l ' acre senteur des feuilles pourrissantes l ' adorable odeur du muguet .Ah ! tes cueillettes , ma forât : myrtiU ' j , mauricauds , fraise embaumée , giroles jaunes C ' était une fleur d ' églantier sur un buisson près du sentier .C ' était l ' épine noire et la bruyère au goût de miel et les fougères .",
                  "id": "13",
                  "title": "Les Primaires / [directeur : Camille Belliard]"
            },
            {
                  "doc_url": "https://gallica.bnf.fr/ark:/12148/bpt6k56868483",
                  "emotions": [
                        "surprise",
                        "love",
                        "amusement"
                  ],
                  "excerpt": "Puis , ayant assovit son appétit lubriçque , Ceste infâme , confite en toute infection , Pour leurs juste loyer de leurs conjunctioji , Les tue et repaist d ' eux son ventre famelicque .La gloutte paillairdise en ses allechements Donne à ses amoureux de telz embrassements , Du malheur des humains la féconde Pandore , 92 SONNETS FRANC - COMTOIS Voire après le parfum de ses accoustrements , Comme un parde 2 emmuscqué attire ses amants , Que surpris de la sorte elle tue et dévore .i .",
                  "id": "14",
                  "title": "Sonnets franc-comtois inédits, écrits au commencement du XVIIe siècle, et publiés pour la première fois, d'après le manuscrit original, avec une introduction historique et des notes... et la description des gravures inédites de Pierre de Loysi, graveur franc-comtois, par Théodore Courtaux. (4 avril 1892.)"
            },
            {
                  "doc_url": "https://gallica.bnf.fr/ark:/12148/bpt6k9925304",
                  "emotions": [
                        "surprise",
                        "disgust"
                  ],
                  "excerpt": "Nous avions été balayés d ' un seul coup .Et l ' odeur — bon Dieu ! comme de la viande brûlée .En tombant de cheval , je m ' étais tordu les reins et il me fallut rester là jusqu ' à ce que le mal fût passé .",
                  "id": "15",
                  "title": "La guerre des mondes / H.-G. Wells ; traduit de l'anglais par Henry D. Davray ; édition illustrée par Alvim-Corrêa"
            },
            {
                  "doc_url": "https://gallica.bnf.fr/ark:/12148/bpt6k14153445",
                  "emotions": [
                        "surprise",
                        "sadness",
                        "annoyance",
                        "amusement",
                        "embarrassment"
                  ],
                  "excerpt": ".ah ! malheureuse femme de quarante ans , qui usait du parfum à la rose ! — Vous dites que cela veut dire , faisait la patronne en penchant gracieusement sa tête pardessus l ’ épaule du jeune homme .— Mon mandat ordre de fit le commis en reculant un peu sa tête .",
                  "id": "16",
                  "title": "Premières armes, par Lucien d'Hura..."
            },
            {
                  "doc_url": "https://gallica.bnf.fr/ark:/12148/bpt6k14153445",
                  "emotions": [
                        "surprise",
                        "amusement",
                        "disappointment",
                        "guilt"
                  ],
                  "excerpt": "O Hum ! comme le service des postes se fait dans l ’ Olympe , on voit bien que le chemin de fer a tué tonte émulation .A propos de lanterne , je dois avouer , loi d ’ électeur , que notre intention fut bien d ’ al - lumer les nôtres ; mais par une fatalité inexplicable , le vent regardait ailleurs quand je frottais l ’ allumette chimique ; mais sitôt que j ’ approchais la flamme de la mèche de la bougie , il partait d ’ un gros rire qui m ’ insufflait dans la gorge celle odeur de soufre qui n ’ est que l ’ avant propos des enfers .Pouah 1 j ’ en tousse encore .",
                  "id": "17",
                  "title": "Premières armes, par Lucien d'Hura..."
            },
            {
                  "doc_url": "https://gallica.bnf.fr/ark:/12148/bpt6k5733538m",
                  "emotions": [
                        "surprise",
                        "faith"
                  ],
                  "excerpt": ") LES ALFS DANS LE NORD 229 Les sêâlfennes , alfs des eaux , ont été plus heureux .Quoique chargés d ' une besogne étrangère à la nature des Alfs , ils sont tels qu ' ils étaient dans la première des sphères , la cité lumineuse : le grand changeur des choses , le peuple leur a tout laissé , hors l ' Alfheim , cet éden natal , ce frère du ciel d ' Indra , Où l ' odeur est parfum et le bruit harmonie .( La Fiancée de Bénarès , 37 .",
                  "id": "18",
                  "title": "Revue du Lyonnais : esquisses physiques, morales et historiques"
            },
            {
                  "doc_url": "https://gallica.bnf.fr/ark:/12148/bpt6k5834185f",
                  "emotions": [
                        "surprise",
                        "disgust",
                        "fear",
                        "nervousness"
                  ],
                  "excerpt": "B .Quand on approche du patient un peigne spécial il se f8 « geune effluve ; c ' est l ' effluvation .statique , ou , 1a , .",
                  "id": "19",
                  "title": "Formulaire thérapeutique (6e édition) / par MM. G. Lyon,... P. Loiseau,... ; avec la collaboration de L. Delherm,... Paul-Émile Lévy,..."
            },
            {
                  "doc_url": "https://gallica.bnf.fr/ark:/12148/bpt6k5789948m",
                  "emotions": [
                        "surprise",
                        "envy",
                        "curiosity"
                  ],
                  "excerpt": "Pauvre Jean , les deux mois qui suivirent s ' envolèrent pour lui au milieu de rêves enchantés .Ce luxe inconnu , cette femme élégante , parfumée , tout cela troublait étrangement sa tête ardente et son corps vierge .L ' amour dont on ne lui avait montré jusque - là qu ' une parodie cynique , maintenant l ' enivrait .",
                  "id": "20",
                  "title": "Oeuvres complètes de Pierre Loti. Tome 2"
            }
      ]
}