{
      "articles": [
            {
                  "doc_url": "https://gallica.bnf.fr/ark:/12148/bpt6k55266317",
                  "emotions": [
                        "surprise",
                        "nostalgia"
                  ],
                  "excerpt": "donc est - elle ? Le valet de chambre entra en ce moment , j portant sur un plat une gigantesque lan - j gouste .j Une odeur étrange envahit la salle à man - j ger : on se crut un instant à la Halle aux poissons , le soir , quand on ferme .Puis un flot d ' autres parfums , poudre de riz et musc mêlés , vint se joindre à ceux du crustacé .",
                  "id": "1",
                  "title": "Suce-canelle / par Léon et Frantz Beauvallet et Saint-Vrin"
            },
            {
                  "doc_url": "https://gallica.bnf.fr/ark:/12148/bpt6k97601312",
                  "emotions": [
                        "surprise",
                        "excitement"
                  ],
                  "excerpt": "D .Au chalumeaf il se fond très - facilement , s ' allume & brûle « veç une flamme bleue , & une odeur très - vive & fuffoquante .§ .",
                  "id": "2",
                  "title": "Manuel du minéralogiste, ou Sciagraphie du règne minéral distribué d'après l'analyse chimique . Par M. Torbern Bergman,... mise au jour par M. Ferber,... et augmentée de notes par M. Mongez le jeune,..."
            },
            {
                  "doc_url": "https://gallica.bnf.fr/ark:/12148/bpt6k96117787",
                  "emotions": [
                        "surprise",
                        "joy",
                        "love",
                        "gratitude",
                        "embarrassment"
                  ],
                  "excerpt": "Et M .Charles - Brun , d ' un geste qui de sa pari semble un peu vif , se jette à genoux en poussant ce cri d ' amour : 0 femme , toi qui n ' es qu ' une senteur perverse ! Où diable ça peut - il aller mettre le nez , un professeur ? ..",
                  "id": "3",
                  "title": "Prostitués : études critiques sur les gens de lettres d'aujourd'hui / Han Ryner"
            },
            {
                  "doc_url": "https://gallica.bnf.fr/ark:/12148/bpt6k57732556",
                  "emotions": [
                        "surprise",
                        "sadness",
                        "doubt",
                        "curiosity",
                        "despair",
                        "frustration"
                  ],
                  "excerpt": "Depuis que je suis au monde , j ' entends dire que les ouvriers sont malheureux .La récolte manque - t - elle ? On s ' écrie : — Comment va manger l ' ouvrier ? Fait - il froid ? - - Comment va faire l ' ouvrier ? Démolit - on un quartier puant et malsain : , — - Où va loger l ' ouvrier ? etc .84 PARIS HORRIBLE J ' estime particulièrement l ' ouvrier , le bon ouvrier surtout , celui qui fréquente l ' atelier et non l ' assom , moir ; je le coudoie souvent de près , et je serre de bon coeur sa main rude .",
                  "id": "4",
                  "title": "Paris horrible et Paris original / Georges Grison"
            },
            {
                  "doc_url": "https://gallica.bnf.fr/ark:/12148/bpt6k5445486h",
                  "emotions": [
                        "surprise",
                        "joy",
                        "nostalgia"
                  ],
                  "excerpt": "Il semblait à M .d ' Esclars qu ' il respirait pour la première fois le tiède parfum des roses , qu ' il entendait les gammes hardies des sansonnets et les roulades joyeuses des fau2 .fau2 .",
                  "id": "5",
                  "title": "Satane : roman / Sophie Harley"
            },
            {
                  "doc_url": "https://gallica.bnf.fr/ark:/12148/bpt6k1164757h",
                  "emotions": [
                        "surprise"
                  ],
                  "excerpt": "— Monsieur Pichegru , regardez donc le singulier insecte ! il a de grandes antennes , et je l ’ ai trouvé sur le saule qui est là - bas au bout du pré .Mais le plus surprenant , c ’ est que depuis que je l ’ ai eu entre les mains , il me semble qu ’ elles sentent la rose d ’ une manière très - sensible .■ — Et lu ne t ’ es pas trompée , Suzetle ; cet insecte , dont la jolie couleur bronzée le fait distinguer des autres de son espèce , est le capricorne à odeur de rose .",
                  "id": "6",
                  "title": "Les petits habitants des fleurs / par Mme Louise Leneveux ; ouvrage illustré... d'après les dessins de A. Varin"
            },
            {
                  "doc_url": "https://gallica.bnf.fr/ark:/12148/bpt6k65869952",
                  "emotions": [
                        "surprise",
                        "anger",
                        "courage",
                        "gratitude",
                        "doubt"
                  ],
                  "excerpt": "Siie n ' ay de l ' argent à defpendre i ' ay des yeux pour regarder , & si elles ne se foucienr pas & aucoup de cela .Alors ieleurfay entendre que iay de l ' huy le quifaiéè les dents d ' iuoire , qui oste la mattuaife odeur de la bourhe , que i ' ay vn fard diuin , vne blonde miraculeuse , vne eau de lentilles fort excellente : & ainsi leur nomme tant & tant de chefes ; qu ' el ..",
                  "id": "7",
                  "title": "Les comédies facécieuses de Pierre de Larivey, champenois . A l'imitation des anciens Grecs, Latins, & modernes Italiens. A sçavoir, le Laquais, la Veuve, les Esprits, le Morfondu, les Escolliers"
            },
            {
                  "doc_url": "https://gallica.bnf.fr/ark:/12148/bpt6k689656",
                  "emotions": [
                        "surprise",
                        "fear",
                        "pain"
                  ],
                  "excerpt": "Une odeur troublante de verdure humide emplit l ' air d ' une émanation de sève .La senteur âcre ' des mousses flottait parmi les souffles venus duboisqui chauffaient le visage comme des haleines .Sole Margueiy annonça le laquais .",
                  "id": "8",
                  "title": "Georgina / Alfred Sirven"
            },
            {
                  "doc_url": "https://gallica.bnf.fr/ark:/12148/bpt6k9795302d",
                  "emotions": [
                        "surprise",
                        "pain"
                  ],
                  "excerpt": "Le tissu de cette substance est aigre cassant , d ' une couleur jaune de paille .Frappée par le briquet , elle donne bçaucoup d ' étincelles bleues et puantes .Exposée a 1 air et a l ' humidité , elle se décompose , elle s enflamme aisément , et augmente considérablement de poids et de volume à l ' instant de son entière efflorescence .",
                  "id": "9",
                  "title": "Cours de minéralogie, rapporté au tableau méthodique des minéraux, donné par Daubenton,... ou Démonstrations élémentaires et naturelles de minéralogie . Par N. Jolyclerc,..."
            },
            {
                  "doc_url": "https://gallica.bnf.fr/ark:/12148/bpt6k935919g",
                  "emotions": [
                        "surprise",
                        "joy",
                        "love",
                        "excitement",
                        "pride",
                        "relief"
                  ],
                  "excerpt": "Une duègne a beau être défrisée par la soixantaine il lui est doux d ’ entendre sortir de la bouche d ’ un homme d ’ aussi amoureuses paroles .Médusée par la joie — non la surprise — causée par cette déclaration qu ’ elle avait attendue depuis le jour où ses ardeurs de jeune fille allumèrent les feux ' 54 LA ROSÉE ROUGE du Désir dans les yeux louchons , Gertrude se sentit prête à faire bon marché de ses pudeurs rancics pour peu que son adorateur l ’ en priât .— De grâce ! — murmura - t - elle en baissant les yeux .",
                  "id": "10",
                  "title": "La rosée rouge : suite d'Un baiser de reine / par Adrien Guignery"
            },
            {
                  "doc_url": "https://gallica.bnf.fr/ark:/12148/bpt6k9608057j",
                  "emotions": [
                        "surprise"
                  ],
                  "excerpt": "Toute force , cachée aux flancs de la nature , Jaillit , tumultueuse , en torrents de verdure : Les arbres , à l ' étroit , descendent des coteaux , Les rameaux frémissants s ' attachent aux rameaux , Les bois suivent les bois , par les larges campagnes , Et divisant leurs cours , aux bases des montagnes , Dans les grandes forêts tombent échevelés , Comme vont à la mer les fleuves déroulés .Partout , les vents tiédis emportent dans l ' espace L ' àcre senteur de l ' herbe et de la terre grasse ; Un nuage flottant d ' aromes inconnus Sort des bourgeons gonflés et des lobes charnus .Mais , chez L .",
                  "id": "11",
                  "title": "La Légende des siècles. Tome 1 / Victor Hugo ; nouv. éd., publ. d'après les ms. et les éd. originales... par Paul Berret ; publiée avec le concours de l'Académie française"
            },
            {
                  "doc_url": "https://gallica.bnf.fr/ark:/12148/bpt6k57732556",
                  "emotions": [
                        "surprise",
                        "disgust"
                  ],
                  "excerpt": ".Eh ! bien , faut - il le dire ? Ce mélange est infiniment moins écoeurant que l ' atmosphère sui generis de certains cafés - brasseries , à une heure du matin , quand depuis de longues heures , l ' ail des saucissons et la vapeur de 180 PARIS HORRIBLE la choucroute se mêlent à la fumée des pipes et aux exhalaisons méphitiques que produit l ' agglomération .Mais je reviens à mes .",
                  "id": "12",
                  "title": "Paris horrible et Paris original / Georges Grison"
            },
            {
                  "doc_url": "https://gallica.bnf.fr/ark:/12148/bpt6k9810004p",
                  "emotions": [
                        "admiration",
                        "surprise",
                        "curiosity"
                  ],
                  "excerpt": "Bijou rose et noir , la Féerie intime , parmi tant d ' opulentes images ressuscitant le charme épanoui des portraits du XVIIIe siècle ou les claires et précises féminités d ' Ingres , nous livre l ' âme entière de ce grand virtuose voluptueux et triste .Scintillement , abandon et mystère , odeur charnelle s ' avançant du fond d ' ombres balsamiques et tièdes , le chef - d ' œuvre fascine les sens et l ' âme .La spiritualité ici naît du sensualisme , par la complicité de la nuit étoilée de joyaux , avec une si étrange , si inquiétante morbidesse ! Là s ' alanguit en un baudelairisme câlin l ' habituelle volupté éclatante , opulente ou nerveuse , de ce peintre des rousses ou des brunes .",
                  "id": "13",
                  "title": "Albert Besnard : l'homme et l'oeuvre... / Camille Mauclair ; ouvrage illustré de 32 héliogravures hors texte"
            },
            {
                  "doc_url": "https://gallica.bnf.fr/ark:/12148/bd6t5113070n",
                  "emotions": [
                        "surprise",
                        "disgust",
                        "fear"
                  ],
                  "excerpt": "— Pouah ! du patchouli , probablement .Quelle horreur ! Un parfum excessif à cent mille ' personnes .Non , Ry , il faut que vous re - l pouviez cette fille .",
                  "id": "14",
                  "title": "L'Ordre"
            },
            {
                  "doc_url": "https://gallica.bnf.fr/ark:/12148/bpt6k920940g",
                  "emotions": [
                        "surprise",
                        "nostalgia",
                        "doubt"
                  ],
                  "excerpt": "Après nous être égaré dans les bois de camélias grands comme des chênes , d ’ azalées superbes , de citronniers chargés de fruits couleur d ’ or pâle , d ’ araucarias hauts comme des tours , d ’ eucalyptus aux feuillages poudrés , de fuchsias aux fleurs pareilles à des gouttelettes de sang ; puis , après avoir longtemps marché dans des ombres fraîches où , derrière des rideaux d ’ hortensias et de gentianes , on entendait rire et pleurer les sources , et que baignaient de si puissants arômes , que nos sens en étaient troublés , nous pénétrâmes dans l ’ humide forêt des Cryptogames .Qu ’ on se représente un amoncellement de rochers cyclopéens , entourés d ’ une terre noire et féconde , d ’ où se dégagent les odeurs primitives des terres vierges , où poussent d ’ énormes fougères aux troncs velus à l ’ ombre desquelles on pourrait bâtir .Premiers ornements de la terre , et qui vivent ici puissantes comme à l ’ époque où les oiseaux fabuleux n ’ avaient encore que la dentelle de leurs feuilles pour suspendre leurs nids .",
                  "id": "15",
                  "title": "Les capitales du monde"
            },
            {
                  "doc_url": "https://gallica.bnf.fr/ark:/12148/bpt6k934674f",
                  "emotions": [
                        "surprise"
                  ],
                  "excerpt": "1 ' Ah ! n ’ espérez pas que mes vers Retracent à vos yeux la fidèle peinture De tous ces chefs - d ’ œuvre divers Où l ’ art se dérobait pour montrer la nature .- k J * « 46 » — 45 — Là , c ’ est un porte - montre , ici , c ’ est une fleur ; « Oh ! qu ’ elle est vive ! qu ’ elle est belle ! » S ’ écrie , en la voyant , un jeune spectateur , » J ’ allais en savourer l ’ odeur , » Tant je la croyais naturelle .» J ’ étais trompé par sa fraîcheur .",
                  "id": "16",
                  "title": "Recueil de poésies, contenant poèmes, odes, strophes, épîtres, etc., par M. Josso..."
            },
            {
                  "doc_url": "https://gallica.bnf.fr/ark:/12148/bpt6k5426310s",
                  "emotions": [
                        "surprise",
                        "doubt",
                        "curiosity"
                  ],
                  "excerpt": "« Comment ferez - vous pour boire de cette eau corrompue par les ablutions , le piétinement des montures , etc ., espèce de bouc noirâtre et fétide ? » me demandait - on partout .Et cette perspective ne me réjouissait nullement , je l ' aA ' oue .",
                  "id": "17",
                  "title": "Mon voyage à La Mecque... / Gervais-Courtellemont"
            },
            {
                  "doc_url": "https://gallica.bnf.fr/ark:/12148/bpt6k97340062",
                  "emotions": [
                        "surprise",
                        "sadness",
                        "disgust",
                        "annoyance",
                        "doubt",
                        "despair",
                        "frustration",
                        "disappointment"
                  ],
                  "excerpt": "Que de voix la solliciteraient ! Une voix universelle , si l ' on écoutait toutes les familles qui ont dû quelques désastres à ces retards inévitables sans doute , mais prolongés avec une trop funeste indifférence .Que d ' amertumes longues , inutiles , injustes ! Dans l ' enceinte sourde , entre ces murs , dont l ' épaisseur suinte une humidité fétide , sous la voûte surbaissée où s ' arrêtent ces vieilles vapeur » humaines épaissies et visibles , odeurs cadavéreuses de l ' être encore vivant : 1 < 1 , vous êtes , ô malheureux ! qui n ' avez jamais voulu , qui n ' avez jamais imaginé le crime .Des documens misérables fournis par la bassesse stipendiée du dernier des hommes , les vues - étroites de ceux qu ' il sert , \" des passions infâmes vous y ont plongé ; la puissance de l ' iniquité vous y a mis , elle vous y retient , elle vous y éteint : un jour celle de la justice s ' appercevra de votre existence , et j s ' il est assez tôt , vous obtiendrez .",
                  "id": "18",
                  "title": "Traité de la garantie individuelle et des diverses preuves en matière criminelle . Par P.-J. Lauze de Péret,..."
            },
            {
                  "doc_url": "https://gallica.bnf.fr/ark:/12148/bpt6k65479832",
                  "emotions": [
                        "surprise"
                  ],
                  "excerpt": "Des sons mystérieux , des chants nasillards , des batteries de tambours , des you - yous étouffés traversent , de temps à autre , une muraille sombre .Et des odeurs étranges se répandent dans l ' air alourdi .D ' autres rues , au contraire , débordent d ' une vie très intense , regorgent d ' une foule bruyante remontée , comme une écume , de la cité française .",
                  "id": "19",
                  "title": "Autour de la Méditerranée.... d'Alger à Tanger / par Marius Bernard"
            },
            {
                  "doc_url": "https://gallica.bnf.fr/ark:/12148/bpt6k6543775k",
                  "emotions": [
                        "surprise"
                  ],
                  "excerpt": "DÉPOTS .Elle forme , sur son passage et dans les baignoires , des incrustations calcaréo - ferrugineuses ocracées , rudes au toucher , assez styptiques au goût ; ces incrustations sont inodores ; elles sont facilement réduites en poudre de couleur cannelle .VOLUME .",
                  "id": "20",
                  "title": "Courmayeur et Pré-St-Didier (Val d'Aoste) : leurs bains, leurs eaux & leurs environs / par Auguste Argentier,..."
            }
      ]
}