{
      "articles": [
            {
                  "doc_url": "https://gallica.bnf.fr/ark:/12148/bpt6k97347267",
                  "emotions": [
                        "surprise",
                        "joy",
                        "doubt",
                        "curiosity"
                  ],
                  "excerpt": "Tout d ' abord il étendit les bras comme en un rêve , parcourut d ' un re gard la chambre en désordre , les vitraux battus de pluie , la table et son hanap renversé ; puis son œil retomba sur celte femme endurmie , dorée par un blond rayon du soleil Il la pontemp ait de nouveau , aspirant jusqu ' à son souffle , et se perdi t plus que jamais dans ses rêves ; carie charme durait en ore , et le dou e avec lui ; et ce flux et reflux d ' idées le p essait .il se demandait raison de toute son ~ âne , dont jusqu ' alors il n ' avait pas même senti la place ; et puis ce bonheur imprévu , ce parfum de quelques heures , celte femme salis nom pour lui , cependant assez puissante pour séduire , assez fatale pour dam er , c ' étaii sur tout cela qu ' il medi ait , soutenant sa tête blonde de ses deux mains , n ' osant même déranger , par un seul geste , ce sommeil étrange et si proche de lui ; semblable à l ' enfant qui tremble de réve ~ lier sa .mère .",
                  "id": "1",
                  "title": "L'écolier de Cluny, ou La Tour de Nesle / par Roger de Beauvoir"
            },
            {
                  "doc_url": "https://gallica.bnf.fr/ark:/12148/bpt6k97347267",
                  "emotions": [
                        "surprise",
                        "sadness",
                        "disgust",
                        "despair",
                        "embarrassment"
                  ],
                  "excerpt": "85 .blant devant leur désordre , étouffé de cette odeur de vin et de poussière , ominan t ce spectacle comme un fût de colonne brisée , il voyait tout cela , le misérable , sans douleur et repentir ; un cœur de bourreau estainsilait .La ronde échevelée lui envoyait de gais refrains pour tortures ou des risées pour honneurs ; et puis les rues s ' emplissaient , le ciel était moins bleu , et c ' était la première fois qu ' il se trouvait face à face avec le jour , aux prises avec cette lumière qui accuse ; il fermait l ' œil à ce soleil mordant sa tête chauve et ruisselante encore de lie .",
                  "id": "2",
                  "title": "L'écolier de Cluny, ou La Tour de Nesle / par Roger de Beauvoir"
            },
            {
                  "doc_url": "https://gallica.bnf.fr/ark:/12148/bpt6k9802387b",
                  "emotions": [
                        "admiration",
                        "surprise",
                        "nostalgia",
                        "pride",
                        "gratitude",
                        "envy",
                        "doubt"
                  ],
                  "excerpt": "Quel est , dis - moi , quel est ce bel adolescent , et d ' Horace n avait point épuisé le sol qui vit naître Dante , Pétrarque , Boccace , TArioste et le Tasse , ceux - ci ont paru qui ont continué pour les Blondes un chant d ' amour .Blondes étaient et la Béatrix de FAlighieri et Qui pour toi se parfume et de fleurs se couronne ; Qui , sous ces antres frais , de son bras caressant , , Pyrrha , te presse et t ' environne ? Simple , mais , avec art , de l ' or de tes cheveux , Pour qui relèves - tu les tresses vagabondes .' ' Quis multa gracilis te puer in rosa , ' Petfusus liquidis urget odoribus , Grato , lyt , i - ha , sub antro ? Cui flavam religas comam Simplex munditiis .",
                  "id": "3",
                  "title": "Les femmes blondes selon les peintres de l'école de Venise / par deux Vénitiens [F.-S. Feuillet de Conches et Armand Baschet]"
            },
            {
                  "doc_url": "https://gallica.bnf.fr/ark:/12148/bpt6k6389870b",
                  "emotions": [
                        "surprise",
                        "fear",
                        "doubt",
                        "despair",
                        "disappointment"
                  ],
                  "excerpt": "Y avait - il eu rendezvous ou rencontre fortuite ? La comtesse serait - elle la maîtresse de .? C ' est impossible ! Oh ! jour d ' une splendeur fatale ! chants d ' oiseaux , senteur des bois , séduc - tion redoutable de la perfide nature , deviez - vous aussi conspirer contre elle ? 0 souvenir implacable ! ajoutat - il avec une tristesse profonde , ne me feras - tu donc jamais grâce ? Mais que faire , Seigneur Dieu , que faire ? Votre divin Fils a dit : « Ne pensez ni comment vous parlerez ni à ce que vous devrez dire ; ce que vous devrez dire vous sera donné à l ' heure même .» Je me fierai donc à sa parole , oar je ne crois pas à ma sagesse .",
                  "id": "4",
                  "title": "La comédie de l'amour / par Charles de La Rounat"
            },
            {
                  "doc_url": "https://gallica.bnf.fr/ark:/12148/bpt6k6389870b",
                  "emotions": [
                        "surprise"
                  ],
                  "excerpt": "Je fondis en larmes , et je crus que je n ' aurais jamais la force de sortir du parc et de regagner ma chambre .Oh ! quelle nuit 1 presque une nuit des tropiques ! nuit chaude et parfumée ! Point de lune , rien que des clartés d ' étoiles , emplissant de leurs scintillements le champ noir et profond du ciel .Pas un souffle dans l ' air .",
                  "id": "5",
                  "title": "La comédie de l'amour / par Charles de La Rounat"
            },
            {
                  "doc_url": "https://gallica.bnf.fr/ark:/12148/bpt6k6389870b",
                  "emotions": [
                        "surprise",
                        "disgust",
                        "disapproval",
                        "doubt"
                  ],
                  "excerpt": "— Cette princesse de Kandâhar , se dit - il , est - elle réellement aussi belle que je me le suis imaginé jusqu ' à cette heure ? Ce qui est hors de doute , c ' est que je l ' aime infiniment moins ; encore quelques jours de marche , et je ne l ' aimerai plus du tout ; à Médine , elle me déplaira ; à la Mecke , elle me sera odieuse ; à Moka , je rêverai sa mort ! J ' ai dépensé beaucoup d ' argent , j ' ai fait beaucoup de chemin et j ' ai éprouvé des choses fort désagréables , et je suis à peine à la moitié du voyage , et ce que j ' en ai fait est le plus facile ! .Je ne crois pas le moins du monde aux prétendues vertus de cet onguent ridicule , — c ' était ainsi qu ' il traitait le Narâh de Bakourloukou ! — et d ' ailleurs , suis - je bien sûr que l ' emploi d ' un pareil moyen ne soit pas répréhensible , et qu ' il ne doive pas m ' attirer quelque désagrément au jour du jugement dernier ? — Holà ! hé ! cria - t - il aux Arabes qui se disposaient à partir pour le golfe Persique , attendezmoi , je pars avec vous ; je vais à Bassorah .Ce Kosrou était un homme d ' un grand sens .",
                  "id": "6",
                  "title": "La comédie de l'amour / par Charles de La Rounat"
            },
            {
                  "doc_url": "https://gallica.bnf.fr/ark:/12148/bpt6k378694z",
                  "emotions": [
                        "surprise",
                        "sadness",
                        "nostalgia",
                        "gratitude",
                        "despair",
                        "frustration"
                  ],
                  "excerpt": "avant vous , qu ' elle a pleuré de larmes ! Si vous saviez ! par vous , elle trouva des charmes A les laisser couler : Dans les chagrins du coeur vous qui fûtes conçue , Oh ! n ' oubliez jamais que vous êtes venue , Enfant , pour consoler ! Une soeur , voyez - vous ! c ' est un présent céleste , Quelque chose qui vient avec la vie , et reste A nous , jusqu ' à la mort ; C ' est une amie enfin que le bon Dieu nous donne , Comme le soir au jour , la vendange à l ' automne , La prière au remord .Ah ! c ' est que dans ce monde , où , seul , l ' homme voyage , Il faut marcher longtemps , longtemps contre l ' orage Et le ciel ennemi ; Dans ce monde où partout les méchants sont les maîtres , Il faut sous son manteau recueillir bien des traîtres , Pour trouver un ami ! Les femmes y sont bien pour nous aider à vivre ; Mais ce sont des parfums dont la douceur enivre Et flétrit sans retour : C ' est sur notre avenir un fard qui décolore ..",
                  "id": "7",
                  "title": "Nouvelles Leçons françaises de littérature et de morale, ou recueil de morceaux en prose et en vers, extraits des meilleurs auteurs français, enrichi de préceptes et de notions littéraires... par H. J. T.... Tome 1"
            },
            {
                  "doc_url": "https://gallica.bnf.fr/ark:/12148/bpt6k37209x",
                  "emotions": [
                        "surprise",
                        "courage"
                  ],
                  "excerpt": "Ainsi , le pouvoir de l ' invisibilité comportait quelque chose de diabolique ou de surhumain qui effrayait celui - là même qui en possédait le secret ! Bientôt , Marc Vanel distingua les pas feutrés de la bête qui s ' approchait , il perçut Un clappement de langue , il vit bouger la surface du lait contenu dans l ' écuelle .Doucement , il étendit la main , sentait la tiédeur de la fourrure magnétique , tressaillit à ce contact inattendu , enleva le chat .Posé , maintenu à nouveau sur le disque de verre , la machine électrique remise en mouvement , Mesmoth , sous l ' effort de nouveaux courants et de pratiques appropriées , redevint vite apparent .",
                  "id": "8",
                  "title": "Homo-Deus : le satyre invisible / Felicien Champsaur"
            },
            {
                  "doc_url": "https://gallica.bnf.fr/ark:/12148/bpt6k6263614c",
                  "emotions": [
                        "surprise",
                        "disapproval",
                        "doubt"
                  ],
                  "excerpt": "C ' est la chaleur qui le fait aujourd ' hui , Je souffre , ( ter ) LA CHALEUR .Comment , la Pudeur se déclare contre moi ! LA PUDEUR .Louison , , Jeanne et Pierrette seraient mortes de faim et de misère , sans les bontés de leur LES TROIS DEMONS .",
                  "id": "9",
                  "title": "La chaleur : pièce fantastique et mythologique, mêlée de couplets / par M. Clairville aîné..."
            },
            {
                  "doc_url": "https://gallica.bnf.fr/ark:/12148/bpt6k1133777",
                  "emotions": [
                        "surprise",
                        "doubt"
                  ],
                  "excerpt": "L ' hirondelle revient .voici des fleurs éclosts , Le miel et les parfums dans l ' air sont confondus .C ' est la saison des chanls , poète et tu reposes , Tes attributs divins au mur sont suspendus .",
                  "id": "10",
                  "title": "De quelques ouvriers-poètes : biographies et souvenirs / par Eugène Baillet"
            },
            {
                  "doc_url": "https://gallica.bnf.fr/ark:/12148/bpt6k65235723",
                  "emotions": [
                        "surprise",
                        "disgust",
                        "doubt"
                  ],
                  "excerpt": "- L ' embarras de Prométhée paroît toujours , quand il s ' agit de lier ensemble deux sensations de différente espèce ; ce n ' est pas le parfum d ' un fruit qui doit engager l ' homme de la nature à manger , c ' est le besoin .Une tubéreuse flatte bien plus l ' odorat qu ' une pomme ; la statue vivra - t - elle de tubéreuses ? Mes yeux devenus inutiles se fermèrent .tout disparut : la trace de mes penssées fut interrompue , & je perdis ! e sentiment de mon exis - tence .",
                  "id": "11",
                  "title": "De la philosophie de la nature, ou Traité de morale pour l'espèce humaine tiré de la philosophie et fondé sur la nature. Tome 2 / . Troisième édition, et la seule conforme au manuscrit original"
            },
            {
                  "doc_url": "https://gallica.bnf.fr/ark:/12148/bpt6k1091843g",
                  "emotions": [
                        "surprise",
                        "disgust"
                  ],
                  "excerpt": ".c ’ est fâcheux , mais enfin , il n ’ y a pas d ’ erreur , elle sent le cirage ou le chocolat ! Et , comme il alimentait d ’ huile de coco la lampe près de s ' éteindre , la belle Raïni , qui jusqu ' alors n ’ avait prononcé aucune parole , l ’ enlaça de ses deux bras moites et décolorés et lui souffla dans ON DIRAIT DU VEAU 3 ° l ’ oreille avec le plus ' pur accent « Montmartre » ces mots stupides : C ’ est bon ..",
                  "id": "12",
                  "title": "Comment on devient duchesse. Préface de Horace Bertin / Paul Guiraud"
            },
            {
                  "doc_url": "https://gallica.bnf.fr/ark:/12148/bpt6k1116767",
                  "emotions": [
                        "surprise",
                        "frustration"
                  ],
                  "excerpt": "sans la foule .A peine s ' ils - avaient pu avoir accès sur le pont tant l ' affluence des touristes était compacte et maintenant , tandis qu ' autour d ' eux les paniers aux provisions s ' ouvraient , dégageant un parfum de victuailles cher aux ventres affamés , c ' est en vain qu ' ils cherchaient à se caser quand le notaire s ' enHalloo , Mattews ! Mon cher notaire , vous et votre ami vous mé faites de la peirie ^ .Installèz - vdus ici , lùnchez avec moi et séance tenante donnez - moi une consultation .",
                  "id": "13",
                  "title": "Cythère en Amérique / Émile Barbier ; illustrations de Gabriel Pernet"
            },
            {
                  "doc_url": "https://gallica.bnf.fr/ark:/12148/bpt6k1162332p",
                  "emotions": [
                        "surprise",
                        "grief",
                        "fear",
                        "love",
                        "doubt",
                        "amusement"
                  ],
                  "excerpt": [
                        "Le chant s ’ est tu , et , maintenant , la cithare pleure une mélodie attendrissante .D ’ une voix douce , plus douce qu ’ un zéphir , Aphrodite murmure : — Est - ce toi , Démétrios , mon aimé ? Le silence plane dans la nuit parfumée d ’ ambre .Puis , un corps nu se dresse auprès du corps d ’ Aphrodite , qui l ’ étreint et le tord , déjà prête aux enlacements qui font chavirer les sens .",
                        "Tandis que son groom pas plus haut que ça lui ouvre la porte , elle lui recommande : — Surtout quand le général viendra , n ’ oublie pas de lui dire que j ’ ai laissé un mot pour lui dans ma chambre , sur mon bureau .Et après avoir ponctué sa phrase par une chiquenaude bienveillante sur le nez menu du gamin , qui éternue avec alfectation , la jeune femme s ’ éloigne avec des froulrous de soie froissée , laissant derrière elle un sillage parfumé de Chypre .Dehors la voiture attend ."
                  ],
                  "id": "14",
                  "title": "Le Charme : photographies d'après nature"
            },
            {
                  "doc_url": "https://gallica.bnf.fr/ark:/12148/bpt6k1162332p",
                  "emotions": [
                        "surprise",
                        "joy",
                        "pride",
                        "gratitude",
                        "doubt"
                  ],
                  "excerpt": "Elle s ’ avance , nymphe émue , Tourne sur son joli mollet .TrouVe ? - moi donc telle danseuse , A la gorge de pur airain , Qui sait faire virer son rein , Comme une toupie paresseuse , Trouve ^ moi donc telle danseuse , A la gorge de pur airain ? Dans sa loge , aux heures exquises Où montent des odeurs d ’ encens , Galants dont chavirent les sens Viennent lui conter des bêtises .Dans sa loge , aux heures exquises Où montent des odeurs d ’ encens .",
                  "id": "15",
                  "title": "Le Charme : photographies d'après nature"
            },
            {
                  "doc_url": "https://gallica.bnf.fr/ark:/12148/bpt6k37083s",
                  "emotions": [
                        "surprise",
                        "doubt",
                        "despair",
                        "frustration"
                  ],
                  "excerpt": "Il tâchait d ' ébranler la porte dans ses efforts désespérés .Impossible 1 impossible 1 Et à deux pas de lui , sous ses yeux , la table brillait , fumait , embaumait .Hélas 1 c ' était la table de Tantale Je ne veux pas dire la rage du duc lorsqu ' il eut compris cette parodia féroce .",
                  "id": "16",
                  "title": "François Soleil / par Charles Monselet"
            },
            {
                  "doc_url": "https://gallica.bnf.fr/ark:/12148/bpt6k937429t",
                  "emotions": [
                        "surprise",
                        "disgust",
                        "disapproval",
                        "doubt",
                        "curiosity"
                  ],
                  "excerpt": "« Ln jour , dit le poète Sadi , je vis un rosier environné d ’ une touffe de gazon .Quoi ! m ’ écriai - je , cette vile plante est - elle faite pour se trouver clans la compagnie des roses ? El je voulus arracher le gazon , lorsqu ’ il médit humblement : Épargnez - moi : je ne suis pas la rose , il est vrai ; mais , à mon parfum , on connaît au moins ( pie j ’ ai vécu avec des roses .» i DE LA PHILOSOPHIE DES ROSES Pour orner les leçons de la sagesse , souvent les Muses ont emprunté une rose aux Amours .",
                  "id": "17",
                  "title": "Le langage des fleurs (Neuvième édition augmentée de plusieurs chapitres ornée de douze gravures coloriées et de nombreuses vignettes dans le texte) / par Mme Charlotte de Latour"
            },
            {
                  "doc_url": "https://gallica.bnf.fr/ark:/12148/bpt6k937429t",
                  "emotions": [
                        "surprise",
                        "embarrassment"
                  ],
                  "excerpt": "Bientôt un sommeil accablant ferme ses paupières .Le fantôme , appelé par un parfum qu ’ il ne saurait méconnaître , arrive , et s ’ assied en grimaçant sur la poitrine de l ’ imprudente beauté .La douleur est exprimée dans tous les traits de l ’ infortunée , sa tête se renverse avec effort , ses bras tombent sur le bord du lit , son sein palpite et se soulève péniblement ; elle se sent étouffer , le mouvement interrompu de son cœur semble la menacer de la mort .",
                  "id": "18",
                  "title": "Le langage des fleurs (Neuvième édition augmentée de plusieurs chapitres ornée de douze gravures coloriées et de nombreuses vignettes dans le texte) / par Mme Charlotte de Latour"
            },
            {
                  "doc_url": "https://gallica.bnf.fr/ark:/12148/bpt6k1269479v",
                  "emotions": [
                        "surprise"
                  ],
                  "excerpt": "XXII .La nuit me surprend , Mais au fond de la prairie , Voici I \" k - lôteller - ie : Un pommier odorant .La giroflée .",
                  "id": "19",
                  "title": "Épigrammes à la japonaise / Albert de Neuville"
            },
            {
                  "doc_url": "https://gallica.bnf.fr/ark:/12148/bpt6k1269966z",
                  "emotions": [
                        "surprise",
                        "fear",
                        "annoyance",
                        "disapproval",
                        "pain"
                  ],
                  "excerpt": "La peste infecta la ville de Marseille en 1720 .Il m ' a infecté de son haleine .Au figuré , .",
                  "id": "20",
                  "title": "Dictionnaire des expressions vicieuses et des fautes de prononciation les plus communes dans les Hautes et les Basses-Alpes , accompagnées de leurs corrections, d'après la Ve édition du dictionnaire de l'Académie... Par M. Rolland,..."
            }
      ]
}