{
      "articles": [
            {
                  "doc_url": "https://gallica.bnf.fr/ark:/12148/bpt6k9739286b",
                  "emotions": [
                        "surprise",
                        "disgust"
                  ],
                  "excerpt": "Un ange descendit du ciel , ôta la pierre qui fermait le sépulcre et s ' assit dessus : son regard était comme un éclair , et ses habits blancs comme neige .Les gardes furent si épouvantés , qu ' ils demeurèrent comme morts ; et de saintes femmes qui venaient pour embaumer de nouveau le corps de Jésus , furent bien surprises de voir le sépulcre ouvert , et de trouver range qui dit : Vous cherchez Jésus qui a été crucifié , il est ressuscité , il n ' est plus ici .Allez dire à ses disciples et à Pierre qu ' ils se rendent en Galilée ; vous le verrez là , comme il vous l ' a dit .",
                  "id": "1",
                  "title": "Catéchismes philosophiques, polémiques, historiques, dogmatiques, moraux, liturgiques disciplinaires, canoniques pratiques ascétiques et mystiques, de Feller, Aimé, Scheffmacher, Rohrbacher, Pey, Lefrançois, Allëtz, Almeyda, Fleury, Pomey, Bellarmin, Meusy, Challoner, Gother, Surin et Olier. Tome 2 / annotés, complétés et actualisés, publiés par M. l'abbé M**** [Migne]..."
            },
            {
                  "doc_url": "https://gallica.bnf.fr/ark:/12148/bpt6k57277907",
                  "emotions": [
                        "surprise",
                        "annoyance",
                        "doubt"
                  ],
                  "excerpt": ".Et puis , vous êtes obscur , Monsiour Pierrot , YOUS êtes obscur ! Pourquoi ne faites - vous pas comme Arlequin , le jeune ot sympathique académicien , le poète à la modo , des petits vers on contes , parfumés à la vanille , à l ' usage dos salons du grand monde , ou bien oncoro dos faitsdivers émouvants racontés en alexandrins ., , Ça passionne le public , ça .",
                  "id": "2",
                  "title": "Oeuvres posthumes / de G.-Albert Aurier,... ; notice de Remy de Gourmont,..."
            },
            {
                  "doc_url": "https://gallica.bnf.fr/ark:/12148/bpt6k57277907",
                  "emotions": [
                        "surprise",
                        "doubt"
                  ],
                  "excerpt": ") IRÉNÉE Eh ! quoi ! Me faut - il donc à jamais renoncer , Ma bien - aimée , à t ' enlacer , à te lisser Des robes de baisers ? Eh ! quoi ! ma bien - aimée , IRÉNÉE 391 Mo ravis - tu l ' avril do la .chair parfumée ? Quoi ! No saurai - jo plus l ' étreinte do tes bras ? BRISÉIS Irénée , il le faut ! ..",
                  "id": "3",
                  "title": "Oeuvres posthumes / de G.-Albert Aurier,... ; notice de Remy de Gourmont,..."
            },
            {
                  "doc_url": "https://gallica.bnf.fr/ark:/12148/bpt6k63757336",
                  "emotions": [
                        "surprise",
                        "doubt"
                  ],
                  "excerpt": "L ' administrateur courageux et éclairé qui parviendra à les faire enlever s ' acquerra la reconnaissance éternelle de toutes ces populations , et placera , à juste titre , son nom parmi les bienfaiteurs de la ville de Paris .On ne comprend pas comment , àr la porte de la capitale de la France , auprès d ' un des principaux hôpitaux de cette ville , on laisse subsister , sur un endroit qui la domine , un foyer d ' infection aussi vaste , dont les émanations sont projetées au loin jusque dans ses quartiers les plus beaux et les plus populeux toutes les fois que des vents , qui régnent assez fréquemment , viennent à souffler .Le Conseil , Monsieur le Préfet , recommande de nouveau cette importante affaire à votre philanthropie et à vos hautes lumières .",
                  "id": "4",
                  "title": "Rapports généraux sur la salubrité publique, rédigés par les conseils ou les administrations ... 2me partie officielle. Rapports généraux sur les travaux du conseil de salubrité de la ville de Paris et du département de la Seine, exécutés depuis l'année 1802 jusqu'à l'année 1826... publiés... par V. de Moléon,..."
            },
            {
                  "doc_url": "https://gallica.bnf.fr/ark:/12148/bpt6k661525",
                  "emotions": [
                        "surprise",
                        "doubt",
                        "embarrassment"
                  ],
                  "excerpt": "Elle m ' a traité de fou et s ' est moquée de moi .Pourquoi donc ? La jeune femme pâlit et pensa « Voilà bien la preuve certaine de ce que je supposais mon fils a la puissance olfactive d ' un limier .» Elle saisit brusquement l ' enfant et le serra passionnément dans ses bras , disant à haute voix « Dieu me montre le chemin .",
                  "id": "5",
                  "title": "Plus fort que Sherlock Holmès ; suivi de Sept contes (2e édition) / Mark Twain ; traduit par François de Gail"
            },
            {
                  "doc_url": "https://gallica.bnf.fr/ark:/12148/bpt6k5806043j",
                  "emotions": [
                        "surprise",
                        "anger",
                        "courage",
                        "excitement",
                        "doubt",
                        "nervousness",
                        "pain"
                  ],
                  "excerpt": "Ah ! oui ! J ' ai péché ! Ma terre me semble accueillante .Mais je suis illusionné ! Il est un seuil où je m ' irai cogner ! Les frimas de mon départ l ' ont fait plus dur que la glace ! » Il gravit un chemin aux blancs pavés , où l ' air était pénétré d ' une senteur de buis .Au sommet de la côte , une forge allumait sa flamme joyeuse et ses murailles en briques se grisaient d ' un rayon de soleil vraiment diamantin .",
                  "id": "6",
                  "title": "La Légende d'Yperdamme... / Eugène Demolder"
            },
            {
                  "doc_url": "https://gallica.bnf.fr/ark:/12148/bpt6k56104804",
                  "emotions": [
                        "surprise"
                  ],
                  "excerpt": "— Oh ! dit André Chénier avec transport , je pourrai donc , consoler mon père .- — Mon Dieu , est - il possible ! dit Roucher , je pourrai donc retourner herboriser au bois de Meudon , entre ma fille et mon petit Emile .— Moi , dit la comtesse Dartigue , il me semble qu ' en sortant , je vais aller acheter un bouquet de roses chez la marchande qui est ici près , et l ' emporter , en courant .",
                  "id": "7",
                  "title": "La Fiancée de la cour, suite du Baron de Trenck, par Clémence Robert..."
            },
            {
                  "doc_url": "https://gallica.bnf.fr/ark:/12148/bpt6k9754150c",
                  "emotions": [
                        "surprise"
                  ],
                  "excerpt": "Et il écrivit .Tout à coup , une petite porte s ' ouvrit brusquement , et une jeune femme aux cheveux d ' or , aux lèvres rouges et aux yeux noirs , emmitouflée , gantée , parfumée , se précipita dans le cabinet du critique .C ' était mademoiselle Clara Moore , une actrice éclose au Cercle Pigalle , et que la haute protection de Théodose Bulan avait fait engager au Lyceum , où elle jouait ces pages en maillot gris perle qui entrent fièrement , le poing sur la hanche , se rangent debout contre une porte et annoncent : « Le roi ! » — Bonjour , chéri ! dit Clara Moore , en se penchant sur le crâne puissant , mais dénudé , de Théodose qu ' elle embrassa Et , s ' appuyant familièrement des deux mains sur le rebord de la table , elle demanda : — Qu ' est - ce que tu fais - là ? — Une exécution .",
                  "id": "8",
                  "title": "Histoires tragiques et contes gais / Philippe Chaperon"
            },
            {
                  "doc_url": "https://gallica.bnf.fr/ark:/12148/bpt6k97593956",
                  "emotions": [
                        "surprise",
                        "excitement"
                  ],
                  "excerpt": "A peine avait - il commencé sa prière qu ' il sentit un parfum délicieux et inconnu .Au retour , en descendant le chemin du cimetière , au moment où je lui parlais de l ' exhumation de S ' Thérèse qui devait avoir lieu deux jours après , nous sentimes passer à côté de nous comme un être céleste que je ne saurais pas définir , c ' était comme un souffle chaud et embaumé .Ce passage fut très rapide .",
                  "id": "9",
                  "title": "Histoire d'une âme : écrite par elle-même / Sainte Thérèse de l'Enfant-Jésus et de la Sainte-Face"
            },
            {
                  "doc_url": "https://gallica.bnf.fr/ark:/12148/bpt6k63781688",
                  "emotions": [
                        "surprise",
                        "excitement",
                        "doubt"
                  ],
                  "excerpt": "Voilà l ' été , vive l ' été , C ' est un ' saison qu ' est fait ' pour plaire ; Pour moi j ' préfère L ' onde à la terle , C ' est bien plus mieux pour la santé .Mais v ' là l ' public qui se rassemble Pour nous voir voguer sur c ' te mer ; Nous allons si vit ' , qu ' il leur semble P ' 1 - êt ' que nous somm ' sur un ch ' min d ' fer ! N ' lach ' pas , Merlou , c ' caniche superbe , Ce soir j ' t ' ach ' t ' rai trois sous d ' parfums , Car il faut , comm ' dit le proverbe , Avoir T respect pour les défunts ! C ' est ça ..",
                  "id": "10",
                  "title": "Paris chantant : romances chansons et chansonnettes contemporaines / texte de Marc Fournier, Fertiault,... [et al.] ; musique de Festeau, Scudo, A. Harquerie,... [et al.]"
            },
            {
                  "doc_url": "https://gallica.bnf.fr/ark:/12148/bpt6k6136589m",
                  "emotions": [
                        "admiration",
                        "surprise",
                        "gratitude",
                        "calmness",
                        "nervousness"
                  ],
                  "excerpt": "Je vais prendre à jamais mon essor immortel Dans un monde inconnu tout plein de poésie ; Mais , avant de goûter le sommeil éternel , Noyons - nous dans les flots des parfums de l ' Asie .Oui , comme Mirabeau , loin , bien loin tout effroi ; Esclaves , des parfums , des fleurs , de l ' harmonie ! Toi , tribun , tu mourus en foudroyant un roi : Moi , je fais plus encor , car je frappe la vie ..",
                  "id": "11",
                  "title": "Insomnies poétiques, par M. Henri Gresset"
            },
            {
                  "doc_url": "https://gallica.bnf.fr/ark:/12148/bpt6k96135948",
                  "emotions": [
                        "surprise"
                  ],
                  "excerpt": "Personne n ' ignore qu ' il y a des herbes & des fleurs dont l ' odeur est fort rafraichisante & fort agreable : Leur Vertu par rapport a plusieurs maux , & sur tout à ceux de la tête j n ' est connue qu ' à peu de per - sonnes , & cependant il est assez facile à un homme contemplatif de se l ' imaginer .Ce que l ' on dit de Dé - tnocrite à cet egard , est remarquable : Qu ' étant accablé de vielleflë , & à l ' article de la mort , les seurs s ' af - fligeoient de ce qu ' il ne pourroit pas vivre jusques à la fête de Ceres , qu ' on devoit solemniser trois ou quatre jours après : Surquoi il ordonna qu * on lui apportât des pains nouvellement cuits , avec l ' odeur ou la fumée desquels sous le nez il prolongea sa vie jusques après la fête , & pjjj $ mourut .Je ne sai si l ' on peut vivre vivre un certain tems ou combien de tems par l ' odeur de la viande 5 mais je trouve beaucoup de jltÍliçc ; a soit que la chose soit veritable oit non , au conte que l ' on fait d ' un certain cuîsinier , lequel ayant rç * marqué qu ' un homme s ' en servoit souvent dans sa boutique , lui demanda , de l ' argent , sur la confession qu ' il fit que cela lui servoit de dîner , sur quoi le juge lui ordonna de se con - tenter du son de l ' argent de l ' autre » pour son payement .",
                  "id": "12",
                  "title": "Essai sur les mécontentemens populaires, sur la santé et la longue vie, et defense de l'Essai sur le savoir des anciens et modernes, et pensées sur les diferens états de la vie & de la fortune, & sur la conversation . Ouvrages posthumes de chevalier Temple"
            },
            {
                  "doc_url": "https://gallica.bnf.fr/ark:/12148/bpt6k5449198x",
                  "emotions": [
                        "surprise"
                  ],
                  "excerpt": "Déjà s ' évanouissaient autour de nous les brumes violettes ; l ' air se voilait d ' une douce pénombre ; et , surgies de la forêt profonde et solitaire , montaient les voix des choses , les odeurs des choses .C ' était — je ne sais pas dire — c ' était comme si les fleurs , les feuilles et les herbes eussent exhalé un rêve végétal , et que ce rêve se fut répandu INTERMEZZO .83 partout , grand et suave : un rêve — je ne sais pas dire — qui serait comme une vapeur née à l ' aube sur des eaux dormantes .",
                  "id": "13",
                  "title": "Poésies, 1878-1893. / Gabriele d'Annunzio ; traduites de l'italien par G. Hérelle"
            },
            {
                  "doc_url": "https://gallica.bnf.fr/ark:/12148/bpt6k5449198x",
                  "emotions": [
                        "surprise",
                        "doubt"
                  ],
                  "excerpt": "IV ( Sonnet .) Un parfum de roses , venu peut - être des jardins clos du Roi , flottait confusément ; et dans l ' heure froide , au haut du ciel , la Lune resplendissait sur le palais Barberini .De leurs voix rauques et lentes , les fontaines murmuraient , invisibles entre les pins ; de temps à autre , des glaives de diamant jaillissaient tout à coup au - dessus des branches .",
                  "id": "14",
                  "title": "Poésies, 1878-1893. / Gabriele d'Annunzio ; traduites de l'italien par G. Hérelle"
            },
            {
                  "doc_url": "https://gallica.bnf.fr/ark:/12148/bpt6k5449198x",
                  "emotions": [
                        "surprise",
                        "grief",
                        "desire",
                        "envy",
                        "curiosity",
                        "embarrassment"
                  ],
                  "excerpt": "Puis , à mon côté , elle chanta encore .Une boucle de ses cheveux effleurait ma bouche , par instants ; et le parfum , l ' âme de cette chose vivante irritait mes narines avides , me montait à la tête .Je regardai sa gorge , qui palpitait au rythme des notes .",
                  "id": "15",
                  "title": "Poésies, 1878-1893. / Gabriele d'Annunzio ; traduites de l'italien par G. Hérelle"
            },
            {
                  "doc_url": "https://gallica.bnf.fr/ark:/12148/bpt6k964877x",
                  "emotions": [
                        "surprise"
                  ],
                  "excerpt": "— Pourquoi tu sens l ’ odeur ? Grabuchot .— Je sens l ’ odeur ! Je sens l ’ odeur ! Est - ce que je sais , moi , pourquoi je sens l ’ odeur ! Une farce peut - être ! Un de ces messieurs du bureau .Adrienne , narquoise .",
                  "id": "16",
                  "title": "Le Télégramme d'Indre-et-Loire. Supplément illustré du dimanche"
            },
            {
                  "doc_url": "https://gallica.bnf.fr/ark:/12148/bpt6k30406957",
                  "emotions": [
                        "surprise",
                        "grief",
                        "nostalgia",
                        "gratitude",
                        "doubt",
                        "despair"
                  ],
                  "excerpt": "Se pencher sur le Christ , communion de dieux .NOTRE - DAME A genoux ! C ’ est ici le berceau de Paris , Petite île , bouquet parfumé , Notre - Dame , Nef dont la bonne Vierge en sa main tient la rame , Et qui survit , debout , Histoire , à tes débris ; Ton élan vers le ciel nous fait pensifs , surpris , Car tes arceaux ont vu s ’ accomplir le grand drame De la Patrie en proie aux maux que le sort trame : Tous les cœurs sont émus sous tes divins lambris .Nid d ’ âmes , sanctuaire où s ’ anoblit le rêve .",
                  "id": "17",
                  "title": "Les Feuilles du chêne... / Jules de Marthold"
            },
            {
                  "doc_url": "https://gallica.bnf.fr/ark:/12148/bpt6k5829015q",
                  "emotions": [
                        "surprise",
                        "disgust",
                        "anger",
                        "excitement"
                  ],
                  "excerpt": "Seuls , les nobles coursiers étaient restés debout , inaccessibles à ceue laxative influence .Stupéfaits devant ce spectacle , rebelles à ce parfum , on les voyait , au loin , flairer leurs cavaliers , à distance respectueuse , 16 278 Voyages et Aventures d ' un air de suprême dédain ; tourner la tête , et par ci , et par là , avec toutes les marques du dégoût et une impatience visibles ; approcher , en hennissant avec force , leurs naseaux les uns des autres , comme pour se concerter ensemble , et arrêter une résolution commune .Enfin , n ' y tenant plus , sans doute , s ' étant rassemblés , de toutes parts , en épais escadrons , et après avoir pris vraisemblablement un mot d ' ordre , tous ces fiers animaux partirent comme un trait du camp teutonique , et vinrent se ranger en bataille , en faisant un léger détour , derrière les troupes des Éleuthères .",
                  "id": "18",
                  "title": "Voyages et aventures d'Almanarre / publiés par J.-G. Prat"
            },
            {
                  "doc_url": "https://gallica.bnf.fr/ark:/12148/bpt6k7589895v",
                  "emotions": [
                        "surprise",
                        "fear"
                  ],
                  "excerpt": "Il rechargea , gardant le magasin pour l ' arrivée de la horde .Un obus péta tout près ; un éclat bourdonna , et , brusquemement , l ' odeur d ' ail empli son masque troué .Il griffa la déchirure à pleins doigts , pour l ' aveugler ; mais son geste convulsif fit sauter les liens .",
                  "id": "19",
                  "title": "Le Veilleur du vieux château : bulletin de l'Association amicale des mutilés, blessés, réformés et anciens combattants de la Grande Guerre, de leurs veuves, orphelins et ascendants, de l'arrondissement de Montluçon"
            },
            {
                  "doc_url": "https://gallica.bnf.fr/ark:/12148/bpt6k5462782h",
                  "emotions": [
                        "surprise"
                  ],
                  "excerpt": "ient qu ' à la même cause ; l ' ammoniaque qui se développe dans cette combustion en est vraisemblablement la cause .Trilérus a observé que l ' arôme des violettesi ' ayait déterminée ; et Haller , celui qui s ' échappe ; de diverses espèces de sauge , de l ' oranger , du safran , du castor , ce qui ne doit , pas paraître étonnant lorsqu ' on ; sait combien est puissante l ' aqtion des différentes odeurs sur l ' économie animale .Des marins , qui longeaient les côtes de l ' Arabie , sont tombés asphyxiés en sentant les odeurs agréables qui s ' émanent des plantes qu ' on voit croître dans ce pays brûlant .",
                  "id": "20",
                  "title": "Essai sur l'hystérie sthénique et asthénique , par M. Ange Maccary,..."
            }
      ]
}