{
      "articles": [
            {
                  "doc_url": "https://gallica.bnf.fr/ark:/12148/bpt6k58092435",
                  "emotions": [
                        "surprise"
                  ],
                  "excerpt": "Je te dirai qu ' il fait une pommade , Pour se graisser le dos tous les matins , Après avoir reçu la bastonnade , Avec du lard , du suif , et des grattins .Cet onguent - là ne sent pas la violette ; Il sent plutôt enfin vous devinez .Mais c ' est surtout quand il fait sa toilette , Qu ' on est forcé de se boucher le nez .",
                  "id": "1",
                  "title": "Sébastopol, lettre d'un caporal de l'armée d'Orient. (Signé : Chastelain.)"
            },
            {
                  "doc_url": "https://gallica.bnf.fr/ark:/12148/bpt6k9737524n",
                  "emotions": [
                        "admiration",
                        "surprise",
                        "curiosity"
                  ],
                  "excerpt": "Et chaque année il fleurit des millions de tulipes , qui toutes diffèrent les unes des autres , et dont les proportions et les beautés sont variées à l ' infini .Serait - il possible qu ' un tel chef - d ' œuvre de la nature eût été produit par un hasard aveugle , et sans l ' intervention d ' une cause intelligente ? L ' œillet qui s ' offre à nos regards réunit la beauté au parfum , et c ' est , sans contredit , une des fleurs les plus intéressantes .Aimable fleur , emblème touchant d ' une personne qui réunit l ' esprit à la beauté , et qui se concilie l ' amour et le respect de ses semblables .",
                  "id": "2",
                  "title": "Beautés des leçons de la nature, ou L'histoire naturelle, présentée à l'esprit et au coeur"
            },
            {
                  "doc_url": "https://gallica.bnf.fr/ark:/12148/bpt6k6553580g",
                  "emotions": [
                        "surprise",
                        "disgust",
                        "disapproval",
                        "doubt",
                        "curiosity",
                        "faith"
                  ],
                  "excerpt": "Une inconnue ? Ce n ' est pas « bien neuf non plus et c ' est moins vrai , « puisque vous me connaissez .Prendrai - je ce « pseudonyme , que tant de femmes pourraient « prendre , le sphinx ? Ma foi non , cette signa « ture aurait un parfum de vieille actualité qui « ne me plaît point .Décidément , je ne trouve « pas .",
                  "id": "3",
                  "title": "Madame de Karnel / par Henri Amic"
            },
            {
                  "doc_url": "https://gallica.bnf.fr/ark:/12148/bpt6k6540909b",
                  "emotions": [
                        "admiration",
                        "surprise",
                        "excitement",
                        "doubt",
                        "nervousness"
                  ],
                  "excerpt": "en feu & en flamme , est une grande , terrible ÔC effrayante beauté ! Le moindre choc , un grain de sa poussiere pulvérise , dans moins d ' une minute , toutes les pompes & toutes les fastueuses commodités des orgueilleux humains .Quel facilement , quelle consternation ! où fuir dans le moindre ébranlement du globe que nous habitons ? Combien de variétés dans l ' émail des fleurs & de ce magnifique tapis de verdure ? On admire la beauté d ' une fleur , on est extasié à ses couleurs , on entre en délire à son odorat ; c ' est une volupté pour le palais , que le goût d ' un bon fruit , & c .& on foule aux pieds la nature qui les a produits ! Qu ' on prenne garde que je n ' appelle pas fouler aux pieds la nature , quand on marche : c ' est de l ' indifférence avec laquelle on regarde le principe de toutes ces merveilles ; c ' et f de l ' ingratitude des humains à son égard , dont j ' entends parler , & des cultivateurs .",
                  "id": "4",
                  "title": "Considérations philosophiques sur les mœurs, les plaisirs et les préjugés de la capitale . Ouvrage patriotique, fruit de l'oisiveté d'un homme de goût, & destiné à faire suite aux differens tableaux de Paris, publiés depuis quelques années."
            },
            {
                  "doc_url": "https://gallica.bnf.fr/ark:/12148/bpt6k66304v",
                  "emotions": [
                        "surprise",
                        "fear",
                        "nervousness",
                        "pain",
                        "embarrassment"
                  ],
                  "excerpt": "Jacques se leva tout à coup et , d ' un geste brutal , il empoigna la jolie tête de Gloriette , et lui campa sur les lèvres le baiser le plus goulu , le plus savant , le plus profond que jamais lieutenant de cavalerie ait donné à une belle fille .Gloriette poussa un petit cri , voulut se débattre , mais , sans doute , la saveur aphrodisiaque de ce baiser à la hussarde avait - il une puissance imprévue de grisante jeunesse , car elle , à son tour , abandonna ses lèvres , toute secouée par un tremblement spasmodique .Alors , sûr de sa victoire , Jacques prit Gloriette par la main et l ' entraîna vers le petit escalier 3 en spirale qui devait conduire à la chambre à coucher .",
                  "id": "5",
                  "title": "Gloriette / Richard O'Monroy"
            },
            {
                  "doc_url": "https://gallica.bnf.fr/ark:/12148/bpt6k80553k",
                  "emotions": [
                        "surprise",
                        "courage"
                  ],
                  "excerpt": "Une musique prenante , voluptueuse , favorisait les échanges de mots colorés , d ' impressions précises , car elle versait sur les couples l ' ivresse des harmonies trop épicées .Tout à coup , une danseuse espagnole , connue Tout à coup , une danseuse espagnole , connue depuis tant de lustres qu ' elle était illustre , Utero , monta sur une table et dansa au milieu d ' un cercle concupiscent , jetant au nez des hommes ' es dentelles de ses jupons légers d ' où s ' épandait une énervante odeur d ' oeillets rouges et jaunes fixés à ses jarretelles .« Ollé ! » Frénétique et perverse , grisante comme un cognac quinquagénaire et fameux , elle mimait une scène réaliste de passion andalouse , et , dans la folie de ses mouvements de jambes et de reins , le corsage décolleté fit émerger un sein dur encore , à la pointe fraisée .",
                  "id": "6",
                  "title": "Le mal de Paris : Mimi / Félicien Champsaur"
            },
            {
                  "doc_url": "https://gallica.bnf.fr/ark:/12148/bpt6k5489315f",
                  "emotions": [
                        "surprise",
                        "disgust",
                        "fear"
                  ],
                  "excerpt": "A la fin , je demandai de porter la tinette ailleurs ; cela occasionna une querelle , et j ' envoyai ma ceinture par le visage de l ' un des visiteurs .Celui - ci , en reculant précipitamment , renversa la tinette ; le bruit réveilla toute la salle , l ' odeur devint épouvantable , et tout le monde se leva en poussant de grands cris , L ' alcaïde enfin , entendant tout ce tapage et craignant que ses vassaux ne s ' évadassent , monta en toute hâte , armé et suivi de ses suppôts .Il ouvre la salle , apporte sa lumière et s ' informe .",
                  "id": "7",
                  "title": "Histoire de don Pablo de Ségovie (Nouvelle édition, entièrement revue et complétée) / par don Francisco de Quevedo-Villegas ; traduite de l'espagnol (1596) et annotée par A. Germond de Lavigne,..."
            },
            {
                  "doc_url": "https://gallica.bnf.fr/ark:/12148/bpt6k8326055q",
                  "emotions": [
                        "surprise",
                        "desire",
                        "nostalgia",
                        "excitement",
                        "envy",
                        "doubt"
                  ],
                  "excerpt": "Soudain , mille leux illuminent une : salle où nous venons de pénétrer , se i jouant à travers stalactites et stalac - ! mites qui brillent de tout leur éclat .On se croirait dans une grotte enchantée : , Est - ce une hallucination ? Non , carvoici venir vers nous une longue théorie de fées ; nous aspirons avec volupté leurs effluves embaumées , nous sentons se poser leurs mains molles sur nos épaules , comme pour nous attirer vers un monde meilleur .Pauvre de nous ! La féerie cesse tout à coup .",
                  "id": "8",
                  "title": "Toulouse sportif : organe des Sociétés cyclistes et sportives du Sud-Ouest"
            },
            {
                  "doc_url": "https://gallica.bnf.fr/ark:/12148/bpt6k80553k",
                  "emotions": [
                        "surprise",
                        "joy",
                        "nostalgia",
                        "envy"
                  ],
                  "excerpt": "Décidément , j ' en ai une veine , d ' avoir un amant pareil .Il m ' âinlë ; ma peau sent bon et elle est douce ; mais c ' est à l ' autre « peau » , qu ' il songe tout le temps ! Zut ! zut ! et zut ! Dis donc , Pirouette , qu ' est - ce que tu penses de Marius , toi ? .Et vous , Falochon ? .",
                  "id": "9",
                  "title": "Le mal de Paris : Mimi / Félicien Champsaur"
            },
            {
                  "doc_url": "https://gallica.bnf.fr/ark:/12148/bpt6k932055q",
                  "emotions": [
                        "surprise",
                        "joy",
                        "annoyance",
                        "optimism",
                        "excitement",
                        "pride",
                        "gratitude",
                        "envy",
                        "embarrassment"
                  ],
                  "excerpt": ".monsieur a tant de bonnes fortunes ! Passedix se retourne en se pinçant les lèvres , et s ’ empresse de changer la conversation en s ’ écriant : — Sandioux ! qué cé potage sent bon ! ..",
                  "id": "10",
                  "title": "Les étuvistes, ou Paris dans ce temps-là / par Ch.-Paul de Kock"
            },
            {
                  "doc_url": "https://gallica.bnf.fr/ark:/12148/bpt6k5489315f",
                  "emotions": [
                        "surprise",
                        "disgust",
                        "embarrassment",
                        "disappointment",
                        "guilt"
                  ],
                  "excerpt": "» Et là - dessus tous s ' éloignèrent en se bouchant le nez .Moi , qui pensais me tirer d ' affaire , je mis aussi mes mains à mon nez en disant : ce — Vous avez raison , cela sent fort mauvais .» Cela les fit rire , mais ils continuèrent ; ils étaient réunis près de cent .",
                  "id": "11",
                  "title": "Histoire de don Pablo de Ségovie (Nouvelle édition, entièrement revue et complétée) / par don Francisco de Quevedo-Villegas ; traduite de l'espagnol (1596) et annotée par A. Germond de Lavigne,..."
            },
            {
                  "doc_url": "https://gallica.bnf.fr/ark:/12148/bpt6k5692265k",
                  "emotions": [
                        "surprise",
                        "nostalgia"
                  ],
                  "excerpt": "Tu crois que c ' est de la sienne ? LUCIEN .Oh ! non ! la poche est la boîte aux lettres courantes ; or celle - ci est jaunie par le temps , elle a le parfum mélancolique des feuilles sèches ; elle se sera détachée d ' un herbier du coeur , que papa étail en train de compulser à huis clos , et qu ' il aura serré précipitamment à notre arrivée .ANNETTE .",
                  "id": "12",
                  "title": "Théâtre complet / de Emile Augier,..."
            },
            {
                  "doc_url": "https://gallica.bnf.fr/ark:/12148/bpt6k5408308s",
                  "emotions": [
                        "surprise",
                        "doubt"
                  ],
                  "excerpt": "Que fi ce n ' eft du Cofius & gt ; toutefois pour .ee que ç ' eft vne Racine , & qu ' elle a yne fouueraine odeur & acrimonie plaifante , & aromatique , elle eft aufli à < span style = \" color : Slategray ; \" > prifet < / span > comme le Cofius .Nous en auons mis icy le pourtrait .",
                  "id": "13",
                  "title": "Histoire generale des plantes. T. 2 / , contenant XVIII. livres egalement departis en deux tomes : tirée de l'exemplaire latin de la bibliotheque de Me Jacques Dalechamp, puis faite françoise par Me Jean des Moulins ... avec un indice ... ensemble les tables des noms en diverses langues. Derniere edition, reveuë, corrigée, & augmentée ... & illustrée..."
            },
            {
                  "doc_url": "https://gallica.bnf.fr/ark:/12148/bpt6k6103012k",
                  "emotions": [
                        "surprise"
                  ],
                  "excerpt": "La pipe enlevée , il dégonflait ses joues , sa poitrine , et chassait de gros nuages bleus , dont les volutes fugitives l ' embuèrent , dont son regard éteint suivit l ' agonie jusqu ' au plafond .Et il savoura le fort parfum , si étrange , si neuf de cette fumée distrayante .— Est - ce bon ? demanda Tchang .",
                  "id": "14",
                  "title": "L'Opium / Paul Bonnetain"
            },
            {
                  "doc_url": "https://gallica.bnf.fr/ark:/12148/bpt6k58168017",
                  "emotions": [
                        "surprise",
                        "joy",
                        "excitement",
                        "gratitude",
                        "amusement"
                  ],
                  "excerpt": "* NDHOULA \" Passons dans la cinquième cour .Ah , ah ! ' - - vv : ; ; ; Ici l ' odorat savoure les odeurs appétissantes : Ces ( umets de cuisine sont un ravissement .Un boucher lave des trpes ainsi qu ' un vieil habit .",
                  "id": "15",
                  "title": "Le chariot de terre cuite : cinq actes d'après la pièce du theâtre indien attribuée au roi Soudraka / Victor Barrucand"
            },
            {
                  "doc_url": "https://gallica.bnf.fr/ark:/12148/bpt6k80553k",
                  "emotions": [
                        "surprise",
                        "boredom"
                  ],
                  "excerpt": "Je suis fou .Une atmosphère étrange , capiteuse , énervante , emplissaitl ' établissement .Une ambiance d ' amour enveloppait les êtres exaspérés ou languides , et des femmes défaillantes se penchaient sur le dossier des banquettes , faisant saillir leurs gorges nues , tandis que les hommes avaient des yeux pleins de fièvre et que leurs mains osaient des gestes partout .",
                  "id": "16",
                  "title": "Le mal de Paris : Mimi / Félicien Champsaur"
            },
            {
                  "doc_url": "https://gallica.bnf.fr/ark:/12148/bpt6k62279223",
                  "emotions": [
                        "surprise"
                  ],
                  "excerpt": "Puis , se tournant vers l ' hérétique avec une grande douceur : Je sais , mon fils , qu ' il vous faudra du temps , mais qu ' enfin vous deviendrez bon et un saint .Chose merveilleuse 1 Cet homme demeura vingt ans dans l ' aveuglement de l ' hérésie ; après un temps si long , touché de la grâce , il demanda l ' habit de Frère Prêcheur , sous lequel il vécut bien et mourut en odeur de sainteté , » On comprend que Dominique put être présent à cette exécution , si on se rappelle qu ' avant d ' abandonner les hérétiques au bras séculier , on faisait toute espèce de tentatives pour les tirer de leurs erreurs et les réconcilier avec l ' Eglise .Dans le cas où ils abjuraient , .",
                  "id": "17",
                  "title": "Vie de saint Dominique et esquisse de l'ordre des Frères-Prêcheurs / traduit de l'anglais par A.-H. Chirat,..."
            },
            {
                  "doc_url": "https://gallica.bnf.fr/ark:/12148/bpt6k9772050z",
                  "emotions": [
                        "surprise",
                        "disgust",
                        "anger",
                        "annoyance",
                        "disapproval"
                  ],
                  "excerpt": "Ne protestez pas .Vous dites : « Dieu ne demande pas de semblables sacrifices ; se plaire dans l ' ordure , les poux , l ' odeur forte des vêtements sales ! Horreur ! Aimons les saints , les saints propres et sains ! Dieu n ' exige pas de ses élus , la puanteur et la sanie .» Je vous entends et vous approuve .",
                  "id": "18",
                  "title": "La vie étrange d'Humilis (Germain Nouveau) / Albert Lopez"
            },
            {
                  "doc_url": "https://gallica.bnf.fr/ark:/12148/bpt6k876780w",
                  "emotions": [
                        "surprise",
                        "optimism",
                        "excitement",
                        "curiosity"
                  ],
                  "excerpt": ".chaud ! ( Aspirant l ’ air ) Curieuse , cette odeur ! Thermomètre C ’ est l ' fromage de Camembert que j ' ai dans ma valise .Le Capitaine , même jeu .",
                  "id": "19",
                  "title": "L'île de Nénuphar : chinoiserie en un acte / É. Bessière et R. de Noter ; musique nouvelle arrangée par M. Camille Robert,..."
            },
            {
                  "doc_url": "https://gallica.bnf.fr/ark:/12148/bpt6k57324705",
                  "emotions": [
                        "surprise"
                  ],
                  "excerpt": "Frappé de l ' apparition de ces plaques dont l ' aspect lui parut presque douteux , malgré le diagnostic que nous en portions , il se mit à les examiner de très près , à les toucher , les presser en tout sens et longtemps .Mais quelle fut sa surprise , quand le soir même , chose bien autrement étrange , l ' élève se trouva sur les doigts deux plaques d ' urticaire très manifestes , que des bains , l ' amidon en poudre , le repos et le régime firent disparaître .— Quant au malade , l ' urticaire devint tout aussi confluente et tout aussi journalière qu ' auparavant .",
                  "id": "20",
                  "title": "Traité pratique des maladies de la peau, par Alph. Devergie,..."
            }
      ]
}