{
      "articles": [
            {
                  "doc_url": "https://gallica.bnf.fr/ark:/12148/bpt6k5440519w",
                  "emotions": [
                        "surprise",
                        "doubt",
                        "amusement",
                        "curiosity"
                  ],
                  "excerpt": "— 6 — Teint fleuri , moelleux embonpoint ; aussi ne puis - je compter le nombre incalculable de mes bonnes fortunes .Ah ! qu ' est - ce ? un billet parfumé pour mon gendre ? ..",
                  "id": "1",
                  "title": "Fatal n ° 13 ; par Griffe de La Chatte"
            },
            {
                  "doc_url": "https://gallica.bnf.fr/ark:/12148/bpt6k3067485w",
                  "emotions": [
                        "surprise",
                        "disgust",
                        "anger",
                        "fear"
                  ],
                  "excerpt": "La fiélion d ’ un empoifonnement démontré faux .Son exclamation fubite , fur V odeur d ' arfenic brûlé .Les foupçons qu ’ elle élève , que cet arfenic pouvoir parvenir des reftes de foupe jettée au feu par la fervante , quand il n ’ y avoir pas eu de foupe jettée au feu .",
                  "id": "2",
                  "title": "Mémoire pour Catherine Estinés, habitante de Cazaux, dans le comté de Cominges, contre les officiers du siège royal de Rivière, dans le même comté. / (Signé : Lacroix.)"
            },
            {
                  "doc_url": "https://gallica.bnf.fr/ark:/12148/bpt6k54268538",
                  "emotions": [
                        "surprise",
                        "love",
                        "nostalgia",
                        "excitement",
                        "doubt"
                  ],
                  "excerpt": "7 ! ) Trois oiseaux prisonniers chantent leur oiselière Qui sourit quand j ' arrive , et sent quelqu ' un venir .Mon âme , que vois - tu ? — Sous la fraîche dentelle Je vois battre le coeur de la pudique enfant ; Comme un parfum d ' avril l ' amour flotte autour d ' elle , Les papillons , surpris aux feux de sa prunelle , Viennent dans ses cheveux s ' abattre étourdimcnt .Mon âme , que veux - tu ? — Je méprise le monde , Je donne l ' avenir pour l ' éclair d ' un baiser ; Je veux , je veux dormir au bercement de l ' onde Sous le souffle indolent de cette tête blonde ; Quand la fleur est de miel , l ' abeille y va poser .",
                  "id": "3",
                  "title": "Les espérances / Georges Lafenestre"
            },
            {
                  "doc_url": "https://gallica.bnf.fr/ark:/12148/bpt6k98223993",
                  "emotions": [
                        "admiration",
                        "surprise",
                        "pride",
                        "doubt"
                  ],
                  "excerpt": "m ' en .fit voir un petit , haut de deux pieds , qui luy avoit est ' é apporté des Isies , auquel il avoit donné le non1 dé laurier aromatique : ôi comme j ' ay depuis persuadéaux Chi - rurgicns & aux habitans de l ' appeller laurier aromatiquc , ic ' croy qucce nÕ luy est demeure .Le S * dcRochefort se trompe , lorsqu ' il escrit qu ' il va de pair avec le bois de rose ; car il y amoins de rapport du houx au poirier de Frace , qu ' il n ' y en a du bois d ' Inde au bois de Rose .",
                  "id": "4",
                  "title": "Histoire générale des Antilles habitées par les François. Divisée en deux tomes. Et enrichie de cartes & de figures. Tome II. Contenant tout ce qu'il s'est passé dans l'establissement des colonies françoises. Par le R. P. Du Terte.... Tome 2"
            },
            {
                  "doc_url": "https://gallica.bnf.fr/ark:/12148/bpt6k5737196x",
                  "emotions": [
                        "surprise",
                        "nostalgia",
                        "doubt",
                        "curiosity"
                  ],
                  "excerpt": ".Avez - vous jamais vu , dans ces laboratoires Où l ' habitant du Sud , au parfum du laurier , Elève un ver rongeur que nourrit le mûrier , Celte chenille avide , à la feuille adhérente , Qui , nuit et jour , la moud sous sa dent triturante ? Ainsi nos grangousiers bouffissent leur jabot De la truffe qui naît dans l ' humus de l ' impôt .L ' impôt , c ' est la victime aux grands Molochs offerte : Ceux - ci rassasiés , courent à la desserte Mille petits Molochs ; insectes histrions , Pour qui nous sommes tous de vrais Amphylrions , SATIRE SIXIÈME .",
                  "id": "5",
                  "title": "Essai de satires sociales sur le dix-neuvième siècle, suivi de quelques autres pièces de vers, par F.-X. de Cellès,... Tome Ier"
            },
            {
                  "doc_url": "https://gallica.bnf.fr/ark:/12148/bpt6k76973j",
                  "emotions": [
                        "surprise"
                  ],
                  "excerpt": ", nous fimes î ' autopsie .La veille au soir on avait transporté ) e cadavre dans la chambre des morts et l ' on fut , étonné de voir des vapeurs tumineutestortant du vagin .Avant la dissection , MM vtme < sortir de t ' anMdes Sots de vapeurs blanchâtres qui sentaient le phosphore .",
                  "id": "6",
                  "title": "Traité pratique de médecine légale. Tome 2 / rédigé d'après des observations personnelles, par J. L. Casper,... ; traduit de l'allemand sous les yeux de l'auteur par Gustave-Germer Baillière"
            },
            {
                  "doc_url": "https://gallica.bnf.fr/ark:/12148/bd6t5370648j",
                  "emotions": [
                        "surprise",
                        "fear"
                  ],
                  "excerpt": "Celui - ci pense qu ’ il y a lieu de craindre un prochain affaissement dn sol .On est d ’ autant plus fondé de penser à un bouleversement de ce genre , que de semblables accidents se sont déjà produits dans la même région ; l ’ apparition des flammes bleues liées à ces corps , et une odeur de soufre ( ? ) permet de songer à des gaz violemment comprimés menaçant de faire éruption .Le professeur Helland propose , au cas où une perforation exploratrice ferait tomber sur une couche d ’ argile ramollie , de pratiquer , un drainage tout autour du terrain .",
                  "id": "7",
                  "title": "La Lumière : sciences, arts, littérature, morale"
            },
            {
                  "doc_url": "https://gallica.bnf.fr/ark:/12148/bpt6k9774021v",
                  "emotions": [
                        "surprise"
                  ],
                  "excerpt": "Pour étouffer ses cris , elle le plaça entre deux matelas .Au bout de trois jours , incommodée par l ' odeur de la putréfaction , elle l ' enleva et alla le jeter dans un puits .L ' enfant s ' y trouvait depuis quatre jours lorsqu ' on le retira .",
                  "id": "8",
                  "title": "Recherches médico-légales sur la déglutition comme signe de vie chez les enfants qui n'ont pas respiré / par le docteur Houzé de L'Aulnoit,..."
            },
            {
                  "doc_url": "https://gallica.bnf.fr/ark:/12148/bd6t51026208k",
                  "emotions": [
                        "surprise"
                  ],
                  "excerpt": "gercée autour du pédoncule ; oeil placé à fleur du fruit ou au centre d ’ une dépression régulière , étroite , peu profonde , à divisions caduques ou persistantes , lancéolées , canaliculées ; coeur dessinant une sorte de losange sur la coupe longitudinale , bordé de petites granulations ; lacune centrale nulle ou très - étroite ; loges moyennes ; pépins brun - fauve , assez petits ou avortés .CHAIR blanche , fine , fondante , peu granuleuse , se confondant presque avec le coeur ; eau abondante , sucrée , acidulée , parfumée , très - légèrement musquée .Excellent fruit .",
                  "id": "9",
                  "title": "Le Jardin fruitier du Muséum, ou Iconographie de toutes les espèces et variétés d'arbres fruitiers cultivés dans cet établissement avec leur description, leur histoire, leur synonymie... par J. Decaisne,... publié sous les auspices de S. E. M. le ministre de l'Agriculture et du commerce..."
            },
            {
                  "doc_url": "https://gallica.bnf.fr/ark:/12148/bd6t51026208k",
                  "emotions": [
                        "surprise",
                        "doubt"
                  ],
                  "excerpt": "AURORE - de AURORE - de de taches ou marbrures fauves plus ou moins étendues ; oeil placé à fleur du fruit , grand , ouvert , rougeâtre au fond , à divisions caduques ou persistantes , lancéolées - linéaires , canaliculées , glabres ou pubescentes , entouré de zones concentriques gercées ; coeur dessinant une sorte de losange sur la coupe longitudinale , bordé de granulations assez petites en général ; lacune centrale subéreuse , atténuée vers l ’ oeil ; loges assez profondes , larges , renfermant des pépins de couleur acajou .CHAIR d ’ un blanc d ’ ivoire , se confondant presque avec le coeur , très - fine , ferme , peu granuleuse ; eau abondante , sucrée , acidulée , parfumée et rappelant la saveur de la Crassane sans en avoir l ’ astringence .Fruit de première qualité .",
                  "id": "10",
                  "title": "Le Jardin fruitier du Muséum, ou Iconographie de toutes les espèces et variétés d'arbres fruitiers cultivés dans cet établissement avec leur description, leur histoire, leur synonymie... par J. Decaisne,... publié sous les auspices de S. E. M. le ministre de l'Agriculture et du commerce..."
            },
            {
                  "doc_url": "https://gallica.bnf.fr/ark:/12148/bd6t5373928m",
                  "emotions": [
                        "surprise",
                        "doubt"
                  ],
                  "excerpt": "etc .Eh bien , qui le croirait ! Ces vinaigres , pour la plupart , nesont poinides vinaigres , et n ’ enontque l ’ odeur .Un bon es - ART DU VINAIGRIER .",
                  "id": "11",
                  "title": "Art du vinaigrier , par M. Demachy, avec les notes de M. Struve,... et de M. J.-E. Bertrand,..."
            },
            {
                  "doc_url": "https://gallica.bnf.fr/ark:/12148/bpt6k6578080v",
                  "emotions": [
                        "surprise"
                  ],
                  "excerpt": ", 225 .paru le croire ; les plantes respirent de l ' oxygène qui brûle le carbone du végétal , en l ' exhalent sous forme d ' acide carbonique ; c ' est ce qui a lieu dans celles qui sont dans l ' obscurité .32 .",
                  "id": "12",
                  "title": "Principes de l'agronomie / par le Cte de Gasparin,..."
            },
            {
                  "doc_url": "https://gallica.bnf.fr/ark:/12148/bpt6k6443854h",
                  "emotions": [
                        "surprise",
                        "optimism",
                        "pride",
                        "doubt"
                  ],
                  "excerpt": "Un habile fabricant doit d ' ailleurs profiter de tous les tifices inuoeens qui peuvent favoriser le débit desesproducons .Faut - il s ' étonner d ' après cela , que les liquoristes aient naginé , depuis quelques années , de mettre en bouteille l ' esrit de nos grands hommes ; que le peeit , lait d ' Henrj - Quatre t l ' eau des braves aient obtenu un succès auquel leur titre \" est peut - être pas étranger , et que nos petites - maitresses oivent encore avec plaisir l ' huile de Vénus et le parfaitniour ? Parfum et coloration des liqueurs .On a vu dans l ' article précédent Je rôle important que es substances aromatiques et colorantes jouent dans la falrieation des liqueurs .",
                  "id": "13",
                  "title": "Manuel complet théorique et pratique du distillateur et du liquoriste, ou Traité de la distillation : contenant l'art de fabriquer les diverses espèces d'eau-de-vie et esprits... (Quatrième édition) / par M. Lebeaud,... et M. Julia de Fontenelle,..."
            },
            {
                  "doc_url": "https://gallica.bnf.fr/ark:/12148/bpt6k5836743s",
                  "emotions": [
                        "surprise",
                        "disgust",
                        "disapproval"
                  ],
                  "excerpt": "., ça sent le diable ! je ne suis pas étonné que cette femme soit si maigre et si malade .On lui a causé du mal .",
                  "id": "14",
                  "title": "Nos Créoles / A. Corre"
            },
            {
                  "doc_url": "https://gallica.bnf.fr/ark:/12148/bpt6k5773493k",
                  "emotions": [
                        "surprise",
                        "grief",
                        "desire",
                        "nostalgia",
                        "doubt"
                  ],
                  "excerpt": "— Si je pouvais fuir , pensa le prince , aller jouir de cette fraîche et odorante nature , aujourd ' hui même , jour de la Saint - Jean ! Oui , pour qu ' on me reprenne et qu ' on m ' enchaîne ! pour que des murs m ' empêchent de revoir le ciel , la mer , elle , que j ' ai aperçue ici , tout près , s ' enfuyant tout épouvantée .Fille aux cheveux d ' or ! au parfum de myrrhe et de roses , où es - tu ? C ' était un rêve .Elle m ' est apparue rayonnante de pourpre , un croissant sous les pieds , sur la tête une couronne d ' étoiles qui portait écrit : Mystère ! Liberté i Un bruissement se fit entendre sur la terrasse ; quelqu ' un s ' était penché vers la fenêtre , plongeant dans l ' obscurité de la chambre , et avait par deux fois heurté à la vitre .",
                  "id": "15",
                  "title": "Basile Mirovitch, par Grégoire Danilevsky, traduit du russe par Alexandre Romald"
            },
            {
                  "doc_url": "https://gallica.bnf.fr/ark:/12148/bpt6k3061982h",
                  "emotions": [
                        "surprise"
                  ],
                  "excerpt": "Le principe de l ’ odeur de musc se retrouve , encore dans une foule de végétaux ; nous citerons la Muscatelline ( Adoxa moschatellina ) , la Mauve musquée { Malva moschata ) , le Mi - mulus moschatus , le bois du sébestier , de Rum - phius ( Gardiacées ) ; mais il en est deux en particulier , le Sumbul ( Voy .ce mot ) dont les racines , et Yaster argophyllus , dont les feuilles argentées en dessous sentent le musc d ’ une manière étonnante ( Mérat ) .Garot a reconnu que dans le traitement pour en obtenir l ’ éry - throse , la rhubarbe dégage une forte odeur de musc .",
                  "id": "16",
                  "title": "L'officine, ou Répertoire général de pharmacie pratique / par Dorvault,..."
            },
            {
                  "doc_url": "https://gallica.bnf.fr/ark:/12148/bpt6k3061982h",
                  "emotions": [
                        "surprise"
                  ],
                  "excerpt": "éti ( l ue , le filtre et’ ec ^ eilli sur un et lavé .On obtient : noircissant spontanément ou par l ’ ébullition tionnl > ! '0 ^ u * î distillé a l ’ odeur d ’ amandes amères .Addi - I La liqueur pri - j Qe PO / O .",
                  "id": "17",
                  "title": "L'officine, ou Répertoire général de pharmacie pratique / par Dorvault,..."
            },
            {
                  "doc_url": "https://gallica.bnf.fr/ark:/12148/bpt6k6451788m",
                  "emotions": [
                        "surprise"
                  ],
                  "excerpt": "Nous n ' en citerons que deux : 1 ° L ' e .de lloiijoan , désignation tout à fait impropre , car ce produit n ' est pas un principe immédiat , mais simplement \" extrait aqueux du seigle ergoté qui se présente sous la forme presque solide , de couleur brun foncé , d ' une odeur particulière rappelant celle de la viande rôtie , insoluble dans l ' alcool absolu et l ' cther , soluble dans l ' eau et formant avec elle une dissolution d ' un beau rouge .2 ° L ' crgoline de Wiggers qui se présente sous la forme d ' une poudre d ' un rouge brun , soluble dans l ' alcool , dans la potasse caustique , dans l ' acide acétique concentré , insoluble dans l ' eau , dans l ' élher , dans les carbonates alcalins .",
                  "id": "18",
                  "title": "Dictionnaire encyclopédique universel contenant tous les mots de la langue française et résumant l'ensemble des connaissances humaines à la fin du XIXe siècle.... Tome 4 (E-F) / Camille Flammarion"
            },
            {
                  "doc_url": "https://gallica.bnf.fr/ark:/12148/bpt6k6493092t",
                  "emotions": [
                        "surprise",
                        "curiosity"
                  ],
                  "excerpt": "Voulez - vous me permettre de vous offrir encore un peu de riz ? — Non , merci ; j ' accepterai , si vous le voulez bien , une cuillerée de miel .Cette nourriture n ' est pas mauvaise , reprit - il , mais ce qui me déconcerte un peu , c ' est ce goût identique et bizarre qu ' ont tous les plats ; ça sent , comment dirai - je ., le graillon ou le suif .",
                  "id": "19",
                  "title": "En route / J.-K. Huysmans"
            },
            {
                  "doc_url": "https://gallica.bnf.fr/ark:/12148/bpt6k66211v",
                  "emotions": [
                        "surprise",
                        "nostalgia",
                        "gratitude"
                  ],
                  "excerpt": "C ' est à peine si , dans l ' obscurité , je distinguai vos formes s ' estompant dans un fouillis de tulle crème .Votre voix m ' arrivait lointaine un peu voilée , et de toute votre personne se dégageait un parfum pénétrant , mélange d ' iris et d ' odeur de femme , qui me grisait .Etais - je à Yoado , à tytnere , en plein conte des Mille et une Nuits ? .",
                  "id": "20",
                  "title": "La main aux dames ! (3e édition) / Richard O'Monroy"
            }
      ]
}