{
      "articles": [
            {
                  "doc_url": "https://gallica.bnf.fr/ark:/12148/bpt6k9734373h",
                  "emotions": [
                        "surprise"
                  ],
                  "excerpt": "L ' eau pure & l ' ammoniacale ont continué plufleurs jours de puer si horriblement , qu ' il eût , jepensë , été dangereux d ' approcher le nez de trop près des verres mis en expérience .Pendant ce cems - là , la nitrée qui n ' a voit presque pas d ' odeur , en adonne une de moili , & , ce qui n ' est presque pas croyable , la marine a cessé , de puer & même d ' avoir de l ' odeur .Cette puanteur exécrable a diminué ensuite dans l ' ammoniacale , continuant toujours dans l ' eau pure , & pendant ce tcms - là la nitrée & la marine ont pué derechef ; la fétidité a aussi diminué par la suite dans l ' eau pure , ÔC leur puanteur a été pendant plusieurs jours dans cet ordre descendant , ou du plus au moins ; eau pure , ammoniacale , marine & nitrée .",
                  "id": "1",
                  "title": "Dissertations sur les antiseptiques , qui ont concouru pour le prix proposé par l'Académie des sciences, arts & belles-lettres de Dijon en 1767, dont la premiere a remporté le prix, & dont les deux autres ont partagé l'accessit..."
            },
            {
                  "doc_url": "https://gallica.bnf.fr/ark:/12148/bpt6k5432097q",
                  "emotions": [
                        "surprise",
                        "faith"
                  ],
                  "excerpt": ".c ' est le jour du Seigneur ! ~ 145 Il semble que la fleur tout fraîchement éclose Comme pour embaumer le saint jour de mon Dieu , Avec ses doux parfums ne dit pas autre chose A l ' âme qui comprend son poétique aveu .Et l ' oiseau dès l ' aurore , écoutez comme il chante ! On dirait qu ' il ne veut travailler à son nid .",
                  "id": "2",
                  "title": "Poésies d'un ouvrier / par Émile Ginet,..."
            },
            {
                  "doc_url": "https://gallica.bnf.fr/ark:/12148/bpt6k5403849w",
                  "emotions": [
                        "surprise",
                        "love",
                        "envy",
                        "doubt",
                        "curiosity"
                  ],
                  "excerpt": "( Honni soit qui croirait que ce fut en cachette ! ) De la fille des bois en cette occasion , Le coeur pur se gonfla d ' une innocente joie .A Zéphire elle dit : , « Cette inclination > Quand Fa prise pour moi celui qui vous envoie ? D ' où lui vient le désir de se voir mon époux ? Comment me connaît - il , moi , qui de ce bois sombre Ne suis jamais sortie et rie me plais qu ' à l ' ombre ? » Zéphire répondit : « Votre parfum si doux , De son penchant pour vous est la cause en partie .» FABLE XIV .",
                  "id": "3",
                  "title": "Fables morales et religieuses / par Madame Adèle Caldelar ; dessins d'Eustache Lorsay"
            },
            {
                  "doc_url": "https://gallica.bnf.fr/ark:/12148/bpt6k54387421",
                  "emotions": [
                        "surprise",
                        "grief"
                  ],
                  "excerpt": "On avait oublié Salaün pour toujours Et nul ne parlait plus de lui dans la contrée , Lorsque , par un miracle éclatant , fut montrée La gloire dont Marie et son fils Tout Puissant Voulaient qu ' on illustrât Salaün l ' Innocent .Sur la tombe du fou délaissée , ô prodige ! Fleurit un lys si blanc , dressant sa haute tige , D ' une si douce odeur et d ' un si vif éclat , Qu ' il n ' était pas un bon chrétien qui ne parlât De cet événement , très loin , dans les domaines .Ce lys miraculeux vécut là six semaines , Et chacun put le voir et constater encor Sur ses feuilles , tracés en caractères d ' or , Ces mots bénis : Ave Maria ! .",
                  "id": "4",
                  "title": "Les cloches / Louis Tiercelin"
            },
            {
                  "doc_url": "https://gallica.bnf.fr/ark:/12148/bpt6k939683s",
                  "emotions": [
                        "surprise",
                        "nostalgia",
                        "courage"
                  ],
                  "excerpt": "Je prêterai l ’ oreille aux chœurs mélodieux Que leur bouche confie aux brises de nos cieux .Et quand Avril de fleurs émaillera nos plaines , J ’ irai , comme autrefois , surprendre les Phalènes Qui berçant leur sommeil aux prestiges du jour Des hamacs parfumés habitent le séjour .J ’ monderai mon cœur des voluptés mystiques Dont la Saône a peuplé ses rives poétiques : Tantôt suivant de l ’ œil sur le colza tremblant La vive Piéride au manteau noir et blanc ; Tantôt épiant l ’ heure où les fleurs éclatantes Aux baisers des zéphirs s ’ ouvrent comme des tentes .",
                  "id": "5",
                  "title": "Flocons de neige : poésies / par Xavier Bastide,..."
            },
            {
                  "doc_url": "https://gallica.bnf.fr/ark:/12148/bpt6k107542s",
                  "emotions": [
                        "surprise",
                        "courage"
                  ],
                  "excerpt": "Les hommes des temps héroïques pleuraient , en mourant , la lumière du ciel ils pleuraient aussi les sources d ' eau vive et les fleuves paternels .« On chemine à pied sec dans le lit des rivières ) ) , vous diront les touristes qui ont vu l ' Missus au mois de septembre et s ' étonnent que Socrate ait pu s ' y promener les pieds dans l ' eau , avec ses élèves , et se soit assis sur le bord , dans l ' herbe odorante , à l ' ombre d ' un platane .Mais les touristes ne vont point jusqu ' à Céphise , qui coule toujours aussi abondant qu ' au temps de Sophocle , et parlez - leur de l ' Alphée , du Pamisus , de la Néda , de l ' Eurotas , de l ' Erymanthe , du Ladon Aucun lieu n ' est si beau dans toute la nature chantait André Chénier .",
                  "id": "6",
                  "title": "Souvenirs d'un vieil Athénien / Emile Gebhart,..."
            },
            {
                  "doc_url": "https://gallica.bnf.fr/ark:/12148/bpt6k97494639",
                  "emotions": [
                        "surprise"
                  ],
                  "excerpt": "Ensuite , quand le tonnerre et la pluie eurent cessé , le paysan dit à sa femme : Allons , partons maintenant ; l ' air de la campagne n ' en sera que plus agréable après une longue sécheresse .Arrivés auprès d ' un champ dont le blé commençait à se former en épis , ils furent frappés de l ' odeur fraîche et suave qui s ' exhalait de la terre , et au - dessus du vallon des nuages brillants s ' entr ' ouvraientet laissaient apercevoir le bleu du ciel , et à travers l ' ouverture de ces nuages descendaient en longues traînées les rayons du soleil .Les tiges et les jeunes épis redressaient leurs têtes qu ' avaient courbées les gouttes de pluie semblables à des perles , et le gazon semblait revêtu d ' un nouvel éclat .",
                  "id": "7",
                  "title": "Paraboles du docteur Frédéric-Adolphe Krummacher / traduites de l'allemand en français par M. Teillac,..."
            },
            {
                  "doc_url": "https://gallica.bnf.fr/ark:/12148/bpt6k57026879",
                  "emotions": [
                        "surprise",
                        "nostalgia",
                        "doubt",
                        "frustration",
                        "disappointment"
                  ],
                  "excerpt": "Mais j ' ai vu du faubourg fumer les cheminées ; J ' ai regagné la ville aux nuits illuminées Et le pavé mouvant .Adieu l ' illusion ! qu ' elle était vaine et folle ! Ce souffle matinal , ce parfum qui s ' envole , Ce gazon du chemin , Celte main à baiser , à presser dans la mienne , Tout cela , pour un jour , c ' est enivrant ; niais vienne , Vienne le lendemain ! L ' amour passe , et la fleur , où d ' abord l ' oeil se pose , Pâlit sous le regard et n ' est plus une rose ; Le calice a jauni .El puis , quand l ' homme esl seul , loin du bruit el du monde , Du profond de son coeur plus haut s ' élève et gronde La voix de l ' Infini , l ' aile , que .",
                  "id": "8",
                  "title": "Vie, poésies et pensées de Joseph Delorme (Nouvelle édition très augmentée) / Sainte-Beuve"
            },
            {
                  "doc_url": "https://gallica.bnf.fr/ark:/12148/bpt6k49844s",
                  "emotions": [
                        "surprise"
                  ],
                  "excerpt": "Je n ' aurai plus de repos avant de m ' être faite Petite Sœur des Pauvres et cela ne tardera pas .Figurez - vous que tous ceux qui ont approché le cadavre de Fernisoun , ont été étonnés de la bonne odeur qu ' il exhalait .Le commissaire m ' a dit que les médecins peuvent expliquer ce fait qui se produit quelquefois .",
                  "id": "9",
                  "title": "L'hérésiarque et Cie / Guillaume Apollinaire"
            },
            {
                  "doc_url": "https://gallica.bnf.fr/ark:/12148/bpt6k90078r",
                  "emotions": [
                        "surprise"
                  ],
                  "excerpt": "– B & ~ ME , Bt Le bMme & ta tempéïatate ocdmaife se ppëseaie sous ta tonne d ' un liquide bt ' un - MHge foncée presque noir , .d ' une odeur particulière , désa ~ éaMe , qa ! ' ' esœmMe & eeMe du cMofe .Il est beaucoup ptus hMfd < pte t ' MU sa pesanteur spécifique est de 2 ~ 97 .",
                  "id": "10",
                  "title": "Traité complet de chimie analytique (Édition française originale...) / par M. Henry Rose"
            },
            {
                  "doc_url": "https://gallica.bnf.fr/ark:/12148/bpt6k9734373h",
                  "emotions": [
                        "surprise"
                  ],
                  "excerpt": "Sous cet état les particules septiques perdent leur aptitude à faire impreflîonsur le sens de l ' odorat , mais elles n ' en deviennent queplus propres à s ' insinuer dans les corps aniines ; c ' est de - là qu ' elles sont très - coiitagictises , & que l ' on s ' en trouve infecté sans le sçavoir .Si l ' on compare l ' affreuse puanteur d ' une salle de bielles avec l ' odeur imperceptible d ' un ballot qui vient d ' un endroit pestiféré , on a lieu d ' être surpris qu ' on fréquente la premiere sans presqu ' aucun danger d ' infedion , & que l ' on nepuiflfe s ' approcher de l ' autre sans en remporter une contagion qui fera les plus grands ravages .Ce qui s ' exhale des plaies , des membres gangrenés , des excrémens , des viandes corrom - ment alse8 : é par la vapeur empoisonn £ e de la serosite verre qui sortit , qu ' il fut peu de tems après attaqué d ' une fièvre pefHietitielle , dont il ne Ce tira qu ' avec beaucoup de peine , ibid .",
                  "id": "11",
                  "title": "Dissertations sur les antiseptiques , qui ont concouru pour le prix proposé par l'Académie des sciences, arts & belles-lettres de Dijon en 1767, dont la premiere a remporté le prix, & dont les deux autres ont partagé l'accessit..."
            },
            {
                  "doc_url": "https://gallica.bnf.fr/ark:/12148/bpt6k5457308v",
                  "emotions": [
                        "surprise"
                  ],
                  "excerpt": ", Vivement , selon l ' instinct * de nature , il fourra son doigt dans sa bouche .Quelques bribes de peau étaient restées au bout de ce doigt , et pour la première fois de sa vie et de la vie de toute la Chine — car Bo - ba était Chinois et lo fait se passait en Chine , où , de temps immémorial , on ne mangeait le cochon que bouilli , — la bontév la bonne odeur du rôti lui furent révélées .Bo - ba reporta bientôt , son doigt à l ' endroit d ' où il venait , regoùta , et des .",
                  "id": "12",
                  "title": "Suzette, livre de lecture courante à l'usage des jeunes filles : morale, leçons de choses, économie domestique, ménage, cuisine, couture / par Mme Marie Robert Halt,..."
            },
            {
                  "doc_url": "https://gallica.bnf.fr/ark:/12148/bpt6k9759941q",
                  "emotions": [
                        "surprise",
                        "disgust",
                        "doubt"
                  ],
                  "excerpt": "J ' ai cherché , mais en vain , à obtenir des résultats semblables par les eaux de Contrexéville factices ; je ne puis donc , quels que soient les progrès admirables de la chimie moderne , reconnaître identité de causes là où il n ' y a pas identité d ' effets .J ' ai vu des personnes à Paris déboucher une bouteille d ' eau de Contrexéville ; elle exhalait une odeur infecte d ' œufs gâtés ; j ' avais beau m ' écrier : « Mais on vous trompe ; ce n ' est pas là de l ' eau de Contrexéville ; elle doit être claire , fraîche , inodore .— Vous êtes dans Terreur , me répondait - on ; c ' est un pharmacien qui me les a vendues , c ' est ainsi qu ' elles doivent être .",
                  "id": "13",
                  "title": "Un mot sur les eaux minérales de Contrexéville"
            },
            {
                  "doc_url": "https://gallica.bnf.fr/ark:/12148/bpt6k5403800n",
                  "emotions": [
                        "surprise",
                        "doubt",
                        "faith"
                  ],
                  "excerpt": "' 25 Notre poète pénètre dans l ' église ; il est confus tout d ' abord de se rencontrer au milieu d ' une foule pieuse : J ' allai donc le front bas , vers l ' angle le plus sombre , Contre un piller désert m ' agenouiller dans l ' ombre : Car la voix du remords commençait à crier , Et , sous l ' émotion qui me pressait l ' haleine , Mon âme débordait comme une coupe pleine , Et je voulais prier .L ' orage gronde au dehors ; la nuit approche , il est ému par le calme imposant du culte qui contraste avec la tempête extérieure ; il nous intéresse en nous faisant assister à ce spectacle , comme aux émotions qui se succèdent dans son âme : Et puis l ' encens brûlait : sa fumée odorante Sur la foule inclinée , en nappe transparente Montait , s ' élargissait , ondoyait vaguement , Et dans cette vapeur les têtes confondues , Comme des visions en songe descendues , Flottaient confusément .Et tandis qu ' au dedans tout demeurait paisible , Si bien qu ' on aurait dit la vie inaccessible Et le calme muet des tombeaux ; au dehors Le vent battait la nef comme une barque frôle , Et contre les vitraux précipitait la grêle Avec de sourds accords , etc .",
                  "id": "14",
                  "title": "Oeuvres poétiques d'Eugène Faure, auteur des Songes d'une nuit d'hiver / précédées d'une introduction et d'une notice biographique et littéraire, par J.-E. Pétrequin,..."
            },
            {
                  "doc_url": "https://gallica.bnf.fr/ark:/12148/bpt6k616750",
                  "emotions": [
                        "surprise",
                        "doubt"
                  ],
                  "excerpt": "J ' enjambai ferêtre , et je regardai en bas .0 surprise rêvais - je ? Une terras ~ que je n ' avais pas soupçonnée aux suaves émanations de ses orangers , une jeune nUe vêtue de blanc qui jouait de la harpe , un vieillard vêtu de noir .qui priait à genoux Le livre me tomba de la main .",
                  "id": "15",
                  "title": "Gaspard de la nuit : fantaisies à la manière de Rembrandt et de Callot / Louis Bertrand"
            },
            {
                  "doc_url": "https://gallica.bnf.fr/ark:/12148/bpt6k5855124m",
                  "emotions": [
                        "surprise",
                        "nostalgia"
                  ],
                  "excerpt": "Il me tardait de reprendre pied sur la terre ferme .Quelle chose étrange de se trouver ainsi pour la première fois en pays étranger , à plusieurs centaines de lieues de celui où on a reçu le jour ! Je vis là des forêts immenses , peuplées de sapins et de bouleaux , qui exhalaient une odeur si forte que je ne pouvais m ' empêcher d ' éternuer .La vue de ma brochette me faisait aussi regretter bien sincèrement les rognons du festin donné par Sa Majesté .",
                  "id": "16",
                  "title": "Nouveaux contes, par Andersen, traduits par Soldi, revus par de Grammont"
            },
            {
                  "doc_url": "https://gallica.bnf.fr/ark:/12148/bpt6k57806837",
                  "emotions": [
                        "surprise",
                        "disgust",
                        "approval"
                  ],
                  "excerpt": "Hélas ! nous avons vu les lys du sanctuaire , S ' incliner tristement , à peine épanouis , Et leur tendre fr .aîcheur , leur parfum salutaire ' : ! Se sont évanouis .Soumettons - nous .",
                  "id": "17",
                  "title": "Petit Séminaire de Saint-Riquier. Vers lus dans la séance académique du 14 avril 1858. Souvenirs et Regrets. (Signé : N. Chambellant.)"
            },
            {
                  "doc_url": "https://gallica.bnf.fr/ark:/12148/bpt6k57026879",
                  "emotions": [
                        "surprise",
                        "doubt"
                  ],
                  "excerpt": "Le cygne va partir , son aile se déploie ; Rien qu ' un frêle ruban , un léger fil de soie , No retient sou essor .La brise , recueillant les trésors de la plage , Lui porte des parfums confondus en nuage Avec des bruits chai niants ; El devant lui , pareils à des Ombres chéries , dissent sur des flots d ' or en dos barques fleuries D ' heureux couples d ' amatils .Plus d ' un , près du rocher , tottl en passant , l ' appelle Et , d ' en bas lui lançant une gaieté cruelle , Le convie au bonheur .",
                  "id": "18",
                  "title": "Vie, poésies et pensées de Joseph Delorme (Nouvelle édition très augmentée) / Sainte-Beuve"
            },
            {
                  "doc_url": "https://gallica.bnf.fr/ark:/12148/bpt6k5566059b",
                  "emotions": [
                        "surprise"
                  ],
                  "excerpt": "; infectes chez d ' autres , le furet , le putois , les moufettes , etc .Quelques naturalistes , entre autres Belon , avaient , chose étrange ! rapproché la civette parfumée , si gracieuse dans sa fourrure tachetée , de l ' hyène hideuse , au poil roido , au regard effrayant .L ' unique rapport est dans la fente sous là queue qui , chez l ' une , laisse filtrer une liqueur musquée , chez l ' autre , l ' hyène , une ' humeur fétide .",
                  "id": "19",
                  "title": "Le Magasin pittoresque / publié... sous la direction de M. Édouard Charton"
            },
            {
                  "doc_url": "https://gallica.bnf.fr/ark:/12148/bpt6k5786429m",
                  "emotions": [
                        "surprise",
                        "doubt",
                        "curiosity"
                  ],
                  "excerpt": "Un beau jardin , une terrasse , une source d ' eau bien fraîche et bien limpide , un belvédère d ' où l ' on découvre tout Brides , font de ce quartier une petite oasis qui doit être froide en hiver ; mais pendant les chaleurs de l ' été la température y sera fraîche , et nous aurons de l ' ombre et de la brise .Que me fait l ' hiver ? Au - dessous de la route , à quelques mètres de profondeur , et comme pour continuer un système de fortification à plusieurs étages , est un inextricable fouillis de maisons blanches , de sales baraques , de jardins remplis de fleurs embaumées et d ' amas de fumiers en plein air , exhalant d ' âpres effluves ammoniacales .Des sentiers perdus dans lesquels se trouvent des — 114 — flaques stagnantes de purin , et que l ' on a macadamisés de loin en loin avec un bloc erratique , ou une fascine desséchée , pour servir de ponts , font communiquer entre elles les diverses parties de ce pandémonium du bien - être de la civilisation , et de la crasse des Mohicans de ces parages .",
                  "id": "20",
                  "title": "Oeuvres du Dr Alex. Trésal,... précédées d'une notice biographique, par le Dr J. Ducrest,... [Avant-propos du Dr Guilland.]"
            }
      ]
}