{
      "articles": [
            {
                  "doc_url": "https://gallica.bnf.fr/ark:/12148/bpt6k97863048",
                  "emotions": [
                        "surprise",
                        "grief",
                        "nostalgia",
                        "gratitude",
                        "faith"
                  ],
                  "excerpt": "N ' ai je pas tout entier fait mon triste chemin ? Faut - il pas m ' endormir après mon long voyage ? Oh ! quand donc viendra - t - il , viendra - t - il ce matin Où je m ' éveillerai vers un autre rivage ? Car ici tout rivage , oui , je l ' ai parcouru ; J ' ai vu les monts , la mer , les saules , la prairie , Ou plutôt sur la terre , oh ! non , je n ' ai rien vu , Et point trouvé de fleurs sur la rive fleurie .Une pourtant , mon Dieu ; comme on voit au soleil S ' offrir à son aurore une fleur fraiche éclose , A mes feux elle ouvrit son calice vermeil , Un jour j ' ai savouré le parfum de la rose .Un seul jour , et plus rien ; car la fleur n ' a qu ' un jour .",
                  "id": "1",
                  "title": "Le pèlerinage du monde / par Paul de Magny"
            },
            {
                  "doc_url": "https://gallica.bnf.fr/ark:/12148/bpt6k97863048",
                  "emotions": [
                        "surprise",
                        "doubt"
                  ],
                  "excerpt": "Les peuples sauvages ont toujours troublé les peuples libres et voluptueux : ils sont braves ; belle bravoure ! Pour eux , la mort est meilleure que la vie , et leur froide religion ne leur apprend qu ' à mourir .Eh quoi ! ils savent mourir ; est - ce une chose si difficile ? Hélas ! tous les hommes ne meurent - ils pas ? ceux de Sparte , comme ceux de Sybaris ! 0 volupté , toi aussi , ceins le glaive pour défendre les enfants contre les agressions des barbares et sauve les parfums de leur chevelure .0 Vénus , protège Pàris qui t ' adore , et qui sort pâle et affaibli de la couche de la trop belle Hélène .",
                  "id": "2",
                  "title": "Le pèlerinage du monde / par Paul de Magny"
            },
            {
                  "doc_url": "https://gallica.bnf.fr/ark:/12148/bpt6k97863048",
                  "emotions": [
                        "surprise",
                        "joy",
                        "grief",
                        "sadness",
                        "nostalgia",
                        "gratitude",
                        "calmness",
                        "disappointment"
                  ],
                  "excerpt": "La Madeleine du Corrège .Ah ! qui ne pleurerait d ' un pleur doux et charmant , 0 Corrège , en voyant ta blonde Madeleine , Ses longs cheveux épars , et de grâce si pleine , Nonchalamment couchée en un pré verdoyant ! L ' odeur de mai l ' entoure , et là , la belle enfant Souriant au ciel bleu , gracieuse et sereine , Baisse ses grands yeux noirs de candeur souveraine Sur un grand livre d ' or d ' images reluisant .Belle enfant , quoi ! c ' est toi qui , souillée , avilie , Gardant une ombre au plus de ta beauté flétrie , Dans le désert du monde offensais tous les yeux ? Ah ! la grâce suffit , et de pieuses larmes ; La femme impure est faite un pur enfant des cieux Et la sainte rosée a refleuri ses charmes .",
                  "id": "3",
                  "title": "Le pèlerinage du monde / par Paul de Magny"
            },
            {
                  "doc_url": "https://gallica.bnf.fr/ark:/12148/bpt6k2025642",
                  "emotions": [
                        "surprise",
                        "disgust"
                  ],
                  "excerpt": "Suivant Lansbèrg , et c ' est aussi ' l ' avis de ' MM .Reumont - et Monheim , son odeur a ~ que ! que chose de spécial , différenMe rôdeur propre à ) ' hydrogenesu ) furé .Dans les points où les vapeurs qui se dégagent de l ' eau ont le libre accès de l ' air , il se forme de l ' acide sulfurique a leurs dépens .",
                  "id": "4",
                  "title": "Nouveau traité de pharmacie théorique et pratique. Tome 2 / par E. Soubeiran,..."
            },
            {
                  "doc_url": "https://gallica.bnf.fr/ark:/12148/bpt6k663741",
                  "emotions": [
                        "surprise",
                        "disgust",
                        "doubt",
                        "nervousness"
                  ],
                  "excerpt": "Ces tours sont puissantes et elles sont expansives , énormes , et elles sont légères .Sans doute , mais n ' est - ce pas effray ant de penser que le goût de caraïbe de quelques braillards et de quel - = ques vétérans puisse ainsi poursuivre d ' injures musi - > ; cales , la Vierge ? ah voici la pluie qui recommence , reprit , après un silence , Durtal , avec dépit .Eh bien , nous sommes arrivés , nous allons nous ` abriter dans Notre - Dame et nous inspecterons , à l ' aise , son intérieur .",
                  "id": "5",
                  "title": "La cathédrale (8e éd.) / J.-K. Huysmans"
            },
            {
                  "doc_url": "https://gallica.bnf.fr/ark:/12148/bpt6k663741",
                  "emotions": [
                        "surprise",
                        "anger",
                        "annoyance",
                        "disapproval"
                  ],
                  "excerpt": "La colère , continua l ' abbé Plomb , est traduite par ce bâton , à fleurs rosâtres baptisé du sobriquet d ' orange de savetier par le peuple , par le basilic qui emprunte , depuis le Moyen Age , à son homonyme de la race animale , sa déplorable réputation de cruauté et de rage .Oh s ' écria M ' Bavoil , on en parfume les hachis et l ' on assaisonne avec , certains ragoûts C ' est une grave erreur de l ' hygiène culinaire et 16 un danger spirituel , fit en souriant le prêtre .Il pourstiivit : La colère peut être également alléguée par la balsamine , image surtout de l ' impatience , a cause de l ' irritabilité de ses capsules qui se détendent , au moindre contact , et éclatent bruyamment , en projetant , au loin , leurs graines .",
                  "id": "6",
                  "title": "La cathédrale (8e éd.) / J.-K. Huysmans"
            },
            {
                  "doc_url": "https://gallica.bnf.fr/ark:/12148/bpt6k205679f",
                  "emotions": [
                        "surprise",
                        "anger"
                  ],
                  "excerpt": "in * 2Bort ' faUeit ; P .quand le loup voit qn le premier , il lui hume l ' haleine , ( il lui fait perdre en q .sorte la .",
                  "id": "7",
                  "title": "Nouveau dictionnaire complet à l'usage des allemands et des français : composé d'après les meilleurs dictionnaires de langues.... H-Z / par MM. l'abbée Mozin, J. Th. Biber,... [et al.]"
            },
            {
                  "doc_url": "https://gallica.bnf.fr/ark:/12148/bpt6k205037f",
                  "emotions": [
                        "admiration",
                        "surprise",
                        "excitement"
                  ],
                  "excerpt": "Horreur Abel , la langue rouge ! V7rA / N naît , frêle et charmant , comme un nid dans les branches , On sort des doux berceaux de lin ou de velours , On a des regards bleus et des risettes blanches Les beaux jours sont bien courts .On va tout blanc , tout rosé , étonné , beau , superbe On aime sa maman , ses jouets , le bon Dieu , Les ailes dans l ' azur et les parfums dans l ' herbe Les roses durent peu .Adolescent , on rit comme une primevère .",
                  "id": "8",
                  "title": "Le Parnasse contemporain savoyard / publié par Charles Buet"
            },
            {
                  "doc_url": "https://gallica.bnf.fr/ark:/12148/bpt6k9690795n",
                  "emotions": [
                        "surprise",
                        "fear",
                        "nervousness"
                  ],
                  "excerpt": "accompagnées des termes les plus mé - prisans , que Clément croit juger en dernier ressort l ' homme qui , depuis Boileau , a le mieux possédé la facture du vers alexandrin .Voici , par exemple , un passage que l ' auteur de Y Art poétique n ' aurait pas désavoué : La grue , avec effroi , s ' élançant des vallées , Fuit ces noires vapeurs de la terre exhalées ; Le taureau hume l ' air par ses larges naseaux ; La grenouille se plaint au fond de ses roseaux ; L ' hirondelle en volant effleure le rivage ; Tremblante pour ses œufs , la fourmi déménage .; Et des affreux corbeaux les noires légions Fendent l ' air qui frémit sous leurs longs bataillons .",
                  "id": "9",
                  "title": "Cours de littérature faisant suite au \"Lycée\" de La Harpe. Tome 2 / ; par J.-L. Boucharlat,..."
            },
            {
                  "doc_url": "https://gallica.bnf.fr/ark:/12148/bpt6k9690795n",
                  "emotions": [
                        "surprise",
                        "fear",
                        "nervousness"
                  ],
                  "excerpt": "déjà faite , page i i i , sur cette expression , qui est d ' autant plus belle qu ' elle s ' écarte davantage de son sens primitif .L ' épouse ( un doux souris brille à travers ses larmes ) , Sur son sein parfumé le couche avec alarmes .Cette réflexion , noble fils d ' un héros , n ' est qu ' un remplissage ; le troisième vers convertit en antithèse brillantée ce qui ne demandait que du naturel ; enfin le dernier trait , par son afféterie , gâte entièrement le tableau .",
                  "id": "10",
                  "title": "Cours de littérature faisant suite au \"Lycée\" de La Harpe. Tome 2 / ; par J.-L. Boucharlat,..."
            },
            {
                  "doc_url": "https://gallica.bnf.fr/ark:/12148/bpt6k61186201",
                  "emotions": [
                        "admiration",
                        "surprise",
                        "envy",
                        "curiosity"
                  ],
                  "excerpt": "Air : Rendez - moi ma patrie , etc .La corolle animée Sort du calice vert ; Sur la fleur embaumée L ' Envie à l ' oeil ouvert .Le Désir qtii pétille La couve avec ardeur — Ah ! prends garde ma fille A ta naissante fleur , A peine en la vallée Son - doux parfum s ' épand , Qu ' une cohorte ailée Autour d ' elle se rend .",
                  "id": "11",
                  "title": "La Fourmi, productions de l'été pour nos récréations de l'hiver. Recueil lyrique dédié aux sociétés chantantes (Extra [...])"
            },
            {
                  "doc_url": "https://gallica.bnf.fr/ark:/12148/bpt6k57403796",
                  "emotions": [
                        "surprise"
                  ],
                  "excerpt": "s .Je resongeai soudain à la barrière verte , Une honnête barrière en bois , toujours ouverte , A laquelle une allée étroite aboutissait , Et qu ' embaumaient alors d ' humbles & bonnes roses .Dont les fleurs demi - closes S ' effeuillaient doucement quand la brise passait .",
                  "id": "12",
                  "title": "Rayons perdus (2e édition augmentée et précédée d'une préface) / Louisa Siefert"
            },
            {
                  "doc_url": "https://gallica.bnf.fr/ark:/12148/bpt6k5706565m",
                  "emotions": [
                        "surprise",
                        "pride",
                        "curiosity"
                  ],
                  "excerpt": "Cependant j ' avais été , jusqu ' à ce jour , entraîuô par eux dans tous les écarls cpii pouvaient leur passer par la tête .Trouvera - t - on étonnant après cela que je pusse me laisser charmer par ce mentor au costume élégant , toujours tiré à quatre épingles , dont la raie était tracée d ' une façon irréprochable , la cravate soigneusement attachée par une épingle brillante et le mouchoir tout parfumé de vinaigre des quatre - voleurs ? Il m ' intimidait et m ' attirait en même temps .Je redoutais près de lui une cle ces boutades dont j ' étais la victime et qui mettaient les rieurs de son côté .",
                  "id": "13",
                  "title": "Le roman de Christian / Pierre Du Chateau ; avec seize compositions par A. Sandoz"
            },
            {
                  "doc_url": "https://gallica.bnf.fr/ark:/12148/bpt6k5706565m",
                  "emotions": [
                        "surprise",
                        "joy",
                        "excitement",
                        "pride",
                        "doubt",
                        "curiosity"
                  ],
                  "excerpt": "Tout à coup les tambours se firent entendre , les clairons retentirent , et un lieutenant s ' avança , portant le drapeau du régiment .Un drapeau ! Elait - ce vraiment un drapeau , ce lambeau tricolore , lacéré , percé de mille trous qu ' avaient produits les balles ennemies , glorieuse épave exhalant encore l ' odeur cle la poudre des combats ? Tous regardaient respectueusement .Le colonel découvrait sa tête blanchie et saluait l ' héroïque mutilé .",
                  "id": "14",
                  "title": "Le roman de Christian / Pierre Du Chateau ; avec seize compositions par A. Sandoz"
            },
            {
                  "doc_url": "https://gallica.bnf.fr/ark:/12148/bpt6k96428r",
                  "emotions": [
                        "surprise",
                        "doubt",
                        "curiosity"
                  ],
                  "excerpt": "C ' étaient les garçons qui se disaient ces belles choses - là , car ils ne tarissaient pas , ainsi que vous le devinez bien , sur le compte de Pâquette .Pâquette Où avait - on pris ce nom tout imprégné des senteurs d ' avril pour le lui donner ? Était - ce dansJVofre - D ~ Ke de Paris , où il fait une si belle figure , porté qu ' il est par la Chantefleurie , la mère de la Esmëralda ? · Était - ce simplement dans quelque vieux calendrier imprimé en pays chartrain ? C ' est ce que je ne sais pas et ce que , par conséquent , je ne puis dire ; mais le nom donnait bien nettement une idée juste de la jeune fille qui le portait .Regardez autour de vous .",
                  "id": "15",
                  "title": "Les gasconnades de l'amour : scènes de la vie parisienne / Philibert Audebrand"
            },
            {
                  "doc_url": "https://gallica.bnf.fr/ark:/12148/bpt6k5469806n",
                  "emotions": [
                        "surprise"
                  ],
                  "excerpt": "D ' autres fois les parents ne s ' en sont pas aperçus ou n ' y ont attaché aucune importance .Quoi qu ' ilen soit , l ' enfant avec sa bouche entr ' ouverte , sa lèvre supérieure trop grosse , présente un air inintelligent qui frappe dès le premier abord .Chez ces jeunes sujets , les déformations de la face , quoique bornées à ce que nous venons d ' indiquer , n ' en sont pas moins des plus évidentes ; mais plus tard , vers l ' âge de quinze ans , il vient s ' en ajouter d ' autres , provenant des troubles que subissent dans leur développement les os et les parties molles .",
                  "id": "16",
                  "title": "Maladies du pharynx nasal : des tumeurs adénoïdes... / par Henri Chatellier,..."
            },
            {
                  "doc_url": "https://gallica.bnf.fr/ark:/12148/bpt6k68816q",
                  "emotions": [
                        "surprise",
                        "doubt",
                        "curiosity"
                  ],
                  "excerpt": "Oui , mère , dit Donat , c ' est une odeur de brdlé .Ou ' as - tu donc dans la tète pour confondre l ' odeur de la / 7 < ! Mm ! ' eAe avec l ' odeur du brûlé ? Est - ce vraiment de la flammiche , mère ? repartit Donat , honteux .Mais il ne se montra pas joyeux comme il l ' eût été en tout autre moment , car il aimait la / 7aMHH < cAe , et au contraire , il laissa retomber sa tète sur sa poitrine .",
                  "id": "17",
                  "title": "Noëls flamands / Camille Lemonnier"
            },
            {
                  "doc_url": "https://gallica.bnf.fr/ark:/12148/bpt6k68816q",
                  "emotions": [
                        "trust",
                        "surprise",
                        "doubt",
                        "faith"
                  ],
                  "excerpt": "Il en était ainsi de tous les jours de la semaine et ma bonne tante qui se précipitait à son rideau cha - que fois que quelqu ' un ouvrait ou fermait la porte de la rue , disait : Peut - on s ' imaginer des coureuses pareilles Pour Dieu , qu ' est - ce qu ' elles vont faire a la messe comme ça tons les matins ? Ma mère , Stéphane , et la vôtre , qui étaient de saintesfemmes , allaient unefois par semaine à la messe et ne croyaient pas plus mal faire .Mais ces vieux souillons Avez - vous senti l ' odeur du café dans ! ' escali \" r , Stéphane ? Je crois , ma parole d ' honneur , qu ' elles n ' ont pas fait leur café ce matin pour courir plus vite a l ' église .Ma tante Michel , qui avait alors soixante ans bien sonnés , était une femme de tête : elle avait lu Voltaire , avec un peu de peur d ' entrer en enfer pour l ' avoir lu .",
                  "id": "18",
                  "title": "Noëls flamands / Camille Lemonnier"
            },
            {
                  "doc_url": "https://gallica.bnf.fr/ark:/12148/bpt6k68816q",
                  "emotions": [
                        "surprise",
                        "disgust",
                        "annoyance",
                        "disapproval",
                        "doubt"
                  ],
                  "excerpt": "Et dans l ' escalier montait le bruit du moulin à café que tournait l ' une ou l ' autre des demoiselles Hoftje , car c ' était l ' heure de leur souper .Alors ma bonne tante ouvrait à demi la porte , reniflait un instant l ' odeur du palier , puis rentrait , disant Pouah c ' est tout chicorée 1 Qu ' est - ce qu ' elles ont à boire de la chicorée comme ça ? Il y a de quoi s ' empoisonner .Je n ' oublierai pas Poussette , la grande chatte , ni Castor , le petit épagneul : non , je ne puis pas les oublier .",
                  "id": "19",
                  "title": "Noëls flamands / Camille Lemonnier"
            },
            {
                  "doc_url": "https://gallica.bnf.fr/ark:/12148/bpt6k68816q",
                  "emotions": [
                        "surprise",
                        "nostalgia",
                        "amusement"
                  ],
                  "excerpt": "Penché enavant , sapetite tête paie presque disparue dans l ' ampleur du coffre , il promenait ses mains sur , 1 ' amas des gros bouquins .Ah 1 monsieur Muller , c ' est bon l ' odeur des tivres ! Oui , Jean , mais ce n ' est rien , l ' odeur des vieux livres , à coté de l ' odeur des livres nouveaux .Il n ' y a pas de plus grand plaisir que d ' ouvrir un livre quand les feuilles ne sont pas encore découpées , et de mettre son nez dedans pour sentir l ' odeur de l ' encre fratche .",
                  "id": "20",
                  "title": "Noëls flamands / Camille Lemonnier"
            }
      ]
}