{
      "articles": [
            {
                  "doc_url": "https://gallica.bnf.fr/ark:/12148/bpt6k9649095n",
                  "emotions": [
                        "surprise",
                        "pride",
                        "doubt",
                        "curiosity"
                  ],
                  "excerpt": "Si les Canons , si l ' Ordonnance > siles Arrests , à l ' égard d ' une Prebende , d ' un College , ou d ' une simple Chapelle , ont du respeâ pour des Fondateurs le plus sou vent inconnus , 8c du .milieu de la foule du vulgaire : que sera - ce d ' un grand Roy , qui a renapli le ciel 8c la terre de la lumiere de son nom , 8c de l ' odeur de sa sainteté ? .- Mais le Pape , à bien parler , n ' a point touché aux anciennes , ConlUcudons de l ' Hôpital .",
                  "id": "1",
                  "title": "Oeuvres diverses de M. Patru... contenant ses plaidoyers, harangues, lettres & vies de quelques-uns de ses amis . Troisième édition augmentée de plusieurs plaidoyers, de remarques sur la langue française..."
            },
            {
                  "doc_url": "https://gallica.bnf.fr/ark:/12148/bpt6k5652626r",
                  "emotions": [
                        "surprise",
                        "disgust",
                        "anger"
                  ],
                  "excerpt": "he , et , sans rien dire à personnede la compagnie , .pas même aux médecins , la jette dans cette bouche béante : Cette liqueur , presque noire , était si puante , que je mis promptement ma main dextre en avant , criant : « Fi donc ! notre maître Carlier , que lui baillezvous là ? » Et il n ' en put jeter davantage .Ma main fut tellement tachée et puante que , pendant trois jours , je mangeai avec la senextre .",
                  "id": "2",
                  "title": "Histoire de Nicole de Vervins, d'après les historiens contemporains et témoins oculaires, ou Le triomphe du Saint-Sacrement sur le démon, à Laon, en 1566 / par l'abbé J. Roger,..."
            },
            {
                  "doc_url": "https://gallica.bnf.fr/ark:/12148/bpt6k503942r",
                  "emotions": [
                        "surprise",
                        "faith"
                  ],
                  "excerpt": "Et derrière son trône , une salle odorante où les parfums brûlent sans relâche devant les grandes statues dorées , sur des trépieds d ' un cloisonné vieux , presque désémaillé , tout bleu et tout cuivre .La lourde porte aux grosses barres de fer refermée par un prêtre attentif , nous demandons à visiter le bouddha vivant , dont la petite maison , voisine du sanc ¬ tuaire , se distingue à travers les papiers disjoints de la salle où nos hommes fument et boivent , peu impressionnés qu ' ils sont par l ' idée étrangement ancienne et puissante qui se dégage de toutes ces pierres , de toutes ces inscriptions , de tousees parfums .Aussitôt on nous introduit et nous sommes en présence d ' un homme grand , gros , bouffi de graisse , bedonnant et lourdaud , empâté dans son ventre trop large et ses bajoues trop flasques et dont le regard triste infiniment exprime plus d ' hébétement que d ' activité cérébrale .",
                  "id": "3",
                  "title": "En Mongolie, 15 juin-22 septembre 1902 / Cte de Lesdain,..."
            },
            {
                  "doc_url": "https://gallica.bnf.fr/ark:/12148/bpt6k91693j",
                  "emotions": [
                        "surprise",
                        "disgust"
                  ],
                  "excerpt": "J ' aivei ~ e de t ' acide dans une petite portion de cette tiaueut ; U a .fait exhaler ( m - te - champ une odeur de toie de foufre & : il s ' eft toBtné un ptecipité rougeâtre qui étoit du foufre & du cobatt .H tn ' e & îefte envi * ton un demi - ( eau de liqueur { e l ' ai fait évaporer } ufqu ' ~ ficcité elle a fourni un fel grenu & cta ~ ique comme de la mie de pain tendre & qui avoitîe mouvement d ' un tas de mites que t ' oa femue .",
                  "id": "4",
                  "title": "Chymie expérimentale et raisonnée. Tome 2 / , par M. Baumé,..."
            },
            {
                  "doc_url": "https://gallica.bnf.fr/ark:/12148/bpt6k5848524n",
                  "emotions": [
                        "surprise"
                  ],
                  "excerpt": "L ' aspect de Nauheim n ' offre rien de ce gracieux ni de ce confortable qui donne un cachet particulier aux localités où existent des établissements thermaux .Devant vous s ' allongent , comme de sombres remparts , les bâtiments de graduation dressés pour les salines : à peine avez - vous franchi la voûte qu ' elles forment audessus du chemin , que vous êtes averti , par la fumée des fourneaux , l ' odeur des usines et l ' architecture plus que modeste des habitations , que vous entrez dans une ville consacrée surtout à l ' industrie .Cependant cette ville renferme des eaux minérales très remarquables au point de vue thérapeutique .",
                  "id": "5",
                  "title": "Guide pratique aux principales eaux minérales de France, de Belgique, d'Allemagne, de Suisse, de Savoie et d'Italie, contenant la description détaillée des lieux où elles se trouvent, ainsi que la composition chimique, les propriétés médicales et le mode d'emploi de ces sources, suivi de quelques considérations sur les étuves, les bains de gaz et les bains de mer (2e éd.) / par le Dr Constantin James,..."
            },
            {
                  "doc_url": "https://gallica.bnf.fr/ark:/12148/bpt6k5540038r",
                  "emotions": [
                        "surprise",
                        "doubt"
                  ],
                  "excerpt": "Comment se persuader , par exemple , que L ' on étoit - .dans le camp d ' Agamemnon , lorsque des chandelles fuípen ^ dués au plafond venoient frapper les yeux & l ' odorat des Spectateurs ? De quel , front un .Acteur pouvoìt - ií dire A - w - au milieu de ces nombreuses chandelles : Enfin ce jour pompeux , cet heureux jour nous luit I Eteignes donc vos luftres , auroiton pu lui crier , vous vous ruines , & nous infeóíe ^ jnal - à - propos .",
                  "id": "6",
                  "title": "Lettre a monsieur de Crébillon, de l'Académie françoise, sur les spectacles de Paris ; dans laquelle il est parlé du projet de réunion de l'Opéra-comique à la Comédie italienne"
            },
            {
                  "doc_url": "https://gallica.bnf.fr/ark:/12148/bpt6k6234710j",
                  "emotions": [
                        "surprise"
                  ],
                  "excerpt": "Tous tant que vous êtes ici , vous les distinguez aussi bien que moi .Les yeux bandés , vous les reconnaîtriez rien qu ' à l ' odeur de vase qui en sort ; les yeux ouverts , vous les reconnaissez aux joncs , aux roseaux , aux laîches , aux prêles et à d ' autres mauvaises herbes qui poussent là - dessus , en veux - tu , en voilà .Il y a bel et bien du choix à faire dans ces terrains marécageux .",
                  "id": "7",
                  "title": "Les champs et les prés (3e édition) / par P. Joigneaux"
            },
            {
                  "doc_url": "https://gallica.bnf.fr/ark:/12148/bpt6k54075107",
                  "emotions": [
                        "surprise",
                        "doubt",
                        "curiosity"
                  ],
                  "excerpt": ".Est - ce pour ça qu ' il est bourru ? Moi , Berrichon de la campagne , Je n ' aime que le vin du cru ! Aussi , que l ' an se renouvelle , Ou bien finisse , mon garçon , La gaîté loge en ma cervelle Et bavardejian ^ ma chanson ! RIMES FLEURIES Parfois Rose , émerillonnée , Me dit en tournant son fuseau : « Quelle odeur de cruche envinée ! » .Mais j ' approche encor mon museau ! « L ' adorable petite moue ! Que tu sais bien moraliser ! » ' Elle sourit et tend sa joue Toute vermeille à mon baiser ! Oui , j ' aime tes vieilles collines , Tes vins , ô Sancerre , ô Sury , Cher pays des filles câlines , Et des beaux gars au teint fleuri ! RIMES FLEURIES 19 RUINES A ANDRÉ LEMOYNE JL / e ce vieux moutier noir les arcades gothiques Découpent sur les prés des ombres fantastiques ; Et le ruisseau rêveur les reflète en tremblant .",
                  "id": "8",
                  "title": "Rimes fleuries / Louis Boulé"
            },
            {
                  "doc_url": "https://gallica.bnf.fr/ark:/12148/bpt6k61051255",
                  "emotions": [
                        "surprise"
                  ],
                  "excerpt": "16 « Un mot seulement sur les moyens à l ' aide desquels « nous sommes parvenus à reconnaître la présence du « nitrate de magnésie et de manganèse .« Ayant versé de l ' acide sulfurique sur le résidu des « sels solubles de l ' eau évaporée , j ' avais été frappé de « l ' odeur de chlore qui se dégageait peu après ; et « .comme je n ' avais trouvé dans ces sels aucune trace « de bromure , je pensais que cette odeur provenait , « par suite de réactions , de la présence d ' une certaine « quantité de nitrate et de chlorure .",
                  "id": "9",
                  "title": "Essai sur les eaux minérales de Saint-Galmier, par J.-E.-F. Ladevèze,... [Article du Dr Alphonse Dupasquier, extrait du \"Courrier de Lyon\" du 11 juillet 1837.] 7e édition"
            },
            {
                  "doc_url": "https://gallica.bnf.fr/ark:/12148/bpt6k61051255",
                  "emotions": [
                        "surprise"
                  ],
                  "excerpt": "« Ayant versé de l ' acide sulfurique sur le résidu des « sels solubles de l ' eau évaporée , j ' avais été frappé de « l ' odeur de chlore qui se dégageait peu après ; et « .comme je n ' avais trouvé dans ces sels aucune trace « de bromure , je pensais que cette odeur provenait , « par suite de réactions , de la présence d ' une certaine « quantité de nitrate et de chlorure .Le mélange ne « fusant pas toutefois sur les charbons ardents , je « cherchai à éliminer le chlorure de sodium qui cris « tallisait en cubes ( visibles soit à l ' oeil , soit à la « loupe ) ; dans ce but , je fis usage du sulfate d ' argent « légèrement ammoniacal et très étendu d ' eau ; ce sel « fut versé goutte à goutte dans le mélange à analyser , « et le chlorure d ' argent fut séparé ensuite et pesé , « la liqueur filtrée , privée à part de tout sel d ' arec gent , fut évaporée à siccité .",
                  "id": "10",
                  "title": "Essai sur les eaux minérales de Saint-Galmier, par J.-E.-F. Ladevèze,... [Article du Dr Alphonse Dupasquier, extrait du \"Courrier de Lyon\" du 11 juillet 1837.] 7e édition"
            },
            {
                  "doc_url": "https://gallica.bnf.fr/ark:/12148/bpt6k9605807g",
                  "emotions": [
                        "surprise",
                        "disgust"
                  ],
                  "excerpt": "Il emporte un veau entier dans sa gueule , sans que la rapidité de sa marche paraisse ralentie par un semblable fardeau .Aussi son odeur et sa voix effraient les animaux les plus intrépides ; les chiens mêmes et les chevaux tremblent , lorsqu ' ils se sentent dans son voisinage , et ce n ' est pas sans difficulté qu ' on parvient à les habituer à lui faire la chasse .On le reconnaît facilement à sa couleur uniformément fauve , et au flocon de poils qui termine sa queue .",
                  "id": "11",
                  "title": "Nouveaux élémens d'histoire naturelle, contenant la zoologie, la botanique, la minéralogie et la géologie. Zoologie / par A. Salacroux,..."
            },
            {
                  "doc_url": "https://gallica.bnf.fr/ark:/12148/bpt6k58588543",
                  "emotions": [
                        "surprise",
                        "doubt",
                        "nervousness",
                        "indifference",
                        "embarrassment"
                  ],
                  "excerpt": "Olez t ' ain grand malheur qui ne s ' ez point marié : Sa lemme , un beau matin , l ' aurait bain étranlié .L ' on ne m ' a jamais vu sur le banc des écoles , Mieux que tieux l ' innocent ménage mes paroles ; Y doit peurtant savoir qu ' on aime assez l ' encens , Qu ' olat bain mais de sot que de gens à bon sens ; Les flatter dans n ' ain coin à double , à triple dose ; Puraient - ils coume fouins , dir ' qui sentant la rose .A dater de tieux jour , on devint leux zami ; Mains poches et jabot , tout sera bain garni .",
                  "id": "12",
                  "title": "Petit Entretien de Monsieur Joset et de Sémiramis, par le F....c P....eur"
            },
            {
                  "doc_url": "https://gallica.bnf.fr/ark:/12148/bpt6k114936m",
                  "emotions": [
                        "surprise",
                        "grief",
                        "sadness",
                        "nostalgia"
                  ],
                  "excerpt": "Jeanne n ' y prit garde .Ah ça la belle , on a donc ses petits chagrins ? La voix pâteuse et grossière de cet homme , son paletot de couleur douteuse et effiloqué , une odeur de breuvages mêlés , tout l ' effraya .Jeanne de Brunelay , ici ! cet homme qui lui .",
                  "id": "13",
                  "title": "Cora Jackson / par Léo Montancey & Paul Marrot"
            },
            {
                  "doc_url": "https://gallica.bnf.fr/ark:/12148/bpt6k62255h",
                  "emotions": [
                        "surprise",
                        "nostalgia",
                        "gratitude",
                        "doubt"
                  ],
                  "excerpt": "Comme il y disait bon louper , quand le père Florentin n ' était pas là , sous tes charmilles qu ' il avait si gentiment arrangées lui - même , le vieux gredin car il s ' y entend .Quelles déHcieuses après - midi , quelles siestes , au milieu des fraîches senteurs Et puis , dans ce tempsta , – je parle d ' il y a cinq ans , on 18S9 il avait une couturière en chambre pour locataire du petit pavillon du fond , au - dessus du hangar , juste deux fenêtres entourées de vigne vierge et de volubilis entrelacés .Et , dame ! toute la journée , dans ce cadre , le plus charmant minois que j ' aie jamais vu Mais tu me fais là le tableau du nid où je vais roucouler avec ma tourterelle , s ' écria Justin en l ' interrompant .",
                  "id": "14",
                  "title": "Les amants adultères / Alexandre Boutique"
            },
            {
                  "doc_url": "https://gallica.bnf.fr/ark:/12148/bpt6k62255h",
                  "emotions": [
                        "surprise",
                        "anger",
                        "pain"
                  ],
                  "excerpt": "Hn vérité auprès de ce gai ) tard - t & , Le Frisé n ' était qu ' un gringatet , qu ' une ablette 1 Ce qu ' elle admirait surtout chez Le < ! ros Hmite , c ' était son encoturo ramassée , ou , torsqu ' i ! parlait , des veines ~ onthuent sous lu peau , rou ~ e de sang c ' était son oreHie charnue , empourprée comme une crôto , et duveté d ' un poil blond do bête robuste .Los narines ouvertes et le menton court un air brutal do taureau complétait pour Fanny cette impression de force physique qui ! a prenait par les sens , parlait à son instinct .Mais sa naïve nature , qui tout d ' abord dans l ' homme voyait le mâle , n ' empochait pas qu ' elle ne sentît en elle une vague aspiration à des sentiments moins matériels la part faite à ! a chair la part du lion , A vrai dire , elle s ' interrogeait pour savoir si Le Gros Émile « ne lui tenait pas un brin au cœur » .",
                  "id": "15",
                  "title": "Les amants adultères / Alexandre Boutique"
            },
            {
                  "doc_url": "https://gallica.bnf.fr/ark:/12148/bpt6k6549949n",
                  "emotions": [
                        "surprise",
                        "disgust",
                        "fear",
                        "excitement",
                        "nervousness",
                        "pain",
                        "embarrassment"
                  ],
                  "excerpt": "Voilà ce que c ' est qu ' avoir faim dans le pays des orgueilleux ! Alors on s ' en va rôdant à travers les rues , et , par une ironie féroce du hasard , on passe devant les cuisines sérieuses des Foyots , des Janodets .On est pris à la gorge par le parfum des sauces , on s ' ar - rête , l ' œil hagard , devant les bassins factices où se crispe dans le jet d ' eau l ' écrevisse , ce cardinal du ruisseau .Dans l ' intérieur , les cuisiniers vêtus de blanc , comme les sacrificateurs des temps antiques , taquinent le brasier , font voler les couvercles , passent au fil de la broche les perdrix rondelettes , au ventre azuré par les truffes , et les gigots à la Rubens qui pleurent à chaudes larmes dans la lèchefrite .",
                  "id": "16",
                  "title": "Les réfractaires / Jules Vallès"
            },
            {
                  "doc_url": "https://gallica.bnf.fr/ark:/12148/bpt6k5817551d",
                  "emotions": [
                        "surprise"
                  ],
                  "excerpt": "Il ne put même pas se lever pour nous accueillir , quoique son sourire indiquât une véritable bienveillance .A peine fûmes - nous assis , qu ' on nous porta toutes sortes de vivres dans d ' énormes plateaux , et qu ' un grave personnage commença l ' opération du thé avec tous les raffinements de propreté et tous les détails odorants que 112 UNE AMBASSADE AU MAROC .j ' ai déjà décrits .",
                  "id": "17",
                  "title": "Une ambassade au Maroc / par Gabriel Charmes"
            },
            {
                  "doc_url": "https://gallica.bnf.fr/ark:/12148/bpt6k58389203",
                  "emotions": [
                        "surprise",
                        "doubt",
                        "curiosity"
                  ],
                  "excerpt": "Il est dans la lumière et , tout fier , s ' applaudit , Mais le cercle fermé , les chemins sans issues , Et les fleuves sans ponts , espérances déçues , Vont ton * net l ' arrêter ! Oh ! mm ! il passera Et , ses ailes s ' ouvrant , rien ne l ' arrêtera .Après quoi court - il donc et quel démon le mène ? Que chcrchc - t - il ainsi dans ce vaste domaine ? Ne lui demandez pas s ' il poursuit un trésor , Une fleur parfumée à la corolle d ' or , Ou bien encor s ' il veut , au temple de mémo Voir son nom enchâssé dans un rayon de gloire .A cela pense - t - il ? 11 entend une voix Harmonieuse et douce , et puissante à la fois ; Il l ' écoute , il tressaille , et c ' est là son excuse : Le voilà tout heureux ; la gloire , il la récuse ! Ses baisers sont trop chers et , dans ses alentours , Sifflent trop de serpents , rôdent trop de vautours .",
                  "id": "18",
                  "title": "Autour de moi / Maxime Lorin ; avec un portrait de l'auteur par F. Icres"
            },
            {
                  "doc_url": "https://gallica.bnf.fr/ark:/12148/bpt6k314963x",
                  "emotions": [
                        "surprise",
                        "disgust",
                        "disapproval",
                        "doubt"
                  ],
                  "excerpt": "Mais , laissons cette belle jeunesse glorifier les folles ivresses du vin et de l ’ éternelle déesse de Chypre : « Alma Venus , hominum divum que voluptas » , la bienfaisante Vénus , volupté des hommes et des dieux .Après les truffes aphrodisiaques , on n ’ est pas de bois , que diable ! ..",
                  "id": "19",
                  "title": "Un Lendit universitaire à Montpellier (XVIe siècle). L'acte de triomphe du docte et gentil Rabelais... / Docteur J. Chabanon,..."
            },
            {
                  "doc_url": "https://gallica.bnf.fr/ark:/12148/bpt6k6499319k",
                  "emotions": [
                        "surprise",
                        "anger",
                        "annoyance",
                        "envy"
                  ],
                  "excerpt": "Pendant ce temps , la vieille découvrait son bras blessé ; elle trouvait la blessure grave , mais déjà cependant en état de guérison .Elle y mit un onguent qu ' elle amollit en le réchauffant de son haleine , et lui dit : « Qui donc , mon pauvre enfant , t ' a donné un coup si rude ? » Antonio , ayant repris ses forces , se leva et s ' écria , le poing fermé : « Ah ! c ' est Nicolas , ce coquin qui aurait voulu me tuer parce qu ' il enviait un misérable quatrino qu ' une main bienfaisante m ' avait jeté .Tu sais , vieille , que je gagnais péniblement ma vie en portant des ballots dans ie magasin allemand , dans le Fontégo .",
                  "id": "20",
                  "title": "Contes fantastiques traduits par X. Marmier, précédés d'une notice par le traducteur. Nouvelle édition, augmentée d'une étude sur les Contes fantastiques d'Hoffmann, par Théophile Gautier / Hoffmann"
            }
      ]
}