{
      "articles": [
            {
                  "doc_url": "https://gallica.bnf.fr/ark:/12148/bpt6k54852895",
                  "emotions": [
                        "surprise"
                  ],
                  "excerpt": "e nous avons vu un sentier à notre droite dans la plantation des framboisiers , nous y courons .Mais tout - à - coup nous remarquons un petit ruisseau qui couvre , en serpentant , le chemin de ses eaux limpides , et nous sommes forcés de passer à côté dans des broussailles : nous voyons le sentier s ' élargir , le ruisseau couler de chaque côté , et nous rentrons dans un beau chemin bordé de gazon d ' Espagne , et de petits oeillets roses , dentelés , dont l ' odeur est très - douce et très - agréable .Les arbres s ' éloignent , pour faire place aux rosiers de toute sorte .",
                  "id": "1",
                  "title": "Bibliographie universelle ou analyse critique de toutes les productions littéraires... concernant les sciences dirigée par M. Tollabi"
            },
            {
                  "doc_url": "https://gallica.bnf.fr/ark:/12148/bpt6k1155999k",
                  "emotions": [
                        "surprise",
                        "gratitude"
                  ],
                  "excerpt": "Et je serai toute à vous .Cette haleine parfumée , haletante , qui m ’ envelop - 163 xrn * saximm * * * * * ' \" \" * * ? - - - - f — - - PAGES D ’ ORIENT .pait , avait ajouté , dans un murmure : « Je t ’ aime ! » Les Petits - Champs et la foule qui nous entourait ? Madame de Novichef ? M ' Marbaux ? Les deux excellents officiers ? Tout était oublié .",
                  "id": "2",
                  "title": "Pages d'Orient / Michel Noé"
            },
            {
                  "doc_url": "https://gallica.bnf.fr/ark:/12148/bpt6k2069330",
                  "emotions": [
                        "surprise"
                  ],
                  "excerpt": "Le costume d ' < MM ' ore de Paulette est en satin feuille de rose thé , excessivement court , retroussé par d ' énormes bottes de fleurs de pêcher .Fouillis de dentelles ; parfum capiteux et étrange , s ' échappant dudit fouillis .Corsage décolleté en pointe , laissant bien voir les fossettes du dos .",
                  "id": "3",
                  "title": "Autour du divorce (29e éd.) / par Gyp"
            },
            {
                  "doc_url": "https://gallica.bnf.fr/ark:/12148/bpt6k6350211s",
                  "emotions": [
                        "surprise",
                        "disgust",
                        "fear",
                        "annoyance",
                        "nervousness"
                  ],
                  "excerpt": "f .Expiration , souffle accompagné d ' une odeur désagréable .HALENER , v .",
                  "id": "4",
                  "title": "Dictionnaire abrégé de l'Académie française ; comprenant sans exception tous les mots de la langue écrite ou parlée, tous les termes d'arts et métiers... revu et corrigé sur la dernière édition du \"Dictionnaire de l'Académie française\" ; suivi des élémens de la grammaire française, d'un Dictionnaire des difficultés... Avec une préface par M. Vivien"
            },
            {
                  "doc_url": "https://gallica.bnf.fr/ark:/12148/bpt6k5726782c",
                  "emotions": [
                        "surprise",
                        "disgust"
                  ],
                  "excerpt": "119 comme ces substances sont invisibles dans la grande majorité des cas , elles échappent à notre attention , à moins ( pie , douées d ' une odeur forte , elles ne trahissent leur présence par leur action sur l ' odorat .C ' est ain > i que le soufre en ignUion dégage une substance aériforme , le gaz sulfureux , d ' une odeur très - piquante , bien connue de tous .Ce gaz est invisible , mais on ne peut douter de sa présence quand il affecte si vivement l ' odorat .",
                  "id": "5",
                  "title": "Notions préliminaires de physique (5e édition) / par M. J.-H. Fabre,..."
            },
            {
                  "doc_url": "https://gallica.bnf.fr/ark:/12148/bpt6k54037610",
                  "emotions": [
                        "surprise",
                        "annoyance",
                        "doubt",
                        "embarrassment"
                  ],
                  "excerpt": ".Mais que vois - je ? Comment , madame Périn , vous laissez sur la tête de votre bébé cette crasse noirâtre qui ne tardera pas à répandre une mauvaise odeur 1 — Oh ! madame , ne l ' enlevez pas : on m ' a dit que cela porterait malheur à mon enfant .— C ' est un préjugé stupide , ma pauvre femme .",
                  "id": "6",
                  "title": "La jeune ménagère : soins domestiques, cuisine, travaux à l'aiguille, notions de droit usuel, hygiène et médecine élémentaire, jardinage, etc. (5e édition) / par Mme Julie Sévrette,..."
            },
            {
                  "doc_url": "https://gallica.bnf.fr/ark:/12148/bpt6k742258",
                  "emotions": [
                        "surprise",
                        "annoyance",
                        "disapproval",
                        "doubt"
                  ],
                  "excerpt": "Mais Fiole , la narine froncée , humant l ' atmosphère ambiante , grommel .Sacrelotte 1 D ' où viens - tu pour répandre autour de toi un si manifeste relent de vieille pipe .? ` t Mme Fiole sentit errer sur ses lèvres un indéfinissable sourire d ' ironie , de gratitude et de vengeance C ' est , dit - elle , mon ~ mi , que je viens de toucher vos termes à votre place et même vous allez être bien étonné la boutique de la marchande de poisson , vous savez .",
                  "id": "7",
                  "title": "Cythère !... dix minutes d'arrêt ! / Léon Valbert"
            },
            {
                  "doc_url": "https://gallica.bnf.fr/ark:/12148/bpt6k5484362j",
                  "emotions": [
                        "surprise",
                        "relief",
                        "amusement"
                  ],
                  "excerpt": "N ' ayant plus de feu chez moi , jo n ' eus pas la patience d ' attendro qu ' on m ' on apportât : j ' ouvris la croiséo , pour fairo évaporer cette odeur .A peine eus - je ouvert cette croisée , jo sentis sous mon nez , pondant près d ' un quart d ' heure , une odeur d ' encens très agréable .Je consultai à co sujet ma somnambule habituelle : elle mo dit quo mon fluido avait obéi à mon intontion ; et qu ' il avait produit do l ' encens parce que cet aromate est meilleur quo le genièvre pour ôter la mauvaise odeur .",
                  "id": "8",
                  "title": "Les parfums magiques : odeurs, onctions, fumigations, exhalations, inhalations, en usage chez les anciens, dans les temples pour consulter les dieux... / E.-N. Santini de Riols"
            },
            {
                  "doc_url": "https://gallica.bnf.fr/ark:/12148/bpt6k5656337r",
                  "emotions": [
                        "surprise",
                        "nostalgia",
                        "nervousness"
                  ],
                  "excerpt": "Cette femme du monde , cette femme de goût , a subitement emprunté aux prisonniers certaines formules amères , certaines maximes âpres , brèves , désespérées , comme on doit en lire sur les murs des cabanons ; cette femme de sens s ' est plongée à l ' improviste dans la lecture des poètes et des romanciers les moins réservés en protestations sociales .J ' ai vu avec étonnement le front poli de cette duchesse s ' essayer aux rides roturières , aux pâleurs populaciôres de la mélancolie ; j ' ai respiré avec terreur , dans cette élocution jadis si sobre , je ne sais quel fade parfum poétique .D ' autres ibis , on dirait que nous retombons en enfance , tant la tournure de notre discours se fait mignarde et précieuse ; nous y joignons des gestes de petite fille ; ou bien , brusquement , notre phrase , tout à l ' heure pudique jusqu ' à la puérilité , se décoche en un trait presque grivois , en une question d ' une curiosité inqualifiable .",
                  "id": "9",
                  "title": "Scènes et proverbes / par Octave Feuillet"
            },
            {
                  "doc_url": "https://gallica.bnf.fr/ark:/12148/bpt6k58045264",
                  "emotions": [
                        "surprise"
                  ],
                  "excerpt": "Il les groupe , le bouquetier , en gradins circulaires , les fait gentiment pyramider jusqu ' à la pointe d ' où jaillit une fleur blanche , ouverte en forme de griffe , qu ' oa appelle coq ( serdouk ) .Au mois d ' avril , les roses et les fleurs d ' oranger se répandent dans Tunis , en masses aux marchés , parpaniers , par bottes aux mains despelits crieurs de roses , dans les carrefours et sur les places ; boutons solitaires , entourés de soins dans les échoppes des travailleurs de cuir ; d ' autres promenées aux doigts des flâneurs : on est surpris par leur exquise odeur jusque dans les ruelles les moinsfréquentées .Il n ' y a guère de turban de jeune homme qui ne serre une rose entre ses enroulements et la tempe ; les marchands de beurre en plantent sur chaque molte , les pâtissiers parmi leurs friandises à côtéde feuilles d ' or voltigeantes comme des souffles .",
                  "id": "10",
                  "title": "Tripoli d'Occident et Tunis : notes et croquis, avec une visite de l'auteur à Bouvard et Pécuchet sur les ruines de Carthage / Paul Radiot"
            },
            {
                  "doc_url": "https://gallica.bnf.fr/ark:/12148/bpt6k103254v",
                  "emotions": [
                        "surprise",
                        "disgust",
                        "fear"
                  ],
                  "excerpt": "LE VOLCAN .UN VoYAGEUR alloit franchir une montagne Dont le fommet de neige & de glaçons couvert , Avec un bruit aHreux tout - à - , coup entr ' ouvert , D ' un torrent de bitume inonda la campagne Le falpêtre en fumée , en flammes s ' exhalant , RcmpMbit l ' air au loin d ' une odeur empesée .Le Voyageur pâle & tremblant , Fuyant avec horreur cette plage in & Aee Qui l ' eut cru , difoit - il , en détournant les yeux , Que tant de glace eût couvert tant de feux ! F z Fin .",
                  "id": "11",
                  "title": "Fables. Partie 1 / par M. Boisard,..."
            },
            {
                  "doc_url": "https://gallica.bnf.fr/ark:/12148/bpt6k9773356s",
                  "emotions": [
                        "surprise",
                        "amusement"
                  ],
                  "excerpt": "Il regardait d ' un air admiratif sa taille , serrée dans un gilet de soie à raiesjjrunes et maïs , sa poitrine ronde , dont le va - et - vient soulevait les revers de sa veste de velours , ses pieds mignons chaussés de bottines de cuir jaune et posés paresseusement sur la banquette .Il respirait voluptueusement le pénétrant parfum de peau d ' Espagne qui imprégnait les vêtements de la comédienne , — et tous ces détails de toilette l ' émerveillaient comme autant de nouveautés provocantes .Pourtant , à mesure qu ' on se rapprochait de Morgrève , son naturel timide reprenait le dessus .",
                  "id": "12",
                  "title": "Bigarreau / André Theuriet,... ; illustrations de Maurice Leloir"
            },
            {
                  "doc_url": "https://gallica.bnf.fr/ark:/12148/bpt6k9822543d",
                  "emotions": [
                        "surprise",
                        "nostalgia",
                        "doubt"
                  ],
                  "excerpt": "Les deux vieux s ' éveillent frissonnants près du foyer sans flamme .Ils regardent autour d ' eux surpris ; ils sont seuls , ont - ils rêvés ? Pourtant , sur la pierre de l ' âtre est posée une touffe de roses fraîches et parfumées .La mère sourit et pressant la main de son mari murmure : — Pardonnée maintenant , elle repose en paix ! ALBAN DE POLHES .",
                  "id": "13",
                  "title": "L'Éclaireur du dimanche et \"La Vie pratique, Courrier des étrangers\" : paraît tous les dimanches"
            },
            {
                  "doc_url": "https://gallica.bnf.fr/ark:/12148/bpt6k5612508c",
                  "emotions": [
                        "surprise",
                        "anger",
                        "doubt"
                  ],
                  "excerpt": "Un carnage , mon cher , un carnage affreux .Tu n ' as pas d ' idée de ça , L ' odeur de la poudre ni ' enivrait ; j ' en devenais féroce .— - Contre ton peuple ? lui dis - je .",
                  "id": "14",
                  "title": "Jérôme Paturot à la recherche de la meilleure des républiques, par Louis Reybaud. Tome 4"
            },
            {
                  "doc_url": "https://gallica.bnf.fr/ark:/12148/bpt6k5489304n",
                  "emotions": [
                        "surprise",
                        "disgust",
                        "fear"
                  ],
                  "excerpt": "< ' ' \" v — S ' LEÇON — ' LA IIOI ' IM E .il f bord de la flamme ; une fumée tantôt noirâtre , tantôt jaujaumais toujoui s d ' odeur désagréable et particulièrement [ goudronneuse , s ' échappe des fissures du charbon comme si ! \" un vent la poussait dehors .Par moments cette fumée s ' allume ! et donne de petites flammes semblables à celle d ' une bougie , ! mais qui se prolongent en minces volutes de fumée , bientôt i dissipées .",
                  "id": "15",
                  "title": "L'éducation scientifique dans les petites classes : 40 leçons de choses d'après les choses (3e édition) / R. Godefroy,..."
            },
            {
                  "doc_url": "https://gallica.bnf.fr/ark:/12148/bpt6k9774900s",
                  "emotions": [
                        "surprise"
                  ],
                  "excerpt": "Tout en songeant de la sorte , je humais la fumée de mon cigare , dans les spirales de laquelle je suivais les rêves de ma fantaisie .Bientôt pourtant un parfum exquis , apporté par une douce brise , vint caresser mes narines ; la fenêtre de la cuisine - de Downing était ouverte , et par là s ' échappaient des effluves inconnues qui s ' adressaient à mon palais et à mon estomac .Machinalement je passai à plusieurs reprises ma langue sur mes lèvres , .",
                  "id": "16",
                  "title": "Pêches dans l'Amérique du Nord (Nouvelle édition) / par Bénédict-Henry Révoil"
            },
            {
                  "doc_url": "https://gallica.bnf.fr/ark:/12148/bpt6k81274z",
                  "emotions": [
                        "surprise",
                        "grief",
                        "nostalgia"
                  ],
                  "excerpt": "Ces roses , songeait - il , sont fanées , séchées par lantan , les pétales envolés et dispersés on ne sait où .Or , par les portières dont les glaces étaient baissées , un souffle entra dans le coupé , une bouffée chaude venue du sud - ouest , qui portait un peu de la tiédeur de l ' été expirant , quasi défunt Armand perçut , dans cette brise , une haleine subite de fleurs près de mourir , l ' odeur sans doute des roses de Vendée , les dernières corolles flétries , agonisantes , un symbole des plaisirs enfuis , dont l ' âme n ' était pas encore dissipée .les roïM , à Paris .",
                  "id": "17",
                  "title": "La faute des roses / Félicien Champsaur"
            },
            {
                  "doc_url": "https://gallica.bnf.fr/ark:/12148/bpt6k64395275",
                  "emotions": [
                        "surprise",
                        "joy",
                        "optimism",
                        "excitement"
                  ],
                  "excerpt": "Un cercle d ' or surmonté d ' une étoile en brillants sur le front ; un collier d ' améthystes sur le burnous à franges en poils de chèvre ; à la ceinture , une couronne de marquise , et le voile long , blanc et vaporeux comme le plumage des oiseaux de l ' Inde .Vous vous êtes arrêté à la regarder peut - être , , les yeux ravis , les narines chatouillées par des parfums enivrants .Emu , atteint au cœur , vous avez adoré pour un instant cette forme blanche , qui ne vous a même pas regardé , qui s ' est éloignée en laissant derrière elle une trace lumineuse .",
                  "id": "18",
                  "title": "Ces messieurs et ces dames / par E. Navarro de la Miraglia,... ; 30 dessins de Paul Hadol"
            },
            {
                  "doc_url": "https://gallica.bnf.fr/ark:/12148/bpt6k6383735p",
                  "emotions": [
                        "surprise",
                        "fear",
                        "nervousness",
                        "pain"
                  ],
                  "excerpt": "Le pouls est petit , dépressible , rapide le plus souvent .La respiration est haletante , l ' haleine est horriblement fétide .L ' urine est rare .",
                  "id": "19",
                  "title": "Traité d'hygiène. 4, Hygiène alimentaire / par J. Rouget,... et Ch. Dopter,..."
            },
            {
                  "doc_url": "https://gallica.bnf.fr/ark:/12148/bpt6k6102691z",
                  "emotions": [
                        "surprise"
                  ],
                  "excerpt": "» vclle jaillit pour la première fois avec impéluosité .Dans le même instant toute l ' eau » des puits et des bassins se troubla , franchit ses limites , et se répandit aux environs en » exhalant des vapeurs sulfureuses fort épaisses .Ce ne fut qu ' au bout de huit jours » que les choses furent rentrées dans leur état naturel .",
                  "id": "20",
                  "title": "Recherches sur les conferves des eaux thermales de Néris... / par C. de Laurès,... A. Becquerel,..."
            }
      ]
}