{
      "articles": [
            {
                  "doc_url": "https://gallica.bnf.fr/ark:/12148/bpt6k5454905r",
                  "emotions": [
                        "surprise",
                        "doubt",
                        "disappointment"
                  ],
                  "excerpt": "Comment oublier tout un monde De tendresse et de jours heureux , Et mes beaux rêves amoureux Où je voyais sa tête blonde ? Comment oublier la douceur Et la grâce de son sourire .Et son regard qui semblait dire : « Ton âme de mon âme est soeur ? » Hélas ! ce n ' était rien qu ' un songe , Doux parfum qu ' emporte le vent , Rien que mirage décevant ..",
                  "id": "1",
                  "title": "L'Année poétique : morceaux choisis ..."
            },
            {
                  "doc_url": "https://gallica.bnf.fr/ark:/12148/bpt6k661734",
                  "emotions": [
                        "surprise"
                  ],
                  "excerpt": "qu ' avcx - vous cru ? Le batelier et moi .Quelle nuit , bon Dieu Quelles étoiles ! Comme elles se re & ctaipnt dans les flots ! De quel feu liquide s ' allumait l ' eau sous le coup des rames ! Quel parfum enivrant glissait sur toute la mer ! Mais ce n ' est pas à moi de décrire une telle scène , malgré toute a t ' étoquence de ma plume .Un vaisseau de ligne français était à l ' ancre dans la rade ; il étincelait de lumières intérieures de longues raies lumineuses , reflets des fenêtres éclairées , s ' étendaient en tremblotant sur la sombre mer .",
                  "id": "2",
                  "title": "Nouvelles scènes de la vie russe / par M.-I. Tourguéneff [sic] ; traduites avec l'autorisation de l'auteur par Louis Viardot"
            },
            {
                  "doc_url": "https://gallica.bnf.fr/ark:/12148/bpt6k9601348f",
                  "emotions": [
                        "surprise"
                  ],
                  "excerpt": "Mais ce qui me appa surtout dans cette expérience , c ' est l ' absence complète de toute odeur caractéristique de la décomposition , dans ce cabinet large de quelques mètres seulement , sans cheminée d ' appel , après la fermeture quelquefois très - prolongée de la porte et de la fenêtre .Apercevoir sous la chemise soulevée la marche de plus en plus profonde de la putréfaction d ' un corps et ne sentir aucune de ces émanations si connues , me paraissait une observation paradoxale .Ma conviction se dérobait au fait ; il fallait voir d ' autres sujets .",
                  "id": "3",
                  "title": "De l'assainissement des décès et des convois funèbres de la ville de Paris / par J.-P. Sucquet,..."
            },
            {
                  "doc_url": "https://gallica.bnf.fr/ark:/12148/bpt6k5835737r",
                  "emotions": [
                        "surprise",
                        "doubt",
                        "curiosity"
                  ],
                  "excerpt": "— Quelle distance ont dû parcourir quelques - uns de ces vautours I s ' écria François .Par quoi sont - ils guidés pour venir ? Il n ' y en avait pas un seul en vue , quand nous avons tué ces big - horns I — Us sont guidés par l ' odorat , répondit Basile ; ce sens est très développé chez eux .— Mon frère , interrompit Lucien , c ' est là une des erreurs de vos naturalistes de cabinet , de vos Buffon , de vos Cuvier , erreurs mises en avant par eux , et devenues ensuite proverbiales .",
                  "id": "4",
                  "title": "Le Buffalo blanc / par le capitaine Mayne-Reid ; traduction de M. Allyre Bureau"
            },
            {
                  "doc_url": "https://gallica.bnf.fr/ark:/12148/bpt6k30464584",
                  "emotions": [
                        "surprise"
                  ],
                  "excerpt": "F .odorant , à fleur blanche .— Arbuste de 2 à o mètres , sans épines .",
                  "id": "5",
                  "title": "Le bon jardinier du Midi de la France... / par Louis Fabre,..."
            },
            {
                  "doc_url": "https://gallica.bnf.fr/ark:/12148/bpt6k5808713f",
                  "emotions": [
                        "surprise",
                        "grief"
                  ],
                  "excerpt": "Les odeurs .— Ils disent , — les gens à queue , que nous , malgré nos tubs , nos bains , nos parfums , nous sentons le cadavre ! — Oh , la , la , mes amis ! — Nous ne sentons rien — et l ' homme est , pour eux , comme certains aliments qui doivent manifester leur présence .Nous sentons le cadavre .",
                  "id": "6",
                  "title": "Pastels d'Asie / Jean d'Estray"
            },
            {
                  "doc_url": "https://gallica.bnf.fr/ark:/12148/bpt6k9753891d",
                  "emotions": [
                        "surprise",
                        "doubt"
                  ],
                  "excerpt": "u Ce qui me fait croire que nos Eaux doivent être dans le cas de celles dont parle Mr .Offman , c ' elt que si on verse ces Eaux dans des verres à la sortie de leur Source , elles petillent & lait fent échaper une grande quantité de bules ; ce qui n ' arrive pas lorsque cette Eau a été exposée quelque temps à J ' air : J ' ai même observé qu ' elles y perdoient leur goût & leur odeur .CHAPITRE VIII .",
                  "id": "7",
                  "title": "Essai physique sur les eaux de St Amand, où l'on examine la nature de ces eaux, leurs propriétés & la maniere de s'en servir. Par Pierre-Paul Bouquié. Ancien chirurgien aide major des Armées du Roi ; et chirurgien en chef de l'hôpital militaire de Saint Amand"
            },
            {
                  "doc_url": "https://gallica.bnf.fr/ark:/12148/bpt6k64548706",
                  "emotions": [
                        "surprise",
                        "joy",
                        "grief",
                        "faith",
                        "disappointment"
                  ],
                  "excerpt": "Voilé comme Diane alors qu ' elle s ' éplore , Auprès d ' Endymion qu ' elle voit sommeiller , Le rayon sur mes yeux tout prêts à se déclore , Chatouillait mon repos , mais sans le réveiller .Toutes les déités qui vivent dans la fable , Sous le gai demi - jour de mon rêve ineffable , » Reprenaient les beaux corps dont l ' esprit les revêt ; Comme un souffle d ' Aura , la nymphe mensongère , Je sentais sur ma bouche une haleine légère : Rose , les yeux sur moi , riait à mon chevet .23 Février 1843 .",
                  "id": "8",
                  "title": "Vers, par G. Levavasseur, E. Prarond, A. Argonne"
            },
            {
                  "doc_url": "https://gallica.bnf.fr/ark:/12148/bpt6k5745598s",
                  "emotions": [
                        "surprise",
                        "disgust",
                        "annoyance",
                        "disapproval",
                        "doubt",
                        "indifference",
                        "embarrassment",
                        "disappointment",
                        "guilt"
                  ],
                  "excerpt": "La poissarde s ' est révélée , serviteur à madame la duchesse .Adieu , Madame Angot ; quelle odeur de hareng I — Pecaire ! peccato ! que lastima ! s ' écrient les Provençaux , les Italiens , les Espagnols .Quel dommage I disent les Français , qu ' une femme si jolie et si galamment ajustée n ' ait pas reçu l ' éducation primaire , qu ' elle module naïvement le langage des halles 1 — Eh I plût à Dieu qu ' elle parlât aussi bien que les poissardes ! on saurait au moins ce qu ' elle veut dire ; mais nul au monde ne peut comprendre son baragouin .",
                  "id": "9",
                  "title": "Sur l'Opéra français, vérités dures mais utiles : prélude et cadence finale de l'Opéra italien de Paris, de 1548 à 1856, in-8°de 544 pages / par Castil-Blaze"
            },
            {
                  "doc_url": "https://gallica.bnf.fr/ark:/12148/bpt6k5657447s",
                  "emotions": [
                        "surprise",
                        "gratitude",
                        "faith"
                  ],
                  "excerpt": "« Une langue mauvaise « M ' a maudit , cria - t - il , et je serais bien aise « D ' avoir un de tes jours pour me montrer cruel : « L ' oeuvre du châtiment est le plaisir du ciel ! » Février consentit et l ' éclair , dans la nue , Se ralluma ; le vent sur la tète chenue Des hêtres s ' abattit furieux ; la forêt Gémit lugubre , au loin , sous le souffle implacable , S ' écartela , gronda , supplia ; mais l ' arrêt Qu ' annonçait le tonnerre était irrévocable ! La neige , dans la brume , en fougueux tourbillons , Revint envelopper les bois , la grotte sombre , Où les spectres , le jour , se retirent dans l ' ombre , Congela les ruisseaux , nivela les sillons ; Et la vieille , aveuglée au sein de la tourmente , Ne put pas retrouver son chemin ; La Mort sous un rocher la toucha de sa main , L ' enlaçant pour toujours à sa chèvre expirante .Je Ipriôôon ET Se Chacal dea Pem - Braoucen ( 1 ) Le chacal ironique au pauvre hérisson Dit un jour : « Vois ! là - haut , sous cette roche grise , « Une proie est cachée à l ' ombre d ' un buisson ; « J ' en sens l ' odeur que nous porte la brise .« Le premier qui l ' atteint ( l ' odeur ne trompe pas ! ) « Fera , je te le jure , un savoureux repas , « Montonssansplustarder .",
                  "id": "10",
                  "title": "Grande Kabylie : légendes et souvenirs / C. Fabre ; illustrations de MM. Armand et Assézat de Bouteyre"
            },
            {
                  "doc_url": "https://gallica.bnf.fr/ark:/12148/bpt6k6372714x",
                  "emotions": [
                        "surprise",
                        "pain"
                  ],
                  "excerpt": "Tous , heureusement , avaient été vaccinés , et bien que l ' épidémie eût une certaine gravité , aucun ne mourut .Tout - à - coup , le 25 septembre 1870 , un blessé des ambulances de Givet , nous annonce que les soldats de ces ambulances et des villes de Sedan et des environs sont infectés de pourriture d ' hôpital et , qu ' en réalité , l ' évacuation générale , actuellement commencée , n ' était que la conséquence d ' un ordre de l ' autorité allemande .Cette nouvelle nous fit craindre pour nos blessés .",
                  "id": "11",
                  "title": "Notes sur les secours aux blessés par la commune et le canton d'Hirson en 1870 et 1871"
            },
            {
                  "doc_url": "https://gallica.bnf.fr/ark:/12148/bpt6k9601348f",
                  "emotions": [
                        "surprise",
                        "doubt"
                  ],
                  "excerpt": "Attendre l ' expiration de vingt - quatre heures après la déclaration du décès est très - souvent une cause d ' inconvénients graves pour les familles .Qui n ' a point été frappé des émanations qui remplissent déjà nos demeures , avant cette heure longue à venir ? Qui n ' a point entrevu , dans la pénombre de quelque chambre mortuaire pleine d ' exhalaisons , quelque tableau navrant que la décomposition accuse de plus en plus à chaque heure ? Il y a là , pour le législateur , un appel muet , mais éloquent .Il est urgent qu ' il l ' entende .",
                  "id": "12",
                  "title": "De l'assainissement des décès et des convois funèbres de la ville de Paris / par J.-P. Sucquet,..."
            },
            {
                  "doc_url": "https://gallica.bnf.fr/ark:/12148/bpt6k5543213j",
                  "emotions": [
                        "surprise",
                        "joy",
                        "disgust",
                        "excitement"
                  ],
                  "excerpt": ".J ' y fus aussitôt iufeçté Par l ' odeur d ' un suif empesté , ' Reste expirant de la bougie Dont , avec prodigalité , Toute cette ville ébaubie , Ornait portail et galerie En l ' honneur de Sa , Sainteté .■ Je n ' en fus pas quitte pour ce vilain parfum .",
                  "id": "13",
                  "title": "Voyage de Chapelle et de Bachaumont , suivi de quelques autres voyages dans le même genre"
            },
            {
                  "doc_url": "https://gallica.bnf.fr/ark:/12148/bpt6k5454905r",
                  "emotions": [
                        "surprise",
                        "desire",
                        "excitement",
                        "disappointment"
                  ],
                  "excerpt": "C ' est pourquoi je t ' aime , ô mon vieux pays ! EUGENE VAILLANT 21 avril SACHET D ' IRIS A ma Mère Donne - moi ce sachet dont le léger parfum , Lorsqu ' au soir , dans tes bras , je m ' endormais , bercée , Avec ton cher visage , en ma jeune pensée Vaguement confondu , semblait ne faire qu ' un ! Dans le satin pâli , cette odeur condensée Ramène un coin d ' azur en mon ciel plein d ' embruns : Vieux objets , chers témoins de nos bonheurs défunts , Vous remuez au coeur la tendresse amassée ! Si , rappelant l ' Eden , parmi les champs maudits .Vint éclore une fleur , aux pieds d ' Adam , jadis , Il dut , les yeux mouillés , en aspirer l ' arôme ..",
                  "id": "14",
                  "title": "L'Année poétique : morceaux choisis ..."
            },
            {
                  "doc_url": "https://gallica.bnf.fr/ark:/12148/bpt6k54920870",
                  "emotions": [
                        "surprise",
                        "nostalgia",
                        "gratitude"
                  ],
                  "excerpt": "Elle était vêtue d ' une robe blanche ; un 102 CONTES voile , blanc aussi , transparent et léger , couvrait sa tête charmante , et , descendant jusqu ' à ses pieds , se répandait encore sur l ' herbe elles fleurs qui l ' entouraient ; un bouquet de roses blanches parait son sein ; elle tenait en main une branche des mêmes fleurs , et , en saluant le jeune chevalier , elle agita les roses qui répandirent une odeur suave .A l ' instant , Hugues se rappelant son rêve , s ' écria : O ! fleurs mystérieuses ! ne m ' enivrez - vous de vos parfums que pour enfoncer vos épines dans ce coeur qui se livre à vous sans défense ! .- .",
                  "id": "15",
                  "title": "Contes gothiques. Tome 1 / ; par l'auteur de la Dame grise"
            },
            {
                  "doc_url": "https://gallica.bnf.fr/ark:/12148/bpt6k9215428",
                  "emotions": [
                        "surprise",
                        "pain"
                  ],
                  "excerpt": "Leurs yeux font noirs & percans , leurs fourcils fort garnis & touchans prefque au toupet .Us ont la bouche grande , le nez épâté , les lèvres defféchées , l ’ haleine chaude ' & forte & le col gros & épais .Leur peau fêche , aride , d ’ un rouge foncé , quelque - n Fois brune , olivâtre & bafanée couvre des os gros & une chair compacte .",
                  "id": "16",
                  "title": "Le Tableau naturel de l'homme ou Observations physiognomoniques sur les divers caractères des hommes . Par M. Clairier,..."
            },
            {
                  "doc_url": "https://gallica.bnf.fr/ark:/12148/bpt6k6568208j",
                  "emotions": [
                        "surprise"
                  ],
                  "excerpt": "— Ne craignez - vous pas , chère madame , dit madame André , qu ' à la longue le parfum de ces fleurs ne vous porte à la tête ? Mais madame La Guillaumie n ' était incommodée par rien ; au contraire , elle admirait ces fleurs comme elle jouissait délicieusement de leur parfum .Puis , toujours pour dire quelque chose , elle s ' étonna du parfum d ' une corbeille d ' azalées blanches ; elle croyait que les azalées n ' avaient pas d ' odeur .- Cette espèce fait exception à la règle , dit madame Charles , qui dirigeait les serres et qui connaissait très bien les plantes : c ' est le liliiflora , il a le parfum et la fleur du lis .",
                  "id": "17",
                  "title": "Les besoigneux. Tome 2 / par Hector Malot"
            },
            {
                  "doc_url": "https://gallica.bnf.fr/ark:/12148/bpt6k6108458h",
                  "emotions": [
                        "surprise"
                  ],
                  "excerpt": "Magendie et Chaussier , ont suffisamment démontré les divers faits de l ' absorption pour qu ' on puisse la révoquer en doute .Qui peut douter , par exemple , que le mercure ne soit absorbé dans le traitement des maladies vénériennes par le bain minéral mercuriel de Husson ; que l ' hydro - sulfure de potasse ne le soit dans le traitement de la gale par le bain hydro - sulfureux de Jadelot ? Tout le monde sait que les urines contractent ( n6 ) l ' odeur de la térébenthine , lorsqu ' une partie de la surface du corps est frictionnée avec cette huile essentielle .Personne n ' ignore les belles expériences de Magendie sur l ' absorption de l ' émétine .",
                  "id": "18",
                  "title": "Mémoire sur les eaux minérales, douches et bains minéraux artificiels et sur les bains et douches de vapeur, par A.-E. Laville de Laplaigne,..."
            },
            {
                  "doc_url": "https://gallica.bnf.fr/ark:/12148/bpt6k66367r",
                  "emotions": [
                        "surprise",
                        "doubt"
                  ],
                  "excerpt": "me ' ; ce doux matin de Horeat & ies autres et ~ ôre ? T ' en souviens - tu .Miette ? C ' était avant ! e lever du jour , ies voiles de la nu ' t flottaient encore , tegers & vagues , dans l ' atmosphère & sur tout planait cette teinte de clairobscur propre aux fraîches matinées de printemps une odeur de nature montait des près momUes ou ; ! es fleurs s ' ouvraient un peu seu ! ernent .pour ' voir s ' i [ faisait bien jour & moi , jetais assis a co ! e de te .",
                  "id": "19",
                  "title": "Pages d'amour... / E.-B. de Reyle (Emile Birmann)"
            },
            {
                  "doc_url": "https://gallica.bnf.fr/ark:/12148/bpt6k58235642",
                  "emotions": [
                        "surprise"
                  ],
                  "excerpt": "Ce sont en effet de charmantes élégies que sa Convalescence de Gresset et sa Scène de prison , et qui respirent un sentiment plein de grâce et de sensibilité .La première surtout , quoique le costume historique n ' y soit pas observé , exhale , pour ainsi dire , un parfum de candeur touchante et de simplicité naïve ; mais l ' exécution en est si faible , quel , .1 n ' ajoute que bien peu à l ' intérêt de ces scènes .",
                  "id": "20",
                  "title": "Revue critique des productions de peinture, sculpture, gravure, exposées au salon de 1824 . Par M.***"
            }
      ]
}