{
      "articles": [
            {
                  "doc_url": "https://gallica.bnf.fr/ark:/12148/bpt6k1422694f",
                  "emotions": [
                        "surprise",
                        "love",
                        "nostalgia"
                  ],
                  "excerpt": "J ’ ai la gorge serrée quand je vois , au sénat , César sous les poignards s ’ agitant aux abois , ainsi que la bête acculée entre les chiens et les veneurs .Je reste bouche bée , quand passe Cléopâtre en sa barque dorée , avec ses Néréides appuyées aux cordages et ses beaux petits pages , nus comme des amours ; et j ’ ouvre mon grand nez afin d ’ aspirer mieux la brise parfumée .Je pleure comme un veau , lorsque à la fin Antoine , sanglant , mourant , est ficelé , hissé par sa belle , penchée à la lucarne de sa tour , et qui tire de tout son corps ( pourvu .",
                  "id": "1",
                  "title": "Colas Breugnon (50e éd.) / Romain Rolland"
            },
            {
                  "doc_url": "https://gallica.bnf.fr/ark:/12148/bpt6k1422694f",
                  "emotions": [
                        "surprise",
                        "excitement",
                        "gratitude",
                        "faith"
                  ],
                  "excerpt": ".Dieu ! qu ’ il fait bon le laisser fondre , tout le long , amont , aval , tout le long de son gosier , bouche pleine , le jus parfumé ! ..",
                  "id": "2",
                  "title": "Colas Breugnon (50e éd.) / Romain Rolland"
            },
            {
                  "doc_url": "https://gallica.bnf.fr/ark:/12148/bpt6k9612264s",
                  "emotions": [
                        "surprise",
                        "anger",
                        "nervousness"
                  ],
                  "excerpt": "Ou ' il iète , par le net une matière sanguij L nolente et quelquefois brune , comme un pus de mauvaise qualité .Qu ' il rend par ! e rectum des matières glaireuses et sanguinolentes .f Le cheval - regarde son dos , plie rIes reins par la douleur qu ' il y ressent , se couche et se relève à chaque instant , et pisse peu à la fois .",
                  "id": "3",
                  "title": "Manuel d'hippiatrique , contenant : 1° une instruction sur la manière d'élever, de soigner et de connoître les chevaux ; 2° deux tableaux indicatifs des différentes morves ; 3° une description de toutes leurs maladies, avec une formule de médicamens ; 4° un catéchisme pour tous les maréchaux... 3e édition, revue, augmentée et mise dans un nouvel ordre, par le citoyen Lafosse,..."
            },
            {
                  "doc_url": "https://gallica.bnf.fr/ark:/12148/bpt6k5809999z",
                  "emotions": [
                        "surprise",
                        "doubt"
                  ],
                  "excerpt": "C ' est du luxe et do la décoration plutôt que de la création .Mais n ' est - ce point un rêve que cette légèreté , cette fragilité , cet éclat , ces dentelures , et celte odeur do bois précieux et do laque l On pardonne à l ' Orient son exagération et son style INSTANTANÉS D ' EXTRÉME - ASIK 101 ampoulé , parco qu ' il éblouit , parce qu ' il transporto hors du réel , parco qu ' on vérité la nature ellc - mêmo a suggéré par uno surabondante richesse ces formes bizarres , celto coloration violente o .Kamakura , 17 août .",
                  "id": "4",
                  "title": "Instantanés d'Extrême-Asie / Henri Mylès"
            },
            {
                  "doc_url": "https://gallica.bnf.fr/ark:/12148/bd6t5370302z",
                  "emotions": [
                        "surprise",
                        "doubt",
                        "amusement"
                  ],
                  "excerpt": ".Je ne parviens pas à comprendre que les Concourt aient négligé Escale de Pierre Hum - bourg , je hume délicieusement tout ce qu ’ il y a de senteur de genêts , de cyprès , et de ceps verjuteux dans les premières œuvres de Delteil , mon compatriote , mais après certains livres d ’ avortons beuglés par certains éditeurs , par une espèce de choc en retour , je rentre dans Balzac comme le lapin dans son trou sous la rafale .Je prends Balzac comme on met ses pan - toufles et sa douillette , à la campagne , après une trotte à travers les guérets ventilés de novembre .",
                  "id": "5",
                  "title": "Dialogues à une seule voix / Simonne Ratel"
            },
            {
                  "doc_url": "https://gallica.bnf.fr/ark:/12148/bpt6k58125224",
                  "emotions": [
                        "surprise",
                        "embarrassment"
                  ],
                  "excerpt": "EUe marchait distraite , à petits pas , l ' oeil au sol , songeant à mille choses confuses , dans cet état de vague bien - être , particulier aux convalescences heureuses .En pénétrant dans la grande salle , un reste d ' odeur de peinture offensa son odorat et lui fit relever la tête ; elle s ' arrêta interdite , les yeux grands ouverts .Une table éblouissante de linge richement damassé , surchargée d ' argenterie et de cristaux étincelants , se dressait magnifiquement au milieu de la salle ; des rideaux somptueux , pendant aux fenêtres , traînaient largement jusqu ' à terre ; des buffets brillants , des dressoirs chargés de vaisselle occupaient les quatre coins , en belle symétrie .",
                  "id": "6",
                  "title": "La fin du marquisat d'Aurel / par Henry de La Madelène"
            },
            {
                  "doc_url": "https://gallica.bnf.fr/ark:/12148/bpt6k6351249j",
                  "emotions": [
                        "surprise"
                  ],
                  "excerpt": "l ' abbé Gobillon termine ainsi sa vie : « Il semble que Dieu ne se contenta pas d ' avoir fait connaître le mérite de sa fidèle servante par tant de biens qu ' il a opérés par son ministère , mais qu ' il veut manifester par des preuves sensibles le jugement qu ' il a prononcé à sa mort , et découvrir sa gloire par des effets extraordinaires qu ' il fait paraître à son tombeau .Il en sort de temps en temps comme une douce vapeur qui répand une odeur semblable à celle de la violette et de l ' iris ; c ' est un fait dont un grand nombre de personnes peut rendre témoignage , et ce qui est plus surprenant , c ' est que les filles de la Charité qui viennent faire leurs prières sur son tombeau s ' en retournent quelquefois si parfumées de cette odeur , qu ' elles la portent avec elles aux sœurs malades dans l ' infirmerie de la - maison .J ' ai fait moi - même la même expérience ; et si mon témoignée était de quelque considération , je pourrais ajouter qu ' après avoir pris toutes les précautions possibles pour examiner si ce n ' est point un effet de quelque causè naturelle , je n ' en ai découvert aucune à laquelle on puisse l ' attribuer .",
                  "id": "7",
                  "title": "Mademoiselle Le Gras : fondatrice de la compagnie des Filles de la charité / par l'auteur de : \"le B. Fourier de Mattaincourt\" [le comte de Lambel]"
            },
            {
                  "doc_url": "https://gallica.bnf.fr/ark:/12148/bpt6k62520p",
                  "emotions": [
                        "surprise",
                        "caring",
                        "doubt",
                        "curiosity",
                        "embarrassment"
                  ],
                  "excerpt": "Il en prévoyait l ' issue tragique , et c ' était précisément là ce qu ' il commençait à cher - cher .Par surcroit d ' aberration , sa curiosité se doublait d ' une indicible sympathie pour l ' être déjeté et honni dont les haillons pouilleux frôlaient ses vêtements parfumés « Je me demande , se disait évangéliquement le prince , comment le gaillard va s ' y prendre tout à l ' heure pour me tuer .Faut .",
                  "id": "8",
                  "title": "Mes communions / Georges Eekhoud"
            },
            {
                  "doc_url": "https://gallica.bnf.fr/ark:/12148/bpt6k5682506g",
                  "emotions": [
                        "surprise",
                        "doubt"
                  ],
                  "excerpt": "Inquiet de celte obsession , notre homme , autant pour effrayer la bête que pour appeler du secours , poussa un cri formidable , tout en continuant à détaler .L ' ours , un moment déconcerté , n ' en parut ensuite que plus excité à la poursuite , et il joua si bien de ses grosses pattes que Klentzer crut bientôt sentir sur sa nuque l ' haleine du monstre .Dans cette extrémité , il songea à ce voyageur qui , traqué comme lui par un ours , eut l ' idée de jeter à l ' animal tous ses vêtements un à un , et gagna ainsi le temps nécessaire pour que l ' on vînt à son aide .",
                  "id": "9",
                  "title": "Lectures sur l'histoire naturelle des animaux, suivies d'un vocabulaire des mots techniques employés dans l'ouvrage, par Paul Bert,..."
            },
            {
                  "doc_url": "https://gallica.bnf.fr/ark:/12148/bpt6k3079086t",
                  "emotions": [
                        "admiration",
                        "surprise",
                        "excitement",
                        "pride",
                        "envy"
                  ],
                  "excerpt": ".c ’ est la merveille de l ’ Espagne ! c ’ est l ’ orgueil de l ’ Andalousie ! Partout de l ’ or , du marbre , des palais , des fleurs , du feu , des jets d ’ eau , des parfums , des mélodies ! ..",
                  "id": "10",
                  "title": "Femmes et fleurs : petites photographies badines / par Charles Malo"
            },
            {
                  "doc_url": "https://gallica.bnf.fr/ark:/12148/bpt6k30411092",
                  "emotions": [
                        "surprise",
                        "doubt",
                        "disappointment",
                        "guilt"
                  ],
                  "excerpt": "* * * En même temps que les souvenirs de jeunesse , me reviennent en mémoire les pages oubliées .Pour qui diable avais - je écrit ces vers retrouvés dans un bouquet d ’ aubépine sèche que je crois n ’ avoir jamais offert ? Miousic ! J ’ ai mis , parmi ces fleurs , la fleur de ma pensée , Et j ’ ai mêlé son âme à leurs parfums en chœur : Rose mystique au ciel de mon rêve poussée , Elle a pris sa racine au profond de mon cœur .— J ’ ai mis , parmi ces fleurs , la fleur de ma pensée .",
                  "id": "11",
                  "title": "Le Livre des fantaisies. Joyeusetés et mélancolies / Armand Silvestre"
            },
            {
                  "doc_url": "https://gallica.bnf.fr/ark:/12148/bpt6k30411092",
                  "emotions": [
                        "surprise",
                        "doubt",
                        "curiosity",
                        "embarrassment"
                  ],
                  "excerpt": "Car vous ne savez pas combien vous êtes belle , et vous ne pouvez le savoir .La fleur savoure - t - elle son propre parfum ? A me voir pâmé , vous devinez , tout au plus , ce qu ’ est le contact exquis de votre personne , l ’ ivresse que porte en soi la moindre de vos caresses .Ah ! que je vous plains de n ’ être pas , en même temps que vous , un autre moi - même pour jouir de vos propres perfections , et vous être une source d ’ ineffables et orgueilleuses délices ! L ’ an qui vient ne saurait vous embellir davantage .",
                  "id": "12",
                  "title": "Le Livre des fantaisies. Joyeusetés et mélancolies / Armand Silvestre"
            },
            {
                  "doc_url": "https://gallica.bnf.fr/ark:/12148/bpt6k30411092",
                  "emotions": [
                        "admiration",
                        "surprise",
                        "love",
                        "gratitude",
                        "doubt"
                  ],
                  "excerpt": "Je vous dis que cela est intolérable absolument .Microbe , moi ! Allons donc ! Et , microbe aussi , vous , ma chère âme , qui portez , en vous seule , un monde de beautés dépassant la splendeur même des deux nocturnes et de la terre alanguie exhalant dans l ’ infini ses parfums ? Car les ombres où le regard se noie n ’ ont pas la profondeur mystérieuse et noire de votre chevelure dénouée ; la moindre tendresse allume dans vos yeux plus Scientifiques propos .ï3 7 de scintillements que n ’ en ont les étoiles ; votre souffle a des senteurs que n ’ ont pas les fleurs mourantes ; le rythme de la vague apaisée que nacre un rayon de lune est moins doux que celui dont votre poitrine est soulevée ; dans votre enchantement se résume l ’ enchantement de toutes les choses , et vous êtes l ’ âme même qui rêve et s ’ étonne dans le décor magnifique qui n ’ est fait que pour vous ! Contre ces théories abêtissantes se dresse le spectre outragé de l ’ amour qui , d ’ un seul coup de son aile sanglante , de son aile immortelle - ment blessée , nous emporte au seuil de l ’ un ou l ’ autre infini , de celui où chantent les hosan - nas et de celui où les damnés se lamentent .",
                  "id": "13",
                  "title": "Le Livre des fantaisies. Joyeusetés et mélancolies / Armand Silvestre"
            },
            {
                  "doc_url": "https://gallica.bnf.fr/ark:/12148/bpt6k30411092",
                  "emotions": [
                        "admiration",
                        "surprise",
                        "nostalgia",
                        "gratitude",
                        "curiosity"
                  ],
                  "excerpt": "Ce n ’ est pas cependant une hallucination dont je suis le jouet ; la tiédeur d ’ un souffle plus doux et plus chargé .de parfums que celui des brises effleure mon : cou , et je me sens fasciné comme , seule , me fait votre approche .Vous regardiez aussi par - fc dessus ma tête , et c ’ est bien vous que je v voyais comme dans un miroir , je me retourne Î bien vite pour vous prendre furieusement dans mes bras et coller ma bouche à la vôtre .",
                  "id": "14",
                  "title": "Le Livre des fantaisies. Joyeusetés et mélancolies / Armand Silvestre"
            },
            {
                  "doc_url": "https://gallica.bnf.fr/ark:/12148/bpt6k6466641p",
                  "emotions": [
                        "surprise",
                        "nervousness"
                  ],
                  "excerpt": "— FLAIRER , FLEURER .Flairer , c ' est sentir par l ' odorat : en FLAIRANT le beurre , on s ' assure s ' il estfrais .FLEURER , c ' est répandre , exhaler une odeur : vous avez là un bouquet qui FLEURE bon .",
                  "id": "15",
                  "title": "La grammaire selon l'Académie (3e édition) / par Bonneau et Lucan ; revue par M. Michaud,..."
            },
            {
                  "doc_url": "https://gallica.bnf.fr/ark:/12148/bpt6k5818766v",
                  "emotions": [
                        "surprise"
                  ],
                  "excerpt": "— La solution de mikanine , qui mousse un peu par l ' agitation , est bouillie avec un dixième d ' acide sulfurique .Tout d ' abord , il se dégage une odeur forte , semblable à celle de l ' acide valérianique ; la solution se trouble et se sépare en une matière gommeuse qui se précipite .La liqueur filtrée neutralisée par de la potasse et bouillie avec la liqueur de Fehling la réduit .",
                  "id": "16",
                  "title": "Les Plantes alexitères de l'Amérique, par Henri Bocquillon-Limousin,..."
            },
            {
                  "doc_url": "https://gallica.bnf.fr/ark:/12148/bpt6k1415849z",
                  "emotions": [
                        "surprise",
                        "sadness",
                        "doubt",
                        "despair",
                        "disappointment"
                  ],
                  "excerpt": ".Malheur , malheur à toi , Boniche , s ’ il t ’ a plu ! Et comment pourrait - il , ce héros , ne pas plaire , A ton candide et doux , petit cœur ancillaire ? Il sent mauvais ? — Et puis ? ..",
                  "id": "17",
                  "title": "Paris-la-Prostituée / Albert du Bois"
            },
            {
                  "doc_url": "https://gallica.bnf.fr/ark:/12148/bpt6k65780084",
                  "emotions": [
                        "surprise"
                  ],
                  "excerpt": "Louis Veuillot dans ses pèlerinages en Suisse : Il Non , rien n ' est charmant et pur comme les ileurs des Alpes .On est confondu , de tant de fraîcheur et de variété , de tant de formes élégantes et d ' insaisissables parfums .Cela donne appétit .",
                  "id": "18",
                  "title": "Souvenirs d'histoire naturelle, lettres à Mme X,... par Charles de Franciosi"
            },
            {
                  "doc_url": "https://gallica.bnf.fr/ark:/12148/bpt6k9780410g",
                  "emotions": [
                        "surprise"
                  ],
                  "excerpt": "Nous prîmes ces cristaux pour de l ' acide benzoïque ; mais lorsque l ' expérience fut achevée et l ' appareil démonté , nous eûmes bientôt reconnu notre erreur .Le liquide qui surnageait , et qui avait acquis une couleur citrine , répandait dans l ' air des vapeurs très piquantes , qui irritaient fortement les yeux , et dont l ' odeur rappelait les composés de chlore et d ' acide hy - dro - cyanique .Ce liquide s ' unissait facilement à l ' eau , et lorsqu ' on soumettait ce mélange à l ' é - bullition , il se dégageait beaucoup d ' acide hy - dro - chlorique , et l ' on voyait se précipitçr , par refroidissement , de belles lames cristallines , disposées en longs plumasseaux , qui tous partaient de la surface du liquide et s ' épanouissaient vers le fond .",
                  "id": "19",
                  "title": "Nouvelles expériences sur les amandes amères et sur l'huile volatile qu'elles fournissent ; par MM. Robiquet et Boutron-Charlard"
            },
            {
                  "doc_url": "https://gallica.bnf.fr/ark:/12148/bpt6k61590560",
                  "emotions": [
                        "surprise",
                        "gratitude",
                        "pain",
                        "faith"
                  ],
                  "excerpt": ".Et resongeant à la vallée Où souffrirent ses premiers ans , Elle s ' écrie en saints élans : \" O mon Dieu , je suis trop comblée ! » Et chaque jour qui luit aux cieux , Elle prie , invoque pour celle , Dont le bienfait descend sur elle Comme un parfum délicieux .Et sa prière est l ' urne heureuse Qui devant Dieu , soir et matin , Se déverse et répand sans fin Sa plénitude affectueuse .",
                  "id": "20",
                  "title": "Poésies de Benoît Arnaud (publiées par Aimé Camp)"
            }
      ]
}