{
      "articles": [
            {
                  "doc_url": "https://gallica.bnf.fr/ark:/12148/bpt6k6566347c",
                  "emotions": [
                        "surprise",
                        "boredom",
                        "love",
                        "nostalgia"
                  ],
                  "excerpt": "Tandis qu ' elle s ' enorgueillit ainsi de son crime heureux , une pendule sonne douze coups , et M .d ' Argelès , éveillé dans un bâillement , dit à sa maîtresse , tout bas , parmi la caresse parfumée des cheveux : — Comme les belles heures passent vite ! Hélas , ma bien - aimée , voici le moment où il faut que tu me quittes .Elle s ' écarte un peu , dans un frisson , le considère , étonnée , comme ne comprenant pas .",
                  "id": "1",
                  "title": "Monstres parisiens : deuxième série / Catulle Mendès ; illustrations par Besnier"
            },
            {
                  "doc_url": "https://gallica.bnf.fr/ark:/12148/bpt6k5627349f",
                  "emotions": [
                        "surprise",
                        "doubt"
                  ],
                  "excerpt": "Quel bonheur de rentrer libres dans ce domaine Qu ' ils avaient , prisonniers , quitté l ' autre semaine ! — Lescure était suspect , on l ' avait arrêté , Et tous l ' avaient suivi dans sa captivité ; Mais la peur des Brigands , dans sa retraite obscure , Avait fait oublier le marquis de Lescure .Et pourquoi maintenant demeurer enfermé ? La nature est si belle , un second jour de mai ! Pourquoi ne va - t - il pas rafraîchir sa poitrine Dans cet air imprégné de senteurs d ' aubépine , Lui qui , durant huit jours , n ' eut pour tout horizon Que les murs étouffants d ' une étroite maison ? Que ne gravit - il pas les collines prochaines , D ' où l ' on voit dans l ' azur se perdre les grands chênes , MONSIEUR HENRI IOI Et les ruisseaux courir , et paître les troupeaux ? ..",
                  "id": "2",
                  "title": "Les Vendéens, poëmes, par Émile Grimaud"
            },
            {
                  "doc_url": "https://gallica.bnf.fr/ark:/12148/bpt6k80470w",
                  "emotions": [
                        "surprise",
                        "nostalgia"
                  ],
                  "excerpt": "Aucun sentier n ' apparaissait encore .Antoine s ' arrêta , aspira longuement l ' air forestier et ' dit – Je sens l ' odeur de la fumée de charbon .Nous devons être près d ' une vente .",
                  "id": "3",
                  "title": "Raymonde ; Le Don Juan de Vireloup (3e édition) / André Theuriet"
            },
            {
                  "doc_url": "https://gallica.bnf.fr/ark:/12148/bpt6k6209428x",
                  "emotions": [
                        "surprise"
                  ],
                  "excerpt": "Toutes les marchandises sont étalées à terre .Du poisson fumé ( quelle odeur ! ) , des bananes , des racines de manioc , des quartiers de viande salée , etc .Des jeunes filles apportent les marchandises dans des espèces de « hottes » , qu ' elles soutiennent sur le dos .",
                  "id": "4",
                  "title": "Dans la Belgique africaine : notes de voyage / par J. Flamme,..."
            },
            {
                  "doc_url": "https://gallica.bnf.fr/ark:/12148/bpt6k97858446",
                  "emotions": [
                        "surprise"
                  ],
                  "excerpt": "Ce pardon de la terre devait nous absoudre , dans l ' exil de notre expiation .Il a été prononcé , et le jour où il tomba une première fois des lèvres de Lamartine , il se passa une étrange chose : notre planète aborda dans une seconde planète , toute fleurie et toute parfumée de plantes et d ' essences qui vous sont inconnues .Et nous fûmes ressuscités et transfigurés .",
                  "id": "5",
                  "title": "Heures de travail. Tome 1 / par Eugène Pelletan"
            },
            {
                  "doc_url": "https://gallica.bnf.fr/ark:/12148/bpt6k97858446",
                  "emotions": [
                        "surprise",
                        "doubt"
                  ],
                  "excerpt": "Je suis né à un autre soleil , et si j ' aime une muse , je dois avouer qu ' elle me paie médiocrement de retour .Mais toi , qui es - tu , pour venir apporter à l ' étranger ton sourire et ton parfum ? Es - tu , dis - le - moi , la sœur cadette de Mignon , la fée errante de l ' Arno , une ondine ? — On appelle ainsi la fée de l ' eau dans ma patrie .— Rien de tout cela , répondit - elle avec une charmante vivacité .",
                  "id": "6",
                  "title": "Heures de travail. Tome 1 / par Eugène Pelletan"
            },
            {
                  "doc_url": "https://gallica.bnf.fr/ark:/12148/bpt6k97858446",
                  "emotions": [
                        "surprise",
                        "pain"
                  ],
                  "excerpt": "C était à l époque des vendanges , les feuilles des marronniers tombaient une à une et rentraient au creuset de la grande alchimie .Les bœufs , lents et la tête basse , charriaient la grappe du vignoble au pressoir , et une forte haleine , échappée du bouillonnement des cuves , répandait autour de nous un parfum d ' ivresse .C ' est à ce moment du crépuscule de l ' année , où la terre reprend les éléments de vie qu ' elle a prêtés , pour les soumettre à d ' autres élaborations , aux derniers adieux d ' un soleil mourant , sous les franges déjà flétries des pampres , que la voix du poëte nous ramenait à ces grandes vendanges de l ' histoire , où les institutions , les croyances , les lois , les fortunes étaient jetées dans la cuve de la révolution , et du fond de ces récits nous sentions monter aussi l ' ivresse de la pensée .",
                  "id": "7",
                  "title": "Heures de travail. Tome 1 / par Eugène Pelletan"
            },
            {
                  "doc_url": "https://gallica.bnf.fr/ark:/12148/bpt6k96729213",
                  "emotions": [
                        "surprise"
                  ],
                  "excerpt": "Parmi les femmes , il y en a beaucoup d ' une jolie figure , et dont la blancheur est rehaussée par de beaux cheveux noirs .L ' odorat , l ' ouïe et la vue , chez les Éleuthes , surpassent toute idée qu ' un Européen pourrait s ' en former .Ils sentent la fumée d ' un camp , ils entendent le trot d ' un cheval , ils distinguent dans leurs plaines immenses le plus mince objet , à une distance étonnante .",
                  "id": "8",
                  "title": "Géographie universelle de Malte-Brun. Tome 5 / entièrement refondue et mise au courant de la science par Th. Lavallée..."
            },
            {
                  "doc_url": "https://gallica.bnf.fr/ark:/12148/bpt6k96729213",
                  "emotions": [
                        "surprise"
                  ],
                  "excerpt": "Le pin cimbre ( pinus timbra ) , qui couronne en Europe la cime des monts , s ' élève au milieu des plaines humides de la Sibérie , où il atteint , suivant Gmelin , une taille gigantesque ; mais il n ' étale toute sa magnificence que sur les terres à l ' ouest de l ' Ieniseï : à l ' est de ce fleuve , il diminue de grandeur , et vers le bord de la Léna il ne dépasse guère la taille des arbustes .Le peuplier blanc est tellement commun en Sibérie , que Pallas s ' étonnait que le coton qu ' il porte n ' y fût pas utilisé ; le peuplier baumier , qui dans nos jardins n ' est qu ' un arbrisseau , élève majestueusement sa tige et répand dans les airs les molécules odorantes de ses bourgeons résineux .La Sibérie ne produit ni pommes ni poires : les fruits insipides du poirier sauvage de la Daourie ( pirus baccata ) et du poirier à feuilles de saule sont de la grosseur d ' une cerise ; l ' abricot du même pays est d ' un goût aigrelet .",
                  "id": "9",
                  "title": "Géographie universelle de Malte-Brun. Tome 5 / entièrement refondue et mise au courant de la science par Th. Lavallée..."
            },
            {
                  "doc_url": "https://gallica.bnf.fr/ark:/12148/bpt6k9782791k",
                  "emotions": [
                        "surprise",
                        "disgust",
                        "fear"
                  ],
                  "excerpt": "Elles se traînent , tête basse , Parcourant le cercle infernal , Aspirant le brouillard qui passe Au bruit d ' un souffle cavernal .Mais dans ce lieu d ' horreur , le pire C ' est l ' odeur qu ' on sent s ' exhaler , Au bout d ' un instant qu ' on aspire On n ' aspire qu ' à s ' en aller .Râlant et de plus en plus moite , On hèle à grands cris les porteurs .",
                  "id": "10",
                  "title": "Les drôleries médicales : anecdotes, bons mots, pensées, chansons, épigrammes, etc. / recueillis et annotés par le Dr G.-J. Witkowski"
            },
            {
                  "doc_url": "https://gallica.bnf.fr/ark:/12148/bpt6k9782791k",
                  "emotions": [
                        "surprise",
                        "nostalgia",
                        "pride"
                  ],
                  "excerpt": "Le docteur répétant : — Ah ! vous voyez toujours la comète ! Le prince de la science sourit et il glisse ces mots dans l ' oreille du père : — Mariez - la .LA SAUGE ET LE THÉ On m ' a conté qu ' autrefois , Au cap de Bonne - Espérance , Un baril de thé chinois Qu ' on expédiait en France , Où l ' on estime tant chez les gens délicats , Son parfum , qui du goût flatte , excite l ' organe ; Fut jeté , par hasard , au bureau de la douane , Près d ' un ballot de sauge , herbe de nos climats Dont à la Chine on fait grand cas .Or , tandis qu ' on pèse et qu ' on jauge , Que commis et marchands discutent les valeurs , Le thé , s ' adressant à la sauge , Lui dit dans la langue des fleurs : « Où vas - tu , d ' où viens - tu , voisine ? — Je viens de France et vais en Chine .",
                  "id": "11",
                  "title": "Les drôleries médicales : anecdotes, bons mots, pensées, chansons, épigrammes, etc. / recueillis et annotés par le Dr G.-J. Witkowski"
            },
            {
                  "doc_url": "https://gallica.bnf.fr/ark:/12148/bpt6k11849607",
                  "emotions": [
                        "surprise"
                  ],
                  "excerpt": "L ’ ombre révèle avec plus d ’ absolu les délices enserrées en le mystère de l ’ arbre odorant .Par une nuit d ’ été ce parfum vous surprend tout .C ’ est comme une lame irrésistiblement douce et violente qui emporte et roule le cœur .",
                  "id": "12",
                  "title": "Durendal : revue catholique d'art et de littérature / fondateurs : Pol Demade, Henry Carton de Wiart, Abbé Henry Moeller."
            },
            {
                  "doc_url": "https://gallica.bnf.fr/ark:/12148/bpt6k11849607",
                  "emotions": [
                        "surprise",
                        "doubt",
                        "embarrassment"
                  ],
                  "excerpt": "que sais - je ? — Aucune , par exemple , sur cette impru - délice effroyable de créer , hors la Nature , des organismes moraux monstrueux , — folie du Wagner de Goethe , dans Faust , faisant germer , de sa fiole d ’ alchimiste , Homunculus .Chose à peine croyable , sur trente âmes rassemblées dans cette chambre où la Mort passa , cette nuit , nulle ne s ’ avise d ’ un rapprochement , pourtant bien facile , entre ce corps embaumé de fleurs , escorté de respects et de rites , — et Yàme , silencieusement partie pour l ’ Inconnu , peut - être honteuse , à cette heure , et frémissante ..",
                  "id": "13",
                  "title": "Durendal : revue catholique d'art et de littérature / fondateurs : Pol Demade, Henry Carton de Wiart, Abbé Henry Moeller."
            },
            {
                  "doc_url": "https://gallica.bnf.fr/ark:/12148/bpt6k689865",
                  "emotions": [
                        "surprise",
                        "disgust",
                        "fear",
                        "annoyance",
                        "embarrassment"
                  ],
                  "excerpt": "Un gros monsieur , décoré naturellement , s ' avance pour occuper la place qu ' il convoitait ca ~ ce n ' est pas lui ventrebleu qu ' on refait en voyage .Mais l ' horreur Aon ' Meo re / e ~ M il recule a demi asphyxié et fait à l ' adresse des jeunos gens une horrible grimace des plus significatives , tout en se tamponnant fortement les narines de son mouchoir parfumé .Sur ce , hilarité générale .",
                  "id": "14",
                  "title": "Paulette Vandrineuf / Gaston Fraigniaud ; [préf. signée : Vte L. de B]"
            },
            {
                  "doc_url": "https://gallica.bnf.fr/ark:/12148/bpt6k86304468",
                  "emotions": [
                        "surprise",
                        "anger",
                        "annoyance",
                        "disapproval",
                        "faith"
                  ],
                  "excerpt": "Deux femmes du tiers ordre de Saint - Domi - nique , qui se tenaient au pied de l ' échafaud , la voyant étendue sans mouvement , s ' empressèrent de la relever et de la soutenir .La sainte , revenant à elle , leur dit : – J ' ai vu le ciel ! Comme une de ces femmes s ' apprêtait à laver avec une éponge le sang qui couvrait la robe de la vierge , Catherine l ' arrêta vivement : – Non , dit - elle , ne m ' ôtez pas ce sang ; ne me prenez point ma pourpre et mes parfums ! A Henri Lavedan .IX LA CAUTION .",
                  "id": "15",
                  "title": "Le puits de sainte Claire / par Anatole France"
            },
            {
                  "doc_url": "https://gallica.bnf.fr/ark:/12148/bpt6k9232705",
                  "emotions": [
                        "surprise"
                  ],
                  "excerpt": "Une onde de parfum remplace les nuées .Un parfum glisse , échevelé , saute dehors , Un parfum en légères nappes se soulève .Il pousse son flot pur , et s ’ attarde ou s ’ étire ; Il chante en s ’ enroulant devant les fonds ; il va , Il sourit , vagabonde et imite déjà Cette douce fraîcheur d ’ esprit qui doit venir .",
                  "id": "16",
                  "title": "Les fêtes dispersées : poèmes / Georges Périn"
            },
            {
                  "doc_url": "https://gallica.bnf.fr/ark:/12148/bpt6k66213j",
                  "emotions": [
                        "surprise",
                        "disgust",
                        "embarrassment"
                  ],
                  "excerpt": "Sa timidité ordinaire le quittait en cette occasion et il éprouvait un certain plaisir à exaspérer M .Hurtrot en allumant une des petites cigarettes qu ' il avait l ' habitude de fumer l ' odeur du tabac d ' Orient écœurait M .Hurtrot , qui montrait sa répugnance par une grimace exagérée .",
                  "id": "17",
                  "title": "Les vacances d'un jeune homme sage : roman / Henri de Régnier"
            },
            {
                  "doc_url": "https://gallica.bnf.fr/ark:/12148/bpt6k65173034",
                  "emotions": [
                        "surprise",
                        "envy"
                  ],
                  "excerpt": "Il résolut de se marier quand il serait guéri , et il passa dans son cerveau les noms et les figures qui vaient frappé dans les salons des deux classes de la ciété .De ravissantes apparitions passèrent dans ses ves ; des chevelures chargées de fleurs , des épaules neige enveloppées de boas de cygne , des corsages ples , tels que le crayon des Johannot a seul le cret d ' en reproduire la grâce ; ces attrayants fantômes itèrent leurs ailes de gaze sur les yeux lourds et ûlants de Raymon ; mais il n ' avait vu ces péris que ns le tourbillon parfumé du bal .A son réveil il se manda si leurs lèvres rosées avaient d ' autres sou ; , rires que ceux de la coquetterie , si leurs blanches .",
                  "id": "18",
                  "title": "Oeuvres de George Sand.... Lélia. Indiana. Jacques. Mauprat"
            },
            {
                  "doc_url": "https://gallica.bnf.fr/ark:/12148/bpt6k65173034",
                  "emotions": [
                        "admiration",
                        "surprise",
                        "disgust",
                        "pride",
                        "gratitude",
                        "approval"
                  ],
                  "excerpt": "— Dis - moi ce qui t ' amène vers nous , ou plutôt ne le dis pas , laisse - moi le deviner .Yeux - tu qu ' on te ~ ne une robe de soie et qu ' on parfume tes cheveux ! es le plus bel abbé que j ' aie jamais vu .Mais pouroi Voire Miséricorde fronce - t - elle le sourcil sans répondre ? — Je vous demande pardon , madame , répondit ; nmor , si je réponds mal à votre hospitalité ; quoiï je sois entré ici à pied , comme un colporteur , ~ s me recevez comme un prince .",
                  "id": "19",
                  "title": "Oeuvres de George Sand.... Lélia. Indiana. Jacques. Mauprat"
            },
            {
                  "doc_url": "https://gallica.bnf.fr/ark:/12148/bpt6k65173034",
                  "emotions": [
                        "surprise",
                        "grief",
                        "sadness"
                  ],
                  "excerpt": "Lélia prit la main de l ' enfant , el la porta à ses yeux : elle pleurait .- Oh ! s ' écria - t - il avec transport , tu pleures ! Tu vis donc enfin ? ~ i Lélia passa ses doigts dans les cheveux parfumés de Sténio , et , attirant sa tête sur son sein , elle la couvrit de baisers .Rarement il lui était arrivé d ' effleurer ce beau front de ses lèvres .",
                  "id": "20",
                  "title": "Oeuvres de George Sand.... Lélia. Indiana. Jacques. Mauprat"
            }
      ]
}