{
      "articles": [
            {
                  "doc_url": "https://gallica.bnf.fr/ark:/12148/bpt6k113911r",
                  "emotions": [
                        "surprise",
                        "doubt",
                        "curiosity"
                  ],
                  "excerpt": "gne de Naples , à la vue d ' une jeune fille ouvrant avec ses pieds nus un champ de thym mouillé par la rosée .Pourquoi ? Peut - être une odeur dé thym venait de le frapper .L ' Italie , Naples , la j - eune fille ' Marielle avaient répondu à cette sensation .",
                  "id": "1",
                  "title": "Les intimes. T. 1 / par Michel Raymond [Raymond Brucker]"
            },
            {
                  "doc_url": "https://gallica.bnf.fr/ark:/12148/bpt6k8845320",
                  "emotions": [
                        "surprise",
                        "disgust",
                        "fear",
                        "nervousness"
                  ],
                  "excerpt": ".mais soudain l ’ odeur , la vue de cette pourriture provoque chez lui un recul involontaire .Les visiteurs le voient alors se retirer à quelques pas , se prosterner à terre pour demander à Dieu le courage dont il a besoin ; puis , ouvrant le col de sa soutane , et saisissant sa discipline , se flageller cruellement pour se punir de sa lâcheté .",
                  "id": "2",
                  "title": "L'Esclave des nègres. Saint Pierre Claver, de la Compagnie de Jésus / Jean Charruau"
            },
            {
                  "doc_url": "https://gallica.bnf.fr/ark:/12148/bpt6k5546092d",
                  "emotions": [
                        "surprise"
                  ],
                  "excerpt": "— Lilas blanc .— Oh ! cela tombe à merveille ; le lilas blanc est justement mon parfum favori ..",
                  "id": "3",
                  "title": "Le Larbin : tribune permanente ouverte aux revendications des domestiques / [gérant L. Frache]"
            },
            {
                  "doc_url": "https://gallica.bnf.fr/ark:/12148/bpt6k6580297m",
                  "emotions": [
                        "surprise"
                  ],
                  "excerpt": "Quant au guide , comme on ne lui avait appris qu ' à nommer chaque chambre , avec accompagnement d ' une phrase redondante , il s ' abstint de prendre part à la discussion .Après nous avoir fait passer sur un petit pont , dont les planches disjointes , largement espacées , laissaient arriver jusqu ' à nous un air humide , imprégné d ' une odeur de tombe , se retournant tout à coup : « Voici les oubliettes ! » exclama - t - il de sa même voix macabre .Je pris une pierre ; je la laissai tomber par un des interstices du plancher ; elle mit dix secondes à arriver au fond .",
                  "id": "4",
                  "title": "Le chemin des écoliers : promenade de Paris à Marly-le-Roy en suivant les bords du Rhin / par X.-B. Saintine... ; avec 450 vignettes de G. Doré, Foster, etc."
            },
            {
                  "doc_url": "https://gallica.bnf.fr/ark:/12148/bpt6k206806s",
                  "emotions": [
                        "surprise",
                        "nostalgia"
                  ],
                  "excerpt": ".Quelle atmosphère Quelle odeur , mélangée de tabac , de spiritueux , de hière et de gaz C ' était la première fois que j ' entrais dans ce lieu , là première fois que jevoyais des femmes dans un café fumant .Nous avions autour de nous non - seulement dés femmes , mais des Dames .",
                  "id": "5",
                  "title": "Les odeurs de Paris (2e éd.) / par Louis Veuillot"
            },
            {
                  "doc_url": "https://gallica.bnf.fr/ark:/12148/bpt6k58189261",
                  "emotions": [
                        "surprise",
                        "fear"
                  ],
                  "excerpt": "MEFLÂ , v .Flairer ; chien ayant le nez en l ' air pour sentir une chose quelconque ; bête de somme sentant un breuvage ou un animal dangereux de loin ; renifler sur la nourriture sans y toucher .MEFLÂN , n .",
                  "id": "6",
                  "title": "Dictionnaire du patois savoyard, tel qu'il est parlé dans le canton d'Albertville : avec des remarques sur la prononciation et des observations grammaticales sur les difficultés de cet idiome ; suivi d'une collection de proverbes et maximes usités dans le pays / par F. Brachet,..."
            },
            {
                  "doc_url": "https://gallica.bnf.fr/ark:/12148/bd6t5377385s",
                  "emotions": [
                        "surprise",
                        "joy",
                        "excitement",
                        "pride",
                        "relief"
                  ],
                  "excerpt": "Je suis debout sous la lumière blonde que verse l ’ ampoule enfouie dans une fleur couleur d ’ or ; le reflet ruisselle sur la chair de mon visage , sur mes épaules nues sous le frôlement de la dentelle .Et ma sagesse effarée constate l ’ apparition soudaine d ’ une frivole Viva , satisfaite de la certitude que ce reflet dore harmonieusement sa pâleur ; que la lumière tombée d ’ en haut est toujours seyante au regard ; que le parfum qui l ’ imprègne embaume autant qu ' une brassée de fleurs fraîches .Cette Viva que j ’ observe , stupéfaite , ma personnalité dédoublée , répète , mordillant un pétale nacré arraché aux roses de son corsage : — Confessez - vous , monsieur mon ami .",
                  "id": "7",
                  "title": "La nuit tombe... / par Henri Ardel"
            },
            {
                  "doc_url": "https://gallica.bnf.fr/ark:/12148/bpt6k10495083",
                  "emotions": [
                        "surprise",
                        "sadness"
                  ],
                  "excerpt": "– Accroche - toi par la ceinture après fifi .Et l ' homme s ' accroche après fifi , c ' est - à - dire après la bonde , et il s ' endort en ronflant , le nez grand ouvert aux effluves de la gandouse .Demain , au réveil , comme cet homme aura dans la tête un Paris étrange ! Et , tout compte fait , comme ce Paris étrange est bien l ' expression vraie de la traversée de Paris ! Pendus Glacés T manquant ] ANDIS que tout le monde admire les illuminations de fête qui transforment Paris en firmament multicolore , les lampions pareils à des morceaux d ' arc - en - ciel , les lanternes vénitiennes de toute forme et de toute nuance , les becs de gaz aux cocardes jaunes , les faisceaux de rayons des pots - à - feu oxhydriques , les nappes lilas et les aigrettes éblouissantes de l ' électricité , et les mille splendeurs d ' incendie de l ' éclairage moderne ; tandis que la foule n ' a d ' yeux que pour ces clartés orgueilleuses , il me plaît , à moi , de célébrer les pauvres , tristes , honteux , lamentables et oubliés lumignons d ' autrefois , les antiques et quasi antédiluviens réverbères que l ' argot appelle si pittoresquement de ce nom sinistre et calembouresque : les pendus glacés .",
                  "id": "8",
                  "title": "Paysages et coins de rues / par Jean Richepin ; illustrations en couleurs, dessinées et gravées sur bois par Auguste Lepère ; préface de Georges Vicaire"
            },
            {
                  "doc_url": "https://gallica.bnf.fr/ark:/12148/bpt6k272207w",
                  "emotions": [
                        "surprise",
                        "grief",
                        "love",
                        "nostalgia",
                        "doubt",
                        "nervousness",
                        "disappointment"
                  ],
                  "excerpt": "Elle dit , revenue auprès de la fenêtre « Pourquoi cet amour insensé N ' est - il pas mort avec les plantes Qui l ' emvraient , l ' été passé .D ' odeurs puissantes et troublantes « Pourquoi la bise , en emportant La feuille jaunie et fance , N ' en a t - elle pas fut autant De mon amour de l ' autre année 5 « Les roses des rosiers en fleur , L ' hiver les cueille et les desseche ; Mais la blanche rose du coeur , Toujours froissée , est toujours fraîche .« Il n ' en finit pas de courir , Le ruisseau de pleurs qui l ' arrose , Et la mélancolique rose N ' en finit pas de refleurir .",
                  "id": "9",
                  "title": "Oeuvres de Paul Bourget. , Poésies, 1876-1882 ; Edel ; Les aveux"
            },
            {
                  "doc_url": "https://gallica.bnf.fr/ark:/12148/bpt6k5651627v",
                  "emotions": [
                        "surprise",
                        "doubt"
                  ],
                  "excerpt": "Obsédé par la vue de cette étrange et vivante antithèse , je fuyais , je fuyai .toujours , insensé , à travers des rues aux hôtels resplendissants de beautés et de lumières , guidé seulement par le hasard de l ' incertain qui me conduisit bientôt dans un carrefour obscur dont les maisons basses , , bizarres , lézardées , pareilles à des cavernes abandonnées ou à des tanières de fauves , exhalaient une odeur fétide qui oppressait l ' odorat .Soudain un cri perçant se répandit dans l ' espace et pendant qu ' une main de fer s ' abattait lourdement sur mon épaule débile , une voix rauque ; lugubre et glaciale me fit entendre ces mots terrifiants : « La bourse ou la vie ! » Hélàs ! comme celui qui est pauvre trouve aujourd ' hui toujours un plus pauvre que lui , ma poche fut , par un acte inévitable de fraternité et de solidarité , allégée de trois pièces blanches que s ' attribuait la misère terrible et révoltée .",
                  "id": "10",
                  "title": "La prose des illettrés. Du Quatorze-Juillet, par J. Delmorès, plébéien. Pamphlet"
            },
            {
                  "doc_url": "https://gallica.bnf.fr/ark:/12148/bpt6k61482548",
                  "emotions": [
                        "surprise"
                  ],
                  "excerpt": "» Ainsi des plaines azurées Chantent les célestes esprits ; Et les sons des harpes dorées Résonnent aux divins lambris .La terre même en est émue ; Mais soudain une épaisse nue Les dérobe aux yeux des humains : Un doux parfum , un bruit sonore Long - temps dans l ' air atteste encore .La présence des séraphins .",
                  "id": "11",
                  "title": "Hommage de la France royaliste et littéraire, à S. A. R. Mgr. le duc de Bordeaux..."
            },
            {
                  "doc_url": "https://gallica.bnf.fr/ark:/12148/bpt6k919414",
                  "emotions": [
                        "surprise",
                        "joy",
                        "disgust"
                  ],
                  "excerpt": "eanmhre brut expédié enFrance y est rafnné par suhtimation dans une t ! o ) eafondp ! at , surunhaiudesahie .) t est ato ! ' sen ) nassccristaHine , demi - transparente , Hexihh ' , à odeur fo ! ' teetaromatique , àsaveu ! ' a ) néreethrutante .SadensitéaO \" est ( ) , ! ) 9 .",
                  "id": "12",
                  "title": "Traité élémentaire de chimie (12e éd. rev. et corr.) / par L. Troost,..."
            },
            {
                  "doc_url": "https://gallica.bnf.fr/ark:/12148/bpt6k943088d",
                  "emotions": [
                        "surprise",
                        "fear",
                        "doubt",
                        "despair"
                  ],
                  "excerpt": "I » ■ 84 UN PÉKIN SUR LE FRONT Ils ne me font pas l ’ effet d ’ être des hommes comme nous .Je vois en eux des êtres à part , des elfes descendus sur la terre de je ne sais quelle planète maudite , d ’ une forme bizarre , allongée comme un colossal parallélépipède , d ’ étranges Martiens armés d ’ engins inconnus , soufflant des vapeurs empoisonnées , laissant tomber du haut du firmament des aérolithes qui tuent les hommes .Mais ne nous frappons pas , et n ' allons pas chercher si haut .",
                  "id": "13",
                  "title": "Un pékin sur le front... / Sem ; préface de Fernand Vandérem..."
            },
            {
                  "doc_url": "https://gallica.bnf.fr/ark:/12148/bpt6k57856364",
                  "emotions": [
                        "surprise",
                        "disgust",
                        "nostalgia"
                  ],
                  "excerpt": "Oh 1 maman 1 , DAME BRIGITTE , éclatant .Je te dis qu ' on a fumé , Suzette ! c ' est la seconde fois que je la rencontre , cette odeur maudite du tabac , et je la reconnais , quoiqu ' il y ait bien dix ans de cela .SCÈNE XI LES MÊMES , BRÈCHEMAIN .",
                  "id": "14",
                  "title": "Les Absents, opéra-comique en 1 acte, paroles de M. Alphonse Daudet, musique de M. Ferdinand Poise, mise en scène de M. Mocker. (Paris, Opéra-Comique, 26 octobre 1864.)"
            },
            {
                  "doc_url": "https://gallica.bnf.fr/ark:/12148/bpt6k56681762",
                  "emotions": [
                        "surprise"
                  ],
                  "excerpt": "- SON TRAITEMENT INTRODUCTION Il y a un démi - siècle , Petters publiait l ' observation d ' une malade morte dans le coma diabétique .Frappé par l ' odeur étrange de l ' haleine et des urines de cette malade , il avait distillé ces dernières et y avait décelé de l ' acétone .Cette observation fut le point de départ de nombreux travaux et de discussions ardues ; bientôt la recherche de l ' acétone dans l ' urine fut reconnue nécessaire et classique dans certaines affections , en même temps que la chimie apportait sa contribution à cette oeuvre , en indiquant les réactifs qui devaient donner plus de facilité et de certitude dans la recherche de l ' acétone urinaire .",
                  "id": "15",
                  "title": "L'Acétonurie, sa valeur sémiologique, son traitement / par le Dr Henri Mauban,..."
            },
            {
                  "doc_url": "https://gallica.bnf.fr/ark:/12148/bpt6k5661556h",
                  "emotions": [
                        "surprise",
                        "fear",
                        "courage",
                        "nervousness"
                  ],
                  "excerpt": "Cela ne ferait pas mon compte .Mais j ' entends son pas , plus léger que le pas d ' un oiseau je sens ' son odeur , plus douce que l ' odeur des violettes , — Alix , j ' avais peur que vous ne vinssiez pas .ALIX .",
                  "id": "16",
                  "title": "Théâtre. Mystère. Comédies et ballets. Nouvelle édition, revue, corrigée et augmentée d'un grand nombre de documents inédits [par Maurice Dreyfous] / Théophile Gautier"
            },
            {
                  "doc_url": "https://gallica.bnf.fr/ark:/12148/bpt6k72893x",
                  "emotions": [
                        "surprise"
                  ],
                  "excerpt": "Le ciel étant parfaitement catme , on entendit sur le midi , comme un bruit d ' artillerie qui se répéta trois fois de suite , et qui fut ~ uvl de la chûte de cette pieEre , à peu ( ha distance de deux laboureurs .L ' un d ' eux s ' en approcha , mais l ' odeur forte qu ' elle répandoit , l ' arrêta un moment ; remis de sa surprise , il revint ~ la souleva avec sa bêche , attendit qu ' elle fût refroidie , puis l ' emporta au village où il la remit à son curé .D ' après les informations prises sur les lieux , il résulte que le bruit et la chûte ne furent accompagnés ni d ' orage ni d ' éclair .",
                  "id": "17",
                  "title": "Mémoire historique et physique sur les chutes des pierres tombées sur la surface de la terre à diverses époques / par M. P.-M.-S. Bigot de Morogues,..."
            },
            {
                  "doc_url": "https://gallica.bnf.fr/ark:/12148/bpt6k5425959s",
                  "emotions": [
                        "surprise",
                        "nostalgia",
                        "gratitude",
                        "doubt",
                        "curiosity"
                  ],
                  "excerpt": "LE PASSANT .D ' où viens - tu , colombe charmante , Où vas - tu , traversant les cieux ? D ' où naît la rosée odorante , Dont ton aile embaume ces lieux ? Dans ces parfums qui t ' a baignée ? IiA .COI .",
                  "id": "18",
                  "title": "Les Poésies de l'enfance, recueil de pièces de vers à la portée et à l'usage des plus jeunes enfants... par M. l'abbé J.-P.-Aug. Lalanne,... Seconde édition.... Edition 4"
            },
            {
                  "doc_url": "https://gallica.bnf.fr/ark:/12148/bpt6k12699058",
                  "emotions": [
                        "surprise",
                        "fear",
                        "doubt"
                  ],
                  "excerpt": "; Une autre objection , c ' est que ces vapeurs > ces exhalaisons renfermées dans un vase de verre rattachent aux parois ôt tombent , ce qui ^ ' arrive / jamais à Fuir .Mais qui vous a dit que si les exhalaisons humides tombent au fond ce criilal , il ..",
                  "id": "19",
                  "title": "Les singularités de la nature . Par un académicien de Londres, de Boulogne [\"sic\" pour Bologne], de Pétersbourg, de Berlin, etc."
            },
            {
                  "doc_url": "https://gallica.bnf.fr/ark:/12148/bpt6k5516574c",
                  "emotions": [
                        "surprise",
                        "disgust",
                        "fear",
                        "doubt",
                        "nervousness",
                        "despair"
                  ],
                  "excerpt": "Je ne sais si je veille , ou si ma rêverie A mes sens endormis fait quelque tromperie , Peu s ' en faut , dans l ' excès de ma confusion , Que je ne prenne tout pour une illusion .Clitandre prisonnier ! je n ' en fais pas croyable Ni l ' air sale et puant d ' un cachot effroyable , : ; Ni de ce faible jour l ' incertaine clarté , Ni le poids de ces l ' ers dont je suis arrêté ; Je les sens , je les vois ; mais mon âme innocente Dément tous les objets que mon oeil lui présente , El , le désavouant , défend à ma raison De me persuader que je sois en prison .Jamais aucun forfait , aucun dessein infâme N ' a pu souiller ma main , ni glisser dans mon âme ; Et je suis retenu dans ces - funestes lieux ! Non , cela ne se peut : vous vous trompez , mes yeux ; J ' aime mieux rejeter vos plus clairs témoignages , J ' aime mieux démentir ce qu ' on me fait d ' outrages , Que dc ' m ' imaginer , sous un si juste roi , Qu ' on peuple les prisons d ' innocents comme moi .",
                  "id": "20",
                  "title": "Théâtre complet : oeuvres de P. Corneille (Nouvelle édition, imprimée d'après celle de 1682, ornée du portrait en pied colorié du principal personnage des pièces les plus remarquables) / précédées de la vie de l'auteur par Fontenelle et suivi d'un dictionnaire donnant l'explication des mots qui ont vieilli ; dessins de M. Geoffroy,... ; gravures de MM. Colin et Wolff"
            }
      ]
}