{
      "articles": [
            {
                  "doc_url": "https://gallica.bnf.fr/ark:/12148/bpt6k6252186j",
                  "emotions": [
                        "surprise",
                        "doubt",
                        "amusement",
                        "curiosity"
                  ],
                  "excerpt": "Tant pis , je me décide : « I say .? Quoi ? - - Ne sentez - vous pas une drôle d ' odeur ? - - Oui , c ' est vrai , snf , snf .» Tout de suite , ses yeux tombent sur la lettre .",
                  "id": "1",
                  "title": "Les Opinions sociales, politiques, littéraires : revue mensuelle"
            },
            {
                  "doc_url": "https://gallica.bnf.fr/ark:/12148/bpt6k67742r",
                  "emotions": [
                        "surprise",
                        "excitement"
                  ],
                  "excerpt": "Il fait sauter le glaive des mains de son rival , et se fraye un chemin au milieu de la fouir en désordre .Plusieurs fois déjà j ' avais cm sentir derrière moi une pure et chaude haleine avais cru entendre le frôlement d ' une robe de soie .Je pensais qu ' une femme était là mais tout entier plongé dans le monde poétique , je ne voulais point me laisser distraire .",
                  "id": "2",
                  "title": "Contes fantastiques d'Hoffmann : traduction nouvelle / par M. X. Marmier, précédée d'une notice par le traducteur"
            },
            {
                  "doc_url": "https://gallica.bnf.fr/ark:/12148/bpt6k5682328c",
                  "emotions": [
                        "surprise"
                  ],
                  "excerpt": "73 mac vide ? car si ce qui vient de m ' arriver a d ' abord un peu distrait de la marche ordinaire que tout homme doit suivre pour accomplir une journée logique , on pourra se remémorer à présent que je n ' ai pas encore déjeuné .Une fois que je fus frappé de cette idée , toutes les autres se modifièrent ; je pensai au repas que Marianne avait préparé chez moi , et mon imagination échauffée me restitua l ' odeur appétissante d ' un civet de sarcelles que je ne lui avais pas commandé et dont , sans doute , la bonne fille se proposait de nous surprendre ..",
                  "id": "3",
                  "title": "Le docteur rouge. Tome 2 / par Jean Lafitte,..."
            },
            {
                  "doc_url": "https://gallica.bnf.fr/ark:/12148/bpt6k56974667",
                  "emotions": [
                        "surprise",
                        "nostalgia",
                        "excitement"
                  ],
                  "excerpt": "La fantaisie , la folle môme de Kenwell était d ' ailleurs ce qui lui donnait tant do prix sur la foule .La verve funèbre de cet hom me aussi agile qu ' à vingt ans stupéfiait , comme quelque chose d ' inattendu , d ' exotique , comme uno liqueur au parfum amer et venant de quelque contrée lointaine .Kenwell semblait parfois 60 Jouer du public , tant il apportait debouflbnnerio sinistre dansses tours et ses plaisanteries .",
                  "id": "4",
                  "title": "Le train 17 / Jules Claretie"
            },
            {
                  "doc_url": "https://gallica.bnf.fr/ark:/12148/bpt6k6577517h",
                  "emotions": [
                        "surprise"
                  ],
                  "excerpt": "Ne sentez - vous pas que cela prend à la gorge et que l ' on suffoque dans ces flots de gaz pestilentiels ? A tout hasard ouvrons la fenêtre ! .Surprise charmante ! D ' où nous vient donc cette brise si fraîche et si parfumée ? Qui parle 1 On sait que l ' acte de la respiration est exactement analogue à celui de la combustion , en ce sens que l ' oxygène de l ' air mis en présence , dans nos poumons , du charbon qu ' y amène le sang veineux se combine avec lui et produit de l ' acide carbonique et de la vapeur d ' eau qui sont rejetés au dehors .ici d ' exhalaisons délétères ? Je ne sens au contraire que de vivifiantes senteurs qui nous arrivent du parterre , de la prairie , de la forêt , de la montagne .",
                  "id": "5",
                  "title": "La plante : botanique simplifiée / Éd. Grimard"
            },
            {
                  "doc_url": "https://gallica.bnf.fr/ark:/12148/bpt6k8894882",
                  "emotions": [
                        "surprise",
                        "grief",
                        "pain"
                  ],
                  "excerpt": "Elle cessa d ’ un seul coup , comme cesse de couler une eau lorsqu ’ on ferme un robinet .Bien LE JOURNAL DE DUGRET 171 que mon visage fût à la portière je ne vis pas la cessation de la chute de l ’ eau ; mais je la sentis sur ma face au vide qui fut soudain entre le ciel et la brousse ; une violente odeur de terre mouillée adhérait à mes narines ainsi que des tampons de caoutchouc .Ce fut cela le début de mon premier voyage sur la ligne Matadi - Léopoldville - Kinchassa ; aujourd ’ hui je refaisais le chemin et , le cerveau alourdi du souvenir morne des deux journées d ’ alors , chaudes et plates , sans le plus minime événement , séparées par la nuit de Thisville , la petite localité à maisons de planches coiffées de leurs toits de tôle ondulée où mon train avait croisé celui qui descendait à Matadi , je demeurais tout abattu sur ma banquette par le poids des deux journées à vivre prévues pareilles , qui se trouvaient là devant moi à nouveau .",
                  "id": "6",
                  "title": "L'isolement (6e édition) / Bernard Combette"
            },
            {
                  "doc_url": "https://gallica.bnf.fr/ark:/12148/bpt6k315606b",
                  "emotions": [
                        "surprise"
                  ],
                  "excerpt": "■ \" C - o ’ ü Ncgra y hermosa .J ’ ai vu de longs yeux bleus comme ceux des archanges , Des yeux noirs qui jetaient en effluves étranges Le reflet de leurs feux .Mais jamais , parcourant la Grèce ou 1 Italie , — 52 Je ne vis tant de flamme et de mélancolie Qu ’ au velours de vos yeux .",
                  "id": "7",
                  "title": "Simple album, recueil de poésies, par M. le chevalier de Lorde"
            },
            {
                  "doc_url": "https://gallica.bnf.fr/ark:/12148/bpt6k5842892n",
                  "emotions": [
                        "surprise",
                        "grief",
                        "disgust",
                        "anger",
                        "fear",
                        "annoyance",
                        "disapproval"
                  ],
                  "excerpt": ".En ce moment , une forte odeur de rose arrive jusqu ' à nous , et Rosette s ' écrie : — Diable , elle en porte des odeurs , cette dame - là ..",
                  "id": "8",
                  "title": "Une gaillarde / Ch.-Paul de Kock"
            },
            {
                  "doc_url": "https://gallica.bnf.fr/ark:/12148/bpt6k165960v",
                  "emotions": [
                        "surprise"
                  ],
                  "excerpt": "Il existe d ' autres espèces d ' airs méphitiques , tels que ceux qui se dégagent des puits d ' une grande profondeur , des caves et des fours à chaux ; leur action n ' est pas moins dangereuse .Ce n ' est pas l ' odeur de celui des fosses d ' aisances : l ' action est plutôt étourdissante ; elle provoque la somnolence , l ' ivresse , et enfin la défaillance .On rappelle promptement à la vie les asphyxiés de cette espèce , et cela en les exposant à l ' instant même à l ' air libre , en les aspergeant avec de l ' eau fraîche ou avec du vinaigre , et surtout en leur faisant avaler du café pur .",
                  "id": "9",
                  "title": "Médecine homoeopathique domestique, par le Dr C. Hering... avec addition des Drs Goullon, Gross et Staph... Traduit de l'allemand sur la 5e édition par la \"Gazette homoeopathique de Bordeaux\", publiée par le docteur Léon Marchant (3e éd.)"
            },
            {
                  "doc_url": "https://gallica.bnf.fr/ark:/12148/bpt6k5769660g",
                  "emotions": [
                        "surprise",
                        "doubt",
                        "pain"
                  ],
                  "excerpt": "Il est cependant une affection avec laquelle on a pu le confondre , du moins à cette période : c ' est un corps fibreux du col , ou un polype du corps arrêté par un étranglement ou des adhérences au niveau du museau de tanche dilaté et effacé , lorsque ce corps fibreux a été altéré par une décomposition spontanée ou par des applications intempestives de caustiques .Hémorrhagies , écoulement fétide , aspect fongueux et sphacélé du néoplasme , tout concourt alors à la confusion ; la malade , épuisée ' o C .IL STRATZ .",
                  "id": "10",
                  "title": "Traité de gynécologie clinique et opératoire / par S. Pozzi,..."
            },
            {
                  "doc_url": "https://gallica.bnf.fr/ark:/12148/bpt6k97477251",
                  "emotions": [
                        "surprise",
                        "disgust",
                        "fear"
                  ],
                  "excerpt": "Leur forme gracieuse et leurs vives couleurs , Et cette fraîcheur printanière , Dont la brise en avril urne en tous lieux la terre , Du solstice brûlant affrontaient les ardeurs Et les flots dévorants d ' un torrent de lumière .Cet éclat , ces parfums , offensèrent les yeux D ' un vil et noir serpent caché sons la verdure ; Contre elles dirigeant le venin dangereux De son souffle empesté , de son haleine impure Il prétendit ternir cet éclat précieux ; Mais soudain , contre lui , dardant du haut des cieux Les rayons bienfaisants d ' une bénigne flamme , Le soleil protégea l ' ornement de ces lieux Et contraignit ce monstre infâme A fuir , triste et confus , vers son repaire affreux .Dans tous les temps , hélas ! l ' horrible calomnie Distilla son venin sur la plus belle vie ; Mais tôt ou tard aussi , la céleste clarté Du soleil de la vérité Dissipe les vapeurs dont elle est obscurcie .",
                  "id": "11",
                  "title": "Les hallucinations de mon ami Pamphemius / par Martin Chedeau"
            },
            {
                  "doc_url": "https://gallica.bnf.fr/ark:/12148/bpt6k54239684",
                  "emotions": [
                        "surprise"
                  ],
                  "excerpt": "Citons un fait pour prouver l ' action des gaz miasmatiques sur notre économie .En 1806 , au mois d ' août , exerçant , la médecine à Bayonne , je fus frappé subitement d ' une odeur putride , infecte , des plus pénétrante ; odeur que Ton peut comparer aux vomissemens et à l ' expectoration purulente et toute particulière , d ' un phtisique prêt à succomber .On écuroit alors , non loin de chez moi , une étable ( 9 ) spacieuse dans laquelle on avait nourri pendant plusieurs années des cochons , dont le fumier n ' avait pas été enlevé depuis ce long espace de temps .",
                  "id": "12",
                  "title": "Essai sur le choléra asiatique / par M. Poumier,..."
            },
            {
                  "doc_url": "https://gallica.bnf.fr/ark:/12148/bpt6k97477251",
                  "emotions": [
                        "surprise",
                        "disgust",
                        "fear",
                        "nervousness"
                  ],
                  "excerpt": "9 Je jetai d ' abord les yeux sur le côté où je vis éc rit en caractère de feu le mol ÉGOÏSME .Au premier coup d ' œil mon cœur se serra si fortement que je crus qu ' il était réduit à sa plus simple expression ; puis un froid subit circula dans tous mes membres , puis une odeur infecte et nauséabonde , comme d ' ordures , de saletés , de vomissements vineux , d ' incendie , de sang et de carnage , s ' exhala de la surface du miroir .Je fis une grimace épouvantable , et je regardai ma bonne vieille comme pour lui dire que je n ' aurais jamais la force et le courage de fixer mes regards sur ce que le miroir allait me représenter ; mais du doigt et de l ' œil elle nie fit un signe impératif , et je lui obéis .",
                  "id": "13",
                  "title": "Les hallucinations de mon ami Pamphemius / par Martin Chedeau"
            },
            {
                  "doc_url": "https://gallica.bnf.fr/ark:/12148/bpt6k96183677",
                  "emotions": [
                        "surprise",
                        "anger",
                        "nostalgia",
                        "doubt",
                        "amusement",
                        "embarrassment"
                  ],
                  "excerpt": "( Car sait - on jamais , après s ' être donné tant de mal pour conquérir un petit cœur , ce que l ' on va trouver autour ) .Je roule ma tête comme un vers de Verlaine — ah ! — les aréoles des seins jaillis ! Et vous avez trente , trente - deux ans ? C ' est pas vrai ! Quelle chose stupide l ' âge ! Oh , ce parfum qui vient ! Il n ' y a pas à dire ; faut employer le mot « enivrant » .— Je t ' aime .",
                  "id": "14",
                  "title": "Penses-tu réussir ? ou les Diverses amours de mon ami Raoul de Vallonges / par Jean de Tinan"
            },
            {
                  "doc_url": "https://gallica.bnf.fr/ark:/12148/bpt6k65728385",
                  "emotions": [
                        "surprise",
                        "doubt",
                        "curiosity"
                  ],
                  "excerpt": "L ' effet est saisissant ; mais il vient de là un vent terrible , qui , joint au froid du carrelage , à la lumière blafarde tombant des soupiraux au ras de terre , effraie pour le bien - être des enfants .Que voulezvous ? On a été obligé d ' installer la Nursery dans cet endroit insalubre à cause des nourrices champêtres et capricieuses habituées au sans - gêne de l ' étable ; il n ' y a qu ' à voir les mares de lait , les grandes flaques rougeâtres séchant sur le carreau , qu ' à respirer l ' odeur âcre qui vous saisit en entrant , mêlée de petit - lait , de poil mouillé et de bien d ' autres choses , pour se convaincre de cette absolue nécessité .La pièce est si haute dans ses parois obscures que les visiteurs , tout d ' abord , ont cru la nourricerie déserte .",
                  "id": "15",
                  "title": "Le Nabab : moeurs parisiennes / Alphonse Daudet"
            },
            {
                  "doc_url": "https://gallica.bnf.fr/ark:/12148/bpt6k5682328c",
                  "emotions": [
                        "surprise",
                        "embarrassment"
                  ],
                  "excerpt": "J ' épargnerai les inutiles détails de ma toilette et ne tiendrai note que d ' un seul ; c ' est que Wisby me fit dénouer le cordon qui ras - 124 LE DOCTEUR ROUGE .semblait mes cheveux , dont les larges boucles s ' étalèrent alors sur mes épaules , puis lui - même me présentant un parfum particulier , me pria de les oindre avec cela .— Allons - nous au sabbat ? demandai - je .",
                  "id": "16",
                  "title": "Le docteur rouge. Tome 2 / par Jean Lafitte,..."
            },
            {
                  "doc_url": "https://gallica.bnf.fr/ark:/12148/bpt6k9811536p",
                  "emotions": [
                        "surprise"
                  ],
                  "excerpt": "Malgré ce beau temps , nous éprouvâmes ce même jour encore une tempête qui nous fut .présagée par un singulier phénomène : les vigies crièrent du haut des mâts qu ' elles sentaient des vapeurs brûlantes , semblables à celles de la bouche d ' un four , qui passaient comme des bouffées et se succédaient d ' une demi - minute à l ' autre .Tous les officiers montèrent au haut des mâts et éprouvèrent la même chaleur .",
                  "id": "17",
                  "title": "Voyage de Lapérouse : rédigé d'après ses manuscrits originaux, suivi d'un appendice renfermant tout ce que l'on a découvert depuis le naufrage jusqu'à nos jours, et enrichi de notes par M. de Lesseps,... seul débris vivant de l'expédition dont il était interprète..."
            },
            {
                  "doc_url": "https://gallica.bnf.fr/ark:/12148/bd6t5370021b",
                  "emotions": [
                        "surprise",
                        "sadness",
                        "disgust",
                        "doubt",
                        "curiosity",
                        "embarrassment"
                  ],
                  "excerpt": "Heureusement , je sais que c ’ est d ’ une pipe en sucre rouge qu ’ il s ’ agit , et de cela je n ’ ai , comme vos mamans , qu ’ à rire .Oh ! si c ’ était une pipe de terre ! une de ces véritables pipes qu ’ on ne croque pas , mais dans lesquelles on fume du tabac , je ne rirais plus ; j ’ aurais bien plutôt envie de pleurer ! Vous ne savez pas , mes pauvres petits , ce que c ’ est que le tabac , avec lequel sont faits ces frisons bruns , dont l ’ odeur pique l ’ odorat , dont le goût est affreux , et qui tachent en jaune l ’ extrémité des doigts comme si on avait épluché des noix vertes .Vous ne le savez pas ? Eh bien , je vais vous le dire , parce que je vous aime , et que je veux , dès votre jeune âge , vous apprendre la vérité : le tabac , mes pauvres enfants , c ’ est du poison ! .",
                  "id": "18",
                  "title": "Lectures et travail pour les enfants et les mères (3e édition) / par Mme Pape-Carpantier et ses filles..."
            },
            {
                  "doc_url": "https://gallica.bnf.fr/ark:/12148/bpt6k9822426j",
                  "emotions": [
                        "surprise",
                        "disgust",
                        "fear",
                        "nervousness"
                  ],
                  "excerpt": "Les yeux de la Hyène brillent la nuit d ' un éclat sinistre ; son corps mal fait , son allure ignoble et sa toison dégoûtante achèvent de la rendre hideuse .L ' odeur qu ' elle exhale est infecte : son aspect inspire l ' effroi .Sauvage et vorace , elle vit de chairs qu ' elle laisse pourrir avant d ' y toucher , et lorsque les basses - cours , où elle s ' introduit la nuit , pour tout détruire , ne lui ont pas procuré une récolte assez abondante , eL quand sa chasse dans les bois , oit elle attaque les pan - thères et le lion , a été infructueuse , on la voit s ' introduire furtivement dans les cimetières , y creuser la terre avec acharnement jusqu ' au fond des tombeaux et en arracher les cadavres .",
                  "id": "19",
                  "title": "Histoire naturelle à l'usage des femmes et des jeunes personnes (3e édition) / par madame Achille Comte,..."
            },
            {
                  "doc_url": "https://gallica.bnf.fr/ark:/12148/bpt6k5450758z",
                  "emotions": [
                        "surprise",
                        "boredom",
                        "nervousness"
                  ],
                  "excerpt": "— 2l5 — II Mais voici qu ' au moment où le soleil s ' incline , Un vent léger s ' épand par - dessus la colline , Dernier et doux adieu que le jour , exilé , Fait courir sur le sol , comme un soupir ailé .Tout s ' émeut et s ' agite au souffle de la brise ; En son demi - sommeil la bruyère , surprise , Inonde tout à coup de ses âpres senteurs Les agneaux indolents couchés parmi les fleurs .Un long frémissement court , d ' abord , sur la cime Des arbres endormis que ce souffle ranime , Puis un bruit sourd , semblable au murmure des mers , Envahit doucement les grands espaces verts .",
                  "id": "20",
                  "title": "Rêves et réalités / par Maurice Trubert"
            }
      ]
}