{
      "articles": [
            {
                  "doc_url": "https://gallica.bnf.fr/ark:/12148/bpt6k58217414",
                  "emotions": [
                        "surprise"
                  ],
                  "excerpt": "— Je lui rendis le médaillon sans rien dire , mais il sentit mamain tremblerenluiremettantcet objet .— Toutàcoupun parfum subtil et qui m ' était inconnu se répandit dans l ' air , et comme je levais les yeux , cherchant avec surprise d ' où pouvait venir cette odeur pénétrante , j ' aperçus Edouard qui tenait à la main la boucle de cheveux qu ' il venait de me montrer enfermée dans le médaillon - cassolette .— Edouard alla ouvrir une fenêtre qui donnait sur la rue , et jeta au vent le souvenir dont la vue m ' avait fait tressaillir ' malgré moi .",
                  "id": "1",
                  "title": "Le pays latin / par Henry Murger"
            },
            {
                  "doc_url": "https://gallica.bnf.fr/ark:/12148/bpt6k9765020g",
                  "emotions": [
                        "surprise"
                  ],
                  "excerpt": "L ' Étain a presque la blancheur de l ' argent , mais il perd bientôt son éclat au contact de l ' air .Il n ' a que cinq fois le poids de l ' eau ; il développe une odeur désagréable , quand on le frotte , et produit un cri , quand on le tord .La Nature ne le présente jamais à l ' état complet de pureté .",
                  "id": "2",
                  "title": "Histoire naturelle dans ses applications géographiques, historiques et industrielles (6e édition) / par Paulin Teulières,..."
            },
            {
                  "doc_url": "https://gallica.bnf.fr/ark:/12148/bpt6k992550t",
                  "emotions": [
                        "surprise"
                  ],
                  "excerpt": "Il revint sur ses pas , et voulut cette fois visiter l ’ église ; il ne put entrer , la porto était fermée .Il fit une station , séduit par le parfum enivrant des acacias en pleine floraison .Les fenêtres cintrées de l ’ église s ’ allumaient de feux changeants , mêlant les couleurs du rubis et du saphir à celles du diamant et de la topaze .",
                  "id": "3",
                  "title": "Leo / par Henry de Braisne"
            },
            {
                  "doc_url": "https://gallica.bnf.fr/ark:/12148/bpt6k76973j",
                  "emotions": [
                        "surprise"
                  ],
                  "excerpt": "I ) est impossible de ne pas reconnaître tout de suite un enfant qui est resté putréné dans ta matrice .Ce n ' est pas , comme d ' habitude , ! e goanement des parties molles , le détachement de i ' épiderme , la couleur verdAtre , l ' odeur infecte que l ' on rencontre sur ces cadavres .I ) se produit par la macération dans t ' eau de t ' amnios , une putréfaction toute particulière impossible à méconnaître .",
                  "id": "4",
                  "title": "Traité pratique de médecine légale. Tome 2 / rédigé d'après des observations personnelles, par J. L. Casper,... ; traduit de l'allemand sous les yeux de l'auteur par Gustave-Germer Baillière"
            },
            {
                  "doc_url": "https://gallica.bnf.fr/ark:/12148/bpt6k63555848",
                  "emotions": [
                        "surprise"
                  ],
                  "excerpt": "Laissons - le nous raconter lui - même ce qu ' il éprouva en ce moment .— « Surpris tout d ' abord , je regarde autour de « moi s ' il n ' y avait pas quelque vase de fleurs , a mais l ' odeur qui m ' arrive est si suave , si péné « trante ; elle parfume tellement mes sens , « mon cœur surtout en est si délicieusement cc embaumé , que je ne puis méconnaître les éma « nations de la bonne et douce Marie .« Alors mon âme se fond de bonheur , mes yeux « se remplissent de larmes qui coulent en abon « dance .",
                  "id": "5",
                  "title": "La Vénérable sœur Benoîte, du tiers-ordre de saint Dominique, ou Cinquante-quatre ans d'apparition de la très sainte Vierge à la pieuse bergère du Laus (Nouv. éd...) / par l'abbé H.-C. Adrien Juge,..."
            },
            {
                  "doc_url": "https://gallica.bnf.fr/ark:/12148/bpt6k5613350k",
                  "emotions": [
                        "surprise",
                        "doubt",
                        "curiosity"
                  ],
                  "excerpt": "En retour Lamartine lui écrivit : Esprit de bonne humeur et gaieté sans malice Qui , même en le grondant , badine avec le vice , Et qui , levant la main , sans frapper jusqu ' aux pleurs , Ne fustige les sots qu ' avec un fouet de fleurs On dit que d ' écrivain tu t ' es fait jardinier , Que ton âne au marché porte un double panier ; MADAME DE LAMARTINE .Qu ' en un carré de fleurs ta vie a jeté l ' ancre , Et que lu vis de thym au lieu de vivre d ' encre ? On dit que d ' Albion la vierge au front vermeil Qui vient , comme à Baïa , fleurir à ton soleil , Achetant tes primeurs de la rosée écloses , Trouve plus de velours et d ' haleine à tes roses ? Je le crois : dans le miel plante et goût ne sont qu ' un ; L ' esprit du jardinier parfume le parfum ., Est - on déshonoré du métier qu ' on exerce ? Abdolonyme roi fit ce riant commerce .",
                  "id": "6",
                  "title": "Madame de Lamartine / par Armand Lebailly ; eau-forte par G. Staal"
            },
            {
                  "doc_url": "https://gallica.bnf.fr/ark:/12148/bpt6k900286",
                  "emotions": [
                        "surprise"
                  ],
                  "excerpt": "Lorsqu ' on le .tient quelque temps dans les mains , il leur communique une odeur d ' ail ; la même odeur se produit , mais beaucoup plus forte sous le choc du marteau ; chauffé au chalumeau et a la ilamme intérieure , il so volatilise en donnant des vapeurs Manclu - t ) et l ' odeur d ' ail caractéristique .L ' arsenic natif so reconnaît aisément par ses caractères , et il est rarement utile d ' en faire une analyse .",
                  "id": "7",
                  "title": "Docimasie : traité des substances minérales à l'usage des ingénieurs des mines et des directeurs de mines et d'usines. Métalloïdes / par L. -E. Rivot,..."
            },
            {
                  "doc_url": "https://gallica.bnf.fr/ark:/12148/bpt6k98223993",
                  "emotions": [
                        "surprise",
                        "doubt",
                        "curiosity"
                  ],
                  "excerpt": "Il a tousiours quelques - unes de * les branches , & quelquefois la moitié de l ' arbre tout pour - ry , ic reste demeurant verdoyant , & le cœur incorruptible , & de ' tres - bonne odeur .Tout cet arbrisseau cft ' remply d ' une gomme graMe , qui le fait brusler comnie , une chandelle , d ' où ! vient qu ' il en a pris le nom j estantallunié ' lagomme brune comme de l ' huile , & exhale une odeur fort suave .Plus le ' bois est vieil , & plus il fient bon ; l - aubiern ' efl jamais de fit bonne odeurique le cœur .",
                  "id": "8",
                  "title": "Histoire générale des Antilles habitées par les François. Divisée en deux tomes. Et enrichie de cartes & de figures. Tome II. Contenant tout ce qu'il s'est passé dans l'establissement des colonies françoises. Par le R. P. Du Terte.... Tome 2"
            },
            {
                  "doc_url": "https://gallica.bnf.fr/ark:/12148/bpt6k64885366",
                  "emotions": [
                        "admiration",
                        "surprise",
                        "desire",
                        "excitement",
                        "gratitude",
                        "envy",
                        "curiosity"
                  ],
                  "excerpt": "Tout aussitôt , pour cette fleur nouvelle , Son diable de nez lui tourna la cervelle , Oui , vraiment , lui tourna la cervelle .Mon amateur court , et bientôt , Voyant la fleur , s ' écrie : Oh ! oh ! Vite , donnez - moi la charmante ; Que son odeur est enivrante L , .Et puis , surtout , vous , m ' assurez Que personne n ' y mit le nez ? .",
                  "id": "9",
                  "title": "Poésies, chansons"
            },
            {
                  "doc_url": "https://gallica.bnf.fr/ark:/12148/bpt6k3061982h",
                  "emotions": [
                        "surprise"
                  ],
                  "excerpt": "Ce fruit est une baie globuleuse de la grosseur d ’ un grain de poivre , enveloppée à la base par le calice de la fleur .Son odeur est aromatique et un peu stupéfiante .— Inusité .",
                  "id": "10",
                  "title": "L'officine, ou Répertoire général de pharmacie pratique / par Dorvault,..."
            },
            {
                  "doc_url": "https://gallica.bnf.fr/ark:/12148/bpt6k5804479x",
                  "emotions": [
                        "surprise",
                        "sadness"
                  ],
                  "excerpt": "i / p votre charme , qui excusera votre tentation ? J ' étais vraiment ivre de jeunesse , de bonheur et d ' amour , et Paul surexcité par quarante - huit heures de lutte , gagné par ma confiance , étourdi par notre tête - à - tête , vaincu peut - être par un de ces retours de passion d ' autant plus terribles qu ' ils ont été plus contenus , Paul ne l ' était pas moins que moi .Minuit avait sonné ; la lampe crépitait fumeuse et trouble , l ' atmosphère était lourde des émanations du souper et de l ' odeur aromatique des sarments et du sapin brûlés , la langueur s ' emparait de moi , l ' emportement de lui , nous ne songions pas encore à nous séparer , et qu ' est - ce qui nous attendait pourtant , sinon l ' irréparable ! De violents coups à la porte de la cour et des cris nous firent tressaillir .Une fenêtre s ' ouvrit ; nous entendîmes confusément un colloque assez vif entre l ' arrivant et l ' un des domestiques , puis une clef qu ' on tourna , puis une porte qui se referma .",
                  "id": "11",
                  "title": "Méline / Louisa Siefert"
            },
            {
                  "doc_url": "https://gallica.bnf.fr/ark:/12148/bpt6k61410018",
                  "emotions": [
                        "admiration",
                        "surprise",
                        "joy",
                        "optimism",
                        "excitement"
                  ],
                  "excerpt": "et son oeil , Qui cherchait des lauriers , n ' y trouva qu ' un cercueil .Mais déjà la brillante aurore De pourpre et d ' or enrichit l ' orient ; Sur ce rivage si riant Tout s ' harmonie et se colore , Tout emprunte la vie au brillant météore ; Et , comme par enchantement , Le bocage s ' éveille , une brise légère Jette dans le vallon son parfum enivrant , Et le fantôme , au sein de la lumière , S ' évanouit subitement .Esprit fatal et sombre , aimable et gracieux , Brûlant débris du choc de l ' enfer et des cieux ; L ' OMBRE DE BYRON .",
                  "id": "12",
                  "title": "Les Brises d'automne, poésies fugitives, par M. le Cte J. S. Ilinski,..."
            },
            {
                  "doc_url": "https://gallica.bnf.fr/ark:/12148/bpt6k803980",
                  "emotions": [
                        "surprise"
                  ],
                  "excerpt": "Mauvais sommeil morose de décavé où le cerveau fermente et travaille , où les traits dévastés prennent par instants une expression angoisseuse qui navre , où le front se sillonne et se creuse , où les lèvres déformées , pendantes , blêmies par toute la procession des nuits blanches , mâchonnent on ne sait quelles prières affolées , quelles mornes insultes Songe - t - il – le pauvre diable - qu ' il est trop tard pour enrayer , qu ' il touche presque à l ' impasse boueuse où , les poches vides , les reins cassés par l ' éternelle noce , l ' on n ' a lus a res - source suprême d ' accepter n ' importe quelle besogne malpropre ' , de s ' accrocher aux jupes de vieilles cocottes hystériques , de vendre son nom aux banques véreuses ou de se faire sauter le caisson crânement dans un coin d ' ombre où l ' on ne vous retrouvera pas ? Songe - t - il que , demain peut - être , son tailleur la seule porte encore ouverte lui réglera son compte comme les autres et qu ' il faudra alors renoncer même aux saluts de l ' allée des Décavés , disparaître , se cacher parce qu ' on n ' a plus de linge , parce que la redingote s ' encrasse et s ' use , parce qu ' on n ' ose plus se regarder dans une glace ? Songe - t - il aux batailles qu ' il livre chaque matin à ses créanciers , aux dettes criardes , aux grossières invectives dont on l ' accable quelquefois comme un voleur ? Songe - til qu ' il en sera réduit bientôt à déserter le cercle , où il doit au ^ gérant , aux croupiers , aux valets , même aux grooms , qui ouvrent et ferment les voilures , à se réfugier comme son ami Tom Shelley dans une salle d ' armes ? Revoit - il comme en un mirage décevant le château héréditaire , les forêts , les étangs , le parc seigneurial qu ' il a mangés goulnment , qui se sont fondus entre ses mains en si peu de mois ? Sent - il lui remonter au cœur et aux lèvres , comme une nausée de dégoût , la haine de la grande ville canaille qui l ' a vidé , roulé , ratissé si vite , et aussi le regret de n ' être pas resté au gîte comme les braves gens dont les portraits armoriés s ' alignaient ^ là - bas le long des boiseries ternies par les siècles , de ne pas s ' être marié tout bêtement et de n ' avoir pas vécu d ' une existence tranquille , heureuse , sans secousses et sans nostalgies ? Et , tout à coup réveillé par le froid qui coule des fenêtres ouvertes au large , il soupire , toussotte trois ou quatre fois , se redresse et , les paupières encore fermées , croyant que la partie est interrompue , s ' écrie d ' un ton résigné Je prends la banque à vingt - cinq louis t IV LE PLUS LONG BAISER Malgré eux , épuisés par cette lassitude très douce qui brise les membres et engourdit toute la chair après les étreintes folles et les extases où l ' on croit mourir , ils s ' étaient endormis , elle , déchevelée , n ' ayant même pas relevé jusqu ' aux pointes roses des seins la chemise de batiste qui a glissé ; lui , la serrant contre sa poitrine qui palpite et se gonfle comme celle d ' un lutteur qui se repose .Et le jour les a surpris dans la chambre close où les oreillers ont roulé sur le tapis , où des serviettes mouillées s ' éparpillent çà et là contre les meubles , où traîne une odeur d ' amour subtile et grisante .Mais , quoiqu ' elle joue son bonheur peutêtre sa vie – en oubliant l ' heure , en ne se sauvant pas bien vite comme elle l ' a fait chaque nuit depuis qu ' avec tout son être et tous ses sens , elle s ' est donnée sans hésiter , sans réfléchir au lendemain , à cet homme qui l ' avait serrée plus que ses autres valseurs en dansant le « racket » , qui avait su allumer les curiosités instinctives de son coeur assoupi , la marquise de Serpenoise n ' a pas eu le courage , la force de lâcher tout de suite son joujou préféré , de se lever sans avoir encore écrasé ses lèvres contre celles de son amant , sans s ' être raidie sous les tendresses qui assoiffent comme une friandise .",
                  "id": "13",
                  "title": "Bébé Million (7e édition) / René Maizeroy"
            },
            {
                  "doc_url": "https://gallica.bnf.fr/ark:/12148/bpt6k1174131g",
                  "emotions": [
                        "surprise",
                        "doubt"
                  ],
                  "excerpt": "Il est pitoyable de voir des hommes qui semblent prendre Ja défense des intérêts du public , s ’ égarer de cette façon .Comment , vous voulez persister à vendre du vin avec un arôme désagréable parce qu ’ il est naturel ? Des eaux - de - vie défectueuses , quand vous pouvez les améliorer et rendre bon , agréable , ce qui est mauvais ? Que diriez - vous de celui qui aurait un habit mal fait , disgracieux qui le blesserait et qui ne voudrait pas le faire retoucher , travailler , sous prétexte qu ’ il en changerait la forme primitive ? Vous diriez que c ’ est un fou , et vous auriez raison .Eli bien ! le chimiste qui ne veut pas dq bouquetage des vins , ressemble en tous points à ce fou - là .",
                  "id": "14",
                  "title": "Du Travail des boissons, ou Ce qui est permis ou défendu dans la manipulation des vins, alcools, eaux-de-vie, bières, cidres, eaux gazeuses, liqueurs, kirschs, rhums, sirops, vinaigres, etc., suivi des lois, arrêts, jugements, etc., concernant cette matière, par V.-F. Lebeuf,..."
            },
            {
                  "doc_url": "https://gallica.bnf.fr/ark:/12148/bpt6k64565679",
                  "emotions": [
                        "surprise"
                  ],
                  "excerpt": "J ' étais rempli intérieurement de cet air embaumé .Ma bouche s ' ouvrit pour l ' exhaler ; elle se rouvrit pour en reprendre : je sentis que je possédais un odorat intérieur plus fin , plus délicat encore que le premier ; enfin , je goûtai .VI .",
                  "id": "15",
                  "title": "Cours gradué de dictées françaises, en texte suivi sur un plan entièrement neuf à l'usage des pensions des deux sexes : première année, partie de l'élève / par Thre Lepetit,..."
            },
            {
                  "doc_url": "https://gallica.bnf.fr/ark:/12148/bpt6k9601076q",
                  "emotions": [
                        "surprise",
                        "disgust"
                  ],
                  "excerpt": "Le cerveau étoit beaucoup > 5 plus sec qu ' à l ' ordinaire , ainsi que le com - » mencemellt de la moelle de l ' épine \\ il y a voie » au fond de l ' estomac environ trois cuillerées » de glaires d ' un brun assez foncé : le péricarde » avoit très - peu d ' eau , 8c la vésicule du fiel étoit M pleine d ' une bile presque noire .Le cadavre j > tomba promptement en putréfa & ion , & ré - » pandit une odeur très - iiïfedfce lorsqu ' il fut 9 ) ouvert » .Suivant Méad , les cadavres des personnes mortes de la rage ont présenté les phénomènes suivans .",
                  "id": "16",
                  "title": "Recherches sur la rage , par M. Andry, lues à la Société royale de médecine, le 13 décembre 1777"
            },
            {
                  "doc_url": "https://gallica.bnf.fr/ark:/12148/bpt6k3063284j",
                  "emotions": [
                        "surprise"
                  ],
                  "excerpt": "Pendant longtemps , on n ’ a considéré les fleurs que comme un ornement , une parure dont il avait plu à la nature , dans sa coquetterie , de doter les végétaux ; et la rose double , par l ’ éclat et le luxe stérile de ses nombreux pétales , a dû contribuer puissamment à l ’ entretien de ces illusions .On n ’ a jugé d ’ abord ces brillantes corolles aux formes si diverses , aux couleurs si variées , que par cette impression douce et vive qu ’ elles font naître , lorsque , dans une belle matinée de printemps , la terre étale ses richesses et que l ’ air est embaumé de parfums enivrants .L ’ homme s ’ est imaginé que toutes ces magnificences n ’ étaient sorties du néant que pour satisfaire sa sensualité .",
                  "id": "17",
                  "title": "La rose : étude historique, physiologique, horticole et entomologique / par Th.-P. Jullien,..."
            },
            {
                  "doc_url": "https://gallica.bnf.fr/ark:/12148/bpt6k5698574f",
                  "emotions": [
                        "surprise",
                        "love",
                        "nostalgia",
                        "greed",
                        "doubt"
                  ],
                  "excerpt": "Les sentiments qui sont nouveaux pour moi , tu les as déjà usés avec d ' autres .Quel sentier que tu n ' aies gravi au bras d ' un autre homme ? Quel pays où tu n ' aies traîné tes amours vénales ? Si le ciel est bleu , les campagnes riantes , l ' air tiède et parfumé , tu te rappelles Florence et Raoul ..",
                  "id": "18",
                  "title": "Les Amours de théâtre / Aurélien Scholl"
            },
            {
                  "doc_url": "https://gallica.bnf.fr/ark:/12148/bpt6k63555848",
                  "emotions": [
                        "surprise",
                        "curiosity"
                  ],
                  "excerpt": "Les braves vignerons pensent qu ' elle leur apporte des provisions .Mais quelle n ' est pas leur surprise lorsqu ' ils la voient leur distribuer des roses fraîches et parfumées ! — où donc les avaitelles prises ? — c ' était le quinze mars , et à cette saison , dans les Alpes , il y a souvent beaucoup de neige encore , mais assurément point de roses .La Sainte Vierge elle - même les lui avait données avant de la laisser sortir de la chapelle .",
                  "id": "19",
                  "title": "La Vénérable sœur Benoîte, du tiers-ordre de saint Dominique, ou Cinquante-quatre ans d'apparition de la très sainte Vierge à la pieuse bergère du Laus (Nouv. éd...) / par l'abbé H.-C. Adrien Juge,..."
            },
            {
                  "doc_url": "https://gallica.bnf.fr/ark:/12148/bpt6k6373528k",
                  "emotions": [
                        "surprise"
                  ],
                  "excerpt": "Oui , ces miasmes sont connus sous les noms vulgaires de mitte et de plomb y .ils consistent dans des gaz d ' une odeur pénétrante , qui font éprouver des picottements dans les yeux et em - pêchent de respirer .Quand on est fréquemment et longtemps soumis à leur dangereuse influence , , ils sont très - nuisibles à la santé ; ils peuvent même occasionner la mort .",
                  "id": "20",
                  "title": "Catéchisme d'hygiène populaire mise à la portée de la classe ouvrière des villes et des campagnes... / par J.-M.-A. Guillaume,..."
            }
      ]
}