{
      "articles": [
            {
                  "doc_url": "https://gallica.bnf.fr/ark:/12148/bpt6k6495146j",
                  "emotions": [
                        "surprise",
                        "nostalgia"
                  ],
                  "excerpt": "Je n ' aperçus d ' abord que des rues boueuses , des pavés mouillés , luisants sous le feu des boutiques , le rapide et continuel éclair de voitures qui se croisaient en s ' éclaboussant , une multitude de lumières étincelant comme des illuminations sans symétrie dans de longues avenues de maisons noires dont la hauteur me parut prodigieuse .Je fus frappé , je m ' en souviens , des odeurs de gaz qui annonçaient une ville où l ' on vivait la nuit autant que le jour , et de la pâleur des visages qui m ' aurait fait croire qu ' on s ' y portait mal .J ' y reconnus le teint d ' Olivier , et je compris mieux qu ' il avait une autre origine que moi .",
                  "id": "1",
                  "title": "Dominique (2e édition) / Eugène Fromentin"
            },
            {
                  "doc_url": "https://gallica.bnf.fr/ark:/12148/bpt6k9762848c",
                  "emotions": [
                        "surprise",
                        "embarrassment"
                  ],
                  "excerpt": "Son nez droit , fier et bien coupé , séparait ces - deux joues brillantes , si douces au toucher , par une ligne suave qui s ' épanouissait dans les contours de , ses narines plus diaphanes et plus tendres que des pétales d ' azalée ; .et - sa bouche baissait briller entre ses livres vermeilles deux rangées de perles humides qu ' embaumait une haleine d ' enfant .~ Elle était belle , , elle était grande , elle était souple comme un beau lis sauvage , alors que , déraciné par les pluies , il agite encore faiblement , au souffle du soir , ses blanches fleurs odorantes , et les fait palpiter au bout de sa tige frêle , entre ses feuilles échevelées .",
                  "id": "2",
                  "title": "Les quatre saisons : études d'après nature (2e éd.) / par Ernest Feydeau"
            },
            {
                  "doc_url": "https://gallica.bnf.fr/ark:/12148/bpt6k96773754",
                  "emotions": [
                        "surprise",
                        "anger",
                        "nostalgia",
                        "envy",
                        "indifference",
                        "guilt"
                  ],
                  "excerpt": "— Écoutez bien , Mars .a , reprit Menko en Retrouvant brusquement un sang - froid factice , voulu ; je vous ai dit que pour que vous soyez à moi , comme autrefois , — une seule fois , — une seule , — pour retrouver dans l ' odeur de vos cheveux le fantôme de notre amour , je serais capable de tout , oui , je le répète , de tout .Que m ' importe ! Eh bien ! les lettres que vous m ' écriviez , ces chères lettres portées à mes lèvres , trempées de mes larmes , ces lettres que j ' ai gardées malgré vos prières et vos ordres , ces lettres qui sont ma consolation , ma joie secrète , que je relis , que je retrouve , que je touche comme si „ elles étaient vous - même , je vous les rapporterai lorsque vous me direz : « Venez ! » Mais je veux .",
                  "id": "3",
                  "title": "Le prince Zilah : roman parisien (Edition définitive) / oeuvres complètes de Jules Claretie,..."
            },
            {
                  "doc_url": "https://gallica.bnf.fr/ark:/12148/bpt6k96773754",
                  "emotions": [
                        "surprise",
                        "anger",
                        "doubt"
                  ],
                  "excerpt": ".Tautin , non , la Tautin ne chantait pas ça , cher , comme cette diablesse de Stéphanie ! — Eh bien ! disait Vogotzine entre deux hoquets , avec une haleine empestée de kummel , c ' est parce que tout ça est arrivé donc , que je mène ici une vie d ' huître , oh ! parfaitement ! ..",
                  "id": "4",
                  "title": "Le prince Zilah : roman parisien (Edition définitive) / oeuvres complètes de Jules Claretie,..."
            },
            {
                  "doc_url": "https://gallica.bnf.fr/ark:/12148/bpt6k9738747n",
                  "emotions": [
                        "surprise",
                        "optimism",
                        "excitement",
                        "curiosity"
                  ],
                  "excerpt": "Thomas , les bras croisés , regardait la pâte s ' épaissir , tandis que la mignonne Anna passait son petit doigt sur le bord de la table et le suçait consciencieusement pour s ' assurer que sa maman avait mis une quantité suffisante de sucre .Tout à coup Hans , qui du coin de l ' œil observait tout ce manège , s ' écria : « Marthe , je crois bien que nous allons nous régaler , je viens de soulever le couvercle de la marmite , je me suis aperçu que tu avais taillé un fameux morceau de lard et que le chou avait un parfum qui donnerait de l ' appétit au moins valide du village .Veux - tu que j ' aille chercher la mère Gertrude ? Elle n ' a pas l ' occasion d ' avoir souvent un bon repas , elle nous contera une belle histoire pendant que les enfants mangeront les kuchlein que tu es en train de préparer .",
                  "id": "5",
                  "title": "Expiation... / M. d'Agon de La Contrie"
            },
            {
                  "doc_url": "https://gallica.bnf.fr/ark:/12148/bpt6k96117149",
                  "emotions": [
                        "surprise",
                        "disgust",
                        "doubt"
                  ],
                  "excerpt": "On ne peut trop insister sur la nécessité de tenir constamment ouvertes toutes les fenêtres , d ' en pratiquer de nouvelles lorsqu ' elles ne sont ni assez grandes , ni assez nombreuses , de les placer sur - tout de manière que , se correspondant , elles ( i ) C ' est là un des points sur lesquels j ' ai toujours vu les cultivateurs Ir moins disposés à céder .Comment se fait - il qu ' ils ne puissent comprendre ique des animaux ne peuvent jamais être sainement sur leurs excremens , que les vapeurs qui s ' en exhalent , doivent leur rendre le séjour des etabJcs insupportable , puisque la nature a donné à tous les animaux une repugnance invincible pour leurs excrémens ! l e cochon qui a la réputation d ' être le plus sale de tous , ne fiente jamais que dans l ' endroit le plus écarté de son toit .Le bœuf , le cheval ne touchent à l ' herbe qui a poussé sur leur fiente .",
                  "id": "6",
                  "title": "Recherches sur les causes des maladies charbonneuses dans les animaux , leurs caractères, les moyens de les combattre et de les prévenir, par F.-H. Gilbert,..."
            },
            {
                  "doc_url": "https://gallica.bnf.fr/ark:/12148/bpt6k1164516w",
                  "emotions": [
                        "surprise",
                        "disgust",
                        "annoyance"
                  ],
                  "excerpt": "Paré coquettement , musqué et laissant après lui dans les allées une odeur de lavande et d ’ ambre , l ’ élégant vieillard , foulant le gazon d ’ un pied leste , courut aux charmilles derrière lesquelles s ’ était caché son compagnon de voyage .Mais à la vue autant qu ’ à l ’ odeur de la fumée bleuâtre qui , montant en spirales , s ’ échappait à travers les feuilles , il s ’ arrêta brusquement , toussa , respira son flacon d ’ eau nom - pareille et s ’ écria avec humeur : — Quelle détestable habitude vous avez là , mon digne ami ! hum ! hum ! On se croirait vraiment sur le pont d ’ un vaisseau de guerre ! — J ’ ai contracté ce défaut , devenu depuis un besoin , au service du .roi , mais , s ’ il vous blesse , dit doucement le chevalier Roze , je m ’ en corrigerai , tant que j ’ aurai l ’ honneur du moins de votre compagnie .",
                  "id": "7",
                  "title": "La Peste de Marseille, par Mary Lafon"
            },
            {
                  "doc_url": "https://gallica.bnf.fr/ark:/12148/bpt6k6365444p",
                  "emotions": [
                        "surprise"
                  ],
                  "excerpt": "Les plus inexpérimentés ont mis le sucre , et un peu d ' eau .« Ca sent les pommes ! » s ' est écrié Louis tout d ' un coup .Nous avons mangé la compote , à goûter , dans nos assiettes en papier .",
                  "id": "8",
                  "title": "Du grain de blé jusqu'au pain : plusieurs suites de causeries, travaux manuels, chants et jeux, pour les enfants de 3 à 6 ans / par Mme Robert Hertz,... et Mme Louis Trouillon ; chansons harmonisées par M. L. Pereyra..."
            },
            {
                  "doc_url": "https://gallica.bnf.fr/ark:/12148/bpt6k6365444p",
                  "emotions": [
                        "surprise",
                        "fear",
                        "nostalgia",
                        "doubt",
                        "nervousness"
                  ],
                  "excerpt": "Pourtant , nous retrouvons quelquefois les émotions qu ' ont dû éprouver nos ancêtres en s ' approchant du foyer ardent .Qui de nous , se trouvant perdu dans un pays solitaire , par le mauvais temps ou à la nuit tombante , n ' a senti son cœur battre en voyant monter vers le ciel une petite spirale de fumée bleue , ou en sentant l ' odeur du bois qui brûle ? Qui ne s ' est , alors , senti confiant tout d ' un coup ? Il y a un feu , c ' est - à - dire des hommes , la perspective de sécher ses vêtements , d ' avoir une bonne soupe chaude , de n ' être plus seul , errant .« La flamme est gaie .",
                  "id": "9",
                  "title": "Du grain de blé jusqu'au pain : plusieurs suites de causeries, travaux manuels, chants et jeux, pour les enfants de 3 à 6 ans / par Mme Robert Hertz,... et Mme Louis Trouillon ; chansons harmonisées par M. L. Pereyra..."
            },
            {
                  "doc_url": "https://gallica.bnf.fr/ark:/12148/bpt6k6365444p",
                  "emotions": [
                        "surprise",
                        "amusement",
                        "curiosity"
                  ],
                  "excerpt": "Une chaude et bonne odeur de farine emplit tout le vieux moulin .J ' en fais la réflexion au meunier qui d ' un air un peu narquois me dit : « C ' est cette odeur qui attire les rats qui font tant de ravages , rongeant jusqu ' à la soie du blutoir ! Heureusement que dans les peupliers voisins nous avons des chouettes qui leur font bonne chasse ! .TRAVAIL AVEC LES ENFANTS Première causerie : Nous observons encore une fois le grain de blé .",
                  "id": "10",
                  "title": "Du grain de blé jusqu'au pain : plusieurs suites de causeries, travaux manuels, chants et jeux, pour les enfants de 3 à 6 ans / par Mme Robert Hertz,... et Mme Louis Trouillon ; chansons harmonisées par M. L. Pereyra..."
            },
            {
                  "doc_url": "https://gallica.bnf.fr/ark:/12148/bpt6k65914k",
                  "emotions": [
                        "surprise"
                  ],
                  "excerpt": "Mais oui , mo tëpondit Simone en riant , < ! t tu verras que noua y serons adorablement .Nous faisons une toitetto sommaire , et à la sortie nous trouvons , datM t ' escaUcr , tous t ~ parents venus jusqu ' à la porte pour renith ' r tes parfums que nous avions mis dans notn ' eau .C ' est - H du BuMy ? Non , ce n ' est pa ~ du Bully , c ' est de la peau d ' Espagne .",
                  "id": "11",
                  "title": "Le chic et le chèque (3e édition) / Richard O'Monroy"
            },
            {
                  "doc_url": "https://gallica.bnf.fr/ark:/12148/bpt6k9743131f",
                  "emotions": [
                        "admiration",
                        "surprise"
                  ],
                  "excerpt": "C ' est , par les campagnes , les théones des processions et des cortèges : sur le sillage des voilures féminines les flots capiteux des parfums distillés en famille traînent dans l ' air en vain éventeur .Et puis , les émanations de la terre mouillée , le musc , la soie écrue ; le sol africain , là - dessous , n ' est plus qu ' un vaste encensoir d ' un seul tenant , d ' où , vers la Création , s ' élance une éloquente action de grâces toute de parfum ! Et sixièmement la lumière : L ' éclat du jour ; la neige des voiles , les flots écumants des burnouss , la pâleur des tombes et des minarets , du mur d ' en face et de la pâtisserie nationale , des ciels et des prés et des flots moutonneux .Et des fleurs de pêcher .",
                  "id": "12",
                  "title": "Les Annales coloniales : revue mensuelle illustrée / directeur-fondateur Marcel Ruedel"
            },
            {
                  "doc_url": "https://gallica.bnf.fr/ark:/12148/bpt6k107923q",
                  "emotions": [
                        "surprise",
                        "grief",
                        "fear",
                        "nervousness",
                        "pain"
                  ],
                  "excerpt": "Et pourtant , c ' est un feu qui passe , La chair de femme sèche ou grasse DE LA MÊME A LA MÊME Le souvenir d ' un rêve à chaque instant m ' arrive Comme un remords subtil à la fois acre et cher , Et pour me soulager il faut que je t ' écrive Le redoutable aveu qui fait frémir ma chair Sur les bords d ' un lac pur où se baignaient des Anges , Dans un paradis vert plein d ' arbres qui chantaient Des airs mystérieux sur des rythmes étranges , Jo regardais le ciel où mes soupirs montaient .Les arômes des Ileurs s ' exhalant par bouffées , Le mutisme du lac et les voix étouffées Des sylphides nageant près des séraphins nus , Tout me criait « L ' amour à la fin l ' a conquise ! » Soudain , mon coeur sentit des frissons inconnus , Kl tout mon corps s ' emplit d ' une douleur exquise ! LES DRAPEAUX A Joseph Vznnne .Les chevelures des amantes Sont de luxurieux drapeaux Toujours flottanls , toujours dispos Pour célébrer les chairs pAmantcs .",
                  "id": "13",
                  "title": "Les névroses : les âmes, les luxures, les refuges, les spectres, les ténèbres / Maurice Rollinat ; avec un portr. de l'auteur par F. Desmoulin"
            },
            {
                  "doc_url": "https://gallica.bnf.fr/ark:/12148/bpt6k689776",
                  "emotions": [
                        "surprise",
                        "nervousness"
                  ],
                  "excerpt": "Maintenant , dit Priyamvada à Volme range , penchez votre visage sur cette coupe et plongez votre regard dans Feau qu ' elle contient avec toute la fixité dont ir ~ ns serez capable , pendant que je vais prononcer les paroles magiques et faire l ' appel aux puissances mystérieuses .Rien ne ressemblait moins aux sorcelleries ordinaires que cette scène ; poin ~ de caverne , point de taudis , point de crapaud familier , pas de chat noir , pas de grimoire graisseux une salle vaste et splendide , une coupe d ' eau claire , des parfums et une jeune fille charmante il n ' y avait là rien de bien effrayant , ~ t pourtant ce ne fut pas sans un certain battement de cœur que Volmerange s ' inclina sur la coupe .L ' inconnu alarme toujours un peu , sous quelque forme qu ' il se présente .",
                  "id": "14",
                  "title": "Partie carrée / Théophile Gautier"
            },
            {
                  "doc_url": "https://gallica.bnf.fr/ark:/12148/bpt6k663025",
                  "emotions": [
                        "surprise",
                        "pride"
                  ],
                  "excerpt": "Cependant , peu à peu , on revenait de la campagne ; les maisons rouvraient sur les rues leurs volets fermés , et la vie mondaine reprenait graduellement ; Bob Gûlop / en petit jeune homme bien pensant et de bon milieu , refit quelques visites , et absorba , de - ci , de - là quelques tasses d ' eau chaude à d ' élégants five o ' e ! oc / c tea .Or , à l ' un de Ces / ~ e o ' c ~ oe ~ , il reçut le coup de foudre , en se voyant tendre , dans une tasse du Japon , le mélange odorant , par la main fine .et fuselée de la plus jolie Russe qu ' on pût rêver , mademoiselle Sacha Trajowska .",
                  "id": "15",
                  "title": "Aux bords du Tendre / Richard O'Monroy"
            },
            {
                  "doc_url": "https://gallica.bnf.fr/ark:/12148/bpt6k5489186t",
                  "emotions": [
                        "surprise"
                  ],
                  "excerpt": "Je n ' écoutai point ce qu ' il répondit ; car trois ou quatre jeunes garçons , enfants de l ' hôte , s ' approchèrent de moi dans cet instant , et , avec beaucoup de civilité , me dépouillèrent jusqu ' à la chemise .Celte nouvelle cérémonie m ' étônna si fort , que je n ' en osais pas seulement demander la cause à mes beaux valets de chambre , et je ne sais comment mon guide , qui me demanda par où je voulais commencer , put tirer de moi ces deux mots : — un potage ; mais je les eus à peine proférés , que je sentis l ' odeur du plus succulent mitonné qui frappa jamais le nez du mauvais riche .Je voulus me lever de ma place pour chercher à la piste la source de cette agréable fumée , mais mon porteur m ' en empêcha .",
                  "id": "16",
                  "title": "Oeuvres de Cyrano de Bergerac, précédées d'une notice par Le Blanc. Voyage comique dans les états de la Lune. Voyage comique dans les états du Soleil"
            },
            {
                  "doc_url": "https://gallica.bnf.fr/ark:/12148/bpt6k5489186t",
                  "emotions": [
                        "surprise"
                  ],
                  "excerpt": "En effet , sitôt que je fus à terre , ma douleur s ' en alla avant même de se peindre en ma mémoire ; et la faim , dont , pendant mon voyage , j ' avais été beaucoup travaillé , ne me fit trouver en sa place qu ' un léger souvenir de l ' avoir perdue .A peine , quand je fus relevé , eus - je observé la plus large de quatre grandes rivières qui forment un lac en s ' abouchant , que l ' esprit ou l ' âme invisible des simples qui s ' exhalent sur cette contrée , vint me réjouir l ' odorat ; et je connus que les cailloux n ' y étaient ni durs ni raboteux , et qu ' ils avaient soin de s ' amollir quand on marchait dessus .Je rencontrai d ' abord une étoile de cinq avenues , dont les arbres , par leur excessive hauteur , semblaient porter au ciel un parterre de haute futaie .",
                  "id": "17",
                  "title": "Oeuvres de Cyrano de Bergerac, précédées d'une notice par Le Blanc. Voyage comique dans les états de la Lune. Voyage comique dans les états du Soleil"
            },
            {
                  "doc_url": "https://gallica.bnf.fr/ark:/12148/bpt6k5702792z",
                  "emotions": [
                        "surprise",
                        "doubt",
                        "nervousness",
                        "embarrassment"
                  ],
                  "excerpt": "• - ' - ' , ' ' Alors , de sa petite fleur qui venait de naître , LA SEMATNE DE PARTS ÏÏ de ses pétales nacrés qui se déroulaient lentement , de son coeur qui s ' épanouissait , , la : plante étrange exhala l ' hommage de son parfum , qui montait en vapeurs légères .Le parfum troubla la Princesse .Elle se pencha sur la fleurette , jusqu ' à la frôler de ses lèvres et à l ' effleurer de son haleine .",
                  "id": "18",
                  "title": "La Semaine politique et littéraire de Paris"
            },
            {
                  "doc_url": "https://gallica.bnf.fr/ark:/12148/bpt6k54943385",
                  "emotions": [
                        "surprise",
                        "calmness"
                  ],
                  "excerpt": "Si le mot est nouveau , la chose est vieille , si vieille qu ' on en trouve déjà des descriptions — 13 — dans les récits légendaires groupés sous le nom d ' Homère .Qui ne connaît en effet les bûchers d ' Hector et de Palrocle , si complaisamment et si pompeusement décrits ; ces amas formidables de bois odorants , ces libations de vin , l ' intervention miraculeuse de Zéphyre et de Borée , le tout destiné à activer la flamme languissante du bûcher .Qui ne connaît aussi cette épouse modèle , cette Arlémise , laquelle , sous prétexte de conserver inaltérable le souvenir de son époux , Mausole , brûle son cadavre et boit ses cendres .",
                  "id": "19",
                  "title": "La crémation, ou la mort ! / par Ch. Perrinelle,..."
            },
            {
                  "doc_url": "https://gallica.bnf.fr/ark:/12148/bpt6k2037448",
                  "emotions": [
                        "surprise",
                        "disgust",
                        "disapproval",
                        "doubt"
                  ],
                  "excerpt": "Pourquoi ne pas écrire carrément Gisant , .un gros tout puant , qu ' un boucher ? .Eh , mon .",
                  "id": "20",
                  "title": "Modestes observations sur l'art de versifier / Clair Tisseur"
            }
      ]
}