{
      "articles": [
            {
                  "doc_url": "https://gallica.bnf.fr/ark:/12148/bpt6k9738744d",
                  "emotions": [
                        "admiration",
                        "surprise",
                        "amusement"
                  ],
                  "excerpt": "Le vieux grand - père , esclave heureux , pays conquis , La contemple .Cet être est ici - bas le moindre Et le plus grand ; on voit sur cette bouche poindre Un rire vague et pur qui vient on ne sait d ' où ; Comme elle est belle ! Elle a des plis de graisse au cou ; On la respire ainsi qu ' un parfum d ' asphodèle ; Une poupée aux yeux étonnés est près d ' elle , Et l ' enfant par moments la presse sur son cœur .Figurez - vous cet ange obscur , tremblant , vainqueur , L ' espérance étoilée autour de ce visage , Ce pied nu , ce sommeil d ' une grâce en bas âge .",
                  "id": "1",
                  "title": "L'art d'être grand-père / Victor Hugo"
            },
            {
                  "doc_url": "https://gallica.bnf.fr/ark:/12148/bpt6k5455232j",
                  "emotions": [
                        "surprise",
                        "grief",
                        "sadness",
                        "disgust",
                        "fear",
                        "relief",
                        "nervousness",
                        "despair"
                  ],
                  "excerpt": "Vieux chêne , prête - moi , pour goûter le sommeil , Ton ombre pleine de mystère ! 362 EN VOYAGE .Le sommeil est plus doux sur le penchant des bois ; L ' air est tout imprégné des senteurs de la sève ; La mousse où l ' on s ' endort semble cacher des voix Qui bourdonnent dans votre rêve ! Mais soudain j ' ai pâli , j ' ai reculé d ' effroi : Ah ! misère des coeurs ! ah ! vanité des choses ! Un homme s ' est tué : son corps livide et froid Gît au pied des églantiers roses ! 1850 .XXXVII CROQUIS PROVINCIAL Comment ? J ' ai pu loger jadis dans cette rue ? Et , les yeux satisfaits d ' une pareille vue , J ' avais ce coin de ciel pour unique horizon ? J ' habitais bravement cette étrange maison , Où je retrouve encor , contre l ' allée étroite , Le serrurier à gauche , et le coiffeur à droite ? J ' ai vécu là ? J ' ai pu , dans cette herbe couché , Trouver charmants les bords d ' un ruisseau desséché , Ou promener mon rêve aux talus de sa rive ? Sur cette vieille place où la patache arrive , Comme un bourgeois de race , égayant mon loisir , J ' attendais la retraite , et prenais du plaisir , 364 EN VOYAGE .",
                  "id": "2",
                  "title": "Poésies complètes, augmentées de pièces inédites.... Pages intimes. En voyage / Eugène Manuel"
            },
            {
                  "doc_url": "https://gallica.bnf.fr/ark:/12148/bpt6k5455232j",
                  "emotions": [
                        "surprise",
                        "fear",
                        "nostalgia",
                        "excitement",
                        "doubt"
                  ],
                  "excerpt": "Qui vogue au ras du sol , puis monte et disparaît .De l ' air ! Ah ! respirons ! A travers la forêt , N ' est - ce pas la senteur des genêts qui m ' arrive ? Tout un vol de corbeaux prend la fuite ; une grive Chante dans ce buisson , à l ' abri du chasseur .Que la verdure est fine ! Avec quelle douceur Juin fleurit les coteaux ! Et sur quelle palette A - t - il pris les couleurs dont il fait sa toilette ? Les tons sont vigoureux et clairs , sans crudité .",
                  "id": "3",
                  "title": "Poésies complètes, augmentées de pièces inédites.... Pages intimes. En voyage / Eugène Manuel"
            },
            {
                  "doc_url": "https://gallica.bnf.fr/ark:/12148/bpt6k76404b",
                  "emotions": [
                        "surprise",
                        "pain"
                  ],
                  "excerpt": "Ce liquide , dont l ' odeur rappelle celle du plâtre frais , peut revêtir une / ( ' ~ < 7 ~ qui témoigne de la décomposition du liquide ou de la gangrène de la cavité .L ' haleine prend alors une telle puanteur que , dans un hôpital , les malades d ' une salle entière en sont incommodés .< - ette fétidité , cruellement ~ Mcc , peut se prolonger , avec on sans rémission , pendant des mois et des années , et le malheureux qui en est an ' ecté , fuit forcément toute réuSccict .",
                  "id": "4",
                  "title": "Manuel de pathologie interne. Tome 1 / par G. Dieulafoy,..."
            },
            {
                  "doc_url": "https://gallica.bnf.fr/ark:/12148/bpt6k6533672q",
                  "emotions": [
                        "surprise",
                        "disgust",
                        "nervousness",
                        "embarrassment"
                  ],
                  "excerpt": "Elle se dissout dans l ' eau froide et mieux encore dans l ' eau chaude .Abandonnée à l ' air à l ' état concret et tremblant , elle s ' aigrit , devient liquide et se décompose rapidement en une fermentation putride .L ' alcool et l ' éther n ' ont aucune action sur cette substance ; les alcalis ni les acides ne la précipitent point de sa dissolution , ce que font l ' alcool et le tannin , le premier en partie et le second entièrement .",
                  "id": "5",
                  "title": "Traité de la fabrication des liqueurs et de la distillation des alcools... : suivi du traité de la fabrication des eaux et boissons gazeuses et de la description complète des opérations nécessaires pour la distillation des alcools. Tome 1 / par P. Duplais aîné"
            },
            {
                  "doc_url": "https://gallica.bnf.fr/ark:/12148/bpt6k5839868w",
                  "emotions": [
                        "surprise",
                        "doubt"
                  ],
                  "excerpt": "Sur les six pattes de l ' individu , quatre , celles de derrière , sont disposées pour la natation ; les deux pattes de devant ne servent qu ' à saisir le gibier , qui ne saurait leur échapper , car leurs yeux sont si nombreux et disposés de telle sorte qu ' ils voient en même temps ce qui se passe dans l ' air , autour d ' eux et au fond des eaux .Tout cela , madame , peut bien avoir quelque peu l ' air d ' un fragment de conte des Mille et une Nuits ; eh bien , ne nous en croyez pas sur parole , et allez suivre de l ' oeil quelques gyrins dans la pièce d ' eau de votre cottage , mais gardez - vous de toucher à un seul , car aussitôt son corps se couvrirait d ' une liqueur blanche , visqueuse , dont vos doigts mignons et effilés conserveraient pendant plusieurs jours la nauséabonde odeur .^ t ' .",
                  "id": "6",
                  "title": "Les Papillons, métamorphoses terrestres des peuples de l'air, par Amédée Varin. Texte par Eug. Nus et Antony Méray.... Tome 2"
            },
            {
                  "doc_url": "https://gallica.bnf.fr/ark:/12148/bpt6k9600999h",
                  "emotions": [
                        "surprise",
                        "doubt"
                  ],
                  "excerpt": "57 — Raie blanche , très putréfiée , ane jâjrre contenant de l ' eau désinfectante , et qui , examinée après onze jours , avait perdu son caractère de fétidité et répandait une odeur forte de poisson salé .; u q suon ? » 57 Plusieurs morceaux de scombre ( espèce de maquereau ) très fétides et traités de la même manière , exhalaient une forte odeur , participant tout a la fois de celle de l ' huile de poisson et de celle du scombre frais .57 1 ° Expériences faites avec le liquide mélangé avec les matières fécales , le 18 février 1847 .",
                  "id": "7",
                  "title": "Opinions et témoignages sur l'utilité et l'efficacité de l'eau inodore de MM. Raphanel et Ledoyen : pour désinfecter les matières et exhalaisons fétides... que l'on peut employer immédiatement comme engrais / publiés par Rouget de Lisle,..."
            },
            {
                  "doc_url": "https://gallica.bnf.fr/ark:/12148/bd6t5373445m",
                  "emotions": [
                        "surprise",
                        "fear",
                        "doubt",
                        "nervousness"
                  ],
                  "excerpt": "Mettons - nous ici , sous les citronniers .Sentez - vous les arômes ; et ces nymphéas aux lueurs incertaines , les avez - vous vus ? Près de nous six Barbaresques , six Maures des confins du grand désert sont venus s ’ asseoir .Ils restent contemplatifs , leur chef au milieu , un turban de mousseline blanche roulé sur sa tête brune , le cachemire tordu autour delà ceinture , 9 .",
                  "id": "8",
                  "title": "Au bord de la mer : rêveries d'un voyageur / par l'auteur des \"Horizons prochains\" [Mme de Gasparin]"
            },
            {
                  "doc_url": "https://gallica.bnf.fr/ark:/12148/bpt6k9734436k",
                  "emotions": [
                        "surprise",
                        "anger",
                        "nostalgia",
                        "excitement"
                  ],
                  "excerpt": "à qui en as - tu ? pourquoi souffres - tu ? Calmé par cette voix aux harmonies brisées , il assit Renée sur son genou , l ' appuyant contre lui .Oh ! la première femme qui vous apparaît avec de la blondeur aux cils , du feu à la lèvre , des étreintes aux bras , sa grisante odeur de jeunesse , ses paupières tout effrontées de confiance en sa force ..",
                  "id": "9",
                  "title": "Les dévoyés (4e édition) / par Marc de Montifaud"
            },
            {
                  "doc_url": "https://gallica.bnf.fr/ark:/12148/bpt6k6553163k",
                  "emotions": [
                        "surprise"
                  ],
                  "excerpt": "Au - dessus de la cheminée dans une .aiguière de vermeil où quelque Benvenuto inconnu avait , ciselé des Bacchantes réveillant le vieux Silène au fond d ' un antre , fleuri , un gros bouquet de roses et de tubéreuses s épanouissait à moitié fané et l ' odeur forte des corolles mourantes remplissaient toute la chambre .Vava était couchée paresseusement sur une chaise longue .",
                  "id": "10",
                  "title": "Le capitaine Bric-à-Brac (moeurs militaires) / par René Maizeroy"
            },
            {
                  "doc_url": "https://gallica.bnf.fr/ark:/12148/bpt6k9763433v",
                  "emotions": [
                        "admiration",
                        "surprise",
                        "doubt"
                  ],
                  "excerpt": "Une de celles - là qui font qu ' une demeure , Même après que le mort les a prises , demeure , Odoriférante à jamais ; Une de celles - là qui sont un beau mystère Et dont l ' attrait divin console notre terre De tout ce qu ' elle a de mauvais .Oh 1 qui pourra semer , ainsi que des corolles Aux parfums délicats et chastes , des paroles Dignes de votre oreille ? Non , Le plus mélodieux des ziphyrs de vos landes N ' a pas des sons assez choisis pour les guirlandes Dont il faut ceindre votre nom .Ces Lettres , ce Journal , cette vie une et blanche Comme une cerisaie en fleur , comme un dimanche Où nage ce cygne , J ' Eté ! Ces yeux d ' aigle voilés par des yeux de colombe , Ces éclairs attendris , cette perle qui tombe Dans l ' heure ou dans l ' éternité ! Vous passiez à travers la paix de la campagne Comme la souriante et sublime compagne Des aériennes ampleurs .",
                  "id": "11",
                  "title": "En l'honneur d'Eugénie et de Maurice de Guérin. Souvenir. Fêtes d'Andillac et du Cayla, le 18 juillet 1912 . (Préface de M. l'abbé Pierre Moisset, curé d'Andillac et du Cayla.)"
            },
            {
                  "doc_url": "https://gallica.bnf.fr/ark:/12148/bpt6k9600999h",
                  "emotions": [
                        "surprise",
                        "doubt"
                  ],
                  "excerpt": "63 40 ° Certificat de M .Neal , qui déclare c que l ' odeur de cette fosse , c qui était suffocante , a disparu , ou , du moins , elle était « imperceptible , a moins qu ' on n ' approchât la matière tout « près du nez .» 65 4 10 Certificat de M .",
                  "id": "12",
                  "title": "Opinions et témoignages sur l'utilité et l'efficacité de l'eau inodore de MM. Raphanel et Ledoyen : pour désinfecter les matières et exhalaisons fétides... que l'on peut employer immédiatement comme engrais / publiés par Rouget de Lisle,..."
            },
            {
                  "doc_url": "https://gallica.bnf.fr/ark:/12148/bpt6k30405613",
                  "emotions": [
                        "surprise",
                        "disgust",
                        "anger",
                        "doubt"
                  ],
                  "excerpt": "Fille des noirs pierriers qui fleuris sur la pente Au sein des blocs épars , Hravanl les froids autans , la neige , la tourmente Et les sombres brouillards , J ’ aime à voir au matin briller fraîche et joyeuse v Ta fleur d ’ or et d ' urgent , A la voir frissonner sur l ’ aréle neigeuse Et sous les coups du vent .Est - il vrai que ta coupe , au fond de son calice Cache un venin subtil ? Que ton jmrfum produit une ivresse factice Qui n ’ est pas sans péril ! Est - il vrai que ta Heur , perfide enchanteresse , Contient dans son encens Un narcotique obscur qui sait , avec adresse , Engourdir tous nos sens ? Quoi ! De toi sortirait uu malfaisant génie ? Ce sont de sots dictons ! Non , je t ’ aime et ne puis croire à ta perfidie Petit pavot des Monts .II .",
                  "id": "13",
                  "title": "Flore coloriée de poche, à l'usage du touriste dans les montagnes de la Suisse, de la Savoie, du Dauphiné, des Pyrénées, du Jura, des Vosges, etc. : 144 planches coloriées, représentant 180 espèces, avec un texte donnant leur description et celle de 480 espèces non figurées / par H. Correvon,... ; dessins par A. Jobin"
            },
            {
                  "doc_url": "https://gallica.bnf.fr/ark:/12148/bpt6k6437049d",
                  "emotions": [
                        "surprise",
                        "nostalgia",
                        "envy",
                        "doubt",
                        "curiosity"
                  ],
                  "excerpt": "( Honni soit qui croirait que ce fut en cachette 1 ) De la fille des bois en cette occasion , Le cœur pur se glonfla d ' une innocente joie .A Zéphire elle dit : « Cette inclination , Quand l ' a prise pour moi celui qui vous envoie ? D ' où lui vient le désir , de se voir mon époux ? Comment me connaît - il , moi , qui de ce bois sombre Ne suis jamais sortie et ne me plais qu ' à l ' ombre ? Zéphire répondit : Votre parfum si d .oux , De son penchant pour vous est la cause en partie .",
                  "id": "14",
                  "title": "L'action, comprenant l'animation de la voix, de la physionomie et du geste : ouvrage utile à ceux qui se destinent à la tribune, à la chaire, au barreau... / par Marius Laisné,..."
            },
            {
                  "doc_url": "https://gallica.bnf.fr/ark:/12148/bpt6k56064154",
                  "emotions": [
                        "surprise"
                  ],
                  "excerpt": "Inversement , connaissant cette courbe , il suffit de mesurer le volume d ' air qui produit l ' extinc ( 1 ) l ' extinc ( 1 ) tion du phosphore pour savoir quelle quantité d ' essence il contient .Supposons maintenant que dans un récipient donné on fasse venir de l ' air chargé d ' un parfum inconnu et de l ' air ayant passé sur de l ' essence de térébenthine .On peut réaliser un mélange pour lequel l ' odorat arrive à ne percevoir qu ' une odeur neutre , c ' est - à - dire une odeur telle qu ' il suffirait de faire varierun peu la proportion des essences dans un sens ou dans l ' autre pour sentir soit le parfum , , soit l ' essence de térébenthine .",
                  "id": "15",
                  "title": "L'Ingénieur civil : journal d'application et de vulgarisation des découvertes les plus récentes / directeur Henri Alexandre"
            },
            {
                  "doc_url": "https://gallica.bnf.fr/ark:/12148/bpt6k8507471",
                  "emotions": [
                        "surprise"
                  ],
                  "excerpt": "A Budapest , pourtant , dans un hôtel du fiing , on m ’ apporta , après une demi - heure d ’ attente , une vieille et poussiéreuse bouteille d ’ Absinthe , portant l ’ étiquette d ’ une bonne maison française .A Vienne , j ’ ai pu obtenir , à force d ’ insistance , un liquide , ressemblant en couleur cà la liqueur verte , mais qui , au goût et à l ’ odorat n ’ était plus qu ' une affreuse macération sans méthode ni raisonnement , de plantes aromatiques dans un mauvais alcool , où le camphre dominait .Ce breuvage était absolument imbuvable , même allongé de dix fois son volume d ’ eau .",
                  "id": "16",
                  "title": "Rapport spécial... sur la situation de l'industrie des liqueurs françaises en France et à l'étranger et les moyens de développer le commerce d'exportation / par E. Cointreau,... ; Exposition internationale de Liège, 1905, Section française, Groupe X, Classe 61, liqueurs. Rapport statistique / par M. A. Mandeix,..."
            },
            {
                  "doc_url": "https://gallica.bnf.fr/ark:/12148/bpt6k5808570s",
                  "emotions": [
                        "surprise"
                  ],
                  "excerpt": "L ' anse figurait un dragon qui se tordait et dont la tête venait couronner le col de l ' aiguière .C ' était par l ' orifice de sa gueule largement ouverte , ( pie jadis s ' échappait l ' eau il m UN AMOUR VENDEEN parfumée , On voyait sur la partie ronde de ce vase des perles et des rubis enchâssés au centre de dessins réguliers , carrés , losanges , étoiles , cercles .Le pied était formé par trois feuilles de vigne légèrement incurvées .",
                  "id": "17",
                  "title": "Sampiero ; Un amour vendéen / Saint-Patrice"
            },
            {
                  "doc_url": "https://gallica.bnf.fr/ark:/12148/bpt6k4226314r",
                  "emotions": [
                        "surprise",
                        "nostalgia",
                        "gratitude",
                        "doubt"
                  ],
                  "excerpt": "Non loin de Vienne ( dans la Silésie ) est ce fameux domaine de Johannisberg , qui produit un des vins les plus renommés de l ’ Europe .Oh ! mes enfants , ne sentez - vous pas , comme moi , une douce odeur de roses ? Ces champs , ces bois , cet air , ne vous paraissent - ils pas embaumés de l ’ arome des fleurs ? ..",
                  "id": "18",
                  "title": "Nouvelle géographie en estampes : revue pittoresque de l'univers, nouvelles, contes, légendes et aperçus historiques sur les moeurs, usages, costumes des différents peuples / par A. Vanault [\"sic\"], Ch. Richomme et A. Castillon,... ; illustré par M. A. Leloir, Hadamar et P. Saint-Germain"
            },
            {
                  "doc_url": "https://gallica.bnf.fr/ark:/12148/bpt6k97390197",
                  "emotions": [
                        "surprise",
                        "doubt"
                  ],
                  "excerpt": "est devenue , de par l ' assimilation , un bel oiseau dont le noir plumage miroite au soleil avec mille reflets métalliques .D ' ailleurs sommes - nous fondés - à lui reprocher cette alimentation de haut goût ? Ne nous arrive - t - il pas quelquefois de nous attabler devant un faisan qui a toutes les qualités requises pour attirer un vol de corneilles ? Et , dans un autre ordre d ' idées , est - ce donc un corbeau qui a dit : « Le corps d ' un ennemi mort sent toujours bon ! » Un des plus actifs agents de la salubrité , le corbeau est encore un .des plus précieux auxiliaires de l ' agriculture .",
                  "id": "19",
                  "title": "Les contes de ma campagne / par le Mis G. de Cherville,..."
            },
            {
                  "doc_url": "https://gallica.bnf.fr/ark:/12148/bd6t5379270s",
                  "emotions": [
                        "surprise",
                        "doubt"
                  ],
                  "excerpt": "Elles sont toutes fades lourdes , un peu nauséabondes , malgré leur beauté , et laissent dans la bouche un goût terreux .A peine est - il besoin de dira , C ’ est odeur n ’ est réellement pas perceptible , il me semble que l ’ on ne retrouve pas là les caractères des eaux dites sulfureuses .D ’ ailleurs l ’ analyse chimique n ’ y décèle ni sulfures , ni acide sufhydrique .",
                  "id": "20",
                  "title": "Bulletin de la Société de climatologie algérienne"
            }
      ]
}