{
      "articles": [
            {
                  "doc_url": "https://gallica.bnf.fr/ark:/12148/bpt6k54748605",
                  "emotions": [
                        "surprise",
                        "excitement",
                        "pain"
                  ],
                  "excerpt": "On revient aux applications topiques .Le jour suivant le timbre de la voix s ' altère , et , dès le lendemain l ' aphonie est complète ; toux rauque , dyspnée , inspiration sifflante , haleine fétide , pâleur livide du visage ; dans ( 1 ) BRETONNEAU .Des inflammations spéciales du tissu muqueux , et en particulier de la diphtérite , etc .",
                  "id": "1",
                  "title": "La Diphtérie depuis Arétée le Cappadocien jusqu'en 1894, avec les résultats statistiques de la sérumthérapie sur deux cent trente mille cas, tubage du larynx, historique, instrumentation, technique, séméiotique, par le Dr Raoul Bayeux,..."
            },
            {
                  "doc_url": "https://gallica.bnf.fr/ark:/12148/bpt6k6578395b",
                  "emotions": [
                        "surprise",
                        "embarrassment"
                  ],
                  "excerpt": "Ils ont une clochette pour qu ' on les entende eux - mêmes , et une gourde pleine d ' eau - devie pour restaurer les voyageurs épuisés .Quand ils en ont flairé un sous la neige , même à une grande profondeur , car ils ont l ' odorat très fin , ils creusent avec leurs pattes jusqu ' à ce qu ' ils l ' aient mis à découvert .Ils le lèchent , le secouent comme pour le réveiller , et s ' ils n ' y peuvent parvenir , ils aboient assez haut pour se faire entendre des religieux .",
                  "id": "2",
                  "title": "Histoires et leçons de choses pour les enfants / Mme Marie Pape-Carpantier"
            },
            {
                  "doc_url": "https://gallica.bnf.fr/ark:/12148/bpt6k1133599",
                  "emotions": [
                        "surprise",
                        "disgust",
                        "embarrassment",
                        "guilt"
                  ],
                  "excerpt": "Je n ' avais rien à redouter de cette enquête , et je m ' y prêtai de la meilleure grâce du monde , car vous pensez bien que j ' avais négligé de compter parmi mes références celles du fermier de Quimper .Mais , au fond de moi - même , énervé par ces défiances , horripilé par cette sorte d ' espionnage physiologique , auquel , comme un criminel , j ' avais dû me soumettre , je sentais , pour la seconde fois , se lever des pensées obscures et de troubles désirs , dont il me semblait qu ' ils exhalaient une odeur acre et forte , grisante et terrible .Huit , jours après cette entrevue , le petit monsieur me fit prévenir que je pouvais arriver chez lui avec mes bagages et prendre immédiatement possession de mon service décocher .",
                  "id": "3",
                  "title": "Les vingt et un jours d'un neurasthénique / Octave Mirbeau"
            },
            {
                  "doc_url": "https://gallica.bnf.fr/ark:/12148/bpt6k9753340c",
                  "emotions": [
                        "surprise",
                        "doubt"
                  ],
                  "excerpt": "Quant au souffre que le Vulgaire attribue commune : : ment à des Eaux , il est vérifié , par toutes les épreuves qui pourroient l ' y manifester , qu ' elles n ' en C011 ' - tiennent pas la plus petite Particule .D ' ailleurs on ne l ' a jusqu ' ici sHposé dans ces Eaux , que parce qu ' on a crû que cette odeur bitumineuse , que l ' on lent aux approches de la Fontaine , ne pouvoit venir que du Souffre commun , dont elle indiquoit neceflaire - - nient la presence .Mais c ' est là une erreur , un ancien préjugé .",
                  "id": "4",
                  "title": "Essay sur les eaux minerales de Dax, où l'on tâche de donner une idée de leur nature & de leurs propriétés . Par M. Dufau,..."
            },
            {
                  "doc_url": "https://gallica.bnf.fr/ark:/12148/bpt6k5848382d",
                  "emotions": [
                        "surprise",
                        "joy",
                        "relief",
                        "calmness",
                        "faith"
                  ],
                  "excerpt": "Non ! je ne crois plus au bonheur .Mais quelle paix , quelle innocence ! Quel parfum pur de foi , d ' amour ! Quel soir serein après le jour ! Quel repos après la souffrance ï Eh quoi ! mon coeur ici serait - il consolé ? Sentirais - je soudain sur mon front désolé Comme une main qui le soulève ..",
                  "id": "5",
                  "title": "Exil et patrie / par Achille Du Clésieux"
            },
            {
                  "doc_url": "https://gallica.bnf.fr/ark:/12148/bpt6k9613939f",
                  "emotions": [
                        "surprise",
                        "disgust"
                  ],
                  "excerpt": "Chez les uns la rhubarbe produira des tranchées violentes , & sur d ' autres une petite dose de manne fera l ' effet d ' un émétique .Là simple odeur d ' une fleur & la saveur de quelqu ' autre substance très - innocente par elle - même , affeâent d ' une manière surprenante certaines constitutions , C ' est encore ainsi qu ' on voit quelquefois des personnes qui , après avoir mangé du fromage , des oignons & des coquilIages , sont tourmentées de nausées , de vomissemens & de divers autres symptômes , comme si elles euffent avalé du poison .Mais pourquoi chercher à multiplier les preuves sur des faits aussi généralement connus ? La Vraie conclusion qu ' on peut donc tirer de tout - ceci , c ' est qu ' il ne faut - pas rejeter de la pratique les médicamens maladies contagieuses , dont la mémoire est encore toute récente dans cet Hôpital .",
                  "id": "6",
                  "title": "Mémoires sur les fièvres et sur la contagion , lus à la Société de médecine & philosophie d'Edimbourg, par Mr. Jacques Lind,... Ouvrage traduit de l'anglois, & augmenté de plusieurs notes, par M. Henri Fouquet,..."
            },
            {
                  "doc_url": "https://gallica.bnf.fr/ark:/12148/bpt6k1091591h",
                  "emotions": [
                        "surprise"
                  ],
                  "excerpt": "Il voulait s ’ enivrer du parfum de sa tête , Et la belle Blanca , qui rêvait sa conquête , Sentit teindre ses chairs d ’ un reflet purpurin Quand , de ses bras nerveux , la portant sur son sein , Il effleura son front de ses lèvres ardentes , Baisa de ses cheveux les tresses abondantes Et , plongeant dans ses yeux son oeil fascinateur , Feignit les doux transports d ’ un amour séducteur .Mais il n ’ avait jamais , fùt - ce en Andalousie , Fait si mauvais emploi de son hypocrisie , Ni respiré , la nuit , dans les vapeurs du bal , Sous les lustres dorés , ce parfum virginal Qui s ’ échappait à flgts de toute sa personne , Et dans son gai babil de sa bouche mignonne .Et puis , peut - on toujours imiter don Juan Sans exposer son coeur à quelque doux élan ? Gaëtan le croyait , etsonerreqr profonde Comme un abîme ouvert au sein même de Tonde , U D 0 N A BLANC A Allait cesser bientôt , car Blanca , sans détour , Captivait tous ses sens et l ’ inondait d ’ amour ; De cet amour divin dont brille une prunelle ' Sous un baiser brûlant , qui fait qu ' elle étincèle De meme qu ’ un rubis sous les lustres en feu ; Ou comme l ’ humble fleur , dans laquelle , mon Dieu ! Vous faites choir du ciel la perle de rosée , Qui doit vivifier sa tige parfumée Et miroiter l ’ iris , quand le soleil levant S ’ élancera , vainqueur d ’ un nuage mouvant .",
                  "id": "7",
                  "title": "Doña Blanca, poème romantique / Antonin Martin"
            },
            {
                  "doc_url": "https://gallica.bnf.fr/ark:/12148/bpt6k6438303r",
                  "emotions": [
                        "surprise"
                  ],
                  "excerpt": ".La senteur pénétrante des oranges traînées sur leur claie , s ' élevait dans l ' air , s ' accrochant au hasard aux nez surpris des gens pressés .Elle ne leur disait rien sans doute .",
                  "id": "8",
                  "title": "Parisienneries / Ernest d'Hervilly"
            },
            {
                  "doc_url": "https://gallica.bnf.fr/ark:/12148/bpt6k6578395b",
                  "emotions": [
                        "surprise",
                        "nostalgia",
                        "doubt",
                        "curiosity"
                  ],
                  "excerpt": "C ' était .Vous savez , mes amis , cette petite plante dont je vous ai parlé , qui avait fait connaître à Louise le prix du temps ? Eh bien , elle avait grandi , ses feuilles avaient pris une forme , de petits boutons avaient poussé , de petites fleurs s ' étaient ouvertes , une odeur douce et délicieuse s ' en échappait .c ' était un réséda .",
                  "id": "9",
                  "title": "Histoires et leçons de choses pour les enfants / Mme Marie Pape-Carpantier"
            },
            {
                  "doc_url": "https://gallica.bnf.fr/ark:/12148/bpt6k87049331",
                  "emotions": [
                        "surprise",
                        "disgust",
                        "doubt"
                  ],
                  "excerpt": "23 j ' eil aiTeziemblable à un Che vreiiil .Cét animal qu ' on voic au Royaume de Pegu dans les Indes , ne ie repaiilordinaire ment que d ' Herbes aromaci ques , d ' où vient que cette matiere excrementeufe étanc iiors de cette tumeur , & ex - ï Ì porée aux rayons du Soleil , devient un parfum tres fua \" ve , qui eit tout enfemble ce - · phalique , cordial δ ύ iloma chique .L ' Ambre gris eft un Bitume qui découle de quel ques fontaines dans la mer , où il fe condenfe , & d ' oii iÌ ' eil jetté à bord , principale ment fur le rivage des liles Maldives , où .",
                  "id": "10",
                  "title": "Le Bon Usage du thé, du caffé et du chocolat pour la préservation et pour la guérison des maladies, par Mr de Blégny,..."
            },
            {
                  "doc_url": "https://gallica.bnf.fr/ark:/12148/bpt6k5445711t",
                  "emotions": [
                        "surprise",
                        "grief",
                        "sadness",
                        "nostalgia",
                        "nervousness",
                        "despair",
                        "pain",
                        "disappointment"
                  ],
                  "excerpt": "52 MA GKALWMÈRE .Quand , de sa tiède haleine , une brise embaumée Balance mollement la sueur de mon front , Mon âme tout émue est soudain transformée : Je songé avec tristesse à ceux qui s ' en iront ! ..",
                  "id": "11",
                  "title": "Souvenirs : poésies / par Victor Derheimer"
            },
            {
                  "doc_url": "https://gallica.bnf.fr/ark:/12148/bpt6k5822002x",
                  "emotions": [
                        "surprise"
                  ],
                  "excerpt": "Néanmoins quelquefois , au point de vue médical , la culture est plutôt nuisible qu ' utile , c ' est ainsi que la digitale cultivée est moins active que .celle venue spontanément ; l ' odeur de certaines Labiées sauvages est plus prononcée que chez les mêmes plantes quand on les - cultive .Par contre , les Crucifères , la violette , beaucoup d ' Ombellifères aromatiques , les Malvacées gagnent , en activité quand on les cultive .",
                  "id": "12",
                  "title": "Nouveau dictionnaire des plantes médicinales,... par le Dr A. Héraud,..."
            },
            {
                  "doc_url": "https://gallica.bnf.fr/ark:/12148/bpt6k4517932h",
                  "emotions": [
                        "surprise",
                        "doubt",
                        "curiosity"
                  ],
                  "excerpt": "D ’ abord surpris , un peu inquiet , il fallut bientôt se rendre à l ’ évidence .D ’ où provenait - elle , grands Dieu ? Quoi ! cette peau satinée , ce cou blanc et rond , exhaleraient ce parfum douteux ? De cette bouche mignonne et rose , véritable grenade entr ’ ouverte , sortirait semblable arôme ? Serait - il possible que de ces lèvres vermeilles , légèrement écartées et laissant voir des dents d ’ un émail éblouissant , puisse s ’ échapper un tel encens ? ..",
                  "id": "13",
                  "title": "Le Littoral illustré"
            },
            {
                  "doc_url": "https://gallica.bnf.fr/ark:/12148/bpt6k29632t",
                  "emotions": [
                        "surprise",
                        "annoyance",
                        "doubt",
                        "embarrassment"
                  ],
                  "excerpt": "Mais toi , quand après t ' être frotté d ' huile , tu te vautres au soleil pour en absorber les rayons , voici venir quelqu ' un qui me pousse du coude , qui crache sur ta vie , et me fait remarquer tes parties secrètes et tes reins épilés , ces chairs flasques que tu étales aux yeux du peuple .Quoi ! i quand tu peignes le duvet parfumé qui croit sur tes joues , pourquoi laisser voir ce qu ' il faut cacher ? D ' ailleurs , cinq épileurs auraient beau travailler ta chair flétrie avec leurs pinces , et chercher à en arracher toutes les herbes , en dépit de toute culture le chiendent toujours y repoussera .» Ainsi va le monde battants , battus ; c ' est un échange .",
                  "id": "14",
                  "title": "Les satiriques latins : comprenant Juvénal, Perse, Lucilius, Turnus, Sulpicia / trad. nouvelle publ. avec les imitations françaises et des notices par E. Despois"
            },
            {
                  "doc_url": "https://gallica.bnf.fr/ark:/12148/bpt6k97347608",
                  "emotions": [
                        "surprise",
                        "nostalgia"
                  ],
                  "excerpt": "Alors a commencé pour elle la vie douce , la vie dorlotée des malades qui ne souffrent plus , possédant toute leur connaissance et cependant contraints de garder le lit .Comme une personne débarquée d ' un voyage , elle a eu des étonnements sans fin de revoir notre chambre , de toucher les objets connus , de humer l ' air extérieur qui , selon elle , a une « certaine odeur » .Elle a oublié les douleurs subies .",
                  "id": "15",
                  "title": "La maîtresse de Jean Guérin : histoire intime d'une passion / Antoine Albalat"
            },
            {
                  "doc_url": "https://gallica.bnf.fr/ark:/12148/bd6t51030212",
                  "emotions": [
                        "surprise",
                        "disgust"
                  ],
                  "excerpt": "On enjambe des décombres , puis on descend un petit escalier de pierre , rapide et sombre ; on pose le pied sur une terre molle et grasse : c ’ est l ’ entrée du caveau .To it d ’ abord une senteur étrange me saisit à la gorge , odeur sui generis , et que j ’ appellerai sépulcrale .Je venais de quitter le boulevard tout ensoleillé , et mes yeux ne s ’ habituaient pas encore à la lumière vacillante d ’ une bougie fichée dans la terre .",
                  "id": "16",
                  "title": "L'Estafette / rédacteur en chef Segondigné"
            },
            {
                  "doc_url": "https://gallica.bnf.fr/ark:/12148/bpt6k5817556g",
                  "emotions": [
                        "surprise",
                        "annoyance",
                        "doubt",
                        "indifference"
                  ],
                  "excerpt": "A minuit , on le vit passer rapidement du bossoir vers l ' arrière , regarder le compas de route et ordonner au timonnier de laisser porter d ' un quart sur bâbord .Ilarenifflé queuque chose , qui ne sent pas aussi bon que la terre , c ' est sûr , s ' écrièrent les matelots , à qui une bouteille d ' eau - de - vie , suspendue au grand étai , avait été promise dans le cas où l ' un d ' entre eux apercevrait la terre avant le capitaine ou les officiers .Au moment même où nous laissions porter - d ' un quart de .",
                  "id": "17",
                  "title": "Le négrier : aventures de mer (4e éd. revue sur un nouveau manuscrit de l'auteur) / par Édouard Corbière"
            },
            {
                  "doc_url": "https://gallica.bnf.fr/ark:/12148/bpt6k5848382d",
                  "emotions": [
                        "surprise",
                        "joy",
                        "relief",
                        "calmness",
                        "faith"
                  ],
                  "excerpt": "166 HEURE DÉ PAIX .Non ! là tout est paix et silence ! L ' ame illumine et se balance Comme une lampe du saint lieu , Qui , pleine d ' amour , de mystère , Consume au dessus de la terre Ses plus doux parfums , devant Dieu ! POURQUOI TOUJOURS PLEURER ? Pourquoi toujours pleurer ! ..",
                  "id": "18",
                  "title": "Exil et patrie / par Achille Du Clésieux"
            },
            {
                  "doc_url": "https://gallica.bnf.fr/ark:/12148/bpt6k1414846d",
                  "emotions": [
                        "surprise",
                        "disgust"
                  ],
                  "excerpt": "C ’ était un amalgame de ’ deux odeurs d ’ une essence particulière et qui , quoique mélangées , étaient perceptibles chacune séparément .Cette étrange exhalaison consistait en une senteur légèrement aromatique et cependant fort désagréable avec une odeur moins pénétrante , mais si nauséabonde que Francis dut ouvrir la fenêtre pour respirer l ’ air frais , incapable de supporter un instant de plus cette horrible atmosphère .Le directeur français rejoignit son collègue anglais avec un cigare déjà allumé .",
                  "id": "19",
                  "title": "L'hôtel hanté / Wilkie Collins ; roman traduit de l'anglais... par Henry Dallemagne"
            },
            {
                  "doc_url": "https://gallica.bnf.fr/ark:/12148/bpt6k65745180",
                  "emotions": [
                        "surprise",
                        "disapproval",
                        "embarrassment",
                        "disappointment"
                  ],
                  "excerpt": "« Chez nous , bien vite , » dit - elle on tremblant au vicomte .Puis tout le long du boulevard , elle murmura : « Oh ! que ça sent mauvais une fête ! Oh ! que c ' est donc sale une fête ! » Eh bien , vous me croirez si vous voulez , mais il paraît que , pendant plus de six mois , Lucienne n ' a pas eu la moindre envie .C ' est le vicomte qui , désormais , les avait toutes , et quand il insistait , Lucienne affirmait « que c ' était malpropre .",
                  "id": "20",
                  "title": "Histoires débraillées / par l'auteur de \"Pommes d'Eve\"... [Mai 1884] ; illustrées par de joyeux artistes"
            }
      ]
}