{
      "articles": [
            {
                  "doc_url": "https://gallica.bnf.fr/ark:/12148/bpt6k1166659m",
                  "emotions": [
                        "surprise",
                        "doubt"
                  ],
                  "excerpt": "J ’ étais étonné du sang - froid de mon ami le polyglotte .Voyant que je ne répliquais pas , il reprit : — Vous m ’ avez dit tout à l ’ heure que , en revenant chez vous ce matin , vous avez trouvé fermée votre fenêtre que vous aviez laissée ouverte en partant , et qu ’ une odeur nauséabonde vous avait presque suffoqué quand vous êtes entré dans votre chambre .— Cela est vrai , répondis - je .",
                  "id": "1",
                  "title": "Moumoute et Carnage, par Eugène Nyon"
            },
            {
                  "doc_url": "https://gallica.bnf.fr/ark:/12148/bpt6k54525332",
                  "emotions": [
                        "surprise",
                        "optimism",
                        "excitement"
                  ],
                  "excerpt": "Cependant le vent du midi s ' élève , et , avec ses noires ailes , volant au large , il rassemble tous les nuages qui sont sous le ciel ; à leur renfort les montagnes envoient 514 LE PARADIS PERDU .rapidement en haut les vapeurs , les exhalaisons sombres et humides ; bientôt le ciel épaissi s ' étend comme une voûte obscure .Il s ' en précipite une pluie impétueuse ; elle continue jusqu ' à ce que la terre devienne invisible .",
                  "id": "2",
                  "title": "Le paradis perdu (Édition corrigée) / de Milton ; traduction nouvelle par Paul Guérin"
            },
            {
                  "doc_url": "https://gallica.bnf.fr/ark:/12148/bpt6k10914025",
                  "emotions": [
                        "surprise",
                        "fear",
                        "doubt",
                        "frustration"
                  ],
                  "excerpt": ".Chasse de ton esprit ce s spectres fantastiques , Familiers aux cerveaux fêlés ou chimériques ? On ne revient jamais des bords de l ’ Achéron ; D ’ un ennemi vaincu , le corps sent toujours bon ..",
                  "id": "3",
                  "title": "Pimodan, drame en cinq actes et en vers, par Ulysse Cornand"
            },
            {
                  "doc_url": "https://gallica.bnf.fr/ark:/12148/bpt6k68621r",
                  "emotions": [
                        "surprise"
                  ],
                  "excerpt": "tion de ses fautes , & errer longtemps , loin des humains , dans un monde inconnu .Puis il disparut avec un bruit étrange , laissant derrière lui une forte odeur de soufre .A peine le démon eut - il disparu , qu ' il se fit dans le cerveau de Martial un bouleversement extraordinaire , et il se vit transformé il était sur le bord de la mer , habillé en matelot .",
                  "id": "4",
                  "title": "Aventures fantastiques de Martial Badochet / par Joseph Bertal"
            },
            {
                  "doc_url": "https://gallica.bnf.fr/ark:/12148/bpt6k1064426",
                  "emotions": [
                        "surprise",
                        "disgust",
                        "courage"
                  ],
                  "excerpt": "Mais , hâtons - nous de le dire pour rassurer la moralité inquiète l ' auteur est trop foncièrement Français , homme de raison critique , d ' esprit méthodique et de curiosité laborieuse , pour ne pas réagir contre cet envoûtement de la nature primitive .Après s ' être quelque temps laissé séduire par elle , il secoue le charme , il rompt d ' un effort de volonté , secondé par quelque dégoût , l ' enchantement magique , il s ' arrache aux charmes paresseux et d ' ailleurs un peu vus de cette terre parfumée aux effluves trop lourds , de cette race zézayante et douce , mais toute charnelle et naïvement astucieuse , personnifiée dans la gentille Razane ( la fille de l ' Ile rouge ) .Et telle est la conclusion du roman qui porte ce titre le départ de l ' Européen saturé de plaisirs dont la douceur lui devient fade , vers le pays natal où d ' autres déceptions l ' attendent sans doute , mais où il retrouvera sa personnalité véritable , quitte à garder longtemps un regret mélancolique du « mirage austral a attirant et évanoui .",
                  "id": "5",
                  "title": "Contes de Madagascar / par Charles Renel,..."
            },
            {
                  "doc_url": "https://gallica.bnf.fr/ark:/12148/bpt6k5513468c",
                  "emotions": [
                        "surprise",
                        "joy",
                        "excitement",
                        "doubt",
                        "amusement"
                  ],
                  "excerpt": "C ' est un lieu de pèlerinage cl les fidèles y vénèrent la mémoire bienheureuse des saints Amie et Célestin , ANATOLE FRANCE .lie Pafîatn # • ^ ? ? Le parfum , c ' est un souffle étrange boni se grisent l ' âme cl les sens ; C ' est un délicieux mélange , ( \" est un voluptueux encens .lit dans ce .",
                  "id": "6",
                  "title": "Le Carnet mondain [\"puis\" Carnet (Le) rose]"
            },
            {
                  "doc_url": "https://gallica.bnf.fr/ark:/12148/bpt6k933294m",
                  "emotions": [
                        "surprise"
                  ],
                  "excerpt": "Puis il mit le paquet sur ses genoux et enleva le voile qui le recouvrait .Au milieu de langes éclatant de finesse et de blancheur , tout imprégnés d ’ un parfum LE BATARD DE KERVAN l6 doux et subtil , une frêle créature apparut à la lueur tremblante de la lanterne que le cocher venait de rallumer ..",
                  "id": "7",
                  "title": "Le bâtard de Kervan. Tome 1 / Antonin Baratier"
            },
            {
                  "doc_url": "https://gallica.bnf.fr/ark:/12148/bpt6k5516288c",
                  "emotions": [
                        "surprise"
                  ],
                  "excerpt": "Ce que je sais , dans tous lès cas , c ' est que dans les environs de l ' Ecole de médecine il en existe une , dont j ? ài connu l ' adresse par un mendiant bavard , et où je me suis rendu LA MENDICITÉ 109 un matin , habillé en ouvrier proprement vêtu .Le bureau do renseignements est situé au deuxième J ' étais à peine entré dans une antichambre noire et aux odeurs acres , que jo fus aussitôt interrogé par une grosse dame âgée qui , ayant appris que jo venais pour les adresses , me conduisit mystérieusement dans un petit cabinet , où elle me demanda si je voulais le grand jeu ou le petit jeu .N ' étant pas été prévenu do la question , j ' hésitai à répondre .",
                  "id": "8",
                  "title": "La mendicité / Georges Berry,..."
            },
            {
                  "doc_url": "https://gallica.bnf.fr/ark:/12148/bpt6k9790029g",
                  "emotions": [
                        "surprise"
                  ],
                  "excerpt": "Puis il offrit son bras à Marthe , honteuse et troublée , et l ' entraîna dans la serre .La première bouffée d ' air qui feur vint au visage leur apportait tant de parfums , une si puissante odeur de sève , tant de chaleur humide et pénétrante , que Marthe faillit reculer et prendre le chemin de la maison .Elle n ' avait pas prévu les choses matérielles quand elle avait choisi les serres pour y voir Avérief : elle s ' était dit que l ' endroit était désert puisque sa sœur avait pu y venir tous les jours pendant une quinzaine sans y rencontrer personne , et sa pensée n ' avait pas été plus loin .",
                  "id": "9",
                  "title": "L'Écho des feuilletons : recueil de nouvelles, contes, anecdotes, épisodes, etc... : extraits de la presse contemporaine"
            },
            {
                  "doc_url": "https://gallica.bnf.fr/ark:/12148/bpt6k6227342s",
                  "emotions": [
                        "surprise"
                  ],
                  "excerpt": "La même nuit , les pères qui avaient fait la conduite s ' arrêtèrent dans une hôtellerie où j ' étais logé ( c ' est le père Ribera qui parle 1 : on vint leur remettre l ' habit qui avait enveloppé le corps de la bienheureuse mère , pour le rapporter à Avila ; les religieuses d ' Albe lui en ayant mis un autre .Cet habit était enveloppé dans une couverture : j ' en approchais pour le sentir ; je reconnus qu ' il en sortait une odeur délicieuse ; et , chose surprenante , c ' est que cette odeur s ' est répandue dans cette chambre , et s ' y est conservée long - temps , après leur départ ; mon compagnon y étant entré , en fut également émerveillé .Depuis ce moment ce corps saint est demeuré dans le monastère d ' Albe .",
                  "id": "10",
                  "title": "Vie de sainte Thérèse, écrite par elle-même ; suivie de ses Méditations sur le \"Pater\" ; [de ses Méditations après la communion]. de l'Histoire des quatorze dernières années de sa vie ; et d'un choix de lettres ; [\"Glosa\"] (Nouvelle édition) / par le P. Ribera ; [traduite par B. de La Monnoye]"
            },
            {
                  "doc_url": "https://gallica.bnf.fr/ark:/12148/bpt6k6227342s",
                  "emotions": [
                        "surprise",
                        "doubt"
                  ],
                  "excerpt": "Les médecins l ' examinèrent avec la plus scrupuleuse attention ; en ayant reconnu les chairs parfaitement saines et Tes os absolument intacts , frappés également de l ' odeur admirable qui s ' en exhalait , ils affirmèrent que c ' était une chose surnaturelle .En effet , comment , sans miracle , un corps sortant de maladie , enterré sans préparation , sans avoir été embaumé , aurait - il pu se conserver dans un caveau humide , pendant trois ans et trois mois entièrement sain , et n ' ayant point le moindre signe de corruption ? Il était si loin d ' être en putréfaction , qu ' il en sortait une odeur agréable et telle qu ' on ne pouvait la définir .Cette visite achevée , l ' évêque leur recommanda de placer ce précieux dépôt dans l ' endroit le plus apparent du couvent , d ' avoir pour lui la plus grande vénération , et de conserver soigneusement le tapis sur lequel le corps de la sainte avait reposé , lequel ne devait plus servir à aucun autre usage ; le prélat leur défendit encore , sous peine d ' excommunication , de ne rien révéler de ce qu ' elles avaient vu ; mais les merveilles qui s ' étaient opérées à la vue de l ' évêque et des docteurs , avaient produit une impression si forte sur leur esprit , qu ' ils ne purent eux - mêmes se contenir , et qu ' ils s ' écrièrent en sortant du monastère : 0 que de choses miraculeuses nous avons vues ! Ce qui détermina l ' évêque à lever l ' excommunication , pour ne pas alarmer leur conscience .",
                  "id": "11",
                  "title": "Vie de sainte Thérèse, écrite par elle-même ; suivie de ses Méditations sur le \"Pater\" ; [de ses Méditations après la communion]. de l'Histoire des quatorze dernières années de sa vie ; et d'un choix de lettres ; [\"Glosa\"] (Nouvelle édition) / par le P. Ribera ; [traduite par B. de La Monnoye]"
            },
            {
                  "doc_url": "https://gallica.bnf.fr/ark:/12148/bpt6k65135789",
                  "emotions": [
                        "surprise",
                        "nervousness"
                  ],
                  "excerpt": "Elle rit de leur étonnement , et met le comble à la surprise du frère et de la sœur en les débarbouillant à l ' eau de Cologne .Charlot et Maria étaient muets , un peu effrayés ; mais le parfum de l ' eau , la finesse de la serviette étaient choses si nouvelles qu ' ils se laissaient faire sans mot dire .Cette première opération ayant eu un plein succès , Pauline s ' engagea , malgré les conseils de Justine , dans une autre qui n ' était peut - être pas sans danger : elle peigna , brossa et pommada Charles et sa sœur : ce fut alors qu ' elle les embrassa à son aise .",
                  "id": "12",
                  "title": "La petite maîtresse de maison (4e éd.) / par Mlle Julie Gouraud"
            },
            {
                  "doc_url": "https://gallica.bnf.fr/ark:/12148/bpt6k6227960s",
                  "emotions": [
                        "surprise",
                        "doubt",
                        "curiosity"
                  ],
                  "excerpt": "Ou « Forget me not » , selon la langue de ceux qui entendent sa voix .Î GRAND ' MÈRE Dans les Borraginées , avez - vous pensé aux Héliotropes , parfumés ou non parfumés ? MARIE Je me rappelle que leurs cimes sont à plusieurs branches comme des ombelles , mais chaque petite branche porte des fleurs dans tou .te sa longueur .",
                  "id": "13",
                  "title": "Nos fleurs : petites causeries botaniques / par Mme Huguette (Mme J. Bodin) ; préface de M. Jules Claretie,.... [précédé de] lettre de M. Joseph Bertrand,..."
            },
            {
                  "doc_url": "https://gallica.bnf.fr/ark:/12148/bpt6k5835640w",
                  "emotions": [
                        "surprise",
                        "fear",
                        "nervousness",
                        "pain"
                  ],
                  "excerpt": "— Vertiges , sueurs profuses , surface du corps froide , face , lèvres et doigts d ' une coloration bleue intense .Respiration haletante , odeur de l ' aniline dans l ' haleine .Traitement .",
                  "id": "14",
                  "title": "Formulaire pratique de thérapeutique et de pharmacologie (2e édition, revue, corrigée et augmentée) / par Dujardin-Beaumetz,... et P. Yvon,..."
            },
            {
                  "doc_url": "https://gallica.bnf.fr/ark:/12148/bpt6k5623622k",
                  "emotions": [
                        "surprise",
                        "nostalgia"
                  ],
                  "excerpt": "au milieu de femmes magnifiquement parées .Elle se rappelle avec étonnement le brun visage de la dame étrangère , si brillant sous ses cheveux poudrés , et sa couronne de diamants , le doux et gracieux accent de sa voix , son petit éventail orné de longs glands exhalant de suaves parfums ; puis elle entend encore cette voix mâle qui , en lui parlant , se faisait si douce ; elle revoit ces grands - yeux pleins de larmes , et s ' étonne intérieurement qu ' il ait pu lui baiser la main avec autant de respect que si elle avait été reine .Mais , soudain des pas rapides font craquer Je vieil escalier de bois , et bientôt les trois noeuds roses du bonnet de miss Prissy séparent les draperies , puis l ' on aperçoit sa figure souriante et satisfaite .",
                  "id": "15",
                  "title": "La Fiancée du ministre, par Mrs. Harriet Beecher Stowe, roman américain, traduit... par H. de L'Espine..."
            },
            {
                  "doc_url": "https://gallica.bnf.fr/ark:/12148/bpt6k9752821f",
                  "emotions": [
                        "surprise",
                        "fear",
                        "doubt",
                        "nervousness"
                  ],
                  "excerpt": "— Me dire quoi ? » demanda - t - elle rudement .F Sa respiration devint haletante , et son mince visage prit une expression méfiante .Comme un bon cheval de bataille , elle sentait déjà la poudre .",
                  "id": "16",
                  "title": "Les Italiens / Frances Elliot ; roman traduit de l'anglais... par Victor Gélis"
            },
            {
                  "doc_url": "https://gallica.bnf.fr/ark:/12148/bpt6k1475028p",
                  "emotions": [
                        "surprise",
                        "disgust",
                        "anger",
                        "annoyance",
                        "nervousness"
                  ],
                  "excerpt": "Les femmes qui en avoient eu foin , étoient fur le point de les abandonner .J ’ obfervai , en entrant dans leur chambre , une odeur infupportablc , St aufij - tôr après avoir reconnu leur état , fans perdre du temps , je fis arrofer le plancher avec une pinte de vinaigre , la mauvaife odeur difparut .Demi - heure après , les vers prirent du courage Sc de l ' appétit , 8c plus encore qu ’ ils ne l ’ avoient eu depuis qu ’ ils avoient été dépofés dans cette chambre fur des tables .",
                  "id": "17",
                  "title": "Journal de Nismes : dédié à Son Altesse Monseigneur le Prince de Rohan-Rochefort"
            },
            {
                  "doc_url": "https://gallica.bnf.fr/ark:/12148/bpt6k86306355",
                  "emotions": [
                        "surprise"
                  ],
                  "excerpt": "» Cette idée le remuait malgré lui , et il tremblait lorsqu ' il pénétra dans le salon , où l ' agonie du crépuscule luttait contre les flammes du foyer .Il fut surpris par l ' arome caressant des fleurs posées dans les vases de la cheminée , auquel se mêlait la senteur d ' un parfum qu ' il connaissait trop .Il vit sur le divan , au fond de la chambre , la forme prostrée d ' un corps , puis le mouvement d ' un buste , la pâleur d ' un visage , et il se trouva face à face avec Thérèse , maintenant assise et qui le regardait .",
                  "id": "18",
                  "title": "Cruelle énigme (5e éd.) / Paul Bourget"
            },
            {
                  "doc_url": "https://gallica.bnf.fr/ark:/12148/bpt6k5473907t",
                  "emotions": [
                        "surprise",
                        "doubt",
                        "curiosity"
                  ],
                  "excerpt": ".n ' est - ce pas un petit ballon d ' essai ? » Puis lorsque la bulle venait à crever en heurtant le volet d ' une boutique ou le sommet d ' une enseigne , et qu ' on voyait tout à coup s ' élever un léger nuage , et qu ' on reconnaissait le doux parfum du cigare bien - aimé , l ' étonnement redoublait , et l ' on se demandait avec inquiétude quel souffle éolien avait pu gonfler ces bulles aux proportions formidables .Le nom de Vivier circulait alors dans la foule , et tout s ' expliquait , Pour ce fameux sonneur de cor , qui chante cinq notes à la fois , ce n ' est rien que de souffler dans un chalumeau devant les populations enthousiasmées ; ils étaient là plus de dix mille et ils sont restés là trois heures .",
                  "id": "19",
                  "title": "Oeuvres complètes de madame Émile de Girardin, née Delphine Gay.... Tome 5 / [introduction par Théophile Gautier]"
            },
            {
                  "doc_url": "https://gallica.bnf.fr/ark:/12148/bpt6k1418006c",
                  "emotions": [
                        "surprise"
                  ],
                  "excerpt": "O .Du Mesnil sur le même cimetière et suscitée par les réclamations des habitants de la rue Campagne - Première , qui étaient empoisonnés par des émanations fétides .On reconnut que ces mauvaises odeurs s ’ échappaient d ’ amas considérables de fumiers accumulés au dépôt de la Compagnie des petites voitures .",
                  "id": "20",
                  "title": "Étude sur la putréfaction / par le Dr Frédéric Bordas,..."
            }
      ]
}