{
      "articles": [
            {
                  "doc_url": "https://gallica.bnf.fr/ark:/12148/bpt6k8840223",
                  "emotions": [
                        "surprise",
                        "doubt",
                        "curiosity"
                  ],
                  "excerpt": "» Leurs yeux paraissaient des anneaux sans pierres ; celui qui sur le visage des hommes lit les lettres 0 110 aurait bien reconnu sur leur figure la lettre M 2 .Qui croirait , s ’ il ne sait pas comment cet effet est produit , que l ’ odeur d ’ un fruit et celle d ’ une eau pût , en excitant leur désir , les tourmenter si vivement ? Je m ’ étonnais déjà pourquoi ils étaient si affamés , car la cause de leur maigreur et de leurs tristes écailles ne m ’ était pas encore connue .Et voilà que des creux de sa tête , une ombre tourna vers moi les yeux et me regarda fixement , puis cria d ’ une voix forte : « Quelle grâce m ’ est donc donnée - ? » Jamais je ne l ’ aurais reconnue à son visage , mais dans sa voix me fut rappelé tout ce que les traits avaient absorbé en eux .",
                  "id": "1",
                  "title": "Oeuvres de Dante Alighieri... (Nouvelles éditions revues, corrigées et annotées par les traducteurs, accompagnées... d'une étude sur \"La divine comédie\" / par C. Labitte,..) / traduction de A. Brizeux... [et] E. J. Delécluze"
            },
            {
                  "doc_url": "https://gallica.bnf.fr/ark:/12148/bpt6k8840223",
                  "emotions": [
                        "surprise",
                        "grief",
                        "sadness",
                        "anger",
                        "despair",
                        "pain",
                        "embarrassment",
                        "disappointment"
                  ],
                  "excerpt": "» Et Sauve , pleurant , sortit par la porte éblouissante qu ’ il avait naguère franchie .A ce récit , les moines demeurèrent frappés , et l ’ abbé s ’ écria en gémissant : « Malheur à moi , qui ai osé trahir uti pareil secret ! Le parfum qui me nourrissait s ’ est retiré de moi ; ma langue est comme déchirée et semble remplir toute ma bouche .» Bien des années après , le saint abbé quitta le cloître pour devenir évêque d ’ AIbi .",
                  "id": "2",
                  "title": "Oeuvres de Dante Alighieri... (Nouvelles éditions revues, corrigées et annotées par les traducteurs, accompagnées... d'une étude sur \"La divine comédie\" / par C. Labitte,..) / traduction de A. Brizeux... [et] E. J. Delécluze"
            },
            {
                  "doc_url": "https://gallica.bnf.fr/ark:/12148/bpt6k5832793f",
                  "emotions": [
                        "surprise",
                        "amusement"
                  ],
                  "excerpt": "123 pas l ' habitude de dormir seule , je pense , et vous avez déjà vu hier et avant - hier ce jeune homme qui est là .— Eh ! justement , Madame , dit enfin Rosette dans un fou rire , ce qui m ' étonne , c ' est que ce soit le même ! » INFÉRIORITÉ DES FLEURS Puisque les fleurs n ' ont qu ' un calice Tu ne ressembles pas aux fleurs .Elles ont en vain les couleurs De ta peau blanche et rose , et lisse ; En vain la gourmande mélisse Pour tes parfums prendrait les leurs ; Puisque les fleurs n ' ont qu ' un calice Tu ne ressembles pas aux fleurs .",
                  "id": "3",
                  "title": "Pour dire devant le monde : monologues et poésies (2e édition) / Catulle Mendès"
            },
            {
                  "doc_url": "https://gallica.bnf.fr/ark:/12148/bpt6k61362655",
                  "emotions": [
                        "surprise",
                        "anger",
                        "annoyance",
                        "doubt",
                        "disappointment",
                        "guilt"
                  ],
                  "excerpt": ".Ton Velu n ' avait pas menti ! dit - elle en appuyant contre la poitrine du jeune homme sa tête qu ' à 17 258 L ' ENNEMI DES LOIS travers ses vêtements il sentait brûlante .Misérablesbêtes ! ni elles , ni moi , n ' étions faites pour le bonheur .",
                  "id": "4",
                  "title": "L'ennemi des lois / Maurice Barrès"
            },
            {
                  "doc_url": "https://gallica.bnf.fr/ark:/12148/bpt6k5656468n",
                  "emotions": [
                        "surprise",
                        "disgust"
                  ],
                  "excerpt": "Il baisa la main du saint ., et il reconnut qu ' elle exhalait une odeur telle que jamais il n ' en avait senti ; et celle odeur s ' attacha tellement à la cape donl il élait révolu , que longtemps après , ceux avec lesquels il était lui demandaient ce qu ' il portait d ' odoriférant sur lui .El il conçut une grande dévotion pour sainl Thomas , qu ' il invoquait toutes les fois qu ' il élail en bulle à quelque tentation fâcheuse , ou qu ' il se trouvait on quelque danger , et il était aussitôt délivré de la tentation ou du péril .",
                  "id": "5",
                  "title": "La légende dorée. Série 2 / par Jacques de Voragine ; traduite du latin et précédée d'une notice historique et bibliographique, par M. G. B. [Monsieur Gustave Brunet]"
            },
            {
                  "doc_url": "https://gallica.bnf.fr/ark:/12148/bpt6k6452480k",
                  "emotions": [
                        "surprise",
                        "sadness",
                        "disgust",
                        "fear",
                        "disappointment",
                        "guilt"
                  ],
                  "excerpt": "Alors on applaudit , et puis un cri moqueur : « Vive le roi ! » s ' élève au milieu de la foule , Et d ' échos en échos sous les toits ce cri roule .Quand les premiers reflets du matin radieux Avec l ' odeur des prés montèrent vers les cieux , Robert se réveilla , se disant en lui - même : « Le rêve que j ' ai fait est d ' une horreur extrême ! » Mais lorsqu ' il se tourna sur son dur oreiller Pour fuir ce rêve horrible et mieux se réveiller , Il entendit frémir la paille de sa couche .Alors il entr ' ouvrit un œil sombre et farouche , Et vit , à ses côtés , le casque et les grelots , Et les coursiers fougueux qui de leurs durs sabots Battaient , en hennissant , le pavé de l ' étable ; Il vit , dans un des coins de ce lieu détestable , « , Accroupi près du mur et grugeant un quignon , Le singe qu ' il ' avait alors pour compagnon .",
                  "id": "6",
                  "title": "Essais poétiques. Léon Pamphile Lemay"
            },
            {
                  "doc_url": "https://gallica.bnf.fr/ark:/12148/bpt6k5544383v",
                  "emotions": [
                        "surprise",
                        "faith"
                  ],
                  "excerpt": "On aurait dit dans l ' air un doux gémissement , Qui saisissait Arthur d ' un saint frémissement .Puis dans cet air flottant , une suave essa ; iee Portait l ' enivrement ; alors en sa croyance C ' était de sa Lucie et de ses blonds cheveux , Les suaves parfums remontant vers les cieux ! Lucie allait rêvant et sa taille légère D ' une ombre fugitive , en effleurant la terre , Semblait s ' évaporer dans le vague des airs ; Puis de nouveau semblait la vierge des déserts .Le vent soufflant soudain , précurseur de l ' orage , Gémit dans les cyprès en sinistre présage ; CHANT - PREMIER .",
                  "id": "7",
                  "title": "Esquisses poétiques / par Mme Émilie Evershed,..."
            },
            {
                  "doc_url": "https://gallica.bnf.fr/ark:/12148/bpt6k6213393k",
                  "emotions": [
                        "surprise",
                        "fear",
                        "doubt",
                        "pain",
                        "embarrassment"
                  ],
                  "excerpt": "Il est neuf heures dji soir ; les fenêtres s ' ouvrent ; une foule de pots - de - chambre s ' avancent au dehors ; il en tombe de tous les côtés une pluie de matières infectes ; je ne m ' en garantis qu ' en marchant collé contre les murs .J ' échappe à cette attaque imprévue et générale ; mais le lendemain je sors , je parcours les rues en plein jour ; je suis tout à coup assailli , enveloppé , sous un tourbillon de matières sales , puantes , fëtides ; ma tête en est couverte , mon habit en est parsemé ; une odeur repoussante s ' élève de toutes les parties de mon corps ; je suis étourdi , je suis confondu .Des éclats de rire se font entendre ; on se rassemble , on s ' approche , on m ' entoure y des regards curieux et moqueurs me parconrent de la tête aux pieds ; personne ne s ' empresse à me secourir , à m ' essuyer J à me consoler ; on rit de mon malheur .",
                  "id": "8",
                  "title": "Tableau de Lisbonne, en 1796 ; suivi de Lettres écrites de Portugal sur l'état ancien et actuel de ce royaume"
            },
            {
                  "doc_url": "https://gallica.bnf.fr/ark:/12148/bpt6k5706224n",
                  "emotions": [
                        "surprise"
                  ],
                  "excerpt": "Les progrès devenant de plus en plus rapides , la malade se décida à venir me consulter .A ma première visite , je pus constater une vaste plaie à bords irréguliers , livides , à fond grisâtre , à suppuration abondante et fétide , et tellement profonde que l ' on s ' étonnait de ne pas apercevoir les os .Plusieurs chirurgiens distingués avaient été — 134 — consultés et n ' avaient vu d ' autre ressource que l ' amputation .",
                  "id": "9",
                  "title": "Du Cancer et de sa curabilité sans opération, par le Dr Cabaret. 2e édition"
            },
            {
                  "doc_url": "https://gallica.bnf.fr/ark:/12148/bpt6k97701031",
                  "emotions": [
                        "surprise",
                        "doubt"
                  ],
                  "excerpt": "Moi , je comprends Napoléon : et quoique au - dessous de lui , j ' ai une faculté de plus .Que voulez - vous aussi que je dise à un poète toujours enterré , comme une chrysalide , dans les livres dont il est éclos , qui se lève avec le soleil pour lui voir dorer la tranche ou le dos de ses bouquins ? Qu ' est - ce pour lui que cet humide parfum du matin qui verdit ma pensée comme l ' herbe , et cette odeur de rosée qui fume sur la mousse ? Il trouve qu ' il fait froid , et que ses souliers sont trop minces pour marcher dans les prés .Cela n ' empêche pas l ' esprit : et il en a peut - être plus qu ' il n ' en faut pour amuser le mien ; mais qu ' est - ce que l ' esprit , quand le cœur a été brisé ? Dans sa retraite immobile , je ne nie pas qu ' il ait souffert ; mais il a moins souffert que moi , puisqu ' il y est demeuré .",
                  "id": "10",
                  "title": "Oeuvres d'un désoeuvré. T. 1, Prose / par M. Jules Le Fèvre-Deumier,..."
            },
            {
                  "doc_url": "https://gallica.bnf.fr/ark:/12148/bpt6k4245997b",
                  "emotions": [
                        "surprise",
                        "disgust"
                  ],
                  "excerpt": "Or la chaleur du soleil venant à dé - — 150 — gager de l ’ eau de rose de l ’ huile essentielle qui y est contenue , on - vit cette dernière substance flotter à la surface du canal .On a remarqué , comme fait bizarre et exceptionnel , que le parfum si suave de la rose , n ’ était pas du goût de certaines personnes ; que telle complexion y répugnait même absolument , et s ’ en trouvait affectée de la manière la plus pénible .Nous citerons parmi les personnages historiques qui passent pour avoir détesté l ’ odeur de rose , Marie de Médicis et le chevalier de Guise .",
                  "id": "11",
                  "title": "Lectures choisies sur l'histoire naturelle et sur les phénomènes les plus remarquables de la nature, ou Recueil de fragmens tirés des naturalistes modernes et disposés dans un ordre méthodique / par un professeur de l'Université [C. Saucerotte]"
            },
            {
                  "doc_url": "https://gallica.bnf.fr/ark:/12148/bpt6k5612686x",
                  "emotions": [
                        "surprise",
                        "disgust",
                        "pain"
                  ],
                  "excerpt": "La langue est sèche , rôtie , les bords très rouges , couverte au milieu d ' un enduit noirâtre , avec quelquefois des gerçures assez profondes .L ' haleine est fétide et , chose remarquable , les malades sentent horriblement mauvais .Le ventre est un peu ballonné , mais les taches roséeslenliculaires n ' apparaissent jamais el les gargouillements dans la fosse iliaque droite ne se présentent pas .",
                  "id": "12",
                  "title": "Contribution à l'étude de la symptomatologie et de l'étiologie de la pellagre à l'asile d'aliénés de Montpellier..."
            },
            {
                  "doc_url": "https://gallica.bnf.fr/ark:/12148/bpt6k9687500c",
                  "emotions": [
                        "surprise"
                  ],
                  "excerpt": "qui donne issue seulement à 100 grammes de pus .A ce moment nous sommes frappés ainsi que les personnes présentes de l ' odeur très spéciale du liquide , qui rappelle celle de l ' hydrogène sulfuré .Toute tentative pour retirer une quantité plus grande de liquide échoue ; le pus visqueux et glaireux ne se laisse pas aspirer .",
                  "id": "13",
                  "title": "Archives de médecine expérimentale et d'anatomie pathologique"
            },
            {
                  "doc_url": "https://gallica.bnf.fr/ark:/12148/bpt6k6520943t",
                  "emotions": [
                        "surprise",
                        "curiosity"
                  ],
                  "excerpt": "Impatienté d ' une pareille obsession , j ' allai à sa rencontre , il s ' inclina , un sourire papelard aux lèvres , me tendit un billet et disparut .Fort intrigué du choix de ce singulier Mercure , moi qui n ' avais nullement la prétention d ' être un Jupiter en bonne fortune , j ' ouvris le billet qui , par son doux parfum et la forme aristocratique de son pli , sentait son bon lieu à ne s ' y pas tromper .En voici le contenu : « Trouvez - vous ce soir à cinq heures , à la chapelle de Saint - François - Xavier , au Duomo vecchio .",
                  "id": "14",
                  "title": "Un amour de sous-lieutenant. Solférina. Mémoires d'un cheval d'escadron. Par Th. Sidari"
            },
            {
                  "doc_url": "https://gallica.bnf.fr/ark:/12148/bpt6k65760021",
                  "emotions": [
                        "surprise",
                        "amusement",
                        "curiosity"
                  ],
                  "excerpt": "J ' étais comme tout ahuri du silence ; je n ' avais jamais entendu si peu de bruit .Mon oncle m ' a sans doute trouvé une drôle de physionomie , car il m ' a tout à coup demandé : « Qu ' as - tu , Robert ? » Je lui ai répondu : cc Je n ' ai rien , mais je suis étonné , et puis comme l ' air sent bon ! » C ' est vrai , mère , l ' air sent quelque chose , et il me semble qu ' il fait ouvrir mes poumons au dedans de moi ; cela m ' amusait de respirer fort .Du reste , tout me paraît original dans ce pays .",
                  "id": "15",
                  "title": "En congé. Edition 2 / par Mlle Zénaïde Fleuriot"
            },
            {
                  "doc_url": "https://gallica.bnf.fr/ark:/12148/bpt6k1484119",
                  "emotions": [
                        "surprise",
                        "anger",
                        "annoyance",
                        "doubt"
                  ],
                  "excerpt": "Sa mère sent une odeur fétide s ’ exhaler des vêtements de Rose ; elle les considère avec attention et les voit maculés de taches répugnantes .— Comment , s ’ écrie - t - elle tout indignée , comment pouvez - vous prendre si peu de soin de vous - même ? Certainement l ’ habit blanc que vous portez ne vous a pas été donné pour servir à un pareil usage , et l ’ odeur que vous répandez ne ressemble guère à celle de la rose .Quand je voulais vous parfumer de quelque eau de senteur , vous aviez , disiez - vous , de la re ' pugnance pour ces odeurs étrangères .",
                  "id": "16",
                  "title": "Sainte Rose, tertiaire dominicaine, patronne du Nouveau-monde / A.-L. Masson"
            },
            {
                  "doc_url": "https://gallica.bnf.fr/ark:/12148/bpt6k97664094",
                  "emotions": [
                        "surprise",
                        "disgust",
                        "despair",
                        "pain"
                  ],
                  "excerpt": [
                        "L ' herbe .Odeur , tirant sur celle de l ' ail , rebutante .Saveur , un peu amère , analogue à l ' odeur .",
                        "La pulpe .Odeur , un peu vineuse .Saveur , très - acide & agréable ."
                  ],
                  "id": "17",
                  "title": "Pharmacologie chirurgicale, ou Science des médicamens externes et internes, requis pour guérir les maladies chirurgicales ; suivie d'un Traité de pharmacie relatif à la préparation et à la composition des médicamens. Par M. Plenck,..."
            },
            {
                  "doc_url": "https://gallica.bnf.fr/ark:/12148/bpt6k58086771",
                  "emotions": [
                        "surprise",
                        "gratitude",
                        "faith"
                  ],
                  "excerpt": "Elle gisait flétrie à ferre ; tu l ' as relevée de tes mains ; tu l ' as étayée à l ' aide d ' une baguette que tu as taillée avec ton poignard ; enfin , pour l ' arroser , tu as puisé dans ton casque de l ' eau à la fontaine voisine .Voilà ce qui te sauve de la damnation ! » « La légende ajoute que le baron s ' éveilla en sursaut , et que , attendri et touché de l ' immensité de la miséricorde divine , il se convertit , distribua son bien aux pauvres , fit de son château un couvent , prit le froc et mourut en odeur de sainteté .« Il doit se tenir dans le paradis à côté de saint Fiacre , patron des jardiniers ( 1 ) .",
                  "id": "18",
                  "title": "La Botanique au village, par S.-Henry Berthoud"
            },
            {
                  "doc_url": "https://gallica.bnf.fr/ark:/12148/bpt6k56237611",
                  "emotions": [
                        "surprise",
                        "nervousness"
                  ],
                  "excerpt": "Si vous ne conservez pas votre bouche en parfait état , ou si vous ne brossez pas vos dents après chaque repas et avant de vous coucher , les aliments que vous avalerez seront salis .Aimez - vous sentir une haleine fétide ? Naturellement , non .— 34 — Alors veillez à ce qu ' aucune mauvaise odeur ne vienne de votre bouche .",
                  "id": "19",
                  "title": "Le Livre des dents pour les enfants. Texte et Illustrations de Harrison Wader Ferguson, docteur en chirurgie dentaire (U.S.A.). Adapté de l'anglais, par L. A. Chambrillon"
            },
            {
                  "doc_url": "https://gallica.bnf.fr/ark:/12148/bpt6k58114019",
                  "emotions": [
                        "surprise"
                  ],
                  "excerpt": "Que je suis bête , dit Brinborion , d ' aller deman ^ der mon pain , quand je puis me procurer avec m - baguette d ' aussi bonnes choses ! Mais je ne suispa marmiton , moi , pour tourner des broches ; si ces % viandes étaient cuites , je les mangerais .' Le rôt soudain répand une odeur délicieuse , el sa couleur annonce qu ' il est cuit .Brinborion dîne ' avec un bon appétit ; puis il se remet en marche pour aller se promener dans une belle plaine de blé qu ' il voit à deux pas de lui , et près d ' une belle ; maison .",
                  "id": "20",
                  "title": "Contes des fées contenant : la Belle aux cheveux d'or, l'Oiseau bleu, Brinborion, le Nain jaune, par Mme la comtesse d'Aulnoy"
            }
      ]
}