{
      "articles": [
            {
                  "doc_url": "https://gallica.bnf.fr/ark:/12148/bpt6k689447",
                  "emotions": [
                        "surprise",
                        "doubt"
                  ],
                  "excerpt": "~ C ' était même désolant pour son mari Gustave , an peu coureur , un peu noceur , mais au demeurant mari très tendre et le meilleur garçon du monde ~ Quand il rentrait le soir , après quelque ~ escapade , i ! était humé , respiré par ce nez inqui - = siteur qui ~ ' inspectait de ! a tête aux pieds , et alors ~ c ' étaient des questions bizarres Gustave , vous sentez la chartreuse ? Vous avez donc été dans un café , mon ami ? Non , j ' ai été chez les Bezuchet , Les Bezuchet ne boivent que du cherrybrandy .Vous mentez , Gustave , votre redingote exhale un parfum de musc 2 Ce n ' est pas du musc , c ' est du vétiver contre les mites .Et voire moustache , Gustave , cette moustache défrisée , humido , qui pend d ' une manière lamentable , voulez - vous m ' expliquer l ' odeur bizarre de votre moustache ? Je ne me rappelle plus comment Gustave expliquait l ' odeur étrange de sa moustache , peut - être le cigare , peut - être les crevettes , mais le fait est qu ' ainsi Sairé , espionné , reniflé chaque jour dans ses aromes les plus subtils il demandait aux cieux qu ' ils voulussent bien envoyer a son épouse Pulchérie quelque rhume incurable , quelqué coryza extravagant qui la privât de toute sensibilité nasale pour le restant de ses jours .",
                  "id": "1",
                  "title": "L'être ou ne pas l'être ?... / Richard O'Monroy"
            },
            {
                  "doc_url": "https://gallica.bnf.fr/ark:/12148/bpt6k689447",
                  "emotions": [
                        "surprise",
                        "doubt"
                  ],
                  "excerpt": "Ah ça ! L mais Son Atesse Royale se fiche du monde .On ! ? en donnera des chambres capitonnées en soie brochée pompadour , des déshabii ! ésfeuU ! ede rosé , des parfums au sandringham , des draps garnis de denteMes de BraxeMes , et surtout , surtout ' des Andrée de ConmagHc à 28 ! ouis ! Commeat ! e marquis ne Fa - t - it pas prévenu que , pour le pubH & , c ' était 80 iouis un prix fait sans discussion ni marchandage .Or , si c ' est 80 louis p6 ( Ur le - publie , c ' est bien iOO louis pour un prince , ~ pb ~ r ~ vieux prince ~ re & mécontente , elle jeta à la hâte sur ses pondes épaules un peignoir de crêpe de Chine et s ' as ~ tà son bu Un moment , rejetant en japrière d ' un geste charmant ses ! ongs cheveux ~ pars .",
                  "id": "2",
                  "title": "L'être ou ne pas l'être ?... / Richard O'Monroy"
            },
            {
                  "doc_url": "https://gallica.bnf.fr/ark:/12148/bpt6k6148354m",
                  "emotions": [
                        "surprise",
                        "joy",
                        "excitement",
                        "relief",
                        "gratitude"
                  ],
                  "excerpt": "O géant ! je t ' admire , et j ' ai cru te comprendre ! La Liberté marchait , au son d ' un mâle chant , Dans le pays de France et le soir s ' y couchant .Comme au jour qui décline on voit la moissonneuse Son travail achevé , se reposer joyeuse , La brune fille alors , humant l ' air embaumé , Attend impatiemment le pas de l ' homme aimé ; Lorsque pensant à lui , que paupière entr ' ouverte , Son indolente main , sur l ' herbe molle et verte , Rencontre par hasard l ' orlie au chaud venin : Blessée , elle se lève et pousse un cri soudain .A ce cri de la femme , à ce cri de souffrance , L ' amant vient : aussitôt il voue une vengeance .",
                  "id": "3",
                  "title": "Essai poétique, par Augustin Fitzgerald,..."
            },
            {
                  "doc_url": "https://gallica.bnf.fr/ark:/12148/bpt6k14170937",
                  "emotions": [
                        "surprise",
                        "doubt",
                        "curiosity"
                  ],
                  "excerpt": "Pensifs ils écoutaient les énigmes que leur posaient des reines lointaines .Ces princesses savantes s ’ émerveillaient : « C ’ était donc vrai ce que j ’ ai appris de toi dans mon pays ! » Elles laissaient dans l ’ air des parfums d ’ aromates ..",
                  "id": "4",
                  "title": "Jérusalem.... Quand vous passiez par nos chemins... / M. Reynès-Monlaur"
            },
            {
                  "doc_url": "https://gallica.bnf.fr/ark:/12148/bpt6k90525j",
                  "emotions": [
                        "surprise"
                  ],
                  "excerpt": "Le séléniure de fer donnerait le même résultat .jP / ' < < Le gaz hydrosé ! < < o ! que est incolore , d ' une odeur d ' œufs pourris analogue a cette du gaz hydrosulfurique , mais suivie d ' une sensation piquante et doulout - cuse .Il exerce une action Je ! etere ! , m ' l ' éconotnieanitnalo , ïnÊme & tres - petitesdoses , commeM .",
                  "id": "5",
                  "title": "Abrégé élémentaire de chimie. Partie 1 / , considérée comme science accessoire à l'étude de la médecine, de la pharmacie et de l'histoire naturelle, par J.-L. Lassaigne,..."
            },
            {
                  "doc_url": "https://gallica.bnf.fr/ark:/12148/bpt6k69993p",
                  "emotions": [
                        "surprise",
                        "disgust"
                  ],
                  "excerpt": "Nous n ' oublierons jamais que la veille de notre maladie , nous fûmes chargés par le comité central d ' examiner une de ces maisons désignées comme un foyer d ' infection .A peine avions - nous mis le pied dans son enceinte , que nous fûmes frappes de l ' odeur fétide qui s ' en exhaiait .Quatre cadraves de cholériques gisaient dans cet affreux séjour ; nous donnâmes l ' ordre de les enlever sur - le - champ et nous fimes fermer la maison .",
                  "id": "6",
                  "title": "Relation historique et médicale du choléra-morbus de Pologne / par A. Brierre-de-Boismont,..."
            },
            {
                  "doc_url": "https://gallica.bnf.fr/ark:/12148/bpt6k6566323z",
                  "emotions": [
                        "surprise",
                        "fear"
                  ],
                  "excerpt": "Involontairement , je frissonnai .Il me venait comme une vague odeur de prison .Le jardin , malgré l ' ardent éclat du soleil , était sombre jusque dans ses profondeurs .",
                  "id": "7",
                  "title": "Quand il pleut / par Paul Célières ; vignettes de Scott et M. Martin"
            },
            {
                  "doc_url": "https://gallica.bnf.fr/ark:/12148/bpt6k5804115z",
                  "emotions": [
                        "surprise",
                        "doubt"
                  ],
                  "excerpt": "< Oniato , ne serait - ce pas la voix d ' un Dieu qui parle dans la cataracte ? — Que sais - je , .Lilalpa ? que sais - je s ' il y a un autre Dieu que ce Christ qui donne une merveilleuse odeur à ses prêtres dans les bûchers mêmes ? — Chut ! chut ! Oniato .Vois donc ce cercle de lucioles sous ce palmier .",
                  "id": "8",
                  "title": "Contes angéliques, ou Le livre d'Ethel (2e éd.) / par le R. P. Faber,... ; traduit de l'anglais par le R. P. Philpin de Rivières,..."
            },
            {
                  "doc_url": "https://gallica.bnf.fr/ark:/12148/bpt6k9616854q",
                  "emotions": [
                        "surprise"
                  ],
                  "excerpt": "L ' Etain a presque la blancheur de l ' argent , mais il perd bientôt son éclat au contact de l ' air .Il n ' a que cinq fois le poids de l ' eau ; il développe une odeur désagréable , quand on le frotte , et produit un cri , quand on le tord .La nature ne le présente jamais à l ' état complet de pureté .",
                  "id": "9",
                  "title": "Histoire naturelle dans ses applications géographiques, historiques et industrielles... par Paulin Teulières,... 3e édition"
            },
            {
                  "doc_url": "https://gallica.bnf.fr/ark:/12148/bpt6k57416769",
                  "emotions": [
                        "surprise",
                        "curiosity"
                  ],
                  "excerpt": "Hier , c ' était au pauvre Charles à traverser les huées de la populace ; aujourd ' hui c ' est à moi , humiliation sur humiliation , honte sur honte , opprobre sur opprobre ; hier il n ' osait lever la tête , chacun son tour .A peine avais - je respiré l ' air infect de ce séjour de crime et d ' infamie , que la nuée de courtisanes et de , tant d ' autres femmes de vol et de débauche , qui , d ' abord , m ' avaient accueillie , se dissipa tout à coup , et , par un mouvement général de curiosité , s ' éparpilla de tous côtés .Bientôt , grimpées les unes sur les autres , elles interceptèrent le passage du jour en encombrant l ' embrasure des fenêtres .",
                  "id": "10",
                  "title": "L'orpheline de Moret. Tome 2 / par Teste d'Ouet"
            },
            {
                  "doc_url": "https://gallica.bnf.fr/ark:/12148/bpt6k55509740",
                  "emotions": [
                        "admiration",
                        "surprise",
                        "grief",
                        "envy",
                        "doubt"
                  ],
                  "excerpt": "Au long de la grande muraille Qui s ' élève auprès de ton toit , Sans qu ' on la soigne ou qu ' on la taille Une fleur d ' or au soleil croît .Sais - tu seulement qu ' elle est belle , Sais - tu seulement qu ' elle est là , La pauvre fleur de Ravenelle Que Dieu lui - même un jour sema ? Sais - tu , quand la brise discrète T ' apporte un parfum inconnu , Et sans le nommer te le jette , De quelle fleur il est venu ! Comme la fleur de Ravenelle Qui t ' embaume de sa senteur .Une autre fleur encor plus belle Pour loi seule entrouvrait son coeur .",
                  "id": "11",
                  "title": "Échos de Mont-Réal : organe officiel de l'Académie et des grands concours poétiques... / Académie Mont-Réal de Toulouse"
            },
            {
                  "doc_url": "https://gallica.bnf.fr/ark:/12148/bpt6k5437794f",
                  "emotions": [
                        "surprise",
                        "annoyance",
                        "doubt"
                  ],
                  "excerpt": "217 Qui dans un vain sonnet places au rang des dieux , Se plaisent à fouler l ' Olympe radieux ; Et tiers du haut étage où la Serre les loge ! , Avalent sans dégoût le plus grossier éloge .Tu ne te repais point d ' encens à si bas prix , Non que tu sois pourtant de ces rudes esprits Qui regimbent toujours 4 , quelque main qui les flatte , Tu « onffies la louange adroite et délicate , T ) ont la trop forte odeur n ' ébranle point les sens .Mais un auteur novice à répandre l ' encens , Souvent à son héros dans un bizarre ouvrage , Donne de l ' encensoir au travers du visage ; Va louer Monierey d ' Oudenarde forcé 5 , Ou vnnte aux électeurs Turenne repoussé tt .",
                  "id": "12",
                  "title": "Boileau, édition classique, avec des notes historiques et critiques ; auxquelles on a joint... ; publiée par M. Dubois,..."
            },
            {
                  "doc_url": "https://gallica.bnf.fr/ark:/12148/bpt6k9780160b",
                  "emotions": [
                        "surprise",
                        "fear",
                        "despair",
                        "pain",
                        "indifference"
                  ],
                  "excerpt": "Elle ne nous regarde déjà plus .Oh ! les yeux , les larges yeux blancs entre les cercles violacés des paupières ; les yeux sans vie et sans forme , vacillants et presque liquides ! Et la denture aux grains serrés , dans le centre de cette fleur de sang coagulé qu ' est la bouche ! Et le parfum acre , insinuant et énervant qui monte avec la violence d ' un cri , des aisselles mousseuses , de la gorge brune et du sexe même ; qui monte .en spirales diaboliques et s ' étend en ondes de luxure et fait pâlir nos tempes ! Elles sont là , à nos pieds : filles d ' esclaves ou de princesses , elles ont toutes l ' âme humble , les sens passifs , le cerveau vide ; elles savent seulement qu ' elles doivent , comme Salomé , faire flamber les moëlles dans les os du mâle , et elles le l ' unt avec une admirable foi .",
                  "id": "13",
                  "title": "Quelques petites âmes d'ici et d'ailleurs / E. Gómez Carrillo ; traduit de l'espagnol, par Ch. Barthez ; [préface de Marcel Lami]"
            },
            {
                  "doc_url": "https://gallica.bnf.fr/ark:/12148/bpt6k5675064v",
                  "emotions": [
                        "surprise"
                  ],
                  "excerpt": "Elle approchait de sa quarante - huitième année , quand je fus conduit auprès d ' elle par un de ses parens ; je trouvai cette malheureuse femme dans un état excessif de maigreur , avec bouffissure de la figure ; oedème des pieds et des mains ; teint plombé , peau sèche et comme racornie .J ' avais été frappé , en entrant dans la chambre de la malade , bien aérée cependant ^ d ' une odeur infecte et caractéristique ; des tampons de vieux linges , dont la malade se garnissait , étaient imbibés d ' un liquide roussâtre , séreux et mêlé d ' un sang noir , en partie dissous .Je pus sentir derrière les pubis l ' utérus peu élevé , mais largement tuméfié ; une sorte de vive arête , ou de rebord dur , séparait le fond du vagin d ' une excavation anfractueuse , ulcère qui paraissait avoir détruit presqu ' entièrement le col de l ' utérus , et s ' être avancé jusqu ' au corps de cet organe ; la malade invoquait la mort pour terminer ses horribles douleurs .",
                  "id": "14",
                  "title": "Traité théorique et pratique sur les altérations organiques simples et cancéreuses de la matrice, par F. Duparcque,..."
            },
            {
                  "doc_url": "https://gallica.bnf.fr/ark:/12148/bpt6k207168q",
                  "emotions": [
                        "surprise"
                  ],
                  "excerpt": "– Henexisteptusieurs variétés : alcool abM < H ~ < ~ ) Meym ~ , anhydre ou à 42 degrés de l ' aréomètre de Baumé ; celui du commerce marque 32 à 36 degrés , et le plus souvent 32 , ou esprit trois - six , parce que trois bouteilles d ' alcool peuvent fournir six bouteilles d ' eau - de - vie .Liquide , incolore , d ' une odeur sui generis , d ' une saveur chaude , piquante , miscible à l ' eau qu ' il peut surnager , et beaucoup plus léger qu ' elle i votatit il s ' enflamme à l ' approche d ' un corps en combustion , et brûle avec une flamme bleuâtre .It n ' altère pas le vin , le café , le cidre il produit un trouble dans toutes les matières animales liquides qni renferment de l ' albumine ; aussi un grandnombredeliqueurs animales sont - elles modifiées par lui dans leur aspect .",
                  "id": "15",
                  "title": "Médecine légale, théorique et pratique : avec le texte et l'interprétation des lois relatives à la médecine légale. T. 2 / par A. Devergie,... ; revus et annotés par J.-B.-F. Dehaussy de Robécourt,..."
            },
            {
                  "doc_url": "https://gallica.bnf.fr/ark:/12148/bpt6k405674z",
                  "emotions": [
                        "surprise"
                  ],
                  "excerpt": "Extérieurement , on n ' en voit rien , qu ' une triste façade de mausolée , dont les pierres noirâtres sont envahies par les herbes des ruines au milieu , une antique porte de forteresse aux clous énormes , toute déjetée sous son armature de fer , et un seuil de fer , usé sous les pas des pieuses foules .Dès l ' entrée , une obscurité subite , une âcre odeur de moisissure et de caverne , où se mêle le parfum de l ' encens ; des haillons suspendus , des grabats sordides et défaits , qui servent aux gardiens de ce lieu rempli d ' argent et d ' or .On a devant soi un escalier monumental qui s ' enfonce dans la terre , sous une sorte de nef d ' église , inclinée aussi et en descente rapide , comme l ' escalier , vers les profondeurs obscures .",
                  "id": "16",
                  "title": "Jérusalem (Quarante-septième édition) / Pierre Loti,..."
            },
            {
                  "doc_url": "https://gallica.bnf.fr/ark:/12148/bpt6k96171588",
                  "emotions": [
                        "surprise",
                        "doubt"
                  ],
                  "excerpt": "Il avoua son crime : il voulait assassiner son maître , et ses amis devaient l ' aider à dévaliser la maison .Or , comment ce chien , habitué à vivre avec ce valet , put - il se décider à lui sauter à la gorge , avant aucun acte d ' hos - tilité ? Avait - il senti le pistolet , la poudre ? C ' est possible ; mais je crois plutôt que l ' émotion extraordinaire de cet homme , prêt à commettre une telle atrocité , avait produit une émanation de corpuscules plus odorants , et qui ne ressemblaient en rien à ceux que le chien sentait ordinairement .Le sens de l ' odorat est tellement parfait chez le chien , qu ' il fait faire à cet animal des choses dont , malgré notre esprit , nous serions incapables .",
                  "id": "17",
                  "title": "Histoire du chien chez tous les peuples du monde : d'après la Bible, les Pères de l'Eglise, le Koran, Homère, Aristote, Xénophon, Hérodote, Plutarque... / par Elzéar Blaze,..."
            },
            {
                  "doc_url": "https://gallica.bnf.fr/ark:/12148/bpt6k64847550",
                  "emotions": [
                        "surprise",
                        "desire",
                        "nostalgia",
                        "courage",
                        "faith"
                  ],
                  "excerpt": "Enfin , de ta liqueur , lentement reposée , Dans le vase fumant la lie est déposée ; Ma coupe , ton nectar , le miel américain , Que du suc des roseaux exprima l ' Africain , Tout est prêt ; du Japon l ' émail reçoit tes ondes , Et seul tu réunis les tributs des deux mondes .Viens donc , divin nectar ! viens donc ; inspire - moi : Je ne veux qu ' un désert , mon Antigone et toi ! A peine j ' ai senti ta vapeur odorante , Soudain de ton climat , la chaleur pénétrante Réveille tous mes sens ; sans trouble , sans chaos , Mes pensers , plus nombreux , accourent à grands flots .Mon idée était triste , aride , dépouillée ; Elle rit , elle sort richement habillée ; Et je crois , du génie éprouvant le réveil , Boire dans chaque goutte un rayon du soleil Les auteurs de Fanchon la vielleuse ont mis ce joli couplet dans la bouche de l ' abbé de Lattaignant , en parlant du café : A ceux que l ' âge refroidit Il rend la chaleur et la vie , A l ' hymen , qui s ' en applaudit , Parfois il cause une insomnie .",
                  "id": "18",
                  "title": "Le Gastronome français, ou L'art de bien vivre , par les anciens auteurs du Journal des gourmands, MM. G. D. L. R***, D. D***, Gastermann, G***, Clytophon, Charles Sartrouville C. L. C***, C***, Marie de Saint-Ursin, B*** etc. : Ouvrage mis en ordre, accompagné de notes, de dissertations et d'observations par M. C***"
            },
            {
                  "doc_url": "https://gallica.bnf.fr/ark:/12148/bpt6k14797327",
                  "emotions": [
                        "admiration",
                        "surprise",
                        "excitement",
                        "curiosity"
                  ],
                  "excerpt": ".Quelle merveille et quelle grandeur que le roulement des vagues de l ' océan déferlant sur la grève immense : elles se heurtent l ’ une l ’ autre , troupeau apocalyptique , se lançant par dessus les murailles de roches qui les enserrent , les frangeant de leur blanche écume chargée de sels qui peuvent avoir aussi bien amassé leur parfum âpre et sauvage sur les sables d ’ Afrique qu ’ au pied des falaises du Nouveau Monde .Quelle beauté sereine n ’ offrent donc pas les prairies tranquilles sur lesquelles , illuminée par le soleil couchant , la lame brillante du faucheur paraît par moments une immense flamme de sang .",
                  "id": "19",
                  "title": "Revue illustrée de photographie / [Charles Mendel, dir.-gérant]"
            },
            {
                  "doc_url": "https://gallica.bnf.fr/ark:/12148/bpt6k5810502r",
                  "emotions": [
                        "surprise",
                        "disgust"
                  ],
                  "excerpt": "D ' un côté étaient les débris de tissus plus ou moins maculés , de l ' autre des papiers de toutes provenances ; et puis , épars çà et là , des cônes d ' os et de morceaux de pain .Il y avait aussi des bouchons et du verre cassé ; et dans l ' air , je le répète , une odeur suffocante qui , tout d ' abord , m ' avait cloué au seuil .Et j ' entrai , y étant , du reste , invité par une femme vieillie qui accourut à mon appel et m ' introduisit dans la seconde pièce , séparée de la première par une cloison de planches .",
                  "id": "20",
                  "title": "Souvenirs d'Afrique et d'ailleurs, par le Dr Antoine Badour,..."
            }
      ]
}