{
      "articles": [
            {
                  "doc_url": "https://gallica.bnf.fr/ark:/12148/bpt6k5452121g",
                  "emotions": [
                        "surprise",
                        "disappointment"
                  ],
                  "excerpt": "— Lorsque tout se résume Par mesures , par poids , par doit et par avoir , Lorsqu ' on entend partout et la scie et l ' enclume , Dans un siècle où l ' amour se fait sur le comptoir , Quand les rails , le charbon , l ' asphalte et le bitume Sont les plus grands rivaux qu ' un amant puisse avoir , LU .Oh ! ce n ' est plus assez d ' arriver à la vie , Comme y viendrait un lys éclos par un beau jour , D ' exhaler comme lui son parfum d ' ambroisie , Et faire de son coeur un calice d ' amour : L ' air du siècle est mortel à toute poésie ; Les dieux , les dieux s ' en vont ! — marchands à votre tour ! € f ) cmt ÎDeimèmf , I .Mark n ' avait pas toujours été , ma belle dame , Ce que vous l ' avez vu tout à l ' heure , un vaurien , Un fou , qui douterait si vous avez une ame ; Qui fait à tout hasard le mal comme le bien , Et laisse , à chaque mot , tomber une épigramme , Ainsi que font les gens qui ne croient plus à rien , 30 II .",
                  "id": "1",
                  "title": "Mark : poème / Ausone de Chancel"
            },
            {
                  "doc_url": "https://gallica.bnf.fr/ark:/12148/bpt6k63595106",
                  "emotions": [
                        "surprise",
                        "doubt"
                  ],
                  "excerpt": "S ' ils avaient pour boussole une olfaction analogue à la nôtre , s ' ils étaient guidés par des atomes odorants dissous dans l ' air , c ' est en sens inverse que devrait se faire leur arrivée .Venus du midi , on pourrait les croire informés par les effluves que le vent entraîne ; venus du nord , par ce temps de mistral , souverain balayeur de l ' atmosphère , comment supposer qu ' ils ont perçu à grande distance ce que nous appelons une odeur ? Ce reflux des molécules odorifères , à contresens du torrent aérien , me semble inadmissible .Pendant une paire d ' heures , par un soleil radieux , les visiteurs vont et viennent devant la façade du cabinet .",
                  "id": "2",
                  "title": "Souvenirs entomologiques : études sur l'instinct et les moeurs des insectes. Série 7 / J. H. Fabre"
            },
            {
                  "doc_url": "https://gallica.bnf.fr/ark:/12148/bpt6k63595106",
                  "emotions": [
                        "surprise",
                        "doubt",
                        "frustration"
                  ],
                  "excerpt": "Tous les goûts sont de ce monde .Pourquoi , parmi les insectes amateurs de l ' arome des morts , certains n ' auraient - ils pas semblables usages ? Dermestes et Saprins viennent au serpentaire ; l ' entière journée ils y grouillent en cohue , quoique libres de s ' en aller ; de nombreux y périssent dans le tumulte de l ' orgie .Ce qui les retient , ce n ' est pas grasse provende , car la fleur ne leur fournit rien à manger ; ce n ' est pas affaire de ponte , car ils se gardent bien d ' établir leurs vers en ce lieu de famine .",
                  "id": "3",
                  "title": "Souvenirs entomologiques : études sur l'instinct et les moeurs des insectes. Série 7 / J. H. Fabre"
            },
            {
                  "doc_url": "https://gallica.bnf.fr/ark:/12148/bpt6k6565911h",
                  "emotions": [
                        "surprise",
                        "disgust",
                        "nervousness",
                        "embarrassment",
                        "disappointment"
                  ],
                  "excerpt": "La quatrième classe des eaux de Roussillon com - prend les eaux alcalines martiales ; telles sont les eaux de Sorede et de Colliouvre .Celle de Sorede a un goût piquant et laisse un sentiment d ' astriction dans la bouche ; elle dépose sur les lieux oit elle passe un sédiment ferrugineux .La source qu ' on trouve près Colliouvre , dans une vigne , au pied de la montagne , a le goût et l ' odeur ferrugineux , et dépose un sédiment de la même nature .",
                  "id": "4",
                  "title": "Essai sur les eaux minérales naturelles et artificielles, par E.-J.-B. Bouillon-Lagrange,..."
            },
            {
                  "doc_url": "https://gallica.bnf.fr/ark:/12148/bpt6k103418m",
                  "emotions": [
                        "surprise"
                  ],
                  "excerpt": "En passant le seuil de la porte , une bouffée .d ' air chaud avec des relents de corps de garde me frappe le visage en face de moi se trouve un grand bâtiment en maçonnerie élevé d ' un seul étage avec une galerie en haut et cn bas tout autour de la cour , une autre galerie analogue à celle des cloîtres , sur laquelle s ' ouvrent des - portes à claire - voie .Le clairon vient de sonner ; les tirailleurs , placés sur deux rangs , répondent à l ' appel .",
                  "id": "5",
                  "title": "Cinq Ans de séjour au Soudan français / par Eugène Béchet,..."
            },
            {
                  "doc_url": "https://gallica.bnf.fr/ark:/12148/bpt6k5564419k",
                  "emotions": [
                        "surprise"
                  ],
                  "excerpt": "Au premier étage , dans une petite pièce dont le mobilier étoit composé d ' un lit , d ' une petite table , d ' un vieux fauteuil dépouillé de sa garniture , d ' un vieux coffre sans serrure7 Abraham étoit assis devant la table , la tête renversée sur le dossier du fauteuil , la main appuyée sur du papier , et , dans ses doigts déjà roides , tenant encore une plume ; une petite lampe en fer - blanc , souillée de vieille huile encrassée et de rouille , brûloit , pâle et foible ; il 1 ' avoit allumée pour éclairer sa veillée , la mort s ' en servoit pour éclairer son oeuvre .Les deux visiteurs s ' arrêtèrent à deux pas , retenant leur haleine , et portant à leur nez ( 135 ) les vapeurs de la fiole pour échapper aux vapeurs de la peste .— Dort - il ? demanda bien bas le terrassier .",
                  "id": "6",
                  "title": "Nostradamus, par Hippolyte Bonnellier. Tome 1"
            },
            {
                  "doc_url": "https://gallica.bnf.fr/ark:/12148/bpt6k56126576",
                  "emotions": [
                        "surprise",
                        "nervousness",
                        "despair",
                        "frustration"
                  ],
                  "excerpt": "Tel le Partho jadis , en sa fuito rapido Lançait aux ennemis uno flècho intrépide — 15 — Et , trompant lour valeur par ce dernier effort , Quand il semblait vaincu frappait le coup do mort .Dès lors Morphéo en vain prodigua - t - il ses charmes Au ministre agité par do sombres alarmes : « Quoi ! Gambetla le veut ! j ' obéirai , dit - il , « Oui , nous dissiperons tous ces parfums d ' avril ! » Pour la première fois , Zêphyrin le nocturne Parlo do travailler à la clarté diurne ; L ' aube qui le voyait autrefois so couchor , Reculo on lo trouvant debout , prêt à marcher .Mais lui , dans les ardeurs du feu qui le dévore , Il cherche un vase intime et non point inodore ; Il y plongo sa plume , ou plutôt son stylet Et cette encre signa l ' arrêt de Frigolet .",
                  "id": "7",
                  "title": "Le siège de Frigolet / poème en six chants ; par Jehan de La Tour d'Aillane et J.-M. Villefranche..."
            },
            {
                  "doc_url": "https://gallica.bnf.fr/ark:/12148/bpt6k5406135c",
                  "emotions": [
                        "surprise"
                  ],
                  "excerpt": ".Porte et diffusible , l ' odeur d ' acétone entraîne parfois de îâ céphalée et des étourdissements , ■ chez les personnes qui vivent .avec un diabétique .",
                  "id": "8",
                  "title": "Essai sur les odeurs du corps humain dans l'état de santé et dans l'état de maladie (2e édition) / par Ernest Monin,..."
            },
            {
                  "doc_url": "https://gallica.bnf.fr/ark:/12148/bpt6k5463914p",
                  "emotions": [
                        "surprise"
                  ],
                  "excerpt": "Dès qu ' on entre avec une lumière dans cette pièce , CHAPITRE VII 105 le mélange fait explosion .L ' odeur du gaz d ' éclairage pourrait donner l ' alarme , si , avant d ' apporter une lumière , on pénétrait dans la pièce où l ' air est ainsi vicié .La préparation de l ' hydrogène bicarboné pur mérite de fixer l ' attention .",
                  "id": "9",
                  "title": "Premiers enseignements de chimie (Troisième édition) / par Ad. Focillon"
            },
            {
                  "doc_url": "https://gallica.bnf.fr/ark:/12148/bpt6k6137006x",
                  "emotions": [
                        "surprise",
                        "joy",
                        "excitement",
                        "relief",
                        "amusement"
                  ],
                  "excerpt": "C ' est ça ! .Oui , ce n ' est que ça , Ah ! Vous ne l ' avez pas , Ce petit ça , C ' est ça ! Défilé des Modes Air : Marche des Policemen Mlle DHERVILLY Les Modèles de Printemps Les Modèles de printemps , Regardez les , sont épatants ; C ' est rose et frais , Ça sent le mois de mai , C ' est clair et parfumé Ainsi qu ' un lilas embaumé .Frais et tentants Modèles de printemps .",
                  "id": "10",
                  "title": "La Soirée parisienne : revue illustrée des théâtres / directeur Henri Dauvin"
            },
            {
                  "doc_url": "https://gallica.bnf.fr/ark:/12148/bpt6k3040256r",
                  "emotions": [
                        "surprise",
                        "excitement"
                  ],
                  "excerpt": "Chez les jeunes filles qu ’ un excès de civilisation n ’ a point perverties , la préoccupation de s ’ étudier et de s ’ analyser n ’ existe pas .Les sensations naissent spontanément et abondamment , comme une végétation de printemps dans un bois ; elles ouvrent si brusquement leurs fleurs éclatantes , qu ’ on n ’ a le temps ni de les compter ni d ’ en préciser le parfum .La merveilleuse floraison d ’ amour poussait déjà dans le cœur de Thérèse , sans qu ’ elle pensât encore à s ’ interroger sur la nature de ces troublantes odeurs qui lui montaient au cerveau .",
                  "id": "11",
                  "title": "L'affaire Froideville : moeurs d'employés / par André Theuriet"
            },
            {
                  "doc_url": "https://gallica.bnf.fr/ark:/12148/bpt6k5626640f",
                  "emotions": [
                        "surprise",
                        "doubt",
                        "nervousness",
                        "indifference"
                  ],
                  "excerpt": "De toutes les souffrances physiques auxquelles l ' homme est assujetti , il n ' en est pas de plus atroces que celles connues sous le nom de rage de dents .Après celte peinture effrayante , et malheureusement trop vraie , peut - on ne pas s ' étonner que des gens riches , qui ne sont pas dépourvus de lumières , que dessavanset , ( l ' oser ai - je dire ? ) des médecins , par une inconcevable incurie , négligent des soins ' dont l ' omission les expose à ne plus ouvrir la bouche sans être pour la vue et l ' odorat des êtres repoussans .TARTRL La .",
                  "id": "12",
                  "title": "Quelques mots sur les maladies des dents et des gencives et sur l'importance des soins hygiéniques à donner à la bouche, par Léon,..."
            },
            {
                  "doc_url": "https://gallica.bnf.fr/ark:/12148/bpt6k58310944",
                  "emotions": [
                        "surprise"
                  ],
                  "excerpt": ".pseau originaire d ' Amérique , que l ' on we dans les jardins et dont les feuilles , « semblables à celles de la menthe , exw , lorsqu ' on les froisse , une odeur citronnée citronnée Leur infusion est excitante , stomachique et antispasmodique .VESICATOIRES OU EXUTOIRES .",
                  "id": "13",
                  "title": "L'Officine, ou Répertoire général de pharmacie pratique... / par Dorvault,..."
            },
            {
                  "doc_url": "https://gallica.bnf.fr/ark:/12148/bpt6k56004974",
                  "emotions": [
                        "surprise"
                  ],
                  "excerpt": "■ Sans prendre la peine de se porter à l ' affût , voulait - il mettre en fuite les sangliers , qui , très abondants à Massonge , terrés le jour dans les plus épais halliers de la foret , venaient chaque nuit ravager les champs avoisinants , il plantait au milieu de son jardin deux ou trois de ces joncs très flexibles qui lui servaient de lignes , et attachait une sonnette à leur extrémité supérieure .Au moindre souffle , les joncs de se balancer , les sonnettes de sonner , et lès sangliers , dont l ' ouïe et l ' odorat sont bien plus développés que la vue , de tourner bride et déguerpir bien vite .Pour contraindre un cheval à se relever , ou un âne , un boeuf , une bête quelconque , tombée à terre par accident ou par fatigue , Jean le Sauvage , au lieu de la frapper à tour de bras ou de lui aiguillonner les flancs , se bornait à lui boucher les naseaux avec ce qu ' il rencontrait sous la main , une touffe d ' herbe ou de foin , un linge ou du papier même : instinctivement l ' animal se redresse afin de chercher en haut l ' air qui lui manque .",
                  "id": "14",
                  "title": "Les quatre fils Hémon / Albert Cim ; ouvrage illustré de 62 gravures dessinées par Édouard Zier"
            },
            {
                  "doc_url": "https://gallica.bnf.fr/ark:/12148/bpt6k6210663j",
                  "emotions": [
                        "surprise"
                  ],
                  "excerpt": "Tous aussitôt se transportèrent sur le lieu de la sépulture , et , ayant examiné curieusement le corps de tous côtés , ils le trouvèrent entier et sans aucune corruption .Les habits sacerdotaux dont il était revêtu n ' avaient été nullement endommagés par la chaux ; et ce qui étonna le plus tout le monde , le saint corps exhalait une odeur si douce et si agréable , qu ' au rapport de plusieurs qui étaient présents , les parfums les plus exquis n ' en approchaient point , et qu ' il paraissait que c ' était une odeur céleste .Alors ces gens , qui , pour flatter la passion du gouverneur de Malaca , avaient maltraité le père Xavier pendant sa vie , l ' honorèrent enfin après sa mort , et plusieurs lui demandèrent pardon de l ' avoir abandonné dans sa maladie par une lâche complaisance .",
                  "id": "15",
                  "title": "La Vie de saint François Xavier, apôtre des Indes et du Japon, d'après le R. P. Bouhours"
            },
            {
                  "doc_url": "https://gallica.bnf.fr/ark:/12148/bpt6k5724109j",
                  "emotions": [
                        "surprise"
                  ],
                  "excerpt": "SYMPOMATOLOGIE 375 Signalons , en passant , l ' odeur qui s ' exhale de la bouche des lépreux , tantôt douce et fade , tantôt fétide .L ' odeur d ' une salle de lépreux a quelque chose de « sui generis » ; elle rappelle à la fois celle des varioleux et l ' odeur fade de cadavre .L ' oeil est très souvent atteint ; nous avons mentionné déjà les lépromes des paupières .",
                  "id": "16",
                  "title": "La Léprose, par le Dr Dom Sauton,..."
            },
            {
                  "doc_url": "https://gallica.bnf.fr/ark:/12148/bpt6k65884g",
                  "emotions": [
                        "surprise",
                        "disgust"
                  ],
                  "excerpt": "Car le briquetier était un braconnier fameux , et on le soupçonnait , quoiqu ' il n ' y eut point de preuve évidente contre lui , d ' avoir blessé à la jambe , d ' un coup de fusil , un garde - chasse du voisinage .Quoi qu ' il en fût , il est certain que peu de temps après cet événement , qui colncidait avec t ' arrivée d ' un missionair < * prêcheur a Treddte ~ ton , on avait observé un grand changement ctu ' z le briquetier ; et bien qu ' il fût encore connu dans te voisinage ~ sous l ' ancien sobriquet de Pierre à - Soutre , il n ' avait rien tant en horreur que d ' avoir encore quelques relations avec cet élément de mauvaise odeur .C ' était un individu à large poitrine et à tempérament chaud , ce qui lui rendait plus facile de se pénétrer d ' idées religieuses que d ' aoquéHr d ' une manière sèche la connaissance ptua humaine de l ' aiphabet .",
                  "id": "17",
                  "title": "Adam Bede. Tome 1 / George Eliot ; roman traduit de l'anglais... par F. d'Albert-Durade"
            },
            {
                  "doc_url": "https://gallica.bnf.fr/ark:/12148/bpt6k5152239s",
                  "emotions": [
                        "surprise",
                        "doubt"
                  ],
                  "excerpt": "U invoque la nécessité .Qui l ’ aurait cru î Mais puisqu ’ il le dit , il faut bien le croire ! « C ’ est pour chasser les mauvaises odeurs que l ’ on recourt aux parfums / » Cela n ’ est pas spécial de notre époque .Elégants ou élégantes de tous les siècles , écoutez Martial : « C ’ est suspect de toujours sentir bon ! O Posthume , on sent mauvais quand on sent bon : male olet qui bene olet ! » Je lui passe cet apophtegme ; je lui chercherais plus volontiers chicane , au sujet de ce qu ’ il ajoute : « Je préfère que tu sentes l ' ail ! » Tous les goûts sont dans la nature : mais ceci me fait faire la grimace .",
                  "id": "18",
                  "title": "Le Rappel algérien. Le Courrier d'Oran. La Tribune de l'Oranie. Journal républicain [\"puis\" La Revue de l'Oranie. Journal républicain]"
            },
            {
                  "doc_url": "https://gallica.bnf.fr/ark:/12148/bpt6k6518577f",
                  "emotions": [
                        "surprise",
                        "nostalgia"
                  ],
                  "excerpt": "Le sol et l ' onde se rapprochent , les maisons grandissent , la vie terrestre précise ses dessins et ses taches .Les senteurs émanées de la ville , de la campagne et des flots se confondent en un arome ténu , dilué dans le parfum subtil des airs , et mes lèvres entr ' ouvertes aspirent des sorbets de lumière odorante .Bientôt commencent les spirales dont la dernière effleurera l ' eau .",
                  "id": "19",
                  "title": "Les vagabonds de la gloire. 2e série, Trois étapes : l'armée d'Orient, l'aviation maritime, l'Italie / par René Milan"
            },
            {
                  "doc_url": "https://gallica.bnf.fr/ark:/12148/bpt6k5846534d",
                  "emotions": [
                        "surprise",
                        "doubt"
                  ],
                  "excerpt": "Si Pair est agité par un vent moelleux , doux & tempéré , l ' odorat des chiens reçoit aisément le léger sentiment que Ia bête qu ' ils poursuivent laisse & communique à la terre & aux plantes en Ia touchant de ses pieds ou de son corps .Si , au contraire , l ' air est agité , fouetté ; battu par un vent violent , aigre , tempestueiix , froid & corrompu , cette subtile & délicate odeur de la bête s ' évanouit , se perd & se confond de telle sorte \" dans la corruption que l ' air ■ a reçu de .ce mauvais vent , qu ' il n ' en reste qu ' une très - petite partie à Podqrat des chiens .",
                  "id": "20",
                  "title": "Vénerie normande, ou L'école de la chasse aux chiens courants, pour le lièvre, le chevreuil, le cerf, le daim, le sanglier, le loup, le renard & la loutre ... avec les tons de la chasse... et un traité des remèdes, un traité sur le droit de suite et un dictionnaire des termes de chasse, etc. Par M. Le Verrier de La Conterie,..."
            }
      ]
}