{
      "articles": [
            {
                  "doc_url": "https://gallica.bnf.fr/ark:/12148/bpt6k6209808j",
                  "emotions": [
                        "surprise"
                  ],
                  "excerpt": "Mes yeux Ne savent qu ' y chercher l ' image de l ' absente .Le parfum d ' un fantôme est le seul que je sente ! Il sort par le fond .SCÈNE II TULLIA , entrant à droite .",
                  "id": "1",
                  "title": "Oeuvres complètes de Léon Dierx"
            },
            {
                  "doc_url": "https://gallica.bnf.fr/ark:/12148/bpt6k6209808j",
                  "emotions": [
                        "surprise"
                  ],
                  "excerpt": "Écoute ! Il n ' est qu ' un chant qui sorte De ce verger silencieux .Il n ' est qu ' un souffle sur la lande , Qu ' un feu de pâtre à l ' horizon , Et tout autour de la maison Qu ' un seul parfum qui se répande .Dans le bleu clair de cette nuit Il n ' est qu ' une cloche qui tinte , Qu ' une hirondelle , hors d ' atteinte , Qu ' une voile sur l ' eau sans bruit .",
                  "id": "2",
                  "title": "Oeuvres complètes de Léon Dierx"
            },
            {
                  "doc_url": "https://gallica.bnf.fr/ark:/12148/bpt6k6209808j",
                  "emotions": [
                        "surprise",
                        "fear",
                        "nostalgia",
                        "courage",
                        "gratitude",
                        "nervousness"
                  ],
                  "excerpt": "Le vent amoureux qui de près les suit Disperse ou confond leurs fluides trames ; On dirait des âmes ! Rassemblant l ' essor des désirs épars , Ivre du céleste et dernier voyage , A quelque âme errante unie au passage , Mon âme ! là - haut , tu me fuis , tu pars Comme un blanc nuage ! M ■ EttC 1 ^ 1 O Mencia , fille aux yeux noirs ! Droite et muette , les beaux soirs , Sous la tonnelle , Pourquoi jouer de la prunelle , Si vous avez si peur des vœux Et des aveux ? 0 Mencia , fille alléchante ! Si vous savez tout ce qui chante En vos vingt ans , Sous les clochettes du printemps Pourquoi vouloir rester geôlière D ' une volière ? Ma jeune fée au cœur profond , 0 Mencia , la fille brune ! Seule à la brune , Si vous sentez quel mal nous font Rien que trois mots qu ' on veut vous dire , Pourquoi sourire ? Pourquoi vous taire en la saison Où le sang bat , bout et pétille , Ardente fille , Si vous brûlez comme un tison , 0 Mencia ! jetant votre âme Comme une flamme ? Pourquoi montrer vos soifs d ' enfers , 0 Mencia , la fille étrange ! Aux miels offerts , Si vous croyez qu ' un ciel se venge De ces baisers que tout exprès Vous tenez prêts ? Pourquoi vous clore , fille avare , 0 Mencia ! si vous luisez Comme un vrai phare ? Voulez - vous donc , les bras croisés , Porter à Dieu l ' éclat coupable Qui vient du Diable ? LE RETOUR LE seuil disait : cc C ' est lui , ton joyeux chien de garde ! Voyageur revenant chez toi d ' un pas si lourd , Qu ' as - tu donc écouté si tu demeures sourd ? » — La nuit disait : cc Je suis pleine d ' astres .Regarde ! Reconnais ta maison , voyageur oublieux Qui vas les mains aux murs et dont le pied trébuche ! Rentre , sans redouter de piège ni d ' embûche ! Qu ' as - tu donc voulu voir qui t ' a brûlé les yeux ? » — Le vent disait : « Vers toi je souffle , et je t ' apporte Le salut parfumé des fleurs de ton jardin , Vierge appel d ' un amour éclos sous ton dédain .Voyageur hésitant , debout contre ta porte , Bien vite mets la clef , ce logis est le tien , Plein du tressaillement des formes familières ! Rentre , et souris de loin aux tempêtes dernières ! Qu ' as - tu donc respiré si tu ne sens plus rien ? » — La serrure disait : « Si ta main tremble , appelle L ' épouse délaissée et fidèle toujours Qui pleure à tes départs et chante à tes retours ! Sous l ' idéal reflet de sa lampe immortelle , Elle est seule là - haut qui t ' aime et qui t ' attend , Celle dont le baiser guérit toute blessure ! Voyageur revenu de la patrie obscure , Qui restes là dehors , inerte et repentant , Rentre pour contempler en paix hommes et choses Dans le serein mépris des désirs superflus ! Qu ' as - tu donc dit en vain , si tu ne parles plus ? » — Et la maison disait : « Des fenêtres mal closes Tous les vieux souvenirs , tous les futurs espoirs Dans l ' ombre jusqu ' à toi filtrent par mille issues .",
                  "id": "3",
                  "title": "Oeuvres complètes de Léon Dierx"
            },
            {
                  "doc_url": "https://gallica.bnf.fr/ark:/12148/bpt6k209778g",
                  "emotions": [
                        "surprise",
                        "doubt",
                        "curiosity"
                  ],
                  "excerpt": "On veut chercher - le mieux , on a tort ; c ' est toujours l ' ennemi du bien .Qu ' arrive - t - il alors ? c ' est que votre pou larde ne sent que la truffe ; il n ' y a plus de ce mélange s < nave de l ' odeur d ' une viande rôtie à point et de Fodeui du tubercule par excellence .Coupez toujours dss truffes par bandes carrées de I : largeur d ' une pièce de vingt sous , et ne les râpez pa , comme on pourrait faire du chocolat .",
                  "id": "4",
                  "title": "Dictionnaire des ménages : répertoire de toutes connaissances usuelles, encyclopédie des villes et des campagnes. T. 2 / par Anthony Dubourg,..."
            },
            {
                  "doc_url": "https://gallica.bnf.fr/ark:/12148/bpt6k209778g",
                  "emotions": [
                        "surprise",
                        "doubt"
                  ],
                  "excerpt": "Les acides végétaux , tels que le vinaigre , le jus de citron , d ' une part , et l ' ean bouillanterement alcalisée ; de l ' autre , sont les deux moyens les plus avantageux à employer dans cette circonstance .Il ' n ' est pas vrai , comme quelques personnes le pensent que , dans aucun cas , les moisissures soient un poison ; siefles produisent quelquefois le vomissement et des douleurs d ' estomac , cela est dû à leur odeur et à l ' effet de l ' imagination .Préservatifs contre là .",
                  "id": "5",
                  "title": "Dictionnaire des ménages : répertoire de toutes connaissances usuelles, encyclopédie des villes et des campagnes. T. 2 / par Anthony Dubourg,..."
            },
            {
                  "doc_url": "https://gallica.bnf.fr/ark:/12148/bpt6k54632022",
                  "emotions": [
                        "admiration",
                        "surprise",
                        "disgust"
                  ],
                  "excerpt": "En outre , tout le jour sa rétine ne connut guère que des images visuelles se rapportant à la mer .L ' olfaction elle - même avait été impressionnée d ' une manière très intense par ce l ' odeur marine » .Et puis , dans la journée , notre homme s ' était appliqué à lire un travail que Sémanas venait de publier sur le mal de mer .",
                  "id": "6",
                  "title": "Traitement psychologique du mal de mer et des vertiges de la locomotion : chemin de fer, omnibus, tramway, etc. / Dr Paul Farez,..."
            },
            {
                  "doc_url": "https://gallica.bnf.fr/ark:/12148/bpt6k5488411t",
                  "emotions": [
                        "surprise",
                        "love"
                  ],
                  "excerpt": "En retour de l ' hospitalité qu ' il avait reçue il séduisit la pauvre fille à qui il devait la vie , elle prit les désirs d ' un libertin pour des témoignages d ' amour , et fut perdue .Respirer le premier le parfum de cette fleur sauvage , était un attrait pour lui ; par son souffle en échange , il pouvait lui donner la mort , eh ! que lui importait Elle l ' aima la pauvre enfant ! et saiton ce que c ' est pour une fille des champs que l ' as - — 177 — cendant d ' un homme du monde habile à tromper ? ce sont des surprises , des joies , des fascinations indicibles ; pour qui n ' a rien entendu de pareil , de telles paroles semblent venues du ciel même .Oh ! oui , ils sont beaux les accents de l ' homme qui emprunte le langage de l ' amour ! comme la lyre d ' Amphion , il élève les palais enchantés , c ' est l ' initiation la plus intime aux mystères d ' une vie idéale , telle qu ' on la rêve aux jours de la jeunesse .",
                  "id": "7",
                  "title": "Une Âme d'enfer, par Mme Adèle Daminois"
            },
            {
                  "doc_url": "https://gallica.bnf.fr/ark:/12148/bpt6k54627650",
                  "emotions": [
                        "surprise",
                        "disgust"
                  ],
                  "excerpt": "( 238 ) pîication qu ' était due l ' odeur de souris qu ' exhalaient les malades des n 0 \" 6 et i4 , let .ire ; je suis d ' autant plus porté à le croire , que j ' ai remarqué la même odeur chez plusieurs malades affectés de maladie des voies urinaires .C ' est encore au défaut de perception des sensations qu ' il faut attribuer la difficulté des vomissemens , toutes les fois que le cerveau est gravement affecté , comme dans les apoplexies et les ramollissemens .",
                  "id": "8",
                  "title": "Recherches anatomico-pathologiques sur l'encéphale et ses dépendances"
            },
            {
                  "doc_url": "https://gallica.bnf.fr/ark:/12148/bpt6k6298488c",
                  "emotions": [
                        "surprise",
                        "optimism",
                        "courage",
                        "excitement",
                        "nervousness"
                  ],
                  "excerpt": "Puis c ' est un parfum blanc ! je suis dans la bruyère ! Je cours ! Un parfum vert sort des pins argentés ! .Tout se trouble ! Et voici que dans ma griserie La terre est lumineuse et la nue est fleurie ! Je ne distingue plus les parfums des clartés ! Soudain je crois planer ! Je suis sur une cime ! Tout est miroitement ! Tout jette un trait vermeil ! Mon âme par mes yeux prend un bain de soleil Et j ' ai d ' un monde en feu la vision sublime : L ' Estérel au granit pourpre .un embrasement ! .",
                  "id": "9",
                  "title": "La plante : fleurs, feuillage, fruits, légumes, dans la nature et la décoration / par G. Fraipont,..."
            },
            {
                  "doc_url": "https://gallica.bnf.fr/ark:/12148/bpt6k5467945g",
                  "emotions": [
                        "surprise",
                        "nostalgia",
                        "pride",
                        "gratitude",
                        "doubt",
                        "disappointment",
                        "guilt"
                  ],
                  "excerpt": "XVI Viens , toi qui m ' es lointaine et qui fus la première , Et viens , toi qui , plus tard , renversant sur mon coeur Ton coeur , vase rempli de fiel et de poussière , Me fis royalement le don de la douleur , Et toi qui , savoureuse , humble , rustique , claire , Réunissais en toi comme pour mieux me plaire , Le goût d ' un fruit sauvage et le nom d ' une fleur .Et toi qui , revenant de Perse et de Judée , Lorsque c ' était l ' automne et que je te connus , Paraissais en tenir ta bouche trop fardée PERSÉPHONE 92 Tes yeux trop noirs , l ' ardeur qui gonflait tes seins nus , Et qui , reine à mes yeux de l ' un de ces royaumes , En rapportais , avec de merveilleux aromes , Quatre anneaux d ' or rivés à tes poignets menus .Des parfums sur le corps et des contes plein l ' âme , Tu me semblais , collant mes lèvres à ta chair , T ' être baignée au moins sept mois dans le cinname , Attendre Assuérus et te nommer Esther .",
                  "id": "10",
                  "title": "Perséphone : poème / Charles Derennes"
            },
            {
                  "doc_url": "https://gallica.bnf.fr/ark:/12148/bpt6k97516520",
                  "emotions": [
                        "surprise"
                  ],
                  "excerpt": ".Peut - être avouera - t - il encore avec surprise que Bacchus , oubliant Lesbos , Rhodes et la Crète , y donne à sa douce liqueur une saveur et des parfums qu ' envierait l ' antique Falerne .Combien de fleuves limpides , paisibles et secourables , ne verra - t - il pas couler sans cesse chargés des trésors du commerce , et dont pas un seul ne s ' indigne de voir que ces riches fardeaux osent lutter contre ses ondes et remonter son cours ! .",
                  "id": "11",
                  "title": "Tableau de la littérature italienne depuis l'établissement du christianisme jusqu'à nos jours, par Mme Amable Tastu"
            },
            {
                  "doc_url": "https://gallica.bnf.fr/ark:/12148/bpt6k255898k",
                  "emotions": [
                        "surprise",
                        "fear"
                  ],
                  "excerpt": "Nos lèvres étaient blanches de sel , et nous regardions luire , à travers l ' eau , des animaux transparents et mous , comme des lampes vivantes .L ' haleine d ' Aphrodite nous entourait .Et je ne sais pourquoi la Bonne Déesse a endormi Kinné .",
                  "id": "12",
                  "title": "La lampe de Psyché ; Mimes ; La croisade des enfants ; L'étoile de bois (9e édition) / Marcel Schwob"
            },
            {
                  "doc_url": "https://gallica.bnf.fr/ark:/12148/bpt6k314487k",
                  "emotions": [
                        "surprise",
                        "grief",
                        "sadness",
                        "doubt"
                  ],
                  "excerpt": "L ' odeur des vieux cyprès vous vient du cimetière , Et vous ne cousez plus , mais vous ne pleurez pas .Que vous a murmuré l ' odeur qui parle bas ? Qui vous a caressé plus doucement la tempe ? Pourquoi regardez - vous , sans la voir , cette estampe Où sourit votre sœur , la mère de Rembrandt ? Quelle extase plus proche , ô ma mère , vous prend ? Vos yeux transfigurés ont vu quelqu ' un descendre , El votre aiguille a l ' air de coudre de la cendre .CHANT FILIAL .",
                  "id": "13",
                  "title": "En souvenir de Joachim Gasquet"
            },
            {
                  "doc_url": "https://gallica.bnf.fr/ark:/12148/bpt6k61491970",
                  "emotions": [
                        "surprise"
                  ],
                  "excerpt": [
                        "( Gross .) Au moindre mouvement de la tête , vacillation vertigineuse devant les yeux , comme si quelque chose passait et repassait rapidement devant ( sur - le - champ , et par la seule odeur du musc ) ( 2 ) .( Stapf .",
                        "( Bêcher .) Evacuation diarrhéique d ' une grande quantité d ' excremens bruns très - liquides , mucilagineux , très - fétides , sans douleur ni ténesme , entremêlés de vents , d ' ascarides etd une multitude de fibrilles blanches et informes .( Stapf ."
                  ],
                  "id": "14",
                  "title": "Traité de matière médicale, ou de l'Action pure des médicaments homoeopathiques. Tome 3 / par Samuel Hahnemann... ; avec des tables proportionnelles de l'influence que diverses circonstances exercent sur cette action, par C. Boenninghausen ; trad. de l'allemand par A.-J.-L. Jourdan,..."
            },
            {
                  "doc_url": "https://gallica.bnf.fr/ark:/12148/bpt6k61491970",
                  "emotions": [
                        "surprise",
                        "disgust",
                        "anger",
                        "fear",
                        "pain",
                        "embarrassment"
                  ],
                  "excerpt": [
                        "Saveur herbacée , nauséeuse , dans la gorge , semblable à celle des feuilles de carotte ( au bout d ' une heure ) .Il trouve un goût d ' herbe à la bière .Goût dans la bouche , comme lorsqu ' on a mal à l ' estomac .",
                        "Langue chargée , blanche .Goût putride dans la bouche , et , à ce qu ' il lui semble , haleine fétide .Goût putride , fétide , dans la bouche ."
                  ],
                  "id": "15",
                  "title": "Traité de matière médicale, ou de l'Action pure des médicaments homoeopathiques. Tome 3 / par Samuel Hahnemann... ; avec des tables proportionnelles de l'influence que diverses circonstances exercent sur cette action, par C. Boenninghausen ; trad. de l'allemand par A.-J.-L. Jourdan,..."
            },
            {
                  "doc_url": "https://gallica.bnf.fr/ark:/12148/bpt6k57946437",
                  "emotions": [
                        "surprise"
                  ],
                  "excerpt": "77 Maitre Pillegrain , malgré sa vive résistance , se vit bientôt forcé de suivre , ainsi que sa femme , deux commissaires à écharpes tricolores , les représentants Duflot et Ledru , envoyés par le Comité de salut public .Arrêtés comme ci - devants , ils n ' eussent pas tardé à compléter la nombreuse liste des victimes d ' Amiens , sans un petit billet parfumé que leur apporta un soir certain personnage qu ' ils n ' eurent pas de peine à reconnaître tous deux pour l ' ancien coureur du chevalier d ' Antignac .— Voilà ce que c ' est que d ' être cousin de Saint - Just , leur dit ce singulier envoyé dont le bonnet à queue de renard , la carmagnole et les bottes fortes n ' avaient rien alors de la somptuosité élégante de son ancien costume .",
                  "id": "16",
                  "title": "Le moulin d'Heilly. Tome 1 / Roger de Beauvoir"
            },
            {
                  "doc_url": "https://gallica.bnf.fr/ark:/12148/bpt6k317118f",
                  "emotions": [
                        "surprise",
                        "desire"
                  ],
                  "excerpt": ".< ( Du mien , ô Raphaël , je dois te faire part } « Tant est vif mon désir d ’ arrêter ton départ ! « Dans l ’ asssoupissement qui sur l ’ herbe encor tendre , « Comme un profond sommeil , vint un jour me surprendre , « Je sentis de mon corps couler une sueur ( ( Dont le soleil pompa la balsamique odeur .« Vers la voûte du ciel s ’ élance alors ma vue , « J ’ en considère l ’ ordre , en parcours l ’ étendue .",
                  "id": "17",
                  "title": "Le Paradis perdu [de John Milton], traduction nouvelle et complète en vers français ; par J.-V.-A. Delatour de Pernes"
            },
            {
                  "doc_url": "https://gallica.bnf.fr/ark:/12148/bpt6k5458253n",
                  "emotions": [
                        "surprise",
                        "disgust"
                  ],
                  "excerpt": ".Le nez semblable à celui d ' un palo .ii .",
                  "id": "18",
                  "title": "Revue des colonies : recueil mensuel de la politique, de l'administration, de la justice, de l'instruction et des mœurs coloniales / par une société d'hommes de couleur, dirigée par A. C. Bissette"
            },
            {
                  "doc_url": "https://gallica.bnf.fr/ark:/12148/bpt6k58537954",
                  "emotions": [
                        "surprise",
                        "doubt"
                  ],
                  "excerpt": "Subito , l ' horrible pucelle , Secouant son infecte aisselle , Plus rapidement qu ' un éclair , Prend son vol & se perd dans l ' air .Par - tout où passe la carogne , De son haleine de charogne , Qn est si fort empuanti » Que TRAVESTIE 55 Que nez d ' homme onc n ' a rien senti , Dont le fumet abominable A telle odeur fut comparable .Le blond Phoebus d ' horreur s ' enfuit , Et se met en bonnet de nuit ; Et la foudre tellement gronde , Qu ' on croit que c ' est la fin du monde .",
                  "id": "19",
                  "title": "La Henriade, travestie en vers burlesques [par Fougeret de Monbron]..."
            },
            {
                  "doc_url": "https://gallica.bnf.fr/ark:/12148/bpt6k5688400h",
                  "emotions": [
                        "surprise",
                        "optimism",
                        "nostalgia",
                        "pride"
                  ],
                  "excerpt": "Elle était aussi plus tendre pour ma mère qu ' elle ne l ' avait jamais été .Ah ! qu ' elle joua bien son jeu ! Qui aurait pu soupçonner l ' avenir , en la voyant se rouler , avec son enfant , sur les foins parfumés , pendant les belles soirées de juin , tandis que , couché 208 AFFAIRE CLEMENCEAU .sur le gazon , je me sentais me fondre dans la nature entière , à peine suffisante pour contenir mon bonheur ! xxxv .",
                  "id": "20",
                  "title": "Affaire Clémenceau : mémoire de l'accusé / par Alexandre Dumas fils"
            }
      ]
}