{
      "articles": [
            {
                  "doc_url": "https://gallica.bnf.fr/ark:/12148/bpt6k5469630m",
                  "emotions": [
                        "surprise",
                        "doubt"
                  ],
                  "excerpt": "Forme un cristal transparent où se mire Le zodiaque au plafond figuré ; Cent lampes d ' or embrasent l ' atmosphère , L ' encens , la myrrhe et l ' arôme d ' Ophir En fins brouillards s ' exhalent du cratère De réservoirs taillés dans le saphir .Des sons charmants , des accents ineffables Nagent dans l ' air , confondus aux parfums , Mais sans former des bruits appréciables , De ces accords à la longue importuns ; Vagues rumeurs , échos doux et propices , Divins concerts des eaux et des forêts , Qui de ces lieux bercent avec délices , La volupté sans l ' endormir jamais .Donc , au milieu de ce palais sonore , Règne la dame au voile éblouissant , Sa lampe d ' or brûle à sa droite encore ; Un dais splendide autour d ' elle s ' étend .",
                  "id": "1",
                  "title": "Intermèdes et poèmes / par Henri Blaze de Bury"
            },
            {
                  "doc_url": "https://gallica.bnf.fr/ark:/12148/bpt6k5469630m",
                  "emotions": [
                        "surprise",
                        "doubt"
                  ],
                  "excerpt": "IV Robert sentit pourtant la froide indifférence Comme un brouillard glacé pénétrer dans ses os .Qu ' êtes - vous devenus , murmures des oiseaux , Parfums , brises de mai , limpide transparence ? Quel monde éclaires - tu , soleil des jours heureux ? Tout est sombre à présent , morne et silencieux , Et l ' idole d ' hier promène par la nie JENNY PLANTIN .15 Un habit noir que nul désormais ne salue .",
                  "id": "2",
                  "title": "Intermèdes et poèmes / par Henri Blaze de Bury"
            },
            {
                  "doc_url": "https://gallica.bnf.fr/ark:/12148/bpt6k5656337r",
                  "emotions": [
                        "admiration",
                        "surprise",
                        "pride",
                        "gratitude",
                        "caring",
                        "doubt"
                  ],
                  "excerpt": "Révérence parler , messieurs , vous êtes tous des bêtes .Comment ! je vous fais servir dans une salle chaude et parfumée un souper royal , je vous verse à flots des rubis et des diamants fondus aux plus généreux soleils du monde , j ' y joins ma présence et l ' espoir de mon amour , et il n ' y a pas un de vous dont la tête parte , dont la langue se délie , dont la pensée se répande en quelque extravagance digne de l ' atmosphère idéale où je vous place ! ..",
                  "id": "3",
                  "title": "Scènes et proverbes / par Octave Feuillet"
            },
            {
                  "doc_url": "https://gallica.bnf.fr/ark:/12148/bpt6k54931q",
                  "emotions": [
                        "surprise",
                        "nostalgia",
                        "doubt"
                  ],
                  "excerpt": "Tes sc ! ams sont pour moi de lisibles féeries Mon cœur savait , devant que la tête y pensât , Que le manuscrit d ' or traduit par Nenssah Devait s ' intituler le Parfum prairies .Tout n ' est - i ! point parfum dans le pays des fleurs ? Toi - même n ' es - tu pas , dans ce pays , ô femme , Et la fleur de la chair , et l ' arome de l ' âme , Et la gamme des sons , et l ' iris des couleurs ? II Or , ce livre du Cheir Nef - Zaoui ! e sage Est un missel d ' amour qu ' un prophète eût signé , Mais qu ' en France Tartufe , en son zète indigné , Condamnerait au feu pour main et maint passage .Il est vrai que l ' Amour , grand sultan d ' Orient , Fit le sens pour le cœur et le mot pour la bouche , Tandis qu ' il n ' est chez nous qu ' un sournois Saint - Nitouche Trcs - prompt au sens brutal , fort prude au mot riant .",
                  "id": "4",
                  "title": "Oeuvres poétiques de Joséphin Soulary. [Volume 2]"
            },
            {
                  "doc_url": "https://gallica.bnf.fr/ark:/12148/bpt6k54931q",
                  "emotions": [
                        "surprise",
                        "nostalgia",
                        "doubt"
                  ],
                  "excerpt": "Et , comme en son éther , cette vision nage Dans ce dclta d ' odeurs béni par le Koran , Trinité du benjoin , du musc et du safran ~ Dont l ' ivresse à la fois est suave et sauvage .Atmosphère sans nom , pleine d ' étrangetés Où la femme apparaît fluide et condensée , Tu fais de trois mille ans reculer ma pensée , Vers l ' âge primitif des fortes voluptés ; Et ton sens éclatant se dégage du mythe , Comme fait le soleil des nuages menteurs , Age d ' or , où l ' Amour accourait aux senteurs Qu ' exhalait en marchant la jeune Sulamite .v Je comprends que l ' Amour , ce grand mangeur d ' encens , Reste l ' éternel Dieu d ' une terre embaumée Où , pour lui , la N ~ ture ~ éblouissante Almée , Palpite par des sens qu ' elle ajoute à ses sens .",
                  "id": "5",
                  "title": "Oeuvres poétiques de Joséphin Soulary. [Volume 2]"
            },
            {
                  "doc_url": "https://gallica.bnf.fr/ark:/12148/bpt6k66274r",
                  "emotions": [
                        "surprise",
                        "anger"
                  ],
                  "excerpt": "extrêmement doux qui soufua quand it futinstaH ' ' dans ! a harque immobiie , protongea ) e ( ar ~ e friss \" u de ta surface du tac jusqu ' à ses epautes .t ) y re ' u ' inut ! ' odeur ! ourde des bmriers neuris ; et , en tournant ) a tête , U aperçut un massif d < ' c < ' s nrbustf ' s dont ) ' s branchée chargées htis ~ aicnt pendre jusque dans t au ! eurs gros paquets de neurs charnues .II ne put r ' tenir un tt ' ger nwuvement , comparahte a cetui que ) \" n f ~ t sous ie coup de ta surprise d un baiser ta nu ' j ' jf .",
                  "id": "6",
                  "title": "Le parfum des îles Borromées (6e éd.) / René Boylesve"
            },
            {
                  "doc_url": "https://gallica.bnf.fr/ark:/12148/bpt6k66274r",
                  "emotions": [
                        "surprise"
                  ],
                  "excerpt": "ils voguaient à la rencontre detaheHe Cartotta , d ' ) sota ~ - ) ) a .Ouand ils ne furent plus qu ' à une courte distance , le parfum des fleurs ieur arriva en une sorte < ! e nuée lourde qu ' i ) s traversèrent , puis retrouvèrent à plus ' eurs repr ~ e ' , comme si ' ' Oe serpentait à ta surface despaM .! ) ou < - entent ! doucement ' faisa ! ent .",
                  "id": "7",
                  "title": "Le parfum des îles Borromées (6e éd.) / René Boylesve"
            },
            {
                  "doc_url": "https://gallica.bnf.fr/ark:/12148/bpt6k11719067",
                  "emotions": [
                        "surprise",
                        "fear"
                  ],
                  "excerpt": "Inutile de poursuivre le Quercus , , le Rubi , le Pavonia , VEndromis , dans leur course aveugle , coupée de mille ricochets ou soubresauts plus capricieux encore que ceux de la bécassine , et qui s ’ activent davantage et deviennent une véritable frénésie quand ils ont pressenti quelque danger .Mais , si par hasard , dans le voisinage de la pelouse ombragée où vous vous êtes arrêté pour prendre haleine , parmi des broussailles impénétrables , une femelle invisible et silencieuse jette auvent ses attractions odorantes , tout à coup le bombyx ralentit son allure , ses ondulations diminuent , ses cercles se rétrécissent .Un coup de vent , une panique subite ont beau l ’ égarer un instant , bientôt il retrouve la piste et suit avec une ardeur croissante , à travers le labyrinthe épineux , le fil embaumé qu ’ une nouvelle Ariane lui a tendu pour le conduire jusqu ’ à elle .",
                  "id": "8",
                  "title": "L'Intermédiaire des bombyculteurs et entomologistes : revue mensuelle de vulgarisation universelle : sciences, apiculture, aviculture, médecine, littérature, etc. / directeur docteur A. Hugues ; rédacteur en chef C. de Labonnefon"
            },
            {
                  "doc_url": "https://gallica.bnf.fr/ark:/12148/bpt6k116563t",
                  "emotions": [
                        "surprise"
                  ],
                  "excerpt": "Lorsque je revins à moi , je vis le Maître sortir et me remettre ce bouquet en me recommandant de le conserver .J ' en envoyai quelques feuilles à la boutique d ' un droguiste ; on me répondit qu ' on n ' avait pas encore vu cette espèce de fleurs , avec tant de fraîcheur , de coloris et de parfum .Tout le monde resta étonné et se demanda d ' où , en hiver , on avait pu apporter de pareilles ' fleurs .",
                  "id": "9",
                  "title": "La Ville des derviches tourneurs [Konia] / Cl. Huart ; [précédé d'une notice par Charles Simond]"
            },
            {
                  "doc_url": "https://gallica.bnf.fr/ark:/12148/bpt6k101339t",
                  "emotions": [
                        "surprise",
                        "disgust",
                        "fear",
                        "embarrassment"
                  ],
                  "excerpt": "Nous gravissons l ' un de ces étages .Mon guide ouvre une porte , je le suis , et je recule aussitôt , demi - asphyxié par les émanations d ' une chambre immonde .Pourtant , dans l ' obscurité de la chambre , nos yeux écarquillés distinguent peu à peu , entre des tas d ' ordures amoncelées , un groupe composé d ' un homme , d ' une femme et de deux enfants , une fille et un garçon .",
                  "id": "10",
                  "title": "Paris étrange / L. Barron"
            },
            {
                  "doc_url": "https://gallica.bnf.fr/ark:/12148/bpt6k9735149g",
                  "emotions": [
                        "admiration",
                        "surprise",
                        "pride",
                        "envy",
                        "doubt",
                        "disappointment"
                  ],
                  "excerpt": "El - le ne disoit pas vn mot , qui n ' eust de l ' attrait & de l ' a pointe .Elle nefaifoit pas vue a £ Hon où il n ' y eut de la grandeur & de la noblesse : il ne sortoit rien de ses mains , qui n ' en sortist auec - que l ' odeur delà vertu , & ; latein - ture de sa fortune .Mais il n ' est pas necelïàire de ( sortir de chez nous , pour auoir des exemples de cette Galanterie vertueuse & spirituelle : & nous connoissons a siez de Per - sonnes qui semblent auoir estc çnuoyées au Monde , pour in - struire & pour corriger le Luxe ; pour rendre l ' honneur à la Volupté , & la remettre dans la discipline ; pour enseigner à la Cour , la maniere de se réiouyr inge11ieusement , & auecque art ; pour apprendre aux Reformateurs mal informez , que toutes les Graces ne sont paslicencieu - ses & dereglées , qu ' il y en a de modestes & de regulieres ; & que les desordres font des vo - lontez & des personnes , & non pas des conditions ny des Fortunes .",
                  "id": "11",
                  "title": "La Dévotion aisée . Par le père Pierre Le Moine [\"sic\"],..."
            },
            {
                  "doc_url": "https://gallica.bnf.fr/ark:/12148/bpt6k5458722t",
                  "emotions": [
                        "surprise",
                        "fear",
                        "excitement"
                  ],
                  "excerpt": "87 A l ' heure de l ' affût , soit lorsque la lumière Précipite ses traits dans l ' humide séjour , Soit lorsque le soleil rentre dans sa carrière Et que , n ' étant plus nuit , il n ' est pas encor jour , Au bord de quelque bois sur un arbre je grimpe , Et , nouveau Jupiter , du haut de cet Olympe , Je foudroie à discrétion Un lapin qui n ' y pensait guère .Je vois fuir aussitôt toute la nation Des lapins qui sur la bruyère , L ' oeil éveillé , l ' oreille au guet , • S ' égayaient et de thym parfumaient leur banquet .Le bruit du coup fait que la bande S ' en va chercher sa sûreté Dans la souterraine cité .",
                  "id": "12",
                  "title": "Poésies françaises, distribuées et annotées à l'usage des collèges. Fables, contes, sentences, petits poèmes : 1er recueil, cours élémentaire ; 2e recueil, classe de 5e / par le P. Arsène Cahour,..."
            },
            {
                  "doc_url": "https://gallica.bnf.fr/ark:/12148/bpt6k5457128x",
                  "emotions": [
                        "admiration",
                        "surprise",
                        "nostalgia"
                  ],
                  "excerpt": "181 LA HOLLANDE .Malgré sa langue un peu baroque , Ses fumeurs , son âpre climat , Et tout ce qui parfois me choque Le goût , l ' oreille ou l ' odorat ; J ' aime la terre où le Batave Oppose un mur de paille aux flots , A la brume oppose une cave De vins du Rhin et de Bordeaux ..",
                  "id": "13",
                  "title": "Recueil des poésies diverses de A. Dufriche-Desgenettes,... / [publ. par A. Cochin]"
            },
            {
                  "doc_url": "https://gallica.bnf.fr/ark:/12148/bpt6k5567512z",
                  "emotions": [
                        "surprise",
                        "nostalgia"
                  ],
                  "excerpt": "Et en les coupant , elle songe : Les veilleuses et les colchiques d ' automne commencent sans doute à s ' ouvrir dans les prairies de Lourdes , le long du gave , et la lande de Bartrès est toute rose de la floraison des bruyères .Oh ! cette odeur des bruyères , cette odeur de miel , depuis combien d ' années ne l ' ai - je pas respirée ! Penchée sur la plate - bande , elle .retranche .",
                  "id": "14",
                  "title": "Bernadette de Lourdes (mystère) / Émile Pouvillon"
            },
            {
                  "doc_url": "https://gallica.bnf.fr/ark:/12148/bpt6k6128996g",
                  "emotions": [
                        "admiration",
                        "surprise",
                        "courage",
                        "gratitude",
                        "curiosity"
                  ],
                  "excerpt": "Quel souille pur , quel soleil radieux , Vient .d ' entr ' ouvrir cette tige embaumée ? ( bis ) ; il Salut à toi ! Rose mystérieuse ' .Rejeton pur de la Fleur de Jessé ! L ' Esprit d ' amour lui - même a conservé Dans le secret la lige précieuse ! .",
                  "id": "15",
                  "title": "Gloire à Marie ! Recueil de nouveaux cantiques dédiés à son Immaculée Conception. Paroles de ***..."
            },
            {
                  "doc_url": "https://gallica.bnf.fr/ark:/12148/bpt6k62280066",
                  "emotions": [
                        "surprise",
                        "curiosity"
                  ],
                  "excerpt": "» Le dîner apporté , mon père se mit à table au milieu de la famille et mangea comme un voyageur .Les dames le regardaient avec crainte et étonnement ; elles blâmaient sa confiance ; mais bientôt l ' odeur des mets ranima un appétit qui n ' était pas satisfait depuis longtemps ; elles mangèrent bien et rirent beaucoup de leur folle crainte .A mon arrivée dans la colonie , je demandai le cuisinier la Rose , dont le nom était resté dans ma mémoire , à cause de l ' aventure dont je viens de parler .",
                  "id": "16",
                  "title": "Mémoires de M. le comte de Vaublanc"
            },
            {
                  "doc_url": "https://gallica.bnf.fr/ark:/12148/bpt6k5726513f",
                  "emotions": [
                        "surprise",
                        "disgust",
                        "disapproval",
                        "embarrassment"
                  ],
                  "excerpt": "Nous prîmes cela pour du punch et l ' avalâmes d ' un trait .Mais , ô horreur , c ' était une affreuse boisson tiède sentant les épices ! Heureusement un monsieur de l ' autre table avait vu notre méprise et nous fit prendre un verre de vin de Bordeaux pour nous remettre le coeur ..",
                  "id": "17",
                  "title": "Légendes du foyer, traduites avec autorisation de l'auteur. Préface de M. Benjamin Couve,... / Émile Frommel"
            },
            {
                  "doc_url": "https://gallica.bnf.fr/ark:/12148/bpt6k1075052c",
                  "emotions": [
                        "surprise",
                        "grief",
                        "nostalgia",
                        "excitement",
                        "gratitude"
                  ],
                  "excerpt": ".Ah ! mon Dieu ! c ' est de la vie , je la sens vivre , moi , comme si je la touchais , la peau souple et tiède , avec son odeur .Christine , debout près de lui , regardait , répondait par des paroles brèves .",
                  "id": "18",
                  "title": "L'oeuvre"
            },
            {
                  "doc_url": "https://gallica.bnf.fr/ark:/12148/bpt6k1075052c",
                  "emotions": [
                        "surprise",
                        "fear"
                  ],
                  "excerpt": "Eh ! Claude , où es - tu ? Depuis qu ' on se taisait , Claude était retourné dans son rêve , les regards perdus , reprenant des raviolis , sans savoir ; et Christine , qui ne disait rien , triste et charmante , ne le quittait pas des yeux .Il eut un sursaut , il choisit une cuisse parmi les morceaux de gelinottes , qu ' on servait , et dont le fumet violent emplissait la pièce d ' une odeur de résine .- Hein ! sentez - vous ça ? cria Sandoz , amusé .",
                  "id": "19",
                  "title": "L'oeuvre"
            },
            {
                  "doc_url": "https://gallica.bnf.fr/ark:/12148/bpt6k58393937",
                  "emotions": [
                        "surprise",
                        "anger",
                        "fear",
                        "nervousness",
                        "pain"
                  ],
                  "excerpt": ".pitaine , ça sent le serpent ! fit la Fouine qui n ' articulait ces mots qu ' avec difficulté , car sa gorge étranglait les sons au passage .- , - ; , - .",
                  "id": "20",
                  "title": "Le Secret du trappeur / par Louis Noir et Pierre Ferragut"
            }
      ]
}