{
      "articles": [
            {
                  "doc_url": "https://gallica.bnf.fr/ark:/12148/bpt6k102268f",
                  "emotions": [
                        "surprise",
                        "joy",
                        "doubt",
                        "amusement"
                  ],
                  "excerpt": "C ' est lui qui vous a parlé de moi ? Non , il est bien trop fier pour se confier à un étranger .Mais alors , s ' exclama - t - elle impétueusement , comment avez - vous pu deviner ? , Il sourit Ne connaissez - vous pas ce dicton de votre pays « Les amoureux portent sur eux une plante dont l ' odeur embaume les chemins où ils passent ? » JEh bien ! lors de ma première visite , cette odeur embaumait là Roselière , et quand je guis revenu au Vâl - Çlayin avec M .Princëtot , j ' ai senti aussi qu ' il portait là plante sur lui et qu ' elle fleurissait pour vous .",
                  "id": "1",
                  "title": "Paternité / André Theuriet"
            },
            {
                  "doc_url": "https://gallica.bnf.fr/ark:/12148/bpt6k5677481c",
                  "emotions": [
                        "surprise",
                        "annoyance",
                        "doubt",
                        "embarrassment"
                  ],
                  "excerpt": "Effacez - vous prompteincnt , collez - vous à la muraille pour faire place au tourbillon , ou vous courez risque d ' être renverse et foulé aux pieds , l ' escadron entier vous passera sur le corps , car je doute qu ' il y ait force humaine qui puisso l ' arrêter lorsqu ' il galoppc .Mais ce n ' est pas là le moindre des désagréments qu ' essuie l ' observateur : en entrant dans la salle du bal un parfum irritant de bière , de poisson sec et de tabac le saisit a la gorge ; il tousse , il éternue , il se démène , il étouffe sous son masque et s ' écrie : Que diable suis - je venu faire dans celte maudite galère ? Eh bien ! les pêcheurs et les pêcheuses s ' amusent dans celle galère mieux peut - être que nous au bal de Stc - Cécile .Les doux propos , les propos galants s ' accommodent do tous les s ' jles , du stylo pêcheur comme du style prêcieux , Jet les pêcheurs et les pêcheuses ne s ' en font pas faute .",
                  "id": "2",
                  "title": "Oeuvres dunkerquoises. Tome 3"
            },
            {
                  "doc_url": "https://gallica.bnf.fr/ark:/12148/bpt6k5452934v",
                  "emotions": [
                        "surprise",
                        "disgust",
                        "doubt",
                        "curiosity"
                  ],
                  "excerpt": "Si l ' un ne nous coule pas , ce sera l ' affaire de l ' autre .Pouah ! Entre toutes les odeurs de la création , qu ' est - ce que c ' est que ça ? Je reniflai , car il y avait , dans l ' air froid , un relent acre et empoisonné , une odeur que j ' avais déjà respirée auparavant .— Si j ' étais à terre , je dirais que c ' est un alligator .",
                  "id": "3",
                  "title": "Contes choisis / Rudyard Kipling ; traduits de l'anglais, par Louis Fabulet et Robert d'Humières..."
            },
            {
                  "doc_url": "https://gallica.bnf.fr/ark:/12148/bpt6k56197213",
                  "emotions": [
                        "surprise",
                        "gratitude",
                        "amusement"
                  ],
                  "excerpt": "Le temp * était superbe ; mais le soleil sans pitié versait a flots ses rayons ardents sur leurs têtes ; si bien que , tout d ' un coup , ils s ' arrêtèrent , plus disposés i chercher un repos sous les grands arbres , qu ' à continuer Kir marche .Ils étaient assis dans un endroit délicieux , très favorable pour une sieste , et Louis s ' écria : Le ciel csl rouge à l ' horizon et ( a sent une drôle d ' odeur ! Savex - vous que la forêt pourrait bien être incendiée ..",
                  "id": "4",
                  "title": "Sous les toits / par Marie de Bosguérard..."
            },
            {
                  "doc_url": "https://gallica.bnf.fr/ark:/12148/bpt6k97628669",
                  "emotions": [
                        "surprise",
                        "curiosity"
                  ],
                  "excerpt": "— Extase , délire .Cette plante aqueuse a une odeur sauvage qui cependant surexcite les sens .Les anciens disaient qu ' elle était la reine de l ' orgie .",
                  "id": "5",
                  "title": "Le véritable langage des fleurs, ou Flore emblématique / par J. Poisle-Desgranges"
            },
            {
                  "doc_url": "https://gallica.bnf.fr/ark:/12148/bpt6k114947b",
                  "emotions": [
                        "surprise"
                  ],
                  "excerpt": "III Eperdument , par les silencieuses sentes , Il allait ses regards épiaient les fourrés Taciturnes sous les rameaux enchevêtrés , Nulle apparition dé chairs éblouissantes .L ' ombre informe , le noir silence , des parfums Sauvages d ' herbe fraîche et de fleurs surannées Et confondue avec les sèves déchaînées , L ' innombrable senteur des automnes défunts .Il allait nulle voix effroyable ou charmante Ne repondait , nul bruit de fête ou de combats Seul , dans les antres , sous le ciel , ici , là - bas , Le frisson fauve de la terre qui fermente .",
                  "id": "6",
                  "title": "La gloire du verbe : 1885-1890 / Pierre Quillard"
            },
            {
                  "doc_url": "https://gallica.bnf.fr/ark:/12148/bpt6k113333b",
                  "emotions": [
                        "surprise",
                        "disgust"
                  ],
                  "excerpt": "u , ne bougeaient pas .Une âcre senteur sulfureuse s ' était répandue subitement puis , sans qu ' on eût l ' impression d ' aucun souffle , une espèce d ' ondulation fit trembler l ' air , comme un rideau vitreux , d ' un bout à l ' autre de la plaine .L ' horizon s ' empourpra , recula ; le ciel , ainsi que par l ' effet d ' une brusque explosion de phosphore , prit une teinte rougeâtre en un moment , le désert entier , triste et vide à perte de vue , s ' embrasa d ' une lueur vermeille , sur laquelle saillaient en noir , les blocs de rochers , les buissons , jusqu ' au plus petit caillou .",
                  "id": "7",
                  "title": "Les oiseaux s'envolent et les fleurs tombent. T. 2 / Elémir Bourges"
            },
            {
                  "doc_url": "https://gallica.bnf.fr/ark:/12148/bpt6k935770h",
                  "emotions": [
                        "surprise",
                        "fear"
                  ],
                  "excerpt": "Et les plis sombres des tentures flottantes au creux desquelles les gerbes de chrysanthèmes mettent une blancheur neigeuse , endeuillent les murs du petit sanctuaire sous ' les longues traînées vacillantes des grands cierges funéraires .Dès ' l ’ entrée vous enveloppe étrangement , avec une odeur d ’ eau bénite et de cire , l ’ obsession glaciale de la mort .Les voiles de deuil arrivent , ils sont là tous , maintenant , et l ’ office des trépassés commence .",
                  "id": "8",
                  "title": "Cyrnos : revue littéraire, artistique, touristique, scientifique, sportive, mondaine et d'actualité"
            },
            {
                  "doc_url": "https://gallica.bnf.fr/ark:/12148/bpt6k62669521",
                  "emotions": [
                        "surprise",
                        "joy",
                        "nostalgia",
                        "relief"
                  ],
                  "excerpt": "1 ♦ 1 \" ARFEUNE \" Par une pure matinée de mai , j ' étais assis sur un talus de sable , à l ' orée d ' une pinède .Adossé au \" tronc d ' un petit chêne , le feutre rabattu sur les yeux , je humai avec délice la tiédeur arômale de l ' air embaumé de résine et , bercé par la plainte du rent dans les cimes , je sommeillais déjà , quand un * bruit confus frappa mes oreilles .On eut dit un galop léger sur h chemin .",
                  "id": "9",
                  "title": "Contes de la lande gasconne. [6e édition.] / Emmanuel Delbousquet"
            },
            {
                  "doc_url": "https://gallica.bnf.fr/ark:/12148/bpt6k64694037",
                  "emotions": [
                        "surprise",
                        "disgust",
                        "anger",
                        "annoyance",
                        "disapproval",
                        "doubt",
                        "amusement",
                        "indifference"
                  ],
                  "excerpt": "Alors , il s ' écrie : Vîte un bassin , je vous en prie .Bouchant son nez , Agamemnon Reprit : ah ! le puant garçon ! Sténélus dit : eh bien ! qu ' importe ! Que n ' allez - vous près de la porte ? Si vous n ' eussîez tant clabaudé , Il l ' auroit plus long - temps gardé .Pourquoi lui parler de son pere A l ' occasion d ' un clystere ? - Si Monsieur son pere eut du cœur ; Son fils manque - t - il donc d ' honneur ? C ' est donc à dire , qu ' à ton compte , L ' Enfant à son papa fait honte ? Et cet injuste sentiment , D ' où te naît - il ? D ' un lavement .",
                  "id": "10",
                  "title": "Oeuvres complettes de M. de Marivaux,.... Le Cabinet du philosophe [fin]. Homère travesti"
            },
            {
                  "doc_url": "https://gallica.bnf.fr/ark:/12148/bpt6k9734966f",
                  "emotions": [
                        "surprise",
                        "grief"
                  ],
                  "excerpt": "Lorsque je pense à Vous , à Vous , ô ma vieillesse , Cher souvenir menteur d ' un bonheur inconnu , Beau septembre du cœur , amoureuse sagesse , Fantôme pardonnant d ' un passé vide et nu , Lorsque je pense à Vous , grande amie , ô vieillesse , L ' ombre d ' un étranger qui ressemble à ma vie Me conte à sa façon l ' histoire de mon cœur Et je prête , boudeur , une oreille ravie Aux légendes sans fin de ce tendre flatteur De ce cher étranger qui ressemble à ma vie .Je veux taire ' son nom : le son en est étrange Comme unlregard du jour filtrant dans un tombeau , Puissant comme le bruit d ' un coup d ' aile de l ' Ange , Apaisant comme la senteur du nélumbo .Repose dans mon cœur , chère musique étrange .",
                  "id": "11",
                  "title": "Poèmes"
            },
            {
                  "doc_url": "https://gallica.bnf.fr/ark:/12148/bpt6k9614669v",
                  "emotions": [
                        "surprise",
                        "annoyance",
                        "nervousness",
                        "embarrassment"
                  ],
                  "excerpt": "L ' employé de M .Trillat , un mouchoir devant la bouche et le nez , pénétra rapidement dans le local rempli des vapeurs irritantes , et retira la grande bande de la grande salle ainsi que quelques autres cultures éparses ci et là .Le local demeura ensuite fermé jusqu ' au lendemain matin à 10 heures ; je fis alors moi - même la prise des autres échantillons de culture .",
                  "id": "12",
                  "title": "Désinfection des locaux par les vapeurs d'aldéhyde formique (procédé de M. Trillat) / par le Dr C. Nicolle"
            },
            {
                  "doc_url": "https://gallica.bnf.fr/ark:/12148/bpt6k6152321n",
                  "emotions": [
                        "surprise"
                  ],
                  "excerpt": "Hoang - Ti 8 , du Chou - lcing semant la sensitive , Cueillit la vérité dans sa feuille instinctive : Vertueux végétal , il dément l ' imposteur , Et sa feuille noircit à l ' encens du flatteur .Au souffle du mensonge une froide gelée Semble faner soudain sa fraîcheur envolée ; Ses candides rameaux retombent jaunissans , Et son parfum muet no dit plus rion aux sens .112 PANTHEON .",
                  "id": "13",
                  "title": "Panthéon, poème théologique,... par Hippolyte Fauche"
            },
            {
                  "doc_url": "https://gallica.bnf.fr/ark:/12148/bpt6k1185886f",
                  "emotions": [
                        "surprise",
                        "relief",
                        "calmness"
                  ],
                  "excerpt": "Je l ’ ai croisé rue des Pyramides ; il était avec une dame , je ne lui ai pas parlé .De la sérénité douce comme de s ’ envoler en songe sur le duvet d ’ une aile d ’ archange , faisait planer ses sens au sein de l ’ air tiède , parfumé , parmi la coloration pâle de cette chambre ; certain étonnement lui vint d ’ entendre un heurt sur le palier ; sans doute le garçon qui déposait sa malle .Quoi ! il n ’ était arrivé que depuis quelques minutes ? Il lui semblait avoir aspiré déjà des siècles de bonheur .",
                  "id": "14",
                  "title": "Essais d'art libre : revue mensuelle / [dir. Edmond Coutances]"
            },
            {
                  "doc_url": "https://gallica.bnf.fr/ark:/12148/bpt6k204347f",
                  "emotions": [
                        "surprise",
                        "disgust",
                        "fear",
                        "doubt"
                  ],
                  "excerpt": "Oui , sentir dans son sein un feu inconnu qui brûle et qui glace à la fois ; sentir ses membres se raidir , sa pupille se dilater ; éprouver des sensations étranges , des contractions qui sont des tortures et en même temps des délices sentir la tempe qui bat à rompre le cerveau pendant que le cœur semble se dissoudre dans la poitrine .quelle immense et surhumaine volupté ! LE PRÉSIDENT Tout cela est très - bien mais croyez - vous que le poison proprement dit se rapproche du goût de la bécasse ? SPHYNXINETTE Je l ' ignore .Il faudrait essayer .",
                  "id": "15",
                  "title": "Théâtre des pupazzi / par L. Lemercier de Neuville"
            },
            {
                  "doc_url": "https://gallica.bnf.fr/ark:/12148/bpt6k1268663c",
                  "emotions": [
                        "surprise"
                  ],
                  "excerpt": "On peut également , par le même procédé , communiquer à des fleurs inodores un parfum délicieux et obtenir des dahlias et des chrysanthèmes odorants .Nous n ' aurions jamais soupçonné , il y a quelques années , que , de ces fleurs sans originalité , d ' une allure triste et désolée , l ' homme arrivât à en faire la garniture la plus éclatante , la plus variée , la plus décorative et la plus troublante comme odeur , des vases qui surmontent les consoles de nos salons .Pourquoi le végétal résisterait - il plus à l ' assimilation d ' une solution ferrugineuse qu ' à celle de substances chimiques colorantes ou parfumées ? D ' ailleurs , dans notre méthode des légumes médi - camentés , nous combinons la double influence de la force végétative et de la capillarité ; nous réunissons donc toutes les chances de réussite .",
                  "id": "16",
                  "title": "La Nature et la vie... Régénération de l'homme par le végétal, régime végétarien, littérature et philosophie végétariennes... / Gabriel Viaud"
            },
            {
                  "doc_url": "https://gallica.bnf.fr/ark:/12148/bpt6k1185886f",
                  "emotions": [
                        "surprise",
                        "curiosity"
                  ],
                  "excerpt": "Le reflet des lumières mettait désormais dans le gouffre de ses yeux un point de clarté qui en faisait paraître plus profondes encore les ténèbres .Soudain , fasciné , il eut l ’ impression qu ' une force surhumaine le changeait , d ’ un spasme ! en rayon de torride lumière ; que ce rayon , grâce au baiser posé sur son front , vibrait comme une corde de lyre merveilleuse dont l ’ harmonie serait faite de parfums scintillants plus que des miroirs frappés de soleil , et où son être se reflétait , paroxysmé .Mais pourquoi donc , alors , semblait - elle plutôt venir , cette senteur , de l ’ avalanche de cheveux qui s ’ abattait sur son cou ? .",
                  "id": "17",
                  "title": "Essais d'art libre : revue mensuelle / [dir. Edmond Coutances]"
            },
            {
                  "doc_url": "https://gallica.bnf.fr/ark:/12148/bpt6k5446887m",
                  "emotions": [
                        "surprise"
                  ],
                  "excerpt": "Maintenant et depuis longtemps , il fallait bien avoir la franchise de se l ' avouer — c ' était dans l ' espoir de revoir Sabine , de l ' entendre , de chercher à savoir la pensée secrète qui faisait briller ses petits yeux d ' un bleu gris .Elle avait un parfum à cHe qui embaumait étrangement .Sa main , lorsqu ' elle donnait à Henri le shake - hand sans façon de la camaraderie , semblait parfois frémir électriquement dans les doigts qui la pressaient .",
                  "id": "18",
                  "title": "Le troisième dessous (4e éd.) / par Jules Claretie"
            },
            {
                  "doc_url": "https://gallica.bnf.fr/ark:/12148/bpt6k6275881c",
                  "emotions": [
                        "surprise",
                        "doubt"
                  ],
                  "excerpt": "L ' habitude , en émoussant le sentiment , ainsi que nous l ' avons vu , perfectionne donc constamment le jugement , et même ce second effet est inévitablement lié au premier .Un exemple rendra ceci évident : je parcours une prairie émaillée de fleurs ; une odeur générale , assemblage confus de toutes celles que fournissent isolément ces fleurs , vient d ' abord me frapper : distraite par elle , l ' âme ne peut percevoir autre chose .Mais l ' habitude affaiblit ce premier sentiment ; bientôt il s ' efface : alors l ' odeur particulière de chaque plante se distingue , et je puis porter un jugement qui était primitivement impossible .",
                  "id": "19",
                  "title": "Recherches physiologiques sur la vie et la mort (Nouvelle édition... précédée d'une notice sur la vie et les travaux de Bichat et suivie de notes) / par M. F.-X. Bichat"
            },
            {
                  "doc_url": "https://gallica.bnf.fr/ark:/12148/bpt6k54469142",
                  "emotions": [
                        "surprise",
                        "joy",
                        "nostalgia",
                        "gratitude",
                        "calmness",
                        "doubt"
                  ],
                  "excerpt": "II .D ' où me vient sur mon front cette suave haleine , De célestes senteurs , de parfums toute pleine ? On dirait qu ' une main me dessille les yeux , Me ravit à la terre et m ' enlr ' ouvre les cieux ..",
                  "id": "20",
                  "title": "Les épanchements du coeur : poésies / par J.-B. Deletombe,..."
            }
      ]
}