{
      "articles": [
            {
                  "doc_url": "https://gallica.bnf.fr/ark:/12148/bpt6k9636539j",
                  "emotions": [
                        "surprise"
                  ],
                  "excerpt": "Il alla plus bas encore , au Casino de la rue Cadet .Quel spectacle ! Des étudiants , des commis , des garçons de magasin , des contrôleurs d ' omnibus , tout cela réuni dans la puanteur du gaz , l ' odeur du tabac , la chaleur et la vapeur des corps entassés et suants , pour voir Mariette la Toulousaine , la Goulue de ce temps - là , lever la jambe .Il descendit jusqu ' au dernier cercle de l ' enfer parisien , et entra au bal Perron , barrière du Trône .",
                  "id": "1",
                  "title": "La vie et les livres. Série 2 / Gaston Deschamps"
            },
            {
                  "doc_url": "https://gallica.bnf.fr/ark:/12148/bpt6k9636539j",
                  "emotions": [
                        "surprise",
                        "disgust",
                        "nostalgia"
                  ],
                  "excerpt": ".Qui de nous ne se rappelle avec un sentiment voisin de l ' horreur certaines nuits d ' adolescence , telle sortie de bal , le brusque passage d ' un salon fleuri au trottoir sali de boue , le regret des visions quittées , des sourires évanouis , des parfums envolés , et la rue sombre , sinistre , tentatrice ? ..",
                  "id": "2",
                  "title": "La vie et les livres. Série 2 / Gaston Deschamps"
            },
            {
                  "doc_url": "https://gallica.bnf.fr/ark:/12148/bpt6k9636539j",
                  "emotions": [
                        "surprise",
                        "pride",
                        "gratitude",
                        "envy"
                  ],
                  "excerpt": "Au reste , je n ' ai pas le courage de regretter que M .Anatole France ait si longtemps regardé son moi et qu ' il nous ait dévoilé de si bonne grâce ce qu ' il découvrait dans ce microcosme ! Oh ! le joli moi ! et qu ' il s ' y trouve de belles choses , variées , abondantes à plaisir ! Qui ne voudrait pouvoir , par l ' effet magique d ' une baguette de fée , jeter un coup d ' œil sur les trésors cachés dans ce tabernacle ? On y respirerait sans doute ce parfum de divine sagesse dont parlait Platon à propos de Socrate .On y trouverait , en raccourci , une collection d ' objets disparates , rapportés des cinq parties du monde , et une série de compartiments aussi variés que les sections artistiques d ' une Exposition universelle .",
                  "id": "3",
                  "title": "La vie et les livres. Série 2 / Gaston Deschamps"
            },
            {
                  "doc_url": "https://gallica.bnf.fr/ark:/12148/bpt6k96877781",
                  "emotions": [
                        "surprise"
                  ],
                  "excerpt": "Il se présente encore une autre cause de variation dans les phénomènes .En effet , lorsque j ' ai désigné par le nom de sol excitateur des endroits où les effluves terrestres agissaient de rnanière à faire mouvoir la furcelle entre mes mains , je n ' ai pas prétendu que ces endroits fussent exclusivement doués de la propriété de laisser échapper de pareils effluves ; il me paraît infiniment probable qu ' il s \" en élève de la plus grande partie de la surface de la terre , et peut - être partout .D ' après cela le sol excitateur ne différerait d ' un autre endroit que parce qu ' il fournit plus abondamment ces effluves , ou peut - être que leur marche y a une direction particulière ; il s ' ensuivrait que tel point de la surface de la terre peut jouer le rôle de sol excitateur pour un bacillogire , et non pour tel autre qui possède cette faculté a un degré moindre ; ou bien aussi que le sol excitateur peut exercer son influence sur un bacillogire de plus loin que sur un autre .",
                  "id": "4",
                  "title": "Recherches sur quelques effluves terrestres . Par le comte J. de Tristan,..."
            },
            {
                  "doc_url": "https://gallica.bnf.fr/ark:/12148/bpt6k30401535",
                  "emotions": [
                        "surprise",
                        "fear",
                        "nervousness",
                        "embarrassment"
                  ],
                  "excerpt": "Et je me lève , je marche à travers la chambre , j ’ écris des lettres , je fume des boîtes entières de cigarettes , je bois des grogs , du champagne par grands verres , sans avoir soif .Et comme si quelque force magnétique m ’ attirait , avec des précautions de voleur , j ’ ouvre la porte , je m ’ en vais pieds nus , retenant mon souffle , tremblant de tout le corps jusque dans le cabinet de toilette de Marthe , je rôde parmi ses robes , parmi ses parfums , parmi les serviettes avec lesquelles tout à l ’ heure elle s ’ est essuyée .Et par le vitrail japonais où s ’ épanouissent de larges fleurs de magnolier , je regarde le vaste lit où elle dort paisiblement — peut - être avec de beaux rêves , — les peaux d ’ ours où s ’ enfoncent ses mules , où elle a posé ses tout petits pieds blancs et roses , la lanterne d ’ église où crépite la veilleuse .",
                  "id": "5",
                  "title": "L'Adorée / par René Maizeroy"
            },
            {
                  "doc_url": "https://gallica.bnf.fr/ark:/12148/bpt6k5804366z",
                  "emotions": [
                        "surprise",
                        "gratitude"
                  ],
                  "excerpt": "» Tandis qu ' ils continuaient d ' avancer en causant , Adolphe , qui avait atteint l ' extrémité de l ' allée , revint tout joyeux sur ses pas , et s ' écria en Rapprochant : c Viens donc , petite mère , voir le beau parterre qu ' on aperçoit au bas de cette terrasse .Quelle profusion de fleurs ! quels parfums 1 Et puis , des orangers gros comme des arbres , des statues de marbre , et au milieu un grand bassin sur lequel des petits garçons de mon âge font Yoguer de petits navires à voiles do toutes sortes de forme et de dimension .» Mme Vannière et le docteur pressèrent le pas comme pour répondre à l ' invitation d ' Adolphe , qui se remit aussitôt à marcher en avant pour jouir plus tôt du spectacle qui paraissait avoir tant de charme pour lui .",
                  "id": "6",
                  "title": "M. Gendrel, ou Le travail c'est la santé / par Étienne Gervais"
            },
            {
                  "doc_url": "https://gallica.bnf.fr/ark:/12148/bpt6k96910002",
                  "emotions": [
                        "surprise"
                  ],
                  "excerpt": "La rage même débutante entraîne toujours une aberration progressive et plus ou moins prononcée des sens .Les malades ont des hallucinations ; la vue , l ' ouïe , l ' odorat , le goût sont pervertis .On les aperçoit de temps en temps se comporter comme s ' ils voyaient , comme s ' ils entendaient ou sentaient , alors que rien ne peut frapper leurs sens .",
                  "id": "7",
                  "title": "Traité des maladies contagieuses et de la police sanitaire des animaux domestiques / par M. V. Galtier,..."
            },
            {
                  "doc_url": "https://gallica.bnf.fr/ark:/12148/bd6t5370292r",
                  "emotions": [
                        "surprise"
                  ],
                  "excerpt": "Nos voyageurs descendirent au mi - ieu d ’ un bois d ' oliviers , bientôt après 1s rencontrèrent quelques paysans qui leur enseignèrent le chemin de la ville de Celano ; c ’ était un petit sentier à travers les montagnes , qui , de chaque côté , abordaient le lac .En descendant le long de cette route , leur odorat fut tout - à - coup frappé par une exa - laison de fleur d ’ orange .Et des massifs de mirthe aromatique , croissant parmi les rochers , impreignaient l ’ air du matin d ’ un parfum délicieux .",
                  "id": "8",
                  "title": "Éléonore de Rosalba ou Le confessionnal des pénitens noirs. Tome 3 / . Traduit de l'anglais d'Anne Radcliffe, auteur de La forêt, ou L'abbaye de Saint-Clair ; par Mary Gay. Avec figures de Queverdo. Tome premier [-VII]."
            },
            {
                  "doc_url": "https://gallica.bnf.fr/ark:/12148/bpt6k63635660",
                  "emotions": [
                        "surprise",
                        "gratitude"
                  ],
                  "excerpt": "Un moment , au miroir , d ' une main en arriére , Debout , tu dénouas tes cheveux rejetés : J ' allais sortir alors , mais tu me dis ; B , e .' u ! Et , sous tes doigts pleuvant , la chevelure immense Exhalait jusqu ' à moi des senteurs de semence ( * ) .Armée ainsi du peigne , on eût dit à la voir , Une jeune Immortelle avec un casque noir ( * * ) .",
                  "id": "9",
                  "title": "Livre d'amour / [par Sainte-Beuve]"
            },
            {
                  "doc_url": "https://gallica.bnf.fr/ark:/12148/bpt6k757894",
                  "emotions": [
                        "surprise",
                        "doubt"
                  ],
                  "excerpt": "“ Tu me demandes ( ~ ) , difoit Plutarque pour “ quoi Pithagore s ' abftenoit de manger de la chair “ des bêtes ; mais moi je te demande , au contraire , que ! courage d ' homme eut le premier qui appro “ cha de fa bouche une chair meurtrie , qui brilà de “ < a dent les os d ' une bête expirante , qui fit fervir “ devant lui des corps morts , des cadavres , & en “ gloutit dans fon estomac des membres , qui , le mo “ ment d ' auparavant , bêloient , muginbient , mat “ choient & voyoient ? Comment fa main put elle “ enfoncer un rer dans le cœur d ' un être fenrible ? “ Comment fes yeux purent - ils fupporter un meur .“ tre ? Comment put - il voir baigner , écorcher , dé “ membrer un pauvre animal fans détente ? Com “ ment put - il fupporter l ' afpe ~ des chairs pante ! an “ tes ? Comment leur odeur ne lai nt .e ! ! c pas foule “ ver le cœur ? Comment ne fut - il pas dégoûte , re “ poune , i fain d ' horreur , quand i ! vint à manier “ l ' ordure de ces b ! enures , à nétoyer le fang nok & ngé qui les couvroit ? “ Les peaux rampoient fur la terre ecorchëe < ? i “ Les chairs au feu mug ! nb ! ent embrochées ; “ L ' homm ? ne put ! t < ! manger rans frëmir , Et dans fon ( ein les entendit gémir .",
                  "id": "10",
                  "title": "\"Émile\" chrétien, consacré à l'utilité publique. [Volume 1] / réd. par M. Formey,..."
            },
            {
                  "doc_url": "https://gallica.bnf.fr/ark:/12148/bpt6k6529894k",
                  "emotions": [
                        "surprise",
                        "disgust",
                        "doubt"
                  ],
                  "excerpt": "Vous remarquez que la poussière est d ' un brun foncé , facilement reconnaissable et bien différente de la précédente .Sentez ! l ' odeur ne vous rappelle - t - elle pas un peu celle du poisson pourri ? l ' épi est frappé de la carie .» Le charbon attaque le blé , l ' orge et l ' avoine .",
                  "id": "11",
                  "title": "Promenades dans les champs, ou Visites à la ferme et à l'exploitation de M. Dumont / par M. P. Francq"
            },
            {
                  "doc_url": "https://gallica.bnf.fr/ark:/12148/bpt6k5814105v",
                  "emotions": [
                        "surprise",
                        "doubt"
                  ],
                  "excerpt": "Aux devantures , sont pendus des burnous et des robes , des harnais et des têtières de perles pour chameaux ; surtout do ces verroteries , bracelets et colliers , qui so fabriquent à Hébron depuis des époques très reculées .On y voit confusément ; on marche dans uno buéode poussière , dans une odeur d ' épices et d ' ambre , en glissant sur de vieilles dalles luisantes , polies pendant des siècles par des babouches ou des pieds nus .Aux abords de la grande mosquée , des instants do nuit , dans des ruelles qui montent , voûtées en ogive , comme d ' étroites nefs ; le long de ces passages , JÉRUSALEM .",
                  "id": "12",
                  "title": "Jérusalem... / Pierre Loti,..."
            },
            {
                  "doc_url": "https://gallica.bnf.fr/ark:/12148/bpt6k5467696r",
                  "emotions": [
                        "surprise"
                  ],
                  "excerpt": "Les tabacs que brûlent constamment les fumeurs , Raniment leurs esprits et réchauffent leurs coeurs .Aristote vécut par l ' odeur d ' une pomme ; Qui ne le croirait pas ? puisque du premier homme Date l ' effet connu de ce fruit merveilleux Qui nous donna la vie et nous priva des cieux .Herbe nicotiane ou petum tour - à - tour , Dites - moi si Voltaire en usait nuit et jour ; S ' il sortait du tabac ou de sa cafetière Cet esprit si tranchant qui ravagea la terre .",
                  "id": "13",
                  "title": "L'Empire du tabac, poème en 3 chants, par M. Blandeau,..."
            },
            {
                  "doc_url": "https://gallica.bnf.fr/ark:/12148/bpt6k6417392w",
                  "emotions": [
                        "surprise",
                        "nostalgia",
                        "gratitude"
                  ],
                  "excerpt": "- E .de la place , dont , chaque fois que par un temps de pluie j ' ai traversé ce lieu , qui est devenu un passage , j ' ai été frappé de la fétidité des exhalaisons qui en émanent .) D ' autres emplacements où l ' infection est en quelque sorte permanente , ce sont les impasses , les petites places qui servent ou de marché ou de lieu de station pour ces milliers d ' ânes et de chameaux , tenus à la disposition du public .",
                  "id": "14",
                  "title": "Voiries et cimetières. Thèse présentée au concours pour la chaire d'hygiène à la faculté de médecine de Paris et soutenue le 1er mars 1852 par Ambroise Tardieu,..."
            },
            {
                  "doc_url": "https://gallica.bnf.fr/ark:/12148/bpt6k56274187",
                  "emotions": [
                        "surprise",
                        "annoyance",
                        "disapproval",
                        "doubt"
                  ],
                  "excerpt": ".Le vieux gronda : — Es - tu donc si ignorant que tu hésites sur une odeur de bête ? 10 MISÈRE ET GRANDEUR DE L ' HUMANITÉ PRIMITIVE — Ce n ' était pas une odeur de bête : cela sentait l ' homme ..",
                  "id": "15",
                  "title": "Misère et grandeur de l'humanité primitive / par Mme Stanislas Meunier,... ; illustrations de Frédéric Massé"
            },
            {
                  "doc_url": "https://gallica.bnf.fr/ark:/12148/bpt6k5570135p",
                  "emotions": [
                        "surprise"
                  ],
                  "excerpt": [
                        ".LE SEMAPHORE ALGERTBNj ^ aa » » aa » a ^ aBaaaaaMMaa ^ ^ BWgaMrtlWâaâMWBaaM ^ — Il I M m ûmmÊaamm ^ Eammi LESPESSODRGES AROMATIQUES DE L ALGERIE par J .- A .",
                        "» a une forte odeur de Camomille .Les fleurs de « Rlia - ' ponticum acaule , » une forte odeur d ' oeillet .Les divers Jasmins odorants \\ iennent admirablement en Algérie , ainsi que les Lilas ."
                  ],
                  "id": "16",
                  "title": "Le Sémaphore algérien : organe de la marine, du commerce, de l'industrie, de l'agriculture et des travaux publics / directeur Henry Haybrard"
            },
            {
                  "doc_url": "https://gallica.bnf.fr/ark:/12148/bpt6k56260426",
                  "emotions": [
                        "surprise",
                        "disgust",
                        "love",
                        "gratitude",
                        "frustration"
                  ],
                  "excerpt": "Monterait en saignant les flancs d ' un dur Calvaire .Mais elle s ' abîmait , le beau lys parfumé , Dans le penser sans fin de l ' homme bieivaimé ! Comment ne chérir pas cette tête bénie ? Il était d ' une grâce ineffable , infinie , Beau , vaillant , florissant de mille qualités , Et £ es yeux étaient pleins de sublimes clartés ! Quoi ! trois jours sans venir ! sans doute il est malade .Las ! las ! n ' - avertir pas sa vieille camarade ! De pitié , de douleur tout son être a frémi ; Elle vole au chevet de son fidèle ami .",
                  "id": "17",
                  "title": "Feuilles d'acanthe : poésies légères / Arnaud Baron"
            },
            {
                  "doc_url": "https://gallica.bnf.fr/ark:/12148/bpt6k5462908n",
                  "emotions": [
                        "surprise",
                        "disgust",
                        "doubt"
                  ],
                  "excerpt": "L ' enfant demandera pourquoi l ' on parle autrement en vers qu ' en prose .Que lui rôpondrez - vous ? Alléché par l ' odeur d ' un fromage * ! Ce fromage , tenu par un corbeau perché sur un arbre , devait avoir beaucoup d ' odeur pour être senti par le renard dans un taillis ou dans son terrier .Est - ce ainsi que vous exercez votre élève à cet esprit do critique judicieuse qui ne s ' en laisse imposer qu ' à bonnes enseignes , et soit discerner la vérité du mensonge dans les narrations d ' autrui ? Lui tint A pou près ce langage i Ce langage ! Les renards parlent donc 8 ? ils parlent donc la môme langue que les corbeaux ? Sage précepteur , prends garde à toi : pèse bien ta réponse avant de la faire ; elle importo plus quo tu n ' as pensé .",
                  "id": "18",
                  "title": "Émile, ou De l'éducation : livre II / Jean-Jacques Rousseau ; publié, avec une notice, une analyse et des notes, par Jules Steeg"
            },
            {
                  "doc_url": "https://gallica.bnf.fr/ark:/12148/bpt6k8571036",
                  "emotions": [
                        "surprise",
                        "annoyance",
                        "disapproval",
                        "nostalgia",
                        "excitement",
                        "gratitude",
                        "doubt",
                        "faith"
                  ],
                  "excerpt": "Je plongerai ma tête amoureuse d ’ ivresse Dans ce noir océan où l ’ autre est enfermé ; Et mon esprit subtil que le roulis caresse Saura vous retrouver , ô féconde paresse , Infinis bercements du loisir embaumé ! Cheveux bleus , pavillon de ténèbres tendues .Vous me rendez l ’ azur du ciel immense et ronds Sur les bords duvetés de vos mèches tordues Je m ’ enivre ardemment des senteurs confondues De l ’ huile de coco , du musc et du goudron .Longtemps ! toujours ! ma main dans ta crinière lourde Sèmera le rubis , la perle et le sapnir , Afin qu ’ à mon désir tu ne sois jamais sourde ! N ’ es - tu pas l ’ oasis où je rêve , et la gourde Où je hume à longs traits le vin du souvenir ? SPLEEN ET IDÉAL .",
                  "id": "19",
                  "title": "Œuvres complètes / de Charles Baudelaire.. 1, Les Fleurs du mal / par Charles Baudelaire ; précédées d'une notice par Théophile Gautier ; [portrait de l'auteur en frontispice gravé par A. Nargeot]"
            },
            {
                  "doc_url": "https://gallica.bnf.fr/ark:/12148/bpt6k8571036",
                  "emotions": [
                        "surprise",
                        "disgust",
                        "fear"
                  ],
                  "excerpt": "On sait l ’ impression qu ’ elles produisirent alors .À la première apparition , à la première odeur de ces Fleurs du mal , comme il les nomme , de ces fleurs ( il faut bien le dire , puisqu ’ elles sont les Fleurs du mal ) horribles de fauve éclat et de senteur , on cria de tous les côtés à l ’ asphyxie et qae le bouquet était empoisonné ! Les moralités délicates disaient qu ’ il allait tuer comme les tubéreuses tuent les femmes en couche , et il tue en effet de la même manière .C ’ est un préjugé .",
                  "id": "20",
                  "title": "Œuvres complètes / de Charles Baudelaire.. 1, Les Fleurs du mal / par Charles Baudelaire ; précédées d'une notice par Théophile Gautier ; [portrait de l'auteur en frontispice gravé par A. Nargeot]"
            }
      ]
}