{
      "articles": [
            {
                  "doc_url": "https://gallica.bnf.fr/ark:/12148/bpt6k6220889r",
                  "emotions": [
                        "fear",
                        "disapproval",
                        "indifference"
                  ],
                  "excerpt": "moschata peuvent être employées , d ' après M .Hannon , de Bruxelles , comme anti - spasmodiques .On peut en retirer une huile essentielle , qu ' on a nommée Musc végétal , et que l ' on peut , dit ce médecin , substituer au musc animal .",
                  "id": "1",
                  "title": "Flore médicale usuelle et industrielle du XIXe siècle. Tome 2 / par MM. A. Dupuis,... O. Réveil,..."
            },
            {
                  "doc_url": "https://gallica.bnf.fr/ark:/12148/bpt6k107528c",
                  "emotions": [
                        "disgust",
                        "fear",
                        "disapproval"
                  ],
                  "excerpt": "Rome serait - elle donc aussi triste , et aurait - elle raison cette vipère ( pardonnez ce qualificatif : il n ' est pas de moi ; il est de Veuillot ) d ' Émile Girardin qui .retour d ' Italie , disait à un ami le questionnant sur la ville étemelle : « Je n ' aime pas Rome , ça sent le mort .» J ' en étais là de mes rénexions .",
                  "id": "2",
                  "title": "De Cognac à Rome : lettres à une cousine / Philippe Gouguet"
            },
            {
                  "doc_url": "https://gallica.bnf.fr/ark:/12148/bpt6k1183568v",
                  "emotions": [
                        "fear",
                        "pain"
                  ],
                  "excerpt": "L ’ engourdissement augmente , et l ’ ivrogne , privé de sentiment , tombe et roule ivre mort .La respiration est ronflante , la face rouge , violacée ; il y a en un mot tous les symptômes d ’ une véritable congestion cérébrale qui peut amener la mort .Ce qui distingue cet état de la congestion cérébrale ordinaire , c ’ est l ’ odeur d ’ esprit - de - vin qu ’ exhale le malade .",
                  "id": "3",
                  "title": "La médecine domestique et la pharmacie usuelle... (3e édition...) / par le Dr E. Beaugrand,..."
            },
            {
                  "doc_url": "https://gallica.bnf.fr/ark:/12148/bpt6k9816629f",
                  "emotions": [
                        "surprise",
                        "anger",
                        "fear",
                        "annoyance",
                        "nervousness",
                        "pain",
                        "embarrassment"
                  ],
                  "excerpt": "Une odeur émanait de tout cela , une odeur d ' aromates plutôt qu ' un parfum .Elle vint , la folle , si légère ! Ses joues étaient enflammées , ses narines frissonnantes .Elle vint , sa jolie main s ' allongea , lentement , une main de travaux exquis .",
                  "id": "4",
                  "title": "La mort de la terre : roman, suivi de contes / J.-H. Rosny aîné,..."
            },
            {
                  "doc_url": "https://gallica.bnf.fr/ark:/12148/bpt6k58359131",
                  "emotions": [
                        "fear"
                  ],
                  "excerpt": "vers l ' ennemi qu ' il veut frapper .Si le rhinocéros ' avait là vision aussi parfaite que l ' ouïe et l ' odorat , ce serait l ' animal , le plus dangereux qu ' il y eût au monde .Tel qu ' il est , c ' est un voisin fort peu tranquillisant : et il arrive souvent à de pauvres indigènes du pays qu ' il habite d ' être victimes de son caractère farouche et de sa force brutale .",
                  "id": "5",
                  "title": "Les Vacances des jeunes Boërs, par le capitaine Mayne-Reid. Ouvrage traduit de l'anglais par Mme H. Loreau..."
            },
            {
                  "doc_url": "https://gallica.bnf.fr/ark:/12148/bpt6k55260723",
                  "emotions": [
                        "disgust",
                        "fear"
                  ],
                  "excerpt": "de l ' asphlxtepar le charbon * Des malheureux , des fous trompés dans leurs amours , A l ' aide du charbon niellent fin à leurs jours ; Ils pensent que pour eux la morl sera paisible : Qu ' ils se détrompent bien , la douleur esl horrible .de la fermentation putride * Quand on remplirait d ' or ma maison tout entière , Je n ' habiterais point auprès d ' un cimetière ; Un nuage mal sain en sort à tous moments ; Et les débris des morts fonl mourir les vivants .Parfois dans les horreurs de la guerre funeste , Les corps abandonnés ont amené la peste .",
                  "id": "6",
                  "title": "L'art de conserver et de rétablir sa santé, ou Préceptes d'hygiène de l'école de Salerne : traduction nouvelle, avec le texte en regard et des remarques critiques, suivie de l'École de Paris, ou Traité d'hygiène moderne, en vers français / par J.-B. Demommerot,..."
            },
            {
                  "doc_url": "https://gallica.bnf.fr/ark:/12148/bpt6k5832757k",
                  "emotions": [
                        "fear",
                        "doubt",
                        "nervousness"
                  ],
                  "excerpt": "SALOMITH .Que de craintes , mes soeurs , que de troubles mortels ! Dieu tout - puissant , sont - ce là les prémices , Les parfums et les sacrifices Qu ' on devait en ce jour offrir sur tes autels ? Une des filles du choeur .Quel spectacle à nos yeux timides ! Qui l ' eût cru , qu ' on dût voir jamais Les glaives meurtriers , les lances homicides , Briller dans la maison de paix ! Une autre .",
                  "id": "7",
                  "title": "Nouveau Théâtre classique, contenant le Cid, Polyeucte, Britannicus, Esther, Athalie et le Misanthrope : pièces prescrites par le programme officiel..."
            },
            {
                  "doc_url": "https://gallica.bnf.fr/ark:/12148/bpt6k5438086s",
                  "emotions": [
                        "fear"
                  ],
                  "excerpt": "— Un riche père de famille possédait une maison grande , mais vieille ; ses chevrons étaient mangés des vers , ses piliers pourris et son toit était sec et inflammable .Il arriva un certain jour qu ' il sentit une odeur de feu .Le maître de la maison sortit précipitamment et vit le chaume tout embrasé * Il ' fut glacé d ' horreur , car il aimait tendrement ses enfants et savait qu ' ils jouaient , ignorants du danger , dans la maison en flammes .",
                  "id": "8",
                  "title": "L'évangile du Bouddha / raconté d'après les anciens documents par Paul Carus ; trad. de l'anglais... par L. de Milloué"
            },
            {
                  "doc_url": "https://gallica.bnf.fr/ark:/12148/bpt6k3067485w",
                  "emotions": [
                        "surprise",
                        "disgust",
                        "anger",
                        "fear"
                  ],
                  "excerpt": "La fiélion d ’ un empoifonnement démontré faux .Son exclamation fubite , fur V odeur d ' arfenic brûlé .Les foupçons qu ’ elle élève , que cet arfenic pouvoir parvenir des reftes de foupe jettée au feu par la fervante , quand il n ’ y avoir pas eu de foupe jettée au feu .",
                  "id": "9",
                  "title": "Mémoire pour Catherine Estinés, habitante de Cazaux, dans le comté de Cominges, contre les officiers du siège royal de Rivière, dans le même comté. / (Signé : Lacroix.)"
            },
            {
                  "doc_url": "https://gallica.bnf.fr/ark:/12148/bpt6k9760970x",
                  "emotions": [
                        "disgust",
                        "fear",
                        "disapproval"
                  ],
                  "excerpt": "Les partisans de Mazarin répondaient à Scarron par des libelles où on lui attribuait uns monstruosité morale correspondant à sa laideur physique .Pour eux il n ' était qu ' un petit gnome affreux , puant , bavant , ne vivant que pour faire le mal .Le plus féroce de ces défenseurs improvisés du ministre fut un transfuge du camp frondeur , un homme qui portait sa verve et son épée en toute indépendance selon les caprices de sa fantaisie , Cyrano de Bergerac .",
                  "id": "10",
                  "title": "La vie de Scarron ou Le rire contre le destin (8e édition) / par Jacques Jéramec"
            },
            {
                  "doc_url": "https://gallica.bnf.fr/ark:/12148/bpt6k64885366",
                  "emotions": [
                        "joy",
                        "grief",
                        "fear",
                        "nostalgia",
                        "nervousness"
                  ],
                  "excerpt": "Pour s ' initier à l ' hymne saint , Ecoutez trembler le Zéphire ; Ecoutez le concert divin , Tendres accords d ' un séraphin : Le rossignol chante et soupire .Ma lyre vient de tressaillir ; L ' air , qui l ' effleure et la caresse , Plein de parfum , de souvenir , Plonge mon âme dans l ' ivresse .Premier baiser ! .",
                  "id": "11",
                  "title": "Poésies, chansons"
            },
            {
                  "doc_url": "https://gallica.bnf.fr/ark:/12148/bpt6k9608823h",
                  "emotions": [
                        "disgust",
                        "fear",
                        "courage",
                        "nervousness"
                  ],
                  "excerpt": "La semence d ' oseille guerit les vices les plus faucheux du coeur 8c de l ' orifice de l ' estomac , 8c principalement les piqueures de scorpion .Le suc de pomme odoriférante 8c de coin , fortifie le cœur 8c l ' estomac , oste la syncope , a ilou - pic ou chasse le venin .Les Cardiaques chauds sont tels : la MeIiire ■ emporte la syncope qui vient de cause froide , dissipe le chagrin 8c la tristesse .",
                  "id": "12",
                  "title": "La thérapeutique, ou La méthode universelle de guérir les maladies , de Mre Jean Fernel,... Traduction nouvelle & plus exacte que les éditions précédentes"
            },
            {
                  "doc_url": "https://gallica.bnf.fr/ark:/12148/bd6t5370648j",
                  "emotions": [
                        "fear",
                        "nervousness",
                        "pain"
                  ],
                  "excerpt": "» Lorsqu ' on sectionna le nerf , elle saisit avec force la main du docteur .En se réveillant , elle dit qu ’ elle sentait des aiguilles et des épingles .Pas le moindre symptôme de crainte .",
                  "id": "13",
                  "title": "La Lumière : sciences, arts, littérature, morale"
            },
            {
                  "doc_url": "https://gallica.bnf.fr/ark:/12148/bd6t5370648j",
                  "emotions": [
                        "surprise",
                        "fear"
                  ],
                  "excerpt": "Celui - ci pense qu ’ il y a lieu de craindre un prochain affaissement dn sol .On est d ’ autant plus fondé de penser à un bouleversement de ce genre , que de semblables accidents se sont déjà produits dans la même région ; l ’ apparition des flammes bleues liées à ces corps , et une odeur de soufre ( ? ) permet de songer à des gaz violemment comprimés menaçant de faire éruption .Le professeur Helland propose , au cas où une perforation exploratrice ferait tomber sur une couche d ’ argile ramollie , de pratiquer , un drainage tout autour du terrain .",
                  "id": "14",
                  "title": "La Lumière : sciences, arts, littérature, morale"
            },
            {
                  "doc_url": "https://gallica.bnf.fr/ark:/12148/bpt6k69410s",
                  "emotions": [
                        "grief",
                        "fear",
                        "love",
                        "nervousness",
                        "despair",
                        "frustration",
                        "disappointment"
                  ],
                  "excerpt": "C ' est te printemps qui vient d ' exil t Mais au jardin , ce qui rayonne , Plus que tous les trésors d ' avril , C ' est ma Gretchen , qui m ' abandonne , Son cccur naïf et sans détour , Vrai cœur do Heur , au par calice , Toujours ouvert à mon amour FidHe , ignorant t ' artiace , Pur et catme , c ~ mme un beau jour .L ' été de sa rose embaumée , Nous menace pour ravenir , En vain contre ma bien aimée .! t veut tutter .",
                  "id": "15",
                  "title": "Le Faust de Goethe / trad. nouv. en vers [par] S. Mazière"
            },
            {
                  "doc_url": "https://gallica.bnf.fr/ark:/12148/bpt6k6443854h",
                  "emotions": [
                        "fear",
                        "disapproval",
                        "gratitude",
                        "doubt"
                  ],
                  "excerpt": "1 frnisp , ce fruit si a .' téaMo , si parfumé , n ' a d ' autw » > lina ' ioii que d ' être mangée en nalui - e : stt lépére iicid lé , le Ille ibt - il fondé <ii ' > n lui fini d ' èire froide lui fini asiei * le sucre .On suj plce au sucre par un li ! < I de * iri > p du si .",
                  "id": "16",
                  "title": "Manuel complet théorique et pratique du distillateur et du liquoriste, ou Traité de la distillation : contenant l'art de fabriquer les diverses espèces d'eau-de-vie et esprits... (Quatrième édition) / par M. Lebeaud,... et M. Julia de Fontenelle,..."
            },
            {
                  "doc_url": "https://gallica.bnf.fr/ark:/12148/bpt6k63555848",
                  "emotions": [
                        "fear",
                        "desire"
                  ],
                  "excerpt": "Soit que les lieux lui fussent inconnus , soit que la divine Institutrice le permît ainsi pour exercer la patience de son élève , la Bergère erra longtemps sans pouvoir la trouver .Elle parcourut l ' une après l ' autre les chaumières du hameau , s ' attendant à trouver la porte d ' où s ' exhaleraient les parfums indices de la présence de Marie .Après de longues et infructueuses re - cherches , elle ne put retenir ses larmes .",
                  "id": "17",
                  "title": "La Vénérable sœur Benoîte, du tiers-ordre de saint Dominique, ou Cinquante-quatre ans d'apparition de la très sainte Vierge à la pieuse bergère du Laus (Nouv. éd...) / par l'abbé H.-C. Adrien Juge,..."
            },
            {
                  "doc_url": "https://gallica.bnf.fr/ark:/12148/bpt6k9616392p",
                  "emotions": [
                        "fear",
                        "nervousness"
                  ],
                  "excerpt": "A haute dose , il ferait sans doute périr comme le précédent .Hallé le fit respirer à des cabiais ; ils périrent en moins d ' une minute et un quart .Traitement .",
                  "id": "18",
                  "title": "Des poisons considérés sous le rapport de la médecine pratique et de la médecine légale . Par D.-Ph. Mutel,..."
            },
            {
                  "doc_url": "https://gallica.bnf.fr/ark:/12148/bpt6k9616392p",
                  "emotions": [
                        "fear"
                  ],
                  "excerpt": "ACIDE PRUSSIQUE .Forez ACIDE HYDRO - CYANIQUE , Poisons végétaux ( narcotiques ) .ALCALIS CAUSTIQUES ET LEURS SOUS - CARBONATES .",
                  "id": "19",
                  "title": "Des poisons considérés sous le rapport de la médecine pratique et de la médecine légale . Par D.-Ph. Mutel,..."
            },
            {
                  "doc_url": "https://gallica.bnf.fr/ark:/12148/bpt6k14175024",
                  "emotions": [
                        "fear",
                        "courage"
                  ],
                  "excerpt": "Elle le menace insidieuse au lit du malade .Elle le menace brutalement quand , sous les balles du champ de bataille , il vient panser la blessure de l ’ ennemi jeté à terre ; elle l ’ atteint presque sûrement quand , après le carnage , ces milliers de blessés , amis et ennemis , encombrent les ambulances et les hôpitaux , exhalant par tous les pores l ’ infection du terrible typhus .Poil aux yeux .",
                  "id": "20",
                  "title": "La Médecine, son esprit et sa mission, son caractère d'art et de science, discours d'ouverture du cours de clinique médicale, prononcé le 19 novembre 1861, par M. le professeur Ch. Schützenberger"
            }
      ]
}