{
      "articles": [
            {
                  "doc_url": "https://gallica.bnf.fr/ark:/12148/bpt6k81117v",
                  "emotions": [
                        "disgust",
                        "fear",
                        "pain",
                        "embarrassment"
                  ],
                  "excerpt": "Car le jour où j ' en aurai assez de la vie , assez de la boue , de cette boue ta boue .dont je sens toujours sur moi l ' intolérable odeur .eh bien , ce jour - là , son Excellence Eugène Mortain ne rira pas , mon vieux .",
                  "id": "1",
                  "title": "Le jardin des supplices / [Octave Mirbeau]"
            },
            {
                  "doc_url": "https://gallica.bnf.fr/ark:/12148/bpt6k3186366",
                  "emotions": [
                        "joy",
                        "grief",
                        "fear",
                        "love",
                        "optimism",
                        "excitement",
                        "nervousness"
                  ],
                  "excerpt": "Ses dents se serrent .Sa chair se marbre d ’ impudents frissons , comme le ciel bas qui la recouvre ; l ’ air est plein de voluptueuses exhalaisons ; voici venir l ’ amant mugissant , parmi ce crépuscule taché dont les ombres seront complices .Mais , fût - ce dans le domaine d ’ Eros , de tels mystères sont douloureux .",
                  "id": "2",
                  "title": "Altesses sérénissimes / Robert de Montesquiou"
            },
            {
                  "doc_url": "https://gallica.bnf.fr/ark:/12148/bpt6k9765756h",
                  "emotions": [
                        "fear"
                  ],
                  "excerpt": "Ce médecin accompagnait le préfet , en 1823 , dans sa tournée départementale , pour l ' examen des jeunes gens qui demandaient à être dispensés du service militaire .Un pâtre assez robuste , à cheveux et poils roux , à odeur infecte , se déshabilla , étant , disait - il , atteint d ' une maladie qu ' il n ' osait nommer .On était à la fin de décembre , le temps était rigoureux , et la salle très froide .",
                  "id": "3",
                  "title": "De l'onanisme et des autres abus vénériens considérés dans leurs rapports avec la santé / par M. le Dr Léop. Deslandes"
            },
            {
                  "doc_url": "https://gallica.bnf.fr/ark:/12148/bpt6k5421250d",
                  "emotions": [
                        "fear"
                  ],
                  "excerpt": "Pondang , établissement ' formé à Sumatra par les Hollandois , l ' air est si malr sain , qu ' on l ' appelle communément la Côte de la peste .Une vapeur pestilentielle bu brouillard s ' élève des marais après les ' pluies , et fait périr tous ies habitans blancs ( 2 ) .On sait que la Virginie et la Caroline ' , ; dans l ' Amérique septentrionale , sont dévastées ( à l ' époque de la saison où la .",
                  "id": "4",
                  "title": "Mémoire sur les dangers des émanations marécageuses et sur la maladie épidémique observée à Pantin et dans plusieurs autres communes voisines du canal de l'Ourcq, en 1810, 1811, 1812, 1813 , par J.-L. Caillard,..."
            },
            {
                  "doc_url": "https://gallica.bnf.fr/ark:/12148/bpt6k76489j",
                  "emotions": [
                        "disgust",
                        "fear",
                        "nervousness"
                  ],
                  "excerpt": "Le diable lui apparaît et l ' enlève par les pieds dans les airs ; elle voit en outre beaucoup de figures d ' hommes , d ' animaux , etc .; elle sent des odeurs infectes , ce qui lui fait penser que le diable la transporte dans des jlieux d ' aisances .D ' ailleurs elle ne peut dire si eM $ ~ étïle ou si elle dort quand tout cela se passe .",
                  "id": "5",
                  "title": "Recherches sur l'anatomie, la physiologie et la pathologie du système nerveux / par J. Baillarger,..."
            },
            {
                  "doc_url": "https://gallica.bnf.fr/ark:/12148/bpt6k1159467",
                  "emotions": [
                        "disgust",
                        "fear",
                        "nervousness",
                        "pain"
                  ],
                  "excerpt": "7 > în nue , nuage kj ? chèvre , tempêté .yr sueur olida capra une senteur forte et mauvaise .XXIX .",
                  "id": "6",
                  "title": "Racines hébraïques, avec leurs dérivés dans les principales langues de l'Europe ; précédées de l'explication des symboles formés par les diverses combinaisons des lettres hébraïques et de rapprochements entre le chinois, l'hébreu, le copte et le sanscrit / par Lethierry-Barrois"
            },
            {
                  "doc_url": "https://gallica.bnf.fr/ark:/12148/bpt6k8800992",
                  "emotions": [
                        "fear",
                        "nervousness"
                  ],
                  "excerpt": "Pajot , l ’ hémorrhagie ne compte pas ; il est toujours sûr de s ’ en rendre maître ; ce qui le décide , c ’ est la putréfaction du délivre : « Soulevez les draps de la « malade ; vous y mettez le nez ; pas d ’ odeur , rien à faire .Mais « le surlendemain , une mauvaise odeur commence à se faire « sentir .C ’ est le commencement de la putréfaction .",
                  "id": "7",
                  "title": "Traitement de l'avortement, par le Dr Moïse Misrachi,... Préface de M. le Dr J.-A. Doléris"
            },
            {
                  "doc_url": "https://gallica.bnf.fr/ark:/12148/bpt6k9780147g",
                  "emotions": [
                        "fear",
                        "nervousness"
                  ],
                  "excerpt": "» Le crapaud brun est long de deux pouces environ ; il est brun clair , marbré de brun foncé ou de noirâtre , il a sur le dos des tubercules , mais en petites quantité , gros * comme des lentilles ; son ventre est lisse : comme ses pieds sont palmés et très - alongés , il saute assez bien ; il se tient de préférence près des eaux , et répand une .forte odeur d ' ail lorsqu ' il est inquiété .Ses œufs forment un cordon très - épais .",
                  "id": "8",
                  "title": "Entretiens familiers d'un père à ses enfants / par M. le chevalier Regley"
            },
            {
                  "doc_url": "https://gallica.bnf.fr/ark:/12148/bpt6k5459403r",
                  "emotions": [
                        "fear",
                        "annoyance",
                        "embarrassment"
                  ],
                  "excerpt": "Cet abcès avait perforé la paroi thoracique , et communiquait avec la plèvre .Lorsqu ' on en fit l ' ouverture , il en sortit un pus horriblement fétide .- : Henry Smith ( 2 ) rapporte l ' observation suivante d ' un , abcès consécutif du médiastin .",
                  "id": "9",
                  "title": "Étude sur la pathogénie des abcès fétides / par Arthur-Auguste Pichancourt,..."
            },
            {
                  "doc_url": "https://gallica.bnf.fr/ark:/12148/bpt6k1039062",
                  "emotions": [
                        "fear",
                        "nervousness"
                  ],
                  "excerpt": "Alors je m ' abandonnai tout entière au désir ardent de vous revoir , qui me brûlait comme une fièvre .Par ma fenêtre ouverte , l ' air , encore chargé d ' orage , me sunoquait ; les senteurs troublantes que la nuit arrache aux fleurs m ' arrivaient et me grisaient .C ' est en vain que j ' essayais de dormir , une insomnie Irritante me jetait hors de mon Ut , et je recommençais cette promenade stupide de l ' animal en cage , qui me lassait sans me calmer .",
                  "id": "10",
                  "title": "La Vie populaire : édition hebdomadaire du Petit Parisien"
            },
            {
                  "doc_url": "https://gallica.bnf.fr/ark:/12148/bpt6k97702553",
                  "emotions": [
                        "sadness",
                        "disgust",
                        "anger",
                        "fear"
                  ],
                  "excerpt": ".L ' œil du matin allongeait la lumière , ainsi que sous le heurt — le gong ' , de son âme grossi ! Ecoute : c ' est un soir de nouveau , rouge et mauve au travers du soupir de dYauwau lasse et sauve du poids de la torpeur dans sa ramure ! Il est des pas dans la poussière des senteurs épaisses qui vont être la nuit dont mouille les mollesses sur nos tempes , le vent silir .— Oui , s ' il te plaît du lent et doux palpitement de tes paupières battre d ' or mon oreille , à mon épaule appuie ton menton plus poli que les nuits des premières lunes ! — tandis que sous l ' air lourd des ketapan ' tandis que mêle du néant et de la vie la danse des laron ' en le soleil tari .",
                  "id": "11",
                  "title": "Le pantoun des pantoun : poème javanais / René Ghil"
            },
            {
                  "doc_url": "https://gallica.bnf.fr/ark:/12148/bpt6k1039062",
                  "emotions": [
                        "grief",
                        "fear",
                        "love"
                  ],
                  "excerpt": "Elle était comme l ' antique Biblis sentant son être se fondre en une source mystérieuse reflétant l ' image dn ciel .Les roses pâles des pudeurs maudites allaient s ' effeuiller autour d elle et joncher la couche où le oien - aimé la viendrait prendre dans ses bras .C ' était donc , à la fois .",
                  "id": "12",
                  "title": "La Vie populaire : édition hebdomadaire du Petit Parisien"
            },
            {
                  "doc_url": "https://gallica.bnf.fr/ark:/12148/bpt6k6520852f",
                  "emotions": [
                        "fear",
                        "courage"
                  ],
                  "excerpt": "Si je ne peux y réussir , je préfère à la ) vie de mourir près de toi .Mais je peux sortir > 1 de cette affreuse caverne comme j ' y suis entré , tt et je puis vous sauver tous , si vous savez , comme moi , braver l ' horrible puanteur de ce 1 détestable bouc .Alors il lui raconta la ruse il que la femme de l ' ogre avait imaginée en sa fi faveur , pour tromper le nez subtil de son vilain q époux Il nous conseilla de nous couvrir tous ' J comme lui de peaux de boucs ; et comme nous fûmes persuadés de la bonté de cet expédient , nous tuâmes Jjien vite les boucs le .",
                  "id": "13",
                  "title": "Roland furieux. Tome 2 / , poème héroïque de l'Arioste, nouvelle traduction par M. le comte de Tressan"
            },
            {
                  "doc_url": "https://gallica.bnf.fr/ark:/12148/bpt6k8800992",
                  "emotions": [
                        "fear",
                        "nervousness"
                  ],
                  "excerpt": "., névrophate et anémique , entourée de parentes aussi nerveuses et insupportables qu ’ elle - même .La situation étant la même que dans l ’ observation précédente , mon confrère aurait bien voulu procéder à un curage , pour lequel il avait déjà préparé le nécessaire , mais on s ’ y opposa absolument .",
                  "id": "14",
                  "title": "Traitement de l'avortement, par le Dr Moïse Misrachi,... Préface de M. le Dr J.-A. Doléris"
            },
            {
                  "doc_url": "https://gallica.bnf.fr/ark:/12148/bpt6k628702",
                  "emotions": [
                        "disgust",
                        "fear",
                        "disapproval"
                  ],
                  "excerpt": "Et quant à ce que tu nommes la réalité , en vain je m ' eNbrcerais d ' y prendre plaisir ! Les choses qui m ' entourent m ' apparaissent enveloppées d ' une brume monotone et funèbre .J ' ai dans la bouche une saveur étrange , répugnante , une saveur de mort .J ' ai dans les narines une odeur de mort .",
                  "id": "15",
                  "title": "Contes chrétiens / Teodor de Wyzewa"
            },
            {
                  "doc_url": "https://gallica.bnf.fr/ark:/12148/bpt6k2056133",
                  "emotions": [
                        "grief",
                        "sadness",
                        "fear",
                        "despair",
                        "pain"
                  ],
                  "excerpt": "NKf ~ HtT ' t ' C / Mt .Un homme de génie , en silence agonise ; Les siens sont près de lui , baisant sa tête grise , Étouffant leurs sanglots et couvant du regard Le front moite et glacé de l ' illustre vieillard ; L ' acre odeur de la tombe emplit déjà la chambre ; La mort vient : tout se tait .– Soudain , dans l ' antichambre , Un bruit sec de talons résonne bruyamment .",
                  "id": "16",
                  "title": "Artiste et citoyen : poésies / Étienne Carjat. précédées d'une lettre de Victor Hugo"
            },
            {
                  "doc_url": "https://gallica.bnf.fr/ark:/12148/bpt6k9341245",
                  "emotions": [
                        "fear"
                  ],
                  "excerpt": "Nous nous agenouillâmes à notre tour et nous nous glissâmes à sa suite .A peine entres , nous essayâmes de nous redresser , mais l ’ obscurité était complète et une odeur âcre et suffocante nous avait pris à la gorge .Il nous fallait quelques minutes avant de pouvoir nous rendre compte de l ’ endroit où nous étions ; des formes noires s ’ agitaient à terre devant nous , et du centre de la case s ’ élevait une épaisse fumée causée par un feu de broussailles mal allumé .",
                  "id": "17",
                  "title": "Le Pilori : journal démocratique socialiste, paraissant tous les samedis [\"puis\" journal paraissant tous les dimanches]"
            },
            {
                  "doc_url": "https://gallica.bnf.fr/ark:/12148/bpt6k81117v",
                  "emotions": [
                        "disgust",
                        "fear"
                  ],
                  "excerpt": "Il était sale et défoncé , couvert de poussière noire , jonché devidures de poisson .De puantes odeurs , des bruits de rixes , des chants de flûte , des abois de chien nous arrivaient du fond des taudis qui le bordent maisons de thé vermineuses , boutiques en coupe - gorge , factoreries louches .Clara me montra , en riant , une sorte de petite échoppe où l ' on vendait , étalés sur des feuilles dé caladium , des portions de rats et des quartiers de chiens , des poissons pourris , des poulets étiques , enduits de copal , des régimes de bananes et des chauve - souris saignantes , enfilées sur de mêmes broches .",
                  "id": "18",
                  "title": "Le jardin des supplices / [Octave Mirbeau]"
            },
            {
                  "doc_url": "https://gallica.bnf.fr/ark:/12148/bpt6k1039062",
                  "emotions": [
                        "anger",
                        "fear",
                        "nervousness"
                  ],
                  "excerpt": "Les choses ne lui apparaissaient pins que somme des images bottantes dans ce vide si - tenoieox , les images de sa jeunesse fuyante et ie ses amours perdues .t < e souMTo froid d ' une t ' éaUté menaçante lui passait au front , en me - ne temps que labrise qui lui mettait un frisson parfumé dans les cheveux .Une idée lui vint tu ' eile n ' avait jamais eue c ' est que le comte < ivait peut - être aérteusement de ; ) soupçons .",
                  "id": "19",
                  "title": "La Vie populaire : édition hebdomadaire du Petit Parisien"
            },
            {
                  "doc_url": "https://gallica.bnf.fr/ark:/12148/bpt6k65775200",
                  "emotions": [
                        "disgust",
                        "fear",
                        "annoyance"
                  ],
                  "excerpt": "Bien qu ' elle fût toujours là comme une horrible , mais désormais inutile menace , j ' évitais d ' ordinaire , on le comprend , jusqu ' à la vue de cet instrument de sinistre mémoire .A ma grande terreur , j ' aperçus Moustache et son compagnon habituel qui trottaient gaiement vers l ' endroit fatal , attirés sans doute par l ' odeur alléchante qui avait déjà causé la perte de tant de rongeurs , je ne pus m ' empêcher de m ' écrier : « Arrêtez , Moustache ! arrêtez imprudents ! Si vous fourrez le museau dans cette trappe , c ' en est fait de vous ! » Moustache fit volte - face et me regarda dans le blanc des yeux .La vérité m ' oblige à confesser que j ' eus quelque peine à supporter ce terrible regard .",
                  "id": "20",
                  "title": "Histoire de la famille Chester et de deux petits orphelins / par P.-J. Stahl et William Hughes [\"sic\"]"
            }
      ]
}