{
      "articles": [
            {
                  "doc_url": "https://gallica.bnf.fr/ark:/12148/bpt6k9681158b",
                  "emotions": [
                        "disgust",
                        "fear",
                        "courage"
                  ],
                  "excerpt": "Je hais celle qui sait , d ' un bout à l ' autre bout , Palémon , qui se fait une règle sévère De ne manquer jamais aux lois de la grammaire , Qui de vers inconnus , de propos d ' érudit M ' accable , et qui reprend dans tout ce qu ' elle dit Une ignorante amie ; en pareille matière , Un homme éviterait cette critique amère , C ' est le moins qu ' un époux ait droit , en vérité , De faire un solécisme en toute liberté .Quand d ' un riche collier leur épaule est parée , Que par de lourds pendants leur oreille est tirée , D ' audace et d ' impudeur quel attristant tableau ! Une femme opulente est le pire fléau ; Voyez , de pain mouillé sa face enveloppée ; Elle exhale l ' odeur des onguents de Poppée , Où viennent s ' engluer les lèvres de l ' époux , C ' est affreux ! S ' agit - il d ' un galant rendez - vous ? Nec curanda viris opicæ castigat amicæ 455 Verba .Solcecismun liceat fecisse marito .",
                  "id": "1",
                  "title": "Les Satires de Juvénal : accompagnées du texte latin et de remarques extraites de la traduction de M. de Silvecane (édition de 1690) / traduites en vers par Paul Ducos"
            },
            {
                  "doc_url": "https://gallica.bnf.fr/ark:/12148/bpt6k9681158b",
                  "emotions": [
                        "surprise",
                        "fear",
                        "courage",
                        "doubt"
                  ],
                  "excerpt": "Le luxe corrupteur , l ' énervante richesse Ont détruit , sans retour , notre antique sagesse .Vénus prise de vin , que ne peut - elle oser ? En quel endroit du corps portera son baiser , Quand , dans de folles nuits , d ' huîtres elle se gorge , Qu ' au Falerne écumant qui coule dans sa gorge , Se mêlent des parfums ; que dans la conque on boit , Que déjà les plafonds dansent et que l ' on voit Les flambeaux allumés se doubler sur les tables ? Luxuria incubuit , victumque ulciscitur orbem .Nullum crimen abest facinusque libidinis , ex quo Paupertas Romana perit .",
                  "id": "2",
                  "title": "Les Satires de Juvénal : accompagnées du texte latin et de remarques extraites de la traduction de M. de Silvecane (édition de 1690) / traduites en vers par Paul Ducos"
            },
            {
                  "doc_url": "https://gallica.bnf.fr/ark:/12148/bpt6k5759309m",
                  "emotions": [
                        "grief",
                        "disgust",
                        "fear",
                        "nervousness",
                        "pain",
                        "embarrassment"
                  ],
                  "excerpt": ".je ne peux atteindre que ses pattes dont , les muscles sont tendus LE ROI DU DESERT 257 comme des fils d ' acier ! Mes doigts glissent dessus ! Je vois son gros oeil jaune à quelques centimètres de moi , son haleine fétide me donne des nausées : de la bave coule sur mon visage .Un désir fou de le dompter , une rage extraordinaire me prennent .",
                  "id": "3",
                  "title": "Mon Roman au Niger / Louis Carpeaux"
            },
            {
                  "doc_url": "https://gallica.bnf.fr/ark:/12148/bpt6k97739096",
                  "emotions": [
                        "disgust",
                        "fear"
                  ],
                  "excerpt": "Lorsque cet animal est jeune , sa chair est très - nourri srante & facile à digérer .Elle est désagréable & d ' une odeur forte , lorsque le Cerf est en rut .Quand il est vieux , sa chair ne vaut rien , parce qu ' elle est séche , de difficile digestion , qu ' elle cause des obftructions , engendre une bile noire , & dispose le corps aux fièvres .",
                  "id": "4",
                  "title": "L'Art de conserver la santé des personnes valetudinaires, et de leur prolonger la vie . Traduite du latin de M. Cheyne : avec des remarques interessantes et un abregé des propriétés des alimens"
            },
            {
                  "doc_url": "https://gallica.bnf.fr/ark:/12148/bpt6k4223226p",
                  "emotions": [
                        "fear",
                        "pain"
                  ],
                  "excerpt": "La brise est chaude , le ciel est chargé , le soleil disparaît sans éclat sous des nuages rouges et grisâtres .Bientôt on sent l ’ haleine dévorante du désert , des bouffées sèches et suffocantes se succèdent sans interruption , la chaleur est lourde et énervante .Micaeli nous prédit le khamsin , heureusement Micaeli n ’ est pas prophète .",
                  "id": "5",
                  "title": "L'Égypte à la voile / Laurent Laporte"
            },
            {
                  "doc_url": "https://gallica.bnf.fr/ark:/12148/bpt6k96897651",
                  "emotions": [
                        "fear"
                  ],
                  "excerpt": "Les feuilles fraîches , les fruits , frais ou conservés , ainsi que les écorces de ces plantes font éprouver quand on les mâche un certain temps , une sensation acre et brûlante qui s ' étend jusqu ' au gosier et qui ne se dissipe que lentement .A dose un peu forte , les DAPHNÉS sont des poisons violents .Ce sont des médicaments dangereux qui ne doivent être maniés que par des praticiens expérimentés lorsqu ' il s ' agit de les employer à l ' intérieur comme dépuratifs , fondants et drastiques .",
                  "id": "6",
                  "title": "Nouvelle botanique médicale comprenant les plantes des jardins et des champs susceptibles d'être employées dans l'art de guérir.... Tome 4 / E. Lesacher et M.-A.-A. Mareschal"
            },
            {
                  "doc_url": "https://gallica.bnf.fr/ark:/12148/bpt6k96200729",
                  "emotions": [
                        "disgust",
                        "fear",
                        "boredom",
                        "nervousness",
                        "frustration"
                  ],
                  "excerpt": ".A deux heures et demie ! J ' entr ' ouvris les yeux et je bâillai , énervée d ' être assaillie dans ce moment de lassitude exquise où je veux autour de moi du silence , de sentir au lieu de l ' arôme subtil , presque insaisissable , de violette et d ' ambre qui s ' évaporait de l ' eau tiédissante et du linge l ' odieuse odeur de l ' opoponax que la vieille passionnée achète dans quelque bazar des Batignolles et dont elle s ' inonde à plaisir .— Tais - toi , je dors 1 — Tu en as une conduite 1 — Arthur avait invité des gens chics , Landrimont , lord Shelley , Bob Cassis , et deux femmes du monde , la comtesse Sonia Goulatschef , une des dames d ' honneur de l ' Impératrice , tout simplement , et la marquise Roccaleone .",
                  "id": "7",
                  "title": "Amuseuse, roman inédit... / René Maizeroy"
            },
            {
                  "doc_url": "https://gallica.bnf.fr/ark:/12148/bpt6k55685625",
                  "emotions": [
                        "fear"
                  ],
                  "excerpt": "plaisir de tirer à la cible , ce que ne ferait jamais un disciple de Bouddha ; mon excuse est que je tirais à balle et que je n ' ai fait qu ' une seule victime , et que la carabine que j ' avais traînée jusqu ' ici était encore vierge de toute cartouche .En rentrant à la nuit tombante , sur le bord du Baswak Kullam , pendant que vainement je cherche mon pince - nez , mon amie me prend l ' arme des mains et envoie une balle à un jeune crocodile sous l ' épaule gauche ; il gigote encore quand , à bout portant , on lui a mis des balles dans l ' oeil ; il a un mètre de long , sent fort mauvais et nous le laissons là .Le lendemain de grand matin nous partons , emportant les meilleurs souvenirs de tout ce que nous avons vu , stupéfaits que de si belles et si intéressantes choses soient si peu connues , même par l ' élite intellectuelle du monde .",
                  "id": "8",
                  "title": "Deux Mois à Ceylan, Colombo, Kandy, Nurrelya, Badulla, Ratnapoura, le musée de Colombo, l'île Ramescheram, Anuradhupoura, chronique et statistique... / Émile Bruyas"
            },
            {
                  "doc_url": "https://gallica.bnf.fr/ark:/12148/bpt6k6102816p",
                  "emotions": [
                        "grief",
                        "disgust",
                        "fear",
                        "nervousness"
                  ],
                  "excerpt": "Mais que vois - je ? et quel est ce fantôme livide Qui se lève hideux du fond d ' un noir cercueil ? C ' est la Mort , agitant une faux homicide , Qui couvre ce tableau d ' une teinte de deuil ; En vain , pour ranimer une folle espérance , Je tâche d ' écarter ce spectacle effrayant ; Le spectre à pas pressés devant mes yeux s ' avance , Et tous ces vains secours rentrent dans le néant .Ainsi lorsque des bois la feuille verdoyante Sent un souffle au midi qui la fait frissonner , Adieu fontaine , adieu zéphir , fleur odorante , On la voit s ' agiter , pâlir et se faner .Fuyez donc loin de moi , décevantes chimères , Cessez enfin de tendre un piège à notre coeur ; LE BONHEUR .",
                  "id": "9",
                  "title": "L'âme et la solitude / par Achille Du Clésieux"
            },
            {
                  "doc_url": "https://gallica.bnf.fr/ark:/12148/bpt6k96897651",
                  "emotions": [
                        "fear"
                  ],
                  "excerpt": "Tous les ans , d ' ailleurs , les journaux enregistrent de nouveaux cas d ' empoisonnement par la PETITE CIGUE .C ' est , en un mot , un poison narcotico - âcre des plus dangereux .: De LAC ( lait ) , par allusion au suc blanc de cette plante .",
                  "id": "10",
                  "title": "Nouvelle botanique médicale comprenant les plantes des jardins et des champs susceptibles d'être employées dans l'art de guérir.... Tome 4 / E. Lesacher et M.-A.-A. Mareschal"
            },
            {
                  "doc_url": "https://gallica.bnf.fr/ark:/12148/bpt6k5762675r",
                  "emotions": [
                        "fear",
                        "nostalgia",
                        "nervousness",
                        "indifference"
                  ],
                  "excerpt": "Elle fil sa toilette , et so parfuma de tilleul cl de foin , avec une pointe de sureau ; c ' est son parfum du moment .Son haleine est fraîche ; elle vint jusqu ' à moi et me donna une sensation de froid , que j ' aurais voulu vous envoyer dans vos taudis do la rue du Bac .Elle s ' éclairait de ' plus en plus , et la terre , de plus en plus , se réjouissait de la voir ! Tout s ' animait ; les oiseaux éclatèrent en chansons , et me firent souvenir de faire ma prière , comme ils faisaient la leur .",
                  "id": "11",
                  "title": "Éducation et patriotisme / R. P. Terrade,..."
            },
            {
                  "doc_url": "https://gallica.bnf.fr/ark:/12148/bpt6k3041509f",
                  "emotions": [
                        "fear"
                  ],
                  "excerpt": "au à ' .J Le mieux eft de faire ces boëtes d ’ un iile , ( j bois dur , odorant & réfineux , fi on le üiitiii ' l ( peut : ce qui n ’ eft pas difficile dans les pays îs - pç chauds , où il y a le plus à craindre que idrojJ les infeéles ne percent les boëtes , incon - sM vénient qui arrivera moins fouvent , fi le ild bois eff réfineux .Il faut que le deffus de ry la boëte foit à rainure & à couliffie , qu ’ on 4 , ; ouvre en tirant le couvercle qui glilTe le i c y long des côtés entre deux rainures , & qu ’ on ; S ; 4 ferme en pouffant le couvercle qui doit à fon v .",
                  "id": "12",
                  "title": "Encyclopédie méthodique. Histoire naturelle.... Tome 1"
            },
            {
                  "doc_url": "https://gallica.bnf.fr/ark:/12148/bpt6k6228812p",
                  "emotions": [
                        "disgust",
                        "fear"
                  ],
                  "excerpt": "- Le gaz acide hydrochlorique ou chlorhydritjue .Ce g < tz , p us pesant que l ' air , a une odeur vive et suffocante , éteint les bougies , en verdissant le bord de la flamme , asphyxie et tue les animaux .On le retire du sel marin par aci o sulfurique qui le dégage sous forme de gaz ; expose a l ' air humide , il absorbe l ' eau répandue dans l ' atmosphère et laisse échapper des vapeurs blanches , douces , d une odeur piquante .",
                  "id": "13",
                  "title": "Bibliothèque de la conversation. Première partie : véritable encyclopédie portative des connaissances humaines / par MM. Honoré Arnoul,..., Frédéric Thomas,..., Isabelle,... [et al.] ; Honoré Arnoul, rédacteur en chef"
            },
            {
                  "doc_url": "https://gallica.bnf.fr/ark:/12148/bpt6k548694",
                  "emotions": [
                        "fear"
                  ],
                  "excerpt": "0 chair tissée en songe , Qui jamais , qui jamais connaitra sous les cieux D ' où vient cet éternel sanglot délicieux Qui roule du profond de l ' homme vers Tes Yeux 1 Une douceur splendida et sombre Flotte sous le cm ! étoilé On dirait que là - haut , dans l ' ombre Un paradis s ' est écroula .Et c ' est comme l ' odeur ardente , L ' odeur névreuse dans l ' air noir , D ' une chevelure d ' amante Dénouée à travers le soir .Tout l ' espace languit de fièvres .",
                  "id": "14",
                  "title": "Le chariot d'or ; Symphonie héroïque / Albert Samain"
            },
            {
                  "doc_url": "https://gallica.bnf.fr/ark:/12148/bpt6k5814647x",
                  "emotions": [
                        "anger",
                        "fear"
                  ],
                  "excerpt": "nu » s ' dênoii » ê * par la ragé bourgeoise , quand ils n ' étaient pas tusUI « s surde - champ , moururent ou meurent encoiw des ntivalions qu ' il - » endurèDut ou des germe * morbides que .leur infiltra l ' air ' fétide des eiils - dMins * e -' o * se oY on les jeta , soit en Knuice , soit dan * * lVnfer calédonien t , v Aussitôt après le triomphe d ? s ruraux , plu » » de HJ0 , 0U0 dénonciations s * al » utlant * ur les vainc us irieUventin * uflisa » ds les lieux « le détention , prison * « le .leri * ierme ou bogitet * tlottants .",
                  "id": "15",
                  "title": "Fusillé deux fois : épisode de la semaine sanglante / [signé Achille Le Roy]. [La Commune ressuscitée] / [signé Souêtre]"
            },
            {
                  "doc_url": "https://gallica.bnf.fr/ark:/12148/bpt6k9784177v",
                  "emotions": [
                        "fear",
                        "doubt",
                        "nervousness",
                        "frustration"
                  ],
                  "excerpt": "Elle représente seul la nature entière , & occupe une ame dans l ' oisiveté .Que faire alors r - On se croit tête à tête , mais le diable se met lourdement de se parties Il est fort , il ' esi malin ; il s ' érige en : maître , & nous fait tomber dans un précipice , qui de sens froid ne paroîtroit séduisant ni par les flsurs ni par les parfums .J ' ajoute à ces disgraces , celles de vivre perpétuellement avec des mortels , sans frein , fans - politesse , & toujours de subjuguer par la brutalité de leurs passions .",
                  "id": "16",
                  "title": "Les delassemens champêtres, ou Mêlanges d'un philosophe sérieux à Paris, & badin à la campagne. Tome 2 / . Tome premier [-second]"
            },
            {
                  "doc_url": "https://gallica.bnf.fr/ark:/12148/bpt6k64725896",
                  "emotions": [
                        "fear"
                  ],
                  "excerpt": "Pour nous , nous renouvelons le conseil donné de faire les opérations dangereuses , sous de grands manteaux de cheminées .pourvus d ' un fourneau d ' appel ; ils seront alors à l ' abri des gaz délétères et meurtriers .TROISIÈME PARTIE .",
                  "id": "17",
                  "title": "Le médecin des travailleurs, enseignant les moyens de se préserver et de se guérir des maux qu'engendre l'exercice de chaque profession : suivi d'une hygiène et médecine des familles / par A. Saint-Arroman,..."
            },
            {
                  "doc_url": "https://gallica.bnf.fr/ark:/12148/bpt6k63740003",
                  "emotions": [
                        "fear"
                  ],
                  "excerpt": "— Je dois rendre justice à ces messieurs , je le répète , personne - ne m ' a inquiété .J ' ai pu fuir , selon V05 indications , non - seulement les odeurs insalubres des fumiers de ferme , qui i .pns les plaintes et vœux , présentes par les instituteurs publics en f861 , vingt et un instituteurs sur cent demandent qup la commune soit tpujours propriétaire de son école .",
                  "id": "18",
                  "title": "Les causeries du docteur : entretiens familiers sur l'hygiène / par Mme Hippolyte Meunier..."
            },
            {
                  "doc_url": "https://gallica.bnf.fr/ark:/12148/bpt6k54628623",
                  "emotions": [
                        "disgust",
                        "fear",
                        "nervousness"
                  ],
                  "excerpt": "Quelquefois l ' aliéné .trôit exhaler une odeur fétide et craint d ' incommoder les personnes qui l ' approchent .Cetroublede l ' olfaction ( comme les hallucinations de l ' ouïe ) a rarement un caractère agréable .",
                  "id": "19",
                  "title": "De la marche du délire chronique / par Pierre Castang,..."
            },
            {
                  "doc_url": "https://gallica.bnf.fr/ark:/12148/bpt6k5730026r",
                  "emotions": [
                        "anger",
                        "fear",
                        "desire"
                  ],
                  "excerpt": "navire - , etc .y brûler : une odeur , forte y pouB en chasser le mau - ; vais air .A ; \\ PARFUMEUR , EUSE ^ s .",
                  "id": "20",
                  "title": "Nouveau Vocabulaire français de De Wailly : où l'on a suivi l'orthographe du Dictionnaire de l'Académie... (Vingt-deuxième édition) / par François De Wailly,... et Etienne De Wailly,..."
            }
      ]
}