{
      "articles": [
            {
                  "doc_url": "https://gallica.bnf.fr/ark:/12148/bpt6k5436487z",
                  "emotions": [
                        "disgust",
                        "anger",
                        "fear",
                        "pain"
                  ],
                  "excerpt": "111 Maintenant le cortège atteint A la lisière menaçante Où l ' attend le muet destin .Le cheval hennit d ' épouvante En claquant do ses qualro fors Dans l ' odeur de mort qu ' il évente .180 LE RIDEAU DE POURPRE Son oeil do sang s ' injecte et vers Le mur des archers noirs oblique En jetant de rouges éclairs .",
                  "id": "1",
                  "title": "Le rideau de pourpre : poèmes / Charles Morice"
            },
            {
                  "doc_url": "https://gallica.bnf.fr/ark:/12148/bpt6k96028813",
                  "emotions": [
                        "disgust",
                        "fear",
                        "nervousness"
                  ],
                  "excerpt": "Mais dans le geste qu ' elle fit pour embrasser sa fille , elle lui offrit à respirer cette fine odeur d ' iris , envolée de ses fourrures et de son linge , et qui paraissait être l ' émanation discrète de sa personne .Cette senteur respirée fit défaillir Thérèse .Elle y reconnaissait le parfum habituel en qui toute son enfance semblait être contenue , l ' odeur qu ' elle retrouvait , lorsqu ' on rqngeait les armoires de « maman » , quand on ouvrait les longues boîtes minces où dormaient les dentelles , les mouchoirs fins et les gants de peau douce , mieux encore : l ' odeur même de la chambre où elle avait dormi , la chambre où toute petite , on la prenait dans le « grand lit » , l ' odeur de l ' oreiller où leurs deux têtes se confondaient , une saveur de passé , qui réveillant les énergies de sa mémoire , lui présentait toute son enfance à respirer , comme un bouquet de sentiments fanés , d ' émotions oubliées et de douces fleurs mortes .",
                  "id": "2",
                  "title": "Le jardin des roses : roman / Léon Thévenin ; frontispice... de Robaudi..."
            },
            {
                  "doc_url": "https://gallica.bnf.fr/ark:/12148/bpt6k5529872s",
                  "emotions": [
                        "fear",
                        "nervousness",
                        "pain"
                  ],
                  "excerpt": "Le valet de limier mène son chien sur le terrain où il espère en rencontrer , et là , sans l ' animer ni l ' exciter , il examine avec attention la contenance et les niouvemens du limier .Si , à l ' odeur qui frappe le nez du chien , il le voit revenir à lui précipitamment , le poil hérissé , la queue entre les jambes et l ' air inquiet , il y a peu d ' espoir d ' en obtenir un bon service , surtout si , en l ' encourageant de la voix et du geste , il ne reprend pas dé hardiesse ; dans ce cas , il faut y renoncer .Si , au contraire , le chien montre dé l ' ardeur , s ' il s ' échauffe , s ' il flaire hardiment les endroits où lé loup a pu laisser de son odeur , si enfin il se dispose à suivre pour trouver le rembûchement et qu ' iltire sur le trait , on peut être assuré d ' avoir trouvé un limier .",
                  "id": "3",
                  "title": "Traité général des eaux et forêts, chasses et pêches, composé d'un recueil chronologique des réglemens forestiers, d'un dictionnaire des eaux et forêts, et d'un dictionnaires des chasses et pêches ; avec un atlas contenant un grand nombre de tableaux et de figures.... Partie 3 / . Par M. Baudrillart, chef de division adjoint, à l'administration générale des forêts, membre de la Société royale et centrale d'agriculture..."
            },
            {
                  "doc_url": "https://gallica.bnf.fr/ark:/12148/bpt6k5493845q",
                  "emotions": [
                        "grief",
                        "fear",
                        "courage",
                        "despair",
                        "disappointment"
                  ],
                  "excerpt": ".lu peux bien mourir : J ' effeuille d ' une main , amie Ta corolle , hélas ! sahs ' odeur .Tu partageras endormie La même tombe que ta soeur .",
                  "id": "4",
                  "title": "Encyclopédie chantante : recueil de chansons et chansonnettes, anciennes et nouvelles"
            },
            {
                  "doc_url": "https://gallica.bnf.fr/ark:/12148/bpt6k64614616",
                  "emotions": [
                        "surprise",
                        "fear",
                        "nervousness"
                  ],
                  "excerpt": "Quand la moisson jaunit sous les feux de l ' été , Un ouragan éclate , et tout est dévasté : Adieu la rouge grappe ! adieu la blonde gerbe ! Mais pour les jeunes blés , vivent les longs hivers ! Loin de nuire aux épis qui sont encore en herbe , La neige les conserve et plus chauds et plus verts .L ' ORAGE Quand le ciel est tout noir sous un vaste nuage Et qu ' une odeur de poudre empeste au loin les airs , Les oiseaux effrayés rentrent sous le feuillage ; Et la foudre grondante éclate aux cieux déserts .Mais lorsque le soleil , à la fin de l ' orage , Jette des rayons blancs sur les arbres plus verts , Tous les petits oiseaux , secouant leur plumage , Sur les lilas en fleur reprennent leurs concerts .",
                  "id": "5",
                  "title": "Sonnets et poésies (Nouvelle édition avec une préface) / Émile Péhant"
            },
            {
                  "doc_url": "https://gallica.bnf.fr/ark:/12148/bpt6k5758745j",
                  "emotions": [
                        "fear",
                        "desire"
                  ],
                  "excerpt": "Ah ! si la poésie était un vain mensonge , Illusion des sens où notre âme se plonge , Qui fuit et s ' évapore au grand jour des autels , Mon pied se poserait sur de plus doux rivages ; Je n ' aurais point livré mon âme à ces orages Dévorants et mortels ! Je te l ' ai dit souvent : Cache au dédain du monde , Cache ce don .fatal dans une ombre profonde ; Ecris tes vers et puis jette - les dans un coin , Pour que ta chambre en soit peuplée et parfumée , _ 4 — Pour avoir de toi - même une relique aimée , Yisitée au besoin .Garde tes vers dormants , châsse auguste qui s ' ouvre ' Dans les jours solennels , trésor qu ' on ne découvre Qu ' aux amis les plus chers dans les secrets abris ; Je t ' ai dit : Garde - les dans un chaste mystère , Couvre - les de respect , de pudeur , de prière ; Mais non pas de mépris .",
                  "id": "6",
                  "title": "Adolescence, poésies, par Numa Boudet"
            },
            {
                  "doc_url": "https://gallica.bnf.fr/ark:/12148/bpt6k9701282c",
                  "emotions": [
                        "fear"
                  ],
                  "excerpt": "SUZANNE AU BAIN PAR SANTERRE .Suzanne « dit à ses deux jeunes filles : Apportez - « moi de l ' huile et des parfums ; fermez les portes du « jardin , parce que je veux me baigner : elles obéirent , « fermèrentles portes , et sortirent par une fausse porte « pour apporter ce que Suzanne avait demandé ; elles « n ' avaient point vu les vieillards , parce qu ' ils étaient « cachés .Quand les jeunes filles furent sorties , les deux « anciens se levèrent , coururent vers Suzanne , et lui « dirent : Voici les portes du jardin fermées , personne « ne nous voit , cède à nos désirs .",
                  "id": "7",
                  "title": "Études sur les beaux-arts en général (Nouvelle édition) / par M. Guizot"
            },
            {
                  "doc_url": "https://gallica.bnf.fr/ark:/12148/bpt6k5711891v",
                  "emotions": [
                        "disgust",
                        "fear",
                        "nervousness",
                        "pain"
                  ],
                  "excerpt": "C ' est « une véritable sensitivc » , qui se laisse impressionner par le moindre parfum : elle fuit les réunions , les soirées , les bals , parce qu ' elle ne peut supporter les odeurs inhérentes aux milieux mondains .Elle a en horreur les parfums de la rose , de la violette , du muguet , de l ' héliotrope , du jasmin , qui occasionnent chez elle différents accidents , migraines , vertiges , nausées , vomissements , palpitations , syncopes .Ces troubles sont presque toujours précédés ou accompagnés d ' éternuements et d ' enchifrônement léger .",
                  "id": "8",
                  "title": "Vertiges et odeurs / Dr Joal,..."
            },
            {
                  "doc_url": "https://gallica.bnf.fr/ark:/12148/bpt6k5711891v",
                  "emotions": [
                        "disgust",
                        "fear",
                        "nervousness"
                  ],
                  "excerpt": ".ajoute qu ' il redoute l ' odeur du vernis au point qu ' à l ' hôtel des ventes de la rue Drouot il n ' ose approcher d ' une salle dn rez - dechaussée où se vendent d ' ordinaire des meubles remis à neuf par les marchands .Rien dans les fosses nasales .",
                  "id": "9",
                  "title": "Vertiges et odeurs / Dr Joal,..."
            },
            {
                  "doc_url": "https://gallica.bnf.fr/ark:/12148/bpt6k920195m",
                  "emotions": [
                        "fear"
                  ],
                  "excerpt": "B .Le menthol , succédané de la cocaïne , comme anesthésique .( Rosenberg .",
                  "id": "10",
                  "title": "Formulaire des médicaments nouveaux : 1000 formules usuelles, à l'usage des médecins praticiens et portant principalement sur les médicaments et les médications nouvelles, recueillies par le Dr Auguste Lutaud,..."
            },
            {
                  "doc_url": "https://gallica.bnf.fr/ark:/12148/bpt6k10495409",
                  "emotions": [
                        "fear",
                        "doubt",
                        "curiosity"
                  ],
                  "excerpt": "CRONIAMANTAL Mais le bonheur que tu proclames , l ' oublies - tu et oublies - tu le mien ? Tu me ressembles ! L ' homme heureux se frotte les mains , tu l ' as fait .Sens - les Quelle odeur ont - elles ? PAPONAT Une odeur de mort .CRONIAMANTAL Ha ! ha ! ha ! L ' homme heureux a la même odeur que le mort .",
                  "id": "11",
                  "title": "Le poète assassiné et puis ressuscité : [épreuves d'imprimerie] / Guillaume Apollinaire"
            },
            {
                  "doc_url": "https://gallica.bnf.fr/ark:/12148/bpt6k76498h",
                  "emotions": [
                        "fear",
                        "excitement",
                        "nervousness"
                  ],
                  "excerpt": "vésicule des hémisphôres .l , nerf olfactif .7 ~ nerf optique .",
                  "id": "12",
                  "title": "Anatomie des centres nerveux. Méthode générale d'études, embryogénie, histogénèse et histologie, anatomie du cerveau / par J. Dejerine,... ; avec la collaboration de Mme Dejerine-Klumpke,..."
            },
            {
                  "doc_url": "https://gallica.bnf.fr/ark:/12148/bpt6k6527322r",
                  "emotions": [
                        "surprise",
                        "fear"
                  ],
                  "excerpt": "Jamais on n ' a pu lui ferrer les quatre pieds le même jour .Le bruit des marteaux , l ' odeur de la fumée , que sais - je ? l ' énervaient , la mettaient hors d ' elle ; elle ne se défendait nullement mais ne pouvait rester en place , ne se laissait plus lever un membre et devenait dangereuse sans être méchante .Il est des sujets pleins d ' ardeur sur lesquels il est toujours difficile de ramener l ' attention volontaire au début d ' une leçon .",
                  "id": "13",
                  "title": "L'âme du cheval... : étude de psychologie comparée / Ad. Guénon,..."
            },
            {
                  "doc_url": "https://gallica.bnf.fr/ark:/12148/bpt6k98044983",
                  "emotions": [
                        "fear",
                        "pain"
                  ],
                  "excerpt": "Les fleurs inodores ne produisent que cet effet ; mais celles qui ont un parfum , indépen - damment de ce moyen d ' action sur l ' économie , possèdent encorç celui qui dépend des qualités particulières de leurs arômes .Les émanations des unes peuvent causer le mal de tête , des angoisses , des nausées , des défaillances : telles sont celles du jasmin , du lis , de la mauve , du pavot , de la rose , du sureau , des tubéreuses , de la violette , de l ' œillet , etc .Les autres , au contraire , ont une action excitante et bien moins dangereuse : telles sont celles du romarin , de la sauge , du thym , etc .",
                  "id": "14",
                  "title": "La nouvelle maison rustique ou Encyclopédie-manuel de toutes les sciences et de tous les arts.... Tome 1 / par une société d'agronomes, de médecins, de vétérinaires et de chimiste"
            },
            {
                  "doc_url": "https://gallica.bnf.fr/ark:/12148/bpt6k6105106t",
                  "emotions": [
                        "fear"
                  ],
                  "excerpt": "_ .Odeur , danger d ' incendie » 3c Bougies et autres objets en cire et en acide stéarique Danger d ' incendie ..",
                  "id": "15",
                  "title": "Nomenclature des Etablissements insalubres dangereux ou incommodes annexée aux décrets du 3 mai 1886 et suivants jusqu'au 10 octobre 1899. Extrait du \"Rapport général sur les travaux des conseils d'hygiène et de salubrité de Meurthe-et-Moselle en 1898\" (Tome XXXIV)"
            },
            {
                  "doc_url": "https://gallica.bnf.fr/ark:/12148/bpt6k63318922",
                  "emotions": [
                        "fear",
                        "excitement"
                  ],
                  "excerpt": "Mais la chasse commence .Voici le chien sur la piste , et il n ' y a point de temps à perdre : car le lièvre , lui aussi , est pourvu d ' une sentinelle olfactive ; il sentira venir l ' ennemi ; il prendra de l ' avance .Le succès dépend donc de la célérité .",
                  "id": "16",
                  "title": "Mémoires d'anthropologie. Tome 5 / de Paul Broca,..."
            },
            {
                  "doc_url": "https://gallica.bnf.fr/ark:/12148/bpt6k405614w",
                  "emotions": [
                        "fear",
                        "desire",
                        "courage",
                        "excitement",
                        "despair"
                  ],
                  "excerpt": "Comme le marteau sur l ' enclume La corne en mesure s ' abat , La bouche se blanchit d ' écume , La queue ondoie et le flanc bat .Traverse tous les bruits de guerre Qui font encore frémir la terre , Passe le sang et la poussière , Passe la guerre , passe le vent 1 Hope ! mon cheval , en avant ! Terrible et doux , souple et rebelle , Ferme sur ses jarrets d ' acier , Corps de lion , pieds de gazelle Et vol d ' oiseau C ' est mon coursiei On dirait une sensitive Si dans l ' herbage du vallon L ' odeur de la cavale arrive , On voit se dresser l ' étalon .Traverse tous les bruits de guerre Qui font encor frémir la terre , Passe le sang et la poussière Passe la guerre , passe le vent ! Hope mon cheval , en avant ! Tout fhr de sa housse écarlate , Il quitte les airs triomphants Pour lécher la main qui le flatte Et jouer avec les enfants .",
                  "id": "17",
                  "title": "Muse populaire : chants et poésies,... (Cinquième édition augmentée de 70 chants nouveaux)"
            },
            {
                  "doc_url": "https://gallica.bnf.fr/ark:/12148/bpt6k54858g",
                  "emotions": [
                        "disgust",
                        "fear",
                        "gratitude",
                        "doubt"
                  ],
                  "excerpt": "r < w ~ / < ttrM < wr ~ Mpt ~ r / / oM < H < ~ NMtnprntft M ta presse LES CHOSES Non 1 Ce n ' eet pas to ~ oo ~ te vent Q < ti fait boogef l ' herbe CM feuille , Ët ~ andtezéphyrseMcueine , MM d ' an épi tremble souvent .Sonm < nt te parfum ~ n ' eMe couve , Suant ie poison aéctété , Là fleur bAiMe & la votupM dit le dédf qu ' elle éproave .i t t ttS A ~ AAttiONS Certaines dotmettt te vertige ~ âf le motMtMeux < te leur air , ËngtouUMent , pompent ta chair , Sont des gnenteB Bat Mae tige .",
                  "id": "18",
                  "title": "Les apparitions / Maurice Rollinat"
            },
            {
                  "doc_url": "https://gallica.bnf.fr/ark:/12148/bpt6k90618j",
                  "emotions": [
                        "fear",
                        "nervousness"
                  ],
                  "excerpt": "Priesttey , Sennebier et tugen - Housz sont les premiers qui ont observé cette facutte des plantes ; mais ce n ' est que Théodore de Saussure qui , par une suite de bettes expériences , a démontre d ' une manicre évidente que les plantes décomposaient ainsi t ' acide carbonique .Comme nous venons de le dire , c ' est par leurs ( cuittes que les végétaux respirent aussi pourrait - on s ' inquiéter du sort de ! & respiration lorsque l ' hiver vient depouitter les arbres de leur feuillage .A cela nous répondrons que , dès que la végétation s ' est éteinte chez eux , elle s ' est rattumce dans des pays antipodes des nôtres , et que , grâce aux vents qui sans cesse agitent fuir , cet air vicié par notre respiration est aussitôt remplacé par de l ' air pur , tandis qu ' il va se purifier sur les points du globe couverts de verdure , Ces phénomènes , merveilleux et grandioses ; s ' accomplissent avec tant de régulurité que l ' air pris dans les difléretites parties du monde a partout oHert ta même composition , soit au niveau des mers , soit au sommet des plus hautes montagnes et même a une hauteur de 7 .",
                  "id": "19",
                  "title": "Leçons de chimie élémentaire appliquées aux arts industriels et faites aux ouvriers du XIIe arrondissement. Partie 1 / par M. Doré fils,..."
            },
            {
                  "doc_url": "https://gallica.bnf.fr/ark:/12148/bpt6k5805554r",
                  "emotions": [
                        "disgust",
                        "fear"
                  ],
                  "excerpt": "Chose plus forte encore : il .lui sem - sem - une odeur de chair carbonisée , et .distinguer sa Voix entrecoupée dé gémissements , comme : s ' il eût voulu lui demander des prières pour abréger les peines de soup ' urgatoire , .",
                  "id": "20",
                  "title": "La Conscience de Monsieur Coco, par F.-X. Trébois"
            }
      ]
}