{
      "articles": [
            {
                  "doc_url": "https://gallica.bnf.fr/ark:/12148/bpt6k63815465",
                  "emotions": [
                        "disgust",
                        "fear"
                  ],
                  "excerpt": "bl .; odeur cadavéreuse ; sav .douce .",
                  "id": "1",
                  "title": "Les Champignons, traité élémentaire et pratique de mycologie, suivi de la description des espèces utiles, dangereuses, remarquables, par J. Moyen,... Avec une introduction de Jules de Seynes,..."
            },
            {
                  "doc_url": "https://gallica.bnf.fr/ark:/12148/bpt6k9746422f",
                  "emotions": [
                        "grief",
                        "fear",
                        "boredom",
                        "despair"
                  ],
                  "excerpt": "On est presque effrayé de la clairvoyance de cet homme quand , tournant la page , on se trouve en face de ces lignes : D ' autres , à ma place , seraient heureux : je ne puis pas l ' être .Je sens , - ia mort qui chemine sous ces magnifiques ■ effluves de vie .On a empoisonné mes enfants : ils ne le savent point encore ; moi , je le sais .",
                  "id": "2",
                  "title": "Monseigneur Isoard, évêque d'Annecy : sa vie, ses écrits, son action / par l'abbé A. Bouzoud"
            },
            {
                  "doc_url": "https://gallica.bnf.fr/ark:/12148/bpt6k15235952",
                  "emotions": [
                        "fear",
                        "nervousness"
                  ],
                  "excerpt": "3 .La Racine eft branchue , nerveufe - , les rameaux de la racine font blancs en dehors & en dedans - , elle eft d ’ un < span style = \" color : Slategray ; \" > goût < / span > fade & point défagreable , fans odeur .< span style = \" color : Slategray ; \" > C .",
                  "id": "3",
                  "title": "Collection des plantes usuelles, curieuses et étrangères, selon les systèmes de MM. Tournefort et Linnaeus, tirées du Jardin du roi... et imprimées en couleur,... par M. Gautier Dagoty,..."
            },
            {
                  "doc_url": "https://gallica.bnf.fr/ark:/12148/bpt6k1182764k",
                  "emotions": [
                        "surprise",
                        "disgust",
                        "fear",
                        "doubt"
                  ],
                  "excerpt": "« La mer a été dure , cette nuit , dit l ’ Anglais , sans s ’ arrêter à la froideur qu ’ on lui témoignait — Je crois que l ’ entrepont n ’ a pas dû êtrcagréahlc à habiter l ’ y suis descendu tout à l ’ heure .C ’ était renversant — J ’ en ai pris un instantané Mais je n ’ ai pu noter l ’ odeur qui règne en ce lieu infernal Où avez - vous passé la nuit ? — Sur le pont ! dit Bernard .— Cela ne m ’ étonne pas J ’ eusse fait de même .",
                  "id": "4",
                  "title": "L'or du pôle / Danielle d'Arthez ; ouvrage illustré... par Alfred Paris"
            },
            {
                  "doc_url": "https://gallica.bnf.fr/ark:/12148/bpt6k65274312",
                  "emotions": [
                        "fear"
                  ],
                  "excerpt": "On les voit quelquefois former au - dessus des marais un véritable nuage .Les vents qui régnent , dispersent ce nuage et entraînent au loin ces terribles effluves .Il peut se faire alors que des localités plus ou moins éloignées , éprouvent sur place une véritable migration .",
                  "id": "5",
                  "title": "Étude hygiénique sur l'insalubrité des communes rurales... et des moyens d'y remédier, par A. Jacqmart..."
            },
            {
                  "doc_url": "https://gallica.bnf.fr/ark:/12148/bpt6k65172046",
                  "emotions": [
                        "disgust",
                        "fear"
                  ],
                  "excerpt": "Devant les huttes , des hommes , chaussés de bottes prodigieuses , des femmes aux cheveux ébouriffés , des enfants demi - nus , maniaient des monstres aux formes étranges , ou plongeaient les bras dans des gélatines d ' où ils ressortaient noirs jusqu ' aux coudes .Un odeur âcre et fétide se dégageait de tout cela et , malgré le vent salin dont la côte était balayée , vous prenait à la gorge .Quand nous voulûmes approcher d ' une de ces familles , les femmes et les enfants , à la vue de nos casques , de nos longues lances et de nos chevaux , se levèrent et s ' enfuirent en poussant des cris .",
                  "id": "6",
                  "title": "L'anneau de César (Nouvelle édition augmentée d'une Etude sur la Gaule ancienne à l'époque de Jules César) / Alfred Rambeau ; 85 illustrations par George Roux et Clerget"
            },
            {
                  "doc_url": "https://gallica.bnf.fr/ark:/12148/bpt6k6305028j",
                  "emotions": [
                        "disgust",
                        "fear"
                  ],
                  "excerpt": "Qui de nous n ' en pourrait citer de nombreux exemples pris dans sa famille ? Une de mes filles a eu , dès son berceau , une ressemblance frappante avec mon grandpère .Moi - même , j ' ai hérité de mes deux grands - pères une horreur profonde pour le fromage , par dessus la tète de mon père et de ma mère qui ont , à leur tour , transmis , par dessus ma tète , à leurs petits enfants , le goût de ce met trop parfume .C ' est un exemple d ' atavisme que je ne donne que parce qu ' il est le plus fréquent rhez les .",
                  "id": "7",
                  "title": "Catalogue descriptif des vignes américaines et des vignes de l'ancien monde introduites, greffées et étudiées de 1873 à 1887 / par Aimé Champin,..."
            },
            {
                  "doc_url": "https://gallica.bnf.fr/ark:/12148/bpt6k9602488m",
                  "emotions": [
                        "fear"
                  ],
                  "excerpt": "Si , au contraire , l ' eau sent mauvais et abandonne au contact 1 de l ' acide sulfurique un résidu noir à odeur forte et nau - séeuse .l ' atmosphère contient des miasmes , des vapeurs ani - malisées , des émanations miasmatiques dangereuses pour la c santé et susceptibles d ' amener la mort .Considérations générales sur les empoisonnements par l ' acide s carbonique et l ' air confiné .",
                  "id": "8",
                  "title": "Précis de toxicologie / par le Dr A. Chapuis,..."
            },
            {
                  "doc_url": "https://gallica.bnf.fr/ark:/12148/bpt6k5456515c",
                  "emotions": [
                        "fear",
                        "nervousness",
                        "pain"
                  ],
                  "excerpt": "Une autre cause de débilitation résulte de l ' écoulement incessant de la salive au dehors .La respiration devient elle - même très - difficile ; TUMEURS VASCULAIRES DE LA LANGUE .725 elle ne peut plus se faire que par les fosses nasales .",
                  "id": "9",
                  "title": "Manuel de pathologie externe ; 2. Maladies des régions : tête et rachis / par É. Kirmisson,..."
            },
            {
                  "doc_url": "https://gallica.bnf.fr/ark:/12148/bpt6k5727732s",
                  "emotions": [
                        "disgust",
                        "anger",
                        "fear",
                        "annoyance",
                        "nervousness",
                        "indifference"
                  ],
                  "excerpt": "II .ASPHYXIE PAR fcKS GAZ IRRESPIRABLES Air vicié .— Air confiné .",
                  "id": "10",
                  "title": "Premiers secours en cas d'accidents et d'indispositions subites (4e édition, augmentée de nouvelles instructions du conseil d'hygiène publique et de salubrité de la Seine...) / E. Ferrand & A. Delpech"
            },
            {
                  "doc_url": "https://gallica.bnf.fr/ark:/12148/bpt6k1062798",
                  "emotions": [
                        "fear"
                  ],
                  "excerpt": "VI n y avait dans le sud de Saint - Louis de vieilles maisons de brique , d ' un aspect arabe , qui s ' éclairaient le soir et jetaient encore sur les sables des traînées de lumière rouge , aux heures où tout dormait dans la ville morte .Il sortait de là d ' étranges odeurs de nègre et d ' alcool , le tout mélangé et développé par la chaleur torride ; il en sortait aussi la nuit des bruits d ' enfer .Là , les spahis régnaient en maîtres ; là , les pauvres guerriers en veste rouge allaient faire tapage et s ' étourdir ; absorber , par besoin ou par bravade , d ' nvraisem \" blables quantités d ' alcool , user comme à plaisir la puissante sève de leur vie .",
                  "id": "11",
                  "title": "Le roman d'un spahi / par Pierre Loti"
            },
            {
                  "doc_url": "https://gallica.bnf.fr/ark:/12148/bpt6k9610964k",
                  "emotions": [
                        "fear",
                        "nervousness"
                  ],
                  "excerpt": "Entre les choses qui erpoit ventent la nuiél , il n ' y en a point • ' une qui donne plus de frayeur que la mortalité , lors que Die ! , desploye ce fléau a & qu ' on en ' tend toutes les nuiéls les effeâ , nouveaux en diverses maisons • } Car on ne se va point couche , sans apprehender pour la sîenneji la maison du voisin qui brusle i nous said craindre pour la no 1 sire 3 & sou vent la frescheur de la nuié1 : glace plustost le coeur j ' qu ' elle ne le foulage .De jour : la chaleur nous faitE craindre ce feu , , & orsqu ' çn plein midi Ici ; exha 1 1 exhalaisons chaudes montent de ' sa terre .l ' air que nous respirons nous esi suspeâ : j comme si nous avions à humer du poison .",
                  "id": "12",
                  "title": "Divers traictez de pieté, sur quelques occasions du temps present . Par André Rivet,..."
            },
            {
                  "doc_url": "https://gallica.bnf.fr/ark:/12148/bpt6k63815465",
                  "emotions": [
                        "fear",
                        "nervousness"
                  ],
                  "excerpt": "bl .roussâtre ; odeur anisée .— TRINII .",
                  "id": "13",
                  "title": "Les Champignons, traité élémentaire et pratique de mycologie, suivi de la description des espèces utiles, dangereuses, remarquables, par J. Moyen,... Avec une introduction de Jules de Seynes,..."
            },
            {
                  "doc_url": "https://gallica.bnf.fr/ark:/12148/bpt6k6139472x",
                  "emotions": [
                        "disgust",
                        "fear",
                        "nervousness",
                        "pain",
                        "embarrassment"
                  ],
                  "excerpt": "Et les deux inconnus pénétrèrent sous la voûte où sifflait une bise glaciale .En sentant sur sa figure l ' haleine froide du vent qui passait sur les murailles épaisses , la jolie femme frissonna et dit à voix basse : J ' ai peur .— Que crains - tu près de moi ? — Je ne sais .",
                  "id": "14",
                  "title": "Le Bâtard impérial, par Louise Michel et Jean Winter"
            },
            {
                  "doc_url": "https://gallica.bnf.fr/ark:/12148/bpt6k6516673h",
                  "emotions": [
                        "anger",
                        "fear",
                        "annoyance",
                        "nervousness"
                  ],
                  "excerpt": "tivement rangées dans la 2 e classe .Goudrons ( Travail en grand Odeur insalubre et danger ire Idem .des ) , soit pour la fonte et du feu .",
                  "id": "15",
                  "title": "Collection complète des lois, décrets, ordonnances, règlemens et avis du Conseil d'État... : de 1788 à 1830 inclusivement, par ordre chronologique, continuée depuis 1830.... Tome 25 / par J.-B. Duvergier"
            },
            {
                  "doc_url": "https://gallica.bnf.fr/ark:/12148/bpt6k57900146",
                  "emotions": [
                        "fear",
                        "nervousness"
                  ],
                  "excerpt": "On est souple , n ' est - ce pas ? Comme pour en donner la preuve , elle ] s ' était levée avec une ondulation harmonieuse de toute sa personne , elle vint jeter ce mot dans un sourire ingénu à l ' oreille du jeune homme .Il sentit passer , tout proche , le parfum tiède de la gorge délicatement moulée sous le barège entr ' ouvert .Elle avait vu se former un nuage sur le front d ' Elzéar , à ses dernières reparties ; elle le vit se fondre dans une sensation capiteuse .",
                  "id": "16",
                  "title": "Les morts qui parlent / par le Vte E.-M. de Vogüé"
            },
            {
                  "doc_url": "https://gallica.bnf.fr/ark:/12148/bpt6k921236h",
                  "emotions": [
                        "surprise",
                        "fear",
                        "nervousness",
                        "pain"
                  ],
                  "excerpt": "Rose s ’ approcha et prit entre ses mains la main chargée de bagues de ce malade , de ce mourant .Sa respiration était haletante .— Quelle fièvre I dit Rose .",
                  "id": "17",
                  "title": "Le jardin des perles / par M. Rousseau"
            },
            {
                  "doc_url": "https://gallica.bnf.fr/ark:/12148/bpt6k6574357d",
                  "emotions": [
                        "fear"
                  ],
                  "excerpt": "Le contraste est frappant entre les toits vernissés et bizarres , les portiques de marbre ciselé , les sculptures à jour des murailles ornementées de ce palais , et la cage lugubre où sont entassés plus d ' une centaine de délinquants : les barreaux sont des gaules de bambous , laissant entrer librement la neige et la bise ; et le balai qui nettoierait ces nouvelles écuries d ' Augias n ' a jamais été coupé sur les bouleaux de la forêt .C ' est donc sur des amas indescriptibles et d ' une odeur écœurante que gisent ces malheureux ; ils attendent là le décret fantaisiste par lequel ils seront condamnés au supplice du gril , ou de la scie qui les coupera par tranches en commençant par les pieds , * ou du puits dans lequel on les suspendra la tête en bas , ou du rasoir auquel sera jointe une fiole de vitriol arrosant les fentes taillées dans leur peau vive .Chang - Haï , 7 mars 1867 .",
                  "id": "18",
                  "title": "Voyage autour du monde : Pékin, Yeddo, San Francisco / par le comte de Beauvoir"
            },
            {
                  "doc_url": "https://gallica.bnf.fr/ark:/12148/bpt6k14147944",
                  "emotions": [
                        "disgust",
                        "fear"
                  ],
                  "excerpt": "Peau sèche , aride .Les malades exhalent une odeur cadavéreuse .Oppression .",
                  "id": "19",
                  "title": "Le Conservateur de la santé"
            },
            {
                  "doc_url": "https://gallica.bnf.fr/ark:/12148/bpt6k64291567",
                  "emotions": [
                        "surprise",
                        "fear",
                        "nervousness",
                        "embarrassment"
                  ],
                  "excerpt": "Lorsqu ' on parcourt les salles des hôpitaux , on voit çà et là de pauvres malades au teint jaunâtre , dont le visage exprime la souffrance la plus vive , et près desquels on ne s ' arrête pas , entrevoyant leur mort prochaine .Qu ' on lève leurs couvertures , et l ' on verra plein d ' effroi des pourritures horribles , des membres ou distendus par des tumeurs , ou rongvs par des ulcères , et répandant des odeurs écœurantes .Si le visiteur demande alors au chef de service le nom de cet AIWAHY mal qui doit infailliblement entrainer la mort des malades , le médecin lui répondra : C ' est un cancer .",
                  "id": "20",
                  "title": "De l'extinction de la prostitution. Pétition au Sénat (session de 1865), par le Dr Jules Meugy,..."
            }
      ]
}