{
      "articles": [
            {
                  "doc_url": "https://gallica.bnf.fr/ark:/12148/bpt6k5791065t",
                  "emotions": [
                        "disgust",
                        "fear",
                        "nostalgia"
                  ],
                  "excerpt": ".ce souvenir se réveilla tout à coup menaçant et terrible ! Cette fête était celle du mariage de Jeanne ! ce cortège était celui de la reine et de l ' infant , marchant à l ' autel sur le tapis de fleurs dont l ' enthousiasme populaire avait jonché les rues , au milieu des parfums enivrants brûlés sur leur passage , et au son des cantiques sacrés qui allaient demander pour eux au ciel l ' auréole de la bénédiction .— Oui , murmura d ' une voix étouffée Marie , qui ne se rappelait plus que Robert était là .",
                  "id": "1",
                  "title": "Les Romans du jour illustrés par Gavarni, J.-A. Beauce, Staal, H. Emy etc."
            },
            {
                  "doc_url": "https://gallica.bnf.fr/ark:/12148/bpt6k5442605t",
                  "emotions": [
                        "grief",
                        "disgust",
                        "fear",
                        "relief",
                        "calmness"
                  ],
                  "excerpt": "( » 77 ) Il y a des praticiens qui ne voyent rien dans la maladie de Job qui s ' applique à la Ve ' nusalgie .Pour moi j ' y vois , avec Calmet , un corps couvert d ' ulcères dégoûtantes , exhalant une odeur cadavéreuse qui le force à - fuir la société des \\ u nommes , et à attendre sur un fumier la fin lente et douloureuse de la Vénusalgie , la mort .Il y a des praticiens qui voyent à peine un écoulement virulent et lépreux dans ce passage sur la maladie de David : Cadat super caput Joab et super universam .",
                  "id": "2",
                  "title": "La Vénusalgie, ou la maladie de Vénus / par le Dr Sacombe"
            },
            {
                  "doc_url": "https://gallica.bnf.fr/ark:/12148/bpt6k122148x",
                  "emotions": [
                        "disgust",
                        "fear",
                        "nervousness",
                        "despair",
                        "pain",
                        "embarrassment"
                  ],
                  "excerpt": ") » – Parce qu $ , entre deux morts , j j ' ai choisi la moins certaine .Je suis sur de mourir par l ' odeur du tabac qui agit sur moi d ' une manière terrible , tandis que j ' ai la chance de ne pas recevoir un boulet ..",
                  "id": "3",
                  "title": "Bulletin de l'Association française contre l'abus du tabac"
            },
            {
                  "doc_url": "https://gallica.bnf.fr/ark:/12148/bpt6k54310871",
                  "emotions": [
                        "fear",
                        "pain"
                  ],
                  "excerpt": "Salut ! victime du Devoir ! Le gendarme est assis .Ses bottes d ' ordonnance , Juste dessous son nez , ont de cruels relents , Qu ' une marche forcée et des chemins brûlants Ont emmagasinés , en certaine abondance .Mais il a sur lui - même un stoïque ' pouvoir .",
                  "id": "4",
                  "title": "Pour dire entre hommes / Octave Pradels ; illustrations de Kauffmann"
            },
            {
                  "doc_url": "https://gallica.bnf.fr/ark:/12148/bpt6k103737v",
                  "emotions": [
                        "fear"
                  ],
                  "excerpt": "II n ' y a presque plus d ' eau les hommes tirent le boat sur la vase , dans laquelle ils enfoncentjusqu ' aux aisselles .C ' est le marais à perte de vue ; de la vase se dégage une odeur effroyable .A trois heures , il n ' y a plus d ' eau du tout ; je fais signe aux Djinquis que je m ' arrête .",
                  "id": "5",
                  "title": "Une poignée de héros : la mission Marchand à travers l'Afrique / par Gabriel Galland,..."
            },
            {
                  "doc_url": "https://gallica.bnf.fr/ark:/12148/bpt6k55580803",
                  "emotions": [
                        "disgust",
                        "fear",
                        "pain",
                        "embarrassment"
                  ],
                  "excerpt": "— Celui - ci demande du camphre , cet autre du vinaigre des quatre voleurs , et jusqu ' à cette drogue infecte que l ' on brûle en bas dans la petite chambre du cloître , et qui m ' empeste la maison .Ils viennent tous en haut et sentent mauvais comme des sépulcres , et répandent une odeur qui vous fait vomir et éternuer .— Pasqua , ce sont des châtiments de Dieu , dit Don Giovanni , humilions - nous , prions et travaillons au soulagement des pauvres cholériques .",
                  "id": "6",
                  "title": "Don Giovanni, par A. Bresciani"
            },
            {
                  "doc_url": "https://gallica.bnf.fr/ark:/12148/bpt6k243187",
                  "emotions": [
                        "fear"
                  ],
                  "excerpt": "La terre déploie aux étoiles sur sa couche nuptiale un voile de vapeur et de rosée .A travers cette ombre humide et parfumée qui est comme la chaste caresse de la nature , répandue dans l ' atmosphère , le cheval hennit , le cerf brame , le taureau mugit et le lion roule dans le désert son sourd tonnerre .Mais le poète passionné de cette nuit est l ' oiseau caché là - bas à la lisière de la forêt sous le cytise ou sous l ' aubé pine .",
                  "id": "7",
                  "title": "Profession de foi du dix-neuvième siècle (3e édition) / par Eugène Pelletan"
            },
            {
                  "doc_url": "https://gallica.bnf.fr/ark:/12148/bpt6k5813606p",
                  "emotions": [
                        "fear"
                  ],
                  "excerpt": "— 111 .Poisons narcolkorâcres : .ceux qui agissent sur le cerveau , mais qui en même temps enflamment les parties sur lesquelles ils sont appliqués ( lo aconit , noix vomique , belladone , digitale , ellébore , colchique , ciguë , aristoloche , rue , etc .",
                  "id": "8",
                  "title": "Dictionnaire universel des connaissances humaines.... Tome 6 / sous la direction de B. Lunel,..."
            },
            {
                  "doc_url": "https://gallica.bnf.fr/ark:/12148/bpt6k5791065t",
                  "emotions": [
                        "sadness",
                        "disgust",
                        "fear",
                        "nostalgia",
                        "nervousness",
                        "despair",
                        "pain"
                  ],
                  "excerpt": "Le simple contact d ' une brise qui a passé sur des clématites , la seule émanation d ' une fleur d ' héliotrope suffisent parfois pour vous serrer le coeur .Vous sentez ce parfum qui vous coule dans tous les nerfs , comme un poison suave ; votre corps s ' enfièvre , votre âme s ' alanguit , et une mélancolie profonde , inconsolable , mortelle vous pénètre et vous inonde .Antoine , déjà disposé aux émotions douloureuses , éprouva bientôt tous les symptômes de ce singulier empoisonnement de l ' âme : il sentit sa tristesse devenir horrible , il se mit à repasser , avec une rage de désespoir qu ' il n ' avait jamais éprouvée , l ' existence défleurie à laquelle il se trouvait condamné , et à regarder avec horreur l ' avenir qui ne lui promettait qu ' isolement et oubli .",
                  "id": "9",
                  "title": "Les Romans du jour illustrés par Gavarni, J.-A. Beauce, Staal, H. Emy etc."
            },
            {
                  "doc_url": "https://gallica.bnf.fr/ark:/12148/bpt6k1039062",
                  "emotions": [
                        "surprise",
                        "fear",
                        "nervousness",
                        "embarrassment"
                  ],
                  "excerpt": "Il se rcvit alors , parcourant paiement , par des nuits sombres comme celle - ci , ces sentiers couverts an bout desquels elle l ' attendait si belle et si aimante Le frémissement du vent dans les feuilles lui rappela son pas léger quand elle accourait vers lui .Un souffle d ' air embaumé le fit tressaillir comme s ' il lui apportait le parfum délicat et pénétrant qu ' il respirait à son approche .Un instant il crut revivre le passé , et sa poitrine se souleva largement comme au réveil d ' un mauvais rêve .",
                  "id": "10",
                  "title": "La Vie populaire : édition hebdomadaire du Petit Parisien"
            },
            {
                  "doc_url": "https://gallica.bnf.fr/ark:/12148/bpt6k64235256",
                  "emotions": [
                        "fear",
                        "annoyance"
                  ],
                  "excerpt": [
                        "Il ressemble à la morille par son chapeau celluleux .Il a un pied trèsélevé sortant d ' une bourse ; le chapeau est plus petit et suinte une liqueur verdâtre ; il exhale une mauvaise odeur et est très - dangereux .7 .",
                        "Arcansovs ou résines de pin ( Travail en grand des ) , soit pour la fonte et l ' épuration des matières , soit pour en extraire la térébenthine .— Danger du feu et odeur très - désagréable .— 9 fév ."
                  ],
                  "id": "11",
                  "title": "Manuel de la salubrité, de l'éclairage et de la petite voirie ou Répertoire alphabétique, raisonné et pratique des lois, règlements... : contenant le tarif des droits de grande et de petite voirie / par M. Alphonse Martel,..."
            },
            {
                  "doc_url": "https://gallica.bnf.fr/ark:/12148/bpt6k103737v",
                  "emotions": [
                        "fear",
                        "nervousness"
                  ],
                  "excerpt": "« Alors , dit un des membres de la mission , des senteurs âcres et une odeur de fange montent subitement à la gorge .On se sent saisi par un malaise , une oppression générale produite par les miasmes putrides .Il semble que ce soit le signal à des myriades d ' insectes venimeux et dévorants , pour s ' emparer de l ' atmosphère qu ' ils emplissent de leurs bourdonnements , de leurs bruissements , de leurs grincements .",
                  "id": "12",
                  "title": "Une poignée de héros : la mission Marchand à travers l'Afrique / par Gabriel Galland,..."
            },
            {
                  "doc_url": "https://gallica.bnf.fr/ark:/12148/bpt6k9796964w",
                  "emotions": [
                        "fear",
                        "frustration"
                  ],
                  "excerpt": "Vous seriez plus en fûreté dans une cave bien voutée ct bien fermée .Une bonne Voûte , l ' Air qui n ' auroit point d ' issue pour sortir , se - roient capables d ' arrêter ou de détourner l ' exhalaison la plus violente * qui ne trouveroit nul accès pour pénétrer juf - qu ' à vous .P .",
                  "id": "13",
                  "title": "Entretiens physiques d'Ariste et d'Eudoxe, ou Physique nouvelle en dialogues . Qui renferme précisément ce qui s'est découvert de plus curieux & de plus utile dans la nature... Par le pere Regnault,... Tome quatrieme"
            },
            {
                  "doc_url": "https://gallica.bnf.fr/ark:/12148/bpt6k9798781b",
                  "emotions": [
                        "disgust",
                        "fear"
                  ],
                  "excerpt": "L affection finit par envahir les larves , les œufs , les insectes adultes .Une odeur de chair corrompue s ' échappe de la ruche et se pei çoit à distance .Les abeilles au début conservent toute leur activité , elles essaient de se débarrasser des cadavres , puis elles arrêtent la ponte .",
                  "id": "14",
                  "title": "Les abeilles et le miel / par J. Gaget,..."
            },
            {
                  "doc_url": "https://gallica.bnf.fr/ark:/12148/bpt6k81117v",
                  "emotions": [
                        "fear",
                        "doubt",
                        "embarrassment",
                        "guilt"
                  ],
                  "excerpt": "Est - ce que l ' homme de génie n ' est pas un monstre , comme le tigre , l ' araignée , comme tous les individus qui vivent , au - dessus des mensonges sociaux , dans la resplendissante et divine immora - lité des choses ? .Mais , moi aussi , alors , je suis un monstre ! Nous étions maintenant engagés entre des palissades de bambous , le long desquelles couraient des chèvrefeuilles , des jasmins odorants , des bignones , des mauves arborescentes , des hibiscus grimpants , non encore fleuris .Un ménisperme étreignait une colonne de pierre de ses lianes innombrables .",
                  "id": "15",
                  "title": "Le jardin des supplices / [Octave Mirbeau]"
            },
            {
                  "doc_url": "https://gallica.bnf.fr/ark:/12148/bpt6k9764925b",
                  "emotions": [
                        "disgust",
                        "fear",
                        "embarrassment"
                  ],
                  "excerpt": ".— et s ' enfuit , pestilentiel .Et si une nuée mouille , — errante , sa feuillée somnolente , — de ses rameaux , déjà empoisonnée , — la pluie s ' égoutte sur le sable brûlant .",
                  "id": "16",
                  "title": "Les poètes russes : anthologie et notices biographiques / Emm. de Saint-Albin"
            },
            {
                  "doc_url": "https://gallica.bnf.fr/ark:/12148/bpt6k4224714h",
                  "emotions": [
                        "fear",
                        "nervousness"
                  ],
                  "excerpt": "Si peu au courant qu ’ il fût du mouvement de son siècle , l ’ abbé Castillac avait peur de ce souffle perfide qu ’ il lui semblait voir passer sur les plus belles choses de l ’ esprit .Il craignait la raillerie , insecte malfaisant qui s ’ attaque aux plus belles fleurs de l ’ intelligence pour leur enlever leur subtil parfum ; il craignait la critique , vent aride et brûlant qui dessèche jusqu ’ à la racine les plantes 6 .les plus vigoureuses , celles dont les rameaux étaient chargés de fruits utiles à l ’ humanité .",
                  "id": "17",
                  "title": "Irène / par la princesse Olga Cantacuzène-Altieri"
            },
            {
                  "doc_url": "https://gallica.bnf.fr/ark:/12148/bpt6k6347618z",
                  "emotions": [
                        "disgust",
                        "fear"
                  ],
                  "excerpt": "80 .[ Horrible : « Avoit une si orible pueur ( en Damiele des cors qui estoient mort que nus « n ' i pooit durer .» ( Mén .",
                  "id": "18",
                  "title": "Dictionnaire historique de l'ancien langage françois, ou Glossaire de la langue françoise depuis son origine jusqu'au siècle de Louis XIV. VIII. N-Quq / par La Curne de Sainte-Palaye,... ; publié par les soins de L. Favre,... [Avec le concours de M. Pajot pour les T. IV-X]"
            },
            {
                  "doc_url": "https://gallica.bnf.fr/ark:/12148/bpt6k8800992",
                  "emotions": [
                        "fear",
                        "nervousness"
                  ],
                  "excerpt": "., 18 ans , primipare , qui , 18 heures après ses couches , a été prise de frisson , point de côté , palpitation avec pouls incomptahle , souffle râpeux à la pointe , anxiété , état syncopal ; Les lochies , presque supprimées , sont fétides , bvidcmnient nous avons à faire à une endocardite septique dont le point de départ est un foyer utérin .Par acquit de Conscience , nous pratiquons le curage qui ramène quelques caillots fétides et des débris de tissu placentaire .",
                  "id": "19",
                  "title": "Traitement de l'avortement, par le Dr Moïse Misrachi,... Préface de M. le Dr J.-A. Doléris"
            },
            {
                  "doc_url": "https://gallica.bnf.fr/ark:/12148/bpt6k97702553",
                  "emotions": [
                        "fear"
                  ],
                  "excerpt": ".Devant Tan ' diong ' - Priok ' — au repos de leurs hâtes les vapeurs d ' Iroupa suaient à sourd ahan quand gluaient les hauts mâts tels qu ' huileuxd ' aromates Du mouvement pesant , et vide et vain — entrait et sortait en glissant dans les rousses salures : où les ediong ' - Tshina rondissaient leurs nervures l ' on eût dit des dragons que leur ire ventrait en déplissant les ailes de leur dos ! et l ' air épaississait vers l ' est une âme vïolâtre dont tournaient les arômes putrides ..",
                  "id": "20",
                  "title": "Le pantoun des pantoun : poème javanais / René Ghil"
            }
      ]
}