{
      "articles": [
            {
                  "doc_url": "https://gallica.bnf.fr/ark:/12148/bpt6k5836923q",
                  "emotions": [
                        "disgust",
                        "fear"
                  ],
                  "excerpt": "— Cet affreux temps ne nous a pas permis de voir le lever du soleil en mer .Nous montons sur le pont pour échapper à l ' écoeurante odeur de la cale .La pluie tombe , de gros nuages noirs semblent toucher les mâts et donnent une teinte de boue aux flots qui s ' entre - choquent avec furie .",
                  "id": "1",
                  "title": "Alger au pas gymnastique. Excursions à la Trappe de Staouéli, aux gorges de la Chiffa et Blidah / E. Verlet"
            },
            {
                  "doc_url": "https://gallica.bnf.fr/ark:/12148/bpt6k9600704b",
                  "emotions": [
                        "fear"
                  ],
                  "excerpt": "C ' est qu ' en effet > d ' après les observateurs les » plus judicieux , LA PUTRÉFACTION EST LE SEUL » SIGNE INFAILLIBLE DE LA MORT définitive .Encore ne » doit - on pas s ' en laisser imposer par la mauvaise 1 odeur qui peut , pour des causes très - diverses , s ' ex * haler du corps d ' une personne qui serait seulement » dans un état de mort apparente .Tous les signes ac » cessoires , tels que le refroidissement , l ' absence de la » respiration et de la sensibilité , ET MÊME LA ROIDEUR » CADAVÉRIQUE , ne peuvent donner que des présomp » tions insuffisantes dans une affaire d ' une aussi grave c importance ( 31 ) .",
                  "id": "2",
                  "title": "Dernières considérations morales, théoriques et pratiques, sur la coutume imprévoyante, anti-chrétienne et homicide des inhumations précipitées et sur la nécessité des maisons ou dépôts mortuaires... / par Hyac.-L. de Kerthomas,..."
            },
            {
                  "doc_url": "https://gallica.bnf.fr/ark:/12148/bpt6k55458404",
                  "emotions": [
                        "fear",
                        "pain"
                  ],
                  "excerpt": "Du côté de la peau de la joue qui est luisante et rougeâtre , il se fait une eschare d ' abord petite et limitée , bientôt étendue et irrégulière .A ce moment les phénomènes généraux , qui étaient généralement peu intenses , s ' accentuent , la soif est vive , le ventre ballonné , l ' haleine est horriblement gangreneuse , il survient une diarrhée fétide et la mort survient fatalement .Dans les cas favorables , et ils sont rares , l ' eschare s ' isole , ses bords se détergent et se cicatrisent , la guérison se fait avec des désordres plus ou moins graves , les dents sont perdues , il reste parfois des fistules et l ' enfant est défiguré pour toujours .",
                  "id": "3",
                  "title": "Pathologie des dents et de la bouche / par le Dr Léon Frey,..."
            },
            {
                  "doc_url": "https://gallica.bnf.fr/ark:/12148/bpt6k11581152",
                  "emotions": [
                        "fear",
                        "nervousness"
                  ],
                  "excerpt": "» Il remit sa pipe dans l ’ étui , et avec un adieu bien paisible disparut sous les arcades basses d ’ une petite cour , laissant Gaussin tout bouleversé de ce qu ’ il venait d ’ entendre .Il se représentait la scène dans cette chambre qui avait été leur chambre , l ’ effroi du petit appelant au secours , la lutte brutale avec le gros homme , et il croyait sentir le goût opiacé , l ’ amertume somnolente du laudanum répandu .L ’ épouvante lui en resta tout le jour , aggravée de l ’ isolement où elle allait se trouver .",
                  "id": "4",
                  "title": "Sapho : moeurs parisiennes / Alphonse Daudet ; illustrations de Ch. Atamian"
            },
            {
                  "doc_url": "https://gallica.bnf.fr/ark:/12148/bpt6k9663418x",
                  "emotions": [
                        "joy",
                        "disgust",
                        "anger",
                        "fear",
                        "disapproval",
                        "nervousness"
                  ],
                  "excerpt": "émarge ( fabrication de la ) .Exhalaisons dangereuses .1 14 janvier 1815 .",
                  "id": "5",
                  "title": "Droit administratif. Tome 2 / par M. de Cormenin"
            },
            {
                  "doc_url": "https://gallica.bnf.fr/ark:/12148/bpt6k5463071m",
                  "emotions": [
                        "fear"
                  ],
                  "excerpt": "000 habitants et au - dessus et lorsqu ' elles ne sont pas l ' accessoire d ' un © exploitation agricole : a ) Si elles comprennent plus de 20 animaux .Bruiti odeur , danger des mouches , altération des eaux \\ ..",
                  "id": "6",
                  "title": "Traité général sur l'application de la nouvelle législation des établissements classés : établissements dangereux, insalubres ou incommodes, réglementation, conditions d'autorisation, commentaires des articles de la loi, jurisprudence / par MM. Léopold Magistry, A. Magistry ; préface de M. Lindet"
            },
            {
                  "doc_url": "https://gallica.bnf.fr/ark:/12148/bpt6k6318255b",
                  "emotions": [
                        "fear"
                  ],
                  "excerpt": "— Au plur .il se dit toujours des bonnes odeurs : Il aime , il craint les odeurs .- ODIEUSEMENT , adv .",
                  "id": "7",
                  "title": "Nouveau vocabulaire, ou Dictionnaire portatif de la langue française, avec la prononciation à côté de chaque mot... (14e édition revue par M. A. P***) / par J.-F. Rolland"
            },
            {
                  "doc_url": "https://gallica.bnf.fr/ark:/12148/bpt6k91267w",
                  "emotions": [
                        "sadness",
                        "fear",
                        "nostalgia",
                        "nervousness",
                        "pain"
                  ],
                  "excerpt": "Il est vrai qu ' une fois à l ' air je n ' eus que le temps de prendre mon mouchoir et d ' y mordre de toutes mes forces , pour ne pas éclater , en sanglots dans la rue .Je passai toute la nuit dehors , battant les quais sous la pluie , transi de froid , voyant les flammes des becs de gaz s ' allonger à travers mes larmes , n ' osant rentrer par crainte de retrouver chez moi cet arrière - parfum de femme ̃ élégante que chacune de ses visites y laissait .Je restai ainsi deux journées dans ce désespoir fou d ' enfant auquel on a pris sa maîtresse , sans seulement une âme amie ' à qui confier mon chagrin , une épaule où pleurer à l ' aise , ̃ car j ' avais à tel point la religion de mon amour que j ' eusse vu comme un sacrilège à en trahir le mystère .",
                  "id": "8",
                  "title": "Les femmes d'amis / Georges Courteline ; ill. de Steinlen"
            },
            {
                  "doc_url": "https://gallica.bnf.fr/ark:/12148/bpt6k6488534c",
                  "emotions": [
                        "disgust",
                        "fear"
                  ],
                  "excerpt": "Ohl qu ' ils dorment long - temps de ce noble sommeil ! Un trop cruel destin les attend au réveil , Qu ' ils reposent en paix ! la - bas , leurs camarades , Epiant l ' ennemi , veillent aux barricades ; Ceux - ci moulent le plomb , ceux - là montent le grès ; Tous hâtent du combat les meurtriers apprêts .Voyez : ils sont là six , autour de cette table ( 46 ) Ou , suant une odeur fétide , insupportable , Quatre graisseux flambeaux , aux quatre angles fixés , Lancent des jets de feu , par le vent dispersés ; Et devant eux , pourtant , la poudre s ' amoncèle .Imprudens ! un atome , un rien , une étincelle Echappée , entre mille , aux vacillants flambeaux , Peut les foudroyer tous et creuser cent tombeaux ! ! ! Mais qu ' importe ! la mort n ' est pas ce qui les touche ; La mort ! la craignent - ils , en roulant la cartouche ! La craignent - ils , grand Dieu ! d ' un hasard assassin , Quand l ' enivrant salpêtre électrise leur sein .",
                  "id": "9",
                  "title": "L'aurore d'un beau jour : épisodes des 5 et 6 juin 1832, suivis de notes et documens inédits / par N. Parfait,..."
            },
            {
                  "doc_url": "https://gallica.bnf.fr/ark:/12148/bpt6k9816722w",
                  "emotions": [
                        "fear"
                  ],
                  "excerpt": "Plante bisannuelle , à racines pivotantes , employée dans la médecine : elle croît naturellement parmi les décombres et sur les berges des fossés .Son odeur est fétide , et c ' est un narcotique très dangereux .Elle ne peut servir au cultivateur que pour augmenter la masse des fumiers .",
                  "id": "10",
                  "title": "Dictionnaire usuel d'agriculture pratique : guide des agriculteurs, laboureurs, propriétaires, fermiers et métayers... / par M. D.....,..."
            },
            {
                  "doc_url": "https://gallica.bnf.fr/ark:/12148/bpt6k5485385v",
                  "emotions": [
                        "surprise",
                        "disgust",
                        "fear",
                        "nervousness",
                        "embarrassment"
                  ],
                  "excerpt": "La cloche de la chapelle tintait d ' un son argentin que je n ' avais entendu nulle part ailleurs , et nous entrions dans le saint lieu .J ' y éprouvais un frissonnement involontaire , il y avait là une odeur particulière , l ' encens et les fleurs y avaient laissé un parfum pénétrant , Spécial , non pas parfum d ' église , mais parfum de chapelle et de couvent .L ' air y était doux , le jour discretet coloré .",
                  "id": "11",
                  "title": "Le cahier bleu de Melle Cibot (23e édition) / Gustave Droz"
            },
            {
                  "doc_url": "https://gallica.bnf.fr/ark:/12148/bpt6k9663418x",
                  "emotions": [
                        "fear"
                  ],
                  "excerpt": "Vernis ( fabrique de ) .Très - grand danger du feu et odeur dé - 1 15 oct .1810 .",
                  "id": "12",
                  "title": "Droit administratif. Tome 2 / par M. de Cormenin"
            },
            {
                  "doc_url": "https://gallica.bnf.fr/ark:/12148/bpt6k6377951f",
                  "emotions": [
                        "anger",
                        "fear",
                        "courage"
                  ],
                  "excerpt": "Etaient primitivement rangées dans la2 \" classe .Goudrons ( Travail en grand des ) , soit Odeur insalubre et danger du feu ira .9 février 1825 .",
                  "id": "13",
                  "title": "Recueil méthodique et chronologique des lois, décrets, ordonnances, arrêtés, circulaires, etc., concernant le service des ingénieurs au corps impérial des mines. Tome 1 / dressé par M. Lamé Fleury,..."
            },
            {
                  "doc_url": "https://gallica.bnf.fr/ark:/12148/bpt6k376656s",
                  "emotions": [
                        "fear",
                        "nervousness",
                        "pain"
                  ],
                  "excerpt": "— Autant avaler d ' un seul coup , ai - je répondu .Et j ' ai respiré violemment , comme l ' air du matin , au printemps .A peine me sentais - je faiblir que l ' instrument jouait dans mes plaies .",
                  "id": "14",
                  "title": "Mon tour viendra : l'enfer du poilu / Cyp. Etchegoyen"
            },
            {
                  "doc_url": "https://gallica.bnf.fr/ark:/12148/bpt6k9663418x",
                  "emotions": [
                        "fear"
                  ],
                  "excerpt": "Graisses à feu nu ( fonte des ) .Très - mauvaise odeur , et danger du 1 21 mai 1833 .feu .",
                  "id": "15",
                  "title": "Droit administratif. Tome 2 / par M. de Cormenin"
            },
            {
                  "doc_url": "https://gallica.bnf.fr/ark:/12148/bpt6k9663418x",
                  "emotions": [
                        "fear"
                  ],
                  "excerpt": "S de \" classement .Résineuses le travail en grand de Mauvaise odeur et danger du feu .1 9 février 1825 .",
                  "id": "16",
                  "title": "Droit administratif. Tome 2 / par M. de Cormenin"
            },
            {
                  "doc_url": "https://gallica.bnf.fr/ark:/12148/bpt6k9663418x",
                  "emotions": [
                        "fear"
                  ],
                  "excerpt": "Tabatières en carton ( fabriques des ) .Un peu d ' odeur désagréable et danger 2 14 janvier 1815 .du feu .",
                  "id": "17",
                  "title": "Droit administratif. Tome 2 / par M. de Cormenin"
            },
            {
                  "doc_url": "https://gallica.bnf.fr/ark:/12148/bpt6k5695854s",
                  "emotions": [
                        "fear",
                        "nervousness"
                  ],
                  "excerpt": "— Non , Lorédan , il est encore assez loin .J ' ai l ' odorat subtil et je ne suis pas novice à la situation Au reste , ce n ' est pas l ' unité que je crains , c ' est le troupeau ..",
                  "id": "18",
                  "title": "La Floride, par M. Méry,..."
            },
            {
                  "doc_url": "https://gallica.bnf.fr/ark:/12148/bpt6k9663418x",
                  "emotions": [
                        "fear",
                        "annoyance"
                  ],
                  "excerpt": "Caramel en grand ( fabrique de ) .Danger du feu , odeur désagréable .3 5 nov .",
                  "id": "19",
                  "title": "Droit administratif. Tome 2 / par M. de Cormenin"
            },
            {
                  "doc_url": "https://gallica.bnf.fr/ark:/12148/bpt6k54884854",
                  "emotions": [
                        "fear"
                  ],
                  "excerpt": "Si je parviens à me procurer tout ce qui m ' est nécessaire , on verra se renouveler l ' histoire des sirènes .Personne ne pourra plus quitter la salle du banquet ; les convives seront retenus captifs par les vapeurs embaumées des mets , et celui qui voudrait sortir , resterait bouche béante comme cloué à la porte , à moins qu ' un ami , se bouchant les narines , de peur d ' être réduit luimême , n ' accourût l ' en arracher .» — C ' est dommage qu ' il ne dit pas ce qu ' il accommodait ainsi , exprima René on en aurait goûté le souvenir .",
                  "id": "20",
                  "title": "Un dîner original / Marie de Grand'Maison ; orné de 14 dessins de Melle Rose Maury"
            }
      ]
}