{
      "articles": [
            {
                  "doc_url": "https://gallica.bnf.fr/ark:/12148/bpt6k58391761",
                  "emotions": [
                        "fear"
                  ],
                  "excerpt": "MOULINS A HUILE .— Un peu d ' odeur et quelque danger du feu .— 3e cl .",
                  "id": "1",
                  "title": "Législation appliquée des établissements industriels... traité complet d'après le dernier état des lois, de la doctrine et de la jurisprudence... par Auguste Bourguignat,.... Tome 1"
            },
            {
                  "doc_url": "https://gallica.bnf.fr/ark:/12148/bpt6k1269015j",
                  "emotions": [
                        "fear"
                  ],
                  "excerpt": ".2 \" Chandelles ( fabrication des ) Odeur , danger < ; l ' incendie 1 al ! Chantiers de bois à brûler dans les villes .Emanations nuisibles , danger d ' incendie 3 \" Chanvre ( treillage et rouissage du ) en grand , ( Voir : Treillage èt rouissage ) .",
                  "id": "2",
                  "title": "Dictionnaire du juge de simple police et de l'officier du ministère public / par M. J. André,... et M. A. Chatard,..."
            },
            {
                  "doc_url": "https://gallica.bnf.fr/ark:/12148/bpt6k1269015j",
                  "emotions": [
                        "fear",
                        "doubt"
                  ],
                  "excerpt": ".AHr , uI ' IIHJ AnKaf ' inoat ' tiilcidJf ) ( fabrication do 1 ' ) au moyen do i ' anthracône Odeur et danger d ' incendie 2 * AllumQttolS chimiqlw8 ( dépôt d ' l : 1 \" — En quantité ttu - clemoils do 25 mètres cube » ..",
                  "id": "3",
                  "title": "Dictionnaire du juge de simple police et de l'officier du ministère public / par M. J. André,... et M. A. Chatard,..."
            },
            {
                  "doc_url": "https://gallica.bnf.fr/ark:/12148/bpt6k3347750w",
                  "emotions": [
                        "disgust",
                        "fear",
                        "nervousness"
                  ],
                  "excerpt": ".Ça sent la naphtaline et toutes sortes d ' horreurs , ici , Monsieur ! Il faudra brûler du sucre , aérer , vaporiser des parfums ' ..",
                  "id": "4",
                  "title": "Pantins et ficelles / Charles-Henry Hirsch"
            },
            {
                  "doc_url": "https://gallica.bnf.fr/ark:/12148/bpt6k653665",
                  "emotions": [
                        "disgust",
                        "fear",
                        "love",
                        "nervousness"
                  ],
                  "excerpt": "Mais mon ami Camille me tombe de Cannes , une plaie d ' amour au flanc , et nous avons commencé la cure aussitôt .Oh ne vous méprenez pas il ne s ' agit ici d ' aucune des maladies banales que prétendent traiter les psychopathes des revues riches il aime , il est aimé , mais il a peur de s ' engager il redoute les lendemains , ces horribles lende - mains où l ' amour mort au ceour du moins constant empoisonne l ' autre , comme la pestilence d ' un cadavre de forçat fait mourir de dégoût et d ' horreur le survivant enchaîné .Et c ' est vous qu ' il a choisi .",
                  "id": "5",
                  "title": "L'âme de demain (Ed. définitive) / Eugène Fournière"
            },
            {
                  "doc_url": "https://gallica.bnf.fr/ark:/12148/bpt6k54463051",
                  "emotions": [
                        "fear",
                        "doubt",
                        "pain"
                  ],
                  "excerpt": "Où pouvait - ilbien éfre ? ll n ' avait pas reparu depuis la veille : je savais que le lundi matin ses hommes s ' étaient débandés aussitôt le premier coup de feu tiré .— Ktait - il déjà tué ou pris ? Je sentis un souftlc sur ma joue , une haleine de lleur ; sur mon dos la frottée d ' une mousseline .Mlle Emma était derrière moi .",
                  "id": "6",
                  "title": "L'an rouge / François de Nion"
            },
            {
                  "doc_url": "https://gallica.bnf.fr/ark:/12148/bpt6k8839230",
                  "emotions": [
                        "disgust",
                        "fear",
                        "nervousness",
                        "embarrassment"
                  ],
                  "excerpt": "C ’ était une hyène qui , avertie par le bruit du pas de mon cheval de notre approche , s ' était probablement postée en embuscade pour jouer un mauvais tour , et que notre présence avait épouvantée .Sa voix , jointe aux émanations de la vilaine bête , avait mis le comble à la peur de ma monture que je sentais frissonner entre mes jambes , tout en ayant de la peine à l ’ empêcher de se dérober complètement .Je vis de suite qu ’ il me fallait tenter de rassurer mon cheval pour le ramener à l ’ obéissance sans employer la violence , et me voilà à le flatter de la parole et de la main pendant que son palefrenier , qui nous avait rejoints , lui tenait , dans un langage qu ’ il eût dû mieux comprendre que le mien , un long discours .",
                  "id": "7",
                  "title": "Les braconniers du Nouveau-Monde / Henry Gaillard"
            },
            {
                  "doc_url": "https://gallica.bnf.fr/ark:/12148/bpt6k6501749c",
                  "emotions": [
                        "disgust",
                        "fear"
                  ],
                  "excerpt": "La chique , sous ce rapport , a son bon côté ; si elle recèle quelque chose de nuisible et d ' offensif , ça ne peut être que pour celui qui en fait usage .Elle n ' a pas l ' inconvénient d ' incommoder le voisin comme les émanations ozéniques que la prise fait exhaler des narines ; comme la fumée acre , piquant à la gorge , qu ' engendrent la pipe et le cigare .Il y a bien ce déluge incessant de liquides jaunâtres , dont le chiqueur inonde sans gêne tous les lieux qu ' il fréquente ; il ne peut pas les loger dans le mouchoir , au fond de sa poche , comme le priseur loge sa roupille , dont la source est moins abondante .",
                  "id": "8",
                  "title": "Physiologie sociale. Le Tabac qui contient le plus violent des poisons, la nicotine, abrège-t-il l'existence ? est-il cause de la dégénérescence physique et morale des sociétés modernes ? par le Dr H.-A. Dépierris"
            },
            {
                  "doc_url": "https://gallica.bnf.fr/ark:/12148/bpt6k5789941q",
                  "emotions": [
                        "disgust",
                        "fear",
                        "nervousness",
                        "pain"
                  ],
                  "excerpt": "Du misérable , vous allez passer au fétide , du fétide à l ' horrible ; vous n ' avez encore les pieds que dans la boue , tout à l ' heure vous les aurez dans le fumier , puis dans le sang et la sanie .Ceux à qui l ' odeur d ' une tubéreuse donne la migraine , et dont le coeur vient facilement aux lèvres , feront bien de ne pas dépasser ce bouge où l ' on fabrique de la colle de poisson avec des pieds de boeuf .Poursuivons .",
                  "id": "9",
                  "title": "Caprices et zigzags / Théophile Gautier"
            },
            {
                  "doc_url": "https://gallica.bnf.fr/ark:/12148/bpt6k5439097w",
                  "emotions": [
                        "surprise",
                        "disgust",
                        "fear"
                  ],
                  "excerpt": ".Une forte bouffée sort de la pièce et vient nous frapper en plein visage : c ' est une odeur de poix , de pège , de cuir , un mélange sans nom qui nous étreint à la gorge ! Sur une table recouverte d ' un tapis de bureau de couleur verte , est un homme accroupi à la façon orientale .Sur son genou est un énorme caillou ; sur ce caillou , un morceau de cuir qu ' il frappe à coups redoublés .",
                  "id": "10",
                  "title": "Six mois de drapeau rouge à Lyon (2e édition) / [signé : J. G. (Guetton)]"
            },
            {
                  "doc_url": "https://gallica.bnf.fr/ark:/12148/bpt6k30401587",
                  "emotions": [
                        "surprise",
                        "fear",
                        "doubt"
                  ],
                  "excerpt": "Elle s ’ approcha délibérément et vint lui sentir à bout portant les babines , ce qui , entre chattes , équivaut au plus affectueux baiser .Sylvestre , présent à cette scène , se montra sceptique : — As - tu vu , lui dis - je , le baiser de paix des moumouttes ? — Oh ! non , monsieur , répondil - il sur ce ton de connaisseur entendu qu ’ il prend lorsqu ’ il s ’ agit des affaires intimes de mes chats , chevaux ou bêtes quelconques ; non , monsieur ; c ’ est que tout simplement la Moumoutte Blanche voulait s ’ assurer , d ’ après l ’ odeur du museau , si la Chinoise ne venait pas de lui manger sa viande ..",
                  "id": "11",
                  "title": "Le livre de la pitié et de la mort (47ème éd.) / par Pierre Loti,..."
            },
            {
                  "doc_url": "https://gallica.bnf.fr/ark:/12148/bpt6k6158967k",
                  "emotions": [
                        "fear",
                        "nervousness",
                        "faith"
                  ],
                  "excerpt": "Mais la maison entière en gardait le frisson , scellée à ces vieilles pierres , fondue en elles , vivant de leur sang .Elle tressaillait aux moindres cérémonies ; les grand ' messes , le grondement des orgues , la voix des chantres , jusqu ' au soupir oppressé des fidèles , bourdonnaient dans chacune de ses pièces , la berçaient d ' un souffle sacré , venu de l ' invisible ; et , à travers le mur attiédi , parfois même semblaient fumer des vapeurs d ' encens .23 vénérables , conservés d ' âge en âge , car elle n ' entrait jamais dans la chambre des Hubert , et ne faisait guère que traverser le salon du bas , les deux pièces rajeunies au goût de l ' époque .",
                  "id": "12",
                  "title": "Le Rêve, par Émile Zola"
            },
            {
                  "doc_url": "https://gallica.bnf.fr/ark:/12148/bpt6k950915",
                  "emotions": [
                        "fear"
                  ],
                  "excerpt": "L ' acide solide ne se fond pas dans l ' eau ; si je le lâchais , il monterait à la surface de l ' eau et flotterait sur elle .J ' en mets un morceau dans ma bouche , en prenant soin do ne pas respirer quand il y est .Je souffle contre cette bougie , mon haleine éteint la flamme .",
                  "id": "13",
                  "title": "La chaleur, mode de mouvement (2e édition française, traduite de l'anglais sur la 4e édition par M. l'abbé Moigno...) / par John Tyndall,..."
            },
            {
                  "doc_url": "https://gallica.bnf.fr/ark:/12148/bpt6k5610587c",
                  "emotions": [
                        "fear",
                        "nervousness"
                  ],
                  "excerpt": "■ ' • ! ! H , — 16 mars .Hystérie Iraumatiquc , Gorge : Staphylocoques , M .P .",
                  "id": "14",
                  "title": "Les bacilles dits \"pseudo-diphtériques\" / par le Dr Charles Lesieur,..."
            },
            {
                  "doc_url": "https://gallica.bnf.fr/ark:/12148/bpt6k5839140d",
                  "emotions": [
                        "surprise",
                        "joy",
                        "fear",
                        "amusement",
                        "nervousness"
                  ],
                  "excerpt": "Il venait des bas - côtés , de l ' ombre des chapelles perdues , un chant lointain et assourdi , comme si la terre eût répondu aux voix angéliques des enfants de choeur .Une haleine passait sur les têtes , allongeait les flammes droites des cierges , tandis que , dan > son grand bouquet de roses , au milieu des fleurs qui se meurtrissaient en exhalant leur dernier parfum , la Mère divine semblait avoir baissé la tête pour rire à son Jésus .Hélène se tourna tout d ' un coup , prise d ' une inquiétude instinctive .",
                  "id": "15",
                  "title": "Une page d'amour (6e éd.) / par Émile Zola"
            },
            {
                  "doc_url": "https://gallica.bnf.fr/ark:/12148/bpt6k5839140d",
                  "emotions": [
                        "surprise",
                        "sadness",
                        "fear",
                        "nervousness"
                  ],
                  "excerpt": "Elle n ' aimait pas ça , elle recommençait à avoir du mal dans la poitrine , comme lorsqu ' on lui faisait de la peine .Alors , énervée par l ' approche de ces choses subtiles et rudes qu ' elle flairait , comprenant qu ' elle respirait là l ' odeur de la trahison , elle éclata en sanglots .— Non , non , je t ' en prie .",
                  "id": "16",
                  "title": "Une page d'amour (6e éd.) / par Émile Zola"
            },
            {
                  "doc_url": "https://gallica.bnf.fr/ark:/12148/bpt6k5839140d",
                  "emotions": [
                        "fear"
                  ],
                  "excerpt": "11 courut au guéridon , sur lequel , en entrant , il avait posé une petite pharmacie .Il revint avec un flacon , qu ' il fit respirer à l ' enfant .Mais ce fut comme un terrible coup de fouet , Jeanne donna une telle secousse , qu ' elle échappa des mains de sa mère .",
                  "id": "17",
                  "title": "Une page d'amour (6e éd.) / par Émile Zola"
            },
            {
                  "doc_url": "https://gallica.bnf.fr/ark:/12148/bpt6k9608670g",
                  "emotions": [
                        "fear"
                  ],
                  "excerpt": "68 .L ' affreux supplice auquel un eji exposé lorsqu ' on vuide les fosses ! disent - ils encore , l ' air est vicié , les maisons infectées , les habitants incommodés , les malades en danger , p .105 .",
                  "id": "18",
                  "title": "L'Homme noyé dans une fosse a-t-il péri par le méphitisme ?"
            },
            {
                  "doc_url": "https://gallica.bnf.fr/ark:/12148/bpt6k9618654n",
                  "emotions": [
                        "disgust",
                        "fear",
                        "courage",
                        "nervousness",
                        "embarrassment"
                  ],
                  "excerpt": "Non , elle rit , l ' oiselle ayant pris l ' oiseleur .SERVANTE D ' AUBERGE En bonhomme de rat qui joue au hobereau , S ' il faut me retrancher un jour dans un fromage , - Mon large nez ne craint de tels parfums dommage Que ce soit par fortune en un gras Livarot .Non pas que de ton nimbe et de ton faux douro Je cherche , ô Gloire ronde et rouge , quelque image .",
                  "id": "19",
                  "title": "Le Bourdeau des neuf pucelles / par Charles Théophile Féret"
            },
            {
                  "doc_url": "https://gallica.bnf.fr/ark:/12148/bpt6k6582257q",
                  "emotions": [
                        "disgust",
                        "anger",
                        "fear",
                        "disapproval"
                  ],
                  "excerpt": "C ' est le soir surtout qu ' la plage est animée Des couples joyeux s ' en vont sous la feuillée Il est fort possibl ' qu ' ils y trouv ' nt du bonheur .J ' l ' évit ' , pour ma part , à caus ' de son odeur ! Comm ' sur les grand ' s plag ' s le flot mont ' et s ' retire Mais vous fait parfois des blagu ' s , histoir ' de rire ; Il n ' est mêm ' pas rare , aux jours de grand ' s marées , Qu ' on puisse prend ' son bain dans sa chambre à coucher .Tout comme à Deauville on r ' çoit de bell ' s visites Et l ' on guett ' le soir le passag ' des marmites , On peut , mêm ' de jour , c ' est assez polisson , Voir les trous d ' marmit ' sans payer un seul rond ! Presque tous les soirs , y a des feux d ' artifice , Qu ' après le diner , on r ' gard ' avec délices ; C ' est un ' distraction qui vous chang ' des shrapnells Ça vaut toujours mieux que d ' aller au .",
                  "id": "20",
                  "title": "Marmita, Revue Hebdomadaire anecdotique, humoristique, fantaisiste du 267e..."
            }
      ]
}