{
      "articles": [
            {
                  "doc_url": "https://gallica.bnf.fr/ark:/12148/bpt6k6353649j",
                  "emotions": [
                        "disgust",
                        "fear"
                  ],
                  "excerpt": "Odorifero , adj .odoriférant ; Odre , - m .outre .",
                  "id": "1",
                  "title": "Gramática nueva española y francesa, por Francisco Sobrino,... nueva edicion revista y corregida y corregida por una persona muy versada en ambos idiomas"
            },
            {
                  "doc_url": "https://gallica.bnf.fr/ark:/12148/bpt6k6114462f",
                  "emotions": [
                        "joy",
                        "grief",
                        "fear",
                        "optimism",
                        "nostalgia",
                        "nervousness"
                  ],
                  "excerpt": "Descends des deux , ange de poésie , Descends des deux , brillant comme un soleil , Si tu veux voir de mon âme attendrie Le saint transport , l ' harmonieux réveil ! Viens près de moi , bel ange que j ' implore , Sur un rayon détaché du Ciel bleu : Viens , et mes vers , du couchant à l ' aurore , Voltigeront sous le regard de Dieu .! Un long frisson a parcouru mon être , De doux zéphirs ont , embaumé les airs , .Mon coeur me dit que tu vas m ' àpparaître , Depuis longtemps mes bras te sont ouverts ! A ton aspect la campagne se dore , Viens près de moi , daigne accomplir mon voeu , Et mes doux vers , du couchant à l ' aurore , S ' élanceront sous le regard de Dieu ? Enfant du Ciel , entre dans la demeure Du malheureux qui mange son pain noir , Veille sur lui , jour et nuit , à toute heure , Préserve - le du sombre désespoir ! .",
                  "id": "2",
                  "title": "Brises pyrénéennes, poésies diverses par J.-B. Fiterre,..."
            },
            {
                  "doc_url": "https://gallica.bnf.fr/ark:/12148/bpt6k5543403v",
                  "emotions": [
                        "fear",
                        "pride",
                        "faith",
                        "indifference"
                  ],
                  "excerpt": "^ Confer Nieburh , passim , Bumouf : Premiers principes ) Le ponte / Emilios , pàlo , tremblant , séduit , Écoute comme un chant de sirène lo bruit .Quelques Thessalitns aux puantes cnémides , Des Argiens subtils , drapés dans leurs chlamydcs , Des gens crochus sortis de Sion , des Cretois Fuyant le sol natal par - dessus los détroits , Des athlètes qui n ' ont des dieux aucune crainte , Des filles de Lesbos , dos femmes do Corinthe , De leurs doigts exercés gagnaient les deniers d ' or Que des Béotiens livraient au dieu du sort , Et que , riant tout bas , cueillait la Perfidie .La banque los plumait , ces pigeons d ' Arcadie i Popoï ! / Emilios ne les regardait pas ; H voyait seulement les vainqueurs des combats ; Et cherchait — pauvro fou ! — son or dans sa ceinture .",
                  "id": "3",
                  "title": "Fleurs du bitume : petits poèmes parisiens / Émile Goudeau"
            },
            {
                  "doc_url": "https://gallica.bnf.fr/ark:/12148/bpt6k64967673",
                  "emotions": [
                        "fear"
                  ],
                  "excerpt": "J ' habitais alors une maison aujourd ' hui disparue , au coin du boulevard des Italiens et de la rue de la Paix .Depuis les premiers jours de juin , il y avait dans l ' air comme une odeur de poudre ; une collision décisive était imminente .Un détail précipita les choses : Marie , membre du gouvernement provisoire , ayant reçu les délégués des ateliers nationaux tout récemment supprimés , laissa échapper , dans son allocution , le mot « esclaves » , qu ' ils regardèrent comme une insulte .",
                  "id": "4",
                  "title": "Les reliques vivantes ; [suivi de] La montre ; Ça fait du bruit !... / I. Tourguéneff"
            },
            {
                  "doc_url": "https://gallica.bnf.fr/ark:/12148/bpt6k30431214",
                  "emotions": [
                        "fear"
                  ],
                  "excerpt": "3 « Les loutres marines ( saricoviennes ) , les phoques , les isatis » de l ’ ile de Behring , ne connaissant pas l ’ homme , dit M .Steller , » n ’ en avaient nulle crainte ; et ces mêmes animaux sont très - fa - » rouches au contraire sur les côtes du Kamtschatka , parce qu ’ ils » ont éprouvé la puissance de l ’ homme , dont la seule odeur les » fait fuir .» ( Novi Commentarii Académies Petropol .",
                  "id": "5",
                  "title": "Oeuvres complètes de Buffon, avec les suites.... Tome 5 / planches dessinées par Victor Adam"
            },
            {
                  "doc_url": "https://gallica.bnf.fr/ark:/12148/bpt6k1421520g",
                  "emotions": [
                        "surprise",
                        "fear"
                  ],
                  "excerpt": "La soie , habit charmant par les Amours porté , Dont l ’ éclat souple et fin aux pas de la beauté Joint des grâces nouvelles , Ne dit pas à ce ver dans sa coque voilé : — Je sors du tombeau d ’ or que toi - même as filé Pour y prendre des ailes .— Et quand broutant les fleurs du Tliibet parfumé La chèvre a tressailli ; quand son œil alarmé Suit la pompe guerrière RB DE LA YIE .ii Des Rajahs dans leur char par l ’ éléphant traîné , A - t - elle sur leur front , d ’ un turban couronné , Yu sa toison légère ? Tout corps s ’ est fui lui - même , et la pierre et le fer ; Des hôtes inconnus peuplent la terre et l ’ air .",
                  "id": "6",
                  "title": "Esquisses poétiques de la vie. Partie morale / par Édouard Alletz"
            },
            {
                  "doc_url": "https://gallica.bnf.fr/ark:/12148/bpt6k1421520g",
                  "emotions": [
                        "admiration",
                        "fear",
                        "desire",
                        "courage",
                        "nervousness",
                        "pain"
                  ],
                  "excerpt": "Mais souvent , au cercueil menacés de descendre , Notre esprit nous obsède ; il nous force à reprendre Le tissu des travaux , Présente à notre soif ses trompeuses fontaines , Et du feu par le mal répandu dans nos veines Anime la couleur de nos derniers tableaux .Tel un guerrier tenant le frein blanchi d ’ écume , Pour voler à la mort , bat son coursier qui fume Sous l ’ éperon sanglant ; Ou tel un daim léger , qui flaire sa pâture , Du cytise embaumé vient brouter la verdure Au bord d ’ un gouffre ouvert , sur le rocher tremblant .IY .",
                  "id": "7",
                  "title": "Esquisses poétiques de la vie. Partie morale / par Édouard Alletz"
            },
            {
                  "doc_url": "https://gallica.bnf.fr/ark:/12148/bpt6k1421520g",
                  "emotions": [
                        "fear",
                        "despair"
                  ],
                  "excerpt": ".Mais dans l ’ air embaumé , c ’ est la mort qu ’ on respire ; La mort sous desparfums ! ..",
                  "id": "8",
                  "title": "Esquisses poétiques de la vie. Partie morale / par Édouard Alletz"
            },
            {
                  "doc_url": "https://gallica.bnf.fr/ark:/12148/bpt6k1421520g",
                  "emotions": [
                        "surprise",
                        "grief",
                        "fear",
                        "nostalgia",
                        "nervousness",
                        "pain",
                        "disappointment"
                  ],
                  "excerpt": "Après un silence fatal Le bronze tonne .Quand retentit le premier son D ’ une bataille , Quand brille ce premier flocon De la mitraille ; Pour un moment Le trouble a traversé mon âme ; Mais je sens l ’ odeur de la flamme Dans l ’ air fumant .Du grand spectacle L ’ horreur commence à m ’ emporter ; Et je soupire pour lutter Contre l ’ obstacle .",
                  "id": "9",
                  "title": "Esquisses poétiques de la vie. Partie morale / par Édouard Alletz"
            },
            {
                  "doc_url": "https://gallica.bnf.fr/ark:/12148/bpt6k6323014f",
                  "emotions": [
                        "fear",
                        "nostalgia",
                        "nervousness"
                  ],
                  "excerpt": "Troisième observation .On me fait respirer de l ' eau de Cologne .Je rêve que je suis dans la boutique d ' un parfumeur , et l ' idée de parfums éveille ensuite sans doute celle de l ' Orient : je suis au Caire dans la boutique de Jean Farina .",
                  "id": "10",
                  "title": "Le Sommeil et les rêves, études psychologiques sur ces phénomènes et les divers états qui s'y rattachent, suivies de Recherches sur le développement de l'instinct et de l'intelligence dans leurs rapports avec le phénomène du sommeil, par L.-F. Alfred Maury,..."
            },
            {
                  "doc_url": "https://gallica.bnf.fr/ark:/12148/bpt6k6323014f",
                  "emotions": [
                        "fear",
                        "nervousness"
                  ],
                  "excerpt": "567 et suiv .à des odeurs qui l ' attirent et provoquent des excitations nerveuses .Montons un échelon de plus sur l ' échelle de l ' instinct de reproduction , nous rencontrerons les batraciens .",
                  "id": "11",
                  "title": "Le Sommeil et les rêves, études psychologiques sur ces phénomènes et les divers états qui s'y rattachent, suivies de Recherches sur le développement de l'instinct et de l'intelligence dans leurs rapports avec le phénomène du sommeil, par L.-F. Alfred Maury,..."
            },
            {
                  "doc_url": "https://gallica.bnf.fr/ark:/12148/bpt6k5080596t",
                  "emotions": [
                        "fear"
                  ],
                  "excerpt": "Dans celte vigne , il existe des Plantes de persil qu ' il laisse s ' étendre avec intention .D ' après lui , c ’ est l ’ odeur du persil qui éloignerait , s ’ il ne le détruit , le phylloxéra .En effet , le persil reste toujours vert et n ’ est jama s attaqué par des insectes nuisibles .",
                  "id": "12",
                  "title": "Le Réveil de Koléa : organe des intérêts agricoles et viticoles du canton : journal républicain paraissant le dimanche"
            },
            {
                  "doc_url": "https://gallica.bnf.fr/ark:/12148/bpt6k5448005m",
                  "emotions": [
                        "fear",
                        "love"
                  ],
                  "excerpt": "Ce ne serait ni l ' assaut farouche du mâle en rut , ni le détaillement savant , progressif , que nous font goûter les chevronnées de l ' amour , vaillantes au boudoir comme un vieux maître d ' armes sur la planche , poussant ses bottes étincelantes sur ses élèves éblouis .Non , j ' aimais Edméo en fiancée : quelque chose de délicat et de suave qu ' on craint d ' effaroucher comme un mignon oiseau des îles et de casser comme ces merveilleux objets en verre qui se filent 88 \" MONTFKUrtAT tout chauds sous los yeux de l ' étranger , à Venise , et aussi do la ( leur fraîchement écloso qu ' on craint de faner on la cueillant ot dont l ' on veut le parfum tout entier ; frêle fleur frissonnante encore des perles do la rosée ot que l ' on n ' ose pas toucher .Oui , j ' aimais délicatement Edmée ; plutôt jo l ' adorais ! Je l ' adorais comme la fiancée du rêve ot , dans cotte possession idéale où j ' aurais voulu l ' absorber en moi comme dans l ' allégorie sublime de Mistral , Vincent qui est la terre veut absorber Mireille morte , je désirais l ' embrasser doucement , d ' abord , à petits coups , comme on savoure , comme on déguste un sorbet , comme on mouille do la langue , en le l .",
                  "id": "13",
                  "title": "Montferrat / par Belz de Villas"
            },
            {
                  "doc_url": "https://gallica.bnf.fr/ark:/12148/bpt6k5408649r",
                  "emotions": [
                        "fear"
                  ],
                  "excerpt": "Par les lilas & l ' aubépine Toute la floraifon prend feu .Et dans l ' odorant ' artifice 22 Le Retour L ' hirondelle pourfuit fon vol , La rofe entrouvrant fon calice Pour écouter le rofjîgnol .111 Sur les maifons illuminées Des beaux rayons d ' or du lointain , On entend par les cheminées Les menus propos du matin De ces bavardes hirondelles , S ' entretenant à leur réveil , Tout en lijfant leurs longues ailes , De vent , de pluie & de foleil .",
                  "id": "14",
                  "title": "Parfums, chants et couleurs : poésies / par Gustave Mathieu"
            },
            {
                  "doc_url": "https://gallica.bnf.fr/ark:/12148/bpt6k56109907",
                  "emotions": [
                        "surprise",
                        "fear",
                        "doubt"
                  ],
                  "excerpt": "Après qu ' une heure fut écoulée3 il entendit son nom sortir de la bouche de Palmyre , dont il s ' approcha doucement , pour ne perdre aucune de ses paroles .Almazor ! mon Almazor ! dit - elle , toi dans une prison ! — Il n ' est point dans une prison , dit Almazor : la verte émeraude , l ' onyx , le diamant , jettent mille feux à ses regards ; la demeure où il respire , en ce moment , est embaumée des parfums d ' Arabie , et les brocards d ' or y brillent sur des tapis superbes ! — Où donc est mon Almazor ? Parle , esclave ! je t ' en conjure ! — Dans ce palais , près de ALMAZOR .29 vous , Palmyre ! — Grand Dieu ! quel son de voix ! Mais que fait nion amant ? — Il admire les innocens attraits d ' une femme qu ' il veut - , par degrés , habituer à sa présence avant de tomber à ses genoux ! — Es - , clave ! à ces mots je reconnais le fond de ton ame , et l ' homme affreux qui t ' envoie ! cesse de m ' entretenir avec cet amas d ' impostures grossières , arrangées d ' avance , et qui cachent , sans doute , de nouvelles attrocités ! .",
                  "id": "15",
                  "title": "Almazor, ou le Soldat du Liban, par Augustin Lejeune. Tome 3"
            },
            {
                  "doc_url": "https://gallica.bnf.fr/ark:/12148/bpt6k1269485k",
                  "emotions": [
                        "fear",
                        "greed",
                        "pain"
                  ],
                  "excerpt": "sans odeur , à saveur acre et cor ' rosive .A l ' extérieur , rubéfiant et vésicant .Employée également sous forme de teinture .",
                  "id": "16",
                  "title": "Le livre du cultivateur : les soins à donner au cheval, hygiène et maladies / par P.-F. Lévêque,... H. Mamelle,... L.-J. Ponscarme,... avec la collaboration de spécialistes et d'éleveurs ; préface de M. J. Le Rouzic,..."
            },
            {
                  "doc_url": "https://gallica.bnf.fr/ark:/12148/bpt6k9777280b",
                  "emotions": [
                        "disgust",
                        "fear",
                        "nervousness",
                        "pain"
                  ],
                  "excerpt": "domestiques d ' armes & .de bastons , , qui tous conspirant vous font sem - blant de vouloir alïbmmer ceste - , pauure baste innocente , qui oyant le bruit des coups qu ' on defeharge sur le paué , Stcontre les parois , frémir , , tremble , suë à gronc goutte : ccste - ' Tueur est la liqueur du monde la plus odoriferante .Vostrecœur est plein > de la sainéle liqueur que Dieu y a in - fuse , il faut faire escouler ce baume par vos playes , euaporer par vos souspirs , distiller par vos larmes , ruiileler par vos sueurs : & pourtant .",
                  "id": "17",
                  "title": "Consolation et resjouissance pour les malades et personnes affligées ... Par Estienne Arviset,... Seconde edition reveüe & augmentée"
            },
            {
                  "doc_url": "https://gallica.bnf.fr/ark:/12148/bpt6k9777280b",
                  "emotions": [
                        "disgust",
                        "fear",
                        "nervousness",
                        "pain",
                        "disappointment"
                  ],
                  "excerpt": "Y4 - ( fl b .trouppe du pecné se faifo de sa per - sonne , le voila atteint d ' vne maladie incurable , rongé d - e vers , ouuetr ' de toutes parcs de playes suppurantes , mais auec vne telle extiémité de puanteur que luy mesme ( chose inouïe à tous les siecl .es Ine Ce pou - uoitp .",
                  "id": "18",
                  "title": "Consolation et resjouissance pour les malades et personnes affligées ... Par Estienne Arviset,... Seconde edition reveüe & augmentée"
            },
            {
                  "doc_url": "https://gallica.bnf.fr/ark:/12148/bpt6k9777280b",
                  "emotions": [
                        "fear",
                        "courage",
                        "nervousness",
                        "despair",
                        "frustration"
                  ],
                  "excerpt": "Non quand ieferois défia .dans le toi - iibeaul , dans la gueufs puante de la mort , dans le fendant impitoyable de sa faux tout - tren - chance , ie n ' auray iamais peur estant a cossé de m ( / n Dieu .Venez canaille , venez tous les CoUacs d ' enfer , qu ' vne armee de maux , de morts , de mores infernaux m ' afliegenr , ie feray teste à toute ceste vermine , ôd d ' vn oeil asseuré ie regatderay tous ces vains espol1ueareluens leur donnant la chasse j _ çat quelle armee ou quelle furie peut estonner vn hom - ? { * ! .",
                  "id": "19",
                  "title": "Consolation et resjouissance pour les malades et personnes affligées ... Par Estienne Arviset,... Seconde edition reveüe & augmentée"
            },
            {
                  "doc_url": "https://gallica.bnf.fr/ark:/12148/bpt6k930449k",
                  "emotions": [
                        "fear",
                        "nervousness",
                        "pain"
                  ],
                  "excerpt": "— Symptômes .— Odeur dans l ’ haleine , anxiété , douleur cuisante dans la gorge , l ’ estomac et l ' abdomen , froideur des extrémités , démarche chancelante .Quelquefois vomissements , insensibilité profonde , coma avec anesthésie complète , dilatation de la pupille , respiration stertoreuse , peau froide , pouls imperceptible .",
                  "id": "20",
                  "title": "Formulaire pratique de thérapeutique et de pharmacologie (7e édition, revue, corrigée et augmentée) / par Dujardin-Beaumetz,... et P. Yvon,..."
            }
      ]
}