{
      "articles": [
            {
                  "doc_url": "https://gallica.bnf.fr/ark:/12148/bpt6k3067901x",
                  "emotions": [
                        "fear"
                  ],
                  "excerpt": "Quoiqu ' il on ( oit , pour le refpirer ( ainement , il faut ou qu ’ il lé renou - voile , ou qu ’ il Ion purgé des parties hétérogènes * dont il pltroît viliblemciu chargé au moment de l ' expiration .Ainli un flambeau allumé , expofé contre terre dans la fumeulc grotte du clnett en Italie , s ’ éteint dans l ' inftant ; \\ caufc des exhalnifons ( ùlfureiifeS qui montent en grande quantité du fond de cette grotte , de qui dans un clin d ’ oeil luiloquent un chien quand on l ’ y mer .Une chandelle s ’ éteint dans une prtirc cave fermée i remplie de vin , lorfqu ' il travaille » parce que l ’ cfprit volatil que contient le vin , remplit en ( èdmipant la cave d ’ cxhalaifons qui étouffent la chandelle .",
                  "id": "1",
                  "title": "Manuel physique, ou Maniere courte et facile d'expliquer les phénomènes de la nature . Par M. Jean-Ferapie Dufieu,... Seconde edition, considérablement augmentée"
            },
            {
                  "doc_url": "https://gallica.bnf.fr/ark:/12148/bpt6k5455673v",
                  "emotions": [
                        "fear",
                        "courage",
                        "embarrassment"
                  ],
                  "excerpt": "Fermez les lourds rideaux , tenez les portes closes , Surtout , ne laissez pas pdnetrer le soleil , Mettez autour de moi le soir trempe de roses .l ' osez , sur la blanch ' cur d ' un oreiller profond , Ces mortuaires fleurs dont le parfum obsède .Posez - les dans mes mains , surmoivcoeur , surmon front , Ces fleurs pâles , qui sont comme une cire tiide .",
                  "id": "2",
                  "title": "Poèmes / Renée Vivien"
            },
            {
                  "doc_url": "https://gallica.bnf.fr/ark:/12148/bpt6k5455673v",
                  "emotions": [
                        "grief",
                        "fear",
                        "nostalgia",
                        "nervousness",
                        "disappointment"
                  ],
                  "excerpt": "es songes attardés se poursuivaient encore , Et tes yeux étaient bleus , — bleus comme le matin .Tai \\ dis que je songeais à la douceur passée Tes çhevtfux répandaient une odeur dé sommeil , Dans la crainte de voir éclater le soleil Notre nuit s ' éloignait , souriante et lassée , 8 ÉTUDES ET PRÉLUDES Tel qu ' un léger linceul de spectre , le brouillard Matinal s ' allongeait ' Avant de disparaître , Et le monde était plein d un immense peut - être .L ' aube était incertaine ainsi que ton regard .",
                  "id": "3",
                  "title": "Poèmes / Renée Vivien"
            },
            {
                  "doc_url": "https://gallica.bnf.fr/ark:/12148/bpt6k80877d",
                  "emotions": [
                        "disgust",
                        "fear"
                  ],
                  "excerpt": "Là , la chaleur est étouffante , le poêle ronfle dont les parois sont rouges , l ' air est lourd , surchauffé , suffocant .Cela sent fort la saumure , le poisson mort , la bête humaine .On entend la respiration rauque des marins ' qui dorment dans leurs hamacs bercés par un faible roulis .",
                  "id": "4",
                  "title": "Le secret du pôle : les aventures du môme Roudoudou / Louis-Frédéric Rouquette"
            },
            {
                  "doc_url": "https://gallica.bnf.fr/ark:/12148/bpt6k5835437q",
                  "emotions": [
                        "disgust",
                        "fear",
                        "pride",
                        "greed",
                        "nervousness"
                  ],
                  "excerpt": "1 $ 94 , íî est défendu aux Maîtres Gantiers - Parfumeurs ' de vendre ni de ' débiter séparément aucuns parfums ni autres senteurs que ceux qu ' ils ont faits 8c composez , : - ' , - PARFUM .Se prend auffi pour les corps mêmes d ' où s ' exhalent les parfums .Les meilleurs parfums se tirent d ' Orient 8í des Païs chauds .",
                  "id": "5",
                  "title": "Dictionnaire universel de commerce, contenant tout ce qui concerne le commerce qui se fait dans les quatre parties du monde... Ouvrage posthume du Sr Jacques Savary Des Bruslons... continué... et donné au public, par Philémon-Louis Savary,.... Tome 2"
            },
            {
                  "doc_url": "https://gallica.bnf.fr/ark:/12148/bpt6k86307254",
                  "emotions": [
                        "surprise",
                        "fear",
                        "doubt",
                        "nervousness"
                  ],
                  "excerpt": "harmonies .Pourquoi mon cœur bat - il ainsi , au roulement du tambour ? Pourquoi le bruit du canon , l ' odeur de la poudre me bouleversent - ils ainsi ? ..",
                  "id": "6",
                  "title": "Marie-Edmée intime : [Marie-Edmée Paul] / par Mlle Marie Pesnel (Myriam)"
            },
            {
                  "doc_url": "https://gallica.bnf.fr/ark:/12148/bpt6k63440505",
                  "emotions": [
                        "sadness",
                        "fear",
                        "annoyance",
                        "despair",
                        "pain",
                        "embarrassment"
                  ],
                  "excerpt": "Pendant la traversée , un frisson le prit , ses dents claquaient .Une heure après il se tordait sur son lit avec des gémissements et des cris , se croyant empoisonné et se tenant à deux mains l ' estomac .Il souffrait encore parfois , dans certaines heures de solitude , lorsque malgré lui ses pensées le reportaient en arrière et que son cœur se rouvrait aux ivresses du passé ; mais sa douleur devenait plus douce , plus mélancolique : le beau ciel de Venise lui rassérénait l ' âme , apaisant ces derniers et involontaires battements de son cœur .",
                  "id": "7",
                  "title": "Le coffret de Salomé : nouvelle vénitienne / par Gustave Toudouze"
            },
            {
                  "doc_url": "https://gallica.bnf.fr/ark:/12148/bpt6k5706078h",
                  "emotions": [
                        "grief",
                        "sadness",
                        "fear",
                        "nostalgia",
                        "despair",
                        "frustration",
                        "disappointment"
                  ],
                  "excerpt": "Pau , février 1877 .Me voilà pour longtemps malade , me voilà Condamné à mourir loin de Paris , par là , Dans quelque sombre coin , dans quelque affreux village , Tout seul , pauvre , inconnu , comme un chien , avant l ' âge , Car j ' ai encore au fond de mon coeur des parfums Pour embaumer sans fin mes chers rêves défunts .Aucun médecin n ' a compris le mal funeste , Mais pourtant chacun d ' eux se récrie et proteste .",
                  "id": "8",
                  "title": "Le livre des Incas : les grandes misères, les révolutionnaires et les chansons de l'exil, les dernières rhapsodies / N. A. della Rocca de Vergalo"
            },
            {
                  "doc_url": "https://gallica.bnf.fr/ark:/12148/bpt6k5844473j",
                  "emotions": [
                        "fear",
                        "nervousness",
                        "faith"
                  ],
                  "excerpt": "Chaussures magnifiques , croissants ^ d ' or , colliers , carcans , bracelets , mitres , rubans , anneaux de jambes , chaînes d ' or , boîtes de parfum , pendants d ' oreilles , bagues , pierreries , aiguilles , miroirs , habits à changer , tuniques de ' grand prix , habillements légers , les plus fins & les plus riches , d ' or , d ' argent , de fin lin , & en broderies de diverses couleurs .On s ' effraie avec les filles de Sion des terribles menaces que leur font ces prophètes au nom du Seigneur , de changer leur parfum en puanteur , leurs ceintures en une corde , teur frisure en une tête chauve , & leur linge de corps en cilice .Les lamentations de Jérémie jettent encore un grand jour fur ce beau sujet .",
                  "id": "9",
                  "title": "Manufactures, arts et métiers / par M. Roland de La Platière,..."
            },
            {
                  "doc_url": "https://gallica.bnf.fr/ark:/12148/bpt6k6509216r",
                  "emotions": [
                        "fear"
                  ],
                  "excerpt": "m ., animal amphibie qui craint , dit - on , la vue et l ' odeur du safran ; xpoxÓ ~ ÔtÀo ; .RR .",
                  "id": "10",
                  "title": "Le Jardin des racines grecques, réunies par Cl. Lancelot et mises en vers par Lemaistre de Sacy... augmenté... par J.-B.-Gr. Pitay,... 4e édition, publiée par M. J. Helleu,..."
            },
            {
                  "doc_url": "https://gallica.bnf.fr/ark:/12148/bpt6k42378550",
                  "emotions": [
                        "disgust",
                        "fear"
                  ],
                  "excerpt": "Les Hiftoires facrées & profanes font remplies d ’ exemples de Peuples qui ont été contraints d ’ abandonner leur pays natal pour avoir été trop incommodés par les fauterelles , par les feorpions , par les fcolopendres , ou par les punaifes , les puces , les araignées , les abeilles .Le fearabée des maréchaux dégorge , de toutes fes articulations , une liqueur graffe & vifqueu » fe , dont l ’ odeur fait enfuir tous les inieéfes qui approchent de lui .Chaque efpece fait détruire à fa maniéré les différentes productions de la terre .",
                  "id": "11",
                  "title": "Dictionnaire raisonné universel d'histoire naturelle, contenant l'histoire des animaux, des végétaux et des minéraux, et celle des corps célestes, des météores et autres principaux phénomènes de la nature, avec l'histoire et la description des drogues simples tirées des trois règnes et le détail de leurs usages dans la médecine, dans l'économie domestique et champêtre et dans les arts et métiers, par M. Valmont de Bomare,.... Tome 3"
            },
            {
                  "doc_url": "https://gallica.bnf.fr/ark:/12148/bpt6k687211",
                  "emotions": [
                        "fear"
                  ],
                  "excerpt": "La forêt trembie .Et toutes sortes de bêtes cNi ' oyaNt ~ s surgissent Le T ) ' age ! aphus , moitié cerf et moitié bœuf ; le Myrmecoleo , Mon par devant , fourmi par derrière , et dont les génitoircs sont à rebours le python Aksar , de soixante coudées , qui épouvanta Moïse ; la grande belette Pastinaca , qui tue tes arbres par son odeur ; le Presteros , qui rend imbécile par son contact ; le Mirag , lièvre cornu , habitant des Mes de la mer .Le léopard Phalmant crève son ventre à force de hurler ; le Senad , ours à trois têtes , déchire ses petits avec sa langue ; le chien Cépus répand sur les rochers le lait bleu de ses mamelles .",
                  "id": "12",
                  "title": "La tentation de saint Antoine (Éd. définitive) / par Gustave Flaubert"
            },
            {
                  "doc_url": "https://gallica.bnf.fr/ark:/12148/bpt6k687211",
                  "emotions": [
                        "anger",
                        "fear",
                        "nervousness",
                        "pain",
                        "faith",
                        "embarrassment"
                  ],
                  "excerpt": "On me inisai6 des libations .Je fas tm Dieu ! L ' Athénien me saluait comme un présage de ibrtune , tandis que le Romain dévot me maudissait les poings levés et que le pontife d ' Egypte , s ' abstenant de fèves ) , tremblait à ma voix et pâlissait à mon odeur .Quand le vinaigre militaire coulait sur les barbes non rasées , qu ' on se régalait de glands , de pois et d ' oignons crus et que le bouc en morceaux cuisait dans le beurre rance des pasteurs , sans souci du voisin , personne alors ne se gênait .",
                  "id": "13",
                  "title": "La tentation de saint Antoine (Éd. définitive) / par Gustave Flaubert"
            },
            {
                  "doc_url": "https://gallica.bnf.fr/ark:/12148/bpt6k687211",
                  "emotions": [
                        "grief",
                        "fear",
                        "pain"
                  ],
                  "excerpt": "La preuve , c ' est que me voila ! Il lui donne ses mains à flairer .Elles sentent le cadavre .Antoine se recule .",
                  "id": "14",
                  "title": "La tentation de saint Antoine (Éd. définitive) / par Gustave Flaubert"
            },
            {
                  "doc_url": "https://gallica.bnf.fr/ark:/12148/bpt6k5340505m",
                  "emotions": [
                        "fear"
                  ],
                  "excerpt": "En s ’ échappant des cuves , ce gaz s ' écoule le long de leurs parois , et vient former , dans le bas des caves et des celliers , une couche irrespirable d ’ autant plus épaisse que la ventilation est moins active .Si alors , pour une cause quelconque , un homme vient à tomber dans cette atmosphère empestée , il périt asphyxié pour peu que les secours tardent à arriver .36 SAUVETAGE DANS LES CAVES ET CELLIERS .",
                  "id": "15",
                  "title": "Nouveau manuel complet de sauvetage dans les incendies, les puits, les puisards, les fosses d'aisances... les accidents en rivière et les naufrages maritimes, ainsi que l'indication des soins à donner aux asphyxiés, la description des appareils... qui servent à opérer sous l'eau et dans les lieux irrespirables, et des notions sur les plus récents systèmes inventés pour le relevage des navires naufragés, par M. W. Maigne,..."
            },
            {
                  "doc_url": "https://gallica.bnf.fr/ark:/12148/bpt6k5853824d",
                  "emotions": [
                        "grief",
                        "disgust",
                        "fear",
                        "nostalgia",
                        "embarrassment"
                  ],
                  "excerpt": "275 quelles j ' étais prosterné se détachaient de leurs cadres ec prenaient subitement à mes yeux troublés des poses d ' impures bacchantes .Je sentais les parfums de leurs cheveux ; les plis efféminés de leurs robes me touchaient ; et , à ce contact , il me semblait que mon âme s ' enfuyait de mon corps profané .Voilà ce que j ' ai entendu , voilà ce que j ' ai vu , et senti , et souffert durant quinze ans .",
                  "id": "16",
                  "title": "La petite Comtesse ; Le parc ; Onesta (3ème éd.) / par Octave Feuillet,..."
            },
            {
                  "doc_url": "https://gallica.bnf.fr/ark:/12148/bpt6k5682506g",
                  "emotions": [
                        "fear",
                        "nervousness"
                  ],
                  "excerpt": "Enhardi par mon premier succès , je voulus faire plus intime connaissance avec un gibier si terrible ; je coulai vivement deux lingots dans ma carabine , et l ' ayant jetée en bandoulière * , je m ' élançai sur un des saules qui bordaient la rive .J ' y étais à peine installé et n ' avais pas ■ encore eu le temps de me fixer à une de ses branches au moyen de ma ceinture , dans la crainte que mes pieds ne vinssent à glisser , que le monstre , dressé le long du tronc du saule , la gueule fumante , me couvrait déjà de son haleine fétide .A cette époque j ' ignorais encore que les grizly bear ne montent pas sur les arbres ; aussi , dans ma crainte et dans le but de l ' arrêter , je déchargeai à un mètre de distance , successivement , mes deux coups de feu dans son énorme gueule béante .",
                  "id": "17",
                  "title": "Lectures sur l'histoire naturelle des animaux, suivies d'un vocabulaire des mots techniques employés dans l'ouvrage, par Paul Bert,..."
            },
            {
                  "doc_url": "https://gallica.bnf.fr/ark:/12148/bpt6k9606894z",
                  "emotions": [
                        "disgust",
                        "fear"
                  ],
                  "excerpt": "6 .En ce qu ' il ne Cent point la puante odeur de ses pechez , qui font horreur à Dieu , aux Anges , & aux hommes .Donnez - vous donc de garde de tomber dans ces abil - naes de brutalité : Souvenez - vous de ce que vous dit - saine Greeoire » que le péché qui n ' trl Homo cum in honore esset not iutellexit , compa - ratus cst jumentÎs inlipientibus , & si - mihs factus est illis .",
                  "id": "18",
                  "title": "La perpétuité de la foy et de la religion chrétienne dans les trois états de la loi de nature, de la loi écrite et de la loi de grâce. Tome 2 / . Expliquée et solidement prouvée en deux cents homélies... par le Révérendissime Père Paul Beurrier,..."
            },
            {
                  "doc_url": "https://gallica.bnf.fr/ark:/12148/bpt6k206823b",
                  "emotions": [
                        "fear"
                  ],
                  "excerpt": "Je respirais un air glacial , tandis que la cendre brûlait mes pieds .Enfin l ' odeur délétère de toutes les substances volcaniques les plus puissantes m ' avertissait que je touchais aux confins de l ' empire de l ' homme , et que là commençait le domaine de la mort .L ' Etna , entouré de volcans , postes avancés de cet inexorable néau a vomi des fleuves de lave qui sont venus s ' engloutir dans h mer , en creusant de profondes vaiïécs , On le vit ainsi , dans sa fureur , détruire parfois une viMe , tandis qu ' il repoussait les flots de la mer et formait un port commode et sûr .",
                  "id": "19",
                  "title": "Souvenirs de la Sicile / par M. le cte de Forbin"
            },
            {
                  "doc_url": "https://gallica.bnf.fr/ark:/12148/bpt6k9771041p",
                  "emotions": [
                        "disgust",
                        "fear"
                  ],
                  "excerpt": "Je suffoque dans ces rues étroites , au milieu de maisons en ruines , de ces ruelles infectes .Des odeurs horribles arrivent jusque dans mon palais et dans mes jardins .Oh 1 je voudrais qu ' un tremblement de terre détruisît Rome ou qu ' un dieu irrité la renversât tout entière ; alors je vous montrerais comment on doit construire une ville , qui est la tête du monde et ma capitale .",
                  "id": "20",
                  "title": "Quo vadis ? : roman du temps de Néron / Henryk Sienkiewicz ; nouvelle traduction complète, d'après l'original, par P.-A. de Roncey ; illustrations de Tofani"
            }
      ]
}