{
      "articles": [
            {
                  "doc_url": "https://gallica.bnf.fr/ark:/12148/bpt6k9671258d",
                  "emotions": [
                        "fear",
                        "pain",
                        "embarrassment"
                  ],
                  "excerpt": "' Quant aux autres personnes qui y étaient sujettes en bonne santé , elle débutait tout à coup sans cause connue par de fortes chaleurs de tête , avec rougeur e ' t inflammation des yeux .La langue \" et l ' intérieur de la gorge étaient rouges comme du sang , l ' haleine fétide et la respiration irrégulière .Survenaient ensuite l ' enrouement et l ' éternuement , et le mal se glissant en peu d ' instans dans la poitrine ( le thorax ) , provoquait aussitôt douloureusement la toux ; ensuite , il excitait de vifs soulèvemens de l ' estomac , suivis de toutes les espèces d ' évacuations bilieuses désignées par les médecins ; et cela avec une grande fatigue accompagnée d ' un hoquet fréquent , opiniâtre et spasmodique , sans presque aucune intermission , ou se répétant seulement à de longs intervalles .",
                  "id": "1",
                  "title": "Nouvelle traduction des Aphorismes d'Hippocrate, et commentaires spécialement applicables à la médecine dite clinique, avec la description de la peste d'Athènes. Section 7-8 / ... Par le chevalier de Mercy,..."
            },
            {
                  "doc_url": "https://gallica.bnf.fr/ark:/12148/bpt6k6141401n",
                  "emotions": [
                        "disgust",
                        "anger",
                        "fear"
                  ],
                  "excerpt": "D ' autres habitans de la forêt semblaient se quereller de temps en temps avec les chacals .Au bruit retentissant de leurs puissantes mâchoires , ainsi qu ' à l ' odeur infecte qu ' ils exhalaient , exhalaient , reconnutdes hyènes .Parinstans .",
                  "id": "2",
                  "title": "Les Oiseaux de Clichy, par Jules de Saint-Félix (Félix d'Amoreux). Les Millions du cousin Gaspard, par Alfred de Bréhat"
            },
            {
                  "doc_url": "https://gallica.bnf.fr/ark:/12148/bpt6k8789412",
                  "emotions": [
                        "surprise",
                        "fear",
                        "nervousness",
                        "pain"
                  ],
                  "excerpt": "Deux injections produisent une réaction complète qui se soutient pendant deux jours .spasmes les plus effrayants , assoupissement , vomissements répétés , pas de pouls ; yeux caves , collapsus complet , le corps exhale une odeur très désagréable ; ..",
                  "id": "3",
                  "title": "Des Injections faites par les veines dans le traitement du choléra épidémique, par le Dr A. Duchaussoy,..."
            },
            {
                  "doc_url": "https://gallica.bnf.fr/ark:/12148/bpt6k5612581h",
                  "emotions": [
                        "fear",
                        "doubt",
                        "pain"
                  ],
                  "excerpt": "Certes , il est bien d ' autres dangers à conjurer ; dans une armée en campagne , le soldat court bravement au danger et meurt en défendant son pays , c ' est le droit .de la guerre ; mais les maladies affreuses , terribles qui déciment nos soldats , les émanations pestilentielles des ambulances et hôpitaux , les marches forcées pendant les chaleurs , le poids énorme des bagages , les nuits passées au bivouac sans autre abri qu ' une tente dérisoire et insuffisante , le scorbut et autres horribles fléaux ne sont - ils pas de nature à inspirer de vives et sincères sollicitudes ? Un statisticien nous permet de juger des ravages .67 , 000 soldats sont morts dans les hôpitaux , en Crimée .",
                  "id": "4",
                  "title": "La charité internationale : quelques idées présentées aux comités établis en Europe pour concourir au soulagement des blessés sur les champs de bataille et dans les hôpitaux / par le Dr Télèphe-P. Desmartis,... et Évariste Carrance,..."
            },
            {
                  "doc_url": "https://gallica.bnf.fr/ark:/12148/bpt6k933530z",
                  "emotions": [
                        "fear"
                  ],
                  "excerpt": ".~ ~ 1 I 1 i ~ POUR NOS SOLDATS Voyant venir le nuage asphyxiant , le poilu a coiffé son masque et le tient relevé sur le front .Au moment d ’ entrer dans le nuage asphyxiant , le poilu a baissé le devant du masque ; il est désormais à l ’ abri .",
                  "id": "5",
                  "title": "Le Flambeau : grand magazine de luxe hebdomadaire"
            },
            {
                  "doc_url": "https://gallica.bnf.fr/ark:/12148/bpt6k5814040z",
                  "emotions": [
                        "disgust",
                        "fear"
                  ],
                  "excerpt": "Ce tissu devient rouge , l ' épidémie se ramollit , se déta - , che , et la face interne des cuisses finit par ressembler à la surface d ' un vésicatoire en suppuration .Cette région exhale , dans ce cas , une odeur d ' une horrible fétidité .Il existe une vive douleur en urinant ; non que .",
                  "id": "6",
                  "title": "Traité pratique des maladies des voies urinaires et des organes générateurs de l'homme et de la femme, par le Dr É. Jozan de St-André..."
            },
            {
                  "doc_url": "https://gallica.bnf.fr/ark:/12148/bpt6k58069034",
                  "emotions": [
                        "fear",
                        "nervousness",
                        "pain"
                  ],
                  "excerpt": "Mon guide me fit suivre une file interminable de sales ruelles , toutes grouillantes d ' une populace luisante de sueur : les hommes n ' ont que le pantalon ou le caleçon ; les femmes sont vêtues jusqu ' au menton .Les chiens , couchés dans la rue , aboyaient ou grondaient après moi ; des cochons ventrus , petits et ronds , galopaient à travers cette foule — les femelles traînant dans la boue leurs nombreuses mamelles ; des cuisines en plein vent presque à chaque porte ; des enfants nus , vautrés sur les dalles humides ; une affreuse odeur de friture et d ' urine ; des immondices partout .J ' avais vu à - Suez un type de saleté poussiéreuse , sèche et aride ; je voyais ici la saleté humide et suintante , l ' une aussi horrible que l ' autre .",
                  "id": "7",
                  "title": "Journal d'un voyage dans l'Inde anglaise, à Java, dans l'archipel des Moluques, sur les côtes méridionales de la Chine, à Ceylan (1864), par Fr. Devay.... Tome 2"
            },
            {
                  "doc_url": "https://gallica.bnf.fr/ark:/12148/bpt6k63477315",
                  "emotions": [
                        "fear",
                        "nervousness"
                  ],
                  "excerpt": "— Alsol .exhaler une mauvaise odeur , en parlant des chairs qui commencent à se corl \" Ompre , etc .- SE SENTIR , v .",
                  "id": "8",
                  "title": "Dictionnaire universel de la langue française, rédigé d'après le Dictionnaire de l'Académie, et ceux de Laveaux, Gattel, Boiste, Mayeux, Wailly, Cormon, etc.. Tome 2 / par Ch. Nodier,... et V. Verger,..."
            },
            {
                  "doc_url": "https://gallica.bnf.fr/ark:/12148/bpt6k5421447m",
                  "emotions": [
                        "admiration",
                        "fear",
                        "faith"
                  ],
                  "excerpt": "300 POÉSIES RELIGIEUSES ET MORALES .Tous invoquent des yeux l ' homme que Dieu protège Et tandis que les chefs qui forment son cortège , Pâles imitateurs d ' un magnanime effort , Pour la première fois tremblent devant la mort , Et , dans cet air chargé d ' atomes homicides , Se penchent avec soin sur des parfums acides , Lui , le front découvert , prononce dans les rangs Ces mots mystérieux qui charment les .mourants .",
                  "id": "9",
                  "title": "Poésies religieuses et morales, par René Muller"
            },
            {
                  "doc_url": "https://gallica.bnf.fr/ark:/12148/bpt6k9769639w",
                  "emotions": [
                        "disgust",
                        "fear",
                        "nervousness",
                        "pain"
                  ],
                  "excerpt": "L ' on ne pouvoit distingueç si les excrémens & les urines sortoient par une ouverture commune , ta .nc le délabrement , étoit affreux Une puanteur insupportable s ' exhaloit des parties affectées .En un mot , Bury faisoit reculer d ' effroi tous ceux qui en approchoient .",
                  "id": "10",
                  "title": "Lettres sur la lithotomie, pour prouver la supériorité du lithotome caché pour l'opération de la taille, sur tous les autres instrumens qui ont été proposés jusqu'à ce jour... par M. Chastanet,..."
            },
            {
                  "doc_url": "https://gallica.bnf.fr/ark:/12148/bpt6k5496686w",
                  "emotions": [
                        "disgust",
                        "fear"
                  ],
                  "excerpt": "— L ' azote s ' unit avec l ' oxygène pour former des corps assez nombreux ; le plus important est l ' acide azotique , appelé aussi acide nitrique .C ' est un liquide d ' une odeur désagréable , dangereux à manier .C ' est , de plus , un poison très énergique .",
                  "id": "11",
                  "title": "Éléments usuels des sciences physiques et naturelles : à l'usage des écoles primaires,.... Cours supérieur / par M. É. Gripon,..."
            },
            {
                  "doc_url": "https://gallica.bnf.fr/ark:/12148/bpt6k56264326",
                  "emotions": [
                        "surprise",
                        "fear",
                        "nervousness",
                        "pain"
                  ],
                  "excerpt": "Lorsque le travail delà dentition se fait , l ' enfant souffre beaucoup , surtout pour la sortie définitive des dents : son visage est bouffi , son caractère s ' aigrit , ses forces diminuent , tout son être semble s ' abattre ; une inflammation surgit au point de la gencive voisine de la dent en travail de chasser l ' autre .L ' haleine est fétide parfois ; les glandes sous - maxillaires se tuméfient et s ' engorgent ; l ' enfant est inquiet , impressionnable ; des douleurs qui viennent et s ' en vont sans raison lui arrachent des plaintes sourdes ou des cris aigus .Sous ces influences , la nutrition perd de son énergie faute d ' assimilation suffisante ; ces tissus se flétrissent , l ' amaigrissement se déclare et progresse à vue d ' oeil ; la croissance est ralentie , même arrêtée ! Malheur aux parents insouciants qui s ' en remettent exclusivement à la nature du soin de résoudre seule ces difficultés ; le plus souvent , des affections lymphatiques avec lesquelles les enfants auront à compter plus tard , datent de cette époque .",
                  "id": "12",
                  "title": "Études physiologiques et pathologiques de la dentition de tous les âges, par Bernard fils,..."
            },
            {
                  "doc_url": "https://gallica.bnf.fr/ark:/12148/bpt6k9608873d",
                  "emotions": [
                        "fear",
                        "doubt",
                        "nervousness",
                        "pain"
                  ],
                  "excerpt": "La fièvre catarrhale est toujours la suite d ' un refroidissement ; les petits chiens d ' agrément , d ' une con \" stitutîon délicate , y sont plus sujets que les chiens dg grande taille qui prennent beaucoup d ' exercice .I FIÈVRE PUTRIDE ET NERVEUSE j ' Symptômes .L ' animal est triste et abattu , et reste presque continuellement couché .",
                  "id": "13",
                  "title": "Manuel pratique de médecine vétérinaire domestique : mise à la portée des cultivateurs... / par M. Meunier,..."
            },
            {
                  "doc_url": "https://gallica.bnf.fr/ark:/12148/bpt6k64610375",
                  "emotions": [
                        "fear",
                        "pain"
                  ],
                  "excerpt": "Les odeurs les plus légères , les saveurs les plus habituelles peuvent produire sur les aglobuliques des résultats inexplicables .L ' odeur du réséda , des œillets , de la giroflée a pu donner des syncopes et des convulsions ! Une de mes malades , affectée d ' hystérie , était toujours poursuivie par une odeur cadavéreuse .La plupart des aglobuliques entendent mille bruits : des simements , des bourdonnements , des cloches , des cigales , des moulins , des courants d ' eau , etc .",
                  "id": "14",
                  "title": "De l'influence comparative du régime végétal et du régime animal sur le physique et le moral de l'homme / par Émile Marchand,..."
            },
            {
                  "doc_url": "https://gallica.bnf.fr/ark:/12148/bpt6k9608873d",
                  "emotions": [
                        "anger",
                        "fear",
                        "nervousness",
                        "pain"
                  ],
                  "excerpt": "L ' animal a tout à fait cessé de manger et de ruminer .Son pouls devient de plus en plus dur et petit ; des muscosités fétides , claires , rougeâtres et brunes , lui coulent du nez ; sa poitrine râle , et il ne tarde pas à périr suffoqué .- V Causes .",
                  "id": "15",
                  "title": "Manuel pratique de médecine vétérinaire domestique : mise à la portée des cultivateurs... / par M. Meunier,..."
            },
            {
                  "doc_url": "https://gallica.bnf.fr/ark:/12148/bpt6k969479t",
                  "emotions": [
                        "surprise",
                        "fear",
                        "nervousness",
                        "frustration"
                  ],
                  "excerpt": "Méhémet venait de tomber , d ’ une hauteur de j vingt pieds , en plein lagon souterrain .L ’ eau , épaisse et chargée de fanges , amortit sa chute ; il se débattit , émergea et reprit haleine , en nageant lentement , i avec la terreur d ’ avoir été entendu de l ’ impasse , au - dessus de lui ' ; mais rien ne remua , à l ’ extrémité ; supérieure du puits , et le Bédouin respira , surprix \\ de démêler des effluves salins à travers les pestilences de l ’ énorme cloaque ..",
                  "id": "16",
                  "title": "Le Grand illustré : Supplément d'actualités du Journal d'Indre-et-Loire"
            },
            {
                  "doc_url": "https://gallica.bnf.fr/ark:/12148/bpt6k105074g",
                  "emotions": [
                        "fear",
                        "doubt",
                        "nervousness"
                  ],
                  "excerpt": "La cinquième eft de s ' étudier a défendre les fruits du mauvais : goût le voifinage du foin , de la pàille du fumier , du fromage , t de beaucoup de linge ia ! e & fur - tout de linge de cuiane , & : c .tout cela eft extrêmement à craindre , & ainuil faut que la fruiterie ' en foit tout - a - fait éloignée un certain goût renfermé , avec une odeur de plufieurs fruits mis ensemble , font encore un grand désagrément , & : par conséquent , il faut que la fruiterie foit bien percée & allez élcvce une élévation de dix ou douze pieds en doit faire la jufte mefurc il faut auni tenir fbuvent les fenêtres ouvertes , c ' eit - a .dirc , aufit ibuvcnt que le grand froid n ' en : point à craindre , .",
                  "id": "17",
                  "title": "Le Cannameliste français, ou Nouvelle instruction pour ceux qui désirent d'apprendre l'office , rédigé en forme de dictionnaire, contenant les noms, les descriptions, les usages, les choix et les principes de tout ce qui se pratique dans l'office... par le sieur Gilliers,..."
            },
            {
                  "doc_url": "https://gallica.bnf.fr/ark:/12148/bpt6k6206173s",
                  "emotions": [
                        "disgust",
                        "fear",
                        "faith"
                  ],
                  "excerpt": "Lorsqu ' on a des soldats , à quoi bon les bourreaux ! XIII .Tout mon cœur se soulève aux odeurs échappées De ce rouge panier plein de têtes coupées , Et devant ce régime appelé la Terreur , Mon âme de chrétien recule avec horreur .Non , cent mille fois non , ce n ' est pas par des crimes Que l ' on pousse le peuple à ses élans sublimes ; La France n ' était pas à Paris .",
                  "id": "18",
                  "title": "Napoléon : au profit des pauvres / par Émile Coquatrix"
            },
            {
                  "doc_url": "https://gallica.bnf.fr/ark:/12148/bpt6k206823b",
                  "emotions": [
                        "disgust",
                        "fear",
                        "curiosity",
                        "frustration"
                  ],
                  "excerpt": "L ' aube du jour blanchissait l ' horizon , et le premier éctat de la fumière produisait sur les nuages qui roulaient à nos pieds , des effets d ' une singulière bizarrerie ils arrivaient poussés sur nous comme d ' immenses fantômes on pouvait se croire en communication avec le ciel , où semblaient se préparer d ' étranges visions .Je voulus regarder au fond du cratère ; une fumée sulfureuse , étouffante me fit reculer t ' essayai alors de m ' asseoir sur le revers ; mais cette croûte friable et jaune était brûlante .La fatigue des sens , l ' exaltation de l ' imagination jettent dans un état voisin du délire .",
                  "id": "19",
                  "title": "Souvenirs de la Sicile / par M. le cte de Forbin"
            },
            {
                  "doc_url": "https://gallica.bnf.fr/ark:/12148/bpt6k58236667",
                  "emotions": [
                        "fear"
                  ],
                  "excerpt": "Agglomérés ou briquettes de houille ( Fabr .des ) : 4 ° Au brai gras Odeur , danger d ' ine .2 ° .",
                  "id": "20",
                  "title": "Code-Manuel des propriétaires et locataires de maisons, hôteliers, aubergistes et logeurs... par Émile Agnel,..."
            }
      ]
}