{
      "articles": [
            {
                  "doc_url": "https://gallica.bnf.fr/ark:/12148/bpt6k64235256",
                  "emotions": [
                        "fear"
                  ],
                  "excerpt": "Goudrons .— Odeur insalubre et danger du feu .— 9 fév .",
                  "id": "1",
                  "title": "Manuel de la salubrité, de l'éclairage et de la petite voirie ou Répertoire alphabétique, raisonné et pratique des lois, règlements... : contenant le tarif des droits de grande et de petite voirie / par M. Alphonse Martel,..."
            },
            {
                  "doc_url": "https://gallica.bnf.fr/ark:/12148/bpt6k64235256",
                  "emotions": [
                        "fear"
                  ],
                  "excerpt": "Goudrons ( Travail en grand des ) , soit pour la fonte et l ' épuration de ces matières , - soit pour en extraire la térébenthine .— Odeur inftlubre et danger du feu .- 9 rév .",
                  "id": "2",
                  "title": "Manuel de la salubrité, de l'éclairage et de la petite voirie ou Répertoire alphabétique, raisonné et pratique des lois, règlements... : contenant le tarif des droits de grande et de petite voirie / par M. Alphonse Martel,..."
            },
            {
                  "doc_url": "https://gallica.bnf.fr/ark:/12148/bpt6k640992",
                  "emotions": [
                        "disgust",
                        "fear",
                        "annoyance",
                        "disapproval",
                        "disappointment"
                  ],
                  "excerpt": "Comme ils avaient peu d ' argent , qu ' e ' te le savait très Mand de linge blanc , invraisemblablement renouvelé , et que la blanchisseuse était trop chère , elle employait son dimanche , toute la semaine elle travaillait dans une raffinerie à laver son linge eHe - meme , au lavoir commun .C ' est aMommant , ma chère , groaMMiait - H , quand il rentrait le soir , ta chambre exhaïe une atroce odeur de lessive qui vous prend à la gorge .Queue drûte d ' idée tu as de iairw sécher ton linge ici .",
                  "id": "3",
                  "title": "Les gens qui s'amusent / Léo Trézenik"
            },
            {
                  "doc_url": "https://gallica.bnf.fr/ark:/12148/bpt6k64235256",
                  "emotions": [
                        "disgust",
                        "fear"
                  ],
                  "excerpt": "Dégras .— Odeur très - désagréable et danger d ' incendie .^ 9 fév .",
                  "id": "4",
                  "title": "Manuel de la salubrité, de l'éclairage et de la petite voirie ou Répertoire alphabétique, raisonné et pratique des lois, règlements... : contenant le tarif des droits de grande et de petite voirie / par M. Alphonse Martel,..."
            },
            {
                  "doc_url": "https://gallica.bnf.fr/ark:/12148/bpt6k6566382t",
                  "emotions": [
                        "grief",
                        "disgust",
                        "fear",
                        "nervousness",
                        "pain"
                  ],
                  "excerpt": "Le goudron bouillait littéralement dans les coutures du parquet .L ' odeur affreuse de ce mouillage me donna mal au cœur .Si jamais les fièvres et la dyssenterie ont plané dans l ' air , c ' est à coup sûr en cet abominable endroit .",
                  "id": "5",
                  "title": "L'Île au trésor, par R. L. Stevenson, traduction par André Laurie [Paschal Grousset]..."
            },
            {
                  "doc_url": "https://gallica.bnf.fr/ark:/12148/bpt6k64235256",
                  "emotions": [
                        "fear"
                  ],
                  "excerpt": "Toiles peintes ( Ateliers de ) .— Mauvaise odeur el danger du feu .— S fat .",
                  "id": "6",
                  "title": "Manuel de la salubrité, de l'éclairage et de la petite voirie ou Répertoire alphabétique, raisonné et pratique des lois, règlements... : contenant le tarif des droits de grande et de petite voirie / par M. Alphonse Martel,..."
            },
            {
                  "doc_url": "https://gallica.bnf.fr/ark:/12148/bpt6k5773493k",
                  "emotions": [
                        "anger",
                        "fear",
                        "annoyance",
                        "despair",
                        "embarrassment"
                  ],
                  "excerpt": "renseigner auprès de Krachénikoff .Les cris et les chants d ' abjects ivrognes sortaient d ' un sale et sombre cabaret attenant à la boutique puante d ' un marchand de poissons .Il leva les yeux du côté d ' un balcon , sur lequel étaient étendus des pelisses , des coussins et du linge .",
                  "id": "7",
                  "title": "Basile Mirovitch, par Grégoire Danilevsky, traduit du russe par Alexandre Romald"
            },
            {
                  "doc_url": "https://gallica.bnf.fr/ark:/12148/bpt6k6128303r",
                  "emotions": [
                        "fear"
                  ],
                  "excerpt": "\\ j N Corroyeur plaça son atelier Près de l ' hôtel d ' un financier .i Celui - ci , délicat et riche personnage , Ne pouvoit supporter ce fâcheux voisinage : Il craignoit la mauvaise odeur , LIVRE I .aî .",
                  "id": "8",
                  "title": "Fables et contes, mis en vers par Frédéric d'Hautecour,..."
            },
            {
                  "doc_url": "https://gallica.bnf.fr/ark:/12148/bpt6k3067485w",
                  "emotions": [
                        "disgust",
                        "fear",
                        "annoyance"
                  ],
                  "excerpt": "Quand enfuite , on trouvera de l ’ arfenic dans les inteftins du fieur de Beaulieu , & dans les poches de la fille Salmon , cette indication prématurée de la dame Duparc , pourra donner matière à quelque réflexion .Le fieur Fergant , de fon côté , entendant la dame Duparc , attefler Vodeur ddarfenic brûlé , s ’ écrie qu ’ effeéHvement cette odeur eft frappante ., Mais , il ne parloit ainfi , que fur la foi de la dame Duparc ; & l ’ aveu qu ’ il doit en avoir fait dans fa dépofition , eft d ’ une naïveté ridicule .",
                  "id": "9",
                  "title": "Mémoire pour Catherine Estinés, habitante de Cazaux, dans le comté de Cominges, contre les officiers du siège royal de Rivière, dans le même comté. / (Signé : Lacroix.)"
            },
            {
                  "doc_url": "https://gallica.bnf.fr/ark:/12148/bpt6k14220469",
                  "emotions": [
                        "fear",
                        "nervousness"
                  ],
                  "excerpt": "C ’ est un vaste carré très - long , sans étage ni galerie .Une odeur âcre , une senteur violente et malsaine vous saisit dès que vous entrez , s ' attache à vous , et , quand vous sortez , vous suit , imprégnée à vos habits , absorbée par vos cheveux et votre barbe .Il y a de tout dans cette atmosphère : du tabac , du gaz et du quinquet fumeux , de l ’ ail , de l ’ alcool , de la bière , et surtout des molécules de cette senteur saisissante , fade et écœurante que l ’ on appelle odeur de misère .",
                  "id": "10",
                  "title": "Le fou de la Bourse.... L'Assassinat de la rue du Cirque / par Octave Féré et Julien Lemer"
            },
            {
                  "doc_url": "https://gallica.bnf.fr/ark:/12148/bpt6k640992",
                  "emotions": [
                        "disgust",
                        "fear"
                  ],
                  "excerpt": "Amis de collège et des meilleurs , la vie les avait séparés , mais ils avaient toutefois conservé d ' amicales relations ; et , tous les ans , en juillet , M .Ducyl , fuyant l ' atroce odeur de caoutchouc brûle que fleure l ' asphalte parisien , s ' en allait passer quelques semaines à Montuésur - Huisne , où s ' était marié M .Gaudissard , très pratiquement , à une dot avec laquelle il avait acheté une étude .",
                  "id": "11",
                  "title": "Les gens qui s'amusent / Léo Trézenik"
            },
            {
                  "doc_url": "https://gallica.bnf.fr/ark:/12148/bpt6k64235256",
                  "emotions": [
                        "fear"
                  ],
                  "excerpt": "• Résines ( Le travail en grand des ) , soit pour la fonte et l ' épuration de ces matières , soit pour en extraire la térébenthine .- Mauvaise odeur et danger du feu .- 9 fév .",
                  "id": "12",
                  "title": "Manuel de la salubrité, de l'éclairage et de la petite voirie ou Répertoire alphabétique, raisonné et pratique des lois, règlements... : contenant le tarif des droits de grande et de petite voirie / par M. Alphonse Martel,..."
            },
            {
                  "doc_url": "https://gallica.bnf.fr/ark:/12148/bpt6k54077046",
                  "emotions": [
                        "fear",
                        "pain"
                  ],
                  "excerpt": "Jusqu ' au 17 mai , la malade présenta toujours à peu près le même état ; alors elle fût prise de dévoiement : assez considérable , Le 20 , elle nous parut aybir / màïgri notablement .Le 25 , elle était dans l ' état suivant : Face terreuse , amaigrie , hideuse ; odeur fétide , langue humide , point de soif ; sellés très - fréquentes , indolores , involontaires ; - peau - sèche , é ' cailleuse ; poUls normal , oedème moindre , impulsion du coeur toujours développée .( Riz gommé , sirop de coings , six pilules antidiarrhéiques .",
                  "id": "13",
                  "title": "Compte rendu de la clinique de M. Rullier, médecin à l'hôpital de la Charité, professeur agrégé de la Faculté de Paris / par P.-É. Rufz,..."
            },
            {
                  "doc_url": "https://gallica.bnf.fr/ark:/12148/bpt6k64235256",
                  "emotions": [
                        "fear"
                  ],
                  "excerpt": "Soufre ( Fabrication de fleurs de ) .Grand danger du feu et odeur désagréable .— 9 fév .",
                  "id": "14",
                  "title": "Manuel de la salubrité, de l'éclairage et de la petite voirie ou Répertoire alphabétique, raisonné et pratique des lois, règlements... : contenant le tarif des droits de grande et de petite voirie / par M. Alphonse Martel,..."
            },
            {
                  "doc_url": "https://gallica.bnf.fr/ark:/12148/bpt6k64235256",
                  "emotions": [
                        "joy",
                        "fear"
                  ],
                  "excerpt": "Litkarge ( Fabrication de la ) .— Exhalaisons dangereuses .— 44 janv .",
                  "id": "15",
                  "title": "Manuel de la salubrité, de l'éclairage et de la petite voirie ou Répertoire alphabétique, raisonné et pratique des lois, règlements... : contenant le tarif des droits de grande et de petite voirie / par M. Alphonse Martel,..."
            },
            {
                  "doc_url": "https://gallica.bnf.fr/ark:/12148/bpt6k64235256",
                  "emotions": [
                        "fear"
                  ],
                  "excerpt": "Soufre ( Distillation du ) .— Grand danger du feu et odeur désagréable .— 44 janv .",
                  "id": "16",
                  "title": "Manuel de la salubrité, de l'éclairage et de la petite voirie ou Répertoire alphabétique, raisonné et pratique des lois, règlements... : contenant le tarif des droits de grande et de petite voirie / par M. Alphonse Martel,..."
            },
            {
                  "doc_url": "https://gallica.bnf.fr/ark:/12148/bpt6k9616392p",
                  "emotions": [
                        "disgust",
                        "fear",
                        "greed",
                        "pain"
                  ],
                  "excerpt": "Pulvérisé , il a quelque ressemblance avec le sucre en poudre .Sa saveur est acre et nauséabonde ; elle prend à la gorge .Il excite abondamment la sécrétion salivaire et toutes les sécrétions muqueuses ; son odeur est nulle à froid , mais lorsqu ' on le projette sur les charbons ardens avant d ' être arrivé à la chaleur cerise , il se volatilise et donne d ' épaisses vapeurs blanches qui répandent une forte odeur d ' ail ou de phosphore .",
                  "id": "17",
                  "title": "Des poisons considérés sous le rapport de la médecine pratique et de la médecine légale . Par D.-Ph. Mutel,..."
            },
            {
                  "doc_url": "https://gallica.bnf.fr/ark:/12148/bpt6k5696742j",
                  "emotions": [
                        "fear",
                        "nostalgia",
                        "nervousness"
                  ],
                  "excerpt": "— Belle plante vivaci - , haute de 40 a $ 0 centimètres , qui est commune le long dis fossés et des haies .Elle épanouit , en juillet et en aoûr , ses grandes fleurs d ' un blanc rosé et d ' une odeur agréai te , groupées en panicule A l ' extrémité des tiges et des rann aux .De la racine naissent plusieurs tiges , cylindriques er droites , pourvues de feuilles ovales lancéolées .",
                  "id": "18",
                  "title": "Trésor médicinal des familles, ou La santé par les plantes / par J.-A. Durand-Caubet, d'après les manuscrits du docteur Des Guerrois,..."
            },
            {
                  "doc_url": "https://gallica.bnf.fr/ark:/12148/bpt6k887060j",
                  "emotions": [
                        "joy",
                        "disgust",
                        "fear",
                        "excitement"
                  ],
                  "excerpt": "Mais l ’ inflammation des gencives , même sans être bien vive , s ’ accompagne ordinairement d ’ une acidité des liquides de la bouche , qui amène la carie des dents .De plus , elle rend l ’ haleine fétide .Cette inflammation peut être causée par le défaut de soins et la malpropreté , ou par l ’ jgage de certains médicaments , l ’ absorption de certains poisons , comme le plomb , le mercure , mais dans l ’ immense majorité des cas , il provient d ’ une inflammation de l ’ estomac , qui , de cet orgaue , s ’ est étendue jusqu ’ à la cavité buccale , et dont il faut chercher la cause dans une mauvaise hygiène alimentaire : usage ou abus des fruits , des boissons acides , fermentées , des épices , etc .",
                  "id": "19",
                  "title": "L'hygiène moderne, traité de parfumerie raisonnée et d'hygiène pratique, contenant la description, la préparation et les usages des parfums, eaux et poudres de toilette, cosmétiques, savons, pommades, dentifrices, teintures, fards, etc.,... / par le Dr Sylvius,..."
            },
            {
                  "doc_url": "https://gallica.bnf.fr/ark:/12148/bpt6k5402415d",
                  "emotions": [
                        "disgust",
                        "fear",
                        "nervousness"
                  ],
                  "excerpt": "Le nôtre est , grâces au progrès : Vive l ' Anglais et le Français ! FABLE Y1II LE LIS , LA CIGUË ET LA CORIANDRE Ne jugeons pas , si nous ne voulons pas être jugés .La jeune Alphonsine , un matin , Se promenant clans un jardin , D ' une senteur nauséabonde Eut l ' odorat frappé .La Ciguë aussitôt Lui dit , d ' un ' ton tranchant et haut : 12 LIVRE 1 — « Regardez près de vous , c ' est cette plante immonde : » Pour elle , soyez sans pitié , » Arrachez - la sans plus attendre , » Ou du moins foulez - la du pied .",
                  "id": "20",
                  "title": "Nouvelles fables morales et religieuses / par Mme Adèle Caldelar,..."
            }
      ]
}