{
      "articles": [
            {
                  "doc_url": "https://gallica.bnf.fr/ark:/12148/bpt6k6219084f",
                  "emotions": [
                        "fear"
                  ],
                  "excerpt": "( 1a octobre 1810 ; 14 janvier 1815 ) .f UILE de poissons ( fabriques d ' ) ; odeur désagréable et danger du fe ) lre cl .( 14 janvier 1815 ) .",
                  "id": "1",
                  "title": "Traité général de droit administratif appliqué, ou Exposé de la doctrine et de la jurisprudence.... Tome 1 / par M. G. Dufour,..."
            },
            {
                  "doc_url": "https://gallica.bnf.fr/ark:/12148/bpt6k65372767",
                  "emotions": [
                        "fear"
                  ],
                  "excerpt": "TÉRÉBENTHINE ( travail en grand pour l ' extraction de la ) .— Odeur insalubre et danger du feu .TOURBE ( carbonisation de la ) , à vases ouverts .",
                  "id": "2",
                  "title": "Les Établissements industriels et l'hygiène publique / par C. Ladrey,..."
            },
            {
                  "doc_url": "https://gallica.bnf.fr/ark:/12148/bpt6k65401426",
                  "emotions": [
                        "fear"
                  ],
                  "excerpt": "Coecilia , déjà prévenue , avait , pénétré dans le cimetière par une entrée différente ais voisine de la pre ¬ mière .A peine descendue , elle sentit l ' âcre odeur qui s ' exhalait des torches .« – Ce n ' est pas là le parfum de notre encens , assurément , se dit - elle , l ' ennemi est déjà à l ' intérieur .",
                  "id": "3",
                  "title": "Fabiola, ou L'Église des catacombes / par Son Éminence le cardinal Wiseman,... ; traduit de l'anglais par E.-L. Rodrigue"
            },
            {
                  "doc_url": "https://gallica.bnf.fr/ark:/12148/bpt6k11769914",
                  "emotions": [
                        "disgust",
                        "fear",
                        "envy",
                        "embarrassment"
                  ],
                  "excerpt": "— Ne dis rien , souffla - t - elle très bas , M ’ Gerbi dort , là auprès .Il voulut se lever , la repousser ; mais , déjà les lèvres fraîches de la jeune femme pressaient les siennes , son corps souple l ’ enlaçait , il sentait sa peau frissonner , parfumée des senteurs violentes dont les femmes arabes se couvrent , i II faiblit , il la serra dans ses bras , i Alors , comme il allait la poser sur le lit , elle murmura avec son sourire d ’ enfant vicieux : — Ne fais pas de bruit ! M ’ Gerbi me tuerait .Lucien s ’ arrêta .",
                  "id": "4",
                  "title": "Le Phare littéraire : petite revue bimensuelle"
            },
            {
                  "doc_url": "https://gallica.bnf.fr/ark:/12148/bpt6k65372767",
                  "emotions": [
                        "fear"
                  ],
                  "excerpt": "VISIÈRES ( fabriques de ) et feutres vernis .— Odeurs désagréables , crainte d ' incendie .VOIRIES et dépôts de boue et de toute autre sorte d ' immondices .",
                  "id": "5",
                  "title": "Les Établissements industriels et l'hygiène publique / par C. Ladrey,..."
            },
            {
                  "doc_url": "https://gallica.bnf.fr/ark:/12148/bpt6k65372767",
                  "emotions": [
                        "fear"
                  ],
                  "excerpt": "TOILES PEINTES ( ateliers de ) .— Mauvaise odeur et danger du feu .TRÉFILERIES — Bruit , danger du feu .",
                  "id": "6",
                  "title": "Les Établissements industriels et l'hygiène publique / par C. Ladrey,..."
            },
            {
                  "doc_url": "https://gallica.bnf.fr/ark:/12148/bpt6k5711116g",
                  "emotions": [
                        "disgust",
                        "fear"
                  ],
                  "excerpt": "Trég .c ' houéz _ eur voeltr - , horrible odeur , et aussi c ' houèz _ eur voegnq , de * voent , cf .ig \" q ils sont , etc .",
                  "id": "7",
                  "title": "Études grammaticales sur les langues celtiques / par H. d'Arbois de Jubainville,... et par Émile Ernault,..."
            },
            {
                  "doc_url": "https://gallica.bnf.fr/ark:/12148/bpt6k9604688x",
                  "emotions": [
                        "disgust",
                        "fear"
                  ],
                  "excerpt": "Il se meut lentement dans les caves et dans les tas d ' ordures d ' où il ne sort que la nuit pour chercher sa nourriture .Il exhale une odeur désagéable et très - forte , et se tient caché pendant le jour sous des pierres ou dans des trous obscurs .Le blaps lisse , entièrement noir et luisant , a jusqu ' à quatre centimètres de longueur le blaps mucroné , qui lui ressemble , mais plus petit , se trouve dans les champs , dans les jardins , dans les maisons , les tas d ' ordures ef dans tous les endroits humides et malpropres .",
                  "id": "8",
                  "title": "Harmonies de la nature ou Recherches philosophiques sur le principe de la vie. Tome 1 / par J.-A. Agnès,..."
            },
            {
                  "doc_url": "https://gallica.bnf.fr/ark:/12148/bpt6k63598493",
                  "emotions": [
                        "fear",
                        "nervousness"
                  ],
                  "excerpt": "Les personnes qui ont déjà eu des fièvres intermittentes sont également bien plus aptes à subir l ' influence de la malaria .Action des effluves marécageux sur l ' homme .— Cette action est complexe et assez difficile à analyser ; nous adopterons , toutefois , l ' opinion qui consiste à admettre que l ' action des marécages détermine des endémies et des épidémies .",
                  "id": "9",
                  "title": "Traité élémentaire d'hygiène privée et publique (5e édition avec additions et bibliographie) / par A. Becquerel,..."
            },
            {
                  "doc_url": "https://gallica.bnf.fr/ark:/12148/bpt6k405614w",
                  "emotions": [
                        "fear",
                        "nervousness"
                  ],
                  "excerpt": "Golo , prends garde à ma chienne , Tu lui fais mal ; Prends garde qu ' elle t ' apprenne Un air de bal Sans exciter ma colère , Sans atteindre à mon mépris , Prends garde en ton atmosphère De respirer mes lazzis Et de voir à ta poursuite , Comme un vieux rat mis en fuite , Tous les gamins de Paris .Golo , prends garde à ma chienne , Tu lui fais mal ; Prends garde qu ' elle t ' apprenne Un air de bal ! Prends garde que sous ta porte , N ' arrive certain papier , D ' où monte une odeur moins forte Que celle de ton soulier Que , par derrière , on t ' attache Un chat mort , et qu ' on te lâche Tous les pétards du quartier .Golo , prends garde à ma chienne , Tu lui fais mal Prends garde qu ' elle t ' apprenne Un air de bal ! Ta méchanceté me peine , Tu m ' oses persécuter , Tu ne fais qu ' enfler ma veine , Et m ' animer à chanter .",
                  "id": "10",
                  "title": "Muse populaire : chants et poésies,... (Cinquième édition augmentée de 70 chants nouveaux)"
            },
            {
                  "doc_url": "https://gallica.bnf.fr/ark:/12148/bpt6k65372767",
                  "emotions": [
                        "disgust",
                        "fear"
                  ],
                  "excerpt": "HUILE ROUSSE ( fabriques d ' ) extraite des cretons et débris de graisse à une haute température .— Odeur très désagréable et danger d ' incendie .LITHARGE ( fabrication de la ) .",
                  "id": "11",
                  "title": "Les Établissements industriels et l'hygiène publique / par C. Ladrey,..."
            },
            {
                  "doc_url": "https://gallica.bnf.fr/ark:/12148/bpt6k5805554r",
                  "emotions": [
                        "fear",
                        "disapproval",
                        "doubt"
                  ],
                  "excerpt": "excessivement mo .u , dont l ' odeur , plus que suspecte , [ payait \" rien que de .trèsrdésagréable .",
                  "id": "12",
                  "title": "La Conscience de Monsieur Coco, par F.-X. Trébois"
            },
            {
                  "doc_url": "https://gallica.bnf.fr/ark:/12148/bpt6k64644362",
                  "emotions": [
                        "fear",
                        "nervousness"
                  ],
                  "excerpt": "Un matin , je la rencontre dans la rue .Elle s ' approche fort près de moi , me parle sous le nez comme font les ivrognes , et je sens que son haleine est déjà fortement alcoolisée .Pourtant elle me dit qu ' elle est à jeun , et me prie de lui donner la charité pour aller prendre quelque chose .",
                  "id": "13",
                  "title": "De l'Abus des boissons alcooliques, dangers et inconvénients pour les individus, la famille et la société, moyens de modérer les ravages de l'ivrognerie, par L.-F.-E. Bergeret,..."
            },
            {
                  "doc_url": "https://gallica.bnf.fr/ark:/12148/bpt6k58321793",
                  "emotions": [
                        "fear",
                        "pain"
                  ],
                  "excerpt": "La malade étant vierge et l ' orifice vaginalK ? II extensible , on fait un débrîdement de la vulve à droite .On voit alors une énorme masse noirâtre , fétide , emplissant fout le vagin .Avec des pinces , ou la saisit comme on peut , car elle se déchire : ou la morcelle el on finit par l ' enlever jusqu ' au niveau du pédicule , fie pédicule remonte manifestement jusqu ' au fond de l ' utérus ; le coi a été énormément distendu par le polype : on arrive assez aisément à sentir au doigt fiusertioii du pédicule el à le sectionner aux ciseaux .",
                  "id": "14",
                  "title": "Dangers résultant du traitement électrique des tumeurs fibreuses de l'utérus, gangrène et infection / par Henri Galina,..."
            },
            {
                  "doc_url": "https://gallica.bnf.fr/ark:/12148/bpt6k96081856",
                  "emotions": [
                        "fear",
                        "doubt"
                  ],
                  "excerpt": "19 G > frJill .fois des vapeurs meurtrières jeter dans l ' asphixie les hommes or les animaux qui étoient à portée de les rcspirer Le gaz méphitique est donc bien dangereux ? si dangereux que lorsqu ' un homme en est la victime , tous ceux lui y sont exposes , ou qui vont à leur secours , éprouvent le meme malheur ; afin de le mettre en évidence , je n ' ai besoin que d ' ouvrir les ouvrages de l ' Académie , de la Société de Médecine & < de M .Cadet .",
                  "id": "15",
                  "title": "Lettre à messieurs les commissaires de l'Académie royale des sciences & de la Société royale de médecine de Paris . Par M. Janin de Combe-Blanche. Dans laquelle on prouve qu'un homme s'est noyé dans la fosse de l'hôtel de la Grenade ; & que le méphitisme n'a eu aucune part à cet événement"
            },
            {
                  "doc_url": "https://gallica.bnf.fr/ark:/12148/bpt6k6207557c",
                  "emotions": [
                        "disgust",
                        "fear"
                  ],
                  "excerpt": "ù ' Un nègre , qui vit Léon examiner avec attention les s instruments de musique , saisit la lyre , passa Sl11 les cordes une pierre , espèce d ' archet primitif , lira quelques sons peu harmonieux ; ce qui ne l ' empêcha pas de réclamer un baghchich pour prix de l ' , \" \" bade qu ' il avait donnée au voyageur .Une insupportable odeur de beurre fondu , que le vent apporta dans la cabine , en fit sortir Léon ; il se réf \" \" ia sur la dunette , où le reïs se tenait accroupi devant une gamelle en bois contenant une épaisse patée de ' d morceaux de viande pâtée de mais surmontée de morceaux de viande ° uillie .« Viens , dit Omar au Français , prendre place à côté de moi , tu mangeras de cet agneau que tu as 11 égorger ce matin en invoquant le nom de Dieu par la formule bismillah ( au nom de Dieu ) conformément aux prescriptions du Koran .",
                  "id": "16",
                  "title": "Une aventure sur la mer Rouge / par Louis Deville ; illustrations de C. Rudhart"
            },
            {
                  "doc_url": "https://gallica.bnf.fr/ark:/12148/bpt6k406248g",
                  "emotions": [
                        "fear",
                        "desire",
                        "excitement",
                        "greed"
                  ],
                  "excerpt": "Les bijoux singuliers de fine main indienne s ' étalent là aux désirs de la femme , tentation et prix du plaisir .Autre séduction , la furie végétale des savanes mordantes et brûlantes qu ' on cherche tant , les parfums exaltés d ' herbes et de fleurs terribles que l ' on n ' a pas nommés encore .La nuit est merveilleuse , profonde , et de repos suave , après les violences .",
                  "id": "17",
                  "title": "Oeuvres complètes de J. Michelet. T. 33"
            },
            {
                  "doc_url": "https://gallica.bnf.fr/ark:/12148/bpt6k9604688x",
                  "emotions": [
                        "fear"
                  ],
                  "excerpt": "J ' y ajoute la laideur de l ' expression physionomique , des instincts de nocivité , des qualités dangeureuses ou suspectes et je retrouve toutes ces analogies dans la matière informante .Localité malsaine , dangereuse , féconde en miasmes délétères portant avec eux la mort .Ce n ' est ni dans les livres ni dans les cabinets des naturalistes qu ' il faut étudier la relation de lo - : calité , c ' est dans la nature .",
                  "id": "18",
                  "title": "Harmonies de la nature ou Recherches philosophiques sur le principe de la vie. Tome 1 / par J.-A. Agnès,..."
            },
            {
                  "doc_url": "https://gallica.bnf.fr/ark:/12148/bpt6k65372767",
                  "emotions": [
                        "fear"
                  ],
                  "excerpt": "TÔLE VERNIE .— Mauvaise odeur et danger du feu .TOURBE ( carbonisation de la ) en vases clos .",
                  "id": "19",
                  "title": "Les Établissements industriels et l'hygiène publique / par C. Ladrey,..."
            },
            {
                  "doc_url": "https://gallica.bnf.fr/ark:/12148/bpt6k6219084f",
                  "emotions": [
                        "anger",
                        "fear",
                        "annoyance"
                  ],
                  "excerpt": "( 14 janvrier 1851 ) .FEUTRES et visières vernis ( fabriques de ) ; odeur désagréable , crainte d ' incendie , Ire el .( 5 novembre 1826 ) .",
                  "id": "20",
                  "title": "Traité général de droit administratif appliqué, ou Exposé de la doctrine et de la jurisprudence.... Tome 1 / par M. G. Dufour,..."
            }
      ]
}