{
      "articles": [
            {
                  "doc_url": "https://gallica.bnf.fr/ark:/12148/bpt6k4224463z",
                  "emotions": [
                        "fear"
                  ],
                  "excerpt": "1 Cet insecte s ’ attaque aux jeunes feuilles et coupe le pivot des petites > plantes ; quelquefois les ravages sont si considérables qu ’ il faut réensemencer à nouveau .Le silphe noir est un coléoptère redoutable ; il mesure 0 m , 012 de longueur et 0 m , 006 de largeur ; quand , on veut le saisir , il répand par la bouche un liquido de mauvaise odeur .C ’ est \\ encore sa larve qui mange les jeunes , , feuilles jusqu ’ à la nervure centrale .",
                  "id": "1",
                  "title": "Dictionnaire-manuel-illustré d'agriculture... / par Daniel Zolla,... ; Avec la collaboration de MM. J. Tribondeau,... Charvet,... Ch. Julien,... Carré,..."
            },
            {
                  "doc_url": "https://gallica.bnf.fr/ark:/12148/bpt6k5506906n",
                  "emotions": [
                        "disgust",
                        "anger",
                        "fear",
                        "annoyance",
                        "disapproval",
                        "pain"
                  ],
                  "excerpt": "Un est leur terme habituel .On m ' en veut , on m ' insulte , on me fait dos misères , on m ' électrise , on m ' empoisonne , on me viole , on me jette de mauvaises odeurs , disent - ils .Puis , les uns plus rapidement , les autres plus lentement , ils choisissent danslcurviepassée , dans leurs occupalions habituelles , dans leur mode d ' existence , une particularité quelconque , qui attire leur esprit sur tel ou tel groupe d ' individus , ou même sur un seul individu .",
                  "id": "2",
                  "title": "Manuel pratique de médecine mentale (2e édition entièrement revue et corrigée) / par le Dr E. Régis,... ; avec une préface par M. Benjamin Ball,..."
            },
            {
                  "doc_url": "https://gallica.bnf.fr/ark:/12148/bpt6k6562637s",
                  "emotions": [
                        "disgust",
                        "fear"
                  ],
                  "excerpt": "Dans l ' air lourd .flottait cette odeur écœurante des lieux humides et clos .— Ouvre .",
                  "id": "3",
                  "title": "L'appel du pays (2e édition) / J.-B. Natali"
            },
            {
                  "doc_url": "https://gallica.bnf.fr/ark:/12148/bpt6k8804363",
                  "emotions": [
                        "disgust",
                        "fear",
                        "pain"
                  ],
                  "excerpt": "Examen bactériologique , les premiers jours de son entrée : 1 ° Sur la lamelle une préparation des crachats montre une grande quantité de microbes surtout pneumocoques et quelques rares streptocoques ; 2 ° Culture sur bouillon .Elle sent mauvais , une odeur analogue à celle des crachats .Au microscope on voit très abondamment et presque exclusivement de coli - bacilles sous forme do bâtonnets courts et gros , facilement colorables par le violet de gentiane .",
                  "id": "4",
                  "title": "Contribution à l'étude de la fétidité dans les maladies de l'appareil respiratoire, par le Dr Démétre J. Noïca,..."
            },
            {
                  "doc_url": "https://gallica.bnf.fr/ark:/12148/bpt6k5462474x",
                  "emotions": [
                        "disgust",
                        "fear",
                        "annoyance",
                        "disapproval",
                        "pain"
                  ],
                  "excerpt": "On est leur terme habituel .On m ' en veut , on m ' insulte , on me fait des misères , on m ' électrise , on m ' empoisonne , on me viole , on me jette de mauvaises odeurs , disent - ils .Puis , les uns plus rapidement , les autres plus lentement , ils choisissent dans leur vie passée , dans .",
                  "id": "5",
                  "title": "Manuel pratique de médecine mentale / par le Dr E. Régis,... ; avec une préface par M. Benjamin Ball,..."
            },
            {
                  "doc_url": "https://gallica.bnf.fr/ark:/12148/bpt6k937275d",
                  "emotions": [
                        "surprise",
                        "fear",
                        "nervousness",
                        "pain"
                  ],
                  "excerpt": "Au contraire , dans l ’ obscurité de la nuit , à l ’ endroit où se trouvait la maison hospitalière , il lui sembla voir un trou large et profond ! Ni porte ni fenêtres ! Il crut que c ’ étaient les larmes qui l ’ aveuglaient , il les essuya avec le poing , et , doublant le pas , il eut vite fait de traverser la petite place .Mais il s ’ arrêta tout à coup : une odeur forte de suie et de linge brûlé lui serra la gorge , ses jambes fléchirent , il se retint à la muraille délabrée pour ne pas trébucher .Hélas ! la maison de Vauclair avait été incendiée , il n ’ en restait que les quatre murs noircis , avec quelques poutres des planchers et la carcasse de la toiture à demi calcinée , et l ’ on voyait les étoiles à travers ! .",
                  "id": "6",
                  "title": "Les Rouges du midi / Félix Gras"
            },
            {
                  "doc_url": "https://gallica.bnf.fr/ark:/12148/bpt6k97390783",
                  "emotions": [
                        "surprise",
                        "fear",
                        "love",
                        "nervousness"
                  ],
                  "excerpt": "Zéphire vient , sourit , voltige Autour de cette aimable fleur » Elle s ' anime , & sur sa tige Elle a repris plus de vigueur .Du Zéphir l ' haleine craintive , Dispose son cœur à s ' ouvrir , Et déja la tendre captive Sent qu ' elle va s ' épanouir .Mais , hélas ! d ' un pas trop rapide Le Soleil achève son tour , Et va dans l ' élément liquide Eteindre le flambeau du jour : Sur sa tige la fleur penchée , Loin de lui perd tous ses attraits ; Et bientôt pâle & desséchée , S ' éclipse à nos yeux pour jamais .",
                  "id": "7",
                  "title": "Le petit chansonnier françois, ou Choix des meilleures chansons sur des airs connus. Tome 3"
            },
            {
                  "doc_url": "https://gallica.bnf.fr/ark:/12148/bpt6k3078939z",
                  "emotions": [
                        "disgust",
                        "fear"
                  ],
                  "excerpt": ".ld Id ld ld Odeur Id Odeur , danger d ' incendie Id Fumée , émanations nuisibles .Odeur ld ld ld ld Id Odeur , danger d ' incendie Id ld Odeur , alteration des eaux .",
                  "id": "8",
                  "title": "Nouveaux éléments d'hygiène (2e édition) / par Jules Arnould,..."
            },
            {
                  "doc_url": "https://gallica.bnf.fr/ark:/12148/bpt6k5806590x",
                  "emotions": [
                        "fear",
                        "nervousness"
                  ],
                  "excerpt": "Le 17 juin , à dix heures du soir , elle prit un violent frisson avec claquements de dents , qui dura une demi - heure et fut suivi d ' une réaction très - vive , la chaleur fut très - pénible et la sueur dura toute la nuit .Le 18 , au matin , le faciès exprime de l ' inquiétude , la respiration est haletante , bien qu ' on ne trouve aucun trouble local de la poitrine .L ' enfant était mort depuis le milieu de la journée .",
                  "id": "9",
                  "title": "Du frisson dans l'état puerpuéral / par le Dr Élisée Français,..."
            },
            {
                  "doc_url": "https://gallica.bnf.fr/ark:/12148/bpt6k2066544",
                  "emotions": [
                        "surprise",
                        "fear"
                  ],
                  "excerpt": "Deux chiens pelés , à l ' échiné rigide , au poil hérisse , ' détachaient devant nous , sur un lambeau de ciel lavé , leur silhouette noire , étrange , de bêtes de cauchemar .Un souffle passait , soulevant des odeurs moites et des puanteurs tièdes d ' ordures .La vieille nous avait rejoints ; habituée à ces descentes de police , elle projetait complaisamment la lueur de sa lanterne ~ c sur les entassements humains qui remplissaient la cour .",
                  "id": "10",
                  "title": "Voyage au pays des Tziganes (la Hongrie inconnue) / par Victor Tissot"
            },
            {
                  "doc_url": "https://gallica.bnf.fr/ark:/12148/bpt6k3078939z",
                  "emotions": [
                        "fear"
                  ],
                  "excerpt": ".Odeur Poussière et danger d ’ incendie .Danger d ’ incendie Odeur .",
                  "id": "11",
                  "title": "Nouveaux éléments d'hygiène (2e édition) / par Jules Arnould,..."
            },
            {
                  "doc_url": "https://gallica.bnf.fr/ark:/12148/bpt6k12546040",
                  "emotions": [
                        "fear",
                        "nervousness",
                        "pain"
                  ],
                  "excerpt": "Sous d ' antiques cyprès découpés en arcades , je te vois , accueillante à d ' heureux lendemains , m ' offrir du geste inimitable de tes mains , de beaux œillets de pourpre et de fraîches grenades .Parfois , venu du large et de la haute mer , l ' âcre parfum du sel et des brises marines venait obstinément mourir à tes narines et faire tressaillir toute entière ta chair .Et souvent tes désirs ont suivi , j ' imagine , quand tes doigts effeuillaient des pétales sur l ' eau , le sillage profond de quelque blanc vaisseau , vers les pays heureux .",
                  "id": "12",
                  "title": "La Revue naturiste"
            },
            {
                  "doc_url": "https://gallica.bnf.fr/ark:/12148/bpt6k6562637s",
                  "emotions": [
                        "disgust",
                        "fear"
                  ],
                  "excerpt": "Le nuage de i poussière vient vers vous .Maintenant , il vous enveloppe , tandis qu ' une puissante odeur de bouc vous étreint la gorge .Les poules se sauvent , avec des gloussements éperdus .",
                  "id": "13",
                  "title": "L'appel du pays (2e édition) / J.-B. Natali"
            },
            {
                  "doc_url": "https://gallica.bnf.fr/ark:/12148/bpt6k77263j",
                  "emotions": [
                        "disgust",
                        "fear"
                  ],
                  "excerpt": "Ingérée dans l ' estomac à dose étevée ou toxique , elle produit l ' ensemble des symptômes que nous décrirons dans l ' article consacré à son alcaloide ( Voy .CtCUTtfE ) et qui en font un poison stupéfiant .L ' usage longtemps continué de la Ciguë amène la sécheresse de la gorge , de la céphalalgie , des coliques , du tremblement général , et parfois une éruption cutanée .",
                  "id": "14",
                  "title": "Commentaires thérapeutiques du \"Codex medicamentarius\" ou Histoire de l'action physiologique et des effets thérapeutiques des médicaments : inscrits dans la \"Pharmacopée française\" (3e édition) / par Adolphe Gubler,..."
            },
            {
                  "doc_url": "https://gallica.bnf.fr/ark:/12148/bpt6k6105431x",
                  "emotions": [
                        "grief",
                        "disgust",
                        "fear"
                  ],
                  "excerpt": ".Fuiiez de la moindre mégère Lès funestes exhalaisons , Et la vénimeus ' athmosphère De l ' engenc ' ou race vipère Dardant ses dangereux tisons .; » Dans vos désfrs impatiens ' , • Fils d ' une verve moribonde , j Esquivez lès écueils bruiîans , - ComiKe IèSTOchérs aboiîânsj Au tour desquels l ' orage gronde .",
                  "id": "15",
                  "title": "Fables languedociennes"
            },
            {
                  "doc_url": "https://gallica.bnf.fr/ark:/12148/bpt6k371336s",
                  "emotions": [
                        "fear"
                  ],
                  "excerpt": "Au centre de la grande voie circulaient les équipages de maîtres , ceux des seigneurs de la Morskoy ou les voitures armoriées du palais , avec le grand laquais rouge qui se tient accroché aux cordons de l ' arrière .Le soir vint , un vent violent commença à souffler , éteignant ici , une aile de feu de l ' aigle impériale , là , les chiffres du tzar et de la tzarine ; les drapeaux battus par le vent se déchiraient , les lampions placés sur les bords du trottoir répandaient une odeur pénétrante d ' huile de poisson .Sur les diverses places , les musiques des régiments vinrent se poster pour égayer la foule par ses plus gais morceaux .",
                  "id": "16",
                  "title": "A travers les Russies, par A. Meylan"
            },
            {
                  "doc_url": "https://gallica.bnf.fr/ark:/12148/bpt6k80417f",
                  "emotions": [
                        "surprise",
                        "disgust",
                        "fear",
                        "nervousness",
                        "embarrassment"
                  ],
                  "excerpt": "J ' avais été invité à dîner chez une cousine de ma mère , riche , qui menait grand train .La vue de l ' hôtel , les valets de pied dans le vestibule , les lumières , les tapis , le parfum lourd des fleurs étouffées , tout cela me fit peur et je m ' enfuis , bousculant dans l ' escalier une femme en manteau rouge , qui montait et se prit à rire de ma mine effarée .La gaîté bruyante de ces jeunes gens mes camarades d ' école , que je rencontrais au cours , au restaurant , dans les cafés , me déplut aussi la grossièreté de leurs plaisirs me blessa , et les femmes , avec leurs yeux bistrés , leurs lèvres trop peintes , avec le cynisme et le débraillé de leurs propos et de leur tenue , ne me tentèrent point .",
                  "id": "17",
                  "title": "Le calvaire (7e édition) / par Octave Mirbeau"
            },
            {
                  "doc_url": "https://gallica.bnf.fr/ark:/12148/bpt6k9616664d",
                  "emotions": [
                        "anger",
                        "fear"
                  ],
                  "excerpt": "Dès ce moment , il ne le quitta plus , et , grâce à ce dévouement , la famille entière put encore aller en maraude à la suite de son chef naturel .Dès que le vieux routier soupçonnait un danger , car s ' il ' était aveugle il avait l ' ouïe et l ' odorat fort bons , il poussait un petit cri , la famille détalait au plus vite , puis son guide le prenait par l ' oreille et le dirigeait vers son trou .Que faisait de plus Antigone , tant célébrée dans l ' antiquité ? Et cependant nous ne connaissons l ' histoire touchante de ce héros des rats que par un officier de marine qui , dans le silence et l ' immobilité , l ' observait de dessus son hamac .",
                  "id": "18",
                  "title": "Curiosités d'histoire naturelle et astronomie amusante : réalités fantastiques,voyages dans les planètes, etc. / M. Boitard,..."
            },
            {
                  "doc_url": "https://gallica.bnf.fr/ark:/12148/bpt6k3078939z",
                  "emotions": [
                        "fear"
                  ],
                  "excerpt": ".lre Odeur et fumée t re Emanations nuisibles , danger d ’ incendie • ..",
                  "id": "19",
                  "title": "Nouveaux éléments d'hygiène (2e édition) / par Jules Arnould,..."
            },
            {
                  "doc_url": "https://gallica.bnf.fr/ark:/12148/bpt6k165476x",
                  "emotions": [
                        "fear"
                  ],
                  "excerpt": "Sans doute bon nombre l ' attribuaient à la riflerie ( tannerie ) qui est à cent mètres de là et dont les émanations portaient souvent fort loin pendant l ' été et les temps orageux , mais maintenant il n ' y a plus à en douter , le mystère est éclairci .L ' atroce émanation venait de cadavres qui se décomposaient .N ' a - t - on pas vu aussi des épines déposées sur la vieille carrière ? Pourquoi , si ce n ' est pour empêcher les chiens , les hommes peut - être de fouiller la terre et d ' y mettre à jour les cadavres ? Sans doute les épines ont pourri sur place et n ' ont pas été renouvelées , mais n ' est - ce point que les Arnould s ' étaient endurcis dans le crime et se croyaient sûrs de l ' impunité .",
                  "id": "20",
                  "title": "Les crimes des \"cardinaux\" (Vittel-1804) / Louis Sadoul ; préface de Me Henri-Robert,..."
            }
      ]
}