{
      "articles": [
            {
                  "doc_url": "https://gallica.bnf.fr/ark:/12148/bpt6k1149747",
                  "emotions": [
                        "grief",
                        "disgust",
                        "fear",
                        "pain"
                  ],
                  "excerpt": "& chacun de ses sabords , autrefois noblement garnie de canons on apercevait encore fax fer , mais du fer tordu en barreaux de cachot et , lorsqu ' à travers ces sombres grilles apparaissaient des figures hâves et livides , sur lesquelles les langueurs de la captivité avaient empreint leurs douloureuses traces , vous pouviez vous écrier en voyant ce bâtiment de guerre décrépit ces grilles hideuses et ces spectres vivans Honneur et l ' humanité du gouvernement anglais voilà un ponton Il Au - dessus des ponts et des gaillards de ces grands navires de rebut ; on avait élevé des toitures en planches ) destinées à servir d ' abri aux malheureux qui venaient demander au jour un peu de fraîcheur et de clarté , après avoir épuisé toutes leurs .forces à respirer , , pendant la nuit l ' air fétide qui s ' exhalait de la cale et des batteries de ces cloaques pestilentiels .Un commandant et quelques officiers de marine pour la plupart retraitée coinposaient l ' état - major de ces navires de servitude un petit nombre de matelots formaient leur équipage , et étaient particulièrement destinés à armer les embarcations toujours disposées donner la .",
                  "id": "1",
                  "title": "Cric-Crac : roman maritime. T. 2 / par Édouard Corbière"
            },
            {
                  "doc_url": "https://gallica.bnf.fr/ark:/12148/bpt6k76968z",
                  "emotions": [
                        "surprise",
                        "disgust",
                        "fear",
                        "pain"
                  ],
                  "excerpt": "O .Un mari et sa femme suffoquent dans la nuit ; une odeur épouvantable cet répandue dans tout l ' appartement ; ils avaient entendu quelque tcmpa auparavant un bruit sottfd , auquel ils n ' avaient pas Mtgrandë attcnf ! on , d ' uMcnt ' s : La fosse avaH fait exptoston , les gaz s ' éta ! ent répandus dans toute la maison .Ces deux personnes suffoquaient , au point qu ' elles n ' ont pas pu se vêtir ; eUes n ' ont pu qu ' h grand ' peine trouver et ouvrir la porte de la rue .",
                  "id": "2",
                  "title": "Les explosifs et les explosions au point de vue médico-légal / par P. Brouardel,..."
            },
            {
                  "doc_url": "https://gallica.bnf.fr/ark:/12148/bpt6k4220871n",
                  "emotions": [
                        "fear",
                        "nervousness"
                  ],
                  "excerpt": "' 79 vidité des ongles , des lèvres , des paupières et du nez , l ’ opisthotonos , les spasmescloniques , le ris sardonique , l ’ hydrophobie , la sternutation fréquente , sans qu ’ aucune cause l ’ excite , les yeux sordides , contournés , à demi - fermés , rétractés , lacrimoyans , obscurcis , immobiles , élevés , languissans , insensibles , l ’ aphonie , la disphagie , enfin les insomnies , les agitations du corps .Le médecin n ’ a pas moins sujet d ’ être inquiet relativement aux sueurs froides , fétides et glulineuses , qui sortent à contre - tems des différentes parties du corps ; savoir , de la tête , du cou ou de la poitrine ; à l ’ urine qui est aqueuse , blanche , verdâtre , noire , avec un sédiment fuligineux ; à celle qui est rousse , fétide , trouble , colorée , et cependant insipide , écumeuse .On doit également redouter les hémorragies qui seraient plus grandes ou moindres que la circonstance ne le comporte ; les diarrhées immodérées , aqueuses , qui n ’ apportent aucun soulagement ; celles dont les matières sont noires , teintes de sang .",
                  "id": "3",
                  "title": "Pyrétologie médicale, ou Exposé méthodique du plus grand nombre des fièvres continues, rémittentes et intermittentes ; comprenant leurs descriptions exactes, leurs solutions, leurs causes... traduit du latin par l'auteur. Ph. Petit-Radel,..."
            },
            {
                  "doc_url": "https://gallica.bnf.fr/ark:/12148/bpt6k372356r",
                  "emotions": [
                        "disgust",
                        "fear",
                        "disapproval"
                  ],
                  "excerpt": "Et il fallait s ' attendre aussi à voir périr les enfants en grand nombre , si l ' on se trouvait contraint de réduire autant leur alimentation .L ' odeur inspirait à cette dame une insurmontable horreur .Je la rencontrai plusieurs fois après notre conversation , et elle me dit qu ' elle en était obsédée .",
                  "id": "4",
                  "title": "La Détresse allemande. Traduit de l'anglais. Préface d'Ernest Lavisse / G. A. Schreiner"
            },
            {
                  "doc_url": "https://gallica.bnf.fr/ark:/12148/bpt6k9741001b",
                  "emotions": [
                        "grief",
                        "fear",
                        "despair"
                  ],
                  "excerpt": "» Nous avons va dans le même temps une infinité d & malades devenus un objet d ' horreur et d ' effroi pour les personnes même à qui la nature devait inspirer pour eux les sentiments les plus tendres et les plus respectueux , abandonnés de tout ce qu ' ils avaient de plus proche , jetés .inhumainement hors de leurs propres maisons , placés r sans aucun secours , dans les rues , parmi les morts dont la vue et la puanteur étaient insupportables .Combien de fais , dans notre très amère douleur , avons - nous vu ces moribonds tendre vers nous leurs mains tremblantes , pour BOUS témoigner leur joie de nous revoir encore une fois avant de mourir , et nous demander ensuite avec larmes et dans tous les sentiments que la foi , la pénitence et la résignation la plus parfaite peuvent inspirer , notre bénédiction et l ' absolutiQn de leurs péchés ! Combien de fois aussi n ' avons - nous pas eu le sensible regret d ' en voir expirer presque sous nos yeux , faute de secours ! » Nous avons vu les maris traîner eux - mêmes hors de leurs maisons et dans les rues , les corps de leurs femmes ; les femmes , ceux de leurs maris ; les pères , ceux de leurs enfants ; et les enfants , ceux de leurs pères , témoignant bien plus d ' horreur pour eux que de regret de les avoir perdus .",
                  "id": "5",
                  "title": "Belzunce, ou La peste de Marseille , poëme suivi d'autres poésies, par Ch. Millevoye,..."
            },
            {
                  "doc_url": "https://gallica.bnf.fr/ark:/12148/bpt6k6441975d",
                  "emotions": [
                        "fear"
                  ],
                  "excerpt": "A la nuit , on débarquait des voitures , couverts de poussière , à La Fontaine - aux - Viviers , au nord de l ' Aisne et en arrière du plateau de Craonne .On respire déjà la bataille toute proche , l ' odeur âcre d ' obus tout récemment tombés vous prend à la gorge ; les trous , d ' ailleurs , sont nombreux aux abords de la route , dont les arbres hachés se silhouettent sinistreftient dans le clair de lune .Nos camions , arrêtés en file indienne , viennent de décharger leur cargaison d ' hommes ; d ' autres soldats sont là , dans un pré voisin , qui doivent reprendre nos voitures , silencieux , mais impatients d ' échapper tout de bon et de toute la vitesse des moteurs à la pesante réalité qui les menace encore .",
                  "id": "6",
                  "title": "Historique du 12e bataillon de chasseurs alpins depuis sa création, en 1853, jusqu'à 1920"
            },
            {
                  "doc_url": "https://gallica.bnf.fr/ark:/12148/bpt6k2069398",
                  "emotions": [
                        "disgust",
                        "fear",
                        "despair",
                        "pain"
                  ],
                  "excerpt": "J ' interrogeai mon guide Cette odeur exaspérée de sueur humaine , qu ' est - ce ? Je ne la sens plus , mais ce doit être de l ' ammoniaque .Une senteur sourde , entêtante , empoisonnée , mortelle , me fit battre les tempes Leg pyridines , les pyridines , disait le chimiste .Ce joli mot chantait dans ma cervelle feutrée par un indicible malaise , quand soudain , au détour d ' un hangar , une suavité me monta aux narines .",
                  "id": "7",
                  "title": "En Allemagne. Rhin et Westphalie : prospérité, les villes, les ports, usiniers et philanthropes, les grands syndicats patronaux,... / Jules Huret"
            },
            {
                  "doc_url": "https://gallica.bnf.fr/ark:/12148/bpt6k56901090",
                  "emotions": [
                        "grief",
                        "anger",
                        "fear",
                        "courage",
                        "doubt",
                        "pain"
                  ],
                  "excerpt": "tu pas Gronder une voix caverneuse Et le sol trembler sous tes pan ? Ne vois - t .i pas dans les ténèbres , Tout Olinielaiis de cottriuiK ' Flamboyer les regards funèbres Du volcan , ton affreux épous ? Debout sur son immense goulire , Comme un géant de flamme , il sort Agitant ses ailes de soufre Et levant ses deux bras de mort , Il penche sa gueule enflammée , Son corps roiige comme du sang , Et sur la couche parfumée Se précipite en rugissant .Ah ! pauviu Pompéi , tu crics , Tu luttes , tu pleures » tu pries , Et comme un serpent te replies Dans les bras de feu du géant ; — 105 — Mais luis ' acharnantsur sa proie , Et hurlant comme un tigre en joie , Il la mord , la brise , la broie , Tout couché sur elle , et béant ! Comme une mer ses flammes boulent , Les palais , les portiques roulent , Et les colonnades s ' écroulent Avec de sourds inUgissemens ; Et sous les feux qui les effleurent , Ainsi que des entons qui meurent , Les marbres gémissent et pleurent Dans ses affreux emhrassemens .",
                  "id": "8",
                  "title": "Morts bizarres : poèmes dramatiques ; suivis de Poésies / par Ernest Le Gouvé"
            },
            {
                  "doc_url": "https://gallica.bnf.fr/ark:/12148/bpt6k4331393",
                  "emotions": [
                        "anger",
                        "fear",
                        "courage",
                        "pain",
                        "faith"
                  ],
                  "excerpt": "Cambyse , Darius , Alexandre , Xerxès , y Immolant vingt cités à leur idolâtrie , Brisant Ninive ou Tyr pour faire Alexandrie , , Comptent leurs jours par des excès .En dépit des fléaux qu ' un Dieu sévère agite , Sur Ninive et Babel , sur Gomorrhe maudite , Sur le Nil par sept fois au bras vengeur livré , Orient trois fois saint , premier berceau du monde , Ton bras sait retenir sur ti gorge féconde L ' homme , de parfums enivré .A toi les fruits dorés pendus aux bras de l ' arbre ; A loi les temples d ' or et les villes de marbre , Les chars des conquérants et les palais des rois ; Les guerriers transportant l ' univers sous leur tente , Ces peuples t ' adorant , servitude éclatante Ces sages écrivant les lois .",
                  "id": "9",
                  "title": "L'Europe et l'Orient : poëme en six chants / par M. Cénac-Moncaut"
            },
            {
                  "doc_url": "https://gallica.bnf.fr/ark:/12148/bpt6k4220023t",
                  "emotions": [
                        "sadness",
                        "fear",
                        "nervousness",
                        "despair",
                        "pain"
                  ],
                  "excerpt": "Vers le troisième jour de la rémittente adynami - que , la fièvre sécrétoire laiteuse se fait sentir ; elle produit une espèce de révolution favorable ; la figure se colore , le pouls reprend plus de vigueur , l ’ accès de chaud se termine par des sueurs gluantes , qui ont une odeur fétide , et qui se font principalement remarquer à la tête et entre les deux seins ; les autres parties restent souvent froides , quoiqu ’ aussi baignées de sueur ; la diarrhée devient pins fréquente , et les seins restent flasques .Bientôt après langqe humide , froide et tremblante ; capacité abdominale très - metéorisée , diarrhée bourbeuse , noi - j ( 63 ) râtre et septique ; les sueurs exhalent une odeur cadavéreuse ; le pouls est serré , ondulant et misérable ; il survient des disparates ; ces malades ne se plaignent plus du bas - ventre ; les déjections alvines passent sans ténesme et souvent sans qu ’ elles s ’ en aperçoivent .Depuis ce moment , jusqu ’ à la terminaison de la maladie , qui est souvent brusque et funeste , les mêmes symptômes subsistent toujours en s ’ aggravant .",
                  "id": "10",
                  "title": "Traité des fièvres , mémoire qui a remporté le premier prix d'émulation de la Société de médecine de Lyon, en séance publique, en réponse à cette question qu'elle avait mise au concours : Des fièvres tant rémittentes qu'intermittentes et continues, qui surviennent à la suite des couches. Par Berdote-Dorsay,..."
            },
            {
                  "doc_url": "https://gallica.bnf.fr/ark:/12148/bpt6k58605877",
                  "emotions": [
                        "disgust",
                        "fear"
                  ],
                  "excerpt": "15 L ' atmosphère est toujours brûlante , Et chaque soir dans le ciel bleu , Le tonnerre à la voix roulante Forme des cascades de feu .Le parfum enivrant des plaines Sature l ' air à l ' horizon , Et l ' on sent couler dans les veines Comme un voluptueux poison .La cité française est fort belle : Tout y respire un grand confort , Une opulence sensuelle , Qu ' ignorent les villes du Nord .",
                  "id": "11",
                  "title": "Six mois au pays des Yankees, esquisses rimées, par Léopold-Louis Dupuy-Péyou,..."
            },
            {
                  "doc_url": "https://gallica.bnf.fr/ark:/12148/bpt6k57739546",
                  "emotions": [
                        "disgust",
                        "fear",
                        "pain"
                  ],
                  "excerpt": "Lès parents sains du malade regardaient comme un devoir pénible d ' être forcés 108 TRAITEMENT DE LA TUBERCULOSE .de rester dans une atmosphère empoisonnée parla respiration et les émanations du malade .Mais comme ils croyaient une telle atmosphère « nécessaire pour leur malade bien - aimé » , ils la supportaient et payaient souvent de leur vie leur amour , leur dévouement .",
                  "id": "12",
                  "title": "Traitement de la tuberculose, par le Dr A.-F. Plicque,..."
            },
            {
                  "doc_url": "https://gallica.bnf.fr/ark:/12148/bpt6k61350818",
                  "emotions": [
                        "sadness",
                        "fear",
                        "nervousness",
                        "pain"
                  ],
                  "excerpt": "En même temps , l ' état général s ' aggrave , la mélancolie est continuelle , l ' inappétence est complète et la constipation invincible .Qnand la malade se présente à Vais , le 2 juillet 1878 , elle se plaint en outre de palpitations de coeur , nerveuses et violentes , la langue est sèche , pâteuse et saburrale le matin , l ' haleine fétide , la peau tantôt sèche et aride , tantôt inondée de sueurs profuses , la soif vive .Insomnie à peu près complète .",
                  "id": "13",
                  "title": "Contribution à l'étude des sources nouvelles à minéralisation faible de Vals-les-Bains (Ardèche) / par Octave L'Hermier Des Plantes,..."
            },
            {
                  "doc_url": "https://gallica.bnf.fr/ark:/12148/bpt6k57243705",
                  "emotions": [
                        "fear",
                        "doubt",
                        "nervousness",
                        "pain",
                        "frustration",
                        "embarrassment"
                  ],
                  "excerpt": "Belleforest en parle longuement .Ils ont tous , dit - il , « l ' haleine puante , et les approchant vous sentez je ne sçay 1 .Nous devons à L .",
                  "id": "14",
                  "title": "Histoire de la lèpre en France . I. Lépreux et cagots du Sud-Ouest, notes historiques, médicales, philologiques, suivies de documents, par le Dr H.-M. Fay, avec une préface du professeur Gilbert Ballet,..."
            },
            {
                  "doc_url": "https://gallica.bnf.fr/ark:/12148/bpt6k910540",
                  "emotions": [
                        "fear",
                        "doubt",
                        "nervousness"
                  ],
                  "excerpt": "Comme excitant gt ' mra ) , ou peut aussi recourir a ' s ' njt ' ctioussous ' cutauées dcthcr qui ont uneactiou .trt ' s vive sur ) c système nerveux , aux tavcments irritants , aigres et sa ) es , etc .nUnL ' Mir ~ rJë ' < r ; [ ~ nr ~ fdtuu ~ h .",
                  "id": "15",
                  "title": "Hygiène générale et hygiène industrielle / par le Dr Léon Duchesne,..."
            },
            {
                  "doc_url": "https://gallica.bnf.fr/ark:/12148/bpt6k6225533w",
                  "emotions": [
                        "surprise",
                        "disgust",
                        "fear",
                        "doubt"
                  ],
                  "excerpt": "— el , sommité florifère ; b , fleur ; c , calice ; cl , fruit ouvert ; e , graines .pas qu ' elle a , en effet , un air sinistre , cette empoisonneuse ? Ses feuilles , sa fleur sombre , tout cela n ' attire pas comme une brillante rose ou une violette parfumée .PAUL , qui a été rôder de côtés et d ' autres .",
                  "id": "16",
                  "title": "La botanique d'Andrée / par Émilie Carpentier,..."
            },
            {
                  "doc_url": "https://gallica.bnf.fr/ark:/12148/bpt6k9767979t",
                  "emotions": [
                        "disgust",
                        "fear"
                  ],
                  "excerpt": ".Une horrible odeur de salon de coiffure , essences de roses et de Lubin , se mêlait au relent de colle - forte qui prenait à la gorge .Védrine appela encore une fois vers le fond où était la chambre ; puis ils sortirent , Freydet s ' amusant de cette idée d ' un bossu Lovelace : — Il est peut - être en bonne fortune .",
                  "id": "17",
                  "title": "L'immortel : moeurs parisiennes / Alphonse Daudet ; illustrations de Paul Thiriat"
            },
            {
                  "doc_url": "https://gallica.bnf.fr/ark:/12148/bpt6k42307861",
                  "emotions": [
                        "fear",
                        "nervousness"
                  ],
                  "excerpt": "1545 .sible incommodés ou mis en danger par les émanations gazeuses nuisibles venant des vieux travaux .Les piliers se suivent en descendant à des distances de 5 à 10 mètres .",
                  "id": "18",
                  "title": "Leçons sur l'exploitation des mines et en particulier sur l'exploitation des houillères. Tome 1 / par F. Heise,... F. Herbst,... ; traduit de l'allemand par J.-G. Bousquet...avec la collaboration de MM. P. Bouzanquet,... C. Dupont,... E. Lécrivain,..."
            },
            {
                  "doc_url": "https://gallica.bnf.fr/ark:/12148/bpt6k64333214",
                  "emotions": [
                        "disgust",
                        "fear",
                        "pain"
                  ],
                  "excerpt": "Adv .Sentir mauvais , exhaler une mauvaise odeur .MAUVE n .",
                  "id": "19",
                  "title": "Dictionnaire complet de la langue française : suivi de notes scientifiques, étymologiques, historiques et littéraires... (6e édition) / par P. Larousse,..."
            },
            {
                  "doc_url": "https://gallica.bnf.fr/ark:/12148/bpt6k5820808j",
                  "emotions": [
                        "fear"
                  ],
                  "excerpt": "Une ponction faite au niveau de l ' espace mterlobaire « fonn * issue à quelques gouttes de pus .Nou * excisons « kux fragment * à » c & e et non » arrivons dans une cavité pkurak qui était na fover renfermant du pu * absolument putride ( pleurôwe nnkyrtâe nsagrèneuae ) .Après Men de * péripétie * b malade finit par guérir , sa fièvra diaparul et elk « Ib se reposer u b campagne prè * Pari * .",
                  "id": "20",
                  "title": "De la cholédocotémie sans sutures / Dr Yaïch, dit Jaïs,..."
            }
      ]
}