{
      "articles": [
            {
                  "doc_url": "https://gallica.bnf.fr/ark:/12148/bpt6k670466",
                  "emotions": [
                        "fear"
                  ],
                  "excerpt": "Faites cela , et je vous jure par Dieu que vous aurez ensuite bon marché de vos adversaires M » Bien que la réussite de ce stratagème leur parût fort problématique , les Bou - Aïch , qui , du reste , avaient toute confiance en Sidi Ali , n ' hésitèrent pas à exécuter son ordre les musettes furent donc remplies du sable le plus fin , et ils attendirent .L ' ennemi n ' était plus loin ; on sentait déjà cette odeur de fer qui annonce l ' approche d ' une troupe d ' hommes armés .Les Bou - Arch , qui avaient choisi leur terrain , attendaient le goum du Mokrani sur l ' ouad 1 .",
                  "id": "1",
                  "title": "L' Algérie légendaire : en pélérinage çà et là aux tombeaux des principaux thaumaturges de l'Islam, Tell et Sahara / par le Colonel C. Trumelet, .."
            },
            {
                  "doc_url": "https://gallica.bnf.fr/ark:/12148/bpt6k65280592",
                  "emotions": [
                        "fear"
                  ],
                  "excerpt": "Mais comme il portait avec lui le contre - poison pour ainsi dire , peu de temps après la sueur revenait avec une abondante facilité .Il passait ainsi sa vie à s ' enrhumer et à se désenrhumer .Une foule de causes peuvent favoriser le développement de cette incommodité , et à plus forte raison la faciliter et l ' augmenter .",
                  "id": "2",
                  "title": "De la décoration humaine : hygiène de la beauté / par le Dr Alphée Cazenave,..."
            },
            {
                  "doc_url": "https://gallica.bnf.fr/ark:/12148/bpt6k5762296j",
                  "emotions": [
                        "fear"
                  ],
                  "excerpt": "Elle était entourée d ' un cercle lumineux de diverses couleurs , et passa à cent pas de deux hommes , qui ne la jugèrent élevée que de trente - six pieds .Elle faisait entendre un sifflement pareil à celui d ' une fusée d ' artifice et répandait une odeur de soufre brûlé .Elle tomba à trois cents pas du lieu où étaient ces deux hommes , s ' enfonça de plusieurs pieds en terre et fit éclater quelques pierres voisines .",
                  "id": "3",
                  "title": "Manuel de météorologie, ou Explication théorique et démonstrative des phénomènes connus sous le nom de météores... / par J. -B. Fellens,..."
            },
            {
                  "doc_url": "https://gallica.bnf.fr/ark:/12148/bpt6k2093965",
                  "emotions": [
                        "grief",
                        "fear"
                  ],
                  "excerpt": "Selon que ses vapeurs qui sont L ' écume de son bleu profond Stagnent , se traînent ou s ' en vont Avec vitesse , Il infuse à l ' immensité Le songe , la solennité , Le fantastique , la gaieté Ou la tristesse .Au dessus des villes , le ciel Prend des tons de houille et de fiel On dirait que ce tas mortel , Qui se démène , Lui soufle avec l ' exhalaison De la rue et de la maison Tout le spleen et tout le poison De l ' âme humaine .Dans les gouffres de la hauteur , Sans vertige , sans pesanteur , Vont , magnifiques de lenteur , Tout à leur aise , Les aigles fiers et radieux Qui , s ' ils n ' atteignent pas les cieux , Du moins regardent à pleins yeux L ' astre de braise .",
                  "id": "4",
                  "title": "Choix de poésies / de Maurice Rollinat"
            },
            {
                  "doc_url": "https://gallica.bnf.fr/ark:/12148/bpt6k2093965",
                  "emotions": [
                        "sadness",
                        "fear",
                        "despair"
                  ],
                  "excerpt": "ne fermée .Les brises de la voûte et du lointain sans fond Dans ta chambre , où pas un ohjet ne se détache , S ' en viennent et s ' en vont , jouant à cache - cache Ou comme des parfums s ' envolent au plafond ; Effleurant tes yeux clos avec leurs pieds d ' atomes Elles font tressaillir tes longs rideaux obscurs Tellement que l ' on voit des ombres sur les murs Naître et s ' évanouir ainsi que des fantômes .N ' as - tu pas peur ? à quoi rêves - tu , ma beauté ? 0 femme vaporeuse , et plus pâle qu ' un marbre , Venue ici bien sûr pour émerveiller l ' arbre , La fleur et le gazon de ce parc enchanté Étranges ton costume et ta fiers indolence 1 Oh mais par - dessus tout ! étranges la longueur De tes cheveux épars accablés de langueur Et la solennité de ton morne silence .",
                  "id": "5",
                  "title": "Choix de poésies / de Maurice Rollinat"
            },
            {
                  "doc_url": "https://gallica.bnf.fr/ark:/12148/bpt6k2026965",
                  "emotions": [
                        "fear"
                  ],
                  "excerpt": ") sur une taMe , et qu ' en approchant du - serpent une perche , ' il ne détourne la tête que lorsque l ' extrémitë de la perche est trempée dans le suc du ~ Maco .Ceite expérience lui fait croire que ) ' inocu ) ation du ~ Maeo donne une odeur a ) a peau et que le serpent craint de mordre à cause de cette modification particuttere de la pcr ~ spiration cutanée .H doute qu ' U suSise , pour ne pas être mordu , de porter avec soi des feuiUes de ~ Mae .",
                  "id": "6",
                  "title": "Traité de toxicologie. T. 2 / par M. Orfila,..."
            },
            {
                  "doc_url": "https://gallica.bnf.fr/ark:/12148/bpt6k2026965",
                  "emotions": [
                        "fear",
                        "doubt",
                        "nervousness"
                  ],
                  "excerpt": "Le lendemain - , on lui administra 2 grammes de camphre en lavement ; quelques minutes après , .il sentit un goût de camphre à la gorge ; au bout d ' un quart d ' heure , n ' ayant pas rendu le lavement , éprouva un sentiment d ' inquiétude et de malaise général .Comme cet état pénible allait en augmentant , il sauta en bas de son lit , et il fut surpris de se trouver plus léger que de coutume il lui semblait qu ' il tenait à peine à la terre et qu ' ll l ' effleurait pour ainsi dire en marchant .",
                  "id": "7",
                  "title": "Traité de toxicologie. T. 2 / par M. Orfila,..."
            },
            {
                  "doc_url": "https://gallica.bnf.fr/ark:/12148/bpt6k2026965",
                  "emotions": [
                        "surprise",
                        "fear"
                  ],
                  "excerpt": "tin de .cette attaque , t ' animât a cherché ' à se relever ; la bouche était très ouverte et la respiration très haletante .OM ~ f < Mre du CtMiaofe faite te lendemain , Les organes intérieurs n ' offraient aucune altération la première plaie était rouge , infiltrée , sans apparence d ' escarre .",
                  "id": "8",
                  "title": "Traité de toxicologie. T. 2 / par M. Orfila,..."
            },
            {
                  "doc_url": "https://gallica.bnf.fr/ark:/12148/bpt6k3069820j",
                  "emotions": [
                        "fear",
                        "envy",
                        "nervousness"
                  ],
                  "excerpt": "Et vous tous malheureux , du festin de Galba Vous pourrez bien de loin considérer les restes , Tandis que par la faim vos entrailles sont lestes ; Mais il n ’ est point permis à vos souhaits pressés De prétendre acquérir ces os demi - rongés .Si leurs douces vapeurs montent à vos narines , Mille valets déjà crient après vos rapines ; Craignez même leurs coups ! Est - ce à vous en effet , De venir affliger d ’ un spectacle aussi laid , Les regards imposants , le gracieux sourire , De tous ces demi - dieux en leur noble délire ! ..",
                  "id": "9",
                  "title": "La divine raillerie de Parini : traduite du texte italien en vers français. Suivie du Secret de la paix universelle / par L.-Alfred de Ruffi de Roux,..."
            },
            {
                  "doc_url": "https://gallica.bnf.fr/ark:/12148/bpt6k9691659r",
                  "emotions": [
                        "fear"
                  ],
                  "excerpt": ") Nous étions couchés sur nos lits , autour de la table somptueusement servie .Les lampes d ' argent brûlaient bas ; la porte venait de se fermer derrière le jongleur , qui avait fini par nous lasser avec ses cochons savants ; et il y avait dans la salle une odeur de peau roussie , à cause des cercles de feu par lesquels il faisait sauter ses bêtes grognantes .On apportait le dessert : des gâteaux au miel chaud , des oursins confits , des oeufs chaperonnés en beignets de pâte , des grives à la sauce , farcies de fleur de farine , de raisins secs et de noix .",
                  "id": "10",
                  "title": "Coeur double / Marcel Schwob ; bois en deux couleurs de Fernand Siméon"
            },
            {
                  "doc_url": "https://gallica.bnf.fr/ark:/12148/bpt6k9691659r",
                  "emotions": [
                        "fear"
                  ],
                  "excerpt": "Puis il approcha une tablette couverte d ' instruments d ' acier qui étincelaient .Une odeur de caoutchouc , d ' eau dentifrice et de phénol me prit à la gorge ; j ' ouvris la bouche pour crier grâce , mais Winnicox avait été plus rapide que moi .J ' avais un de ses doigts jaunes et noueux sous la langue et l ' autre au fond du palais .",
                  "id": "11",
                  "title": "Coeur double / Marcel Schwob ; bois en deux couleurs de Fernand Siméon"
            },
            {
                  "doc_url": "https://gallica.bnf.fr/ark:/12148/bpt6k63674716",
                  "emotions": [
                        "fear",
                        "pain"
                  ],
                  "excerpt": "Elles s ' en trouvoient saisies en effet ; mais étant encore plus pénétrées de la présence de Dieu et de la majesté de l ' office divin , elles obéirent à l ' ordre que la mère grande prieure eut le courage de leur donner de ne pas interrompre le chant , et elles suivirent son exemple .La violence du coup , l ' odeur et la vue du tonnerre qui faisoit un fracas horrible dans le chœur en brisant l ' architecture qui le sépare du dehors , tant d ' objets épouvantables réunis ensemble firent tomber toute cette simple assemblée prosternée devant Dieu , mais ils n ' eurent pas le pouvoir d ' apporter la moindre interruption à l ' office .Tout le canton fut épouvanté d ' un si grand orage ; les personnes qui le voyoient de leurs yeux et qui en étoient plus menacées sont celles qui le supportent plus constamment , rassurées par leur propre foi et par celle d ' une sage supérieure qui les avertit et les anime .",
                  "id": "12",
                  "title": "Gabrielle de Rochechouart de Mortemart : étude historique (2e édition) / par Pierre Clément,..."
            },
            {
                  "doc_url": "https://gallica.bnf.fr/ark:/12148/bpt6k322182f",
                  "emotions": [
                        "joy",
                        "anger",
                        "fear",
                        "annoyance",
                        "courage",
                        "excitement",
                        "amusement"
                  ],
                  "excerpt": "S ’ il est absent , la permission est vite accordée ! les serrures des vieilles portes ne sont guère résistantes .Voici déjà le piqueux grimpé dans la grange : il lurette , il renifle : — Ça pue bon , dit - il , passez - moi Jim ! Le petit chien saute sur les bottes , se coule dans la paille ou dans le foin ; tout à coup il se met à japper .( ( Hardi , mon beau ! » l ' attaque est bonne , on découple la meute , tandis qu ’ autour de la ferme deux ou trois chasseurs prudents veillent , le fusil prêt .",
                  "id": "13",
                  "title": "Messieurs les disciples de saint Hubert... / Marcel d'Herbeville"
            },
            {
                  "doc_url": "https://gallica.bnf.fr/ark:/12148/bpt6k96132250",
                  "emotions": [
                        "fear"
                  ],
                  "excerpt": "Puis , sans plus sourciller qu ' un vieux chirurgien racorni , il appliqua la calotte brûlante sur le fessier préfectoral qui en fut bien coiffé malgré ses proportions magistrales .En même temps il s ' éleva , dans l ' air , un bruit , une fumée et une odeur de fricassée .Coquefredouille poussa un hurlement lamentable , fit un saut de carpe et tomba lourdement sur le carreau , prêt à rendre l ' âme .",
                  "id": "14",
                  "title": "Veillées franc-comtoises... / Édouard Ordinaire"
            },
            {
                  "doc_url": "https://gallica.bnf.fr/ark:/12148/bpt6k5407197s",
                  "emotions": [
                        "anger",
                        "fear",
                        "despair",
                        "pain"
                  ],
                  "excerpt": "Elle est annoncée par la cessation brusque de tous les symptômes , sans métastase ni résolution ; là respiration devient facile ; la déglutition se fait sans douleur , le sentiment de constriction suffocante a disparu ; mais l ' état général est effrayant : il y a décom - 196 ÉTUDE DE LA MORT .position de la face , pouls petit , misérable , extrémités froides et livides , haleine fétide , et mort prompte .Nous ne parlerons pas ici du croup , qui est une maladie de l ' enfance .",
                  "id": "15",
                  "title": "Étude de la mort ou Initiation du prêtre à la connaissance pratique des maladies graves et mortelles... (2e édition revue et corrigée) / par le P. Debreyne,..."
            },
            {
                  "doc_url": "https://gallica.bnf.fr/ark:/12148/bpt6k6540353p",
                  "emotions": [
                        "fear"
                  ],
                  "excerpt": "Tandis que le présent lance contre nous des ignares pour nous intimider , des sangliers pour nous éventrer .Alors que nous voyons tant de eourtisans prendre le rôle de l ' ours au pavé , prêts à le lancer contre nous , assez aveugles qu ' ils sont pour nous prendre pour une mouche au dard pestilentiel ; alors que nous cherchons à produire le baume qui guérira la blessure , à faire respirer le parfum qui fera sortir de la léthargie .Nous voyons le passé se dérouler sous nos yeux par l ' histoire dont le burin grave fidèlement le beau , le laid , et que le hasard , ce grand maître , se charge de mettre en relief toujours et à propos .",
                  "id": "16",
                  "title": "Elle se meurt notre agriculture : sa lettre aux députés, sa pétition aux sénateurs, elle va renaître par sa banque spéciale, par son ministère spécial... / [signé P. Gosset]"
            },
            {
                  "doc_url": "https://gallica.bnf.fr/ark:/12148/bpt6k5414466m",
                  "emotions": [
                        "fear",
                        "nervousness",
                        "pain"
                  ],
                  "excerpt": "des corridors sont inondés : le pain se ramollit ; le sel fond ; .on sent les vapeurs froides jusque dans son lit .Parmi les corps les plus hygroscopiques , c ' est - à - dire ceux qui jouissent de la plus haute faculté d ' absorber et d ' exhaler de l ' humidité , nous citerons en première ligne : la chaux , les chlorures d ' oxydes , le nitrate de potasse , et surtout l ' acétate de potasse , le chlore , le sulfate de chaux , le calcaire coquillier , le charbon , les bois légers et vieux , le coton , la laine , le linge usé , la charpie , enfin l ' épiderme et les muqueuses de l ' homme , etc .",
                  "id": "17",
                  "title": "De l'hygroscopicité des corps : au point de vue des épidémies en général, et de celle désignée sous le nom de choléra asiatique en particulier / par le Dr Clauzure,..."
            },
            {
                  "doc_url": "https://gallica.bnf.fr/ark:/12148/bpt6k64832215",
                  "emotions": [
                        "fear",
                        "courage"
                  ],
                  "excerpt": "Il me semblait que j ' avais été sur le point d ' étouffer .Les exhalaisons miasmatiques du lac me poursuivaient , et pour y échapper je me mis à courir vers un endroit élevé d ' où l ' on pouvait voir toute la savane .Corah n ' arrivait pas .",
                  "id": "18",
                  "title": "La fille aux serpents : souvenir des Antilles / par D. Pérégrine,... ; avec une eau-forte d'Alfred Le Petit"
            },
            {
                  "doc_url": "https://gallica.bnf.fr/ark:/12148/bpt6k9657395b",
                  "emotions": [
                        "surprise",
                        "fear",
                        "pain"
                  ],
                  "excerpt": "Il glissa précieusement le paquet dans sa poche .Il était à peine rentré qu ' il sentit des démangeaisons atroces le long d ' une jambe , « ça gratte et ça dévore .» Ça le dévorait .",
                  "id": "19",
                  "title": "Les Trois apprentis de la rue de la Lune... / Georges Montorgueil"
            },
            {
                  "doc_url": "https://gallica.bnf.fr/ark:/12148/bpt6k6381298v",
                  "emotions": [
                        "fear"
                  ],
                  "excerpt": "Il faut encore se prémunir contre le grand jour et les courants d ' air , contre une chaleur trop élevée et les parfums .Les influences nuisibles deviennent plus pernicieuses qu ' en aucun temps durant le sommeil : l ' ombre , les vents coulis , les extrêmes de température , les fleurs odorantes , le mauvais air , les émanations d ' eaux stagnantes , les miasmes putrides , etc .Les lits trop mous excitent les sueurs et la faiblesse ; il est prudent de s ' en déshabituer .",
                  "id": "20",
                  "title": "Notions d'hygiène pratique (2e édition) / par le Dr Isidore Bourdon..."
            }
      ]
}