{
      "articles": [
            {
                  "doc_url": "https://gallica.bnf.fr/ark:/12148/bpt6k96056991",
                  "emotions": [
                        "fear",
                        "boredom",
                        "doubt",
                        "nervousness"
                  ],
                  "excerpt": "Puisqu ' il est reconnu pour certain que les odeurs des matières sur lesquelles des oiseaux ressent posés pendant une suite de jours , peuvent passer dans leur chair , ne pourroit - on pas donner à celle des poulardes un peu de fumet , qui est tout ce qui leur manque , en faisant entrer dans leur lit des plantes aromatiques ! lVi .dit Bignon , qui a pensé comme moi au borieffet qu ' un pareil usage des plantes aromatiques pourroit produire , paroît inquiet pour la tête des poules , il appréhende que dans un lieu très - renfermé , de fortes odeurs ne leur fussent nuisibles ; peut - être ont - elles de meilleures têtes que nous ne leur en croyons .Les expériences propres à nous en instruire , sont aisées à , faire : on peut essayer différentes espèces d ' odeurs de plantes aromatiques , & des doCes , pour ainsi dire , de ces odeurs .",
                  "id": "1",
                  "title": "Art de faire éclorre et d'élever en toute saison des oiseaux domestiques de toutes espèces. Tome 2 / ... Par M. de Réaumur,... Seconde édition"
            },
            {
                  "doc_url": "https://gallica.bnf.fr/ark:/12148/bpt6k6138721b",
                  "emotions": [
                        "sadness",
                        "fear",
                        "despair"
                  ],
                  "excerpt": "La vallée de la Mort .L ' avenir semble quelquefois sangloter un sourd avertissement des événements qu ' il nous apporte , de même qu ' un orage qui se prépare , et qui , par les gémissements du vent , les combats des nuages au ciel , annonce une tempête assez violente pour couvrir la mer de débris , ou pour apporter dans le brouillard sur les îles de l ' Ouest les exhalaisons empoisonnées de l ' Orient , obscurcissant les fenêtres des maisons de l ' Angleterre avec le souffle de la peste indienne .D ' autres fois l ' avenir s ' offre soudainement , comme si un rocher se déchirant découvrait un tombeau d ' où sortirait un corps enseveli .",
                  "id": "2",
                  "title": "Shirley et Agnès Grey. Tome 1 / par Currer Bell [C. Brontë] [et A. Brontë] ; romans anglais traduits par MM. Ch. Romey et A. Rolet"
            },
            {
                  "doc_url": "https://gallica.bnf.fr/ark:/12148/bpt6k5819077j",
                  "emotions": [
                        "fear"
                  ],
                  "excerpt": "Le premier lavage , pratiqué le 18 juillet , à l ' eau tiède du Puits - Chomel , fait retirer de l ' estomac des caillots de , lait , des débris d ' aliments ingérés la veille au soir ; le liquide qui a passé dans l ' estomac exhale une odeur nauséabonde dans laquelle se remarque surtout l ' odeur du tabac .Cette odeur est si forte que l ' on est obligé d ' ouvrir tes fenêtres de la salle pour pouvoir y séjourner , et qu ' elfe est perçue dans le vestibule , bien que la porte de la salle fût fermée .Il en est de même pour tes lavages des ~ 75 — jours suivants , puis peu à peu cette odeur s ' atténue ; mais le liquide introduit dans l ' estomac ramène tous les deux ou trois jours des détritus de viande absorbée la veille , et tous les jours des mucosités assez abondantes .",
                  "id": "3",
                  "title": "Le lavage de l'estomac : sa technique, ses applications / par le Dr F. Déléage,..."
            },
            {
                  "doc_url": "https://gallica.bnf.fr/ark:/12148/bpt6k948427k",
                  "emotions": [
                        "disgust",
                        "fear",
                        "pain"
                  ],
                  "excerpt": ".Il nous traîne dans les cimetières , viole les sépultures , défonce les caisses mortuaires , et levant le linceul nous montre la hideuse pourriture nauséabonde .« Jam fœtet ! clame - t - il , jain fætet ! déjà il sent mauvais ! .",
                  "id": "4",
                  "title": "Chez les Jésuites / Lucien Gleize"
            },
            {
                  "doc_url": "https://gallica.bnf.fr/ark:/12148/bpt6k287305",
                  "emotions": [
                        "fear",
                        "nervousness",
                        "despair",
                        "pain"
                  ],
                  "excerpt": "Ce résultat est peu regrettable , car si ce souffle n ' annonce que la congestion encéphalique , on peut s ' en passer ; beaucoup d ' autres symptômes y suppléeront .onpRe plus ou moins profondément , d ' où l ' écume sanguinolente ; elle est tremblante dans la paralysie générale progressive , lËja .mollissement , d ' où le bégayement , le balbutiement .",
                  "id": "5",
                  "title": "Traité de diagnostic médical ou Guide clinique pour l'étude des signes caractéristiques des maladies (3e édition revue, augmentée, et contenant un Précis des procédés physiques et chimiques d'exploration clinique) / par V. A. Racle,..."
            },
            {
                  "doc_url": "https://gallica.bnf.fr/ark:/12148/bpt6k6248884q",
                  "emotions": [
                        "disgust",
                        "fear"
                  ],
                  "excerpt": "L ' espace en était encombré de couchettes si serrées qu ' a peine restait - il un étroit couloir au milieu .Là - dedans grouillaient les hommes et les chiens ; les bœufs , les rennes et les bagages encombraient l ' arrière du pont , et , de cette fosse à mineurs , il s ' éleva , au bout de peu de temps , une odeur si méphitique , qu ' on eût pu tomber asphyxié en s ' en approchant .Comme aggravation , peu d ' heures après le départ , la mer devint houleuse .",
                  "id": "6",
                  "title": "L'or du Pôle / Danielle d'Arthez ; ouvrage illustré... par Alfred Paris"
            },
            {
                  "doc_url": "https://gallica.bnf.fr/ark:/12148/bpt6k9809978m",
                  "emotions": [
                        "disgust",
                        "fear",
                        "nervousness",
                        "pain",
                        "embarrassment"
                  ],
                  "excerpt": "Angoisse que chaque bond nouveau augmente .La respiration malodorante des 400 chevaux met dans ma gorge un affreux bouchon .Un petit sac spécial s ' offre providentiellement dans un distributeur automatique .",
                  "id": "7",
                  "title": "Du Kremlin au Vatican : l'Europe en avion / Claude Blanchard"
            },
            {
                  "doc_url": "https://gallica.bnf.fr/ark:/12148/bpt6k874269h",
                  "emotions": [
                        "surprise",
                        "fear",
                        "doubt",
                        "nervousness",
                        "curiosity"
                  ],
                  "excerpt": ".se met à renifler comme un chien de chasse et me demande si je ne sens pas une odeur bizarre dans l ’ air .Oui , oui , on dirait .",
                  "id": "8",
                  "title": "Trois ans de front : Belgique, Aisne et Champagne, Verdun, Argonne, Lorraine : notes et impressions d'un artilleur / J.-L. Gaston Pastre"
            },
            {
                  "doc_url": "https://gallica.bnf.fr/ark:/12148/bpt6k107286r",
                  "emotions": [
                        "fear",
                        "doubt",
                        "nervousness",
                        "embarrassment"
                  ],
                  "excerpt": "Je les ai ik sont à proximité , si l ' on peut dire , de la maison de ma petite amie et de la vôtre , car elle habite au Palais - Royal et mes pauvres dans une ruelle mauvaise près de l ' école des Beaux - Arts .Je viens de chez eux à l ' instant ; cela sentait très mauvais ? Est - ce que je sens mauvais mauvais ? .Je tombai à ses genoux .",
                  "id": "9",
                  "title": "Sainte-Marie des-Fleurs / René Boylesve"
            },
            {
                  "doc_url": "https://gallica.bnf.fr/ark:/12148/bpt6k80392x",
                  "emotions": [
                        "sadness",
                        "fear",
                        "nervousness"
                  ],
                  "excerpt": "Je veux que ce soit soigné .Liane sort , grisée par une émanation voluptueuse qui la suit jusque dans la rue .Quelques jours après , elle est retournée chez Louisa qui l ' a reçue dans son boudoir , au saut du lit , avec des épingles de diamant piquées aux cheveux , en matinée de satin cerise , - passée devant elle , en bas de soie et mules de velours brodées , maquillée , presque laide , mais séduisante , irrésistible de tout le luxe envi - ronnant , grandie par l ' éternelle pose de son triomphe de femme arrivée , par une sorte de crânerie hautaine et bon enfant qu ' elle met dans ses gestes , dans ses mouvements , dans savoix .",
                  "id": "10",
                  "title": "La faute d'une mère / Antoine Albalat"
            },
            {
                  "doc_url": "https://gallica.bnf.fr/ark:/12148/bpt6k64621832",
                  "emotions": [
                        "disgust",
                        "fear"
                  ],
                  "excerpt": "La Seine est devenue dépotoir .Elle charrie un liquide tantôt brun , tantôt jaune et tantôt noir , mêlé d ' amas de corps solides , des chats et des chiens crevés ; on ne sait quoi d ' horribles nage sur la surface , entouré d ' une écume blanchâtre bouillonnante , d ' où se dégagent continuellement des bulles de gaz répandant une odeur infecte .M .",
                  "id": "11",
                  "title": "L'empoisonnement par l'eau"
            },
            {
                  "doc_url": "https://gallica.bnf.fr/ark:/12148/bpt6k3254586x",
                  "emotions": [
                        "fear",
                        "nervousness"
                  ],
                  "excerpt": "— Les gaz ! L ’ adjudant se précipite , hurle , donne l ’ alarme dans les abris , les guetteurs de petits postes accourent aussi ; la tranchée si calme s ’ emplit de tumulte et de mouvement ; chacun court à son poste de combat ; les gongs résonnent , frappés à tour de bras , et les klacksons jettent dans la nuit leurs rauques avertissements .Le sifflement terrifiant se rapproche ; déjà une forte odeur chlorée prend à la gorge les imprudents ou les maladroits qui tardent à se protéger .Dans son poste , le ’ clairon Louis Richer , modeste paysan champenois , de service d ’ alerte , entend le cri d ’ alarme .",
                  "id": "12",
                  "title": "Le Petit Havre illustré"
            },
            {
                  "doc_url": "https://gallica.bnf.fr/ark:/12148/bpt6k5724462z",
                  "emotions": [
                        "disgust",
                        "fear",
                        "nervousness",
                        "pain"
                  ],
                  "excerpt": "Albuminurie .Angine diphtéritique toxique .— Adénite considérable qui suppure parfois .",
                  "id": "13",
                  "title": "Vade-mecum du praticien : diagnostic et traitement des maladies internes / par le Dr Fernand Roux,..."
            },
            {
                  "doc_url": "https://gallica.bnf.fr/ark:/12148/bpt6k54640671",
                  "emotions": [
                        "fear",
                        "nostalgia",
                        "courage"
                  ],
                  "excerpt": "Noir à faire frémir le carnet d ' un rapin .N ' osant plus avancer ni marcher en arrière , Thisbé croyait toucher à son heure dernière ! Tout à coup elle voit sous d ' odorantes fleurs Une espèce de trou que d ' infâmes voleurs Avaient creusé peut - être un jour avec leurs armes Pour se mettre à l ' abri de messieurs les gendarmes ; Car alors les voleurs , pour tramer leurs forfaits , Habitaient des endroits où l ' on n ' allait jamais .Aujourd ' hui les voleurs ne sont plus aussi bêtes ! Us se montrent partout , on leur donne des fêtes ; 38 PYRAME ET THISBÉ .",
                  "id": "14",
                  "title": "Pyrame et Thisbé, poème comique en quatre chants, avec notes explicatives, par Eugène Berthier"
            },
            {
                  "doc_url": "https://gallica.bnf.fr/ark:/12148/bpt6k5698046d",
                  "emotions": [
                        "disgust",
                        "fear",
                        "nervousness",
                        "pain"
                  ],
                  "excerpt": "■ \" .de rapports , de nausées , de borborygmes et d ' odeurs que dégageaient l ' estomac ; enfin , par surcroît , j ' éprouvais de fréquenta battements de coeur ..",
                  "id": "15",
                  "title": "Manuel de la méthode roubaisienne, contenant tous les documents et instructions relatifs à cette médication, fondée par MM. V.-É. Wicart et J. Uyttenhove, ou Application méthodique des propriétés... de l'uwa... (3e édition) / par V.-É. Wicart,..."
            },
            {
                  "doc_url": "https://gallica.bnf.fr/ark:/12148/bpt6k54564151",
                  "emotions": [
                        "fear",
                        "excitement",
                        "nervousness"
                  ],
                  "excerpt": "Ses qualités et sa structuré .Le nerf olfactif .Trajet < le ses filets .",
                  "id": "16",
                  "title": "Nouveaux principes de chirurgie, ou Elémens de 1° zoonomie, d'anatomie et de physiologie ; 2° d'hygiène ; 3° de pathologie générale... (5e édition revue, corrigée et augmentée) / par F.-M.-V. Legouas,..."
            },
            {
                  "doc_url": "https://gallica.bnf.fr/ark:/12148/bpt6k54564151",
                  "emotions": [
                        "fear",
                        "nervousness"
                  ],
                  "excerpt": "Les follicules nombreux qu ' elle contient sont la source des mucosités abondantes qu ' elle fournit .Le nerf olfactif occupe la voûte .Ses filets , très - délies et très - mous , traversent les trous de la lame criblée de l ' ethmoïde , pour descendre sur la cloison et les cornets , où ils sont logés dans des canalicules osseux , ou dans des gouttières que la couche fibreuse de la pituitaire convertit en canaux .",
                  "id": "17",
                  "title": "Nouveaux principes de chirurgie, ou Elémens de 1° zoonomie, d'anatomie et de physiologie ; 2° d'hygiène ; 3° de pathologie générale... (5e édition revue, corrigée et augmentée) / par F.-M.-V. Legouas,..."
            },
            {
                  "doc_url": "https://gallica.bnf.fr/ark:/12148/bpt6k5808713f",
                  "emotions": [
                        "fear",
                        "disapproval",
                        "nostalgia",
                        "doubt"
                  ],
                  "excerpt": "Tout lo monde ne peut être logé au gouvernement général .Infortuné voyageur , méfie - toi ! Tu auras uno température condonséo pendant toutes les heures du jour , et la nuit une bonne petite chaleur d ' étuve ; tu respireras des parfums qui te rappelleront te » excursions d ' autrefois , quand tu étais très jeune , dans les maisons meublées .Tu ne verras peut - être pas la puce , mais tu la sentiras , et tu connaîtras aussi les lourdes insomnies , les heures où d ' un coin à l ' autre du lit , tu te rouleras , fuyant uno place dès quo tu la sentiras brûlante .",
                  "id": "18",
                  "title": "Pastels d'Asie / Jean d'Estray"
            },
            {
                  "doc_url": "https://gallica.bnf.fr/ark:/12148/bpt6k65610360",
                  "emotions": [
                        "fear",
                        "courage"
                  ],
                  "excerpt": "Quand j ' ai remarqué qu ' il a gratté , mangé à la bête et bu de l ' eau putréfiée , un soir où il y a clair dé lune , je me place au tonneau .De onze heures du soir à une heure du matin , le loup accourt au galop et sans défiance , l ' odeur des bêtes mortes qui lui était arrivée de tous les côtés l ' ayant em - pêché de m ' éventer .Il se met tranquillement à manger et je le tue .",
                  "id": "19",
                  "title": "Pratique de la chasse et pratique forestière : 60 années de chasse (2e édition, considérablement augmentée) / par J.-A. Clamart,..."
            },
            {
                  "doc_url": "https://gallica.bnf.fr/ark:/12148/bpt6k5788371g",
                  "emotions": [
                        "disgust",
                        "fear"
                  ],
                  "excerpt": "Restaurer est sans doute un pieux devoir , qui se transforme quelquefois en manie dans l ' histoire de l ' art .Par - — 223 — courez les galeries de sculpture de Versailles ou pénétrez dans les caveaux de Saint - Denis , une odeur de plâtre vous saisit à la gorge .Tous ces nez postiches , ces têtes blanches enfarinées dégradent la beauté sévère de ces vieux débris , c ' est une autre espèce de profanation .",
                  "id": "20",
                  "title": "Agnès Sorel et la chevalerie / par M. Capefigue"
            }
      ]
}