{
      "articles": [
            {
                  "doc_url": "https://gallica.bnf.fr/ark:/12148/bpt6k9617731p",
                  "emotions": [
                        "fear",
                        "nostalgia",
                        "nervousness",
                        "faith"
                  ],
                  "excerpt": "Il était profondément heureux d ' être appelé à l ' honneur d ' y prendre part .L ' encens qu ' il offrait à l ' autel l ' enivrait de son parfum capiteux ; l ' ardente lueur des cierges à travers les tourbillons de la fumée bleue , l ' éblouissait ; les voix graves du chœur faisaient vibrer la terreur dans son âme , les hymnes lui rappelaient les chants célestes .Il tremblait , en frôlant des larges manches de son surplis la chasuble d ' or de l ' évêque .",
                  "id": "1",
                  "title": "Figure de prêtre, scènes de la vie cléricale, par Charles Buet. Nouvelle édition"
            },
            {
                  "doc_url": "https://gallica.bnf.fr/ark:/12148/bpt6k5551233z",
                  "emotions": [
                        "disgust",
                        "fear"
                  ],
                  "excerpt": "Sur toute celle scène , les ombres de la nuit .L ' odeur acre et forte que dégage une tribu indienne montait dans l ' air et prenait à la gorge .Les rauques cris d ' appel des groupes qui , se formaient déchiraient l ' oreille .",
                  "id": "2",
                  "title": "Le secret du dompteur : grand roman d'aventures / par Louis Noir"
            },
            {
                  "doc_url": "https://gallica.bnf.fr/ark:/12148/bpt6k64605j",
                  "emotions": [
                        "disgust",
                        "fear",
                        "boredom",
                        "despair"
                  ],
                  "excerpt": "Infanticide ! taxa carrément le brigadier perspicace , et il émit à la pauvrette pétrifiée Ben ma fille , vous avez de chouettes recettes pour la conservation de vos produits Allez , ouste 1 au violon ! Le panier - à - salade vous enlèvera tous les trois , demain matin .Unebousculade dans unbougenoir , nauséabond .fracas de verrou .",
                  "id": "3",
                  "title": "Eros rosse / Marcel Mouton"
            },
            {
                  "doc_url": "https://gallica.bnf.fr/ark:/12148/bpt6k9656506q",
                  "emotions": [
                        "disgust",
                        "fear",
                        "disapproval"
                  ],
                  "excerpt": "Il y a une espèce d ' huîtres qu ' on appelle taclovo , qui pèsent plusieurs livres et qui sont souvent ouvertes sur le rivage ; or , le singe , craignant que , quand il veut les manger , elles ne lui attrapent la patte en se refermant , jette dans la coquille une pierre qui l ' empêche de se fermer , et ensuite il mange l ' huître sans crainte .LE SINGE LES GUENONS DE toutes les guenons ou singes à longue queue , le macaque est celui qui approche le plus des babouins ; il est - d ' une laideur hideuse .L ' aigrette , autre - guenon , ainsi appelé parce qu ' il a sur le sommet de la tête un épi ou aigrette de poil , a , comme le macaque , les moeurs douces et est assez docile ; mais , indépendamment d ' une odeur de fourmi ou de faux musc que ces deux singes répandent autour d ' eux , ils sont si malpropres et si affreux lorsqu ' ils font la grimace , qu ' on ne peut les regarder sans horreur et dégoût .",
                  "id": "4",
                  "title": "Les animaux sauvages et domestiques : album pour les enfants / avec de nombreuses illustrations, par Bocourt, Freemann, Yan d'Argent, etc., et des hors-texte en chromotypogravure de Brun et Cie"
            },
            {
                  "doc_url": "https://gallica.bnf.fr/ark:/12148/bpt6k6128044n",
                  "emotions": [
                        "disgust",
                        "fear"
                  ],
                  "excerpt": "La mâchoire inférieure , les lèvres , la gorge , le palais , la langue , enfin tout l ' intérieur de la bouche était recouvert d ' ulcères de la grandeur de pièces de dix et de cinq sous qui .exhalaient une odeur insupportable .Les cuisses , les bras étaient couverts de nombreux boutons ulcérés ; le cordon spermatique , l ' épididyme , les testicules et le scrotum surtout , avaient acquis un volume extraordinaire ; la peau des jambes , horriblement tuméfiée , était d ' un gris noirâtre , inégale , âpre , écailleuse , offrait de nombreuses fissures et était parsemée de petits tubercules et d ' ulcères sordides , qui laissaient écouler une grande quantité d ' humeur ichoreuse .",
                  "id": "5",
                  "title": "Histoire des maladies vénériennes / par le Dr Michel Villemont..."
            },
            {
                  "doc_url": "https://gallica.bnf.fr/ark:/12148/bpt6k6503644k",
                  "emotions": [
                        "fear",
                        "greed"
                  ],
                  "excerpt": "S ' il entre quelqu ' Insecte dans la ruche , que font les abeilles ? R .Elles le poursuivent et le chas * sent , ou si elles ne le peuvent , elles le tuent , et l ' enduisent ensuite de cire f comme pour l ' embaumer , car elles craignent les mauvaises odeurs .D .",
                  "id": "6",
                  "title": "Leçons élémentaires d'histoire naturelle, par demandes et par réponses , à l'usage des enfants ; Par L. Cotte,... Quatrième édition, revue, corrigée et ornée de plus de cent figures"
            },
            {
                  "doc_url": "https://gallica.bnf.fr/ark:/12148/bpt6k850286g",
                  "emotions": [
                        "fear",
                        "courage"
                  ],
                  "excerpt": "Un beau jeune homme , la rame à la main , montant une embarcation élégante et légère , accoste le rivage parfumé d ’ orangers .Victoria , jeune fille accompagnée , de sa gouvernante , prend place ù son coté , pendant qu ’ il lui dit : Viens , repoussons du pied cette grève odorante , Ï1 se lève un vent frais sur l ’ onde murmurante , Courons , trois , sous le ciel , loin des bois d ’ orangers ..",
                  "id": "7",
                  "title": "Le livre de Marie, ou Le nouvel Angelus de la Très Sainte Vierge : écrit sous son inspiration et avec son secours le 15 juin 1899 / par... Joseph Bentéjac de Libersac de Puydauphin, Cte Du Bois de La Grèze,..."
            },
            {
                  "doc_url": "https://gallica.bnf.fr/ark:/12148/bpt6k6529927h",
                  "emotions": [
                        "disgust",
                        "fear"
                  ],
                  "excerpt": "il forme plus avant des émineiices qui ne font ni hautes , ni efcaj ' pées : près du rivage , il est [ ablonneux , & on n ' y voit d ' autres plantes qu ' un gros fenouil marin à fleurs - jaunes : plus avant , des touffes d ' herbes & de ^ broffailles , répandues ça & là , croisent sur un fable rougeâtre : les arbres les plus bauts qu ' on y voil : n ' ont pas plus de dix - pieds de haut , quelques - uns en ont trois de circonférence ; leurs branches formelle une tête touftue ; leurs feuilles font étroites & longues , blanches par dessous , vertes par dessus ; l ' écorce est d ' un verd pâle ; le bois de quelquesuns est odorant & fort rouge , il y a des mangles près du rivage : un grand nombre de fleurs y , , çm - bel lissent la terre , y exhalent des odeurs suaves .Pu y trouve une espece de lapins à jambes courtes , & - une de guanos dont la queue est un gros moiguoçi J : } ui leur donne l ' apparence d ' avçir deux têtes ; ils font marquetés de noir & de jaune , marchent avec lenteur , s ' arrètçnt & fiient quznd on les poursuit ; leur aspect est affreux , l ' odeur qu ' ils exhalent , ll : dégoûtante , & cependant la chair en est borme à manger .Parrili les oiseaux de terre on remarque l ' aigle , cinq ou six fortes .",
                  "id": "8",
                  "title": "Géographie de Busching. Tartarie, Chine, Japon, Inde, Isles / , abrégée dans les objets les moins intéressans, augmentée dans ceux qui ont paru l'être, retouchée partout, & ornée d'un précis de l'histoire de chaque état. Par M. Bérenger..."
            },
            {
                  "doc_url": "https://gallica.bnf.fr/ark:/12148/bpt6k6582766d",
                  "emotions": [
                        "fear",
                        "courage",
                        "despair",
                        "frustration",
                        "embarrassment"
                  ],
                  "excerpt": ".Je fausse compagnie à mes bourrins , je grimpe sur le plateau La , je ne vois plus les écuries , je ne sens plus l ' odeur du fumier .Y a bon ! Laissons - nous tomber dans l ' herbe , au pied d ' un prunier .",
                  "id": "9",
                  "title": "Lettres d'un bleuet : Henry Canoville, aspirant d'artillerie : une année au front, 4 août 1917-29 août 1918 (Deuxième éd.) / [publiées par] Th. Mainage,..."
            },
            {
                  "doc_url": "https://gallica.bnf.fr/ark:/12148/bpt6k6128044n",
                  "emotions": [
                        "surprise",
                        "anger",
                        "fear",
                        "doubt",
                        "despair",
                        "pain"
                  ],
                  "excerpt": "Deuxième traitement de quarante - huit jours : diète sévère , tisane de salsepareille et de sassafras , vingt - deux frictions avec l ' onguent mercuriel double , d ' un gros et demi chacune .Amaigrissement , yeux caves et cernés , haleine des plus fétides , ulcérations qui envahissent toute l ' arrièreTbauche et les fosses nasales ; les os du nez sont exfoliés , les cornets détruits ; otorrhée extrêmement fétide , surdité incomplète .Pilules avec l ' extrait de gentiane et un quart de grain d ' or divisé ; in ^ jectionsdans l ' oreille avec une décoction de graine de lin et de têtes de pavot blanc ; on touche les ulcères de la bouche avec le collyre de Lanfranc .",
                  "id": "10",
                  "title": "Histoire des maladies vénériennes / par le Dr Michel Villemont..."
            },
            {
                  "doc_url": "https://gallica.bnf.fr/ark:/12148/bpt6k9760586d",
                  "emotions": [
                        "disgust",
                        "fear"
                  ],
                  "excerpt": "Comme il étoit désespéré , je fis faire plusieurs ) incisions à la peau , jusqu ' à la chair j vive , & l ' on fomenta ces scarifications avec une Jécoéliori d ' herbes chaudes & émol - lientes ; à laquelle je fis ajouter l ' eiprit de vin .camphré : il sortit de ces petites plaies un pus d ' une odeur si terrible , qu ' aucun domestique ne pouvoit tenir dans la chambre du malade .Ce - r pendant cette humeur ayant été digérée , au .",
                  "id": "11",
                  "title": "Recueil des oeuvres physiques et médicinales, publiées en anglois et en latin. Tome 1 / , par M. Richard Mead,... traduction française, enrichie des découvertes postérieures à celles de l'auteur, augmentée de plusieurs discours préliminaires et de notes... par M. Coste,..."
            },
            {
                  "doc_url": "https://gallica.bnf.fr/ark:/12148/bpt6k97683547",
                  "emotions": [
                        "fear",
                        "calmness"
                  ],
                  "excerpt": "tout était orienté dans le même sens et tout dormait .Une senteur âpre , la respiration nocturne de la forêt , passait par intervalles .A la limite des bois , à trois cents mètres de la maison , une lande res - semblait à une tache brune .",
                  "id": "12",
                  "title": "Donatienne / René Bazin,... ; illustrations de Henri Rudaux"
            },
            {
                  "doc_url": "https://gallica.bnf.fr/ark:/12148/bpt6k56567233",
                  "emotions": [
                        "disgust",
                        "fear"
                  ],
                  "excerpt": "A côté de l ' écurie , s ' élève une sorte de magasin rempli de tlalès ( sacs à denrées ) , de greb ( outres ) et de qleul ( jarres ) .Des odeurs indéfinissables s ' échappent de cette pièce et nous prennent à la gorge .Après avoir chargé un des bambins d ' une mission à l ' intérieur , le Maïen invite le docteur à entrer dans la chambre qui sert d ' habitation à sa famille .",
                  "id": "13",
                  "title": "Les français dans le désert : journal historique, militaire et descriptif d'une expédition aux limites du Sahara algérien (4e édition revue et augmentée, ornée de cartes et plans) / par le colonel C. Trumelet,..."
            },
            {
                  "doc_url": "https://gallica.bnf.fr/ark:/12148/bpt6k5711058g",
                  "emotions": [
                        "disgust",
                        "fear",
                        "pain",
                        "frustration"
                  ],
                  "excerpt": "Et les voilà de nouveau emportés dans les tourbillons endiablés .Mais au bout de quelques minutes , le marquis rejoignit son ami : — Ecoute , Pierre , je n ' y puis tenir ! Cette femme sent horriblement mauvais ..",
                  "id": "14",
                  "title": "Contes & nouvelles : premiers essais / J. Girieud"
            },
            {
                  "doc_url": "https://gallica.bnf.fr/ark:/12148/bpt6k9785400n",
                  "emotions": [
                        "disgust",
                        "anger",
                        "fear",
                        "pain"
                  ],
                  "excerpt": "be , étant venue à notre porte demander l ' aumône , j ' eus la curiosité de voir cette jambe ; mais je crois que de vie d ' homme l ' on n ' a jamais rien vû de pareil .Elle étoit pourrie entièrement & d ' une puanteur insupportable , elle étoit noire & putrefiée , il y avoit un trou à mettre le poing , & cinq autres plus petits tout autour : l ' os étoit tout - à - fait carié & c les nerfs pourris ; il avoit avec cela la teigne à la tête & la gale par tout le corps , & de la vermine jusques dans les sourcils ; il êtoit jaune comme safran , & avoit une ficvre violente .Je fus extrêmement touchée de voir l ' état déplorable de ce malheureux , mais je n ' aurois eu garde de l ' entreprendre si je n ' avois connu l ' efficacité de votre Poudre .",
                  "id": "15",
                  "title": "Traité de la vraie cause des maladies, et maniere la plus sûre de les guérir par le moyen d'un seul reméde . Par messire Jean-Gaspard d'Ailhaud..."
            },
            {
                  "doc_url": "https://gallica.bnf.fr/ark:/12148/bpt6k2205640",
                  "emotions": [
                        "fear",
                        "nostalgia"
                  ],
                  "excerpt": "Un sac de paille serait bien bon là , Car plus d ' un a besoin de reposer son chaperon J ' aimerais autant être dans un bois , Sans boire ni manger .Car quand nous allons nous coucher , Les pompes sont près de la tête de nos lits , Et il vaudrait mieux être mort , Que de sentir l ' odeur puante de ce voisinage .Ce propriétaire , qui se prélasse si bien sur son navire où il exerçait une autorité supérieure à celle du capitaine , nous le retrouvons fier et important à l ' hôtellerie de Chaucer dont nous nous sommes tant écartés , et vers laquelle il nous ramène si à propos .",
                  "id": "16",
                  "title": "Histoire des hôtelleries, cabarets, hôtels garnis, restaurants et cafés, et des anciennes communautés et confreries d'hôteliers, de marchands de vins, de restaurateurs, de limonadiers, etc.. Tome 1 / par Francisque Michel,... et par Édouard Fournier,..."
            },
            {
                  "doc_url": "https://gallica.bnf.fr/ark:/12148/bpt6k937846m",
                  "emotions": [
                        "surprise",
                        "disgust",
                        "fear"
                  ],
                  "excerpt": "Guéthary murmura à l ' oreille de Luc : — Ce cher Condamin 1 il ne dit pas tout , il oublie volontairement le revers de la médaille .Le petit éphèbe aux cheveux collés s ’ écria d ' une voix molle et féminisée : — Et puis ces femmes ont une odeur insupportable ! Oh ! cette odeur des femmes , cette odeur 1 Il agita des mains exsangues et parut prêt à dé faillir .— Oui , fit Collonges , railleur et pincé , il y a un m ot de Chamfort là - dessus .",
                  "id": "17",
                  "title": "L'agonie de l'amour : roman / Edmond Jaloux ; hors-texte de Ciolkowski"
            },
            {
                  "doc_url": "https://gallica.bnf.fr/ark:/12148/bpt6k3040529w",
                  "emotions": [
                        "disgust",
                        "anger",
                        "fear",
                        "annoyance",
                        "pain"
                  ],
                  "excerpt": "Cette Chauve - Souris est très frileuse et redoute le mauvais temps ; elle est néanmoins très vigoureuse et batailleuse ; on l ’ a vue se défendre énergiquement contre des chats , et les mâles se livrent des combats en l ’ air .Son cri est menu et strident et elle répand une odeur fade et désagréable .8 ° Vespérien discolore .",
                  "id": "18",
                  "title": "Atlas de poche des mammifères de la France, de la Suisse romane et de la Belgique, avec leur description, moeurs et organisation, suivi d'une étude d'ensemble sur les mammifères / par René Martin... ; peintures et dessins par A. Bessin"
            },
            {
                  "doc_url": "https://gallica.bnf.fr/ark:/12148/bpt6k9621424x",
                  "emotions": [
                        "fear"
                  ],
                  "excerpt": "Les délayants appropriés sont certainement uliles dans toutes les fièvres , mais il y en a quelques - unes qui demandent autre chose que de l ' eau d ' orge et de la limonade .J ' ai déjà dit beaucoup de choses à ce sujet dans mon Essai sur les fièvres ; je n ' ajouterai qu ' un ou deux mots sur l ' usage des alcalis - volatils , dans les fièvres putrides , pestilentielle ; ou pétéchiales , dans lesquellesje crains bien qu ' on ne les administre très - souvent mal à propos .— Je dois faire observer à ce sujet que dans toutes les fièvres de cette nature , on trouve toujours le sang dissous , et qu ' à la fin il devient très - acrimonieux et en quelque sorte sanieux et putride : par conséquent tout ce qui tend à accélérer l ' acrimonie et la dissolution du sang , est très - propre à produire ces fièvres , et à augmenter leur malignité lorsqu ' elles surviennent : mais les sels alcalis - volatils font l ' un et l ' autre au plus haut degré ; car quoiqu ' ils puissent retarder la putréfaction des chairs des animaux , et même jusqu ' à un certain point celle du sang hors du corps ( ce que font aussi l ' arsenic et le sublimé - corrosif ) , cependant lorsqu ' ils se mêlent avec le sang , qui est encore soumis à la force de la circulation et à celle de la vie , ils hâtent sûrement sa dissolution , et par conséquent sa putréfaction ; et lors même qu ' on les mêle avec le sang à mesure qu ' il coule de la veine , ils détruisent entièrement le tissu des globules rouges , à peu près de la même manière que le poison de la vipère en détruisant l ' union ou la cohésion des parties qui les composent : le sang des hommes les plus robustes ( le sang même le plus couenneux des chevaux , comme je l ' ai souvent éprouvé ) traité de cette manière ne se coagule jamais , mais reste fluide comme un sang corrompu , ou une véritable sanie .",
                  "id": "19",
                  "title": "Encyclopédie des sciences médicales. 4, Médecine pratique de Thomas Sydenham / traduite par A.-F. Jault,.... Essai sur les fièvres et dissertations sur les maux de gorge gangréneux et la colique de Dévonshire / par Jean Huxam [\"sic\"]"
            },
            {
                  "doc_url": "https://gallica.bnf.fr/ark:/12148/bpt6k165230n",
                  "emotions": [
                        "disgust",
                        "fear"
                  ],
                  "excerpt": "Quand l ' oxygène de l ' air n ' arrive pas en suffisante quantité sur le charbon qui brûle , il se forme de l ' acide carbonique et de Voxyde de carbone ; ce dernier est aussi un gaz , il renferme moins d ' oxygène que l ' acide carbonique , il peut donc encore en prendre , c ' est - à - dire brûler .C ' est un gaz très dangereux à respirer , il est non seulement asphyxiant mais délétère , c ' est - à - dire qu ' il empoisonne ; l ' acide carbonique est seulement asphyxiant .EXERCICES .",
                  "id": "20",
                  "title": "Notions de sciences physiques et naturelles appliquées à l'agriculture, 50 expériences pour l'école primaire, par René Leblanc,... Cours supérieur. Livre de l'élève. 2e édition..."
            }
      ]
}