{
      "articles": [
            {
                  "doc_url": "https://gallica.bnf.fr/ark:/12148/bpt6k5455287h",
                  "emotions": [
                        "surprise",
                        "disgust",
                        "fear",
                        "envy",
                        "greed",
                        "pain"
                  ],
                  "excerpt": ".Elle sent mauvais autant qu ' elle enchante ; le Gange y est silencieux et les rueè terriblement tumultueuses ; Bénarès est un contraste , un choc de toutes les manifestations de la vie indigène convergeant là .Et cette double expansion vitale au soleil fait sa magnificence et sa vigueur d ' impressions .",
                  "id": "1",
                  "title": "Mes amis les Hindous : notes de voyage aux Indes : Ceylan, Pondichéry, Calcutta, Bénarès, Agra, Delhi, Jeypoure, Madras, Mahé, Tandjore, Trichnopoli / Paul Bluysen,..."
            },
            {
                  "doc_url": "https://gallica.bnf.fr/ark:/12148/bpt6k57057687",
                  "emotions": [
                        "fear",
                        "nervousness",
                        "pain"
                  ],
                  "excerpt": ": .l ' haleine est fétide , lé malade dort peu , son sommeil est agité , ia des sueurs nocturnes .La température oscille autour de39 < > 5 , .",
                  "id": "2",
                  "title": "Action hémostatique du sérum gélatiné en injections hypodermiques / par le Dr J. Cérac,..."
            },
            {
                  "doc_url": "https://gallica.bnf.fr/ark:/12148/bpt6k8877647",
                  "emotions": [
                        "disgust",
                        "fear"
                  ],
                  "excerpt": "Elle aimait l ' ail , en usait et en abusait .Mon appartement n ’ était plus tenable ; en entrant , cette odeur vous prenait à la gorge , à ce point que la police me menaça de m ’ expulser de ma rue .Je m ’ en séparai et cherchai une bonne gaie .",
                  "id": "3",
                  "title": "Les Lectures de la femme : magazine illustré hebdomadaire d'éducation et de récréation : revue de la femme et de la jeune fille"
            },
            {
                  "doc_url": "https://gallica.bnf.fr/ark:/12148/bpt6k64068s",
                  "emotions": [
                        "fear",
                        "doubt",
                        "nervousness"
                  ],
                  "excerpt": "Pas une trace qui lui indiquât une porte quelconque .Que faire ? N ' avaient - ils donc échappé a un horrible danger que pour risquer maintenant de périr d ' une mort plus affreuse encore ? Le jeune hommo sentait sfs hras ~ ' engourdir sousie poids qu ' il portait ; ses muscleg faiblissaient , et pourtant il ne voulait pas déposer le corps inanimé do Marie sur cette terre qui , sans doute , était imprégnée de miasmes contagieux .Il se raidissait contre la sounrance qui l ' envahissait peu à peu .",
                  "id": "4",
                  "title": "La bataille de Strasbourg. [Vol. 2] / par Jules Lermina"
            },
            {
                  "doc_url": "https://gallica.bnf.fr/ark:/12148/bpt6k5767292f",
                  "emotions": [
                        "anger",
                        "fear",
                        "pain"
                  ],
                  "excerpt": ", ) ; Le 12 , le , gonflement de la face a fait des prpgr .ès cffrâyàns , , l ' enfant est défiguré ; son cri est tout - à - fait étouffé ; : l ' oedème des membres persiste ; un » ) odeur d ' oeufs pourris sort de la bouche , qui est presque toujours remplie de mucosités sanguinolentes .Le gonflement correspbridant de .",
                  "id": "5",
                  "title": "Traité des maladies des enfans nouveaux-nés et à la mamelle. 1, TEXTE / , fondé sur de nouvelles observations cliniques et d'anatomie pathologique faites à l'hôpital des enfans-trouvés de Paris, dans le service de M. Baron ; par C. Billard,..."
            },
            {
                  "doc_url": "https://gallica.bnf.fr/ark:/12148/bpt6k5660304s",
                  "emotions": [
                        "surprise",
                        "disgust",
                        "fear"
                  ],
                  "excerpt": "Que deviendront - elles , lorsqu ' elles auront appris que j ' ai agonisé pendant deux , trois , quatre jours ! La tête me tourne ; l ' effort de ramper jusqu ' à mon voisin ' m ' a définitivement épuisé .Et , par - dessus le marché , celle horrible odeur ! Comme il est devenu noir ! ..",
                  "id": "6",
                  "title": "L'âme russe : contes choisis de Pouchkine, Gogol, Tourguénev, Dostoïevsky, Garchine, Léon Tolstoï / traduction de Léon Golschmann et Ernest Jaubert ; illustrations de M. Korochansky"
            },
            {
                  "doc_url": "https://gallica.bnf.fr/ark:/12148/bpt6k5436360z",
                  "emotions": [
                        "grief",
                        "fear",
                        "nostalgia"
                  ],
                  "excerpt": "Je ne frapperai plus aux somnolentes portes .Les odeurs monteront vers moi , sombres et fortes , Avec le souvenir diaphane des Mortes .Virgo Hebraïca VIT { GO HE < BeI { c41Co4 1 u m ' apportes l ' ardeur des nuits de Palestine .",
                  "id": "7",
                  "title": "La Vénus des aveugles / Renée Vivien"
            },
            {
                  "doc_url": "https://gallica.bnf.fr/ark:/12148/bpt6k5629350q",
                  "emotions": [
                        "fear",
                        "pain"
                  ],
                  "excerpt": "FONDATION COMPROMISE 209 plutôt ; mais il eut si peur de la contagion qu ' on disait être à Beaufort qu ' il n ' en approcha pas de plus près que Baugé .Un des amis de la Mère des Essarts , l ' étant venu voir en passant , respira un si mauvais air dans cet hôpital , qu ' il crut être empoisonné et , en la quittant , se mit dans les remèdes .Une dame de qualité se sentant intérieurement pressée d ' aller visiter les pauvres de l ' Hôtel - Dieu de Beaufort , à l ' exemple de M1Ie de Melun , dont la vertu l ' avait charmée , n ' y entrait qu ' avec toutes les précautions imaginables et \" n ' en sortait qu ' avec étonnement de ce que cette princesse y pouvait vivre un seul jour .",
                  "id": "8",
                  "title": "Vie de Mlle de Melun, fille du prince d'Epinoy, fondatrice de l'Hôtel-Dieu et des hospitalières de Baugé. Nouvelle édition, publiée d'après les textes originaux, revue et annotée par M. le chanoine Portais,... (19 mars 1898.) / Joseph Grandet"
            },
            {
                  "doc_url": "https://gallica.bnf.fr/ark:/12148/bpt6k28921r",
                  "emotions": [
                        "fear",
                        "nervousness"
                  ],
                  "excerpt": "Sous la langue , les veines sont grosses et distendues .On est effrayé de l ' épaisseur d £ s le * • yres , qui lorsqu ' elles s ' entr ' ouvrent laissent apercevoir des dents couvertes d ' un limon noirâtre , dont la puanteur a été comparée à celle du bouc , c ' est presque l ' odeur cadavéreuse d ' un cimetière .Le Caractère moral des lépreux prend toujours une teinte sombre et mélancolique .",
                  "id": "9",
                  "title": "Dictionnaire de médecine usuelle. Tome 1 / (publié sous la direction de J.-P. Beaude) par une société de professeurs, de membres de l'Académie royale de médecine, de médecins et de chirurgiens des hôpitaux"
            },
            {
                  "doc_url": "https://gallica.bnf.fr/ark:/12148/bpt6k30595118",
                  "emotions": [
                        "fear"
                  ],
                  "excerpt": "Olivier de Serres recommande , comme un des meilleurs engrais à donner à la vigne , les cimes et tronçons ♦ DES ENGRAIS ET DES AMENDEMGNS .J 35 de buisi : on en fait encore usage clans plusieurs contrées du midi ; mais je craindrais que l ’ odeur nauséabonde du buis ne se communiquât aux raisins .On obtiendrait sans doute un meilleur résultat des feuilles et des tiges d ’ une foule d ’ arbrisseaux qui ne portent aucune odeur : ces tiges devraient être hachées ou à demi décomposées avant d ’ être enfouies dans le terrain .",
                  "id": "10",
                  "title": "Traité de la culture de la vigne et de la vinification , contenant des préceptes généraux de culture applicables à tous les climats ; une nomenclature des espèces de vignes, avec l'indication de celles qui produisent les meilleurs vins ; la théorie de la fermentation, avec l'explication de ses phénomènes ; l'application de cette théorie à la fabrication des vins rouges et blancs, des vins de liqueur naturels et artificiels, et des vins mousseux ; la discussion des expériences faites, et l'indication de celles à faire pour compléter la théorie et éclairer la pratique de la vinification, etc., etc. Par B. A. Lenoir..."
            },
            {
                  "doc_url": "https://gallica.bnf.fr/ark:/12148/bpt6k3276020m",
                  "emotions": [
                        "fear"
                  ],
                  "excerpt": "suivant l ’ expression populaire .Voici d ’ autre part le texte de l ’ affiche placardée en ville : MEETING DE PROTESTATION , contre ' LES ODEURS DE CORBEHEM ASSEZ D ’ EMPOISONNEMENT ! Mes Çhers Concitoyens , Depuis plusieurs mois , nous sommes empoisonnés par des odeurs putrides et nauséabondes provenant d ’ une usine récemment installée à Corbehem .Les émanations qui s ’ en dégagent incommodent tout le monde , chez certains elles causent des malaises .",
                  "id": "11",
                  "title": "La Vie douaisienne : journal hebdomadaire mondain, théâtral, artistique et sportif, moniteur des sociétés locales [\"puis\" mondaine, littéraire, artistique et sportive]"
            },
            {
                  "doc_url": "https://gallica.bnf.fr/ark:/12148/bpt6k9673268d",
                  "emotions": [
                        "disgust",
                        "fear",
                        "nervousness",
                        "embarrassment"
                  ],
                  "excerpt": "Il ne prenait pas cette précaution contre le vent qui aurait pu éteindre les bougies , et Cavaroc n ' eut pas de peine à deviner pourquoi il tenait à se clore .Une odeur méphitique les prit à la gorge et les fit reculer .Vanda , ( lui avait suivi , chancelait , et Cavaroc remarqua que ses yeux restaient obstinément fixés sur le coin obscur où il l ' avait trouvée assise quand il était entré .",
                  "id": "12",
                  "title": "Décapitée / Fortuné Du Boisgobey"
            },
            {
                  "doc_url": "https://gallica.bnf.fr/ark:/12148/bpt6k5482094v",
                  "emotions": [
                        "surprise",
                        "disgust",
                        "fear",
                        "annoyance",
                        "doubt"
                  ],
                  "excerpt": ".morts , pourquoi ne pouvait - il en être autrement ? — Vous pénétrez dans une salle où se tiennent ' « le nombreuses personnes , une odeur acre , désagréable , vous saisit à la gorge , quelle conclusion en tirez - vous ? — Le poêle de la classe chauffe trop fortement , faut - il fermer complètement la clef du tirage ? — Pourquoi ? Rédactions .— 1 .",
                  "id": "13",
                  "title": "Les sciences physiques et naturelles : avec leurs applications à l'hygiène, à l'agriculture, à l'industrie et à l'enseignement ménager / par Alcide Lemoine,... & Eugène Fournier,..."
            },
            {
                  "doc_url": "https://gallica.bnf.fr/ark:/12148/bpt6k103022f",
                  "emotions": [
                        "disgust",
                        "fear",
                        "pain",
                        "embarrassment"
                  ],
                  "excerpt": "Plus puissant encore et plus rude , je l ' ai suivi ce fleur à la campagne sur un peloton de faneuses passant en plein soleil .C ' était excessif et terrible ; cela vous piquait les narines comme un flacon débouché d ' alcali , ou vous les saisissait , irritant les muqueuses par une rude senteur tenant du fauve relent du canard sauvage cuit aux olives et de l ' odeur pointue de l ' échalotte .Somme toute , cette émanation n ' avait rien de répugnant et de vil ; elle se mariait comme une chose attendue , à l ' odeur formidable du paysage ; elle était la note pure , complétant par le cri de chaleur de la bête humaine la mélodie odorante des bestiaux et des bois .",
                  "id": "14",
                  "title": "Croquis parisiens / J. K. Huysmans ; eaux-fortes de Forain et Raffaelli"
            },
            {
                  "doc_url": "https://gallica.bnf.fr/ark:/12148/bpt6k63359220",
                  "emotions": [
                        "fear"
                  ],
                  "excerpt": "On va crier après moi quand je la peindrai telle qu ' elle est , comme on l ' a fait après ma verdure ; cependant je serai vrai .L ' intérieur des rues est très - sombre et d ' une puanteur abominable .Les cadavres qui sont encore sous les décombres ne contribuent pas peu à augmenter ce que les ordures , les diarrhées générales de l ' armée émanent de miasmes pestilentiels ; Montfaucon est la boutique de Lubin en comparaison .",
                  "id": "15",
                  "title": "Joseph, Carle et Horace Vernet : correspondance et biographies / par Amédée Durande"
            },
            {
                  "doc_url": "https://gallica.bnf.fr/ark:/12148/bpt6k5436360z",
                  "emotions": [
                        "disgust",
                        "fear",
                        "excitement",
                        "nervousness"
                  ],
                  "excerpt": "Et nul ne gémit et nulle ne bouge , Mais , dans une extase où meurt le désir , Où la main se tend et n ' ose saisir , Une larme a coulé de leur paupière rouge .La Fourrure Lot FO UT ^ ^ C / T ^ E * J E hume en frémissant la tiédeur animale D ' une fourrure aux bleus d ' argent , aux bleus d ' opale ; J ' en goûte le parfum plus fort qu ' une saveur , Plus large qu ' une voix de rut et de blasphème , Et je respire , avec une égale ferveur , La Femme que je crains et les Fauves que j ' aime .Mes mains de volupté glissent , en un frisson , Sur la douceur de la Fourrure , et le soupçon De la bete traquée aiguise ma prunelle .",
                  "id": "16",
                  "title": "La Vénus des aveugles / Renée Vivien"
            },
            {
                  "doc_url": "https://gallica.bnf.fr/ark:/12148/bpt6k8877647",
                  "emotions": [
                        "disgust",
                        "fear",
                        "doubt",
                        "nervousness",
                        "pain"
                  ],
                  "excerpt": "Avec cela , une pluie torrentielle , un temps lourd et nos vêtements constamment mouillés .Une odeur infecte venant do la terre et du fleuve , c ’ est un je ne sais quoi d ’ angoissant qui fait mal .On conçoit qu ’ une telle vie soit faite pour inspirer un courage au delà des forces humaines .",
                  "id": "17",
                  "title": "Les Lectures de la femme : magazine illustré hebdomadaire d'éducation et de récréation : revue de la femme et de la jeune fille"
            },
            {
                  "doc_url": "https://gallica.bnf.fr/ark:/12148/bpt6k28921r",
                  "emotions": [
                        "fear"
                  ],
                  "excerpt": "En tous cas sa cassure est comme celle de l ' émail ; il aune saveur acre un peu styptique , mais qui ne se fait pas sentir de suite parce que ce corps n ' est pas très - soluble .Si on le chauffé dans un creuset de terre , il se volatilise , répand dés vapeurs blanches inodores , mais très ^ - dangëreuses à respirer .Si on le place sur des charbons ardents les vapeurs qu ' il répand ont une odeur alliacée .",
                  "id": "18",
                  "title": "Dictionnaire de médecine usuelle. Tome 1 / (publié sous la direction de J.-P. Beaude) par une société de professeurs, de membres de l'Académie royale de médecine, de médecins et de chirurgiens des hôpitaux"
            },
            {
                  "doc_url": "https://gallica.bnf.fr/ark:/12148/bpt6k2001402",
                  "emotions": [
                        "disgust",
                        "fear"
                  ],
                  "excerpt": "BLAPS , sm .Insectecoléoptèrenoirquicnurt trér - vitc et qai exhale une mauvaise odeur ; il habite lespm ' [ ics obscures et humides des mai - son ! BLASON , sm .Deviaeset armes peintes snf un éeu , teUes que les portaient les anciens chevaliers et tes gens nobles , 1 Science , étude de ces armes .",
                  "id": "19",
                  "title": "Dictionnaire des termes techniques de la science, de l'industrie, des lettres et des arts / par Alfred Souviron,..."
            },
            {
                  "doc_url": "https://gallica.bnf.fr/ark:/12148/bpt6k5436360z",
                  "emotions": [
                        "disgust",
                        "fear",
                        "nostalgia"
                  ],
                  "excerpt": "Mes vers sont pareils à des oripeaux .Ah ! ce beuglement d ' affreuses musiques D ' orgues , cette odeur de crasse et de peaux ! Ce spectacle effronté de nos âmes publiques ! Les Lèvres pareilles LES LÈVRJBS TcA % EILLES L ' ODEUR des frézias s ' enfuit Vers les cyprès aux noirs murmures ..",
                  "id": "20",
                  "title": "La Vénus des aveugles / Renée Vivien"
            }
      ]
}