{
      "articles": [
            {
                  "doc_url": "https://gallica.bnf.fr/ark:/12148/bpt6k6473509g",
                  "emotions": [
                        "fear"
                  ],
                  "excerpt": "oir Haches imperméables et 1er - nis ffros ) .Huiles rousses ( fa - Odeur , danger id .brication des ) par d ' inccndie .",
                  "id": "1",
                  "title": "Manuel d'hygiène publique et industrielle ou Résumé pratique des attributions des membres des conseils d'hygiène / par Edmond Dupuy,..."
            },
            {
                  "doc_url": "https://gallica.bnf.fr/ark:/12148/bpt6k6473509g",
                  "emotions": [
                        "fear"
                  ],
                  "excerpt": "Voir Goudron .Gaz d ' éclairage et Ces établisse - Odeur , danger Prescriptions n .1 Bunel .",
                  "id": "2",
                  "title": "Manuel d'hygiène publique et industrielle ou Résumé pratique des attributions des membres des conseils d'hygiène / par Edmond Dupuy,..."
            },
            {
                  "doc_url": "https://gallica.bnf.fr/ark:/12148/bpt6k6473509g",
                  "emotions": [
                        "disgust",
                        "fear"
                  ],
                  "excerpt": "2 .Graisses à feu nu Odeur , danger Prescriptions n .1 Bunel 200 .",
                  "id": "3",
                  "title": "Manuel d'hygiène publique et industrielle ou Résumé pratique des attributions des membres des conseils d'hygiène / par Edmond Dupuy,..."
            },
            {
                  "doc_url": "https://gallica.bnf.fr/ark:/12148/bpt6k1177376",
                  "emotions": [
                        "anger",
                        "fear",
                        "annoyance",
                        "disapproval",
                        "doubt"
                  ],
                  "excerpt": "» Mâtho fut comme réveillé par le sifflement de sa voix , il semblait ne pas comprendre ; Spendius reprit – « Ali ! quelles richesses ! et les hommes qui les possèdent n ' ont pas même de 1er pour les défendre ! » Alors , lui faisant voir de sa main droite étendue quelques - uns de la populace qui rampaient en dehors du môle , sur le sable , pour chercher des paillettes d ' or – « Tiens ! » lui dit - il , « la République est comme ces misérables courbée au bord des océans , elle enfonce dans tous les rivages ses bras avides , et le bruit des flots emplit tellement son oreille qu ' elle n ' entendrait pas venir par derrière le talon d ' un mai Ire » 11 entraîna Mâtho tout à l ' autre bout de la terrasse , et lui montrant le jardiu où miroitaient au soleil les épées des soldats suspendues dans les arbres – « Mais ici il y a des hommes forts dont la haine est exaspérée et rien ne les attache à Carthage , ni leurs familles , ni leurs serments , ni leurs dieux » Mail 10 restait appuyé contre le mur ; Spendius , se rapprochant , poursuivit à voix basse – « Me comprends - tu , soldat ? nous nous promènerions couverts de pourpre connue des satrapes .On nous laverait dans les parfums j ' aurais des esclaves à mon tour ! K ' cs - tu pas las de dormir sur la terre dure , de boire le vinaigre des camps et toujours d ' entendre la trompette ? Tu te reposeras plus tard , n ' est - ce pas ? quand on arrachera ta cuirasse pour jeter ton cadavre aux vautours ! ou peut - être , t ' appuyant sur un bâton , aveugle , boiteux , débile , tu t ' en iras de porte en porte raconter ta jeunesse aux petits enfants et aux vendeurs de saumure .Rappelletoi toutes les injustices de tes cliefs , les campements dans la neige , les courses au soleil , les tyrannies de la discipline et l ' éternelle .",
                  "id": "4",
                  "title": "Salammbô (2e édition) / par Gustave Flaubert"
            },
            {
                  "doc_url": "https://gallica.bnf.fr/ark:/12148/bpt6k5781102c",
                  "emotions": [
                        "grief",
                        "fear",
                        "relief"
                  ],
                  "excerpt": "Quel contraste entre le printemps et l ' automne , et quelles sensations différentes ces saisons font naître dans Pâme ! Au printemps , la nature entière , secouant son long sommeil de l ' hiver , renaît à la vie .La brise , embaumée de mille senteurs , gémit doucement ; ce n ' est plus la voix terrible de l ' ouragan sous qui se courbait , frémissant , le front de l ' arbre séculaire .Arbres et arbustes se couvrent de feuilles ; l ' hirondelle , messagère des beaux jours , quittant le ciel de l ' exil , revient au toit qui l ' a vue naître ; la tourterelle fait entendre dans les bois son roucoulement si plaintif , qu ' elle semble pleurer d ' avance cette belle saison qui commence , mais qui finira ! La fauvette réjouit le bosquet de son doux ramage ; l ' alouette , par son chant matinal , salue le — 181 — retour du jour quand le rossignol cesse sa mélodie .",
                  "id": "5",
                  "title": "Souvenirs et pensées d'une jeune fille / Mlle Caroline Normand, juillet 1857-avril 1861 ; [publié par P.-S. Vert]"
            },
            {
                  "doc_url": "https://gallica.bnf.fr/ark:/12148/bpt6k5530061q",
                  "emotions": [
                        "surprise",
                        "grief",
                        "disgust",
                        "fear",
                        "nervousness",
                        "embarrassment"
                  ],
                  "excerpt": "» Une autre femme encor passa sous lo vieux arbre .En la voyant venir , jo me senlis de marbre ; Un hibou la suivait , un sinistre corbeau Annonçait son passage ; une odeur do tombeau S ' exhalait de ses pas .« Ton nom ? — Jo suis ta mèro ; Suis - moi , ferme ta bouche à toute source amère , L ' ablmo où je descends n ' est pas une prison ; C ' est le sombre chemin d ' un plus grand horizon .",
                  "id": "6",
                  "title": "Poésies complètes de Arsène Houssaye"
            },
            {
                  "doc_url": "https://gallica.bnf.fr/ark:/12148/bpt6k57482941",
                  "emotions": [
                        "disgust",
                        "fear",
                        "nervousness",
                        "pain"
                  ],
                  "excerpt": "Ces racines grosses , épaisses , jaunâtres , spongieuses , extrêmement amères , entraient dans le remède fameux , connu sous le nom de thériaque .Elles sont stomachiques et fébrifuges .< c Les plantes du genre Gentiane , dit le célèbre Bosc , sont au » nombre de celles que la sage nature semble avoir multipliées » dans les pâturages , pour assurer la reproduction de celles qui » sont recherchées par les animaux pâturants .",
                  "id": "7",
                  "title": "L'Agriculture comme source de richesse, comme garantie du repos social : recueil uniquement consacré aux progrès de l'agriculture, des sciences et des arts qui s'y rapportent, dans la Gironde et les départements environnants ..."
            },
            {
                  "doc_url": "https://gallica.bnf.fr/ark:/12148/bpt6k6552985m",
                  "emotions": [
                        "anger",
                        "fear",
                        "desire",
                        "nervousness"
                  ],
                  "excerpt": "Je ne vous ai rien appris , n ' est - ce pas ? en vous faisant cet aveu , et je connais pour ma part , le trouble que la sincérité de cet amour a jeté en vous .Ne vous en défendez pas : vous serez à moi comme je serai à vous , je le veux et je le jure ! ! Maître Poubaud était effrayant : ses yeux était injectés de désirs et son nez bestial humait une odeur de chair où ses lèvres semblaient mordre .— C ' est impossible , disait mademoiselle Lenfant ; pourquoi me parlez - vous ainsi ? — Rien n ' est impossible , répliqua l ' avoué : l ' avenir a tant de secrets .",
                  "id": "8",
                  "title": "Ida Lenfant / Maxime Rude"
            },
            {
                  "doc_url": "https://gallica.bnf.fr/ark:/12148/bpt6k1227940",
                  "emotions": [
                        "fear"
                  ],
                  "excerpt": "o ( ulu la bry - one iryunia alla ; la pédïculaire des marais , pedicularis palustris celle des bois , ' £ .syloalica l ' eupatoire à feuilles de chanvre , eupatarium cannabinum la mercuriale annuelle , mercurialis annua : poison pour tous les autres animaux d ' après Ray et jLinnxus la prêle des champs , equisetum arvense celle des marais , El palustre et la fougère mâle polypadluniJUix mas , ' L .Il est encore plusieurs plantes qui ne sont mangées que par les porcs et ce sontle plus souvent les racines qu ' ili recherchent .",
                  "id": "9",
                  "title": "Nouveau dictionnaire d'histoire naturelle appliquée aux arts, à l'agriculture, à l'économie rurale et domestique, à la médecine. T23 / . Par une société de naturalistes et d'agriculteurs. Nouvelle édition..."
            },
            {
                  "doc_url": "https://gallica.bnf.fr/ark:/12148/bpt6k1227940",
                  "emotions": [
                        "disgust",
                        "fear",
                        "nervousness"
                  ],
                  "excerpt": "C ' est de la même source qu ' émanent une foule d ' effets dans l ' économie animale .Certaines odeurs font tomber les femmes nerveuses en convulsions , comme le musc v licivette ; des odeurs de médicamens de rhubarbe , de séné , d ' hellébore , purgent , et j ' en conhois des exemples .( Vay .",
                  "id": "10",
                  "title": "Nouveau dictionnaire d'histoire naturelle appliquée aux arts, à l'agriculture, à l'économie rurale et domestique, à la médecine. T23 / . Par une société de naturalistes et d'agriculteurs. Nouvelle édition..."
            },
            {
                  "doc_url": "https://gallica.bnf.fr/ark:/12148/bpt6k1091324d",
                  "emotions": [
                        "surprise",
                        "disgust",
                        "fear"
                  ],
                  "excerpt": "Entre les hauts arceaux , d ’ autres nefs latérales Noyaient dans les lointains la blancheur de leurs dalles Sous les pâles vitreaux , mon oeil , le long des murs Suivait des ornements groupes hardis et purs , Etoiles de granit , fleurs d ’ une forme étrange Et telles que jamais n ’ en créa Michel - Ange .Des voiles aux piliers noués négligemment Sous un souffle inconnu frissonnaient par moment , Ni parfums , ni flambeaux ; pas une trace humaine Ne [ troublait du parvis la majesté sereine ; s Rien que la solitude emplissant tout ce lieu j Rien que la sainte horreur des omhres et de Dieu .J ’ allais , sans éveiller l ’ écho de cette enceinte ; J ’ allais , me dirigeant , plein d ’ extase et de crainte , Aux lueurs qui traînaient sur le sol radieux , Et laissant mon esprit flotter avec mes yeux .",
                  "id": "11",
                  "title": "Encore des vers : premier livre / par P.-Alexandre Saint-Jean"
            },
            {
                  "doc_url": "https://gallica.bnf.fr/ark:/12148/bpt6k64861952",
                  "emotions": [
                        "fear",
                        "pain"
                  ],
                  "excerpt": "— Alors , madame , est - ce que vous voulez bien me vendre une livre de pain ? — Nous ne vendons pas de pain , mais je peux vous donner à dîner si vous avez faim .Par la porte ouverte il m ' arrivait une odeur de choux , et j ' entendais la marmite bouillir sur le feu .Ma faim ne put y résister .",
                  "id": "12",
                  "title": "Romains Kalbris / par Hector Malot..."
            },
            {
                  "doc_url": "https://gallica.bnf.fr/ark:/12148/bpt6k10250698",
                  "emotions": [
                        "fear",
                        "nervousness"
                  ],
                  "excerpt": "La dissection la plus exacte ne me fit apercevoir » aucune inflammation ; mais lorsque nous ouvrîmes l ' estomac , il en sortit une odeur » d ' amande amère très - exaltée , qui pensa nous suffoquer .Ainsi je crois que cette » vapeur agit sur les nerfs ; car si nous nous étions obstinés à respirer l ' odeur qui » s ' exhalait de l ' estomac , nous serions tombés évanouis , et peut - être aurions - nous » aussi été suffoqués .Malgré les fâcheux effets que produit cette eau qu ' on a » distillée sur les feuilles de Laurier - Cerise , elle peut être un bon stomachique , » étant prise à petite dose ; car si on en fait avaler tous les jours deux à trois » gouttes à un chien , son appétit augmente et il engraisse .",
                  "id": "13",
                  "title": "Nouveau traité des arbres fruitiers... par Duhamel Du Monceau. Nouvelle édition... par MM. Veillard, Jaume Saint-Hilaire, Mirbel, Poiret et Loiseleur-Deslongchamps..."
            },
            {
                  "doc_url": "https://gallica.bnf.fr/ark:/12148/bpt6k4228951q",
                  "emotions": [
                        "fear"
                  ],
                  "excerpt": "autres de même nature .Si les plaies font profondes , on fera des injeélions vulnéraires ; & fl l ’ on craignoit la gangrené , on prel - criroit l ’ ufage intérieur du quinquina , & des anti - phlogiftiques .On fomenteroit doucement la partie , avec autant d ’ eau - de - vie camphrée , que d ’ eau d « chaux .",
                  "id": "14",
                  "title": "Nouveau dictionnaire universel et raisonné de médecine et de chirurgie et de l'art vétérinaire. Tome 5 / ... par une société de médecins"
            },
            {
                  "doc_url": "https://gallica.bnf.fr/ark:/12148/bpt6k4228951q",
                  "emotions": [
                        "disgust",
                        "anger",
                        "fear",
                        "annoyance",
                        "courage"
                  ],
                  "excerpt": ") pulvérifez & mêlez enfemble , du vitriol blanc , dix - huit onces , du fucre fin , du falpêtre , de chaque neuf onces , de l ’ alun deux onces , du fel ammoniac fix gros & du camphre demi - once ; mettez le mélange dans un pot de terre vernifTé , humeélez - le en conlif - tance de miel avec de la faumure d ’ olives , puis ayant mis le pot fur un petit feu , faites defl ' echer doucement la matière juiqu ’ à ce quelle ait pris la dureté d ’ une pierre , gardez - la couverte , car elle s ’ hume & e aifément .Elle eft déterfive , vulnéraire , aftringente ; elle jréfifte à la gangrené , elle arrête le fang étant appliquée féche ou dilfoute .On l ’ employe pour les cata - raéles des yeux en collyre , pour les ulcérés fcorbu - tiques , pour les vieilles gonorrhées en injeéfions .",
                  "id": "15",
                  "title": "Nouveau dictionnaire universel et raisonné de médecine et de chirurgie et de l'art vétérinaire. Tome 5 / ... par une société de médecins"
            },
            {
                  "doc_url": "https://gallica.bnf.fr/ark:/12148/bpt6k4228951q",
                  "emotions": [
                        "fear"
                  ],
                  "excerpt": "de la privation des odeurs fortes , dont les hommes font fans ceffe ufage .On rapporte qu ’ il y a dans les Ifles Antilles des Negres , qui comme les chiens , fui - vent les Negres à la pifte , & diftinguent par le moyen de l ’ odorat , celle d ’ un Negi - e d ’ avec celle d ’ un Fran ~ ois .Le Chevalier d ' Igli parle d ’ un jeune homme qui IS QDO : avoit été élevé dans les forêts , & qui diftinguoît par le moyen de l ’ odorat , fi les ennemis approchoient .",
                  "id": "16",
                  "title": "Nouveau dictionnaire universel et raisonné de médecine et de chirurgie et de l'art vétérinaire. Tome 5 / ... par une société de médecins"
            },
            {
                  "doc_url": "https://gallica.bnf.fr/ark:/12148/bpt6k58175730",
                  "emotions": [
                        "fear",
                        "pain"
                  ],
                  "excerpt": "Cependant il ne faut pas ' en ce cas balancer de saigner par des .sangsues à la vulve , sans quoi il se ferait une fièvre putride , le foie entrerait en fonte , et la femme périrait .le tampon enfin est naturellement , expulsé .",
                  "id": "17",
                  "title": "Leçons du citoyen Alphonse Leroy sur les pertes de sang pendant la grossesse, lors et à la suite de l'accouchement, sur les fausses couches et sur toutes les hémorrhagies, recueillies par le cit. Lobstein,..."
            },
            {
                  "doc_url": "https://gallica.bnf.fr/ark:/12148/bpt6k62250728",
                  "emotions": [
                        "fear",
                        "nervousness",
                        "pain",
                        "embarrassment"
                  ],
                  "excerpt": "La bile humaine est verte , d ' un brun jaunâtre , rougeâtre ou incolore ; sa saveur n ' est pas très - amère ; elle est rarement limpide , et tient souvent en suspension de la matière jaune .Chauffée , elle se trouble et répand l ' odeur de blanc d ' oeuf .L ' extrait de cette bile se décompose comme le précédent lorsqu ' on élève fortement sa température .",
                  "id": "18",
                  "title": "Élémens de chimie médicale. Tome 2 / ; par M. P. Orfila,.."
            },
            {
                  "doc_url": "https://gallica.bnf.fr/ark:/12148/bpt6k6515498b",
                  "emotions": [
                        "surprise",
                        "fear",
                        "doubt",
                        "nervousness"
                  ],
                  "excerpt": "Car il a vu dans un nuage Les Lavandières de la Nuit ! - oo ~ IV DIOGENE se gourmande ., A quoi penses - tu , vieux cynique ? Tes vers sentent le madrigal ! * Ah ! que ne siffles - tu ? Tu verrais la panique ! Sus , chien , mords - les , c ' est ton régal .- < X > - PAUL HUET .",
                  "id": "19",
                  "title": "Diogène au Salon de 1861, revue en quatrains / par Le Guillois,..."
            },
            {
                  "doc_url": "https://gallica.bnf.fr/ark:/12148/bpt6k147186d",
                  "emotions": [
                        "fear"
                  ],
                  "excerpt": "Cependant on a signalé des empoisonnements d ' agnèaux qui , accompagnant leurs mères au pâturage , ont mangé cette plante et sont morts .C ' est plutôt dans le foin qu ' elle est dangereuse parce qu ' elle ne perd point , ainsi qu ' il a été dit , ses propriétés par la dessiccation et parce qu ' aussi elle imprègne de ses alcaloïdes les plantes tassées avec elle .Toutes les parties de la Scille sont vénéneuses , mais le bulbe est la portion du végétal la plus riche en toxique .",
                  "id": "20",
                  "title": "Des plantes vénéneuses et des empoisonnements qu'elles déterminent / par Ch. Cornevin,..."
            }
      ]
}