{
      "articles": [
            {
                  "doc_url": "https://gallica.bnf.fr/ark:/12148/bpt6k5715565k",
                  "emotions": [
                        "grief",
                        "disgust",
                        "fear",
                        "nervousness",
                        "despair",
                        "pain",
                        "embarrassment"
                  ],
                  "excerpt": "Il se trouvaifînaintenant dans une cave , mais dans une cave d ' un aspect vraiment sinistre .Une horrible odeur de pourriture vous saisissait à la gorge , les 2472 LES AUBERGES SANGLANTES murs , qui .semblaient avoir : été lavés , conservaient encore çà et là des tâches suspectés , et dansées angles du plafond les araignées avaient tissé d ' immenses toiles .",
                  "id": "1",
                  "title": "Les auberges sanglantes : l'auberge Peirebeilhe. 3 / par Jules Beaujoint"
            },
            {
                  "doc_url": "https://gallica.bnf.fr/ark:/12148/bpt6k6141057n",
                  "emotions": [
                        "grief",
                        "fear",
                        "nostalgia"
                  ],
                  "excerpt": "C ' était l ' heure tardive où tout \" être vivant , Sentant la nuit tomber , regagné sa demeure , Et ferme ses deux yeux en attendant qu ' il meure .Il circulait dans l ' air terrible où nous étions Des appels tellement chargés d ' afflictions Et des odeurs d ' amour tellement accablantes Que je croyais toujours voir passer sous les plantes , Sous les rocs , sous les grands flots bleus où le feu bout , L ' immense mort qui doit bientôt dévorer tout .Elle continuait , encor plus séductrice , Surnaturelle ! « Terre et cieux ! que je périsse Si je te perds ! Mais non ! tu vas me suivre ! ami , Tu vas me suivre ! Et quand tu seras endormi Sur ma poitrine , les belles étoiles pures Envieront ton sommeil pendant les nuits obscures , Et , se penchant du haut de leurs couches de feu , Te • baiseront avec des bouches d ' azur bleu .",
                  "id": "2",
                  "title": "A genoux / Adelphe Froger"
            },
            {
                  "doc_url": "https://gallica.bnf.fr/ark:/12148/bpt6k54614180",
                  "emotions": [
                        "grief",
                        "sadness",
                        "fear"
                  ],
                  "excerpt": "Mais , hélas ! nul moyen ; tout était bien fermé .Dans cette triste conjoncture , Notre loup , par l ' odeur encor plus affamé , Voit dans la porte une large fissure , S ' approche , et les moutons remarquant sa figure , Reconnaissant son oeil , de colère enflammé , Vont se cacher au fond de leur étable obscure .Voyant qu ' il ne peut rien sur eux , Le larron prend une voix papelarde , Un ton patelin , doucereux : n Ne craignez rien , dit - il , car je fais bonne garde , Et vous veux garantir de sort malencontreux .",
                  "id": "3",
                  "title": "Secondes Fables et poésies diverses, par Pacifique Bousset"
            },
            {
                  "doc_url": "https://gallica.bnf.fr/ark:/12148/bpt6k6549038r",
                  "emotions": [
                        "disgust",
                        "fear"
                  ],
                  "excerpt": [
                        "Toutes les parties qui composent la Lobelia inflata sont usitées en Amérique ; cette plante est récoltée aux environs de New - Labanon et mise sous forme de carrés longs , fortement comprimés , du poids de 250 à 300 grammes .Telle qu ' elle arrive en France , la Lobélieenflée est d ' un vert jaunâtre , d ' une odeur un peu nauséabonde , d ' un goût âcre , ressemblant un peu à celui du tabac .La teinture de Lobélie enflée se prépare au sixième avec l ' alcool à 85 degrés .",
                        "Rarement il produit des accidents généraux .Il est tænicide et semble également avoir une action sur l ' urine qu ' il rend très - foncée .Le Tatzé est un tænifuge puissant , supérieur , dit - on , à nos vermicides indigènes en général quant à l ' activité , et supérieur au grenadier en particulier par son administration plus facile et plus innocente ."
                  ],
                  "id": "4",
                  "title": "Traité de thérapeutique et de matière médicale. Tome 2 / par A. Trousseau,... et H. Pidoux"
            },
            {
                  "doc_url": "https://gallica.bnf.fr/ark:/12148/bpt6k6461564s",
                  "emotions": [
                        "grief",
                        "sadness",
                        "fear",
                        "nervousness"
                  ],
                  "excerpt": "Au demi - jour de la clairière , Son petit nez de chatte flaire Son image qui , près d ' un jonc , Dans le flot d ' argent semble luire , Rendant en perles son sourire , Et lui murmure : « Allons , viens donc ! v « Allons , va donc ! » Chère petite , Sans réfléchir plongez - vous vice , Ainsi vous irez aux amours , D ' abord , sans doute , un peu timide , Puis , qui saic ? — peut - être intrépide ; Nous voyons cela tous les jours .Car dans ces nuits mal reposées Chuchotent les pudeurs rosées Et les enfantines terreurs ; La révélation des choses Est semblable aux boutons des roses S ' ouvrant sous les brumes en pleurs .A SON FILS Sois fier comme l ' orgueil , grand .",
                  "id": "5",
                  "title": "Nouvelles rimes de cape et d'épée : sonnets poudrés et choses de guerre / par Ogier d'Ivry"
            },
            {
                  "doc_url": "https://gallica.bnf.fr/ark:/12148/bpt6k80533z",
                  "emotions": [
                        "disgust",
                        "fear"
                  ],
                  "excerpt": "On aurait dit que la masse jaune du fleuve cherchait à repousser les hommes blancs vers leur pays lointain .Une indescriptible odeur de boue s ' élevait dans l ' air , au - dessus .des berges découvertes par la baisse des eaux , et c ' était en même temps le présage d ' un dur labeur pour les équipages des canonnières , dans leur navigation vers le sud , à travers les bas - fonds .",
                  "id": "6",
                  "title": "La lumière qui s'éteint / Rudyard Kipling"
            },
            {
                  "doc_url": "https://gallica.bnf.fr/ark:/12148/bpt6k69115p",
                  "emotions": [
                        "fear",
                        "courage",
                        "excitement",
                        "nervousness",
                        "embarrassment"
                  ],
                  "excerpt": "Elle sent se poser sur eUe le regard de l ' homme , attirant son regsrd .Paul , - la déshabille de t ' œi ! , glisse - sur la ligne grasse du cou , découvre la roadeur des épaules , les seins aphrodisiaques dont les bou ' ons resplendissent .H arrive à la ' taille ; sa caresse extériorisée s ' arrête et palpite sur le galbe du ventre , autour des cuisses dont son imagination patim les méplats satinés .",
                  "id": "7",
                  "title": "Suggestion... / Henri Nizet"
            },
            {
                  "doc_url": "https://gallica.bnf.fr/ark:/12148/bpt6k6549038r",
                  "emotions": [
                        "fear"
                  ],
                  "excerpt": [
                        "rhæas ( coquelicot , pavot rouge ) , plante annuelle fort commune dans nos moissons , a de grandes fleurs d ' un beau rouge ( ce qui l ' a fait comparer à la cou - leur de la crête de coq .d ' où coquelicot ; Mérat et Delens Cette fleur a une odeur faiblement vireuse et une saveur légèrement amère .Elle doit être séchée , pour l ' usage médical , dans un grenier trèschaud ou dans une étuve .",
                        "Rochette présente les caractères suivants : C ' est une substance solide , amorphe , d ' une couleur jaune citron , très - soluble dans l ' eau , l ' alcool , le chloroforme et l ' éther .Elle jouit d ' un pouvoir colorant assez intense , son odeur est faible , elle ne fait pas éternuer , comme la vératrine , mais elle est amère , âcre et prend à la gorge .Elle est précipitée par le tannin et transformée en Colchiceine ."
                  ],
                  "id": "8",
                  "title": "Traité de thérapeutique et de matière médicale. Tome 2 / par A. Trousseau,... et H. Pidoux"
            },
            {
                  "doc_url": "https://gallica.bnf.fr/ark:/12148/bpt6k4414581",
                  "emotions": [
                        "disgust",
                        "fear"
                  ],
                  "excerpt": "Le combustible le plus employé dans ces tanières est de la bouse de vache qui , appliquée et séchée contre les maisons , sert ensuite à faire des espèces de mottes .Tournefort avait déjà signalé l ' horrible odeur qui s ' échappe de ces terriers .Ainsi , nous retrouvons en Syrie et dans l ' empire ottoman , en Chine et dans l ' Hindou stan toutes les causes que nous avons signalées en Égypte comme prédisposantes à la production de la peste .",
                  "id": "9",
                  "title": "La défense de l'Europe contre la peste et la conférence de Venise de 1897 / par A. Proust,..."
            },
            {
                  "doc_url": "https://gallica.bnf.fr/ark:/12148/bpt6k6457345b",
                  "emotions": [
                        "fear"
                  ],
                  "excerpt": "Il porte sur le nez une ou deux cornes qui peuvent avoir jusqu ' à 60 centimètres de longueur et qui ne sont formées que de poils soudés entre eux .Il est un des rares animaux qui attaquent l ' Homme ; l ' odeur humaine qui généralement fait fuir les animaux le fait accourir , et c ' est un animal redoutable car sa peau épaisse se laisse difficilement entamer par les projectiles .Il vit dans les régions tropicales de l ' Afrique et de l ' Inde et cause de grands dégâts dans les plantations .",
                  "id": "10",
                  "title": "L'homme et les animaux (2e édition) / E. Caustier"
            },
            {
                  "doc_url": "https://gallica.bnf.fr/ark:/12148/bpt6k5608154t",
                  "emotions": [
                        "fear"
                  ],
                  "excerpt": "— 20 — Les hommes sont réquisitionnés pour enterrer les abats .Une acre odeur de sang flotte dans l ' air .Des blessés arrivent à l ' ambulance .",
                  "id": "11",
                  "title": "Un village lorrain pendant les mois d'août et septembre 1914 : Réméréville / C. Berlet"
            },
            {
                  "doc_url": "https://gallica.bnf.fr/ark:/12148/bpt6k371938d",
                  "emotions": [
                        "surprise",
                        "fear",
                        "nervousness"
                  ],
                  "excerpt": "Et , sur les amandiers , debout , dans les jardins , s ' éploient , en un vol rose et blanc , les fleurs nouvelles .Le grand vent plisse au loin la moire des blés verts , tandis que , s ' alarmant d ' obscures influences , grisés des parfums chauds qui flottent dans les airs , les cris nerveux d ' un paon , irritent le silence .C ' est la vie indomptable et que l ' hiver enferme sous la glèbe insensible et les monts refroidis mais qui , se révoltant depuis le premier germe , toujours , hors du linceul , se glisse et reverdit : Solennel , comme hier , là - haut le soleil passe ; sous ses rayons frôlés , les blés croissent sans bruit , et , sur l ' horizon vert haut dressé dans l ' espace , les forêts sourdement semblent monter vers lui .",
                  "id": "12",
                  "title": "Inquiétudes, poèmes / Jean-Paul Tersanne"
            },
            {
                  "doc_url": "https://gallica.bnf.fr/ark:/12148/bd6t53700233",
                  "emotions": [
                        "surprise",
                        "fear"
                  ],
                  "excerpt": "Sur le sol entr ’ ouvert aux béantes crevasses , A travers un chaos mouvant de visions , il allait , chaviré par les explosions , Comme un nageur perdu dans les houles profondes .La bataille au lointain poussait ses larges ondes ; Des vagues de métal s ’ abattaient brusquement ; Des éclairs jaillissaient dans des déchirements 19 * Parmi des souffles chauds mêlés d ’ odeurs puissantes , Et l ’ on voyait surgir l ’ horreur éblouissante .Toute l ’ immensité chancelait dans la nuit .",
                  "id": "13",
                  "title": "Sans gestes : poèmes héroïques / Maurice Bouignol ; préface de madame la comtesse de Noailles"
            },
            {
                  "doc_url": "https://gallica.bnf.fr/ark:/12148/bpt6k5721916h",
                  "emotions": [
                        "disgust",
                        "fear"
                  ],
                  "excerpt": "Ce n ' est que le 16 mars , au soir , que le chiffre en est arrêté à 85 dotis d ' étoffes , dont plusieurs de valeur .Il fait une chaleur épouvantable , et le sol exhale des émanations empoisonnées .Nous trouvons dans nos tentes d ' énormes centi - pede , dont le venin est mortel .",
                  "id": "14",
                  "title": "La vie en Afrique, ou Trois Ans dans l'Afrique centrale. Tome 1 / par Jérôme Becker,... ; Avec préface du Cte Goblet d'Alviella.... ; et appendices comprenant : un projet de gymnases d'exploration et de colonisation ; un vade-mecum du voyageur en Afrique ; les résumés des conférences données sur la région du Tanganika par les capitaines Cambier et Storms ; ainsi que les voyages, séjours, etc., de MM. Crespel, Maes, Wautier, Dutrieux, Popelin, Van den Heuvel, Burdo et Roger... 150 dessins..."
            },
            {
                  "doc_url": "https://gallica.bnf.fr/ark:/12148/bpt6k55415092",
                  "emotions": [
                        "disgust",
                        "fear",
                        "annoyance"
                  ],
                  "excerpt": ".il y règne une odeur désagréable , dit ma voisine au bout d ' un moment .Je songeai alors aux basques de mon habit , qui en effet ne sentaient pas bon .",
                  "id": "15",
                  "title": "Mon voisin Raymond / oeuves choisies de Paul de Kock"
            },
            {
                  "doc_url": "https://gallica.bnf.fr/ark:/12148/bpt6k14230790",
                  "emotions": [
                        "fear"
                  ],
                  "excerpt": "Sa ménagère y dit — « Bonsoir ? » Lui yi rétorqu ’ — « Soir ? Ça boulotte ? » Et le v ’ Ià parti à s ’ asseoir .Ya 1 ’ fricht ' ti su ’ la tab ’ bancale Et par la tabatière ouverte 11 entre avec la bris ’ du soir Cette infami ’ d ’ odeur fécale .11 l ’ a r ’ niflée .",
                  "id": "16",
                  "title": "Doléances : nouveaux soliloques / Jehan Rictus ; front. d'Alfred Jungbluth"
            },
            {
                  "doc_url": "https://gallica.bnf.fr/ark:/12148/bpt6k204945j",
                  "emotions": [
                        "disgust",
                        "fear",
                        "pain"
                  ],
                  "excerpt": "La police de Pékin est très - sévère pour les fumeurs qui se cachent chez eux pour se livrer à leur passion .Cependant , il n ' est pas rare de rencontrer dans les rues de ces malheureux , déjà marqués par ce fatal poison , qui n ' a d ' autre mérite que de donner des visions fantastiques à leur sommeil ils sont osseux , jaunes , parcheminés ; leur bouche est baveuse , leur parler difnclle , leurs yeux hagards , leur haleine fétide .Celui qui commence à fumer l ' opium est perdu Rien ne peut lui faire perdre cette aflreuse habitude qui le tue avant cinquante ans ! Aux détails que nous venons de donner sur les costumes et les habitudes corporelles des Chinois du nord , il convient d ' ajouter quelques renseignements sur l ' ameublement de leurs habitations , ainsi que sur les palanquins et les lanternes , sorte de mobilier roulant dont ils se font suivre partout .",
                  "id": "17",
                  "title": "Voyage en Chine et en Mongolie de M. de Bourboulon, ministre de France et de madame de Bourboulon, 1860-1861 / par M. Achille Poussielgue"
            },
            {
                  "doc_url": "https://gallica.bnf.fr/ark:/12148/bpt6k97982391",
                  "emotions": [
                        "fear",
                        "doubt"
                  ],
                  "excerpt": "\" yers fortis par le ncz ^ d ' u11 malade .- D Ans le tems que nous hivernions dans le Gange y un de nos Matelots qui rele - voit d ' une mal - adie dangereuxse 3 & que je ne comptois plus parmi mes malades , rendit par le nez cinq petits vers blancs , un peu plus gros que des , grains d ' orge , avec une matiere purulente , & d ' une odeur cadavéreuse .Il fut pris en mê , me tems d ' une fièvre continue * qui au bouc de trois semaines le mit au tombeau .",
                  "id": "18",
                  "title": "Curiositez de la nature et de l'art, aportées dans deux voyages des Indes ; l'un aux Indes d'Occident en 1698. & 1699. & l'autre aux Indes d'Orient en 1701. & 1702. Avec une relation abrégée de ces deux voyages"
            },
            {
                  "doc_url": "https://gallica.bnf.fr/ark:/12148/bpt6k91168z",
                  "emotions": [
                        "disgust",
                        "anger",
                        "fear",
                        "pain",
                        "embarrassment"
                  ],
                  "excerpt": "I C ' était Bodart qui recueillait ces lugubres trouvailles lui - même les étendait sur un mo / cean de toile cirée , apportée de l ' infirmerie .Tout le monde d ' ailI leurs avait du sang aux mains et aux babils ; Bodart clapotait dans un vrai marécage d ' entrailles : et une odeur chaude , nauséabonde traînait , qui les faisait vomir coup sur coup .Huriaux .",
                  "id": "19",
                  "title": "Happe-chair / Camille Lemonnier"
            },
            {
                  "doc_url": "https://gallica.bnf.fr/ark:/12148/bpt6k5677551k",
                  "emotions": [
                        "fear",
                        "nervousness",
                        "pain"
                  ],
                  "excerpt": "On lui fait des piqûres d ' ergotine qui amènent d ' abord un mieux sensible .Mais ensuite surviennent des frissons répétés , en même temps qu ' une suppuration fétide s ' écoule par le col utérin .' ' Les jours suivants , on constate une phlébite ds là veine crurale et de l ' aphasie avec hémiplégie droite .",
                  "id": "20",
                  "title": "De l'Ovarite / par le Dr Paul Dalché,..."
            }
      ]
}