{
      "articles": [
            {
                  "doc_url": "https://gallica.bnf.fr/ark:/12148/bpt6k9782014c",
                  "emotions": [
                        "fear",
                        "nervousness",
                        "pain"
                  ],
                  "excerpt": "Emetic — , apalachine , cassine toujours verte , f .Knee — , fragon piquant .( frelon ; ( housson , ( petit houx ; ( boi : franc , m .",
                  "id": "1",
                  "title": "Dictionnaire général anglais-français : nouvellement rédigé d'après Johnson, Webster, Richardson, etc., les dictionnaires français de l'Académie, de Laveaux, de Boiste, etc., et les ouvrages spéciaux de l'une et l'autre langue contenant un grand nombre de mots qui ne se trouvent pas dans les dictionnaires... (24e édition) / par A. Spiers,..."
            },
            {
                  "doc_url": "https://gallica.bnf.fr/ark:/12148/bpt6k62285525",
                  "emotions": [
                        "fear",
                        "nervousness"
                  ],
                  "excerpt": "* Fl .lilacées , à odeur douce et suav réunies en panicules axillaires , dressées .Eté .",
                  "id": "2",
                  "title": "Dictionnaire pratique d'horticulture et de jardinage. Tome 3 / par G. Nicholson,... ; traduit, mis à jour et adapté à notre climat, à nos usages, etc., etc., par S. Mottet,... ; avec la collaboration de MM. Vilmorin-Andrieux et Cie, G. Alluard, E. André, G. Bellar, G. Legros..."
            },
            {
                  "doc_url": "https://gallica.bnf.fr/ark:/12148/bpt6k1412257h",
                  "emotions": [
                        "anger",
                        "fear"
                  ],
                  "excerpt": "Car , si mouvement propre est indice certain de chose animée , comme escript Aristotcles ( 5 ) , et tout ce qui de soy se meut est dicl animal , a bon droict Platon le nomme animal ( 6 ) , recognois - sant ( 7 ) en hiy mpuvemcnts propres de sud ’ ocation , de précipitation , de corrugation ( 8 ) , de indignation : voire si violents , que bien souvent par eulx est tollu ( q ) à la femme toutaultre sens et mouvement , comme si fust lipothymie ( 10 ) , syncope , épilepsie , apoplexie , et vraie ressemblance de mort .Oultrc plus , nous voyons en icelluy discrétion ( 11 ) des odeurs manifeste ( 12 ) , et le sentent les femmes fuir les semblait à de la fureur , eu tenant des thyrses , des torches , des flambeaux et en poussant des hurlements effroyables .( 1 ) Fêtes de Bacchus .",
                  "id": "3",
                  "title": "Rabelais anatomiste et physiologiste , par le Dr A.-F. Le Double,... Avec une préface de M. Mathias Duval,..."
            },
            {
                  "doc_url": "https://gallica.bnf.fr/ark:/12148/bpt6k113311w",
                  "emotions": [
                        "sadness",
                        "fear",
                        "despair",
                        "pain",
                        "frustration"
                  ],
                  "excerpt": "Le quartier en longueur des mai ¬ sons basses est rouge comme du fer rouge .Nous faisons des circuits là - dessus , heurtés à l ' inconnu noir , comme un météore de détresse , d ' impuissance , d ' inutilité , avec notre lumière qui n ' éclaire rien , et transis de froid , et saisis à la gorge par l ' odeur acre des holocaustes .J ' ai remis lé casque ( à écouteurs et à ma que ) de la radio .",
                  "id": "4",
                  "title": "Elévation : roman / Henri Barbusse"
            },
            {
                  "doc_url": "https://gallica.bnf.fr/ark:/12148/bpt6k98228154",
                  "emotions": [
                        "surprise",
                        "disgust",
                        "anger",
                        "fear",
                        "doubt"
                  ],
                  "excerpt": "A ces funestes symptômes , survient encore un râle humide très - fort , une grande difficulté de respirer avec battement de flanc cooli .dérable , une haleine d ' une puanteur insupportable , & un dégoût absolu & universel ; veut pouvez bien vous imaginer , MONSIEUR , qu ' avec de pareils symptômes , l ' Animal n ' a plus Sucres de temps à vivre , auct périt - il pour l ' ordinaire en quatre ou cinq jours .La plus grande marque qu ' on peut avoir sur - tout de sa mort prochaine , est l ' abondance de la morve , qui est presque toujours le vrai signe diagnostic de la pourriture .",
                  "id": "5",
                  "title": "La Nature considérée sous ses différens aspects ; ou Journal des trois règnes de la nature. Tome 4 / ... par M. Buc'hoz,... Première époque"
            },
            {
                  "doc_url": "https://gallica.bnf.fr/ark:/12148/bpt6k54620111",
                  "emotions": [
                        "grief",
                        "sadness",
                        "disgust",
                        "fear",
                        "disappointment"
                  ],
                  "excerpt": "Là , de gros pleurs s ' échappaient de vos yeux ; Puis , jaillissaient sur la feuille alarmante , Et dont le texte , à votre âme tremblante , Paraissait tendre autant que spécieux .Lorsque vos pleurs eurent mouillé la feuille , Il en sortit un aimable poison , 166 LETTRES En invisible et douce exhalaison .De ce poison , que l ' amitié recueille , Vous ignoriez son effet , sa douceur ; Vous ignoriez jusqu ' à sa consistance , Et , pour bannir votre tendre innocence , Il prenait place au fond de votre coeur .",
                  "id": "6",
                  "title": "Poësie élégiaque et morale. Le Bonheur d'être aimé ou lettre à Rosine"
            },
            {
                  "doc_url": "https://gallica.bnf.fr/ark:/12148/bpt6k54476825",
                  "emotions": [
                        "disgust",
                        "anger",
                        "fear",
                        "annoyance",
                        "disapproval",
                        "courage",
                        "faith"
                  ],
                  "excerpt": "Sous les arceaux épais des vignes serpentantes , Les yeux baissés , le front riant ; • 140 LA TOISON D ' OR .Foulez d ' un pied léger , foulez , jeunes Bacchantes , Foulez le raisin odorant ! L ' étoile veut te fuir , ô divin Apollon ! Mais ton char embrasé la presse et va l ' atteindre .Amaryllis ainsi voulait fuir Corydon , Mais Corydon l ' enlace et va bientôt l ' étreindre .",
                  "id": "7",
                  "title": "La toison d'or / Maxime Delafont"
            },
            {
                  "doc_url": "https://gallica.bnf.fr/ark:/12148/bpt6k875449q",
                  "emotions": [
                        "fear"
                  ],
                  "excerpt": "3o , les Boches effectuent deux atta ^ ques combinées : une sur le barrage de l ’ observatoire , l ’ autre sur le barrage de la gaine de gauche .Par les ouvertures de nos créneaux , ils nous lancent des flammes et des fumées asphyxiantes qui répandent une odeur insupportable et nous prennent à la gorge .D ’ une extrémité à l ’ autre du fort , le cri est poussé : A vos masques ! Dans la gaine de gauohe , les défenseurs , chassés par les flammes et les fumées , refluent vers la galerie centrale .",
                  "id": "8",
                  "title": "Journal du commandant Raynal : le fort de Vaux / [préface d'Eugène Etienne]"
            },
            {
                  "doc_url": "https://gallica.bnf.fr/ark:/12148/bpt6k813569",
                  "emotions": [
                        "disgust",
                        "fear",
                        "nervousness"
                  ],
                  "excerpt": "salu .pire malsaine : instruits à se , méfier des exhalaiso / is dangereuses du , sol les corses ont en horreur jes rw - de - chaussée et même les premiers étage ^ j ii ^ cherchent de préférence les logemens exhaussés ^ éloignés de tout foyer d ' émanations .p ; ujtrid ! es , oii le libre passage des vents donne de la .",
                  "id": "9",
                  "title": "Mémoire qui a remporté le prix, en 1789, au jugement de la Société royale de médecine de Paris, sur la question proposée en ces termes \"déterminer par l'observation quelles sont les maladies qui résultent des émanations des eaux stagnantes et des pays marécageux...\" / par M. Baumes,..."
            },
            {
                  "doc_url": "https://gallica.bnf.fr/ark:/12148/bpt6k80871b",
                  "emotions": [
                        "fear",
                        "nervousness",
                        "pain"
                  ],
                  "excerpt": "Puis la lumière pénétra tous les branchages , descendit , encore vague , sur le sol , où gémissait Thomas .II comprenait , à présent , le but horrible de son ancien ami , à l ' odeur caractéristique et au grouillement furieux de millions de fourmis ; il se tordait dans ses liens et se roulait sur lui - même pour s ' éloigner du danger ; mais il sentait des bandes d ' insectes lui courir par tout le corps .L ' ennemi reconnaissait la proie , avant de la dévorer .",
                  "id": "10",
                  "title": "Tuer les vieux, jouir ! : roman vache : moeurs du temps / Félicien Champsaur"
            },
            {
                  "doc_url": "https://gallica.bnf.fr/ark:/12148/bpt6k97801499",
                  "emotions": [
                        "fear",
                        "pain"
                  ],
                  "excerpt": "Dans le sixième chant , nous voyons César et Pompée près d ' en venir aux mains ; campés tous deux aux environs de Dyrra - chium , ils souffrent des maux différents : la peste envahit le camp de Pompée , la famine celui de César ; les chevaux , qui manquent de nourriture , s ' arrêtent au milieu de leur course , leurs jarrets tremblants fléchissent tout à coup : Ore novas poscens moribunda labitur herbas , Et tremulo medios abrumpit poplite gyros .L ' animal meurt , son cadavre exhale des miasmes dangereux , le soldat qui les respire succombe promptement , l ' eau se charge plus promptement encore de ces poisons mortels , elle porte dans les entrailles un feu qui les dévore et les paralyse .Inde labant populi , caeloque paratior unda Omne pati virus , duravit viscera cceno .",
                  "id": "11",
                  "title": "Études médicales sur les poètes latins / par P. Ménière,..."
            },
            {
                  "doc_url": "https://gallica.bnf.fr/ark:/12148/bpt6k53401732",
                  "emotions": [
                        "disgust",
                        "fear",
                        "nostalgia"
                  ],
                  "excerpt": "Mais si le séjour des Eaux - Bonnes n ’ est pas , — et ce qui précède doit vous en convaincre , — de la dernière gaieté , il n ’ en faut pourtant point conclure que les gens qui , sous prétexte de maladie , viennent ici pour s ’ amuser , ne trouvent pas à s ’ égayer et à fort bien passer leur temps .Tenez , quittons cette buvette pleine d ’ odeur sulfureuse , quittons - la pour n ’ y plus revenir .L ’ ombre des grands monts à cessé de se projeter dans la rue , elle est inondée de soleil et tout animée .",
                  "id": "12",
                  "title": "Courses dans les Pyrénées, la montagne et les eaux : les Eaux-Bonnes, les Eaux-Chaudes, Cauterets, Luz, Saint-Sauveur-les-Bains, Barèges, Bagnères-de-Bigorre, Bagnères-de-Luchon / par Henri Nicolle"
            },
            {
                  "doc_url": "https://gallica.bnf.fr/ark:/12148/bpt6k64383987",
                  "emotions": [
                        "disgust",
                        "fear"
                  ],
                  "excerpt": "1 .Au lieu de l ' ombre de Fenelon que je cherchois , j ' ai vu un spectres horrible , ensanglante , qui prenoit la route des enfers ; il n ' a fait que passer , il est Vrai , mais il a - laiud dans jcet atmosphère une odeur de crimes qui ne s ' éteint point .3 , Ah ! qui que vous soyez , qui m ' entendez , ne repoussez point ma prière ; faites que l ' on nie ramène à mon île , que je respire encore l ' air embaumé des campagnes , que je me sente rechauffe des rayons de ce soleil dont la vue me portoit à l ' adoration de son auteur .",
                  "id": "13",
                  "title": "Le nouveau Paris. Volume 5 / . Par le cit. Mercier..."
            },
            {
                  "doc_url": "https://gallica.bnf.fr/ark:/12148/bpt6k118948t",
                  "emotions": [
                        "fear"
                  ],
                  "excerpt": "Je saute a bas de la voiture , j ' étais bien réveillé .C ' était un brouillard blanc qui couvrait tout le camp , les mugissements étaient ceux d ' un troupeau de bœufs , provision de l ' armée , et les exhalaisons affreuses n ' étaient que trop réelles .Il est trois heures du matin .",
                  "id": "14",
                  "title": "Six mille lieues à toute vapeur / par Maurice Sand ; [préface par George Sand]"
            },
            {
                  "doc_url": "https://gallica.bnf.fr/ark:/12148/bpt6k6281979p",
                  "emotions": [
                        "disgust",
                        "fear"
                  ],
                  "excerpt": "En les chauffant dans le tube ouvert , ils répandent une for odeur d ' acide sélénieux .Cette odeur est forte , tris - désagr ble et ressemble beaucoup à celle du raifort pourri .Avec le verre de silice et de soude , on obtient les mémo réactiont qu ' avec les sulfures ; mais la couleur disparaît plua aisément par une insufflation prolongée que celle des sull fures .",
                  "id": "15",
                  "title": "L'art du souffleur à la lampe et au chalumeau / par M. Pédroni fils..."
            },
            {
                  "doc_url": "https://gallica.bnf.fr/ark:/12148/bpt6k6526230n",
                  "emotions": [
                        "fear"
                  ],
                  "excerpt": "Puis , lorsqu ' ils eurent bu le vin gloutonnement , tandis qu ' ils gisaient semblables à des morts , Annibal revint et les massacra .Je résume ces quelques mots sur les solanées en vous disant : Craignez les fleurs à l ' aspect sombre , à l ' odeur affadissante ; comme le méchant , elles ont une physionomie sinistre .Les renonculacées ne sont pas moins dangereuses ; les plus répandues sont ! es aconits , les anémones , les renoncules , les pieds d ' alouette , l ' hellébore ( rose de Noël ) .",
                  "id": "16",
                  "title": "Lettres à Mme Z. L. sur la botanique / Ch. de Franciosi"
            },
            {
                  "doc_url": "https://gallica.bnf.fr/ark:/12148/bpt6k9619573z",
                  "emotions": [
                        "fear",
                        "annoyance"
                  ],
                  "excerpt": "Ce bouquet qui vient d ' être cueilli , il sent bon , il est frais , il charme le regard .Bien niais serions - nous de le jeter par la fenêtre aujourd ' hui , parce que demain ou après - demain il aura peut - être perdu de son parfum , et que ses couleurs se seront ternies .LETTRE DIXIÈME Poètes du genre descriptif .",
                  "id": "17",
                  "title": "Principes de littérature, conseils à une mère sur l'éducation littéraire de ses enfants, par A. Sayous"
            },
            {
                  "doc_url": "https://gallica.bnf.fr/ark:/12148/bpt6k6517978x",
                  "emotions": [
                        "fear",
                        "doubt",
                        "nervousness",
                        "pain",
                        "frustration"
                  ],
                  "excerpt": "inaftenl de la stagnation des eaux île l ' étangO de Ciguglia , viennent encore se joindre à ceux des terrains qui i entourent et que sa plénitude convertit en marais .Il e ^ t diiîicile de se faire une idée de ce que l ' on éprou - ve en parcourant cet étang et ses Lords , pendant les grandes chaleurs ; fodeur qui s ' en exhale est nauséabonde , elle est insoutena ble : j ' étais obiigé de respirer à chaque instant de l ' ether sulfurique et malgré toutes mes précautions , je tus frappé des fièvres des marais .Du point ou j ' enJbnçais mon bâton , il s ' en exhalait une vapeur que je distinguais : parfaitement : l ' air m ' y est jamais pur .",
                  "id": "18",
                  "title": "Notice sur l'étang de Biguglia, dit Chiurlino . (Publié par F. D. M.)"
            },
            {
                  "doc_url": "https://gallica.bnf.fr/ark:/12148/bpt6k54522294",
                  "emotions": [
                        "fear",
                        "nervousness",
                        "embarrassment"
                  ],
                  "excerpt": "« – Eh Dieu ! répond Dewcy , je ne connais pas le carnet d ' adresses du bougre ! Je lui donne encore dix minutes et puis je le fais abattre .Les choses commençaient à sentir joliment mauvais dans le Tangi , aussi nous écoutions tous .« – Il veut à toute force voir un de ses amis , dit tout haut Dewcy aux hommes .",
                  "id": "19",
                  "title": "Monseigneur l'Eléphant / Rudyard Kipling ; traduit de l'anglais par Théo Varlet"
            },
            {
                  "doc_url": "https://gallica.bnf.fr/ark:/12148/bpt6k64383987",
                  "emotions": [
                        "fear"
                  ],
                  "excerpt": "- , „ Messieur £ , — - V .B vous - me présentez vos bouquets , perp „ mettez que je vous presente aussi les „ miens ; craigrez cependant que leur 55 odeur trop forte ne vous porte à la wtête .Ces messieurs s ' enfuirent bien vite .",
                  "id": "20",
                  "title": "Le nouveau Paris. Volume 5 / . Par le cit. Mercier..."
            }
      ]
}