{
      "articles": [
            {
                  "doc_url": "https://gallica.bnf.fr/ark:/12148/bpt6k57013305",
                  "emotions": [
                        "fear"
                  ],
                  "excerpt": "Comme ces inhumations à Picpus eurent lieu à l ' époque des grandes chaleurs — juin et juillet — la décom .position était hâtée et cette odeur cadavérique menaça de créer une épidémie .Nous avons le rapport d ' un officier de santé à ce sujet , et ce fut lui qui conseilla l ' emploi du plancher et des trappes afin « de concentrer dans cette fosse les émanations dangereuses qui pourraient en sortir sans cette précaution ( 1 ) » .",
                  "id": "1",
                  "title": "Anecdotes secrètes de la Terreur : le remords de Mme Tallien, l'homme qui guillotine les statues, un charnier de la Terreur, la dernière nuit de Fouquier-Tinville, la légende du verre de sang, la tête de Mme de Lamballe, etc., etc.,... / Hector Fleischmann"
            },
            {
                  "doc_url": "https://gallica.bnf.fr/ark:/12148/bpt6k9819615b",
                  "emotions": [
                        "fear",
                        "pain"
                  ],
                  "excerpt": "dements .Les nuées rapides et sifflantes fouettaient autour de nous un givre piquant .J ' osai m ' en réjouir avec toute 1 l ' expansion qui me restait pour exprimer 1 .",
                  "id": "2",
                  "title": "Inès de Las Sierras ; Mademoiselle de Marsan / Ch. Nodier ; illustrations de G. Picard"
            },
            {
                  "doc_url": "https://gallica.bnf.fr/ark:/12148/bpt6k62450982",
                  "emotions": [
                        "surprise",
                        "fear",
                        "nostalgia"
                  ],
                  "excerpt": "Tout se confond : ton livre et l ' été bucolique , La cadence des mots et la douce musique Qui mêle aux bruits légers de mon jardin qui dort Le chaud bourdonnement de tes abeilles d ' or .II TERROIR Un rayon sur le mur et , sur la branche nuc , Cette odeur de printemps tout à coup reconnue , 0 mon pays , voici que j ' ai fermé les yeux : Là - bas c ' est l ' horizon , la colline , les deux ; L ' aube a touché le toit et mouillé le feuillage , Des voix montent avec la gaieté du village .La fermière a poussé la porte du jardin ; C ' est l ' heure où mon pays chante avec le matin .",
                  "id": "3",
                  "title": "La Muse française : revue du mouvement poétique / directeur : A.-P. Garnier ; secrétaire de la rédaction : Maurice Allem"
            },
            {
                  "doc_url": "https://gallica.bnf.fr/ark:/12148/bpt6k5430404t",
                  "emotions": [
                        "grief",
                        "disgust",
                        "fear"
                  ],
                  "excerpt": "Il y a là des effets de toute sorte , mais tellement imbibés de sang qu ' ils ont presque perdu leur couleur primitive : nous remarquons notamment un gilet de velours qui a dû être primitivement vert foncé , et qui maintenant est d ' une teinté sans nom ; il porte le trou d ' une balle qui a traversé la doublure du dos , et est ressortie par - devant en arrachant un lambeau de chair humaine , qui reste adhérent à l ' étoffe , grâce au sang qui s ' est coagulé .Des femmes ont profité de ce que la porte est ouverte pour pénétrer à notre suite dans cette salle funèbre ; elles se précipitent vers ces haillons hideux , exhalant une odeur fétide , écoeurante ; elles les secouent , les reconnaissent , les couvrent de baisers .Jamais aucun cauchemar n ' a pu donner une pareille idée de l ' horrible : le coeur nous manque , nous n ' avons que le temps de nous appuyer à la muraille pour ne pas tomber , nous aussi , sur ces débris sanglants , et c ' est à grand ' - peine que nous arrivons à quitter cette salle maudite et à regagner la cour où l ' air vif nous ranime peu à peu .",
                  "id": "4",
                  "title": "Les Drames de la politique : la Conciergerie, Bicêtre, la Ricamarie, par Léon Heckiss, avec une préface de Jules Amigues"
            },
            {
                  "doc_url": "https://gallica.bnf.fr/ark:/12148/bpt6k9763054n",
                  "emotions": [
                        "fear",
                        "pain"
                  ],
                  "excerpt": "Girod - Chantrans ; il a une qualité irritante et septique , et est un vrai poison lorsqu ' il en entre une certaine quantité dans le pain .Si on use de ce f seigle pur , il donne sûrement la mort , après avoir occasioné des convulsions , des douleurs aiguës dans les parties extérieures l ' engourdissement , l ' ivresse : : sa qualité enivrante est même supérieure à celle de l ' opium .Enfin $ on 1 emploie très utilement àr faire du pain , en pétrissant sa farine avec de l ' eau et du levain , pour exciter la fermentation , qu ' on arrête ensuite , en cuisant la pâte à un degré convenable .",
                  "id": "5",
                  "title": "Élémens d'hygiène, ou De l'influence des choses physiques et morales sur l'homme, et des moyens de conserver la santé. T. 2 / ; par Étienne Tourtelle,... Troisième édition. Tome premier [-second]"
            },
            {
                  "doc_url": "https://gallica.bnf.fr/ark:/12148/bpt6k6340753k",
                  "emotions": [
                        "fear",
                        "courage",
                        "nervousness",
                        "pain"
                  ],
                  "excerpt": "Chiamol chiamo ! me criait - on du dedans : il me fallut l ' aide d ' un des assistants pour deviner qu ' une ouverture , à peine de deux pieds de haut , recouverte d ' une peau , était la porte .Des bouffées chaudes et chargées de fétides émanations m ' arrivent , je sens s ' ébranler mon courage , mais enfin je pénètre dans l ' intérieur de la hutte , après avoir rampé , sur une longueur de deux mètres , dans une sorte d ' égout aux murailles humides , dont le pied repose dans une boue détrempée de sang , d ' eau , d ' huile et de graisse .Non , jamais je n ' oublierai l ' impression causée par ce que je vis ; bien que je me crusse préparé à tout par les nombreuses descriptions que j ' avais lues de ces misérables huttes .",
                  "id": "6",
                  "title": "Journal d'un voyage aux mers polaires exécuté à la recherche de sir John Franklin en 1851 et 1852, par J.-R. Bellot,... précédé d'une notice sur la vie et les travaux de l'auteur, par M. Julien Lemer"
            },
            {
                  "doc_url": "https://gallica.bnf.fr/ark:/12148/bpt6k9310330",
                  "emotions": [
                        "grief",
                        "disgust",
                        "anger",
                        "fear",
                        "despair",
                        "pain"
                  ],
                  "excerpt": "Un soir , hélas ! le bruit éclata formi - dable .Une épaisse et nauséabonde fumée Se répandit dans la casemate et des cris s ’ élevèrent , lamentables ! Cinq ou six victimes gisaient au milieu d ’ épaisses flaques de sang , et leurs gémissements fendaient te cœur .Un de mes infortunés camarades avait le ventre ouvert .",
                  "id": "7",
                  "title": "Souvenirs d'un engagé volontaire : Belfort, 1870-1871 / Marcel Poilay ; préface de Maurice Barrès"
            },
            {
                  "doc_url": "https://gallica.bnf.fr/ark:/12148/bpt6k35012s",
                  "emotions": [
                        "surprise",
                        "fear",
                        "nervousness"
                  ],
                  "excerpt": "1 .es toits dè Brieg , l ' étroite vallée qui forllie le canton du valais , les pics dont elle est environnée , s ' étendent peu à peu ; les niurs de neige se fondent , les fleurs de montagne et leur odeur éthérée les rei - npla - cent ; la chaise de poste roule prOluptement , elle tourne sans cesse et arrive enfin - àu bàs de cette paroi presque perpendiculaire qui , - vue du sommet ; effraie si fort .L ' harmonie des cloches de Brieg s ' élevait jusqu ' à nous depuis un quart - d ' heure , lorsque nous sommes en trés dans le - village .",
                  "id": "8",
                  "title": "Voyage d'une ignorante dans le midi de la France et l'Italie. 2 / par la Ctesse A. de Gasparin"
            },
            {
                  "doc_url": "https://gallica.bnf.fr/ark:/12148/bpt6k62530282",
                  "emotions": [
                        "fear",
                        "nervousness",
                        "despair",
                        "pain"
                  ],
                  "excerpt": "TBMPU , v .Malaise , sensation pénible .Pl .",
                  "id": "9",
                  "title": "Dictionnaire breton-français de Le Gonidec : précédé de sa grammaire bretonne, et enrichi d'un avant-propos, d'additions et des mots gallois et gaëls correspondant aux bretons / par Th. Hersart de La Villemarqué"
            },
            {
                  "doc_url": "https://gallica.bnf.fr/ark:/12148/bpt6k5493983r",
                  "emotions": [
                        "fear",
                        "pain"
                  ],
                  "excerpt": "Maladie déterminée , chez certains individus prédisposés , par l ' action nuisible de la fève commune , et caractérisée par la teinte jaune de la peau , par de graves phéuomènes dépressifs du système neuro - musculaire et par l ' augmentation de la température ( Montano ) .La peau prend une couleur jaune - citron caractéristique ; le malade se plaint demigraines , de nausées , de vomissements ; l ' urine est sanguinolente ; souvent , la mort arrive au milieu de phénomènes aigus .Cette maladie peut se montrer après l ' ingestion de fèves ; elle apparaît parfois seulement après avoir respiré le parfum : qui émanedes fleurs de la fève ; .",
                  "id": "10",
                  "title": "Dictionnaire de médecine, de chirurgie, de pharmacie et des sciences qui s'y rapportent. Fasc. 1-3 / par É. Littré,..."
            },
            {
                  "doc_url": "https://gallica.bnf.fr/ark:/12148/bpt6k58347680",
                  "emotions": [
                        "fear",
                        "doubt",
                        "curiosity"
                  ],
                  "excerpt": "Pauvre charpente délabrée , pauvre grelot fêlé , malheureuse créature que le hasard de sa folie a jeté sur ma route ! Quand cessera - t - elle de montrer son alcôve prétentieuse aux jeunes affamés que l ' éloignement sur une terre où les aimées sont rares , fait dociles et aveugles ? Et de longtemps encore , en recevant le dernier baiser du dernier passant , voudra - t - elle enfin souffler son inévitable veilleuse aux volants de den - SOUVENIRS D ' UN OFFICIER telle rose , cette suprême recherche d ' une imagination de fille dont elle est pourtant si fière .N ' est - ce pas la Vénus Malarienne ? Car il me semble qu ' aux portes du Tonkin ses baisers ont l ' âcre senteur avant - coureuse de ces maladies terribles , de ces fièvres innomées qui font se tordre sur leurs lits d ' agonie bien des désespérés ! SUR LE FLEUVE ROUGE SUR LE FLEUVE ROUGE En route pour Hanoï ! — Je souhaite bonne chance aux camarades du Mytho qui ont reçu l ' ordre de route pour d ' autres destinations .Il est six heures du matin .",
                  "id": "11",
                  "title": "Tonkinoiseries. Souvenirs d'un officier, par Jean Léra. Préface par Armand Silvestre. Illustrations de Albert Thomas. (6 mai 1896.)"
            },
            {
                  "doc_url": "https://gallica.bnf.fr/ark:/12148/bpt6k58347680",
                  "emotions": [
                        "fear",
                        "excitement"
                  ],
                  "excerpt": "LES REFUGES D ' HAI - PHONG LES REFUGES D ' HAI - PHONG Il est bien triste , bien monotone , cet Haï - Phong , avec ses baraques , son entassement de constructions provisoires , ses rues nouvellement tracées , pierreuses , embourbées , vides de maisons , qui ont la mélancolique solitude des tenains vagues .Bien des travaux sont commencés , beaucoup de terre remuée pour combler les marais croupissants dont les émanations fétides sont une menace terrible et mortelle pour cette ville qui naît au mouvement et à la vie et veut être le grand port militaire et commercial du Tonkin .C ' est du moins le rêve de quelques imaginations ardentes , comme celle de mon ami , le publiciste de Cuers , ce fin lettré , brillant officier de la veille , qui vient de délaisser l ' épée pour la plume .",
                  "id": "12",
                  "title": "Tonkinoiseries. Souvenirs d'un officier, par Jean Léra. Préface par Armand Silvestre. Illustrations de Albert Thomas. (6 mai 1896.)"
            },
            {
                  "doc_url": "https://gallica.bnf.fr/ark:/12148/bpt6k1162335x",
                  "emotions": [
                        "anger",
                        "fear",
                        "pain"
                  ],
                  "excerpt": "Et sur la dune ondule au loin la caravane .Les cris des chameliers , les heurts , les voix brutales Crèvent l ’ onde brûlante où de fauves odeurs Montent des hommes nus et des chameaux grondeurs ; Et l ’ arène criant sous le cuir des sandales Mêle son bruissement aux heurts , aux voix brutales .Ils vont vers l ’ Inconnu , leur œil fouille l ’ espace .",
                  "id": "13",
                  "title": "Le Chat-huant / dir. Marcel de Valdy"
            },
            {
                  "doc_url": "https://gallica.bnf.fr/ark:/12148/bpt6k58347680",
                  "emotions": [
                        "surprise",
                        "disgust",
                        "fear",
                        "doubt",
                        "nervousness",
                        "embarrassment"
                  ],
                  "excerpt": "Là - bas des villages sans cesse renouvelés font dans la plaine , morcellement de vertes rizières , des taches plus sombres comme des dés énormes de verdure invariablement protégés par d ' épais fourrés et des haies impénétrables de bambous .Les buffles immenses et gras , la peau reluisante et visqueuse , nous regardent passer , surpris et méfiants , en agrandissant la blancheur de leurs yeux bêtes et mauvais : ils s ' arrêtent le mufle haut et menaçant , le cou tendu , pour flairer la forte senteur des Européens qui passent .Sur la berge , de petits mômes , le corps nu , leurs toupets de cheveux au vent , suivent l ' embarcation pendant un temps très long , et de leurs bras agités et tendus demandent des sous , toujours des sous , aux bons capitaines Français ! Et les pièces tombent dans la vase où vont se rouler dans une bataille acharnée les nombreux solliciteurs .",
                  "id": "14",
                  "title": "Tonkinoiseries. Souvenirs d'un officier, par Jean Léra. Préface par Armand Silvestre. Illustrations de Albert Thomas. (6 mai 1896.)"
            },
            {
                  "doc_url": "https://gallica.bnf.fr/ark:/12148/bpt6k9763054n",
                  "emotions": [
                        "fear"
                  ],
                  "excerpt": "Il est pernicieux de coucher dans des magasins de tabac .Buchoz rapporte qu ' une pe - tite fille d ' environ cinq ans eut des vomissemens affreux , et périt en très peu de temps par cette cause .Les matières fécales sont le résidu des digestions .",
                  "id": "15",
                  "title": "Élémens d'hygiène, ou De l'influence des choses physiques et morales sur l'homme, et des moyens de conserver la santé. T. 2 / ; par Étienne Tourtelle,... Troisième édition. Tome premier [-second]"
            },
            {
                  "doc_url": "https://gallica.bnf.fr/ark:/12148/bpt6k5493983r",
                  "emotions": [
                        "disgust",
                        "fear"
                  ],
                  "excerpt": "— Acide fluorhydrique ( 1111 ) , Découvert par Schcele , il lire sou nom du spath fluor , d ' où on l ' obtient , en distillant ce sel , dans une cornue de plomb , avec de l ' acide sulfurique concentré .Il est gazeux , d ' une odeur forte et suffocante .11 se dissout dans l ' eau , avec le bruit du fer rouge plongé dans ce liquide .",
                  "id": "16",
                  "title": "Dictionnaire de médecine, de chirurgie, de pharmacie et des sciences qui s'y rapportent. Fasc. 1-3 / par É. Littré,..."
            },
            {
                  "doc_url": "https://gallica.bnf.fr/ark:/12148/bpt6k63175411",
                  "emotions": [
                        "disgust",
                        "fear",
                        "nervousness",
                        "pain",
                        "embarrassment"
                  ],
                  "excerpt": "Et c ' est pour cela quon apelle barbe de bouc ceux qui ont la barbe de cette forte .On dit , puant comme un koue , à cause que cet animal fent mauvais .Lafctf comme un bouc .",
                  "id": "17",
                  "title": "Dictionnaire comique, satyrique, critique, burlesque, libre & proverbial ... par Philibert-Joseph Le Roux. Nouvelle édition revuë, corrigée..."
            },
            {
                  "doc_url": "https://gallica.bnf.fr/ark:/12148/bpt6k9763054n",
                  "emotions": [
                        "fear"
                  ],
                  "excerpt": "- La farine rousse ou brune , contenue dans , le grain ergoté , qui présente la forme d ' une capsule allongée , d ' une corne ou de l ' ergot d ' un coq , contient réellement un acide qui précipite l ' eau de chaux , comme le ' prouvent les expériences de M .Girod - Chantrans ; il a une qualité irritante et septique , et est un vrai poison lorsqu ' il en entre une certaine quantité dans le pain .Si on use de ce f seigle pur , il donne sûrement la mort , après avoir occasioné des convulsions , des douleurs aiguës dans les parties extérieures l ' engourdissement , l ' ivresse : : sa qualité enivrante est même supérieure à celle de l ' opium .",
                  "id": "18",
                  "title": "Élémens d'hygiène, ou De l'influence des choses physiques et morales sur l'homme, et des moyens de conserver la santé. T. 2 / ; par Étienne Tourtelle,... Troisième édition. Tome premier [-second]"
            },
            {
                  "doc_url": "https://gallica.bnf.fr/ark:/12148/bpt6k54701111",
                  "emotions": [
                        "fear"
                  ],
                  "excerpt": "Ainsi il n ' est pas vrai , comme on me l ' a fait dire avec une insis » insis » refroidissement , et de n ' avoir à redouter aucun changement de tempéra « lure pendant toute la durée du pansement .L ' action de l ' air leur paraissait « dangereuse , et à cause des qualités irritantes qu ' on attribuait à ce gaz , et à « cause des émanations dont il peut être le véhicule .Ce n ' est pas sans sur « prise que j ' ai vu ces vieilles erreurs reproduites de nos jours et protégées « par le nom de Dupuytren .",
                  "id": "19",
                  "title": "Étude sur l'intoxication purulente : comprenant cinq discours prononcés à l'Académie de médecine : à l'occasion de la discussion sur cette question pendant les années 1871 et 1872 / par le docteur Jules Guérin,..."
            },
            {
                  "doc_url": "https://gallica.bnf.fr/ark:/12148/bpt6k935770h",
                  "emotions": [
                        "surprise",
                        "fear"
                  ],
                  "excerpt": "Et les plis sombres des tentures flottantes au creux desquelles les gerbes de chrysanthèmes mettent une blancheur neigeuse , endeuillent les murs du petit sanctuaire sous ' les longues traînées vacillantes des grands cierges funéraires .Dès ' l ’ entrée vous enveloppe étrangement , avec une odeur d ’ eau bénite et de cire , l ’ obsession glaciale de la mort .Les voiles de deuil arrivent , ils sont là tous , maintenant , et l ’ office des trépassés commence .",
                  "id": "20",
                  "title": "Cyrnos : revue littéraire, artistique, touristique, scientifique, sportive, mondaine et d'actualité"
            }
      ]
}