{
      "articles": [
            {
                  "doc_url": "https://gallica.bnf.fr/ark:/12148/bpt6k22361w",
                  "emotions": [
                        "disgust",
                        "fear"
                  ],
                  "excerpt": [
                        "V .serpent , rep - 1 tile , artillerie , étoile , 2 odeur .1 Basilicaire sm .",
                        "i Ozèue , ulcère puant du nez .Peste c ' est une peste ; – Pestilence ; – Pestilent : odeur Pestilentielle .re t Pestilent ; Pet ; vesse ; etc ."
                  ],
                  "id": "1",
                  "title": "Dictionnaire analogique de la langue française : répertoire complet des mots par les idées et les idées par les mots (4e édition) / par P. Boissière,..."
            },
            {
                  "doc_url": "https://gallica.bnf.fr/ark:/12148/bpt6k22361w",
                  "emotions": [
                        "anger",
                        "fear",
                        "pain"
                  ],
                  "excerpt": "5 Épouse talon de certains animaux .k Escafe coup de pied - Escafer , donner des coups de pied ; - Escaflguon , puanteur des pieds .Extrémité » , pieds , mains , doigts .",
                  "id": "2",
                  "title": "Dictionnaire analogique de la langue française : répertoire complet des mots par les idées et les idées par les mots (4e édition) / par P. Boissière,..."
            },
            {
                  "doc_url": "https://gallica.bnf.fr/ark:/12148/bpt6k22361w",
                  "emotions": [
                        "disgust",
                        "fear",
                        "desire",
                        "nostalgia",
                        "nervousness",
                        "embarrassment"
                  ],
                  "excerpt": [
                        "Induire , mener , exciter ; induction .Inhalant , qui aspire vaisseaux inhalants ; Inhalation , aspiration des plantes .Aubain , sm .",
                        "sentir ie Moisi .odeur Montante – Monter à la gorge .Nidoreux qui sent les oeufs couvis ou gâtés ."
                  ],
                  "id": "3",
                  "title": "Dictionnaire analogique de la langue française : répertoire complet des mots par les idées et les idées par les mots (4e édition) / par P. Boissière,..."
            },
            {
                  "doc_url": "https://gallica.bnf.fr/ark:/12148/bpt6k22361w",
                  "emotions": [
                        "fear",
                        "nervousness"
                  ],
                  "excerpt": "Obturateur ; Obturation .nerf Olfactif ou Oltactoire .nerf Optique couches de nerfs optiques .",
                  "id": "4",
                  "title": "Dictionnaire analogique de la langue française : répertoire complet des mots par les idées et les idées par les mots (4e édition) / par P. Boissière,..."
            },
            {
                  "doc_url": "https://gallica.bnf.fr/ark:/12148/bpt6k22361w",
                  "emotions": [
                        "surprise",
                        "fear",
                        "relief",
                        "pain"
                  ],
                  "excerpt": [
                        "fait vibrer la languette avec le doigt .Haleine , air qui sort par la bouche ; odeur de la bouche ; Haîenée , air poussé en une seule respiration Halener , sentir l ' haleine .6 Hiatus , bâillement , ouverture forcée de la bouche .",
                        "GLOIRE .Fleurer ou ne p - is Fleurer comme baume .Garrot ( blessé sur le ) , atteint dans sa réputation ."
                  ],
                  "id": "5",
                  "title": "Dictionnaire analogique de la langue française : répertoire complet des mots par les idées et les idées par les mots (4e édition) / par P. Boissière,..."
            },
            {
                  "doc_url": "https://gallica.bnf.fr/ark:/12148/bpt6k5838799s",
                  "emotions": [
                        "surprise",
                        "joy",
                        "fear",
                        "excitement",
                        "embarrassment"
                  ],
                  "excerpt": "Au bord de quelque bois , sur uu arbre ju grimpe , El , nouveau Jupiter , du haut de celolym ; e , Je foudroie à discrétion Un lapin qui n ' y pensait guère .Je vois fuir aussitôt toute la nation Des lapins qui , sur la bruyère , L ' oeil éveillé , l ' oreille au guet , S ' égayaient , el de Ihym parfumaient leur banquet .Le bruit du coup fail que la bande S ' en va chercher sa sûreté Dans la souterraine cité : Mais lu danger s ' oublie , cl cette peur si grande S ' évanouit bientôt ; je revois les lapins , l ' ius gais qu ' auparavant , revenir sous mes mains .",
                  "id": "6",
                  "title": "Fables de La Fontaine / interprétées par Cham"
            },
            {
                  "doc_url": "https://gallica.bnf.fr/ark:/12148/bpt6k96142593",
                  "emotions": [
                        "fear",
                        "despair",
                        "pain"
                  ],
                  "excerpt": "Tandis que tes genoux heurteront ton couvercle Avec un frisson de fureur , Ton esprit affolé roulera dans un cercle D ' épouvantements et d ' horreur .Une odeur de bois neuf , d ' argile et de vieux linges Te harcèlera sans pitié : L ' asphyxie aux poumons , la névrose aux méninges , Tu hurleras , mort à moitié .Tes sourds gémissements resteront sans réponse ; Plus d ' échos sous ton hideux toit Qui , spongieux et mou comme la pierre ponce , Laissera l ' eau suinter sur toi ! Dans l ' horrible seconde où ta vie épuisée Luttera moins contre la mort , Tu croiras voir ta chair déjà décomposée ; Tu sentiras le ver qui mord .",
                  "id": "7",
                  "title": "Putréfaction ou purification"
            },
            {
                  "doc_url": "https://gallica.bnf.fr/ark:/12148/bpt6k497524",
                  "emotions": [
                        "fear",
                        "pain"
                  ],
                  "excerpt": "2 ' OBSEUVAMOBf .Chute de la foudre surune pnton y paralysie du concierge ; femme tancée sur un meuble ; robe projetée au plafond ; prisonnier atteint de mutisme ; mort de sangsues contennes dans un boca ! odeur de soufre et d ' ail ( t ) .Le 30 juin 18 & 7 , à cinq heures dix minutes du soir , la foudre tomba sur la prison de la ( châtre , après avoir éclaté à la hauteur de 300 mètres environ .",
                  "id": "8",
                  "title": "Traité de géographie et de statistique médicales et des maladies endémiques : comprenant la météorologie et la géologie médicales, les lois statistiques de la population et de la mortalité, la distribution géographique des maladies et la pathologie comparée des races humaines. Tome 1 / par J.-Ch.-M. Boudin,..."
            },
            {
                  "doc_url": "https://gallica.bnf.fr/ark:/12148/bpt6k497524",
                  "emotions": [
                        "fear"
                  ],
                  "excerpt": "lM ' OBSZBVATKMf .Chute de la foudre ; mort apparente épilation , brûtttre , dessinant le trajet d ' aae chaîne d ' or ; « ! a ~ n de t < vue ; paraptepe rêves se rapportrat & des corps igoét ex & , < de l ' odorat , du ~ o & t et de Fonïe t HexibUtte exagérée des membres par alysie de t ' œ ! t droit ( t ) .Le 29 novembre < 839 , à huit heures du soir , la foudre tomba sur le navire l ' Ilélène , mouillé au bas de la rivière de Bordeaux , devant Goulet .",
                  "id": "9",
                  "title": "Traité de géographie et de statistique médicales et des maladies endémiques : comprenant la météorologie et la géologie médicales, les lois statistiques de la population et de la mortalité, la distribution géographique des maladies et la pathologie comparée des races humaines. Tome 1 / par J.-Ch.-M. Boudin,..."
            },
            {
                  "doc_url": "https://gallica.bnf.fr/ark:/12148/bpt6k497524",
                  "emotions": [
                        "fear",
                        "pain"
                  ],
                  "excerpt": "2 ' observation .Chute de la foudre sur une prison paralysie du concierge ; femme tancée sur un meuble robe projetée ua plafond ; prisonnier atteint de mutisme ; odeur de sonfre .3 ' obMTcatton .",
                  "id": "10",
                  "title": "Traité de géographie et de statistique médicales et des maladies endémiques : comprenant la météorologie et la géologie médicales, les lois statistiques de la population et de la mortalité, la distribution géographique des maladies et la pathologie comparée des races humaines. Tome 1 / par J.-Ch.-M. Boudin,..."
            },
            {
                  "doc_url": "https://gallica.bnf.fr/ark:/12148/bpt6k497524",
                  "emotions": [
                        "fear"
                  ],
                  "excerpt": "! L Exemples de ? ! Mt ? ! M ~ ( roMte ! .Trombe avec éclairs et tonnerre odeur de soufre ; flammes ; feuilles d ' arbres ronssies et Oétries ; carrelage et plancher soulevés ; murs percés ou renversés en sens contraire au vent ; tampe promenée autour d ' une chambre sans être ëtemte .2 ° Village enterre sous la terre entevée par une trombe .",
                  "id": "11",
                  "title": "Traité de géographie et de statistique médicales et des maladies endémiques : comprenant la météorologie et la géologie médicales, les lois statistiques de la population et de la mortalité, la distribution géographique des maladies et la pathologie comparée des races humaines. Tome 1 / par J.-Ch.-M. Boudin,..."
            },
            {
                  "doc_url": "https://gallica.bnf.fr/ark:/12148/bpt6k6577307f",
                  "emotions": [
                        "fear",
                        "greed"
                  ],
                  "excerpt": "Debout ! disent ceux de Bruxelles ; Debout ! disent ceux de Gand Et le populaire belgique ; On vous veut , pauvres hommes , Écraser entre le roi Et le pape qui lance La croisade contre Flandre .Ils viennent , les mercenaires , A l ' odeur du sang ; Bandes de chiens , De serpents & d ' hyènes .Ils ont faim , ils ont soif .",
                  "id": "12",
                  "title": "La légende d'Ulenspiegel / par Ch. de Coster"
            },
            {
                  "doc_url": "https://gallica.bnf.fr/ark:/12148/bpt6k688726",
                  "emotions": [
                        "fear",
                        "excitement",
                        "frustration",
                        "disappointment"
                  ],
                  "excerpt": "Tout à coup je m ' arrêtai C ' est étonnant comme ça sent le fromage de Gruyère ! 1 Bah c ' est une idée , reprit mon cousin Labiche marchons , cela se dissipera .Nous reprimes notre marche , mais bientôt , m ' arrêtant de nouveau Je n ' irai pas plus loin , m ' ëcriai - je , cette odeur me poursuit encore .on dirait que je la porte sur moi .",
                  "id": "13",
                  "title": "Les pérégrinations, escapades et aventures de Claude La Ramée et de son cousin Labiche / par Eugène Nyon"
            },
            {
                  "doc_url": "https://gallica.bnf.fr/ark:/12148/bpt6k80513b",
                  "emotions": [
                        "fear",
                        "annoyance",
                        "disapproval",
                        "doubt",
                        "nervousness"
                  ],
                  "excerpt": "Ma femme lui accorde un talent énorme et « un tempéramsnt d ' artiste » .Jo trouve que son visage hirsute est celui d ' un bandit ; ' mais surtout je lui reproche l ' odeur de sa personne qui n ' est due qu ' en partie , je le crains , aux vigoureux fromages de la patrie absente .A vrai dire je n ' en souffre pas souvent , parce qu ' Antoinette prend ses leçons aux heures où je travaille rue Laffitte .",
                  "id": "14",
                  "title": "Les mémoires d'un beau-père ; [Loin des yeux, près du coeur : proverbe en vers] (8e édition) / Léon de Tinseau"
            },
            {
                  "doc_url": "https://gallica.bnf.fr/ark:/12148/bpt6k9785674n",
                  "emotions": [
                        "fear"
                  ],
                  "excerpt": "Il est vivant en vous .N ' allez pas le chercher , dans l ' odeur des charniers ! Mais elle comprenait que Lydia n ' était plus libre : Annette touchait ses mains , mais c ' était le mort qui les tenait .Elle dit : - , — Ma pauvre petite , est - ce que je ne pourrais pas vous accompagner ? Lydia dit : — Merci .",
                  "id": "15",
                  "title": "Oeuvres complètes. Tome 2 / Romain Rolland ; [ill. par J. Laboureur]"
            },
            {
                  "doc_url": "https://gallica.bnf.fr/ark:/12148/bpt6k9785674n",
                  "emotions": [
                        "fear",
                        "despair",
                        "frustration"
                  ],
                  "excerpt": "Il semble dormir .Et de cet ouragan qui tord autour de lui la forêt , de ces arbres qui croulent , de ces souffles de mort , de ces puanteurs , de ces clameurs — et de cette mère qui se penche , anxieuse , sur son bord , — il ne paraît rien voir , rien sentir , rien entendre .Mais qui peut savoir ? Sous le glacis huileux qui recouvre l ' étang , une vie est en travail .",
                  "id": "16",
                  "title": "Oeuvres complètes. Tome 2 / Romain Rolland ; [ill. par J. Laboureur]"
            },
            {
                  "doc_url": "https://gallica.bnf.fr/ark:/12148/bpt6k9785674n",
                  "emotions": [
                        "fear"
                  ],
                  "excerpt": "Ils étaient là une douzaine — vingt au plus — qui se tortillaient sur les bancs durs , dans l ' atmosphère jaune de suie , qui filtrait par les vitres verdâtres de la cour fumante des brouillards de fin d ' automne .Un poêle de fonte , bourré à blanc , ronflait ( le bois abondait , au pays ) : quand on était prêt de suffoquer , on ouvrait la porte ( la fenêtre ne s ' ouvrait jamais ) ; le brouillard entrait , et l ' odeur des peaux , — des peaux qu ' on tanne .On la trouvait rafraîchissante , après celle des peaux vivantes .",
                  "id": "17",
                  "title": "Oeuvres complètes. Tome 2 / Romain Rolland ; [ill. par J. Laboureur]"
            },
            {
                  "doc_url": "https://gallica.bnf.fr/ark:/12148/bpt6k6142126r",
                  "emotions": [
                        "disgust",
                        "fear",
                        "pain",
                        "embarrassment"
                  ],
                  "excerpt": "Vous direz la puanteur d ' un morceau de viande gâtée , et l ' infection des cadavres .La puanteur d ' une personne sale nous fait reculer ; de grands marais répandent l ' infection et la maladie dans un village , dans un canton .Il y a des vapeurs puantes , telles que celle de la savate brûlée , qui sont salutaires dans certains accidents ; mais des vapeurs infectes sont toujours funestes ou malfaisantes .",
                  "id": "18",
                  "title": "Dictionnaire universel des synonymes de la langue française (6e édition revue et considérablement augmentée) / par M. Guizot"
            },
            {
                  "doc_url": "https://gallica.bnf.fr/ark:/12148/bpt6k6138851t",
                  "emotions": [
                        "fear",
                        "excitement",
                        "nervousness",
                        "pain"
                  ],
                  "excerpt": "Phaélhon voit l ' incendie s ' étendre aux quatre coins du monde , et ne peut en soutenir les violentes atteintes .Il respire un air embrasé , comme s ' il sortait d ' une fournaise profonde , et sent que son char est en proie aux flammes .Enfin les cendres et les étincelles qui volent autour de lui épuisent ses forces , et une fumée ardente l ' environne de toutes parts .",
                  "id": "19",
                  "title": "Les Métamorphoses d'Ovide (2e éd) / traduction française de Gros, refondue... par M. Cabaret-Dupaty,... ; et précédée d'une notice sur Ovide par M. Charpentier"
            },
            {
                  "doc_url": "https://gallica.bnf.fr/ark:/12148/bpt6k6138851t",
                  "emotions": [
                        "fear"
                  ],
                  "excerpt": "Cependant les filles de Minyas poursuivent leur travail , méprisent le dieu et profanent sa fête .Toula coup d ' invisibles tambours font entendre un sourd murmure ; la trompette el l ' airain concave retentissent ; la myrrhe et le safran exhalent leurs parfums .0 prodige incroyable ! les toiles commencent à verdir et les tissus flottants à se changer en feuilles de lierre .",
                  "id": "20",
                  "title": "Les Métamorphoses d'Ovide (2e éd) / traduction française de Gros, refondue... par M. Cabaret-Dupaty,... ; et précédée d'une notice sur Ovide par M. Charpentier"
            }
      ]
}