{
      "articles": [
            {
                  "doc_url": "https://gallica.bnf.fr/ark:/12148/bpt6k6566474m",
                  "emotions": [
                        "anger",
                        "fear",
                        "pain"
                  ],
                  "excerpt": "Ainsi , le beurre en ébullition salua , par un petit feu d ' artifice , la descente des bas - reins à nu de Mme la comtesse dans la poêle rouge qu ' elle n ' avait pas vue , tant elle s ' était pressée de retrousser ses jupes pour s ' asseoir sur le siège libérateur .Un grand cri retentit , non pas dans Ramah , mais dans la maison , et la malheureuse femme , horriblement brûlée au derrière , s ' étant élancée au travers de l ' appartement , y courait comme une insensée , tandis que les fines dentelles de son pantalon , ayant pris feu au fer incandescent , lui grillaient les cuisses avec une suave odeur de rôti .M .",
                  "id": "1",
                  "title": "Histoires belles et honnestes / Armand Silvestre ; illustrations de Kauffmann"
            },
            {
                  "doc_url": "https://gallica.bnf.fr/ark:/12148/bpt6k9782030g",
                  "emotions": [
                        "surprise",
                        "disgust",
                        "fear",
                        "excitement",
                        "nervousness",
                        "pain",
                        "embarrassment"
                  ],
                  "excerpt": "Je leur fesse la gueule ! La guerre est là .J ' ai sa griffe à mon cou et , dans mon nez , son souffle putréfiant .Si je veux vivre , il faut me dégager et fuir , ou bien passer au travers .",
                  "id": "2",
                  "title": "Oeuvres complètes. Tome 3 / Romain Rolland ; [ill. par J. Laboureur]"
            },
            {
                  "doc_url": "https://gallica.bnf.fr/ark:/12148/bpt6k5805267b",
                  "emotions": [
                        "fear"
                  ],
                  "excerpt": "S ' il s ' écoule par les organes génitaux de la .femme un liquide fétide on peut craindre que l ' enfant ne soit mort ; mais là encore on est loin d ' une certitude absolue .Après de longues heures de travail il peut se trouver dans ces organes toutes sortes de liquides corruptibles .",
                  "id": "3",
                  "title": "De l'Embryotomie, au point de vue des souffrances qu'elle cause au foetus et des moyens de les lui éviter, par K. C. S. Kh'ntiriann,..."
            },
            {
                  "doc_url": "https://gallica.bnf.fr/ark:/12148/bpt6k822208",
                  "emotions": [
                        "disgust",
                        "anger",
                        "fear",
                        "courage",
                        "disappointment"
                  ],
                  "excerpt": "QUOIQUE fon eût mis les paniers à l ' ombre de quelques arbres ( où oit les avoit fufpendus aux branches infëneufes de manrere que je pune les prendre & que mon chien ne put pas y attendre ; ) le ~ bÏei ! quï y panoit pour la Seconde fois depuîs mon arrivée commencolt a endommager quelques morceaux de viande fraîche que Fon y avoit tnis .Je fus irappé de la mauvaise odeur de celui que je venois de prendre je le jettai Sans en ofer manger , & ~ je pieu * rai .Mon pain devenoit auSH fort ~ ec , & : ce ! a me fâchoit beaucoup .",
                  "id": "4",
                  "title": "L'élève de la nature. La solitude / (par G. Guillard de Beaurieu)"
            },
            {
                  "doc_url": "https://gallica.bnf.fr/ark:/12148/bpt6k9740288n",
                  "emotions": [
                        "disgust",
                        "fear"
                  ],
                  "excerpt": "1 * L ' aigrette est la femelle du macaque .d ' une odeur de fourmi ou de faux musc qu ' ils répandent autour d ' eux , ils sont si malpropres , si laids et même si affreux , lorsqu ils font la grimace , qu ' on ne peut les regarder sans horreur et dégoût .Ces guenons vont souvent par troupes et se rassemblent , surtout pour voler des fruits et des légumes .",
                  "id": "5",
                  "title": "Oeuvres complètes de Buffon : avec la nomenclature linnéenne et la classification de Cuvier. Tome 4 / revues... et annotées par M. Flourens,... ; planches en couleur de Victor Adam"
            },
            {
                  "doc_url": "https://gallica.bnf.fr/ark:/12148/bpt6k287932",
                  "emotions": [
                        "fear",
                        "nervousness"
                  ],
                  "excerpt": "Les coquelicots , ( papaver rheas , P .dubium , ) sont narcotiques , produisent des indigestions , des tremblements , des convulsions ( Schmayer ) .crocata , L .",
                  "id": "6",
                  "title": "Principes d'hygiène vétérinaire, ou Règles d'après lesquelles on doit entretenir et gouverner les animaux domestiques... / par J.-H. Magne,..."
            },
            {
                  "doc_url": "https://gallica.bnf.fr/ark:/12148/bpt6k9782030g",
                  "emotions": [
                        "fear",
                        "nervousness",
                        "embarrassment"
                  ],
                  "excerpt": "Quand elle se débattait dans les marais , elle ne songeait pas à avoir peur .Mais maintenant la peur avait surgi ; la vase lui montait au menton : ( l ' odeur putride la poursuivit pendant des nuits ; elle la flairait , sous ses ongles ) ; elle frémissait que cette glaise ne lui emplît la bouche , elle en avait l ' étouffement .Elle voulut que Ferdinand la conduisît à Constantza , et elle monta sur le premier bateau en partance .",
                  "id": "7",
                  "title": "Oeuvres complètes. Tome 3 / Romain Rolland ; [ill. par J. Laboureur]"
            },
            {
                  "doc_url": "https://gallica.bnf.fr/ark:/12148/bpt6k5837754w",
                  "emotions": [
                        "fear"
                  ],
                  "excerpt": "uisée l ' eau qui remplit la piscine .Encore une coutume bien dangereuse pour la se nié des pèlerins , plus dangereuse certainement que les mauvaises odeurs de Mouna , cl qu ' il serait peut - être bien facile de supprimer , 230 MON VOYAGE A LA MECQUE .en laissant purement et simplement le bassin vide .",
                  "id": "8",
                  "title": "Mon voyage à La Mecque (2e éd.) / Gervais-Courtellemont"
            },
            {
                  "doc_url": "https://gallica.bnf.fr/ark:/12148/bpt6k822208",
                  "emotions": [
                        "fear",
                        "nostalgia",
                        "courage"
                  ],
                  "excerpt": "La première alloit s ' ouvrir , & augmenter la juûc admiration que j ' avo ! $ pour moi - même .Etant entré dans un petit bois vo ! ~ , de ma cabane , j ' y refpirai ce que l ' on peut appeHer les pa ~ ms du matin { ' odeur uiave du réveil de la Nature cette odeur qui ne .~ e répand que dans les bois , cetteodeur fi oppofée à celle qu ' exhalent les villes & leurs environs .",
                  "id": "9",
                  "title": "L'élève de la nature. La solitude / (par G. Guillard de Beaurieu)"
            },
            {
                  "doc_url": "https://gallica.bnf.fr/ark:/12148/bpt6k96180283",
                  "emotions": [
                        "disgust",
                        "fear"
                  ],
                  "excerpt": "; qui cause , produit .occasionne la peste : des exhalaisons pestiférantes .Pestifération , s .",
                  "id": "10",
                  "title": "Enrichissement de la langue française, dictionnaire de mots nouveaux... par J.-B. Richard,..."
            },
            {
                  "doc_url": "https://gallica.bnf.fr/ark:/12148/bpt6k691479",
                  "emotions": [
                        "disgust",
                        "fear",
                        "annoyance",
                        "desire"
                  ],
                  "excerpt": "Oh ! quelle idée ; je vais t ' emmener aux deux cercles ; nous dînerons au cercle des Terreaux , et nous prendrons le café au cercle des Célestins , tu verras , sous ses deux faces , la vie joyeuse des Lyonnais .Allons , fit Nergal , une nausée me pousse hors de cette infecte brasserie ; on y respire , avec des àcretés , la pire odeur du canut devenu bourgeois .Et tandis que l ' ami vidait dégustativement le bock laissé par Nergal , celui - ci étirant un tube de sa poche s ' imprégnait les moustaches d ' oncidia d ' Espagne .",
                  "id": "11",
                  "title": "La décadence latine : éthopée. Tome 5 / Joséphin Péladan"
            },
            {
                  "doc_url": "https://gallica.bnf.fr/ark:/12148/bpt6k822208",
                  "emotions": [
                        "disgust",
                        "fear"
                  ],
                  "excerpt": "Je les allai voir à que ~ ques pas de ma petite caverne , où je les avois mis .La mauvarfe odeur qui s ' exhaloit du panier m ' annonça que 1s mal étoit augmenté .Je vis les poinbnfS qui étoient livides qui ~ e déibrmoient qui fe féparoient € ïT lambeaux .",
                  "id": "12",
                  "title": "L'élève de la nature. La solitude / (par G. Guillard de Beaurieu)"
            },
            {
                  "doc_url": "https://gallica.bnf.fr/ark:/12148/bpt6k57121339",
                  "emotions": [
                        "fear",
                        "despair",
                        "pain"
                  ],
                  "excerpt": "La malade raconte que son cou est la cause qu ' elle a .toujours la gorge sèche et une haleine à tel point fétide que tout le inonde la fuit ; on l ' a rendue bossue , tordue , bancale , on l ' a raccourcie .Quand elle était à Paris , on la suivait dans la rue et on cherchait par l ' électricité à lui faire du mal .",
                  "id": "13",
                  "title": "Du délire sympathique au cours des psychoses / par S. Moundlic,..."
            },
            {
                  "doc_url": "https://gallica.bnf.fr/ark:/12148/bpt6k96180283",
                  "emotions": [
                        "disgust",
                        "fear"
                  ],
                  "excerpt": "des 2 gen .; qui peut être empoisonné , infeclé de poison , d ' une mauvaise odeur , désagréable : ces lieux sout em .poisonnables par les exhalaisons d ' un marai voisin .",
                  "id": "14",
                  "title": "Enrichissement de la langue française, dictionnaire de mots nouveaux... par J.-B. Richard,..."
            },
            {
                  "doc_url": "https://gallica.bnf.fr/ark:/12148/bpt6k9618022m",
                  "emotions": [
                        "grief",
                        "disgust",
                        "fear",
                        "disapproval",
                        "embarrassment"
                  ],
                  "excerpt": ".Oue c ' est horrible , cette odeur ! » En effet , ils traversèrent d ' abord la pharmacie , où les cuvettes à désinfectants contenaient les linceuls des décès prochains .D ' acres senteurs planaient par l ' ombre de l ' immense tente .",
                  "id": "15",
                  "title": "Mademoiselle Dhamelincourt / Paul Adam ; illustrations d'après les aquarelles de Dutriac"
            },
            {
                  "doc_url": "https://gallica.bnf.fr/ark:/12148/bpt6k4223763p",
                  "emotions": [
                        "disgust",
                        "fear",
                        "disapproval"
                  ],
                  "excerpt": "Les Parfis ont beaucoup d J at > tendon à prendre garde quil nç sc perde rien , de leurs cheveux J de leur barbe , lorsqu ’ on les coupe , ou qu on les rase ; ils les ramassent avec soin , ⩽ portent dans le lieu de leur sépulture .Ce lieu cil véritablement affreux ; an y voit une grande quantité de corps à demi pourris , qui par ladiveríL té de leurs couleurs différentes font horreur ; fans compter la puanteur extraordinaire qui s ’ exhale de ce lieu ; & qui 11e peut plaire qu ’ aux vautours , qui habitent fans celle fur íés murailles .Outre ces Parfis qui demeurent près de Surate , il y a d ’ autres peu - .",
                  "id": "16",
                  "title": "Voyages de Jean Ovington, faits à Surate et en d'autres lieux de l'Asie et de l'Afrique, avec l'histoire de la révolution du royaume de Golconde, et des observations sur les vers à soye. Traduit de l'anglais. Tome 2"
            },
            {
                  "doc_url": "https://gallica.bnf.fr/ark:/12148/bpt6k65447020",
                  "emotions": [
                        "disgust",
                        "fear"
                  ],
                  "excerpt": "Cette bizarre et gigantesque fleur , que les botanistes regardent encore comme une des merveilles du monde végétal , a d ' abord l ' aspect de ces volumineux champignons vulgairement appelés Vesses de loup ; et ce n ' est que quand elle a étalé ses pétales épais et de couleur de chair , que se révèle sa véritable nature .Il s ' en exhale une repoussante odeur cadavérique .Le savant reste stupéfait en présence d ' une si exubérante production , mais le Javanais se prosterne devant elle ; il la divinise presque et lui prête une miraculeuse puissance .",
                  "id": "17",
                  "title": "L'univers : les infiniment grands et les infiniment petits / par F.-A. Pouchet,..."
            },
            {
                  "doc_url": "https://gallica.bnf.fr/ark:/12148/bpt6k9762370g",
                  "emotions": [
                        "fear"
                  ],
                  "excerpt": "VERHEYFN , épitaphe que ce Do & eur s ' est faite , 175 .Ce qu ' il pensoit sur le danger des exhalaisons putrides , 180 .VESALE , ce grand Anatomiste a eu le malheur d ' ouvrir une personne qui n ' étoit point morte , 6f .",
                  "id": "18",
                  "title": "Lettres sur la certitude des signes de la mort , où l'on rassure les citoyens de la crainte d'être enterrés vivans, avec des observations & des expériences sur les noyés. Par M. Louis,..."
            },
            {
                  "doc_url": "https://gallica.bnf.fr/ark:/12148/bpt6k5567573n",
                  "emotions": [
                        "fear",
                        "doubt",
                        "nervousness",
                        "frustration"
                  ],
                  "excerpt": "Je voulais épargner à mon amour - propre une confession pénible ; mais , dès lors qu ' il y va d ' une correction , j ' aime encore mieux sacrifier ma dignité d ' homme que ma peau .Gomme je battais en retraite , continua - t - il d ' une voix peu rassurée , les torches achevaient de se consumer en répandant une fumée si épaisse que son âcre parfum me saisit vivement l ' odorat , et que , malgré tous mes efforts , je ne pus retenir un éternument dont le bruit et l ' effet furent terribles .Un grand tumulte se fit alors dans la chambre d ' où s ' élancèrent tous ces misérables , braudtssant des armes et criant : — Nous sommes trahis ! un espion s ' est glissé parmi nous ! Ils m ' eurent bientôt découvert .",
                  "id": "19",
                  "title": "Les Alliés en Champagne, 1814, par N. Blanpain"
            },
            {
                  "doc_url": "https://gallica.bnf.fr/ark:/12148/bpt6k9628202t",
                  "emotions": [
                        "fear"
                  ],
                  "excerpt": "Pour être comestible , l ' huître doit être vivante , ce que l ' on reconnaît aux mouvements de rétraction qu ' on observe quand on la touche , avec un couteau ou une fourchette , sur les expansions rayonnantes de son manteau .Si elle dégage une mauvaise odeur , elle est à repousser , car elle est malade ou morte .Sa congélation pendant les grands froids produit la décomposition et la putréfaction de ses tissus et les rend impropres à la consommation .",
                  "id": "20",
                  "title": "Aliments, boissons et condiments. Repas des adultes et des vieillards sains, valétudinaires ou malades..."
            }
      ]
}