{
      "articles": [
            {
                  "doc_url": "https://gallica.bnf.fr/ark:/12148/bpt6k5761583n",
                  "emotions": [
                        "disgust",
                        "fear"
                  ],
                  "excerpt": ".Odeur , danger des mouches , ..",
                  "id": "1",
                  "title": "Le Cuir : revue scientifique et industrielle / réd. Urbain J. Thuau"
            },
            {
                  "doc_url": "https://gallica.bnf.fr/ark:/12148/bpt6k5761583n",
                  "emotions": [
                        "fear",
                        "nervousness"
                  ],
                  "excerpt": "2 278 Peaux fraîches ( Séchage dcs .i Odeur , danger des mouches .2 279 Peaux fraîches ou cuirs verts ( Dépôls de ) Odeur , danger des mouches , altération des eaux .",
                  "id": "2",
                  "title": "Le Cuir : revue scientifique et industrielle / réd. Urbain J. Thuau"
            },
            {
                  "doc_url": "https://gallica.bnf.fr/ark:/12148/bpt6k5761583n",
                  "emotions": [
                        "fear"
                  ],
                  "excerpt": "l ~ i , paragraphe 3 , de ta toi du Î9 décembre 1917 Hayon N \" Désignation te Industries Inconvénients Classes d ' alflcliagc 1 Abattoirs publics et « .tailloirs industriels Bruit , odeur , danger dus mou - kilom .clics , altération des eaux .",
                  "id": "3",
                  "title": "Le Cuir : revue scientifique et industrielle / réd. Urbain J. Thuau"
            },
            {
                  "doc_url": "https://gallica.bnf.fr/ark:/12148/bpt6k5761583n",
                  "emotions": [
                        "fear"
                  ],
                  "excerpt": "3 12 < i Cornes , sabots el onglous à l ' état vert ( Dépôts de ) : .1 ° Cornes avec eornillons Odeur , danger des mouches .1 2 2 \" Cornes .",
                  "id": "4",
                  "title": "Le Cuir : revue scientifique et industrielle / réd. Urbain J. Thuau"
            },
            {
                  "doc_url": "https://gallica.bnf.fr/ark:/12148/bpt6k5761583n",
                  "emotions": [
                        "fear"
                  ],
                  "excerpt": "Quand la quantité emmagasinée est de 1 .000 kilogrammes et au - dessus Odeur , danger des mouches .2 li .",
                  "id": "5",
                  "title": "Le Cuir : revue scientifique et industrielle / réd. Urbain J. Thuau"
            },
            {
                  "doc_url": "https://gallica.bnf.fr/ark:/12148/bpt6k5761583n",
                  "emotions": [
                        "fear",
                        "greed"
                  ],
                  "excerpt": "Quand la quantité emmagasinée est inférieure [ à 1 .000 kilogrammes et supérieure à 300 kilogrammes Odeur , danger des mouches .3 ( Lorsque dans un même dépôt , sont emmagasinés désossées et des os verts , gras ou de cuisine , le dépôt est classé comme s ' il ne contenait ( ( lie dos os verts , gras ou de cuisine et les quantités d ' os réunies dans ce dépôt sont comptées pour un poids égal d ' os de cette catégorie .",
                  "id": "6",
                  "title": "Le Cuir : revue scientifique et industrielle / réd. Urbain J. Thuau"
            },
            {
                  "doc_url": "https://gallica.bnf.fr/ark:/12148/bpt6k9610623m",
                  "emotions": [
                        "fear",
                        "nervousness"
                  ],
                  "excerpt": "L ' essence de térébenthine inhalée communique rapidement l ' odeur de violette à l ' urine .Les vapeurs d ' éther , de chloroforme , produisent J ' anesthésie .Les sels ' solubles ' s ' absorbent aussi avec rapidité .",
                  "id": "7",
                  "title": "Traité de thérapeutique vétérinaire : pharmacodynamie, pharmacothérapie (4e édition) / par M. Kaufmann,..."
            },
            {
                  "doc_url": "https://gallica.bnf.fr/ark:/12148/bpt6k5774495q",
                  "emotions": [
                        "disgust",
                        "fear",
                        "pain"
                  ],
                  "excerpt": "A l ' occasion , ils nous faisaient encore remarquer la justesse de cette autre observation : • Tous les bruits de la nature sont beaux et majestueux , même lorsqu ' ils sont terribles .Ceux de l ' industrie sont particulièrement hideux : des tapages et des déchirements , des ronflements , des renâclements et des grincements ; ils exhalent des puanteurs ; tout ce que nous imaginons en enfer .» En fait , il n ' y a d ' absolument laid dans le monde que des choses introduites par l ' homme .",
                  "id": "8",
                  "title": "En nos pays : variations & fugues sur la nature / par Félix Morgon"
            },
            {
                  "doc_url": "https://gallica.bnf.fr/ark:/12148/bpt6k80262q",
                  "emotions": [
                        "surprise",
                        "grief",
                        "disgust",
                        "fear",
                        "nostalgia",
                        "despair"
                  ],
                  "excerpt": "Ce spectacle allait bien au deuil de mon amour , mon amour qui devait finir avec l ' hiver ! lh « VCe ! songe vint me surprendre une nuit .J ' étais dans : Un désert aride ; un crêpe funèbre voilait le ciel , 1 odeur des pavots et l ' odeur de la tombe m ' arrivaient par bouffées ; je n ' entendais que lesilence , jene voyais que l ' ombre , j ' étais saisi d ' une froide horreur .Un sillon lumineux traversa l ' espacé et un ange se pencha vers moi : « Je suis l ' âme d ' Isaure , » me cria - t - il d ' une voix solennelle .",
                  "id": "9",
                  "title": "La pêcheresse / par Arsène Houssaye"
            },
            {
                  "doc_url": "https://gallica.bnf.fr/ark:/12148/bpt6k80262q",
                  "emotions": [
                        "disgust",
                        "fear",
                        "nostalgia"
                  ],
                  "excerpt": "– Ne suis - je pas bien malheureux d ' être si sot et si faible ? dit - il en voyant Théophile .Il n ' y a pas de poison pareil pour moi j ' aime le parfum des œillets et des violettes mais , si je m ' approche des roses , je m ' évanouis tout à coup .Théophile poussa Brizailles vers le rosier ; le bouffon grinça des dents et fit une horrible grimace .",
                  "id": "10",
                  "title": "La pêcheresse / par Arsène Houssaye"
            },
            {
                  "doc_url": "https://gallica.bnf.fr/ark:/12148/bpt6k58343194",
                  "emotions": [
                        "disgust",
                        "fear",
                        "nervousness",
                        "pain"
                  ],
                  "excerpt": "Le capitaine du Giang Ann , un Anglais qui pendant trente années a parcouru les mers javanaises , a pitié de moi , son seul passager européen .Je serais asphyxié clans ma cabine , la salle à manger est de même impossible à cause des émanations produites par cette affreuse cargaison .On m ' installe dans le petit salon ouvert à tous les vents , situé sur le pont ; là , je dormirai peut - être , et je dîne sous la tente avec le capitaine .",
                  "id": "11",
                  "title": "Cambodge et Java : ruines khmères et javanaises, 1893-1894 / texte et dessins par M. Albert Tissandier,..."
            },
            {
                  "doc_url": "https://gallica.bnf.fr/ark:/12148/bpt6k6566282g",
                  "emotions": [
                        "disgust",
                        "fear",
                        "nervousness",
                        "embarrassment"
                  ],
                  "excerpt": "Lutter , se dévouer , c ' était tout ce qu ' elle voulait .Mais maintenant , à l ' idée d ' aller frapper à la porte d ' un hôtel garni , d ' entendre des propos brutaux ou inconvenants , toutes ses pudeurs se révoltaient .Le gamin remit cent francs à Neigette .",
                  "id": "12",
                  "title": "La haute canaille / par Jules Lermina"
            },
            {
                  "doc_url": "https://gallica.bnf.fr/ark:/12148/bpt6k6555543t",
                  "emotions": [
                        "fear",
                        "nervousness"
                  ],
                  "excerpt": "FLEURS rassemblées voyez FLEURS fasciculées , FLEURS glomérulées ., FLEURS verticillées , FLEURS en grappe , FLEURS en bouquet , FLEURS en ombelles , FLEURS en panicule , FLEURS en épi , en corymbe , & c .FLEURS rosacées ou FLEURS en rose , flores rosacei , pl .",
                  "id": "13",
                  "title": "Dictionnaire élémentaire de botanique, ou Exposition par ordre alphabétique des préceptes de la botanique et de tous les termes, tant françois que latins, consacrés à l'étude de cette science , par M. Bulliard..."
            },
            {
                  "doc_url": "https://gallica.bnf.fr/ark:/12148/bpt6k9602477t",
                  "emotions": [
                        "joy",
                        "disgust",
                        "anger",
                        "fear",
                        "pain"
                  ],
                  "excerpt": "Elle se putréfié 4 lorsqu ' elle est exposée à l ' air ; étendue en couche lé - gère sur du verre , elle s ' y sèche et forme une substance analogue à du parchemin .Elle brûle en se gri — pant et exhale une odeur de corne brûlée .Cette matière azotée donne aux eaux minérales qui la contiennent leur caractère principal , qui est l ' onctuosité et la couleur laiteuse .",
                  "id": "14",
                  "title": "Étude des eaux , par M. Textoris,..."
            },
            {
                  "doc_url": "https://gallica.bnf.fr/ark:/12148/bpt6k6458121j",
                  "emotions": [
                        "fear"
                  ],
                  "excerpt": "Déjà de Cholula désertant les murailles , Cortès avait repris le glaive des batailles : Pour sonder les périls d ' un passage incertain , Les plus jeunes soldats vont tracer le chemin Et , fier de préparer la nouvelle conquête , Ordaz obtient l ' honneur de marcher à leur tête .De la plaine bientôt les champs sont traversés ; Mais au milieu des monts deux sentiers sont tracés : Sur les flancs des rochers l ' un gravit et serpente ; Des torrents , des débris en sillonnent la pente , Il faut pour y marcher de pénibles efforts : D ' un limpide ruisseau l ' autre a suivi les bords ; Et le parfum des fleurs , le murmure des ondes , Invitent à chercher ces retraites profondes .Il fallait faire un choix , et les jeunes guerriers Sont prêts à parcourir les plus riants sentiers .",
                  "id": "15",
                  "title": "Fernand Cortès, poème par Roux de Rochelle"
            },
            {
                  "doc_url": "https://gallica.bnf.fr/ark:/12148/bpt6k61077001",
                  "emotions": [
                        "fear",
                        "nervousness",
                        "pain"
                  ],
                  "excerpt": "Tout s ' unit à Tâme Qui chante et proclame Le Maître infini .Les vents , les tempêtes , Passant sur nos têtes En sillons de feu ; La foudre qui gronde Et la mer profonde Nous parlent de Dieu ; La feuille tremblante ; La fleur odorante , Et le vert gazon , Le torrent qui roule , Le ruisseau qui coule , Redisent son nom .Les blanches étoiles , Qui percent les voiles De la sombre nuit , Ne sont que l ' emblème Du Soleil suprême Qui dans le ciel luit .",
                  "id": "16",
                  "title": "La Lyre angélique, recueil de cantiques nouveaux,... par M. l'abbé Justin Etcheverry,..."
            },
            {
                  "doc_url": "https://gallica.bnf.fr/ark:/12148/bpt6k9755809x",
                  "emotions": [
                        "fear",
                        "indifference"
                  ],
                  "excerpt": "C ' est bien ; nous avons le festin et les convives ; mais où trouver de la musique ? CLÉRIMONT .Ne t ' inquiète pas ; l ' odeur de la venaison se répandra dans la rue et fera venir tous les violons du monde .DAUPHIN .",
                  "id": "17",
                  "title": "Théâtre européen, nouvelle collection.... 1re série, Volpone ou Le renard : comédie en cinq actes : représentée, en 1605, à Londres, sur le Théâtre du Globe / par Ben-Jonson ; [notice sur la pièce signée Amédée Pichot]"
            },
            {
                  "doc_url": "https://gallica.bnf.fr/ark:/12148/bpt6k2099872",
                  "emotions": [
                        "fear",
                        "pain"
                  ],
                  "excerpt": "Dans mes veines bouillonne un sang de grand veneur Comme si , dans les temps , j ' avais été seigneur .Sans doute le hasard a mâtiné ma race J ' ai sous mon vilain poil un flair de chien de chasse .Je me plais dans le froid , la pluie et ' le brouillard ; Plus fin , plus patient , plus leste qu ' un renard .",
                  "id": "18",
                  "title": "Dix églogues : poèmes bucoliques / par Pierre Dupont"
            },
            {
                  "doc_url": "https://gallica.bnf.fr/ark:/12148/bpt6k6377285t",
                  "emotions": [
                        "fear"
                  ],
                  "excerpt": "Il s ' agit d ' aller le chercher .Mais une odeur de gaz infecte la cour et le rez - dechaussée ; le tuyau a certainement été brûlé .On leur recommande de descendre sans lumière , et , de peur d ' asphyxie , d ' ouvrir la porte de la cave quelques instants avant d ' y pénétrer .",
                  "id": "19",
                  "title": "Paris insurgé : histoire illustrée des événements accomplis du 18 mars au 28 mai 1871 : pièces et documents recueillis au jour le jour / classés, coordonnés et annotés par A. de Balathier-Bragelonne"
            },
            {
                  "doc_url": "https://gallica.bnf.fr/ark:/12148/bpt6k6377285t",
                  "emotions": [
                        "fear"
                  ],
                  "excerpt": "Lt AFFRANCHI Le deuxième numéro de ce journal , daté du 3 avril , et publié le 2 avril au matin , pose très - nettement l ' attitude que la Commune entend prendre vis - à - vis du gouvernement régulier .L ' ODEUR DE LA POUDRE La bataille est imminente .Paris et Versailles sont transformés en deux vastes camps retranchés .",
                  "id": "20",
                  "title": "Paris insurgé : histoire illustrée des événements accomplis du 18 mars au 28 mai 1871 : pièces et documents recueillis au jour le jour / classés, coordonnés et annotés par A. de Balathier-Bragelonne"
            }
      ]
}