{
      "articles": [
            {
                  "doc_url": "https://gallica.bnf.fr/ark:/12148/bpt6k9753167b",
                  "emotions": [
                        "fear",
                        "courage",
                        "despair"
                  ],
                  "excerpt": "SAPIN : il est droit comme un sapin , se dit d ' un homme qui se tient fort droit , et qui est debout .Il sent le sapin ; il n ' ira pas loin , il ne fera pas de vieux os , il porte la mort dans son sein .SARMENT : à la Saint - Vincent le vin monte au sarment ; et , quand il grêle , il en descend .",
                  "id": "1",
                  "title": "Nouveau dictionnaire proverbial, satirique et burlesque, plus complet que tous ceux qui ont paru jusqu'à ce jour ... par A. Caillot. Deuxième édition"
            },
            {
                  "doc_url": "https://gallica.bnf.fr/ark:/12148/bpt6k12804393",
                  "emotions": [
                        "fear",
                        "nervousness"
                  ],
                  "excerpt": "Herbe qui vient dans les prez , & qui a trois feuilles , ce qui l ’ a fait appeller parles Larins , Trifolium , d ’ où eft venu Trefie .Il y a un Trefie que Diofcoride appelle Afphalcite du Grec clr ( pu , \\ T < & ‘ , Bitume , à caufè que les feuilles qui ont l ’ odeur delà ruë en commençant à fortir , Tentent le bitume lors qu ’ elles viennent à croiftre .Cette herbe eft haute de plus d ’ une coudée , & produit certaines verges menues , noires Sc faites en forme de jonc , d ’ où forcent d ’ autres petites verges menues qui ont chacune trois feüil - lesfemblabiesàcellesde melilot .",
                  "id": "2",
                  "title": "Le grand Dictionnaire de l'Académie française... (2e édition...)"
            },
            {
                  "doc_url": "https://gallica.bnf.fr/ark:/12148/bpt6k12804393",
                  "emotions": [
                        "fear",
                        "nervousness",
                        "pain"
                  ],
                  "excerpt": "Le Silymbrium fauvage eft une plante qui croift dans les ruiffeaux des fontaines .Elle a un gouft aigu 8c mordant , 8c jette d ’ abord fes feüilles rondes , lefquel - les venant à croiftre font déchiquetées comme celles de la roquette , ayant l ’ odeur 8c la faveur du creflbn alenois , qu ’ on appelle Car du - mum , d ’ où vient qu ’ on donne le nom de Cctrdamme au Sifym - brium fauvage .Cette plante eft lithontriptique 8c provoque à uriner .",
                  "id": "3",
                  "title": "Le grand Dictionnaire de l'Académie française... (2e édition...)"
            },
            {
                  "doc_url": "https://gallica.bnf.fr/ark:/12148/bpt6k12804393",
                  "emotions": [
                        "fear",
                        "desire",
                        "nostalgia",
                        "doubt",
                        "nervousness"
                  ],
                  "excerpt": "Un gueux .Qu / md je vois tous nuds ces truand Trembler fur ces fumier puant .On a dit auffi Truander , pour Gueufer , & Truandife , pour Actions de truand } & quelquefois , félon Nicot , pour des malices & méchancetez , & truande , pour , Maniéré de gueufer .",
                  "id": "4",
                  "title": "Le grand Dictionnaire de l'Académie française... (2e édition...)"
            },
            {
                  "doc_url": "https://gallica.bnf.fr/ark:/12148/bpt6k12804393",
                  "emotions": [
                        "fear",
                        "courage",
                        "pain"
                  ],
                  "excerpt": "Son urine Sc la fiente font d ’ une puanteur infup - portable , 8c gaftent tout ce quelles touchent .Mefme le vent qu ' il lafehe en fuyant , a la mefme puanteur , 8cce fontles armesdontilfe défend contre ies chalïeurs .Y ü T YUTU .",
                  "id": "5",
                  "title": "Le grand Dictionnaire de l'Académie française... (2e édition...)"
            },
            {
                  "doc_url": "https://gallica.bnf.fr/ark:/12148/bpt6k97805169",
                  "emotions": [
                        "disgust",
                        "fear",
                        "nostalgia",
                        "nervousness"
                  ],
                  "excerpt": "Je fais boire de l ' eau ou du vinaigre en guise de vin .Je fais respirer de l ' ammoniaque pour de l ' eau de Cologne .A Cl .",
                  "id": "6",
                  "title": "De la suggestion et de ses applications à la thérapeutique (3e édition corrigée et augmentée) / par le Dr Bernheim,..."
            },
            {
                  "doc_url": "https://gallica.bnf.fr/ark:/12148/bpt6k57280600",
                  "emotions": [
                        "fear",
                        "doubt",
                        "faith"
                  ],
                  "excerpt": "\" Jaloux de justifier I leur aversion pour toute initiative un peu bar - \\ die ( car n ' oublie pas qu ' ils \" ont un vif amour - \\ propre ) , ils \" tenteront ' toujours de déconsidérer , ; par une critique systématique , tout ce qui ! peut ressembler à un progrès .Ainsi , par exem - I pie , ils ne verront , \" dans la vapeur , que \" les - ! chances d ' accident ' ; dans le ; gaz , que \" l ' odeur ; j et le danger dés explosions .Ce \" pessimisme ! dogmatique , cette habitude de chercher tou - i jours les inconvénients ou les dangers d ' une \\ idée nouvelle , a \" donné à ' ie ' ufresprit je ' né sais 1 quoi de négatif , ' dé froid \" , de décourageant , j qui les empêchera ■ pour longtemps encore \\ d ' adopter lès améliorations les pluspopu - , j laires ' dans les \" arts industriels .",
                  "id": "7",
                  "title": "Les Français peints par eux-mêmes. Tome 4"
            },
            {
                  "doc_url": "https://gallica.bnf.fr/ark:/12148/bpt6k5828920t",
                  "emotions": [
                        "fear",
                        "envy",
                        "greed"
                  ],
                  "excerpt": "Chuski essayait de se relever dans son hamac et brandissait , lui aussi , sa hache .Sans doute l ' odorat de l ' ours lui avait révélé que la proie convoitée était tout près ; il avait retiré son nez du trou , qu ' avec ses deux puissantes pattes il s ' efforçait d ' agrandir .Un courant d ' air froid s ' engouffrait par l ' ouverture ; il neigeait dans la salle , la température baissait avec une rapidité inouïe .",
                  "id": "8",
                  "title": "Le Cap aux ours / par A. de Lamothe"
            },
            {
                  "doc_url": "https://gallica.bnf.fr/ark:/12148/bpt6k5774483h",
                  "emotions": [
                        "surprise",
                        "fear"
                  ],
                  "excerpt": "d ' eau .Il se forme bientôt un dépôt cris - - tallin : on ne perçoit , pas pendant la réaction l ' odeur d ' aldéhyde acétique .Après 2 heures de contact , on filtre et on essore le précipité à la trompe ; on le fait ensuite cristalliser dans la plus petite quantité possible d ' alcool bouillant .",
                  "id": "9",
                  "title": "Bulletin de la Société chimique de Paris. Mémoires"
            },
            {
                  "doc_url": "https://gallica.bnf.fr/ark:/12148/bpt6k9613252w",
                  "emotions": [
                        "fear"
                  ],
                  "excerpt": "C ' est lourquoy au ( Fi * , dit cet Auth ^ ur , ils n ' or .[ onnoient que du fromage pourri , auec rn peu de vin tous les matins , pour se ) reseruer de ce inal dangereuæ : mais Luec cela , ils recommandoient & prati - luoiét fort l ' f sage de certains parfums , dont la description est ensuite , & dot l ' vsage , à ce qu ' il dit , leur fut tres sa - taire .Voila Messieurs , dit Polid < .",
                  "id": "10",
                  "title": "Conversations de l'Académie de monsieur l'abbé Bourdelot, contenant diverses recherches, observations, expériences et raisonnements de physique, médecine, chymie, & mathématiquee . Le tout recueilly par le Sr Le Gallois ; et le parallèle de la physique d'Aristote et de celle de Mons. Descartes, leu dans ladite Académi"
            },
            {
                  "doc_url": "https://gallica.bnf.fr/ark:/12148/bpt6k55007708",
                  "emotions": [
                        "fear"
                  ],
                  "excerpt": "& oiffolvent ÍT conclut , cl ' apH ' ës un grand nombre d ' observations f .iites fur le poison de vipère , , que les symptômes ' & \" lgs effets \" que pïoduit ' cè \" defni \" êr \" ^ ' ro ' nt les ~ mêmes írue , ceux des vaoeurs méphitiques & des plantes narcotiques .Le suc de ceídernieres « affoibli ' t , dit - il .",
                  "id": "11",
                  "title": "Élémens de médecine pratique de M. Cullen ,... traduit de l'anglais sur la quatrième et dernière édition, avec des notes dans lesquelles on a refondu la Nosologie du même auteur... par M. Bosquillon,..."
            },
            {
                  "doc_url": "https://gallica.bnf.fr/ark:/12148/bpt6k63717010",
                  "emotions": [
                        "fear",
                        "pain"
                  ],
                  "excerpt": "Combien de lois n ai - je pas été témoin , dans les excursions que j ' ai faites avec le docteur Duhalde , en Sologne , de l ' impossibilité de défendre le paysan de cette contrée contre l ' action destructive du pays qu ' il habite .J ' ai vu des paysans , rongés parla fièvre , détruits par les miasmes , empoisonnés par les émanations marécageuses , me dire que depuis six SEMAINES ils n ' avaientimis un morceau de viande dans leur estomac .Ils se nourrissent de pain noir et de lait caillé , parce qu ' ils ne peuvent acheter ni pain blanc , ni viande ! Il n ' y a que la haute administration qui puisse aller au - devant de ces calamités , porter quelque adoucissement à de telles misères , misères que j ' ai vues , et dont je ne puis parler ici sans éprouver un sentiment profond de regret , de savoir des hommes voués à une misère d autant plus horrible qu ' elle s ' accompagne de maladies souvent mortelles , contre lesquelles la médecine est impuissante et que l ' hygiène publique seule peut empêcher .",
                  "id": "12",
                  "title": "Hygiène populaire, contenant tous les renseignements théoriques et pratiques nécessaires pour conserver la santé.... Hygiène de la poitrine, hygiène des professions et hygiène contre le choléra / par le Dr Halmagrand,..."
            },
            {
                  "doc_url": "https://gallica.bnf.fr/ark:/12148/bpt6k74485p",
                  "emotions": [
                        "trust",
                        "fear",
                        "doubt",
                        "faith"
                  ],
                  "excerpt": "U CLA .ÏM Croyez - en Kheyam et Ponchon Dont le nez semble une cerise t C ' est un lieu très sûr qu ' un houchon Contre le sort qui martyrise .L ' ivrogne seul .",
                  "id": "13",
                  "title": "La grive des vignes / Catulle Mendès"
            },
            {
                  "doc_url": "https://gallica.bnf.fr/ark:/12148/bpt6k6544035z",
                  "emotions": [
                        "fear",
                        "nervousness"
                  ],
                  "excerpt": "Aux danses russes succèdent les danses kamtschadales , danses convulsives , pénibles à voir , comme pénible à entendre est le chant caverneux qui leur tient lieu d ' orchestre .Ruisselantes de sueur , au milieu d ' une atmosphère huileuse , deux femmes figuraient une chasse aux ours .L ' une d ' elles se roulant à terre , représentait l ' animal ; l ' autre , qui tournait avec une effroyable rapidité , le chasseur .",
                  "id": "14",
                  "title": "Voyage de La Pérouse autour du monde : 1785 à 1788 / par E. Du Chatenet"
            },
            {
                  "doc_url": "https://gallica.bnf.fr/ark:/12148/bpt6k5695379w",
                  "emotions": [
                        "fear",
                        "desire",
                        "excitement",
                        "greed",
                        "nervousness",
                        "pain"
                  ],
                  "excerpt": "La palette ne doit autant que possible n ' être appli - t quéequesur les dents .Vin Odoriférant pour chasser la .mauvaise haleine Fleurs de Romarin 280 gr .",
                  "id": "15",
                  "title": "Précieux documents. Faites vos affaires vous-même. Aux personnes intelligentes. Aux personnes sans emploi. Aux personnes économes"
            },
            {
                  "doc_url": "https://gallica.bnf.fr/ark:/12148/bpt6k9613305k",
                  "emotions": [
                        "fear"
                  ],
                  "excerpt": "Toute la première partie de Ratbert est d ' une grande beauté .Le faux empereur est assis sur la grande place d ' Ancône , entouré des seigneurs italiens , loups cherchant une proie , chacals ouvrant les narines pour aspirer l ' odeur de la mort .Toutes les portes et toutes les boutiques sont fermées , et cependant il est grand jour , car un soleil aveuglant éclaire .",
                  "id": "16",
                  "title": "Mélanges critiques : Victor Hugo, Edgar Quinet, Michelet, Edmond About / Émile Montégut"
            },
            {
                  "doc_url": "https://gallica.bnf.fr/ark:/12148/bpt6k96189783",
                  "emotions": [
                        "fear",
                        "doubt",
                        "frustration"
                  ],
                  "excerpt": "De plus le Concile de Latran appelle les Anges des flibstancts spirituelles .Ma ' s quand les Diables aurcient des corps , ils ne pour - joient engendrer : puis que la faculté gene - ' ratiue deriue de l ' Ame Vegetante , & la sup .¡ > ose .",
                  "id": "17",
                  "title": "Le philosophe françois. Tome 2 / . Par leSr de Ceriziers,..."
            },
            {
                  "doc_url": "https://gallica.bnf.fr/ark:/12148/bpt6k6438987h",
                  "emotions": [
                        "disgust",
                        "fear",
                        "nervousness"
                  ],
                  "excerpt": "Vous emménagez aux premiers beaux jours , afin d ' être tout porté pour respirer le bon air et entendre le chant du rossignol .A la première pluie , vous êtes envahi par des myriades de colimaçons , de crapeaux , de grenouilles , de dégoûtantes limaces , de loirs , de cloportes , de musaraignes et de rais ; une affreuse gargouille , don ; on s ' était bien gardé de faire mention , passe comme un torrent sous votre maisonapportant avec ses eaux le sang des bouçheries , l ' urine des étables et toutes les puanteurs du vi4lage ; vos murs sont trempés , ils suintent de partout , depuis les fondemens jusqu ' au comble .Vous croyez échapper à cette humidité en faisant un bon feu , et vous n ' avez pas une seule cheminée par laquelle ne soit refoulée la fumée ; vos draps , votre manger sont imprégnés des plus dangereuses émanations ; les murs fondés sur une argile mouvante , menacent de s ' écrouler , les croisées , les portes ne ferment plus ; vous êtes exposés aux quatre vents ; vous patientez à cause des grandes chaleurs , car l ' été s ' approche ; il vient , mais vous ne pouvez pas garder de la viande une heure dans votre cuisine sans qu ' elle se corrompe .",
                  "id": "18",
                  "title": "Les Mystères de la vie du monde ou les Moeurs d'aujourd'hui. Scènes épisodiques et anecdotiques prises dans tous les rangs et conditions de la société..."
            },
            {
                  "doc_url": "https://gallica.bnf.fr/ark:/12148/bpt6k1189284",
                  "emotions": [
                        "fear"
                  ],
                  "excerpt": "L ' aveu , murmuré pendanl la fêle , prend ici l ' éclat d ' nn cri passionné .Le pressentiment de la mort prochaine , les épées et les poignards des Capulets suspendus sur l ' entrevue furtive , les souffles et les parfums d ' une tiède nuit d ' été , tout conspire à hâter leur amour tragique .Il s ' épanouit subitement , comme cet arbre merveilleux qui fleurit , dit - on , en une heure , avec l ' explosion d ' un volcan d ' arômes .",
                  "id": "19",
                  "title": "Les deux masques : tragédie, comédie. VOL3 / par Paul de Saint-Victor..."
            },
            {
                  "doc_url": "https://gallica.bnf.fr/ark:/12148/bpt6k5685430q",
                  "emotions": [
                        "surprise",
                        "fear",
                        "embarrassment"
                  ],
                  "excerpt": "» II allait sauter de son lit et mettre son ami dehors par les épaules , lorsque la serrure de la porte s ' entr ' ouvrit doucement , comme d ' unemain embarrassée ; puis la porte même fut lentement poussée , et Rosine entra , portant un cabaret avec un élégant service de café .Du moment où elle aperçut Samuël auprès du lit du baron , elle poussa un cri d ' effroi et de surprise ; son fardeau léger , mais embarrassant , s ' échappa de ses belles mains blanches , et tasse et soucoupes volèrent en éclats , et le parfum du moka s ' évapora inutilement dans une longue rigole , qu ' il vint à former instantanément sur le carreau .— « Vous êtes un oiseau qui porte malheur , mon cher Samuël , s ' écria le baron sans sedéconcerter .",
                  "id": "20",
                  "title": "Le Nouveau Candide : première partie. Rome / par Louis Lavater,..."
            }
      ]
}