{
      "articles": [
            {
                  "doc_url": "https://gallica.bnf.fr/ark:/12148/bpt6k5839455w",
                  "emotions": [
                        "fear",
                        "excitement",
                        "pain"
                  ],
                  "excerpt": "Etre atteint par la foudre .Exhaler leur chaude haleine sur nos membres .Odores qui afflarentur e floribus .",
                  "id": "1",
                  "title": "Nouveau dictionnaire latin-français, rédigé... particulièrement d'après les grands dictionnaires de Forcellini, de Georges, de Freund et de Klotz, par Eugène Benoist,... Henri Goelzer,..."
            },
            {
                  "doc_url": "https://gallica.bnf.fr/ark:/12148/bpt6k97695903",
                  "emotions": [
                        "fear",
                        "nervousness"
                  ],
                  "excerpt": "8o5 ) .Cette plante vivace naît dans les marais ; elle est stomachique et hystérique .MENTHE POIVRÉE ou CITRONNÉE ( Mentha piperata , Linn .",
                  "id": "2",
                  "title": "Dictionnaire botanique et pharmaceutique, contenant les principales propriétés des minéraux, des végétaux et des animaux, avec les préparations de pharmacie, internes et externes, les plus usitées en médecine et en chirurgie. Partie 2 / ... par une Société de médecins, de pharmaciens et de naturalistes,... orné de XVII grandes planches... Seconde édition, revue..."
            },
            {
                  "doc_url": "https://gallica.bnf.fr/ark:/12148/bpt6k317257r",
                  "emotions": [
                        "fear",
                        "nervousness",
                        "pain"
                  ],
                  "excerpt": "La Parque s ’ adoucit , et , changeant de fuseaux , Leur file , en souriant , de sa plus blanche laine .Du Zéphyr qui s ’ éveille on sent frémir l ’ haleine .La pauvre nef chemine , ouvrant les flots amers .",
                  "id": "3",
                  "title": "Satires de Juvénal, traduites en vers français par A. Constant-Dubos,..."
            },
            {
                  "doc_url": "https://gallica.bnf.fr/ark:/12148/bpt6k854694d",
                  "emotions": [
                        "disgust",
                        "fear",
                        "nervousness"
                  ],
                  "excerpt": "Rêves sensuels et doux farniente , Table servie et succulente ! Pour ce grand jour il doit inviter son voisin .L ’ odeur du festin le réveille , Et , comme on dit , il sent une puce à l ’ oreille .Il attend tous les jours , mais il attend en vain .",
                  "id": "4",
                  "title": "Les fables de l'océan / par le Dr Kemmerer,... ; avec 50 gravure de Louis Bescherer,..."
            },
            {
                  "doc_url": "https://gallica.bnf.fr/ark:/12148/bpt6k62871d",
                  "emotions": [
                        "fear",
                        "nervousness"
                  ],
                  "excerpt": "Dans une autre salle , des pièces de drap bleu et de drap rouge s ' empilaient contre les murs .L ' odeur de la laine , la trépidation puissante et sourde des métiers se propageaient partout .Devantles fenêtres , le vol agile des courroies semblait infatigable .",
                  "id": "5",
                  "title": "Les jeux de la préfecture : roman / J.-A. Coulangheon"
            },
            {
                  "doc_url": "https://gallica.bnf.fr/ark:/12148/bpt6k80417f",
                  "emotions": [
                        "fear",
                        "excitement",
                        "greed"
                  ],
                  "excerpt": "A travers la campagne , je marche , je .marche , les narines au vent , flairant , comme un chien de chasse , des odeurs de femelles .Une nuit , la gorge en feu , le cerveau affolé par des visions abominables , je m ' engage dans les ruelles tortueuses du village , frappe à la porte d ' une fille à matelots .",
                  "id": "6",
                  "title": "Le calvaire (7e édition) / par Octave Mirbeau"
            },
            {
                  "doc_url": "https://gallica.bnf.fr/ark:/12148/bpt6k5813114h",
                  "emotions": [
                        "fear",
                        "courage",
                        "despair",
                        "frustration"
                  ],
                  "excerpt": "H faut dire qu ' elle ne sentait aucun tourment .Le vali , la voyant inflexible , la lit enfermer dans un sac plein de vipères , de serpents el de toute espèce de reptiles venimeux ; ils ne lui liront aucun mal , car elle avait paur elle les paroles de l ' Evangile ; au contraire , le parfum qui se dégageait de ses vêtements les lit tous périr .Au bout de trois jours cependant , elle rendit rame 3 .",
                  "id": "7",
                  "title": "Les actes des martyrs de l'Église copte : étude critique / par E. Amélineau"
            },
            {
                  "doc_url": "https://gallica.bnf.fr/ark:/12148/bpt6k9314002",
                  "emotions": [
                        "fear",
                        "nervousness"
                  ],
                  "excerpt": "Gréhaut , aide - naturaliste au Muséum d ’ histoire naturelle , connu pour ses travaux de physiologie .Il s ’ agit des Poisons de l ' air .L ' acide carbonique et l ’ oxyde de carbone ; asphyxie et empoisonnement par les puits , le gaz de l ’ éclairage , le tabac a fumer , les poêles , les voitures chaudees .",
                  "id": "8",
                  "title": "Revue universelle des inventions nouvelles"
            },
            {
                  "doc_url": "https://gallica.bnf.fr/ark:/12148/bpt6k6517557c",
                  "emotions": [
                        "surprise",
                        "disgust",
                        "fear",
                        "nervousness",
                        "despair"
                  ],
                  "excerpt": "Le feu se calme enfin .Nous rentrons dans la ville : Quel aspect ! quelle odeur ! quel effrayant asile ! Le Kremlin est debout , car Mortier l ' a sauvé ; Le Ciel en sa fureur pour nous l ' a conservé .Ce palais des Ruricks est là pour notre perte ; Sous ces lambris dorés une tombe entrouverte Semble dire à l ' armée : Ici sont vos tombeaux ! Les champs de la Russie ont besoin de vos os ! Dans ce lieu de douleurs qu ' habita la mollesse , Et dont l ' antiquité rehausse la richesse , Nos malheureux soldats , que déchire la faim , De ce drame sanglant sollicitent la fin .",
                  "id": "9",
                  "title": "Campagne de Russie (1812) : hommage aux débris de la Vieille armée / par Théophile-Victor Leray"
            },
            {
                  "doc_url": "https://gallica.bnf.fr/ark:/12148/bpt6k54852d",
                  "emotions": [
                        "fear",
                        "doubt",
                        "nervousness"
                  ],
                  "excerpt": "Pourtant plus d ' une fois elle a daigné sourire A des mots qu ' il a dits , a des vers qu ' il a faits , Quand tout son escadron de cavaliers parfaits Souvent la laisse triste et n ' a rien à lui dire .Or , un soir qu ' au jardin lentement obscurci , Dans l ' odeur des H : as il est assis près d ' elle , Troublé , malgré lui - même , il ose .« Ennn ! dit - elle .",
                  "id": "10",
                  "title": "Le livre d'heures de l'amour (2e éd.) / Jean Aicard"
            },
            {
                  "doc_url": "https://gallica.bnf.fr/ark:/12148/bpt6k5620289f",
                  "emotions": [
                        "disgust",
                        "fear",
                        "disapproval",
                        "doubt"
                  ],
                  "excerpt": "II existe encore des fruits dangereux , et , bien que nous en fassions usage , nous sommes loin de leur attribuer la cause d ' indispositions qui leur sont dues .Si je considère Yarbousc , dont on façonne des confitures , je suis obligé de m ' écrier : mais c ' est du poison ! Quel estomac supportera sans danger pareil toxique ? Amalgame de créosote , de benjoin , de noix de galle , de racine d ' iris et d ' une inlinité d ' autres ennemis , protégés par le parfum des agents précités .Celui des chimistes qui voudrait mettre en doute monaflinnation , je le prie pardignité de procéderai ! préalable à l ' analysede ce fruit champêtre .",
                  "id": "11",
                  "title": "Les outrages à la nature et leurs conséquences / par E. Noé ; préface par Raoul Des Ajoncs"
            },
            {
                  "doc_url": "https://gallica.bnf.fr/ark:/12148/bpt6k5624717x",
                  "emotions": [
                        "fear"
                  ],
                  "excerpt": "- silence ; Et quoi qu ' il ait fait tache au nom de ses aïeux Je ne troublerai pas ce mort ambitieux ; Qu ' il dorme , s ' il se peut , tranquille en son suaire ; Que jamais au chevet de son lit mortuaire Il n ' entende un vrai roi lui crier : « trahison ! » Quelle triste devise au champ d ' un tel blason ! Dans la mort , je le sais , les colères s ' apaisent : Ainsi soit ; mais au moins que ses flatteurs se taisent , Qu ' ils ne prétendent pas appliquer tôt ou tard Un masque de grand homme à ce roi de hasard ! Pour tout usurpateur la louange est impie : Le bonheur passager des grands crimes s ' expie ; La France avait sous lui désappris la fierté ; Il a trahi son roi ., trahi la liberté ; Il eut voulu flétrir sa famille exilée Pas même le respect après l ' avoir volée ! Une femme , une mère , ohl l ' infâme action ! Quel effrayant creuset que leur ambition ! Je ne veux pas savoir comment se font les choses , Le venin des serpents ni le parfum des roses , - 14 - Comment se fait l ' azur qui caressé mes yeux , .Ni qui donne la voix aux flots harmonieux , Ni ce qui fait germer dans les âmes hardies Ce qu ' ils nomment entr ' eux les grandes perfidies ; Les mystères du monde et du coeur sont à Dieu ; Mais comment oublier qu ' à l ' heure de l ' adieu Pour défendre un enfant on lui ceignit l ' épée ? A l ' eau des trahisons , lui père ! il l ' a trempée ! Ce jour - là pour jamais il a mis à son front La tache de Macbeth , qu ' hélas ! n ' effaceront Ni le pâle troupeau de ses courtisans mornes , Ni les puissantes eaux des océans sans bornes .",
                  "id": "12",
                  "title": "Brins d'herbe, par Ernest de Chabot"
            },
            {
                  "doc_url": "https://gallica.bnf.fr/ark:/12148/bpt6k2066544",
                  "emotions": [
                        "disgust",
                        "fear",
                        "doubt"
                  ],
                  "excerpt": "déchirées ; tous les trafiquants de la rue et du ruisseau qui vivent des détritus de la grande ville , viennent apporter ici leur récolte et leur butin quotidiens .Mais c ' est de jour qu ' il faut voir ce pittoresque pêle - mêle , cette confusion sans nom d ' objets disparates ce capharnaùm exhalant une odeur de mort , de pourriture , de troisième dessous et de juiverie .Un piano éventré trébuche à côté d ' un cercueil d ' occasion étendu à terre comme une grande caisse vide ; des béquilles et des jambes de bois sont entassées dans des chars d ' enfants des robes de moine jetées aux orties pendent au même crochet que des robes de soie salies par des caresses lubriques et des maillots de danseuses ; des trompettes , des crinolines , des volumes de vers , des pendules qui ont sonné des heures d ' amour et de bonheur , des coffrets à bijoux éventrés , des manteaux de fourrure , des harpes aux cordes brisées , des sabres de famille , des portraits d ' ancêtres , des chaudrons , des fers a * repasser , des entonnoirs , des cruches et des décorations étrangères , des chandeliers et des cages de colombes , tout cela passe lentement sous vos yeux comme les funérailles de la richesse , du luxe , du plaisir , de toutes les vanités .",
                  "id": "13",
                  "title": "Voyage au pays des Tziganes (la Hongrie inconnue) / par Victor Tissot"
            },
            {
                  "doc_url": "https://gallica.bnf.fr/ark:/12148/bpt6k5458578h",
                  "emotions": [
                        "surprise",
                        "fear"
                  ],
                  "excerpt": "— 118 — Il dit et disparait par - dessus les murailles ; Et jusque dans le fond de ses mâles entrailles , Le guerrier sent couler la secrète vertu Des armes du héros , dont il est revêtu ! Trompettes et clairons , rompez enfin la trêve , Sonnez ; de Malakoff le dernier jour se lève ! Quel nuage de feu plane sur les créneaux ! Le mont tremble , l ' Etna rallume ses fourneaux .Sous le bouillonnement de toutes ses étuves Tourbillonnent au ciel mille épaisses effluves , Et du haut de l ' espace , au bruit d ' horribles chocs , Retombe un lourd amas d ' incendiaires blocs .Des molosses du parc , sous le ciel qui flamboie , Toute la meute à jeun incessamment aboie ; M - alakoff lui répond par le fougueux refrain De toute sa portée aux cent gueules d ' airain , Cerbères dévorants , dont la vaste ceinture Engloutit des monceaux d ' une horrible pâture ! — 119 — On dirait , tout - à - coup , suspendant leurs travaux , Mille ateliers fumants de Cyclopes rivaux Se lançant pêle - mêle , au sommet de leurs gorges , Les marteaux , les mortiers , les étaux de leurs forges ! Depuis qu ' un Prométhée au bras audacieux , Dérobant en plein jour la foudre dans les cieux , Fait vibrer ici - bas le clavier des tempêtes , Jamais encor , jamais , dans ses plus belles fêtes , La moderne Bellone , à ce diapazon , N ' a fait de tels concerts tressaillir l ' horizon ! Comme aux sons d ' un orchestre , à chaque canonnade , La montagne bondit , ainsi qu ' une Ménade ! La nuit , sous les reflets d ' un ciel rouge et blafard , Les rochers d ' alentonr , peints d ' un horrible fard , Semblent tous trépigner comme un peuple folâtre Sur les gradins en feu d ' un noir amphithéâtre , Figures de démons , assis au haut du val , Comme pour célébrer quelque affreux festival ! Les tours , les folles tours dansent comme des fées , Dans un ardent sabbat , par l ' orgie échauffées ! — 120 — Les vieux pics de l ' Euxin , vibrant à l ' unisson „ Semblent battre du pied la mesure du son , Et du Caucase , au loin , les sommités chenues Se cabrent en sursaut jusqu ' aux plus hautes nuesf Embrasures , mortiers , murailles , bastions , S ' abîment au fracas de mille éruptions , Comme si tout le ciel , s ' écroulant à la ronde , S ' affaissait à la fois sur la machine ronde ! Pendant tout un été , nuit , jour , matin et soir , La montagne trembla , sans jamais se rasseoir ! Tout - à - coup , au milieu d ' un tourbillon de poudre , Sous le choc redoublé des éclats de la foudre , La tour , s ' entre - baîllant du faîte jusqu ' au pied , Présente à l ' escalade un large marchepied .",
                  "id": "14",
                  "title": "Chute de Sébastopol, poème épique en six chants, par Eugène Brun..."
            },
            {
                  "doc_url": "https://gallica.bnf.fr/ark:/12148/bpt6k3078939z",
                  "emotions": [
                        "fear"
                  ],
                  "excerpt": ".Odeur Id Altération des eaux Bruit et fumée Odeur et danger d ’ incendie ..",
                  "id": "15",
                  "title": "Nouveaux éléments d'hygiène (2e édition) / par Jules Arnould,..."
            },
            {
                  "doc_url": "https://gallica.bnf.fr/ark:/12148/bpt6k3078939z",
                  "emotions": [
                        "fear"
                  ],
                  "excerpt": "Hirt et Eulenberg , puisque le premier n ’ a pu , dans ses expériences sur les animaux , aller au delà de la proportion 0 , 8 p .1000 dans l ’ air qu ’ il leur faisait respirer .Les phénomènes manifestés par les victimes sont ceux d ’ une excitation violente et douloureuse , la dyspepsie et , plus tard , la somnolence .",
                  "id": "16",
                  "title": "Nouveaux éléments d'hygiène (2e édition) / par Jules Arnould,..."
            },
            {
                  "doc_url": "https://gallica.bnf.fr/ark:/12148/bpt6k3078939z",
                  "emotions": [
                        "fear"
                  ],
                  "excerpt": "ld Id ld ld Odeur Id Odeur , danger d ' incendie Id Fumée , émanations nuisibles .Odeur ld ld ld ld Id Odeur , danger d ' incendie Id ld Odeur , alteration des eaux ..",
                  "id": "17",
                  "title": "Nouveaux éléments d'hygiène (2e édition) / par Jules Arnould,..."
            },
            {
                  "doc_url": "https://gallica.bnf.fr/ark:/12148/bpt6k3078939z",
                  "emotions": [
                        "fear"
                  ],
                  "excerpt": ".ld Id Odeur Id • ld Odeur , danger d ’ incendie ..",
                  "id": "18",
                  "title": "Nouveaux éléments d'hygiène (2e édition) / par Jules Arnould,..."
            },
            {
                  "doc_url": "https://gallica.bnf.fr/ark:/12148/bpt6k3078939z",
                  "emotions": [
                        "fear"
                  ],
                  "excerpt": "Odeur Id Odeur et poussière .Odeur Altération des eaux Odeur Id Odeur et danger d ’ incendie ..",
                  "id": "19",
                  "title": "Nouveaux éléments d'hygiène (2e édition) / par Jules Arnould,..."
            },
            {
                  "doc_url": "https://gallica.bnf.fr/ark:/12148/bpt6k3078939z",
                  "emotions": [
                        "fear"
                  ],
                  "excerpt": ".Danger d ’ incendie Id Danger d ’ explosion ou d ’ incendie Odeur Odeur , émanations nuisibles et altération des eaux Altération des eaux Odeur Danger d ’ explosiou Id Odeur et danger d ’ incendie .Emanations nuisibles Emanations accidentelles Danger d ’ incendie et d ’ explo sion Odeur , danger d ’ incendie Id Danger d ’ incendie Id Vapeurs nuisibles Vapeurs accidentelles Vapeurs nuisibles Vapeurs accidentelles Emanations nuisibles Odeur et poussière Bruit et ébranlement Bruit et poussière % Id Bruit DÉSIGNATION DES INDUSTRIES .",
                  "id": "20",
                  "title": "Nouveaux éléments d'hygiène (2e édition) / par Jules Arnould,..."
            }
      ]
}