{
      "articles": [
            {
                  "doc_url": "https://gallica.bnf.fr/ark:/12148/bpt6k55005888",
                  "emotions": [
                        "disgust",
                        "fear"
                  ],
                  "excerpt": "Or , ces logis d ' ouvriers étaient des bouges , [ de vrais bouges ! Les murs suaient uno affreuse humidité , quo le maître appela , en riant , de « l ' essence de rhumatisme » .Uno odeur infecte se mêlait à d ' horribles ténèbres .Lo long dos escaliers hideux , los deux visiteurs grimpèrent on s ' appuyant à uno cordo noire et graisseuse .",
                  "id": "1",
                  "title": "La charité à Nancy / par M. l'abbé Girard,..."
            },
            {
                  "doc_url": "https://gallica.bnf.fr/ark:/12148/bpt6k6574357d",
                  "emotions": [
                        "fear",
                        "nervousness"
                  ],
                  "excerpt": "Nous avons approché des vapeurs une branche d ' azaléa rose qui a tourné immédiatement au blanc pâle .C ' est vraiment effrayant de se sentir sur le bord du soupirail ténébreux par où s ' échappent les vapeurs affreuses du grand fourneau qui est au sein de la terre .Depuis notre arrivée dans ce pays , il ne s ' est point passé une semaine sans qu ' on ait ressenti de légères oscillations à Yokohama .",
                  "id": "2",
                  "title": "Voyage autour du monde : Pékin, Yeddo, San Francisco / par le comte de Beauvoir"
            },
            {
                  "doc_url": "https://gallica.bnf.fr/ark:/12148/bpt6k6516673h",
                  "emotions": [
                        "disgust",
                        "fear"
                  ],
                  "excerpt": "l ' air , odeur d ' huile rance et de vapeurs sulfureuses , quand les soufroirs sont mal construits .Cretonniers , Mauvaise odeur et danger 1 re Idem .du feu .",
                  "id": "3",
                  "title": "Collection complète des lois, décrets, ordonnances, règlemens et avis du Conseil d'État... : de 1788 à 1830 inclusivement, par ordre chronologique, continuée depuis 1830.... Tome 25 / par J.-B. Duvergier"
            },
            {
                  "doc_url": "https://gallica.bnf.fr/ark:/12148/bpt6k57433816",
                  "emotions": [
                        "fear",
                        "nervousness"
                  ],
                  "excerpt": "Plus tard , suivant sa tendance plus ou moins grande à la décomposition , elle devient aigre , et ensuite fortement ammoniacale ou fétide .Dans l ' hystérie , les crises nerveuses , l ' urine n ' a pas d ' odeur ; dans le rhumatisme , elle est fortement prononcée .Dans Vhydropisie causée par l ' albuminurie , l ' urine a l ' odeur du bouillon de boeuf ou du petit - lait .",
                  "id": "4",
                  "title": "Traité pratique des maladies des voies urinaires et des organes générateurs de l'homme et de la femme, par le Dr É. Jozan de St-André..."
            },
            {
                  "doc_url": "https://gallica.bnf.fr/ark:/12148/bpt6k6511998t",
                  "emotions": [
                        "fear",
                        "nervousness"
                  ],
                  "excerpt": "Plus vite que le voleur près d ' atteindre sa proie , Ramos tourne l ' espagnolette et s ' ouvre un passage dans la chambre dont les parfums suffocants lui font tout comprendre .Les portes cèdent , les fleurs asphyxiantes volent sur la terrasse , le peu d ' eau qu ' il trouve est versé sur les deux visages pâles dont le sommeil terrible le fait frémir .En rappelant tous ses souvenirs , il cherche avec effroi le pouls de l ' enfant et celui de la mère qui semble arrêté chez l ' une comme chez l ' autre .",
                  "id": "5",
                  "title": "Contes et scènes de la vie de famille, dédiés aux enfants, par Mme Desbordes-Valmore..."
            },
            {
                  "doc_url": "https://gallica.bnf.fr/ark:/12148/bpt6k9801622q",
                  "emotions": [
                        "fear",
                        "desire"
                  ],
                  "excerpt": "tendaient qu ' il apportait avec lui le corps de son père enveloppé de myrrhe .D ' autres disaient qu ' il venait se faire brûler lui - même sur un bûcher de myrrhe et de bois odorants , pour renaître de ses cendres et pour repartir à tire - J ' aile vers sa - patrie d ' Orient .En fait le Bouou était une espèce de vanneau dont la tête était ornée de deux longues plumes flottantes .",
                  "id": "6",
                  "title": "Histoire ancienne des peuples de l'Orient (7e édition revue) / par G. Maspero,..."
            },
            {
                  "doc_url": "https://gallica.bnf.fr/ark:/12148/bpt6k97583131",
                  "emotions": [
                        "fear"
                  ],
                  "excerpt": "Il a pris à l ' aîle gauche du Château , précisément auprès de l ' endroit où nous couchons tous ; & l ' on ignore par quel accident il a été mis .Je commençais a m ' endormir , quand une forte odeur de brûlé , jointe à une épaisse fumée , m ' a réveillée en tursaut ; j ' ai vîte sauté en bas de mon lit , je me suis habillée à la hâte , j ' ai ouvert la porte de ma chambre , 8c j ' ai vu de la flamme Oui , tout l ' escalier dérobé était en feu .Mes cris se sont mêlés aussi - tôt à ceux de vos gens , qui étaient déja sur pied ; chacun s ' est efforcé d ' arrêter les progrès , de l ' incendie ; & à la pointe du jour , tout était éteint , dont grace soit rendue à Dieu .",
                  "id": "7",
                  "title": "La Paysanne pervertie, ou Les moeurs des grandes villes. Partie 1 / : mémoires de Jeannette R*** mis au jour par Nougaret"
            },
            {
                  "doc_url": "https://gallica.bnf.fr/ark:/12148/bpt6k5821939r",
                  "emotions": [
                        "disgust",
                        "fear",
                        "nostalgia"
                  ],
                  "excerpt": "Non ! le sang me fait peur .Je ne puis , sans frémir , m ' en rappeler l ' odeur Acre et la rougeur noire et la fumante écume ..",
                  "id": "8",
                  "title": "Séphora / D.-Alexandre Parodi"
            },
            {
                  "doc_url": "https://gallica.bnf.fr/ark:/12148/bpt6k57809519",
                  "emotions": [
                        "fear"
                  ],
                  "excerpt": "Tout à l ' entrée clés premières classes , on avait déposé à babord des cages contenant des milliers de cailles , et à tribord d ' autres cages remplies de tomates .Aussi , dès le lendemain du départ d ' Alexandrie , une forte odeur de guano s ' exhalait de tout ce chargement et vous prenait à la gorge .Cette odeur allait naturellement crescendo , se concentrant à mesure que s ' accumulaient sons les bêtes les foyers d ' émission .",
                  "id": "9",
                  "title": "Obock, exploration du golfe de Tadjoura, du Gubbet-Kharab et de Bahr-Assal , par L. de Salma"
            },
            {
                  "doc_url": "https://gallica.bnf.fr/ark:/12148/bpt6k63474633",
                  "emotions": [
                        "disgust",
                        "fear",
                        "nervousness"
                  ],
                  "excerpt": "terre considérée pj rapport à l ' agriculture : terroir ftrtde .Ce vin sent le terroir , a un goût désagréable .Fig .",
                  "id": "10",
                  "title": "Nouveau dictionnaire portatif de la langue françoise, ou Vocabulaire rédigé d'après le Dictionnaire de l'Académie... (7e édition revue et corrigée) / par Ch.-Constant Le Tellier,..."
            },
            {
                  "doc_url": "https://gallica.bnf.fr/ark:/12148/bpt6k902320",
                  "emotions": [
                        "fear"
                  ],
                  "excerpt": "– Action sur la vie .« - » Très dangereuse , odeur vive .* BO .",
                  "id": "11",
                  "title": "Traité de chimie élémentaire conforme au programme et avec une théorie nouvelle / par M. E.-J. Maumené,..."
            },
            {
                  "doc_url": "https://gallica.bnf.fr/ark:/12148/bpt6k5701186v",
                  "emotions": [
                        "anger",
                        "fear",
                        "pain"
                  ],
                  "excerpt": "9 98 PREMIERE PARTIE .plus violentes , des bluettes dans les yeux , des bourdonnements dans les oreilles , des saveurs et des odeurs imaginaires , de la loquacité , du délire , des actes insensés , etc .5 ° Les cellules des glandes et des sécrétions internes se multiplient outre mesure et sécrètent leurs produits avec excès .",
                  "id": "12",
                  "title": "Traité élémentaire théorique et pratique de magnétisme, contenant toutes les indications nécessaires pour traiter soi-même, à l'aide du magnétisme animal, les maladies les plus communes... par le Dr Tony Moilin"
            },
            {
                  "doc_url": "https://gallica.bnf.fr/ark:/12148/bpt6k3052139s",
                  "emotions": [
                        "fear",
                        "nervousness"
                  ],
                  "excerpt": "Nerf antennaire sensitif ( auditif ? ) .Nerf antennaire sensitif ( probablement olfactif ) .Nerf crural prothoracique .",
                  "id": "13",
                  "title": "Études sur les fourmis, les guêpes et les abeilles. 25, Anatomie de la tête du \"Lasius niger\" / Janet, Charles"
            },
            {
                  "doc_url": "https://gallica.bnf.fr/ark:/12148/bpt6k63474633",
                  "emotions": [
                        "disgust",
                        "fear",
                        "disapproval"
                  ],
                  "excerpt": "PESTILENT , ENTE , adj .qui tient de la peste , un cadavre pestilent .PESTILENTIEL , ELLE , adj .",
                  "id": "14",
                  "title": "Nouveau dictionnaire portatif de la langue françoise, ou Vocabulaire rédigé d'après le Dictionnaire de l'Académie... (7e édition revue et corrigée) / par Ch.-Constant Le Tellier,..."
            },
            {
                  "doc_url": "https://gallica.bnf.fr/ark:/12148/bpt6k14147944",
                  "emotions": [
                        "fear"
                  ],
                  "excerpt": "Une seule plante de tubéreuse dans un appartement , plaît beaucoup par son odeur ; mais si plusieurs personnes viennent , en même - temps , en réchauffer l ’ air , elles en sont presque toutes incommodées .L ’ odeur d ’ une rose , de la tanaisie , du céleri , de la cannelle , du miel , a produit , au rapport de Boyle , des effets surpre - nans et terribles ; tels que des syncopes , des assou - pissemens léthargiques , la mort même .Le célèbre Triller cite l ’ exemple d ’ une jeune fille qui mourut subitement dans une chambre close qui renfermait une grande quantité de violettes récemment cueillies .",
                  "id": "15",
                  "title": "Le Conservateur de la santé"
            },
            {
                  "doc_url": "https://gallica.bnf.fr/ark:/12148/bpt6k6139472x",
                  "emotions": [
                        "disgust",
                        "fear"
                  ],
                  "excerpt": "Peu de gens en revenaient ; deux des médecins étaient morts .Une odeur nauséabonde emplissait l ' air .Un propriétaire , dont la maison renfermait un certain nombre de pauvres gens , leur donna congé immédiatement .",
                  "id": "16",
                  "title": "Le Bâtard impérial, par Louise Michel et Jean Winter"
            },
            {
                  "doc_url": "https://gallica.bnf.fr/ark:/12148/bpt6k6429240q",
                  "emotions": [
                        "disgust",
                        "fear",
                        "doubt",
                        "indifference"
                  ],
                  "excerpt": "Cette circonstance devrait suffir à mettre en garde ; car à cette époque les cerises ont disparu .La jusquiame noire pousse le long des chemin ? , sur les tas d ' ordures et la terre fraîchement remuée ; son aspect sombre et livide , son odeur fade et engourdissante , ses fleurs d ' un jaune sale , à veines plus foncées , semblent dire à l ' homme : Ne me touchez pas .Elle atteint de trente à soixante - cinq centimètres de haut .",
                  "id": "17",
                  "title": "Les règnes de la nature : histoire naturelle mise à la portée de la jeunesse / d'après l'ouvrage allemand de François Strassle..."
            },
            {
                  "doc_url": "https://gallica.bnf.fr/ark:/12148/bpt6k5807904v",
                  "emotions": [
                        "grief",
                        "sadness",
                        "disgust",
                        "fear",
                        "despair",
                        "pain",
                        "disappointment"
                  ],
                  "excerpt": ".Tu souffres , tu gémis , ton coeur saigne , se dessèche et perd tous ses parfums à l ' ombre de la prison .La souffrance a creusé tes joues et terni l ' éclat de tes yeux ; tu as vécu , tu as souffert .",
                  "id": "18",
                  "title": "La Citadelle de Doullens, 935-1846, par Charles Marchal. Tome 2"
            },
            {
                  "doc_url": "https://gallica.bnf.fr/ark:/12148/bpt6k770274",
                  "emotions": [
                        "fear"
                  ],
                  "excerpt": "Bldnchiw ~ ~ M ~ ~ n ~ M pour emballage , « MM , MfdM ~ MtdroMtt ~ , paptcf < ~ M < < fMM < c < M < MM < ey < ïM t « MM ~ ( Fabriquede ) i ' Travaii à chaud odeur , danger d ' incendie , 2 ' et .2 \" travail à froid odeur , danger d ' incendie , 3 * d .ï ~ ( Fabriques de ) .",
                  "id": "19",
                  "title": "Traité d'hygiène publique et privée basée sur l'étiologie (2e édition revue, corrigée et augmentée de notes sur les maladies contagieuses et sur les divers mods de préservation) / par A. Bouchardat,..."
            },
            {
                  "doc_url": "https://gallica.bnf.fr/ark:/12148/bpt6k69041z",
                  "emotions": [
                        "disgust",
                        "fear",
                        "nervousness",
                        "pain",
                        "embarrassment"
                  ],
                  "excerpt": "» Mais je ne pus achever ; mes jambes se dérobaient sous moi , la tête me tournait .La lourde atmosphère de cette pièce , l ' odeur acre des pipes , le goût écœurant de l ' horrible mixture , les fumées de l ' alcool qui m ' étreignaient au cerveau , la honte de ma sottise , tout enfin contribuait à me faire éprouver le plus affreux - malaise .« De ' l ' air ! » pensai - je à demi asphyxié , et , répandant mon troisième verre plein sur la table , je me redressai au milieu de la risée générale , et j ' essayai de gagner l ' escalier de ma mansarde .",
                  "id": "20",
                  "title": "La vie de collège dans tous les pays,.... Mémoires d'un collégien russe / par André Laurie,..."
            }
      ]
}