{
      "articles": [
            {
                  "doc_url": "https://gallica.bnf.fr/ark:/12148/bpt6k9782775g",
                  "emotions": [
                        "fear"
                  ],
                  "excerpt": "Cheveux hérissés : mourra avant quinze jours .Corps exhalant odeur cadavéreuse : mort imminente .Dans les affections du cœur , si les yeux prennent une teinte noire : mort certaine .",
                  "id": "1",
                  "title": "Les caractères médicaux dans l'écriture chinoise / par le docteur Lucien-Graux,..."
            },
            {
                  "doc_url": "https://gallica.bnf.fr/ark:/12148/bpt6k5706641j",
                  "emotions": [
                        "fear"
                  ],
                  "excerpt": "L ' amorce sèche brûle et jaillit par éclair D ' où sort en tournoyant la fumerolle grêle ; L ' écho multiplié verse comme une grêle Les coups de feu pressés qui Crépitent dans l ' air .Une acre odeur de poudre et de chaudes haleines S ' exhale de la gorge étroite aux longs circuits Qui mêle , en un vacarme enflé de mille bruits .Le blasphème barbare aux injures hellènes ! 64 POÈMES TRAGIQUES .",
                  "id": "2",
                  "title": "Oeuvres de Leconte de Lisle. [3], Poèmes tragiques / Leconte de Lisle"
            },
            {
                  "doc_url": "https://gallica.bnf.fr/ark:/12148/bpt6k54629737",
                  "emotions": [
                        "grief",
                        "fear",
                        "nostalgia",
                        "gratitude",
                        "doubt"
                  ],
                  "excerpt": "Ah ! des beaux jours que Dieu vous donne , Enfants , hâtez - vous de jouir .Où fuyez - vous , hirondelles gentilles ? Parfums des fleurs si suaves , si doux ; Habitants des vertes charmilles , Petits oiseaux où fuyez - vous ? Vous nous quittez , charmes de la campagne , Troupeaux bêlants et légers papillons I On voit déjà , de la montagne , L ' hiver descendre en nos vallons .Ma vue au loin tristement se promène ; Je ne vois plus que des arbres jaunis : Le givre s ' étend sur la plaine , Et les brouillards font le ciel gris .",
                  "id": "3",
                  "title": "Leçons à mes neveux, par Casimir Blondeau,..."
            },
            {
                  "doc_url": "https://gallica.bnf.fr/ark:/12148/bpt6k5467754r",
                  "emotions": [
                        "surprise",
                        "sadness",
                        "fear",
                        "doubt",
                        "despair",
                        "frustration"
                  ],
                  "excerpt": ".Humain ! Le chien qui crève , au néant qui le somme , Y songe - t - il ? hélas , qu ' il est dur d ' être un homme Et que nous sommes donc entre tous malheureux ! Comment n ' y rêver point chaque heure de sa vie , Qu ' il faudra s ' en aller et tout entier partir ? L ' affreuse odeur des morts m ' empoisonne la vie , Qu ' importe , un jour encor : je ne veux pas mourir .Mourir , et tout entier , ah l ' horreur , infamie , Nous faire sans qu ' on l ' ait requis , un présent tel , ( Ce n ' est qu ' en l ' échappant , hélas , qu ' on l ' apprécie ) Et nous reprendre tout , d ' un coup , c ' est trop cruel ! Qu ' on nous parle fléaux , désastres , incendies , Et maladies sans nom dont on ne peut guérir : Quoi c ' est - il tout cela tant qu ' on garde la vie ? Il n ' est qu ' une infortune au monde , c ' est mourir ! O mon âme immortelle , à moi ! je me cramponne , Éperdu naufragé qui s ' assiste engloutir , Au brin d ' herbe crispé sur l ' eau qui tourbillonne , A rien , à moins que rien : je ne veux pas mourir ! Alcools stupéfiants , sirènes , ô sirènes , Je vous bois , je hume vos chants , riant écho De tant d ' appels navrants , et le torrent m ' entraîne , Et je descends à pic au fond du gouffre d ' eau .",
                  "id": "4",
                  "title": "Frère Tranquille. Poème, suivi de la Dévotion aux princesses gardiennes et du Jeu-parti de futile / Fagus"
            },
            {
                  "doc_url": "https://gallica.bnf.fr/ark:/12148/bpt6k935770h",
                  "emotions": [
                        "disgust",
                        "fear",
                        "pain"
                  ],
                  "excerpt": "Comment une société , vraiment consciente de la justice , peut - elle tolérer qu ’ une famille composée du père , de la mère , de trois et quatre enfants ( filles et garçons ) , souvent avec le grand - père ou la grand ’ mère , puisse vivre pêle - mêle dans une seule pièce , mansardée , sans air , sans lumière , en se gênant les uns les autres ? Je connais des compatriotes et d ’ autres personnes intéressantes qui vivent depuis longtemps dans une si triste et si pénible position ! J ’ ai tenu à me rendre compte par moi - même de la situation de ces braves gens , et j ’ en ai été chaque fois incommodé et écœuré .Il suffit de franchir le seuil de ces taudis pour être saisi à la gorge , pour épouver un maJaiseprovoque par un air puant et vicie qui oblige le visiteur à reculer , à fuir rapi dement ce local , oit l ’ on est suffoqué par les émanations pufrides de toutes sortes ; et cependant de grandes personnes et des enfants vivent là , dans ce milieu réellement dangereux .Mais il faut voir ces pauvres enfants chétifs , pâles , tristes , chancelants ; des créatures anémiées , chez lesquelles la vie est près de s ’ éteindre .",
                  "id": "5",
                  "title": "Cyrnos : revue littéraire, artistique, touristique, scientifique, sportive, mondaine et d'actualité"
            },
            {
                  "doc_url": "https://gallica.bnf.fr/ark:/12148/bpt6k8700357",
                  "emotions": [
                        "fear",
                        "nervousness"
                  ],
                  "excerpt": [
                        "Racines traçantes ; feuilles pennées , à lobes palmés ; fl .en corymbe paniculé , odorantes , juin - juillet .Spirœa prunifolia ; Lindleyana ; bella ; ariaefolia ; Dou - glasii ; Fortunei ; crenata , etc .",
                        "50 .Racines traçantes , feuilles pennées , persistantes , glauques , exhalant sous le froissement une — 483 — odeur fétide , analogue à celle de l ' Iris fœtida ; fl .petites , en grappes , rouge brun , laissant échapper une liqueur noirâtre sucrée , ce qui lui a fait donner son nom : Fleur de miel ."
                  ],
                  "id": "6",
                  "title": "Le Jardin fleuriste... (4e édition revue et complétée) / par MM. Bernardin, Bossin, Carrière, Vte du Buysson, Lemaire, Lequien, Palmer, Porcher, Rivière fils, etc."
            },
            {
                  "doc_url": "https://gallica.bnf.fr/ark:/12148/bpt6k8742514",
                  "emotions": [
                        "fear",
                        "doubt"
                  ],
                  "excerpt": "Nous ne sommes pourtant pas encore à la date habituelle de leur départ .Se concerteraient - elles pour fuir , elles aussi , la bataille ? Il règne ce matin sur la place et dans les rues du village , après le départ des troupes , une saleté repoussante .Au crottin de cheval , aux débris de foin et de paille sc mêlent des ordures disparates , morceaux de viande faisandée , boîtes de conserves vides ou entamées , pains , chaussettes russes , et surtout des bouteilles .",
                  "id": "7",
                  "title": "Dans le remous de la bataille : Charleroi et la Marne, Reims (2e édition) / Isabelle Rimbaud"
            },
            {
                  "doc_url": "https://gallica.bnf.fr/ark:/12148/bd6t53746533",
                  "emotions": [
                        "fear"
                  ],
                  "excerpt": "Laurier d ’ Apollon : Laurus nobilis .Anagyre fétide : Anagyris fœtida .Grenadier : Punica granatum .",
                  "id": "8",
                  "title": "Bulletin de la Société des sciences physiques, naturelles et climatologiques d'Alger"
            },
            {
                  "doc_url": "https://gallica.bnf.fr/ark:/12148/bpt6k5661468c",
                  "emotions": [
                        "fear",
                        "disapproval",
                        "despair",
                        "disappointment"
                  ],
                  "excerpt": "Aphonie , torpeur .Haleine très - fétide ..",
                  "id": "9",
                  "title": "De l'Éléphantiasis du scrotum, par Raoul Broquère,..."
            },
            {
                  "doc_url": "https://gallica.bnf.fr/ark:/12148/bpt6k114947b",
                  "emotions": [
                        "anger",
                        "fear",
                        "nervousness"
                  ],
                  "excerpt": "O morts y je vais tuer dans la Fille maudite Les exécrables fils qui naîtraient de ses flancs .» Il dit et vient , hagard du meurtre qu ' il médite Et l ' Enfant parle aux fleurs et tend ses bras tremblants « L ' Homme vous briserait avec ses mains brutales , Roses que je laissais fleurir et défleurir ; Lin arôme puissant monte de vos pétales , Vos parfums sont trop doux pour que j aime à mourir .Ma chair frissonne sauvez - moi , fleurs protectrices .",
                  "id": "10",
                  "title": "La gloire du verbe : 1885-1890 / Pierre Quillard"
            },
            {
                  "doc_url": "https://gallica.bnf.fr/ark:/12148/bpt6k9740984d",
                  "emotions": [
                        "fear"
                  ],
                  "excerpt": "Bientôt ils entrèrent dans un ravin étroit , semé de roches , hérissé de houx , de buis , de genévriers ; les renards et le braconnier étaient seuls à le fréquenter .Lentement Josette se frayait la voie à travers les épines , lorsqu ' une âpre odeur de genièvre brûlé passa dans l ' air : « Voici de la fumée ! dit Josette .De la fumée ! le père n ' est pas loin ; veut - il se garer des bêtes , qu ' il allume les brous saines ? » Josette marcha vingt pas , puis , sous une roche en saillie , elle reconnu t Fougère : il était pa r terre , appuyé sur son cou d e , sou f - flant avec ardeur un feu prêt à s ' éteindre .",
                  "id": "11",
                  "title": "La Fille du braconnier, par J. de Vèze"
            },
            {
                  "doc_url": "https://gallica.bnf.fr/ark:/12148/bpt6k5493983r",
                  "emotions": [
                        "fear",
                        "nervousness"
                  ],
                  "excerpt": "PITUITAIRE .— Nerf olfactif [ ail .Geruchsnerf , angl .",
                  "id": "12",
                  "title": "Dictionnaire de médecine, de chirurgie, de pharmacie et des sciences qui s'y rapportent. Fasc. 1-3 / par É. Littré,..."
            },
            {
                  "doc_url": "https://gallica.bnf.fr/ark:/12148/bpt6k63889318",
                  "emotions": [
                        "anger",
                        "fear"
                  ],
                  "excerpt": "Le putois est un peu plus petit que la fouine ; il a la queue plus courte , le museau plus pointu , le poil plus épais et plus noir ; il a du blanc sur le front , aussi bien qu ' aux côtés du nez et autour de la gueule .Il en diffère encore par la voix : la fouine a le cri aigu et assez éclatant ; le putois a le cri plus obscur ; ils ont tous deux , aussi bien que la marte et l ' écu = reuil , un grognement d ' un ton grave et colère , qu ' ils répètent souvent lorsqu ' on les irrite ; enfin le putois ne ressemble point à la fouine par l ' odeur , qui , loin d ' être agréable , est au contraire si fétide qu ' on l ' a d ' abord distingué et dénommé par là .C ' est surtout lorsqu ' il est échauffé , irrité , qu ' il exhale et répand au loin une odeur insupportable .",
                  "id": "13",
                  "title": "Le Buffon de Benjamin Rabier"
            },
            {
                  "doc_url": "https://gallica.bnf.fr/ark:/12148/bpt6k4225207z",
                  "emotions": [
                        "fear"
                  ],
                  "excerpt": "Des tuyaux le distribuent aux consommateurs et il sort par des becs , à une ou plusieurs ouvertures très étroites , lorsqu ' on tourne la clef du tuyau .Réuni à l ’ air , il forme un dangereux mélange détonant .RÉSUMÉ .",
                  "id": "14",
                  "title": "Les sciences physiques et naturelles (leçons de choses) : avec leurs applications à l'agriculture, à l'industrie, à l'hygiène et à l'économie domestique / par J. Dutilleul et E. Ramé..."
            },
            {
                  "doc_url": "https://gallica.bnf.fr/ark:/12148/bpt6k63889318",
                  "emotions": [
                        "fear",
                        "pain"
                  ],
                  "excerpt": "Sa chair se mange en maigre et a , en effet , un goût de poisson , ou plutôt de marais .Sa retraite est infectée de la mauvaise odeur des débris du poisson qu ' elle y laisse pourrir ; elle sent elle = même assez mauvais : les chiens la chassent volontiers et l ' atteignent aisément , lorsqu ' elle est éloignée de son gîte et de l ' eau ; mais quand ils la saisissent , elle se défend , les mord cruellement , et quelquefois avec tant de force et d ' acharnement qu ' elle leur brise les os des jambes , et qu ' il faut la tuer pour la faire démordre .Le castor cependant , qui n ' est pas un animal bien fort , chasse la loutre et ne lui permet pas d ' habiter sur les bords qu ' il fréquente .",
                  "id": "15",
                  "title": "Le Buffon de Benjamin Rabier"
            },
            {
                  "doc_url": "https://gallica.bnf.fr/ark:/12148/bpt6k97629991",
                  "emotions": [
                        "fear"
                  ],
                  "excerpt": "Six petits lapins , agés de dix .j ours , s etoient éloignés le plus qu ' ils avoient pu du lieu d ' où la mauvaise odeur les avoi4 chassés .Ils sont morts , empestés sans doute par l ' odeur putride qu ' ils avoient respirée * I roit qu on retire de l ' éducation des lapin5 ¥ - : i ; J L ' éducation des lapins ne demande pas , comme on voit , un foin assujetissant , ni une dépense bien conudérable .",
                  "id": "16",
                  "title": "De l'éducation des lapins, ou De l'art de les loger dans des garennes domestiques... / par P.-J.-F. Luneau de Boisjermain"
            },
            {
                  "doc_url": "https://gallica.bnf.fr/ark:/12148/bpt6k5493983r",
                  "emotions": [
                        "disgust",
                        "anger",
                        "fear",
                        "disapproval",
                        "despair"
                  ],
                  "excerpt": "càdavériCo ) .Qui : tient dii 1 cadavre ' : odeur cadavéreuse , face cadavéreuse .; , : CADAVÉRINE : s .",
                  "id": "17",
                  "title": "Dictionnaire de médecine, de chirurgie, de pharmacie et des sciences qui s'y rapportent. Fasc. 1-3 / par É. Littré,..."
            },
            {
                  "doc_url": "https://gallica.bnf.fr/ark:/12148/bpt6k63889318",
                  "emotions": [
                        "disgust",
                        "fear",
                        "disapproval"
                  ],
                  "excerpt": "Il exhale une odeur infecte par la gueule .Enfin , désagréable en tout , la mine basse , l ' aspect sauvage , la voix effrayante , l ' odeur insupportable , le naturel pervers , les mœurs féroces , il est odieux , nuisible de son vivant , inutile après sa mort .LE RENARD L E renard est fameux par ses ruses , et mérite en partie sa réputation ; ce que le loup ne fait que par la force , il le fait par adresse , et réussit plus souvent .",
                  "id": "18",
                  "title": "Le Buffon de Benjamin Rabier"
            },
            {
                  "doc_url": "https://gallica.bnf.fr/ark:/12148/bpt6k5446887m",
                  "emotions": [
                        "grief",
                        "fear",
                        "pain"
                  ],
                  "excerpt": "Et de ce tas de chair et de haillons en fou des cris de bôte fauve enfumée , des appels d ' égorgé , sortaient du milieu d ' une flamme lente , bleuâtre et sinistre , rauquements gutturaux de bôte saignée , cris tragiques , inattendus , étouffés dans cette petite chambre , qui maintenant s ' emplissait d ' une suie épaisse , infecte et noire , montant au plafond , se collant aux murs , au lit , aux chaises de paille , et retombant comme une pluie fétide .Et le silence , celui de la mort , maintenant succédait aux râles , et l ' ôtrc humain tout entier disparaissait , dévoré par celte combustion puante où l ' on n ' eût plus distingué déjà de formes : — rien qu ' un tas de chiffons et de chairs consumés ! On ne devait pénétrer là , dans ce lieu d ' agonie , que le lendemain , à l ' heure où le garçon d ' hôtel entrait faire la chambre , et le domestique reculait devant l ' odeur nauséabonde qui s ' échappait de cet antre d ' incinération .Prévenus aussitôt , un médecin et des gens de loi ramassaient dans la fétidité de cette chambre des parties d ' être humain à demi torréfiées , une sorte de charbon léger dans une suie pénétrante , jaunâtre , avec des portions de crâne et des débris de vertèbres , comme , après des siècles , on en trouvait dans la cendre refroidie et graisseuse coulant des bûchers de Madrid dans la - terre du Quemadero de là Cruz .",
                  "id": "19",
                  "title": "Le troisième dessous (4e éd.) / par Jules Claretie"
            },
            {
                  "doc_url": "https://gallica.bnf.fr/ark:/12148/bpt6k58347680",
                  "emotions": [
                        "grief",
                        "sadness",
                        "fear",
                        "nostalgia",
                        "despair"
                  ],
                  "excerpt": "Peut - être aussi ces deux misérables ont - ils voulu s ' entre - tuer pour se dépouiller et se voler les quelques pièces blanches lentement gagnées .Oh ! mourir seul , la nuit dans le grand silence de la forêt tandis que les fauves rôdent affamés et font craquer les branches sèches sous leurs pas ! Je m ' éloigne bien vite pour fuir l ' écoeurante émanation qui m ' envahit de tous côtés et me poursuit encore .Heureusement , la route continue dans un ravin couvert et frais que nous remontons pendant deux heures au milieu d ' une eau claire et verte qui lèche continuellement nos pieds et glisse fuyante et rapide tout le long des rochers polis par sa chute incessante .",
                  "id": "20",
                  "title": "Tonkinoiseries. Souvenirs d'un officier, par Jean Léra. Préface par Armand Silvestre. Illustrations de Albert Thomas. (6 mai 1896.)"
            }
      ]
}