{
      "articles": [
            {
                  "doc_url": "https://gallica.bnf.fr/ark:/12148/bpt6k6375642t",
                  "emotions": [
                        "disgust",
                        "fear"
                  ],
                  "excerpt": "et quelle mort ! C ' était ci - devant un estaminet situé sur la place Communale , en face de l ' église ; trois familles entières s ' étaient réfugiées dans la cave et tous avaient été écrasés par l ' effondrement de la maison en flammes ; leurs cadavres noircis gisaient encore dans leur refuge devenu leur tombeau .Une odeur insupportable s ' exha - lait de ce lieu lugubre ; presque personne , d ' ailleurs , n ' en avait approché depuis le désastre .Les habitants de Bazeilles avaient fui , terrifiés au bruit du canon et à la vue des flammes dévorant leurs maisons .",
                  "id": "1",
                  "title": "Trois semaines aux ambulances. Impressions d'un infirmier volontaire, membre de la croix rouge, année 1870"
            },
            {
                  "doc_url": "https://gallica.bnf.fr/ark:/12148/bpt6k63653717",
                  "emotions": [
                        "joy",
                        "disgust",
                        "anger",
                        "fear",
                        "disapproval",
                        "nervousness"
                  ],
                  "excerpt": "Litharge ( Fabrication de la ) .Exhalaisons dangereuses .Ujanv .",
                  "id": "2",
                  "title": "Traité d'hygiène publique et privée. Tome 2,Edition 4 / par Michel Lévy,..."
            },
            {
                  "doc_url": "https://gallica.bnf.fr/ark:/12148/bpt6k63653717",
                  "emotions": [
                        "disgust",
                        "fear",
                        "nervousness"
                  ],
                  "excerpt": "Tôle vernie .Mauvaise odeur et danger 9 fév .1825 .",
                  "id": "3",
                  "title": "Traité d'hygiène publique et privée. Tome 2,Edition 4 / par Michel Lévy,..."
            },
            {
                  "doc_url": "https://gallica.bnf.fr/ark:/12148/bpt6k5777023s",
                  "emotions": [
                        "fear",
                        "nostalgia",
                        "courage",
                        "relief",
                        "gratitude",
                        "calmness"
                  ],
                  "excerpt": "FABLE .Fuyant avant l ' aurore ' Les hommes importuns , Pour savourer de Flore Les doux parfums , Près d ' un bosquet paisible Une rose me dit : Si ton âme est sensible , Écoute mon récit .Hélas ! je suis bien malheureuse Depuis que je suis amoureuse .",
                  "id": "4",
                  "title": "Loisirs d'un ouvrier, poésies nouvelles, par Victor Clément"
            },
            {
                  "doc_url": "https://gallica.bnf.fr/ark:/12148/bpt6k30409476",
                  "emotions": [
                        "anger",
                        "fear",
                        "desire",
                        "courage"
                  ],
                  "excerpt": "Ta raison , disent - ils , a mûri promptement ; Tu lis Gœthe et Schiller sur le texte allemand ! Eh bien ! tu comprendras mon arrêt prophétique , Enfant 1 si quelque jour la chance politique Te renvoyait au trône , et courbait sous ta loi Un peuple frémissant qui ne veut pas de toi ; Si lu devais un jour ( ce qu ’ au destin ne plaise ! ) Allonger d ’ un Bourbon la chronique française , Une émeute sans fin bourdonnerait dans l ’ air Et livrerait Paris aux brigands de Schiller .Pour chasser les démons ardents à ta poursuite , Tu t ’ armerais en vain d ’ un aumônier jésuite ; Tu flairerais de loin chaque placet , de peur Que son pli n ’ exhalât une horrible vapeur ; Sand heurterait encore au seuil des ministères , Staabs irait troub * 3r tes fêtes militaires ; Louvel de son tombeau sortirait furibond ; Son vivace poignard a soif du sang Bourbon .Mais ne te flatte pas même d ’ un jour prospère .",
                  "id": "5",
                  "title": "Oeuvres complètes de Hégésippe Moreau (Nouvelle édition, précédée d'une notice biographique et littéraire)"
            },
            {
                  "doc_url": "https://gallica.bnf.fr/ark:/12148/bpt6k63653717",
                  "emotions": [
                        "disgust",
                        "fear",
                        "nervousness"
                  ],
                  "excerpt": "Toiles peintes ( Ateliers de ) ( 1 ) .Mauvaise odeur et danger 9 fév .1825 .",
                  "id": "6",
                  "title": "Traité d'hygiène publique et privée. Tome 2,Edition 4 / par Michel Lévy,..."
            },
            {
                  "doc_url": "https://gallica.bnf.fr/ark:/12148/bpt6k5484728w",
                  "emotions": [
                        "fear",
                        "nervousness",
                        "pain"
                  ],
                  "excerpt": "Je citerai un fait que chacun pourra vérifier .Lorsqu ' un petit enfant a des convulsions qui lui font serrer les dents de manière à désespérer les médecins , la simple odeur d ' une plume d ' oie brûlée sous le nez de l ' enfant lui fait aussitôt desserrer les dents en calmant son spasme nerveux 3 ? g ( ' .Iiuuiière .",
                  "id": "7",
                  "title": "Essai de médecine pratique, comprenant quelques idées sur l'étiologie des maladies au point de vue du traitement et un recueil de recettes populaires, par le Cte Stanislas Kossakowski"
            },
            {
                  "doc_url": "https://gallica.bnf.fr/ark:/12148/bpt6k994538q",
                  "emotions": [
                        "fear"
                  ],
                  "excerpt": "C ’ est un mélange de plusieurs gaz combustibles appelés hydrogènes 98 NOTIONS ÉLÉMENTAIRES DE SCIENCES , gène ) , qui donne une flamme très brillante ; mais ce mode d ’ éclairage est coûteux .En outre , il est dangereux , attendu que , s ’ il y a une fuite dans un tuyau , le gaz , en s ’ échappant , forme avec l ’ air de la chambre un mélange explosible qui prend feu au contact d ’ une lumière et peut tuer , ou blesser , et occasionner des incendies ; ou bien , comme il est asphyxiant , s ’ il se répand la nuit dans une chambre , soit par une fuite , soit par un robinet mal fermé , il peut asphyxier les personnes qui y couchent .De plus , on a constaté que cet éclairage n ’ est pas hygiénique , d ’ abord parce que le gaz , en brûlant , consomme beaucoup d ’ oxygène , et ensuite parce que sa combustion produit une odeur et des gaz malsains ( entre autres de l ’ oxyde de carbone ) , qui occasionnent à la longue une maladie des voies respiratoires , quelquefois même la phtisie .",
                  "id": "8",
                  "title": "Notions élémentaires de sciences, avec leurs applications à l'agriculture et à l'hygiène : à l'usage des écoles primaires de garçons et de filles... / par O. Pavette ; avec une introduction de M. G. Compayré,..."
            },
            {
                  "doc_url": "https://gallica.bnf.fr/ark:/12148/bpt6k56959225",
                  "emotions": [
                        "surprise",
                        "fear",
                        "excitement",
                        "nervousness"
                  ],
                  "excerpt": "L ' effet en fut magique .A peine eu eut - elle perçu les premières vapeurs que l ' étrangcté do l ' arôme la réveilla comme d ' un songe ; son coeur so remit à battre , ses traits s ' animèrent , ses idées revinrent ; elle so leva , marcha ; enfin ello passa , ainsi quo cela arrive dans les névroses do cetto nature , d ' une mort ■ apparente à un rétablissement complet .« Cetto euro , ajoutait Alibert avec son sourire si fin , cetto niagnifiqno cure , dans laquelle co qu ' on nomme la « chance » eût pu réclamer la meilleuro part , ne profita pas seulement à la jeune femme .",
                  "id": "9",
                  "title": "Premiers soins à donner avant l'arrivée du médecin : médecine pratique des familles (3e édition de \"Conseils à une jeune mère...\") / par le docteurr Constantin James,..."
            },
            {
                  "doc_url": "https://gallica.bnf.fr/ark:/12148/bpt6k6344564x",
                  "emotions": [
                        "fear"
                  ],
                  "excerpt": "Les Allemands commencent leurs grandes attaques du printemps 1918 .La Compagnie , alertée , s ' embarque le 27 mars ; le 1er avril , elle est à Chepoix ( Oise ) , le 6 , à Quiry - le - Sec , où la Compagnie est occupée à des organisations défensives ; un obus tombe sur le cantonnement de la 4e section , tue 8 hommes et en blesse 9 ; le 7 , à Coulemelle , le sapeur PERLAIN est tué , 1 sergent , 2 caporaux et 3 sapeurs - mineurs sont blessés , 1 sapeur - mineur est intoxiqué par les gaz , du 6 au 12 avril .Le 25 avril , la Compagnie est relevée par une unité de la D .",
                  "id": "10",
                  "title": "Historique de la compagnie 17/51 M du 2e régiment du génie : pendant la campagne 1914-1918"
            },
            {
                  "doc_url": "https://gallica.bnf.fr/ark:/12148/bpt6k6577281n",
                  "emotions": [
                        "grief",
                        "fear",
                        "nervousness",
                        "pain"
                  ],
                  "excerpt": "Dmitri voulait me donner une poupée , moi j ' ai quelques kopecks , et il doit bien te rester quelque chose de ton rouble , Porphyre ? .Mon père était à demi couché dans son grand fauteuil , la respiration oppressée et haletante .Je me glissai auprès de lui et je m ' assis à terre à ses pieds .",
                  "id": "11",
                  "title": "Mémoires d'un collégien russe / par André Laurie ; illustrations par George Roux"
            },
            {
                  "doc_url": "https://gallica.bnf.fr/ark:/12148/bpt6k113412k",
                  "emotions": [
                        "fear"
                  ],
                  "excerpt": "L ' aube de ses noces inaccomplies resplendissait dans l ' azur serein .Les Fleurs sans Parfum LES FLEURS S & îfrÇS Tc4 % FUcM JLa bergère cueillait des fleurs sur la montagne , Lorsque la montagne s ' ouvrit , Et , des profondeurs surgit un Troll hideux et noir , Plus noir que la nuit souterraine , Plus hideux que les monstres de la mer .Le Troll dit à la bergère « Pourquoi viens - tu cueillir les fleurs de la montagne ? t « Ce sont de pauvres fleurs sans éclat qui .",
                  "id": "12",
                  "title": "Brumes de fjords / R. Vivien"
            },
            {
                  "doc_url": "https://gallica.bnf.fr/ark:/12148/bpt6k96308886",
                  "emotions": [
                        "surprise",
                        "fear"
                  ],
                  "excerpt": "On a cherché l ' explication de ce fait , et on n ' a pas manqué d ' hypothèses ingénieuses .La membrane interne du tube digestif peut exhaler des gaz comme elle exhale des liquides , ont dit Hunter , Portal et Bernard - Gaspard .M .",
                  "id": "13",
                  "title": "Influence de la physiologie moderne sur la médecine pratique / par X. Delore,... et A. Berne..."
            },
            {
                  "doc_url": "https://gallica.bnf.fr/ark:/12148/bpt6k63653717",
                  "emotions": [
                        "anger",
                        "fear"
                  ],
                  "excerpt": "14jany .Poudres fulminantes .Feutres vernis ( Fabriques de ) .",
                  "id": "14",
                  "title": "Traité d'hygiène publique et privée. Tome 2,Edition 4 / par Michel Lévy,..."
            },
            {
                  "doc_url": "https://gallica.bnf.fr/ark:/12148/bpt6k63653717",
                  "emotions": [
                        "fear"
                  ],
                  "excerpt": "t 78 ) .répand alors une odeur de noix brûlée .Le professeur Fée a trouvé dans l ' ergot longtemps conservé un acarus semblable à celui du fromage et qui le dévore après s ' y être creusé des galeries vers le centre .",
                  "id": "15",
                  "title": "Traité d'hygiène publique et privée. Tome 2,Edition 4 / par Michel Lévy,..."
            },
            {
                  "doc_url": "https://gallica.bnf.fr/ark:/12148/bpt6k3185310",
                  "emotions": [
                        "surprise",
                        "fear",
                        "nervousness",
                        "embarrassment"
                  ],
                  "excerpt": "— Mon Dieu , m ’ écriai - je avec une vive sensibilité , mon Dieu , ayez pitié de moi , qui suis un grand pécheur ! Je m ’ inclinai de nouveau sur les sept gouttes de sang .Je jetai un cri dont , à ce qu ’ elle a dit ensuite , ma femme fut un peu effrayée : — Ah ! Quelle odeur ! Comme elle augmente ! Elle augmente encore .Ma tête était noyée dans les flots d ’ un parfum indéfinissable .",
                  "id": "16",
                  "title": "La Voix de la Septaine,... [t. I]"
            },
            {
                  "doc_url": "https://gallica.bnf.fr/ark:/12148/bpt6k3185310",
                  "emotions": [
                        "surprise",
                        "fear",
                        "nostalgia",
                        "gratitude"
                  ],
                  "excerpt": "Je pris deux vases sur l ’ autel d ' n reposoir pour les porter sous la tente : la bonne de mes enfants me suivit sans y être appelée : en entrant , nous fûmes saisies par l ’ odeur qui la remplissait .En approchant de l ’ autel , obligée de me pencher au - dessus pour pouvoir placer les vases que je portais , je m ’ écriai : cesl ici qu ’ est l ’ odeur ! Je m ’ approchai de plus près des gouttes de sang qui sont sur le bord du tabernacle et sur la nappe , et c ’ étaient ces gouttes de sang qui embaumaient .J ’ appelai mon mari : d ’ abord il ne sentit rien .",
                  "id": "17",
                  "title": "La Voix de la Septaine,... [t. I]"
            },
            {
                  "doc_url": "https://gallica.bnf.fr/ark:/12148/bpt6k62252118",
                  "emotions": [
                        "fear"
                  ],
                  "excerpt": "On raconte que souvent elle entraîne des daims et des porcs qui se trouvent sur les bords de l ' anse , ceux - ci n ' ayant pas le temps de lui échapper , malgré la vitesse de leur course .On ajoute pourtant que les pourceaux , que l ' on mène se repaître de moules affluant sur le rivage , sont avertis de ce ras - de - marée soit par l ' odorat , soit par l ' oreille , et qu ' ils s ' empressent de fuir avant son arrivée .Un ras - de - marée redoutable est aussi celui de la rivière de Chine qui a nom Tsien - Tang .",
                  "id": "18",
                  "title": "Les cieux, la terre, les eaux et les secrets de l'univers : excursions scientifiques à travers les mystères de la nature / par Alfred Driou"
            },
            {
                  "doc_url": "https://gallica.bnf.fr/ark:/12148/bpt6k205538c",
                  "emotions": [
                        "fear",
                        "nervousness",
                        "faith"
                  ],
                  "excerpt": "Mais toujours le penseur traîne avec lui son doute .Dans cet avril gisant que mon esprit redoute Je sens que des pudeurs de vierges vont périr , Et succombant peut - être aux ardeurs que tu crées , Je devine , ô Printemps , des nudités sacrées Qui se souillent dans l ' ombre en te sentant fleurir ! ' D / e ~ ~ o4 ~ ( T ~ L .T ~ r - aft ' / M .",
                  "id": "19",
                  "title": "Les jeunes chansons : poésies / Victor Pittié"
            },
            {
                  "doc_url": "https://gallica.bnf.fr/ark:/12148/bpt6k205538c",
                  "emotions": [
                        "surprise",
                        "fear"
                  ],
                  "excerpt": "Elle mord l ' oreiller - , où ses nuits toujours pures S ' écoulaient autrefois en de molles guipures Et jette à terre , avec un fébrile abandon , L ' insupportable amas de son rose édrëdon .Pourtant , elle s ' endort ; mais , comme un bruit de vagues , Elle croit percevoir des susurrements vagues Qui viennent , papillons nocturues , se poser Sur elle , comme fait l ' haleine d ' un baiser .Puis quand elle s ' éveille , et qu ' au loin la naissante Aurore allume au ciel sa clarté rougissante , La vierge , entrevoyant dans l ' air limpide et beau Le cavalier soleil qui brandit son flambeau Et par l ' immense éther se frayant une voie Sur la terre pâmée éperdûment envoie Ces magiques lueurs qui , dorant les sillons , Marquent l ' heure féconde où nous nous réveillons Et répandent , sous leur caresse coutumière , La chaleur et l ' amour , la vie et la lumière , La vierge dit , la vierge aux seins remplis d ' émoi « Oh quand donc viendra - t - il , mon beau soleil à moi Celui qui dans l ' ardeur de son âme charmante Me prendra pour unique et radieuse amante Et comme l ' astre pur qui brille en ce moment , Rayonnant dans mon cœur mystérieusement , Y fera , sous l ' éclat de ses fauves prunelles , Mûrir le fruit sacré des amours éternelles » o ~ ~ ' POÈTES Poètes des jours présents , des temps anciens , O Chanteurs tristes ou gais , profonds musiciens Du cœur , que votre voix soit plaintive ou sonore , Ma jeunesse vous aime et mon vers vous honore .",
                  "id": "20",
                  "title": "Les jeunes chansons : poésies / Victor Pittié"
            }
      ]
}