{
      "articles": [
            {
                  "doc_url": "https://gallica.bnf.fr/ark:/12148/bpt6k5700930x",
                  "emotions": [
                        "fear"
                  ],
                  "excerpt": "On ne réussis , 3 jamais dans la conversion des „ moeurs , à moins qu ' on ne prê * „ çhe d ' exemple .Ils íè feront fui * L 2 C ÏÏO ) ft vre a ïodeur de leurs parfums ; „ c ' est le ' moyen d ' avoir un aua > „ taire .Ils seront vêtus tantôt en 9 , bleu céleste , tantôt en couleur s , de rose ; ils paroîtront tantôt ea 5 , cheveux retroussés , & soutenus M d ' un joli peigne , tantôt en £ ■ > „ sure toute gentille , & qui va » „ riera comme leurs ' têtes .",
                  "id": "1",
                  "title": "Le livre de quatre couleurs"
            },
            {
                  "doc_url": "https://gallica.bnf.fr/ark:/12148/bpt6k5700930x",
                  "emotions": [
                        "grief",
                        "sadness",
                        "anger",
                        "fear",
                        "despair",
                        "pain"
                  ],
                  "excerpt": "une résurrection qui ranime desTquélettes , qui embellit des cadavres , & qui leur donne un éclat surprenant .Desr dents y naissent , des yeux morts s ' y ; réveillent , des haleines y prennent une : odeur de tubéreuse & de jaím min , , des cheveux s ^ colorent » .des sourcils s ' y noircissent des frontss ' y dérident , des peaux s ' y blanchis - : , sent , & il n ' y a que de grandes bou - ; ehes , ; qui - , par je plus grand 4es ; malheurs , ne peuvent s ' y rétrécir ; & encorele ; Médecin Pamoism , dans , , ses Observations Hippocrátiqíies ^ ne désespere - t - àl pas de trouver un remède qui puiífe opérer ce prodige .",
                  "id": "2",
                  "title": "Le livre de quatre couleurs"
            },
            {
                  "doc_url": "https://gallica.bnf.fr/ark:/12148/bpt6k53233163",
                  "emotions": [
                        "fear",
                        "annoyance",
                        "relief"
                  ],
                  "excerpt": "— C ’ est l ’ éther .Nous vous en avons fait respirer .— Ah ! oui , c ’ est vrai .",
                  "id": "3",
                  "title": "La Revue Mame : journal hebdomadaire de la famille"
            },
            {
                  "doc_url": "https://gallica.bnf.fr/ark:/12148/bpt6k5732548p",
                  "emotions": [
                        "fear",
                        "love",
                        "nostalgia",
                        "gratitude",
                        "nervousness",
                        "pain",
                        "embarrassment"
                  ],
                  "excerpt": "A l ' heure du silence , à l ' heure où je repose Agité , la pâleur au front ; Penche - toi doucement vers ma paupière close ; Mes mauvais rêves s ' enfuiront .Effleure faiblement de ta lèvre rosée Dont le doux parfum m ' enivra , Ma lèvre palpitante et de fièvre embrasée ; Tout mon être tressaillera .AIMEZ J ' ai toujours eu en ce monde la religion de l ' amour et le ' désir de l ' augmenter .",
                  "id": "4",
                  "title": "Poésies de coeur et d'enfance, par Chéri Allais,..."
            },
            {
                  "doc_url": "https://gallica.bnf.fr/ark:/12148/bpt6k77269m",
                  "emotions": [
                        "fear",
                        "doubt"
                  ],
                  "excerpt": "L ' action des poisons sur t ' economie 6 < t égatemant démonta , mais tout aussi inexplicable .Comment le poison narcotique produit ' - ii une sorte de coma ; le poison acre , Mnaammation de l ' estomac et des intestins ; te poison St ' pUque , la gttngf ≠ de diverses parties ? Voità autant de questions qu ' it est impowsibta derësoudré .Les effets du teu et des caustiques sembtent être plus facH ~ s a coneevoit ' , parce qu ' its sont en partie les mêmes < UPtou8 ! ~ s corps organisa ; mais leur action intime est également aH ' dëMusdônott ' e pénétration .",
                  "id": "5",
                  "title": "Éléments de pathologie générale (4e édition) / par A.-F. Chomel"
            },
            {
                  "doc_url": "https://gallica.bnf.fr/ark:/12148/bpt6k77269m",
                  "emotions": [
                        "fear"
                  ],
                  "excerpt": "Quelle que soit l ' époque à laquelle parait ce gonflement , it est , de l ' aveu de tous , de fâcheux présage , lorsqu ' il est porté au point de ' gêner ta déglutition et surtout la respiration , Il est également très fâcheux quand it est suivi de suppuration .Sa terminaison par gangrène est l ' indice d ' une mort prochaine , L ' aspect des plaies et des surfaces sur lesquelles on a appliqué des topiques vésicants ou rubéûants ~ fournit aussi des signes pronostiques .Lorsque les plaies ont une couleur vive , et donnent un pus épais et homogène , c ' est un indice favorable c ' en est un fâcheux , sucontratre .",
                  "id": "6",
                  "title": "Éléments de pathologie générale (4e édition) / par A.-F. Chomel"
            },
            {
                  "doc_url": "https://gallica.bnf.fr/ark:/12148/bpt6k5660846v",
                  "emotions": [
                        "disgust",
                        "fear",
                        "disapproval",
                        "nervousness",
                        "disappointment"
                  ],
                  "excerpt": "Est - ce bien notre linge qui est la cause de cette corruption dont vous vous plaignez ? JOSEPH chante .Ma soeur , l ' odeur que je déteste Vient du fond de votre lavoir ; Et je crains que pour nous la peste c Remplace les parfums du soir .Vous avez des filles charmantes , Qui de la rose ont la fraîcheur ; Mais vos plus belles pénitentes De la rose n ' ont pas - 1 ' odèur .",
                  "id": "7",
                  "title": "Petit Théâtre, suivi de pensées, maximes et réflexions, par Édouard Bricon"
            },
            {
                  "doc_url": "https://gallica.bnf.fr/ark:/12148/bpt6k2049280",
                  "emotions": [
                        "fear",
                        "pain"
                  ],
                  "excerpt": "En réalité , l ' intérêt est le seul mobile de toutes ces créations utiles .Lorsqu ' on entre dans un hameau chinois , ou qu ' on approche d ' une ferme , on est tout à coup saisi par d ' horribles exhalaisons qui vous prennent à la gorge et menacent de vous suffoquer .Ce n ' est pas cette odeur saine et forte qui s ' échappe des étables des bœufs et des bergeries , et qui souvent dilate les poumons d ' une manière si agréable , c ' est un atroce mélange de toutes les pourritures imaginables .",
                  "id": "8",
                  "title": "L'empire chinois : faisant suite à l'ouvrage intitulé \"Souvenirs d'un voyage dans la Tartarie et le Thibet\". T. 2 / par M. Huc,..."
            },
            {
                  "doc_url": "https://gallica.bnf.fr/ark:/12148/bpt6k6374065f",
                  "emotions": [
                        "grief",
                        "fear",
                        "love",
                        "nostalgia",
                        "gratitude",
                        "nervousness"
                  ],
                  "excerpt": "LA MINÉRALOGIE AIR : La Mascotte .Je sens lorsque je t ' aperçois , Un tremblement de terre qui m ' agite ! POIROT Et moi , ma chère , quand je te vois , Je suis pétrifié de suite ! LA MINÉRALOGIE Quand j ' aspire l ' odeur de tes cheveux , J ' oublierais la casitérite ! POIROT Un seul regard de tes beaux yeux , Me fait pousser des stalactites ! J ' aime bien mes dindons ! LA MINÉRALOGIE J ' aime bien Bergeron .POIROT Quand ils font leurs doux glou ! glou ! LA MINÉRALOGIE Quand il me fait la .",
                  "id": "9",
                  "title": "Ça va épater Rosalie !... : revue en 3 actes / [par André Baudet]"
            },
            {
                  "doc_url": "https://gallica.bnf.fr/ark:/12148/bpt6k5860014m",
                  "emotions": [
                        "grief",
                        "fear",
                        "desire",
                        "nostalgia",
                        "disappointment"
                  ],
                  "excerpt": "lé coeur de son brûlant amant ! Ange ou fée , à mes yeux , sa brillante auréolé Resplendissait en or ; et , devant mon idole , Profane , je chantais l ' hymne de mon désir .Mais , hélas ! la voyant loin de mon coeur s ' enfuir , Je volai sur ses pas , respirant les arômes ' Qui , de l ' air ambiant traversant les atomes , Ondulaient jusqu ' à moi .de ses cheveux de jais .",
                  "id": "10",
                  "title": "Les Ligugéennes, poésies de Jacques Durand, publiées par Théodore Véron,..."
            },
            {
                  "doc_url": "https://gallica.bnf.fr/ark:/12148/bpt6k876501w",
                  "emotions": [
                        "admiration",
                        "surprise",
                        "disgust",
                        "fear",
                        "nervousness"
                  ],
                  "excerpt": "C ’ est un dépotoir de tous les stupres .Et quels relents , quel remugle , quelle panique de l ’ odorat ! La rue Ordener est célébré par le premier exploit , contre un garçon encaisseur , des bandits en automobile de 1912 .Nous retrouverons ceux - ci en maints endroits de la capitale qu ’ ils terrorisèrent pendant deux semaines , comme l ’ avait fait autrefois l ’ impayable Ravachol .",
                  "id": "11",
                  "title": "Paris vécu / Léon Daudet"
            },
            {
                  "doc_url": "https://gallica.bnf.fr/ark:/12148/bpt6k323127j",
                  "emotions": [
                        "fear"
                  ],
                  "excerpt": "Le second picadore , voulant sauver son malheureux collègue , s ’ il en était temps encore , piqua son cheval , dont les yeux étaient bandés pour lui dérober la vue du danger qu ’ il allait affronter , et le dirigea sur l ’ animal furieux .Mais le coursier , flairant l ’ odeur du sang et prévenu par son instinct de la mort , presque certaine , qu ’ il allait affronter , se cabra plusieurs fois en refusant d ’ avancer .Il obéit cependant à la fin , excité par la voix et l ’ éperon de son cavalier .",
                  "id": "12",
                  "title": "Le Mariage d'une espagnole, par Madame U... R... (M... de S...)"
            },
            {
                  "doc_url": "https://gallica.bnf.fr/ark:/12148/bpt6k61487169",
                  "emotions": [
                        "sadness",
                        "anger",
                        "fear",
                        "annoyance",
                        "faith"
                  ],
                  "excerpt": "l ' Orient sont venus avec leurs esclaves , leurs armées et leurs femmes ; les Blessés ont demandé .sou secours , les Malheureux ont tendu la main : — « Ne nous quittez pas ! ne nous quittez pas ! » Moi - même j ' ai crié : « Ne nous quittez pas ! Nous vous adorerons , restez ! » Les fleurs sont sorties clé leurs graines en l ' entourant de leurs parfums qui disaient : — « Restez ! » Le géant Énakim est sorti de Jupiter , amenant l ' Or et ses amis , amenant les Esprils des Terres Astrales qui s ' étaient joints à lui , tous ont dit : — « Nous serons à toi pour sept cents années ..",
                  "id": "13",
                  "title": "Louis Lambert, suivi de Séraphita, par M. H. de Balzac. Nouvelles éditions revues et corrigées"
            },
            {
                  "doc_url": "https://gallica.bnf.fr/ark:/12148/bpt6k61487169",
                  "emotions": [
                        "disgust",
                        "fear",
                        "nervousness",
                        "pain"
                  ],
                  "excerpt": "Scaliger pâlissait en Voyant du cresson .Érasme avait la fièvre en sentant du poisson .Ces trois antipathies procédaient de substances aquatiques .",
                  "id": "14",
                  "title": "Louis Lambert, suivi de Séraphita, par M. H. de Balzac. Nouvelles éditions revues et corrigées"
            },
            {
                  "doc_url": "https://gallica.bnf.fr/ark:/12148/bpt6k65357718",
                  "emotions": [
                        "surprise",
                        "joy",
                        "fear",
                        "doubt",
                        "amusement",
                        "nervousness"
                  ],
                  "excerpt": "— Qui ? .Qui ? crie la foule , énervée par le tapage , es rires , l ' odeur de la poudre brûlée .- Mademoiselle Aline Robert et .",
                  "id": "15",
                  "title": "La cruche cassée / G. Réval"
            },
            {
                  "doc_url": "https://gallica.bnf.fr/ark:/12148/bpt6k5447889r",
                  "emotions": [
                        "fear",
                        "annoyance"
                  ],
                  "excerpt": "Nuit au bord du ravin , nuit au pied du coteau , Nuit dans les antres sourds où siffle la vipère , Nuit dans les défilés où la ronce prospère ; Dans la forêt rugit un lion : la terreur ! Les buissons hérissés frissonnent de frayeur .Le gui glauque s ' enroule autour des branches noires , Les fauves , réveillés , font claquer leurs mâchoires , Le chacal hume l ' air , l ' hyène aiguise sa dent .L ' homme se sent rouler vers l ' abîme grondant Par les flots éplorés des passions sinistres .",
                  "id": "16",
                  "title": "Les nouvelles olympiennes / Maxime Delafont"
            },
            {
                  "doc_url": "https://gallica.bnf.fr/ark:/12148/bpt6k5447889r",
                  "emotions": [
                        "fear"
                  ],
                  "excerpt": "Le jour luit , le printemps renaît , l ' aube se lève Devant le flamboiement formidable du glaive , 94 LES NOUVELLES OLYMPIENNES .Et l ' on sent les parfums de l ' aurore monter Vers les chastes hauteurs du ravissant éther , Quand l ' ange d ' une main dont la griffe se sauve , Met le mors Conscience à l ' homme Bête fauve ! Octobre 1865 .LA PATRIE DE VENUS Jupiter , empereur du nouveau ciel chrétien , Roi puissant du céleste Olympe : Où , guidant vers l ' éther son char aérien , Le doux choeur des neuf Muses grimpe ; Trouvant le sceptre lourd et pesant dans sa main , Qui pourrait embrasser le inonde , Fit osciller trois fois son sourcil souverain , Et trois fois la voûte profonde S ' ébranla : l ' univers gémit sur ses essieux , Le soleil voila sa lumière .",
                  "id": "17",
                  "title": "Les nouvelles olympiennes / Maxime Delafont"
            },
            {
                  "doc_url": "https://gallica.bnf.fr/ark:/12148/bpt6k96049011",
                  "emotions": [
                        "fear",
                        "doubt",
                        "nervousness"
                  ],
                  "excerpt": ".Craignez - vons le parfum des fleurs ? LE PR NCE .• La reine ne peut le supporter .",
                  "id": "18",
                  "title": "Les deux impératrices, ou Une petite guerre : comédie en trois actes, en prose / par Mme Ancelot"
            },
            {
                  "doc_url": "https://gallica.bnf.fr/ark:/12148/bpt6k875831k",
                  "emotions": [
                        "fear"
                  ],
                  "excerpt": "Assurez - vous que , selon qu ’ il a reconnu votre com - plexion , il a diversifié l ’ exhalaison de votre dîner .Regardez combien le matelas où l ’ on vous a fait coucher est éloigné de nos lits : sans doute qu ’ il vous a jugé d ’ un tempérament bien éloigné du nôtre , puisqu ’ il a craint que l ’ odeur qui s ’ évapore de ces petits robinets sous notre nez ne s ’ épandît jusqu ’ à vous , ou que la vôtre ne fumât jusqu ’ à nous .Vous le verrez , ce soir , qui choisira les fleurs pour votre lit avec la même circonspection .",
                  "id": "19",
                  "title": "Voyage dans la Lune / Cyrano de Bergerac"
            },
            {
                  "doc_url": "https://gallica.bnf.fr/ark:/12148/bpt6k55263635",
                  "emotions": [
                        "fear",
                        "nervousness"
                  ],
                  "excerpt": "C ' est à ce jeu qu ' une des allumettes projeta quelques parcelles de phosphore enflammé sur les Vêtements de Charles qui ne s ' aperçut d ' abord de rien .Rientôt une odeur de roussi emplit la maison et Cnarles vit avec effroi que ses habits étaient en feu .Il se brûla les mains et il n ' eut bientôt d ' autre ressource que celle de s ' enfuir chez des voisins qui firent le nécessaire pour le préserver d ' une mort terrible .",
                  "id": "20",
                  "title": "L'enseignement moral à l'école primaire / par Angot,..."
            }
      ]
}