{
      "articles": [
            {
                  "doc_url": "https://gallica.bnf.fr/ark:/12148/bpt6k98084597",
                  "emotions": [
                        "fear",
                        "annoyance"
                  ],
                  "excerpt": "Caramel en grand ( fabrique de ) .Danger du feu , odeur désagréable .3 5 nov 1826 .",
                  "id": "1",
                  "title": "Code des architectes, des ouvriers en bâtiments, des personnes qui les emploient et des tiers intéressés à leurs travaux... / recueilli et annoté par M. Minier,..."
            },
            {
                  "doc_url": "https://gallica.bnf.fr/ark:/12148/bpt6k98084597",
                  "emotions": [
                        "fear"
                  ],
                  "excerpt": "Soufre ( distillation du ) .Grand danger du feu et odeur désa - 1 14 janvier 1815 .gréable .",
                  "id": "2",
                  "title": "Code des architectes, des ouvriers en bâtiments, des personnes qui les emploient et des tiers intéressés à leurs travaux... / recueilli et annoté par M. Minier,..."
            },
            {
                  "doc_url": "https://gallica.bnf.fr/ark:/12148/bpt6k8764867",
                  "emotions": [
                        "fear",
                        "courage",
                        "amusement"
                  ],
                  "excerpt": "— Ne me tuez pas ! ne me tuez pas ! leur criai - je .ne me tuez pas ! Lors , les trois bohémiens , qui avaient eu , bien sûr , autant de peur que moi , se prirent à rire et l ’ un d ’ eux me dit : — C ’ est égal ! tu peux te vanter , mauvais petit moutard , de nous avoir fichu une belle venette ! Mais , quand je les vis rire et parler comme moi , je repris un peu de courage , et je sentis , en même temps , extrêmement agréable , une odeur de rôti me monter dans les narines .Ils me firent descendre de mon perchoir , me demandèrent d ’ où j ’ étais , de qui j ’ étais , comment je me trouvais là , que sais - je encore ? Et rassuré , enfin , complètement , un des voleurs ( c ’ étaient , en effet , trois voleurs ) ; — Puisque tu as fait un plantii , me dit - il , tu dois avoir faim .",
                  "id": "3",
                  "title": "Mémoires et récits : mes origines / par Frédéric Mistral"
            },
            {
                  "doc_url": "https://gallica.bnf.fr/ark:/12148/bpt6k765367",
                  "emotions": [
                        "disgust",
                        "fear"
                  ],
                  "excerpt": "La plupart des animaux ont les sens en général plus parfaits que ceux de inomme ~ le chien , le cheva ! , le cochon , etc ., ont l ' odorat très - dëveioppé , ! ' aig ! e , il la vue perçante , découvre sa proie d ' une hauteur I ) umeMse , ! e serpent fuit et se cache à la plus ! egcre vibration de la terre sur laquelle il rampe , la plupart des oiseaux ont le sens de l ' ouïe trcs - deHcat .et les \\ achct rcconnaiiisent au ~ out les hetbes qui leur seraient nui ~ ibteii .",
                  "id": "4",
                  "title": "Leçons de phrénologie / professées par le docteur Scoutetten,... ; recueillies par M.M. Maillefer et Bonal,..."
            },
            {
                  "doc_url": "https://gallica.bnf.fr/ark:/12148/bpt6k374351",
                  "emotions": [
                        "fear"
                  ],
                  "excerpt": "Son sommet surplombant est de couleur brique , sa base est rouge foncé , presque noire .A mesure qu ' il approche , il chasse devant lui des effluves brûlantes comme l ' haleine d ' un four à chaux .Il ne nous a pas encore envahis que nous sommes couverts par son ombre .",
                  "id": "5",
                  "title": "L'univers : les infiniment grands et les infiniment petits / par F.-A. Pouchet,... ; 2e éd. ill. de 343 vignettes sur bois et de 4 pl. en coul. par A. Faguet, Mesnel... [et al.]"
            },
            {
                  "doc_url": "https://gallica.bnf.fr/ark:/12148/bpt6k1045486q",
                  "emotions": [
                        "fear"
                  ],
                  "excerpt": "Elles ont toutes des visages de femmes pâles , blêmes , amaigries par une longue faim , décharnées , horribles à voir plus que la mort .Elles ont de grandes ailes difformes , affreuses ; les mains rapaces , les ongles recourbés et tortus ; le ventre énorme et fétide , et une longue queue qui s ' enroule et se dénoue comme un serpent .121 .",
                  "id": "6",
                  "title": "Roland furieux : poème héroïque / Arioste ; traduit par A.-J. du Pays ; et illustré par Gustave Doré"
            },
            {
                  "doc_url": "https://gallica.bnf.fr/ark:/12148/bpt6k5790633m",
                  "emotions": [
                        "disgust",
                        "fear"
                  ],
                  "excerpt": "Quelques - uns d ' entre eux se promenaient gravement près de mendiants immondes , présentant des plaies répugnantes .Une odeur nauséabonde s ' échappait de cet horrible endroit .L ' officier fit signe à deux hommes qui se promenaient non loin de là , et leur glissa dans la main deux ticaux 1 .",
                  "id": "7",
                  "title": "En Indo-Chine 1894-1895 : Cambodge, Cochinchine, Laos, Siam méridional / par le Cte Barthélemy,..."
            },
            {
                  "doc_url": "https://gallica.bnf.fr/ark:/12148/bpt6k5407534n",
                  "emotions": [
                        "disgust",
                        "fear",
                        "nostalgia",
                        "nervousness",
                        "despair",
                        "pain"
                  ],
                  "excerpt": ".Je résistais , sentant chez moi bondir mon coeur , Sous le confact impur , sous l ' haleine fétide , Qui flétrissaient ma chair et mon âme timide , Puis je restais sans voix , stupéfié d ' horreur .Sa langue se glissait et sans repos ni trêve , Sur ma langue cherchait l ' infâme volupté , Et sa main de mon sein pressait la nudité .",
                  "id": "8",
                  "title": "Le séminariste malgré lui : livre dédié à Victor Hugo / [par P. Neuville]"
            },
            {
                  "doc_url": "https://gallica.bnf.fr/ark:/12148/bpt6k6584696t",
                  "emotions": [
                        "disgust",
                        "anger",
                        "fear",
                        "greed",
                        "pain"
                  ],
                  "excerpt": "y .rjUM , braire ou crier pour la faim qu ' on a ( se dit proprement des ânes ) : sentir mauvais ( se dil proprement des houes et des lions ) : ïu .Qp ^ u .",
                  "id": "9",
                  "title": "Le jardin des racines grecques , par Lancelot. Nouvelle édition revue... par Jos. Planche,... et P.-P. Leuchseuring,..."
            },
            {
                  "doc_url": "https://gallica.bnf.fr/ark:/12148/bpt6k76624h",
                  "emotions": [
                        "disgust",
                        "fear"
                  ],
                  "excerpt": "uucina .tion provoque des mouvements de défense vagues et automatiques ; tout ce qui les entoure répand une odeur infecte on icura mis toutes sortes d ' immondices dans tes orciMes ; ils ont sur lit tangue un goût de poison , etc .Cependant les malades semblent indifférents , demeurent apathiques et immobiles , si on ne leur adresse pas la parole , ou si une impulsion intérieure ne les oblige pas à rire ou & murmurer quelques mots .",
                  "id": "10",
                  "title": "Traité clinique des maladies mentales (3e édition revue et augmentée) / par le Dr H. Schüle,... ; 3e édition (1886) traduite par les Drs J. Dagonet,... et G. Duhamel,... revue et augmentée par l'auteur ; préface de M. le Dr H. Dagonet..."
            },
            {
                  "doc_url": "https://gallica.bnf.fr/ark:/12148/bpt6k98084597",
                  "emotions": [
                        "fear",
                        "courage"
                  ],
                  "excerpt": "W de f classement .Térébenthine ( travail en grand pour Odeur insalubre et danger du feu .1 9 février 1895 .",
                  "id": "11",
                  "title": "Code des architectes, des ouvriers en bâtiments, des personnes qui les emploient et des tiers intéressés à leurs travaux... / recueilli et annoté par M. Minier,..."
            },
            {
                  "doc_url": "https://gallica.bnf.fr/ark:/12148/bpt6k851976k",
                  "emotions": [
                        "anger",
                        "fear",
                        "doubt",
                        "faith"
                  ],
                  "excerpt": ".bataillon famélique Pataugeant et piaillant l ' hymne patriotique , — Hymne dont ces gosiers font un chant menaçant ! — Ombre du puissant Roi ! qu ' est cela ? , dans Versaille , Qu ' emplit une senteur de haillons et de sang , Devant le Saint des Saints , que veut cette canaille ? ..",
                  "id": "12",
                  "title": "Versailles. Poème par Marcellin Desboutin"
            },
            {
                  "doc_url": "https://gallica.bnf.fr/ark:/12148/bpt6k63595069",
                  "emotions": [
                        "fear"
                  ],
                  "excerpt": ", empêcher l ' action des effluves marécageux , et leur disparition faire développer des fièvres intermittentes là où il n ' en existait pas auparavant .Dans les contrées tropicales , on se met à l ' abri des terribles effets des émanations paludéennes en gagnant l ' intérieur des terres et en s ' élevant à une certaine hauteur dans les montagnes .Sezze , élevé de 306 mètres au - dessus de la mer , n ' éprouve pas l ' effet pernicieux de la proximité des Marais Pontins .",
                  "id": "13",
                  "title": "Traité élémentaire d'hygiène privée et publique (7e édition avec additions et bibliographies) / par A. Becquerel,..."
            },
            {
                  "doc_url": "https://gallica.bnf.fr/ark:/12148/bpt6k63595069",
                  "emotions": [
                        "fear"
                  ],
                  "excerpt": "Elles sont à ciel ouvert , disposées en amas , entourées de flaques d ' eau croupissante , le tout dégageant , surtout pendant les chaleurs , une odeur infecte .Cette odeur , ces émanations , peuvent amener de graves accidents ; M .Tardieu rapporte , à cet égard , le cas de M .",
                  "id": "14",
                  "title": "Traité élémentaire d'hygiène privée et publique (7e édition avec additions et bibliographies) / par A. Becquerel,..."
            },
            {
                  "doc_url": "https://gallica.bnf.fr/ark:/12148/bd6t5332983j",
                  "emotions": [
                        "fear",
                        "nostalgia"
                  ],
                  "excerpt": ".L ’ odeur du feu de bois parfumera la chambre ; Et tandis que , dehors , le givre de décembre Aux fenêtres mettra son rideau de blancheur , Et que le vent grondeur fera gémir la porte , Nous nous endormirons devant la flamme morte , Ta main sur mon épaule et ton front sur mon cœur .Les soirs étaient plus doux encore qu ’ il n ’ avait espéré ; et , dans le cœur - à - cœur de leur solitude à deux , les jeunes mariés épelaient mot à mot toutes ces lettres qui apportaient sur leur seuil la lointaine sympathie des âmes et des cœurs .",
                  "id": "15",
                  "title": "Amédée Prouvost / C. Lecigne"
            },
            {
                  "doc_url": "https://gallica.bnf.fr/ark:/12148/bpt6k6489460t",
                  "emotions": [
                        "disgust",
                        "fear",
                        "disapproval",
                        "despair"
                  ],
                  "excerpt": "m .piège qu ' tlo tend aux bêtes puantes .Morceau de bois attaché une corde , donl le mouvement fait tombe le blé sous la meule du moulin .",
                  "id": "16",
                  "title": "Nouveau vocabulaire de la langue française : d'après le Dictionnaire de l'Académie, et ceux de Laveaux, Boiste, Charles Nodier, Noel et Chapsal, Gattel, de Lanneau et de Wailly / par Sauger-Préneuf,... Détournel,..."
            },
            {
                  "doc_url": "https://gallica.bnf.fr/ark:/12148/bpt6k96105379",
                  "emotions": [
                        "fear",
                        "pain",
                        "embarrassment"
                  ],
                  "excerpt": "La fatigue , d ' abord , malgré les soins incessants de Zermah , puis l ' influence d ' un climat détestable , avaient profondément altéré sa santé .Pàle , amaigrie , comme si elle eût été empoisonnée par les émanations de ces marécages , elle n ' avait plus la force de se tenir debout , à peine : celle de prononcer quelques paroles , et c ' était toujours pour demander sa mère .Zermah ne pouvait plus lui dire , comme elle le faisait pendant les premiers jours de leur arrivée à la Crique - Noire , „ qu ' elle reverrait bientôt Mme Burbank , que son père , son frère , miss Alice , Mars , ne tarderaient pas à les rejoindre .",
                  "id": "17",
                  "title": "Nord contre Sud / par Jules Verne"
            },
            {
                  "doc_url": "https://gallica.bnf.fr/ark:/12148/bpt6k98084597",
                  "emotions": [
                        "fear"
                  ],
                  "excerpt": "Moulins à l ' huile .Un peu d ' odeur et quelque danger du * 14janvier 1815 .feu .",
                  "id": "18",
                  "title": "Code des architectes, des ouvriers en bâtiments, des personnes qui les emploient et des tiers intéressés à leurs travaux... / recueilli et annoté par M. Minier,..."
            },
            {
                  "doc_url": "https://gallica.bnf.fr/ark:/12148/bpt6k5440776m",
                  "emotions": [
                        "surprise",
                        "disgust",
                        "fear",
                        "nervousness",
                        "pain",
                        "embarrassment"
                  ],
                  "excerpt": ".Cette dysenterie et ces fièvres de Cochinchine , dont il lui avait avoué être un peu atteint , lui causaient tout à coup un effroi plus grand ; elle songeait 046 MATELOT maintenant à ceux qu ' elle avait vus revenir , si blêmes , et qui , les entrailles perdues , déclinaient lentement malgré les soins des mères .Elle s ' éveillait avec une insouciance de morte , pour l ' heure , pour le temps et la durée , — comme du reste pour tout .",
                  "id": "19",
                  "title": "Matelot / Pierre Loti,... ; Illustrations de Myrbach"
            },
            {
                  "doc_url": "https://gallica.bnf.fr/ark:/12148/bpt6k1187457z",
                  "emotions": [
                        "disgust",
                        "fear",
                        "excitement"
                  ],
                  "excerpt": "— — 80 - • Énigme .Je suis un végétal à la feuille odorante ; Venant du minerai , ma voix est éclatante ; Enfin , comme animal , réputé venimeux , Je suis , pour ce qui vit , un être dangereux .Lecteur .",
                  "id": "20",
                  "title": "Petit almanach mosellan 1876, français et patois lorrain, par Chan Heurlin"
            }
      ]
}