{
      "articles": [
            {
                  "doc_url": "https://gallica.bnf.fr/ark:/12148/bpt6k1412537s",
                  "emotions": [
                        "grief",
                        "fear",
                        "pain"
                  ],
                  "excerpt": "Bientôt l ’ on te verra , vieille femme à ton tour , Bans une rue étroite , errant à l ’ aventure , La lune au ciel voilée , attendre jusqu ’ au jour , Quand la bise souffle aigre et dure , Pour quêter les regards de quelque dédaigneux .De ton cœur ulcéré les effluves fatales Embraseront tes sens de ces terribles feux Qui mettent en rut les cavales .Tu gémiras alors , comme d ’ un propre affront , En voyant la jeunesse et folâtre et légère , Au lieu du myrte noir , enlacer sur son front Les vertes couronnes de lierre ; Et , repoussant du pied , dans ses ébats joyeux , Celles qui , par instant , se détachent fanées , Les livrer en pâture à l ’ Hèbre impétueux , Dont les eaux sont toujours glacées .",
                  "id": "1",
                  "title": "Traduction en vers des Odes d'Horace, avec texte, par Albert de Wailly..."
            },
            {
                  "doc_url": "https://gallica.bnf.fr/ark:/12148/bpt6k5408308s",
                  "emotions": [
                        "fear"
                  ],
                  "excerpt": "Elle defopile , meflcs ' es emboucheures des veines .Or de peur que le fuc ne les ouurc du to « t , & qu ' il n ' vlcere , < span style = \" color : Slategray ; \" > Sz < / span > < span style = \" color : Slategray ; \" > Ul ' ne < / span > donne de grands tourmens & trenchées en purgeant , il y faut méfier du Bdellium , ou de < span style = \" color : Slategray ; \" > jWnie < / span > draganj : , ou du laidt doux fraichementtiré , ou du vin miellé Se du fel , mais il purgera ^ proprement fi lony adioufte du fel gemme , Se des chofes aromatiques .On tire le fuc du < span style = \" color : Slategray ; \" > fl \" < / span > < span style = \" color : Slategray ; \" > ' 0rs < / span > qu ' il eft meut & pafle , en le prelfant doucement , & : le fait on fecher comme celuy de < span style = \" color : Slategray ; \" > amrn ° née < / span > ou de l ' Aloë .",
                  "id": "2",
                  "title": "Histoire generale des plantes. T. 2 / , contenant XVIII. livres egalement departis en deux tomes : tirée de l'exemplaire latin de la bibliotheque de Me Jacques Dalechamp, puis faite françoise par Me Jean des Moulins ... avec un indice ... ensemble les tables des noms en diverses langues. Derniere edition, reveuë, corrigée, & augmentée ... & illustrée..."
            },
            {
                  "doc_url": "https://gallica.bnf.fr/ark:/12148/bpt6k28921r",
                  "emotions": [
                        "disgust",
                        "fear"
                  ],
                  "excerpt": "Le cultivateur ne se trompe jamais à cause du vert bien différent des feuilles , la ménagère à cause de leur odeur si opposée .La ciguë des jardins est un poison violent M .Orfila vit mourir en une heure un chien robuste auquel il avait fait avaler sept onces de suc de cette plante ; le grand Haller fut incommodé toute une nuit pour avoir mangé de cette plante , Dans les Archives de médecine ( janvier 1830 ) , on donne l ' extrait d ' un travail de M .",
                  "id": "3",
                  "title": "Dictionnaire de médecine usuelle. Tome 1 / (publié sous la direction de J.-P. Beaude) par une société de professeurs, de membres de l'Académie royale de médecine, de médecins et de chirurgiens des hôpitaux"
            },
            {
                  "doc_url": "https://gallica.bnf.fr/ark:/12148/bpt6k548752",
                  "emotions": [
                        "fear",
                        "doubt",
                        "curiosity"
                  ],
                  "excerpt": "Et voici que nous entourent , nous emprisonnent , Comme de fluides mailles odorantes , Les émanations vitales du rivage Et plus les lignes se font noyées et mourantes , Plus la face des choses s ' ennuage De cendre mauve , puis de violâtres ténèbres , Plus la possession de la terre s ' affirme , Plus son soufHe nous la révèle et nous pénètre De sa secrète essence intime .0 terre inconnue qui t ' endors si près de nous , Si près et si loin , par - delà ces masses d ' ombre , Serons - nous mieux initiés à ta vie profonde Demain , par le bleu mensonge du jour , Qu ' en cette heure où tu t ' abandonnes , Où tes nocturnes effluves parlent et avouent ? i ' Je devine ce qui frissonne Dans tes rues humides sonores de solitude ht ces odeurs chargées comme d ' inquiet ennui M ' apportent ce qui sourd de trouble incertitude Angoissée des fumées de pauvres nourritures .Aussitôt m ' apparaissent , brûlants et rougis , Derrière d ' invisibles fenêtres , Les yeux navrés qui cherchent dans la nuit Sous les étoiles des fanaux rouges et verts Dont les longs rais se brouillent sur le ciel funèbre Un astre ami prévu qui tarde à s ' allumer .",
                  "id": "4",
                  "title": "Hiers bleus : poésies / John-Antoine Nau,..."
            },
            {
                  "doc_url": "https://gallica.bnf.fr/ark:/12148/bpt6k878913s",
                  "emotions": [
                        "fear"
                  ],
                  "excerpt": "Elle est tapissée par une fausse membrane déliquescente .Elle contient une bouillie grisâtre , fétide ; des vaisseaux dénudés la traversent .Parfois ceux - ci ont été sectionnés et on trouve leur orifice béant .",
                  "id": "5",
                  "title": "Traité pratique des maladies de l'appareil respiratoire / par le Dr G. Carrière,..."
            },
            {
                  "doc_url": "https://gallica.bnf.fr/ark:/12148/bpt6k5762324d",
                  "emotions": [
                        "disgust",
                        "fear",
                        "annoyance",
                        "desire",
                        "excitement",
                        "greed",
                        "amusement"
                  ],
                  "excerpt": "f .Humeur visqueuse qui découle des narines : Avoir la morve au nez .| Maladie particulière aux chevaux .",
                  "id": "6",
                  "title": "Abrégé du dictionnaire de l'Académie française, d'après la dernière édition de 1878 : ancien vocabulaire Nodier, entièrement refondu, et suivi d'un appendice comprenant tous les mots en usage non encore admis par l'Académie et d'un dictionnaire de géographie ancienne et moderne"
            },
            {
                  "doc_url": "https://gallica.bnf.fr/ark:/12148/bpt6k103022f",
                  "emotions": [
                        "fear",
                        "nervousness"
                  ],
                  "excerpt": "LE GOUSSET A GUY DE MAUPASSANT .Il est des odeurs suspectes , équivoques comme un appel dans une rue noire .Certains quartiers du Paris laborieux les dégagent lorsqu ' on s ' approche , l ' été , d ' un groupe .",
                  "id": "7",
                  "title": "Croquis parisiens / J. K. Huysmans ; eaux-fortes de Forain et Raffaelli"
            },
            {
                  "doc_url": "https://gallica.bnf.fr/ark:/12148/bpt6k8877647",
                  "emotions": [
                        "fear",
                        "frustration"
                  ],
                  "excerpt": "Le soir enveloppe Majorque plus doucement qu ’ aucun pays .La nuit n ’ est ici qu ’ une gaze impalpable jetée sur un arbre odorant .v > T Dans les jardins de Malaga , certain jour inoubliable , nul souffle d ’ air ne remuait la végétation tropicale .",
                  "id": "8",
                  "title": "Les Lectures de la femme : magazine illustré hebdomadaire d'éducation et de récréation : revue de la femme et de la jeune fille"
            },
            {
                  "doc_url": "https://gallica.bnf.fr/ark:/12148/bpt6k6484868z",
                  "emotions": [
                        "surprise",
                        "disgust",
                        "fear"
                  ],
                  "excerpt": "La fumée , rouge par instants , empêche de distinguer autre chose que des silhouettes d ' immenses murailles .Puis , sur des bouffées de vent , une odeur sombre — une odeur de chairs brûlées peut - être — donne la nausée et le vertige .D ' un autre côté , les Tuileries , la Légion d ' honneur , les ministères de la guerre et des finances flambent encore comme les cinq cratères d ' un volcan gigantesque .",
                  "id": "9",
                  "title": "Les 73 journées de la Commune (du 18 mars au 29 mai 1871) / Catulle Mendès"
            },
            {
                  "doc_url": "https://gallica.bnf.fr/ark:/12148/bpt6k5763432m",
                  "emotions": [
                        "fear",
                        "nervousness"
                  ],
                  "excerpt": "Cagoule avec visière ( photo jointe ) percée de trous distants de 3 mm par lesquels passe l ' air comprimé qui fait ainsi un rideau isolant l ' ouvrier des .émanations dangereuses .- Buse en éventail à air comprimé ( photo jointe ) .",
                  "id": "10",
                  "title": "Revue mensuelle de l'Union des industries métallurgiques et minières, de la construction mécanique électrique et métallique et des industries qui s'y rattachent"
            },
            {
                  "doc_url": "https://gallica.bnf.fr/ark:/12148/bpt6k5425729z",
                  "emotions": [
                        "grief",
                        "sadness",
                        "fear",
                        "nostalgia",
                        "nervousness"
                  ],
                  "excerpt": "Tu mesures ta vie à tes devoirs d ' épouse ; Tu revois ta jeunesse et ce bonheur étroit Dont tu étais jadis si fière et si jalouse ; Et l ' odeur du printemps t ' attriste malgré toi .Il entre du vent frais par la fenêtre ouverte Tu te souviens , ton coeur se trouble et tu t ' émeus A respirer ainsi l ' odeur mouillée et verte Qui monte du dehors et baigne tes cheveux .Alors triste et muette , et soudain oppressée Parce qu ' un pas s ' attarde au pavé de ta cour , Tu songes , refermant lentement la croisée , A l ' inutile ardeur des printemps sans amour .",
                  "id": "11",
                  "title": "Poésie : cahiers mensuels illustrés / Octave Charpentier, rédacteur en chef"
            },
            {
                  "doc_url": "https://gallica.bnf.fr/ark:/12148/bpt6k8877647",
                  "emotions": [
                        "disgust",
                        "fear",
                        "courage",
                        "despair",
                        "pain"
                  ],
                  "excerpt": "La clef était à la serrure , je frappai et j ’ entrai .Dès le seuil , je lis appel à tout mon courage ; l ' odeur nauséabonde qui se dégageait de tout l ’ antre me prit à la gorge cl faillit me suffoquer .J ’ avançais pourtant ! Sur un ignoble grabat était étendue « la Sorcière » , les yeux fixes , brûlés de fièvre .",
                  "id": "12",
                  "title": "Les Lectures de la femme : magazine illustré hebdomadaire d'éducation et de récréation : revue de la femme et de la jeune fille"
            },
            {
                  "doc_url": "https://gallica.bnf.fr/ark:/12148/bpt6k548752",
                  "emotions": [
                        "fear",
                        "despair",
                        "pain"
                  ],
                  "excerpt": "Et déjà la lueur rougit des trissons passent Dans l ' air moins tiède , ridant les voiles orange Le navire , très lentement , roule et tangue Sur les grosses vagues comme lassées , Roule et tangue et se cabre mollement , Longtemps , sur les grosses vagues qui se mordorent .Et voici que nous entourent , nous emprisonnent , Comme de fluides mailles odorantes , Les émanations vitales du rivage Et plus les lignes se font noyées et mourantes , Plus la face des choses s ' ennuage De cendre mauve , puis de violâtres ténèbres , Plus la possession de la terre s ' affirme , Plus son soufHe nous la révèle et nous pénètre De sa secrète essence intime .0 terre inconnue qui t ' endors si près de nous , Si près et si loin , par - delà ces masses d ' ombre , Serons - nous mieux initiés à ta vie profonde Demain , par le bleu mensonge du jour , Qu ' en cette heure où tu t ' abandonnes , Où tes nocturnes effluves parlent et avouent ? i ' Je devine ce qui frissonne Dans tes rues humides sonores de solitude ht ces odeurs chargées comme d ' inquiet ennui M ' apportent ce qui sourd de trouble incertitude Angoissée des fumées de pauvres nourritures .",
                  "id": "13",
                  "title": "Hiers bleus : poésies / John-Antoine Nau,..."
            },
            {
                  "doc_url": "https://gallica.bnf.fr/ark:/12148/bpt6k5400997c",
                  "emotions": [
                        "fear"
                  ],
                  "excerpt": "Ensuite usez de l ' odorat .Là , vous serez frappé de l ' odeur de la gangrène ; ici , de l ' odeur du cancer ulcéré ; plus loin , de celle de la petite vérole ; ailleurs , d ' une odeur putride et nauséabonde , etc ., etc .",
                  "id": "14",
                  "title": "Cours sur les généralités de la médecine pratique et sur la philosophie de la médecine , par J.-J. Leroux,..."
            },
            {
                  "doc_url": "https://gallica.bnf.fr/ark:/12148/bpt6k5526489r",
                  "emotions": [
                        "disgust",
                        "fear"
                  ],
                  "excerpt": "Quelquefois , quand la maladie est très - violenle , les poumons se carnifient dès les premiers jours , ou se convertissent en une chair compacte , qui ressemble à celle du foie : alors le malade peut à peine respirer , il meurt suffoqué .D ' autres fois , la gangrène survient , et la mort succède prompte - , menl à l ' expectoration ou crachement de matières grisâtres , noirâtres , oui exhalent une odeur fétide , insupportable .11 y ailés individus chez , lesquels le poumon passe à l ' état de suppuration après la première quinzaine , et alors l ' abcès peut séjourner quelque tems dans la substance de ce viscère , et V - ' itoqucr le malade par son volume , à moins qu ' il ( 9 ) ne se fasse jour dans Jes bronches et ne sorte par la - bouche avec les crachats ; il peut encore user la plèvre qui enveloppe le poumon et s ' amasser dans la cavité de la poitrine , ce qui produitrcmpyème .",
                  "id": "15",
                  "title": "Manuel des dames de charité, ou Formules de remèdes faciles à préparer, en faveur des personnes charitables ... avec... un Abrégé de la saignée. Nouvelle édition revue et augmentée par J. Capuron,..."
            },
            {
                  "doc_url": "https://gallica.bnf.fr/ark:/12148/bpt6k5455287h",
                  "emotions": [
                        "grief",
                        "disgust",
                        "fear",
                        "nostalgia",
                        "excitement"
                  ],
                  "excerpt": ", Une d ' elles tend vers moi le premier collier de fleurs jaunes , le malê , qui me sera également offert en toutes circonstances ; on me le passe au cou et l ' ajdjoint prononce son allocution .Tandis qu ' il parle , mes idées galopent : la chaleur est terrible , sous ce dais , avec cette odeur de fleurs ; mes regards sautent d ' un visage noir à , un outre , où je lis bien de la NOTRE INDE FRANÇAISE .63 sympathie , mais une sympathie si nouvelle .",
                  "id": "16",
                  "title": "Mes amis les Hindous : notes de voyage aux Indes : Ceylan, Pondichéry, Calcutta, Bénarès, Agra, Delhi, Jeypoure, Madras, Mahé, Tandjore, Trichnopoli / Paul Bluysen,..."
            },
            {
                  "doc_url": "https://gallica.bnf.fr/ark:/12148/bpt6k97616276",
                  "emotions": [
                        "fear",
                        "boredom",
                        "indifference"
                  ],
                  "excerpt": ".sang , d ' un relent fade comme un faguenas et obsédant à écœurer ou à affoler .On dirait les , émanations des bois jonchés de feuilles , aux soirs d ' automne , par ce temps lourd précurseur .",
                  "id": "17",
                  "title": "Contes de mon village (moeurs wallonnes) / Louis Delattre ; introduction de Georges Eekhoud"
            },
            {
                  "doc_url": "https://gallica.bnf.fr/ark:/12148/bpt6k5489315f",
                  "emotions": [
                        "surprise",
                        "fear",
                        "doubt",
                        "nervousness"
                  ],
                  "excerpt": "Vers le milieu de la nuit les prisonniers commencèrent à y venir et à mettre leurs captifs en liberté .Entendant le bruit , je pensai d ' abord que c ' était le tonnerre , et : j ' eus peur ; mais quand je sentis l ' odeur , je vis bien que ce n ' étaient pas de vrais tonnerres .Cela sentait si mauvais , que je me bouchais le nez dans mon lit .",
                  "id": "18",
                  "title": "Histoire de don Pablo de Ségovie (Nouvelle édition, entièrement revue et complétée) / par don Francisco de Quevedo-Villegas ; traduite de l'espagnol (1596) et annotée par A. Germond de Lavigne,..."
            },
            {
                  "doc_url": "https://gallica.bnf.fr/ark:/12148/bpt6k5477954q",
                  "emotions": [
                        "fear",
                        "doubt",
                        "nervousness"
                  ],
                  "excerpt": "■ ACTE lu : ' ' \" ' ■ ; , ' ; ' SALOMITH ., Quede craintes , mes soeurs , que de troubles mortels ! Dieu tout - puissant , sont - ce là les prémices , Les parfums et les sacrifices Qu ' on devait en ce jour offrir sur tes autels .UNE DES FILLES DU CHOEUR .",
                  "id": "19",
                  "title": "L'abeille chrétienne ou Poésies religieuses extraites des meilleurs auteurs ; à l'usage de la jeunesse de l'un et de l'autre sexe"
            },
            {
                  "doc_url": "https://gallica.bnf.fr/ark:/12148/bpt6k55032t",
                  "emotions": [
                        "admiration",
                        "fear",
                        "courage",
                        "pride",
                        "caring",
                        "faith"
                  ],
                  "excerpt": "Le maître , en souriant , nomme les fleurs de Dieu , Les bêtes de la nter , des champs ou de l ' air bleu .La reine de Sabt , qui le craint et l ~ dmire , Vint à lui du pays embaumé par l ' encens Et présenta l ' or pur , le cinname et la myrrhe Au roi sage entre les puissants .IAKIN Mais , devant le Seigneur , que le pouvoir est frêle t Le roi possède - t - il les trésors de la grôle Ou peut - il ébranler les portes de la Mort ? Mérodak , Astarté , Baal , sont des fantômes .",
                  "id": "20",
                  "title": "Poèmes historiques et légendaires ; Poèmes philosophiques et poésies diverses (1877-1891) / Maurice Bouchor"
            }
      ]
}