{
      "articles": [
            {
                  "doc_url": "https://gallica.bnf.fr/ark:/12148/bpt6k9682771k",
                  "emotions": [
                        "fear"
                  ],
                  "excerpt": "- Un amour immense , un besoin de volupté flottait dans cette nef close , où bouillait la sève ardente des tropiques .La jeune femme était prise dans ces noces puissantes de la terre , qui engendraient autour d ' elle ces verdures noires , ces tiges colos ; - sales ; et les couches âcres de cette mer de feu , cet épanouis * sement de forêt , ce tas de végétations , toutes brûlantes des entrailles qui les nourrissaient , lui jetaient des effluves troublants , chargés d ' ivresse .A ses pieds , le bassin , la masse d ' eau chaude , épaissie par les - sucs des racines flottantes , fumait , mettait à ses épaules un manteau de vapeurs lourdes , une buée qui lui chauffait la peau , comme l ' attouchement d ' uiie main moite de volupté .",
                  "id": "1",
                  "title": "La curée / par Émile Zola ; compositions de Georges Jeanniot"
            },
            {
                  "doc_url": "https://gallica.bnf.fr/ark:/12148/bpt6k6133563f",
                  "emotions": [
                        "disgust",
                        "fear",
                        "doubt",
                        "nervousness"
                  ],
                  "excerpt": "Tout en traçant l ' action physiologique du Santal , nous avons dû montrer un coin des inconvénients que l ' on rencontre chaque jour dans l ' emploi du Copahu ; nous n ' en reproduirons pas le tableau complet .Qui ne le connaît , du reste ? Répugnance extrême à prendre le médicament , renvois nauséabonds , haleine « plus redoutée par celui qui l ' exhale que par celui qui la flaire » , a dit avec esprit M .le professeur Gûbler , maux d ' estomac , inappétence , diarrhée , constipation opiniâtre ; voilà quels sont les ennuis qui attendent le malade soumis à un traitement par le Copahu .",
                  "id": "2",
                  "title": "Étude sur les santalacées et sur les propriétés chimiques et thérapeutiques de l'essence de santal citrin / par Georges Durand,..."
            },
            {
                  "doc_url": "https://gallica.bnf.fr/ark:/12148/bpt6k310056t",
                  "emotions": [
                        "disgust",
                        "fear"
                  ],
                  "excerpt": "J ’ ai vu des horizons couverts de feu ; entendu les plus - formidables roulements de tonnerre que Vulcain fit jamais sortir de ses forges , pour rivaliser avec Jupiter , et je crois , certes , le vaincre sur toute la ligne .J ’ ai respiré des gaz asphyxiants , Iacrymoyants , « vomifiants » , empoisonnants , tonitruants et puants .J ’ ai cru en « claquer » , mais ce ne fut qu ' une impression et une douleur vive des yeux et des poumons , malgré les masques .",
                  "id": "3",
                  "title": "Impressions de guerre d'Albert Poumailloux,..."
            },
            {
                  "doc_url": "https://gallica.bnf.fr/ark:/12148/bpt6k4245997b",
                  "emotions": [
                        "disgust",
                        "fear"
                  ],
                  "excerpt": "VALLEE EMPOISONNÉE .En nous approchant de cette vallée nommée Grevo - Oupas , nous éprouvâmes de fortes nausées , une sorte d ’ étourdissement , et nous sentîmes une odeur suffocante .Mais à mesure que nous atteignions ses limites , ces symptômes se dissipèrent , et nous pûmes examiner à notre aise le spectacle qui se déroula devant nos yeux .",
                  "id": "4",
                  "title": "Lectures choisies sur l'histoire naturelle et sur les phénomènes les plus remarquables de la nature, ou Recueil de fragmens tirés des naturalistes modernes et disposés dans un ordre méthodique / par un professeur de l'Université [C. Saucerotte]"
            },
            {
                  "doc_url": "https://gallica.bnf.fr/ark:/12148/bpt6k5445660z",
                  "emotions": [
                        "disgust",
                        "anger",
                        "fear",
                        "courage",
                        "guilt"
                  ],
                  "excerpt": "La voix de Dieu soudain se fit entendre : « Pourquoi , mon fils , m ' outrages - tu toujours ? » Pourquoi , mon fils , tardes - tu de te rendre ? » M ' oublirais - tu jusqu ' à tes derniers jours ! » Oh ! quelle est sa tendresse ! Je le sens aujourd ' hui : Il me crie , il me presse De revenir à lui .Je le fuyais ; puis à la créature J ' allais offrir un encens criminel ; Et j ' abusais des dons de la nature Pour outrager le Roi puissant du ciel .Dieu , qui voyait mes crimes , Suspendait son courroux , Et sur d ' autres victimes Tombaient ses rudes coups .",
                  "id": "5",
                  "title": "Chants d'une âme pieuse / par l'abbé A. Cuinet,..."
            },
            {
                  "doc_url": "https://gallica.bnf.fr/ark:/12148/bpt6k97701031",
                  "emotions": [
                        "fear",
                        "doubt"
                  ],
                  "excerpt": "Un arbre est à lui seul un palais végétal tout entier , qui déroule au loin ses ondoyantes colonnades , ses mobiles portiques , ses murailles de feuilles , ses volutes de fruits , ses frises où les oiseaux forment des arabesques qui chantent , et ses dômes ombreux , découpés comme les lambris de dentelle du Grénéraliff et de l ' Alhambra .Tantôt ses forêts sont sévères et sombres comme ces antres druidiques , où séjournaient la terreur et la mort ; tantôt riantes et parfumées comme nos jardins et nos serres , où n ' habite que la volupté .C ' est à qui embaumera le mieux les airs , de l ' amyris qui fournit le benjoin , ou du curcuma qui donne le safran ; du kadsumaliga , que nous nommons ici le jasmin grandiflorum , ou du pandarus odoratissima : à qui réjouira le mieux nos regards , de l ' ixore à fleurs rouges , dont les langues de flammé dardillent dans la verdure , ou du mussœnda à feuilles blanches semées de grappes de sang .",
                  "id": "6",
                  "title": "Oeuvres d'un désoeuvré. T. 1, Prose / par M. Jules Le Fèvre-Deumier,..."
            },
            {
                  "doc_url": "https://gallica.bnf.fr/ark:/12148/bpt6k5859302z",
                  "emotions": [
                        "disgust",
                        "fear",
                        "pain"
                  ],
                  "excerpt": "ANTHRAX , inflammation essentiellement gangreneuse du tissu cellulaire sous - cutané et de la peau , qui s ' observe dans la classe indigente de la société sur des personnes épuisées par suite d ' une nourriture malsaine ou trop frugale , de l ' habitation dans des lieux bas , humides , mal aérés .Le malade exhale une odeur insupportable , et ne tarde pas à périr .L ' anthrax ou charbon peut se développer dans les diverses parties du corps , et chez tous les individus ; cependant on l ' observe plus fréquemment vers les lèvres ou les joues , spécialement chez les enfants .",
                  "id": "7",
                  "title": "Dictionnaire encyclopédique usuel.... Tome 1 / publié sous la direction de Charles Saint-Laurent"
            },
            {
                  "doc_url": "https://gallica.bnf.fr/ark:/12148/bpt6k9742584n",
                  "emotions": [
                        "disgust",
                        "fear",
                        "annoyance",
                        "disapproval",
                        "nostalgia"
                  ],
                  "excerpt": "Enduisez légere - ment leur ruche avec du limon , & placer de1fus quelques branchages touffus : s ' il fè trouvoit quelques ifs dans leur voisinage , coupez - en les racines , & fendez - en le tronc pour raire de grands arcs tels que ceux donc les derniers Bretons se servoient à la guerre .Ne laissez point approcher du lieu qu ' habitent vos Abeilles ni les écrevisses , ni les cancres couverts d ' écaillés rougeâtres ( efpece - particuliers a £ Italie ) j gardez - vous de mettre les ruches près des eaux d ' un marais qui1 cxhaleroit une odeur infedte : évitez encoreces lieux où l ' écho , qui peut - être inventa la rime , fait retentir sa voix du haut des rochers .Lorsque le soleil , parcourant le { igne du Taureau ( 13 ) , émaille les campagnes de : , Heurs , & repand la lumière de toutes parts j qu ' il cst agréable de voir les Abeilles vokiger Pc i lieti paschi , e per le tenere erbe , Lambendo molto piu viole , e rose , Su le tremanti e rugiadose cime , Che non vede onde il litto , o stelle il ciclo ! Queste parando a pena i Cotti ! piedi , Reggono il corpo su le distes ' ali ; E van cogliendo il fior de la ruggiada , Che la bella Consorte in grembo a Giove Sparge dal Ciel con le lattenti mamme i Già vital cibo de la gente umana Ne l ' aureo tempo de la prisea etade .",
                  "id": "8",
                  "title": "Traité complet, théorique et pratique de l'éducation des abeilles ... précédé du poème italien de Jean Rucellaï, traduit en français... par M. Pingeron"
            },
            {
                  "doc_url": "https://gallica.bnf.fr/ark:/12148/bpt6k5467837k",
                  "emotions": [
                        "fear",
                        "courage"
                  ],
                  "excerpt": "- Baillarger a connu une dame qui était continuellement obsédée par une odeur infecte qu ' elle croyait s ' exhaler de son corps .Un jour Esquirol l ' engageait à se promener dans un jardin potager , elle refusa , craignant , disait - elle , de faire mourir les plantes par l ' odeur empestée qui sortait de toute sa personne .C ' est à des hallucinations et à un délire de ce genre qu ' il faut rapporter ce que dit dom Calmet de certains hommes « qui endommageaient tout ce qu ' ils regardaient , même jusqu ' aux mamelles des nourrices qu ' ils faisaient tarir , aux plantes , ' aux Heurs , aux feuilles des arbres , qu ' on voyait se flétrir et tomber , et qui n ' osaient entrer en aucun lieu qu ' ils n ' avertissent auparavant qu ' on en fit sortir les - enfants , les nourrices , les animaux nouveau - nés et généralement toutes les choses qu ' ils pouvaient infecter par leur baleiné ou par leurs regards ( 1 ) .",
                  "id": "9",
                  "title": "Des hallucinations, ou Histoire raisonnée des apparitions, des visions, des songes, de l'extase, du magnétisme et du somnambulisme (3e édition entièrement refondue) / par A. Brierre de Boismont,..."
            },
            {
                  "doc_url": "https://gallica.bnf.fr/ark:/12148/bpt6k97701031",
                  "emotions": [
                        "fear"
                  ],
                  "excerpt": "Pourquoi ne me ferais - je pas une renommée aussi durable , en révélant la nature exacte de ce terrible et métallique ambassadeur que venait de m ' expédier le ciel , un bloc cent millions de fois plus gros qu ' un paquet d ' allumettes ! Il s ' était , à son arrivée , divisé en cinq ou six fragments , mais si lourds , que je ne pus songer un instant à m ' en emparer .Ils étaient si brûlants d ' ailleurs , que je n ' y touchai qu ' avec précaution .L ' un d ' eux était revêtu d ' une sorte d ' écorce mobile , dont un coin se soulevait au vent .",
                  "id": "10",
                  "title": "Oeuvres d'un désoeuvré. T. 1, Prose / par M. Jules Le Fèvre-Deumier,..."
            },
            {
                  "doc_url": "https://gallica.bnf.fr/ark:/12148/bpt6k6518890b",
                  "emotions": [
                        "grief",
                        "fear",
                        "nervousness"
                  ],
                  "excerpt": "L ' obus l ' emportera dans la béatitude .Adieu , Malte ! Hier , sous une tonnelle odorante , les lueurs du crépuscule coloraient un visage tragique , et l ' approche du départ mettait un tremblement dans les mots .Ce matin , vers l ' aube , dans une église silencieuse , deux mains jointes et un front prosterné ont prié pour le voyageur .",
                  "id": "11",
                  "title": "Les vagabonds de la gloire. , Campagne d'un croiseur (août 1914-mai 1915) / René Milan"
            },
            {
                  "doc_url": "https://gallica.bnf.fr/ark:/12148/bpt6k9693623r",
                  "emotions": [
                        "fear",
                        "nostalgia",
                        "gratitude"
                  ],
                  "excerpt": ".de Marseille la figue , Ou bien de chez Chevet un rôti de faisan , Valent la peine aussi qu ' avec eux je me ligue Contre l ' affreux parfum de votre parmesan .Je trouve le temps froid pour cueillir la noisette , Je préfère casser la croùte du pâté Que je partage avec ma fidèle grisette , Souhaitant , sa muselière à tout âne bâté .",
                  "id": "12",
                  "title": "Bouts-rimés / publiés par Alexandre Dumas"
            },
            {
                  "doc_url": "https://gallica.bnf.fr/ark:/12148/bpt6k1484119",
                  "emotions": [
                        "disgust",
                        "fear",
                        "pain"
                  ],
                  "excerpt": "Cette gueule en s ’ ouvrant laissait voir des rangées de formidables dents .Le hideux animal rôdait autour de Rose en poussant des hurlements , en dressant une queue aux poils hérissés , et il répandait autour de lui une odeur de soufre insupportable .Voyant qu ’ il n ’ avait pas raison de Rose par la terreur et qu ’ elle méprisait sa présence , il se jeta sur elle , la traîna , la roula par terre en la meurtrissant .",
                  "id": "13",
                  "title": "Sainte Rose, tertiaire dominicaine, patronne du Nouveau-monde / A.-L. Masson"
            },
            {
                  "doc_url": "https://gallica.bnf.fr/ark:/12148/bpt6k114916x",
                  "emotions": [
                        "sadness",
                        "fear",
                        "nostalgia",
                        "frustration"
                  ],
                  "excerpt": "Puis , quand venait le midi , 1 Angélus tintait à tous les clochers d ' alentour , Fossemagne , Thenon , Bars , Ilouffignac , Saint - Geyrac , Milhacd ' Auberoche , et la musique de toutes ces cloches aux sonorités variées , s ' épandait sur la forêt silencieuse .Je restais là , enjuché sur mon arbre , des heures , rêvant à ces choses vagues qui passent dans les têtes d ' enfants , aspirant les senteurs agrestes qui montaient de la forêt , vaste herbier de plantes sauvages chauffé par le soleil , écoutant le coucou chanter au fond des hois , et , plus au loin , un autre lui répondre , comme un écho affaibli .D ' autres fois , c ' était un geai miauleur , qui s ' était appris à imiter les chats , autour des maisons , la saison des cerises , et qui s ' envolait bientôt en m ' apercevant .",
                  "id": "14",
                  "title": "Jacquou le Croquant / Eugène Le Roy"
            },
            {
                  "doc_url": "https://gallica.bnf.fr/ark:/12148/bpt6k65774657",
                  "emotions": [
                        "grief",
                        "disgust",
                        "fear",
                        "pain"
                  ],
                  "excerpt": "Approchez et flairez : cette odeur est celle d ' une matière en putréfaction , cette i Voyez dans la Montagne de Michelet l ' admirable chapitre intitulé Java .horrible fleur sent le cadavre ; et les Mouches , amoureuses de ces repoussantes émanations , accourent en foule , et bourdonnent comme autour d ' une bête morte ! On ne sait comment classer cette suspecte créature .Elle ne possède ni tige , ni rameau , ni feuille ; toute la plante se résume dans une sorte d ' inflorescence problématique , qui parfois atteint des proportions véritablement monstrueuses .",
                  "id": "15",
                  "title": "L'esprit des plantes : silhouettes végétales / par Éd. Grimard"
            },
            {
                  "doc_url": "https://gallica.bnf.fr/ark:/12148/bpt6k102819z",
                  "emotions": [
                        "disgust",
                        "fear",
                        "pain",
                        "embarrassment"
                  ],
                  "excerpt": "Puis , tou - jours sous les pâles yeux de Guérande agonisant au haut de sa colline , la côte repart vers le NordOuest , sablonneuse d ' abord , toute couverte de petites fleurettes , sortes de baies au rouge vif .Une odeur nauséabonde vous prend à la gorge .C ' est la Turballe , et la Turballe appartient aux fabriques de sardines en conserve .",
                  "id": "16",
                  "title": "Bretagne, heures vécues / Charles Fuster"
            },
            {
                  "doc_url": "https://gallica.bnf.fr/ark:/12148/bpt6k6216783h",
                  "emotions": [
                        "fear"
                  ],
                  "excerpt": "Il se tient dans l ' attente , et saisissant la première occasion favorable , il s ' élance à l ' improviste sur une proie , l ' enlève rapidement et disparaît dans Iles djungles .! Nous avancions toujours , les yeux attachés sur nos chiens , dont l ' odorat plus subtil nous révélait la présence des ennemis cachés .Trois quarts d ' heure se passèrent sans que les chiens nous révélassent l ' indice de la présence d ' aucun carnassier .",
                  "id": "17",
                  "title": "Chasses aux tigres dans l'Inde / par W. Darville"
            },
            {
                  "doc_url": "https://gallica.bnf.fr/ark:/12148/bpt6k5859302z",
                  "emotions": [
                        "disgust",
                        "fear"
                  ],
                  "excerpt": "Ses fruits sont hérissés de pointes aiguës , et ses fleurs blanches ou d ' un violet clair .Ses graines renferment un poison narcotique très - dangereux .' antidémoniaques .",
                  "id": "18",
                  "title": "Dictionnaire encyclopédique usuel.... Tome 1 / publié sous la direction de Charles Saint-Laurent"
            },
            {
                  "doc_url": "https://gallica.bnf.fr/ark:/12148/bpt6k5467837k",
                  "emotions": [
                        "fear",
                        "excitement"
                  ],
                  "excerpt": "Les mêmes faits ont été constatés à Bicêtre et à Charenton , Plusieurs de ces malades , avant la suspension de toute senr sibjlité , ont les hallucinations les plus variées ; ils Groient ' voir des corps lumineux qui leur font craindre : d ' être embrasés .Ils s ' imaginent distinguer des corps noirs qui s ' étendent , deviennent immenses et les menacent d ' être enveloppés dans des ténèbres ; ils entendent des bruits semblables aux éclats de la foudre , au ! roulement des tambours , au cliquetis dés armes , au tumulte des combats ; ils sentent les odeurs les plus fétides ; il leur semble qu ' on les frappe , qu ' on les roue de coups .Toutes ces hallucinations leur inspirent la plus grande terreur .",
                  "id": "19",
                  "title": "Des hallucinations, ou Histoire raisonnée des apparitions, des visions, des songes, de l'extase, du magnétisme et du somnambulisme (3e édition entièrement refondue) / par A. Brierre de Boismont,..."
            },
            {
                  "doc_url": "https://gallica.bnf.fr/ark:/12148/bpt6k932133k",
                  "emotions": [
                        "disgust",
                        "fear",
                        "nervousness"
                  ],
                  "excerpt": "— Voici l ’ état de M m * Loigerot , le 15 mai , lors de ma première visite .Une odeur infecte , une odeur de gangrène remplit son a Ppartement .Elle est couchée sur le côté gauche , seule potion que lui permette son affection .",
                  "id": "20",
                  "title": "Notice sur les propriétés médicinales de la feuille de chou et sur son mode d'emploi (4e édition...) / par A. Blanc,..."
            }
      ]
}