{
      "articles": [
            {
                  "doc_url": "https://gallica.bnf.fr/ark:/12148/bpt6k9739040n",
                  "emotions": [
                        "fear"
                  ],
                  "excerpt": "181 .Les selles atrabilaires , c ' est à - dire , liquides , brunes , livides , noires , annoncent une mort prochaine , ainsi que celles dont l ' odeur est cadavéreuse .183 .",
                  "id": "1",
                  "title": "Du pronostic dans les maladies aiguës , par M. Le Roy,..."
            },
            {
                  "doc_url": "https://gallica.bnf.fr/ark:/12148/bpt6k5619637m",
                  "emotions": [
                        "disgust",
                        "fear"
                  ],
                  "excerpt": "Tout le palais , les piliers du voile du palais et les amygdales sont gonflés et d ' une couleur blafarde .Haleine d ' une odeur repoussante , — de préférence : Merc .cyan .",
                  "id": "2",
                  "title": "Traitement homoeopathique des maladies des organes de la respiration, par le Dr A. Chargé,..."
            },
            {
                  "doc_url": "https://gallica.bnf.fr/ark:/12148/bpt6k57844119",
                  "emotions": [
                        "fear"
                  ],
                  "excerpt": ") Toiles peintes ( Ateliers de ) .; — Mauvaise odeur et danger du feu .( 5e classe , O .",
                  "id": "3",
                  "title": "Procédure administrative des bureaux de police : à l'usage des préfectures, sous-préfectures, mairies et commissariats de police / par M. Brayer,..."
            },
            {
                  "doc_url": "https://gallica.bnf.fr/ark:/12148/bpt6k486511n",
                  "emotions": [
                        "fear",
                        "disapproval",
                        "indifference"
                  ],
                  "excerpt": "' P .Ansérinc fétide .ApROCHE POURPIER .",
                  "id": "4",
                  "title": "Bulletin de la Société archéologique, scientifique et littéraire de Béziers..."
            },
            {
                  "doc_url": "https://gallica.bnf.fr/ark:/12148/bpt6k57844119",
                  "emotions": [
                        "fear"
                  ],
                  "excerpt": "Voir Goudrons .— Odeur insalubre et danger du feu .( lre cl .",
                  "id": "5",
                  "title": "Procédure administrative des bureaux de police : à l'usage des préfectures, sous-préfectures, mairies et commissariats de police / par M. Brayer,..."
            },
            {
                  "doc_url": "https://gallica.bnf.fr/ark:/12148/bpt6k6100193f",
                  "emotions": [
                        "fear",
                        "pain"
                  ],
                  "excerpt": "Urines briques , agitation la nuit .Toux , coryzas fréquents , a des quintes la nuit , s ' étouffe , est obligée de se lever elle a alors des crachats filants et la crise se termine par des crachats épais , croûtes épaisses dans le nez , la respir est fétide .Signes stest .",
                  "id": "6",
                  "title": "Maladies de la gorge, du nez et des oreilles, soignées à Euzet et aux Fumades pendant la saison 1891, par le Dr Guichard"
            },
            {
                  "doc_url": "https://gallica.bnf.fr/ark:/12148/bpt6k54346589",
                  "emotions": [
                        "fear"
                  ],
                  "excerpt": "Mais fermons autant que possible les portes de la sensibilité spéciale .Isolons - nous loin du bruit , loin de tout contact ; fuyons même les bienfaisantes effluves de la lumière .Serons - nous alors à l ' abri des atteintes de la douleur et des tressaillements du plaisir ? Non ; car nous continuerons à vivre par le fonctionnement des organes intellectuels .",
                  "id": "7",
                  "title": "Physiologie des passions (2e édition revue et augmentée) / par Ch. Letourneau"
            },
            {
                  "doc_url": "https://gallica.bnf.fr/ark:/12148/bpt6k9484321",
                  "emotions": [
                        "fear",
                        "pain"
                  ],
                  "excerpt": "Sur le champ de bataille de l ’ apostolat , elles se dévouent cependant héroïquement .Elles , si délicates , si frêles , subissent le martyre à petit feu , vivant dans une atmosphère de quarante - cinq degrés , respirant des odeurs innommables , pansant des corps en putréfaction , jouant tous les jours avec la fièvre , la vérole , le choléra , la peste ..",
                  "id": "8",
                  "title": "Les chevaliers de la Brousse : pour Dieu et pour les âmes ! / [lettres de Mgr Castellan, de Mgr Du Bois de La Villerabel et de Mgr Besson]"
            },
            {
                  "doc_url": "https://gallica.bnf.fr/ark:/12148/bpt6k57844119",
                  "emotions": [
                        "disgust",
                        "fear"
                  ],
                  "excerpt": ") Suif brun ( Fabrication du ) .— Odeur très - désagréable et danger du feu .( lrc classe , D .",
                  "id": "9",
                  "title": "Procédure administrative des bureaux de police : à l'usage des préfectures, sous-préfectures, mairies et commissariats de police / par M. Brayer,..."
            },
            {
                  "doc_url": "https://gallica.bnf.fr/ark:/12148/bpt6k57844119",
                  "emotions": [
                        "fear"
                  ],
                  "excerpt": "de ) .— Très - grand danger du feu et odeur désagréable .( lre classe , D .",
                  "id": "10",
                  "title": "Procédure administrative des bureaux de police : à l'usage des préfectures, sous-préfectures, mairies et commissariats de police / par M. Brayer,..."
            },
            {
                  "doc_url": "https://gallica.bnf.fr/ark:/12148/bpt6k57844119",
                  "emotions": [
                        "fear"
                  ],
                  "excerpt": ") Huile de poisson ( Fabriques d ' ) .: — Odeur désagréable et danger du feu .( 1 * ° classe , 0 .",
                  "id": "11",
                  "title": "Procédure administrative des bureaux de police : à l'usage des préfectures, sous-préfectures, mairies et commissariats de police / par M. Brayer,..."
            },
            {
                  "doc_url": "https://gallica.bnf.fr/ark:/12148/bpt6k65517616",
                  "emotions": [
                        "fear"
                  ],
                  "excerpt": "J ' ai la douce confiance que mes observations ne seront point perdues pour l ' humanité , et que l ' autorité s ' empressera de remédier à ces inconvéniens , par la construction d ' un aqueduc qu ' on prolongera de 5o pieds au - delà de l ' hôpital .Je me hâte d ' échapper à cette odeur méphitique en entrant à l ' hôpital ; je pénètre , par un vestibule mal pavé , dans une cour plus mal pavée encore ; en face est un mur d ' église au bas duquel sont des espèces de baraques ; sur l ' une d ' elles , je lis ce mot fatal : MORGUE ; comme si j ' entrais dans le temple de la mort .L ' habitude seule a pu faire passer sur une inconvenance aussi grave .",
                  "id": "12",
                  "title": "Bulletin de la Société royale d'agriculture, des sciences et des arts de Limoges"
            },
            {
                  "doc_url": "https://gallica.bnf.fr/ark:/12148/bpt6k6128185x",
                  "emotions": [
                        "grief",
                        "sadness",
                        "fear",
                        "nostalgia",
                        "despair",
                        "disappointment"
                  ],
                  "excerpt": "Comme ma fleur choisie , Que votre poésie Ensemence nos coeurs .Et moi , dont les années , Dès leur printemps fanées S ' effeuillent sans parfums , Comme l ' enfant qui pleure Je fuis dans ma demeure Les regards importuns .Pour ma lèvre pâlie Tout nectar devient lie Dans mon calice amer , Et ma pensée inerte Ressemble à l ' algue verte Qui meurt loin de la mer .",
                  "id": "13",
                  "title": "Le Murmure des nuits, par Mme Élisa Guyon"
            },
            {
                  "doc_url": "https://gallica.bnf.fr/ark:/12148/bpt6k9621909z",
                  "emotions": [
                        "fear"
                  ],
                  "excerpt": "— A 37 ° , trouble très hâtif ( en moins de vingt - six heures ) avec teinte ver - dâtre généralisée ; puis , vers le troisième jour , apparition , à la surface , d ' un voile mycodermique blanc , sec ; finement chagriné , très fragile , qui , en vieillissant , devient plus épais , brun , écailleux , se fragmente avec la plus grande facilité et se précipite au fond du récipient sous forme d ' un sédiment blanc sale , tandis que l ' ensemble du liquide apparaît plus foncé et d ' un vert sombre .Odeur assez franchement fécaloïde .On peut mettre très nettement en évidence la pyocya - nine , en ajoutant au bouillon quelques gouttes d ' ammoniaque , puis de chloroforme ; ce dernier , s ' emparant de la matière colorante , prend une belle teinte bleue .",
                  "id": "14",
                  "title": "Précis de microbie et de technique bactérioscopique (2e éd.) / par les Drs Roux,... A. Rochaix,..."
            },
            {
                  "doc_url": "https://gallica.bnf.fr/ark:/12148/bpt6k5619637m",
                  "emotions": [
                        "fear",
                        "pain"
                  ],
                  "excerpt": "Douleurs de toute nature dans la poitrine .La respiration lui manque facilement , La plus légère odeur amène des menaces de suffocation , Grand amas de mucosités dans les bronches .Crachats floconneux , sanguinolents , striés de sang , jaunes , purulents , d ' un goût salé .",
                  "id": "15",
                  "title": "Traitement homoeopathique des maladies des organes de la respiration, par le Dr A. Chargé,..."
            },
            {
                  "doc_url": "https://gallica.bnf.fr/ark:/12148/bpt6k5476768r",
                  "emotions": [
                        "surprise",
                        "disgust",
                        "fear"
                  ],
                  "excerpt": "les reins creusés et d ' une jolie chute .Mais — stupeur — leur corps est glabre et poli partout comme celui d ' une statuette de bronze ; aucune des touffeurs { oh ! oh ! ) chères à Catulle Mendès ne jaillit et ne ponctue d ' un frisson ombré les méplats et les creux : c ' est N ' en a pas du roman de Zola , et nous avons tous le même effroi horripilé de cette chair sans poil , odorante ..",
                  "id": "16",
                  "title": "Danseuses / Willy ; 26 ill. hors texte de Ch. Atamian"
            },
            {
                  "doc_url": "https://gallica.bnf.fr/ark:/12148/bpt6k6525185z",
                  "emotions": [
                        "fear"
                  ],
                  "excerpt": "La disposition , l ' exposition , la tenue de cette réunion de ruches ne sont pas sans importance .Autant que possible , le rucher sera éloigné des endroits bruyants , des routes fréquentées , des usines , des marécages et de tous les lieux qui produisent des exhalaisons nuisibles ; on ne l ' éloignera pas moins des raffineries , dont les chaudières attirent les abeilles , qui y trouvent la mort ; le voisinage de la basse - cour est à craindre , car les volailles , très - friandes d ' abeilles , les happent au passage lorsque ces insectes viennent boire ou se reposer sur le fumier .On doit rechercher le voisinage des jardins , des bois , des prairies , de tous les lieux , enfin , où se trouvent des plantes , grandes ou petites .",
                  "id": "17",
                  "title": "L'Art du vétérinaire mis en pratique / par F. de La Brugère,..."
            },
            {
                  "doc_url": "https://gallica.bnf.fr/ark:/12148/bpt6k57844119",
                  "emotions": [
                        "disgust",
                        "fear"
                  ],
                  "excerpt": ") Ardoises artificielles et mastics ( Fabriques d ' ) .— Odeur désagréable , danger du feu .( 3 ° classe , 0 .",
                  "id": "18",
                  "title": "Procédure administrative des bureaux de police : à l'usage des préfectures, sous-préfectures, mairies et commissariats de police / par M. Brayer,..."
            },
            {
                  "doc_url": "https://gallica.bnf.fr/ark:/12148/bpt6k57844119",
                  "emotions": [
                        "fear"
                  ],
                  "excerpt": ") Soufre ( \" Fusion du ) pour le couler en cations , et épuration de cette même matière par fusion ou décantation .— Grand danger du feu et odeur desagréable .( 2 ° classe , O .",
                  "id": "19",
                  "title": "Procédure administrative des bureaux de police : à l'usage des préfectures, sous-préfectures, mairies et commissariats de police / par M. Brayer,..."
            },
            {
                  "doc_url": "https://gallica.bnf.fr/ark:/12148/bpt6k9608184s",
                  "emotions": [
                        "fear",
                        "pain"
                  ],
                  "excerpt": "Sei ^ ieme fait .Le 30 Septembre , à peine je fus couché & endormi , qu ' une puanteur horrible m ' éveilla .Une vuidange , faite dans une maison voisine , en étoit la cause .",
                  "id": "20",
                  "title": "Nouvelles expériences, qui confirment celles qui ont été annoncées dans l'Antiméphitique . Par M. Janin de Combe-Blanche"
            }
      ]
}