{
      "articles": [
            {
                  "doc_url": "https://gallica.bnf.fr/ark:/12148/bpt6k64523236",
                  "emotions": [
                        "fear"
                  ],
                  "excerpt": "Il me précède dans l ' escalier .Une odeur de tabac , des cris .– Quand je vous dis que je ne fais jamais de partie à quatre ! Alors , je serai le galérien d ' un monsieur dont je deviendrais le solidaire ? Non , non ! .",
                  "id": "1",
                  "title": "L'insurgé : 1871 / par Jules Vallès"
            },
            {
                  "doc_url": "https://gallica.bnf.fr/ark:/12148/bpt6k31201q",
                  "emotions": [
                        "fear",
                        "doubt",
                        "nervousness"
                  ],
                  "excerpt": "anS .BAniênje nerf ; ou que les nerfs olfactifs , s ' ils sont Je système nerveux de Fpdora , tion » réclament pour , reinplir leur pffipe , rint , égrité de la cinquième paire ; de n , erfs : II croit .cet , te dernière conséquence d ' autant plus fond4e que cette cipquiçme ' paire , % d , e nerfs , ex , erce ; 1 ^ ffiéni .",
                  "id": "2",
                  "title": "Dictionnaire de médecine. Tome 15, N-ORP / par MM. Adelon, Béclard, (etc.)"
            },
            {
                  "doc_url": "https://gallica.bnf.fr/ark:/12148/bpt6k3136329",
                  "emotions": [
                        "fear",
                        "pain"
                  ],
                  "excerpt": "» Dans tout ce morceau de belle poésie chez le Tasse , on voit encore ressortir les traditions du moyen - âge sur le Diable .Le Pluton de la Jérusalem délivrée est armé de cornes immenses ; il exhale les flammes et la puanteur de l ’ enfer en ouvrant sa gueule énorme , immense et profonde comme un gouffre ( voragine profonda ) .VIII POÈTES ESPAGNOLS Vers le I7 rae siècle , les poètes espagnols ont eu connaissance du Tasse et cherchent à rivaliser avec lui .",
                  "id": "3",
                  "title": "Le Diable et ses Métamorphoses. Étude historique, par le bibliophile C. P."
            },
            {
                  "doc_url": "https://gallica.bnf.fr/ark:/12148/bpt6k103317x",
                  "emotions": [
                        "fear",
                        "pain"
                  ],
                  "excerpt": "lUi proximus , et adflatus tetro halitn , Putere fauces ait ursus sincerior : Odiosae veritatis brevi poenas luit .Timens et adulans contra jactat simias Alors le prudent Renard pria le Lion de le dispenser de dire son avis , parcequ ' un très grand rhume lui bouchoit l ' odorat : il se tira d ' affaire par cette adresse .Avec les grands la vérité et le mensonge sont Egalement dangereux la dissimulation est souvent plus avantageuse .",
                  "id": "4",
                  "title": "Fables de Phèdre, affranchi d'Auguste. T. 2 / ... traduites en français, avec le texte à côté et ornées de gravures"
            },
            {
                  "doc_url": "https://gallica.bnf.fr/ark:/12148/bpt6k6268168r",
                  "emotions": [
                        "fear"
                  ],
                  "excerpt": "La ligne A B donne une idée de l ' acuité de l ' angle facial , 97 .Encéphale de l ' anguille : a moelle épinière ; b cervelet ; c lobes optiques ; d lobes cérébraux ; e lobes olfactifs étranglés .98 .",
                  "id": "5",
                  "title": "Traité de physiologie comparée de l'homme et des animaux. Tome 1 / par Ant. Dugès,..."
            },
            {
                  "doc_url": "https://gallica.bnf.fr/ark:/12148/bpt6k4223767b",
                  "emotions": [
                        "fear",
                        "nervousness"
                  ],
                  "excerpt": "People ( pi ' - p ' l ) , peuple , gens , on .Perfume ( peur ’ - fiounie ) , parfum .Permit ( peur ' - mitt ) , permission .",
                  "id": "6",
                  "title": "Les Langues vivantes illustrées. \"English at home\", ou l'anglais enseigné dans la famille... par J. Addison... 1re série"
            },
            {
                  "doc_url": "https://gallica.bnf.fr/ark:/12148/bpt6k5461435h",
                  "emotions": [
                        "fear",
                        "desire",
                        "courage",
                        "excitement",
                        "greed"
                  ],
                  "excerpt": ", ma tendresse de créole .Viens , et le soir , un nègre adroit , Pour nous détachera la pirogue amarée Au cocotier flexible et droit , VA nous irons , voguant sur la mer azurée , D ' Ile en ile , cherchant l ' ombrage le plus frais Ft le plus parfumé de nos nombreux bosquets ; Viens ! ..",
                  "id": "7",
                  "title": "Les créoles / par Mme Louise de Lafaye (née Arbey)"
            },
            {
                  "doc_url": "https://gallica.bnf.fr/ark:/12148/bpt6k3048457b",
                  "emotions": [
                        "disgust",
                        "fear",
                        "disapproval",
                        "nervousness",
                        "embarrassment"
                  ],
                  "excerpt": "., je considérerai par un guichet de mica du feu en prison qui pue .En fait d ’ horizons , j ’ aurai sans doute un paysage de cheminées » ( 1 ) .",
                  "id": "8",
                  "title": "J.-K. Huysmans : du naturalisme littéraire au naturalisme mystique (2e édition) / Henri Bachelin"
            },
            {
                  "doc_url": "https://gallica.bnf.fr/ark:/12148/bpt6k3048457b",
                  "emotions": [
                        "fear",
                        "nostalgia"
                  ],
                  "excerpt": "A toutes ces infortunes , ajoutons le tabac humide qui s ’ éteint , « mouillant le papier à cigarette de jus jaune » , les londrès qui ont « un goût de chou et ne tirent pas » , l ’ ennui mortel des dimanches dans un Paris où il n ’ y a plus « de feuillages de massifs , plus d ’ arbres , mais d ’ interminables casernes s ’ étendant à perte de vue » ( 5 ) .Que si , pour y échapper , le pauvre et rechigné célibataire se réfugie dans un café , ce sera pour y trouver l ’ absinthe « qui sent les sels de cuivre et laisse au palais le goût d ’ un bonbon de métal lentement sucé par un temps mou » , et les amers « qui semblent des extraits de chicotine rehaussés de suc de coloquinte et chargés de fiel » ( 6 ) .( 1 ) A vau - l ' eau .",
                  "id": "9",
                  "title": "J.-K. Huysmans : du naturalisme littéraire au naturalisme mystique (2e édition) / Henri Bachelin"
            },
            {
                  "doc_url": "https://gallica.bnf.fr/ark:/12148/bpt6k3048457b",
                  "emotions": [
                        "surprise",
                        "fear",
                        "doubt",
                        "nervousness",
                        "curiosity"
                  ],
                  "excerpt": "Sa vie y perdrait en douloureux agréments , et nous , en manifestations d ’ humeur réticente et agressive .Cherche - t - il un logement ? Il tourne , « pendant des heures , le bec de cane des loges » , et c ’ est pour recevoir « en plein visage l ’ âcre bouffée des mirotons , l ’ odeur de cuir qu ’ on rafistole , la senteur de roussi des fers qui repassent le drap » .Il ne trouve « que des appartements très chers et des portiers hautains , des caves insalubres , tapissées d ’ ignoble papier , pavées de carreaux rouges , ornées de cheminées en plâtre peint » ( 2 ) .",
                  "id": "10",
                  "title": "J.-K. Huysmans : du naturalisme littéraire au naturalisme mystique (2e édition) / Henri Bachelin"
            },
            {
                  "doc_url": "https://gallica.bnf.fr/ark:/12148/bpt6k6471785x",
                  "emotions": [
                        "surprise",
                        "disgust",
                        "fear"
                  ],
                  "excerpt": "Attirés par la faim , les farouches soldats Dans ces coupables lieux reviennent sur leurs pas : Leur transport est semblable à la cruelle joie Des ours et des lions qui fondent sur leur proie A l ' envi l ' un de l ' autre ils courent en fureur ; Ils enfoncent la porte .0 surprise ! ô terreur ! Près d ' un corps tout sanglant à leurs yeux se présente Une femme égarce , et de sang dégouttante .« Oui , c ' est mon propre fih j oui , monstres inhumains , « C ' est vous qui dans son sang ayez trempé mes mains ; » Que la mère et le fils vous servent de pâture : » Craignez - vous plus que moi d ' outrager la nature ? » Quelle horreur , à mes yeux , semble vous glacer tous ! } ) Tigres , de tels festins sont préparés pour vous .",
                  "id": "11",
                  "title": "Leçons françaises de littérature et de morale, ou Recueil, en prose, en vers des plus beaux morceaux de notre langue dans la littérature des deux derniers siècles. Tome 2 / ... par M. Noël,... et M. Delaplace,... 9e édition"
            },
            {
                  "doc_url": "https://gallica.bnf.fr/ark:/12148/bpt6k6471785x",
                  "emotions": [
                        "disgust",
                        "fear",
                        "disapproval"
                  ],
                  "excerpt": "N ' oublions pas la charmante cortule ; Nommons aussi l ' aimable renoncule , Et la tulipe , honneur de nos jardins .Si leurs parfums répondoient à leurs charmes , La rose alors prévoyant nos dédains , Pour son empire auroit quelques alarmes .Voyez ici la jalouse Clytie , Durant la nuit se pencher tristement , Puis relever sa tête appesantie , Pour regarder son infidèle amant .",
                  "id": "12",
                  "title": "Leçons françaises de littérature et de morale, ou Recueil, en prose, en vers des plus beaux morceaux de notre langue dans la littérature des deux derniers siècles. Tome 2 / ... par M. Noël,... et M. Delaplace,... 9e édition"
            },
            {
                  "doc_url": "https://gallica.bnf.fr/ark:/12148/bpt6k1417515r",
                  "emotions": [
                        "disgust",
                        "fear",
                        "embarrassment"
                  ],
                  "excerpt": "Nous l ’ émoussons par le tabac à fumer et à priser .Présentez à un animal un cigare exhalant de la fumée ou une prise de tabac , il détournera la tête et s ’ enfuira , parce que son nez lui dit : c ’ est du poison ! Mais le tabac n ’ est pas la seule chose nuisible .Hommes et animaux produisent eux - mêmes un gaz qui , respiré en trop grande quantité , amène avec lui des maux variés , un grand malaise , des vomissements et des syncopes .",
                  "id": "13",
                  "title": "L'Écho Kneipp : revue et bulletin officiel pour la vulgarisation de la célèbre méthode Kneipp : seul organe du Kneipp-Verein de France et de ses sections"
            },
            {
                  "doc_url": "https://gallica.bnf.fr/ark:/12148/bpt6k5849210w",
                  "emotions": [
                        "surprise",
                        "fear",
                        "nervousness"
                  ],
                  "excerpt": "Elles tombent sur les vases , et cependant pas un des voleurs ne donne le moindre signe de vie , et il n ' en peut comprendre la raison .Il descend dans la cour tout alarmé , avec le moins de bruit qu ' il lui est possible ; il approche de même du premier vase , et , quand il veut demander au voleur , qu ' il croit vivant , s ' il dort , il sent une odeur d ' huile chaude et de brûlé qui s ' exhale du vase , par où il connaît que son entreprise contre Ali Baba , pour lui ôter la vie , pour piller sa maison et pour emporter , s ' il pouvait , l ' or que celui - ci avait enlevé à sa bande , avait échoué .Il passe au vase qui suit et à tous les uns après les autres , et il trouve que ses gens ont péri par le même sort ; d ' ailleurs , par la diminution de l ' huile dans le .",
                  "id": "14",
                  "title": "Contes arabes tirés des \"Mille et une nuits\" / traduction de Galland ; revue et accompagnée de notes et éclaircissements... par Raoul Chotard"
            },
            {
                  "doc_url": "https://gallica.bnf.fr/ark:/12148/bpt6k933453g",
                  "emotions": [
                        "fear",
                        "nervousness"
                  ],
                  "excerpt": "paires nerveuses encéphaliques sont indiquées par des chiffres .A lobes olfactifs , B chiasma des nerfs optiques , G moelle allongée , D cervelet .— Fig .",
                  "id": "15",
                  "title": "Éléments d'histoire naturelle. 1re partie : zoologie / par Émile Farez,..."
            },
            {
                  "doc_url": "https://gallica.bnf.fr/ark:/12148/bpt6k6495898p",
                  "emotions": [
                        "fear"
                  ],
                  "excerpt": "Lucienne eut une sueur froide .S ' il fumait , l ' odeur du tabac viendrait réveiller Ursule , la fumée pourrait lui faire croire à l ' incendie , elle viendrait , il fallait donc a tout prix l ' en em - , pêcher .Elle arracha l ' allumette si brusque - mjent des mains de Christophe , qu ' il ne put l ' en empêcher .",
                  "id": "16",
                  "title": "Sans amour ! / Ch. Legrand"
            },
            {
                  "doc_url": "https://gallica.bnf.fr/ark:/12148/bpt6k9232841",
                  "emotions": [
                        "surprise",
                        "disgust",
                        "fear",
                        "optimism",
                        "excitement"
                  ],
                  "excerpt": "La matinée d ' avril était très chaude .Une haleine uariuméd montait de ce petit Eden .0 pauuinee Le sol très déclive s ’ était paré de la soie toute neuve du gazon unifia - nier , ocelle de pâquerettes et de boutons d ’ oi .",
                  "id": "17",
                  "title": "L'amour vaincu / par Jean-Georges Barbarin"
            },
            {
                  "doc_url": "https://gallica.bnf.fr/ark:/12148/bpt6k96369410",
                  "emotions": [
                        "surprise",
                        "fear"
                  ],
                  "excerpt": "LE MUSC .Le musc , cette odeur si forte et si pénétrante , nous vient d ' un animal qui le porte ; cet animal a beaucoup de ressemblance avec le chevreuil , la gazelle et le chevrotin ; on le trouve au Thibet et vers le Tonquin , royaumes voisins de la Chine et de la Tartarie ; il se plaît sur les montagnes escarpées , parmi les bois et les rochers ; jamais il n ' habite les plaines et les campagnes découvertes ; timide , il va plus de nuit que de jour .Sa vue est faible .",
                  "id": "18",
                  "title": "Abrégé d'histoire naturelle à l'usage de la jeunesse"
            },
            {
                  "doc_url": "https://gallica.bnf.fr/ark:/12148/bpt6k6325388d",
                  "emotions": [
                        "disgust",
                        "fear"
                  ],
                  "excerpt": "f .Genre de quadrupèdes carnivores de la famille des martes , à qui l ' effroi fait exhaler une odeur suHhcantc , - Exhalaison pernicieuse des souterrains , des mines , des latrines , etc .MOUFLARD , s .",
                  "id": "19",
                  "title": "Dictionnaire abrégé de l'Académie française, avec tous les mots nouveaux adoptés dans les sciences, les lettres et les arts, par une société d'hommes de lettres ; précédé des élémens de la grammaire française et d'un Dictionnaire des difficultés ; terminé par un traité des tropes, un traité de versification française, un dictionnaire des rimes, une nomenclature des homonymes et des paronymes, un vocabulaire de mythologie, des grands hommes et de géographie. Par V. Verger, ancien professeur d'humanités et de la Bibliothèque nationale. Partie 2"
            },
            {
                  "doc_url": "https://gallica.bnf.fr/ark:/12148/bpt6k856225p",
                  "emotions": [
                        "disgust",
                        "fear",
                        "doubt"
                  ],
                  "excerpt": "Un clair ruiffeau par des conduits fecrets Y tombe en nappe & forme vingt cafcades , Un tapis v .erd eft tendu tout auprès , Le ferpolet , la mélifte naiffante , Le blanc jafmin , la jonquille odorante , Y fembîent dire aux bergers d ’ alentour s Repofev - vous fur ce lit de l ’ amour .Le Poitevin entendit ce langage Chant dix - neuvième .",
                  "id": "20",
                  "title": "Oeuvres de M. de Voltaire. Tome premier [-quarantième]. Vol. 11"
            }
      ]
}