{
      "articles": [
            {
                  "doc_url": "https://gallica.bnf.fr/ark:/12148/bpt6k5445853h",
                  "emotions": [
                        "surprise",
                        "fear",
                        "caring"
                  ],
                  "excerpt": "- Mon Dieu , mon Dieu ! gémissait - elle , les mains pressées contre les tempes .Oh ! mon Dieu ! Hospitalière , la femme l ' engagea à entrer , disant : - Reposez - vous donc , madame ! La maison était basse , obscure , pleine de cette odeur qu ' ont les lieux où vivent beaucoup de gens entassés .Trois ou quatre bambins nus , qui , eux aussi , avaient des ventres si gros qu ' on les aurait pris pour des hydropiques , se traînaient par terre en grognant , en farfouillant , et ils portaient instinctivement à leur bouche tout ce qui leur tombait sous la main .",
                  "id": "1",
                  "title": "Episcopo et Cie [et autres nouvelles] / Gabriele d'Annunzio ; traduit de l'italien par G. Hérelle,..."
            },
            {
                  "doc_url": "https://gallica.bnf.fr/ark:/12148/bpt6k5445853h",
                  "emotions": [
                        "fear",
                        "nervousness",
                        "pain",
                        "embarrassment"
                  ],
                  "excerpt": "Gustave installa la fillette .Déjà ses bras tremblaient : il sentait le parfum qui naguère l ' avait fait tressaillir .Françoise se tenait penchée sur sa fille et la regardait dormir , en attendant que Gustave parlât .",
                  "id": "2",
                  "title": "Episcopo et Cie [et autres nouvelles] / Gabriele d'Annunzio ; traduit de l'italien par G. Hérelle,..."
            },
            {
                  "doc_url": "https://gallica.bnf.fr/ark:/12148/bpt6k5445853h",
                  "emotions": [
                        "disgust",
                        "fear",
                        "nervousness"
                  ],
                  "excerpt": "Des figures lumineuses apparaissaient devant elle , dans l ' ombre .Des odeurs la ravissaient .Alors une sorte de stupeur mêlée d ' inquiétude commença de se répandre dans le monastère , comme si quelque occulte divinité y eût été présente , comme si quelque événement surnaturel y eût été imminent .",
                  "id": "3",
                  "title": "Episcopo et Cie [et autres nouvelles] / Gabriele d'Annunzio ; traduit de l'italien par G. Hérelle,..."
            },
            {
                  "doc_url": "https://gallica.bnf.fr/ark:/12148/bpt6k91108693",
                  "emotions": [
                        "surprise",
                        "fear"
                  ],
                  "excerpt": "La lumière venait bien d ’ une maisonnette , d ’ une petite fenêtre basse .Une o leur étrange nous arrivait une odeur d ’ hôpital .- — C ’ est peut - être un poste de secours , me dit mon compagnon .",
                  "id": "4",
                  "title": "Les Trois couleurs : épisodes, contes et romans de la grande guerre"
            },
            {
                  "doc_url": "https://gallica.bnf.fr/ark:/12148/bpt6k54618725",
                  "emotions": [
                        "fear",
                        "nervousness",
                        "pain"
                  ],
                  "excerpt": "Il ne s ' en aperçoit pas ; il est trop occupé .Il souffle par le nez , il est quelquefois haletant ; dans l ' été , la sueur lui coule du front .Les gens sobres et spirituels l ' observent et rient secrètement ; mais il n ' en voit rien , il ne voit que ce qu ' il a dans son assiette , et ne se préoccupe que de ce qu ' il pourra y mettre bientôt .",
                  "id": "5",
                  "title": "Des bienséances sociales, ou Traité de politesse (4e édition revue par l'auteur) / par le R. P. Champeau,..."
            },
            {
                  "doc_url": "https://gallica.bnf.fr/ark:/12148/bpt6k5460344t",
                  "emotions": [
                        "surprise",
                        "anger",
                        "fear",
                        "excitement",
                        "nervousness",
                        "pain"
                  ],
                  "excerpt": "Bientôt , de notre place , nous aperçûmes un léopard qui , du haut d ' un arbre , fixait des yeux ardents sur une chèvre placée de l ' autre côté de la palissade , et qu ' on avait attachée à un 214 LA VIE DES BOIS pieu pour servir d ' appât .Les yeux du léopard étincelaient , ses courtes oreilles se dressaient , son poil ras se hérissait , ses narines se dilataient , et , toutes les fois que les effluves de la chair vivante arrivaient jusqu ' à lui , son corps tremblait comme sous l ' impression d ' une volupté cruelle .« Il plia ses jarrets comme s ' il allait s ' élancer , puis se redressa , ferma les yeux , agita son large col , et , battant ses flancs de sa queue , il poussa un rugissement sourd et prolongé , et resta immobile quelques instants .",
                  "id": "6",
                  "title": "La vie des bois et du désert : récits de chasse et de pêche / par Bénédict-Henry Révoil ; par Alexandre Dumas père"
            },
            {
                  "doc_url": "https://gallica.bnf.fr/ark:/12148/bpt6k6246431k",
                  "emotions": [
                        "fear"
                  ],
                  "excerpt": "Il est maintenant hautain et farouche .On ne peut plus s ' y aventurer sans risquer d ' être écrasé par une X - chevaux d ' apocalypse ; d ' être empesté par des relents de camboui , ou d ' être « agoillés » par des êtres bizarres , occupés à des tâches mystérieuses .C ' est un parvenu .",
                  "id": "7",
                  "title": "La Guerre aérienne illustrée : revue hebdomadaire / rédacteur en chef : Jacques Mortane"
            },
            {
                  "doc_url": "https://gallica.bnf.fr/ark:/12148/bpt6k5841732q",
                  "emotions": [
                        "surprise",
                        "grief",
                        "sadness",
                        "anger",
                        "fear",
                        "disapproval",
                        "doubt",
                        "nervousness",
                        "despair",
                        "disappointment"
                  ],
                  "excerpt": "Trois diadèmes noirs , d ' emblèmes dépouillés , Pendent confusément à ses cheveux souillés .Elle vient , le front bas : ce n ' est plus cette reine Dont le monde pour vivre a respiré l ' haleine , AUX REGIONS DE L ' ABIME .101 Cette Sémiramis dont la virile main , Poussant d ' un geste altier les pas du genre humain , Rejetant les fuseaux comme une ignominie , Tendait sur l ' univers les fils de son génie , Alors que l ' Orient , ainsi qu ' un encensoir , Lui jetait des parfums de l ' aube jusqu ' au soir ; Alors qu ' on nourrissait des miettes de ses tables , Tout un troupeau de rois parqué dans ses étables , Pour leur faire traîner l ' or de son char vermeil ; Alors que le plus grand de ses dieux , le soleil , Venait lui - même , empreint aux poitrines des mages .",
                  "id": "8",
                  "title": "La divine épopée. 2 / par Alexandre Soumet,..."
            },
            {
                  "doc_url": "https://gallica.bnf.fr/ark:/12148/bpt6k5740842w",
                  "emotions": [
                        "fear",
                        "love",
                        "nostalgia"
                  ],
                  "excerpt": "Sur une Violette .Demeure petit dans ton coeur : La violette , * De sa retraite , Répand son odeur ; Les rois , quoiqu ' elle soit petite , La portent au nez .Tu gagneras devant Dieu du mérite , Si tu te connais .",
                  "id": "9",
                  "title": "Cantiques de l'âme dévote... nouvelle édition... par Mr Laurent Durand,..."
            },
            {
                  "doc_url": "https://gallica.bnf.fr/ark:/12148/bpt6k55324231",
                  "emotions": [
                        "anger",
                        "fear",
                        "annoyance"
                  ],
                  "excerpt": "Par bonheur nous étions assez près de notre Au -berge .Quelques - uns de ces Ëtudians ! voulant en empêcher l ' entrée à celui qui ! avoit jette le ragoût , Sc ayant même en - : trepris de lui arracher les autres pots qu ' il portoit , dont le fumet fiattoit fans doute leur odorat , ce fut le signal d ' un combat terrible .On commença la charge en faisant voler tous nos petits pots fur ìçs Ecoliers , qui sc trouvèrent en un moment couverts d ' un déluge de sauce , qui changea la couleur de leurs habits Sc les mit dans un grand désordre .",
                  "id": "10",
                  "title": "Mémoires instructifs pour un voyageur dans les divers états de l'Europe. Tome 2 / : contenant des anecdotes curieuses très propres à éclaircir l'histoire du tems ; avec des remarques sur le commerce et l'histoire naturelle"
            },
            {
                  "doc_url": "https://gallica.bnf.fr/ark:/12148/bpt6k6112233d",
                  "emotions": [
                        "surprise",
                        "fear",
                        "doubt",
                        "nervousness",
                        "faith"
                  ],
                  "excerpt": "Eh ! quoi , peuples enfants , qui transformiez en dieux Les formes de l ' air et et de l ' onde , Croyiez - vous donc vraiment qu ' au suppliant pieux L ' océan ou le ciel réponde ? Il faudrait que là - haut les nuages légers Fussent dos oreilles ouvertes , Et que la mer aux lèvres vertes , Sut les langues des ' naufragés ! Mais la crainte toujours fut grosse de prières .Quel long chemin vos chars ont lait dans les carrières Que l ' homme vous ouvrit , ô dieux , fils de l ' erreur , 0 race dont la Ruse accoucha la Terreur ! ( L ' as - tu dit , Hésiode ? ) Au moins , la Grèce et Rome , Pays desdieuxsansnombre , a * aientscnli quel ' homme , Pour des maîtres privés de visage et de sens Aurait mauvaise grâce à prodiguer l ' encens .LA PIERRE LONGUE 121 L ' homme , créant ses dieux , leur donna sa figure ; L ' art les tailla plus beaux et plus forts que nature , Mais hommes , La légondo embollit leurs exploits , Et leur prêta des noms de brigands et de rois , L ' oracle enfin sortit de leurs bouches de pierre ; Et la foule crut voir le feu sous leur paupière , Le sang purifié dans leurs divines chairs , La foudre dans leur main , sous leurs pieds l ' univers .",
                  "id": "11",
                  "title": "La flûte de Pan / André Lefèvre"
            },
            {
                  "doc_url": "https://gallica.bnf.fr/ark:/12148/bpt6k57622227",
                  "emotions": [
                        "surprise",
                        "grief",
                        "fear"
                  ],
                  "excerpt": "J ' ai vu le fleuve , épris des gazons du rivage , Se glisser , flots à flots , de bocage en bocage , Et dans son lit , voilé d ' ombrage et de fraîcheur , Bercer en murmurant la barque du pêcheur .J ' ai vu le trait brisé de la foudre qui gronde , Comme un serpent de feu , se dérouler sur l ' onde ; 73 MÉDITATIONS POÉTIQUES Le zéphyr , embaumé des doux parfums du miel , Balayer doucement l ' azur voilé du ciel ; La colombe , essuyant son aile encore humide , Sur les bords de son nid poser un pied timide , Puis , d ' un vol cadencé fendant le flot des airs , S ' abattre en soupirant sur la rive des mers .J ' ai vu ces monts voisins des cieux où tu reposes Cette neige où l ' aurore aime à semer ses roses , Ces trésors des hivers , d ' où par mille détours , Dans nos champs desséchés multipliant leur cours , Cent rochers de cristal , que tu fonds à mesure , Viennent désaltérer la mourante verdure ; Et ces ruisseaux pleuvant de ces rocs suspendus , Et ces torrents grondant dans les granits fendus , Et ces pics où le temps a perdu sa victoire .",
                  "id": "12",
                  "title": "Nouvelles méditations poétiques : avec commentaires / Lamartine"
            },
            {
                  "doc_url": "https://gallica.bnf.fr/ark:/12148/bpt6k96339234",
                  "emotions": [
                        "disgust",
                        "fear",
                        "despair",
                        "pain",
                        "disappointment"
                  ],
                  "excerpt": "a - ce , elle sentit .l ' Odeur des Eaux ameres qui l ' empoisoiin - a , - & la fit mourir sur le champ ..",
                  "id": "13",
                  "title": "Histoire des Juifs depuis Jésus-Christ jusqu'à présent, pour servir de continuation à l'histoire de Joseph. Tome 10 / . Par M. Basnage. Nouvelle édition augmentée..."
            },
            {
                  "doc_url": "https://gallica.bnf.fr/ark:/12148/bpt6k96162537",
                  "emotions": [
                        "fear",
                        "pain"
                  ],
                  "excerpt": "La fourchette a les siennes aussi bien que les autres : elle est quelquefois criblée , comme si elle était vermoulue , et tombe par morceaux en pourriture .Le mal venant à pénétrer jusqu ' au vif , le cheval a des démangeaisons si grandes , qu ' il lui arrive d ' en boiter .Ce mal est plus douloureux que dangereux : mais pomme il n ' est point de petits maux , il faut y rémédier plus tôt que plus tard .",
                  "id": "14",
                  "title": "Le nouveau et parfait maréchal expert : guide manuel du fermier et du vétérinaire... / par Delacroix et Berthaut (\"sic\"),..."
            },
            {
                  "doc_url": "https://gallica.bnf.fr/ark:/12148/bpt6k63595106",
                  "emotions": [
                        "disgust",
                        "fear",
                        "embarrassment"
                  ],
                  "excerpt": "Dès que la bête se ballonne , gonflée par les gaz de la putréfaction , et que la fourrure commence à se détacher de la peau verdie , surviennent en nombre silphes et dermestes , escarbots et nécrophores , dont on ne trouverait pas un seul dans le jardin ou même dans le voisinage sans intervention de pareil appât .Ils ont été avertis par l ' olfaction , bien loin à la ronde , lorsque moi - même je suis à l ' abri de la puanteur en me reculant de quelques pas .En comparaison de leur odorat , le mien est misère ; mais enfin , pour moi comme pour eux , il y a réellement ici ce que notre langage appelle odeur .",
                  "id": "15",
                  "title": "Souvenirs entomologiques : études sur l'instinct et les moeurs des insectes. Série 7 / J. H. Fabre"
            },
            {
                  "doc_url": "https://gallica.bnf.fr/ark:/12148/bpt6k87266350",
                  "emotions": [
                        "anger",
                        "fear",
                        "disapproval",
                        "doubt"
                  ],
                  "excerpt": "H demaîi doit à Iefus - Chriit comme au trefois les Difciples d ' Emmaiisy qxi ' il ne le quittaft & ne i ' abandon naft pas à cette heure , puis qu ' ii fe faifoit fi tard 3 & que puis qu a pre iènt il tenoit fon cher époux apres : lequeiil auoittant fouipiré durant fa vie , il le vouloit embraifer pour ne Ie quitter iamais plus .Tires moy Sei ^ neur de ce monde apres toy s , à cë que ie coure apres Ì ' odeur de tes parfuns , & ayant icy bas tant de fois gouité des douceurs de tes H z * 74 fiiameîles danslcs confoktions ί ρ ί ritiicllcSjintroduis moy dans ccsce iiers eterneîs dc tagloire oùabon dent tous les contentemercs imagi » .© abksj & où ics bons te cherifTent parfaitement » Commc fon oraifoa jfut achcuce & qu ' il eut fatisfaità fa deuotion , il apella tous les Peres de fa maifon , & îeur remontrant l ' état de fon infirmité , & dans quei le impuiifance il eftoit de pius com mâder les prioit d ' agréer la demif fion qu ' ii faifoit de facharge deSu perieur , & de prpceder à i ' éieélion de queique autre à qui lipeuft reu dre obeïifance , poiir autant que Γ ν ι ι des plus ardens defirs qu ' ii etift , eu toute fa vie eitoit de pouuoirà rimitation de Iefus Chrift lon Mai - .",
                  "id": "16",
                  "title": "La vie du B. Pere Cesar de Bus, fondateur de la Congregation de la doctrine chrestienne en France . Par le P. Jacques Vestier, Troyen, religieux de la mesme congregation"
            },
            {
                  "doc_url": "https://gallica.bnf.fr/ark:/12148/bpt6k56126576",
                  "emotions": [
                        "fear",
                        "disapproval",
                        "doubt"
                  ],
                  "excerpt": "On vit alors , vomi par l ' infernal courroux , Apparaître ici - bas lo Diablo dos égôuts , Celui do qui la main , commandant aux ordures .Déchaîne siir le mondo cl les postes impures Et le typhus vengeur et le phylloxéra , Et le style do Pyat et tout co qu ' écrira Un Taxil insensé s ' empiffrant do scandales , Et la trichine , effroi d ' autres goinfres moins sales : Ceux qu ' au désert , dit - on , saint Antoino emmena ; El les odeurs du bouge et lo musc do Nana .Je ne décrirai point ce hideux personnago Trempé comme un barbet qui se sauve à la nnge .",
                  "id": "17",
                  "title": "Le siège de Frigolet / poème en six chants ; par Jehan de La Tour d'Aillane et J.-M. Villefranche..."
            },
            {
                  "doc_url": "https://gallica.bnf.fr/ark:/12148/bpt6k5406135c",
                  "emotions": [
                        "disgust",
                        "fear",
                        "embarrassment"
                  ],
                  "excerpt": "Cette odeur se rencontre surtout chez les paralysés généraux et les déments confirmés .Elle s ' imprègne aux l ' odeur de - la peau et de ses annexes .19 vêtements , objets de literie , meubles , ainsi - qu ' aux appartements occupés par les aliénés ; et elle est très tenace , malgré tous les soins de propreté .",
                  "id": "18",
                  "title": "Essai sur les odeurs du corps humain dans l'état de santé et dans l'état de maladie (2e édition) / par Ernest Monin,..."
            },
            {
                  "doc_url": "https://gallica.bnf.fr/ark:/12148/bpt6k62074482",
                  "emotions": [
                        "disgust",
                        "fear",
                        "embarrassment"
                  ],
                  "excerpt": "Nous passons quand même .L ' odeur des vilaines bêtes nous force à reculer à moitié asphyxiés .Les divinités , admises à la cour de Rhamsès , ne sont pas ici chez elles .",
                  "id": "19",
                  "title": "En felouque sur le Nil : souvenirs de Basse-Nubie et de Haute-Égypte / René Des Chesnais"
            },
            {
                  "doc_url": "https://gallica.bnf.fr/ark:/12148/bpt6k1247380",
                  "emotions": [
                        "disgust",
                        "fear",
                        "disapproval"
                  ],
                  "excerpt": "Il est insoluble dans l ' eau .Ses vapeurs détonent c ' est un corps dangereux .si l ' on fait agir un liquide sulfoglycérique sur un liquide sultonitrique .",
                  "id": "20",
                  "title": "Traité général des applications de la chimie. Composés du carbone (chimie dite organique) et métaux / par Jules Garçon,..."
            }
      ]
}