{
      "articles": [
            {
                  "doc_url": "https://gallica.bnf.fr/ark:/12148/bpt6k5840878r",
                  "emotions": [
                        "fear",
                        "nervousness"
                  ],
                  "excerpt": "FIGURE III .m m Nerfs olfactifs .0 0 Lobes cérébraux .",
                  "id": "1",
                  "title": "Journal de la Société phrénologique de Paris / rédigé par une commission de ses membres"
            },
            {
                  "doc_url": "https://gallica.bnf.fr/ark:/12148/bpt6k76489j",
                  "emotions": [
                        "fear",
                        "pain"
                  ],
                  "excerpt": "On est / bt - e < ! d ' introduire la soM ~ e par la & one / te .Maigreur très grande faiblesse extrême ; haleine très fétide ; diarrhée , ncvre .a ' .",
                  "id": "2",
                  "title": "Recherches sur l'anatomie, la physiologie et la pathologie du système nerveux / par J. Baillarger,..."
            },
            {
                  "doc_url": "https://gallica.bnf.fr/ark:/12148/bpt6k6488497j",
                  "emotions": [
                        "fear",
                        "greed"
                  ],
                  "excerpt": "S ' il entre quelqu ' Insecte dans la ruche , que font les abeilles ? R .Elles le poursuivent et le chassent , ou si elles ne le peuvent , elles le tuent , et l ' enduisent ensuite de cire , comme pour l ' embaumer , car elles craignent les mauvaises odeurs .D .",
                  "id": "3",
                  "title": "Leçons élémentaires d'histoire naturelle, par demandes et réponses , à l'usage des enfants ; Par M. Cotte,..."
            },
            {
                  "doc_url": "https://gallica.bnf.fr/ark:/12148/bpt6k5448145g",
                  "emotions": [
                        "fear",
                        "pain"
                  ],
                  "excerpt": "Pupilles naturelles , dents noires ainsi que la langue et les lèvres .Haleine un peu fétide .Constipation , nez pulvérulent , faciès se décomposant .",
                  "id": "4",
                  "title": "Du rôle pathologique qu'exerce la moelle épinière dans les fièvres typhoïdes / par le Dr Meurisset"
            },
            {
                  "doc_url": "https://gallica.bnf.fr/ark:/12148/bpt6k6461410w",
                  "emotions": [
                        "disgust",
                        "fear",
                        "despair",
                        "pain"
                  ],
                  "excerpt": "Forme ulcéreuse .il sent la chair pourrie , d ' où cette odeur nauséabonde que les cancéreuses répandent autour d ' elles , et qui rend la vie insupportable à elles et à leur entourage .Un peu plus tard surviennent des douleurs : sensation d ' une bête qui dévorerait l ' intérieur petit à petit ; c ' est en effet le cancer qui dévore les tissus et qui agit sur les extrémités des nerfs , pour produire la douleur en question .",
                  "id": "5",
                  "title": "Hygiène génitale de la femme, menstruation, fécondation, stérilité, grossesse, accouchement, suites de couches, principales maladies de la femme, d'après l'enseignement et la pratique du Dr Auvard, par la Dresse M. Schultz,... [Préface signée Dr Auvard.]"
            },
            {
                  "doc_url": "https://gallica.bnf.fr/ark:/12148/bpt6k9764925b",
                  "emotions": [
                        "fear"
                  ],
                  "excerpt": "0859 ) LE NOVICE ( 2 ) 1 Il n ' y a pas encore bien des années , , — à l ' endroit où s ' unissent bruyamment , — où s ' embrassent comme deux sœurs , — les rivières de l ' Aragva et de la Koura , — était un monastère ( 3 ) .Des montagnes voisines , — le voyageur aperçoit encore — les piliers des portes détruites , — les tours et la voûte de la chapelle ; — mais sous cette voûte ne monte plus — la fumée odorante des encensoirs , — et l ' on n ' entend plus , à la dernière heure du jour , le chant — des moines priant pour nous .— Maintenant un seul vieillard aux cheveux blancs , — gardien moribond de ces ruines , — oublié du monde et de la mort , — balaie la poussière des pierres tombales , — dont les inscriptions témoignent — des gloires du .",
                  "id": "6",
                  "title": "Les poètes russes : anthologie et notices biographiques / Emm. de Saint-Albin"
            },
            {
                  "doc_url": "https://gallica.bnf.fr/ark:/12148/bpt6k6424079b",
                  "emotions": [
                        "disgust",
                        "fear"
                  ],
                  "excerpt": "n .Exhaler une insupportable odeur , — dans l ' argot des faubouriens .Danser du bec .",
                  "id": "7",
                  "title": "Dictionnaire de la langue verte : argots parisiens comparés (2e édition entièrement refondue...) / Alfred Delvau"
            },
            {
                  "doc_url": "https://gallica.bnf.fr/ark:/12148/bpt6k76489j",
                  "emotions": [
                        "disgust",
                        "anger",
                        "fear",
                        "doubt",
                        "nervousness",
                        "disappointment"
                  ],
                  "excerpt": "Pendant les premiers jours , il lui a semblé avoir sur ta poitrine quetqu ' un .pu retou ( L tait ; eUe avait la bouche mauvaise , trouvait tout amer , et sentait des odeurs fétides : eUe craignait que ses boissons ne fussent empoisonnées ; elle ne savait ce qu ' elle faisait : eUe se serait frappée ellememe et aurait frappé les autres sans le vouloir , etc .QMEHYtTtftXsxn ' ) ! ~ r ~ ' II ; fisUH .",
                  "id": "8",
                  "title": "Recherches sur l'anatomie, la physiologie et la pathologie du système nerveux / par J. Baillarger,..."
            },
            {
                  "doc_url": "https://gallica.bnf.fr/ark:/12148/bpt6k5813554d",
                  "emotions": [
                        "disgust",
                        "fear",
                        "pain"
                  ],
                  "excerpt": "Et prenant un bougeoir à la main , elle suivit le corridor jusqu ' à la porte du laboratoire et l ' ouvrit .Au moment où la porte tournait sur ses gonds , une odeur tout à fait suffocante vint frapper ses narines .Un épais nuage blanc l ' enveloppa et se répandit dans le couloir , le gaz de la chambre était éteint et son odeur se mêlait à d ' autres exhalaisons également pernicieuses .",
                  "id": "9",
                  "title": "Mémoires d'une biche anglaise"
            },
            {
                  "doc_url": "https://gallica.bnf.fr/ark:/12148/bpt6k1039062",
                  "emotions": [
                        "disgust",
                        "fear"
                  ],
                  "excerpt": "tout semblait en place .Seulement , Utte odeur affreuse s ' échappait de la portière ouverte et là , au milieu d ' au des coussins , une mare de sang noir s ' était cdaguté , une mare si profonde , si large , qu ' un ruisseau en avait jailli comme d ' une source , s ' épanchant sur le tapis .Des caillots demeuraient accrochés au drap .",
                  "id": "10",
                  "title": "La Vie populaire : édition hebdomadaire du Petit Parisien"
            },
            {
                  "doc_url": "https://gallica.bnf.fr/ark:/12148/bpt6k6574835j",
                  "emotions": [
                        "disgust",
                        "fear"
                  ],
                  "excerpt": "Le docteur Laborde , qui l ' a spécialement étudié , dit que c ' est un produit très complexe , provenant de l ' oxydation par l ' acide nitrique de l ' huile de coco , de l ' huile de ricin et d ' autres substances grasses .Il a un parfum très pénétrant et constitue pour l ' organisme un poison non moins violent .Ce bouquet agit d ' abord sur le système nerveux qu ' il excite , puis ensuite sur l ' appareil respiratoire .",
                  "id": "11",
                  "title": "Un repas fin de siècle, par Gabriel Viaud,..."
            },
            {
                  "doc_url": "https://gallica.bnf.fr/ark:/12148/bpt6k5661556h",
                  "emotions": [
                        "surprise",
                        "fear",
                        "courage",
                        "nervousness"
                  ],
                  "excerpt": "Cela ne ferait pas mon compte .Mais j ' entends son pas , plus léger que le pas d ' un oiseau je sens ' son odeur , plus douce que l ' odeur des violettes , — Alix , j ' avais peur que vous ne vinssiez pas .ALIX .",
                  "id": "12",
                  "title": "Théâtre. Mystère. Comédies et ballets. Nouvelle édition, revue, corrigée et augmentée d'un grand nombre de documents inédits [par Maurice Dreyfous] / Théophile Gautier"
            },
            {
                  "doc_url": "https://gallica.bnf.fr/ark:/12148/bpt6k12699058",
                  "emotions": [
                        "surprise",
                        "fear",
                        "doubt"
                  ],
                  "excerpt": "; Une autre objection , c ' est que ces vapeurs > ces exhalaisons renfermées dans un vase de verre rattachent aux parois ôt tombent , ce qui ^ ' arrive / jamais à Fuir .Mais qui vous a dit que si les exhalaisons humides tombent au fond ce criilal , il ..",
                  "id": "13",
                  "title": "Les singularités de la nature . Par un académicien de Londres, de Boulogne [\"sic\" pour Bologne], de Pétersbourg, de Berlin, etc."
            },
            {
                  "doc_url": "https://gallica.bnf.fr/ark:/12148/bpt6k81117v",
                  "emotions": [
                        "fear"
                  ],
                  "excerpt": "Puis , ils recommençaient à marcher et à tourner , avec des souplesses de fauves et des obscénités de singes .Un large volet transversal cachait le bas de leurs corps et , du plancher invisible de la cellule , montait une odeur suffocante et mortelle .Bonjour , poète ! dit Clara , s ' adressant à la Face .",
                  "id": "14",
                  "title": "Le jardin des supplices / [Octave Mirbeau]"
            },
            {
                  "doc_url": "https://gallica.bnf.fr/ark:/12148/bpt6k6508445v",
                  "emotions": [
                        "fear",
                        "nervousness"
                  ],
                  "excerpt": "Et d ' autres de ~ aotuxiv , ou , siccum , parmi ceux de Syracuse .SÈCHE , poisson , qui , dans la crainte , jette une humeur noire et puante ; de arfjiLx , sepia .R .",
                  "id": "15",
                  "title": "Le Jardin des racines grecques, mises en vers français [par C. Lancelot et Le Maistre de Sacy]. Nouvelle édition, revue et augmentée... par J.-B.-G. Pitay,..."
            },
            {
                  "doc_url": "https://gallica.bnf.fr/ark:/12148/bpt6k8800992",
                  "emotions": [
                        "disgust",
                        "fear",
                        "pain"
                  ],
                  "excerpt": "Malgré les lavages au sublimé , dès le 21 , fièvre sans frisson .Le 23 , frisson , nausées , état grave , langue sèche , pâleur terreuse , haleine fétide , température à 40 ° .Cet état continue malgré de très abondantes irrigations au sublimé à 1 / 2000 , jusqu ' au 1 er août , jour où M .",
                  "id": "16",
                  "title": "Traitement de l'avortement, par le Dr Moïse Misrachi,... Préface de M. le Dr J.-A. Doléris"
            },
            {
                  "doc_url": "https://gallica.bnf.fr/ark:/12148/bpt6k5516574c",
                  "emotions": [
                        "surprise",
                        "disgust",
                        "fear",
                        "doubt",
                        "nervousness",
                        "despair"
                  ],
                  "excerpt": "Je ne sais si je veille , ou si ma rêverie A mes sens endormis fait quelque tromperie , Peu s ' en faut , dans l ' excès de ma confusion , Que je ne prenne tout pour une illusion .Clitandre prisonnier ! je n ' en fais pas croyable Ni l ' air sale et puant d ' un cachot effroyable , : ; Ni de ce faible jour l ' incertaine clarté , Ni le poids de ces l ' ers dont je suis arrêté ; Je les sens , je les vois ; mais mon âme innocente Dément tous les objets que mon oeil lui présente , El , le désavouant , défend à ma raison De me persuader que je sois en prison .Jamais aucun forfait , aucun dessein infâme N ' a pu souiller ma main , ni glisser dans mon âme ; Et je suis retenu dans ces - funestes lieux ! Non , cela ne se peut : vous vous trompez , mes yeux ; J ' aime mieux rejeter vos plus clairs témoignages , J ' aime mieux démentir ce qu ' on me fait d ' outrages , Que dc ' m ' imaginer , sous un si juste roi , Qu ' on peuple les prisons d ' innocents comme moi .",
                  "id": "17",
                  "title": "Théâtre complet : oeuvres de P. Corneille (Nouvelle édition, imprimée d'après celle de 1682, ornée du portrait en pied colorié du principal personnage des pièces les plus remarquables) / précédées de la vie de l'auteur par Fontenelle et suivi d'un dictionnaire donnant l'explication des mots qui ont vieilli ; dessins de M. Geoffroy,... ; gravures de MM. Colin et Wolff"
            },
            {
                  "doc_url": "https://gallica.bnf.fr/ark:/12148/bpt6k5698362j",
                  "emotions": [
                        "surprise",
                        "grief",
                        "fear",
                        "nervousness"
                  ],
                  "excerpt": "Les collines AToilées cle pins et d ' orangers l ' avaient conquise à leur cause , si bien que la fille du Nord songeait parfois à devenir la souveraine du tiède empire .Aussi , quand il lui fallut partir , l ' entendîmes - nous s ' écrier , prise d ' un triste pressentiment et repoussant le Aroile dont on voulait protéger son visage : ce Laissez - moi , une fois encore , respirer cet air parfumé ! » Car il est magique , cet air - là : le miracle en sort , comme d ' une boîte à surprises .Demandez plutôt à notre ami Gimbert , l ' un des quarante médecins préposés , sur ces rives , au culte de la santé .",
                  "id": "18",
                  "title": "La Côte d'Azur / Stéphen Liégeard"
            },
            {
                  "doc_url": "https://gallica.bnf.fr/ark:/12148/bpt6k6424079b",
                  "emotions": [
                        "disgust",
                        "fear",
                        "desire",
                        "pain"
                  ],
                  "excerpt": "Trouillotter du goulot .Avoir l ' haleine homicide .TROUPE D ' ARGENT , S .",
                  "id": "19",
                  "title": "Dictionnaire de la langue verte : argots parisiens comparés (2e édition entièrement refondue...) / Alfred Delvau"
            },
            {
                  "doc_url": "https://gallica.bnf.fr/ark:/12148/bpt6k3114201",
                  "emotions": [
                        "surprise",
                        "disgust",
                        "fear"
                  ],
                  "excerpt": "EN AFRIQUE » 27 Je fus conduit , après cela , vers une hutte absolument écartée de toutes les autres ; elle renfermoit ( quel spectacle ! ) un malheureux couvert d ’ ulcères de la tête aux pieds .Je me baissois pour entrerp une odeur infecte qui sortoit de cette hutte me fit reculer d ’ horreur .Cette pauvre créature étoit là , gisante depuis plus d ’ un an , sans que personne osât l ’ approcher , tant on craignoit la communication de sa maladie , qui passoitpour contagieuse ! Sa femme , en effet , et deux en - fans venoient d ’ en mourir il 11 ’ y avoit pas deux mois .",
                  "id": "20",
                  "title": "Voyage de M. Le Vaillant [\"sic\"] dans l'intérieur de l'Afrique, par le cap de Bonne-Espérance, dans les années 1780, 81, 82, 83, 84 et 85..."
            }
      ]
}