{
      "articles": [
            {
                  "doc_url": "https://gallica.bnf.fr/ark:/12148/bpt6k66231g",
                  "emotions": [
                        "disgust",
                        "fear"
                  ],
                  "excerpt": "Ils ne réussirent même pas à faire le tour de l ' aire incendiée , tant les pierres amoncelées opposaient d ' obstacles , et .une affreuse odeur de « brûlé » les obligea bientôt à repasser le fossé .Ils attendirent tristement ' le retour des hommes d ' armes tandis que Théodule implorait le grand saint Hubert et que Gridoie empruntait < les consolations philosophiques à tous les textes latins de sa connaissance Equo Œ MMKO .",
                  "id": "1",
                  "title": "Le petit roi de la forêt / par H. Gauthier-Villars..."
            },
            {
                  "doc_url": "https://gallica.bnf.fr/ark:/12148/bpt6k97361899",
                  "emotions": [
                        "disgust",
                        "fear",
                        "nervousness"
                  ],
                  "excerpt": "PESTE NERVEUSE .Dans la pesse nerveuse , les malades assurent souvent avoir senti dès l ' instantde ; l ' invasion une odeur très - desagréable ; ladou ., leur de tête est très - forte , les yeux égarés .",
                  "id": "2",
                  "title": "Avis aux gens de mer sur leur santé . Ouvrage nécessaire aux chirurgiens-navigans, & à tous les marins en général... par M. G. Mauran,... Nouvelle édition, augmentée du double..."
            },
            {
                  "doc_url": "https://gallica.bnf.fr/ark:/12148/bpt6k65677472",
                  "emotions": [
                        "sadness",
                        "fear",
                        "pain"
                  ],
                  "excerpt": "« S ' il est si difficile que cela de vivre dans le londe , pensa - t - il , comment donc s ' y prennent ; ux qui vivent presque jusqu ' à cent ans ? » Et à t pauvre petite âme de huit ans la vie offrait ne perspective si horrible qu ' il se remit à sanloter , rien que d ' y penser .Il faisait très sombre j , ns le poulailler ; les frôlements et les bruissements des volailles dans l ' obscurité avaient uelque chose de mystérieux et de surnaturel ; me odeur particulière , très forte , oppressait le : etit Comte qui se sentait tout près de perdre connaissance ; la douleur que lui causaient les blessures de ses pieds allait croissant .II ne pleura pas , cependant , et n ' eut point de convulsions ; c ' était un brave petit homme , et fier avec cela ; mais il croyait sérieusement qu ' il ne survivrait pas à cette longue nuit de solitude .",
                  "id": "3",
                  "title": "Le petit comte ; Moufflou ; Le poète de Nuremberg ; L'enfant d'Urbino / par Ouida ; contes traduits de l'anglais... par J. Girardin ; et illustrés de 34 vignettes par Tofani et G. Vuillier"
            },
            {
                  "doc_url": "https://gallica.bnf.fr/ark:/12148/bd6t5373211f",
                  "emotions": [
                        "fear"
                  ],
                  "excerpt": "Le simoun souffle ; il soulève et suspend dans l ’ air des colonnes de sable embrasé ; les horizons sont troubles .Tantôt le regard va loin dans cette at - mosphère fumeuse , tantôt il est comme emprisonné .Le scheik a trouvé derrière ce renflement du terrain un abri pour ses femmes , pour ses enfants ; ils sont accroupis , la tête enveloppée de l ’ écharpe de laine , les chameaux couchés tout près , le museau allongé sous quelque pierre .",
                  "id": "4",
                  "title": "Souvenirs d'un spiritualiste / par Valleyres [Cesse A. de Gasparin]"
            },
            {
                  "doc_url": "https://gallica.bnf.fr/ark:/12148/bpt6k8630112f",
                  "emotions": [
                        "grief",
                        "sadness",
                        "fear",
                        "nostalgia",
                        "excitement",
                        "nervousness",
                        "pain"
                  ],
                  "excerpt": "Comme tous les maux que l ' ombre avive au lieu de les assoupir , ainsi que le dit si bien le vers virgilien : Tempus erat , etc ., je sentis ma fièvre s ' accroître quand le soir descendit par les rues , ce soir parisien au brouhaha mélancolique sur le pavé gras , sous le clignotement imbécile du gaz , avec ses bruits de devantures qu ' un cric fait descendre en grinçant , avec ses va - et - vient de filles affamées dont les toilettes boueuses ont des relents de parfums grossiers ..",
                  "id": "5",
                  "title": "Les Veillées de Saint-Pantaléon, par Armand Silvestre"
            },
            {
                  "doc_url": "https://gallica.bnf.fr/ark:/12148/bpt6k6322608g",
                  "emotions": [
                        "fear",
                        "pain"
                  ],
                  "excerpt": "La nuit , ses rêves lui retracèrent tout ce qu ' elle avait entendu au confessionnal , mais avec des cir constances encore plus terribles .Elle ne voyait t qu ' ossements , squelettes , figures épouvantables ; elle sentait l ' odeur du soufre et la brûlure des flammes qui l ' entouraient ; elle était poursuivie , harcelée par des monstres effroyables qui la fouettaient de leurs queues et la perçaient de leurs cornes .Enfin elle put se réveiller ; mais dans quel état déplorable ! Les parents , attirés par ses cris , cherchèrent vainement à calmer son agitation extrême , à vaincre ses terreurs .",
                  "id": "6",
                  "title": "Hypnologie : du sommeil et des songes au point de vue physiologique, somnambulisme, magnétisme, extase, hallucination, exposé d'une théorie du fluide électro-sympathique, par A. Debay"
            },
            {
                  "doc_url": "https://gallica.bnf.fr/ark:/12148/bpt6k97220080",
                  "emotions": [
                        "fear"
                  ],
                  "excerpt": "Tout le monde connaît l ' effet du jnusc et du safran sur quelques personnes .L ' exhalaison du noyer passe pour être très - dangereuse .Le principe vireux est inaltérable ; l ' opium , où il existe en grande quantité , ne perd jamais son odeur ni sa vertu narcotique , quelque changement qu ' on lui fasse subir .",
                  "id": "7",
                  "title": "Encyclopédie des sciences médicales. t. VII, Hygiène / par É. Tourtelle et J.-N. Hallé,... ; avec des additions et des notes, par M. Bricheteau,..."
            },
            {
                  "doc_url": "https://gallica.bnf.fr/ark:/12148/bpt6k58175945",
                  "emotions": [
                        "disgust",
                        "fear",
                        "annoyance"
                  ],
                  "excerpt": "Le soleil est bien chaud , l ' huile de ricin bien abondante , et les mouches ! Bons dieux , que de mouches ! Je mène mon cortège d ' Arabes jusqu ' au coin où l ' on vend des cannes à sucre , et là j ' en fais une distribution .C ' est périlleux , car ma suite grossit instantanément et l ' odeur est intolérable .Trop de couleur locale .",
                  "id": "8",
                  "title": "Un hiver au Caire : journal de voyage en Égypte / par Mme Lee Childe"
            },
            {
                  "doc_url": "https://gallica.bnf.fr/ark:/12148/bpt6k6362700m",
                  "emotions": [
                        "fear",
                        "greed"
                  ],
                  "excerpt": "— Fulminate de mercure ( Fabrication du ) .Vapeurs délétères , dangers d ' explosion .— Genièvre ( voy .",
                  "id": "9",
                  "title": "Traité d'hygiène publique et privée basée sur l'étiologie, par A. Bouchardat,..."
            },
            {
                  "doc_url": "https://gallica.bnf.fr/ark:/12148/bpt6k9609681k",
                  "emotions": [
                        "fear",
                        "curiosity"
                  ],
                  "excerpt": "Veille au vieux cep surtout .Par les fraîches journées Des beaux mois printaniers , que ton œil inquiet Interroge le ciel plein de sombres nuées Planant sur les plantis aux tiges alignées D ' où sort des délicats bourgeons le fin bouquet , Le si subtil parfum de ces fleurs invisibles Sur qui le dur grêlon ou les brouillards glacés Sont , plus qu ' un noir hiver , des ennemis terribles .Parasites hideux et pucerons horribles Ne résisteront pas à tes soins empressés .",
                  "id": "10",
                  "title": "Les glaneuses : poèmes de Saintonge / Pierre Ardouin ; avec lettre-préface de Georges Gourdon"
            },
            {
                  "doc_url": "https://gallica.bnf.fr/ark:/12148/bpt6k54579189",
                  "emotions": [
                        "fear"
                  ],
                  "excerpt": "Déranger le paysan dans ses habitudes , souvent peu conformes aux règles les plus élémentaires de l ' hygiène , lui faire sentir le frein de la loi , c ' est , pour une administration locale , faire par avance bon marché de sa réélection : Qu ' arrive - t - il dès lors ? Beaucoup d ' infractions , pour ne rien dire des délits , si elles n ' affectent pas directement l ' intérêt matériel du campagnard , seule considération qui touche ce dernier , passent inaperçues .Parcourez nos campagnes , suivez ce clair ruisseau qui serpente entre deux rangées de saules , vous ferez peu de chemin sans rencontrer un cadavre d ' animal gisant sur la rive et envahi par un essaim de mouches , ou des membres dépecés flottant au fil de l ' eau ; franchissez cette haie d ' aubépine , une odeur infecte vous saisit à la gorge : ET L ' INDUSTRIE .129 c ' est un clos d ' équarrissage ; pénétrez dans les rues ' du village , une bête de boucherie à demi assommée s ' est échappée de la cour du tueur , le sang coule au milieu de la route ; nous ne parlons que pour mémoire des dépôts de fumiers , des cloaques de purin qui souillent les cours des fermes .",
                  "id": "11",
                  "title": "Mémoires de l'Académie nationale des sciences, arts et belles-lettres de Caen"
            },
            {
                  "doc_url": "https://gallica.bnf.fr/ark:/12148/bpt6k57024725",
                  "emotions": [
                        "disgust",
                        "fear",
                        "pain"
                  ],
                  "excerpt": "On sonne , on siffle , on Ara partir .Le Avagon dans lequel on me précipite est une fournaise : une odeur acre de cuir et de peinture chaude m ' éfreint la gorge .J ' y suis seul avec une religieuse , une soeur de charité .",
                  "id": "12",
                  "title": "A l'index / Édouard d'Aubram ; illustrations de Lunel"
            },
            {
                  "doc_url": "https://gallica.bnf.fr/ark:/12148/bpt6k102689r",
                  "emotions": [
                        "surprise",
                        "fear"
                  ],
                  "excerpt": "Derrière ce petit carreau fendu , orné de papier gl ' is , n ' est - ce point la lafyc face du vieux Trompe - la - Mort qui rait mousser le savon , le rasoir u la main ? Mais passons ! D ' immenses hangars encombrés de hallots .les pouLI ~ es noires s ' enchevêtrent ; se perdent dans l ' obscurité , et tout un monde d ' êtres étranges , vêtus de loques , les bras nus , chaussés de souliers sans semelle , grouille dans ce milieu puant .C ' est le dépôt d ' un chiffonnier ' en Bras .",
                  "id": "13",
                  "title": "Le diable à Paris : Paris et les Parisiens à la plume et au crayon. Partie 2 / par Gavarni, Grandville..."
            },
            {
                  "doc_url": "https://gallica.bnf.fr/ark:/12148/bpt6k5808707q",
                  "emotions": [
                        "fear",
                        "doubt"
                  ],
                  "excerpt": "Un soir , pendant que les Européens et leur hôte causaient ainsi , une odeur acre , fétide , une odeur de charnier ou de fauves , apportée par le vent , parvint tout à coup jusqu ' aux passagers du Khédive .— C ' est affreux I dit Delange , le rivage uue nous côtoyons est donc empesté ? — Non , répondit le commandant , ces émanations nous viennent de cette grande barque que vous voyez descendre le Nil et qui va nous croiser dans un instant .Si je ne me trompe , je pourrai trouver à son bord , un exemple vivant à l ' appui de ce que je viens de vous dire sur la traite et sur notre impuissance à l ' abolir .",
                  "id": "14",
                  "title": "La fièvre de l'inconnu (8e éd.) / par Adolphe Belot"
            },
            {
                  "doc_url": "https://gallica.bnf.fr/ark:/12148/bpt6k54579189",
                  "emotions": [
                        "fear"
                  ],
                  "excerpt": "horrible instinct que l ' homme partage avec la bêle , dit M .Edouard de Warren , la vue et l ' odeur du sang enivrèrent les Anglais ; les exécutions commencèrent sur une échelle inouïe .Tous les jours de cinquante à cent hommes furent pendus , fusillés , écartelés par explosion à la bouche des canons , sans jugement , sans débat , pour un mot , pour une lettre , pour une délation .",
                  "id": "15",
                  "title": "Mémoires de l'Académie nationale des sciences, arts et belles-lettres de Caen"
            },
            {
                  "doc_url": "https://gallica.bnf.fr/ark:/12148/bpt6k61124867",
                  "emotions": [
                        "fear"
                  ],
                  "excerpt": "La végétation puissante Monte en d ' étranges floraisons .Je ne sais d ' endroit où l ' on sente Plus de parfums et de poisons .L ' écume prend les tons des marbres , L ' eau dort .",
                  "id": "16",
                  "title": "Poésies de Pimodan. Lyres et clairons. Le Coffret de perles noires..."
            },
            {
                  "doc_url": "https://gallica.bnf.fr/ark:/12148/bpt6k1418214m",
                  "emotions": [
                        "fear",
                        "courage",
                        "nervousness"
                  ],
                  "excerpt": "Nous autres Polyergues 11e savons combattre qu ’ au grand jour .Avançant la tête avec précaution je vis que toutes les bêtes puantes qui m ’ avaient si furieusement assiégé rentraient dans leurs fentes , leurs trous , se cachaient à l ’ abri du jour derrière tous les objets qu ’ elles rencontraient .Ab ! elles ont peur du jour ! dis - je ; moi , c ’ est le contraire ; il faut profiter de cet avantage , il faut fuir .",
                  "id": "17",
                  "title": "Les animaux racontés par eux-mêmes : mémoires d'une ménagerie, aventures d'une fourmi rouge (2e édition) / par H. de La Blanchère"
            },
            {
                  "doc_url": "https://gallica.bnf.fr/ark:/12148/bpt6k6362700m",
                  "emotions": [
                        "fear"
                  ],
                  "excerpt": "— Suif d ' os ( Fabrication du ) .Odeur , altération des eaux , danger d ' incendie , lre cl .— Sulfate de baryte .",
                  "id": "18",
                  "title": "Traité d'hygiène publique et privée basée sur l'étiologie, par A. Bouchardat,..."
            },
            {
                  "doc_url": "https://gallica.bnf.fr/ark:/12148/bpt6k6362700m",
                  "emotions": [
                        "fear"
                  ],
                  "excerpt": "Nous venons d ' apprécier l ' influence hygiénique du produit principal de la combustion , l ' acide carbonique , il nous reste à faire connaître l ' action d ' un gaz beaucoup plus délétère que lui , l ' oxyde de carbone , et à indiquer l ' action sur l ' homme du mélange connu sous le nom de vapeur de charbon .Le gaz oxyde de carbone est le plus redoutable des anesthésiques .Un moineau plongé dans une atmosphère contenant 1 pour 100 d ' oxyde de carbone , est tué assez rapidement ; si on le retire de la cloche aussitôt qu ' il tombe , il revient à la vie , mais ne se rétablit qu ' après quelques heures .",
                  "id": "19",
                  "title": "Traité d'hygiène publique et privée basée sur l'étiologie, par A. Bouchardat,..."
            },
            {
                  "doc_url": "https://gallica.bnf.fr/ark:/12148/bpt6k6258704m",
                  "emotions": [
                        "sadness",
                        "fear"
                  ],
                  "excerpt": "Tous les assistants rient et se moquent de lui , un Garçon d ' écurie vient l ' étriller , des Balayeuses l ' époussètent , un Folt le mystifie .Le paysan veut s ' en aller , mais voici un Docteur , un Apothicaire , des Matassins qui lui offrent leurs services , des flacons d ' odeur : « Il est devenu pâle ( par la farine ) , il est près de mourir » , lui crie - t - on ; mais il tourne l ' angle de la rue , et disparaît avec sa suite , dont il se débarrassera Dieu sait quand .» Mais d ' où vient ce bruit ? qu ' est - ce donc ? « Un Spectre ! un Spectre ( ulla Falltasim , a ) ! » crie chacun de toutes ses forces ; et les Pulcinelli , Arlecchini , Brighe - lli , Pantaloni , de faire mille lazzi d ' épouvante .",
                  "id": "20",
                  "title": "Masques et bouffons : comédie italienne. Tome 2 / texte et dessins par Maurice Sand ; gravures par A. Manceau ; préface par George Sand..."
            }
      ]
}