{
      "articles": [
            {
                  "doc_url": "https://gallica.bnf.fr/ark:/12148/bpt6k6507177g",
                  "emotions": [
                        "anger",
                        "fear",
                        "pain",
                        "disappointment"
                  ],
                  "excerpt": "oy .îu , braire ou crier pour la faim qu ' on a , dit proprement des dues ; sentir mauvais , dit proprement des boucs et des lions ; le déjeuner ; : ! .< ; ' P ( , J ' ; ¡ ; ; ' , manque de vivres .",
                  "id": "1",
                  "title": "Le jardin des racines grecques : mises en vers français : avec un traité des propositions et autres particules indéclinables, et un recueil alphabétique des mots français tirés de la langue grecque, soit par allusion, soit par étymologie (Nouvelle édition revue et corrigée...) / ouvrage composé par Claude Lancelot..."
            },
            {
                  "doc_url": "https://gallica.bnf.fr/ark:/12148/bpt6k6467494f",
                  "emotions": [
                        "disgust",
                        "fear"
                  ],
                  "excerpt": "On l ' a aussi appelé acide carbo - hydrochlorique ou carbomuriatique , chlorure d ' oxyde de carbone , oxychlorure de carbone , chloroxyde de carbone .Il est plus dangereux à respirer que le chlore , provoque le larmoiement ; sa saveur est forte , son odeur suffocante .Il rougit le tournesol , éteint les corps en combustion .",
                  "id": "2",
                  "title": "Nouveau Dictionnaire lexico graphique et descriptif des sciences médicales et vétérinaires... par Messieurs Raige-Delorme,... H. Bouley..."
            },
            {
                  "doc_url": "https://gallica.bnf.fr/ark:/12148/bpt6k5854423x",
                  "emotions": [
                        "disgust",
                        "fear"
                  ],
                  "excerpt": "Et je soulevai une planche .Une odeur abominable , le souffle .286 MISTI infâme des putréfactions me monta dans la figure .",
                  "id": "3",
                  "title": "Misti : oeuvres complètes illustrées de Guy de Maupassant / illustrations de Ricardo Florès ; gravées sur bois par G. Lemoine"
            },
            {
                  "doc_url": "https://gallica.bnf.fr/ark:/12148/bpt6k6465834x",
                  "emotions": [
                        "disgust",
                        "fear",
                        "annoyance",
                        "pain"
                  ],
                  "excerpt": "Une moisissure jaunâtre bouillonne comme de l ' écume dure sur les pus putréfiés , aux naseaux principalement , sous la queue et au ventre .Je fume violemment pour ne pas respirer l ' horrible pestilence de ces pourriturcs en fermentation .XLI Des bourgeois de Sedan étaient en train de creuser de larges trous carrés ; on les voyait piocher durement la terre et boire de temps à autre un coup .",
                  "id": "4",
                  "title": "Les charniers / Camille Lemonnier ; [préf. de Léon Cladel]"
            },
            {
                  "doc_url": "https://gallica.bnf.fr/ark:/12148/bpt6k2006491",
                  "emotions": [
                        "surprise",
                        "fear",
                        "doubt",
                        "nervousness",
                        "curiosity"
                  ],
                  "excerpt": "2 Hypérion , le soleil .bêche , cet endroit , ce vêtement d ' esclave , et ces regards inquiets ? Et cependant tes flatteurs portent la soie , boivent le vin et dorment sur le duvet , serrent contre eux leurs parfums pernicieux , et ils ont oublié qu ' il exista jamais un Timon .Ne déshonore point ces bois en adoptant la malice d ' un censeur .",
                  "id": "5",
                  "title": "Oeuvres complètes de Shakspeare. 3 / trad. de M. Guizot"
            },
            {
                  "doc_url": "https://gallica.bnf.fr/ark:/12148/bpt6k6507177g",
                  "emotions": [
                        "disgust",
                        "fear"
                  ],
                  "excerpt": "SCORPION , de axopitios , xcorDius ou scorpio .SÈCHE , poisson , qui dans la crainte jette une humeur noire d puante ; de < rr , rdv ., sepia .",
                  "id": "6",
                  "title": "Le jardin des racines grecques : mises en vers français : avec un traité des propositions et autres particules indéclinables, et un recueil alphabétique des mots français tirés de la langue grecque, soit par allusion, soit par étymologie (Nouvelle édition revue et corrigée...) / ouvrage composé par Claude Lancelot..."
            },
            {
                  "doc_url": "https://gallica.bnf.fr/ark:/12148/bpt6k5714608k",
                  "emotions": [
                        "sadness",
                        "fear",
                        "despair",
                        "pain"
                  ],
                  "excerpt": "Dans la cour du monastère , une grande troupe de truands reçoit des mains du Père hôtelier la pâtée matinale : boiteux , bancals , goitreux et lépreux , ardents , idiots , faux et vrais mendiants , soldats mutilés , pauvresses loqueteuses , enfants rongés de laids scrofules , bohémiens , impudents porte - balles amaigris , montreurs d ' ours ou de mouniues , tous les misérables qui courent les sentiers poudreux sont là , tendant leur écuelle de bois , aussitôt vidée que remplie , le Père hôtelier et les Frères qui l ' assistent y suffisent à grand ' peine .L ' assaut gémissant continue jusqu ' à , ce que les plaintes lamentables s ' étouffent sous la nourri turc , ( mis tout ce monde puant , va s ' étaler repu au beau soleil , le long des murs , en attendant de commencer sa journée pitoyable ou malfaisante .Un seul demeure dans la cour .",
                  "id": "7",
                  "title": "Le monde des histoires pittoresques : fleurs choisies du Pélerin"
            },
            {
                  "doc_url": "https://gallica.bnf.fr/ark:/12148/bpt6k933144k",
                  "emotions": [
                        "disgust",
                        "fear",
                        "embarrassment"
                  ],
                  "excerpt": "La femme prit sa nièce et ses trois enfants dans son lit et m ’ a donné celui des derniers .Je m ’ y suis étendue sans enlever mes vêtements et à chaque mouvement que je faisais c ’ était une bouffée d ’ odeur nauséabonde à tuer un bœuf .A minuit le pêcheur rentra : un colosse comme tous les Indiens , haut de six pieds .",
                  "id": "8",
                  "title": "Impressions d'une Parisienne sur la côte du Pacifique / Thérèse"
            },
            {
                  "doc_url": "https://gallica.bnf.fr/ark:/12148/bpt6k9605560t",
                  "emotions": [
                        "disgust",
                        "fear",
                        "nervousness"
                  ],
                  "excerpt": "Il le conduirait dans une petite embarcation où ne monteraient que ses fils et des serviteurs éprouvés ; et il le déposerait un matin , avec son bagage , à la porte de la ville .On ne pense pas à cet arrangement sans effroi : François seul ou accompagné de Christophe le Malabar et d ' Antonio le Chinois , devant cette atroce ville , ce dédale de sentines puantes et dorées .On lui dit de se méfier : le marchand le jetterait à la mer , ou , dès que les portes de la ville s ' ouvriraient , des soldats l ' empoigneraient et le traîneraient en prison .",
                  "id": "9",
                  "title": "Saint François Xavier : l'apôtre des Indes et du Japon / André Bellessort"
            },
            {
                  "doc_url": "https://gallica.bnf.fr/ark:/12148/bpt6k65454362",
                  "emotions": [
                        "disgust",
                        "anger",
                        "fear",
                        "pain",
                        "embarrassment"
                  ],
                  "excerpt": "Alors ils se frappaient tout à coup , ils devenaient tristes , et se tenaient constamment couchés , les jambes rapprochées des cuisses , et les cuisses du ventre .Leur visage ou tiré ou bouffi , prenait la teinte jaune sale ; il se couvrait , ainsi que leurs mains , d ' une croûte terreuse ; la peau devenait rugueuse comme une écorce d ' arbre ; elle s ' enflammait , elle s ' excoriait ; le ventre semblait collé aux reins , et de tout le corps s ' exhalait une odeur fétide .Quand nous approchions d ' eux pour les visiter , pour observer les progrès du mal , il fallait les tourmenter pour leur arracher une parole , et cette langue sèche , brune , tremblante , qu ' ils nous montraient à grand ' peine , plusieurs oubliaient ou n ' avaient plus la force de la retirer .",
                  "id": "10",
                  "title": "Aventures d'un marin de la Garde impériale, prisonnier de guerre sur les pontons espagnols, dans l'île de Cabrèra, et en Russie,.... 1 / par Henri Ducor,... ; [rédigé par L'Héritier (de l'Ain)]"
            },
            {
                  "doc_url": "https://gallica.bnf.fr/ark:/12148/bpt6k5436459n",
                  "emotions": [
                        "grief",
                        "sadness",
                        "fear"
                  ],
                  "excerpt": "Pleines de cris d ' angoisse et de murmures , De râles sourds d ' hommes et de chevaux .Puis tout se tait , et la lune sanglante Au sombre ciel apparaît , triste et lente ; La Mort livide emplit le val fumant , Ht dans la brome où son grand spectre nage , Kendus joyeux par l ' odeur du carnage , Les noirs corbeaux volent confusément .IJPS chevaliers sont étendus et roides ; Tous vers le ciel tournent leurs faces froides .",
                  "id": "11",
                  "title": "Les flèches d'or : poésies / par Albert Glatigny"
            },
            {
                  "doc_url": "https://gallica.bnf.fr/ark:/12148/bpt6k96086084",
                  "emotions": [
                        "fear",
                        "annoyance",
                        "doubt",
                        "nervousness"
                  ],
                  "excerpt": "Aconitum et arnica sont les remèdes de la fièvre traumatique .FIÈVRE PUTRIDE ET NERVEUSE .Cette maladie est caractérisée par la prostration des forces ; les battements du cœur sont à peine sensibles : il y a grande soif , défaut d ' appétit , agitation , chaleur à la tête , trouble des yeux , aboiements , hurlements et gémissements , convulsions , odeur très fétide de la transpiration et des excréments .",
                  "id": "12",
                  "title": "Nouveau manuel de médecine vétérinaire homoeopathique / F. A. Gunther & J. Prost-Lacuzon"
            },
            {
                  "doc_url": "https://gallica.bnf.fr/ark:/12148/bpt6k6467494f",
                  "emotions": [
                        "fear",
                        "nervousness",
                        "pain"
                  ],
                  "excerpt": "laryngo - pharyngée .Symptômes : Tête allongée et élevée ; respiration difficile , suffocante , anxieuse ; tuméfaction de la gorge ; toux quinteuse , pénible ; bouche béante ; langue rouge ou noire , tuméfiée , sortant de la bouche ; salive abondante , filante ; mucosités nasales jannâtres , épaisses .Injection générale du système sanguin excentrique .",
                  "id": "13",
                  "title": "Nouveau Dictionnaire lexico graphique et descriptif des sciences médicales et vétérinaires... par Messieurs Raige-Delorme,... H. Bouley..."
            },
            {
                  "doc_url": "https://gallica.bnf.fr/ark:/12148/bpt6k5650616r",
                  "emotions": [
                        "disgust",
                        "fear"
                  ],
                  "excerpt": "- , - - : L ' intestin paraissant gangrené , on l ' incise ; .il s ' en échappe un flot de sang noir , visqueux et d ' odeur gangreneuse .Le malade meurt le lendemain .",
                  "id": "14",
                  "title": "De la Péritonite herniaire et de ses rapports avec l'étranglement / par L.-Gustave Richelot,..."
            },
            {
                  "doc_url": "https://gallica.bnf.fr/ark:/12148/bpt6k9760150d",
                  "emotions": [
                        "fear",
                        "annoyance"
                  ],
                  "excerpt": "Elle arrête aussi dans l ' inspiration les .vapeurs & les exhalaisons acres qui feraient nuisibles aur - poumons j mais en même tems elle met à couvert par sa vilcolue les nerfs olfa & ifs contre leur acrimonie .La mucosité coule en grande quantité , quand on est enrhume .",
                  "id": "15",
                  "title": "Dictionnaire raisonné d'anatomie et de physiologie.... Tome 1"
            },
            {
                  "doc_url": "https://gallica.bnf.fr/ark:/12148/bpt6k5435006t",
                  "emotions": [
                        "disgust",
                        "fear"
                  ],
                  "excerpt": "DIVERS AGENTS ANESTHÉSIQUES SECONDAIRES .93 est suffocante , toxique même .La Journal d ' Edimbourg ( 1 ) a publié , il y a quelques années , un exemple qui prouve les dangers de l ' inspiration de ce gaz .",
                  "id": "16",
                  "title": "Traité théorique et pratique de la méthode anesthésique appliquée à la chirurgie et aux différentes branches de l'art de guérir, par É.-F. Bouisson,..."
            },
            {
                  "doc_url": "https://gallica.bnf.fr/ark:/12148/bpt6k6467494f",
                  "emotions": [
                        "disgust",
                        "fear",
                        "pain"
                  ],
                  "excerpt": "Il présente , suivant qu ' il est aigu ou chronique , des symptômes différents : dans le 1 \" cas , douleurs épigastriques violentes , mais sans fièvre .soif vive , odeur acide de l ' haleine , nausées , vomissements verdâtres , dépérissement rapide et mort en q .q .",
                  "id": "17",
                  "title": "Nouveau Dictionnaire lexico graphique et descriptif des sciences médicales et vétérinaires... par Messieurs Raige-Delorme,... H. Bouley..."
            },
            {
                  "doc_url": "https://gallica.bnf.fr/ark:/12148/bpt6k64958926",
                  "emotions": [
                        "fear",
                        "nervousness"
                  ],
                  "excerpt": "Cette expérience était des plus simples et des plus faciles à exécuter ; elle consistait purement et simplement à appeler ses deux rapins , qui profitaient de notre sortie momentanée pour jouer aux billes , à leur mettre à chacun une peau de lion sur les épaules , et à les faire entrer dans l ' atelier à quatre pattes et vêtus en Hercules Néméens .Déjà , depuis que la porte de la chambre à coucher était ouverte et que l ' odeur des lions pénétrait plus forte et plus directe jusqu ' à lui , l ' inquiétude de Jacques avait sensiblement augmenté : il s ' était élancé sur une échelle double , et , monté sur le dernier échelon , tournait la tête de notre côté , aspirant l ' air et poussant de petits cris d ' effroi , indiquant qu ' il sentait le péril s ' approcher et qu ' il devinait de quel côté il devait venir .En effet , au bout d ' un instant , un des rapins , suffisamment caparaçonné , se mit à quatre pattes et marcha vers l ' atelier , immédiatement suivi de son camarade ; l ' agitation de Jacques fut à son comble .",
                  "id": "18",
                  "title": "Le capitaine Pamphile / par Alexandre Dumas ; édition illustrée de 103 vignettes dont 26 hors texte par Bertall"
            },
            {
                  "doc_url": "https://gallica.bnf.fr/ark:/12148/bpt6k65454362",
                  "emotions": [
                        "surprise",
                        "disgust",
                        "fear",
                        "embarrassment"
                  ],
                  "excerpt": "» Lorsque le ponton laVieille - Castille s ' approcha de la côte occupée par les troupes du maréchal Victor , un cri de joie s ' éleva du rivage : les soldats accouraient pour embrasser des frères d ' armes qui avaient eu le courage de se délivrer ; c ' était à qui leur tendrait la main , à qui fêterait leur retour à la liberté .Mais bientôt l ' épouvantable mot de contagion passa de bouche en bouche ; c ' était l ' horrible secret qu ' on se communiquait : Garons - nous , se disait - on , c ' est la peste qu ' ils nous apportent ; et cette peste qui faisait que tout à coup on se retirait d ' eux avec effroi , était la maudite odeur .Elle fut cause que , dans un moment où des secours leur étaient si nécessaires , ils tombèrent dans une sorte d ' isolement ; car , pour rassurer l ' armée , il fallut les séquestrer : on les confina dans un hôpital particulier de la ville de Santa - Maria , et l ' on établit un cordon sanitaire autour de cette espèce de lazaret , où ils se virent condamnés à une quarantaine des plus strictes et des plus inutiles qui aient jamais été ordonnées .",
                  "id": "19",
                  "title": "Aventures d'un marin de la Garde impériale, prisonnier de guerre sur les pontons espagnols, dans l'île de Cabrèra, et en Russie,.... 1 / par Henri Ducor,... ; [rédigé par L'Héritier (de l'Ain)]"
            },
            {
                  "doc_url": "https://gallica.bnf.fr/ark:/12148/bpt6k56646843",
                  "emotions": [
                        "fear",
                        "nostalgia",
                        "excitement",
                        "nervousness"
                  ],
                  "excerpt": "MOSTAGANEM LA ROUTE Pour Gtnats Courttlleinont , qui voulut me faire faire quinse heures de diligence d ' Afrique ! Six heures do diligence , de diligence d ' Afri < p .te , secoués comme des paniers de noix sous la bâche de l ' impériale où s ' engouffre , depuis trois heures , à la fois sable , flamme et poussière , un terrible siroco ; mais nous nous estimons encore heureux do ce voyage à travers les airs , en songeant au sort des Européens emprisonnés dans la puanteur étouffante do 60 HEURES D ' AFRIQUE l ' intérieur .11 y a bien , près do nous , affalé au travers de sacs do pommes do lerro , un marchand Indigène dont les loques cl les jambes poilues voisinent , à chaque cahot , un peu trop près « lo nos épaules ; mais nous avons calé nos têtes sur des tartans plies en quatre , mis nos foulards sur nos oreilles , cl , garantis tant bien quo mal des trop inquiétants contacts , nous roulons et nous Innguons ( c ' est lo mot , ) s .",
                  "id": "20",
                  "title": "Heures d'Afrique / Jean Lorrain"
            }
      ]
}