{
      "articles": [
            {
                  "doc_url": "https://gallica.bnf.fr/ark:/12148/bpt6k56523541",
                  "emotions": [
                        "fear",
                        "doubt",
                        "nervousness"
                  ],
                  "excerpt": "Dcntsclimamij n ' a - f - ii pas ^ d ' ailleurs , prodtiil chez l ' animal Une véritable ] iâpillilo> ar slase où injectant de .l ' agarcoag ' iiiable sous- i gaiiuvdu nerf ? Il ne peut être fpiestiou dans tous ces cas « 1 % et leï ie e ^ i ' » * b in 1 On remarquera , de plus , que seul le nerf - optique est ■ atteint et diUruit , alors ( pie connue - lui les autres nerfs crâniens> ariieipoiilj [ tour les mêmesràîsonsjà Funlèmé cérébral , il n ' existe pas do troubles fonclioniiols , ni des nerfs olfactifs , ni ( le ..",
                  "id": "1",
                  "title": "Pathogénie de la stase papillaire dans les affections intra-craniennes / par le Dr Louis Dupuy-Dutemps,..."
            },
            {
                  "doc_url": "https://gallica.bnf.fr/ark:/12148/bpt6k4230781z",
                  "emotions": [
                        "disgust",
                        "fear"
                  ],
                  "excerpt": "Pent .plante de nos contrées ; vi - rcuse , nauséabonde , poison végétal .O - Etiologie ou AEtiologie , s .",
                  "id": "2",
                  "title": "Vocabulaire médical, ou recueil et définitions de tous les termes employés en médecine par les auteurs anciens et modernes , suivi d'un dictionnaire biographique des médecins célèbres de tous les tems... et d'un tableau des signes chimiques, par M. L. Hanin,..."
            },
            {
                  "doc_url": "https://gallica.bnf.fr/ark:/12148/bpt6k14220417",
                  "emotions": [
                        "fear"
                  ],
                  "excerpt": "Mais quand on arrive au bout de l ’ œuvre , les êtres ont vécu .Que les Boussard l ’ attendent chez lui pour le repas de communion de la Bancale , « assis et cachés à moitié par les rideaux de l ’ un des deux lits » , ou que sa fille Augustine rapporte dans la maison ses robes , ses sourires , ses odeurs de servante passée grue , Panainnin ne change pas sa manière d ’ être : — Fais donc attention de ne pas emporter la nappe avec ta scie , bon Dieu ! Pour rien au monde , la mère Panainnin ne s ’ abstiendrait de jurer ..",
                  "id": "3",
                  "title": "Carnaval est mort : premiers essais pour mieux comprendre mon temps (2e éd.) / Jean-Richard Bloch"
            },
            {
                  "doc_url": "https://gallica.bnf.fr/ark:/12148/bpt6k9738097",
                  "emotions": [
                        "fear",
                        "gratitude",
                        "nervousness"
                  ],
                  "excerpt": ".J cié ben , ma bonne d moiselle , qu la Fiançoise a quasiment peur que j ’ y fassions un éfantl LES TRAHISONS DES SENS l ’ odorat I , t * s rêves sont au fond des coupes parfumées .Arthur de Nasocreux , né à Périgueux , était un gentilhomme bien doué .",
                  "id": "4",
                  "title": "L'Écho de Rouen illustré : journal hebdomadaire, littéraire, satirique & théâtral"
            },
            {
                  "doc_url": "https://gallica.bnf.fr/ark:/12148/bpt6k204198x",
                  "emotions": [
                        "disgust",
                        "fear"
                  ],
                  "excerpt": "De plus , on voit souvent l ' hallucination d ' un sens provoquer l ' hallucination des autres , suivant les lois ordinaires de l ' association des idées .Un malade voit le diable , bientôt il l ' entend , puis il le touche , puis il sent une odeur de soufre , etc .Ce n ' est pas tout les hallucinations comme les rêves , reflètent d ' ordinaire les idées les plus habituelles de ceux qui les éprouvent .",
                  "id": "5",
                  "title": "De l'imagination : étude psychologique / par N. Michaut,..."
            },
            {
                  "doc_url": "https://gallica.bnf.fr/ark:/12148/bpt6k9808969b",
                  "emotions": [
                        "fear"
                  ],
                  "excerpt": "M .Fodéré , dans son Traité des poisons , dit avoir vu l ' arsenic agir sur la peau et produire les mêmes ravages que s ' il avait été jpris intérieurement .Pline nous apprend même que les anciens peintres se servaient de plusieurs espèces de blancs , et entre autres d ' une céruse naturelle , avec laquelle ils peignaient les navires , ce qui suppose qu ' elle était solide et couvrait bien ; il est vrai qu ' il dit plus loin : Maintenant on fait la céruse avec du plomb et du vinaigre , cela ne veut pas dire que celle qui était naturelle , et qui a donné son nom à l ' artificielle , fût un composé de plomb , car on n ' en a jamais trouvé de semblable nulle part , et c ' eût été une mine de plomb toute différente de celles que l ' on connaît aujourd ' hui ; cela veut plutôt dire que la céruse naturelle étant chère ; on l ' imitait avec du plomb et du vinaigre , et si l ' une valait l ' autre , on peut juger de sa qualité et de la perte que la peinture a faite en perdant une mine si précieuse .",
                  "id": "6",
                  "title": "Journal des peintres en bâtimens et en décors..."
            },
            {
                  "doc_url": "https://gallica.bnf.fr/ark:/12148/bpt6k58483380",
                  "emotions": [
                        "fear",
                        "pain"
                  ],
                  "excerpt": "Vésicules de couleur claire , avec douleur tensive , à l ' angle de la lèvre supérieure .Pendant la nuit , vésicule violemment pruriante au côté du cou ; tache rouge après le grattement .A la surface intérieure des joues , ampoules élevées , blanches , rondes , se dépouillant d ' ellesmêmes de leur peau , et causant une douleur de brûlement .",
                  "id": "7",
                  "title": "Traitement homoeopathique des maladies de la peau,... par le Dr Rückert, précédé de notions générales et importantes sur la symptomatologie, le régime homoeopathique, la force et la répétition des doses etc., suivi du traitement homoeopathique des maladies vénériennes, par le Dr Attomyr, traduit de l'allemand, par Sarrazin"
            },
            {
                  "doc_url": "https://gallica.bnf.fr/ark:/12148/bpt6k5460222w",
                  "emotions": [
                        "surprise",
                        "fear",
                        "excitement",
                        "embarrassment"
                  ],
                  "excerpt": "Et que , n ' étant plus nuit il n ' est pas encor jour , Au bord de quelque bois sur un arbre je grimpe , Et , nouveau Jupiter , du haut de cet Olympe , Je foudroie à discrétion U : i lapin qui n ' y pensait guère .Je vois fuir aussitôt toute la nation Des lapine ^ ui , sur la bruyère , L ' oeil éveillé , l ' oreille au guet , S ' égayaient , et de thym parfumaient leur banquet .Le bruit du coup fait que la bande S ' en va chercher sa sûreté Dans la souterraine cité .",
                  "id": "8",
                  "title": "Fables de La Fontaine, édition annotée à l'usage de la jeunesse, illustrations de Hadamar et Désandré"
            },
            {
                  "doc_url": "https://gallica.bnf.fr/ark:/12148/bpt6k6579220k",
                  "emotions": [
                        "admiration",
                        "fear",
                        "nervousness"
                  ],
                  "excerpt": "Il est chaste , en nos cœurs met des amours sublimes , L ' ivresse ardente et pure , et qui s ' élance à Dieu .Et la fleur de beauté , d ' où s ' envole et s ' épanche Cette senteur qui nous fait tressaillir , Elle croît à nos pieds ; l ' homme , dès qu ' il se penche , Sous l ' œil de Dieu peut la cueillir .Mais c ' est peu qu ' il la trouve en toute la nature : Lui - même , de son cœur , sublime créature , Sait la faire jaillir .",
                  "id": "9",
                  "title": "Henri Tricard, scolastique de la Compagnie de Jésus, 1859-1890 : souvenirs religieux et littéraires / recueillis par le R. P. Longhaye,..."
            },
            {
                  "doc_url": "https://gallica.bnf.fr/ark:/12148/bpt6k5457830d",
                  "emotions": [
                        "surprise",
                        "fear"
                  ],
                  "excerpt": "— 46 — POLÉMON L ' oiseau porte des chants , le lys porte des fleurs , et moi , j ' ai porté des poèmes .Lorsque le rossignol module sa douleur le voyageur , surpris , écoute , et lorsqu ' un lys se penche sur le bord du chemin le passant goûte son odeur .Mais nul ne me prêta l ' oreille et nul n ' a respiré le parfum de mon coeur .",
                  "id": "10",
                  "title": "Le chemin des ombres heureuses / Édouard Ducoté"
            },
            {
                  "doc_url": "https://gallica.bnf.fr/ark:/12148/bpt6k65626297",
                  "emotions": [
                        "fear"
                  ],
                  "excerpt": "Lieutenant Yves tué , Arnaud tué , une cinquantaine de tués et de blessés , dont 23 à la compagnie .Fade odeur de sang , les mouches vertes arrivent de partout .Enervement lassé , yeux de fièvre , pas faim .",
                  "id": "11",
                  "title": "Verdun (juin-juillet 1916) ; La montagne de Reims (mai-juin 1918) / César Mélera"
            },
            {
                  "doc_url": "https://gallica.bnf.fr/ark:/12148/bpt6k65626297",
                  "emotions": [
                        "fear"
                  ],
                  "excerpt": "Louis XVI lui - même n ' eut pas une aussi belle voûte d ' acier pour entrer à l ' Hôtel de Ville .Cheval mort , odeur de mort , de charognes , tout le long de cette route .Autos filant daredare avec des blessés .",
                  "id": "12",
                  "title": "Verdun (juin-juillet 1916) ; La montagne de Reims (mai-juin 1918) / César Mélera"
            },
            {
                  "doc_url": "https://gallica.bnf.fr/ark:/12148/bpt6k9630700h",
                  "emotions": [
                        "fear",
                        "doubt"
                  ],
                  "excerpt": "Lorsque , tourmenté d ' une sois ardente , je me figure en idée , ou „ j ' apperçois réellement une fontaine dont les eaux pures pourroient me désaltérer , fuis „ je maître de désirer ou de ne point dc „ tirer l ' objet qui peut satisfaire uli besoin si „ vif dans l ' état où je suis ? « „ Non , sans doute .Mais , si l ' on vous » dit , en ce moment , que l ' eau que vous désirez est empoisonnée ; malgré votre sois , » ne vous en abstiendrez - vous pas ? Et „ n ' en conclurai - je pas , avec raison , que „ vous êtes libre ? « „ Point du tout ! Car de - même que la „ fois me déterminoit nécessairement à boire , „ avant que de savoir que cette eau fût „ empoisonnée , de même cette nouvelle découverte me détermine nécessairement à ne „ pas boire .c „ Mais si votre sois étoit bien ardente , v ne pourriez - vous pas , sans avoir égard » au danger , risqucr de boire cette eau ? « « Dans ce cas , la première impulsioit „ reprendroit le - dessus , & me feroit agir „ nécessairement , vu qu ' elle se trouveroit „ la plus forte .",
                  "id": "13",
                  "title": "Confidence philosophique. Tome 1 / . Seconde edition, revue et augmentée. Tome premier [-second]"
            },
            {
                  "doc_url": "https://gallica.bnf.fr/ark:/12148/bpt6k204432h",
                  "emotions": [
                        "surprise",
                        "fear",
                        "annoyance",
                        "doubt",
                        "curiosity"
                  ],
                  "excerpt": "Et ce fut là , pour toute la soirée , le fond de la conversation , ainsi que les nouvelles de la mode et de la cour , jusqu ' au moment d ' aller se mettre au lit .CI Il y aurait donc des Snobs jusque dans ce petit Éden ? » m ' écriai - je en m ' enfonçant dans les profondeurs parfumées de mon lit .Pour toute réponse , un long ronflement m ' arriva de la chambre voisine , où dormait le major Ponto .",
                  "id": "14",
                  "title": "Le livre des snobs / par W. M. Thackeray ; trad. de l'anglais... par Georges Guiffrey"
            },
            {
                  "doc_url": "https://gallica.bnf.fr/ark:/12148/bpt6k1265118w",
                  "emotions": [
                        "fear",
                        "frustration"
                  ],
                  "excerpt": "le voilà réduit aujourd ' hui à vivre en misérable anamé .trottant tout le jonr pour gagner vingt sous et ne trouvant le soir pour se reposer qu ' un affreux grabat dans un garni puant .Près de lui , comme pour lui ervir de repoussoir .",
                  "id": "15",
                  "title": "Place au travailleur ! études sociales et photographies d'après nature , par un ouvrier socialiste"
            },
            {
                  "doc_url": "https://gallica.bnf.fr/ark:/12148/bpt6k6104136n",
                  "emotions": [
                        "fear",
                        "excitement"
                  ],
                  "excerpt": [
                        "Odeur 3e .Amorces fulminantes ( Fabricalion des ) Danger d ' explosion 1re .Amorces fulminantes pour pistolets d ' enfants ( Fabricalion d ' ) Idem 2e .",
                        ".Carbonisation des matières animales en général Odeur 1re .Caoutchouc ( Travail du ) avec emploi d ' huiles essentielles ou du sulfure de carbone Odeur , danger d incendie Caoutchouc ( Application des enduits du ) Danger d ' incendie 2e ."
                  ],
                  "id": "16",
                  "title": "Encyclopédie du notariat et de l'enregistrement ou Dictionnaire général et raisonné de législation, de doctrine et de jurisprudence en matière civile et fiscale (avec formules). Tome 8 / publié par la Revue du notariat sous la direction de M. Ch. Lansel,... [et D. Didio]"
            },
            {
                  "doc_url": "https://gallica.bnf.fr/ark:/12148/bpt6k96680361",
                  "emotions": [
                        "disgust",
                        "fear"
                  ],
                  "excerpt": "Cela ne vaut pas le coût .Il y a là dedans une odeur de cuistre et de cafard qui vous saute au nez .C ' est un pédant que votre secrétaire , un vieux plumitif de campagne retraité , peut - être , qui ne sait pas écrire quatre lignes de français correctes et alertes .",
                  "id": "17",
                  "title": "Réponse à M. G. Geslin, délégué seul républicain / [signé : H. Marchais]"
            },
            {
                  "doc_url": "https://gallica.bnf.fr/ark:/12148/bpt6k5791035p",
                  "emotions": [
                        "fear",
                        "courage",
                        "pride"
                  ],
                  "excerpt": "Sylvie ne se rendait pas très bien compte du rôle i qu ' elle jouait dans cette lutte .Mais il y a des mor \" ments où la femme la moins dépravée cède au démon qui lui fait monter à la tête des vapeurs subtiles , ; chargées de mystérieux poisons ; Mme Geor « Geor « de , Prasly était dans un de ces ' moments : elle s ' illuminait , elle , s ' éblouissait elle - même de sa beauté et de son triomphe - : Suspendue aux .bras a ' Edgard , , .",
                  "id": "18",
                  "title": "Pourquoi nous sommes à Vichy. [Signé : Armand de Pontmartin.]"
            },
            {
                  "doc_url": "https://gallica.bnf.fr/ark:/12148/bpt6k6541452x",
                  "emotions": [
                        "fear",
                        "excitement",
                        "nervousness"
                  ],
                  "excerpt": "1 ° .Du nerf olfactif .- Dans le murena conger , du gan glion olfactif , presqu ' égal en volume aux hémisphères , cérébraux , naissent de chaque côté deux cordons nerveux superposés dans tout leur trajet et prolongés jusqu ' à l ' ouverture antérieure de la narine ; néanmoins , vers la narine , l ' un des cordons déborde un peu l ' autre .",
                  "id": "19",
                  "title": "Journal complémentaire du Dictionnaire des sciences médicales"
            },
            {
                  "doc_url": "https://gallica.bnf.fr/ark:/12148/bpt6k1045t",
                  "emotions": [
                        "surprise",
                        "disgust",
                        "anger",
                        "fear"
                  ],
                  "excerpt": "3 .Horreur partagée par Gerson , qui , dans son Trésor de Sapience , réserve un supplice horrible aux ivrognes « les dyables leur gettent a grans fiolles en la gorge plomb et souffre boullant , puant et ardant » .( B .",
                  "id": "20",
                  "title": "Le livre des trois vertus de Christine de Pisan et son milieu historique et littéraire / Mathilde Laigle,..."
            }
      ]
}