{
      "articles": [
            {
                  "doc_url": "https://gallica.bnf.fr/ark:/12148/bpt6k45363637",
                  "emotions": [
                        "anger",
                        "fear",
                        "doubt"
                  ],
                  "excerpt": "Sois bien sûre , ô ma chère lampe .Goutte à goutte , un poison putride , délétère , De ma ferme résolution , Dont les effets troublants : l ' inceste , l ' adultère , Ou je me brûlerai la tempe .Enivrent les cerveaux de leurs âcres parfums .",
                  "id": "1",
                  "title": "Terrae latinae : revista semanal ilustrada"
            },
            {
                  "doc_url": "https://gallica.bnf.fr/ark:/12148/bpt6k9608670g",
                  "emotions": [
                        "disgust",
                        "fear",
                        "nervousness"
                  ],
                  "excerpt": "l ' Abbé TeJJier , rédacteur du détail .On pect craindre , dir - il , quelque ckose de l ' odeur infecte qui s ' exhale du chanvre , lorsqu ' on le ' retire de l ' eau ou on le fait rouir .( 3 ) Doit - on attribuer les fievres intermittentes à l ' odeur infecte du chanvre ? Il ejt certain , assure - t - il , qu ' elles n ' ont pas paru avant cette époque .",
                  "id": "2",
                  "title": "L'Homme noyé dans une fosse a-t-il péri par le méphitisme ?"
            },
            {
                  "doc_url": "https://gallica.bnf.fr/ark:/12148/bpt6k12804393",
                  "emotions": [
                        "fear",
                        "nervousness"
                  ],
                  "excerpt": [
                        "La troifiéme claiTe renfeime les Fleurs odorifer ^ tes 8c aromatiques , dont la vertu eft concentrée comme la l av * r ‘ ' de , le thin8cle ferpoler .Ces Fleurs font nervi nés , 8c ont la me vertu que les plantes aromatiques .On en peut tirer de l ’ huiT 8cavec l ’ eiprit de vin elles donnent un véritable efprit de vin ar ’ matique .",
                        "Autti Diofcoride dit qu ’ il jette une tige maigre , grette & femblable à celle du fenouil .Sa fleur efl jaune , & fa racine noire , grotte , pleine de jus & de mauvaife odeur .On fait Une incifion à cette racine lors qu ’ elle eft tendre & on met à l ’ ombre le fuc qui en fort , & qui s ’ en iroit tout en fumée fi on le met - toit au Soleil ."
                  ],
                  "id": "3",
                  "title": "Le grand Dictionnaire de l'Académie française... (2e édition...)"
            },
            {
                  "doc_url": "https://gallica.bnf.fr/ark:/12148/bpt6k317114x",
                  "emotions": [
                        "grief",
                        "disgust",
                        "fear",
                        "despair",
                        "pain"
                  ],
                  "excerpt": ".jj Du carnage prochain je fens déjà l ’ odeur ; jj Ce fade goût de mort exhalé de chaque Etre jj De cadavres nombreux m ’ invite à me repaître ; jj Commence feulement , je fuis prêt à t ’ aider En prononçant ces mots parut fe dérider , Le Monftre qui déjà fe livrant à la joie Les narines en l ’ air fembloit flairer fa proie .( 10 ) Tels on voit s ’ attrouper des Oifeaux car - nafiiers Avides de la chair 6c du fang des Guerriers .",
                  "id": "4",
                  "title": "Le Paradis perdu, poème, traduit de l'anglais de Milton, en vers français... Par M. l'abbé Le Roy,.... t. 2"
            },
            {
                  "doc_url": "https://gallica.bnf.fr/ark:/12148/bpt6k55457379",
                  "emotions": [
                        "fear"
                  ],
                  "excerpt": "Léon X ( 1513 - 1521 ) , de son vrai nom Jean de Médicis , doit son élévation à la papauté à la même maladie qui a fait contremander le baise - pieds de Jules IL Lorsque , étant cardinal , il assiste au conclave qui doit donner , un successeur à ce Pape , il souffre énormément d ' un abcès vénérien qui répand une odeur pestilentielle .Les autres cardinaux , dans la crainte que ce mal fût contagieux , et aussi pour se débarrasser au plus vite de cette puanteur , nomment immédiatement Jean de Médicis pape , les médecins du conclave leur ayant assuré qu ' il n ' avait que peu de temps à vivre .Léon X , pape tout jeune , n ' ayant que trente - neuf ans , artiste spirituel , bon vivant , fait de la cour de Rome une cour toute païenne .",
                  "id": "5",
                  "title": "Le Christ, le christianisme et la religion de l'avenir : étude philosophique / Henri Constant"
            },
            {
                  "doc_url": "https://gallica.bnf.fr/ark:/12148/bpt6k58391761",
                  "emotions": [
                        "disgust",
                        "fear"
                  ],
                  "excerpt": "HUILE ROUSSE ( Fabriques d ' ) extraite des cretons et débris de graisse à une haute température .— Odeur très - désagréable et danger d ' incendie .— lro classe .",
                  "id": "6",
                  "title": "Législation appliquée des établissements industriels... traité complet d'après le dernier état des lois, de la doctrine et de la jurisprudence... par Auguste Bourguignat,.... Tome 1"
            },
            {
                  "doc_url": "https://gallica.bnf.fr/ark:/12148/bpt6k1307008c",
                  "emotions": [
                        "fear",
                        "doubt",
                        "curiosity"
                  ],
                  "excerpt": "C ’ est sans doute le manque d ’ air qui a éteint mes deux bougies .Mais d ’ où peut venir celte insupportable odeur ? Je tâtonne ça et là les murs , j ’ examine avec une scrupuleuse attention cette porte condamnée .A peine me suis - je baissé , que je sens la mauvaise odeur redoubler au point d ’ en être presque suffoqué .",
                  "id": "7",
                  "title": "Le Mercure d'Orthez et des Basses-Pyrénées : feuille littéraire, commerciale et d'annonces diverses"
            },
            {
                  "doc_url": "https://gallica.bnf.fr/ark:/12148/bpt6k5839140d",
                  "emotions": [
                        "surprise",
                        "disgust",
                        "fear",
                        "annoyance",
                        "disapproval",
                        "doubt"
                  ],
                  "excerpt": "— Tiens ! tu bois donc du sirop ? Le visage de Jeanne s ' assombrissait .Elle disait à demi - voix : — Non , non , c ' est mauvais , ça pue , je m ; bois pas de ça ! — Comment ! tu ne bois pas de ça ? reprenait 202 LES ROUGON - MACQUART .M .",
                  "id": "8",
                  "title": "Une page d'amour (6e éd.) / par Émile Zola"
            },
            {
                  "doc_url": "https://gallica.bnf.fr/ark:/12148/bpt6k1307008c",
                  "emotions": [
                        "disgust",
                        "fear",
                        "nervousness",
                        "pain",
                        "embarrassment"
                  ],
                  "excerpt": "Mais d ’ où peut venir celte insupportable odeur ? Je tâtonne ça et là les murs , j ’ examine avec une scrupuleuse attention cette porte condamnée .A peine me suis - je baissé , que je sens la mauvaise odeur redoubler au point d ’ en être presque suffoqué .Je me rappelai alors que ma tête avait sans doute heurté à cet endroit , lorsque je me laissai tomber à terre .",
                  "id": "9",
                  "title": "Le Mercure d'Orthez et des Basses-Pyrénées : feuille littéraire, commerciale et d'annonces diverses"
            },
            {
                  "doc_url": "https://gallica.bnf.fr/ark:/12148/bpt6k5495050w",
                  "emotions": [
                        "disgust",
                        "fear",
                        "greed"
                  ],
                  "excerpt": "Peu à peu sa tête avait tourné .Maintenant , il sentait dans un même souffle pestilentiel la tiédeur fétide des lapins et dos volailles , l ' odeur lubrique de la chèvre , la fadeur grasse du cochon .C ' était comme un air chargé de fécondation , qui pesait trop lourdement à ses épaules vierges .",
                  "id": "10",
                  "title": "Oeuvres complètes illustrées de Émile Zola ; 1-20. Les Rougon-Macquart : histoire naturelle et sociale d'une famille sous le Second Empire. La faute de l'abbé Mouret"
            },
            {
                  "doc_url": "https://gallica.bnf.fr/ark:/12148/bpt6k113126h",
                  "emotions": [
                        "sadness",
                        "fear",
                        "amusement",
                        "nervousness",
                        "pain",
                        "embarrassment"
                  ],
                  "excerpt": "Je ne saurais vous dire mon impression première en ce lieu , où chaque chose vivait pour moi d ' une vie particulière & inconnue .Les bruits qui glapissaient , rires sonores éclatant en sanglots , les lumières aux lueurs rouges , les mouvements effrayants de folie , les senteurs acres & étouffantes , tout m ' arrivait en une sensation aiguë qui emplissait mon être d ' un yague effroi , auquel se mêlait une volupté douloureuse .Je ne pouvais rire , car je sentais ma gorge se serrer , & cependant je ne pouvais détourner la tête , jouissant d ' une joie cuisante dans ma souffrance .",
                  "id": "11",
                  "title": "La confession de Claude / Émile Zola"
            },
            {
                  "doc_url": "https://gallica.bnf.fr/ark:/12148/bpt6k5778700h",
                  "emotions": [
                        "disgust",
                        "anger",
                        "fear",
                        "disapproval"
                  ],
                  "excerpt": "La plaine d ' Acre est parfois inondée ; SAINT - JEAN - D ' ACRE .SOI de ses bas - fonds marécageux s ' exhalent des émanations pestilentielles .La plupart des rues sont étroites et sales .",
                  "id": "12",
                  "title": "La Terre-Sainte, voyage dans l'Arabie Pétrée, la Judée, la Samarie, la Galilée et la Syrie, par M. l'abbé J.-J. Bourassé,..."
            },
            {
                  "doc_url": "https://gallica.bnf.fr/ark:/12148/bpt6k371899j",
                  "emotions": [
                        "sadness",
                        "fear",
                        "courage",
                        "pain"
                  ],
                  "excerpt": "L ' émotion est bientôt générale , les vieilles retrouvent de nouvelles larmes et les hommes poussent des cris étouffés .L ' ours n ' ose pas manger , de plus en plus épouvanté , bien qu ' entre deux sanglots , les vieillards lui crient : « Mange , cher ami , notre enfant , mange et ne crains rien ! » La gourmandise est enfin la plus forte , et l ' odeur de la délicieuse graisse de phoque , et d ' un excellent filet de chien , décide l ' ours , qui reprend courage et croit trouver dans l ' apaisement de son appétit la fin de tous ses tourments .Un peu de clarté apparaît à l ' horizon , le jour va bientôt naître et les jeunes gens accourent ; ils enlèvent quelques planches de la cage et cherchent à passer une corde ou une courroie autour du corps de la bête ; ils piquent l ' ours avec un grand bâton , afin qu ' il se lève et qu ' on puisse plus facilement le harnacher .",
                  "id": "13",
                  "title": "Un bagne russe, l'île de Sakhaline... / Paul Labbé"
            },
            {
                  "doc_url": "https://gallica.bnf.fr/ark:/12148/bpt6k54012852",
                  "emotions": [
                        "anger",
                        "fear",
                        "pain"
                  ],
                  "excerpt": "Lorsque l ' affection viscérale est intermittente , l ' érythème revêt le même type , seulement il paraît presque toujours entre les paroxismes , et disparaît pendant les accès .Dans l ' érythème intertrigo ' , la rougeur est plus foncée , l ' épiderme est soulevé par une matière séro - ptirulente de mauvaise odeur ; le derme soulevé s ' ulcère légèrement ; les enfans poussent des cris , refusent le sein de leur nourrice , et perdent le sommeil / Cet érythème siège spécialement au périnée , au scrotum * , aux grandes lèvres .Il est toujours produi t par le contact des matières escrémentiti elles .",
                  "id": "14",
                  "title": "Cours complet d'accouchemens et des maladies des femmes et des enfans. Partie 3 / par Jules Hatin,..."
            },
            {
                  "doc_url": "https://gallica.bnf.fr/ark:/12148/bpt6k3044339t",
                  "emotions": [
                        "fear"
                  ],
                  "excerpt": "Il fait le passage aux Grenouilles et saute à peu près comme elles ; il se tient habituellement dans l ’ eau ; son dos est varié de brun et de blanc comme de l ’ écaille de tabatières ; son œil brillant et saillant présente cette particularité que la pupille y est verticale au lieu d ’ être horizontale .Quand on le tourmente , il répand une forte odeur d ’ ail .Le Têtard 11 ’ a qu ’ une ouverture branchiale du côté gauche , et ici 2 5 2 HISTOIRE NATURELLE , la nature procède dans la soustraction ou l ’ addition des branchies , comme elle fait pour les pattes qui sont ajoutées ou retirées par paires seulement chez les genres inter ' médiaires des Sauriens aux Ophidiens , ou des Pneumobranches à ces derniers et aux Batraciens , c ’ est - à - dire dans les genres Hys - térope , Chirote et Sirène .",
                  "id": "15",
                  "title": "Résumé d'erpétologie, ou d'histoire naturelle des reptiles ... par M. le colonel Bory de St-Vincent,..."
            },
            {
                  "doc_url": "https://gallica.bnf.fr/ark:/12148/bpt6k65665101",
                  "emotions": [
                        "disgust",
                        "fear",
                        "curiosity"
                  ],
                  "excerpt": "Le noir , après m ' avoir jeté un regard investigateur , transmit au chef des blancs ce qu ' on venait de lui dire .Ce chef , — un affreux bossu , à l ' œil louche , qui exhalait une odeur abominable , — s ' approcha de moi avec empressement .Il me palpa , me retourna en tous sens ; il me fit lever les bras , courir et sauter ; il regarda mes dents avec soin .",
                  "id": "16",
                  "title": "Les petits écoliers dans les cinq parties du monde / par Élie Berthet"
            },
            {
                  "doc_url": "https://gallica.bnf.fr/ark:/12148/bpt6k1040568",
                  "emotions": [
                        "surprise",
                        "fear"
                  ],
                  "excerpt": "Pour te défendre , Aulète à l ' oreille rebelle , Tu brandiras en vain Du dieu Pan qui t ' a fait l ' existence si belle La flùte dans ta main .Elle rend sous ta lèvre experte et charmeresse Un son voluptueux Qui nous donne parfois l ' inquiétante ivresse D ' un parfum vénéneux ; Des accords savoureux , inouis , téméraires , Semant un vague effroi , Apportant un écho des surhumaines sphères , Inconnus avant toi .Mais l ' essaim de mes vers , tourbillonnant , farouche , Sur elle s ' abattra , Obstruant les tuyaux le sens deviendra louche Des sons quelle émettra Puis , jouet inutile entre tes mains d ' athlète , La flûte se taira .",
                  "id": "17",
                  "title": "Rimes familières (Nouvelle édition) / par Camille Saint-Saëns"
            },
            {
                  "doc_url": "https://gallica.bnf.fr/ark:/12148/bpt6k58391761",
                  "emotions": [
                        "fear"
                  ],
                  "excerpt": "FEUTRE GOUDRONNÉ propre au doublage des navires ( Fabrication de ) .— Mauvaise odeur et danger d ' incendie .— 2e cl .",
                  "id": "18",
                  "title": "Législation appliquée des établissements industriels... traité complet d'après le dernier état des lois, de la doctrine et de la jurisprudence... par Auguste Bourguignat,.... Tome 1"
            },
            {
                  "doc_url": "https://gallica.bnf.fr/ark:/12148/bpt6k58391761",
                  "emotions": [
                        "fear"
                  ],
                  "excerpt": "HUILE DE POISSON ( Fabriques d ' ) .— Odeur désagréable et danger du feu .— lre classe .",
                  "id": "19",
                  "title": "Législation appliquée des établissements industriels... traité complet d'après le dernier état des lois, de la doctrine et de la jurisprudence... par Auguste Bourguignat,.... Tome 1"
            },
            {
                  "doc_url": "https://gallica.bnf.fr/ark:/12148/bpt6k58391761",
                  "emotions": [
                        "fear"
                  ],
                  "excerpt": "GOUDRONS ( Travail en grand des ) , soit pour la fonte et l ' épuration de ces matières , soit pour en extraire la térébenthine .— Odeur insalubre et danger du feu .— lre classe .",
                  "id": "20",
                  "title": "Législation appliquée des établissements industriels... traité complet d'après le dernier état des lois, de la doctrine et de la jurisprudence... par Auguste Bourguignat,.... Tome 1"
            }
      ]
}