{
      "articles": [
            {
                  "doc_url": "https://gallica.bnf.fr/ark:/12148/bpt6k441454h",
                  "emotions": [
                        "fear",
                        "nervousness"
                  ],
                  "excerpt": "' .odeur ci danger d ' incendie .3e Taffetas et toiles vernis ou cirés ( Fabrication de ) Idem 1re l ' an ( Moulins à ) .",
                  "id": "1",
                  "title": "Traité d'assainissement industriel : comprenant la description des principaux procédés employés dans les centres manufacturiers de l'Europe occidentale pour protéger la santé publique et l'agriculture contre les effets des travaux industriels. Texte / par M. Charles de Freycinet,..."
            },
            {
                  "doc_url": "https://gallica.bnf.fr/ark:/12148/bpt6k9693869f",
                  "emotions": [
                        "disgust",
                        "fear"
                  ],
                  "excerpt": "Fie , 903 .FIÈVRE ADÉNO - NERVEUSE , adynamique , ataxique , flogoso - gangréneuse , maligne , pernicieuse , pestilentielle , putride , 579 .FIÈVRE APH1HEUSE , 44 .",
                  "id": "2",
                  "title": "Traité pratique des maladies de l'espèce bovine, par J. Cruzel,..."
            },
            {
                  "doc_url": "https://gallica.bnf.fr/ark:/12148/bpt6k6552762x",
                  "emotions": [
                        "fear"
                  ],
                  "excerpt": "Deux vieilles demoiselles , auxquelles il avait raconté , avec cet air de vérité spécial au mensonge , que sa maison avait été brûlée pendant la lutte , lui avaient sousloué , rue Saint - Martin , un cabinet quasi - noir , meublé d ' un lavabo et d ' une galette .Mais à peine commençait - il à en respirer l ' air empesté , que des soldats étaient venus , avaient retourné la galette dans tous les sens , pour constater qu ' elle ne contenait aucune fève suspecte et étaient repartis en menaçant d ' une nouvelle visite les deux vieilles demoiselles atterrées .Il les retrouva , en rentrant le soir , toutes frissonnantes encore de cette algarade , et , sans s ' inquiéter des détails de la perquisition , il délogea le lendemain matin .",
                  "id": "3",
                  "title": "Le palefrenier / par Henri Rochefort"
            },
            {
                  "doc_url": "https://gallica.bnf.fr/ark:/12148/bpt6k5551183h",
                  "emotions": [
                        "surprise",
                        "fear",
                        "nostalgia",
                        "nervousness"
                  ],
                  "excerpt": "Il était pâle et il tremblait .Il se l ' appelait , avec une sorte d ' effroi , la petite chambre , à Solignac , et cette nuit de juin embaumée ..",
                  "id": "4",
                  "title": "Le beau Solignac / par Jules Claretie..."
            },
            {
                  "doc_url": "https://gallica.bnf.fr/ark:/12148/bpt6k1422036x",
                  "emotions": [
                        "fear"
                  ],
                  "excerpt": "Il ne le soupçonnait même pas .Quant à l ’ abondance des coyottes autour de la grotte , il supposait que l ’ odeur du sang les avait attirées et qu ’ elles s ’ étaient enfuies en entendant les Douze - Apôtres arriver .Sur cette conclusion , il s ’ affermit dans l ’ idée de bloquer Courtes - Pattes , le Parisien et Bankroff , le blocus dût - il durer un mois .",
                  "id": "5",
                  "title": "Les Millions du trappeur, grand roman d'aventures, par Louis Noir"
            },
            {
                  "doc_url": "https://gallica.bnf.fr/ark:/12148/bpt6k1422036x",
                  "emotions": [
                        "fear",
                        "courage"
                  ],
                  "excerpt": ".Il se leva , se sangla , se mit à marcher précipitamment , fuyant les parfums de chair fumée qui le poursuivirent .Quand la faim arrive à un certain point , elle aiguise les sens d ’ une façon merveilleuse ; un hoijime à jeûf depuis longtemps sent le dîner à mille pas , et ne s ’ étonne plus du flair des animaux .",
                  "id": "6",
                  "title": "Les Millions du trappeur, grand roman d'aventures, par Louis Noir"
            },
            {
                  "doc_url": "https://gallica.bnf.fr/ark:/12148/bpt6k1422036x",
                  "emotions": [
                        "surprise",
                        "fear",
                        "nervousness"
                  ],
                  "excerpt": "Comme tous les solitaires , l ’ animal était énorme .Tout à coup , au milieu des rugissements de l ’ orage , il perçut un bruit insolite et il se leva inquiet , flairant l ’ air , mais ne recueillant point les émanations humaines à cause de l ’ état sulfureux de l ’ atmosphère .Il ne voyait pas non plus .",
                  "id": "7",
                  "title": "Les Millions du trappeur, grand roman d'aventures, par Louis Noir"
            },
            {
                  "doc_url": "https://gallica.bnf.fr/ark:/12148/bpt6k1422036x",
                  "emotions": [
                        "surprise",
                        "fear",
                        "nostalgia",
                        "nervousness"
                  ],
                  "excerpt": "Ils s ’ avancèrent en silence .Peu à peu , miss Jane sentit elle - même une odeur de pin arriver jusqu ’ à elle ; on approchait de la forêt ; elle éprouva comme un serrement de cœur , quand elle vit le bois s ’ étendre devant elle au débouché d ’ un ravin qu ’ ils suivaient depuis un quart d ’ heure ..",
                  "id": "8",
                  "title": "Les Millions du trappeur, grand roman d'aventures, par Louis Noir"
            },
            {
                  "doc_url": "https://gallica.bnf.fr/ark:/12148/bpt6k5426166g",
                  "emotions": [
                        "anger",
                        "fear",
                        "disapproval",
                        "desire",
                        "curiosity",
                        "disappointment"
                  ],
                  "excerpt": "d ' après l ' illustre Pringle , les armées anglaises furent jadis décimées par les fièvres paludéennes pernicieuses , que les armées françaises éprouvèrent — 9 — le même sort , lors de la campagne de Hollande , que ce fut des marais de la Hongrie que sortit la terrible fièvre qui , dans l ' espace de six années , enleva quatre millions d ' hommes en Europe ; et la Sologne et la Bresse , sont - elles sitnées sous la Ligne pour fournir chaque année ' leur contingent de fièvres pernicieuses ? L ' Ecosse , la patrie - des brouillards et des tempêtes réfrigérantes , ne renferme - t - elle pas aussi des marais aux miasmes meurtriers .Ossian veut donner une haute idée d ' un guerrier : « Et toi , » dit - il , ô Ducomar , tu étais fatal comme les exhalaisons du » marécageux Lano , lorsqu ' elles s ' étendent sur la plaine et » qu ' elles portent la mort parmi les nations .» En ce qui concerne la hauteur à laquelle peuvent s ' élever les miasmes marécageux , M .",
                  "id": "9",
                  "title": "Réponse au Rapport de M. le Dr Dehous sur un Mémoire adressé à la Société d'agriculture, sciences et arts de Valenciennes intitulé : Considérations générales appliquées à l'hygiène publique et privée pendant le cours d'une épidémie de choléra indien, par le Dr Bourgogne père (de Condé), auteur du Mémoire..."
            },
            {
                  "doc_url": "https://gallica.bnf.fr/ark:/12148/bpt6k5787101t",
                  "emotions": [
                        "fear",
                        "nervousness",
                        "pain"
                  ],
                  "excerpt": "L ' odorat est diminué ; de temps à autre surviennent des épistaxis .Le malade respire par la bouche , perpétuellement entr ' ouverte .Si on examine les fosses nasales à cette période , ou y Irouve des ulcérations , dès végétations .",
                  "id": "10",
                  "title": "Traité pratique de dermatologie / par H. Hallopeau,... L.-E. Leredde,..."
            },
            {
                  "doc_url": "https://gallica.bnf.fr/ark:/12148/bpt6k5578838t",
                  "emotions": [
                        "fear",
                        "nervousness"
                  ],
                  "excerpt": "160 CLARICE Quoi ! vous avez donc vu l ' Allemagne et la guerre .5 DORANTE Je m ' y suis fait quatre ans craindre comme un tonnerre .CLITON Que lui va - t - il conter ? 1 .",
                  "id": "11",
                  "title": "Théâtre choisi de Pierre Corneille, contenant : Le Cid, Horace, Cinna, Polyeucte, Le Menteur, Pompée (scènes), Rodogune, Nicomède, Sertorius (scènes), avec une étude sur la vie et l'oeuvre de P. Corneille ; l'analyse de chaque pièce, des notices historiques et un commentaire philologique, grammatical et littéraire. Nouvelle édition refondue et coordonnée par Charles Delaître,..."
            },
            {
                  "doc_url": "https://gallica.bnf.fr/ark:/12148/bpt6k54274536",
                  "emotions": [
                        "surprise",
                        "fear",
                        "embarrassment"
                  ],
                  "excerpt": "A l ' heure de l ' affût , soit lorsque la lumière Précipite ses traits dans l ' humide séjour , Soit lorsque le soleil rentre dans sa carrière , Et que , n ' étant plus nuit , il n ' est pas encor jour , Au hord de quelque bois sur un arbre je grimpe , Et , nouveau Jupiter , du haut de cet olympe , Je foudroie à discrétion Un lapin qui n ' y pensait guère .Je vois fuir aussitôt toute la nation Des lapins , qui , sur la bruyère , L ' oeil éveillé , l ' oreille au guet , S ' égayaient , et de thym parfumaient leur banquet .Le bruit du coup fait que la bande S ' en va chercher sa sûreté Dans la souterraine cité : Mais le danger s ' oublie , et cette peur si grande S ' évanouit bientôt ; je revois les lapins , Plus gais qu ' auparavant , revenir sous mes mains .",
                  "id": "12",
                  "title": "Fables de La Fontaine, précédées d'une Notice par C.-A. Sainte-Beuve,..."
            },
            {
                  "doc_url": "https://gallica.bnf.fr/ark:/12148/bpt6k1422793c",
                  "emotions": [
                        "disgust",
                        "fear"
                  ],
                  "excerpt": "Les empoisonnements par les acides , les alcalis , s ’ accompagnent de douleurs atroces dans l ’ estomac et l ’ oesophage , de vomissements souvent sanguinolents , de sueurs froides , de convulsions , de soif ardente .L ’ haleine exhale souvent l ’ odeur du poison .— Dans les empoisonnements par les acides , les vomissements rougissent le papier bleu de tournesol et font effervescence sur la pierre — 803 - ou le carreau .",
                  "id": "13",
                  "title": "Le nouveau médecin de famille : description raisonnée des maladies, avec les moyens de les guérir, suivi d'un formulaire indiquant la composition des médicaments... / par le Dr J. Pelletan,..."
            },
            {
                  "doc_url": "https://gallica.bnf.fr/ark:/12148/bpt6k5440160p",
                  "emotions": [
                        "disgust",
                        "fear"
                  ],
                  "excerpt": "\"A ces mots } d ' un couteau d ' acier , ' ' Elle f R AVÉ S ï í E ïèi Élie Juí crève le gésier , Et le met à la carbonadé .Des Suisses , une autre brigade , ( Ou la même , à l ' odeur du rôt , En ces lieux - là revient bientôt : Pleins du diable , qui les emporte , Les ogres enfoncent la porte » 0 mon Dieu , le spectacle affreux ! Cette mère s ' offre à leurs yeux Faisant cuire sa génicure .■ ■ ' ■ ■ ' Pour en faire recarelure .",
                  "id": "14",
                  "title": "La Henriade, travestie en vers burlesques [par Fougeret de Monbron]..."
            },
            {
                  "doc_url": "https://gallica.bnf.fr/ark:/12148/bpt6k856728c",
                  "emotions": [
                        "fear",
                        "desire",
                        "nostalgia"
                  ],
                  "excerpt": "Il revit l ’ aimée d ’ antan expirant du premier baiser sur ia plage lointaine et comme le garçon s ’ éloignait pour aller chercher l ’ absinthe demandée , pour la première fois de sa vie , le nouveau Noassaro pleura .Un jour , loin , bien loin de ses Karpathes embaumées , un jour sur les bords de l ’ Adriatique , Kosiaka lui mangea le cœur ..",
                  "id": "15",
                  "title": "En passant : nouvelles et poésies, 1887-1897 / Fernand Sarnette"
            },
            {
                  "doc_url": "https://gallica.bnf.fr/ark:/12148/bpt6k6473509g",
                  "emotions": [
                        "fear",
                        "nervousness"
                  ],
                  "excerpt": "sent .Goudrons et ma - Odeur , danger Prescriptions n .1 Bunel l ' J ! ) .",
                  "id": "16",
                  "title": "Manuel d'hygiène publique et industrielle ou Résumé pratique des attributions des membres des conseils d'hygiène / par Edmond Dupuy,..."
            },
            {
                  "doc_url": "https://gallica.bnf.fr/ark:/12148/bpt6k6473509g",
                  "emotions": [
                        "fear"
                  ],
                  "excerpt": "II .Tardieu 129 ) 1 ! • Asphaltes , bitu - Odeur , danger Prescriptions n .1 Bunele 87 .",
                  "id": "17",
                  "title": "Manuel d'hygiène publique et industrielle ou Résumé pratique des attributions des membres des conseils d'hygiène / par Edmond Dupuy,..."
            },
            {
                  "doc_url": "https://gallica.bnf.fr/ark:/12148/bpt6k6473509g",
                  "emotions": [
                        "fear"
                  ],
                  "excerpt": "II .Huiles de résine Odeur , danger Prescriptions n , 1 Bunel .219 .",
                  "id": "18",
                  "title": "Manuel d'hygiène publique et industrielle ou Résumé pratique des attributions des membres des conseils d'hygiène / par Edmond Dupuy,..."
            },
            {
                  "doc_url": "https://gallica.bnf.fr/ark:/12148/bpt6k6473509g",
                  "emotions": [
                        "fear"
                  ],
                  "excerpt": "II .Feutres goudron - Odeur , danger Prescriptions n .1 Bunel 177 .",
                  "id": "19",
                  "title": "Manuel d'hygiène publique et industrielle ou Résumé pratique des attributions des membres des conseils d'hygiène / par Edmond Dupuy,..."
            },
            {
                  "doc_url": "https://gallica.bnf.fr/ark:/12148/bpt6k6473509g",
                  "emotions": [
                        "fear"
                  ],
                  "excerpt": "2 .Huiles de poisson Odeur , danger Prescriptions n .I Bunel J18 .",
                  "id": "20",
                  "title": "Manuel d'hygiène publique et industrielle ou Résumé pratique des attributions des membres des conseils d'hygiène / par Edmond Dupuy,..."
            }
      ]
}