{
      "articles": [
            {
                  "doc_url": "https://gallica.bnf.fr/ark:/12148/bpt6k81283x",
                  "emotions": [
                        "anger",
                        "fear",
                        "annoyance",
                        "nervousness",
                        "disappointment"
                  ],
                  "excerpt": "La rivière à certain endroit Affecte des airs de détroit , Un bon vieux saule s ' y tient droit , Tout jaune , Avec l ' air d ' un agonisant , Riche d ' amour , pauvre de sang , A qut ' ' été fait en passant L ' aumône .Douce trêve aux pensums maudita t C ' est là qu ' au retour des jeudis , Lâchant pour les bois reverdis L ' école , J ' espionnais dès le matin , Dans l ' odeur sauvage du thym , Ce petit rusé de Martin Qui vole .Je t ' épiais dans les buissons , Tandis qu ' avec de doux frissona Les rossignolets , les pinsons , Les merles Emplissaient d ' un chant régulier La verte épaisseur du hallier Où l ' aube suspend son collier De perles .",
                  "id": "1",
                  "title": "Poésies choisies / de Clovis Hugues"
            },
            {
                  "doc_url": "https://gallica.bnf.fr/ark:/12148/bpt6k61491970",
                  "emotions": [
                        "fear"
                  ],
                  "excerpt": "Sueur douce générale ( point cependant au visage ) , la nuit et le matin , ayant l ' odeur de la paille pourrie .Sueur , la nuit , d ' odeur aigre .Le matin , vers cinq heures , après le réveil , elle commence à suer ; plusieurs jours de suite .",
                  "id": "2",
                  "title": "Traité de matière médicale, ou de l'Action pure des médicaments homoeopathiques. Tome 3 / par Samuel Hahnemann... ; avec des tables proportionnelles de l'influence que diverses circonstances exercent sur cette action, par C. Boenninghausen ; trad. de l'allemand par A.-J.-L. Jourdan,..."
            },
            {
                  "doc_url": "https://gallica.bnf.fr/ark:/12148/bpt6k5566727s",
                  "emotions": [
                        "surprise",
                        "fear",
                        "pain"
                  ],
                  "excerpt": "Je me sentais une grande supériorité sur lui , et je le regardais déjà comme vaincu , quand il s ' adossa contre une statue de Roland , et tout - à - coup , il s ' enfonça sous terre , et la statue s ' avança sur moi , jetant des flammes par la bouche et par les yeux .Jacques , à demi mort de frayeur , m ' entraînait loin de ce prodige , et comme je résistais à ses instances , je me sentis enveloppé dans un image de fumée si épaisse et si chargée d ' exhalaisons sulfureuses , que l ' on aurait pu se croire aux portes ( 90 ) de l ' enfer .Je marchais pour sortir de ce dangereux admosphère , tenant Jacques par la mains .",
                  "id": "3",
                  "title": "Robert de Neustrie, ou le Château d'Annebeau, par M. de Boissy. Tome 1"
            },
            {
                  "doc_url": "https://gallica.bnf.fr/ark:/12148/bpt6k5828212v",
                  "emotions": [
                        "fear"
                  ],
                  "excerpt": "415 ) ; elles nous ont paru identiques à celles des lits .Les Punaises sont nocturnes : elles fuient la lumière el se cachent pendant le jour dans les moindres fissures ; elles répandent une odeur très désagréable .L ' odeur de l ' Homme les attire , mais certaines personnes sont particulièrement atteintes : nous avons vu , dans des dorloirs , les mêmes enfants poursuivis sans relâche par ces Insectes , malgré tous les changements de lits effectués , tandis que d ' autres , venant habiter le lit lig .",
                  "id": "4",
                  "title": "Éléments de zoologie médicale et agricole, par A. Railliet,..."
            },
            {
                  "doc_url": "https://gallica.bnf.fr/ark:/12148/bpt6k6142255t",
                  "emotions": [
                        "fear",
                        "greed"
                  ],
                  "excerpt": ".O ! fugitives fleurs , avant le soir flétries , Dont les légers parfums n ' embaument qu ' un matin .Mais de quelque côté que retournant la vue , Je regarde dans le présent , Je ne vois que douleurs , âme triste , abattue , Visage morne et pâlissant .",
                  "id": "5",
                  "title": "Heures de melancolie, poésies, par Mlle Frédérique Jacques..."
            },
            {
                  "doc_url": "https://gallica.bnf.fr/ark:/12148/bpt6k5473888x",
                  "emotions": [
                        "fear"
                  ],
                  "excerpt": "Il n ' en est pas ainsi des années qui séparent de la chute de Robespierre l ' aurore du Consulat .Vous diriez des steppes ou mieux encore des marécages dont l ' oeil se détourne , où le pied hésite à s ' aventurer , de peur d ' y rencontrer , non pas des lions et des tigres , mais toutes sortes de bêtes venimeuses , d ' immondes reptiles et de miasmes infects .L ' humanité sauvée et vengée par le 9 thermidor , la république tuée et enterrée par le 18 brumaire ; entre ces deux étapes d ' une même réaction , six ans de malaise , de désordre , de dilapidation , de fièvre , de lassitude , de dévergondage , marqués par deux ou trois tentatives de repriser de possession révolutionnaire au profit des survivants du terrorisme ; Ro - RÉPUBLICAINS ET ROYALISTES 127 bespierre et l ' échafaud à un bout , Bonaparte et le sabre à un autre ; On ne veut pas en savoir davantage .",
                  "id": "6",
                  "title": "Nouveaux samedis : 11e série / par A. de Pontmartin,..."
            },
            {
                  "doc_url": "https://gallica.bnf.fr/ark:/12148/bpt6k5804563d",
                  "emotions": [
                        "grief",
                        "fear",
                        "calmness",
                        "nervousness"
                  ],
                  "excerpt": "' ■ ' Mais Mériéma ne voit pas la tuerie lamentable , ' les porcs immondes qui viennent retourner de leurs grouins avides les débris saignants , lécher le sang coagulé .Elle ne sent pas l ' affreuse odeur de mort .File prie , elle psalmodie , elle pleure , retranchée à jamais de la cdmmunioii des êtres , plongée dans la solitude lugubre de son âme obscurcie .",
                  "id": "7",
                  "title": "Notes de route : Maroc, Algérie, Tunisie / Isabelle Eberhardt ; publiées, avec une préface, par Victor Barrucand ; illustrations de G. Rochegrosse, E. Dinet, M. Noiré, P. BOnnard"
            },
            {
                  "doc_url": "https://gallica.bnf.fr/ark:/12148/bpt6k62163300",
                  "emotions": [
                        "fear",
                        "courage",
                        "pain"
                  ],
                  "excerpt": "Sa chair se mange en maigre et a , en effet , un mauvais goût de poisson , ou plutôt de marais .Sa retraite est infectée de la mauvaise odeur des débris du poisson qu ' elle y laisse pourrir ; elle sent elle - même assez mauvais : les chiens la chassent volontiers et l ' atteignent aisément , lorsqu ' elle est éloignée de son gîte et de l ' eau ; mais quand ils la saisissent , elle se défend , les mord cruellement , et quelquefois avec tant de force et d ' acharnement qu ' elle leur brise les os des jambes , et qu ' il faut la tuer pour la faire démordre .Le castor cependant , qui n ' est pas un animal bien fort , chasse la loutreet ne lui permet pas d ' habiter sur les bords qu ' il fréquente .",
                  "id": "8",
                  "title": "Oeuvres complètes de Buffon. Tome 9"
            },
            {
                  "doc_url": "https://gallica.bnf.fr/ark:/12148/bpt6k62163300",
                  "emotions": [
                        "disgust",
                        "fear",
                        "disapproval"
                  ],
                  "excerpt": "Il exhale une odeur infecte par la gueule : comme , pour assouvir sa faim , il avale indistinctement tout ce qu ' il trouve , des chairs corrompues , des os , du poil , des peaux à demi tannées et encore toutes couvertes de chaux , il vomit fréquemment , et se vide encore plus souvent qu ' il ne se remplit .Enfin , désagréable en tout , la mine basse , l ' aspect sauvage , la voix effrayante , l ' odeur insupportable , le naturel pervers , les mœurs féroces , il est odieux , nuisible de son vivant , inutile après sa mort .( a ) Voyez le Voyage de Pietro della Valle .",
                  "id": "9",
                  "title": "Oeuvres complètes de Buffon. Tome 9"
            },
            {
                  "doc_url": "https://gallica.bnf.fr/ark:/12148/bpt6k6348266z",
                  "emotions": [
                        "disgust",
                        "fear",
                        "disapproval"
                  ],
                  "excerpt": "En buvant de l ' eau froide , ils se remettent .La saveur de cette pierre est douce et amère et c ' est un poison .Elle guérit les ulcères malins , les blessures incisives avec hémorragies .",
                  "id": "10",
                  "title": "Les lapidaires de l'antiquité et du moyen-âge. 1, Les lapidaires chinois / introduction, texte et traduction avec la collaboration de M. H. Courel"
            },
            {
                  "doc_url": "https://gallica.bnf.fr/ark:/12148/bpt6k58173205",
                  "emotions": [
                        "disgust",
                        "fear",
                        "nervousness"
                  ],
                  "excerpt": "- ' La poix résine est en pains jaunes , opaques et fragiles .Elle a une cassure vitreuse et une odeur - très - faible ; elle se ramollit dans les doigts .— 868 .",
                  "id": "11",
                  "title": "Histoire abrégée des drogues simples. Tome 2 / , par N.-J.-B.-G. Guibourt,... Seconde édition, corrigée et augmentée"
            },
            {
                  "doc_url": "https://gallica.bnf.fr/ark:/12148/bpt6k57155074",
                  "emotions": [
                        "fear"
                  ],
                  "excerpt": "Graisses a feu nu ( fonte des ) .Très - mauvaise odeur , et danger du 1 21 mai 1833 .feu .",
                  "id": "12",
                  "title": "Le nouveau manuel des conseillers de préfecture. Tome 1 / par M. Brun,..."
            },
            {
                  "doc_url": "https://gallica.bnf.fr/ark:/12148/bpt6k9631046d",
                  "emotions": [
                        "sadness",
                        "fear",
                        "nervousness",
                        "despair"
                  ],
                  "excerpt": "La teinte sombre de la belladone , l ' odeur nauséabonde , quoique faible , qu ' elle répand , suffisent pour la faire regarder comme une plante suspecte , et cependant tout cela est encore loin de donner l ' idée des funestes effets qu ' elle produit .Malheur à l ' enfant imprudent qui se lais - serait séduire par la figure des baies de belladone et par leur goût douceâtre 1 bientôt se manifesteraient les symptômes les plus alarmants : l ' ivresse , un délire assez communément gai , un état de stupeur , le refroidissement de tout le corps , et enfin la mort .Pour qu ' un effet si terrible soit produit , il faut avoir mangé plus d ' une baie .",
                  "id": "13",
                  "title": "Leçons de botanique à l'usage des jeunes gens des deux sexes ou Instructions sur le règne végétal... (2e édition) / par Mme Bonifas-Guizot..."
            },
            {
                  "doc_url": "https://gallica.bnf.fr/ark:/12148/bpt6k61491970",
                  "emotions": [
                        "fear"
                  ],
                  "excerpt": [
                        "285 .Le matin , goût putride dans la bouche , quoique les alimens et les boissons aient leur saveur naturelle .En crachant , il sent un goût amer dans le fond delà gorge .",
                        "Plusieurs nuits de suite , beaucoup de sueur après minuit .Sueur la nuit , d ' odeur putride ( au bout de huit jours ) .."
                  ],
                  "id": "14",
                  "title": "Traité de matière médicale, ou de l'Action pure des médicaments homoeopathiques. Tome 3 / par Samuel Hahnemann... ; avec des tables proportionnelles de l'influence que diverses circonstances exercent sur cette action, par C. Boenninghausen ; trad. de l'allemand par A.-J.-L. Jourdan,..."
            },
            {
                  "doc_url": "https://gallica.bnf.fr/ark:/12148/bpt6k57155074",
                  "emotions": [
                        "fear"
                  ],
                  "excerpt": "Cretonnicrs .Mauvaise odeur et danger de feu .1 15 oct .",
                  "id": "15",
                  "title": "Le nouveau manuel des conseillers de préfecture. Tome 1 / par M. Brun,..."
            },
            {
                  "doc_url": "https://gallica.bnf.fr/ark:/12148/bpt6k58078975",
                  "emotions": [
                        "fear",
                        "excitement",
                        "nervousness"
                  ],
                  "excerpt": "Son principal effet est dé développer l ' excitabilité réflexe de la moelle .C ' est un convulsivant des plus énergiques .Mélisse .",
                  "id": "16",
                  "title": "Homéopathie complexe : théorique et pratique (4e édition revue et augmentée) / Dr A. Marçais"
            },
            {
                  "doc_url": "https://gallica.bnf.fr/ark:/12148/bpt6k6325575g",
                  "emotions": [
                        "fear",
                        "disapproval",
                        "doubt"
                  ],
                  "excerpt": "et popul .Voou miou estre prochi d ' un cagaire , que d ' un chaputaire : mieux vaut être près d ' un chieur que d ' un abateur ( Bûcheron ) , parce que le premier ne peut vous donner que des mauvaises odeurs , tandis que le second peut faire jaillir sur vous quelque éclat de bois qui vous blesse .On dit fig .",
                  "id": "17",
                  "title": "Dictionnaire provençal-français : contenant tous les termes insérés et ceux omis dans les dictionnaires provencaux publiés à ce jour... ; suivi d'un Vocabulaire français-provençal... / par J.-T. Avril"
            },
            {
                  "doc_url": "https://gallica.bnf.fr/ark:/12148/bpt6k968807m",
                  "emotions": [
                        "grief",
                        "sadness",
                        "fear",
                        "nostalgia",
                        "nervousness",
                        "despair",
                        "disappointment"
                  ],
                  "excerpt": "Il y en avait partout , dans les vases , sur les meubles , sur le tapis , jusque sur le lit , où elle les avait répandues , effeuillées , à profusion .Fleurs mortelles qui , tout à l ’ heure , de leûrs parfums subtils , tueraient cette exquise créature de vingt ans ! Et maintenant que , désabusée , terrassée par la vie cruelle , résolue à en finir , elle attendait sans effroi , les regards fixes , l ’ éternelle délivrance , le passé se représentait à son esprit , plus net , mais , inexorablement décevant .Grisée déjà , elle parlait haut comme en un délire .",
                  "id": "18",
                  "title": "Le Franc-parleur. Supplément illustré"
            },
            {
                  "doc_url": "https://gallica.bnf.fr/ark:/12148/bpt6k58173205",
                  "emotions": [
                        "disgust",
                        "fear"
                  ],
                  "excerpt": "Cette plante croît sur le bord des étangs et dans les eaux stagnantes ; sa tige est haute de un à deux pieds , cylindrique , fistuleuse et rameuse ; ses fouilles sont grandes , deux ou trois fois ailées , composées de folioles lancéolées , un peu étroites , pointues et dentées en scie ; ses fleurs sont blanches , presque ; régulières et disposées en ombelles lâches .Elle a une odeur désagréable et est remplie d ' un suc jaunâtre qui est un poison pouf l ' homme et pour les animaux .Elle ' n ' est pas usitée en médecine ; ; ' ~ 1 42ô - De la grande Ciguë ou Ciguë des anciens .",
                  "id": "19",
                  "title": "Histoire abrégée des drogues simples. Tome 2 / , par N.-J.-B.-G. Guibourt,... Seconde édition, corrigée et augmentée"
            },
            {
                  "doc_url": "https://gallica.bnf.fr/ark:/12148/bpt6k58078975",
                  "emotions": [
                        "fear"
                  ],
                  "excerpt": "Arbre des Indes orientales .Les semences sont un poison violent , sont sans odeur , mais d ' une saveur très amère .Elles renferment la strychnine , la brucine , Yigasurine .",
                  "id": "20",
                  "title": "Homéopathie complexe : théorique et pratique (4e édition revue et augmentée) / Dr A. Marçais"
            }
      ]
}