{
      "articles": [
            {
                  "doc_url": "https://gallica.bnf.fr/ark:/12148/bpt6k5623629g",
                  "emotions": [
                        "fear",
                        "pain"
                  ],
                  "excerpt": "I .a coucho d ' air domestique qui baigne la ville , que respire l ' homme , est empoisonnée par les gaz dos usines , jiar la fumée du charbon , par les émanations des égouts , jiar les poussières « les rues .I .",
                  "id": "1",
                  "title": "Guérison de la tuberculose / par le Dr Coste de Lagrave"
            },
            {
                  "doc_url": "https://gallica.bnf.fr/ark:/12148/bpt6k6555557v",
                  "emotions": [
                        "sadness",
                        "fear"
                  ],
                  "excerpt": "Les paroles humaines sont trop pauvres et trop limitées pour traduire cette poésie des yeux , cette idéale conversation des regards amoureux .L ' obscurité commençante , l ' odeur des chè - vrefeuilles de la terrasse , la moite pression des mains contre les mains achevaient de faire per - dre aux deux jeunes gens le sentiment du monde extérieur et de la vie réelle .— Pourquoi ne voulez - vous pas de mon amour ? osa enfin murmurer Gérard .",
                  "id": "2",
                  "title": "Madame Véronique : scènes de la vie forestière / par André Theuriet"
            },
            {
                  "doc_url": "https://gallica.bnf.fr/ark:/12148/bpt6k80427r",
                  "emotions": [
                        "fear"
                  ],
                  "excerpt": "Un soir , pendant que les Européens et leur hôte causaient ainsi , une odeur acre , fétide , une odeur de charnier ou de fauves , apportée par le vent , parvint tout à coup jusqu ' aux passagers du Khédive .- » C ' est affreux dit Delange , le rivage aue nous côtoyons est donc empesté ? – Non , répondit le commandant , ces émanations notis viennent de cette grande barque que vous voyez descendre le Nil et qui va nous croiser dans un instant .Si je ne me trompe , je pourrai trouver à son bord , un exemple vivant à l ' appui de ce que je viens de vous dire sur la traite et sur nôtre impuissance à l ' abolir .",
                  "id": "3",
                  "title": "La fièvre de l'inconnu (5e éd.) / par Adolphe Belot"
            },
            {
                  "doc_url": "https://gallica.bnf.fr/ark:/12148/bpt6k80427r",
                  "emotions": [
                        "surprise",
                        "fear"
                  ],
                  "excerpt": "Une demi - minute s ' écoule .Si l ' on n ' entendait pas la respiration de toutes ces poitrines haletantes , le souffle puissant de ces poumons surmenés ; si de # < .) t ' ~ cette foule échauffée , en sueur , tassée , pressée , il ne montait une sorte de buée et des senteurs de fauve , on croirait que le sol s ' est entr ' ouvert pour engloutir tous les danseurs .",
                  "id": "4",
                  "title": "La fièvre de l'inconnu (5e éd.) / par Adolphe Belot"
            },
            {
                  "doc_url": "https://gallica.bnf.fr/ark:/12148/bpt6k5787796c",
                  "emotions": [
                        "fear",
                        "love",
                        "caring",
                        "indifference"
                  ],
                  "excerpt": "Je rappellerai l ' histoire délicieuse du .petit chien qu ' elle reçoit un jour de la princesse de Tarehte ; ce chien tout parfumé , qui a des oreilles , des soies ; elle ne l ' aime point encprej mais il s ' attache à elle , elle craint de succomber ( 2 ) .Si sa plume sait prêter à ces détails frivoles un attrait que nul autre n ' aurait pu leur donner , quel plaisir de la voir devenir l ' interprètedes événements d ' une cour qu ' elle a fait mieux connaître , de trouver un historien chez cette femme si gracieuse et des annales sans prix dans des lettres charmantes ! Là se trouve raconté jour à jour le mystère des amours du grand roi , de ses retours , de ses faiblesses .",
                  "id": "5",
                  "title": "Éloge de Mme de Sévigné , par F. Collet,..."
            },
            {
                  "doc_url": "https://gallica.bnf.fr/ark:/12148/bpt6k80610k",
                  "emotions": [
                        "fear",
                        "annoyance",
                        "desire",
                        "nostalgia",
                        "doubt",
                        "nervousness"
                  ],
                  "excerpt": "– Je rêve pensa celle - ci .Je rêve ou je deviens folle 1 Cette odeur ne vient - elle pas de me rappeler .Elle s écarta dé l ' enfant et la retint par les épaulés , à longueur de bras , pour la mieux regarder .",
                  "id": "6",
                  "title": "Coeur d'amour. 4, L'éborgnade / Paul Féval fils"
            },
            {
                  "doc_url": "https://gallica.bnf.fr/ark:/12148/bpt6k6476345k",
                  "emotions": [
                        "disgust",
                        "fear",
                        "pain",
                        "embarrassment"
                  ],
                  "excerpt": "Vous direz Iapuanteur d ' un morceau de viande gâté , et Vinfection des cadavres .La puanteur d ' une personne sale nous fait reculer , de grands marais répandent l ' infection et la maladie dans un village , dans un canton .Il y a des vapeurs puantes , telles que celles de la savate brûlée , qui sont salutaires dans certains accideus ; mais des vapeurs infectes sont loujours funestes ou maltaisantes .",
                  "id": "7",
                  "title": "Dictionnaire universel des synonymes de la langue française : contenant les synonymes de Girard... et ceux de Beauzée, Roubeaud, d'Alembert, Diderot, etc.. Tome 2"
            },
            {
                  "doc_url": "https://gallica.bnf.fr/ark:/12148/bpt6k6281580z",
                  "emotions": [
                        "surprise",
                        "fear",
                        "doubt",
                        "nervousness",
                        "embarrassment"
                  ],
                  "excerpt": "Tous avez bien gagné 20 , 000 francs dans le marché que je vous ai fait faire avec Grindot ; il croyait servir le notaire , et vous possédez un immeuble qui , dans cinq ans , vaudra près d ' un million .C ' est un coin de boulevard ! Brigitte était inquiète en écoutant , absolu - ment comme un chat qui sent des souris sous un plancher .Elle regardait Théodose dans les yeux , et malgré la justesse de ses observations , elle concevait des doutes .",
                  "id": "8",
                  "title": "Les petits bourgeois, scènes de la vie parisienne : roman posthume de H. de Balzac. Volume 2"
            },
            {
                  "doc_url": "https://gallica.bnf.fr/ark:/12148/bpt6k64571002",
                  "emotions": [
                        "fear",
                        "disapproval"
                  ],
                  "excerpt": "Du reste , tu n ' as plus longtemps à attendre maintenant .Je te l ' ai dit tout - à - l ' heure , tu commences à aimer les parfums de la mort .Dans quelques jours , tu auras à te prononcer , à choisir .",
                  "id": "9",
                  "title": "Les contes noirs / par Alexandre Pillon"
            },
            {
                  "doc_url": "https://gallica.bnf.fr/ark:/12148/bpt6k97455264",
                  "emotions": [
                        "disgust",
                        "fear"
                  ],
                  "excerpt": "Faouhm considérait sa tribu .Le désastre était sur elle comme une portée de reptiles : jaune de limon , écarlate de sang , verte d ' algues , elle jetait une odeur de fièvre et de chair pourrie .Il y avait des hommes roulé6 sur euxmêmes comme des pythons , d ' autres allongés comme des .",
                  "id": "10",
                  "title": "La guerre du feu : roman des âges farouches / J.-H. Rosny aîné"
            },
            {
                  "doc_url": "https://gallica.bnf.fr/ark:/12148/bpt6k97455264",
                  "emotions": [
                        "disgust",
                        "fear",
                        "disapproval"
                  ],
                  "excerpt": "Le vent leur porte notre trace .Naoh secoua la tête , car il craignait bien plus l ' odorat de l ' ennemi que sa vue ou que son ouïe .— Il faut tourner le vent ! ajouta Nam .",
                  "id": "11",
                  "title": "La guerre du feu : roman des âges farouches / J.-H. Rosny aîné"
            },
            {
                  "doc_url": "https://gallica.bnf.fr/ark:/12148/bpt6k97455264",
                  "emotions": [
                        "fear",
                        "desire",
                        "nostalgia",
                        "envy"
                  ],
                  "excerpt": "Enfin Naoh précéda ses compagnons , baissant la tête et dilatant les narines : des ossements se rencontraient , avec des fragments de peau , des cornes , des bois d ' élaphe , des mâchoires .L ' hôte se décelait un chasseur puissant et redoutable ; Naoh ne cessait d ' aspirer ses émanations : — C ' est la caverne de l ' Ours gris , déclara - t - il ..",
                  "id": "12",
                  "title": "La guerre du feu : roman des âges farouches / J.-H. Rosny aîné"
            },
            {
                  "doc_url": "https://gallica.bnf.fr/ark:/12148/bpt6k96186871",
                  "emotions": [
                        "disgust",
                        "fear",
                        "greed"
                  ],
                  "excerpt": "campagne est piquée de soldats qui marchent , ou jonchée de corps immobiles : il y en a de so ' i ' taires , étendus face au ciel ou le nez contre terre , d ' autres en paquets , entassés là par un obus , pêle - mêle de chairs déchiquetées , de membres tordus , convulsés , raidis sous les volutes des entrailles sautées hors des ventres ouverts .Une odeur de sang corrompu prend à la gorge lorsqu ' on côtoie ces piles de morts .Jean frissonne ; sa main se crispe s .",
                  "id": "13",
                  "title": "Amour sacré... : roman inédit / Charles Robert-Dumas ; illustrations d'après les dessins de G. Conrad"
            },
            {
                  "doc_url": "https://gallica.bnf.fr/ark:/12148/bpt6k5442433f",
                  "emotions": [
                        "surprise",
                        "disgust",
                        "fear"
                  ],
                  "excerpt": "LV11I Le chien fit amitié au pédagogue et lui céda volontiers sa proie , que maître Bonus se mit en devoir de faire cuire ; mais les fées , qui le surveillaient , 34 LA COUPE lui envoyèrent une hallucination épouvantable : aussitôt qu ' il commença d ' écorcher le lièvre , le lièvre grandit et prit sa figure , de manière qu ' il s ' imagina s ' écorcher lui - même .Saisi d ' horreur , il mit l ' animal sur les charbons , espérant se délivrer de son rêve en respirant l ' odeur de la viande grillée ; mais ce fut lui qu ' il fit griller dans des contorsions hideuses , et même il crut sentir dans sa propre chair qu ' il brûlait en effet .< LIX Il se rappela qu ' il était condamné par .",
                  "id": "14",
                  "title": "La Coupe / par George Sand"
            },
            {
                  "doc_url": "https://gallica.bnf.fr/ark:/12148/bpt6k62866t",
                  "emotions": [
                        "fear",
                        "nostalgia",
                        "nervousness"
                  ],
                  "excerpt": "1 En quittant ta table au bras de Daniel , Anane , penchée sous ses yeux , murmura impérieusement $ « Je voudrais vous plaire .Elle dégagea doucement sa main de l ' étreinte et dit d ' une voix pleine de pensées secrètes « – C ' est toute la nuit quinous entoure , etce par3 fum de roses en pénètre le sitencc .Ne croyez - vous pas que cette heure conviendrait à l ' aveu d ' une tendresse peureuse ? t ) Ayant deviné ta , sensibilité de ce cœur , elle s ' appliquait à lui plaire par un artifice de mot ~ et do nuances .",
                  "id": "15",
                  "title": "L'inversion sentimentale : roman ; La sagesse pathétique / J.-A. Coulangheon"
            },
            {
                  "doc_url": "https://gallica.bnf.fr/ark:/12148/bpt6k118951h",
                  "emotions": [
                        "disgust",
                        "fear",
                        "pain"
                  ],
                  "excerpt": "Vous direz la puanteur 4 - ' wl morceau de viande gltée , et l ' infection des cadavres .La puanteur d ' une > personne sale vous fait reculer de glands marais répandent l ' infection et la maladie dans un village , dans un canton .( R .",
                  "id": "16",
                  "title": "Nouveau dictionnaire des synonymes français / par A.-L. Sardou,..."
            },
            {
                  "doc_url": "https://gallica.bnf.fr/ark:/12148/bpt6k106935j",
                  "emotions": [
                        "surprise",
                        "fear"
                  ],
                  "excerpt": "Là , mon oncle ayant « djmandé de l ' eau et bu deux fois , se coucha sur « un drap qu ' il fit étendre .Ensuite , des flammes qui « parurent plus grandes , et une odeur de soufre qui « annonçait leur apprcche mirent tout le monde en « fuite .Il se lève , alors , appuyé sur deux esclaves , « et , dans le moment même , retombe mort .",
                  "id": "17",
                  "title": "À travers l'Italie : journal d'un touriste, 1868-1869 / Théligny du Castaing"
            },
            {
                  "doc_url": "https://gallica.bnf.fr/ark:/12148/bpt6k9623507c",
                  "emotions": [
                        "fear",
                        "pain"
                  ],
                  "excerpt": "Blé .Brûlé , sentir le brûlé .Coulé , pas de danse .",
                  "id": "18",
                  "title": "Dictionnaire français, par ordre d'analogie ... par P.-A. Lemare,..."
            },
            {
                  "doc_url": "https://gallica.bnf.fr/ark:/12148/bpt6k61508240",
                  "emotions": [
                        "fear"
                  ],
                  "excerpt": "Nos facultés physiques s ' aiguisent par nos périls ou nos besoins .Ainsi , le bédouin du désert a la vue perçante du lynx , et le sauvage des forêts a l ' odorat des bêtes fauves .Quand les sentiments d ' un peuple sont contre le gouvernement , il est à remarquer que toutes les sociétés particulières tendent à lui nuire .",
                  "id": "19",
                  "title": "Maximes et pensées de Napoléon, suivies d'un poème résumant toute l'histoire du grand homme, par Charles Soullier"
            },
            {
                  "doc_url": "https://gallica.bnf.fr/ark:/12148/bpt6k5727378d",
                  "emotions": [
                        "grief",
                        "fear",
                        "love",
                        "pride",
                        "nervousness",
                        "disappointment"
                  ],
                  "excerpt": "Sur ce flot ruisselant qui vous gardait du jour .DE L ' ENFANCE 179 Le poids d ' une couronne oppressait mon amour ; Vos maîtres étaient fiers et moi j ' étais tremblante : J ' avais peur d ' attiser l ' auréole brûlante , Et , troublée aux parfums de si précoces fleurs , Vois - tu , j ' en ai payé l ' éclat par bien des pleurs .Comprends tout ! .",
                  "id": "20",
                  "title": "Les Poésies de l'enfance, par Mmes Desbordes-Valmore. [Publié par Ath. Mourier, avec une préface de MM. P. et H. Valmore.] 2e édition..."
            }
      ]
}