{
      "articles": [
            {
                  "doc_url": "https://gallica.bnf.fr/ark:/12148/bpt6k54401220",
                  "emotions": [
                        "fear"
                  ],
                  "excerpt": "Laissez - moi , je vous prie , continuer .' 1 Je sortis , tout notre monde était éveillé , mais silencieux : on craignait que les émanations de nos bêtes de somme ne nous attirassent de dangereux visiteurs .Le dos appuyé contre un arbre , la carabine à la main , j ' écoutais les bruits formidables de la plaine ; j ' entendais le broiement des os , jusqu ' aux claquements des mâchoires , entrecoupés de grondements , de hurle ' ments , de cris sans nom .",
                  "id": "1",
                  "title": "Les chasseurs d'éléphants en Nubie (3e édition) / par Lavayssière"
            },
            {
                  "doc_url": "https://gallica.bnf.fr/ark:/12148/bpt6k8742035",
                  "emotions": [
                        "fear"
                  ],
                  "excerpt": "Machine soufflante ( avec valves d ' entrée et de sortie : inlct , outlel ) .odorant ; quand l ’ observateur entend le coup de marteau , il met sa montre en route , et il l ’ arrête lorsque l ’ odeur lui parvient .Ces procédés sont évidemment moins précis que ceux qui font intervenir l ’ anémomètre .",
                  "id": "2",
                  "title": "Manuel pratique d'exploitation des mines, par Arnold Lupton,... Édition française adaptée par Daniel Bellet,..."
            },
            {
                  "doc_url": "https://gallica.bnf.fr/ark:/12148/bpt6k62256v",
                  "emotions": [
                        "surprise",
                        "fear"
                  ],
                  "excerpt": "Tous les matins , Catherin demandait aux gardiens quel temps il faisait , et quand il pleuvait , ïarage do son impuissance hn convulsait te visage et lui serrait les poings .La nuit , lui qui avait auparavant un lourd sommeil do bruto , des cauchoMars haletante le aocouaioat .C ' éta ! t un y & ve , toujours ! o Même , d ' une monotonio féMce il voyait son bM pourri , les sarments s ' eMia ~ ant en Man ~ s MnpKtducttves , ! o Borne tenace , narquoisement obstiné , qui rongeait lo champ et , petit à petit , l ' avalait tout entier .",
                  "id": "3",
                  "title": "Reine Soleil, une fille de la glèbe (2e éd.) / par Harry Alis"
            },
            {
                  "doc_url": "https://gallica.bnf.fr/ark:/12148/bpt6k65035232",
                  "emotions": [
                        "surprise",
                        "disgust",
                        "fear",
                        "annoyance",
                        "nervousness"
                  ],
                  "excerpt": "« L ' accord a été parfait entre les deux voisin ! pendant longtemps ; puis , plus tard , le sieui Lamande ayant donné une extension notable ¿ son élevage des porcs , M .Beaudequin s ' est trouv ( incommodé par les cris et l ' odeur de ces animaux .Il a attaqué son voisin qu ' on a contrainte demander une autorisation , après enquête , comme exploitant un établissement insalubre .",
                  "id": "4",
                  "title": "Rapport général sur les travaux des conseils d'hygiène publique et de salubrité du département de la Haute-Vienne présenté à M. le préfet de la Haute-Vienne par M. Larue-Dubarry,..."
            },
            {
                  "doc_url": "https://gallica.bnf.fr/ark:/12148/bpt6k65035232",
                  "emotions": [
                        "fear"
                  ],
                  "excerpt": "2 ° .Chandelles ( Fabrication des ) Odeur , danger d ' inc .3 ° : Chantiers de bois à brûler dans les villes .",
                  "id": "5",
                  "title": "Rapport général sur les travaux des conseils d'hygiène publique et de salubrité du département de la Haute-Vienne présenté à M. le préfet de la Haute-Vienne par M. Larue-Dubarry,..."
            },
            {
                  "doc_url": "https://gallica.bnf.fr/ark:/12148/bpt6k65035232",
                  "emotions": [
                        "fear"
                  ],
                  "excerpt": "3e .Graisses pour voitures ( fabrication des ) Odeur , danger d ' in - re jjraisses pour voitures ( fabrication des ) cendle .lre Gravure chimique sur verre , avec application de vernis aux hydrocarbures Iden .",
                  "id": "6",
                  "title": "Rapport général sur les travaux des conseils d'hygiène publique et de salubrité du département de la Haute-Vienne présenté à M. le préfet de la Haute-Vienne par M. Larue-Dubarry,..."
            },
            {
                  "doc_url": "https://gallica.bnf.fr/ark:/12148/bpt6k9766970s",
                  "emotions": [
                        "disgust",
                        "fear"
                  ],
                  "excerpt": "Il Flairer : Usaïndatzea .Il Exhaler une odeur : Senditzea , usaïntzea , urrintzea .Il Apercevoir : Ikustea .",
                  "id": "7",
                  "title": "Dictionnaire français-basque / par M.-H.-L. Fabre"
            },
            {
                  "doc_url": "https://gallica.bnf.fr/ark:/12148/bpt6k5452479q",
                  "emotions": [
                        "fear",
                        "doubt",
                        "nervousness"
                  ],
                  "excerpt": "2S » 8 LE COVISTK INDISCRET Sur la riche ottomane où le mol abandon Trouve l ' appui soyeux dos coussins de Si don , Où le loisir badin , le soir , s ' étire et jase Elvire a déplacé quelques voiles de gaze .Elle cherche , anxieuse , et d ' un geste fatal Ouvre , vide un coffret embaumé do santal .Acier damasquiné par l ' austère Tolède , Un poignard luit dans l ' ombre et propose son aide .",
                  "id": "8",
                  "title": "Le copiste indiscret de Hugo, Vigny, Barbey d'Aurevilly, Albert Samain, Rimbaud, Jules Renard, Anatole France,... etc. / Jean Pellerin"
            },
            {
                  "doc_url": "https://gallica.bnf.fr/ark:/12148/bpt6k4235586w",
                  "emotions": [
                        "fear",
                        "nervousness"
                  ],
                  "excerpt": "On peut s ’ en apperce - voir aux rides que contratte le vagin , à l .’ odeur du foufre qui fe fait fentir fur la tête de l ’ enfant .Il feroit à fouhaiter que nous connufîions tous les moyens intâ - mes dont fe fervent les femmes débauchées pour détruire leur fruit , afin que l ’ on pût faire les rapports avec autant de vérité que d ’ exattitude .",
                  "id": "9",
                  "title": "Collection de différentes pièces concernant la chirurgie, l'anatomie et la médecine pratique, extraites principalement des ouvrages étrangers. T. I. - Collection d'observations sur l'anatomie, la chirurgie et la médecine pratique, extraites principalement des ouvrages étrangers. T. II [-III]. Tome 1"
            },
            {
                  "doc_url": "https://gallica.bnf.fr/ark:/12148/bpt6k64885277",
                  "emotions": [
                        "fear",
                        "nostalgia",
                        "courage",
                        "pride",
                        "despair",
                        "faith"
                  ],
                  "excerpt": "Qu ' importe à vous , à moi , que ce vil vêtement De la flamme , ou des vers , devienne l ' aliment ? Qu ' une froide poussière à moi jadis unie Soit balayée aux flots ou bien aux gémonies ? Ce corps vil , composé des éléments divers , Ne sera pas plus moi qu ' une vague des mers , Qu ' une feuille des bois que l ' aquilon promène , Qu ' un atome flottant qui fut argile humaine .Que le feu du bûcher dans les airs exhalée Ou le sable mouvant de vos chemins foulé ! - Mais je laisse en partant à cette terre ingrate Un plus noble débris de ce que fut Socrate : Mon génie à Platon ; à vous tous mes vertus ; Mon âme aux justes dieux ; ma vie à Mélitus , Comme au chien dévorant qui sur le seuil aboie , En quittant le festin , on jette aussi sa proie ! .Sur sa lèvre entr ' ouverte , hélas ! venait mourir , Puis semblait tout à coup palpiter et courir : Comme , prêt à s ' abattre aux rives paternelles , D ' un cygne qui se pose on voit battre les ailes , Entre les bras d ' un songe il semblait endormi .",
                  "id": "10",
                  "title": "Premières méditations poétiques : avec commentaires ; La mort de Socrate / A. de Lamartine"
            },
            {
                  "doc_url": "https://gallica.bnf.fr/ark:/12148/bpt6k97862468",
                  "emotions": [
                        "fear",
                        "indifference"
                  ],
                  "excerpt": "Dans la septieme page de sa lettre il donne ses observations & celles de quelques Médecins pour prouver qu ' il n ' eniro dans le remède anivei - sel aucun minéral ni aucune substance animale .L ' anonime continue en disant dans la huitième page de sa lettre ; » si nous voulons ré » fléchir aux essets qu ' elle produit sur le corps » humain > nous connoîtrons aisément » que » c ' est un purgatif très violent composé des re » médes les plus acres & les plus piquants ; & » peut - être diroit - on vrai si on disoit que c ' est J ) un ramas de jaîap » de gomme gutte > d ' ex » trait d ' ésula > de scarnonnée » de gratiola & » autres semblables .La couleur de cette Pou » dre » qui est noire , ne doit point vous faire » douter de ce que je dis , cette couleur dépend > » probablement d ' une forte torrefaétion qu ' on » donne à la Poudre quand elle est dans son état » naturel à laquelle on joint de la mie de pain » brûlé réduite en Poudre , & qu ' on a soin de » bien mêler dans le reméde > ou de quelque au .",
                  "id": "11",
                  "title": "Medecine universelle ou Traite de l'origine des maladies, & de l'usage de la poudre purgative , par messire Jean Ailhaud,... suivie du précis dudit traité par messire Jean-Gaspard Ailhaud son fils... Avec les réponses aux écrits publiés contre le remède universel et son auteur"
            },
            {
                  "doc_url": "https://gallica.bnf.fr/ark:/12148/bpt6k5841769r",
                  "emotions": [
                        "surprise",
                        "fear",
                        "despair",
                        "embarrassment"
                  ],
                  "excerpt": ".Immense , jamais entendu , un appel clamant l ' allégresse de vivre vient des cent mille voix des animaux , des insectes ; dans l ' air , émané des corolles épanouies , monte , comme un encens , le parfum de la forêt fleurie , et nous , les civilisés , restons sur le sentier , écrasés par cet hymne sauvage et comme effrayés de nous sentir si petits en face de cette grandiose manifestation des premiers âges de la Nature .LE PAYS INCONNU 223 Borikane , 6 heures du soir .",
                  "id": "12",
                  "title": "Mirages d'exil / Jean Renaud"
            },
            {
                  "doc_url": "https://gallica.bnf.fr/ark:/12148/bpt6k694563",
                  "emotions": [
                        "fear"
                  ],
                  "excerpt": ") En vêtements sacerdotaux , la tête couronnée , un homme merveilleux accomplit maintenant ce qu ' il a courageusement entrepris .Un trépied monte avec lui des profondes cavernes ; dpjàj ' ai senti la vapeur de l ' encens qui s ' élève du vase .! t se prépare à bénir le grand ouvrage ; il ne peut maintenant arriver rien que d ' heureux .",
                  "id": "13",
                  "title": "Oeuvres de Goethe. Théâtre / Goethe / [trad. nouv. par Jacques Porchat]"
            },
            {
                  "doc_url": "https://gallica.bnf.fr/ark:/12148/bpt6k432447b",
                  "emotions": [
                        "fear"
                  ],
                  "excerpt": "Tanneguy laissa garnison à la Bastille et se replia sur Meaux .L ' odeur du sang , l ' imminence du danger , car les Armagnacs pouvaient rentrer d ' un moment à l ' autre , les discours violents des bannis cabochiens qui revenaient en foule , excitèrent le peuple à une vengeance plus complète , mais moins honorable .Et comme il faut que l ' historien pèse avec impartialité les motifs déterminants de toute opération politique , nous somme $ surpris encore ici de trouver une frappante analogie entre les événements du 12 juin 1418 et ceux de septembre 92 .",
                  "id": "14",
                  "title": "Les prisons de l'Europe. T3 / par MM. Alboize et A. Maquet,..."
            },
            {
                  "doc_url": "https://gallica.bnf.fr/ark:/12148/bpt6k5723785p",
                  "emotions": [
                        "disgust",
                        "fear"
                  ],
                  "excerpt": "La vue est bonne , mais le toucher et l ' odorat sont altérés .Elle prétend que sa nourriture a une odeur de tabac et un goût de poison .Son caractère est naturellement doux , mais elle est maintenant irritable , insolente sans motif ; sa conversation est niaise et puérile , et , fréquemment , elle se tient à elle - même des pro - ; pos incohérents .",
                  "id": "15",
                  "title": "De la Cachexie pachydermique (myxoedème des auteurs anglais), par le Dr Georges Ridel-Saillard"
            },
            {
                  "doc_url": "https://gallica.bnf.fr/ark:/12148/bpt6k5723785p",
                  "emotions": [
                        "fear",
                        "nervousness"
                  ],
                  "excerpt": "La maladie a commencé il y a cinq ans , en même temps qu ' un accès de mélancolie , et s ' est caractérisée au début par des perversions de la sensibilité spéciale .Elle prétendait que tout sentait la poudre à canon .Les symptômes physiques sont les mêmes que chez le malade précédemment observé , mais à un degré moins accusé .",
                  "id": "16",
                  "title": "De la Cachexie pachydermique (myxoedème des auteurs anglais), par le Dr Georges Ridel-Saillard"
            },
            {
                  "doc_url": "https://gallica.bnf.fr/ark:/12148/bpt6k5723785p",
                  "emotions": [
                        "disgust",
                        "fear"
                  ],
                  "excerpt": "La malade se croyait reine ; elle présentait des hallucinations du goût et de l ' odorat , prétendant que sa nourriture avait une odeur de tabac et .un goût de poison .2 ° SYMPTÔMES ACCESSOIRES ET COMPLICATIONS .",
                  "id": "17",
                  "title": "De la Cachexie pachydermique (myxoedème des auteurs anglais), par le Dr Georges Ridel-Saillard"
            },
            {
                  "doc_url": "https://gallica.bnf.fr/ark:/12148/bpt6k5427425w",
                  "emotions": [
                        "sadness",
                        "fear"
                  ],
                  "excerpt": "A L ' AUTEUR DES « TENDRESSES » LES arbres égrenaient leurs derniers fleurons d ' ambre .Les dahlias mouraient en saluant l ' hiver , La brume était au ciel , la neige était dans l ' air , Et le froid jusqu ' au coeur montait de chaque membre ; Mais , faisant sa trouée au rideau de novembre , Voici qu ' un gai rayon brille comme un éclair , ' Et voici qu ' un bouquet au reflet tendre et clair D ' un souffle printanier vient embaumer la chambre .Salut , rayons du coeur si beaux d ' illusion ! Salut roses de mai , myrte aux couleurs discrètes , Fleurs du pays doré qu ' habitent les poètes , Vous qui m ' avez rendu la fraîche vision De cette aube enchantée aux candides ivresses Où l ' on apprend la vie au livre des Tendresses .",
                  "id": "18",
                  "title": "Bouquet de pensées / Bonne d'Ottenfels"
            },
            {
                  "doc_url": "https://gallica.bnf.fr/ark:/12148/bpt6k96499090",
                  "emotions": [
                        "fear"
                  ],
                  "excerpt": "» Il faut la commencer en mettant » d ' abord du charbon noir dans Je > 3 cendrier du fourneau , & un peu de » charbon allumé à la porte , afin d ' é » chauffer la cornue très - lentement ; ) J quand il ell : allumé on le pousse dans ( a ) M .Hellot nous prévient dans son AI ' moire sur les accidents qui peuvent arriver pendant l ' opération : si la cornue vient à se casser dans le fourneau , on s ' en apperçoit bien - tôt par la couleur de la flamme , qui Cort violette 1u fourneau , & par l ' odeur d ' ail qui se répand .Si le ballon se casse quand il contient le phosphore en fusion , ou que cette matiere se répande lorsqu ' on la refond pour la mouler , il taut bien prendre garde à l ' incendie que cela aeut causer ; & s ' il en tombe sur les mains ou ûr les jambes , il faut avoir de l ' urine toute > rête , pour en jetter dessus en abondance ; car ; e feu est très - âpre & fait des progrès très - rapides .",
                  "id": "19",
                  "title": "L'Art des expériences, ou Avis aux amateurs de la physique, sur le choix, la construction et l'usage des instruments ; sur la préparation et l'emploi des drogues qui servent aux expériences. Tome 1 / . Par M. l'abbé Nollet,..."
            },
            {
                  "doc_url": "https://gallica.bnf.fr/ark:/12148/bd6t5103677x",
                  "emotions": [
                        "fear",
                        "nervousness"
                  ],
                  "excerpt": "justice n ’ arrive plus à votre oreille .Le nerf olfactif est lui - même pris à son tour .On n ’ a plus le flair qui guide dans les voies droites .",
                  "id": "20",
                  "title": "Le Mot d'ordre / Dir. Henri Rochefort"
            }
      ]
}