{
      "articles": [
            {
                  "doc_url": "https://gallica.bnf.fr/ark:/12148/bpt6k5451111s",
                  "emotions": [
                        "fear"
                  ],
                  "excerpt": "Il me semble que Dieu t ' a aidé à faire ce dépouillement .La miséricorde se voile quelquefois sous des apparences terribles ; Dieu se cache dans les fureurs de la tempête , comme dans les parfums du printemps .Eh bien ! Dieu est venu vers toi , sous la forme foudroyante de l ' orage , afin d ' abaisser ta tête trop superbe , de te faire avouer , au milieu de tes effroyables désastres , tes misères morales , tes désordres , ton péché , la nécessité , enfin , de ce coeur nouveau sans lequel tout colosse doré n ' a que des pieds d ' argile .",
                  "id": "1",
                  "title": "Le relèvement de la France : discours prononcé à Versailles / par Arbousse-Bastide"
            },
            {
                  "doc_url": "https://gallica.bnf.fr/ark:/12148/bpt6k6309733h",
                  "emotions": [
                        "joy",
                        "fear",
                        "excitement",
                        "amusement"
                  ],
                  "excerpt": "En vain s ' offre une table & propre & délicate , Où le rafinement ait fîû tout ordonner , Le plus charmant repas at ' il rien qui me flate , Si tu ne viens l ' assaisonner ? Du mâle SILLERI que RH E I M S s ' enorguëillisse Et prodigue l ' encens à son montant flateur ; - ¥ O Qu ' étincelant de feux , il pétille , il jaillisse ; Redoutons un vin séducteur .Craignons de nous livrer aux esprits qu ' il envoyé , D ' un plaisir a pparent fuyons la trahison ; Ils flattent l ' odorat , ils répandent la joye , Mais ils cachent un sûr poison .Que cependant au fruit A u VILLE ' soit d ' usage , Bacchus modeste alors , peut avoir des apas : Avec luy les bons mots , l ' élégant badinage , Viendront amuser le repas Nuis suspend les regrets de la morne vieillesse .",
                  "id": "2",
                  "title": "Mercure galant"
            },
            {
                  "doc_url": "https://gallica.bnf.fr/ark:/12148/bpt6k57059967",
                  "emotions": [
                        "grief",
                        "fear"
                  ],
                  "excerpt": ".Et la nuit était venue : autour du lit , les cierges faisaient trembloter leurs flammes jaunes ; le genièvre , ce parfum des morts , brûlait dans la cheminée .Brisé de fatigue , Alfred tomba sur une chaise , et dormit quelques heures de ce sommeil de plomb qui courbature les membres et laisse l ' âme tourmentée .",
                  "id": "3",
                  "title": "Madame Hilaire : précédé d'une Réponse à L'Amour de M. Michelet (2e édition) / par Mme Louise Vallory"
            },
            {
                  "doc_url": "https://gallica.bnf.fr/ark:/12148/bpt6k9627038f",
                  "emotions": [
                        "disgust",
                        "fear",
                        "nervousness",
                        "despair"
                  ],
                  "excerpt": "Cette image s ' imprima si fort en moi , que je .restai long - tems sans pouvoir fixer mes regards sur aucune arme ou pièce de fer , lans une extrême horreur , qui , passant jusqu ' à mes sens , affecta mon odorat d ' une espèce d ' odeur de fer & d ' airain , qui m ' importuna pendant bien des jours .De - là , mon délire me promenant au travers des monceaux énormes de ruines qui sembloient crouler de toutes parts sous mes pieds , & : menacer ma tête , me fit arriver aux portes du temple - % tg dieu de la guerre j il me sembla les voir s ' ouvrir , c les entendre rouler sur leurs gonds avec un bruit hor * rible : j ' envisageai ce dieu , au milieu de son temple , & : par un jeu cruel de mon imagination , je me crus moi - même ce monstre dégoûtant de sang & de carnage , & chargé de fers : l ' état où je me trouvai lié & garetté , les mains enchaînées , favorisoit cette illusion , ou peut être l ' avoit fait naître .",
                  "id": "4",
                  "title": "Les funestes effets de la vertu de chastelé dans les prêtres, ou Mémoire de M. Blanchet ... avec des Observations médicales, suivi d'une Adresse envoyée à l'Assemblée nationale le 12 juin 1790"
            },
            {
                  "doc_url": "https://gallica.bnf.fr/ark:/12148/bpt6k5657327p",
                  "emotions": [
                        "surprise",
                        "fear",
                        "doubt",
                        "curiosity"
                  ],
                  "excerpt": "Que de fois elle a posé sa lèvre élégante , et fraîche , sur mes lèvres brûlées par te tabac ! Que de fois elle a chargé ma pipe de sa main charmante .As - tu vu le cerf de Franconi , ma fille ? Quand le cerf avait tiré son coup de fusil , il respirait l ' odeur de la poudre : ainsi était ta mère ; J ' allais à elle , je lui tendais ma pipe , en faisant les gros yeux .Ta mère arrivait à petits pas , elle tendait son joli nez sur ma pipe , chaude encore ; et Dieu sait qu ' elle se sauvait en éternuant , la peureuse ! Rentrée chez elle , elle déroulait ses cheveux , elle changeait de robe et de mouchoir , toute l ' eau de Portugal y passait ! Disant ces mots , l ' oeil du bon général était humide .",
                  "id": "5",
                  "title": "Contes fantastiques et contes littéraires, par M. Jules Janin"
            },
            {
                  "doc_url": "https://gallica.bnf.fr/ark:/12148/bpt6k56600589",
                  "emotions": [
                        "disgust",
                        "anger",
                        "fear",
                        "nervousness",
                        "pain",
                        "disappointment"
                  ],
                  "excerpt": "MM .Pleuvry & Rèpin , Chirurgiens ìr Lucé , ont éprouvé chacua une reçhutç , ■ ■ i6 proche en proche , il parcouroit tous ses temps fans être arrêté ! l ' air infecté d ; plus en plus , augmentoit la contagion 6c a produit les terribles effets dont je vous .ai présenté le tableau ; Si la négligence en a produit les traits , que le zèle , que l ' activité , que la crainte même contribuent à les effacer .",
                  "id": "6",
                  "title": "Histoire médicale des maladies dyssentériques qui affligent la province du Maine en 1779, moyens convenables pour combattre avec succès le mal principal et les accidents qui en sont la suite, par Mr Vétillart,..."
            },
            {
                  "doc_url": "https://gallica.bnf.fr/ark:/12148/bpt6k5787755f",
                  "emotions": [
                        "anger",
                        "fear",
                        "disapproval",
                        "desire",
                        "courage",
                        "excitement",
                        "greed"
                  ],
                  "excerpt": "« Que fais - je ici , disait - il , ô mon Dieu , éloigné de vous , séparé de vous , venez 208 S .FRAHÇOIS DE SALES à moi , ou commandez - moi que j ' aille à vous tirez - moi de cette vallée de termes , et je courrai après l ' odeur de vos parfums .» Des sentiments si tendres , si dignes d ' un saint prêt à quitter le monde et à jouir de Dieu , d ' un saint que son extrême douceur faisait aimer de ses ennemis mêmes , ayant arraché des larmes à tout le monde , et personne ne se sentant plus la force de lui parler , on n ' entendit plus qu ' un bruit confus de soupirs et de sanglots .",
                  "id": "7",
                  "title": "Vie de S. François de Sales,..."
            },
            {
                  "doc_url": "https://gallica.bnf.fr/ark:/12148/bpt6k64270w",
                  "emotions": [
                        "fear"
                  ],
                  "excerpt": "Quand sous les coups de la Mort , fauchant là plus que partout ailleurs , la ville a voulu assainir ses maisons , elle les a rendues plus meurtrières encore , car , frappées d ' alignement , elles ne doivent plus être réparées , et comme par le iait du relèvement do ! a chaussée , elles se trouvententerrées en contre - bas , les eaux de toutes sortes , celles depluiecomme les ménagères , ne peuvent plus s ' écouler et restent dans les cours mêlées à des détritus formant des tas de fumier , en attendant qu ' elles filtrent tant bien que mal à travers le pavage dont les joints sont faits d ' ordures battues .Des allées sortaient des ; bouffées d ' air méphitique qui saisirent GeoSroy la gorge .Quels métiers : in .",
                  "id": "8",
                  "title": "Mondaine / Hector Malot"
            },
            {
                  "doc_url": "https://gallica.bnf.fr/ark:/12148/bpt6k30420914",
                  "emotions": [
                        "disgust",
                        "fear",
                        "nervousness"
                  ],
                  "excerpt": "C ’ est son signal d ’ alarme .Forcé dans ses derniers retranchements , écœuré par l ’ odeur de la bête puante , effrayé par ses crocs menaçants , le lapin prend son parti et déguerpit prestement .Faites feu sans plus larder , et n ’ omettez pas , quand vous ramasserez l ’ animal mort , d ’ opérer sur son abdomen la petite manœuvre recommandée pour le lièvre .",
                  "id": "9",
                  "title": "La chasse à tir mise à la portée de tous... / par Louis Boussenard"
            },
            {
                  "doc_url": "https://gallica.bnf.fr/ark:/12148/bpt6k5806968g",
                  "emotions": [
                        "anger",
                        "fear",
                        "desire",
                        "courage",
                        "pain"
                  ],
                  "excerpt": "Immédiatement , j ' avais deviné que l ' homme qui s ' enfuyait n ' était point le camarade de mon maître .Bien mieux , j ' avais senti sur lui l ' odeur du sang et je lui avais sauté à la gorge afin de l ' étrangler à son tour .Ce qui d ' ailleurs n ' eut été que justice .",
                  "id": "10",
                  "title": "Mémoires de Poum, chien de police... / Marie-François Goron"
            },
            {
                  "doc_url": "https://gallica.bnf.fr/ark:/12148/bpt6k64220982",
                  "emotions": [
                        "fear",
                        "nervousness",
                        "despair"
                  ],
                  "excerpt": "SIGNES EXPLICATIFS DES PARTIES DES SYSTÈMES NERVEUX LATÉRAUX .I , nerf olfactif .II , nerf optiqire .",
                  "id": "11",
                  "title": "Anatomie des systèmes nerveux des animaux à vertèbres, appliquée à la physiologie et à la zoologie : ouvrage dont la partie physiologique est faite conjointement avec F. Magendie,.... Atlas de la 1e partie / par A. Desmoulins,..."
            },
            {
                  "doc_url": "https://gallica.bnf.fr/ark:/12148/bpt6k5436590s",
                  "emotions": [
                        "disgust",
                        "fear",
                        "excitement",
                        "nervousness"
                  ],
                  "excerpt": "Peu à peu , à travers le voile de poussière qui dérobait l ' armée des Indiens , se montrèrent de larges tètes d ' éléphants qui tenaient droites leurs trompes tournées vers la terre ; ptiis on vit , à mesure que diminuait la distance , leurs blanches défenses ornées de cercles d ' or , la couronne de clochettes sonores retenue à leurs fronts par un lien de pourpre , et leurs poitrails puissants , et leurs pieds lourds , et leur marche égale .Le coeur des Iraniens se serrait dans l ' attente du choc terrible de ces innombrables éléphants instruits aux batailles ; déjà l ' on entendait leur profonde respiration et on sentait le parfum du LES QUATRE MERVEILLES DE KEID .187 madaqui suinte de leurs tempes , lorsque Iskender cria de faire halte et de laisser aller les guerriers construits par les forgerons .",
                  "id": "12",
                  "title": "Iskender : histoire persane / Judith Gautier"
            },
            {
                  "doc_url": "https://gallica.bnf.fr/ark:/12148/bpt6k6468166d",
                  "emotions": [
                        "fear"
                  ],
                  "excerpt": "Couronné duc de Brabant à Anvers le 15 février 1582 et chassé de cette ville le 17 janvier 1583 , il perd les Flandres et le Brabant , revient piteusement en France après la complète déroute de ses troupes à Steemberg , et meurt à l ' âge de trente ans , le 10 juin 1584 .Le bruit se répandit qu ' il mourait d ' un bouquet empoisonné que lui avait fait respirer une dame .La débauche seule avait suffi pour préparer les voies à la phtisie qui l ' emporta ( 1 ) .",
                  "id": "13",
                  "title": "La peinture au château de Chantilly. II. École française / par F.-A. Gruyer,..."
            },
            {
                  "doc_url": "https://gallica.bnf.fr/ark:/12148/bpt6k61413605",
                  "emotions": [
                        "fear"
                  ],
                  "excerpt": [
                        "- lf ! a ° onserv \" ° longtemps , une teinte grisâtre .Cette racine renferme des acides tannique , gallique , de l ' albumine , de la gomme , ( te amidon , deux résines , l ' une soluble dans - 1 etner , 1 autre insoluble , une huile fixe , une substance volatile , odorante , et une matière particulière découverte par Rhoads , qui est amorphe , blanc jaunâtre , de saveur amère .Uans les Etats du Sud , elle est emplovée pour combattre le catarrhe , la pneumonie , la pleurésie , ainsi que l ' indique du reste son nom de Pleurisy root .",
                        "Cet arbre , qui donne le faux bois d ' aigle ou Calambac , est très commun sur les bords de la mer clans les pays tropicaux de l ' ancien continent .C ' est Varbor excoecans de Rumphius , et ce nom lui vient cle ce que le latex ( que laisse exsuder son tronc est extrêmement acre , irrite la peau , les muqueuses , et donne lieu à des ophtalmies très dangereuses quand il tombe dans les yeux .Son bois est dur , pesant , brun rougeâtre , tacheté de noir ou de gris , résineux , très amer , d ' une odeur de myrrhe toute particulière ."
                  ],
                  "id": "14",
                  "title": "Les Plantes médicinales indigènes et exotiques, leurs usages thérapeutiques, pharmaceutiques et industriels, par MM. Dujardin-Beaumetz,... E. Egasse,..."
            },
            {
                  "doc_url": "https://gallica.bnf.fr/ark:/12148/bpt6k61413605",
                  "emotions": [
                        "fear"
                  ],
                  "excerpt": [
                        "Cet arbre croît aux Antilles , à la Guyane .Son bois , qui porte le nom d ' acajou femelle , de cèdre acajou , et qu ' il ne faut pas confondre avec le véritable acajou , est très léger , poreux , tendre , résineux , rougeàtre , odorant , amer , et inattaquable par les insectes .On l ' emploie pour faire des boîtes à cigares .",
                        "« s graines sont la seule partie emplovée au végétal .Leur odeur est forte , terreuse , ^ eur saveur , qui rappelle d ' abord celle de Ia noisette , devient ensuite acre , persistante et desagréable .Hmlïll ° SUloii , ch \" ni < iue ."
                  ],
                  "id": "15",
                  "title": "Les Plantes médicinales indigènes et exotiques, leurs usages thérapeutiques, pharmaceutiques et industriels, par MM. Dujardin-Beaumetz,... E. Egasse,..."
            },
            {
                  "doc_url": "https://gallica.bnf.fr/ark:/12148/bpt6k61413605",
                  "emotions": [
                        "disgust",
                        "fear",
                        "disapproval",
                        "relief"
                  ],
                  "excerpt": [
                        "Le principe le plus important est l ' huile volatile , qui parait être identique à celle do la moutarde noire et présenter la formule SCAzC3Hs du sulfocyauure d ' allyle .Cette essence est d ' un jaune pàle , \" âcre , eorrosive et même vésicante .Sa proportion est peu considérable ( 6 pour 10 , 000 ) .",
                        "Il fournit le styrax liquide , que l ' on recueille en enlevant les couches extérieures de l ' écorce , raclant les couches les plus profondes et faisant bouillir les copeaux clans l ' eau ; on sépare l ' écume qui vient à la surface , puis l ' écorce bouillie est pressée dans des sacs en crin .On obtient ainsi une résine brun grisâtre , molle , visqueuse , cle la consistance du miel , opaque , d ' une odeur agréable , balsamique , quand elle est ancienne , mais désagréable quand elle est fraîche , cle saveur piquante , brûlante , aromatique .Elle renferme toujours cle l ' eau ."
                  ],
                  "id": "16",
                  "title": "Les Plantes médicinales indigènes et exotiques, leurs usages thérapeutiques, pharmaceutiques et industriels, par MM. Dujardin-Beaumetz,... E. Egasse,..."
            },
            {
                  "doc_url": "https://gallica.bnf.fr/ark:/12148/bpt6k9672986f",
                  "emotions": [
                        "fear",
                        "nervousness"
                  ],
                  "excerpt": "Qui appartient à l ' odorat .Les nerfs olfactifs .— t Membrane olfactive , la pituitaire .",
                  "id": "17",
                  "title": "Dictionnaire général de la langue française et vocabulaire universel des sciences, des arts et des métiers.... T. 2, M-Z / par F. Raymond,..."
            },
            {
                  "doc_url": "https://gallica.bnf.fr/ark:/12148/bpt6k9672986f",
                  "emotions": [
                        "fear"
                  ],
                  "excerpt": "« Les interprètes musulmans font mention que Moïse , ayant ayant entr ' ouvert la mer Ronge , pour présenter un passage sec aux Israélites , Gabriel , qui était l ' ange conducteur de cette nation , monté sur une haquenée , resta le dernier de tous sur le bord de la mer .Pharaon arriva alors ; et , voyant la mer entr ' ouverte , il craignait d ' y entrer ; mais son cheval , attiré par l ' odeur de la haquenée que montait l ' ange Gabriel , l ' emporta , et toutes les troupes qui suivaient leur prince se trouvèrent , sans y penser , au milieu de la mer , qui , en se refermant , allait les engloutir .Pharaon , dans cette extrémité , fit une profession de foi en trois manières différentes : mais Gabriel lui dit que son repentir était trop tardif , et qu ' il s ' était condamné lui - même .",
                  "id": "18",
                  "title": "Dictionnaire général de la langue française et vocabulaire universel des sciences, des arts et des métiers.... T. 2, M-Z / par F. Raymond,..."
            },
            {
                  "doc_url": "https://gallica.bnf.fr/ark:/12148/bpt6k1160050z",
                  "emotions": [
                        "fear",
                        "pain"
                  ],
                  "excerpt": "Tout ce qu ’ elle avait entendu dire de l ’ enfer lai revenait à l ’ esprit .Elle voyait les flammes briller , elle Sc ntait l ’ odeur do la fumée et sa chair se desséchait sur les charbons .Un peu avant le jour , elle revint à clic et retourna à la maison ; c ’ était encore tel que le vieillard l ’ avait dit : Kcawc dormait , comme un enfant .",
                  "id": "19",
                  "title": "La Vogue"
            },
            {
                  "doc_url": "https://gallica.bnf.fr/ark:/12148/bpt6k6136606p",
                  "emotions": [
                        "admiration",
                        "fear"
                  ],
                  "excerpt": "Rodin .Java ! ! contrée magnifique et sinistre , où les plus admirables fleurs cachent de hideux reptiles , où les fruits les plus éclatants renferment des poisons subtils , où croissent des arbres splendides dont l ' ombrage tue ; où le vampire , chauve - souris gigantesque , pompe le sang des victimes dont elle prolonge le sommeil , en les entourant d ' un air frais et parfumé ; car l ' éventail le plus agile n ' est pas plus rapide que le battement des grandes ailes musquées de ce iiîonslre .Le mois d ' octobre 183 i touche à sa fin .",
                  "id": "20",
                  "title": "Le juif errant. Tome 2 / par M. Eugène Süe"
            }
      ]
}