{
      "articles": [
            {
                  "doc_url": "https://gallica.bnf.fr/ark:/12148/bpt6k5815871k",
                  "emotions": [
                        "fear",
                        "doubt"
                  ],
                  "excerpt": "245 Infelix vates , rumpitque hanc pectore vocem : « Bellum etiam pro coede boum stratisque juvencis , Laomedontiadae , bellumne inferre paratis , Et patrio Harpyias insontes pellere .regno ? Accipite ergo animis atque hoec mea figite dicta : 250 secrets et fondant sur nous du côté opposé , la troupe bruyante aux serres crochues voltige autour de nos tables et empoisonne lea viandes de sa bouche fétide .J ' ordonne alors à mes compagnons d < prendre leurs armes et d ' attaquer ouvertement cette infernale en geance .",
                  "id": "1",
                  "title": "Troisième livre de l'Énéide"
            },
            {
                  "doc_url": "https://gallica.bnf.fr/ark:/12148/bpt6k9671335r",
                  "emotions": [
                        "disgust",
                        "fear",
                        "disapproval",
                        "embarrassment"
                  ],
                  "excerpt": "Quel tableau pur et frais ! Prenez dans mon parterre , Si cela peut vous plaire , L ' iris violacé Et de bleu nuancé .Mais fuyez la clochette Qui s ' élève coquette Là - bas dans le gazon : Son suc est un poison ! Toi , mon héliotrope , Ton parfum m ' enveloppe Suave , pénétrant .Tout en le respirant , J ' aime à voir , plante aimée , Ta corolle animée , Ta corolle de miel Se tourner vers le ciel .",
                  "id": "2",
                  "title": "Petites fleurs de France, poésies pour les enfants, par Mlle Marie Grandin,..."
            },
            {
                  "doc_url": "https://gallica.bnf.fr/ark:/12148/bd6t5368973k",
                  "emotions": [
                        "fear"
                  ],
                  "excerpt": "Les phocas sont quelquefois en si grand nombre , qu ’ ils couvrent un banc de sable .L ’ approche d ’ une barque les fait fuir , mais en fuyant , ils lâchent leurs excrémens , dont l ’ odeur insupportable éloigne les pêcheurs .Il est aisé de les prendre quand ils dorment .",
                  "id": "3",
                  "title": "Histoire des animaux , précédée d'un précis de l'histoire naturelle de l'homme... Nouvelle édition..."
            },
            {
                  "doc_url": "https://gallica.bnf.fr/ark:/12148/bpt6k628497",
                  "emotions": [
                        "fear",
                        "love",
                        "nostalgia"
                  ],
                  "excerpt": "L ' aînée faisait voir trop de goût pour l ' ordre et la régularité , mon indolence l ' eût fâchée ; une autre parlait trop vite ; la troisième n ' avait que seize ans , et quelque chose dans ses yeux disait un cœur trop mobile .Etje me suis enfui , craignant que l ' habitude de les examiner l ' une sans l ' autre ne finit même par m ' empêcher de les aimer toutes ensembles , et de garder au moins l ' odorant souvenir du matin d ' avril qu ' elles étaient .Et je revins à Paris , et je continuai à chercher l ' impossible jeune femme que je pourrais aimer .",
                  "id": "4",
                  "title": "Valbert, ou Les récits d'un jeune homme / Teodor de Wyzewa"
            },
            {
                  "doc_url": "https://gallica.bnf.fr/ark:/12148/bpt6k875452d",
                  "emotions": [
                        "sadness",
                        "fear",
                        "pain",
                        "embarrassment",
                        "disappointment"
                  ],
                  "excerpt": "Les zouaves nous dépassent au pas gymnastique .Oh ! mais , ça sent mauvais , car s ’ il y a combat , par cette nuit et cette bise , les blessés , difficiles à ramasser , ne seront pas longs à faire des morts .Mais non , pas la moindre affaire , et plus d ’ un le regrette sincèrement ; ce serait moins énervant que ces marches , cette incertitude perpétuelles .",
                  "id": "5",
                  "title": "Un moblot briard au siège de Paris / Émile Dodillon"
            },
            {
                  "doc_url": "https://gallica.bnf.fr/ark:/12148/bpt6k932764v",
                  "emotions": [
                        "fear",
                        "courage"
                  ],
                  "excerpt": ".Passe lent ou rapide , Et quels que soient tes dards , ton haleine fétide , — 215 Le poignard caché sous ton sein , Nous saurons te braver en face avec courage ; Le mal qui nous est fait jamais ne nous outrage , Celui qui frappe est l ’ assassin .Oh ! sois bon , siècle , à tous ! A l ’ homme à tête blanche , Qui vers l ’ éternité s ’ achemine et se penche , Sous le poids des travaux par le devoir remplis .",
                  "id": "6",
                  "title": "Nid d'aigles, poésies : à la France et à ses gloires / Mme Eugène Roulleaux Du Houx ; [précédé d'une notice biographique de Philémon Chevassu]"
            },
            {
                  "doc_url": "https://gallica.bnf.fr/ark:/12148/bpt6k5828839k",
                  "emotions": [
                        "fear",
                        "nervousness"
                  ],
                  "excerpt": "' .Stomachique , carminatif , nervin , antispasmodique très - employé .C ' était le fébrifuge des anciens .",
                  "id": "7",
                  "title": "L'Officine, ou Répertoire général de pharmacie pratique... par Dorvault,..."
            },
            {
                  "doc_url": "https://gallica.bnf.fr/ark:/12148/bpt6k9760476p",
                  "emotions": [
                        "disgust",
                        "fear",
                        "nervousness",
                        "pain"
                  ],
                  "excerpt": "— C ' est donc une panacée , une thériaque , un orviétan ayant des vertus merveilleuses , et disputant 1 homme à la nécessité du trépas ? — Non , l ' habitude de respirer cette herbe en poudre diminue la mémoire et détruit la finesse de l ' odorat ; elle cause des vertiges et a produit quelques exemples de cécité , et surtout d ' apoplexie .Mâchée , cette herbe rend l ' haleine infecte et cause de terribles désordres dans l ' estomac .Quand on aspire la fumée , c ' est une autre affaire .",
                  "id": "8",
                  "title": "Menus propos : mélanges philosophiques / par Alphonse Karr"
            },
            {
                  "doc_url": "https://gallica.bnf.fr/ark:/12148/bpt6k313882n",
                  "emotions": [
                        "fear",
                        "nervousness",
                        "embarrassment"
                  ],
                  "excerpt": "POIL DE CAROTTE Oh ! je finirai par m ’ y mettre et j ’ en mangerai comme toi .Je crains seulement de sentir mauvais et que maman ne le remarque , si elle m ’ embrasse .— Ça ne sent lien , dit parrain , et il souffle au visage de son filleul .",
                  "id": "9",
                  "title": "Poil de carotte / Jules Renard ; illustrations de Poulbot"
            },
            {
                  "doc_url": "https://gallica.bnf.fr/ark:/12148/bpt6k99829x",
                  "emotions": [
                        "fear"
                  ],
                  "excerpt": "Les bras croisas , cehn - ci regardait la miserab .c en silence , allant de cette tête de poupée sinistre , de cette couche tuxueusj empuantce de parfums suspects , à un attirait de pots et de fioles ranges en bataille sur un j : ' vabo , pommades merveilleuscs , huiles souveraines , eaux de Jouvence , poudres sans pareilles , tout ic laboratoire enfin où se fabrique le rcp ! anagc d une jeunesse enfuie .Près du lit , au dos d ' un fauteuil , s ' étalaient les boucles Msces d ' une perruque blonde et sur la table de nuit , ù côté d ' une boite de pastilles pour chasser la mauvaise haleine , un râtelier , dans un verre d * eau , riait comme uncbouche do noyc .",
                  "id": "10",
                  "title": "Marie Queue-de-Vache : Fumeron, Guyot et Cie / par Hector France"
            },
            {
                  "doc_url": "https://gallica.bnf.fr/ark:/12148/bpt6k5815871k",
                  "emotions": [
                        "fear"
                  ],
                  "excerpt": "Nous les attaquons avec nos armes , en appelant les dieux et Jupiter même au partage de notre butin .Puis , sur des lits dressés le long du rivage , nous commençons un repas succulent , quand tout à coup , sortant des montagnes avec un bruit horrible , et secouant leurs ailes en poussant de grands cris , les Harpies fondent sur nous : elles pillent nos mets ou les souillent de leur contact immonde , et mêlent les éclats d ' une voix sinistre à l ' odeur infecte qu ' elles répandent .Nous nous retirons alors au fond d ' une longue gorge , sous l ' abri d ' une roche creuse , entourée de tous côtés d ' un bois épais et d ' une ombre impénétrable .",
                  "id": "11",
                  "title": "Troisième livre de l'Énéide"
            },
            {
                  "doc_url": "https://gallica.bnf.fr/ark:/12148/bpt6k6581168v",
                  "emotions": [
                        "fear"
                  ],
                  "excerpt": "Eaux crasses extraction des huiles contenues dans lesi , pour la fabrication du savon , etc ., en vases clos Odeur danger d ' incendie .Encre d imprimerie , sans cuisson d ' huile à feu nu Danger d ' incendie odeur .",
                  "id": "12",
                  "title": "Nouveau manuel complet de la construction moderne, ou Traité de l'art de bâtir avec solidité, économie et durée. Texte / par Athanase Bataille,..."
            },
            {
                  "doc_url": "https://gallica.bnf.fr/ark:/12148/bpt6k9614793v",
                  "emotions": [
                        "disgust",
                        "fear",
                        "nervousness",
                        "pain"
                  ],
                  "excerpt": "— C ' est donc une panacée , une thériaque un orviétan ayant des vertus merveilleuses ; et disputant l ' homme à la nécessité du trépas ? — Non , l ' habitude de respirer cette herbe en poudre diminue la mémoire et détruit la finesse de l ' odorat ; elle cause des vertiges et a produit quelques exemples de cécité et surtout d ' apoplexie .Mâchée , cette herbe rend l ' haleine infecte et cause de terribles désordres dans l ' estomac .Quand on en aspire la fumée , c ' est une autre affaire .",
                  "id": "13",
                  "title": "La Tabacographie, dédiée aux tabacomanes et aux antagonistes du cigare, de la pipe et de la tabatière, par Ana-Gramme Blismon (S. Blocquel)"
            },
            {
                  "doc_url": "https://gallica.bnf.fr/ark:/12148/bpt6k63532940",
                  "emotions": [
                        "grief",
                        "disgust",
                        "anger",
                        "fear",
                        "nervousness",
                        "pain"
                  ],
                  "excerpt": "PARIS IMPRIMERIE BONAVENTURE ET DUCESSOIS , 55 , quai des Auguslins .It - ) 51 LA MISÈRE k Au banquet de ma vie , un effrayant convive Vient s ' asseoir à chaque moment , Et dans mon cœur , toujours , je sens quand il arrive Vibrer un long tressaillement ! Cet affreux visiteur , à la face livide , Aux membres secs et décharnés , Exhale à son approche une haleine fétide , Et de sang ses yeux sont cernés ! L Drapé dans ses haillons , il s ' en vient , le vampire .Lorsque l ' hiver j ' ai faim , j ' ai froid .",
                  "id": "14",
                  "title": "La misère / par Marcel Deschamps..."
            },
            {
                  "doc_url": "https://gallica.bnf.fr/ark:/12148/bpt6k5828839k",
                  "emotions": [
                        "surprise",
                        "disgust",
                        "fear",
                        "annoyance"
                  ],
                  "excerpt": "Ses feuilles ■ & * sont d ' un vert foncé , ovales ; leur .odeur est stupéfiante et désagréable .Les fruits sont de pe ( Fig .",
                  "id": "15",
                  "title": "L'Officine, ou Répertoire général de pharmacie pratique... par Dorvault,..."
            },
            {
                  "doc_url": "https://gallica.bnf.fr/ark:/12148/bpt6k68145c",
                  "emotions": [
                        "disgust",
                        "fear"
                  ],
                  "excerpt": "Ces animaux impurs venaient lui mordre le nez , les oreilles , les tèvres et jusqu ' à ces parties du corps qu ' ils dévorent sur les bas t ' cticfs de l ' abbaye de Moissac .Elle sentait ces ttideux reptiles pénétrer en situant dans ses parties les plus secrètes , et était infectée par l ' odeur effroyable que les démons répandaient autour d ' dte .tt est impossible de s ' y méprendre , la sainte était ici en proie aux accès les moins équivoques d ' hystérie et d ' aliénation mentalc .",
                  "id": "16",
                  "title": "Les mystiques extatiques et les stigmatisés / par M. Alfred Maury"
            },
            {
                  "doc_url": "https://gallica.bnf.fr/ark:/12148/bpt6k9769338f",
                  "emotions": [
                        "fear",
                        "greed"
                  ],
                  "excerpt": "ne pente , Quant a nous , nous n ' avons plus besoin d ' aiguillon pour nos chevaux , nous calmons leur fougue désormais inatile ; nous les menons au petit pas en louvoyant jusqu ' à la terre horizontale , et quand nous avons atteint le piea de la colline , nous trouvons gisant ln , couvert de plaies , déchiré , râlant , vaincu par sa chute , le quadrupède bizarre que nous n ' avions pas pu dompter a la course .Que ferons - nous maintenant de cette peau déchiquetée ? Laissons - la dans ces déserts avec les chairs faisandées ; une horde de sauvages passera peut - être par ici dans quelques jours ; les exhalaisons putrides l ' attireront au pied de celte colline , elle dépècera voracement l ' animal , dont elle jettera les lambeaux au .milieu d ' une flamme rougeâtre , et elle remerciera de ce repas .",
                  "id": "17",
                  "title": "Oeuvres illustrées de Jacques Arago / dessins par J. A. Beaucé, Lancelot et Ed. Coppin"
            },
            {
                  "doc_url": "https://gallica.bnf.fr/ark:/12148/bpt6k9687763k",
                  "emotions": [
                        "trust",
                        "grief",
                        "fear",
                        "courage",
                        "gratitude",
                        "calmness"
                  ],
                  "excerpt": "Le parfum de l ' âme , c ' est le souvenir : c ' est la partie la plus délicate , la plus suave du cœur qui se détache pour embrasser un autre cœur et le suivre partout .Ne crains pas , ô toi qui as laissé sur mon chemin cette trace embaumée , ne crains jamais que je la laisse se perdre ..",
                  "id": "18",
                  "title": "Dernières causeries du samedi : deuxième série des \"Causeries littéraires\" / par Armand de Pontmartin"
            },
            {
                  "doc_url": "https://gallica.bnf.fr/ark:/12148/bpt6k96757821",
                  "emotions": [
                        "fear",
                        "nervousness"
                  ],
                  "excerpt": "FI .blanches , paniculées , dioïqncs , odorantes le soir .Pétales 2 - fides , à lobes rapprochés , obtus , à écailles 4 - partites .",
                  "id": "19",
                  "title": "Flore de Maine et Loire (Deuxième édition, revue avec soin et considérablement augmentée) / par J.-P. Guépin, D.r-M., professeur à l'école secondaire de médecine d'Angers, membre-adjoint correspondant de l'académie royale de médecine de Paris, et de plusieurs autres sociétés savantes"
            },
            {
                  "doc_url": "https://gallica.bnf.fr/ark:/12148/bpt6k8511237",
                  "emotions": [
                        "fear"
                  ],
                  "excerpt": [
                        "On rapporte encore à la même famille le genre des badamiers { terminalia } , qui paraît , avec quelques plantes voisines , devoir former une nouvel lie famille ; les badamiers pourront probablement un jour intéresser l ’ art de guérir ; dans les Moluques on mange leurs amandes , et on retire de quelques - unes une huile qu ’ on dit ne se rancir jamais : le suc propre d ’ une espèce de terminalia encore mal connu fournit le benjoin selon Linné fils , une autre espèce nommée resinaria par Commerson , paraît contenir beaucoup de résine , et enfin le terminalia vernix > Lam ., fournit le fameux vernis de la Chine : sa résine encore liquide , est très caustique , et les exhalaisons de l ’ arbre sont dangereuses , Tous ces arbres sont encore trop mal connus pour tirer de ces faits aucune conséquence » ( 65 ) 2Ç .T H Y M E L É E s ; Thymeleœ .",
                        "selon les préparations qu ’ il a subies , du melèze , où il se nomme térébenthine de Venise ; de Yabiespicea , d ’ où découle la térébenthine commune ; de Yabies commuais , où on le nomme résine commune ; du thuya quadrivalvis Desf ., d ’ où suinte le sandaracque ; du juniperus lycia , d ’ où l ’ on tire probablement l ’ oli - ban : remarquons que dans les genévriers nous trouvons moins de résine entièrement formée et plus J ’ huile volatile , c ’ est - à - dire de résine incomplètement oxigenée ; cette circonstance les rend plus odorants , comme on le voit dans Poliban et l ’ encens , et aussi plus violents stimulants , comme le prouve l ’ exemple de la sabine .Ces propriétés stimulantes se retrouvent à un moindre degré dans le bois , les feuilles et les baies de plusieurs genévriers , des cyprès , des thuya , des sapins et des pins qui , dans plusieurs pays , sont employés comme toniques en infusion dans de la bierre ."
                  ],
                  "id": "20",
                  "title": "Essai sur les propriétés médicales des plantes, comparées avec leurs formes extérieures et leur classification naturelle, ; par A.-P. Decandolle,..."
            }
      ]
}