{
      "articles": [
            {
                  "doc_url": "https://gallica.bnf.fr/ark:/12148/bpt6k58104848",
                  "emotions": [
                        "fear",
                        "frustration"
                  ],
                  "excerpt": "Dès ce moment , elle ne perçoit plus les mouvements de son enfant ( dé - ? collement probable du placenta ) .Le 11 juillet , elle accouche d ' un foetus mort putréfié ..",
                  "id": "1",
                  "title": "Étude sur la fièvre puerpérale épidémique et en particulier sur l'épidémie quia régné à Dunkerque du mois de juin 1854 au mois de mars 1855, par le Dr Zandyck,..."
            },
            {
                  "doc_url": "https://gallica.bnf.fr/ark:/12148/bpt6k54037484",
                  "emotions": [
                        "grief",
                        "sadness",
                        "fear",
                        "nostalgia",
                        "despair",
                        "frustration",
                        "disappointment"
                  ],
                  "excerpt": "515 Vers ce Paris béant où viennent s ' engloutir L ' or de l ' ambitieux et le coeur du martyr , Du martyr que fait l ' art ; car l ' art , dans sa puissance , Est une passion , une sainte croyance , Un amour qui survit à nos amours trahis , Aussi noble , aussi vrai que l ' amour du pays ; Qui , naissant avec nous , grandit et nous entraîne , Et , comme tout amour , nous impose sa chaîne ; C ' est l ' art qui me plongea par son enivrement Dans cette vie ardente , éternel mouvement , Incessant tourbillon dont le vent nous emporte , Sitôt que de Paris on a franchi la porte .Depuis trois ans j ' errais sur ce rude pavé , Sans qu ' un jour de repos pour moi se fût levé , Sans respirer des champs l ' haleine printanière , Sans que , des soupiraux de ma haute tanière , J ' eusse entrevu du ciel que les lambeaux obscurs Qui pendent sur la ville aussi noirs que ses murs ! .521 Parfois sa Mie a ce leurre Où son dernier espoir a lui : « Il revient , - dit - elle , c ' est l ' heure ; « Je l ' attends , parons - nous pour lui ! .",
                  "id": "2",
                  "title": "Poésies de Madame Louise Colet..."
            },
            {
                  "doc_url": "https://gallica.bnf.fr/ark:/12148/bpt6k97424634",
                  "emotions": [
                        "disgust",
                        "fear",
                        "doubt",
                        "nervousness"
                  ],
                  "excerpt": "La semence fraiche est d ' une odeur désagréable ; elle devient plus douce en séchant ^ .elle est carminative ? stomachique .Usages .",
                  "id": "3",
                  "title": "Démonstrations élémentaires de botanique, à l'usage de l'École royale vétérinaire.... Tome 2"
            },
            {
                  "doc_url": "https://gallica.bnf.fr/ark:/12148/bpt6k1268943n",
                  "emotions": [
                        "fear"
                  ],
                  "excerpt": "., monta chez elle et immédiatement une odeur de chien pourri se répandit dans la chambre .Elle quitta Oullins et vint à l ' hôtel a Lyon on toute la nuit on lit un vacarme épouvantable au - dessus de sa tète et on lui jeta un sortitegL ' , car c ' est Iii que ses réglés apparurent < ) ' une façon très abondante et avec de l ' odeur .",
                  "id": "4",
                  "title": "Contribution à l'étude de l'intoxication par l'oxyde de carbone / Dr Abramovitsch"
            },
            {
                  "doc_url": "https://gallica.bnf.fr/ark:/12148/bpt6k5080622v",
                  "emotions": [
                        "fear"
                  ],
                  "excerpt": ".Tandis que ce jésuite de Fiol est conduit aimablement dans la plus belle chambre de la turne sacrée , on me relègue dans un affreux cabinet noir et puant , où tous les insectes de la création , moustiques , puces , punaises , cafards et autres , ont été enfouis , sans doute à mon intention .Cependant , rompu par les vingt kilomètres à travers les fondrières insondables , je commence , malgré tout , à fermer l ’ œil , quand un bacanal infernal me fait sursauter sur mon lit de sangle .",
                  "id": "5",
                  "title": "Réveil de Rouïba. Journal de combat, républicain radical [\"puis\" Journal politique, agricole et commercial]"
            },
            {
                  "doc_url": "https://gallica.bnf.fr/ark:/12148/bpt6k65414414",
                  "emotions": [
                        "fear"
                  ],
                  "excerpt": "Cent ans encore ont passé ; voici comment s exprime une héroïne de Bhavabhùti , une enfant ; elle raconte ses rêves , où son amoureux la poursuit : Lui ! Lui ! Ses grands yeux de lotus me regardent longuement , longuement ; ils se dilatent , étonnés ; ils remuent , ils dansent comme dans l ' ivresse .Sa voix maintenant , sa voix pareille à celle du cygne , dont les étamines du lotus ont parfumé la gorge .Un cri vague , hésitant , profond ; un long cri qui remplit mes oreilles : « Bien - aimée ! bien - aimée ! Il Éperdue ! mon sein palpite , ma gorge a tendu mon vêtement .",
                  "id": "6",
                  "title": "Essai sur l'évolution de la civilisation indienne. Tome 1 / Mis de La Mazelière"
            },
            {
                  "doc_url": "https://gallica.bnf.fr/ark:/12148/bpt6k65414414",
                  "emotions": [
                        "surprise",
                        "grief",
                        "sadness",
                        "fear",
                        "nostalgia",
                        "doubt",
                        "pain",
                        "disappointment"
                  ],
                  "excerpt": "De Mîr ( mort très agé au début du dix - neuvième siècle ) .Comment , dit - on en pleurant , comment a fui la jeunesse ? — Ah ! la jeunesse a fui comme fuit le zéphir et l ' odeur de la rose .— Mîr , la vieillesse s ' abattit soudain , pareille à la tempête .",
                  "id": "7",
                  "title": "Essai sur l'évolution de la civilisation indienne. Tome 1 / Mis de La Mazelière"
            },
            {
                  "doc_url": "https://gallica.bnf.fr/ark:/12148/bpt6k64605j",
                  "emotions": [
                        "fear",
                        "nervousness",
                        "pain"
                  ],
                  "excerpt": "Ahmed nous fait stopper devant ] e comptoir de l ' un d ' eux .Mon mouchoir , mes mains , les revers de mon veston , ne tardent pas , sous prétexte d ' aider à mon choix , d ' être imprégnés , imbibés , d ' une douzaine d ' essences , dont les effluves combinés , compliques me montent en bouffées lourdes au cerveau et y suscitent tous les prodromes d ' une imminente migraine ./ .",
                  "id": "8",
                  "title": "Eros rosse / Marcel Mouton"
            },
            {
                  "doc_url": "https://gallica.bnf.fr/ark:/12148/bpt6k5542414b",
                  "emotions": [
                        "fear"
                  ],
                  "excerpt": "Il ne faut pas même laisser venir dans l ' appartement du malade les autres enfans de la maison .L ' odeur de son haleine , disséminée dans cette atmosphère , pourrait donner lieu aux mêmes dangers .Les symptômes dont nous venons déparier sont ceux qui caractérisent l ' angine .",
                  "id": "9",
                  "title": "Traité des maux de gorge, et des moyens de les guérir, par M. Clément Savatier,..."
            },
            {
                  "doc_url": "https://gallica.bnf.fr/ark:/12148/bpt6k68939n",
                  "emotions": [
                        "grief",
                        "fear",
                        "nervousness",
                        "pain"
                  ],
                  "excerpt": "Avec la grande brune , la légende avait plus de relief : Sapini , dite Sapin , était de Venise ; là - bas , âgée de dix ans , elle vendait des allumettes pour le compte d ' une mégère , lorsque sa matrone la conduisit auprès d ' un riche seigneur , non dans un palais , mais au fond d ' une gondole , sur la couche fleurie de roses d ' une cabine à parois de cristal que des rameurs menaient en chantant , par les grands canaux .Lassé des voluptés sous - marines , le gentilhomme promena la petite Italienne à travers les cimetières le vent berceur des sycomores , la vision des feux follets , le croassement des corbeaux , les exhalaisons des cadavres du Campo Santo napolitain ranimaient ses sens les galeries de Gênes , tous ces hommes de pierre , ces femmes et ces enfants de marbre , toutes ces statues de vivants , au milieu des sépulcres , lui donnaient des vertiges , des spasmes , des jouissances .Le funèbre monsieur et la fillette guettaient le départ des gardiens , se dissimulaient derrière les colonnes ; ils stationnaient , un soir , à la fraîcheur des ombres , devant le magnifique tombeau des Pallavicini , la chambre de marbre blanc où l ' on voit debout contre le lit du mort , la jeune veuve , la belle vivante , la patricienne en robe de blanches dentelles et aux doigts fuselés , qui soulève un coin du drap et regarde , attentive , le visage de l ' époux endormi ce fut là , au centre du monument que le satyrisiaque accomplit son dernier forfait la petite avait disparu l ' homme heurta de la tête le tombeau et se tua .",
                  "id": "10",
                  "title": "Mademoiselle de Marbeuf / Dubut de Laforest"
            },
            {
                  "doc_url": "https://gallica.bnf.fr/ark:/12148/bpt6k58235998",
                  "emotions": [
                        "disgust",
                        "fear"
                  ],
                  "excerpt": "Son nom lui vient de prwstans , remède par excellence .C ' est un puissant stomachique , carminatif et emménagogue .Il entre dans la thériaque et l ' électuaire béni laxatif .",
                  "id": "11",
                  "title": "Nouveau dictionnaire général des drogues simples et composées de Lémery, revu, corrigé et considérablement augmenté par Simon Morelot.... Tome 1"
            },
            {
                  "doc_url": "https://gallica.bnf.fr/ark:/12148/bpt6k58235998",
                  "emotions": [
                        "disgust",
                        "fear",
                        "nervousness"
                  ],
                  "excerpt": "Ses vertus approchent beaucoup de cplles de la gentiane , ce qui l ' a fait nommer gentiane blanche .Elle est stomachique , stimulante , diurétique .On nous l ' apporte sèche de Marseille .",
                  "id": "12",
                  "title": "Nouveau dictionnaire général des drogues simples et composées de Lémery, revu, corrigé et considérablement augmenté par Simon Morelot.... Tome 1"
            },
            {
                  "doc_url": "https://gallica.bnf.fr/ark:/12148/bpt6k58235998",
                  "emotions": [
                        "disgust",
                        "fear",
                        "nervousness",
                        "pain"
                  ],
                  "excerpt": "Sa saveur est amère , acre , aromatique , plus piquant a que le gingembre .Elle est stimulante , stomachique , em — ménagogue .On l ' emploie dans la dyspepsie ou digestion laborieuse , dans la paralysie de la langue , les coliques venteuses , et le mal de mer , à la dose de dix à quinze grains .",
                  "id": "13",
                  "title": "Nouveau dictionnaire général des drogues simples et composées de Lémery, revu, corrigé et considérablement augmenté par Simon Morelot.... Tome 1"
            },
            {
                  "doc_url": "https://gallica.bnf.fr/ark:/12148/bpt6k58235998",
                  "emotions": [
                        "disgust",
                        "fear",
                        "nervousness"
                  ],
                  "excerpt": "C ' est la seule partie de cette plante qui soit d ' usage en médecine .Elle est stomachique , antiseptique , anthelmintique , fébrifuge .On en fait un vin de gentiane , une teinture à l ' alcool , un extrait : elle entre dans la composition de la thériaquc , du diascordium , du baume de Leliévre .",
                  "id": "14",
                  "title": "Nouveau dictionnaire général des drogues simples et composées de Lémery, revu, corrigé et considérablement augmenté par Simon Morelot.... Tome 1"
            },
            {
                  "doc_url": "https://gallica.bnf.fr/ark:/12148/bpt6k58235998",
                  "emotions": [
                        "fear",
                        "nervousness"
                  ],
                  "excerpt": "Toute la plantea une odeur forte , agréable , une saveur amère , aromatique .Elle est stimulante , stomachique , ménagogue .On l ' emploie en infusion théiforme .",
                  "id": "15",
                  "title": "Nouveau dictionnaire général des drogues simples et composées de Lémery, revu, corrigé et considérablement augmenté par Simon Morelot.... Tome 1"
            },
            {
                  "doc_url": "https://gallica.bnf.fr/ark:/12148/bpt6k58235998",
                  "emotions": [
                        "disgust",
                        "fear",
                        "nervousness",
                        "indifference"
                  ],
                  "excerpt": "Les propriétés médicinales de cette plante résident dans son huile volatile et dans son principe extractif .Elle est stomachique , anthelmintique , anti - septique , résolutive .AbsintMum ponticum .",
                  "id": "16",
                  "title": "Nouveau dictionnaire général des drogues simples et composées de Lémery, revu, corrigé et considérablement augmenté par Simon Morelot.... Tome 1"
            },
            {
                  "doc_url": "https://gallica.bnf.fr/ark:/12148/bpt6k58094463",
                  "emotions": [
                        "disgust",
                        "fear"
                  ],
                  "excerpt": "Le jour , on s ' approchait de la porte pour examiner les étoffes ; le soir , une chandelle fumait dans un chandelier de fer .La maison avait uno odeur de renfermé qui prenait à la gorge .Je vois encore devant mes yeux ta père Hervé , le pror priétaire de la boutique , avec sa veste à quatre battants , bleu savon , taillée en manière d ' habit — 129 — écourté ; son gilet brun épais de deux doigts , carré par ta bas , emboîtait son ventre arrondi en jabot de canard ; ses jambes courtes , une miette torses , sa cravate jaune , ses cheveux gris - cendr .",
                  "id": "17",
                  "title": "Les dimanches de la mère Taboureau / par Mme E. Destriché"
            },
            {
                  "doc_url": "https://gallica.bnf.fr/ark:/12148/bpt6k5721847q",
                  "emotions": [
                        "disgust",
                        "fear",
                        "nervousness",
                        "despair",
                        "pain"
                  ],
                  "excerpt": "Dans un village , les Sofas n ' ont pas eu le temps ou ont dédaigné de brûler les habitations , de simples paillottes .De l ' une d ' elles s ' échappe une horrible 246 LA VIE puanteur .Je descends de cheval .",
                  "id": "18",
                  "title": "La Vie au continent noir / par Félix Dubois,..."
            },
            {
                  "doc_url": "https://gallica.bnf.fr/ark:/12148/bpt6k12621008",
                  "emotions": [
                        "fear"
                  ],
                  "excerpt": "Encarambanar , vcrgIPl & cr , gcler , ¡ Cfi1sÁ re en glafIJilS .Encarar i vifer , mirer , prendre la v ' J ' l pour tirer vne arquebufè ou bien w * a rb ltlefte Ott au trs arme de trait - vis é visi En car eau in ar , s ' emplir la tefie ! vnC mauuaife odeur pc Jfi lenti eufe , 00 ^ de çharogne & de vwie » IPncarcauinado V , lui ' l * t ' ft \" > > * J & odeur .) Encarcehr fè ¡ tir le o encarcerar , empriformer , t .",
                  "id": "19",
                  "title": "Le Trésor des deux langues espagnole et françoise de César Oudin, augmenté... par Antoine Oudin..."
            },
            {
                  "doc_url": "https://gallica.bnf.fr/ark:/12148/bpt6k64818666",
                  "emotions": [
                        "disgust",
                        "fear",
                        "annoyance"
                  ],
                  "excerpt": "Dégras .Odeur désagréable et danger du feu .— ( 9 février 1825 .",
                  "id": "20",
                  "title": "Hygiène publique / travaux... résumés par Évariste Thévenin,... ; Conseil de salubrité de la Seine"
            }
      ]
}