{
      "articles": [
            {
                  "doc_url": "https://gallica.bnf.fr/ark:/12148/bpt6k96186945",
                  "emotions": [
                        "grief",
                        "fear",
                        "nostalgia",
                        "pain"
                  ],
                  "excerpt": "Ses pieds butaient dans les touffes de lentisques , sa belle robe fleuve s ' accrochait aux épines d es chardons , et la marbrière , soigneuse , la retroussait très haut @ de ses hanches Les chardons lui piquaient les mollets .Elle ne ralentissait pas son élan et elle criait toujours : — Vincente ! Vincente ! Un vent chaud lui coupait la figure , apportant l ' odeur fétide des asphodèles qui pullulent sur le rivage .La respiration pémi de , elle se sentait défaillir .",
                  "id": "1",
                  "title": "Pépète le bien-aimé / Louis Bertrand ; illustrations d'après les dessins de Renefer"
            },
            {
                  "doc_url": "https://gallica.bnf.fr/ark:/12148/bpt6k5844502t",
                  "emotions": [
                        "fear",
                        "nervousness",
                        "pain"
                  ],
                  "excerpt": "— Ouf ! dit tout à coup Brin - d ' Avoine en se relevant , Vincent , es - tu niort ? — Non ! dis - je d ' un air dolent , mais hélas ! je crois que je n ' en vaux guère mieux .Il me semble que tout tourne autour de moi , et je sens encore l ' haleine chaude des chiens sur ma figure .Oh ! Brin - d ' Avoine , quel malheur ! — Ah ! ça , c ' est vrai , dit Brin - d ' Avoine , oui , vrai de vrai ; j ' ai cru que je ne sortirais pas vivant de la gueule des chiens ; et dire que tous nos bons oeufs sont perdus , en voilà une misère , et le bon beurre frais qui me coulait dans la bouche , dire qu ' il ne m ' en ont pas seulement laissé une petite part .",
                  "id": "2",
                  "title": "Les Voyages de mon oncle Vincent, sur terre, sur mer, dans les airs, et par tous les moyens de locomotion usités ou non, par Charles de Ribelle"
            },
            {
                  "doc_url": "https://gallica.bnf.fr/ark:/12148/bpt6k6438302b",
                  "emotions": [
                        "fear",
                        "doubt"
                  ],
                  "excerpt": "Nos doâes compagnons qui , de mœurs toutes bonnes , Par l ' afped feulement vont gaignant les personnes Qui iouiaux , bien lter , bien nourris , bien ap - ris , Gaillards vont reueillant les plus mornes espris : Sans souffrir près de nous ces ames soupçonneuses , Quifont du vray le faux par haines dedaigneuses : Et n ' aurions lors sinon - que des hommes prudents , Qui fçauroientfupporter tous humains accidents : Peser de leurs amis les raisons , les excuses , Mesme prendre en payment quelques petites ruses Qu ' apporte le mesnage : 6 qui toujiours prendroient Leurs amis comme amis ejlre pris ils voudraient : Sans se montrer quinteux , defians ni sauuages , Changeants à tous propos de cœursâ de visages .r Comme nous craignons moins les Lions & les Lous , 1 Que nous ne faisons pas les Puces & les Pous , La morsure & l ' odeur des puantes Punaises , Quand ils viennent la nuiâ entrerompre nos aises : Ainji nous deuons moins craindre les AJfafins , Les voleurs , les brigans , les guetteurs de chemins , Que les hommes facheux , malneq , opiniajirés , Pleins de mauuaifes mœurs , depits , accariajlres , Que toujiours nous pouuons trouuer à tous propos Venir mal enseigner troubler nojlre repos ..",
                  "id": "3",
                  "title": "Les diverses poésies de Jean Vauquelin, sieur de La Fresnaie. Tome 1 / publiées et annotées par Julien Travers..."
            },
            {
                  "doc_url": "https://gallica.bnf.fr/ark:/12148/bpt6k5699174c",
                  "emotions": [
                        "fear",
                        "doubt",
                        "nervousness"
                  ],
                  "excerpt": ") î Quand le malade ale dos roide ôc [ uns ^ mouvement , les yeux fixes ôc comme ; j Immobiles , regardant feulement vers un - 1 endroit , que les lèvres sont sèches 3 ôc * comme brûlées , le visage enflé , bleuâ - ! tre , ou noir - , le mal est bien dangereux , ; J à peine en guérira - fil .Si déplus il y a dé - • lire , mouveniens inquiets ôc convulsifs , suivis de la perte de la parole , ôc accompagné de certaine odeur cadavéreuse , c ' est tin homme désespéré .Quand le malade sent par toutíe corps comme une réplétion totale , ôc que le dos lui devient violet - , il ne passera pas trois jours .",
                  "id": "4",
                  "title": "Description géographique, historique, chronologique, politique et physique de l'Empire de la Chine et de la Tartarie chinoise. Tome 3 / ... Par le P. J.-B. Du Halde,..."
            },
            {
                  "doc_url": "https://gallica.bnf.fr/ark:/12148/bpt6k54571975",
                  "emotions": [
                        "anger",
                        "fear",
                        "nervousness"
                  ],
                  "excerpt": "Mais le même soir , à dix heures , on me fait appeler en toute hâte , en me disant que le malade ne cessait pas de s ' abandonner à ses tristes pressentiments .Arrivé près de lui , je remarque en effet une notable altération des traits et je le trouve dans un état d ' agitation extrême : « Mais je vais mourir , » me dit - il à chaque instant , ou bien : « Je sens le mort , » et il est fort étonné que je ne sois pas frappé , comme lui , de cette odeur cadavéreuse .Il n ' y a pas eu d ' ailleurs le moindre symptôme fébrile , ni frissons , ni chaleur ou sueur , le pouls est petit , concentré , bat de 88 à 92 fois par minute .",
                  "id": "5",
                  "title": "De l'impaludisme / par le Dr Duboué,..."
            },
            {
                  "doc_url": "https://gallica.bnf.fr/ark:/12148/bpt6k54495937",
                  "emotions": [
                        "disgust",
                        "fear"
                  ],
                  "excerpt": "L ' amour avait sous l ' arbre à Vénus consacré , Qu ' ardemment je chéris , quoiqu ' il me soit nuisible , Tendu son grand filet , par un rameau doré Dissimulé si bien qu ' il était invisible .Il avait répandu dans l ' espace étbéré , Comme appât , un parfum d ' un effet indicible ; Une charmante voix accroissait à son gré Mon espoir ou rendait mon tourment plus sensible .Tout près brillait un astre , étincelant flambeau Eclipsant le soleil ; plus blanche que la neige Une main tenait le cordeau .",
                  "id": "6",
                  "title": "Poésies diverses / par Pierre Chevallier"
            },
            {
                  "doc_url": "https://gallica.bnf.fr/ark:/12148/bpt6k62136266",
                  "emotions": [
                        "disgust",
                        "fear"
                  ],
                  "excerpt": "Le moindre sentiment d ' odeur de charbon en combustion m ' incommode , et je perçois cette sensation avec une étrange faculté .D ' une extrémité à l ' autre d ' un appartement , je pressens pour ainsi dire la vapeur empoisonnée , cette odeur méphitique , ce goût sut generts qui accomd ii ~ ( ~ la vapeur eiii l ) o s ( pagne et révèle la combustion du charbon .« Comme le soldat placé dans un poste avancé , j ' aurais pu , en cette circonstance , payer de ma personne mon dévouement au culte d ' un art , hélas ! trop peu encouragé , et pour lequel j ' ai fait déjà de bien grands sacrifices .",
                  "id": "7",
                  "title": "Histoire des ballons et des ascensions célèbres / A. Sircos et Th. Pallier ; avec une préface de Nadar ; dessins de A. Tissandier..."
            },
            {
                  "doc_url": "https://gallica.bnf.fr/ark:/12148/bpt6k9739162k",
                  "emotions": [
                        "grief",
                        "fear",
                        "despair"
                  ],
                  "excerpt": "Les riches présens qu ' elle étale Aux yeux trompés de sa rivale , D ' une gousse d ' ail sont frottés ; Et contente de sa vengeance , Médée , au sein des airs , s ' élance Sur ses griffons épouvantés .Dans l ' ardeur de la canicule , L ' odeur infecte qui circule Sur les rivages africains , Quand la mort partout l ' accompagne , Répand , dans la triste campagne , De moins redoutables venins .Sur l ' affreux bûcher qui le brûle , Hercule , l ' intrépide Hercule , D ' un feu moins vif est dévoré , Lorsqu ' avec effort il expire Dans le manteau que Déjanire , Pour son suppliée , a préparé .",
                  "id": "8",
                  "title": "Ballon d'essai, ou Chansons et autres poésies de L. Armand Gouffé , convive des dîners du Vaudeville, et... voilà tout"
            },
            {
                  "doc_url": "https://gallica.bnf.fr/ark:/12148/bpt6k5721867g",
                  "emotions": [
                        "disgust",
                        "fear"
                  ],
                  "excerpt": "Elle a une odeur vireuse et une saveur acre , nauséabonde .C ' est un poison narcotico - âcre violent , un calmant , stupéfiant dont l ' action se porte surtout sur la rétine , La racine de la belladone est employéé contre la coqueluche et la scarlatine .Elle est la base de la poudre de Wetzcer .",
                  "id": "9",
                  "title": "Bulletin de la Commission des antiquités de la ville de Castres et du département du Tarn"
            },
            {
                  "doc_url": "https://gallica.bnf.fr/ark:/12148/bpt6k5456492t",
                  "emotions": [
                        "fear",
                        "courage",
                        "excitement",
                        "nervousness",
                        "faith"
                  ],
                  "excerpt": "Cette heure où nous perdons la force et le courage , L ' heure où l ' âme indécise , abdiquant tout vouloir , Laisse son corps lutter tout seul contre l ' orage , Pour s ' en aller à Dieu remettre son pouvoir .Fuyant l ' immonde odeur de chair décomposée , L ' âme monte rapide au séjour éternel Et va s ' agenouiller sur la nue embrasée En attendant sans peur un arrêt solennel .Au banquet de ce jour sa place est déjà prise Par un être impalpable , encore un embryon Sur l ' éternel chemin .",
                  "id": "10",
                  "title": "Fleurs cueillies sur l'éternel chemin : poésies / Auguste Bertout"
            },
            {
                  "doc_url": "https://gallica.bnf.fr/ark:/12148/bpt6k3045245h",
                  "emotions": [
                        "fear",
                        "guilt"
                  ],
                  "excerpt": "Il faut encore , avant de se servir d ’ un tonneau , qui était vide depuis plusieurs jours , y introduire une mèche soufrée allumée , ou , à défaut , un morceau de papier enflammé .On reconnaît qu ’ il a contracté le goût d ’ aigre , si le feu s ’ éteint .On prendra alors un soufflet de cuisine , on introduira la douille dans la bonde , sans I boucher celle - ci , et on souillera dans le tonneau , jusqu ’ à ce qu ’ oa • y ait changé l ’ air .",
                  "id": "11",
                  "title": "La nouvelle Maison rustique, guide pratique d'économie rurale et domestique... par une Société d'agronomes, de médecins, de vétérinaires, de légistes, de chimistes etc. .... Tome 1"
            },
            {
                  "doc_url": "https://gallica.bnf.fr/ark:/12148/bpt6k61383335",
                  "emotions": [
                        "fear",
                        "nervousness"
                  ],
                  "excerpt": "Elle est foncée et assez semblable , quant à la couleur , aux vins de 31adère et de Malaga .Elle est un peu trouble et répand comme la première une forte odeur de poisson .On lui attribue en Suède les mêmes propriétés médicales qu ' 4 la précédente .",
                  "id": "12",
                  "title": "L'Huile de foie de morue envisagée sous tous les rapports comme moyen thérapeutique, par L. J. de Jongh,..."
            },
            {
                  "doc_url": "https://gallica.bnf.fr/ark:/12148/bpt6k9768348h",
                  "emotions": [
                        "fear",
                        "nervousness"
                  ],
                  "excerpt": "» Il remit sa pipe dans l ' étui , et avec un adieu bien paisible disparut sous les f arcades basses d ' une petite cour , laissant Gaucsin tout bouleversé de ce qu ' il venait d ' entendre .Il se représentait la scène dans cette chambre qui avait été leur chambre , l ' effroi du petit appelant au secours , la lutte brutale avec le gros homme , et il croyait sentir le goût opiacé , l ' amertume somnolente du laudanum répandu .L ' épouvante lui en resta tout le jour , aggravée de l ' isolement où elle allait se trouver .",
                  "id": "13",
                  "title": "Sapho : moeurs parisiennes / par Alphonse Daudet ; illustrations de L. Montégut"
            },
            {
                  "doc_url": "https://gallica.bnf.fr/ark:/12148/bpt6k9601163f",
                  "emotions": [
                        "fear",
                        "nervousness"
                  ],
                  "excerpt": "Pascal prit le chemin qui conduisait à la maison de Simplice , n ' éveillant les échos que par le bruit de ses pas , car les chiens du pays le connaissaient .Une senteur pénétrante de jasmin l ' avertit qu ' il approchait .En une minute , il arriva .",
                  "id": "14",
                  "title": "Un coup de fusil / Georges Duval"
            },
            {
                  "doc_url": "https://gallica.bnf.fr/ark:/12148/bpt6k96687655",
                  "emotions": [
                        "grief",
                        "disgust",
                        "fear"
                  ],
                  "excerpt": "Les fossoyeurs n ' ont pas terminé leur funèbre besogne ; à perte de vue , les colonnes de fumée révèlent la place des bûchers où les Japonais achèvent d ' incinérer leurs morts .L ' épouvantable odeur de cadavre est partout ; \" elle paraît nous poursuivre et courir derrière .nous plus rapide que nos chevaux .",
                  "id": "15",
                  "title": "Journal d'un correspondant de guerre en Extrême-Orient : Japon, Mandchourie, Corée / Réginald Kann"
            },
            {
                  "doc_url": "https://gallica.bnf.fr/ark:/12148/bpt6k96186945",
                  "emotions": [
                        "disgust",
                        "fear"
                  ],
                  "excerpt": "Le milieu du hall restait vide , et le plancher solitaire reflétait mélancoliquement 1 e s becs de gaz dans les flaques d ' eau de l ' arrosage .Une intolérahie odeur d ' acétylène prenait à la gorge .Brusquement , vers neuf heures , il se fit , à la porte , un grand vacarme de coups de fouets et de sonnail les .",
                  "id": "16",
                  "title": "Pépète le bien-aimé / Louis Bertrand ; illustrations d'après les dessins de Renefer"
            },
            {
                  "doc_url": "https://gallica.bnf.fr/ark:/12148/bpt6k5713909q",
                  "emotions": [
                        "fear",
                        "embarrassment"
                  ],
                  "excerpt": "L ' un d ' eux tomba à la renverse , comme atteint d ' une balle mortelle ; l ' autre se dressa sur ses jambes en élevant ses bras supplians , et en demandant grâce d ' une voix lamentable Quand son premier mouvement d ' effroi fut calmé , il me dit de faire le tour de la masure , et de m ' enfoncer dans une touffe de broussailles a travers lesquelles un passage à demi - comblé par les ruines descendait dans la cave .Lorsque j ' eus opéré cette manoeuvre , je me trouvai dans une espèce de sépulcre fétide en présence de mes deux juifs terrifiés .Je leur dis que leur métier de chakals les conduirait tôt ou tard au gibet ; mais que cette fois ils en seraient quittes pour la peur .",
                  "id": "17",
                  "title": "La Tache de Caïn, par L. Notté de Vaupleux. Tome 2"
            },
            {
                  "doc_url": "https://gallica.bnf.fr/ark:/12148/bpt6k5459284h",
                  "emotions": [
                        "grief",
                        "sadness",
                        "fear",
                        "frustration",
                        "disappointment"
                  ],
                  "excerpt": "Recevant de ce peuple un solennel hommage Qui , loin de s ' amoindrir , augmente d ' âge en âge , Ce grand saint a toujours entouré de faveur Son ardente prière où s ' allumait son coeur .De ses voeux assidus marquant la préférence , Jamais il n ' a laissé tromper son espérance : Du choléras - morbus , l ' un des plus grands fléaux , De la rage , l ' auteur des plus horribles maux ; De la peste , d ' où sort l ' odeur nauséabonde Qui des lieux les plus chers fait enfuir tout le monde , Il sut la préserver ; et dans d ' autres malheurs Saint Roch ne se montra jamais sourd à ses pleurs .Enfin , pour abréger , maisons à tous étages , Dont des artistes mains font oublier les âges ; Balcons à fresques d ' or , grilles à pans d ' argent ; Vestibules , que garde un valet diligent ; Vastes cours , dont le centre , entouré de pelouse , Est paré d ' un bassin que tout regard jalouse , D ' où le jet d ' eau jaillit les jours de festival Et retombe en cascade aussi pur qu ' un cristal ; Ponts - levis gracieux dansant la pastourelle Dans un gai vis - à - vis avec la passerelle ; Admirables jardins , que trace avec tant d ' art , En des plans si divers , le célèbre Brongnart , Dont le nom est inscrit au Comice horticole Et rappelle aux Lillois les gloires de l ' école ; De riches points de vue et de riants lointains Qui sont à tous moments l ' écho de gais refrains ; De sinueux contours dans les vertes allées Séparant les massifs en ellipses moulées ; Des parterres fleuris charmant l ' oeil tour à tour ; Des feuillages épais tantôt voilant le jour Et versant à leurs pieds une ombre ténébreuse , Ou tantôt laissant voir du ciel la voûte heureuse ; Un ruisseau serpentant avec limpidité ; Dans le centre un étang par la brise agité ; Tout un peuple de fleurs couronnant les bordures , Brillantes de rosée et de couleurs très - pures ; Oh ! quel délice autour de ces boutons naissants ! Quels suaves attraits ! quels parfums ravissants ! Beaux parcs , bois odorants où sous un frais ombrage , Leurs chantres , les oiseaux , mêlent leur doux ramage : — 14 — Le charmant rossignol , dont la voix monte aux cieux En remplissant les airs d ' un son mélodieux , Fait entendre parfois des roulades si vives , Qu ' elles touchent le coeur des plantes attentives , Et que les compagnons qu ' éveille son ardeur , Viennent autour de lui pour se ranger en choeur ; L ' alouette chantant avec grâce , avec âme , La romance du coeur qui d ' amour vous enflamme ; ' La grive et la fauvette , aux chants retentissanrs , Soutenant les accords par de graves accents ; Le merle et le pinson Autant dans la fougère ; Le bouvreuil soupirant une chanson légère ; Les linottes parmi les bruyères en fleur , Animant le concert avec un air flatteur ; D ' autres chantres connus par leur dure harmonie , Appuyant les effets de cette symphonie ; Et les jolis ramiers , épris fort tendrement , Accompagnant ces chants de leur roucoulement ; Des secrets de l ' amour entendant le langage Qu ' ils répètent tout haut dans leur joyeux ramage , Modulant des airs vifs où se peignent leurs feux Pour charmer la colombe , objet de leurs doux voeux ; En cercles voltigeant près de cette compagne , Tout remplis de désirs que la crainte accompagne , Forçant adroitement , par des tours et des jeux , La rebelle à baisser ses regards devant eux , Vantant le riche sang qui bouillonne en leurs veines ; Puis .",
                  "id": "18",
                  "title": "Les Combats de coqs dans le Nord, poëme héroï-comique en trois chants, par Victor Bréda"
            },
            {
                  "doc_url": "https://gallica.bnf.fr/ark:/12148/bpt6k5801658h",
                  "emotions": [
                        "disgust",
                        "fear"
                  ],
                  "excerpt": "« demain votre plus beau gigot ! — Madame sera servie , » répond le blanc - bec .Le lendemain , en effet , un suffocant parfum de gigot s ' exhalait de la porte entr ' ouverte de M \" e Landouille et tous les cléricaux de la maison , bon gré , mal gré , firent gras par le nez .— M \" * Landouille se vengeait ! Mm * Landouille était vengée ! — Le lundi de Pâques , M * « Landouille , M .",
                  "id": "19",
                  "title": "Lettres d'un tisseur, écrites aux ouvriers, publiées dans les journaux \"le Télégraphe\" et \"l'Eclair\" de 1870 à 188. / par M. l'abbé A. Déflotrière,... ; [préface signée J. H., prêtre [l'abbé J. Huguet]"
            },
            {
                  "doc_url": "https://gallica.bnf.fr/ark:/12148/bpt6k144251z",
                  "emotions": [
                        "fear",
                        "pain"
                  ],
                  "excerpt": "Les gencives saignent et elles sont si sensibles que le chien ose à peine manger et boire .Son haleine est fétide .Traitement .",
                  "id": "20",
                  "title": "Dressage pratique et perfectionné du chien d'arrêt anglais (3e édition...) / par P. Barreyre"
            }
      ]
}