{
      "articles": [
            {
                  "doc_url": "https://gallica.bnf.fr/ark:/12148/bpt6k991172r",
                  "emotions": [
                        "fear",
                        "optimism",
                        "calmness"
                  ],
                  "excerpt": "Je suivis la marquise , le cœur palpitant , osant à peine marcher dans sa trace embaumée et effleurer de mon regard sa toilette exquise .Elle sentait affreusement bon , ma grand ' tante , et ..",
                  "id": "1",
                  "title": "Dames seules / par Roger Dombre. L'Élixir de crocodile"
            },
            {
                  "doc_url": "https://gallica.bnf.fr/ark:/12148/bpt6k30427318",
                  "emotions": [
                        "surprise",
                        "fear",
                        "doubt"
                  ],
                  "excerpt": "es qu ’ ils font travailler à la riviere d ’ Or .Le Pais eft bas & couvert de Forêts dans tout le voilînaee : H 4 & ij6 VOYAGE & l ’ air y eft très - mal - fain ; ce qui peut venir delà vafe puante des Rivières .Mais le petit Village - de Scuchadero , htué fur le coté droit de lariviere de S .",
                  "id": "2",
                  "title": "Voyage de Guillaume Dampier, aux terres australes, à la Nouvelle Hollande, etc., fait en 1699 ... Avec le voyage de Lionel de Wafer, où l'on trouve la description de l'isthme de Darien dans l'Amérique..."
            },
            {
                  "doc_url": "https://gallica.bnf.fr/ark:/12148/bpt6k6514117j",
                  "emotions": [
                        "anger",
                        "fear",
                        "courage"
                  ],
                  "excerpt": "Très - peu d ' inconvénient 5e Idem .Térébenthine ( Travail en grand Odeur insalubre et danger du feu .lre 9 février 183J \" pour l ' extraction de la ) .",
                  "id": "3",
                  "title": "Recueil des circulaires et instructions émanées du Ministère de l'intérieur de 1790 à 1830 inclusivement. Tome 3"
            },
            {
                  "doc_url": "https://gallica.bnf.fr/ark:/12148/bpt6k6514117j",
                  "emotions": [
                        "fear"
                  ],
                  "excerpt": "1 \" ii janvier 8 ' Soufre ( Fabrication deslleursde ) .Grand danger du feu et odeur dés - lrc 9 février t agréable .d ) 1 Id Idelll .",
                  "id": "4",
                  "title": "Recueil des circulaires et instructions émanées du Ministère de l'intérieur de 1790 à 1830 inclusivement. Tome 3"
            },
            {
                  "doc_url": "https://gallica.bnf.fr/ark:/12148/bpt6k408614q",
                  "emotions": [
                        "disgust",
                        "fear"
                  ],
                  "excerpt": "On cite des personnes qu ' on a trouvées mortes dans leur chambre pour y avoir gardé la nuit des fleurs fort odorantes , et notamment des fleurs de lis .On trouve aux Antilles et dans les contrées chaudes de l ' Amérique du Sud , un arbre redoutable , dont les émanations sont réputées mortelles ; c ' est le terrible mancenillier ( hyppomane mancinella ) on regarde pour certain dans le pays , que ceux qui s ' endorment sous cet arbre ne se réveillent plus .Enfin , il croît dans nos jardins une plante vivace appelée fraxinelle ( dictamusalbus ) , dont l ' atmosphère s ' enflamme à l ' approche d ' une bougie ce phénomène très curieux a lieu surtout le soir , vers le crépuscule et au moment de l ' aurore la plante ne reçoit aucun dommage de cette conflagration subite .",
                  "id": "5",
                  "title": "Précis de physiologie humaine ; [suivi d'un] Code abrégé d'hygiène (Seconde édition, revue, corrigée et augmentée) / par P.-J.-C. Debreyne"
            },
            {
                  "doc_url": "https://gallica.bnf.fr/ark:/12148/bpt6k30427318",
                  "emotions": [
                        "fear",
                        "disapproval",
                        "guilt"
                  ],
                  "excerpt": "Entre la Place d ’ armes & cette maifon , il y a un petit Ruiiïcau , fur lequel on a bâti un Pont ; & à l ’ Eft , proche de l ’ Ecurie , il y en a un autre d ’ eau douce .J ’ ai déjà dit que Pair y eft mauvais , Aufti le terrain y eft il bas & marécageux à l ’ Eft , & lors que la mer fe retire , on voit fur le rivage une bourbe noire & puante , qui ne peut qu ’ exaler de pernicieufes vapeurs dans un Climat aulu chaud que celui - ci .Au Sud & au iNord le terrain s ’ eleve infenliblement jufques au fomraet des Montagnes , qui font en partie couvertes de Bois , & en partie de Savanes ; mais il n ’ y a pas beaucoup d ’ arbres fruitiers ni de Plantations près de la Ville .",
                  "id": "6",
                  "title": "Voyage de Guillaume Dampier, aux terres australes, à la Nouvelle Hollande, etc., fait en 1699 ... Avec le voyage de Lionel de Wafer, où l'on trouve la description de l'isthme de Darien dans l'Amérique..."
            },
            {
                  "doc_url": "https://gallica.bnf.fr/ark:/12148/bpt6k5623629g",
                  "emotions": [
                        "fear"
                  ],
                  "excerpt": "Il y a îles empoisonnements aigus , raiides , qui entraînent la mort en quelques minutes .Il y a des empoisonnements lents , chroniques , qui n ' entrai nvut la mort «u ' au bout do ( piohjues mois ou de quelques années .Ce sont evs cmjioisomiomeiit lenls « pii sont les plus fréiuents .",
                  "id": "7",
                  "title": "Guérison de la tuberculose / par le Dr Coste de Lagrave"
            },
            {
                  "doc_url": "https://gallica.bnf.fr/ark:/12148/bpt6k9661679p",
                  "emotions": [
                        "grief",
                        "disgust",
                        "fear",
                        "nervousness",
                        "pain"
                  ],
                  "excerpt": "Haguenot , Doyen de la Faculté de Médecine de Montpellier , dans un Mémoire sur le danger des in - humations dans les églises , rapporte que , le 17 Août 1744 , trois hommes moururent dans un caveau de l ' église Notre - Dame a Montpellier , où l ' inhumation d ' un Pénitent blanc les avoit engagés à descen - dre , 8c qu ' un quatrième si ' échappa à ce danger que par la fuite la plus prompte .Celui - ci éprouva des vertiges qui firent craindre pour sa vie ; ses habits 8c sou corps même exhalerent pendant plus de quinze jours une odeur cadavéreuse .» XXIX .",
                  "id": "8",
                  "title": "Dictionnaire universel de police, contenant l'origine et les progrès de cette partie importante de l'administration civile en France. Tome 5 / ... Par M. Des Essarts, avocat, membre de plusieurs académies. Tome premier [-Tome huitième]"
            },
            {
                  "doc_url": "https://gallica.bnf.fr/ark:/12148/bpt6k6514117j",
                  "emotions": [
                        "disgust",
                        "fear",
                        "annoyance",
                        "doubt",
                        "nervousness"
                  ],
                  "excerpt": "Très - peu d ' inconvénient 5e Idem .bris eà / eutres vernis ( Fa - Odeur désagréable ; crainte d ' in - Fe 5 novemb .1826 .",
                  "id": "9",
                  "title": "Recueil des circulaires et instructions émanées du Ministère de l'intérieur de 1790 à 1830 inclusivement. Tome 3"
            },
            {
                  "doc_url": "https://gallica.bnf.fr/ark:/12148/bpt6k11852923",
                  "emotions": [
                        "fear"
                  ],
                  "excerpt": "\" de s ’ en procurer , profitèrent de l ' effroi de leurs vainqueurs pour montrer l ’ i - pas comme un géant terrible dont les exhalaisons seules donnaient la mort .Il fallait , disaient - ils , l ’ aller chercher à vingt - sept lieues de Batavia , et à quatorze lieues de la résidence de l ’ empereur , dans une vallée effrayante par son aridité , et autour de laquelle l ’ air était tellement imprégné de miasmes pestilentiels , que les oiseaux , en le traversant , tombaient morts .Un des chirurgiens de l ’ armée hollandaise publia , en 1783 , la relation de son voyage dans l ’ intérieur de Java .",
                  "id": "10",
                  "title": "Petit cours d'histoire naturelle en huit parties. 7e partie, Les Végétaux, entretiens familiers sur l'histoire des végétaux, par Mlle Ulliac Trémadeure"
            },
            {
                  "doc_url": "https://gallica.bnf.fr/ark:/12148/bpt6k6514117j",
                  "emotions": [
                        "disgust",
                        "anger",
                        "fear",
                        "annoyance",
                        "disapproval"
                  ],
                  "excerpt": "p petit feu et danger d ' incendie .Archerl \" es Très - mauvaise odeur et cris dés - 1 \" Idem .VOta e , Von ' Chromatedepotasse .",
                  "id": "11",
                  "title": "Recueil des circulaires et instructions émanées du Ministère de l'intérieur de 1790 à 1830 inclusivement. Tome 3"
            },
            {
                  "doc_url": "https://gallica.bnf.fr/ark:/12148/bpt6k6259142j",
                  "emotions": [
                        "surprise",
                        "fear",
                        "doubt",
                        "curiosity"
                  ],
                  "excerpt": "Presque toujours , il les happait au vol .Du coup , le rat avait les reins cassés et rendait bientôt à Dieu sa vilaine àme de rat visqueux et puant ! Que fait - on des victimes ? demandai - je à un groom à mine éveillée .On les sale et puis on prépare avec des conserves qu ' on met dans des boîtes de fer - blanc .",
                  "id": "12",
                  "title": "La Grande revue : journal de variétés... : littérature, voyages, curiosités, anecdotes, musique, beaux-arts, horticulture, sport, chasse, théâtre, etc., etc."
            },
            {
                  "doc_url": "https://gallica.bnf.fr/ark:/12148/bpt6k6514117j",
                  "emotions": [
                        "disgust",
                        "anger",
                        "fear",
                        "annoyance"
                  ],
                  "excerpt": "Huile rousse ( Fabriques d ' ) ex - Idem lre 14 janvier loi ' traite des cretons et débris de graisse à une haute température , Huiles de lin ( Cuisson des ) .Odeur très - désagréable et danger ire ZI mai 4833dul ' eu \" { 8t ' Huiles ( Epuration des ) au moyen Danger du feu et mauvaise odeur 2e ti janvier 0Sde l ' acide sulfurique .I produite par les eaux d ' épuraI tion .",
                  "id": "13",
                  "title": "Recueil des circulaires et instructions émanées du Ministère de l'intérieur de 1790 à 1830 inclusivement. Tome 3"
            },
            {
                  "doc_url": "https://gallica.bnf.fr/ark:/12148/bpt6k9618363k",
                  "emotions": [
                        "disgust",
                        "fear",
                        "nervousness"
                  ],
                  "excerpt": ".Derrière elle , l ' odeur sûre du harem monte comme une senteur mauvaise de bêtes .L ' Afrique en chambre suffoque , énerve .",
                  "id": "14",
                  "title": "L'heure bleue : illustré par la photographie d'après nature / Pierre Guédy"
            },
            {
                  "doc_url": "https://gallica.bnf.fr/ark:/12148/bpt6k6514117j",
                  "emotions": [
                        "disgust",
                        "anger",
                        "fear",
                        "annoyance"
                  ],
                  "excerpt": "gl ' Noir de fumée ( Fabrication du ) .Danger du feu 2 ' 14 janvier t Noir d ' ivoire et noir d ' os ( Fa - Odeur très - désagréable de ma - t re Idembrication du ) , lorsqu ' on n ' y tières animales brûlées , portée brûle pas la fumée .à une grande distance .",
                  "id": "15",
                  "title": "Recueil des circulaires et instructions émanées du Ministère de l'intérieur de 1790 à 1830 inclusivement. Tome 3"
            },
            {
                  "doc_url": "https://gallica.bnf.fr/ark:/12148/bpt6k1056787r",
                  "emotions": [
                        "disgust",
                        "fear",
                        "nervousness",
                        "despair",
                        "pain"
                  ],
                  "excerpt": "TÉNÉBRIO , TÉNÉBRION .Coléoptere ; sent très - mauvais , BOISTE .– 1 ° On ne dit en françois que ténébrion .",
                  "id": "16",
                  "title": "Examen critique des dictionnaires de la langue françoise, ou Recherches grammaticales et littéraires sur l'orthographe, l'acception... et l'étymologie des mots, par Charles Nodier,..."
            },
            {
                  "doc_url": "https://gallica.bnf.fr/ark:/12148/bpt6k99756j",
                  "emotions": [
                        "fear",
                        "nervousness"
                  ],
                  "excerpt": "Hatchitt .Énervés par l ' angoisse et par les émanations capiteuses , lord Hotairwell et M .Penkenton qui , parvenu à se taire , avait appris la catastrophe , par - couraient ia salle , soulevant sous leurs pas des tem pètes invisibles dans ces flots incolores .",
                  "id": "17",
                  "title": "Ignis / [par le Cte Didier de Chousy]"
            },
            {
                  "doc_url": "https://gallica.bnf.fr/ark:/12148/bpt6k30427318",
                  "emotions": [
                        "anger",
                        "fear"
                  ],
                  "excerpt": "Mais peu de tems après le Soleil couché , il fe mit à pleuvoir d ’ une fi terrible force , qu ’ on auroit dit que le Ciel & la T erre alloient fe confcn - i - .; dre , l ' orage étoit accompagné de furieux coups d £ tonnerre , & les éflairs avoient une odeur de fou - frefi puante , que nous en fumes prefqu ’ ctouffz .La Tempête dura jufques à minuit , & alors nousfumesfaifisdefrayeuràl ’ ouiedu btuit quefes Rivières faifoient autour de nous ; L ’ obfcurité étoit même fi grande que nous ne pouvions rien découvrir que nôtre feu ; à moins que les éclairs ne vinfîent à luire .",
                  "id": "18",
                  "title": "Voyage de Guillaume Dampier, aux terres australes, à la Nouvelle Hollande, etc., fait en 1699 ... Avec le voyage de Lionel de Wafer, où l'on trouve la description de l'isthme de Darien dans l'Amérique..."
            },
            {
                  "doc_url": "https://gallica.bnf.fr/ark:/12148/bpt6k58300490",
                  "emotions": [
                        "fear",
                        "excitement",
                        "nervousness",
                        "despair",
                        "pain"
                  ],
                  "excerpt": "La malade ressent une brûlure vive dans la bouche , elle ne parle et ne mange qu ' avec beaucoup de difficulté .La salive s ' écoule au dehors , I haleine est fétide .Dans les cas graves , la malade présente parfois l ' aspect général et toute la symptomalologie de la stomatite ulcéro - membraneuse ; mais si la stomatite mercurielle est traitée de bonne heure , elle se borne à un peu de gingivite et à quelques ulcérations des joues et de la langue .",
                  "id": "19",
                  "title": "Précis d'obstétrique (6e édition entièrement refondue) / par MM. A. Ribemont-Dessaignes,... et G. Lepage,..."
            },
            {
                  "doc_url": "https://gallica.bnf.fr/ark:/12148/bpt6k5426202w",
                  "emotions": [
                        "fear"
                  ],
                  "excerpt": "• pbithéâtres , des égouts , des bôyauderies , etc .Kops , leur ; ; ieônséib ' ioris en outre d ' opérer dans leursateliérs - une ventilation permanente , et deneja / nais coucher aumilieu de ces dangereuses émanations .; .",
                  "id": "20",
                  "title": "Notice historique et pratique sur le choléra-morbus et particulièrement sur l'épidémie de 1849 ; indication des moyens de s'en préserver, de le reconnaître aisément, et de s'en rendre maître en l'absence du médecin, par Paul Reis,..."
            }
      ]
}