{
      "articles": [
            {
                  "doc_url": "https://gallica.bnf.fr/ark:/12148/bpt6k96029979",
                  "emotions": [
                        "fear",
                        "nervousness"
                  ],
                  "excerpt": "Il faut fe garder , „ dit - il , de boire un peu largement de „ ces vins qui viennent des endroits d ' où „ la chaux vient , à caufe , felon luy , que „ l ' ufage de ces vins ne caule pas feule ., \" ment les maladies que cauferoit la va - „ peur & l ' odeur forte de la chaux que „ l ' on auroit refpiré , mais auffi des fié - „ vres ardentes , des contractions de nerfs „ & des paralifies .Bien des remedes ont des fuccés op - , pofés dans des climats différents , c ' elt l ' obfervation de M .",
                  "id": "1",
                  "title": "Dissertation sur la bière, et réponse à la lettre anonime sur le mesme sujet , par François Queminel,..."
            },
            {
                  "doc_url": "https://gallica.bnf.fr/ark:/12148/bpt6k9613413g",
                  "emotions": [
                        "fear",
                        "nervousness",
                        "pain"
                  ],
                  "excerpt": "LE Nègre , gardeur des animaux malades sur l ' habitation GalliFet , cst entré à l ' hôpital le 10 avril 1787 ; il souffroit beaucoup des reins : le ventre étoit très - douloureux , principalement la région hypogastrique : le pouls étoit irrcgu - lier , quelquefois intermittent : la tfanspirarion étoit froide & glutineuse ^ & r la langue paroisfoit limoneuse .Le onze , les anxiétés avoient augmenté , le pouls étoit véhément & l ' ouvent inégal : le malade se plaignoit d ' une douleur vive , lancinante à la racine de la verge , & il y avoit le soir une tumeur lenhble qui s ' étendoit sur le corps caverneux : le malade avoit d ' un instant à l ' autre des défaillances , & ion haleine avoit une cdeur putride insupportable .Les lymptômes ont augmenté du onze au douze : il a paru une tumeur aux deux régions inguinales : le scrotum étoit tuméfié , & il s ' cst formé sur cette partie , sur les aines & : à la racine de la verge , plulienrs pustules vésiculaires gangreneuses : le treize , les défaillances étoient plus fréquentes , le pouls étoit très - petit , la transpiration exhaloit une odeur infecte : j ' ai Icarissé profondément les tumeurs il en est sorti une humeur noire puante 3 & il s ' est dégagé avec une sorte de futilement , des scarifications faites sur le scrotum , un air ii putride , que les hospitalieres qui m ' environnoient ont été obligées de fc retirer pendant un grand moment j que j ' ai épreuve moi - même un soulèvement d ' essoniac pendant tonte la journée : le malade est mort le même scir .",
                  "id": "2",
                  "title": "Recherches, mémoires et observations sur les maladies épizootiques de Saint-Domingue , recueillis & publiés par le Cercle des philadelphes du Cap-François"
            },
            {
                  "doc_url": "https://gallica.bnf.fr/ark:/12148/bpt6k9613496r",
                  "emotions": [
                        "fear"
                  ],
                  "excerpt": "Elle disparait difficilement ; quelquefois elle passe à l ' induration grise et blanche ; la maigreur de l ' animal devient extrême ; la respiration est de plus en plus incomplète ; la diarrhée précède la mort pendant quelques jours .La gangrène est très rare ; elle s ' annonce par l ' odeur fétide de l ' air expiré , un jetage rouge et d ' une mauvaise odeurs la mort arrive toujours du deuxième au troisième jour .L ' épanchement ou hydrothorax ne produit l ' asphyxie qu ' au bout de quinze à vingt jours .",
                  "id": "3",
                  "title": "Dictionnaire général de médecine et de chirurgie vétérinaires, et des sciences qui s'y rattachent... / par MM. Lecoq, Rey, Tisserant, Tabourin,..."
            },
            {
                  "doc_url": "https://gallica.bnf.fr/ark:/12148/bpt6k3041429v",
                  "emotions": [
                        "fear"
                  ],
                  "excerpt": "Les huit autres corps simples indispensables sont fournis par le sol aux racines des plantes sous la forme de phosphates , silicates , sulfates , chlorures , carbonates , etc ., sont des poisons violents .* Carbone .",
                  "id": "4",
                  "title": "Histoire naturelle des êtres vivants. Cours d'anatomie et physiologie animales et végétales / par E. Aubert,..."
            },
            {
                  "doc_url": "https://gallica.bnf.fr/ark:/12148/bpt6k54922831",
                  "emotions": [
                        "disgust",
                        "fear"
                  ],
                  "excerpt": "La chouette humaine est une de ces immondes créatures qui , après avoir traîné leur jeunesse et leur beauté dans tous les égouts du vice , vont cacher leur décrépitude et leur hideur dans le creux de quelque cloaque plus impur encore .Leur souffle est un poison , leurs baisers ont l ' odeur cadavérique ; et , si un reflet de lune vient éclairer l ' antre de leurs infâmes amours , celui qui s ' y est laissé prendre s ' enfuit bien vite en croyant voir la plus dégoûtante des sorcières de Macbeth .coucou Le coucou est un oiseau de passage ; son cri et son plumage ne sont pas plus gracieux que son nom , et sa femelle aune habitude assez étrange : c ' est de ne point construire de nid et d ' aller pondre dans celui des autres oiseaux ; de sorte que le coucou n ' est jamais bien certain que ses petits sont à lui ou à d ' autres .",
                  "id": "5",
                  "title": "Traité de physiognomonie, ou Art de connaître et juger les moeurs et caractères d'après la physionomie (5e édition revue et augmentée) / par M. Ferdinand Rouget"
            },
            {
                  "doc_url": "https://gallica.bnf.fr/ark:/12148/bpt6k9734446z",
                  "emotions": [
                        "fear"
                  ],
                  "excerpt": "» Enfin Thunberg conclut qu ' on a mêlé beaucoup d ' exagération à ce qu ' on raconte du bohon upas ; elles sont l ' ouvrage des prêtres mahométans , qui oo - t persuadé au peuple que le prophète avait fait croître cet arbre pour punir les crimes du genre humain .De tout cela il résulte qu ' il existe réellement un arbre encore très - peu connu , dont le suc sert à empoisonner les flèches ; que ses émanations sont nuisibles ; qu ' il est dangereux de s ' arrêter sous ses branches , et qu ' on emploie de grandes précautions pour recueillir le poison ; mais il y a loin de la à ce queraconteFoersch * et sa relation a été avec assez de raison rangée parmi les fables .Quoi qu ' il en soit , il existe beaucoup d ' autres plantes bien connues qui possèdent les qualités délétères les plus nuisibles .",
                  "id": "6",
                  "title": "Les amours des plantes : poëme, accompagné de nombreuses notes sur la botanique et la physiologie végétale / [par Corbet]"
            },
            {
                  "doc_url": "https://gallica.bnf.fr/ark:/12148/bpt6k96117090",
                  "emotions": [
                        "fear"
                  ],
                  "excerpt": "Cette maladie s ' annonce par une sorte de stupidité , une prostration générale des forces , le refus de toute espèce d ' alimens , que l ' animal semble ne plus avoir la force de mâcher , puisque , lorsqu ' il prend quelque peu de fourrage , il le conserve sous ses dents , puis le laisse tomber ; par une grande aversion pour l ' eau , sans toutefois que les organes de la déglutition fussent lésés , et par des bâillemens presque continuels ; les lèvres sont couvertes d ' écume , la tête est pendante ou appuyée sur la mangeoire , l ' oeil est trouble , stupide et insensible à la présence des objets ; la marche est chancelante et la chute paraît infaillible ; souvent il y a délire , mouve - mens convulsifs et soubresauts dans les tendons j la respiration est plus rare que dans l ' état ordinaire ; dans certains cas , cependant , elle présente le même mode d ' altération que dans la péripneu - monie ; le pouls est constamment petit , mou , quelquefois irrégulier et toujours rare ; les sueurs sont abondantes et froides , les déjections ordinairement rares , consistantes , et les urines claires .A l ' approche de la mort , il survient un écoulement fétide par les narines , le tétanos et sur - tout le trisinus se manifeste , et l ' animal meurt au milieu des convulsions .Les causes de la fièvre pernicieuse sont incon - nues ; il est probable que ce sont celles qui la déterminent dans l ' homme , sur lequel , toutefois , les miasmes des marais et les passions - tristes de l ' âme exercent une influence plus grande que sur les animaux .",
                  "id": "7",
                  "title": "Extrait de l'Abrégé de médecine vétérinaire pratique, publié en italien, en 1813, par J. B. Volpi ,... précédé du compte qui a été rendu de cet ouvrage à la Société royale et centrale d'agriculture, en novembre 1818, par E. Barthélemy,..."
            },
            {
                  "doc_url": "https://gallica.bnf.fr/ark:/12148/bd6t53751470",
                  "emotions": [
                        "disgust",
                        "fear",
                        "doubt"
                  ],
                  "excerpt": "Ces balcons qui décorent les deux façades , ces bril — lans châssis qui ferment les magasins , ces globes élégans à travers lesquels s ’ échappe la lumière du gaz , ces petits plafonds peints à fresque , tout cela est d ’ un effet magique ; mais , comme on trouve partout matière à critiquer , j ’ ai remarqué l ’ insupportable odeur que cause la grande quantité de cuivre dont on s ’ est servi .Cette odeur n ’ est - elle pas malsaine ? et l ’ oxide de cuivre , poison terrible quand on l ’ avale , ne peut - il 36 LES PASSAGES .pas , étant respiré , causer de fâcheux accidens ? Profondément ignorant en chimie , je soumets cette observation à qui de droit .",
                  "id": "8",
                  "title": "Nouveaux tableaux de Paris, ou Observations sur les moeurs et usages des parisiens au commencement du XIXe siècle. Tome 1 / , faisant suite à la collection des moeurs françaises, anglaises, italiennes, espagnoles (par J. Pain et C. de Beauregard)"
            },
            {
                  "doc_url": "https://gallica.bnf.fr/ark:/12148/bpt6k879872f",
                  "emotions": [
                        "fear",
                        "courage"
                  ],
                  "excerpt": "Nos jeunes filles d ’ Eve , plus prudentes mais non moins chatouilleuses , savourent tout d ’ abord le parfum sans toucher ; ’ i la fleur .Mais il vient un moment où oc parfum narcotique les grise ; et plus d ’ une fois l ’ une d ’ elles , lasse d ’ un trop long esclavage , ne craint pas de braver jusquà l ’ œil vigilant de ses Cerbères à cotillons , pour courir au - devant de cet horizon que l ’ imagination lui a fait si rose .N ’ écoutant que les battements de son cœur d ’ enfant , Jeanne , une jeune pensionnaire de quinze ans , vient de franchir , l ’ âme joyeuse et fière , les murs faciles du couvent qui l ’ abrite ; et , maîtresse d ’ ellc - môme , elle court , respirant à longs traits cet air de liberté qu ’ elle trouve suave .",
                  "id": "9",
                  "title": "Le XXe siècle : revue littéraire et artistique... paraissant le 15 de chaque mois / directeur-administrateur Léo Karl"
            },
            {
                  "doc_url": "https://gallica.bnf.fr/ark:/12148/bpt6k2008331",
                  "emotions": [
                        "sadness",
                        "disgust",
                        "fear",
                        "nostalgia",
                        "despair"
                  ],
                  "excerpt": "Puis des rails , des wagons , des ballots , accessoires obsédants , vulgarisant cette Afrique massive et revêche , la réduisant au dénominateur commun des installations industrielles .Les fumées mêmes ne manquent pas , les fumées noires et sulfureuses des usines de la gare elles montent empester le balcon où , réfugié , je délinée mélancoliquement ces alphabé - tiques signes , grêles oiseleurs de pensées .N ' ai - je pas le besoin pour d ' autres , pour quel - ques autres qui m ' aiment et dont je vois flotter en moi les lointains fantômes , de fixer les fugitives impressions de mon âme , ici exilée , frissonnant et se ridant sous le réactif de cette sauvage , brûlante et âpre solitude en laquelle rien de durablement fraternel et tendre ne semble circuler ? De mon observatoire , j ' ai vu , tantôt , à la lorgnette , se préparer le départ , pour le haut Congo , d ' un groupe de passagers qui partirent avec moi d ' Anvers , compagnons rendus intimes par la vie resserrée du bord et dont la Destinée me sépare aujourd ' hui presque aussi sûrement que le ferait la Mort .",
                  "id": "10",
                  "title": "En Congolie, 1896 ; suivie de Notre Congo en 1909 (3e édition) / Edmond Picard"
            },
            {
                  "doc_url": "https://gallica.bnf.fr/ark:/12148/bpt6k5607314p",
                  "emotions": [
                        "fear",
                        "pain"
                  ],
                  "excerpt": ", 5S ans .Crachements do sang ; puis crachats noirâtres et d ' odeur repoussante ; amaigrissement , fièvre vespérale , sueurs nocturnes .Rûlcs crépitants ct sous - crépitants au poumon droit , souffle caverneux à gauche .",
                  "id": "11",
                  "title": "Supplément au Manuel de médecine antiseptique : observations de cures obtenues au moyen du traitement antiseptique (1861-1891) / par le Dr Déclat"
            },
            {
                  "doc_url": "https://gallica.bnf.fr/ark:/12148/bpt6k5780036h",
                  "emotions": [
                        "fear",
                        "guilt"
                  ],
                  "excerpt": "Dès que nous eûmes dîné , je cherchai des tonneaux pour mettre la graisse de la baleine , je pris pour cela les cuves de notre bateau .Je ne voulais pas me servir de nos bons tonneaux dans la crainte que l ' odeur infecte de cette graisse ne vînt à les gâter .Après nous être munis d ' instruments tranchants propres à la dissection , nous partîmes , et nous nous dirigeâmes vers l ' île où le cétacé était venu échouer .",
                  "id": "12",
                  "title": "Le Robinson suisse, ou Histoire d'une famille suisse naufragée (Nouvelle éd.) / [J. R. Wyss] ; [trad. de l'allemand par F.-C. Gérard]"
            },
            {
                  "doc_url": "https://gallica.bnf.fr/ark:/12148/bpt6k887762g",
                  "emotions": [
                        "fear"
                  ],
                  "excerpt": ".' Alors , seul , bien seul , au bord de la route pleine de parfums légers , il contracta sa bouche , sa pauvre bouche pâle , de peur que , dans la nuit noire et bleue , ne s ’ envolât son baiser , son dernier baiser ! Adrien GAIGNON .LA BALLADE DU PAGE BLOND Les grands iris tout scintillants vous ont vue passer , ô ma dame , ma douce dame , et dans l ’ air frais du matin , les grands iris tout scintillants se sont penchés l ’ un vers l ’ autre en disant tout bas : « Quelle est la gente châtelaine aux cheveux d ’ or qui se promème , lente , dans le parc ombreux ? » Les tulipes rutilantes vous ont aussi vue passer , ô ma dame , ma douce dame , et sous l ’ ardent baiser / de feu , les tulipes rutilantes se sont penchées l ' une vers l ’ autre en se disant tout bas : « Quelle est la gente châtelaine aux cheveux d ’ or qui se promène , lente , dans le verger plein de reflets ? » Les nénuphars blêmes vous ont encore vue passer , ô ma dame , ma douce dame , et dans le clair obscur du soir violet , les nénuphars blêmes se sont penchés l ’ un vers l ’ autre en se disant tout bas : « Quelle est la gente châtelaine aux cheveux d ’ or qui se promène , lente , près de l ’ étang aux eaux bleutées ? » Les feux - follets aux flammes claires vous ont enfin vue passer , ô ma dame , ma douce dame , et sous le rai fluide et blanc , les feux - follets aux flammes claires se sont penchés l ’ un vers l ’ autre en se disant tout bas : « Quelle est la gente châtelaine aux cheveux d ’ or qui se promène , lente , dans la nuit aux murmures mystérieux ? » Et dans mon cœur ensoleillé , une voix chantante répétait tout le long , le long de la vie : « C ’ est la gente dame que tu aimes .",
                  "id": "13",
                  "title": "L'Indépendante : revue mensuelle littéraire et artistique / administrateur-gérant : Émile Moreau ; [comité de rédaction : Jacqueline Le Meur, Marcel Drouet, R. Saint-Jehan]"
            },
            {
                  "doc_url": "https://gallica.bnf.fr/ark:/12148/bpt6k6200341n",
                  "emotions": [
                        "surprise",
                        "grief",
                        "disgust",
                        "fear",
                        "nervousness"
                  ],
                  "excerpt": "C ' était pour moi , parce que je ne me contentais pas de pain au sable , qu ' on enlevait un fils à sa mère , qu ' on privait de la douce vie , qu ' on égorgeait dans l ' ombre un être sans défense .Mon cœur se souleva et mon estomac aussi , à ce point que lorsqu ' on m ap - porta le cadavre du poulet , dont une moitié , toute noire , était rôtie et imbibée d ' une graisse infecte , et dont l ' autre nageait dans un liquide qui répandait une odeur de cimetière , je me levai de table avec horreur et demandai des chevaux .Il n ' y en avait point .",
                  "id": "14",
                  "title": "Voyage en Perse, par le prince Alexis Soltykoff. [Illustré de lithographies à 2 teintes par de Rudder, d'après les dessins de l'auteur.]"
            },
            {
                  "doc_url": "https://gallica.bnf.fr/ark:/12148/bpt6k9756906b",
                  "emotions": [
                        "fear",
                        "excitement",
                        "nervousness",
                        "pain"
                  ],
                  "excerpt": "Le lendemain matin , 14 juin , la situation s ' est encore aggravée .Le pouls est filant , la dyspnée intense , l ' haleine fétide .L ' auscultation du coeur fait entendre un rythme embryocardique .",
                  "id": "15",
                  "title": "[L'Algérie médicale]"
            },
            {
                  "doc_url": "https://gallica.bnf.fr/ark:/12148/bpt6k55767131",
                  "emotions": [
                        "disgust",
                        "fear",
                        "nervousness",
                        "pain"
                  ],
                  "excerpt": "le docteur Plantevigne fut mandé de nouveau ; voici l ' état dans lequel il la trouva cinq jours après la première visite : Douleurs dans la fosse iliaque droite plus prononcées ; tuméfaction considérable de l ' hypogastre ; Constipation plus opiniâtre ; la malade fait de vains efforts pour expulser les matières fécales ; à chaque fois que ces efforts se renouvellent , ce qui arrive fréquemment , elle plonge son doigt le plus haut possible dans l ' intestin rectum , dans l ' espoir de lever un obstacle qu ' elle croit y avoir son siège .Alors elle éprouve au pourtour de l ' anus une démangeaison insupportable .Les urines dont l ' émission est devenue extrêmement douloureuse , ont acquis une odeur insupportable .",
                  "id": "16",
                  "title": "Observation d'un cas de fistule vésico-intestinale, suivie de considérations anatomo-physiologiques et pathologiques sur ses causes générales et son siège le plus ordinaire. Méthode de traitement curatif de cette maladie jusqu'ici réputée au-dessus des ressources de l'art. Par le Dr P.-L. Barbier,..."
            },
            {
                  "doc_url": "https://gallica.bnf.fr/ark:/12148/bpt6k57910348",
                  "emotions": [
                        "fear",
                        "nostalgia"
                  ],
                  "excerpt": "Saisi d ' effroi , je tournai brusquement le dos , et , tordant mes mains avec désespoir , je m ' enfuis par le sentier qui m ' avait amené , sans savoir où j ' allais , mais comprenant qu ' il fallait me soustraire à ces tentations dangereuses .Le jour était brûlant , l ' odeur des bois enivrante ; leur aspect me ramenait au sentiment de ma vie sauvage : il fallait fuir ou succomber .Edmée m ' ordonnait , d ' un geste impérieux , de m ' éloignerde sa présence .",
                  "id": "17",
                  "title": "George Sand illustré par Tony Johannot et Maurice Sand.... , Mauprat / George Sand illustré par Tony Johannot. Préface et notice nouvelle..."
            },
            {
                  "doc_url": "https://gallica.bnf.fr/ark:/12148/bpt6k83226k",
                  "emotions": [
                        "surprise",
                        "fear",
                        "nervousness"
                  ],
                  "excerpt": "Essentiellement carnivores , ils chassent réunis en troupes , s ' abattent sur le gibier , sur les volailles et sur les moutons , mais n ' attaquent jamais l ' homme .Leurs cris sont effrayants , et ils exhalent une odeur plus forte que celte du .renard .",
                  "id": "18",
                  "title": "Voyages et aventures au Chili / Dr Félix Maynard"
            },
            {
                  "doc_url": "https://gallica.bnf.fr/ark:/12148/bpt6k6213468v",
                  "emotions": [
                        "fear",
                        "pain",
                        "embarrassment"
                  ],
                  "excerpt": "On sait seulement qu ' alors la muqueuse nasale éprouve des modifications de nutrition .Elle rougit ; elle deviez molle et saignante ; la sécrétion en est augmentée ( Schiff ) , et l ' odora paraît très - affaibli .On sait qu ' un simple coryza suffit pour altérer pro .",
                  "id": "19",
                  "title": "Traité élémentaire de physiologie humaine comprenant les principales notions de physiologie comparée / par J. Béclard,..."
            },
            {
                  "doc_url": "https://gallica.bnf.fr/ark:/12148/bpt6k5516411h",
                  "emotions": [
                        "disgust",
                        "fear",
                        "annoyance",
                        "disapproval",
                        "embarrassment"
                  ],
                  "excerpt": "Ah ! madame Thérèse , ce n ' est pas pour vous faire des reproches , mais sans votre Révolution , nous serions bien tranquilles , nous ne penserions qu ' à louer le Seigneur de ses grâces .C ' est terrible une République pareille , qui dérange tout le monde de ses habitudes ! Tout en écoutant cette histoire , je sentais une bonne odeur de veau farci remplir la chambre , et je finis par me lever avec Scipio , pour aller jeter un coup d ' oeil à la cuisine : nous avions une bonne soupe aux Oignons , une poitrine de veau farcie et des pommes de terre frites .La chasse m ' avait tellement ouvert l ' appétit , qu ' il me semblait que j ' aurais tout avalé d ' une bouchée .",
                  "id": "20",
                  "title": "Les romans illustrés. Partie 1"
            }
      ]
}