{
      "articles": [
            {
                  "doc_url": "https://gallica.bnf.fr/ark:/12148/bpt6k6213404x",
                  "emotions": [
                        "disgust",
                        "fear"
                  ],
                  "excerpt": "ions olfactives consécutives ont été peu étudiées et sont - mises en B lucoup de physiologistes ; elles seraient dues à des particules odoées dans les sinus et reprises par le courant d ' air .Elles paraissent plus Ur les odeurs désagréables ( odeur cadavéreuse ) .t ons subjectives existent souvent chez les aliénés .",
                  "id": "1",
                  "title": "Nouveaux Éléments de physiologie humaine, comprenant les principes de la physiologie comparée et de la physiologie générale, par H. Beaunis,.... Tome 2,Edition 2"
            },
            {
                  "doc_url": "https://gallica.bnf.fr/ark:/12148/bpt6k4228951q",
                  "emotions": [
                        "fear"
                  ],
                  "excerpt": "Cet homme eut pendant s mouvemens convulfifs qui faillirent à La caufe immédiate de la perte eft l ’ altération de toutes les humeurs du corps .Les caufes éloignées font les tremblemens de terre qui envoient des ex - halaifons putrides .Mènerai nous apprend que la perte qui arriva en France en 1346 , commença dans le Koyaume de Cathar , par une vapeur extrêmement puante - qui , fortant de la terre comme une efpéce de feu fouterrein , confuma & .",
                  "id": "2",
                  "title": "Nouveau dictionnaire universel et raisonné de médecine et de chirurgie et de l'art vétérinaire. Tome 5 / ... par une société de médecins"
            },
            {
                  "doc_url": "https://gallica.bnf.fr/ark:/12148/bpt6k141402d",
                  "emotions": [
                        "disgust",
                        "fear"
                  ],
                  "excerpt": "C ' était la fin de cette lutte inégale ; car , au moment ou il s ' élançait pour la reprendre , un éclair jaillijt plus fulgurant , et brusquement un coup retentit plus terrible : la foudre , dans une terrifiante et grandiose traînée de feu incandescente , les aveuglant l ' un et l ' autre , tomba sur le monceau de pierres informes noircies par le temps , vestige de la grandeur et de la puissance du peuple - roi .Quand la foudre eût passé , laissant derrière elle une suffocante odeur de soufre , Madeleine regarda : l ' épouvante la cloua un instant au sol .En face d ' elle , à une douzaine de mètres , le beau Gaston — comme s ' il eût été frappé par la justice de Dieu , — gisait étendu à terre .",
                  "id": "3",
                  "title": "Zé'Boïm : étude de moeurs / Maurice de Souillac"
            },
            {
                  "doc_url": "https://gallica.bnf.fr/ark:/12148/bpt6k5706028m",
                  "emotions": [
                        "disgust",
                        "fear",
                        "nervousness"
                  ],
                  "excerpt": "e Pauvre diable l Samoûl éternua .On eût dit qu ' une odeur désagréable le pinçait aux narines .Il reprit : — Quand les brigands vont voir les gardiens morts et le Touaregg aussi , ils croiront qu ' ils ne se sont battus qu ' ensemble et ils ne se douteront pas que Lassalle était du combat .",
                  "id": "4",
                  "title": "Le roi des chemins : grand roman inédit / par Louis Noir"
            },
            {
                  "doc_url": "https://gallica.bnf.fr/ark:/12148/bpt6k5480040p",
                  "emotions": [
                        "fear"
                  ],
                  "excerpt": "« Ainsi à Cumes , près du mont Vésuve , est un endroit où les fontaines chaudes exhalent une épaisse fumée .On en trouve encore un semblable dans les murs d ' Athènes au sommet de la citadelle , à côté du temple de Minerve : les rauqùes corneilles n ' osent jamais en approcher , tant elles fuient avec effroi , non pas la colère de Pallas , que leur attira leur vigilance , selon le récit des poètes grecs , mais les exhalaisons mêmes de ce lieu , qui suffisent pour les en détourner .On dit qu ' il y a encore un autre 1 / > s Volcans , leurs caractères et leurs phénomènes , par G .",
                  "id": "5",
                  "title": "Volcans et tremblements de terre (3e éd.) / par Zurcher et Margollé ; illustré de 61 vignettes par E. Riou"
            },
            {
                  "doc_url": "https://gallica.bnf.fr/ark:/12148/bpt6k372295f",
                  "emotions": [
                        "grief",
                        "sadness",
                        "fear",
                        "doubt",
                        "nervousness",
                        "despair"
                  ],
                  "excerpt": "Mais par malheur ce gai refrain Me met un noir penser en tête : C ' est que les plus beaux jours de jête N ' ont pas , hélas ! de lendemain .Que deviendra ma vie errante ? Que fera de moi le destin ? Ce qu ' il fera demain matin De cette poussière odorante Qui recouvre vos cheveux blonds , Ce qu ' il fit la saison passée De la froide neige entassée Jusqu ' à la cime de nos monts .Il restera de cette danse Ces deux rubans à vos couleurs , Et le temps , qui flétrit les fleurs , Pâlira leur tendre nuance .",
                  "id": "6",
                  "title": "Les Ailes de la chimère / Roland Brévannes"
            },
            {
                  "doc_url": "https://gallica.bnf.fr/ark:/12148/bpt6k372167v",
                  "emotions": [
                        "fear"
                  ],
                  "excerpt": "Il porte sur le nez une ou deux cornes qui peuvent avoir jusqu ' à 60 centimètres de longueur et qui ne sont formées que de poils soudés entre eux .Il est un des rares animaux qui attaquent l ' Homme ; l ' odeur humaine qui généralement fait fuir les animaux le fait accourir , et c ' est un anima ] redoutable , car sa peau épaisse se laisse difficilement entamer par les projectiles .Il vit dans les régions tropicales de l ' Afrique et de l ' Inde et cause de grands dégâts dans les plantations .",
                  "id": "7",
                  "title": "Zoologie à l'usage des élèves des classes de sixième A et B (programme du 31 mai 1902) (9e édition) / par E. Caustier,..."
            },
            {
                  "doc_url": "https://gallica.bnf.fr/ark:/12148/bpt6k58140347",
                  "emotions": [
                        "disgust",
                        "fear"
                  ],
                  "excerpt": "Je fais allumer des torches , h la lueur desquelles je distingue encore comme pendues à la voûte des étoiles semées sur un ciel bleuissant .J ' avance dans les chambres d ' où s ' exhale une odeur repoussante et forte comme le soufre , mais qui provient de * chauves - souris ; ces vilaines bêtes , qui ont élu domicile en ces lieux sacrés , se mettent à voleter de toutes parts , s ' échappant d « .\\ s parois qu ' elles tapissent littéralement .",
                  "id": "8",
                  "title": "En Dahabièh, du Caire aux cataractes : Le Caire, le Nil, Thèbes, la Nubie, l'Égypte ptolémaïque... / Joseph Joûbert"
            },
            {
                  "doc_url": "https://gallica.bnf.fr/ark:/12148/bpt6k5706028m",
                  "emotions": [
                        "surprise",
                        "disgust",
                        "fear"
                  ],
                  "excerpt": "Celte agonie était majestueuse et horrible ; le souffle empesté du lion , mêlé à la vapeur acre qui se .dégageait de son corps , remplissait la grotte d ' une odeur suffocante ; on y respirait à peine , et les deux chasseurs sortirent un instant pour reprendre haleine .Mais le souvenir de Lalouette les ramena aussitôt dans le repaire .",
                  "id": "9",
                  "title": "Le roi des chemins : grand roman inédit / par Louis Noir"
            },
            {
                  "doc_url": "https://gallica.bnf.fr/ark:/12148/bpt6k77121b",
                  "emotions": [
                        "fear"
                  ],
                  "excerpt": "La soiubitité varie avec son aspect physique ; amorphe ou vitreux , il se dissout dans 25 parties d ' eau à - t - i3 \" cristallin ou porcotanique il en exige à la même température 80 parties .l ' acte arsénique et ses sels sont des poisons violents .Parmi les combinaisons que l ' arsenic peut former avec te soufre , nous devons tout d ' abord séparer et différencier les sulfures naturels des sulfures artificiels ; en effet , les premiers ( lorsqu ' Hs ne renferment pas accidentellement de l ' acide arsenieux ) ne sont pas vénéneux , de nombreuses expériences viennent le démontrer ; les seconds , au contraire , le sont au plus haut degré .",
                  "id": "10",
                  "title": "Précis de physique biologique / par H. Bordier,..."
            },
            {
                  "doc_url": "https://gallica.bnf.fr/ark:/12148/bpt6k5525242b",
                  "emotions": [
                        "disgust",
                        "fear"
                  ],
                  "excerpt": "— L ' acide acétique , au maximum de concentration , est solide au - dessous de 17 ° ; il fond à cette température ct bout à 120 ° .Son odeur est caractéristique ct suffocante .Sa saveur est fortement acide , il est très corrosif .",
                  "id": "11",
                  "title": "Précis de chimie : notation atomique (27e édition entièrement refondue) / par L. Troost,..."
            },
            {
                  "doc_url": "https://gallica.bnf.fr/ark:/12148/bpt6k4228951q",
                  "emotions": [
                        "fear"
                  ],
                  "excerpt": "Ses feuilles font grandes , amples , larges , prefque rondes , épaifies , d ’ un verd oblcur , d ’ un goût acide allez agréable , attachées à des queues 638 R H ü fort longues & grofFes d ’ un pouce , noirâtres ; il S ^ élevC d ' entr ’ elles une tige plus baffe que celle de la rhubarbe des moines , mais grolfe & robufte , revêtue de feuilles qui ont la même figure que celles d ’ en bas , mais plus petites .Sa racine devient avec le tems fort groffe , fe divifant en plufieurs bras ou branches , d ’ une couleur obfcure en - dehors ou d ’ un rouge brun , d ’ une odeur allez agréable & d ’ un goût un peu amer .Quand on a retiré cette racine de la terre , on la monde de fa première écorce & d ’ une petite membrane mince & jaunâtre qui exl deffous , puis on perce les racines mondées d ’ outre en outre , afin d ’ y paffer une corde de jonc , par le moyen de laquelle on les fufpend pour les faire lécher à l ’ air .",
                  "id": "12",
                  "title": "Nouveau dictionnaire universel et raisonné de médecine et de chirurgie et de l'art vétérinaire. Tome 5 / ... par une société de médecins"
            },
            {
                  "doc_url": "https://gallica.bnf.fr/ark:/12148/bpt6k97708822",
                  "emotions": [
                        "fear",
                        "caring",
                        "despair",
                        "approval",
                        "pain"
                  ],
                  "excerpt": ".Tiques , la confirma dans ce dellcin ; elle là vit mourir bientôt aprés dans des douleurs effroyables , & une puanteur que la seule charité pouvoit rendre Importable .On ne la tourmenta plus sur les rernedes , elle soufroit sans se plaindre , elle avoit des : batemens de coeur 8c de si grandes vapeurs , - que sou vent elle perdoit connoissance On l ' obligeoit alors à prendre quelque medecine ou à se faire seigner , mais sans toucher à sson sein & sans rien relacher de ses jeûnes .",
                  "id": "13",
                  "title": "La vie de Madame de Miramion."
            },
            {
                  "doc_url": "https://gallica.bnf.fr/ark:/12148/bpt6k5695955j",
                  "emotions": [
                        "fear"
                  ],
                  "excerpt": "Un matin qu ' ils allaient pénétrer clans une grande pâture , Emily , n ' apercevant rien de suspect , franchit lestement le pas de haie .Capitaine , dont les yeux étaient plus perçants ou l ' odorat plus délicat , fonce à toute vitesse vers un coin où la pâture faisait un retour sur le champ voisin .Emily le voit d ' un trait disparaître .",
                  "id": "14",
                  "title": "Blanchette et Capitaine ; suivi de Le petit ramoneur / J. Anceaux ; illustrations par J. Geoffroy"
            },
            {
                  "doc_url": "https://gallica.bnf.fr/ark:/12148/bpt6k54077951",
                  "emotions": [
                        "surprise",
                        "fear",
                        "doubt"
                  ],
                  "excerpt": "LE POËTE .Quoi ! l ' assassinat des villes et des plaines , Quoi ! la peste exhalant ses infectes haleines , Quoi ! le silence affreux mêlé d ' un affreux bruit , Quoi ! toute cette trombe éparse dans la nuit , Immense , noyant l ' homme et la terre féconde , Et délayant la mort pour engloutir un monde , II .20 306 LA LÉGENDE DES SIECLES .",
                  "id": "15",
                  "title": "Légende des siècles. Nouvelle série. Edition 5,Tome 2"
            },
            {
                  "doc_url": "https://gallica.bnf.fr/ark:/12148/bpt6k98107206",
                  "emotions": [
                        "disgust",
                        "fear"
                  ],
                  "excerpt": "La cale , où quelquefois on mettait le mourant , qui eût gêné trop la manœuvre , en faisait bien vite un cadavre .L ' odeur y était si terrible qu ' on défaillait en y entrant .On y était mangé des poux .",
                  "id": "16",
                  "title": "Extraits historiques de J. Michelet / choisis et annotés par M. Seignobos,..."
            },
            {
                  "doc_url": "https://gallica.bnf.fr/ark:/12148/bpt6k6505253s",
                  "emotions": [
                        "fear",
                        "nervousness",
                        "pain",
                        "embarrassment"
                  ],
                  "excerpt": "Malgré les supplications de Mamette , le vieux avait tenu à aller chercher ses cerises lui - même ; et , monté sur une chaise au grand effroi de sa femme , il essayait d ' arriver là - haut .Vous voyez le tableau d ' ici : le vieux qui tremble et qui se hisse , les petites bleues cramponnées à sa chaise , Mamette derrière lui haletante , les bras tendus , et sur tout cela un léger parfum de bergamote qui s ' exhale de l ' armoire ou , erte et des grandes piles de linge roux .C ' était charmant .",
                  "id": "17",
                  "title": "Lettres de mon moulin : impressions et souvenirs (7e édition) / par Alphonse Daudet,..."
            },
            {
                  "doc_url": "https://gallica.bnf.fr/ark:/12148/bpt6k9650016h",
                  "emotions": [
                        "surprise",
                        "grief",
                        "fear",
                        "courage",
                        "gratitude",
                        "doubt"
                  ],
                  "excerpt": "Aimable et tendre fleur ! sur les hautes ruines , L ' autan loin des humains fait germer tes racines ; Du ciel qui te sourit , vers ton sein virginal Descend avec amour le rayon matinal : Lui seul transmet d ' en haut à tes jeunes calices Les sucs vivifians et les ondes propices , La fraîcheur que la nuit se plaît à te verser , Et les zéphirs dont l ' aile au soir vient te bercer .Puis , quandscptembrc a fui , quand vient tonjour suprême , Livrant aux aquilons ton brillant diadème , Ta tête , que les vents se hâtent de flétrir , Cède , et sous l ' œil de Dieu se penche pour mourir ! Nul autre n ' a connu ton existence obscure ; Pour lui seul , au printems a brillé ta parure , Ta faiblesse ici - bas n ' a point eu d ' autre appui , Et tes parfums légers n ' ont monté que vers lui .FÉLICIE D ' AYZAC .",
                  "id": "18",
                  "title": "Revue poétique du XIXe siècle : ou Choix de poésies contemporaines inédites ou traduites des langues européennes et orientales"
            },
            {
                  "doc_url": "https://gallica.bnf.fr/ark:/12148/bpt6k6528558c",
                  "emotions": [
                        "disgust",
                        "fear"
                  ],
                  "excerpt": "Au milieu d ' un de ces horribles tas s ' étale une chemise toute blanche et dégouttante de sang rouge .Une odeur insupportable empeste l ' air .Pour comble , les Boches nous envoient quelques obus lacrymogènes qui achèvent de rendre l ' air irrespirable .",
                  "id": "19",
                  "title": "Verdun (un diptyque) / Wilfred Monod"
            },
            {
                  "doc_url": "https://gallica.bnf.fr/ark:/12148/bpt6k1422036x",
                  "emotions": [
                        "fear"
                  ],
                  "excerpt": "M .Balouzet eut besoin de toute son énergie pour conserver son sang - froid , car il respirait littéralement la terreur à pleins poumons ; l ’ âcre odeur que répandent ces fauves exerce une telle action sur les nerfs , que les chevaux se cabrent et refusent d ’ avancer du plus loin qu ’ ils sentent ces émanations .Le jaguar se pelotonna d ’ abord , prêt à combattre et à déchirer ses victimes de la griffe et de la dent ; mais , rien ne bougeant , il rampa vers la chambre de miss Jane .",
                  "id": "20",
                  "title": "Les Millions du trappeur, grand roman d'aventures, par Louis Noir"
            }
      ]
}