{
      "articles": [
            {
                  "doc_url": "https://gallica.bnf.fr/ark:/12148/bpt6k9737957d",
                  "emotions": [
                        "disgust",
                        "fear",
                        "nervousness",
                        "pain"
                  ],
                  "excerpt": "Dans l ' épidémie dont il s ' agit , quelques - uns étaient promptement guéris , d ^ utres ne recouvraient complètement la santé qu ' après un tems très - long ; mais au total , il ne périt qu ' un trèspetit nombre de ceux qui furent traités suivant la méthode que je viens de rapporter .Lorsque la fièvre maligne participe en même tems zfu caractère putride , les malades éprouvent des nausées et de l ' anxiété à la région précordiale , J ' abdomen est tendu , les urines sont plus colorées , et les sueurs répandent une odeur très - fétide .On doit combattre cette complication par les cardiaques et les anti - putrides , suivant les règles établies au chapitre précédent .",
                  "id": "1",
                  "title": "Traité des fièvres et des inflammations de Joseph Quarin. Tome 1 / ... Ouvrage traduit du latin sur l'édition de Vienne de 1781, avec des notes du traducteur, par J.-B. Emonnot,..."
            },
            {
                  "doc_url": "https://gallica.bnf.fr/ark:/12148/bpt6k5746457t",
                  "emotions": [
                        "disgust",
                        "fear",
                        "pain"
                  ],
                  "excerpt": "S ' il n ' entendait plus l ' affreux duo d ' ivrognes , une odeur atroce , venue on ne sait d ' où , s ' infiltrait sou3 sa porte , pénétrait dans sa chambre et l ' asphyxiait presque .Cela vous avait comme un relent de graisse flambant ou grésillant fur le feu , avec une étrange ënauséabonde senteur de punch , de chiffons brûlés , de choses malpropres roussies , ~ Cela dura des heures , puis le jeuté homme s ' éveilla » tout écoeuré , n ' y pouvant plus tenir 11 faisait petit jour .Alors , se rappelant les événements de la veille , les horions échangés LE SECRET DB GERMAINE 6 » entre le * deux ivrognes , les vagisscaienl * d ' enfant , il descendit & l ' étage inférieur , craiguant un malheur .",
                  "id": "2",
                  "title": "Le secret de Germaine ; [Les exploits de Bamboche] / Louis Boussenard"
            },
            {
                  "doc_url": "https://gallica.bnf.fr/ark:/12148/bpt6k14122971",
                  "emotions": [
                        "disgust",
                        "fear",
                        "disapproval",
                        "greed"
                  ],
                  "excerpt": "Celui du commerce , qui vient de l ’ Asie , est blanc , léger , poreux , dépouillé de sa pellicule extérieure , d ’ un goût vif et d ’ une odeur pénétrante .C ’ est un purgatif violent .Alocs .",
                  "id": "3",
                  "title": "Livre de poche du liquoriste. 300 moyens ou recettes"
            },
            {
                  "doc_url": "https://gallica.bnf.fr/ark:/12148/bpt6k5497265n",
                  "emotions": [
                        "fear",
                        "nervousness"
                  ],
                  "excerpt": ".Stigmates hystériques .Anesthésie pharyngée .",
                  "id": "4",
                  "title": "Cardiopathies valvulaires et névroses (étude clinique), par M. Alejandro Sanmiguel Melo,..."
            },
            {
                  "doc_url": "https://gallica.bnf.fr/ark:/12148/bpt6k5715565k",
                  "emotions": [
                        "disgust",
                        "fear",
                        "disapproval"
                  ],
                  "excerpt": "— Oh ! cela dépend ! — Comment ? s ' écria le magistrat .Et cette horrible odeur qui se répand ! ..",
                  "id": "5",
                  "title": "Les auberges sanglantes : l'auberge Peirebeilhe. 3 / par Jules Beaujoint"
            },
            {
                  "doc_url": "https://gallica.bnf.fr/ark:/12148/bpt6k62903644",
                  "emotions": [
                        "grief",
                        "disgust",
                        "fear",
                        "doubt",
                        "nervousness",
                        "curiosity",
                        "pain"
                  ],
                  "excerpt": "Ils se dressent comme cela sur le bout de leur queue quand ils ont faim .N ' estce pas que son haleine sent le sépulcre ? » Une horrible puanteur de poisson pourri remplit l ' air comme la colonne de blancheur s ' enfon - çait , et l ' eau s ' agita en gros bouillons huileux .« Est - ce que tu n ' avais jamais encore vu d ' épaulard debout sur sa queue ? Tu en verras par centaines avant d ' avoir fini .",
                  "id": "6",
                  "title": "Capitaines courageux, une histoire du banc de Terre-Neuve / Rudyard Kipling ; traduit de l'anglais par L. Fabulet"
            },
            {
                  "doc_url": "https://gallica.bnf.fr/ark:/12148/bpt6k206556k",
                  "emotions": [
                        "fear",
                        "nervousness"
                  ],
                  "excerpt": "Les AMd ! a sont de beaux arbres à feuilles alternes imparipennées , à folioles opposées ou plus rarement alternes , munies ou non de stipelles sétacées .Les ûeurs paniculées sont souvent violettes et répandent une suave odeur .Le calice est tronqué ou brièvement denté .",
                  "id": "7",
                  "title": "La terre. Le monde des plantes. 1 / par Paul Constantin,..."
            },
            {
                  "doc_url": "https://gallica.bnf.fr/ark:/12148/bpt6k5471683j",
                  "emotions": [
                        "surprise",
                        "sadness",
                        "fear",
                        "nostalgia",
                        "pain"
                  ],
                  "excerpt": "Je ne t ' avais encore parlé que de ce séjour des champs où s ' est écoulée ma première station , tu veux connaître aussi celui de la ville ; va , pour cela , je n ' ai pas besoin de faire des frais d ' éloquence , et le récit le plus simple pourra t ' en donner une juste idée .Figuretoi d ' abord une de ces maisons qui , depuis des siècles , ont vu passer devant elles toutes les générations d ' une cité , ces maisons vastes , sombres , où dès l ' entrée l ' odorat est péniblement affecté par je ne sais quelle exhalaison humide qui fait mal au coeur , où les cloportes , les millepattes et tous ces amants de la malpropreté et des caves nichent partout , surgissent sous vos pas à chaque instant .Représente - toi un escalier très large , dont la rampe , chef - d ' oeuvre de la serrurerie du quinzième siècle , est enduite dans toutes ses parties d ' une épaisse et large couche de vénérable poussière ; un escalier où chats et chiens , dédaignant les petites caisses de sable déposées pour eux à chaque étage , laissent partout des ET LUCIE .",
                  "id": "8",
                  "title": "Guillaume et Lucie, par Mme Dié de Saint-Joseph"
            },
            {
                  "doc_url": "https://gallica.bnf.fr/ark:/12148/bpt6k5715565k",
                  "emotions": [
                        "fear"
                  ],
                  "excerpt": ".— Il empoisonnera tout le quartier , et demain ce ne sera qu ' un cri qu ' on sent une odeur étrange , une grasse odeur deehair roussie , .de chair grillée .",
                  "id": "9",
                  "title": "Les auberges sanglantes : l'auberge Peirebeilhe. 3 / par Jules Beaujoint"
            },
            {
                  "doc_url": "https://gallica.bnf.fr/ark:/12148/bpt6k6484826m",
                  "emotions": [
                        "fear"
                  ],
                  "excerpt": "Plus loin , dans le soleil , qui le sèche à merveille , Iollte en cône arrondi le foin coupé la veille ; Là , vous écoutez rire , autour des peupliers , l es filles de la ferme en rouges tabliers , Et la meule y reçoit de la fourche de frêne Les serbes de sainfoin que le râteau lui traîne .Un char , dont l ' essieu crie en montant le coteau , Balance , au pas des bœufs , son odorant fardeau , Aux arbres du chemin , chaque fois qu ' il se penche , Laissant Ne : irs et gazons pendus à chaque branche .Un autre , vide encor , s ' arrête ; et les enfants Assiégeant le timon y grimpent triomphants .",
                  "id": "10",
                  "title": "Nouveau traité de la versification française : accompagné de nombreux exercices d'application (3e édition) / par P. Larousse"
            },
            {
                  "doc_url": "https://gallica.bnf.fr/ark:/12148/bpt6k55201233",
                  "emotions": [
                        "fear"
                  ],
                  "excerpt": "Les femmes pourront voter aussi biin et même mieux que nous ( entre parenthèses , ce ne sera même pas difficile ) , elles pourront plaider , elles pourront légiférer , elles pourront fumer , elles pourront s ' habiller comme nous , mais sentir comme nous , haltelà , la nature le leur défend .Elles arriveront à porter nos culottes , à nous prendre notre barbe , à nous chiper nos places au soleil ( ou à l ' ombre , pendant l ' été ) , en omnibus et ailleurs ; elle seront obligées de nous laisser notre odorat .Oui , vous avez beau renifler , gentils petits nez roses , c ' est comme ça , et toutes les ligues émancipatnees du monde n ' y changeront rien .",
                  "id": "11",
                  "title": "Journal amusant : journal illustré, journal d'images, journal comique, critique, satirique, etc."
            },
            {
                  "doc_url": "https://gallica.bnf.fr/ark:/12148/bpt6k9819857c",
                  "emotions": [
                        "disgust",
                        "fear",
                        "envy"
                  ],
                  "excerpt": ", leur ton , leur leur legéreté & leur folie m ' amusaient ; mais leur vanité , mais l ' ushge çui les aurori [ ait à être frivoles , indiscrets & perfides , m ' épouvantaient .C ' était un serpent caché sous des fleurs : je me serais volontiers parée de leur éclat , enivrée de leurs odeurs ; mais le serpent me causait une horreur ..",
                  "id": "12",
                  "title": "Les usages. Partie 1 / . Par monsieur Tr. D. V. citoyen de Bordeaux. Premiere [-seconde] partie"
            },
            {
                  "doc_url": "https://gallica.bnf.fr/ark:/12148/bpt6k947461d",
                  "emotions": [
                        "disgust",
                        "fear",
                        "nervousness"
                  ],
                  "excerpt": "trouver , et qu ’ il seul .Son odeur de fouine les effraye et ils craignent à bon droit de tomber entre ses griffes .De peur , les lapins vont se précipiter hors du terrier , par l ’ une des bouches , on ne sait laquelle .",
                  "id": "13",
                  "title": "Trois âmes vaillantes / J. Lermont"
            },
            {
                  "doc_url": "https://gallica.bnf.fr/ark:/12148/bpt6k113328w",
                  "emotions": [
                        "fear",
                        "desire",
                        "nostalgia",
                        "envy"
                  ],
                  "excerpt": "J ' ai suivi , des mois pleins , pareille aux vacheries Hystériques , la houle à l ' assaut des récifs , Sans songer que les pieds lumineux des Maries Pussent forcer le mufle aux Océans poussi fs ; J ' ai heurté , savez - vous ? d ' incroyables Florides Mêlant aux fleurs des yeux de panthères , aux peaux D ' hommes des arcs - en - ciel tendus comme des brides , Sous l ' horizon des mers , à de glauques troupeaux ; J ' ai vit fermenter les marais , énormes nasses Où pourrit dans les joncs tout un Léviathan , Des écroulements d ' eaux au milieu des bonaces Et les lointains vers les gouffres cataractant .Glaciers , soleils d ' argent , flot nacreux , cieux de braises , Ëchouages hideux au fond des golfes bruns Où les serpents géants dévorés des punaises Choient des arbres tordus avec de noirs parfums ! J ' aurais voulu montrer aux enfants ces dorades Du flot bleu , ces poissons d ' or , ces poissons chantants .Des écumes de fleurs ont béni mes dérades .",
                  "id": "14",
                  "title": "La vie de Jean-Arthur Rimbaud / Paterne Berrichon"
            },
            {
                  "doc_url": "https://gallica.bnf.fr/ark:/12148/bpt6k5746457t",
                  "emotions": [
                        "fear",
                        "pain"
                  ],
                  "excerpt": "Ses habits arrachés s ' en vont en lambeaux .Il sent des crocs aigus fouiller sa chair et des mufles froids aspirer gloutonnement les émanations de son sang .Il pousse un léger cri et perd connaissance en murmurant : — Mon Dieu ! qui donc protégera Germaine ? Alors , Bamboche , le croyant mort , se baisse et dit de son affreuse voix faubourienne : — T ' es claqué , hein ? .",
                  "id": "15",
                  "title": "Le secret de Germaine ; [Les exploits de Bamboche] / Louis Boussenard"
            },
            {
                  "doc_url": "https://gallica.bnf.fr/ark:/12148/bpt6k6461564s",
                  "emotions": [
                        "grief",
                        "fear",
                        "nervousness",
                        "pain",
                        "embarrassment"
                  ],
                  "excerpt": "Quand ma jument baie , au trot dans les blés , Coupera des dents les tiges de chaume , Les blés crouleront par tout le royaume , Nos trompettes noirs et les yeux brûlés Sonneront au large , Et vous entendrez leurs refrains ailés Volant sur l ' arçon des gris pommelés Embarquer la charge .Quand ma jument baie à l ' odeur du sang Ronflera de peur sur les agonies Ainsi qu ' à Sedan où les eaux jaunies Roulaient nos chevaux qui flottaient en rang Au fil de la Meuse , Vous verrez passer au fil du Rhin Franc Vos enfants sabrés , le visage blanc , L ' orbite vitreuse .Quand ma jument baie au milieu de vous Viendra vous porter les coups de son maître , Il faudra mourir ou bien disparaître , Car tous les chevaux que l ' on a chez nou ; Dans les écuries Se renverseront sur vos cheveux roux Et qu ' il vaudra mieux tomber à genoux Devant les tueries .",
                  "id": "16",
                  "title": "Nouvelles rimes de cape et d'épée : sonnets poudrés et choses de guerre / par Ogier d'Ivry"
            },
            {
                  "doc_url": "https://gallica.bnf.fr/ark:/12148/bpt6k6152295m",
                  "emotions": [
                        "fear"
                  ],
                  "excerpt": "Cette éruption , consistant évidemment dans - une fluxion capillaire qui s ' efface facilement sôus l ' influence d ' une légère pression et reparaît aussitôt , offre une teinte générale d ' un rose sombre .Dans l ' intervalle des macules , la peau se montre terreuse .Il est important de noter que l ' éruption n ' a eu aucun prodrome , et qu ' elle n ' est accompagnée ni de fièvre ni de démangeaison .",
                  "id": "17",
                  "title": "Traité complet des maladies vénériennes : Clinique iconographique de l'hôpital des vénériens, recueil d'observations, suivies de considérations pratiques... / par le Dr Philippe Ricord,..."
            },
            {
                  "doc_url": "https://gallica.bnf.fr/ark:/12148/bpt6k54523586",
                  "emotions": [
                        "disgust",
                        "fear",
                        "nervousness"
                  ],
                  "excerpt": "Une lumière grise s ' accrochait aux rideaux déchirés , un papier à fleurs déteint attristait les murs ; le lit se trouvait serré entre une armoire de bois blanc et la table de toilette ; dans un coin , près du seau hygiénique , traînait une paire de vieux souliers .L ' exiguïté , le dénuement , l ' odeur de ce lieu , créaient un malaise .Louise Lecouvreur se détourna .",
                  "id": "18",
                  "title": "L'hôtel du Nord / Eugène Dabit"
            },
            {
                  "doc_url": "https://gallica.bnf.fr/ark:/12148/bpt6k54523586",
                  "emotions": [
                        "disgust",
                        "fear",
                        "nervousness",
                        "embarrassment"
                  ],
                  "excerpt": "L ' un d ' eux , Marcel ; un beau gaillard qui fréquente les « rings » , arbore comme un pavillon un jersey de sport et fume du tabac de luxe .À l ' entendre , l ' odeur du tabac anglais fait pâmer les femmes .Avec un accent traînard de Parisien , il se vante de ses oonquêtes .",
                  "id": "19",
                  "title": "L'hôtel du Nord / Eugène Dabit"
            },
            {
                  "doc_url": "https://gallica.bnf.fr/ark:/12148/bpt6k96194815",
                  "emotions": [
                        "disgust",
                        "fear"
                  ],
                  "excerpt": "La profonde nuit entendit ses gémissemens : le marin fut témoin de son désespoir .Moment affreux ! Le corps ensanglanté * de son frere est Forté de la grotte dans un bain d ' aromates , & bientôt après on l ' embaume , comme c ' efl la coutume envers les morts qu ' on veut honorer .Ne croyez - vous pas entendie les cris de Zulima ! , .",
                  "id": "20",
                  "title": "Contes orientaux, ou Les récits du sage Caleb, voyageur persan ; par Mlle***. Seconde édition revue et corrigée"
            }
      ]
}