{
      "articles": [
            {
                  "doc_url": "https://gallica.bnf.fr/ark:/12148/bpt6k5459491b",
                  "emotions": [
                        "fear"
                  ],
                  "excerpt": "xm Des ulcères , etc ., il dit : Car lorsqu ' il y a pourriture et que d ' icelle sort vapeur fétide et cadavéreuse , accompagnée de sorditie , c ' est signe d ' un ulcère putride .» Je ne puis malheureusement pas citer tous les passages et il y en a de bien significatifs , j ' ai déjà trop insisté , mais je l ' ai fait à dessein , car ces passages me serviront à pouvoir suivre les traces de cette affection jusque dans les temps les plus reculés .",
                  "id": "1",
                  "title": "Recherches sur la pourriture d'hôpital / par Edmond Wolff,..."
            },
            {
                  "doc_url": "https://gallica.bnf.fr/ark:/12148/bpt6k5730026r",
                  "emotions": [
                        "disgust",
                        "fear",
                        "nervousness"
                  ],
                  "excerpt": "tèroar , terre parrapport à l ' agriculture : terroir fertile ' ^ ingrat .Ce vin sent le terroir , a un gbùt désagréable .Cet auteur sent le terroir p a les défauts dès gens de son pays : fig .",
                  "id": "2",
                  "title": "Nouveau Vocabulaire français de De Wailly : où l'on a suivi l'orthographe du Dictionnaire de l'Académie... (Vingt-deuxième édition) / par François De Wailly,... et Etienne De Wailly,..."
            },
            {
                  "doc_url": "https://gallica.bnf.fr/ark:/12148/bpt6k6303285n",
                  "emotions": [
                        "fear",
                        "pain"
                  ],
                  "excerpt": "Affaibli par la souffrance et l ' insomnie , il devint pour tout le monde un objet d ' horreur : on le fuyait .Ses amis , ses serviteurs même s ' éloignèrent de lui , ne pouvant supporter les exhalaisons malsaines qui s ' échappaient de son corps ; les médecins n ' osaient plus l ' approcher pour le soigner .Ce fut au milieu de ces atroces douleurs , rejeté de la communion de l ' Église et déjà mangé à demi par les vers , que le meurtrier de l ' archevêque de Reims succomba , portant sur lui le juste châtiment de son crime .",
                  "id": "3",
                  "title": "Les derniers carolingiens : d'après Richer et d'autres sources originales / texte traduit et établi par Ernest Babelon,..."
            },
            {
                  "doc_url": "https://gallica.bnf.fr/ark:/12148/bpt6k5440347h",
                  "emotions": [
                        "surprise",
                        "disgust",
                        "fear"
                  ],
                  "excerpt": ".Horreur de l ' odorat , du tact ; horreur de tous les sens que celte masse inerte et sans forme , d ' où s ' exhale une odeur fétide , et dont le toucher glacial donne la petite mort aux plus braves .« Ajoutez maintenant le mystérieux à l ' horrible Ajoutez que la nature , qui ne jugeait pas que le reptile immonde en eût encore assez de ces moyens de nuire , l ' a doté par surcroît de la puissance de fascination magnétique qui lui livre ses proies sans défense .",
                  "id": "4",
                  "title": "Petites et grosses bêtes, essai de zoologie populaire, par Eugène Noël..."
            },
            {
                  "doc_url": "https://gallica.bnf.fr/ark:/12148/bpt6k42256095",
                  "emotions": [
                        "disgust",
                        "fear"
                  ],
                  "excerpt": "De longues conduites formées de tuyaux de fonte , posées à fleur de terre , amènent le pétrole brut dans les distilleries , Le nombre de ces distilleries est si considérable , la fumée qui s ’ en dégage est si épaisse que l ' air en est chargé et le ciel obscurci .L ’ odeur est si forte qu ’ elle vous saisit à la gorge .Partout , sur le sol , on traverse des flaques , parfois de véritables ruisseaux de résidus liquides , qui , se mêlant à la poussière et au sable , forment une pâte molle , humide et noire , dans laquelle on enfonce jusqu ’ à mi - jambe .",
                  "id": "5",
                  "title": "Cinquante leçons de sciences physiques et naturelles : avec des applications à l'hygiène, à l'agriculture et à l'industrie, rédigées conformément aux programmes de l'enseignement primaire... / P. Ledoux"
            },
            {
                  "doc_url": "https://gallica.bnf.fr/ark:/12148/bpt6k6458626b",
                  "emotions": [
                        "fear",
                        "love",
                        "gratitude"
                  ],
                  "excerpt": "Seulement , chaque jour il allait sous un hêtre De la haute forêt aux ombrages touffus ; Et là , seul , il jetait sans art ces mots confus , Plainte perdue , aux bois , aux montagnes , aux brises : 0 cruel Alexis , mes chants , tu les méprises ; Tu n ' as en rien pitié de mon affreux tourment : Tu me feras mourir , à la fin .Maintenant , Eux - mêmes les troupeaux cherchent le frais et l ' ombre ; Le vert lézard se cache en la broussaille sombre ; Maintenant Thestylis apprête au moissonneur , Dont la chaleur rapide énerve la vigueur , L ' ail et le serpolet à l ' odeur enivrante : Et , sous l ' ardent soleil , la cigale sifflante , Tandis que sur tes pas j ' égare mon amour , Fait seule retentir les buissons d ' alentour .N ' eût - il pas mieux valu d ' Amaryllis naguères Souffrir les grands dédains et les tristes colères ? De Ménalcas encor que ne suis - je l ' amant ? Bien que son front soit noir , et que le tien soit blanc .",
                  "id": "6",
                  "title": "Les Idéales, poésies, par Olinde Petel"
            },
            {
                  "doc_url": "https://gallica.bnf.fr/ark:/12148/bpt6k55771902",
                  "emotions": [
                        "fear",
                        "excitement",
                        "doubt",
                        "amusement",
                        "frustration"
                  ],
                  "excerpt": "— 272 — sonniers cet officier expirant ? Est - ce que ce jeune homme , au si ardent courage , avait intéressé les soldats du roi ? Pourquoi donc ne l ' avaient - ils pas laissé mourir vengeant Hampden , ce héros du parti , cet ami si admiré , si chéri , qu ' il savait blessé à mort ? Pourquoi ne l ' avaient - ils pas laissé expirer au milieu de la fumée de la poudre , au son guerrier des trompettes , dans ce bruit , ce tumulte du combat qui suspend la douleur et voile les horreurs du tombeau .Tout ce mouvement , ces dangers , ces périls qui revêtent mille formes diverses , ces bouches à feu qui lancent la mitraille , ces canons fumants qui vous envoient les balles , ces fanfares , ces tambours , cette odorante fumée , tout cela séduit , subjugue , exalte , enivre , et le soldat , le regard joyeux et le sourire aux lèvres , meurt sans souffrir ! Pourquoi donc ne Vavaient - ils pas laissé dans les rangs des parlementaires tombés au champ d ' honneur .Le ciel était beau ce jour - là , doucement azuré vers le zénith d ' une teinte de rose vers l ' Orient , et l ' Irlandais , le pauvre Georges , délaissé et près d ' aller se perdre dans le sein de Dieu qu ' il avait servi , eût tourné vers cette voûte bleue sa mourante paupière , et serait mort en regardant le ciel .",
                  "id": "7",
                  "title": "Falkland / par Anna Blanc"
            },
            {
                  "doc_url": "https://gallica.bnf.fr/ark:/12148/bpt6k9692459c",
                  "emotions": [
                        "fear",
                        "greed",
                        "doubt",
                        "nervousness"
                  ],
                  "excerpt": "Spores subargilacées .Terrestres , odorants , très suspects , quelques - uns vénéneux .Indusiati .",
                  "id": "8",
                  "title": "Champignons observés à La Rochelle et dans les environs / par M. Georges Bernard,..."
            },
            {
                  "doc_url": "https://gallica.bnf.fr/ark:/12148/bpt6k9801832s",
                  "emotions": [
                        "fear",
                        "pain"
                  ],
                  "excerpt": "A peine y avait - il une heure que cet homme était parti , qu ' il revint en courant avec un aspctt effrayant .Le sang lui coulait des oreilles , du nez , de la bouche & de la vessie : ses Celles étaient sanguinolentes } elles étaient accompagnées Je coliques terribles .La femme surprise d ' un ' de fortes constitutions , on sur des sujets qui ne sont pas convenablement prédisposés à la maladie , je pense , d ' après mon expérience & d ' après ce que j ' ai vu arriver chez quelques autres , que cette acrimonie peut être surmontée 8c chance au - dehors , soit par le seul pouvoir de la nature , ou par l ' affiftance des remèdes , malgré néanmoins la rapidité de son adion : mais j ' ai aussi observé que , quand ces secours manquaient , ceuæ d ' un tempérament fort & robuste mouraient généralement pluspromptement que ceux qui étaient faibles .",
                  "id": "9",
                  "title": "Traité de la synoque atrabilieuse, ou de la fièvre contagieuse qui régna au Sénégal en 1778, & qui fut mortelle à beaucoup d'européens, & à un grand nombre de naturels . Suivi de courtes réflexions sur le commerce de la gomme du Sénégal... par J. P. Schotte,..."
            },
            {
                  "doc_url": "https://gallica.bnf.fr/ark:/12148/bpt6k64852189",
                  "emotions": [
                        "fear",
                        "annoyance"
                  ],
                  "excerpt": "Ceux - ci sont , je crois , de l ' espèce la plus recherchée .Dieu veuille alors , reprit Eugène , que les Hollandais ne viennent pas à les découvrir ; car ils courraient bien priver notre chapelle de bougies odorantes .Nous rîmes de cette saillie , et nous continuâmes notre route en nous promettant de revenir , quand les fruits seraient mûrs , les cueillir pour faire de la cire .",
                  "id": "10",
                  "title": "La colonie chrétienne : histoire de plusieurs déportés jetés par un naufrage dans une île déserte / par C. Sabatier de Castres"
            },
            {
                  "doc_url": "https://gallica.bnf.fr/ark:/12148/bpt6k6133661z",
                  "emotions": [
                        "surprise",
                        "grief",
                        "sadness",
                        "fear",
                        "nervousness",
                        "pain"
                  ],
                  "excerpt": ".Quand les yeux Brûlent ; quand la lèvre pâlie Boit les longs parfums enivrants Des cheveux ! Quand les mains se cherchent tout bas , Pourquoi souvent une froide lame De poignard Terrible , alors déchire l ' âme ? Pourquoi néant tend - il ses bras Goguenard ? ..",
                  "id": "11",
                  "title": "Jeunesse !"
            },
            {
                  "doc_url": "https://gallica.bnf.fr/ark:/12148/bpt6k5686413h",
                  "emotions": [
                        "surprise",
                        "disgust",
                        "fear"
                  ],
                  "excerpt": "C ' est là d ' abord une erreur anatomique manifeste et , de plus , c ' est une sottise ; car cet animal est très souple , très leste , et se retourne tout aussi bien qu ' un chien ; n ' allez donc point vous aviser , sur la foi de ce dicton , de le prendre par la queue , attendu que cette imprudence pourrait vous coûter fort cher .Le corps du loup répand une odeur particulière qui est en horreur à tous les animaux et qui leur inspire la plus grande crainte .La nature a doué ce carnassier des sens les plus fins : ouïe très bonne , vue perçante et odorat exquis .",
                  "id": "12",
                  "title": "La Vénerie au XIXe siècle. Chasse des mammifères de France / par le commandant P. Garnier,..."
            },
            {
                  "doc_url": "https://gallica.bnf.fr/ark:/12148/bpt6k3040420t",
                  "emotions": [
                        "surprise",
                        "fear",
                        "nervousness",
                        "pain"
                  ],
                  "excerpt": "Elle en portait une sorte de neige dans les cils , dans les sourcils et sur les tempes , tandis que ses joues en étaient plâtrées et qu ’ on en voyait des couches profondes dans tous les creux de son visage , sur les ailes du nez , dans la fossette du menton , aux coins des yeux .Quand elle se leva , elle répandit une odeur si violente que j ’ eus une sensation de migraine .Et on se mit à table pour souper .",
                  "id": "13",
                  "title": "Les Soeurs Rondoli / Guy de Maupassant"
            },
            {
                  "doc_url": "https://gallica.bnf.fr/ark:/12148/bpt6k3041509f",
                  "emotions": [
                        "disgust",
                        "fear",
                        "disapproval"
                  ],
                  "excerpt": "Bien différent du tigre , du loup , du renard ôc de tant d ’ autres animaux d ’ efpèce inférieure qui donnent la mort pour le plaifir de la donner ; le lion ne détruit qu ’ autant qu ’ il confomme , ÔC dès qu ’ il eft repû , il eft en paix avec toute la terre .L I O Quelque terrible que foit cet animal , on ne Jaifle pas de lui donner la chafle avec des chiens de grande taille & bien appuyés par des hommes à cheval ; on le déloge , on le fait retirer , mais il faut que les chiens , & même les chevaux , foient aguerris auparavant , car prefque tous les animaux frémifient Si s ’ enfuient à la feule odeur du lion .Sa peau , quoique d ’ un tiffu ferme & lerré , ne réfitte point à la balle , ni même au javelot ; néanmoins on ne le tue prefque jamais d ’ un feul coup : on le prend fouvent par adrefle , en lefaifant tomber dans une fofle profonde qu ’ on recouvre avec des matières légères au - deflùs defquelles on attache un animal vivant .",
                  "id": "14",
                  "title": "Encyclopédie méthodique. Histoire naturelle.... Tome 1"
            },
            {
                  "doc_url": "https://gallica.bnf.fr/ark:/12148/bpt6k1510071q",
                  "emotions": [
                        "disgust",
                        "fear",
                        "disapproval"
                  ],
                  "excerpt": "Propriétés .Alimentaire , selon Persoon , mais je le redoute , et d ’ après son odeur , je conseille de l ’ exclure des espèces salubres .lxi .",
                  "id": "15",
                  "title": "Des champignons comestibles, suspects et vénéneux , avec l'indication des moyens à employer pour neutraliser les effets des espèces nuisibles ; ouvrage utile aux personnes qui habitent la campagne, aux dames bienfaisantes des châteaux, à messieurs les maires et curés de ville et village, aux gens d'office ; et mis à la portée du public. Accompagné de dix planches de dessins faits d'après nature, coloriés avec soin et représentant deux cents espèces groupées sur le terrain qui les nourrit. Dédié à S. A. R. Madame, duchesse de Berry, par M. E. Descourtilz, docteur en médecine de la Faculté de Paris, ancien médecin du gouvernement à Saint-Domingue, auteur de la Flore pittoresque et médicale des Antilles, et membre de plusieurs sociétés savantes."
            },
            {
                  "doc_url": "https://gallica.bnf.fr/ark:/12148/bpt6k6458626b",
                  "emotions": [
                        "sadness",
                        "fear"
                  ],
                  "excerpt": "Dans les nuages bleus , la lune aux reflets d ' or Plane avec majesté sur le château qui dort ; L ' ombre des vieilles tours , que dessine l ' arène : Les astres , pâlissant en face de leur reine , Dont le lac vaporeux reflète les faisceaux , Comme si des volcans jaillissaient de ses eaux ; Ces voûtes de cristal , ceinture de la terre , D ' où s ' échappent des flots d ' éclat et de mystère : Tout me fait tournoyer dans ce vague océan Où jettent la nature et le vers d ' Ossian ; Mon âme plonge au fond de l ' immense étendue , Ardente , frémissante , égarée , éperdue ; Et cependant mon cœur est en proie au souci , Et je me dis tout bas : « Si Blanche était ici , Ma Blanche de quinze ans , au sourire angélique ; Si nous foulions tous deux ce champ mélancolique , Moi pressant son doux bras sous mon bras amoureux ; Si Blanche était ici , que nous serions heureux ! » Soudain un bruit éclate , un éclair étincelle ; I n fleuve de lumière autour de moi ruisselle ; De suaves odeurs , de célestes concerts , Enchantent mon oreille , et parfument les airs ; Et , dans le tourbillon d ' une vapeur dorée , Une vierge descend , gracieuse , éthérée ; Elle s ' arrête à moi ; le nuage brillant Vers le ciel étoilé remonte en pétillant .Telle et moins belle on voit , dans le monde d ' Homère , Aphrodite Astarté , fille de l ' onde amère , Traversant l ' air docile en rapides élans , Sur son char , attelé de deux coursiers volants , Pour respirer l ' encens que lui donne la terre , S ' abattre dans Paphos ou la molle Cythère .Elle était jeune et belle , et son front virginal Etait pur et charmant comme un ciel matinal ; Son regard , son sourire , étaient d ' une immortelle .",
                  "id": "16",
                  "title": "Les Idéales, poésies, par Olinde Petel"
            },
            {
                  "doc_url": "https://gallica.bnf.fr/ark:/12148/bpt6k6458626b",
                  "emotions": [
                        "fear"
                  ],
                  "excerpt": "Que pour Pallas ses tours , sa ville , aient des attraits : A toute chose , nous , préférons les forêts .La lionne du loup suit la trace craintive ; Le loup cherche la chèvre ; et la chèvre lascive , Le cytise embaumé qui fleurit dans les champs : Corydon , Alexis ; chacun suit ses penchants .Regarde : des vallons , à leur joug suspendue , Les taureaux à pas lents rapportent la charrue ; Déjà l ' ombré s ' accroît , déjà s ' enfuit le jour ; Moi cependant , je suis tout embrasé d ' amour : Est - il quelque répit pour l ' amour en furie ? Corydon , Corydon , ah ! quelle est ta folie ! Ta vigne , malheureux , ne t ' en souvient - il plus ? Pend à demi taillée à des ormeaux touffus .",
                  "id": "17",
                  "title": "Les Idéales, poésies, par Olinde Petel"
            },
            {
                  "doc_url": "https://gallica.bnf.fr/ark:/12148/bd6t53693463",
                  "emotions": [
                        "grief",
                        "fear"
                  ],
                  "excerpt": "Pendant cet arrêt , Virgile explique la répartition des damnés dans les trois cercles qui restent à visiter : le septième cercle , celui des violents , est partagé en trois enceintes ; le huitième , celui des frauduleux , est divisé en dix bolges ; le neuvième cercle est celui des traîtres ( 9 avril , vers trois heures du matin ) .Sur le bord d ’ une haute falaise Formée par de grands rochers brisés ( et mis ) en cercle , 3 Nous arrivâmes , dominant un amoncellement plus cruel : Et là , à cause de l ' horrible excès De puanteur qu ’ exhalait le profond abîme , 6 Nous nous abritâmes derrière le couvercle D ’ un grand tombeau où je vis une épitaphe Qui disait : « Je garde le pape Anastase 9 Que Photin détourna du droit chemin .» — « Il convient que nous retardions notre descente , Afin que notre odorat peu à peu s ’ habitue 12 A l ’ infecte exhalaison , et qu ' ensuite il n ’ y prenne plus garde .",
                  "id": "18",
                  "title": "La divine comédie / Dante Alighieri ; traduction nouvelle, accompagnée du texte italien, avec une introduction et des notes, par Ernest de Laminne"
            },
            {
                  "doc_url": "https://gallica.bnf.fr/ark:/12148/bpt6k62765718",
                  "emotions": [
                        "fear"
                  ],
                  "excerpt": "Tu « es purifié par les deux chefs qui gouvernent la terre du sud .Vient Tencens , vient l ' encens 6 ; « vient le parfum ; vient la plante shmcs \\ vient la faveur qui sort du dos d ' Osiris , vient « la chair sortie d ' Osiris , qu ' Horus a cachée dans soit œil , quHorus a encensée dans son « œil .Cela te fond en dieu , Osiris préfet comte [ Rekhmara , lorsqu ' on ] t ' a présenté l ' œil « d ' Horus , et que son parfum est sur toi .",
                  "id": "19",
                  "title": "Le tombeau de Rekhmara, préfet de Thèbes sous la XVIIIe dynastie / par Ph. Virey"
            },
            {
                  "doc_url": "https://gallica.bnf.fr/ark:/12148/bpt6k62765718",
                  "emotions": [
                        "fear"
                  ],
                  "excerpt": "sur tes chairs ; les « deux chefs te purifient , Horus et Set , qui commandent à la terre du midi .Vient l ' encens , « vient ( Ligne 7 ) l ' encensa ; vient la plante shmes , vient la plante sbmcs ; vient la faveur « qui sort du dos d ' Osiris ; vient le parfum , vient le parfum ; vient la chair sortie « ( Ligne 8 ) d ' Osiris , qu Horus a cachée dans son œil ( le soleil ) , qu ' Horus a encensée « dans son œil .0 Osiris préfet comte Rekhmara mâ - kherou , cacbe - toi dans l ' œil d ' Horlls , « ( Ligne 9 ) parfume - toi dans l ' œil d ' Horus9 , fonds - toi dans l ' œil d ' Horus ! Il te fond « en Dieu ; son parfum est sur toi , le parfum de l ' œil d ' Horus est sur toi .",
                  "id": "20",
                  "title": "Le tombeau de Rekhmara, préfet de Thèbes sous la XVIIIe dynastie / par Ph. Virey"
            }
      ]
}