{
      "articles": [
            {
                  "doc_url": "https://gallica.bnf.fr/ark:/12148/bd6t53716805",
                  "emotions": [
                        "fear"
                  ],
                  "excerpt": "Vite , vite à la ruche ! on ne rit pas toujours ! C ' est pour faire le miel qu ’ on nous rend les beaux jours .Elle fuit et se perd sur la route embaumée .Le frais lilas sortait d ’ un vieux mur entr ’ ouvert ; il saluait l ’ aurore , et l ’ aurore charmée Se montrait sans nuage et riait de l ’ hiver .",
                  "id": "1",
                  "title": "Petit trésor littéraire des enfants : prose et poésie, livre de lecture et de récitation (15e édition) / par M. Georges"
            },
            {
                  "doc_url": "https://gallica.bnf.fr/ark:/12148/bpt6k922598j",
                  "emotions": [
                        "grief",
                        "sadness",
                        "disgust",
                        "fear",
                        "caring",
                        "disappointment"
                  ],
                  "excerpt": ".Je me sens une grande pitié , je la suis dans cette maison où dès l ’ entrée une odeur nauséabonde vous pénètre .Les murs suintent la saleté et la vermine impi - toyable .",
                  "id": "2",
                  "title": "Un mois à Voerishofen chez l'abbé Kneipp / [signé Marie-Louise]"
            },
            {
                  "doc_url": "https://gallica.bnf.fr/ark:/12148/bpt6k5445868z",
                  "emotions": [
                        "surprise",
                        "fear",
                        "courage",
                        "nervousness",
                        "pain"
                  ],
                  "excerpt": "Marins , les jambes cassées , avait dû s ' asseoir sur un escabeau .Ce qu ' il venait de voir , cette femme transportée comme un paquet , cette crise de nerfs dont les cris , les chocs , la lutte s ' entendaient à travers les portes , cette bibliothèque en déroute d ' où montait une odeur inoisie de détresse et de faillite , fout rein le bouleversait * Il se défendait contre le re - 30 LES GAMINERIES mords qui le gagnait .Non , non , il n ' était pas rauteur de ce désastre 1 11 n ' avait cherché qu ' à se distraire , lui ! C ' était Zoïle , l ' infAmc Zoïle , l ' impitoyable et diabolique Zoïle , qui avait tout gtUé , et qui , dans sa rage de détruire la critique de Marins , s ' en prenant maintenant aux pages qu ' elle couvrait , achevait la ruine de ces malheureux Pignon ! Dès que M .",
                  "id": "3",
                  "title": "Les gamineries de Monsieur Triomphant / par Ch. Moreau-Vauthier"
            },
            {
                  "doc_url": "https://gallica.bnf.fr/ark:/12148/bpt6k6128249d",
                  "emotions": [
                        "grief",
                        "fear",
                        "love",
                        "nostalgia",
                        "nervousness"
                  ],
                  "excerpt": ".J Du haut de la colline au fond de la vallée , Palpitant et silencieux , J ' interrogeais sa demeure isolée ; Je retenais mon coeur ; mon coeur suivait mes yeux , Et déjà de mes mains je préparais pour elle Le feuillage odorant et la mousse nouvelle ! ..",
                  "id": "4",
                  "title": "Poésies posthumes de Hippolyte Guérin de Litteau. Légendes, précédées d'une notice biographique par Gustave Desnoiresterres"
            },
            {
                  "doc_url": "https://gallica.bnf.fr/ark:/12148/bpt6k5706083t",
                  "emotions": [
                        "disgust",
                        "anger",
                        "fear",
                        "pain",
                        "embarrassment"
                  ],
                  "excerpt": "Dans la gangrène sèche , les tissus sont durs , la peau est racornto ; les cachâtes ont la même température que l ' air ouvironnaut , elles sont totalement insensibles , et nettement séparéo » des parties vivantes .Celles - ci sont rouges , enflammées , mais elles ne tardent pas à so mortifier à leur tour , et le mal s ' éteod do proche en proche , répandant une odeur nauséabonde .U ne faut pas attendre qu ' un arrêt problématique so produiso dans la marcho du mal ; Il est beaucoup plus sûr d ' avoir recours au chirurgien , qui pratique l ' amputation .",
                  "id": "5",
                  "title": "Le médecin de la première heure : manuel pratique très complet permettant de soigner soi-même les affections légères et d'attendre sans danger le médecin dans les cas graves / Dr A. Mériel"
            },
            {
                  "doc_url": "https://gallica.bnf.fr/ark:/12148/bpt6k4532388t",
                  "emotions": [
                        "fear",
                        "nostalgia",
                        "excitement",
                        "nervousness",
                        "frustration"
                  ],
                  "excerpt": "pei .it pass - ge qui part de la placedu , atiqué , à oèté dç la maison Çaze - nave , pour aller à : la campagne , est d ’ une saleté repoussante ; des tas d immondices de t iB espèce y sont répandues chaque j ur , une odeur infecte s ’ en dégage ; pas moyen dé fair ; un pas sans se salir tes pièds .Tour remédier à cet état de choses , on e trouvé un moyen très ingénieux , en guise de gravier , en y a transporté tous les détritus qui ont été ramassés sur la pb .",
                  "id": "6",
                  "title": "Le Combat : organe de la Fédération socialiste du Lot-et-Garonne, paraissant le dimanche"
            },
            {
                  "doc_url": "https://gallica.bnf.fr/ark:/12148/bpt6k5525162r",
                  "emotions": [
                        "disgust",
                        "fear",
                        "disapproval"
                  ],
                  "excerpt": "Acide , carbonique .C ' est un gaz asphyxiant , qui fait mourir quand on le respire .3 .",
                  "id": "7",
                  "title": "Premières notions de sciences, avec leurs applications à l'agriculture et à l'hygiène (sous forme de leçons de choses) : à l'usage des écoles primaires de garçons et de filles... / par O. Pavette,..."
            },
            {
                  "doc_url": "https://gallica.bnf.fr/ark:/12148/bpt6k5706083t",
                  "emotions": [
                        "fear",
                        "pain"
                  ],
                  "excerpt": "| A lu suite de chocs violents dans la poitrine , cransorp , tlon do gnz Iriilanl , les poumons peuvent être envahis par la gnugrcne ; lien quo la gangrène pulmonaire équivale à un ni rôt do mort , ou s ' of force de soutenir le malade , comme dans les eus précédents , ( Cette malad ' .o cit ruratlérUéd par uno naielno fétide et des crachats putrides ; on tûcho de désinfecter la poitrine et do faciliter les expectorations , mais la morteurvlcnt presque toujours au bout d ' une semaine .Gargarisme — Lo gargarisme est très employé dans les maux de gorge .",
                  "id": "8",
                  "title": "Le médecin de la première heure : manuel pratique très complet permettant de soigner soi-même les affections légères et d'attendre sans danger le médecin dans les cas graves / Dr A. Mériel"
            },
            {
                  "doc_url": "https://gallica.bnf.fr/ark:/12148/bpt6k5482319x",
                  "emotions": [
                        "fear",
                        "nervousness",
                        "pain"
                  ],
                  "excerpt": "L ' ennui lui paraissait d ' autant plus insupportable , que ses vertus bourgeoises profitaient des heures où 134 LA CURÉE elle s ' ennuyait pour se plaindre et l ' inquiéter .Elle fermait sa porte , elle avait des migraines affreuses .Dans sa vie banale et mondaine , elle avait eu cependant un roman .",
                  "id": "9",
                  "title": "La curée / par Émile Zola ; compositions de Georges Jeanniot"
            },
            {
                  "doc_url": "https://gallica.bnf.fr/ark:/12148/bpt6k61192629",
                  "emotions": [
                        "fear",
                        "greed",
                        "pain"
                  ],
                  "excerpt": "Cette - faibie ressource laissa accroître les douleurs et les dangers , et força la malade à rester continuellement dans sou lit , sans .appétit , répandant une odeur « cadavéreuse , sans sommeil , ayant un teint olivâtre , la bouche assez mauvaise pour se faire ressentir d ' une manière désagréable , La langue était saburée , et une fièvre , presque continue , , ajoutait à tous ces symptômes des dangers plus grands encore .C ' est dans cet état que la malade réclama mes sficours .",
                  "id": "10",
                  "title": "Recueil d'observations médicales, résultantes de traitemens faits avec les purgatifs, et surtout avec ceux attribués au chirurgien Le Roy, par Mr F. Lelouis,..."
            },
            {
                  "doc_url": "https://gallica.bnf.fr/ark:/12148/bpt6k5813049c",
                  "emotions": [
                        "fear",
                        "nervousness"
                  ],
                  "excerpt": "On entend le murmure vésiculaire dans tout le thorax .Le soir , je trouve la femme haletante , respirant avec peine et expectorant continuellement au milieu de quintes de toux des crachats jaunes dont tout le lit est couvert .Le pouls est très - petit ; le corps couvert de sueurs ; les urines ne contiennent pas d ' albumine .",
                  "id": "11",
                  "title": "Contribution à l'étude de la septicémie puerpérale, par le Dr H.-A. d'Espine,..."
            },
            {
                  "doc_url": "https://gallica.bnf.fr/ark:/12148/bpt6k108531b",
                  "emotions": [
                        "fear"
                  ],
                  "excerpt": "Je t ' avoue que dans ce moment je me suis dit tout bas Illi roblur et œs triplex1 .Vers tes trois heures , la tempête fut dans toute sa force de longs éclairs tombaient sur le gaillard , et y laissaient une odeur insupportable la mer paraissait de feu un silence effrayant régnait sur le pont ; on n ' entendait que la voix de l ' officier de quart qui criait par intervalle Stribord , babord .Ce grain dura une demi - heure , et fut tout - à - coup terminé par un grand calme .",
                  "id": "12",
                  "title": "Oeuvres de Parny : élégies et poésies diverses / nouv. éd. rev. et ann. par M. A.-J. Pons ; avec une préf. de M. Sainte-Beuve"
            },
            {
                  "doc_url": "https://gallica.bnf.fr/ark:/12148/bpt6k888936v",
                  "emotions": [
                        "fear"
                  ],
                  "excerpt": "Il est de toute nécessité que ces cours d ’ eau ne soient pas pollués et que l ’ on ne s ’ en serve pas comme d ’ un égout à ciel ouvert , destiné à compromettre la Santé de tous les habitants des maisons riveraines .Les bords s ’ en dessèchent aussi l ’ été et envoient dans l ’ atmosphère des poussières dangereuses .Il serait prudent , chaque fois que cela est possible , de couvrir au moins les parties qui traversent la ville .",
                  "id": "13",
                  "title": "De la Protection de la santé publique, conférence faite... le 27 mars 1896, par le Dr Eugène Gautrez,..."
            },
            {
                  "doc_url": "https://gallica.bnf.fr/ark:/12148/bpt6k62502r",
                  "emotions": [
                        "disgust",
                        "fear"
                  ],
                  "excerpt": "L ' Amourau Pays Bleu en est une preuve nouvelle ; je ne connais pas de récit qui , mieux que celui - là , porte le double caractère de rouerie froide et de jeune poésie inaltérée .Il en sort comme un parfum dangereux qui grise la cervelle , l ' image troublante d ' un paradis d ' amour qui crève inopinément et vous laisse , désenchanté , devant d ' horribles bestialités .Ici encore , sous les pleurs et la lumière , la brute humaine se déchaîne ; l ' ogre apparaît , immolant tout à ses convoitises : et , à longs jets , le sang coule sur les paysages .",
                  "id": "14",
                  "title": "L'amour au pays bleu / Hector France"
            },
            {
                  "doc_url": "https://gallica.bnf.fr/ark:/12148/bpt6k9331402",
                  "emotions": [
                        "fear"
                  ],
                  "excerpt": "LES FILATURES DU SUD 259 Au moment où je puis croire queje suis vaincue par la fatigue et que le sommeil va enfin me gagner , retentit un tapage épouvantable qui vient de la cuisine : la propriétaire , M m0 Jones , est levée ; elle allume son fourneau .A quatre heures moins un quart elle commence sa friture ; à quatre uheres , une affreuse fumée âcre , épaisse , monte par l ’ escalier et nous envahit .Cette fumée est chargée de mauvaises odeurs — odeur de mauvaise graisse , odeur de mauvaise viande .",
                  "id": "15",
                  "title": "L'ouvrière aux États-Unis / Mme John Van Vorst, Marie Van Vorst ; lettre-préface du président Th. Roosevelt ; traduit de l'anglais par Jacques Doumic"
            },
            {
                  "doc_url": "https://gallica.bnf.fr/ark:/12148/bpt6k10913801",
                  "emotions": [
                        "fear",
                        "love",
                        "nervousness",
                        "embarrassment"
                  ],
                  "excerpt": ".David lentieiait , il s approcherait d elle , il la dominerait encore par la puissance de ce regard quelle redoutait et qu ’ elle aimait tout ensemble , par le parfum ambré de sa moustache , par l ' emprise de tout son être violent et viril .Il la dominerait par la volupté , comme il lavait fait depuis le premier jour .",
                  "id": "16",
                  "title": "Les Dieux familiers, roman / Jean Bertheroy"
            },
            {
                  "doc_url": "https://gallica.bnf.fr/ark:/12148/bpt6k56295364",
                  "emotions": [
                        "fear"
                  ],
                  "excerpt": "L ' or s ' écoulait de la table en mille ruisseaux jaunâtres et tombait sur le sol en crépitant comme des gouttes d ' eau sur une plaque de fer rouge .En même temps une vapeur suffocante s ' élevait du plancher et remplissait la chambre en s ' épaississant de plus en plus .Bientôt Peter sentit ses yeux s ' injecter et s ' obscurcir , ses oreilles bourdonnèrent , et quelque effort qu ' il fit pour se défendre de l ' engourdissement qui le gagnait , il finit par tomber dans une insensibilité absolue .",
                  "id": "17",
                  "title": "L'Auberge du Spessart, contes allemands, traduits et imités de Hauff par Amédée Tallon..."
            },
            {
                  "doc_url": "https://gallica.bnf.fr/ark:/12148/bpt6k4532388t",
                  "emotions": [
                        "fear"
                  ],
                  "excerpt": "cedu Junqué et ailleurs , après la ÎVL .C ’ est un véritable fumier , L ’ atmosphère est empestée parles émanations malsaines de ce foyer d ’ épidémies , par f es temps de canicule les plus graves conséquences sont à craindre .Il est vrai qué les voitures élégantes ; t les automobiles ne passent pas par là .",
                  "id": "18",
                  "title": "Le Combat : organe de la Fédération socialiste du Lot-et-Garonne, paraissant le dimanche"
            },
            {
                  "doc_url": "https://gallica.bnf.fr/ark:/12148/bpt6k1415481s",
                  "emotions": [
                        "fear",
                        "nostalgia",
                        "doubt",
                        "frustration",
                        "embarrassment",
                        "disappointment"
                  ],
                  "excerpt": ".A bout de forces , après avoir erré des heures et des heures dans des faubourgs perdus comme quelque chien qui cherche son maître , j ’ ai demandé une chambre dans ce bouge dont la porte était encore ouverte , je me suis jeté tout habillé sur le lit douteux que m ’ a offert , comme à regret , avec des regards méfiants , un garçon aux épaules énormes de lutteur , La bougie exhale une odeur fétide de suif , mais je n ’ ose pas la souiller .Sur le papier fané , mon ombre semble l ’ ombre d ’ un cadavre que personne ne veillerait .",
                  "id": "19",
                  "title": "L'Inconstant, confessions d'un amant / René Maizeroy"
            },
            {
                  "doc_url": "https://gallica.bnf.fr/ark:/12148/bpt6k65691251",
                  "emotions": [
                        "fear"
                  ],
                  "excerpt": "Dans les pays dits civilisés , il est resté quelque débris du foyer central du sauvage , et l ' Espagnol , glacé près .de son brasero , s ' expose encore aux dangereuses émanations du charbon .201 .",
                  "id": "20",
                  "title": "Des habitations et de l'influence de leurs dispositions sur l'homme, en santé et en maladie / par P.-A. Piorry,..."
            }
      ]
}