{
      "articles": [
            {
                  "doc_url": "https://gallica.bnf.fr/ark:/12148/bpt6k905873",
                  "emotions": [
                        "disgust",
                        "fear",
                        "nervousness",
                        "pain"
                  ],
                  "excerpt": "I ) fond à - ) - Sa \" en un liquide oléagineux .L ' odeur de ce corps amène aussitôt un assoupissement généra ! les pieds et les mains s ' engourdissent ; il occasionne même des vertiges et t ' évanouissement .Les combinaisons du kakodyle paraissent exercer toutes , sans exception , une 20 action spécifique sur le système nerveux .",
                  "id": "1",
                  "title": "Rapport annuel sur les progrès des sciences physiques et chimiques / présenté ... à l'Académie royale des sciences de Stockholm, par J. Berzélius ; traduit du suédois, sous les yeux de l'auteur, par M. Plantamour"
            },
            {
                  "doc_url": "https://gallica.bnf.fr/ark:/12148/bpt6k80289r",
                  "emotions": [
                        "fear"
                  ],
                  "excerpt": "Elle se laissait faire , lui entourait le cou de ses mains jointes , et , câline , se collait contre lui en lui soufflant son souffle menu dans l ' oreille .Les douaniers étaient aux environs , sans doute ; car la hutte sentait encore la pipe , et une vaste houppelande pendait au loquet de la porte .Le gas déposa doucement la femme sur le seuil , l ' enveloppa dans la houppelande et la porta sur le lit de varech .",
                  "id": "2",
                  "title": "La Glu / Jean Richepin"
            },
            {
                  "doc_url": "https://gallica.bnf.fr/ark:/12148/bpt6k5568556f",
                  "emotions": [
                        "disgust",
                        "fear",
                        "disapproval"
                  ],
                  "excerpt": "( 1 ) » Mercier n ' exagérait rien .Nous n ' en voulons pour preuve que ce qu ' écrivait la Palatine , à la fin du grand règne : « Paris est un endroit horrible , puant et très chaud .Les rues ont si mauvaise odeur qu ' on n ' y peut tenir : l ' extrême chaleur y fait pourrir beaucoup de viande et de poisson , et cela , joint à la foule de gens qui p .",
                  "id": "3",
                  "title": "Moeurs intimes du passé.... Série 1 / docteur Cabanès"
            },
            {
                  "doc_url": "https://gallica.bnf.fr/ark:/12148/bpt6k6267090x",
                  "emotions": [
                        "fear",
                        "annoyance",
                        "courage",
                        "caring",
                        "frustration"
                  ],
                  "excerpt": "Sa mère se tient sur le seuil , toute pâle , terrorisée , les mâchoires tremblantes .Mady sa jette dans ses bras : « Tu es malade , maman ? Ne restons pas là , viena - vite , rentronal - Non , ne monte pas , Mady , la maison est hantée .» La sentant défaillir , Mady , qui ne croit pas aux maisons hantées , mais redoute d ' être rejointe par les troia sorcières , essaie de l ' entraîner : « Viens , maman , je t ' en supplie I — Non , non , rentre si tu veux , moi , je n ' oee plus ; on nous empêche de passer I » Mady trépigne , jette des regards éperdus derrière elle , écoute si elle n ' entend pas la cadence des sabota jaunes .",
                  "id": "4",
                  "title": "Mady écolière : roman / Madeleine de Swarte et Willy"
            },
            {
                  "doc_url": "https://gallica.bnf.fr/ark:/12148/bpt6k1164827q",
                  "emotions": [
                        "sadness",
                        "fear",
                        "nostalgia",
                        "nervousness",
                        "pain"
                  ],
                  "excerpt": "Albine n ’ y entrait presque plus ; elle restait sur le seuil , la porte grande ouverte derrière elle , comme pour se ménager une fuite prompte .Serge y vivait seul , dans une anxiété douloureuse , étouffant davantage , couchant sur le canapé , tâchant d ’ échapper aux soupirs du parc , aux odeurs des vieux meubles .La nuit , les nudités des peintures lui donnaient des rêves fous , dont il ne gardait au réveil qu ’ une inquiétude nerveuse .",
                  "id": "5",
                  "title": "La faute de l'abbé Mouret / Émile Zola ; illustrations de Bieler, Conconi et Gambard ; gravure de Ch. Guillaume et Romagnol"
            },
            {
                  "doc_url": "https://gallica.bnf.fr/ark:/12148/bpt6k1164827q",
                  "emotions": [
                        "disgust",
                        "fear",
                        "nervousness"
                  ],
                  "excerpt": "Il disait de nouveau : « Demain , » chaque soir .Il se tournait vers la ruelle , frissonnant , lorsque Albine rentrait et lui criait qu ' elle sentait l ’ aubépine , qu ’ elle s ’ était griffé les mains en se creusant un trou dans une haie pour lui apporter toute l ’ odeur .Un matin , elle dut le prendre brusquement entre les bras .",
                  "id": "6",
                  "title": "La faute de l'abbé Mouret / Émile Zola ; illustrations de Bieler, Conconi et Gambard ; gravure de Ch. Guillaume et Romagnol"
            },
            {
                  "doc_url": "https://gallica.bnf.fr/ark:/12148/bpt6k1164827q",
                  "emotions": [
                        "fear"
                  ],
                  "excerpt": "Les premiers jours , cela arrivait de loin , comme un souvenir d ’ odeur .Mais à présent , je ne puis plus dormir , l ’ odeur grandit jusqu ’ à me suffoquer .Le soir surtout , l ’ alcôve est si chaude , que je finirai par coucher sur le canapé .",
                  "id": "7",
                  "title": "La faute de l'abbé Mouret / Émile Zola ; illustrations de Bieler, Conconi et Gambard ; gravure de Ch. Guillaume et Romagnol"
            },
            {
                  "doc_url": "https://gallica.bnf.fr/ark:/12148/bpt6k5625113h",
                  "emotions": [
                        "grief",
                        "fear",
                        "boredom",
                        "nervousness",
                        "despair"
                  ],
                  "excerpt": "L ' une déjà vieille , l ' autre jeune ; celle - là cassée par l ' âge , celle - ci belle , mais belle de cette correction de lignes sévères et un peu froides dont Albrecht Durer arrête les contours et les traits de ses vierges : sa jeunesse se voile sous les contraintes de la règle monastique ; la fraîcheur diaphane de son visage ne laisse persister à l ' examen qu ' une légère transparence de peau que les mortifications claustrales doivent détruire tout à fait ; les angoisses du jeûne brisent dans sa fleur la grâce de ses formes harmonieuses , et les tortures de la haire , en arrêtant dans sa sève l ' épanouissement de ses charmes juvéniles , ont donné — 60 — à son attitude un caractère de douce langueur et de sereine tristesse , qui commandent la sympathie et le respect .Un parfum de mort l ' environne .Pauvre enfant ! 0 contradiction humaine ! de la jeune fille dont le front s ' incline sous le poids d ' une pieuse pensée , de l ' homme qui , sur un lit funèbre , étend ses membres comprimés par des liens d ' acier , quel est le véritable cadavre ? Foudroyé par la catalepsie , son corps , à lui , ne se cabre plus sous l ' éperon de la volonté ; plein de vie exhubérante , son corps , à elle , se dresse dans toute la splendeur chaste et naïve de la virginité .",
                  "id": "8",
                  "title": "Histoire de ma mort, par Antonin Mulé"
            },
            {
                  "doc_url": "https://gallica.bnf.fr/ark:/12148/bpt6k5682527n",
                  "emotions": [
                        "disgust",
                        "fear",
                        "nervousness"
                  ],
                  "excerpt": ".L ' odeur de la chair humaine rôtie fit naître d ' affreux soupçons ..",
                  "id": "9",
                  "title": "Pauvre fille : roman fataliste / par Victor Le Floch"
            },
            {
                  "doc_url": "https://gallica.bnf.fr/ark:/12148/bpt6k5679647n",
                  "emotions": [
                        "fear"
                  ],
                  "excerpt": "MadameÇrux - Ave , seule en son Oratoire , Achevait l ' oraison dite jaculatoire : Humblement A genoux , et ta corps incliné , L ' oratoire soudain se trouve illuminé .Et par certaine odeur d ' entre - côte rôtie , Du nom du bienheureux , madame est avertie .Elle voit , en effet , monseigneur Saint - Laurent , D ' une belle auréole entouré , rayonnant , Qui , placé sur son gril , comme sur un nuage , VenaiJ ; de la dévote enflammer ta courage .",
                  "id": "10",
                  "title": "Le Consistoire, ou L'esprit de l'église , poëme héroï-comique, en six chants"
            },
            {
                  "doc_url": "https://gallica.bnf.fr/ark:/12148/bpt6k6533672q",
                  "emotions": [
                        "disgust",
                        "fear",
                        "nervousness"
                  ],
                  "excerpt": "Le ga - ! anga mineur est une racine grosse comme le doigt , rougeâtre en dehors et en dedans , d ' une odeur et d ' une saveur plus aromatiques que le galanga majeur ; aussi doit - on le préférer pour l ' usage des liqueurs .Cette racine est stimulante et stomachique .GAIAC .",
                  "id": "11",
                  "title": "Traité de la fabrication des liqueurs et de la distillation des alcools... : suivi du traité de la fabrication des eaux et boissons gazeuses et de la description complète des opérations nécessaires pour la distillation des alcools. Tome 1 / par P. Duplais aîné"
            },
            {
                  "doc_url": "https://gallica.bnf.fr/ark:/12148/bd6t5376761j",
                  "emotions": [
                        "fear"
                  ],
                  "excerpt": "Ne trouvera mauvaise une semblable clause .Je crains ton obligeance , et je t ’ en avertis , Je ne voudrais pas même être embaumé gratis .Telle est , dit - on , ta foi dans ton magique baume , Que , jaloux d ’ en farcir tout l ’ infernal royaume , Sans espoir de salaire et pour mieux t ’ illustrer , Aux morts récalcitrans tu viens l ’ administrer , Heureux si lu pouvais , après ton jour suprême , Jouir de la douceur de t ’ embaumer toi - même ! .",
                  "id": "12",
                  "title": "Oeuvres poétiques de A. Bignan"
            },
            {
                  "doc_url": "https://gallica.bnf.fr/ark:/12148/bpt6k63237t",
                  "emotions": [
                        "disgust",
                        "anger",
                        "fear",
                        "disapproval",
                        "embarrassment"
                  ],
                  "excerpt": "très - bien chanté ; ce ! ado ! t < ! tre : ) MNs sontatos policés , ce qui veut dire que noua ne devons pas ~ tre francs .Moi seul , je me permets de lui dire qu ' U paraissait enrhumé i ! devient rouge commeun coq ; je ne vois plus son nez .– C ' est vrai .",
                  "id": "13",
                  "title": "Mon voisin Raymond / par Ch.-Paul de Kock"
            },
            {
                  "doc_url": "https://gallica.bnf.fr/ark:/12148/bpt6k772835",
                  "emotions": [
                        "disgust",
                        "fear",
                        "nervousness"
                  ],
                  "excerpt": "La s main largement ouverte saisines parties moUes de t ' echancrure costoi ! iaque , comme ferait une pince ; le pouce est on avant et les autrt ' s doigts sont en arrière , te médius apptiqaé immédiatement au - dessous de ta dernière côte .On engage ! e malade ù respirer tcntement et profondement .Pour peu qu ' il soit abaisse , on sent très bien , h la Rn d ' une inspiration , le rein s ' engager plus ou moins entre les deux branches de ! a pince que ! a main représente .",
                  "id": "14",
                  "title": "Traité des maladies de l'estomac / par L. Bouveret,..."
            },
            {
                  "doc_url": "https://gallica.bnf.fr/ark:/12148/bpt6k923276f",
                  "emotions": [
                        "fear",
                        "nervousness"
                  ],
                  "excerpt": "Gérard de Nerval .Troublé par les fumées du vin .— S ’ émouvoir , v .",
                  "id": "15",
                  "title": "Larousse du XXe siècle en six volumes. Tome 3 / publié sous la direction de Paul Augé"
            },
            {
                  "doc_url": "https://gallica.bnf.fr/ark:/12148/bpt6k6135975n",
                  "emotions": [
                        "fear"
                  ],
                  "excerpt": "Par une porte vitrée , on apercevait un atelier de blanchisseuse , la grande table recouverte du drap de laine blanche roussi par places , le fourneau éteint , le baquet aux savonnages , la terrine à l ' empois , des tas de linge .Il y avait dans l ' air humide une odeur d ' eau de javelle qui prenait a la gorge et faisait tousser .A cette toux , d ' autres toux répondaient comme an écho .",
                  "id": "16",
                  "title": "La Rue : journal quotidien / rédacteur en chef : Jules Vallès"
            },
            {
                  "doc_url": "https://gallica.bnf.fr/ark:/12148/bpt6k64728348",
                  "emotions": [
                        "fear"
                  ],
                  "excerpt": "Inconvénients .— Danger d ' incendie ; — odeur ; — Ecoulement des eaux .Toute l ' usine doit être pavée en pierres dures rejointoyées à la chaux hydraulique , avec .",
                  "id": "17",
                  "title": "L'hygiène et l'industrie dans le département du Nord : vade-mecum des conseils de salubrité, des industriels et des fonctionnaires chargés de la police sanitaire"
            },
            {
                  "doc_url": "https://gallica.bnf.fr/ark:/12148/bpt6k64728348",
                  "emotions": [
                        "fear"
                  ],
                  "excerpt": "Inconvénients .— Buées ; — odeur ; — danger d ' explosion des fours .La calcination des résidus de betteraves tels que mélasse , vinasses donne lieuà de grands inconvénients si ' esprécau 110118 , 8001 négligés .",
                  "id": "18",
                  "title": "L'hygiène et l'industrie dans le département du Nord : vade-mecum des conseils de salubrité, des industriels et des fonctionnaires chargés de la police sanitaire"
            },
            {
                  "doc_url": "https://gallica.bnf.fr/ark:/12148/bpt6k63203h",
                  "emotions": [
                        "fear",
                        "nervousness",
                        "approval"
                  ],
                  "excerpt": "Dmitri a - t - il été sage , hier ? demanda la mère aussitôt après les formalités usuelles .Oui , maman , répondit Zina , qui sentit l ' odeur de la poudre un peu nerveux seulement .Ah ! des nerfs ! Très - bien .",
                  "id": "19",
                  "title": "Les Koumiassine. Tome 1 / par Henri Gréville"
            },
            {
                  "doc_url": "https://gallica.bnf.fr/ark:/12148/bpt6k64226d",
                  "emotions": [
                        "surprise",
                        "fear",
                        "nervousness"
                  ],
                  "excerpt": "C < ! n ' < ! ( a < t pas < o Don Juan du l ' un ou de t ' MUtt ' c , si gt ' and que vousostitnicx l ' un , si vasto que vous regardiez l ' autre c ' était DON JUAN I Un demi - dieu ? rien moins un homme En te contemplant dans sa beauté aussi bien que dans sa misère , je compris mon émotion de tout à l ' heure , qui était un pressentiment .Comme les animaux s ' inquiètent aux bruits , aux longueurs , aux senteurs qui précèdent forage dans l ' atmosphère et t ' approche du lion sur la terre Ainsi j avais frém ! en sentant ce simoun des poésies modernes , ! e lion , le vrai lion , mieux que cela , le héros du mai de l ' impudence et de l ' imprudence ; l ' apôtre et par contre la victime du blasphème qui est l ' union maudite de la force et de la faiblesse .Je Favais senti , lui , ! e pillard et le ravageur , ie bandit qui va rôdant autour d ~ s familles , et ce fut un grand coup quand je le reconnus , là , devant moi , insouciant , charmant , rayonnant ! a bonne humeur des nobles casernes , avec ses ! & vres sensuelles et son front de soudard qui fuyait sous les boucles de ses cheveux effé - BMnës .",
                  "id": "20",
                  "title": "La fabrique de crimes / Paul Féval. [Le Lunatic-club] / [par Paul Féval fils]"
            }
      ]
}