{
      "articles": [
            {
                  "doc_url": "https://gallica.bnf.fr/ark:/12148/bpt6k6117006c",
                  "emotions": [
                        "fear",
                        "annoyance"
                  ],
                  "excerpt": "Ne vous occupez pas du second locataire ; A ce terrible mal c ' est le seul réfractaire .III — Que la peste t ' étouffe ! affreux pronostiqueur , Pensai - je exaspéré ; je suis plein de vigueur Et ne souffrirai pas qu ' un croquant de ta sorte Me vienne conseiller , — ou le diable m ' emporte ! » Mais bientôt une odeur particulière au bord , Mélange d ' huile rance et de goudron du Nord , Arrêta brusquement tous mes frais d ' éloquence .Je cessai de songer avec cette arrogance ' UNE TRAVERSÉE .",
                  "id": "1",
                  "title": "Les Grelots de Momus, contes rimés / William Boerne"
            },
            {
                  "doc_url": "https://gallica.bnf.fr/ark:/12148/bpt6k96511113",
                  "emotions": [
                        "fear",
                        "annoyance",
                        "doubt",
                        "nervousness"
                  ],
                  "excerpt": ".Aglaé très - agitée & tremblante , regardoit & ne pouvoir toncevoir comment Les yeux ne lui présentoient qu ' une poudre , dont l ' odeur qui s ' élevoit ne frappoit l ' odorat que d ' un goût de tabac .Aglaé ne vouloit pas confesser qu ' elle ne voyoit que du tabac .",
                  "id": "2",
                  "title": "Morali-philoso-physicologie des buveurs d'eaux minérales aux nouvelles sources de Passy en mai 1787 ... Divisée par matinées. Par M. Tho. Mineau de La Mistringue..."
            },
            {
                  "doc_url": "https://gallica.bnf.fr/ark:/12148/bpt6k1078556",
                  "emotions": [
                        "fear",
                        "nervousness"
                  ],
                  "excerpt": "Fumeron .Nerfs mêlés dans quelques Charbons de terre & qui répandent une tres - mauvaife odeur , comme ce qu ' on appelle ~ mcr ~ M dans les Charbons de bois .uy ~ < .",
                  "id": "3",
                  "title": "L'art d'exploiter les mines de charbon de terre. T.3 / par M. Morand,..."
            },
            {
                  "doc_url": "https://gallica.bnf.fr/ark:/12148/bpt6k11834747",
                  "emotions": [
                        "disgust",
                        "fear"
                  ],
                  "excerpt": "Pas de fenêtre sur l ’ extérieur , aucun moyen de VOYAGE AU YUNNAN 83 chasser les miasmes par une ventilation quelconque .Il faut se résigner à ces horribles odeurs ou fuir .C ’ est à ce dernier parti que nous nous rangeons et , après avoir successivement visité quelques ‘ bouges vraiment inhabitables , nous prenons le parti d ’ aller coucher à Hsi - ning - tcheou , sur la ligne d ’ étapes de la grande route mandarine .",
                  "id": "4",
                  "title": "Voyage au Yunnan... / Gervais-Courtellemont"
            },
            {
                  "doc_url": "https://gallica.bnf.fr/ark:/12148/bpt6k1511114b",
                  "emotions": [
                        "fear"
                  ],
                  "excerpt": "A trop fortes doses , il porte sur les nerfs et sur le cerveau une impression funeste ., et il agit comme un poison narcotique .Cullen dit également n ’ avoir obtenu aucun succès de son emploi : mais ces expériences et ces assertions sont contredites par une multitude de faits recueillis par d ’ excellens observateurs .",
                  "id": "5",
                  "title": "Phytographie médicale, ornée de figures coloriées de grandeur naturelle, où l'on expose l'histoire des poisons tirés du règne végétal et les moyens de remédier à leurs effets délétères, avec des observations sur les propriétés et les usages des plantes héroïques, par Joseph Roques,.... Tome 1"
            },
            {
                  "doc_url": "https://gallica.bnf.fr/ark:/12148/bpt6k54741526",
                  "emotions": [
                        "fear"
                  ],
                  "excerpt": "Cet écoulement est surtout abondant le matin , ou quand le malade penche la tête en avant .Il sent une mauvaise odeur de poisson pourri , d ' oignons , de corne brûlée .Les douleurs ont la même localisation que , dans la forme aiguë , mais elles sont plus sourdes .",
                  "id": "6",
                  "title": "Maladies du larynx, du nez et des oreilles (2e édition revue et augmentée) / par André Castex,..."
            },
            {
                  "doc_url": "https://gallica.bnf.fr/ark:/12148/bpt6k35089c",
                  "emotions": [
                        "grief",
                        "anger",
                        "fear",
                        "desire",
                        "excitement",
                        "pain"
                  ],
                  "excerpt": "Ma soeur , quand vous voyez s ' arrêter sur les villes Le point noir menaçant des tempêtes civiles ; Quand vous voye ~ sortir des égouts des cités Des squelettes vivants par l ' orage apportés 1 Des êtres bruts pareils à la bête de somme Equivoques produits qui ne sont pas de l ' homme Espèces de chacals qui passé le danger , 9 Vont chercher , dans le sang une proie à ronger ; Quand les femmes n ' ont plus la pudeur sur les lèvres , Que dans les corps ém .us passent d ' ardentes fièvres Que les antres impurs des prostitutions Dévorent jour et nuit , les fils des , nations ; Quand vous voyez la peste étendre ses ravages , Les hommes s ' égorger dans des luttes sauvages Les mères trafiquer du sang de leurs enfants , La mort serrer le monde en ses bras étouffants Oh ! dites - vous , ma sœur , dans votre paix profonde Voltaire n ' est pas loin .Une route y conduit , déjà presque effacée ; Une vigne noueuse à l ' érable enlacée Dont les rameaux fuyants charment et trompent l ' oeil , Portique de verdure en ombrage le seuil .",
                  "id": "7",
                  "title": "La coupe de l'exil / par Jean-Pierre Veyrat"
            },
            {
                  "doc_url": "https://gallica.bnf.fr/ark:/12148/bd6t5374652q",
                  "emotions": [
                        "anger",
                        "fear",
                        "pain"
                  ],
                  "excerpt": "Ils sont braves , féroces même , pour leur propre défense ; mais ils n ’ ont rien de cette soif de sang qui distingue les tribus carnivores .Leur voix est une espèce de gémissement ou grognement ; lorsqu ’ ils sont blessés , ils poussent des cris perçans ; ils ont les sens de l ’ odorat et de l ’ ouïe excessivement développés .Les espèces ont été divisées en trois genres : 4 ° les cochons proprement dits , p ) Le cochon appartient à la famille des Pachydermes de Cuvier , ainsi nommés de l ’ épaisseur de leur peau , et divisés en trois groupes : les PROBOSCIDIENS , ou animaux ayant une trompe préhensible , des défenses , et cinq doigts à tous les pieds , tels Véléphant , le mastodonte ; les Pachydermes ORDI - maires , qui sont dépourvus de trompe préhensible , et ont aux pieds seulement quatre , trois ou même deux doigts : Vhippopotame , le cochon , le phacochœris , ou cochon à excroissances du professeur Low , le pécari , le tapir , le rhinocéros , le daman , le lophtodon , le palœotherium et Vanoplotherium ; enfin , les Pachydermes SOLIPÈDES , qui ont un seul sabot à chaque pied , comprenant seulement les diverses espèces du genre cheval .",
                  "id": "8",
                  "title": "Histoire naturelle des animaux domestiques de l'Europe publiée par les fondateurs du moniteur de la propriété et de l'agriculture : races de la Grande-Bretagne d'après les tableaux exécutés par M. Shiels.... Tome 3 / texte de David Low... ; traduit de l'anglais par M. Royer"
            },
            {
                  "doc_url": "https://gallica.bnf.fr/ark:/12148/bpt6k54585988",
                  "emotions": [
                        "fear",
                        "nostalgia",
                        "nervousness"
                  ],
                  "excerpt": "Telle , ô Vierge , votre présence Soudain comble nos voeux , Et le baume de l ' espérance Guérit nos maux et rend nos coeurs heureux .Symbole encor de notre mère , L ' humble violette au vallon Aime , craintive , solitaire , A se cacher sous le gazon : Touchant emblème de Marie , En nous voilant ses traits Elle montre sa modestie ; Son doux parfum révèle ses attrails .Le lis , l ' honneur de la vallée , Nous charme par sa pureté ; Il est , ô Vierge immaculée , - 28 - L ' image de votre beauté : Embelli des pleurs de l ' aurore , Il captive nos yeux ; Vous , ma mère , plus belle encore , Vous ravissez et la terre et les cieux .",
                  "id": "9",
                  "title": "Chants à Marie : cantiques pour le mois de mai et les fêtes de la Sainte Vierge : seconde partie ; et [suivis de Cantiques] sur divers sujets (7 édition) / par le R. P. N. Louis"
            },
            {
                  "doc_url": "https://gallica.bnf.fr/ark:/12148/bpt6k5448692v",
                  "emotions": [
                        "fear",
                        "courage",
                        "despair",
                        "frustration"
                  ],
                  "excerpt": "Ah ! ma chère Lucine , s ' écria tendrement Noradin , crois - tu donc que je puisse vivre un moment sans toi ? mais suspens , de grâce , tes craintes et ta douleur : l ' espérance de te sauver , ainsi que tous ceux qui sont avec toi , m ' a déterminé promptement à venir à ton secours .Si je ne peux y réussir , j ' aime mieux mourir que d ' être privé de pelle qui est l ' âme de ma vie : mais je peux sortir de cette affreuse caverne comme j ' y suis entré , et vous sauver tous , si vous savez comme moi braver l ' horrible puanteur de ce détestable bouc .Alors il nous raconta la ruse que la femme de l ' ogre avait imaginée en sa faveur pour tromper le nez subtil de son vilain époux , Il nous conseilla de nous couvrir tous comme lui de peaux de boucs , et , comme nous fûmes persuadés de la bonté de cet expédient , nous tuâmes bien vite les boucs les plus vieux et les plus puants de ce troupeau ; nous nous oignîmes de leur graisse , et nous nous couvrîmes enfin de leurs vilaines peaux .",
                  "id": "10",
                  "title": "Roland furieux, traduit de l'Arioste par le comte de Tressan,.... Tome 1"
            },
            {
                  "doc_url": "https://gallica.bnf.fr/ark:/12148/bpt6k5711825v",
                  "emotions": [
                        "fear",
                        "embarrassment",
                        "guilt"
                  ],
                  "excerpt": "l ' abbê Fissiaux , chanoine honoraire , chevalier dé la Légion - d ' Honneur , directeur des Pénitenciers Saint - Pierre et SaiDte - Magdelaine , directeur des Filles de la Providence , se disposait à aller dire la messe à l ' église Saint - Ferréol , lorsqu ' en entrant dans la sacristie , il ressentit tout à coup une colique vive , suivie bientôt de nausées , envies fréquentes de vomir , crampes aux mollets et faiblesse extrême dans les jambes .Il se rendit chez moi , accompagné d ' un habitué de la sacristie , et me dit en entrant : Monsieur Robert , je suis pris , et je sais où je me suis infecté ; c ' est en administrant Mme Martel , atteinte du choléra , dont le corps avait la couleur d ' un noir - violet , exhalant une horrible puanteur .Je lui prescrivis de suite un vomitif avec l ' épicacuanha et des frictions mercurielles .",
                  "id": "11",
                  "title": "Appel aux amis de l'humanité, sur l'emploi d'un remède qui peut être considéré comme l'antidote et le contre-poison du choléra... Recommandé... par L.-J.-M. Robert,..."
            },
            {
                  "doc_url": "https://gallica.bnf.fr/ark:/12148/bpt6k5401827p",
                  "emotions": [
                        "fear"
                  ],
                  "excerpt": "Je ne puis concevoir votre étonnement de ma préférence pour le Portugal , lorsque ce climat nous a été si favorable à moi et à ma famille .D ' ailleurs , si nous passons en ce moment par Lisbonne pour nous embarquer , nous pourrions , dans cet air pestilentiel , être saisis par la contagion .Maintenant , d ' après votre permission de m ' embarquer sur un autre point , j ' espère voir Guruceta , qui jusqu ' à présent ne s ' est pas encore présenté à moi pour arranger mes affaires de concert avec lui .",
                  "id": "12",
                  "title": "Appel à l'Europe monarchique par les fidèles défenseurs des antiques lois de l'Espagne, et des droits sacrés de sa majesté Charles V / traduit de l'espagnol"
            },
            {
                  "doc_url": "https://gallica.bnf.fr/ark:/12148/bpt6k9784299s",
                  "emotions": [
                        "surprise",
                        "fear",
                        "nervousness",
                        "pain",
                        "embarrassment"
                  ],
                  "excerpt": "La nature en indique les moyens les plus convenables suivant les occurences .Celui qui cherche a dissiper de inauvaises exhalassons , pousse fortement son haleine devant lui , ou bien il agite l ' air avec la main qu ' il remue en tout sens ; celui qui tremble à l ' attaque imprévue d ' un en - nemi , lui oppose dans le moment de 1 effroi les deux mains renversées .Le premier de ces desirs concomitans à une très - grande part à l ' expression de la crainte & de l ' effroi , qui se manifeste dans les traits du visage ; car il fait ouvrir extrêmement les yeux pour mieux connoître l ' objet dont on est menace ; & si vous en croyez Parson ? ce même desir fait aulïi ouvrir la bouche pour favoriler une plus grande perception de son ( i ) .",
                  "id": "13",
                  "title": "Recueil de pièces interessantes concernant les antiquités, les beaux-arts, les belles-lettres, & la philosophie. Tome 4 / , traduites de différentes langues..."
            },
            {
                  "doc_url": "https://gallica.bnf.fr/ark:/12148/bpt6k1511114b",
                  "emotions": [
                        "disgust",
                        "fear"
                  ],
                  "excerpt": "C ’ est un beau champignon couleur de feu , de forme globuleuse ou ovoïde , renfermé , en naissant , dans un volva .Il contient une liqueur noirâtre d ’ une puanteur horrible .M .",
                  "id": "14",
                  "title": "Phytographie médicale, ornée de figures coloriées de grandeur naturelle, où l'on expose l'histoire des poisons tirés du règne végétal et les moyens de remédier à leurs effets délétères, avec des observations sur les propriétés et les usages des plantes héroïques, par Joseph Roques,.... Tome 1"
            },
            {
                  "doc_url": "https://gallica.bnf.fr/ark:/12148/bpt6k4562660m",
                  "emotions": [
                        "fear"
                  ],
                  "excerpt": "L ’ essence de vermouth artificielle ne diffère pas des essences naturelles de Wintergreen et de Spirée .Toutes ces substances sont de violents [ poisons et aggravent l ’ empoisonnement alcoolique d ’ un empoisonnement aromatique .6 ° La logique exige que l ’ Etat , dès qu ’ il sera devenu grand épurateur d ’ eau - de - vie et grand hygiéniste , — comme il en a la prétention , — interdise la consommation de tous les spiritueux industriels qui se nomment cognac , kirsch , gin , whisky , kümmel , noyau , absinthe , vermouth , lutter , chartreuse , etc .",
                  "id": "15",
                  "title": "La Prospérité : journal mensuel d'hygiène générale et d'économie domestique : paraissant le 15 de chaque mois"
            },
            {
                  "doc_url": "https://gallica.bnf.fr/ark:/12148/bpt6k6227820x",
                  "emotions": [
                        "fear",
                        "pain"
                  ],
                  "excerpt": "« Dans les mauvais temps , lorsque la mer trop agitée oblige à fermer les écoutilles , alors leurs souffrances devienent horribles .Jetés les uns contre les autres , violemment secoués parles mouvements précipités du navire , ils sont encore suffoqués par la chaleur insupportable de la zone torride et par l ' exhalaison plus dangereuse qui s ' échappe de leurs corps .Ces malheureux , souvent au nombre de quatre à cinq cents , enfermés de cette manière dans un cachot infect , poussent des cris lamentables , auxquels le négrier se montre généralement insensible ( 1 ) .",
                  "id": "16",
                  "title": "Suéma, ou La petite esclave africaine enterrée vivante : histoire contemporaine dédiée aux jeunes chrétiennes de l'ancien et nouveau monde / par Mgr Gaume,..."
            },
            {
                  "doc_url": "https://gallica.bnf.fr/ark:/12148/bpt6k56974311",
                  "emotions": [
                        "disgust",
                        "fear",
                        "nervousness",
                        "pain"
                  ],
                  "excerpt": ") NICOTIANA TAIIÀCUM .Nicoiane , herbe à la reine , pctnm , herbeàtous tes maux , Lo tabac est un poison , il agit sur tout le syslèiqc nerveux , il prédisposé aux congestions eêrébf aies , fait perdre lu inénioirc et là vivacité de l ' imagination » fait crachéf eit abondance , ce qui irrite Testonme , donne une mauvaise haleiitP et amortit le goût ell ' odorat .Faut ' iJ interdire la prise , ht chique , le cigare ' » - là èlgà * relie » la pipe » ele , .",
                  "id": "17",
                  "title": "Le médecin des pauvres et les 2000 recettes utiles (20 édition considérablement augmentée) / L. Peyronnet,... ; [avec la collaboration du Dr Georges Migot]"
            },
            {
                  "doc_url": "https://gallica.bnf.fr/ark:/12148/bpt6k6381242g",
                  "emotions": [
                        "disgust",
                        "fear"
                  ],
                  "excerpt": "Ils vont et viennent : tête nue , jambes nues , et dévisagent l ' étranger avec un regard hébété et craintif .Et toujours d ' un bout à l ' autre de la cité , l ' odeur atroce vous prend à la gorge , a l ' air de couler au ras du sol en longs effluves empestés .On a hâte de se retrouver dehors , sur l ' avenue Michelet .",
                  "id": "18",
                  "title": "Les rois du ruisseau / Georges Renault ; lettre-préface de Jules Claretie,... ; documents de Maurice Artus"
            },
            {
                  "doc_url": "https://gallica.bnf.fr/ark:/12148/bpt6k63160306",
                  "emotions": [
                        "disgust",
                        "anger",
                        "fear",
                        "amusement"
                  ],
                  "excerpt": "Panuchet , qui achevait prestement de remettre un pneu à une roue arrière , se répandit aussitôt en injures : — Cet animal , grogna - t - il , a encore fourré dix gousses d ' ai ] au moins dans le potage ! — Douze que j ' y en ai mis , répondit l ' autre sans sourciller .Tu n ' aimes pas l ' ail , donc ? Et , avec un air comique , il ajouta , à part lui : — Té , ces « gensses » du Nord , ça me fait rire ! Panuchet poursuivait aussi son monologue , en brandissant avec des gestes menaçants ses leviers démonte - pneus : — Sacré empoisonneur public ! Mais ils ont donc des estomacs en acier forgé , Dour supporter ce tubercule infect et puant .L ' ail ! Qui est - ce qui a pu imaginer de mêler ça à la nourriture de l ' homme ? Un gros brigadier qui se piquait d ' être félibre , c ' est - à - dire chansonnier en langue provençale , prit la défense du légume � iocriminé : - Povre innocent , qui parle sans savoir , dit - il à Panuchet ; mais l ' ail , c ' est , avec le vin et le soleil , tout le Midi ! Le mistral en est parfumé ; l ' iiil , il nous rappelle le pays et , en fermant les yeux , à l ' odeur de cette soupe , nous revoyons , malgré la neige et le froid , les petites placettes ensoleillées et claires de nos villes .",
                  "id": "19",
                  "title": "La voie sacrée / Georges Thomas"
            },
            {
                  "doc_url": "https://gallica.bnf.fr/ark:/12148/bpt6k5529508k",
                  "emotions": [
                        "disgust",
                        "fear",
                        "pain"
                  ],
                  "excerpt": "Adv .Sentir mauvais , exhaler une mauvaise odeur .MAUVE 11 .",
                  "id": "20",
                  "title": "Nouveau dictionnaire illustré : comprenant... quatre dictionnaires en un seul (Édition spéciale pour la Belgique) / par P. Larousse"
            }
      ]
}