{
      "articles": [
            {
                  "doc_url": "https://gallica.bnf.fr/ark:/12148/bpt6k6373226q",
                  "emotions": [
                        "disgust",
                        "fear",
                        "desire",
                        "envy",
                        "greed",
                        "nervousness",
                        "pain"
                  ],
                  "excerpt": "CASSE .Un estomac débile , une bouche fétide , Un cœur endolori de la Casse est avide .CENTAURÉE .",
                  "id": "1",
                  "title": "L'École de Salerne / traduction en vers français par M. Ch. Meaux Saint-Marc, avec le texte latin en regard. Précédée... De la sobriété, conseils pour vivre longtemps / par L. Cornaro... ; introduction par M. le Dr Ch. Daremberg"
            },
            {
                  "doc_url": "https://gallica.bnf.fr/ark:/12148/bpt6k64613161",
                  "emotions": [
                        "fear"
                  ],
                  "excerpt": "J ' étais , il y a quelques jours , chez un de mes amis qui sait que , par goût et par état , je me livre à l ' étude de la chimie .Il me dit que , depuis long - tems , il était fort indisposé des exhalaisons putrides qui s ' élévaient continuellement d ' un conduit qui passe sous ses fenêtres et dans lequel on jette toutes sortes d ' immondices .Sur la demande qu ' il me fit d ' un moyen préservatif , je lui conseillai de faire piler du charbon et d ' en faire jeter quelquefois dans le conduit qui réellement infectait sa maison .",
                  "id": "2",
                  "title": "Moyen infaillible de clarifier et de purifier l'eau mis à la portée de toutes les classes de la société . Par P. L., médecin"
            },
            {
                  "doc_url": "https://gallica.bnf.fr/ark:/12148/bpt6k5445482v",
                  "emotions": [
                        "fear",
                        "despair"
                  ],
                  "excerpt": "A PIKI ' YIIK : U .- i mourront , sentant bon l ' odeur des feuilles qui vont tomber ..",
                  "id": "3",
                  "title": "La pieuvre / Sophie Harley"
            },
            {
                  "doc_url": "https://gallica.bnf.fr/ark:/12148/bpt6k3062237k",
                  "emotions": [
                        "disgust",
                        "fear",
                        "embarrassment"
                  ],
                  "excerpt": "., nulle femme ou fille , jeune ou vieille , crainte de flétrir l ’ auréole parfumée qui l ’ enveloppe , n ’ oserait produire aux regards de ses intimes , l ’ eau pure et limpide qui s ’ écoule de ses doigts , et un grossier personnage viendra se livrer publiquement à des ablutions ignobles ! ..",
                  "id": "4",
                  "title": "Le chasseur rustique : contenant la théorie des armes, du tir, et de la chasse au chien d'arrêt, en plaine, au bois, au marais, sur les bancs.... suivi d'un Traité complet sur les maladies des chiens (2e édition) / par Adolphe d'Houdetot ; par J. Prudhomme,... ; dessin d'Horace Vernet"
            },
            {
                  "doc_url": "https://gallica.bnf.fr/ark:/12148/bpt6k9612954t",
                  "emotions": [
                        "fear",
                        "nervousness",
                        "pain"
                  ],
                  "excerpt": "La salive est abondante et file jusqu ' à terre ; la langue est blanchâtre , sans bouton .Le souffle qui revient des estomacs est d ' une puanteur insupportable .La respiration est très - gênée , surtout vers le troisième jour .",
                  "id": "5",
                  "title": "Traité historique et pratique sur les maladies épizootiques des bêtes à cornes et à laine, ou sur la picote et la clavelée / par M. Dupuy,..."
            },
            {
                  "doc_url": "https://gallica.bnf.fr/ark:/12148/bpt6k54557091",
                  "emotions": [
                        "surprise",
                        "fear"
                  ],
                  "excerpt": "Le vaincu se console en avalant la bière Que Chassin pose avant d ' emporter sa lumière .Désirez - vous passer dans la salle à côté , Prenez la porte à gauche ! Ètes - vous arrêté Par une forte odeur s ' échappant au passage Et comme du Bully vous montant au visage , ' ' Eh quoi ! ..",
                  "id": "6",
                  "title": "Le pas des chaumes / [signé : Edgar de Champvallier]"
            },
            {
                  "doc_url": "https://gallica.bnf.fr/ark:/12148/bpt6k5461194b",
                  "emotions": [
                        "disgust",
                        "fear"
                  ],
                  "excerpt": "Salivation pas encore très abondante .L ' haleine est d ' une odeur repoussante .Pr .",
                  "id": "7",
                  "title": "Études sur les maladies incidentes des aliénés / par A.-M. Thore,..."
            },
            {
                  "doc_url": "https://gallica.bnf.fr/ark:/12148/bpt6k6051509b",
                  "emotions": [
                        "fear"
                  ],
                  "excerpt": ".odeur Poussière et danger d ' incendie .Danger d incendie Altération des eaux .",
                  "id": "8",
                  "title": "Moniteur de la Guyane française : journal officiel de la colonie"
            },
            {
                  "doc_url": "https://gallica.bnf.fr/ark:/12148/bpt6k6493092t",
                  "emotions": [
                        "surprise",
                        "disgust",
                        "fear",
                        "pain"
                  ],
                  "excerpt": "Il sourit et les invita d ' un signe à le suivre .Il les introduisit dans une étable et Durtal recula , assourdi par des cris affreux , suffoqué par l ' ardeur pestilentielle des purins .Tous les porcs se dressaient debout , derrière leur barrière , hurlaient d ' allégresse , à la vue du frère .",
                  "id": "9",
                  "title": "En route / J.-K. Huysmans"
            },
            {
                  "doc_url": "https://gallica.bnf.fr/ark:/12148/bpt6k5802005m",
                  "emotions": [
                        "disgust",
                        "fear"
                  ],
                  "excerpt": "Le voisinage des matelots nous en communique bien quelques - uns , des plus hideux même ; mais ce n ' est qu ' une importation , et l ' importation ne s ' élève jamais au niveau de la production .Tant y a , que ces miasmes infernaux ont fait fuir notre pauvre Chalal .Chalal s ' est esquivé cette nuit sans tambour ni trompette , et ce matin , les plus douces appellations ont en vain retenti .",
                  "id": "10",
                  "title": "Journal d'un voyage au Levant. L'Égypte et la Nubie / par l'auteur du \"Mariage au point de vue chrétien\" [Ctesse A. de Gasparin]..."
            },
            {
                  "doc_url": "https://gallica.bnf.fr/ark:/12148/bpt6k6456390v",
                  "emotions": [
                        "disgust",
                        "fear",
                        "nervousness"
                  ],
                  "excerpt": "Le soleil dorait sa tête folle ! Puis , ce furent des cris , des rires enfantins .Elle avait un effroi naïf des intestins Dont , je dois l ' avouer , l ' odeur était amère .Nous revînmes le soir , peu nourris , mais joyeux , Et d ' un petit homard , nous fîmes trois heureux .",
                  "id": "11",
                  "title": "La Pensée moderne dans les lettres et dans l'art : revue mensuelle / sous la direction de Guy de Montgailhard"
            },
            {
                  "doc_url": "https://gallica.bnf.fr/ark:/12148/bpt6k6051509b",
                  "emotions": [
                        "disgust",
                        "anger",
                        "fear"
                  ],
                  "excerpt": ".Odeur Odeur , « langer d ineendie Danger d ' incendie l ' deur Vancure nuisibles , danger d ' incendie Dmger d ineendie Fum es métalliques Fumée et odeur Idem Emanations nuisibles .Chanvre { Treillage et Rouissage du ) en grand .",
                  "id": "12",
                  "title": "Moniteur de la Guyane française : journal officiel de la colonie"
            },
            {
                  "doc_url": "https://gallica.bnf.fr/ark:/12148/bpt6k91246x",
                  "emotions": [
                        "fear",
                        "nervousness",
                        "pain",
                        "embarrassment"
                  ],
                  "excerpt": "Malgré les supplications de Mamette , le vieux avait tenu à aller chercher ses cerises lui - même et , monte sur une chaise au grand effroi de sa femme , il essayait ' d ' arriver là - haut .Vous voyez le tableau d ' ici le vieux qui tremble et qui se t hisse , les petites bleues cramponnées à sa chaise , Mamette derrière lui haletante , les bras tendus , et sur tout cela un léger parfum de bergamote qui s ' exhale de l ' armoire ouverte et des grandes piles de linge roux .C ' était charmant .",
                  "id": "13",
                  "title": "Contes choisis : la fantaisie et l'histoire / par Alphonse Daudet"
            },
            {
                  "doc_url": "https://gallica.bnf.fr/ark:/12148/bpt6k148310m",
                  "emotions": [
                        "disgust",
                        "fear",
                        "greed",
                        "nervousness"
                  ],
                  "excerpt": "— PI .rubéfiante , d ’ odeur alliacée .S .",
                  "id": "14",
                  "title": "Flore de la Côte-d'Or... : contenant la description des plantes vasculaires spontanées ou cultivées en grand dans le département... / par A. Viallanes et J. d'Arbaumont,..."
            },
            {
                  "doc_url": "https://gallica.bnf.fr/ark:/12148/bpt6k6456390v",
                  "emotions": [
                        "fear",
                        "nostalgia",
                        "excitement",
                        "gratitude"
                  ],
                  "excerpt": "Tandis que la rafale où monte un cri d ' adieu Jette au monde étonné la mort du demi - Dieu Et que la foudre éclate et blèmit la falaise , Seule , les yeux hagards et pâle de terreur .Se penchant sur le seuil , la sentinelle anglaise Croit voir s ' animer l ' ombre et frémir l ' Empereur ! SOUVENIR J ' emporte en tes baisers l ' âpre senteur sauvage De la terre et des bois , Comme un souffle embaumé passent sur mon visage , Ton haleine et ta voix .J ' emporte dans mes yeux ton sourire , ton âme Comme un secret trésor , Et ton regard voilé que la volupté pâme En moi palpite encor .",
                  "id": "15",
                  "title": "La Pensée moderne dans les lettres et dans l'art : revue mensuelle / sous la direction de Guy de Montgailhard"
            },
            {
                  "doc_url": "https://gallica.bnf.fr/ark:/12148/bpt6k5430399z",
                  "emotions": [
                        "fear",
                        "nostalgia"
                  ],
                  "excerpt": "Pars , bon paysan , dès l ' aube , chemine , Entends - tu , vibrer parmi les sillons , Quand , au sein des fleurs l ' abeille butine , Le chant des grillons ? LES MENDIANTS LE soleil lentement derrière la colline , Tel qu ' un disque sanglant , à l ' horizon décline .On entend , dans le val , les appels du berger , Et , de troublants parfums flottent dans l ' air léger , C ' est l ' heure où , sur les champs , tombe le crépuscule , Dans les sentiers ombreux où la brise circule , Vers la ferme l ' on voit revenir les troupeaux .Dans le creux des fossés s ' éveillent les crapauds .",
                  "id": "16",
                  "title": "Au pays natal : idylles & poèmes / Auguste Gaud"
            },
            {
                  "doc_url": "https://gallica.bnf.fr/ark:/12148/bpt6k5821304g",
                  "emotions": [
                        "fear"
                  ],
                  "excerpt": "L ' usas antiar présente des propriétés toxiques remarquables .C ' est un des poisons les plus violents que nous fournit le règne végétal .Description ( fig .",
                  "id": "17",
                  "title": "Éléments de botanique médicale, contenant la description des végétaux utiles à la médecine et des espèces nuisibles à l'homme... par A. Moquin-Tandon,..."
            },
            {
                  "doc_url": "https://gallica.bnf.fr/ark:/12148/bpt6k6373226q",
                  "emotions": [
                        "fear",
                        "nervousness",
                        "pain"
                  ],
                  "excerpt": "DE LA PHTHISIE .Flux de ventre fréquent et chute des cheveux , Du phthisique dénote un état dangereux ; Crachat fétide , infect , pommette rougissante Témoignent du péril une marche croissante .TRAITEMENT DE LA PliTRISIE .",
                  "id": "18",
                  "title": "L'École de Salerne / traduction en vers français par M. Ch. Meaux Saint-Marc, avec le texte latin en regard. Précédée... De la sobriété, conseils pour vivre longtemps / par L. Cornaro... ; introduction par M. le Dr Ch. Daremberg"
            },
            {
                  "doc_url": "https://gallica.bnf.fr/ark:/12148/bpt6k96633353",
                  "emotions": [
                        "fear",
                        "boredom"
                  ],
                  "excerpt": ") — FI .petites , odorantes , en panicule ; silicule pubescente , ovale , à style nul ; feuil .radicales grandes , long .",
                  "id": "19",
                  "title": "Flore du Haut-Poitou ou Analyse des familles, des genres, des espèces et description des plantes qui croissent spontanément ou qui sont l'objet d'une culture en grand dans les départements des Deux-Sèvres et de la Vienne / par B. Souché,..."
            },
            {
                  "doc_url": "https://gallica.bnf.fr/ark:/12148/bpt6k148310m",
                  "emotions": [
                        "fear",
                        "nervousness"
                  ],
                  "excerpt": "1 - nervées , mucronées , à bords roulés en dessous ; fl .petites , à odeur de Mélilot , disposées en panicules terminales ; fr .lisses .",
                  "id": "20",
                  "title": "Flore de la Côte-d'Or... : contenant la description des plantes vasculaires spontanées ou cultivées en grand dans le département... / par A. Viallanes et J. d'Arbaumont,..."
            }
      ]
}