{
      "articles": [
            {
                  "doc_url": "https://gallica.bnf.fr/ark:/12148/bpt6k5550824r",
                  "emotions": [
                        "fear",
                        "nervousness"
                  ],
                  "excerpt": "Elles sont plus rares à l ' état sain .Une femme , qui avait une très grande peur des incendies , sentait , quand elle avait un coryza , une odeur de brûlé .Elle se levait pour .",
                  "id": "1",
                  "title": "Les images : essai sur la mémoire et l'imagination / par E. Peillaube,..."
            },
            {
                  "doc_url": "https://gallica.bnf.fr/ark:/12148/bpt6k6139244x",
                  "emotions": [
                        "grief",
                        "sadness",
                        "fear",
                        "greed",
                        "despair"
                  ],
                  "excerpt": "La pâle mort y règne , et le vautour avide Fuit cette proie hideuse et cette chair livide .La hyène seule , errante au sein de la cité ( 6 ) , Flairant l ' odeur des morts avec voracité , Pendant la sombre nuit parcourt les promenades : Malheur alors , malheur aux délaissés malades LA PERI .423 Sur la terre étendus , que le monstre affamé Fixe de son oeil bleu par la rage enflammé ! « 0 pauvre humanité ! la céleste colère \" Te fait payer bien cher la faute de la mère , « S ' écria la Péri : pour charmer ton exil « Quelques fleurs de l ' Éden te restent bien encore ; \" Mais le dard du serpent de son poison subtil « Les pénètre au moment où tu les vois éclore .",
                  "id": "2",
                  "title": "Écrin poétique de littérature anglaise. Traduction en vers français avec notes historiques, de poèmes, épisodes et fragments choisis de lord Byron, Thomas Moore, Gray, Graham, etc... Par D. Bonnefin,..."
            },
            {
                  "doc_url": "https://gallica.bnf.fr/ark:/12148/bpt6k108721m",
                  "emotions": [
                        "fear",
                        "doubt",
                        "nervousness"
                  ],
                  "excerpt": "< jui envoie qui pouffe d ' où il fort des vr .peurs , E - VAporo as avi atum arc évaporer , exhaler .E - VAToratio onis évaporation , exhalaifon , vapeur .",
                  "id": "3",
                  "title": "Monde primitif analysé et comparé avec le monde moderne considéré dans son génie allégorique et dans les allégories auxquelles conduisit ce génie ; précédé du Plan général des diverses parties qui composeront ce Monde primitif. T. 7 / par M. Court de Gébelin,..."
            },
            {
                  "doc_url": "https://gallica.bnf.fr/ark:/12148/bpt6k764855",
                  "emotions": [
                        "fear",
                        "nervousness"
                  ],
                  "excerpt": "Toutefois , la cinquième paire , qui préside d ' abord à la sensibilité générale de Ja membrane pituitaire , peut aussi exercer une certaine influence sur la perception des odeurs sans être destinée , comme on l ' avance , à en transmettre l ' impression à l ' encéphale .En enet , nous verrons plus loin ( 1 ) , que cette paire nerveuse influence ! a sécrétion du mucus ' nasa ! , et qu ' elle entretient ia muqueuse du nez dans ! ' état d ' intégrité nécessaire au maintien de la sensibilité olfactive .§ III .",
                  "id": "4",
                  "title": "Anatomie et physiologie du système nerveux de l'homme et des animaux vertébrés : ouvrage contenant des observations pathologiques relatives au système nerveux et des expériences sur les animaux des classes supérieures. Tome 2 / par F. A. Longet,..."
            },
            {
                  "doc_url": "https://gallica.bnf.fr/ark:/12148/bpt6k42303627",
                  "emotions": [
                        "disgust",
                        "fear",
                        "pain"
                  ],
                  "excerpt": "Ce prétendu lait est souvent un liquide redoutable .Celui des euphorbes est corrosif au point de vous mettre la bouche en feu ; celui du figuier est assez âcre pour endolorir la langue , et même les doigts délicats pendant la récolte des figues ; celui du pavot contient de l ’ opium , terrible substance qui à faible dose vous endort et à dose plus forte vous tue ; celui de l ’ antiar des Javanais est le terrible liquide avec lequel les naturels des îles de la Sonde empoi - ! sonnent leurs flèches et la pointe de leurs poignards .Son nom botanique est Galactodendron , qui signifie arbre à lait .",
                  "id": "5",
                  "title": "La Science élémentaire, lectures... pour toutes les écoles, par J.-Henri Fabre,... La Plante, leçons à mon fils sur la botanique. 2e éd."
            },
            {
                  "doc_url": "https://gallica.bnf.fr/ark:/12148/bpt6k81099r",
                  "emotions": [
                        "sadness",
                        "fear",
                        "love"
                  ],
                  "excerpt": "Il se croit heureux pour l ' éternité il prend la fleur laiteuse et la porte à son cœur , puis à ses lèvres .Le voilà qui marche comme un amant il est rentré dans le jardin il est bien tard , les feuilles des tilleuls embaument , et Séverin , faible , faible à mourir , s ' appuie un peu contre les arbres et se demande en souriant s ' il va déiaillir .n ) ; 1 / j ~ M Séverin s ' éveilla , sourit , et dans le lit tiède ce fut la petite volupté du souvenir .",
                  "id": "6",
                  "title": "Petit-coeur : roman / Jean Viollis"
            },
            {
                  "doc_url": "https://gallica.bnf.fr/ark:/12148/bpt6k81099r",
                  "emotions": [
                        "sadness",
                        "disgust",
                        "fear",
                        "nervousness",
                        "despair",
                        "pain",
                        "disappointment"
                  ],
                  "excerpt": "Mais il entend soudain un rire atroce , vide et faux c ' est une vieille dame gâteuse et folle , qui habite la maison contiguë ; parfois elle rit ainsi , agacée .Séverin se sent abîmé de tris - tcsse , malade à pleurer , tandis que les cris de ses camarades redoublent et qu ' une odeur de poussière brûlée blesse sa gorge .Le voilà qui s ' éloigne avec dégoût du mur chaud , va vers la pompe et rafraîchit ses mains l ' eau rejaillit au soleil Séverin agite ses deux mains , et prend plaisir à faire envoler d ' elles mille étincelles détachées .",
                  "id": "7",
                  "title": "Petit-coeur : roman / Jean Viollis"
            },
            {
                  "doc_url": "https://gallica.bnf.fr/ark:/12148/bpt6k98123792",
                  "emotions": [
                        "fear"
                  ],
                  "excerpt": "L ' acide solide ne se fond pas dans l ' eau ; si je le lâchais il monterait à la surface de l ' eau et flotterait sur elle .J ' en mets un morceau dans ma bouche en prenant soin de ne pas respirer quand il y est .Je souffle contre la bougie , mon haleine éteint la flamme .",
                  "id": "8",
                  "title": "La matière et ses transformations / par P. Deleveau,... ; ouvrage illustré de 89 figures par Chauvet, Gilbert, etc."
            },
            {
                  "doc_url": "https://gallica.bnf.fr/ark:/12148/bpt6k5698817f",
                  "emotions": [
                        "surprise",
                        "fear"
                  ],
                  "excerpt": ".„ : > ■ L ' alarme fut : générale ; ; quelquesTr iunsYassurèrent qu ^ ilS ! voyaient les lu * - mièrés brûler ; cË un leu violet ; d ' autres ^ croyaient sentir une odeur de soufre ; uriîplùs fou que les autres crut avoir vu un pied fourchu * ..",
                  "id": "9",
                  "title": "Histoire des fantômes et des démons qui se sont montrés parmi les hommes, ou Choix d'anecdotes et de contes, de faits merveilleux, de traits bizarres, d'aventures extraordinaires sur les revenans, les fantômes, les lutins, les démons, les spectres, les vampires, et les apparitions diverses, etc . Par Mme Gabrielle de P*****"
            },
            {
                  "doc_url": "https://gallica.bnf.fr/ark:/12148/bpt6k9611670k",
                  "emotions": [
                        "fear",
                        "indifference"
                  ],
                  "excerpt": "L ' homme les multiplie , les greffe , les mutile , les met en coupe réglée , comme les plantes de son jardin .LE POURCEAU A côté , dans un cabanon ' obscur , étendue sur une paille fétide , git une masse informe qui ne révèle la vie que par un faible grognement .Bercé par un demi - sommeil , le triste prisonnier interroge , mais en vain le mystère , qui l ' environne .",
                  "id": "10",
                  "title": "Le Chien, étude / a.-G. Beaumarié"
            },
            {
                  "doc_url": "https://gallica.bnf.fr/ark:/12148/bpt6k692885",
                  "emotions": [
                        "fear",
                        "nervousness"
                  ],
                  "excerpt": "Ce n ' est pas t < * sens de la vue seulement qui est affecM de cette manière dans la possession tes autres sens subissent aussi des altérations semblables .! j oreilte est fatiguée par des voix effrayantes du dedans ou du dehors , de pH \" i ou de loin , par des bruits étranger , par des pas , par d ~ rires ou par des soupirs , tandis qu ' une odeur insuppor .table infecte l ' odorat .",
                  "id": "11",
                  "title": "La mystique divine, naturelle et diabolique. Volume 4 / par Görres ; ouvrage trad. de l'allemand par M. Charles Sainte-Foi..."
            },
            {
                  "doc_url": "https://gallica.bnf.fr/ark:/12148/bpt6k55775194",
                  "emotions": [
                        "disgust",
                        "anger",
                        "fear",
                        "annoyance",
                        "excitement",
                        "nervousness"
                  ],
                  "excerpt": "La pauvre femme , vaincue par la douleur , poussa un cri effroyable , et toujours serrant les lèvres de plus en plus , elle renversa sur le dossier de la chaise sa tête violacée .Une odeur nauséabonde de graissé brûlée se répandit dans la salle , « Souffle , souffle , vociférait Pourvoyeur dont les instincts féroces se réveillaient à la vue de ces souffrances .Souffle , hurlait - il en arrachant de nouveau le soufflet aux mains de son esclave .",
                  "id": "12",
                  "title": "Thermidor : Paris en 1794. Marie-Thérèse et dame Rose / Ch. d'Héricault"
            },
            {
                  "doc_url": "https://gallica.bnf.fr/ark:/12148/bd6t53811084",
                  "emotions": [
                        "disgust",
                        "fear"
                  ],
                  "excerpt": "La racine du grand raifort estla seule partie de la plante qui soit usitée .Elle est d ’ une odeur piquante .Sa saveur est âcre et très - forte .",
                  "id": "13",
                  "title": "Éléments d'histoire naturelle médicale.... Tome 3,Partie 2 / par Achille Richard,..."
            },
            {
                  "doc_url": "https://gallica.bnf.fr/ark:/12148/bpt6k5473717h",
                  "emotions": [
                        "anger",
                        "fear",
                        "disapproval"
                  ],
                  "excerpt": "Alcaloïdes extraits du tabac .Poisons violents .La nicotine est oléagineuse et inodore .",
                  "id": "14",
                  "title": "Portatif scientifique à l'usage du service de la visite des douanes et du commerce / par Léon Massinon..."
            },
            {
                  "doc_url": "https://gallica.bnf.fr/ark:/12148/bpt6k97377339",
                  "emotions": [
                        "joy",
                        "disgust",
                        "anger",
                        "fear",
                        "disapproval",
                        "nervousness"
                  ],
                  "excerpt": "Litharge ( Fabrication de la ) .Exhalaisons dangereuses ..",
                  "id": "15",
                  "title": "Circulaires, instructions et autres actes émanés du Ministère de l'intérieur, ou relatifs à ce département, de 1797 à 1821 inclusivement"
            },
            {
                  "doc_url": "https://gallica.bnf.fr/ark:/12148/bpt6k6271589d",
                  "emotions": [
                        "disgust",
                        "anger",
                        "fear",
                        "pain",
                        "faith",
                        "embarrassment",
                        "disappointment"
                  ],
                  "excerpt": "ESTOURER , forcer a faire quelque chose .Dou siecle puant & horrible , Meftuet * commencer une Bible , * ( il me faut ) Por poindre & : .pour esguillonner , Et por bons exemples donner , Ce n ' est pas bible tofangere , * * ( louangeuse ) Mais fine & voir * & droituriére , * ( vraye - ) Miroucr * est à totes gens .",
                  "id": "16",
                  "title": "Dictionnaire de la langue romane, ou du vieux langage françois"
            },
            {
                  "doc_url": "https://gallica.bnf.fr/ark:/12148/bpt6k30763613",
                  "emotions": [
                        "fear",
                        "nervousness",
                        "despair",
                        "pain",
                        "frustration"
                  ],
                  "excerpt": "Malade depuis deux ans elle a pris tous les breuvages et potions allopathiques , mais sans aucun résultat .Fièvre ardente , toux continue , s ’ exaspérant la nuit et empêchant tout repos ; sueurs nocturnes , maigreur extrême , sans forces , sans appétit ; les crachats qu ’ elle rend à pleine bouche ont une odeur fétide sui generis , qui vous fait reculer ; deux immenses cavernes existent aux deux poumons ; elle a eu plusieurs hémoptysies .En présence de cette situation , je n ’ eus aucun espoir de guérir cette pauvre fille ; je pris cependant mon courage à deux mains et prescrivis le traitement suivant , pensant bien ne plus la revoir .",
                  "id": "17",
                  "title": "Guide du médecin dosimétrie / par le Dr Burggraeve"
            },
            {
                  "doc_url": "https://gallica.bnf.fr/ark:/12148/bpt6k96265168",
                  "emotions": [
                        "surprise",
                        "fear",
                        "pain",
                        "embarrassment"
                  ],
                  "excerpt": "Lorsque la pépie existe , il y a une affection dont l ' invasion et les progrès sont différemment caractérisés par rabattement , le plumage hérissé , le goût dépravé , la constipation , le marasme , la langueur .Quelquefois l ' air expiré est fétide , les narines , dont les deux fentes viennent aboutir à la mandibule supérieure du bec , sont obstruées par un mucus épais : la bête secoue la tête , en poussant un cri qui annonce de l ' embarras dans les voies aériennes ; pour respirer , elle lève la tête en ouvrant le bec , et la laisse retomber dans l ' expiration .La maladie principale est quelquefois une bronchite , une pneumonie chronique ; le plus souvent c ' est une gastrite déterminée par la disette , la sécheresse , les animaux ne trouvant plus ni grain , ni herbes , ni vers ; elle vient aussi par suite de mauvaises digestions , dans le cas de mauvaises récoltes , de grains cariés ou ergotes ; elle peut être aussi occasionée en partie par les eaux insalubres des mares , l ' égoût des fumiers que la sécheresse fait corrompre au degré le plus nuisible , la malpropreté des poulaillers , le manque d ' air et le peu d ' exercice que prennent les poules et autres volatiles de basse - cour .",
                  "id": "18",
                  "title": "Dictionnaire de médecine, de chirurgie et d'hygiène vétérinaires. Edition 2,Tome 4 / par M. Hurtrel d'Arboval,..."
            },
            {
                  "doc_url": "https://gallica.bnf.fr/ark:/12148/bpt6k8804706",
                  "emotions": [
                        "fear"
                  ],
                  "excerpt": "Pour la première fois , l ' expectoration a une odeur fétide .Les jours suivants , crachats noirs , d ' odeur gangréneuse .— Diminution progressive du pouls .",
                  "id": "19",
                  "title": "Des hémorragies dans la gangrène pulmonaire : étude anatomo-pathologique, clinique et chirurgicale / par le Dr Eugène Latruffe,..."
            },
            {
                  "doc_url": "https://gallica.bnf.fr/ark:/12148/bpt6k55351302",
                  "emotions": [
                        "fear",
                        "disapproval",
                        "nostalgia",
                        "doubt"
                  ],
                  "excerpt": "Le matin , que votre lit reste ouvert pendant quelque temps pour respirer , Ot quo dos flots d ' air et de lumière entrent dans votro chambre pour l ' assainir .Ètes - vous condamné à vivre dans uno contrée basse et marécageuse , où so trouvent des eaux croupissantes d ' où s ' exhalent des émanations malsaines , construisez votro maison sur quolquo hauteur ot environnez - la de plantations d ' arbres qui la protègent contre lo mauvais air .Trop souvent , à la campagne , la cour de la ferme est toute remplie do fumier , et le purin 4 y coule en ruisseaux infects jusqu ' à la porto do la maison .",
                  "id": "20",
                  "title": "Trésor scientifique des écoles primaires : leçons de choses (7e édition) / par Jules Conan,..."
            }
      ]
}