{
      "articles": [
            {
                  "doc_url": "https://gallica.bnf.fr/ark:/12148/bpt6k2037503",
                  "emotions": [
                        "disgust",
                        "fear",
                        "nervousness",
                        "pain"
                  ],
                  "excerpt": ", 8 , ou - iode soufre - , ! a détonation * ne produit qu ' une odeur de ~ poudre mais Ibrsqne t ' ons ' elève à 12 ou t / ~ ron .ressent une odeur suffocante de soufce ~ brûlé ..",
                  "id": "1",
                  "title": "Élémens de chimie expérimentale. T. 2 / par M. William Henry,... ; trad. de l'anglais sur la 6e éd... par H.-F. Gaultier-Claubry,..."
            },
            {
                  "doc_url": "https://gallica.bnf.fr/ark:/12148/bpt6k10578363",
                  "emotions": [
                        "fear"
                  ],
                  "excerpt": "Des fauves libres dans leurs taillis , voilà ce prolétariat de bacheliers .Ils en ont le regard , l ' odeur immonde , peut - être les cruautés , les lâchetés , et certainement l ' endurance .Est ce une qualité utile ? Peut - être ; mais , comme toute force , il faudrait qu ' elle fût heureusement dirigée .",
                  "id": "2",
                  "title": "Le roman de l'énergie nationale. 1, Les déracinés / par Maurice Barrès"
            },
            {
                  "doc_url": "https://gallica.bnf.fr/ark:/12148/bpt6k921610s",
                  "emotions": [
                        "disgust",
                        "fear",
                        "courage"
                  ],
                  "excerpt": "D ’ autres paroles , d ’ encouragement sans doute , frappèrent son oreille : elle ne les entendit pas .D ’ un pas d ’ automate elle suivit le guide par les longs corridors où la terrible odeur la poursuivait , plus forte , plus écœurante encore , et l ’ on parvint à une porte qu ’ il ouvrit , s ’ effaçant pour la laisser passer ..",
                  "id": "3",
                  "title": "Leur fille / Pierre du Chateau"
            },
            {
                  "doc_url": "https://gallica.bnf.fr/ark:/12148/bpt6k77064b",
                  "emotions": [
                        "surprise",
                        "disgust",
                        "anger",
                        "fear",
                        "annoyance",
                        "nervousness"
                  ],
                  "excerpt": "Bientôt , à mesure quêta vie s ' éloigne , ' la putréfaction s ' empare de ce corps inerte , ' et les gaz qui se dégagent des liquides en pu .tréfaction répandent une odeur OH ! de .Mais pourquoi cette odeur est ' etie tctide ? En somme , la fétidité n ' existe pas par elle même .",
                  "id": "4",
                  "title": "L'homme et l'intelligence : fragments de physiologie et de psychologie / par Charles Richet,..."
            },
            {
                  "doc_url": "https://gallica.bnf.fr/ark:/12148/bpt6k663772",
                  "emotions": [
                        "surprise",
                        "anger",
                        "fear",
                        "pain",
                        "embarrassment"
                  ],
                  "excerpt": "Vou ~ jSz ~ fous ~ en échange , accepter la mienne ? .~ N ~ ~ ascat poussa un cri , ses yeux s ' obscurcirent , il M ~ ~ ndit vagaement les bras , , il sentit sur ses lèvres les Ë ~ N ~ ë ~ eux doux et parfumés d ' Antoinette , une ivresse S ~ ~ ëmphante le saisit , et il lui sembla qu ' il était emK ~ M ~ sn plein ciel .S ~ ~ K ~ ~ ~ S ~ ~ sca .",
                  "id": "5",
                  "title": "La grande Marnière : les batailles de la vie (6e édition) / par Georges Ohnet"
            },
            {
                  "doc_url": "https://gallica.bnf.fr/ark:/12148/bpt6k6271591g",
                  "emotions": [
                        "joy",
                        "disgust",
                        "fear",
                        "excitement",
                        "pain"
                  ],
                  "excerpt": "( Un vent delféchanr .Une exhalaison desséchante .) DESSÉCHEMENT .",
                  "id": "6",
                  "title": "Dictionnaire de l'Académie françoise. Tome 1 / , nouvelle édition."
            },
            {
                  "doc_url": "https://gallica.bnf.fr/ark:/12148/bpt6k61373756",
                  "emotions": [
                        "fear",
                        "doubt",
                        "nervousness",
                        "despair",
                        "frustration"
                  ],
                  "excerpt": "— Que faire ? se disait - elle .S ' il arrive , et qu ' il trouve ces branches hideuses et nauséabondes , je suis perdue ; il me prendra en horreur , et tout ce que j ' ai fait sera inutile .Elle résolut de retourner avec les fleurs voir la sorcière Calica .",
                  "id": "7",
                  "title": "Et patati et patata, par André Valdès"
            },
            {
                  "doc_url": "https://gallica.bnf.fr/ark:/12148/bpt6k9789235d",
                  "emotions": [
                        "fear",
                        "nervousness"
                  ],
                  "excerpt": "nous avons ' cru entrevoir comme la lueur de quelques éclairs ^ & le bruit a cessé .Nous avons encore paffé la nuit dans l ' état d ' inquiétude & de terreur dans lequel nous - avions été jetés ^ mais ce matin , nous n ' avons plus apperçu que la vapeur infecte produite par ' le sang que tous les monstres avoient ré - pandu .Heureusement l ' ardeur du soleil l ' a attirée , les vents l ' ont dissipée , sans quoi ce séjour eut été inhabitable .",
                  "id": "8",
                  "title": "Continuation des Mille et une nuits. Tome 4 / , contes arabes traduits littéralement en françois par Dom Denis Chavis,... & rédigés par M. Cazotte,..."
            },
            {
                  "doc_url": "https://gallica.bnf.fr/ark:/12148/bpt6k5423978h",
                  "emotions": [
                        "fear"
                  ],
                  "excerpt": "« Levinns Lemnius ( l ' vvre II , de occultis y > naturoe miraculis / , dit que la peste étant à Tournay , les » soldats pour y remédier , mettaient de la poudre à canon » sans boulets dedans les pièces d ' artillerie , qu ' ils deslâ » chaient la nuit , et sur le point du jour .Aussi par ce son » violente ! odeur fumeuse , la contagion de l ' air et la ville » furent délivrées de la peste .» — La ville de Rhinberbeck , en Hollande , était assiégée par Mendoze , général espagnol , et de plus ravagée par la peste .",
                  "id": "9",
                  "title": "Histoire médicale des pestes à Valenciennes / [Signé : Stiévenart]"
            },
            {
                  "doc_url": "https://gallica.bnf.fr/ark:/12148/bpt6k9497798",
                  "emotions": [
                        "fear"
                  ],
                  "excerpt": "Ce gaz dont on disait tant de bien , n ’ était autre , parait - il , qu ’ un affreux toxique , aussi à craindre que le vulgaire gaz de houille .Puis vint une nouvelle terrifiante : mélangé à l ’ air , il devenait un explosif des plus violents .En place de la bénigne explosion de gaz actuelle , qui se contente de griller les gens et d ’ enflammer nos maisons , c ’ était la pulvérisation immédiate de nos demeures et de leurs habitants .",
                  "id": "10",
                  "title": "Le Républicain de Fécamp, Goderville, Criquetot, Bolbec, Lillebonne, Étretat et du Pays de Caux : paraissant le dimanche"
            },
            {
                  "doc_url": "https://gallica.bnf.fr/ark:/12148/bpt6k9633006h",
                  "emotions": [
                        "fear"
                  ],
                  "excerpt": "Ulcération fétide qui se développe à la fourchette , dont le tissu est comme vermoulu .Arrivée à une certaine période , cette lésion répand une forte odeur de fromage pourri et porte l ' animal à frapper sou .vent et même sans cesse du pied à , terre par l ' effet de la démangeaison vive qu ' elle produit .",
                  "id": "11",
                  "title": "Dictionnaire d'hippiatrique et d'équitation / par F. Cardini,..."
            },
            {
                  "doc_url": "https://gallica.bnf.fr/ark:/12148/bpt6k61373756",
                  "emotions": [
                        "disgust",
                        "fear",
                        "despair"
                  ],
                  "excerpt": "— Tant que leur possesseur reste bon , honnête et loyal ? les roses gardent leur belle couleur azurée et ne se flétrissent jamais .Sinon ; elles deviennent d ' un noir de suie et se dessèchent lamentablement , en répandant : une horrible odeur .Garde cette fleur , mon brave Gautier ; si , plus : tard , je reprends le dessus el que je puisse , à mon .",
                  "id": "12",
                  "title": "Et patati et patata, par André Valdès"
            },
            {
                  "doc_url": "https://gallica.bnf.fr/ark:/12148/bpt6k6541896g",
                  "emotions": [
                        "fear",
                        "annoyance",
                        "nervousness",
                        "pain",
                        "embarrassment"
                  ],
                  "excerpt": "Mais je suis vaincu par Mlle Marguerite : c ' eSt elle qui mange le plus et fournit le plus de croûtes .Son nez respire pour sa bouche en travail et pousse un bourdonnement continu .Je l ' entends , mais je la regarde comme si je voulais le voir .",
                  "id": "13",
                  "title": "Les oeuvres complètes de Jules Renard : 1864-1910. Vol. 2, pt. 1 / [préface par Henri Bachelin] ; [publié par Henri Bachelin avec la collaboration de Jean-Paul Hippeau]"
            },
            {
                  "doc_url": "https://gallica.bnf.fr/ark:/12148/bpt6k90520t",
                  "emotions": [
                        "surprise",
                        "fear",
                        "doubt",
                        "nervousness"
                  ],
                  "excerpt": "Ou les laisse ainsi pendant deux ou trois jours , ayant soin de renouveler l ' eau .Celle - ci sort , les premières fois , trouble et fétide .Les dernières eaux sont plus claires , quoique un peu colorées et toujours fétides .",
                  "id": "14",
                  "title": "Dictionnaire des arts et manufactures, de l'agriculture, des mines, etc. : description des procédés de l'industrie française et étrangère. Tome 1 / par M. Ch. Laboulaye,..."
            },
            {
                  "doc_url": "https://gallica.bnf.fr/ark:/12148/bpt6k3052675c",
                  "emotions": [
                        "disgust",
                        "fear"
                  ],
                  "excerpt": "m .Infecte venimeux de File de Ma - dagafear .Ses piqûres font mortelles .",
                  "id": "15",
                  "title": "Dictionnaire universel françois et latin, vulgairement appelé Dictionnaire de Trévoux, contenant la signification et la définition des mots de l'une et de l'autre langue. Tome 1 / ... Nouvelle édition..."
            },
            {
                  "doc_url": "https://gallica.bnf.fr/ark:/12148/bpt6k9760986s",
                  "emotions": [
                        "disgust",
                        "fear"
                  ],
                  "excerpt": "Clélie me dit qu ' elle ne ressentait qu ' un extrême ennui ; et je trouvai que ce simptôme n ' annonçait point la folie .Mais une odeur très - désagréable commençait à nous incommoder , quand on nous dit à tous qu ' il était tems de nous retirer .Jamais permission ne fut donnée ] plus à propos , ni accueillie avec plus j 4e joie .",
                  "id": "16",
                  "title": "La Fole de Paris, ou Les extravagances de l'amour et de la crédulité. Partie 2 / : ouvrage rédigé et mis au jour par M. Nougaret"
            },
            {
                  "doc_url": "https://gallica.bnf.fr/ark:/12148/bpt6k9789173r",
                  "emotions": [
                        "fear",
                        "excitement"
                  ],
                  "excerpt": "Peu à peu , il s ' en est éliminé des fragments et les alvéoles se sont garnies de bourgeons fongueux .En même temps , l ' haleine est devenue très fétide .Peu de mois après le début de la carie dentaire , il s ' est formé un chapelet ganglionnaire cervical gauche , puis une adénite suppurée avec fistule qui persiste encore .",
                  "id": "17",
                  "title": "XIIIe Congrès international de médecine. Paris 1900 / comptes rendus publiés sous la direction de A. Chauffard,.... [Tome 13], Section de laryngologie, rhinologie / comptes rendus publiés par M. Lermoyez,.... XIIIe Congrès international de médecine. Paris 1900. [Tome 13], Section d'otologie / comptes rendus publiés par M. Castex,..."
            },
            {
                  "doc_url": "https://gallica.bnf.fr/ark:/12148/bpt6k5596651x",
                  "emotions": [
                        "fear"
                  ],
                  "excerpt": "Le feu s ' est joint aux deux fléaux ; le vol et le pillage achèvent la ruine des malheureux habitants menacés de mourir de faim .On craint enfin que l ' odeur répandue par les cadavres qu ' on n ' a pu encore dégager et brûler ne répande quelque maladie pestilentielle parmi les survivants .« On ne cite pas de navire français parmi ceux qui ont été jetés à la côte , mais tous nos nationaux établis sur cette partie du littoral sont ruinés .",
                  "id": "18",
                  "title": "Cosmos : revue encyclopédique hebdomadaire des progrès des sciences / fondée... par M. B. R. de Monfort ; rédigée par M. l'abbé Moigno"
            },
            {
                  "doc_url": "https://gallica.bnf.fr/ark:/12148/bpt6k663772",
                  "emotions": [
                        "fear"
                  ],
                  "excerpt": "Des cris terribles partaient du rez - de - chaussée , comme si on s ' égorgeait , et c ' était simplement une vente de bestiaux qui se traitait entre amis .Dans l ' air , une violente odeur de friture se répandait avec des nuages defumee bleue s ' échappant de la cuisine , et , sur la fenêtre , dans une manne , des douzaines de douiUons dorés , sortant du four , achevaient de refroidir .Derrière la toile d ' une baraque , les détonations d ' un tir se faisaient entendre ; un jeu de chevaux de bois jetait à Téche les aigres barmQnies de son orgue poussif et , su ~ të h ~ ut d ' une yoitute à ' ~ capote , ~ erfiëre laquelle était installé un valet armé d ' ~ në ~ ` de chasse , le mors défait et pendant , broutaient l ' herbe , se fouettant les flancs de leur queue pour chasser les mouches .",
                  "id": "19",
                  "title": "La grande Marnière : les batailles de la vie (6e édition) / par Georges Ohnet"
            },
            {
                  "doc_url": "https://gallica.bnf.fr/ark:/12148/bpt6k58103059",
                  "emotions": [
                        "disgust",
                        "fear",
                        "nervousness"
                  ],
                  "excerpt": "j Folioles simples , lancéolées , entières sur les bords , - épaisses et ri - : dées âleursurface , équi - : latérales ( i ) , sessiîes , \\ un peu blanchâtres ; .nervure médiane peu apparenté ; \" odeur nauséeuse ; .saveur plus amère que celle du séné , avec un arrière goût sucré .",
                  "id": "20",
                  "title": "Cours de pharmacologie, ou Traité élémentaire d'histoire naturelle, médicale, de pharmacie et de thérapeutique ; suivi de L'art de formuler. Histoire naturelle médicale / par F. Foy,..."
            }
      ]
}