{
      "articles": [
            {
                  "doc_url": "https://gallica.bnf.fr/ark:/12148/bpt6k888774v",
                  "emotions": [
                        "sadness",
                        "fear",
                        "courage"
                  ],
                  "excerpt": "Guignol Oui , le bleu aussi y passera ! Le flot envahisseur au flot envahisseur Succède , après la troupe une autre troupe sœur .Il en sort du plancher , du plafond , des tentures ; Du fer , du bois , du drap , du sec et des verdures , Il en pleut , il en vole , il en nage , il en court ? Où fuir , où m ’ abriter ? Au grenier ? Dans la cour ? Ah ! leur masse s ’ accroît , vague toujours montante , Horriblement grouillant , puant et dégoûtante .Fromageot Je connais ça , les vers s ’ y mettent il est perdu .",
                  "id": "1",
                  "title": "Mélina ou Bonheur passe richesse, pièce en 1 acte"
            },
            {
                  "doc_url": "https://gallica.bnf.fr/ark:/12148/bpt6k1418221r",
                  "emotions": [
                        "fear",
                        "doubt"
                  ],
                  "excerpt": "Mais , au fin fons de ce grand fleuue ardant , Qui les rochers va bruslant et fendant .Et iette vn flair puant et sulphurin , Tu vois nager vn grand monstre marin , Qui iadis voult menger Andromeda , Dont Perseus tresvaillant la garda , Volant en lair o ses esles prospères .Là sont aussi Couleuures et Viperes , Aspicz mortelz , Serpens tors et obliques , ( 1 ) Le hobin , cheval d ’ Ecosse , d ’ allure douce et que montait Marie de Bourgogne .",
                  "id": "2",
                  "title": "Oeuvres de Jean Lemaire de Belges. Tome 3 / publiées par J. Stecher,..."
            },
            {
                  "doc_url": "https://gallica.bnf.fr/ark:/12148/bpt6k963739",
                  "emotions": [
                        "fear",
                        "nervousness"
                  ],
                  "excerpt": "La mousse pend des branches , les douces - amères tendent des rideaux sous les futaies ; des pullulements d ' insectes , des bourdonnements d ' oiseaux qu ' on ne voit pas , donnent une étrange vie à cette énormité de feuillages .J ' ai eu souvent de petits frissons de peur , en allant rendre visite à la comtesse les taillis me soufraient sur la nuque des haleines inquiétantes .Mais il y a surtout un coin délicieux et troublant , dans le parc c ' est à gauche du Château , au bout d ' un parterre , où il ne pousse plus que des coquelicots aussi grands que moi .",
                  "id": "3",
                  "title": "Nouveaux contes à Ninon / Emile Zola"
            },
            {
                  "doc_url": "https://gallica.bnf.fr/ark:/12148/bpt6k54483544",
                  "emotions": [
                        "disgust",
                        "fear"
                  ],
                  "excerpt": "Deux petites phlyeténes apparaissent au fond de la gorge sur le voile du palais .Labouche a une odeur aigrelette .A .",
                  "id": "4",
                  "title": "Observations cliniques de fièvre typhoïde : épidémie de Nîmes, 1900 / par R. Devèze,..."
            },
            {
                  "doc_url": "https://gallica.bnf.fr/ark:/12148/bpt6k3056280j",
                  "emotions": [
                        "fear"
                  ],
                  "excerpt": "1 Résines ( Le travail en grand [ des ) , soit pour la fonte et ■ l ’ épuration de ces matières , [ soit pour en extraire la téré - [ benthine .Mauvaise odeur et danger du feu .ire 9 février 1825 .",
                  "id": "5",
                  "title": "Pandectes pharmaceutiques, ou Recueil de tous les statuts, édits, lettres-patentes, déclarations, arrêtés... concernant les pharmaciens civils et militaires, histoire des collèges et des écoles de pharmacie de France, de 1312 à 1837 / par M. Adolphe Laugier,... et M. Victor Duruy,..."
            },
            {
                  "doc_url": "https://gallica.bnf.fr/ark:/12148/bpt6k9627114c",
                  "emotions": [
                        "disgust",
                        "fear"
                  ],
                  "excerpt": "Un frétillement d ' écaillés d ' argent coulait comme un fleuve d ' un bout à l ' autre de la vaste pièce , sous les mains expertes des friturières , en jupon court , en sabots , la coiffe blanche sans broderie enfermant leurs cheveux , le fichu de lainage , de cotonnade ou de toile de couleur croisé sur la poitrine , leur donnant un aspect uniforme .Une odeur terrible montait , soufflant aux visages une écœurante exhalaison d ' huile chaude , à laquelle se mêlait la senteur des énormes baquets , dans lesquels s ' entassaient les détritus , la vidure des poissons , tout ce grouillement d ' intestins et de têtes sanglantes , qui forment ce qu ' on nomme le strong , et qui servira ensuite d ' amorce commune pour affriander la sardine , appât bon marché , remplaçant mal la rogue , car il décompose plus vite le poisson .Dans cette atmosphère empuantie , vivaient , gaies , insouciantes , ne semblant s ' apercevoir de rien , une cinquantaine de femmes , de jeunes filles , dont les éclats de rire bondissaient incessamment d ' un coin de la salle à l ' autre , tandis qu ' un vacarme continu hou - lait , composé de mille tapages divers , ébullition de l ' huile bouil - lante , heurt des boîtes de zinc , tintement métallique , trainement des sabots cliquetant toujours .",
                  "id": "6",
                  "title": "La Revue de famille / directeur Jules Simon ; sous-directeur Louis Ulbach"
            },
            {
                  "doc_url": "https://gallica.bnf.fr/ark:/12148/bpt6k3056280j",
                  "emotions": [
                        "fear"
                  ],
                  "excerpt": "Voir Pompe à feu jusqu ’ à présent aucune qu la brûle complètement ; dan ger d ' explosion des chaudières .Massicot ( Fabrication du ) Exhalaisons dangereuses ..",
                  "id": "7",
                  "title": "Pandectes pharmaceutiques, ou Recueil de tous les statuts, édits, lettres-patentes, déclarations, arrêtés... concernant les pharmaciens civils et militaires, histoire des collèges et des écoles de pharmacie de France, de 1312 à 1837 / par M. Adolphe Laugier,... et M. Victor Duruy,..."
            },
            {
                  "doc_url": "https://gallica.bnf.fr/ark:/12148/bpt6k6424122w",
                  "emotions": [
                        "surprise",
                        "grief",
                        "disgust",
                        "fear",
                        "nervousness"
                  ],
                  "excerpt": "C ' était pour moi , parce que je ne me contentais pas de pain au sable , qu ' on enlevait un fils à sa mère , qu ' on privait de la douce vie , qu ' on égorgeait dans l ' ombre un être sans défense .Mon cœur se souleva et mon estomac aussi , à ce point que lorsqu ' on m ' apporta le cadavre du poulet , dont une moitié , toute noire , était rotie et imbibée d ' une graisse infecte , et dont l ' autre nageait dans un liquide qui répandait une odeur de cimetière , je me levai de table avec horreur et demandai des chevaux .Il n ' y en avait point , — du moins mon soigneux Allemand me le dit avec un sourire qui me parut satanique , et où je lisais le souvenir des bougies brûlées inutilement .",
                  "id": "8",
                  "title": "Voyage en Perse / par le prince Alexis Soltykoff ; [lithographies par Trayer et Émile Beau d'après les dessins de l'auteur]"
            },
            {
                  "doc_url": "https://gallica.bnf.fr/ark:/12148/bpt6k204682v",
                  "emotions": [
                        "surprise",
                        "joy",
                        "grief",
                        "fear",
                        "excitement"
                  ],
                  "excerpt": "Eva , anxieuse , l ' attend , - son petit pied posé sur l ' escabeau .Soudain elle jette un cri là - haut , sur le palier de l ' escalier en bois qui : mène à la chambre de Sachs , une apparition , un ' rêve ! Le rêvede la nuit murmurante et parfumée dont les bruissantes senteurs inondent toute la maison ! A , 1 ' aspect de sa blonde muse , Walther ouvre à nouveau .son àme sa mélodie reprend son vol .",
                  "id": "9",
                  "title": "Un pélerinage à Bayreuth (2e éd.) / Émile de Saint-Auban"
            },
            {
                  "doc_url": "https://gallica.bnf.fr/ark:/12148/bpt6k9734230d",
                  "emotions": [
                        "fear",
                        "excitement",
                        "nervousness"
                  ],
                  "excerpt": "Ces vomissements présentaient tous les caractères œsophagiens et ils étaient , dans ces derniers temps , purulents et , quelquefois , sanguinolents .L ' haleine devint , en même temps , extrêmement fétide .Devant la persistance des troubles , la malade est amenée au Dl ' Ferron qui fait , d ' urgence , une gastrostomie .",
                  "id": "10",
                  "title": "Diagnostic et traitement des rétrécissements de l'oesophage et de la trachée / docteur Jean Guisez"
            },
            {
                  "doc_url": "https://gallica.bnf.fr/ark:/12148/bpt6k881479w",
                  "emotions": [
                        "surprise",
                        "fear",
                        "nervousness",
                        "pain"
                  ],
                  "excerpt": "Lorsque le travail de la dentition se fait , l ’ enfant souffre beaucoup , surtout pour la sortie définitive des dents : son visage est bouffi , son caractère s ’ aigrit , ses forces diminuent , tout son être semble s ’ abattre ; une inflammation surgit au point de la gencive voisine de la dent en travail de chasser l ' autre .L ’ haleine est fétide parfois ; • les glandes sous - maxillaires se tuméfient et s ’ engorgent ; l ’ enfant est inquiet , impressionnable ; des douleurs qui viennent et s ’ en vont sans raison lui arrachent des plaintes sourdes ou des cris aigus .Sous ces influences , la nutrition perd de son énergie faute d ’ assimilation suffisante ; ces tissus se ilétrissent , l ’ amaigrissement se déclare et progresse à vue d ’ œil ; la croissance est ralentie , même arrêtée 1 Malheur aux parents insouciants qui s ’ en remettent exclusivement à la nature du soin de résoudre seule ces difficultés ; le plus souvent , des affections lymphatiques avec lesquelles les enfants auront à compter plus tard , datent de cette époque .",
                  "id": "11",
                  "title": "Études physiologiques et pathologiques sur la dentition de tous les âges / par Bernard,..."
            },
            {
                  "doc_url": "https://gallica.bnf.fr/ark:/12148/bpt6k3056280j",
                  "emotions": [
                        "disgust",
                        "fear",
                        "annoyance"
                  ],
                  "excerpt": "Suif en branche ( Fonderies de ) , à feu nu .Odeur désagréable et danger du feu .ire Idem .",
                  "id": "12",
                  "title": "Pandectes pharmaceutiques, ou Recueil de tous les statuts, édits, lettres-patentes, déclarations, arrêtés... concernant les pharmaciens civils et militaires, histoire des collèges et des écoles de pharmacie de France, de 1312 à 1837 / par M. Adolphe Laugier,... et M. Victor Duruy,..."
            },
            {
                  "doc_url": "https://gallica.bnf.fr/ark:/12148/bpt6k55673306",
                  "emotions": [
                        "grief",
                        "disgust",
                        "fear",
                        "pain",
                        "frustration",
                        "disappointment"
                  ],
                  "excerpt": "C ' est à n ' y pas tenir .S ' il n ' y avait que cela ! Mais de tous côtés ni ' arrive , avec la brise chaude , une horrible odeur de cadavres : des souffles nauséabonds m ' enveloppent ; je sens que mes vêtements s ' en imprègnent .Pendant ce temps , j ' écarquillc les yeux vainement : une ombre a passé devant moi .",
                  "id": "13",
                  "title": "Promenade en Egypte : de Marseille à Philoe / J.-B. Samat"
            },
            {
                  "doc_url": "https://gallica.bnf.fr/ark:/12148/bpt6k282074s",
                  "emotions": [
                        "grief",
                        "sadness",
                        "fear",
                        "despair",
                        "frustration",
                        "disappointment"
                  ],
                  "excerpt": "Triomphante je m ' élancerai de l ' abondance ; c ' est le vœu de Prométhée sous terre ; ettu me sentiras bondir sur tes épaules , les ongles du vautour ; c ' est le vœu de Sisyphe , Quoi je puis animer des images de cire , comme quand il s ' efforce d ' asseoir son rocher sur la tes regards indiscrets te l ' ont appris ; je puis cime de la montagne mais l ' arrêt de Jupiter arracher la lune du ciel , réveiller la cendre des s ' y oppose .Tantôt , dans les accès d ' un sombre morts , composer des philtres enivrants , et je désespoir , tu voudras te précipiter du haut d ' une pleurerais l ' impuissance de mon art contre toi Inp , rata misero vita ducenda est , ia hoc .Fastidiosa Iristis œgrinmnia .",
                  "id": "14",
                  "title": "Oeuvres complètes d'Horace, de Juvénal, de Perse, de Sulpicia, de Turnus, de Catulle, de Properce, de Gallus et Maximien, de Tibulle, de Phèdre et de Syrus : avec la traduction en français / publiées sous la direction de M. Nisard,..."
            },
            {
                  "doc_url": "https://gallica.bnf.fr/ark:/12148/bpt6k3072344b",
                  "emotions": [
                        "fear"
                  ],
                  "excerpt": "Au refle , il paroît que cette mauvaife odeur n ’ eft point une chofe habituelle , c o c puifqu ’ on en apprivoife quelquefois .On dit qifa - 2 lors ils fuivent , comme les animaux domeftiques , & qu ’ ils ne lâchent leur urine puante que quan don les prefle ou qu ’ on les bat .Lorfque les fauvages en tuent quelques - uns , ils leur coupent la veffie , afin que leur chair , qu ’ ils trouvent bonâè à manger , ne prenne pas l ’ odeur empeftée .",
                  "id": "15",
                  "title": "Dictionnaire encyclopédique d'histoire naturelle . Tome premier. Contenant les animaux quadrupèdes, les cétacés, par M*** & les oiseaux par M. Mauduyt,..."
            },
            {
                  "doc_url": "https://gallica.bnf.fr/ark:/12148/bpt6k9762957p",
                  "emotions": [
                        "fear",
                        "greed"
                  ],
                  "excerpt": "ïl prend racine au pied du vieux mur ou à celui de l ' arbre qui l ' a vu naître ; il y croit , et en se développant il l ' entoure de ses feuilles comme pour lui en faire un rempart ; il l abrite contre l ' intempérie des saisons et contre la voracité de ces insectes parasites qui ne vivent qu ' aux dépens d ' autrui .Voilà pourquoi le lierre , dans son langage muet , exprime cet axiome : « Je meurs ou je m ' attache ! » IjE farcisse • Malgré que le narcisse offre peu d ' attraits par son emblème d ' égoïsme et d ' amou ' r - propre ' , il n ' en est pas moins une jolie fleur par la blancheur de ses pétales , par le vif incarnat de sa corolle et par son doux parfum .Cette fleur personnifie la passion du moi , dont le dix - neuvième siècle a fait la passion régnante ; car c ' est avec orgueil que chacun se complaît et se drape dans l ' amour désordonné de soi - même .",
                  "id": "16",
                  "title": "Voyage autour de mon parterre : petite botanique religieuse et morale, emblèmes des fleurs / par Mme Marie ***,..."
            },
            {
                  "doc_url": "https://gallica.bnf.fr/ark:/12148/bpt6k54478230",
                  "emotions": [
                        "fear",
                        "disapproval",
                        "nervousness",
                        "disappointment"
                  ],
                  "excerpt": "Le Zephîr vient , sourit , voltiga Autour de cette aimable fleur : Elle s ' anime , et sur sa tige ' Elle a repris plus de vigueur .Du Zéphir l ' haleme craintive Dispose son coeur à .s ' ouvrir , Et déjà la tendre captive Sent qu ' elle va s ' épdnouir .",
                  "id": "17",
                  "title": "La corbeille de rose, ou La jolie rosière"
            },
            {
                  "doc_url": "https://gallica.bnf.fr/ark:/12148/bpt6k3056280j",
                  "emotions": [
                        "fear"
                  ],
                  "excerpt": ".Très - grand danger du feu et odeur désagréable .ire Idem .",
                  "id": "18",
                  "title": "Pandectes pharmaceutiques, ou Recueil de tous les statuts, édits, lettres-patentes, déclarations, arrêtés... concernant les pharmaciens civils et militaires, histoire des collèges et des écoles de pharmacie de France, de 1312 à 1837 / par M. Adolphe Laugier,... et M. Victor Duruy,..."
            },
            {
                  "doc_url": "https://gallica.bnf.fr/ark:/12148/bpt6k3056280j",
                  "emotions": [
                        "disgust",
                        "fear",
                        "annoyance"
                  ],
                  "excerpt": "Voir mière détermine l ’ inilam - mation .Odeur très - désagréable et dan - l ve ger d ’ incendie .Dégras .",
                  "id": "19",
                  "title": "Pandectes pharmaceutiques, ou Recueil de tous les statuts, édits, lettres-patentes, déclarations, arrêtés... concernant les pharmaciens civils et militaires, histoire des collèges et des écoles de pharmacie de France, de 1312 à 1837 / par M. Adolphe Laugier,... et M. Victor Duruy,..."
            },
            {
                  "doc_url": "https://gallica.bnf.fr/ark:/12148/bpt6k9784280p",
                  "emotions": [
                        "fear",
                        "nervousness",
                        "pain"
                  ],
                  "excerpt": "Promenons - nous dans l ' œuvre , ami , — M .Rousseau le permet , et respirez à pleine poitrine ces fortes senteurs agrestes ..",
                  "id": "20",
                  "title": "Le Quart d'heure : gazette des gens demi-sérieux... / [rédigé par Valéry Vernier, A. Louvet, Zacharie Astruc]"
            }
      ]
}