{
      "articles": [
            {
                  "doc_url": "https://gallica.bnf.fr/ark:/12148/bpt6k9671732",
                  "emotions": [
                        "disgust",
                        "fear",
                        "pain"
                  ],
                  "excerpt": "Un long moment je m ’ assis sur le divan à regarder sans fatigue , à scruter sans répit l ’ ombre angoissante .Il me fallut sortir un instant pour reprendre haleine , l ’ effroyante odeur empoisonnée faisant battre le sang à mes tempes , avant de pouvoir commencer une enquête que je devinais être la seule qu ’ il me serait permis de faire .Et c ’ est ici que mon hypothèse initiale reçut la première atteinte et que je m ’ aperçus m ’ enfoncer dans le doute là où j ’ étais venu chercher la certitude .",
                  "id": "1",
                  "title": "L'Enragé : humoristique, hebdomadaire illustré"
            },
            {
                  "doc_url": "https://gallica.bnf.fr/ark:/12148/bpt6k6487175m",
                  "emotions": [
                        "fear",
                        "doubt",
                        "faith"
                  ],
                  "excerpt": "wwwvwvvv BAINS DES HOMMES ET DES FEMMES , A QUATRE SOLS , stla PUJSIECBS POINTS D * LA SBINB - PEIHTORES grotesques ; confusion bizarre ; indécence comique ; des beautés sous des haillons ; de superbes académies en guenilles ; des embonpoints excessifs , et des maigreurs extrêmes .Ne cherchez point ici du Temple d ' Epidaure Les parfums ravissans , les Divans des Figicrs , Et la toile de Frise , et ces soins minaudiers D ' un esprit énervé qui s ' affaiblit encore .Point de linge embaumé .",
                  "id": "2",
                  "title": "Les bains de Paris et des principales villes des quatre parties du monde. Tome 1 / ; ou le Neptune des dames, orné de jolies gravures. Description hydrographique des thermes, bains, étuves, eaux minérales et fontaines les plus célèbres du globe ; renfermant des leçons d'hygiène, précieuses pour la beauté des femmes et la santé des hommes ; ainsi que des vers, des anecdotes, des tableaux instructifs et amusans des mœurs de divers peuples ; des galanteries décentes et des folies de bon ton. Dédié au beau-sexe. Par Cuisin, auteur de plusieurs romans. Tome premier [second]"
            },
            {
                  "doc_url": "https://gallica.bnf.fr/ark:/12148/bpt6k6297185s",
                  "emotions": [
                        "disgust",
                        "fear",
                        "disapproval"
                  ],
                  "excerpt": "On ne peut pas plus condamner son Goût que le tien .MAURICE Quant à moi , j ' ai en horreur les huîtres , que tant de gourmets recherchent , et le seul parfum violent des truffes m ' incom - mode .j M .",
                  "id": "3",
                  "title": "Les cinq sens / par Mme Gustave Demoulin"
            },
            {
                  "doc_url": "https://gallica.bnf.fr/ark:/12148/bpt6k5806993j",
                  "emotions": [
                        "surprise",
                        "fear"
                  ],
                  "excerpt": "En mai i8g3 , au troisième mois d ' une nouvelle grossesse , vomissements incessants ne permettant de garder ni médicaments , ni même une cuillerée d ' eau bouillie .Amaigrissement considérable ; haleine fétide , peau terreuse .L ' avortement provoqué , d ' abord refusé , est accepté par la malade et l ' entourage , et pratiqué le i5 mai , vingt jours environ après le début des accidents .",
                  "id": "4",
                  "title": "Mémoires et leçons d'obstétrique / par le Dr P. Puech,..."
            },
            {
                  "doc_url": "https://gallica.bnf.fr/ark:/12148/bpt6k96171588",
                  "emotions": [
                        "anger",
                        "fear",
                        "courage"
                  ],
                  "excerpt": "virent , on obser - va que ces animaux étaient plus loups que chiens , tant par le caractère moral que par les habitudes physiques .Ils n ' aboyaient point , ils hurlaient ; ils étaient sauvages , craintifs , farouches ; ils fouillaient la terre avec le museau , et avaient cette odeur particulière qui fait fuir les chiens .Si de cette expérience on concluait que le chien n ' est autre chose qu ' un loup civilisé , il faudrait croire que l ' éducation a créé une espèce nouvelle , ce qui au reste ne me paraîtrait pas impossible , vu la ( i ) 11 parait qu ' en Espagne la chose est beaucoup plus commune .",
                  "id": "5",
                  "title": "Histoire du chien chez tous les peuples du monde : d'après la Bible, les Pères de l'Eglise, le Koran, Homère, Aristote, Xénophon, Hérodote, Plutarque... / par Elzéar Blaze,..."
            },
            {
                  "doc_url": "https://gallica.bnf.fr/ark:/12148/bpt6k1069693",
                  "emotions": [
                        "disgust",
                        "fear"
                  ],
                  "excerpt": "Je me levai .Une forte odeur de poudre s ' était répandue dans l ' hôte ! .Un garçun était là .",
                  "id": "6",
                  "title": "Le pays du soleil : (Provence, Italie) / par Pierre Girard"
            },
            {
                  "doc_url": "https://gallica.bnf.fr/ark:/12148/bpt6k5449198x",
                  "emotions": [
                        "fear",
                        "nervousness"
                  ],
                  "excerpt": "17 couleuvres bleues , qui joueraient sur les grèves avec de frais bruissements .Dans mon sang versent je ne sais quelle ivresse panique les agrestes odeurs mêlées à l ' air salin .Mais qui donc , par des pas , des voix et des rires .",
                  "id": "7",
                  "title": "Poésies, 1878-1893. / Gabriele d'Annunzio ; traduites de l'italien par G. Hérelle"
            },
            {
                  "doc_url": "https://gallica.bnf.fr/ark:/12148/bpt6k57277907",
                  "emotions": [
                        "fear",
                        "nostalgia",
                        "courage",
                        "gratitude",
                        "nervousness"
                  ],
                  "excerpt": ".Rappelle - toi l ' effroi des robes dégrafées , Dans les grisants parfums de ce jardin galant Dont les fleurs ressemblaient à des lèvres de fées l ..",
                  "id": "8",
                  "title": "Oeuvres posthumes / de G.-Albert Aurier,... ; notice de Remy de Gourmont,..."
            },
            {
                  "doc_url": "https://gallica.bnf.fr/ark:/12148/bpt6k62302718",
                  "emotions": [
                        "fear",
                        "pain"
                  ],
                  "excerpt": "Sa dissolution dans l ' eau est ce qu ' on appelle vulgairement alcali volatil .C ' est un gaz très - dangereux à respirer ; il irrite le nez et provoque les larmes ; c ' est lui qui produit les maladies d ' yeux si fréquentes chez les vidangeurs , sans cesse exposés aux émanations ammoniacales qui sortent des fosses d ' aisances .{ 2 ) L ' acide azotique ou nitrique , plus connu dans le commerce sous les noms d ' esprit de nitre , d ' eau - forte , est un liquide très - corrosif qui , dans son état de pureté , est composé , en nombres ronds , de 26 d ' azote et 74 d ' oxygène sur 100 parties en poids .",
                  "id": "9",
                  "title": "Des fumiers et autres engrais animaux (7e édition entièrement revue et considérablement augmentée) / par J. Girardin,..."
            },
            {
                  "doc_url": "https://gallica.bnf.fr/ark:/12148/bpt6k54698628",
                  "emotions": [
                        "fear"
                  ],
                  "excerpt": "La rougeole elle - même présente une couleur de plomb ou d ' un rouge bleu , et se rencontre mêlée avec des pétéchies et la miliaire .L ' urine ressemble à de la bière brune ou à de la bière blanche épaisse et gâtée ; le pouls est petit , tremblant , fréquent et inégal : des hémorrhagies du nez , des poumons , de l ' anus ou de l ' utérus , des diarrhées dysentériques très - fétides accompagnées de ténesme , des sueurs colliquatives , annoncent un danger imminent , et précèdent souvent la mort .Dans cette espèce de rougeole putride , l ' oeil paraît terne et imbécille ; l ' albuginée est sale , graisseuse , souvent d ' un jaune brunâtre ; l ' iris est affaissé , et la pupille dilatée plutôt que rélrécie ; les glandes de Meibomius sont enflammées et suppurent ; en un mot , l ' oeil offre absolument l ' image que noué avons décrite à l ' article de la fièvre putride .",
                  "id": "10",
                  "title": "Tableau de la séméiologie de l'oeil à l'usage des médecins ; par le Dr Loebenstein-Loebel. Traduit de l'allemand par J. Fr. Daniel Lobstein,..."
            },
            {
                  "doc_url": "https://gallica.bnf.fr/ark:/12148/bpt6k65442184",
                  "emotions": [
                        "fear",
                        "desire",
                        "envy",
                        "amusement"
                  ],
                  "excerpt": "Seulement , si vous n ' aimez pas les histoires de nègres et d ' esclaves , si les plus abominables détails de sang , de bâton , de meurtres incroyables , do vices sans frein , vous épouvantent , tournez quelques - unes des pages de ce livre , car vous avez là un chapitre qui en est tout rempli .Il a vu aussi des Albinos à l ' œil rouge , aux cheveux blancs , des Bouticoudos aux oreilles allongées , des Tupinambas féroces , des Païkicés non moins féroces ; il les voit , il les touche , il leur parle , il se tire sain et sauf du milieu de ces bêtes hurlantes et puantes ; bien plus , il se met à rêver qu ' il les civilise .Les rêves de J .",
                  "id": "11",
                  "title": "Voyage autour du monde (Nouvelle édition précédée d'une introduction de Jules Janin) / Jacques Arago"
            },
            {
                  "doc_url": "https://gallica.bnf.fr/ark:/12148/bpt6k5460017w",
                  "emotions": [
                        "grief",
                        "sadness",
                        "fear",
                        "nostalgia",
                        "despair",
                        "pain",
                        "disappointment"
                  ],
                  "excerpt": "127 IX Les Parfums .PAREILLE au fin réseau que sur sa gorge nue Psyché serrait , pleurant ses premières pudeurs , Une invisible mer balance sous la nue Le flux et le reflux des terrestres odeurs .Comme un sein virginal que traverse une haleine De parfums infinis , tièdes et pénétrants , Un souffle intérieur a visité la plaine Et soulève du sol un choeur d ' esprits errants .",
                  "id": "12",
                  "title": "Poésies de Armand Silvestre, 1866-1872. [Préface de George Sand.] Rimes neuves et vieilles. - Les Renaissances. - La Gloire du souvenir"
            },
            {
                  "doc_url": "https://gallica.bnf.fr/ark:/12148/bpt6k9664568g",
                  "emotions": [
                        "disgust",
                        "fear",
                        "disapproval",
                        "despair"
                  ],
                  "excerpt": "Les sables sans limites , le désert ; recommencent au - delà des collines qui bordent la mer Morte ; le désert , avec ses grandes et saisissantes scènes , ses ouragans , qui soulèvent dans l ' air embrasé des vagues arénacées , qui roulent des trombes de poussière sous un ciel semblable à une voûte d ' airain rougi au feu .Le désert avec son simoun pestilentiel , qu ' on ne peut respirer sans mourir .La caravane qui navigue sur le dromadaire , dans cet océan solide , voit avec effroi un point rougeâtre paraître à l ' horizon , le terrible simoun approche .",
                  "id": "13",
                  "title": "Les chefs-d'oeuvre de Dieu répandus sur la surface de la terre / par Ch. Delattre"
            },
            {
                  "doc_url": "https://gallica.bnf.fr/ark:/12148/bpt6k6565452q",
                  "emotions": [
                        "disgust",
                        "fear",
                        "pain"
                  ],
                  "excerpt": "Quatre - vingt grains de verre d ' antimoine administres à un cheval fort & vigoureux , à sept heures du matin & à Jeun , donnerent lieu , quelque tems à jeun , donnerent lieu , que l que tems après qu ' il eut avalé quantité d ' eau tiede , à des borborygmes considérables , à quelque espece de nausées ou d ' efforts inutiles , à des ébrouemens très - fréquens , à des battemens de flanc assez vifs .Il mâchoit sans cesse ; les vents qui s ' échappaient en abondance par l ' anus avoient une odeur insupportable .Il sienta bientôt une fois , sa siente étant dans sa consistance naturelle ; à neuf heures son flanc fut tranquille & la siente qu ' il rendit une seconde fois alors parut moins dure .",
                  "id": "14",
                  "title": "Matière médicale raisonnée ou Précis des médicamens considérés dans leurs effets , à l'usage des élèves de l'École royale vétérinaire, avec les formules médicinales de la même école. Par M. Bourgelat,..."
            },
            {
                  "doc_url": "https://gallica.bnf.fr/ark:/12148/bpt6k97660127",
                  "emotions": [
                        "fear"
                  ],
                  "excerpt": "Le propre de ces plantes est , comme noua l ' avons dit , d ' éteindre l ' action du cerveau et des nerfs , de causer un profond assoupissement , la stupeur , le délire , l ' apoplexie et la mort , sans douleur ni inflammation .Poisons végétaux narcotico - acres .L ' arbre et la pomme du mancenilier .",
                  "id": "15",
                  "title": "Médecine légale. Tome 2 / , de P.-A.-O. Mahon,... avec quelques notes du cit. Fautrel,..."
            },
            {
                  "doc_url": "https://gallica.bnf.fr/ark:/12148/bpt6k8890650",
                  "emotions": [
                        "fear",
                        "despair",
                        "pain"
                  ],
                  "excerpt": "çg UN « TOUBIB » PAS ORDINAIRE r - sar , ra : i ■ — 7 De - ' tous côtés , ces petites saletés - puantes tombaient maintenant presque muettes .Rien à distance ne les aurait révélées gi des vapeurs âcres dont nos yeux larmoyaient no nous avaient pris à la gorge .J ’ allai réveiller un clairon afin que tout le monde fût prévenu et que , selon la consigne , chaque soldat se munît de son masque unais , dans la crainte que - ce signal ne suffise pas à tirer de leur sommeil des gens qui dormaient de si bon cœur , j ’ entrepris de faire moi - même une tournée au milieu des cantonnements .",
                  "id": "16",
                  "title": "Un \"toubib\" pas ordinaire / Georges Thomas"
            },
            {
                  "doc_url": "https://gallica.bnf.fr/ark:/12148/bpt6k11627307",
                  "emotions": [
                        "disgust",
                        "fear",
                        "nervousness"
                  ],
                  "excerpt": "Je bais le sombre flot qui du nez irrité , En fâcheuse roupie est soudain projeté .Je redoute un zéphir qui d ’ un nez en patate , Où va se réfléchir la nuance écarlate , Nous lance les parfums d ’ un tabac irritant , El vient nous commander soudain l ’ éternuement .SUH LUS SENS .",
                  "id": "17",
                  "title": "Poésies du Dr Boutreux,.... [Volume 1]"
            },
            {
                  "doc_url": "https://gallica.bnf.fr/ark:/12148/bpt6k9620966p",
                  "emotions": [
                        "disgust",
                        "fear",
                        "excitement",
                        "curiosity"
                  ],
                  "excerpt": ", le bruit ni la figure ne blefselit point : Ils cherchent donc ce qui est savoureux & odorant , ils fuyent ce - qui fait le bruit , & ce qui a vne forme extraordinaire .En effet , ils ne s ' arresteiit pas àl ' odeur qu ' ils sen - tent , ils courent apres la chose odorante ; ils ne fuyent pas au premier bruit qu ils entendent 1 ils regardent de tous costez pour apprendre ce qui l ' a fait .Et sans doute , la Nature auroit esté vne trompeuse , d ' avoir reduit toute leur Connoissance aux acci - dens extérieurs , & de leièr avoir dénié celle qui estoit la plus importante pour leur conservation .",
                  "id": "18",
                  "title": "Le système de l'âme par le sieur [M. Cureau] de La Chambre"
            },
            {
                  "doc_url": "https://gallica.bnf.fr/ark:/12148/bpt6k6464405h",
                  "emotions": [
                        "fear"
                  ],
                  "excerpt": "— Tu ne vois pas , tu ne vois pas , dit - il en tressaillant .les torches qu ' elles secouent devant nous dévorent la bruyère et mêlent des vapeurs mortelles à l ' air que je respire .Quand les vapeurs du matin flottent au - dessous des cimes de nos montagnes , et que , frappées par le soleil levant , elles les enveloppent d ' une ceinture à demi transparente , le sommet , séparé de la base , paroît suspendu dans les cieux par une main invisible .",
                  "id": "19",
                  "title": "Contes fantastiques... (Nouvelle édition, accompagnée de notes)"
            },
            {
                  "doc_url": "https://gallica.bnf.fr/ark:/12148/bpt6k9663843c",
                  "emotions": [
                        "fear"
                  ],
                  "excerpt": "Chlor ] ( Chimie ) .— C ' est un gaz jaune verdâtre , d ' une odeur suffocante et très - dangereux à respirer .Si l ' on reste longtemps exposé à son action , il peut en résulter des crachements de sang et même la mort .",
                  "id": "20",
                  "title": "Dictionnaire industriel à l'usage de tout le monde, ou Les 10,000 secrets et recettes de l'industrie moderne.... I. A-G / par MM. les rédacteurs des \"Annales du génie civil\", E. Lacroix,... directeur de la publication"
            }
      ]
}