{
      "articles": [
            {
                  "doc_url": "https://gallica.bnf.fr/ark:/12148/bpt6k90020f",
                  "emotions": [
                        "disgust",
                        "fear"
                  ],
                  "excerpt": "L ' oxono agit très ëner ~ iquement sur les muqueuses , aussi ne doit - il ùtre respiré qu ' avec précaution .Son odeur penetranto permet d ' ailleurs de t ' éviter .Quelques médecins pensent que t ' ozone de fuir est ta cause de certaines épidémies de grippes et de toux catart ' hates .",
                  "id": "1",
                  "title": "Manipulations de chimie : métalloïdes (2e édition) / par M. A. Mermet,... ; avec une préface de M. C. Friedel,..."
            },
            {
                  "doc_url": "https://gallica.bnf.fr/ark:/12148/bpt6k90020f",
                  "emotions": [
                        "fear"
                  ],
                  "excerpt": "Los miasmes , les matières animales dégagées par les voies respiratoires ou exhalées par ta peau , ont une odeur infecte ; elles sont toxiques et peuvent produire des phénomènes morbides .On a pu tuer des animaux en leur faisant respirer t ' air qui passait dans ! a cheminée d ' appel d ' une salle de théâtre pleine de spectateurs .Au cours de leur magnifique travail sur les gaz de ta respiration , Dumas et Péclet ont failli être empoisonnés par l ' air chargé de ces miasmes .",
                  "id": "2",
                  "title": "Manipulations de chimie : métalloïdes (2e édition) / par M. A. Mermet,... ; avec une préface de M. C. Friedel,..."
            },
            {
                  "doc_url": "https://gallica.bnf.fr/ark:/12148/bpt6k90020f",
                  "emotions": [
                        "fear"
                  ],
                  "excerpt": "PREMIERS SECOURS A DONNER EN CAS D ' EMPOISONNEMENT .Le cyanogène est très vénéneux et t ' acide cyanhydrique est le plus redoutable de tous les poisons connus .I [ offre l ' exemple le plus extraordinaire qu ' il soit possibto de donner pour bien montrer tes différences profondes qui existent entre les propriétés des combinaisons chimiques et les caractères des éléments qui les constituent .",
                  "id": "3",
                  "title": "Manipulations de chimie : métalloïdes (2e édition) / par M. A. Mermet,... ; avec une préface de M. C. Friedel,..."
            },
            {
                  "doc_url": "https://gallica.bnf.fr/ark:/12148/bpt6k5846719d",
                  "emotions": [
                        "grief",
                        "disgust",
                        "anger",
                        "fear",
                        "disappointment"
                  ],
                  "excerpt": "Lavinia , pour vous les beaux jours vont renaître Et vous ne craindrez plus , le soir , à la fenêtre Les baisers du zéphir .Vous irez rafraîchir au souffle de l ' aurore Ce front où le génie , hélas ! qui vous dévore , — 126 — Imprima sa pâleur ; Vous mettrez dans les vers de votre âme embrasée Le rayon du soleil , les pleurs de la rosée , Le parfum de la fleur .Au retour du printemps tout est amour et joie : Le pauvre bénit Dieu dont la clémence envoie Des jours plus attiédis , Et le poète chante un hymne à la nature , Tandis que le vent joue avec la chevelure Des saules reverdis .",
                  "id": "4",
                  "title": "Poésies dernières / Raymond Du Doré"
            },
            {
                  "doc_url": "https://gallica.bnf.fr/ark:/12148/bpt6k57976398",
                  "emotions": [
                        "anger",
                        "fear",
                        "annoyance",
                        "disapproval",
                        "nostalgia"
                  ],
                  "excerpt": "Allons , ressuscitez , chassez - inoi voire spline ( i ) , Car d ' avoir ce mal - là vous avez bien la mine .Sortez de vos brouillards , de l ' odeur du churbon , Retournez promplement , ou je vous fais faux bond .» Je fus à mon logis préparer ma valise , Et brûlant de revoir cette terre promise , Je revins me cacher derrière des ballots , De l ' officier du port craignant les vertigots .",
                  "id": "5",
                  "title": "La jambe de bois, ou Le rimailleur , poëme burlesque en six chants ; dédié à M. Stéphano Vestris,... ; œuvre posthume de M. A... D..., mise au jour par M. Alexandre P***."
            },
            {
                  "doc_url": "https://gallica.bnf.fr/ark:/12148/bpt6k6572687z",
                  "emotions": [
                        "joy",
                        "disgust",
                        "fear",
                        "optimism",
                        "excitement"
                  ],
                  "excerpt": "Au printemps de 1828 il a revu le ciel de Paris , la maison rouge qu ' habita Mme Roland , et aussi ses parents , Mme Corot qui vend aux élégantes des chapeaux calèche , et les jolies grisettes de la rue du Bac .Il a de nouveau respiré l ' odeur des bois de Ville - d ' Avray .Ville d ' Avray , c ' est là qu ' il rejoint sa chère déesse , la nature .",
                  "id": "6",
                  "title": "Corot / par Marc Lafargue"
            },
            {
                  "doc_url": "https://gallica.bnf.fr/ark:/12148/bpt6k164379g",
                  "emotions": [
                        "disgust",
                        "fear",
                        "annoyance",
                        "disapproval"
                  ],
                  "excerpt": "Il était affolé , il suppliait Régina , de rester au coin du feu , de défendre qu ' on ouvrit ses fenêtres .Evite , évite , je t ' en conjure , de respirer cet air empesté de Paris , lui disait - il sans cesse .Il vit son banquier , son agent de change , il donna des ordres .",
                  "id": "7",
                  "title": "Singulière nuit de noce : drame de la vie parisienne / par Olympe Audouard"
            },
            {
                  "doc_url": "https://gallica.bnf.fr/ark:/12148/bpt6k65512016",
                  "emotions": [
                        "disgust",
                        "anger",
                        "fear",
                        "courage",
                        "despair",
                        "pain"
                  ],
                  "excerpt": "Et je vois dans ses yeux de reine Passer des flammes par instants .Postière sentant la verveine Que vos yeux noirs sont captivants ! Prends garde à la petite flamme , Ami qui brûle au tond des yeux De cet ange pervers , la femme , Pourelle , Adam perdit les cieux .Garde - toi des yeux bleus candides , Garde - toi des yeux noirs profonds , Les veux des femmes sont perfides , Garde - toi d ' une mer sans fonds ! Gaston PATUREAU .",
                  "id": "8",
                  "title": "Limoges-cascadeur : journal-revue des fêtes de l'AGEL"
            },
            {
                  "doc_url": "https://gallica.bnf.fr/ark:/12148/bpt6k9602616t",
                  "emotions": [
                        "fear",
                        "nostalgia"
                  ],
                  "excerpt": "Vous n ' avez cédé ni à la Vénus de Médicis , ni aux Vierges de P , , apl ) aël ; vous avez bravé l ' Italie .Pour rester invincible , il ne fallait pas venir à Naples , ou si vous y venez , croyezmoi , fermez les yeux pour ne pas voir cette mer et ses îles , qui sont ses filles et sa parure : ne respirez point les parfums de la terre , la chaleur qui descend du ciel ; les brises qui viennent de la mer et qui vont vous enivrer et vous perdre .A Naples , la nature du Midi domine tout .",
                  "id": "9",
                  "title": "Souvenirs de voyages et d'études / par M. Saint-Marc Girardin..."
            },
            {
                  "doc_url": "https://gallica.bnf.fr/ark:/12148/bpt6k889481d",
                  "emotions": [
                        "surprise",
                        "fear",
                        "nervousness",
                        "pain",
                        "embarrassment"
                  ],
                  "excerpt": "Le souvenir lui revenait du danger qu ’ il y avait à respirer cet air épais et confiné de la serre , que saturaient de poisons les senteurs puissantes dont tout son être était goutte à goutte imprégné .A demi pâmée dans une série ininterrompue de spasmes sensitifs , il lui semblait que sa vie s ’ exhalait comme la fumée d ’ une cassolette .Et elle retombait sur le banc , cherchant l ’ oreiller du cactus et reprenait son rêve divin où dans une atmosphère paradisiaque et embaumée , elle retrouvait son Olivier , agenouillé , palpitant , dont les baisers avaient un goût de benjoin , murmurant à son oreille caressée ces paroles suaves comme un parfum du ciel : — Je t ’ aime , je n ’ aime que toi , ma petite marquise ! Et dans son extase pernicieuse l ’ enfant ferma les yeux et s ’ endormit , la bouche ingénument entr ’ ouverte et les narines rosées extraordinairement tendues , aspirant par tous ses porcs délicats , le bonheur , l ’ ivresse et la mort .",
                  "id": "10",
                  "title": "Les Morts heureuses, avec préface par Alphonse Daudet / Edmond Lepelletier"
            },
            {
                  "doc_url": "https://gallica.bnf.fr/ark:/12148/bpt6k889481d",
                  "emotions": [
                        "fear"
                  ],
                  "excerpt": "Par moments , une rumeur sort des gorges basaltiques de la montagne .Ce sont des loups en chasse qui reniflent au vent et subodorent les émanations de la plaine .Un chariot de forme rustique , aux roues pesantes et aux ais fatigués , roulait , traîné par deux bœufs fauves , posant avec gravité leur pied sûr parmi les pierres et les trous de la route ravinée par les pluies hivernales .",
                  "id": "11",
                  "title": "Les Morts heureuses, avec préface par Alphonse Daudet / Edmond Lepelletier"
            },
            {
                  "doc_url": "https://gallica.bnf.fr/ark:/12148/bpt6k58392823",
                  "emotions": [
                        "disgust",
                        "fear"
                  ],
                  "excerpt": "Perrin , etc .Ce gaz aurait par lui - même une action anesthésiante , signalée par MM .Darin , Rottenstein , Zuntz et Goltstein , et parfaitement démontrée par M .",
                  "id": "12",
                  "title": "Manuel de petite chirurgie (6e édition illustrée de 521 figures intercalées dans le texte) / par M. A. Jamain,..."
            },
            {
                  "doc_url": "https://gallica.bnf.fr/ark:/12148/bpt6k9106186s",
                  "emotions": [
                        "fear",
                        "nostalgia"
                  ],
                  "excerpt": "Nous passâmes quelques heures parmi ces ruines , près desquelles il n ’ existe pas une seule retraite 38 LA SYRIE , LA TERRE - SAINTE , L ’ ASIE MINEURE , ETC .agréable des anciens temps ; point d ’ ombre , excepté des buissons , où les bêtes sauvages feraient à peine leur reposée : un rivage malsain , des plaines abandonnées et des marais puants avertissent le voyageur , dont la santé est délicate , ou les forces défaillantes , de partir sans délai .CAMP D ’ IBRAHIM PASHA , PRES D ’ ADANA .",
                  "id": "13",
                  "title": "La Syrie, la terre sainte, l'asie mineure. Première : Une série de vues dessinées d'aprés nature / par W.H. Bartlett, William Purser, etc ... , les explications des gravures par John Carne ... traduit de l'anglais par Alexandre Sosson ..."
            },
            {
                  "doc_url": "https://gallica.bnf.fr/ark:/12148/bpt6k5542618p",
                  "emotions": [
                        "fear"
                  ],
                  "excerpt": "Quand pour s ' épanouir , Comme une rose on vient d ' éclore , Près de la croix ramper , pâlir ! LE GUERRIER .Le lis qu ' un souille peut ternir , Et dont le parfum s ' évapore , Ose à peine s ' ouvrir .LE PRÊTRE .",
                  "id": "14",
                  "title": "Dioclétien à Salone, tragédie en 5 actes, avec choeurs : argument"
            },
            {
                  "doc_url": "https://gallica.bnf.fr/ark:/12148/bpt6k6471973d",
                  "emotions": [
                        "fear",
                        "doubt",
                        "nervousness",
                        "curiosity"
                  ],
                  "excerpt": "Si cette Ephémère , humble et sans nom , vous paraissait digne d ' être cultivée , j ' oserais demander à votre bienveillance de la laisser croître sous votre protection .Pauvre fleur , frêle , sensitive , Cherchant un rayon de soleil , Pourquoi te montrer si craintive ? Es - tu sans parfum et sans miel ? Un jour , si l ' abeille amoureuse Vers toi daignait guider son vol , Alors , oh ! tu serais heureuse De t ' épanouir sur le sol .DERNIERS SOUPIRS .",
                  "id": "15",
                  "title": "Éphémère, poésies de L. Silvant"
            },
            {
                  "doc_url": "https://gallica.bnf.fr/ark:/12148/bd6t5333926w",
                  "emotions": [
                        "grief",
                        "disgust",
                        "fear",
                        "pain"
                  ],
                  "excerpt": "Joinville raconte que , lorsque saint Louis chargeait sur ses épaules les cadavres des pestifiérés pour les porter au lieu de sépulture , il était escorté de l ’ archevêque deTyret de l ’ évêque de Damiette , qui , assistés de leur clergé , récitaient les prières des défunts .Prêtres et soldat , épouvantés par la crainte de la contagion et suffoqués par la puanteur des cadavres , tenaient des mouchoirs tamponnés sur leur visage : « Mais oncques ne fut vu le bon roy Louis estomper son nez , tant le fai - soit fermement et dévotement .» Dom Bosco agissait ainsi ; il soignait les cholériques de Turin sans crainte ni dégoût .",
                  "id": "16",
                  "title": "Don Bosco à Paris: sa vie et ses oeuvres"
            },
            {
                  "doc_url": "https://gallica.bnf.fr/ark:/12148/bpt6k1422694f",
                  "emotions": [
                        "fear",
                        "greed",
                        "nervousness"
                  ],
                  "excerpt": "Je lui fis raconter ce qui s ’ était passé dans la cité , depuis quinze ou vingt jours que je l ’ avais quittée , mais bref et clair , sans bavarder : car l ’ histoire d ’ hier est de l ’ histoire ancienne ; et l ’ essentiel est de savoir où nous en sommes .J ’ appris que sur Clamecy régnaient la peste et la peur , la peur plus que la peste : car celle - ci déjà semblait chercher , fortune ailleurs , laissant la place aux malandrins qui , de tous les côtés , attirés par l ’ odeur , venaient lui arracher des doigts sa proie .Ils étaient maîtres du terrain .",
                  "id": "17",
                  "title": "Colas Breugnon (50e éd.) / Romain Rolland"
            },
            {
                  "doc_url": "https://gallica.bnf.fr/ark:/12148/bpt6k1410705w",
                  "emotions": [
                        "fear"
                  ],
                  "excerpt": "Il avait vu de près tous les monstres marins .Hôtes des froides latitudes ; Les grands oiseaux de mer , éternels pèlerins Des éternelles solitudes ; Il disait tous leurs noms : le pingouin , l ’ albatros Dont l ’ odeur de varech suffoque ; Le cachalot qui plonge , un harpon dans les os .Le squale , le morse , le phoque ! 11 avait épié dans les lointains profonds Le vol des flottes ennemies ; 11 avait disputé sa frégate aux typhons , Aux rescifs , aux épidémies .",
                  "id": "18",
                  "title": "Volume 1 [-9]. [Avec une notice sur l'auteur signée : Ortolan.] / Charles Poncy"
            },
            {
                  "doc_url": "https://gallica.bnf.fr/ark:/12148/bpt6k1410705w",
                  "emotions": [
                        "disgust",
                        "fear"
                  ],
                  "excerpt": "C ’ était l ' a le Forum , l ’ Agora des ancêtres .Coupé d ’ impurs ruisseaux , large au plus de deux mètres , Noir cloaque , terreur de l ’ odorat , égoût Dont chacun maintenant s ’ éloigne avec dégoût .II Cependant le Destin m ’ ouvre une ère nouvelle .",
                  "id": "19",
                  "title": "Volume 1 [-9]. [Avec une notice sur l'auteur signée : Ortolan.] / Charles Poncy"
            },
            {
                  "doc_url": "https://gallica.bnf.fr/ark:/12148/bpt6k5510898z",
                  "emotions": [
                        "grief",
                        "fear",
                        "love",
                        "nostalgia",
                        "envy",
                        "nervousness"
                  ],
                  "excerpt": "Je voyais leurs lueurs de claires lucioles S ' éveiller , par instant , dans le soir imprécis Et mes paupières tressaillaient comme des folles .Quand sa main sur mon bras un peu s ' abandonnait , Peut - être que son coeur comme le mien tremblait Et peut - être avons - nous pens » les mêmes choses ! Je ne le saurai pas , je ne la verrai plus ; Mais quand je rêverai de bonheurs inconnus Il naîtra dans mon coeur comme un parfum de roses .S .",
                  "id": "20",
                  "title": "Le Caveau"
            }
      ]
}