{
      "articles": [
            {
                  "doc_url": "https://gallica.bnf.fr/ark:/12148/bpt6k9770209v",
                  "emotions": [
                        "fear"
                  ],
                  "excerpt": "A peine si elle se risquait à jeter un coup d ' oeil vers la galerie ; supérieure , d ' où elle craignait toujours la chute de quelque chose ou de quelqu ' un , tant les querelles y menaient de bruit , dégénérant souvent en batailles effrayantes .Auprès de ces sauvageries , les fureurs du mélodrame ne lui paraissaient pas si invraisemblables , les traîtres les plus traitres embusqués derrière les décors ne se révélaient pas à elle aussi féroces et dangereux que certains individus dont le frôlement lui faisait peur , qui exhalaient une odeur de vin et d ' absinthe , la colère de l ' alcool et du meurtre .Elle ne se sentait rassurée que lorsqu ' elle était bien assise entre sa mère et Céline , son père tout proche , et que le rideau se levait dans le silence attentif de la salle où résonnait seulement le trémolo prometteur d ' émotions , aiguisé et tremblé par les violons de l ' orchestre .",
                  "id": "1",
                  "title": "L'apprentie / Gustave Geffroy ; illustrations de Lobel-Riche"
            },
            {
                  "doc_url": "https://gallica.bnf.fr/ark:/12148/bpt6k5407931s",
                  "emotions": [
                        "fear",
                        "nervousness",
                        "pain"
                  ],
                  "excerpt": "tobre i8p3 , il fut attaqué quatre fois de la colique métallique , qui , à chaque fois , fuit accompagnée de vomissemens de matières jaunes et \" .' ■ • \" ~ \" ë - _ C « â > fétides , de convulsions affreuses et répétées , de douleurs vives à ï ' épigastre .La dernière colique , qui eut lieu trois ; ans auparavant celle - ci , dura trois mois , mais céda , comme les autres , au traitement de là Charité .",
                  "id": "2",
                  "title": "Traité de la colique métallique, vulgairement appelée colique des peintres, des plombiers, de Poitou, etc. ; avec une description de la colique végétale, et un mémoire sur le tremblement des doreurs sur métaux, par F.-V. Mérat,... 2e édition"
            },
            {
                  "doc_url": "https://gallica.bnf.fr/ark:/12148/bpt6k6377951f",
                  "emotions": [
                        "fear",
                        "courage"
                  ],
                  "excerpt": "Idem .Térébenthine ( Travail en grand pour l ' ex - Odeur insalubre et danger du feu .L 9 février l85 , traction de la ) , Voir Coudrons , nDiK3 siGHATTiIn0iS r CLASSES DATES DisiGJtATMtf NtDICMMN SOMMAIRE dans des décret des ateliers et établissements et insalubres , de lesquelles ordonnances ou incommodes , ou dangereux .",
                  "id": "3",
                  "title": "Recueil méthodique et chronologique des lois, décrets, ordonnances, arrêtés, circulaires, etc., concernant le service des ingénieurs au corps impérial des mines. Tome 1 / dressé par M. Lamé Fleury,..."
            },
            {
                  "doc_url": "https://gallica.bnf.fr/ark:/12148/bpt6k54241307",
                  "emotions": [
                        "disgust",
                        "fear",
                        "nervousness"
                  ],
                  "excerpt": "Tous ces symptômes allaient et toujours en augmentant jusqu ' au douze , et alors la noirceur ce de la langue se communiquait à presque toutes les dents et ce aux lèvres , sur lesquelles il s ' élevait des pustules gangreee neuses .Les malades exhalaient une odeur cadavéreuse ; 1 es mouvements convulsifs et les tremblements devenaient - 21 - et presque continuels .La prostration des forces était très « grande , et on observait des faiblesses et des syncopes assez « fréquentes .",
                  "id": "4",
                  "title": "La pathologie des races humaines et le problème de la colonisation : étude anthropologique et économique faite à la Guyane française / par J. Orgeas,..."
            },
            {
                  "doc_url": "https://gallica.bnf.fr/ark:/12148/bpt6k6438470h",
                  "emotions": [
                        "surprise",
                        "disgust",
                        "fear"
                  ],
                  "excerpt": "- Quelques opiumanes .La portière levée , c ' était , cette fois , m ' arrivant en plein visage , l ' odeur indéfinissable , l ' odeur de Chine et de mort de l ' opium .Oh , cette odeur ! - A la fois amère et chaude , elle m ' é - tonnait par la sensation qu ' elle me pro - curait tout de suite de quelque chose d ' irrespiré jusque - là .",
                  "id": "5",
                  "title": "L'Opium à Paris / Delphi Fabrice"
            },
            {
                  "doc_url": "https://gallica.bnf.fr/ark:/12148/bpt6k5712114z",
                  "emotions": [
                        "fear"
                  ],
                  "excerpt": "C ' est donc en vue de ce double résultat que doivent être prises les précautions d ' assainissement appliquées à la demeure de l ' homme , et ce n ' est qu ' ensuite , en seconde ligne , qu ' on doit rechercher les moyens de se garantir des intempéries atmosphériques .Partout où Pair est enfermé dans des demeures basses , étroites , sans lumière ; partout où il y a encombrement d ' hommes ou d ' animaux ; partout où l ' humidité règne , où s ' exhalent des émanations délétères , il y a péril , et grand péril .C ' est là surtout que le choléra frappe sans pitié .",
                  "id": "6",
                  "title": "Instruction populaire contre le choléra-morbus... par Od. Chevillion,..."
            },
            {
                  "doc_url": "https://gallica.bnf.fr/ark:/12148/bpt6k9770209v",
                  "emotions": [
                        "disgust",
                        "fear",
                        "nervousness"
                  ],
                  "excerpt": "Une LA MÈRE CONDUISIT SES DEUX FI LUES EN FACE - DU MUR - 1 OÙ SE TROUVAIENT LES TRACES DE LA FUSILLADE .affreuse odeur de poudre flolte dans l ' air .Les sépultures sont saccagées .",
                  "id": "7",
                  "title": "L'apprentie / Gustave Geffroy ; illustrations de Lobel-Riche"
            },
            {
                  "doc_url": "https://gallica.bnf.fr/ark:/12148/bpt6k66256t",
                  "emotions": [
                        "admiration",
                        "trust",
                        "joy",
                        "fear",
                        "excitement",
                        "pride",
                        "doubt",
                        "nervousness",
                        "approval",
                        "faith"
                  ],
                  "excerpt": [
                        "Tandis qu ' ils dégustaient des glaces à la vanille – couleur du drapeau royal - Sainte - Hermine se pencha vers eux , leur fit signe de se rapprocher et leur dit tout bas Chàteau - Ponsac avait un projet .oh ! admirable ! il me l ' a confié ; étourdissant , parfumé ! Il tira de son gilet trois grosses montres qu ' il regarda tour a tour , et répéta Il se fait attendre .Puis , examinant les heures que marquaient les trois cadrans – Trois heures etdemie , dit - il .",
                        "A votre service , messieurs , dit - il en se retournant vers ses amis .Élodie , toute troublée , tendait à Sainte - Hermine , son flacon d ' odeur .Le père Gracchus remit froidement sa carmagnole et , au moment de se retirer , il se vit entouré d ' un véritable cercle de jeunes gens dont l ' attitude était menaçante ."
                  ],
                  "id": "8",
                  "title": "Les Muscadins / Jules Claretie"
            },
            {
                  "doc_url": "https://gallica.bnf.fr/ark:/12148/bpt6k9604324z",
                  "emotions": [
                        "fear"
                  ],
                  "excerpt": "L ' Ours blanc du Nord s ' annonce sur les neiges par des gémissements sourds , parla noirceur de son museau et de ses griffes , et par une gueule et des yeux couleur de sang .Les bêtes féroces qui cherchent leur proie au milieu des ténèbres , ou dans l ' obscurité des forêts , préviennent de leur approche par des rugissements et des cris lamentables , des yeux enflammés , des odeurs urineuses ou fétides .Le .",
                  "id": "9",
                  "title": "Études et harmonies de la nature / par Bernardin de Saint-Pierre ; mises en ordre et annotées par M. l'abbé Dauphin,..."
            },
            {
                  "doc_url": "https://gallica.bnf.fr/ark:/12148/bpt6k96018025",
                  "emotions": [
                        "fear"
                  ],
                  "excerpt": "Le coas , lorsqu ' il est alarmé ou irrité , exhale l ' odeur la plus détestable qui existe ; cette odeur est son principal moypn de défense } quand on le poursuit , il fait tout ce qu ' il peut pour échappera mais s ' il se trouve serré dé trop près , il décharge son urine sur les chasseurs ; elle est d \\ me nature si violente , qu ' elle cause la cécité de tous ceux qui la reçoivent dans les yeux } et si elle tombe sur les habits , il est de toute impossibilité qu ' ils puissent être portés de nouveau ; les chiens euxmêmes perdent de leur ardeur , lorsque cette étrange batterie est dirigée contre eux } ils tournent le dos à l ' animal , le laissent maître du terrain , et il n ' est pas d ' excitations qui puissent les ramener à la charge .« En 1749 , dit le professeur Kalm , il vint un » de ces animaux près de la ferme où je logeais ^ » c ' était en hiver et pendant la nuit , les chiens > étaient éveillés et le poursuivirent ; dans le mo » ment , il se répandit une odeur si fétide , qu ' étant > dans mon lit , je pensai être suffoqué ; les vaches » beuglaient de toutes leurs forces ..",
                  "id": "10",
                  "title": "Le cabinet du jeune naturaliste, ou Tableaux intéressans de l'histoire des animaux. Tome 2 / ... traduit de l'anglais de M. Thomas Smith. Quatrième édition revue, corrigée et augmentée par A. Antoine,..."
            },
            {
                  "doc_url": "https://gallica.bnf.fr/ark:/12148/bpt6k97629531",
                  "emotions": [
                        "fear"
                  ],
                  "excerpt": "La cruauté fut encore poussée plus loin en Perse , en Turquie et dans la Russie , où l ' on vit Amurat IV et le grand duc de Moscovie en défendre l ' usage sous peine de la perte du nez , ou même de la vie ; cependant , ni le ridicule ni les menaces n ' arrêtèrent la propagation du Tabac , que la violence de ses détracteurs fit peut - être désirer davantage .Le Tabac est un poison narcotico - âcre extrêmement énergique .Son analyse a été faite par M .",
                  "id": "11",
                  "title": "Histoire naturelle et médicale de la famille des solanées , par A.-F. Pouchet,..."
            },
            {
                  "doc_url": "https://gallica.bnf.fr/ark:/12148/bpt6k933595x",
                  "emotions": [
                        "fear",
                        "nostalgia",
                        "excitement"
                  ],
                  "excerpt": ".D ’ abord nous traversâmes des choses connues , des colzas éblouissants et embaumés où des milliers de petits pucerons noirs se gorgeaient ; des blés en herbe d ’ où filaient des alouettes qui montaient , planaient , battant de l ’ aile et saluant notre départ par des chansons de plus en plus sonores .Je retrouvais les mêmes boutons d ’ or , les mêmes pissenlits , les mêmes papillons , les mêmes brillants scarabées qui se dandinent sur le chemin et qui puent .",
                  "id": "12",
                  "title": "La vie d'un artiste : art et nature / Jules Breton"
            },
            {
                  "doc_url": "https://gallica.bnf.fr/ark:/12148/bpt6k9818824p",
                  "emotions": [
                        "fear"
                  ],
                  "excerpt": "11 .MOYEN TIRÉ DE L ' ODEUR DES TERRES .L ' odeur de la terre peut être comprise de deux manières : comme émanant de la terre elle - même ; comme émanant des plantes qu ' elle produit spontanément .",
                  "id": "13",
                  "title": "Étude des terres arables avec des exemples principalement empruntés au département de la Gironde / M. Aug. Petit-Lafitte ; Département de la Gironde"
            },
            {
                  "doc_url": "https://gallica.bnf.fr/ark:/12148/bpt6k5846931j",
                  "emotions": [
                        "fear",
                        "love",
                        "optimism",
                        "nostalgia",
                        "excitement",
                        "nervousness"
                  ],
                  "excerpt": "Non , non , plus de parfums dans ton urne fêlée ! Il a brillé soudain au fond de ta vallée Ce regard que l ' on dit celui de l ' Ange aux cieux , Et ton ame attentive évoquait l ' espérance ; 1 60 POURQUOI TOUJOURS PLEURER ? Elle disait : Amour , foi , repos , innocence , Et tout resta silencieux ! Eh bien ! j ' aime pourtant ta rude destinée ! Pardonne : mais souvent une rose fanée Me sourit , me plaît mieux que fraîche à son rameau ; De ce qui charme ici toujours je me défie , Et je crains le bonheur comme une perfidie Qui se voile sur un tombeau .Je crains les jours de joie et les longues ivresses ; Je crains les doux souris et les molles caresses , Tout ce parfum d ' amour qui s ' exhale en passant ..",
                  "id": "14",
                  "title": "Exil et patrie (2e édition) / par Achille Du Clésieux"
            },
            {
                  "doc_url": "https://gallica.bnf.fr/ark:/12148/bpt6k5846931j",
                  "emotions": [
                        "sadness",
                        "fear"
                  ],
                  "excerpt": "252 IL EST DE LONGS SOUPIRS .Il est de molles voix qui s ' éveillent dans Pâme , Quand vient le soir , Comme un souffle embaumé , comme la douce flamme D ' un encensoir .Il est des souvenirs , des heures effacées Pleines d ' amour , Brises d ' un autre ciel , bienfaisantes rosées Après le jour .",
                  "id": "15",
                  "title": "Exil et patrie (2e édition) / par Achille Du Clésieux"
            },
            {
                  "doc_url": "https://gallica.bnf.fr/ark:/12148/bpt6k5551057p",
                  "emotions": [
                        "fear",
                        "doubt",
                        "nervousness"
                  ],
                  "excerpt": "SALOMITB .Que de craintes , mes soeurs , que de troubles mortels ! Dieu lout - puissant , sont - ce là les prémices , Les parfums et les sacrifices Qu ' on devoit en ce jour offrir sur tes autels ? Une des filles du choeur .Quel spectacle à nos yeux timides ! Qui l ' eût cru qu ' on dût voir jamais Les glaives meurtriers , les lances homicides Briller dans la maison de paix ? .",
                  "id": "16",
                  "title": "Théâtre classique : ouvrage adopté par le conseil royal d'instruction publique"
            },
            {
                  "doc_url": "https://gallica.bnf.fr/ark:/12148/bpt6k9602438q",
                  "emotions": [
                        "fear",
                        "boredom"
                  ],
                  "excerpt": "fIG & .Apoflres odeur de vie aux uns , & de mort aux , 1I ; 1fIres .Falsisicateurs de la parole de Dieu - Vra , ; ! Prédicateurs .",
                  "id": "17",
                  "title": "Abbregé de la morale des Actes des apostres, des Epistres de S. Paul, des Epistres canoniques, et de l'Apocalypse, ou Pensées chrestiennes sur le texte de ces livres sacrez. Edition 2,Tome 2 / , pour en rendre la lecture & la meditation plus facile à ceux qui commencent à s'y appliquer. Seconde edition reveuë & corrigée de nouveau par l'auteur. Tome second [-troisième]"
            },
            {
                  "doc_url": "https://gallica.bnf.fr/ark:/12148/bpt6k5463071m",
                  "emotions": [
                        "fear"
                  ],
                  "excerpt": "Danger des mouches : 105 , 100 , 107 , 108 , 201 , 202 .02 CHAMOISERIES Odeur , danger des ^ « n ..",
                  "id": "18",
                  "title": "Traité général sur l'application de la nouvelle législation des établissements classés : établissements dangereux, insalubres ou incommodes, réglementation, conditions d'autorisation, commentaires des articles de la loi, jurisprudence / par MM. Léopold Magistry, A. Magistry ; préface de M. Lindet"
            },
            {
                  "doc_url": "https://gallica.bnf.fr/ark:/12148/bpt6k5463071m",
                  "emotions": [
                        "fear"
                  ],
                  "excerpt": "2 3 ° Fonderies do graisses ct de suifs en branches dans tous les autres cas .Odour , danger des Odeur : 1 , 2 , 3 , 4 , 6 , 6 , 7 .13 , 14 , Sen ^ 881 , 1 3 16 , 17 , 20 , 21 , 22 , 23 , 25 , 20 , d inccndie l 6 20 , 36 , 37 , 38 , 30 , 47 bis .",
                  "id": "19",
                  "title": "Traité général sur l'application de la nouvelle législation des établissements classés : établissements dangereux, insalubres ou incommodes, réglementation, conditions d'autorisation, commentaires des articles de la loi, jurisprudence / par MM. Léopold Magistry, A. Magistry ; préface de M. Lindet"
            },
            {
                  "doc_url": "https://gallica.bnf.fr/ark:/12148/bpt6k5463071m",
                  "emotions": [
                        "fear"
                  ],
                  "excerpt": "2 .000 habitants Odeur , danger des j mouches , altéra \\ altéra \\ des eaux ..",
                  "id": "20",
                  "title": "Traité général sur l'application de la nouvelle législation des établissements classés : établissements dangereux, insalubres ou incommodes, réglementation, conditions d'autorisation, commentaires des articles de la loi, jurisprudence / par MM. Léopold Magistry, A. Magistry ; préface de M. Lindet"
            }
      ]
}