{
      "articles": [
            {
                  "doc_url": "https://gallica.bnf.fr/ark:/12148/bpt6k6460142h",
                  "emotions": [
                        "fear",
                        "doubt",
                        "nervousness"
                  ],
                  "excerpt": "SALOMITU .Que de craintes , mes sœurs , que de troubles mortels ! Dieu tout - puissant , sont - ce là les prémices , Les parfums et les sacrifices Qu ' on devait en ce jour offrir sur tes autels ? UNE DES FILLES DU CHOEUR .Quel spectacle à nos yeux timides ! Qui l ' eût cru , qu ' on dût voir jamais Les glaives meurtriers , les lances homicides Briller dans la maison de paix ? UNE AU IRE .",
                  "id": "1",
                  "title": "Album poétique des jeunes personnes, ou Choix de poésies extrait des meilleurs auteurs français... précédé de réflexions sur les règles de l'art poétique, par Mme A. Tastu..."
            },
            {
                  "doc_url": "https://gallica.bnf.fr/ark:/12148/bpt6k6468603m",
                  "emotions": [
                        "disgust",
                        "fear",
                        "disapproval"
                  ],
                  "excerpt": "Cependant , si quelque chose troublait le bruit de ces dogues , ils pouvaient à volonté rentrer en rampant aux entrailles du monstre , et y faire leur chenil : toutefois , là même encore ils aboyaient et hurlaient sans être vus .Beaucoup moins abhorrés que ceux - ci étaient les chiens qui tourmentaient Scylla , lorsqu ' elle se Daignait dans ta mer par laquelle la Calabre est séparée du rauque rivage de Trinacrie ; un cortége moins laid suit la sorcière de nuit ; appelée en secret , chevauchant dans l ' air , elle vient , alléchée par l ' odeur du sang d ' un enfant , danser avec les sorciers de Laponie , tandis que la lune en travail s ' éclipse à leurs enchantements .L ' autre figure , si l ' on peut appeler figure ce qui n ' avait rien de distinct en membres , jointures , articulations , ou si l ' on peut nommer substance ce qui semblait une ombre ( car chacune semblait l ' une et l ' autre ) ; cette figure était noire comme la nuit , féroce comme dix furies , terrible comme l ' enfer ; elle brandissait un effroyable dard : ce qui paraissait sa tête portait l ' apparence d ' une couronne royale .",
                  "id": "2",
                  "title": "Oeuvres de Chateaubriand. III, Le paradis perdu de Milton / [traduction de Chateaubriand]"
            },
            {
                  "doc_url": "https://gallica.bnf.fr/ark:/12148/bpt6k5701896n",
                  "emotions": [
                        "disgust",
                        "fear",
                        "nostalgia"
                  ],
                  "excerpt": "[ Voir Formulaire que ces mouvements troublent plus ou moins le corps et les sens des personnes prédisposées , Isolées , ces odeurs n ' ont Jamais , nulle part , déterminé l ' apparition d ' un véritable mal de mer tenace et complet , tu Comité de rédaction ) * ( I ) Un de nos correspondants , M , Vallée , commissaire de lr ' classé de la marine , écrit que , bien que faisant d ' ordinaire une gratide consommation .d ' alcool de menthe , Il a cette odeur en horreur , quand il a le mal de mer .Il - 46 — .",
                  "id": "3",
                  "title": "Le mal de mer, comment on s'en préserve, comment on en guérit, comment on le soigne : guide hygiénique complet du voyageur à bord des navires / publié par le Comité de la Ligue contre le mal de mer sous la direction du Dr Madeuf,..."
            },
            {
                  "doc_url": "https://gallica.bnf.fr/ark:/12148/bpt6k5838946b",
                  "emotions": [
                        "fear",
                        "disapproval"
                  ],
                  "excerpt": "Or , qu ' un amant éconduit , un jeune vieillard déplumé , une aïeule revenue depuis longtemps des passions et morigénant son petit - fils , débitent de pareils propos , rien de plus vulgaire ; mais figurez - vous une femme jeune encore , que vous n ' avez jamais vue , paraissant rompue elle , même plus que personne à tous les manèges de son sexer vous foudroyant de temps à autre de ces oeillades que l ' on 60 ADRIEN PAUL .appelait assassines au dix - huitième siècle , vous abritant de son ombrelle , vous grisant de ses parfums , et avouez que la position était bizarre .Daniel tombait des nues et se demandait avec ingénuité si cette amazone se moquait de lui ou parlait sérieusement .",
                  "id": "4",
                  "title": "Les aventures du Chevalier de Floustignac ; À côté du bonheur / Adrien Paul"
            },
            {
                  "doc_url": "https://gallica.bnf.fr/ark:/12148/bpt6k5491945f",
                  "emotions": [
                        "grief",
                        "sadness",
                        "fear",
                        "nostalgia",
                        "despair",
                        "disappointment"
                  ],
                  "excerpt": "» Je vois les cieux ouverts , un trône , une guirlande : » Entonnez l ' hosannah .mes compagnes : je meurs ! » C ' était un jour rempli d ' effluves magnétiques , Un beau jour de septembre , aux voix mélancoliques ! Alors , blanche colombe , au ciel vola Thaïs : L ' ange du repentir et l ' ange de l ' aumône Menèrent par .la main la sainte vers son trône , Et lui mirent au front la couronne de lis ; Tandis que , sur la ' natte en jonc des solitudes , Paphnuce adorait Dieu , bien loin des multitudes .",
                  "id": "5",
                  "title": "Fleurs de charité : pour les pauvres s'il vous plait / par Mme Bernard de B*,..."
            },
            {
                  "doc_url": "https://gallica.bnf.fr/ark:/12148/bpt6k550335",
                  "emotions": [
                        "fear",
                        "courage"
                  ],
                  "excerpt": "» A ! o : s , bien que son noble empire ! i soit cher , Le radieux Brahma se revêtit de chah ' .Civa , repu de sang , cherche la solitude ; Des vampires affreux forment sa cour ; dieu rude , 11 frappe sans merci pour les moindres péchés ; 11 préfère aux parfums la cendre des bûchers ; Ses beaux jardins fleuris , ce sont les cimetières ; 11 prie agenouillé , pendant des nuits entières , Sur les âpres sommets du saint Himalaya ; Car , redoutant toujours les pièges de Mâva , veut ; comme le tigre étendu sur sa proie , Dans t ' amour de son Dieu trouver toute sa joie .Moi , j ' offre chaque jour au Maître du Destin Un millier de lotus frais cueillis du matin .",
                  "id": "6",
                  "title": "Les symboles : poèmes / Maurice Bouchor"
            },
            {
                  "doc_url": "https://gallica.bnf.fr/ark:/12148/bpt6k9658001j",
                  "emotions": [
                        "fear"
                  ],
                  "excerpt": "L ' hiver , un grand feu petille dans la cheminée et les bougies roses qui brûlent dans les flambeaux d ' argent exhalent des parfums voluptueux .L ' été , les fenêtres sont ouvertes , et la chambre se remplit des rayons et des senteurs de l ' aurore .Avant de se mettre au travail , Wagner prend un bain , fait des libations à la déesse de la musique , avec du café noir qu ' on lui apporte dans une coupe d ' or .",
                  "id": "7",
                  "title": "Les Prussiens en Allemagne : suite du \"Voyage au pays des milliards\" / par Victor Tissot"
            },
            {
                  "doc_url": "https://gallica.bnf.fr/ark:/12148/bpt6k5828836b",
                  "emotions": [
                        "fear"
                  ],
                  "excerpt": "Kûnckel dit avoir pu se convaincre qu ' ils constituent un mets très acceptable ; le goût de Crevette que lui attribuent les voyageurs est assez prononcé .D ' autre part , Roulin a vu , en Amérique , les Vaches , les Moutons , les Chèvres , les Porcs et les Poules se repaître de ces Insectes , de sorte que le lait , la viande de Porc et les oeufs avaient un affreux fumet de musc , ou , selon l ' expression des habitants du pays , puaient la Sauterelle [ hedian a langosta ) .■ : ' .",
                  "id": "8",
                  "title": "Traité de zoologie médicale et agricole, par A. Railliet,... 2e édition..."
            },
            {
                  "doc_url": "https://gallica.bnf.fr/ark:/12148/bpt6k98105957",
                  "emotions": [
                        "fear"
                  ],
                  "excerpt": "Pline parle d une autre marque pour découvrir les sources cachées , qu ' il assure avoir éprouvée lui - même - , il dit qu ' il faut observer les endroits où se tiennent les grenouilles ; et , si l ' on en découvre un où elles se tiennent et se tapissent en pressant la terre , on peut être certain d ' y trouver des sources ou au moins des filets d ' eau .Les grenouilles , dit - il , recherchent les vapeurs qui s ' exhalent de ces endroits .Les signes les plus certains qui indiquent les veines d ' eau cachées dans la terre , sont les joncs , les roseaux , le cres - son ; le baume sauvage , l ' argentine , le tussilage ou pas - d ûne , et autres plantes aquatiques qui croissent dans certains endroits , sans que les eaux marécageuses les nourrissent .",
                  "id": "9",
                  "title": "La petite maison rustique, ou Manuel du propriétaire agricole et du fermier ; contenant un cours pratique d'économie rurale et domestique, avec un exposé de tous les travaux d'amélioration à faire dans une ferme... Par R***"
            },
            {
                  "doc_url": "https://gallica.bnf.fr/ark:/12148/bpt6k1027667",
                  "emotions": [
                        "fear",
                        "nervousness"
                  ],
                  "excerpt": "Un mot , une exclamation , un regard suffisent à traduire nos impressions .Il semble que nous ayons peur de perdr e un parfum de la prairie , un écho du torrent .La lune , qui de ses lueurs tremblantes enveloppe amoureusement les tailles de nos amazones , allume parfois des paillettes d ' or à leur chevelur e , et , sur leurs blanches haquenées , les fait ressembler aux châtelaines de quelque contefantastique .",
                  "id": "10",
                  "title": "Vingt journées d'un touriste au pays de Luchon / Stéphen Liégeard"
            },
            {
                  "doc_url": "https://gallica.bnf.fr/ark:/12148/bpt6k1027667",
                  "emotions": [
                        "fear",
                        "courage",
                        "excitement",
                        "relief",
                        "calmness"
                  ],
                  "excerpt": "Je descends .le perron embaumé de la maison Fabre , je contourne l ' hôtel Bonnemaison , je rejoins la rue d7Espagne en me garant , non sans peine , du choc des paniers et des cavalcades qui , matin et croisent à cet étroit carrefour , - et j ' entre dans l ' allée des bains , en face de l ' établissement .G ' est là que se tiennent les mar .",
                  "id": "11",
                  "title": "Vingt journées d'un touriste au pays de Luchon / Stéphen Liégeard"
            },
            {
                  "doc_url": "https://gallica.bnf.fr/ark:/12148/bpt6k5525379q",
                  "emotions": [
                        "grief",
                        "sadness",
                        "fear",
                        "nostalgia"
                  ],
                  "excerpt": ") OPIIÉLIA , passe dans le fond , elle chante .Je suis l ' âme des grands bois , Le souffle léger qui passe , Les inquiétantes voix Qui gémissent dans l ' espace , PEAUX DE LAPINS 341 Je suis les parfums , les voix , Je suis l ' àme des grands bois .Elle passe en dansant devant Bob et Charles , puis disparaît .",
                  "id": "12",
                  "title": "Pantomines modernes / Charles Aubert ; illustrations de P. Kauffmann"
            },
            {
                  "doc_url": "https://gallica.bnf.fr/ark:/12148/bpt6k6505855p",
                  "emotions": [
                        "fear",
                        "nostalgia"
                  ],
                  "excerpt": "Au moment de me quitter , Alexandre me dit : — Plusieurs mois , ma Nancy , s ' écouleront sans doute avant que je puisse te revoir ; mon patron est un homme sévère qui ne me permet - trapas de fréquentes absences , mais je t ' écrirai souvent .- Oh ! laisse - moi partir avec toi , m ' écriai - je , la peine que j ' ai d ' être loin de toi , est mille fois plus nuisible à ma santé que ne le seraient les exhalaisons des marais du monde entier .Il sourit de ma véhémence .",
                  "id": "13",
                  "title": "Miss Adda / par Marie-Pierre"
            },
            {
                  "doc_url": "https://gallica.bnf.fr/ark:/12148/bd6t5371719g",
                  "emotions": [
                        "disgust",
                        "fear"
                  ],
                  "excerpt": "Tous ces braves gens nous regardaient avec une curiosité qui n ’ avait rien d ’ hostile , et assurément beaucoup moins indiscrète que celle que provoquerait à Paris un Chinois se promenant sur les boulevards .Mais les femmes et les enfants s ’ enfuyaient avec une frayeur risible , et nous avons su depuis que les cris qu ’ ils proféraient à notre passage signifiaient quelque chose comme : Voilà les démons ! Tout d ’ un coup , nous fûmes assez désagréablement affectés par une odeur que l ’ on rencontre à chaque pas en Chine , celle du cadavre .Il y en avait un , en effet , au milieu du chemin , dans un état très - avancé — 28 — de putréfaction .",
                  "id": "14",
                  "title": "Huit jours à Pékin en 1865 / par Olivier de Beaumont"
            },
            {
                  "doc_url": "https://gallica.bnf.fr/ark:/12148/bpt6k6351422k",
                  "emotions": [
                        "fear"
                  ],
                  "excerpt": "1 Comme un hymne de foi qui monte radieux , Notre - Dame s ' élève , et porte dans les deux L ' essor de ses voûtes sublimes ; Et l ' esprit est saisi devant tant de grandeur .- De la mystérieuse et puissante terreur Qui plane au - dessus des abîmes ! Quand , l ' autel étoilé de feux éblouissants , Elle exhale vers Dieu , dans un parfum d ' encens , Ses chœurs d ' enfants aux voix suaves , Quand le matin vermeil éclaire ses arceaux Et semble , en s ' irisant aux couleurs des vitraux , Faire sourire les saints graves ; Aux premières splendeurs du printemps , on dirait Une majestueuse et profonde forêt Que l ' aurore naissante éveille .Mais l ' oeil , de nef en nef errant , demande en vain Quel génie étonnant - et presque surhumain Pût rêver une œuvre pareille ! II La Vénus de Milo sourit dans sa beauté A l ' artiste en extase à ses pieds arrêté Qui la contemple et la salue , Et qui devant ce torse aux membres mutilés Interroge en pleurant les siècles écoulés Sur son origine inconnue ! III Vendu par Ganelon , surpris par les païens , Roland à Roncevaux , près des barons chrétiens , Est mort sans rendre son épée ; Et pour qu ' un tel malheur et qu ' un pareil forfait Devinssent immortels , un vieux barde en a fait Une incomparable épopée ! Un peuple entier combat et chante dans ses vers , Et parfois on entend sangloter au travers L ' âme de la France meurtrie ; Et jamais , sous le ciel , on n ' a si loin porté Honneur et Foi , jamais on n ' a tant exalté Le culte saint de la Patrie .",
                  "id": "15",
                  "title": "Les pervenches (Édition elzévirienne) / Georges Gourdon"
            },
            {
                  "doc_url": "https://gallica.bnf.fr/ark:/12148/bpt6k979409n",
                  "emotions": [
                        "disgust",
                        "fear"
                  ],
                  "excerpt": ".Et , brochant sur le tout , une odeur âcre , fétide qui arrive par bouffées et vous étreint à la gorge au point de soulever le cœur aux moins délicats .Avouez , messeigneurs , que vous avez une singulière façon de traiter votre monde .",
                  "id": "16",
                  "title": "Le Guignol de Lyon illustré : républicain, hebdomadaire..."
            },
            {
                  "doc_url": "https://gallica.bnf.fr/ark:/12148/bpt6k57147226",
                  "emotions": [
                        "surprise",
                        "fear",
                        "nostalgia",
                        "doubt",
                        "curiosity"
                  ],
                  "excerpt": "et je tremble en voyant ce château .Quelle est donc cette tour où la vigne serpente , Où verdit le lierre , où le merle charmeur Niche en paix dans le creux de la haie odorante , Où le monde est si large et si vaste le coeur ? O mon songe d ' enfance , ô château de ma mère , Est - ce toi ? Connais - tu ton enfant sérieux ? Tout un monde oublié se dévoile à mes yeux ..",
                  "id": "17",
                  "title": "Les chants de la montagne / Édouard Schuré"
            },
            {
                  "doc_url": "https://gallica.bnf.fr/ark:/12148/bpt6k6441975d",
                  "emotions": [
                        "grief",
                        "disgust",
                        "fear",
                        "pain"
                  ],
                  "excerpt": "Il faudrait relever les chasseurs , et cependant on leur demande de rester , et il faudra rester encore plus d ' une grande semaine ! La chaleur est accablante , un temps orageux et lourd pèse sur nous , la pluie vient encore ajouter à notre misère , la pluie serrée des Vosges inonde alors nos misérables boyaux , la boue couvre nos vareuses , nous avons pris la couleur de la terre rouge d ' Alsace .Sur le champ de bataille flotte l ' odeur atroce des cadavres qui fait serrer les dents et contracter les estomacs .Le 4 août , de 2 à 8 heures du soir , pendant six heures , un bombardement d ' une violence inouïe saisit nos positions , bouleverse nos travaux , coupe nos lignes téléphoniques ; allons - nous avoir une attaque ? .",
                  "id": "18",
                  "title": "Historique du 12e bataillon de chasseurs alpins depuis sa création, en 1853, jusqu'à 1920"
            },
            {
                  "doc_url": "https://gallica.bnf.fr/ark:/12148/bpt6k6441975d",
                  "emotions": [
                        "fear"
                  ],
                  "excerpt": "Le 12e , relevé , vient au point du jour se placer en réserve dans le bois de Grisolles .Triste et dangereux bois , imprégné partout de l ' odeur des gaz .La journée du 25 est calme .",
                  "id": "19",
                  "title": "Historique du 12e bataillon de chasseurs alpins depuis sa création, en 1853, jusqu'à 1920"
            },
            {
                  "doc_url": "https://gallica.bnf.fr/ark:/12148/bpt6k56964910",
                  "emotions": [
                        "disgust",
                        "anger",
                        "fear",
                        "pain"
                  ],
                  "excerpt": "Le 10 mai 1724 , 1a femme du nommé Joli , menuisier à Nancy , âgé de 42 ans , me fit avertir de la guérir d ' une affection scorbutique dont elle était souf - * frante depuis long - temps .Elle avait de violentesdou - » leurs par tout le corps ; sesgeucives étaientnoirâtres , ulcérées ; il s ' exhalait de sa bouche une odeur des plus .( ' 10 ) désagréables ; ses dents se détachaient d ' elles - mêmes * ans être gâtées , et l ' on voyait sur sa peau des taches jaunâtres et livides qui marquaient , une grande corruption et une grande acrimonie dans le sang .",
                  "id": "20",
                  "title": "Remèdes éprouvés avec succès contre la teigne, le scorbut, les vers... avec un moyen pour purifier la masse du sang et pour se purger très bien... Second opuscule concernant le genre humain et la médecine, par J.-P. Buc'hoz,..."
            }
      ]
}