{
      "articles": [
            {
                  "doc_url": "https://gallica.bnf.fr/ark:/12148/bpt6k5732485m",
                  "emotions": [
                        "disgust",
                        "fear"
                  ],
                  "excerpt": "Il peut avoir quelques hémoptysies .Bientôt l ' haleine devient excessivement fétide et très écoeurante .Les crachats très abondants renferment des boutons de Dittrich .",
                  "id": "1",
                  "title": "Traité de clinique thérapeutique chirurgicale : indications pratiques en pathologie externe / par Louis Billon,..."
            },
            {
                  "doc_url": "https://gallica.bnf.fr/ark:/12148/bpt6k5817565f",
                  "emotions": [
                        "disgust",
                        "fear",
                        "nervousness"
                  ],
                  "excerpt": "Je me suis penchée sur le bord .C ' est du seuil que j ' ai respiré avec effroi les forts parfums de ce monde enchanté et terrible .— Ainsi vous ne pénétrâtes pas dans l ' intérieur de l ' Inde ? — Non .",
                  "id": "2",
                  "title": "La Famille, par J.-M. Dargaud"
            },
            {
                  "doc_url": "https://gallica.bnf.fr/ark:/12148/bpt6k3056280j",
                  "emotions": [
                        "fear"
                  ],
                  "excerpt": "Danger causé par le duvet de laine en suspension dan l ’ air , odeur d ’ huile rance et de vapeurs sulfureuses quand les soufroirs sont mal construits .Mauvaise odeur et danger du feu .Fumée et danger du feu .",
                  "id": "3",
                  "title": "Pandectes pharmaceutiques, ou Recueil de tous les statuts, édits, lettres-patentes, déclarations, arrêtés... concernant les pharmaciens civils et militaires, histoire des collèges et des écoles de pharmacie de France, de 1312 à 1837 / par M. Adolphe Laugier,... et M. Victor Duruy,..."
            },
            {
                  "doc_url": "https://gallica.bnf.fr/ark:/12148/bpt6k282074s",
                  "emotions": [
                        "fear",
                        "doubt"
                  ],
                  "excerpt": "Mais vous , qui , jeune et valide , antine point offenser les sens , et sa tenue ne devra cipez cette mollesse , que pourrez - vous y ajoufaire pitié par un excès ni par l ' autre .En ré - ter , quand viendront vous surprendre ou la partissant à chaque esclave son emploi , il n ' aura vieillesse ou la maladie ? pas la sévérité impitoyable du vieil Albatius , Nos aïeux vantaient le sanglier rance , non ni le laisser - aller de Naevius , qui donne à laver pas qu ' ils manquassent d ' odorat , mais j ' imaGalloni prœconis erat aeipenaere mensa Convivis prabehit aquain vitium hoc quoque mogimm .Infamis .",
                  "id": "4",
                  "title": "Oeuvres complètes d'Horace, de Juvénal, de Perse, de Sulpicia, de Turnus, de Catulle, de Properce, de Gallus et Maximien, de Tibulle, de Phèdre et de Syrus : avec la traduction en français / publiées sous la direction de M. Nisard,..."
            },
            {
                  "doc_url": "https://gallica.bnf.fr/ark:/12148/bpt6k282074s",
                  "emotions": [
                        "fear",
                        "optimism",
                        "courage",
                        "gratitude",
                        "faith"
                  ],
                  "excerpt": "tes longues campagnes n ' épargne pas le vin C ' est pour toi que toute la jeunesse grandit , qui t ' est destiné , bois à pleine coupe l ' oubli du c ' est pour te donner de nouveaux esclaves ; et mallieur .Que ces larges coquilles te versent les premiers , en dépit de mille menaces , ne lcurs parfums ; que l ' on se hâte de nous tres - peuvent fuir le palais de leur perfide souveser l ' ache humide et le myrte ; que Vénus de - raine .C ' est toi que redoutent pour un fils et la signe le roi du festin ! Je veux fêter Bacchus mère et le vieillard économe .",
                  "id": "5",
                  "title": "Oeuvres complètes d'Horace, de Juvénal, de Perse, de Sulpicia, de Turnus, de Catulle, de Properce, de Gallus et Maximien, de Tibulle, de Phèdre et de Syrus : avec la traduction en français / publiées sous la direction de M. Nisard,..."
            },
            {
                  "doc_url": "https://gallica.bnf.fr/ark:/12148/bpt6k35122c",
                  "emotions": [
                        "fear"
                  ],
                  "excerpt": "Ces marques qu ' eux seuls peuvent connaître leur servent à revenir par le même chemin et les empêchent de s ' égarer .Ils ont aussi 1 \" odorat très - substil pour suivre à la trace ceux qui viennent de passer par un chemin ils reconnaissent si c ' est un Blanc uu Noir ou un Indien .Leur manière d ' accommoder les viandes est aussi simple que saine .",
                  "id": "6",
                  "title": "Voyage a la Guiane et a Cayenne, fait en 1789 et années suivantes ... par L..... M.... B.... , armateur..."
            },
            {
                  "doc_url": "https://gallica.bnf.fr/ark:/12148/bpt6k5815186m",
                  "emotions": [
                        "surprise",
                        "fear"
                  ],
                  "excerpt": "Un instant après un second coup de tonnerre , ôc mon chien se mit à tressaillir ôc à heurler .Enfin lin troisième éclair suivi d ' un troisième ' còup succéda presque aussitôt t ôc j ' entendis crier sous le gaillard que quelque vaisseau se trouvoit en danger ; en effet ce bruit fut semblable à un coup de canon tiré près de nous , il ne roula point » Comme je sentois une forte odeur de souffre , je montai fur le pont où j ' éprouvai d ' abord un froid très - vif .II y regnoit un grand silence , Ôc la nuit étoit si obscure que je ne pus rien distinguer .",
                  "id": "7",
                  "title": "Voyage à l'Isle de France, à l'Isle de Bourbon, au Cap de Bonne-Espérance, etc. avec des observations nouvelles sur la nature et sur les hommes. Tome 1 / , par un officier du Roi"
            },
            {
                  "doc_url": "https://gallica.bnf.fr/ark:/12148/bpt6k5815186m",
                  "emotions": [
                        "fear",
                        "pain"
                  ],
                  "excerpt": "Je ne sçaurois vous dépeindre le triste état dans lequel nous sommes arrivés .Figurez - vous ce grand mât foudroyé , ce vaisseau avec son pavillon en berne tirant du canon toute les minutes , quelques matelots semblables à des spectres astis fur le pont , nos écoutilles ouvertes d ' oîi s ' exhaloit une vapeur infecte , les entreponts pleins de mourants , les gaillards couverts de malades qu ' on expofoit au soleil , ôc qui mouroient en nous parlant .Je n ' oublierai jamais un jeune homme de dix - huit ans à qui j ' avois promis la veille un peu de limonade .",
                  "id": "8",
                  "title": "Voyage à l'Isle de France, à l'Isle de Bourbon, au Cap de Bonne-Espérance, etc. avec des observations nouvelles sur la nature et sur les hommes. Tome 1 / , par un officier du Roi"
            },
            {
                  "doc_url": "https://gallica.bnf.fr/ark:/12148/bpt6k5818508q",
                  "emotions": [
                        "fear"
                  ],
                  "excerpt": "Aussi la frayeur augmente - t - eiíe .f effet de ía contagioiij comme ìa disposition putride De la Peste .2 $ putride des humeurs le favorise .",
                  "id": "9",
                  "title": "Manière de connaître et de traiter les principales maladies aiguës qui attaquent le peuple / par M. Richard, baron d'Uberhern,..."
            },
            {
                  "doc_url": "https://gallica.bnf.fr/ark:/12148/bpt6k856171k",
                  "emotions": [
                        "disgust",
                        "fear",
                        "pain",
                        "embarrassment"
                  ],
                  "excerpt": "Je sens quelque chose de lourd peser sur moi , un souffle chaud haleter au - dessus de mon visage , — et qu ’ il me prend la tête dans sa gueule .Mon nez est déjà dans sa bouche , et je respire l ’ odeur chaude de son sang .11 me serre les épaules entre ses pattes : impossible de bouger .",
                  "id": "10",
                  "title": "L'âme russe : contes choisis de Pouchkine, Gogol, Tourguénev, Dostoïevsky, Garchine, Léon Tolstoï (2e éd.) / traduction de Léon Golschmann et Ernest Jaubert..."
            },
            {
                  "doc_url": "https://gallica.bnf.fr/ark:/12148/bpt6k5445650k",
                  "emotions": [
                        "fear",
                        "optimism",
                        "desire",
                        "nervousness",
                        "embarrassment"
                  ],
                  "excerpt": "Je veux que sur mes os la terre soit fleurie De roses , que jamais on ne laisse mourir , Pour qu ' un parfum de moi , pendant que ton coeur prie , Vienne te réjouir .Tu jetteras alors sur la fleur enchantée Un de ces bleus regards qui me font tressaillir ; Mon espoir c ' est qu ' enfin , par cette odeur tentée , Tu daignes me cueillir .Je serai sans épine , et j ' aurai mille charmes : Mais dans la fleur d ' amour ton oeil verra briller Des gouttes d ' eau limpide , et ce seront mes larmes , Qu ' il te faut essuyer .",
                  "id": "11",
                  "title": "Coeur et les lèvres, vers d'amour"
            },
            {
                  "doc_url": "https://gallica.bnf.fr/ark:/12148/bpt6k3056280j",
                  "emotions": [
                        "fear",
                        "annoyance"
                  ],
                  "excerpt": "Voir Visières .Crainle d ' incendie , odeur désagréable .ire 5 nov .",
                  "id": "12",
                  "title": "Pandectes pharmaceutiques, ou Recueil de tous les statuts, édits, lettres-patentes, déclarations, arrêtés... concernant les pharmaciens civils et militaires, histoire des collèges et des écoles de pharmacie de France, de 1312 à 1837 / par M. Adolphe Laugier,... et M. Victor Duruy,..."
            },
            {
                  "doc_url": "https://gallica.bnf.fr/ark:/12148/bpt6k56847558",
                  "emotions": [
                        "fear"
                  ],
                  "excerpt": "D ' un côté , un enfant mangé par les loups , des morsures , des tortures , des cris caressants et désespérés , de petits bras tendus et des regards à fendre le marbre ; de l ' autre , les étouffements de l ' enfantement , les brisements d ' entrailles , les vagissements d ' un nouveau né ; des membres nus et pantelants sur la glace et le givre .Et les loups arrivant à la curée , les loups , les loups par l ' odeur alléchés .Puis , au lieu d ' une fille - enfant , c ' était une jeune fille couronnée de splendeurs de l ' adolescence , et qui jetait à son 29 père , à travers le sang et la rage , toutes les caresses de l ' intelligence et de l ' amour .",
                  "id": "13",
                  "title": "Chateaubriand et la pensée moderne, ou le Socialisme, par Théophile Gratiot-Luzarey. Première partie"
            },
            {
                  "doc_url": "https://gallica.bnf.fr/ark:/12148/bpt6k3072344b",
                  "emotions": [
                        "disgust",
                        "fear",
                        "annoyance",
                        "disapproval"
                  ],
                  "excerpt": "Bien différent du tigre , du loup ,du renard & de tant d ’ autres animaux d ’ efpèce inférieure , qui donnent la mort pour le plaifir de la donner , le lion ne détruit qu ’ autant qu ’ il confomme , 8t dès qu ’ il efl repu , il efl en paix avec toute la terre .L I O Quelque terrible que foit cet animal , on ne laille pas de lui donner la chaffe avec des chiens de grande taille & bien appuyés par des hommes à cheval ; on le déloge , on le fait retirer , mais il faut que les chiens , & même les chevaux , foient agueriis auparavant , car prefque tous les animaux frémilfent & s ’ enfuient à la feule odeur du lion .Sa peau , quoique d ’ un tiflu ferme & ferré , ne » réfifte point à la balle , ni même au javelot ; néanmoins on ne le tue prefque jamais d ’ un feul coup : on le prend fou vent par adreffe , en lefaifant tomber dans une folle profonde qu ’ on recouvre avec des matières légères , au - deffus defquelles on attache un animal vivant .",
                  "id": "14",
                  "title": "Dictionnaire encyclopédique d'histoire naturelle . Tome premier. Contenant les animaux quadrupèdes, les cétacés, par M*** & les oiseaux par M. Mauduyt,..."
            },
            {
                  "doc_url": "https://gallica.bnf.fr/ark:/12148/bpt6k3065906c",
                  "emotions": [
                        "surprise",
                        "grief",
                        "sadness",
                        "fear",
                        "nervousness",
                        "despair",
                        "pain",
                        "disappointment"
                  ],
                  "excerpt": "Léchant les verts sapins avec un rire amer , La mer aux vastes flots baigne leurs pieds , la mer Douloureuse , où , groupés de distance en distance , Accourent les vaisseaux de l ’ empereur Constance .Tout à coup , ô terreur ! ô deuil ! au bord des eaux La terre s ’ épouvante et jusque dans ses os Tremble , et sur sa poitrine âpre , d ’ effroi saisie , Se répand un parfum céleste d ’ ambroisie .Un grand souffle éperdu murmure dans les airs ; Une lueur vermeille au fond de ces déserts Grandit , mystérieuse et sainte avant - courrière , O vastes cieux ! et là , marchant dans la clairière , Luttant de clarté sombre avec le jour douteux , Meurtris , blessés , mourants , sublimes , ce sont eux , Eux , les grands exilés , les dieux .",
                  "id": "15",
                  "title": "Le Parnasse contemporain : recueil de vers nouveaux"
            },
            {
                  "doc_url": "https://gallica.bnf.fr/ark:/12148/bpt6k97800407",
                  "emotions": [
                        "fear",
                        "nervousness",
                        "embarrassment"
                  ],
                  "excerpt": "» POIL DE CAROTTE Oh ! je finirai par m ' y mettre et j ' en mangerai comme toi .Je crains seulement de sentir mauvais et que maman ne le remarque , si elle m ' embrasse .— Ça ne sent rien , dit parrain , et il souffle au visage de son filleul .",
                  "id": "16",
                  "title": "Poil de Carotte / Jules Renard ; illustrations de Poulbot"
            },
            {
                  "doc_url": "https://gallica.bnf.fr/ark:/12148/bpt6k282074s",
                  "emotions": [
                        "disgust",
                        "fear",
                        "annoyance",
                        "disapproval",
                        "nervousness",
                        "pain"
                  ],
                  "excerpt": "» appelées mouffettes .C ' est ici une haleine infecte occa “ sionnéeparunemauvaisedigestion .Les Romains s ' étaient Umbns .",
                  "id": "17",
                  "title": "Oeuvres complètes d'Horace, de Juvénal, de Perse, de Sulpicia, de Turnus, de Catulle, de Properce, de Gallus et Maximien, de Tibulle, de Phèdre et de Syrus : avec la traduction en français / publiées sous la direction de M. Nisard,..."
            },
            {
                  "doc_url": "https://gallica.bnf.fr/ark:/12148/bpt6k5728085t",
                  "emotions": [
                        "disgust",
                        "fear"
                  ],
                  "excerpt": "Doumer et Oudin , voilà déjà trois ou quatre ans .L ' effluvation bipolaire intense des fosses sus et sous - cla ^ viculaires , des .fosses sus et sous - épineuses , avec un balai relié à la spire supérieure d ' un résonateur , alors qu ' une électrode de métal , ou de ' métal recouverte de feutré mouillé , fixée à la spire supérieure d ' un autre résonateur accordée avec le premier , est placée alternativement dans le dos et sur le thorax , est beaucoup plus puisr santé et est appelée à donner des résultats bien * plus 228 ! APPLICATIONS , THERAPEUTIQUES .",
                  "id": "18",
                  "title": "Manuel d'électrothérapie et d'électrodiagnostic / par le Dr E. Albert-Weil,..."
            },
            {
                  "doc_url": "https://gallica.bnf.fr/ark:/12148/bpt6k3714918",
                  "emotions": [
                        "fear"
                  ],
                  "excerpt": "Dans le haut , au - dessus de la verdure puissante et sombre de la forêt , le feuillage des bouleaux et des pâles mélèzes flottait à la brise vespérale , comme une chevelure blonde .La nuit venait et avec elle une brume épaisse , malfaisante qui suintait de toute cette végétation exubérante — effluves de mort germant au sein d ' une vie trop abondante .En pleine forêt , Vassili déclara que nous étions arrivés .",
                  "id": "19",
                  "title": "Au Caucase... / Eugène de Groote"
            },
            {
                  "doc_url": "https://gallica.bnf.fr/ark:/12148/bpt6k9762475w",
                  "emotions": [
                        "fear"
                  ],
                  "excerpt": "Le lendemain de son arrivée , & vis - a - vis de la maison où il fut logé , mourut un enfant d une petite vérole nlaJigne - confluente .On s ' apperçut dans tout le voisinage des émanations putrides qui s ' exhaloient de cette maison ; la ruë est fort étroite : on ne doit pas être surpris si le petit Gautier - , exposé à ce vénin dangereux , en ressentit bientôt les funestes irnpressions .On ne fut pas long - tems à s ' en reconnoitre .",
                  "id": "20",
                  "title": "Tables nosologiques et météorologiques très-étenduës, dressées à l'Hôtel-Dieu de Nîmes depuis le 1er juin 1757 jusques au 1er janvier 1762 / par Mr. Razoux,..."
            }
      ]
}