{
      "articles": [
            {
                  "doc_url": "https://gallica.bnf.fr/ark:/12148/bpt6k65561764",
                  "emotions": [
                        "fear",
                        "greed"
                  ],
                  "excerpt": "En un mot , les reptiles sont si nombreux que la partie basse de Celyan en est presque dépeuplée d ' oiseaux et de petits animaux .Mais de toutes les bêtes malfaisantes qui peuplent le Lancave ( paradis de l ' Inde ) , dont vous trouvéz l ' atmosphère embaumée , le tic - polonga au nez obtus , aux yeux ardents comme deux tisons , est le serpent le plus dangereux et le plus féroce de la création .Les Ceylandais le redoutent plus que dix crocodiles .",
                  "id": "1",
                  "title": "Aventures lointaines : voyages, chasses et pêches aux îles Sitka, voyage en caravane à travers la Perse, un jambon d'hyène, Yegor le pisteur d'ours / par Pierre Frédé"
            },
            {
                  "doc_url": "https://gallica.bnf.fr/ark:/12148/bpt6k65561764",
                  "emotions": [
                        "fear",
                        "greed"
                  ],
                  "excerpt": "Le loup a le flair d ' une subtilité extraordinaire .Comme le corbeau et le vautour , il sent à plusieurs lieues au loin les émanations d ' une charogne .Mais quel travail que de dépouiller tant de bêtes , faire sécher tant de peaux , les surveiller se balançant au vent ! Quel travail que d ' étriper , désosser , saler ou sécher , fumer tant de cadavres pour les provisions d ' hiver ! Bérins , devant un tel amas de victuailles , devint difficile , et abandonna libéralement la plus grande partie de ces carcasses aux bêtes fauves , après toutefois en avoir enlevé les poches de musc , contenant une substance recherchée des pharmaciens .",
                  "id": "2",
                  "title": "Aventures lointaines : voyages, chasses et pêches aux îles Sitka, voyage en caravane à travers la Perse, un jambon d'hyène, Yegor le pisteur d'ours / par Pierre Frédé"
            },
            {
                  "doc_url": "https://gallica.bnf.fr/ark:/12148/bpt6k56614157",
                  "emotions": [
                        "fear"
                  ],
                  "excerpt": "Ils arrivèrent à la porte .Une odeur de poudre brûlée sortait par l ' ouverture de la serrure .— C ' est ici ! dit Tiburce .",
                  "id": "3",
                  "title": "La Poste aux chevaux, par Henri de Lacretelle"
            },
            {
                  "doc_url": "https://gallica.bnf.fr/ark:/12148/bpt6k9609816p",
                  "emotions": [
                        "fear"
                  ],
                  "excerpt": ") qs bruyères - .î o ^ a l odeur d ' encens , lors que le terroir ci , - Lcrreux maisre .L ' herbe te mù ou Meon .",
                  "id": "4",
                  "title": "Le petit tout dans lequel l'homme aura la connoissance de soy-mesme par l'intelligence de ses propres causes. Partie 2 / ... divisé en III parties et en IV tomes. Par M. François Chevillard,..."
            },
            {
                  "doc_url": "https://gallica.bnf.fr/ark:/12148/bpt6k9609816p",
                  "emotions": [
                        "sadness",
                        "fear",
                        "pain"
                  ],
                  "excerpt": "Touchant : le Serpent auec l ' herbe Coleuvrée , ou le frappant d ' vnc verge de Coudre il creue sur le champs .L ' en - uiroonant d ' vn cercle ou de cerne de Betoine , il se debac tellement qu ' il en meure : les Npisettes pendues au plancher de la chambre , ou l ' odeur d ' Ail en chasse les Scorpions : les fueilles de Mauves , ou Réfott , ou ius de TolIr - nesol jetteziur le Scorpion le tuent .Pour faire mourir les oR enards : il les faut appater aueç Amendes ameres .",
                  "id": "5",
                  "title": "Le petit tout dans lequel l'homme aura la connoissance de soy-mesme par l'intelligence de ses propres causes. Partie 2 / ... divisé en III parties et en IV tomes. Par M. François Chevillard,..."
            },
            {
                  "doc_url": "https://gallica.bnf.fr/ark:/12148/bpt6k9609816p",
                  "emotions": [
                        "disgust",
                        "fear"
                  ],
                  "excerpt": "Le Bois de Coleuvrée est semblable en quelque façon à - vn Coleuvre , il croist à Malabar des Indes • > son odeur met - en suitte les Viperes & les Serpens - , s ' ils sont touchez de ce bois ils creuent sur le champ : il est fortamer & chaud de sa ' nature .' Le CdXus dinde , de Syrie tir d ! Arabie est approchant de nostre Sureau , odoriferent ) àstringent & : corroiif : quelques vus le prenentmal apropos pour l ' Angeliqut .: f La Racine de la chine abonde & sort de ce Royaume ; Ils V 1 Macer .",
                  "id": "6",
                  "title": "Le petit tout dans lequel l'homme aura la connoissance de soy-mesme par l'intelligence de ses propres causes. Partie 2 / ... divisé en III parties et en IV tomes. Par M. François Chevillard,..."
            },
            {
                  "doc_url": "https://gallica.bnf.fr/ark:/12148/bpt6k9609816p",
                  "emotions": [
                        "fear"
                  ],
                  "excerpt": "Le Corail est chez les Indiens ' en pareille estime que les Perles chez nous ; Le meilleur se rencontre dans la Mer de Marseille autour des Isles d ' Hieres ; aux costes de Sicile , de Toscane , & de Calabie ; dans les Golphes Persi , - - que & Arabique , estant le plus dur , le plus branchu , le plus rouge & le plus poly .Il est astringent & : l ' cfrigeratif : c ' est pourquoy ses vertus font d ' étancher le sang qui cousse par le nez Se par la bouche , estant pendu au col , ou calciné & pris en potion .Il répri1ne aussi les enflures , efface les cicatrices des yeux , remplit les vlceres cauerneux , guérit la dysenterie , les tranchées , lesgrauellcs .",
                  "id": "7",
                  "title": "Le petit tout dans lequel l'homme aura la connoissance de soy-mesme par l'intelligence de ses propres causes. Partie 2 / ... divisé en III parties et en IV tomes. Par M. François Chevillard,..."
            },
            {
                  "doc_url": "https://gallica.bnf.fr/ark:/12148/bpt6k9342581",
                  "emotions": [
                        "surprise",
                        "disgust",
                        "fear"
                  ],
                  "excerpt": "Et comme je traversais le Quai aux Fleurs , je fus pris .Une grille ; un long passage ; l ’ écurie où une triste rosse , couverte de cicatrices , semble ahurie de se reposer ; une courette puant la mort ! J ’ y distingue vaguement comme deux cuves , une sorte de wagonnet sur plaque mobile , des robinets à gaz : tout un appareil bizarre et terrifiant .La Fourrière ! Je me raidis , refuse d ’ avancer .",
                  "id": "8",
                  "title": "Sac à tout : mémoires d'un petit chien / [texte & ill. de] Séverine"
            },
            {
                  "doc_url": "https://gallica.bnf.fr/ark:/12148/bpt6k6471166h",
                  "emotions": [
                        "fear",
                        "nervousness"
                  ],
                  "excerpt": "Dès qu ' il paroît il est poursuivi ; l ' attroupement & l ' émeute lui annoncent combien il est craint , & tout ce que lui - même il doit craindre .Aussi toutes les fois que l ' odeur d ' homme vient frapper son nez , elfë réveille en lui les idées du danger .La proie la plus séduisante lui est inutilement présentée , tant qu ' elle a cet ac - cessoire effrayant ; & même lorsqu ' elle ne l ' a plus , elle lui reste long - tems suspecte .",
                  "id": "9",
                  "title": "Lettres sur les animaux"
            },
            {
                  "doc_url": "https://gallica.bnf.fr/ark:/12148/bpt6k62076925",
                  "emotions": [
                        "fear",
                        "pain"
                  ],
                  "excerpt": "Un joli petit brahme , tout jeune et gracieux , me mène droit à la plus grande , dont le chapeau a sept étages .L ' ascension est pénible dans des boyaux sombres , de paliers en paliers ; des hommes me précèdent et me suivent dans l ' ombre ; j ' entends le froissement des peaux nues , les glissements sur les dalles ; et toujours le parfum parti - culier , si pénétrant de ces épidermes noirs , fait de santal et de musc .Au sommet , sur l ' étroite corniche , il faut se tenir courbé et me voici là , serré , pressé par ces êtres qui me dévisagent , au - dessus du vide menaçant .",
                  "id": "10",
                  "title": "À travers l'Inde / Capitaine Claude-Lafontaine"
            },
            {
                  "doc_url": "https://gallica.bnf.fr/ark:/12148/bpt6k6350818r",
                  "emotions": [
                        "fear"
                  ],
                  "excerpt": ", T \" conjug .( Alenè ) , terme de chasse , sentir l ' haleine , en parlant des chiens qui sentent la bêle .DèS que les chiens eurent halené la béte .",
                  "id": "11",
                  "title": "Dictionnaire usuel de tous les verbes français... par MM. Bescherelle frères,.... Tome 2,Edition 3"
            },
            {
                  "doc_url": "https://gallica.bnf.fr/ark:/12148/bpt6k9764818v",
                  "emotions": [
                        "disgust",
                        "fear",
                        "caring",
                        "indifference"
                  ],
                  "excerpt": "Lorsqu ' il sera rétabli , nous pourrons voir quelles cicatrices ont laissé les lésions causées par la poudre grossière de cantharides .Soins à donner à un malade qu ' on soupçonne être empoisonné par la poudre de cantharides .Nous allons exposer immédiatement la méthode qui nous paraît la plus rationnelle dans ce cas ; nous verrons ensuite en quoi elle diffère de celles qui ont été proposées .",
                  "id": "12",
                  "title": "Étude toxicologique sur l'empoisonnement par la cantharidine et par les préparations cantharidiennes / par L.-M.-V. Galippe,..."
            },
            {
                  "doc_url": "https://gallica.bnf.fr/ark:/12148/bpt6k772777",
                  "emotions": [
                        "disgust",
                        "fear",
                        "annoyance",
                        "disapproval",
                        "nervousness",
                        "pain"
                  ],
                  "excerpt": "En dépit du peu d ' intense des phénomènes généraux , la vie des individns atteints de diphtherie matigne .et pr6sentant les engorgements gangtionnaires considérables , tes exsudations couenncuses des fosses nasates et de ta con } onctive palpébrale , est très - sérieusement menacée .Les saignements de nez , je vous t ' ai dit , précèdent souvent le d6vctoppetneat des fausses membranes sur ta membrane muqueuse pituHa < re ; i ! sen sont le signe avant - coureur le plus important , et ils se continuent encore a ! ors uue t ' cxsudatton coucnMeuse a taptNieprcsqoe toute ta surface des narines .",
                  "id": "13",
                  "title": "Clinique médicale de l'Hôtel-Dieu de Paris. Tome 1 / par A. Trousseau,..."
            },
            {
                  "doc_url": "https://gallica.bnf.fr/ark:/12148/bpt6k6135759v",
                  "emotions": [
                        "surprise",
                        "disgust",
                        "fear",
                        "embarrassment"
                  ],
                  "excerpt": "Et s ' il n ' avait pas eu peur de paraître odieux , de soulever du scandale autour de la mémoire du mort , comme une nuée de poussière qui salit toute une maison , P TIT MI 2ol il se serait enfui par le premier train pour ne plus revoir la préfète , pour ne pas assister à ces nouveaux mensonges , à cette nouvelle comédie , pour ne pas écouter ce qu ' elle devrait répondre aux consolations des autres .Elle lui faisait horreur , à présent , comme si elle avait eu quelque plaie monstrueuse , — et dans ce dégoût exalté , il englobait toutes les femmes , toutes les jupes , comme s ' il s ' en était dégagé des puanteurs qui donnent la nausée aux plus robustes .Bien qu ' il fût à bout de forces , bravement , il avait tenu à veiller le mort pendant deux nuits consécutives , tremblant par instant de tous ses membres , baigné d ' une sueur ' froide comme lorsqu ' on va s ' évanouir , aspirant à pleines narines le flacon de sels anglais autour duquel ses doigts se crispaient , mais cependant ne désertant pas son poste sacré .",
                  "id": "14",
                  "title": "P'tit Mi / par René Maizeroy"
            },
            {
                  "doc_url": "https://gallica.bnf.fr/ark:/12148/bpt6k5836030r",
                  "emotions": [
                        "fear",
                        "indifference"
                  ],
                  "excerpt": "' \" ■ ' \" .Hypnum feorpioides palustre magnum , LycopoJ dii instar fparfum .Dill .",
                  "id": "15",
                  "title": "Botanique.... Tome 3 / par M. le chevalier de Lamarck,... [continuée par J.-L.-M.odique Poiret.]"
            },
            {
                  "doc_url": "https://gallica.bnf.fr/ark:/12148/bpt6k5758512g",
                  "emotions": [
                        "fear",
                        "nervousness"
                  ],
                  "excerpt": "86 CHEZ LES FOUS Il se bouche les yeux , les oreilles , le nez ; en vain ! Il voit toujours ses persécuteurs .Il entend qu ' on le menace , il sent une odeur de roussi .Il vit dans les transes , il dore dans le cauchemar .",
                  "id": "16",
                  "title": "Chez les fous / Albert Londres ; dessins de Rouquayrol"
            },
            {
                  "doc_url": "https://gallica.bnf.fr/ark:/12148/bpt6k9763211k",
                  "emotions": [
                        "fear",
                        "nervousness"
                  ],
                  "excerpt": "Je ne vois pas Spitz faisant le beau sur le tapis d ' un salon .Il sent le chien .Si loin qu ' elle peut , il se torche avec sa langue de flanelle rouge .",
                  "id": "17",
                  "title": "Moi, quelque part / André Baillon ; préface par Georges Eekhoud"
            },
            {
                  "doc_url": "https://gallica.bnf.fr/ark:/12148/bpt6k6307610j",
                  "emotions": [
                        "fear",
                        "disapproval"
                  ],
                  "excerpt": "tomber entre leurs mains ! — Les femmes c ' est toujours dangereux .et je [ me méfie notamment de celles qui sentent la poudre de guerre .La fleur de fève , à la bonne heure ! Celle - là sied à leur teint .",
                  "id": "18",
                  "title": "La guerre : récit épisodique d'un siège au XVIe siècle / par Carlo Du Monge,... ; illustrations de V. Poirson. suivi de : Le secret du fer / par J. Protche de Viville,.... Les Lansquenets / par Ernest d'Hervilly,..."
            },
            {
                  "doc_url": "https://gallica.bnf.fr/ark:/12148/bpt6k5496507x",
                  "emotions": [
                        "fear"
                  ],
                  "excerpt": "54 L ' ASTHME la muqueuse nasale .Ce sont des troubles vicariants , — écoulements , éternuements — qui arrivent de jour comme de nuit ( 1 ) .En certains cas , le coryza spontané et fugitif résume tout l ' asthme .",
                  "id": "19",
                  "title": "L'asthme (étiologie, pathogénie et traitement) / par le Dr R. Moncorgé,..."
            },
            {
                  "doc_url": "https://gallica.bnf.fr/ark:/12148/bpt6k5496507x",
                  "emotions": [
                        "sadness",
                        "fear",
                        "pain"
                  ],
                  "excerpt": "J ' ai observé des rhino - asthmatiques anosmiques , ayant des accès sous l ' influence d ' excitants violents , soufre , graisse brûlée .Une de mes malades , anosmique , ne « sent » pas l ' odeur des violettes , mais en leur présence a des picotements violents qui la font 66 L ' ASTHME éternuer en séries .Le parfum , purement objectif , agit donc en pareils cas comme un excitant mécanique .",
                  "id": "20",
                  "title": "L'asthme (étiologie, pathogénie et traitement) / par le Dr R. Moncorgé,..."
            }
      ]
}