{
      "articles": [
            {
                  "doc_url": "https://gallica.bnf.fr/ark:/12148/bpt6k9319824",
                  "emotions": [
                        "surprise",
                        "fear"
                  ],
                  "excerpt": "Rien que le bruit frais des gouttes qui tombent .Voici l ’ aurore , le premier rayon , le premier chant : Les clématites embaumaient le chemin , les genêts la rive .Les hirondelles avant l ’ aube voletaient sur les oliviers .",
                  "id": "1",
                  "title": "Giovanni Pascoli, poète lyrique (1855-1912) : les thèmes de son inspiration / Albert Valentin,..."
            },
            {
                  "doc_url": "https://gallica.bnf.fr/ark:/12148/bpt6k626350",
                  "emotions": [
                        "grief",
                        "sadness",
                        "fear",
                        "nostalgia",
                        "despair",
                        "pain"
                  ],
                  "excerpt": "Même les ardentes musiques de cuivre et les glorieuses fanfares , parfois entendues sur les routes lointaines , ne purent l ' émouvoir joyeusement .n voyait en ses rêves des soldats boueux et sanglants , des cuirassiers écrasés sous leurs chevaux , des plaines mornes où s ' étalaient des charognes dans le croupissement des eaux vertes ; il allait en rêve parmi l ' ordure des ambulances , respirait l ' odeur des fièvres et des pus , s ' attardait à contempler l ' horreur des chirurgies .LES KL - EU ~ ~ ~ T ~ JFM ~ ~ Es fleurs vénéneuses , dans la forêt , surgissent de toutes les branches .",
                  "id": "2",
                  "title": "Oeuvres de Éphraïm Mikhaël : poésie, poèmes en prose"
            },
            {
                  "doc_url": "https://gallica.bnf.fr/ark:/12148/bpt6k6156116w",
                  "emotions": [
                        "fear",
                        "greed",
                        "frustration"
                  ],
                  "excerpt": "A ce phénomène se rattache ce qu ' on appelle l ' illusion sensoriale , autre sensation imaginaire qui conduit une personne à se tromper en donnant une signification fausse à une perception réelle .Un homme croit entendre qu ' on l ' appelle alors qu ' on n ' a rien dit , croit voir un démon qui le menace ; sent une odeur que personne autre n ' apprécie , se plaint d ' un coup reçu alors que rien ne l ' a frappé ; il est le jouet d ' une hallucination .De même pour les femmes qui croyaient sentir les caresses du diable et l ' introduction de son pénis brûlant dans le vagin .",
                  "id": "3",
                  "title": "Traité de diagnostic et de sémiologie... / par E. Bouchut,..."
            },
            {
                  "doc_url": "https://gallica.bnf.fr/ark:/12148/bpt6k4414267",
                  "emotions": [
                        "fear",
                        "nervousness"
                  ],
                  "excerpt": "Celles - ci bi - pennées , caduques , ordinairement 4 paires de folioles plus une terminale , les deux premières paires seules composées de 3 - 3 folioles , qui sont courtement pétiolées , lancéolées , acuminées , glabres , d ' un vert un peu luisant en dessus , plus clair en dessous et irrégulièrement bordées de dents en scie , espacées .Fleurs odorantes , en panicules axillaires dressées , longuement .pédonculées .",
                  "id": "4",
                  "title": "Traité des arbres et arbrisseaux forestiers, industriels et d'ornement, cultivés ou exploités en Europe et plus particulièrement en France : donnant la description et l'utilisation de plus de 2.400 espèces et 2.000 variétés. Partie 1 / par P. Mouillefert,..."
            },
            {
                  "doc_url": "https://gallica.bnf.fr/ark:/12148/bpt6k58536202",
                  "emotions": [
                        "surprise",
                        "disgust",
                        "fear",
                        "despair",
                        "embarrassment"
                  ],
                  "excerpt": "ISIDORE .Sauvé ! pouah ! quelle odeur ! CAROLINE .Mais , messieurs .",
                  "id": "5",
                  "title": "L'Architecte de ces dames, comédie-vaudeville en 1 acte, par Henri Bocage. (Paris, Variétés, 17 janvier 1869.)"
            },
            {
                  "doc_url": "https://gallica.bnf.fr/ark:/12148/bpt6k97541437",
                  "emotions": [
                        "grief",
                        "fear",
                        "desire",
                        "nervousness"
                  ],
                  "excerpt": "Je fis tout ce que je pus , pour lui rendre la sérénité , & j ' y réussis en partie .Je la vis respirer .Je la conjurai de lever son voile .",
                  "id": "6",
                  "title": "Le Repentir, ou Suite des Lettres originales, contenant les aventures de César de Perlencour , intitulées Le Crime. Tome 1 / . Par l'auteur de L'Aventurier françois et du Philosophe parvenu"
            },
            {
                  "doc_url": "https://gallica.bnf.fr/ark:/12148/bpt6k5832458z",
                  "emotions": [
                        "fear",
                        "nervousness"
                  ],
                  "excerpt": "Le terme Savon végétal est donc un contre sens .Stigmates de Maïs .La partie de Maïs ( Zea Maïs , L .",
                  "id": "7",
                  "title": "Des Dénominations en matière pharmaceutique, notes, par Léon Thomas,... Premier fascicule"
            },
            {
                  "doc_url": "https://gallica.bnf.fr/ark:/12148/bpt6k5462677v",
                  "emotions": [
                        "fear",
                        "pain"
                  ],
                  "excerpt": "» Il reconnaît la voix de la personne laissée à Strasbourg .Depuis lors cette voix le poursuit partout , elle lui demande de l ' argent , lui parle de mariage , et le menace du diable s ' il ne se rend à ses instances ; enfin elle l ' obsède tellement qu ' il ne peut plus ni travailler ni dormir ; il consulte un médecin de Saint - Etienne qui le saigne et le met à l ' usage dés boissons délayantes .Ce traitement n ' ayant point amélioré son état , il se rend à Lyon et entre à l ' hospice de l ' Antiquaille le premier octobre 1835 .",
                  "id": "8",
                  "title": "Essai sur les hallucinations : discours prononcé devant l'administration de l'hospice de l'Antiquaille de Lyon, dans sa séance publique du 3 mai 1836 : pour l'ouverture des cours de clinique sur l'aliénation mentale et les maladies syphilitiques / par Alexandre Bottex,..."
            },
            {
                  "doc_url": "https://gallica.bnf.fr/ark:/12148/bpt6k5462677v",
                  "emotions": [
                        "surprise",
                        "fear",
                        "courage"
                  ],
                  "excerpt": "Il fut extrêmement effrayé , et crut que cette vision annonçait que les francs - maçons voulaient le faire poignarder , dans la persuasion qu ' il avait révélé leurs secrets , ce qui n ' était pas possible , puisqu ' on ne lui avait révélé aucune lumière lors de sa réception , ses ennemis l ' ayant fait passer pour fou .II se leva brusquement , se mit à la fenêtre , et vit les alentours de la maison garnis de flambeaux ; on lui tira plusieurs coups de fusil , il entendit siffler les balles , il sentit l ' odeur de la poudre , mais il ne fut pas atteint ; une voix fit alors entendre ces mots : On ne lui peut rien , une puissance a conjui - é le charme , et tout disparut .Une autre fois il vit Dieu , Jésus - Christ et les 52 anges , puis il entendit une voix qui lui dit d ' avoir confiance , de tracer une croix blanche sur une pierre , et qu ' il serait délivré de tous les maux qui l ' affligeaient ; que le diable qui était aux ordres de ceux qui l ' avaient maléficié , n ' aurait plus alors aucune puissance sur lui .",
                  "id": "9",
                  "title": "Essai sur les hallucinations : discours prononcé devant l'administration de l'hospice de l'Antiquaille de Lyon, dans sa séance publique du 3 mai 1836 : pour l'ouverture des cours de clinique sur l'aliénation mentale et les maladies syphilitiques / par Alexandre Bottex,..."
            },
            {
                  "doc_url": "https://gallica.bnf.fr/ark:/12148/bpt6k5516107k",
                  "emotions": [
                        "fear"
                  ],
                  "excerpt": "— L ' ac / aY cyanhydrique , nommé encore acide prussique , esl un liquide incolore , d ' une odeur d ' amandes a mères , se décomposant en peu de temps quand il esl pur , se conservant mieux quand il est étendu d ' eau .C ' est un des poisons les plus violents : quand il est pur , sa vapeur empoisonne subitement ; quand on touche l ' oeil d ' un chien avec la barbe d ' une plume qu ' on a d ' abord trempée dans cet acide , l ' animal meurt comme s ' il élait foudroyé .Préparation .",
                  "id": "10",
                  "title": "Notions de chimie applicables aux usages de la vie (35e édition) / par Honoré Regodt,... ; revues par un agrégé de l'université conformément à la notation atomique"
            },
            {
                  "doc_url": "https://gallica.bnf.fr/ark:/12148/bpt6k61498552",
                  "emotions": [
                        "anger",
                        "fear",
                        "annoyance",
                        "courage",
                        "despair",
                        "pain",
                        "embarrassment"
                  ],
                  "excerpt": "Wille coiffée en cheveux , diffère du chiffon appelé femme , affublé d ' un bouffon bonnet , bouffi par des touffes d ' étofies de taffetas : difformité qu ' une ( bouffée d ' air engouffré fait vivement sentir .Affamée d ' office , j ' off * rts à ma tante au nez truffé , de l ' y conduire , l ' off ' ertoire sonnait , nous soufflions à suffoquer , à souffrir ; paf ! le vent de sa griffe enlève le bonnet , et en greffe lalèle d ' un bouffon mulet , qui efTarouché \" franchit un buffet ..",
                  "id": "11",
                  "title": "2e édition. Le professeur Le Myre, à ses élèves et à l'enseignement. Nécessité, sagesse et beautés de l'orthographe française, ou Justification de ses prétendues bizarreries par la preuve de son admirable classification, basée sur l'harmonie du langage..."
            },
            {
                  "doc_url": "https://gallica.bnf.fr/ark:/12148/bpt6k6327080p",
                  "emotions": [
                        "disgust",
                        "fear",
                        "disapproval",
                        "greed",
                        "nervousness",
                        "despair"
                  ],
                  "excerpt": "m .piège qu ' on tend aux bêtes puantes .Claquet , morceau de bois attaché à une corde , et dont le mouvement fait tomber le blé sous la meule da moulin .",
                  "id": "12",
                  "title": "Nouveau dictionnaire portatif de la langue françoise, ou Vocabulaire rédigé d'après le Dictionnaire de l'Académie et les ouvrages des meilleurs grammairiens, précédé d'une instruction détaillée sur la conjugaison des verbes, d'un traité sur la proposition, et d'une méthode d'analyse grammaticale et logique. Ouvrage dans lequel on trouve 1 la prononciation des mots lorsqu'elle s'écarte de l'usage ordinaire, 2 la formation du pluriel dans les cas d'exception, 3 l'emploi des mots au propre et au figuré, 4 les temps des verbes lorsqu'ils présentent des difficultés ou des irrégularités, 5 la solution des difficultés grammaticales, 6 les termes les plus usités dans les sciences et les arts, 7 les mots nouvellement adoptés par Ch.-Constant Le Tellier, professeur de Belles-Lettres (Deuxième édition revue, corrigée et augmentée)"
            },
            {
                  "doc_url": "https://gallica.bnf.fr/ark:/12148/bpt6k424114j",
                  "emotions": [
                        "disgust",
                        "fear"
                  ],
                  "excerpt": "Tissot dans son Tracté des maladies des nerfs , cite l ' exemple .d ' une femme que l ' odeur des gouttes anodynes d ' Hoffmann incommodoit au point de la faire évanouir ; il dit en avoir vu une seconde chez qui l ' eau de lavande étoit soivie du même efïlt , et une troisième , à qui l ' eau de Cologne donnoit des mau ? de cœur qui alloient jusqu ' à la faire vomir .Les livres de l ' art sont pleins d ' une multitude de lait » semblables .",
                  "id": "13",
                  "title": "Magasin encyclopédique, ou Journal des sciences, des lettres et des arts"
            },
            {
                  "doc_url": "https://gallica.bnf.fr/ark:/12148/bpt6k11664914",
                  "emotions": [
                        "fear",
                        "annoyance"
                  ],
                  "excerpt": "Henri de LAMONTA Banquier à Paris , 59 , nie Taitbout AVIS IMPORTANT MB FMI » « DÉS PEAUX lit Teintes à l ' Extrait parfumé PROVENANT DU BOIS DU LIBAN Déposé On cherche depuis longtemps à atténuer l ’ odeur désagréable que laisse la teinture des peaux pour Oants .Nous en avons trouvé le moyeu , en teignant nous - mêmes avec ^ l ’ Extrait « les boit » odoriférants venant « lir Liban .Le parfum qui s ’ exhale de ces bois est des plus doux et des plus agréables ; il prend place entre la senteur de la violette et de l ’ héliotrope ; il a l ’ avantage de ne pas s ’ évaporer , au contraire , plus le gant est porté , plus l ’ odeur est suave ; en outre de cet avantage précieux , on est certain d ’ avoir une qualité extra - supérieure , ces peaux étant choisies en conséquence pour prendre cette teinte naturelle .",
                  "id": "14",
                  "title": "La Critique : littérature, théâtres, finance, beaux-arts"
            },
            {
                  "doc_url": "https://gallica.bnf.fr/ark:/12148/bpt6k62131378",
                  "emotions": [
                        "surprise",
                        "fear",
                        "despair",
                        "frustration"
                  ],
                  "excerpt": "Lorsqu ' on a sectionné le facial qui innerve les muscles des narines , on voit , chez le cheval , les narines inertes s ' abaisser à chaque inspiration obstruer l ' entrée de l ' air .L ' animal s ' efforce en vain - de respirer , il asphyxie la bouche ouverte .* Le chien , au contraire , respire exclusivement par lagueule , lorsqu ' il est haletant ; son larynx est situé bas .",
                  "id": "15",
                  "title": "Compendium de physiologie humaine / par Julius Budge,... ; traduit de l'allemand et annoté... par Eugène Vincent"
            },
            {
                  "doc_url": "https://gallica.bnf.fr/ark:/12148/bpt6k6207453c",
                  "emotions": [
                        "disgust",
                        "fear"
                  ],
                  "excerpt": "Bientôt la grille de la concession française s ' ouvre devant nous et nous entrons dans ce labyrinthe pestilentiel que l ' on appelle Canton .Dans le fouillis des ruelles que nous traversons , je suis saisi à la gorge par une odeur épouvantable : odeur de guano humain , d ' opium , d ' encens et de poisson putréfié .Je fais de l ' antiseptie à grand renfort de cigarettes en passant à côté de jarres ébréeliées , dont le contenu disparaît sous une couche verte de moisissure .",
                  "id": "16",
                  "title": "Opinions chinoises sur les barbares d'Occident / Comt Harfeld"
            },
            {
                  "doc_url": "https://gallica.bnf.fr/ark:/12148/bpt6k6514117j",
                  "emotions": [
                        "fear"
                  ],
                  "excerpt": "Toiles peintes ( Ateliers de ) ., Mauvaise odeur et danger du feu .3e 9 février 182J ' Toiles vernies ( Fabrication des ) .",
                  "id": "17",
                  "title": "Recueil des circulaires et instructions émanées du Ministère de l'intérieur de 1790 à 1830 inclusivement. Tome 3"
            },
            {
                  "doc_url": "https://gallica.bnf.fr/ark:/12148/bpt6k5611368n",
                  "emotions": [
                        "fear",
                        "nervousness",
                        "disappointment"
                  ],
                  "excerpt": "Rien n ' est plus doux , n ' est plus suavo à prendre , Qu ' un frais baiser sur uno bouche tendro , Sur uno bouche do seizo ans : Lorsque l ' Amour fait remonter aux lèvres 16 LE PLUS DOUX BAISER .Du coeur troublé les ravissantes fièvres , Mots parfumés d ' un angéliquo encens .Rien n ' est plus doux qu ' un baiser d ' uno mère , Baiser si pur ! Baiser que rien n ' altôro , Baiser plein do sincérité , Qui do nos fronts chasso lo mauvais rôvo ; Souille puissant qui souvent nous relèvo , Quand l ' Amour mômo ost sans autorité .",
                  "id": "18",
                  "title": "Arrière-garde : dernières poésies / par Casimir Faucompré"
            },
            {
                  "doc_url": "https://gallica.bnf.fr/ark:/12148/bpt6k99756j",
                  "emotions": [
                        "disgust",
                        "anger",
                        "fear",
                        "pain"
                  ],
                  "excerpt": "Et voici d ' autros machines femelles plus grossières encore vomissant des propos monstrueux , des coassements obscènes et toutes les ordures que peut cuntenir la panse d ' une balayeuse mécanique en état d ' ivresse .De tout cela il monte des bouffées indicibles da tapage immonde , brûlant , fétide ; senteurs de ceHe foule , cliquetis de cette ferraille , suant la rage , le cambouis et l ' huile .L ' embrasement s ' étend , tout s ' allume et ilambe au contact des incendiaires .",
                  "id": "19",
                  "title": "Ignis / [par le Cte Didier de Chousy]"
            },
            {
                  "doc_url": "https://gallica.bnf.fr/ark:/12148/bpt6k6514117j",
                  "emotions": [
                        "fear",
                        "annoyance"
                  ],
                  "excerpt": "Encre à écrire ( Fabriques d ' ) .Très - peu d ' inconvénient 3e IdemEncre d ' imprimerie ( Fabriques Odeur très - désagréable et danger lre Idemd ' ) .de feu .",
                  "id": "20",
                  "title": "Recueil des circulaires et instructions émanées du Ministère de l'intérieur de 1790 à 1830 inclusivement. Tome 3"
            }
      ]
}