{
      "articles": [
            {
                  "doc_url": "https://gallica.bnf.fr/ark:/12148/bpt6k5810536j",
                  "emotions": [
                        "fear",
                        "nervousness",
                        "pain"
                  ],
                  "excerpt": "maladies chroniques qui s ' établissent chez elle en permanence : éruption dé peau , plaies , ulcères , hémorrhoïdes , sueurs abondantes , engorgement des .seins , leucorrhée , haleine fétide , coryza , rhinite , migraines affreuses , névralgies , tic nerveux épileptiforme , etc .TRAITEMENT .",
                  "id": "1",
                  "title": "Traité pratique des maladies de l'appareil génital de la femme : avec une notice sur la stérilité et le moyen d'y remédier par la fécondation artificielle,... (2e éd.) / par le Docteur J. Gérard,..."
            },
            {
                  "doc_url": "https://gallica.bnf.fr/ark:/12148/bpt6k9663418x",
                  "emotions": [
                        "fear"
                  ],
                  "excerpt": "que l ' huile peut se volatiser dans les magasins , et que l ' approche d ' une lumière détermine l ' inflammation .Huile ( extraction de l ' ) et des autres Mauvaise odeur , et quelquè danger du 2 20 sept .1828 .",
                  "id": "2",
                  "title": "Droit administratif. Tome 2 / par M. de Cormenin"
            },
            {
                  "doc_url": "https://gallica.bnf.fr/ark:/12148/bpt6k54601659",
                  "emotions": [
                        "fear",
                        "curiosity"
                  ],
                  "excerpt": "SONNET NOIR A Maurice Rollinat .Vous recherchez l ' odeur âcre des pourritures , Les clartés de la lampe aux voûtes des caveaux Et vous interrogez , au creux des sépultures , Les crânes dont les vers ont mangé les cerveaux ; Sous l ' écorce des chairs , les jeunes ossatures Ont , pour vous , des attraits effrayants et nouveaux Et , la nuit , vous hantez d ' infâmes créatures Pour mieux nous détailler leurs monstrueux travaux .L ' ange de Baudelaire , aux noirs maudits fidèle , Suspend à votre luth un bouquet d ' asphodèle Cueilli dans les jardins du chantre du Corbeau ; O poète ! ô chercheur ! bravez les pudeurs fausses ! Fouillez la chair immonde et violez les fosses , Car vous serez , un jour , l ' OEdipe du tombeau ! R .",
                  "id": "3",
                  "title": "Mireille : revue des poètes marseillais / directeur : G. Mourey ; rédacteur en chef : R. Russel"
            },
            {
                  "doc_url": "https://gallica.bnf.fr/ark:/12148/bpt6k97798141",
                  "emotions": [
                        "fear",
                        "nervousness"
                  ],
                  "excerpt": "Son regard est mobile et inquiet ; il n ' ose regarder le mur de la salle du festin , dans la crainte d ' y lire des caractères funestes .Ses sens semblent devenir meilleurs pour le tourmenter : il voit , au milieu de la nuit , des lueurs menaçantes ; il est toujours environné de l ' odeur du carnage , il découvre le goût du poison dans le mets qu ' il a lui - même apprêté ; son oreille , d ' une étrange subtilité , trouve le bruit où tout le monde trouve le silence ; et sous les vêtements de son ami , lorsqu ' il l ' embrasse , il croit sentir un poignard caché 2 .( Génie du Christianisme , part .",
                  "id": "4",
                  "title": "Beautés de Chateaubriand ou Morceaux choisis des Martyrs et du Génie du christianisme : suivis des beautés du théâtre classique français, ou Choix des passages les plus remarquables à l'usage des élèves des collèges ou lycées et des écoles ecclésiastiques de Corneille, Racine, Voltaire et Molière... / par M.F.-M. Marcou,..."
            },
            {
                  "doc_url": "https://gallica.bnf.fr/ark:/12148/bpt6k123070w",
                  "emotions": [
                        "disgust",
                        "fear",
                        "pain",
                        "embarrassment"
                  ],
                  "excerpt": "Elle se trouva dans la première pièce , celle où , toute la nuit » se tient la brigade .Une odeur acre de corps de garde la saisit t à la gorge .Dans un coin , elle vit les matelas empilés , sur lesquels couchent les hommes .",
                  "id": "5",
                  "title": "Le crime de la place St Jacques : roman de moeurs contemporaines / par Léon et Frantz Beauvallet"
            },
            {
                  "doc_url": "https://gallica.bnf.fr/ark:/12148/bpt6k123070w",
                  "emotions": [
                        "fear",
                        "pain"
                  ],
                  "excerpt": "Le coin de la cité tient du village arabe et de la Cour des miracles .C ' est puant et sinistre .Cependant , à la ' porte d ' un débit de vins , car il y a un débit de vins dans ce temple de l ' ordure j ' aperçois sous un grillage , une affiche du théâtre des Gobelins .",
                  "id": "6",
                  "title": "Le crime de la place St Jacques : roman de moeurs contemporaines / par Léon et Frantz Beauvallet"
            },
            {
                  "doc_url": "https://gallica.bnf.fr/ark:/12148/bpt6k66256t",
                  "emotions": [
                        "surprise",
                        "fear"
                  ],
                  "excerpt": [
                        "Les deux côtés du quai , en partant du Pont - Neuf , étaient occupés , envahis par les éventaires des marchands en plein vent , ~ curistes ou fabricants de gaufres , vendeurs de fruits ou décrotteurs .Cn arome étrange montait de toute cette foule , où l ' odeur de la friture étoun ' ait le parfum des roses un bruit assourdissant s ' élevait où le glapissement du marchand de journaux faisait taire parfois l ' appel d ' un marchand - d ' orviétan en livrée dorée , qu ' entourait et écoutait la foule .Feule colorée , bigarrée , amusante à l ' œil , avec des couleurs gaies , séduisantes , et qui charmaient la vue des habits vert pomme , des châles , des châles rosé - thé , jaune safran des robes d ' un blanc transparent , des nacrures d ' épaules , des éclairs de chair nue sous le grand soleil .",
                        "Où en sommes - nous ? ` .' évidemment - Laurent Lafresnaie ne savait rien de lit sombre détermination que venaient de prendre les conjurés , mais il régnait dans ce salon comme une odeur de meurtre .Marcelle se rendit compte , sans en ."
                  ],
                  "id": "7",
                  "title": "Les Muscadins / Jules Claretie"
            },
            {
                  "doc_url": "https://gallica.bnf.fr/ark:/12148/bpt6k6377951f",
                  "emotions": [
                        "fear"
                  ],
                  "excerpt": "e i & ià • ' riatique oxygéné .fI pnner 1 1 Toiles peintes ( Ateliers de ) Mauvaise odeur et danger du feu .3 ° .",
                  "id": "8",
                  "title": "Recueil méthodique et chronologique des lois, décrets, ordonnances, arrêtés, circulaires, etc., concernant le service des ingénieurs au corps impérial des mines. Tome 1 / dressé par M. Lamé Fleury,..."
            },
            {
                  "doc_url": "https://gallica.bnf.fr/ark:/12148/bpt6k772688",
                  "emotions": [
                        "disgust",
                        "fear"
                  ],
                  "excerpt": "Les accidents mortels causes par le phénol sont nombreux on ne cite que très peu de cas d ' intoxications criminelles ' .L ' odeur si prononcée et si connue de ce poison rend son emploi diincile .Les cas de mort constates sont presque tous des suicides ou des accidents accidents résultant , par exemple , de méprises dans l ' usage médical de solutions d ' acide phémque trop concentrées .",
                  "id": "9",
                  "title": "Traité de chimie toxicologique / par J. Ogier,..."
            },
            {
                  "doc_url": "https://gallica.bnf.fr/ark:/12148/bpt6k9663418x",
                  "emotions": [
                        "fear"
                  ],
                  "excerpt": "Cretonniers .Mauvaise odeur et danger du feu .1 15 oct .",
                  "id": "10",
                  "title": "Droit administratif. Tome 2 / par M. de Cormenin"
            },
            {
                  "doc_url": "https://gallica.bnf.fr/ark:/12148/bpt6k9663418x",
                  "emotions": [
                        "fear",
                        "annoyance",
                        "nervousness"
                  ],
                  "excerpt": "ligne de poissons ( fabrique d ' ) .Odeur désagréable , et danger du feu .1 15 oct .",
                  "id": "11",
                  "title": "Droit administratif. Tome 2 / par M. de Cormenin"
            },
            {
                  "doc_url": "https://gallica.bnf.fr/ark:/12148/bpt6k9761429b",
                  "emotions": [
                        "surprise",
                        "fear"
                  ],
                  "excerpt": "Le soleil disparaît ; — la tempête menace , Mais la couveuse attend , et sans changer de place ; Rien ne peut la troubler ni causer son effroi : Elle aime et ne craint rien ; elle aime ; elle a la foi ; Elle voit sans frémir le brouillard qui se glisse Toujours , toujours plus noir au flanc du précipice ; Et le vent des hauteurs soudain s ' est rafraîchi , Et la neige s ' engouffre en tourbillon blanchi .Tout ce qui peut voler fuit devant la tourmente ; Bientôt l ' épais linceul couvre l ' herbe odorante ; Quelques cris effarés ont retenti dans l ' air ..",
                  "id": "12",
                  "title": "Chants du pays : recueil poétique de la Suisse romande (2e éd. revue et augmentée) / publié par A. Imer-Cuno"
            },
            {
                  "doc_url": "https://gallica.bnf.fr/ark:/12148/bpt6k6377951f",
                  "emotions": [
                        "disgust",
                        "fear",
                        "annoyance"
                  ],
                  "excerpt": ", 1 .Odeur désagréable et danger du feu .ira .",
                  "id": "13",
                  "title": "Recueil méthodique et chronologique des lois, décrets, ordonnances, arrêtés, circulaires, etc., concernant le service des ingénieurs au corps impérial des mines. Tome 1 / dressé par M. Lamé Fleury,..."
            },
            {
                  "doc_url": "https://gallica.bnf.fr/ark:/12148/bpt6k9750834f",
                  "emotions": [
                        "disgust",
                        "fear",
                        "disapproval",
                        "doubt"
                  ],
                  "excerpt": "De ilvicere chllncrcux .C Omment Guy de Chauliac définit1 U l ' ulceré chancreux ? Il le definit un ulcere apparent , rond , horrible & puant avec des - bords durs , devez & rënversez , de couleur livide .Il coule de ce cancer une fanie acre & corrosive : il fait souffrir d ' insupportables douleurs .",
                  "id": "14",
                  "title": "Le Maistre en chirurgie, ou L'abregé complet de la chirurgie de Guy de Chauliac, expliqué par demandes & par réponses en la maniére qu'on les fait à Saint Côme . Par L. Verduc,... 3e édition, exactement revue, corrigée et beaucoup augmentée sur les Mémoires trouvez après la mort de l'auteur"
            },
            {
                  "doc_url": "https://gallica.bnf.fr/ark:/12148/bpt6k9663418x",
                  "emotions": [
                        "fear"
                  ],
                  "excerpt": "Soufre ( fabrique des fleurs de ) .Grand danger du feu et odeur désa - 1 9 février 1825 .gréable .",
                  "id": "15",
                  "title": "Droit administratif. Tome 2 / par M. de Cormenin"
            },
            {
                  "doc_url": "https://gallica.bnf.fr/ark:/12148/bpt6k6377951f",
                  "emotions": [
                        "fear"
                  ],
                  "excerpt": "5 novembre 1836 .Feutre goudronmé propre au doublage des Mauvaise odeur et danger d ' incendie .se .",
                  "id": "16",
                  "title": "Recueil méthodique et chronologique des lois, décrets, ordonnances, arrêtés, circulaires, etc., concernant le service des ingénieurs au corps impérial des mines. Tome 1 / dressé par M. Lamé Fleury,..."
            },
            {
                  "doc_url": "https://gallica.bnf.fr/ark:/12148/bpt6k5461543d",
                  "emotions": [
                        "fear",
                        "faith",
                        "frustration"
                  ],
                  "excerpt": "Vomi par l ' Orient , un terrible fléau , Fertilisant la mort et creusant le tombeau , 118 LA MORT NOIRE .Et d ' un pas mesuré cheminant en silence , Dévasta l ' Occident jusqu ' aux murs de Florence ^ Envain des magistrats l ' ardente activité Aux miasmes impurs arrachait la cité ; Envain des saints martyrs promenant les reliques , Par des chants de détresse et de pieux cantiques , Le peuple en sa terreur invoquait l ' Eternel , Rien n ' arrêtait le cours de ce fléau cruel .Non qu ' un sang épanché des brûlantes narines Fût , comme dans Ephèse aux riantes collines , D ' un sinistre destin l ' affreux avant - coureur : Ici les premiers coups du fléau destructeur Frappaient le jeune enfant dans les bras de sa mère ; Et d ' un souffle empesté la vapeur mortifère , Sous l ' aisselle bleuâtre inoculant son fiel , Du reste des vivans séparait le mortel .",
                  "id": "17",
                  "title": "Le Choléra-Morbus, les Monati de Milan, et la Mort noire, poèmes, précédés d'un précis historique sur le choléra, et suivis de l'histoire de la peste de Marseille, par J.-L. Boucharlat,..."
            },
            {
                  "doc_url": "https://gallica.bnf.fr/ark:/12148/bpt6k9663418x",
                  "emotions": [
                        "disgust",
                        "fear",
                        "annoyance"
                  ],
                  "excerpt": "1815 .Huile de térébenthine et huile d ' aspic Odeur désagréable , et danger du feu .1 15 oct .",
                  "id": "18",
                  "title": "Droit administratif. Tome 2 / par M. de Cormenin"
            },
            {
                  "doc_url": "https://gallica.bnf.fr/ark:/12148/bpt6k68689c",
                  "emotions": [
                        "disgust",
                        "fear",
                        "pain"
                  ],
                  "excerpt": "Des gémissements en sortaient , une plainte à deux voix , toujours la même < x Mâmâ ! mâmâ N » C ' étaient les petits Margassois , enfermés parleur mère , et qui , ne la voyant pas revenir , criaient la tlum et la peur .Le verrou tiré , dès le seuil une puanteur prenait les Lortal à la gorge ; et il leur sembla que ça sentait plus mauvais encore , la chandelle allumée , quand le taudis apparut dans toute sa hideur .Rien que les quatre murs ; un endroit vague , étable ? hangar ? où les araignées habitaient en haut , où des êtres rampaicnt en bas , dans la bouc .",
                  "id": "19",
                  "title": "Chante-Pleure / Émile Pouvillon"
            },
            {
                  "doc_url": "https://gallica.bnf.fr/ark:/12148/bpt6k376656s",
                  "emotions": [
                        "surprise",
                        "fear",
                        "nervousness",
                        "pain"
                  ],
                  "excerpt": "Le parapet s ' est effondré , nous ensevelissant à mi - corps .J ' ai entendu des cris et j ' ai vu une tête qui pendait , sectionnée , d ' effrayantes plaies , et j ' ai senti une âcre odeur de sang brûlé .Ils sont tous morts ou agonisants , les zouaves de la liaison .",
                  "id": "20",
                  "title": "Mon tour viendra : l'enfer du poilu / Cyp. Etchegoyen"
            }
      ]
}