{
      "articles": [
            {
                  "doc_url": "https://gallica.bnf.fr/ark:/12148/bpt6k10922622",
                  "emotions": [
                        "disgust",
                        "fear",
                        "nervousness"
                  ],
                  "excerpt": "R .redoute ; car ayanr aftuel - lement la petite vérole , leurs émanations font conragieufes & portent les principes de la maladie ; ils onr déjà infeété l ' apartement , les meubles les les alïïltans , & c .Il eft donc inutile de les emporter alors » la contagion ne peut être prévenue , par ce moyen j ils l ’ ont déjà feraé ; ils continueront à la répandre dans les rues pendant le transport .",
                  "id": "1",
                  "title": "Observations, sur la nature, les causes et les effets des épidémies varioliques et réfutation de quelques écrits, contre l'inoculation de la petite vérole. : Ouvrage, où l'on trouve les preuves les plus convaincantes, de l'utilité de cette pratique ; & les plus propres à déterminer enfin, tous les Citoyens à l'adopter."
            },
            {
                  "doc_url": "https://gallica.bnf.fr/ark:/12148/bpt6k5478143g",
                  "emotions": [
                        "anger",
                        "fear"
                  ],
                  "excerpt": "Kam .adéV : ' mén i khan i morliângheri , ( c ) la puanteur des cuirs nous frappera .I kan i morliângheri , est une belle expression .",
                  "id": "2",
                  "title": "Études sur les Tchinghianés, ou Bohémiens de l'empire ottoman / par Alexandre G. Paspati,..."
            },
            {
                  "doc_url": "https://gallica.bnf.fr/ark:/12148/bpt6k781834",
                  "emotions": [
                        "fear"
                  ],
                  "excerpt": "le l ' nÉsn ' Bxir donne lecture de la lettre suhantc < Monsieur le Vice - Président , M .Georges Ucnoit - Lcvy , Secrétaire générât de t ' OEuvre des Cités Jardins de France , m ' a signaté < les dangers considérabtcs que présentent les ravalements a la céruse surtout lorsqu ' il s ' agit de garde - manger de cuisine où les alimenta sont plus , ou moins en e contact avec ta peinture fratche et ses émanations M .te D ' Bordas , ! nspecteur générât adjoint des Services techniques d ' Hygiène de la Préfecture de Police , que j ' ai consulté & ce sujet , m ' a fait connaitrc < qu ' it n ' estime pas que les émanations de la Il peinture fratctte à la céruse puissent présenter te moindre danger Il pour la santé publique dans tes conditions où se font géneratement ces opérations * .",
                  "id": "3",
                  "title": "Compte-rendu des séances du Conseil d'hygiène publique et de salubrité du département de la Seine / publié sous la direction du Préfet de la Seine et du Préfet de Police"
            },
            {
                  "doc_url": "https://gallica.bnf.fr/ark:/12148/bpt6k5833290s",
                  "emotions": [
                        "fear"
                  ],
                  "excerpt": "Ni la parole , ni le fouet , ne purent le faire avancer .Le médecin descendit de voiture et reconnut une masse noire étendueen travers sur le chemin ; lu lieu de revenir sur ses pas , il s ' approcha de l ' obstacle et entendit un ronflement assez fort ; il s ' aperçut aussi que celui qui ronflait 40 LES CAUSERIES DU DOCTEUR exhalait une odeur d ' eau - de - vie bien pronon cée .Celait un ivrogne qui aurait pu êtn écrasé parla voiture ou piétiné par le cheval si ce dernier n ' eût pas été intelligent .",
                  "id": "4",
                  "title": "Les Causeries du Dr Ch. Fichot,..."
            },
            {
                  "doc_url": "https://gallica.bnf.fr/ark:/12148/bpt6k1054787",
                  "emotions": [
                        "fear",
                        "nervousness"
                  ],
                  "excerpt": "Elle s ' arréta au deuxième étage , et nous entrâmes dans une petite chambre assez modestement meublée rideaux blancs , ' commode en acajou à dessus de marbre cassé , fauteuil en noyer , garni de velours d ' Utrecht jaune , table en sapin et chaises de paille ; forte odeur de cigare .L ' odeur du tabac m ' inspira immédiatement des inquiétudes .La jeune fille avait quitté son chapeau et son manteau , elle était pMe et visiblement émue .",
                  "id": "5",
                  "title": "Mémoires d'un bourgeois de province / par A.-G. de Mériclet,..."
            },
            {
                  "doc_url": "https://gallica.bnf.fr/ark:/12148/bpt6k62056699",
                  "emotions": [
                        "fear",
                        "excitement",
                        "pride",
                        "nervousness"
                  ],
                  "excerpt": "Cette membrane , repliée dans les anfractuosités nombreuses des cornets et méats , présente une superficie d ' autant plus grande aux impressions olfactives .Le nerf olfactif vient se rami - fier dans lapituitaire .Il pénètre dans les fosses nasales en traversant la lame criblée de l ' ethmoïde et se distribue à leur partie supérieure seulement .",
                  "id": "6",
                  "title": "Le corps humain (3e édition illustrée de 46 vignettes par Léveillé) / par A. Le Pileur,..."
            },
            {
                  "doc_url": "https://gallica.bnf.fr/ark:/12148/bpt6k62056699",
                  "emotions": [
                        "disgust",
                        "fear",
                        "nervousness"
                  ],
                  "excerpt": "Un exercice violent et le repas , en activant la sécrétion , font ordinai - rement disparaître cette sensation , dont la persistance peut être fort incommode .Gerdy faisait du sens olfactif le conseiller de l ' estomac .Quand l ' appétit se fait sentir , l ' odeur des aliments paraît agréable ; elle répugne , au contraire , quand la faim est satisfaite , et l ' odorat nous avertit alors de ne plus prendre de nourriture .",
                  "id": "7",
                  "title": "Le corps humain (3e édition illustrée de 46 vignettes par Léveillé) / par A. Le Pileur,..."
            },
            {
                  "doc_url": "https://gallica.bnf.fr/ark:/12148/bpt6k9610648f",
                  "emotions": [
                        "fear",
                        "courage",
                        "embarrassment"
                  ],
                  "excerpt": "XI .Prends garde , jeune homme , ce nuage , là haut , qui ressemble à une poussière dorée , cache la foudre ! Prends garde , jeune fille , cette rose , qui s ' épanouit joyeuse et parfumée sur ton front , elle est cueillie sur un tombeau .Le pain que tu manges , ô homme , c ' est la cendre de tes pères ! XII .",
                  "id": "8",
                  "title": "Pensées de l'art et de la vie, par Charles Des Guerrois"
            },
            {
                  "doc_url": "https://gallica.bnf.fr/ark:/12148/bpt6k5620732c",
                  "emotions": [
                        "fear",
                        "greed"
                  ],
                  "excerpt": "En Palestine , il y a une foule de légendes sur l ' hyène : je me bornerai ici à en reproduire une seule , qui est la plus répandue .C ' est une croyance admise par tous les habitants que l ' hyène , à cause de sa lâcheté , n ' attaque jamais l ' homme , parce qu ' elle le craint ; elle est toujours attirée par l ' odeur du sang , et elle se sert de toute la malice et de la ruse qu ' elle possède au plus haut degré , pour vous faire répandre le vôtre , car alors vous devenezsa proie .On dit qu ' elle se met en embuscade dans les lieux fréquentés , et que , comme elle est douée d ' une certaine force d ' attraction sur l ' être humain , elle s ' en sert pour le contraindre à la suivre ; qu ' elle fait passer sa victime par des lieux difficiles et rocailleux , afin de profiter de ses chutes et de ses blessures pour l ' attaquer dès que la peur ou la fatigue l ' ont mise hors d ' état de se défendre .",
                  "id": "9",
                  "title": "La Palestine actuelle dans ses rapports avec la Palestine ancienne : Produits, moeurs, coutumes, légendes, traditions, par le Dr Ermete Pierotti,..."
            },
            {
                  "doc_url": "https://gallica.bnf.fr/ark:/12148/bpt6k5620732c",
                  "emotions": [
                        "disgust",
                        "fear",
                        "indifference"
                  ],
                  "excerpt": "L ' épouse , toujours voilée , est conduite par son époux et son père ou par le plus proche parent de celui - ci , qui la confie aux soins des femmes de la famille de l ' époux en arrivant à la maison de ce dernier , Un somptueux banquet , béni par les papas , est préparé pour les hommes d ' un côté et pour les femmes de l ' autre .Je me suis toujours fort peu soucié d ' assister à ces honnêtes bacchanales , où le vacarme , les chants , les cris , l ' odeur des mets , les feux , la chaleur des appartements , les insectes qu ' on attrape assis par terre ou que vous communique quelque voisin - , sont autant de choses qui attaquent les nerfs , alourdissent l ' esprit , tympanisent les oreilles , fatiguent les yeux , révoltent l ' odorat , vous cassent la poitrine et salissent vos habits .Quelle belle matière à description pour un romancier que cette scène orientale ! Je voudrais être poète , pour en faire un plus beau tableau et pour raconter les caresses de l ' épouse et les tentatives amoureuses de l ' époux ; mais malheureusement celui qui voit les choses de près ne peut s ' empêcher de plaindre une pauvre jeune fille de douze ou quatorze ans , qui se prête , comme un automate .",
                  "id": "10",
                  "title": "La Palestine actuelle dans ses rapports avec la Palestine ancienne : Produits, moeurs, coutumes, légendes, traditions, par le Dr Ermete Pierotti,..."
            },
            {
                  "doc_url": "https://gallica.bnf.fr/ark:/12148/bpt6k5551493x",
                  "emotions": [
                        "surprise",
                        "fear",
                        "doubt",
                        "nervousness"
                  ],
                  "excerpt": "SALOMITH , LE CHOEUR , SALOMITH .Que de craintes , mes soeurs , que de troubles mortels ! , Dieu tout - puissant , sont - ce là les prémices , Les parfums et les sacrifices , Qu ' on devait en ce jour offrir sur tes autels ? Une des filles du Choeur .Quel spectacle à nos yeux timides ! Qui l ' eût cru , qu ' on dûlrvoir jamais Les glaives meurtriers , les lances homicides , Briller dans la maison de paix ! Une autre .",
                  "id": "11",
                  "title": "Théâtre classique , contenant les tragédies chrétiennes d'Esther et d'Athalie, par Racine père ; et Polyeucte, par P. Corneille. Nouvelle édition"
            },
            {
                  "doc_url": "https://gallica.bnf.fr/ark:/12148/bpt6k65000d",
                  "emotions": [
                        "disgust",
                        "fear",
                        "nostalgia",
                        "nervousness"
                  ],
                  "excerpt": "Je fais boire de l ' eau ou du vinaigre en guise de vin .Je fais respirer de l ' ammoniaque pour de l ' eau de Cologne .« Pourquoi lisez - vous cette page ? » lui dis - je .",
                  "id": "12",
                  "title": "De la suggestion dans l'état hypnotique et dans l'état de veille / par le Dr Bernheim,..."
            },
            {
                  "doc_url": "https://gallica.bnf.fr/ark:/12148/bpt6k1148382",
                  "emotions": [
                        "fear",
                        "nostalgia",
                        "courage"
                  ],
                  "excerpt": "J ' avais l ' âge qu ' on n ' a qu ' une fois .L ' âge où l ' on est brave , téméraire , imprudent , fou ; où le danger a ses ivresses où le péril grise comme un verre de vin vieux ou comme un sourire de jeune vierge où , mourir en face du soleil , à coups d ' épée , sur un champ de bataille , avec l ' odeur de la poudre , semble meilleur que mourir dans son lit , à coups de tisane , en face d ' une garde - malade , avec une atmosphère d ' hôpital .Aujourd ' hui je partage encore mon opinion à l ' endroit de toutes ees choses .",
                  "id": "13",
                  "title": "Au bord de la Bièvre : impressions et souvenirs (Nouvelle édition, précédée d'une bibliographie des ouvrages de l'auteur) / Alfred Delvau"
            },
            {
                  "doc_url": "https://gallica.bnf.fr/ark:/12148/bpt6k888363w",
                  "emotions": [
                        "disgust",
                        "fear"
                  ],
                  "excerpt": "Elle les vit , par la pensée , les brutes arrogantes , toisant impudemment les femmes , pâlies de détresse .Elle imagina l ’ atroce spectacle de ces soldats crapuleux , s ’ épandant comme un limon puant par nos belles avenues ; grouillant — grise vermine — dans les rues de nos vieux quartiers , d ’ un charme suranné et exquis .Et toute la beauté de notre adorable Paris lui parut soudain obscurcie , polluée , sous l ’ ignoble envahissement .",
                  "id": "14",
                  "title": "L'aimée (notre terre) : grand roman inédit / Lise Pascal"
            },
            {
                  "doc_url": "https://gallica.bnf.fr/ark:/12148/bpt6k202510t",
                  "emotions": [
                        "fear",
                        "doubt"
                  ],
                  "excerpt": "Sans * .' doute , quand un singe ou tel autre animal grimpant aperçoit , ce large étendard de verdure , l ' arbre a beau être entouré \" d ' épines a son pied , ce signal lui annonce qu ' il ' a des correspondances dans ' là ' place l ' odeur des ' cordons qui des .cëndent .",
                  "id": "15",
                  "title": "Oeuvres complètes de Jacques-Henri-Bernardin de Saint-Pierre. T. 4, 2 / , mises en ordre et précédées de la vie de l'auteur, par L. Aimé-Martin"
            },
            {
                  "doc_url": "https://gallica.bnf.fr/ark:/12148/bpt6k54612708",
                  "emotions": [
                        "grief",
                        "sadness",
                        "fear",
                        "nostalgia",
                        "doubt",
                        "nervousness",
                        "disappointment"
                  ],
                  "excerpt": "Ses yeux , Brûlés de trop de pleurs , sont lourds de trop d ' adieux Pour croire qu ' ici - bas quelque chose persiste .Nul ne sait quand il vient , ni comment , ni pourquoi , Et les coeurs ingénus qu ' emplit son vague effroi L ' attendent qu ' il est loin déjà , le Passant triste ! EVOCATION Pour évoquer les jours défunts Il m ' a suffi de quelques roses : J ' ai respiré dans leurs parfums Tes lèvres closes .Je sais des jasmins d ' occident Aussi veloutés que ta gorge ; Tes cheveux blonds sont cependant Moins blonds que l ' orge .",
                  "id": "16",
                  "title": "Poésies complètes : Amour breton, Le bois dormant, Le pardon de la reine Anne, Impressions et souvenirs / Charles Le Goffic"
            },
            {
                  "doc_url": "https://gallica.bnf.fr/ark:/12148/bpt6k54612708",
                  "emotions": [
                        "fear",
                        "love",
                        "nostalgia",
                        "doubt"
                  ],
                  "excerpt": ".Cependant La lune qui décroît va quitter l ' Occident , Et , si nous refusons de partir avec elle , Tout chemin nous sera fermé ! URGANDE Que nous importe , ô mon aimé ? GWION Mais c ' est le clos d ' antan , le pourpris embaumé , Et le val et la source et les champs d ' asphodèle , C ' est tout l ' Éden que nous perdons , chère infidèle , Si l ' aube nous retrouve ici ! , ..",
                  "id": "17",
                  "title": "Poésies complètes : Amour breton, Le bois dormant, Le pardon de la reine Anne, Impressions et souvenirs / Charles Le Goffic"
            },
            {
                  "doc_url": "https://gallica.bnf.fr/ark:/12148/bpt6k5470454t",
                  "emotions": [
                        "fear"
                  ],
                  "excerpt": "Elle était jeune ! sa voix venait de le promettre .Pourtant , un parfum dé citron mêlée d ' ambre émana tout à coup , et me fit redouter la petite - maîtresse déjà surannée .— Donnez votre main , dit - elle .",
                  "id": "18",
                  "title": "Oeuvres complètes de Henri de Latouche. , Grangeneuve / par H. de Latouche"
            },
            {
                  "doc_url": "https://gallica.bnf.fr/ark:/12148/bpt6k42200907",
                  "emotions": [
                        "surprise",
                        "sadness",
                        "fear",
                        "nostalgia",
                        "nervousness",
                        "pain",
                        "faith"
                  ],
                  "excerpt": "Pour l ’ arrêter longtemps la terre est trop frivole .Trop d ’ encens lui déplaît , trop de cris lui font peur ; Elle étoufre en un temple , et sa puissante haleine , Qui cherche les parfums et l ’ air pur de la plaine , Rafraîchit en passant le front du laboureur .On dit qu ’ elle descend rapide , inattendue ; Que son aile sur nous repose détendue .",
                  "id": "19",
                  "title": "Choix de poésies / Marceline Desbordes-Valmore ; notice par Maxime Formont"
            },
            {
                  "doc_url": "https://gallica.bnf.fr/ark:/12148/bpt6k5789140j",
                  "emotions": [
                        "fear"
                  ],
                  "excerpt": "Comme ses douleurs augmentaient en chemin de fer , son compagnon lui dit : « Moi aussi , j ' ai souvent des douleurs dentaires insupportables , mais je les calme en respirant du chloroforme ; j ' ai mon appareil sur moi , vous devriez en essayer .» L ' autre obéit à cette suggestion et commence à respirer le chloroforme ; mais bientôt arrive la période de révolte ; il se débat , son camarade prend peur , n ' ose continuer l ' anesthésie , et quand sa victime , reprenant tout à fait ses sens , lui dit : « Vous avez voulu me tuer , » il jette par la portière du wagon , sur la voie où il a été retrouvé , son appareil et la boîte qui le contenait .Bientôt , de plus en plus troublé , il descend à Angers ; il abandonne l ' idée du voyage à Saint - Nazaire et revient avec son ami à Paris .",
                  "id": "20",
                  "title": "Cours de médecine légale de la Faculté de médecine de Paris.... Les attentats aux moeurs / par P. Brouardel,..."
            }
      ]
}