{
      "articles": [
            {
                  "doc_url": "https://gallica.bnf.fr/ark:/12148/bpt6k65671455",
                  "emotions": [
                        "fear"
                  ],
                  "excerpt": "198 .miasmes dangereux se cachent sous les apparences d ' une odeur suave .En d ' autres termes , tout ce qui sent mauvais n ' empoisonne pas , tout ce qui empoisonne ne sent pas mauvais .",
                  "id": "1",
                  "title": "La maison : étude d'hygiène et de bien-être domestiques / par J.-B. Fonssagrives,..."
            },
            {
                  "doc_url": "https://gallica.bnf.fr/ark:/12148/bpt6k5484955g",
                  "emotions": [
                        "fear",
                        "pain"
                  ],
                  "excerpt": "Son action délétère est due a ce qu ' il se combine à l ' hémoglobine du sang en formant un composé très stable que l ' oxygène ne peut pas décomposer ; les globules sanguins qui renferment ce composé ne peuvent donc plus transporter l ' oxygène au contact des cellules ; les combustions diminuent ou s ' arrêtent , de sorte qu ' il y a là un véritable empoisonnement .Cegazcsl d ' autant plus dangereux qu ' il ne trahit sa présence par aucune odeur ; il occasionne des maux de tête , des vertiges , des vomissements , puis la mort si son action se prolonge .Dès que les premiers symptômes se manifestent , Fio .",
                  "id": "2",
                  "title": "Manuel de chimie : écoles primaires supérieures (jeunes filles), cours complémentaires, candidates au brevet... (8e édition revue et corrigée) / par Mme B. Gauthier-Echard,..."
            },
            {
                  "doc_url": "https://gallica.bnf.fr/ark:/12148/bpt6k1342470n",
                  "emotions": [
                        "fear"
                  ],
                  "excerpt": ".Odeur , émanations nuisibles et danger d ' incendic Fumée , · odeur Emanations nuisiblcs , odeur .Odeur Idem Odeur et poussièrc Odeur Altération des eaux Odeur Idem Odeur et danger d ' incendie .",
                  "id": "3",
                  "title": "Annales des ponts et chaussées. Mémoires et documents relatifs à l'art des constructions et au service de l'ingénieur. Lois, décrets, arrêtés et autres actes concernant l'administration des ponts et chaussées"
            },
            {
                  "doc_url": "https://gallica.bnf.fr/ark:/12148/bpt6k64728348",
                  "emotions": [
                        "joy",
                        "fear"
                  ],
                  "excerpt": "Inconvénients .— Exhalaisons dangereuses .Les creusets destinés a la fonte au contact de l ' air bien qu ' à une base température .",
                  "id": "4",
                  "title": "L'hygiène et l'industrie dans le département du Nord : vade-mecum des conseils de salubrité, des industriels et des fonctionnaires chargés de la police sanitaire"
            },
            {
                  "doc_url": "https://gallica.bnf.fr/ark:/12148/bpt6k5541021s",
                  "emotions": [
                        "grief",
                        "disgust",
                        "fear"
                  ],
                  "excerpt": ".Le cadavre arrivait jusqu ' à moi sans parler et se couchait sur moi ; c ' était alors une sensation effroyable , un cauchemar donl rien ne saurait approcher ; car outre le poids de sa masse informe dégoûtante , je sentais une odeur pestilentielle découler des baisers « lotit il me couvrait ..",
                  "id": "5",
                  "title": "Les hallucinations volontaires (l'état hallucinatoire) / par le Dr P. Dheur,.... Suivi d'un chapitre sur les hallucinations / notes manuscrites et inédites du Dr J. Moreau (de Tours)"
            },
            {
                  "doc_url": "https://gallica.bnf.fr/ark:/12148/bpt6k42205632",
                  "emotions": [
                        "sadness",
                        "fear",
                        "nervousness",
                        "pain",
                        "disappointment"
                  ],
                  "excerpt": "L E fcorbut s ’ annonce d ’ abord par ces lignes .Un homme qui fe portoit bien auparavant , fe trouve tout - à - coup abattu , fans qu ’ il ait précédé aucune autre maladie , en forte qu ’ il ne peut faire aucun exercice qu ’ avec peine , St qu ’ il ne fe trouve bien que lorfqu ’ il eft couché ; il a beaucoup de difficulté de marcher , fur - tout lorfqu ’ il faut monter ou defcendre ; les urines font pâles , crues , le plus fouvent rouges , plus ou moins fétides ; les gencives commencent à fe gonfler , l ’ haleine devient puante .Symptômes du fécond dégré .",
                  "id": "6",
                  "title": "Nouveaux éléments de matière médicale , extraits des leçons publiques de M. de Lamure,... avec des réflexions judicieuses... pour la connoissance des maladies, & l'application des médicaments, dans l'exercice de la pratique de la médecine, recueillis & mis en ordre par M***, docteur en médecine... Edition revue et corrigée."
            },
            {
                  "doc_url": "https://gallica.bnf.fr/ark:/12148/bpt6k9105580c",
                  "emotions": [
                        "fear",
                        "annoyance",
                        "disapproval",
                        "pain",
                        "faith"
                  ],
                  "excerpt": "Et y en avoit ja bien mis seze balles et demie , et s ’ esbahissoit que diable ceste plaie est profunde : il y entreroit de mousse plus de deux charretées .Mais le regnard l ’ advisa : « O compère lion , mon ami , je te prie , ne mets ici toute la mousse , « garde - s - en quelque peu ; car il y a encore ici dessoubs un aultre petit « pertuis , qui pue comme cinq cents diables : j ’ en suis empoisonné de « l ’ odeur , tant il est punais .» « Ainsi fauldroit garder ces murailles des mouches , et mettre esmou - cheteurs à gages * » Lors dist Pantagruel : « Comment sçais - tu que les membres honteux des femmes sont à si bon marché ? Car en ceste ville il y ha force preude - femmes , chastes et pucelles .",
                  "id": "7",
                  "title": "Oeuvres de Rabelais (Nouv. éd.) / précédées d'une notice sur la vie et les ouvrages de Rabelais par Pierre Dupont ; ill. par Gustave Doré"
            },
            {
                  "doc_url": "https://gallica.bnf.fr/ark:/12148/bpt6k6140175m",
                  "emotions": [
                        "fear"
                  ],
                  "excerpt": "L ' odorat est le sens qui reçoit les odeurs ; il a le iiez pour organe .Il nous prévient des mauvaises exhalaisons qui pourraient nuire à notre santé .Quelle fête pour lui quand , nous promenant dans un beau parterre , il respire les suaves parfums des fleurs ! Le goilt est le sens qui nous fait distinguer les saveurs ; il réside dans la langue et dans le palais .",
                  "id": "8",
                  "title": "Le deuxième livre des petites filles : cours élémentaire... (48e éd.) / par Clarisse Juranville,..."
            },
            {
                  "doc_url": "https://gallica.bnf.fr/ark:/12148/bpt6k8705718z",
                  "emotions": [
                        "disgust",
                        "anger",
                        "fear",
                        "nervousness"
                  ],
                  "excerpt": "II luy cft arrivé fouvcnt que fent .uit de la repu griance & dc l ' horreur dc divcrfcs choies j pour fe vaincre iby - méme , elle alloit au delà de ce qu ' elle auroit dû fiirc dans le cours ordinaire ; jufqu ' a ava 1er dcs phlegmcs puants & pourris des pauvres 2 ; ens tout - à - fiit infcéfez des maladies trcs - dan ^ ercufes dont clle ièntoit dc ravcriïon .Elle les prenoit dans fon moucheoir iâns qu ' on s ' en apperçcût , & maî gré toutes les reiiftances horribles qu ' clle rciîèntoit dans cette aâ : ion , elle domtoit ainfi la nature , vou lant qu ' clle fût foûmiiè à la grace .",
                  "id": "9",
                  "title": "La vie de la mere Catherine de Saint Augustin, religieuse hospitaliere de la Misericorde de Quebec en la Nouvelle-France. Composée par le reverend pere Paul Ragueneau de la Compagnie de Jesus."
            },
            {
                  "doc_url": "https://gallica.bnf.fr/ark:/12148/bpt6k64728348",
                  "emotions": [
                        "disgust",
                        "fear"
                  ],
                  "excerpt": "Inconvénients .— Odeur très - désagréable et danger d ' incendie .Huile .",
                  "id": "10",
                  "title": "L'hygiène et l'industrie dans le département du Nord : vade-mecum des conseils de salubrité, des industriels et des fonctionnaires chargés de la police sanitaire"
            },
            {
                  "doc_url": "https://gallica.bnf.fr/ark:/12148/bpt6k64728348",
                  "emotions": [
                        "fear"
                  ],
                  "excerpt": "Inconvénients .— Odeur désagréable et danger du feu .Cette opération doit être reléguée dans les abattoirs publics partout où il y en a d ' établis .",
                  "id": "11",
                  "title": "L'hygiène et l'industrie dans le département du Nord : vade-mecum des conseils de salubrité, des industriels et des fonctionnaires chargés de la police sanitaire"
            },
            {
                  "doc_url": "https://gallica.bnf.fr/ark:/12148/bpt6k54431166",
                  "emotions": [
                        "disgust",
                        "fear"
                  ],
                  "excerpt": "Tu n ' oses , chaste muse , en dépeindre l ' horreur .De cet ulcère infect l ' insupportable odeur Va sur la ville entière , en devient le supplice .Quelle est - elle au palais ! Deux fois la cicatrice 80 CONSTANTIN : .",
                  "id": "12",
                  "title": "Conversion du grand Constantin à la religion chrétienne, poëme historique et religieux... par M. l'abbé Delaune"
            },
            {
                  "doc_url": "https://gallica.bnf.fr/ark:/12148/bpt6k64728348",
                  "emotions": [
                        "fear"
                  ],
                  "excerpt": "lnconvénients .- Mauvaise odeur et danger du feu .( Voir Toile cirée .",
                  "id": "13",
                  "title": "L'hygiène et l'industrie dans le département du Nord : vade-mecum des conseils de salubrité, des industriels et des fonctionnaires chargés de la police sanitaire"
            },
            {
                  "doc_url": "https://gallica.bnf.fr/ark:/12148/bpt6k64728348",
                  "emotions": [
                        "fear"
                  ],
                  "excerpt": "— 31 mai 1833 .Inconvénients — Mauvaise odeur et danger d ' incendie .Aucune préparation , aucun emploi du goudron ne peut se pratiquer sans inconvénient pour le voisinage , aussi si l ' isolement n ' est pas complet , le travail de nuit doit être exclusivement prescrit .",
                  "id": "14",
                  "title": "L'hygiène et l'industrie dans le département du Nord : vade-mecum des conseils de salubrité, des industriels et des fonctionnaires chargés de la police sanitaire"
            },
            {
                  "doc_url": "https://gallica.bnf.fr/ark:/12148/bpt6k655583",
                  "emotions": [
                        "fear",
                        "disapproval",
                        "doubt"
                  ],
                  "excerpt": "le froid , la huni ~ rc .t ' < ' hscurite , tes couicurt ! \\ i \\ es , t ' odeur d ' am ' xtmiaque .le parfum dos rosés , etc .",
                  "id": "15",
                  "title": "La connaissance et l'erreur / Ernst Mach,... ; Traduit sur la dernière édition allemande, par le Dr Marcel Dufour,..."
            },
            {
                  "doc_url": "https://gallica.bnf.fr/ark:/12148/bpt6k6383825n",
                  "emotions": [
                        "disgust",
                        "fear",
                        "nervousness",
                        "embarrassment"
                  ],
                  "excerpt": "De jeunes filles perdent la voix en sentant l ' odeur du musc ou d ' une fleur .Le duc d ' Épernon s ' évanouissait à l ' odeur d ' un lièvre .Le son de la cornemuse ou de la vielle détermine chez quelques individus une rétention d ' urine ; Paulini parle j ' un homme que la musique faisait vomir .",
                  "id": "16",
                  "title": "Précis d'hygiène élémentaire, ou Exposé des préceptes nécessaires à la conservation de la santé... / par le Dr Monneret,..."
            },
            {
                  "doc_url": "https://gallica.bnf.fr/ark:/12148/bpt6k9884922",
                  "emotions": [
                        "fear"
                  ],
                  "excerpt": "La puanteur de la salle était horrible .— Que faire ? disait ia malade quelques heures avant sa mort ; si j ' ouvre la fenêtre , un courant d ’ air me tuerait ; si je la laisse fermée , cette puanteur m ’ étouffe .John Watts est mort aussi d ' une attaque d ’ apoplexie , dans les mêmes circonstances .",
                  "id": "17",
                  "title": "Le National de la Vienne"
            },
            {
                  "doc_url": "https://gallica.bnf.fr/ark:/12148/bpt6k6530773j",
                  "emotions": [
                        "grief",
                        "anger",
                        "fear",
                        "excitement",
                        "doubt"
                  ],
                  "excerpt": "Bombardiers en avant , frappez pour la Patrie , Aux armes , citoyens , craignez - vous le danger ? Non , vous ne tremblez pas , votre âme est aguerrie 1 France , brise tes fers , malheur à l ' étranger ! En avant , chevalier , le trépas , que t ' importe ? Ce que l ' on nous a pris , nous le reconquerrons .Qu ' il tombe sous nos coups : la France n ' est point morte 1 Debout , aviateurs , formez vos escadrons , Voyez de tous côtés s ' allumer l ' incendie ; Le teuton accomplit des forfaits odieux ! L ' odeur du sang fumant monte de la tuerie ; Les lueurs et les cris s ' élèvent jusqu ' aux cieux .: Il est des malheureux que l ' ennemi flagelle , D ' épines leur couronne est entrée en leur front ! Ils ont crucifié la Liberté chez elle , On lave dans le sang l ' esclavage et l ' affront .",
                  "id": "18",
                  "title": "Fleurs de sang, l'Illiade du XXe siècle (août 1914 novembre 1918) : poème épique / par Marcel André dit André-Bellot,..."
            },
            {
                  "doc_url": "https://gallica.bnf.fr/ark:/12148/bpt6k5819393p",
                  "emotions": [
                        "fear",
                        "nervousness"
                  ],
                  "excerpt": ", terme péjoratif .Mme de Sévigné a dit : « Je suis effrayée de ces fièvres que je crains que vous ne preniez à Versailles , » et Littré donne en exemple : Prendre le typhus .Les puristes dépassent toujours le but .",
                  "id": "19",
                  "title": "Le littré de la Grand'Côte : à l'usage de ceux qui veulent parler et écrire correctement / par Nizier du Puitspelu ; Académie du Gourguillon"
            },
            {
                  "doc_url": "https://gallica.bnf.fr/ark:/12148/bpt6k905873",
                  "emotions": [
                        "fear"
                  ],
                  "excerpt": "H bout à + 131 ° il est inaltérable à Fair ; il n ' exerce p ~ s de réaction sur les couleurs végétales ; il est presque insoluble dans l ' eau et se dissoutfacilement dans l ' alcool et t ' éther .Quand on en approche un corps enflammé , il prend feu brute avec une flamme bteue et répand t ' odeur de l ' acide sulfureux .L ' acide sulfurique ne l ' attaque pas à froid , mais à chaud ils se décomposent mutueUement t ' acide chtorhydriqus est sans action l ' acide nitrique concentré le dissout à l ' aide de t ' ébuUition , avec dégagement de gaz oxyde nitrique la dissolution est incolore et inodore , et produit un précipité de sulfate barytique beaucoup moins considérable qu ' il ne le faudrait pour correspondre au soufre dissous .",
                  "id": "20",
                  "title": "Rapport annuel sur les progrès des sciences physiques et chimiques / présenté ... à l'Académie royale des sciences de Stockholm, par J. Berzélius ; traduit du suédois, sous les yeux de l'auteur, par M. Plantamour"
            }
      ]
}