{
      "articles": [
            {
                  "doc_url": "https://gallica.bnf.fr/ark:/12148/bpt6k1160050z",
                  "emotions": [
                        "fear",
                        "nostalgia",
                        "nervousness"
                  ],
                  "excerpt": "Le sillage béni de les pas dans le soir faisait trembler mon cœur de te voir apparue , Marie , toi qui avais grandi , dans la maison comme un jour de printemps où les fleurs sont venues .De longs arômes doux traînaient par les chemins , ces soirs où notre cœur tremblait , dans l ’ air léger , et là - bas les flots lents des calmes champs de blé enguirlandaient la haie de notre beau verger .Les fenêtres tremblaient sons leur vieillesse heureuse au retour las et doux des filles et des hommes et toi dans le jardin tu regardais les / tommes , semant ta belle foie aux heures mélodieuses .",
                  "id": "1",
                  "title": "La Vogue"
            },
            {
                  "doc_url": "https://gallica.bnf.fr/ark:/12148/bpt6k6543570t",
                  "emotions": [
                        "disgust",
                        "fear"
                  ],
                  "excerpt": "Fôien , nous parcourûmes la campagne environnante .L ' horrible odeur de baleine nous y poursuivait partout .Le sol que nous foulons est jonché d ' innombrables débris .",
                  "id": "2",
                  "title": "Voyages dans le Nord de l'Europe : Norwège et Laponie (1871-1873) (6e édition) / par Jules Leclercq"
            },
            {
                  "doc_url": "https://gallica.bnf.fr/ark:/12148/bpt6k57059967",
                  "emotions": [
                        "trust",
                        "fear",
                        "courage",
                        "nervousness",
                        "faith"
                  ],
                  "excerpt": "— Rien de mieux .Allez voir la vieille ; captez sa confiance , donnez à vos paroles un dévot parfum ; effrayezla ; parlez - lui de la mort , de l ' enfer ; c ' est toujours par le diable qu ' on arrive à tout .— Et puis .",
                  "id": "3",
                  "title": "Madame Hilaire : précédé d'une Réponse à L'Amour de M. Michelet (2e édition) / par Mme Louise Vallory"
            },
            {
                  "doc_url": "https://gallica.bnf.fr/ark:/12148/bpt6k11587421",
                  "emotions": [
                        "fear"
                  ],
                  "excerpt": "Avouons aussi que certains spectacles mériten de retenir l ’ attention pour les amateurs d ’ émotions violentes , je veux parler des ménageries eî des dompteurs .Malgré l ’ odeur violente - ipui s ’ échappe des cages des fauves dissimulées sous les longues tentes en toile , ce sont encore ces baraques qu .tentent le plus la foule .",
                  "id": "4",
                  "title": "La Semaine illustrée : lectures pour le dimanche"
            },
            {
                  "doc_url": "https://gallica.bnf.fr/ark:/12148/bpt6k9757861h",
                  "emotions": [
                        "disgust",
                        "fear",
                        "pain"
                  ],
                  "excerpt": "Cet ulcere est couvert d ' une grolle croûte humide , dont il coule une matiere puante & épaifle .Cet ulcere rend l ' haleine fort puante , elle infe & e le malade aussi - bien que ceux qui s ' en approchent , C ' est ce qu ' on appelle punais .Cet Vlcere est causé comme tous les autres a Ses Son pIÛM gnostic .",
                  "id": "5",
                  "title": "L'Anatomie du corps humain avec ses maladies. Tome 1 / . Par le Sr. de Saint-Hilaire. 3e édition..."
            },
            {
                  "doc_url": "https://gallica.bnf.fr/ark:/12148/bpt6k206565j",
                  "emotions": [
                        "fear"
                  ],
                  "excerpt": "» Le Calamite creuse le sol à l ' aide de ses pattes de devant très commun dans toutes les dunes du littoral du Nord de la France , il s ' enfouit rapidement dans le sable Rœsel a observé qu ' il grimpe parfaitement le long des murailles à pic pour gagner le trou qu ' il habite , souvent placé à plus d ' un mètre de hauteur .Lorsqu ' il est attaqué , le Calamite cherche tout d ' abord à s ' enfuir aussi rapidement que possible , puis , s ' il est sur le point d ' être saisi , il contracte sa peau de telle sorte que toutes les glandes se vident et qu ' il se recouvre d ' une humeur blanchâtre , mousseuse , répandant une odeur insupportable .Rœsel compare cette odeur à celle de la poudre brûlée , Duméril à l ' odeur qu ' exhalent les pipes dont on a fait un long usage ou à celle que prend l ' orpiment que l ' on frotte après l ' avoir chauffé .",
                  "id": "6",
                  "title": "L'homme et les animaux. , Les reptiles et les batraciens / A. E. Brehm ; éd. française par E. Sauvage,..."
            },
            {
                  "doc_url": "https://gallica.bnf.fr/ark:/12148/bpt6k54526765",
                  "emotions": [
                        "fear",
                        "nervousness"
                  ],
                  "excerpt": "Elle fit quelques pas .Il lui sembla qu ' une irrespirable odeur de bougé l ' empoignait à la gorge .Le lustre éclaira le chaos , le sens - dessus - dessous d ' un cambriolage furieux .",
                  "id": "7",
                  "title": "La tueuse : roman / Gustave Guiches"
            },
            {
                  "doc_url": "https://gallica.bnf.fr/ark:/12148/bpt6k9690030w",
                  "emotions": [
                        "disgust",
                        "fear"
                  ],
                  "excerpt": "Ce corps est uni , rougeâtre & de la couleur des reins , qu ' il représente & dont il a à peu - près la confjstance .Son écorce est de i ' épaisseur d ' une lame de couteau , & sa pulpe verdâtre ; l ' odeur en est très - forte .On le trouve sous terre , sur - tout dans la marche de Brandebourg .",
                  "id": "8",
                  "title": "Traité des champignons. Tome 2 / , ouvrage dans lequel, on trouve après l'histoire analytique & chronologique des découvertes & des travaux sur ces plantes... par le citoyen Paulet,..."
            },
            {
                  "doc_url": "https://gallica.bnf.fr/ark:/12148/bpt6k858888",
                  "emotions": [
                        "disgust",
                        "fear",
                        "courage",
                        "excitement",
                        "nervousness",
                        "embarrassment"
                  ],
                  "excerpt": "Je l ' avoue , cette chair que je venais de posséder brutalement me fit horreur .Elle dégageait , ainsi vautrée , dans l ' air raréne de la chambre , un si terrible relent de bête humaine et un tel fumet surchauné de femelle , que je sautai au bas du lit , et , défaillant d ' une abominable détresse , le cœur flottant dans la poitrine , un goût de viande morte dans la bouche , j ' enfilais vite mes vêtements , vidais un de mes goussets sur la cheminée et partais .Quand je respirai l ' air plus vif du dehors , il était deux heures et demie .",
                  "id": "9",
                  "title": "Fards et poisons / Jean Lorrain"
            },
            {
                  "doc_url": "https://gallica.bnf.fr/ark:/12148/bpt6k209341j",
                  "emotions": [
                        "disgust",
                        "fear",
                        "desire",
                        "courage",
                        "faith",
                        "embarrassment"
                  ],
                  "excerpt": "Le curé de Saint - Marc l ' avait sauvé une fois ; il écouterait ses peines et lui donnerait peut - être asile .Il était résolu à fuir la Rose ; l ' air de la iibertë frappait son visage ; il s ' exhalait pour lui à chaque pas des émanations divines des rochers , des neuves , de la plaine .En se retrouvant près de cette église , le mulâtre se sentit plus grand , plus résolu .",
                  "id": "10",
                  "title": "Le chevalier de Saint-Georges (Nouv. éd.) / par Roger de Beauvoir"
            },
            {
                  "doc_url": "https://gallica.bnf.fr/ark:/12148/bpt6k3044327m",
                  "emotions": [
                        "disgust",
                        "anger",
                        "fear",
                        "annoyance",
                        "nervousness"
                  ],
                  "excerpt": "stink an ; angls .stincan « sentir mauvais » et « répandre une odeur » ; angl .to stink .",
                  "id": "11",
                  "title": "Dictionnaire étymologique de la langue allemande, sur le plan de celui de M. Kluge et d'après les principes nouveaux de la méthode évolutionniste / par Paul Regnaud,..."
            },
            {
                  "doc_url": "https://gallica.bnf.fr/ark:/12148/bpt6k5860107t",
                  "emotions": [
                        "fear",
                        "excitement"
                  ],
                  "excerpt": ", etc .Au moment où la peste noire commença sa course , la terre s ' entr ' ouvrait de toutes parts , dit la chronique , « comme si l ' enfer eut voulu engloutir le genre humain , » L ' air était rempli d ' exhalaisons méphitiques .La succession régulière des saisons semblait à jamais intervertie .",
                  "id": "12",
                  "title": "Étude sur les maladies éteintes et les maladies nouvelles, pour servir à l'histoire des évolutions séculaires de la pathologie / par Charles Anglada,..."
            },
            {
                  "doc_url": "https://gallica.bnf.fr/ark:/12148/bpt6k9761495b",
                  "emotions": [
                        "disgust",
                        "fear"
                  ],
                  "excerpt": "J ' ai dit ailleurs le tort que les mauvaises odeurs leur font .Lorsqu ' on approche de ces enfans , on sent une odeur aigre qui prend au nez .Les meilleures nourrices , celles qui ont le plus de soin des enfans , pèchent par ignorance .",
                  "id": "13",
                  "title": "Avis aux mères qui veulent nourrir leurs enfants . Cinquième édition, revue et considérablement augmentée. Par la citoyenne L. R."
            },
            {
                  "doc_url": "https://gallica.bnf.fr/ark:/12148/bpt6k1092272f",
                  "emotions": [
                        "fear"
                  ],
                  "excerpt": "On n ’ avoit pas proportionné l ’ évafement du fond de la roffe au volume du cadavre , & l ’ on ne put faire defcendre le cercueil qu ’ à un pied au - deffous du niveau du fol , de forte qu ’ on ne le recouvrit que d ’ un pied de terre & de la tombe qui avoit fept à huit pouces d ’ épaif - feur .Quelques jours après , la putréfaâion étant devenue considérable , des émanations cadavéreufes infe & erent l ’ air , & trois femai - nes s ’ étoient à peine écoulées , ' que l ’ infeftion obligea de déferter l ’ Eglife .Pour y remédier , on réfolut d ’ exhumer le cadavre , & de l ’ enterrer dans une folle plus profondément creufée , à peu de diftance de celle où il avoit été dépofé .",
                  "id": "14",
                  "title": "Mémoire Sur l'usage où l'on est d'enterrer les Morts dans les Eglises & dans l'enceinte des Villes. Par M. Maret, Docteur-Médecin-Chirurgien... / M. Maret"
            },
            {
                  "doc_url": "https://gallica.bnf.fr/ark:/12148/bpt6k57858392",
                  "emotions": [
                        "disgust",
                        "fear",
                        "pain"
                  ],
                  "excerpt": "Teint pale , yeux hagards ; T .Notons une bouche sale d ' où s ' échappe une haleine repoussante .Peu d ' expectoration ( 24 juin ) , quelques crachats spumeux .",
                  "id": "15",
                  "title": "Des Injections intra-trachéales vraies et directes dans le traitement des affections broncho-pulmonaires / Dr Jean Delor"
            },
            {
                  "doc_url": "https://gallica.bnf.fr/ark:/12148/bpt6k80850c",
                  "emotions": [
                        "fear"
                  ],
                  "excerpt": "J ' occupais deux minuscules chambres meublées dans une maison mi - bourgeoise , mi - ouvrière , à l ' Agha .Des balcons de bois couraient le long de la cour intérieure , des linges pauvres y séchaient , des chattes en folie s ' y livraient des combats de clowns et les jours de pluie une terrible odeur de vidange s ' élevait des tuyaux engorgés .N ' importe , là et dans un petit cabaret d ' étudiants où je prenais mes repas , je savourais toute ma liberté .",
                  "id": "16",
                  "title": "Le printemps tourmenté / Paul Margueritte,..."
            },
            {
                  "doc_url": "https://gallica.bnf.fr/ark:/12148/bpt6k6567430r",
                  "emotions": [
                        "disgust",
                        "fear",
                        "nervousness",
                        "pain"
                  ],
                  "excerpt": "Il semble que les bêtes les plus repoussantes de la création , reptiles de toute taille et de toute forme , serpents , tortues , crapauds , caïmans , salamandres , se soient donné rendez - vous dans ces repaires immondes ; elles y sont réunies , entassées comme dans une ménagerie ; elles glissent , rampent , nagent , plongent , fouillent , se vautrent de toutes parts dans la vase .L ' air , chargé de vapeurs lourdes , chaudes , d ' odeurs tantôt fades , tantôt acres , vous suffoque ; on a le sentiment qu ' on s ' imprègne de miasmes dangereux , que c ' est la peste et la mort qu ' on respire .Le naturaliste américain Audubon , admirateur enthousiaste de la nature sauvage , confesse que plus d ' une fois , en pénétrant dans ces cloaques affreux pour y découvrir le héron bleu , l ' anhinga ou le grand pic à bec d ' ivoire , il a été saisi de dégoût et d ' effroi , et que , sans une énergique volonté de poursuivre sa tâche d ' observateur , il aurait cédé à la tentation de s ' enfuir .",
                  "id": "17",
                  "title": "Les forêts / par E. Lesbazeilles,..."
            },
            {
                  "doc_url": "https://gallica.bnf.fr/ark:/12148/bpt6k858888",
                  "emotions": [
                        "disgust",
                        "fear",
                        "nervousness"
                  ],
                  "excerpt": "Les vieux messieurs , troublés n ' en mangent plus .Un parfum violent a fait - frémir toutes les nari s .Mirza , la chienne favorite , s ' est dre ses pattes de derrière et fait des à sa , maîtresse , mais , dans ses ëla ~ dérangé le boa de plumes grises et fait â ~ S ~ i le pendentif de chez Lalique ; Mirza est uH ~ bête très manégée , et M .",
                  "id": "18",
                  "title": "Fards et poisons / Jean Lorrain"
            },
            {
                  "doc_url": "https://gallica.bnf.fr/ark:/12148/bpt6k5719251r",
                  "emotions": [
                        "fear"
                  ],
                  "excerpt": "ita .Tire sonnomde - XatepOE nuit odorante ., y ville d ' Amérique espa - , ' ■ : , .",
                  "id": "19",
                  "title": "Répertoire des travaux de la Société de statistique de Marseille"
            },
            {
                  "doc_url": "https://gallica.bnf.fr/ark:/12148/bpt6k6112392m",
                  "emotions": [
                        "joy",
                        "fear",
                        "love",
                        "nostalgia"
                  ],
                  "excerpt": ".Sens la chaleur Qui vers mon corps vient de mon coeur , La nuit qui glisse est odorante .Qui prétend qu ' on crie et qu ' on meurt ? 52 STROPHES D ACIER Ma lèvre est la rose d ' automne Qui s ' empourpre au soir enflammé , Rose ardente que je te donne , Fleur dont toujours le coeur s ' étonne .",
                  "id": "20",
                  "title": "Strophes d'acier (1914-1916) / Maurice Allou"
            }
      ]
}