{
      "articles": [
            {
                  "doc_url": "https://gallica.bnf.fr/ark:/12148/bpt6k57901453",
                  "emotions": [
                        "fear"
                  ],
                  "excerpt": "Bonnets noirs et barbes noires ; sombres figures assyriennes , hâlées par le vent des montagnes ; longues robes bleues , retenues aux reins par une ceinture de cartouches .Ils sentent la bête fauve et la menthe du désert .Pour s ' asseoir ou s ' étendre , ils ont de merveilleux tapis , qui étaient pliés sous la selle de leurs chevaux ; ce sont les femmes , nous disent - ils , qui savent ainsi teindre et tisser la laine , — dans cette Chiraz très haut montée , presque un peu fantastique , où nous entrerons sans doute enfin demain soir .",
                  "id": "1",
                  "title": "Oeuvres complètes de Pierre Loti. Tome 10"
            },
            {
                  "doc_url": "https://gallica.bnf.fr/ark:/12148/bpt6k57901453",
                  "emotions": [
                        "fear"
                  ],
                  "excerpt": "Nous allions mélancoliquement entre des murs très hauts , en brique grise , en terre battue , où s ' ouvrait à peine de loin en loin un trou grillé , une porte clandestine .Ils finirent par se rejoindre en voûte sur nos têtes , ces murs qui se resserraient toujours et une pénombre de caveau nous enveloppa soudain ; au milieu de ces étroits passages , des petits ruisseaux immondes coulaient parmi des guenilles , des fientes , des carcasses ; on sentait une odeur d ' égout et de souris morte : nous étions dans Chiraz .En pénombre plus épaisse , on s ' est arrêté devant une vieille portée cloutée de fer , avec un frappoir énorme : c ' était ma demeure .",
                  "id": "2",
                  "title": "Oeuvres complètes de Pierre Loti. Tome 10"
            },
            {
                  "doc_url": "https://gallica.bnf.fr/ark:/12148/bpt6k58035685",
                  "emotions": [
                        "surprise",
                        "anger",
                        "fear",
                        "courage",
                        "envy",
                        "greed"
                  ],
                  "excerpt": "— « Oui , j ' en ai , fit - il , beaucoup , mais je le garde l je l ' emporte avec moi I » M .de Gaudran fit un pas en avant : — « Ah je le savais ! Tu veux mon or ! Tu es venu comme un corbeau sentir l ' odeur du mort ! tu n ' auras rien ! L ' autre s ' avança encore , posa sa main sur l ' épaule glacée du mourant et le força à replacer sa tête sur l ' oreiller , puis là , face à face , la tête penchée sur celle de son onclo il articula une menace si terrible que le vieillard ferma les yeux et ses cheveux so hérissèrent .Pourtant le dernier courage , celui de l ' avarice , lui restait , devant cette menace effroyable il eut encore la force de répondre .",
                  "id": "3",
                  "title": "Histoires tristes / Eugène Blairat"
            },
            {
                  "doc_url": "https://gallica.bnf.fr/ark:/12148/bpt6k58035685",
                  "emotions": [
                        "fear",
                        "nervousness",
                        "embarrassment"
                  ],
                  "excerpt": "Ils se verraient le matin à la chasse royale ou le soir dans son boudoir parfumé ; ils passeraient des heures , à causer iout bas , lui à genoux , la lèvre sur la lèvre et la main dans la main .Il se grisait déjà de cette odeur d ' ambre , tressaillait au frôlement des robes , se battait en duel , dans l ' ombre , avec un mari jaloux ou un amant éconduit .Il oubliait qu ' il était pauvre et roturier ! Puis il se souvenait de ses premières luttes , de ses humiliations , de ses désespoirs .",
                  "id": "4",
                  "title": "Histoires tristes / Eugène Blairat"
            },
            {
                  "doc_url": "https://gallica.bnf.fr/ark:/12148/bpt6k9390650",
                  "emotions": [
                        "fear"
                  ],
                  "excerpt": "C ’ était , comme aujourd ’ hui , par un ciel de printemps .Dans ce jour désastreux , plus cb ’ une fleur sauvage Qui s ’ épanouissait , flétrie en peu d ’ instants , Noya tous ses parfums dans le sang du rivage .— 141 La bataille dura de l ’ aube jusqu ’ au soir ; Et , surpris dans leur vol , de riches scarabées * , De larges papillons jaunes striés 2 de noir Se traînèrent mourants parmi les fleurs tombées .",
                  "id": "5",
                  "title": "Anthologie littéraire illustrée / par A. Mironneau,... E. Cathala,..."
            },
            {
                  "doc_url": "https://gallica.bnf.fr/ark:/12148/bpt6k9390650",
                  "emotions": [
                        "fear"
                  ],
                  "excerpt": "De loin en loin , un chien se sauve entre les stèles 5 des sépulcres indigents , un volet poussé par un souffle de brise tourne lentement sur ses gonds .Des odeurs de cadavres s ’ exhalent par les fissures du sol .Çà et là , des crânes , des ossements luisent sur de grosses pierres .",
                  "id": "6",
                  "title": "Anthologie littéraire illustrée / par A. Mironneau,... E. Cathala,..."
            },
            {
                  "doc_url": "https://gallica.bnf.fr/ark:/12148/bpt6k9390650",
                  "emotions": [
                        "fear",
                        "nervousness"
                  ],
                  "excerpt": "L ’ homme passa , frôlant l ’ arbre derrière lequel se cachait M .Ulrich ; l ’ ombre de son corps et de son cheval s ’ allongea sur les pieds de l ’ Alsacien et sur les mousses voisines ; une odeur de sueur et de harnais traînait en arrière .Au moment où , il dépassait l ’ arbre , il tourna la tête , encore une fois , vers la droite .",
                  "id": "7",
                  "title": "Anthologie littéraire illustrée / par A. Mironneau,... E. Cathala,..."
            },
            {
                  "doc_url": "https://gallica.bnf.fr/ark:/12148/bpt6k7506277q",
                  "emotions": [
                        "disgust",
                        "fear"
                  ],
                  "excerpt": "Patent m ' écrit : A mon point de vue — ou plutôt « d ' odorat e , — j ' estime que le charme de - la femme est bien plus subtil et irrésistible lorsqu ' il se dégage d ' elle , un parfum « discret » , celui de la violette , par exemple , savamment marié avec son odeur naturelle .J ' insiste sur le mot a discret » , parce que j ' ai en horreur la femme Il odoriférante » .J ' estime , en outre , que la femme doit adopter un parfum et n ' en point changer suivant la mode .",
                  "id": "8",
                  "title": "La Lanterne : journal politique quotidien"
            },
            {
                  "doc_url": "https://gallica.bnf.fr/ark:/12148/bpt6k6454597t",
                  "emotions": [
                        "fear",
                        "calmness"
                  ],
                  "excerpt": "Et si la science , devenue impuissante , passait distraite devant le grabat de quelque malheureux , c ' est toujours à celui - là qu ' il s ' attachait de préférence .Jour et nuit il recommençait son rude labeur , sans se lasser jamais , sans être rebuté par l ' odeur ou la vue des plaies , sans redouter la mort que l ' on rencontre trop souvent dans ces horribles foyers d ' infection .S ' il s ' en éloignait quelquefois , c ' était uniquement pour aller tendre la main , et solliciter quelques ressources auprès des âmes généreuses , afin de procurer les remèdes et les soulagements nécessaires à ses chers malades .",
                  "id": "9",
                  "title": "Notice biographique sur M. l'abbé Antoine Favier, chanoine honoraire, décédé curé d'Auroux (diocèse de Mende) : charité et patriotisme / par M. l'abbé Olier,..."
            },
            {
                  "doc_url": "https://gallica.bnf.fr/ark:/12148/bpt6k58393136",
                  "emotions": [
                        "fear"
                  ],
                  "excerpt": "Il doit être conservé à l ' abri de l ' air .C ' est un sel blanc à saveur terreuse avec un arrière - goût d ' acide sulfureux .11 est soluble dans 20 parties d ' eau .",
                  "id": "10",
                  "title": "Traité de chimie médicale et pharmaceutique, par le Dr R. Huguet,... Chimie minérale"
            },
            {
                  "doc_url": "https://gallica.bnf.fr/ark:/12148/bpt6k5672952t",
                  "emotions": [
                        "fear",
                        "relief"
                  ],
                  "excerpt": "NOBIS Vierge sainte à qui nous avons fait un trône sur la plus belle de nos collines , auguste protec ( « ) protec ( « ) pièce que je m ' empressai d ' adresser , du Nord où 92 PRIERE .trice de la SECONDE VILLE ÉTERNELLE , détournez , ah ! détournez de dessus nos têtes le mal qui nous menace , et parfumez l ' air que nous respirons .Pour la troisième fois , ô N .",
                  "id": "11",
                  "title": "100 Têtes sous un bonnet, par Joseph Bard"
            },
            {
                  "doc_url": "https://gallica.bnf.fr/ark:/12148/bpt6k2135984",
                  "emotions": [
                        "fear",
                        "boredom"
                  ],
                  "excerpt": "Ils entrèrent dans la maison .Je n ' avais plus rien à voir ni rien à entendre ; je m ' éloignai , touten songeant que ~ ecœur de la jolie meunière allait sans doute prendre aussi du service , et , tout en respirant son bouquet - Ce parfum - là , dis - je , c ' est sa candeur qui s ' envole .Sur la fin de juillet , comme j ' étais retourné dans ce pays je n ' oubliai pas la jolie meunière .",
                  "id": "12",
                  "title": "Mademoiselle de Kérouare / par Jules Sandeau et Arsène Houssaye"
            },
            {
                  "doc_url": "https://gallica.bnf.fr/ark:/12148/bpt6k5540278z",
                  "emotions": [
                        "surprise",
                        "fear",
                        "courage"
                  ],
                  "excerpt": "Depuis , nous gémissons sur toi , plaintive Asie ; Nous voyons ta beauté , mais nous voyons tes pleurs ; Nous sentons le poison caché sous l ' ambroisie Dans ta coupe de fleurs .Au milieu des parfums de tes plantes étranges , Soudain bondit le tigre et rampe le serpent ; La moustique altérée , en nocturnes phalanges , Sous l ' azur se répand .La mer , sur ce rivage où se brûlaient les veuves , En monstres est fertile ; ici l ' alligator Nage attendant sa proie , aux bords de tes beaux fleuves Dont les flots roulent l ' or .",
                  "id": "13",
                  "title": "Poésies dédiées à tous ceux qui ont souffert / par Francis Bellier"
            },
            {
                  "doc_url": "https://gallica.bnf.fr/ark:/12148/bpt6k5441827s",
                  "emotions": [
                        "fear",
                        "nervousness",
                        "pain",
                        "embarrassment"
                  ],
                  "excerpt": "Aphthes assez fréquents , accompagnent parfois le début des accès .Quelquefois exsudats sur la gorge .Muguet , plus rare .",
                  "id": "14",
                  "title": "Clinique médicale. Tome 3 / par le Dr Noël Gueneau de Mussy,..."
            },
            {
                  "doc_url": "https://gallica.bnf.fr/ark:/12148/bpt6k805407",
                  "emotions": [
                        "fear"
                  ],
                  "excerpt": "Le corps d ' un pâtre perdu ? D ' un contrebandier égaré ? Mais le vent qui portait vers lui , lui permettait de reconnattre , de plus en plus distinctement à .mesure qu ' il avançait , l ' odeur feuve d ' une chair ; d ' animal en décomposition Avec sa jumelle il < î » it : par découvrir j .; ployé en deux sur une arête , les reins brisés , déchiré , éventré , un chamois .",
                  "id": "15",
                  "title": "L'homme et la montagne / Marcel Rouff"
            },
            {
                  "doc_url": "https://gallica.bnf.fr/ark:/12148/bpt6k805407",
                  "emotions": [
                        "fear"
                  ],
                  "excerpt": "Il ne comprenait pas lui - même ce qu ' il y avait dans ses paroles de grandeur traditionnelle et de résignation .Clément et Joseph , assis dans l ' ombre sur des tabourets à traire , suffoqués par es odeurs de fumier qui venaient de la porte de l ' étable tenue ouverte pour en recueillir la chaleur animale , écoutaient , regardaient , avec une terreur passionnée .Dans cette petite maison à peine éclairée , le chasseur n ' était plus pour eux l ' homme du jour , l ' homme bon de la pleine lumière .",
                  "id": "16",
                  "title": "L'homme et la montagne / Marcel Rouff"
            },
            {
                  "doc_url": "https://gallica.bnf.fr/ark:/12148/bpt6k3387505g",
                  "emotions": [
                        "disgust",
                        "fear",
                        "pain",
                        "embarrassment"
                  ],
                  "excerpt": "Les lieux et les heures sont précis comme dans une hallucination , et un esprit souffle à mon oreille que si j ' étais chrétien je devrais me réjouir de cette justice .A cette vue , sous cette effluve , je me sens comme un malade opéré de quelque chose de plus pesant qu ' un cancer .Cette scène que depuis des mois je devinais possible , imminente , remise , évitée , inévitable et peut - être mortelle , elle est finie et ce n ' est que cela .",
                  "id": "17",
                  "title": "L'homme qui ressuscita d'entre les vivants / Joseph Wilbois"
            },
            {
                  "doc_url": "https://gallica.bnf.fr/ark:/12148/bpt6k97616684",
                  "emotions": [
                        "disgust",
                        "fear"
                  ],
                  "excerpt": ".mais de fameuses nausées , par exemple ! Le spectacle est si attrayant , et je redoute tellement l ' odeur de vernis qui règne dans la salle à manger , que je me paie le luxe de déjeuner en plein air .A notre gauche défilent successivement les villages d ' Onéglia et d ' Andora , petites taches blanches sur la ligne sombre finement estompée de bleu de la côte ; puis la ville d ' Al - benga bien connue des archéologues pour sa cathédrale et ses antiquités romaines .",
                  "id": "18",
                  "title": "Zigzags / Eugène Delard"
            },
            {
                  "doc_url": "https://gallica.bnf.fr/ark:/12148/bpt6k2009531",
                  "emotions": [
                        "disgust",
                        "fear",
                        "disapproval",
                        "doubt",
                        "nervousness",
                        "despair"
                  ],
                  "excerpt": ".Tu cherches , terreur volante , Quelque cadavre puant Auquel ton bec qui ' s , ' y plante , > Laisse un affreux trou béant .- Fuis ! l Le , doux rossignol chante Pour annoncer l ' avril clair Toi , ta voix grave et méchante Présage le triste hiver .",
                  "id": "19",
                  "title": "L'âme antique / Marc Legrand ; [préf. d'Emmanuel Des Essarts et Emile Gebhart]"
            },
            {
                  "doc_url": "https://gallica.bnf.fr/ark:/12148/bpt6k97863048",
                  "emotions": [
                        "sadness",
                        "fear",
                        "despair",
                        "faith"
                  ],
                  "excerpt": "la jeune France .Quand le chaos viendra disperser de ce monde Les éléments divers fatigués par le temps , Et que l ' étoile d ' or aux rayons éclatants Tombera sans espoir dans une nuit profonde ; Quand la rose et le chêne où tant de vie abonde Mêleront pour jamais leurs débris odorants , Le germe obscur , parmi tous ces ètres mourants , Sauvera son enfance invisible et féconde .14 dort enveloppé de son obscurité , Tant qu ' un monde nouveau , dans sa fleur de beauté , S ' épanouisse aux yeux enchantés d ' autres hommes ; Ainsi , dans ce vil temps de misère où nous sommes , Amis , laissant passer les vieilles nations , Dormons jusqu ' au matin des révolutions .",
                  "id": "20",
                  "title": "Le pèlerinage du monde / par Paul de Magny"
            }
      ]
}