{
      "articles": [
            {
                  "doc_url": "https://gallica.bnf.fr/ark:/12148/bpt6k58163589",
                  "emotions": [
                        "disgust",
                        "fear"
                  ],
                  "excerpt": "DU LAIT 869 un désagréable .L ' odeur des asperges a élé signalée dans l ' urine de l ' enfant dont la nourrice avait mangé de ce légume .— L ' absinthe rend le lait amer ; il en est de même des marrons d ' Inde , des feuilles d ' artichaut , des fleurs de châtaignier , des fanes de pommes de terre , des pousses de sureau , du laitron des Alpes .",
                  "id": "1",
                  "title": "Traité de l'art des accouchements par S. Tarnier,... et G. Chantreuil,... Tome I"
            },
            {
                  "doc_url": "https://gallica.bnf.fr/ark:/12148/bpt6k6208398x",
                  "emotions": [
                        "surprise",
                        "fear"
                  ],
                  "excerpt": "Une douce & molle rosée Remplit le calice des fleurs ; La nuit , du trésor de ses pleurs , Rafraîchit la Terre embrasée .On voit sur la plaine des mers Danser les Nymphes vagabondes , Le parfum de leurs trèfles blondes Se mêle à la fraîcheur des airs ; Mais bientôt le feu des éclairs Resplendit au loin sur les ondes : L ' Olympe , sans être irrité , Offre l ' appareil d ' un orage ; Et par cette effrayante image , 11 augmente sa majesté .Brûlante des feux de l ' Eté , Brûlante des feux du bel âge , La jeunesse , loin du rivag e , S ' élance & poursuit la beauté .",
                  "id": "2",
                  "title": "Les quatre saisons ou Les géorgiques françoises . Poëme. Par M. le C. de B."
            },
            {
                  "doc_url": "https://gallica.bnf.fr/ark:/12148/bpt6k3171036",
                  "emotions": [
                        "surprise",
                        "fear",
                        "courage",
                        "doubt"
                  ],
                  "excerpt": "Le luxe corrupteur , l ’ énervante richesse Ont détruit , sans retour , notre antique sagesse .Vénus prise de vin , que ne peut - elle oser ? En quel endroit du corps portera son baiser , Quand , dans de folles nuits , d ’ huîtres elle se gorge , Qu ’ au Falerne écumant qui coule dans sa gorge , Se mêlent des parfums ; que dans la conque on boit , Que déjà les plafonds dansent et que l ’ on voit Les flambeaux allumés se doubler sur les tables ? Luxuria incubuit , victumque ulciscitur orbem .Nullum crimen abest facinusque libidinis , ex quo Paupertas Romana pérît .",
                  "id": "3",
                  "title": "Les Satires de Juvénal, traduites en vers, par Paul Ducos, accompagnées du texte latin et de remarques extraites de la traduction de M. de Silvecane (édition de 1690)"
            },
            {
                  "doc_url": "https://gallica.bnf.fr/ark:/12148/bpt6k689447",
                  "emotions": [
                        "anger",
                        "fear",
                        "courage",
                        "excitement",
                        "pride",
                        "nervousness",
                        "embarrassment"
                  ],
                  "excerpt": "SaperIipopette , jamais je ne me suis senti si bien disposé , et rien que d ' y songer mon coeur bat atout rompre .Comme j ' ai bien fait de résister ! Pimpant , parfumé , dans un état d ' exattation dtfRciIe à décrire , Pardaillan sauta en coupé : – 10 , rue Murillo , dit - il à son cocher , et marche vite ! t Il arrive devant ! e petit hôtel , il sonne nerveusèment .Mon Dieu ; qu ' on est long à ouvrir ! EtnSn une femme de chambre parait .",
                  "id": "4",
                  "title": "L'être ou ne pas l'être ?... / Richard O'Monroy"
            },
            {
                  "doc_url": "https://gallica.bnf.fr/ark:/12148/bpt6k56956046",
                  "emotions": [
                        "disgust",
                        "anger",
                        "fear",
                        "annoyance",
                        "nervousness"
                  ],
                  "excerpt": "Chliainô , échauffer .Cassia , écorce odoriférante .Kinnamômon 2 , cannelle .",
                  "id": "5",
                  "title": "La Race sémitique, par Théodore Vibert"
            },
            {
                  "doc_url": "https://gallica.bnf.fr/ark:/12148/bpt6k6228231z",
                  "emotions": [
                        "fear",
                        "nervousness"
                  ],
                  "excerpt": "Une autre paire de petits ganglions sensitifs repose sur les ganglions optiques et se trouve sur le trajet de nerfs cérébraux particuliers qui vont aboutir à une cavité cutanée ; ils ont été considérés par M .Chéron comme étant des nerfs olfactifs ( 2 ) .L ' appareil ganglionnaire viscéral est également très - compliqué .",
                  "id": "6",
                  "title": "Leçons sur la physiologie et l'anatomie comparée de l'homme et des animaux faites à la Faculté des sciences de Paris. Tome 11 / par H. Milne Edwards,..."
            },
            {
                  "doc_url": "https://gallica.bnf.fr/ark:/12148/bd6t5334498s",
                  "emotions": [
                        "sadness",
                        "fear",
                        "embarrassment"
                  ],
                  "excerpt": "Y ont ronflé comme des oliphans , Sur les tables , tonniaux et les bans ; L ’ un a perdu un biau gros écu , Se n ’ enniau d ’ or et se boite au senu .Julie , pendant la nuit , A verd draquié au mitant de sen lit Et se n ' homme gros Jean se levant , 74 Avot le pan volant tout puant , Tout couvert de revas - y , de Julie , Tout couvert de revas - y .Depuis long - temps deven un bourgage .",
                  "id": "7",
                  "title": "Chansons tourquennoises et lilloises (par feu F. de Cottignies, dit Brûle-Maison, et autres), précédées de Pierre-Joseph de l'Basse-Deule et Brûle-Maison, folie-vaudeville en 2 actes. Tome 2"
            },
            {
                  "doc_url": "https://gallica.bnf.fr/ark:/12148/bpt6k58180154",
                  "emotions": [
                        "disgust",
                        "fear",
                        "nervousness"
                  ],
                  "excerpt": "On sait , d ' ailleurs , que ce n ' est pas seulement par le conlact que le sumac provoque ces accidents .Il suffit , pour avoir aies redouter , de respirer l ' air imprégné de ses émanations .« Le résultat de l ' absorp ( 1 ) l ' absorp ( 1 ) n ' avais pas encore découvert celle particularité , lorsque j ' indiquais ( dans mon Traité des maladies desenfa - ils ) l ' usage allenialifde Rhus et deLedum contre l ' eczéma .",
                  "id": "8",
                  "title": "Systématisation pratique de la matière médicale homoeopathique, par A. Teste,..."
            },
            {
                  "doc_url": "https://gallica.bnf.fr/ark:/12148/bd6t5374586z",
                  "emotions": [
                        "fear"
                  ],
                  "excerpt": "Assez souvent se montrent des hallucinations du goût , de l ’ odorat ; fréquemment les malades parlent d ' empoisonnements , de saveurs désa - gréables , de narcotiques versés dans les aliments ou les boissons ; une des malades , que nous examinerons , parle de liquide spermatique mélangé à sa soupe .Il en est de même des odeurs empestées , d ’ odeurs de soufre , de différents poisons qu ’ on leur envoie .L ’ observation suivante va nous montrer une malade sans tares héréditaires , à intelligence développée malgré l ’ absence d ’ instruction , qui , après avoir passé par — 231 — une période d ’ incubation avec interprétations délirantes , est entrée depuis dix ans dans la seconde période : les troubles sensoriels furent d ’ abord des injures brèves , puis des monologues ; enfin , le tic - tac de la pendule , l ’ idée qui accompagne chacun de nos actes suffisent à produire l ’ hallucination , « on dit tout ce qu ’ elle fait .",
                  "id": "9",
                  "title": "Leçons cliniques sur les maladies mentales : le délire chronique / par V. Magnan,... ; leçons recueillies par MM. les Drs Journiac et Sérieux"
            },
            {
                  "doc_url": "https://gallica.bnf.fr/ark:/12148/bd6t5374586z",
                  "emotions": [
                        "fear",
                        "pain"
                  ],
                  "excerpt": "» Le 13 novembre , il dit qu ’ on l ’ hypnotise ; on connaît sa pensée .On lui suggère de frapper et de se frapper lui - même ; on lui envoie des effluves magnétiques , il sent une volonté étrangère à laquelle il est obligé de se soumettre ; on lui envoie du chloroforme dans sa chambre ; on lui fait voir des monstres rouges , blancs , bleus .Le 19 novembre , il est un peu plus calme , mais toujours délirant ; il écrit au ministre de l ’ intérieur pour se plaindre de l ’ article diffamatoire du Petit Journal et aussi des individus qui l ’ internent et qui ne sont que des « hypnotiseurs , liseurs de pensée .",
                  "id": "10",
                  "title": "Leçons cliniques sur les maladies mentales : le délire chronique / par V. Magnan,... ; leçons recueillies par MM. les Drs Journiac et Sérieux"
            },
            {
                  "doc_url": "https://gallica.bnf.fr/ark:/12148/bpt6k6246943h",
                  "emotions": [
                        "fear",
                        "nostalgia"
                  ],
                  "excerpt": "pcrtum .Il la voit Fait avertir , quoi qu ' il fût brouillé avec lui , que s ' il pafloit d ' un air qui lui étoit devenu comme naturel par un long féjour , d celui du Terrain , aux quatre vents , au bruit de l ' abreuvoir , à l ' odeur des Caflolettes , qui fument fous les feneftres du logis , il ne lui donnoit pas fix mois de vie .11 lui ne même mettre devant les yeux l ' cxcluple de Mr Nubie fon ami , lequel eftant revenu d ' Amboifeà Paris fort vieux , et Après cinq an .",
                  "id": "11",
                  "title": "Anti-Menagiana où l'on cherche ces bons mots, cette morale, ces pensees judicieuses & tout ce que l'affiche du Menagiana nous a promis"
            },
            {
                  "doc_url": "https://gallica.bnf.fr/ark:/12148/bd6t53721818",
                  "emotions": [
                        "disgust",
                        "fear",
                        "annoyance",
                        "disapproval",
                        "doubt"
                  ],
                  "excerpt": "Du compartiment voisin venaient des relents de vin rouge et des cris gutturaux pareils à des aboiements .Le chamelier jeta un regard par - dessus la cloison , puis se rasseyant , il dit : — Ces fils de chiens de Baoulés , quand ils causent , on croirait en vérité que tout le pays est en bataille ! Je ne sais pas si nous devons rester longtemps dans ce carrosse , mais notre chance veut que nous n ’ ayons pas avec nous de ces sauvages qui sentent mauvais , crient comme des chacals et mangent des choses immondes .Je préfère encore la bête que je tue dans la brousse à ces bœufs qui nous sont venus du Sud .",
                  "id": "12",
                  "title": "La randonnée de Samba Diouf / Jérôme et Jean Tharaud ; 40 bois originaux de Pierre Falké"
            },
            {
                  "doc_url": "https://gallica.bnf.fr/ark:/12148/bpt6k63638483",
                  "emotions": [
                        "fear",
                        "nervousness",
                        "despair"
                  ],
                  "excerpt": "— Feuilles ovales - cordées , acuminées .Fleurs violacées odorantes , en panicule .3 .",
                  "id": "13",
                  "title": "Flore des Alpes, de la Suisse et de la Savoie... / par le Dr Louis Bouvier,..."
            },
            {
                  "doc_url": "https://gallica.bnf.fr/ark:/12148/bpt6k1174157q",
                  "emotions": [
                        "disgust",
                        "anger",
                        "fear",
                        "nervousness",
                        "pain",
                        "embarrassment"
                  ],
                  "excerpt": ".ses lèvres , écartées et contournées en tout sens , se couvrirent d ’ une salive épaisse et fétide ; sa langue tuméfiée demeura pendante hors de sa bouche ; ses narrinés dilatées laissèrent échapper une morve sanieuse et d ’ une odeur insupportable ; ses yeux ardens , sortant de leur orbite , conservaient une effrayante fixité ..",
                  "id": "14",
                  "title": "La Cantinière, par Stanislas Macaire. Tome 1"
            },
            {
                  "doc_url": "https://gallica.bnf.fr/ark:/12148/bpt6k6566323z",
                  "emotions": [
                        "surprise",
                        "fear"
                  ],
                  "excerpt": "Involontairement , je frissonnai .Il me venait comme une vague odeur de prison .Le jardin , malgré l ' ardent éclat du soleil , était sombre jusque dans ses profondeurs .",
                  "id": "15",
                  "title": "Quand il pleut / par Paul Célières ; vignettes de Scott et M. Martin"
            },
            {
                  "doc_url": "https://gallica.bnf.fr/ark:/12148/bpt6k5844498c",
                  "emotions": [
                        "disgust",
                        "fear"
                  ],
                  "excerpt": "Pro4uire rempoisonnement : te vert - de - grU empoisonne .Incommoder par tajpuanteur : sentir mauvâte : cette odeur empoisonne .Fig .",
                  "id": "16",
                  "title": "Larousse classique illustré : nouveau dictionnaire encyclopédique / par Claude Augé..."
            },
            {
                  "doc_url": "https://gallica.bnf.fr/ark:/12148/bpt6k5831205t",
                  "emotions": [
                        "disgust",
                        "fear",
                        "disapproval",
                        "despair",
                        "pain"
                  ],
                  "excerpt": "Peignez - vous quelquefois ? PHILAMINTE .Delà térébenthine L ' odeur est très - fatale à ma faible poitrine .» ! « • DES ORMES .",
                  "id": "17",
                  "title": "Récréations du château de Grenelle : théâtre nouveau composé pour les distributions de prix et les récréations littéraires dans les pensionnats de demoiselles / par mademoiselle de Lortal"
            },
            {
                  "doc_url": "https://gallica.bnf.fr/ark:/12148/bpt6k9780160b",
                  "emotions": [
                        "surprise",
                        "fear",
                        "despair",
                        "pain",
                        "indifference"
                  ],
                  "excerpt": "Elle ne nous regarde déjà plus .Oh ! les yeux , les larges yeux blancs entre les cercles violacés des paupières ; les yeux sans vie et sans forme , vacillants et presque liquides ! Et la denture aux grains serrés , dans le centre de cette fleur de sang coagulé qu ' est la bouche ! Et le parfum acre , insinuant et énervant qui monte avec la violence d ' un cri , des aisselles mousseuses , de la gorge brune et du sexe même ; qui monte .en spirales diaboliques et s ' étend en ondes de luxure et fait pâlir nos tempes ! Elles sont là , à nos pieds : filles d ' esclaves ou de princesses , elles ont toutes l ' âme humble , les sens passifs , le cerveau vide ; elles savent seulement qu ' elles doivent , comme Salomé , faire flamber les moëlles dans les os du mâle , et elles le l ' unt avec une admirable foi .",
                  "id": "18",
                  "title": "Quelques petites âmes d'ici et d'ailleurs / E. Gómez Carrillo ; traduit de l'espagnol, par Ch. Barthez ; [préface de Marcel Lami]"
            },
            {
                  "doc_url": "https://gallica.bnf.fr/ark:/12148/bpt6k58140918",
                  "emotions": [
                        "fear",
                        "pain"
                  ],
                  "excerpt": "D ' immenses marécages , 6 82 LES MALADIES des forêts impénétrables entretenaient sur tous les points du territoire une humidité putride et malsaine , que les chaleurs de .l ' été chargeaient de miasmes délétères et empoisonnés .Le sol , au lieu d ' être assaini par la culture , dégageait incessamment des émanations morbides .",
                  "id": "19",
                  "title": "Recherches historiques sur les maladies de Vénus dans l'antiquité et le moyen âge avec un avant-propos, par P.-L. Jacob, bibliophile"
            },
            {
                  "doc_url": "https://gallica.bnf.fr/ark:/12148/bpt6k5739452d",
                  "emotions": [
                        "disgust",
                        "fear",
                        "doubt",
                        "nervousness"
                  ],
                  "excerpt": "123 Élait - çe un bien ou un mal ? Ils ne pouvaient le savoir encore , Néamoins Jean manifesta une crainte bien naturelle ' delà part du fils d ' un médecin , crainte que Jeanne Conçut comme lui .N ' était - il pas à redouter que ce débordement ëûl profondément labouré le sol et mis en liberté les miasmes pestilentiels ' dé cette terre vierge ? Les fièvres paludéennes n ' ont pas - ' \" d ' au - - - .1res causes que ces bouleversements du sol .",
                  "id": "20",
                  "title": "Robinson et Robinsonne (2e édition) / Pierre Maël ; ouvrage illustré... par A. Paris"
            }
      ]
}