{
      "articles": [
            {
                  "doc_url": "https://gallica.bnf.fr/ark:/12148/bpt6k5408321n",
                  "emotions": [
                        "disgust",
                        "anger",
                        "fear",
                        "annoyance",
                        "excitement"
                  ],
                  "excerpt": "Quelquefois ils leur coupent la queue même & jouent enfuite avec eux .Nous avons obfer - , vé qu ' un Scorpion étant mis dans un vafe de Criftal avec un peu de fu - , mée de Tabac dedans , a une fi grande averfion pour cette odeur , que dès qu ' il la fent de fi près , il devient comme enragé , fe piquant la tête de fon aiguillon jufqu ' à ce qu ' il fe foit tué lui - même .Cette expérience répétée plufieurs fois m ' a fait conclure que fon venin produit fur fon corps le même effet qu ' il fait fur les autres .",
                  "id": "1",
                  "title": "Voyage historique de l'Amérique méridionale fait par ordre du roi d'Espagne. Tome 1 / , par don George Juan,... et par don Antoine de Ulloa,... ouvrage... qui contient une histoire des Yncas du Pérou et les obsérvations astronomiques et physiques faries pour déterminer la figure et la grandeur de la terre"
            },
            {
                  "doc_url": "https://gallica.bnf.fr/ark:/12148/bpt6k5778675w",
                  "emotions": [
                        "fear"
                  ],
                  "excerpt": "A peine était - il terminé , que chacun détalait au plus vite et rentrait chez soi avant la nuit , par crainte de la fièvre ou de pis encore .Marais infect , coupe - gorge - dangereux , tel était Boufarik en 1835 .* « Les approches furent ' pénibles et longues .",
                  "id": "2",
                  "title": "Revue universelle illustrée"
            },
            {
                  "doc_url": "https://gallica.bnf.fr/ark:/12148/bpt6k6495898p",
                  "emotions": [
                        "fear",
                        "nostalgia"
                  ],
                  "excerpt": "Leurs mains frissonnaient alors de se mêler sur le clavier , ils avaient un peu peur d ' être surpris , trop penchés l ' un vers l ' autre , car la porte restait ouverte , et Ursule et les enfants pouvaient passer dans le corridor : cela même augmentait le charme des séances .Le soir , sous l ' ombre des sapins dont l ' odeur résineuse réjouissait leur gorge , se laissant distancer par Lehault et la bonne tante Ursule occupés des enfants , ils faisaient de lentes promenades silencieuses , pleines de regards , cherchés et fuis , qui troublaient de plus en plus Lucienne .La fraîcheur n ' avait prise que sur l ' épiderme et n ' apaisait point sa chair dévorée .",
                  "id": "3",
                  "title": "Sans amour ! / Ch. Legrand"
            },
            {
                  "doc_url": "https://gallica.bnf.fr/ark:/12148/bpt6k5464062z",
                  "emotions": [
                        "disgust",
                        "fear",
                        "desire",
                        "excitement",
                        "greed",
                        "curiosity"
                  ],
                  "excerpt": "Vos sens bouleversés éprouveront encor La poétique horreur qu ' exprimait Fracastor .Oui , si vous voulez voir Syphilis en personne , Entrez dans cet empire où tout mortel frissonne : Là , comme dans la cuve où bouillonne le vin , On entend fermenter son putride levain ; Sur les frêles tissus qui couvrent les viscères On voit naître la mort et ramper les ulcères .Oh ! qui pourrait compter , sur tant d ' êtres souffrants , Tant d ' indicibles maux alignés sur deux rangs ! L ' ingénieux fléau , dans son fécond caprice , Assigne à chaque membre un différent supplice : Tantôt l ' humeur visqueuse , épanchée au dehors , D ' une sordide écaille enveloppe le corps ; D ' autres fois , elle teint en couleur purpurine Les épaules , les bras , les flancs et la poitrine .",
                  "id": "4",
                  "title": "Syphilis : poème en deux chants / par Barthélemy ; avec des notes par le Dr Giraudeau de Saint-Gervais"
            },
            {
                  "doc_url": "https://gallica.bnf.fr/ark:/12148/bpt6k3041437d",
                  "emotions": [
                        "fear"
                  ],
                  "excerpt": "Les gaz malodorants qui se dégagent dans le cabinet finiraient au bout de peu de temps par imprégner ces tentures et ces tapis .Des odeurs insupportables se répandraient alors et infecteraient l ’ appartement tout entier .Pour la plupart des Français , le cabinet d ’ aisances doit nécessairement être l ’ endroit le plus sale et le plus mal tenu de la maison .",
                  "id": "5",
                  "title": "L'hygiène du logement / par Paul Juillerat,... ; préface par M. le Dr Roux,..."
            },
            {
                  "doc_url": "https://gallica.bnf.fr/ark:/12148/bpt6k30721489",
                  "emotions": [
                        "grief",
                        "sadness",
                        "fear",
                        "nostalgia",
                        "nervousness",
                        "despair",
                        "pain"
                  ],
                  "excerpt": "xix .su ne vis plus , le cœur me manque à l ’ aspect de ce corps : cette odeur de sang me donne des vertiges , je me sens mourir encore ..",
                  "id": "6",
                  "title": "Elys De Sault, ou La cour des papes au milieu du XIVe siècle. Tome 1 / par Fr. d'Antonnelle [et] H. Arnaud"
            },
            {
                  "doc_url": "https://gallica.bnf.fr/ark:/12148/bpt6k278081",
                  "emotions": [
                        "fear",
                        "disapproval",
                        "doubt",
                        "nervousness",
                        "disappointment"
                  ],
                  "excerpt": "Commence donc , ô nez pervers ! A n ' esperer plus dans ce monde Demeurer ; il n ' y a que l ' onde Qui te conduira aux enfers .Mais je crains bien que ceste race , Quoy qu ' on y ait marqué ta place , Ne t ' en accordera l ' entrée , Crainte que ta puante haleine Ne soit une nouvelle peine Aux esprits de ceste contrée .Ouy , l ' on t ' en fermera la porte ; Mais une plus affreuse grote Qui se rencontre en l ' univers Estpreparéepourtademeure , Où tu souffriras en une heure Plus qu ' en mil ans dans les enfers .",
                  "id": "7",
                  "title": "Variétés historiques et littéraires : recueil de pièces volantes rares et curieuses en prose et en vers. Tome 5 / revues et annotées par M. Edouard Fournier..."
            },
            {
                  "doc_url": "https://gallica.bnf.fr/ark:/12148/bpt6k8763900",
                  "emotions": [
                        "fear",
                        "annoyance"
                  ],
                  "excerpt": "Les malades entendent des voix qui les efiraient ; c ’ est un voisin imaginaire qui les importune de son bavardage incessant , ou qui les persécute et les poursuit de ses injures , et auquel ils répondent de temps en temps d ’ une façon très - rude .L ’ odorat est quelquefois affecté , et les malades s ’ imaginent que le diable a passé dans leur chambre , se plaignent de l ’ odeur qu ’ il y a laissé et qui les suffoque .Une hallucination du goût leur fait croire souvent que tout ce qu ’ ils boivent est de l ’ eau - de - vie .",
                  "id": "8",
                  "title": "Dangers de l'abus des boissons alcooliques, manuel d'instruction populaire à l'usage des instituteurs / par M. Eugène Picard..."
            },
            {
                  "doc_url": "https://gallica.bnf.fr/ark:/12148/bpt6k97855230",
                  "emotions": [
                        "fear",
                        "faith"
                  ],
                  "excerpt": "Ils couchent dans des lits pendans é - levez en l ' air sur 4 .pieux , afin d ' être sûrs pendant le sommeil , des insectes venimeux & des exhalaisons contagieuses de la terre .Etant à la châtie , ils égalent les bêtes sau - vages en vîtesse .",
                  "id": "9",
                  "title": "Le Curieux antiquaire, ou Recueil geographique et historique des choses les plus remarquables qu'on trouve dans les quatre parties de l'univers ; tirées des voiages de divers hommes celébres. Tome 3 / ; avec deux tables, des noms geographiques, & des matiéres. Par le Sr. P. L. Berkenmeyer..."
            },
            {
                  "doc_url": "https://gallica.bnf.fr/ark:/12148/bpt6k54539508",
                  "emotions": [
                        "fear",
                        "nervousness"
                  ],
                  "excerpt": "De ton coeur un moment conquis , Chère enfant , je n ' ai pu connaître Que ce qu ' il a de plus exquis .APRÈS 239 J ' ai , craintif et frôlant à peine La fleur au fragile satin , Respiré sa première haleine , Ses parfums légers du matin .A froisser ses tendres pétales Lourdement , d ' un baiser trop chaud , L ' odeur , sous des lèvres brutales , D ' abord s ' exalte , et meurt bientôt .",
                  "id": "10",
                  "title": "Poésies de Jules Lemaître : Les Médaillons. Petites Orientales. Une méprise. Au jour le jour"
            },
            {
                  "doc_url": "https://gallica.bnf.fr/ark:/12148/bpt6k1196150",
                  "emotions": [
                        "fear",
                        "desire",
                        "excitement",
                        "nervousness"
                  ],
                  "excerpt": "le bas de son corps et , ramené sur ses épaules , semble à peine agraffé près de son sein par deux boucles d ' or ; pagne et turban tiennent par une sorte de prodige c ' est un château de cartes .Près d ' elle , les pieds de devant tendus , la tête penchée jusqu ' au sol , les longues tresses de sa crinière grise mélangées de rubans , une gaze de soie nouée près de chacune de ses œillères , le chenal aspire à pleins naseaux une effluve encore lointaine le maître va venir .J ' aurais voulu le deviner .",
                  "id": "11",
                  "title": "L'Europe artiste : beaux-arts, peinture, sculpture, gravure, théâtre, chorégraphie, musique, expositions, musées, librairie artistique, bulletin des ventes..."
            },
            {
                  "doc_url": "https://gallica.bnf.fr/ark:/12148/bpt6k5408321n",
                  "emotions": [
                        "disgust",
                        "fear",
                        "annoyance",
                        "nervousness"
                  ],
                  "excerpt": "Je ne vois donc pas de difficulté à convenir que l ' haleine de ce Serpent a la propriété ^ u ' on lui attribue , & qu ' il fupplée par - là à la lenteur de fon corps , pour fe procurer les alïmens dont .il a befoin ; car les Animaux frappés de cette odeur putride & envenimée , peuvent bien perdre la préfence d ' efprit & le fang froid .néceffaire pour fuir , ou pour continuer leur ehemin .",
                  "id": "12",
                  "title": "Voyage historique de l'Amérique méridionale fait par ordre du roi d'Espagne. Tome 1 / , par don George Juan,... et par don Antoine de Ulloa,... ouvrage... qui contient une histoire des Yncas du Pérou et les obsérvations astronomiques et physiques faries pour déterminer la figure et la grandeur de la terre"
            },
            {
                  "doc_url": "https://gallica.bnf.fr/ark:/12148/bpt6k73646307",
                  "emotions": [
                        "fear",
                        "boredom"
                  ],
                  "excerpt": "C ' est , ainsii que le blanc , le jaune , le noir , le peau - rouge ne peuvent , même physiquement , se sentir .Les nègres , paraît - il , nous trouvent une odeur ' fade d ® cadavre qui leur tourne le cœur .Mfis il faut c - roire qu ' on finit paK s ' y - faire et même par y .",
                  "id": "13",
                  "title": "Le Télégramme : journal quotidien de la démocratie du Midi"
            },
            {
                  "doc_url": "https://gallica.bnf.fr/ark:/12148/bpt6k5561642k",
                  "emotions": [
                        "fear"
                  ],
                  "excerpt": ".Odeur anisée , : anis , badiane , carvi , Odeur amandée : amandes amère .s , mirbane , laurier , odeur musquée .",
                  "id": "14",
                  "title": "L'Afrique du Nord illustrée : journal hebdomadaire d'actualités nord-africaines : Algérie, Tunisie, Maroc"
            },
            {
                  "doc_url": "https://gallica.bnf.fr/ark:/12148/bpt6k879872f",
                  "emotions": [
                        "sadness",
                        "fear",
                        "doubt",
                        "despair",
                        "pain"
                  ],
                  "excerpt": "Cotte chair qui n ’ a rien connu encore des émotions grandes , tuera une àmo chaque soir .Os cœur , qui n ’ a rien compris encore aux douleurs saintes , jettera chaque nuit un souffle mortel — émanation putride — sur au moins une vie .Mais malheur , malheur à elle ! Malheur à cette chair ! Malheur à ce cœur aussi ! La fatalité bizarre peut bien , un jour , par un revirement subit , dessécher cette épiderme pour allumer le sang qui court dessous ; les nerfs peuvent bien , un jour , être fatigués tant , le corps tué assez , que l ’ âme demande à vivre .",
                  "id": "15",
                  "title": "Le XXe siècle : revue littéraire et artistique... paraissant le 15 de chaque mois / directeur-administrateur Léo Karl"
            },
            {
                  "doc_url": "https://gallica.bnf.fr/ark:/12148/bpt6k113318j",
                  "emotions": [
                        "surprise",
                        "disgust",
                        "fear",
                        "nervousness"
                  ],
                  "excerpt": "Ils entrèrent sans faire le moindre bruit , comme le cauchemar en personne .Ils sortirent , chargés d ' un fardeau pâle , laissèrent entrouverte la porte , d ' où , s ' exhala une odeur diabolique de drogue , et tous deux filèrent , leurs têtes dangereuses pointées en avant .c Ils dévalèrent un sentier raide comme un escalier édenté , arrivèrent au bord du torrent .",
                  "id": "16",
                  "title": "Nous autres... / Henri Barbusse"
            },
            {
                  "doc_url": "https://gallica.bnf.fr/ark:/12148/bpt6k9685110r",
                  "emotions": [
                        "fear",
                        "courage",
                        "pain"
                  ],
                  "excerpt": "A * * * .En mars on voit les violettes , Bravant des bises les frissons , Par leurs haleines indiscrètes Se trahir au pied des buissons .Leur parfum que les froids , la veille , Tenaient dans le sol enfermé , C ' est du printemps qui se réveille Le premier soupir embaumé .",
                  "id": "17",
                  "title": "La couronne d'Ophélie / par Auguste Desplaces"
            },
            {
                  "doc_url": "https://gallica.bnf.fr/ark:/12148/bpt6k56067229",
                  "emotions": [
                        "surprise",
                        "fear"
                  ],
                  "excerpt": "D ' une pièce voisine partaient des chants , le choc des verres , les éclats enfin d ' une allégresse dépouillée de toute gêne .Quand les noirs , poussés par leur conducteur , pénétrèrent dans cette pièce , sorte de salle à boire , imprégnée de senteurs alcooliques , des cris les accueillirent .ce Tiens ! voilà le patron de la case .",
                  "id": "18",
                  "title": "L'homme aux yeux de verre : aventures au Dahomey / A.-M. Rossi et F. Méaulle ; illustration par Baldo, Brun, Mouchot... [et al.]"
            },
            {
                  "doc_url": "https://gallica.bnf.fr/ark:/12148/bpt6k5626705b",
                  "emotions": [
                        "disgust",
                        "fear"
                  ],
                  "excerpt": "On a sig - nalé des plaques ardoisées des joues et des lèvres ; on a noté de l ' inflammation des parotides .De toute façon , l ' haleine est très fétide , repoussante .Coliques de plomb .",
                  "id": "19",
                  "title": "Dictionnaire dentaire / par Jean Chateau,..."
            },
            {
                  "doc_url": "https://gallica.bnf.fr/ark:/12148/bpt6k9613072z",
                  "emotions": [
                        "disgust",
                        "fear"
                  ],
                  "excerpt": "« Ah ! mon ami , ne tte donc pas ainsi de l ' urine dans la cour .Tous les voisins plaignent déjà de la mauvais odeur qu ' elle exhale .— Tu il raison : je n ' y pensais pas .",
                  "id": "20",
                  "title": "La mystification ou L'art de faire aller les gens sans casse, rhubarbe, ni sené... / par Jacques Lefuté"
            }
      ]
}