{
      "articles": [
            {
                  "doc_url": "https://gallica.bnf.fr/ark:/12148/bpt6k4221615n",
                  "emotions": [
                        "disgust",
                        "fear",
                        "relief",
                        "nervousness"
                  ],
                  "excerpt": "3oi Faites des pastilles en forme de trocliisques .C ’ est un très - bon stomachique , astringent .Elles corrigent aussi la mauvaise odeur de i ’ haleine et remédient aux digestions dépravées .",
                  "id": "1",
                  "title": "Traité de pharmacie théorique et pratique, contenant les élémens, l'analyse et les formules de tous les médicamens, leurs préparations chimiques et pharmaceutiques, classées méthodiquement suivant la chimie moderne. Tome 1 / ... On a joint partout les comparaisons des nouveaux poids et mesures, toutes les prescriptions du nouveau \"Codex\" de Paris, et un très grand nombre d'autres préparations... par J.-J. Virey,... Nouvelle édition"
            },
            {
                  "doc_url": "https://gallica.bnf.fr/ark:/12148/bpt6k282077x",
                  "emotions": [
                        "disgust",
                        "fear",
                        "disapproval",
                        "doubt"
                  ],
                  "excerpt": "Domus saniedapibusque cruentis , Intns opaca , ingens .Higinus prétend qu ' il y a une faute dans ce « Sa caverne obscure et profonde était souillée vers de Virgile d ' un sang infect et seméed ' affreux débris .» « Là Picus lui - même était représenté assis , 1 D ' après cet usage , rien n ' empêche de dire : Piavec le sceptre que porta depuis Romulus , la cus Quirinali lituo erat ; « Picus était armé du • courte trabée , et le bouclier sacré dans la main sceptre de Romulns , comme on dit Fatua « gauche .",
                  "id": "2",
                  "title": "Pétrone, Apulée, Aulu-Gelle : oeuvres complètes : avec la traduction en français / publiées sous la direction de M. Nisard,..."
            },
            {
                  "doc_url": "https://gallica.bnf.fr/ark:/12148/bpt6k97426180",
                  "emotions": [
                        "disgust",
                        "anger",
                        "fear",
                        "greed"
                  ],
                  "excerpt": "Ce - Pélobate est commun dans presque toute la France .Il exhale une odeur aliacée , saute à la manière des Grenouilles et creuse très adroitement t des trous dans le sol avec ses pattes postérieures ; il est terrestre et ' ne recherche l ' eau qu ' à l ' épdque de la reproduction • le cri du mâle est wok .Pendant l ' accouplement , le mâle embrasse la femelle au - dessus des pattes postérieures .",
                  "id": "3",
                  "title": "Animaux nuisibles et animaux utiles à l'agriculture : mammifères, reptiles, batraciens (2e édition, revue et augmentée...) / par Georges Guénaux,..."
            },
            {
                  "doc_url": "https://gallica.bnf.fr/ark:/12148/bpt6k5820023g",
                  "emotions": [
                        "fear"
                  ],
                  "excerpt": "La créosote dissout l ' iode , le phosphore , le soufre , un certain nombre d ' acides organiques ( oxalique , tartrique , citrique , benzoïque , stéarique ) , la plupart des résines et des graisses .Elle coagule l ' albumine ; c ' est un toxique corrosif violent .Son nom lui fut donné parce qu ' au moment de sa découverte on lui attribua la propriété de préserver les viandes de la putréfaction sans les rendre impropres à l ' alimentation .",
                  "id": "4",
                  "title": "Précis de pharmacologie et de matière médicale / par G. Pouchet,..."
            },
            {
                  "doc_url": "https://gallica.bnf.fr/ark:/12148/bpt6k2820755",
                  "emotions": [
                        "surprise",
                        "fear",
                        "excitement"
                  ],
                  "excerpt": "Corpora , qua ' toiaiit oculos visumque Incessant Fiïgus item transire per as , calidumque vaporem , Perpetuo ' queflnuntcertisab rébus odores 925 Sentimus j sentimus item Irausire peraurum , 9io lii ^ us ut a fluïiis , calor a sole , œstus ab undis Atque per argentum , quom pocula jiiina tenemus .rapide du son ; l ' odeur y coule , le froid aussi , si affreuse , leur parait si charmante , qu ' ils s ' y et l ' ardeur du feu .Que dis - je ? Cette ardeur tra - roulentet s ' y engloutissent avec une ardeur insaverse même la dure essence du fer , à l ' endroit tiable .",
                  "id": "5",
                  "title": "Lucrèce, Virgile, Valérius Flaccus : oeuvres complètes : avec la traduction en français / publiées sous la direction de M. Nisard,..."
            },
            {
                  "doc_url": "https://gallica.bnf.fr/ark:/12148/bpt6k876463d",
                  "emotions": [
                        "fear"
                  ],
                  "excerpt": "Classes Sulfure d ’ arsenic ( Fabrication du ; , à la condition que I les vapeurs seront condensées Odeur , émanations nuisibles a * 2 ” 2 e 2 \" 3 e 2 \" Tannée humide ( Incinération île lai Tuiles métalliques ( Trempage au goudron des ) Fum e .odeur Émanalions nuisibles , danger d ’ incendieVernis .( Voir Argenture des glaces ) .",
                  "id": "6",
                  "title": "L'Hygiène et l'industrie dans le département du Nord. Vade-mecum des conseils de salubrité, des industriels et des fonctionnaires chargés de la police sanitaire, par MM. Pilat et Tancrez. 2e édition"
            },
            {
                  "doc_url": "https://gallica.bnf.fr/ark:/12148/bpt6k57890866",
                  "emotions": [
                        "fear",
                        "greed"
                  ],
                  "excerpt": "Émanations malsaines .Vapeurs délétères , dangers d ' explosion .Dangers d ' incendie .",
                  "id": "7",
                  "title": "L'hygiène à Lyon : comptes-rendus des travaux du conseil d'hygiène publique et de salubrité du département du Rhône / Dr A. Lacassagne,..."
            },
            {
                  "doc_url": "https://gallica.bnf.fr/ark:/12148/bpt6k876463d",
                  "emotions": [
                        "fear"
                  ],
                  "excerpt": "- 360 ^ Inconvénients .— Odeur désagréable et danger du feu .La fonte à feu nu a été longtemps désignée sous le nom de fonte au creton .",
                  "id": "8",
                  "title": "L'Hygiène et l'industrie dans le département du Nord. Vade-mecum des conseils de salubrité, des industriels et des fonctionnaires chargés de la police sanitaire, par MM. Pilat et Tancrez. 2e édition"
            },
            {
                  "doc_url": "https://gallica.bnf.fr/ark:/12148/bpt6k5528912j",
                  "emotions": [
                        "fear"
                  ],
                  "excerpt": "Enfin , ruisselante de sueur , elle s ' arrêta .Des émanations d ' une dangereuse âcreté emplirent la salle .Le gros garçon joufflu lui lança un water - proof et elle disparut eu courant dans une pièce voisine où ses hardes étaient jetées .",
                  "id": "9",
                  "title": "Ketty Culbute ; [suivi de ] La révolte des Tramps ; la gigue d'Ève / Hector France"
            },
            {
                  "doc_url": "https://gallica.bnf.fr/ark:/12148/bpt6k6377505t",
                  "emotions": [
                        "disgust",
                        "fear",
                        "annoyance",
                        "pain"
                  ],
                  "excerpt": "Arnould , ne saurait mieux faire que de » réclamer la réalisation de la définition des chimistes : l ' air est un gaz » incolore , inodore et sans saveur .JI n ' est pas plus normal de respirer » un air entaché de gaz putrides , de vapeurs irritantes , d ' émanations » nauséabondes , que de boire une eau sale ou de manger des vivres » avariés » .B .",
                  "id": "10",
                  "title": "Traité d'hygiène publique et privée / par Jules Rochard,..."
            },
            {
                  "doc_url": "https://gallica.bnf.fr/ark:/12148/bpt6k6216857c",
                  "emotions": [
                        "fear"
                  ],
                  "excerpt": "Je ne saurais vous dépeindre le triste état dans lequel nous sommes arrivés .Figurez - vous ce grand mât foudroyé , ce vaisseau avec son pavillon en berne , tirant du canon toutes les minutes ; quelques matelots semblables à des spectres , assis sur le pont ; nos écoutilles ouvertes , d ' où s ' exhalait une vapeur infecte ; les entre - ponts pleins de mourants , les gaillards couverts de malades qu ' on exposait au soleil , et qui mou - raient en nous parlant .Je n ' oublierai jamais un jeune homme de dix - huit ans à qui j ' avais promis la veille un peu de limonade .",
                  "id": "11",
                  "title": "Paul et Virginie ; suivi de La chaumière indienne ; Voyage à l'île de France ; divers extraits des Études et Harmonies de la nature (Edition épurée) / par Bernardin de Saint-Pierre ; précédée d'une notice sur Bernardin de Saint-Pierre, par M. l'abbé Delacouture ; illustrée de 20 dessins par Jules David"
            },
            {
                  "doc_url": "https://gallica.bnf.fr/ark:/12148/bpt6k889110p",
                  "emotions": [
                        "disgust",
                        "anger",
                        "fear"
                  ],
                  "excerpt": "— Le pont d ' Espagne .ciale et nauséeuse , et pour qui la connaît combien compréhensible la boutade du voyageur qui disait : « Qu ’ un coup de baguette me transporte subitement , les yeux bandés , dans une ville quelconque , au bout du monde , si c ’ est une ville chinoise , je jure de m ’ en rendre compte immédiatement à l ’ odeur .» Ce composé de relents pestilentiels n ’ appartient qu ’ aux Célestes .",
                  "id": "12",
                  "title": "Annuaire Mathieu de la Drôme : indicateur du temps... / rédigé par les sommités scientifiques..."
            },
            {
                  "doc_url": "https://gallica.bnf.fr/ark:/12148/bpt6k96080727",
                  "emotions": [
                        "fear",
                        "nervousness",
                        "pain"
                  ],
                  "excerpt": ", des naseaux .Il se forme des pustules dans la bouche , la respiration devient difficile , l ' haleine exhale une mauvaise odeur ; l ' animal maigrit beaucoup , ses yeux , dont souvent les cornées sont ulcérées , se ferment , et la mort arrive promptement .f La succession des différens symptômes de la clavelée forme quatre temps , connus sous les noms , d ' invasion , d ' éruption , de suppuration et d ' exsïccation .",
                  "id": "13",
                  "title": "Traité des maladies des bestiaux, ou Description raisonnée de leurs maladies et de leur traitement ; précédée d'un précis d'histoire naturelle, et d'un traité d'hygiène ; et suivie d'un aperçu sur les moyens de tirer, des bestiaux, les produits les plus avantageux... par M. V. Delaguette,..."
            },
            {
                  "doc_url": "https://gallica.bnf.fr/ark:/12148/bpt6k6131104k",
                  "emotions": [
                        "disgust",
                        "fear"
                  ],
                  "excerpt": "- Au milieu d ' un dé ces 1 horribles tas s ' étale un © chemise toute : blanche et dégouttante de sang rouge .Une odeur insupportable ; empeste l ' air .Pour comble , les Boches nous envoient quelques obus 1 aerymogènes qui achèvent - ' , die rendre l ' air irrespirable .",
                  "id": "14",
                  "title": "Revue chrétienne : recueil mensuel"
            },
            {
                  "doc_url": "https://gallica.bnf.fr/ark:/12148/bpt6k6377505t",
                  "emotions": [
                        "fear"
                  ],
                  "excerpt": "Il faut en effet que le sol en préparation soit recouvert d ' une nappe d ' eau suffisante pendant tout le temps que la couche filtrante met à se former .Sans cela , on aurait à redouter les émanations dangereuses de ce marais artificiel .11 faut aussi que la mise en culture soit rapide pour ne pas laisser aux matières organiques ' du limon , le temps de se décomposer à l ' air libre .",
                  "id": "15",
                  "title": "Traité d'hygiène publique et privée / par Jules Rochard,..."
            },
            {
                  "doc_url": "https://gallica.bnf.fr/ark:/12148/bpt6k5657429v",
                  "emotions": [
                        "fear",
                        "nostalgia"
                  ],
                  "excerpt": "pour mieux dilater ta poitrine .Les sifiienems aigus de la bise ; marine , La vapeur du vaisseau tout près de démarrer , L ' acre parfum du ( loi qui vient , baiser ies grèves .L ' air vif des monts lointains que LU vovais en rè .",
                  "id": "16",
                  "title": "A la Mémoire d'Edgard, marquis d'Argence / (poésie par le Vte H. de Bornier)"
            },
            {
                  "doc_url": "https://gallica.bnf.fr/ark:/12148/bpt6k6377505t",
                  "emotions": [
                        "fear",
                        "annoyance",
                        "nervousness"
                  ],
                  "excerpt": "— L ' eau stagnante des marécages présente souvent une teinte irisée de reflets bleuâtres et brillants , semblables à ceux que produirait une mince couche d ' huile étendue à la surface .Elle est trouble , brunàtre et exhale une odeur désagréable .On y trouve une quantité considérable de débris organiques , d ' origine végétale et animale , parmi lesquels des légions de parasites vivent et se multiplient .",
                  "id": "17",
                  "title": "Traité d'hygiène publique et privée / par Jules Rochard,..."
            },
            {
                  "doc_url": "https://gallica.bnf.fr/ark:/12148/bpt6k6253032z",
                  "emotions": [
                        "sadness",
                        "fear"
                  ],
                  "excerpt": "RÉPANDRE , va ( 1 expandere ) , laisser tomber un liquide : répandre du vin ; par extension : répandre du sel , de la poudre , etc .— RÉPANDRE DES LARMES , pleurer ; — DU SANG , blesser ou tuer ; — UNE BONNE ODEUR , l ' exhaler ; — UNE NOUVELLE , l ' étendre au loin ; — DES BIENFAITS , faire du bien .— SE RÉPANDRE , 11 .",
                  "id": "18",
                  "title": "Nouveau dictionnaire français : renfermant... partie orthographique... géographique... historique... mythologique... (Nouvelle édition entièrement refondue avec addition des étymologies et de plus de 3000 mots) / par J. George"
            },
            {
                  "doc_url": "https://gallica.bnf.fr/ark:/12148/bpt6k61172099",
                  "emotions": [
                        "disgust",
                        "fear",
                        "pain"
                  ],
                  "excerpt": "FEUILLES MORTES 109 LES FLEURS DU MAL SONNET Dans un ciel morne et froid comme l ' acier bruni , Sous les glauques lueurs d ' un jour crépusculaire , En un sol rocailleux , sec , aride et jauni , Croissent les noires fleurs de Charles Baudelaire .Là , végète l ' horrible en faisceau réuni , Sous l ' aile de Satan dont l ' ombre tutélaire Verse , comme un poison , sur le mal rajeuni L ' enivrante âcreté d ' un parfum d ' ossuaire .Et l ' on voit se tordant sous un souffle embrasé , D ' affreuses visions que nul être blasé Ne saurait entrevoir sans en devenir blême ! .",
                  "id": "19",
                  "title": "Feuilles mortes, Job, pages vécues, poèmes satiriques, Ibo ! 1873-1883 / Amélie Gex"
            },
            {
                  "doc_url": "https://gallica.bnf.fr/ark:/12148/bpt6k5438573w",
                  "emotions": [
                        "grief",
                        "fear",
                        "despair",
                        "faith"
                  ],
                  "excerpt": "Vers les quatre heures , je m ' installe derrière deux fillettes du peuple , des flamandes pâles et bouffies qui sont assises , mais je hume , penché au - dessus d ' elles , un fumet si fade , que je décampe .Les pauvres filles seront - elles libérées de ces maux cachés que cette affreuse odeur décèle ? — Je vais plus loin , à côté d ' aveugles inodores qui prient .Précédée , comme d ' habitude , des suisses et des enfants de choeur , la processionnelle arrive , en chantant des cantiques .",
                  "id": "20",
                  "title": "Les foules de Lourdes / J.-K. Huysmans"
            }
      ]
}