{
      "articles": [
            {
                  "doc_url": "https://gallica.bnf.fr/ark:/12148/bpt6k96114378",
                  "emotions": [
                        "fear",
                        "doubt",
                        "nervousness"
                  ],
                  "excerpt": "Qui se marie avec un assassin doit s ' attendre à de sinistres aventures , et compter qu ' à ses alentours le poison comme le poignard pourra bien par occasion et à son propre péril se tromper d ' adresse ., celle d ' Hamlet est suffocante : terreur , pressentiment , mystère ! Un secret pèse là , fermente .« Il y a quelque chose de pourri dans l ' État de Danemark .",
                  "id": "1",
                  "title": "Tableaux romantiques de littérature et d'art / par Henri Blaze de Bury"
            },
            {
                  "doc_url": "https://gallica.bnf.fr/ark:/12148/bpt6k82500g",
                  "emotions": [
                        "surprise",
                        "grief",
                        "disgust",
                        "fear",
                        "despair",
                        "pain"
                  ],
                  "excerpt": "C ' était d ' ailleurs un crapaud monstrueux , comme je n ' en ai jamais vu depuis , un crapaud magicien , tout au moins centenaire , demi - gnome , demi - bête du sabbat , comme il en est parlé dans des contes , un de ces crapauds qui veillent , couronnés d ' or massif , sur les trésors des ruines , une fleur de belladone à la patte gauche et se nourrissent de sang humain .Le crapaud remuait et j ' avais bu de l ' eau où vivait et où grouillait ce monstre , et je sentais dans ma bouche , dans mon gosier , dans tout mon être comme un goût de chair morte , une odeur d ' eau pourrie , et , pour comble d ' horreur , je vis qué le crapaud , dont les yeux avaient semblé me fixer tout d ' abord , avait les deux prunelles crevées , les paupières sanguinolentes et qu ' il s ' était refugié dans cette source , supplicié , et pantelant , pour y mourir .Oh ! ce crapaud aveugle , cette agonie de bête mutilée daus cette eau claire au goût de sang NUIT DE VEILLE Ma mère était très mal ; nous habitions alors en province un grand pavillon Louis XIII situé un peu à l ' écart de la ville .",
                  "id": "2",
                  "title": "Sensations et souvenirs / Jean Lorrain"
            },
            {
                  "doc_url": "https://gallica.bnf.fr/ark:/12148/bpt6k82500g",
                  "emotions": [
                        "fear",
                        "annoyance",
                        "pain"
                  ],
                  "excerpt": "Trois jours après , Serge entrait chez moi , cette fois les mains agitées , les traits bouleversés , le teint verdàtre .Tu sais que je pars impossible de dormir dans cet hôtel du diable , il y a une odeur de corruption dans les chambres à faire vomir on a dû certainement tuer quelqu ' un dans celle que j ' habitais .Comment , tu n ' es plus là ? Non , j ' ai donné congé ce matin et je pars .",
                  "id": "3",
                  "title": "Sensations et souvenirs / Jean Lorrain"
            },
            {
                  "doc_url": "https://gallica.bnf.fr/ark:/12148/bpt6k6386239j",
                  "emotions": [
                        "fear",
                        "doubt"
                  ],
                  "excerpt": "- Au salep ? - Non .- Au pur caraque t — fforij vous dis - je ! — Au mara guano ? au houblon ? au noyer ? - Non , non , mille fois non ! - A quel arôme le désirez - vous donc ? � - A l ' ambre , et à dose triple ; je me marie ce matin .AU MAGASIN DU PROPHETE , BOULEVARD POISSONNIERE .",
                  "id": "4",
                  "title": "Paris à vol de canard : impressions de voyage, dans les 13 arrondissements de la capitale / recueillies et publiées par Eugène Furpille"
            },
            {
                  "doc_url": "https://gallica.bnf.fr/ark:/12148/bpt6k6493056z",
                  "emotions": [
                        "disgust",
                        "fear"
                  ],
                  "excerpt": "Cependant on peut encore essayer d ' y injecter de l ' essence de térébenthine .Elles redoutent extrêmement les émanations qui s ' en échappent , et bien souvent cette odeur suffis pour les obliger à fuir .Il faut veiller sur elles et les considérer comme perdues si , une heure après avoir tenté ce dernier moyen , elles n ' abandonnent pas cette position .",
                  "id": "5",
                  "title": "Guide de l'éleveur d'abeilles ; suivi de La ruche des jardins / par Auguste de Frarière..."
            },
            {
                  "doc_url": "https://gallica.bnf.fr/ark:/12148/bpt6k55168693",
                  "emotions": [
                        "disgust",
                        "fear"
                  ],
                  "excerpt": "C ' est un liquide incolore , huileux , d ' une odeur pénétrante .C ' est un caustique puissant et un poison très riolenl : une seule goutte suffit pour tuer un chien .Le tabac doit à la nicotine ses propriél ' S irritantes et narcotiques .",
                  "id": "6",
                  "title": "La physique et la chimie du brevet élémentaire de capacité de l'enseignement primaire : ouvrage rédigé conformément aux programmes officiels et destiné aux écoles primaires supérieures... (5e édition) / par Émile Bouant,..."
            },
            {
                  "doc_url": "https://gallica.bnf.fr/ark:/12148/bpt6k55168693",
                  "emotions": [
                        "fear"
                  ],
                  "excerpt": "Quand il a été possible de retirer une personne de l ' atmosphère empoisonnée , il faut l ' exposer au ' grand air et lui faire respirer , avec beaucoup de précautions , de riiypochlorile de chaux arrosé de \\ iiiaîgre : le chlore qui se dégage décompose l ' acide sullhydrique .Mais il laul procéder doucement , carie chlore est lui - même fort dangereux à respirer » Résumé , Vanhydridê sulfureux SO 2 est un gaz incolore , à odeunîve .lrca Èolubîe , aisément liquéfiable .",
                  "id": "7",
                  "title": "La physique et la chimie du brevet élémentaire de capacité de l'enseignement primaire : ouvrage rédigé conformément aux programmes officiels et destiné aux écoles primaires supérieures... (5e édition) / par Émile Bouant,..."
            },
            {
                  "doc_url": "https://gallica.bnf.fr/ark:/12148/bpt6k62749z",
                  "emotions": [
                        "fear",
                        "nervousness"
                  ],
                  "excerpt": "Toutes les autres 1 L ' AMANTE Mon rêve est embarqué dans une île flottante , Les fils dorés des vents captent , en leurs réseaux Son aventure au loin sur la mer éclatante ; Mon rêve est embarqué , dans une île flottante , Avec do grandes meurs et de chantants oiseaux .Pistils dardés 1 pollens féconds flammes tremiëros 1 Un rut immense et lourd semble bondir dans l ' air ; Les blancs magnolias sont des baisers faits chair Et les senteurs des lys parfument la lumière .Les pivoines , comme des coeurs Rouges , brûlent dans la splendeur ; L ' air pantble d ' amonr et ses soufSes se nouent ; L ' ombre est chaude , comme un sein sous la joue ; De larges gouttelettes Choient des branchea , infatigablement , Et les roses et tes iris vont se pâmant , Sur des lits bleus de violettes .",
                  "id": "8",
                  "title": "Les forces tumultueuses / Émile Verhaeren"
            },
            {
                  "doc_url": "https://gallica.bnf.fr/ark:/12148/bpt6k54479841",
                  "emotions": [
                        "fear"
                  ],
                  "excerpt": "Une dizaine de fuyards se portèrent vers le lieu même oh se trouvaient les partisans canadiens , et furent ' Impitoyablement massacrés .Les éclats de la fusillade , l ' odeur de la poudre , Jes hurlements des sauvages , changeaient ces hommes en bêtes féroces ; ils se ruaient au carnage avec la fureur du tigre .Les Iroquois , habitués aux guerres des forêts , disparurent comme des ombres .",
                  "id": "9",
                  "title": "L'armurier de Québec, ou Les derniers partisans français canadiens / par William d'Arville"
            },
            {
                  "doc_url": "https://gallica.bnf.fr/ark:/12148/bpt6k3040285g",
                  "emotions": [
                        "fear"
                  ],
                  "excerpt": "Ce sont des animaux froids au toucher , qui habitent les lieux obscurs , humides et chauds ; qui inspirent une certaine horreur et une répugnance très - grande à cause de leur peau nue , souvent livide , hui - DES REPTILES SAURIENS .241 leuse et puante ; de leurs yeux fixes et menaçans ; de leur sifilement lent et sourd ; de leurs raouvemens obliques et rapides , et enfin par le poison terrible dont plusieurs espèces sont armées .Que présentent de remarquable leurs organes du mouvement ? L ’ échine des ophidiens est composée d ’ un grand nombre de vertèbres , qui ont à - peu - près la même forme depuis la tête jusqu ’ à la queue : elles se meuvent les unes sur les autres , principalement de droite à gauche .",
                  "id": "10",
                  "title": "Traité élémentaire d'histoire naturelle . Par A. M. Constant Duméril,..."
            },
            {
                  "doc_url": "https://gallica.bnf.fr/ark:/12148/bpt6k6233196p",
                  "emotions": [
                        "fear"
                  ],
                  "excerpt": "Une espèce sauvage , à fleurs plus petites , àfeuilles plus arrondies , estcommune dans nos pays ( 3 ) , surtout dans les régions montagneuses .Le tabac est une plante dangereuse , un poison très - violent : toute la plante a un suc âcre , brûlant et amer , désagréable et fétide .Le tabac est en même temps un excellent remède dans certaines maladies .",
                  "id": "11",
                  "title": "A travers nos campagnes : histoire des animaux et des plantes de notre pays / par Ch. Delon"
            },
            {
                  "doc_url": "https://gallica.bnf.fr/ark:/12148/bpt6k54038865",
                  "emotions": [
                        "disgust",
                        "fear",
                        "disapproval",
                        "pain"
                  ],
                  "excerpt": "Je vais essayer de donner , non pas une traduction exacte , mais une imitation de cette petite pièce , dont plusieurs passages assez obscurs demanderaient une longue dissertation : Si je voulais punir un méchant parricide , Je l ' empoisonnerais avec de l ' ail fétide , Et je ne comprends pas qu ' un grossier moissonneur Puisse le digérer sans prendre mal au coeur .Son odeur me dégoûte , et mes faibles viscères Craindraient peut - être moins le poison des vipères .Si Canidie ( 1 ) un jour me donne du venin , C ' est l ' ail certainement que choisira sa main .",
                  "id": "12",
                  "title": "Mélanges historiques et littéraires / par Paul Saint-Olive,..."
            },
            {
                  "doc_url": "https://gallica.bnf.fr/ark:/12148/bpt6k209413k",
                  "emotions": [
                        "grief",
                        "fear",
                        "disapproval",
                        "love",
                        "doubt"
                  ],
                  "excerpt": "lait ; Et quand de Sémida mes pas cherchent la trace , Aux ronces du chemin ma pourpre s ' embarrasse .Et tu ne reviens pas voici mourir te jour ; Habites - tu les cieux pour mieux fuir mon amour ? Ces lys ombragent - ils ta tombe ? ô jeune femme Est - ce qu ' en leurs parfums je respire ton âme ? .J ' explorais le vieux mont de nuages chargé , Lorsque du fond d ' un antre un soupir prolongé S ' élève .",
                  "id": "13",
                  "title": "La divine épopée / par Alexandre Soumet,..."
            },
            {
                  "doc_url": "https://gallica.bnf.fr/ark:/12148/bpt6k209413k",
                  "emotions": [
                        "grief",
                        "fear",
                        "love",
                        "courage",
                        "despair",
                        "disappointment",
                        "guilt"
                  ],
                  "excerpt": "J ' aimais la danse folle et mêlais , à mon choix , « Aux notes de l ' orchestre un écho de ma voix .Moi , la mort ! moi qui vins battre d ' une main sûre , f Du grand concert des jours la dernière mesure , < ' Je hantais les amants , la nuit ; mes doigts noueux « Ruisselaient de parfums pris dans leurs beaux cheveux < t J ' arrachais les enfants au sein qui les allaite ; « .Les berceaux balancés posaient sur mon squelette Je donnais à tout miel l ' avant - goût du poison ; « Toutes les amitiés m ' avaient pour horizon .",
                  "id": "14",
                  "title": "La divine épopée / par Alexandre Soumet,..."
            },
            {
                  "doc_url": "https://gallica.bnf.fr/ark:/12148/bpt6k6424091s",
                  "emotions": [
                        "surprise",
                        "fear",
                        "excitement",
                        "nervousness",
                        "pain"
                  ],
                  "excerpt": "L ' odeur d ' essence de térébenthine s ' était répandue dans toute la maison , qui n ' était habitée que par nous .Sa mère monte à cet instant , et à la première odeur , elle se sent soulever le cœur , elle éprouve des vertiges , une céphalalgie violente ; elle n ' a que le temps de descendre , pour se laisser tomber sur une chaise .Je lui appliquai de l ' eau sédative sur la tête , lui fis respirer du vinaigre ; le soulagement suivit immédiatement la médication ; une heure après , elle dînait avec bon appétit .",
                  "id": "15",
                  "title": "Histoire naturelle de la santé et de la maladie chez les végétaux et chez les animaux en général, et en particulier chez l'homme ; suivie du Formulaire pour une nouvelle méthode de traitement hygiénique et curatif. Tome 1 / par F.-V. Raspail..."
            },
            {
                  "doc_url": "https://gallica.bnf.fr/ark:/12148/bpt6k5494190f",
                  "emotions": [
                        "fear",
                        "excitement",
                        "amusement"
                  ],
                  "excerpt": "D ' ici , de la grève , ce n ' est rien : un remuement d ' insectes surgis , on ne sait d ' où , au bord de l ' étendue terrestre .Mais à mesure que l ' on approche , que l ' on s ' y mêle , comme on est pris par la rumeur , par l ' épais effluve de vie qui s ' en dégage ! Et comme on s ' ébahit , encore une fois , de la couleur et de l ' étrangeté de celte famille humaine ! Même griserie qu ' à plonger et se perdre dans la fourmilière d ' un souk marocain ou d ' un bazar de l ' Inde .L ' Inde , surtout , s ' évoque ici .",
                  "id": "16",
                  "title": "Revue des deux mondes : recueil de la politique, de l'administration et des moeurs"
            },
            {
                  "doc_url": "https://gallica.bnf.fr/ark:/12148/bpt6k6107812k",
                  "emotions": [
                        "surprise",
                        "grief",
                        "fear",
                        "excitement",
                        "nervousness"
                  ],
                  "excerpt": "La porte était ouverte , il la poussa dedans , La dévêtant déjà de ses regards ardents , Et des pieds à la tête il tressaillit de joie , Ainsi qu ' on fait au choc d ' un bonheur qu ' on attend .Depuis qu ' il l ' avait vue il était haletant Comme un limier qui chasse et n ' atteint point sa proie ! Or , quand elle sentit traîner contre sa peau La caresse visqueuse ainsi qu ' une limace De ce vieux qui gardait l ' odeur de son troupeau , Tout son être frémit sous ce baiser de glace .Mais lui , tenant ce corps d ' amour , aux flancs si doux , Que tant de fiers garçons devaient déjà connaître , Et fait pour être aimé si follement de tous , En son cœur de vieillard difforme , sentit naître La jalousie aiguë et sans pardon .",
                  "id": "17",
                  "title": "Oeuvres complètes de Guy de Maupassant.... 2"
            },
            {
                  "doc_url": "https://gallica.bnf.fr/ark:/12148/bpt6k81123s",
                  "emotions": [
                        "fear",
                        "nostalgia"
                  ],
                  "excerpt": "cir , inattpndoe , poignant \" , qui me vient tout a coup dans ( es sentiers pleins d ' ombre .Cette nuit verte sous des arbres immenses , ces fougères trop grandes , ces senteurs de mousses , et , ett avant de moi , ces hommes dont la peau est d ' une couleur de cuivre , tout cela brusquement me transporte à travers les années et les distances , en Océanie , dans les grands bois de Fatahui .jadis ~ mitiers .",
                  "id": "18",
                  "title": "Madame Chrysanthème : roman sur le Japon / par Pierre Loti"
            },
            {
                  "doc_url": "https://gallica.bnf.fr/ark:/12148/bpt6k5820445f",
                  "emotions": [
                        "disgust",
                        "fear"
                  ],
                  "excerpt": "Leurs yeux , et principalement ceux des taureaux , sont couverts de poils épais et pendants , de sorte qu ' ils sont la plupart du temps aveuglés , et qu ' un chasseur , s ' il s ' abstient de faire du bruit , peut s ' avancer sans crainte et parvenir à quelques pas sans que son approche ait été remarquée ; ceci ne peut cependant arriver qu ' autant que le chasseur reste sous le vent ; car autrement , comme le bison est aussi facile à effaroucher que tout autre animal , tout le temps que le trappeur aura mis à se cacher et à ramper vers sa proie aura été employé en pure perte .La moindre émanation suffit pour épouvanter la bête et lui faire prendre la fuite .Ike et son camarade soutenaient toujours que si on ne réussissait pas à approcher le bison en rampant , il serait toujours temps de courir sus aux vaches , d ' autant plus que , pendant que quelques - uns tenteraient le premier moyen , les autres resteraient en selle et se tiendraient prêts à prendre le galop .",
                  "id": "19",
                  "title": "Les chasseurs de bisons / Le capitaine Mayne-Reid ; traduction de Bénédict-H. Révoil ; soigneusement revue par E. Du Chatenet"
            },
            {
                  "doc_url": "https://gallica.bnf.fr/ark:/12148/bpt6k5820445f",
                  "emotions": [
                        "surprise",
                        "disgust",
                        "fear"
                  ],
                  "excerpt": "Au même instant , une odeur nauséabonde de musc et de corruption frappa désagréablement mon nerf olfactif , je jetai les bras en avant .Horreur ! ma main rebondit sur les écailles fangeuses et gluantes d ' un alligator de la taille la plus gigantesque .Il s ' était glissé à mes côtés , et se préparait à m ' attaquer consciencieusement .",
                  "id": "20",
                  "title": "Les chasseurs de bisons / Le capitaine Mayne-Reid ; traduction de Bénédict-H. Révoil ; soigneusement revue par E. Du Chatenet"
            }
      ]
}