{
      "articles": [
            {
                  "doc_url": "https://gallica.bnf.fr/ark:/12148/bpt6k4414657",
                  "emotions": [
                        "fear"
                  ],
                  "excerpt": "' Il en est de cela comme des melôns , dont le choix est aussi difficile que celui d ' une femme : ce n ' est pas peu dire .Méfiez vous , dans tous les cas ; des champignons à odeur fade et désagréable , ' dont la chair molle et aqueuse est intacte , à l ' abri de l ' attaque des animaux , de couleur livide , qui se corrompent sans se dessécher .Encore faut - il savoir que certaines conditions mal ' définies , d ' ordre climatérique où atmosphérique , rendent quelquefois dangereux des champignons de bonne composittion .",
                  "id": "1",
                  "title": "Hygiène du colon, ou Vade-mecum de l'Européen aux colonies / Dr Lemanski"
            },
            {
                  "doc_url": "https://gallica.bnf.fr/ark:/12148/bpt6k96674860",
                  "emotions": [
                        "disgust",
                        "fear",
                        "nervousness"
                  ],
                  "excerpt": "Davy , à qui est due cette découverte intéressante , lui avait donné le nom de phosgène , qui veut dire engendré par la lumière , parce qu ' il ne put en effet produire cette combinaison que par le contact de la lumière du soleil .Cet acide est gazeux , d ' une odeur suffocante , désagréable , et selon toute apparence très - délétère , car on éprouve un grand malaise après l ' avoir respiré .La chaleur , la lumière , l ' électricité , l ' oxigène et l ' hyr .",
                  "id": "2",
                  "title": "Traité élémentaire de pharmacie théorique, d'après l'état actuel de la chimie ; ouvrage spécialement consacré à ceux qui se destinent à la pharmacie... par J.-B. Caventou,..."
            },
            {
                  "doc_url": "https://gallica.bnf.fr/ark:/12148/bpt6k6373560s",
                  "emotions": [
                        "disgust",
                        "fear",
                        "pain"
                  ],
                  "excerpt": "La paille sur laquelle on les étend est bientôt rouge .L ' âcre odeur du sang nous prend à la gorge .Les Prussiens sontstoïques , ne se plaignent pas et répondent posément et poliment à toutes nos questions .",
                  "id": "3",
                  "title": "Journal d'un capitaine de francs-tireurs : campagne de France, 1870-1871 / par le comte de Belleval"
            },
            {
                  "doc_url": "https://gallica.bnf.fr/ark:/12148/bpt6k6569004h",
                  "emotions": [
                        "disgust",
                        "fear",
                        "nostalgia",
                        "courage",
                        "nervousness",
                        "embarrassment"
                  ],
                  "excerpt": "Ce n ' est pourtant qu ' une simple pensée de Dieu , qui nous rap pelle le printemps au milieu de l ' hiver ; mais c ' est aussi le signe d ' un grand froid , d ' un froid sec et vif qui succède à la neige ; alors toutes les rivières sont prises et même les fontaines ; les sentiers humides sont durcis et les petites flaques d ' eau couvertes de cette glace blanche et friable qui craque sous les pieds comme des coquilles d ' œufs .En regardant cela , le nez à peine hors de ma couverture et le bonnet de coton tiré jus - qu ' au bas de la nuque , je revoyais tous les hi - vers passés et je me disais : « Fritzel , tu n ' oseras jamais te lever , pas même pour aller déjeuner , non , tu n ' oseras pas ? » Cependant une bonne odeur de soupe à la crème montait de la cuisine et m ' inspirait un terrible courage .J ' étais là dans mes réflexions depuis une demi - heure , et j ' avais arrêté d ' avance que je sauterais du lit , que je prendrais mes habits sous le bras , et que je courrais dans la cuisine m ' habiller près de l ' âtre , lorsque j ' entendis oncle Jacob se lever dans la chambre à côté de a mienne , ce qui me fit juger que les grandes ligues de la veille l ' avaient rendu tout aussi ormeur que moi .",
                  "id": "4",
                  "title": "Romans nationaux / par Erckmann-Chatrian"
            },
            {
                  "doc_url": "https://gallica.bnf.fr/ark:/12148/bpt6k6123794d",
                  "emotions": [
                        "grief",
                        "sadness",
                        "fear",
                        "nervousness",
                        "despair"
                  ],
                  "excerpt": "Son brûlot , du bazar enfume les trésors , De nos chemins de fer infecte les abords .Jusque dans ses foyer ? , fléau de sa famille , Il opprime sa femme , il fait peur à sa fille , Réduite à redouter dans les jours solennels L ' effroyable senteur des baisers paternels : Car , môme en s ' éteignant , l ' instrument de dommage Laisse encor pour longtemps trace de son passage .Certain qu ' à mille gents ses goûts sont odieux , Va - t - il en réprimer l ' essor injurieux ? Non , pour lui vous fâcher c ' est chose indifférente : Enrage l ' univers pourvu qu ' il se contente 1 Encor s ' il s ' agissait de ces besoins jaloux , Impérieux instincts qui naissent avec nous , Qu en tout temps , qu ' à tout prix il Hous .",
                  "id": "5",
                  "title": "Le Fumeur public devant le tribunal de l'opinion publique. Satire par M***"
            },
            {
                  "doc_url": "https://gallica.bnf.fr/ark:/12148/bpt6k5710690f",
                  "emotions": [
                        "disgust",
                        "fear"
                  ],
                  "excerpt": "La bâtisse a quatre étages comprenant chacun une immense chambrée contenant plus de deux cents personnes .A chaque palier , une odeur nauséabonde vous saisissait à la gorge .Lits de soldats , paille , paillasses , matelas « apportés par les populations de la Meuse , tous les modes de couchage étaient réunis là .",
                  "id": "6",
                  "title": "L'Action féministe : périodique mensuel"
            },
            {
                  "doc_url": "https://gallica.bnf.fr/ark:/12148/bpt6k9799422r",
                  "emotions": [
                        "disgust",
                        "fear",
                        "pain"
                  ],
                  "excerpt": "Il y a un prurit presque généralisé qui porte le malade à se gratter sans cesse , aussi les élevures cornées sont - elles souvent excoriées à leur sommet .Le malade exhale une odeur d ' une intolérable fétidité surtout au niveau des jambes .11 ' est facile de se rendre un compte exact du mode de production des lésions dout on vient de lire la description .",
                  "id": "7",
                  "title": "De la Psorospermose folliculaire végétante, ou maladie de Darier"
            },
            {
                  "doc_url": "https://gallica.bnf.fr/ark:/12148/bpt6k5621036x",
                  "emotions": [
                        "fear",
                        "pain"
                  ],
                  "excerpt": ".vous commencez à sentir ces démangeaisons elles sont de plus en plus fortes elles occupent tout le bras de l ' épaule au poignet impossible de ne pas vous grafter ..",
                  "id": "8",
                  "title": "Hypnotisme et magnétisme, somnambulisme, suggestion et télépathie, influence personnelle, cours pratique... résumant... toutes les connaissances humaines sur les possibilités, les usages et la pratique de l'hypnotisme... du magnétisme, de la suggestion et de la télépathie... / Jean Filiatre"
            },
            {
                  "doc_url": "https://gallica.bnf.fr/ark:/12148/bpt6k9610994q",
                  "emotions": [
                        "fear"
                  ],
                  "excerpt": "Ce mal est à apprehender , sur tout pour les chevaux de carolles 8c diminue de leur prix .Les poireaux sont dangereux , par l ' écoulement des humeurs mauvaises & puantes qui s ' y jettent .Ces maux qui croifientiur le boulet ét sur le paturon s ' augmentent considerablement i ils tracent comme les racines d ' une plante , & gagnent insensi - blement la jambes .",
                  "id": "9",
                  "title": "La connoissance parfaite des chevaux, contenant la manière de les gouverner, nourrir & entretenir en bon corps ... avec un détail général de toutes leurs maladies... joint à une nouvelle instruction sur le haras... On trouve aussi dans ce livre l'art de monter à cheval et de dresser les chevaux de manège, tiré... des mémoires manuscrits de feu M. Delcampes"
            },
            {
                  "doc_url": "https://gallica.bnf.fr/ark:/12148/bpt6k6569004h",
                  "emotions": [
                        "disgust",
                        "fear"
                  ],
                  "excerpt": "plancher était couvert de paille , où se trouvaient étendus des blessés .A peine avions - nous ouvert la porte , que tous se mirent à crier , et , pour dire la vérité , l ' odeur était tellement mauvaise , que nous ressortîmes tout de suite , en reprenant le chemin de Charleroi .La lune était magnifique .",
                  "id": "10",
                  "title": "Romans nationaux / par Erckmann-Chatrian"
            },
            {
                  "doc_url": "https://gallica.bnf.fr/ark:/12148/bpt6k9750687w",
                  "emotions": [
                        "surprise",
                        "joy",
                        "sadness",
                        "fear",
                        "pain"
                  ],
                  "excerpt": "Ap \" ; pendix sur l ' air fixe .Lorsqu ' on se baisse , on » éprouve que cette vapeur est » très - pénétrante , très - acre , » qu ' elle picote les yeux & en » tire des larmes : elle laisse dans » la bouche un goût de soufre ; » elle donne des étourdissements , » & feroit périr si l ' on y restoit » long - temps .Les inse & es & les » oiseaux meurent aussi - tôt qu ' ils » sont atteints par ces vapeurs .",
                  "id": "11",
                  "title": "Examen analytique des eaux minérales des environs de L'Aigle, en Haute-Normadie . Avec leurs propriétés dans les maladies. Par M. Terrède,..."
            },
            {
                  "doc_url": "https://gallica.bnf.fr/ark:/12148/bpt6k29632t",
                  "emotions": [
                        "disgust",
                        "fear",
                        "embarrassment"
                  ],
                  "excerpt": "Elle quitte à regret ces immondes parvis ; Ses sens sont fatigués , mais non pas assouvis .Elle rentre au palais , hideuse , écheveice Elle rentre et l ' odeur autour d ' elle exhalée Va , sous le dais sacré du lit des empereurs , Révéler de sa nuit les lubriques fureurs .FONTANES ' .",
                  "id": "12",
                  "title": "Les satiriques latins : comprenant Juvénal, Perse, Lucilius, Turnus, Sulpicia / trad. nouvelle publ. avec les imitations françaises et des notices par E. Despois"
            },
            {
                  "doc_url": "https://gallica.bnf.fr/ark:/12148/bpt6k57220426",
                  "emotions": [
                        "disgust",
                        "fear",
                        "nervousness"
                  ],
                  "excerpt": ".redoute leur poison De parfums enivrants ; belles voluptueuses , Elles voilent leur trahison .RIMES PROVINCIALES 19 Crains , charmant papillon , ces sirènes trompeuses ; Et si lu sais aimer , voltige autour de moi ; Sous tes ailes mes fleurs croîtront toujours heureuses , Et je ne sourirai qu ' à loi .",
                  "id": "13",
                  "title": "Rimes provinciales : décentralisation littéraire / par Evariste Carrance, Michel Croizet, Victor Delas... ; publiées par Amion Faure"
            },
            {
                  "doc_url": "https://gallica.bnf.fr/ark:/12148/bpt6k9373195",
                  "emotions": [
                        "disgust",
                        "fear"
                  ],
                  "excerpt": "Vous êtes aussitôt saisi , en voyant l ’ aspect misérable des rues ; le pavage est formé d ’ éclats de pierres schisteuses de toutes formes et de toutes grosseurs , qui présententla plusétonnante succession de pointes aiguës et de cavités perfides ; vous trébuchez sur les aspérités et vous vous embourbez dans les défonce - ments .Ces creux renferment une eau fétide , d ’ une couleur inquiétante , sur laquelle tourbillonne une nuée de mouches douteuses ; la puanteur vous monte au nez .Encore novice , vous détournez les yeux et votre regard retombe aussitôt sur des amas d ’ ordures , débris de légumes , détritus d ’ animaux de boucherie , « que des chiens dévorants se disputent entre eux ; » çà et là , un chat crevé , une boîte à pétrole évenlrée , des tessons de bouteilles ; sur les dalles brûlantes , l ’ armée innombrable des chiens errants , pelés , galeux , couturés de cicatrices et de plaies saignantes , et atteints des infirmités les plus répugnantes ; vous vous croyez dans la Cour des Miracles des chiens .",
                  "id": "14",
                  "title": "Le mal d'Orient (moeurs turques) / par Kesnin-Bey"
            },
            {
                  "doc_url": "https://gallica.bnf.fr/ark:/12148/bpt6k6206795f",
                  "emotions": [
                        "fear",
                        "nostalgia",
                        "nervousness"
                  ],
                  "excerpt": "Pas de bruit , sinon le petit clapotement de la vague contre le quai .La brise de mer m ' apporte des effluves africaines .Je suis resté là bien des heures à rêver .",
                  "id": "15",
                  "title": "Un mois en Espagne. La conférence d'Algésiras, Tanger : impressions de voyage / par Jean Haize"
            },
            {
                  "doc_url": "https://gallica.bnf.fr/ark:/12148/bpt6k1421705g",
                  "emotions": [
                        "fear"
                  ],
                  "excerpt": "La Coloquinte est originaire du Sahara ; on la cultive dans nos jardins où elle fleurit vers le mois de juillet .C ' est un purgatif violent et dangereux ; aussi est - il fort peu employé : quand on l ’ administre , c ’ est toujours associé à l ’ extrait dejusquiame , à l ’ aloës ou à la scamonée substances qui , en neutralisent l ’ action .Doses .",
                  "id": "16",
                  "title": "Flore médicale belge par Armand Thielens,..."
            },
            {
                  "doc_url": "https://gallica.bnf.fr/ark:/12148/bpt6k1133599",
                  "emotions": [
                        "disgust",
                        "fear",
                        "disapproval"
                  ],
                  "excerpt": "Ce sont , dans une sorte de cuvette , formée par de circulaires coteaux de landes , des * prairies marécageuses où , même parles plus secs étés , l ' eau stagne , huileuse et noire .De ces prairies montent des ' ) , ' émanations pestilentielles .L ' humanité qui vit là , , dans de sordides taudis , imprégnés de l ' odeur dès - saumures et des pourritures de poisson , est chétive et douloureuse hommes pâles et rabougris ; femmes spectrales , d ' une lividité de cire .",
                  "id": "17",
                  "title": "Les vingt et un jours d'un neurasthénique / Octave Mirbeau"
            },
            {
                  "doc_url": "https://gallica.bnf.fr/ark:/12148/bpt6k97403383",
                  "emotions": [
                        "admiration",
                        "fear",
                        "disapproval",
                        "gratitude",
                        "approval"
                  ],
                  "excerpt": "Oh ! venez , venez sans crainte près de moi , à la douce clarté de la lune , à l ' heure où chante le rossignol , la brise vous apportera les émanations les plus suaves .Mais gardez - vous de m ' enfermer près de vous , ce doux parfum ne serait plus qu ' un poison dangereux , et la mort , oui la mort suivrait de près l ' enivrement : il faut user des choses , en abuser , jamais ! — Vous êtes belle et noble , — répondit la fée Fleurette , car vous ne trompez personne et vo - tre franchise mérite toute notre approbation .» La Tubéreuse balança sa jolie grappe de fleurs en signe de remercÎlnent .",
                  "id": "18",
                  "title": "Les fleurs parlantes (2 édition) / par Mme Louise Leneveux... ; ornées de douze vignettes par Louis Lassalle..."
            },
            {
                  "doc_url": "https://gallica.bnf.fr/ark:/12148/bpt6k5455297w",
                  "emotions": [
                        "fear",
                        "nervousness"
                  ],
                  "excerpt": "21 Elle le séduisit par ses douces paroles Et le prit à l ' aimant de ses caresses folles .Un trouble involontaire a passé dans ses sens Le voilà captivé par ces mielleux accents , PROVERBES DE SALOMON 19 Il se laisse attirer par sa câlinerie 22 Et la suif , comme un boeuf va vers la boucherie .Il s ' irrite , imprudent , contre un conseil sauveur 23 Jusqu ' à ce que la flèche ait traverse son coeur .",
                  "id": "19",
                  "title": "Poètes bibliques : Salomon ; les Proverbes, l'Ecclésiaste, le Cantique des cantiques, l'Ecclésiastique, mis en vers français / Alfred de Montvaillant"
            },
            {
                  "doc_url": "https://gallica.bnf.fr/ark:/12148/bpt6k64644258",
                  "emotions": [
                        "fear"
                  ],
                  "excerpt": ", de la famille de ombellifères , J .Le panicaut fétide , eryngium fœ tidum , plante de l ' Amérique méridionale , es antispasmodique , diaphorétique , etc ., mais pet usité .",
                  "id": "20",
                  "title": "Dictionnaire de médecine, de chirurgie, des sciences accessoires et de l'art vétérinaire (7e édition augmentée de plus d'un quart...) / de P.-H. Nysten"
            }
      ]
}