{
      "articles": [
            {
                  "doc_url": "https://gallica.bnf.fr/ark:/12148/bd6t5370558k",
                  "emotions": [
                        "fear",
                        "nostalgia",
                        "nervousness",
                        "despair"
                  ],
                  "excerpt": "Je marchais lentement dans ces rayons timides Que déchire la brise avec ses doigts légers , Et les torrents jetaient leurs haleines humides Sur les doux chaumes noirs et les petits vergers .Ah ! quelle heure profonde , amère et parfumée ! Se taire , craindre tout , attendre le destin .Et penser qu ’ on n ’ aura , désormais , du matin Que la plaine insensible et l ’ errante fumée ! Vous me donniez tout le pays en souvenir .",
                  "id": "1",
                  "title": "Province et capucines... / Hélène Picard"
            },
            {
                  "doc_url": "https://gallica.bnf.fr/ark:/12148/bpt6k9738717h",
                  "emotions": [
                        "fear",
                        "doubt",
                        "nervousness"
                  ],
                  "excerpt": "Intima pars homini vero flagrabat ad ossa ; Flagrabat stomacho flamma , ut fornacibus , intus ; Nil adeo posset cuiquam leve tenueque membris Vertere in utilitatem ; ad ventum et frigora semper In fluvios partim gelidos ardentia morbo Membra dabant , nudum jacientes corpus in undas ; Multi praecipites lymphis putealibus alte Inciderunt , ipso venientes ore patente : Insedabiliter sitis arida corpora mersans tEquabat multum parvis humoribus imbrem .Nec requies erat ulla mali ; defessa jacebant Corpora : mussabat tacito medicina timore ; Quippe patentia quum totas ardentia noctes Lumina versarent oculorum expertia somno ; Multaque praeterea mortis tum signa dabantur ; D ' un cadavre exhumé telle est l ' affreuse odeur .L ' âme , de tant de maux à la fois menacée , Au - devant de la mort déjà s ' est élancée ; Et la nuit et le jour , les longs gémissemens , Les cris des malheureux augmentent leurs tourmens .",
                  "id": "2",
                  "title": "Oeuvres de Delille. 9, Les trois règnes / Delille"
            },
            {
                  "doc_url": "https://gallica.bnf.fr/ark:/12148/bpt6k54005421",
                  "emotions": [
                        "fear"
                  ],
                  "excerpt": "- 96 - XLIII La femme ambidestre n ' est point El ne peut l ' être en aucun point .XLIV Le pus blanc et pur nous indique Qu ' un empyôme ouvert est critique ; Au pus boueux , sanguinolent Et fétide l ' on pronostique Que le trépas est imminent .XI .",
                  "id": "3",
                  "title": "Les aphorismes d'Hippocrate mis en vers ; suivis de poésies diverses / par Paul-Jean-Laurent Ambialet,..."
            },
            {
                  "doc_url": "https://gallica.bnf.fr/ark:/12148/bpt6k853774r",
                  "emotions": [
                        "disgust",
                        "anger",
                        "fear",
                        "disapproval",
                        "greed"
                  ],
                  "excerpt": ".Leurs mânes y citeroient sur - tout à votre tribunal auguste , un monstre abominable puant le sang humain ; un être que la nature paroit avoir vomi pour le malheur de nos contrées \" ; Suchet , commandant le quatrième bataillon de l 1 Ardèche , qui pour se ménager la jouissance d ’ une fusillade ., demande et obtient la moitié des victimes , pour donner à ses soldats le barbare plaisir d ’ une chasse nouvelle .",
                  "id": "4",
                  "title": "Adresse à la Convention nationale"
            },
            {
                  "doc_url": "https://gallica.bnf.fr/ark:/12148/bpt6k54328717",
                  "emotions": [
                        "surprise",
                        "sadness",
                        "fear",
                        "doubt",
                        "nervousness",
                        "despair",
                        "pain",
                        "embarrassment"
                  ],
                  "excerpt": "fit La belle merveille ! Est - ce pour pénétrer cette grande vérité que vous pâlissez sur les livres et que vous ne songez pas à manger ? Le peuple applaudit à ces discours , et nos jeunes gens en rient à gorge déployée .Regardez mon visage , dit un malade à son médecin ; tâtez - moi le pouls : je ne sais ce que j ' ai ; je sens des palpitations , des maux de coeur ; j ' ai peine à respirer , mon haleine sent mauvais .Qu ' en dites - vous ? Mettez - vous au lit , dormez bien .",
                  "id": "5",
                  "title": "Satires de Perse et de Juvénal. Tome 1 / , expliquées, traduites et commentées par Boileau, publiées d'après le manuscrit autographe, par L. Parrelle"
            },
            {
                  "doc_url": "https://gallica.bnf.fr/ark:/12148/bpt6k6464403p",
                  "emotions": [
                        "grief",
                        "disgust",
                        "fear"
                  ],
                  "excerpt": "En vain contre les coups d ' un peuple sacrilège , Du trône et des tombeaux le respect les protège , Au milieu des clameurs , des chants et des éclats , Outrages impuissants que la mort ne sent pas , Dans ces lieux redoutés qui renferment leur cendre Un gros de furieux s ' empresse de descendre .Leurs ossements traînés sur le pavé fangeux , Parmi les champs voisins sont brisés devant eux , Et le soufre brûlant et la chaux dévorante , Répandus à grands flots sur la terre fumante , Changent en air plus pur ces miasmes affreux Que ces morts en courroux répandaient dans ces lieux .De Tin crédulité , ministre trop fidèles , Partout en même temps des hordes criminelles ' Portent sur les tombeaux de sacriléges mains ; Vils forfaits réservés à ces jours inhumains ! On renverse l ' autel et Thumble tabernacle Oit le Christ aux mortels expliquait ses oracles , Consolait la souffrance , adoucissait les coeurs , Offrait a Dieu son sang versé pour les pécheurs .",
                  "id": "6",
                  "title": "Des nuits : poème / [par le Dr François]"
            },
            {
                  "doc_url": "https://gallica.bnf.fr/ark:/12148/bpt6k6456919m",
                  "emotions": [
                        "fear",
                        "excitement",
                        "nervousness",
                        "pain"
                  ],
                  "excerpt": "Moment sinistre pour ceux qui meurent de consomption .Le ciel est épais ; de grands nuages en lambeaux traînent sur les toits embrumés ; les poumons délabrés aspirent en gémissant cet air imprégné de buées froides et d ' émanations malsaines ; le corps s ' affaisse , moite de sueur et grelottant ; des vapeurs étranges montent au cerveau , voilent la pensée qui se rembrunit et s ' efface comme un paysage noyé dans les brouillards .Le Bailly éprouvait toutes ces tortures et se sentait défaillir .",
                  "id": "7",
                  "title": "Aristide et Charles Frémine. Armand Le Bailly . Avec une préface par Louis Ratisbonne"
            },
            {
                  "doc_url": "https://gallica.bnf.fr/ark:/12148/bpt6k5609500z",
                  "emotions": [
                        "disgust",
                        "fear"
                  ],
                  "excerpt": "La chambre était chauffée outre ! mesure .Une odeur axphyxiante s ' exhalait du poêle .La comtesse éprouva d ' abord quelques vertiges .",
                  "id": "8",
                  "title": "Le Mari de la danseuse, par Ernest Feydeau"
            },
            {
                  "doc_url": "https://gallica.bnf.fr/ark:/12148/bpt6k62132937",
                  "emotions": [
                        "fear"
                  ],
                  "excerpt": "Ses caresses défont notre courage .Elle a d ' énervantes émanations qui montent du sol , qui tombent des feuillées , qui vont assoupir en nous jusqu ' à la faculté de vouloir .Si la charmoresso ne rencontre point chez nous ce veilleur bien arme .",
                  "id": "9",
                  "title": "Andalousie et Portugal / par l'auteur des \"Horizons prochains\" [comtesse A. de Gasparin]"
            },
            {
                  "doc_url": "https://gallica.bnf.fr/ark:/12148/bpt6k62132937",
                  "emotions": [
                        "fear"
                  ],
                  "excerpt": "Et , tandis que Manuele chante ainsi .les souffles qui passent nous apportent des odeurs sauvages , les étoiles vibrent , le cheval aux capachos a pris les proportions d ' un dromadaire , le mozo semble un géant , des silhouettes insensées bondissent autour de nous .Parfois , Manuele détourne brusquement notre coche pour le porter sur la droite ou sur la gauche .",
                  "id": "10",
                  "title": "Andalousie et Portugal / par l'auteur des \"Horizons prochains\" [comtesse A. de Gasparin]"
            },
            {
                  "doc_url": "https://gallica.bnf.fr/ark:/12148/bd6t5370558k",
                  "emotions": [
                        "fear"
                  ],
                  "excerpt": ".Tristes feux ! Et voici que , pour nous achever , L ’ écœurant vent du sud se mit à se lever De son lit de poussière et de fades arômes .— 0 feux de l ’ an passé .",
                  "id": "11",
                  "title": "Province et capucines... / Hélène Picard"
            },
            {
                  "doc_url": "https://gallica.bnf.fr/ark:/12148/bpt6k204616z",
                  "emotions": [
                        "fear"
                  ],
                  "excerpt": "le pont Hérodien et la Basilique dont la magnificence ne se pouvait décrire .A peine les pèlerins furent - ils entrés dans la Ville et suivirent - ils les rues étroites et serpenteuses de J ' OpheL et du Tyropéôn , qu ' une indicible odeur âcre de corne brûlée - et de senteurs d ' aromates , partout répandue , les enveloppa et imprégna leurs vêtements .Par instants cette odeur se dissipait en un relent de graisse chaude , puis , vers les rues ascendantes , elle devenait plus intense .",
                  "id": "12",
                  "title": "Hiésous : roman / Pierre Nahor... ; préf. par M. Marcel Schwob"
            },
            {
                  "doc_url": "https://gallica.bnf.fr/ark:/12148/bpt6k6365351g",
                  "emotions": [
                        "disgust",
                        "fear",
                        "nervousness"
                  ],
                  "excerpt": "Terre considérée par rapport à l ' agriculture .Ce vin sent le terroir , a un goût désagréable .TERRORIF1ER , v .",
                  "id": "13",
                  "title": "Nouveau vocabulaire français, d'après l'académie, Wailly, Noel et Chapsal, Napoléon Landais, Nodier, Boiste, etc, contenant 1° tous les mots sanctionnés par l'académie, leurs définitions, leurs genres, leurs différentes acceptations ; 2° l'indication de leur emploi,... 3° tous les nouveaux mots..., auquel on a joint la prononciation ; Suivi de tableaux statistiques de la France... Par une Société de grammairiens et M. Burguet,... Nouvelle édition"
            },
            {
                  "doc_url": "https://gallica.bnf.fr/ark:/12148/bpt6k96025864",
                  "emotions": [
                        "disgust",
                        "fear",
                        "pain"
                  ],
                  "excerpt": "Lorsque le charbon de bois a été complètement calciné , puis éteint dans un étouffoir , il forme la braise .Elle donne une fumée épaisse , suffocante .Les produits de sa combustion sont , à peu de chose près , les mêmes que ceux du bois .",
                  "id": "14",
                  "title": "Étude médico-légale sur les conditions diverses dans lesquelles peut se produire l'asphyxie par la vapeur du charbon / par C. de Voisins,..."
            },
            {
                  "doc_url": "https://gallica.bnf.fr/ark:/12148/btv1b8622066g",
                  "emotions": [
                        "disgust",
                        "fear",
                        "nervousness"
                  ],
                  "excerpt": "Le Loup ressemble au chien par fa construction ; mais son caractére est si différent , qu ' ils ont une antipathie naturelle , & qu ' ils font ennemis par instinct .Un jeune chien frissonne au premier aspect du Loup ; il fuit a l ' odeur seule , qui , quoique nouvelle & inconnue , lui répugne si fort , qu ' il vient en tremblant se ranger entre les jambes de son maître .Un mâtin qui connoît ses forces , se herisse , & l ' attaque avec courage .",
                  "id": "15",
                  "title": "Traité de vénerie et de chasses... [Signé : Goury de Champgrand.]"
            },
            {
                  "doc_url": "https://gallica.bnf.fr/ark:/12148/bpt6k5612520t",
                  "emotions": [
                        "sadness",
                        "fear",
                        "nervousness",
                        "despair",
                        "pain"
                  ],
                  "excerpt": "Si l ' on fait un pli à la peau , ce pli persiste longtemps .Le malade est triste , abattu , anxieux , agité , gémissant , éprouve une sensation de grande anxiété dans le creux de l ' estomac , vomit , au commencement , ce qu ' il a ingéré ; plus tard , un li quide sans odeur et semblable à de l ' eau de riz .40 MANUEL D ' HYGIÈNE La diarrhée apparaît alors , si déjà elle n ' existait p .",
                  "id": "16",
                  "title": "Manuel d'hygiène et de premiers secours à l'usage des sous officiers et des soldats... / publications de la réunion des officiers"
            },
            {
                  "doc_url": "https://gallica.bnf.fr/ark:/12148/bpt6k6557264k",
                  "emotions": [
                        "disgust",
                        "fear"
                  ],
                  "excerpt": "Les deux femmes suivirent à quelque distance .Une odeur fétide montait de la cour boueuse .La maison du fond , où Margot louait une chambre , n ' avait qu ' un étage .",
                  "id": "17",
                  "title": "La fille de Nana : roman de moeurs parisiennes / par Alfred Sirven et Henri Leverdier [\"sic\"] ; précédé d'une lettre-préface à M. Émile Zola"
            },
            {
                  "doc_url": "https://gallica.bnf.fr/ark:/12148/bpt6k6504069n",
                  "emotions": [
                        "fear",
                        "nervousness",
                        "despair"
                  ],
                  "excerpt": "blanc .Fleurs odorantes , paniculées , blanc pur .P .",
                  "id": "18",
                  "title": "Le maître jardinier : manuel complet d'horticulture à l'usage des habitants des villes et des campagnes... (2e édition) / par Gontier de Chabanne,..."
            },
            {
                  "doc_url": "https://gallica.bnf.fr/ark:/12148/bpt6k392129",
                  "emotions": [
                        "disgust",
                        "fear"
                  ],
                  "excerpt": "Une fois nous franchîmes le puits par lequel on enlève le fer , sans autre secours que notre légèreté et la précision de notre coup - d ' œil .Des exhalaisons fétides et corrosives circulaient autours de nous .A ces causes d ' effroi se mêlait encore pour notre inexpérience la crainte d ' un éboulement subit .",
                  "id": "19",
                  "title": "Etudes sur l'Allemagne : renfermant une histoire de la peinture allemande. 1 / par Alfred Michiels"
            },
            {
                  "doc_url": "https://gallica.bnf.fr/ark:/12148/bpt6k204616z",
                  "emotions": [
                        "fear"
                  ],
                  "excerpt": "C ' était le dernier sacrifice de la série .L ' odeur âcre des holocaustes , la vue du sang jaillissant sous tous les couteaux à la fois , les sonorités éner - vantes des cuivres , l ' air imprégné d ' étranges et sauvages senteurs , grisaient , exaltaient cette foule impressionnable et brutale .Les cris des hommes surexcités , mêlés aux râles des bêtes , mêlés - aux hurlements aigus des femmes sur les terrasses , retentirent dans le fracas des sonneries , et l ' indescriptible rumeur de carnage passa par - dessus les épistyles sur toutes les têtes d ' Israël .",
                  "id": "20",
                  "title": "Hiésous : roman / Pierre Nahor... ; préf. par M. Marcel Schwob"
            }
      ]
}