{
      "articles": [
            {
                  "doc_url": "https://gallica.bnf.fr/ark:/12148/bpt6k658954",
                  "emotions": [
                        "fear",
                        "annoyance"
                  ],
                  "excerpt": "Je n ' essayai pas d ' emporter sa carcasse , car c ' était un fardeau inutile .De plus , comme il laissait échapper une odeur fétide , je n ' étais pas fa - ohé do m ' en éloigner au plus vite .Je le laissai donc là pu il était tombé , et je pris la route la plus courte pour m ' en retourner au camp .",
                  "id": "1",
                  "title": "L'habitation du désert ou Aventures d'une famille perdue dans les solitudes de l'Amérique (Nouv. éd.) / le capitaine Mayne-Reid ; Ouvrage traduit de l'anglais par Armand Le François"
            },
            {
                  "doc_url": "https://gallica.bnf.fr/ark:/12148/bpt6k4594466v",
                  "emotions": [
                        "fear",
                        "nostalgia",
                        "doubt"
                  ],
                  "excerpt": "Personne mieux que Georges Sand n ’ a fait poétiquement ressortir ce contraste , et nous ne résistons pas au désir de reproduire ici ce qu ’ elle écrivait à l ' un de ses amis à ce sujet : * Étrange apparition ! au sortir de ces grandeurs de la nature , nous voilà jetés en pleine immondiee de civilisation moderne .Au pâle éclair de la jeune lune , au pied du gros rocher qui dort dans l ’ ombre , au mystérieux frémissement du ressac , à la senteur des orangers qui vous enveloppe , au caquetage des filles chiffonnées et fatiguées , je ne sais quelle fétide odeur de fièvre et le bruit implacable de la roulette .Il y a là des jeunes femmes qui jouent pendant que sur des sofas des nourrices allaitent leurs enfants .",
                  "id": "2",
                  "title": "L'Album théâtral : journal spécial des théâtres et concerts"
            },
            {
                  "doc_url": "https://gallica.bnf.fr/ark:/12148/bpt6k62163300",
                  "emotions": [
                        "fear"
                  ],
                  "excerpt": "dans les bois on sent souvent cetle odeur de très loin .En 1749 , il vint un de ces animaux près de la ferme où je logeais , c ' était en hiver et pendant la nuit , les chiens étaient éveillés et le poursuivaient ; dans le moment , il se répandit une odeur si fétide , qu ' étant dans mon lit , je pensai être suffoqué , les vaches beuglaient de toutes leurs forces .Sur la fin de la même année , il s ' en glissa un autre dans notre cave , mais il ne répandit pas la plus légère odeur , parce qu ' il ne la répand que quand il est chassé ou pressé .",
                  "id": "3",
                  "title": "Oeuvres complètes de Buffon. Tome 9"
            },
            {
                  "doc_url": "https://gallica.bnf.fr/ark:/12148/bpt6k9633345n",
                  "emotions": [
                        "disgust",
                        "fear"
                  ],
                  "excerpt": ".La première à une odeur nauséabonde et est un poison dangereux .SUMAC , rhus , arbrisseau .",
                  "id": "4",
                  "title": "Le jardinier pratique, ou Guide des amateurs dans la culture des plantes utiles et agréables... / par H. Rousselon ; avec la collaboration de MM. Jacquin, Hocquart, Noisette et Vibert..."
            },
            {
                  "doc_url": "https://gallica.bnf.fr/ark:/12148/bpt6k57155074",
                  "emotions": [
                        "disgust",
                        "fear",
                        "annoyance"
                  ],
                  "excerpt": "Suif brun ( fabriques de ) .Odeur désagréable et danger du 2 14 janv .181 , 6 .",
                  "id": "5",
                  "title": "Le nouveau manuel des conseillers de préfecture. Tome 1 / par M. Brun,..."
            },
            {
                  "doc_url": "https://gallica.bnf.fr/ark:/12148/bpt6k6348266z",
                  "emotions": [
                        "disgust",
                        "fear"
                  ],
                  "excerpt": "Cette poudre , dite aussi king fen , est un des poisons les plus actifs du principe yn , il faut l ' employer avec réserve .Sa saveur est amère et chaude , elle renferme beaucoup de poison .Elle tue l ' insecte de la gale , guérit les dartres , les ulcères et les rougeurs du nez des ivrognes .",
                  "id": "6",
                  "title": "Les lapidaires de l'antiquité et du moyen-âge. 1, Les lapidaires chinois / introduction, texte et traduction avec la collaboration de M. H. Courel"
            },
            {
                  "doc_url": "https://gallica.bnf.fr/ark:/12148/bpt6k61491970",
                  "emotions": [
                        "disgust",
                        "fear",
                        "pain",
                        "embarrassment"
                  ],
                  "excerpt": [
                        "Après un rapport , il lui semble qu ' une vapeur fétide , s ' échappe de sa bouche .En crachant , goût putride dans le fond de la gorge ( au bout de deux heures ) .Goût putride dans la bouche .",
                        ") .Pendant les selles et l ' envie de s ' en débarrasser , sensation contusive \" douloureuse , aux quatre premières côtes du côté gauche , qui se dissipe après chaque évacuation .) Le matin , après son réve ' il , il éternue une fois , et rend du mucus teint de sang ."
                  ],
                  "id": "7",
                  "title": "Traité de matière médicale, ou de l'Action pure des médicaments homoeopathiques. Tome 3 / par Samuel Hahnemann... ; avec des tables proportionnelles de l'influence que diverses circonstances exercent sur cette action, par C. Boenninghausen ; trad. de l'allemand par A.-J.-L. Jourdan,..."
            },
            {
                  "doc_url": "https://gallica.bnf.fr/ark:/12148/bpt6k4221415z",
                  "emotions": [
                        "fear",
                        "disapproval"
                  ],
                  "excerpt": "Je ne rapporterai point les idées ridicules que quelques Auteurs ont eu fur la Mandragore .Cette plante eft un narcotique fort dangereux .On ne s ’ en fert point ordinairement à l ’ intérieur ; extérieurement elle eft calmante 6c réfolutive .",
                  "id": "8",
                  "title": "Pharmacopée du collège royal des médecins de Londres. Tome 1 / , traduite de l'anglois sur la seconde édition donnée avec des Remarques, par le docteur H. Pemberton... augmentée de plusieurs notes & observations, & d'un grand nombre de procédés intéressans, avec les vertus & les doses des medicamens. Tome premier [-second]"
            },
            {
                  "doc_url": "https://gallica.bnf.fr/ark:/12148/bpt6k5529943d",
                  "emotions": [
                        "disgust",
                        "fear"
                  ],
                  "excerpt": "L ' acide azotique pur se présente sous forme d ' un liquide incolore , d ' une odeur désagréable , répandant des fumées blanches au contact de l ' air .Il est très corrosif et par suite constitue un poison violent .Il colore en jaune les matières animales comme la plume , la laine , la soie .",
                  "id": "9",
                  "title": "Chimie (5e édition entièrement refondue) / par Poiré et Desgranges,..."
            },
            {
                  "doc_url": "https://gallica.bnf.fr/ark:/12148/bpt6k6362866q",
                  "emotions": [
                        "disgust",
                        "fear"
                  ],
                  "excerpt": "bruit que son chien faisoit , lequel for - r tant de sa chambre , rencontra sur le degré ces quatre .effroyables figures , qui avoient chacune à la main un flamr beau allumé composé de poix & de terrebentine , & qui rempliffoient toute la maison d ' une très - épaisse ôç puante fumée .A cet afpcél ce garçon se trouva si saisi de frayeur , que bienv loin d ' aller rendre réponse à ion Maître , il perdit la parole , & tomba évanoui \" .",
                  "id": "10",
                  "title": "Le Coureur de nuit, ou Les Neuf aventures du chevalier Dom Diego, revues, corrigées et augmentées..."
            },
            {
                  "doc_url": "https://gallica.bnf.fr/ark:/12148/bpt6k57155074",
                  "emotions": [
                        "disgust",
                        "fear",
                        "annoyance",
                        "disapproval",
                        "nervousness"
                  ],
                  "excerpt": "Sucre ( fabriques de ) .Odeur très - désagréable cl danger 2 27 janv .1837 .",
                  "id": "11",
                  "title": "Le nouveau manuel des conseillers de préfecture. Tome 1 / par M. Brun,..."
            },
            {
                  "doc_url": "https://gallica.bnf.fr/ark:/12148/bpt6k5624965p",
                  "emotions": [
                        "fear",
                        "amusement"
                  ],
                  "excerpt": "Jack .A dire vrai , cet oiseau nous parut un peu coriace , il sentait le poisson .Jack n ' en voulut pas convenir : il nous assura que c ' était un manger de roi ; on le laissa s ' en régaler à son aise .",
                  "id": "12",
                  "title": "Le Robinson suisse, journal d'un père de famille naufragé avec ses enfants, par J. R. Wyss. Traduit par Mme de Montolieu, revu par l'abbé J*** [Jouhanneaud]"
            },
            {
                  "doc_url": "https://gallica.bnf.fr/ark:/12148/bpt6k9600541x",
                  "emotions": [
                        "fear",
                        "nervousness"
                  ],
                  "excerpt": "ORDRE III .Fièvres pestilentielles , adeno - nerveuses , avec leurs différens types .Peste du Levant .",
                  "id": "13",
                  "title": "De la vérification légale des décès dans la ville de Paris, et de la nécessité d'apporter dans ce service médical plus de surveillance et plus d'extension . Par C.-F. Tacheron,..."
            },
            {
                  "doc_url": "https://gallica.bnf.fr/ark:/12148/bpt6k5803521r",
                  "emotions": [
                        "disgust",
                        "fear",
                        "desire",
                        "nervousness",
                        "frustration",
                        "embarrassment"
                  ],
                  "excerpt": "Pendant ce temps , la porte cédait sans trop de résistance aux efforts des gens qui la secouaient .Nous voulons e > trer , mais l ' odeur qui s ' exhale de la salle nous fait reculer d ' un pas en arrière , et nous renonçons à notre projet do peur de tomber asphyxiés .Les tables sont couchées à plat , les quatre fers en l ' air .",
                  "id": "14",
                  "title": "L'Egypte en 1858 / [signé Louis Delatre]"
            },
            {
                  "doc_url": "https://gallica.bnf.fr/ark:/12148/bpt6k6527617g",
                  "emotions": [
                        "fear",
                        "annoyance",
                        "nervousness"
                  ],
                  "excerpt": "» Et il n ' est que neuf heures un quart ! dis - je en regardant la pendule .A neuf heures et demie , troisième lettre , qui me bouleversa : car je sentis au parfum du papier d ' où elle venait ; je l ' ouvris avec des palpitations .Enfer et damnation ! c ' était l ' écriture du mari .",
                  "id": "15",
                  "title": "Le piano de Jeanne ; Qui perd gagne ; Il ne faut jamais dire : Fontaine... ; Un ami véritable / par Francisque Sarcey"
            },
            {
                  "doc_url": "https://gallica.bnf.fr/ark:/12148/bpt6k5473888x",
                  "emotions": [
                        "fear"
                  ],
                  "excerpt": "Certes , si la froideur est le plus grand défaut des ouvrages de l ' esprit , le discours de Théodore Aubanel , président de nos jeux floraux , brille par la qualité contraire .On dirait une lave de l ' Etna , — Sicelides musoe , — délayée dans les eaux bouillonnantes de la Sorgue .Mais était - ce bien là le langage convenable dans la bouche d ' un poëte chrétien , parlant au nom de tous ses confrères ? Cet amoureux pantelantuembrasé , ces embrassements frénétiques , celte blonde et cette brune renouvelées de Joconde , cette poésie provençale devenant une maîtresse adorée que l ' on couvre de baisers incendiaires , cesimages empruntées au délire des sens , était - ce PÉTRARQUE 57 bien en situation , dans une ville catholique , en présence des représentants de la France et de l ' Italie , le lendemain ou la veille de la bénédiction d ' un archevêque ? Mettre du réalisme dans un éloge de Pétrarque , c ' est exactement comme si on mettait du protestantisme dans un éloge de Bossuet .",
                  "id": "16",
                  "title": "Nouveaux samedis : 11e série / par A. de Pontmartin,..."
            },
            {
                  "doc_url": "https://gallica.bnf.fr/ark:/12148/bpt6k6209281m",
                  "emotions": [
                        "disgust",
                        "fear",
                        "nervousness",
                        "pain"
                  ],
                  "excerpt": "» - « Si pour découvrir la matière présumée du crime vous n ' en recueillez que quelques parcelles , si vous ne pouvez à l ' œil nu la reconnaître absolument et exclusivement à toute autre , si vous ne la trouvez que par des réactifs , mé - fiez - vous de la science et de vous - même .et tremblez de prononcer qu ' il y a eu empoisonnement , parce que vous avez été affecté de telle odeur , que tel métal Je ne saurais donc m ' élever avec assez de force contre une des assertions émises par M .Devergie à la page 526 du tome III de sa Médecine légale , 3e édition .",
                  "id": "17",
                  "title": "Traité de toxicologie. Tome 2 / par M. Orfila,..."
            },
            {
                  "doc_url": "https://gallica.bnf.fr/ark:/12148/bpt6k1230765",
                  "emotions": [
                        "disgust",
                        "fear",
                        "pain"
                  ],
                  "excerpt": "Si Julianeshaab est lugubre et Godhavvn atroce , Upernavik est pire ; aussi l ' Européen se demande avec un serrement de coeur comment des êtres humains peuvent exister au milieu d ' une pareille abjection .Passons sur la lèpre qui les ronge , sur l ' effroyable pourriture dans laquelle ils se vautrent , l ' odeur qui s ' exhale de leurs tanières transformées en charniers , sur les mangeailles en décomposition dont ils se gorgent ..",
                  "id": "18",
                  "title": "Les français au Pôle nord / par Louis Boussenard"
            },
            {
                  "doc_url": "https://gallica.bnf.fr/ark:/12148/bpt6k1230765",
                  "emotions": [
                        "fear",
                        "courage",
                        "excitement"
                  ],
                  "excerpt": "sa péniche ? » reprend un matelot , voulant désigner sans doute le fin kayak dans lequel le pilote est enfoui jusqu ' à la ceinture .On se dispose à crocher par les deux extrémités la légère embarcation , mais l ' homme , sans lâcher son amarre , crie de son organe glapissant : « Hisse là ! » El l ' on hisse en vigueur , contenant et contenu , matière inerte et animée , qui se dédouble , aussitôt à bord , en une sorte de périssoire un peu moins lourde qu ' une valise de main , et un monstre marin , ruisselant et aussi odorant que l ' étal d ' une harengère .Un Esquimau pur sang , ou , comme on dit là - bas , un Groenlandais , et pas plus beau pour cela , du moins d ' après notre esthétique européenne .",
                  "id": "19",
                  "title": "Les français au Pôle nord / par Louis Boussenard"
            },
            {
                  "doc_url": "https://gallica.bnf.fr/ark:/12148/bpt6k1230765",
                  "emotions": [
                        "fear",
                        "nervousness",
                        "despair"
                  ],
                  "excerpt": "Les marins de la Gallia vont en faire bientôt l ' expérience .Attirés par l ' appel désespéré de leur congénère , ils sont accourus inquiets et mugissants , se ruent dans l ' eau vermillonnée à plus de vingt mètres , et rendus furieux par ces effluves de sang , se précipitent à l ' abordage .Leurs corps noirs trapus , longs de quatre ou cinq mètres , gros comme des barriques , s ' agitent avec une vélocité singulière .",
                  "id": "20",
                  "title": "Les français au Pôle nord / par Louis Boussenard"
            }
      ]
}