{
      "articles": [
            {
                  "doc_url": "https://gallica.bnf.fr/ark:/12148/bpt6k5612077w",
                  "emotions": [
                        "fear",
                        "pain"
                  ],
                  "excerpt": "OEdème douloureux de la joue , au niveau de la commissure labiale gauche et de la région métacarpienne du pouce et de l ' index de la main gauche .Selles diarrhéiques fétides dans la nuit .Le 9 , grande faiblesse .",
                  "id": "1",
                  "title": "Le Purpura rhumatoïde / Dr Paul Chapron"
            },
            {
                  "doc_url": "https://gallica.bnf.fr/ark:/12148/bpt6k9796933b",
                  "emotions": [
                        "fear"
                  ],
                  "excerpt": "» Le nombre de ces distilleries est si considérable , la fumée qui s ' en dégage est si épaisse , que l ' air en est chargé et le ciel obscurci .L ' odeur est si forte qu ' elle vous saisit à la gorge , j quelque précaution qu ' on prenne .Partout , sur le sol , on tra - j verse ries flaques , parfois de véritables ruisseaux de résidus liquides , qui , se mêlant à la poussière et au sable , forment une pâte molle , humide et noire , dans laquelle on enfonce jusqu ' à mi - jambes .",
                  "id": "2",
                  "title": "L'Europe (sans la France) : choix de lectures de géographie... (8e édition revue et corrigée) / par M. L. Lanier,..."
            },
            {
                  "doc_url": "https://gallica.bnf.fr/ark:/12148/bpt6k6397674z",
                  "emotions": [
                        "disgust",
                        "fear"
                  ],
                  "excerpt": "Par intervalles , des cris ! evaient aussi des groupes .Une odeur affreuse se mêlait à celle de la umée .1 Le lendemain , au petit jour , le mort fut transporté près d ' un viltge voisin , en un lieu de sépulture consacré par la tradition .",
                  "id": "3",
                  "title": "Chasses en Afrique française : carnets de route / Bruneau de Laborie"
            },
            {
                  "doc_url": "https://gallica.bnf.fr/ark:/12148/bpt6k97798193",
                  "emotions": [
                        "fear"
                  ],
                  "excerpt": "Ce sont les seuls oiseaux de proie qui vivent en troupes .lis ont peu de courage , et se nourrissent de charognes plutôt que de proie vivante ; leur vue perçante et leur odorat très - subtil leur font reconnaître au loin la présence des cadavres .Quand ils ont mangé , leur jabot forme une grosse saillie au - dessus de leur fourchette ; il coule de leurs narines une humeur fétide , et ils sont presque réduits à une sorte de stupidité .",
                  "id": "4",
                  "title": "Histoire naturelle des oiseaux / par M. le chevalier Regley"
            },
            {
                  "doc_url": "https://gallica.bnf.fr/ark:/12148/bpt6k61349471",
                  "emotions": [
                        "grief",
                        "fear",
                        "love",
                        "nostalgia",
                        "nervousness",
                        "indifference"
                  ],
                  "excerpt": "• Sans fard et sans parure , Vos traits sont à mes yeux , Chère , je vous le jure , Bien plus harmonieux .Votre souffle embaumé fondrait sur son passage Le coeur le plus glacé de l ' homme le plus sage .Pour mon coeur le passé déjà n ' existe plus : L ' avenir me promet le bonheur des élus ! - 143 L ' ÉTOILE DU POETE Quandbrille dans le ciel une étoile nouvelle , L ' astronome la trouve au milieu de ses soeurs ; Quand jaillit dans la flamme une riche étincelle , Le désoeuvré la suit au milieu des lueurs .",
                  "id": "5",
                  "title": "Impressions et souvenirs, par Eugène Fritsch dit Lang,..."
            },
            {
                  "doc_url": "https://gallica.bnf.fr/ark:/12148/bpt6k9764973d",
                  "emotions": [
                        "fear"
                  ],
                  "excerpt": "h avec raison , que leur yvresse est de peu de durée : les autres sont des vins qui contiennnent beaucoup d ' huile & d ' esprit .Tels sont les vins aromatiques , ceux qui viennent des pays chauds , dont l ' yvresse est longue & terrible , , semblable à la mort .Indépendamment de cette espece d ' apoplexie , qui dépend de l ' effet du vin .",
                  "id": "6",
                  "title": "Essai sur les alimens, pour servir de commentaire aux livres diététiques d'Hippocrate. Tome 1"
            },
            {
                  "doc_url": "https://gallica.bnf.fr/ark:/12148/bpt6k36477q",
                  "emotions": [
                        "fear",
                        "nervousness"
                  ],
                  "excerpt": "l ' Abyssinie , ou plus exactement parlant , sur la côte d ' Adel depuis le détroit de Bab - el - Mandeb jusqu ' au cap Guardafoui .Il craint qu ' une exploitation trop forte ne fasse bientôt disparaître ces forêts odoriférantes déjà connus du vieux Hérodote ( 3 ) .Toute l ' Abyssinie respire les parfums qu ' exhalent les rosés , les jasmins , les lis et les œillets dont les champs sont couverts .",
                  "id": "7",
                  "title": "Précis de la géographie universelle ou Description de toutes les parties du monde sur un plan nouveau d'après les grandes divisions naturelles du globe. T. 5 / par Malte-Brun"
            },
            {
                  "doc_url": "https://gallica.bnf.fr/ark:/12148/bpt6k5808584t",
                  "emotions": [
                        "anger",
                        "fear"
                  ],
                  "excerpt": "Dans l ' espace déjà si étroit de la rue , des marchands ambulants sont installés , vendant « les choses innommables , tles poissons frais ou pourris , dos légumes , dos poulets qui trempent tout plumés dans des bassines d ' eau .Ils font cuire « les pâtisseries ou « les viandes , sur de petits fourneaux , au milieu d ' une fumée Acre « pii prend à la gorge , mêlée qu ' elle « * sl à l ' odeur « les immondices jetées sur l « * s dalles , ou de l ' opium « pie des Chinois fument dans une arrière - boutique .A l ' entrée des échoppes , dos individus travaillent .",
                  "id": "8",
                  "title": "Une croisière en Extrême-Orient / comte de Marsay"
            },
            {
                  "doc_url": "https://gallica.bnf.fr/ark:/12148/bpt6k5808584t",
                  "emotions": [
                        "fear"
                  ],
                  "excerpt": "Au - dessous de nous , tout autour de nous , comme derrière cet horizon sauvage , e ' esl la ( Ihine mystérieuse et hostile , incompréhensible pour l ' étranger , avec ses vieilles coutumes , ses vieux préjugés , ses vieux souvenirs , ses vieilles haines .Kt de la ville immense que nous dominons jusqu ' au sommet de la pagode sainte , montent une rumeur vague et puissante laite de milliers de voix qui hurlent cl le relent des ordures que le vent entraîne avec lui .A peu près à mi - chemin entre l ' arsenal et l ' ouTchéou , se dresse , au bord de la rivière , une montagne sur le sommet de laquelle est situé un monastère .",
                  "id": "9",
                  "title": "Une croisière en Extrême-Orient / comte de Marsay"
            },
            {
                  "doc_url": "https://gallica.bnf.fr/ark:/12148/bpt6k6248100m",
                  "emotions": [
                        "disgust",
                        "fear",
                        "nervousness",
                        "pain"
                  ],
                  "excerpt": "Sur une chaise usée un cierge s ' achevait , Sa lueur expirante éclairait le cadavre Et laissait entrevoir cette scène qui navre : Accroupie à l ' écart , blême et nue à moitié , Une femme pleurait en silence ; — Oh ! Pitié , Pitié pour le chagrin de cette pauvre épouse ! Tandis que son enfant , implacable ventouse , Mordillait son sein maigre et lui suçait le sang .Ce petit corps chétif se tordait frémissant , Les doigts crispés , l ' œil blanc et la figure verte : La puanteur soufflait comme une bouche ouverte , Et l ' âpre canicule en pleine irruption Épaississait encor l ' horrible infection .L ' ouvrier suffoqué recula vers la porte Et dit : « C ' est effrayant ! Que le diable m ' emporte « Si jamais j ' ai senti pourriture à ce point ! « Quoi ? Vous gardez ce corps et vous n ' étouffez point ? « Sacrebleu ! Vous avez le cœur bon , citoyenne ! « Moi je fais tous les jours trois cercueils en moyenne : « L ' habit de bois et dont les boutons sont des vis , « Je le mets à chacun , au père comme au fils , « Aux riches comme aux gueux , aux filles comme aux vierges , « Et j ' aune mes longueurs à la lueur des cierges .",
                  "id": "10",
                  "title": "Les névroses : les âmes, les luxures, les refuges, les spectres, les ténèbres / Maurice Rollinat"
            },
            {
                  "doc_url": "https://gallica.bnf.fr/ark:/12148/bpt6k6248100m",
                  "emotions": [
                        "anger",
                        "fear",
                        "annoyance",
                        "embarrassment"
                  ],
                  "excerpt": "Entre l ' abbé qui prie et le barbier qui rase , Il se revoit , hâtant le festin du baquet .Et partout , dans l ' azur comme dans la tempête , Il évoque une lame et cherche d ' un œil fou La grimace que fait une tête sans cou Et l ' affreux jet de sang qui sort d ' un cou sans tête ! LE MONSTRE En face d ' un miroir est une femme étrange Qui tire une perruque où l ' or brille à foison , Et son crâne apparaît jaune comme une orange , Et tout gras des parfums de sa fausse toison .Sous des lampes jetant une clarté sévère Elle sort de sa bouche un râtelier ducal , Et de l ' orbite gauche arrache un œil de verre Qu ' elle met avec soin dans un petit bocal .",
                  "id": "11",
                  "title": "Les névroses : les âmes, les luxures, les refuges, les spectres, les ténèbres / Maurice Rollinat"
            },
            {
                  "doc_url": "https://gallica.bnf.fr/ark:/12148/bpt6k6248100m",
                  "emotions": [
                        "surprise",
                        "grief",
                        "sadness",
                        "fear",
                        "nervousness",
                        "pain",
                        "disappointment"
                  ],
                  "excerpt": "Et pourtant , c ' est un feu qui passe , La chair de femme sèche ou grasse ! DE LA MÊME A LA MÊME Le souvenir d ' un rêve à chaque instant m ' arrive Comme un remords subtil à la fois âcre et cher , Et pour me soulager il faut que je t ' écrive Le redoutable aveu qui fait frémir ma chair : Sur les bords d ' un lac pur où se baignaient des Anges , Dans un paradis vert plein d ' arbres qui chantaient Des airs mystérieux sur des rythmes étranges , Je regardais le ciel où mes soupirs montaient .Les aromes des fleurs s ' exhalant par bouffées , Le mutisme du lac et les voix étouffées Des sylphides nageant près des séraphins nus , Tout me criait : « L ' amour à la fin t ' a conquise ! » Soudain , mon cœur sentit des frissons inconnus , Et tout mon corps s ' emplit d ' une douleur exquise ! — LES DRAPEAUX A Joseph Uzanne .Les chevelures des amantes Sont de luxurieux drapeaux Toujours flottants , toujours dispos Pour célébrer les chairs pâmantes .",
                  "id": "12",
                  "title": "Les névroses : les âmes, les luxures, les refuges, les spectres, les ténèbres / Maurice Rollinat"
            },
            {
                  "doc_url": "https://gallica.bnf.fr/ark:/12148/bpt6k6248100m",
                  "emotions": [
                        "fear",
                        "despair",
                        "pain"
                  ],
                  "excerpt": "Tandis que tes genoux heurteront ton couvercle Avec un frisson de fureur , Ton esprit affolé roulera dans un cercle D ' épouvantements et d ' horreur .Une odeur de bois neuf , d ' argile et de vieux linges Te harcèlera sans pitié : L ' asphyxie aux poumons , la névrose aux méninges , Tu hurleras , mort à moitié .Tes sourds gémissements resteront sans réponse ; Plus d ' échos sous ton hideux toit Qui , spongieux et mou comme La pierre ponce , Laissera l ' eau suinter sur toi ! Dans l ' horrible seconde où ta vie épuisée Luttera moins contre la mort , Tu croiras voir ta chair déjà décomposée ; Tu sentiras le ver qui mord .",
                  "id": "13",
                  "title": "Les névroses : les âmes, les luxures, les refuges, les spectres, les ténèbres / Maurice Rollinat"
            },
            {
                  "doc_url": "https://gallica.bnf.fr/ark:/12148/bpt6k11580698",
                  "emotions": [
                        "fear"
                  ],
                  "excerpt": "— Au creux des ornières Le vieux sang huguenot coule en sombres rivières ; Le fleuve est pollué de sinistres débris .Dans l ’ ombre où l ’ incendie épand sa rouge aurore , Saint - Germain - l ’ Auxerrois dresse sa tour sonore , Et , dans l , e Louvre obscur d ’ où ne filtre aucun bruit , Tandis qu ’ au loin grandit un lamentable râle , La reine , aux lourds vitraux appuyant son front pâle , Sent l ’ odeur du charnier qui monte dans la nuit .Novembre 1920 .",
                  "id": "14",
                  "title": "Les cyprès et les saules : 1912-1920 / R. de La Rougefosse d'Arc"
            },
            {
                  "doc_url": "https://gallica.bnf.fr/ark:/12148/bpt6k5846618n",
                  "emotions": [
                        "fear",
                        "pride",
                        "greed"
                  ],
                  "excerpt": "Au peuple que naguère ils chargeaient de dédainMais ce peuple vainqueur , insensible à leurs larmes , Brisait leurs écussons , leurs portraits et leursarmes , Fracassait sous ses pieds , dans ses terribles jeux , De leurs chars élégants les rapides essieux , Fatiguait leurs coursiers , au frein blanchi d ' écume , Et , semblable au volcan qui vomit le bitume , Consumait , dispersait ce faste corrupteur , Fragile piédestal où trônait leur grandeur .Et je voyais encor planer sur ces voiries Des aigles dévorants et d ' ignobles corbeaux , Qui , flairant dans lès airs le parfum des tueries , Venaient poser le pied sur la chair en lambeaux .VISIONS D ' UN POÈTB .",
                  "id": "15",
                  "title": "Visions d'un poète, poème en 20 chants, par J.-B. Digard de Lousta"
            },
            {
                  "doc_url": "https://gallica.bnf.fr/ark:/12148/bpt6k5429146n",
                  "emotions": [
                        "disgust",
                        "fear"
                  ],
                  "excerpt": "Vos louanges m ' enivrent .Je ne combattrais pas cette — 5 — ivresse , si je n ' en craignais le danger : le parfum des lis monte parfois à la tète ; et , quelque pure qu ' elle soit , la voix qui descend à moi du haut des Pyrénées , pourrait bien agir sur mon faible coeur de poète comme la voix d ' une sirène .Quoi qu ' il en soit , je vous remercie mille et mille fois de vos éloges .",
                  "id": "16",
                  "title": "Dernières fleurs d'hiver, ou Les derniers adieux du coeur du poète / par Lafont (de Montferrier),..."
            },
            {
                  "doc_url": "https://gallica.bnf.fr/ark:/12148/bpt6k6297189f",
                  "emotions": [
                        "fear",
                        "excitement",
                        "nervousness"
                  ],
                  "excerpt": "I .Le nerf olfactif .Le nerf olfactif constitue la première paire des nerfs crâniens .",
                  "id": "17",
                  "title": "Cours d'anatomie humaine systématique à l'usage des étudiants de la candidature en médecine. Système nerveux et système tégumentaire / par A. Van Gehuchten,..."
            },
            {
                  "doc_url": "https://gallica.bnf.fr/ark:/12148/bpt6k96124706",
                  "emotions": [
                        "fear",
                        "disapproval",
                        "courage"
                  ],
                  "excerpt": ".Reine , lève - toi pour combattre ; C ' est l ' odeur de la mort qui sur toi fait s ' abattre Les corbeaux et les Allemands .Oh ! lève - toi , noble mourante ! Fais retentir ta voix vibrante ; Lève - toi dans un bel essor ! Sous une apparente mollesse , Tes fils ont gardé leur noblesse ; Ta bonne étoile brille encor ! Ton glorieux passé frissonne .",
                  "id": "18",
                  "title": "Les Chansons du large... / Auguste Marin"
            },
            {
                  "doc_url": "https://gallica.bnf.fr/ark:/12148/bpt6k9796933b",
                  "emotions": [
                        "fear",
                        "doubt"
                  ],
                  "excerpt": ") multitude de bouges infects près desquels vous n ' oseriez pas vous risquer sans doute , de peur d ' être détroussé .Là , s ' il vous arrive de demander au blême habitant d ' une de ces cahutes , dont les approches sont défendues par la saleté et la puanteur , pourquoi il ne se plaint pas , pourquoi il ne s ' adresse pas à l ' inspecteur de la salubrité publique , il vous répondra qu ' il craint le progrès plus que la peste , que le loyer de son horrible demeure s ' élèverait le jour où elle cesserait d ' être moins horrible , et qu ' il vaut encore mieux coucher dans une écurie que dans la rue .Là , nul autre représentant de la civilisation que le policeman ; là , nul autre représentant du christianisme que le distributeur patenté des aumônes .",
                  "id": "19",
                  "title": "L'Europe (sans la France) : choix de lectures de géographie... (8e édition revue et corrigée) / par M. L. Lanier,..."
            },
            {
                  "doc_url": "https://gallica.bnf.fr/ark:/12148/bpt6k201318z",
                  "emotions": [
                        "fear"
                  ],
                  "excerpt": "Il est inodore d ' une saveur d ' abord douceâtre , puis amère et nauséabonde .C ' est un violent purgatif drastique il est aussi émétique .On ne l ' emploie plus guère qu ' enmédecine vétérinaire .",
                  "id": "20",
                  "title": "Dictionnaire de médecine, de chirurgie, de pharmacie, des sciences accessoires et de l'art vétérinaire / de P.-H. Nysten ; 5e édition ref. de nouveau et considérablement augmentée par MM. Bricheteau,... Henry,... et Jh. Briand,..."
            }
      ]
}