{
      "articles": [
            {
                  "doc_url": "https://gallica.bnf.fr/ark:/12148/bpt6k6517556z",
                  "emotions": [
                        "disgust",
                        "fear"
                  ],
                  "excerpt": "L ' odeur qu ' ils exhalent aux aisselles , aux aines , aux oreilles , est rebutante , et explique en quelque sorte l ' état maladif de leur peau .Cette odeur devient sur - tout insupportable , lorsqu ' ils sont renfermés dans quelque appartement durant le fort de l ' été .C ' est alors que leur sueur et toutes leurs excrétions sont excessivement fétides .",
                  "id": "1",
                  "title": "Précis théorique et pratique sur les maladies de la peau. Tome 1 / , par M. Alibert,..."
            },
            {
                  "doc_url": "https://gallica.bnf.fr/ark:/12148/bpt6k9615714j",
                  "emotions": [
                        "disgust",
                        "fear",
                        "disapproval"
                  ],
                  "excerpt": "Le loup évite toute société ; il ne fait pas même compagnie avec ceux de son espèce .Son aspect sauvage , sa voix effrayante , l ' odeur insupportable qu ' il exhale , son naturel pervers , ses mœurs féroces le rendent odieux .Nuisible de son vivant , il est inutile après sa mort .",
                  "id": "2",
                  "title": "Album du jeune naturaliste, ou L'oeuvre de la création représentée dans une suite de 700 gravures , prises dans les trois règnes de la nature, dessinées et coloriées... par Jarle,... accompagné d'un texte explicatif propre à faire connaître l'histoire naturelle dans ce qu'elle offre de plus curieux, de plus intéressant et de plus instructif..."
            },
            {
                  "doc_url": "https://gallica.bnf.fr/ark:/12148/bpt6k5426439m",
                  "emotions": [
                        "fear",
                        "nostalgia",
                        "doubt",
                        "nervousness",
                        "faith"
                  ],
                  "excerpt": "54 LES NUAGKS DB POURPR .K Mon heure h moi répand comme un parfum troublé Do tubéreuse humaine et de myrrhe divine : Si je prie en païen par la chair affolé , J ' étreins en pur croyant qu ' un au - delà fascine , Quand l ' horizon s ' empourpre ou le ciel se constelle , J ' invoque les baisers ! Mais c ' est pour fuir le port : Le baiser n ' est pour moi qu ' un vigoureux coup d ' aile Qui détache un instant une âme de son corps .Mon heure sur moi pleut , odorante bruine , Banale pour autrui .",
                  "id": "3",
                  "title": "Les nuages de pourpre : poésies / Paul Vérola"
            },
            {
                  "doc_url": "https://gallica.bnf.fr/ark:/12148/bpt6k91990b",
                  "emotions": [
                        "fear",
                        "annoyance",
                        "nervousness",
                        "despair",
                        "pain",
                        "frustration"
                  ],
                  "excerpt": "tité journalière des atiments ingérés dans î ' estomac ; en vain je faisais usage d ' un régime adoucissant et me privais de viandes excitantes , de ragoûts , et gén ~ ratement de toute substance ali .mentaire acre ou irritante , mon estomac ne fonctionnait pas mieux .8 : ce fi ~ MMec ~ t fttitttre ou acide .",
                  "id": "4",
                  "title": "Notice chimique, médicale et topographique sur une nouvelle source d'eau minérale, alcaline, ferrugineuse et gazeuse, acidulée : découverte à Vals (Ardèche) / par Alphonse Dupasquier,..."
            },
            {
                  "doc_url": "https://gallica.bnf.fr/ark:/12148/bpt6k64709073",
                  "emotions": [
                        "disgust",
                        "fear",
                        "doubt",
                        "nervousness",
                        "despair"
                  ],
                  "excerpt": "Le lys majestueux , le magnifique oeillet , Sont le meilleur des rois , la plus sublime reine , Qui , sur les rives de la Seine , Virent leurs fronts ceints d ' un royal bandeau Succomber sous les coups d ' un infâme bourreau .Le jasmin odorant , est cet enfant aimable Qu ' immola sans pitié cette secte excécrable , Qui par un crime affreux transmit à l ' avenir , De son règne de sang , l ' horrible souvenir ! Après avoir ainsi répondu à cette question , je restai plongé dans les réflexions les plus douloureuses ; mon esprit et mon âme se trouvèrent dans une telle anxiété , que je ne trouvais aucun moyen pour la dissiper .J ' errai sans m ' en apercevoir pen - dant très long - temps dans ces beaux jardins , lorsqu ' enfin , sans m ' en douter , je me retrouvai au pied de cette muraille où j ' avais écrit la réponse qui m ' avait jeté dans l ' état où je me trouvais ; je levai les yeux , je reconnus qu ' on y avait ajouté quelque chose ; je lus ces mots : Ah ! combien j ' aime cet asile ! Je veux y fixer mon séjour ; Mon cœur est satisfait , mon âme est plus tranquille , Et j ' y respire un air tout imprégné d ' amour .",
                  "id": "5",
                  "title": "Voyage à Bourg-la-Reine et à l'Hay / par M. Saint-Bresson"
            },
            {
                  "doc_url": "https://gallica.bnf.fr/ark:/12148/bpt6k5724130z",
                  "emotions": [
                        "fear",
                        "excitement"
                  ],
                  "excerpt": "Le clou a la spécialité de se reproduire : qui a eu un clou peut en avoir pendant des années ; son microbe s ' ensemence facilement .Il est contagieux .Traitement .",
                  "id": "6",
                  "title": "Un Livre utile. Manuel de médecine antiseptique, applications de l'acide phénique et de ses composés, par le Dr Déclat"
            },
            {
                  "doc_url": "https://gallica.bnf.fr/ark:/12148/bpt6k73179p",
                  "emotions": [
                        "disgust",
                        "fear",
                        "pain",
                        "embarrassment"
                  ],
                  "excerpt": "n Je ne sçay pourqnoy l ' on désire que j ' explique ces paroles qui me semblent si claires , si ce n ' est qu ' on me veuille faire pratiquer cette humiliation de me faire allumer une chandelle pour éclairer le jour ; neantmoins , puis que nous partons de l ' obeïssance il faut obeir , et reduire sa theorie en pratique .Si l ' on m ' envoye servir le malade le plus incommodé , c ' est à dire , afaige de quelque mal sale , puant , horrible , s ' il y a de la mortification f ~ lon la chair en cette obeissance , d ' antre part c ' est signe que celuy qui me commande a bonne opinion de mon courage et de ma ferveur , puis qu ' il me donne un si rude employ .Ce sont les soldats , de la valeur desquels le capitaine fait plus d ' estime , qu ' il cnvoyc aux ocLit ) ) , r ) ) .",
                  "id": "7",
                  "title": "L'esprit du bien-heureux François de Sales,... : représenté en plusieurs de ses actions et paroles remarquables recueillies de quelques sermons, exhortations, conférences, conversations, livres et lettres. T. 3 / de M. Jean-Pierre Camus,... ; nouv. éd... par M. Depéry,..."
            },
            {
                  "doc_url": "https://gallica.bnf.fr/ark:/12148/bpt6k3077255b",
                  "emotions": [
                        "fear",
                        "nervousness"
                  ],
                  "excerpt": "Onguent mercuriel ou Onguent gris , etc .Constriction à la gorge , saveur métallique , hoquet ; haleine fétide , Refroidissement .Crampes .",
                  "id": "8",
                  "title": "Les grands maux et les grands remèdes / [par le docteur J. Rengade]"
            },
            {
                  "doc_url": "https://gallica.bnf.fr/ark:/12148/bpt6k6454533w",
                  "emotions": [
                        "fear",
                        "nervousness"
                  ],
                  "excerpt": "Les odeurs CAUSTIQUES , dont l ' action prolongée cause la tuméfaction des membranes muqueuses ; celle du nez , par exemple , et provoque des hémorl ' hagies .Les odeurs NÉVROPATHIQUES agissant sur les nerfs qu ' elles agacent , et pouvant occasionner des convulsions .Les odeurs NÉVROPHILES ou nervines , sont aimées des nerfs et calment leur agitation .",
                  "id": "9",
                  "title": "Hygiène des plaisirs selon les âges, les tempéraments et les saisons (2e édition) / par A. Debay"
            },
            {
                  "doc_url": "https://gallica.bnf.fr/ark:/12148/bpt6k9664783v",
                  "emotions": [
                        "fear"
                  ],
                  "excerpt": "Goudron ( fabrication du ) .Très mauvaise odeur et danger du 1 14 janv .i8i5 .",
                  "id": "10",
                  "title": "Jurisprudence administrative, ou Recueil complet et méthodique, par ordre alphabétique, des arrêts du Conseil d'État en matière contentieuse, avec la législation qu'ils appliquent. Tome 1 / par Théodore Chevalier,..."
            },
            {
                  "doc_url": "https://gallica.bnf.fr/ark:/12148/bpt6k8536075",
                  "emotions": [
                        "disgust",
                        "fear",
                        "pain"
                  ],
                  "excerpt": ", trei - zième jour .Quelque chose , ayant le goût nauséabond du sang , lui re - monte de la poitrine .Norton , dix gouttes , 3 e dil .",
                  "id": "11",
                  "title": "Journal de la Société gallicane de médecine homoeopathique. Matière médicale pure.... 1857"
            },
            {
                  "doc_url": "https://gallica.bnf.fr/ark:/12148/bpt6k946419f",
                  "emotions": [
                        "fear",
                        "annoyance"
                  ],
                  "excerpt": ".Émanations nuisibles Idem Fumée et altération des eaux , odeur , danger d ’ incendie Danger d ' incendie Odour et poussièro O ' ieur et fumée Oilcur et danger d ' incondie ..",
                  "id": "12",
                  "title": "Manuel encyclopédique du commerce"
            },
            {
                  "doc_url": "https://gallica.bnf.fr/ark:/12148/bpt6k6509852p",
                  "emotions": [
                        "disgust",
                        "fear"
                  ],
                  "excerpt": "DU CHILI , L .tupa , poison terrible et si prompt que l ' odeur seule des fleurs provoque d ' affreux vomissements .Il suflirait de se frot - ter les yeux après avoir touché ses feuilles pour perdre bientôt la vue .",
                  "id": "13",
                  "title": "Étude des fleurs : botanique élémentaire, descriptive et usuelle. Tome 3 / par Ludovic Chirat"
            },
            {
                  "doc_url": "https://gallica.bnf.fr/ark:/12148/bpt6k9664783v",
                  "emotions": [
                        "disgust",
                        "fear",
                        "annoyance",
                        "nervousness"
                  ],
                  "excerpt": "1815 .Feutres et visières vernis ( fabriques Odeur désagréable , crainte d ' in - 1 5 nov .1826 .",
                  "id": "14",
                  "title": "Jurisprudence administrative, ou Recueil complet et méthodique, par ordre alphabétique, des arrêts du Conseil d'État en matière contentieuse, avec la législation qu'ils appliquent. Tome 1 / par Théodore Chevalier,..."
            },
            {
                  "doc_url": "https://gallica.bnf.fr/ark:/12148/bpt6k9762922g",
                  "emotions": [
                        "disgust",
                        "fear"
                  ],
                  "excerpt": "La saumure dont il était tout trempé avait changé sa couleur .Il répandait une odeur horrible .Un polype en ces lieux ! qui l ' aurait attendu ' ! et comment le reconnaître en cet état ? Ils croyaient combattre contre un monstre .",
                  "id": "15",
                  "title": "Histoire des animaux (Édition augmentée de sommaires, de notes nouvelles et d'une table des matières) / par Pline ; traduite en français par Guéroult"
            },
            {
                  "doc_url": "https://gallica.bnf.fr/ark:/12148/bpt6k5439436k",
                  "emotions": [
                        "disgust",
                        "fear"
                  ],
                  "excerpt": "Oui , Français , vous seriez morts , bien morts , sans résurrection possible .Vous ne seriez plus qu ' un infect cadavre de peupler , dans l ' ossuaire fétide des siècles ! O frères , trois fois chers et trois fois armés , vous ne commettrez pas cette infamie , - 41 — ce crime immense , gigantesque , inexpiable , crime qui causerait une universelle horreur .Oh ! non , vous ne tuerez point la plus noble , la plus radieuse , la plus humaine , la plus généreuse , la plus miséricordieuse , la plus clémente , la plus suave , la plus lettrée , la plus artiste et la plus sympathique de toutes les nations du globe .",
                  "id": "16",
                  "title": "Hommage à la France, par Jean Fontaine"
            },
            {
                  "doc_url": "https://gallica.bnf.fr/ark:/12148/bpt6k6509852p",
                  "emotions": [
                        "fear",
                        "nervousness",
                        "despair"
                  ],
                  "excerpt": [
                        "à 5 - 9 folioles ovales - lancéolées , d ' un vert foncé en dessus , plus ou moins tomenteuses en dessous , à pétiole commun muni de petits aiguillons ; fruit ovaleoblong , légèrement velu , à pédoncule grêle , garni de poils glanduleux ; segments du calice un peu plus courts que les pétales ; styles velus , réunis en un faisceau qui s ' élève à la hauteur des étamines ; fl .blanches , à douce odeur de musc , disposées en panicule .Mai - juin et encore à l ' automne .",
                        "VERTS , roulés en long , qui sont les plus estimes , et les T .NOIRS , ordinairement aussi roulés en long , dont l ' odeur est moins forte .On indique comme Thés supérieurs le Thé hisswen et les Thés poudre - à - canon , souchoung et pékao ."
                  ],
                  "id": "17",
                  "title": "Étude des fleurs : botanique élémentaire, descriptive et usuelle. Tome 3 / par Ludovic Chirat"
            },
            {
                  "doc_url": "https://gallica.bnf.fr/ark:/12148/bpt6k96795459",
                  "emotions": [
                        "surprise",
                        "disgust",
                        "fear",
                        "embarrassment"
                  ],
                  "excerpt": "J ' entrai dans une salle dont les murs étaient couverts de peintures grossières représentant des idoles : devant elles brûlait , dans des lampes en fer , de l ' huile qui répandait une odeur infecte ; le sol était jonché de feuillages , offerts sans doute par les fidèles ; mais , comme les offrandes des jours précédents n ' avaient pas été enlevées , il sortait de cet amas d ' ordures des exhalaisons vraiment méphitiques .Au fond était une autre chambre également sans autre ouverture que la porte ; je m ' en étais approché , et déjà j ' entrevoyais une idole d ' une figure hideuse , barbouillée de rouge et de graisse ; la multitude des lampes qui brûlaient devant elle augmentait la puanteur affreuse que cet antre exhalait ; mais alors je fus entouré par la foule des prêtres , très - irrités que j ' eusse * osé aller si loin .Je battis prudemment en retraite , et , forcé de quitter l ' enceinte , je regrettai de n ' avoir pu visiter les monuments singuliers que j ' apercevais dans le fond .",
                  "id": "18",
                  "title": "Voyage autour du monde. Tome 1 / publié sous la direction du contre-amiral Dumont d'Urville ; [rédigé par Louis Reybaud]"
            },
            {
                  "doc_url": "https://gallica.bnf.fr/ark:/12148/bpt6k5661380g",
                  "emotions": [
                        "fear",
                        "faith"
                  ],
                  "excerpt": "ENVOI J ' ai cueilli ce matin une fleur de bruyère Dans un sentier perdu du fond de la sierra ; Je suis resté songeur ; lu le comprends , ma chère ! C ' était ma vieille fleur que je retrouvais là .Sur elle avait passé la senteur délétère Que l ' enfer des mineurs vomit vers le ciel bleu ; Car dans ce paradis créé parle Ron Dieu , Les hommes sont venus , empestant l ' atmosphère Et faisant le désert .Ainsi passent les choses .",
                  "id": "19",
                  "title": "Contes noirs et contes bleus (1878-1895) : souvenirs de voyages / par un ingénieur en chef honoraire des mines"
            },
            {
                  "doc_url": "https://gallica.bnf.fr/ark:/12148/bpt6k9664783v",
                  "emotions": [
                        "joy",
                        "disgust",
                        "anger",
                        "fear",
                        "disapproval",
                        "nervousness"
                  ],
                  "excerpt": "' Lilharge ( fabrication de la ) .Exhalaisons dangereuses .i 14 janv .",
                  "id": "20",
                  "title": "Jurisprudence administrative, ou Recueil complet et méthodique, par ordre alphabétique, des arrêts du Conseil d'État en matière contentieuse, avec la législation qu'ils appliquent. Tome 1 / par Théodore Chevalier,..."
            }
      ]
}