{
      "articles": [
            {
                  "doc_url": "https://gallica.bnf.fr/ark:/12148/bpt6k56961308",
                  "emotions": [
                        "fear"
                  ],
                  "excerpt": "1 , basedti cerveau , — 9 , balbo raclildiei » ou moelle allongée .— 3 , cervelet , — 4 , nerf olfactif , — B , nerf optique .~ 6 , protubérance annulaire .",
                  "id": "1",
                  "title": "La médecine végétale : traité théorique et pratique indispensable dans toutes les familles, enseignant la médecine et l'hygiène... (38e édition) / [Dr A. Narodetzki]"
            },
            {
                  "doc_url": "https://gallica.bnf.fr/ark:/12148/bpt6k4221656k",
                  "emotions": [
                        "anger",
                        "fear",
                        "annoyance",
                        "pain"
                  ],
                  "excerpt": "Pour l ’ Opéra , il fallait quelque chose de plus à effet : Musard lui fit hommage d ’ un trom - blon , d ’ un petit mortier qui lit merveille , que dis - je ! qui fit fureur .A la première décharge , la salle devint folle ; l ’ odeur de la poudre enivrait toutes les cervelles : 011 criait , 011 hurlait ; Musard fut enlevé de vive force de son fauteuil , et promené autour de la salie sur les épaules de deux hercules de la halle .Un second triomphe paraissait impossible .",
                  "id": "2",
                  "title": "Petits mémoires de l'Opéra / Charles de Boigne"
            },
            {
                  "doc_url": "https://gallica.bnf.fr/ark:/12148/bpt6k4221656k",
                  "emotions": [
                        "disgust",
                        "fear",
                        "disapproval"
                  ],
                  "excerpt": "Certains auteurs , tout en travaillant , vident entre eux quelques vieux flacons ; M .de Saint - Georges a horreur des collaborations qui sentent le vin .Son esprit n ’ a nul besoin de ces excitations alcooliques .",
                  "id": "3",
                  "title": "Petits mémoires de l'Opéra / Charles de Boigne"
            },
            {
                  "doc_url": "https://gallica.bnf.fr/ark:/12148/bpt6k96182600",
                  "emotions": [
                        "fear"
                  ],
                  "excerpt": ": Odeur , danger des mouches , altération des eaux 1 3 20 Situées dans les agglomérations urbaines de moins de 2 .000 ha - bitants Odeur , danger des mouches , altération des eaux 2 3 ° Partout ailleurs - , Odeur , danger des mouches , alté - Tuileries .( Voir 298 ) .",
                  "id": "4",
                  "title": "Annales des mines. Partie administrative : ou Recueil de lois, décrets, arrêtés et autres actes concernant les mines et usines"
            },
            {
                  "doc_url": "https://gallica.bnf.fr/ark:/12148/bpt6k96182600",
                  "emotions": [
                        "fear"
                  ],
                  "excerpt": ".Odeur , danger des mouches , dan - ger d ' incendie ..",
                  "id": "5",
                  "title": "Annales des mines. Partie administrative : ou Recueil de lois, décrets, arrêtés et autres actes concernant les mines et usines"
            },
            {
                  "doc_url": "https://gallica.bnf.fr/ark:/12148/bpt6k96182600",
                  "emotions": [
                        "fear",
                        "greed"
                  ],
                  "excerpt": "Quand la quantité emmagasinée est de 1 .000 kilogrammes et au - dessus Odeur , danger des mouches 2 h .Quand la quantité emmagasinée est inférieure à , 1 .",
                  "id": "6",
                  "title": "Annales des mines. Partie administrative : ou Recueil de lois, décrets, arrêtés et autres actes concernant les mines et usines"
            },
            {
                  "doc_url": "https://gallica.bnf.fr/ark:/12148/bpt6k96182600",
                  "emotions": [
                        "disgust",
                        "fear"
                  ],
                  "excerpt": ".Odeur , danger des mouches ! ! ! ! ! ! 2 Viandes ( Ateliers à enfumer les ) .( Voir 209 ) .",
                  "id": "7",
                  "title": "Annales des mines. Partie administrative : ou Recueil de lois, décrets, arrêtés et autres actes concernant les mines et usines"
            },
            {
                  "doc_url": "https://gallica.bnf.fr/ark:/12148/bpt6k96182600",
                  "emotions": [
                        "fear"
                  ],
                  "excerpt": "( Voir 221 ) .Peaux ( Pelanage des ) Odèur \" danger des mouches 2 277 Peaux ( Secretage des ) Odeur , danger des mouches g Peaux fraiches ( Sechage des ) Odeur , danger des mouches 2 279 278 Peaux Iraiches ou cuirs verts ( Dépôts de ) i Odeur , danger des mouches , alléni ..",
                  "id": "8",
                  "title": "Annales des mines. Partie administrative : ou Recueil de lois, décrets, arrêtés et autres actes concernant les mines et usines"
            },
            {
                  "doc_url": "https://gallica.bnf.fr/ark:/12148/bpt6k96182600",
                  "emotions": [
                        "disgust",
                        "fear"
                  ],
                  "excerpt": ".Odeur , danger des mouches .' .",
                  "id": "9",
                  "title": "Annales des mines. Partie administrative : ou Recueil de lois, décrets, arrêtés et autres actes concernant les mines et usines"
            },
            {
                  "doc_url": "https://gallica.bnf.fr/ark:/12148/bpt6k96182600",
                  "emotions": [
                        "fear"
                  ],
                  "excerpt": "Au - dessus de 100 \" Udellr , dang .T n incendie 1 3 A 100 ° et au - dessous Odeur , danger d ' incendie 2 2 ° Par la vapeur ou au bain - marie Odeur , danger d ' incendie 3 Huiles rousses ( Fabrication d ' ) ., par extraction des créions et débris de giaisse , à chaud .",
                  "id": "10",
                  "title": "Annales des mines. Partie administrative : ou Recueil de lois, décrets, arrêtés et autres actes concernant les mines et usines"
            },
            {
                  "doc_url": "https://gallica.bnf.fr/ark:/12148/bpt6k96182600",
                  "emotions": [
                        "fear",
                        "nervousness"
                  ],
                  "excerpt": ") 267 Os , cuirs , cornes , sabots , onglons et autres déchets animaux ( forré - faction des ) , pour la fabrication d ' engrais et autres usages : j 0 Quand il y a combustion ou condensation des gaz et vapeurs .Odeur , danger des mouches , dan - ger d ' incendie 2 2 ° Quand il n ' y a pas combustion ni condensation des gaz et va - peurs ..",
                  "id": "11",
                  "title": "Annales des mines. Partie administrative : ou Recueil de lois, décrets, arrêtés et autres actes concernant les mines et usines"
            },
            {
                  "doc_url": "https://gallica.bnf.fr/ark:/12148/bpt6k96182600",
                  "emotions": [
                        "fear"
                  ],
                  "excerpt": "343 Vacheries , dans les agglomérations urbaines de plus de 5 .000 hâ - tants Bruit , odeur , danger des mouches , altération des eaux .2 Varech ( Fabrication de soudes brutes de ) .",
                  "id": "12",
                  "title": "Annales des mines. Partie administrative : ou Recueil de lois, décrets, arrêtés et autres actes concernant les mines et usines"
            },
            {
                  "doc_url": "https://gallica.bnf.fr/ark:/12148/bpt6k96182600",
                  "emotions": [
                        "fear"
                  ],
                  "excerpt": "1 3 rale ( Traitement par distillation et pyrogénation des ) .Odeur , danger d incendie 182 Goudrons et matières bitumineuses fluides ( f ) épr - ts de ) Odeur , ^ a \" £ ® rp des mouchés ' âlt ' é ' 183 Graisses de cuisine ( Traitement des ) Odeu ! ' , ratIon danger des des mo \" ches ^ alté - < 3 184 Graisses et suifs en branches ( Fonderies de ) - Il Ateliers d ' extraction du saindoux de la graisse fraîche du pore , .à feu nu , au l , ain - marie ou par la vapeur , Odeur , danger d ' iiicendie : 1 3 2 ° Fonderies d ' autres graisses ou de suifs , exclusivement n l ' état frais , au bain - marie ou parla vapeur Odeur , danger d incendie 2 \" Fonderies de graisses et de suifs en branches dans tous ' es ! autres cas V [ Odeur , danger des mouches , dan - ger d incendie ^ ° 185 Graisses et suifs non alimentaires ( Refonte des ) Odeur Gravure chimique , avec application de vernis aux hydrocarbures .",
                  "id": "13",
                  "title": "Annales des mines. Partie administrative : ou Recueil de lois, décrets, arrêtés et autres actes concernant les mines et usines"
            },
            {
                  "doc_url": "https://gallica.bnf.fr/ark:/12148/bpt6k871991v",
                  "emotions": [
                        "fear",
                        "courage"
                  ],
                  "excerpt": "— 117 Quand j ’ ai remarqué qu ’ il a gratté , mangé à la bête et bu de l ’ eau putréfiée , un soir où il y a clair ' de lune , je me place au tonneau .De onze heures du soir à une heure du matin , le loup accourt au ' galop et sans défiance , l ’ odeur des bêtes mortes qui lui était arrivée de tous les côtés , l ’ ayant empêché de m ’ éventer .Il se met tranquillement à manger et je le tue .",
                  "id": "14",
                  "title": "Pratique de la chasse et pratique forestière : soixante années de chasse (3e édition revue et corrigée) / par J.-A. Clamart,..."
            },
            {
                  "doc_url": "https://gallica.bnf.fr/ark:/12148/bpt6k5700970f",
                  "emotions": [
                        "surprise",
                        "grief",
                        "fear",
                        "love",
                        "excitement",
                        "nervousness",
                        "pain"
                  ],
                  "excerpt": "Ses yeux , subitement ouverts à la lumière , ont rencontré face à face la figure lubrique , ignoble du chaouche Omar .Elle sent son haleine , elle le voit qui se penche pour l ' embrasser , comme le serpent , avant d ' engloutir sa victime , déverse sur elle le venin de sa bave empestée .L ' indignation et l ' effroi la rappellent bien vite au sentiment de sa position .",
                  "id": "15",
                  "title": "Hanina, la vierge de Constantine, roman algérien, par E. Vayssettes"
            },
            {
                  "doc_url": "https://gallica.bnf.fr/ark:/12148/bpt6k5732401x",
                  "emotions": [
                        "sadness",
                        "anger",
                        "fear",
                        "annoyance",
                        "despair",
                        "frustration",
                        "embarrassment",
                        "disappointment"
                  ],
                  "excerpt": "Celui qui eût alors regardé notre écolier , sur la toque duquel la croix blanche de l ' Union avait remplacé la plume bourgeoise , n ' aurait pu deviner si c ' était l ' éclair de la férocité ou du génie qui brillait dans ses yeux .Se dressant pareil à la bête fauve à qui l ' on vient d ' enlever ses petits , il écumait de — 61 — rage et pâlissait de désespoir en voyant l ' immobilité de la porte qu ' il agitait et en aspirant à pleines narines l ' odeur du salpêtre qui se répandait de tous côtés .Tantôt , l ' oeil fixé sur la terre , il s ' abandonnait à de sombres réflexions , tantôt , regardant les maîtres d ' études , dont la terreur avait paralysé la langue , il leur lançait de méprisants sourires , qui passaient et repassaient comme autant de sarcasmes sur ses lèvres décolorées .",
                  "id": "16",
                  "title": "La Fontenelle, ou le Dernier ligueur, par... Alfred de Kerillis.... Tome 1"
            },
            {
                  "doc_url": "https://gallica.bnf.fr/ark:/12148/bpt6k96511113",
                  "emotions": [
                        "surprise",
                        "fear",
                        "excitement",
                        "doubt",
                        "nervousness"
                  ],
                  "excerpt": "Bellie lui ayant cependant dit : répondez , ma fille , & dites - moi ce que vous voyez dans cette boîte terrible , dites - le sans déguisement .Hé bien , Madame , répondit Aglaé , je crois voir dans cette boîte une poudre que nous appellons tabac ; je crois même en sentir l ' odeur , mais je crains de vous l ' assurer .Bellie se levant vivement , ce qui fit frémir Aglaé , s ' écria : 0 grand Borgomonoty ( a ) ! que cette filte est innocente ! - , ( a ) C ' étott le Roi des ' Magiciens de la Contrée .",
                  "id": "17",
                  "title": "Morali-philoso-physicologie des buveurs d'eaux minérales aux nouvelles sources de Passy en mai 1787 ... Divisée par matinées. Par M. Tho. Mineau de La Mistringue..."
            },
            {
                  "doc_url": "https://gallica.bnf.fr/ark:/12148/bpt6k5490612q",
                  "emotions": [
                        "disgust",
                        "fear"
                  ],
                  "excerpt": "Il est par trop décourageant .Quelquefois dans l ' Inde , en m ' ôvcillant le matin , il m ' était impos - 094 LES ANIMAUX SAUVAGES sible de me défaire de cette odeur qui s ' attache à tout et que les chacals laissent après eux dans l ' air , et sur les objets dont ils se sont approchés .J ' étais obligé de purifier ma vérandah en brûlant force pastilles du sérail .",
                  "id": "18",
                  "title": "Les animaux sauvages / par Louis Jacolliot,... ; illustrations de A. Lançon"
            },
            {
                  "doc_url": "https://gallica.bnf.fr/ark:/12148/bpt6k55654387",
                  "emotions": [
                        "fear"
                  ],
                  "excerpt": "Vous nesavez d ' où partent ces concerts .Vous respirez l ' odeur de l ' encens , sans apercevoir la main qui le brûle ; seulement , vous A7oj7ez passer en s ' effaçant derrière les colonnes et se perdre , dans l ' ombre du temple , le pontife qui A7a célébrer les AUX PAYS DU CHRIST plus redoutables mystères , aux lieux mêmes où ils se sont accomplis ( i ) .» J ' aurais voulu prolonger celte A7eillée .",
                  "id": "19",
                  "title": "Aux pays du Christ : études bibliques en Égypte et en Palestine / par l'abbé Mce Landrieux"
            },
            {
                  "doc_url": "https://gallica.bnf.fr/ark:/12148/bpt6k55654387",
                  "emotions": [
                        "fear",
                        "pain"
                  ],
                  "excerpt": "L ' aigle pêcheur , - qui abonde aux alentours de la mer deGalilée , descend ' jusqu ' ici avec le poisson mal avisé que les .eaux empestées de la mer Morte empoisonnent par milliers à l ' embouchure du Jourdain .Il est bien rare cle rencontrer des A ' oyagenrs dans ces solitudes .",
                  "id": "20",
                  "title": "Aux pays du Christ : études bibliques en Égypte et en Palestine / par l'abbé Mce Landrieux"
            }
      ]
}