{
      "articles": [
            {
                  "doc_url": "https://gallica.bnf.fr/ark:/12148/bpt6k6492958k",
                  "emotions": [
                        "fear"
                  ],
                  "excerpt": "Celle - ci , pour sûr , a conscience de la gêne ou plutôt de l ' incommodité qu ' elle inflige à ceux à qui parviennent ces renversantes senteurs , et cette connaissance lui est parfois un moyen , un stratagème plutôt , une ressource sans seconde .Bêtes et gens les craignent comme le feu : ce n ' est pas sans raison , car ces senteurs donneraient la chair de poule à un mort .M .",
                  "id": "1",
                  "title": "Les petits quadrupèdes de la maison et des champs. Partie 2 / par Eug. Gayot,..."
            },
            {
                  "doc_url": "https://gallica.bnf.fr/ark:/12148/bpt6k58146757",
                  "emotions": [
                        "fear",
                        "doubt",
                        "faith"
                  ],
                  "excerpt": "SAVITRI Vous qui me répondiez avec des mots si doux , Vous vous taisez ? Mes soeurs , pourquoi vous taisez - vous ? 10 SAVITRI Peut - être , a mon insu , vous auraUjo offensées ? Hélas I je n ' avais pas de mauvaises pensées , Pardon nez * moi .LA HEINE Toit nous offenser , SâvitrîI SAVITRI Ou peut - être , d ' un doigt distrait , j ' aurai meurtri Le calice embaumé de quelque fleur pieuse ? LA REINE Ta main n ' a blessé nulle fleur , o gracieuse .SAVITRI Déesses , l ' on dirait que vous avez pleuré .",
                  "id": "2",
                  "title": "Sâvitrî : comédie héroïque en deux actes, en vers... / A.-Ferdinand Hérold"
            },
            {
                  "doc_url": "https://gallica.bnf.fr/ark:/12148/bpt6k113310h",
                  "emotions": [
                        "disgust",
                        "fear"
                  ],
                  "excerpt": "Je songe et je baisse la tête .Je marche près de Marcassin qui , soit à cause de son nom , soit à cause de sa puanteur , me fait l ' effet d ' un animal qui fuit , en sautelant , dans les pénombres .Le soir s ' assombrit .",
                  "id": "3",
                  "title": "Clarté : roman / Henri Barbusse"
            },
            {
                  "doc_url": "https://gallica.bnf.fr/ark:/12148/bd6t5373897b",
                  "emotions": [
                        "fear",
                        "love",
                        "desire",
                        "nostalgia",
                        "courage"
                  ],
                  "excerpt": "— 6o - - Slle Le rêve vient à nous une fleur dans les doigts Une caresse aux yeux , des baisers - pleins sa robe .Veux - tu , fuyant la ville , ivres parmi les bois , Chercher le coin discret où Vamour se dérobe ? Viens ami , je mettrai mon front pâle en ton sein Et tu tenivreras du parfum de mes tresses , Tandis que sur Veau calme et fraîche du bassin Les cygnes glisseront blancs comme nos promesses .Viens , l ' amandier en fleurs neigera sur nos cous , Les muguets chanteront un carillon d ' ivresse , Tandis que , dans tes yeux énamourés et fous , Je chercherai mes yeux défaillants de tendresse .",
                  "id": "4",
                  "title": "Roman des soirs / Jean Bach-Sisley ; préface de Jean Bertheroy"
            },
            {
                  "doc_url": "https://gallica.bnf.fr/ark:/12148/bd6t5373897b",
                  "emotions": [
                        "fear",
                        "love",
                        "desire",
                        "nostalgia",
                        "courage"
                  ],
                  "excerpt": "C ’ est d ’ abord l ’ extase qui accompagne et suit les premiers aveux ; écoutez plutôt ces vers charmants : Le rêve vient à nous , une fleur dans les doigts , Une caresse aux yeux , des baisers pleins sa robe .Veux - tu , fuyant la ville , ivres parmi les bois , Chercher le coin discret où l ’ amour se dérobe ? Viens , ami , je mettrai mon front pâle en ton sein , Et tu t ’ enivreras du parfum de mes tresses , Tandis que sur l ’ eau calme et fraîche du bassin Les cygnes glisseront , blancs comme nos promesses .Viens , l ’ amandier en fleur neigera sur nos cous , Les muguets chanteront un carillon d ’ ivresse , Tandis que dans tes yeux énamourés et fous Je chercherai mes yeux défaillants de tendresse .",
                  "id": "5",
                  "title": "Roman des soirs / Jean Bach-Sisley ; préface de Jean Bertheroy"
            },
            {
                  "doc_url": "https://gallica.bnf.fr/ark:/12148/bpt6k5450707n",
                  "emotions": [
                        "fear",
                        "gratitude",
                        "doubt",
                        "nervousness"
                  ],
                  "excerpt": "Pour la dernière fois , ma douce Bien - Aimée , Reçois d ' un tendre amour l ' éternel souvenir I A toi mon dernier pleur , ma dernière pensée Et mon dernier soupir ! LA JEUNE MALADE O chère enfant ! pourquoi tant d ' amère tristesse Se lit dans tes beaux yeux ? Eloigne de ton coeur le chagrin qui l ' oppresse A toute heure , en tous lieux .Voyageuse inquiète à travers les alarmes De ce monde trompeur ! Oh ! reste , reste encore à répandre tes charmes , Ton parfum , jeune fleur ! Vois , le printemps paraît , la nature animée , S ' apprête à reverdir ; Vois renaître partout les lis dans la vallée Et les nuages fuir .L ' hirondelle revient voltigeant dans l ' espace , Compagne du printemps .",
                  "id": "6",
                  "title": "Feuilles volantes / Joseph Luciani"
            },
            {
                  "doc_url": "https://gallica.bnf.fr/ark:/12148/bpt6k5462394b",
                  "emotions": [
                        "fear",
                        "nervousness"
                  ],
                  "excerpt": "» c La nature avait raison ; je pensais que deux petites flûtes qui jouent l ' ouverture de Robert - le - Diable contrarieraient Meyerbeer , et que rien - ne m ' était plus désagréable que les sapins du château de Yersailles : qu ' on taille en pains de _ sucre .Mais je craignais les odeurs pestilentiellesque le .chat apporterait dans la chambre aussitôt qu ' il se sentirait nubile .",
                  "id": "7",
                  "title": "Les aventures de Mlle Mariette : contes de printemps (2e édition) / par Champfleury"
            },
            {
                  "doc_url": "https://gallica.bnf.fr/ark:/12148/bpt6k5831458n",
                  "emotions": [
                        "surprise",
                        "grief",
                        "sadness",
                        "fear",
                        "nostalgia",
                        "doubt",
                        "despair",
                        "pain"
                  ],
                  "excerpt": "J ' avais capturé , de mon séant , dans l ' ombre de mes courtines , ce furtif papillon , éclos d ' un rais de la lune ou d ' une goutte de rosée .Phalène palpitante qui , pour dégager ses ailes captives entre mes doigts , me payait une rançon de parfums I Soudain la vagabonde bestiole s ' envolait , abandonnant dans mon giron , — ô horreur ! — une larve monstrueuse et difforme , à tête humaine ! 82 GASPARD DE LA NUIT — « Où est ton âme , que je chevauche ? — Mon âme , haquenée boiteuse des fatigues du jour , repose maintenant sur la litière dorée des songes .» Et elle s ' échappait d ' effroi , mon âme , à travers la livide toile d ' araignée du crépuscule , par - dessus de noirs horizons dentelés de noirs clochers gothiques .",
                  "id": "8",
                  "title": "Gaspard de la nuit : fantaisies à la manière de Rembrandt et de Callot (Nouvelle édition) / par Louis Bertrand ; nouvelle édition augmentée de pièces en prose et en vers... et précédée d'une introduction par Charles Asselineau"
            },
            {
                  "doc_url": "https://gallica.bnf.fr/ark:/12148/bpt6k10918726",
                  "emotions": [
                        "fear",
                        "doubt"
                  ],
                  "excerpt": "Indépendamment de ces raifons de poffibilité , ce qui peut lever tous les doutes fur le penchant des Vers à foie vers l ’ obfcurite , 8c faire juger qu ’ ils ne font pas deftinés a vivre au grand jour ; c ’ eft que le Papillon qui en provient , eft de ceux que les Na - yeux Na - yeux pour moi j ’ ai vû ces petits grains , fur toutes les efpéces de Chenilles qui me lonc tombées fur la main „ aufli diftindement que ceux des Vers à foie , mais différemment arran gés j enforte qu ’ on pourroit caraéterifer les efpéces de Chenille , par le nombre & la fi - tuation des yeux , plus sûrement que par les couleurs , ou par les noms des Plantes fur lef - quelles elles vivent .? J87 turahftes appellent Phalènes , ou Pa * pillon de nuit : dou l ’ on doit conclur - re que le Vers à foie lui - même cft un Infecte noéturne : il eft dans Je cas de bien des Chenilles , qui livrées à elles - mêmes ôc fous les feules loix de la nature , vivent dans les ténèbres de la nuit & fuyent la lumière .Cette feule obfervation fournit , je pen - fe , 1 explication du Phénomène rapporté ci - devant , ou de l ’ averfion naturelle du Vers à foie pour la lumière .",
                  "id": "9",
                  "title": "Mémoires sur l'éducation des vers à soie. Par Mr. l'Abbé Boissier de Sauvages, de la Société-Royale des Sciences de Montpellier ; de l'Académie Impériale Physico-Botanique & de celle des George-Fils de Florence. Seconde Partie"
            },
            {
                  "doc_url": "https://gallica.bnf.fr/ark:/12148/bpt6k96326261",
                  "emotions": [
                        "grief",
                        "disgust",
                        "fear",
                        "nostalgia",
                        "embarrassment"
                  ],
                  "excerpt": ".Hier encore il frémissait au souvenir $ de sa chair et de son odeur .Elle l ' avait mu - j selé , ensorcelé .",
                  "id": "10",
                  "title": "Histoires pénales / Henri Allais"
            },
            {
                  "doc_url": "https://gallica.bnf.fr/ark:/12148/bpt6k6514117j",
                  "emotions": [
                        "fear"
                  ],
                  "excerpt": ", , e 14 ' anvier t81j , Moulins à huite .Un peu d ' odeur et quelque danger 3e 14 janvier du feu .g ; ; \\ ' Noir animalisé ( Fabriques et dé - Odeur très - désagréable et insa - lre 2 \" janvier t pôts de ) .",
                  "id": "11",
                  "title": "Recueil des circulaires et instructions émanées du Ministère de l'intérieur de 1790 à 1830 inclusivement. Tome 3"
            },
            {
                  "doc_url": "https://gallica.bnf.fr/ark:/12148/bpt6k58080665",
                  "emotions": [
                        "fear",
                        "doubt",
                        "nervousness",
                        "embarrassment"
                  ],
                  "excerpt": "43 Quand il a vu que chaque renommée Soufflait le gaz d ' une lampe enfumée , Au dur aspect des lourds matériaux Que vous roulez pour faire un temple faux ; C ' est votre docte et stupide imposture Qui l ' a jeté plus près de la nature , Quand il a vu la réputation Toute de boue et de convention ; A vos moissons , à vos trésors postiches , Le chassomane eût préféré des friches .Le chassomane eut une horrible peur De devenir lui - même un semblant d ' homme : Il repoussa le mannequin trompeur Du paganisme ; enfin , et voilà comme , Ne sachant plus à qui donner sa voix , Il a voté pour les champs et les bois ; Il a quitté , pour la Beauce ou la Brie , Les dieux blafards de cette idolâtrie ; Errant , timide , il fit quelques essais Au bord des bois , dans la plaine embaumée .Depuis ce jour que son âme est charmée , S ' il dit : J ' y suis , J ' y retourne , ou J ' y vais ! Vers le ruisseau qui s ' écoule limpide , Loin du bourbier , il fuit d ' un pas rapide .",
                  "id": "12",
                  "title": "La Chassomanie, poème, par Deyeux..."
            },
            {
                  "doc_url": "https://gallica.bnf.fr/ark:/12148/bd6t5333122w",
                  "emotions": [
                        "disgust",
                        "fear"
                  ],
                  "excerpt": "Mais un repoussant fumet le met en déroute : il s ’ éloigne , claudicant , plaintif .L ' odeur nauséabonde fait fuir également les carnassiers de la forêt , les rapaces de l ’ air , pourtant habituels mangeurs de pourriture .Seule , une énorme chauve - souris , le ptérodactyle , s ’ approche de cette charogne .",
                  "id": "13",
                  "title": "La Mouette : revue idéaliste de littérature et d'art"
            },
            {
                  "doc_url": "https://gallica.bnf.fr/ark:/12148/bpt6k6377951f",
                  "emotions": [
                        "disgust",
                        "fear",
                        "annoyance"
                  ],
                  "excerpt": "des fabriques .Huiles de lin ( Cuisson des ) Odeur très - désagréable et danger du feu .ire .",
                  "id": "14",
                  "title": "Recueil méthodique et chronologique des lois, décrets, ordonnances, arrêtés, circulaires, etc., concernant le service des ingénieurs au corps impérial des mines. Tome 1 / dressé par M. Lamé Fleury,..."
            },
            {
                  "doc_url": "https://gallica.bnf.fr/ark:/12148/bd6t5333122w",
                  "emotions": [
                        "fear"
                  ],
                  "excerpt": "Et il montrait des larmes dans ses yeux , des ulcères sur son .corps , il répandait ( son haleine fétide ..",
                  "id": "15",
                  "title": "La Mouette : revue idéaliste de littérature et d'art"
            },
            {
                  "doc_url": "https://gallica.bnf.fr/ark:/12148/bpt6k9663418x",
                  "emotions": [
                        "fear"
                  ],
                  "excerpt": "die .Feutre goudronné propre au doublage Mauvaise odeur , et danger d ' incen - 2 21 mai 1833 .des navires ( fabriques de ) .",
                  "id": "16",
                  "title": "Droit administratif. Tome 2 / par M. de Cormenin"
            },
            {
                  "doc_url": "https://gallica.bnf.fr/ark:/12148/bpt6k9770209v",
                  "emotions": [
                        "disgust",
                        "fear"
                  ],
                  "excerpt": "La rangée de verres , devant les consommateurs , est verte , du vert opalin , sans transparence , aux remous opaques .Un parfum terrible , ^ ^ dé ^ uenivrant , règne dans la salle , asservit .yj ^ ï ^ éaïîtoment ceux qui entrent .",
                  "id": "17",
                  "title": "L'apprentie / Gustave Geffroy ; illustrations de Lobel-Riche"
            },
            {
                  "doc_url": "https://gallica.bnf.fr/ark:/12148/bpt6k5620715v",
                  "emotions": [
                        "fear",
                        "nostalgia"
                  ],
                  "excerpt": "Tout en réfléchissant , il s ' approcha de la fenêtre et s ' appuya sur ses bords : tout était calme au dehors ; les arbres seuls étaient agités par le souffle d ' un vent frais qui passait dans leurs feuilles en les rafraîchissant et en secouant la poussière du jour .Les orangers et les citronniers lui envoyaient dans des bouffées de vent leur odeur enivrante ; quelques oiseaux à plumage doré gazouillaient dans les branches des arbres ; le colibri , ce bel oiseau des chaudes contrées , jeta un cri mélancolique en passant devant lui , et si près , qu ' il l ' effleura de ses ailes .Au bas de la terrasse qui entourait la maison s ' étendait un lac bordé de cèdres et de bambous ; leurs rameaux gigantesques se miraient dans l ' eau pâle au milieu des sombres reflets de la nuit ; des vapeurs blanches et légères sortaient de son sein humide et se mêlaient à la brise en servant de vêtement au dieu antique qui chaque soir rentre dans MADELEINE .",
                  "id": "18",
                  "title": "L'Ermite de Vallombreuse, suivi de Madeleine, par Mlle Florence Strub"
            },
            {
                  "doc_url": "https://gallica.bnf.fr/ark:/12148/bpt6k6377951f",
                  "emotions": [
                        "disgust",
                        "fear",
                        "nervousness"
                  ],
                  "excerpt": ".Odeurs désagréables , crainte d ' ioccntlie .1 \" .",
                  "id": "19",
                  "title": "Recueil méthodique et chronologique des lois, décrets, ordonnances, arrêtés, circulaires, etc., concernant le service des ingénieurs au corps impérial des mines. Tome 1 / dressé par M. Lamé Fleury,..."
            },
            {
                  "doc_url": "https://gallica.bnf.fr/ark:/12148/bpt6k5727006w",
                  "emotions": [
                        "grief",
                        "disgust",
                        "fear",
                        "pain"
                  ],
                  "excerpt": ", et sa gueule béante A la mère mourante Vient ouvrir le néant .Déjà l ' infortunée A senti dans son sein L ' haleine empoisonnée Du hideux assassin ..",
                  "id": "20",
                  "title": "Six Poèmes, premier extrait des \"Filles de la terre\"... par le poète Jacques Bornet et ses... filles (Anna, Louise et Marie Bornet). Précédés de la Mission du poète"
            }
      ]
}