{
      "articles": [
            {
                  "doc_url": "https://gallica.bnf.fr/ark:/12148/bpt6k42246071",
                  "emotions": [
                        "surprise",
                        "disgust",
                        "fear"
                  ],
                  "excerpt": "Avec sa peau humaine , couverte d ’ un poil de brosse à dents , avec son ventre traînant jusqu ’ à terre , ses oreilles battantes , ses yeux malades , son groin qui creuse , il semblait féroce , maléficieux et incompréhensible .Pourquoi est - il moins redoutable que le lion et le tigre ? Il a leur masse et des canines énormes , il répand une odeur menaçante ; aucun homme 11e résisterait à son choc .A sa vue , Maurice avait le sens des profondeurs caverneuses de la nature , des monstres agglomérés dans les tourbières ; il entendait le grondement des nuits carnivores .",
                  "id": "1",
                  "title": "Les Rafales, roman de moeurs bourgeoises / J.-H. Rosny aîné,..."
            },
            {
                  "doc_url": "https://gallica.bnf.fr/ark:/12148/bpt6k994271h",
                  "emotions": [
                        "fear"
                  ],
                  "excerpt": "1 .Cachexie , anémie , odeur alliacée del ’ haleine .2 .",
                  "id": "2",
                  "title": "Tableaux synoptiques de thérapeutique descriptive et clinique, par le Dr Henri Durand,..."
            },
            {
                  "doc_url": "https://gallica.bnf.fr/ark:/12148/bpt6k5828543f",
                  "emotions": [
                        "fear"
                  ],
                  "excerpt": "Cette substance alcaline , extraite de diverses espèces du genre Nicotiana sous forme de liquide oléagineux , a une saveur très - brûlante ; son odeur , à froid , est assez faible et rappelle un peu celle du tabac ; mais à une haute température , cette odeur est tellement forte et tellement irritante , qu ' on respire avec peine dans une pièce où l ' on a répandu quelques gouttes de ce liquide .La nicotine est un des poisons les plus violents .La richesse du tabac en nicotine varie suivant les ' espèces et la provenance : Le tabac du Lot en contient presque 8 0 / 0 Les tabacs de Virginie et de Kentucky 7 0 / 0 Le tabac d ' Alsace 3 o / o Le Maryland 2 , 5 0 / 0 Les préparations que l ' on fait subir au tabac dans les manufactures , lui font perdre une quantité considérable de cet alcaloïde .",
                  "id": "3",
                  "title": "Manuel complet de médecine légale.... et contenant un Traité élémentaire de chimie légale... (9e édition, avec 3 planches gravées et 37 figures dans le texte) / par J. Briand,... et Ernest Chaudé,... ; par J. Bouis,..."
            },
            {
                  "doc_url": "https://gallica.bnf.fr/ark:/12148/bpt6k1165089c",
                  "emotions": [
                        "disgust",
                        "fear"
                  ],
                  "excerpt": "Taille de 3 à G décimètres .Ella exhale une odeur fétide .Toutes ses parties sont gorgées d ’ un suc jaunâtre extrêmement âcre et vénéneux .",
                  "id": "4",
                  "title": "Mémoire sur les plantes nuisibles aux moissons et aux prairies / par J. Bataillard,..."
            },
            {
                  "doc_url": "https://gallica.bnf.fr/ark:/12148/bpt6k57235531",
                  "emotions": [
                        "fear",
                        "nervousness"
                  ],
                  "excerpt": "Corpo di Bacco , pensa le docteur , quelle susceptibilité nerveuse ! Il fallait que l ' odorat de .la belle évanouie fût bien subtil , le parfum du bouton de rose , bien puissant pour produire un si violent spasme , On s ' empressa autour d ' elle ; on voulut éloigner l ' indiscrète amie , en lui faisant apercevoir qu ' elle était la cause de ces attaques de nerfs .Mais l ' amie prouva son innocence en .",
                  "id": "5",
                  "title": "Revue du Nord de la France : recueil religieux, philosophique et littéraire"
            },
            {
                  "doc_url": "https://gallica.bnf.fr/ark:/12148/bpt6k55535326",
                  "emotions": [
                        "anger",
                        "fear",
                        "nervousness",
                        "pain"
                  ],
                  "excerpt": "C ' est à ces causes que le malade attribuait ses souffrances .A la première visite , on trouva la face rouge , livide ; la soif très - grande ; la respiration anxieuse ; la langue chargée ; l ' haleine fétide ; un hoquet presque continuel ; des nausées insupportables ; des vomissements de substances qui semblaient beaucoup se rapprocher des matières stercorales .Le pouls était fréquent , irrégulier , quelque peu déprimé ; la peau plutôt froide que chaude ; la constipation opiniâtre , avec sensation de chaleur et de douleur dans la région iliaque droite : par tous ces symptômes , on diagnostiqua une hernie étranglée , sans que l ' on pût découvrir de tumeur dans aucun point de l ' abdomen .",
                  "id": "6",
                  "title": "Traité pratique des maladies de l'estomac, par T. Bayard,..."
            },
            {
                  "doc_url": "https://gallica.bnf.fr/ark:/12148/bpt6k5456492t",
                  "emotions": [
                        "fear",
                        "love",
                        "excitement",
                        "gratitude",
                        "nervousness"
                  ],
                  "excerpt": "A SES PIEDS Ouvre tes lèvres , parle et que ta voix aimée , Tout bas , répète encor ce mot doux et troublant Que j ' entendis alors que , timide et tremblant , Je chantais , à tes pieds , mon antienne enflammée .Ton corps charmant exhale une odeur embaumée Qui me pénètre ainsi qu ' un philtre ensorcelant ; Mon coeur cesse de battre et s ' en va s ' écroulant Et ma chanson s ' éteint dans ma gorge fermée .Sur l ' éternel chemin .",
                  "id": "7",
                  "title": "Fleurs cueillies sur l'éternel chemin : poésies / Auguste Bertout"
            },
            {
                  "doc_url": "https://gallica.bnf.fr/ark:/12148/bpt6k96186945",
                  "emotions": [
                        "disgust",
                        "fear"
                  ],
                  "excerpt": "Il songeait encore au domino rose dont l ' odeur irritante de patchouli avait imprégné sa peau .Cette odeur indélébile , il croyait la respirer partout , éparse dans l ' air et flottant autour de lui en lourds effluves .Le souvenir d ' une ' chair avide et tenace l ' accompagnait sans cesse et stimulait son désir .",
                  "id": "8",
                  "title": "Pépète le bien-aimé / Louis Bertrand ; illustrations d'après les dessins de Renefer"
            },
            {
                  "doc_url": "https://gallica.bnf.fr/ark:/12148/bpt6k9773907c",
                  "emotions": [
                        "fear",
                        "nervousness",
                        "pain"
                  ],
                  "excerpt": "Presque toujours aussi les fourmis se répandent sur le corps de l ' opérateur , se glissent sous ses vê .tements et lui causent des démangeaisons insupportables .M .",
                  "id": "9",
                  "title": "Dictionnaire de la conversation et de la lecture... : supplément offrant le résumé des faits et des idées de notre temps. Tome 3 / sous la direction de M. W. Duckett"
            },
            {
                  "doc_url": "https://gallica.bnf.fr/ark:/12148/bpt6k6438302b",
                  "emotions": [
                        "surprise",
                        "fear",
                        "disapproval",
                        "gratitude",
                        "doubt",
                        "nervousness",
                        "disappointment"
                  ],
                  "excerpt": "Ou me fuis - ie egaré par ce discours verueux ? Seulement ie vouloy vous dire que ie veux Me retirer , Scamole , e , viure pacifique Sans plus m ' entremejler de la chose publique .Mais vous m ' excufereq Ji la grand ' puanteur Des vices de ce temps m ' a fait trop caqueteur : Et la crainte que i ' ay que vojlre ame si nette Aupres d ' vn tel fangeas ne foit de fange infette , Si , comme moy , chei vous retiré priuement , Le refle de vos ans ne passes doucement : Imitant le Soleil qui , pour toucher l ' ordure , Ne reçoit pas pourtant de puante fouillure : Et qui , pour les pecheî des hommes d ' ici bas , D ' ejlendre ses rayons sur eux ne laij } ' e pas .A son Liure .",
                  "id": "10",
                  "title": "Les diverses poésies de Jean Vauquelin, sieur de La Fresnaie. Tome 1 / publiées et annotées par Julien Travers..."
            },
            {
                  "doc_url": "https://gallica.bnf.fr/ark:/12148/bpt6k5340154q",
                  "emotions": [
                        "disgust",
                        "fear"
                  ],
                  "excerpt": "Comme depuis Gampan nous nous sommes élevés de plus de mille mètres , nous avons bien droit à quelque repos .Un refuge voûté s ’ ofïre à nous , mais le sol en est transformé en cloaque nauséabond et nous préférons nous arrêter sous un gros rocher , protégés de la rosée qui se condense abondamment et mouille les schistes des parapets .Après avoir repris haleine , nous coupons le ruisseau près d ’ un groupe de cabanes commandées par l ’ énorme muraille du Soum de Portbieil , dont les entassements de roches tailladées , gardent encore de la neige dans les gouttières .",
                  "id": "11",
                  "title": "De Tarbes à travers les Pyrénées centrales, Basses-Pyrénées, Hautes-Pyrénées, Ariège, Haute-Garonne / par un groupe d'excursionnistes bigourdans"
            },
            {
                  "doc_url": "https://gallica.bnf.fr/ark:/12148/bpt6k5849507f",
                  "emotions": [
                        "disgust",
                        "fear",
                        "nervousness"
                  ],
                  "excerpt": "Cette eau est claire , limpide , exhalant une .odeur fortement hépatique ; l ' endroit , où elle ; / ..",
                  "id": "12",
                  "title": "Observations sur la nature et les effets des eaux minérales de Bagnères-Adour, département des Hautes-Pyrénées ; suivies de la description des établissemens thermaux, de celle des promenades de la ville et des environs, et des indications ou renseignements nécessaires aux étrangers . Par P. Sarabeyrouze cadet, de Bagnères, médecin de l'Hospice civil..."
            },
            {
                  "doc_url": "https://gallica.bnf.fr/ark:/12148/bpt6k53401910",
                  "emotions": [
                        "disgust",
                        "fear"
                  ],
                  "excerpt": "Ici , l ’ on remarque une terrible chute d ’ eau , écumante , courroucée , qui se brise en hurlant de roc en roc comme une hyène échevelée , qui vous tient , bouche béante , immobile , qui vous fait battre le cœur d ’ admiration et d ’ effroi ; là , on entre dans une jolie clairière arrosée de divers ruisseaux , on s ’ arrête sur la pelouse , on se repose , on boit du lait frais , on fait jaser le pâtre qui vous l ’ offre , on jouit de l ’ originalité de son costume et de la naïveté de son langage .Au sortir de là , d ’ autres spectacles , non moins terribles , renouvellent vos frayeurs , vous font encore reculer d ’ épouvante ; puis vous vous retrouvez au sein de la lumière , des parfums , des gazons et des fleurs .Vous marchez ainsi de surprise en surprise ; une suite variée de tableaux tour à tour gracieux et sombres , se partagent votre âme , la promènent voluptueusement dans un monde inconnu , et font de votre course une véritable fête , un continuel enchantement .",
                  "id": "13",
                  "title": "Album pittoresque et historique des Pyrénées / par A. Fourcade,... orné de trois gravures en taille-douce"
            },
            {
                  "doc_url": "https://gallica.bnf.fr/ark:/12148/bpt6k803353",
                  "emotions": [
                        "disgust",
                        "fear",
                        "nostalgia",
                        "nervousness",
                        "pain"
                  ],
                  "excerpt": "Elle se sauva vite , vite , de cette gaieté bruyante , épanouie le long des trot - toirs des Italiens , gaieté surhumaine et titanique , faite d ' étincelantes vitrines , de dorures d ' enseignes , ce rumeurs de foule , de jupes de femmes , de voitures toujours en marche .Formidable débordement so - cial , immense saôulerie , palpitations du cœur de la France , où se mêlent l ' odeur du vice , le miasme de3 sous - sols de restaurants , le bruit des assiettes , le ronflement des digestions 1 Marcelle rentra à l ' hôtel par la rue Vivienne et la rue Notre - Dame - des - Victoires .Elle remit sa robe grise et sa toque noire , tâchant de refouler la souf - france qui lui montait dans l ' âme il arriverait bien tout seul , le moment où elle éclaterait , où son isolement l ' écraserait à mourir ! Et cependant , malgré cette lente , malgré cette sourde montée d ' angoisse , elle avait faim , la jeune femme , bien faim même .",
                  "id": "14",
                  "title": "Un adultère : roman intime / Antoine Albalat"
            },
            {
                  "doc_url": "https://gallica.bnf.fr/ark:/12148/bpt6k803353",
                  "emotions": [
                        "fear"
                  ],
                  "excerpt": "Elle sortit .L ' horrible escalier 1 Une odeur de communs et de pavés de cour suintait des murs .Devaient - ils avoir une jolie idée de l ' existence , les pauvres diables qui débutaient dans la vie par cet escalier Marcelle rentra à l ' hôtel .",
                  "id": "15",
                  "title": "Un adultère : roman intime / Antoine Albalat"
            },
            {
                  "doc_url": "https://gallica.bnf.fr/ark:/12148/bpt6k4556725g",
                  "emotions": [
                        "disgust",
                        "fear"
                  ],
                  "excerpt": "< • Cette conséquence va en amener une autre .L ’ enfant au lieu de respirer par le nez va respirer par la bouche .La nuit l ’ enfant va ronfler .",
                  "id": "16",
                  "title": "L'Aurore sociale : organe du Parti socialiste SFIO, syndicaliste, féministe et coopératif : \"puis\" journal des arrondissements d'Évreux, Louviers et Les Andelys"
            },
            {
                  "doc_url": "https://gallica.bnf.fr/ark:/12148/bpt6k1415848j",
                  "emotions": [
                        "disgust",
                        "fear",
                        "disapproval",
                        "nervousness"
                  ],
                  "excerpt": "Du mont Parthénion descendait un chant triste 16 DIONYSOS F .T LES NYMPHES D ’ arbustes frissonnants et de fauves couchés .On croyait voir frémir la pointe des rochers .",
                  "id": "17",
                  "title": "Dionysos et les nymphes / Fernand Mazade"
            },
            {
                  "doc_url": "https://gallica.bnf.fr/ark:/12148/bpt6k5619498m",
                  "emotions": [
                        "surprise",
                        "disgust",
                        "fear",
                        "doubt",
                        "nervousness",
                        "embarrassment"
                  ],
                  "excerpt": "J ' ai prié un passant de » m ' indiquer un hôtel où l ' on voudrait me recevoir ; il » m ' a procuré un commissionnaire qui m ' a menée à » une maison noire et basse , tenue , à ce qu ' on m ' a » dit , par de nouveaux mariés .Cette maison avait une » mine tellement sinistre , que j ' avais peur : c ' était un » escalier en tire - bouchon , mais si sale ! avec des pa » rois gluantes ; on n ' y voyait rien en plein jour .On » me donna une chambre étroite et humide dont les » murs blancs et nus suintaient .",
                  "id": "18",
                  "title": "Rosalie, nouvelle, par Ange Pechméja"
            },
            {
                  "doc_url": "https://gallica.bnf.fr/ark:/12148/bpt6k1414461q",
                  "emotions": [
                        "surprise",
                        "fear",
                        "doubt",
                        "nervousness",
                        "embarrassment",
                        "guilt"
                  ],
                  "excerpt": "L ’ homme est l ’ image de Dieu , est - il dit .Et nous ? Je me faisais l ' effet d ’ un singe hideux , quand j ’ ai vu les hommes et les jeunes gens sortir du grand bain près de la Porte du Soleil , les cheveux bien arrangés et parfumés ; et leurs membres souples , brillants de fraîcheur et de propreté .Quand ils passèrent près de moi , et que je me rappelai nia misérable peau de mouton , et l ’ abject désordre de ma chevelure , quand je considérai mes bras et mes jambes , qui ne sont ni moins forts , ni moins bien faits que les leurs , j ’ eus comme un frisson .",
                  "id": "19",
                  "title": "Homo sum, roman traduit de l'allemand de Georges Ebers, par Emile Fleuriel. 2e édition"
            },
            {
                  "doc_url": "https://gallica.bnf.fr/ark:/12148/bpt6k57154531",
                  "emotions": [
                        "fear",
                        "relief"
                  ],
                  "excerpt": "Repos complet le lendemain .Pour me garantir du bruit et du tapage , des odeurs , des divers spectacles qu ' offre un campement nègre , je transporte mon domicile à quelque distance , dans la plus charmante des retraites , laissant mes hommes sous la garde de Martin .Il me fallait maintenant mettre mes gens à une besogne très minutieuse et des plus imprévues : enfiler toutes nos verroteries en cordons de la dimension requise au pays des Massaï ; sans quoi , elles me resteraient certainement pour compte : 60 000 longueurs , je dis soixante mille ! En outre , lesdits personnages n ' acceptent la cotonnade que déjà confectionnée en un vêtement de guerre , le naibéré : deux mètres d ' étoffe , traversée dans le sens de la longueur par une bande rouge ou à damiers dont on effile les bouts pour former une frange ; nous avons à en parfaire trois cents ; je me résigne donc à une halte assez prolongée .",
                  "id": "20",
                  "title": "Au pays des Massaï : voyage d'exploration à travers les montagnes neigeuses et volcaniques, et les tribus étranges de l'Afrique équatoriale. Traduit de l'anglais... par Frédéric Bernard... / Joseph Thomson"
            }
      ]
}