{
      "articles": [
            {
                  "doc_url": "https://gallica.bnf.fr/ark:/12148/bpt6k6153043h",
                  "emotions": [
                        "fear"
                  ],
                  "excerpt": "( 15 octobre 1810 ) .HUILE de poisson - ( fabriques d ' ) ; odeur désagréable et danger du feu , lre cl .( 14 janvier 1815 ) .",
                  "id": "1",
                  "title": "Traité des établissements dangereux, insalubres ou incommodes, par St.-Ch. Clérault,..."
            },
            {
                  "doc_url": "https://gallica.bnf.fr/ark:/12148/bpt6k6153043h",
                  "emotions": [
                        "fear"
                  ],
                  "excerpt": "TÉRÉBENTHINE ( travail en grand pour l ' extraction de la ) .— Voir Goudrons ; odeur insalubre et danger du feu , lre cl .( 9 février 1825 ) .",
                  "id": "2",
                  "title": "Traité des établissements dangereux, insalubres ou incommodes, par St.-Ch. Clérault,..."
            },
            {
                  "doc_url": "https://gallica.bnf.fr/ark:/12148/bpt6k74487c",
                  "emotions": [
                        "fear",
                        "faith"
                  ],
                  "excerpt": "Son regard m ' est fatal comme un chant de sirène .Dans une épaisse nuit je sens qu ' elle m ' entraîne ; Son culte a Ja saveur puissante du tourment .Tout en l ' aimant , je songe à ces liqueurs amères , Qui luisent doucement dans le fond des grands verres , Mais dont les gouttes d ' or font mo * fir lentement .",
                  "id": "3",
                  "title": "Les poèmes à tous crins / Tancrède Martel"
            },
            {
                  "doc_url": "https://gallica.bnf.fr/ark:/12148/bpt6k6225532g",
                  "emotions": [
                        "disgust",
                        "fear"
                  ],
                  "excerpt": "C ' est surtout la mort de Socrate qui a rendu célèbre le nom de cette plante très commune dans les environs d ' Athènes .Son suc constitue , en effet , un poison des plus violents et on a vu des enfants périr en une demi - heure dans de terribles convulsions pour avoir mangé sa racine qu ' ils avaient prise pour celle du panais .Lorsqu ' il se produit un empoisonnement par la ciguë , il faut se hâter de provoquer des vomissements et administrer au malade des adoucissants .",
                  "id": "4",
                  "title": "La Science à travers champs. Promenades botaniques, par André Talmont"
            },
            {
                  "doc_url": "https://gallica.bnf.fr/ark:/12148/bpt6k6457087n",
                  "emotions": [
                        "fear"
                  ],
                  "excerpt": "Au dire de ce dernier , les animaux de proie ne sont point à craindre pour l ' homme .La plupart ne sortent que la nuit : ils ont des caractères saillants qui les annoncent avant même qu ' on puisse les apercevoir ; les uns ont de fortes odeurs de musc , comme la martre , la civette , le crocodile ; et d ' autres , des voix perçantes , qui se font entendre la nuit de fort loin , comme les loups et les chacals ; d ' autres ont des leurs allures .Il y en avait de dorées , d ' argentées , de bronzées , de tigrées , de rayées , de bleues , de vertes , de rembrunies et de chatoyantes .",
                  "id": "5",
                  "title": "Etude sur Du Guet, suivie d'une correspondance inédite avec la duchesse d'Epernon, retirée aux Grandes Carmélites ; par Paul Chételat,..."
            },
            {
                  "doc_url": "https://gallica.bnf.fr/ark:/12148/bpt6k5555509k",
                  "emotions": [
                        "fear"
                  ],
                  "excerpt": ".Des relents violents en parviennent par certaines portes .\" .",
                  "id": "6",
                  "title": "Le Strapontin : revue satirique du théâtre, de la politique et du Palais"
            },
            {
                  "doc_url": "https://gallica.bnf.fr/ark:/12148/bpt6k6153043h",
                  "emotions": [
                        "fear"
                  ],
                  "excerpt": "( 14 janvier 1815 ) .FEUTRES et visières vernis ( fabriques de ) ; odeur désagréable , crainte d ' incendie , lre cl .( 5 novembre 1826 ) .",
                  "id": "7",
                  "title": "Traité des établissements dangereux, insalubres ou incommodes, par St.-Ch. Clérault,..."
            },
            {
                  "doc_url": "https://gallica.bnf.fr/ark:/12148/bpt6k9746168d",
                  "emotions": [
                        "surprise",
                        "grief",
                        "fear",
                        "courage",
                        "pain"
                  ],
                  "excerpt": "et patatras ! je me fiche jusqu ' au derrière dans la vase .Aïe ! aïe ! aïe ! Autour de moi , pendant que je regardais les bulles gargouiller et qu ' à travers les herbes je croyais entrevoir le gros serpent , j ' entendais crier dans l ' aire : — Maîtresse ! courez vite , je crois que le petit est encore tombé à l ' eau ! Ma mère accourt , elle me saisit , elle m ' arrache tout noir de la boue puante , et la première chose , troussant ma petite robe , vlin ! vlan ! elle m ' applique une fessée retentissante .— Y retourneras - tu , entêté , aux fleurs de glais ? Y retourneras - tu pour te noyer ? .",
                  "id": "8",
                  "title": "Moun espelido : memori e raconte"
            },
            {
                  "doc_url": "https://gallica.bnf.fr/ark:/12148/bpt6k5773320b",
                  "emotions": [
                        "fear"
                  ],
                  "excerpt": "L ' Espagnole embrassa la fillette , qui , très fatiguée , commençait à avoir sommeil .De violentes senteurs flottaient dans l ' air : odeurs de chairs , de fards et d ' aromates , mêlées aux relents des cigares .Les lueurs des globes électriques piquaient des éclairs sur les seaux argentés où se gelait l ' extra - dry .",
                  "id": "9",
                  "title": "Sapho, dompteuse : roman / Jane de La Vaudère"
            },
            {
                  "doc_url": "https://gallica.bnf.fr/ark:/12148/bpt6k6225532g",
                  "emotions": [
                        "fear"
                  ],
                  "excerpt": "offrir .Elle a , en effet , des propriétés narcotiques et âcres très vénéneuses ; s n suc et ses graines pris à l ' intérieur excitent des vomissements violents et convulsifs , provoquent quelquefois la léthargie et peuvent entraîner la mort .Les semences prises par le nez , comme le tabac , occasionnent aussi des assoupissements dont certains criminels poursuivis sou : ) le nom d ' endormeurs ont su abuser .",
                  "id": "10",
                  "title": "La Science à travers champs. Promenades botaniques, par André Talmont"
            },
            {
                  "doc_url": "https://gallica.bnf.fr/ark:/12148/bpt6k6153043h",
                  "emotions": [
                        "fear"
                  ],
                  "excerpt": "— Voir Galons .TOILE cirée ( fabriques de ) ; danger du feu et mauvaise odeur , lre cl .( idem ) .",
                  "id": "11",
                  "title": "Traité des établissements dangereux, insalubres ou incommodes, par St.-Ch. Clérault,..."
            },
            {
                  "doc_url": "https://gallica.bnf.fr/ark:/12148/bpt6k5410539t",
                  "emotions": [
                        "disgust",
                        "fear",
                        "embarrassment"
                  ],
                  "excerpt": "Il est encore une autre cause de danger que je ne puis passer sous silence , et qni était évidente chez la jeune femme dont nous examinons en ce moment les poumons .Vous avez vu ces énormes vacuoles dans lesquelles s ' était accumulé un pus à demi concret , ressemblant presque à du mastic de vitrier et exhalant une affreuse puanteur .Je ne voudrais pas affirmer que l ' ichor putride , en contact avec les surfaces malades , charrié dans les bronches , porté par les inspirations successives dans les tuyaux aériens qui aboutissent aux parties demeurées saines , ne va pas être une source d ' infection pour l ' économie , source d ' autant plus puissante que les surfaces respiratoires sont , de toutes les parties , celles qui 688 DILATATION DES , BRONCHES absorbent le plus vite et le plus aisément , comme le prouvent du reste les phénomènes de la respiration , comme le démontre la rapidité foudroyante des effets produits par l ' aspiration de l ' éther , du chloroforme et de certains gaz délétères .",
                  "id": "12",
                  "title": "Clinique médicale de l'Hôtel-Dieu de Paris. Tome 1 / par Armand Trousseau,..."
            },
            {
                  "doc_url": "https://gallica.bnf.fr/ark:/12148/bpt6k33729800",
                  "emotions": [
                        "grief",
                        "disgust",
                        "fear",
                        "nervousness",
                        "pain",
                        "embarrassment"
                  ],
                  "excerpt": "Votre douceur me brûle et je suis devant vous Comme un arbre où s ' éveille et circule la sève .Et je sens frissonner et trembler mes genoux Au zéphyr embaumé que vous soufflez sans trêve .Vous êtes un Dieu vif , caressant et subtil .",
                  "id": "13",
                  "title": "Le Luth doré : poèmes / Pierre de Bouchaud"
            },
            {
                  "doc_url": "https://gallica.bnf.fr/ark:/12148/bpt6k2080734",
                  "emotions": [
                        "fear",
                        "annoyance",
                        "doubt",
                        "nervousness",
                        "embarrassment"
                  ],
                  "excerpt": "Quand ils défilaient en bon ordre , sous la garde du berger qui marchait devant et de ses chiens qui flanquaient le troupeau , le maintenaient en colonne serrée , il ne pouvait se défendre d ' une exaltation mauvaise .Derrière les barreaux de la grille , agité , nerveux , humant à pleines narines l ' odeur forte de suint qui emplissait la rue , il s ' essayait à des bonds de gymnaste , à des élans de fauve .Et ses yeux , qu ' attisaient la violence de sa haine et les lueurs du soleil couchant , brûlaient comme deux petits brasiers .",
                  "id": "14",
                  "title": "Dingo / Octave Mirbeau"
            },
            {
                  "doc_url": "https://gallica.bnf.fr/ark:/12148/bpt6k91804n",
                  "emotions": [
                        "disgust",
                        "fear",
                        "annoyance",
                        "disapproval"
                  ],
                  "excerpt": "S ' obtient en traitant le sel sodique de l ' acide métabromocres \\ lsutfureux ' ) : par le perchlorure de phosphore .C est un ! iquide jaune d ' une odeur désagréable , miscible avec ï ' ateoo ! ..",
                  "id": "15",
                  "title": "Traité des dérivés de la houille applicables à la production des matières colorantes / par MM. Charles Girard et G. de Laire..."
            },
            {
                  "doc_url": "https://gallica.bnf.fr/ark:/12148/bd6t5374586z",
                  "emotions": [
                        "disgust",
                        "fear",
                        "pain"
                  ],
                  "excerpt": "Il a eu des craintes d ’ empoisonnement , trouvait un mauvais goût à ses aliments , il s ’ imaginait que les voix ordonnaient à sa fille de l ’ empoisonner .Il sentait souvent de mauvaises odeurs « le fer repousse , ça sent mauvais .» Il a eu souvent l ’ idée de déposer des plaintes chez le commissaire ; mais il ne l ’ a jamais fait .",
                  "id": "16",
                  "title": "Leçons cliniques sur les maladies mentales : le délire chronique / par V. Magnan,... ; leçons recueillies par MM. les Drs Journiac et Sérieux"
            },
            {
                  "doc_url": "https://gallica.bnf.fr/ark:/12148/bpt6k9686444w",
                  "emotions": [
                        "fear"
                  ],
                  "excerpt": "« Les Javanais ayant le plus grand intérêt à conserver le secret sur l ' arbre qui leur fournissait un poison si subtil , et sur les moyens de s ' en procurer , profitèrent de l ' effroi de leurs vainqueurs pour montrer l ' ipas comme un géant terrible dont les exhalaisons seules donnaient la mort .Il fallait , disaient - ils , l ' aller chercher à vingt sept lieues de Batavia , et à quatorze lieues de la résidence de l ' empereur , dans une vallée effrayante par son aridité , et autour de laquelle l ' air était tellement imprégné de miasmes pestilentiels , que les oiseaux , en le traversant , tombaient morts .Un des chirurgiens de l ' armée hollandaise publia , en 1783 , la relation de son voyage dans l ' intérieur de Java .",
                  "id": "17",
                  "title": "Les jeunes naturalistes, ou Entretiens sur l'histoire naturelle des animaux, des végétaux et des minéraux. Tome 2 / par Mlle S. Ulliac Trémadeure"
            },
            {
                  "doc_url": "https://gallica.bnf.fr/ark:/12148/bpt6k90327p",
                  "emotions": [
                        "fear"
                  ],
                  "excerpt": ") Nous pouvons dans notre cadre renfermer ces deux acides dans une seule description Gaz colorés en jaune orangé plus ou moins foncé , qui se dégagent constamment dans la réaction de l ' acide azotique sur ~ an métaï .Odeur fade d ' abord , puis produisant la suffocation et une pesanteur considérabte à l ' extrémité des bronches ; trés - dangereux à respirer en abondance .Ce sont ces gaz qut colorent souvent l ' eau - forte en jaune ; ce sont eux aussi qui verdissent souvent les dissolutions métalliques comme celle de l ' argent , de manière à faire croire à la présence du cuivre ; mais cette coloration disparaît par la chaleur seule , ce qui n ' arrive point pour celle occasionnée par la présence du cuivre .",
                  "id": "18",
                  "title": "Guide pratique du doreur, de l'argenteur et du galvanoplaste : manipulations hydroplastiques / par Alfred Roseleur,..."
            },
            {
                  "doc_url": "https://gallica.bnf.fr/ark:/12148/bpt6k45409629",
                  "emotions": [
                        "disgust",
                        "fear",
                        "excitement",
                        "nervousness",
                        "faith"
                  ],
                  "excerpt": "Bien au contraire .Il nous est fortuitement advenu de flairer d ’ une narine démocratique et prudente , la colonne où s ’ étale la prose dont s ’ agit , et notre nerf olfactif s ’ est Immédiatement imprégné de l ’ aigre et écœurant remugle , qui décèle toujours la présence ou le voisinage d ’ un Révérend Père Jésuite .Et qu ’ on en juge .",
                  "id": "19",
                  "title": "La Tribune du Libournais : Organe des groupements de gauche [\"puis\" Organe de défense des intérêts locaux]"
            },
            {
                  "doc_url": "https://gallica.bnf.fr/ark:/12148/bpt6k6485708n",
                  "emotions": [
                        "fear",
                        "annoyance"
                  ],
                  "excerpt": "Maublanc est propriétaire sur ce côté gauche , d ' un « terrain et d ' une maison située à une petite distance de la ' < brasserie .Il se plaintl que les eaux de cet établissement « étant maintenant jetées de son côté , arrivent le long de « sa propriété et devant sa maison par le fossé gauche du « chemin , dans lequel elles restent encore stagnantes et « lui causent ainsi une grande incommodité et un grave • préjudice par leur odeur infecte et leur insalubrité .« M .",
                  "id": "20",
                  "title": "Rapport général présenté à M. le préfet sur les travaux des conseils d'hygiène publique et de salubrité du département pendant l'année... ,. 1868 / par le Dr Bergeon,... ; Département de l'Allier"
            }
      ]
}