{
      "articles": [
            {
                  "doc_url": "https://gallica.bnf.fr/ark:/12148/bpt6k5436590s",
                  "emotions": [
                        "fear"
                  ],
                  "excerpt": "Ce bruit fut comme un signal .Tous les singes se précipitèrent sur le roi , qui sentit remuer , ramper , s ' enlacer autour et au - dessus de lui , en se haussant toujours , une vivante montagne de noirceurs fétides .Et il y avait là des singes de toutes les espèces .",
                  "id": "1",
                  "title": "Iskender : histoire persane / Judith Gautier"
            },
            {
                  "doc_url": "https://gallica.bnf.fr/ark:/12148/bpt6k209341j",
                  "emotions": [
                        "disgust",
                        "fear",
                        "excitement"
                  ],
                  "excerpt": "Printemps ~ après avoir fait fermer les fenêtres , venait d ' ordonner à ses laquais noirs de lever les cloches .Cet ordre exécuté , une odeur infecte se répandit tout d ' un coup dans cette salle , odorante et fraîche la minute d ' avantle maître d ' hôtel sent - t un frisson mortel courir à ses veines .Qu ' est ceci ? s ' écria - t - il en se hâtant vers la table de Maurice .",
                  "id": "2",
                  "title": "Le chevalier de Saint-Georges (Nouv. éd.) / par Roger de Beauvoir"
            },
            {
                  "doc_url": "https://gallica.bnf.fr/ark:/12148/bpt6k9623698j",
                  "emotions": [
                        "disgust",
                        "fear"
                  ],
                  "excerpt": "Enfin , pour finir il faut ajouter que tout principe d ' hygiène était absolument méconnu et que rien n ' était plus sordide , - plus infect que les salles de vénériens dans les hôpitaux , celles que l ' on nommait « salles des haveurs ) ) .Ricorcl a vu ces salles , il les a décrites , ces salles qu ' on n ' ouvrait jamais , toutes imprégnées de vapeurs mercurielles et chargées de l ' horrible odeur des baveurs .Tout cet ensemble de traitement qui nous paraît absolument barbare créait cette forme maligne de stomatite que nous né « onnaissons plus aujourd ' hui .",
                  "id": "3",
                  "title": "L'Abeille médicale : revue des journaux et des ouvrages de médecine, de chirurgie, de pharmacie"
            },
            {
                  "doc_url": "https://gallica.bnf.fr/ark:/12148/bpt6k5074595c",
                  "emotions": [
                        "disgust",
                        "fear"
                  ],
                  "excerpt": "Blanchiement des lils et tissus de laine et de soie par l ’ acide sulfureux en dissolution dans l ’ eau .Boues et immondices ( dépôt de ) Danger d ’ incendie , émanations nuisibles Danger d ' incendie ou d ' explosion Bruit , fumée Danger d ’ incendie id .Vapeurs nuisibles Vapeurs accidentelles Odeur et poussière Bruit et ébranlement id .",
                  "id": "4",
                  "title": "Bulletin administratif de la Cochinchine"
            },
            {
                  "doc_url": "https://gallica.bnf.fr/ark:/12148/bpt6k1175336j",
                  "emotions": [
                        "fear",
                        "nervousness",
                        "pain",
                        "embarrassment"
                  ],
                  "excerpt": "Pour la médecine , deux années au moins d ’ externat dans l ’ hôpital de la ville .Or , avec mon organisation susceptible et nerveuse , l ’ atmosphère seule de l ’ hôpital , l ’ odeur des cataplasmes et des tisanes , la face blême des malades , tout cela suffisait pour me causer d ’ avance des suffocations insupportables .Pour le droit , même alternative ; deux années également d ’ épreuve et de garantie dans l ’ étude ou plutôt dans l ’ antre de maître Poussard , avoué , qui demeurait à deux pas de nous , le plus affreux porc - épic que le monstre de la chicane eût jamais porté dans ses flancs ! Ce Poussard avait pour principal clerc mon ami Claude Molinet , un camarade de collège qui était ' âgé de cinq ans de plus que moi et m ’ avait tenu un jour le langage suivant : « Sois tout ce que tu voudras dans la vie , serf , nègre , mousse , égoutier , rat de cave , mais jamais , au grand jamais , ne sois clerc de procureur en province , et surtout chez maître Poussard ! » 24 LA COMÉDIE DU PRINTEMPS .",
                  "id": "5",
                  "title": "La Comédie du printemps, par Arnould Frémy"
            },
            {
                  "doc_url": "https://gallica.bnf.fr/ark:/12148/bpt6k935907c",
                  "emotions": [
                        "surprise",
                        "fear",
                        "nervousness"
                  ],
                  "excerpt": "Je te hais , je te hais ! tiens , regarde mon corps , vois cette peau douce et ces hanches rondes , la souplesse de mes lignes de chatte , toute la grâce de mon être replet et onduleux , lascif et passionné .Tiens , regarde , et , d ’ un geste fébrile l ’ Américaine , dévêtue , apparaît tout à coup resplendissante dans sachair énervée , d ’ où s ’ échappe une haleine chaude et troublante .En se déshabillant si vite Mlle Petterson a déchiré la batiste qui l ’ enveloppait , elle semble sortir nue , comme d ’ un écrin de mousseuses dentelles , les nerfs tendus prête à bondir , Tœil en feu , les narines dilatées .",
                  "id": "6",
                  "title": "Le rêve de Micheline / par Abel de Miray"
            },
            {
                  "doc_url": "https://gallica.bnf.fr/ark:/12148/bpt6k9795252z",
                  "emotions": [
                        "fear"
                  ],
                  "excerpt": "— Les permanganates de soude , de potasse et de chaux sont fréquemment utilisés pour la stérilisation de petits volumes d ' eaux de boisson .D ' après Phelps et Carpenter on emploie à Londres , le permanganate de soude peur détruire les mauvais - es odeurs qui se dégagent de la Tamise aux basses eaux ; et il n ' est pas douteux qu ' on obtient ainsi une désinfection partielle seulement .Clark et Gage ont expérimenté le permanganate de potasse et ont montré que l ' addition de 100 grammes par mètre cube d ' eau brute réduirait le nombre des germes de 90 p .",
                  "id": "7",
                  "title": "Les eaux usées / par E.-J. Rolants,..."
            },
            {
                  "doc_url": "https://gallica.bnf.fr/ark:/12148/bpt6k9742333n",
                  "emotions": [
                        "fear"
                  ],
                  "excerpt": "Souvent des vipères dont le tac7 est dangereux se sont trouvées cachées sous des créches q ' le l ' on n avoit jamais déplacées j & se sont ensuies d ' effroi en voyant la lumiere ; souvent des couleuvres se sont habituées à fixer leur séjour dans une étable : dans l ' un & 1 autre cas , pâtre j ramaffir .des pierres 3 comme le prescrit le même Auteur ( 2 ) , ou prene ^ un bâton de robre3 & écra - sit ces animaux , au moment qu ' ils vous menacent le plus j en gonflant leurs cols & en faisant entendre leurs sifflemens3 ou pour prévenir les dangers que l ' on court soi - même , lorsqu ' on est contraint d ' en venir à cette extrémité , brûlez souvent des cheveux de femme ou de la corne de cerf , dont l odeur est excellente pour chasser ces sortes d ' animaux pestilentiels des érables .On ne peut fixer pour la tonte un temps cerrain , & qui soit le meme pour toutes les contrées , parce que l ' Eté n ' eu : pas également tardif ni également hâtif dans tous les pays ; ainsi la meilleure méthode est d ' examiner les temps dans lesquels les brebis ne seront exposées à souffrir ni du froid lorsqu ' on les aura tondues , ni du chaud lorsqu ' elles auront encore leur laine .",
                  "id": "8",
                  "title": "Traduction d'anciens ouvrages latins relatifs à l'agriculture et à la médecine vétérinaire ; Tome troisieme [-quatrieme], contenant.... ... L'économie rurale de Columelle.. Tome 4"
            },
            {
                  "doc_url": "https://gallica.bnf.fr/ark:/12148/bpt6k42303501",
                  "emotions": [
                        "disgust",
                        "fear",
                        "pain",
                        "embarrassment"
                  ],
                  "excerpt": "Ouvrons vite ! A la hâte , debout , on écrit l ’ ordonnance , réprimant les haut le cœur .Oh ! cette odeur horrible qui imprègne les vêtements , la barbe , la chevelure , qui vous poursuit pendant une journée , produisant sur les glandes salivaires l ’ action réflexe si connue , cette odeur de putréfaction organique vivante , cent fois plus repoussante que l ’ odeur de cadavre , que l ’ on traîne avec soi , que l ’ on retrouve dans les aliments que l ’ on mange , qui fait soulever , se cabrer , se révolter , l ’ estomac le plus aguerri ! ..",
                  "id": "9",
                  "title": "Feuillets d'hygiène : propagande hygiénique et anti-alcoolique, hygiène scolaire, hygiène publique, hygiène sociale, par le Dr S. Courgey,..."
            },
            {
                  "doc_url": "https://gallica.bnf.fr/ark:/12148/bpt6k8630410n",
                  "emotions": [
                        "surprise",
                        "grief",
                        "fear",
                        "love",
                        "nostalgia",
                        "embarrassment",
                        "disappointment"
                  ],
                  "excerpt": ".et j ' ai deviné ses lèvres près des miennes , avertie par ce grisant parfum des moustaches , qui ne doit être qu ' à lui ! Ah ! mes bras ont failli se lever et s ' enrouler autour de sa tête , et alors , crois - le bien , tout eût été perdu ! Ah ! non ! ..",
                  "id": "10",
                  "title": "Le diable à quatre : roman parisien / Vast-Ricouard. précédé d'un chapitre [des origines mystérieuses du Diable à quatre] / par Adolphe Belot"
            },
            {
                  "doc_url": "https://gallica.bnf.fr/ark:/12148/bpt6k97757042",
                  "emotions": [
                        "fear"
                  ],
                  "excerpt": "Ce vogayeur rapporte qu ' en traversant un désert il aperçut un lion énorme étendu sur le sable , reposant son mufle sur ses pates alongées , et dormant à l ' ardeur du soleil , les yeux à demi ouverts : quoiqu ' il fût très effrayé de cette rencontre , il eut cependant la précaution de se détourner de sa route , et de retourner sur ses pas pour se cacher derrière des buissons .Mungo - Park n ' en eût pas été quitte , suivant toutes les apparences , pour la peur , si ce terrible animal eût été doué de cet odorat exquis que possèdent la plus grande partie des quadrupèdes .Les naturalistes ont fait observer , en parlant de la force piusculaire du lion , qu ' un seul coup de sa pate suffit pour casser les reins d ' un cheval , et qu ' un seul coup de fouet de sa queue renverse l ' homme le plus fort .",
                  "id": "11",
                  "title": "Nouvelles petites études de la nature, ou Entretiens d'une mère avec ses enfants sur la botanique, l'agriculture et l'histoire naturelle, mêlés de réflexions morales sur les merveilles de la nature . Tirées des ouvrages de Bernardin de St-Pierre ; par Mme Robert-Gustave"
            },
            {
                  "doc_url": "https://gallica.bnf.fr/ark:/12148/bpt6k96738086",
                  "emotions": [
                        "fear",
                        "desire",
                        "excitement",
                        "greed",
                        "despair",
                        "pain"
                  ],
                  "excerpt": "Il est affecté , surtout le matin , d ' une petite toux sèche qui disparaît aussitôt qu ' il a dégluti soit aliments , soit boisson .Son haleine est fétide ; sa faim dévorante .Enfin ses déjections dénotent la présence de ces parasites .",
                  "id": "12",
                  "title": "Le chien au chenil : de l'amélioration des races canines, du logement, du pansage, de la nourriture, de l'exercice et de la condition de l'élève, soins thérapeutiques / par le baron A.-C.-E. Bellier de Villiers"
            },
            {
                  "doc_url": "https://gallica.bnf.fr/ark:/12148/bpt6k65789710",
                  "emotions": [
                        "disgust",
                        "fear",
                        "annoyance",
                        "nervousness",
                        "pain",
                        "embarrassment"
                  ],
                  "excerpt": "Le ffits était sur le fourneau , la cuisson s ' avançait , sans qu ' un grain de sel ou une épice eussent été introdu dans la sauce , sinon sous mon contrôle .Ici , Concetta s ' interrompit et s ' accroupit sur ses talo se tordant comme si elle eût été en proie à de viole coliques , tandis qu ' une odeur singulièrement désagréa montait au nez de Son Eminence .Brancadoro , très effra balbutia : — Qu ' avez - vous donc , ma chère amie ? La matrone se raidit et s ' appuya sur les genoux fri sonnants de son maître .",
                  "id": "13",
                  "title": "L'alcôve du cardinal : roman contemporain / Jean Vindex"
            },
            {
                  "doc_url": "https://gallica.bnf.fr/ark:/12148/bpt6k6368620w",
                  "emotions": [
                        "fear"
                  ],
                  "excerpt": ") Pendant la campagne > l ' artillerie a fait merveille .Aussi vite que nos tirailleurs , le premier coup de canon n ' attendait pas le premier coup de fusil , ( 2 ) Les Arabes ont soin d ' enterrer les morts à l ' ombre et près de quelque ruisseiu ; je présume qu ' ils doivent cette coutume à la peur des exhalaisons pestilentielles , qu ' occasionnerait la clia \" , tqf main .La chaleur ( 45 degrés centigrade ) ( i ) était fa ' taie à plusieurs , quelques - uns en mouraient .",
                  "id": "14",
                  "title": "Notice sur la campagne d'Alger ; par un officier démissionnaire de cette armée"
            },
            {
                  "doc_url": "https://gallica.bnf.fr/ark:/12148/bpt6k58235056",
                  "emotions": [
                        "disgust",
                        "fear"
                  ],
                  "excerpt": "Le feu pétille et brille à travers les branchages et les roseaux mal joints du gourbi .Déjà des odeurs précurseurs , de marmite échappées , vous font frétiller le nez embaumé .Nous aurons du bon kouskoussou .",
                  "id": "15",
                  "title": "Promenades en temps de guerre chez les Kabyles, par un juge d'Alger en congé pour cause de santé [Félix Hun]"
            },
            {
                  "doc_url": "https://gallica.bnf.fr/ark:/12148/bpt6k62853g",
                  "emotions": [
                        "fear"
                  ],
                  "excerpt": "La générale battait dans les rues .L ' air était chargé de coups de fusil et d ' une odeur de poudre , les boutiques se fermaient , une voiture isolée roulait au galop , les pavés tressaillaient sous ' es pulsa - tions de la fièvre populaire .Je m ' avançai au milieu d ' un groupe – A l ' Arsenal crièrent les voix .",
                  "id": "16",
                  "title": "Roman incohérent / Charles Joliet"
            },
            {
                  "doc_url": "https://gallica.bnf.fr/ark:/12148/bpt6k57786628",
                  "emotions": [
                        "fear"
                  ],
                  "excerpt": "' Un soir , qu ' assis auprès de sa fenêtre ; il respirait l ' air de .la montagne , embaumé parle parfum des lâuriers - roses qui ' entouraient son chalet , il aperçut de loin sa fille sortir rapidement de leur enclos , comme si elle cherchait à ne point être vue ., .",
                  "id": "17",
                  "title": "Musée universel : revue illustrée hebdomadaire"
            },
            {
                  "doc_url": "https://gallica.bnf.fr/ark:/12148/bpt6k858888",
                  "emotions": [
                        "surprise",
                        "fear",
                        "annoyance",
                        "doubt",
                        "nervousness",
                        "embarrassment"
                  ],
                  "excerpt": "Oh ! elle est insatiable Ce qu ' elle m ' a déjà démoli de clients Ça ne vous contrarie pas , au moins , ce que je vous dis là , inon cher ? On ne l ' appelle pas pour rien l ' Araignée rouge .Je patauge peut - être un peu dans vos plates - bandes en vous racontant tout cela ! – Moi , pas du tout Elle me fait un peu peur , > la belle comtesse et puis cette odeur d ' éther et de fièvre Ethéromane , parbleu et tuberculeuse avec cela .6 .",
                  "id": "18",
                  "title": "Fards et poisons / Jean Lorrain"
            },
            {
                  "doc_url": "https://gallica.bnf.fr/ark:/12148/bpt6k3044327m",
                  "emotions": [
                        "fear",
                        "pain"
                  ],
                  "excerpt": "germ .BRENTZELN , sentir le brûlé .Rad .",
                  "id": "19",
                  "title": "Dictionnaire étymologique de la langue allemande, sur le plan de celui de M. Kluge et d'après les principes nouveaux de la méthode évolutionniste / par Paul Regnaud,..."
            },
            {
                  "doc_url": "https://gallica.bnf.fr/ark:/12148/bpt6k206565j",
                  "emotions": [
                        "disgust",
                        "fear"
                  ],
                  "excerpt": "Les noirs ont moins de force .L ' odeur de leurs plumes brûlées fait fuir les reptiles .Muni d ' un cœur de vautour , on peut braver les rencontres des Serpents et de plus le courroux des bêtes féroces , des brigands et des princes .",
                  "id": "20",
                  "title": "L'homme et les animaux. , Les reptiles et les batraciens / A. E. Brehm ; éd. française par E. Sauvage,..."
            }
      ]
}