{
      "articles": [
            {
                  "doc_url": "https://gallica.bnf.fr/ark:/12148/bpt6k58391761",
                  "emotions": [
                        "fear"
                  ],
                  "excerpt": "SOUFRE ( Fabrication de fleur de ) .— • Grand danger du feu et odeur désagréable .— lre classe .",
                  "id": "1",
                  "title": "Législation appliquée des établissements industriels... traité complet d'après le dernier état des lois, de la doctrine et de la jurisprudence... par Auguste Bourguignat,.... Tome 1"
            },
            {
                  "doc_url": "https://gallica.bnf.fr/ark:/12148/bpt6k3079873z",
                  "emotions": [
                        "fear"
                  ],
                  "excerpt": ", , L ’ usage des odeurs spiritueuses , des applications âcres , des frictions fortes , n ’ est , , pas moins inutile ; l ’ action des nerfs sen - , , tans est absolument nulle \" , ' ainsi toutes les , , tentatives n ’ opèrent rien du tout ; Celse , , l ’ avoit déjà vû .Les parfums fétides sont , , dangereux ; Cælius Aurélianùs en a déjà , , averti .On les avoit introduit dans l ’ espé - , , rance de faire éternuer , ce qu ’ on regar - r , doit comme très - avantageux , parce qu ’ on , , croyoit que l ’ épilepsie étoit l ’ effet d ’ une „ secousse que le cerveau se donnoit pour se , , débarrasser des mauvaises humeurs qui , , l ’ irritoient ; mais , sans parler de la fausseté , , de cette idée , l ’ éternuement seroit très - dan - „ géreux , comme le même Cælius Aurelia - , , nus l ’ avoit déjà dit ( 1 ) .",
                  "id": "2",
                  "title": "De l'épilepsie en général, et particulièrement de celle déterminée par des causes morales , par J.-L. Doussin-Dubreuil,.."
            },
            {
                  "doc_url": "https://gallica.bnf.fr/ark:/12148/bpt6k241356j",
                  "emotions": [
                        "fear"
                  ],
                  "excerpt": "Suivant eux , lorsqu ' il doit se manifester , l ' air se trouble et le soleil rougit , quoique le temps soit calme et le sommet des montagnes très - clair .On entend alors , sous terre et dans les citernes , un bruit semblable à celui d ' un vent qui serait renfermé ; le disque des étoiles est obscurci par une sorte de vapeur ; le ciel se montre , dans la partie nord - ouest , d ' un sombre menaçant , et la mer , en se soulevant , répand une odeur forte .Les désastres causés par un ouragan sont connus de tout le monde les édifices , les arbres les plus enracinés disparaissent sous son étreinte , et la contrée la plus prospère offre , après son passage , l ' aspect de la désolation et de l ' aridité .",
                  "id": "3",
                  "title": "Dictionnaire des merveilles et curiosités de la nature et de l'art... / par M. A. de Chesnel ; publié par M. l'abbé Migne,..."
            },
            {
                  "doc_url": "https://gallica.bnf.fr/ark:/12148/bpt6k12804393",
                  "emotions": [
                        "fear"
                  ],
                  "excerpt": [
                        "m .Arbrecjue Matthiole a connu pour èftrè fort dangereux au beftail , 8c d ’ üne puante odeur * ce qui le perfuade que c ’ eft la plante que Theophrafte nomme Fvonymux , êc donc il parle en ces termes .L ’ Evonymus eft de la grandeur du Grenadier , ayant fa feüille femblable , 8c molle comme celle de cet arbre , 8c un peu plus grande que la feüille du Laureole malle .",
                        "Herbe du Brefil , dont le tuyau eft haut d ’ une demi - coudée , 5c la racine de melme longueur .Elle produit tout au plus quatre ou cinq feuilles d ’ une fort mauvaife odeur .Sa racine eftant pilée 5c laiftée une nuit dans l ’ eau au ferein , purge admirablement un malade après qu ’ on la pallée par le tamis ."
                  ],
                  "id": "4",
                  "title": "Le grand Dictionnaire de l'Académie française... (2e édition...)"
            },
            {
                  "doc_url": "https://gallica.bnf.fr/ark:/12148/bpt6k6566298b",
                  "emotions": [
                        "fear"
                  ],
                  "excerpt": "A peine eut - il achevé qu ' un violent coup de tonnerre éclata sur la maison .Un rapide sillon de feu traversa la chambre , laissant derrière lui une forte odeur de soufre .Au même instant , la maison s ' abîma , et il ne resta plus à sa place qu ' un monceau de cendres .",
                  "id": "5",
                  "title": "Les soirées de Saint-Germain / par Auguste de Lacroix"
            },
            {
                  "doc_url": "https://gallica.bnf.fr/ark:/12148/bpt6k6488433m",
                  "emotions": [
                        "fear"
                  ],
                  "excerpt": "Eh bien , au contraire , étudiez - le , vous prendrez une bonne leçon .Il accompagne une demoiselle de louage qui pue des odeurs communes ; il a des hoquets menaçants ; soudainement un jurement paraît monter d ' un égout ; ce n ' est que de son gosier .Vous n ' êtes pas facile à démonter , car vous connaissez déjà les souillures patriciennes ; pourtant vos ébahissements se renouvellent encore .",
                  "id": "6",
                  "title": "Mademoiselle Baukanart / George Japy"
            },
            {
                  "doc_url": "https://gallica.bnf.fr/ark:/12148/bpt6k57727138",
                  "emotions": [
                        "anger",
                        "fear",
                        "despair",
                        "pain"
                  ],
                  "excerpt": "Loin de réparer les forces qui lui manquent , le sommeil lui refuse son secours bienfaisant et fuit sa paupière appesantie .Sa voix même se ressent de cette faiblesse , elle est grêle et cassée ; l ' air qu ' il a respiré , les excréments qu ' il chasse sont fétides , et annoncent sa destruction prochaine ^ 9 l3o DE LA PHTHISIE PULMONAIRE .Son pouls devient plus petit , plus fréquent ; sa poitrine se couvre d ' une sueur gluante ; ses poumons détruits en partie , s ' embarrassent de plus en plus , ils ne peuvent plus exercer leurs fonctions , et c ' est dans cet , état que la mort s ' empare du malheureux phthisique , après qu ' il a passé par tous les degrés de 1 épuisement .",
                  "id": "7",
                  "title": "Recherches pratiques sur la phthisie pulmonaire : 1°réfutation de son incurabilité trop généralement admise ; observations de phtisies guéries ; 2°dangers et abus de la méthode débilitante dans le traitement de cette maladie, par Dardonville,..."
            },
            {
                  "doc_url": "https://gallica.bnf.fr/ark:/12148/bpt6k9618654n",
                  "emotions": [
                        "fear",
                        "disapproval"
                  ],
                  "excerpt": "» III Quand les gitons royaux , que Gomorrhe consume , N ' ont à craindre de la Cabale des Dévots Que sourires pincés et Lœtificat vos ! Il ne faut pas moins d ' un bucher contre une plume .On m ' extrait des prisons , puante fosse .Au porche De Notre - Dame on me conduit en tombereau .",
                  "id": "8",
                  "title": "Le Bourdeau des neuf pucelles / par Charles Théophile Féret"
            },
            {
                  "doc_url": "https://gallica.bnf.fr/ark:/12148/bpt6k3079873z",
                  "emotions": [
                        "fear",
                        "nervousness"
                  ],
                  "excerpt": "9 ceux dont l ’ épilepsie provient de causes morales .J ’ ai donné il y a quelque tems mes conseils à un jeune homme dont l ’ épilepsie avoit pour cause de violens chagrins ; cette odeur se faisoit si fortement sentir le matin dans sa chambre , qu ’ il étoit impossible d ’ y rester un peu de tems , les croisées fermées , sans éprouver quelque douleur à gorge .La tête exécute aus - si les mouvemens les plus extraordinaires ; on conçoit meme avec peine comment ils ne produisent pas les plus grands accidens ; quelquefois c ’ est une rotation continuelle ; d ’ autres fois elle est portée alternativement en avant et en arrière , avec une force à laquelle rien ne peut résister : dans un autre moment elle est fixée dans Tune ou l ’ autre de ces attitudes , c ’ est - à - dire le menton sur la poitrine , ou la tête absolument renversée en arrière ou sur le côté ( 1 ) .",
                  "id": "9",
                  "title": "De l'épilepsie en général, et particulièrement de celle déterminée par des causes morales , par J.-L. Doussin-Dubreuil,.."
            },
            {
                  "doc_url": "https://gallica.bnf.fr/ark:/12148/bpt6k58391761",
                  "emotions": [
                        "joy",
                        "fear"
                  ],
                  "excerpt": "convertir en minium .— Exhalaisons dangereuses .— l , e classe .",
                  "id": "10",
                  "title": "Législation appliquée des établissements industriels... traité complet d'après le dernier état des lois, de la doctrine et de la jurisprudence... par Auguste Bourguignat,.... Tome 1"
            },
            {
                  "doc_url": "https://gallica.bnf.fr/ark:/12148/bpt6k64801563",
                  "emotions": [
                        "surprise",
                        "disgust",
                        "fear",
                        "nervousness"
                  ],
                  "excerpt": "La queue de ce météore était sept fois aussi longue que le noyau ; il vomissoit des flammes et de la fumée par quatre ouvertures .Il fit explosion avec un bruit effra - yant , en répandant une forte odeur de soufre .Son élévation fut estimée de 16 à 20 , 000 pas , et son diamètre de 356o pieds .",
                  "id": "11",
                  "title": "Réflexions sur l'origine de diverses masses de fer natif, et notamment de celle trouvée par Pallas en Sibérie . Traduites de l'allemand de M. Chladni, par Eugène Coquebert..."
            },
            {
                  "doc_url": "https://gallica.bnf.fr/ark:/12148/bpt6k5539622g",
                  "emotions": [
                        "surprise",
                        "fear",
                        "nervousness"
                  ],
                  "excerpt": "Mai , le doux mois des fleurs , des molles harmonies , Secouait sur les bois ses douces mélodies Que répète l ' oiseau chanteur .L ' air était embaumé de voluptés étranges ; On entendait frémir , comme le vol des anges , Deux soupirs nés au même ' coeur .Tout présageait alors ces .",
                  "id": "12",
                  "title": "L'Inondation, poëme, par Fabius Boital"
            },
            {
                  "doc_url": "https://gallica.bnf.fr/ark:/12148/bpt6k3044339t",
                  "emotions": [
                        "disgust",
                        "fear"
                  ],
                  "excerpt": "Ces Ser - « F 1 t « F nu t ; au Ét À * il ( li k f ( 4 4 4 U ' Ol ’ HIDIESS SEKPENS .IQI ii pens n ’ avertissent pas seulement par le bruit j qu ’ ils font de leur redoutable approche ; leur “ i odeur fétide , qui se sent d ’ assez loin , les trahit i aussi : cette odeur devient horrible et insup - « portable peu d ’ instans après la mort de l ’ ani - îmal .Ils s ’ engourdissent en hiver aux Etats - § Unis ; mais ils conservent toute l ’ année leur J agilité sous la ligne dans les Guyanes .",
                  "id": "13",
                  "title": "Résumé d'erpétologie, ou d'histoire naturelle des reptiles ... par M. le colonel Bory de St-Vincent,..."
            },
            {
                  "doc_url": "https://gallica.bnf.fr/ark:/12148/bpt6k3077864c",
                  "emotions": [
                        "fear"
                  ],
                  "excerpt": "2g dinaire , les fleurs sont néanmoins beaucoup plus petites .Les exhalaisons qui sortent de cet arbre , surtout dans l ’ été , sont extrêmement dangereuses .Le moindre mal qu ’ elles causent aux personnes qui se reposent imprudemment sous son ombrage , ce sont des enflures très douloureuses , et plus d ’ une fois des pustules dégoûtantes .",
                  "id": "14",
                  "title": "Merveilles de la nature et de l'art dans les cinq parties du monde, ou Description des objets les plus curieux, tant sous le rapport de l'histoire naturelle, comme grottes, cascades, sources, montagnes. Amérique. Tome 1 / ... Par M. de Marlès..."
            },
            {
                  "doc_url": "https://gallica.bnf.fr/ark:/12148/bpt6k58391761",
                  "emotions": [
                        "fear"
                  ],
                  "excerpt": "RÉSINEUSES ( Travail en grand de toutes les matières ) , soit pour la fonte et l ' épuration de ces matières , soit pour en extraire la térébenthine .— Mauvaise odeur et danger du feu .— lre classe .",
                  "id": "15",
                  "title": "Législation appliquée des établissements industriels... traité complet d'après le dernier état des lois, de la doctrine et de la jurisprudence... par Auguste Bourguignat,.... Tome 1"
            },
            {
                  "doc_url": "https://gallica.bnf.fr/ark:/12148/bpt6k58391761",
                  "emotions": [
                        "fear"
                  ],
                  "excerpt": "SOUFRE ( Distillation du ) .— Grand danger du feu et odeur désagréable .— lrc classe .",
                  "id": "16",
                  "title": "Législation appliquée des établissements industriels... traité complet d'après le dernier état des lois, de la doctrine et de la jurisprudence... par Auguste Bourguignat,.... Tome 1"
            },
            {
                  "doc_url": "https://gallica.bnf.fr/ark:/12148/bpt6k12804393",
                  "emotions": [
                        "disgust",
                        "fear",
                        "disapproval"
                  ],
                  "excerpt": [
                        "Atbrifleau qui jette de grands farments , puants , pliables comme l ’ ofier , & fort difficiles à rompre .Sa feuille eft fembJable à celle du lierre , mais plus molle , plus pointue au bout , & ayant une odeur falcheulè & pefante .Il fort un jus jaune dé cette feuille .",
                        "L ’ Indigo qui nage entre deux eaux eft moins bon , Si celuy qui va au fond ne vaut rien .Cette plante exhale une odeur fi defagreable Si fi mauvai - fe , qu ’ on dit qu ’ elle a fait mourir des François & des Negres avant qu ’ ils y fuflent accouftumez .L ’ Indigo qui ( e fabrique dans les Indes Occidentales de la maniéré que l ’ on vient de [ ‘ expliquer , eft appelle Inde - platte ."
                  ],
                  "id": "17",
                  "title": "Le grand Dictionnaire de l'Académie française... (2e édition...)"
            },
            {
                  "doc_url": "https://gallica.bnf.fr/ark:/12148/bpt6k5849393h",
                  "emotions": [
                        "disgust",
                        "fear",
                        "embarrassment"
                  ],
                  "excerpt": "Ce lieu était le rendez - vous de tous les ramoneurs de la contrée et des maîtres : c ' est ainsi qu ' ils désignent celui qui les con duit et qui leur apprend leur état .Lorsqu ' ils entrèrent dans une salle basse , un feu de suie brûlait , dans l ' âtre et remplissait la pièce d ' une fumée épaisse et noire ; trois cents peaux de lapins y répandaient une odeur suffocante ; Claude recula involontairement ; pourtant au premier regard qu ' il jeta , sur la société , il reconnut Jérôme et cinq jeunes enfants , ses voisins et ses camarades .« C ' est Claude ! c ' est Claude ! » s ' écrièrent - ils tous ensemble , et .",
                  "id": "18",
                  "title": "Soirées en famille : lectures pour la jeunesse / par Mme Louise Leneveux..."
            },
            {
                  "doc_url": "https://gallica.bnf.fr/ark:/12148/bpt6k65760807",
                  "emotions": [
                        "fear",
                        "nervousness"
                  ],
                  "excerpt": "On a pensé que ce pouvait bien être une variété du D .his - panicus ; il se fait remarquer par ses fleurs demi - doubles , rose - vif , à odeur suave , s ' élevant en nombre au - dessus de fortes touffes de feuilles d ' un vert glauque .Il fleurit jusqu ' à l ' automne .",
                  "id": "19",
                  "title": "Annales de la Société d'horticulture de la Haute-Garonne"
            },
            {
                  "doc_url": "https://gallica.bnf.fr/ark:/12148/bpt6k58391761",
                  "emotions": [
                        "fear"
                  ],
                  "excerpt": "SOUFRE ( Fusion du ) , pour le couler en canons , et épuration de cette même matière par fusion ou décantation .— Grand danger du feu et odeur désagréable .— 2e classe .",
                  "id": "20",
                  "title": "Législation appliquée des établissements industriels... traité complet d'après le dernier état des lois, de la doctrine et de la jurisprudence... par Auguste Bourguignat,.... Tome 1"
            }
      ]
}