{
      "articles": [
            {
                  "doc_url": "https://gallica.bnf.fr/ark:/12148/bpt6k5840174p",
                  "emotions": [
                        "fear"
                  ],
                  "excerpt": "DIXIÈME LEÇON CHLORE Masse moléculaire Cl * , avec masse atomique Cl = 35 , 5 .C ' est un gaz jaune verddtre , d ' où son nom ; a odeur forto caractéristique , dangereux à respirer , attaquant l ' épidermo qu ' il colore en jaune ; ayant une grande densité a , 4865 , qui permettra do le recueillir par déplacement ; cette densité diminue à très haute température et n ' est plus que 2 , 02 a i4oo ° .Le gaz chlore est facile à liquéfier , soit par simple refroidissement h — 35 ° , soit par simple compression h 4 * \" \" ' comme on lo fait industriellement en utilisant des pompes à piston d ' acide sulfurinue chauffé .",
                  "id": "1",
                  "title": "Leçons de chimie pour la classe de mathématiques spéciales : rédigées à l'usage des candidats à l'École polytechnique et à l'École normale supérieure, pouvant être utiles aussi aux candidats à l'École centrale et aux écoles préparatoires à l'École des mines et à l'École des ponts et chaussées / par F.-E. Adam,..."
            },
            {
                  "doc_url": "https://gallica.bnf.fr/ark:/12148/bpt6k9753703g",
                  "emotions": [
                        "fear",
                        "pain"
                  ],
                  "excerpt": "vçit eine , ce sera en quelque fa » stçon la fomenter & luy faire acquérir d ' autres degrez de malignité pour engendrer des maladies mortelles ; on renvoyera aux Parotides & aux ' .Bubons des fiévres pestilentielles , rI qui à 1 \" insiar des abcez de la petite i Verole , guerissent le malade par leur suppuration & qui donneraient la mort , si on ne les empêchoit de venir ; de même aussi dira - t - on , si on empêchoit la petite Verole de paroître , elle deviendra elle - même la cause funeste des maladies dan - gereuses .f Si ceux qui ont étez une fois en leur vie bien attaquez de la petite r [ Verole étoient exempts pour toû * jours des atteintes des autres maladies j on auroit raison d ' attendre son arrivé avec quelque espèce de tranquilité .",
                  "id": "2",
                  "title": "Nouveau traité de la petite vérole, avec les moïens necessaires & faciles pour aller audevant de cette maladie, & l'empêcher de paroître pendant la vie . Par Mr Wagret,..."
            },
            {
                  "doc_url": "https://gallica.bnf.fr/ark:/12148/bpt6k872000v",
                  "emotions": [
                        "disgust",
                        "fear",
                        "disapproval",
                        "despair"
                  ],
                  "excerpt": "Voici la conclusion de tout le réquisitoire ; BufFon s ' est fait l ’ accusateur du loup , comme il s ' était fait celui du chat ; mais cette fois il a cause gagnée , et personne ne le contredira .la voix effrayante , l ’ odeur insupportable , le naturel pervers , les mœurs féroces , le loup est odieux , nuisible de son vivant , inutile après sa mort .lie renard .",
                  "id": "3",
                  "title": "Morceaux choisis / Buffon ; choix nouveau, précédé d'une introduction et accompagné de notes littéraires et scientifiques par J. Labbé,..."
            },
            {
                  "doc_url": "https://gallica.bnf.fr/ark:/12148/bpt6k58310944",
                  "emotions": [
                        "fear",
                        "nervousness"
                  ],
                  "excerpt": "Haute d ' un mètre ; tige blanchâtre parcourue par des cannelures rougeâtres , feuilles pinnatifides , vertes en dessus , blanches et cotonneuses en dessous .Fleurs petites en panicules terminales ; odeur aromatique , saveur amère .On emploie les feuilles et les racines .",
                  "id": "4",
                  "title": "L'Officine, ou Répertoire général de pharmacie pratique... / par Dorvault,..."
            },
            {
                  "doc_url": "https://gallica.bnf.fr/ark:/12148/bpt6k80265r",
                  "emotions": [
                        "surprise",
                        "fear",
                        "optimism",
                        "excitement",
                        "faith"
                  ],
                  "excerpt": "1 » s .iDt - Preuü vit bientôt son regard appesanti s ' allumer t ' me flamme soudaine , des effluves célestes , inattendues , ~ b ~ % n4ient son front .~ .",
                  "id": "5",
                  "title": "Les mystères de l'île Saint-Louis : chroniques de l'hôtel Pimodan. [2] / Roger de Beauvoir"
            },
            {
                  "doc_url": "https://gallica.bnf.fr/ark:/12148/bpt6k5460798r",
                  "emotions": [
                        "surprise",
                        "fear",
                        "desire",
                        "nervousness",
                        "despair",
                        "faith",
                        "frustration"
                  ],
                  "excerpt": "( * 7 ) .Par une onde céleste ardemment espérée , En vain des feux du jour la force est tempérée : ( l < y Horriblement féconds , ces torrens pluvieux Rendent l ' air plus fétide et plus contagieux , La ville est sans espoir ; l ' effroi seul la gouverne , Et telle est l ' atmosphère en ce nouvel Averne , Que , surpris dans leur vol par son exhalaison , Les oiseaux sont atteints d ' un rapide poison .( ' 7 ^ Dans l ' arène homicide à tant de maux ouverte , Où toute une cité s ' achemine à sa perte , Où , contre mille écueils il n ' est point un succès , Grands dieux ! qu ' ai - je aperçu ? quoi ! le sang d ' un Français ! Mazet ! Mazet succombe .",
                  "id": "6",
                  "title": "Le Dévouement des médecins français et des soeurs de Sainte-Camille, dans la peste de Barcelone, poëme envoyé au concours de l'Académie française, par Bronner aîné"
            },
            {
                  "doc_url": "https://gallica.bnf.fr/ark:/12148/bpt6k2393727k",
                  "emotions": [
                        "fear",
                        "nervousness"
                  ],
                  "excerpt": ".je tremble qu ’ elle ne soit ni calme , ni parfumée ! Au nom de la pensée libre , et des droits de la conscience humaine , supprimons la croix centrale du cimetière ; mais au nom des mêmes droits ne la remplaçons pas par un autre symbole .Aug .",
                  "id": "7",
                  "title": "Le Phare : organe d'Asnières et de la ligne Ouest-Nord"
            },
            {
                  "doc_url": "https://gallica.bnf.fr/ark:/12148/bpt6k5406135c",
                  "emotions": [
                        "disgust",
                        "fear",
                        "nervousness"
                  ],
                  "excerpt": "■ Dans le .; noma , l ' haleine revêt la senteur , affreusement gangreneuse , de la sanie brunâtre qui s ' écoule de la bouche .■ Dans l ' angine gutturale inflammatoire , l ' odeur infecte de , l ' haleine peut se rattacher autant à la phlegmasie locale qu ' à l ' embarras gastrique ; toujours concomittant .",
                  "id": "8",
                  "title": "Essai sur les odeurs du corps humain dans l'état de santé et dans l'état de maladie (2e édition) / par Ernest Monin,..."
            },
            {
                  "doc_url": "https://gallica.bnf.fr/ark:/12148/bpt6k5445853h",
                  "emotions": [
                        "fear"
                  ],
                  "excerpt": "Puis , lorsqu ' une voix , dominant le tumulte , eut jeté un appel aux armes , la foule curieuse se dispersa , L ' unique pensée qui talonnait tous ces hommes , la pensée soudaine qui avait traversé tous les esprits comme un éclair , c ' était d ' empoigner la première chose venue pour frapper .Sous la grande clarté fauve du crépuscule , parmi les senteurs électriques qui émanaient de la campagne angoissée , une sorte de fatalité homicide pesait sur toutes les consciences .IV Et la phalange armée de faux , de serpes , de haches , de pioches , de fusils , se rassembla sur la place , devant l ' église .",
                  "id": "9",
                  "title": "Episcopo et Cie [et autres nouvelles] / Gabriele d'Annunzio ; traduit de l'italien par G. Hérelle,..."
            },
            {
                  "doc_url": "https://gallica.bnf.fr/ark:/12148/bpt6k65746813",
                  "emotions": [
                        "fear",
                        "nervousness"
                  ],
                  "excerpt": "C ' est l ' heure charmante du rêve Où tout chante à la fois : Le cœur , la brise qui s ' élève Du fond des bois .Les tressaillements des ramures , Des grands monts le souffle odorant Mêlent leurs caressants murmures Au bruit farouche du torrent .La fleur frémit , l ' oiseau frissonne ; Gomme une voix des cieux , Au beffroi voisin , l ' airain sonne , Mystérieux .",
                  "id": "10",
                  "title": "En Tarentaise, chants et poèmes, par Ferdinand Chenu. 2e édition..."
            },
            {
                  "doc_url": "https://gallica.bnf.fr/ark:/12148/bpt6k6112233d",
                  "emotions": [
                        "grief",
                        "sadness",
                        "fear",
                        "desire",
                        "nostalgia",
                        "nervousness"
                  ],
                  "excerpt": "Ah ! pauvre enfant , pourquoi sollicitant ses yeux , La main sur son épaule , aux bois silencieux T ' égares - tu seule auprès d ' elle ? L ' un après l ' autre usés tu délaisses les jeux ; Une brume s ' élève en ton oeil orageux .Ï D ' UNE REINE D ' ASIE 181 Buvant tes pleurs , la belle esclave Avidement aspire avec un tendre effroi Les arômes subtils qu ' épanche autour de toi Ce dépérissement suave .Tu revois à tes pieds ce spectre , ce héros , De ton rêve exilé par tes sages bourreaux .",
                  "id": "11",
                  "title": "La flûte de Pan / André Lefèvre"
            },
            {
                  "doc_url": "https://gallica.bnf.fr/ark:/12148/bpt6k5696076x",
                  "emotions": [
                        "fear",
                        "nervousness",
                        "pain"
                  ],
                  "excerpt": "— Coliques des peintres La colique de plomb est un empoisonnement lent que contractent les personnes qui travaillent les matières plombiques , commo les fabricants do céruso et do couleurs , les peintres , le3 fondeurs en plomb , etc .Il y a de ta pâleur , un grand affaiblissement , du dépérissement , une lointo jauno do ta peau , un liséré bleuâtre autour des goncives , une haleino fétide ; coliques , souvent nausées et vomissements , constipation , urines rares .Puis , surviennnent des douleurs articulaires , des convulsions , des paralysies avec perte do sensibilité .",
                  "id": "12",
                  "title": "Le nouveau médecin de famille : description raisonnée des maladies, avec les moyens de les guérir, suivi d'un formulaire indiquant la composition des médicaments / par le Dr J. Pelletan,..."
            },
            {
                  "doc_url": "https://gallica.bnf.fr/ark:/12148/bpt6k9685375s",
                  "emotions": [
                        "surprise",
                        "fear",
                        "doubt",
                        "nervousness",
                        "embarrassment"
                  ],
                  "excerpt": "Ils arrivèrent à Notre - Dame , transportés en cette communion idéale .Près de l ' autel , enivré par l ' odeur nuptiale de l ' encens , André saisit la main de Blanche et lui dit avec immense espoir : — Demeurez avec moi , toujours ! Mme Hamelin tressaillit , et , la gorge serrée , les lèvres pâles et tremblantes , elle répondit : — Cela est impossible .Je vous supplie de ne pas me répéter cette offre cruelle .",
                  "id": "13",
                  "title": "André Marsy / Émile Hinzelin"
            },
            {
                  "doc_url": "https://gallica.bnf.fr/ark:/12148/bpt6k5696076x",
                  "emotions": [
                        "disgust",
                        "fear",
                        "pain",
                        "embarrassment"
                  ],
                  "excerpt": "La maladio entre alors comme dans uuo seconde période caractérisée par un épaississement plus considérable encoro du tissu pulmonaire quo l ' on peut comparer à coltii du foio ( hôpatisalion ) } le * souffle persiste , la prostration devient plus grande , lo pouls baisse , la languo sècho et noircit , les crachats prennent l ' aspect du jus do réglise Puis , le soufllo pulmonaire disparaît , remplacé par un râle muqueux à grosses bulles , ou un gargouillement , indiquant la formation , dans le poumon , d ' excavations pleines do pus dans lesquelles l ' air barbolto .La respiration est do plus en plus gênée , l ' haleine prend uno odeur fétide , tes crachats deviennent souvent verdâlres , lo matado s ' affaiblit , son intelligence s ' obscurcit , la circulation s ' embarrasse , et la mort arrive dans lo marasme .Quand la maladio doit so bien terminer , au bruit do souffle qui cesse , succède lo râle crépitant qui revient ( râle crépitant do retour ) ; c ' est - à - dire quo l ' air rentre dans to poumon , et les symptômes généraux s ' amendent rapidement : la fièvre cesso et la rcs * piralion revient successivement dans les parties hêpatisôes en même temps quo la malitô disparaît .",
                  "id": "14",
                  "title": "Le nouveau médecin de famille : description raisonnée des maladies, avec les moyens de les guérir, suivi d'un formulaire indiquant la composition des médicaments / par le Dr J. Pelletan,..."
            },
            {
                  "doc_url": "https://gallica.bnf.fr/ark:/12148/bpt6k65418188",
                  "emotions": [
                        "fear"
                  ],
                  "excerpt": "Le village était conquis .Des maisons , crevées par les obus , écrasées par les bombes , une fumée épaisse montait , mêlant les horreurs de l ' incendie aux âcres senteurs de la poudre .Le clocher , percé à jour , montrait des trous de cinquante centimètres ; certaines constructions ne tenaient plus que par un miracle d ' équilibre .",
                  "id": "15",
                  "title": "Madame Lambelle / Gustave Toudouze"
            },
            {
                  "doc_url": "https://gallica.bnf.fr/ark:/12148/bpt6k68818d",
                  "emotions": [
                        "fear",
                        "nostalgia"
                  ],
                  "excerpt": "II pouvait être huit heures du matin , et , dans la traîcheur embaumée de l ' automne commençante , j ' entendais au loin les cloches des paroisses tinter pour la messe , tandis que dans les genévriers de la lande des grives chantaient .En même temps un air chargé de senteurs salines , m ' arrivant par - dessus les talus , me disait que la mer était proche et me ragaillardissait .J ' étais en train de franchir un échalier , quand des pas résonnèrent derrière moi , et je fus rejoint par un promeneur matineux qui paraissait âgé d ' une trentaine d ' années .",
                  "id": "16",
                  "title": "Les oeillets de Kerlaz ; Méline ; Le vin de mai ; Musiciens tsiganes ; Le fossoyeur ; Dorothée ; La flouve odorante, etc. / André Theuriet"
            },
            {
                  "doc_url": "https://gallica.bnf.fr/ark:/12148/bpt6k5762365b",
                  "emotions": [
                        "disgust",
                        "fear",
                        "pain"
                  ],
                  "excerpt": "Adv .Sentir mauvais , exhaler une mauvaise odeur .ANT .",
                  "id": "17",
                  "title": "Petit Larousse illustré, nouveau dictionnaire encyclopédique (185e édition) / publié sous la direction de Claude Augé"
            },
            {
                  "doc_url": "https://gallica.bnf.fr/ark:/12148/bpt6k9685375s",
                  "emotions": [
                        "surprise",
                        "disgust",
                        "fear",
                        "embarrassment"
                  ],
                  "excerpt": "Avec un sourire , Mme Famières interrogea Georges , et le duo recommença .Mais cette odeur , cette poussière , ce fantôme de palmier , cette pendule morte , cet abandon leur faisaient honte , horreur .et pitié .",
                  "id": "18",
                  "title": "André Marsy / Émile Hinzelin"
            },
            {
                  "doc_url": "https://gallica.bnf.fr/ark:/12148/bpt6k54642543",
                  "emotions": [
                        "fear",
                        "nervousness"
                  ],
                  "excerpt": "Je suis au fond d ' un gouffre .Un jour tremblant et presque noir , A travers une odeur de soufre , Glisse du ciel dans l ' entonnoir .Lisse , hautain , inexorable , Autour de moi monte le mur Jusqu ' à l ' ouverture adorable Où bleuit un fragment d ' azur .",
                  "id": "19",
                  "title": "La Plainte, poésies / Édouard Bodin"
            },
            {
                  "doc_url": "https://gallica.bnf.fr/ark:/12148/bpt6k5696076x",
                  "emotions": [
                        "disgust",
                        "fear"
                  ],
                  "excerpt": "Les empoisonncmenls par les acides , les alcalis , s ' accompagnent de douleurs atroces dans l ' estomac et l ' oesophago , de vomissements souvent sanguinolents , do sueurs froides , de convulsions , do soif ardente .L ' haleine exhalo souvent l ' odeur du poison .— Dans les empoisonnements par les acides , les vomissements rougissent lo papier bleu do tournesol et font effervescence sur la pierre ou le carreau .",
                  "id": "20",
                  "title": "Le nouveau médecin de famille : description raisonnée des maladies, avec les moyens de les guérir, suivi d'un formulaire indiquant la composition des médicaments / par le Dr J. Pelletan,..."
            }
      ]
}