{
      "articles": [
            {
                  "doc_url": "https://gallica.bnf.fr/ark:/12148/bpt6k64711015",
                  "emotions": [
                        "fear",
                        "annoyance",
                        "nervousness",
                        "pain"
                  ],
                  "excerpt": "Des familles entières du faubourg du Temple sont installées autour des tables ; c ' est le samedi soir ; l ' ouvrier a reçu sa paye ; il est encore vêtu de la blouse du travailleur ; ce n ' est que demain dimanche qu ' il lavera ses mains calleuses ; devant lui , un ' grog ; la buée se dégage du verre ; sur l ' eau chaude , mêlée d ' eau - de - vie , nage une tranche de citron ; les pépins se sont détachés et gisent au fond du verre à côté du sucre qui , fondant dans l ' eau chaude , remonte à la surface par petits globules , pour se replonger ensuite dans le fond .Une odeur de sueur se mêle aux émanations de l ' alcool et du tabac ; l ' atmosphère est empestée ; un enfant qui miaule aux seins desséchés d ' une brocheuse se tait tout à coup , tandis que sa mère pousse un cri ; elle a senti sur sa robe une humidité que signale une odeur âcre ; elle écarte vivement le mioche , qui achève sa besogne dans le grog de l ' ouvrier .Cette saleté fait rire le public , qui en a vu bien d ' autres .",
                  "id": "1",
                  "title": "La gloriole : mémoires d'un parisien / par Albert Wolff"
            },
            {
                  "doc_url": "https://gallica.bnf.fr/ark:/12148/bpt6k5679412r",
                  "emotions": [
                        "anger",
                        "fear",
                        "excitement",
                        "nervousness",
                        "pain"
                  ],
                  "excerpt": "On eût dit que sa figure venait de s ' éclairer en dedans , que des flammes s ' échappaient de sa chair .Et , autour d ' elle , son sang qui brûlait , ses nerfs qui se tendaient , jetaient ainsi des effluves chaudes , un air pénétrant et acre .Au premier baiser , elle se révéla courtisane .",
                  "id": "2",
                  "title": "Thérèse Raquin ; suivi du Capitaine Burle / Émile Zola ; Édition illustrée par Castelli"
            },
            {
                  "doc_url": "https://gallica.bnf.fr/ark:/12148/bpt6k6581269m",
                  "emotions": [
                        "fear"
                  ],
                  "excerpt": "femelle qui veut se faire féconder , un moyen de les rencontrer dans l ' air .Cette odeur prononcée présage la sortie des essaims .49 .",
                  "id": "3",
                  "title": "Cours pratique d'apiculture (culture des abeilles), professé au Jardin du Luxembourg, par H. Hamet,..."
            },
            {
                  "doc_url": "https://gallica.bnf.fr/ark:/12148/bpt6k56961308",
                  "emotions": [
                        "fear"
                  ],
                  "excerpt": "— Les eaux stagnantes , les vases de marais donnent naissance à des microbes qui pénétrent dans le sang et provoquent la Jlècre intermittente al les maladies paludéennes .Pondant ta * chaleurs , los plantesquiso trouvent dans ces eaux , se putréfient et dégagent des émanations fort désagréables et très dangereuses .Pour détruire les larves que les moustiques déposent dans los eaux stagnantes , il faut verser sur la surface do ces eaux une bonne couche do pétrole qui détruit ces larves et empoche leur êclosion .",
                  "id": "4",
                  "title": "La médecine végétale : traité théorique et pratique indispensable dans toutes les familles, enseignant la médecine et l'hygiène... (38e édition) / [Dr A. Narodetzki]"
            },
            {
                  "doc_url": "https://gallica.bnf.fr/ark:/12148/bpt6k1511114b",
                  "emotions": [
                        "fear",
                        "pain"
                  ],
                  "excerpt": "Ses fleurs répandent une odeur vireuse ; ses feuilles ont une saveur âcre et amère ; elles sont funestes aux bestiaux .Cet arbuste est mis au rang des poisons narcotiques âcres ; il produit la stupeur , des tremblemens , des vertiges , des douleurs d ’ entrailles , etc .Toutefois on l ’ a proposé contre les dartres et les affections arthritiques rebelles .",
                  "id": "5",
                  "title": "Phytographie médicale, ornée de figures coloriées de grandeur naturelle, où l'on expose l'histoire des poisons tirés du règne végétal et les moyens de remédier à leurs effets délétères, avec des observations sur les propriétés et les usages des plantes héroïques, par Joseph Roques,.... Tome 1"
            },
            {
                  "doc_url": "https://gallica.bnf.fr/ark:/12148/bpt6k5544608x",
                  "emotions": [
                        "disgust",
                        "fear",
                        "disapproval"
                  ],
                  "excerpt": "Acide carbonique .C ' est un gaz asphyxiant , qui fait mourir quand on le respire .2 .",
                  "id": "6",
                  "title": "Notions pratiques de sciences et d'hygiène : à l'usage des écoles primaires et des classes élémentaires des lycées et collèges (3e édition) / par O. Pavette,... ; avec la collaboration pour les notions d'hygiène de M. Guillou,... ; précédées d'une introduction de M. G. Compayré,..."
            },
            {
                  "doc_url": "https://gallica.bnf.fr/ark:/12148/bpt6k4221656k",
                  "emotions": [
                        "surprise",
                        "fear"
                  ],
                  "excerpt": "Mais il avait encore un moyen de faire parler de lui .Tout à coup , on se plaignit d ’ une odeur infecte qui s ’ échappait du troisième dessous : on crut à un chat mort , on se livra à d ’ actives recherches , et , au lieu d ’ un chat mort , on trouva un machiniste pendu .Pendu ! quelle chance .",
                  "id": "7",
                  "title": "Petits mémoires de l'Opéra / Charles de Boigne"
            },
            {
                  "doc_url": "https://gallica.bnf.fr/ark:/12148/bpt6k5700970f",
                  "emotions": [
                        "fear",
                        "desire",
                        "pain"
                  ],
                  "excerpt": "Au contact de tous ces corps plus doux que le satin , plus veloutés que la pêche , ses sens s ' échauffent , son cerveau s ' embrase , il sent l ' aiguillon de la chair qui le presse , le pique , le harcèle .Il voudrait s ' arrêter , respirer , prendre haleine ; car dans cette atmosphère chargée d ' enivrantes vapeurs , il suffoque , le sang l ' étouffe ; mais non , il faut marcher , courir , sauter , tourner et tourner encore .Cependant entre tous ces démons femelles , une jeune fille a plus particulièrement captivé son attention .",
                  "id": "8",
                  "title": "Hanina, la vierge de Constantine, roman algérien, par E. Vayssettes"
            },
            {
                  "doc_url": "https://gallica.bnf.fr/ark:/12148/bpt6k97604365",
                  "emotions": [
                        "grief",
                        "disgust",
                        "fear"
                  ],
                  "excerpt": "Il entrait dans la rue de la Harpe , comme le premier coup de six heures lui jetait un glas de mort : il crut entendre un cri de détresse , il eut un éblouissement , il se sentit mal à l ' aise ; et un tintement , dernier soupir du marteau sur la fonte , bruissait encore à son oreille , quand la porle de son ami , cédant sous le choc de ses efforts , donna passage h un épais torrent de fumée rougeâtre et chaude qui le suffoqua .Il eut devant les yeux un horrible tableau : cinq réchauds , exhalant encore de nuageuses vapeurs , entouraient la table de son ami , el Bonavel au milieu ! il était là .Sa figure , empreinte d ' une mélancolique pâleur , était calme et belle : on voyait que la mort lui était venue sans son escorte de souffrances , sans les tortures de l ' agonie .",
                  "id": "9",
                  "title": "Sous l'ombre ! : mélanges de poésies et de prose / par Adolphe Doré (de Sens)"
            },
            {
                  "doc_url": "https://gallica.bnf.fr/ark:/12148/bpt6k5679412r",
                  "emotions": [
                        "grief",
                        "fear",
                        "nervousness"
                  ],
                  "excerpt": "Le spectre de Camille venait de s ' asseoir entre les nouveaux époux , en face du feu qui flambait .Thérèse et Laurent retrouvaient la senteur froide et humide du noyé dans l ' air chaud qu ' ils respiraient ; ils se disaient qu ' un cadavre était là , près d ' eux , et ils s ' examinaient l ' un l ' autre , sans oser bouger .Alors toute la terrible histoire de leur crime se déroula au fond de leur mémoire .",
                  "id": "10",
                  "title": "Thérèse Raquin ; suivi du Capitaine Burle / Émile Zola ; Édition illustrée par Castelli"
            },
            {
                  "doc_url": "https://gallica.bnf.fr/ark:/12148/bpt6k9800493s",
                  "emotions": [
                        "fear",
                        "nostalgia",
                        "nervousness"
                  ],
                  "excerpt": "Qui ne sourit à sa tendre verdure , A ses zéphirs agitant les bouleaux ; Aux mille fleurs composant sa parure , Aux frais gazons qu ' il rend à nos coteaux ? Au mois de mai , plus suave est l ' aurore , Plus beaux les soirs au calme plein d ' appas ; Le ciel plus pur , l ' air plus vital encore , D ' un poids de feu ne nous accablent pas .Je crains l ' Été , ses effrayants orages , Trop près l ' Automne est voisiu des autans ; Mais du Printemps je chéris les ombrages , De mai surtout les lilas odorants .Parfums de mai ravissent l ' âme , D ' un cœur souffrant endorment les chagrins ; Ce mois charmant de ma lyre réclame Chants aussi doux que ses jours sont sereins .",
                  "id": "11",
                  "title": "Lettres à Julie sur la botanique et la physiologie végétale / par Mme Philippe-Lemaître,..."
            },
            {
                  "doc_url": "https://gallica.bnf.fr/ark:/12148/bpt6k5533839k",
                  "emotions": [
                        "disgust",
                        "fear",
                        "disapproval"
                  ],
                  "excerpt": "— : 209 — ; .' Parfum nauséabond de l ' égout ; dé ' la mort .Nous jouons de bonheur , pas une dalle vide ! Et de ces morts de choix dont la foule est avide .",
                  "id": "12",
                  "title": "Ma croisade, ou Les moeurs contemporaines : satires / M. Bathild Bouniol"
            },
            {
                  "doc_url": "https://gallica.bnf.fr/ark:/12148/bpt6k5813936v",
                  "emotions": [
                        "disgust",
                        "fear"
                  ],
                  "excerpt": "Ces concrétions ont leur circonférence bordée d ' un liséré ou cercle , rougeâtre ; quelques - unes se décollent et sont à demi flottantes ; elles offrent quelquefois une couleur noire ou brune , par suite d ' une exsudation ( ou épanchement léger ) de sang qui s ' est formé au - dessous d ' elles , ce qui donne à l ' haleine une .odeur fétide et cadavéreuse .Les plaques qui se détachent sont aussitôt remplacées par d ' autres , qui se reproduisent presque immédiatement .",
                  "id": "13",
                  "title": "Formulaire pathogénétique usuel, ou Guide homoeopathique pour traiter soi-même... les maladies, par J. Prost-Lacuzon,..."
            },
            {
                  "doc_url": "https://gallica.bnf.fr/ark:/12148/bpt6k1765261",
                  "emotions": [
                        "fear"
                  ],
                  "excerpt": "Eminemment carnassier , vivant uniquement de rapine , il a la hardiesse des êtres accoutumés à la lutte .Lorsqu ’ on veut le saisir , il s ’ arrête et prend une attitude menaçante ; il ouvre largement ses mandibules acérées et redresse son abdomen , à l ’ extrémité duquel font saillie deux vésicules blanches qui exhalent une odeur très - pénétrante .Sa larve , également très - carnassièrej a la tête et les anneaux thoraciques cuirassés , les pattes longues ; sa démarche et son attitude rappellent d une façon remarquable celles de l ’ adulte .",
                  "id": "14",
                  "title": "Musée entomologique illustré, histoire naturelle iconographique des insectes ; 1. Les coléoptères : organisation, moeurs, chasse, collections, classification iconographie et histoire naturelle des coléoptères d'Europe.. Tome 1 / publiée par une réunion d'entomologistes français et étrangers sous la direction de J. Rothschild"
            },
            {
                  "doc_url": "https://gallica.bnf.fr/ark:/12148/bpt6k5462201b",
                  "emotions": [
                        "fear",
                        "nervousness"
                  ],
                  "excerpt": "Elle se déchire la poitrine avec les ongles .Stigmates hystériques .— Hémianesthésie droite complète , sensibilité très obtuse avec plaques d ' anesthésie du côté gauche .",
                  "id": "15",
                  "title": "Essai sur l'état mental des hystériques / par le Dr Henri Colin,... ; préface de M. le professeur Charcot"
            },
            {
                  "doc_url": "https://gallica.bnf.fr/ark:/12148/bpt6k5447937c",
                  "emotions": [
                        "disgust",
                        "anger",
                        "fear",
                        "disapproval"
                  ],
                  "excerpt": "un liquidé sérfiux .répandant , l ' odeur , horrible des - maîièçes putréfiées , .CetterévaçuatiQn , se .",
                  "id": "16",
                  "title": "Réflexions sur la nature des varioles : observées aux ambulances de Grenelle, pendant le siège de Paris / par le Dr Victor Audhoui,..."
            },
            {
                  "doc_url": "https://gallica.bnf.fr/ark:/12148/bpt6k6268816f",
                  "emotions": [
                        "grief",
                        "disgust",
                        "fear",
                        "love",
                        "gratitude",
                        "disappointment"
                  ],
                  "excerpt": "Pour le calice de ces fleurs L ' Aurore n ' aura pas de pleurs , Les voyant pleines tout entières De ceux qu ' ont versés mes paupières .Si vers leur parfum languissant Tu penches la tête , en passant , Comme urf souffle qu ' on effarouche , Mon âme en fuira sur ta bouche .IX 1 Ta lèvre a bu le souffie à la lèvre des fleurs Lorsque tes yeux ont pris à l ' Aube la lumière .",
                  "id": "17",
                  "title": "La Renaissance littéraire et artistique"
            },
            {
                  "doc_url": "https://gallica.bnf.fr/ark:/12148/bpt6k1078556",
                  "emotions": [
                        "fear",
                        "embarrassment"
                  ],
                  "excerpt": "UMBER - ERDK terre fort légere qui s ' ennamme au feu tant fcit peu , & qui , à cet égard , eu congenere avec les s terres bitumineufes .Elle répand une odeur forte , & devient blanche après avoir été calcinée à un feu violent .On en trouve en Italie , qui cil d ' un brun clair celle de Sallerg en Suede eu : de la même couleur .",
                  "id": "18",
                  "title": "L'art d'exploiter les mines de charbon de terre. T.3 / par M. Morand,..."
            },
            {
                  "doc_url": "https://gallica.bnf.fr/ark:/12148/bpt6k5440990k",
                  "emotions": [
                        "fear",
                        "pain"
                  ],
                  "excerpt": "— , j ^ ïo3 Ils ^ jytjuzel fena qoqmaq , sentir bon , sentir mauvais .— LS / ^ ' JQJ s âqhezeu qoqar , il a l ' haleine forte .— jlsjs ç ) 0 — « IPJC ( jkactjha misk ijalhl qoqar , « l ' odeur de la discorde s ' exhale comme le musc » .",
                  "id": "19",
                  "title": "Dictionnaire turc-français : supplément aux dictionnaires publiés jusqu'à ce jour,.... Volume 2 / par A.-C. Barbier de Meynard,..."
            },
            {
                  "doc_url": "https://gallica.bnf.fr/ark:/12148/bpt6k876397n",
                  "emotions": [
                        "fear",
                        "nervousness"
                  ],
                  "excerpt": "Sortant d ’ un pays tempéré et très favorable à la santé , je n ’ avais jamais été a portée de traiter le scorbut .j ’ avoue que dans le principe je fus effrayé par les hémorragies opiniâtres et souvent excessives , par l ’ odeur infecte de 1 haleine , par la chute et laça rie des dents & c ..",
                  "id": "20",
                  "title": "Topographie médicale de l'île de Walcheren, suivie d'une exposition critique des principales maladies qui ont paru dans les hôpitaux de Middelbourg (île de Walcheren) depuis l'automne de 1811 jusqu'au milieu de l'été de 1812, par Joseph Granier,..."
            }
      ]
}