{
      "articles": [
            {
                  "doc_url": "https://gallica.bnf.fr/ark:/12148/bpt6k3078882m",
                  "emotions": [
                        "fear",
                        "pain"
                  ],
                  "excerpt": "Le jetage alors persiste ; il est épais , jaunâtre , obstrue les orifices des naseaux et rend la respiration difficile et pénible .Le flux nasal prend un aspect grisâtre , répand une mauvaise odeur , la cachexie se déclare ; la tête se tuméfie ; une diar - rhée survient , et les animaux succombent par épuisement ou par suffocation .La fièvre catharrale des ruminants se complique assez souvent de pharyngite , de laryngite , de bronchite , et chez les veaux d ’ inflammations glandulaires du cou , qui se terminent par suppuration .",
                  "id": "1",
                  "title": "Bibliothèque rurale instituée par le Gouvernement.... Partie 2"
            },
            {
                  "doc_url": "https://gallica.bnf.fr/ark:/12148/bpt6k5747767j",
                  "emotions": [
                        "sadness",
                        "fear",
                        "annoyance",
                        "boredom",
                        "disapproval",
                        "nostalgia",
                        "despair",
                        "frustration",
                        "disappointment"
                  ],
                  "excerpt": "54 LES HORIZONS BLEUS .LES MONTAGNES A HENRY DE BEA ! \" ! EU Je suis las de marcher sur le pavé des villes , Et las de respirer les malsaines odeurs : Laissez - moi m ' en aller loin , dans les profondeurs Ombreuses des - forêts : vous fuir , hommes serviles ! Car je ne puis rester parmi vous , ô captifs , Dans vos murs étouffants , dans le bruit de vos rues ; J ' ai le morne regret des races dis , ' - i rues , Je m ' en vais méditer sous les vieux pins plaintifs ! LES MONTAGNES .55 J ' ai ce besoin , d ' errer sur les hautes montagnes .",
                  "id": "2",
                  "title": "Les horizons bleus ; Lyres et épinettes ; Rêves envolés ; Les sanglots de l'âme : 1876-1880 / Georges Nardin"
            },
            {
                  "doc_url": "https://gallica.bnf.fr/ark:/12148/bpt6k5558017b",
                  "emotions": [
                        "disgust",
                        "fear",
                        "embarrassment"
                  ],
                  "excerpt": ".En entendant parler de madame Frémont , Perpétue dressa l ' oreille comme un cheval de dragon qui sent l ' odeur de la poudre .Comprenant qu ' il s ' agissait en effet de choses importantes , elle invita l ' homme d ' affaires à entrer , et s ' assit en face de lui , tout en se promettant intérieurement de déployer ses plus subtiles ressources diplomatiques dans cette entrevue .",
                  "id": "3",
                  "title": "La reine des pieuvres / Jean Bruno"
            },
            {
                  "doc_url": "https://gallica.bnf.fr/ark:/12148/bpt6k5607008x",
                  "emotions": [
                        "fear",
                        "nervousness",
                        "pain"
                  ],
                  "excerpt": "Malgré la rime , Roger n ' a pas de pipeaux ; mais sort livre est plein d ' intérêt et de détails curieux .Il sent le foin .L ' auteur est paysan dans l ' âme , rêveur et réaliste à la fois .",
                  "id": "4",
                  "title": "Almanach des rues et des bois à l'usage des poètes pour 1867... 2e année. [Publié par Charles Monselet.]"
            },
            {
                  "doc_url": "https://gallica.bnf.fr/ark:/12148/bpt6k6397272r",
                  "emotions": [
                        "fear"
                  ],
                  "excerpt": "On sait que , cette année , le choléra s ' est permis , comme la guerre , cet autre fléau , de nous inquiéter un peu .On doit craindre qu ' après être apparu , il ne revienne plus au moins ; or jamais , jamais , il n ' y an a eu un seul cas à SaintMandé I Ce pays privilégié est tellement embaumé par une senteur de poudre nationale et réjoui par les échos incessants du canon , l ' air y est tellement renouvelé par les éclats perpétuels de la mousqueterie deVincennes , toujours là comme une sentinelle infatigable , que le choléra aurait grand ' peur d ' essayer la moindre tentative .Il a donc pris son parti à l ' égard de Saint - Mandé , qui , àson proche voisinage des bois de Vincennes et à des alentours charmants , joint l ' inappréciable avantage de prodiguera ses hôtes la séourité , cette douce compagne de la vie des champs , sans laquelle il n ' y a ni bonheur ni plaisir vrais .",
                  "id": "5",
                  "title": "Le Mercure parisien : sciences, littérature, études de moeurs, théâtres, poésie, peinture, modes, bibliographie, commerce et industrie, etc. etc. etc. / [directeur-gérant : Raincelin de Sergy]"
            },
            {
                  "doc_url": "https://gallica.bnf.fr/ark:/12148/bpt6k56272426",
                  "emotions": [
                        "fear"
                  ],
                  "excerpt": ".Prends garde ! » — 34 — Et puis la même voix , cherchant dans l ' abandon Le prévaricateur que poursuit la vengeance , Lui lit tous les secrets gardés par la clémence Dans le grand livre du pardon I Maintenant , ô mon Dieu ! je comprends le mystère De ces destins divers parsemés ici - bas ; Tu fis les êtres purs pour embaumer nos pas , Pour exhaler vers toi tout l ' encens de la terre 1 ..",
                  "id": "6",
                  "title": "Madame E. Barutel, Adolphine Bonnet,... Fleurs d'été, poésies. Nouvelle édition"
            },
            {
                  "doc_url": "https://gallica.bnf.fr/ark:/12148/bpt6k6484716w",
                  "emotions": [
                        "disgust",
                        "anger",
                        "fear",
                        "annoyance",
                        "disapproval",
                        "pain",
                        "embarrassment"
                  ],
                  "excerpt": "Enfin expliquerez - vous au tribunal le fait que vous reprochez à Tourdeux ? Madame Herbulot .Il m ' a empoisonné le nez .Tourdeux .",
                  "id": "7",
                  "title": "La correctionnelle, petites causes célèbres : études de moeurs populaires au dix-neuvième siècle / accompagnées de cent dessins par Gavarni"
            },
            {
                  "doc_url": "https://gallica.bnf.fr/ark:/12148/bpt6k6484716w",
                  "emotions": [
                        "disgust",
                        "anger",
                        "fear",
                        "annoyance",
                        "disapproval",
                        "despair",
                        "indifference",
                        "embarrassment"
                  ],
                  "excerpt": "Fi , l ' horreur ! .Vous puez comme un rat mort ! M .le Président .",
                  "id": "8",
                  "title": "La correctionnelle, petites causes célèbres : études de moeurs populaires au dix-neuvième siècle / accompagnées de cent dessins par Gavarni"
            },
            {
                  "doc_url": "https://gallica.bnf.fr/ark:/12148/bpt6k5658374n",
                  "emotions": [
                        "grief",
                        "sadness",
                        "fear",
                        "nostalgia",
                        "disappointment"
                  ],
                  "excerpt": "11 me souvient du jour où ta main fraternelle M ' offrit un bel oiseau , dont jorevois encor La tôle gris de lin , à l ' ardente prunelle , Les ailes d ' émeraude et le corsage d ' or , Las ) pendant que tu fuis vers sa rive natàlo Sur ta rapide nef , que mon coeur seul atteint , Dans les brouillards glacés de notre capitale Mon oiseau lumineux aujourd ' hui s ' est éteint ! JJ £ JJ vas , sous les palmiers , entendre encor ses frères Chanter son refrain favori : Killeryl killcryl .Mon gentil marabout a fermé ses paupières ; Jamais plus n ' entendrai Ce cri : Killeryl Sans doute il eût vécu sous les immenses dômes De ses bois parfumés , ondulant encensoir i 3 LES FILLES DU HASARD .D ' où s ' élèvent au ciel tant d ' étranges arômes Sous les feux du matin » sur les brises du soir .",
                  "id": "9",
                  "title": "Les filles du hasard : chansons / par Victor Rabineau"
            },
            {
                  "doc_url": "https://gallica.bnf.fr/ark:/12148/bpt6k945697s",
                  "emotions": [
                        "sadness",
                        "fear",
                        "desire",
                        "nostalgia",
                        "courage",
                        "nervousness",
                        "faith",
                        "disappointment"
                  ],
                  "excerpt": "Ouvrant la lettre , avec une voix subitement calmée .Tiens , des vers ! Duchesse , quand vient le jour , Je vais , dans le grand bois sourd , Dire aux oiseaux ma détresse ; Je songe , quand vous dormez , A votre front parfumé Ombré d ’ une lourde tresse .Madame , au soleil couchant , Quand , dans les blondeurs d ' un champ , L ’ astre - roi semble descendre , Alors chante le bouvreuil , Et moi je contemple , en deuil , Mes espoirs réduits en cendre .",
                  "id": "10",
                  "title": "Feuillets parisiens : poésies / Nina de Villars ; avec un portrait à l'eau-forte par Guérard"
            },
            {
                  "doc_url": "https://gallica.bnf.fr/ark:/12148/bpt6k888756x",
                  "emotions": [
                        "disgust",
                        "fear",
                        "pain",
                        "embarrassment"
                  ],
                  "excerpt": ") SARA Seigneur , délivre - nous du mal ! ASMODÉE Vrai , je ne suis pas à mon aise .La chambre est comme une fournaise , Et cette odeur me prend à la gorge .Bonsoir ! Va , pauvre démon , va t ’ asseoir .",
                  "id": "11",
                  "title": "Trois mystères : Tobie, Noël, sainte Cécile / Maurice Bouchor"
            },
            {
                  "doc_url": "https://gallica.bnf.fr/ark:/12148/bpt6k9613136f",
                  "emotions": [
                        "fear"
                  ],
                  "excerpt": "Le museau est terminé par une excroissance en forme de verrue .Il chasse à l ' odorat , et vit de rats , de souris , de lézards , de crapauds , etc .LE LÉZARD VERT .",
                  "id": "12",
                  "title": "Histoire des animaux, des végétaux et des minéraux, ou Instructions amusantes sur ce qui les concerne, recueillie et mise en ordre par L. Ardant"
            },
            {
                  "doc_url": "https://gallica.bnf.fr/ark:/12148/bpt6k61364935",
                  "emotions": [
                        "surprise",
                        "fear",
                        "nervousness"
                  ],
                  "excerpt": "ration est gênée : , le pouls * dnr et déprimé , jusqu ' au .moment ori une chaleur aussi faible , qué , lente amène une sueur ' légère ; L ' accès à ' Hèu brdinàiréméur ' le soir : ; elle s ' exerce sur les personnes ' sédentaires , oisives , qui s ' exposent aux exhalaisons des eaux stagnantes , qui commettent des erreurs de régime .Les vicissitudes atmosphériques de l ' automne la .",
                  "id": "13",
                  "title": "Instruction sur l'usage du vin de Seguin,... Avec la manière de s'en servir..."
            },
            {
                  "doc_url": "https://gallica.bnf.fr/ark:/12148/bpt6k3171159",
                  "emotions": [
                        "fear",
                        "nervousness",
                        "pain",
                        "embarrassment"
                  ],
                  "excerpt": "De son discours ici l ’ Ange interrompt la suite z Adam est dans l ’ yvresse , & de joie il palpite .Son ame sur sa bouche est prête à s ’ exhaler j À peine il respiroit ; il ne pouvoir parler .De ses sens à la fin ayant repris l ’ usage : « Prophète de bonheur , quel ravissant langage 2 » Dit - il ; votre récit met le comble à mes vœux : n C ’ est vous qui m ’ instruisez de ce mystère heureux : « De la .",
                  "id": "14",
                  "title": "L'Esprit de Milton, ou Traduction en vers français du Paradis perdu, dégagée des longueurs et superfluités qui déparent ce poème, par l'auteur des traductions en vers français des Odes d'Horace et de l'Énéide de Virgile [Deloynes d'Auteroche]"
            },
            {
                  "doc_url": "https://gallica.bnf.fr/ark:/12148/bpt6k445687d",
                  "emotions": [
                        "fear"
                  ],
                  "excerpt": "Le projet fut vivement discuté ; des pamphlets et des articles de journaux avaient paru en opposition ; on disait aux propriétaires du terrain que le chemin de fer , par ses vapeurs pestilentielles , tuerait les oiseaux au vol , ferait périr leurs couvées de faisans , épouvanterait les renards , et qu ' il n ' y aurait plus de chasse possible .On effrayait les femmes en leur faisant croire que les étincelles des locomo ¬ tives mettraient le feu à toutes leurs maisons , et qu ' elles seraient empoisonnées par la noire fumée de houille qui s ' échapperait des machines .Plus les chances de succès augmentèrent , plus l ' opposition devenait violente ; il fallait étudier le terrain et pratiquer un nivellement .",
                  "id": "15",
                  "title": "Fulton Georges et Robert Stephenson, ou Les bateaux à vapeur et les chemins de fer / par André Janin,..."
            },
            {
                  "doc_url": "https://gallica.bnf.fr/ark:/12148/bpt6k57773121",
                  "emotions": [
                        "fear",
                        "love"
                  ],
                  "excerpt": "Elle lui dit la bonne aventure .Il a longuement respiré le parfum de sa chevelure , mais il sait la loi terrible qui doit pour jamais l ' éloigner de cette femme , s ' il tient à la vie .H lui laisse cependant la liberté , et , troublé , la regarde s ' éloigner de son pas nonchalant et cadencé .",
                  "id": "16",
                  "title": "La Chronique des livres : revue bi-mensuelle de bibliographie et d'histoire littéraire"
            },
            {
                  "doc_url": "https://gallica.bnf.fr/ark:/12148/bpt6k287932",
                  "emotions": [
                        "fear"
                  ],
                  "excerpt": "Les TAONS ont la tête grosse , presque hémisphérique ; les trompes saillantes , garnies de six piquants et terminées le plus souvent par deux lèvres allongées ; les palpes avancées , épaisses , velues , coniques ; les antennes courtes , ayant le dernier article en croissant ; les yeux brillants , d ' un vert doré , avec des taches pourpres .Ces insectes habitent les lieux humides , les lisières des bois ; ils peuventproduire de l ' enflure , des hémorrhagies ; ils sont plus dangereux dans les temps chauds , à l ' approche des orages leur bourdonnement fait fuir les animaux .Le T .",
                  "id": "17",
                  "title": "Principes d'hygiène vétérinaire, ou Règles d'après lesquelles on doit entretenir et gouverner les animaux domestiques... / par J.-H. Magne,..."
            },
            {
                  "doc_url": "https://gallica.bnf.fr/ark:/12148/bpt6k822208",
                  "emotions": [
                        "joy",
                        "grief",
                        "disgust",
                        "fear",
                        "excitement",
                        "despair",
                        "pain"
                  ],
                  "excerpt": ") ~ approche il étoit encore eran - entier mon coeur s ' ouvre à l ' espérance je prends l ' écureuil entre mes mains ~ je veux m ' auurer n au lieu de fe cor ~ fompre & de fe dtubudre omme mespoiKbns , iL n ' e ~ peut - e ~ tre pas abymé dans un profond ( bmmei ! .Je ~ excite y je le remue , mes doigts s ' enfoncent dans fa chair déjà livide il s ' exhale de toutes les parties de fon corps une odeur de mort qui paue ju ~ qu ~ à mon ame S ~ ! & Pétrit .Cette odeur peut praire fur fa table d ' un riche Se je , n ' ofe chercher quelle en peut être la raison mais elle afflige & ~ ~ r A ~ w ~ comme moi doit ~ arniger .",
                  "id": "18",
                  "title": "L'élève de la nature. La solitude / (par G. Guillard de Beaurieu)"
            },
            {
                  "doc_url": "https://gallica.bnf.fr/ark:/12148/bpt6k1070830",
                  "emotions": [
                        "fear",
                        "relief"
                  ],
                  "excerpt": "Nous souhaitons qu ' elle ne vous ennuie pas trop , c ' est de l ' esprit du crû .Maintenant nous en avons fini avec toutes ces horreurs , Versons - nous sur la tête , ainsi qu ' un flot lustral , Un Sacon tout entier < Thui ! c de Portugal , et demandons bien pardon à nos lectrices du crime de lèse - odorat que nous venons de commettre ; puissent les Vénus et les Cupidons ne pas nous en vouloir 1 LA VILLE DES RATS .Un grand péril nous menace ; notre existence pend à un cheveu .",
                  "id": "19",
                  "title": "Zigzags / par Théophile Gautier"
            },
            {
                  "doc_url": "https://gallica.bnf.fr/ark:/12148/bpt6k1070830",
                  "emotions": [
                        "disgust",
                        "fear",
                        "nervousness"
                  ],
                  "excerpt": "sanie .Ceux à qui l ' odeur d ' une tubéreuse donne la migraine , et dont le cœur vient facilement aux lèvres , feront bien de ne pas dépasser < ~ bouge où l ' on fabrique de la colle de ~ o ~ ~ w avec des pieds de bœuf .– Poursuivons .",
                  "id": "20",
                  "title": "Zigzags / par Théophile Gautier"
            }
      ]
}