{
      "articles": [
            {
                  "doc_url": "https://gallica.bnf.fr/ark:/12148/bpt6k6577917w",
                  "emotions": [
                        "disgust",
                        "fear",
                        "disapproval"
                  ],
                  "excerpt": "Elle croît dans presque toute la France .C ' est un poison violent pour l ' homme et pour beaucoup d ' animaux .Pour combattre les accidents provoqués par son ingestion , il faut d ' abord faire vomir , et administrer ensuite des boissons toniques .",
                  "id": "1",
                  "title": "Le savant du foyer : notions scientifiques sur les objets usuels de la vie (Nouvelle édition, revue et augmentée) / Louis Figuier"
            },
            {
                  "doc_url": "https://gallica.bnf.fr/ark:/12148/bpt6k68946x",
                  "emotions": [
                        "disgust",
                        "fear",
                        "caring",
                        "doubt"
                  ],
                  "excerpt": "Ah ! C ' était un artiste de talent , et bon enfant , quoique original ; il laissera des regrets .Êtes - vous sûre de sa mort ? Voyez le soin aveo lequel les rideaux de son atelier sont fermés , et sentez l ' odeur nauséabonde qui s ' échappe de dessous sa porte .La comtesse , dissimulant son émotion , après s ' être avancée de trois pas , se recula en posant son mouchoir parfumé contre sa bouche .",
                  "id": "2",
                  "title": "Une allemande : roman de la vie parisienne / Armand Dubarry"
            },
            {
                  "doc_url": "https://gallica.bnf.fr/ark:/12148/bpt6k6555817c",
                  "emotions": [
                        "fear"
                  ],
                  "excerpt": "N ' hésitant plus , il ouvrit la porte .Une odeur âcre se répandit aussitôt dans le couloir .— Entrez , dit - il au musicien , en le poussant doucement vers le réduit d ' où ce parfum s ' exhalait .",
                  "id": "3",
                  "title": "Par la grâce du Saint-Esprit : roman anti-clérical / Léo Taxil et F. Laffont"
            },
            {
                  "doc_url": "https://gallica.bnf.fr/ark:/12148/bpt6k5723825r",
                  "emotions": [
                        "anger",
                        "fear",
                        "doubt"
                  ],
                  "excerpt": "Sous les pieds le sol tremble ; on dirait lo volcan Lorsque prêt à vomir ses brûlantes entrailles , Il bat en rugissant le roc de ses murailles , Dès que parait le jour , ainsi que se répand La fangoque ne peut contenir un étang , De tous ces scélérats les immondes cohues Sortant do leurs taudis se jettent dans les rues , Roulent vers lo palais .Comme un fleuve orageux Qui grossirait son cours de détritus fangeux , Lenoirégout ramasse à toutes les ruelles De nouveaux scélérats les épaves nouvelles , Et de ses flots impurs il monte , je ne sais Quelles acres senteurs , quels miasmes épais - 60 - De sang mêlé do boue ; il s ' élève grondante Ne sais quelle clameur dont Paris s ' épouvante .En les voyant , on sent qu ' avec eux , sur leurs pas , Ces hideux carnassiers conduisent le Irépas } On sent qu ' elles ont faim , qu ' elles ont soif , ces bêtes , Qu ' il faut â cette faim , par milliers , des têtes ; Qu ' il faudra celle soif ardente la laisser , Ainsi qu ' en un torrent , dans le sang s ' étancher .",
                  "id": "4",
                  "title": "Une martyre : poëme / par L... B... (Louis Buis)"
            },
            {
                  "doc_url": "https://gallica.bnf.fr/ark:/12148/bpt6k30464584",
                  "emotions": [
                        "fear"
                  ],
                  "excerpt": "nocturnum .Fleur verte , odorante la nuit .Comme ci - dessus .",
                  "id": "5",
                  "title": "Le bon jardinier du Midi de la France... / par Louis Fabre,..."
            },
            {
                  "doc_url": "https://gallica.bnf.fr/ark:/12148/bpt6k5813541s",
                  "emotions": [
                        "fear"
                  ],
                  "excerpt": "Le soir et la nuit frissons fébriles , suivis de bouffées de chaleur .Sueurs aux pieds Une odeur aigre , sueurs nocturnes .\" : .",
                  "id": "6",
                  "title": "L'Homoeopathie pure, Exposé complet des connaissances nécessaires au traitement des malades... par le Dr Mure,... revu, augmenté et mis en ordre par Sophie Liet,..."
            },
            {
                  "doc_url": "https://gallica.bnf.fr/ark:/12148/bpt6k5831663n",
                  "emotions": [
                        "fear",
                        "nervousness"
                  ],
                  "excerpt": "Douleur : Xe souffre plus depuis l ' application de la sonde .Urine : Trouble , les dernières gouttes sont purulentes el fétides .Disque d ' albumine ; pas de sucre .",
                  "id": "7",
                  "title": "Étude clinique sur 25 observations nouvelles de prostatectomie périnéale : résultats éloignés de 25 prosatectomies anciennes / par le Dr Maurice Piollenc"
            },
            {
                  "doc_url": "https://gallica.bnf.fr/ark:/12148/bpt6k5657447s",
                  "emotions": [
                        "fear"
                  ],
                  "excerpt": "Et c ' était le moment où le Jour indécis Vient embrasser la Nuit d ' une étreinte craialive .Une haleine odorante et fraîche , vers la rive , Descendait des bois noirs de la Misérama .Or , je songeais qu ' au loin , sur les bords qu ' on aima , Du Languedoc à Naple , à cette heure incertaine , La vie est plus intense et plus gaie et sereine .",
                  "id": "8",
                  "title": "Grande Kabylie : légendes et souvenirs / C. Fabre ; illustrations de MM. Armand et Assézat de Bouteyre"
            },
            {
                  "doc_url": "https://gallica.bnf.fr/ark:/12148/bpt6k5824774f",
                  "emotions": [
                        "fear",
                        "disapproval",
                        "disappointment"
                  ],
                  "excerpt": "« Quand Jésus fut arrivé au sépulcre , il dit : Enlevez la pierre .Mais Marthe , la soeur du mort , lui dit : N ' approchez pas , Seigneur , il sent mauvais ! il est en décomposition ! il y a quatre jours qu ' il est mort .— Ne vous ai - je pas dit , répondit Jésus , que si vous croyiez , vous verriez la gloire de Dieu ? Us ôtèrent donc la pierre qu ' on avait mise sur l ' ouverture de la grotte , et Jésus , levant les yeux au ciel , dit : Mon Père , je vous rends grâces de ce que vous m ' avez exaucé .",
                  "id": "9",
                  "title": "Mon voyage à Jérusalem, du 23 avril au 3 juin 1885 / Abbé Pailliez"
            },
            {
                  "doc_url": "https://gallica.bnf.fr/ark:/12148/bpt6k5803589b",
                  "emotions": [
                        "surprise",
                        "disgust",
                        "anger",
                        "fear",
                        "annoyance",
                        "disapproval",
                        "embarrassment"
                  ],
                  "excerpt": "Fais vite du vin chaud et jwéjiare dans le seau avec du son une bonne eau blanche .Ouest - ce que t ' as ? — et voyant sa nièce pâlir , il grommela entre ses dents : sacrées femelles ! c ' est seulement pas décidées à aider les hommes ! Louise blêmissait , car cette terrible odeur de l ' étable lui chavirait le coeur ; Jacques la soutenait à la porte lorsque des éclats de voix annoncèrent la tante Norine .— Ah ben , cria l ' oncle , qui ne s ' occupa plus du malaise de sa nièce ; ah ben , c ' est pas tôt ! si vous n ' êtes pas restés deux heures , vous n ' en êtes jyas restés une ; quoi donc que vous fouliez en route ? — Eh ! j ' ons ver dé le jjlus que j ' ai pu , mon homme , fit le berger qui souleva sa casquette , en voyant Jacques .",
                  "id": "10",
                  "title": "En rade / par J.-K. Huysmans ; eaux-fortes en couleurs et bois originaux de Paul Guignebault"
            },
            {
                  "doc_url": "https://gallica.bnf.fr/ark:/12148/bpt6k3254586x",
                  "emotions": [
                        "grief",
                        "fear",
                        "excitement",
                        "nervousness",
                        "pain"
                  ],
                  "excerpt": "Qu ’ importe 1 II sonne toujours .Les veines de son cou se gonflent ; sa respiration devient pénible ; il sonne toujours « Garde à vous ! Garde à vous ! » Les trois notes s ’ envolent moins claires ; une toux subite et déchirante suspend son effort et quand ses lèvres rou - gies s ’ appliquent de nouveau à l ’ embouchure , Richer souffle du sang dans son clairon I Dans la tranchée , les effluves mortels s ’ attardent pesamment .Richa sent ses forces décroître : ses camarades lui crient de mettre son masque .",
                  "id": "11",
                  "title": "Le Petit Havre illustré"
            },
            {
                  "doc_url": "https://gallica.bnf.fr/ark:/12148/bpt6k86304379",
                  "emotions": [
                        "disgust",
                        "fear",
                        "pain",
                        "embarrassment"
                  ],
                  "excerpt": "Une autre fois , comme je l ' avais fait entrer avec moi chez un chapelier pour m ' acheter un gibus , il prit négligemment un feutre et je le vis dans la glace qui en baisait les longs poils avec ferveur et les arrosait de ses larmes .Il ne voulut plus jamais toucher un fusil et l ' odeur d ' un civet le faisait tomber en pâmoison douloureuse .Enfin , un jour que nous entrions dans une ferme pour nous rafraîchir , il mit la main sur son cœur et lança un gros soupir en apercevant , au creux d ' un clapier , une lapine entourée de son innombrable progéniture .",
                  "id": "12",
                  "title": "Les Merveilleux récits de l'amiral Le Kelpudubec, par Armand Silvestre"
            },
            {
                  "doc_url": "https://gallica.bnf.fr/ark:/12148/bpt6k57657395",
                  "emotions": [
                        "fear"
                  ],
                  "excerpt": "Au bruit que faisaient nos aventuriers le fermier , s ' étant éveillé , accourut avec de la chandelle , et les chiens , qui se mêlèrent de la partie , voulaient tout dévorer .La scène éclairée fit voir un affreux tableau : un gros pourceau étendu mort et nageant dans le sang , don Quichotte l ' épée à la main et les yeux menaçants , et le pauvre Sancho tout de son long dans un cloaque puant et infect , DON QUICHOTTE .331 dont .",
                  "id": "13",
                  "title": "Histoire de l'admirable Don Quichotte de la Manche / traduction nouvelle...par Michel de Cervantès Saavedra"
            },
            {
                  "doc_url": "https://gallica.bnf.fr/ark:/12148/bpt6k203838r",
                  "emotions": [
                        "fear"
                  ],
                  "excerpt": "Métalloïde gris , solide , en lamelles , très léger , ayant une odeur caractéristique .Chauffé , il répand des vapeurs violettes très épaisses , très odorantes et dangereuses à respirer .Il se dissout très peu dans l ' eau , mais beaucoup dans l ' alcool , constituant alors la teinture d ' iode .",
                  "id": "14",
                  "title": "Dictionnaire-manuel-illustré des sciences usuelles : astronomie, mécanique, art militaire, physique... (3e éd.) / par É. Bouant,..."
            },
            {
                  "doc_url": "https://gallica.bnf.fr/ark:/12148/bpt6k210084w",
                  "emotions": [
                        "surprise",
                        "fear",
                        "nostalgia",
                        "pain"
                  ],
                  "excerpt": "Je les ai lus trois fois , ces vers consolateurs , Sans me laisser surprendre à leurs philtres flatteurs Sur ce nectar du cœur j ' ai promené la loupe , J ' ai vidé le poison mais j ' ai gardé la coupe , Cette coupe où la main a ciselé dans l ' or Ton amitié pour moi , que j ' y veux lire encor ! Il est doux , au roulis de la mer où l ' on nage , .De voir un feu lointain luire sur le rivage ; De sentir , au milieu des pierres de l ' affront , La feuille d ' oranger vous tomber sur le front Pour rendre à cet ami l ' odorante pensée , On cherche avec amour la main qui l ' a lancée , Et l ' on éprouve un peu ce que Job éprouva Lorsque de son fumier son ange le leva .Au plus noir de l ' absinthe à mes lèvres versée , C ' est là l ' impression du miel de ta pensée .",
                  "id": "15",
                  "title": "Des devoirs civils du curé ; Épîtres et poésies diverses ; Recueillements poétiques ; L'avenir politique en 1837. A M. de Lamartine sur son voyage en Orient en 1833 / par M. Bouchard"
            },
            {
                  "doc_url": "https://gallica.bnf.fr/ark:/12148/bpt6k10925979",
                  "emotions": [
                        "fear"
                  ],
                  "excerpt": "Les malheureux qui ont recours au charbon pour se suicider fabriquent l ' oxyde de carbone en brûlant de la braise sous un faible tirage .Ce gaz est d ' autant plus dangereux qu ' il n ' a pas d ' odeur ; on ne s ' aperçoit de sa présence que par les malaises résultant d ' un commencement d ' empoisonne ment ; chaque année , de nombreux accidents sont dus à l ' action perfide de l ' oxyde de carbone .L ' acide carbonique n ' est pas toxique par lui - même , ou tout au moins il ne semble l ' être qu ' à un bien moindre degré ; il n ' agit guère que comme asphyxiant , dans une atmosphère que la combustion a rendue plus pauvre en oxygène .",
                  "id": "16",
                  "title": "Leçons sur les machines à vapeur, par J. Hirsch,... A. Debize,..."
            },
            {
                  "doc_url": "https://gallica.bnf.fr/ark:/12148/bpt6k6288344k",
                  "emotions": [
                        "disgust",
                        "fear"
                  ],
                  "excerpt": "Pouah ! Entre toutes les odeurs de la création , qu ' est - ce que c ' est que ça ? Je reniflai , car il y avait , dans l ' air froid , un relent âcre .et empoisonné , une odeur que j ' avais déjà respirée auparavant .— Si j ' étais à terre , je dirais que c ' est un alligator .",
                  "id": "17",
                  "title": "La plus belle histoire du monde / Rudyard Kipling ; traduit de l'anglais, par Louis Fabulet et Robert d'Humières"
            },
            {
                  "doc_url": "https://gallica.bnf.fr/ark:/12148/bpt6k76974w",
                  "emotions": [
                        "surprise",
                        "fear"
                  ],
                  "excerpt": "qui on ' re avec le précèdent une frappante analogie .une tutte tiotente retenttt dans rinterieurd ' un ménage ; au bout de quelques instants , les gens de la maison , eCray ~ par une forte odeur de feu .frappent à la por ~ , et .",
                  "id": "18",
                  "title": "Étude médico-légale sur les blessures : comprenant les blessures en général et les blessures par imprudence. Les coups et l'homicide involontaires / par Ambroise Tardieu,..."
            },
            {
                  "doc_url": "https://gallica.bnf.fr/ark:/12148/bpt6k1185254d",
                  "emotions": [
                        "fear"
                  ],
                  "excerpt": "En ces derniers temps , l ’ on commençait à y voir quelques plaques bleues où s ’ inscrivaient des noms barbares que les harnais Q et les bekdjiQ ) savaient seuls retenir .De jour , on ne le traversait pas sans nécessité , non sans appréhension la nuit , tant les parcimonieux becs de gaz , espacés de loin en loin , rendaient noirs les coins suspects et malodorants .Par contre , la rue de Péra , celle qu ’ on appelle la Grand ’ Rue , jouissait d ’ une réputation qui avait franchi le cercle de l ’ admiration locale .",
                  "id": "19",
                  "title": "Constantinople. ses cités franques et levantines (Péra, Galata, banlieue)... / Bertrand Bareilles"
            },
            {
                  "doc_url": "https://gallica.bnf.fr/ark:/12148/bpt6k5471153p",
                  "emotions": [
                        "surprise",
                        "joy",
                        "fear",
                        "courage",
                        "excitement",
                        "nervousness"
                  ],
                  "excerpt": "Les heureux , écoutant à travers leur ivresse , Croyaient ouïr le glas de la mort vengeresse ; Il leur semblait se voir dans une vieille tour Que des flots en fureur ébrèchent nuit et jour ; La tour allait crouler sous l ' attaque incessante , Us croyaient voir déjà de la mer rugissante Dans les murs crevassés la vague affreme entrer Et s ' élancer vers eux , prête à les dévorer .Etleurs membres crispés tremblaient d ' un choc fébrile ; « Loin les folles terreurs ! Danse , à la marche agile , Mêle tes pas joyeux ; élargissez nos sens , Cordes où l ' air s ' anime en magiques accents ; Tourbillon de plaisir , où tout l ' être se noie , Prends - nous , Valse rapide , et dans l ' air qui tournoie Roule - nous haletants , de parfums enivrés Et d ' haleines de femme en nos os pénétrés .» Et je voyais passer leurs danses furieuses , Et sous l ' archet savant des voix harmonieuses Chantaient ; sein contre sein , les tourbillons volaient ; Sous le contact fiévreux les désirs se gonflaient ; Dans des - flots d ' harmonie et des Ilots de lumière , Us roulaient , ils roulaient ; et comme une lisière Mène et soutient l ' enfant dans ses trébuchements , La cadence menait les hardis mouvements ; Et comme saute et rit la joyeuse Sicile Sur ses rocs calcinés que voile un sol fertile , Etourdis par leur bruit , ils ne se troublaient pas — 45 — Du volcan menaçant qui grondait sous leurs pas ; Le cratère déjà jetait , jetait des laves , Car l ' autre camp criait : « Ne soyons plus esclaves .",
                  "id": "20",
                  "title": "Où donc est le bonheur ? poème, par B. Andrieu"
            }
      ]
}