{
      "articles": [
            {
                  "doc_url": "https://gallica.bnf.fr/ark:/12148/bpt6k5819426m",
                  "emotions": [
                        "disgust",
                        "fear",
                        "nervousness"
                  ],
                  "excerpt": "Voyez ce malade que la Faculté contraint à s ' ingérer un énorme verre d ' une médecine noire , telle qu ' on les buvait sous le règne de Louis XIV .L ' odorat , moniteur fidèle , l ' avertit de la saveur repoussante de la liqueur traîtresse ; ses yeux s ' arrondissent comme à l ' approche d ' un danger ; le dégoût est sur ses lèvres , et déjà son estomac se soulève .Cependant on l ' exhorte , il s ' arme de courage , se gargarise d ' eau - de - vie , se serre le nez , et boit .",
                  "id": "1",
                  "title": "Physiologie du goût / Brillat-Savarin ; précédée d'une notice [biographique]par Alp. Karr ; Dessins de Bertall"
            },
            {
                  "doc_url": "https://gallica.bnf.fr/ark:/12148/bpt6k1280386d",
                  "emotions": [
                        "surprise",
                        "disgust",
                        "fear",
                        "disapproval"
                  ],
                  "excerpt": "Voilà une bonne caffolette .On dit ironiquement d ’ Une mauvaife odeur , Quelle caffolette ! Voila une terrible caffolette ! CASSONADE .f .",
                  "id": "2",
                  "title": "Dictionnaire de l'Académie françoise. Tome Premier (A-K) / . Quatrième édition. Tome premier. A=K [-Tome second. L=Z]"
            },
            {
                  "doc_url": "https://gallica.bnf.fr/ark:/12148/bpt6k6530019b",
                  "emotions": [
                        "fear"
                  ],
                  "excerpt": "On désigne par le nom de vasés , terrés , ceux qui ont été inondés : ils répandent une odeur marécageuse et sont recouverts de limon .On reconnaît le foin moisi à une couleur blanche noirâtre , à son odeur fétide ; il est très dangereux .Tous ces foins devront être refusés par le palefrenier .",
                  "id": "3",
                  "title": "Manuel de l'étalonnier et de l'éleveur, par Charles Liégeard,..."
            },
            {
                  "doc_url": "https://gallica.bnf.fr/ark:/12148/bpt6k64241076",
                  "emotions": [
                        "disgust",
                        "fear"
                  ],
                  "excerpt": "ne donne pas suffisamment d ' ombrage , et qu ' enfin , il répand une .odeur insupportable lorsqu ' il est envahi par les cantharides .On doit surtout le planter sur les routes , là où les grands vents sont à redouter ; son bois , du reste , est très recherché .",
                  "id": "4",
                  "title": "Guide de l'ingénieur pour l'établissement et l'entretien des plantations d'alignement sur les voies publiques / par Jules Nanot,..."
            },
            {
                  "doc_url": "https://gallica.bnf.fr/ark:/12148/bpt6k1417337n",
                  "emotions": [
                        "disgust",
                        "fear",
                        "annoyance",
                        "disapproval"
                  ],
                  "excerpt": "Son premier adversaire , en Europe , futleroi Jacques 1 er d ’ Angleterre .Voici comment il s ’ exprimait en parlant de l ’ usage de fumer : « Cette habitude , dégoûtante à la vue , repoussante pour L ' odorat , dangereuse pour le cervau , malfaisante pour la poitrine , qui répand autour du fumeur des exhalaisons aussi infectes que si elles sortaient des antres infernaux ..",
                  "id": "5",
                  "title": "Le Select : ami des familles, des lettres et des arts / dir. Alex. Bellard"
            },
            {
                  "doc_url": "https://gallica.bnf.fr/ark:/12148/bpt6k90427z",
                  "emotions": [
                        "fear"
                  ],
                  "excerpt": "Cette espèce buissonnante , très - commune sur les bords de l ' estuaire et donnant une prune jaune à forte odeur d ' acide prussique .L ' amande est un très - violent purgatif .( Rendement b ~ u / Q .",
                  "id": "6",
                  "title": "Catalogue des produits des colonies françaises / Exposition universelle de 1878"
            },
            {
                  "doc_url": "https://gallica.bnf.fr/ark:/12148/bpt6k5763977x",
                  "emotions": [
                        "fear"
                  ],
                  "excerpt": "fit ) : Le chlore I » décompose en soufre et acide chlorhydrique selon l ' équation : SOUFRE ET SES COMPOSÉS 267 Il noircit l ' argent et le plombet donne , avec la plupart des eeis métalliques , des précipités dont la coloratioh caractérise la hatUre dd métal .C ' est un gaz dangereux à respirer * Son odeur fétide avertit de sa présence , même quand il n ' existe dans l ' air qu ' en très faible proportion ; lorsqu ' il se dégage subitement et en abondance ( ouverture des fosses d ' aisances ) , son action est instantanée , et il peut déterminer l ' asphyxie en auelaues minutes : l ' intoxication est Fig .34 .",
                  "id": "7",
                  "title": "Notions sur les sciences physiques et naturelles... : à l'usage des aspirants au brevet élémentaire... / par une réunion de professeurs"
            },
            {
                  "doc_url": "https://gallica.bnf.fr/ark:/12148/bpt6k1280386d",
                  "emotions": [
                        "disgust",
                        "fear",
                        "pain"
                  ],
                  "excerpt": "Qui tient du cadavre .Il a le teint cadavéreux , l ’ odeur cadave - reufe .CADAVRE , f .",
                  "id": "8",
                  "title": "Dictionnaire de l'Académie françoise. Tome Premier (A-K) / . Quatrième édition. Tome premier. A=K [-Tome second. L=Z]"
            },
            {
                  "doc_url": "https://gallica.bnf.fr/ark:/12148/bpt6k940945v",
                  "emotions": [
                        "anger",
                        "fear"
                  ],
                  "excerpt": "Elcke se demandait s ’ il devait suivre ce l ’ implacable SERVICE 107 conseil ou non .En proie à un véritable eau - 108 L IMPLACABLE SERVICE Derrière lui , le tambour battait sans interruption , et la ligne de baïonnettes s ’ avancait , s ’ abaissant et s ’ élevant en cadence , et devant lui reculait au fur et à mesure , dégageant une odeur affreuse , la foule du sein de laquelle partaient des injures et des blasphèmes .Personne ne songeait à résister .",
                  "id": "9",
                  "title": "L'implacable service : roman de caserne / d'après l'allemand de Rud. Stratz. La chouette / par P. de Pardiellan"
            },
            {
                  "doc_url": "https://gallica.bnf.fr/ark:/12148/bpt6k54587467",
                  "emotions": [
                        "fear"
                  ],
                  "excerpt": "Les montagnes dressaient sur un ciel d ' un bleu dur leurs blocs incandescents et déchiquetés .Au soir tombant , d ' infâmes odeurs rôdaient sur le port .Le spectre grelottant de la fièvre traînait sur les bords du fleuve , et , s ' il m ' arrivait pou / chercher un peu de fraîcheur de sortir de la ville , je devais revenir hâtivement sur mes pas , surpris par un frisson sournois , plein dé menace .",
                  "id": "10",
                  "title": "Terre de Chanaan : roman / Louis Chadourne"
            },
            {
                  "doc_url": "https://gallica.bnf.fr/ark:/12148/bpt6k5849452x",
                  "emotions": [
                        "fear"
                  ],
                  "excerpt": "Sabina .ou Savinier , petit arbuste toujours vert , d ' une odeur pénétrante , dangereux emménagogue ; attaque la poitrine ; détersive , résolutive â l ' extérieur ; en poudre pour les .ulcères , , - en cataplasme pour la gale , la teigne .",
                  "id": "11",
                  "title": "Dictionnaire universel de la langue françoise, avec le latin, et manuel d'orthographe et de néologie... par P.-C.-V. Boiste... 2e édition..."
            },
            {
                  "doc_url": "https://gallica.bnf.fr/ark:/12148/bpt6k5804236g",
                  "emotions": [
                        "disgust",
                        "fear",
                        "nervousness",
                        "pain"
                  ],
                  "excerpt": "Le 11 au matin , lochies plus fétides , couleur de café ; frisson dans la nuit , pouls à 90 .Dans la journée , second frisson , vomissements , diarrhée fétide .Régime un peu fortifiant , un peu de vin , injections désinfectantes .",
                  "id": "12",
                  "title": "Des Accidents de la délivrance après l'avortement et après l'accouchement, par Barthélemy Brun,..."
            },
            {
                  "doc_url": "https://gallica.bnf.fr/ark:/12148/bpt6k6514200m",
                  "emotions": [
                        "fear",
                        "courage"
                  ],
                  "excerpt": "Le Phisicien .On dit de plus , que cet animal aiant vû de loin le crapaut , dont il est ennemi comme du serpent , il vient pour le braver ; mais le crapaut le regardant comme sa proie future , s ' arrête , & faisant sortir de sa gueule une exhalaison empestée , il enc hante si bien la Belette par ce moien , qu ' elle vient perdre la vie dans la gueule de son vainqueur .Le Ph ; llf .",
                  "id": "13",
                  "title": "Le naturaliste moral, ou Entretiens sur la phisique et sur la morale . Par Monsieur Le Prestre"
            },
            {
                  "doc_url": "https://gallica.bnf.fr/ark:/12148/bpt6k1098057x",
                  "emotions": [
                        "fear",
                        "greed"
                  ],
                  "excerpt": "On n ' exhale pas de l ' essence de rose quand on ne se S 10 $ VOYAGE DANS LES CÉVEKTNES .nourrit que de viande fraîche ! Aussi le seigneur dragon avait - il une haleine dangereuse comme l ' émanation du hohon - upas de l ' île de Java , qui vous asphyxie son homme à une lieue de distance .Ce terrible compagnon était de la taille et de la grosseur d ' un cheval ; il avait une tète de serpent , et de longues oreilles couvertes d ' une peau écailleuse ; ses ailes , d ' une énorme dimension , étaient noires en - dessus , etvertes et jaunes en - dessous ; ses jambes ressemblaient à celles du crocodile ; et sa queue , terminée en dard , faisaitplusieurspliset retours sur son corps .",
                  "id": "14",
                  "title": "Voyage dans les Cévennes et la Lozère"
            },
            {
                  "doc_url": "https://gallica.bnf.fr/ark:/12148/bpt6k5741645r",
                  "emotions": [
                        "fear",
                        "love"
                  ],
                  "excerpt": "Le vent enfle comme un vallon Le ventre avide , Et toujours vide Du Caméléon : Les biens , pour qui l ' on fait la guerre , Nous vident souvent , Et les honrenrs , qu ' on poursuit sur la terre , Ne sont que du vent : SUR UNE VIOLETTE .Demeure petit dans ton coeur : La violette , Dans sa retraite , Répand s ^ n odeur : Les Rois , quoique elle soit petite , La portent au nez : Tu gagneras devant Dieu du , mérite , Si tu le connais .SUR UNE ÉCREVISSE L ' Écrevisse est prise ni ément ; Car elle avance , .",
                  "id": "15",
                  "title": "Cantiques de l'ame dévote, dits de Marseille... accommodés à des airs vulgaires... par M. Laurent Durand,..."
            },
            {
                  "doc_url": "https://gallica.bnf.fr/ark:/12148/bpt6k6202439j",
                  "emotions": [
                        "surprise",
                        "fear"
                  ],
                  "excerpt": "Nous allions mélancoliquement entre des murs très hauts , en brique grise , en terre battue , où s ' ouvrait à peine de loin en loin un trou grillé , une porte clandestine .Ils finirent par se rejoindre en voûte sur nos têtes , ces murs qui se resserraient toujours , et une pénombre de caveau nous enveloppa soudain ; au milieu de ces étroits passages , des petits ruisseaux immondes coulaient parmi des guenilles , des fientes , des carcasses ; on sentait une odeur d ' égout et de souris morte : nous étions dans Chiraz .En pénombre plus épaisse , on s ' est arrêté devant une Vieille porte cloutée de fer , avec un frappoir énorme : c était ma demeure .",
                  "id": "16",
                  "title": "Vers Ispahan / Pierre Loti,..."
            },
            {
                  "doc_url": "https://gallica.bnf.fr/ark:/12148/bpt6k6202439j",
                  "emotions": [
                        "fear",
                        "nervousness",
                        "pain"
                  ],
                  "excerpt": "On a beau se ranger le long des murs , ou dans les portes si l ' on en trouve , on est lourdement frôlé .Ils sentent la sueur et le fauve ; ils passent d ' un élan irrésistible et aveugle comme la poussée de la houle .Après les ruelles étroites , lorsqu ' un arceau ogival nous donne accès dans la cour de la mosquée , ce lieu nous paraît immense .",
                  "id": "17",
                  "title": "Vers Ispahan / Pierre Loti,..."
            },
            {
                  "doc_url": "https://gallica.bnf.fr/ark:/12148/bpt6k6514200m",
                  "emotions": [
                        "disgust",
                        "fear",
                        "disapproval",
                        "doubt",
                        "indifference"
                  ],
                  "excerpt": "Moral .Je dis de , ineincëquel ' , , pecheresse , qui semblable à la Lionne fût alliance avec le Démon figuré par Tigre ; doit laver au plutôt dans les eaux la penitence , les taches de son infidelitélit peur que Jesus Christ son légitime ép ~ e s ' aprochant d ' elle pour lui demander te de toutes ses avions en l ' instant de sa ration , il ne sente l ' odeur de son criinœ .s : ; ne le sacrifie à sa justice .",
                  "id": "18",
                  "title": "Le naturaliste moral, ou Entretiens sur la phisique et sur la morale . Par Monsieur Le Prestre"
            },
            {
                  "doc_url": "https://gallica.bnf.fr/ark:/12148/bpt6k6514200m",
                  "emotions": [
                        "fear",
                        "courage"
                  ],
                  "excerpt": "Le Phisicien .On tient aussi que la Lionne bécane accouplée avec le Tigre , elle se lave au plûtôt , de peur que son mâle sentant deur de son ennemi en s ' aprochant d ' elle la mette en pieces ., \" , / .",
                  "id": "19",
                  "title": "Le naturaliste moral, ou Entretiens sur la phisique et sur la morale . Par Monsieur Le Prestre"
            },
            {
                  "doc_url": "https://gallica.bnf.fr/ark:/12148/bpt6k6514200m",
                  "emotions": [
                        "fear"
                  ],
                  "excerpt": "Souffrez qu ' à l ' oçcasion du Léopard , je repère ce que j ' ai .déjà dit , que rette bête farouche , qui faisoit les delices d ' Heliogabale , a si fort l ' ail en bortrur , que son odeur seule lui fait prendre la fuite .Le Philos .",
                  "id": "20",
                  "title": "Le naturaliste moral, ou Entretiens sur la phisique et sur la morale . Par Monsieur Le Prestre"
            }
      ]
}