{
      "articles": [
            {
                  "doc_url": "https://gallica.bnf.fr/ark:/12148/bpt6k9671732",
                  "emotions": [
                        "fear"
                  ],
                  "excerpt": "Je pénétrai dans la chambre .Les persiennes des deux fenêtres étaient fermées , la pièce était sombre et inquiétante , l ’ horrible odeur y flottait encore tragiquement .Je n ’ ouvris point les volets , voulant essayer de voir et de connaître l ’ aspect exact qu ’ avait dù avoir l ’ endroit au moment même où le suicide avait eu lieu .",
                  "id": "1",
                  "title": "L'Enragé : humoristique, hebdomadaire illustré"
            },
            {
                  "doc_url": "https://gallica.bnf.fr/ark:/12148/bpt6k9743334c",
                  "emotions": [
                        "fear"
                  ],
                  "excerpt": "Les ruches doivent être visitées souvent , tant pour voir cequi leur manque , que pour se familiariser avec les abeilles .Il faut marcher doucement , ne point toucher aux ruches sans nécessite , ne porter avec soi aucune odeur forte : si quelques abeilles vous poursuivent , ne fuyez pas , restez en place , courbez - vous le plus possible , jusqu ' à ce que vous n ' entendiez plus bourdonner autour de vous .Soulevez les ruches le plus rarement possible ; s ' il y a nécessité de le faire , placez - vous derrière , et penchez la en devant , vous serez moins exposé aux piqûres .",
                  "id": "2",
                  "title": "Nouveau manuel complet du propriétaire d'abeilles, ou Traité théorique et pratique de la culture de ces insectes ... par A. Martin"
            },
            {
                  "doc_url": "https://gallica.bnf.fr/ark:/12148/bpt6k5460017w",
                  "emotions": [
                        "surprise",
                        "grief",
                        "disgust",
                        "fear",
                        "love",
                        "gratitude",
                        "embarrassment",
                        "disappointment"
                  ],
                  "excerpt": "Pour le calice de ces fleurs L ' Aurore n ' aura pas de pleurs , Les voyant pleines tout entières De ceux qu ' ont versés mes paupières .Si vers leur parfum languissant Tu penches la tête , en passant , Comme un souffle qu ' on effarouche , Mon âme en fuira sur ta bouche .34 266 LA GLOIRE DU SOUVENIR .",
                  "id": "3",
                  "title": "Poésies de Armand Silvestre, 1866-1872. [Préface de George Sand.] Rimes neuves et vieilles. - Les Renaissances. - La Gloire du souvenir"
            },
            {
                  "doc_url": "https://gallica.bnf.fr/ark:/12148/bpt6k5675064v",
                  "emotions": [
                        "fear",
                        "nervousness"
                  ],
                  "excerpt": "excessivement maigre , ayant les yeux caves et cernés , l ' haleine .fétide ; elle ne pouvait quitter le lit - depuis près d ' un mois .Elle me dit qu ' elle n ' avait pas tenu compte des conseils OOÛ que je lui avais donnés , qu ' elle s ' était livrée aux .",
                  "id": "4",
                  "title": "Traité théorique et pratique sur les altérations organiques simples et cancéreuses de la matrice, par F. Duparcque,..."
            },
            {
                  "doc_url": "https://gallica.bnf.fr/ark:/12148/bpt6k5675064v",
                  "emotions": [
                        "fear",
                        "indifference"
                  ],
                  "excerpt": "— La malade a reposé .Abdomen insensible à la pression , si ce n ' est vers le bassin ; l ' utérus se rapproche des pubis ; fluctuation obscure ; gargouillemens , coliques , vents , ( Tilleul et camomille ; embrocations aromatiques sur le ventre ; mêmes frictions .) 4T ^ — Abdomen ballonné , mais souple et indolent ; utérus presque complètement réduit .",
                  "id": "5",
                  "title": "Traité théorique et pratique sur les altérations organiques simples et cancéreuses de la matrice, par F. Duparcque,..."
            },
            {
                  "doc_url": "https://gallica.bnf.fr/ark:/12148/bpt6k144252b",
                  "emotions": [
                        "disgust",
                        "fear",
                        "disapproval"
                  ],
                  "excerpt": "L ' on a appelé ces mauvais loups loups garoux 2 , c ' est - à - dire loups dont il faut se garer .Désagréable en tout , la mine basse , l ' aspect sauvage , la voix effrayante , l ' odeur insupportable , le naturel pervers , les moeurs féroces , le loup est odieux , nuisible de son vivant , inutile après sa mort .tièrement par la tête du cerf .",
                  "id": "6",
                  "title": "Morceaux choisis (Nouvelle éd.) / Buffon"
            },
            {
                  "doc_url": "https://gallica.bnf.fr/ark:/12148/bpt6k9663843c",
                  "emotions": [
                        "fear"
                  ],
                  "excerpt": "Dans le temps de l ' essaimage , ils exhalent une odeur assez forte , qui , avec le bruit qu ' ils font entendre en volant , est sans doute pour la jeune femelle qui veut se faire féconder un moyen de les rencontrer .Cette odeur prononcée présage la sortie des essaims .Les mœurs des faux - bourdons sont très douces et très - paisibles ; ils quittent peu la ruche et ne sortent que pendant la grande chaleur du jour et sans s ' éloigner .",
                  "id": "7",
                  "title": "Dictionnaire industriel à l'usage de tout le monde, ou Les 10,000 secrets et recettes de l'industrie moderne.... I. A-G / par MM. les rédacteurs des \"Annales du génie civil\", E. Lacroix,... directeur de la publication"
            },
            {
                  "doc_url": "https://gallica.bnf.fr/ark:/12148/bpt6k9600254h",
                  "emotions": [
                        "fear"
                  ],
                  "excerpt": "Dans leur colère , ils ne pouvaient donc pas tuer cet homme d ' un seul coup ; il leur avait fallu lui envoyer la mort sous sa forme la plus douloureuse , la plus lente , la plus terrible ; et ils s ' étaient réunis autour de lui pour se repaître du spectacle de son agonie .Elle se rapprocha de lui , et sentit cette odeur terreuse , caverneuse , qui s ' échappe des poumons et de la poitrine de ceux qu ' un long jeûne a amenés jusqu ' au seuil de la mort .Elle la connaissait bien , cette odeur de famine ; elle l ' avait rencontrée dans la hutte de Manon Dax , dans les sillons des haies et les fossés , qui sont les lits de douleur et de maladie des misérables trop fiers pour mendier .",
                  "id": "8",
                  "title": "Fille du diable ! / Ouida"
            },
            {
                  "doc_url": "https://gallica.bnf.fr/ark:/12148/bpt6k5608686h",
                  "emotions": [
                        "fear"
                  ],
                  "excerpt": "Tiihymalia devait bien connaître les secrets de son propre gouvernement , el comme j ' avais remarqué le plaisir qu ' elle prenait à bavarder , je ne pouvais m ' adresser à personne qui me donnai de meilleurs renseignements : le silence avec elle devait êlre aussi instructif que la parole .Plusieurs ' Abeilles vinrent m ' examïner pour savoir si je ne porlaispas sur moi aucune odeur dangereuse .La reine était tellement idolâtrée de ses sujettes , qii ' on tremblait à l ' idée de sa mort .",
                  "id": "9",
                  "title": "Scènes de la vie privée et publique des animaux : études de moeurs contemporaines / par MM. de Balzac, George Sand, Charles Nodier, J. Janin, Stahl, P. Bernard, E. de La Bédollière, L. Baude, Ed. Lemoine, etc. ; vignettes par Grandville ; [sous la direction de P.-J. Hetzel]"
            },
            {
                  "doc_url": "https://gallica.bnf.fr/ark:/12148/bpt6k58045301",
                  "emotions": [
                        "surprise",
                        "fear",
                        "nervousness"
                  ],
                  "excerpt": "Insensiblement les ténèbres envahissaient l ' intérieur de îa cabane , dont uno douce brise rafraîchissait l ' atmosphère , en soulevant avec un frou - frou continuel le rideau de la petite fenêtre .L ' heure était mystérieuse , parfumée d ' arômes et de poésie ; le coeur se dilatait joyeusement à ces tièdes haleines du soir ; on so sentait noyé dans uno ; énervanto langueur .L ' ILE DE SABLE 209 Jean « le Ganay conservait ta même position .",
                  "id": "10",
                  "title": "L'île de Sable : drames de l'Amérique du Nord / par Émile Chevalier"
            },
            {
                  "doc_url": "https://gallica.bnf.fr/ark:/12148/bpt6k207168q",
                  "emotions": [
                        "disgust",
                        "fear",
                        "nervousness",
                        "pain"
                  ],
                  "excerpt": "âgée de vingt - un ans , sujette à des irritations abdominales , prend , au lieu de sulfate de soude , quatre gros au moins de sulfure de soude en dissolution dans une infusion de chicorée .Saveur horrible et sensation d ' un liquide brûlant la bouche jusqu ' à l ' estomac , violens efforts pour vomir suivis de vomissemens .Chantourelle , arrivé un quart d ' heure après , trouve l ' appartement qui exhalait une odeur forte d ' hydrogène sulfuré , quoique les croisées eussent été ouvertes .",
                  "id": "11",
                  "title": "Médecine légale, théorique et pratique : avec le texte et l'interprétation des lois relatives à la médecine légale. T. 2 / par A. Devergie,... ; revus et annotés par J.-B.-F. Dehaussy de Robécourt,..."
            },
            {
                  "doc_url": "https://gallica.bnf.fr/ark:/12148/bpt6k207168q",
                  "emotions": [
                        "fear",
                        "pain"
                  ],
                  "excerpt": "- Deux à trois pieds et demi de longueur , de couleur cendrée , taches qui règnent le long de la partie supérieure de l ' animal , disposées sous la forme de quatre à cinq rangées longitudinales elles sont plus dessinées sur les flancs trois taches blanches ou d ' un beau jaune formant collier sur la nuque , bordées en arrière par une large tache noire très foncée ; tête plus attongée et dont les bords sont presque elliptiqués .Elle siffle avec force quand on la tourmente ; i elle exhale une odeur fétide , mord rarement , et sa morsure ne présente pas de danger .Appareil pentHtCM ~ ' de la vipère .",
                  "id": "12",
                  "title": "Médecine légale, théorique et pratique : avec le texte et l'interprétation des lois relatives à la médecine légale. T. 2 / par A. Devergie,... ; revus et annotés par J.-B.-F. Dehaussy de Robécourt,..."
            },
            {
                  "doc_url": "https://gallica.bnf.fr/ark:/12148/bpt6k9808240f",
                  "emotions": [
                        "fear"
                  ],
                  "excerpt": "CHIMIQUE .Volatil par le feu , en répandant une odeur d ' ail et de soufre .Il perd sa couleur dans l ' acide nitrique .",
                  "id": "13",
                  "title": "Tableau méthodique des espèces minérales. Distribution méthodique des espèces minérales, indication de leurs caractères et nomenclature de leurs variétés / , 1re [-2e] partie... par J.-A.-H. Lucas,..."
            },
            {
                  "doc_url": "https://gallica.bnf.fr/ark:/12148/bpt6k56952695",
                  "emotions": [
                        "fear",
                        "boredom"
                  ],
                  "excerpt": "Asphyxiés par la vapeur du charbon .L ' odeur du charbon respirée dans un lieu fermé donne la mort .Donnez un grand air au malade ; débarrassez - le de ses vêtements et le couchez sur le dos .",
                  "id": "14",
                  "title": "Manuel de charité. Pharmacopée, ou Recueil de remèdes... butiné et mis au jour pour être distribué gratuitement aux pauvres, aux habitants des campagnes et aux ouvriers de toutes les professions, par M. El. Besnard Du Chateau,..."
            },
            {
                  "doc_url": "https://gallica.bnf.fr/ark:/12148/bpt6k54290610",
                  "emotions": [
                        "fear"
                  ],
                  "excerpt": "Voici ce qu ' il observa : Dès que l ' anesthésie était complète et l ' asphyxie imminente , le sang de Tanimal était saturé de protoxyde d ' azote et ses poumons en étaient remplis .Alors on lui faisait respirer de Fuir pur .Il lui fallait environ dix respirations pour remplir les poumons d ' air et autant pour redonner au sang tout l ' oxygène dont il a besoin , mais pendant ce temps le gaz s ' échappant du sang , appauvrissait le contenu des poumons en oxygène ; ainsi la sensibilité revenait avant que le sang eût pu recouvrer assez d ' oxygène .",
                  "id": "15",
                  "title": "Notes sur les anesthésiques / par M. Arthur S. Underwood,... ; traduction du Dr G. Darin"
            },
            {
                  "doc_url": "https://gallica.bnf.fr/ark:/12148/bpt6k9813549x",
                  "emotions": [
                        "fear"
                  ],
                  "excerpt": "Maints papillons nocturnes se .puaient dans leurs chevelures ; maints oiseaux de nuit , hiboux , chats - huants , orfraies , s ' abri - taient dans leurs seins ou dans leurs casques débridés .Puis le jour les couvrit de son manteau d ' incarnat , et les soleils éblouissants furent pour eux ce qu ' étaient les ténèbres .",
                  "id": "16",
                  "title": "Oeuvres complètes d'Edgar Quinet ; 16, 17. Merlin l'enchanteur. Tome 2 / Edgar Quinet"
            },
            {
                  "doc_url": "https://gallica.bnf.fr/ark:/12148/bpt6k5848815q",
                  "emotions": [
                        "fear",
                        "courage",
                        "excitement"
                  ],
                  "excerpt": "» Dès que ma lumière fut éteinte , leur Cercle se rétrécit encore , et , jusqu ' au matin , je pus les entendre 72 EN .ALGERIE gratter la terre , passer , le museau sous la toile , en reniflant et je sentis , sur ma figure , leur haleine de bêtes fauves ! ..",
                  "id": "17",
                  "title": "En Algérie..."
            },
            {
                  "doc_url": "https://gallica.bnf.fr/ark:/12148/bpt6k5837329f",
                  "emotions": [
                        "fear",
                        "courage",
                        "nervousness"
                  ],
                  "excerpt": "DES SONNETS .Fuite de Centaures Ils fuient , ivres de meurtre 6 \" de rébellion , Vers le mont escarpé qui garde leur retraite ; La peur les précipite , ils sentent la mort prête Et flairent dans la nuit une odeur de lion .Ils franchissent , foulant l ' hydre & le flellion , Ravins , torrents , halliers , fans que rien les arrête ; Et déjà fur le ciel se dresse au loin la crête De VOsfa , de VOlympe ou du noir Pèlion .",
                  "id": "18",
                  "title": "Le Livre des sonnets. Seize dizains de sonnets choisis"
            },
            {
                  "doc_url": "https://gallica.bnf.fr/ark:/12148/bpt6k5832808f",
                  "emotions": [
                        "surprise",
                        "fear",
                        "courage",
                        "doubt",
                        "nervousness"
                  ],
                  "excerpt": "« C ' csl lui ! s ' écric - l - il .tëgmont ! ton cheval le fit - il franchir ce seuil d ' un pas si léger ? 11 ne recula pas d ' effroi à l ' odeur de sang , ni devant le glaive nu du fantôme qui le reçoit à la porte ! — Descends .— Maintenant tu as un pied dans la tombe ! et maintenant l ' un el l ' autre .",
                  "id": "19",
                  "title": "Études sur le drame antique / par Henri Weil,..."
            },
            {
                  "doc_url": "https://gallica.bnf.fr/ark:/12148/bpt6k96171588",
                  "emotions": [
                        "fear"
                  ],
                  "excerpt": "Il n ' est cependant pas prouvé par là qu ' un chien , tout en prenant la peste dont une personne est attaquée , puisse la guérir .Paullini dit encore que dans la Tauride , lorsque la peste se déclare , on commence par tuer tous les chiens , qu ' on les laisse pourrir dans les rues , et que cette putridité répandue dans l ' air détruit les principes pestilentiels .Je ne sais en quoi cela pourrait être bon , mais j ' ai souvent entendu dire que si la peste venait à Paris , on ferait bien d ' ouvrir toutes les fosses d ' aisance .",
                  "id": "20",
                  "title": "Histoire du chien chez tous les peuples du monde : d'après la Bible, les Pères de l'Eglise, le Koran, Homère, Aristote, Xénophon, Hérodote, Plutarque... / par Elzéar Blaze,..."
            }
      ]
}