{
      "articles": [
            {
                  "doc_url": "https://gallica.bnf.fr/ark:/12148/bpt6k9734732z",
                  "emotions": [
                        "grief",
                        "fear",
                        "pain"
                  ],
                  "excerpt": "» Tout le monde a lu La Charogne .Devant le cadavre où grouillent les vers et d ' où le soleil fait jaillir d ' horribles puanteurs .Rappelez - vous l ' objet que nous vîmes , mon âme , Ce beau matin d ' été si doux : Au détour d ' un sentier , une charogne infâme , Sur un lit semé de cailloux , Les jambes en l ' air , comme une femme lubrique , Brûlante et suant les poisons , Ouvrait d ' une façon nonchalante et cynique , Son ventre plein d ' exhalaisons .",
                  "id": "1",
                  "title": "Sadisme et masochisme / par le Dr Émile Laurent"
            },
            {
                  "doc_url": "https://gallica.bnf.fr/ark:/12148/bpt6k97366201",
                  "emotions": [
                        "fear"
                  ],
                  "excerpt": "Soins superflus ! on détourne le nez , Et ces tributs aux gens sont redonnés .Lors , a sa voix , l ' hôtesse doit paroître ; Et puis entendre , et ce d ' un ton de maître , Nommer vingt fois gargote sa maison , Et tous ses mets un dégoûtant poison .A ces assauts la bonne accoutumée , Laissa , sans bruit , ternir sa renommée .",
                  "id": "2",
                  "title": "La diligence , poëme en quatre chants, par M. d'Étalleville"
            },
            {
                  "doc_url": "https://gallica.bnf.fr/ark:/12148/bpt6k3041509f",
                  "emotions": [
                        "disgust",
                        "fear",
                        "nervousness"
                  ],
                  "excerpt": "11 n ’ en a que quatre aux pieds de devant , en quoi il diffère des trois autres efpèces qui en ont cinq ; il en diffère encore par la queue , qu ’ il a moins touffue .Uhabite dans des trous , dans des fentes de rochers , où il élève fes petits ; il vit de fcarabées , de vermiffeaux , de petits oi ' feaux , & lorfqu ’ il peut entrer dans une baffe - cour , il étrangle les volailles , defquelles il ne mange que la cervelle : lorfqu ’ il efl irrité ou effrayé , il rend une odeur abominable ; ni les hommes , ni les chiens n ’ ofent alors en approcher ; fon urine , qui fe mêle apparemment avec cette liqueur empeftée , tache & infeéfe d ’ une manière indélébile .Au relie , il paroît que cette mauvaife odeur n ’ eft point une chofe habituelle , C o c puifqu ’ on en apprivoife quelquefois .",
                  "id": "3",
                  "title": "Encyclopédie méthodique. Histoire naturelle.... Tome 1"
            },
            {
                  "doc_url": "https://gallica.bnf.fr/ark:/12148/bd6t5334495n",
                  "emotions": [
                        "disgust",
                        "fear",
                        "nervousness"
                  ],
                  "excerpt": "raison .Eh bien ! quand cet homme vit » habituellement d ’ un air souillé d ’ exhalaisons mauvaises , » il fait exactement ce que je viens de supposer : il s ’ em - » poisonne lentement .A mesure que nous le respirons , » nous enlevons à l ’ air l ’ élément nécessaire à la vie , et » nous y versons une sorte d ’ excréments gazeux qui est » comme le résidu de la digestion que nous en avons » faite : double cause qui en altère la pureté et le rend » impropre à entrenirla santé .",
                  "id": "4",
                  "title": "Education de l'enfant au point de vue physique et moral depuis la naissance jusqu'à l'achèvement de la première dentition / Ph. Gyoux"
            },
            {
                  "doc_url": "https://gallica.bnf.fr/ark:/12148/bpt6k935619j",
                  "emotions": [
                        "fear"
                  ],
                  "excerpt": "Quelque chose d ’ efïrayant , c ’ est la raideur des pentes ; quand on s ’ arrête au pied d ’ un chêne ou d ’ un hêtre , au bord de la route , et qu ’ on plonge les yeux dans le goullre , on a la tête sur la tige de l ’ arbre voisin .Impossible de descendre sans s ’ accrocher aux branches ou aux pointes de rochers , et si un malfaiteur vous assommait là , il n ’ aurait qu ’ à lancer votre cadavre au fond , où l ’ on ne le soupçonnerait même pas à moins d ’ odeur révélatrice .Malgré tout , c ’ est ravissant , et jamais , d ’ ailleurs , on n ’ a eu ni accident ni crime à signaler sur cette route poétique : il n ’ y a pas de pays plus sûr que celui - là .",
                  "id": "5",
                  "title": "La fin de mon siècle (suite aux \"Gens de notre âge\") / Victor Thiéry"
            },
            {
                  "doc_url": "https://gallica.bnf.fr/ark:/12148/bpt6k9693150x",
                  "emotions": [
                        "disgust",
                        "fear"
                  ],
                  "excerpt": "Il fort de leur bouche des .choses horribles : c ' est un sr - pulcre qui exhale des odeurs insupportables ; leur amitié a ' eir que fourberie , leur diCcours n ' est que mensbnge .Pu - niflez - les , ô mon Dieu ! & , par un juste jugement , renversez tous leurs des - seins ; que l ' état où ils seront réduits , & leur disgrace , dé - num < 5 * dtJlofum abominabitur Do - minus : ego autem in multitudinemi .",
                  "id": "6",
                  "title": "Paraphrase courte ou Traduction suivie des Pseaumes de David. Tome 1 / . Avec des argumens qui en donnent la veritable idée. Et des réflexions touchantes & solides qui apprennent l'usage que l'on en doit faire. Tome premier [-troisième]"
            },
            {
                  "doc_url": "https://gallica.bnf.fr/ark:/12148/bpt6k5732528x",
                  "emotions": [
                        "fear",
                        "nostalgia",
                        "relief"
                  ],
                  "excerpt": "— Mais à quoi pensez - vous donc ce soir , Augustine ? vous ne faites rien de bien .Ce thé sent la fumée d ' une manière affreuse ; il me soulève le coeur .— Mon dieu ! madame , dit la jeune fille embarrassée et regardant toujours Léopold , je ne sais pas comment cela se fait ; .",
                  "id": "7",
                  "title": "Corps sans âme, par Jules Lacroix. Volume 1"
            },
            {
                  "doc_url": "https://gallica.bnf.fr/ark:/12148/bpt6k96017193",
                  "emotions": [
                        "fear",
                        "pain"
                  ],
                  "excerpt": "Le visage est pâle , les lèvres livides ; parfois , dès les premiers moments , un liseré bleuâtre se montre sur le bord des gencives .Celles - ci , ainsi que les dents , sont noircies ; l ' haleine est fétide , la voix est éteinte ; un hoquet pénible soulève l ' estomac ; des syncopes , des convulsions terribles précèdent un état de torpeur comateux qui peut durer deux ou trois jours , et que la mort termine .» Le malade cependant peut guérir .",
                  "id": "8",
                  "title": "Les poisons / par Arthur Mangin"
            },
            {
                  "doc_url": "https://gallica.bnf.fr/ark:/12148/bpt6k5842752s",
                  "emotions": [
                        "fear"
                  ],
                  "excerpt": "Que ce beau jour avait de • charme ! La fenêtre était ouverte : on voyait le ciel bleu , le soleil doré sur les maisons , l ' eau scintillante , la forêt des mâts , la foule ■ grouillante sur le quai .Une forte odeur marine montait du port .Je désirais Colette .",
                  "id": "9",
                  "title": "Les coeurs malades : roman / Eugène Montfort"
            },
            {
                  "doc_url": "https://gallica.bnf.fr/ark:/12148/bpt6k5565475h",
                  "emotions": [
                        "fear"
                  ],
                  "excerpt": "A l ' opéra comme à l ' église , Il comnvt plus d ' une noirceur , S ius les paniers de la marquise Ou sous la bure de la soeur .19 Pour en finir , do son haleine , Fuyez , fuyez la sale odeur ! Craignez surtout quand il dégaine Pour voire nez quelque malheur ! ! ..",
                  "id": "10",
                  "title": "Le Pet, poème lyrique, satirique, humouristique et rigolard... par M. Bombardon,... (3e édition.)"
            },
            {
                  "doc_url": "https://gallica.bnf.fr/ark:/12148/bpt6k5623665b",
                  "emotions": [
                        "fear",
                        "doubt",
                        "frustration"
                  ],
                  "excerpt": "Placé entre l ' ennui plat de .la province et l ' acre saveur de l ' orgie parisienne , je ne sais pour quoi je vais opter .Je suis dégoûté de moi - même , autant que j e suis désenchanté des autres .",
                  "id": "11",
                  "title": "Apprentissage de la vie : avec une dédicace à la mort / Edmond Thy"
            },
            {
                  "doc_url": "https://gallica.bnf.fr/ark:/12148/bpt6k5730026r",
                  "emotions": [
                        "fear",
                        "nervousness"
                  ],
                  "excerpt": "- — sëritèuK| — au pi .bonnes odeurs : je crains les odeurs .— fig .",
                  "id": "12",
                  "title": "Nouveau Vocabulaire français de De Wailly : où l'on a suivi l'orthographe du Dictionnaire de l'Académie... (Vingt-deuxième édition) / par François De Wailly,... et Etienne De Wailly,..."
            },
            {
                  "doc_url": "https://gallica.bnf.fr/ark:/12148/bpt6k9692459c",
                  "emotions": [
                        "disgust",
                        "fear",
                        "nervousness"
                  ],
                  "excerpt": "Lamelles adnées , peu serrées , larges , tantôt concolores , tantôt blanchâtres .Odeur anisée .Comestible .",
                  "id": "13",
                  "title": "Champignons observés à La Rochelle et dans les environs / par M. Georges Bernard,..."
            },
            {
                  "doc_url": "https://gallica.bnf.fr/ark:/12148/bpt6k5788752h",
                  "emotions": [
                        "fear",
                        "nervousness",
                        "pain"
                  ],
                  "excerpt": "ABBÉ DE SAINT - FIRMIN 59 Mais l ' on m ' a dit que la langue en ces bois Est ores feuilles et n ' a ni son ni voix ; Sans te mentir en cette répartie Je croy la mienne en feuille convertie , Et ne voudrois pour un bon quart d ' escu , Qu ' homme brenu s ' en fist son torche - cu ! Ainçois retiens à faveur non pareille Si l ' on n ' en fait un bouchon de bouteille ; Par son moyen l ' on peut me consoler Dans le chagrin de ne pouvoir parler , Et mainte fois je me suis laissé dire Que sa liqueur joyeux devis inspire , Que ses vapeurs qui vont jusqu ' aux bonnets Nous font jaser ainsi que sansonnets , Et certain est que tout sansonnet jase ; Mais de tes vers je me treuve en extase , Et ne crois pas m ' en pouvoir relever Si je ne bois et ne pinte à crever .Or en crevant je crains que ma bedaine Me fist crever par sa mauvaise haleine .Je ne voudrois estre en mauvaise odeur A gens mitres comme est vostre Grandeur , Mitre vrayment , mais à si juste tiltre Qu ' oncques mortel de mortier , ou de mitre , Si dignement n ' a affublé son chef ; Mériteriez certes le couvrechef Pontifical , à qui gent non barbare , Ainçois romaine , a donné nom de Tiare ! Que je serois un drosle esperlucat Durant le temps de ce pontificat ; Que je nourris de douces espérances Pour grands pardons et belles indulgences , Pour jubilés et jubilations .",
                  "id": "14",
                  "title": "Les lettres libertines en vers de Claude de Chaulne,... / publiées par Frédéric Lachèvre,..."
            },
            {
                  "doc_url": "https://gallica.bnf.fr/ark:/12148/bpt6k5448275z",
                  "emotions": [
                        "joy",
                        "fear",
                        "excitement",
                        "pain"
                  ],
                  "excerpt": "Ces chaleurs avaient desséché les rives de la Tamise , transformées en un immense cloaque où fermentaient , à ciel ouvert , sous un soleil brûlant , au milieu de la grande ville , les vidanges de trois millions d ' hommes .Des exhalaisons fétides se dégageaient sans fin de cette horrible boue .« Jamais , dit le docteur Budd , pareille puanteur n ' avait encore souillé l ' air des humains .",
                  "id": "15",
                  "title": "Étiologie et pathogénie de la fièvre typhoïde / par M. Chauffard ; Académie de médecine"
            },
            {
                  "doc_url": "https://gallica.bnf.fr/ark:/12148/bpt6k5327560f",
                  "emotions": [
                        "anger",
                        "fear"
                  ],
                  "excerpt": "Et les voilà qui se brisent ! Et comme elle ne sent plus les cas - m - cou , elle se heurte à chaque pas , se léza ' de le nez , Et te flanque au derrière de solides ruades Très chic ! Mais , comme les jésuites , comme les tartuffes , tu es patient .Etre infect , soleil jaunâtre comme un louis , quand disparaîtras - tu ? Ton jour est proche , mille démons ! Tous te quiitent .C ’ est la fonte des neiges .",
                  "id": "16",
                  "title": "Le Père fouettard"
            },
            {
                  "doc_url": "https://gallica.bnf.fr/ark:/12148/bpt6k6473516m",
                  "emotions": [
                        "disgust",
                        "fear"
                  ],
                  "excerpt": "Les mêmes maisons abandonnées servaient de latrines aux matelots et aux soldats , parce qu ' il ne s ' en trouve point en cette ville .Les miasmes méphitiques qui s ' en élevaient le matin , au lever du soleil , exhalaient dans tout le voisinage une fétidité suffocante .Le cimetière public de la Fossette , beaucoup trop resserré dans sa surface à raison du nombre des cadavres que l ' on y entassait ; le peu de profondeur des fosses , fort au dessous des dimensions prescrites par les lois de police ; la négligence criminelle avec laquelle on procédait aux inhumations , telles étaient les causes qui menaçaient de dangers sans nombre par le développement des gaz délétères dans une atmosphère déjà viciée ; les voiries abandonnées , les animaux livrés , sur les lieux où ils périssaient , à une décomposition dont les produits se mêlaient partout à l ' air que respiraient les citoyens .",
                  "id": "17",
                  "title": "Précis historico-physique d'hygiène navale , suivi d'un Recueil analytique des meilleurs écrits publiés sur les quatre maladies les plus redoutables aux navigateurs européens en Amérique et aux Indes (le scorbut, le tétanos, le choléra-morbus et la fièvre jaune). Par M. Da-Olmi,..."
            },
            {
                  "doc_url": "https://gallica.bnf.fr/ark:/12148/bpt6k5628558d",
                  "emotions": [
                        "grief",
                        "sadness",
                        "disgust",
                        "anger",
                        "fear",
                        "despair",
                        "pain"
                  ],
                  "excerpt": "96 HISTOIRE » couvert d ' une lèpre affreuse s ' arrêta à la porte » de Hohenbourg pour demander une .aumône , » en proférant les cris les plus lamentables ; » mais ce malheureux était hideux à tel point , » et répandait une odeur si infecte , qu ' aucun « des serviteurs de la maison ne voulut l ' appro » cher .L ' un d ' eux cependant alla en informer » la sainte .",
                  "id": "18",
                  "title": "Histoire de sainte Odile, patronne de l'Alsace, par le Bon Marie-Théodore de Bussierre"
            },
            {
                  "doc_url": "https://gallica.bnf.fr/ark:/12148/bpt6k5842752s",
                  "emotions": [
                        "fear",
                        "desire",
                        "nostalgia",
                        "doubt",
                        "nervousness",
                        "disappointment"
                  ],
                  "excerpt": "Un matin de printemps , j ' étais à ma fenêtre ; il faisait un temps délicieux , j ' admirais le ciel .Toute troublée , frissonnante , j ' aspirais jusqu ' à la perte de mon souffle l ' air embaumé des mimosas .Je vois Pierre qui approchait de la maison , et je suis émue comme jamais je ne Pavais été .",
                  "id": "19",
                  "title": "Les coeurs malades : roman / Eugène Montfort"
            },
            {
                  "doc_url": "https://gallica.bnf.fr/ark:/12148/bpt6k6531445h",
                  "emotions": [
                        "fear",
                        "nervousness"
                  ],
                  "excerpt": "Bruce assure que l ' arbre qui produit le baume de Judée et la myrrhe est indigène dans l ' Abyssinie .Il craint qu ' une exploitation exagérée ne fasse bientôt disparaître ces forêts odoriférantes .Toute l ' Abyssinie respire les parfums qu ' exhalent les roses , les jasmins , les lis , les œillets , dont les champs sont couverts .",
                  "id": "20",
                  "title": "Précis de la géographie universelle, ou Description de toutes les parties du monde : précédée d'une histoire complète de la géographie chez tous les peuples... (Nouvelle édition rectifiée et augmentée...) / par Malte-Brun"
            }
      ]
}