{
      "articles": [
            {
                  "doc_url": "https://gallica.bnf.fr/ark:/12148/bpt6k2059042",
                  "emotions": [
                        "fear",
                        "nervousness"
                  ],
                  "excerpt": "Ceux qui couperont tes \" oignons , porreaux , échalotes , aulx , seront mis à part .de crainte de communiquer leur mauvaise odeur à d ' autres objets .~ .",
                  "id": "1",
                  "title": "Nouveau manuel complet de la maîtresse de maison, ou Lettres sur l'économie domestique / par Mme Pariset ; suivi d'un appendice par Mmes Gacon-Dufour, Celnart, etc..."
            },
            {
                  "doc_url": "https://gallica.bnf.fr/ark:/12148/bpt6k5475046f",
                  "emotions": [
                        "fear",
                        "pain"
                  ],
                  "excerpt": "Elle va partir ; une des soeurs , très riche , va l ' emmener dans une belle voiture ; on l ' enveloppera complètement dans du coton , et dans ' peu de temps elle guérira .Quelques jours après son entrée , son délire de persécution se manifeste avec une plus grande intensité ; ses persécutions étaien variées ; elle croyait être empoisonnée par de l ' acide sulfurique , on la rouait de coups pendant la nuit , on venait lui brûler les jambes , on lui introduisait un fer rouge dans le rectum ; elle sentait aussi de mauvaises odeurs imaginaires , mais n ' avait pas conscience de l ' odeur de la salle des gâteux où elle se trouvait .Les deux certificats de huitaine et de quinzaine portent les indications suivantes : « Ataxie locomotrice progressive , lypémanie , hallucinations diverses .",
                  "id": "2",
                  "title": "Recherches sur les troubles fonctionnels des nerfs vaso-moteurs dans l'évolution du tabes sensitif / par le Dr Carlos E. Putnam,..."
            },
            {
                  "doc_url": "https://gallica.bnf.fr/ark:/12148/bpt6k9686449z",
                  "emotions": [
                        "fear"
                  ],
                  "excerpt": "Ces établissements sont très importants au point de vue de l ' hygiène publique et de l ' industrie ; ils sont surtout indispensables dans les grandes villes ; ils permettent d ' utiliser pour l ' industrie , le commerce et l ' agriculture , des produits , qui , pour la plupart , seraient perdus et occasionneraient des dangers pour l ' hygiène , s ' ils étaient mal enfouis ou s ' ils n ' étaient pas enfouis .Les clos d ' équarrissage sont des établissements insalubres ; ils lais - sent échapper d ' abondantes émanations putrides , ils attirent les mouches et les rats ; leur voisinage est incommode , désagréable et dangereux ; aussi les relègue - t - on dans les lieux éloignés des villes et dans des lieux déserts si c ' est possible .Bien plus , l ' autorité a le droit et le devoir de connaître à l ' avance les plans de l ' industriel , qui demande à créer un clos d ' équarrissage , de lui imposer certaines dispositions et certaines obligations , d ' exiger une bonne tenue et la désinfection , d ' exercer ou faire exercer une surveillance perpétuelle et constante .",
                  "id": "3",
                  "title": "Traité des maladies contagieuses et de la police sanitaire des animaux domestiques (3e édition, revue et corrigée...) / par M. V. Galtier,..."
            },
            {
                  "doc_url": "https://gallica.bnf.fr/ark:/12148/bpt6k61089038",
                  "emotions": [
                        "surprise",
                        "grief",
                        "disgust",
                        "fear",
                        "doubt"
                  ],
                  "excerpt": "V .Abîme fait de nuit et d ' épouvante ; cuve , Où fermenta du sang , comme dirait Hugo ; La feuille morte , autour de l ' infernale étuve , Dansé au bruit du zéphir son léger fandango ; La clématite en gerbe emplit chaque lézarde , Mais si jusques au fond le regard se hasarde , On y voit s ' entasser crânes et péronés ; Et de ce trou hideux , gouffre où l ' horreur abonde , Je ne sais quelle odeur vague et nauséabonde Soudain monte et vous prend au nez .VI .",
                  "id": "4",
                  "title": "Yseult... [Signé : Léonce Fabre Des Essarts.]"
            },
            {
                  "doc_url": "https://gallica.bnf.fr/ark:/12148/bpt6k5427420t",
                  "emotions": [
                        "disgust",
                        "fear"
                  ],
                  "excerpt": "Et alors , détachant son manteau pour ne pas déranger le repos et le sommeil de cette prostituée qu ' on lui avait adressée , immonde complément d ' une immonde hospitalité , il ouvrit violemment la porte de ce boudoir infect , et aussitôt , quel miracle ! le boudoir devint hôpital .Une odeur nauséabonde de fièvre et de mort , longtemps com20 com20 — 202 — primée dans ces murailles , s ' éleva de partout ; à la lueur d ' une misérable chandelle qui se mourait aussi dans son infection , Christophe découvrit une malheureuse créature sur laquelle la mort jetait lentement son plus affreux linceul .Celte femme , que la mort et la souffrance avaient enfin arrachée au vice ( la douleur , purification d ' une heure ) , était redevenue , à son heure dernière , presque une créaturc faite par Dieu , a son image .",
                  "id": "5",
                  "title": "Le chemin de traverse (Nouvelle édition entièrement revue et corrigée par l'auteur) / par Jules Janin"
            },
            {
                  "doc_url": "https://gallica.bnf.fr/ark:/12148/bpt6k96568750",
                  "emotions": [
                        "fear"
                  ],
                  "excerpt": "L ' étang envoie son présent à la rivière , ses eaux débordantes , des eaux qui sentent la terre labourée et la fange , qui ont le goût de vase .L ' odeur violente de l ' étang grise les poissons à la lune d ' avril .Ils sont en mal d ' amour , pleins de langueur et d ' appétits étranges .",
                  "id": "6",
                  "title": "Le Roman de la rivière. Images de Georges Delaw / Georges Ponsot"
            },
            {
                  "doc_url": "https://gallica.bnf.fr/ark:/12148/bpt6k55867295",
                  "emotions": [
                        "disgust",
                        "fear"
                  ],
                  "excerpt": "Dans la majeure partie des fermes on les place dans une hutte basse , étroite , sombre , malsaine , où ils couchent sur une litière toute trempée par les urines qui s ' amassent sur le sol , au sein d ' une atmosphère viciée .Devant la porte s ' étale un cloaque pestilentiel .De cour , et surtout do bassin de lavage , il n ' en faut pas parler : le porc est traité cotnnio lo dernier paria des espèces animales .",
                  "id": "7",
                  "title": "La charcuterie pratique (8e éd.) / par Marc Berthoud,..."
            },
            {
                  "doc_url": "https://gallica.bnf.fr/ark:/12148/bpt6k935248z",
                  "emotions": [
                        "disgust",
                        "fear"
                  ],
                  "excerpt": "Le quartier des Juifs eft une autre caufe toujours fubfïftante de l ’ infection de l ’ atmofphere .La mauvaife odeur confiante de l ’ air qu ’ on y refpire , eft une nouvelle preuve du danger de l ’ en * - taffemeqt des hommes & des animaux .Des rues fort étroites , des maifons très - élevées , dans un efpace trop refféré pour la quantité des Habitans ; des familles nombreufes accumulées , dans de petits appartenions ; les écuries , la tuerie , la boucherie , tout eft raffemblé entre des bornes très - rapprochces , d ’ une maniéré k détruire les propriétés utiles de l ’ air , & à le rendre méphytique .",
                  "id": "8",
                  "title": "Avis aux Messins sur leur santé, ou Mémoire sur l'état habituel de l'atmosphère à Metz et ses effets sur les habitans de cette ville, par M. Michel Du Tennetar,..."
            },
            {
                  "doc_url": "https://gallica.bnf.fr/ark:/12148/bpt6k9686449z",
                  "emotions": [
                        "fear",
                        "pain"
                  ],
                  "excerpt": "Quelquefois la septicémie se greffe sur les lésions de la péripneumo ' nie et entraîne rapidement la mort des malades ; les sétons et les trochisques provoquent , sur les animaux atteints de péripneumonie , des engorgements , qui deviennent parfois gangreneux ; et il arrive quelquefois , quoique assez rarement , qu ' une partie de poumon mortifiée , recevant des germes aériens avec les poussières inhalées , se putréfie et qu ' il s ' ensuive une infection septique .Alors la fièvre redouble ; l ' air expiré devient fétide ; le j etage est également fétide , grumeleux , puriforme ; il se produit parfois des taches pétéchiales sur les muqueuses ; on entend des bruits de crépitation dans la poitrine ; on ausculte du gargouillement bronchique et du râle caverneux , et la mort arrive promptement .La péripneumonie semble quelquefois se terminer par la guérison ; et d ' autres fois elle passe manifestement à l ' état subaigu ou chronique , en laissant des traces et des symptômes plus ou moins accusés et plus ou moins graves .",
                  "id": "9",
                  "title": "Traité des maladies contagieuses et de la police sanitaire des animaux domestiques (3e édition, revue et corrigée...) / par M. V. Galtier,..."
            },
            {
                  "doc_url": "https://gallica.bnf.fr/ark:/12148/bpt6k9737019m",
                  "emotions": [
                        "fear",
                        "nostalgia"
                  ],
                  "excerpt": "Protée était son père ; et la fable autrefois Consacra son malheur , qu ' ose chanter ma voix .A cette heure douteuse , où l ' ombre plus tardive Suit du jour qui s ' éteint la clarté fugitive , ' La Nymphe , loin de Flore , hélas ! loin , pour jamais , Des champs et de son cœur goûtant l ' heureuse paix , Sous l ' odorant feuillage où chantait Philomèle Savourait du repos la douceur infidèle .Zéphire l ' aperçoit , et , d ' un souffle enflammé Caresse des attraits dont son œil est charmé .",
                  "id": "10",
                  "title": "Les Fleurs, idylles morales , suivies de poésies diverses ; par E.-Constant Dubos,..."
            },
            {
                  "doc_url": "https://gallica.bnf.fr/ark:/12148/bpt6k96418829",
                  "emotions": [
                        "anger",
                        "fear",
                        "desire",
                        "excitement",
                        "nervousness",
                        "pain"
                  ],
                  "excerpt": "Elle ne connaissait l ' amour que par les feuilletons et les faits divers qu ' elle dévorait , chaque matin , dans le journal qu ' achetaient ses parents , et une curiosité voluptueuse agitait tout son être .Son sang bouillait dans ses veines , et elle sentait des démangeaisons ardentes lui brûler la peau .La main de son adorateur , dégantée maintenant , saisit la sienne et la serra .",
                  "id": "11",
                  "title": "Précoce (7e édition) / George Bois"
            },
            {
                  "doc_url": "https://gallica.bnf.fr/ark:/12148/bpt6k9604872r",
                  "emotions": [
                        "fear",
                        "pain"
                  ],
                  "excerpt": "Comme nous étions convenus de mettre pied à terre s ' il étoit possible , nous fîmes tirer droit à l ' île par un côté ou la mer ne bouillonnoit pas , mais où elle fumoit beaucoup .À peine fûmes - nous entrés dans cette fumée , que nous sentîmes une chaleur étouffante qui nous saisit .Nous mimes la main dans l ' eau , et nous la trouvâmes brûlante .",
                  "id": "12",
                  "title": "Les beautés de la nature, ou Description des arbres, plantes, cataractes, fontaines, volcans, montagnes, mines, etc., les plus extraordinaires ... par A. Antoine..."
            },
            {
                  "doc_url": "https://gallica.bnf.fr/ark:/12148/bpt6k6134939g",
                  "emotions": [
                        "grief",
                        "fear",
                        "calmness",
                        "despair"
                  ],
                  "excerpt": "Si quelqu ' un vient , je suis sorti .Me voici hors des murs , bien parti , Loin de ton haleine embaumée .Vers toi s ' envole la fumée ; Qu ' elle t ' étouffe , et que Titi .",
                  "id": "13",
                  "title": "M. Louis Veuillot et ses couleuvres / par Edgar Joubert"
            },
            {
                  "doc_url": "https://gallica.bnf.fr/ark:/12148/bpt6k9602955z",
                  "emotions": [
                        "admiration",
                        "fear",
                        "approval"
                  ],
                  "excerpt": "Enfin , on peut affirmer , d ' après votre propre expérience , & cela sans crainte d ' être démenti $ que les acides neutralisent dans un instant le M .phitisme , ou si mieux aimez , l ' alkali putride qui porte dans les fonctions essentiélles de la vie des atteintes jubites ; très - dangereuses , Il faut eh convenir , vous avez prouvé tout cela en grand & très - éclairé professeur : \" je vous en félicite .Aétuellement que nous sommes d ' accord sur la nature du Méphitifirie & sur le moyen de le neutral ' iser par 7 les acides , il s ' agit de savoir si les moyens que j ' ai découverts & publiés comme Antiméphitiques ont produit leur efFet .",
                  "id": "14",
                  "title": "Réplique au docteur M. Hallé,... au sujet d'un ouvrage de sa composition, ayant pour titre : \"Recherches sur la nature & les effets du méphitisme des fosses d'aisance\" ... Par M. Janin de Combe-Blanche,..."
            },
            {
                  "doc_url": "https://gallica.bnf.fr/ark:/12148/bpt6k932136q",
                  "emotions": [
                        "disgust",
                        "anger",
                        "fear",
                        "annoyance",
                        "disapproval",
                        "excitement",
                        "nervousness",
                        "pain"
                  ],
                  "excerpt": "— Coryza fluent dans une chambre froide , seca a * r chaud et dehors .Coryza fluent violent avec exco - Dation des narines .Larynx .",
                  "id": "15",
                  "title": "Éléments de matière médicale homoeopathique / par le docteur Paul Chiron,..."
            },
            {
                  "doc_url": "https://gallica.bnf.fr/ark:/12148/bpt6k6443416f",
                  "emotions": [
                        "disgust",
                        "fear"
                  ],
                  "excerpt": "Ce courageux office était d ' autant plus grand Que , vous dames alors de l ' aristocratie , Quand Prussiens et Bourbons nous vinrent à la fois , C ' étaient les fils du peuple et les vaincus des rois Dont vos cœurs entraînés furent la Providence En ces jours de malheurs et de Sainte - Alliance ! Que lugubres pourtant fnrent vos saints travaux D ' abord ! On entassait cadavres par monceaux , Lorsque la mort était encor la plus puissante Et qu ' elle domina quelque temps tous vos soins .Les corps putréfiés encombraient tous les coins , Répandant une odeur mortelle , suffocante .Des pouvoirs restaurés l ' âme compatissante Eut sa pensée ailleurs qu ' à ces pressants besoins .",
                  "id": "16",
                  "title": "Les échos du soir : poésies / par Auguste Leplat, père"
            },
            {
                  "doc_url": "https://gallica.bnf.fr/ark:/12148/bpt6k5438582v",
                  "emotions": [
                        "fear",
                        "pain"
                  ],
                  "excerpt": "Albert avait choisi le revolver .Si l ' on se pend , la peau verdit ; si l ' on se noie , on risque de s ' enrhumer à la morgue ; si l ' on s ' empoisonne , des gaz se forment à l ' intérieur lies intestins et s ' échappent en émanations putrides .Le revolver , lui , n ' altère ni la physionomie , ni les parties du corps qui prêtent à rire .",
                  "id": "17",
                  "title": "Albert / Louis Dumur"
            },
            {
                  "doc_url": "https://gallica.bnf.fr/ark:/12148/bpt6k61059307",
                  "emotions": [
                        "fear",
                        "courage",
                        "doubt",
                        "embarrassment",
                        "guilt"
                  ],
                  "excerpt": "Je ne regrette pas votre épuisante étreinte , Ni votre grand savoir des lourdes voluptés .Mais avez - vous encor dans vos cheveux nattés , Rousse toison qui luit sur les fonds de l ' alcôve , Ce parfum énervant et cette odeur de fauve ? ' Robert ' Case , ANTONIO NOUVELLE ROMANTIQUE Elle rassembla , cette pauvre femme , tout ce qu ' elle avait de force et de courage , elle vint le trouver , se jeta à ses genoux et lui dit : — Tuez moi , car j ' ai failli et je vous ai trompé , car je n ' ai pas gardé pur et intact .le nom que vous m ' avez confié , car j ' ai été infâme et adultère .",
                  "id": "18",
                  "title": "Paris moderne : revue littéraire et artistique"
            },
            {
                  "doc_url": "https://gallica.bnf.fr/ark:/12148/bpt6k5724845t",
                  "emotions": [
                        "surprise",
                        "fear",
                        "nervousness",
                        "embarrassment"
                  ],
                  "excerpt": "Oui , maintenant , elle est charmée .Vois , elle vient de s ' assoupir ; Sa bouche est à demi - fermée , Et de son haleine embaumée LE BERCEAU .243 Je n ' entends plus que le soupir .",
                  "id": "19",
                  "title": "Méditations religieuses, par P.-E. Adam-Chevallier"
            },
            {
                  "doc_url": "https://gallica.bnf.fr/ark:/12148/bpt6k1025232x",
                  "emotions": [
                        "fear",
                        "love",
                        "desire",
                        "greed",
                        "nervousness"
                  ],
                  "excerpt": "LES COMMUNIANTES Elles vont , les Communiantes , Pareilles à des lilas blancs .Mai jette aux brises ambiantes Ses premiers effluves troublants , Lorsque les marronniers tremblants Écoutent la chanson nocturne Des rossignols énamourés , Et que le Ciel , penchant son urne , Verse un fleuve d ' astres dorés Sur la Grand ' Ville taciturne .Mai jette aux brises du matin , Tire - lire et ter - lin - tin - tin , La romance des hirondelles , Le habillage des moineaux ; Mai cadence des ritournelles Sur les quatre points cardinaux .",
                  "id": "20",
                  "title": "Poèmes parisiens / Émile Goudeau ; illustrations de Ch. Jouas ; gravées sur bois par H. Paillard"
            }
      ]
}