{
      "articles": [
            {
                  "doc_url": "https://gallica.bnf.fr/ark:/12148/bpt6k5526580c",
                  "emotions": [
                        "fear",
                        "courage",
                        "pain"
                  ],
                  "excerpt": "Une poitrine d ' airain lui barre le passage : là commence un combat corps à corps .Le courageux athlète sent sur son visage l ' haleine brûlante du tigre , dont les pattes s ' abattent à coups pressés sur ses vêtements qu ' elles ravagent .L ' épéc qui fouille les flancs de l ' animal lui arrache des hurlements affreux , doses griffes il laboure cruellement les membres de son ennemi : le sang ruisselle de foutes parts .",
                  "id": "1",
                  "title": "Les exploits du capitaine Roland, ou L'amour d'une créole / par Th. Labourieu et Saint-Urin"
            },
            {
                  "doc_url": "https://gallica.bnf.fr/ark:/12148/bpt6k5526580c",
                  "emotions": [
                        "disgust",
                        "fear"
                  ],
                  "excerpt": "Le monstre descendait , effroyable épée de Damoclès , sur la tête du dormeur que son souffle typhoïde plongeait de plus en plus dans une léthargie alonique .LES EXPLOITS DU CAPITAINE ROLAND Pintôs reconnut , avec une indicible terreur , que cette espèce de serpent appartenait à l ' ophidien siffleur , dont l ' haleine empestée endort sa victime et l ' anéantit , avant de la mordre d ' un croc mortel ( 1 ) .Le terrible annélidaire balançait dans le vide sa tête menaçante , sa langue effleurant le niveau du sol , près de la tête de Roland .",
                  "id": "2",
                  "title": "Les exploits du capitaine Roland, ou L'amour d'une créole / par Th. Labourieu et Saint-Urin"
            },
            {
                  "doc_url": "https://gallica.bnf.fr/ark:/12148/bpt6k5726479v",
                  "emotions": [
                        "disgust",
                        "fear",
                        "disapproval",
                        "greed"
                  ],
                  "excerpt": "127 aux yeux de quelques spéculateurs un adroit calcul , un trait d ' habileté ; aux yeux de la morale , c ' est toujours une mauvaise action .Loin de vous ces bénéfices homicides ! Un argent ainsi gagné a je ne sais quelle odeur de meurtre .Vous pouvez m ' en croire , il porte infailliblement malheur .",
                  "id": "3",
                  "title": "Conseils aux ouvriers sur les moyens d'améliorer leur condition (Nouvelle édition revue et mise au courant de la législation actuelle) / par Th.-H. Barrau"
            },
            {
                  "doc_url": "https://gallica.bnf.fr/ark:/12148/bpt6k97426521",
                  "emotions": [
                        "disgust",
                        "fear"
                  ],
                  "excerpt": "On ne réussiroit par un excès de précaution , qu ' à les étouffer .D ' ailleurs , quand même elles pourroient encore respirer dans la Ruche , l ' air trop renfermé s ' y corromproit en peu de tems : il seroit infe & é de l ' odeur des Abeilles qui périssènt & pourrissent dans la Ruche même .Il deviendroit enfin excessivement humide , il se chargeroit de tout ce qui transpire du corps des Abeilles , & les gâteaux seroient tout couverts de moisissures .",
                  "id": "4",
                  "title": "Nouvelle construction de ruches de bois, avec la façon de gouverner les abeilles, et l'histoire naturelle de ces insectes . Par M. Palteau... Nouvelle édition revue corrigée & augmentée"
            },
            {
                  "doc_url": "https://gallica.bnf.fr/ark:/12148/bpt6k9312463",
                  "emotions": [
                        "disgust",
                        "anger",
                        "fear",
                        "annoyance",
                        "disapproval",
                        "embarrassment"
                  ],
                  "excerpt": "Sur les deux heures de l ’ après - midi , je suis parti pour aller voir Fidèle et l ’ interroger .Je déteste cette odeur de chou qui sort de toutes les petites boutiques , dans la Miestchanskaia ; de dessous les portes de chaque maison , arrive une telle horreur que , me bouchant le nez , j ’ ai couru à toutes jambes .De vils artisans y laissent aussi échapper de leurs ateliers une telle quantité de suie fine et de fumée , qu ’ il est absolument impossible à un homme comme il faut de se promener en cet endroit .",
                  "id": "5",
                  "title": "Contes et nouvelles ; La terrible vengeance ; Le nez ; Mémoires d'un fou ; La place ensorcelée / Nikolaï Gogol ; Traduits par Henri Chirol"
            },
            {
                  "doc_url": "https://gallica.bnf.fr/ark:/12148/bpt6k6212445j",
                  "emotions": [
                        "fear",
                        "nervousness"
                  ],
                  "excerpt": "M urelle de ce nerf offre une particularité très ~ 1 n ' observe pas dans l ' optique et l ' auditif .Sa sen ~ ae rapidement lorsque la même odeur frappe les aies du nerf .Rien de plus commun que de senN g étestable près d ' une personne qui ne s ' en doute ~ séjourne dans un air chargé de cette odeur .",
                  "id": "6",
                  "title": "Manuel de physiologie humaine, par le Dr J.-A. Fort,..."
            },
            {
                  "doc_url": "https://gallica.bnf.fr/ark:/12148/bpt6k2137167",
                  "emotions": [
                        "fear",
                        "nervousness"
                  ],
                  "excerpt": "Feuilles linéaires - étroites , ordinairement mncronëes , uninervées , à bords roulés en dessous , verticniées par 6 - 12 .Fleurs d ' un beau jaune , , à odeur de MéH ) ot , disposées en panicules terminales .Fruit petit , glabre et lisse .",
                  "id": "7",
                  "title": "Bulletin de la Société des sciences historiques et naturelles de Semur (Côte-d'Or)"
            },
            {
                  "doc_url": "https://gallica.bnf.fr/ark:/12148/bpt6k5786442g",
                  "emotions": [
                        "sadness",
                        "disgust",
                        "fear",
                        "despair",
                        "frustration",
                        "embarrassment",
                        "disappointment"
                  ],
                  "excerpt": ".Un affreux nain , puant la poix et le vieux cuir , s ' approche de moi d ' un air piteux , avec de gros soupirs : — Tu vois ! me dit - il .Les pauvres juifs , comme on nous traite ! C ' est un vieillard ! regarde .",
                  "id": "8",
                  "title": "Oeuvres complètes de Alphonse Daudet. 1, 1 / édition définitive, illustrée de gravures à l'eau forte d'après les dessins de Émile Adan, A. Dawant, A.-F. Gorguet, P.-A. Laurens et C. Léandre ; et précédée d'un Essai de biographie littéraire par Henry Céard..."
            },
            {
                  "doc_url": "https://gallica.bnf.fr/ark:/12148/bpt6k37453z",
                  "emotions": [
                        "surprise",
                        "fear",
                        "nervousness"
                  ],
                  "excerpt": "L ' enfant , sous le talisman , avait une terrible frayeur , disant qu ' il y avait sur la place un million d ' hommes féroces , qui s ' efforçaient de nous exterminer ; et que quatre géants armés , d ' une énorme stature , s ' efforçaient de rompre notre cercle .Pendant que le magicien , saisi de crainte , tâchait par des moyens doux et polis de les renvoyer du mieux qu ' il pouvait , Vincenzio Romoli tremblait comme la feuille en prenant soin des parfums .Quoique je fusse plus effrayé qu ' aucun d ' eux , je tâchais de cacher la terreur que je ressentais , et je contribuai puissamment à les armer de résolution mais la vérité est que je me regardais comme un homme perdu , voyant l ' horrible pâleur du magicien .",
                  "id": "9",
                  "title": "La physique populaire / Emile Desbeaux"
            },
            {
                  "doc_url": "https://gallica.bnf.fr/ark:/12148/bpt6k5846553r",
                  "emotions": [
                        "fear",
                        "nostalgia",
                        "despair"
                  ],
                  "excerpt": "Toi , tu le dois savoir ? Je sens un charme étrange et mon coeur s ' apaiser ; C ' est bien là j ' ai trouvé fleur qui me dis espère , Sa bouche t ' a froissée ; oui , sous un pur baiser Tu m ' apportes le calme ; oh ! merci , messagère .PAR UNE NUIT D ' ORAGE Nous épanchons notre âme en un boudoir coquet Où nous sommes cachés .Tandis que je la berce En mes bras , au travers les rideaux le reflet Du soir laisse passer un demi - jour qui perce .",
                  "id": "10",
                  "title": "Sous un ciel bleu, poésies de Henry Drapier"
            },
            {
                  "doc_url": "https://gallica.bnf.fr/ark:/12148/bpt6k57407822",
                  "emotions": [
                        "surprise",
                        "fear",
                        "doubt",
                        "amusement",
                        "nervousness"
                  ],
                  "excerpt": "Quelle est la cause de cette réaction ? Il est dilficileù l ' heure actuelle de le déterminer .S ' agit - il d ' une légère infection par un gaz insuffisamment aseptique ? nous ne le pensons pas et nous y ver rions plutôt une réaction « l ' origine nerveuse .Quoi « pr ' il err soit elle n ' est que passagère et jamais dangereuse et l ' on [ « eut conclure que l ' injection « le gaz dans la plèvre est parfaitement inoffensïve a condition d ' êlre faite lentement et sons pression et avec un gaz stérilisé : cor il serait dangereux de compter sur le prétendu agent modificateur qui existerait « lans l ' air , pour M .",
                  "id": "11",
                  "title": "Traitement des pleurésies à répétition par l'injection gazeuse intrapleurale / Dr Albert Rouet,..."
            },
            {
                  "doc_url": "https://gallica.bnf.fr/ark:/12148/bpt6k61084506",
                  "emotions": [
                        "fear"
                  ],
                  "excerpt": "Puis il approcha une tablette couverte d ' instruments d ' acier qui étincelaient .Une odeur de caoutchouc , d ' eau dentifrice et de phénol me prit à la gorge ; j ' ouvris la bouche pour crier grâce , mais Winnicox avait été plus rapide que moi .J ' avais un de ses doigts jaunes et noueux sous la langue et l ' autre au fonds du palais .",
                  "id": "12",
                  "title": "Les oeuvres complètes de Marcel Schwob (1867-1905). 2"
            },
            {
                  "doc_url": "https://gallica.bnf.fr/ark:/12148/bpt6k5789954b",
                  "emotions": [
                        "fear",
                        "courage"
                  ],
                  "excerpt": "Cossart , pharmacien à Mon ? , a rap » porté le fait suivant .Un habitant de War » me , qui se promenait dans uns prairie , ayant « senti une odeur de grisou , creusa un trou » avec une bêche , puis il approcha un corps — 23 — » enflammé de ce trou : il vit le gaz s ' enflam » mer et continuer de brûler .On construisit » sur ce trou une espèce de fourneau écono » mique qui put servir pendant plusieurs » jours , puis le gaz ayant cessé d ' arriver , le » feu s ' éteignit .",
                  "id": "13",
                  "title": "Des Incendies de forêts en Algérie, de leurs causes et des moyens préventifs et défensifs à leur opposer. [Signé : R. Thibault.]"
            },
            {
                  "doc_url": "https://gallica.bnf.fr/ark:/12148/bpt6k3363657r",
                  "emotions": [
                        "fear"
                  ],
                  "excerpt": "La pluie les a abattues , les fleurs de rêve , et a exaspéré leur affreuse odeur .Les tiges , en longues chevelures désordonnées et gluantes , aplaties contre le sol , s ' enroulent aux pieds comme des serpents prêts à mordre , et manquent de faire trébucher les gens à chaque pas .On croirait , vraiment cette fois , fouler un charnier de bêtes visqueuses à demi - crevées , froides et flasques .",
                  "id": "14",
                  "title": "L'homme qui posséda la plante de vie : révolte de Sumer contre l'Amurru Hammurabi / Philippe Selk"
            },
            {
                  "doc_url": "https://gallica.bnf.fr/ark:/12148/bpt6k97583613",
                  "emotions": [
                        "anger",
                        "fear",
                        "annoyance",
                        "disapproval",
                        "embarrassment"
                  ],
                  "excerpt": "Encore un mot d ' Anacréon , et j ' ai fini .Noli me tange1 ' e 1 semble crier aux mains profanes qui l ' approchent , cet enfant à cheveux blancs , au front couronné de fleurs , à la barbe inondée de parfums .A travers le léger voile de ses paroles ailées , perce , éclate une joyeuse humeur à vous dérouter bientôt et à vous faire rendre les armes , après vous avoir longuement échauffé la bile .",
                  "id": "15",
                  "title": "Esquisses littéraire et morales / par Adolphe Cazalet..."
            },
            {
                  "doc_url": "https://gallica.bnf.fr/ark:/12148/bpt6k6518572c",
                  "emotions": [
                        "disgust",
                        "fear"
                  ],
                  "excerpt": "Les grenouilles sont attirées par l ' odeur du stachys palustris .L ' anagyris fétide se fait sentir au loin par une forte odeur d ' excréments humains .Les insectes nommés bousiers , trompés par cette odeur , se pressent en foule autour de cette plante , pour faire leurs provisions .",
                  "id": "16",
                  "title": "Les Parfums et les fleurs, par A. Debay"
            },
            {
                  "doc_url": "https://gallica.bnf.fr/ark:/12148/bpt6k9756685x",
                  "emotions": [
                        "surprise",
                        "disgust",
                        "fear"
                  ],
                  "excerpt": "Mais mostret li apres con era totz contratz , e totz los nembres de l ' en - fant , ques eran ennaibat , per gran pietat li fazia toquar .E cant illi vezia aquell desfazement d ' aquell enfant , et l ' odeur qui en sortait était si affreuse , que personne ne pouvait la supporter .La pauvre mère de cet enfant , dont le père était mort , en était fort affligée , et elle priait Dieu sans cesse de F appeler à lui , comme chargé d ' une immense douleur , et cause incessante pour elle de pleurs et de larmes .",
                  "id": "17",
                  "title": "La vie de Sainte Douceline, fondatrice des Béguines de Marseille composée au treizième siècle en langue provençale / publiée pour la première fois, avec la traduction en français et une introduction critique et historique par l'abbé J.-H. Albanès..."
            },
            {
                  "doc_url": "https://gallica.bnf.fr/ark:/12148/bd6t53702811",
                  "emotions": [
                        "fear"
                  ],
                  "excerpt": "Il y a lieu , cependant , de ne l ’ employer qu ’ à des doses moyennes et telles qu ’ elles sont prescrites par les étiquettes qui font partie des flacons ou des bidons qui renferment ce liquide spécial .Croton tiglium Médicament dangereux .N ’ est pas à mettre à la disposition du vulgaire .",
                  "id": "18",
                  "title": "Nouveau manuel complet du vétérinaire : à l'usage des fermiers et des propriétaires d'animaux domestiques, contenant les principales maladies et leurs remèdes, âge, alimentation, engraissement, soins à donner aux animaux reproducteurs, ventes, etc., ; suivi d'un Formulaire des principaux médicaments / par Paul Canal,..."
            },
            {
                  "doc_url": "https://gallica.bnf.fr/ark:/12148/bpt6k5846267r",
                  "emotions": [
                        "fear",
                        "pain"
                  ],
                  "excerpt": "Torride , très chaud , brûlant : zone torride .Touffeur , exhalaison suffocante qui sort d ' un lieu très chaud .Tropicale ( chaleur ) ou intertropicale ou subtropicale , qui règne entre ou sous les tropiques .",
                  "id": "19",
                  "title": "Dictionnaire analogique de la langue française : répertoire complet des mots par les idées et des idées par les mots (10e édition, augmentée de nombreux mots nouveaux et d'un complément) / par P. Boissière,..."
            },
            {
                  "doc_url": "https://gallica.bnf.fr/ark:/12148/bpt6k6567001n",
                  "emotions": [
                        "disgust",
                        "fear",
                        "disapproval"
                  ],
                  "excerpt": "Le loup a les sens très bons ; l ' œil , l ' oreille et surtout l ' odorat ; il sent souvent de plus loin qu ' il ne voit ; l ' odeur du carnage l ' attire de plus d ' une lieue ; il sent aussi de loin les animaux vivants , il les chasse même assez longtemps en les suivant aux portées .Désagréable en tout , la mine basse , l ' aspect sauvage , la voix effrayante , l ' odeur insupportable , le naturel pervers , les mœurs féroces , il est odieux , nuisible de son vivant , inutile après sa mort .LE RENARD L E renard est fameux par ses ruses , et mérite en partie sa réputation ; ce que le loup ne fait que par la force , il le fait par adresse , et réussit le plus r souvent .",
                  "id": "20",
                  "title": "Le Buffon choisi de Benjamin Rabier"
            }
      ]
}