{
      "articles": [
            {
                  "doc_url": "https://gallica.bnf.fr/ark:/12148/bpt6k80749w",
                  "emotions": [
                        "anger",
                        "fear",
                        "pain"
                  ],
                  "excerpt": "L ' effusion de sang 1 .Dans les chambres de torture , s ' écria plus haut le dominicain pesant sur son coude ( et ses yeux se mirent à flamboyer ) , dans les chambres * y de torture il y a une odeur de cuisine et de boucherie , des cris assourdissants et des fumées .` Comme il avait peur et frissonnait , mais comme il aimait parler de cela 1 D s ' appuyait sur ses souvenirs .",
                  "id": "1",
                  "title": "Les enchaînements : roman. 2 / Henri Barbusse"
            },
            {
                  "doc_url": "https://gallica.bnf.fr/ark:/12148/bpt6k65249788",
                  "emotions": [
                        "fear",
                        "greed"
                  ],
                  "excerpt": "L ' experience fioufi apprend due les serpens nè viennent jamais dans les lieux , ni près des troupeaux où l ' on plante l ' armoilè , ou de la ronce .Il paroît en cela comme une autre chose , que la nature inge - nieufe inspire aux animaux , de fuir tout ce qui leur est contraire ; le serpent dont la chair est délicate , fuit non - seulement les épines 3 mais encore l ' odeur du bois où clles viennent ; ainsi il faut meubler & garnir autant qu ' il est possible de roncc & d ' armoise , les Ecuries & lieux où font les chevaux , pour éviter que les serpens n ' en approchent , quand l ' on est en païs où ces animaux font frequens .Autre pour faire fuir les serpens .",
                  "id": "2",
                  "title": "Science ou manuel des écuyers, sur les différens remèdes souverains pour la guérison des maladies..., seconde édition par le Sr Carbon de Begrières"
            },
            {
                  "doc_url": "https://gallica.bnf.fr/ark:/12148/bpt6k9618359p",
                  "emotions": [
                        "sadness",
                        "fear",
                        "nervousness",
                        "despair"
                  ],
                  "excerpt": "Je veux tourmenter Étienne dans son orgueil , et pourtant une voix me crie de pardonner si je veux être pardon - née .Les émanations de cette ville souillent le cœur ; c ' est le souffle de Satan qu ' on y respire , c ' est Satan qui me guide ..",
                  "id": "3",
                  "title": "Perdita. Nouvelle édition / Mise de Blocqueville"
            },
            {
                  "doc_url": "https://gallica.bnf.fr/ark:/12148/bpt6k5452668m",
                  "emotions": [
                        "surprise",
                        "fear",
                        "boredom",
                        "nervousness",
                        "pain"
                  ],
                  "excerpt": "Pas d ' homme plus hagard , plus ténébreux , plus disputé de passions mauvaises , se laissant courir dans la vie , bride avalée , à tous les appétits .Huysmans s ' effrayait de son visage torturé et respirait autour de lui je ne sais quel relent satanique , mettons simplement « saturnien » .Pas de front plus serein que celui de Samain , pas de moeurs plus pures , et c ' est peut - être cette loi des compensations , toujours en quête d ' équilibre , qui lui faisait rythmer les cris de la chair en révolte et psalmodier les litanies de la luxure .",
                  "id": "4",
                  "title": "La mêlée symboliste : portraits et souvenirs. III. 1900-1910 / Ernest Raynaud"
            },
            {
                  "doc_url": "https://gallica.bnf.fr/ark:/12148/bpt6k5712365z",
                  "emotions": [
                        "fear",
                        "pain"
                  ],
                  "excerpt": "Le gabier du gaillard d ' avant , le timonier s ' accordent à dire que la tempête est proche ; les jeunes officiers n ' y croient pas ; le capitaine , vieux loup de mer , paraît , et il a là mine renfrognée .Le souffle éloigné de la tourmente l ' a déjà pincé aux narines , apportant des senteurs d ' orage .Il fait carguer les voiles et prend ses précautions .",
                  "id": "5",
                  "title": "Le grenadier Sans-Quartier : grand roman patriotique. 2 / par Louis Noir"
            },
            {
                  "doc_url": "https://gallica.bnf.fr/ark:/12148/bpt6k80144h",
                  "emotions": [
                        "fear"
                  ],
                  "excerpt": "le frôle , on regardant , tout recroquevillé d ' horreur , ses mains distendues et froid issantes se pétrifier dans leur pose , en écoutant battre ses veines , bourdonner son crâne et se précipiter son cœur .L ' homme est donc bien pour lui - même une terrible et mystérieuse personne double , et , chez lui , le nerveux sensilif est bien le possédé de l ' autre , puisqu ' il a l ' effroi , jusqu ' à pouvoir en mourir , de tous ces dehors - visions , de tout cet appareil d ' enchantements qui ne sont , en somme , filtrés et glissés hors de son être , que les émanations de ces gouffres errants , chercheurs et réceptacles d ' infini , qu ' il appelle songes , imaginations et pensées .Seules , de souveraines découvertes et expressions d ' art , de surnaturelles ascensions dans l ' inconnu , le font assister à de pareils miracles ; mais , il n ' y a encore que son regret peureux du mal qu ' il a commis , que l ' occulte et lâche remords qui le mette face à face , en pleines ténèbres , avec le pire des spectres , puisque c ' est son propre et intérieur fantôme , témoin - juge , accusateur et dénonciateur possible – l ' espion de sa vie , l ' inévitable Conscience ! 0 fleurs de lilas ! Les arbrisseaux qui vous portent sont les hamacs de la tristesse , de la poésie anxieuse et chagrine , les phares consolateurs qu ' allume l ' ardent soleil pour le rêve et la contemplation sombres dans l ' horreur hivernale , les pudiques et voluptueux confidents du romantique amour mystérieux qui s ' y recueille dans son attendrissement , s ' y love et s ' y engourdit dans sa langueur passionnée 1 Ils sont les haies majestueuses , graves et féeriques des allées profondes , en face des murs de nos maisons semblant se crépir de nos ' laideurs et suer nos deuils et nos dégoûts dans leur monotonie ; ils font des murailles de charme et de parfum où , comme le papillon , l ' œil pâmé s ' extasie , et qui étouffent , en la gorgeant d ' ivresse , la colporteuse inhalation de la brise molle qui s ' y attarde Leur présence est l ' enchanteresse d ' un endroit , la poétiseuse d ' un gîte Revivantes charmilles du paradis perdu , ils rendent l ' humble verger rustique l ' égal en somptuosité du hautain parc seigneurial ; hauts et compacts , branchus massifs et fourmillants , ils imposent leur fasto sévereàradmirationdetousléshommes / tiénnent surpris et fascinés le ^ plus vulgaires insensibles I Magiques évocateurs des lointains autrefois , ils raniment aux yeux les chères visions de l ' enfance et de la toute jeunesse , et , avec tant d ' énervantes caresses , si mystique est le langage de leur odeur qu ' ils parlent son délice encore plus à l ' idée qu ' aux sens , encore moins à l ' avide aspiration des organes qu ' à la succion spirituelle des âmes 0 fleurs de lilas ! Vous êtes le luxe aromal des jardins , d ' autant plus précieux aux savourements ravis de l ' odorat comme des regards , que votre gloire est plus passagère i Qu ' importe ! Brèves du triomphe , vous arborez , si opulentes , tant de beauté solennelle , de grâce élégiaque et d ' étrangeté mélancolique , que , trépassées , vous ressuscitez idéales .",
                  "id": "6",
                  "title": "En errant, proses d'un solitaire / Maurice Rollinat"
            },
            {
                  "doc_url": "https://gallica.bnf.fr/ark:/12148/bpt6k63194879",
                  "emotions": [
                        "fear",
                        "nervousness"
                  ],
                  "excerpt": "Il faudra que je m ' en fasse montrer un .On avait eu peur que la puanteur exhalée par les terres sinistrées n ' engendrât la pestilence .Le roi aurait volontiers fait noyer la ville sous une mer de chaux .",
                  "id": "7",
                  "title": "La Terre qui tremble... / Stanislas Meunier"
            },
            {
                  "doc_url": "https://gallica.bnf.fr/ark:/12148/bpt6k58175678",
                  "emotions": [
                        "fear"
                  ],
                  "excerpt": "Aussi en médecine fait - on exclusivement usage du sulfate et du chlorhydratede strychnine , qui sont solubles dans moins de 40 parties d ' eau .La strychnine esl un des poisons les plus redoutables que l ' on connaisse , connaisse , elle peut causer la mort à la dose del grain ou o centigrammes .TETAXOS .",
                  "id": "8",
                  "title": "Dictionnaire français illustré et encyclopédie universelle... par B. Dupiney de Vorepierre,..."
            },
            {
                  "doc_url": "https://gallica.bnf.fr/ark:/12148/bpt6k30447878",
                  "emotions": [
                        "fear"
                  ],
                  "excerpt": "Elles sont basses et malpropres .Une odeur de bête fauve règne dans ces logis où l ’ air a peine à circuler .Des abris en plein air ( fig .",
                  "id": "9",
                  "title": "Les races humaines (2e édition) / par Louis Figuier..."
            },
            {
                  "doc_url": "https://gallica.bnf.fr/ark:/12148/bpt6k65098585",
                  "emotions": [
                        "fear",
                        "nervousness"
                  ],
                  "excerpt": "sous - ligneux .Fleurs d ' un rouge vif violacé , en corymbe , légèrement odorantes , en panicule ; plus précoce .P .",
                  "id": "10",
                  "title": "Le maître jardinier : manuel complet d'horticulture à l'usage des habitants des villes & des campagnes... / par Gontier de Chabanne,..."
            },
            {
                  "doc_url": "https://gallica.bnf.fr/ark:/12148/bpt6k65098585",
                  "emotions": [
                        "disgust",
                        "fear"
                  ],
                  "excerpt": "à grappes .ACORE odorant ( acorus calamus , L .) ; viv .",
                  "id": "11",
                  "title": "Le maître jardinier : manuel complet d'horticulture à l'usage des habitants des villes & des campagnes... / par Gontier de Chabanne,..."
            },
            {
                  "doc_url": "https://gallica.bnf.fr/ark:/12148/bpt6k54587467",
                  "emotions": [
                        "disgust",
                        "fear"
                  ],
                  "excerpt": "Nous étions déjà descendus en profondeur d ' une centaine de mètres , quand Armilla s ' arrêta : toute la Colonne fit halte dans le boyau .Une odeur de salpêtre noUs saisit à la gorge ..",
                  "id": "12",
                  "title": "Terre de Chanaan : roman / Louis Chadourne"
            },
            {
                  "doc_url": "https://gallica.bnf.fr/ark:/12148/bpt6k54587467",
                  "emotions": [
                        "fear"
                  ],
                  "excerpt": "Quel ^ ques - uns fumaient .Une odeur d ' alcool traîna dans l ' ombre .Nous étions douze hommes , douze rats pris au piège , à la trappe .",
                  "id": "13",
                  "title": "Terre de Chanaan : roman / Louis Chadourne"
            },
            {
                  "doc_url": "https://gallica.bnf.fr/ark:/12148/bpt6k2048860",
                  "emotions": [
                        "fear"
                  ],
                  "excerpt": "On trouve cette ptante dans les étangs & les eaux tranquilles ou peu agitées .Sa racine eft rafratchiSanie , tempérante , anti - dyfurique , anti - gonorrhoique & : un peu narcotique ..",
                  "id": "14",
                  "title": "Flore françoise, ou Description succincte de toutes les plantes qui croissent naturellement en France, disposée suivant une nouvelle méthode d'analyse.... T. 3 / par M. le chevalier de Lamarck"
            },
            {
                  "doc_url": "https://gallica.bnf.fr/ark:/12148/bpt6k3041401s",
                  "emotions": [
                        "anger",
                        "fear"
                  ],
                  "excerpt": "» Donc , quoique l ’ ouverture pratiquée dans cet horrible repaire ne laissât pas beaucoup d ’ espace à la curiosité , il paraît que l ’ un des drôles qui s ’ étaient sauvés était revenu du côté du soupirail pour voir le revenant .A ce moment il avait senti l ’ odeur de roussi , puis il avait vu la flamme , et il s ’ était mis à hurler que le diable emportait le prisonnier .» Les quelques gens restés dans la maison s ’ étaient ameutés , et on criait au feu de tous côtés .",
                  "id": "15",
                  "title": "Oeuvres de Frédéric Soulié. Tome 70"
            },
            {
                  "doc_url": "https://gallica.bnf.fr/ark:/12148/bd6t5333318f",
                  "emotions": [
                        "fear",
                        "greed"
                  ],
                  "excerpt": "Sa couleur est moins vive ; au goût , on le trouve fade ; nos tonneliers disent que le vin doucine .La saveur amère n ’ est pas encore prononcée , mais elle est imminente ; si l ’ on n ’ y prend garde , tous ces caractères ne tardent pas à augmenter rapidement .Bientôt le vin devient amer , et l ’ on reconnaît , à la dégustation , un léger goût de fermentation dû à la présence dugaz acide carbonique .",
                  "id": "16",
                  "title": "Les maladies des vins / par R. Brunet ; introduction par M. Prosper Gervais"
            },
            {
                  "doc_url": "https://gallica.bnf.fr/ark:/12148/bpt6k9761987h",
                  "emotions": [
                        "grief",
                        "fear",
                        "love",
                        "nostalgia",
                        "relief",
                        "nervousness"
                  ],
                  "excerpt": "Des zéphil ' s bienfaisants le souffle les remplace ; Un air tiède et léger vient rafraîchir l ' espace ; On voit s ' enfuir au loin l ' aquilon détesté ; Partout règnent le calme et la sérénité .Respirons des zéphirs l ' haleine bien aimée ; Sur les mers se répand une brise embaumée ; On n ' entend plus des aquilons Le sinistre cortége , effroi de nos vallons .LES ÉMIGRANTS .",
                  "id": "17",
                  "title": "Les fleurs de Villemomble : poésies nouvelles de Pierre Lachambeaudie"
            },
            {
                  "doc_url": "https://gallica.bnf.fr/ark:/12148/bpt6k5518235v",
                  "emotions": [
                        "fear"
                  ],
                  "excerpt": "— Ah çà , dit le prêtre , vous croyez donc qu ' on fait attention à vous ? Restez comme vous êtes , je vous trouve bien .D ' ailleurs ; il ne fallait pas la brûler ; je n ' ai pas dormi de la nuit - , tellement vous aviez laissé derrière vous l ' odeur infecte du drap roussi .Avez - vous rempli les burettes ? — Oui , monsieur le curé .",
                  "id": "18",
                  "title": "Jean le Bon, étude, par Gustave Chadeuil"
            },
            {
                  "doc_url": "https://gallica.bnf.fr/ark:/12148/bpt6k57277336",
                  "emotions": [
                        "fear"
                  ],
                  "excerpt": "e ORDRE .Poisons gazeux ayant une odeur prononcée et très - forte .Gaz acide sulfurique .",
                  "id": "19",
                  "title": "Médecine pratique populaire, secours à donner aux empoisonnés et aux asphyxiés, et nouveau traité d'embryologie sacrée, par J.-J. Rosiau,..."
            },
            {
                  "doc_url": "https://gallica.bnf.fr/ark:/12148/bpt6k5489714d",
                  "emotions": [
                        "fear",
                        "despair",
                        "pain"
                  ],
                  "excerpt": ".J ' ai vu l ' agonisant , exhalant une odeur fétide , noir de crasse , réclamer à sa femme de s ' allonger au près de lui ..",
                  "id": "20",
                  "title": "Cahiers mensuels de Mécislas Golberg / publiés par le Comité Golberg"
            }
      ]
}