{
      "articles": [
            {
                  "doc_url": "https://gallica.bnf.fr/ark:/12148/bpt6k5441640z",
                  "emotions": [
                        "anger",
                        "fear",
                        "annoyance",
                        "disapproval"
                  ],
                  "excerpt": "Et puis ils ont commencé à prendre les sequins du juif , non pour les voler par Mahom ; mais pour lui acheter du bon vin de Chiraz , et de bon miel d ' Eschil , et des torches de gomme d ' olivier qui sentent si bon , et ils ont apporté tout cela dans la maison du juif ; entends - tu , Shispa ' y .Et les klephtes lui ont dit avec de grandes menaces ; — Toi qui n ' a jamais ' bu que de l ' eau froide et insipide de l ' Irmak , bois ce vin de Chiraz ; Toi qui n ' as jamais senti que l ' odeur mauvaisede tes vieux murs , sens les parfums de cette gomme embaumée ; Toi qui n ' as jamais mis sous ta dent que du maïs cuit sous la cendre , goûte ce miel mêlé d ' ambre et de raisin de Corinthè .Et quand le juif a eu goûté de tout cela , les bons klephtes se sont en allés sans emporter seulement un talek , Shispa ' yi — De sorte que le juif trouvant le Chiraz meilleur que l ' eau , le miel meilleur que le maïs , et la senteur de la gomme d ' olive meilleure que l ' odeur de sa masure , employa désormais ses sequins à acheter du Chiraz , du miel et delà gomme d ' olivier , et devint aussi prodigue qu ' il avait été avare .",
                  "id": "1",
                  "title": "L'Europe littéraire : journal de la littérature nationale et étrangère"
            },
            {
                  "doc_url": "https://gallica.bnf.fr/ark:/12148/bpt6k58079392",
                  "emotions": [
                        "disgust",
                        "fear"
                  ],
                  "excerpt": "Cet être extrêmement triste et maltraité du sort se consumait inutilement à regretter sa patrie lointaine .Plus d ' une fois , tandis que , dans l ' affreuse chaleur d ' une antichambre étroite , tout infectée de l ' odeur aigre du kvass i , mon vieux menin Basile , surnommé 1 .Boisson formentée qu ' on fait avec de la farine .",
                  "id": "2",
                  "title": "Dimitri Roudine, suivi du Journal d'un homme de trop, et de Trois rencontres"
            },
            {
                  "doc_url": "https://gallica.bnf.fr/ark:/12148/bpt6k6365462m",
                  "emotions": [
                        "fear"
                  ],
                  "excerpt": "De plus , elle a la beauté des sites .Sa voisine Rufisque , bâlie à l ' estuaire d ' un marigot , est moins saine : les vents de terre y apportent des miasmes dangereux et les fièvres pal udéennes y régnent en permanence , ainsi qu ' à Dakar d ' ailleurs , mais avec moins d ' intensité dans cette dernière ville .L ' île nue de Gorée est un sanatorium pour les habi - tants de la côte qui viennent y passer l ' hivernage ; les chaleurs de l ' été y sont plus tempérées et les émanations des marécages du littoral ne s ' y font pas sentir .",
                  "id": "3",
                  "title": "Géographie médicale. [2] / Dr Émile Laurent"
            },
            {
                  "doc_url": "https://gallica.bnf.fr/ark:/12148/bpt6k6261497b",
                  "emotions": [
                        "disgust",
                        "fear",
                        "nervousness"
                  ],
                  "excerpt": "Voyez ce malade que la Faculté contraint à s ' ingérer un énorme verre d ' une médecine noire , telle qu ' on les buvait sous le règne de Louis XIV .L ' odorat , moniteur fidèle , l ' avertit de la saveur repoussante de la liqueur traîtresse ; ses yeux s ' arrondissent , comme à l ' approche du danger ; le dégoût est sur ses lèvres , et déjà son estomac se soulève .Cependant on l ' exhorte ; il s ' arme de courage , se gargarise d ' eau - de - vie , se serre le nez , et boit .",
                  "id": "4",
                  "title": "Physiologie du goût. Tome 1 / de Brillat-Savarin ; avec une préface par Ch. Monselet ; eaux-fortes par Ad. Lalauze"
            },
            {
                  "doc_url": "https://gallica.bnf.fr/ark:/12148/btv1b86002252",
                  "emotions": [
                        "grief",
                        "disgust",
                        "fear"
                  ],
                  "excerpt": "– Pour quoi faire , bon Dieu ? – Mais pour nous protéger contre les gendarmes ! » VI L ' ÉVASION VI L ' ÉVASION .Au milieu de nos adieux , il se répandit autour de nous une odeur alliacée qui me prit à la gorge .C ' était la femme de chambre de ces dames qui venait se recommander à leur générosité .",
                  "id": "5",
                  "title": "Le roi des montagnes (5e éd.) / par Edmond About"
            },
            {
                  "doc_url": "https://gallica.bnf.fr/ark:/12148/bpt6k5581592p",
                  "emotions": [
                        "fear"
                  ],
                  "excerpt": "Il n ' avait par bonheur .respire , que fort légèrement ce dangereux parfum ; car autrement il serait mort , tandis qu ' il en fut quitte pour un vertige qui lui dura plusieurs heures .11 suffit d ' un regard au botaniste pour reconnaître cette plante vénéneuse .",
                  "id": "6",
                  "title": "Les chasseurs de plantes / par le capitaine Mayne-Reid ; traduit de l'anglais par E. Delauney..."
            },
            {
                  "doc_url": "https://gallica.bnf.fr/ark:/12148/bpt6k72766r",
                  "emotions": [
                        "fear"
                  ],
                  "excerpt": "Exempts de folles passions , Pleins d ' une bienveillance amène , Comme tous deux nous jouissions Sans enthousiasme – et sans peine ! t Heureux instants ! – mais vint FÉte Adieu , rafraîchissantes brises 1 Un vent de lourde volupté Investit nos âmes surprises .Des fleurs aux calices vermeils Nous lancèrent leurs odeurs mures , Et partout les mauvais conseils Tombèrent sur nous des ramures .Nous cédâmes à tout cela , Et ce fut un bien ridicule Vertigo qui nous affola Tant que dura la canicule .",
                  "id": "7",
                  "title": "Fêtes galantes / Paul Verlaine ; avec trente et une lithographies originales de Charles Guérin"
            },
            {
                  "doc_url": "https://gallica.bnf.fr/ark:/12148/bpt6k6438754f",
                  "emotions": [
                        "fear"
                  ],
                  "excerpt": "doit attribuer le scorbut ( 1 ) qui a sévi sur l ' armée française au siége de Sébastopol .Mais des dangers plus sérieux nous arrivent par cette voie , je veux parler des miasmes morbides .On a souvent observé que , dans certaines localités , le vent qui souffle des marais amène une recrudescence dans les fièvres intermittentes .",
                  "id": "8",
                  "title": "Éléments d'hygiène / par E. Vigenaud,..."
            },
            {
                  "doc_url": "https://gallica.bnf.fr/ark:/12148/bpt6k6207943q",
                  "emotions": [
                        "fear",
                        "excitement"
                  ],
                  "excerpt": "En France nous dirions : Il va pleuvoir , un orage est imminent ; ici , aucune crainte de cette sorte , rat : mosphère est saturée d ' une poussière impalpable 4 ^ ' lui donne cet aspect vaporeux .Nous sommes oblic ' ' és de nous calfeutrer hermétiquement pour nous pre ' server des effets de ce vent du Midi , appelé ici kav $ ' hin , qui commence à cette époque à faire sentir se ' redoutables effluves .Aujourd ' hui il est encore anodin , mais quelquefois en été , son influence est mortelle .",
                  "id": "9",
                  "title": "Promenades en Égypte et à Constantinople / par Émile Bourquelot,..."
            },
            {
                  "doc_url": "https://gallica.bnf.fr/ark:/12148/bpt6k3076058k",
                  "emotions": [
                        "fear",
                        "nervousness",
                        "pain"
                  ],
                  "excerpt": "— L ’ arsenic , blanc est une poudre blanche qui , placée sur des charbons ardens , répand une odeur d ’ ail .Elle détermine : haleine fétide , chaleur extrême ou froid glacial , respiration difficile , anxiété , douleurs très - vives manifestées par des cris , pouls presque imperceptible , salivation abondante , efforts violens pour vomir , ou vomissemens sanguinolens ou de couleur noirâtre , déjections noires et fétides , trenibiemens , hoquets , pissemens de sang , chute des poils , convulsions et mort .Le meilleur traitement consiste à administrer l ’ eau hydro - sulfurée , ou un mélange de parties égales d ’ eau de chaux et d ’ eau sucrée , et lorsqu ’ on le peut , le peroxide de fer à forte dose .",
                  "id": "10",
                  "title": "Maison rustique du 19e siècle : contenant les meilleures méthodes de culture usitées en France et à l'étranger.... Cultures industrielles. Animaux domestiques / rédigé par une réunion d'agronomes et de practiciens sous la direction de MM. Bailly, Bixio et Malpeyre"
            },
            {
                  "doc_url": "https://gallica.bnf.fr/ark:/12148/bpt6k62402g",
                  "emotions": [
                        "grief",
                        "fear",
                        "gratitude",
                        "faith"
                  ],
                  "excerpt": "Derrière un rideau de joncs qu ' épaississaient à la base des feuilles plus larges , et pareilles à des lames d ' épées , des iris , dëueuris , par un chemin très étroit et sinueux dont une saulaie aux troncs creux , où 8 ' cMtlortnait lo vol sonore dos aboUloa , guidait le caprico , nous marchions , obliges de dénouer souvent nos bras , tant la route était petite , mais nous pouvions marchai ' de front .Ainsi respirai - je lentement l ' arôme puissant da sa belle chevelure noire , d ' où la nuit semblait monter dans lo ciel , au Heu d ' en descendre , et to souMe careaaant do sa bouche oit ! o sourira mettait des tmniôtos d ' étoiles .En sa toilette trôs lagoro , et dami - tlottantc , olle somblait une smur égarée des Gtycèccs et dos AmaryUia , ot plus encore , en la majesté de ses traits où revivait la graco antique , on une impression inunie de pureté .",
                  "id": "11",
                  "title": "Veillées joviales / Armand Silvestre"
            },
            {
                  "doc_url": "https://gallica.bnf.fr/ark:/12148/bpt6k6530322v",
                  "emotions": [
                        "disgust",
                        "fear",
                        "nervousness"
                  ],
                  "excerpt": "I 5 graveolens .Am * Afire odorant .1 582 .",
                  "id": "12",
                  "title": "Manuel des végétaux, ou Catalogue latin et françois de toutes les plantes, arbres & arbrisseaux connus... jusqu'à ce jour, rangés selon le système de Linné, par classes, ordres, genres et espèces, avec les endroits où ils croissent ... par M. J.-J. de Saint-Germain"
            },
            {
                  "doc_url": "https://gallica.bnf.fr/ark:/12148/bpt6k103724c",
                  "emotions": [
                        "disgust",
                        "fear",
                        "pain"
                  ],
                  "excerpt": "Le camp était plein de viande , et , comme le sel nous manquait , il s ' en exhalait une odeur qui n ' avait rien de bien suave .Je me bâtis à la hâte une cloison du côté d ' où venait le vent ; car cette puanteur m ' était insupportable .La nuit venue , les nègres s ' étendirent autour du feu , tous joyeux , tous huvant du vin de palmier récolté dans le voisinage , et fumant le tabac que je leur avais donné .",
                  "id": "13",
                  "title": "L'Afrique occidentale : nouvelles aventures de chasse et de voyage chez les sauvages / par Paul Du Chaillu,..."
            },
            {
                  "doc_url": "https://gallica.bnf.fr/ark:/12148/bpt6k6128058p",
                  "emotions": [
                        "fear"
                  ],
                  "excerpt": [
                        "OLEUM THYMBRiE , ESSENCE DE THYMBRA , DE THYMBRA SPICATA , L .Originaire de la Grèce , cet arbuste livre au droguier ses feuilles , qui , soumises à la distillation aux vapeurs d ' eau , donnent une essence jaunâtre , d ' odeur agréable , rappelant celle du thym et de l ' origan , d ' un poids spécifique de 0 , 9460 , à pouvoir rotatoire nul .Elle renferme principalement du carvacrol .",
                        "Osmitopsis asteriscoides Cass ., Composée du Cap , d ' odeur camphrée , se prescrivant comme sudorifique et comme nervique .Osmorrhiza longistylis D ."
                  ],
                  "id": "14",
                  "title": "Traité de matière médicale, drogues végétales, drogues animales, et de chimie végétale, par le Dr L. Reutter,..."
            },
            {
                  "doc_url": "https://gallica.bnf.fr/ark:/12148/bpt6k1168489p",
                  "emotions": [
                        "grief",
                        "fear"
                  ],
                  "excerpt": ".Oh ! plaignez Blanche de Simiane ! « Le soir où les chevaliers demandèrent l ’ hospitalité , Blanche de Simiane avait passé la journée à l ’ église ; mais l ’ église devint pour elle aussi dangereuse que le bois du monastère , à minuit , quand elle en respirait le dangereux parfum .Des voix de chevaliers avaient attaqué , avec une vigueur inaccoutumée , les répons sacrés de la préface de la messe ; ce n ’ étaient point ces voix lentes et douces qui emplissaient d ’ une harmonie matinale la chapelle des nonnes , c ’ étaient des sons hauts et bruyans dont l ’ officiant paraissait presque scandalisé .",
                  "id": "15",
                  "title": "Le Siège de Marseille par le connétable de Bourbon, chronique du XVIe siècle, par Méry"
            },
            {
                  "doc_url": "https://gallica.bnf.fr/ark:/12148/bpt6k5688640q",
                  "emotions": [
                        "fear"
                  ],
                  "excerpt": "\" Troisième classe .INCONVÉNIENTS Odeur , émanations nuisibles , vapeurs nitreuses , danger d ' incendie .CONDITIONS Construire en matériaux incombustibles les ateliers 344 CONDITIONS TECHNIQUES et les magasins , les ventiler par des lanternons ou des trémies d ' aération , rendre leur sol imperméable et les éclairer par l ' extérieur ; n ' y jamais pénétrer avec une lumière .",
                  "id": "16",
                  "title": "Établissements insalubres, incommodes et dangereux. Législation... par H. Bunel,..."
            },
            {
                  "doc_url": "https://gallica.bnf.fr/ark:/12148/bpt6k6138093d",
                  "emotions": [
                        "fear"
                  ],
                  "excerpt": "Cependant ces eaux , qui ont sans doute obtenu une juste célébrité parmi les romains , ont été abandonnéesjusqu ' à nos jours .Les habitans des hameaux voisins les fuyaient à cause de l ' odeur forte , et pénétrante , qui inonde les environs de la colline d ' où elles jaillissent .Les chèvres seules , quand elles pouvaient échapper à la surveillance de leurs gardiens venaient chercher dans ces lieux un abri contre l ' ardeur du soleil , et des pâturages que leur refusait ailleurs la terre desséchée .",
                  "id": "17",
                  "title": "Examen des eaux minérales sulfureuses de Puzzichello, île de Corse / par J.-B. Loetscher,..."
            },
            {
                  "doc_url": "https://gallica.bnf.fr/ark:/12148/bpt6k9602237m",
                  "emotions": [
                        "surprise",
                        "fear",
                        "annoyance",
                        "disapproval",
                        "doubt",
                        "embarrassment"
                  ],
                  "excerpt": "Tirez - moi , dit l ' Epouse sacrée ( 337 ) , c ' est - à - dire , commencez le premier , carje ne saurais m ' éveiller de moi - même , je ne saurais me mouvoir si vous ne m ' émouvez ; mais quand vous m ' aurez émue , alors , ô le cher époux de mon âme ! nous courrons nous deux : vous courrez devant moi en me tirant toujours plus avant , et moi je vous suivrai à la course , consentant à vos attraits .Mais que personne n ' estime que vous m ' alliez tirant après vous comme une esclave forcée , ou comme une charrette inanimée : ah ! non , vous me tirez « à l ' odeur de vos parfums .) j Si je vous vais suivant , ce n ' est pas que vous me traîniez , c ' est que vous m ' alléchez ; vos attraits sont puissants , mais non pas violents , puisque loute leur force consiste en leur douceur .",
                  "id": "18",
                  "title": "Oeuvres complètes de S. François de Sales,.... Précédée de la vie du saint. Augmentée de l'Esprit de saint François. Et de la biographie de ce dernier. Suivie des oeuvres complètes de sainte de Chantal,.... Tome 3 / par Fr. Pérennes ; par J.-P. Camus,... ; par Mgr Depéry"
            },
            {
                  "doc_url": "https://gallica.bnf.fr/ark:/12148/bpt6k802396",
                  "emotions": [
                        "anger",
                        "fear",
                        "annoyance",
                        "disapproval",
                        "doubt"
                  ],
                  "excerpt": "d ' or : « Tiens » lui dit - il , « la République est cornas ces misérables courbée au bord des océans , elle enfonce dans tous les rivages ses bras avides , et le bruit des flots emplit tellement son oreille qu ' elle n ' entendrait pas venir par derrière le talon d ' un maître ) ) » II entraîna Mâtho tout à l ' autre bout de la terrasse , et lui montrant le jardin où miroitaient au soleil les épees des soldats supendues dans les arbres « Mais ici il y a des hommes forts dont la haine est exaspérée ! et rien ne les attache à Carthage , ni Icur & familles , ni leurs serments , ni leurs dieux ) ) » Mâtho restait appuyé contre le mur ; Spendius , se rapprochant , poursuivit à voix basse , : – < [ Me comprends - tu , soldat ? Nous nous promènerions couverts de pourpre comme dds satrapes .On nous laverait dans les parfums j ' aurais des esclaves à mon tour ! N ' es - tu pas las de dormir sur la terre dure , de boire le vinaigre des camps , et toujours d ' entendre ! a trompette ? Tu te reposeras plus tard , n ' est - ce pas ? quand on arrachera ta cuirasse pour jeter ton cadavre aux vautours ou peut - être , t ' appuyant sur un bâton , aveugle , boiteux , débile , tu t ' en iras de porte en porte raconter ta jeunesse aux petits enfants et aux vendeurs de saumure .Rappelle foi toutes les injustices de tes chefs , les campcmen ' .",
                  "id": "19",
                  "title": "Salammbô / Gustave Flaubert"
            },
            {
                  "doc_url": "https://gallica.bnf.fr/ark:/12148/bpt6k802396",
                  "emotions": [
                        "fear",
                        "nostalgia",
                        "relief"
                  ],
                  "excerpt": "plaine il poussait les masses de soldats qui arrivaient incessamment contre la ligne des fortifications .Peu à peu il s ' était rapproché ; l ' odeur du sang , le spectacle du carnage et le vacarme des clairons avaient fini par lui faire bondir le cœur .Alors il était rentré dans sa tente , et , jetant sa cuirasse , avait pris sa peau de lion , plus commode pour la bataille .",
                  "id": "20",
                  "title": "Salammbô / Gustave Flaubert"
            }
      ]
}