{
      "articles": [
            {
                  "doc_url": "https://gallica.bnf.fr/ark:/12148/bpt6k57217036",
                  "emotions": [
                        "surprise",
                        "joy",
                        "fear",
                        "excitement",
                        "doubt",
                        "pain"
                  ],
                  "excerpt": "Un jour , que , me trouvant dans l ' Ile de Lemnos , Je veux prouver aux Grecs qu ' une flèche d ' Hercule , En visant comme il faut , peut toucher une mule , Le trait sur mon pied tombe , et m ' en traverse un os , Ce qui me fait crier comme un rhinocéros .A ces cris , tout le camp frémit de l ' aventure ; , Et les rois , étonnés » Qu ' il s ' exhale de ma blessure Uuc odeur de suif en friture , Prennent la fuite en se bouchant le ne * .Votre père lui - même , et c ' est de quoi j ' enrage , M ' abandonna sur le rivage ; Cependant , aujourd ' hui , je conviens que son tort Me parait moins grand que d ' abord , Et qu ' enfin sa conduite aurait été blâmée , S ' il eût , par nia présence , empoisonné l ' armée .",
                  "id": "1",
                  "title": "Télémaque travesti , poème héroï-comique en vers libres et en huit chants, précédés chacun d'un sommaire tiré du Télémaque de Fénelon. Par Parigot. 2e édition"
            },
            {
                  "doc_url": "https://gallica.bnf.fr/ark:/12148/bpt6k9615211k",
                  "emotions": [
                        "fear",
                        "nervousness",
                        "indifference"
                  ],
                  "excerpt": "les mouvemens contractiles du cœur .J ' ai été très - souvent exposé à le respirer en traversant des marécages dont les pieds de mon cheval le dégageaient en remuant la fange ; j ' en éprouvai un malaise et une lassitude générale , et l ' animal qui me portait semblait partager les mêmes incommodités , puisque , au lieu d ' aller vite , il devenait insensible au fouet et à l ' éperon .Voici une observation bien probante de l ' effet affaiblissant des eaux chaudes sulfureuses artificielles .",
                  "id": "2",
                  "title": "Traité de médecine légale et d'hygiène, publique ou de police de santé. Tome 4 / , adapté aux codes de l'Empire français et aux connaissances actuelles,... par F.-E. Fodéré,..."
            },
            {
                  "doc_url": "https://gallica.bnf.fr/ark:/12148/bpt6k5801155j",
                  "emotions": [
                        "fear"
                  ],
                  "excerpt": "Avouez que si cela manque de discrétion , cela manque aussi de propreté et de salubrité .Votre voisin de palier ne peut ouvrir sa porte sans respirer les émanations mm .O - l » - m * wf * * qui s ' échappent do votre cabinet d ' aisances , il est vrai qu ' il vous lo rend bien à son tour .",
                  "id": "3",
                  "title": "La nouvelle rue Grolée / par le Dr Clément,..."
            },
            {
                  "doc_url": "https://gallica.bnf.fr/ark:/12148/bpt6k6412190t",
                  "emotions": [
                        "fear",
                        "nervousness"
                  ],
                  "excerpt": "Les éponges fines , après avoir été ainsi préparées , sont retaillées avec beaucoup d ' art et d ' habileté ; on leur donne la forme d ' épongés naturelles et quelquefois même on les trempe dans de l ' eau de mer afin de leur communiquer cette odeur qui est spéciale aux éponges naturelles .Quand vous passerez sur le boulevard et qu ' on vous offrira pour la toilette de votre bébé de jolies petites éponges bien blanches et bien parfumées à raison de 10 centimes pièce , méfiez - vous : ce sont des éponges qui proviennent des hôpitaux ou tout au moins de la hotte du chiffonnier .Les éponges grossières et les déchets produits par l ' opération du retaillage des éponges fines sont employés à garnir les encriers en porcelaine de bureaux et les intérieurs de lampes à essence minérale .",
                  "id": "4",
                  "title": "La hotte du chiffonnier (3e édition) / par Louis Paulian ; ouvrage illustré de 47 gravures d'après J. Férat, P. Renouard, etc."
            },
            {
                  "doc_url": "https://gallica.bnf.fr/ark:/12148/bpt6k1413149x",
                  "emotions": [
                        "grief",
                        "sadness",
                        "fear",
                        "nostalgia",
                        "doubt",
                        "despair"
                  ],
                  "excerpt": "CALAMUS VOICI , CHANTANT AU PRINTEMPS Voici chantant au printemps ce que je récolte pour les amants , ( Qui donc sinon moi comprendrait les amants et toute leur peine et joie ? Et qui sinon moi serait le poète des camarades ? ) Récoltant je traverse le jardin du monde , mais voici que je franchis les portes , Tantôt le long du bord de la mare , tantôt y pataugeant un tantinet , sans crainte du mouillé .Tantôt près des barrières de pieux et de lices où les vieilles pierres jetées là , ramassées dans les champs , se sont accumulées , ( Fleurs sauvages et sarments et les herbes poussent entre les pierres et presque les recouvrent , je les dépasse , ) Loin , loin dans la forêt , ou flânant plus tard en été , avant de savoir où je vais , Solitaire , sentant la senteur de la terre , m ’ arrêtant ça et là dans le silence .Seul croyais - je , alors que bientôt une troupe s ’ amasse autour de moi , Les uns marchent à mon flanc et d ’ autres par derrière , et d ’ autres m ’ enlacent les bras et le cou , Eux les esprits d ’ amis chers morts ou vivants , plus serrés ils viennent , une grande foule , et moi au milieu .",
                  "id": "5",
                  "title": "Oeuvres choisies : poèmes et proses (2e éd.) / Walt Whitman ; trad. par Jules Laforgue, Louis Fabulet, André Gide, Jean Schlumberger, Francis Vielé-Griffin ; précédés d'une étude par Valery Larbaud"
            },
            {
                  "doc_url": "https://gallica.bnf.fr/ark:/12148/bpt6k749198",
                  "emotions": [
                        "fear",
                        "greed"
                  ],
                  "excerpt": "Après avoir , pendant tout un joursur le sable , Longuement étendu ~ dormi sous le ciel clair , Dardé par les rayons d ' un soleil implacable , Il s ' est levé , bâillant , affamé , flairant l ' air .11 a senti l ' odeur du monstre qui grommelle Dans la brise , et semblable au vorace corbeau Qui suit de loin la mort , inassouvi comme eue , tt vient ù la curée arracher un lambeau .Le lion , hérissant ses crins durs , sur sa proie Bondit , lui labourant profondément la chair De ses griffes ; il mord à pleine gueule , il broie , Et fait craquer les os entre ses dents de fer .",
                  "id": "6",
                  "title": "La Gazette rimée / directeur : Robert Luzarche"
            },
            {
                  "doc_url": "https://gallica.bnf.fr/ark:/12148/bpt6k749198",
                  "emotions": [
                        "fear"
                  ],
                  "excerpt": "Levez - vous des ombres profondes Avec le retentissement Des forêts , où les vastes ondes Roulent tumultueusement .Avec les bruits des mers sauvages Battant de leurs flots convulsifs , Parmi les senteurs des rivages , L ' immobilité des récifs .Debout , voici le jour propice , Le jour terrible et souhaité ) 1 Donc .",
                  "id": "7",
                  "title": "La Gazette rimée / directeur : Robert Luzarche"
            },
            {
                  "doc_url": "https://gallica.bnf.fr/ark:/12148/bpt6k749198",
                  "emotions": [
                        "surprise",
                        "disgust",
                        "fear",
                        "nervousness"
                  ],
                  "excerpt": "Tandis que l ' ombre emplit la plaine brune et chaude , Où la fraîcheur du soir sur te sable descend , Nocturne promeneur , le lion veille et rôde Fouillant l ' espace obscur de son regard perçant .Tout à coup il s ' arrête , une peur instinctive Effare le troupeau ; lc fauve carnassier A flairé dans le vent une odeur de chair vive Et , farouche , il frémit sur ses jarrets d ' acier .Et .",
                  "id": "8",
                  "title": "La Gazette rimée / directeur : Robert Luzarche"
            },
            {
                  "doc_url": "https://gallica.bnf.fr/ark:/12148/bpt6k318977w",
                  "emotions": [
                        "fear"
                  ],
                  "excerpt": "Les figuiers de Barbarie ont envahi le bord du sentier , où l ’ ombre hérissée de leurs raquettes s ’ imprime durement sur une poussière verdâtre mélangée de bouses de vache .Des odeurs de terroir circulent dans l ’ air qui s ’ échauffe .Le sentier , devenu montueux , mène rapidement en haut de la côte , et je marche entre deux rangées de maisons basses , construites en pierres brutes , couvertes de tuiles grossières , sans ouverture sur la rue et séparées toutes par une étroite impasse qui s ’ évanouit à vingt pas au - dessus d ’ un gouffre .",
                  "id": "9",
                  "title": "Tableaux algériens : ouvrage illustré,... / Gustave Guillaumet. Précédé d'une notice sur la vie et les oeuvres de Guillaumet / par Eugène Mouton"
            },
            {
                  "doc_url": "https://gallica.bnf.fr/ark:/12148/bpt6k9602607v",
                  "emotions": [
                        "anger",
                        "fear",
                        "annoyance",
                        "pain",
                        "embarrassment"
                  ],
                  "excerpt": "Vous n ' avez pas besoin de montrer large comme la main de votre peau avant que les champs soient nus .Lâche la Jungle , Hathi ! — On ne tuera pas ? Mes défenses étaient rouges au Sac des Champs de Bhurtpore ; et je voudrais ne pas réveiller cette odeur - là .— Pas plus que moi .",
                  "id": "10",
                  "title": "Le second Livre de la jungle / Rudyard Kipling ; illustré de 12 gravures en couleurs de M. de Becque"
            },
            {
                  "doc_url": "https://gallica.bnf.fr/ark:/12148/bpt6k9628773m",
                  "emotions": [
                        "disgust",
                        "fear",
                        "disapproval",
                        "nostalgia",
                        "nervousness"
                  ],
                  "excerpt": ".Je songe involontairement à cette Maison Mazeran , Viannay et Barday dont Rimbaud était devenu l ' agent , à Harar ( gomme , ivoire , parfums , poudre d ' or , plumes d ' autruche , cuirs secs ) ..",
                  "id": "11",
                  "title": "Les coudes sur la table / texte et dessins de Georges Delaw"
            },
            {
                  "doc_url": "https://gallica.bnf.fr/ark:/12148/bpt6k5448267d",
                  "emotions": [
                        "fear",
                        "doubt"
                  ],
                  "excerpt": "Dans le principe , élève convaincu de maîtres d ' un mérite supérieur , je cherchais dans leurs écrits , leurs leçons , la solution du problème qui me tourmentait ; ils ne m ' apprenaient rien sur la nature intime ni sur la cause première de cette terrible affection .Les uns me parlaient d ' un miasme réagissant sur l ' économie , comme les émanations des marais ; les autres , d ' un virus subtil , insaisissable , se rapprochant des virus des fièvres éruptives ; les autres d ' un ferment ..",
                  "id": "12",
                  "title": "Quelques considérations sur la fièvre typhoïde dans les campagnes / par P. Marin,..."
            },
            {
                  "doc_url": "https://gallica.bnf.fr/ark:/12148/bpt6k6458638j",
                  "emotions": [
                        "fear"
                  ],
                  "excerpt": "Premier exemple .L ' œil voit un animal , l ' oreille ' entend ses cris , l ' odorat sent son odeur , la pensée le photographie , son image fixée au cerveau se trouve à portée des juges ; ils l ' observent , l ' examinent et constatent ses fortes mâchoires , ses longues griffes , sa forte charpente musculaire , son odeur de carnassier , ses cris sauvages , toutes circonstances qui , sans donner encore de certitude , ne rassurent point à son égard .Ce qui ne laisse aucun doute , c ' est qu ' il est représenté dans sa photographie dévorant une proie qu ' il vient de déchirer .",
                  "id": "13",
                  "title": "Entretien familier sur l'étude du langage, complément nécessaire à tout âge d'une éducation sérieuse, indispensable au corps enseignant, par Alphonse Guyot,..."
            },
            {
                  "doc_url": "https://gallica.bnf.fr/ark:/12148/bpt6k54937387",
                  "emotions": [
                        "fear",
                        "excitement",
                        "greed",
                        "nervousness",
                        "embarrassment"
                  ],
                  "excerpt": "Midi sur le cadran luit et chauffe la pierre , Quand , reprochant au jour son éclat indiscret , Elle étire ses bras et rouvre sa paupière , Et descend de ce lit qu ' elle quitte à regret .Esclaves , accourez , promptes à vos offices ! Hâtez - vous , en tremblant , de servir tous ses voeux ; Vienne tout l ' attirail des savants artifices : Les miroirs , les parfums , lés tresses de cheveux .Des fards et des couleurs méditez l ' harmonie , Donnez à cette lèvre un reflet de carmin ; Tendez l ' arc dû sourcil , et que la peau brunie En blancheur virginale efface le jasmin .",
                  "id": "14",
                  "title": "Paroles de Salomon / Joseph Autran,..."
            },
            {
                  "doc_url": "https://gallica.bnf.fr/ark:/12148/bpt6k97813996",
                  "emotions": [
                        "disgust",
                        "fear"
                  ],
                  "excerpt": "grillés sur les charbons .L ' odeur se répand au loin sur les bas - fonds de la plage , et attire vers la nasse les poissons qui viennent se faire prendre d ' eux - mêmes ; ils ne peuvent plus se tirer de leur prison , et ils ont été ainsi au devant d ' un cruel trépas 1 .Telle accourt la panthère , attirée de loin par les cris du petit chien .",
                  "id": "15",
                  "title": "Les Halieutiques : poème en cinq chants sur la pêche maritime / par Oppien de Cilicie. Les Cynégétiques : poème en quatre chants sur la chasse des quadrupèdes / par Oppien de Syrie ; traduction... par E.-J. Bourquin,..."
            },
            {
                  "doc_url": "https://gallica.bnf.fr/ark:/12148/bpt6k5698542g",
                  "emotions": [
                        "surprise",
                        "fear",
                        "doubt"
                  ],
                  "excerpt": "« As - tu vu , mère ? dit - elle bien bas .; T - L ' ombre noire qui s ' est glissée dans la maison ? ^ — C ' est le démon , n ' est - ce pas , mère ? v — Ce ne peut être que lui , mon enfant ; mais ton père va bien le recevoir ; les fèves doivent être grillées ; je sens l ' odeur d ' ici ; » « Sortez , dînions ! Entrez , richesse » t • > Tout à coup , en effet , Tatzu se leva .« Sortez , démons I Unirez richesses ! 1 > i cria - l - il do sa voix la plus forte cl la plus impérieuse ; puis , en même temps , il lain ^ a une .",
                  "id": "16",
                  "title": "Le sosie : conte japonais / J. Protche de Viville ; illustré de 14 compositions de V. Poirson"
            },
            {
                  "doc_url": "https://gallica.bnf.fr/ark:/12148/bpt6k5530799k",
                  "emotions": [
                        "fear",
                        "nervousness"
                  ],
                  "excerpt": "Après un long pédoncule plus ou moins divisé , on ( 337 ) UTT \" \" ' ' F7 : ~ ~ ) trouve le bulbe olfactif ; hors de ce bulbe sortent deux ou trois branches qui gagnent par - derrière le centre d ' une membrane ou capsule fibreuse .Les nerfs olfactifs s ' y répandent et viennent la pénétrer .Il ne faut point oublier qtie , par son autre surface , cette membrane fibronerveuse fait le fond de la cavité nasale , ' cavité que nous avons vue plus haut occupée et tapissée par la branchie olfactive .",
                  "id": "17",
                  "title": "Annales des sciences naturelles"
            },
            {
                  "doc_url": "https://gallica.bnf.fr/ark:/12148/bpt6k9606277c",
                  "emotions": [
                        "sadness",
                        "fear",
                        "nostalgia",
                        "despair",
                        "pain",
                        "frustration"
                  ],
                  "excerpt": "Je me suis figuré quelquefois entendre les plaintes d ' un papillon traversé par une épingle , qui cloué sur son roc de liége , comme Prométhée sur le Caucase , criait piteusement des ailes , et les agitait pour s ' enfuir .Je veux fuir , parce que je souffre ! mais à quoi bon , et que ferais - je maintenant dans ma patrie ? Je ne pourrais plus me soutenir dans F air , où se berçaient mes jeux , chaque battement d ' ailes élargirait ma plaie ; je ne pourrais plus me poser sur les roses que j ' aimais ; loin de me guérir , leur parfum , comme un trait de feu , passerait à travers ma blessure .£ t $ JHrurs îics vUpcs .",
                  "id": "18",
                  "title": "Le livre du promeneur, ou Les mois et les jours / J. Le Fèvre-Deumier"
            },
            {
                  "doc_url": "https://gallica.bnf.fr/ark:/12148/bpt6k5453864z",
                  "emotions": [
                        "disgust",
                        "fear"
                  ],
                  "excerpt": "De même que les sens demandent une stimulation progressivement croissante , de même aussi le coeur de l ' homme a de l ' appétence pour les émotions sentimentales de plus en plus tragiques , et c ' est là le principe de ce penchant dépravé que Gilbert a si énergiquement flétri dans une de ses satires .Le goût des plus noirs mélodrames se propage et menace de nous envahir .Ce goût cependant est - il un signe de perfectionnement , et convient - il que les lois l ' alimentent ? Si les exécutions juridiques deviennent trop rares pour qu ' on doive en appréhender une puissante influence sur les moeurs , l ' effet qu ' on s ' en était promis est évidemment manqué : l ' intimidation devient nulle ; chacun croit n ' avoir rien à redouter pour soi d ' une peine clair - semée dans le temps et dans l ' espace : on la craint bien moins que la foudre , que DE LA PEINE DE MORT .",
                  "id": "19",
                  "title": "La France littéraire"
            },
            {
                  "doc_url": "https://gallica.bnf.fr/ark:/12148/bpt6k374150d",
                  "emotions": [
                        "surprise",
                        "fear",
                        "nostalgia",
                        "nervousness"
                  ],
                  "excerpt": "Et souvent mon rêve s ' arrête Dans le vieux jardin de jadis , Au printemps , quand tout est en fête Chez les fleurs comme dans les nids .Je revois les larges allées Que bordait l ' acre odeur du buis , Et les soudaines envolées Des moineaux qu ' effrayaient nos cris .Je vois les tulipes écloses , Les lys blancs , fiers de leur beauté , La grande corbeille de roses , Parure et parfum de l ' été .",
                  "id": "20",
                  "title": "Nos mères. Lettre-préface de Mgr Fuzet, archevêque de Rouen / Charles Lemercier"
            }
      ]
}