{
      "articles": [
            {
                  "doc_url": "https://gallica.bnf.fr/ark:/12148/bpt6k58444939",
                  "emotions": [
                        "fear"
                  ],
                  "excerpt": "Halitus .expiration ; souffle accompagné d ' odeur ( dangereuse , mauvaise — ; — suffocante ) , mieux - lé - , v .f HALENER , v .",
                  "id": "1",
                  "title": "Dictionnaire universel de la langue française avec le latin et l'étymologie... . , . : 13e édition, revue, corrigée et considérablement augmentée. précédée des \"Principes de grammaire d'après l'Académie française\" (13ème éd.) / par P. C. V. Boiste ; comparée avec la 6e édition du \"Dictionnaire de l'Académie\", par MM. Charles Nodier,... et Louis Barré,...par M. Lorain,..."
            },
            {
                  "doc_url": "https://gallica.bnf.fr/ark:/12148/bpt6k6514117j",
                  "emotions": [
                        "disgust",
                        "fear",
                        "annoyance"
                  ],
                  "excerpt": "Suif du feu .à jonche ( Fonderies de ) , Odeur désagréable et danger du lrc Idem .Sui ' eu nu .",
                  "id": "2",
                  "title": "Recueil des circulaires et instructions émanées du Ministère de l'intérieur de 1790 à 1830 inclusivement. Tome 3"
            },
            {
                  "doc_url": "https://gallica.bnf.fr/ark:/12148/bpt6k6133640s",
                  "emotions": [
                        "disgust",
                        "fear",
                        "despair"
                  ],
                  "excerpt": "L ' oeil était éteint , la mâchoire inférieure paralysée , les extrémités refroidies et tremblantes , les excrétions sanguinolentes et involontaires ; la respiration stertoreuse , la face hippocratique , les pétéchies en plus grand nombre .Le malade répandait une odeur cadavéreuse et s ' enfonçait dans son lit .Le médecin avait perdu tout l ' espoir , et ce ne fut que sur les sollicitations réitérées des assistans , de ne pas abandonner le malade , qu ' il résolut 58 OBSERVATIONS CLINIQUES d ' employer encore le phosphore ; mais il présagea la mort du malade pour le soir .",
                  "id": "3",
                  "title": "Recherches et observations sur le phosphore ; ouvrage dans lequel on fait connaître les effets extraordinaires de ce remède dans le traitement de différentes maladies internes, par J.-F.-Daniel Lobstein,..."
            },
            {
                  "doc_url": "https://gallica.bnf.fr/ark:/12148/bpt6k6434672s",
                  "emotions": [
                        "fear",
                        "nervousness",
                        "pain"
                  ],
                  "excerpt": "6 .Langue et dents fuligineuses , haleine fétide , respiration difficile , cessation des vomissemens .( Boisson vineuse , potion fortifiante .",
                  "id": "4",
                  "title": "La médecine clinique rendue plus précise et plus exacte par l'application de l'analyse, ou Recueil et résultat d'observations sur les maladies aiguës, faites à la Salpêtrière ; par Ph. Pinel,..."
            },
            {
                  "doc_url": "https://gallica.bnf.fr/ark:/12148/bpt6k9739222d",
                  "emotions": [
                        "disgust",
                        "fear",
                        "annoyance",
                        "nostalgia",
                        "nervousness",
                        "frustration",
                        "embarrassment"
                  ],
                  "excerpt": "Je la guettais , et , comme la plus alerte des souris , crac ! je la tenais dans mes griffes bien serrées .Maintenant elle balance , et ne veut pas quitter ce sombre gîte , cette maison nauséabonde de l ' affreux cadavre ; les éléments , qui se haïssent , enfin la chassent honteusement .Et , dussé - je me tourmenter des heures et des jours : quand ? où ? comment ? voilà la question fatale ! La vieille mort a perdu sa force soudaine .",
                  "id": "5",
                  "title": "Oeuvres de Goethe. Tome 4 / [traduction nouvelle par Jacques Porchat]"
            },
            {
                  "doc_url": "https://gallica.bnf.fr/ark:/12148/bpt6k62427032",
                  "emotions": [
                        "surprise",
                        "fear",
                        "doubt"
                  ],
                  "excerpt": "Indigence & douleur ont la bouche éloquente ; Pour l ' our com ' elles parler , faut en être inspiré .Ains croiriez - vous l ' éfet inespéré D ' une harangue si touchante ? Loin d ' ici , dit le Dieu d ' une voit menaçante ; Dieux chétifs , troupe insecte & de fange puante ! Allez dans vos bourbiers soufrir Be dépérir .Sans - doute parce fléau terrible , De quelque grand forfait Jupin veut vous punir .",
                  "id": "6",
                  "title": "Diogène conteur, ou les lunettes de vérité. Suivies de la Bibliothèque naturelle et d'un recueil de contes et de poésies..."
            },
            {
                  "doc_url": "https://gallica.bnf.fr/ark:/12148/bpt6k113310h",
                  "emotions": [
                        "fear"
                  ],
                  "excerpt": "sombres , parce que sales .Il y a dans la lumière cette obscurité qu ' ils portent sur eux et une mauvaise odeur se déplace avec eux .On voit se joindre aux groupes populaires trois conva - lescents de l ' hôpital , qu ' on reconnaît à leurs vêtements de bure , à leurs képis et à leurs gros souliers , et parce que leurs g2stes sont soudés les uns aux autres , pliés aux mouvements communs .",
                  "id": "7",
                  "title": "Clarté : roman / Henri Barbusse"
            },
            {
                  "doc_url": "https://gallica.bnf.fr/ark:/12148/bpt6k6514117j",
                  "emotions": [
                        "disgust",
                        "fear"
                  ],
                  "excerpt": "1 \" Idem .CUirs , ern ' s ( Fabriques de ) Mauvaise odeur et danger du feu .lre Idem .",
                  "id": "8",
                  "title": "Recueil des circulaires et instructions émanées du Ministère de l'intérieur de 1790 à 1830 inclusivement. Tome 3"
            },
            {
                  "doc_url": "https://gallica.bnf.fr/ark:/12148/bpt6k6119805b",
                  "emotions": [
                        "fear",
                        "desire",
                        "nostalgia",
                        "excitement",
                        "nervousness",
                        "embarrassment"
                  ],
                  "excerpt": "II Où donc es - tu passée , ô Madeleine , hélas ! Je vais , je viens , je rôde , — 75 — Sur l ' herbe qui nous fit un si frais matelas Dans une nuit bien chaude .Je te cherche partout ; j ' ai l ' air d ' un maraudeur : Là - bas , près de la porte , Voilà le gros fumier , avec sa franche odeur Que le zéphyr m ' apporte .Voilà , contre le mur , un vieux piège à renards ; Une souche , une roue ; Voilà le puits , le coq , la mare et trois canards S ' ébattant dans la boue .",
                  "id": "9",
                  "title": "Les Folles Images. Caricatures"
            },
            {
                  "doc_url": "https://gallica.bnf.fr/ark:/12148/bpt6k58444939",
                  "emotions": [
                        "disgust",
                        "fear"
                  ],
                  "excerpt": "fi Fetor .grande puanteur ; contagion ; corruption , puanteur contagieuse qu ' elle répand ( grande — ; — insupportable , suffocante ; répandre 1 ' — ; quelle — ! c ' est une — ) ; se dit fig .' .",
                  "id": "10",
                  "title": "Dictionnaire universel de la langue française avec le latin et l'étymologie... . , . : 13e édition, revue, corrigée et considérablement augmentée. précédée des \"Principes de grammaire d'après l'Académie française\" (13ème éd.) / par P. C. V. Boiste ; comparée avec la 6e édition du \"Dictionnaire de l'Académie\", par MM. Charles Nodier,... et Louis Barré,...par M. Lorain,..."
            },
            {
                  "doc_url": "https://gallica.bnf.fr/ark:/12148/bpt6k6119805b",
                  "emotions": [
                        "surprise",
                        "disgust",
                        "fear",
                        "doubt"
                  ],
                  "excerpt": "Je ne sais quelle odeur se répand dans les airs ; C ' est l ' odeur des tueries , Quand de tragiques mains ont suspendu les chairs Aux crocs des boucheries .Épouvantable odeur ! qu ' est - ce à dire ? approchons , Hâtons - nOus ! Ah , sans doute , C ' est l ' odeur de la chair ! on grilla des cochons , Par ici , sur la route .Tout m ' apparaît lugubre et funeste .",
                  "id": "11",
                  "title": "Les Folles Images. Caricatures"
            },
            {
                  "doc_url": "https://gallica.bnf.fr/ark:/12148/bpt6k6514117j",
                  "emotions": [
                        "fear"
                  ],
                  "excerpt": "avec des appareils bien construits .11 Camphre ( Préparation et raffinage Odeur forte , et quelque danger 3e 14 janvier 1 du ) , d ' incendie .Caractères d ' imprimerie ( Fonde - Très - peu d ' inconvénient 3e Idem - riesde ) .",
                  "id": "12",
                  "title": "Recueil des circulaires et instructions émanées du Ministère de l'intérieur de 1790 à 1830 inclusivement. Tome 3"
            },
            {
                  "doc_url": "https://gallica.bnf.fr/ark:/12148/bpt6k55007597",
                  "emotions": [
                        "disgust",
                        "fear"
                  ],
                  "excerpt": "Les papillons ou vers sont détruits .L ' odeur est suffocante ; ne pas rester ' dans la pièce où l ' on opère ( M .A .",
                  "id": "13",
                  "title": "La science pratique : suite des Recettes et procédés utiles / par Gaston Tissandier,..."
            },
            {
                  "doc_url": "https://gallica.bnf.fr/ark:/12148/bpt6k6259142j",
                  "emotions": [
                        "disgust",
                        "fear"
                  ],
                  "excerpt": "La puce , maligne et légère , vous échappe par un bond pittoresque et gai comme si elle jouait à cache - cache .La punaise s ' enfuit comme une lâche qui court , et le doigt qui la saisit reste empreint d ' une odeur repoussante .« Parfois , la punaise s ' immobilise , espérant sans doute se dérober en s ' aplatissant .",
                  "id": "14",
                  "title": "La Grande revue : journal de variétés... : littérature, voyages, curiosités, anecdotes, musique, beaux-arts, horticulture, sport, chasse, théâtre, etc., etc."
            },
            {
                  "doc_url": "https://gallica.bnf.fr/ark:/12148/bpt6k99801j",
                  "emotions": [
                        "fear"
                  ],
                  "excerpt": "De là , les yeux plongeaient dans un long corridor , très - obscur , où donnaient , à droite et à gauche , un grand nombre de portes .Elles étaient presque toutes ouvertes ; il s ' en échappait des vapeurs de cuisine à l ' ail qui , se mêlant à d ' autres émanations encore plus fétides , vous saisissaient à la gorge et vous suffoquaient .Quand je fus arrivé à ce qui me semblait être le quatrième étage , je tachai de m ' orienter dans ces ténèbres .",
                  "id": "15",
                  "title": "Étienne Moret / par Francisque Sarcey"
            },
            {
                  "doc_url": "https://gallica.bnf.fr/ark:/12148/bpt6k6514117j",
                  "emotions": [
                        "joy",
                        "disgust",
                        "anger",
                        "fear",
                        "disapproval",
                        "nervousness"
                  ],
                  "excerpt": "\" ' a : ge ( Fabrication de la ) .Exhalaisons dangereuses .jre Jdem .",
                  "id": "16",
                  "title": "Recueil des circulaires et instructions émanées du Ministère de l'intérieur de 1790 à 1830 inclusivement. Tome 3"
            },
            {
                  "doc_url": "https://gallica.bnf.fr/ark:/12148/bpt6k82653b",
                  "emotions": [
                        "fear",
                        "despair"
                  ],
                  "excerpt": "Je reconnais ton clair caquet , Oiseau solitaire et folâtre , Ilote de la friche grisâtre , flatte de la lande , Il traquet , Ami du pâtre La Sittelle Viens dans la forèt obscure .Nous deux tout seuls , Sous l ' odorante ramure Des grands tilleuls .L ' ombre verte au loin s ' allonge Un rayon clair S ' y baigne .",
                  "id": "17",
                  "title": "Chansons d'oiseaux / André Theuriet"
            },
            {
                  "doc_url": "https://gallica.bnf.fr/ark:/12148/bpt6k6434672s",
                  "emotions": [
                        "surprise",
                        "fear",
                        "pain"
                  ],
                  "excerpt": "16 .Point d ' accès , teinte jaune de la peau plus intense , haleine insupportable , carpologie , râlement , froid des membres , mort .18 .",
                  "id": "18",
                  "title": "La médecine clinique rendue plus précise et plus exacte par l'application de l'analyse, ou Recueil et résultat d'observations sur les maladies aiguës, faites à la Salpêtrière ; par Ph. Pinel,..."
            },
            {
                  "doc_url": "https://gallica.bnf.fr/ark:/12148/bpt6k66286r",
                  "emotions": [
                        "fear",
                        "doubt",
                        "nervousness"
                  ],
                  "excerpt": "Celui - ci , les coudes appuy ~ a aux brast ' embourr ~ BdM fau ' Mttit , les jamhM étendues sur les chenete , les yeux ~ ti ~ ootante , somblait < ! gatefaaat gagn6 par t ' atmosph & ro do bien - Ctro répandue dans la saUe A manger .Da temps en tetnps , ta porte decommMaicatmas ' ettwait ; Scetastique encore alerte malgrâ son embonpoint eavah ! < Mn < , couvrait ta table d ' une nappa à liteaux rouges , dMpoMtttaa aBsietMs , coupait te pain , cannait tes serviettes en bonnet d ' dvêque ; et une friande odeur de cafanietaouearnwait data cuisine pi .rBeuH3es .",
                  "id": "19",
                  "title": "Les enchantements de la forêt (13e édition) / André Theuriet"
            },
            {
                  "doc_url": "https://gallica.bnf.fr/ark:/12148/bpt6k5623629g",
                  "emotions": [
                        "fear",
                        "nervousness"
                  ],
                  "excerpt": "Par coiis « ' « pieiit il vaut mieux culrYtuvrir la croisée la nuilfpioiqu ' il y ail « lu brouillard , le malade respirera un air unteu trop humide , mais cet air sera pur .Si , par crainte « lu brouillard , le tuberculeux fermait sa croisée la nuit , il respirerait un air renfermé , chargé d ' exhalaisons pulmonaires , air malsain , bien plus dangereux que l ' air chargé d ' un peu « le brouillard .Du reste , en entrouvrant très peu la croisée , la nuit , par un temps « le brouillard , cl en faisant « lu feu tlans la chambre , l ' air extérieur se mélange lentement à l ' air « le la pièce et le tuberculeux n ' eu est ( tas incommodé .",
                  "id": "20",
                  "title": "Guérison de la tuberculose / par le Dr Coste de Lagrave"
            }
      ]
}