{
  "results": [
    {
      "@type": "http://data.odeuropa.eu/ontology/L11_Smell",
      "@id": "http://data.odeuropa.eu/smell/2b0b9496-38bb-5670-b804-3835dac12476",
      "@graph": "http://data.odeuropa.eu/gallica",
      "label": "odeur",
      "source": [
        {
          "@id": "https://data.bnf.fr/ark:/12148/bpt6k5839014k",
          "author": [
            {
              "@id": "http://data.odeuropa.eu/actor/bcf2e7ee-ea3a-537b-affa-c09306aee5d8",
              "label": "Pierre  Loti"
            }
          ],
          "createdLocation": [
            {
              "@id": "https://sws.geonames.org/6452876/",
              "label": "Bibliothèque Nationale de France",
              "lat": "48.83364",
              "long": "2.37575"
            }
          ],
          "label": "Un pèlerin d'Angkor / Pierre Loti,...",
          "url": "https://gallica.bnf.fr/ark:/12148/bpt6k5839014k",
          "date": "1912",
          "language": "fr"
        },
        {
          "@id": "http://data.odeuropa.eu/source/453e16a9-bbd6-5d25-b8b3-8ee677066b33",
          "author": [
            {
              "@id": "http://data.odeuropa.eu/actor/bcf2e7ee-ea3a-537b-affa-c09306aee5d8",
              "label": "Pierre  Loti"
            }
          ],
          "createdLocation": [
            {
              "@id": "https://sws.geonames.org/6452876/",
              "label": "Bibliothèque Nationale de France",
              "lat": "48.83364",
              "long": "2.37575"
            }
          ],
          "label": "Un pèlerin d'Angkor / Pierre Loti,...",
          "url": "https://gallica.bnf.fr/ark:/12148/bpt6k5839014k",
          "date": "1912",
          "language": "fr"
        }
      ],
      "smellSource": [
        {
          "@id": "http://data.odeuropa.eu/vocabulary/olfactory-objects/270",
          "label": "Musk"
        },
        {
          "@id": "http://www.wikidata.org/entity/Q323461",
          "label": "Musk"
        }
      ],
      "time": [
        {
          "@id": "http://data.odeuropa.eu/time/b4645460-c680-5000-bd3a-1f76c693585f",
          "label": "1912",
          "begin": "1912",
          "end": "1912"
        }
      ],
      "emotion": [
        {
          "@id": "http://data.odeuropa.eu/vocabulary/plutchik/fear",
          "label": "fear"
        },
        {
          "@id": "http://data.odeuropa.eu/emotion-type/doubt",
          "label": "doubt"
        }
      ],
      "text": ".Les dalles y sont feu - UN PÈLERIN D ' ANGKOR 87 trées d ' on ne sait quoi de mou qui s ' écrase sous les pas en répandant une odeur de musc et de fiente .Et , aux bruissements bruissements l ' arrivée , s ' ajoutent à présent des petits cris aigus qui se propagent devant nous dans ces lointains si obscurs ."
    },
    {
      "@type": "http://data.odeuropa.eu/ontology/L11_Smell",
      "@id": "http://data.odeuropa.eu/smell/6a10aab4-2832-5aa8-952d-82288f742167",
      "@graph": "http://data.odeuropa.eu/gallica",
      "label": "fumées",
      "source": [
        {
          "@id": "https://data.bnf.fr/ark:/12148/bpt6k5803183g",
          "author": [
            {
              "@id": "http://data.odeuropa.eu/actor/f8346ad8-83a3-560f-b9a4-d5401b79db73",
              "label": "Jean  Hess"
            }
          ],
          "createdLocation": [
            {
              "@id": "https://sws.geonames.org/6452876/",
              "label": "Bibliothèque Nationale de France",
              "lat": "48.83364",
              "long": "2.37575"
            }
          ],
          "label": "La catastrophe de la Martinique : notes d'un reporter... / Jean Hess",
          "url": "https://gallica.bnf.fr/ark:/12148/bpt6k5803183g",
          "date": "1902",
          "language": "fr"
        },
        {
          "@id": "http://data.odeuropa.eu/source/8886cee5-e660-5a59-aa6e-b53d89f6ffd9",
          "author": [
            {
              "@id": "http://data.odeuropa.eu/actor/f8346ad8-83a3-560f-b9a4-d5401b79db73",
              "label": "Jean  Hess"
            }
          ],
          "createdLocation": [
            {
              "@id": "https://sws.geonames.org/6452876/",
              "label": "Bibliothèque Nationale de France",
              "lat": "48.83364",
              "long": "2.37575"
            }
          ],
          "label": "La catastrophe de la Martinique : notes d'un reporter... / Jean Hess",
          "url": "https://gallica.bnf.fr/ark:/12148/bpt6k5803183g",
          "date": "1902",
          "language": "fr"
        }
      ],
      "time": [
        {
          "@id": "http://data.odeuropa.eu/time/6c22fc6b-e1d1-57c7-a253-774753518225",
          "label": "1902",
          "begin": "1902",
          "end": "1902"
        }
      ],
      "place": [
        {
          "@id": "https://sws.geonames.org/3570200/",
          "label": "Mount Pelée"
        }
      ],
      "emotion": [
        {
          "@id": "http://data.odeuropa.eu/vocabulary/plutchik/fear",
          "label": "fear"
        },
        {
          "@id": "http://data.odeuropa.eu/emotion-type/curiosity",
          "label": "curiosity"
        }
      ],
      "text": "Mais je crois aussi qu ' il y faut du temps , et je crois surtout qu ' il faut que le volcan s ' éteigne , que la terre • ne tremble plus .Or , le volcan de la Montagne Pelée n ' est pas éteint ; les fumées qu ' il crache sont toujours vues de Fort - deFrance , nous menacent toujours ; leur silhouette barre le ciel ; toujours nous pouvons nous demander si la mort que ces fumées portent dans leurs volutes magnifiques ne va point tomber sur nous .Et la terre , sous nos pieds , nous ne la sentons poinl ■ solide ."
    },
    {
      "@type": "http://data.odeuropa.eu/ontology/L11_Smell",
      "@id": "http://data.odeuropa.eu/smell/4e61e794-40c7-5557-9f4a-af280c43731f",
      "@graph": "http://data.odeuropa.eu/gallica",
      "label": "odeur",
      "source": [
        {
          "@id": "https://data.bnf.fr/ark:/12148/bpt6k5803183g",
          "author": [
            {
              "@id": "http://data.odeuropa.eu/actor/f8346ad8-83a3-560f-b9a4-d5401b79db73",
              "label": "Jean  Hess"
            }
          ],
          "createdLocation": [
            {
              "@id": "https://sws.geonames.org/6452876/",
              "label": "Bibliothèque Nationale de France",
              "lat": "48.83364",
              "long": "2.37575"
            }
          ],
          "label": "La catastrophe de la Martinique : notes d'un reporter... / Jean Hess",
          "url": "https://gallica.bnf.fr/ark:/12148/bpt6k5803183g",
          "date": "1902",
          "language": "fr"
        },
        {
          "@id": "http://data.odeuropa.eu/source/8886cee5-e660-5a59-aa6e-b53d89f6ffd9",
          "author": [
            {
              "@id": "http://data.odeuropa.eu/actor/f8346ad8-83a3-560f-b9a4-d5401b79db73",
              "label": "Jean  Hess"
            }
          ],
          "createdLocation": [
            {
              "@id": "https://sws.geonames.org/6452876/",
              "label": "Bibliothèque Nationale de France",
              "lat": "48.83364",
              "long": "2.37575"
            }
          ],
          "label": "La catastrophe de la Martinique : notes d'un reporter... / Jean Hess",
          "url": "https://gallica.bnf.fr/ark:/12148/bpt6k5803183g",
          "date": "1902",
          "language": "fr"
        }
      ],
      "time": [
        {
          "@id": "http://data.odeuropa.eu/time/6c22fc6b-e1d1-57c7-a253-774753518225",
          "label": "1902",
          "begin": "1902",
          "end": "1902"
        }
      ],
      "place": [
        {
          "@id": "https://sws.geonames.org/9526125/",
          "label": "Espanta Ruines"
        }
      ],
      "emotion": [
        {
          "@id": "http://data.odeuropa.eu/vocabulary/plutchik/grief",
          "label": "grief"
        },
        {
          "@id": "http://data.odeuropa.eu/vocabulary/plutchik/fear",
          "label": "fear"
        },
        {
          "@id": "http://data.odeuropa.eu/vocabulary/plutchik/disapproval",
          "label": "disapproval"
        },
        {
          "@id": "http://data.odeuropa.eu/emotion-type/despair",
          "label": "despair"
        }
      ],
      "text": ".Et c ' est une odeur de morts qui m ' a poursuivi partout sur les ruines .."
    },
    {
      "@type": "http://data.odeuropa.eu/ontology/L11_Smell",
      "@id": "http://data.odeuropa.eu/smell/32fc71cd-8915-5809-a37e-f8ef5bf5cc96",
      "@graph": "http://data.odeuropa.eu/gallica",
      "label": "puante",
      "source": [
        {
          "@id": "https://data.bnf.fr/ark:/12148/bpt6k5803183g",
          "author": [
            {
              "@id": "http://data.odeuropa.eu/actor/f8346ad8-83a3-560f-b9a4-d5401b79db73",
              "label": "Jean  Hess"
            }
          ],
          "createdLocation": [
            {
              "@id": "https://sws.geonames.org/6452876/",
              "label": "Bibliothèque Nationale de France",
              "lat": "48.83364",
              "long": "2.37575"
            }
          ],
          "label": "La catastrophe de la Martinique : notes d'un reporter... / Jean Hess",
          "url": "https://gallica.bnf.fr/ark:/12148/bpt6k5803183g",
          "date": "1902",
          "language": "fr"
        },
        {
          "@id": "http://data.odeuropa.eu/source/8886cee5-e660-5a59-aa6e-b53d89f6ffd9",
          "author": [
            {
              "@id": "http://data.odeuropa.eu/actor/f8346ad8-83a3-560f-b9a4-d5401b79db73",
              "label": "Jean  Hess"
            }
          ],
          "createdLocation": [
            {
              "@id": "https://sws.geonames.org/6452876/",
              "label": "Bibliothèque Nationale de France",
              "lat": "48.83364",
              "long": "2.37575"
            }
          ],
          "label": "La catastrophe de la Martinique : notes d'un reporter... / Jean Hess",
          "url": "https://gallica.bnf.fr/ark:/12148/bpt6k5803183g",
          "date": "1902",
          "language": "fr"
        }
      ],
      "time": [
        {
          "@id": "http://data.odeuropa.eu/time/6c22fc6b-e1d1-57c7-a253-774753518225",
          "label": "1902",
          "begin": "1902",
          "end": "1902"
        }
      ],
      "place": [
        {
          "@id": "https://sws.geonames.org/934169/",
          "label": "Plaine Magnien"
        }
      ],
      "emotion": [
        {
          "@id": "http://data.odeuropa.eu/vocabulary/plutchik/fear",
          "label": "fear"
        },
        {
          "@id": "http://data.odeuropa.eu/emotion-type/nervousness",
          "label": "nervousness"
        }
      ],
      "text": "Toute cette partie de Saint - Pierre n ' est plus qu ' une plaine , i .une plaine affreuse , puante , chaude , fumant abondamment .De loin , on dirait qu ' un cratère s ' est formé à à cet endroit ."
    },
    {
      "@type": "http://data.odeuropa.eu/ontology/L11_Smell",
      "@id": "http://data.odeuropa.eu/smell/0eb2692f-0a84-59e1-96f9-aa3f3a1a787f",
      "@graph": "http://data.odeuropa.eu/gallica",
      "label": "parfums",
      "source": [
        {
          "@id": "https://data.bnf.fr/ark:/12148/bpt6k5706317v",
          "author": [
            {
              "@id": "http://data.odeuropa.eu/actor/18631290-aadb-5577-aa65-9bb4cd688c81",
              "label": "Virgile  av. J.-C"
            }
          ],
          "createdLocation": [
            {
              "@id": "https://sws.geonames.org/6452876/",
              "label": "Bibliothèque Nationale de France",
              "lat": "48.83364",
              "long": "2.37575"
            }
          ],
          "label": "Fables et poésies diverses / par M. Étienne Azéma (de l'île Bourbon)",
          "url": "https://gallica.bnf.fr/ark:/12148/bpt6k5706317v",
          "date": "1832",
          "language": "fr"
        },
        {
          "@id": "http://data.odeuropa.eu/source/beaefdcb-ef56-55f8-aa0b-217ca4d7babb",
          "author": [
            {
              "@id": "http://data.odeuropa.eu/actor/18631290-aadb-5577-aa65-9bb4cd688c81",
              "label": "Virgile  av. J.-C"
            }
          ],
          "createdLocation": [
            {
              "@id": "https://sws.geonames.org/6452876/",
              "label": "Bibliothèque Nationale de France",
              "lat": "48.83364",
              "long": "2.37575"
            }
          ],
          "label": "Fables et poésies diverses / par M. Étienne Azéma (de l'île Bourbon)",
          "url": "https://gallica.bnf.fr/ark:/12148/bpt6k5706317v",
          "date": "1832",
          "language": "fr"
        }
      ],
      "smellSource": [
        {
          "@id": "http://data.odeuropa.eu/vocabulary/olfactory-objects/103",
          "label": "Myrrh"
        },
        {
          "@id": "http://www.wikidata.org/entity/Q203635",
          "label": "Myrrh"
        },
        {
          "@id": "http://data.odeuropa.eu/vocabulary/olfactory-objects/65",
          "label": "Perfume"
        },
        {
          "@id": "http://www.wikidata.org/entity/Q131746",
          "label": "Perfume"
        }
      ],
      "time": [
        {
          "@id": "http://data.odeuropa.eu/time/a3ce40dc-78e6-575a-9725-58159c4076e1",
          "label": "1832",
          "begin": "1832",
          "end": "1832"
        }
      ],
      "emotion": [
        {
          "@id": "http://data.odeuropa.eu/vocabulary/plutchik/anger",
          "label": "anger"
        },
        {
          "@id": "http://data.odeuropa.eu/vocabulary/plutchik/fear",
          "label": "fear"
        },
        {
          "@id": "http://data.odeuropa.eu/vocabulary/plutchik/disapproval",
          "label": "disapproval"
        },
        {
          "@id": "http://data.odeuropa.eu/emotion-type/faith",
          "label": "faith"
        }
      ],
      "text": "O vous de nos foyers illustres protecteurs ! Recevez notre hommage et l ' encens de nos coeurs .Puissent brûler pour vous les parfums et la myrrhe ! Que les soeurs d ' Apollon vous consacrent leur lyre ; Et que vos noms unis vivent aussi long - tems Que nos bois , nos vallons , nos fleuves , nos prinlems ! Bastille .Après trois ans d ' une injuste captivité , son innocence fut vengée par un arrêt solennel rendu aux acclamations du public ."
    },
    {
      "@type": "http://data.odeuropa.eu/ontology/L11_Smell",
      "@id": "http://data.odeuropa.eu/smell/298b230c-117f-5502-9e67-cfb0cea5b5bc",
      "@graph": "http://data.odeuropa.eu/gallica",
      "label": "parfumé",
      "source": [
        {
          "@id": "https://data.bnf.fr/ark:/12148/bpt6k5706317v",
          "author": [
            {
              "@id": "http://data.odeuropa.eu/actor/18631290-aadb-5577-aa65-9bb4cd688c81",
              "label": "Virgile  av. J.-C"
            }
          ],
          "createdLocation": [
            {
              "@id": "https://sws.geonames.org/6452876/",
              "label": "Bibliothèque Nationale de France",
              "lat": "48.83364",
              "long": "2.37575"
            }
          ],
          "label": "Fables et poésies diverses / par M. Étienne Azéma (de l'île Bourbon)",
          "url": "https://gallica.bnf.fr/ark:/12148/bpt6k5706317v",
          "date": "1832",
          "language": "fr"
        },
        {
          "@id": "http://data.odeuropa.eu/source/beaefdcb-ef56-55f8-aa0b-217ca4d7babb",
          "author": [
            {
              "@id": "http://data.odeuropa.eu/actor/18631290-aadb-5577-aa65-9bb4cd688c81",
              "label": "Virgile  av. J.-C"
            }
          ],
          "createdLocation": [
            {
              "@id": "https://sws.geonames.org/6452876/",
              "label": "Bibliothèque Nationale de France",
              "lat": "48.83364",
              "long": "2.37575"
            }
          ],
          "label": "Fables et poésies diverses / par M. Étienne Azéma (de l'île Bourbon)",
          "url": "https://gallica.bnf.fr/ark:/12148/bpt6k5706317v",
          "date": "1832",
          "language": "fr"
        }
      ],
      "smellSource": [
        {
          "@id": "http://data.odeuropa.eu/vocabulary/olfactory-objects/72",
          "label": "Flower"
        },
        {
          "@id": "http://www.wikidata.org/entity/Q506",
          "label": "Flower"
        }
      ],
      "time": [
        {
          "@id": "http://data.odeuropa.eu/time/a3ce40dc-78e6-575a-9725-58159c4076e1",
          "label": "1832",
          "begin": "1832",
          "end": "1832"
        }
      ],
      "emotion": [
        {
          "@id": "http://data.odeuropa.eu/vocabulary/plutchik/disgust",
          "label": "disgust"
        },
        {
          "@id": "http://data.odeuropa.eu/vocabulary/plutchik/fear",
          "label": "fear"
        },
        {
          "@id": "http://data.odeuropa.eu/emotion-type/nostalgia",
          "label": "nostalgia"
        }
      ],
      "text": "Le lait du bouc stérile écumera pour lui , Et le renard perdra son humeur indomptable , DAMÉTAS .Vous qui cueillez la fraise et de naissantes fleurs Sur l ' émail parfumé de ces vertes prairies ; Fuyez , bergers , fuyez leurs brillantes couleurs : Un serpent est caché sous ces liges fleuries .."
    },
    {
      "@type": "http://data.odeuropa.eu/ontology/L11_Smell",
      "@id": "http://data.odeuropa.eu/smell/8124dcf2-4707-5b5f-91e5-376abc74ae66",
      "@graph": "http://data.odeuropa.eu/gallica",
      "label": "puanteur",
      "source": [
        {
          "@id": "https://data.bnf.fr/ark:/12148/bpt6k96672105",
          "author": [
            {
              "@id": "http://data.odeuropa.eu/actor/41f439de-486f-5e17-8b47-1fd91bf831f2",
              "label": "Thomas  Pennant"
            }
          ],
          "createdLocation": [
            {
              "@id": "https://sws.geonames.org/6452876/",
              "label": "Bibliothèque Nationale de France",
              "lat": "48.83364",
              "long": "2.37575"
            }
          ],
          "label": "Le nord du globe, ou Tableau de la nature dans les contrées septentrionales. Tome 2 / ... traduit de l'anglais de M. Pennant",
          "url": "https://gallica.bnf.fr/ark:/12148/bpt6k96672105",
          "date": "1789",
          "language": "fr"
        },
        {
          "@id": "http://data.odeuropa.eu/source/62d94865-a9cb-53d3-afaf-d55e78f19058",
          "author": [
            {
              "@id": "http://data.odeuropa.eu/actor/41f439de-486f-5e17-8b47-1fd91bf831f2",
              "label": "Thomas  Pennant"
            }
          ],
          "createdLocation": [
            {
              "@id": "https://sws.geonames.org/6452876/",
              "label": "Bibliothèque Nationale de France",
              "lat": "48.83364",
              "long": "2.37575"
            }
          ],
          "label": "Le nord du globe, ou Tableau de la nature dans les contrées septentrionales. Tome 2 / ... traduit de l'anglais de M. Pennant",
          "url": "https://gallica.bnf.fr/ark:/12148/bpt6k96672105",
          "date": "1789",
          "language": "fr"
        }
      ],
      "time": [
        {
          "@id": "http://data.odeuropa.eu/time/6789d4de-25b2-582a-b3d5-b55cc9a2fa68",
          "label": "1789",
          "begin": "1789",
          "end": "1789"
        }
      ],
      "emotion": [
        {
          "@id": "http://data.odeuropa.eu/vocabulary/plutchik/fear",
          "label": "fear"
        },
        {
          "@id": "http://data.odeuropa.eu/emotion-type/courage",
          "label": "courage"
        }
      ],
      "text": "Ceux qui ont le malheur d ' en être atteints , courent naturellement à la première maison qui se présente , pour essayer de s ' en débarrasser ; mais on est tout étonné de se voir refuser l ' hospitalité : l ' hôte du logis redoutant l ' infection , ne manquera pas de fermer sa porte , inexorable au malheureux pestiféré .Le professeur Kalm courut risque d ' être étouffe par la puanteur d ' un de ces animaux , qui , poursuivi , se réfugia dans une maison où il se trouvoit .Une servante qui en tua un autre dans la salle où étoît le garde - manger , fut si affectée de la vapeur , qu ' elle en fut malade plusieurs jours , et les provisions furent cprrompues au point qu ' on fut obligé de les jeter ."
    },
    {
      "@type": "http://data.odeuropa.eu/ontology/L11_Smell",
      "@id": "http://data.odeuropa.eu/smell/16496160-2c81-5196-898d-9ebd1204d48a",
      "@graph": "http://data.odeuropa.eu/gallica",
      "label": "odeur",
      "source": [
        {
          "@id": "https://data.bnf.fr/ark:/12148/bpt6k9624665g",
          "author": [
            {
              "@id": "http://data.odeuropa.eu/actor/ccac984a-c16c-542e-95ca-6a8d91f5c9d6",
              "label": "Henri de  Régnier"
            }
          ],
          "createdLocation": [
            {
              "@id": "https://sws.geonames.org/6452876/",
              "label": "Bibliothèque Nationale de France",
              "lat": "48.83364",
              "long": "2.37575"
            }
          ],
          "label": "Les vacances d'un jeune homme sage : roman / Henri de Régnier ; ill. de L. Lecoultre",
          "url": "https://gallica.bnf.fr/ark:/12148/bpt6k9624665g",
          "date": "1908",
          "language": "fr"
        },
        {
          "@id": "http://data.odeuropa.eu/source/f09d4e9b-a126-5f33-b66b-0639b2aa1391",
          "author": [
            {
              "@id": "http://data.odeuropa.eu/actor/ccac984a-c16c-542e-95ca-6a8d91f5c9d6",
              "label": "Henri de  Régnier"
            }
          ],
          "createdLocation": [
            {
              "@id": "https://sws.geonames.org/6452876/",
              "label": "Bibliothèque Nationale de France",
              "lat": "48.83364",
              "long": "2.37575"
            }
          ],
          "label": "Les vacances d'un jeune homme sage : roman / Henri de Régnier ; ill. de L. Lecoultre",
          "url": "https://gallica.bnf.fr/ark:/12148/bpt6k9624665g",
          "date": "1908",
          "language": "fr"
        }
      ],
      "smellSource": [
        {
          "@id": "http://data.odeuropa.eu/vocabulary/olfactory-objects/39",
          "label": "Cigar"
        },
        {
          "@id": "http://www.wikidata.org/entity/Q1576",
          "label": "Cigar"
        }
      ],
      "time": [
        {
          "@id": "http://data.odeuropa.eu/time/9d001fb0-0fcf-545d-bb34-70893ca0ca62",
          "label": "1908",
          "begin": "1908",
          "end": "1908"
        }
      ],
      "emotion": [
        {
          "@id": "http://data.odeuropa.eu/vocabulary/plutchik/fear",
          "label": "fear"
        }
      ],
      "text": "Sous la véranda , des messieurs buvaient leur café .On sentait une odeur de chartreuse et de cigares .Les chevaux de l ' omnibus , dételés , rentraient à l ' écurie , le harnais au dos ."
    },
    {
      "@type": "http://data.odeuropa.eu/ontology/L11_Smell",
      "@id": "http://data.odeuropa.eu/smell/5e20bd97-0e26-52c6-a224-1750c312cafd",
      "@graph": "http://data.odeuropa.eu/gallica",
      "label": [
        "odorat",
        "exhalaison"
      ],
      "source": [
        {
          "@id": "https://data.bnf.fr/ark:/12148/bpt6k1765248",
          "author": [
            {
              "@id": "http://data.odeuropa.eu/actor/db03c862-9c42-5c3e-abe4-3dfb3e5a0ec3",
              "label": "Étienne de  Lacépède"
            }
          ],
          "createdLocation": [
            {
              "@id": "https://sws.geonames.org/6452876/",
              "label": "Bibliothèque Nationale de France",
              "lat": "48.83364",
              "long": "2.37575"
            }
          ],
          "label": "Histoire naturelle de Lacépède ; tome I. Histoire naturelle de Lacépède comprenant les cétacés, les quadrupèdes ovipares, les serpents et les poissons. précédée de L'éloge de Lacépède. Tome 1 / avec des notes et la nouvelle classification de M. A.-G. Desmarest,... ; par Cuvier",
          "url": "https://gallica.bnf.fr/ark:/12148/bpt6k1765248",
          "date": "1867",
          "language": "fr"
        },
        {
          "@id": "http://data.odeuropa.eu/source/27626d1a-8493-5844-8b51-fb57dcf8d8e7",
          "author": [
            {
              "@id": "http://data.odeuropa.eu/actor/db03c862-9c42-5c3e-abe4-3dfb3e5a0ec3",
              "label": "Étienne de  Lacépède"
            }
          ],
          "createdLocation": [
            {
              "@id": "https://sws.geonames.org/6452876/",
              "label": "Bibliothèque Nationale de France",
              "lat": "48.83364",
              "long": "2.37575"
            }
          ],
          "label": "Histoire naturelle de Lacépède ; tome I. Histoire naturelle de Lacépède comprenant les cétacés, les quadrupèdes ovipares, les serpents et les poissons. précédée de L'éloge de Lacépède. Tome 1 / avec des notes et la nouvelle classification de M. A.-G. Desmarest,... ; par Cuvier",
          "url": "https://gallica.bnf.fr/ark:/12148/bpt6k1765248",
          "date": "1867",
          "language": "fr"
        }
      ],
      "smellSource": [
        {
          "@id": "http://data.odeuropa.eu/vocabulary/olfactory-objects/190",
          "label": "Cow"
        },
        {
          "@id": "http://www.wikidata.org/entity/Q11748378",
          "label": "Cow"
        },
        {
          "@id": "http://data.odeuropa.eu/vocabulary/olfactory-objects/516",
          "label": "Snake"
        },
        {
          "@id": "http://www.wikidata.org/entity/Q2102",
          "label": "Snake"
        }
      ],
      "time": [
        {
          "@id": "http://data.odeuropa.eu/time/e43fe7c8-d596-5630-a24e-db50c246de65",
          "label": "1867",
          "begin": "1867",
          "end": "1867"
        }
      ],
      "emotion": [
        {
          "@id": "http://data.odeuropa.eu/vocabulary/plutchik/fear",
          "label": "fear"
        }
      ],
      "text": "sur - * sur - * lo squ ' ils se chauffent ausoleil ou qu ’ ils sont en colère ; « ou fessent quelquefois avant de les voir et de les entendre : * es c icv .ux et les boeufs les découvrent par 1 odorat , et « s enfuient très - loin : mais lor - que le veut emporte l ’ exhalaison * n serpent vers le côté opposé à la route que ti ntle die - « val ou te boeuf , celui - ci va quelquefois jusque sur lr s - rpent * ™ e , “ e ’ sa \" s en ‘ 1V0ir connaissance .» Kahn ."
    },
    {
      "@type": "http://data.odeuropa.eu/ontology/L11_Smell",
      "@id": "http://data.odeuropa.eu/smell/801397ce-16b6-583b-aa2a-68fa6ab6c1f4",
      "@graph": "http://data.odeuropa.eu/gallica",
      "label": "Sueur",
      "source": [
        {
          "@id": "https://data.bnf.fr/ark:/12148/bpt6k6149169p",
          "author": [
            {
              "@id": "http://data.odeuropa.eu/actor/31281f38-0b9a-57a8-9f6c-1a753a49eeb0",
              "label": "Samuel  Hahnemann"
            }
          ],
          "createdLocation": [
            {
              "@id": "https://sws.geonames.org/6452876/",
              "label": "Bibliothèque Nationale de France",
              "lat": "48.83364",
              "long": "2.37575"
            }
          ],
          "label": "Traité de matière médicale homoeopathique... traduit... par Dr Léon Simon,... Dr Vt-Léon Simon,...",
          "url": "https://gallica.bnf.fr/ark:/12148/bpt6k6149169p",
          "date": "1891",
          "language": "fr"
        },
        {
          "@id": "http://data.odeuropa.eu/source/307d61c4-f414-55ad-8318-285497e471ec",
          "author": [
            {
              "@id": "http://data.odeuropa.eu/actor/31281f38-0b9a-57a8-9f6c-1a753a49eeb0",
              "label": "Samuel  Hahnemann"
            }
          ],
          "createdLocation": [
            {
              "@id": "https://sws.geonames.org/6452876/",
              "label": "Bibliothèque Nationale de France",
              "lat": "48.83364",
              "long": "2.37575"
            }
          ],
          "label": "Traité de matière médicale homoeopathique... traduit... par Dr Léon Simon,... Dr Vt-Léon Simon,...",
          "url": "https://gallica.bnf.fr/ark:/12148/bpt6k6149169p",
          "date": "1891",
          "language": "fr"
        }
      ],
      "time": [
        {
          "@id": "http://data.odeuropa.eu/time/72add0cc-1e58-5a2b-8924-76c2aadd8ea4",
          "label": "1891",
          "begin": "1891",
          "end": "1891"
        }
      ],
      "emotion": [
        {
          "@id": "http://data.odeuropa.eu/vocabulary/plutchik/fear",
          "label": "fear"
        },
        {
          "@id": "http://data.odeuropa.eu/emotion-type/nervousness",
          "label": "nervousness"
        }
      ],
      "text": ") .- Sueur avec anxiété , plusieurs matins de suite .- Sueur douce , inodore , le matin , plusieurs jours de suite , pendant 3 heures , sans faiblesse après ."
    },
    {
      "@type": "http://data.odeuropa.eu/ontology/L11_Smell",
      "@id": "http://data.odeuropa.eu/smell/e534e852-1aaf-58d1-9f8d-ec8228f18b93",
      "@graph": "http://data.odeuropa.eu/gallica",
      "label": "odeur",
      "source": [
        {
          "@id": "https://data.bnf.fr/ark:/12148/bpt6k98031928",
          "createdLocation": [
            {
              "@id": "https://sws.geonames.org/6452876/",
              "label": "Bibliothèque Nationale de France",
              "lat": "48.83364",
              "long": "2.37575"
            }
          ],
          "label": "La petite ménagerie des quadrupèdes, ou Description des animaux les plus utiles, les plus rares et les plus curieux...",
          "url": "https://gallica.bnf.fr/ark:/12148/bpt6k98031928",
          "date": "1828",
          "language": "fr"
        },
        {
          "@id": "http://data.odeuropa.eu/source/1b10e213-079a-5933-9285-b363e1c04eca",
          "createdLocation": [
            {
              "@id": "https://sws.geonames.org/6452876/",
              "label": "Bibliothèque Nationale de France",
              "lat": "48.83364",
              "long": "2.37575"
            }
          ],
          "label": "La petite ménagerie des quadrupèdes, ou Description des animaux les plus utiles, les plus rares et les plus curieux...",
          "url": "https://gallica.bnf.fr/ark:/12148/bpt6k98031928",
          "date": "1828",
          "language": "fr"
        }
      ],
      "time": [
        {
          "@id": "http://data.odeuropa.eu/time/61a4915e-1a78-5259-b63c-6226fabcea99",
          "label": "1828",
          "begin": "1828",
          "end": "1828"
        }
      ],
      "emotion": [
        {
          "@id": "http://data.odeuropa.eu/vocabulary/plutchik/disgust",
          "label": "disgust"
        },
        {
          "@id": "http://data.odeuropa.eu/vocabulary/plutchik/fear",
          "label": "fear"
        }
      ],
      "text": "Sa course ne se fait pas par des mouvemens égaux , mais par sauts et par bonds .Presque tous les animaux frémissent et s ' enfuient à sa seule odeur ; l ' éléphant , le rhinocéros , le tigre , l ' hippopotame , sont les seuls qui puissent lui résister .Le caractère du lion est noble , magnanime , et on l ' a vu donner la vie à ceux qu ' on avait dévoués à la mort en les lui jetant pour proie , LE TIGRE ."
    },
    {
      "@type": "http://data.odeuropa.eu/ontology/L11_Smell",
      "@id": "http://data.odeuropa.eu/smell/ef39a6d4-12b1-5bf8-9a0e-eb1cce4fceff",
      "@graph": "http://data.odeuropa.eu/gallica",
      "label": "odeur",
      "source": [
        {
          "@id": "https://data.bnf.fr/ark:/12148/bpt6k98031928",
          "createdLocation": [
            {
              "@id": "https://sws.geonames.org/6452876/",
              "label": "Bibliothèque Nationale de France",
              "lat": "48.83364",
              "long": "2.37575"
            }
          ],
          "label": "La petite ménagerie des quadrupèdes, ou Description des animaux les plus utiles, les plus rares et les plus curieux...",
          "url": "https://gallica.bnf.fr/ark:/12148/bpt6k98031928",
          "date": "1828",
          "language": "fr"
        },
        {
          "@id": "http://data.odeuropa.eu/source/1b10e213-079a-5933-9285-b363e1c04eca",
          "createdLocation": [
            {
              "@id": "https://sws.geonames.org/6452876/",
              "label": "Bibliothèque Nationale de France",
              "lat": "48.83364",
              "long": "2.37575"
            }
          ],
          "label": "La petite ménagerie des quadrupèdes, ou Description des animaux les plus utiles, les plus rares et les plus curieux...",
          "url": "https://gallica.bnf.fr/ark:/12148/bpt6k98031928",
          "date": "1828",
          "language": "fr"
        }
      ],
      "time": [
        {
          "@id": "http://data.odeuropa.eu/time/61a4915e-1a78-5259-b63c-6226fabcea99",
          "label": "1828",
          "begin": "1828",
          "end": "1828"
        }
      ],
      "emotion": [
        {
          "@id": "http://data.odeuropa.eu/vocabulary/plutchik/disgust",
          "label": "disgust"
        },
        {
          "@id": "http://data.odeuropa.eu/vocabulary/plutchik/fear",
          "label": "fear"
        }
      ],
      "text": "Sa course ne se fait pas par des mouvemens égaux , mais par sauts et p - ir bonds .Presque tous les animaux frémissent et s ' enfuient à sa seule odeur ; l ' éléphant , le rhinocéros , le tigre , l ' hippopotame , sont les seuls qui puissent lui résister .Le caractère du lion est noble , magnanime , et on l ' a vu donner la vie à ceux qu ' on avait dévoués à la mort en les lui jetant pour proie , LE TIGRE ."
    },
    {
      "@type": "http://data.odeuropa.eu/ontology/L11_Smell",
      "@id": "http://data.odeuropa.eu/smell/6020d275-c3c8-54db-95ee-4d7a086b7c9f",
      "@graph": "http://data.odeuropa.eu/gallica",
      "label": "odeur",
      "source": [
        {
          "@id": "https://data.bnf.fr/ark:/12148/bpt6k206595k",
          "author": [
            {
              "@id": "http://data.odeuropa.eu/actor/35ed4584-93df-5578-9f2e-a174f65285a7",
              "label": "Ernest  Menault"
            }
          ],
          "createdLocation": [
            {
              "@id": "https://sws.geonames.org/6452876/",
              "label": "Bibliothèque Nationale de France",
              "lat": "48.83364",
              "long": "2.37575"
            }
          ],
          "label": "L'intelligence des animaux (3e éd.) / par Ernest Menault ; ouvrage ill. de 58 vignettes par E. Bayard, A. Mesnel, etc.",
          "url": "https://gallica.bnf.fr/ark:/12148/bpt6k206595k",
          "date": "1872",
          "language": "fr"
        },
        {
          "@id": "http://data.odeuropa.eu/source/86afa125-ad3e-595b-a2d7-f3e6aea7f25d",
          "author": [
            {
              "@id": "http://data.odeuropa.eu/actor/35ed4584-93df-5578-9f2e-a174f65285a7",
              "label": "Ernest  Menault"
            }
          ],
          "createdLocation": [
            {
              "@id": "https://sws.geonames.org/6452876/",
              "label": "Bibliothèque Nationale de France",
              "lat": "48.83364",
              "long": "2.37575"
            }
          ],
          "label": "L'intelligence des animaux (3e éd.) / par Ernest Menault ; ouvrage ill. de 58 vignettes par E. Bayard, A. Mesnel, etc.",
          "url": "https://gallica.bnf.fr/ark:/12148/bpt6k206595k",
          "date": "1872",
          "language": "fr"
        }
      ],
      "time": [
        {
          "@id": "http://data.odeuropa.eu/time/9bc75c91-6c9d-528e-be31-b75f36697ed4",
          "label": "1872",
          "begin": "1872",
          "end": "1872"
        }
      ],
      "emotion": [
        {
          "@id": "http://data.odeuropa.eu/vocabulary/plutchik/fear",
          "label": "fear"
        },
        {
          "@id": "http://data.odeuropa.eu/emotion-type/nervousness",
          "label": "nervousness"
        }
      ],
      "text": "ce que lui - méme il doit craindre .Aussi , toutes les fois que l ' odeur d ' homme vient frapper son nez , elle réveille en lui les idées du danger .La proie la plus séduisante lui est inutilement présentée , tant qu ' elle ' a un accessoire effrayant et même lorsqu ' elle ne l ' a plus , elle lui reste longtemps suspecte ."
    },
    {
      "@type": "http://data.odeuropa.eu/ontology/L11_Smell",
      "@id": "http://data.odeuropa.eu/smell/13582b75-afc1-5b8d-aea8-6ec0cef07ad1",
      "@graph": "http://data.odeuropa.eu/gallica",
      "label": "odeur",
      "source": [
        {
          "@id": "https://data.bnf.fr/ark:/12148/bpt6k91693j",
          "author": [
            {
              "@id": "http://data.odeuropa.eu/actor/84d4b80a-1071-5911-8023-a86069e0b734",
              "label": "Antoine  Baumé"
            }
          ],
          "createdLocation": [
            {
              "@id": "https://sws.geonames.org/6452876/",
              "label": "Bibliothèque Nationale de France",
              "lat": "48.83364",
              "long": "2.37575"
            }
          ],
          "label": "Chymie expérimentale et raisonnée. Tome 2 / , par M. Baumé,...",
          "url": "https://gallica.bnf.fr/ark:/12148/bpt6k91693j",
          "date": "1773",
          "language": "fr"
        },
        {
          "@id": "http://data.odeuropa.eu/source/f5a0d6b8-4827-5e45-9ece-8b5f8b311db7",
          "author": [
            {
              "@id": "http://data.odeuropa.eu/actor/84d4b80a-1071-5911-8023-a86069e0b734",
              "label": "Antoine  Baumé"
            }
          ],
          "createdLocation": [
            {
              "@id": "https://sws.geonames.org/6452876/",
              "label": "Bibliothèque Nationale de France",
              "lat": "48.83364",
              "long": "2.37575"
            }
          ],
          "label": "Chymie expérimentale et raisonnée. Tome 2 / , par M. Baumé,...",
          "url": "https://gallica.bnf.fr/ark:/12148/bpt6k91693j",
          "date": "1773",
          "language": "fr"
        }
      ],
      "time": [
        {
          "@id": "http://data.odeuropa.eu/time/0f69219b-c8e1-548f-8fa5-00d96b9e162a",
          "label": "1773",
          "begin": "1773",
          "end": "1773"
        }
      ],
      "emotion": [
        {
          "@id": "http://data.odeuropa.eu/vocabulary/plutchik/anger",
          "label": "anger"
        },
        {
          "@id": "http://data.odeuropa.eu/vocabulary/plutchik/fear",
          "label": "fear"
        }
      ],
      "text": "Ces cryftaux font nets & : tEantparpnts .Ces cryflaux décrépitent fur le feu ; ils entrent en fufion après avoir rou ~ , oe ' ~ ns ! ai & t exhaler aucune vapeur ni odeur mëtes avee da ctMfbon en poudre ils ~ rmetM .dn foie de ion & e ."
    },
    {
      "@type": "http://data.odeuropa.eu/ontology/L11_Smell",
      "@id": "http://data.odeuropa.eu/smell/471c5c90-f00c-50fa-bfa4-10aeec772007",
      "@graph": "http://data.odeuropa.eu/gallica",
      "label": "odeur",
      "source": [
        {
          "@id": "https://data.bnf.fr/ark:/12148/bpt6k91693j",
          "author": [
            {
              "@id": "http://data.odeuropa.eu/actor/84d4b80a-1071-5911-8023-a86069e0b734",
              "label": "Antoine  Baumé"
            }
          ],
          "createdLocation": [
            {
              "@id": "https://sws.geonames.org/6452876/",
              "label": "Bibliothèque Nationale de France",
              "lat": "48.83364",
              "long": "2.37575"
            }
          ],
          "label": "Chymie expérimentale et raisonnée. Tome 2 / , par M. Baumé,...",
          "url": "https://gallica.bnf.fr/ark:/12148/bpt6k91693j",
          "date": "1773",
          "language": "fr"
        },
        {
          "@id": "http://data.odeuropa.eu/source/f5a0d6b8-4827-5e45-9ece-8b5f8b311db7",
          "author": [
            {
              "@id": "http://data.odeuropa.eu/actor/84d4b80a-1071-5911-8023-a86069e0b734",
              "label": "Antoine  Baumé"
            }
          ],
          "createdLocation": [
            {
              "@id": "https://sws.geonames.org/6452876/",
              "label": "Bibliothèque Nationale de France",
              "lat": "48.83364",
              "long": "2.37575"
            }
          ],
          "label": "Chymie expérimentale et raisonnée. Tome 2 / , par M. Baumé,...",
          "url": "https://gallica.bnf.fr/ark:/12148/bpt6k91693j",
          "date": "1773",
          "language": "fr"
        }
      ],
      "time": [
        {
          "@id": "http://data.odeuropa.eu/time/0f69219b-c8e1-548f-8fa5-00d96b9e162a",
          "label": "1773",
          "begin": "1773",
          "end": "1773"
        }
      ],
      "emotion": [
        {
          "@id": "http://data.odeuropa.eu/vocabulary/plutchik/fear",
          "label": "fear"
        }
      ],
      "text": "< ! < ( M ~ ( ' ' com ' ë * ~ t < ~ nitreux .L ' acide nitreux verfé fur du i ' ubMme cotroflf , ne produit aucun effet mais fi l ' on ~ it chauffer temetange , te ~ MiméconoHftedntout ~ c < : il s ' exhate quelques vapeurs qui ont une odeur d ' eatt f ~ gitie .Ce métrage ccy ~ Uite pac le tetto : d : ( ! ement , & les cryftaux iont du âibUmc cottonf pur qui ne contient point d ' acide nitreux ."
    },
    {
      "@type": "http://data.odeuropa.eu/ontology/L11_Smell",
      "@id": "http://data.odeuropa.eu/smell/d09bef37-0c6b-5dd0-99b4-71a450e16903",
      "@graph": "http://data.odeuropa.eu/gallica",
      "label": [
        "odeur",
        "saveur"
      ],
      "source": [
        {
          "@id": "https://data.bnf.fr/ark:/12148/bpt6k54549814",
          "author": [
            {
              "@id": "http://data.odeuropa.eu/actor/37c1621b-10b7-5488-a3ea-71d22eb3d28d",
              "label": "John  Milton"
            }
          ],
          "createdLocation": [
            {
              "@id": "https://sws.geonames.org/6452876/",
              "label": "Bibliothèque Nationale de France",
              "lat": "48.83364",
              "long": "2.37575"
            }
          ],
          "label": "Le paradis perdu / de Milton ; traduction nouvelle, précédée d'une notice par de Pongerville,...",
          "url": "https://gallica.bnf.fr/ark:/12148/bpt6k54549814",
          "date": "1847",
          "language": "fr"
        },
        {
          "@id": "http://data.odeuropa.eu/source/c3013de1-14ca-554e-aa89-7b4459ed4571",
          "author": [
            {
              "@id": "http://data.odeuropa.eu/actor/37c1621b-10b7-5488-a3ea-71d22eb3d28d",
              "label": "John  Milton"
            }
          ],
          "createdLocation": [
            {
              "@id": "https://sws.geonames.org/6452876/",
              "label": "Bibliothèque Nationale de France",
              "lat": "48.83364",
              "long": "2.37575"
            }
          ],
          "label": "Le paradis perdu / de Milton ; traduction nouvelle, précédée d'une notice par de Pongerville,...",
          "url": "https://gallica.bnf.fr/ark:/12148/bpt6k54549814",
          "date": "1847",
          "language": "fr"
        }
      ],
      "time": [
        {
          "@id": "http://data.odeuropa.eu/time/9d7a25c5-37ed-5022-8b18-e69dd18c1e2a",
          "label": "1847",
          "begin": "1847",
          "end": "1847"
        }
      ],
      "emotion": [
        {
          "@id": "http://data.odeuropa.eu/vocabulary/plutchik/disgust",
          "label": "disgust"
        },
        {
          "@id": "http://data.odeuropa.eu/vocabulary/plutchik/fear",
          "label": "fear"
        },
        {
          "@id": "http://data.odeuropa.eu/vocabulary/plutchik/disapproval",
          "label": "disapproval"
        }
      ],
      "text": "Je ne resterai pas on arrière ; en marchant à ta suite , je ne crains pas de m ' écarter du chemin .Eh ! déjà quelle odeur de carnage et d ' innombrables proies je respire ! Je me repais d ' une saveur de mort de toutes les choses vivantes , là - bas ! Je ne manquerai pas à la grande oeuvre que tu médites , je m ' associerai à ton ardeur .» A ces mots le spectre aspirait avec délices le parfum du mortel changement arrivé sur la terre ."
    },
    {
      "@type": "http://data.odeuropa.eu/ontology/L11_Smell",
      "@id": "http://data.odeuropa.eu/smell/a5ff018c-2df5-5e2b-861e-618cc76b1175",
      "@graph": "http://data.odeuropa.eu/gallica",
      "label": "exsudative",
      "source": [
        {
          "@id": "https://data.bnf.fr/ark:/12148/bpt6k9614424k",
          "author": [
            {
              "@id": "http://data.odeuropa.eu/actor/c2c76a68-e005-5b41-8c4b-1aa586b040e9",
              "label": "Association vétérinaire des départements du Nord et du Pas-de-Calais"
            }
          ],
          "createdLocation": [
            {
              "@id": "https://sws.geonames.org/6452876/",
              "label": "Bibliothèque Nationale de France",
              "lat": "48.83364",
              "long": "2.37575"
            }
          ],
          "label": "Documents relatifs à l'épizootie / Association vétérinaire des départements du Nord et du Pas-de-Calais",
          "url": "https://gallica.bnf.fr/ark:/12148/bpt6k9614424k",
          "date": "1865",
          "language": "fr"
        },
        {
          "@id": "http://data.odeuropa.eu/source/f0da0593-6710-5900-8779-25155ef8430e",
          "author": [
            {
              "@id": "http://data.odeuropa.eu/actor/c2c76a68-e005-5b41-8c4b-1aa586b040e9",
              "label": "Association vétérinaire des départements du Nord et du Pas-de-Calais"
            }
          ],
          "createdLocation": [
            {
              "@id": "https://sws.geonames.org/6452876/",
              "label": "Bibliothèque Nationale de France",
              "lat": "48.83364",
              "long": "2.37575"
            }
          ],
          "label": "Documents relatifs à l'épizootie / Association vétérinaire des départements du Nord et du Pas-de-Calais",
          "url": "https://gallica.bnf.fr/ark:/12148/bpt6k9614424k",
          "date": "1865",
          "language": "fr"
        }
      ],
      "time": [
        {
          "@id": "http://data.odeuropa.eu/time/3887b56b-870f-51ba-86cb-8e88a2fe3f24",
          "label": "1865",
          "begin": "1865",
          "end": "1865"
        }
      ],
      "emotion": [
        {
          "@id": "http://data.odeuropa.eu/vocabulary/plutchik/sadness",
          "label": "sadness"
        },
        {
          "@id": "http://data.odeuropa.eu/vocabulary/plutchik/fear",
          "label": "fear"
        },
        {
          "@id": "http://data.odeuropa.eu/emotion-type/nervousness",
          "label": "nervousness"
        },
        {
          "@id": "http://data.odeuropa.eu/emotion-type/pain",
          "label": "pain"
        }
      ],
      "text": "M .Watel , craignant que sa vache ne soit prise du coup de poumon ( pleuro - pneumonie exsudative ) , vient dans la matinée du 15 septembre , me demander d ' aller la voir .Arrivé à Férin à midi , je trouve la bête triste , abattue ; les cornes et les oreilles sont froides , la peau est sèche , froide , le poil est hérissé ; les reins sont inflexibles ; le pis est flasque ."
    },
    {
      "@type": "http://data.odeuropa.eu/ontology/L11_Smell",
      "@id": "http://data.odeuropa.eu/smell/31ee726d-6132-5168-8b0d-7c69a2e7de6b",
      "@graph": "http://data.odeuropa.eu/gallica",
      "label": "parfum",
      "source": [
        {
          "@id": "https://data.bnf.fr/ark:/12148/bpt6k5457953r",
          "author": [
            {
              "@id": "http://data.odeuropa.eu/actor/c60e9c3d-4f36-53cc-aed2-3c91904be75e",
              "label": "André  Chénier"
            }
          ],
          "createdLocation": [
            {
              "@id": "https://sws.geonames.org/6452876/",
              "label": "Bibliothèque Nationale de France",
              "lat": "48.83364",
              "long": "2.37575"
            }
          ],
          "label": "Oeuvres poétiques de André de Chénier. Tome 1 / avec une notice et des notes par Raoul Guillard",
          "url": "https://gallica.bnf.fr/ark:/12148/bpt6k5457953r",
          "date": "1899",
          "language": "fr"
        },
        {
          "@id": "http://data.odeuropa.eu/source/6be1c3d0-00ae-5721-8ad8-d6f6d3dac104",
          "author": [
            {
              "@id": "http://data.odeuropa.eu/actor/c60e9c3d-4f36-53cc-aed2-3c91904be75e",
              "label": "André  Chénier"
            }
          ],
          "createdLocation": [
            {
              "@id": "https://sws.geonames.org/6452876/",
              "label": "Bibliothèque Nationale de France",
              "lat": "48.83364",
              "long": "2.37575"
            }
          ],
          "label": "Oeuvres poétiques de André de Chénier. Tome 1 / avec une notice et des notes par Raoul Guillard",
          "url": "https://gallica.bnf.fr/ark:/12148/bpt6k5457953r",
          "date": "1899",
          "language": "fr"
        }
      ],
      "time": [
        {
          "@id": "http://data.odeuropa.eu/time/36fe5321-c19d-5fe7-bcca-6ff410672e98",
          "label": "1899",
          "begin": "1899",
          "end": "1899"
        }
      ],
      "emotion": [
        {
          "@id": "http://data.odeuropa.eu/vocabulary/plutchik/fear",
          "label": "fear"
        },
        {
          "@id": "http://data.odeuropa.eu/vocabulary/plutchik/love",
          "label": "love"
        },
        {
          "@id": "http://data.odeuropa.eu/emotion-type/embarrassment",
          "label": "embarrassment"
        }
      ],
      "text": "Sous l ' herbe , loin des yeux , plus aimable et moins belle , La violette fuit .Son parfum la révèle , Avertit qu ' elle est là ; que , voulant se cacher , Là , pour le sein qu ' on aime , il faut l ' aller chercher .XXIII Allons chanter , assis dans les saintes forêts , Sous ce chêne orgueilleux , favori de Cérès , 126 OEUVRES D ' ANDRÉ DE CHENIER Qui loin autour de lui porte un immense ombrage ."
    },
    {
      "@type": "http://data.odeuropa.eu/ontology/L11_Smell",
      "@id": "http://data.odeuropa.eu/smell/31ba6574-0ca4-531c-a3b8-c7839746cec0",
      "@graph": "http://data.odeuropa.eu/gallica",
      "label": [
        "odeur",
        "odorat"
      ],
      "source": [
        {
          "@id": "https://data.bnf.fr/ark:/12148/btv1b8626664z",
          "author": [
            {
              "@id": "http://data.odeuropa.eu/actor/a99f1b8c-b927-53f8-94e2-213689ad2fee",
              "label": "Jacques  Boucher de Perthes"
            }
          ],
          "createdLocation": [
            {
              "@id": "https://sws.geonames.org/6452876/",
              "label": "Bibliothèque Nationale de France",
              "lat": "48.83364",
              "long": "2.37575"
            }
          ],
          "label": "De la Création : essai sur l'origine et la progression des êtres. T. 2 / par M. Boucher de Perthes...",
          "url": "https://gallica.bnf.fr/ark:/12148/btv1b8626664z",
          "date": "1838/1841",
          "language": "fr"
        },
        {
          "@id": "http://data.odeuropa.eu/source/fa12aaab-977c-5521-bf62-39b8ed915b71",
          "author": [
            {
              "@id": "http://data.odeuropa.eu/actor/a99f1b8c-b927-53f8-94e2-213689ad2fee",
              "label": "Jacques  Boucher de Perthes"
            }
          ],
          "createdLocation": [
            {
              "@id": "https://sws.geonames.org/6452876/",
              "label": "Bibliothèque Nationale de France",
              "lat": "48.83364",
              "long": "2.37575"
            }
          ],
          "label": "De la Création : essai sur l'origine et la progression des êtres. T. 2 / par M. Boucher de Perthes...",
          "url": "https://gallica.bnf.fr/ark:/12148/btv1b8626664z",
          "date": "1838/1841",
          "language": "fr"
        }
      ],
      "time": [
        {
          "@id": "http://data.odeuropa.eu/time/21347eba-7848-5b2c-b903-2457d841d302",
          "label": "1838/1841",
          "begin": "1838",
          "end": "1841"
        }
      ],
      "emotion": [
        {
          "@id": "http://data.odeuropa.eu/vocabulary/plutchik/fear",
          "label": "fear"
        }
      ],
      "text": "Si la plante paraît dépourvue de l ' ouïe , elle jouit 182 DES SENS ET DE LEURS ORGANES .de l ' odorat ou d ' une sensibilité analogue : une odeur la fera languir , pourra même la tuer .Elle a aussi l ' organe du goût : toutes sortes d ' air ou d ' eau ne lui conviennent pas ."
    },
    {
      "@type": "http://data.odeuropa.eu/ontology/L11_Smell",
      "@id": "http://data.odeuropa.eu/smell/ccd86ad1-9199-5ad3-8fae-af30f0214c23",
      "@graph": "http://data.odeuropa.eu/gallica",
      "label": "odeur",
      "source": [
        {
          "@id": "https://data.bnf.fr/ark:/12148/bpt6k5525083k",
          "author": [
            {
              "@id": "http://data.odeuropa.eu/actor/ba0985c7-bd49-5945-9d0e-27ed4e93362e",
              "label": "Théodore-Paul  Gazeau de Vautibault"
            }
          ],
          "createdLocation": [
            {
              "@id": "https://sws.geonames.org/6452876/",
              "label": "Bibliothèque Nationale de France",
              "lat": "48.83364",
              "long": "2.37575"
            }
          ],
          "label": "Les d'Orléans au tribunal de l'histoire. Tome 3 / Gazeau de Vautibault",
          "url": "https://gallica.bnf.fr/ark:/12148/bpt6k5525083k",
          "date": "1908",
          "language": "fr"
        },
        {
          "@id": "http://data.odeuropa.eu/source/2539198a-032f-59d6-a4e5-77795164a624",
          "author": [
            {
              "@id": "http://data.odeuropa.eu/actor/ba0985c7-bd49-5945-9d0e-27ed4e93362e",
              "label": "Théodore-Paul  Gazeau de Vautibault"
            }
          ],
          "createdLocation": [
            {
              "@id": "https://sws.geonames.org/6452876/",
              "label": "Bibliothèque Nationale de France",
              "lat": "48.83364",
              "long": "2.37575"
            }
          ],
          "label": "Les d'Orléans au tribunal de l'histoire. Tome 3 / Gazeau de Vautibault",
          "url": "https://gallica.bnf.fr/ark:/12148/bpt6k5525083k",
          "date": "1908",
          "language": "fr"
        }
      ],
      "smellSource": [
        {
          "@id": "http://data.odeuropa.eu/vocabulary/olfactory-objects/165",
          "label": [
            "Acetic acid",
            "Vinegar",
            "acetic acid"
          ]
        },
        {
          "@id": "http://data.odeuropa.eu/vocabulary/flavornet/odorants/3",
          "label": [
            "Acetic acid",
            "Vinegar",
            "acetic acid"
          ]
        },
        {
          "@id": "http://www.wikidata.org/entity/Q47512",
          "label": [
            "Acetic acid",
            "Vinegar",
            "acetic acid"
          ]
        },
        {
          "@id": "http://data.odeuropa.eu/vocabulary/olfactory-objects/430",
          "label": [
            "Acetic acid",
            "Vinegar",
            "acetic acid"
          ]
        }
      ],
      "time": [
        {
          "@id": "http://data.odeuropa.eu/time/9d001fb0-0fcf-545d-bb34-70893ca0ca62",
          "label": "1908",
          "begin": "1908",
          "end": "1908"
        }
      ],
      "emotion": [
        {
          "@id": "http://data.odeuropa.eu/vocabulary/plutchik/disgust",
          "label": "disgust"
        },
        {
          "@id": "http://data.odeuropa.eu/vocabulary/plutchik/fear",
          "label": "fear"
        }
      ],
      "text": ".Il avait aussi horreur de l ' odeur du vinaigre .Je la lui fis perdre comme son antipathie pour les chiens ."
    }
  ],
  "totalResults": 10304,
  "favorites": [],
  "debugSparqlQuery": null
}