{
  "results": [
    {
      "@type": "http://data.odeuropa.eu/ontology/L11_Smell",
      "@id": "http://data.odeuropa.eu/smell/19f07f1b-cdd7-500c-ab2f-083924a88fec",
      "@graph": "http://data.odeuropa.eu/gallica",
      "label": "fétide",
      "source": [
        {
          "@id": "https://data.bnf.fr/ark:/12148/bpt6k765456",
          "author": [
            {
              "@id": "http://data.odeuropa.eu/actor/8f49d5b1-ec2b-56f2-87b8-0dcfb3ab12e1",
              "label": "Augustin Grisolle"
            }
          ],
          "createdLocation": [
            {
              "@id": "https://sws.geonames.org/6452876/",
              "label": "Bibliothèque Nationale de France",
              "lat": "48.83364",
              "long": "2.37575"
            }
          ],
          "label": "Traité de pathologie interne. Tome 1 / par A. Grisolle,...",
          "url": "https://gallica.bnf.fr/ark:/12148/bpt6k765456",
          "date": "1862",
          "language": "fr"
        },
        {
          "@id": "http://data.odeuropa.eu/source/1d1e013d-6478-5eed-be2c-7146b1a23729",
          "author": [
            {
              "@id": "http://data.odeuropa.eu/actor/8f49d5b1-ec2b-56f2-87b8-0dcfb3ab12e1",
              "label": "Augustin Grisolle"
            }
          ],
          "createdLocation": [
            {
              "@id": "https://sws.geonames.org/6452876/",
              "label": "Bibliothèque Nationale de France",
              "lat": "48.83364",
              "long": "2.37575"
            }
          ],
          "label": "Traité de pathologie interne. Tome 1 / par A. Grisolle,...",
          "url": "https://gallica.bnf.fr/ark:/12148/bpt6k765456",
          "date": "1862",
          "language": "fr"
        }
      ],
      "time": [
        {
          "@id": "http://data.odeuropa.eu/time/a751d571-46b5-59cd-a79d-97143f9cf657",
          "label": "1862",
          "begin": "1862",
          "end": "1862"
        }
      ],
      "emotion": [
        {
          "@id": "http://data.odeuropa.eu/vocabulary/plutchik/fear",
          "label": "fear"
        },
        {
          "@id": "http://data.odeuropa.eu/emotion-type/nervousness",
          "label": "nervousness"
        },
        {
          "@id": "http://data.odeuropa.eu/emotion-type/pain",
          "label": "pain"
        }
      ],
      "text": "La période de dessiccation peut être entravéepar desaccidents plus au moins graves .Apres une marche de * , plus régulières , on voit parfois les pustules s ' affaisser , se flétrir tout coup ; t < ' s matades tombent dans ta prostration ; ib ont des frissons irrégutiers , du délire ou du eoma ib sont oppressa , anxieux ; ta fièvre redoubte ; ta tangue se dessèche et noircit un dévotement fétide a tien eu un mot , on voit survenir des symptômes qui peuvent faire soupçonner une infection purulente ou putride .Dans cette même période , quelques malades succombent brusquement d ' autre sont emportes par un dévotement cottiquatif .",
      "adjective": [
        "fétide",
        "purulente",
        "putride"
      ]
    },
    {
      "@type": "http://data.odeuropa.eu/ontology/L11_Smell",
      "@id": "http://data.odeuropa.eu/smell/9cda9702-bf44-51f2-87d9-100abb2fffa6",
      "@graph": "http://data.odeuropa.eu/gallica",
      "label": "miasmes",
      "source": [
        {
          "@id": "https://data.bnf.fr/ark:/12148/bpt6k5819052q",
          "author": [
            {
              "@id": "http://data.odeuropa.eu/actor/76f9a3b7-0a13-53e6-9228-cdb6c5e10a77",
              "label": "Similien  Chevillard"
            }
          ],
          "createdLocation": [
            {
              "@id": "https://sws.geonames.org/6452876/",
              "label": "Bibliothèque Nationale de France",
              "lat": "48.83364",
              "long": "2.37575"
            }
          ],
          "label": "Siam et les Siamois / par l'abbé Similien Chevillard,...",
          "url": "https://gallica.bnf.fr/ark:/12148/bpt6k5819052q",
          "date": "1889",
          "language": "fr"
        },
        {
          "@id": "http://data.odeuropa.eu/source/94b71f90-4b35-5f66-bc26-6f69160f43e5",
          "author": [
            {
              "@id": "http://data.odeuropa.eu/actor/76f9a3b7-0a13-53e6-9228-cdb6c5e10a77",
              "label": "Similien  Chevillard"
            }
          ],
          "createdLocation": [
            {
              "@id": "https://sws.geonames.org/6452876/",
              "label": "Bibliothèque Nationale de France",
              "lat": "48.83364",
              "long": "2.37575"
            }
          ],
          "label": "Siam et les Siamois / par l'abbé Similien Chevillard,...",
          "url": "https://gallica.bnf.fr/ark:/12148/bpt6k5819052q",
          "date": "1889",
          "language": "fr"
        }
      ],
      "time": [
        {
          "@id": "http://data.odeuropa.eu/time/77eaceae-19a4-5e67-b506-23fd9422d6ac",
          "label": "1889",
          "begin": "1889",
          "end": "1889"
        }
      ],
      "emotion": [
        {
          "@id": "http://data.odeuropa.eu/vocabulary/plutchik/fear",
          "label": "fear"
        }
      ],
      "text": "Spectacle hideux où l ' on assiste à la résurrection factice d ' un cadavre et qui se présente toutes les fois que le saparô oublie de couper les articulations .Mais voici que le mort s ' affaisse ; le feu , alimenté par la poix qu ' on y jette , l ' huile et la graisse émanées du cadavre , redouble d ' intensité ; le bûcher n ' est plus qu ' un brasier ardent ; encore quelques minutes et des cendres fumantes s ' échappera un CÉRÉMONIES FUNÈBRES , LE VAT - SAKET 163 nuage de fumée noire et nauséabonde dont le vent emportera les miasmes jusqu ' aux maisons voisines et parfois à de grandes distances .La crémation , quel qu ' en soit le mode , est selon nous immorale .",
      "adjective": [
        "fumantes",
        "noire",
        "nauséabonde"
      ]
    },
    {
      "@type": "http://data.odeuropa.eu/ontology/L11_Smell",
      "@id": "http://data.odeuropa.eu/smell/b12e58fa-331c-587d-87cd-122702821c63",
      "@graph": "http://data.odeuropa.eu/gallica",
      "label": "haleine",
      "source": [
        {
          "@id": "https://data.bnf.fr/ark:/12148/bpt6k5790601n",
          "author": [
            {
              "@id": "http://data.odeuropa.eu/actor/d923742b-e147-5008-9d7a-141a94a4bed1",
              "label": "Léon  Duchesne"
            }
          ],
          "createdLocation": [
            {
              "@id": "https://sws.geonames.org/6452876/",
              "label": "Bibliothèque Nationale de France",
              "lat": "48.83364",
              "long": "2.37575"
            }
          ],
          "label": "Aide-mémoire et formulaire du médecin praticien, par le Dr Léon Duchesne,...",
          "url": "https://gallica.bnf.fr/ark:/12148/bpt6k5790601n",
          "date": "1885",
          "language": "fr"
        },
        {
          "@id": "http://data.odeuropa.eu/source/ca1e5bb6-ecf7-53f8-9a9c-ee92d1c5beea",
          "author": [
            {
              "@id": "http://data.odeuropa.eu/actor/d923742b-e147-5008-9d7a-141a94a4bed1",
              "label": "Léon  Duchesne"
            }
          ],
          "createdLocation": [
            {
              "@id": "https://sws.geonames.org/6452876/",
              "label": "Bibliothèque Nationale de France",
              "lat": "48.83364",
              "long": "2.37575"
            }
          ],
          "label": "Aide-mémoire et formulaire du médecin praticien, par le Dr Léon Duchesne,...",
          "url": "https://gallica.bnf.fr/ark:/12148/bpt6k5790601n",
          "date": "1885",
          "language": "fr"
        }
      ],
      "smellSource": [
        {
          "@id": "http://data.odeuropa.eu/vocabulary/olfactory-objects/537",
          "label": "Breath"
        },
        {
          "@id": "http://www.wikidata.org/entity/Q13428325",
          "label": "Breath"
        }
      ],
      "time": [
        {
          "@id": "http://data.odeuropa.eu/time/897bdb11-1fc5-56b6-bcd7-5863cf8b074b",
          "label": "1885",
          "begin": "1885",
          "end": "1885"
        }
      ],
      "emotion": [
        {
          "@id": "http://data.odeuropa.eu/vocabulary/plutchik/fear",
          "label": "fear"
        },
        {
          "@id": "http://data.odeuropa.eu/emotion-type/doubt",
          "label": "doubt"
        },
        {
          "@id": "http://data.odeuropa.eu/emotion-type/nervousness",
          "label": "nervousness"
        }
      ],
      "text": "Elle occupe surtout la face interne des joues et des lèvres , la surface ou les bords de la langue , les piliers du voile du palais , plus rarement les gencives .Souvent il y a du malaise , ! de l ' inappétence , et un léger mouvement fébrile , haleine fétide .TRAITEMENT Bains , boissons acidulés ou émollientes .",
      "adjective": "fétide"
    },
    {
      "@type": "http://data.odeuropa.eu/ontology/L11_Smell",
      "@id": "http://data.odeuropa.eu/smell/fef78205-1d99-5544-86a1-102a45ddd306",
      "@graph": "http://data.odeuropa.eu/gallica",
      "label": "Poisons",
      "source": [
        {
          "@id": "https://data.bnf.fr/ark:/12148/bpt6k9677697r",
          "author": [
            {
              "@id": "http://data.odeuropa.eu/actor/46ea6a51-141d-55b3-afa1-3c9b4d9511c2",
              "label": "J M C Naville"
            }
          ],
          "createdLocation": [
            {
              "@id": "https://sws.geonames.org/6452876/",
              "label": "Bibliothèque Nationale de France",
              "lat": "48.83364",
              "long": "2.37575"
            }
          ],
          "label": "Lettres bourguignonnes, ou Aperçu philosophique et critique sur les causes des difficultés dans l'exercice de l'art de guérir et sur les moyens de les faire disparaître ; suivi de considérations et de tableaux sur l'empoisonnement et de remarques sur la jurisprudence ; par M. Naville,...",
          "url": "https://gallica.bnf.fr/ark:/12148/bpt6k9677697r",
          "date": "1822",
          "language": "fr"
        },
        {
          "@id": "http://data.odeuropa.eu/source/9a57eeb2-474d-5381-8af6-8906c76369e2",
          "author": [
            {
              "@id": "http://data.odeuropa.eu/actor/46ea6a51-141d-55b3-afa1-3c9b4d9511c2",
              "label": "J M C Naville"
            }
          ],
          "createdLocation": [
            {
              "@id": "https://sws.geonames.org/6452876/",
              "label": "Bibliothèque Nationale de France",
              "lat": "48.83364",
              "long": "2.37575"
            }
          ],
          "label": "Lettres bourguignonnes, ou Aperçu philosophique et critique sur les causes des difficultés dans l'exercice de l'art de guérir et sur les moyens de les faire disparaître ; suivi de considérations et de tableaux sur l'empoisonnement et de remarques sur la jurisprudence ; par M. Naville,...",
          "url": "https://gallica.bnf.fr/ark:/12148/bpt6k9677697r",
          "date": "1822",
          "language": "fr"
        }
      ],
      "time": [
        {
          "@id": "http://data.odeuropa.eu/time/b3579928-1a77-56a9-b7ea-e06675947356",
          "label": "1822",
          "begin": "1822",
          "end": "1822"
        }
      ],
      "emotion": [
        {
          "@id": "http://data.odeuropa.eu/vocabulary/plutchik/fear",
          "label": "fear"
        }
      ],
      "text": "PREMIÈRE CLASSE .Poisons irritans corrosifs et escarotiques .^ Salpètre .",
      "adjective": "irritans corrosifs"
    },
    {
      "@type": "http://data.odeuropa.eu/ontology/L11_Smell",
      "@id": "http://data.odeuropa.eu/smell/d2f963c9-f4e3-50d9-9ef3-dd5f070e5fc6",
      "@graph": "http://data.odeuropa.eu/gallica",
      "label": [
        "odeurs",
        "puanteurs",
        "saveurs"
      ],
      "source": [
        {
          "@id": "https://data.bnf.fr/ark:/12148/bpt6k54627813",
          "author": [
            {
              "@id": "http://data.odeuropa.eu/actor/6f6a2dca-af67-593b-9b91-88b49c996152",
              "label": "Ernest  Monin"
            }
          ],
          "createdLocation": [
            {
              "@id": "https://sws.geonames.org/6452876/",
              "label": "Bibliothèque Nationale de France",
              "lat": "48.83364",
              "long": "2.37575"
            }
          ],
          "label": "L'alcoolisme : étude médico-sociale / par le Dr E. Monin,... ; ouvrage... précédé d'une préface par le Dr Dujardin-Beaumetz,...",
          "url": "https://gallica.bnf.fr/ark:/12148/bpt6k54627813",
          "date": "1889",
          "language": "fr"
        },
        {
          "@id": "http://data.odeuropa.eu/source/0083c356-9151-50f5-8e5e-799ef2f8c158",
          "author": [
            {
              "@id": "http://data.odeuropa.eu/actor/6f6a2dca-af67-593b-9b91-88b49c996152",
              "label": "Ernest  Monin"
            }
          ],
          "createdLocation": [
            {
              "@id": "https://sws.geonames.org/6452876/",
              "label": "Bibliothèque Nationale de France",
              "lat": "48.83364",
              "long": "2.37575"
            }
          ],
          "label": "L'alcoolisme : étude médico-sociale / par le Dr E. Monin,... ; ouvrage... précédé d'une préface par le Dr Dujardin-Beaumetz,...",
          "url": "https://gallica.bnf.fr/ark:/12148/bpt6k54627813",
          "date": "1889",
          "language": "fr"
        }
      ],
      "smellSource": [
        {
          "@id": "http://data.odeuropa.eu/vocabulary/olfactory-objects/405",
          "label": "Food"
        },
        {
          "@id": "http://www.wikidata.org/entity/Q2095",
          "label": "Food"
        },
        {
          "@id": "http://data.odeuropa.eu/vocabulary/olfactory-objects/534",
          "label": "Drink"
        },
        {
          "@id": "http://www.wikidata.org/entity/Q40050",
          "label": "Drink"
        }
      ],
      "time": [
        {
          "@id": "http://data.odeuropa.eu/time/77eaceae-19a4-5e67-b506-23fd9422d6ac",
          "label": "1889",
          "begin": "1889",
          "end": "1889"
        }
      ],
      "emotion": [
        {
          "@id": "http://data.odeuropa.eu/vocabulary/plutchik/fear",
          "label": "fear"
        },
        {
          "@id": "http://data.odeuropa.eu/emotion-type/pain",
          "label": "pain"
        }
      ],
      "text": "« Les malheureux alcooliques entendent des injures , des menaces , des provocations , la fusillade ; ils voient des chiens , des chats , des rats , des animaux de toute s .orte , des flammes qui les environnent , des gens armés qui se jettent sur eux ; ils perçoivent des odeurs de soufre , des puanteurs qui les suffoquent , les aliments et les boissons ont les saveurs les plus désagréables : ils sentent la lame du couteau traverser les chairs , des serpents ramper et glisser sur la peau , ou pénétrer profondément .La vue , l ' ouïe , l ' odorat , le goût , le toucher , tous les sens sont désagréablement affectés , etc ."
    },
    {
      "@type": "http://data.odeuropa.eu/ontology/L11_Smell",
      "@id": "http://data.odeuropa.eu/smell/d52d0c7b-c992-5d19-9d98-b7c63b31ef8c",
      "@graph": "http://data.odeuropa.eu/gallica",
      "label": [
        "parfumées",
        "riantes"
      ],
      "source": [
        {
          "@id": "https://data.bnf.fr/ark:/12148/bpt6k9762023s",
          "author": [
            {
              "@id": "http://data.odeuropa.eu/actor/89f3e83d-3e8c-5d89-a21b-a8fbade52904",
              "label": "Jules  Le Fèvre-Deumier"
            }
          ],
          "createdLocation": [
            {
              "@id": "https://sws.geonames.org/6452876/",
              "label": "Bibliothèque Nationale de France",
              "lat": "48.83364",
              "long": "2.37575"
            }
          ],
          "label": "Oeuvres d'un désoeuvré : les vespres de l'abbaye du Val / par Jules Le Fèvre-Deumier",
          "url": "https://gallica.bnf.fr/ark:/12148/bpt6k9762023s",
          "date": "1845",
          "language": "fr"
        },
        {
          "@id": "http://data.odeuropa.eu/source/d7fde20d-89b8-51d1-b36c-e1a4803267a1",
          "author": [
            {
              "@id": "http://data.odeuropa.eu/actor/89f3e83d-3e8c-5d89-a21b-a8fbade52904",
              "label": "Jules  Le Fèvre-Deumier"
            }
          ],
          "createdLocation": [
            {
              "@id": "https://sws.geonames.org/6452876/",
              "label": "Bibliothèque Nationale de France",
              "lat": "48.83364",
              "long": "2.37575"
            }
          ],
          "label": "Oeuvres d'un désoeuvré : les vespres de l'abbaye du Val / par Jules Le Fèvre-Deumier",
          "url": "https://gallica.bnf.fr/ark:/12148/bpt6k9762023s",
          "date": "1845",
          "language": "fr"
        }
      ],
      "time": [
        {
          "@id": "http://data.odeuropa.eu/time/6387bc23-9e59-5b99-bf83-08883c98157a",
          "label": "1845",
          "begin": "1845",
          "end": "1845"
        }
      ],
      "place": [
        {
          "@id": "http://data.odeuropa.eu/place/bb5e5524-34f4-53db-bfc2-19cba4580583",
          "label": "jardins"
        },
        {
          "@id": "http://data.odeuropa.eu/place/4e7dcf5c-df59-50ee-acea-2c7c3f27792c",
          "label": "serres"
        }
      ],
      "emotion": [
        {
          "@id": "http://data.odeuropa.eu/vocabulary/plutchik/fear",
          "label": "fear"
        },
        {
          "@id": "http://data.odeuropa.eu/emotion-type/doubt",
          "label": "doubt"
        }
      ],
      "text": "Un arbre est à lui seul un palais végétal tout entier , qui déroule au loin ses ondoyantes colonnades , ses mobiles portiques , ses murailles de feuilles , ses volutes de fruits , ses frises où le - s oi - seaux forment des arabesques qui chantent , et ses dômes ombreux , découpés comme les lambris de dentelle du Généraliff et de l ' Alhambra .Tantôt ses forêts sont sévères et sombres comme ces antres druidiques , où séjournaient la terreur et la mort , tantôt riantes et parfumées comme nos jardins et nos serres , où n ' habite que la volupté .C ' est à qui embaumera le mieux les airs , de l ' amyris qui fournit le benjoin , ou du curcuma qui donne le safran : du kadsumaliga , que nous nommons ici le jasmin grandiflorum , ou du pandarus odoratis - sima : à qui réjouira le mieux nos regards , de l ' ixore à fleurs rouges , dont les langues de flamme dardillent dans la verdure , ou du mussœnda à feuilles blanches semées de grappes de sang .",
      "adjective": "riantes"
    },
    {
      "@type": "http://data.odeuropa.eu/ontology/L11_Smell",
      "@id": "http://data.odeuropa.eu/smell/56b70f71-fdfc-5dc0-b1ba-7cd00ee45bb7",
      "@graph": "http://data.odeuropa.eu/gallica",
      "label": "putrides",
      "source": [
        {
          "@id": "https://data.bnf.fr/ark:/12148/bpt6k6530946b",
          "author": [
            {
              "@id": "http://data.odeuropa.eu/actor/01491f25-b5e5-5ebe-b5e1-462733555f43",
              "label": "Stanislas  Rossignol"
            }
          ],
          "createdLocation": [
            {
              "@id": "https://sws.geonames.org/6452876/",
              "label": "Bibliothèque Nationale de France",
              "lat": "48.83364",
              "long": "2.37575"
            }
          ],
          "label": "Traité élémentaire d'hygiène militaire / par S. Rossignol,...",
          "url": "https://gallica.bnf.fr/ark:/12148/bpt6k6530946b",
          "date": "1857",
          "language": "fr"
        },
        {
          "@id": "http://data.odeuropa.eu/source/e62dd80e-54b6-5bc7-acb0-bfb59ce78156",
          "author": [
            {
              "@id": "http://data.odeuropa.eu/actor/01491f25-b5e5-5ebe-b5e1-462733555f43",
              "label": "Stanislas  Rossignol"
            }
          ],
          "createdLocation": [
            {
              "@id": "https://sws.geonames.org/6452876/",
              "label": "Bibliothèque Nationale de France",
              "lat": "48.83364",
              "long": "2.37575"
            }
          ],
          "label": "Traité élémentaire d'hygiène militaire / par S. Rossignol,...",
          "url": "https://gallica.bnf.fr/ark:/12148/bpt6k6530946b",
          "date": "1857",
          "language": "fr"
        }
      ],
      "time": [
        {
          "@id": "http://data.odeuropa.eu/time/a40fc0e0-1a15-5f1b-b083-1df49eecdc78",
          "label": "1857",
          "begin": "1857",
          "end": "1857"
        }
      ],
      "emotion": [
        {
          "@id": "http://data.odeuropa.eu/vocabulary/plutchik/fear",
          "label": "fear"
        }
      ],
      "text": "172 D s mi ismes putrides .172 Elf - ls des mi smes putrides sur l ' homme .173 Marai - < et ~ m \" ves \" ) arecagcLix .",
      "adjective": "putrides"
    },
    {
      "@type": "http://data.odeuropa.eu/ontology/L11_Smell",
      "@id": "http://data.odeuropa.eu/smell/7da73b5b-441e-5306-b726-3e4b61273655",
      "@graph": "http://data.odeuropa.eu/gallica",
      "label": "rubéfiante",
      "source": [
        {
          "@id": "https://data.bnf.fr/ark:/12148/bpt6k9741027k",
          "author": [
            {
              "@id": "http://data.odeuropa.eu/actor/6632d007-e7d6-5164-a7a8-651aa76cdb8d",
              "label": "Paul  Marcoy"
            }
          ],
          "createdLocation": [
            {
              "@id": "https://sws.geonames.org/6452876/",
              "label": "Bibliothèque Nationale de France",
              "lat": "48.83364",
              "long": "2.37575"
            }
          ],
          "label": "Voyage à travers l'Amérique du Sud, de l'Océan Pacifique à l'Océan Atlantique.... T. 1, Islay, Arequipa, Lampa, Acopia, Cuzco, Echarati, Chulituqui, Tunkini, Sarayacu / par Paul Marcoy ; illustré de... vues, types et paysages par E. Riou...",
          "url": "https://gallica.bnf.fr/ark:/12148/bpt6k9741027k",
          "date": "1869",
          "language": "fr"
        },
        {
          "@id": "http://data.odeuropa.eu/source/ed1e21e6-5ca1-5891-9fe4-0f8005798b96",
          "author": [
            {
              "@id": "http://data.odeuropa.eu/actor/6632d007-e7d6-5164-a7a8-651aa76cdb8d",
              "label": "Paul  Marcoy"
            }
          ],
          "createdLocation": [
            {
              "@id": "https://sws.geonames.org/6452876/",
              "label": "Bibliothèque Nationale de France",
              "lat": "48.83364",
              "long": "2.37575"
            }
          ],
          "label": "Voyage à travers l'Amérique du Sud, de l'Océan Pacifique à l'Océan Atlantique.... T. 1, Islay, Arequipa, Lampa, Acopia, Cuzco, Echarati, Chulituqui, Tunkini, Sarayacu / par Paul Marcoy ; illustré de... vues, types et paysages par E. Riou...",
          "url": "https://gallica.bnf.fr/ark:/12148/bpt6k9741027k",
          "date": "1869",
          "language": "fr"
        }
      ],
      "smellSource": [
        {
          "@id": "http://data.odeuropa.eu/vocabulary/olfactory-objects/319",
          "label": "Chili"
        },
        {
          "@id": "http://www.wikidata.org/entity/Q165199",
          "label": "Chili"
        }
      ],
      "time": [
        {
          "@id": "http://data.odeuropa.eu/time/af4ef4e3-b68f-51fa-879b-b63d902c9ff2",
          "label": "1869",
          "begin": "1869",
          "end": "1869"
        }
      ],
      "emotion": [
        {
          "@id": "http://data.odeuropa.eu/vocabulary/plutchik/anger",
          "label": "anger"
        },
        {
          "@id": "http://data.odeuropa.eu/vocabulary/plutchik/fear",
          "label": "fear"
        },
        {
          "@id": "http://data.odeuropa.eu/emotion-type/guilt",
          "label": "guilt"
        }
      ],
      "text": "Des boutiques peu éclairées , mais encore ouvertes , m ' annonçaient le centre commercial de la localité , qui compte environ deux mille trois cents âmes .A ce moment je compris les fureurs d ' Othello et de son cadet Antony ; qu ' avec volupté j ' eusse étranglé de mes mains cette faible femme ! Cependant l ' action caustique et rubéfiante du piment allait augmentant .Hors d ' état de rester en place , je me mis à courir à travers la chambre , tamponnant avec ma serviette mon œil rissolé .",
      "adjective": "caustique"
    },
    {
      "@type": "http://data.odeuropa.eu/ontology/L11_Smell",
      "@id": "http://data.odeuropa.eu/smell/1f95a5ee-f994-5114-a983-8e5b403765c3",
      "@graph": "http://data.odeuropa.eu/gallica",
      "label": "fétide",
      "source": [
        {
          "@id": "https://data.bnf.fr/ark:/12148/bpt6k5790601n",
          "author": [
            {
              "@id": "http://data.odeuropa.eu/actor/d923742b-e147-5008-9d7a-141a94a4bed1",
              "label": "Léon  Duchesne"
            }
          ],
          "createdLocation": [
            {
              "@id": "https://sws.geonames.org/6452876/",
              "label": "Bibliothèque Nationale de France",
              "lat": "48.83364",
              "long": "2.37575"
            }
          ],
          "label": "Aide-mémoire et formulaire du médecin praticien, par le Dr Léon Duchesne,...",
          "url": "https://gallica.bnf.fr/ark:/12148/bpt6k5790601n",
          "date": "1885",
          "language": "fr"
        },
        {
          "@id": "http://data.odeuropa.eu/source/ca1e5bb6-ecf7-53f8-9a9c-ee92d1c5beea",
          "author": [
            {
              "@id": "http://data.odeuropa.eu/actor/d923742b-e147-5008-9d7a-141a94a4bed1",
              "label": "Léon  Duchesne"
            }
          ],
          "createdLocation": [
            {
              "@id": "https://sws.geonames.org/6452876/",
              "label": "Bibliothèque Nationale de France",
              "lat": "48.83364",
              "long": "2.37575"
            }
          ],
          "label": "Aide-mémoire et formulaire du médecin praticien, par le Dr Léon Duchesne,...",
          "url": "https://gallica.bnf.fr/ark:/12148/bpt6k5790601n",
          "date": "1885",
          "language": "fr"
        }
      ],
      "smellSource": [
        {
          "@id": "http://data.odeuropa.eu/vocabulary/olfactory-objects/537",
          "label": "Breath"
        },
        {
          "@id": "http://www.wikidata.org/entity/Q13428325",
          "label": "Breath"
        }
      ],
      "time": [
        {
          "@id": "http://data.odeuropa.eu/time/897bdb11-1fc5-56b6-bcd7-5863cf8b074b",
          "label": "1885",
          "begin": "1885",
          "end": "1885"
        }
      ],
      "emotion": [
        {
          "@id": "http://data.odeuropa.eu/vocabulary/plutchik/surprise",
          "label": "surprise"
        },
        {
          "@id": "http://data.odeuropa.eu/vocabulary/plutchik/fear",
          "label": "fear"
        }
      ],
      "text": "La pression à l ' angle des mâchoires est douloureuse et il existe un peu de surdité .L ' haleine devient fétide , la voix prend un aspect nasonné .A l ' examen direct , on voit l ' amygdale ou les amygdales rouges , gonflées , sèches .",
      "adjective": "fétide"
    },
    {
      "@type": "http://data.odeuropa.eu/ontology/L11_Smell",
      "@id": "http://data.odeuropa.eu/smell/2e63df7f-7b08-5709-a08b-b430c664ebb3",
      "@graph": "http://data.odeuropa.eu/gallica",
      "label": "exhalaisons",
      "source": [
        {
          "@id": "https://data.bnf.fr/ark:/12148/bpt6k5474985b",
          "author": [
            {
              "@id": "http://data.odeuropa.eu/actor/51369ea7-88d7-587a-a3c5-d58e3592a06c",
              "label": "Sophie  Cottin"
            }
          ],
          "createdLocation": [
            {
              "@id": "https://sws.geonames.org/6452876/",
              "label": "Bibliothèque Nationale de France",
              "lat": "48.83364",
              "long": "2.37575"
            }
          ],
          "label": "Oeuvres complètes de Mme Cottin. Tome VI",
          "url": "https://gallica.bnf.fr/ark:/12148/bpt6k5474985b",
          "date": "1823",
          "language": "fr"
        },
        {
          "@id": "http://data.odeuropa.eu/source/8b9a876e-3eab-5a6b-bab2-d6fbc87a7588",
          "author": [
            {
              "@id": "http://data.odeuropa.eu/actor/51369ea7-88d7-587a-a3c5-d58e3592a06c",
              "label": "Sophie  Cottin"
            }
          ],
          "createdLocation": [
            {
              "@id": "https://sws.geonames.org/6452876/",
              "label": "Bibliothèque Nationale de France",
              "lat": "48.83364",
              "long": "2.37575"
            }
          ],
          "label": "Oeuvres complètes de Mme Cottin. Tome VI",
          "url": "https://gallica.bnf.fr/ark:/12148/bpt6k5474985b",
          "date": "1823",
          "language": "fr"
        }
      ],
      "time": [
        {
          "@id": "http://data.odeuropa.eu/time/92e3ea4e-8bad-5e31-9e67-559c548358ac",
          "label": "1823",
          "begin": "1823",
          "end": "1823"
        }
      ],
      "emotion": [
        {
          "@id": "http://data.odeuropa.eu/vocabulary/plutchik/surprise",
          "label": "surprise"
        },
        {
          "@id": "http://data.odeuropa.eu/vocabulary/plutchik/anger",
          "label": "anger"
        },
        {
          "@id": "http://data.odeuropa.eu/vocabulary/plutchik/fear",
          "label": "fear"
        },
        {
          "@id": "http://data.odeuropa.eu/emotion-type/greed",
          "label": "greed"
        },
        {
          "@id": "http://data.odeuropa.eu/emotion-type/doubt",
          "label": "doubt"
        }
      ],
      "text": "traîné tous leurs sujets et leurs trésors du fond de • ' l ' Occident , que pour former \" un Camp sur nos terres et n ' en pasxoser sortirCe n ' est pas tout , continue Guillaume : tandis que vous perdez le temps le plus préJ cieux et la saison la plus favorable , croyezvous que Saladin demeure spectateur oisif de vos funestes débats ? Dans toutes ses provinces il assemble des - trtfupes , dans tous ses ports il équipé des flottes ; partout j ' ai trouvé ses peuples en activité , se préparant à la guerre avec la plus belliqueuse ardeur .Maître de tant de forces , qu ' attend \" donc Saladin pour fondre sur vous , et vous anéantir ? Ce qu ' il attend ? Le secours d ' un auxiliaire plus puissant , plus meurtrier que ses armées , et qui , chaque jour , s ' avance vers vous , portant dans son sein la soif , la famine et de pestilentielles exhalaisons .Quand le Cancer brillera clans le zodiaque , que la canicule versera sur vous ses feux dévorants , que te fontaines seront taries , que les plantes et les fruits tomberont desséêhés sur une terre aride et brûlée , et qu ' incapables de résister à tant CHAPITRE XI .",
      "adjective": "pestilentielles"
    },
    {
      "@type": "http://data.odeuropa.eu/ontology/L11_Smell",
      "@id": "http://data.odeuropa.eu/smell/e033d920-a972-52ff-becd-dfacb1a58bfa",
      "@graph": "http://data.odeuropa.eu/gallica",
      "label": [
        "narcotique",
        "poison narcotique"
      ],
      "source": [
        {
          "@id": "https://data.bnf.fr/ark:/12148/bpt6k6213112f",
          "author": [
            {
              "@id": "http://data.odeuropa.eu/actor/64f2ddda-e861-58ba-965a-34949b4d630b",
              "label": "Félix  Jolyet"
            }
          ],
          "createdLocation": [
            {
              "@id": "https://sws.geonames.org/6452876/",
              "label": "Bibliothèque Nationale de France",
              "lat": "48.83364",
              "long": "2.37575"
            }
          ],
          "label": "Traité élémentaire de physiologie humaine (2e édition, corrigée et très augmentée) / par F. Viault,... F. Jolyet,...",
          "url": "https://gallica.bnf.fr/ark:/12148/bpt6k6213112f",
          "date": "1894",
          "language": "fr"
        },
        {
          "@id": "http://data.odeuropa.eu/source/82441928-28bf-589a-b097-d9d0ca92ece9",
          "author": [
            {
              "@id": "http://data.odeuropa.eu/actor/64f2ddda-e861-58ba-965a-34949b4d630b",
              "label": "Félix  Jolyet"
            }
          ],
          "createdLocation": [
            {
              "@id": "https://sws.geonames.org/6452876/",
              "label": "Bibliothèque Nationale de France",
              "lat": "48.83364",
              "long": "2.37575"
            }
          ],
          "label": "Traité élémentaire de physiologie humaine (2e édition, corrigée et très augmentée) / par F. Viault,... F. Jolyet,...",
          "url": "https://gallica.bnf.fr/ark:/12148/bpt6k6213112f",
          "date": "1894",
          "language": "fr"
        }
      ],
      "carrier": [
        {
          "@id": "http://data.odeuropa.eu/object/dd20d49b-413f-5bfc-a5be-f808a6aa9150",
          "label": "atmosphère"
        }
      ],
      "time": [
        {
          "@id": "http://data.odeuropa.eu/time/df862698-973c-58f0-a534-b7120964a68a",
          "label": "1894",
          "begin": "1894",
          "end": "1894"
        }
      ],
      "emotion": [
        {
          "@id": "http://data.odeuropa.eu/vocabulary/plutchik/disgust",
          "label": "disgust"
        },
        {
          "@id": "http://data.odeuropa.eu/vocabulary/plutchik/fear",
          "label": "fear"
        },
        {
          "@id": "http://data.odeuropa.eu/emotion-type/nervousness",
          "label": "nervousness"
        }
      ],
      "text": "Toutefois , le gaz GO2 n ' agit pas comme toxiq ^ e 1 e le ces conditions , ainsi que beaucoup d ' auteurs le pensaient autrefois , il Iie devient que lorsque sa tension dépasse 20 p .100 d ' une atmosphère , et il * r ' [ alors comme un poison narcotique sur le système nerveux .Mais le plus Jill ' vent , dans l ' air confiné , la tension de lO .",
      "adjective": "narcotique"
    },
    {
      "@type": "http://data.odeuropa.eu/ontology/L11_Smell",
      "@id": "http://data.odeuropa.eu/smell/fa35ec2a-8b6e-5650-af32-6c417acfc0db",
      "@graph": "http://data.odeuropa.eu/gallica",
      "label": "odeur",
      "source": [
        {
          "@id": "https://data.bnf.fr/ark:/12148/bpt6k3079854m",
          "author": [
            {
              "@id": "http://data.odeuropa.eu/actor/1585c1e8-b107-57c9-9839-6346f445fefb",
              "label": "Élie  Le Guillou"
            }
          ],
          "createdLocation": [
            {
              "@id": "https://sws.geonames.org/6452876/",
              "label": "Bibliothèque Nationale de France",
              "lat": "48.83364",
              "long": "2.37575"
            }
          ],
          "label": "Voyage autour du monde de \"l'Astrolabe\" et de \"la Zélée\", sous les ordres du contre-amiral Dumont d'Urville pendant les années 1837, 38, 39 et 40. Tome 1 / par Élie Le Guillou ; ouvrage enrichi de nombreux dessins et de notes scientifiques, mis en ordre par J. Arago",
          "url": "https://gallica.bnf.fr/ark:/12148/bpt6k3079854m",
          "date": "1842",
          "language": "fr"
        },
        {
          "@id": "http://data.odeuropa.eu/source/92bf26ff-cbd9-50fb-94b3-65fb554fd531",
          "author": [
            {
              "@id": "http://data.odeuropa.eu/actor/1585c1e8-b107-57c9-9839-6346f445fefb",
              "label": "Élie  Le Guillou"
            }
          ],
          "createdLocation": [
            {
              "@id": "https://sws.geonames.org/6452876/",
              "label": "Bibliothèque Nationale de France",
              "lat": "48.83364",
              "long": "2.37575"
            }
          ],
          "label": "Voyage autour du monde de \"l'Astrolabe\" et de \"la Zélée\", sous les ordres du contre-amiral Dumont d'Urville pendant les années 1837, 38, 39 et 40. Tome 1 / par Élie Le Guillou ; ouvrage enrichi de nombreux dessins et de notes scientifiques, mis en ordre par J. Arago",
          "url": "https://gallica.bnf.fr/ark:/12148/bpt6k3079854m",
          "date": "1842",
          "language": "fr"
        }
      ],
      "time": [
        {
          "@id": "http://data.odeuropa.eu/time/40618fd5-df87-56ee-9030-7c234c1cfdf8",
          "label": "1842",
          "begin": "1842",
          "end": "1842"
        }
      ],
      "emotion": [
        {
          "@id": "http://data.odeuropa.eu/vocabulary/plutchik/fear",
          "label": "fear"
        },
        {
          "@id": "http://data.odeuropa.eu/emotion-type/doubt",
          "label": "doubt"
        },
        {
          "@id": "http://data.odeuropa.eu/emotion-type/nervousness",
          "label": "nervousness"
        }
      ],
      "text": "Il n ’ est question ici que d ' un orage sous un ciel bas , épais , accablant ; écoutez : C ’ est d ’ abord le silence des eaux et des airs ; puis , vous sentez une sueur glacée qui vous inonde , et vous vous croyez piqué par des milliers d ’ étincelles électriques .La mer clapotte fébrilement comme si un feu sous - marin la mettait en ébullition ; le jour est blafard , l ' horizon douteux , le ciel pale , le zig - zag des éclairs rapide , jetant cà et là une odeur violente de souffre .Le navire attend immobile le commencement de la lutte ; les voiles sont carguées , on mouille la chaîne du paratonnerre , le capitaine est à son poste , l ’ œil attentif ; le matelot au sien , les bras croisés , la poitrine impatiente ; ce sont tous les éléments déchaînés qui vont fondre incessamment sur une coquille de noix perdue au milieu des flots .",
      "adjective": "violente"
    },
    {
      "@type": "http://data.odeuropa.eu/ontology/L11_Smell",
      "@id": "http://data.odeuropa.eu/smell/7da06c50-a793-5fda-8eb1-461aa3259968",
      "@graph": "http://data.odeuropa.eu/gallica",
      "label": "fétide",
      "source": [
        {
          "@id": "https://data.bnf.fr/ark:/12148/bpt6k3079854m",
          "author": [
            {
              "@id": "http://data.odeuropa.eu/actor/1585c1e8-b107-57c9-9839-6346f445fefb",
              "label": "Élie  Le Guillou"
            }
          ],
          "createdLocation": [
            {
              "@id": "https://sws.geonames.org/6452876/",
              "label": "Bibliothèque Nationale de France",
              "lat": "48.83364",
              "long": "2.37575"
            }
          ],
          "label": "Voyage autour du monde de \"l'Astrolabe\" et de \"la Zélée\", sous les ordres du contre-amiral Dumont d'Urville pendant les années 1837, 38, 39 et 40. Tome 1 / par Élie Le Guillou ; ouvrage enrichi de nombreux dessins et de notes scientifiques, mis en ordre par J. Arago",
          "url": "https://gallica.bnf.fr/ark:/12148/bpt6k3079854m",
          "date": "1842",
          "language": "fr"
        },
        {
          "@id": "http://data.odeuropa.eu/source/92bf26ff-cbd9-50fb-94b3-65fb554fd531",
          "author": [
            {
              "@id": "http://data.odeuropa.eu/actor/1585c1e8-b107-57c9-9839-6346f445fefb",
              "label": "Élie  Le Guillou"
            }
          ],
          "createdLocation": [
            {
              "@id": "https://sws.geonames.org/6452876/",
              "label": "Bibliothèque Nationale de France",
              "lat": "48.83364",
              "long": "2.37575"
            }
          ],
          "label": "Voyage autour du monde de \"l'Astrolabe\" et de \"la Zélée\", sous les ordres du contre-amiral Dumont d'Urville pendant les années 1837, 38, 39 et 40. Tome 1 / par Élie Le Guillou ; ouvrage enrichi de nombreux dessins et de notes scientifiques, mis en ordre par J. Arago",
          "url": "https://gallica.bnf.fr/ark:/12148/bpt6k3079854m",
          "date": "1842",
          "language": "fr"
        }
      ],
      "time": [
        {
          "@id": "http://data.odeuropa.eu/time/40618fd5-df87-56ee-9030-7c234c1cfdf8",
          "label": "1842",
          "begin": "1842",
          "end": "1842"
        }
      ],
      "emotion": [
        {
          "@id": "http://data.odeuropa.eu/vocabulary/plutchik/grief",
          "label": "grief"
        },
        {
          "@id": "http://data.odeuropa.eu/vocabulary/plutchik/disgust",
          "label": "disgust"
        },
        {
          "@id": "http://data.odeuropa.eu/vocabulary/plutchik/fear",
          "label": "fear"
        },
        {
          "@id": "http://data.odeuropa.eu/emotion-type/despair",
          "label": "despair"
        },
        {
          "@id": "http://data.odeuropa.eu/emotion-type/pain",
          "label": "pain"
        },
        {
          "@id": "http://data.odeuropa.eu/emotion-type/embarrassment",
          "label": "embarrassment"
        }
      ],
      "text": "il fallut porter à terre les hommes que le scorbut avait saisis .Ces regards vitrifiés , ces membres grêles , celte chevelure suintant une sueur fétide , ces joues creuses , ce teint hâve , tous ces hommes à demi cadavres , auxquels nous avions craint de dire un dernier adieu ..",
      "adjective": "fétide"
    },
    {
      "@type": "http://data.odeuropa.eu/ontology/L11_Smell",
      "@id": "http://data.odeuropa.eu/smell/945f1769-d5b6-5bef-af9a-03851f03eeaa",
      "@graph": "http://data.odeuropa.eu/gallica",
      "label": "odorat",
      "source": [
        {
          "@id": "https://data.bnf.fr/ark:/12148/bpt6k207174j",
          "createdLocation": [
            {
              "@id": "https://sws.geonames.org/6452876/",
              "label": "Bibliothèque Nationale de France",
              "lat": "48.83364",
              "long": "2.37575"
            }
          ],
          "label": "Le livre de la ferme et des maisons de campagne. T. 2 / par une réunion d'agronomes, de savants et de praticiens, sous la dir. de M. P. Joigneaux",
          "url": "https://gallica.bnf.fr/ark:/12148/bpt6k207174j",
          "date": "1865",
          "language": "fr"
        },
        {
          "@id": "http://data.odeuropa.eu/source/75c7f8e8-46b0-5146-8dbe-730c0e857699",
          "createdLocation": [
            {
              "@id": "https://sws.geonames.org/6452876/",
              "label": "Bibliothèque Nationale de France",
              "lat": "48.83364",
              "long": "2.37575"
            }
          ],
          "label": "Le livre de la ferme et des maisons de campagne. T. 2 / par une réunion d'agronomes, de savants et de praticiens, sous la dir. de M. P. Joigneaux",
          "url": "https://gallica.bnf.fr/ark:/12148/bpt6k207174j",
          "date": "1865",
          "language": "fr"
        }
      ],
      "time": [
        {
          "@id": "http://data.odeuropa.eu/time/3887b56b-870f-51ba-86cb-8e88a2fe3f24",
          "label": "1865",
          "begin": "1865",
          "end": "1865"
        }
      ],
      "emotion": [
        {
          "@id": "http://data.odeuropa.eu/vocabulary/plutchik/fear",
          "label": "fear"
        }
      ],
      "text": "Lorsqu ' il a atteint son entier développement , il pèse de35 à 45 kilogrammes , il dépasse rarement le poids de 50 kilogrammes .Il est doué de sens tr ~ s - Hns ; il possède une vue perçante , un odorat exquis , une ouïe d ' une délicatesse infinie une vigueur de muscles formidable , et une mâchoire redoutable ; il répand la terreur dans nos forêts et dans les plaines , et cause les plus grands dégâts il fait sa proie des cerfs et des chevreuils , attaque chevaux , vaches , poulains qu ' il égorge et consomme , sans compter force moutons , oies et autres animaux domestiques .On distingue en France deux variétés de loups , l ' une beaucoup plus forte que l ' autre .",
      "adjective": [
        "perçante",
        "exquis"
      ]
    },
    {
      "@type": "http://data.odeuropa.eu/ontology/L11_Smell",
      "@id": "http://data.odeuropa.eu/smell/a290591d-dcd0-5294-b111-6417ed9101a7",
      "@graph": "http://data.odeuropa.eu/gallica",
      "label": "exhalaisons",
      "source": [
        {
          "@id": "https://data.bnf.fr/ark:/12148/bpt6k6461594x",
          "author": [
            {
              "@id": "http://data.odeuropa.eu/actor/6f232fc3-e92c-5111-b673-ce7c1c1c7741",
              "label": "Jules  Rouvier"
            }
          ],
          "createdLocation": [
            {
              "@id": "https://sws.geonames.org/6452876/",
              "label": "Bibliothèque Nationale de France",
              "lat": "48.83364",
              "long": "2.37575"
            }
          ],
          "label": "Précis d'hygiène de la première enfance...",
          "url": "https://gallica.bnf.fr/ark:/12148/bpt6k6461594x",
          "date": "1893",
          "language": "fr"
        },
        {
          "@id": "http://data.odeuropa.eu/source/be1baa94-2f69-5bf3-9d8d-d4a25e532b72",
          "author": [
            {
              "@id": "http://data.odeuropa.eu/actor/6f232fc3-e92c-5111-b673-ce7c1c1c7741",
              "label": "Jules  Rouvier"
            }
          ],
          "createdLocation": [
            {
              "@id": "https://sws.geonames.org/6452876/",
              "label": "Bibliothèque Nationale de France",
              "lat": "48.83364",
              "long": "2.37575"
            }
          ],
          "label": "Précis d'hygiène de la première enfance...",
          "url": "https://gallica.bnf.fr/ark:/12148/bpt6k6461594x",
          "date": "1893",
          "language": "fr"
        }
      ],
      "time": [
        {
          "@id": "http://data.odeuropa.eu/time/5de7592d-5d13-5dac-8d5e-348bf33a90b7",
          "label": "1893",
          "begin": "1893",
          "end": "1893"
        }
      ],
      "emotion": [
        {
          "@id": "http://data.odeuropa.eu/vocabulary/plutchik/fear",
          "label": "fear"
        }
      ],
      "text": "Il ne le ferait pas , et il aurait raison .Vivre habituellement dans un air souillé de toutes sortes d ' exhalaisons mauvaises , c ' est faire exactement ce que je viens de supposer : c ' est s ' empoisonner lentement .Rideaux .",
      "adjective": "mauvaises"
    },
    {
      "@type": "http://data.odeuropa.eu/ontology/L11_Smell",
      "@id": "http://data.odeuropa.eu/smell/2594a8e1-83ce-54d9-9787-77fa6593130f",
      "@graph": "http://data.odeuropa.eu/gallica",
      "label": "odeur",
      "source": [
        {
          "@id": "https://data.bnf.fr/ark:/12148/bpt6k58163730",
          "author": [
            {
              "@id": "http://data.odeuropa.eu/actor/c456791e-a962-53ae-be96-72d7cfae5033",
              "label": "Hector  France"
            }
          ],
          "createdLocation": [
            {
              "@id": "https://sws.geonames.org/6452876/",
              "label": "Bibliothèque Nationale de France",
              "lat": "48.83364",
              "long": "2.37575"
            }
          ],
          "label": "La vierge russe ; La mort du Czar : grand récit dramatique inédit / par Hector France",
          "url": "https://gallica.bnf.fr/ark:/12148/bpt6k58163730",
          "date": "1894",
          "language": "fr"
        },
        {
          "@id": "http://data.odeuropa.eu/source/0b6f343a-8e1d-5d88-8d1f-ed3654b42a1d",
          "author": [
            {
              "@id": "http://data.odeuropa.eu/actor/c456791e-a962-53ae-be96-72d7cfae5033",
              "label": "Hector  France"
            }
          ],
          "createdLocation": [
            {
              "@id": "https://sws.geonames.org/6452876/",
              "label": "Bibliothèque Nationale de France",
              "lat": "48.83364",
              "long": "2.37575"
            }
          ],
          "label": "La vierge russe ; La mort du Czar : grand récit dramatique inédit / par Hector France",
          "url": "https://gallica.bnf.fr/ark:/12148/bpt6k58163730",
          "date": "1894",
          "language": "fr"
        }
      ],
      "time": [
        {
          "@id": "http://data.odeuropa.eu/time/df862698-973c-58f0-a534-b7120964a68a",
          "label": "1894",
          "begin": "1894",
          "end": "1894"
        }
      ],
      "emotion": [
        {
          "@id": "http://data.odeuropa.eu/vocabulary/plutchik/disgust",
          "label": "disgust"
        },
        {
          "@id": "http://data.odeuropa.eu/vocabulary/plutchik/fear",
          "label": "fear"
        }
      ],
      "text": "Son seul ornement consistait en une superbe collection de pipes culotées .Aussi une forte odeur de nicotine saisissait - elle à la gorge dès l ' entrée .— Pouah ! fit Nadège en riant ."
    },
    {
      "@type": "http://data.odeuropa.eu/ontology/L11_Smell",
      "@id": "http://data.odeuropa.eu/smell/20a6b940-4538-5233-975c-e58ec7a2a720",
      "@graph": "http://data.odeuropa.eu/gallica",
      "label": "vapeurs",
      "source": [
        {
          "@id": "https://data.bnf.fr/ark:/12148/bpt6k5685478j",
          "author": [
            {
              "@id": "http://data.odeuropa.eu/actor/d2780bda-ed0a-59b1-a083-03dde6b68d8d",
              "label": "Jules  Basin"
            }
          ],
          "createdLocation": [
            {
              "@id": "https://sws.geonames.org/6452876/",
              "label": "Bibliothèque Nationale de France",
              "lat": "48.83364",
              "long": "2.37575"
            }
          ],
          "label": "Cours de chimie à l'usage des candidats aux écoles d'arts et métiers (Troisième édition) / par J. Basin...",
          "url": "https://gallica.bnf.fr/ark:/12148/bpt6k5685478j",
          "date": "1913",
          "language": "fr"
        },
        {
          "@id": "http://data.odeuropa.eu/source/69775348-5245-57f4-bd95-fcf862ab6d2d",
          "author": [
            {
              "@id": "http://data.odeuropa.eu/actor/d2780bda-ed0a-59b1-a083-03dde6b68d8d",
              "label": "Jules  Basin"
            }
          ],
          "createdLocation": [
            {
              "@id": "https://sws.geonames.org/6452876/",
              "label": "Bibliothèque Nationale de France",
              "lat": "48.83364",
              "long": "2.37575"
            }
          ],
          "label": "Cours de chimie à l'usage des candidats aux écoles d'arts et métiers (Troisième édition) / par J. Basin...",
          "url": "https://gallica.bnf.fr/ark:/12148/bpt6k5685478j",
          "date": "1913",
          "language": "fr"
        }
      ],
      "time": [
        {
          "@id": "http://data.odeuropa.eu/time/32b6ab38-a8c1-5e01-b054-ba6bf666a54f",
          "label": "1913",
          "begin": "1913",
          "end": "1913"
        }
      ],
      "emotion": [
        {
          "@id": "http://data.odeuropa.eu/vocabulary/plutchik/fear",
          "label": "fear"
        }
      ],
      "text": "Lo sulfure do carbono bout à 45 ° .Ses vapeurs sont dangereuses à .respirer .",
      "adjective": "dangereuses"
    },
    {
      "@type": "http://data.odeuropa.eu/ontology/L11_Smell",
      "@id": "http://data.odeuropa.eu/smell/8282218f-3f87-51db-ba18-50c1e08b3476",
      "@graph": "http://data.odeuropa.eu/gallica",
      "label": "odeur",
      "source": [
        {
          "@id": "https://data.bnf.fr/ark:/12148/bpt6k3379219t",
          "author": [
            {
              "@id": "http://data.odeuropa.eu/actor/6e71bec9-6298-51ec-bd47-bd888a0472d9",
              "label": "Georges  Roulleaux-Dugage"
            }
          ],
          "createdLocation": [
            {
              "@id": "https://sws.geonames.org/6452876/",
              "label": "Bibliothèque Nationale de France",
              "lat": "48.83364",
              "long": "2.37575"
            }
          ],
          "label": "Paysages et silhouettes exotiques (notes de voyage autour du monde) / par Georges Roulleaux-Dugage ; [préface de Jules Delafosse]",
          "url": "https://gallica.bnf.fr/ark:/12148/bpt6k3379219t",
          "date": "1908",
          "language": "fr"
        },
        {
          "@id": "http://data.odeuropa.eu/source/aad09f5f-aedb-54f6-874b-5da62def7bcc",
          "author": [
            {
              "@id": "http://data.odeuropa.eu/actor/6e71bec9-6298-51ec-bd47-bd888a0472d9",
              "label": "Georges  Roulleaux-Dugage"
            }
          ],
          "createdLocation": [
            {
              "@id": "https://sws.geonames.org/6452876/",
              "label": "Bibliothèque Nationale de France",
              "lat": "48.83364",
              "long": "2.37575"
            }
          ],
          "label": "Paysages et silhouettes exotiques (notes de voyage autour du monde) / par Georges Roulleaux-Dugage ; [préface de Jules Delafosse]",
          "url": "https://gallica.bnf.fr/ark:/12148/bpt6k3379219t",
          "date": "1908",
          "language": "fr"
        }
      ],
      "time": [
        {
          "@id": "http://data.odeuropa.eu/time/9d001fb0-0fcf-545d-bb34-70893ca0ca62",
          "label": "1908",
          "begin": "1908",
          "end": "1908"
        }
      ],
      "emotion": [
        {
          "@id": "http://data.odeuropa.eu/vocabulary/plutchik/disgust",
          "label": "disgust"
        },
        {
          "@id": "http://data.odeuropa.eu/vocabulary/plutchik/fear",
          "label": "fear"
        },
        {
          "@id": "http://data.odeuropa.eu/emotion-type/pain",
          "label": "pain"
        }
      ],
      "text": "— Voici que le China a l ' air d ' être embrasé lui - même .Une odeur âcre nous prend à la gorge .Les sirènes des bateaux hurlent sinistrement , plus ou moins basses ou aiguës , comme des chiens à la mort .",
      "adjective": "âcre"
    },
    {
      "@type": "http://data.odeuropa.eu/ontology/L11_Smell",
      "@id": "http://data.odeuropa.eu/smell/0219cbe8-b665-5e45-bdb5-9a88c638ee46",
      "@graph": "http://data.odeuropa.eu/gallica",
      "label": "odeur",
      "source": [
        {
          "@id": "https://data.bnf.fr/ark:/12148/bpt6k54602076",
          "author": [
            {
              "@id": "http://data.odeuropa.eu/actor/a499be61-dc74-57ba-a55c-6e5ff887d998",
              "label": "Eugène  Mouton"
            }
          ],
          "createdLocation": [
            {
              "@id": "https://sws.geonames.org/6452876/",
              "label": "Bibliothèque Nationale de France",
              "lat": "48.83364",
              "long": "2.37575"
            }
          ],
          "label": "Contes ornés d'un portrait de l'Invalide à la tête de bois / Eugène Mouton (Mérinos) ; dessiné et gravé... par l'auteur",
          "url": "https://gallica.bnf.fr/ark:/12148/bpt6k54602076",
          "date": "1881",
          "language": "fr"
        },
        {
          "@id": "http://data.odeuropa.eu/source/04f155c0-1450-5f53-a095-e2b84319d59b",
          "author": [
            {
              "@id": "http://data.odeuropa.eu/actor/a499be61-dc74-57ba-a55c-6e5ff887d998",
              "label": "Eugène  Mouton"
            }
          ],
          "createdLocation": [
            {
              "@id": "https://sws.geonames.org/6452876/",
              "label": "Bibliothèque Nationale de France",
              "lat": "48.83364",
              "long": "2.37575"
            }
          ],
          "label": "Contes ornés d'un portrait de l'Invalide à la tête de bois / Eugène Mouton (Mérinos) ; dessiné et gravé... par l'auteur",
          "url": "https://gallica.bnf.fr/ark:/12148/bpt6k54602076",
          "date": "1881",
          "language": "fr"
        }
      ],
      "smellSource": [
        {
          "@id": "http://data.odeuropa.eu/vocabulary/olfactory-objects/155",
          "label": [
            "ethanol",
            "Spirit (alcohol)"
          ]
        },
        {
          "@id": "http://data.odeuropa.eu/vocabulary/flavornet/odorants/2",
          "label": [
            "ethanol",
            "Spirit (alcohol)"
          ]
        },
        {
          "@id": "http://www.wikidata.org/entity/Q153",
          "label": [
            "ethanol",
            "Spirit (alcohol)"
          ]
        }
      ],
      "time": [
        {
          "@id": "http://data.odeuropa.eu/time/7b1e2825-141c-59bf-8600-d1e37b1ec78e",
          "label": "1881",
          "begin": "1881",
          "end": "1881"
        }
      ],
      "place": [
        {
          "@id": "https://sws.geonames.org/3014867/",
          "label": "Granville"
        }
      ],
      "emotion": [
        {
          "@id": "http://data.odeuropa.eu/vocabulary/plutchik/disgust",
          "label": "disgust"
        },
        {
          "@id": "http://data.odeuropa.eu/vocabulary/plutchik/fear",
          "label": "fear"
        },
        {
          "@id": "http://data.odeuropa.eu/vocabulary/plutchik/disapproval",
          "label": "disapproval"
        },
        {
          "@id": "http://data.odeuropa.eu/emotion-type/nostalgia",
          "label": "nostalgia"
        },
        {
          "@id": "http://data.odeuropa.eu/emotion-type/pain",
          "label": "pain"
        }
      ],
      "text": "LE VOYAGEUR , à part , s ' arc - boutantdes deux mains sur la banquette et repoussant le marchand de boeufs .C est abominable et je crains bien de ne pouvoir supporter cela jusqu ' à Granville : cette odeur de rouennerie neuve , de laine chaude , d ' eau - de - vie et de navet cru , a quelque chose d ' affreux .J ' ai le coeur sur les lèvres et l ' estomac dans la bouche .",
      "adjective": [
        "abominable",
        "affreux"
      ]
    },
    {
      "@type": "http://data.odeuropa.eu/ontology/L11_Smell",
      "@id": "http://data.odeuropa.eu/smell/ccb4ecbe-207c-573c-8449-4a1941f168c1",
      "@graph": "http://data.odeuropa.eu/gallica",
      "label": "odeur",
      "source": [
        {
          "@id": "https://data.bnf.fr/ark:/12148/bpt6k6577091b",
          "author": [
            {
              "@id": "http://data.odeuropa.eu/actor/89d89a08-97a4-599d-afcf-6422613700e1",
              "label": "Albert  Humbert"
            }
          ],
          "createdLocation": [
            {
              "@id": "https://sws.geonames.org/6452876/",
              "label": "Bibliothèque Nationale de France",
              "lat": "48.83364",
              "long": "2.37575"
            }
          ],
          "label": "Les Noces de Coquibus, par A. Humbert,...",
          "url": "https://gallica.bnf.fr/ark:/12148/bpt6k6577091b",
          "date": "1881",
          "language": "fr"
        },
        {
          "@id": "http://data.odeuropa.eu/source/7de21f7d-92c3-541f-ae97-44a5f7c021a3",
          "author": [
            {
              "@id": "http://data.odeuropa.eu/actor/89d89a08-97a4-599d-afcf-6422613700e1",
              "label": "Albert  Humbert"
            }
          ],
          "createdLocation": [
            {
              "@id": "https://sws.geonames.org/6452876/",
              "label": "Bibliothèque Nationale de France",
              "lat": "48.83364",
              "long": "2.37575"
            }
          ],
          "label": "Les Noces de Coquibus, par A. Humbert,...",
          "url": "https://gallica.bnf.fr/ark:/12148/bpt6k6577091b",
          "date": "1881",
          "language": "fr"
        }
      ],
      "time": [
        {
          "@id": "http://data.odeuropa.eu/time/7b1e2825-141c-59bf-8600-d1e37b1ec78e",
          "label": "1881",
          "begin": "1881",
          "end": "1881"
        }
      ],
      "emotion": [
        {
          "@id": "http://data.odeuropa.eu/vocabulary/plutchik/fear",
          "label": "fear"
        },
        {
          "@id": "http://data.odeuropa.eu/emotion-type/desire",
          "label": "desire"
        },
        {
          "@id": "http://data.odeuropa.eu/emotion-type/nervousness",
          "label": "nervousness"
        }
      ],
      "text": "Enfin tout est fini à l ' église , on remonte en voiture .Coquibus veut absolument se placer sur le siège à côté du cocher , parce qu ' il se tiendra debout et qu ' il craint que dans l ' intérieur on devine que c ' est lui qui est le foyer de cette odeur incompréhensible dont la noce est poursuivie ; sur les observations de madame Coinchotte et de M .Moutonnier , il se décide à s ' asseoir dans l ' intérieur ; mais , tout le long du chemin , il se montre très loquace et il parle très haut , dans l ' espérance que le bruit des paroles empêchera les narines de percevoir l ' odeur .",
      "adjective": "incompréhensible"
    }
  ],
  "totalResults": 10304,
  "favorites": [],
  "debugSparqlQuery": null
}