{
      "articles": [
            {
                  "doc_url": "https://gallica.bnf.fr/ark:/12148/bpt6k5470140r",
                  "emotions": [
                        "love"
                  ],
                  "excerpt": "II s ' assit , prit un Hvre sur la table et se mit à lire en attendant le dîner .VII Mégrin les connaissait bien ces petites lettres au papier de nuances tendres , toutes parfumées d ' ambre gris , de violette ou de foin coupé .Depuis quelques années , depuis qu ' un peu de notoriété s ' était attachée à son nom , elles lui arrivaient fidèlement , portant sur leur enveloppe des timbres de toutes couleurs et de tous pays , et elles étaient dans son courrier .",
                  "id": "1",
                  "title": "Papa / Louis de Robert"
            },
            {
                  "doc_url": "https://gallica.bnf.fr/ark:/12148/bpt6k5470140r",
                  "emotions": [
                        "love"
                  ],
                  "excerpt": "Mégrin étant parti en promenade , Rose entra dans la petite pièce qui lui servait de cabinet de travail ; c ' était un petit réduit qu ' il avait paré d ' étoffes indiennes , au coloris calme et reposant ; une chaise d ' osier et une minuscule table en composaient tout l ' ameublement ^ sur la table , à côté de l ' encrier ouvert , il y avait , éparses sur une page commencée , des lettres arrivées de Paris et décachetées négligemment .Une de ces lettres attira l ' attention de Rose ; le papier mauve sentait l ' iris ; elle était d ' une inconnue qui signait ses initiales et elle parlait d ' amour .Mégrin devait être accoutumé à en recevoir de semblables , car , sans y prêter plus d ' attention , il laissait traîner celle - ci .",
                  "id": "2",
                  "title": "Papa / Louis de Robert"
            },
            {
                  "doc_url": "https://gallica.bnf.fr/ark:/12148/bpt6k5470140r",
                  "emotions": [
                        "love",
                        "nostalgia"
                  ],
                  "excerpt": "Il se leva , mit la tête à la fenêtre .Le gazouillis des oiseaux avait un bruit de baisers dans le frisson des feuilles ; jamais la voix de la mer n ' avait eu à ses oreilles une douceur si profonde ; le vent jouait dans la campagne , mariant , à l ' âme des fleurs , l ' arôme lointain des romarins et des lavandes .Mégrin buvait l ' air à pleines gorgées , goûtant la volupté de vivre , dans une lente griserie qui montait à son cerveau .",
                  "id": "3",
                  "title": "Papa / Louis de Robert"
            },
            {
                  "doc_url": "https://gallica.bnf.fr/ark:/12148/bpt6k9774055n",
                  "emotions": [
                        "love",
                        "gratitude"
                  ],
                  "excerpt": "Quand elles sont à ce point , vous les retirez de la bassine , et les mettez deux ou trois heures à l ' étuve , après quoi vous recommencez les charges , avec l ' attention que les six premières soient très - légères , crainte de détremper la couleur ; vous mettez un peu de gomme à la septième , et continuez à grossir jusqu ' à ce que le rouge soit entièrement couvert , alors vous les mettez à l ' étuve ; le lendemain vous les préparez à blanchir , et les finissez comme les premières .Amandes à la rose , pour la couleur et le parfum .Amandes douces .",
                  "id": "4",
                  "title": "Le Confiseur moderne, ou l'Art du confiseur et du distillateur, contenant... les opérations du confiseur... et... les procédés... de quelques arts qui s'y rapportent, particulièrement ceux du parfumeur et du limonadier... Ouvrage... auquel on a joint : 1° un appendice ou recueil de recettes de médicamens... 2° un petit historique de quelques substances simples les plus usuelles ; 3° un vocabulaire des termes techniques. Par J.-J. Machet,..."
            },
            {
                  "doc_url": "https://gallica.bnf.fr/ark:/12148/bpt6k9774055n",
                  "emotions": [
                        "love",
                        "desire"
                  ],
                  "excerpt": "Alors vous mettez la toile sous l ' a presse jusqu ' à ce qu ' elle soit sèche , c ' est - à - dire jusqu ' à ce que vous en ayez exprimé toute l ' huile dont elle était imprégnée .Cette huile , chargée du parfum de la fleur , est l ' essence que vous desirez ; vous la laissez quelque temps déposer et éclaircir , puis la décantez dans utie autre bouteille .Huile antique à la fleur c ? orange .",
                  "id": "5",
                  "title": "Le Confiseur moderne, ou l'Art du confiseur et du distillateur, contenant... les opérations du confiseur... et... les procédés... de quelques arts qui s'y rapportent, particulièrement ceux du parfumeur et du limonadier... Ouvrage... auquel on a joint : 1° un appendice ou recueil de recettes de médicamens... 2° un petit historique de quelques substances simples les plus usuelles ; 3° un vocabulaire des termes techniques. Par J.-J. Machet,..."
            },
            {
                  "doc_url": "https://gallica.bnf.fr/ark:/12148/bpt6k9774055n",
                  "emotions": [
                        "love"
                  ],
                  "excerpt": "gouttes de néroly , une once de bon esprit de jasmin , autant de jonquille et de tubéreuse , douze gouttes d ' essence d ' ambre , autant de musc : vous mêlez bien ; puis , ajoutant vos deux charges de gomme , vous grossissez , en commençant par de petites charges , afin de de ne pas détremper la ^ omme , et continuez , pour les finir , comme il a été dit .Amandes - avelines à l ' héliotrope .Vous préparez de la même manière quinze livres d ' ave , lines ; vous faites cuire au petit perlé douze livres de - Sucre fondu dans moitié de bonne eau de fleur d ' orange double et moitié eau Âe rose ; vous y ajoutez ensuite un bon verre d ' esprit d9 jasmin de première qualité , et autant d ' esprit de tubéreuse .",
                  "id": "6",
                  "title": "Le Confiseur moderne, ou l'Art du confiseur et du distillateur, contenant... les opérations du confiseur... et... les procédés... de quelques arts qui s'y rapportent, particulièrement ceux du parfumeur et du limonadier... Ouvrage... auquel on a joint : 1° un appendice ou recueil de recettes de médicamens... 2° un petit historique de quelques substances simples les plus usuelles ; 3° un vocabulaire des termes techniques. Par J.-J. Machet,..."
            },
            {
                  "doc_url": "https://gallica.bnf.fr/ark:/12148/bpt6k5626052k",
                  "emotions": [
                        "love"
                  ],
                  "excerpt": "— Cela pourrait bien être , dit le chasseur en s ' approchant , de nouveau de la paysanne ; mais n ' importe , si vous voulez être mon guide dans un joli sentier que je brûle de suivre avec vous , je ne regretterai pas le temps passé sous ces ombrages .« Et le gentilhomme avait ceint la taille de la jeune fille d ' un bras caressant ; et le parfum de sa chevelure , l ' enivrait comme un philtre ; et sans qu ' elle « ût conçu l ' ombre d ' une volonté contraire aux entreprises de ce hardi chasseur , il se trouva qu ' il lui avait donné plusieurs baisers ..",
                  "id": "7",
                  "title": "Mémoires d'un frotteur sur la cour de Louis XVIII et de Charles X, revus par son fils, l'avocat, et rédigés par G. Touchard-Lafosse,.... Tome 2"
            },
            {
                  "doc_url": "https://gallica.bnf.fr/ark:/12148/bpt6k5791105w",
                  "emotions": [
                        "grief",
                        "sadness",
                        "love",
                        "nostalgia",
                        "disappointment"
                  ],
                  "excerpt": "Je sentis là , soeur et la mère dans le sein de la femme , ces types sacrés qu ' aucun autre genre d ' amour n ' efface dans les âmes complètes .Mes larmes coulèrent plus douces ; elles se tarirent dans la batiste embaumée de ce mouchoir , qu ' elle me laissa garder , couvrir de baisers et cacher dans mon sein quand sa mère rentra .On me trouva mieux .",
                  "id": "8",
                  "title": "La Filleule, par George Sand..."
            },
            {
                  "doc_url": "https://gallica.bnf.fr/ark:/12148/bpt6k54456881",
                  "emotions": [
                        "grief",
                        "love",
                        "nostalgia",
                        "gratitude",
                        "faith",
                        "disappointment"
                  ],
                  "excerpt": "Son visage si doux Rayonnait .Dieu suprême ! oh ! tu veillais sur nous ! Ces soupirs , embaumés des parfums de l ' enfance , Qui partaient de deux coeurs neufs et pleins d ' innocence , Durent être un encens pour - ta , divinité ! Tu dus de nos amours sourire avec bonté ! Je reculais toujours devant l ' aveu suprême : Et mon coeur seul disait à basse voix : je t ' aime ! Et je la regardais .Pris d ' un transport soudain , Je prononçai le mot sacré , le mot divin : Son visage rougit à cet aveu sincère ; Puis , elle m ' - écouta ^ ans peine et sans .",
                  "id": "9",
                  "title": "Puck, par Charles-Joseph-Dérisoud"
            },
            {
                  "doc_url": "https://gallica.bnf.fr/ark:/12148/bpt6k54456881",
                  "emotions": [
                        "love",
                        "optimism",
                        "desire",
                        "nostalgia",
                        "caring"
                  ],
                  "excerpt": ".un de ces coeurs Qui cherchent le parfum des femmes et des fleurs , Attendant , tous les jours , que l ' idéal descende .Ils dansèrent ensemble une valse allemande Dont le doux chant avait quelque chose d ' amer Et vous faisait rêver l ' amour à la Werther .",
                  "id": "10",
                  "title": "Puck, par Charles-Joseph-Dérisoud"
            },
            {
                  "doc_url": "https://gallica.bnf.fr/ark:/12148/bpt6k54456881",
                  "emotions": [
                        "joy",
                        "love"
                  ],
                  "excerpt": "Pourquoi nous faut - il donc , à la fange publique , Salir en grandissant l ' enfantine tunique ? Pourquoi rejetons - nous , en un jour de malheur , Comme un haillon trop vieux , notre blanche pudeur ? Oh ! comme l ' amitié remplit l ' homme novice Que n ' ont encnr taché l ' intérêt ni le vice ! Comme on aime un ami pendant ces jours parfaits Où l ' on est devant Dieu tels que Dieu nous a faits ! III Plus tard , j ' avais seize ans .Mon âme , à chaque source , Voyageuse légère , interrompait sa course , A tout vent qui passait demandait la fraîcheur , Aux beautés un sourire , un parfum h la fleur .Une femme , une vierge , au candide visage , Vint d ' une ombre d ' amour consoler mon jeune âge .",
                  "id": "11",
                  "title": "Puck, par Charles-Joseph-Dérisoud"
            },
            {
                  "doc_url": "https://gallica.bnf.fr/ark:/12148/bpt6k5805292d",
                  "emotions": [
                        "love"
                  ],
                  "excerpt": "Je suis jeune ! il me faut un baiser de jeunesse ! La lèvre rouge , le sang vif , les claires dents ! Mes yeux ne brûleront que pour des yeux ardents ! ( ai - ec exaltation .) Il le sait bien , celui qui m ' écoute ici même ; L ' amour ! mon bel amant que j ' adore et qui m ' aime ! Le doux héros , l ' archer vainqueur , le dieu joli Dont le parfum demeure aux rideaux de ce lit ! L ' Amour ! l ' Amour ! LA MÈRE Mais elle est folle ! que dit - elle ? PSYCHÉ , très exaltée .Amourl AmourI je suis l ' élue et l ' Immortelle ! LA MÈRE Elle est folle ! Bonsoir ! N ' agite pas tes bras ! Dis ce qu ' il te plaira .",
                  "id": "12",
                  "title": "Le bandeau de Psyché : comédie en un acte, en vers / Louis Marsolleau"
            },
            {
                  "doc_url": "https://gallica.bnf.fr/ark:/12148/bpt6k5805292d",
                  "emotions": [
                        "joy",
                        "love",
                        "nostalgia",
                        "excitement",
                        "gratitude",
                        "doubt",
                        "amusement",
                        "faith"
                  ],
                  "excerpt": "Et quand bleuissait l ' aurore aux croisées , Mon premier regard te retrouvait là .Ah ! du premier jour , de la première heure , C ' est toi mon seigneur , mon dieu , mon amant , Et vois - tu , je ris , je chante et je pleure Sans savoir pourquoi ni sentir comment ! L ' AMOUR Parle - moi , ma Psyché ! Je crois que tes paroles Ont un parfum ! 11 monte , — ainsi que des corolles D ' cglanline , — » de tes sourires palpitants , Une odeur de fraîcheur vivante et de printemps .LE BANDEAU DE PSYCHÉ 47 Je suis heureux ! Car moi , l ' Amour , qui flis qu ' on s ' aime , Moi qui passe , éveillant les aveux , et qui sème Pour le bonheur de tous les êtres sous les cieux - La moisson chère des baisers délicieux ; Moi par qui s ' attendrit l ' âme des vierges dures , Par qui volent , dans 1ÎS brises , sous les verdures , Au clair soleil , en la saison des renouveaux , bas essaims de désirs qui grisent les cerveaux , Moi seul , n ' avais jamais humé la moindre goutte A la coupe que j ' offre au monde et dont il goûte , El de tout l ' univers devant moi désarmé , Moi , l ' Amour ! j ' étais seul à n ' avoir pas aimé ! PSYCHÉ , coquette .",
                  "id": "13",
                  "title": "Le bandeau de Psyché : comédie en un acte, en vers / Louis Marsolleau"
            },
            {
                  "doc_url": "https://gallica.bnf.fr/ark:/12148/bpt6k411232q",
                  "emotions": [
                        "surprise",
                        "joy",
                        "love",
                        "doubt",
                        "amusement"
                  ],
                  "excerpt": "Lorsque Tumtulé eut achevé son récit , le sultan , qui sommeillait depuis un bon quart d ' heure , se ré - veilla , et dit en bâillant ce conte est assez récréa - tif , mais qu ' est - ce que cela prouve ? Puis , ainsi que l ' affirme dans ses mémoires la princesse douairière de Trébizonde , il se rendormit , se leva , se lava , dé - jeuna , dîna , soupa , et le peuple d ' Iran bénit la sa - gesse de son gouvernement .Ah ! 1 ah 1 s ' écria trois jours après le sultan , qui avait enfin compris , un prince amoureux de la lu - mitre I quelle sornette m ' avez - vous contée là , par - fum de l ' hydromel ! Sornette ! non pas , car vous aussi , mon maître , vous serez amoureux de la lumière quand la nuit vous fera défaut .FIN PAms rar .",
                  "id": "14",
                  "title": "Un philosophe en voyage / par Antonin Barthélemy"
            },
            {
                  "doc_url": "https://gallica.bnf.fr/ark:/12148/bpt6k65555284",
                  "emotions": [
                        "love",
                        "relief",
                        "calmness",
                        "caring"
                  ],
                  "excerpt": "Il me semble LU contraire que ce - seroit bien plutôt le : as d ' être ému et troublé .Un air léger dont il sent la fraîcheur laisit ce moment pour lui apporter des ) arfums , qui lui donnent un sentiment Vamour pour lui - même .Jusques - là il ne aimoit point encore .",
                  "id": "15",
                  "title": "Oeuvres de Condillac. Tome 3 / , revues, corrigées par l'auteur, imprimées sur ses manuscrits autographes et augmentées de la Langue des calculs, ouvrage posthume (publ. par G. Arnoux et Mousnier)"
            },
            {
                  "doc_url": "https://gallica.bnf.fr/ark:/12148/bpt6k853474t",
                  "emotions": [
                        "love"
                  ],
                  "excerpt": "Un jour Rudolph avait été plus tendre , et Fleur - des - Champs s ’ était prise à l ’ écouter avec moins d ’ insouciance ; la jeune fille , la tête penchée sur les genoux du gentil écuyer , abandonnait son front aux mains de son amant , qui y tressait une couronne de ne ni oubliez pas ; la Nymphe à qui le vieux Danube a confié Fleur - des - Champs sortit du fleuve escorté d ’ un groupe d ’ Ondiiies et souffla sur leurs yeux un sommeil 20 plus profond que d ’ ordinaire et moins innocent sans doute .Pendant le songe qu ’ elle leur avait envoyé et dont les émotions soulevaient leur poitrine , elle s ’ approcha d ’ eux , leur mit à chacun un anneau au doigt et maria le parfum de leurs haleines .Elle avait disparu .",
                  "id": "16",
                  "title": "La Fille du Danube, ballet-pantomime en 2 actes et 4 tableaux, par M. Taglioni, musique de M. Adolphe Adam. [Paris, Académie royale de musique, 21 septembre 1836.]"
            },
            {
                  "doc_url": "https://gallica.bnf.fr/ark:/12148/bpt6k6257782h",
                  "emotions": [
                        "grief",
                        "love",
                        "nostalgia",
                        "caring"
                  ],
                  "excerpt": "On dispose les mets et chacun peut enfin Prendre une égale part aux douceurs du festin .Faut - il oublier Andromaque et « cet enfant bien - aimé » ? Des mains du guerrier , La mère le reçoit en son sein parfumé .Homère , il est vrai , a parlé de parfum , mais c ' était d ' un autre tour ; et le son répété de l ' e muet , au premier hémistiche , avec le redoublement des r et des l rend plus sensible le sifflement du second , qui fait souvenir de Racine et de ses Euménides .",
                  "id": "17",
                  "title": "Regard en arrière : récits & souvenirs / Léon Aubineau"
            },
            {
                  "doc_url": "https://gallica.bnf.fr/ark:/12148/bpt6k57506056",
                  "emotions": [
                        "joy",
                        "love",
                        "gratitude"
                  ],
                  "excerpt": "QA U & CE * R , OSE JOYEUSE fleur d ' hier éclose , Soeur du printemps , Écoutez - moi , petite rose , Quelques instants : Voulez - vous être confidente De mon secret ? Mais , belle fleur , soyez prudente Je suis discret .Celle dont la main bien aimée Vous recevra , Celte dont la bouche embaumée Vous touchera , il 162 JULIE Celle - là dans son doux sourire A pris mon coeur , Qui cependant n ' ose le dire A son vainqueur .Comme vous elle est jeune et belle , Et , comme vous , Répand un parfum autour d ' elle Pudique et doux .",
                  "id": "18",
                  "title": "Épîtres, contes & pastorales / par Charles Reynaud ; notice biographique par A. Fabre ; portrait à l'eau-forte par Léopold Flameng ; [publié par E.-J. Savigné]"
            },
            {
                  "doc_url": "https://gallica.bnf.fr/ark:/12148/bpt6k57506056",
                  "emotions": [
                        "grief",
                        "love",
                        "nostalgia"
                  ],
                  "excerpt": "A LA FLEU < R < DU < B L É T / ioi qui t ' épanouis sans faste , Dans l ' épi barbelé , O fleur laborieuse et chaste , Petite fleur du blé , Ce n ' est pas pour toi qu ' est la gloire D ' embaumer les cheveux Et de parer le sein d ' ivoire Des belles aux doux yeux .Tu n ' iras pas , fleur bien - aimée , Paysanne sans art , Dans une chambre parfumée Mendier un regard ; Les coupes de marbre et d ' agate Sont pour les blucts bleus , A L A F I .i : U R D i : B L E Et pour le pavot écarlate , Tes voisins paresseux .",
                  "id": "19",
                  "title": "Épîtres, contes & pastorales / par Charles Reynaud ; notice biographique par A. Fabre ; portrait à l'eau-forte par Léopold Flameng ; [publié par E.-J. Savigné]"
            },
            {
                  "doc_url": "https://gallica.bnf.fr/ark:/12148/bpt6k54889972",
                  "emotions": [
                        "love"
                  ],
                  "excerpt": "En résumé , l ' amélioration , assez marquée après l ' électrolyse , ne s ' est pas maintenue .La fillette va être soumise à un massage vibratoire régulier ..",
                  "id": "20",
                  "title": "Revue internationale de rhinologie, otologie & laryngologie"
            }
      ]
}