{
      "articles": [
            {
                  "doc_url": "https://gallica.bnf.fr/ark:/12148/bpt6k56901090",
                  "emotions": [
                        "love",
                        "nostalgia"
                  ],
                  "excerpt": ".Et de douces odeurs As - tu baigné ma barbe ? ..",
                  "id": "1",
                  "title": "Morts bizarres : poèmes dramatiques ; suivis de Poésies / par Ernest Le Gouvé"
            },
            {
                  "doc_url": "https://gallica.bnf.fr/ark:/12148/bpt6k106380h",
                  "emotions": [
                        "love"
                  ],
                  "excerpt": "5o à 70 .Tronc droit ; feuilles ailées , d ' un vert tendre ; en mai et juin , Oeurs blanches en grappes pendantes , odorantes .Bois cassant .",
                  "id": "2",
                  "title": "L'art de composer et décorer les jardins. [Texte] / par M. Boitard"
            },
            {
                  "doc_url": "https://gallica.bnf.fr/ark:/12148/bpt6k30444328",
                  "emotions": [
                        "love",
                        "caring"
                  ],
                  "excerpt": "Épine - Vinette — Aigreur Son fruit est très - acide , cependant quelques personnes l ’ emploient pour faire des confitures , mais , malgré la quantité de sucre qu ’ il faut y mettre , cette conserve est toujours un peu acidulée .Eupatoire — Amour paternel Les jardiniers et les entomologistes ont soin de semer les eupatoires autour des étangs et des lacs , afin que les bords s ’ embellissent bientôt de ces plantes aquatiques dont les fleurs blanches , roses et pourpres attirent un grand nombre de jolis insectes par l ’ odeur suave de miel qu ’ elles exhalent .85 NOUVEAU LANGAGE DES FLEURS Cette plante était , dit - on , dédiée à Mithridate Eupator , roi de Pont , parce que , dans la langue grecque , Eupatoire veut dire bon père .",
                  "id": "3",
                  "title": "Nouveau langage des fleurs / par Mlle Emma Faucon"
            },
            {
                  "doc_url": "https://gallica.bnf.fr/ark:/12148/bpt6k55514750",
                  "emotions": [
                        "trust",
                        "love",
                        "caring",
                        "guilt"
                  ],
                  "excerpt": "Sous des pavillons frais fuir les feux du midi ? 100 ■ MARIANNE .Ne me repousse plus , tu m ' accables , sans doute , J ' aurais pu me montrer moins cruel , mais écoule Je t ' aime bien aussi , mais , à force d ' amour , Je veux qu ' en oubliant , tu m ' aimes à ton tour ; Des parfums les plus doux j ' embaumerai ta couche .Laisse , que je m ' enivre au souffle de ta bouche ; Viens , monte sur mon char , entends - tu la clameur Du peuple qui salue en moi son Empereur ! ( On entend de nouveaux cris au dehors : Vive Marianne , mort à Hérode .",
                  "id": "4",
                  "title": "Études dramatiques, par Édouard Salvador. Lettre à Mlle Rachel. Marianne, drame en 5 actes et en vers. Shakspeare devant les classiques et les romantiques"
            },
            {
                  "doc_url": "https://gallica.bnf.fr/ark:/12148/bpt6k5662968d",
                  "emotions": [
                        "joy",
                        "love",
                        "excitement",
                        "amusement"
                  ],
                  "excerpt": "Parfois , • des .couples s ' enlacent au son de cette musique grelottante ; novios 1 au sourire • enjôleur et novias à la sémillante tournure se prennent par la taille et tourbillonnent gaiement , les yeux dans les yeux , comme grisés par ces mélodieux accords exhalant dans l ' air de voluptueux et troublants • effluves .Les jours de fête , ces pauvres hères profitant de cette joyeuse mais trop rare aubaine , suivent à la campagne les mouneurs * espagnols et , impassibles , immoi .",
                  "id": "5",
                  "title": "La perle du Maghreb (Tlemcen) : visions et croquis d'Algérie / Charles Barbet"
            },
            {
                  "doc_url": "https://gallica.bnf.fr/ark:/12148/bpt6k30444328",
                  "emotions": [
                        "joy",
                        "love",
                        "gratitude",
                        "faith"
                  ],
                  "excerpt": "L ’ ange dont le plaisir est de soigner les fleurs Et qui , pendant la nuit , les tre ' mpe de rosée , Un jour de gai printemps , seul avec sa pensée , Sur un rosier goûta du sommeil les douceurs .A son réveil , il dit : « Que je te remercie , Toi le plus cher de mes enfants ! Pour moi ton doux parfum du ciel est l ’ ambroisie , Ton ombrage enivre mes sens ! ..",
                  "id": "6",
                  "title": "Nouveau langage des fleurs / par Mlle Emma Faucon"
            },
            {
                  "doc_url": "https://gallica.bnf.fr/ark:/12148/bpt6k57147226",
                  "emotions": [
                        "surprise",
                        "love",
                        "optimism",
                        "excitement",
                        "gratitude",
                        "disappointment"
                  ],
                  "excerpt": "Que lui confia - t - elle Aux clartés du matin ? Oui , la belle et la rose Qu ' un rayon vint dorer Se dirent quelque chose Dans un divin baiser .CETTE FOIS OU JAMAIS Jamais d ' aussi folles promesses Les brises aux vives caresses N ' ont rempli l ' air en l ' embaumant ; Jamais de tant de belles choses , De tant de fous baisers , les roses N ' ont pu rêver en s ' enflammant .Jamais d ' aussi puissants ramages N ' ont fait délirer les feuillages , io < 5 LES CHANTS DE LA MONTAGNE .",
                  "id": "7",
                  "title": "Les chants de la montagne / Édouard Schuré"
            },
            {
                  "doc_url": "https://gallica.bnf.fr/ark:/12148/bpt6k57147226",
                  "emotions": [
                        "grief",
                        "love",
                        "nostalgia"
                  ],
                  "excerpt": "Verse donc tes torrents sublimes , Et qu ' ivre , je roule aux abîmes Sous le flamboiement de tes yeux ! FLORENCE Non , tu ne trembles pas — ton âme aspire aux cimes — Alors , d ' où viens - tu donc , étrange voyageur ? Quel Esprit te conduit de sommets en abîmes ? Quel mal doux et profond couve en ton front songeur ? EOME ' o Sur la montagne bien - aimée Mes yeux s ' ouvrirent au grand jour ; SUR LA MONTAGNE .207 La forêt profonde , embaumée , Fut mon premier , mon vaste amour .Mais , jeune encor mourut ma mère , Hprs du donjon on m ' emporta ; Au loin , sur la terre étrangère , Un sombre destin me jeta .",
                  "id": "8",
                  "title": "Les chants de la montagne / Édouard Schuré"
            },
            {
                  "doc_url": "https://gallica.bnf.fr/ark:/12148/bpt6k57147226",
                  "emotions": [
                        "admiration",
                        "joy",
                        "love",
                        "nostalgia",
                        "pride",
                        "gratitude"
                  ],
                  "excerpt": "« Vois , je me consume en silence , Superbe et triste en ma beauté ; Je cherche d ' un regard intense Ma soeur depuis l ' éternité .i Mais / toi , tu n ' es pas solitaire Sur ta verte colline en fleur , Et tu prodigues à la terre Le parfum qui sort de ton coeur .EN PLAINE .",
                  "id": "9",
                  "title": "Les chants de la montagne / Édouard Schuré"
            },
            {
                  "doc_url": "https://gallica.bnf.fr/ark:/12148/bpt6k57147226",
                  "emotions": [
                        "anger",
                        "love",
                        "excitement",
                        "pain"
                  ],
                  "excerpt": "17 ] Il s ' approche et la tente s ' ouvre , Elle est cent fois plus belle encor ; Un voile transparent la couvre , Le jour caresse son beau corps .Il tombe à ses pieds et lui livre Son coeur percé de cent poignards , Le parfum de son sein l ' enivre , Il boit le feu de ces regards .Mais , soudain , la trompette sonne , On crie : Aux armes , les croisés ! La sultane en ses bras frissonne , La terreur glace leurs baisers .",
                  "id": "10",
                  "title": "Les chants de la montagne / Édouard Schuré"
            },
            {
                  "doc_url": "https://gallica.bnf.fr/ark:/12148/bpt6k57147226",
                  "emotions": [
                        "love",
                        "gratitude",
                        "caring"
                  ],
                  "excerpt": "Quand le soleil vient à reluire Tu donnes à tous ton sourire , jû LES CHANTS DE LA MONTAGNE .Fleur frêle tu ne sais qu ' aimer ! Et le zéphyr ardent qui passe Qui te caresse et qui t ' embrasse De ton parfum vient t ' embaumcr .Frémissante et toute embrasée Tu bois la vie et la rosée , Pâle dans tes premiers amours .",
                  "id": "11",
                  "title": "Les chants de la montagne / Édouard Schuré"
            },
            {
                  "doc_url": "https://gallica.bnf.fr/ark:/12148/bpt6k57147226",
                  "emotions": [
                        "love",
                        "nostalgia"
                  ],
                  "excerpt": "Ce siècle est une mascarade Et notre temps un hôpital , Et sa lourde fanfaronnade Ne vaut [ > as même lui carnaval .Les livres m ' ont parlé d ' un pays où la femme Croissait fleur de beauté , régnait parfum d ' amour Et dans le coeur de l ' homme épanchait une flamme Qui venait rejaillir en lumière au grand jour .Femmes au blanc péplos , vierges aux fronts candides Formaient les choeurs légers et les groupes splendides ; Les colonnes de marbre en vibraient à l ' ehtour .",
                  "id": "12",
                  "title": "Les chants de la montagne / Édouard Schuré"
            },
            {
                  "doc_url": "https://gallica.bnf.fr/ark:/12148/bpt6k56901090",
                  "emotions": [
                        "love",
                        "gratitude",
                        "caring"
                  ],
                  "excerpt": ".Tiens , regarde , coquette , Tiens , pour toi j ' ai paré , j ' ai parfumé ma tête , Comme une fiancée attendant son époux I ..",
                  "id": "13",
                  "title": "Morts bizarres : poèmes dramatiques ; suivis de Poésies / par Ernest Le Gouvé"
            },
            {
                  "doc_url": "https://gallica.bnf.fr/ark:/12148/bpt6k30444328",
                  "emotions": [
                        "love"
                  ],
                  "excerpt": "Marjolaine — Toujours heureux On croit en Orient que l ’ odeur balsamique de cette fleur préserve de toutes les maladies ; la superstition dit encore que la personne qui porte toujours sur elle une branche de marjolaine , n ’ éprouvera jamais aucun malheur .Dans YÉnéïde , lorsque Vénus , voulant embraser le cœur de Didon pour Énée , substitue l ' Amour au jeune Ascagne , « elle verse un doux sommeil dans les membres de l ’ enfant « ( Ascagne ) , puis l ’ emporte sur son sein et le dépose en - « dormi dans les bosquets d ’ Idalie , où la tendre marjolaine « l ’ enveloppe de son ombre et de son parfum .» La marjolaine est une espèce d ’ origan ; ses fleurs sont disposées sur quatre rangs .",
                  "id": "14",
                  "title": "Nouveau langage des fleurs / par Mlle Emma Faucon"
            },
            {
                  "doc_url": "https://gallica.bnf.fr/ark:/12148/bpt6k30444328",
                  "emotions": [
                        "love",
                        "gratitude"
                  ],
                  "excerpt": "DEMOUSTIER .NOUVEAU LANGAGE DES FLEURS 155 Rose mousseuse — Amour , Volupté Son calice est entouré d ’ une mousse d ’ un joli vert .L ’ ange dont le plaisir est de soigner les fleurs Et qui , pendant la nuit , les tre ' mpe de rosée , Un jour de gai printemps , seul avec sa pensée , Sur un rosier goûta du sommeil les douceurs .",
                  "id": "15",
                  "title": "Nouveau langage des fleurs / par Mlle Emma Faucon"
            },
            {
                  "doc_url": "https://gallica.bnf.fr/ark:/12148/bpt6k30444328",
                  "emotions": [
                        "love"
                  ],
                  "excerpt": "O toi , douce amitié , viens , reçois mon hommage ; Tu m ’ as fait dans tes bras goûter de vrais plaisirs ; Ce dieu tendre et cruel qui m ’ attend au passage Ne fait naître que des soupirs .116 NOUVEAU LANGAGE DES FLEURS Lilas — Première émotion d ’ amour C ’ est au premier printemps que le lilas épanouit ses belles grappes embaumées et signale ainsi le retour du moment où la nature , un instant endormie , va renaître plus belle et plus riche ; c ’ est alors aussi que le cœur s ’ éveille , que des sensations nouvelles l ’ agitent et qu ’ il sent un plus grand besoin d ’ aimer .Il y a quelques années encore , on voyait à Romainville et aux Prés - Saint - Gervaisdes bois de lilas , délices des habitants de Paris : aller cueillir du lilas était une fête pour tous ceux aux cœurs desquels battait encore la jeunesse .",
                  "id": "16",
                  "title": "Nouveau langage des fleurs / par Mlle Emma Faucon"
            },
            {
                  "doc_url": "https://gallica.bnf.fr/ark:/12148/bpt6k65725228",
                  "emotions": [
                        "love",
                        "nostalgia",
                        "nervousness",
                        "embarrassment"
                  ],
                  "excerpt": "Je voudrais crier , rire , pleurer , hurler des anathèmes , débiter des tirades de tragédie , je suis tout à fait fou ! Ma pauvre tête ! murmura - t - il en se pressant le front .Voyez - vous , ma bonne Rose - de - Noël , cette chambre sent l ' amour ; il me semble que j ' étouffe .Florine lui prit la main .",
                  "id": "17",
                  "title": "Rose-de-Noël, par Charles d'Héricault"
            },
            {
                  "doc_url": "https://gallica.bnf.fr/ark:/12148/bpt6k203736p",
                  "emotions": [
                        "joy",
                        "love",
                        "optimism",
                        "excitement",
                        "pride",
                        "gratitude"
                  ],
                  "excerpt": "LA JEUNE FILLE .Que je suis heureuse ! Oh l ' ivresse J ' ai dans mes tiroirs parfumés Tous mes atours les plus aimés J ' ai des éventails de princesse , Mieux peints que ceux des paons ; des fleurs Aussi roses que mes pensées , Et puis des gazes nuancées Qui font des robes de vapeurs .Certes , toutes les jeunes filles M ' envîraient ! j ' ai , les soirs d ' hiver , Des bals , où la joie est dans l ' air Des bals avec les vifs quadrilles , La foule qu ' on voit resplendir , L ' orchestre , l ' âme de là danse , Qui fait bondir quand on y pense , Et semble une voix du plaisir Des bals , avec des .",
                  "id": "18",
                  "title": "Les oiseaux de passage : poésies / par Mme Anaïs Segalas"
            },
            {
                  "doc_url": "https://gallica.bnf.fr/ark:/12148/bpt6k203736p",
                  "emotions": [
                        "love",
                        "nostalgia",
                        "gratitude",
                        "faith"
                  ],
                  "excerpt": "Que mon ange gardien me quitte et qu ' il te suive Paul FOUCIIEII .Le soir parmi l ' encens du cloeur , versez , mon ange tutélaire , Tous les parfums de votre coeur .HIPPOLYTE LUCAS .",
                  "id": "19",
                  "title": "Les oiseaux de passage : poésies / par Mme Anaïs Segalas"
            },
            {
                  "doc_url": "https://gallica.bnf.fr/ark:/12148/bd6t59900034",
                  "emotions": [
                        "love"
                  ],
                  "excerpt": "d ' or sentez - vous mon secret Qui s ' exhale en parfum iinpirissant à se taire ? Ne vous l ' ai - je pas dit que c ' était indiscret De vouloir pénétrer cet odorant mystère ? Secret d ' amour ? — Monsieur , vous avez découvert Le ' trésor enfoui dans mon ' coffret de Chine : Tendres billets , tracés de sa main longue et fine , Emplissant jusqu ' au bord leur écrin rose et vert .— Billets d ' amour ! - — trésor de mon coffret de Chine , Qu ' à son parfum , Monsieur , vous avez découvert I Ce coffret parfumé , rempli de mignardises , Monsieur , est le miroir fidèle de mon cœur .Pour Elle autant que lui je suis plein de douceur , Et mon ardent amour s ' exhale en musardises .",
                  "id": "20",
                  "title": "Les Annales de l'Ariège : journal littéraire, d'informations et d'annonces, paraissant tous les dimanches"
            }
      ]
}