{
      "articles": [
            {
                  "doc_url": "https://gallica.bnf.fr/ark:/12148/bpt6k5460034d",
                  "emotions": [
                        "admiration",
                        "love",
                        "gratitude",
                        "approval"
                  ],
                  "excerpt": ", famille des aurantiacées ou hespéridées .Orangers , arbres que j ' adore , Que vos parfums me semblent doux ! Est - il dans l ' empire de Flore Rien d ' agréable comme vous ? LA FONT .Psyché , i , p .",
                  "id": "1",
                  "title": "Dictionnaire de la langue française.... Tome 3 / par É. Littré,..."
            },
            {
                  "doc_url": "https://gallica.bnf.fr/ark:/12148/bpt6k63573275",
                  "emotions": [
                        "love"
                  ],
                  "excerpt": "— Système combiné d ' une batterie de bonbonnes et d ' une tour .odorants chargés de matières organiques .Le dispositif représenté dans la figure il est basé sur ce principe de condensation : T est le tuyau d ' évacuation des vapeurs , il est entouré en A d ' une enveloppe remplie d ' eau froide ; E .",
                  "id": "2",
                  "title": "Encyclopédie d'hygiène et de médecine publique. 6, Hygiène industrielle / par A. Layet..."
            },
            {
                  "doc_url": "https://gallica.bnf.fr/ark:/12148/bpt6k6257825t",
                  "emotions": [
                        "love",
                        "optimism",
                        "gratitude",
                        "faith"
                  ],
                  "excerpt": "Que Latone , Latone nourrice de la jeunesse , vousen accorde une brillante postérité .Que Cypris , la déesse Cypris , vous ~ donne un amour mutuel ; que Jupiter , Jupiter fils de Saturne , vour ; jfasse présent d ' une impérissable richesse , destinée à passer de nobles ! nous d ' autre - part le matin nous irons à la course et dans les feuilles des - prairies , devant cueillir des couronnes sentant bon , nous - iouvenant beaucoup de toi , Hélène , comme les agneaux nourris - de - lait désirant la mamelle de la brebis leur - mère .Ayant tressé pour toi la première une couronne de lotus qui - croît à - terre nous la suspendrons à un platane ombreux , et pour toi la première ayant pris d ' une fiole d ' argent de l ' huile liquide , nous la répandrons sous le platane ombreux ; et sur l ' écorce , des lettres auront été écrites , afin que quelqu ' un passant lise : HONORE - MOI A LA MANIÈRE DES DORIENS ; JE SUIS L ' ARBRE D ' HÉLÈNE .",
                  "id": "3",
                  "title": "Théocrite / [cet auteur a été expliqué littéralement, traduit en français et annoté, par M. Léon Régnier]"
            },
            {
                  "doc_url": "https://gallica.bnf.fr/ark:/12148/bpt6k55062r",
                  "emotions": [
                        "grief",
                        "love",
                        "nostalgia",
                        "gratitude"
                  ],
                  "excerpt": "Et puis voici mes yeux par les vôtres charmés Comme en un miroir clair où se platt une image , Vous y découvrirez à jamais imprimés Les traits harmonieux de votre cher visage .ËnHu voici mon âme où vous ava ~ semé Tous les trésors fleuris de votre cœur de femme Comme en un frais jardin , aux importuns fermés , Vous y retrouverez les parfums de votre âme .Propriété de l ' auteur .",
                  "id": "4",
                  "title": "La chanson des heures : poésie et musique / Xavier Privas ; couv. de Gaston Noury"
            },
            {
                  "doc_url": "https://gallica.bnf.fr/ark:/12148/bpt6k55062r",
                  "emotions": [
                        "admiration",
                        "love",
                        "nostalgia",
                        "pride",
                        "gratitude",
                        "caring",
                        "approval"
                  ],
                  "excerpt": "Madame , à la réalité , En songeant que la femme est le sphinx de bonté Qui dévoile aux étus les mystères du monde .Avec ce vin magique où chante la gatté Où le parfum d ' amour et de tendresse abonde , Je porte un toast , Madame , à votre sainteté , En songeant que la femme est l ' éden enchanté En qui natt .vit et meurt chaque bonheur du monde .",
                  "id": "5",
                  "title": "La chanson des heures : poésie et musique / Xavier Privas ; couv. de Gaston Noury"
            },
            {
                  "doc_url": "https://gallica.bnf.fr/ark:/12148/bpt6k96149672",
                  "emotions": [
                        "love"
                  ],
                  "excerpt": ".De ce temps - là , dataient ses belles pièces amoureuses , Savonarole , surtout , la plus passionnée de toutes , avec son grand duo traversé de clairs de lune , de parfums de rose et de trilles de rossignol .Un enthousiaste le joua au piano , au milieu de l ' émotion recueillie .",
                  "id": "6",
                  "title": "Oeuvres de Alphonse Daudet"
            },
            {
                  "doc_url": "https://gallica.bnf.fr/ark:/12148/bpt6k6340831b",
                  "emotions": [
                        "love"
                  ],
                  "excerpt": "— Inflammation de la membrane séreuse qui tapisse l ' abdomen .Si l ' affection est fort prononcée , il n ' y a rien à faire ; mais si elle est légère , le vin tiède seul ou ayant servi à une infusion de plantes aromatiques est très - souvent usité dans le pansement des plaies pâles secrétant un pus séreux et filant .Pissement de sang .",
                  "id": "7",
                  "title": "Encyclopédie générale du XIXe siècle. Manuel du citoyen français, guide... pour les affaires civiles et commerciales... Nouvelle... édition... augmentée..."
            },
            {
                  "doc_url": "https://gallica.bnf.fr/ark:/12148/bpt6k5695270t",
                  "emotions": [
                        "love",
                        "doubt"
                  ],
                  "excerpt": "Une troupe ailée de papillons voltige au milieu de cette prairie ; ils se posent sur les bords d ' un calice éblouissant , s ' enivrent de ses parfums , le caressent avec amour de leurs ailes dorées , et bientôt , entraînés par le zéphir , vont porter plus loin leur inconstant hommage .La fleur abandonnée se fiétrira - t - elle ? Non , car un autre zéphir lui rapporte un amant auquel elle prodigue de nouveaux parfums en échange de ses baisers ..",
                  "id": "8",
                  "title": "Sortir d'un rêve. Tome 2 / par Eugène de Mirecourt"
            },
            {
                  "doc_url": "https://gallica.bnf.fr/ark:/12148/bpt6k5695270t",
                  "emotions": [
                        "love",
                        "optimism",
                        "caring"
                  ],
                  "excerpt": "Frêle et timide créature , née pour aimer et souffrir , nous lui demandons du bonheur ; nous flat - 526 DERNIER ESPOIR .tons son oreille de douces paroles de tendresse ; nous lui faisons entrevoir un avenir de roses et de parfums ..",
                  "id": "9",
                  "title": "Sortir d'un rêve. Tome 2 / par Eugène de Mirecourt"
            },
            {
                  "doc_url": "https://gallica.bnf.fr/ark:/12148/bpt6k9629763j",
                  "emotions": [
                        "love"
                  ],
                  "excerpt": "Plante ligneuse , grimpante .Fleurs blanches lavées de rose , odorantes .Terre légère .",
                  "id": "10",
                  "title": "Traité du jardinage pour tous, suivi de quelques cultures spéciales, par M. Boncenne,..."
            },
            {
                  "doc_url": "https://gallica.bnf.fr/ark:/12148/bpt6k9629763j",
                  "emotions": [
                        "love"
                  ],
                  "excerpt": "Multiplication de boutures faciles en pleine terre .TUSSILAGE ODORANT ( hardosmm , héliotrope d ' hiver ) .Plante traçante , vivace .",
                  "id": "11",
                  "title": "Traité du jardinage pour tous, suivi de quelques cultures spéciales, par M. Boncenne,..."
            },
            {
                  "doc_url": "https://gallica.bnf.fr/ark:/12148/bpt6k9629763j",
                  "emotions": [
                        "love"
                  ],
                  "excerpt": "C .grandiflorus à fleurs plus blanches et beaucoup plus grandes , également odorantes .Pleine terre de bruyère .",
                  "id": "12",
                  "title": "Traité du jardinage pour tous, suivi de quelques cultures spéciales, par M. Boncenne,..."
            },
            {
                  "doc_url": "https://gallica.bnf.fr/ark:/12148/bpt6k9629763j",
                  "emotions": [
                        "love"
                  ],
                  "excerpt": "Arbrisseau toujours vert .Fleurs petites , blanches , axillaires et très odorantes .Terre légère mélangée de terre de bruyère .",
                  "id": "13",
                  "title": "Traité du jardinage pour tous, suivi de quelques cultures spéciales, par M. Boncenne,..."
            },
            {
                  "doc_url": "https://gallica.bnf.fr/ark:/12148/bpt6k61590560",
                  "emotions": [
                        "admiration",
                        "love",
                        "gratitude"
                  ],
                  "excerpt": "La grâce souriante éclaire ton festin .Le parfum de ton coeur gagne comme ton vin , Ta parole a le suc des sagesses mûries .Le fruit de ta raison enrichit tes discours ; Et l ' on rêve , à revoir , des hommes des vieux jours , Qui revivaient trois fois leurs saisons refleuries .",
                  "id": "14",
                  "title": "Poésies de Benoît Arnaud (publiées par Aimé Camp)"
            },
            {
                  "doc_url": "https://gallica.bnf.fr/ark:/12148/bpt6k5818766v",
                  "emotions": [
                        "love"
                  ],
                  "excerpt": "Plante de la famille des Myrtacées .Synonymie : Myrte de la Jamaïque , Myrte toute épice , Myrte pimerit , Bois d ' Inde , Bois d ' Amour , Bois odorant .Habitat : Antilles .",
                  "id": "15",
                  "title": "Les Plantes alexitères de l'Amérique, par Henri Bocquillon-Limousin,..."
            },
            {
                  "doc_url": "https://gallica.bnf.fr/ark:/12148/bpt6k883345k",
                  "emotions": [
                        "disgust",
                        "love",
                        "nostalgia",
                        "disappointment"
                  ],
                  "excerpt": "Je consentis , pour en Finir , Et surtout pour n ’ ètre pas cause Que mon héritier à venir Eût une marque de la chose .Déguisant mal un haut - le - cœur , J ’ en mis sur une assiette plate : Je vous laisse à penser l ’ odeur De cette chère délicate ! Puis , résigné , mais non content , Je lui portai la friandise , DU NEUF ET DU VIEUX .Rien que par le fumet comptant La guérir de sa gourmandise .",
                  "id": "16",
                  "title": "Du neuf et du vieux : contes et mélanges / Frère Jean"
            },
            {
                  "doc_url": "https://gallica.bnf.fr/ark:/12148/bpt6k5428566g",
                  "emotions": [
                        "love",
                        "caring"
                  ],
                  "excerpt": "En résumé , cette femme , après avoir présenté une paralysie de la langue , et des signes passagers d ' une paralysie du moteur oculaire commun à droite , a été prise un mois plus tard des mêmes phénomènes paralytiques du côté de l ' oeil gauche et de la perte du goût et de l ' odorat à droite .A quelle affection avonsnous affaire ? Plusieurs nerfs crâniens sont intéressés chez notre malade , et quelques - uns ont une origine assez éloignée l ' un de l ' autre , par exemple l ' hypoglosse et le nerf olfactif .De plus , il n ' est aucune raison pour ne pas supposer une lésion du moteur oculaire commun gauche , car toutes les branches du nerf ont été prises .",
                  "id": "17",
                  "title": "Syphilis héréditaire de l'âge adulte / Dr Edmond Fournier"
            },
            {
                  "doc_url": "https://gallica.bnf.fr/ark:/12148/bpt6k9798921r",
                  "emotions": [
                        "joy",
                        "love",
                        "optimism",
                        "gratitude"
                  ],
                  "excerpt": "L ' Orient se colore , « De tous les feux du jour ; .La radieuse aurore Ses effluves d ' amour ; Sur la couche mouvante Qui couvre les déserts .Le roi de l ' univers Etend sa robe ardente , Parmi mon troupeau roux J ' ai deux jeunes chamelles Jumelles , Au poil blanc et doux : Leur marche régulière Comme un constant roulis , Berce ma chamellère La fleur des Osmanlis .",
                  "id": "18",
                  "title": "La renaissance du gai ménestrel : chansonnier nouveau / par MM. Halbert d'Angers, J. A. Sénéchal, Joseph Goizet... [et al.]"
            },
            {
                  "doc_url": "https://gallica.bnf.fr/ark:/12148/bpt6k6290148b",
                  "emotions": [
                        "grief",
                        "love"
                  ],
                  "excerpt": "Car il avait conservé l ' habitude de monter , sitôt éveillé , à cette chambre désormais inhabitée , où , tant de fois , il avait amoureusement servi sa belle servante .Il se jetait sur le lit , respirait l ' odeur des draps , baisait passionnément ce traversin où la tête chérie s ' était posée .Et puis il s ' en allait , pliant l ' échiné et soupirant , purger des perroquets , sinapiser des levrettes , ausculter des chats pulmoniques .",
                  "id": "19",
                  "title": "La Fortune de Fortuné, roman gai... / Pierre Billotey"
            },
            {
                  "doc_url": "https://gallica.bnf.fr/ark:/12148/bpt6k1132632",
                  "emotions": [
                        "grief",
                        "sadness",
                        "love",
                        "nostalgia",
                        "gratitude"
                  ],
                  "excerpt": "regardent comme si elles avaient quelque secret à me conf er , alors qu ' elles n ' en hermétisent aucun ? .Non O Nuit , ma vierge sombre aux yeux de violette , emporte - moi vers le balcon où s ' enroulent les muscats et les viornes où s ' accoude mon Aimée , vers la chambre très vieille , vers les courtines fleuries qui défendent , de leurs plis parfumés , le sommeil de mon Aimée .SCHERZO FALOT A tandis qu ' ils bruissent , inconscients de la claivoyance qui s ' éveille en mes yeux comme embrumés de songe , je perçois mon double , engaîné d ' une lueur capucine et rose , s ' enfoncer à reculons , dans un immobile jardin planté de froides floraisons de cristal qu ' interrompent des jets de vif - argent dont la fusée rigide retombe , en tintements sombres , dans des bassins de porphyre pareils à du sang gelé .",
                  "id": "20",
                  "title": "Thulé des brumes / Adolphe Retté ; portrait à l'eau-forte par E. H. Meyer"
            }
      ]
}