{
      "articles": [
            {
                  "doc_url": "https://gallica.bnf.fr/ark:/12148/bpt6k35586q",
                  "emotions": [
                        "joy",
                        "disgust",
                        "love",
                        "gratitude",
                        "faith"
                  ],
                  "excerpt": "IRIS tkè .odorante Iris adoratisslma .Jacq .",
                  "id": "1",
                  "title": "L'ami des jardins, ou Recueil des nouvelles plantes potagères et d'agrément, des nouveaux arbres fruitiers, plantes bulbeuses et oignons à fleur, des arbres, arbustes et arbrisseaux nouveaux, propres à décorer les jardins et les paysages . Par François Mériale,..."
            },
            {
                  "doc_url": "https://gallica.bnf.fr/ark:/12148/bpt6k58325359",
                  "emotions": [
                        "love"
                  ],
                  "excerpt": ", malw ™ zotl ; c ; S LAURIER - CERISE , feuilles du Prunus ( Odeur prononcée d ' acide prussique ; saveur analogue à celle d , s f Huile essentielle • acide prussique < gUt , V = XXX ■ g Lauro - Cerasus .L 1 amandes amères s ^ jriniînvnnnrviMinru A - , l Liquide , transparent , incolore • odeur forte .pénétrante , nui élour - 1 ( Les oxides de mercure , d ' antimoine , etc .",
                  "id": "2",
                  "title": "Nouvelles Règles sur l'art de formuler, avec une division méthodique des médicamens... par Jh Briand,..."
            },
            {
                  "doc_url": "https://gallica.bnf.fr/ark:/12148/bd6t53811084",
                  "emotions": [
                        "love"
                  ],
                  "excerpt": "Les girofles doivent être lourds , d ’ un brun clair , d ’ une odeur aromatique agréable , d ’ une saveur âcre et piquante .Les plus estimés viennent des Grandes - Indes ; ceux d ’ Amérique et de l ’ île de Bourbon n ’ ont point une saveur aussi agréable .C ’ est spécialement dans l ’ archipel des Moluques que la culture du giroflier est en quelque sorte confinée , et par conséquent ce sont les Hollandais qui ont presque le monopole du commerce de cette épice .",
                  "id": "3",
                  "title": "Éléments d'histoire naturelle médicale.... Tome 3,Partie 2 / par Achille Richard,..."
            },
            {
                  "doc_url": "https://gallica.bnf.fr/ark:/12148/bpt6k54599163",
                  "emotions": [
                        "grief",
                        "love",
                        "nostalgia",
                        "disappointment"
                  ],
                  "excerpt": "Sur le dolmen jad ' s plus d ' un fut massacré ; Mais le temps a passé sur le front de la pierre ; Mais la pluie a lavé le sang et la poussière ! II Le ciel s ' est assombri ; l ' horizon s ' est fermé , Ht la grande forêt pleure comme une veuve .Ici mourut Irma : son beau corps parfumé Roula , souple , dans l ' eau du fleuve , • Car , druidesse , elle avait aimé ! „ .C ' était un beau soir de septembre : La rose , avant que de mourir , Exhalait des arômes d ' ambre Dans le bois qui la vit fleurir ; Vieille Gaule .",
                  "id": "4",
                  "title": "Oiseaux de passage : rimes fantastiques, rimes d'ébène / Stanislas de Guaita"
            },
            {
                  "doc_url": "https://gallica.bnf.fr/ark:/12148/bpt6k5821680w",
                  "emotions": [
                        "love",
                        "gratitude",
                        "caring"
                  ],
                  "excerpt": "Des montagnes la lune a déchiré les voiles ; Elle se lève aux cieux , et les blondes étoiles Qui marchent sans connaître et le sud et le nord Lui tressent de leurs feux une couronne d ' or .Voici l ' heure où la fleur qui déborde d ' ivresse Sur les ailes du vent déverse sa tendresse 132 Et fait monter au ciel ses parfums pénétrants .L ' oiseau dort , le grillon s ' égare à travers champs , Et va de son cri - cri charmer le voisinage .",
                  "id": "5",
                  "title": "Les Baigneuses, par Antony Dessaix. Cascades de sonnets. Dans les petits chemins. Au clair de lune"
            },
            {
                  "doc_url": "https://gallica.bnf.fr/ark:/12148/bpt6k55007708",
                  "emotions": [
                        "love"
                  ],
                  "excerpt": "uliérement dus \" à dès - puissances - qui agissent ^ fúr , ìê - iyitême - nerveux v telles , que .les passions de í > me ; ( a ) , , , les odeurs particulières , ou à des .substances irritantes , , , - téjles .",
                  "id": "6",
                  "title": "Élémens de médecine pratique de M. Cullen ,... traduit de l'anglais sur la quatrième et dernière édition, avec des notes dans lesquelles on a refondu la Nosologie du même auteur... par M. Bosquillon,..."
            },
            {
                  "doc_url": "https://gallica.bnf.fr/ark:/12148/bpt6k5620822b",
                  "emotions": [
                        "admiration",
                        "joy",
                        "love",
                        "pride",
                        "gratitude",
                        "calmness",
                        "faith"
                  ],
                  "excerpt": "Votre sourire plein de charmes De vos deux lèvres fait deux fleurs , Et pourrait essuyer les larmes Si l ' oeil qu ' il berce était en pleurs .Votre coeur est comme une rose Dont le doux parfum est l ' amour , Votre âme est une perle éclose D ' un rayon du divin séjour .En vous , où tout respire l ' ange , La grâce aimable et la beauté Forment un délicat , mélange , Qui sourit à l ' oeil enchanté .",
                  "id": "7",
                  "title": "Premières lueurs. Poésies, par Adolphe Carcassonne,..."
            },
            {
                  "doc_url": "https://gallica.bnf.fr/ark:/12148/bpt6k6112430v",
                  "emotions": [
                        "love",
                        "gratitude"
                  ],
                  "excerpt": "Le vent des nuits soupire et verse à flots l ' ivresse ; On respire l ' amour sous les cieux embaumés .Chaque brise , en passant , nous donne une caresse , Et l ' air tiède est rempli de baisers parfumés .Qu ' il est bon d ' être jeune et qu ' il est doux de vivre , De sentir dans son coeur palpiter le désir , D ' être plein d ' espérance et de pouvoir choisir Parmi tous les sentiers de la vie , et de suivre Ce brillant feu - follet qu ' on nomme le plaisir , Et d ' avoir un cheval , une maîtresse , un livre ! 15 1 1 4 ÉPIS ET BLUETS .",
                  "id": "8",
                  "title": "Épis et bluets, poésies. Préface par Eugène Pelletan... / Pierre Caillet"
            },
            {
                  "doc_url": "https://gallica.bnf.fr/ark:/12148/bpt6k9768157s",
                  "emotions": [
                        "love"
                  ],
                  "excerpt": "Un matin , itandis que le capitaine , étendu sur un lit de repos , lisait , en attendant le déjeuner , la Vie très horrifique de Pantagrucl , et que son frère prenait une leçon de guitare sous la direction de signor Uberto Vinibella , un laquais vint annoncer à Bernard qu ' une vieille très proprement habillée l ' attendait dans la salle basse , et que , d ' un air de mystère , elle avait demandé à l ' entretenir .Il descendit aussitôt , et reçut des mains tannées d ' une vieille , qui n ' était ni Marthe ni Camille , une lettre qui répandait un doux parfum : elle était scellée avec un fil d ' or et un large cachet de cire verte , sur lequel , au lieu d ' armoiries , on ne voyait qu ' un Amour mettant le doigt sur sa bouche , avec cette devise castillane : CALLADI .Il l ' ouvrit , et n ' y trouva qu ' une seule ligne en espagnol , qu ' il eut quelque peine à comprendre : Esta noche , una dama espéra à T .",
                  "id": "9",
                  "title": "Diane de Turgis : chronique du règne de Charles IX / Prosper Mérimée,... ; illustrations de Édouard Toudouze"
            },
            {
                  "doc_url": "https://gallica.bnf.fr/ark:/12148/bpt6k5452433q",
                  "emotions": [
                        "love",
                        "faith"
                  ],
                  "excerpt": "Ce fut un rayonnement de feux blonds dans l ' ombre .D ' un élan , Marthe prit à pleins bras la déesse , et la coucha sur les draps odorants .Dans la chambre obscure , il n ' y avait plus que ce corps nu et frémissant de femme blonde , irradiant sa lumière , éblouissant comme un brasier dans la nuit .",
                  "id": "10",
                  "title": "Un mort vivait parmi nous : roman (9, 9e édition) / Jean Galmot"
            },
            {
                  "doc_url": "https://gallica.bnf.fr/ark:/12148/bpt6k9363517",
                  "emotions": [
                        "love"
                  ],
                  "excerpt": "Des promeneurs passaient sous l ’ avenue aux ombrages épais , qui avoisinait le square de la ville .C ’ étaient des couples tendrement enlacés , causant à voix basse , alanguis par cette nuit brillante où se trainait de temps à autre une brise moite chargée de senteurs fortes , et qui frôlait délicieusement la chair comme les lèvres tièdes d ’ une amante .L ’ appartement occupé par M .",
                  "id": "11",
                  "title": "Le gardien du square / par Maurice Duval"
            },
            {
                  "doc_url": "https://gallica.bnf.fr/ark:/12148/bpt6k9613305k",
                  "emotions": [
                        "disgust",
                        "love",
                        "excitement"
                  ],
                  "excerpt": "Longtemps après , sa famille voit arriver un visiteur étrange ; c ' est le malheureux qu ' on croyait mort .Il n ' a plus rien d ' humain ; il frotte l ' une contre l ' autre deux pierres à l ' état brut , et ses yeux étincellent en voyant l ' éclat jaillir sous le frottement ; dans ses paroles , aussi brillantes que les métaux et comme odorantes des senteurs sauvages de la forêt , se trahit un cœur fait à l ' image des rochers auxquels il a voué ses affections , un cœur désormais de pierre pour les hommes .De la légende , Louis Tieck , en artiste lettré , a tiré , on le voit , une morale d \\ me application tout humaine ; mais le sentiment populaire , beaucoup plus simple , plus mêlé à la nature , peut se résumer ainsi : la vallée est bénie , mais la montagne est maudite .",
                  "id": "12",
                  "title": "Mélanges critiques : Victor Hugo, Edgar Quinet, Michelet, Edmond About / Émile Montégut"
            },
            {
                  "doc_url": "https://gallica.bnf.fr/ark:/12148/bpt6k5714694b",
                  "emotions": [
                        "grief",
                        "sadness",
                        "love"
                  ],
                  "excerpt": "De l ' oiseau du palmiste entends le joyeux cri .- H - Sur les boutons éclos le papillon se pose , Des perles de rosée ont couronné la rose : Pleurs en ton sein versés , pauvre reine d ' un jour ! Nous voici seuls enfin dans l ' immense nature Un pénétrant parfum monte de la verdure , Et nos deux coeurs émus chantent l ' hymne d ' amour .Mars 186 ; .",
                  "id": "13",
                  "title": "Primevères : poésies / Ch. Seguy Villevaleix"
            },
            {
                  "doc_url": "https://gallica.bnf.fr/ark:/12148/bpt6k9687756f",
                  "emotions": [
                        "love",
                        "nostalgia"
                  ],
                  "excerpt": "Mais toutes au milieu de la verdure finement dentelée de la jardinière , éclatent de toute la richesse de leurs tons , et offrent le beau spectacle de leurs teintes variées à l ' infini , de la délicatesse de leurs corolles , de la nervure ingénieuse et inimitable de leurs petites feuilles .C ' est parce que toutes sont d ' une jolie délicatesse que la Parisienne les aime , c ' est parce qu ' elles lui rappellent sa vivante et délicieuse image en un frêle et délicat symbole , qu ' elle les caresse lentement , qu ' elle aspire jusqu ' à en défaillir de bonheur leurs senteurs diverses et compliquées .Nue entièrement elle se sent plus près encore d ' elles , au long de ses poignets fragiles monte la simple caresse des pétales , elle se sent fleur elle - même , une belle fleur de chair ardente et voluptueuse .",
                  "id": "14",
                  "title": "Les Beautés de la femme : photographies d'après nature à l'usage des artistes"
            },
            {
                  "doc_url": "https://gallica.bnf.fr/ark:/12148/bpt6k96106686",
                  "emotions": [
                        "love"
                  ],
                  "excerpt": "Ainsi donc le divin amour supplante et assubjettit les affections et passions , les destournant de la fin à laquelle l ' amour - propre les veut porter , les contournant à sa pretention spirituelle .Et comme l ' arc - en - ciel touschant l ' aspalatus , lu y oste son odeur , et luy en donne une plus excellente ; aussi l ' amour sacré touschant nos passions , leur oste leur fin terrestre , et leur en donne une celeste .L ' appetit de manger est rendu grandement spirituel , si avant que de le prattiquer on luy donne le motif de l ' amour .",
                  "id": "15",
                  "title": "Oeuvres complètes de saint François de Sales,.... Introduction à la vie dévote"
            },
            {
                  "doc_url": "https://gallica.bnf.fr/ark:/12148/bpt6k62788819",
                  "emotions": [
                        "admiration",
                        "love",
                        "calmness"
                  ],
                  "excerpt": "Aussi pendant la belle saison , vous êtes pluiot une promenade qu ' un passage .L ' air frais et parfumé que vous donnez à très - bon compte à ceux qui vous fréquentent , fera peut - être de vous le rendez - vous des Plaisirs et des Amours .Si vous n ' y prenez .",
                  "id": "16",
                  "title": "Les cinq ponts de Paris en conversation, à l'occasion du couronnement de l'empereur"
            },
            {
                  "doc_url": "https://gallica.bnf.fr/ark:/12148/bpt6k55007708",
                  "emotions": [
                        "love"
                  ],
                  "excerpt": "7S .La syncope hystérique , produite par des affections légères ie l ' ame , ou par des odeurs que l ' on regarde communément comme agréables , telles que celles du musc , de l ' ambre , de la rose .8 \" .",
                  "id": "17",
                  "title": "Élémens de médecine pratique de M. Cullen ,... traduit de l'anglais sur la quatrième et dernière édition, avec des notes dans lesquelles on a refondu la Nosologie du même auteur... par M. Bosquillon,..."
            },
            {
                  "doc_url": "https://gallica.bnf.fr/ark:/12148/bpt6k84148v",
                  "emotions": [
                        "love"
                  ],
                  "excerpt": "raçéti & cation , qu ' il sufSt .d ' exposer à t ' ardeur du soleil un baril contenant un tiers de vin mêlé à un peu de bon vinaigre , pour le convertir ) en quelques jours , en un vinaigre très - fort et très - aromatique .3 ° La présence du ferment est aussi d ' cne nécessité absolue ; car de ra ! cool étendu d ' eau , et se trouvant dans les circonstances prece ~ dentés , ne fermente jamais , si Fon y ajouta de la ! eyure de bierre , ou tout autre ferment , il se convertit en vinaigre .",
                  "id": "18",
                  "title": "Manuel théorique et pratique du vinaigrier et du moutardier / par M. Julia Fontenelle,..."
            },
            {
                  "doc_url": "https://gallica.bnf.fr/ark:/12148/bpt6k9609002w",
                  "emotions": [
                        "admiration",
                        "love",
                        "pride"
                  ],
                  "excerpt": "Cette grappe de cipre croît aux vignes d ' Engaddi , qui sont tres - belles , & dont le raisin est excellent .L ' A - mante compare son Bien - aimé à la bonne odeur , & à la rare vertu du beaume , à l ' agrément , & à la force du vin , pour exprimer sous ces figures , que qui par le goût interieur de Dieu , a apris à se plaire en lui , ne peut plus trouver de plaine VERS .TJ .",
                  "id": "19",
                  "title": "Le Cantique des cantiques de Salomon , interpreté selon le sens mistique & la vraie representation des etats interieurs"
            },
            {
                  "doc_url": "https://gallica.bnf.fr/ark:/12148/bpt6k1091583z",
                  "emotions": [
                        "admiration",
                        "joy",
                        "love",
                        "excitement",
                        "gratitude"
                  ],
                  "excerpt": "Beau porphyre , Diamant , Voix chère à Ta me Fleur éclose Un matin .Douce chose , Frais parfum , Rêve de flamme ! Voix touchante , Pour Farnant ; Chante , chante Tendrement , Voix chère à l ’ âme ! Sans mélange , En ce jour , Viens , bel ange , Viens , amour , Rêve de flamme ! — 27 — XI HYMNE AU PRINTEMPS Revêtant au Printemps ses parures de reine , La nature s ’ éveille en sa grandeur sereine .De la voûte d ’ azur , l ’ astre roi , radieux , Confond dans un baiser et la terre et les cieux .",
                  "id": "20",
                  "title": "Printemps. Recueil de poésies, par Gaston Boissier"
            }
      ]
}