{
      "articles": [
            {
                  "doc_url": "https://gallica.bnf.fr/ark:/12148/bpt6k56027118",
                  "emotions": [
                        "admiration",
                        "love",
                        "pride",
                        "gratitude",
                        "envy",
                        "caring"
                  ],
                  "excerpt": "Je crois , je dis plus , je sais que la source des nobles émotions n ' est point épuisée ; qu ' il y a , dans toutes les conditions , des hommes et des femmes du plus admirable mérite .Il y a des coeurs plus précieux que tous les trésors de l ' univers , des coeurs qu ' il faudrait enchâsser comme des perles fines , des coeurs qui seraient des ornements au ciel ! Il y a des âmes plus rayonnantes de hantes qualités que le soleil de lumière , des âmes dont toute l ' existence est un parfum continuel ! Je suis sûr qu ' il y a des êtres dans lesquels ceque nous appelons défaut , se trouve dans le fond la vertu la plus sublime .Leur regard et leur sourire se fixent quelquefois sur la terre ; quelque chose de leur intérieur se penche même vers la créature ^ mais le divin de leur âme et le brûlant de leur coeur demeurent dans le ciel : ainsi la tour de Pise s ' incline , mais elle ne tombe pas .",
                  "id": "1",
                  "title": "Mal et remède, ou De ce qui tue la société en France et de ce qui peut la faire vivre, par F. Malaurie,..."
            },
            {
                  "doc_url": "https://gallica.bnf.fr/ark:/12148/bpt6k7506277q",
                  "emotions": [
                        "love"
                  ],
                  "excerpt": "Louis BesMa 88 îd » \" m lCtI termes : Je n admets l ' emploi - du parfum chez la femme que lorsqu ' elle se prépare à célébrer le saint sacrifice de l ' Amour .Le parfum , en effet , n ' ajoute rien à ses charmes naturels , mais H ajoute une plus douce ivresse aux charmes déjà si exquis de 1 Amour .Voici une véritable consultation signé .",
                  "id": "2",
                  "title": "La Lanterne : journal politique quotidien"
            },
            {
                  "doc_url": "https://gallica.bnf.fr/ark:/12148/bpt6k11874287",
                  "emotions": [
                        "love",
                        "nostalgia"
                  ],
                  "excerpt": "Elle ramassa quelques - uns des pétales de magnolia tombés à terre .Ses yeux allaient de moi aux feuilles odorantes .Elle en arracha deux qu ’ elle baisa , puis elle me les donna .",
                  "id": "3",
                  "title": "Amours parisiens / Charles Diguet"
            },
            {
                  "doc_url": "https://gallica.bnf.fr/ark:/12148/bpt6k97863048",
                  "emotions": [
                        "sadness",
                        "love",
                        "nostalgia"
                  ],
                  "excerpt": "Que de cœurs soupirent à cette heure , qne d ' âmes n ' ont d ' autre confident que ton pâte et beau visage ; les âmes délicates se confient ' à toi comme à une sœur compàtissante .0 soleil de la nuit souffrante et voluptueuse , mélancolique amante , que de fleurs qui redoutent la lumièi ^ trop forte du jour , n ' éclosent qu ' à ta douce clar ' tll et n ' envoient qu ' alors au ciel leurs chastes parfums , humbles désirs et timides pensées des cœurs vierges .0 pâle lune , sous ton doux empire , le monde se repose des agitations du jour , la .",
                  "id": "4",
                  "title": "Le pèlerinage du monde / par Paul de Magny"
            },
            {
                  "doc_url": "https://gallica.bnf.fr/ark:/12148/bpt6k54611201",
                  "emotions": [
                        "love"
                  ],
                  "excerpt": "Nos bras mélodieux vers l ' azur sont tendus Et nous livrons aux vents nos lèvres d ' amarantes .- 67Des - 67Des brillants de papillons y viennent boire L ' odorante douceur des baisers rajeunis , Sur nos seins renaissants qu ' une déesse moire Les séraphins en pleurs posent leurs luths bénis .La brise ouvre son âme aux herbes qui nous vêtent , Un peu de ciel nous dore et les chênes nous font Des arceaux de verdure heureuse où les fauvettes Piquent , comme des fleurs enflammées , leurs nids blonds .",
                  "id": "5",
                  "title": "L'angelus des sentes / Michel Abadie"
            },
            {
                  "doc_url": "https://gallica.bnf.fr/ark:/12148/bpt6k54469320",
                  "emotions": [
                        "love",
                        "nostalgia"
                  ],
                  "excerpt": "Kilo était blondo aussi , avait dos yeux bleus d ' un émail sec .Guénod l ' épousa solennellement deux ans après avoir fait son honorable connaissance , et co fut alors qu ' ils déposèrent sur le satin le bouquet de ces fleurs d ' oranger qui n ' exhalaient plus , selon l ' expression de Guénod , qu ' un parfum do vaguo souvenir .C ' était encore une jolie fillette quo Mlle Lucilia Pigegruo le jour de son mariage , dans la robe blanche qui lui servait le soir môme au théâtre , mais elle sécha vite , devint nerveuse , acariâtre , et no parla plus que d ' argent au lieu de parler d ' amour .",
                  "id": "6",
                  "title": "La tournée dramatique : études humaines / par Edgar Monteil"
            },
            {
                  "doc_url": "https://gallica.bnf.fr/ark:/12148/bpt6k9746425p",
                  "emotions": [
                        "admiration",
                        "joy",
                        "love",
                        "excitement",
                        "gratitude",
                        "caring"
                  ],
                  "excerpt": "Petit , 4 546 .le remercier , une lettre enthousiaste : « Quand ce parfum suave qui s ' exhale de l ' humble famille des Frères Mineurs comme d ' une prairie verdoyante tout émaillée des lys les plus odorant eut embaumé de ses délices les plus intimes replis de votre âme , vous voulûtes nous offrir un témoignage de votre affection et vous nous demandâtes avec instance de vous donner entièrement corrigés ces sermons que la négligence des écrivains et des imprimeurs avait affreusement dénaturés jusqu ' ici ' » .Des éditions ainsi préparées , ainsi exécutées et ainsi approuvées ne méritent - elles pas toute notre confiance ? Jean de Vingle a donné à Lyon en 1498 la première en date des éditions qui nous sont connues .",
                  "id": "7",
                  "title": "Olivier Maillard, sa prédication et son temps : étude sur la chaire et la société françaises au quinzième siècle / par M. l'abbé Alexandre Samouillan,..."
            },
            {
                  "doc_url": "https://gallica.bnf.fr/ark:/12148/bpt6k58158119",
                  "emotions": [
                        "love"
                  ],
                  "excerpt": "Quand la suppuration est le terme fatal auquel elles doivent aboutir , elles s ' y acheminent très - rapidement et déterminent un état adynamique particulier de l ' organisme , analogue à celui qu ' on observe dans le cas d ' infiltration urineuse .Ce n ' est pas , du reste , le seul point de contact qu ' elles aient avec cette affection ; la marche , la — 68 — couleur des tissus et surtout l ' aspect du pus produit qui est séreux , à odeur urineuse , entraînant des débris noirâtres , avaient déterminé Civiale à ouvrir rapidement , comme il le faisait , dans le casd ' épanchement d ' urine .Le plus habituellement les articulations ou autres parties atteintes suppurent ; il est cependant des cas , au dire du même auteur , où la suppuration ne serait pas fatale et où tout se passerait comme dans une simple arthrite .",
                  "id": "8",
                  "title": "Résorption urineuse et urémie dans les maladies des voies urinaires, contribution à l'étude du traitement de la pierre dans la vessie, par le Dr Jules Girard,..."
            },
            {
                  "doc_url": "https://gallica.bnf.fr/ark:/12148/bpt6k6528367n",
                  "emotions": [
                        "love"
                  ],
                  "excerpt": "Le jetage blanc jaunâtre , résulte d ' une affection des voies respiratoires dont on peut généralement apprécier la gravité par l ' examen de la physionomie ; lorsqu ' il est verdâtre , huileux , adhérent aux ailes du nez , il peut être un caractère de morve , surtout s ' il ne sort que d ' un côté .Le jetage odorant , quand il n ' existe pas de maladie aiguë , provient d ' une collection purulente des sinus ; c ' est une affection grave .- Le chanfrein n ' offre pas de tare grave .",
                  "id": "9",
                  "title": "Etude de l'exploitation du cheval ou Exposé général des connaissances qui servent à le connaître, à l'utiliser et à l'améliorer, par P. Le Hello,..."
            },
            {
                  "doc_url": "https://gallica.bnf.fr/ark:/12148/bpt6k97863048",
                  "emotions": [
                        "love",
                        "nostalgia",
                        "gratitude",
                        "doubt"
                  ],
                  "excerpt": "Comme un vierge bouton entr ' onvert au désir Rose fermée encor , qu ' on croit qui se décèle , Ainsi vous demeurez , ô charmante et cruelle , Toujours vierge à mon âme et belle d ' avenir .Que d ' hivers ont passé cependant sur les roses ) Et que sont devenus tant de grâces décloses - De parfums emportés aux vents aveuturcux ? - - * , Mais votre beauté sainte , ô douce créature , Sans cesse rajeunie en mon sein amoureux Luit d ' un éclat plus tendre et d ' une odeur plus pure .Albion .",
                  "id": "10",
                  "title": "Le pèlerinage du monde / par Paul de Magny"
            },
            {
                  "doc_url": "https://gallica.bnf.fr/ark:/12148/bpt6k883877x",
                  "emotions": [
                        "love",
                        "nostalgia",
                        "gratitude"
                  ],
                  "excerpt": "Violette : Modestie , Mérite caché .Qui ne connaît la jolie petite violette et son parfum suave ? ■ w DES PLANTES ET DES FLEURS 219 0 Fille < lu printemps ! douce cl touchante image D ’ un cœur modeste cl vertueux , Du sein do ces gazons tu remplis le bocage De tes parfums délicieux ! Que j ’ aime à to chercher sous l ’ épaisse verdure Où tu crois fuir mes regards et le jour ! M me Beaufoht d ’ IIautpoul .Violette blanche : Candeur , Innocence , Modestie .",
                  "id": "11",
                  "title": "Le Véritable langage des fleurs, par Mme Anaïs de Neuville, précédé de légendes mythologiques, illustré... par Alp. Guilletat"
            },
            {
                  "doc_url": "https://gallica.bnf.fr/ark:/12148/bpt6k58035685",
                  "emotions": [
                        "joy",
                        "love",
                        "nervousness",
                        "embarrassment"
                  ],
                  "excerpt": "En retournant chez moi , dans mou âme morose , Alors que je croyais mon coeur bien refermé , J ' ai va le souvenir qui de son aile rose Abritait le trésor de ce qui fut aimé .DE PnOFUNDIS • 109 J ' écrivis en tremblant ces pages d ' oii s ' exhale Comme un frêle parfum le secret de mon coeur ; Ma plume avait un crêpe , et moi j ' étais tout pâle ..",
                  "id": "12",
                  "title": "Histoires tristes / Eugène Blairat"
            },
            {
                  "doc_url": "https://gallica.bnf.fr/ark:/12148/bpt6k5719019v",
                  "emotions": [
                        "grief",
                        "love",
                        "nostalgia",
                        "gratitude"
                  ],
                  "excerpt": "Mais dans ce coin charmant de la Neusuie antique , J ' ai senti le premier la llamme poétique , Et je viens le premier , de son amour rempli , Dans mon vers filial le tirer de l ' oubli .Séjour aimé du ciel , dès qu ' au sein du nuage Remontant vers le Nord les oiseaux de passage , Dès que , rentrant à peine au signe des poissons , Le soleil attiédit le pied de tes buissons , La pervenche , y rampant sur la mousse lustrée , Déroule à ses regards sa corolle azurée , Avec elle et , parfois , plus diligente encor , La jeune primevère offre son bouquet d ' or ; Et , par son doux parfum trahissant leur retraite , Auprès de ses deux soeurs éclot la violette .Ace premier signal donné par le printemps , Aux lianes de tes coteaux abrités des autans , Sans craindre les retours de la bise perfide , Le papillon hatif , brisant sa chrysalide , Etend son aile jaune , et d ' un essor léger , Aux rayons du midi se prend à voltiger .",
                  "id": "13",
                  "title": "Hymnes et impressions poétiques / par Robert-Étienne Thuret,..."
            },
            {
                  "doc_url": "https://gallica.bnf.fr/ark:/12148/bpt6k58035685",
                  "emotions": [
                        "love"
                  ],
                  "excerpt": "« • Marie ! » La reine se leva , prit les mains du philo ; sopho et , tendant vers lui sa tête silencieuse , lui présenta ses lèvres roses .— « Robert ! je t ' aime ! » Le savant sentit cette haleine chaude et Ci 74 HISTOIRES TRISTES parfumée , il porta la main à son coeur et tomba évanoui dans le fauteuil .Quand il ouvrit les yeux , il était seul .",
                  "id": "14",
                  "title": "Histoires tristes / Eugène Blairat"
            },
            {
                  "doc_url": "https://gallica.bnf.fr/ark:/12148/bpt6k57216293",
                  "emotions": [
                        "admiration",
                        "love",
                        "nostalgia",
                        "gratitude",
                        "calmness"
                  ],
                  "excerpt": "45 LA VIOLETTE .O FILLE du printemps , douce et touchante image D ' un coeur modeste et vertueux ! Du sein de ce gazon , tu remplis ce bocage De ton parfum délicieux .Que j ' aime à te chercher sons l ' épaisse verdure Où tu crois fuir mes regards et le jour ! Au pied d ' un chêne vert qu ' arrose une onde pure , L ' air embaumé m ' annonce ton séjour .",
                  "id": "15",
                  "title": "L'Abeille poétique de la jeunesse, choix des sujets les plus remarquables de la poésie française... à l'usage de tous les établissemens pour l'éducation de la jeunesse des deux sexes, par A. M. Q.**"
            },
            {
                  "doc_url": "https://gallica.bnf.fr/ark:/12148/bpt6k5784504h",
                  "emotions": [
                        "love",
                        "caring"
                  ],
                  "excerpt": "A sa droite se tient la volupté légèrement vêtue , à gauche , trois charmantes jeunes femmes en grandes toilettes , déléguées de l ' Angleterre , de la France et de l ' Italie .Un autre tout petit Amour voltige au - dessus de leurs têtes , portant un brûle - parfum d ' où s ' échappe une vapeur légère qui remplit le temple d ' une odeur délicieuse .Le texte se compose des trois discours des ambassadrices et de la réponse sur l ' art d ' aimer dans leurs pays et de la réponse de la volupté qui conclut en ces termes : ce C ' est Ovide qu ' il faudra choisir pour maître .",
                  "id": "16",
                  "title": "Almanachs illustrés du XVIIIe siècle. Avant-propos de Georges Vicaire / Vte de Savigny de Moncorps"
            },
            {
                  "doc_url": "https://gallica.bnf.fr/ark:/12148/bpt6k97863048",
                  "emotions": [
                        "love"
                  ],
                  "excerpt": "Qu ' êtes - vous , ô passé immense , ô mondes de l ' avenir , ô fantômes vagues d ' un sens impuissant , auprès de celle qui nous a charmés de son sourire , et qui a pénétré en nous par toutes les portes des sens et de l ' âme ? Ah ! descendez des nuages sur la terre ; un sein ému , c ' est la poésie de Dieu ; combien elle efface celle des hommes .La moindre rose avec son parfum éphémère , vaut mieux que toutes les froides immortelles .Que me font les vains contours de la Cléopàtre et d ' Aspasie , et la Vénus antique ? ces pâles statues ne sont que des courtisannes qui ne sauraient point rendre de baisers .",
                  "id": "17",
                  "title": "Le pèlerinage du monde / par Paul de Magny"
            },
            {
                  "doc_url": "https://gallica.bnf.fr/ark:/12148/bpt6k97863048",
                  "emotions": [
                        "love",
                        "nostalgia",
                        "gratitude"
                  ],
                  "excerpt": "Non , Dieu n ' avait pas besoin de créer un enfer , il n ' avait qu ' à priver les damnés de l ' amour : sans l ' amour le ciel est un enfer , avec lui l ' enfer lui - même devient un paradis .Aimons : donc , bien que le temps passe si rapidement et que rien ne soit stable ici - bas , aimons ; les joies de notre jeunesse resteront dans notre mémoire , comme un portrait appàli , comme une odeur fugitive qu ' on croit encore respirer .Si les roses doivent mourir , qu ' elles meurent an moins dans l ' ivresse des festins et sous les baisers de la tendresse .",
                  "id": "18",
                  "title": "Le pèlerinage du monde / par Paul de Magny"
            },
            {
                  "doc_url": "https://gallica.bnf.fr/ark:/12148/bpt6k5719062v",
                  "emotions": [
                        "love",
                        "nostalgia",
                        "relief",
                        "calmness",
                        "disappointment"
                  ],
                  "excerpt": "L ' Été brûlant et radieux Sème ses flèches d ' or sur le manteau des cieux , Fuyant les traits du jour dont la splendeur m ' accable , Je cherche d ' un bosquet l ' ombrage vénérable ; Et je retrouve encor , sous ses rameaux épais , Les doux chants de la muse et la divine paix .Emportés par le temps qui trop vite s ' envole , Mes jours coulent heureux loin d ' un monde frivole ; Mais souvent du passé le fantôme rêveur M ' assiège , et d ' un nuage enveloppe mon coeur ; De l ' orchestre des bote l ' odorante harmonie Ne dit rien 5 \\ ce coeur enivré d ' Uranie ! ., .",
                  "id": "19",
                  "title": "Uranie : poème mystique / par Eugène de Porry"
            },
            {
                  "doc_url": "https://gallica.bnf.fr/ark:/12148/bpt6k6556964p",
                  "emotions": [
                        "love"
                  ],
                  "excerpt": "Il en était arrivé à mordre avidement aux fruits de la réalité qu ' il avait repoussés d ' abord avec dégoût .La saveur en est acre , et pourtant on finit par l ' aimer .Il comprenait qu ' il y a , dans l ' accomplissement d ' un devoir , si humble , si modeste qu ' il soit , plus de grandeur véritable que dans cette philosophie de laquais qui consiste à nier ou à déprécier tout ce qui rehausse la nature humaine .",
                  "id": "20",
                  "title": "Madeleine... (Édition spéciale pour la jeunesse) / Jules Sandeau,... ; dessins par Émile Bayard"
            }
      ]
}