{
      "articles": [
            {
                  "doc_url": "https://gallica.bnf.fr/ark:/12148/bpt6k3180425",
                  "emotions": [
                        "admiration",
                        "love",
                        "gratitude",
                        "faith"
                  ],
                  "excerpt": "Que tes pétales soient le nid où viendra se réfugier la nef fragile , le pauvre oiselet qui , sa course achevée , cherche le gîte , l ’ abri pour s ’ y reposer comme dans un asile sûr .Suprême amour , mais si divin , verse sur nous tes arômes embaumés pareils au lys de la vallée , que notre route en soit à jamais fleurie .Que les vallons et les cimes , où il nous faudra passer , soient jalonnés de blancs pétales et de pistils d ’ or .",
                  "id": "1",
                  "title": "À la recherche de la vérité en collaboration avec l'invisible, messages reçus... par la révélation médiumnique"
            },
            {
                  "doc_url": "https://gallica.bnf.fr/ark:/12148/bpt6k11769914",
                  "emotions": [
                        "admiration",
                        "love",
                        "nostalgia",
                        "gratitude"
                  ],
                  "excerpt": "Puis , quand sonnera l ’ heure où la grâce divine Jugera qu ’ il est temps et que c ’ est trop souffrir , La sainte croisera ses mains sur sa poitrine , Et , sans avoir vécu , finira de mourir ! J h MANIN .A UNE VIOLETTE Toi que je trouve en mon chemin , Seule , rêveuse et parfumée , O lleur que j ’ ai toujours aimée , Laisses - toi cueillir par ma main ! Ferdinand DUMAINE .- S © ® < « « $ • LE COEUR VEILLE Quand vient la nuit paisible , il est doux sous ses voiles De reposer un peu ses membres allaiblis .",
                  "id": "2",
                  "title": "Le Phare littéraire : petite revue bimensuelle"
            },
            {
                  "doc_url": "https://gallica.bnf.fr/ark:/12148/bpt6k11769914",
                  "emotions": [
                        "love"
                  ],
                  "excerpt": "Quand Evelina dormait , elle devait ressembler aux anges .En ce moment , que les effluves ardentes de l ’ amour la parcouraient de toutes parts , ses yeux lançaient des éclairs , et sa chevelure prenant une couleur plus voluptueuse achevait de nuancer sa beauté ; d ’ ailleurs nulle imagination ardente n ’ aurait pu ajouter à son attrait irrésistible .Et tous deux , plongés dans une extase infinie , buvaient le suprême baiser de l ’ amour .",
                  "id": "3",
                  "title": "Le Phare littéraire : petite revue bimensuelle"
            },
            {
                  "doc_url": "https://gallica.bnf.fr/ark:/12148/bpt6k11769914",
                  "emotions": [
                        "love",
                        "nostalgia",
                        "envy"
                  ],
                  "excerpt": ".Comme souvenir d ’ autrefois , — Des jours où nous rêvions , au bois , — Je veux garder ta chrysanthème ; Sur sa corolle , sans parfum , Oii leurs baisers n ’ en font plus qu ’ un , Nos lèvres se sont dit : « Je t ’ aime ! » Léon Miîuîac .» Oonfession d ’ un Suicidé Lettre à M .",
                  "id": "4",
                  "title": "Le Phare littéraire : petite revue bimensuelle"
            },
            {
                  "doc_url": "https://gallica.bnf.fr/ark:/12148/bpt6k5480169h",
                  "emotions": [
                        "grief",
                        "love",
                        "nostalgia",
                        "envy"
                  ],
                  "excerpt": "Mais , nous verrons toujours la femme disposer artistement les fleurs , trouvant ainsi la compté - 404 QUE VEUT LA FEMME mehtaire de sa grâce , de sa beauté .Ces soeurs fragiles , délicates et modestes , après avoir exhalé de leurs corolles transparentes les effluves de leur suave parfum , languissantes , meurtries ; jalouses peutêtre ! s ' inclinent silencieuses , résignées et meurent dans l ' atmosphère attiédie , ou les amours et les baisers mettent des harmonies mystérieuses et tendres , qui accompagnent leurs âmes à travers les espaces .Nous verrons , le galant page , venir déposer furtivement sur la fenêtre de la châtelaine qu ' en secret , il aime éperdument , le « Sélam » qu ' il a composé selon le rite consacré et que lui a enseigné quelque magicienne ou quelque troubadour .",
                  "id": "5",
                  "title": "Que veut la femme ? : être jolie, être aimée et dominer / Comtesse de Tramar"
            },
            {
                  "doc_url": "https://gallica.bnf.fr/ark:/12148/bpt6k11769914",
                  "emotions": [
                        "joy",
                        "love",
                        "nostalgia",
                        "relief",
                        "gratitude",
                        "calmness"
                  ],
                  "excerpt": "Ouvrant sa collerette Humide de fraîcheur , La jeune pâquerette Etale sa blancheur ; Mais j ’ aime bien plus qu ' elle Tes bras marmoréeii ' s , Et la neige , ô ma tyelle , De ces marbres : tes seins .La brise inexprimable Baise les églantiers , Et son souffle ineffable Embaume les sentiers ; Mais plus que l ’ enivrante Haleine des zéphyrs J aime , ô ma douce amante , Ce parfum : tes soupirs , A l ’ heure où , reposée , La terre boit le ciel , L ’ herbe boit la rosée .L ’ abeille boit le miel ; Mais plus que ces prémices Des matins irisés , J ’ aime , ô puits de délices , Ce nectar : tes baisers .",
                  "id": "6",
                  "title": "Le Phare littéraire : petite revue bimensuelle"
            },
            {
                  "doc_url": "https://gallica.bnf.fr/ark:/12148/bpt6k888347q",
                  "emotions": [
                        "love",
                        "nostalgia",
                        "gratitude",
                        "calmness",
                        "caring"
                  ],
                  "excerpt": "Ses cheveux imprégnés de l ’ huile préparée , sa taille ceinte du fil sacré , dont les dix brins de chanvre qui le forment représentent chacun une des vertus que l ’ épouse doit avoir , ses épaules couvertes de la tunique blanche , symbole de la pureté de l ’ âme , elle se trouva bientôt sur la couche dernière , entrevoyant de ses yeux mi - clos le prêtre dont les lèvres , sans discontinuer , s ’ agitaient silencieusement et le défilé des parents , des amis , des curieux qui , passant très vite selon la coutume , jetaient à ses pieds une fleur de jasmin dont le parfum subtil montait jusqu ’ à elle .Et Lesbie invoquait la senteur délicate : — Parfum suave et doux , demeure sur mes lèvres afin qu ’ une âme charitable , se penchant pour le baiser d ’ adieu , y retrouve mon haleine et proclame que je respire .Mais avec désespoir elle constatait que les visiteurs se faisaient de plus en plus rares .",
                  "id": "7",
                  "title": "Le coeur de Thellys / Daniel Riché"
            },
            {
                  "doc_url": "https://gallica.bnf.fr/ark:/12148/bpt6k11769914",
                  "emotions": [
                        "love",
                        "desire",
                        "nostalgia",
                        "excitement",
                        "envy"
                  ],
                  "excerpt": "Il n ’ y avait pas une minute à perdre ; j ’ étais anéanti , mais dominant ma douloureuse impression , je me précipitai vers la demeure de Madame Roche ; pourtant , je croyais que l ’ exagération habituelle aux méridionaux , donnait à la catastrophe annoncée en termes si effrayants , des proportions qu ’ elle n ’ avait pas .Et Dieu sait combien je le souhaitais ! Nous étions au milieu du printemps , cette saison enchanteresse entre toutes ; l ’ air , ordinairement un peu vif à Avignon , était ce soir - là , d ’ une extrême douceur , la tiède atmosphère , tout imprégnée de suaves exhalaisons , invitait aux enivrantes rêveries .Inutile de dire que je ne m ’ attardais point à subir le charme de cette température exceptionnelle , si je le note , c ’ est que les moindres circonstances de cette inoubliable soirée sont restées profondément gravées dans mon esprit .",
                  "id": "8",
                  "title": "Le Phare littéraire : petite revue bimensuelle"
            },
            {
                  "doc_url": "https://gallica.bnf.fr/ark:/12148/bpt6k11769914",
                  "emotions": [
                        "joy",
                        "grief",
                        "sadness",
                        "love",
                        "nostalgia",
                        "disappointment"
                  ],
                  "excerpt": "Je pleure maintenant .Vous tous , pleurez aussi , que l ’ amour d ’ une femme Délaissa tristement ! II Lise , tu t ’ en souviens , lorsque dans la prairie , Ensemble nous allions sur l ’ herbette fleurie Qu ' entoure l ’ aubépine à la douce senteur Et la mûre perlée à la fraîche saveur ? Nous allions tout joyeux , le rire sur les lèvres , Ennui les blancs agneaux et les timides chèvres , Au loin se déroulait , comme un ruban poudreux Le chemin bordé de ses arbres vigoureux .Nous allions , l ’ un sur l ’ autre appuyés , pleins d ’ ivresse , J ’ étais fier des faveurs de si gente maîtresse ! Sur mon bras reposait en frissonnant ta main , Ta main qu ’ avec ardeur je pressais sur mou sein , Que ma lèvre parfois , brûlante de désir , Baisait en l ’ effleurant d ’ un amoureux soupir .",
                  "id": "9",
                  "title": "Le Phare littéraire : petite revue bimensuelle"
            },
            {
                  "doc_url": "https://gallica.bnf.fr/ark:/12148/bpt6k11769914",
                  "emotions": [
                        "love",
                        "calmness"
                  ],
                  "excerpt": "Sur l ’ appui de la fenêtre , la main du jeune duc rencontra parmi les plantes qui s ’ enroulaient aux moulures des corniches et des entablements , une rose dont la fraîcheur veloutée surprit son épiderme .Il cueillit cette fleur qui semblait s ’ offrir à lui et , machinalement , la porta à son visage pour en respirer le parfum doux et suave .Puis , tout aussitôt , avec un rire sec et strident , il la rejeta loin de lui .",
                  "id": "10",
                  "title": "Le Phare littéraire : petite revue bimensuelle"
            },
            {
                  "doc_url": "https://gallica.bnf.fr/ark:/12148/bpt6k9801334w",
                  "emotions": [
                        "love",
                        "desire",
                        "nostalgia",
                        "gratitude",
                        "faith"
                  ],
                  "excerpt": ".Oh ! dors , ô mer si belle ! Balance ma nacelle , Reflète un coin du ciel en mes yeux attendris ; Donne à mon âme aimante Ton bleu regard d ' amante Et les effluves purs des orangers fleuris .A ces paisibles trêves , L ' ivresse de mes rêves Déborde de mon cœur et reprend son essor .",
                  "id": "11",
                  "title": "Concours de chansons ... / Le Caveau lyonnais, Société littéraire & artistique"
            },
            {
                  "doc_url": "https://gallica.bnf.fr/ark:/12148/bpt6k96028813",
                  "emotions": [
                        "love"
                  ],
                  "excerpt": "Alors , s ' offrait aux regards un endroit solitaire , d ' âpres ronces , des genêts , et de courtes bruyères ; et soudain , au sortir de cette Thébaïde , apparaissait une étendue de roses , un paradis de pourpre , un jardin de séduction , rien que des roses , des roses cramoisies et foncées , un parterre sauvage , une patrie de fleurs , une véritable floraison de volupté rendue visible .Le vent qui passait , promenait sur la terre une haleine embrasée , odeur troublante , arôme continu , dont l ' ardeur inouïe vous suffoquait .Sur ce royaume fleuri , le soleil se jetait avec fougue , pareil à quelque annonciation du Feu ! L ' ombre même y était ardente ; et les gerbes énormes s ' épanouissaient à l ' aventure .",
                  "id": "12",
                  "title": "Le jardin des roses : roman / Léon Thévenin ; frontispice... de Robaudi..."
            },
            {
                  "doc_url": "https://gallica.bnf.fr/ark:/12148/bpt6k11769914",
                  "emotions": [
                        "joy",
                        "love",
                        "nostalgia",
                        "excitement",
                        "gratitude"
                  ],
                  "excerpt": "CHUTE DES EEUIEEES A Mademoiselle Fr , S .L ’ automne ! oh , que j ’ aime cette douce saison dans les bois ! Que j ’ aime à fouler ces feuilles jaunies , à ouïr leur doux bruissement , à sentir leur bonne odeur ! Ilyadans ce dernier sourire de l ’ année tout un monde de poésie ; il y a ce je ne sais quoi de mélancolique et de doux qui plaît au cœur , qui élève la pensée , qui ennoblit l ’ âme .Malgré soi , on songe , on rêve .",
                  "id": "13",
                  "title": "Le Phare littéraire : petite revue bimensuelle"
            },
            {
                  "doc_url": "https://gallica.bnf.fr/ark:/12148/bpt6k5742948b",
                  "emotions": [
                        "love"
                  ],
                  "excerpt": "Les personnes qui se sont habituées à prendre beaucoup de tabac , ne sont plus sensibles au doux parfum des fleurs .Les odeurs pénétrantes exposent , comme on sait , les femmes à contracter des affections nerveuses .— ! 9t — Los hommes mêmes peuvent être conduits par l ' abus des parfums à l ' hypocondrie , à la mélancolie et quelquefois à l ' aliénation mentale .",
                  "id": "14",
                  "title": "Le guide médical des curés, des dames de charité, des gardes-malades... / par le docteur Guyétant,..."
            },
            {
                  "doc_url": "https://gallica.bnf.fr/ark:/12148/bpt6k9604484k",
                  "emotions": [
                        "joy",
                        "love",
                        "optimism",
                        "excitement",
                        "pride"
                  ],
                  "excerpt": "Dix - huit ans : arrivée à son entière maturité , tout à fait femme — et femme de feu .Il rayonnait d ' elle , arôme capiteux et grisant , des effluves de séduction enchanteresse .Pas de timidité ; de l ' assurance dans les gestes et dans la démarche ; se sachant belle , heureuse de l ' être — comme un conquérant sûr de sa force , et fier de sa royauté — mais sans excès de prétention et de fatuité .",
                  "id": "15",
                  "title": "Furia / Maurice de Souillac"
            },
            {
                  "doc_url": "https://gallica.bnf.fr/ark:/12148/bpt6k5487979t",
                  "emotions": [
                        "love",
                        "nostalgia",
                        "gratitude",
                        "faith"
                  ],
                  "excerpt": "Bien , ma prompte main le cueille Comme une fraîche rose au parfum enbauinant Qui s ' échappe subtil d ' un calice charmant .Les pins douces senteurs viennent de Poésie , Reine prenant aux dieux la suave ambroisie Pour la faire goûter aux ténors des amours Avec le blond \" nectar , ineffable velours .Moderne I - Iébê , choisi tes plus grands petits verres , Sers - moi conîplaisamment au palais des trouvères Et qu ' ainsi ie m ' abreuve à ilôts de la boisson Qui iamais ne subit une contrefaçon .",
                  "id": "16",
                  "title": "L'Écho des jeunes : journal littéraire / Victor Gresset, directeur"
            },
            {
                  "doc_url": "https://gallica.bnf.fr/ark:/12148/bpt6k11769914",
                  "emotions": [
                        "joy",
                        "love",
                        "nostalgia",
                        "calmness"
                  ],
                  "excerpt": "C ’ est qu ’ elle est aussi coquette Que discrète , C ’ est qu ’ elle a bien sa fierté Dont jamais elle n ’ abuse , Et qu ’ excuse Sa délicate beauté , Sur sa tige elle balance En cadence , Sa corolle aux fins contours , Et s ' étale souriante Et charmante , Dans ses modestes atours .Elle répand dans la plaine Son haleine , Exquis parfum de son cœur Et sans que jamais on sache Où se cache Cette suave senteur .Jamais elle ne demande Une offrande , Pour prix de son humble don .",
                  "id": "17",
                  "title": "Le Phare littéraire : petite revue bimensuelle"
            },
            {
                  "doc_url": "https://gallica.bnf.fr/ark:/12148/bpt6k164725g",
                  "emotions": [
                        "love",
                        "excitement",
                        "pride"
                  ],
                  "excerpt": "La vision qui lui était apparue dans la chapelle des Clarisses l ' avait soudainement conquis et subjugué .Elle s ' était infiltrée en lui comme une huile parfumée , élargissant sans cesse son empreinte , enfiévrant son sang d ' une ardeur sans cesse refrénée par les odorances de vertu et de pureté qu ' elle concentrait .Au choc répété de la passion et du devoir les énergies créatrices de son intelligence s ' énervaient .",
                  "id": "18",
                  "title": "Sixième centenaire de la naissance de Pétrarque, célébré à Vaucluse et Avignon, les 16, 17 et 18 juillet 1904 / Académie de Vaucluse"
            },
            {
                  "doc_url": "https://gallica.bnf.fr/ark:/12148/bpt6k98044983",
                  "emotions": [
                        "love"
                  ],
                  "excerpt": "L ' odorat exerce aussi une grande influence sur les organes de la génération .Elle est très marquée chez les animaux , dont un grand nombre exhalent une odeur extrêmement forte au moment de leurs amours .L ' un des principaux usages de l ' odorat est assurément de faire reconnaître les qualités .",
                  "id": "19",
                  "title": "La nouvelle maison rustique ou Encyclopédie-manuel de toutes les sciences et de tous les arts.... Tome 1 / par une société d'agronomes, de médecins, de vétérinaires et de chimiste"
            },
            {
                  "doc_url": "https://gallica.bnf.fr/ark:/12148/bpt6k81105v",
                  "emotions": [
                        "love",
                        "doubt"
                  ],
                  "excerpt": "ces tapis , ces gaines supportant des terres cuites dont les nudités lui semblaient roses comme de la chair de femme , ces cartels au - dessus des portes , cette profusion de bibelots , de meubles , de pouffs , ce capitonnage qui semblait fait pour atténuer partout les chutes et pous .sait aux tentations rapides , aux amours de recentre aux caprices avec effraction et en sortant de l ' hôtel où il n ' avait rien dit à Marianne que des madrigaux cent fois rabâchés , où elle ne lui avait répété que les ironies pleines de sous - entendus caressants de la femme qui veut se donner mais ne veut pas s ' offrir , emportait dans ses narines , et comme sur ses vëte ~ ments , une pénétrante odeur féminine , qui allait t ~ ntenant le .uiw panout , partout lui Mvenif comme par bouffées , et le pousser A revenir vers ce logis , où il lui semblait qu ' un monde nouveau s ' ou ~ vrait pour lui .",
                  "id": "20",
                  "title": "Monsieur le ministre : roman parisien (65e éd. rev. et corr.) / par Jules Claretie"
            }
      ]
}