{
      "articles": [
            {
                  "doc_url": "https://gallica.bnf.fr/ark:/12148/bpt6k54493442",
                  "emotions": [
                        "grief",
                        "love",
                        "gratitude"
                  ],
                  "excerpt": "Beau , etc .Zéphyrs dont l ' haleine embaumée Balance le feuillage épais , De cette Reine bien - aimée Portez le nom dans les forêts .Beau , etc .",
                  "id": "1",
                  "title": "Chants à Marie : cantiques pour le mois de mai et les fêtes de la Sainte Vierge : seconde partie ; suivis de Cantiques sur divers sujets (5 édition) / par le R. P. N. Louis"
            },
            {
                  "doc_url": "https://gallica.bnf.fr/ark:/12148/bpt6k4227412k",
                  "emotions": [
                        "joy",
                        "love",
                        "optimism",
                        "nostalgia",
                        "gratitude"
                  ],
                  "excerpt": "Le beau sexe se laisse facilement enivrer ' par la douce fumée de Y encens .Puisse jusqu ’ à ton cœur , mes amoureux accents , ’ Monter comme l ’ odeur d ’ un agréable encens .Que ne fait - on passer avec un grain d ' encens .",
                  "id": "2",
                  "title": "Le vocabulaire poétique des amans, ou Le langage de l'amour : choix de citations et de pensées en vers et en prose, extraites de nos meilleurs auteurs..."
            },
            {
                  "doc_url": "https://gallica.bnf.fr/ark:/12148/bpt6k9608157w",
                  "emotions": [
                        "joy",
                        "love",
                        "excitement"
                  ],
                  "excerpt": "Quand je bois , ma tête ravie Se couronne gaîment de fleurs ; Du cours tranquille de la vie , Heureux , je chante les douceurs .Quand je bois , sur moi , dans l ' ivresse , Je répands des parfums exquis ; J ' enlace en mes bras ma maîtresse , Je la presse et chante Cypris .Quand je bois , au fond de ma tasse , Je trouve les joyeux propos ; Aux Bacchanales je prends place Près de jeunes gens bien dispos .",
                  "id": "3",
                  "title": "Odes d'Anacréon : nouvelle traduction en vers / par M. Redarez-Saint-Remy,..."
            },
            {
                  "doc_url": "https://gallica.bnf.fr/ark:/12148/bpt6k6140980p",
                  "emotions": [
                        "admiration",
                        "love"
                  ],
                  "excerpt": "CXXIV CHANSON LE beau visage de ma Dame D ' vne si blanche neige est teint , Et d ' vne si vermeille ffame Qui tousiours flambe et ne s ' esteint , Qu ' Amour de ses beautez épris Doute qui emporte le prix , Et luy qui de tous est vainqueur Vaincu se connoist en son coeur .La flame douce et amoureuse Esparse en son teint gracieux , Est dessus la branche espineuse Vne Rose éclatante aux yeux , 232 OEUVRES POÉTIQUES D ' AMADIS JAMYN .Qui découure le paradis De ses boutons espanoûis , Quand le Soleil haussant le iour Laisse d ' Orient le seiour .",
                  "id": "4",
                  "title": "Oeuvres poétiques de Amadis Jamyn, avec sa vie, par Guillaume Colletet, d'après le manuscrit incendié au Louvre, et une introduction par Charles Brunet. [Notice sur Ch. Brunet par Prosper Blanchemain.]"
            },
            {
                  "doc_url": "https://gallica.bnf.fr/ark:/12148/bpt6k64537w",
                  "emotions": [
                        "admiration",
                        "joy",
                        "love",
                        "nostalgia",
                        "pride"
                  ],
                  "excerpt": "Enfin , chaque fleur féminine a sa senteur quila caractérise .Vous avez parlé d ' un chaud parfum dont le charme vous troublait , autrefois , et vous éblouissait le cœur .Au fond , c ' est l ' attrait , particulier pour vous , caché dans la beauté de cette jeune femme , qui animait ainsi d ' idéal le charme de cette senteur charnelle , puisqu ' un indifférent y fût demeuré fort insensible .",
                  "id": "5",
                  "title": "L'Ève future / Cte de Villiers de l'Isle-Adam"
            },
            {
                  "doc_url": "https://gallica.bnf.fr/ark:/12148/bpt6k930138x",
                  "emotions": [
                        "love",
                        "nostalgia",
                        "pride",
                        "relief",
                        "gratitude"
                  ],
                  "excerpt": "Ta fille et ta maman répondront à la mère .C ’ est si bon de s ’ aimer et se le dire à deux ! Tout ceci respire un parfum de famille qu ' on ne se serait pas attendu , il y a vingt ans , à trouver au théâtre .Parmi beaucoup de tournées qu ’ a faites la Mascotte , il en est une dont elle garde un ’ inoubliable souvenir : celle de Russie .",
                  "id": "6",
                  "title": "Loges d'artistes. Dessins de Félix Fournery. (14 avril 1889.)"
            },
            {
                  "doc_url": "https://gallica.bnf.fr/ark:/12148/bpt6k80361n",
                  "emotions": [
                        "love",
                        "relief"
                  ],
                  "excerpt": "Et Lise ne résistait plus elle se trouvait bien près de lui .Une chaleur douce et parfumée l ' enveloppait .Au lieu d ' essayer de fuir , maintenant , elle se pelotonnait contre l ' épaule de Jean , enivrée , vaincue , possédée .",
                  "id": "7",
                  "title": "Lise Fleuron : les batailles de la vie (81e édition) / par Georges Ohnet"
            },
            {
                  "doc_url": "https://gallica.bnf.fr/ark:/12148/bpt6k5839943d",
                  "emotions": [
                        "love"
                  ],
                  "excerpt": ".11 semble que les émanations fraîches de son coeur aient pénétré dans le mien .' .",
                  "id": "8",
                  "title": "L'Ouvreuse de loges, par Auguste Ricard..."
            },
            {
                  "doc_url": "https://gallica.bnf.fr/ark:/12148/bpt6k9740909f",
                  "emotions": [
                        "love"
                  ],
                  "excerpt": "• hybride , quelques variétés .Violette odorante des quatre saisons .PLANTES A SOUCHE , A TIGES OU A FEUILLES ODORANTES SE REPRODUISANT PAR LE SEMIS .",
                  "id": "9",
                  "title": "Instructions pour les semis de fleurs de pleine terre... ; suivies... d'une Notice sur la formation et l'entretien des gazons (5e édition) / par Vilmorin-Andrieux et Cie,..."
            },
            {
                  "doc_url": "https://gallica.bnf.fr/ark:/12148/bpt6k5447818p",
                  "emotions": [
                        "joy",
                        "grief",
                        "love",
                        "gratitude",
                        "faith"
                  ],
                  "excerpt": "' En ce beau jour tout de sourire , Couple béni , laissez - moi dire Ce que pour vous mon coeur joyeux Désire , Et daignez agréer tous deux Mes voeux .Oh ; d ' abord , ma chère cousine , Pour ton mari fleur sans épine , Embaume ses jours d ' une odeur Divine Et comble d ' un riant bonheur Son coeur .Et vous , cousin , soyez pour elle Un appui tendre , une tutelle , Comme pour la vigne est l ' ormeau Fidèle , Heureux et fier de ce fardeau Nouveau .",
                  "id": "10",
                  "title": "Poésies / par Avit Delacour"
            },
            {
                  "doc_url": "https://gallica.bnf.fr/ark:/12148/bpt6k64133576",
                  "emotions": [
                        "love",
                        "nostalgia",
                        "gratitude",
                        "faith"
                  ],
                  "excerpt": "O D E X .o TOI léger & doux Zéphire , Quand tu passes par le séjour Où l ' objet de mon tendre amour Entouré des graces respire , Fais qu ' au retour , felon mes vœux * * Ton haleine foit parfumée De cette senteur embaumée Qu ' épand l ' ambre de ses cheveux ..",
                  "id": "11",
                  "title": "Histoire de Nader Chah, connu sous le nom de Thahmas Kuli Khan, empereur de Perse. Partie 2 / , traduite d'un manuscrit persan... avec des notes... et un traité sur la poésie orientale..."
            },
            {
                  "doc_url": "https://gallica.bnf.fr/ark:/12148/bpt6k6504069n",
                  "emotions": [
                        "love"
                  ],
                  "excerpt": ") ; lign .Feuilles odorantes ; fleurs verdâtres .Terre ordinaire ; multipl .",
                  "id": "12",
                  "title": "Le maître jardinier : manuel complet d'horticulture à l'usage des habitants des villes et des campagnes... (2e édition) / par Gontier de Chabanne,..."
            },
            {
                  "doc_url": "https://gallica.bnf.fr/ark:/12148/bpt6k5698789k",
                  "emotions": [
                        "grief",
                        "love",
                        "optimism",
                        "desire",
                        "nostalgia"
                  ],
                  "excerpt": "AULAGNIER , éditeur rue de Provence , 28 .J ' ai rêvé , ma bien - aimée , Que je voyais une Almée , Sur la brise parfumée , Agitant ses ailes d ' or .Je voyais , a peine éclose , Le calice d ' une rose , Où l ' abeille se repose Et s ' endort dans son trésor .",
                  "id": "13",
                  "title": "Album chantant ou la chanson de tous et pour tous.... Tome 3"
            },
            {
                  "doc_url": "https://gallica.bnf.fr/ark:/12148/bpt6k4227412k",
                  "emotions": [
                        "admiration",
                        "love",
                        "courage",
                        "calmness"
                  ],
                  "excerpt": "Lieu ou l ’ amour cède son flambeau à l ’ hymen .Dans une alcôve parfumée , Impénétrable au Dieu du jour , La pudeur sans être alarmée Dort sur les genoux de l ' amour .AMANT , AMOUREUX .",
                  "id": "14",
                  "title": "Le vocabulaire poétique des amans, ou Le langage de l'amour : choix de citations et de pensées en vers et en prose, extraites de nos meilleurs auteurs..."
            },
            {
                  "doc_url": "https://gallica.bnf.fr/ark:/12148/bpt6k64241914",
                  "emotions": [
                        "love"
                  ],
                  "excerpt": ", 3 2 .Fleurs panachées de rouge et de jaune , odorantes .— Cultivée .",
                  "id": "15",
                  "title": "Flore de Bordeaux et du Sud-Ouest, analyse et description sommaire des plantes sauvages ou généralement cultivées dans les parties non montagneuses des bassins de la Garonne, de la Charente et de l'Adour,... par le Dr J.-A. Guillaud,... Premier volume. Phanérogames"
            },
            {
                  "doc_url": "https://gallica.bnf.fr/ark:/12148/bpt6k5448829s",
                  "emotions": [
                        "admiration",
                        "love",
                        "caring"
                  ],
                  "excerpt": "( ANAÏS SÉGAUS ) Idylle à la Violette .0 fille du printemps ! douce et touchante image D ' un coeur modeste el vertueux , Du sein de ces gazons , lu remplis ce bocage , De les parfums délicieux .Que j ' aime à te chercher sous l ' épaisse verdure Où lu crois fuir mes regards et le jour ! Au pied d ' un chêne vert qu ' arrose une onde pure , L ' air embaumé m ' annonce ton séjour .",
                  "id": "16",
                  "title": "Choix de poésies à l'usage de la jeunesse (8e édition)"
            },
            {
                  "doc_url": "https://gallica.bnf.fr/ark:/12148/bpt6k6383419j",
                  "emotions": [
                        "love"
                  ],
                  "excerpt": "Il paraît aimer la musique : il apprend aisément à marquer la mesure et à joindre quelques cris au bruit des tambours et au son des trompettes .Son odorat est exquis et il aime avec passion les parfums de toute espèce , et surtout les fleurs odorantes ; il les choisit , il les cueille une à une , il en fait des bouquets , et , après en avoir respiré l ' odeur , il les porte h sa bouche et semble les goûter .— Maison , château , hôtel , palais .",
                  "id": "17",
                  "title": "Cours de dictées suivi d'exercices de style, de modèles d'actes et d'un questionnaire sur la première partie de la grammaire des enfants ; ouvrage mis en rapport avec cette grammaire. Par plusieurs instituteurs"
            },
            {
                  "doc_url": "https://gallica.bnf.fr/ark:/12148/bpt6k14125905",
                  "emotions": [
                        "joy",
                        "love",
                        "excitement"
                  ],
                  "excerpt": "Par exemple , petits pois primeurs du Midi , asperges de Nice ; PARTIE FINE .U3 j ’ insiste plus volontiers sur les petits pois , car ils sont exquis ; une senteur printanière , un rêve , un nuage , un premier amour , murmura - t - il en crescendo , les yeux au ciel ; puis les ramenant brusquement sur la terre : J ’ inscris petits pois au beurre ! Vous serez content , n ’ en doutez pas .— Oh ! je m ’ en rapporte en toute confiance à vous , monsieur .",
                  "id": "18",
                  "title": "La Dame qui rit / George Japy"
            },
            {
                  "doc_url": "https://gallica.bnf.fr/ark:/12148/bpt6k65690159",
                  "emotions": [
                        "love"
                  ],
                  "excerpt": "L ' Aréthure , fleurs doubles , petites et d ' un rose tendre .La Rosa Nora , fleurs presque pleines , moyennes , d ' un rose pâle et odorantes .La Mélanie , fleurs pleines , petites et d ' un rose vif .",
                  "id": "19",
                  "title": "La rose chez les différents peuples anciens et modernes : description, culture et propriété des roses (2e édition) / par M. A. de Chesnel"
            },
            {
                  "doc_url": "https://gallica.bnf.fr/ark:/12148/bpt6k1040445",
                  "emotions": [
                        "love"
                  ],
                  "excerpt": "t33 XVIII .La Tulipe et les Fleurettes odorantes .134 XIX .",
                  "id": "20",
                  "title": "Fables nouvelles en vers, divisées en neuf livres (3e éd. rev., corr. et augm.) / par Madame A. Joliveau,..."
            }
      ]
}