{
      "articles": [
            {
                  "doc_url": "https://gallica.bnf.fr/ark:/12148/bpt6k314017x",
                  "emotions": [
                        "love"
                  ],
                  "excerpt": "Il se mit à étudier les parfums et les secrets de leur confection , distillant lui - même des huiles puissamment parfumées , ou brûlant d ’ odorantes gommes venant de l ’ Orient .Il comprit qu ’ il n ’ y avait point de disposition d ’ esprit qui ne trouvât sa contre - partie dans la vie sensorielle , et essaya de découvrir leurs relations véritables ; ainsi l ’ encens lui sembla l ’ odeur des mystiques , et l ’ ambre gris , celle des passionnés ; la violette évoque la mémoire des amours défuntes , le musc rend dément et le champac pervertit l ’ imagination .Il tenta souvent d ’ établir une psychologie des parfums , et d ’ estimer les diverses influences des racines douces - odorantes , des fleurs chargées de pollen parfumé , des baumes aromatiques , des bois de senteur sombres , du nard indien qui rend malade , de l ’ hove - nia qui affole les hommes , et de l ’ aloès dont il est dit qu ’ il chasse la mélancolie de l ' ame .",
                  "id": "1",
                  "title": "Le Portrait de Dorian Gray / par Oscar Wilde ; traduction d'Eugène Tardieu ; bois gravés de Fernand Siméon"
            },
            {
                  "doc_url": "https://gallica.bnf.fr/ark:/12148/bpt6k314017x",
                  "emotions": [
                        "love"
                  ],
                  "excerpt": "— Est - ce vrai , monsieur Gray ? — Elle me l ’ a dit , lady Narborough , dit Dorian .Je lui ai demandé si , comme Marguerite de Navarre , elle ne conservait pas leurs coeurs embaumés et pendus à sa ceinture .Elle me répondit que non , car aucun d ’ eux n ’ en avait .",
                  "id": "2",
                  "title": "Le Portrait de Dorian Gray / par Oscar Wilde ; traduction d'Eugène Tardieu ; bois gravés de Fernand Siméon"
            },
            {
                  "doc_url": "https://gallica.bnf.fr/ark:/12148/bpt6k54291724",
                  "emotions": [
                        "love",
                        "faith"
                  ],
                  "excerpt": "N ' as - tu pas dit que tu m ' aimais , De ta voix si douce et si tendre ! Alors pourquoi me faire attendre ? Pourquoi toujours me remettre à demain ? Rends - moi mon coeur ou donne - moi ta main ! XI CANTIQUE D ' AMOUR LÉGITIME Quand l ' amour est entré dans un coeur solitaire , Dieu descend et se dresse un autel sur la terre .Un ange y vient poser de l ' ambre et de l ' encens , Et le feu qu ' il allume embrase tous les sens , Et porte au Créateur , sous les traits de la femme , Tous les bouillons du fang , tous les parfums de l ' âme Une part d ' infini , dans l ' amour reflété , S ' infiltre au coeur de l ' homme en rayons de clarté .Tous les deux — on dirait un corps qui vient de naître - Forment un monde à part dans un seul et même être .",
                  "id": "3",
                  "title": "Mes poésies d'amour et de jeunesse : la plupart inédites / Alexandre Weill"
            },
            {
                  "doc_url": "https://gallica.bnf.fr/ark:/12148/bpt6k54291724",
                  "emotions": [
                        "love"
                  ],
                  "excerpt": "Et la femme , ton ange , Par eux est profanée I Dans mon rêve , je sens Un amour comme toi , Qui , sans compter les ans , Fait lui - même sa loi ! Un amour comme un fleuve , Comme une mer immense , Où celui qui s ' abreuve Tous les jours recommence ! Un amour sans égal , Un amour dont le ciel Est le dais nuptial , Et la terre , l ' autel .9 XXXIII QUELLE EST TA BIEN - AIMÈE ? — C ' est une enfant de Dieu , de vertu parfumée ! Son oeil bleu dans mon coeur s ' est fixé comme un dard ; Quand je ferme mes yeux , je vois de son regard .Elle est ma souveraine , elle est ma fiancée , Elle remplit mon coeur et nourrit ma pensée .",
                  "id": "4",
                  "title": "Mes poésies d'amour et de jeunesse : la plupart inédites / Alexandre Weill"
            },
            {
                  "doc_url": "https://gallica.bnf.fr/ark:/12148/bpt6k54291724",
                  "emotions": [
                        "admiration",
                        "love",
                        "pride",
                        "gratitude",
                        "caring"
                  ],
                  "excerpt": "Toi seul , je t ' aimerai , seul , tu seras mon maître , Comme à la reine un roi ! Va , mon doux bien - aimé , va , poursuis , ta carrière , Ne crains pas les méchants ! Tiens haut ta vertueuse , amoureuse bannière , Dans tes vers , dans tes chants ! Je t ' aime .Et mon amour ne demande autre chose , * A mon maître et seigneur , Qu ' un peu de gloire , autant qu ' un doux parfum de rose , Et tout plein de l ' honneur ! Viens , mon bien - aimé , viens me donner de ta lèvre Le baiser de l ' époux .Que jamais trahison de ton coeur ne m ' en sèvre ; Tu me tûrais du coup ! Sois un homme , et ta femme , en t ' aimant , va te suivre .",
                  "id": "5",
                  "title": "Mes poésies d'amour et de jeunesse : la plupart inédites / Alexandre Weill"
            },
            {
                  "doc_url": "https://gallica.bnf.fr/ark:/12148/bpt6k54291724",
                  "emotions": [
                        "grief",
                        "love",
                        "nostalgia",
                        "excitement",
                        "gratitude"
                  ],
                  "excerpt": "— 35 - Là , nous avons , à larges traits , humé , Retenant nos haleines , D ' acres senteurs pleines d ' air parfumé , Qui nous gonflaient les veines , Et nous versaient un sang nouveau , Pour nous aimer dans l ' art du beau ! Hélas ! ces traits si chers , ils ne sont plus ! Elle s ' en est allée , M ' abandonnant comme un rêveur reclus , Dont l ' âme est envolée .Seul , le pré toujours parfumé Me dit que nous avons aimé ! XVI MON AIMÉE ET MA LYRE Quand je vois mon aimée avec son blond sourire , Mon coeur se met à battre et ma raison délire .Mes sens émerveillés , et comme électrisés , Tourbillonnent d ' éclairs et d ' idéals brisés .",
                  "id": "6",
                  "title": "Mes poésies d'amour et de jeunesse : la plupart inédites / Alexandre Weill"
            },
            {
                  "doc_url": "https://gallica.bnf.fr/ark:/12148/bpt6k200708k",
                  "emotions": [
                        "annoyance",
                        "disapproval",
                        "love",
                        "doubt"
                  ],
                  "excerpt": "LXIV J j J ' ai grondé ainsi la viole .tte précoce : « Suaye friponne , où as - tu vol ~ le parfum que tu exhales , si ce n ' est au souffle de mon amour ? Cet éclat empourpré , qui fai ) .le teint de ta joue si douce , tu l ' as pris trop grossièrement à ses veines , w J ' ai condamné le lis au nom de ta main , et le bourgeon de la marjolaine comme plagiaire de tes cheveux .",
                  "id": "7",
                  "title": "Oeuvres complètes de W. Shakespeare. T. 15 / François-Victor Hugo trad."
            },
            {
                  "doc_url": "https://gallica.bnf.fr/ark:/12148/bpt6k200708k",
                  "emotions": [
                        "love",
                        "nostalgia"
                  ],
                  "excerpt": "Shakespeare mentionne lui - même un intervalle de plusieurs années entre ses premiers sonnets et ses derniers .Ainsi il dit au cxm \" sonnet « Notre amour était tout nouveau quand j ' avais coutume de le fêter de mes chants » et il ajoute au cxx ' « Le parfum de trois avrils a été brûlé à la flamme de trois juins depuis que je vous ai vu pour la première fois .» Le cxie sonnet commence par ce vers « Où es - tu , Muse , pour avoir oublié si longtemps de parler » de celui qui te donne toute ta puissance ? ) ) Conséquemment , en admettant seulement un espace de trois ans entre le premier sonnet et le dernier , c ' est en 1594 que Shakespeare aurait commencé à célébrer sa liaison avec William Herbert .",
                  "id": "8",
                  "title": "Oeuvres complètes de W. Shakespeare. T. 15 / François-Victor Hugo trad."
            },
            {
                  "doc_url": "https://gallica.bnf.fr/ark:/12148/bpt6k1039133h",
                  "emotions": [
                        "grief",
                        "disapproval",
                        "love"
                  ],
                  "excerpt": "Vivre de ton amour , dans un repos paisible .Et mourir près de toi , grisé de ton parfum .Georges PILLEMENT .",
                  "id": "9",
                  "title": "Le Scarabée : revue littéraire, artistique et théâtrale : paraissant six fois l'an / directeurs-fondateurs Étienne Marie et Jean Cassou"
            },
            {
                  "doc_url": "https://gallica.bnf.fr/ark:/12148/bpt6k5457687h",
                  "emotions": [
                        "love"
                  ],
                  "excerpt": "Elle est blonde et créole , et ressemble à ces fleurs Qui sous un ciel de flamme étalent leurs couleurs , Mais dont germa la graine au sol froid de l ' Europe ; Frêles et sans éclat dans notre climat gris , Elles ont , au soleil dorant leur enveloppe , Épanoui leur sève et révélé leur prix .108 POÈMES DE FRANCE ET DE BOURBON LA FLEUR DE REVE Nous cueillerons la fleur de rêve Sur les bords de la mer d ' amour .Veux - tu ? Nous irons , au déclin du jour , Tous deux nous asseoir sur l ' or de la grève .",
                  "id": "10",
                  "title": "Poèmes de France et de Bourbon / Maurice Olivaint"
            },
            {
                  "doc_url": "https://gallica.bnf.fr/ark:/12148/bpt6k5457687h",
                  "emotions": [
                        "love"
                  ],
                  "excerpt": "Et ce regard , ciel enchanté , Et ce sourire , astre de flamme , Épanouissent dans mon âme La fleur d ' amour et de beauté .11 122 POÈMES DE FRANCE ET DE BOURBON LE RÉVEIL LES roses parfument l ' air rose ; L ' aurore , amoureuse des fleurs , Afin de réveiller ma Rose , Réveille les oiseaux siffleurs .Les martins , chantant sur les branches , Fondent , mélodieux essaim , Leurs notes d ' or aux perles blanches Qu ' égrène à doux bruit le bassin .",
                  "id": "11",
                  "title": "Poèmes de France et de Bourbon / Maurice Olivaint"
            },
            {
                  "doc_url": "https://gallica.bnf.fr/ark:/12148/bpt6k5457687h",
                  "emotions": [
                        "love",
                        "nostalgia",
                        "gratitude"
                  ],
                  "excerpt": "AMOURS CRÉOLES I47 LES ROSES CES roses ne sont pas les roses De la saison où tu m ' aimais : Un souffle emporta pour jamais Amours et fleurs ensemble écloses .Mais votre parfum est le même , Fleurs d ' aujourd ' hui , fleurs d ' autrefois ; C ' est celui qui grisait ta voix Lorsque tu me disais : \" Je t ' aime ! \" Pourtant , chaque rose a son âme Qui la distingue d ' une soeur ; La fleur diffère de la fleur Par l ' arôme , ainsi qu ' une femme .Ces roses - ci , pour quelle cause Ont - elles , roses de jadis , Votre parfum de paradis ? Vois - tu , c ' est par métempsycose .",
                  "id": "12",
                  "title": "Poèmes de France et de Bourbon / Maurice Olivaint"
            },
            {
                  "doc_url": "https://gallica.bnf.fr/ark:/12148/bpt6k5457687h",
                  "emotions": [
                        "love",
                        "nostalgia",
                        "excitement",
                        "pride",
                        "gratitude",
                        "envy"
                  ],
                  "excerpt": "Penchant vers nous son front charmant , Dans un sourire , la montagne Excusait mes transports d ' amant , Par les grâces de ma compagne .Piton des Neiges ! Fiers sommets ! Double cime de Salazie ! Vous savez combien je l ' aimais : Devant vous , je l ' avais choisie ! Nous aspirions à pleins poumons L ' air parfumé de fleurs légères Qui frôlait le versant des monts En courbant les molles fougères .Et nous aspirions à plein coeur L ' harmonieux épithalame Que les oiseaux chantaient en choeur Pour nous verser l ' amour dans l ' âme .",
                  "id": "13",
                  "title": "Poèmes de France et de Bourbon / Maurice Olivaint"
            },
            {
                  "doc_url": "https://gallica.bnf.fr/ark:/12148/bpt6k5457687h",
                  "emotions": [
                        "love",
                        "desire",
                        "nostalgia"
                  ],
                  "excerpt": "Les gardénias , ainsi que des pleurs , Dans le sein des eaux répandent leurs fleurs ; La vague molle et murmurante Mêle sa voix aux doux aveux ; Un long balancement de corolle odorante Caresse la senteur subtile des cheveux , Et mêle les parfums épars dans la prairie Aux parfums de la rêverie .Murmure des flots , murmure d ' amour , Parfums de corolle et parfums de rêve Errent lentement le soir sur la grève Où je veux t ' attendre au déclin du jour .Tous deux nous irons sur l ' or de la grève : Nous cueillerons la fleur de rêve Sur les bords de la mer d ' amour .",
                  "id": "14",
                  "title": "Poèmes de France et de Bourbon / Maurice Olivaint"
            },
            {
                  "doc_url": "https://gallica.bnf.fr/ark:/12148/bpt6k5457687h",
                  "emotions": [
                        "surprise",
                        "love",
                        "desire",
                        "nostalgia",
                        "gratitude",
                        "envy",
                        "disappointment"
                  ],
                  "excerpt": "Nos regards éperdus disaient : \" Nous nous aimons ! \" Nos mains disaient : \" Tout aime et célèbre la vie ! \" Parfois , jaillissement de ton âme ravie , Ton franc rire claquait , sonore et musical , Dans la blonde splendeur du soleil tropical , Dont l ' écrin ruisselait sur ta splendeur de blonde .Et tes regards disaient qu ' il est bon d ' être au monde , Et mes doigts frémissants te disaient mon désir ; AMOURS CRÉOLES 131 Et nous ne songions point qu ' on pût aussi mourir En cette solitude heureuse et printanière Où les parfums vers toi montaient dans la lumière Comme un encens fumant devant un autel d ' or .Mais bientôt le joyeux et magique décor Disparut ; nous étions parvenus à l ' orée Des bois qui s ' inclinaient sur ta tête adorée .",
                  "id": "15",
                  "title": "Poèmes de France et de Bourbon / Maurice Olivaint"
            },
            {
                  "doc_url": "https://gallica.bnf.fr/ark:/12148/bpt6k5457687h",
                  "emotions": [
                        "grief",
                        "love",
                        "nostalgia",
                        "relief",
                        "gratitude",
                        "calmness"
                  ],
                  "excerpt": "Martins et cardinaux prennent déjà l ' essor , Et remplissent le ciel de chants qui troublent l ' âme Comme un harmonieux et tendre épithalame .Oh ! viens te reposer à l ' ombre , sur les fleurs Qui parmi la fougère enlacent leurs couleurs , Et bercent des parfums qui semblent des caresses .Viens ; les beaux papillons , frôlant tes blondes tressés , Y feront resplendir de vivants diamantSj Et , ravis par l ' éclat de tes regards charmants , Mes baisers voleront sur tes lèvres mi - closes , Comme un essaim léger d ' abeilles sur des roses .",
                  "id": "16",
                  "title": "Poèmes de France et de Bourbon / Maurice Olivaint"
            },
            {
                  "doc_url": "https://gallica.bnf.fr/ark:/12148/bpt6k35074b",
                  "emotions": [
                        "grief",
                        "sadness",
                        "love",
                        "nostalgia",
                        "disappointment"
                  ],
                  "excerpt": "Là où palpitait la vie , le silence règne ; on n ' entend plus qu ' un bruit : le clapotement monotone de l ' eau qui tombe sur les feuilles .Les fleurs ellel - mêmes , ces amantes du soleil , replient tristement leurs têtes et attendent , dans l ' attl * tude de la résignatir ~ n , un prochain rayon de lumière pour livrer de nouveau à l ' air les parfums qu ' elles concentrent dans leurs corolles .Je ne parle pas ici des autres con - séquences du mauvais temps sur la campagne , des ruisseaux débordant , des plaines submei - gées , des routes rendues impraticables .",
                  "id": "17",
                  "title": "Souvenirs de la Champagne, une promenade à Saint-Martin d'Ablois / par Eugène Mahon de Monaghan..."
            },
            {
                  "doc_url": "https://gallica.bnf.fr/ark:/12148/bpt6k96099821",
                  "emotions": [
                        "anger",
                        "love",
                        "courage",
                        "excitement"
                  ],
                  "excerpt": ".et , tout d ' un coup , vlan ! lancé de toute son ardeur sur ce sillage odorant , facile à suivre comme une grande route , il vint trébucher , gueule ouverte , dans les jambes de son maître , qui faillit bien lui lâcher dans le nez son coup de fusil .Les deux compères , ahuris , se regardèrent .",
                  "id": "18",
                  "title": "La vie des bêtes : études et nouvelles ; suivies de Lebrac, bûcheron : roman inachevé (9e édition) / Louis Pergaud ; introduction de Edmond Rocher"
            },
            {
                  "doc_url": "https://gallica.bnf.fr/ark:/12148/bpt6k9782183z",
                  "emotions": [
                        "love"
                  ],
                  "excerpt": "Madame Henriette , beau rose , plus clair au centre , grande ou moyenne , pleine .Perpétuelle la Reine , très - grande , pleine , bien faite , rose satiné nuancé de lilas , tendre , odorante .Pompon de La Queue , carnée , moyenne , pleine , très - bien faite .",
                  "id": "19",
                  "title": "Traité de jardinage en pleine terre, en orangerie et serre froide ou châssis... : extrait de la Maison de campagne de Mme Aglaé Adanson"
            },
            {
                  "doc_url": "https://gallica.bnf.fr/ark:/12148/bpt6k63386914",
                  "emotions": [
                        "grief",
                        "love",
                        "pain"
                  ],
                  "excerpt": "Mais au moment où je me baissais pour souffler dans le calice d ' une rose , Aluch - Hassan , qui s ' était caché dans la touffe du rosier , retira subtilement la rose et m ' offrit à la place sa bouche qui reçut le souffle et le baiser .La bouche de mon bien - aimé était si brûlante que tout le parfum de la mienne s ' évapora à son contact , et ce jour - là les roses n ' eurent point d ' odeur .« Ce fut ma première faute .",
                  "id": "20",
                  "title": "Le Masque de fer (Edition nouvelle) / [Camille Leynadier]"
            }
      ]
}