{
      "articles": [
            {
                  "doc_url": "https://gallica.bnf.fr/ark:/12148/bpt6k9767432p",
                  "emotions": [
                        "love",
                        "calmness"
                  ],
                  "excerpt": "On était allé , comme tous les ans , chercher du sel dans les îles , et lui s ' était repris d ' amour , à Saint - Martin - de - Ré , pour certaine fille brune , sa maîtresse du précédent automne .Ensemble ils s ' étaient promenés , au dernier gai soleil , dans les vignes rousses toutes remplies du chant des alouettes , tout embaumées par les raisins mûrs , les œillets des sables et les senteurs marines des plages ; ensemble ils avaient chanté et dansé des rondes à ces veillées de vendange où l ' on se grise , d ' une ivresse amoureuse et légère , en buvant le vin doux .Ensuite , la Marie ayant poussé jusqu ' à Bordeaux , il avait retrouvé , dans un grand estaminet tout en dorures , la belle chanteuse à la montre , et s était négligemment laissé adorer pendanthuit nouveauxjours .",
                  "id": "1",
                  "title": "Pêcheur d'Islande : roman / Pierre Loti ; compositions de E. Rudaux"
            },
            {
                  "doc_url": "https://gallica.bnf.fr/ark:/12148/bpt6k121043f",
                  "emotions": [
                        "fear",
                        "love",
                        "desire",
                        "nervousness"
                  ],
                  "excerpt": "Aussitôt le grand exécuteur laissa tomber sa lame parmi les ondes blondoyantes ; et l ' on eût dit une faux sinistre dans une énorme gerbe qui se brise .Anxieuse , la belle fille soupira , mais son amant les - yeux mi - clos , les reins parcourus d ' un frisson lent , ne bougeaitpoint , car le désastre de cette chevelure lui créait de fantastiques toisons , des toisons qui , lubriques , le chatouillaient délicieusement en le noyant de soleil neuf et d ' odeur blonde .Puis , dans la nonchalance de cette caresse enlaçante , il montra cette fois les mains lourdes d ' anneaux de la vierge amie .",
                  "id": "2",
                  "title": "La Feuille libre : revue bi-mensuelle littéraire, théâtrale & artistique / directeur-rédacteur en chef Gabriel Martin"
            },
            {
                  "doc_url": "https://gallica.bnf.fr/ark:/12148/bpt6k9787719d",
                  "emotions": [
                        "love",
                        "nostalgia"
                  ],
                  "excerpt": "Les chiens aboient , les valets paraissent avec des flambeaux ; je gravis l ' escalier de marbre en faisant retentir mes éperons sonores .Dans une chambre garnie de tapis et brillamment éclairée , au milieu d ' une atmosphère tiède et parfumée , ma bien - aimée m ' attend .— Je me précipite dans ses bras .",
                  "id": "3",
                  "title": "Poëmes et légendes (Nouvelle édition) / par Henri Heine"
            },
            {
                  "doc_url": "https://gallica.bnf.fr/ark:/12148/bpt6k200996j",
                  "emotions": [
                        "surprise",
                        "love",
                        "nostalgia"
                  ],
                  "excerpt": "Non , c ' était la première ! DAGOBERT .Leur parfum s ' exhalait si pur ! Ce fut soudain Comme si je t ' aimais au milieu d ' un jardin .A l ' heure où la rosée en pleurs brille dans l ' herbe ! Tu rassemblais en toi , comme dans une gerbe , L ' innombrable parfum d ' un matin ' de printemps .",
                  "id": "4",
                  "title": "Le bon roi Dagobert : comédie en quatre actes, en vers : représentée pour la première fois sur la scène du Théâtre-Français, le 7 octobre 1908 / André Rivoire"
            },
            {
                  "doc_url": "https://gallica.bnf.fr/ark:/12148/bpt6k61425761",
                  "emotions": [
                        "joy",
                        "grief",
                        "love",
                        "nostalgia"
                  ],
                  "excerpt": ".C ' était le nom de celle que j ' aimais ! MARIE Lorsque du vent du soir L ' haleine parfumée Courait sous le ciel noir Ou sur l ' onde argentée , Tu venais souriante , T ' en souvient - il ? ma belle , T ' asseoir dans ma nacelle Aux flots obéissante ; Et quand riait l ' aurore Rose printemps du jour , Nous chantions encore Notre premier amour ..",
                  "id": "5",
                  "title": "Les Rêveries, poésies, suivies de Cousin-Cousine, comédie en 1 acte, en vers / Albert Huguenin"
            },
            {
                  "doc_url": "https://gallica.bnf.fr/ark:/12148/bpt6k96112150",
                  "emotions": [
                        "love",
                        "gratitude",
                        "calmness"
                  ],
                  "excerpt": "La % erre y étoit couverte » d ' un gazon toujours verd & émaillé » des plus riantes fleurs .Dans ce climat » enchanté , jamais le rigoureux hy ver » ne pénétre ; les ardeurs brûlantes de » l ' été ne s ' y font jamais sentir : on y » respire en tout temps un air délicieux , » que tempere le doux Zéphire , & que » l ' aimable Flore parfume .Au milieu de » cette belle plaine & sur le bord d ' un » lac , étoit un magnifique palais d ' où » l ' on découvroit la mer & les isles voi - » sines , sur lesquelles ce somptueux édi135 sice sembloit dominer .",
                  "id": "6",
                  "title": "Essai sur le récit, ou Entretien sur la manière de raconter . Par M. l'abbé Bérardier de Bataut,..."
            },
            {
                  "doc_url": "https://gallica.bnf.fr/ark:/12148/bpt6k67516n",
                  "emotions": [
                        "grief",
                        "love",
                        "nostalgia"
                  ],
                  "excerpt": ".Ah les brûlants baisers par d ' autres effacés Qui - plus brûlants encore à d ' autres ont faitplace Tels que tous ceux d ' avantétaient froids comme glace Ah les hasardeux pas sur un glissant chemin 1 Les entrelacements de ses doigts dans ma main 1 Les regards alanguis 1 - ~ es morbides étreintes 1 Le sensuel parfum dont ses chairs sont empreintes De ses seins s ' en venait sur son col expirer Et je la dégranai pour mieux la respirer .RUT Sans ses voluptés j ' ai d ' un cerveau de génie Les tourments .",
                  "id": "7",
                  "title": "II*** / Léo d'Arkaï"
            },
            {
                  "doc_url": "https://gallica.bnf.fr/ark:/12148/bpt6k5716027g",
                  "emotions": [
                        "admiration",
                        "joy",
                        "love",
                        "gratitude"
                  ],
                  "excerpt": "Ah ! sans toi l ' Éden solitaire N ' eût été qu ' un désert maudit ; Sans toi , l ' empire « le la terre Vaut - il la tente ou la chaumière ( Juc Ion doux sourire bénit ? Ta bouche est plus fraîche el plus pure Que la rose au frais incarnat ; Le voile de ta chevelure Surpasse en beauté la parure De la chèvre de Galaad .Mais cette grâce ravissante , Ce charme à tes pas attaché , Qu ' est - ce auprès de ton âme aimante , Auprès de ta vertu touchante , Du trésor en ton coeur caché ? — 07 — oh ! la femme forte el pieuse Est un vase de saintetés ; C ' est une perle précieuse , C ' est une étoile radieuse , Qui répand de douces clartés ! Ange , par le bonheur suivie , De son parfum suave et doux Elle inonde l ' âme ravie , Elle verse toute la vie La joie au coeur de son époux .Tandis qu ' aux portes de la ville Il siège au rang des sénateurs ; Pour prix de sa sagesse utile , Tandis qu ' il recueille , tranquille , Et du respect et des honneurs , Elle , modeste et retirée , Prodigue d ' amour et de soins , De ses fils saintement parée , De ses servantes entourée Elle veille à tous les besoins .",
                  "id": "8",
                  "title": "Choix de mélodies hébraïques (2e édition, suivies d'une tragédie tirée de l'Écriture sainte et de quelques autres pièces inédites) / par François Vidal,..."
            },
            {
                  "doc_url": "https://gallica.bnf.fr/ark:/12148/bpt6k6543971m",
                  "emotions": [
                        "love"
                  ],
                  "excerpt": "Sel ammoniac et hydrochlorate d ' ammoniaque , brut et raffiné .Son d ' amandes , non parfumé .Talc en morceaux et pulvérisé .",
                  "id": "9",
                  "title": "Recueil des tarifs des douanes de l'Europe : d'après les lois et règlements en vigueur, mis au courant jusqu'au 1er janvier 1860 / par M. Desroches..."
            },
            {
                  "doc_url": "https://gallica.bnf.fr/ark:/12148/bpt6k58673157",
                  "emotions": [
                        "admiration",
                        "love",
                        "gratitude",
                        "calmness",
                        "approval"
                  ],
                  "excerpt": "Il est une autre fleur , dont les grâces sans nombre Se rehaussent encor de beauté , de fraîcheur .Quand son parfum suave arrive sans encombre , On dirait savourer une céleste odeur ! Telle est celle que j ' aime : et belle et gracieuse , La douceur qui sourit sur sa lèvre amoureuse Mêle un ton angélique à ses attraits puissants .Sur son candide front la modestie est peinte ; Et ses beaux yeux , qui dans mon coeur ont leur empreinte , Embaument mon amour de charmes séduisants .",
                  "id": "10",
                  "title": "Littérature contemporaine.... Série 4 / publiées par Évariste Carrance"
            },
            {
                  "doc_url": "https://gallica.bnf.fr/ark:/12148/bpt6k61198164",
                  "emotions": [
                        "love",
                        "nostalgia",
                        "gratitude"
                  ],
                  "excerpt": "181 £ IÎ Couronne îrr Cijprfe .RESPECTEZ ces fleurs que j ' adore , Non , pour moi ne les cueillez pas ! Long - temps laissez - les vivre encore Pour embellir d ' autres appas ; Puisqu ' au malheur je m ' abandonne Près de moi ne riez jamais , Et si j ' accepte une couronne Ne la faites que du cyprès ! Du houx la feuille est trop brillante , Du lys je crains aussi l ' odeur , Même l ' églantine odorante Est trop suave pour mon coeur ; 16 .182 ROMANCES .",
                  "id": "11",
                  "title": "Poésies nouvelles, par Pierquin de Gembloux,..."
            },
            {
                  "doc_url": "https://gallica.bnf.fr/ark:/12148/bpt6k857377r",
                  "emotions": [
                        "love"
                  ],
                  "excerpt": "— On peut aromatiser le ratafia de noyaux soit à la vanille , soit à la cannelle , mais le goût de noyau est de beaucoup préférable .Si l ' on broyé les noyaux avec les amandes mondées , le parfum est plus exquis , plus fin .On fait aussi de l ’ eau de noyau avec la cerise , la merise , le bigarreau ; le noyau de la mirabelle a également un très bon goût .",
                  "id": "12",
                  "title": "Le pâtissier moderne : suivi d'un traité de confiserie d'office / par Gustave Garlin,..."
            },
            {
                  "doc_url": "https://gallica.bnf.fr/ark:/12148/bpt6k58673157",
                  "emotions": [
                        "surprise",
                        "joy",
                        "love",
                        "caring"
                  ],
                  "excerpt": "C ' est le rêve enchanté du poète en délire ; Le doux chant que l ' oiseau module dans les airs ; L ' Océan qui mugit ; le ruisseau qui soupire ; La foudre qui résonne au sein de longs éclairs .L ' Amour , c ' est ce grand mot que deux lèvres de rose Épellent en tremblant , — secret mystérieux ! — C ' est la fleur qui sourit et brille à peine éclose , Livrant au doux zéphyr ses parfums précieux .30 C ' est un jour de printemps rempli de poésie ; Un rayon de soleil ; une goutte de miel ; C ' est un nectar divin ; c ' est la .",
                  "id": "13",
                  "title": "Littérature contemporaine.... Série 4 / publiées par Évariste Carrance"
            },
            {
                  "doc_url": "https://gallica.bnf.fr/ark:/12148/bpt6k58673157",
                  "emotions": [
                        "admiration",
                        "joy",
                        "love",
                        "nostalgia",
                        "gratitude",
                        "approval"
                  ],
                  "excerpt": "» Avec vos chants d ' amour vers la voûte éthérée Mon âme montera dans un premier concert .A tes plus doux parfums belle fleur azurée Mon souffle se joindra sur ton sein entr ' ouvert .Extase , enivrement , confusion des âmes Dans un sublime accord , que vos moments sont courts .",
                  "id": "14",
                  "title": "Littérature contemporaine.... Série 4 / publiées par Évariste Carrance"
            },
            {
                  "doc_url": "https://gallica.bnf.fr/ark:/12148/bpt6k5436434t",
                  "emotions": [
                        "admiration",
                        "love",
                        "gratitude",
                        "caring",
                        "faith"
                  ],
                  "excerpt": ".A toi , Marie , à tes célestes charmes Les doux parfums d ' un immortel amour ! ..",
                  "id": "15",
                  "title": "Mois de Marie : trente-trois choeurs religieux, hymnes et cantiques à trois voix égales... / paroles de M. Dralliat..."
            },
            {
                  "doc_url": "https://gallica.bnf.fr/ark:/12148/bpt6k3040466t",
                  "emotions": [
                        "love"
                  ],
                  "excerpt": "Le ciel est assombri encore par des nuages opaques , d ’ un gris livide , qui se tiennent par longues bandes , et semblent très haut , très loin de notre monde .Le vent vient de terre , et la montagne mouillée nous envoie ses senteurs plus fortes .Tl est déjà tard .",
                  "id": "16",
                  "title": "Fleurs d'ennui ; Pasquala Ivanowitch ; Voyage au Monténégro ; Suleima (17ème éd.) / Par Pierre Loti"
            },
            {
                  "doc_url": "https://gallica.bnf.fr/ark:/12148/bpt6k5473900x",
                  "emotions": [
                        "joy",
                        "love",
                        "gratitude"
                  ],
                  "excerpt": "Ce n ' est rien de tout cela .Quand par la fraîcheur du matin ^ La jeune Flore réveillée Reçoit Zéphyre suf son s ' ein , Sous les branches et la feuillée De l ' oranger et du jasmin , Mille roses s ' épanouissent : Les gazons plus fi ais 1 everdissent : Tout se ranime x et chaque fleur , Par ces tendres amans foulée , De sa tige renouvelée Exhale une plus douce odeur .DE POMPIGNAN .",
                  "id": "17",
                  "title": "Voyages en France, ornés de gravures, avec des notes par La Mésangère. Vol. 1"
            },
            {
                  "doc_url": "https://gallica.bnf.fr/ark:/12148/bpt6k5787106w",
                  "emotions": [
                        "love",
                        "gratitude",
                        "faith"
                  ],
                  "excerpt": "Que votre âme , ô Jésus , unie à la mienne , réjouisse ma mémoire du souvenir continuel de vos bienfaits ; qu ' elle nourrisse mon in - telligence des vérités de la foi , et qu ' elle enivre mon coeur du vin de votre divin amour ! Que les plaies de vos mains sacrées , sur lesquelles vous ' m ' avez écrit , me rappellent tous les jours votre amour ; que je trouve mon repos dans les plaies de vos pieds , et , afin que j ' y repose doucement , faites que mon coeur oublie les choses de la terre , et soit rempli du désir des choses du ciel , afin que la plaie de votre côté soit pour moi comme un sanctuaire où j ' adore votre coeur .De ce coeur sacré s ' élèvent vers le Seigneur a comme un encens d ' agréable odeur , les actes du plus ardent amour ; je vous les offre , ô Père céleste , comme le supplément de notre tiédeur et de notre indifférence .Consumez en nous toutes les affections basses et terrestres , et que le feu d ' une charité parfaite envers Dieu et le prochain excite et réchauffe nos âmes .",
                  "id": "18",
                  "title": "Vie de saint Roch, suivie des litanies, de la messe et d'une antienne en son honneur / méditations par le prince Alex. de Hohenlohe..."
            },
            {
                  "doc_url": "https://gallica.bnf.fr/ark:/12148/bpt6k97364596",
                  "emotions": [
                        "admiration",
                        "love",
                        "pride",
                        "gratitude",
                        "envy",
                        "approval"
                  ],
                  "excerpt": "' u chasses les soucis et la mélancolie ; Tu charmes les festins , et dans les jeux divers , Ta mousse fait jaillir l ' éclair de la saillie ; N Et père des bons mots , tu produis les beaux vers .Que j ' aime ta beauté toujours fraîche , ingénue ! L ' envie insulte seule à tes charmes vainqueurs , Si ta vive clarté flatte soudain la vue , Ton parfum savoureux réjouit tous les cœurs .Champagne , loin de toi ces mélanges perfides Qui d ' un suc adultère infectent notre sang ! Pourrois - tu receler des poisons homicides ? e vin comme les cœurs chez nous est toujours franc , - Jamais d ' une vapeur subtile et malfaisante , Tes feux n ' ont obscurci le débile cerveau ; Tes jaloux ont - ils vu ta liqueur bienfaisante Surcharger l ' estomac d ' un importun fardeau ? Dans ten cours libre et pur , hôtesse criminelle , D ' un sédiment pierreux endurcis - tu nos reins ? Enfin as - tu jamais de la goutte rebelle , Fait sentir la torture et les traits assassins ? Mais ne prodigue point ton heureuse saillie : Que tes dons attendus ne brillent qu ' au dessert , Mère de la gaîté , de l ' aimable folie , Viens donner le signal du plus joyeux concert .",
                  "id": "19",
                  "title": "Almanach littéraire ou Etrennes d'Apollon"
            },
            {
                  "doc_url": "https://gallica.bnf.fr/ark:/12148/bpt6k6467494f",
                  "emotions": [
                        "love"
                  ],
                  "excerpt": "léger , plus gros que l ' un et l ' autre , blanc grisâtre à l ' intér ., plus tendre que le petit , odeur moins aromatique , plus âcre .— Les racines de G .",
                  "id": "20",
                  "title": "Nouveau Dictionnaire lexico graphique et descriptif des sciences médicales et vétérinaires... par Messieurs Raige-Delorme,... H. Bouley..."
            }
      ]
}