{
      "articles": [
            {
                  "doc_url": "https://gallica.bnf.fr/ark:/12148/bpt6k1265582f",
                  "emotions": [
                        "love",
                        "nostalgia",
                        "gratitude",
                        "pain",
                        "faith"
                  ],
                  "excerpt": "Je rappelais la douceur infinie De tes yeux noirs , si bien faits pour charmer , Et l ' on disait , non sans quelque ironie : « Est - ce pour ça qu ' il ne veut plus l ' aimer ? » IV Ne gâtons pas , mignonne , en cette vie , Quelques moments heureux qui nous sont dus , Et soulageons notre âme inassouvie En rattrapant tous nos baisers perdus .Dieu , pour calmer nos pénibles névroses , Sur cette terre , à côté des tourments , Mit le parfum aux calices des roses Et le baiser aux lèvres des amants .~ LE THÉÂTRE NATURALISTE LE THÉÂTRE NATURALISTE MUSIQUE DE EUGÈNE LEMEHCIEK A D lier s .",
                  "id": "1",
                  "title": "Autour du moulin : chansons de la Butte... / Eugène Lemercier ; musique dans le texte par P. Blétry, Désiré Dihau, Emile Galle, L. Dequin, O. Lamart, H. Waïss, Fragson, Eugène Lemercier"
            },
            {
                  "doc_url": "https://gallica.bnf.fr/ark:/12148/bpt6k5681202g",
                  "emotions": [
                        "love",
                        "nostalgia",
                        "courage",
                        "disappointment"
                  ],
                  "excerpt": "Tu planais sur mon âme avec tes blanches ailes d ' ange , et je te voyais t ' abattre sur ma vie comme une colombe sur un toit heureux ; mais hélas ! ta voix était trop douce pour me suivre loin , et la senteur de ta vertu s ' est vite évaporée .J ' allais , au départ , secouant mon coeur comme un sachet embaumé , et je défiais toutes les brises ; mais le vent m ' a emporté mon amour , et la fleur n ' a pas même eu le temps de sécher dans les plis du livre .Je ne connaissais pas les fausses ivresses .",
                  "id": "2",
                  "title": "Commentaires de la vie : un conte de fée ; une soirée à San Germano ; Faustine ; les Deux momies / L. Laurent-Pichat"
            },
            {
                  "doc_url": "https://gallica.bnf.fr/ark:/12148/bpt6k5681202g",
                  "emotions": [
                        "love",
                        "nostalgia"
                  ],
                  "excerpt": "Je rouvre la maison ; je parcours le jardin ! Les arbres sont grands aujourd ' hui ! La nature nous attend encore ! Je me figure quelquefois qu ' elle est absente quand je reviens , et que je finirai par la retrouver une fois et par m ' installer là - bas avec elle ! Je nourris une illusion dont je ne suis pas dupe , et qui me fait vivre .Chaque année , durant le pèlerinage que je fais à mon jardin , je cueille un bouquet que j ' emporte ; il se fane sur mon coeur , et , quand je me sens harassé de la vie , je demande un parfum à ces fleurs mortes .J ' ai sur mon album un croquis de ma maisonnette et je traîne avec moi mes reliques , comme un Bias de l ' amour ! En disant ces mots , l ' Anglais tira de nouveau son album , nous montra le dessin d ' un petit cottage et respira douloureusement un paquet de fleurs sèches et aplaties entre les feuilles de papier .",
                  "id": "3",
                  "title": "Commentaires de la vie : un conte de fée ; une soirée à San Germano ; Faustine ; les Deux momies / L. Laurent-Pichat"
            },
            {
                  "doc_url": "https://gallica.bnf.fr/ark:/12148/bpt6k111801j",
                  "emotions": [
                        "love",
                        "nostalgia"
                  ],
                  "excerpt": "Elle n ' aimait pas cette attitude de confident et de conseiller .C ' était donc de cette manière qu ' il l ' aimait I Pourquoi ne l ' aimait - il pas pour ce qu ' elle avait en elle de vraiment mystérieux , pour ses yeux à plusieurs couches de regards , pour ses cheveux tièdes comme les veines , ses cheveux noirs et acres , qui avaient l ' odeur du bois sec et de la fumée ; pour son âme enfin , au fond de laquelle , sous les ondes emmêlées , roulait l ' enfantin caillou blanc du désir .Pierre Valence s ' entretenait avec Henri de ce qu ' on pourrait faire pour amuser Sabine , si bien qu ' elle , ayant senti leur coalition affectueuse , avait repoussé soir , d ' un rire méchant qui était aigu et insolent comme un coup de coude , leur projet de l ' emmener à la campagne .",
                  "id": "4",
                  "title": "La nouvelle espérance / Comtesse Mathieu de Noailles"
            },
            {
                  "doc_url": "https://gallica.bnf.fr/ark:/12148/bpt6k5844218n",
                  "emotions": [
                        "admiration",
                        "joy",
                        "love",
                        "nostalgia",
                        "gratitude",
                        "faith"
                  ],
                  "excerpt": "Qu ' a - t - elle fait à Dieu ? Dès qu ' elle voit souffrir elle console et pleure ; Elle a des mots si vrais , talismans des chagrins ; Ses traits sont gracieux , délicats et sereins ; H en est de plus belle , en est - il de meilleure ? Son regard m ' est si tendre et son parler si doux ! A l ' entendre conter comme j ' oubliais l ' heure ! Comme les soirs d ' hiver étaient charmans pour nous ! 170 AMERTUME .Elle aime l ' Océan , - miroir de sa patrie , Dont les flots sont changeans , les aspects solennels ; Elle aime ( mon regard et ma voix attendrie Quand nous parlons des cieux , des amours éternels ; Elle aime le jasmin , la fraise parfumée , \" t , i ..",
                  "id": "5",
                  "title": "Confessions poétiques, par Gustave Drouineau"
            },
            {
                  "doc_url": "https://gallica.bnf.fr/ark:/12148/bpt6k57900146",
                  "emotions": [
                        "love",
                        "nostalgia",
                        "relief",
                        "calmness"
                  ],
                  "excerpt": "Tout ce monde riait le printemps .Tout ce monde respirait le charme délicat de ces heures douces , le léger parfum d ' amour qui flotte autour des Parisiennes , sous les arbres élyséens , aux jeunes soirs de mai .Le torrent de vie roulait allègrement , dans la joie et la lumière , il frôlait de son gai clapotis les parois de la cuve infernale où des hommes agonisaient , martyrisés par d ' autres hommes .",
                  "id": "6",
                  "title": "Les morts qui parlent / par le Vte E.-M. de Vogüé"
            },
            {
                  "doc_url": "https://gallica.bnf.fr/ark:/12148/bpt6k204948p",
                  "emotions": [
                        "love"
                  ],
                  "excerpt": "MYRSINE , arbrisseau laiteux d ' ÉthiO ' pie .MYRTE , arbrisseau rosacé , odorant , totijours vert , symbole de l ' amour .Du lat .",
                  "id": "7",
                  "title": "Dictionnaire étymologique de la langue françoise, où les mots sont classés par familles : contenant les mots du dictionnaire de l'Académie françoise.... précédé d'une Dissertation sur l'étymologie. T. 2 / par B. de Roquefort,... ; par J.-J. Champollion-Figeac,..."
            },
            {
                  "doc_url": "https://gallica.bnf.fr/ark:/12148/bpt6k4237985g",
                  "emotions": [
                        "joy",
                        "love",
                        "nostalgia",
                        "excitement",
                        "relief",
                        "gratitude"
                  ],
                  "excerpt": "28 septembre 1858 .Sous ces ombrages ravissants , Sur cette rive parfumée , Parmi ces zéphyrs caressants , Quel bonheur , brune tant aimée , Quand je te tiens , quand je te sens , Entre mes dents bien allumée ! ..",
                  "id": "8",
                  "title": "La Bretagne artistique, pittoresque et littéraire : courrier de l'art et la curiosité dans les départements de l'Ouest"
            },
            {
                  "doc_url": "https://gallica.bnf.fr/ark:/12148/bpt6k62043140",
                  "emotions": [
                        "love",
                        "calmness"
                  ],
                  "excerpt": "Apul .Doux , suave , parfumé comme le nectar .NECTÁR Ī TES , œ , m .",
                  "id": "9",
                  "title": "Dictionnaire latin français (Nouvelle édition) / rédigé sur un nouveau plan... par MM. L. Quicherat et A. Daveluy..."
            },
            {
                  "doc_url": "https://gallica.bnf.fr/ark:/12148/bpt6k62043140",
                  "emotions": [
                        "love",
                        "approval"
                  ],
                  "excerpt": "Plin .Odorant , oderiférant .il Mart .",
                  "id": "10",
                  "title": "Dictionnaire latin français (Nouvelle édition) / rédigé sur un nouveau plan... par MM. L. Quicherat et A. Daveluy..."
            },
            {
                  "doc_url": "https://gallica.bnf.fr/ark:/12148/bpt6k57208460",
                  "emotions": [
                        "love",
                        "envy"
                  ],
                  "excerpt": "La nuit , le jour , un seul objet l ' occupait tout entier .Si la jeune Marie semblait trouver du plaisir à contempler une fleur , à respirer ses parfums , il ne prenait point de repos jusqu ' à ce que cette fleur préférée fût partout sur son chemin , partout frappât ses regards .Un soir , en se promenant dans le parc , elle pousse un long cri .",
                  "id": "11",
                  "title": "Contes philosophiques et moraux de Jonathan le visionnaire, publiés par X. B. Saintine (Xavier Boniface). 2e édition"
            },
            {
                  "doc_url": "https://gallica.bnf.fr/ark:/12148/bpt6k6459455p",
                  "emotions": [
                        "love",
                        "nostalgia",
                        "gratitude"
                  ],
                  "excerpt": "( Frédéric Sucuf ) ~ c L ^ nJLn ' o — Ma cigarette bien - aimée , Compagne de mes jours , J ' aime ton odeur embaumée ; Oui , j ' aimerai toujours , Toujours ta cendre et ta fumée , Symbole des amours .Le matin , lorsque dans ma chambre Se glisse un rayon de soleil , Ton parfum , bien plus doux que l ' ambre , Vient m ' enivrer à mon réveil .ê Dans ce doux rayon de lumière , J ' aime les caprices divers De cette fumée éphémère Qui tourbillonne dans les airs .",
                  "id": "12",
                  "title": "Aimer, prier, chanter, poésies, par Ludovic Sarlat"
            },
            {
                  "doc_url": "https://gallica.bnf.fr/ark:/12148/bpt6k9602237m",
                  "emotions": [
                        "love",
                        "caring"
                  ],
                  "excerpt": "Hélas 1 il souffre des douleurs insupportâmes , ce divin amant bien - aimé : c ' est cela qui m ' at - triste et me fait pâmer d ' angoisse ; mais il prend plaisir à souffrir , il aime ses tourments , et meurt d ' aise de mourir de douleur pour moi : c ' est pourquoi , comme je suis dolente de ses douleurs , je suis aussi toute ravie d ' aise de son amour ; non - seulement je m ' attriste avec lui , mais je me glorifie en lui .Ce fut cet amour , Théotime , qui attira sur l ' amoureux séraphique saint François les stigmates , et sur l ' amoureuse angélique sainte Catherine de Sienne les ardentes blessures du Sauveur , la complaisance amoureuse ayant aiguisé les pointes de la compassion douloureuse , ainsi que le miel rend plus pénétrant et sensible l ' amertume de l ' absinthe : comme au contraire la suave odeur des roses est affinée par le voisinage des aulx qui sont plantés près des rosiers .Car de même l ' amoureuse complaisance que nous avons prise en l ' amour de Notre - Seigneur fend infiniment plus forte la compassion que nous avons de ses douleurs : comme réciproquement , repassant de la compassion des douleurs à la complaisance des amours , le plaisir en est bien plus ardent et relevé .",
                  "id": "13",
                  "title": "Oeuvres complètes de S. François de Sales,.... Précédée de la vie du saint. Augmentée de l'Esprit de saint François. Et de la biographie de ce dernier. Suivie des oeuvres complètes de sainte de Chantal,.... Tome 3 / par Fr. Pérennes ; par J.-P. Camus,... ; par Mgr Depéry"
            },
            {
                  "doc_url": "https://gallica.bnf.fr/ark:/12148/bpt6k6128308t",
                  "emotions": [
                        "love",
                        "nostalgia",
                        "gratitude",
                        "caring"
                  ],
                  "excerpt": "m .Ta mère , cependant , songe à toi ; sa tendresse Du foyer languissant tourmente la paresse ; Déjà du chocolat l ' odorante liqueur , Pour toi , des flots de lait colore la blancheur , Et déjà , dans la tasse , à grand soin préparée , Se gonfle un pain de neige à la croûte dorée .Tout est prêt : tu parais ; d ' un appétit charmant , DE MUSSONVILLE .",
                  "id": "14",
                  "title": "Les Hirondelles de Mussonville, ou les distractions poétiques de l'écolier, par l'abbé J.-B. R.** M**,..."
            },
            {
                  "doc_url": "https://gallica.bnf.fr/ark:/12148/bpt6k6459455p",
                  "emotions": [
                        "love",
                        "nostalgia",
                        "gratitude",
                        "approval"
                  ],
                  "excerpt": "! > es cendres de la mort tonte flamme est suivie .( Frédéric Sucuf ) ~ c L ^ nJLn ' o — Ma cigarette bien - aimée , Compagne de mes jours , J ' aime ton odeur embaumée ; Oui , j ' aimerai toujours , Toujours ta cendre et ta fumée , Symbole des amours .Le matin , lorsque dans ma chambre Se glisse un rayon de soleil , Ton parfum , bien plus doux que l ' ambre , Vient m ' enivrer à mon réveil .",
                  "id": "15",
                  "title": "Aimer, prier, chanter, poésies, par Ludovic Sarlat"
            },
            {
                  "doc_url": "https://gallica.bnf.fr/ark:/12148/bpt6k5543393x",
                  "emotions": [
                        "admiration",
                        "trust",
                        "love",
                        "optimism",
                        "gratitude",
                        "calmness",
                        "approval",
                        "faith"
                  ],
                  "excerpt": "Nulle fleur fraîche éclosc lin un riant matin , Lilas , jasmin ou rose , N ' égale votre teint .Tout dans votre Ame aimée , Do vertu parfumée Dit que Dieu l ' a formée , Pour un heureux destin .Votre père vous berce Aux bras do Cicéron , lit votre oncle vous verso Le miel d ' Aiiarréon .",
                  "id": "16",
                  "title": "Les chants du soir : poésies / par P. Lochard"
            },
            {
                  "doc_url": "https://gallica.bnf.fr/ark:/12148/bpt6k57802151",
                  "emotions": [
                        "admiration",
                        "love",
                        "nostalgia",
                        "gratitude",
                        "approval"
                  ],
                  "excerpt": "O la modtmUii pour prendre un de tes mots , Gomme tu la savais , aves ses biens , ses maux ! A pleins poumons saignants comme tu l ' as humée I .Tu i ' aimais , ton Paris , charogne parfumée Pleine tout à la fois d ' essences et de vers ; Pourriture aux odeurs subtiles , aux tons verts , J ■ : - ■ : * ■ .' .",
                  "id": "17",
                  "title": "La chanson des gueux : gueux des champs, gueux de Paris, nous autres gueux (2e édition) / Jean Richepin"
            },
            {
                  "doc_url": "https://gallica.bnf.fr/ark:/12148/bpt6k5715137w",
                  "emotions": [
                        "love",
                        "pride",
                        "envy",
                        "calmness",
                        "caring"
                  ],
                  "excerpt": "Elle seule l ' appelait encore ainsi ; mais , autour d ' elle , dans le château , depuis le baron , qui était le plus docile de la maison , chacun commençait à l ' appeler Jacques .Elle en prenait un soin jaloux ; elle s ' émerveillait de la tendresse qu ' il lui montrait , sans s ' apercevoir que cette jeune plante lui rendait en parfum naïf tout ce qu ' elle avait reçu d ' amour ; elle se mirait dans cette âme toute claire , comme dans une eau de source ; elle forçait , pour ainsi dire , son rêve d ' un jour , sa passion cachée et enchaînée , à s ' y refléter .Elle abandonnait à Élise l ' Edgar incomplet qui ne pouvait venir à elle ; mais elle se réservait d ' en créer un autre à son image , et elle reculait , avec une patience sublime , ce but idéal , préparant pour son automne , en les sanctifiant par la maternité , les 138 LE SACRIFICE D ' AURELIE joies refusées à son printemps , et dont elle dépouillait volontairement son été .",
                  "id": "18",
                  "title": "Le Sacrifice d'Aurélie, par Louis Ulbach"
            },
            {
                  "doc_url": "https://gallica.bnf.fr/ark:/12148/bpt6k241331z",
                  "emotions": [
                        "love"
                  ],
                  "excerpt": "Novembre 1845 .• A DÉSIRÉE RONDEAU Rondeau frivole , où ma rime dorée Vient célébrer une femme adorée , Dis ses attraits dont s ' affole chacun , Et ses cheveux pleins d ' un si doux parfum , Qu ' eût enviés la Grèce au temps de Rhée .Dis les Amours qui forment sa chambrée ; Et dis surtout à notre Muse ambrée Que son éloge aurait mieux valu qu ' un Rondeau ! Dis qu ' en son nid , si cher à Cythérée , Notre misère est souvent préférée Au sac d ' écus d ' un Mondor importun , Et que toujours , pour le poète à jeun S ' ouvrent les bras charmants de Désirée Rondeau .",
                  "id": "19",
                  "title": "Poésies complètes (Edition définitive) / Théodore de Banville"
            },
            {
                  "doc_url": "https://gallica.bnf.fr/ark:/12148/bpt6k5454724d",
                  "emotions": [
                        "joy",
                        "love",
                        "optimism",
                        "nostalgia",
                        "excitement",
                        "relief",
                        "calmness"
                  ],
                  "excerpt": "A FRANÇOIS COPPÉE DANS le petit salon silencieux et sombre , Etendue à demi sur le tapis moelleux , Tu rêves — et ton âme , aux Pays merveilleux , Prend son vol par delà les Infinis sans nombre .Tes grands yeux languissants se sont presque fermés , Un frisson de bonheur passe dans tout ton être ; Et les souffles d ' avril entrent par la fenêtre , De moments en moments , tièdes et parfumés .190 Vers l ' Idéal .",
                  "id": "20",
                  "title": "Vers l'idéal : poésies, mirages, soleils voilés, sérénités, 1882-1883 / Adolphe Ribaux"
            }
      ]
}