{
      "articles": [
            {
                  "doc_url": "https://gallica.bnf.fr/ark:/12148/bpt6k56094404",
                  "emotions": [
                        "love",
                        "nostalgia",
                        "gratitude",
                        "caring",
                        "doubt"
                  ],
                  "excerpt": "riant .Que dis - je ! je t ' enverrai quelque beau bouquet de fleurs rares qui te rappelleront jusqu ' à leur dernier soupir embaumé comJjien t ' aime ton frère .— - Cette boîte , mon Henriette , c ' est un présent banal que vingt premiers venus offrent dans vingt maisons , et qui se fane languissamment sur une table , sans signification , sans honneur , sans un regard , sans un battement de coeur de celui qui l ' a donné ni de celle qui l ' a reçu .",
                  "id": "1",
                  "title": "Nouvelles diverses, par Édouard Ourliac"
            },
            {
                  "doc_url": "https://gallica.bnf.fr/ark:/12148/bpt6k8514460",
                  "emotions": [
                        "love"
                  ],
                  "excerpt": "Le choeur des musiciens .— Aux noces heureuses de quatre amants bien épris accours , Hymen , avec des torches de pin parfumé ; et , en l ’ honneur de Vénus , tissant des guirlandes de myrtes et de roses , viens , ô Hyménée , en couronner leurs nobles fronts .LA PSYCHÉ DE CALDERON .",
                  "id": "2",
                  "title": "Psyché en Espagne / Antoine de Latour"
            },
            {
                  "doc_url": "https://gallica.bnf.fr/ark:/12148/bpt6k5524924h",
                  "emotions": [
                        "love"
                  ],
                  "excerpt": "t ' ai loué sans te connaître ; Tes amis ont pourtant retrouvé chaque trait i Je l ' aurai deviné peut - être .• Je t ' aurai deviné , comme , au soleil couchant , L ' amant rêveur ou le poète , Guidé par ses parfums , devine , en s ' approchanfc _ Et sans la voir , la violette .Oui , tes douces senteurs , baume de ton désert , Ont péhélré jusqu ' à mon ame ( 1 ) , - .",
                  "id": "3",
                  "title": "Éloge funèbre de M. Pade, curé de Saint-Ambroix / [par Bauquier]"
            },
            {
                  "doc_url": "https://gallica.bnf.fr/ark:/12148/bpt6k9612190x",
                  "emotions": [
                        "grief",
                        "love"
                  ],
                  "excerpt": ".ses lèvres se collèrent à mes lèvres et leur donnèrent un long baiser que suivit une odeur de cadavre ..",
                  "id": "4",
                  "title": "Les Amours d'un fou, par Xavier de Montépin"
            },
            {
                  "doc_url": "https://gallica.bnf.fr/ark:/12148/bpt6k9612190x",
                  "emotions": [
                        "love"
                  ],
                  "excerpt": "Les saintes , les martyres et leur pompeux cortège désertèrent les rêves de son sommeil troublé .A leur place arrivèrent demi - nues de belles courtisanes romaines , dénouant leur chevelure parfumée , buvant dans des vases d ' or le Falerne qu ' embaumaient des roses , ouvrant leurs bras à des amours d ' une heure et leurs lèvres à d ' intarissables baisers .Qu ' on devine , si on le peut , lea ravages causés dans une imagination vierge A brûlante par ces lascives peintures de la voluptueuse antiquité ! Une profonde soif d ' amour s ' empara de l ' être tout entier de Marc - Henry , et cette soif fut d ' autant plus terrible qu ' à la violence de ses vagues désirs se joignait en lui une insurmontable timidité , et qu ' en raison même des ardeurs de son âme et de ses sens il n ' eût point osé , nous l ' affirmons , lever les yeux sur une jolie fille .",
                  "id": "5",
                  "title": "Les Amours d'un fou, par Xavier de Montépin"
            },
            {
                  "doc_url": "https://gallica.bnf.fr/ark:/12148/bpt6k5603547h",
                  "emotions": [
                        "love"
                  ],
                  "excerpt": "PHARYNGITE SECHE Parmi les affections du pharynx , colle - ci correspond le mieux à l ' ozone nasal , qu ' elle accompagne ; mais si nous avons conservé , dans ce travail , le nom d ' ozène pour celle maladie du nez caraclé • caraclé • ces lignes ont J ' M écrites , je n ' avais pai encore vent la préface du / / ' liraun , ' / / ; / dit , lui - mhne , ce g ne .l ' on peut attendre du massage vibratoire interne , dans les affections a > gw ' ; s du pharynx \\ G risée par son odeur , bien que ce terme n ' exprime en aucune façon un complcxus clinique défini , nous ne pouvons , dans le groupe des pharyngites sèches , conserver ce terme d ' ozèno pharyngien .Le mot ozène , qui implique nécessairement la mauvaise odeur , ne convient ni pour le pharynx , ni pour le larynx , ni pour la trachée , puisque les croûtes qui se forment dans ces régions ne sont jamais fétides .",
                  "id": "6",
                  "title": "Le massage vibratoire et électrique des muqueuses : sa technique, ses résultats dans le traitement des maladies du nez, de la gorge, des oreilles et du larynx / par le Dr Paul Garnault,... ; avec une préface du Dr Michael Braun"
            },
            {
                  "doc_url": "https://gallica.bnf.fr/ark:/12148/bpt6k5461225f",
                  "emotions": [
                        "admiration",
                        "grief",
                        "love",
                        "gratitude",
                        "doubt"
                  ],
                  "excerpt": ".O ma jolie , pourquoi pleures - tu ainsi dès qu ' arrive la nuit ? Tu es tout juste fille faite ; sauvage fleur d ' asphodèle , ton âme s ' épanouit comme un parfum du ciel ..",
                  "id": "7",
                  "title": "Lis Aupiho, poésies et légendes provençales. (Traduction française en regard du texte.) / Marius Girard,..."
            },
            {
                  "doc_url": "https://gallica.bnf.fr/ark:/12148/bpt6k5461225f",
                  "emotions": [
                        "love",
                        "courage",
                        "excitement",
                        "pride",
                        "caring",
                        "faith"
                  ],
                  "excerpt": "Avec moi , viens - t ' en , ô blonde reine pâle ; je t ' abriterai sous mes ailes ! L ' abeille vole vers le ciel ; la brise souffle dans les peupliers ; il y a des violettes le long des terres , et dans les arbres il y a des oiseaux .Viens - t ' en avec moi , ô blonde reine pâle : je l ' abriterai sous mes ailes ! Les genêts sont vêtus d ' or ; tout reverdit à la montagne ; il y a des senteurs dans les champs et tout est joie dans mon coeur .Viens , et dans l ' infini , ô blonde reine pâle , je t ' emporterai sur mes ailes ! .",
                  "id": "8",
                  "title": "Lis Aupiho, poésies et légendes provençales. (Traduction française en regard du texte.) / Marius Girard,..."
            },
            {
                  "doc_url": "https://gallica.bnf.fr/ark:/12148/bpt6k5461225f",
                  "emotions": [
                        "love",
                        "optimism"
                  ],
                  "excerpt": ".Dépêchons - nous , jeunes gens , voici le jour ! Comme une jeune mariée amoureuse et gaie , l ' aube a vêtu sa robe de parfums .Voici le jour ! au champ tout se meut ! .",
                  "id": "9",
                  "title": "Lis Aupiho, poésies et légendes provençales. (Traduction française en regard du texte.) / Marius Girard,..."
            },
            {
                  "doc_url": "https://gallica.bnf.fr/ark:/12148/bpt6k6227745d",
                  "emotions": [
                        "love"
                  ],
                  "excerpt": "Et la fleur rendit au prisonnier la croyance en Dieu ; et le prisonnier construisit pour la fleur un abri avec une planche et de la paille de son lit , et tous les matins il l ' arrosait .Cependant Picciola grandissait peu à peu ; elle se faisait belle et parfumée pour Charney .Elle lui donna des fleurs pour orner sa chambre ; elle lui donna de douces émotions , de tendres vertiges , de suaves rêveries ; elle lui servit d ' horioge , elle le guérit une fois qu ' il était malade ! Ainsi Charney et Picciola s ' aimaient l ' un l ' autre , quand un jour Picciola devint triste et lan .",
                  "id": "10",
                  "title": "Musée littéraire et scientifique de l'école et de la famille : religion, morale, littérature, sciences, etc.. Volume 3 / par MM. Ph. Thomas Lefebvre,... Ferdinand Piérot-Olry,..."
            },
            {
                  "doc_url": "https://gallica.bnf.fr/ark:/12148/bpt6k5453663v",
                  "emotions": [
                        "disapproval",
                        "love",
                        "nostalgia",
                        "envy"
                  ],
                  "excerpt": "Il semblait , à entendre ces messieurs , que chacun dût faire un retour sur lui - même pour s ' assurer s ' il n ' avait pas encouru la mort , les galères , la réclusion , la prison , et même l ' exposition ; car des catégories allaient être créées , 2 ( 18 ) et chacun allait y être placé selon ses faits et gestes .A travers tout cela , si j ' avais à choisir , époque pour époque , j ' aimerais encore mieux les hommes de 1815 , tout noirs qu ' on les fait , que ceux de 89 avec leurs belles promesses ; comme disait le bon Henri , la caque sent toujours le hareng .En raisonnant de sang - froid , et en jugeant des événemens sans colère et sans passion , le premier sentiment qui nous anime en lisant ces innombrables déclamations , est celui de la pitié ; car , en effet , quoi de plus ridicule que de chercher à comparer une époque toute de troubles , d ' intérêts ; de divisions et de réactions , à 1829 ? Quatorze ans se sont écoulés depuis ces temps de déplorable mémoire , et quatorze ans doivent avoir suffi pour consolider en nous l ' esprit de légitimité et d ' une sage liberté ; telle qu ' elle nous a été donnée par la Charte .",
                  "id": "11",
                  "title": "Les voilà ! les voilà ! ou plus de peur que de mal . Réponse à \"Feu partout\" et au \"Cri d'alarme\", par Louis A........"
            },
            {
                  "doc_url": "https://gallica.bnf.fr/ark:/12148/bpt6k6308122b",
                  "emotions": [
                        "love"
                  ],
                  "excerpt": "On l ' observe , en effet , dans bien moins d ' individus que l ' amourose et la surdité qui sont , pour l ' œil et pour l ' oreille , ce qu ' elle est pour le nez .Les deux affections nerveuses , que nous citons , dépendent souvent du progrès de l ' âge , il n ' en est pas de même de l ' anosmie ; les vieillards déjà sourds et aveugles depuis longtemps , jouissent encore de la faculté de juger les odeurs .Si l ' abstinence des odeurs exalte la sensibilité olfactive , leurs abus émoussent d ' une façon remarquable , l ' usent , le détériorent .",
                  "id": "12",
                  "title": "La volupté et les parfums / Dr Caufeynon"
            },
            {
                  "doc_url": "https://gallica.bnf.fr/ark:/12148/bpt6k6308122b",
                  "emotions": [
                        "love"
                  ],
                  "excerpt": "Or , comme rien ne ressemble plus à un jardin émaillé de fleurs que le sanctuaire de .l ' amour , à aucun instant du jour , l ' air n ' est plus embaumé que le matin après une nuit de volupté .C ' est précisément pour ce motif que les amants se lèvent tard ! Les premiers rayons de soleil se glissant dans l ' alcôve , après avoir traversé la rosée matinale , font naître l ' extase avec les réminescences odorantes .",
                  "id": "13",
                  "title": "La volupté et les parfums / Dr Caufeynon"
            },
            {
                  "doc_url": "https://gallica.bnf.fr/ark:/12148/bpt6k6308122b",
                  "emotions": [
                        "love"
                  ],
                  "excerpt": "Les vapeurs odorantes qu ' elles secrètent semblent avoir été instituées réellement par la nature , pour attirer les deux sexes à l ' acte de la reproduction ; puisqu ' elles se développent d ' ailleurs considérablement dans le temps du rut et qu ' elles s ' ablitèrent , pour ainsi dire totalement , lorsque cet état d ' orgasme et de turgescence a cessé .Les animaux très odorants semblent être , par le même principe , très ardents en amour .Les - mâ4es , dans ba généralité - des .",
                  "id": "14",
                  "title": "La volupté et les parfums / Dr Caufeynon"
            },
            {
                  "doc_url": "https://gallica.bnf.fr/ark:/12148/bpt6k6308122b",
                  "emotions": [
                        "love"
                  ],
                  "excerpt": "» Chez quelques femmes , l ' odeur des aisselles n ' a rien de désagréable ; quelquefois , elles sentent l ' ambre et la violette ; tandis que chez d ' autres , les aisselles répandent , lorsqu ' elles sont à l ' air libre , une odeur de fauve assez prononcée .Il y a des femmes qui exhalent l ' odeur du chloroforme , elles sont généralement ardentes , elles grisent leurs amants qui les adorent .Les femmes grasses exhalent souvent une odeur oléagineuse prononcée , surtout à l ' approche des règles .",
                  "id": "15",
                  "title": "La volupté et les parfums / Dr Caufeynon"
            },
            {
                  "doc_url": "https://gallica.bnf.fr/ark:/12148/bpt6k64228997",
                  "emotions": [
                        "love"
                  ],
                  "excerpt": "Elle parait avoir été surmoulée sur une pièce d ' orfèvrerie de Thomas Germain .Un brûle - parfums d ' ancien Strasbourg , décoré d ' amours dans des nuages , en camaïeu pourpre , d ' une finesse d ' exécution qui ne le cède pas à celle des belles pièces de Sèvres .Niéderwiller , qui n ' a guère produit que des pièces artistiques , est représenté dans cette collection par un plat et une assiette en camaïeu rose pourpre , à décor de trompe - l ' œil , c ' est - à - dire que le fond semble couvert d ' une feuille de papier dont les bords relevés laissent voir un paysage .",
                  "id": "16",
                  "title": "Rouen artiste : la collection de M. Gaston Le Breton / par J.-A. de Lérue"
            },
            {
                  "doc_url": "https://gallica.bnf.fr/ark:/12148/bpt6k5723045r",
                  "emotions": [
                        "love",
                        "nostalgia",
                        "gratitude",
                        "disappointment"
                  ],
                  "excerpt": "Car ce fut cette nuit , — et ce n ' était qu ' un rêve ! — Que je vis à mon coeur ému que je l ' aimais .A ^ S ^ RÈS - BELLE A LA TRÈS - BELLE QUAND tu m ' es apparue en l ' éclat de ces fêtes , Où , triste , je crois voir les choses plus parfaites Dans la forte splendeur de ta maturité , J ' ai senti tout mon être aller vers ta beauté Comme vers la chaleur , source de toutes choses , Se tournent les amants des parfums et des roses .J ' ai senti ( loin de moi les banales amours ) Que tu prenais ma vie et mon âme au velours De ta robe , — et devant ta superbe hautaine , J ' ai courbé , comme un jonc , mon arrogance vaine loo A la Très - Belle .",
                  "id": "17",
                  "title": "Les illusions / Émile Favin"
            },
            {
                  "doc_url": "https://gallica.bnf.fr/ark:/12148/bpt6k6541103d",
                  "emotions": [
                        "love"
                  ],
                  "excerpt": "Tout de suite après , Poisson salua les dames d ' un brusque signe de tête et entonna une chanson à boire , les Vins de France ; mais il chantait comme une seringue ; le dernier couplet seul , le couplet patriotique , eut du succès , parce qu ' en parlant du drapeau tricolore , il leva son verre très - haut , le balança et finit par le vider au fond de sa bouche grande ouverte .Puis , des romances se succédèrent ; il fut question de Venise et des gondoliers dans la barcarole de madame Boche , de Séville et des Andalouses dans le boléro de madame Lorilleux , tandis que Lorilleux alla jusqu ' à parler des parfums de l ' Arabie , à propos des amours de Fatma la danseuse .Autour de la table grasse , dans l ' air épaissi d ' un souffle d ' indigestion , s ' ouvraient des horizons d ' or , passaient des cous d ' ivoire , des chevelures d ' ébène , des baisers sous la lune aux sons des guitares , des bayadères semant sous leurs pas une pluie de perles et de pierreries ; et les hommes fumaient béatement leurs pipes , les dames gardaient un sourire inconscient de jouissance , tous croyaient être là - bas , en train de respirer de bonnes odeurs .",
                  "id": "18",
                  "title": "L'assommoir. Edition 3 / par Émile Zola"
            },
            {
                  "doc_url": "https://gallica.bnf.fr/ark:/12148/bpt6k6541103d",
                  "emotions": [
                        "love",
                        "caring"
                  ],
                  "excerpt": "Mon Dieu ! c ' était une ancienne amie , qu ' il voyait encore de temps à autre , lorsque ça ne devait déranger personne ; une fille très - chic , meublée en palissandre ; et il citait d ' anciens amants à elle , un vicomte , un grand marchand de faïence , le fils d ' un notaire .Lui , aimait les femmes qui embaument .Il poussait sous le nez de Clémence son mouchoir , que la petite lui avait parfumé , lorsque Étienne rentra .",
                  "id": "19",
                  "title": "L'assommoir. Edition 3 / par Émile Zola"
            },
            {
                  "doc_url": "https://gallica.bnf.fr/ark:/12148/bpt6k5478865g",
                  "emotions": [
                        "grief",
                        "disgust",
                        "love",
                        "caring"
                  ],
                  "excerpt": "Va , fier et digne enfant d ' une illustre patrie , Poursuis ton oeuvre immense , affranchis l ' Italie ; Rends à ton beau pays son antique flambeau .De tes nobles aïeux Gouchés dans le tombeau — 6 — Les mânes consolés frémissent de tendresse , Et l ' air est saturé d ' un parfum d ' allégresse .Allons ! peuples martyrs , que rois et roitelets Croyaient à tout jamais tenir dans leurs filets ; Vous , qui n ' étiez hier qu ' une bête de somme Que l ' on mène au labour et qu ' après on assomme ; Vous , que Garibaldi , de son bras valeureux , A délivrés enfin d ' un sort trop rigoureux ; Debout ! il faut sauver vos infortunés frères , Dont les membres saignants palpitent sous les serres Des vautours affamés qu ' on nomme des tyrans .",
                  "id": "20",
                  "title": "Garibaldi, le flibustier : poème / par Édouard Atgier"
            }
      ]
}