{
      "articles": [
            {
                  "doc_url": "https://gallica.bnf.fr/ark:/12148/bpt6k5426895m",
                  "emotions": [
                        "admiration",
                        "joy",
                        "love",
                        "pride",
                        "gratitude",
                        "faith"
                  ],
                  "excerpt": "La simple violette Nous peint l ' humilité De la vierge discrète Qu ' embellit la bonté .Le laurier dit : La gloire , Le myrthe : Les amours , L ' immortelle : Victoire , Et le lierre : Toujours t De l ' amitié fidèle Il nous dit les secrets , Une mère ! comme elle Il s ' attache à jamais I — 36 — Mais la fleur qui couronne Un aimable destin , Est celle que l ' on donne A l ' autel de l ' hymen , De l ' oranger suave L ' enivrante senteur , Sur un front doux et grave Imprime le bonheur .Reçois donc , ô ma mère , Cet odorant bouquet ; D ' une amitié sincère Interprète incomplet , S ' il ne te dit pas : J ' aime ! Je parlerai pour lui , Le lierre , c ' est moi - même ; Toi seule est mon appui ! Pauvre fleur qui s ' effeuille Au souffle des autans , Si la main ne la cueille Avant les mois brûlants ; Au vallon solitaire Va chercher des abris , L ' ardent soleil altère Ton charmant coloris ! — 37 - La paix et le silence Pour vous , aimables fleurs , Symbole d ' innocence Qui plaisez à nos coeurs ; Les vrais biens que j ' envie , Goûtez - les sous mon toit , Embellissez ma vie ; Je vous aime , aimez - moi .",
                  "id": "1",
                  "title": "Remembrance / par Mlle R.-Aglaé de La Pinière,..."
            },
            {
                  "doc_url": "https://gallica.bnf.fr/ark:/12148/bpt6k5718261t",
                  "emotions": [
                        "love",
                        "nervousness"
                  ],
                  "excerpt": "Les inspirations comme celle que j ' avais sentie sont soudaines et instantanées ; et croyant que le coeur de mademoiselle Mairan n ' avait point été frappé le premier jour , je me disais qu ' il ne le serait jamais .Pourquoi donc mon amour devenait - il plus ardent tous les jours ? Un matin , comme je m ' éveillais dans ces beaux songes d ' or qui ne me quittaient pas , je reçus un petit billet parfumé des senteurs les plus délicates : je l ' ouvris , agité par mille pressentiments heureux .Je n ' y lus pourtant que quelques mots bien simples .",
                  "id": "2",
                  "title": "Grandeur de la vie privée. Simiane / par Hippolyte Fortoul"
            },
            {
                  "doc_url": "https://gallica.bnf.fr/ark:/12148/bpt6k5818547t",
                  "emotions": [
                        "love"
                  ],
                  "excerpt": "alsamite ' exhale , surtout quand on la presse entre les doigts , une .odeur pénétrante , suave ; sa saveur , est chaude , ' aromatique et un peu .amèré .",
                  "id": "3",
                  "title": "Connaissance des plantes médicinales les plus usitées, à la portée de tout le monde... par Ferdinand Rouget"
            },
            {
                  "doc_url": "https://gallica.bnf.fr/ark:/12148/bpt6k108235x",
                  "emotions": [
                        "love",
                        "optimism"
                  ],
                  "excerpt": "Le large neuve , avec ses îles boisées , reflétait les couleurs orangées des nuages , et ' sur la droite , le coteau de Saint - Cyr , couvert de parcs et de maisons de campagnes se découpait en brun sur le ciel d ' un bleu de turquoise .En face de cet heureux paysage , je sentais monter en moi des bouffées de sensualité , douces comme un parfum de violettes .Enfin , j ' allais donc vivre dans ce pays où Balzac avait placé tant de beaux romans .",
                  "id": "4",
                  "title": "Souvenirs des vertes saisons : années de printemps - jours d'été / André Theuriet"
            },
            {
                  "doc_url": "https://gallica.bnf.fr/ark:/12148/bpt6k6150557b",
                  "emotions": [
                        "admiration",
                        "joy",
                        "love",
                        "nostalgia",
                        "relief",
                        "gratitude",
                        "calmness",
                        "approval"
                  ],
                  "excerpt": "Je vous bénis quand la valse frivole En tourbillons emporte les danseurs ; Aux gais accords d ' une musique folle ; Au double éclat des lustres et des fleurs .Je vous bénis quand la brise embaumée Vient apporter , comme un soupir d ' amour , Des orangers l ' haleine parfumée ; En caressant les bosquets d ' alentour .Je vous bénis en mon âme ravie , Comme on bénit son bon ange gardien Et votre nom , jjjsiiu ^ au soir de ma vie , Sera toujours ïâoh sfepiHj mon soutien .",
                  "id": "5",
                  "title": "Gratitude. (Signé : E. P....)"
            },
            {
                  "doc_url": "https://gallica.bnf.fr/ark:/12148/bpt6k5732548p",
                  "emotions": [
                        "love",
                        "calmness",
                        "faith"
                  ],
                  "excerpt": "Te protéger , ma belle , Comme le fier ormeau Défend la fleur si frêle , Abrite le roseau ; — 432 - Te sentir frémissante Appuyée sur mon bras , Presser ta main charmante Et conduire tes pas Bien loin , bien loin du monde Ainsi que deux cours d ' eau Réunissant leur onde Et ne font qu ' un ruisseau ; Unir ainsi nos âmes Et vivre seuls tous deux , Brûler des mêmes flammes Former les mêmes voeux : Voilà , ma douce amie , Ce que mon coeur envie Et désire ici - bas ; Que toute chose change , Crois - en mon coeur , bel ange , Il ne changera pas .A UN ENFANT Enfant , garde ton innocence , Que ton âme en sa transparence Laisse voir tes pensers , ainsi que le ruisseau Du lis odorant des vallées Peint les feuilles immaculées Dans le pur cristal de son eau .20 .",
                  "id": "6",
                  "title": "Poésies de coeur et d'enfance, par Chéri Allais,..."
            },
            {
                  "doc_url": "https://gallica.bnf.fr/ark:/12148/bpt6k58428828",
                  "emotions": [
                        "love"
                  ],
                  "excerpt": "Une actrice qui change de place en scène marche toujours de côté comme les crabes et tourne toujours le dos aux spectateurs de manière à les priver le moins possible de cette vue .Les acteurs leur parlent avec les intonations les plus aiguës et les miaulements les plus amoureux et les plus doux : ils ne les embrassent jamais , mais ils leur frôlent le visage de leur éventail fermé que , avec les gestes les plus galants , ils se passent ensuite sous le nez , comme si , à ce contact , il s ' était imprégné des parfums les plus voluptueux .Ils ne les traitent cependant pas toujours avec ces tendres égards et , souvent , au milieu d ' une bataille , les femmes s ' en vont , les jupons pardessus la tête , rouler sur la scène de droite et de gauche pour se relever aussitôt en faisant des ronds de jambe et en poussant de longs cris plaintifs .",
                  "id": "7",
                  "title": "De Toulon au Tonkin (itinéraire d'un transport.)... (avril 1885.)"
            },
            {
                  "doc_url": "https://gallica.bnf.fr/ark:/12148/bpt6k5686575z",
                  "emotions": [
                        "admiration",
                        "love",
                        "nostalgia",
                        "gratitude",
                        "approval"
                  ],
                  "excerpt": "PARNÏ .Oranger , arbre que j ' adore , Que vos parfums me semblent doux ! Est - il , dans l ' empire de Flore , Hien d ' agréable comme vous ? LA FONTAINE .A la fleur d ' oranger appartient le doux privilège de former le bouquet des jeunes mariées .",
                  "id": "8",
                  "title": "Nouveau langage des fleurs, avec la nomenclature des sentiments dont chaque fleur est le symbole et leur emploi pour l'expression des pensées, précédé d'une introduction par Pierre Zaccone"
            },
            {
                  "doc_url": "https://gallica.bnf.fr/ark:/12148/bpt6k5732548p",
                  "emotions": [
                        "admiration",
                        "grief",
                        "love",
                        "desire",
                        "excitement",
                        "gratitude",
                        "envy",
                        "faith"
                  ],
                  "excerpt": "Jusqu ' ici , l ' oeil perdu au ciel , et triomphant Si je pouvais au coeur me piquer une rose Echappée à les doigts , naïf comme un enfant , Je t ' aimai sans vouloir ni songer autre chose .Mais à présent je veux t ' adorer à genoux Et rester devant toi le front dans la poussière , Respirant le parfum si cruel et si doux De ton merveilleux corps rayonnant de lumière .Je veux baiser tes pieds comme les pieds des dieux Et je veux sangloter d ' amour sans fin ni trêve , Et vendre à qui voudra ma place dans les cieux Pour presser dans mes bras ta chair qui fut mon rêve .",
                  "id": "9",
                  "title": "Poésies de coeur et d'enfance, par Chéri Allais,..."
            },
            {
                  "doc_url": "https://gallica.bnf.fr/ark:/12148/bpt6k5814728x",
                  "emotions": [
                        "joy",
                        "love",
                        "optimism",
                        "courage",
                        "excitement",
                        "pride",
                        "relief"
                  ],
                  "excerpt": "119 PREMIER FRISSON Sur les clochers chantants le soir s ' est épaissi .Je descends en mon coeur , et je l ' ouvre : voici Qu ' une odeur fraîche s ' en exhale .Dans mon âme muette un nom a retenti .",
                  "id": "10",
                  "title": "Le Coeur (poésies de 1886-1892)... / Charles Fuster"
            },
            {
                  "doc_url": "https://gallica.bnf.fr/ark:/12148/bpt6k876501w",
                  "emotions": [
                        "love"
                  ],
                  "excerpt": "Elle obéit .Nous vîmes alors apparaître un de ces bustes que chantent les poètes , qui damnent une génération d ’ amoureux , une poitrine de fille de Louis XV , continuant un col de Moreau le Jeune , un dos frémissant et plein , des bras , un torse d ’ un amphorisme enivrant et pur , le tout répandant un parfum naturel de thym sauvage et d ’ églantine .Gardien de la paix , chien de commissaire , curieux , cocher , moi qui vous parle , nous avions tous la gorge sèche , nous étions en proie à cette euphorie que donne l ’ apparition soudaine de la beauté .",
                  "id": "11",
                  "title": "Paris vécu / Léon Daudet"
            },
            {
                  "doc_url": "https://gallica.bnf.fr/ark:/12148/bpt6k66163t",
                  "emotions": [
                        "joy",
                        "disgust",
                        "love",
                        "gratitude",
                        "doubt",
                        "amusement"
                  ],
                  "excerpt": "Or , Alice n ' est pas une femme , c ' est un brûle - parfum , c ' est un bouquet .Elle exhale je ne sais queue âcre odeur de dragée , d ' amande amerc , d ' u ' ittet poivra et eanttmride , qu ' aucun professeur du monde ne saurait dennir , 01 que je n ' ni jamais sentie aitteurs .C ' est capiteux et aphrodisiaque en diahte .",
                  "id": "12",
                  "title": "Madame Manchaballe / par Richard O'Monroy"
            },
            {
                  "doc_url": "https://gallica.bnf.fr/ark:/12148/bpt6k3079900d",
                  "emotions": [
                        "love"
                  ],
                  "excerpt": ") .L ’ affection se caractérise par une sécrétion purulente d ’ emblée , quelquefois même sanguinolente , donnant lieu à une odeur fétide .Les sinus n ’ échappent pas d ’ ailleurs à la suppuration .",
                  "id": "13",
                  "title": "Diagnostic et traitement des maladies du nez, \"rhinoscopie\" / par le Dr J. Garel,..."
            },
            {
                  "doc_url": "https://gallica.bnf.fr/ark:/12148/bpt6k1269820m",
                  "emotions": [
                        "love",
                        "pride"
                  ],
                  "excerpt": "Et le Romain sentait sous la lourde cuirasse , Soldat captif berçant le sommeil d ' un enfant , Ployer et défaillir sur son cœur triomphant Le corps voluptueux que son étreinte embrasse .Tournant sa tête pâle entre ses cheveux bruns Vers celui qu ' enivraient d ' invincibles parfums , Elle tendit sa bouche et ses prunelles claires ; Et sur elle courbé , l ' ardent Imperator Vit dans ses larges yeux étoilés de points d ' or Toute une mer immense où fus aient des galères .SOr \\ \\ \\ t : TS E lJ 1 G R A P H ! QJJ E S If - il - ' - T - llcllOIl , Scpt .",
                  "id": "14",
                  "title": "Les trophées / par José-Maria de Heredia"
            },
            {
                  "doc_url": "https://gallica.bnf.fr/ark:/12148/bpt6k5470214m",
                  "emotions": [
                        "love"
                  ],
                  "excerpt": "Parmi tous ces tableaux sereins ou funéraires , D ' un esprit agité drames imaginaires , Au nombre des périls j ' avais surtout compté , Le plus charmant de tous et le moins redouté .L ' amour pour quelques - uns n ' est qu ' une fantaisie , Voluptueux parfum , légère poésie ; ( 196 ) Pour d ' autres , son pouvoir est plus constant , plus fort , Que la haine , l ' orgueil , le génie et la mort .Aujourd ' hui , ce pouvoir domine tout mon être ; A des tourments que j ' aime il se fait reconnaître .",
                  "id": "15",
                  "title": "Marcel : poëme / recueilli et publié par Alph. Le Flaguais ; [préface de P. Delasalle]"
            },
            {
                  "doc_url": "https://gallica.bnf.fr/ark:/12148/bpt6k937549t",
                  "emotions": [
                        "love",
                        "envy"
                  ],
                  "excerpt": "La jeune fille , souple et rieuse , s ’ abandonna au bras du jeune lieutenant , se laissa bercer au rythme , dans l ’ étreinte permise où les gants blancs de Ludovic soulignaient de pressions légères les phrases les plus amoureuses de l ’ or - çhestre .En passagères caresses , lesr ' che - veux tous de Rosette çhatouUlaiçnt kiou « se dirigea vers le grand ( P - 3 8 - ) de l ’ officier ; la jolie tête parfumée reposa furtivement sur l ’ épaulette d ’ or .Il eut les moustaches remuées du souffle des lèvres virginales .",
                  "id": "16",
                  "title": "La victoire de l'or : roman / Charles Foleÿ ; illustrations de Léonnec"
            },
            {
                  "doc_url": "https://gallica.bnf.fr/ark:/12148/bpt6k108235x",
                  "emotions": [
                        "love"
                  ],
                  "excerpt": "Trouvez - moi cette herbe merveilleuse .Je lui montre la frêle graminée aux épis blonds , qui donne au foin son odeur amoureuse .Elle cueille ça et là des menthes , des reines des prés et des flouves , penche son blanc visage sur .",
                  "id": "17",
                  "title": "Souvenirs des vertes saisons : années de printemps - jours d'été / André Theuriet"
            },
            {
                  "doc_url": "https://gallica.bnf.fr/ark:/12148/bpt6k5686575z",
                  "emotions": [
                        "sadness",
                        "love",
                        "nostalgia"
                  ],
                  "excerpt": "SAND .L ' obscure violette , amante des gazons , Aux pleurs de leur rosée entremêlant ses dons , Semble vouloir cacher sous leurs voiles propices D ' un pudique parfum les discrètes délices , Pur emblème d ' un coeur qui répand en secret , Sur le malheur timide un modeste bienfait .Boisions .",
                  "id": "18",
                  "title": "Nouveau langage des fleurs, avec la nomenclature des sentiments dont chaque fleur est le symbole et leur emploi pour l'expression des pensées, précédé d'une introduction par Pierre Zaccone"
            },
            {
                  "doc_url": "https://gallica.bnf.fr/ark:/12148/bpt6k5686575z",
                  "emotions": [
                        "love",
                        "excitement"
                  ],
                  "excerpt": "LES FLEURS AVEZ - vous senti dans les prairies , au mois de mai , ce parfum qui communique à tous les êtres l ' ivresse de la fécondité ? Une petite herbe , la flouve odorante , est un des plus puissants principes de cetle harmonie voilée .Mettez sss lames luisantes et rayées comme une robe à filets blancs iA verts dans un bouquet ; ses inépuisables exhalaisons remueront au fond de votre coeur les roses en bouton que la pudeur y écrase .Autour du col évasé de la porcelaine , supposez une forte marge , uniquement composée des touffes blanches particulières au sédum de la vigne ; de cette assise sortent les spirales des liserons à cloches blanches , les brindilles de la bugrane rose , mêlées de quelques fougères , de quelques jeunes pousses de chêne , aux feuilles magnifi 1uement colorées et lustrées , humble comme des saules plcti .",
                  "id": "19",
                  "title": "Nouveau langage des fleurs, avec la nomenclature des sentiments dont chaque fleur est le symbole et leur emploi pour l'expression des pensées, précédé d'une introduction par Pierre Zaccone"
            },
            {
                  "doc_url": "https://gallica.bnf.fr/ark:/12148/bpt6k4510801f",
                  "emotions": [
                        "joy",
                        "love",
                        "optimism",
                        "excitement",
                        "gratitude",
                        "approval"
                  ],
                  "excerpt": "^ .EXTRA - VIOLETTE ! « i Véritable Parfum de la Fleur l INVENTÉ ra fc .VIOLET , ParfiSfit 2 9 , B * des lUlieu , Paris .",
                  "id": "20",
                  "title": "Les Tablettes marseillaises : journal général d'annonces civiles, commerciales... de Marseille et des départements"
            }
      ]
}