{
      "articles": [
            {
                  "doc_url": "https://gallica.bnf.fr/ark:/12148/bpt6k9767127b",
                  "emotions": [
                        "love",
                        "nostalgia",
                        "gratitude",
                        "faith"
                  ],
                  "excerpt": "Cet amour - là remonte au temps où votre plume Leur prit à toutes deux le titre d ' un volume Plein de vers délicats , sublimes ou touchants .Depuis lors , quand je vois la fleur , songeant au livre , Je sens aux voluptés du parfum qui m ' enivre S ' ajouter la douceur céleste de vos chants .Sans doute , le département de la Drôme ne possède pas que les quinze poètes que nous venons de nommer - , mais , si nous passons les autres sous silence , c ' est qu ' ils n ' ont publié que quelques bluettes éphémères , disparues avec les neiges d ' antan .",
                  "id": "1",
                  "title": "Petite anthologie des poètes de la Drôme. Troisième partie, Auteurs vivants / par Jules Saint -Rémy"
            },
            {
                  "doc_url": "https://gallica.bnf.fr/ark:/12148/bpt6k9767127b",
                  "emotions": [
                        "joy",
                        "grief",
                        "sadness",
                        "love",
                        "gratitude",
                        "amusement",
                        "faith"
                  ],
                  "excerpt": "Vous dites au vieillard les jours de son enfance .Le poète , par vous endormant sa souffrance , Entend les anges rire en choeur ! Je vous aime , ô parfums ! — Encens des cathédrales , J ' aime voir tournoyer tes légères spirales Dans la pourpre du soir et l ' azur des vitraux ; Tandis que l ' orgue saint , qui sanglote et qui gronde , Berce , sous la voûte profonde , Le sommeil sépulcral des antiques héros .Je vous aime , ô parfums ! — Arômes des prairies , J ' aime vous aspirer dans vos coupes fleuries , A l ' heure où le jour monte à l ' horizon doré , Où le soupir de l ' aube , effleurant chaque tige , Passe , gémit tout bas , et frissonne , et voltige Du frais lilas au lis nacré .",
                  "id": "2",
                  "title": "Petite anthologie des poètes de la Drôme. Troisième partie, Auteurs vivants / par Jules Saint -Rémy"
            },
            {
                  "doc_url": "https://gallica.bnf.fr/ark:/12148/bpt6k9767127b",
                  "emotions": [
                        "admiration",
                        "love",
                        "desire",
                        "nostalgia",
                        "gratitude"
                  ],
                  "excerpt": "Le poète , par vous endormant sa souffrance , Entend les anges rire en choeur ! Je vous aime , ô parfums ! — Encens des cathédrales , J ' aime voir tournoyer tes légères spirales Dans la pourpre du soir et l ' azur des vitraux ; Tandis que l ' orgue saint , qui sanglote et qui gronde , Berce , sous la voûte profonde , Le sommeil sépulcral des antiques héros .Je vous aime , ô parfums ! — Arômes des prairies , J ' aime vous aspirer dans vos coupes fleuries , A l ' heure où le jour monte à l ' horizon doré , Où le soupir de l ' aube , effleurant chaque tige , Passe , gémit tout bas , et frissonne , et voltige Du frais lilas au lis nacré .Écoutez ! Le vent souffle , et la lampe fumeuse N ' épand autour de vous qu ' une clarté brumeuse : C ' est l ' heure où sur nos fronts passent les songes noirs .",
                  "id": "3",
                  "title": "Petite anthologie des poètes de la Drôme. Troisième partie, Auteurs vivants / par Jules Saint -Rémy"
            },
            {
                  "doc_url": "https://gallica.bnf.fr/ark:/12148/bpt6k63776500",
                  "emotions": [
                        "love"
                  ],
                  "excerpt": "Tous les légers vêtements , place - les dans ta commode , informe - toi de la mode et des nouveaux ornements ! Que tu sois toujours mieux mise que les autres , entends - tu , qui posent pour la vertu , et qui n ' ont pas de chemise .4 XXVIII Vole vers elle , ô ma pensée ! comme le parfum d ' une fleur , et dis - lui bien que de mon cœur la blessure n ' est pas pansée .Je l ' aime toujours comme un fou , et s ' il fallait , pour ma chérie , changer de nom ou de patrie je me ferais Turc ou Zoulou .",
                  "id": "4",
                  "title": "Les Nuits parisiennes. Poésies naturalistes par Ernest d'Orllanges"
            },
            {
                  "doc_url": "https://gallica.bnf.fr/ark:/12148/bpt6k63776500",
                  "emotions": [
                        "love"
                  ],
                  "excerpt": "Le musc , ce parfum pénétrant est cher à la prostituée .Des fleurs d ' oranger odorant la pucelle est infatuée .Malgré leurs délirants appâts , ces senteurs catins ou pucelles , pour moi ne valent même pas l ' àcre parfum de tes aisselles ! XX L ' heure est venue : allons coucher notre amour , ce bébé qui crie parce qu ' il voudrait se nicher dans sa demeure tant chérie .",
                  "id": "5",
                  "title": "Les Nuits parisiennes. Poésies naturalistes par Ernest d'Orllanges"
            },
            {
                  "doc_url": "https://gallica.bnf.fr/ark:/12148/bpt6k63776500",
                  "emotions": [
                        "admiration",
                        "love"
                  ],
                  "excerpt": "Comme ce temps - là n ' est pas loin , comme il est présent dans mon être 1 j ' en prends mon amour à témoin , mon amour que je sens renaître .XLIII L ' ange du bleu paradis , la petite femme aimée , à la bouche parfumée , quand on n ' a plus un radis , lasse d ' être renfermée , s ' enfuit comme une fumée .Si ce n ' était pas fini , qu ' au moins elle prit modèle sur la volage hirondelle , et que parfois l ' ancien nid la voie à moitié fidèle revenir à tire d ' aile ! Allez , ce n ' est pas nouveau et jamais cela ne rate vers le ciel bleu de Baratte , elle part comme un oiseau , un ruban bleu dans la patte et nous l ' appelons ingrate .",
                  "id": "6",
                  "title": "Les Nuits parisiennes. Poésies naturalistes par Ernest d'Orllanges"
            },
            {
                  "doc_url": "https://gallica.bnf.fr/ark:/12148/bpt6k63776500",
                  "emotions": [
                        "love",
                        "desire",
                        "nostalgia",
                        "envy"
                  ],
                  "excerpt": "Mais comme on garde un vieux cheval , par pitié , dans son écurie , ne me donne pas de rival , ne me chasse pas , ma chérie ! Réserve - mc : toujours un coin , près de toi , dans ton patrimoine , garde - moi toujours du bon foin de la paille et beaucoup d ' avoine .XXIV Je voulais obtenir de toi les caresses accoutumées , et sur tes lèvres parfumées - coller les miennes en émoi .Le linceul de lis et de roses de ton corps , m ' était un aimant , je voulais mourir en t ' aimant , et je chantais de folles choses .",
                  "id": "7",
                  "title": "Les Nuits parisiennes. Poésies naturalistes par Ernest d'Orllanges"
            },
            {
                  "doc_url": "https://gallica.bnf.fr/ark:/12148/bpt6k63776500",
                  "emotions": [
                        "grief",
                        "love",
                        "gratitude"
                  ],
                  "excerpt": "dédaignant fard et vermillon .Toi seule sus accaparer , 0 ma cent fois mignonne Hélène , par le parfum de ton haleine , cette hirondelle : mon baiser .XVIII Tu connais ma gourmandise , garde - moi quelque douceur , quelque grosse friandise , ô mon amante , ô ma sœur ! Réserve - moi sur tes lèvres , réserve - moi sur tes seins , une place pour mes fièvres , pour mes baisers des coussins .",
                  "id": "8",
                  "title": "Les Nuits parisiennes. Poésies naturalistes par Ernest d'Orllanges"
            },
            {
                  "doc_url": "https://gallica.bnf.fr/ark:/12148/bpt6k63776500",
                  "emotions": [
                        "love"
                  ],
                  "excerpt": "TUBÉREUSE POEME VRAISEMBLABLE A Jean Rameau .Je veux vous raconter comment la tubéreuse , cette fleur courtisane , est tombée amoureuse , un soir qu ' elle faisait son quart accoutumé , offrant à tous venants son logis parfumé .Les lucioles d ' or éteignaient leurs bougies et le sommeil allait mettre un terme aux orgies .",
                  "id": "9",
                  "title": "Les Nuits parisiennes. Poésies naturalistes par Ernest d'Orllanges"
            },
            {
                  "doc_url": "https://gallica.bnf.fr/ark:/12148/bpt6k64644206",
                  "emotions": [
                        "joy",
                        "love",
                        "optimism"
                  ],
                  "excerpt": "L ' iris assure le triomphe sur les embûches et les jalousies ; il est l ' emblème de la distinction et de la douceur .Le cœur de Jeannette est le parfum des jeunes filles , il cause les jeunes amours et les heureuses fiançailles .Le lilas attire la consolation et la fin des épreuves .",
                  "id": "10",
                  "title": "Une idée de Parisienne par page / Rose Nicolle"
            },
            {
                  "doc_url": "https://gallica.bnf.fr/ark:/12148/bpt6k64644206",
                  "emotions": [
                        "love",
                        "pride",
                        "caring"
                  ],
                  "excerpt": "Les femmes aiment connaître ces petites particularités - là , aussi vais - je ici vous dire quelques - unes des significations mystérieuses des parfums et surtout à quelles femmes , à quel genre de beauté s ' accordent les parfums .La brune élancée , à l ' oeil ardent et fier , au corps souple , se parfume au chèvrefeuille qui signifie caractère noble , race pure , cœur aimant , volupté secrète , charme captivant .La blonde frêle aux grands yeux clairs étonnés , à la soyeuse toison , au corps mince et blanc , se parfumera au lilas qui signifie jeunesse et fraîcheur , douce ignorance .",
                  "id": "11",
                  "title": "Une idée de Parisienne par page / Rose Nicolle"
            },
            {
                  "doc_url": "https://gallica.bnf.fr/ark:/12148/bpt6k64644206",
                  "emotions": [
                        "love",
                        "optimism",
                        "nostalgia"
                  ],
                  "excerpt": "Le musc et le chypre causent les douleurs d ' amour , les ruptures , les abandons , les regrets , les passions décevantes .La violette donne de douces pensées et de jolies aventures ; ce parfum cause un amour doux , profond et véritable .L ' ambre provoque la réussite en tout .",
                  "id": "12",
                  "title": "Une idée de Parisienne par page / Rose Nicolle"
            },
            {
                  "doc_url": "https://gallica.bnf.fr/ark:/12148/bpt6k5425465s",
                  "emotions": [
                        "admiration",
                        "joy",
                        "love",
                        "optimism",
                        "excitement",
                        "gratitude"
                  ],
                  "excerpt": ".Comme le coeur se dilate , comme on sent le besoin d ' aimer , comme tout nous convie au bonheur ! Le gazon si tendre , si parfumé et si fleuri ! Les roses entr ' ouvertes sur leurs tiges , comme tes lèvres , appellent le baiser ; les myrtes en fleurs , comme tes charmes , invitent à l ' amour .Les folâtres papillons , qui s ' embrassent sur leurs fleurs , les beaux oiseaux du bocage qui frétillent d ' allégresse , les tendres roucoulements des colombes plaintives , qui font l ' amour dans la ramée , nous disent tous : aimez - vous aussi ! Laisse - moi , ma charmante , dérouler le flot d ' or de ta chevelure ondoyante , et délacer ce corsage jaloux qui me ravit et emprisonne les trésors de ta gorge d ' albâtre ; laisse - moi contempler la jambe faite au tour , ton pied et ton mollet andaloux .",
                  "id": "13",
                  "title": "La Femme de César, biographie d'Eugénie Kirpatrick Théba de Montijo, impératrice des Français [par Hippolyte Magen]"
            },
            {
                  "doc_url": "https://gallica.bnf.fr/ark:/12148/bpt6k5425465s",
                  "emotions": [
                        "love",
                        "desire",
                        "pride",
                        "gratitude"
                  ],
                  "excerpt": "Les folâtres papillons , qui s ' embrassent sur leurs fleurs , les beaux oiseaux du bocage qui frétillent d ' allégresse , les tendres roucoulements des colombes plaintives , qui font l ' amour dans la ramée , nous disent tous : aimez - vous aussi ! Laisse - moi , ma charmante , dérouler le flot d ' or de ta chevelure ondoyante , et délacer ce corsage jaloux qui me ravit et emprisonne les trésors de ta gorge d ' albâtre ; laisse - moi contempler la jambe faite au tour , ton pied et ton mollet andaloux .O laisse - moi , ma bien - aimée ; laissemoi t ' adorer ! m ' énivrer de ton haleine embaumée ! Goûter les fruits de la beauté , Vivons , aimons , c ' est la sagesse ; Hors le plaisir et la tendresse , Tout est mensonge et vanité ! Et l ' aimante Eugénie n ' avait plus rien à refuser à son amant ; elle lui prodiguait sa beauté , et goûtait avec lui le même plaisir qu ' avec ses deux frères .— 11 — Telles étaient les tendres galanteries qui émaillaient le printemps de notre héroïne .",
                  "id": "14",
                  "title": "La Femme de César, biographie d'Eugénie Kirpatrick Théba de Montijo, impératrice des Français [par Hippolyte Magen]"
            },
            {
                  "doc_url": "https://gallica.bnf.fr/ark:/12148/bpt6k65192005",
                  "emotions": [
                        "admiration",
                        "joy",
                        "love",
                        "nostalgia",
                        "excitement",
                        "gratitude"
                  ],
                  "excerpt": "Naguère encor , je voyais tes rameaux , Chaque matin , à leur parure Ajouter des attraits nouveaux ; Toujours à mon réveil je les trouvais plus beaux : Fidèle à mon espoir , chaque nuit faisait naître Quelques feuilles , doux prix de mes soins assidus ! Chaque aurore un bouton s ' efforçait de paraître : Mais enfin , des plaisirs si long - temps attendus , Le moment me sourit , j ' aperçois une Rose , Qui , parmi la verdure , étalant sa rougeur , Avec le jour naissant disputait de fraîcheur .Sur elle avec plaisir mon regard se repose ; ( J ' admire tour - à - tour son éclat , sa candeur , Et plein d ' émotion j ' en savoure l ' odeur .0 courte joie ! ô plaisir éphémère ! J ' ignore quel souffle impur , Pénétrant l ' écorce légère , Dissipa mon ivresse , et d ' un bonheur futur Emporta l ' espérance , hélas ! trop mensongère .",
                  "id": "15",
                  "title": "Hommage à Jacques Delille, par Louis Ledieu"
            },
            {
                  "doc_url": "https://gallica.bnf.fr/ark:/12148/bpt6k5719108d",
                  "emotions": [
                        "love",
                        "desire",
                        "excitement"
                  ],
                  "excerpt": ".Le vaisseau doit montrer son sillon sur les mers , La lyre son ardeur sous l ' effluve des airs .La musique n ' est point une science abstraite : Dans les beaux sujets qu ' elle traite Ouvrant un vasic champ à nos sensations , L ' harmonieuse fée à nous toucher s ' applique , Indiquant plus qu ' elle n ' explique Les types enchanteurs de ses créations .",
                  "id": "16",
                  "title": "À travers mon époque : satires, poésies diverses, la question musicale / Comte de Trogoff-Kerbigoët"
            },
            {
                  "doc_url": "https://gallica.bnf.fr/ark:/12148/bpt6k5719108d",
                  "emotions": [
                        "grief",
                        "sadness",
                        "love",
                        "greed",
                        "doubt"
                  ],
                  "excerpt": ".Sait - il aimer encore ? J ' en doute : le parfum des aveux s ' évapore ; Et la Romance est morte , hélas ! Moi qui sur son album ai tracé mon paraphe , A sa tombe je dois au moins une êpitaphe .j ' irai la composer sous le cyprès des arts * — N ' en parlez plus , diront les esprits goguenards ; ' La Romance ? Elle était fourbue , exténuée : Les mauvais ténors l ' ont tuée .",
                  "id": "17",
                  "title": "À travers mon époque : satires, poésies diverses, la question musicale / Comte de Trogoff-Kerbigoët"
            },
            {
                  "doc_url": "https://gallica.bnf.fr/ark:/12148/bpt6k5719108d",
                  "emotions": [
                        "admiration",
                        "grief",
                        "love",
                        "nostalgia",
                        "gratitude",
                        "disappointment"
                  ],
                  "excerpt": "Te vous retrouve ici : vous rendez à mon coeur Et la verte savane et l ' horizon sans brumes OCi le soleil posa son prisme sur vos plumes , Non , non , vous n ' êtes pas pour moi des étrangers , Mélodieux trésors , aussi beaux que légers , Lorsque je grandissais , loin de cette Armorlque Où reposent tous mes aïeux , Ma seconde patrie était cette Amérique Qui vit se dessiner vos contours gracieux .Avant l ' heure où mon bon génie M ' attira dans ce lieu , cher a toute harmonie , Je vous avals suivis , je vous avais aimés , Sous les ombrages embaumés ^ — 136 — i ' , ; Vos ébats , vos concerts , votre nid sans défense , Vos brillantes couleurs ont ravi mon cnlance .Le charme continue ; cl je vous vois encor Aussi resplendissants que sous les rayons d ' or Qui baignent ces rives créoles Où le ciel est partout constellé d ' auréoles .",
                  "id": "18",
                  "title": "À travers mon époque : satires, poésies diverses, la question musicale / Comte de Trogoff-Kerbigoët"
            },
            {
                  "doc_url": "https://gallica.bnf.fr/ark:/12148/bpt6k9322840",
                  "emotions": [
                        "love"
                  ],
                  "excerpt": "Les sujets qui échappent à ce combat , en conservent souvent , comme preuves irrécusables , un tremblement dans les membres , la surdité , un état d hébetisme , des engorgemens dans les jointures , etc .Lorsque le foyer pestilentiel est très - intense et que la terreur qu ’ il inspire en accroît encore l ' action meurtrière , l ' affection est souvent foudroyante : les malades deviennent froids , livides ou noirâtres , et succombent , en peu d ’ heures 3 à la sidération complète de l ’ action organique sans réaction vitale .Leurs cadavres ne montrent aucune altération organique sensible .",
                  "id": "19",
                  "title": "Traité des maladies de l'estomac et des intestins. Tome 2 / par C.-B. Chardon,..."
            },
            {
                  "doc_url": "https://gallica.bnf.fr/ark:/12148/bpt6k86308776",
                  "emotions": [
                        "love"
                  ],
                  "excerpt": "Elle affecte , envers ces vénérables , d ' espiègles attitudes de petite fille , et des crâneries de collégien qui déroutent tout soupçon ! De la petite fille a - t - elle les innocences et les précocités dépravées et tentantes ? Les autres femmes prétendent qu ' elle a plutôt l ' attrait du collégien : son charme serait tout virgilien , du Virgile des églogues : Formosum pastor Corydon ardebat Alexin ; et cette Suzanne , pas chaste entre tous ces vieillards , serait surtout un très savant manuel pour les hommes affaiblis .Manuel , certes , et d ' autant plus qu ' elle possède une main charmante , une main longue , souple , d ' une souplesse inquiétante même , aux doigts fuselés et fins , soignés et parfumés , comme des doigts de prélat , et d ' une douceur telle au toucher , cette main , qu ' elle vous remue jusqu ' aux moelles , cette main de soie blanche .La main qu ' étale au Louvre la miniature dite de Maugiron ; bref , une main de pianiste , et , en effet , outre qu ' elle est , dit - on , le Liszt de l ' extase et le Chopin de la pénultième dans la sensation , tous les pianistes .",
                  "id": "20",
                  "title": "Vingt femmes... / Jean Lorrain"
            }
      ]
}