{
      "articles": [
            {
                  "doc_url": "https://gallica.bnf.fr/ark:/12148/bpt6k5814728x",
                  "emotions": [
                        "love",
                        "nostalgia"
                  ],
                  "excerpt": "Larme , ne viens pas pour si peu ! Contiens Ton désir de vivre et ta soif d ' éclore ! Mais si , repassant mes actes anciens Comme le couchant reverrait l ' aurore , J ' y trouve , en des jours confus et très vieux , Au fond du passé , quelque heure mauvaise Où j ' aie endurci ma voix ou mes yeux , Et supprimé Dieu pour haïr à l ' aise ; Si , dans ces échos du coeur réveillé , A l ' heure de mort , je vois apparaître Quelque souvenir dont je sois souillé , Cruauté , vengeance , ou dédain peut - être , Puisque tu ne peux ronger ces liens Par qui le remords à l ' âme s ' attache , Prends pitié de moi , jaillis , coule , viens , O larme dernière , et lave la tache ! Alors , délivré du poignant effroi , J ' attendrai mon tour sans frisson d ' alarme ; Et puissent mes yeux se fermer sur toi , O ma rédemptrice , ô dernière larme ! Chanson pour la Bien - Aimèe .221 CHANSON POUR LA BIEN - AIMÉE Quand je vais vers la bien - aimée , Par les clairs matins de printemps , La terre entière est embaumée , Le ciel est bon , les nids chantants .Il passe , à travers la ramée , Des frissons légers et joyeux .",
                  "id": "1",
                  "title": "Le Coeur (poésies de 1886-1892)... / Charles Fuster"
            },
            {
                  "doc_url": "https://gallica.bnf.fr/ark:/12148/bpt6k5814728x",
                  "emotions": [
                        "love",
                        "nostalgia",
                        "gratitude",
                        "caring"
                  ],
                  "excerpt": "LE CHANT A Paul Pionis .Je chantais les tendresses mièvres , L ' odeur des baisers , l ' or du soir .On m ' a brisé ma flûte aux lèvres .",
                  "id": "2",
                  "title": "Le Coeur (poésies de 1886-1892)... / Charles Fuster"
            },
            {
                  "doc_url": "https://gallica.bnf.fr/ark:/12148/bpt6k5814728x",
                  "emotions": [
                        "grief",
                        "love",
                        "nostalgia",
                        "caring",
                        "doubt",
                        "faith"
                  ],
                  "excerpt": "Je suis heureux : mes pauvres yeux fixés au sol , Je vous écoute en entendant le rossignol , Je vous bénis quand sur le lac ondule un cygne .Et savez - vous comment je vois le ciel dernier ? — C ' est un lieu clair , odeur des bois , couleur d ' aurore , Où , vous aimant , me prosternant comme on adore , Sous vos yeux purs je pourrai vivre en prisonnier .122 Marée .",
                  "id": "3",
                  "title": "Le Coeur (poésies de 1886-1892)... / Charles Fuster"
            },
            {
                  "doc_url": "https://gallica.bnf.fr/ark:/12148/bpt6k5814728x",
                  "emotions": [
                        "love"
                  ],
                  "excerpt": "C ' est vrai ! le coeur en est semé Dans l ' enchantement d ' être aimé ! Dans l ' enchantement d ' être aimé On voit toutes choses plus belles .L ' immense azur est embaumé , Les vieilles phrases sont nouvelles : J ' ai découvert les fleurs de Mai Dans l ' enchantement d ' être aimé ! 180 L ' Idole .L ' IDOLE Comme l ' agonisant serre le crucifix , Comme le naufragé se cramponne à l ' épave , Tandis que l ' Océan roule sa plainte grave , L ' Océan , dévoreur d ' amants , tueur de fils ; Comme l ' ambitieux aux destins poursuivis Ou l ' artiste de flamme à son oeuvre de lave , De même je m ' attache à mon amour d ' esclave Malgré le dur sarcasme ou les prudents avis .",
                  "id": "4",
                  "title": "Le Coeur (poésies de 1886-1892)... / Charles Fuster"
            },
            {
                  "doc_url": "https://gallica.bnf.fr/ark:/12148/bpt6k58391338",
                  "emotions": [
                        "surprise",
                        "love",
                        "nostalgia"
                  ],
                  "excerpt": "En ce moment cependant j ' entendis des pas qui se rapprochaient .Jeune fille romantique ! vous vous imaginez que ces pas étaient légers , que ce bruit était produit par une petite pantoufle de satin , qui dérangeait à peine le sable léger , qu ' ils s ' approchaient furtivement , dans la crainte de réveiller l ' invalide endormi ; puis , au milieu du chant des oiseaux , du murmure des eaux et du doux parfum des fleurs , vous croyez qu ' une forme gracieuse 66 , ' LA QUARTERONNE .apparut sur la porte , , et que je vis une figure douce , , aux .",
                  "id": "5",
                  "title": "La Quarteronne, par le capitaine Mayne-Reid, roman anglais traduit... par Louis Stenio..."
            },
            {
                  "doc_url": "https://gallica.bnf.fr/ark:/12148/bpt6k6374261g",
                  "emotions": [
                        "love"
                  ],
                  "excerpt": "Ces préparations sont végétales ou minérales .Les cosmétiques végétaux à l ' état liquide ou de pâte , lorsqu ' ils ne contiennent que des substances douces , assouplissent la peau , contribuent à sa finesse , à sa douceur ; mais c ' est là la composition et l ' effet du plus petit nombre : presque tous contiennent des substances astringentes et aromatiques , dont l ' action irritante altère tôt ou tard la peau , et y fait naître une foule d ' affections dartreuses .Les cosmétiques minéraux , presque tous composés de substances vénéneuses , outre une action plus irritante sur la peau que celle qu ' y exercent les cosmétiques végétaux , peuvent être absorbés par elle et déterminer l ' empoisonnement .",
                  "id": "6",
                  "title": "Traité d'hygiène domestique rédigé d'après les principes de la doctrine physiologique . Par P.-F. Vidalin,..."
            },
            {
                  "doc_url": "https://gallica.bnf.fr/ark:/12148/bpt6k9758263k",
                  "emotions": [
                        "love"
                  ],
                  "excerpt": "gantoukâmomhîti , je desire aller , 137 .gandhamâlâdihi , avec des guirlandes odorantes , etc ., 211 .",
                  "id": "7",
                  "title": "Essai sur le pali ou langue sacrée de la presqu'île au delà du Gange , avec... la notice des manuscrits palis de la Bibliothèque du Roi, par E. Burnouf et Chr. Lassen,..."
            },
            {
                  "doc_url": "https://gallica.bnf.fr/ark:/12148/bpt6k1163725",
                  "emotions": [
                        "love",
                        "nostalgia"
                  ],
                  "excerpt": "C ' est un corps vénéneux .Son odeur rappelle beaucoup celle des amandes amères .Elle provoque des ver - tiges , suivis de maux de tète et de convulsions .",
                  "id": "8",
                  "title": "La Science française : revue populaire illustrée"
            },
            {
                  "doc_url": "https://gallica.bnf.fr/ark:/12148/bpt6k3079900d",
                  "emotions": [
                        "love"
                  ],
                  "excerpt": "L ’ hémorragie une fois terminée , le malade mouche des caillots sanguins pendant plusieurs jours ; on constate même souvent de petites récidives .TROUBLES DU GOUT ET DE L ’ ODORAT L ’ odorat est facilement compromis par quelques affections nasales .Toute lésion apportant un obstacle mécanique au passage de l ' air par la fente olfactive , provoquera forcément une anosmie plus ou moins complète .",
                  "id": "9",
                  "title": "Diagnostic et traitement des maladies du nez, \"rhinoscopie\" / par le Dr J. Garel,..."
            },
            {
                  "doc_url": "https://gallica.bnf.fr/ark:/12148/bpt6k9688430g",
                  "emotions": [
                        "love"
                  ],
                  "excerpt": "Massé a bien pu être indirectement victime de ces causes déterminantes , comme le sont tant de travailleurs en entrant en ménage ; car , le soir , ils se reposent paisiblement des fatigues du jour , et il arrive souvent que dès le matin ils exposent , par tous les temps , leurs sens émus aux funestes conséquences d ' un refroidissement subit .Il existe entre l ' ozène farcineux ou morveux des animaux et l ' ozène scrofuleux de l ' homme une analogie qu ' on reconnaît aux symptômes extérieurs et aux conditions de développement de ces affections ; et cette analogie devient incontestable surtout aux yeux de ceux qui ont soumis aux observations microscopiques les végétations qu ' on y observe , et qui découlent de la même source .Le célèbre Sauvage , qui a laissé de précieux travaux sur h ' s scrofules , reconnaît que cette maladie a des rapports intimes avec le scorbut , l ' éléphantiasis , la lèpre , la teigne , etc .",
                  "id": "10",
                  "title": "Découverte des causes des épizooties et des épidémies : causes et distinction des deux genres de charbon, l'un gangréneux, et l'autre virulent, \"modus faciendi\" de la contagion de ces différentes maladies... / par L.-E. Plasse,..."
            },
            {
                  "doc_url": "https://gallica.bnf.fr/ark:/12148/bpt6k61528785",
                  "emotions": [
                        "joy",
                        "love",
                        "optimism",
                        "nostalgia",
                        "excitement",
                        "gratitude"
                  ],
                  "excerpt": "° 1 & ne puissent être retardés dans leur marche ni questionnés sur le but de leur voyage .Pour elle , % ' élevant dans les airs , ellevoleaPaphos , et se plaît à revoir ces retraites aimée » , usur le » cent autels qui ornent son temple fume sans 06888 le pur cens de Saba mêlé au parfum des fleurs nouvelle » .- Cependant Us deux guerriers s ' avancent à grands pas dans ) c - , u \" tïNtIDE .",
                  "id": "11",
                  "title": "Les Auteurs latins expliqués d'après une méthode nouvelle par deux traductions françaises... Virgile. Premier livre de l'Enéide"
            },
            {
                  "doc_url": "https://gallica.bnf.fr/ark:/12148/bpt6k876501w",
                  "emotions": [
                        "love",
                        "calmness"
                  ],
                  "excerpt": "Entrez sans crainte , mais non sans monnaie .Accueillis affectueusement , menés devant des écrins contenant ces bijoux noirs et brillants , où l ’ odeur du bois se mêle à celle du jeune champignon , vous pourrez étudier et comparer à loisir , sans qu ’ aucun commis vous harcèle , ni cherche à guider votre choix .Chez Battendicr , le logis est étroit , le public dense et l ’ on est bousculé .",
                  "id": "12",
                  "title": "Paris vécu / Léon Daudet"
            },
            {
                  "doc_url": "https://gallica.bnf.fr/ark:/12148/bpt6k323127j",
                  "emotions": [
                        "love"
                  ],
                  "excerpt": "Place dans tes cheveux cette églantine rose , moins parfumée qu ’ eux ; admire ces rouges coquelicots qui envieraient le carmin et le vermillon de tes lèvres .196 — — Que cette nature est belle , le gazon est tendre et parfumé , émaillé de pâquerettes comme le ciel l ’ était détoiles cette nuit ; les timides violettes semblent se cacher sous les feuilles pour s ’ aimer , et leur senteur trahit seule leur présence ; il me semble les entendre nous dire : aimez - vous ; les roses entr ’ ouvertes sur leurs tiges , comme ta bouche , ô mon adorée ! appellent le baiser ; les myosotis disent : plus je te vois , plus je t ’ aime .Les insectes invisibles qui murmurent sous les herbes fleuries ; les folâtres papillons qui s ’ embrassent sur les tendres corolles ; les beaux oiseaux du bocage qui gazouillent amoureusement ; les tendres roucoulements des colombes plaintives ; les chants d ’ amour du rossignol , les ruissellements des notes suaves et pures de son invocation sublime ; la cascade mélodieuse qui coule à flots de son gosier d ’ artiste ; tout nous dit : aimez - vous ! Descendons de nos coursiers , laissons - leur paître l ’ herbe fleurie qui borde le chemin , attachons - les à un arbre , entrons tous deux dans ce fourré solitaire , sous ces épais bocages , sous l ’ ombre des grands arbres et des verts bosquets .",
                  "id": "13",
                  "title": "Le Mariage d'une espagnole, par Madame U... R... (M... de S...)"
            },
            {
                  "doc_url": "https://gallica.bnf.fr/ark:/12148/bpt6k323127j",
                  "emotions": [
                        "love"
                  ],
                  "excerpt": "L ’ autre dame , plus âgée , belle encore , mais d ’ une beauté différente , — 168 — était brune ; elle avait des yeux et des cheveux noirs , et des teintes chaudes sur la peau .Ses lèvres rouge - pourpre , fortement dessinées , annonçaient la sensualité ; ses narines mobiles respiraient avec délices les parfums d ’ un gros bouquet quelle tenait à la main .Elle causait avec animation avec le plus âgé des deux messieurs assis près d ’ elle , c ’ était un homme d ’ un certain âge , mais affichant , par sa mise et par ses attitudes , les prétentions séductrices d ’ un jeune homme ; on voyait qu ’ il mettait tout en œuvre pour plaire à la dame avec laquelle il causait , pendant que son jeune compagnon échangeait de doux regards et de tendres sourires avec la belle demoiselle aux cheveux dorés .",
                  "id": "14",
                  "title": "Le Mariage d'une espagnole, par Madame U... R... (M... de S...)"
            },
            {
                  "doc_url": "https://gallica.bnf.fr/ark:/12148/bpt6k210014g",
                  "emotions": [
                        "love",
                        "envy"
                  ],
                  "excerpt": "Elle estoit n ) fe d ' un medecin fameux de son temps , lequel , se trouvant engagé en si vilaine nécessité , se resolut à une haulte entreprinse .Comme chascun paroit sa fille et l ' attournoit d ' ornements et ioyaux , qui la peussent rendre agreable à ce nouvel amant , luy aussy luy donna un mouchoir exquis en senteur et en ouvrage , duquel elle eust à se servir en leurs premieres approches meuble qu ' elles n ' y oublient gueres , en ces quartiers là .Ce mouchoir , empoisonné selon la capacité de son art , venant à se frotter à ces chairs esmeues et pores ouverts , inspira son venin si promptement , qu ' ayant soubdain change leur sueur chaulde en froide , ils expirèrent entre les bras l ' un de l ' aultre .",
                  "id": "15",
                  "title": "Essais de Montaigne. précédés d'une étude biographique et littéraire. T. 2 / par Alfred Delvau"
            },
            {
                  "doc_url": "https://gallica.bnf.fr/ark:/12148/bpt6k5818547t",
                  "emotions": [
                        "love"
                  ],
                  "excerpt": "Tiges de 2 & 5 mètres , a rameaux opposés , cylindriques , flexibles , d ' une couleur cendrée ; feuilles ovales , en fer de lance , lisses , entières , d ' un beau vert , portées sur de courtes queues , persistantes dans les hivers doux .; fleurs blanches , petites , odorantes , disposées en grappes allongées à .l ' extrémité des rameaux ; fruit : baies mûrissant en automne , se colorant d ' un pourpre noir , et restant sur l ' arbrisseau une partie de l ' hiver .",
                  "id": "16",
                  "title": "Connaissance des plantes médicinales les plus usitées, à la portée de tout le monde... par Ferdinand Rouget"
            },
            {
                  "doc_url": "https://gallica.bnf.fr/ark:/12148/bpt6k405868r",
                  "emotions": [
                        "love",
                        "nostalgia",
                        "approval"
                  ],
                  "excerpt": "Je le croyais mieux fait .Si ses romans , qui me parurent aimables quand ils étaient jeunes et moi aussi , ont à présent l ' éclat et l ' odeur de sa polémique , je le loue de demander ses moyens d ' existence au jardinage .Dans la littérature il ne ferait pas ses frais .",
                  "id": "17",
                  "title": "Louis Veuillot : l'homme, le lutteur, l'écrivain... / Eugène Tavernier"
            },
            {
                  "doc_url": "https://gallica.bnf.fr/ark:/12148/bpt6k6150887h",
                  "emotions": [
                        "admiration",
                        "love",
                        "approval"
                  ],
                  "excerpt": ".mais ton coeur a des pudeurs de femme , Tu sens bien vivement ..",
                  "id": "18",
                  "title": "Épître à Timoléon Audry, par M. le Dr É. Gélineau-Français... souvenez-vous"
            },
            {
                  "doc_url": "https://gallica.bnf.fr/ark:/12148/bpt6k6121141k",
                  "emotions": [
                        "joy",
                        "love",
                        "gratitude",
                        "calmness",
                        "approval"
                  ],
                  "excerpt": "» Répaiidezdonc sur l ' oeuvre , tpu .je entière , » Parfum d ' amour , parfum de chasteté .» Filles d ' Adam , apportez une pierre » Au Temple de l ' Humanité .",
                  "id": "19",
                  "title": "Fourier. [Signé : Louis Festeau.]"
            },
            {
                  "doc_url": "https://gallica.bnf.fr/ark:/12148/bpt6k61487169",
                  "emotions": [
                        "love",
                        "nostalgia"
                  ],
                  "excerpt": "Plusieurs femmes entendent les sons d ' un orgue immense quand Séraphîta vient clans le temple , et demandent sérieusement à leurs voisines si elles ne les entendent pas aussi .Mais , ma fille , que , depuis deux ans , Séraphîta prend en affection , n ' a point entendu de musique , et n ' a point senti les parfums du ciel qui , dit - on , embaument les airs 228 SERAPHITA .quand elle se promène .",
                  "id": "20",
                  "title": "Louis Lambert, suivi de Séraphita, par M. H. de Balzac. Nouvelles éditions revues et corrigées"
            }
      ]
}