{
      "articles": [
            {
                  "doc_url": "https://gallica.bnf.fr/ark:/12148/bpt6k8630130c",
                  "emotions": [
                        "love"
                  ],
                  "excerpt": "Fruit arrondi , obtus aux deux extrémités , légèrement brodé ; écorce grisâtre ou argentée .Chair verte , sucrée et parfumée .Gilbert ' s green flesh M .",
                  "id": "1",
                  "title": "Les Plantes potagères, description et culture des principaux légumes des climats tempérés, par Vilmorin-Andrieux et Cie,..."
            },
            {
                  "doc_url": "https://gallica.bnf.fr/ark:/12148/bpt6k6158949n",
                  "emotions": [
                        "grief",
                        "love",
                        "desire",
                        "nostalgia",
                        "gratitude",
                        "envy"
                  ],
                  "excerpt": "fortune en toi , croire à l ' or de ses ; jours , Dans tes perfections ? profondénaenife descendre , Introniser , pieux , tan culte et le comprendre , Et te nommer en choeur le premier ée & amours .Oh ! qu ' il m ' est doux à moi qui retrace tes charmes , D ' aspirer tes senteurs , parfum délicieux ; Maintenant qu ' incliné sous le faix des alarmes r J ' entrevoisï ton secours de l ' océan dès larmes .Comme le juste admire une faveur des creux ! Mollement reposé sur ta foi caressante Je marcherai sans fin sur des fleurs à cueillir , Et préférant la robe à celle d ' une amante , Comme un viveur joyeux , sous le thyrse et l ' acanthe , J ' atteindrai mon tombeau sans m ' entendre vieillir .",
                  "id": "2",
                  "title": "Les Batardes, poésies par Édouard B. texte illustré..."
            },
            {
                  "doc_url": "https://gallica.bnf.fr/ark:/12148/bpt6k54007182",
                  "emotions": [
                        "love"
                  ],
                  "excerpt": "semblerait devoir l ' être au premier abord .Dans certaines affections , l ' haleine prend une odeur particulière qui est la même dans un assez grand nombre de maladies fébriles et que l ' on pourrait désigner sous le nom d ' aigrelette ; elle est plus franchement acide dans quelques maladies de l ' estomac .Cependant elle n ' est , dans ce cas , jamais pathognomoniqùe d ' un état morbide donné , toujours le même .",
                  "id": "3",
                  "title": "Nouveaux éléments de pathologie générale et de séméiologie / par E. Bouchut,..."
            },
            {
                  "doc_url": "https://gallica.bnf.fr/ark:/12148/bpt6k80610k",
                  "emotions": [
                        "joy",
                        "grief",
                        "love",
                        "nostalgia",
                        "gratitude"
                  ],
                  "excerpt": "C ' est effroyable et c ' est délicieux 1 , Depuis dix - neuf ans , pas une femme n ' a pu me ravir à Blanchëii .Mes lèvres gardent ï ' âcre parfum de son dernier baiser .J ' ai vécu sous un linceul , te dis - je .",
                  "id": "4",
                  "title": "Coeur d'amour. 4, L'éborgnade / Paul Féval fils"
            },
            {
                  "doc_url": "https://gallica.bnf.fr/ark:/12148/bpt6k6153611m",
                  "emotions": [
                        "admiration",
                        "love",
                        "nostalgia",
                        "gratitude"
                  ],
                  "excerpt": "249 Dans les parcs où nous promenâmes L ' orgueil d ' un jeune enchantement , Dans la croyance du serment Dont nous avions lié nos âmes .O le suprême enchantement ! Il passe dans tes lourdes tresses Un parfum subtil et connu ; Tout à l ' heure il m ' est revenu Au coeur de très lentes caresses De ce parfum cher et connu .C ' était l ' odeur des fleurs mourantes .",
                  "id": "5",
                  "title": "L'Année des poètes / morceaux choisis ; réunis par Charles Fuster"
            },
            {
                  "doc_url": "https://gallica.bnf.fr/ark:/12148/bpt6k6124524c",
                  "emotions": [
                        "admiration",
                        "love",
                        "excitement",
                        "gratitude",
                        "approval",
                        "faith"
                  ],
                  "excerpt": ") 117 J ' AIME LA VIE .J ' aime la vie , oui , je l ' aime de coeur ' J ' y vois l ' amour , cette divine ciise , Qui donne aux sens la fièvre qui les grise D ' une ambroisie à puissante senteur .Faux philosophe à pompeuse paiole , Sot harangueur , va , passe ton chemin ' Tu perds ton temps et me parles envam De la raison , cette orgueilleuse folle Je l ' ai bien vue à l ' épreuve fléchir .",
                  "id": "6",
                  "title": "Feuilles au vent, poésies de Jean-Alexis Giraud"
            },
            {
                  "doc_url": "https://gallica.bnf.fr/ark:/12148/bpt6k64681049",
                  "emotions": [
                        "love"
                  ],
                  "excerpt": "Dyssenterie n ' est pas synonyme de diarrhée , comme le croient la plupart des gens du monde qui se servent indistinctement de l ' une ou l ' autre de ces dénominations .La dyssenterie est une affection grave , caractérisée par des douleurs de ventre , des selles fétides , d ' une odeur spéciale , causant du ténesme , sanguinolentes , ou semblables à de la raclure de boyaux , en général très - fréquentes , mais formées d ' une petite quantité de matière .En même temps , il existe des symptômes généraux , de la prostration , de l ' amaigrissement , et une grande altération des traits .",
                  "id": "7",
                  "title": "Conseils aux mères concernant l'hygiène et les maladies les plus communes de l'enfance, par É. Bourgarel,..."
            },
            {
                  "doc_url": "https://gallica.bnf.fr/ark:/12148/bpt6k65837852",
                  "emotions": [
                        "love"
                  ],
                  "excerpt": "Si parmi eux , il en est un ou plusieurs qui , indépendamment des propriétés génériques de la classe , jouisse de quelque vertu spéciale qui le rende capable de satisfaire à des indications spéciales aussi , nous nous y arrêtons pour en faire toute l ' histoire thérapeutique particulière , sauf à le comprendre de nouveau dans la médication dont il fait partie s ' il en relève par ses vertus générales ; ou bien nous n ' y revenons plus si l ' expérience ne l ' a consacré que dans le traitement des cas spéciaux à l ' occasion desquels nous avons épuisé son étude .Par exemple , les ombellifères aromatiques et les labiées placées dans la classe des Excitans retiennent , comme nous l ' avons dit , indépendamment de leur action , excitante générale , quelques propriétés anti - spasmodiques qui , les rendent spécialement utiles dans certaines affections où tous les excitans ne sont pas indistinctement indiqués : alors nous les examinons , quant à cette propriété , à chaque article individuel .Ils reparaissent dans le chapitre médication , mais , cette fois - ci , à titre d ' excitans généraux .",
                  "id": "8",
                  "title": "Traité de thérapeutique et de matière médicale, par A. Trousseau,... et H. Pidoux,.... Tome 1"
            },
            {
                  "doc_url": "https://gallica.bnf.fr/ark:/12148/btv1b86268548",
                  "emotions": [
                        "love",
                        "desire",
                        "nostalgia",
                        "excitement",
                        "envy"
                  ],
                  "excerpt": "Sur le bureau , elle avait pris une feuille de papier , l ' avait poussée devant lui , et trempant une plume dans l ' encre , la lui avait mise entre les doigts .Et pendant que , sous son regard , il rédigeait le précieux laisser - passer , de sa poitrine penchée qui frôlait un peu son uniforme des effluves sortaient qui l ' envahissaient tout entier , il ne savait quelle chaude émanation de désir , si intense et si pénétrante que sa main tremblait , traçant sur le papier des lignes incorrectes .Avec son parfum , avec sa parole , elle entrait en lui par tous les pores .",
                  "id": "9",
                  "title": "Les soirées de Médan / Émile Zola, Guy de Maupassant, J. K. Huysmans, Henry Céard, Léon Hennique, Paul Alexis"
            },
            {
                  "doc_url": "https://gallica.bnf.fr/ark:/12148/bpt6k6124524c",
                  "emotions": [
                        "love",
                        "nostalgia",
                        "excitement",
                        "gratitude",
                        "caring"
                  ],
                  "excerpt": "C ' est le réveil de la belle nature Aux baisers du soleil joyeux , Elle est heureuse en vêtant saparuie , Comme elle aussi soyons heureux .Oui , soyons - le , hviés à l ' allégresse Dont les petits sont les riches toujours , Eternisons la seciète tendresse Que nous puisons dans nos humbles amouis Il est si bon l ' un pour l ' autre de vivre , A nos deux coeurs battant a l ' unisson L ' étioit sentier que nous avons a suivre Ebt tout bordé d ' un odorant buisson Lehseion , l ' églantier , l ' aubépine , Formant la haie aux embaumantes fleurs , Aiment écloie au pied d ' une colline Mieux qu ' au sommet des supeibes hauteuis .12 Ce n ' est donc pas aux cimes oigueilleuses Que la nature ouvre ses beaux bouquets , Les chemins creux et les gorges rocheuses Vont aboutir aux plus riants bosquets Combien de fois , philosophe poète , J aj visité ces pittoresques lieux ' Mais j ' étais seul , et pâle était la fête Criâces a Dieu ' nous lions tous les deux Oui , tous les deux nous feions le voyage , Paisiblement par l ' agi este chemin , L ' an natuiel , le souriie au visage Et nous tenant tous les deux pai la main Dans notie spheie on vit et doit tranquille , Loin des tiacas qui blasent les puissants Mieux vaut cent fois l ' églogue de Virgile Que tout l ' Homère aux combats des géants Qu ' nnpoite a nous tout ce monde qui bulle , Mais qui semeuit comme des feux follets ' La paix de l ' âme et l ' amour de famille Vont que l ' on vit sans remords ni îegiets Qunnpoite à nous que des atiabilanes , Espnts chagrins et censeurs envieux , Veuillent en nous , modestes solitaires , ' doubler la foi que nous avons aux cieux ' Mais calmons - nous , n ' ayons pas de rancune , Cai le bonheur commande le pardon Nous sommes grands les petits en fortune , Quand notre coeui est généreux et bon 13 Rions toujouis des comparses comiques , Qui , dans ce monde , ont l ' air de rire à paît Ces cabotas aux burlesques mimiques Se moquent mal et sans grâce et sans art Les gens d ' espiit bientôt ont fait justice De ces claqueurs serviles des présents , Toujours dispos à penser a mahce Pour censurer ou rire des absents .",
                  "id": "10",
                  "title": "Feuilles au vent, poésies de Jean-Alexis Giraud"
            },
            {
                  "doc_url": "https://gallica.bnf.fr/ark:/12148/bpt6k9691769g",
                  "emotions": [
                        "love"
                  ],
                  "excerpt": "Une femme était là , souriante et rêveuse ; Elle avait dans ses yeux tous les bleus firmaments .D ' amoureuses senteurs semblaient émaner d ' elle ; Des soleils inconnus éclairaient sa prunelle ..",
                  "id": "11",
                  "title": "Les rives de l'Arno / par Mme Urbain Rattazzi (Marie de Solms)"
            },
            {
                  "doc_url": "https://gallica.bnf.fr/ark:/12148/bpt6k6153611m",
                  "emotions": [
                        "love",
                        "nostalgia",
                        "gratitude"
                  ],
                  "excerpt": "BERTHE BALLEY DECLARATION Moi qui , loin de vous , tristement soupire , Que rien ne saurait distraire ou charmer , Lorsque je vous vois je n ' ose vous dire Ces mots qui pourtant font toujours sourire : a Voulez - vous aimer ? » Vous me paraissez si noble et si belle Que je sens mon coeur prompt à s ' alarmer ; J ' ai peur que , pour moi , le vôtre rebelle , Ne comprenant pas ma douleur cruelle , Ne veuille m ' aimer .Loin du regard froid que je crains , Madame , Comme un doux parfum venant l ' embaumer , Votre souvenir pénètre en mon âme Et je dis , sans lire en vos yeux un blâme : « Voulez - vous m ' aimer ? » Ne savez - vous pas qu ' il n ' est sur la terre d ' un seul sentiment qu ' on n ' ose nommer ? ( Amour , passion , tendre et doux mystère , ) Au fond de soi - même en vain on l ' enterre , Il nous faut aimer .C ' est le souffle ardent qui donne la vie .",
                  "id": "12",
                  "title": "L'Année des poètes / morceaux choisis ; réunis par Charles Fuster"
            },
            {
                  "doc_url": "https://gallica.bnf.fr/ark:/12148/bpt6k5721673h",
                  "emotions": [
                        "joy",
                        "love",
                        "gratitude",
                        "faith"
                  ],
                  "excerpt": "» — Et ces grands te diront t « Rampe et meurs ! » — Anathêmc ! Juin t83t .A LA POÉSIE » POÉSIE ! Ambroisie , Qui du céleste séjour Coule en flammes Dans nos âmes Comme un doux parfum d ' amour ! POÉSIES .18B Douce fée ! Echauffée D ' un délicieux transport , Viens , brillante , ' Attrayante , Ranimer mon esprit mort .",
                  "id": "13",
                  "title": "Poésies d'Hippolyte Tampucci, garçon de classe au collège Charlemagne"
            },
            {
                  "doc_url": "https://gallica.bnf.fr/ark:/12148/bpt6k9693152r",
                  "emotions": [
                        "admiration",
                        "love",
                        "pride",
                        "gratitude",
                        "faith"
                  ],
                  "excerpt": "Sur son front rafraîchi par un bain d ' ambrofle Elle verse des flots d ' une cffence choisie ; Ec la douce vapeur du parfum précieux 3 Embaume au loin la terre & le Palais des Dieux .cheveux ondoyans qu ' avec art elle tresse , Vielle teint d ' ambrolie , & que l ' Amour caresse , & épandcnr autour d ' elle une divine odeur , Qui des tendres desirs renouvelle l ' ardeur .Le feu des diamans sur sa tête étincelle ; Sa ceinture lui donne une grace nouvelle : Une agraffe superbe attache sur son sein Le voile que Minerve a tissu de sa main .",
                  "id": "14",
                  "title": "Dictionnaire iconologique, ou Introduction à la connoissance des peintures, sculptures, médailles, estampes, médailles, pierres gravées, emblemes, devises, &c.. Tome 2 / Avec des descriptions tirées des poëtes anciens & modernes. Par M. de Prezel. Nouvelle édition, revue & considérablement augmentée"
            },
            {
                  "doc_url": "https://gallica.bnf.fr/ark:/12148/bd6t5373897b",
                  "emotions": [
                        "grief",
                        "love",
                        "nostalgia",
                        "gratitude"
                  ],
                  "excerpt": "Ton souvenir ému frissonne autotir de moi ; Dans le clair demi - jour de ma chambre déserte il chante doucement et , touchant de son doigt , La chaise où tu t ’ assis , la brochure entr ’ ouverte Que , d ' un regard distrait , tu - parcourus tantôt , Et ces riens familiers que ta main caressante Effleurait en jouant ( pour mon amour dévot Reliques désormais gardant la joie absente ) , il poétise lout ; comme un rayon qui luit Soudain fait resplendir des points d ’ or dans la nuit , Ainsi subitement , sous son toucher magique , Tout prend un air de rêve indécis et très doux .Mon oreille perçoit une vague musique Aux accords pénétrants , mystérieux et flous Tandis que le jour meurt au fond des vitres closes , Que ton image aimée erre devant mes yeux , Dans le parfum troublant , comme alangui , des roses , Tel un fantôme cher passant silencieux .: : Définition — — © — — Les poètes ; Marmots Qu ’ on prend avec des mots ; Et fragiles maîtresses Qu ’ on tient par des caresses .",
                  "id": "15",
                  "title": "Roman des soirs / Jean Bach-Sisley ; préface de Jean Bertheroy"
            },
            {
                  "doc_url": "https://gallica.bnf.fr/ark:/12148/bpt6k6153611m",
                  "emotions": [
                        "love",
                        "desire",
                        "nostalgia",
                        "disappointment"
                  ],
                  "excerpt": "Tu fus sourd aux chansons des pâles bien - aimées .Une femme , pourtant , voulut t ' aimer , Hamlet : Sous les pommiers d ' avril aux neiges embaumées Il vint s ' offrir à toi , l ' amoureux oiselet ! Que t ' importait l ' amour ? Tu poursuivais ton rêve ! Hamlet , ce rêve était profond comme la mer ; Mais ses vagues venaient échouer sur la grève En laissant sur le sable d ' or un goût amer .Ah ! comme elle t ' avait bien conquis , la chimère ! Poète , qui priais une tête de mort De déchirer pour toi les voiles du mystère ! .",
                  "id": "16",
                  "title": "L'Année des poètes / morceaux choisis ; réunis par Charles Fuster"
            },
            {
                  "doc_url": "https://gallica.bnf.fr/ark:/12148/bpt6k54631620",
                  "emotions": [
                        "admiration",
                        "surprise",
                        "love",
                        "nostalgia",
                        "gratitude"
                  ],
                  "excerpt": ") Parsifal ( se retournant et jetant ses regards ravis vers la forêt et la prairie ) .Oh ! que belle aujourd ' hui me semble la prairie ? — J ' ai bien rencontré sans doute des Fleurs merveilleuses , qui s ' élevaient amoureusement jusqu ' au haut de ma tête ; mais jamais je ne vis de si tendres tiges , ni de si délicates corolles ; jamais tout ainsi , autour de moi , n ' avait fleuré des parfums si suaves , ni ne m ' avait parlé un langage si doux .Gurnemanz C ' est le charme du Vendredi Saint , Seigneur ! ( 1 ) La couronne de Montsalvat .",
                  "id": "17",
                  "title": "Les opéras de Wagner : Tannhaeuser, Lohengrin, Parsifal / traduit de l'allemand par A. Delpit, avec une introduction sur la vie et les œuvres de Richard Wagner"
            },
            {
                  "doc_url": "https://gallica.bnf.fr/ark:/12148/bpt6k855348j",
                  "emotions": [
                        "love",
                        "nostalgia",
                        "gratitude"
                  ],
                  "excerpt": "— ( Il prend le flambeau sur la table et regarde les fleurs qui y sont dessus ) .Chères fleurs qu ' elle a respirées , vos corolles ont gardé le doux parfum de son haleine .( U prend les fleurs pour leur faire des baisers ; il aperçoit la lettre écrite par Gabrielle ) Une lettre ? .",
                  "id": "18",
                  "title": "Le choix d'un nom : comédie en un acte (2e édition) / Mme Adèle (Aline) Ducros, née Morel"
            },
            {
                  "doc_url": "https://gallica.bnf.fr/ark:/12148/bpt6k5626981d",
                  "emotions": [
                        "love",
                        "despair",
                        "frustration"
                  ],
                  "excerpt": "Quel sujet de rage pour la vieille mégère ! sa belle - soeur était riche , comtesse et jolie comme un ange .L ' amour du mari était extrême , rien dans l ' avenir ne semblait devoir altérer cette union , le bonheur couvrait de ses ailes ce qui restait de la famille de madame Bonnard : comme elle devait être malheureuse ! Debout , au milieu de l ' appartement , la veuve , dont les traits méchans sont réfléchis dans une glace , regarde avec un dépit secret un coiffeur à la mode , mettant la dernière main aux tresses parfumées qui s ' élancent avec élégance sur la tête de Clara .La voilà donc , ( 8g ) cette misérable ouvrière , qui est venue s ' asseoir mon égale dans le salon d ' un comte ! et tranquille , inactive , je verrais son insolente prospérité ! Non ! Le même génie qui guida ma haine contre Sophie , m ' aidera à perdre Clara .",
                  "id": "19",
                  "title": "La Grisette, roman de moeurs, par Auguste Ricard,.... Tome 4,Edition 2"
            },
            {
                  "doc_url": "https://gallica.bnf.fr/ark:/12148/bpt6k5721673h",
                  "emotions": [
                        "grief",
                        "love",
                        "nostalgia",
                        "gratitude",
                        "disappointment"
                  ],
                  "excerpt": "133 Sincères confulens des tournions qu ' en ma vie A versés le Destin , Ces vers ils ont souvent , ma douce et tendre amie , Reposé dans ton sein .Quand tu ne l ' aurais pas découvert à mon âme , Du papier indiscret Le parfum amoureux eût redit à ma flamme Cet aimable secret .Cet enivrant parfum de mon âme embrasée A ranimé l ' ardeur , Gomme à l ' aube naissante on voit sous la rosée S ' épanouir la fleur .",
                  "id": "20",
                  "title": "Poésies d'Hippolyte Tampucci, garçon de classe au collège Charlemagne"
            }
      ]
}