{
      "articles": [
            {
                  "doc_url": "https://gallica.bnf.fr/ark:/12148/bpt6k9612571z",
                  "emotions": [
                        "love",
                        "desire"
                  ],
                  "excerpt": "Désir qui suit l ' homme partout , et qui se manifeste dans tous ses amours , dans tous ses bonheurs , dans toutes ses souffrances .Quand l ' homme aime et désire la femme , quand il contemple le ciel et le soleil , quand il s ' enivre du parfum des fleurs et du feuillage , ce sont autant d ' amours qui tendent au même but , à se compléter , — comme les tronçons séparés du serpent tendent à se réunir .Car on dit Dieu est partout , il fallait dire Dieu est tout — Dieu est l ' air et le soleil , et les arbres et les fleurs , et les hommes , et les terribles lions , et les crocodiles du Nil , et le vent , et les parfums que le vent recueille dans les prairies le soir .",
                  "id": "1",
                  "title": "Les mille et un romans. t. 12, Une heure trop tard / par Alphonse Karr"
            },
            {
                  "doc_url": "https://gallica.bnf.fr/ark:/12148/bpt6k9612571z",
                  "emotions": [
                        "love"
                  ],
                  "excerpt": "Semblables à certains limaçons , qui , ayant perdu leur coquille , s ' em , parent de force de la coquille d ' un autre , il ne trouva rien de mieux à dire que : — Je vais jouer au billard avec Fischerwald .Or , il était tout différent de laisser à des jeunes personnes assez romanesques — l ' image d ' un homme qui , la nuit , va seul promener dans les bois peut - être des pensées d ' amour , Ou d ' un autre qui , dans un café , au milieu des cris , des juremens , de la fumée du tabac , de l ' odeur de la bière et des quinquets , va déployer tous ses talens pour faire payer à un autre les quelques verres de punch et .de bière qu ' il boira sans avoir soif .",
                  "id": "2",
                  "title": "Les mille et un romans. t. 12, Une heure trop tard / par Alphonse Karr"
            },
            {
                  "doc_url": "https://gallica.bnf.fr/ark:/12148/bpt6k1412086j",
                  "emotions": [
                        "love",
                        "gratitude",
                        "caring"
                  ],
                  "excerpt": "Et ses jours sont comptés par des jours de victoire ! Carina mon amour , mon amant et ma gloire ! Mes lèvres en tremblant et le cœur en émoi Je chante et je t ’ appelle , ô mon maître , ô .mon roi ! Sur la mousse et les fleurs en couche parfumée , Frissonnante d ’ amour attend ta hien - aimée .Viens ! Oh ! viens ! — Est - ce lui ? J ' entends marcher tout bas Et les feuilles séchées crépiter sous des pas .",
                  "id": "3",
                  "title": "Les richesses de la Guyane française et de l'ancien contesté franco-brésilien, onze ans d'exploration... / Georges Brousseau"
            },
            {
                  "doc_url": "https://gallica.bnf.fr/ark:/12148/bpt6k5327522r",
                  "emotions": [
                        "love",
                        "nostalgia"
                  ],
                  "excerpt": "Ah ! si j ’ avais eu l ' idée de vous ouvrir mon jardin il y a seulement quelques semaines , je h ’ au - rais été embarrassé que par le choix tles modèles et la difficulté de traduire en prose les charmes des inflorescences de l ’ automne .Elles sont incomplètes parce qu ’ il leur manque le parfum , 2 26 LETTRES D £ MON JARDIN comme aux amours de l ’ âge mûr .Mais comme elles rachètent cette lacune par la variété , la vivacité et l ’ éclat du coloris , ainsi que par l ’ indicible vigueur qu ’ affecte , sur ses tins , la végétation de certaines plantes , telles que le dahlia , les véroniques , les chrysanthèmes ! J ’ ai médit du dahlia ; comme tant d ’ autres je lui ai reproché , avec quelque aigreur , sa régularité , sa raideur empesée et je crains bien de lui avoir signifié son classement parmi les fleurs bêtes ; on le pastichait si bien avec quelques brins de papier qu ’ il devenait difficile de distinguer l ’ original de la copie , et je déclarais que c ’ était là le comble de l ’ humiliation pour une fleur .",
                  "id": "4",
                  "title": "La Vie à la campagne (2e série). Lettres de mon jardin, par G. de Cherville"
            },
            {
                  "doc_url": "https://gallica.bnf.fr/ark:/12148/bpt6k6248100m",
                  "emotions": [
                        "love",
                        "nostalgia",
                        "gratitude",
                        "amusement",
                        "faith"
                  ],
                  "excerpt": "Inspire - moi l ' effort qui fait qu ' on se relève , Enseigne le courage à mon corps éploré , Sauve - moi de l ' ennui qui me rend effaré , Et fourbis mon espoir rouillé comme un vieux glaive .Rallume à ta gaîté mon pauvre rire éteint ; Use en moi le vieil homme , et puis , soir et matin , Laisse - moi t ' adorer comme il convient aux anges ! Laisse - moi t ' adorer loin du monde moqueur , Au bercement plaintif de tes regards étranges , Zéphyrs bleus charriant les parfums de ton cœur ! LES PLAINTES A Charles Keller .Venus des quatre coins de l ' horizon farouche , De la cime des pics et du fond des remous , Les aquilons rageurs sont d ' invisibles fous Qui fouettent sans lanière et qui hurlent sans bouche .",
                  "id": "5",
                  "title": "Les névroses : les âmes, les luxures, les refuges, les spectres, les ténèbres / Maurice Rollinat"
            },
            {
                  "doc_url": "https://gallica.bnf.fr/ark:/12148/bpt6k6248100m",
                  "emotions": [
                        "love",
                        "desire",
                        "nostalgia",
                        "envy",
                        "curiosity"
                  ],
                  "excerpt": "Quand leurs plaintes inanimées S ' exhalent comme une vapeur , Les lèvres des femmes pâmées Ont des sourires qui font peur .Le désir qui les a humées Recule devant leur stupeur , Et le mystère enveloppeur Clot dans ses gazes parfumées Les lèvres des femmes pâmées .LA BELLE FROMAGÈRE A Charles Frémine .",
                  "id": "6",
                  "title": "Les névroses : les âmes, les luxures, les refuges, les spectres, les ténèbres / Maurice Rollinat"
            },
            {
                  "doc_url": "https://gallica.bnf.fr/ark:/12148/bpt6k6248100m",
                  "emotions": [
                        "love",
                        "pride"
                  ],
                  "excerpt": "Graves et solennels près de cette voiture , Ils ont l ' air de comprendre , avec le libre instinct , Qu ' ils vont se donner là , sous l ' œil blanc du Matin , Le grand baiser d ' Amour qui peuple la Nature .Enfin , quand il a mis son mufle au bon endroit , Le Brun , aux rayons frais du soleil qui se dore , Renifle dans le vent la senteur qu ' il adore Et s ' apprête , indécis , boiteux et maladroit .Il marche à reculons , il tournoie , il oblique ; Puis , ayant consulté sa récente vigueur , Darde son nerf pointu , dans toute sa longueur , Et s ' enlève puissant , fauve et mélancolique .",
                  "id": "7",
                  "title": "Les névroses : les âmes, les luxures, les refuges, les spectres, les ténèbres / Maurice Rollinat"
            },
            {
                  "doc_url": "https://gallica.bnf.fr/ark:/12148/bpt6k6248100m",
                  "emotions": [
                        "disgust",
                        "love",
                        "envy"
                  ],
                  "excerpt": "elle enfonçait ses beaux petits doigts blancs , Qu ' elle essuyait d ' un coup de langue .— Oh ! sa langue ! bijou vivant et purpurin Se pavanant avec un frisson vipérin Tout plein de charme et de hantise ! Miraculeux corail humide et velouté Dont le bout si pointu trouait de volupté Ma chair , folle de convoitise ! Donc , cette fromagère exquise , je l ' aimais ! Je l ' aimais au point d ' en rêver le viol ! mais , Je me disais que ces miasmes , A la longue , devaient imprégner ce beau corps ; Et le dégoût , comme un mystérieux recors , Traquait tous mes enthousiasmes .Et pourtant , chaque jour , rivés à ses carreaux , Mes deux yeux la buvaient ! en vain les Livarots Soufflaient une odeur pestilente , J ' étais là , me grisant de sa vue , et si fou , Qu ' en la voyant les mains dans le fromage mou Je la trouvais ensorcelante ! A la fin , son aveu fleurit dans ses rougeurs ; Pour me dire : « Je t ' aime , » avec ses yeux songeurs , Elle eut tout un petit manège ; Puis elle me sourit ; ses jupons moins tombants Découvrirent un jour des souliers à rubans Et des bas blancs comme la neige .",
                  "id": "8",
                  "title": "Les névroses : les âmes, les luxures, les refuges, les spectres, les ténèbres / Maurice Rollinat"
            },
            {
                  "doc_url": "https://gallica.bnf.fr/ark:/12148/bpt6k6248100m",
                  "emotions": [
                        "grief",
                        "sadness",
                        "love",
                        "nostalgia"
                  ],
                  "excerpt": "Quand il bondit enfin sur la couche entr ' ouverte , Comme pour y cueillir un brin de volupté , La passion reluit dans sa prunelle verte : Il est beau de mollesse et de lubricité Quand il bondit enfin sur la couche entrouverte .Pour humer les parfums qu ' y laisse mon amante , Dans le creux où son corps a frémi dans mes bras , Il se roule en pelote , et sa tête charmante Tourne de droite à gauche en flairant les deux draps , Pour humer les parfums qu ' y laisse mon amante .Alors il se pourlèche , il ronronne et miaule , Et quand il s ' est grisé de la senteur d ' amour , Il s ' étire en baillant avec un air si drôle , Que l ' on dirait qu ' il va se pâmer à son tour ; Alors il se pourlèche , il ronronne et miaule .",
                  "id": "9",
                  "title": "Les névroses : les âmes, les luxures, les refuges, les spectres, les ténèbres / Maurice Rollinat"
            },
            {
                  "doc_url": "https://gallica.bnf.fr/ark:/12148/bpt6k5458745t",
                  "emotions": [
                        "joy",
                        "grief",
                        "love",
                        "nostalgia",
                        "gratitude"
                  ],
                  "excerpt": "Souvenons - nous de nos coeurs embrasés , En remuant leur cendre refroidie .Pour un plaisir , que de fois je pleurai ! Souvenons - nous de ta fille chérie ! , Souvenons - nous que son coeur ulcéré , S ' est affaissé comme une fleur flétrie : Ce souvenir est un bouquet sacré , Et son parfum la céleste ambroisie ! — 207 - L ' AMOUR ET LA PITIÉ A MADEAIOISELLK F .ANQUETIN .",
                  "id": "10",
                  "title": "Les chants de l'industrie / Claude Michu"
            },
            {
                  "doc_url": "https://gallica.bnf.fr/ark:/12148/bpt6k2046659",
                  "emotions": [
                        "love",
                        "desire",
                        "nostalgia",
                        "envy"
                  ],
                  "excerpt": "Le dédoublement de personnalité était si net , que , réellement , à certains battements des narines produits chez Anaïs , il flairait la spéciale senteur qui en était la cause .Il eût pu lui dire , s ' il avait eu à ces moments la force d ' articuler des mots : Voici ; juste à cette minute , ce que tu aspires , ce qui te va si délicieusement au cœur , comme un baiser de parfum , c ' est l ' âme poivrée de la pimprenelle .Maintenant , c ' est la fraîche brûlure du baume .",
                  "id": "11",
                  "title": "Le cadet / Jean Richepin"
            },
            {
                  "doc_url": "https://gallica.bnf.fr/ark:/12148/bpt6k64643730",
                  "emotions": [
                        "love",
                        "embarrassment"
                  ],
                  "excerpt": "et les sens éperdus Entre tant de beautés demeurent suspendus .Ainsi lorsqu ' en nos champs Flore épand sa corbeille , Le choix de ses parfums embarasse l ' abeille ; Ainsi l ' oiseau chéri , qui vient toujours trop tard , Est sur les prés , les eaux , partout .et nulle part ; Ainsi l ' insecteaîlé , qu ' un printems fait éclore , Ne sait se reposer sur la fleur qu ' il adore .",
                  "id": "12",
                  "title": "Bulletin de l'Académie ébroïcienne : suivant les réglemens de l'ancienne Société d'agriculture, sciences, arts et belles-lettres du département de l'Eure"
            },
            {
                  "doc_url": "https://gallica.bnf.fr/ark:/12148/bpt6k64643730",
                  "emotions": [
                        "admiration",
                        "love",
                        "pride",
                        "gratitude",
                        "envy"
                  ],
                  "excerpt": "DE OAILLON , Membre Correspondant , — — — — — — — - = - 000 = � — — — — — — — I .Penché vers un beau lys au calice d ' albâtre , Je lui disais : « 0 fleur , que mon œil idolâtre ! w Belle fleur des jardins qui viens avec l ' été , » Symbole de la grâce et de la pureté ! » Ne puis - je t ' aspirer , oh ! dis moi , lys céleste ! » Sans ternir ta fraîcheur , et sans qu ' il ne te reste » Trop de parfums encor pour , durant tout le jour , » Embaumer les jardins et les airs d ' alentour ? » II .Et puis un souvenir me vint de cette femme , Vers laquelle toujours se reporte mon âme : Et je la voyais là : puis comme à cette fleur Je lui parlais : « Hélas ! lui disais - je , ô ma sœur ! M 0 bel ange , envié par les cieux à la terre ! » Ne puis - je t ' adorer , dis - moi , sans que j ' altère » La beauté de ton âme , ainsi qu ' un lac d ' azur » Se ride à sa surface , où passe un souffle impur ? » Dis - moi , cette couronne à ton front attachée , » Sera - t - elle flétrie aussitôt que touchée ? » Et mon regard doit - il , sur les tiens arrêté , » En s ' y réfléchissant ternir leur pureté ? » * e i * le _ e ' tt 1 ' : ; 1 tttt .",
                  "id": "13",
                  "title": "Bulletin de l'Académie ébroïcienne : suivant les réglemens de l'ancienne Société d'agriculture, sciences, arts et belles-lettres du département de l'Eure"
            },
            {
                  "doc_url": "https://gallica.bnf.fr/ark:/12148/bpt6k97735678",
                  "emotions": [
                        "joy",
                        "love",
                        "optimism",
                        "nostalgia",
                        "excitement",
                        "pride",
                        "gratitude"
                  ],
                  "excerpt": "( Chancelant ) .Et je suis , moi , Çekha - raka , un heureux mortel ! J ' ai ma bien - aimée sur mon cœur , sur mes lèvres une liqueur parfumée avec les fleurs du lotus bleu , une couronne enfin sur ma tête , comme une suivante qui ne me quitte jamais .( Trébuchant ) .",
                  "id": "14",
                  "title": "Nâgânanda, la joie des serpents : drame bouddhique attribué au roi Çrî-Harcha-Deva / traduit... du sanskrit et du prâkrit en français par Abel Bergaigne,..."
            },
            {
                  "doc_url": "https://gallica.bnf.fr/ark:/12148/bpt6k5410563g",
                  "emotions": [
                        "love"
                  ],
                  "excerpt": "Lorsque la mort doit en être la terminaison , on voit la diarrhée , la maigreur , la fièvre hectique ne faire que s ' accentuer chaque - jour , jusqu ' à la fin , après une durée totale qui est ordinairement longue .y La médication qui convient à cette affection est celle des autres maladies tuberculeuses , et principalement de la phthisie , huile de foie de morue , arséniâtes , iodure de potassium , bains stimulants sulfureux , salés , aromatiques , etc ., en même temps qu ' il convient de faire d ' abondantes frictions de teinture d ' iode sur tout le ventre .",
                  "id": "15",
                  "title": "Causes, hygiène et traitement des maladies chroniques, ou Essai sur l'acidisme, l'alcalinisme, la pathogénie et le traitement des diathèses et de leurs manifestations... / par le Dr J. Vacher,..."
            },
            {
                  "doc_url": "https://gallica.bnf.fr/ark:/12148/bpt6k65215712",
                  "emotions": [
                        "love"
                  ],
                  "excerpt": "Quand elle est de cause réflexe , son point de départ est le plus souvent le sommet de la tête ; beaucoup de personnes ne peuvent rester tête nue dans un milieu frais sans qu ' elle se produise ; chez d ' autres , l ' action directe des rayons solaires a le même effet ; c ' est surtout chez les asthmatiques que l ' on observe ces accidents ; ils se produisent brusquement et précèdent ou remplacent l ' accès .Les spores des plantes odoriférantes des gazons semblent avoir la même action ; telles sont les poudres d ' asarum , de marjolaine , de muguet et d ' iris ; c ' est à leur présence dans l ' atmosphère que l ' on rapporte généralement l ' affection connue sous le nom de coryza des foins ( 1 ) .Cette hypercrinie s ' accompagne souvent du réflexe qui porte le nom d ' éternuement ; il débute par une sensation de chatouillement dont le siège est la muqueuse nasale ; puis survient une inspiration involontaire bientôt suivie d ' une expiration brusque , explosive , pendant laquelle la voie buccale s ' est fermée à la colonne d ' air , de telle sorte qu ' elle passe tout entière par les fosses nasales qu ' elle balaye pour ainsi dire et débarrasse des mucosités qui y sont contenues .",
                  "id": "16",
                  "title": "Traité élémentaire de pathologie générale, comprenant la pathogénie et la physiologie pathologique, par H. Hallopeau,..."
            },
            {
                  "doc_url": "https://gallica.bnf.fr/ark:/12148/bpt6k5429146n",
                  "emotions": [
                        "love",
                        "gratitude",
                        "faith"
                  ],
                  "excerpt": ".que le Ciel les protège ! Que la brise embaumée épande leur senteur , Essence de ton âme , effluves de ton coeur ! ..",
                  "id": "17",
                  "title": "Dernières fleurs d'hiver, ou Les derniers adieux du coeur du poète / par Lafont (de Montferrier),..."
            },
            {
                  "doc_url": "https://gallica.bnf.fr/ark:/12148/bpt6k5823655f",
                  "emotions": [
                        "love"
                  ],
                  "excerpt": "Les livres de médecine offrent des cas nombreux dans lesquels les organes j > erce ] > tcars des sensations ont été modifiés par la maladie .Le plexus gastrique , entre autres , est sujet , dans les affections hystériques , à acquérir une sensibilité qui va jusques à égaler celle des organes de la vue et de l ' odorat .Les annales de la science ont conservé le souvenir de cet officier de l ' Empire qui , opéré par Larrcy , àla suite d ' une blessure reçue à Wagrani , entendait par la cicatrice de sa plaie ( 1 ) .",
                  "id": "18",
                  "title": "Essai sur la conservation de la vie / par M. le Vte de Lapasse"
            },
            {
                  "doc_url": "https://gallica.bnf.fr/ark:/12148/bpt6k8838980",
                  "emotions": [
                        "love"
                  ],
                  "excerpt": "De son influence dans le traitement des maladies aiguës et de la pneumonie en particulier .— Le premier effet produit chez l ’ homme qui est soumis aux émanations marécageuses , est une affection admise par la généralité des praticiens qui ont exercé ou qui exercent encore l ’ art de guérir dans les pays marécageux : la Chloro - anémie palustre .Celle affection consiste dans la diminution des globules rouges du sang , et probablement dans l ’ augmentation des globules blancs de ce fluide , augmentation ( pie l ’ on a désignée dans ces derniers temps sous le nom de leucocytémie , leucémie .",
                  "id": "19",
                  "title": "Congrès médico-chirurgical de France. 1re session tenue à Rouen du 30 septembre au 3 octobre 1863"
            },
            {
                  "doc_url": "https://gallica.bnf.fr/ark:/12148/bpt6k912447",
                  "emotions": [
                        "love"
                  ],
                  "excerpt": "A partir de ce soir - là , je devins amoureux de Franceline .Ces amours de quinze ans ont le charme des primevères d ' avril elles en ont la grâce frêle , le velouté , la couleur d ' un blond doré , et aussi le parfum , ce premier parfum qui annonce le printemps et qu ' on n ' oublie plus .Franceline rentra dans son couvent , mais je n ' en restais pas moins féru d ' amour , et sous les noires solives de la salle d ' étude d ' un collège , je vécus doucement avec ce jardin vert enfermé dans mon cœur .",
                  "id": "20",
                  "title": "Sous bois : impressions d'un forestier (5e mille) / André Theuriet"
            }
      ]
}