{
      "articles": [
            {
                  "doc_url": "https://gallica.bnf.fr/ark:/12148/bpt6k5456924q",
                  "emotions": [
                        "love",
                        "nostalgia"
                  ],
                  "excerpt": "TYPES ET mOEUBS DfcS CÂFÉS - SOMGEBTS LA LOGE DES ARTISTES 0 Fausls ! ô Roméos ! ôLéandres ! ô vous enfin les amoureux de tous les pays , que de nuits avez - vous passées à rêver au clair de la lune ? Dans quels pays bleus voyageaient , dites - nous , vos erotiques élucubrations , lorsque , étendus sous le balcon de vos maîtresses , vous restiez muets , immo - ' biles , pleins d ' extases , l ' oeil égaré dans les étoiles ? Quels Edens mystérieux aperceviez - vous dans cet éblouissement enchanteur ? A quelle coupe de félicités buviez - vous pour oublier alors que la terre était dures , le , vent frais , et la solitude dangereuse ? A quoi songiez - vous , pauvres amoureux ? ' Vous songiez au réduit , discret , au .boudoir odorant ou s ' enfermaient les charmes de la femme aimée ; vous songiez aux murailles qui allaient la voir , aux meubles qui allaient la toucher , aux parfums qu ' elle allait sentir ; vous songiez au demi - jour voluptueux que projette la lampe de nuit , à cette lueur incertaine qui plonge l ' âme dans d ' ineffables rêveries ; en un .mot , et pour parler le prosaïque langage , vous songiez au cabinet de toilette de votre belle .",
                  "id": "1",
                  "title": "La Chanson : journal hebdomadaire de critique littéraire et musicale : programme des concerts et cafés-concerts / Armand Liorat, rédacteur en chef"
            },
            {
                  "doc_url": "https://gallica.bnf.fr/ark:/12148/bpt6k1092094b",
                  "emotions": [
                        "admiration",
                        "love",
                        "desire",
                        "courage",
                        "excitement"
                  ],
                  "excerpt": "Quel génie ou quel chef préside à ces travaux .C ’ est cette noble ardeur dont la France est saisie Cet instinct que souvent chanta la poésie , Alors qu ’ un cri de guerre a dans les airs frémi , Et qu ’ une odeur de poudre annonce un ennemi .— 248 — D ’ un tumulte éclatant la rade est animée : Sur le pont des vaisseaux l ' impatiente armée e ance et le navire arrondit sous les vents Le long de ses grands mâts , sa voile aux plis mouvants Tout s empresse ; on entend au - dessus des bordages ' Les vergues se hisser et grincer les cordages La grondante vapeur allume ses fourneaux On transporte l ’ obus , enfant des arsenaux • Le mortier d ’ où la bombe en spirale s ’ élève ’ Les canons de Paixhans et les feux de Congrève Cette arme dont Minié fut l ’ habile inventeur ’ Sombre instrument de mort , tube dévastateur ’ Qui , lorsque des combats la fureur se déploie ’ Atteint les escadrons , les renverse et les broie La cite tout entière accourt .",
                  "id": "2",
                  "title": "Portraits et souvenirs, poésies, par Isidore Brun,... (Préface par Jules Canonge.)"
            },
            {
                  "doc_url": "https://gallica.bnf.fr/ark:/12148/bpt6k1092094b",
                  "emotions": [
                        "joy",
                        "love",
                        "optimism",
                        "nostalgia",
                        "gratitude"
                  ],
                  "excerpt": "Les grands fleuves roulants dans leurs canaux obliques , Et le sombre réseau des forêts druidiques .Mais lorsqu ’ au doux printemps , des soufles embaumés Ouvrent des jeunes fleurs les bourgeons ranimés , Oh ! qu ’ avec plus d ’ amour son oeil contemple encore Ces campagnes qu ’ avril de sa pompe décore , Et ces prés tout brillants , sous un jour vif et pur , D ’ albâtre et d ’ incarnat , d ’ émeraude et d ’ azur .Son âme , qui s ’ élève aux sphères infinies , De la terre et des cieux nous dit les harmonies , Et de là redescend jusqu ’ à l ' humble gazon Où la larve insensible a construit sa prison .",
                  "id": "3",
                  "title": "Portraits et souvenirs, poésies, par Isidore Brun,... (Préface par Jules Canonge.)"
            },
            {
                  "doc_url": "https://gallica.bnf.fr/ark:/12148/bpt6k1092094b",
                  "emotions": [
                        "admiration",
                        "love",
                        "nostalgia",
                        "gratitude",
                        "doubt"
                  ],
                  "excerpt": "8 * — 178 — Peut - etie quelle écoute , indolemment assise uprès des bois , le bruit de leurs mouvants berceaux La cascade qui gronde , ou l ’ amoureuse brise Uui ride , en se jouant , la face des ruisseaux .O fille de Tibur , toi qui viens avec grâce Eflleurer de tes pas ce coteau parfumé , Dis : n ’ as - tu pas ici parfois vu quelque trace ° un poète immortel et de ma muse aimé ? C est Horace , l ’ ami d ’ Auguste et de Mécène Que Pyrrha , que Néère , en de simples atours ( 1 ) Suivaient sur ces gazons , près de cette fontaine , Ou , couronné de rose , il chantait les amours .’ Il se riait ici des chagrins de la ville ; Il aimait ces ruisseaux , il foulait ce vallon : Aux pentes de l ’ Ustique , aux pieds du Lucrétile ( 2 ) Jeune fille , regarde , il a gravé son nom .",
                  "id": "4",
                  "title": "Portraits et souvenirs, poésies, par Isidore Brun,... (Préface par Jules Canonge.)"
            },
            {
                  "doc_url": "https://gallica.bnf.fr/ark:/12148/bpt6k1092094b",
                  "emotions": [
                        "anger",
                        "love",
                        "desire",
                        "excitement",
                        "faith"
                  ],
                  "excerpt": "J ’ aimais vos yeux d ’ azur resplendissants .Nul plus que moi , d ’ une ardeur plus sincère , Sur votre autel ne fit fumer l ’ encens .Mais maintenant je ne sais quel délire Porte le trouble en vos sens éperdus .",
                  "id": "5",
                  "title": "Portraits et souvenirs, poésies, par Isidore Brun,... (Préface par Jules Canonge.)"
            },
            {
                  "doc_url": "https://gallica.bnf.fr/ark:/12148/bpt6k1092094b",
                  "emotions": [
                        "grief",
                        "love",
                        "nostalgia",
                        "gratitude",
                        "calmness"
                  ],
                  "excerpt": "Cet ange , c ’ est l ’ ami qui charmait nos demeures , L ’ ange , hélas ! envolé qui là - haut nous attend ; « — 174 — Et qui de fleurs pour nous ornant le char des heures , Rendait notre oeil serein et notre front content .La vie était si douce avec cette âme aimée ! Les roses du printemps parfumaient nos hivers .La terre était pouf .",
                  "id": "6",
                  "title": "Portraits et souvenirs, poésies, par Isidore Brun,... (Préface par Jules Canonge.)"
            },
            {
                  "doc_url": "https://gallica.bnf.fr/ark:/12148/bpt6k96180194",
                  "emotions": [
                        "joy",
                        "grief",
                        "love",
                        "nostalgia",
                        "gratitude",
                        "calmness"
                  ],
                  "excerpt": "Un moment , entre ses bras volontaires , je crus mourir .Il n ' y eut plus , mes yeux clos , sur la terre immense , dans ce nid d ' herbes odorantes , que moi et mon maître communiant dans la joie la plus pure .Quand je revins aù sens des choses , il me sembla que la terre divine tressaillait aussi , et que les oiseaux , le vent dans les feuillées chantaient pour nous et que le ciel là - haut , le lambeau de ciel bleu , s ' éclairant d ' une flamme , se faisait accessible il mon cœur .",
                  "id": "7",
                  "title": "Pauline, ou les Amours d'une fille de ferme, roman inédit orné de nombreuses illustrations obtenues par la photographie d'après nature / George Beaume"
            },
            {
                  "doc_url": "https://gallica.bnf.fr/ark:/12148/bpt6k96180194",
                  "emotions": [
                        "love",
                        "nostalgia",
                        "gratitude"
                  ],
                  "excerpt": "On se déshabilla pêle - mêle , en se bousculant , pour rire encore .Moi , ayant l ' amour - ppopre d ' être belle à mon départ , je courus me nettoyer au ruisseau , me parfumer aussi des lavandes qui poussent si tendres au bord de l ' eau ..",
                  "id": "8",
                  "title": "Pauline, ou les Amours d'une fille de ferme, roman inédit orné de nombreuses illustrations obtenues par la photographie d'après nature / George Beaume"
            },
            {
                  "doc_url": "https://gallica.bnf.fr/ark:/12148/bpt6k9771663b",
                  "emotions": [
                        "love"
                  ],
                  "excerpt": "Fruit oblong - ovale , rouge .— Fleurs blanches - rosées , odorantes .C .",
                  "id": "9",
                  "title": "Flore de Namur, ou Description des plantes spontanées et cultivées en grand dans la province de Namur, observées depuis 1850, accompagnée de tableaux analytiques... par A. Bellynck... Plantes vasculaires"
            },
            {
                  "doc_url": "https://gallica.bnf.fr/ark:/12148/bpt6k9771663b",
                  "emotions": [
                        "love"
                  ],
                  "excerpt": "Graines presque lisses .- Fleurs 3 - 5 , d ' un rose vif , odorantes .R .",
                  "id": "10",
                  "title": "Flore de Namur, ou Description des plantes spontanées et cultivées en grand dans la province de Namur, observées depuis 1850, accompagnée de tableaux analytiques... par A. Bellynck... Plantes vasculaires"
            },
            {
                  "doc_url": "https://gallica.bnf.fr/ark:/12148/bpt6k9771663b",
                  "emotions": [
                        "love"
                  ],
                  "excerpt": "- Siliques dressées , un peu pubescentes .— Fleurs assez grandes , odorantes .A .",
                  "id": "11",
                  "title": "Flore de Namur, ou Description des plantes spontanées et cultivées en grand dans la province de Namur, observées depuis 1850, accompagnée de tableaux analytiques... par A. Bellynck... Plantes vasculaires"
            },
            {
                  "doc_url": "https://gallica.bnf.fr/ark:/12148/bpt6k5463978m",
                  "emotions": [
                        "admiration",
                        "love",
                        "optimism",
                        "pride",
                        "gratitude"
                  ],
                  "excerpt": ".L ' avenir est d ' azur ; tout est Heurs et parfum ! Aimez , riches , aimez ! L ' amour donne à vos fêtes Plus de charmes encor que l ' éclat des toilettes ; Plus que tous les jardins ; les ombrages profonds ; Plus que le lustre d ' or qui pend à vos plafonds ! Et vous , pauvres , aimez ! De célestes lumières L ' amour seul peut remplir vos obscures chaumières ; .Aimez , car c ' est l ' amour qui donne la saveur Au morceau de pain noir qu ' achète un dur labour ; Car c ' est l ' amour qui rend , douce philosophie , Les sentiers moins ardus et moins lourde la vie .",
                  "id": "12",
                  "title": "A Monsieur Hippolyte Minier de l'Académie de Bordeaux. (12 juin 1864)"
            },
            {
                  "doc_url": "https://gallica.bnf.fr/ark:/12148/bpt6k5710081d",
                  "emotions": [
                        "love"
                  ],
                  "excerpt": "Les cheveux blonds livrés aux souffles attiédis , La jeune âme déjà d ' un saint espoir , saisie , Comme un touchant tableau d ' austère poésie , Je la considérai longtemps et je lui dis ; « — Non , tû ne mourras pas .— A la brisé embaumée » Tes forces reviendront , ma pâle bten - aiméo .» Quand renaissent les fleurs ; non , tu ne peux mourir I - 3H - » Point de sombre pensée , Écouto , l ' oiseau chante , .",
                  "id": "13",
                  "title": "La gerbe : poésies et nouvelles. Tome 1 / par Mmes Baché (Claudia) - Bordet (Ant.) - Douillon (C.) - Fertiault (J.)..."
            },
            {
                  "doc_url": "https://gallica.bnf.fr/ark:/12148/bpt6k5710081d",
                  "emotions": [
                        "admiration",
                        "love",
                        "gratitude",
                        "approval"
                  ],
                  "excerpt": "Ton oeuvre , en me charmant , affermit ma doctrine ; Va t l ' inspiration qui t ' enflamme est divine .Ami , ton idéal est parfumé d ' amour ! PIERRE HUET .• 4 — 32B — > ■ Pour cheminer sans trop do peine , Et sourire au lever du jour , — m - Que fa , ut - il à toute âme humaine ? ' Un pou d ' amour .",
                  "id": "14",
                  "title": "La gerbe : poésies et nouvelles. Tome 1 / par Mmes Baché (Claudia) - Bordet (Ant.) - Douillon (C.) - Fertiault (J.)..."
            },
            {
                  "doc_url": "https://gallica.bnf.fr/ark:/12148/bpt6k5710081d",
                  "emotions": [
                        "love",
                        "nostalgia",
                        "gratitude",
                        "caring",
                        "disappointment"
                  ],
                  "excerpt": "Si vous croyiez en mon absence Me feriez - vous ce beau jardin ? Non , je suis là .Quand tu soupires , Ton souffle aimant vient iri ' efflcurer ; Et , dans l ' odeur que ; tu respires , Tu pourrais presque m ' aspircr .J ' ai vu tomber do tes paupières Tes larmes sur mon frais gazon , Entendu monter tes prières Jusqu ' à la céleste maison ; J ' ai senti tes genoux descendre Jusqu ' au tertre où je suis couché , Et , pour un bonjour triste et tendre , Tes lèvres , mère , m ' ont touché .",
                  "id": "15",
                  "title": "La gerbe : poésies et nouvelles. Tome 1 / par Mmes Baché (Claudia) - Bordet (Ant.) - Douillon (C.) - Fertiault (J.)..."
            },
            {
                  "doc_url": "https://gallica.bnf.fr/ark:/12148/bpt6k5842833s",
                  "emotions": [
                        "sadness",
                        "love",
                        "caring"
                  ],
                  "excerpt": "« Ah ! sans doute , je puis juger avec trop de complaisance l ' ange de mes douleurs , mais je ne m ' abuse pas quand je redoute pour ma fille l ' écueil où je me suis brisée .Née pour aimer comme la fleur pour donner ses parfums , l ' abeille pour donner son miel , saura - t - eile contenir l ' excès d ' une faculté qui m ' a été si fatale ? Je l ' espère , mais ce dont je suis sûre , c ' est qu ' heureuse ou malheureuse , elle ne transigera jamais avec ses devoirs , et que , semblable à l ' hermine , elle aimerait mieux mourir que de setacher ..",
                  "id": "16",
                  "title": "Le Fils de ses oeuvres. Tome 1 / par Mme Sophie Pannier,..."
            },
            {
                  "doc_url": "https://gallica.bnf.fr/ark:/12148/bpt6k5842833s",
                  "emotions": [
                        "love",
                        "desire",
                        "nostalgia",
                        "courage",
                        "excitement",
                        "gratitude"
                  ],
                  "excerpt": ".Continue , ma blanche colombe , continue à voltiger dans les bosquets odorants , à lisser ton plumage au soleil , et à becqueter les fleurs , tandis que , surmontant tous les obstacles , le futur compagnon de ton innocente vie amasse brin à brin le peu de mousse et de duvet qu ' il faudra pour bâtir un nid ; à moi les épines et à toi les roses , mon ange rêvé , jusqu ' au jour où nous n ' aurons plus qu ' un coeur et une âme .— 133 — Tomber de ces chastes images sous l ' influence de Cora , c ' était tomber , du ciel en terre ; Réné le comprit tout d ' abord et ne fut point assez en garde contre des séductions qui ne s ' adressaient qu ' à ses sens .",
                  "id": "17",
                  "title": "Le Fils de ses oeuvres. Tome 1 / par Mme Sophie Pannier,..."
            },
            {
                  "doc_url": "https://gallica.bnf.fr/ark:/12148/bpt6k204061x",
                  "emotions": [
                        "admiration",
                        "love",
                        "gratitude",
                        "indifference"
                  ],
                  "excerpt": "Je viens chercher la guirlande que j ' ai commandée hier à ta fille , répondit - il .Elle est dans le jardin , qui cueille les fleurs et les plantes aromatiques ; tu es bien pressé , mon bel amoureux Le soleil se lève à peine ! Charmide détourna les yeux sans répondre et fit quelques pas sur les dalles .La cour s ' ouvrait eh face de lui sur un jardin d ' une pente presque insensible , qui s ' étendait jusqu ' à l ' Asopos le petit fleuve baignait la rive ombragée de lauriers - roses , et les .",
                  "id": "18",
                  "title": "Idylles / par Henry Gréville"
            },
            {
                  "doc_url": "https://gallica.bnf.fr/ark:/12148/bpt6k5457067p",
                  "emotions": [
                        "admiration",
                        "love",
                        "gratitude",
                        "caring"
                  ],
                  "excerpt": "i i ' Oit va la flamme qui scintille , Et sur le bois vert qui pétille , En filets tièdes s ' éparpille Pour s ' éteindre après peu d ' instans ! Non , non t tes couleurs sont si .vives , Tes gentillesses si craintives ! Je t ' aime , et je veuxqUe tu vives ' Sous le beau soleil du printemps ! 11 faut que l ' air chaud te pénètre , • Que tu boives , par tout ton être , Le parfum des fleurs qui vont naître , Qui percent leurs vertes prisons ; Qui creusent leurs rians calices Et décorent de leurs caprices Les prés où les vertes génisses , Dorment a l ' abri des buissons .Il faut que la rosée humide , ' Pour toi , sur le gazon limpide , — 84 - A chaque herbe qui rit splendide Jette ses mille diamans .",
                  "id": "19",
                  "title": "Les enfans et les anges : poésies / par Édouard Thierry"
            },
            {
                  "doc_url": "https://gallica.bnf.fr/ark:/12148/bpt6k5457067p",
                  "emotions": [
                        "joy",
                        "love",
                        "desire",
                        "relief",
                        "gratitude"
                  ],
                  "excerpt": "Mais non , non i qu ' ai - jc dit P Jusqu ' au fond de mon coeur Si j ' ai senti frémir la corde du bonheur , Ce n ' est pas qu ' un laurier a couronné ma tête ; Un laurier de Sorbonne a moi qui suis poète ! Mais c ' est que vous avez pris un tendre intérêt Pour moi , pour mon bonheur , pour ce qui me touchait .Voilà d ' où vient ma joie t elle fut votre ouvrage , Et le sera toujours ; car c ' est votre partage A vous , fille du ciel , de charmer la douleur , De laisser après vous un parfum de bonheur ! Oui , vous rendez béni ce que votre main touche , Et l ' ivresse à flots d ' or coule par votre bouche .Mais écoutez i j ' ai fait un rêve décevant , Un rêve à rendre fou , tant il est cnivra .",
                  "id": "20",
                  "title": "Les enfans et les anges : poésies / par Édouard Thierry"
            }
      ]
}