{
      "articles": [
            {
                  "doc_url": "https://gallica.bnf.fr/ark:/12148/bpt6k912447",
                  "emotions": [
                        "love",
                        "calmness",
                        "faith"
                  ],
                  "excerpt": "Le propriétaire de la villa est allé aux eaux et m ' a laissé maître chez lui .Quand tu te seras bien grisé de soleil et de parfums , je te conduirai près de la source , je te lirai mes derniers vers , et tu t ' assoupiras doucement au double ronron de mes rimes riches et de l ' onde jaillissante .9 septembre .",
                  "id": "1",
                  "title": "Sous bois : impressions d'un forestier (5e mille) / André Theuriet"
            },
            {
                  "doc_url": "https://gallica.bnf.fr/ark:/12148/bpt6k97988719",
                  "emotions": [
                        "joy",
                        "love",
                        "optimism",
                        "excitement",
                        "calmness",
                        "amusement"
                  ],
                  "excerpt": "Dans la vieille forêt la fête est transportée .La cime des hauts pins , doucement agitée , Balance ses parfums aux derniers feux du jour ; Tout rit dans la nature : Amélie , à son tour , D ' un avenir plus doux ose entrevoir l ' aurore ; Son beau teint par degrés s ' anime , se colore ; Ses yeux remplis d ' amour , de charme , de langueur Déja vers son époux ..",
                  "id": "2",
                  "title": "Veillées poétiques et morales, suivies des plus beaux fragmens d'Young en vers français, par M. Baour de Lormian"
            },
            {
                  "doc_url": "https://gallica.bnf.fr/ark:/12148/bpt6k96124706",
                  "emotions": [
                        "love",
                        "nostalgia",
                        "gratitude"
                  ],
                  "excerpt": ".Tes seins , les as - tu parfumés ? A l ' odeur qui de toi s ' élève Je te suivrais , les yeux ferm Et les bras tendus , comme en rêve ! Tes yeux ont - ils plus de douceur Que tes lèvres , rouges corolles ? Lorsque tes yeux sondent mon cœur , Je n ' écoute plus tes paroles .Sous tes cils quand je vois perler Des pleurs noyés dans un sourire , Tes lèvres , pour m ' en consoler , N ' ont que des baisers à me dire .",
                  "id": "3",
                  "title": "Les Chansons du large... / Auguste Marin"
            },
            {
                  "doc_url": "https://gallica.bnf.fr/ark:/12148/bpt6k96124706",
                  "emotions": [
                        "admiration",
                        "joy",
                        "grief",
                        "love",
                        "nostalgia",
                        "pride",
                        "gratitude"
                  ],
                  "excerpt": "Si tu me tends la main par pitié , quand je passe , C ' est sans émotion que je puis la saisir .Mais ton beau souvenir fleurit en ma mémoire ; Dans cette fleur d ' amour dont l ' odeur te survit , Je te possède encor , rayonnante de gloire , Belle comme le jour , douce comme la nuit , VI JÁLOUSIE Après avoir vaincu la femme la plus fière , Tu le vois , l ' orgueilleux , qui pleure à tes genoux ; Car sous le seul regard de tes yeux en courroux , Tu l ' as fait tressaillir , aveuglé de lumière .Ce qui m ' attache à toi comme au rosier le lierre ; C ' est ta beauté rigide et ton esprit si doux .",
                  "id": "4",
                  "title": "Les Chansons du large... / Auguste Marin"
            },
            {
                  "doc_url": "https://gallica.bnf.fr/ark:/12148/bpt6k203196w",
                  "emotions": [
                        "love",
                        "caring"
                  ],
                  "excerpt": "» Le jeune homme ne résista point au plaisir puéril de baiser l ' écriture , d ' aspirer la poudre d ' ambre et de musc qui avait séché l ' encre .L ' odeur du corps espagnol venait en même temps que le parfum du cœur aimant .Omer prolongea les délices de son extase .",
                  "id": "5",
                  "title": "Le temps et la vie. , La ruse : 1827-1828 / par Paul Adam"
            },
            {
                  "doc_url": "https://gallica.bnf.fr/ark:/12148/bpt6k203196w",
                  "emotions": [
                        "love",
                        "nostalgia",
                        "gratitude",
                        "faith"
                  ],
                  "excerpt": "Puis , devant les bûches en flammes , tu riras d ' amour et tu pleureras 4 de peur mal calmée .Be quels parfums nous encenserons les fleurs italiennes mourant sur leurs tiges dans les vases de pierre Un orchestre caché bercera d ' harmonies suaves notre baiser , ô mon bel ange ! ô mon Elvire ! » L ' âme molle , il s ' abandonnait au balancement de sa chaise , une main dans la poche du pantalon , sous le gilet troussé , l ' autre fustigeant la terre au moyen de la badine .H eût voulu être , un instant , le promeneur , qui le pouvait voir pensif , maigre et pâle .",
                  "id": "6",
                  "title": "Le temps et la vie. , La ruse : 1827-1828 / par Paul Adam"
            },
            {
                  "doc_url": "https://gallica.bnf.fr/ark:/12148/bpt6k203196w",
                  "emotions": [
                        "love"
                  ],
                  "excerpt": "Il imagina les vieux palais , les môles , les statues des ponts , et les danses des filles brunes qui l ' aimeraient , brutales , au son des tambours de basque , des sequins agités .Quelles senteurs les orangers doivent répandre sur les couples amoureux dans les chemins ' longeant les cris du flot .Elvire ! Peut - être l ' obtiendrait - il alors ? L ' oncle parlait toujours .",
                  "id": "7",
                  "title": "Le temps et la vie. , La ruse : 1827-1828 / par Paul Adam"
            },
            {
                  "doc_url": "https://gallica.bnf.fr/ark:/12148/bpt6k2037194",
                  "emotions": [
                        "joy",
                        "love"
                  ],
                  "excerpt": "La Volupté le monde est par elle animé Que nous offre un bocage aux feux du jour fermé ? D ' un côté , les oiseaux fidèles Se cherchant , se trouvant sous ces mobiles toits Que soutiennent pour eux les portiques des bois , Unissent leurs becs et leurs ailes , Confondent leurs soupirs , et , sûrs d ' un doux retour , Enchantent les bosquets de bonheur et d ' amour ; De l ' antre , les arbres flexibles , Comme leurs habitants , heureux , Enlacent leurs têtes sensibles Et joignent leurs bras amoureux ' La charmille , plus loin , an tilleul mariée , L ' entoure de sa tige à la sienne alliée ; Ailleurs , au jeune ormeau d ' un lien conjugal S ' attache la vigne jalouse ; Enfin , s ' approchant tous par un besoin égal , Chaque arbre est un amant , chaque plante une épouse .Et les fleurs elles même , en proie à ces desirs Dont tout doit ressentir l ' émotion charmante Dans leur sexe divers l ' une de l ' autre amante , Ont aussi leur hymen , ont aussi leurs plaisirs Toutes , la feuille émue et la tète inclinée , Ouvrant un sein qu ' Aurore enrichit de ses pleurs , Elles font de parfums , de sucs , et de couleurs Une alliance fortunée .Entre elles c ' est peu de s ' unir Elles souffrent encor les baisers du zéphyr ; Et , de lenr foiblesse orgueilleuses , Laissent le papillon , posé sur leur émail , Dans ses ardeurs voluptueuses , Aspirer leur haleine et sucer leur corail Tandis que du ruisseau limpide , Qni jusques à leurs pieds se plaît à s ' avancer , Les vagues , qu ' un vent doux l ' une vers l ' autre guide , Se donnent un baiser humide Et les eaux sur les eaux viennent se caresser .",
                  "id": "8",
                  "title": "Le mérite des femmes : et autres poésies (10e éd.) / par Gabriel Legouvé,..."
            },
            {
                  "doc_url": "https://gallica.bnf.fr/ark:/12148/bpt6k9773908s",
                  "emotions": [
                        "love",
                        "envy"
                  ],
                  "excerpt": "Un gommeux maigrelet et efflanqué est sur le point de se marier .Lorsque son père lui présenta sa fiancée — une demoiselle aux appas énormes , — le petit parfumé se retourna vers l ' auteur de ses jours et lui dit à mi - voix : — Tu veux me faire épouser tout ça , papa ? ( A .LAFITTE .",
                  "id": "9",
                  "title": "Tetoniana. Anecdotes historiques et religieuses sur les seins et l'allaitement comprenant l'histoire du décolletage et du corset... / par le docteur G.-J. Witkowski..."
            },
            {
                  "doc_url": "https://gallica.bnf.fr/ark:/12148/bpt6k5780318m",
                  "emotions": [
                        "love"
                  ],
                  "excerpt": "2 .La petite sauge ou sauge de Provence : feuilles plus petites , moins larges et plus blanches : elle est plus aromatique et plus estimée que la précédente .150 DISTILLATION 3 .",
                  "id": "10",
                  "title": "Nouveau manuel complet du distillateur liquoriste : contenant l'art de fabriquer les sirops, les esprits parfumés, les huiles essentielles, les eaux distillées, les ratafias et les hypocras, renfermant toutes les recettes et formules des liqueurs distillées et par infusion,... ; suivi de La fabrication des alcoolats employés en parfumerie et préparés par le liquoriste (Nouvelle édition, corrigée et augmentée de nouvelles recettes) / par Lebeaud, Julia de Fontenelle et F. Malepeyre"
            },
            {
                  "doc_url": "https://gallica.bnf.fr/ark:/12148/bpt6k6353649j",
                  "emotions": [
                        "anger",
                        "annoyance",
                        "disapproval",
                        "love",
                        "caring",
                        "doubt",
                        "indifference"
                  ],
                  "excerpt": "MQNSIEUIJ ., Vous avez beau à vous fâcher , parce que je dis qu ' on m ' a pris chez vous la pomme de senteur , je ne me dédirai pas de ce que j ' ai dit , car j ' aime plus mon honneur que la vie , comme dit le Cavalier Romain qui avoit perdu le brus .Je maintiendrai ce que j ' ai dit , à pié ou à cheval , avec des armes égales par - tout où vous voudrez , je ne veux pas comparoilre devant la justice , cela est bon pour les hommes lâches , mon épée éfl mon juge , ma valeur est le soutien de mes paroles .",
                  "id": "11",
                  "title": "Gramática nueva española y francesa, por Francisco Sobrino,... nueva edicion revista y corregida y corregida por una persona muy versada en ambos idiomas"
            },
            {
                  "doc_url": "https://gallica.bnf.fr/ark:/12148/bpt6k6114462f",
                  "emotions": [
                        "joy",
                        "love",
                        "nostalgia",
                        "excitement",
                        "gratitude"
                  ],
                  "excerpt": "Quand sans pitié , la faim qui le dévore Le fait trembler sous sa fièvre de feu , De l ' avenir dévoile - lui l ' aurore Et mes doux chants s ' élanceront vers Dieu ! ; — 47 — Mm ange , va comme un éclair rapide , Aux bords fleuris que caresse l ' Adôur , Làtuverras une vierge , eandide ; ; Dis - lui tout bas que je Taime d ' amour ! Si son front pur à ta voix se colore , .En lui faisant ce tendre et doux aveu : Mes joyeux vers , du couchant à l ' aurore , Comme un essaim s ' envoleront vers Dieu ! Que ma chanson , oh ! France bien - aimée , Prenne vers toi son vol harmonieux , Sur l ' aile d ' or , brillante et parfumée , De l ' ange saint qui m ' est venu des deux ..",
                  "id": "12",
                  "title": "Brises pyrénéennes, poésies diverses par J.-B. Fiterre,..."
            },
            {
                  "doc_url": "https://gallica.bnf.fr/ark:/12148/bpt6k6114462f",
                  "emotions": [
                        "admiration",
                        "love",
                        "gratitude"
                  ],
                  "excerpt": "L ' ange en .se réveillant n remarqué la fleur Qui répand sur son front , son parfum , sa fraîcheur ; L ' ange lui dit d ' une voix douce : « Oh I fleur , que j ' aime tant , pour prix de tes bienfaits , « Que veux - tu , réponds - moi ? — Bon ange , je voudrais « Une simple robe de mousse .» — 56 — L ' ange , avec un souris , lui fit ce faible , don ; .",
                  "id": "13",
                  "title": "Brises pyrénéennes, poésies diverses par J.-B. Fiterre,..."
            },
            {
                  "doc_url": "https://gallica.bnf.fr/ark:/12148/bpt6k6114462f",
                  "emotions": [
                        "grief",
                        "sadness",
                        "love",
                        "nostalgia",
                        "disappointment"
                  ],
                  "excerpt": "D * * \\ Capitaine des Douanes .Je t ' ai perdu , doux rêve D ' espérance et d ' amour , Comme un fleur sans sève Mourante ^ sur la grève , Son parfum en un jour ! ..",
                  "id": "14",
                  "title": "Brises pyrénéennes, poésies diverses par J.-B. Fiterre,..."
            },
            {
                  "doc_url": "https://gallica.bnf.fr/ark:/12148/bpt6k6114462f",
                  "emotions": [
                        "joy",
                        "love",
                        "relief",
                        "calmness"
                  ],
                  "excerpt": "Un jour , l ' ange divin qui veille sur les fleurs , S ' assit dans un bosquet où de fraîches senteurs S ' exhalaient du sein d ' une rose Que berçait mollement un amoureux zéphir A l ' heure où le soleil brille comme un saphir , Où sa chaleur vous dit : Repose .Plus léger qu ' un oiseau , le sommeil sur ses yeux Se pose doucement ; les songes gracieux Sur son front étendent leurs ailes ; La Rose avec amour lui donnait son parfum ; Des joyeux rossignols les chants ne faisaient qu ' un Avec le chant des hirondelles .Le soleil irrité régnait en souverain ; Ses rayons se jouaient dans les pleurs du matin D ' où sortaient des jets de lumière ; Et le joyeux berger , oubliant son hameau , Ornait d ' un ruban vert le cou du jeune agneau Qu ' il a promis à sa bergère .",
                  "id": "15",
                  "title": "Brises pyrénéennes, poésies diverses par J.-B. Fiterre,..."
            },
            {
                  "doc_url": "https://gallica.bnf.fr/ark:/12148/bpt6k6114462f",
                  "emotions": [
                        "surprise",
                        "love",
                        "gratitude",
                        "doubt",
                        "curiosity"
                  ],
                  "excerpt": "— Oh ! .toi , dont le parfum m ' enivre , — es - tu la rose ? Non , lui répond la fleur : — Mais j ' ai vécu longtemps Avec elle .— A son ombre , ami , je suis éclose , Et c ' est d ' elle que vient le parfum que tu sens ! .",
                  "id": "16",
                  "title": "Brises pyrénéennes, poésies diverses par J.-B. Fiterre,..."
            },
            {
                  "doc_url": "https://gallica.bnf.fr/ark:/12148/bpt6k9782655c",
                  "emotions": [
                        "joy",
                        "love",
                        "desire",
                        "excitement",
                        "caring"
                  ],
                  "excerpt": "C ' est celle qu ' en les nuits d ' extase , Le cœur haletant de désir , Je voudrais prendre à coupe rase En des cris rauques de plaisir .Car elle a des senteurs de femme , L ' amour en ses yeux brille clair ; Je veux l ' aimer plus qu ' en mon âme , Je veux l ' aimer avec ma chair .Je veux que ma bouche la trouve , Lui morde des baisers saignants , Et que son corps , palpitant , prouve Le poison des spasmes geignants .",
                  "id": "17",
                  "title": "Premiers pas : poésies / Jules Lafforgue"
            },
            {
                  "doc_url": "https://gallica.bnf.fr/ark:/12148/bpt6k9782655c",
                  "emotions": [
                        "love",
                        "excitement"
                  ],
                  "excerpt": "Nous sommes restés longtemps en silence , Tous deux à genoux , les mains sur les yeux .Et le soir venu , chez moi , tu fus sage , Pleine de pudeurs d ' un chaste profond , Et moi , l ' amoureux à l ' ardeur sauvage , Je mis un baiser bien pur sur ton front .Tc4TS VE ScAUVoAGES LE pays où je suis né Est un pays de sauvages : On y voit des filles sages Et des maisons sans étages .",
                  "id": "18",
                  "title": "Premiers pas : poésies / Jules Lafforgue"
            },
            {
                  "doc_url": "https://gallica.bnf.fr/ark:/12148/bpt6k5455301b",
                  "emotions": [
                        "love",
                        "gratitude",
                        "caring"
                  ],
                  "excerpt": "ENVOI .Reçois ces trois aimables fleurs Que pour toi ma main a cueillies , Leurs parfums , leurs tendres couleurs L ' emportent sur les plus jolies .— S6 — Ton coeur doit dire en les voyant : Des vertus elles sont l ' emblème , Chère épouse , en les imitant On trouve le bonheur suprême .",
                  "id": "19",
                  "title": "Le chansonnier de bonne société : recueil de chansons et romances les plus nouvelles / par les chansonniers modernes"
            },
            {
                  "doc_url": "https://gallica.bnf.fr/ark:/12148/bpt6k5455301b",
                  "emotions": [
                        "admiration",
                        "joy",
                        "love",
                        "nostalgia",
                        "excitement",
                        "pride",
                        "envy"
                  ],
                  "excerpt": ") Sous les verroux , non , son âme candide D ' un vil contact n ' ira pas se ternir ; Mais près du vice a la face livide , Pauvre Germain , combien il doitsouffrir ! ( 1er .Ce mot de lui , parfum de poésie , Nectar plus doux que tout le miel des fleursi Soufile effaçant les clameurs de l ' envie , Donnant l ' extase à mes pensers rêveurs , ( bis .) Tu n ' es qu ' un rêve , un vague , et pi ; encore ; Mais sur mon coeur que tu fis tressaillir , Viens reposer — lendemain sans aurore I Pauvre Germain , combien il doitsouffrir ! ( ter .",
                  "id": "20",
                  "title": "Le chansonnier de bonne société : recueil de chansons et romances les plus nouvelles / par les chansonniers modernes"
            }
      ]
}