{
      "articles": [
            {
                  "doc_url": "https://gallica.bnf.fr/ark:/12148/bpt6k5797045x",
                  "emotions": [
                        "love",
                        "caring",
                        "amusement"
                  ],
                  "excerpt": ".Philomèle , dans la charmille , Aime bien l ' odorant rameau Qui , de sa nouvelle famille , Cache à l ' oiseleur le berceau ..",
                  "id": "1",
                  "title": "L'Anti-Némésis, revue polémique hebdomadaire, et le bouquet du Parnasse, mélange de poésies légères. [L'Anti-Némésis, ou le Contre-poison.] Par P. Jacomy. Numéro 6"
            },
            {
                  "doc_url": "https://gallica.bnf.fr/ark:/12148/bpt6k96881202",
                  "emotions": [
                        "admiration",
                        "love"
                  ],
                  "excerpt": "Ses fleurs en très - grand nombre naissent à l ' extrémité de petites branches lisses , d ' un vert tendre et armées d ' épi - nes qui se renouvellent tous les ans .Rien n ' est gracieux comme les ares , les courbes de ces rameaux ; et la simple rose qui les pare se montre si pudique , si modeste ; elle a des nuances si tendres et une odeur si douce qu ' elle a été chantée par tous nos poètes sans que son éloge ait jamais pu vieillir .Voici une histoire vraie et dans laquelle l ' humble églantine est au moins la rose préférée .",
                  "id": "2",
                  "title": "L'ange de la vallée, ou Ce que disent les champs / par F. de Valserres"
            },
            {
                  "doc_url": "https://gallica.bnf.fr/ark:/12148/bd6t5333122w",
                  "emotions": [
                        "love",
                        "gratitude",
                        "calmness"
                  ],
                  "excerpt": "Sois b x onne âme f mon amour , ma chérie .Que ta bouche purpurine ne laisse couler que des paroles fleuries , parfumées de l ’ essence la plus pure de ton cœur .Laisse ce qui est vil .",
                  "id": "3",
                  "title": "La Mouette : revue idéaliste de littérature et d'art"
            },
            {
                  "doc_url": "https://gallica.bnf.fr/ark:/12148/bpt6k54601659",
                  "emotions": [
                        "love"
                  ],
                  "excerpt": "Puis il a fui bientôt , le rêve insaisissable , Il n ' a fait que passer comme un astre au ciel d ' or , Il s ' est évanoui , pour prendre son essor Vers quelque horizon peut - être inabordable .120 Mireille Toi , tu ne m ' aimes plus ; moi , je t ' aime toujours ; Et l ' oubli ne peut pas germer dans ma pauvre âme Car j ' aime mieux ce doux relent des heureux jours Qui ressemble au parfum de myrrhe et de cinname .Oh ! je souffre beaucoup maintenant , et , le soir , Mon coeur navré s ' emplit d ' une tristesse immense , Car tout est mort en lui : je n ' ai plus d ' espérance : Je soupire vers toi , mais c ' est de désespoir .",
                  "id": "4",
                  "title": "Mireille : revue des poètes marseillais / directeur : G. Mourey ; rédacteur en chef : R. Russel"
            },
            {
                  "doc_url": "https://gallica.bnf.fr/ark:/12148/bpt6k6566537p",
                  "emotions": [
                        "admiration",
                        "trust",
                        "love",
                        "gratitude",
                        "caring",
                        "approval",
                        "faith"
                  ],
                  "excerpt": "Le soir , je chanterai sur la branche près de ta fenêtre pour t ' égayer et te faire réfléchir ; je chanterai les heureux et ceux qui souffrent ; je chanterai le bien et le mal , tout ce qui n ' est pas connu de toi : car le petit oiseau vole partout , jusqu ' à la cabane du pauvre pêcheur et du laboureur , qui tous les deux vivent si loin de toi et de ta cour .J ' aime ton cœur plus que ta couronne , et cependant il sort d ' une couronne un parfum saint et céleste .Je viendrai et je chanterai ; mais promets - moi seulement une chose .",
                  "id": "5",
                  "title": "Contes d'Andersen (2e éd.) / traduits du danois par D. Soldi ; avec une notice biographique par X. Marmier ; et 40 vignettes par Bertall"
            },
            {
                  "doc_url": "https://gallica.bnf.fr/ark:/12148/bpt6k57062660",
                  "emotions": [
                        "love",
                        "caring",
                        "disappointment"
                  ],
                  "excerpt": "Tantôt , quand le garçon A passé sur la rive en sonnant sa chanson , Qu ' ai - je senti dans moi , de gai comme la source , Vif comme l ' eau que suit l ' hirondelle à la course , .Et tendre en même temps et doux comme un parfum ? C ' était l ' amour ! — Amour et malheur ne font qu ' un ! — Hélas ! et quand Noré courant m ' a poursuivie , 56 MIETTE ET NORE .Je ne l ' oublîrai plus tout le long de ma vie , Quand je vivrais cent ans , le .",
                  "id": "6",
                  "title": "Miette et Noré (3e éd. augmentée d'une préface et d'un épilogue) / Jean Aicard"
            },
            {
                  "doc_url": "https://gallica.bnf.fr/ark:/12148/bd6t5333122w",
                  "emotions": [
                        "love",
                        "nostalgia"
                  ],
                  "excerpt": "Sensibilité qui prolonge la jeunesse .Odeur fraîche des sentiments cordiaux , s ' mples .Une grande pitié ; mais la révolte qui grogne toujours .",
                  "id": "7",
                  "title": "La Mouette : revue idéaliste de littérature et d'art"
            },
            {
                  "doc_url": "https://gallica.bnf.fr/ark:/12148/bpt6k315931d",
                  "emotions": [
                        "joy",
                        "love",
                        "gratitude",
                        "amusement"
                  ],
                  "excerpt": "Sur la fleur à demi close Voici que le papillon , Grisé par la passion , Le papillon d ’ or se pose .La mousmé le voit , la mousmé sourit : Comme un amoureux perd vite l ’ esprit ! 0 fleur , chère créature , Je n ’ ai rencontré jamais Tant de grâce , tant d ’ attraits , Respiré d ’ odeur si pure .La mousmé sourit , poussant un soupir : Comme les amants savent bien mentir ! Trêve , trêve de paroles ! La fleur se venge à l ' instant .",
                  "id": "8",
                  "title": "Madame Chrysanthème : comédie lyrique en 4 actes, un prologue et un épilogue / poème de Georges Hartmann et André Alexandre ; musique de André Messager ; d'après Pierre Loti"
            },
            {
                  "doc_url": "https://gallica.bnf.fr/ark:/12148/bpt6k96386n",
                  "emotions": [
                        "love",
                        "pride"
                  ],
                  "excerpt": "Quelques minutes après , nous en vîmes revenir un grand nombre , portant de grosses pelotes de cire à leurs jambes de derrière .Certes , ce ne fut pas une des moindres satisfactions que nous procura notre voyage , que celle d ' avoir près de nous ces peuplades innocentes et inoffensives , dont nous pourrions à loisir étudier les coutumes et les mœurs ; et je ne crois pas me tromper en affirmant que mes compagnons , madame Barcel et sa fille elle - même , les aimaient beaucoup plus pour l ' intérêt qu ' inspire leur vie simple , régulière et laborieuse , que pour les rayons parfumés qu ' elles leur promettaient .Durant le déjeuner , qui suivit ces premiers travaux , le docteur demanda qui d ' entre nous voulait étudier la médecine .",
                  "id": "9",
                  "title": "Naufragés dans une île déserte : la capricieuse. Tome 2 / par C. Sabatier de Castres"
            },
            {
                  "doc_url": "https://gallica.bnf.fr/ark:/12148/bpt6k912598",
                  "emotions": [
                        "anger",
                        "love",
                        "nostalgia"
                  ],
                  "excerpt": "I ! semblait qu ' elle attendait cela depuis longtemps et qu ' elle y était préparée .Louis s ' était penché sur elle et l ' embrassait dans le cou , affolé de son propre désir qui l ' avait repris , affolé des cris étouffés que gloussait Hyacinthe , les dents serrées , et les mains crispées , affole de I ' 0 < / cM ? ' d ' Elle qui lui montait au cerveau , cette Odeur capiteuse qui fleurait et grisait comme un verre de vieille eau - de - vie de cidre .Hyacinthe , veux - tu nous aimer ? rugit le jeune homme .",
                  "id": "10",
                  "title": "Cocquebins / Léo Trézenik ; Ill. de Willette"
            },
            {
                  "doc_url": "https://gallica.bnf.fr/ark:/12148/bpt6k5407780k",
                  "emotions": [
                        "grief",
                        "love",
                        "nostalgia",
                        "gratitude",
                        "caring"
                  ],
                  "excerpt": "i3 VI Hélas ! les temps sont loin des phlox incarnadins Et des roses d ' orgueil illuminant ses portes , Mais si fané soit - il et si flétri — qu ' importe — Je l ' aime encor de tout mon coeur , notre jardin .Sa détresse parfois m ' est plus chère ' et plus douce Que ne m ' était sa joie aux jours brûlants d ' été ; Oh le dernier parfum lentement éventé Par sa dernière fleur sur ses dernières mousses ! Je me suis égaré , ce soir , en ses détours Pour toucher de mes doigts fervents toutes ses plantes ; Et tombant à genoux , parmi l ' herbe tremblante J ' ai longuement baisé son sol humide et lourd .Et maintenant qu ' il meure et maintenant que viennent Et s ' étendent partout et la brume et la nuit , Mon être est comme entré dans sa ruine à lui Et j ' apprendrai ma mort en comprenant la sienne .",
                  "id": "11",
                  "title": "Les heures du soir / Émile Verhaeren"
            },
            {
                  "doc_url": "https://gallica.bnf.fr/ark:/12148/bpt6k5532817p",
                  "emotions": [
                        "joy",
                        "love",
                        "gratitude",
                        "calmness"
                  ],
                  "excerpt": "110 ESSAIS POÉTIQUES .Si de votre bouche où respire La rose au parfum séducteur Mes vers méritaient un sourire , Rien n ' égalerait mon bonheur .Si vous vouliez me laisser prendre , Sur votre visage enchanteur , De tous les baisers le plus tendre , Rien n ' égalerait mon bonheur .",
                  "id": "12",
                  "title": "Essais poétiques... par Clovis Besson,..."
            },
            {
                  "doc_url": "https://gallica.bnf.fr/ark:/12148/bpt6k8630656b",
                  "emotions": [
                        "love",
                        "nostalgia",
                        "faith"
                  ],
                  "excerpt": "Rappelez - vous , vous tous qui m ' écoutez , la légende de la Madeleine versant l ' huile de senteur sur un pied divin .Rappelez - vous l ' arôme céleste de la première femme que vous avez aimée .Rappelez - vous la bruyère de votre enfance , par une matinée d ' été , alors que la Terre écartait son voile de vapeur , pour sourire au premier regard du soleil , et répandait voluptueusement sur sa couche nuptiale l ' urne invisible de parfum .",
                  "id": "13",
                  "title": "Les plumes d'or : romans et nouvelles / par Ed. About, G. Aymard, P. Audebrand... [et al.] ; préface par Paul Féval"
            },
            {
                  "doc_url": "https://gallica.bnf.fr/ark:/12148/bpt6k5493614g",
                  "emotions": [
                        "grief",
                        "sadness",
                        "love",
                        "frustration",
                        "disappointment"
                  ],
                  "excerpt": "Des étoiles du ciel les rayons amoureux Enviaient les regards qu ' ils échangeaient entre eux .Des brises de la nuit l ' haleine parfumée En effleurant leur bouche en était embaumée ; Elle emportait leurs mots et leur âme en soupir ; Leurs touchants entretiens ne pouvaient s ' assoupir ; Pour entendre le son de la voix qu ' il adore , Les mots déjà redits se redisaient encore ; Pour retrouver l ' épaule ou le cou de l ' amant , Daïdha dépliait son bras déjà dormant ; Cédar , pour écouter le souffle de sa bouche , S ' appuyait sur le coude au sable de sa couche .Le sommeil du bonheur enfin ferma leurs yeux .",
                  "id": "14",
                  "title": "Oeuvres poétiques de Lamartine. Vol. 3"
            },
            {
                  "doc_url": "https://gallica.bnf.fr/ark:/12148/bpt6k1167857s",
                  "emotions": [
                        "joy",
                        "love",
                        "nostalgia",
                        "gratitude"
                  ],
                  "excerpt": "Au loin , de bois en fleurs la plage était semée ; La nuit était sereine , et tiède et parfumée ; La vague en murmurant sous un souffle léger Qu ’ embaumaient le jasmin , la rose , et l ’ oranger , Se gonflait , s ’ abaissait , et remontait encore Comme un sein virginal qu ’ un feu secret dévore ; Aux doux frémissements de l ’ onde et des zéphyrs Des feuillages émus se mêlaient les soupirs , Voluptueux accords , ineffable harmonie Qu ’ exhale en respirant la nature endormie , 1 Golfe de Carie , province de l ’ Asie - Mineure .Alors que de parfums et d ’ amour enivré Repose dans ses bras le printemps adoré .De son trône flottant , rêveuse et solitaire , Versant en brume d ’ or sa suave lumière , La déesse des nuits , Diane aux blonds cheveux , Vit un adolescent couché près des flots bleus .",
                  "id": "15",
                  "title": "Annales romantiques : recueil de morceaux choisis de littérature contemporaine"
            },
            {
                  "doc_url": "https://gallica.bnf.fr/ark:/12148/bpt6k23695238",
                  "emotions": [
                        "joy",
                        "love",
                        "nostalgia",
                        "doubt"
                  ],
                  "excerpt": "4 ACROSTICHEHeureuse en cette vie , o douce Henriette .Es - tu comine l ’ oiseau rebelle à mon amour ? N ’ aimes - tu plus la fleur à la senteur discrète , Rêveuse et solitaire , attends - tu mon retour ? Innocente beauté , je te donne ma vie , Etje mourrai cent fois pour plaire à tesbeaux yeux , Te voir sourire encore , rendre ton cœur joyeux , T ’ aimer et te ch ' rir , o ma plus tendre amie , Et mourir à tes pieds , c ’ est là ce que j ’ envie .TRIANGLES Trouvez : 1 ° Marin ; 2 ° Précipices dangereux ; 3 - Empereur romain 4 - Participe ; 5 Article ; G ’ Partie essentielle de notre corps 7 - Apprécié quand il vient de la chine .",
                  "id": "16",
                  "title": "L'Écho cognaçais : organe littéraire, théâtral, des intérêts artistiques & d'annonces [\"puis\" organe littéraire, agricole, théâtral, artistique et d'annonces]"
            },
            {
                  "doc_url": "https://gallica.bnf.fr/ark:/12148/bpt6k6577334b",
                  "emotions": [
                        "love",
                        "approval"
                  ],
                  "excerpt": "du périgone toutes étalées ; 2 rétinacles nus ; ovaire non contourné .Fleurs odorantes , d ' un pourpre pl .ou m .",
                  "id": "17",
                  "title": "Nouvelle flore française : descriptions succintes et rangées par tableaux dichotomiques des plantes qui croissent spontanément en France... (2e édition revue, corrigée et augmentée...) / par M. Gillet,... M. J.-H. Magne,..."
            },
            {
                  "doc_url": "https://gallica.bnf.fr/ark:/12148/bpt6k6462326q",
                  "emotions": [
                        "sadness",
                        "love",
                        "relief",
                        "frustration",
                        "disappointment"
                  ],
                  "excerpt": "Quelle épreuve ! Bientôt certaine inquiétude De son génie annonça le retour .Le soleil terminait sa brillante carrière ; Des oiseaux gazouillaient , un ruisseau murmurait ; Au fond des bois , caché , Zéphire soupirait ; Le papillon , d ' une aile inconstante et légère Sur mille fleurs voltigeait tour à tour ; La terre parfumée exhalait son amour .Le Poëte des yeux cherchait déjà sa lyre .",
                  "id": "18",
                  "title": "Poésies de M. Joseph Pain"
            },
            {
                  "doc_url": "https://gallica.bnf.fr/ark:/12148/bpt6k1075961",
                  "emotions": [
                        "admiration",
                        "love",
                        "gratitude",
                        "calmness",
                        "approval"
                  ],
                  "excerpt": "J ' ai sauté à bas de mon âne pour cueillir uue botte d ' anémones blanches et lilas , de narcisses et de cyclamens .Beaux narcisses , combien je vous aime i Que votre parfum est fin , délicat , insinuant , et que vous portez avec une noble et admirable langueur la belle tête pâle qui semble peser à votre corps frêle ~ mais nerveux .Mariés aux cyclamens ces fleurs fières , sauvages ~ distinguées vous imposez l ' idée de l ' union la plus accomplie .",
                  "id": "19",
                  "title": "Rome / [par la marquise A.-L. de Blocqueville]"
            },
            {
                  "doc_url": "https://gallica.bnf.fr/ark:/12148/bpt6k5408919n",
                  "emotions": [
                        "surprise",
                        "grief",
                        "love",
                        "nostalgia",
                        "embarrassment",
                        "disappointment"
                  ],
                  "excerpt": "Une femme parut au balcon : c ' était elle ! \" Quoique pâle et lassée , ô Dieu ! quelle était belle ! Comme le monde avait , sôùs son précoce été - , \" Mûri sans la flétrir l ' angéliqûe beauté ! Comme sous ce costume \" et cette autre apparence Mes regards trait pour trait retrouvaient tout Laurence ! Lui dans elle agrandi , mais toujours elle en lui ! Son cou penché semblait porter iïn vaste ennui ; \" Son coude s ' appuyait sur la rampe .dorée , Sa joue au clair de lune était décolorée ; \" Ses blonds \" cheveux ' déjà \" dé son front détachés Sur le fer du balcon flottaient tout épanchés , Et je sentais l ' odeur du vent qui les caresse S ' échapper en parfum de l ' or de chaque tresse ! Oh ! des fleurs qui tombaient de ses cheveux l ' odeur Comment n ' eût - elle pas enivré tout mon coeur ? ..",
                  "id": "20",
                  "title": "Jocelyn : épisode / A. de Lamartine"
            }
      ]
}