{
      "articles": [
            {
                  "doc_url": "https://gallica.bnf.fr/ark:/12148/bpt6k57101788",
                  "emotions": [
                        "joy",
                        "love",
                        "optimism",
                        "excitement"
                  ],
                  "excerpt": "Dieu gémit quand il voit déchirer leur couronne Aux brillantes couleurs .Les amoureux zéphyrs , en parcourant l ' espace , Seront tout embaumés , Si vous laissez les fleurs s ' élover avec grâce Vers les astres charmés .86 PRIMEVERES .",
                  "id": "1",
                  "title": "Primevères : poésies / par J.-B. Moulet"
            },
            {
                  "doc_url": "https://gallica.bnf.fr/ark:/12148/bpt6k57101788",
                  "emotions": [
                        "joy",
                        "love",
                        "nostalgia",
                        "gratitude"
                  ],
                  "excerpt": "24 PRIMEVERES .Quand , le matin , sur la rose embaumée , Tes perles d ' or éblouissent nos yeux , Les doux pensers de notre Ame charmée Avec amour s ' élèvent vers les cieùx .Oui , c ' est à toi que la nature entière Doit sa beauté , ses parfums et ses fleurs ; Kt tes bienfaits , comme l ' humble prière , Viennent tarir la source de nos pleurs .",
                  "id": "2",
                  "title": "Primevères : poésies / par J.-B. Moulet"
            },
            {
                  "doc_url": "https://gallica.bnf.fr/ark:/12148/bpt6k54516066",
                  "emotions": [
                        "admiration",
                        "love"
                  ],
                  "excerpt": "LA petite maison se cache sous les branches .C ' est un nid d ' amoureux , frais , coquet , parfumé ; Sur ses murs le jasmin grimpe avec les pervenches Et les liserons blancs , quand vient le mois de mai .Dès l ' aube , en souriant le soleil la salue , Et les oiseaux jaseurs nichés dans les buissons , De l ' astre aux rayons d ' or annoncent la venue , Par des trémoussements d ' ailes et des chansons .",
                  "id": "3",
                  "title": "Angélique : poème, pensées / Camille Delthil"
            },
            {
                  "doc_url": "https://gallica.bnf.fr/ark:/12148/bpt6k96937641",
                  "emotions": [
                        "love",
                        "caring"
                  ],
                  "excerpt": ", regardait bouillir ses vases et soufflait quel - quefois le feu avec un soufflet tout use : il ne disait mot , et sa femme , assise dans le laboratoire , ne se plaignait ni de la fumée , ni .du charbon , ni de l ' odeur ; elle ne parlait pas plus que son ma ! i , car son seul langage était l ' aimable sourire qu ' elle faisait errer sur ses lèvres charmantes , lorsque , fatigué de ses travaux , il s ' avisait de jeter un regard sur sa femme chérie .Elle était belle femme , et lui bel homme ; mais comme ils restaient toute la journée dans leur laboratoire , qu ' ils ne se regardaient pas souvent et qu ' ils s ' adoraient , ils ne pensaient guères à leur toilette .",
                  "id": "4",
                  "title": "La dernière fée, ou La nouvelle lampe merveilleuse. Tome 1 / . Par M. Horace de Saint-Aubin... Seconde édition, revue, corrigée et considérablement augmentée"
            },
            {
                  "doc_url": "https://gallica.bnf.fr/ark:/12148/bpt6k96937641",
                  "emotions": [
                        "love"
                  ],
                  "excerpt": "¡ } lors Abel , avec tout le fen du jeune âge , avec tout le feu de l ' amour , lui fit une description animée et brillante de la vision céleste qu ' il avait eue la nuit : à chaque instant , les phrases les plus énergiques des hommes que le frottement de la civilisation n ' a pas encore altérés , et qui restent dans leur neuf , arrivaient sur ses lèvres enflammées , et n ' instruisirent que trop la malheureuse Catherine , qui écoutait encore , avec plaisir , cet arrêt de mort , comme un criminel repentant qui se fait un besoin de son supplice .— Enfin , dit Abel en finissant , et en montrant les cieux , ce n ' est que par delà cette écharpe diaprée que naissent et vivent des fleurs aussi brillantes : elles viennent du parterre des jardins de ton Dieu , que j ' aime encore plus , depuis qu ' il a permis que je visse des roses qui ont habité près de son trône , et qui en rapportent une rosée de lumière , de parfums , et de charmes dont la nature d ' ici - bas n ' a pas d ' exemple .Oui , Catherine , la blancheur d ' un lis vierge , les mille couleurs des oiseaux de l ' Orient , le doux chant des cygnes , l ' odeur de l ' ambre , le visage des houris de Mahomet rassemble toutes les forces delà nature ? et ce chef - d ' œuvre sera au - dessous d ' elle .",
                  "id": "5",
                  "title": "La dernière fée, ou La nouvelle lampe merveilleuse. Tome 1 / . Par M. Horace de Saint-Aubin... Seconde édition, revue, corrigée et considérablement augmentée"
            },
            {
                  "doc_url": "https://gallica.bnf.fr/ark:/12148/bpt6k549353",
                  "emotions": [
                        "love",
                        "nostalgia",
                        "caring"
                  ],
                  "excerpt": "t ~ ~ N ne voit plus ! a blanche neige Couvrir l ' abricotier frileux ; Vers les lointains horizons bleus Monte un souffle qui vous allège .Un furtif murmure d ' amour Emplit vos sens de vague ivresse ; Il flotte une odeur de tendresse , Et l ' hirondelle esr de retour .Près des toits vole l ' hirondelle , Avec de petits cris stridents ; C ' est le temps des jours ton ? s , le temps Où le soleil est plus fidèle .",
                  "id": "6",
                  "title": "Poèmes de Chine / Émile Blémont ; préf. par Paul Arène"
            },
            {
                  "doc_url": "https://gallica.bnf.fr/ark:/12148/bpt6k4802502",
                  "emotions": [
                        "joy",
                        "love",
                        "gratitude",
                        "caring"
                  ],
                  "excerpt": "S ' envolant des ruches du ciel , Les baisers , abeilles sacrées , Vont puiser aux gorges nacrées La force de l ' idéal miel .Jolis baisers , aux lèvres des aimées Allez cueillir des phrases parfumées ; Ce sont des fleurs que leur esprit effeuille , Les mots d ' amour que sur leur bouche on cueille .II S ' envolant des ruches du ciel , Les baisers , divines abeilles , Vont puiser aux lèvres vermeilles La douceur de l ' idéal miel .",
                  "id": "7",
                  "title": "La chanson sentimentale / Xavier Privas"
            },
            {
                  "doc_url": "https://gallica.bnf.fr/ark:/12148/bpt6k4802502",
                  "emotions": [
                        "admiration",
                        "love",
                        "gratitude"
                  ],
                  "excerpt": "ROSE MYSTÉRIEUSE A mon ami JEAN TILD , cordialement .ROSE MYSTÉRIEUSE ( 39 1 Rose mystérieuse au jardin de ma vie , Fleur de beauté , fleur de douceur , fleur d ' idéal , Ton parfum a vaincu ma chair inassouvie , Car tu portes en toi l ' âme de Floréal II Rose mystérieuse au val de mes caprices , Tes pétales sont faits de charme et de désir , Ton pollen est l ' encens qui brûle aux sacrifices Que je rends à l ' amour sur l ' autel du plaisir .III Rose mystérieuse au paradis des roses , Fleur sainte en qui je puise et force et volonté , Fleur de bonheur en qui les voluptés sont closes , Tu grisas mon printemps ; fleuris pour mon été I IV Rose mystérieuse au bois de mes pensées , Fleur en qui le réel au rêve peut s ' unir , O femme , fleur d ' amour douce aux âmes blessées , Sois le passé , sois le présent , sois l ' avenir ! MAISON D ' OR A mon ami ANDRÉ Vermare , afïectueusement .",
                  "id": "8",
                  "title": "La chanson sentimentale / Xavier Privas"
            },
            {
                  "doc_url": "https://gallica.bnf.fr/ark:/12148/bpt6k889481d",
                  "emotions": [
                        "love"
                  ],
                  "excerpt": "Depuis deux jours , à cause de la noce , le pressoir était demeuré inactif .Bathilde et son mari échangèrent un coup d ’ œil significatif et bientôt tous deux , ayant escaladé l ’ échelle , disparaissaient dans les profondeurs de la cuve odorante .Un vrai lit nuptial pour une Normande ! Là , du moins , personne ne viendrait les surprendre .",
                  "id": "9",
                  "title": "Les Morts heureuses, avec préface par Alphonse Daudet / Edmond Lepelletier"
            },
            {
                  "doc_url": "https://gallica.bnf.fr/ark:/12148/bpt6k5484757m",
                  "emotions": [
                        "love"
                  ],
                  "excerpt": "? Névroses .l Affections orga / orga / Fièvres .Maladies pestilentielles .",
                  "id": "10",
                  "title": "Médecine généralisée, ou Pratique de la médecine mise théoriquement à la portée de tout le monde, par F.-A. Beauqui,..."
            },
            {
                  "doc_url": "https://gallica.bnf.fr/ark:/12148/bpt6k9608873d",
                  "emotions": [
                        "love",
                        "relief"
                  ],
                  "excerpt": "Elles conviennent dans les maladies de l ' oreille , dans celles des voies urinaires ; on les emploie aussi pour resserrer , ramollir les tissus de certaines parties ; elles sont indispensables pour nettoyer une plaie dont la situation n ' offrirait pas une pente favorable à l ' écoulement du pus .Les injections sont émollientes , astringentes , adoucissantes , excitantes et détersives , sui - vant l ' affection pour laquelle elles sont utiles .L LARYNX .",
                  "id": "11",
                  "title": "Manuel pratique de médecine vétérinaire domestique : mise à la portée des cultivateurs... / par M. Meunier,..."
            },
            {
                  "doc_url": "https://gallica.bnf.fr/ark:/12148/bpt6k6265774m",
                  "emotions": [
                        "love"
                  ],
                  "excerpt": "A UN VERRE y cristal resplendit au soleil , Qui ne fus effleuré d ' aucune lèvre encore , - ' Et qui ne vis jamais un vin pur et vermeil S ' échapper à longs flots de quelque vieille amphore , Reconnais aujourd ' hui les droits de ton seigneur , Sois à lui sans partage , et prêt au moindre signe , Accours à son appel , empressé serviteur , Toujours plein , jusqu ' aux bords , du vrai sang de la vigne ! A plus d ' un rude choc s ' il t ' expose parfois , Affronte vaillamment les hasards de la guerre , Sans souci du danger vite accours à sa voix , Quand vingt verres amis voudront choquer son verre .Après ses durs travaux , s ' il veut boire à l ' amour , Te transformant soudain en coupe parfumée , Cherche discrètement l ' ombre du demi - jour , Et gaîment penche - toi vers une lèvre aimée .18G7 Quand la fée aux grelots , muse du gai refrain , En folâtrant viendra l ' agacer de son aile , Qu ' il vide en son honneur son verre trois fois plein , Sûr de trouver au fond une chanson nouvelle .",
                  "id": "12",
                  "title": "A un verre ; Béranger au Perreux / [signé A. Debellocq]. Le poète / [signé E. Debellocq fils]"
            },
            {
                  "doc_url": "https://gallica.bnf.fr/ark:/12148/bpt6k96332867",
                  "emotions": [
                        "love",
                        "desire",
                        "nostalgia"
                  ],
                  "excerpt": "Mais des feuilles la gloire brève Expire dans un frisson d ' or , Et , rapide comme un beau rêve , Laisse s ' obscurcir le décor .Et je ne veux pour toi , ma belle , Dont le cœur chante ses vingt ans , Qu ' une symphonie immortelle , Que fleurs et parfums du printemps .LA NEIGE A INSI que des papillons blancs - Dont on a détaché les ailes , Les flocons légers et tremblants Tombent en folles kyrielles .",
                  "id": "13",
                  "title": "La flûte et le clairon : poésies / Gustave Chaudet ; avec une lettre de M. Henri de Réguier,..."
            },
            {
                  "doc_url": "https://gallica.bnf.fr/ark:/12148/bpt6k96332867",
                  "emotions": [
                        "joy",
                        "love",
                        "nostalgia",
                        "calmness"
                  ],
                  "excerpt": "Elle , pieusement , auprès de lui s ' attarde , Et sur son front serein amasse des baisers Aussi doux que les yeux dont elle le regarde , Qu ' un rayon de soleil dans ses cheveux frisés .Elle presse ses mains , écoute son haleine , Pure ainsi qu ' un parfum de muguet au printemps , Et devant son enfant blotti sous l ' ample laine , Elle sent que son cœur aura toujours vingt ans .Loin du nid bien - aimé , frangé de gaze rose , Elle ne peut , dès lors , longuement demeurer ; Son bonheur n ' est complet qu ' où son ange repose , Et l ' air près de lui seul est tendre à respirer .",
                  "id": "14",
                  "title": "La flûte et le clairon : poésies / Gustave Chaudet ; avec une lettre de M. Henri de Réguier,..."
            },
            {
                  "doc_url": "https://gallica.bnf.fr/ark:/12148/bpt6k54400714",
                  "emotions": [
                        "admiration",
                        "joy",
                        "love",
                        "curiosity"
                  ],
                  "excerpt": "Bénissant la main qui relève Tout ce que l ' hiver courbe , hélas ! J ' aime sur des jets pleins de sève Les grappes fraîches du lilas ; Et la petite abeille folle Qui bourdonne au milieu des fleurs Ou boit au fond de leur corolle Ce que l ' aube y versa de pleurs ; 8 A MA SOEUR Et sur la pelouse effleurée Par des papillons éclatants , La pauvre clochette ignorée Que réchauffe aussi le printemps .J ' aime , et je n ' en fais point mystère , Tout ce qui , pour charmer nos yeux , Ou s ' épanouit sur la terre , Ou brille , là - haut , dans les cieux ; Et les fils perdus dans l ' espace , Le jonc que le vent fait plier , Le parfum de brise qui passe Dans les rameaux du peuplier ; Et cette nature qui chante Comme un linot à son réveil , Cette nature si touchante Aux premiers rayons du soleil .J ' aime , sur ce globe où tout change , Ce que le flot porte avec moi : Oui , j ' aime tout cela , mon ange , Mais je n ' aime rien comme toi ! Orléans , 1842 .",
                  "id": "15",
                  "title": "Oeuvres poétiques de Ludovic de Vauzelles,... : précédées d'une notice sur sa vie. Tome 1"
            },
            {
                  "doc_url": "https://gallica.bnf.fr/ark:/12148/bpt6k11749792",
                  "emotions": [
                        "love"
                  ],
                  "excerpt": "La Johanésine n ’ est pas toxique ; le sulfate de Johanésine est usité comme diurétique à la dose de 1 gramme .On peut employer les graines elles - mêmes comme purgatif efficace dans les affections du ' foie , la jaunisse , l ’ hydropisie , les désordres menstruels et les affections scrofuleuses .Mode d ’ emploi .",
                  "id": "16",
                  "title": "Manuel des plantes médicinales coloniales et exotiques / par H. Bocquillon-Limousin,... ; introduction par M. Em. Perrot,..."
            },
            {
                  "doc_url": "https://gallica.bnf.fr/ark:/12148/bpt6k6539147s",
                  "emotions": [
                        "love"
                  ],
                  "excerpt": "10 - - On colore le savon avec 100 grammes d ' ocre brune .Autre parfum au bouquet des Alpes .Essence de lavande fine .",
                  "id": "17",
                  "title": "Traité complet de la fabrication des savons : contenant des notions sur les alcalis, les corps gras saponifiables et des instructions sur la fabrication des savons marbrés... / par M. G. Eugène Lormé..."
            },
            {
                  "doc_url": "https://gallica.bnf.fr/ark:/12148/bpt6k321733p",
                  "emotions": [
                        "grief",
                        "love",
                        "desire",
                        "nostalgia",
                        "curiosity",
                        "disappointment"
                  ],
                  "excerpt": "Quelle aménité , quelle grâce ! Quelle noble simplicité dans les manières , dans le langage , dans tous les rapports de la vie civile ! comme on se prenait à l ’ aimer dès la première vue .Gomme après l ’ avoir longuement entendu , on désirait l ’ entendre encore ! Comme on le quittait le cœur serré , à la pensée de ne le revoir peut - être plus ! C ’ est qu ’ il exhalait autour de lui un parfum héréditaire des vertus chevaleresques , parfum qui se démocratisait en embaumant nos trav .' .",
                  "id": "18",
                  "title": "Pompe funèbre des RR ̤.FF ̤.,... an de la Vraie Lum ̤. 5849"
            },
            {
                  "doc_url": "https://gallica.bnf.fr/ark:/12148/bpt6k6451690b",
                  "emotions": [
                        "joy",
                        "grief",
                        "love",
                        "gratitude"
                  ],
                  "excerpt": "Mes yeux pour l ' admirer s ' illuminaient de flamme ; Mes sens avec délire aspiraient son odeur .L ' ange qui s ' envolait me cria : cette fleur Renferme l ' ame d ' une femme , Dont les parfums d ' amour enivreront ton cœur ! Octobre , 1837 HEURES DE REPOS 11 ' un Outirier .DEUXIÈME PARTIE .",
                  "id": "19",
                  "title": "Heures de repos d'un ouvrier (3e édition) / . Par Théodore Lebreton Troisième édition."
            },
            {
                  "doc_url": "https://gallica.bnf.fr/ark:/12148/bpt6k6451690b",
                  "emotions": [
                        "joy",
                        "grief",
                        "love",
                        "optimism",
                        "nostalgia",
                        "excitement",
                        "calmness",
                        "faith"
                  ],
                  "excerpt": "Quand les feux d ' un soleil aride Couvrent nos champs , qu ' ils vont flétrir , Sur sa fleur , qui vient de [ s ' ouvrir , L ' ange , de sa paupière humide , Verse , ainsi qu ' une onde limpide , Des pleurs qui vont la rafraîchir .Toujours son haleine embaumée Comme la brise du printemps , Caresse les jeunes instans De sa compagne bien - aimée , Qui , d ' un feu céleste animée , Va grandir sous l ' aile du temps .Du ciel cette plante chérie Scintille entre les autres fleurs ; Son calice roule des pleurs , Et l ' encens qu ' exhale sa vie Est un parfum de poésie Qui se répand dans tous les cœurs .",
                  "id": "20",
                  "title": "Heures de repos d'un ouvrier (3e édition) / . Par Théodore Lebreton Troisième édition."
            }
      ]
}