{
      "articles": [
            {
                  "doc_url": "https://gallica.bnf.fr/ark:/12148/bpt6k54387080",
                  "emotions": [
                        "love",
                        "desire",
                        "excitement",
                        "envy",
                        "greed"
                  ],
                  "excerpt": "Sa gorge palpitait , où saignaient des morsures Ouvertes sous la dent féroce des amours .De son corps ruisselait l ' effluve des luxures .IV Pleins d ' étoiles , des pleurs roulèrent de ses yeux Où flamboyait l ' orgie en sa splendeur païenne .",
                  "id": "1",
                  "title": "La muse noire / Stanislas de Guaita"
            },
            {
                  "doc_url": "https://gallica.bnf.fr/ark:/12148/bpt6k54387080",
                  "emotions": [
                        "love",
                        "desire",
                        "nostalgia"
                  ],
                  "excerpt": "m En ^ Automne % A Zenon Fière .JE ne rêvais jadis que d ' amours flamboyantes , De fastueux sophas de pourpre et d ' or brodés , Que d ' effluves d ' encens dans les boudoirs , où des Vénus à l ' oeil mourant se pâment , souriantes .Cependant que le lustre à gerbes ondoyantes Donne des tons de lys aux visages fardés , J ' aurais connu la mer des plaisirs insondés Où nagent des houris froides , mais patientes .",
                  "id": "2",
                  "title": "La muse noire / Stanislas de Guaita"
            },
            {
                  "doc_url": "https://gallica.bnf.fr/ark:/12148/bpt6k54387080",
                  "emotions": [
                        "grief",
                        "love",
                        "nostalgia",
                        "gratitude"
                  ],
                  "excerpt": "Mais ta lèvre parjure a frémi doucement , Ht tu chantes : ta voix craintive , ô talisman ! Entonne l ' air très vieux que tu chantais , la Belle , Alors qu ' à son amour tu te montrais rebelle ; Alors qu ' il suppliait , et que tu disais : Non .Tout le passé surgit de l ' abîme , Ninon : Aux sons mélodieux de tes chants , il se mêle Le doux balbutiement du désir qui s ' épelle , Ht la chaude saveur du baiser dérobé , lit l ' arôme de l ' herbe où ton corps est tombé , Ht — sous le ciel d ' azur limpide et magnifique — Ton cri d ' amour , montant comme un large cantique I O femme 1 ta voix vibre aux souffles d ' autrefois , Ht ton amant écoute ..",
                  "id": "3",
                  "title": "La muse noire / Stanislas de Guaita"
            },
            {
                  "doc_url": "https://gallica.bnf.fr/ark:/12148/bpt6k9760985c",
                  "emotions": [
                        "love"
                  ],
                  "excerpt": "Le palais de Déduit , c ' est - à - dire du Plaisir , renferme Liesse , Jeunesse , Amour , Beauté , Noblesse de cœur , Libéralité , Courtoisie .Admis dans ce séjour , Guillaume , parmi beaucoup de roses , « les unes déjà très - épanouies , les autres à peine entr ' ouvertes , distingue un jeune bouton plus frais , plus parfumé que toutes les autres fleurs : c ' est l ' allégorie transparente de la femme qu ' il aime et dont il voudrait se faire aimer .» • Les divers degrés de la passion sont définis et dépeints par des allégories non moins ingénieuses .",
                  "id": "4",
                  "title": "Histoire de la littérature française depuis son origine jusqu'à la Renaissance / par Charles Gidel,..."
            },
            {
                  "doc_url": "https://gallica.bnf.fr/ark:/12148/bpt6k6122517m",
                  "emotions": [
                        "love",
                        "faith"
                  ],
                  "excerpt": "Il nourrit , il épure l ' âme , La remplit d ' une douce flamme , Et lui donne joie et vigueur ; — 35 — Il sème de fleurs l ' évangile , La vertu sublime est facile ; La foi s ' étend , s ' épanouit ; L ' homme a des visions étranges , Nous commerçons avec les anges , Et le monde s ' évanouit .LES FLEURS DU SANCTUAIRE Fleurs du sanctuaire , Témoins , nuit et jour , Du plus doux mystère Qu ' enfanta l ' amour .Du pur encens de vos calices Embaumez la demeure où repose mon Dieu ! Que vos chastes attraits , avec plus de délices , O fleurs , brillent dans le saint lieu ! Exhalez votre vie en parfums , près du trône Où réside le doux sauveur ; Effeuillez à ses pieds votre belle couronne , Couronne de grâce et d ' honneur .",
                  "id": "5",
                  "title": "Poésies catholiques dédiées à Mme de Camiran / par M. l'abbé Firminhac,..."
            },
            {
                  "doc_url": "https://gallica.bnf.fr/ark:/12148/bpt6k6481508q",
                  "emotions": [
                        "love",
                        "gratitude",
                        "caring"
                  ],
                  "excerpt": "Il céda enfin à ma prière un peu importune , je l ' avoue , etregagna son fauteuil après m ' avoir béni une dernière fois ( 1 ) .Je sortis de cette entrevue l ' âme embaumée du parfum de la bonté paternelle du bien - aimé vieillard .J ' emportais avec la certitude d ' une guérison parfaite un souvenir qui restera toujours le plus profond de ma vie .",
                  "id": "6",
                  "title": "Une bénédiction de Pie IX / documents recueillis par le Comte H. d' Ideville"
            },
            {
                  "doc_url": "https://gallica.bnf.fr/ark:/12148/bpt6k5525288b",
                  "emotions": [
                        "love",
                        "gratitude",
                        "faith"
                  ],
                  "excerpt": "ILentement / LA avec S04I * / / étendu dég .I [ odeur d ' amandes \\ ' \\ amèrcs ..",
                  "id": "7",
                  "title": "Leçons de chimie (chimie générale, chimie organique, analyse chimique) : à l'usage des élèves de première-sciences... (4e édition) / par J. Basin,..."
            },
            {
                  "doc_url": "https://gallica.bnf.fr/ark:/12148/bpt6k886133p",
                  "emotions": [
                        "grief",
                        "love",
                        "doubt",
                        "disappointment",
                        "guilt"
                  ],
                  "excerpt": "» « Longtemps , les yeux fixés sur la place » où elle s ’ était évanouie , j ’ invoquai , j ’ atten - » dis ; mais rien .— Avais - je donc perdu ainsi » la réalité de mon rêve , l ’ incarnation de mon » âme ; et pour un instant d ’ une ivresse in - « comprise , mais profondément ressentie , » devais - je renoncer à cette ivresse éternelle » que je m ’ étais promise en songe ? — Cette » femme , je l ’ avais A r ue , écoutée ; elle m ’ avait » bercé en ses bras ; j ’ avais respiré son ha - » leine ; je m ’ étais enivré de son parfum , et » j ’ effeuillais encore les roses qu ’ elle avait » semées à mes pieds .C ’ était donc bien la » preuve que mon esprit ne s ’ abusait pas lui - » même , et qu ’ elle existait , la créature que » j ’ avais appelée comme une sœur ou une » amante ; que j ’ avais espérée , mais sans » oser croire à son être .",
                  "id": "8",
                  "title": "Le Pédagogue, étude de l'égoïsme, suivi de Hévella / Saint-Maxent"
            },
            {
                  "doc_url": "https://gallica.bnf.fr/ark:/12148/bpt6k886133p",
                  "emotions": [
                        "love",
                        "gratitude"
                  ],
                  "excerpt": "— » C ’ est vous qui m ’ avez réveillé ? Oh ! comme » je dormais ! — Je voulais m ’ endormir pour » toujours .Les fleurs , les fleurs ! — C ’ est si » doux de mourir enivré de parfums ! — Si » vous le pouvez , mourez ainsi .— Mais ma » mère souffre , avez - vous dit ? Que restons - » nous donc ? Allons bien vite l ’ embrasser , » ma bonne et sainte mère ! » XLII « Voyez - vous , continua - t - il , la vertu n ’ est » , qu ’ un jeu ; n ’ y croyez pas ; toute la nuit , » j ’ ai pensé ; — l ’ homme n ’ ayant rien de par - » fait , pourquoi chercher en lui la vertu , qui » est une perfection ? Il n ’ aime rien profondé - » ment , sinon Dieu , mais parce qu ’ il a besoin » de lui ; l ’ amour de Dieu est le pain que cha - » cun aime ; toutes les passions ne sont que » mets variés dont on se lasse , et qu ’ il faut » renouveler sans cesse ; — longtemps j ’ ai » cru à l ’ amour ; je n ’ y crois plus ; on peut » aimer beaucoup , un instant ; c ’ estune flamme » ardente , éphémère ; plus elle est intense , » moins elle dure ; je l ’ ai compris .",
                  "id": "9",
                  "title": "Le Pédagogue, étude de l'égoïsme, suivi de Hévella / Saint-Maxent"
            },
            {
                  "doc_url": "https://gallica.bnf.fr/ark:/12148/bpt6k208231m",
                  "emotions": [
                        "joy",
                        "love",
                        "optimism",
                        "excitement",
                        "relief",
                        "gratitude"
                  ],
                  "excerpt": "Quand , par une journée de printemps , je me promène dans la campagne , que je regarde l ' alouette courir le long du sillon vert et que je respire les senteurs végétales qui annoncent la saison nouvelle , il me semble que je vivrai toujours ! Je jouis en espérance de milliers de printemps .Je sens la sève qui remue la nature couler en mes veines et monter à mon front en parfum d ' amour .C ' est comme une vie d ' expansion infinie , qui me fait oublier que l ' on ne s ' élève que pour décliner , et qu ' après avoir grandi , on doit diminuer jusqu ' à la mort ; c ' est une ivresse pleine de trouble , qui me voile la misère de ma condition .",
                  "id": "10",
                  "title": "Jours de solitude (2e éd.) / Octave Pirmez"
            },
            {
                  "doc_url": "https://gallica.bnf.fr/ark:/12148/bpt6k9612135q",
                  "emotions": [
                        "love",
                        "gratitude",
                        "amusement"
                  ],
                  "excerpt": "Il note avec satisfaction dans ses Mémoires , pour l ' édification morale du lecteur , qu ' après ses torts envers Frédérique il s ' était senti dans un état plus agréable qu ' à l ' époque « où il n ' avait encore aucune faute à se reprocher » .Il a fait des vers galants à la louange de l ' inconstance : Qu ' il est doux le baiser de Fanny , quand la lèvre Du baiser d ' Amanda garde encor le parfum ! et il a dit en prose , plus poétiquement : « C ' est une sensation délicieuse que celle d ' un nouvel amour qui naît en nous lorsque l ' ancien n ' est pas encore tout à fait expiré .Ainsi , à l ' heure où le soleil se couche , on aime à voir la lune se lever de l ' autre côté de l ' horizon , et l ' on jouit de la double clarté des deux astres .",
                  "id": "11",
                  "title": "Études sur Goethe : Goethe et Lessing, Goethe et Schiller, Werther, Iphigénie en Tauride, Hermann et Dorothée, Faust / Paul Stapfer,..."
            },
            {
                  "doc_url": "https://gallica.bnf.fr/ark:/12148/bpt6k7365183z",
                  "emotions": [
                        "grief",
                        "love",
                        "excitement",
                        "gratitude",
                        "faith"
                  ],
                  "excerpt": "Se plonger , se baigner dans la fraîcheur des feuilles Sur des ailes de brise au cœur du riche été , Se mouiller aux bouquets de roses que tu cueilles , Boire l ' immense azur tout vibrant de clarté .Et d ' effluve emplissant ma pensée au front ivre Aujourd ' hui de la vie ardente et de ta chair Je suis avec l ' émoi de toi - même , et de vivre Sous ce ciel transparent plus profond qu ' une mer .Et trempée éperdue en des touffes d ' arôme Mon âme éparse dort parmi le jour pareil Sur l ' herbe à ton corps pur qu ' une moiteur embaume Et qui fait en bougeant trembler tout le soleil .",
                  "id": "12",
                  "title": "Le Dard : organe des étudiants : paraissant le jeudi"
            },
            {
                  "doc_url": "https://gallica.bnf.fr/ark:/12148/bpt6k5651156v",
                  "emotions": [
                        "love",
                        "embarrassment"
                  ],
                  "excerpt": "76 CHANSONS DU SIÈCLE DERNIER II Lorsque tes yeux seront fermes , Je veillerai près de ta couche , Très doucement posant ma bouche Sur ces doux soleils enfermes , Guettant le rêve qui , plus vite , Fait bondir les coeurs désarmés Contre la peur que nul n ' évite .III Et lorsque tu les rouvriras Tes yeux , fleurs aux parfums de flamme , J ' y verrai refléter ton âme Toute nue et sans embarras ; Papillon qui se renouvelle , Mon baiser , tu l ' accueilleras Sur ta lèvr ecn l ' aube nouvelle .22 Mai 1896 .",
                  "id": "13",
                  "title": "Chansons du siècle dernier / Edmond Teulet ; préface de M. Jules Claretie,..."
            },
            {
                  "doc_url": "https://gallica.bnf.fr/ark:/12148/bpt6k5651156v",
                  "emotions": [
                        "love",
                        "embarrassment"
                  ],
                  "excerpt": "Et je guettai d ' abord la rose impératrice .III Je la vis s ' éveiller toute au premier rayon Descendant \" du ciel bleu sur sa lèvre embaumée ; Je la vis se donnant toute et rester pâmée Sous le premier baiser du premier papillon Que la brise apporta sur sa lèvre embaumée .IV Le soir vint lentement , la rose s ' éteignit ; Le papi 1 lon sans coeur voulut s ' en fuir , presque ivre ; Alors je l ' épinglai sur le feuillet d ' un livre , Je ramassai la rose effeuillée .",
                  "id": "14",
                  "title": "Chansons du siècle dernier / Edmond Teulet ; préface de M. Jules Claretie,..."
            },
            {
                  "doc_url": "https://gallica.bnf.fr/ark:/12148/bpt6k58224919",
                  "emotions": [
                        "love"
                  ],
                  "excerpt": "M .Deschamps ( d ' Avallon ) conseille de la pénétrer des principes odorants et résineux des bourgeons des peupliers ou du benjoin .11 assure qu ' elle se conserve ainsi plusieurs années .",
                  "id": "15",
                  "title": "Éléments de zoologie médicale, contenant la description des animaux utiles à la médecine et des espèces nuisibles à l'homme... par A. Moquin-Tandon,..."
            },
            {
                  "doc_url": "https://gallica.bnf.fr/ark:/12148/bpt6k5773293w",
                  "emotions": [
                        "love"
                  ],
                  "excerpt": "11 sera tonique et reconstituant dans certains cas ; d ' autres fois , il aura à combattre des troubles gastro - intestinaux .Presque toujours , il y aura avantage à soumettre les malades , au moins pendant un certain temps , à l ' emploi des antiseptiques du tube digestif : on sait , en effet , que les fermentations dont celui - ci est le siège favorisent singulièrement le développement et la persistance des affections suppuratives du tégument ; les travaux du professeur Bouchard et de ses ' - élèves ont sùffisam - : - ' ; : ; ALOPÉCIES INNOMINÉES .169 nient établi ce fait pour que , dans dès affections dont la pathogénie est aussi mal déterminée que celle des alopécies innommées , on ne néglige pas cette indication , si théorique qu ' elle soit .",
                  "id": "16",
                  "title": "Thérapeutique des maladies de la peau. Tome 2 / par le Dr Georges Thibierge,..."
            },
            {
                  "doc_url": "https://gallica.bnf.fr/ark:/12148/bpt6k5773293w",
                  "emotions": [
                        "love"
                  ],
                  "excerpt": "A côté des lésions généralisées des téguments consécutives à des dermatoses anciennes et graves ( herpétides exfoliatrices malignes de Bazin ) , on y range des affections primitives à marche subaiguë ou chronique , connues sous le nom d ' érythèmes scarlatiniformes desquamatifs , la dermatite exfoliatrice généralisée d ' E ., Wilson , la dermatite exfoliatrice des nouveau - nés , et l ' affection à laquelle .! \" L ' huile de cade est certainement un excellent mév dicament antipsoriasique , elle peut être employée .",
                  "id": "17",
                  "title": "Thérapeutique des maladies de la peau. Tome 2 / par le Dr Georges Thibierge,..."
            },
            {
                  "doc_url": "https://gallica.bnf.fr/ark:/12148/bpt6k6144343k",
                  "emotions": [
                        "love"
                  ],
                  "excerpt": "Type charmant et incapable de nuire , si elle n ' est pas alliée à Mercure .Vénus embellit l ' existence par l ' amour , comme elle charme les yeux par la perfection des formes et par la beauté qu ' elle rend plus attrayante encore par les bijoux , les fleurs et les parfum ? .C ' est la planète consolatrice , c ' est la planète qui donne la perfection aux artistes en leur donnant l ' âme et la forme .",
                  "id": "18",
                  "title": "Révélations complètes : chiromancie, phrénologie, graphologie, études physiologiques, révélations du passé, connaissance de l'avenir / A. D. Desbarolles"
            },
            {
                  "doc_url": "https://gallica.bnf.fr/ark:/12148/bpt6k58494644",
                  "emotions": [
                        "love",
                        "gratitude",
                        "caring",
                        "faith"
                  ],
                  "excerpt": "Notre Ame avec extase , au jour mourant , écoute Dans un dernier soupir chanter l ' orgue pieux .Pour soulager le mal qui brise ma poitrine , Avec amour vers moi le bel ange s ' incline Comme un palmier d ' Eden au souffle du zéphir ; Puis , sa lèvre de rose entrouvrant sa corolle , ' Le parfum s ' en exhale , et sa douce parole Coule au fond de mon coeur qui cesse de souffrir : « Enfant ! dit - il , pourquoi perdre ainsi l ' espérance ? Crois moi , le ciel encor peut guérir ta souffrance : Je viens te consoler ; lève toi , ne crains rien .Le cri de tes douleurs a frappé mon oreille ; Et , par l ' ordre de Dieu , sur toi toujours je veille ; Je suis l ' ange gardien .",
                  "id": "19",
                  "title": "Un Rêve, ou l'Ange gardien (par A. Caron)"
            },
            {
                  "doc_url": "https://gallica.bnf.fr/ark:/12148/bpt6k5696486p",
                  "emotions": [
                        "love",
                        "envy",
                        "amusement"
                  ],
                  "excerpt": "Point de fauteuils ; de hauts coussins sur un tapis de velours .Et il y avait tant de chatteries sensuelles dans le frôlement des tentures , de provocations amoureuses dans l ' enivrement de l ' ombre et des senteurs , de bonne fortune dans le désordre apparent des coussins , qu ' une femme , et la plus froide du monde , étant en ce boudoir , même avec son mari , n ' en fût sortie que la robe froissée et les cheveux dérangés .Aux coins de la cheminée s ' accrochaient deux mules de satin d ' une exiguïté féerique .",
                  "id": "20",
                  "title": "Histoires d'amour, par Catulle Mendès"
            }
      ]
}