{
      "articles": [
            {
                  "doc_url": "https://gallica.bnf.fr/ark:/12148/bpt6k5425729z",
                  "emotions": [
                        "joy",
                        "love",
                        "nostalgia",
                        "courage",
                        "excitement",
                        "gratitude",
                        "faith"
                  ],
                  "excerpt": "Celles - ci font fluer et d ' amont et d ' aval , A petits pas , et mis ainsi que des notaires , Narine palpitante aux effluves du val , Fermiers et métayers qui causent de leurs terres .Sur le chemin montant de l ' église , l ' odeur Du vaporeux printemps me fait tourner la tête : J ' en pleurerais de joie et d ' amour , si mon coeur Orgueilleux n ' avait peur de paraître trop bête ! Mais voici qu ' au jardin de Monsieur le Curé , Ma cousine , en passant , une rose butine ; Jésus de tant d ' audace en est transfiguré ; Jeannette m ' a jeté la rose purpurine .Les cloches dans la tour ont fini de sonner .",
                  "id": "1",
                  "title": "Poésie : cahiers mensuels illustrés / Octave Charpentier, rédacteur en chef"
            },
            {
                  "doc_url": "https://gallica.bnf.fr/ark:/12148/bpt6k5425729z",
                  "emotions": [
                        "love",
                        "desire",
                        "gratitude",
                        "faith"
                  ],
                  "excerpt": "ROBERT - PAUL VICTOR , POÉSIE 64 VOLUPTAS Venez à moi je suis tout l ' Univers De mes cheveux d ' or fauve De mes regards et de mes doigts savants naît un charme de [ volupté .Venez vers moi car je suis le monde entier Ma couche exale la senteur des roses Elle promet un doux breuvage d ' ivresse Que répand mon corps d ' albâtre dans sa caresse Ne me demandez pas de l ' amour Car devant vous je ne saurai fléchir un jour Que vos paroles les emporte le vent .Moi je possède des désirs sauvages Et vos coeurs d ' amoureux Je voudrais les mordres avec rage Avec mes blanches dents Puis comme des amandes les croquant En exprimer tout leur sang .",
                  "id": "2",
                  "title": "Poésie : cahiers mensuels illustrés / Octave Charpentier, rédacteur en chef"
            },
            {
                  "doc_url": "https://gallica.bnf.fr/ark:/12148/bpt6k5425729z",
                  "emotions": [
                        "love",
                        "desire",
                        "nostalgia"
                  ],
                  "excerpt": "Quand vous dressez votre taille Sur vos mignons petits pieds , Je voudrais , pour que vous aille Mieux encor l ' air de bataille , Que sur mon coeur , vous marchiez .POESIE 52 ÊÉ Quand la cigarette ambrée Parfume l ' air de miel roux , Je voudrais , mon adorée , A votre lèvre pourprée , Comme elle , expirer pour vous .EDMOND SYLVAIN .",
                  "id": "3",
                  "title": "Poésie : cahiers mensuels illustrés / Octave Charpentier, rédacteur en chef"
            },
            {
                  "doc_url": "https://gallica.bnf.fr/ark:/12148/bpt6k5425729z",
                  "emotions": [
                        "love",
                        "nostalgia",
                        "relief",
                        "calmness",
                        "disappointment"
                  ],
                  "excerpt": "Un ruban de fumée anime la colline ; j ' entends au loin , déjà , le vieux clocher plaintif Jeter au vent du soir sa noie cristalline .Il flotte , dans l ' air doux , comme un regret d ' automne , Sur cet apaisement , plane un parfum d ' amour ..",
                  "id": "4",
                  "title": "Poésie : cahiers mensuels illustrés / Octave Charpentier, rédacteur en chef"
            },
            {
                  "doc_url": "https://gallica.bnf.fr/ark:/12148/bpt6k5425729z",
                  "emotions": [
                        "love"
                  ],
                  "excerpt": ".POÉSIE 191 L ' aube épanche un nectar qui nous force d ' aimer : Mais on n ' y goûte pas avec des lèvres closes ; Et je sais des jardins et des âmes sans roses Où l ' avril n ' a pas eu la douceur d ' embaumer ..",
                  "id": "5",
                  "title": "Poésie : cahiers mensuels illustrés / Octave Charpentier, rédacteur en chef"
            },
            {
                  "doc_url": "https://gallica.bnf.fr/ark:/12148/bpt6k5425729z",
                  "emotions": [
                        "love",
                        "desire",
                        "nostalgia"
                  ],
                  "excerpt": ".Sans doute parce que les roses parfument les amours écloses sur la bouche où mord le désir .Et peut - être bien que les fièvres du fruit charnu de rouges lèvres s ' évoquent à son souvenir .",
                  "id": "6",
                  "title": "Poésie : cahiers mensuels illustrés / Octave Charpentier, rédacteur en chef"
            },
            {
                  "doc_url": "https://gallica.bnf.fr/ark:/12148/bpt6k5425729z",
                  "emotions": [
                        "love",
                        "nostalgia",
                        "caring"
                  ],
                  "excerpt": ".— je t ' aime , Hanem , j ' aime ta jeunesse radieusement éclose au Soleil , et je viens t ' offrir , en toute tendresse , ces premiers parfums de fleurs du Réveil ! ..",
                  "id": "7",
                  "title": "Poésie : cahiers mensuels illustrés / Octave Charpentier, rédacteur en chef"
            },
            {
                  "doc_url": "https://gallica.bnf.fr/ark:/12148/bpt6k548752",
                  "emotions": [
                        "admiration",
                        "joy",
                        "love",
                        "nostalgia",
                        "gratitude",
                        "envy"
                  ],
                  "excerpt": "Toutes tes poétisées Qui m ' ont souri sans tendresse Ont encadré dans tes croisées Leurs fiertés ou leurs morbidesses Toutes , sous le portique ou ! a brise pleure .Ont eMeuré du parfum de leurs cheveux Tes flottantes glycines frôteuses Et leurs yeux barbares et doux , De regards dont les gemmes se veloutent , Enrichirent tes reflets précieux que roule Le torrent fastueux qui se calme en rivière .Tes chambres où rêve une lumière Mélancolique d ' aigue - marine Gardent la trémeur de l ' accent Prédestine , charmeusement chagrin De leurs spleens comme crépusculaires qui chantent Les étoffes aux tons agonisants , La tiédeur suave et satinée De leurs mains distraitement câlines Et tes meubles bas d ' un rythme de paresse Harmonieusement assouplis , La courbe de leurs poses lassées .",
                  "id": "8",
                  "title": "Hiers bleus : poésies / John-Antoine Nau,..."
            },
            {
                  "doc_url": "https://gallica.bnf.fr/ark:/12148/bpt6k6470872b",
                  "emotions": [
                        "love",
                        "nostalgia"
                  ],
                  "excerpt": "A la femme .Vous en savez plus long ! Un esclave m ' a dit Qu ' en ce bosquet , à l ' heure où le ciel s ' attiédit , Sous ces lauriers en fleur dont le parfum nous donne La douce quiétude où l ' âme s ' abandonne , Occupés d ' échanger les longs épanchements De vos jeunes cœurs , pleins des mêmes sentiments , Vous avez causé , seuls , ensemble , plus d ' une heure .LA FEMME .",
                  "id": "9",
                  "title": "Poèmes dramatiques, par Éliacen Greeves"
            },
            {
                  "doc_url": "https://gallica.bnf.fr/ark:/12148/bpt6k6470872b",
                  "emotions": [
                        "love",
                        "nostalgia",
                        "gratitude"
                  ],
                  "excerpt": "Demain peut - être elle nous oubliera .Nous dormirons lorsque l ' aube vermeille L ' éveillera ! Que tous nos jours s ' écoulent comme l ' onde Qui sous tes doigts jailliL en diamants , Et chaque nuit ouvre - moi , chère blonde ! Tes bras charmants ! De ses parfums ta jeunesse m ' enivre ; La brise tiède a dévoilé ton cou ; Ton sein de marbre à mes baisers se livre Et me rend fou ! Ma voix s ' éteint , ma coupe est épuisée ; Près de ton cœur berce - moi jusqu ' au jour , Eu me laissant sur ta bouche rosée Boire l ' amour ! .ANNI IÎALE .",
                  "id": "10",
                  "title": "Poèmes dramatiques, par Éliacen Greeves"
            },
            {
                  "doc_url": "https://gallica.bnf.fr/ark:/12148/bpt6k6470872b",
                  "emotions": [
                        "joy",
                        "grief",
                        "love",
                        "nostalgia",
                        "gratitude",
                        "caring"
                  ],
                  "excerpt": "Atm , quand je la vois , le front de pleurs trempé , Se traîner à genoux , et se cachant la face , Me crier : 0 ma sœur , je t ' aime ! fais - moi grâce ! Puis - je la repousser ? dis ! IIATTISTA .Enfant bien - aimé ! Quand passe celte femme au voile parfumé .Où son pied a touché , la corruption germe ! Et tu ne comprends pas qu ' épouvanté je ferme Ma maison devant elle , et j ' enveloppe ainsi Mon trésor dans mes bras et sur mon cœur transi .",
                  "id": "11",
                  "title": "Poèmes dramatiques, par Éliacen Greeves"
            },
            {
                  "doc_url": "https://gallica.bnf.fr/ark:/12148/bpt6k662931",
                  "emotions": [
                        "love"
                  ],
                  "excerpt": "Le précaire exagère la volupté .L ' objectivité de l ' amour accrott le romanesque ! Les lèvres d ' Armande humectaient ses cheveux .Elle lui releva la tête .",
                  "id": "12",
                  "title": "Gisèle Chevreuse : roman / Eugène Vernon"
            },
            {
                  "doc_url": "https://gallica.bnf.fr/ark:/12148/bpt6k662931",
                  "emotions": [
                        "love"
                  ],
                  "excerpt": "La légèreté des paysages de l ' Me de France , lapàleur de ses collines , la délicatesse de s \" s teintes ne détournaient pas sa pensée de Gisèle Chevreuse .Le goût des lèvres de Gisèle avait scellé son âme à la sienne .Colette Sureau moisissait entre les tours de Gisors .",
                  "id": "13",
                  "title": "Gisèle Chevreuse : roman / Eugène Vernon"
            },
            {
                  "doc_url": "https://gallica.bnf.fr/ark:/12148/bpt6k662931",
                  "emotions": [
                        "love",
                        "caring",
                        "approval"
                  ],
                  "excerpt": "Mon chéri , lui dit - elle tout bas , m ' aimes - tu moins ? ~ ` Tu m ' es plus précieuse que jamais .Pourraisje te tromper ? J ' adore le parfum de ta tendresse .Armande sourit dans sa mantille .",
                  "id": "14",
                  "title": "Gisèle Chevreuse : roman / Eugène Vernon"
            },
            {
                  "doc_url": "https://gallica.bnf.fr/ark:/12148/bpt6k662931",
                  "emotions": [
                        "joy",
                        "love",
                        "gratitude",
                        "caring"
                  ],
                  "excerpt": "Son poignet était ) e plus nn , le plus délié qui fut .Elle était parfumée d ' amour .Elle lui disait Tu ne m ' aimes pas assez .",
                  "id": "15",
                  "title": "Gisèle Chevreuse : roman / Eugène Vernon"
            },
            {
                  "doc_url": "https://gallica.bnf.fr/ark:/12148/bpt6k662931",
                  "emotions": [
                        "love"
                  ],
                  "excerpt": "Pierre fumait des cigarettes dans un fauteuil à bascule .La nuit se veloutait de parfums , ils respiraient dans ! a brise , dans l ' odeur de la terre et des tilleuls les caresses de l ' amour .Armande avait renoncé facilement au ! uxe .",
                  "id": "16",
                  "title": "Gisèle Chevreuse : roman / Eugène Vernon"
            },
            {
                  "doc_url": "https://gallica.bnf.fr/ark:/12148/bpt6k5492151q",
                  "emotions": [
                        "love",
                        "nostalgia",
                        "gratitude",
                        "calmness"
                  ],
                  "excerpt": "— 72 — X APRÈS L ' ESPÉRANCE Tu dis que maintenant l ' ennui ronge tes jours , Et qu ' au gouffre où se perd tôt ou tard chaque chose , Tu les vois s ' écouler sans que ton regard ose , Tant ils sont froids et noirs , interroger leur cours .Tu dis qu ' il te souvient du beau temps des amours , Que ton coeur a gardé le parfum de la rose , Et que pas un doux songe à ton front ne se pose , A ton front dont nul pli n ' a flétri les contours .Mais sais - tu qu ' une plante aux champs du ciel ravie Croît aux bords dévastés de la plus morne vie ; Qu ' elle ne connaît pas de matin ni de soir ; Que le torrent l ' arrose et que l ' éclair la dore ; Que , les printemps enfuis , elle fleurit encore , Et que , l ' espoir éteint , il reste le devoir ? Angers , 1840 .",
                  "id": "17",
                  "title": "Sonnets et poèmes , par Edmond Arnould,... avec une préface de M. Saint-Marc-Girardin,... suivie d'une introduction (par Arthur Arnould)"
            },
            {
                  "doc_url": "https://gallica.bnf.fr/ark:/12148/bpt6k5492151q",
                  "emotions": [
                        "joy",
                        "love",
                        "optimism",
                        "relief",
                        "calmness",
                        "amusement"
                  ],
                  "excerpt": "— 280 — 7 « Arbre sacré ! Sans , toi nous dormirions encore ! Je te vis un matin .Tout riait , ranimé , Et le soleil dans l ' air limpide et parfumé , Et les nids amoureux dans la forêt sonore .Le long de tes rameaux humectés par l ' aurore , Tes fruits s ' offraient si doux à mon regard charmé Que , prise tout à coup d ' un désir , enflammé , J ' étanchai dans leur chair une soif qui dévore .",
                  "id": "18",
                  "title": "Sonnets et poèmes , par Edmond Arnould,... avec une préface de M. Saint-Marc-Girardin,... suivie d'une introduction (par Arthur Arnould)"
            },
            {
                  "doc_url": "https://gallica.bnf.fr/ark:/12148/bpt6k5492151q",
                  "emotions": [
                        "love",
                        "gratitude",
                        "caring"
                  ],
                  "excerpt": "Douces fleurs de l ' amour , pour l ' âme qui combat Epanouissez - vous avec tout votre éclat , Croissez comme au printemps , fortes , jeunes et belles ! Afin qu ' elle revive et se repose un jour , Dans cette âme livrée aux luttes éternelles .Versez tous vos parfums , douces fleurs de l ' amour .Septembre 1848 .",
                  "id": "19",
                  "title": "Sonnets et poèmes , par Edmond Arnould,... avec une préface de M. Saint-Marc-Girardin,... suivie d'une introduction (par Arthur Arnould)"
            },
            {
                  "doc_url": "https://gallica.bnf.fr/ark:/12148/bpt6k6209916f",
                  "emotions": [
                        "grief",
                        "love",
                        "nostalgia",
                        "gratitude",
                        "disappointment"
                  ],
                  "excerpt": "PÉNÉLOPE Oui , Hélène a motivé ta vie et ma vie ; si elle nous unit , c ' est elle qui nous a séparés : nous n ' avons eu qu ' un printemps de joie .ULYSSE De son parfum , nous aurons vécu , Pénélope ; le mirage qui m ' a ramené vers toi fut l ' image réelle de ma jeunesse .PÉNÉLOPE Ta haute encolure au cadre de la porte , au matin , quand , de ma couche , me soulevant , je suivais , d ' un regard encore brumeux de sommeil , ton départ matinal vers les métairies , a barré mon seuil et protégé mon foyer ; mais l ' attente fut longue et tumultueuse .",
                  "id": "20",
                  "title": "Voix d'Ionie ; précédées de quelques poèmes (2e édition) / Francis Vielé-Griffin"
            }
      ]
}