{
      "articles": [
            {
                  "doc_url": "https://gallica.bnf.fr/ark:/12148/bpt6k9669738k",
                  "emotions": [
                        "love",
                        "nostalgia"
                  ],
                  "excerpt": "« Elle tenait presque à vous blesser d ' abord le cœur « pour se donner ensuite le plaisir et le miracle de vous « guérir .Elle était vraiment magicienne à convertir « insensiblement l ' amour en amitié , en laissant à « celle - ci toute la fleur , tout le parfum du premier « sentiment .Elle aurait voulu tout arrêter en avril .",
                  "id": "1",
                  "title": "Sainte-Beuve et le dix-neuvième siècle : cours professé à la Société des conférences / André Bellessort"
            },
            {
                  "doc_url": "https://gallica.bnf.fr/ark:/12148/bpt6k5510439q",
                  "emotions": [
                        "love",
                        "nostalgia"
                  ],
                  "excerpt": "Si le peintre s ' attacha à lui , c ' est que son talent répondait par certains contours au genre de beauté qu ' il aimait .Dans son volume de vers , il y a des émanations de soupe aux choux , des fermentations de vendanges et des refrains ruraux qui prirent au coeur l ' enfant positif d ' Ornans .— C ' est du Téniers , avec un bonheur d ' expression , une justesse de ton du plus grand effet .",
                  "id": "2",
                  "title": "Courbet, souvenirs intimes / Gros-Kost ; illustré de dessins originaux hors texte par Bigot, Boissy,..."
            },
            {
                  "doc_url": "https://gallica.bnf.fr/ark:/12148/bpt6k109105v",
                  "emotions": [
                        "love"
                  ],
                  "excerpt": "Des lilas l ' arome m ' enivre ! Il me rappelle l ' heureux temps Où , quand je commençais à vivre , J ' allais en cueillir au printemps , Plein mes petits bras , pour ma mère ; Et j ' étais si sûr de lui plaire Que fier j ' attendais son retour .Je profitais de son absence ; Et j ' avais , pour ma récompense , Un baiser parfumé d ' amour .Fleurs , parfums de ce temps prospère , O frais lilas , qu ' elle aimait tant ! A toutes fleurs je vous préfère .",
                  "id": "3",
                  "title": "Les poésies d'Auguste de Châtillon (3e éd. très augm.) / [préf. par Théophile Gautier]"
            },
            {
                  "doc_url": "https://gallica.bnf.fr/ark:/12148/bpt6k109105v",
                  "emotions": [
                        "admiration",
                        "love",
                        "nostalgia",
                        "gratitude",
                        "approval"
                  ],
                  "excerpt": "Je profitais de son absence ; Et j ' avais , pour ma récompense , Un baiser parfumé d ' amour .Fleurs , parfums de ce temps prospère , O frais lilas , qu ' elle aimait tant ! A toutes fleurs je vous préfère .Et quel fils n ' en dirait autant ' r Dans l ' ordre de la Providence , Tour est mystérieux , immense .",
                  "id": "4",
                  "title": "Les poésies d'Auguste de Châtillon (3e éd. très augm.) / [préf. par Théophile Gautier]"
            },
            {
                  "doc_url": "https://gallica.bnf.fr/ark:/12148/bpt6k109105v",
                  "emotions": [
                        "admiration",
                        "love",
                        "gratitude"
                  ],
                  "excerpt": "Si je dis mal , c ' est dommage Mais plus tard je dirai mieux .La fleur la plus parfumée , Prise à la senteur des monts , Nous semble moins embaumée Que la femme où nous aimons .Sur l ' herbe que chacun fuule Nous distinguerions , je crois , La place où , parmi la foule , Son pied s ' est posé parfois .",
                  "id": "5",
                  "title": "Les poésies d'Auguste de Châtillon (3e éd. très augm.) / [préf. par Théophile Gautier]"
            },
            {
                  "doc_url": "https://gallica.bnf.fr/ark:/12148/bpt6k5619985q",
                  "emotions": [
                        "joy",
                        "grief",
                        "love",
                        "excitement",
                        "nervousness",
                        "pain"
                  ],
                  "excerpt": "Dans les deux loges où s ' isolaient les privilégiés , je remarquai quelques femmes d ' une noble et élégante beauté .Je sentis courir sur ma tête une chaude haleine : je devinai la chanteuse , qui s ' inclinait près de mon épaule : » — Tu es , murmura - t - elle , le mari , l ' oncle ou ENTRE CHIEN ET LOUP .45 le frère de la Belle au bois dormant .",
                  "id": "6",
                  "title": "Entre chien et loup, par A. de Pontmartin"
            },
            {
                  "doc_url": "https://gallica.bnf.fr/ark:/12148/bpt6k58141476",
                  "emotions": [
                        "love"
                  ],
                  "excerpt": "Le traitement local consistera dans _ un attouchement léger avec lé crayon de nitrate d ' argent ou une solution de nitrate d ' argent au 1 / 40 .On renouvellera le pansement aseptique tous les jours et on n ' oubliera pas que l ' origine de ces manifestations est presque toujours dans une affection nasale qu ' il faudra traiter par des lavages ^ des préparations mentholées ou résorcinées , etc .S ' il y a un abcès au - dessous 24 SYMPTOMES ET MALADIES DE LA RÉGION SOURCILIÈRE du placard impétiginëux , on pratiquera une incision horizontale , parallèle au sourcil , pour évacuer largement le pus , puis on fera un pansement aseptique à plat .",
                  "id": "7",
                  "title": "Précis d'ophtalmologie / par le Dr V. Morax,..."
            },
            {
                  "doc_url": "https://gallica.bnf.fr/ark:/12148/bpt6k5695827w",
                  "emotions": [
                        "love",
                        "desire",
                        "excitement"
                  ],
                  "excerpt": "Jadis , au temps des Musettes et des Frétillons , l ' étudiant allait à pied , par les chemins creux , se promener dans les bois ; dans les véritables bois de la véritable campagne du bon Dieu .On s ' égarait en plein soleil , pour ramasser la marguerite , cette gentille bohémienne qui donne la bonne aventure aux amoureux ; on se perdait en pleine ombre , pour cueillir la violette , cette humble brunette qui cache son parfum sous le gazon pour le garder plus pur , plus frais et le conserver tout entier à ses jeunes amis .— Aujourd ' hui , au temps des jockeys étiques et des poupées de carton , l ' étudiant va en voiture , par les grands boulevards , se promener au bois ; un 188 EVARISTE PLAUCHU bois propret , sablé , découpé , taillé et arrangé comme un décor d ' Opéra .",
                  "id": "8",
                  "title": "Évariste Planchu, moeurs vraies du quartier-latin / Marius Roux"
            },
            {
                  "doc_url": "https://gallica.bnf.fr/ark:/12148/bpt6k5540992n",
                  "emotions": [
                        "love",
                        "nostalgia",
                        "doubt",
                        "faith"
                  ],
                  "excerpt": "I Si l ' amour est une souffrance , C ' est aussi la félicité ; Lui seul ranime l ' espérance Et console un coeur attristé .Jette les yeux sur la nature : N ' entends - tu pas l ' hymne d ' amour Que la terre entière murmure Et qui charme ce froid séjour ? 202 MA PHILOSOPHIE Reporte - les sur ta demeure : Ne sens - tu pas — souffle embaumé — L ' amour qui te veille à toute heure ? Aime donc , père bien - aimé ! II Si le bruit des chants d ' allégresse Vient parfois troubler notre coeur , Il est des chants pour la tristesse , Comme il en est pour la douleur .Dans le palais ou sous le chaume , Qui n ' a ressenti le bienfait De ces accords qui sont un baume Pour les blessures qu ' on nous fait I Tout chante , au ciel et sur la terre : L ' archange , la brise , l ' oiseau 1 Le poète ne peut se taire .",
                  "id": "9",
                  "title": "Les poèmes de ma vie : ma philosophie / Lucien Duc"
            },
            {
                  "doc_url": "https://gallica.bnf.fr/ark:/12148/bpt6k5540992n",
                  "emotions": [
                        "admiration",
                        "love",
                        "calmness",
                        "nervousness"
                  ],
                  "excerpt": "Toi qui caches sous l ' herbe , ô modeste fleurette , Ta corolle craintive aux si tendres accents , Emblème noble et doux , charmante violette , Tu signales enfin le retour du printemps ! Le pauvre laboureur , en te voyant , tressaille , Tu lui fais espérer d ' abondantes moissons , Tu réjouis sa vue et tu lui dis : Travaille , Afin que le Seigneur te comble de ses dons ! L ' insecte au vol léger vient sucer ta corolle : Rien ne sert de cacher ton calice odorant , Ne vois - tu pas , ô fleur , que sur la brise folle S ' envole , malgré toi , ton parfum pénétrant ? LES BUCOLIQUES 235 , / WWWWrtW ^ AA ^ W ^ ^ ^ WA \\ W ^ Vy ^ ^ ^ ^ VWWVVWWAM ^ WlAAVWWW ^ A ^ C ' est ainsi que , toujours , l ' enfant pure et .craintive , Qui te prend pour modèle et te met A son sein , • Exhale son parfum et sa grâce naïve , Chaste émanation d ' un coeur toujours serein ! L ' oiseau recherche aussi ton charmant voisinage , Comme toi , la fauvette aime les frais ruisseaux , Elle aime A nous cacr .er son léger badinage Et son chant qui se mêle au murmure des eaux .",
                  "id": "10",
                  "title": "Les poèmes de ma vie : ma philosophie / Lucien Duc"
            },
            {
                  "doc_url": "https://gallica.bnf.fr/ark:/12148/bpt6k5540992n",
                  "emotions": [
                        "love",
                        "desire",
                        "nostalgia",
                        "disappointment"
                  ],
                  "excerpt": "Comprendras - tu , ma douce reine , De cette fleur » la tendre voix ? Son murmure est comme une haleine , Comme un frais zéphyr dans les bois .Ecoute bien ce doux murmure » Ouvre ton coeur à ses désirs , Car celte fleur de la nature Ne fait qu ' exhaler mes soupirs : 143 MA PHlLOSOPHfF .« Accueille - moi , vierge timide , « Comme un doux messager du coeur ; « Lève sur moi ton oeil hunnue , c Ton beau regard plein de douceur ! « Presse - moi bien sur ta poitrine , « Tu la sentiras s ' embraser , « Car de sa lèvre purpurine « J ' ai reçu le brûlant baiser , « Ah ! puisqu ' il t ' aime avec ivress , « Et qu ' il veut te jurer sa foi , < Pour lui dévoiler ta tendresse , « Ah ! de grâce , un regard de toi ! « Ne reste pas indifférente « A son amour comme à ses voeux , * Puisqu ' il pe vit que dans l ' attente « D ' un doux regard de tes yeux bleus ! » 1S73 .",
                  "id": "11",
                  "title": "Les poèmes de ma vie : ma philosophie / Lucien Duc"
            },
            {
                  "doc_url": "https://gallica.bnf.fr/ark:/12148/bpt6k9763008d",
                  "emotions": [
                        "admiration",
                        "love"
                  ],
                  "excerpt": "A ce colosse vaincu ont succédé deux charmantes miniatures , trop souvent dédaignées pour des plantes exotiques , insignifiantes et fort chères , que la mode , ce tyran auquel nous devons nous soumettre , nous oblige en quelque sorte à cultiver , par suite de la mystérieuse tendance qui pousse l ' homme vers l ' inconnu .C ' est l ' OEillet au riche coloris , à la forme élégante , au suave parfum ; c ' est la pensée , si merveilleuse parfois , toujours si belle , et dont les signes mystiques de ses pétales veloutés émeuvent doucement le cœur qui les peut comprendre .C ' est l ' OEillet , c ' est la Pensée , ces fleurs du premier ordre et pourtant de la petite culture , qui s ' épanouissent radieuses au soleil vivifiant de nos jardins , à l ' air tamisé du prisonnier ; qui demandent beaucoup , qui se contentent de peu , comme si Dieu , dans son infinie sagesse , les eût destinées à charmer toutes les conditions de la vie , à fournir , dans toutes les circonstances , un remède énergique à l ' homme contre ses infirmités .",
                  "id": "12",
                  "title": "Monographie du genre oeillet et principalement de l'oeillet flamand (2e éd. entièrement refondue) / par le Bon de Ponsort,..."
            },
            {
                  "doc_url": "https://gallica.bnf.fr/ark:/12148/bpt6k6535810x",
                  "emotions": [
                        "joy",
                        "love",
                        "optimism"
                  ],
                  "excerpt": "» Tout alla bien durant un an .L ' hiver , ma fille m ' écrivit de Paris des lettres toutes parfumées de bonheur .Vers la fin du dernier mois d ' avril , ils revinrent à ma maison , qui était plutôt à eux qu ' à moi .",
                  "id": "13",
                  "title": "Histoires romanesques / par Arsène Houssaye"
            },
            {
                  "doc_url": "https://gallica.bnf.fr/ark:/12148/bpt6k4221591p",
                  "emotions": [
                        "love",
                        "caring"
                  ],
                  "excerpt": "Ce baume est propre pour for - • tifier les nerfs , pour la paralysie , , l ’ apoplexie , la léthargie , les foulures et les rhumatismes .• I Employé quelquefois dans les affections humorales et pi lui - Baume de soufre tèrébenthiné .tranquille .",
                  "id": "14",
                  "title": "Manuel du pharmacien , par E.-J.-B. Bouillon-Lagrange,..."
            },
            {
                  "doc_url": "https://gallica.bnf.fr/ark:/12148/bpt6k9801483q",
                  "emotions": [
                        "grief",
                        "sadness",
                        "love",
                        "nostalgia",
                        "disappointment"
                  ],
                  "excerpt": "Encor quelques beaux jours qu ' a baisés de son aile Notre ardente jeunesse , en son rapide vol .Encor bien des soupirs , parfums d ' un cœur fidèle , Qui sont allés où vont les pleurs du rossignol ! Enfant démon amour , épouse de mon âme , Toi que tout bas je nomme à l ' écho du vallon ! Hélas ! les jours riants que dorait notre flamme S ' effeuillent ..",
                  "id": "15",
                  "title": "Feuilles Mortes : poésies. / Antoine Ougier"
            },
            {
                  "doc_url": "https://gallica.bnf.fr/ark:/12148/bpt6k9799237h",
                  "emotions": [
                        "love"
                  ],
                  "excerpt": "Ce sont des ANÉMONES .Comme la violette et le muguet , modestes comme eux mais ne possédant pas leur parfum , les anémones affectionnent les endroits largement ombragés ; c ' est dans les grands bois , sous les hauts arbres qu ' elles se plaisent à l ' état sauvage .Mais elles sont trop jolies pour qu ' on n ' aille pas les y trouver pour les éduquer , car non seulement leurs délicates nuances , leurs contours bien dessinés , mais aussi la grâce de leur port et la légèreté de leur feuillage souple , découpé en dents ' - de guipure , les font rechercher .",
                  "id": "16",
                  "title": "Fleurs, plantes, fruits : le monde végétal / texte, dessins et aquarelles de G. Fraipont ; avec une préface par André Theuriet,..."
            },
            {
                  "doc_url": "https://gallica.bnf.fr/ark:/12148/bpt6k9799237h",
                  "emotions": [
                        "love"
                  ],
                  "excerpt": "Essence poivrée ; l ' œillet .Doux arôme ; la violette .Le jasmin embaume , le réséda grise , le seringat donne la migraine ! .",
                  "id": "17",
                  "title": "Fleurs, plantes, fruits : le monde végétal / texte, dessins et aquarelles de G. Fraipont ; avec une préface par André Theuriet,..."
            },
            {
                  "doc_url": "https://gallica.bnf.fr/ark:/12148/bpt6k9799237h",
                  "emotions": [
                        "love",
                        "doubt"
                  ],
                  "excerpt": ".Pourquoi , puisqu ' elles s ' aiment , ne pourraient - elles se le dire ? Le parfum qui se dégage d ' une fleur n ' est - il pas une déclaration amoureuse portée à une autre fleur ? Qu ' en savons - nous ? Lorsque les pétales craquettent , agités par le vent , qui nous prouve qu ' elles ne chuchotent pas entre elles de douces paroles ? ..",
                  "id": "18",
                  "title": "Fleurs, plantes, fruits : le monde végétal / texte, dessins et aquarelles de G. Fraipont ; avec une préface par André Theuriet,..."
            },
            {
                  "doc_url": "https://gallica.bnf.fr/ark:/12148/bpt6k9799237h",
                  "emotions": [
                        "love",
                        "nostalgia"
                  ],
                  "excerpt": ".Les amoureux groupent les fleurs suivant les souvenirs qu ' elles rappellent , fleurs cueillies ensemble , fleurs dont le parfum plaisait à la femme aimée ! ..",
                  "id": "19",
                  "title": "Fleurs, plantes, fruits : le monde végétal / texte, dessins et aquarelles de G. Fraipont ; avec une préface par André Theuriet,..."
            },
            {
                  "doc_url": "https://gallica.bnf.fr/ark:/12148/bpt6k58290505",
                  "emotions": [
                        "love"
                  ],
                  "excerpt": "Les feuilles * , seules employées , sont inodores , obovales , coriaces , assez analogues à celles du buis .Elles ont eu une grande réputation comme diurétiques dans les affections muqueuses chroniques de la vessie ; elles la mériteraient autant comme astringentes .On les dit obstétricales .",
                  "id": "20",
                  "title": "L'Officine, ou Répertoire général de pharmacie pratique... par Dorvault,..."
            }
      ]
}