{
      "articles": [
            {
                  "doc_url": "https://gallica.bnf.fr/ark:/12148/bpt6k5436459n",
                  "emotions": [
                        "love",
                        "excitement",
                        "gratitude"
                  ],
                  "excerpt": "des guipures ! Nous nous sommes assis tout auprès du moulin , — Un enfant qui passait sourit d ' un air malin , — Nous nous sommes assis , tous deux l ' âme contente .Sa lèvre , ce doux fruit dont la saveur me tente , S ' cntr ' ouvrait fraîche et rose et laissait voir ses dents .Sur la route mal engageante Où me conduit un dieu jaloux , Je penserai souvent à vous , La gracieuse et l ' indulgente .",
                  "id": "1",
                  "title": "Les flèches d'or : poésies / par Albert Glatigny"
            },
            {
                  "doc_url": "https://gallica.bnf.fr/ark:/12148/bpt6k5469367m",
                  "emotions": [
                        "love"
                  ],
                  "excerpt": "— Les accidents vésaniques ont succédé à des désordres physiques considérables qui ont brusquement cessé , dès qu ' apparut la folie ; cette sorte d ' alternance est remarquable .Des hallucinations de l ' ouïe , donnant naissance à des idées de persécution et à la perversion des sentiments affectifs , des hallucinations de l ' odorat , l ' érotisme habituel à la ménopause , tels sont , avec l ' hérédité ( père cérébral ) , les principaux caractères de cette observation .OBSERVATION XVII ( personnelle ) .",
                  "id": "2",
                  "title": "De la folie à la ménopause / par Henri Guimbail,..."
            },
            {
                  "doc_url": "https://gallica.bnf.fr/ark:/12148/bpt6k111390q",
                  "emotions": [
                        "grief",
                        "love",
                        "desire",
                        "excitement",
                        "gratitude"
                  ],
                  "excerpt": "Un poëte exhalant sa coupable prière .Oh que j ' aime à te voir dans l ' urne d ' un tombeau , Bleuâtre et pétulant , chercher la goutte d ' eau ( lue la mort te gardait dans la coupe brisée , Où , comme dans un mur , sur quelque chaume gris , Se dressent vers le ciel les lancés de l ' iris , Supportant à leur tour une coupe glacée Grêle , flexible , élancé , le jasmin Sur un fond vert détache sa fleur blanche , Coupe d ' albâtre et vasque de satin , Dont une odeur amoureuse s ' épanche .A la cueillir il invite la main ; Vers le passant il allonge sa branche ; De ses rameaux si la vierge le tranche , 11 est heureux il meurt sur un beau sein .",
                  "id": "3",
                  "title": "Le poëme des heures / Alfred Busquet"
            },
            {
                  "doc_url": "https://gallica.bnf.fr/ark:/12148/bpt6k6108896k",
                  "emotions": [
                        "admiration",
                        "grief",
                        "love",
                        "nostalgia",
                        "gratitude",
                        "calmness"
                  ],
                  "excerpt": ", Bocage qu ' embellit le feuillage des .chênes , Harmonieux oiseaux qui , par vos douces voix , Confiez vos amours aux échos de nos bois ; Poétiques forêts , séjour pur , solitaire , Où régne le repos , où règne le mystère ; Verts et riants bosquets , délicieux gazons , Que Flore chaque jour embellit de ses dons ; Accueillez mes adieux , c ' en est fait , je vous laissé ! Mes yeux ont vu Paris , Paris fait mon ivresse ! Paris offre l ' aspect d ' un temple où l ' univers Vient brûler un encens qui parfume les airs .Là , la pompe du SACRE et sa magnificence Des flots d ' admirateurs conduit la foule immense .",
                  "id": "4",
                  "title": "Essais poétiques des élèves de l'institution de M. Worms, à Bordeaux"
            },
            {
                  "doc_url": "https://gallica.bnf.fr/ark:/12148/bd6t5373949p",
                  "emotions": [
                        "admiration",
                        "love",
                        "gratitude"
                  ],
                  "excerpt": "Zéphire , tendre et badin , Près d ’ elle soupire .Dans ces amoureuses fleurs Quelles brillantes couleurs ! Quelles suaves odeurs Dans l ’ air qu ’ on respire .17 .",
                  "id": "5",
                  "title": "Histoire des roses / par Charles Malo ; ornée de 12 pl. en coul. dessinées par Pancrace Bessa"
            },
            {
                  "doc_url": "https://gallica.bnf.fr/ark:/12148/bpt6k9770062j",
                  "emotions": [
                        "love"
                  ],
                  "excerpt": "Oh ! faites cela et je vous en serai reconnaissante ! Elle s ' était levée , enflammée par sa volonté d ' obtenir cet aquiescement .Elle était si proche de Jacques qu ' il respirait les parfums violents de ses cheveux .Il dit : — Je ferai mon possible , mais vous me répondez de ces hommes .",
                  "id": "6",
                  "title": "L'amour marié : roman espagnol / par Ernest Gaubert"
            },
            {
                  "doc_url": "https://gallica.bnf.fr/ark:/12148/bpt6k9609681k",
                  "emotions": [
                        "love"
                  ],
                  "excerpt": "LA VILLA Je connais les secrets des sentiers dans les pins .Je vois les amoureux fuir sous leur ombre douce , Echanger longuement des baisers sur la mousse , Et cueillir la jacinthe aux parfums énervants .Cela vaut bien les jeux de tes petits enfants ! LE CHALET J ' ai sous mon toit rustique , au nid toujours fidèles , Le babil égayant d ' un couple d ' hirondelles .",
                  "id": "7",
                  "title": "Les glaneuses : poèmes de Saintonge / Pierre Ardouin ; avec lettre-préface de Georges Gourdon"
            },
            {
                  "doc_url": "https://gallica.bnf.fr/ark:/12148/bpt6k57526831",
                  "emotions": [
                        "love"
                  ],
                  "excerpt": "Leurs oreilles se plaisent à entendre le chant des oiseaux et la voix des autres hommes .Le parfum des fleurs ne leur est pas ~ moins doux que la - aveur des fruits .En un mot , l ' homme est doué de sens qui lui font connaître les êtres et les choses qui existent autour de lui .",
                  "id": "8",
                  "title": "Leçons primaires de sciences physiques et naturelles : cours moyen... (Nouvelle édition) / par Ad. Focillon,..."
            },
            {
                  "doc_url": "https://gallica.bnf.fr/ark:/12148/bpt6k686672",
                  "emotions": [
                        "joy",
                        "love",
                        "excitement",
                        "caring",
                        "pain"
                  ],
                  "excerpt": "Its sont là soudés corps à corps ; elle sanglote de chaudes larmes de joie .Ses soins vierges , brûlants , arrondis , fermes , frappent à grands coups redoublés la poitrine d ' Henri , qui se sent défaillir de bonheur , enivré du parfum de ses effluves amoureuses .Sur ses cheveux d ' or , c ' est à peine s ' il s ' aventure à y déposer un baiser plein de restriction , gêné qu ' il est par la présence du patron .",
                  "id": "9",
                  "title": "La folie amoureuse contemporaine : roman / André Poey"
            },
            {
                  "doc_url": "https://gallica.bnf.fr/ark:/12148/bpt6k56028121",
                  "emotions": [
                        "admiration",
                        "joy",
                        "love",
                        "gratitude",
                        "curiosity",
                        "approval"
                  ],
                  "excerpt": "Ah I c ' est sur co triste rivage , Que s ' arrachant d ' entre mes bras , Mon fils , au printemps de son Age , Vola dans le sein des combats » — 265 — Plein de lu douleur qui l ' oppresse Ainsi chantait le bon vieillard ; Lorsque l ' objet de sa tendresse Tout - a - coup s ' offre à son regard : Dans les bras do ce tendre pôro S ' élance lo jeune guerrier ; Plus do pleurs , do douleur amèro Son retour les fait oublier .LE RÉSÉDA » Petite fleur ! Ta douce odeur Me plaît , m ' enchante * , O fleur charmante ? Viens sur mon coeur h Le frais zéphir te caresse , Et le papillon léger Près de toi voltige sans cesse Ton doux parfum sait les fixer ..",
                  "id": "10",
                  "title": "Fleurs d'Armorique : dédiées à Mme la Vtesse de Marigny, née de Chateaubriand / par Mlle ***, auteur des essais d'une lyre bretonne"
            },
            {
                  "doc_url": "https://gallica.bnf.fr/ark:/12148/bpt6k9662688z",
                  "emotions": [
                        "love"
                  ],
                  "excerpt": "Je ne suis pas moins positif en repoussant cette prétention tout - à - fait erronnée que l ' air renferme en soi , outre les odeurs suaves et rafraîchissantes , beaucoups d ' insectes vivans et morts ; car les objets v - ivans ne s ' y maintiendraient pas , puisque la nature ne leur donnerait pas de quoi subsister , et qu ' à la terre seule appartient cette faculté .Si des parties d ' insectes s ' y trouvaient enlevées et presque adhérentes , elles ne seraient arrivées là que par la puissance de l ' attraction , et j ' attribuerais à ces exhalaisons vaporeuses suspendues au - dessus de nos têtes , ces miasmes chauds , infects et morlJiliqucs .que rencontrent fréquemment ceux - qui font des voyages aérostatiques .",
                  "id": "11",
                  "title": "Les mille et une veilles, ou Pensées philosophiques. Tome 1 / par S.-L. Pionnier,..."
            },
            {
                  "doc_url": "https://gallica.bnf.fr/ark:/12148/bpt6k97376010",
                  "emotions": [
                        "love",
                        "gratitude"
                  ],
                  "excerpt": "Que vois - je ici ! Tout un peuple de frères , Groupés comme un bouquet aux brillantes couleurs ! Roses et lys , embaumez les parterres Vous n ' avez pas l ' encens de ces vivantes fleurs .0 fleurs d élite , à tant de cœurs si chères , Vous prêtez à ce jour vos parfums les meilleurs .Il est donc suave et charmant , Dans sa grâce parfaite , Il est donc suave et charmant , Votre parfum de fête , Belles noces ( ter ) de diamant .",
                  "id": "12",
                  "title": "Souvenir des noces d'or et des noces de diamant de M. l'abbé Batcave, chanoine honoraire, curé-doyen de Nay, célébrées le 27 novembre 1879 et le 27 novembre 1889"
            },
            {
                  "doc_url": "https://gallica.bnf.fr/ark:/12148/bpt6k9684634k",
                  "emotions": [
                        "love"
                  ],
                  "excerpt": "IV La cité s ' étoilait de lumières , farouches comme les pupilles dilatées des félins guettant leur proie dans la nuit , insultant aux diamants limpides dont le firmament constellait l ' azur immaculé de sa profondeur sereine .Là - haut , les pures clartés ; ici - bas , les feux sanglants de l ' orgie ; aux cieux , le chœur harmonieux des astres , vibrant d ' amour dans leur chasse à travers l ' incommensurable éther ; à Sedôm , l ' atmosphère lourde des aromates et des viandes , les exhalaisons fauves des êtres en rût , les chants profanes et lubriques , les ahans de volupté .Sur la lisière du camp , Naphis , irrésistiblement , fixait la cité .",
                  "id": "13",
                  "title": "Une idylle à Sedôm / Georges de Lys"
            },
            {
                  "doc_url": "https://gallica.bnf.fr/ark:/12148/bpt6k5455273g",
                  "emotions": [
                        "grief",
                        "love",
                        "nostalgia",
                        "gratitude"
                  ],
                  "excerpt": "Mais le vague où je suis , et qui toujours me laisse Ne sachant sur quel point la foi de son levier Peut secourir l ' appel venant de ma faiblesse , Fait que je me débats sous l ' effort continu 178 LE CULTE D ' un esprit qui voudrait surprendre le mystère Qui tient d ' un lieu sacré le terrible inconnu , A l ' heure où , pour jamais , il faut quitter la terre ! Puis - je , gardant de toi les captivants attraits , Espérer te revoir sous les blancheurs de neige D ' un ange se montrant sensible à mes regrets Et rêvant de te revoir , comment le reverrai - je ? Je ne sais rien d ' un ciel que je ne connais pas .C ' est dans le souvenir du passé que , sans cesse , Je me revois cherchant la trace de tes pas , Notre amour dont ma lèvre a gardé la caresse , Ta grâce et ta fraîcheur , en leur pleine beauté ; Et ces instants où seuls , par les bois et la plaine , Des fleurs de la saison , dont j ' ornais ton côté , Je buvais les parfums moins doux que ton haleine .Ah ! j ' ai beau m ' abimer dans les regrets constants De ce passé lointain , que jamais rien n ' efface , Faire à mes yeux troublés revivre les instants D ' un bonheur disparu ; quoi que je dise ou fasse , De toi je n ' ai plus rien que l ' immobilité D ' un portrait que mes soins gardent de tout dommage , Et qui porte imparfait , dans sa fragilité , Le vague souvenir de ta céleste image LE CULTE 179 O mon Dieu ! toi de qui les décrets éternels Me trouvent de l ' épouse attendant la venue , Souffre que je m ' endorme en tes bras paternels Rêvant de la revoir comme je l ' ai connue .",
                  "id": "14",
                  "title": "Le Culte, poésies / Frédérick Juncker"
            },
            {
                  "doc_url": "https://gallica.bnf.fr/ark:/12148/bpt6k56028121",
                  "emotions": [
                        "admiration",
                        "joy",
                        "love",
                        "optimism",
                        "nostalgia",
                        "excitement",
                        "gratitude"
                  ],
                  "excerpt": "Tu semblés plus belle encore Sous les gouttes que l ' aurore Verse comme des diamants ; Telle une beauté séduisante Dont la parure étincelante Rehausse les agréments .Du printemps , ô fleur gracieuse ! Cette saison délicieuse , Tu m ' annonces le retour , — UG — Blanche éluile des prairies , Le poète en ses rêveries Te salue avec amour ! Fleur chérie , aimable narcisse , Le papillon de ion calice Boit le nectar délicieux : Puis , joyeux , d ' une aile légère , Porte ' de ta fleur printanière Au ciel le parfum précieux .Je te vois dans la prairie Tu te penches , si jolie Pour te mirer aux ruisseaux , Comme une vierge timide , Pour se voir dans l ' onde limpide , Se courbe avec les roseaux .",
                  "id": "15",
                  "title": "Fleurs d'Armorique : dédiées à Mme la Vtesse de Marigny, née de Chateaubriand / par Mlle ***, auteur des essais d'une lyre bretonne"
            },
            {
                  "doc_url": "https://gallica.bnf.fr/ark:/12148/bpt6k859325t",
                  "emotions": [
                        "love",
                        "greed"
                  ],
                  "excerpt": "C ’ est surtout au XVII e siècle que le romarin fut en vogue auprès des thérapeutes .Zapata considérait son essence comme une panacée ; répandant dans tout le corps son parfum et ses parties spiritueuses , elle chasse les vapeurs putrides et nocives et défend le cœur contre tous les miasmes .Elle augmente la chaleur , procure un aliment très louable , rend la digestion parfaite , récrée et réconforte les estomacs languissants et débiles , excite l ’ appétit , arrête le vomissement , aiguise la mémoire , provoque le sommeil , rend allègre , chasse la tristesse , éveille l ’ intelligence , tempère l ’ acrimonie de la bile , chasse les vents , libère les oppilations , favorise la conception , expulse les sueurs et l ’ urine , ouvre les voies à toutes les excrétions ; elle fait engraisser les convalescents émaciés , mais se montre aussi d ’ une remarquable efficacité pour faire maigrir les obèses : „ on peut le dire sérieusement , dans toute la nature il n ’ est pas de remède d ’ une telle puissance , nec in universa rerum natura , tantae efficaciae rem existere serio dixerim ” ’ ) .",
                  "id": "16",
                  "title": "Histoire du romarin / par le Dr Henri Leclerc"
            },
            {
                  "doc_url": "https://gallica.bnf.fr/ark:/12148/bpt6k61124867",
                  "emotions": [
                        "love"
                  ],
                  "excerpt": ".L ' amour flottait dans l ' air comme un parfum très doux Et le pollen fécond tombait sur les corolles .LES CARPES ( Juillet , 1881 ) .",
                  "id": "17",
                  "title": "Poésies de Pimodan. Lyres et clairons. Le Coffret de perles noires..."
            },
            {
                  "doc_url": "https://gallica.bnf.fr/ark:/12148/bpt6k6124056m",
                  "emotions": [
                        "love",
                        "nostalgia"
                  ],
                  "excerpt": "Vous qui ne savez pas pourquoi la vie est faite ; Qui n ' avez de l ' amour reconnu les douceurs ; Qui ne rêvez jamais ni parfum , ni toilette ; Qui ne dites vos maux qu ' à de vieux confesseurs , Pensez donc quelquefois aux choses de ce monde ; Au bonheur d ' être deux lorsque l ' on s ' aime bien , Et guérissez chez moi cette douleur profonde , Par un de ces regards qui ne vous coûtent rien .Je veux vous confier les secrets de mon âme : Autrefois , près de vous , je brûlais d ' une flamme Qui ne me consumait que par un feu bien doux , Et laissait un parfum enivrant près de vous , Qui faisait mon bonheur et l ' espoir de ma vie ; Qui me réjouissait et qui me fait envie .Aussi je souffrais bien quand je ne voyais pas L ' idole que j ' aimais suspendue à mon bras , Promenant ses regards des monts à la vallée , Ou ramassant des fleurs dans la petite allée Qui du petit bosquet va joindre le chemin .",
                  "id": "18",
                  "title": "Poésies... [Signé : A.-J. Fontaine.]"
            },
            {
                  "doc_url": "https://gallica.bnf.fr/ark:/12148/bd6t5373949p",
                  "emotions": [
                        "love",
                        "nostalgia"
                  ],
                  "excerpt": "ZÉPHR voulant avoir un fils I Qui fut adoré sur la terre , Parcourut les bosquets chéris De la déesse de Cythère ; DES ROSES .En voltigeant de fleur en fleur , il en vit une à peine éclose ; Son doux parfum fixa son cœur , Et Zéphir épousa la rose .Bientôt le bruit de cet hymen Se répandit dans tout Cythère ; On y voulait un dieu malin , Un dieu léger , un dieu sincère .",
                  "id": "19",
                  "title": "Histoire des roses / par Charles Malo ; ornée de 12 pl. en coul. dessinées par Pancrace Bessa"
            },
            {
                  "doc_url": "https://gallica.bnf.fr/ark:/12148/bpt6k6472260p",
                  "emotions": [
                        "grief",
                        "love",
                        "gratitude"
                  ],
                  "excerpt": "L E CHIEN ET LE FLACON .C ' ) Mon beau chien , mon bon chien , mon cher toutou , approchez et ' Venez respirer un excellent parfum dchete chez le meilleur parfumeur de la ville .Et le chien , en frétillant de la queue , ce qui est , je crois , chez ces pauvres êtres , le signe correspondant du rire et du sourire , s ' approche et pose curieusement son ne { humide sur le flacon débouché , puis , reculant soudainement avec effroi , il aboie contre moi en manière de reproche .",
                  "id": "20",
                  "title": "Le spleen de Paris ou Les cinquante petits poèmes en prose de Charles Baudelaire"
            }
      ]
}