{
      "articles": [
            {
                  "doc_url": "https://gallica.bnf.fr/ark:/12148/bpt6k6124680b",
                  "emotions": [
                        "admiration",
                        "joy",
                        "love",
                        "gratitude",
                        "caring",
                        "faith"
                  ],
                  "excerpt": "J ' offre mes soins à la vigne , à glicine , A la pensée , au narcisse , au pavot , A l ' amaranthe , au jonc , l ' elléborine , La giroflée et le coquelicot , Aux balisiers , aux oeillets de poètes , Aux orangers , aux ifs , aux cobéas ; Je soigne enfin , pour tous les jours de fêtes , De quoi fêler tout le monde ici - bas : 187 Aussi je peux offrir à mon amie , Poui > embaumer et pour orner son sein , Tous les parfums qui sont en Thessalie , Dans un bouquet qui croît en mon jardin .Avec amour je cultive et j ' arrose Le grenadier , le jasmin , le laurier , Le chèvre - feuille et le myrte et la rose , Toutes les fleurs en joyeux jardinier .ACROSTICHE FORMANT UN SENS SUR LE MOT POLITIQUE .",
                  "id": "1",
                  "title": "La Sirène, nouvelles chansons et poésies diverses, par J.-B. Gougé"
            },
            {
                  "doc_url": "https://gallica.bnf.fr/ark:/12148/bpt6k5713767g",
                  "emotions": [
                        "admiration",
                        "love",
                        "gratitude"
                  ],
                  "excerpt": "L ' autre trempe le nerf de son âme robuste • Dans les plans raccourcis que va heurter son oeil , C ' est le port fier des monts qui redresse son Ibuste , Et la force du chêne a nourri son orgueil .aoa \\ LA VIE ' MEILLEURE / Comme il reste un parfum du toucher de l ' amante , Le songeur qui longtemps vécut à tes côtés Se forme un idéal où l ' esprit s ' alimente Et recueille le fruit de tes mille beautés .DIEU DANS LA NATURE A Gahriel Monoâ .",
                  "id": "2",
                  "title": "La vie meilleure : la beauté, les tendresses, poésies idéalistes / par Ch. de Pomairols"
            },
            {
                  "doc_url": "https://gallica.bnf.fr/ark:/12148/bpt6k5713767g",
                  "emotions": [
                        "grief",
                        "love",
                        "gratitude",
                        "faith"
                  ],
                  "excerpt": "Non , jamais vous n ' aurez ma haine , je vous jure .Haïr , mon Dieu 1 l ' objet que l ' on a tant aimé , L ^ trè qu ' on adorait par l ' encens embaumé , À , qui l ' on bâtissait un sanctuaire intime x ' Dans le coeur plein de lui ! le haïr ! ..",
                  "id": "3",
                  "title": "La vie meilleure : la beauté, les tendresses, poésies idéalistes / par Ch. de Pomairols"
            },
            {
                  "doc_url": "https://gallica.bnf.fr/ark:/12148/bpt6k6512581g",
                  "emotions": [
                        "love",
                        "nostalgia",
                        "pride",
                        "relief",
                        "calmness",
                        "caring"
                  ],
                  "excerpt": "Rousseau .Un air léger , dont je sentis la fraîcheur , m ' apporta des parfums qui me causèrent un épanouissement m - time , et me donnèrent un sentiment d ' amour pour moimême .BujJàn .",
                  "id": "4",
                  "title": "Dictionnaire des métaphores françaises, extraites des meilleurs auteurs français , dans le style soutenu, et même dans le style familier ; par A. Varinot,..."
            },
            {
                  "doc_url": "https://gallica.bnf.fr/ark:/12148/bpt6k3748399",
                  "emotions": [
                        "admiration",
                        "love",
                        "gratitude"
                  ],
                  "excerpt": "Leur devoir , c ' est leur amour .Elles sont tendres , douces , bonnes et belles tout naturellement , comme chante l ' alouette , comme verdit la feuille , comme parfume la fleur , comme mûrit le fruit , comme coule la source , comme éclaire le soleil .Ni la source , ni la feuille , ni la fleur , ni l ' alouette n ' ont été , que je sache , au Couvent des Oiseaux ou au Sacré - Coeur , et elles ne s ' en portent pas plus mal .",
                  "id": "5",
                  "title": "A la porte du paradis ; Ma première leçon de boxe ; Je me tuerai demain ; Feu André-André ; L'héritier du mandarin, etc / Alfred Delvau"
            },
            {
                  "doc_url": "https://gallica.bnf.fr/ark:/12148/bpt6k3748399",
                  "emotions": [
                        "love",
                        "nostalgia"
                  ],
                  "excerpt": "C ' est fini , le charme est rompu , un brutal coup de corde a ramené du ciel sur terre ces deuxjolis petits cerfs - volants .Ils étaient pourtant si bien là - haut , dans les vastes plaines bleues du rêve ! Us couraient si bien de conserve sur les savanes parfumées de l ' amour .— Ainsi , mon pauvre Hanske , notre mariage est encore retardé ! dit Nellen avec un gros soupir en serrant les mains de son amant , que cette parole avait fait tressaillir .",
                  "id": "6",
                  "title": "A la porte du paradis ; Ma première leçon de boxe ; Je me tuerai demain ; Feu André-André ; L'héritier du mandarin, etc / Alfred Delvau"
            },
            {
                  "doc_url": "https://gallica.bnf.fr/ark:/12148/bpt6k3748399",
                  "emotions": [
                        "love",
                        "greed"
                  ],
                  "excerpt": ".Pour embaumer son coeur ! Chère innocente 1 elle ignore quel parfum il faut pour cela , — un parfum qui , en s ' aigrissant , devient un poison : l ' amour ..",
                  "id": "7",
                  "title": "A la porte du paradis ; Ma première leçon de boxe ; Je me tuerai demain ; Feu André-André ; L'héritier du mandarin, etc / Alfred Delvau"
            },
            {
                  "doc_url": "https://gallica.bnf.fr/ark:/12148/bpt6k56260604",
                  "emotions": [
                        "grief",
                        "love",
                        "desire",
                        "nostalgia",
                        "faith"
                  ],
                  "excerpt": "toi seul , eus ma tendresse ; Car ton regard faisait battre mon coeur .Auprès de l ' algue verte , Reviens , mon bien - aimé , Sur la rive déserte Ou l ' air est embaumé .Reviens à moi , le ciel de l ' Italie Est bien plus pur et plus beau que le tien ; Reviens , reviens ; ne suis - je pas jolie } .",
                  "id": "8",
                  "title": "Miettes de souvenirs : poésies diverses / Auguste Barrois"
            },
            {
                  "doc_url": "https://gallica.bnf.fr/ark:/12148/bpt6k56260604",
                  "emotions": [
                        "grief",
                        "love",
                        "desire",
                        "nostalgia",
                        "gratitude"
                  ],
                  "excerpt": "1 ) 4 MflITTES DE SOUVENIRS 1 < A PCvfPOLlTçAIPC * SOU ' ENIR D ' ITALIE REVIENS à moi , je t ' aime et je suis belle ; Pour toi , mon coeur s ' e » t ouvert à l ' amour , Comme une fleur que la saison nouvelle A fait éclore aux premiers feux du jour ; C ' est toujours toi que je vois dans mes rêves , Lorsque mes yeux par le sommeil sont clos : A toi je pense , en errant sur nos grèves Que mollement viennent baiser les flots .Auprès de l ' algue verte , Reviens , mon bien - aimé , Sur la rive déserte Où l ' air est embaumé .Reviens à moi ; t ' en souvient - il encore Quand tu me vis pour la première fois ) .",
                  "id": "9",
                  "title": "Miettes de souvenirs : poésies diverses / Auguste Barrois"
            },
            {
                  "doc_url": "https://gallica.bnf.fr/ark:/12148/bpt6k56260604",
                  "emotions": [
                        "love",
                        "nostalgia",
                        "gratitude"
                  ],
                  "excerpt": ".A CARMEN loi < A CoAKJMEtK On viens donc , ma Carmen , sous les bosquets de rose , Sur les bords toujours verts du fleuve bien aimé ; On entend les oiseaux , on voit les fleurs écloses ; La terre dort tranquille et l ' air est embaumé .Délicieuse enfant , dans les boucles soyeuses De tes longs cheveux noirs , laisse jouer ma main , Car je veux te parer des feuilles amoureuses Que nous allons cueillir aux arbres du chemin .",
                  "id": "10",
                  "title": "Miettes de souvenirs : poésies diverses / Auguste Barrois"
            },
            {
                  "doc_url": "https://gallica.bnf.fr/ark:/12148/bpt6k56260604",
                  "emotions": [
                        "grief",
                        "love",
                        "desire",
                        "nostalgia",
                        "gratitude"
                  ],
                  "excerpt": ".Auprès de l ' algue verte , Reviens , mon bien - aimé , Sur la rive déserte Où l ' air est embaumé .Reviens à moi , nous parcourrons ensemble Les bords du golfe où la brise s ' endort , Auprès duquel Naples repose et semble Une fleur blanche au fond d ' un vase d ' or .",
                  "id": "11",
                  "title": "Miettes de souvenirs : poésies diverses / Auguste Barrois"
            },
            {
                  "doc_url": "https://gallica.bnf.fr/ark:/12148/bpt6k56260604",
                  "emotions": [
                        "grief",
                        "love",
                        "desire",
                        "nostalgia",
                        "gratitude"
                  ],
                  "excerpt": "1 ) 6 NflTTES DE SOUVENIRS Mon bien - aimé , c ' est ma voix qui t ' appelle , Je ne veux plus vivre sans ton amour ; Fernand , reviens , car voici l ' hirondelle Qui du printemps nous apprend le retour .Auprès de l ' algue verte , Reviens , mon bien - aimé , Sur la rive déserte Où l ' air est embaumé .IA NAPOLITAINE 1 ) 7 LE TG4TS FlçAMcAViV % A mon ami * AlfrtA * Riyurf .",
                  "id": "12",
                  "title": "Miettes de souvenirs : poésies diverses / Auguste Barrois"
            },
            {
                  "doc_url": "https://gallica.bnf.fr/ark:/12148/bpt6k54506739",
                  "emotions": [
                        "love",
                        "desire",
                        "pride",
                        "envy",
                        "greed"
                  ],
                  "excerpt": "Biais je voudrais estre miroir Afin que tousjours tu me visses ; Chemise je voudrais me voir , Afin que souvent tu me prisses .Volontiers eau je deviendrais , Afin que ton corps je lavasse ; Estee du parfum je voudrais , Afin que je te parfumasse .' Imilè d ' Atiacréon .",
                  "id": "13",
                  "title": "Oeuvres choisies de Pierre de Ronsard / avec des notes explicatives du texte et une notice biographique par Paul L. Jacob, bibliophile"
            },
            {
                  "doc_url": "https://gallica.bnf.fr/ark:/12148/bpt6k54506739",
                  "emotions": [
                        "admiration",
                        "love",
                        "nostalgia",
                        "gratitude"
                  ],
                  "excerpt": "XXXVII o LOUANGES DE LA ROSE ET DE LA VIOLETTE .Sur tous parfums j ' aime la Rose Dessur l ' espine en May déelose , Et l ' odeur de la belle fleur Qui de sa première couleur Pare la terre , quand la glace Et l ' Hyver au Soleil font place .Les autres boutons vermeillets , La giroflée et les oeillets , Et le bel esmail qui varie L ' honneur gemmé ' d ' une prairie En mille lustres s ' esclatant , Ensemble ne me plaisent tant Que fait la Rose pourperette , Et de Mars la blanche fleurette .",
                  "id": "14",
                  "title": "Oeuvres choisies de Pierre de Ronsard / avec des notes explicatives du texte et une notice biographique par Paul L. Jacob, bibliophile"
            },
            {
                  "doc_url": "https://gallica.bnf.fr/ark:/12148/bpt6k54506739",
                  "emotions": [
                        "joy",
                        "love"
                  ],
                  "excerpt": "— 3 Résolution , fcnnclé de coeur .2Q2 ÉLÉGIES ; - O IV OKous OKous un eontract ensemble l ' autre jour , Que tu me donnerais mille baisers d ' Amour , Colombins , tourterins , à lèvres demi - closes , A souspirs souspirans la mesme odeur des roses , A langue serpentine ^ à tremblotans regars ^ Dépareille façon que Vénus baise .Mars * Quand il se pasme d ' aise au sein de sa maistresse .",
                  "id": "15",
                  "title": "Oeuvres choisies de Pierre de Ronsard / avec des notes explicatives du texte et une notice biographique par Paul L. Jacob, bibliophile"
            },
            {
                  "doc_url": "https://gallica.bnf.fr/ark:/12148/bpt6k29703h",
                  "emotions": [
                        "sadness",
                        "fear",
                        "love",
                        "nervousness",
                        "pain",
                        "disappointment"
                  ],
                  "excerpt": "Or voici que , fraîcheur soudaine , un coup de vent Se coule entre nos doigts unis , et soulevant Les pétales broyés par nos corps les disperse A travers la croisée en odorante averse .Leur vol tournoie et tombe avec lenteur , laissant Une feuille peut - être aux lèvres d ' un passant Qui frémira , le cœur fondu , la chair troublée Par le parfum d ' amour qu ' a cette chose ailée .Vierge ou veuve , jeune homme inquiet ou vieillard , Toi qui marches , traînant dans la rue au hasard ija langueur que nourrit une âme solitaire , 0 Passant qu ' une soif inconnaissable altère , Ivre d ' avoir mâche ce pétale de fleur , Tu t ' en iras pleurer de rage et de douleur Dans les pauvres chemins déserts de la banlieue Où le soir indécis suspend son ombre bleue .",
                  "id": "16",
                  "title": "Le semeur de cendres : 1898-1900 (14e édition) / Charles Guérin"
            },
            {
                  "doc_url": "https://gallica.bnf.fr/ark:/12148/bpt6k29703h",
                  "emotions": [
                        "grief",
                        "sadness",
                        "love",
                        "nostalgia",
                        "disappointment"
                  ],
                  "excerpt": "XXII Vous , le charme et l ' honneur de mon jardin natal , Enfant qui secouez dans les herbes aiguës , Pour en faire tomber des bêtes de métal , Le parasol blanc des ciguës ; Vous qui vivez , naïf et frais , toujours fêté , Cette heure de la vie où l ' on pleure sans cause , Aujourd ' hui , jeune dieu rose et blond de l ' été , Mon frère , je vous vis déchirer une rose .La brise , en dissipant les feuilles , les mêla Aux libres papillons du ciel , et vous , volage , Ayant fui vers des jeux nouveaux , je restai là , Songeant que vous aussi vous atteindriez l ' âge Où l ' on rêve devant la fleur au sein nacré , L ' âge , hélas où l ' amour sur les âmes se pose , Où le cœur , pressentant la femme , est déchiré Par la simple odeur d ' une rose .XXHt G ' était encore un soir au coucher du soleil .",
                  "id": "17",
                  "title": "Le semeur de cendres : 1898-1900 (14e édition) / Charles Guérin"
            },
            {
                  "doc_url": "https://gallica.bnf.fr/ark:/12148/bpt6k29703h",
                  "emotions": [
                        "love",
                        "nostalgia",
                        "excitement",
                        "relief"
                  ],
                  "excerpt": "Mon esprit se dissipe et flotte hors du temps Dans une extase heureuse et confuse on j ' entends Vibrer d ' un moucheron l ' arabesque sonore .Le parfum des foins mûrs baigne mon âme encore , Puis , vaincu par l ' immense ardeur du firmament , Je m ' endors , et mes yeux gardent en se fermant La vision d ' un clair village sur la côte Et du ciel bleu qui rit à travers l ' herbe haute .Dans ces jours de l ' aride été , l ' homme ébloui Sent la création entière vivre en lui .",
                  "id": "18",
                  "title": "Le semeur de cendres : 1898-1900 (14e édition) / Charles Guérin"
            },
            {
                  "doc_url": "https://gallica.bnf.fr/ark:/12148/bd6t53767304",
                  "emotions": [
                        "love",
                        "pride",
                        "envy",
                        "caring"
                  ],
                  "excerpt": "Belle de mille attraits , sa gloire et son bonheur Se trouvaient tout entiers dans la paix de son cœur .Modeste en sa vertu , son âme noble et tendre Semblait cacher le bien qu ’ elle aimait à répandre ; C ’ était la violette , amante des gazons , Exhalant en secret le parfum de ses dons .Célina de l ’ Amour méconnaissait l ’ empire , Mais ses yeux caressans , son gracieux sourire , Son ingénuité , sa timide candeur , L ’ embellissant encor du fard de la pudeur , CHANT II .",
                  "id": "19",
                  "title": "Le tombeau , poème en IV chants, traduit de Feith, deuxième édition ; suivi de l'Espérance de se revoir, poème en II chants, traduit de De Kruyff, et d'une traduction de quelques poésies de Feith, par Aug. Clavareau"
            },
            {
                  "doc_url": "https://gallica.bnf.fr/ark:/12148/bd6t53767304",
                  "emotions": [
                        "love",
                        "nostalgia"
                  ],
                  "excerpt": "La paix , l ’ illusion , la douce rêverie , 78 LE TOMBEAU , Le long recueillement de la mélancolie , La sublime nature , en un profond repos , Présentant ses beautés sous des aspects nouveaux .Les fleurs de leurs parfums embaumant l ’ atmosphère Tout retenait nos cœurs attachés à la terre .Le regard arrêté sur le bord d ’ un ruisseau , Nous écoutions , muets , le murmure de l ’ eau .",
                  "id": "20",
                  "title": "Le tombeau , poème en IV chants, traduit de Feith, deuxième édition ; suivi de l'Espérance de se revoir, poème en II chants, traduit de De Kruyff, et d'une traduction de quelques poésies de Feith, par Aug. Clavareau"
            }
      ]
}