{
      "articles": [
            {
                  "doc_url": "https://gallica.bnf.fr/ark:/12148/bpt6k105906m",
                  "emotions": [
                        "love",
                        "desire",
                        "nostalgia",
                        "curiosity"
                  ],
                  "excerpt": "C ' est la passion qui fait le poêle .Je regardai cette femme avec une curiosité de plus en plus ardente , cette femme qui s ' était montrée une amante sublime , et qui n ' avait plus rien de la femme , depuis qu ' elle avait fui le rivage odorant de la jeunesse , et que la soif du gain avait flétri ses lèvres .Byron a raconté quelques fragments de son histoire avec Margarita .",
                  "id": "1",
                  "title": "Voyage à Venise / par Arsène Houssaye"
            },
            {
                  "doc_url": "https://gallica.bnf.fr/ark:/12148/bpt6k96200729",
                  "emotions": [
                        "joy",
                        "love",
                        "nostalgia",
                        "excitement",
                        "relief"
                  ],
                  "excerpt": "Un abbé de cour avait jadis écrit ces couplets pour attend rir madame de Choiseul , et je l ' avais exhumée pieusement d ' un livre de musique ancienne qui appartenait , je ne sais par quel hasard , à la Rave .Elle exhalait , cette romance , comme une odeur douce de vieux sachet .Elle faisait penser à des choses mortes , à des clavecins qui se sont tus , il des lèvres qui se posent avec de la dévotion sur de belles mains illuminées de bagues , à des voix lointaines dans la solitude majestueuse d ' un parc .",
                  "id": "2",
                  "title": "Amuseuse, roman inédit... / René Maizeroy"
            },
            {
                  "doc_url": "https://gallica.bnf.fr/ark:/12148/bpt6k6145661v",
                  "emotions": [
                        "love"
                  ],
                  "excerpt": "— Lorsque le malade atteint d ' angine scarlatineuse est d ' une constitution chètive ou lorsqu ' il a subi antérieurement l ' influence dépressive d ' une autre maladie , les accidents locaux prennent un caractère plus grave ; les exsudations deviennent plus épaisses , les ulcérations gagnent peu à peu en profondeur et en étendue ; il survient des hemorrhagies , ces différentes lésions envahissent de proche en proche des parties de plus en plus profondes , les éminences aryténoldes et l ' épiglotte sont d ' abord touchées et occasionnent de la disphagie ; et si les bandes ventriculaires sont ulcérées à leur tour , la respiration devient de plus en plus difficile et anxieuse .On voit alors survenir des adénites dont la suppuration s ' établit ( bubons scarlatineux ) , les ulcérations prennent un aspect gangreneux , elles exhalent une odeur caractéristique , l ' état général du malade s ' aggrave , il prend un aspect typhoïde , d ' où le nom d ' angine scarlatineuse typhoïde donné à cette affection .Les descriptions que nous ont laissées les médecins du moyen - àge de nombreuses épidémies de mal ' de gorge putride , malin , ulcéreux épidémique se rapportent assurément , pour le plus grand nombre , à des angines scarlatineuses méconnues .",
                  "id": "3",
                  "title": "Manuel de laryngoscopie et de laryngologie / par le Dr Cadier..."
            },
            {
                  "doc_url": "https://gallica.bnf.fr/ark:/12148/bpt6k5842752s",
                  "emotions": [
                        "grief",
                        "sadness",
                        "love",
                        "nostalgia",
                        "disappointment"
                  ],
                  "excerpt": "Pourrais - je jamais m ' en séparer ? Je revivais la triste existence que j ' avais menée depuis que j ' avais quitté Clara .Pas de jour où elle ne se fût rappelée à moi cent fois ; où je ne l ' eusse sentie en moi ; atout • 15 170 LES COEURS MALADES moment , le sentiment amer du souvenir venait me toucher , remplissait mon coeur ; je ne cessais de la revoir , elle et le bonheur divin que je goûtais près d ' elle ; un parfum pernicieux montait des profondeurs de ma vie et endormait mon courage , ma volonté , mon espoir ..",
                  "id": "4",
                  "title": "Les coeurs malades : roman / Eugène Montfort"
            },
            {
                  "doc_url": "https://gallica.bnf.fr/ark:/12148/bpt6k96847160",
                  "emotions": [
                        "sadness",
                        "love"
                  ],
                  "excerpt": ".Il fait nuit noire ; prends bien garde de ne pas attraper froid ? Elle s enfonce dans l ' escalier , tourne , disparaît , trottinant , légère , bien emmitouflée en son manteau , et le jeune homme , à peine rentré , court s étendre sur le divan qui garde encore le parfum de l aimée et comme la forme de son corps : là , les membres abandonnés , les yeux clos , il s ' enivre solitairement de ce reflet , de cet arome de l ' amour .Alors ils s ' envasèrent chaque semaine un péu plus profondément dans la lie enivrante de cette passion , commençant la vie de tromperies renaissantes , de mensonges , d ' hypocrisie continue , de vols lâches , qui compose l ' existence des adultères .",
                  "id": "5",
                  "title": "La fleur bleue / Gustave Toudouze"
            },
            {
                  "doc_url": "https://gallica.bnf.fr/ark:/12148/bpt6k5452223n",
                  "emotions": [
                        "love",
                        "nostalgia"
                  ],
                  "excerpt": "Et je suis devant sa table , La tête entre mes deux mains , Prêt à me donner au diable Avec elle et ses quatrains .Cependant vers moi s ' élève , Du livre où j ' écris , penché , Un parfum doux comme un rêve : C ' est sa main qui l ' a touché .Mon âme en reste saisie , J ' en ai frémi dans ma chair : Aux fumets de l ' ambroisie , Se réveillait Jupiter ! Oui , je lui dirai la chose Qu ' il m ' a fallu tant cacher ; FUSAINS ET PASTELS .",
                  "id": "6",
                  "title": "Rimes éparses : eaux-fortes et burins, fusains et pastels / Louis Guibert"
            },
            {
                  "doc_url": "https://gallica.bnf.fr/ark:/12148/bpt6k5427460b",
                  "emotions": [
                        "love"
                  ],
                  "excerpt": ".— Dans un parfum bien doux , — elle mélange ses baisers — à son feuillage , — lorsque le rossignol — chante dans le Ratatet .Là , on voit joyeux — s ' envoler le temps — comme une fumée , — quand l ' oriflamme dans l ' air — flotte 112 MA DINIEIROIA Flota naut e fier Touta la journada .",
                  "id": "7",
                  "title": "Ma Dinièirola : La Courouna pouetica dau Lengadoc / pèr J.-E. Castelnau ; Em' una letra-prefaci di L. Roumieux,..."
            },
            {
                  "doc_url": "https://gallica.bnf.fr/ark:/12148/bpt6k5427460b",
                  "emotions": [
                        "admiration",
                        "joy",
                        "love",
                        "excitement",
                        "pride",
                        "gratitude"
                  ],
                  "excerpt": "Amitié , tu es , toi , la source d ' amour — découlant du ciel pour noyer l ' ortie — et le doux flambeau qui dans la brume — éclaire , pour nous faire éviter tel qui nous foulerait aux pieds .Tu es le vert sentier que suit l ' Amour , — quand pour les galants il va dans la prairie , — heureux , secouer son parfum recherché — dans le petit coeur de la fleur sacrée .nm : mm - m > k 288 MA .",
                  "id": "8",
                  "title": "Ma Dinièirola : La Courouna pouetica dau Lengadoc / pèr J.-E. Castelnau ; Em' una letra-prefaci di L. Roumieux,..."
            },
            {
                  "doc_url": "https://gallica.bnf.fr/ark:/12148/bpt6k57886918",
                  "emotions": [
                        "love"
                  ],
                  "excerpt": "On les dirait soutachés de pièces d ' or .Les cornets embaumés du datura stramonium épanchent au - dessus deux leurs parfums pénétrants .Voici la télé du jeune homme qui se dessine en silhouette bouclée sur les reflets étincelanls du golfe .",
                  "id": "9",
                  "title": "Alger naguère et maintenant, par Charles Desprez"
            },
            {
                  "doc_url": "https://gallica.bnf.fr/ark:/12148/bpt6k58551006",
                  "emotions": [
                        "anger",
                        "annoyance",
                        "love"
                  ],
                  "excerpt": "Je lui tendais la main quand elle allait sauter à terre , après ses courses effrénées .L ' animal furieux ruait vers moi ; elle le flattait sur son cou recourbé , l ' embrassait sur ses naseaux frémissants sans 9 154 Fou ? essuyer ensuite ses lèvres ; et le parfum de son corps , en sueur comme après la tiédeur du lit , se mêlait sous ma narine à l ' odeur acre et fauve de la bête .J ' attendis mon jour et mon heure .",
                  "id": "10",
                  "title": "Mlle Fifi : nouveaux contes / Guy de Maupassant"
            },
            {
                  "doc_url": "https://gallica.bnf.fr/ark:/12148/bpt6k5442948m",
                  "emotions": [
                        "surprise",
                        "grief",
                        "love",
                        "nostalgia",
                        "doubt"
                  ],
                  "excerpt": ".s - — Quoi ! votre amour ne fut qu ' un oiseau de passage , Un flot qui naît et meurt aux sables du rivage , Un doux parfum qui passe entraîne par les vents , Une éphémère fleur qui ne vit qu ' un printemps ! Vous n ' avez pas aimé , je le vois bien , Madame , Aimé de cet amour qui brille au fond de l ' âme , Comme en un lac profond les rayons d ' un beau jour .! Non , vous n ' avez connu que l ' ombre de l ' amour ! — Le véritable amour , ami de la sagesse , Survit à la beauté , survit à la jeunesse ; € e n ' est pas un volcan , ravageur insensé , Qui laisse un vide affreux où la flamme a passé ; C ' est un feu vif et pur dont l ' égale lumière Projette ses rayons sur une vie entière .",
                  "id": "11",
                  "title": "Les Bords du Loir (par É. Delaunay)"
            },
            {
                  "doc_url": "https://gallica.bnf.fr/ark:/12148/bpt6k57075707",
                  "emotions": [
                        "admiration",
                        "love"
                  ],
                  "excerpt": "étrangers , actifs , conscients , pour ainsi dire , comme les lèvres , la bouche et surtout la langue , a pour effet une impression beaucoup plus vive et profonde que les rapports naturels .L ' odeur spéciale qui se dégage des organes secrets de la femme est , pour certains vert - galants , comme Henri IV , le souverain excitant de l ' amour .Elle les surexcite au point qu ' ils fouillent avec la bouche et le nez les parties sexuelles et en aspirent les liquides .",
                  "id": "12",
                  "title": "Théologie hindoue : Le \"Kama Soutra\", règles de l'amour de Vatsyayana (morale des brahmanes) / trad. par E. Lamairesse,..."
            },
            {
                  "doc_url": "https://gallica.bnf.fr/ark:/12148/bpt6k5452451n",
                  "emotions": [
                        "love"
                  ],
                  "excerpt": "Elle se pencha près , tout près de lui .Il sentit le bras de la jeune femme qui frôlait son épaule ; il respira le parfum habituel de ses cheveux ; il leva la tête ; il vit deux yeux ardents qui cherchaient les siens ..",
                  "id": "13",
                  "title": "La comtesse Anarchie / Adolphe Aderer"
            },
            {
                  "doc_url": "https://gallica.bnf.fr/ark:/12148/bpt6k934261q",
                  "emotions": [
                        "admiration",
                        "joy",
                        "love",
                        "relief",
                        "calmness"
                  ],
                  "excerpt": "Adieu .Si l ’ amour , poétiquement parlant , Est la brise qui nous caresse , Le frais parfum de chaque Heur , La chaste et poétique ivresse Qui fait oublier la douleur ; Convenons qu ’ il est quelque chose Dont le charme est encor plus doux : C ’ est l ’ amitié , timide rose , Qui ne s ’ entr ’ ouvre pas pour tous ! ..",
                  "id": "14",
                  "title": "Journal des dames"
            },
            {
                  "doc_url": "https://gallica.bnf.fr/ark:/12148/bpt6k6128319m",
                  "emotions": [
                        "love"
                  ],
                  "excerpt": "O progrès , par ton action Nous n ' avons plus rien de semblable ! Près du reste seigneurial , Nous avons de Blarney les Groves , Fameux labyrinthe floral Aux nombreux détours et alcôvesi Ce fut le jardin réservé De l ' antique et noble domaine ; C ' est là qu ' ont souvent devisé Le seigneur et la châtelaine ; C ' est là qu ' on formait mille plaris De paix , de guerre , ou mariage , Et dont tant de tableaux vivants Font voir encore leur feuillage : - ^ - 168 — Chênes et pins , hêtres et ifs Et colosses de toute essence , Beaux vieillards toujours verts et vils Malgré des siècles d ' existence ; Futaie à grande majesté ; Voûte sublime autant qu ' immense , Tamisant en douce clarté De l ' astre - roi l ' incandescence ! Ici , des rochers merveilleux , Par le sol se sont fait passages Et d ' effet le plus gracieux Décorent tous ces beaux ombrages ; Là , des grottes et des bosquets Que réunissent les charmilles , Et les plus élégants bouquets De fleurs se contournant en vrilles .Des pampres l ' amoureux accord Avec les fines clématites Vaut à l ' air le suave apport Des parfums les plus insolites .— 169 ~ ^ - La viorne et le chèvre - feuille S ' enlacent aussi pour le mieux , Et toute tige les accueille Pour joindre au fort le gracieux .",
                  "id": "15",
                  "title": "Souvenirs et récréations, par Ernest Héritte,..."
            },
            {
                  "doc_url": "https://gallica.bnf.fr/ark:/12148/bpt6k58652069",
                  "emotions": [
                        "love",
                        "calmness",
                        "caring"
                  ],
                  "excerpt": "Je n ' eus pas la perception du temps qui s ' était écoulé , mais quand je revins à moi , elle avait dénoué mes vêtements ; j ' étais toujours étendu sur le sol , et ma tête reposait sur le bord du sopha .Blanche élait devant moi , pâle , mais sans agitation , un sourire compatissant sur les lèvres , elle avait repris tout son sang - froid , et tenant à la main un flacon , elle passait sur mon front un mouchoir rempli d ' une odeur pénétrante qu ' elle affectionnait et que je reconnus : c ' était le parfum subtil et presque mystérieux dont tout ce qui l ' entourait était toujours imprégné .Je levai sur elle un regard sans chaleur , mais peu à peu je sentais la fureur et l ' amour renaître en moi avec le sentiment de la vie .",
                  "id": "16",
                  "title": "Le Puritain. Scènes de la vie parisienne... Théâtre de salon : La Femme qui s'en va / Charles Yriarte"
            },
            {
                  "doc_url": "https://gallica.bnf.fr/ark:/12148/bpt6k9788469k",
                  "emotions": [
                        "love",
                        "nostalgia",
                        "gratitude",
                        "calmness"
                  ],
                  "excerpt": "Sans doute , sous le rapport sensuel , nous sommes mieux partagés qu ' eus , iïpuisque nous les voyons indifférens aux impressions si .douces , que le parfum des fleurs nous causfe , mais sous celtii de la .conservation , il est - bien sûr que l ' avantage existe de leur côté .",
                  "id": "17",
                  "title": "Traité des connaissances médicales, nécessaires aux gens du monde, ou Étude de l'homme, considéré à l'état de santé, à celui de maladie, et dans ses rapports avec les différens êtres de la nature . Par P. Ollion,..."
            },
            {
                  "doc_url": "https://gallica.bnf.fr/ark:/12148/bpt6k5788734k",
                  "emotions": [
                        "love"
                  ],
                  "excerpt": "Et quand il parlait à ses apôtres du royaume de Dieu et des anges , alors il montra à ses amis des fleurs d ' azur .Et quand il leur donna un commandement nouveau de s ' aimer les uns les autres et qu ' il leur lava les pieds , les instruisant ainsi et par ses paroles et par son exemple , alors il répandit parmi eux le parfum d ' une suave odeur que recelaient les fleurs safranées .0 quelle étonnante merveille Jésus opéra , lorsqu ' il se donna lui - même à tous comme modèle de la véritable humilité ! O prodige au - dessus de tous les prodiges de voir le plus saint de tous les saints , le plus élevé de tous les maîtres , se faire le dernier des serviteurs de tous les serviteurs ; de voir la majesté suprême s ' abaisser jusqu ' à descendre au milieu des hommes grossiers et pauvres admis à sa table ! Et il leur dit : « Je suis au milieu de vous comme celui qui sert ; je ne viens pas pour être servi , mais pour servir ; si moi qui suis votre Seigneur et votre Martre , je vous ai lavé les pieds ; et vous aussi vous devez vous laver les pieds les uns aux autres .",
                  "id": "18",
                  "title": "Dorothée, vierge et martyre, tragédie, suivie du \"Magicien\", drame de Calderon, traduit de l'espagnol pour la première fois [et d'extraits de \"La Vierge martyre\" de Massinger, traduits de l'anglais] / Cte Lafond"
            },
            {
                  "doc_url": "https://gallica.bnf.fr/ark:/12148/bpt6k5571067m",
                  "emotions": [
                        "love"
                  ],
                  "excerpt": "A - t - eîle une robe noire ? Le lilas serait une hérésie .Poétique blonde , elle choisira une odeur douce , délicate , comme l ' iris , tandis que brune , ardente , passionnée , elle choisira l ' héliotrope et le jasmin ; nerveuse , elle adoptera l ' oeillet ou la rose .Tantôt encore , un peu égoïste , voulant profiter des parfums plutôt que d ' en faire profiter les autres , elle les sème non plus sur elle - même , mais tout autour d ' elle , sur ce qu ' elle touche , dans toutes les pièces où elle passe , tous les meubles qui sont le cadre de son existence : le coin de boudoir aura quelque parfum du vieux temps ; dans la chambre à coucher régnera une douce senteur de violette ; dans la salle à manger , un frais parfum de fleur des champs .",
                  "id": "19",
                  "title": "L'Art d'être jolie : publication hebdomadaire illustrée / sous la direction de Mme Liane de Pougy"
            },
            {
                  "doc_url": "https://gallica.bnf.fr/ark:/12148/bpt6k5427460b",
                  "emotions": [
                        "love",
                        "desire",
                        "nostalgia",
                        "frustration"
                  ],
                  "excerpt": ".Et , quand même je rendrais la vie plus odorante , — l ' amour au coeur , les dents à mon palais — pour quelque temps , le ver rongeur reviendrait encore ! ..",
                  "id": "20",
                  "title": "Ma Dinièirola : La Courouna pouetica dau Lengadoc / pèr J.-E. Castelnau ; Em' una letra-prefaci di L. Roumieux,..."
            }
      ]
}