{
      "articles": [
            {
                  "doc_url": "https://gallica.bnf.fr/ark:/12148/bpt6k61198164",
                  "emotions": [
                        "admiration",
                        "love",
                        "nostalgia",
                        "gratitude"
                  ],
                  "excerpt": "SUR cette bouche ravissante , Sur ce sourire gracieux , Et sur cette taille élégante , Sans doute on peut fermer les yeux .Oa peut de tes lèvres de roses , Craindre le parfum adoré ; Des fleurs que sur toi tu déposes On peut fuir l ' éclat admiré .On peut aussi , de ta parure , Ne point toucher le doux aimant , Et de ta noire chevelure , Ignorer le lien charmant .",
                  "id": "1",
                  "title": "Poésies nouvelles, par Pierquin de Gembloux,..."
            },
            {
                  "doc_url": "https://gallica.bnf.fr/ark:/12148/bpt6k61425761",
                  "emotions": [
                        "love"
                  ],
                  "excerpt": "« J ' aime , lui disais - tu , ton âme qui est belle « Et renferme un trésor de vertus , de bonté .» « Oh ! c ' est le seul amour qui soit vrai et sincère , « Le seul qui soit durable et soit grand sur la terre , « Le seul dont le parfum soit agréable au Ciel , « Celui qui méprisant le corps , lien mortel , « Est fait de l ' harmonie , de la fusion entière « De deux coeurs , de deux âmes , devant l ' Éternel .RÊVERIES .",
                  "id": "2",
                  "title": "Les Rêveries, poésies, suivies de Cousin-Cousine, comédie en 1 acte, en vers / Albert Huguenin"
            },
            {
                  "doc_url": "https://gallica.bnf.fr/ark:/12148/bpt6k54997650",
                  "emotions": [
                        "love",
                        "gratitude",
                        "faith"
                  ],
                  "excerpt": "C ' est ainsi que l ' on voit l ' ange de la prière S ' agenouiller nu pied du trône de lumière , Ses beaux yeux inondés d ' espérance et de foi .Ici l ' ange vous prie , ô mon Dieu ! do lui rendre L ' amour qu ' elle a donné : Puissiez - vous l ' entendre , Celle qui se soumet A votre sainte loi ! Son voile éblouissant de son Ame est l ' emblème , Comme l ' est de son coeur l ' éclatant diadème De fleurs nu doux parfum qui pare son front pur ; Mais l ' adorable enfant , en sa grAcc enfantine , Rayonne sans songer à sa beauté divine , Comme l ' étoile d ' or qui brille au sombre azur .- — 66 - Aussi l ' aimc - t - il bien sa douce fiancée , Le jeune homme A l ' air , noble , A la taille élancée , Que Dieu venait d ' unir au bel ange A genoux Puissè - jc voir un jour un enfant frais et rose , Au regard caressant , à la bouche mi - close , Compléter le bonheur des deux jeunes époux .",
                  "id": "3",
                  "title": "Économie domestique en cinq parties... et trois synthèses : idéal, devoir, pratique / par Louise Vergnes-Vernier,..."
            },
            {
                  "doc_url": "https://gallica.bnf.fr/ark:/12148/bpt6k61425761",
                  "emotions": [
                        "joy",
                        "grief",
                        "love",
                        "desire",
                        "nostalgia",
                        "gratitude",
                        "disappointment"
                  ],
                  "excerpt": ".POUR UNE FLEUR L ' âme pleine d ' amour et de mélancolie , J ' étais triste ; une fleur , le soir , m ' a fait sourire , Et j ' ai dormi bercé par la douce harmonie De ta voix qui soupire ; Et j ' ai rêvé longtemps , de la fleur bien - aimée Aspirant la candeur et le parfum léger , Et buvant à longs traits , à sa coupe embaumée , L ' espoir dans un baiser .ROMANCE Écoute mon chant solitaire , Mes joies et mes chagrins secrets ; Ecoute , voilés de mystère , Et mes soupirs et mes regrets .",
                  "id": "4",
                  "title": "Les Rêveries, poésies, suivies de Cousin-Cousine, comédie en 1 acte, en vers / Albert Huguenin"
            },
            {
                  "doc_url": "https://gallica.bnf.fr/ark:/12148/bpt6k6429252x",
                  "emotions": [
                        "love",
                        "optimism"
                  ],
                  "excerpt": "Par la fenêtre béante , le soleil , la chaleur et la lumière entraient à flots .Des fleurs encombraient la pièce , envoyant dans l ' air leurs senteurs sublimes .Dans son cadre d ' or , patiné par les siècles , la belle Vierge byzantine détachait son suave visage et ses vêtements splendides , au milieu des bougies allumées par Reine - Marie dans des candélabres d ' or .",
                  "id": "5",
                  "title": "Les Mystères du coeur [par Paul d'Aigremont]. 1ère partie"
            },
            {
                  "doc_url": "https://gallica.bnf.fr/ark:/12148/bpt6k54997650",
                  "emotions": [
                        "love"
                  ],
                  "excerpt": "Mais le soleil produit de ces effets magiques Et sur les cheveux blonds ses rayons magnifiques • Jettent un vernis éclatant .Ecartant de la main ces branches odorantes , Nous fîmes quelques pas sous ces voûtes brillantes .Sous un plant que les fleurs courbaient Se groupaient les enfants : quatre petites fdles , Aux pieds nus , aux grands yeux , aux figures gentilles , Oiseaux pillards qui moissonnaient .",
                  "id": "6",
                  "title": "Économie domestique en cinq parties... et trois synthèses : idéal, devoir, pratique / par Louise Vergnes-Vernier,..."
            },
            {
                  "doc_url": "https://gallica.bnf.fr/ark:/12148/bpt6k61183007",
                  "emotions": [
                        "admiration",
                        "love",
                        "nostalgia",
                        "gratitude",
                        "envy",
                        "faith"
                  ],
                  "excerpt": "Alors , ô mon idole , Tu penchas doucement ton front sur mon épaule , Et moi , sentant la fièvre en mon coeur s ' apaiser , Je m ' inclinai de même , etj ' y mis un baiser .Oh , que j ' étais ému dans l ' ombre solennelle , Chère adorée , et comme , en te voyant si belle , J ' aspirais ton parfum qui calme et qui séduit , Mélancolique fleur éclose dans la nuit ! AUTRE ESQUISSE Oh , quel rêve j ' ai fait ! C ' était dans une rue Large , immense , où la foule incessamment accrue Mêlait ses mille cris et son bourdonnement .Sous le tiède soleil qui tombait lourdement En nappe blanche , ainsi qu ' un grand lac de lumière , La bruyante cité s ' éveillait toute entière .",
                  "id": "7",
                  "title": "Premières rimes / Georges Houbron"
            },
            {
                  "doc_url": "https://gallica.bnf.fr/ark:/12148/bpt6k6484849m",
                  "emotions": [
                        "love"
                  ],
                  "excerpt": "Mais dans sa robe de dimanche , simple encore , modeste toujours , correctement détirée , sans coquetterie qui souligne , sans vanité qui provoque , elle est vraiment charmante à souhait .Il s ' en dégage un rustique parfum de fleur champêtre qui réjouit les cœurs honnêtes sans les enivrer .Ainsi passait dans le chemin , se laissant flabeller par l ' ombre et caresser par le soleil , au caprice de la promenade , Jacqueline , honteuse peut - être pour la première fois de sa vie et rougissante aux quolibets des commères .",
                  "id": "8",
                  "title": "Dans les herbages / Gustave Le Vavasseur"
            },
            {
                  "doc_url": "https://gallica.bnf.fr/ark:/12148/bpt6k6220572f",
                  "emotions": [
                        "love",
                        "desire",
                        "nostalgia",
                        "envy"
                  ],
                  "excerpt": "Il regardait cet étroit cercueil de planches où gisait cette masse d ' enveloppes entassées , sur qui son nom , son nom seul , était toujours écrit .Il songeait qu ' un amour , que le tendre attachement de deux êtres l ' un pour l ' autre , que l ' histoire de deux cœurs , étaient racontés là dedans , dans ce flot jauni de papiers que tachaient des cachets rouges , et il aspirait , en se penchant dessus , un souffle vieux , l ' odeur mélancolique des lettres enfermées .Il les voulut relire et , fouillant au fond du tiroir , prit une poignée des plus anciennes .",
                  "id": "9",
                  "title": "Fort comme la mort. Edition 13 / Guy de Maupassant"
            },
            {
                  "doc_url": "https://gallica.bnf.fr/ark:/12148/bpt6k9621230z",
                  "emotions": [
                        "love"
                  ],
                  "excerpt": "Section transversale montrant deux loges monospermes ; graine noirâtre , réniforme exalbuminée ; embryon spiralé , violacé , formé d ' une grosse radicule et de deux petits cotylédons concrescents .Saveur piquante , aromatique , plus douce que celle du Poivre .Odeur rappelant à la fois Cannelle et Girofle , mais spéciale ( 1 ) .",
                  "id": "10",
                  "title": "Précis de matière médicale : 469 figures dans le texte. Tome 2 / par le docteur Louis Planchon"
            },
            {
                  "doc_url": "https://gallica.bnf.fr/ark:/12148/bpt6k5540638t",
                  "emotions": [
                        "love"
                  ],
                  "excerpt": "Puis , au - dessus du couple ou plutôt à côté , — Bien agir fait s ' unir les voeux et les nivelle — Vers le Vierge et la Vierge isolés dans leur belle Thébaïde à chacun la sainte Chasteté .Sans quitter les Amants , par un charmant miracle , Vole et vient rafraîchir l ' Intacte et l ' Impollu De gais parfums de fleurs comme s ' il avait plu D ' un bon orage sur l ' un et sur l ' autre habitacle , Et vêt de chaleur douce au point et de jour clair La cellule du Moine et celle de la Nonne Car s ' il nous faut souffrir pour que Dieu nous pardonne Du moins Dieu veut punir , non torturer lu chair .Elle dit à ces chers enfants de l ' Innocence : Dormez , veillez , priez .",
                  "id": "11",
                  "title": "Poésies religieuses / Paul Verlaine ; préface de J.-K. Huysmans"
            },
            {
                  "doc_url": "https://gallica.bnf.fr/ark:/12148/bpt6k5772962f",
                  "emotions": [
                        "love",
                        "frustration"
                  ],
                  "excerpt": "Nous poursuivons tous ainsi notre chimère ici - bas à travers l ' espoir , le doute ou l ' erreur .Le philosophe cherche la source première , la source de vérité ; l ' artiste la beauté souveraine ; l ' amant cherche le bonheur , et quoiqu ' il ne puisse jamais l ' atteindre , il cueille sur sa route tant de fleurs odorantes qu ' il parvient à en oublier la longueur .Hélas ! la vérité , la beauté , l ' amour , ne sont que des fantômes .",
                  "id": "12",
                  "title": "Geneviève d'Avenelles : décentralisation littéraire : étude des moeurs du nord de la France ; Les salons d'artistes, nouvelles / par Édouard L'Hôte"
            },
            {
                  "doc_url": "https://gallica.bnf.fr/ark:/12148/bpt6k61198164",
                  "emotions": [
                        "admiration",
                        "love",
                        "excitement",
                        "gratitude",
                        "envy"
                  ],
                  "excerpt": "OsraHifr .EMBIIASSE - MOI de tes baisers brûlans Cent fois plus doux que la pure ambroisie , Plus embaumés que cesbosquets charmans Que je parcours incertaine et saisie .Je suis la fleur qui pare le vallon , J e suis le lys de la verte prairie , Dans les palais qu ' habite Salomon Je vois souvent naître ma rêverie .",
                  "id": "13",
                  "title": "Poésies nouvelles, par Pierquin de Gembloux,..."
            },
            {
                  "doc_url": "https://gallica.bnf.fr/ark:/12148/bpt6k204527c",
                  "emotions": [
                        "grief",
                        "love",
                        "nostalgia",
                        "gratitude"
                  ],
                  "excerpt": "Mais l ' hiver conquérant vient revêtir lé monde ' D ' un drap de diamant , et jadis où trônait L ' iris impérial dans la gorge profonde , Le tonnerre en courroux rauque , roule et renaît , Sur les pics acérés son char bondit et gronde , Et l ' écho du glacier répète son sonnet .IDYLLE DU NORD Mon amour habitait une plage du Nord Où la verte forêt ceignait une tour grise La feuillée odorante interceptait l ' effort Du roulis frénétique où s ' engouffrait la brise Durant les tièdes soirs de ce rapide été Le soleil lentement se mourait sur la plage , A l ' heure où les grands cerfs au long poil argenté Passaient dans la ramure embaumée et sauvage Ils fuyaient avant l ' aube ainsi que des Esprits .Et longtemps , à nous , deux , nous avons vu la lune S ' élargir , blême et jaune , au firmament des nuits , Et , pâle , déclinant , soir par soir , sur la dune , Derrière .",
                  "id": "14",
                  "title": "Poèmes lyriques / Tola Dorian (princesse Mestchersky)"
            },
            {
                  "doc_url": "https://gallica.bnf.fr/ark:/12148/bpt6k97612784",
                  "emotions": [
                        "love"
                  ],
                  "excerpt": "On ne connaît donc l ' ozène ordinairement que par l ' odeur infecte qu ' exhale le nez : cette odeur est tellement forte et désagréable qu ' on supporte difficilement la présence des personnes aflligées de cette repoussante infirmité : on l ' a comparée à celle d ' une punaise écrasée , et c ' est pour cette raison qu ' on appelle punais ceux qui ont un ozène .Cette affection est presque toujours accompagnée de la privation de l ' odorat , on du moins d ' une très - grande diminution de ce sens .L ' ozène commençant est quelquefois susceptible de guérison ; mais celui qui est ancien peut être réputé incurable .",
                  "id": "15",
                  "title": "Traité des maladies chirurgicales et des opérations qui leur conviennent. Tome 6 / ; par M. le baron Boyer,..."
            },
            {
                  "doc_url": "https://gallica.bnf.fr/ark:/12148/bpt6k5435006t",
                  "emotions": [
                        "love"
                  ],
                  "excerpt": "Nul doute que l ' éther non rectifié , contenant de l ' acide sulfureux , de l ' alcool , ne soit plus difficile à supporter et n ' excite au plus haut degré le besoin de tousser .L ' éther parfaitement pur est , au contraire , beaucoup mieux supporté : son odeur suave , sa saveur aromatique voilent la sensation d ' ardeur que son contact détermine sur la muqueuse aérienne , et la tolérance locale s ' établit plus promptement .Au reste , la toux , qui est provoquée au début des inhalations , n ' est pas également vive et fréquente chez tous les sujets .",
                  "id": "16",
                  "title": "Traité théorique et pratique de la méthode anesthésique appliquée à la chirurgie et aux différentes branches de l'art de guérir, par É.-F. Bouisson,..."
            },
            {
                  "doc_url": "https://gallica.bnf.fr/ark:/12148/bpt6k67516n",
                  "emotions": [
                        "love",
                        "nostalgia",
                        "gratitude",
                        "faith"
                  ],
                  "excerpt": "D ' odvient - i ! ? ' t De Jenna grande - dame ou de Jenna - ea ! ope ? 7 Je suis tout imprégné d ' un arôme subtil 1 Je vous reconnais forte odeur de ma maîtresse Et soume délicat que je hume en Avril C ' est vous Dans le zéphir c ' est l ' odeur de sa tresse .La chère pense à moi Dieu parfumeur subtil Lui fait dénouer ses cheveux La brise passe Et s ' envole vers moi .Par cet étrange fil Nos pensers sont unis au travers de l ' espace .",
                  "id": "17",
                  "title": "II*** / Léo d'Arkaï"
            },
            {
                  "doc_url": "https://gallica.bnf.fr/ark:/12148/bpt6k56195237",
                  "emotions": [
                        "admiration",
                        "trust",
                        "love",
                        "gratitude",
                        "caring",
                        "approval",
                        "faith"
                  ],
                  "excerpt": "Le soir , je chanterai sur la branche près de ta fenêtre pour t ' égayer et te faire réfléchir : je chanterai les heureux et ceux qui souffrent , je chanterai le bien et le mal , tout ce qui n ' est pas connu de toi : car le petit oiseau vole partout , jusqu ' à la cabane du pauvre pêcheur et du laboureur , qui tous les deux vivent si loin de toi et de ta cour .J ' aime ton coeur plus que ta couronne , et cependant il sort d ' une couronne un parfum saint et céleste .Je viendrai et je chanterai ; mais promets - moi seulement une chose .",
                  "id": "18",
                  "title": "Contes d'Andersen, traduits du danois par D. Soldi, avec une notice biographique par X. Marmier"
            },
            {
                  "doc_url": "https://gallica.bnf.fr/ark:/12148/bpt6k58130731",
                  "emotions": [
                        "joy",
                        "love",
                        "optimism",
                        "excitement",
                        "pride",
                        "relief",
                        "gratitude",
                        "calmness"
                  ],
                  "excerpt": "ESMERAILDA .A lui les doux parfums ! à lui la fleur naissante ! A lui le rayon d ' or qui tremble au sein des eanx , La feuille rafraîchie et la brise odorante , Et les sombres forêts aux verdoyans rameaux ! Il folâtre , au matin , sur l ' herbe , sur la mousse , OH ! comme il est heureux ! Il vit dans un air pur , Tout l ' attire ici - bas et rien ne le repousse , Sa vie est tout amour , son oeil est tout azur ! II .SUR TES FLOTS .",
                  "id": "19",
                  "title": "Esméralda : littérature, arts, théâtres, modes"
            },
            {
                  "doc_url": "https://gallica.bnf.fr/ark:/12148/bpt6k204527c",
                  "emotions": [
                        "admiration",
                        "love",
                        "gratitude"
                  ],
                  "excerpt": "Ton chant perce mon sein ; tes doigts brisent mon âme Et les rébellions de mes délires fous , Mon orgueil orageux se courbe à tes genoux , Pris au fauve filet dé tes cheveux de flamme .Ton étreinte est pareille aux longs enlacements De la vigne sauvage , et tes épaules roses Ont le mourant parfum des rougissantes roses Qu ' écrasent sur leur couche ardente les amants .Tes baisers sont plus doux que le miel de l ' Hymette Que sucent les frelons au cœur brûlant des thyms ; A tes yeux ténébreux , ces grands soleils éteints , Il faut que tout mortel asservi se soumette .",
                  "id": "20",
                  "title": "Poèmes lyriques / Tola Dorian (princesse Mestchersky)"
            }
      ]
}