{
      "articles": [
            {
                  "doc_url": "https://gallica.bnf.fr/ark:/12148/bpt6k6436072b",
                  "emotions": [
                        "love",
                        "approval"
                  ],
                  "excerpt": "des Lauracées , est quelquefois désigné sous le nom de bois de Sassafras .BOIS D ' AMARANTE .Il est très lourd et compact ; susceptible d ' un beau poli .",
                  "id": "1",
                  "title": "Le bois. Fascicule 2 / par J. Beauverie,... ; avec une préface de M. Daubrée,..."
            },
            {
                  "doc_url": "https://gallica.bnf.fr/ark:/12148/bpt6k6530079m",
                  "emotions": [
                        "love"
                  ],
                  "excerpt": "Je courus , un poignard à la main , pour les joindre ; ils se sauvaient de moi , en s ' ébattant et folâtrant .Je les poursuivis dans une longue allée , verte et embaumée ; – je les aperçus , tout au bout , sous un dôme de verdure , amoureusement enlacés .Plus j ' allais , plus ils semblaient s ' éloigner ; et l ' allée s ' en allait rétrécissant toujours .",
                  "id": "2",
                  "title": "Abraham Pinedo, docteur d'Amsterdam : contes hollandais / par M. Arnold de Costa"
            },
            {
                  "doc_url": "https://gallica.bnf.fr/ark:/12148/bpt6k6530079m",
                  "emotions": [
                        "love"
                  ],
                  "excerpt": "Il faut à Venise , pour être elle , son peuple , avec ses allures vénitiennes et son caractère tout en dehors ; et non pas l ' excellent peuple d ' Amsterdam , avec son air hollandais , riant dans sa barbe et chantant tristement ; actif et laborieux sans qu ' il y paraisse , semblable à ces animalcules innombrables qui habitent sur des feuilles d ' arbres : on dirait une masse inerte et apathique ; regardez à la loupe ; c ' est une colonie remuante et travailleuse .Venise , c ' est une grande belle dame coquette , parée et parfumée , qui a des amoureux .Elle est comme Ninon , elle fait des conquêtes quoique vieille ; elle inspire l ' artiste , le poète la chante , le peintre emporte son portrait sur sa toile , et le musicien lui donne sa barcarolle .",
                  "id": "3",
                  "title": "Abraham Pinedo, docteur d'Amsterdam : contes hollandais / par M. Arnold de Costa"
            },
            {
                  "doc_url": "https://gallica.bnf.fr/ark:/12148/bpt6k6305407r",
                  "emotions": [
                        "love",
                        "amusement"
                  ],
                  "excerpt": "Je fus surpris à l ' aspect d ' un petit salon moderne , où je ne sais quel artiste avait épuisé la science de notre décor , si léger , si frais , si suave , sans éclat , sobre de dorures .C ' était amoureux et vague comme une ballade allemande , un vrai réduit taillé pour une passion de 1827 , embaumé par des jardinières pleines de fleurs rares .Après ce salon , j ' aperçus en enfilade une pièce dorée où revivait le goût du siècle de Louis XIV , qui , opposé à nos peintures actuelles , produisait un bizarre , mais agréable contraste .",
                  "id": "4",
                  "title": "La peau de chagrin / par M. H. de Balzac"
            },
            {
                  "doc_url": "https://gallica.bnf.fr/ark:/12148/bpt6k6305407r",
                  "emotions": [
                        "love",
                        "calmness"
                  ],
                  "excerpt": "M ' imposer des nuits sans sommeil , avoir dissipé deux mois de mon existence , et ne pas lui plaire ! Jamais ce démon ne fut ni plus gracieux ni plus insensible .Pendant la route , assis près d ' elle dans un étroit coupé , je respirais son souffle , je touchais son gant parfumé , je voyais distinctement les trésors de sa beauté , je sentais une vapeur douce comme l ' iris : toute la femme et point de femme .En ce moment , un trait de lumière me permit de voir les profondeurs de cette vie mystérieuse .",
                  "id": "5",
                  "title": "La peau de chagrin / par M. H. de Balzac"
            },
            {
                  "doc_url": "https://gallica.bnf.fr/ark:/12148/bpt6k54463711",
                  "emotions": [
                        "love",
                        "desire",
                        "nostalgia",
                        "envy"
                  ],
                  "excerpt": "» Il se pencha .it vers elle , il aspirait le parfum de printemps qui sortait de la petite nuque enfantine où riait l ' or pâle des frisons , et il ne savait pas ce qu ' elle disait , et il était fou , et il l ' adorait .D ' ailleurs , il souffrait cruellement .",
                  "id": "6",
                  "title": "La femme-enfant : roman contemporain / Catulle Mendès"
            },
            {
                  "doc_url": "https://gallica.bnf.fr/ark:/12148/bpt6k9691889k",
                  "emotions": [
                        "love",
                        "nostalgia"
                  ],
                  "excerpt": "Les serviteurs de don Augustin étaient trop éloignés maintenant pour distinguer Sang Mêlé , dont la haute taille s ' était redressée , et qui montrait parfois le mouchoir dont sa tête était couverte .La cavalcade marchait doucement , comme il arrive toujours au matin , quand le coeur semble s ' épanouir au souffle d ' une brise chargée de tous les parfums de la vie , qu ' il savoure avec délices au milieu du désert .Le lever et le coucher du soleil sont les heures de douces pensées , plus riantes le matin , plus sérieuses le soir ; les premières aiment à sourire à l ' avenir , les secondes sourient plus volontiers au passé .",
                  "id": "7",
                  "title": "Le coureur des bois ou Les chercheurs d'or. Tome 2 / par Gabriel Ferry (Louis de Bellemare)"
            },
            {
                  "doc_url": "https://gallica.bnf.fr/ark:/12148/bpt6k9691889k",
                  "emotions": [
                        "love"
                  ],
                  "excerpt": "« Ceux - là se régalent aussi là - bas , » dit le Canadien en montrant sur le bord de la rivière qu ' ils venaient de quitter , deux autres convives non moins acharnés qu ' eux - mêmes sur les débris sanglants du bison .C ' étaient les deux loups qui , après avoir traversé l ' eau , attirés par l ' odeur du buffle , le dépeçaient avec une ardeur au moins égale à celle des trois chasseurs .La bosse du bison avait entièrement disparu , et Pepe jetait encore un oeil de convoitise sur le filet découpé en lanières , que Bois - Rosé fit presque calciner sur les charbons , afin de pouvoir conserver pour quelques jours encore la chair ainsi desséchée .",
                  "id": "8",
                  "title": "Le coureur des bois ou Les chercheurs d'or. Tome 2 / par Gabriel Ferry (Louis de Bellemare)"
            },
            {
                  "doc_url": "https://gallica.bnf.fr/ark:/12148/bpt6k9681158b",
                  "emotions": [
                        "love",
                        "pride",
                        "gratitude",
                        "envy",
                        "greed"
                  ],
                  "excerpt": ".Les Lares sont pourtant la plus chère richesse ! — Blâme , si tu le veux , Rhodes et sa mollesse , Corinthe et ses parfums ; tu n ' as pas à trembler , Ces jeunes gens passant leur temps à s ' épiler , Phidiacum vivebat ebur , necnon Polycleti Multus ubique labor : raras sine Mentore mensæ .Inde Dolabella est , atque hinc Antonius ; inde Sacrilegus Verres .",
                  "id": "9",
                  "title": "Les Satires de Juvénal : accompagnées du texte latin et de remarques extraites de la traduction de M. de Silvecane (édition de 1690) / traduites en vers par Paul Ducos"
            },
            {
                  "doc_url": "https://gallica.bnf.fr/ark:/12148/bpt6k1250622p",
                  "emotions": [
                        "love"
                  ],
                  "excerpt": "TAPISSERIES ET BRODERIES ANCIENNES TENTURES , TAPIS 218 — Suite de quatre magnifiques tapisseries de Beau vais ou de Bruxelles du temps de Louis XIV , représentant des scènes allégoriques à l ' histoire des dieux et des déesses , composition de nombreux personnages gracieusement groupés dans des paysages fleuris et verdoyants .Remarquables bordures à fond jaune offrant des amours au milieu de rinceaux enguirlandés et enrubannés soufflant dans des conques , des enfants debout sur gaines surmontés de vases d ' or et émaillés enguirlandés de laurier avec couronnement à groupes de cigognes au - dessus desquelles s ' enlacent des enfants ; en haut une suite d ' amours prenant leurs ébats dans un paysage au milieu duq : el flamboie un brûle - parfums accosté de béliers .La première représente Apollon cheç les Muses .",
                  "id": "10",
                  "title": "Catalogue d'un magnifique mobilier de styles XVIIe et XVIIIe siècles..., meubles anciens..., tableaux anciens et modernes... / [expert] Arthur Bloche"
            },
            {
                  "doc_url": "https://gallica.bnf.fr/ark:/12148/bpt6k6473516m",
                  "emotions": [
                        "love",
                        "nervousness",
                        "pain"
                  ],
                  "excerpt": "Avant de poursuivre , il est important de signaler que le sieur M * * * était demeuré exposé à un soleil très - chaud toute la matinée , ce qui lui arrivait souvent quand il cultivait son jardin , genre de distraction qu ' il aimait .A ces coliques succèdent des vomissemens verdâtres avec sentiment d ' ardeur à la gorge : arrivé près de lui , je le trouve dans un état d ' abattement difficile à dépeindre ; le pouls était concentré , la langue un peu rouge , comme d ' habitude , sans pourtant être sèche , les extrémités refroidies .A six heures , hoquets , crampes vives ; les vomissemens et les selles se succèdent avec rapidité ; Yeus recours au même mélange d ' éther , de laudanum et de sucre , que dans l ' observation précédente : deux lavemens opiacés diminuèrent les vomissemens et les selles .",
                  "id": "11",
                  "title": "Précis historico-physique d'hygiène navale , suivi d'un Recueil analytique des meilleurs écrits publiés sur les quatre maladies les plus redoutables aux navigateurs européens en Amérique et aux Indes (le scorbut, le tétanos, le choléra-morbus et la fièvre jaune). Par M. Da-Olmi,..."
            },
            {
                  "doc_url": "https://gallica.bnf.fr/ark:/12148/bpt6k5427460b",
                  "emotions": [
                        "love",
                        "nostalgia",
                        "gratitude"
                  ],
                  "excerpt": "Comme la fleurette qui vient d ' éclore , — ouvre ton coeur , Dieu va venir , — sur la table sainte ornée pour la fête , — dans le pain qui procure l ' avenir .Et puis , laisse de ta bouche — fraîche , rose et blanche , — jaillir le parfum mielleux , Pour que ton ange , Louise , — puise de ta première pâque , — pour le ciel , l ' espoir , qui est si doux ! 29 mai 1884 .L ' OURJOULET A MOUSSU PHILIP ( TOUTESCÀS ) [ Pèça courounada à Bnziès ) A la font quand t ' envàs souleta , T ' aproches pas dau rigoulet ; Vai plan qu ' en resquinlant , drouleta , Poudriès bercà toun ourjoulet .",
                  "id": "12",
                  "title": "Ma Dinièirola : La Courouna pouetica dau Lengadoc / pèr J.-E. Castelnau ; Em' una letra-prefaci di L. Roumieux,..."
            },
            {
                  "doc_url": "https://gallica.bnf.fr/ark:/12148/bpt6k57075707",
                  "emotions": [
                        "love"
                  ],
                  "excerpt": "2 .Elles sont parfumées des onguents les plus suaves .Ton nom est de l ' huile limpide .",
                  "id": "13",
                  "title": "Théologie hindoue : Le \"Kama Soutra\", règles de l'amour de Vatsyayana (morale des brahmanes) / trad. par E. Lamairesse,..."
            },
            {
                  "doc_url": "https://gallica.bnf.fr/ark:/12148/bpt6k5451996n",
                  "emotions": [
                        "love",
                        "nostalgia"
                  ],
                  "excerpt": "Son site est agréable , bien aéré , elle a plusieurs promenades , le square de la place de la Fête et son luxueux et pittoresque jardin ou parc des Buttes - Chaumont .Autrefois , tout couple amoureux devait un pélerinage à l ' île d ' Amour dont les charmilles touffues et odorantes protégeaient les tendres soupirs .Elle était le lieu de prédilection de la société lyrique des jeunes poètes et chansonniers , parmi lesquels on distingue Désaugiers , Béranger , etc .",
                  "id": "14",
                  "title": "Belleville réhabilité dans l'opinion publique : réponse aux attaques et aux insinuations calomnieuses de quelques organes de la presse / par Émile Miguet,..."
            },
            {
                  "doc_url": "https://gallica.bnf.fr/ark:/12148/bpt6k994203v",
                  "emotions": [
                        "admiration",
                        "love",
                        "excitement",
                        "gratitude",
                        "faith"
                  ],
                  "excerpt": "Contemplons , adorons .Dans l ' enfant et la rose Respirons Son parfum divin qui nous arrose , Dans les bois et les monts regardons Sa splendeur , Dans la mer déroulant sa vague avec ardeur , Voyons Sa vastitude et Sa toute - puissance ; Dans le soleil lisons de Sa magnificence .Prions devant le ciel par ces sublimes soirs Où les étoiles font dans l ’ air des reposoirs , Où le champ parle avec le concert des insectes .",
                  "id": "15",
                  "title": "Extases et luttes ; Liberté : poëmes / Emile Bernard"
            },
            {
                  "doc_url": "https://gallica.bnf.fr/ark:/12148/bpt6k9462952",
                  "emotions": [
                        "love"
                  ],
                  "excerpt": "Au moment de se quitter , leurs mains se pressèrent , leurs lèvres se rencontrèrent , et , comme la veille , une ardente sensation de plaisir parcourut tout le corps de Sophie , qui se pâma toute frissonnante sous cet âpre baiser .Théodore fut obligé de la soutenir dans ses bras , mais en sentant les frémissements de cette taille flexible , les tièdes effluves qui se dégageaient de ce corps souple et charmant , qui , comme une sensitive , frissonnait sur sa poitrine , il perdit la tête et redoubla ses caresses ; Sophie les lui rendit avec frénésie ..",
                  "id": "16",
                  "title": "Le crime du moulin d'Usor / Louis Jacolliot"
            },
            {
                  "doc_url": "https://gallica.bnf.fr/ark:/12148/bpt6k1039016n",
                  "emotions": [
                        "joy",
                        "love",
                        "nostalgia",
                        "gratitude",
                        "disappointment"
                  ],
                  "excerpt": "Accepte par instant la sublime caresse , Du baiser qui se pose aux fleurs de ta passion j Mouvement radieux , qui glane sans paresse .A la lèvre jolie une fine émotion , Butine sans arrêt ce délice folâtre , Qui va de bouche en bouche embaumer les doux mots ; Que tes bras de Vénus , aux finesses d ’ albâtre , Captivent cette effluve au milieu de nos maux , Et consacrant sans fin à la bonne nature , Cet idéal bonheur au souffle parfumé , Exhale à l ’ aquilon un regret qui murmure Que ce charme divin est trop tôt consommé .Paul TROUILLER .",
                  "id": "17",
                  "title": "Revue littéraire, artistique, théâtrale et sportive"
            },
            {
                  "doc_url": "https://gallica.bnf.fr/ark:/12148/bpt6k5842752s",
                  "emotions": [
                        "love",
                        "nostalgia"
                  ],
                  "excerpt": "208 LES COEURS MALADES Jamais je ne me suis remise de sa mort .Je la porte en moi comme un bouquet de fleurs noires dont le parfum empoisonné flétrit toutes mes émotions ; je ne peux l ' oublier ; j ' y pense toujours .Pierre est l ' ange , l ' être supérieur auquel je parle dans mes heures profondes .",
                  "id": "18",
                  "title": "Les coeurs malades : roman / Eugène Montfort"
            },
            {
                  "doc_url": "https://gallica.bnf.fr/ark:/12148/bpt6k5427460b",
                  "emotions": [
                        "love",
                        "nostalgia",
                        "gratitude",
                        "faith"
                  ],
                  "excerpt": ".— Et pour vous , anciens piliers de l ' Évangile , — pour vous , professeurs qui répandez comme le lis — le parfum le plus doux ! aujourd ' hui , que de ce banc — mon souvenir affectueux vole et vers Montauban — se pose quelquefois ; mais dans ce temple , — sous l ' oeil de l ' Éternel , que je contemple sans cesse , — pour celui qui m ' a servi de père à tout instant , — aimé et béni qu ' il demeure éternellement ! C ' était un jeudi matin , le vingt - cinq novembre .— Oh ! la belle fête ! .",
                  "id": "19",
                  "title": "Ma Dinièirola : La Courouna pouetica dau Lengadoc / pèr J.-E. Castelnau ; Em' una letra-prefaci di L. Roumieux,..."
            },
            {
                  "doc_url": "https://gallica.bnf.fr/ark:/12148/bpt6k6128319m",
                  "emotions": [
                        "love"
                  ],
                  "excerpt": "Mlle a le plus doux nom que jamais l ' on forma , gais rien n ' est aussi doux que sa sainte personne , ges vers lui tresseront l ' immortelle couronne > lors qu ' on pourra dire : « Enfin son coeur aima ! » - 45Hmma , - 45Hmma , complet du rêve de mon âme , g on coeur , en vous voyant , bien vite vous aima ; gais c ' est que de trésors le bon Dieu vous forma .> lors , qui n ' aurait pas pour vous l ' ardente flamme ? Mlle est un charme exquis de parfum , de saveur ; g on culte à ses genoux mettrait toute ma vie .g on coeur s ' évanouit en songeant , plein d ' envie , > u bonheur de celui qu ' élira sa faveur .",
                  "id": "20",
                  "title": "Souvenirs et récréations, par Ernest Héritte,..."
            }
      ]
}