{
      "articles": [
            {
                  "doc_url": "https://gallica.bnf.fr/ark:/12148/bpt6k64806666",
                  "emotions": [
                        "admiration",
                        "love",
                        "optimism",
                        "nostalgia",
                        "gratitude",
                        "faith"
                  ],
                  "excerpt": "La ronce du chemin s ' incline à ton passage K Ton jeune vol encor n ' a frôlé que des fleurs .Le lointain horizon à l ' espoir te convie ; En rêve tu poursuis de célestes amours - , Et ton cœur chaste et saint , dans le champ de la vie , Ignore que Foubli les moissonne toujours 1 Puisse ton doux parfum , beau lys qui vient d ' éclore , Comme un encens béni , s ' exhaler vers les cieux t Puisse ton soir , enfant , rival de ton aurore r Sans crainte et sans regret s ' éteindre radieux ! Comme la tienne , enfant , ma jeunesse eut ses charmes .J ' aimai d ' amour un ange et n ' adorai que lui .",
                  "id": "1",
                  "title": "Poésies nouvelles du Cte Eugène de Lonlay,... (3e édition)"
            },
            {
                  "doc_url": "https://gallica.bnf.fr/ark:/12148/bpt6k5608023x",
                  "emotions": [
                        "love",
                        "gratitude"
                  ],
                  "excerpt": "— 116 — lie Printemps .Les champs ont revêtu leur robe de verdure , L ' aubépine fleurie embaume les coteaux , Et l ' amoureux zéphyr berçant les arbrisseaux , Eu fait pleuvoir des fleurs avec un doux murmure .Ob ! que j ' aime en avril , quand renaît la nature , Que l ' air est parfumé , que chantent les oiseaux , A suivre dans leur cours les paresseux ruisseaux Qui sur l ' émail des prés coulent à l ' aventure ! .",
                  "id": "2",
                  "title": "Le collier de perles : sonnets, paysages, tableaux, impressions, légendes / par Joseph Petasse"
            },
            {
                  "doc_url": "https://gallica.bnf.fr/ark:/12148/bpt6k5608023x",
                  "emotions": [
                        "grief",
                        "love",
                        "desire",
                        "nostalgia",
                        "gratitude",
                        "disappointment"
                  ],
                  "excerpt": "J ' ai le ruisseau limpido où la truite fourmille , Les champs où la perdrix promène sa famille , Et de lous les côlés , des bols pour horizon .Le soir et le malin , dans mes courses aimées , J ' ai l ' uiguadc au flot pur , les brises parfumées , RI des désirs bornés au seuil de ma maison .Ciirlii « lelwal « l .",
                  "id": "3",
                  "title": "Le collier de perles : sonnets, paysages, tableaux, impressions, légendes / par Joseph Petasse"
            },
            {
                  "doc_url": "https://gallica.bnf.fr/ark:/12148/bpt6k57306774",
                  "emotions": [
                        "admiration",
                        "love",
                        "desire",
                        "nostalgia",
                        "excitement",
                        "gratitude",
                        "envy"
                  ],
                  "excerpt": "I .voir obtenu d ' une beauté blanche et fraîche la tant douce faveur de cueillir sur ses lèvres purpurines un baiser tout parfumé d ' amour , d ' innocence et de jeunesse ; s ' approcher , palpitant de désirs , de cette bouche qui ressemble au calice embaumé de la rose , et reconnaître , à de traîtresses émanations , que la beauté y susdite a une passion fanatique i - pour le cervelas à l ' ail .y ' H .",
                  "id": "4",
                  "title": "La femme la plus malheureuse du monde / par Édouard Lemoine ; 60 vignettes de Valentin"
            },
            {
                  "doc_url": "https://gallica.bnf.fr/ark:/12148/bpt6k9762749f",
                  "emotions": [
                        "love",
                        "optimism",
                        "desire",
                        "excitement"
                  ],
                  "excerpt": "Ainsi l ' abeille a l ' ete nouveau , dans les champs fleuris fait son travail , au soleil , lorsqu ' elles produisent les jcunes essaims de leur race ( ou mieux lorsqu ' elles conduisent les jeunes produits de leur race , les jeunes abeilles qui sortent pour la première fois ) , ou lorsqu ' elles recueillent leurmiel liquide et remplissent leurs alveoles d ' un doux nectar : ou lorsqu ' elles reQoivent les fardeaux des nouvelles venues ( de ' celles qui rentrent ) ou lorsque rangees en bataille , elles chassent de leurs demeures les frelons , troupeau paresseux .Le travail est dans toute son ardeur , et le miel parfume rend 1 ' odeur du thym .441 .",
                  "id": "5",
                  "title": "Étude analytique sur l'Énéide : avec des citations choisies et leur traduction littérale, un parallèle entre les meilleures traductions et des commentaires sur certains passages difficiles / par le comte de Grandeffe"
            },
            {
                  "doc_url": "https://gallica.bnf.fr/ark:/12148/bpt6k6552432r",
                  "emotions": [
                        "love"
                  ],
                  "excerpt": "Sortant du banc dans lequel elle était agenouillée , une Sœur s ' avançait vers eux .Sous sa cornette , dont les grandes ailes blanches avaient tout à l ' heure semblé à Frère Nicéphore un oiseau du ciel , volant assez près de la terre pour en respirer les parfums d ' amour , assez loin toutefois pour ne pas se salir à la fange , le visage de la Sœur , à demi perdu dans l ' ombre , apparaissait à peine , éclairé seulement par l ' admirable éclat de grands yeux noirs .Une sorte de rayonnement s ' en - échappait , rayonnement de vertu , de dignité , de chasteté et d ' amour ; et le plus insolent des esprits forts d ' Orgelet , baissant malgré lui le front en face de cette figure de martyre , n ' eût pas osé proférer un de ses blasphèmes ordinaires .",
                  "id": "6",
                  "title": "Frère Nicéphore / par Alexis Clerc"
            },
            {
                  "doc_url": "https://gallica.bnf.fr/ark:/12148/bpt6k6487984b",
                  "emotions": [
                        "joy",
                        "grief",
                        "love",
                        "desire",
                        "nostalgia",
                        "excitement",
                        "gratitude",
                        "faith"
                  ],
                  "excerpt": "J ' ai quinze ans et je suis peureuse ; Seule je languis chaque soir .Ah ! viens sur ma couche amoureuse , Viens , sylphe léger , viens t ' asseoirl Dès longtemps , brûlant d ' être aimée , Eugénie , au déclin du jour , Respirant la brise embaumée , Rêveuse s ' abreuve d ' amour t Puis , animant sa mandoline , Elle élève sa voix divine , Et des pleurs tombent de ses yeux .J ' ai quinze ans , etc .",
                  "id": "7",
                  "title": "Le flambeau des chansonniers : recueil de chansons bachiques, grivoises, comiques et sentimentales... / ouvrage mis en ordre par Pécatier,..."
            },
            {
                  "doc_url": "https://gallica.bnf.fr/ark:/12148/bpt6k14115132",
                  "emotions": [
                        "admiration",
                        "trust",
                        "love",
                        "gratitude"
                  ],
                  "excerpt": "Que d ’ enseignements , prêtres , séminaristes , religieux pourront recueillir au contact de cette vie du serviteur fidèle , qui , dans les plus diverses conditions , s ’ est toujours montré prêtre en tout , prêtre parfait , et inventas est justus , juste dans toutes les heures de sa vie .Enfants de notre chère Marseille , si prompte dans ses enthousiasmes , si vraie dans ses premiers jugements , c ’ est pour vous surtout que nous avons écrit ; que ce parfum mêlé à votre vie de tous les jours la rende plus forte , plus agréable à Dieu et plus pure .Si ce que nous racontons des miracles augmente votre légitime confiance envers notre Vénérable , et vous pousse à recourir à son crédit dans toutes vos épreuves , souvenez - vous que la meilleure manière d ’ intéresser les Saints à nos suppliques c ’ est d ’ imiter leurs vertus « Quorum in - tuentes exitum conversâtionis , imilamini fidem » , c ’ est - à - dire que pieusement émus de leur mort admirable et des prodiges qui leur survivent , nous devons surtout imiter et faire revivre les œuvres de leur foi .",
                  "id": "8",
                  "title": "Vie du vénérable J.-B. Gault, prêtre de l'Oratoire de Jésus, évêque de Marseille en 1643 , par M. l'abbé Payan d'Augery,..."
            },
            {
                  "doc_url": "https://gallica.bnf.fr/ark:/12148/bpt6k14115132",
                  "emotions": [
                        "grief",
                        "love",
                        "caring",
                        "faith"
                  ],
                  "excerpt": "Les merveilles qui s ’ accomplissent à Marseille parviennent , par la voix publique , sur tous les points de la Provence , d ’ où s ’ organisent de vrais pèlerinages à la Major ; les personnages les plus éminents , les administrations hospitalières les plus sérieuses partagent la confiance au thaurmaturge nouveau .Plusieurs Evêques viennent vénérer leur confrère endormi ; l ’ Evêque de Sisteron , M gr Toussaint de Glandevès , s ’ allonge avec dévotion dans le cercueil de plomb , pour y puiser l ’ esprit de foi de Jean - Baptiste ; il tient à visiter la chambre où il a souffert , et comme ses collègues , ne pouvant le baiser lui - même , il embrasse Hilai - rin , comme pour respirer le parfum que l ’ agonisant , si souvent soulevé par lui durant ses étouffements , avait dû lui laisser .Tandis que les Evêques se retirent émerveillés de ce qu ’ ils ont vu et entendu , l ’ hospice d ’ Arles , par sa décision du 13 juin 1643 , fait les fonds du voyage de deux de ses hospitalisées , les femmes Gravenque et Marfoure , depuis longtemps percluses , qu ’ on ne peut priver d ’ aller essayer du crédit de M .",
                  "id": "9",
                  "title": "Vie du vénérable J.-B. Gault, prêtre de l'Oratoire de Jésus, évêque de Marseille en 1643 , par M. l'abbé Payan d'Augery,..."
            },
            {
                  "doc_url": "https://gallica.bnf.fr/ark:/12148/bpt6k6139293d",
                  "emotions": [
                        "admiration",
                        "love",
                        "gratitude",
                        "approval",
                        "faith"
                  ],
                  "excerpt": "2t Novembre Là Présentation de Marie .Cison , roule tes flots avec plus d ' harmonie ; Salue , avec amour , de la Vierge bénie Le passage mystérieux • Toi , célèbre Garmel , chéri du grand Prophète , Verse tous tes parfums sur celte jeune tête Que viennent contempler les Cieux .Saron , verte Saron , par le soleil aimée , Élargis les sentiers de ta plaine embaumée — 251 — Sous les pas des saints voyageurs : Taudis que les frimais endorment Samarie , Présente avec orgueil , aux regards de Marie , La neige de tes lis en fleurs .",
                  "id": "10",
                  "title": "La Couronne poétique du catéchisme, recueil d'explications, récits, paraboles, traditions,... par J.-B. Gergerès,..."
            },
            {
                  "doc_url": "https://gallica.bnf.fr/ark:/12148/bpt6k6139293d",
                  "emotions": [
                        "joy",
                        "love",
                        "optimism",
                        "excitement",
                        "relief",
                        "gratitude",
                        "faith"
                  ],
                  "excerpt": "Si vous étiez plus grands , prolongeant la prière , Nous passerions la nuit à la douce lumière Des pâles flambeaux du trépas : Car , durant cette nuit , vieillards , vierges et femmes , Tous les coeurs pleins de foi , toutes les saintes âmes , On vous l ' a dit , ne dorment pas .Ivre d ' amour , nageant dans une douce extase , Votre coeur en priant sera là comme un vase Rempli de parfums jusqu ' au bord : Heureux , vous entendrez ce que dira Marie ; Vous comprendrez alors que , pour l ' âme qui prie , Le Calvaire c ' est le Thabor .Mais demain , le grand jour , le grand anniversaire , Où redouble le deuil au fond du sanctuaire ; - — 185 — ( Qu ' ai - je besoin de l ' ordonner ? ) Le plus petit au moins sera grand , sera sage : Demain , pour plaire à Dieu , les oiseaux , dans leur cage , Et les enfants devront jeûner .",
                  "id": "11",
                  "title": "La Couronne poétique du catéchisme, recueil d'explications, récits, paraboles, traditions,... par J.-B. Gergerès,..."
            },
            {
                  "doc_url": "https://gallica.bnf.fr/ark:/12148/bpt6k56027044",
                  "emotions": [
                        "love"
                  ],
                  "excerpt": ": il s ' évapore donc rapidement à la température ordinaire , en absorbant fortement la chaleur .Son odeur est celle de l ' essence d ' amande amère .Ses propriétés acides sont très peu marquées ; il rougit à peine le papier bleu de tournesol .",
                  "id": "12",
                  "title": "Nouveaux éléments de matière médicale et de thérapeutique, exposé de l'action physiologique et thérapeutique des médicaments / par H. Nothnagel,... M. J. Rossbach,... ; ouvrage traduit sur la 6e édition allemande et annoté par le Dr J. Alquier ; précédé d'une introduction par Ch. Bouchard,..."
            },
            {
                  "doc_url": "https://gallica.bnf.fr/ark:/12148/bpt6k57240897",
                  "emotions": [
                        "love"
                  ],
                  "excerpt": "Ce fait , d ' ailleurs assez rare , a été surtout observé pour les ganglions axillaires , dans des cas de pemphigus confluent du membre thoracique .— En vous parlant de l ' urticaire , messieurs , je me suis attaché à vous montrer combien cetle affection générique diffère d ' ellemême , suivant qu ' elle revêt la forme aiguë ou la forme chronique , elpour mieux consacrer , en quelque sorte , celle distinction fondamentale , j ' ai proposé de donner à la première forme le nom d ' urticaire , et à la deuxième celui de cnidosis .Or , cette division n ' esl ici ni moins importante , ni moins radicale qu ' elle ne l ' était à l ' égard de l ' urticaire .",
                  "id": "13",
                  "title": "Leçons théoriques et cliniques sur les affections génériques de la peau. Volume 2 / professées par le Dr E. Bazin,... ; rédigées et publiées par le Dr Émile Baudot,... (et le Dr Léon Guérard)"
            },
            {
                  "doc_url": "https://gallica.bnf.fr/ark:/12148/bpt6k54151679",
                  "emotions": [
                        "love"
                  ],
                  "excerpt": ".Exhibant à l ' époux les cigares exquis Qu ' embauma le soleil ardent de La Havane , Il ouvre un paradis où l ' amour se pavane : Toujours par quelque arome un mortel est conquis ! La jeunesse , aussitôt la valise bouclée , S ' informe du retour de « monsieur le marchand » ; Mais lui , sait qu ' en ce monde hypocrite et méchant La fauve indépendance est bien vite sarclée .Les Contrebandiers .",
                  "id": "14",
                  "title": "Pics et vallées, de novembre 1883 à septembre 1884 / Raoul Lafagette"
            },
            {
                  "doc_url": "https://gallica.bnf.fr/ark:/12148/bpt6k9738514k",
                  "emotions": [
                        "love"
                  ],
                  "excerpt": "Le souffle rafraîchissant du sud - ouest y est arrêté par la hauteur des montagnes ; de sorte que la descente transporte l ' habitant ou l observateur sur des bas - fonds animés par les seules influences de la latitude .L ' immense espace de la terre ferme est d ' ailleurs là qui s étend vers l ' est pour y recueillir et communiquer les émanations des ardeurs solaires ! C ' est la région naturelle de la tierra calienre avec tous les développements connus de ises effets les plus ordinaires .Rien ne manque donc au Pérou pour mériter d ' être considéré comme un centre de réunion de tous les climats que la terre possède .",
                  "id": "15",
                  "title": "Influence de la pression de l'air sur la vie de l'homme : climats d'altitude et climats de montagne. Tome 1 / par D. Jourdanet,..."
            },
            {
                  "doc_url": "https://gallica.bnf.fr/ark:/12148/bpt6k55022186",
                  "emotions": [
                        "love",
                        "caring"
                  ],
                  "excerpt": "Il était venu à la messe pour s ' y montrer , et il se cache : le voilà retenu par le pied dans sa chambre tout le reste 102 LE LA BRUYÈRE DES ÉCOLES du jour .Il a la main douce , et il l ' entretient avec une pâte de senteur .Il a soin de rire pour montrer ses dents : il fait la petite bouche , et il n ' y a guère de moments où il ne veuille sourire .",
                  "id": "16",
                  "title": "Le La Bruyère des écoles / par Émile Gossot,..."
            },
            {
                  "doc_url": "https://gallica.bnf.fr/ark:/12148/bpt6k6290668t",
                  "emotions": [
                        "love"
                  ],
                  "excerpt": "— De la manière d ' imiter les Fruits — .la Rosée — les Parfums des fleurs .— Bonbonnières en fleurs artificielles .",
                  "id": "17",
                  "title": "Manuel du fleuriste artificiel, ou L'art d'imiter d'après nature toute espèce de fleurs ... suivi de L'art du plumassier ; par Mme Celnart"
            },
            {
                  "doc_url": "https://gallica.bnf.fr/ark:/12148/bpt6k5426105s",
                  "emotions": [
                        "admiration",
                        "love",
                        "pride",
                        "gratitude",
                        "faith"
                  ],
                  "excerpt": "Et tic , tac , tac , Accourez au tic , tac , Moudre au beau moulin de la Rivière .IX Doux Jésus que j ' aime à prier , Tu me fis honnête meunier ^ Gloire à toi ! j ' en ai l ' ame fière ! Du beau froment aimant l ' odeur , Jamais je n ' en prends que la fleur .Et tic , tac , tac , Accourez au tic , tac , Moudre au beau moulin de la Rivière .",
                  "id": "18",
                  "title": "Chansons normandes du moulin et de la fête du moulin de La Rivière, en Normandie, près des Andelys ; accompagnées du chant de mai : la Carriole du courtier ou Mon voyage en Normandie, et suivies d'une Idylle philosophique, par P. Laisné"
            },
            {
                  "doc_url": "https://gallica.bnf.fr/ark:/12148/bpt6k97374175",
                  "emotions": [
                        "admiration",
                        "disgust",
                        "love",
                        "pride",
                        "envy"
                  ],
                  "excerpt": ".Carnous , hommes des champs , morbleu ! nousn ' aimonspas Tous ces beaux précieux qui se croisent les bras : Troupeau de fainéants qui , parfumé de myrrhe , Se croit bien admirable et veut que l ' on l ' admire .Un poëte ! .",
                  "id": "19",
                  "title": "Dessins à la plume : compositions littéraires en vers : contes, poëmes, fables, satires, sonnets / Cornisset"
            },
            {
                  "doc_url": "https://gallica.bnf.fr/ark:/12148/bpt6k5688257m",
                  "emotions": [
                        "love",
                        "greed"
                  ],
                  "excerpt": "Dans les aphthes on met une grande cuillerée de ce sirop dans un demi verre d ' eau et l ' on se gargarise souvent avec ce liquide .VIOLETTE ODORANTE , ( Famille des Violariées .) Tout le monde connaît cette aimable fleur : c ' est la modestie , la simplicité , la grâce , tout ce qu ' il y a de plus tendre , de plus ingénu ; elle annonce le départ de l ' hiver et les premiers beaux jours : elle aime les lieux écartés , solitaires , où règnent la paix et le silence , et croît par touffes le long des haies , à l ' abri des buissons qui la protégent contre les injures de l ' air ; RÉCOLTE .",
                  "id": "20",
                  "title": "La santé ou la médecine populaire : traitement simple, facile et peu coûteux de toutes les maladies par les propriétés des plantes... / par Jules Clément,..."
            }
      ]
}