{
      "articles": [
            {
                  "doc_url": "https://gallica.bnf.fr/ark:/12148/bpt6k5742865h",
                  "emotions": [
                        "love",
                        "optimism",
                        "pride",
                        "envy",
                        "disappointment"
                  ],
                  "excerpt": ".Le Vésuve a beaucoup baissé : J ' étais plus chaud que son effluve , Plus que sa crête hérissé ..",
                  "id": "1",
                  "title": "Les amours jaunes / Tristan Corbière"
            },
            {
                  "doc_url": "https://gallica.bnf.fr/ark:/12148/bpt6k6465633t",
                  "emotions": [
                        "love"
                  ],
                  "excerpt": "1 — — d ' oeillet 3 — — de hêtre .1 — Parfum de la femme aimée .Infusion d ' iris Un demi - litre .",
                  "id": "2",
                  "title": "Hygiène du visage : formulaire cosmétique et esthétique (2e édition, avec figures dans le texte) / par le docteur Paul Gastou,..."
            },
            {
                  "doc_url": "https://gallica.bnf.fr/ark:/12148/bpt6k6465633t",
                  "emotions": [
                        "love"
                  ],
                  "excerpt": "14 — ( De Lusi ) .Parfum de Sylvie .Extrait alcoolisé de vanille 28 centilitres .",
                  "id": "3",
                  "title": "Hygiène du visage : formulaire cosmétique et esthétique (2e édition, avec figures dans le texte) / par le docteur Paul Gastou,..."
            },
            {
                  "doc_url": "https://gallica.bnf.fr/ark:/12148/bpt6k6494991t",
                  "emotions": [
                        "love",
                        "courage"
                  ],
                  "excerpt": "Pour lui , elle est « une de ces beautés étranges et rares auxquelles nos yeux ont besoin de s ' accommoder a .Une très grande intimité avec l ' heureux ménage fait naître l ' amour : il ose lever les yeux sur celle que dès le berceau , l ' amoureuse nature Dans ses secrets desseins avait formé exprèsPlus fraîche que la vigne au bord d ' un antre [ frais , Douce comme un parfum et comme une harfmoniè .» Cependant ( la confidence est de mai 1829 ) , s ' il envie le sort de l ' époux , il ne se croit pas digne de cette « fleur » qui devait fleurir sous les pas du génie .",
                  "id": "4",
                  "title": "Le Vieux Saint-Maur"
            },
            {
                  "doc_url": "https://gallica.bnf.fr/ark:/12148/bpt6k9763710w",
                  "emotions": [
                        "joy",
                        "love",
                        "nostalgia",
                        "relief",
                        "calmness"
                  ],
                  "excerpt": ".Sa voix charmait en moi l ' ennui sourd de la vie ; A ses accents tout pleins d ' une exquise douceur , Je sentais pénétrer dans mon âme ravie Je ne sais quels parfums qui montaient de son cœur .Ainsi quand , poursuivi par la haine - et l ' outrage , Charles - Stuart passait , à l ' échafaud traîné , Une héroïque enfant bravant les cris de rage , Vint offrir une rose au pâle condamné .",
                  "id": "5",
                  "title": "Le désaccord Veyrat-Raymond (1841-1843) : le \"privilège-Raymond\" et le développement de la \"presse savoyarde\", réponse à M. l'avocat Louis Raymond / par Alfred Berthier,..."
            },
            {
                  "doc_url": "https://gallica.bnf.fr/ark:/12148/bpt6k5467945g",
                  "emotions": [
                        "disapproval",
                        "love",
                        "nostalgia",
                        "calmness",
                        "embarrassment"
                  ],
                  "excerpt": "Et toi qui , revenant de Perse et de Judée , Lorsque c ' était l ' automne et que je te connus , Paraissais en tenir ta bouche trop fardée PERSÉPHONE 92 Tes yeux trop noirs , l ' ardeur qui gonflait tes seins nus , Et qui , reine à mes yeux de l ' un de ces royaumes , En rapportais , avec de merveilleux aromes , Quatre anneaux d ' or rivés à tes poignets menus .Des parfums sur le corps et des contes plein l ' âme , Tu me semblais , collant mes lèvres à ta chair , T ' être baignée au moins sept mois dans le cinname , Attendre Assuérus et te nommer Esther .Mais ta voix te faisait soeur de Shaharazade Et , lorsque tes récits charmaient l ' heure maussade , D ' immenses visions ensoleillaient l ' hiver .",
                  "id": "6",
                  "title": "Perséphone : poème / Charles Derennes"
            },
            {
                  "doc_url": "https://gallica.bnf.fr/ark:/12148/bpt6k5467945g",
                  "emotions": [
                        "love",
                        "nostalgia"
                  ],
                  "excerpt": "II DEVANT LA MAISON DES GLYCINES Comme j ' avais raison d ' accomplir ce voyage ! Son âme demeurait encore en ce séjour Et m ' attendait au bout de mon pèlerinage .Il avait embelli ces lieux de tant d ' amour ! Lorsque l ' on eut rouvert les fenêtres fermées Et que le vent marin , en remontant l ' Adour PERSÉPHONE 22 Se glissa jusqu ' au coeur de la maison de Mées , ( Le ciel d ' Avril faisait sur nos têtes pleuvoir Des abeilles déjà de pollen embaumées ..",
                  "id": "7",
                  "title": "Perséphone : poème / Charles Derennes"
            },
            {
                  "doc_url": "https://gallica.bnf.fr/ark:/12148/bpt6k61162468",
                  "emotions": [
                        "love"
                  ],
                  "excerpt": "\" Moi , j ' ai rougi , j ' ai reculé , \" Et tout à coup il m ' a semblé \" Que son front rayonnant se ridait d ' un pli sombre , \" Puis il a disparu .Rien n ' est resté qu ' une ombre , \" Que le parfum d ' amour qu ' il avait exhalé .\" — \" Ma fille ! dit un jour sévèrement le prêtre .",
                  "id": "8",
                  "title": "Les leçons conjugales : contes lestes (4e édition) / Auguste Saulière"
            },
            {
                  "doc_url": "https://gallica.bnf.fr/ark:/12148/bpt6k97516520",
                  "emotions": [
                        "love"
                  ],
                  "excerpt": "Je respire la fleur , je soupire pour le pasteur ; la fleur soupire des odeurs , Lesbin respire des ardeurs .J ' odore l ' odeur de l ' une , j ' adore l ' ardeur de l ' autre .Odorant et adorant en même temps , je sens par l ' odeur et par l ' ardeur la glace et le tourment .",
                  "id": "9",
                  "title": "Tableau de la littérature italienne depuis l'établissement du christianisme jusqu'à nos jours, par Mme Amable Tastu"
            },
            {
                  "doc_url": "https://gallica.bnf.fr/ark:/12148/bpt6k255898k",
                  "emotions": [
                        "love",
                        "desire",
                        "nostalgia",
                        "excitement",
                        "envy",
                        "curiosity"
                  ],
                  "excerpt": "Jeanie pensa que c ' étaient les hôtelleries des matelots revenant du pays des femmes noires et des oiseaux de couleur .Et elle eut un grand désir d ' attendre son amoureux dans une telle hôtellerie , qui avait peut - être l ' odeur du lointain Océan .Levant la tête , elle vit des figures blanches de femmes , appuyées aux fenêtres grillées , où elles prenaient un peu de fratcheur .",
                  "id": "10",
                  "title": "La lampe de Psyché ; Mimes ; La croisade des enfants ; L'étoile de bois (9e édition) / Marcel Schwob"
            },
            {
                  "doc_url": "https://gallica.bnf.fr/ark:/12148/bpt6k61170123",
                  "emotions": [
                        "love",
                        "pride",
                        "approval"
                  ],
                  "excerpt": "Vojez la luciole , Voyez comme elle vole En précédant ses sieurs : Où va - t - elle , où va - t - elle Poser son étincelle ? Sur l ' herbe et sur les fleurs : — 34 — Sur la fleur rose et blanche , Suspendue à la branche De l ' arbuste odorant ; Sur l ' herbe verdoyante , Pour narguer , la méchante ! Le pauvre ver luisant .Toute lige embaumée Par elle est bien aimée ; — Et l ' on voit tour à tour , Briller son auréole Sur la fraîche corolle De son nouvel amour .Dis - moi , mouche luisante , Serais - tu l ' ame errante D ' un amant malheureux ? Où serais - tu quelqu ' ame Qui concentrât la flamme .",
                  "id": "11",
                  "title": "Les Cantilènes, par Gustave de Larenaudière"
            },
            {
                  "doc_url": "https://gallica.bnf.fr/ark:/12148/bpt6k61170123",
                  "emotions": [
                        "joy",
                        "love",
                        "nostalgia",
                        "doubt"
                  ],
                  "excerpt": "UN MOT - UN REGARD .Quelle est la fraîche voix qui chante dans mon coeur , Et quel sylphe inconnu verse sur ma pensée Cette douce rosée , Qu ' on nomme le bonheur 1 ' Et quels sont les éclairs qui sillonnent ma tête , Et quels sont les parfums dont je suis enivré , Et quel rêve adoré Sur mon esprit s ' arrête ? - - 12 — Mon Dieu I je suis joyeux sans trop savoir pourquoi ..",
                  "id": "12",
                  "title": "Les Cantilènes, par Gustave de Larenaudière"
            },
            {
                  "doc_url": "https://gallica.bnf.fr/ark:/12148/bpt6k314487k",
                  "emotions": [
                        "admiration",
                        "love",
                        "gratitude"
                  ],
                  "excerpt": "Et ces poètes , nous les appelons classiques .A eux la belle rose dont la senteur ne se dissipe pas .A eux le rayon d ’ un soleil qui ne se dresse sur la tombe que pour ne plus se coucher .",
                  "id": "13",
                  "title": "En souvenir de Joachim Gasquet"
            },
            {
                  "doc_url": "https://gallica.bnf.fr/ark:/12148/bpt6k314487k",
                  "emotions": [
                        "love",
                        "optimism",
                        "nostalgia",
                        "gratitude"
                  ],
                  "excerpt": "En plein talent , en plein bonheur , sa voix a cessé de chanter , son grand cœur a cessé de battre .Paris offre à sa chère mémoire un asile digne d ’ elle : les amoureux et les rêveurs pourront au milieu de notre vie trépidante et fiévreuse faire une halte méditative devant l ’ effigie du poète que ce monument associe à l ’ image de ce qui au monde sera la source éternelle de la poésie , et par les soirs d ’ été , un souffle propice pourra apporter jusqu ’ ici les parfums du beau jardin dont nous sommes très fiers et ce sera comme une suprême et subtile offrande de la Ville au poète endormi .DE M .",
                  "id": "14",
                  "title": "En souvenir de Joachim Gasquet"
            },
            {
                  "doc_url": "https://gallica.bnf.fr/ark:/12148/bpt6k61491970",
                  "emotions": [
                        "love"
                  ],
                  "excerpt": "Le visage est alternativement tantôt pâle et tantôt rouge , ainsi que les lobes des oreilles , avec une sensation d ' ardeur , sans que cependant l ' a main sente de chaleur notable .( Ardeur dans les mains , les pieds et joues ; ces dernières sont bouffies .) Chaleur aux oreilles , avec chaleur et rougeur au bout du nez , vers le soir .",
                  "id": "15",
                  "title": "Traité de matière médicale, ou de l'Action pure des médicaments homoeopathiques. Tome 3 / par Samuel Hahnemann... ; avec des tables proportionnelles de l'influence que diverses circonstances exercent sur cette action, par C. Boenninghausen ; trad. de l'allemand par A.-J.-L. Jourdan,..."
            },
            {
                  "doc_url": "https://gallica.bnf.fr/ark:/12148/bpt6k55402371",
                  "emotions": [
                        "admiration",
                        "love",
                        "gratitude",
                        "caring"
                  ],
                  "excerpt": "Je t ' aime quand des eaux effleurant la surface , Tu semblés te mirer , comme dans une glace , Dans leur cristal si pur où vient mourir le jour .Mais , insecte charmant , je t ' aime plus encore Si , dans un lys baigné des larmes de l ' aurore , Je te vois t ' enivrer de parfums et d ' amour .t ' û L ' ORPHELIN .",
                  "id": "16",
                  "title": "Loisirs littéraires... / par Clovis Besson,..."
            },
            {
                  "doc_url": "https://gallica.bnf.fr/ark:/12148/bpt6k55402371",
                  "emotions": [
                        "trust",
                        "love",
                        "nostalgia",
                        "gratitude",
                        "faith"
                  ],
                  "excerpt": "Charmant Domino noir Dont la voix est si tendre , Combien j ' aime à t ' entendre ; Que je voudrais te voir ! 11 FRAGMENTS .Ange dont la voix si touchante A pour moi la douceur du miel , , Rose dont le parfum m ' enchante , Près de vous je me crois au Ciel .Vous aimer de toute mon âme , Toujours vous porter dans mon coeur , Vous dire ma constante flamme ; Voilà ce qui fait mon bonheur .",
                  "id": "17",
                  "title": "Loisirs littéraires... / par Clovis Besson,..."
            },
            {
                  "doc_url": "https://gallica.bnf.fr/ark:/12148/bpt6k6101711z",
                  "emotions": [
                        "anger",
                        "love",
                        "desire",
                        "excitement"
                  ],
                  "excerpt": "Enfin il se trahit lui - même Par les esprits sortant de son corps échauffé .Miraut , sur leur odeur ayant philosophé , Conclut que c ' est son lièvre , et d ' une ardeur extrême Il le pousse ; et Rustaut , qui n ' a jamais menti , Dit que le lièvre est reparti .Le pauvre malheureux vint mourir à son gîte .",
                  "id": "18",
                  "title": "Fables de La Fontaine ; les fautes de langue ont été corrigées par le Bon Eugène Du Mesnil"
            },
            {
                  "doc_url": "https://gallica.bnf.fr/ark:/12148/bpt6k56856698",
                  "emotions": [
                        "admiration",
                        "love",
                        "approval"
                  ],
                  "excerpt": "N ' était - il pas juste d ' en faire hommage à celui qui a dépouillé les rayons de sa gloire , pour apparaître sous les traits simples et modestes d ' un petit enfant ? ALTINE ( montrant une superbe rose ) .' J ' ai préféré la rose à cause du vif éclat de ses couleur , elle est sans contredit la reine des fleurs : oui , la plus belle que le printemps fait éclore ; et , ses parfums , qui oserait en contester l ' exquise délicatesse ? Elle est le naturel et vif emblème de cette charité ardente qui a porté le fils de l ' Eternel à se faire .homme par amour pour les hommes ; à ce titre , la rose a droit de lui être offerte .",
                  "id": "19",
                  "title": "Anna la prophétesse. Les Bergères de la Palestine au temps du Messie. Pastorales, par M. l'abbé Estève,..."
            },
            {
                  "doc_url": "https://gallica.bnf.fr/ark:/12148/bpt6k56856698",
                  "emotions": [
                        "love",
                        "gratitude"
                  ],
                  "excerpt": "HENDA .C ' est pour , ce motif que je destine au tendre objet de notre amour et de nos adorations une corbeille travaillée de mes mains et que j ' ai remplie de ces fraises hâtives dont rien ne saurait égaler les parfums , moindres cependant que ceux de ses vertus .DINA .",
                  "id": "20",
                  "title": "Anna la prophétesse. Les Bergères de la Palestine au temps du Messie. Pastorales, par M. l'abbé Estève,..."
            }
      ]
}