{
      "articles": [
            {
                  "doc_url": "https://gallica.bnf.fr/ark:/12148/bpt6k282082c",
                  "emotions": [
                        "love"
                  ],
                  "excerpt": "sandaraque , est moins estimé .lien est un troiElle est d ' autant meilleurequ ' elle est plus rousse , sième , qui participe du jaune de l ' or et de la coud ' une odeur plus forte , plus pure et plus friable .leur de la sandaraque .",
                  "id": "1",
                  "title": "Histoire naturelle de Pline : avec la traduction en français. Tome 2 / par M. É. Littré,..."
            },
            {
                  "doc_url": "https://gallica.bnf.fr/ark:/12148/bpt6k65262060",
                  "emotions": [
                        "love"
                  ],
                  "excerpt": "Job et Hertzmann , ayant eu l ' occasion de soigner un grand nombre de cas de dysenterie amibienne , sont arrivés à formuler les conclusions suivantes dans une communication à la Société des hôpitaux de Paris du 12 octobre 1916 : « La dysenterie amibienne présente le plus souvent une période d ' invasion de quelques jours , caractérisée par de la diarrhée banale .C ' est une affection d ' allure moins aiguë que la dysenterie bacillaire : la fièvre , quand elle existe , est peu élevée ; les selles sont , en général , moins fréquentes que dans cette dernière affection ; elles sont , à la période aiguë , d ' odeur âcre et ont souvent l ' aspect de la bouse de vache .La dysenterie amibienne est une affection à rechutes ; les rechutes sont en rapport avec l ' évolution schizogonique du parasite .",
                  "id": "2",
                  "title": "Larousse médical illustré de guerre / par le Dr Galtier-Boissière..."
            },
            {
                  "doc_url": "https://gallica.bnf.fr/ark:/12148/bpt6k1045486q",
                  "emotions": [
                        "love"
                  ],
                  "excerpt": "* 29 .Le lierre ne presse pas l ' arbre autour duquel il s ' est enroulé aussi étroitement que s ' étreignent les deux amants , respirant dans le souffle de leurs lèvres un suave parfum , tel que n ' en produisent pas l ' Inde et Saba sur leurs rivages odoriférants .30 .",
                  "id": "3",
                  "title": "Roland furieux : poème héroïque / Arioste ; traduit par A.-J. du Pays ; et illustré par Gustave Doré"
            },
            {
                  "doc_url": "https://gallica.bnf.fr/ark:/12148/bpt6k5834753j",
                  "emotions": [
                        "love"
                  ],
                  "excerpt": "— 563 — EXAMEN DES URINES l ' urine est profondément altérée .Elle rappelle celle de la souris dans certaines fièvres graves , présente une odeur fétide dans les affections cancéreuses de la vessie et des reins .CONSISTANCE .",
                  "id": "4",
                  "title": "Formulaire pratique de thérapeutique et de pharmacologie (5e édition, revue, corrigée et augmentée) / par Dujardin-Beaumetz,... et P. Yvon,..."
            },
            {
                  "doc_url": "https://gallica.bnf.fr/ark:/12148/bpt6k5532851q",
                  "emotions": [
                        "love"
                  ],
                  "excerpt": "cives recouvrent presque entièrement la couronne des dents et s ' opposent sérieusement à la mastication .Dans cette affection , les gencives ont une couleur d ' un rouge foncé , des bords épais , lisses et arrondis ; elles donnent presque constamment issue à une matière sanieuse , purulente , qui exhale une odeur excessivement désagréable .Elles saignent à la moindre écorchure et sont si sensibles que la seule pression des lèvres cause de la douleur .",
                  "id": "5",
                  "title": "Traité théorique et pratique de l'art du dentiste : comprenant l'anatomie, la physiologie, la pathologie, la thérapeutique... (2e édition, annotée et considérablement augmentée) / par Chapin A. Harris, Ph. H. Austen,... ; traduit de l'anglais sur la 10e édition, annoté et considérablement augmenté par le Dr E. Andrieu,..."
            },
            {
                  "doc_url": "https://gallica.bnf.fr/ark:/12148/bpt6k5814899b",
                  "emotions": [
                        "trust",
                        "love",
                        "gratitude",
                        "caring"
                  ],
                  "excerpt": "Quand j ' aurai do la mémoire , C ' est moi qui tiendrai la clé , Veux - tu ? do la grando armoire Où lo lingo est empilé .Nous la polirons nous - mêmes Do ciro A la bonne odeur ; O maman , puisquo tu m ' aimes , .le suis sago avec ardeur .",
                  "id": "6",
                  "title": "Les poésies de l'enfance / par Mmes Desbordes-Valmore ; [publ. par Ath. Mourierg ; avec une préf. de MM. P. et H. Valmore]"
            },
            {
                  "doc_url": "https://gallica.bnf.fr/ark:/12148/bd6t5144704x",
                  "emotions": [
                        "love",
                        "curiosity"
                  ],
                  "excerpt": "Plus aimable que Bougonius , la vente met à la disposition de la Beauté , les trésors de toilette du Grand Parfumeur mondain LENTHÉRIC .L ’ Amour lui - même , séduit , se rend 245 , Rue Saint - Honoré , pour demander à LENTHÉRIC , ses parfums naturels et renonce au musc artificiel qui lui a trop souvent rendu les femmes odieuses .ROYAL DOUSc 5 , Place de la Bourse , 5 VGAO .",
                  "id": "7",
                  "title": "Le Figaro illustré"
            },
            {
                  "doc_url": "https://gallica.bnf.fr/ark:/12148/bpt6k6210539j",
                  "emotions": [
                        "love",
                        "nostalgia"
                  ],
                  "excerpt": "Et son arbre grandit au sein de la famille ; L ' insecte dévorant autour de lui fourmille , Mais contre l ' ennemi le devoir le défend .Gardez de votre cœur les senteurs printaniéres .Soyez compatissant aux orphelins sans mères , Vivez dans votre nid , doux asile embaumé , Enfant , soyez heureux , vous êtes bien aim é ! COMTESSE DASH .",
                  "id": "8",
                  "title": "A Charles, le jour anniversaire de sa naissance, 21 juin 1863 / [signé : comtesse Dash]"
            },
            {
                  "doc_url": "https://gallica.bnf.fr/ark:/12148/bpt6k5535344s",
                  "emotions": [
                        "joy",
                        "love",
                        "optimism",
                        "excitement",
                        "gratitude"
                  ],
                  "excerpt": "Puis - je en croire mes yeux ? Oui , c ' est ma .bien - aimée ! O trop heureux destin ! Sans doute du matin La fraîcheur embaumée , L ' air pur , délicieux , Qu ' à cette heure on respire , Tout , comme moi , l ' attire En ces ravissants lieux .Je te dois donc encore , O Massey , de revoir La beauté que j ' adore , — 115 — Mon seul voeu , mon espoir ! De ma faible sagesse Adieu la vaine loi ! Je ne suis plus à moi , Je suis à ma maîtresse ; Si doux sont ses attraits ! Ah ! je veux la surprendre , Me cacher pour l ' attendre Sous ces lauriers épais .",
                  "id": "9",
                  "title": "Glanes poétiques : opuscules d'un rêveur condamné à faire des chiffres / par Eugène Camot"
            },
            {
                  "doc_url": "https://gallica.bnf.fr/ark:/12148/bpt6k64677079",
                  "emotions": [
                        "love"
                  ],
                  "excerpt": "Oh ! lorsque vient la nuit , la nuit silencieuse Au front mélancolique ainsi qu ' un souvenir , Quand tout est calme au ciel que Dieu fait resplendir , Alors qu ' on n ' entend plus que la chanson rêveuse Du marinier qui passe , ou la cloche pieuse De l ' angélus lointain .- - Prière ! amour ! soupir ! — Quand la lune marie au feu des girandoles Le décroissant éclat de ses pâles clartés , Quand le dernier reflet des falots des gondoles Mêle ses blonds rayons aux rayons argentés , Et la brise du soir , mystérieuse et vague , Le parfum de la fleur au parfum de la vague , Alors , au rendez - vous , comme un timide amant , J ' arrive .Mon cœur bat , mon cœur pur et candide ; Moins brûlant est le feu , que mon regard brûlant , Moins limpide le lac , que son regard limpide .",
                  "id": "10",
                  "title": "Chants et poésies, par Charles Moutte"
            },
            {
                  "doc_url": "https://gallica.bnf.fr/ark:/12148/bpt6k486368d",
                  "emotions": [
                        "grief",
                        "love",
                        "gratitude"
                  ],
                  "excerpt": "D ' autres fois s ' emparant des beautés de la Bible Ils chantent du Très - Haut la colère terrible .Puis ces chants sacrés vient se me ! er l ' amour Et le parfum des lys et le cri du vautour Et du démon des nuits la hideuse grimace .Bo ' \\ NAM .",
                  "id": "11",
                  "title": "Académie royale du Gard"
            },
            {
                  "doc_url": "https://gallica.bnf.fr/ark:/12148/bpt6k5535344s",
                  "emotions": [
                        "joy",
                        "love",
                        "excitement"
                  ],
                  "excerpt": ".Comme ce mot fait battre encor mon coeur , Et ranime en mon sang une légère ardeur , Quand la Mort , qui me guette et grimace de joie , N ' attend que le signal pour enlever sa proie ! L ' amour ! il m ' en souvient , c ' est encore du feu , Du feu qui brûle en nous ; c ' est un souffle de Dieu ; C ' est un parfum sacré dont notre âme ravie S ' imprègne tout entière au matin de la vie .Est - il un feu plus pur que le premier amour ? S ' éteint - il pour jamais ? Doit - il renaître un jour , Lorsque , nos corps usés redevenant poussière , L ' esprit libre s ' élance au séjour de lumière 9 — 247 — Oh ! oui , j ' en ai l ' espoir , ange que j ' ai perdu , Tu vas dans peu d ' instants être à mes voeux rendu ! 0 mère de mon fils , épouse douce et tendre , Tu dois dans ces beaux deux depuis longtemps m ' attendre ! .",
                  "id": "12",
                  "title": "Glanes poétiques : opuscules d'un rêveur condamné à faire des chiffres / par Eugène Camot"
            },
            {
                  "doc_url": "https://gallica.bnf.fr/ark:/12148/bpt6k1269155d",
                  "emotions": [
                        "admiration",
                        "love",
                        "desire",
                        "excitement"
                  ],
                  "excerpt": "C ' est une émanation de ce vent de la vie qui parcourt l ' univers , anime les bois sonores , fait se gonfler la sève des êtres .Il en a la puissance de fécondation , les frissons harmonieux t la saveur épandue et ardente .Quand le souffle divin qui flotte sur le monde S ' arrête sur mon âme ouverte au moindre vent , Et la fait tout à coup frissonner comme une onde , Où le cygne s ' abat dans un cercle mouvant 3 .",
                  "id": "13",
                  "title": "Lamartine, poète lyrique / par Ernest Zyromski,..."
            },
            {
                  "doc_url": "https://gallica.bnf.fr/ark:/12148/bpt6k5851099r",
                  "emotions": [
                        "love",
                        "gratitude"
                  ],
                  "excerpt": ".LésfleUrs de Maiexhalent vne douce .odeur : Maij flores sua - ; uemodoremexhalant , afflant , efflant , fundunt .",
                  "id": "14",
                  "title": "Invantaire des deus langues françoise et latine , assorti des plus utiles curiositez de l'un et de l'autre idiome, par le P. Philibert Monet,..."
            },
            {
                  "doc_url": "https://gallica.bnf.fr/ark:/12148/bpt6k6272144r",
                  "emotions": [
                        "love",
                        "envy"
                  ],
                  "excerpt": ".Ils se figuraient que leur très étroite intimité échappait m l ' attention et aux médisances du village ; mais les amour les mieux cachées répandent une odeur subtile qui les trahi I Le secret de leur liaison s ' évapora insensiblement à travei les rues du Val - Clavin , et les - langues commencèrent ; jaser .Princetot seul ne se douta de rien .",
                  "id": "15",
                  "title": "La Vie littéraire : petit magazine illustré bi-hebdomadaire"
            },
            {
                  "doc_url": "https://gallica.bnf.fr/ark:/12148/bpt6k9736895f",
                  "emotions": [
                        "joy",
                        "love",
                        "optimism",
                        "nostalgia",
                        "excitement",
                        "pride"
                  ],
                  "excerpt": "Léandre , sois heureuf ! tu peux tout hasarder : La beauté qui menace est bien près de céder .Tu le sais , et déjà tes lèvres enflammées Effleurent d ' un baiser ses lèvres parfumées .fC Oui , c ' est Venus , dis - tu , c ' est la reine des Cieux ; C ' est le sang le plus pur du souverain des Dieux .",
                  "id": "16",
                  "title": "Poésies de C.-L. Mollevaut"
            },
            {
                  "doc_url": "https://gallica.bnf.fr/ark:/12148/bpt6k691192",
                  "emotions": [
                        "love"
                  ],
                  "excerpt": "Afin de sauvegarder les convenances , ils s ' enbrça ~ ent de mettre dans les manifestations de leur tendresse beaucoup de discrétion et de prudence .Ils cachaient leur bonheur et le mystère ajoutait une plus exquise saveur à cette intimité qui se dérobait a tous les yeux , parmi les massifs Val - Dormant Mais quelques précautions qu ' ils prissent , l ' amour est de si volatile essence , il a une si pénétrante odeur , qu ' on le découvre , si hermétiquement enfermé qu ' il soit .Peu à peu , l ' étroite familiarité qii existait entre le jeune propriétaire do la Roserelle et M * de Gurgis fit sourire les gens du voisinage on en jasa à Champlain et ailleurs , et certaines âmes charitables se scandalisèrent .",
                  "id": "17",
                  "title": "Le mari de Jacqueline / André Theuriet"
            },
            {
                  "doc_url": "https://gallica.bnf.fr/ark:/12148/bpt6k56208920",
                  "emotions": [
                        "love"
                  ],
                  "excerpt": ": — Aiment - ils plus souvent que nous autres femmes ? j ' en doute ; ils cherchent le plaisir , voilà tout ; moi je voulais être aimée , et j ' attendais .Elle regarda Lucien et l ' envahit des plus suaves effluves de son être .— Que tu es belle ! s ' écria - t - il .",
                  "id": "18",
                  "title": "Un amour vrai / par Mme Louise Vallory"
            },
            {
                  "doc_url": "https://gallica.bnf.fr/ark:/12148/bpt6k5407534n",
                  "emotions": [
                        "joy",
                        "love",
                        "optimism",
                        "excitement",
                        "relief",
                        "gratitude",
                        "calmness"
                  ],
                  "excerpt": "brillant papillon , La svelte demoiselle ; et le Soleil superbe , De feux clincelants couronnait l ' horizon .J ' allais d ' un pas léger , l ' atmosphère embaumée • Me prêtait son parfum ; je suivais mon chemin , Heureux et fredonnant une chanson aimée , .En broyant les épis rencontrés sous ma main .",
                  "id": "19",
                  "title": "Le séminariste malgré lui : livre dédié à Victor Hugo / [par P. Neuville]"
            },
            {
                  "doc_url": "https://gallica.bnf.fr/ark:/12148/bpt6k56208920",
                  "emotions": [
                        "love",
                        "nostalgia",
                        "relief"
                  ],
                  "excerpt": "Hélas ! on ne sait pas souvent tout ce que la femme déploie d ' héroïsme pour cacher sa misère et faire croire à une splendeur enfuie ! c ' est si triste d ' avouer qu ' on ne vous - aime plus , on en convient si difficilement avec soi - même .Pour Lia et pour son amant , \" l ' amour s ' était enfui sur les ailes de la misère ; il ne leur en restait plus que de lointaines senteurs , le souvenir d ' une habitude ; mais c ' était encore quelque chose , et cela semblait bon à la pauvre fille de revoir l ' homme qu ' elle avait aimé , de ne pas se sentir complètement abandonnée de lui .— Etait - ce encore de l ' amour ? .",
                  "id": "20",
                  "title": "Un amour vrai / par Mme Louise Vallory"
            }
      ]
}