{
      "articles": [
            {
                  "doc_url": "https://gallica.bnf.fr/ark:/12148/bpt6k9736743c",
                  "emotions": [
                        "love",
                        "desire",
                        "nostalgia",
                        "courage",
                        "gratitude",
                        "faith"
                  ],
                  "excerpt": "Et la lune — c ' était l ' heure qu ' elle se lève , Vint à s ' épanouir comme une large fleur .Je lui criai : « Descends jusqu ' au fond de mon cœur , Cache - toi dans ma vie et parfume mes rêves .» Et dans sa souriante et fière majesté Elle continua d ' éclairer la colline ; Chaque rayon m ' était comme une javeline Dont la pointe fouillait mon cœur ensanglanté .",
                  "id": "1",
                  "title": "Les poëmes de l'amour et de la mer ; La fleur des eaux ; La mort de l'amour ; L'amour divin / Maurice Bouchor"
            },
            {
                  "doc_url": "https://gallica.bnf.fr/ark:/12148/bpt6k9736743c",
                  "emotions": [
                        "love"
                  ],
                  "excerpt": ".L ' air est aussi doux qu ' un baiser ; Mais ne sentons - nous pas peser L ' atmosphère sur nos épaules ? Deux pauvres petits amoureux Cheminent dans un sentier creux , Riant , trempés par la rosée Dont le soleil fait des rubis ; Et tout le long de leurs habits S ' égoutte une pluie irisée .Vois - tu partout où nous passons S ' écarter les branches ? Buissons , Taillis épineux , sombres haies Qu ' ensanglante la mûre , et fleurs De toutes sortes de couleurs Te savent amoureuse et gaie .",
                  "id": "2",
                  "title": "Les poëmes de l'amour et de la mer ; La fleur des eaux ; La mort de l'amour ; L'amour divin / Maurice Bouchor"
            },
            {
                  "doc_url": "https://gallica.bnf.fr/ark:/12148/bpt6k9736743c",
                  "emotions": [
                        "joy",
                        "grief",
                        "love",
                        "nostalgia",
                        "gratitude"
                  ],
                  "excerpt": "Dans nos regards profonds que de tendresse enclose ! Le vent de nuit nous caressait , Et tes lèvres en fleur étaient pour lui , qui sait ? En hiver une étrange rose : Sur mon épaule , alors , tes bras tremblants posés , Tu semblais plus blanche et plus belle , Et je sentais mon cœur soudain battre de l ' aile Et s ' envoler vers tes baisers ! XIV .Aimée , aux jours lointains où nous nous reverrons , Quel baiser collera ma bouche sur la tienne ! Et pour que notre cœur s ' éveille et se souvienne Comme nous pleurerons et comme nous rirons ! Tu te rappelleras comme , inclinant nos fronts , - Nous écoutions chanter la brise aérienne Qui , parfumant le ciel léger de son haleine , Jetait sur nos genoux muguets et liserons .Bien des jours sont passés .",
                  "id": "3",
                  "title": "Les poëmes de l'amour et de la mer ; La fleur des eaux ; La mort de l'amour ; L'amour divin / Maurice Bouchor"
            },
            {
                  "doc_url": "https://gallica.bnf.fr/ark:/12148/bpt6k9736743c",
                  "emotions": [
                        "grief",
                        "love",
                        "optimism",
                        "nostalgia",
                        "gratitude",
                        "faith"
                  ],
                  "excerpt": "Puis - je donc , secouant l ' ennui qui me torture , Étreint par ces désirs venus on ne sait d ' où , Pour mordre à belles dents une ample chevelure Dans des spasmes d ' amour me rouler comme un fou ? Et puis - je aux soirs d ' automne et sous la lune amie Qui de ses rayons blancs satine l ' oreiller Bercer une autre enfant sur mon cœur endormie , D ' un baiser sur le front n ' osant la réveiller ? Ah ! puisque le printemps me fait l ' âme gracée , Qu ' on me voit frissonner au clair soleil de mai , C ' est , hélas ! que mon âme épuisée et lassée A perdu sa vigueur pour avoir trop aimé .Les roses plus d ' un jour peuvent vivre sans doute Dans la fraîche rosée et la clarté du ciel : Moi , j ' ai tout effeuillé pour parfumer la route Où passait mon amour qui semblait éternel .0 bien - aimée , alors le flot blond de tes tresses Devait m ' illuminer toujours de rayons d ' or ; Je mentais à mon cœur en faisant ces promesses , Et je n ' ai pas le cœur de lui mentir encor .",
                  "id": "4",
                  "title": "Les poëmes de l'amour et de la mer ; La fleur des eaux ; La mort de l'amour ; L'amour divin / Maurice Bouchor"
            },
            {
                  "doc_url": "https://gallica.bnf.fr/ark:/12148/bpt6k9736743c",
                  "emotions": [
                        "grief",
                        "sadness",
                        "love",
                        "nostalgia",
                        "disappointment"
                  ],
                  "excerpt": "Dans cette horreur silencieuse Nous seuls vivons , nous seuls aimons Qui portons une rose au cœur , — Mais notre joie est soucieuse Et la large brise des monts Nous vient comme un souffle vainqueur .Pour t ' envelopper de jeunesse , Qu ' un souvenir d ' avril ancien Parfume ta nuque et ton front — Aimons - nous , aimons - nous ! tristesse , Épouvante , n ' y feront rien Tant que nos lèvres s ' uniront .XLIV .",
                  "id": "5",
                  "title": "Les poëmes de l'amour et de la mer ; La fleur des eaux ; La mort de l'amour ; L'amour divin / Maurice Bouchor"
            },
            {
                  "doc_url": "https://gallica.bnf.fr/ark:/12148/bpt6k5810408w",
                  "emotions": [
                        "admiration",
                        "love",
                        "faith"
                  ],
                  "excerpt": "Je vous ai vu passer hier sur le boulevard , vous ne marchiez pas , vous glissiez ; un voile jaloux me cachait vos traits , mais ils m ' ont paru ceux d ' une soeur des anges .Vous êtes mignonne comme une fée , légère comme un oiseau , parfumée comme une rose ; je vous voyais marcher sur la terre , mais à chaque moment je craignais de vous voir remonter au ciel les ailes déployées ; heureux celui qui pourrait vous adorer et mourir ; c ' est le voeu que forme l ' esclave de vos esclaves .Arthur .",
                  "id": "6",
                  "title": "La Lanterne indépendante : journal du Don Quichotisme / Jules de Senneville, rédacteur en chef [et directeur-gérant] ; Paul de Solanges, secrétaire de la rédaction"
            },
            {
                  "doc_url": "https://gallica.bnf.fr/ark:/12148/bpt6k4551554z",
                  "emotions": [
                        "love",
                        "nostalgia",
                        "caring"
                  ],
                  "excerpt": "Son âme est en nous .Oalras en apparence , c ' est au fond une houle de parfums , de silence , de bruissement de feuilles , c ' est notre tendresse , notre jeunesse ardente qui ne pourra s ' épanouir , je savoure l ' âpre bonheur d ' etre aimé de toi qui va mourir .Je sens que je suis heureuse et que le malheur me rit dans tes yeux passionnés .",
                  "id": "7",
                  "title": "Le Roi des azurs : journal estudiantin, dynamique, féministe et littéraire [\"puis\" organe trimensuel dynamique mystique, mastique [sic], élastique, pacifiste, féministe, anti-vénérien, anti-gonnocoques [sic], anti-moustiques, ultra-réaliste, ultra-royaliste, ésotérique]"
            },
            {
                  "doc_url": "https://gallica.bnf.fr/ark:/12148/bpt6k4551554z",
                  "emotions": [
                        "love",
                        "nostalgia",
                        "caring"
                  ],
                  "excerpt": "Son âme est en nous .Oalmm en apparence , c ' est , au fond une houle de parfums , de silence , de bruissement de feuilles , c ' est notre tendresse , notre jeunesse ardente qui ne pourra s ' épanouir .Je savoure l ' âpre bonheur d ' etre aimé de toi qui va mourir .",
                  "id": "8",
                  "title": "Le Roi des azurs : journal estudiantin, dynamique, féministe et littéraire [\"puis\" organe trimensuel dynamique mystique, mastique [sic], élastique, pacifiste, féministe, anti-vénérien, anti-gonnocoques [sic], anti-moustiques, ultra-réaliste, ultra-royaliste, ésotérique]"
            },
            {
                  "doc_url": "https://gallica.bnf.fr/ark:/12148/bpt6k5844160w",
                  "emotions": [
                        "love"
                  ],
                  "excerpt": "Favre , pourrait bien être également due à la même cause , qu ' il est souvent fort difficile d ' empêcher .On a retrouvé dans là sueur les principes odorants du musc , de la valériane , de la térébentine , etc .A l ' hôpital Saint - Louis , M .",
                  "id": "9",
                  "title": "Recherches pour servir à l'histoire de la sueur, par le Dr Gillebert Dhercourt,..."
            },
            {
                  "doc_url": "https://gallica.bnf.fr/ark:/12148/bpt6k6359354p",
                  "emotions": [
                        "love"
                  ],
                  "excerpt": "La roquette ( eruca ) , les asperges , les diurétiques , les emménagogues échauffans , et en général toutes les substances qui portent de l ' irritation et de la chaleur dans les voies urinaires sans affaiblir , peuvent être regardés comme des excitans érotiques .C ' est la roquette dont la vertu aphrodisiaque est peu marquée et paraît même chimérique à Gilibert , que le vers suivant de Virgile présente comme un stimulant de l ' amour : Intybaque et venerem revocans cruca morantem .On peut ranger dans la même catégorie les tuhercules mucilagineux et féculens , les racines âcres et chaudes , telles que les alliacées auxquelles il faut rapporter les deux vers suivans où Martial conseille de manger des racines bulbeuses pour suffire aux ébats amoureux .",
                  "id": "10",
                  "title": "Génération de l'homme, ou de la Production des sexes, de la fécondité, de la stérilité et de la durée des gestations, d'après l'observation des phénomènes des reproductions naturelles, par J.-B. Demangeon,..."
            },
            {
                  "doc_url": "https://gallica.bnf.fr/ark:/12148/bpt6k5457137w",
                  "emotions": [
                        "admiration",
                        "love"
                  ],
                  "excerpt": "Son esprit , sa grâce divluo Qui charmaient jadis nos aïeux , Brillent toujours à la Cassine ; J ' en appelle à vous tous , Messieurs , XXVI ROSEITTJfi Un enfant voit une petite rose , Une rosette dans le bols , Sous le gazon , le matin même éclosc , Belle et simple tout à la fois .L ' enfant , s ' approche , et de plus près admire La petite reine du bois Dont le parfum , dont la grâce l ' attire Et lui cause de doux émois .- 04 - L ' enfunt s ' écrie ! ô belle , demi close , Petite fleur si chère au bois , Je veux , je veux te cueillir , Mais la rose : v Méchant , je piquerai tes doigs .",
                  "id": "11",
                  "title": "Études et souvenirs / par Henry Vesseron"
            },
            {
                  "doc_url": "https://gallica.bnf.fr/ark:/12148/bpt6k5457137w",
                  "emotions": [
                        "trust",
                        "grief",
                        "sadness",
                        "love",
                        "nostalgia",
                        "gratitude",
                        "caring",
                        "disappointment"
                  ],
                  "excerpt": "Hélas I plus de chansons ; seul avec le silence Je ne pourrai douter : ce sera bien l ' absence .Ahl de ce jour je sens que je t ' aimais ; les pleurs Dont j ' arrose éperdu cette touffe de fleurs , Cette pâle bruyère à tes cheveux ruvlc , Témoignent trop combien tu régnais sur ma vie .Mais du moins quand lu vas l ' éloigner de ce lieu , Dis - moi que ce n ' est pas un éternel adieu , Que tout n ' est pas fini , qu ' il reste une espérance .",
                  "id": "12",
                  "title": "Études et souvenirs / par Henry Vesseron"
            },
            {
                  "doc_url": "https://gallica.bnf.fr/ark:/12148/bpt6k5457137w",
                  "emotions": [
                        "love"
                  ],
                  "excerpt": "Le soleil qui se meurt peut luire de nouveau , Mais lorsque de nos jours s ' est éteint le flambeau , On ne voit plus briller sa rapide lumière ; Un sommeil éternel ferme notre paupière .- 424 - ~ Ainsi de les baisers parfume nos amours ; Donne les moi par cent , puis par mille , et toujours , Et si bien que le nombre en soit tel qu ' il délie , Avec nos souvenirs , les calculs de l ' envie .XI L1H RETOUR DU PRINTEMPS ( lIOilACK ) L ' hiver moins rigoureux a cessé de sévir ; Le printemps nous ramène avec lui le zéphyr , Et déjà les vaisseaux arrachés de lu plage S ' élancent sur les flots , sans redouter l ' orage .",
                  "id": "13",
                  "title": "Études et souvenirs / par Henry Vesseron"
            },
            {
                  "doc_url": "https://gallica.bnf.fr/ark:/12148/bpt6k65143585",
                  "emotions": [
                        "love",
                        "nostalgia",
                        "excitement",
                        "pride"
                  ],
                  "excerpt": "Chemin faisant , soit qu ' il se trouvât suivre ou devancer cette femme , il l ' examinait dans tous les détails de sa personne ou de sa mise , afin de déloger le désir absurde et fou qui s ' était barricadé dans sa cervelle .Il trouva bientôt à cette revue un plaisir plus ardent que celui qu ' il avait goûté la veille en contemplant , sous les ondes d ' un bain parfumé , les formes irréprochables d ' une personne aimée .Parfois baissant la tête , l ' inconnue lui jetait le regard oblique d ' une chèvre attachée près de la terre , et se voyant toujours poursuivie , elle hâtait le pas comme si elle eût voulu fuir .",
                  "id": "14",
                  "title": "Le Cabinet des antiques : scène de la vie de province. Tome 2 / par H. de Balzac..."
            },
            {
                  "doc_url": "https://gallica.bnf.fr/ark:/12148/bpt6k8764791",
                  "emotions": [
                        "love",
                        "nostalgia",
                        "gratitude"
                  ],
                  "excerpt": ".Et plus bas : — Je languissais de ton ombre , de ton parfum ..",
                  "id": "15",
                  "title": "Le café chantant / par Elissa Rhaïs"
            },
            {
                  "doc_url": "https://gallica.bnf.fr/ark:/12148/bpt6k8764791",
                  "emotions": [
                        "love",
                        "optimism",
                        "desire",
                        "nostalgia",
                        "excitement",
                        "envy",
                        "greed"
                  ],
                  "excerpt": "Et il remontera dès le coucher du soleil , après avoir acheté pour sa femme le cadeau traditionnel du soir du Bain .Le gourmand Didenn se promet une heure délicieuse de flânerie par la ville , avec la pensée d ’ une seconde nuit d ’ amour enfin permise dans les bras de son épouse parfumée ..",
                  "id": "16",
                  "title": "Le café chantant / par Elissa Rhaïs"
            },
            {
                  "doc_url": "https://gallica.bnf.fr/ark:/12148/bpt6k8764791",
                  "emotions": [
                        "surprise",
                        "grief",
                        "love",
                        "nostalgia",
                        "gratitude",
                        "envy",
                        "doubt",
                        "guilt"
                  ],
                  "excerpt": ".Ah ! que n ’ ai - je au moins la chemise que tu portais à ce moment pour la sentir , pour la respirer avec la force de mon cœur ! Que n ’ ai - je ta chéchia pleine du parfum de ta chevelure , ou seulement l ’ amulette que tu avais au cou et dont je te fis présent quand tu étais petit , pour cesser de t ’ allaiter ! ..",
                  "id": "17",
                  "title": "Le café chantant / par Elissa Rhaïs"
            },
            {
                  "doc_url": "https://gallica.bnf.fr/ark:/12148/bpt6k8764791",
                  "emotions": [
                        "love",
                        "desire",
                        "nostalgia",
                        "excitement",
                        "envy",
                        "curiosity"
                  ],
                  "excerpt": "Et il est jaloux , lui , de cette jalousie du Maure , redoutable , inspiratrice du crime .Il veut voir l ’ heureux fils d ’ Adam qui remporte Halima sur lui ce soir , qui lui parle de près , qui respire son haleine musquée , l ’ air de son âme ardente , les senteurs de passion qui se dégagent de sa chair ! ..",
                  "id": "18",
                  "title": "Le café chantant / par Elissa Rhaïs"
            },
            {
                  "doc_url": "https://gallica.bnf.fr/ark:/12148/bpt6k210084w",
                  "emotions": [
                        "love",
                        "nostalgia",
                        "gratitude",
                        "disappointment"
                  ],
                  "excerpt": "Cependant à Saint - Point , dans la même soirée , Quand nous suivions de l ' œil , sous la voûte éthérée , L ' étoile qui du ciel vers la terre s ' enfuit Comme un long fil d ' argent que déroule la nuit , Un autre nom sortit aussi de la même urne , Un nom doux et brillant comme l ' astre nocturne , Ou comme cette étoile étincelant encor , Un nom que sur ton front je lis en lettres d ' or , Un nom que l ' on chérit chaque fois qu ' on te nomme , Toi qui sus faire aimer le poëte dans l ' homme Mais ton choix était fait ; car toi - même , en tes vers , Tu ne voulais chanter ta gloire à l ' univers .Pourtant , en remontant au jour de ta naissance , De quels divins secrets , poëte par essence , Tu nous aurais dotés dans ' une heure d ' amour , En laissant tout ton cœur s ' exhaler au grand jour ! Mais , hélas ! ce sujet .Un jour , à mon réveil , sur le sombre élément , Comme un oiseau de mer , les deux ailes au vent .",
                  "id": "19",
                  "title": "Des devoirs civils du curé ; Épîtres et poésies diverses ; Recueillements poétiques ; L'avenir politique en 1837. A M. de Lamartine sur son voyage en Orient en 1833 / par M. Bouchard"
            },
            {
                  "doc_url": "https://gallica.bnf.fr/ark:/12148/bpt6k210084w",
                  "emotions": [
                        "joy",
                        "love",
                        "caring",
                        "faith"
                  ],
                  "excerpt": "Sur la table du soir , dans la veillée admis , La famille te compte au nombre des amis , Se fie à ton honneur , et laisse sans scrupule Passer de main en main le livre qui circule ; La vierge , en te lisant , qui ralentit son .pas , Si sa mère survient ne te dérobe pas , Mais relit au grand jour le passage qu ' elle âime , Comme en face du ciel tu l ' écrivis toi - même , Et s ' endort ' aussi pure après t ' avoir fermé , Mais de grâce et d ' amour le cœur plus parfumé .Un Dieu descend toujours pour dénouer ton drame ; Toujours la Providence y veille , et nous proclame Cette justice occulte et ce divin ressort Qui fait jouer le temps et gouverne le sort ; Dans les cent mille aspects de ta gloire infinie , C ' est toujours la raison qui guide ton génie .",
                  "id": "20",
                  "title": "Des devoirs civils du curé ; Épîtres et poésies diverses ; Recueillements poétiques ; L'avenir politique en 1837. A M. de Lamartine sur son voyage en Orient en 1833 / par M. Bouchard"
            }
      ]
}