{
      "articles": [
            {
                  "doc_url": "https://gallica.bnf.fr/ark:/12148/bpt6k5495732c",
                  "emotions": [
                        "love"
                  ],
                  "excerpt": "Elle joue un rôle considérable dans la lutte contre les germes infectieux , et cela à la fois mécaniquement et cliniquement .Il est établi que le mucus nasal a un pouvoir bactéricide des plus importants , et une affection comme le coryza atrophique contrarie ou plutôt supprime complètement l ' action de ce mucus » .De plus , le Dr Brindel fait remarquer que depuis quelques mois déjà , il a été frappé de la coexistence du coryza atrophique et de la bacillose .",
                  "id": "1",
                  "title": "Contribution à l'étude de l'infection tuberculeuse par la voie nasale : recherches bactériologiques et cliniques / par le Dr G. Liaras,..."
            },
            {
                  "doc_url": "https://gallica.bnf.fr/ark:/12148/bpt6k1132632",
                  "emotions": [
                        "love"
                  ],
                  "excerpt": "L ' une dit « Je commande aux regards de l ' Humanité , je suis ce qui vit dans les yeux c ' est par mon bienfait que tu frissonnes lorsque l ' Aimée daigne épandre sur toi la mansuétude d ' un regard humide de volupté reconnaissante mais je suis aussi la noire flamme coléreuse qu ' elle te darde , en vos soirs de querelle .» Une autre « J ' ai donné à ton Aimée le parfum qui t ' affolle si tu te penches sur sa gorge nue ou sur ses plus secrètes beautés c ' est par moi qu ' elle t ' évoque un parterre de fleurs irritantes , mêlant aux senteurs sombres du dawamesk , les effluves rudes d ' une fourrure de panthère .» Une autre « L ' haleine de violettes mourantes de ton Aimée erre encore sur tes lèvres c ' est moi qui , quand tu maries ta langue à la sienne , lui fis une salive aussi savoureuse que le suc de la framboise .",
                  "id": "2",
                  "title": "Thulé des brumes / Adolphe Retté ; portrait à l'eau-forte par E. H. Meyer"
            },
            {
                  "doc_url": "https://gallica.bnf.fr/ark:/12148/bpt6k65780084",
                  "emotions": [
                        "love"
                  ],
                  "excerpt": "La rose était née blanche et sans odeur , écrit Bion ; un jour Vénus , assise au banquet des dieux , en portait une couronne .L ' Amour , en folâtrant , renversa d ' un coup d ' aile la coupe de Jupiter et une goutte du nectar qu ' elle contenait étant tombée sur la couronne de sa mère , les fleurs rougirent aussitôt et répandirent le doux parfum qu ' elles ont conservé depuis .Elle était blanche , Venus en avait couvert le plancher de son boudoir , nous dit Cassien .",
                  "id": "3",
                  "title": "Souvenirs d'histoire naturelle, lettres à Mme X,... par Charles de Franciosi"
            },
            {
                  "doc_url": "https://gallica.bnf.fr/ark:/12148/bpt6k9798921r",
                  "emotions": [
                        "trust",
                        "love",
                        "gratitude",
                        "calmness",
                        "caring"
                  ],
                  "excerpt": "Pourtant qui sait si , de tout ce qu ' on aime .Rien n ' a changé , n ' a faussé son chemin ! De l ' amitié le cœur seul est le même , Sa coupe est pleine , elle nous tend la main ; Outre les Ileurs qui payent sa couronnL ' , Ce doux parfum qui émane des cœurs , C ' est l ' amitié seul baume des douleurs ; C ' est le vrai bien qu ' ici bas Dieu nous donne .Ah ! qu ' ils sont loin les rèves d ' autrefois , Amis ! si vous n ' éveillez pas ma voix ! A .",
                  "id": "4",
                  "title": "La renaissance du gai ménestrel : chansonnier nouveau / par MM. Halbert d'Angers, J. A. Sénéchal, Joseph Goizet... [et al.]"
            },
            {
                  "doc_url": "https://gallica.bnf.fr/ark:/12148/bpt6k5425792q",
                  "emotions": [
                        "grief",
                        "love",
                        "nostalgia"
                  ],
                  "excerpt": "L ' Apparition L ' < A ' PV < A ' B < niOtKi J E vis une femme s ' avancer vers moi , ardente et pure comme la neige .Sa robe avait des plis amoureux : autour d ' elle flottaient les effluves véhéments des lys , La tristesse et la volupté de la mer émanaient d ' elle , et aussi le rayonnement de la mort .Elle dit : « A l ' âme que j ' attire , j ' apprends la haine du printemps et l ' amour de l ' automne .",
                  "id": "5",
                  "title": "Du vert au violet / Renée Vivien"
            },
            {
                  "doc_url": "https://gallica.bnf.fr/ark:/12148/bpt6k6106450k",
                  "emotions": [
                        "love"
                  ],
                  "excerpt": "Toujours est - il qu ' elle n ' a ni le goût fortement piquant , que ses grandes proportions gazeuses et sa température froide devraient lui donner , ni la .saveur ferrugineuse aussi prononcée que celle du puits Lardy .Elle est moins stimulante que cette dernière et ne donne pas lieu aussi facilement , à des céphalalgies et à divers troubles nerveux ; mais elle est peut - être plus indigeste , et un grand nombre de malades ne peuvent pas la supporter .",
                  "id": "6",
                  "title": "Les Sources de Vichy / Dr Casimir Daumas"
            },
            {
                  "doc_url": "https://gallica.bnf.fr/ark:/12148/bpt6k96149672",
                  "emotions": [
                        "joy",
                        "love",
                        "optimism",
                        "pride",
                        "gratitude",
                        "caring"
                  ],
                  "excerpt": "Une chaise basse , écartée du feu , deux petits souliers bleus traînant sur le tapis indiquaient aussi la présence d ' un enfant dans la maison ; et , en effet , de la chambre à côté , où la mère et le bébé venaient de disparaître , sortaient par bouffées des rires doux , des gazouillements , le joli train d ' un nid qui s ' endort .Tout cela répandait dans cet intérieur artistique un vague parfum de bonheur familial que le poète aspirait avec délices : « Décidément , mon cher , disait - il à son ami , c ' est toi qui as eu raison .Il n ' y a pas plusieurs façons d ' être heureux .",
                  "id": "7",
                  "title": "Oeuvres de Alphonse Daudet"
            },
            {
                  "doc_url": "https://gallica.bnf.fr/ark:/12148/bpt6k5456485p",
                  "emotions": [
                        "love"
                  ],
                  "excerpt": "Un an , tout mon esprit s ' endormit onchanté Dans lo bain frais ot pur do sa jouno beauté .Jo l ' aimais do no rien savoir , d ' ôtro ignorante , Do donnor son parfum comme fait une plante , Sans on ôtro plus flôro .Oh ! quels rêves j ' ai faits Que jo vous dirais tous , si jo n ' en rougissais ; llôves do joio impio ot de bonheur profane .",
                  "id": "8",
                  "title": "Aline. Les Filles de minuit / Valery Vernier"
            },
            {
                  "doc_url": "https://gallica.bnf.fr/ark:/12148/bpt6k55013j",
                  "emotions": [
                        "love",
                        "nostalgia",
                        "relief",
                        "gratitude",
                        "calmness"
                  ],
                  "excerpt": "Moïse le matin descendit dans la plaine , Et , malgré les dégoûts dont son âme était pleine , Il rendit tout le jour la justice aux Hébreux , II bénit les mourants , il toucha les lépreux , Et prêcha la pitié pour la misère humaine ; Et Moïse mourut , après une semaine .Lo4 P7T / ~ D ~ BO ~ DD ~ c ~ RENDS un peu de repos dans la maison d ' été t De mes seins , pleins de senteurs douces Mes cheveux te feront un tapis velouté , Aussi frais que celui des mousses .« Arrête - toi ; ta joue est si pâle , tes yeux Laissent voir que ton esprit souffre Pourquoi sans mouvement regardes - tu les cieux , Comme effrayé devant leur gouffre ? » Le Bouddha répondit « Femme , retire - toi Toutes les voluptés sont vaines , Et rien n ' existe plus de commun entre moi Et les apparences humaines .",
                  "id": "9",
                  "title": "L'illusion / Henri Cazalis"
            },
            {
                  "doc_url": "https://gallica.bnf.fr/ark:/12148/bpt6k9629763j",
                  "emotions": [
                        "admiration",
                        "love",
                        "gratitude",
                        "approval"
                  ],
                  "excerpt": "crassifolia .Fleurs d ' un beau rose , odorantes .Variété à fleurs doubles .",
                  "id": "10",
                  "title": "Traité du jardinage pour tous, suivi de quelques cultures spéciales, par M. Boncenne,..."
            },
            {
                  "doc_url": "https://gallica.bnf.fr/ark:/12148/bpt6k5462120b",
                  "emotions": [
                        "joy",
                        "love",
                        "nostalgia",
                        "gratitude"
                  ],
                  "excerpt": ".Quand le soleil étend sur les eaux du Bosphore Les plis diamantés de son ample manteau ; Quand , pour fêter le Ciel , la fleur qui vient d ' éclore Joint son brûlant parfum à l ' hymne de l ' oiseau ; Quand , de sa douce voix , lezéphyr dit à l ' âme Que c ' est l ' heure où d ' amour la coeur doit être épris Moi , jouet du Sultan que ma jeunesse enflamme , Je danse , je chante et souris ' ..",
                  "id": "11",
                  "title": "Une Gerbe, poésies diverses / Raoul Bonnery"
            },
            {
                  "doc_url": "https://gallica.bnf.fr/ark:/12148/bpt6k45324121",
                  "emotions": [
                        "love",
                        "envy"
                  ],
                  "excerpt": "AVIS IMPORTANT maisoFmurat 7 S , Rue de C ! lér * y ? 7S MEUBLES ET TAPISSERIES EN TOUS GENRES RABAIS CONSIDERABLE POUR CAUSE DE FIN Dt BAIL , La Maison MURAT , fondée depuis 1840 , informe sa nombreuse clientèle qu ’ un rabais de 25 à 30 0 [ 0 est fait sur toutes les marchandises qui sont , d ’ ailleurs , marquées en chiffres connus .Elle était blonde , folle , et ses formes ahnmues S ' offraient aux chauds baisers de mes nerveux [ vingt ans , ] J ’ adorais son sein ferme et ses épaules nues , Son beau corps exhalait des parfums irritants .Les doux serments d ! amour , ses lèvres ingénues Les murmuraient si bien ! J ’ y penserai longtemps .",
                  "id": "12",
                  "title": "Le Reporter : journal théâtral, littéraire, industriel et commercial : organe de l'Agence parisienne"
            },
            {
                  "doc_url": "https://gallica.bnf.fr/ark:/12148/bpt6k54868s",
                  "emotions": [
                        "grief",
                        "love",
                        "nostalgia",
                        "gratitude",
                        "faith"
                  ],
                  "excerpt": "Longtemps , et puis longtemps encor , nous nous taisons .La tiède brise errante à l ' haleine embaumée Boit dans un grand baiser nos pleurs , ô bien - aimée Et la prière douce aux vrais voluptueux Tourne alors nos regards confiants vers les cieux .Tout à l ' heure , au moment des étreintes farouches Où les jeunes amants embrassés font entre eux Comme la souple vigne et l ' orme vigoureux , Des roses d ' or , au souffle aride de nos bouches , Tombèrent d ' un bouquet voisin dans notre lit .",
                  "id": "13",
                  "title": "Le semeur de cendres : 1898-1900 / Charles Guérin"
            },
            {
                  "doc_url": "https://gallica.bnf.fr/ark:/12148/bpt6k684247",
                  "emotions": [
                        "surprise",
                        "love",
                        "doubt",
                        "amusement"
                  ],
                  "excerpt": "Eh quoi I déjà t ' étë ? quoi , ces plaines couvertes De papillons joyeux , de fleurs et d ' herbes vertes , Exhalant leurs parfums Acres autour de nous , Et baignant , comme l ' eau d ~ un neuve , nos genoux .Eh quoi ! toutes cesBeurs , si frètes , si charmantes 1 Souriant au soleil d ' un sourire d ' amantes ; Tous ces sainfoins remplis d ' ineffables senteurs , De fourmis en querelle et de grillons chanteurs ; Luzerne , serpolet , scabieuses , graminées .Les trènes , l ' ancolie aux têtes inclinées , Les narcisses avec ! eurs pétales d ' argent .",
                  "id": "14",
                  "title": "Poésies complètes de J.-P. Hebel / traduites et suivies de scènes champêtres, par Max Buchon ; [préface de F. Bovet]"
            },
            {
                  "doc_url": "https://gallica.bnf.fr/ark:/12148/bpt6k5457595q",
                  "emotions": [
                        "love"
                  ],
                  "excerpt": "LE SOURIRE .7 Mais j ' ai besoin d ' aimer , de croire à l ' espérance ; J ' ai besoin que sa fleur sur ma triste existence Jette un léger parfum qui réveille mon coeur ; Détrompé mille fois , ce coeur veut Vôtre encore : Je te crains , mais te suis ; te maudis , mais t ' adore , Et j ' ai soif d ' ôtru ému , même au prix du malheur .Rends - moi donc , rends - le - moi , ce gracieux sourire , Que j ' ai cru sur ta lèvre entrevoir en passant ; Qu ' il soit né d ' un caprice , ou ( pie l ' amour l ' inspire , N ' importe ! — rends - le - moi , ce gracieux sourire ; Que je me croie aimé , ne fût - ce qu ' un instant ! CRAINTES ET VOEUX .",
                  "id": "15",
                  "title": "Poésies , par Jean Polonius"
            },
            {
                  "doc_url": "https://gallica.bnf.fr/ark:/12148/bpt6k45324121",
                  "emotions": [
                        "surprise",
                        "sadness",
                        "boredom",
                        "love",
                        "nostalgia",
                        "doubt"
                  ],
                  "excerpt": "oh ! ce regard ! Il fut cause que je jetai ma cigarette , et je vins m ’ accouder au piano .La coquette se mit à jouer un nocturne , tout en me regardant fixement ; je ne sais ce qui se Passa en moi , cette musique triste et monotone me saisit a « cœur ; du corps souple et gracieux do l ’ artiste , se dégageait une haleine tiède et parfumée , sa chevelure exha - 1 une suave senteur de violettes , que vous dirai - je ? Je déposai fièvreusement sur son cou un baiser brûlant et sonore et je tombai à ses genoux .Je n ’ y restai pas longtemps ; elle me saisit brusquement par la nuque , et serra mes lèvres contre les siennes .",
                  "id": "16",
                  "title": "Le Reporter : journal théâtral, littéraire, industriel et commercial : organe de l'Agence parisienne"
            },
            {
                  "doc_url": "https://gallica.bnf.fr/ark:/12148/bpt6k64413293",
                  "emotions": [
                        "love",
                        "gratitude",
                        "caring",
                        "faith"
                  ],
                  "excerpt": "Tandis que promte et légère Marthe prend soin du festin ; Et que Lazare son frère Est de ce banquet divin , L ' amour sacré qui t ' embrase , 0 Marie ! en ce logis Te fait apporter un vase Plein du nard le plus exquis .De ce parfum ta tendresse Du Christ arrose les pieds , Qu ' en ces instans d ' alégresse Tes cheveux ont essuyés ; Et sur sa tête adorable Le répandant à foisow , D ' une vapeur agréable Tu réjouis la maison .D ' une piété si pure En suivant les doux attraits Devai - tu de la censure , Marie , éprouver les traits Par ce présent prophétique Qu ' A Jésus tu viens offrir , Tu préviens la mort tragique Que pour nous il doit souffrir » Du salutaire Evangile Qu ' en tous lieux on prêchera Tant que la lumière utile Dans le Me détendra ; Par - tout oit de cette histoire Les faits sacrés parviendront , A ton acte méritoire Les peuples applaudiront .",
                  "id": "17",
                  "title": "Hymnes de Santeuil, Coffin, et autres célèbres poètes , traduites en cantiques, sur des airs connus disposés suivant l'ordre de l'office divin, par M. G***, desservant de H., diocèse de Sées, département de l'Orne"
            },
            {
                  "doc_url": "https://gallica.bnf.fr/ark:/12148/bpt6k62133x",
                  "emotions": [
                        "admiration",
                        "love",
                        "nostalgia",
                        "gratitude",
                        "caring"
                  ],
                  "excerpt": "Vous ne guérirez pas ma blessure , vous la rouvrirez peut - être à voire contact trop délicieux .Mais je vous affectionne comme des fleurs de cimetière au parfum malsain et très doux , comme des cheveux de l ' Aimée , coupés en masse blonde dans une ivress ~ · .Jamais , jamais je ne lui parlerai plus .",
                  "id": "18",
                  "title": "Ebauches et débauches / baron Jacques d'Adelsward-Fersen"
            },
            {
                  "doc_url": "https://gallica.bnf.fr/ark:/12148/bpt6k61590560",
                  "emotions": [
                        "admiration",
                        "joy",
                        "grief",
                        "love",
                        "nostalgia",
                        "pride",
                        "gratitude"
                  ],
                  "excerpt": "0 bonheur de revivre ! ô cieux , ô terre , ô monts ! Entre son âme et vous , tout s ' orne et s ' illumine .Resplendis à ses yeux , azur du fleuve aimé ! Et toi , vallon natal , d ' arômes parfumé , \" un effluve de vie abreuve sa poitrine .K58 SONNETS .",
                  "id": "19",
                  "title": "Poésies de Benoît Arnaud (publiées par Aimé Camp)"
            },
            {
                  "doc_url": "https://gallica.bnf.fr/ark:/12148/bpt6k62133x",
                  "emotions": [
                        "trust",
                        "love",
                        "calmness"
                  ],
                  "excerpt": "Oh je t ' aime je t ' aitiie .elle est lugèrc à dire , cette toute l ~ elitc parole à : l ' ouvertue du printemps jet des fleurs ; je la retrouverai aussi pure et aussi parfumée le jour où je t ' embrasserai pour la dernière fois .pour la dernière fois .",
                  "id": "20",
                  "title": "Ebauches et débauches / baron Jacques d'Adelsward-Fersen"
            }
      ]
}