{
      "articles": [
            {
                  "doc_url": "https://gallica.bnf.fr/ark:/12148/bpt6k6210426k",
                  "emotions": [
                        "grief",
                        "sadness",
                        "love",
                        "nostalgia"
                  ],
                  "excerpt": "Je regarde trembler , aux pentes des collines , Les grands bois vaporeux que le lointain bleuit ; On dirait qu ' un écho de frêles mandolines S ' éveille , vibre et meurt pour enchanter la nuit .Le vent chuchote une romance sans paroles ; Je vois , près des buissons , veiller les vers luisants , Et , tandis que s ' en vont les dernières corolles , L ' odeur des foins coupés monte comme un encens , Je regarde dormir la montagne et la plaine , Les érables , les ifs , les pins et les tilleuls ; La brise est une voix qui pleure , presque humaine ; Une invisible main effleure les glaïeuls .Las ! Déjà la saison amoureuse est finie ; Un frisson fait trembler les bouleaux , chaque soir ; Et l ' oiseau , grelottant , contemple l ' agonie De la feuille qui meurt , collée à l ' étang noir .",
                  "id": "1",
                  "title": "Le rythme de la vie / Gaston Deschamps"
            },
            {
                  "doc_url": "https://gallica.bnf.fr/ark:/12148/bpt6k6210426k",
                  "emotions": [
                        "joy",
                        "love",
                        "nostalgia",
                        "embarrassment"
                  ],
                  "excerpt": "Si , tour à tour , triste et joyeux , Passant du plaisir à la peine , J ' ai choisi la langue des dieux Pour chanter le caprice errant de l ' âme humaine ; Si , quand le jour se meurt , il m ' arrive souvent , Rêveur silencieux que la nuit douce accueille , D ' écouter ce que dit la caresse du vent Dans le bruissement inquiet d ' une feuille ; Si j ' aime un champ de blé qui , splendide et lointain , Met une frange d ' or aux pourpres de l ' aurore ; Si j ' aime aussi , dans les profondeurs d ' un jardin , L ' ombre lumineuse où , pâle , un jet d ' eau s ' éplore ; Si parfois , dans la paix des soirs calmes , j ' entends Les cigales chanter et se taire , une à une , Tandis que , par - dessus les collines , la lune Reflète son image au miroir des étangs ; C ' est que je sens revivre en toutes mes extases Les contemplations des ancêtres défunts , Qui voulurent jadis , par des mots et des phrases , Traduire ces clartés , ces rumeurs , ces parfums .Sans doute , ils ont senti le frisson de nos fièvres , Et goûté la saveur de nos enivrements ; Mais le mot commencé s ' arrêta sur leurs lèvres ; La phrase s ' acheva , rauque , en balbutiements La Nature parlait : ils ne pouvaient répondre ; Quand l ' aurore apportait , dans les brises d ' avril , L ' émoi d ' amour où notre cœur aime à se fondre Nos ancêtres riaient d ' un rire puéril .Ils ne savaient que rire , aimer , crier et boire ; Nous autres , nous rêvons , et nos yeux aiguisés Discernent , dans la nuit fuligineuse et noire , Des espaces plus clairs et des plans moins foncés .",
                  "id": "2",
                  "title": "Le rythme de la vie / Gaston Deschamps"
            },
            {
                  "doc_url": "https://gallica.bnf.fr/ark:/12148/bpt6k6210426k",
                  "emotions": [
                        "admiration",
                        "love",
                        "gratitude"
                  ],
                  "excerpt": "Le peu que nous voyons , dans l ' incommensurable fantasmagorie de l ' univers visible , nous fait songer aux espaces sans limites qui dépassent la portée de notre regard .Cette fleur , dont je respire le parfum et qui , bientôt effeuillant sa corolle , agonisera sur sa tige penchée , me dit en son langage muet : il y a d ' autres fleurs , des fleurs innombrables , qui s ' épanouissent loin de toi , en des jardins de féerie , et dont jamais , jamais , tu ne pourras connaître la divine douceur .De sorte que chacune de nos joies implique une déception navrante .",
                  "id": "3",
                  "title": "Le rythme de la vie / Gaston Deschamps"
            },
            {
                  "doc_url": "https://gallica.bnf.fr/ark:/12148/bpt6k1416035g",
                  "emotions": [
                        "love"
                  ],
                  "excerpt": ".Déjà , tiens , j ’ ai changé ma coiffure , mes parfums , j ’ ai transformé notre petit logis d ’ amour ..",
                  "id": "4",
                  "title": "Nouveau secrétaire guide des amoureux. Encyclopédie de l'amour,..."
            },
            {
                  "doc_url": "https://gallica.bnf.fr/ark:/12148/bpt6k1416035g",
                  "emotions": [
                        "grief",
                        "sadness",
                        "love",
                        "nostalgia",
                        "gratitude",
                        "disappointment"
                  ],
                  "excerpt": "Blonds amis que jamais on ne peut oublier , J ’ y trouvai l ’ églantine , et fleur et poésie , Ravivèrent mon cœur à leur double ambroisie .Fleurs de notre printemps , ô premières amours , Jusqu ’ au bord du tombeau vous embaumez nos jours .( Brizeux .",
                  "id": "5",
                  "title": "Nouveau secrétaire guide des amoureux. Encyclopédie de l'amour,..."
            },
            {
                  "doc_url": "https://gallica.bnf.fr/ark:/12148/bpt6k9312374",
                  "emotions": [
                        "fear",
                        "love",
                        "nostalgia",
                        "nervousness"
                  ],
                  "excerpt": "Il cultiverait sps champs ; elle demeurerait à la maison avec Rosalie qui l ’ initierait aux travaux des campagnardes .Au coucher du soleil , elle entendrait le sifflement de Pierre annonçant son approche et le soir son cœur battrait lorsqu ’ il chanterait , sur sa cornemuse , la douceur de la nuit parfumée .MARSILE GrEHBAULT 237 L ’ hiver varierait leurs travaux et leurs plaisirs , et les années s ’ écouleraient sans épuiser leur tendresse sans cesse rajeunie au souffle du printemps .",
                  "id": "6",
                  "title": "Marsile Gerbault / Claude Lemaître"
            },
            {
                  "doc_url": "https://gallica.bnf.fr/ark:/12148/bpt6k9312374",
                  "emotions": [
                        "love",
                        "amusement"
                  ],
                  "excerpt": "Par un phénomène frange et cependant bien humain , Odette ré - ^ Ve i s ’ imposant maîtresse chez elle , toujours Ayante , épouse médiocre et amante pire , l ’ exas - Pérait et l ’ excitait tout à la fois .Le frêle bout de femme qui tourbillonnait er , veloppée de soie parfumée , qui se dérobait s ° Uvent à ses tendresses de nouveau mari , amusée Passionnée seulement pour ses futiles occupa -° ns , l ’ asservissait .Il était pris par les sens , il * atachait à elle par le lien du désir , le plus fort e tous , le seul dont ne se délivre pas facilement homme arrivé à l ’ âge de M .",
                  "id": "7",
                  "title": "Marsile Gerbault / Claude Lemaître"
            },
            {
                  "doc_url": "https://gallica.bnf.fr/ark:/12148/bpt6k9312374",
                  "emotions": [
                        "surprise",
                        "love",
                        "nostalgia",
                        "doubt"
                  ],
                  "excerpt": "Alors un élan de grande sympathie s ’ éleva dans Pâme de Marsile .Puis , ce parfum de femme élégante , ce bruissement de jupes de « oie , où donc l ’ avait - elle fleuré et entendu ? Autour de sa mère chérie 1 Alors , de tout son cœur , Marsile embrassa sa future belle - mère .— Est - elle gentille ! Petite fée ! Je vais adorer cette enfant .",
                  "id": "8",
                  "title": "Marsile Gerbault / Claude Lemaître"
            },
            {
                  "doc_url": "https://gallica.bnf.fr/ark:/12148/bpt6k3040704r",
                  "emotions": [
                        "love",
                        "nostalgia"
                  ],
                  "excerpt": "11 était encore couché , très las , malade des excès de sa nuit , pendant que son futur gendre , le comte Guy de Laurière , descendait de voiture et entrait , débordant d ’ espoir , dans la maison de sa fiancée .Déjà des bouquets de roses et de camélias avaient précédé le jeune homme ; — des brassées de verdure et de fleurs mettaient un parfum d ’ amour et comme un chant de fête dans le grand salon , où les dames de Mauval étaient assises .Depuis plusieurs heures , Thérèse rêvait auprès de sa mère , qui , les yeux rouges , les lèvres pâlies , cherchait vainement à dissimuler le trouble profond de son âme .",
                  "id": "9",
                  "title": "Le Gaga : moeurs parisiennes (2e édition) / Dubut de Laforest"
            },
            {
                  "doc_url": "https://gallica.bnf.fr/ark:/12148/bpt6k3040704r",
                  "emotions": [
                        "love",
                        "nostalgia"
                  ],
                  "excerpt": "ce fardeau de LE GAG A 83 sang et de vie , dont la comtesse Julia s ’ était déchargée , avait allégé son corps , rendu ses chairs plus fermes , ses mouvements plus rapides , sa bouche plus fraîche , la lumière de ses yeux plus éclatante .En ce renouveau de jeunesse , M me de Mauval se sentait allumée par de vagues désirs ; un souffle de sensualité se déchaînait sur la femme , remuant les souvenirs exquis des batailles conjugales , des pudeurs effarouchées , des chastes abandons , des voluptés ardentes .C ’ était bien un été de la Saint - Martin qui flamboyait en elle .",
                  "id": "10",
                  "title": "Le Gaga : moeurs parisiennes (2e édition) / Dubut de Laforest"
            },
            {
                  "doc_url": "https://gallica.bnf.fr/ark:/12148/bpt6k3040704r",
                  "emotions": [
                        "love",
                        "desire",
                        "excitement",
                        "pride",
                        "envy",
                        "curiosity"
                  ],
                  "excerpt": "de Mauval activait peu à peu la flamme sensuelle qui crépitait en lui , en promenant ses mains nerveuses sur la chevelure blonde , sur les gracieux contours des épaules , sur la gorge naissante .Il s ’ enivrait du parfum de ce corps virginal ; il s ’ allumait devant le regard éclatant de la fiancée , et il venait à l ’ homme une immense envie de chercher des caresses plus chaudes , plus irritantes encore .Le père oubliait qu ’ il était en présence de sa fille , de sa chair et de son sang , et , libertin énervé , il n ’ entendait qu ’ un long bruissement d ’ harmonie , un chant éperdu d ’ amour ; ses oreilles vibraient de ce murmure que rendent éternellement les grands coquillages ; ses yeux rouges voyaient , à la place de la figure familière de la chaste demoiselle , un visage étranger , des formes merveilleuses , un fruit nouveau , plein de sève et de verdeur .",
                  "id": "11",
                  "title": "Le Gaga : moeurs parisiennes (2e édition) / Dubut de Laforest"
            },
            {
                  "doc_url": "https://gallica.bnf.fr/ark:/12148/bpt6k9633357v",
                  "emotions": [
                        "love",
                        "nostalgia",
                        "calmness"
                  ],
                  "excerpt": "Porter toujours , partout , son intime blessure ! A Laurent .Tu te résignerais à l ' incessante injure Qui viendrail profaner et narguer ton bonheur ! Dans ces bras blancs et doux , seul refuge du coeur , Oui , l ' on doit se sentir morne ou pleurant de rage Et souffrir d ' autant plus qu ' on aime davantage ! Ah ! quand à l ' heure calme , où vers la fin du jour La fleur est tout parfum et l ' âme tout amour , Assis près de sa femme et sous le doux vertige De l ' ombre , qui lui donne un idéal prestige , On s ' écoute ..",
                  "id": "12",
                  "title": "Le Monde judiciaire : revue mensuelle : portraits et notes d'audience, justice des petits abus / Norbert Billiart"
            },
            {
                  "doc_url": "https://gallica.bnf.fr/ark:/12148/bpt6k8524209",
                  "emotions": [
                        "admiration",
                        "love"
                  ],
                  "excerpt": "couronné par des lames un peu réfléchies sur les bords et irrégulièrement déjetées .Chair extrêmement fondante \\ d ' une saveur exquise .Graines ( pépins ) naissant à la moitié de la longueur du fruit , tandis que dans le Beurré Duchesse de Prusse elles partent bien plus bas • les loges qui les contiennent sont petites , tandis que dans le Beurré de la Glacière elles sont bien plus grandes qu ’ il ne faut pour les contenir .",
                  "id": "13",
                  "title": "Flore et Pomone lyonnaises, ou Dessins et description des fleurs et des fruits obtenus ou introduits par les horticulteurs du département du Rhône / rédigée par N.-C. Seringe,... ; avec la collaboration... de MM. Hénon,... et C.-Fortuné Willermoz,... ; dessins par Eugène Grobon ; gravures par Étienne Duchêne"
            },
            {
                  "doc_url": "https://gallica.bnf.fr/ark:/12148/bpt6k8524209",
                  "emotions": [
                        "love"
                  ],
                  "excerpt": "Orifice du tube enfoncé , petit , irrégulier .Chair demi - fine , fondante , sucrée , bien parfumée , d ’ une saveur entre celle de la Bergamote ct du Rousselet .Mûrit dans la fin de novembre ; s ’ élève en arbre vigoureux .",
                  "id": "14",
                  "title": "Flore et Pomone lyonnaises, ou Dessins et description des fleurs et des fruits obtenus ou introduits par les horticulteurs du département du Rhône / rédigée par N.-C. Seringe,... ; avec la collaboration... de MM. Hénon,... et C.-Fortuné Willermoz,... ; dessins par Eugène Grobon ; gravures par Étienne Duchêne"
            },
            {
                  "doc_url": "https://gallica.bnf.fr/ark:/12148/bpt6k8524209",
                  "emotions": [
                        "love"
                  ],
                  "excerpt": "Orifice des sépals enfoncé , à lames peu distinctes et noirâtres .Chair blanche , très fine , beurrée , très fondante , assez parfumée .Fruit de première qualité , et qui mûrit en décembre .",
                  "id": "15",
                  "title": "Flore et Pomone lyonnaises, ou Dessins et description des fleurs et des fruits obtenus ou introduits par les horticulteurs du département du Rhône / rédigée par N.-C. Seringe,... ; avec la collaboration... de MM. Hénon,... et C.-Fortuné Willermoz,... ; dessins par Eugène Grobon ; gravures par Étienne Duchêne"
            },
            {
                  "doc_url": "https://gallica.bnf.fr/ark:/12148/bpt6k9691661t",
                  "emotions": [
                        "grief",
                        "love"
                  ],
                  "excerpt": "Qu ' une idée lui traversât l ' esprit , la nuit , ou qu ' elle fût obsédée par une retouche à faire à un buste en train , elle se levait , et , enfilant son pantalon d ' atelier , le torse en chemise de linon , montante jusqu ' au col , et échancrée sur la gorge , les bras nus , elle se mettait tout de suite à l ' oeuvre .Tant pis pour l ' amant qui était là ! Elle faisait la retouche avec un outil d ' or ou avec ses doigts , et , avant de se recoucher , trempait ses mains , dont la terre glaise avait empâté les ongles , dans une coupe d ' eau parfumée et les essuyait à un chiffon de guipures .Tout cela , – vrai ou faux , – était la légende .",
                  "id": "16",
                  "title": "Dinah Samuel / Félicien Champsaur"
            },
            {
                  "doc_url": "https://gallica.bnf.fr/ark:/12148/bpt6k113280m",
                  "emotions": [
                        "love"
                  ],
                  "excerpt": "Ne serait - ce pas elle en ses jours de désespérance .Verlaine , le poète chéri de Karl , l ' a conquise par certaines pièces délicates Le piano que baise une main frèle Luit dans le soir rose et gris vaguement , Tandis qu ' avec un très léger bruit d ' aile Un air bien vieux , bien faible et bien charmant Rôde discret , épeuré quasiment , Dans le boudoir longtemps parfumé d ' elle .En des rhythmes suggestifs où la pensée , s ' estompe et se synthétise avec des buées de rêve triomphal , Les Cantilènes , de Jean Moréas , lui sonnent l ' harmonique cadence de leurs vers aux imparités syllabiques .",
                  "id": "17",
                  "title": "Soi / Paul Adam"
            },
            {
                  "doc_url": "https://gallica.bnf.fr/ark:/12148/bpt6k6154945r",
                  "emotions": [
                        "love",
                        "desire",
                        "nostalgia"
                  ],
                  "excerpt": "— Combien de maux ta voix charme ici - bas ! Aimable fée , ah ! ne fuis pas , Ah ! ne fuis pas .Étends , ma fée , étends sur eux tes ailes ; Parfume l ' air de leurs obscurs abris .Qu ' un peu de vin , non le vin des querelles , Le vin de joie , éveille leurs esprits .",
                  "id": "18",
                  "title": "Chansons de P.-J. de Béranger : anciennes et posthumes (Nouvelle édition populaire ornée de 161 dessins inédits)"
            },
            {
                  "doc_url": "https://gallica.bnf.fr/ark:/12148/bpt6k6154945r",
                  "emotions": [
                        "love",
                        "nostalgia",
                        "gratitude",
                        "approval"
                  ],
                  "excerpt": "Mais votre voix devient plus vive : Non , vous n ' aimez pas les méchants .Du printemps le parfum m ' arrive Avec la douceur de vos chants .La nature , plus belle encore , Dans mon coeur va graver sa loi .",
                  "id": "19",
                  "title": "Chansons de P.-J. de Béranger : anciennes et posthumes (Nouvelle édition populaire ornée de 161 dessins inédits)"
            },
            {
                  "doc_url": "https://gallica.bnf.fr/ark:/12148/bpt6k10913282",
                  "emotions": [
                        "love",
                        "nervousness",
                        "frustration"
                  ],
                  "excerpt": "Son chant , c ’ est la croyance en l ’ ineffable amour ; C est le songe de gloire où tout jeune homme , un jour , Mit son espoir et son envie ; G est 1 aspiration des esprits généreux , La beauté du printemps , l ’ éclat des jours heureux , L ’ ode de la force à la vie ! Mais combien dure peu cet hymne de printemps Voici que succédant aux rythmes éclatants Une voix gémit et soupire : C ’ est le premier regret .Déjà les passions Arrivent , imposant leurs profanations Aux cordes rudes de la lyre ! Bientôt l ’ expérience arrive et va souflant Sur les illusions , comme un vent violent Sur de tremblotantes bougies ; Et les illusions sont mortes à jamais , Pareilles à des fleurs sur les seins parfumés Froissés aux baisers des orgies .Maintenant , un sanglot déchirant , continu ; C ’ est comme un flot amer s ’ acharnant du flanc nu De falaises déjà croulantes ; C ’ est le lutteur étreint par la réalité .",
                  "id": "20",
                  "title": "Rêveries intimes / poésies par Jean Larouzière"
            }
      ]
}