{
      "articles": [
            {
                  "doc_url": "https://gallica.bnf.fr/ark:/12148/bpt6k5698789k",
                  "emotions": [
                        "joy",
                        "love",
                        "optimism",
                        "gratitude",
                        "approval"
                  ],
                  "excerpt": "Le fuseau de nos jours n ' est pas garni de soie , Le ciel de nos printemps n ' est pas d ' un vif émail ; Mais il est devant nous un sentier plein de joie , Où sont trois belles fleurs : espoir , amonr , travail .Qu ' elles croissent pour nous à l ' ombre du mystère Ces fleurs , leur frais parfum aux bons coeurs réservé Est assez de bonheur pour nous deux sur la terre ; Enfant , vous êtes bien l ' ange que j ' ai rêvé ! EUGÈNE BAILLET .A BAS LES YEUX ROMANCE Paroles de H .",
                  "id": "1",
                  "title": "Album chantant ou la chanson de tous et pour tous.... Tome 3"
            },
            {
                  "doc_url": "https://gallica.bnf.fr/ark:/12148/bpt6k5607039g",
                  "emotions": [
                        "joy",
                        "love",
                        "desire",
                        "nostalgia",
                        "excitement",
                        "gratitude"
                  ],
                  "excerpt": "Partout déborde à flots la vie et la beauté Du sein fécond de la nature , * Le jour parle d ' amour ; la liède volupté Soupire dans la nuit obscure .Laissez - moi respirer Ces suaves odeurs Qui charment mon âme blessée ; Laissez - moi revêtir de ces riches couleurs La palette de ma pensée ! Laissez , sur les ( lots bleus , sur les brillants contours , Longtemps errer mes rêveries , Se perdre mes désirs en cette mer d ' amours , Ma vie en ces torrents de vies ! Laissez - ^ moi respirer la force et le bonheur ; Laissez - moi jouir de mon être ; Ce lieu sublime aussi c ' est un temple , et mon Coeur , Un tabernacle où DieU pénètre .TENTATIONS DUNE NOVICE .",
                  "id": "2",
                  "title": "Caprices / par L.-G. Des Hogues"
            },
            {
                  "doc_url": "https://gallica.bnf.fr/ark:/12148/bpt6k54152133",
                  "emotions": [
                        "love"
                  ],
                  "excerpt": "C ' est ainsi que nous citerons les papiers suivants : Papier fabriqué avec les algues marines .Papiers d ' écorce d ' arbres odorants .Papier jaune de chanvre .",
                  "id": "3",
                  "title": "Industries anciennes et modernes de l'empire chinois : d'après des notices traduites du chinois / par M. Stanislas Julien,.... et accompagnées de notices industrielles et scientifiques / par M. Paul Champion,..."
            },
            {
                  "doc_url": "https://gallica.bnf.fr/ark:/12148/bpt6k54694580",
                  "emotions": [
                        "grief",
                        "sadness",
                        "love",
                        "nostalgia",
                        "disappointment"
                  ],
                  "excerpt": "LA VIE 181 Ton front pur , trop souvent battu par la tempête , Avant l ' âge perdra la fraîcheur de son teint , Tes épaules ploiront , tu baisseras la tête , Ton pas lourd n ' aura plus qu ' une allure défaite Et ton oeil qu ' un regard éteint .De tes illusions la gracieuse image S ' enfuira sous le fouet de la réalité , De tes amours la troupe inconstante et volage T ' aura quittée avant même que ton visage Ait vu s ' effacer sa beauté ; Tes larmes , en coulant , creuseront sur ta joue Des sillons plus profonds que les rides du temps ; Ta bouche humera l ' acre odeur de la boue Et gardera figé par une triste moue Le sceau des dégoûts rebutants ; Tes yeux qui se plaisaient à suivre des chimères Seront lassés d ' avoir tant de .fois contemplé 11 182 LA VIE Le spectacle attristant des douleurs , des misères , Des mornes trahisons , des haines meurtrières Du droit par la force accablé .",
                  "id": "4",
                  "title": "Poésies d'un marin / Vice-amiral Eugène de Jonquières ; préface de Pierre Loti,..."
            },
            {
                  "doc_url": "https://gallica.bnf.fr/ark:/12148/bpt6k5607039g",
                  "emotions": [
                        "love",
                        "nostalgia",
                        "gratitude",
                        "faith"
                  ],
                  "excerpt": "ton be ? iu ïégat ' d , * Qui cherclic - t * iiy ma bten - âimée ? i Moi ! moi ! dieux ) ai - je bien compVis ? Sa figure s ' est ranimée , ! ' ■ ' ; Elle m ' appelle d ' un Souris ; : Je viens , je Viens > ma bien ' - aimée ! / D .ans ses accents quelle doucèùïl - La waltz , oui , la \\ valtzj mon Aiméei ? ' ' ■ Grand Dieu ! dans mes brasy sur mon coeur Je vaispressermabien ^ âiinéet ' - Viens , rharmohie ouvre les cieux ! De ta chevelure embaumée s Qiiels fluides voluptueux S ' exhalent , ô ma bien - aimée ? SCO ■ ■ i LK 11 AL .Plus près deimoncoeuVcnivrél .",
                  "id": "5",
                  "title": "Caprices / par L.-G. Des Hogues"
            },
            {
                  "doc_url": "https://gallica.bnf.fr/ark:/12148/bpt6k6383419j",
                  "emotions": [
                        "love",
                        "optimism",
                        "desire",
                        "excitement",
                        "pride",
                        "gratitude"
                  ],
                  "excerpt": "Et bien ! je vous les donne .Que chacun cultive le sien avec ardeur , et ces charmantes fleurs rose tendre , qui répandent une si agréable odeur , ; - - t ' changeront bientôt eu fruits excellents .II - Dès le lendemain , Etienne , l ' aîné , se mit à l ' œuvre .",
                  "id": "6",
                  "title": "Cours de dictées suivi d'exercices de style, de modèles d'actes et d'un questionnaire sur la première partie de la grammaire des enfants ; ouvrage mis en rapport avec cette grammaire. Par plusieurs instituteurs"
            },
            {
                  "doc_url": "https://gallica.bnf.fr/ark:/12148/bpt6k5620541n",
                  "emotions": [
                        "grief",
                        "love",
                        "nostalgia",
                        "calmness",
                        "indifference"
                  ],
                  "excerpt": "Thérésa , nous ne l ' avons pas encore dit , ce me semble , est blonde , blanche , svelte et délicate ; elle est élégante , jolie , douée de cette chair soyeuse à la main , caressante au regard , que ni la parole ni le pinceau ne peuvent rendre ; ses mains , à doigts retroussés , sont frappées de fossettes souriantes ; sa voix est d ' une douceur pénétrante , ses mouvements sont gracieux , et rien ne semble devoir lui convenir mieux que de lisser ses bandeaux , de k - ur faire exhaler 26 THÉRÉSA .des parfums enivrants , de couper ses ongles roses en amande et de vivre horizontalement dans une douce nonchalance ; il ne lui manque que ce qui crée une seconde fois la femme , les chiffons et les billets doux .Toutes choses qui sembleraient nous autoriser à ajouter qu ' elle ressemble à une vignette de Keapsake , comme tout romancier a l ' habitude de le dire , et comme tout lecteur a le droit de le croire .",
                  "id": "7",
                  "title": "Thérésa, ou Comme s'en va le bonheur. Tome 1 / par Adrien Paul"
            },
            {
                  "doc_url": "https://gallica.bnf.fr/ark:/12148/bpt6k9796122s",
                  "emotions": [
                        "love"
                  ],
                  "excerpt": "bois vif .bois odorant , de senteur , bois tendre .bois sain .",
                  "id": "8",
                  "title": "Manuel des termes du commerce anglais-français et français-anglais ou Recueil de termes et de formules du commerce en général... (5e édition) / par A. Spiers,..."
            },
            {
                  "doc_url": "https://gallica.bnf.fr/ark:/12148/bpt6k5491278d",
                  "emotions": [
                        "love",
                        "courage"
                  ],
                  "excerpt": "Afin d ' éviter le ridicule d ' une querelle .au milieu de la rue , il céda soudain , en âpiant Alathilde de si près qu ' il respira , malgré lui , le chaud parfum de sa gorge .Elle affectait déjà un air d ' auto , rite .",
                  "id": "9",
                  "title": "Trottin de Paris / Georges Beaume"
            },
            {
                  "doc_url": "https://gallica.bnf.fr/ark:/12148/bpt6k5668011c",
                  "emotions": [
                        "love",
                        "curiosity"
                  ],
                  "excerpt": "Tous les auteurs qui ' .ont recherché quelles étaient les causes des fièvres intermittentes simples Ou pernicieuses ont remarqué que les remuements do terre , que les défrichements , et tout ce qui tend à mettre la surface du sol travaillé en contact avec l ' air , provoque presque infailliblement le développement de ce genre d ' affection .Les praticiens qui exercent dans les départements essentiellement agricoles ont sans doute remarqué que les paysans , les cultivateurs , les manouvriers des champs étaient infiniment plus exposés à l ' intoxication miasmatique des émanations de la terre que ne le sont , dans ces mêmes départements , les ouvriers sédentaires des villages et des bourgs , où l ' on rencontre quelques artisans qui n ' ont jamais travaillé en plein air .",
                  "id": "10",
                  "title": "Traité des fièvres intermittentes et rémittentes des pays tempérés et non marécageux, et qui reconnaissent pour cause les émanations de la terre en culture / par le Dr Adrien Bérenguier,..."
            },
            {
                  "doc_url": "https://gallica.bnf.fr/ark:/12148/bpt6k65690159",
                  "emotions": [
                        "love"
                  ],
                  "excerpt": "Le faux Thé rouge , fleurs pleines .moyennes , d ' un rose purpurin et odorantes .La Palavicini , fleurs doubles , moyennes et d ' un rose lilas .",
                  "id": "11",
                  "title": "La rose chez les différents peuples anciens et modernes : description, culture et propriété des roses (2e édition) / par M. A. de Chesnel"
            },
            {
                  "doc_url": "https://gallica.bnf.fr/ark:/12148/bpt6k64133576",
                  "emotions": [
                        "love"
                  ],
                  "excerpt": "Ils se plaisent particuliérement à s ' adrésser aux objets insensibles , à les appeller pour fimpathifer à leurs peines , ou pour partager leur joïe en leur ordonnant de porter leurs méssages à ceux qu ' ils aiment , en comparant leurs beautés & leurs perfections aux charmes dont ils font épris , ainsi que fait Hâfiz dans cette ode élégante .0 doux zéphire ! tu portes avec toi l ' odeur embaumée de l ' objet de mon amour , duquel tu tiens ce présent musqué ; Mais , t .' , Mais , prens garde , ne derobe point ; qu ' as - tu à démêler avec ses belles tréflfes ? ' • 0 rose ! qu ' es - tu pour être comparée avec sa brillante face ? elle est le musc même , & tu es hérissee d ' épines .",
                  "id": "12",
                  "title": "Histoire de Nader Chah, connu sous le nom de Thahmas Kuli Khan, empereur de Perse. Partie 2 / , traduite d'un manuscrit persan... avec des notes... et un traité sur la poésie orientale..."
            },
            {
                  "doc_url": "https://gallica.bnf.fr/ark:/12148/bpt6k9740909f",
                  "emotions": [
                        "love"
                  ],
                  "excerpt": "grandis ) .Violette odorante des quatre saisons .Zauschneria Californica .",
                  "id": "13",
                  "title": "Instructions pour les semis de fleurs de pleine terre... ; suivies... d'une Notice sur la formation et l'entretien des gazons (5e édition) / par Vilmorin-Andrieux et Cie,..."
            },
            {
                  "doc_url": "https://gallica.bnf.fr/ark:/12148/bpt6k64241914",
                  "emotions": [
                        "love"
                  ],
                  "excerpt": "— Arbrisseau à rameaux nombreux et en forme de jonc , peu ou point feuilles .fleurs grandes , jaunes et odorantes .— Cultivé sous le nom de Genêt d ' Espagne .",
                  "id": "14",
                  "title": "Flore de Bordeaux et du Sud-Ouest, analyse et description sommaire des plantes sauvages ou généralement cultivées dans les parties non montagneuses des bassins de la Garonne, de la Charente et de l'Adour,... par le Dr J.-A. Guillaud,... Premier volume. Phanérogames"
            },
            {
                  "doc_url": "https://gallica.bnf.fr/ark:/12148/bpt6k9605729q",
                  "emotions": [
                        "love",
                        "curiosity"
                  ],
                  "excerpt": "Toutes les humeurs extravasées se décomposent , les unes en se partageant en deux parties , dont l ' une se coagule en s ' attachant aux organes , et l ' autre , moitié fluide , séjourne sous cette forme ou disparaît par la résorption ; tels sont le sang épanché , et quelques produits de l ' inflammation accumulés dans les parties séreuses : les autres , en passant à la putréfaction comme le pus des phlegmons ; mais aussitôt que l ' air atmosphérique pénètre dans les foyers qui contiennent ces humeurs , il accélère leur décomposition et leur fait contracter une excessive fétidité .Comment donc être surpris que la putridité s ' associe aux inflammations aiguës du canal digestif ? Certes ces affections doivent être les maladies putrides par excellence .On ne peut leur comparer que les suppurations putrides avec résorption ; tels sont les dépôts fistuletix , provenant des grands phlegmons qui pénètrent profondément dans l ' épaisseur des parties , et qui fournissent une suppuration abon - tuante et fétide dont la majeure partie est résorbée : jamais ici les causes sont évidentes , et l ' on ne s ' avise as de confondre les maladies que produisent ces ésorptions purulentes , avec les fièvres dites pudes essentielles , Lors donc que la putridité se manifeste dans une maladie aiguë , sans que l ' on puisse l ' attribuer a la utréfaction d ' un foyer purulent , il est déjà très robable qu ' elle dépend d ' une gastro - entérite ; mais uand les autres signes de cette maladie s ' y trouvent réunis , il ne reste plus aucun doute sur la cause prochaine de la fétidité des excrétions , et cette fétidité devient nécessairement un des signes carac - Îtéristiques de la maladie qui nous occupe .",
                  "id": "15",
                  "title": "Commentaires des propositions de pathologie consignées dans l'Examen des doctrines médicales. Tome 1 / , par F.-J.-V. Broussais"
            },
            {
                  "doc_url": "https://gallica.bnf.fr/ark:/12148/bpt6k9687748w",
                  "emotions": [
                        "love"
                  ],
                  "excerpt": "Au lieu d ' analyser , il se mit à jouir avec délice de ce voisinage .Sans qu ' il s ' en doutât , il avait , durant cette soirée , subi un ensorcellement de sensualité qui se résumait , pour ainsi dire , dans cette femme de tous points désirable , autour de laquelle flottait un subtil et pénétrant arome .En fidèle disciple des maîtres de Parnasse , il avait eu , pendant une époque de son adolescence , l ' enfantine manie des parfums , et il aspira longuement cette fine , cette tiède odeur ; il reconnut l ' héliotrope blanc , et il se souvint d ' avoir un jour , en proie à la nostalgie des tendresses raffinées , écrit une fantaisie rimée où se trouvaient ces deux vers : L ' opoponax alors chanta dans l ' ombre douce L ' histoire des baisers que nous n ' aurons pas eus .",
                  "id": "16",
                  "title": "Mensonges / Paul Bourget ; illustrations de F. de Myrbach"
            },
            {
                  "doc_url": "https://gallica.bnf.fr/ark:/12148/bpt6k9608157w",
                  "emotions": [
                        "admiration",
                        "love",
                        "approval"
                  ],
                  "excerpt": "Reine de toute la nature , Dans l ' éclat de ses plus beaux jours , Des Grâces elle est la parure , A la saison , chère aux amours .De Vénus elle fait les charmes ; Les Muses aiment son odeur ; Pour l ' amant ses piquantes armes Ne sont pas sans quelque douceur .C ' est son oracle en son martyre ; Plaçant sa feuille sur la main , Au bruit qu ' en frappant il en tire , Il croit apprendre son destin .",
                  "id": "17",
                  "title": "Odes d'Anacréon : nouvelle traduction en vers / par M. Redarez-Saint-Remy,..."
            },
            {
                  "doc_url": "https://gallica.bnf.fr/ark:/12148/bpt6k64537w",
                  "emotions": [
                        "love"
                  ],
                  "excerpt": "Le délicieux infini des joies pures entrait dans son cœur , et son extase était aussi subite qu ' inespérée ! Cette seule parole avait dissipé comme un coup de vent du ciel , ses pensées soucieuses et irritées 1 Il renaissait ! Hadaly et ses vains mirages étaient loin maintenant de ses souvenirs .Us demeurèrent silencieux et enlacés pendant quelques secondes : le sein de la jeune femme se soulevait et le troublait de ses effluves enivrants il la pressa dans ses bras .Au - dessus des deux amants , le , ciel était redevenu clair et se chargeait d ' étoiles à travers les féuillage , s de l ' allée t l ' ombre s ' approfondissait et devenait suMinië .",
                  "id": "18",
                  "title": "L'Ève future / Cte de Villiers de l'Isle-Adam"
            },
            {
                  "doc_url": "https://gallica.bnf.fr/ark:/12148/bpt6k6375332d",
                  "emotions": [
                        "love",
                        "nostalgia",
                        "relief",
                        "gratitude"
                  ],
                  "excerpt": "Fut - ce pour éviter tout ennuyeux cérémonial , ou faute d ' attention , que tous deux becquetèrent aux mêmes fruits , burent à la même source , se balancèrent au même arbrisseau ? .Toujours est - il , tant que l ' astre ardent pointilla d ' or la vallée parfumée , ce fut pour nos deux bestioles , un enivrement de lumière , d ' espace et d ' amour .Se séparer , il n ' y fallait plus songer .",
                  "id": "19",
                  "title": "Le Cyclamen : revue mensuelle scientifique, littéraire & artistique des Savoyards de Paris"
            },
            {
                  "doc_url": "https://gallica.bnf.fr/ark:/12148/bpt6k14125905",
                  "emotions": [
                        "love"
                  ],
                  "excerpt": "En conséquence , il dépendit sa guitare , puis il prit la direction du Cours P dans laquelle il apercevait la cime élevée d ’ un pin d ' Italie .Du reste les brises qui venaient du même côté lui apportaient des émanations enivrantes , attractives comme des aimants .Bientôt il pénétra dans une allée plantée de .",
                  "id": "20",
                  "title": "La Dame qui rit / George Japy"
            }
      ]
}