{
      "articles": [
            {
                  "doc_url": "https://gallica.bnf.fr/ark:/12148/bpt6k54602091",
                  "emotions": [
                        "admiration",
                        "joy",
                        "love",
                        "gratitude",
                        "doubt"
                  ],
                  "excerpt": ", \" Malheur ! car tu n ' as pas compris , homme d ' un jour , Que Dieu donne la grâce à qui donne l ' Amour .L ' Amour , divin parfum ; l ' Amour , fleur éternelle Que l ' ange devant Dieu fait tomber de son aile ; L ' Amour qui , débordant comme une coupe pleine , A fait du sein de Dieu sortir la race humaine ; L ' Amour comme un trésor t ' avait été donné Et toi qui ne l ' as pas compris , infortuné , Tu l ' as aux yeux de Dieu enfoui dans la fange ..",
                  "id": "1",
                  "title": "Enosh, prologue, par Gustave de La Noue"
            },
            {
                  "doc_url": "https://gallica.bnf.fr/ark:/12148/bpt6k1268816d",
                  "emotions": [
                        "love",
                        "nostalgia",
                        "gratitude",
                        "faith"
                  ],
                  "excerpt": "Et la nuit tombait , nous étions encor Muets dans l ' extase , Noyés de parfums , le cœur comme un vase Empli jusqu ' au bord ; Le frangipanier jetait ses fleurs roses Parfois sur tes yeux , Et nous nous taisions pour respecter mieux La douceur des choses .l l I 0 clair miroir montrant toujours , Par les années , Les fleurs du cœur jamais fanées ! Sur nos amours , 0 Souvenir ! en pieux mage , Tu mets l ' encens , L ' aromate aux effets puissants , Plus forts que l ' âge ! Obéissons aveuglément A la Nature Qui fit la femme exquise et pure Et l ' homme aimant ! Le cœur sait bien trouver sa voie Quand il le veut : « S ' aimer d ' amour » , tel est le vœu D ' où naît la joie .L cA 511 È \\ E LA lune arrondissait au ciel un sein d ' ivoire D ' où tombait la clarté laiteuse à la nuit noire ; L ' intimité , la paix alanguissaient le temps ; L ' air vibrait des parfums envolés des étangs ; Un réseau lumineux se resserrait sur l ' onde Pareille au flanc vibrant qu ' on caresse et féconde ; Des soupirs onduleux parcouraient les bosquets Où les boutons gonflés éclataient en bouquets ; Dans le gazon houleux que lustrait la lumière , Le grillon s ' isolant pour noter sa prière Saluait les rayons enchanteurs de ses cris ; Des oiseaux murmuraient sous les rosiers fleuris , Fleurs aux plis refermés près de l ' éveil des roses Et toi , communiant avec l ' heure et les choses , Les yeux noyés d ' extase et le cœur plein d ' amour , Souriant à la vie éparse à ton entour , Au milieu de la nuit , de la béatitude , .",
                  "id": "2",
                  "title": "Les Nénuphars / Jean Ricquebourg"
            },
            {
                  "doc_url": "https://gallica.bnf.fr/ark:/12148/bpt6k210028b",
                  "emotions": [
                        "love",
                        "nostalgia",
                        "doubt",
                        "amusement"
                  ],
                  "excerpt": "C ' est se montrer par trop naïi De savourer le vieux Baïf , En pleine .idylle Sous le frais cytise odorant , Au bord d ' un ruisseau murmurant , Loin de la ville 1 A quoi bon chanter les oiseaux , Le chêne , les souples roseaux , Les amoureuses ? A quoi bon parler des autans , D ' un chaud rayon , du gai printemps , Des tubéreuses ? Célébrer le retour d ' Avril , Ou d ' un enfant le doux babil , Quelle folie ! Qui voudrait évoquer les jours Remplis par les jeunes amours ? .Le sage oublie .",
                  "id": "3",
                  "title": "Jadis, souvenirs et fantaisies... / Alexandre Piédagnel ; avec six eaux-fortes de Marcel d'Aubépine"
            },
            {
                  "doc_url": "https://gallica.bnf.fr/ark:/12148/bpt6k61286187",
                  "emotions": [
                        "joy",
                        "love",
                        "excitement"
                  ],
                  "excerpt": ".Violettes , Violettes , Près d ' Elle apportez votre douce odeur ; Sous ses doigts allez , allez sur son coeur , Violettes , Allez , mes fleurettes , Sur son coeur ! PARFUMS ET DÉSIRS ll5 TES LÈVRES ! aA une « aimie .» Tes lèvres sont deux fleurs rosées Souples et vives toutes deux , ' Dans leur écartement joyeux Luisent tes belles dents nacrées .",
                  "id": "4",
                  "title": "Fantaisies juvéniles, poésies par Henri, Cte de C***"
            },
            {
                  "doc_url": "https://gallica.bnf.fr/ark:/12148/bpt6k54323169",
                  "emotions": [
                        "love",
                        "calmness"
                  ],
                  "excerpt": "Jamais , sous les berceaux que le jasmin parfume , Aux roucoulements doux et lents des verts ramiers , Quand le hûka royal en pétillant s ' allume Et suspend sa vapeur aux branches des palmiers ; Quand l ' essaim tournoyant des Lall - Bibis s ' enlace Comme un souple python aux anneaux constellés ; Quand la plus belle enfin , voluptueuse et lasse , Vient tomber à ses pieds , pâle et les yeux troublés : NURMAHAL .139 Jamais , au bercement des chants et des caresses , Baigné d ' ardents parfums , d ' amour et de langueur , Djihan - Guîr n ' a senti de plus riches ivresses Telles qu ' un flot de pourpre inonder tout son coeur .Qui chante ainsi ? La nuit a calmé les feuillages , La tourterelle dort en son nid de çantal , Et la Péri rayonne aux franges des nuages .",
                  "id": "5",
                  "title": "Poèmes barbares (Édition définitive, revue et considérablement augmentée) / Leconte de Lisle"
            },
            {
                  "doc_url": "https://gallica.bnf.fr/ark:/12148/bpt6k5712365z",
                  "emotions": [
                        "joy",
                        "love",
                        "optimism",
                        "excitement"
                  ],
                  "excerpt": "Nedella ouvrit enfin les yeux , eut un long regard pour le soleil qui s ' enfuyait à l ' horizon ; sourit ensuite à la nature , qui s ' offrait à elle toujours verte et riante .Ses narines nacrées semblèrent se dilater pour aspirer avec un bonheur infini les senteurs embaumées qui , le soir , parcourent les jungles ; puis enfin son regard s ' arrêta sur Karnac , qui , anxieux ., tenait toujours la main de la jeune fille dans le sienne .",
                  "id": "6",
                  "title": "Le grenadier Sans-Quartier : grand roman patriotique. 2 / par Louis Noir"
            },
            {
                  "doc_url": "https://gallica.bnf.fr/ark:/12148/bpt6k6150433k",
                  "emotions": [
                        "joy",
                        "love",
                        "excitement",
                        "gratitude",
                        "nervousness"
                  ],
                  "excerpt": "C ' est le tiède printemps à la robe de mauve ; Il effleure nos champs sur l ' aide des zéphirs , Et chassant devant lui l ' âpre hiver qui se sauve , Il fait naître en nos coeurs l ' amour et ses désirs .Son haleine embaumée enivre la nature , Qui semble tressaillir sous ses tendres baisers ; Partout il se répand des senteurs de verdure Que la brise nouvelle emporte dans les airs .Déjà sur la pelouse on voit la marguerite Au beau soleil d ' avril ouvrir ses boutons blancs ; Cette première fleur à sortir nous invite Pour aller respirer les parfums du printemps .",
                  "id": "7",
                  "title": "Poésies / L. de Jubécourt"
            },
            {
                  "doc_url": "https://gallica.bnf.fr/ark:/12148/bpt6k1162330v",
                  "emotions": [
                        "love"
                  ],
                  "excerpt": "» Dans cet étrange billet se trouvait en effet la fleur annoncée .Ce n ’ était point une rose délicate , une violette aux balsamiques parfums , une pensée symbolique , une marguerite chargée de dire à son possesseur la bonne aventure d ’ amour .C ’ était une immortelle .",
                  "id": "8",
                  "title": "Mémoires de mes maîtresses, par Léo Lespès (Timothée Trimm)"
            },
            {
                  "doc_url": "https://gallica.bnf.fr/ark:/12148/bpt6k1268816d",
                  "emotions": [
                        "love",
                        "nostalgia",
                        "excitement",
                        "gratitude",
                        "nervousness",
                        "faith"
                  ],
                  "excerpt": ".qu ' importe it l ' arbre en fleurs ! Ton cœur bat , c ' est le fait qui le touche ; Les parfums , soupirs divins des fleurs , S ' offriront plus enivrants , meilleurs .Le frisson fécond de la nature , La caresse et son trouble infini , Propagés du ciel à la verdure , Parcourant tout l ' espace infini , Vont du cœur de l ' ingénue au nid .",
                  "id": "9",
                  "title": "Les Nénuphars / Jean Ricquebourg"
            },
            {
                  "doc_url": "https://gallica.bnf.fr/ark:/12148/bpt6k96028635",
                  "emotions": [
                        "admiration",
                        "love",
                        "gratitude"
                  ],
                  "excerpt": "Symbole , beauté , douceur .Aimable fleur , c ' est ton haleine Qui charme et pénètre nos sens , C ' est toi qui verses dans la plaine Ces parfums doux et ravissants .> • Les esprits embaumés qu ' exhale La rosée fraîche et matinale , N Pour nous sont moins délicieux , Et ton odeur suave et pure Est un encens que la nature Lève en tribut vers les cieux .",
                  "id": "10",
                  "title": "L'ancien et le nouveau langage des fleurs : dévoilé... au moyen de l'interpretation symbolique des plantes, des fleurs, fruits... suivi de la nomenclature des sentiments... dont chaque fleur est l'expression, terminé... par l'horloge et barométre des fleurs..."
            },
            {
                  "doc_url": "https://gallica.bnf.fr/ark:/12148/bpt6k6246754m",
                  "emotions": [
                        "boredom",
                        "love",
                        "indifference"
                  ],
                  "excerpt": "Mais que dis - je ? l ' amour n ' a proprement ni couleur , ni forme , ni exhalaison ; ce n ' est pas non plus une eau qui puisse manquer de limpidité .Ceux que le désintéressement le plus parfait n ' a pas animés sont privés pour toujours de respirer le doux parfum de l ' amour .L ' amour est bien tel que je viens de le décrire ; celui qui le possède tient en ses mains une vessie de musc .",
                  "id": "11",
                  "title": "Allégories, récits poétiques et chants populaires (2e éd.) / traduits de l'arabe, du persan, de l'hindoustani et du turc par M. Garcin de Tassy,..."
            },
            {
                  "doc_url": "https://gallica.bnf.fr/ark:/12148/bpt6k61286187",
                  "emotions": [
                        "admiration",
                        "love"
                  ],
                  "excerpt": "Si ton âme , en cherchant une âme , A voulu le plaisir exquis 7 - I I 8 FANTAISIES JUVÉNILES Des feux donnés , des feux conquis Par le Désir ailé qui dans lecceur se pâme ; Si tu recherches dans l ' amour L ' échange de deux pensées Et si tu veux qu ' ensemble , chaque jour , Nos âmes de bonheur se sentent oppressées ; Si tu consens que dans tes yeux Je guette les éclairs joyeux De la tendresse qui se donne , Si tu veux bien que je m ' adonne A chercher , à savoir , à vouloir tous tes voeux .O ma chère , si tu désires Un loyal et doux serviteur , Si tu permets que je respire Les suaves parfums de ta pensée en fleur ; Si dans ta belle intelligence , Le vrai bonheur dans sa puissance T ' apparut noble , grand et pur ; Si , d ' un amour ardent acceptant la constance , Tu veux l ' ardeur soumise et le dévouement sûr ; PARFUMS ET DESIRS II 9 Enfin , si quand je dis , ma chère , que je t ' aime , Tu ne réponds pas : « Non » à cet aveu suprême ..",
                  "id": "12",
                  "title": "Fantaisies juvéniles, poésies par Henri, Cte de C***"
            },
            {
                  "doc_url": "https://gallica.bnf.fr/ark:/12148/bd6t5369174r",
                  "emotions": [
                        "love",
                        "pride",
                        "envy",
                        "amusement"
                  ],
                  "excerpt": "Au repas de baptême du petit Kadiou , ils furent placés l ’ un auprès de l ’ autre , et les bons vins délièrent la langue de Magorrec , qui se montra galant et empressé .On dansa un peu entre soi dans la soirée ; le capitaine , ayant valsé avec Rose , sentit qu ’ il lui fallait absolument pour la vie cette taille si fine et si flexible à tenir entre ses dix doigts , le parfum envolé de cette chevelure blonde , et cet appel au baiser qui se dégageait de certaine fossette provocante creusée près des lèvres par le moindre rire .Il n ’ eut pas de repos que son ami ne l ’ eût présenté à madame Jagut , dont l ’ accueil le toucha , comme si l ’ hôtesse de la Villa Bleue n ’ eût pas été accueillante par état et pour tout le monde .",
                  "id": "13",
                  "title": "Au-dessus de l'Abîme / Th. Bentzon"
            },
            {
                  "doc_url": "https://gallica.bnf.fr/ark:/12148/bpt6k5493769s",
                  "emotions": [
                        "love",
                        "nostalgia",
                        "indifference"
                  ],
                  "excerpt": "Ruisseaux dont l ' onde pure embellit nos prairies , Vous qui savez combien j ' adore mon Anna , Traduisez de son coeur les tendres rêveries ; Mais ne révélez pas qu ' elle me le donna .Marguerites des champs que j ' aime avec délire ; Vous que je consultais hier dans ce séjour , Donnez votre parfum à l ' indiscret zéphire ; Mais ne révélez pas mon poétique amour .Et vous étoiles d ' or qui , de vos saintes sphères , Fûtes les seuls témoins de mon premier bonheur , De mes douces amours pénétrez les mystères ; Mais ne révélez pas les secrets de mon coeur .",
                  "id": "14",
                  "title": "Perles de rosée : poésies / par Louis Astouin"
            },
            {
                  "doc_url": "https://gallica.bnf.fr/ark:/12148/bpt6k5680879s",
                  "emotions": [
                        "love"
                  ],
                  "excerpt": "Au milieu du sentier et sur les pierres brunies un clair ruisseau chantait .Les bruyères blanches répandaient leur suave odeur d ' amande .Les genêts d ' or , le romarin , la lavande fleurissaient à l ' ombre .",
                  "id": "15",
                  "title": "Voyage autour du Grand-Pin, par Juliette Lamber"
            },
            {
                  "doc_url": "https://gallica.bnf.fr/ark:/12148/bpt6k5568547g",
                  "emotions": [
                        "love"
                  ],
                  "excerpt": "Mais voici que le mal montée II arrive maintenant à vos propres foyers .Ses émanations délétères flétrissent déjà qui s ' y trouve de plus délicat : l ' âme de vos filles ; il va enfin vous atteindre vous - mêmes au coeur , en frappant le coeur de vos enfants I Est - ce que vous croyez que le moment n ' est pas venu d ' ouvrir les yeux et de réparer votre erreur ? ' ' ■ ■ ' ■ ■ ■ ■ ' ..",
                  "id": "16",
                  "title": "Les jeunes filles d'aujourd'hui : mouvement intellectuel, émancipation morale, répercussion sur le mariage : trois conférences données à Paris, les 22, 29 mars et 5 avril 1911 (9e édition) / Mgr Henry Bolo"
            },
            {
                  "doc_url": "https://gallica.bnf.fr/ark:/12148/bpt6k9618359p",
                  "emotions": [
                        "admiration",
                        "love",
                        "calmness",
                        "approval"
                  ],
                  "excerpt": ".Superbes et parfumées , vous fleurirez dans la solitude uniquement pour moi et sans regretter la foule , car vous vous sentirez assez aimées .Mercredi , minuit .",
                  "id": "17",
                  "title": "Perdita. Nouvelle édition / Mise de Blocqueville"
            },
            {
                  "doc_url": "https://gallica.bnf.fr/ark:/12148/bpt6k6246754m",
                  "emotions": [
                        "love"
                  ],
                  "excerpt": "C ' est une source abondante qui ne fait jamais défaut .Si l ' éloquence n ' existait pas , la poussière ( de l ' ignorance ) couvrirait le monde ; et si ce zéphyr qui ouvre le cœur ne soufflait , l ' essence de la rose du désir ne répandrait jamais son odeur .VERS .",
                  "id": "18",
                  "title": "Allégories, récits poétiques et chants populaires (2e éd.) / traduits de l'arabe, du persan, de l'hindoustani et du turc par M. Garcin de Tassy,..."
            },
            {
                  "doc_url": "https://gallica.bnf.fr/ark:/12148/bpt6k61121651",
                  "emotions": [
                        "admiration",
                        "joy",
                        "love",
                        "gratitude"
                  ],
                  "excerpt": "— 13 — 5 .Voyez éclore un lis , et sa tige éclatante Exhaler la plus douce odeur : Telle est à son berceau notre Reine naissante , Pleine de grâce et de douceur ; L ' amour , la candeur , l ' innocence Accompagnent ses premiers pas .O l ' heureuse , ô l ' aimable enfance , Pourrions - nous ne l ' imiter pas ! 6 .",
                  "id": "19",
                  "title": "Paroisse Saint-Gervais. Chants à Marie"
            },
            {
                  "doc_url": "https://gallica.bnf.fr/ark:/12148/bpt6k54323169",
                  "emotions": [
                        "love"
                  ],
                  "excerpt": "Tais - toi .L ' âpre parfum des amoureuses fièvres Se mêle avec ton souffle à l ' air tiède du soir .C ' est un signal de mort qui tombe de tes lèvres .",
                  "id": "20",
                  "title": "Poèmes barbares (Édition définitive, revue et considérablement augmentée) / Leconte de Lisle"
            }
      ]
}