{
      "articles": [
            {
                  "doc_url": "https://gallica.bnf.fr/ark:/12148/bpt6k6129954f",
                  "emotions": [
                        "trust",
                        "love",
                        "nostalgia",
                        "gratitude"
                  ],
                  "excerpt": ".Petite plante parfumée , Par ta présence bien - aimée , Reviendras - tu charmer mesjours 9 - 48 — Alors , comme aujourd ' hui , de l ' étroite fenêtre , Je verrais tes couleurs s ' embellir au soleil ; La brise en folâtrant m ' apportera , peut - être , De ta fraîche corolle , une goutte de miel .Son souffle bienfaisant , en balançant ta tige , T ' apprendra , je l ' espère , un secret qui m ' afflige .",
                  "id": "1",
                  "title": "Feux follets , poésies par Mme Élisa Guyon"
            },
            {
                  "doc_url": "https://gallica.bnf.fr/ark:/12148/bpt6k6129954f",
                  "emotions": [
                        "sadness",
                        "love",
                        "nostalgia",
                        "gratitude",
                        "calmness"
                  ],
                  "excerpt": ".LA BRISE DES NUI1S Brise des nuits , de ma terre chérie Parle - moi bien souvent , oh ' parle - moi toujours ' Brise , parfum des nuits , viens a ma rêverie Retracer aujourd ' hui la saison des beaux jours Brise des nuits , quand ton souffle caresse Le rivage fleuri , témoin de mon bonheur , Brise , parfum des nuits , ne dis pas ma tristesse , A ceux que j ' aime tant , ne dis pas ma douleur .Brise des nuits , que ton haleine pure Me plaît lorsque j ' attends le bienfaisant sommeil , Brise , parfum des nuits , j ' anne aussi ton murmuic Qui berce mes enfants jusqu ' à leur doux ré ^ eil Brise des nuits , ta fraîcheur embaumée , Malgré tous mes tourments , me plaît comme autrefois ; Brise , parfum des nuits , quand mon âme abîmée Soupire en t ' écoutant et pleure quelquefois .",
                  "id": "2",
                  "title": "Feux follets , poésies par Mme Élisa Guyon"
            },
            {
                  "doc_url": "https://gallica.bnf.fr/ark:/12148/bpt6k6129954f",
                  "emotions": [
                        "admiration",
                        "joy",
                        "love",
                        "gratitude",
                        "approval"
                  ],
                  "excerpt": "Vient le réveil , et ce divin mirage S ' envole , hélas ! sans doute , vers les cieux .TOUJOURS ELLE ! Stances Le ciel te créa rose et blanche , Pour sourire , plaire et charmer ; Un ruisseau de parfums autour de toi s ' épa nclie , Tu ressembles à la pervenche ; On ne peut te voir sans t ' aimer .N ' es - tu pas la manne adorée Tombée au - devant de mes pas , Pour servir d ' aliments a mon âme affamée D ' entendre la parole aimée , Si douce a qui pleure ici - bas ? N ' es - tu pas la colombe douce , Oissau messager du bonheur , Q ' uen mon rude chemin la Providence pousse .",
                  "id": "3",
                  "title": "Feux follets , poésies par Mme Élisa Guyon"
            },
            {
                  "doc_url": "https://gallica.bnf.fr/ark:/12148/bd6t53734460",
                  "emotions": [
                        "anger",
                        "love",
                        "desire",
                        "excitement"
                  ],
                  "excerpt": "Enfin , il se trahit lui - même Par les esprits sortant de son corps échauffé .Miraut , sur leur odeur ayant philosophé , Conclut que c ’ est son lièvre , et d ’ une ardeur extrême 11 le pousse ; et Rustaut , qui n ’ a jamais menti , Dit que le lièvre est reparti .Le pauvre malheureux vient mourir à son gîte .",
                  "id": "4",
                  "title": "Morceaux choisis des classiques français (prose et vers). Cours élémentaire : à l'usage des écoles municipales / par J. Labbé,..."
            },
            {
                  "doc_url": "https://gallica.bnf.fr/ark:/12148/bpt6k5436383z",
                  "emotions": [
                        "admiration",
                        "love",
                        "gratitude"
                  ],
                  "excerpt": "Ce Prince quiportoit en son port } en fa face Le Vénérable honneur de fa Royale race , Quilogeoit accoupple ^ en son coeur indonte , ha guerrière valeur , la sainte Pieté : Quirauiffoita foylesVoeu ^ de la noblesse , , Rauy parle trejfas au fort de fa ieuneffes N ' ejì plus qu ' Vn peu de cendre .Jinfila belle fleur , Qui parfume au Printemps les champs de son odeur , , Du Soleil les amours , des Zephirs carefée , > Tombe du foc cruel mortellemen t blefée - .Quels furent tes regretsïquels tes pleurs } quel ïenuy , Princesse désolée 1 ayant perdu celny , Qui premier s qui dernier d ' vne flamme diuines Seul Roy de ta pensée embrasa ta poitrine ; Prince comblé d ' honneur , Vray Prince ; car ce rang B IO Se maintient par Vertu y se donne par le sang .",
                  "id": "5",
                  "title": "Consolation à Mme la duchesse de Montpensier, sur le trespas de Monseigneur son père. [Par J. de Montereul.]"
            },
            {
                  "doc_url": "https://gallica.bnf.fr/ark:/12148/bpt6k5463131f",
                  "emotions": [
                        "love",
                        "optimism",
                        "desire",
                        "nostalgia",
                        "gratitude",
                        "faith",
                        "frustration",
                        "disappointment"
                  ],
                  "excerpt": "Tu m ' enivras de ta lumière , Devant moi s ' ouvrit l ' infini , Puis tu t ' enfuis loin de la terre : O mon bon ange , sois béni ! Pourtant , sa voix était si tendre , Son regard était si rêveur Que sa main me faisait comprendre Quand son coeur battait sur mon coeur .Je caressais un sort prospère , Rêvant d ' un espoir infini , O désillusion amère , O mon bon ange , sois béni ! 136 ROMANCES Adieu donc , céleste mensonge , Parfum dont s ' embauma mon sein , Adieu , toi , qu ' entrevit mon songe Comme un nuage au seuil divin .Mais pourquoi t ' envoler si vite Loin de mon horizon terni ! Comme à son nom mon coeur palpite ! .",
                  "id": "6",
                  "title": "Euterpe : choeurs et romances / Alfred de Montvaillant"
            },
            {
                  "doc_url": "https://gallica.bnf.fr/ark:/12148/bpt6k5463131f",
                  "emotions": [
                        "joy",
                        "love",
                        "gratitude",
                        "doubt"
                  ],
                  "excerpt": "Petit oiseau , de pourpre et d ' or vêtu Par les vallons , porté sur ta jeune aile , Par les buissons parfumés , où vas tu ? — Je vais , je vais où le Seigneur m ' appelle .Petit oiseau , pourquoi ces chants d ' amour ? Tant de bonheur charme - t - il ton voyage ? — Je chante Dieu qui me donna le jour Et , de parfums , embaume mon passage .3 .",
                  "id": "7",
                  "title": "Euterpe : choeurs et romances / Alfred de Montvaillant"
            },
            {
                  "doc_url": "https://gallica.bnf.fr/ark:/12148/bpt6k5463131f",
                  "emotions": [
                        "love",
                        "disappointment"
                  ],
                  "excerpt": "Je rappelle , de ma tendresse , Le songe enivrant envolé .Que de parfums et que de fièvres Dans cette boucle de cheveux ! Mais le baiser a fui nos lèvres , Et le destin trompa nos voeux .6 LIV Les caprices de l ' amour Pour une aimable pastourelle , Brûlait un jeune pastoureau ; Mais , dans sa bergère cruelle , Son coeur ne trouvait qu ' un bourreau .",
                  "id": "8",
                  "title": "Euterpe : choeurs et romances / Alfred de Montvaillant"
            },
            {
                  "doc_url": "https://gallica.bnf.fr/ark:/12148/bpt6k5706432w",
                  "emotions": [
                        "love",
                        "caring"
                  ],
                  "excerpt": ") — Cordes vocales , glottp .154 ^ ASSOCIAfïON DES DAMES FRANÇAISES Laryngite catarrhale aiguj » — Affection très commune duo presquo toujours à l ' impression du froid , Quolqubfoisà l ' inspiration do gaz irritants .SYMPTÔMES , — La toux est rauqup ot douloureuso , la voix peut être complètement éteinte , la respiration ost gênéo et sifflante , la pression sur J ' organo malado ost douloureuso , expectoration , — • fièvre légère , PRONOSTIC , — - Sans gravité .",
                  "id": "9",
                  "title": "Conférences médicales : Le Mans, 1888-1889 / par MM. Dr Lebail, Dr Hamon Du Fougeray, Dr Angelo Bolognesi, Dr Hervé ; Association des dames françaises,..."
            },
            {
                  "doc_url": "https://gallica.bnf.fr/ark:/12148/bpt6k200301p",
                  "emotions": [
                        "love"
                  ],
                  "excerpt": "« Ils vont déjeuner , me dit mon compagnon , faisons comme eux .» Et nous entrâmes dans un champ de sarrasin qui est tout près du bois , un grand champ 41 blanc et noir , en fleur et en graine , sentant l ' amande .De beaux faisans au plumage mordorés picotaient là , eux aussi , en baissant leurs crêtes rouges de peur d ' être vus .",
                  "id": "10",
                  "title": "Contes du lundi / Alphonse Daudet"
            },
            {
                  "doc_url": "https://gallica.bnf.fr/ark:/12148/bpt6k5801444s",
                  "emotions": [
                        "joy",
                        "love",
                        "nostalgia",
                        "envy"
                  ],
                  "excerpt": ".Or , pour mieux caresser l ' image d ' une amante , Il chemine à pas lents vers l ' onde transparente , Dans laquelle il avait résolu de se voir : Que tout était riant , autour de ce miroir ! Sur ses bords étoiles d ' innombrables fleurettes , On goûtait le parfum des rares violettes , Les arbres animés par le chant des oiseaux , Eussent fait envier le sort des pastoureaux ! ..",
                  "id": "11",
                  "title": "Ma Museto (ma Musette), poésies languedociennes, texte et traduction, par M. Marcel Ceren,... et quelques poésies françaises par le même auteur"
            },
            {
                  "doc_url": "https://gallica.bnf.fr/ark:/12148/bpt6k6580441x",
                  "emotions": [
                        "admiration",
                        "love"
                  ],
                  "excerpt": "Rajeunis du bonheur que sous vos pas Dieu sème , Vous revivez en ceux qu ' ici votre cœur aime , Votre soir est plein de splendeur .Vous cherchez au bouquet deux roses détachées : A l ' ombre de l ' autel , modestes et cachées , Vers vous toutes les deux exhalent leur parfum , Et leur céleste éclat qui de loin sur vous brille : Que votre cœur tressaille ; au cercle de famille Il n ' en manque aujourd ' hui pas un .Il n ' en manque pas un : les absents que l ' on pleure , Épis trop vite mûrs moissonnés ' avant l ' heure , Ne les sentons - nous .",
                  "id": "12",
                  "title": "Allocution prononcée dans l'église de Saint-Louis en l'ile à Paris, par M. l'abbé Deseille,... à l'occasion des noces d'or de Mr et Mme Belin : 1842-1892"
            },
            {
                  "doc_url": "https://gallica.bnf.fr/ark:/12148/bpt6k54576596",
                  "emotions": [
                        "joy",
                        "love",
                        "optimism",
                        "nostalgia",
                        "excitement",
                        "relief"
                  ],
                  "excerpt": "Oh ! le délice étrange ! Ce fut l ' effleurement charmant D ' un pétale de rose Envolé d ' un rosier .Ce fut , frais à s ' extasier , Le fin baiser qui passe et ne se pose D ' une brise du ciel Lourde d ' odeurs de menthe et de parfums de miel .Alors , sans voir qu ' il la courrouce , Et qu ' elle attendait d ' autres mots , Il soupire à mi voix et les yeux demi clos : O Reine , que ta main est douce ! 1 .",
                  "id": "13",
                  "title": "Le sourire d'Hellas / Jacques Madeleine"
            },
            {
                  "doc_url": "https://gallica.bnf.fr/ark:/12148/bpt6k54576596",
                  "emotions": [
                        "joy",
                        "love",
                        "excitement",
                        "gratitude"
                  ],
                  "excerpt": "Mille lèvres venaient baiser ton pied béni Dont l ' orteil est brillant comme une chrysoprase ; C ' étaient les mille lèvres de la Mer .Et dans ta chevelure où l ' aurore s ' embrase Tu sentais se poser tous les baisers de l ' Air Énamouré de l ' odeur de ta Chair .Hymne d ' Aphrozhiti .",
                  "id": "14",
                  "title": "Le sourire d'Hellas / Jacques Madeleine"
            },
            {
                  "doc_url": "https://gallica.bnf.fr/ark:/12148/bpt6k54576596",
                  "emotions": [
                        "anger",
                        "fear",
                        "love",
                        "desire",
                        "courage",
                        "excitement"
                  ],
                  "excerpt": "C ' est toi que je voulais , Nymphe au corps blanc , C ' est toi que je cherchais .Je suis venu ; farouche , La gorge sèche et l ' oeil étincelant , Tel un tigre alléché par l ' odeur de sa proie , Et je te veux , et je te prends , empli de joie .Mais Myrtis est restée immobile , et debout Dans l ' offrande de son cher corps , où le sang bout .",
                  "id": "15",
                  "title": "Le sourire d'Hellas / Jacques Madeleine"
            },
            {
                  "doc_url": "https://gallica.bnf.fr/ark:/12148/bpt6k54504600",
                  "emotions": [
                        "admiration",
                        "joy",
                        "love",
                        "optimism",
                        "nostalgia",
                        "gratitude",
                        "amusement"
                  ],
                  "excerpt": "— 14 — Arnica viola .Violette embaumée , O ma fleur bien - aimée , Viens sourire à travers Les gazons verts .Des beaux jours messagère , Ta voix me dit : espère Après l ' hiver obscur Un ciel plus pur .",
                  "id": "16",
                  "title": "Fleurs et frimas / par E. Chauvin,..."
            },
            {
                  "doc_url": "https://gallica.bnf.fr/ark:/12148/bpt6k54504600",
                  "emotions": [
                        "love",
                        "nostalgia",
                        "pride",
                        "gratitude"
                  ],
                  "excerpt": "Au souffle de l ' hiver , quand la vitre frissonne , Quand la bûche embrasée étincelle et bourdonne , A des rêves profonds , souvent , je m ' abandonne .Assis au coin de l ' âtre , à côté du chenet , J ' évoque mon printemps ; ô prodige ! il renaît ; A son front parfumé , mon coeur le reconnaît .O matin enchanté , riante et fraîche aurore , Azur qu ' un doux soleil de sa lumière dore , Voici que mon regard vers vous se tourne encore .",
                  "id": "17",
                  "title": "Fleurs et frimas / par E. Chauvin,..."
            },
            {
                  "doc_url": "https://gallica.bnf.fr/ark:/12148/bpt6k108235x",
                  "emotions": [
                        "love",
                        "nostalgia"
                  ],
                  "excerpt": "L ' odeur des vignes fleuries imprégnait l ' air ; je la respirais avec délices .Dans celte plantureuse vallée où avaient vécu des maîtresses de rois , tant d ' amoureuses haleines s ' étaient exhalées qu ' il en restait encore une subtile émanation , mêlée aux senteurs de la terre et de - l ' eau .Un jour de mai , je poussai jusqu ' au château de Langeais , ce magnifique échantillon de l ' architecture du xve siècle .",
                  "id": "18",
                  "title": "Souvenirs des vertes saisons : années de printemps - jours d'été / André Theuriet"
            },
            {
                  "doc_url": "https://gallica.bnf.fr/ark:/12148/bpt6k108235x",
                  "emotions": [
                        "joy",
                        "love",
                        "nostalgia",
                        "excitement",
                        "gratitude"
                  ],
                  "excerpt": "A cette heure pacifique , voisine du crépuscule , les acacias plantés en bordure continuaient d ' exhaler leur odeur mielleuse et leurs fleurs pleuvaient ' dans l ' air léger .Nous eûmes tous quatre en même temps , la sensation rapide d ' une plénitude : de joie et , pris d ' une tendresse émue , nous nous serrâmes les mains en murmurant : « La Touraine C ' est là seulement qu ' il fait bon vivre » Un dernier souvenir encore avant de dire adieu à « la molle terre o dont les vins sentent la framboise aux ciels légers , aux paresseuses rivières , aux maisons tapissées de roses et de jasmins du pays tourangeau .Un matin d ' été , Tristan m ' avait écrit « Mon cher , le notaire d ' ici marie sa fille demain et on dansera après la cérémonie .",
                  "id": "19",
                  "title": "Souvenirs des vertes saisons : années de printemps - jours d'été / André Theuriet"
            },
            {
                  "doc_url": "https://gallica.bnf.fr/ark:/12148/bpt6k883488d",
                  "emotions": [
                        "love",
                        "nostalgia"
                  ],
                  "excerpt": "Du moins , en était - il ainsi , du temps de ma jeunesse , quand j ’ étudiais à Genève , à Fribourg et à Schwitz , à côté de camarades , au cœur loyal et à l ’ âme fière , dont le sang n ’ aurait fait qu ’ un tour , à la seule idée que la plus insignifiante atteinte pût être portée à leur indépendance et à leurs libertés séculaires , héroïquement conquises et jalousement défendues , toujours et contre tous .Cette rencontre fortuite nous rappelait à tous deux , mille souvenirs du passé , réminiscences des jeunes années déjà lointaines et presque effacées , mais toujours chères au cœur de l ’ homme , et qui ne demandent pour se réveiller que le hasard d ’ un visage entrevu en passant , quelques mots prononcés en une langue aimée , le parfum d ’ une fleur ou le refrain d ’ une chanson depuis longtemps oubliée .Nous revoyions les lacs aux eaux cristallines , les hautes cimes au front couvert de neige , toutes roses au soleil couchant , les profondes forêts , les cascades turbulentes , les verts coteaux , où l ’ on cueillait la fraise sauvage , et les myrtilles , dont le jus bleuit les doigts et les lèvres .",
                  "id": "20",
                  "title": "L'Allemagne et l'Amérique latine : souvenirs d'un voyageur naturaliste / par Émile-R. Wagner... ; préface de M. Edmond Perrier,..."
            }
      ]
}