{
      "articles": [
            {
                  "doc_url": "https://gallica.bnf.fr/ark:/12148/bpt6k6138377b",
                  "emotions": [
                        "love"
                  ],
                  "excerpt": "« 3 \" Je n ' ai jamais eu connaissance d ' un chaudronnier ou martineur mort de variole ni de fièvre typhoïde ; mais j ' affirme avoir vu une épidémie de variole grave , mais sans cas de mort .« Pour ma part , je crois que les émanations de cuivre , résultant d ' oxydations diverses , sont un préservatif sans conteste des affections dont vous cherchez le mode de propagation et de genèse .» Ainsi donc , voilà une population d ' une centaine d ' individus au plus , hommes , femmes et apprentis , et non de deux à trois cents , ainsi qu ' on aurait pu le croire d ' après les déclarations de l ' abbé Houles , travaillant le cuivre par petits groupes et quelquefois seuls , dans des conditions de milieu , d ' aération et de mélange à d ' autres poussières métalliques sensiblement proches de celles départies aux chaudronniers ambulants , étameurs , raccornmodeurs , qui furent , eux , aussi peu épargnés que les chaudronniers en fer dans l ' épidémie de 1865 - 1866 , population fort loin , par conséquent , d ' avoir les mêmes droits à la préservation que les chaudronniers qui travaillent en nombre dans un espace confiné et hors de la portée d ' autres ouvriers pouvant aussi ennuager l ' atmosphère où ils respirent de poussières de fer .",
                  "id": "1",
                  "title": "Antiseptiques et maladies infectieuses. Du cuivre contre le choléra et la fièvre typhoïde, préservation et traitement, par V. Burq,..."
            },
            {
                  "doc_url": "https://gallica.bnf.fr/ark:/12148/bpt6k9685110r",
                  "emotions": [
                        "admiration",
                        "love",
                        "gratitude",
                        "calmness"
                  ],
                  "excerpt": "Était - ce l ' odeur naturelle Qu ' en son calice pur déposa le printemps ? Mais les roses , ses sœurs , comme elle , Ne font pas les cœurs palpitants .Ni du vallon , ni de la plaine N ' est venu cet arôme à ses débris resté ; Elle a touché deux fois tes lèvres , ma beauté , Et son parfum , c ' est ton haleine .TRIOLET .",
                  "id": "2",
                  "title": "La couronne d'Ophélie / par Auguste Desplaces"
            },
            {
                  "doc_url": "https://gallica.bnf.fr/ark:/12148/bpt6k9685110r",
                  "emotions": [
                        "surprise",
                        "love",
                        "nostalgia",
                        "gratitude",
                        "doubt",
                        "curiosity"
                  ],
                  "excerpt": "' A LUCY .Où donc a pris telle senteur La fleur que ce matin , belle , tu m ' as donnée ? Elle jetait , quoique fanée , Des parfums qui m ' allient au cœur .Était - ce l ' odeur naturelle Qu ' en son calice pur déposa le printemps ? Mais les roses , ses sœurs , comme elle , Ne font pas les cœurs palpitants .",
                  "id": "3",
                  "title": "La couronne d'Ophélie / par Auguste Desplaces"
            },
            {
                  "doc_url": "https://gallica.bnf.fr/ark:/12148/bpt6k6297054w",
                  "emotions": [
                        "admiration",
                        "love",
                        "gratitude",
                        "faith"
                  ],
                  "excerpt": "La terre doit au ciel de mai , pour qu ' il soit bleu , Des souffles embaumés et des sourires roses ; Peut - être , en mai , les cieux s ' assombriront un peu , Si les rosiers n ' ont pas de roses .La terre doit encor des roses aux amants , Puisque nulle autre fleur n ' est aussi parfumée , Et qu ' elle seule est digne , à l ' heure des serments , D ' être offerte à la bien - aimée .Et j ' ai peur , car je sens qu ' un invisible fil Rassemble et lie entre eux les présages moroses : Dans les cœurs , au printemps , l ' amour fleurira - t - il , Si les rosiers n ' ont pas de roses ? Février 1891 .",
                  "id": "4",
                  "title": "Les temples vides / J. Germain-Lacour"
            },
            {
                  "doc_url": "https://gallica.bnf.fr/ark:/12148/bpt6k6297054w",
                  "emotions": [
                        "trust",
                        "love",
                        "nostalgia",
                        "gratitude",
                        "caring"
                  ],
                  "excerpt": "Ah ! Dieu ! quelle agonie 1 Et longue ! Et douloureuse ! Et que cela fait mal , Si nous avions mis là , d ' une ardeur infinie , Notre plus cher trésor d ' amour et d ' idéal ! Sans doute c ' était là le meilleur de notre âme , Son rêve le plus pur , son rêve le plus beau ! Chère fillette , enfant qui ne seras pas femme , Prends nos mortes aussi , prends - les dans ton tom beau ! Je reviendrai rêver , aux heures de détresse , Au symbole enfermé dans ton petit cercueil .Ton nom résumera pour moi tant de tendresse Et tant d ' utfiriie - dçuil ! Adieu pourtant ! Voici la pierre qui retombe ! Mais , va ! contre l ' oubli tout mon cœur te défend ! Quelque chose de moi demeure dans ta tombe , Chère petite enfant ! c4 U XE æc1 Lc17 ) E QUE de choses tu fais refleurir , doux Avril ! C ' est toi qui fais s ' ouvrir toutes les lèvres closes ; Car cet hiver si froid avait mis en péril , 0 femmes , vos baisers , et vos parfums , ô roses .Dur à l ' âme , âpre au corps , l ' hiver s ' en ira - t - il ? Il s ' en va ! C ' est Avril ! Et voici toutes choses Se prendre et se griser à l ' arôme subtil Que versent à l ' envi les corolles écloses .",
                  "id": "5",
                  "title": "Les temples vides / J. Germain-Lacour"
            },
            {
                  "doc_url": "https://gallica.bnf.fr/ark:/12148/bpt6k6297054w",
                  "emotions": [
                        "anger",
                        "love",
                        "nostalgia",
                        "caring",
                        "doubt"
                  ],
                  "excerpt": "Ainsi la fantaisie est folle et décevante D ' intéresser à nous les atomes rôdeurs , Et d ' enrichir d ' une âme attentive et vivante Les insensibles sons et les vaines odeurs .II Soit ! C ' est fou ! Malgré tout , nous saluerons encore , Dans les airs entendus , dans les parfums épars , Une âme sympathique et tendre , et qui n ' ignore Aucun de nos sanglots d ' adieux et de départs .Peut - être nos désirs dépassent la matière , En la voulant sensible à nos justes rancoeurs ; Peut - être c ' est le vœu d ' une âme trop altière Que l ' univers entier prenne garde à nos cœurs .",
                  "id": "6",
                  "title": "Les temples vides / J. Germain-Lacour"
            },
            {
                  "doc_url": "https://gallica.bnf.fr/ark:/12148/bpt6k96038355",
                  "emotions": [
                        "love",
                        "pride"
                  ],
                  "excerpt": "Elle se serrait contre lui .L ' étoile de diamant étincelait sur son épaule : sa chair avait des tons chauds et des courbes douces qu ' il voyait se perdre et se rejoindre ; de son corps montait l ' odeur d ' aucune autre femme ; ses yeux ardaient , et quand elle les élevaitvers lui , il se sentait trop proche d ' elle .Le rythme se précipita .",
                  "id": "7",
                  "title": "Amis / Edmond Haraucourt"
            },
            {
                  "doc_url": "https://gallica.bnf.fr/ark:/12148/bpt6k96038355",
                  "emotions": [
                        "joy",
                        "love",
                        "envy",
                        "calmness",
                        "greed",
                        "guilt"
                  ],
                  "excerpt": "auprès du souvenir altéré qu ' on en allait garder pendant toute la vie , côte à côte , dans une indéfinie tentation .dans l ' inassouvissement du bonheur sans cesse offert et sans cesse possible ? Car elle se l ' avouait , et concluait que Georges dût l ' avouer aussi : un appétit maintenant les tenait dans leur chair et leurs lèvres conserveraient jusqu ' à la mort la senteur des lèvres touchées .Mais le baiser qui damnait leur mémoire , qu ' ils exécraient , qu ' ils maudissaient , elle ne songea pas qu ' il aurait pu n ' être jamais échangé et sa contrition , acceptant lacrainte etle remords , oublia leregret .",
                  "id": "8",
                  "title": "Amis / Edmond Haraucourt"
            },
            {
                  "doc_url": "https://gallica.bnf.fr/ark:/12148/bpt6k65826024",
                  "emotions": [
                        "love",
                        "desire",
                        "excitement",
                        "envy"
                  ],
                  "excerpt": "» les autres encore en boutons , et qui rappellent les bijin à tous les âges ; observez la soumission au vent des pivoines , des pavots1 , qui clament de leur calice grand ouvert leur angoisse de mourir .Ardeur de tous ces pétales à s ' élancer vers l ' azur , à boire la lumière , à frémir de toutes les soies qui les veloutent , désir qui s ' étire avant de retomber las , geste de l ' héroïne d ' Outamaro , inactive et fleurie , attendant l ' amour , sentant rôder la mort .Déjà les liserons et les pivoines ont perdu leur premier luisant ; ils se recroquevillent , se sèchent et se roulent ; déjà une feuille d ' iris a été mangée par une sauterelle .",
                  "id": "9",
                  "title": "Les Maîtres de l'estampe japonaise... / Louis Aubert"
            },
            {
                  "doc_url": "https://gallica.bnf.fr/ark:/12148/bpt6k65826024",
                  "emotions": [
                        "love",
                        "optimism",
                        "nostalgia",
                        "calmness"
                  ],
                  "excerpt": "Un jeune samurai revient d ' une partie de campagne , un mouchoir noué autour de la tête , rapportant une branche de cerisier au - dessus de ses sabres , par souvenir sans doute des fleurs que brandissait Kagiwara à Ichi - no - tani3 .Les belles , le soir venu , rêvent dans l ' air chaud , caressant , parfumé : sur un balcon vers lequel un cerisier hausse sa tête fleurie , une belle 1 .Moronobu .",
                  "id": "10",
                  "title": "Les Maîtres de l'estampe japonaise... / Louis Aubert"
            },
            {
                  "doc_url": "https://gallica.bnf.fr/ark:/12148/bpt6k6308888h",
                  "emotions": [
                        "joy",
                        "love",
                        "optimism",
                        "nostalgia",
                        "excitement",
                        "gratitude",
                        "calmness"
                  ],
                  "excerpt": "Je suis venue à vous sans peur et sans prudence Vous donnant ma raison pour le bien et le mal , Ayant pour toute joie et toute connaissance Votre âme impétueuse aux ruses d ' animal .Comme une fleur ouverte où logent des abeilles Ma vie a répandu des parfums et des chants , Et mon cœur matineux est comme une corbeille Qui vous offre du lierre et des rameaux penchants .Soumise ainsi que l ' onde où l ' arbre se reflète , J ' ai connu les désirs qui brûlent dans vos soirs Et qui font naître au cœur des hommes et des bêtes La belle impatience et le divin vouloir .",
                  "id": "11",
                  "title": "Nos poètes : revue mensuelle illustrée / directeur Maxime Formont"
            },
            {
                  "doc_url": "https://gallica.bnf.fr/ark:/12148/bpt6k6308888h",
                  "emotions": [
                        "love",
                        "desire",
                        "nostalgia",
                        "envy",
                        "doubt"
                  ],
                  "excerpt": "Aimer , n ' est - ce pas croire qu ' on aime ? Aimer quelqu ' un , n ' est - ce pas s ' aimer soi - même sous une autre figure ? La beauté de l ' amant n ' est qu ' au cœur de l ' amante , a - t - elle lu .Elle est bien près de faire sienne cette maxime : 0 visage par qui je meurs , Rêves , désirs , parfums , rumeurs , Est - ce toi ou bien moi que j ' aime ? Si l ' amour n ' était qu ' effervescence , tumulte , désir éperdu de ce qu ' on n ' a pas , elle serait la plus aimante des porte - lyre .Mais l ' amour est désir comblé , quoique sans cesse renaissant , de ce qu ' on possède , et repos plus que mouvement , vol plané plus que battement d ' ailes .",
                  "id": "12",
                  "title": "Nos poètes : revue mensuelle illustrée / directeur Maxime Formont"
            },
            {
                  "doc_url": "https://gallica.bnf.fr/ark:/12148/bpt6k6308888h",
                  "emotions": [
                        "love",
                        "nostalgia",
                        "calmness"
                  ],
                  "excerpt": "Parlant à la Nature , elle lui dit : Je ne veux plus aimer que vos quatre saisons .Et parlant à Bittô , la petite pastoure grecque que l ' initiation a déçue : L ' amant que vous vouliez , c ' était le tendre Été Saturé d ' aromate et de l ' odeur des vignes ! A elle - même , le vent d ' été souillant sous les étoiles apporte un angélique et doux pressentiment De bonheur sans amour .« Sans amour » .",
                  "id": "13",
                  "title": "Nos poètes : revue mensuelle illustrée / directeur Maxime Formont"
            },
            {
                  "doc_url": "https://gallica.bnf.fr/ark:/12148/bpt6k97674244",
                  "emotions": [
                        "love"
                  ],
                  "excerpt": "Nous pénétrons dans la partie sud - est de ce bois ; nous y entrons , dis - je , avec la nuit qui commence à couvrir la terre ; nous admirons pourtant encore ce séjour enchanté .Les parfums de mille fleurs .s ' y , exhalent de tous côtés ; nous foulons aux pieds le trèfle mélilot bleu , l ' asclépias incarnat , le thym ser - .",
                  "id": "14",
                  "title": "Mélusine, ou Les tombeaux des Lusignans. Tome 4 / . Manuscrit trouvé dans les archives d'un ancien monastère de Poitierstraduit et publié par M. Paccard"
            },
            {
                  "doc_url": "https://gallica.bnf.fr/ark:/12148/bpt6k9818414x",
                  "emotions": [
                        "boredom",
                        "love"
                  ],
                  "excerpt": "Elle peut s ' extraire au moyen du bisulfite de sodium e = 1790 , 5 — 1800 \\ d 15 = i , o5 .Odeur caractérisk tique d ' amande amère .S ' oxyde très facilement en donnant de l ' acide benzoïque fusible à 121 ° .",
                  "id": "15",
                  "title": "Les principes odorants des végétaux (méthodes de dosage, d'extraction, d'identification) : industrie des parfums naturels / par Eugène Charabot,..."
            },
            {
                  "doc_url": "https://gallica.bnf.fr/ark:/12148/bpt6k9818414x",
                  "emotions": [
                        "love"
                  ],
                  "excerpt": "Jasmone , C11H16O .C ' est un des principes odorants de l ' essence de Jasmin2 et probablement aussi de l ' essence de Néroli .Semicarbazone difficilement soluble dans l ' alcool et fusible à 204 - 205 ° .",
                  "id": "16",
                  "title": "Les principes odorants des végétaux (méthodes de dosage, d'extraction, d'identification) : industrie des parfums naturels / par Eugène Charabot,..."
            },
            {
                  "doc_url": "https://gallica.bnf.fr/ark:/12148/bpt6k931966z",
                  "emotions": [
                        "love",
                        "nostalgia",
                        "gratitude"
                  ],
                  "excerpt": "! Je baiserai ses mains , ses mains expertes , ( pii touchèrent le laineux menton des pilotes revenus des mers inconnues ; ces mains qui passèrent , avec des gestes lents , dans les cheveux du jeune homme pensif , tandis qu ’ errait dans le silence lunaire , En songe , son âme perdue .Je baiserai les mains sur lesquelles les baumes auront créé une surnaturelle blancheur , les doigts musicaux entre lesquels , Peut - être , autrefois , résonna dans l ’ air de Lesbos une ' yre sur l ’ Egée natale , Où les rosiers de Mitilène embaumaient , chers aux secrètes amies de Sapho aux cheveux de violette .Je baiserai , à ses poignets , scs veines les plus bleues ; de ses lèvres impudiques , muet , je tirerai la parole cupide , Plus lascive que le baiser ; j ’ apprendrai tous les Uoms les plus doux et ardents , qu ’ à mille amants elle , aura donnés en un soupir , en un cri ; je boirai h > us les arômes des forêts les plus lointaines , goutte à goutte , distillés dans son souffle liquide ; Dans ses yeux , je poursuivrai des multitudes de ehoses obscures , j ’ entendrai dans son sein stérile battre son cœur profond , et je l ’ aimerai ! Dans ses Membres impurs , je cueillerai tout le désir terres - toc : je connaîtrai tout l ’ amour du monde ! Cabriole d ’ Annunzio avait toujours tenu à la Perfection de son art , à la beauté , à la recherche la forme .",
                  "id": "17",
                  "title": "Essai sur Gabriele d'Annunzio : le poète, le romancier, le dramaturge, l'homme de guerre, le vhef d'Etat et le sociologue, conclusions / Jean Dornis"
            },
            {
                  "doc_url": "https://gallica.bnf.fr/ark:/12148/bpt6k54387369",
                  "emotions": [
                        "grief",
                        "love",
                        "relief",
                        "gratitude",
                        "calmness"
                  ],
                  "excerpt": "C ' est là que mon vol se repose .C ' est là , dans ce coin embaumé D ' un parfum de lis et de rose , Que je dors près du bien - aimé ! ..",
                  "id": "18",
                  "title": "(Oeuvres posthumes). Mes nuits : veuve, chrétienne, grand'mère. [3e édition.]"
            },
            {
                  "doc_url": "https://gallica.bnf.fr/ark:/12148/bpt6k5467954f",
                  "emotions": [
                        "admiration",
                        "joy",
                        "love",
                        "relief",
                        "gratitude",
                        "calmness",
                        "approval",
                        "faith"
                  ],
                  "excerpt": "— ' 32 ' — Ses vallons verdoyans , ses sources argentines , Le doux chant des oiseaux et seshosquets de fleurst Ses ravins veloutés de teintes purpurines , Enfin tout l ' univers et ses beautés divines , L ' unique des bonheurs .Toutpourvous , oui , pour vous cette vaste prairie , Pour vous ce beau soleil , et pour vous ce beau ciel ; L ' immensité des mers et la douce harmonie , Ce baume parfumé tout à vous je dédie , El pour moi tout le fiel .Grand Apollon merci , merci , Thalie et Flore ; C ' est vous trois qui venez d ' embraser mon ardeur ; En ce beau jour de l ' an que tout chrétien \" honore Des plaines du couchant à celles de l ' aurore J ' en rends grâce au Seigneur .",
                  "id": "19",
                  "title": "Débuts poétiques, par Nicolas Benza, ouvrier au port de Toulon"
            },
            {
                  "doc_url": "https://gallica.bnf.fr/ark:/12148/bpt6k5467954f",
                  "emotions": [
                        "admiration",
                        "love",
                        "nostalgia",
                        "pride",
                        "gratitude"
                  ],
                  "excerpt": "46 — LES ADIEUX D ' UN ARTISTE LYRIQUE .Favori de Thalie acceptez de nos coeurs Comme un doux souvenir un sincère apanage Ce présent parfumé que la reine des fleurs A tressé de ses doigts pour vous en rendre hommage Les progrès sont pour vous , tel est notre désir ; Thalie et Apollon vous couronnent de gloire Daignez donc de ce jour conserver la iniintiîËfr * \" \\ / ^ vVL Î ' ./ ' > Comme nous conservons votre douyfott .",
                  "id": "20",
                  "title": "Débuts poétiques, par Nicolas Benza, ouvrier au port de Toulon"
            }
      ]
}