{
      "articles": [
            {
                  "doc_url": "https://gallica.bnf.fr/ark:/12148/bpt6k54479433",
                  "emotions": [
                        "admiration",
                        "love",
                        "nostalgia",
                        "pride",
                        "gratitude",
                        "calmness"
                  ],
                  "excerpt": "A M \" 5 ISABELLE BUTHIULT .Il est ii l ' ombre des bois Une tendre fleur cachée , Que ta main blanche a cherchée Et qui parfume tes doigts \" ; Elle est si belle et si douce , Couchée au bord du ruisseau , Comme un enfant au berceau , Sous son vert rideau de mousse ; Emblème de la douceur Et du mérite modeste , Sa grâce toute céleste S ' épanouit dans le coeur ; C ' est la fleur de modestie , Si chère au doux souvenir ; Un regard la fait rougir , Mais son parfum l ' a trahie .On lui donnera la gloire Qu ' elle ne recherchait pas ; A son timide embarras Tout l ' éclat de la victoire .",
                  "id": "1",
                  "title": "La poésie des enfants / par Mme Danais-Rollinat ; [préface signée par Martial Paland]"
            },
            {
                  "doc_url": "https://gallica.bnf.fr/ark:/12148/bpt6k54479433",
                  "emotions": [
                        "joy",
                        "love",
                        "optimism",
                        "desire",
                        "nostalgia",
                        "gratitude",
                        "envy",
                        "faith"
                  ],
                  "excerpt": "Que la lune d ' opale Dans , mon appartement ■ lette sa lueur pâle Comme un reflet d ' argent ; Du clocher la volée Comme une voix ailée Monte pure et voilée En doux et pieux chant .Qu ' un rayon me sourie Quand le soleil luit , Et qu ' une fleur chérie Éclose dans la nuit Par l ' aurore saisie Monte à ma jalousie Et de son ambroisie Parfume mon réduit .L ' hiver , le feu dans Pâtre Pétillant tout joyeux , - 59 - En spirale folâtre , Dessins capricieux ; Mon esprit sur un livre ; Quand au dehors le givre Fait trouver bon de vivre Au foyer des aïeux .",
                  "id": "2",
                  "title": "La poésie des enfants / par Mme Danais-Rollinat ; [préface signée par Martial Paland]"
            },
            {
                  "doc_url": "https://gallica.bnf.fr/ark:/12148/bpt6k65760807",
                  "emotions": [
                        "love"
                  ],
                  "excerpt": "Peau verte , frappée de rouge terne à l ' insolation , finement marbrée de rouge sur toute sa surface .Chair blanche , assez tendre , fine , douce , sucrée , agréablement acidulée , pourvue d ' un excellent parfum de Reinette .Bonne ou très bonne .",
                  "id": "3",
                  "title": "Annales de la Société d'horticulture de la Haute-Garonne"
            },
            {
                  "doc_url": "https://gallica.bnf.fr/ark:/12148/bpt6k65725458",
                  "emotions": [
                        "love",
                        "nostalgia"
                  ],
                  "excerpt": "Si le peintre s ' attacha àlui , c ' est que son talent répondait par certains contours au genre de beauté qu ' il aimait .Dans son volume de vers , il y a des émanations de soupe aux choux , des fermentations de vendanges et des refrains ruraux qui prirent au cœur l ' enfant positif d ' Ornans .— C ' est du Téniers , avec un bonheur d ' expression , une justesse de ton du plus grand effet .",
                  "id": "4",
                  "title": "Courbet, souvenirs intimes / Gros-Kost ; illustré de dessins originaux hors texte par Bigot, Boissy,..."
            },
            {
                  "doc_url": "https://gallica.bnf.fr/ark:/12148/bpt6k56868483",
                  "emotions": [
                        "surprise",
                        "love",
                        "amusement"
                  ],
                  "excerpt": "Puis , ayant assovit son appétit lubriçque , Ceste infâme , confite en toute infection , Pour leurs juste loyer de leurs conjunctioji , Les tue et repaist d ' eux son ventre famelicque .La gloutte paillairdise en ses allechements Donne à ses amoureux de telz embrassements , Du malheur des humains la féconde Pandore , 92 SONNETS FRANC - COMTOIS Voire après le parfum de ses accoustrements , Comme un parde 2 emmuscqué attire ses amants , Que surpris de la sorte elle tue et dévore .i .",
                  "id": "5",
                  "title": "Sonnets franc-comtois inédits, écrits au commencement du XVIIe siècle, et publiés pour la première fois, d'après le manuscrit original, avec une introduction historique et des notes... et la description des gravures inédites de Pierre de Loysi, graveur franc-comtois, par Théodore Courtaux. (4 avril 1892.)"
            },
            {
                  "doc_url": "https://gallica.bnf.fr/ark:/12148/bpt6k56868483",
                  "emotions": [
                        "love",
                        "desire",
                        "nostalgia",
                        "gratitude",
                        "disappointment"
                  ],
                  "excerpt": "de ta pensée .Pour dilater à l ' air ma poitrine oppressée J ' avais gagné la rue , où , marchant et rêvant , J ' aspirais à longs traits les arômes du vent , Presque gai , presque heureux , devant les deux immenses ! Mais , voici , doux ami , qu ' une de ces romances , Un de ces sombres airs que ton coeur attristé Aimait à soupirer aux beaux soirs de l ' été , A retenti soudain au fond de ma mémoire , Comme un louis perdu qui tombe d ' une armoire .1 .",
                  "id": "6",
                  "title": "Sonnets franc-comtois inédits, écrits au commencement du XVIIe siècle, et publiés pour la première fois, d'après le manuscrit original, avec une introduction historique et des notes... et la description des gravures inédites de Pierre de Loysi, graveur franc-comtois, par Théodore Courtaux. (4 avril 1892.)"
            },
            {
                  "doc_url": "https://gallica.bnf.fr/ark:/12148/bpt6k850150v",
                  "emotions": [
                        "love",
                        "amusement"
                  ],
                  "excerpt": "Dégagée de la mélasse , Victorine apparaît en tenue sombre , les taches faisant leur réapparition , malgré les frottements répétés de son Propriétaire .Il la porte à hauteur des yeux , la regarde et dit : — < Ben , te voilà un peu ridée , ma belle , mais j ’ espère que t ’ au - ras toujours ce parfum que j ’ appréciais tant ! » — « Quant au parfum , reprend Bébert , je crois que t ’ es servi , en tout cas , tu peux toujours l ’ essayer , tu verras ben ! » — * Ben , pourquoi pas ? » Et il la porte à sa bouche .La saveur est - elle à son goût ? On se le demande , apres la grimace qui déforme sa bouche ! L ’ expérience est accueillie par les rires de nous tous .",
                  "id": "7",
                  "title": "Un du Cent-six-trois (163e infanterie) : pendant la guerre 1914-1918 / par Marius Malavialle"
            },
            {
                  "doc_url": "https://gallica.bnf.fr/ark:/12148/bpt6k9601711s",
                  "emotions": [
                        "love"
                  ],
                  "excerpt": "« Cependant l ' airain tonne : à l ' instant les habi - tations sont désertes ; elles sont sous la sauve - garde des lois et des vertus républicaines ; le peuple remplit les rues et les places publiques : la joie et la fraternité l ' enflamment .Ces groupes divers , parés des fleurs du printemps , sont un parterre animé , dont les parfums disposent les âmes à cette scène touchante ..",
                  "id": "8",
                  "title": "Souvenirs de Schaunard / A. Schanne"
            },
            {
                  "doc_url": "https://gallica.bnf.fr/ark:/12148/bpt6k64732103",
                  "emotions": [
                        "love",
                        "approval"
                  ],
                  "excerpt": "L — FI .violettes , odorantes .Calice à dents ovales - P .",
                  "id": "9",
                  "title": "Flore de France : contenant la description de toutes les espèces indigènes, disposées en tableaux analytiques... et illustrée / A. Acloque"
            },
            {
                  "doc_url": "https://gallica.bnf.fr/ark:/12148/bpt6k64732103",
                  "emotions": [
                        "love"
                  ],
                  "excerpt": "nombreuses , ord .blanches , très odorantes , en 1089 .R .",
                  "id": "10",
                  "title": "Flore de France : contenant la description de toutes les espèces indigènes, disposées en tableaux analytiques... et illustrée / A. Acloque"
            },
            {
                  "doc_url": "https://gallica.bnf.fr/ark:/12148/bpt6k12694311",
                  "emotions": [
                        "joy",
                        "love",
                        "calmness",
                        "faith"
                  ],
                  "excerpt": "FÊTE 1 AUBADE Je suis le porteur de bonnes nouvelles ! Je viens te conter que le beau soleil Resplendit et darde un frisson vermeil Dans les feuillaisons et dans les cervelles ; Que les cœurs d ' oiseaux battent sous la plume - Parmi les buissons éperdus d ' émoi , Et qu ' en tout le bois épris , comme en moi , La brûlante soif du printemps s ' allume ; Que l ' amant hier ivre de tendresse E .t soumis sans plainte à tes moindres vœux , Veut faire aujourd ' hui tout ce que tu veux , Et t ' adore avec la même allégresse ; Que la Joie est née avec les murmures , Les jeux , les parfums du matin doré , Et que je ne ne sais quel chant je dirai Mais que j ' ai le cœur plein de chansons mûres ! POLONSKI 1 LE MENDIANT Je connaissais un mendiant .Sous le matin rose ou le midi jaune Le vieux se traînait en psalmodiant Et tendait la main à l ' aumône .",
                  "id": "11",
                  "title": "Petits poèmes russes mis en vers français : Pouchkine, Tioutchev, Koltsov, Ogarev, Lermontov, Tourguénev, Fête, Polonski, Nékrassov, Plechtchéev, K. R. (le grand-duc Constantin) / Catulle Mendès"
            },
            {
                  "doc_url": "https://gallica.bnf.fr/ark:/12148/bpt6k5789948m",
                  "emotions": [
                        "joy",
                        "love",
                        "gratitude",
                        "faith"
                  ],
                  "excerpt": ".alleluia d ' amour nègre , hymne de séduction chanté aussi par la nature , par l ' air , par la terre , par les plantes , par les parfums ! Aux bamboulas du printemps , les jeunes garçons se mêlaient aux jeunes filles qui venaient de prendre en grande pompe leur costume nubile , et , sur un rythme fou , sur des notes enragées , — ils chantaient tous , en dansant sur le sable : Anamalis fobil ! ..",
                  "id": "12",
                  "title": "Oeuvres complètes de Pierre Loti. Tome 2"
            },
            {
                  "doc_url": "https://gallica.bnf.fr/ark:/12148/bpt6k3735783",
                  "emotions": [
                        "joy",
                        "love",
                        "optimism",
                        "nostalgia",
                        "excitement"
                  ],
                  "excerpt": "En la voyant il songe à la première agape : De la cave on avait tiré le meilleur vin , Les grands plats reluisaient sur la plus belle nappe Et l ' on vidait son verre entre chaque refrain ! Bien vite a fui le temps , nombreuse est la famille , Le grand père sourit à ses petits enfants , Il a peine à manger de sa main qui vacille Mais la table résiste à l ' usage des ans ! On se lègue de père en fils cette relique , Comme on lègue un trésor à la postérité ! Heureux qui peut s ' asseoir à la table rustique Où l ' ancêtre disait son benedicite ! Au LAC SAINT - JEAN Beau lac de mon pays , lac à la voix profonde Où chantonne le flot berçant le sable fin , Cependant qu ' un soupir s ' échappait de ton sein , Je m ' endormis un soir au doux rythme de l ' onde .Et mon coeur s ' enivra dans un songe infini Sous un parfum de brise et d ' étranges murmures Parvinrent jusqu ' à moi .La chanson des ramures Harmonieuse errait le long du roc bruni .",
                  "id": "13",
                  "title": "Heures poétiques, recueil de poésies canadiennes / Alfred Descarries"
            },
            {
                  "doc_url": "https://gallica.bnf.fr/ark:/12148/bpt6k65744852",
                  "emotions": [
                        "love",
                        "pride"
                  ],
                  "excerpt": "Ce fut sa réponse .Alors , Claire , triomphante sous ce baiser aux sens duquel elle ne pouvait se méprendre , se dégagea des bras de son amant , et les boutons craquèrent , les vêtements tombèrent à ses pieds , autour desquels ils formèrent des cercles gracieux , d ' où se dégageait un parfum de violette , de jeunesse , de grâce et de volupté .Les lacets sifflèrent dans l ' air , le satin froi & sé donna sa note soyeuse , à laquelle le busc du corset joignit la sienne , sèche et métallique .",
                  "id": "14",
                  "title": "Le Crédit gaulois, histoire d'une femme nue / Jocelyn Sernhac"
            },
            {
                  "doc_url": "https://gallica.bnf.fr/ark:/12148/bpt6k65744852",
                  "emotions": [
                        "love"
                  ],
                  "excerpt": "Et la statue eut bientôt son pendant .Et l ' une , prenant l ' autre dans ses bras musculeux , l ' enleva à hauteur de poitrine , et l ' emporta comme la brise amoureuse emporte les senteurs de la rose .Et cette impudeur fut chaste , et ces enlacements furent divins , et ces cris , ces soupirs furent sublimes .",
                  "id": "15",
                  "title": "Le Crédit gaulois, histoire d'une femme nue / Jocelyn Sernhac"
            },
            {
                  "doc_url": "https://gallica.bnf.fr/ark:/12148/bpt6k12804393",
                  "emotions": [
                        "trust",
                        "love"
                  ],
                  "excerpt": [
                        "L ’ Ail fauvage , qu ’ on appelle Serpentin , croift par tout , principalement aux collines & dans les hautes montagnes .Il 11 ’ a qu ’ une telle fans cofte ; 8c quoy qu ’ il fuit femblable à l ’ ail des jardins en gouft & en odeur , il eft beaucoup moindre .Il a fa tige plus grefle & fes feuilles plus étroites .",
                        "Petit arbrifleau qui croift dans l ’ Ifle de Madagafcar .La fleur qu ’ il produit rend une odeur pareille à celle du jafmin , mais elle eft beaucoup plus grande 8c plus blanche .La tige qui la fouftient eft blanche , 8c longue de plus de fix pouces ."
                  ],
                  "id": "16",
                  "title": "Le grand Dictionnaire de l'Académie française... (2e édition...)"
            },
            {
                  "doc_url": "https://gallica.bnf.fr/ark:/12148/bpt6k12804393",
                  "emotions": [
                        "love"
                  ],
                  "excerpt": [
                        "Ses racines fe répandent non en profondeur , mais en largeur , eflant couchées entre deux terres , comme une main qui a plulieurs doigts étendus aux environs .Elles font pleines de nœuds , petites comme celles du fouchet , blanches , odorantes , 8contprefquele goufl du poivre .Sesfeüiliesref - femblent à celles des rofeaux , qui meurent Sc reverdiffent deux ou trois fois l ’ an .",
                        "m .Petite plante qui ne vient pas plus haute que la main , & qui pouffe grand nombre de petites tiges d ’ une mefme racine , ayant un gouft & une odeur allez aromatiques .On en trouve quantité en Provence & en Languedoc , tant dans les plaines & lieux faolonneux que fur les montagnes ."
                  ],
                  "id": "17",
                  "title": "Le grand Dictionnaire de l'Académie française... (2e édition...)"
            },
            {
                  "doc_url": "https://gallica.bnf.fr/ark:/12148/bpt6k12804393",
                  "emotions": [
                        "love"
                  ],
                  "excerpt": [
                        "Plante qui croift auprès des eaux dormantes , 8c qui a fa tige noliée 8c ferme , avec quelques concavitez , d ’ où fortent ces feüiiles .Elles font femblables a celles de la menthe , maisplus grandes , plus molles 8c plus blanches , 8c ont le gouft fort comme le poivre , fans eftre odorantes .Sa femence tient 8c croift au bout de certains petits tendons qui font prés des feüiiles , 8c pend en forme de grape .",
                        "Sa vertu eft un peu moindre que celle du metopium , quoy - que cet onguent ferve aux mefmes chofes .L ’ Onguent de Cinnamome fe fait del ’ huile ne ben , en l ’ épaifTiflant avec le xilobalfamum , 1e calamus odoratus & le fquinanthum .On fe fert pour I ’ aromatifer , de cinnamome & de fruit de baume , & l ’ on y ajoufte quatre fois plus de myrrhe que de cinnamome , & du m iel pour luy donner corps , ïl eft fort bon aux fiftules & aux ulcérés pourris , & méfié avec du Cardamome , il eft propre aux hernies aqueufes , chancres & charbons ."
                  ],
                  "id": "18",
                  "title": "Le grand Dictionnaire de l'Académie française... (2e édition...)"
            },
            {
                  "doc_url": "https://gallica.bnf.fr/ark:/12148/bpt6k55866841",
                  "emotions": [
                        "love"
                  ],
                  "excerpt": "Il ne faut pas s ' étonner de trouver cette différence dans la définition des odeurs , car elles sont extrêmement difficiles à décrire , tout en étant caractéristiques et 164 MALADIES DU FOIE particulières , et elles font une telle impression sur le cerveau qu ' on peut être certain de les reconnaître après les avoir perçues .Les odeurs provenant de cancers gangrenés , d ' érysipèles phagédéniques , de nécrose osseuse , de tissus gangréneux , sont également caractéristiques de chacune de ces affections .Les infirmières apportent une grande attention à ces odeurs fétides et , dans les salles de varioleux , certaines d ' entre elles calculent la virulence de l ' attaque d ' après l ' intensité de l ' odeur .",
                  "id": "19",
                  "title": "Traité des maladies du foie, par le Dr Georges Harley,... traduit de l'anglais et augmenté d'un Mémoire sur l'intervention chirurgicale dans les maladies des voies biliaires... par le Dr Paul Rodet,... Précédé d'une préface du Dr Tapret,..."
            },
            {
                  "doc_url": "https://gallica.bnf.fr/ark:/12148/bpt6k81246q",
                  "emotions": [
                        "love",
                        "desire",
                        "nostalgia",
                        "envy"
                  ],
                  "excerpt": "Les roses ? Il en avait vu , souvent , à son corsage d ' une beauté moins chaude que la splendeur de son amie .Le parfum de santal ? C ' était celui de ses dessous , de son intimité qu ' aspiraient ses caresses en même temps que son odeur de femme .Fleurs et parfum , tout cela préparé pour elle .",
                  "id": "20",
                  "title": "Jeunesse : roman / Félicien Champsaur"
            }
      ]
}