{
      "articles": [
            {
                  "doc_url": "https://gallica.bnf.fr/ark:/12148/bpt6k57727776",
                  "emotions": [
                        "admiration",
                        "love",
                        "excitement",
                        "pride"
                  ],
                  "excerpt": "124 LA LUXURE « Ses pieds petits et mignons se joignent finement à ses jambes , on dirait deux lotus » .Cette admirable image dont les principaux traits sont ceux de la Beauté grecque et , en particulier , font penser à la Vénus Callopyge justifiait bien le souffle d ' admiration qui s ' exhalait autour de la Padmini et mettait sur sa route comme un parfum d ' encens ou de cinname montant , non pas d ' inutiles et somptueuses cassolettes , mais des coeurs mêmes ravis par cet éblouissement de la Beauté parfaite .La Padmmt recueillait ces hommages avec une fierté délicieusement inconsciente , à la façon d ' une idole subitement animée , et à qui rien ne semblerait plus naturel au monde que le culte dont elle est l ' objet .",
                  "id": "1",
                  "title": "Les Sept péchés capitaux. La luxure, par Armand Silvestre..."
            },
            {
                  "doc_url": "https://gallica.bnf.fr/ark:/12148/bpt6k57727776",
                  "emotions": [
                        "love"
                  ],
                  "excerpt": "C ' était là que reposait le roi Aguivarna , le bien - aimé de Kama , ^ révéré à l ' égal d ' un demi - Dieu par tous ceux qui avaient le culte fervent de l ' Amour .Et la vie de cet admirable Roi est assurément la plus belle légende de volupté qui soit dans l ' humanité tout entière , si bien que Pasiphaë résolut de la faire revivre à l ' amant que la pitié d ' un rêve avait couché dans ses bras tièdes et parfumés .Aguivarna était , dès sa jeunesse , célèbre par sa beauté , une beauté d ' éphèbe d ' abord aux gracilités inquiétantes mais toutefois déjà viriles - car l ' exercice avait pétri son corps à l ' image des formes où la force a planté sa sève ; - puis une majesté douce , résidait dans la régularité parfaite de ses traits qu ' encadrait une admirable barbe noire , dans la douceur ferme de son regard qui ne fuyait jamais , mais s ' imposait par un charme magnétique , dans la splendeur à peine ambrée de son teint où la lune avait laissé comme des reflets d ' argent nocturne , dans la fierté nonchalante de son allure où se sentait l ' orgueil des races anciennes amorties par la lassitude des siècles .",
                  "id": "2",
                  "title": "Les Sept péchés capitaux. La luxure, par Armand Silvestre..."
            },
            {
                  "doc_url": "https://gallica.bnf.fr/ark:/12148/bpt6k5418139x",
                  "emotions": [
                        "admiration",
                        "joy",
                        "love",
                        "pride",
                        "gratitude",
                        "faith"
                  ],
                  "excerpt": "Il fallait voir Jules de Rességuier au milieu de son salon rempli , entouré et pressé par un essaim de jolies femmes qui lui demandaient quelques - uns de ses vers inédits , se diriger vers la cheminée , s ' accouder sur le marbre et réciter d ' une voix agréable et vibrante des strophes qui rappelaient les meilleures d ' Alfred de Musset , la Châtelaine du Languedoc , par exemple , que j ' avais retenue et écrite de souvenir : Dame du Languedoc , rose de la pelouse , Qui d ' un lien de ( leurs environne Toulouse , Astre de l ' horizon si bleu dans ses contours , Muse de mon pays , châtelaine aux dix tours , Voire voix , jeune écho de l ' antique mystère , » 10 ILS SALONS I » r PARIS Hit do Jérusalem les trésors rapportés .Vous célébrez la gloire et l ' amour « lu trouvère ; Comme ou chantait jadis , aujourd ' hui vous chantez « C ' est ta tète , Clémence Isaure , L ' air dans le ciel est parfumé , La terre s ' émaille et se dore , C ' est le troisième jour de mai , Kt sur nos quais , près de la rade , Au maître - autel de la Daurade , L ' église étale ses couleurs ; Le piètre revêt son étole , Kl bénit pour le Capitole , Toutes les couronnes de fleurs .» Et puis vous racontez , en répandant des larmes , Nos croix et nos drapeaux dans Forage emportés ! Ou songeant à l ' espoir qui reste avec nos armes , Comme on chante en secret ses amours , vous chantez : « Palais de marbre , toits de chaume , Villes et champs , tout le royaume Reprendra l ' éclat souverain ! Ce royaume , gonflé de gloire , Peut aller du Tibre à la Loire , Kt du Mançanarez au Ilhiu .",
                  "id": "3",
                  "title": "Les salons de Paris et la société parisienne sous Louis-Philippe Ier / Vte de Beaumont-Vassy"
            },
            {
                  "doc_url": "https://gallica.bnf.fr/ark:/12148/bpt6k5819406v",
                  "emotions": [
                        "love"
                  ],
                  "excerpt": "OnJin - ' ltnchefort .teilles de Leyde donne au centre de la spirale des effluves ayant un caractère particulièrement doux ( Ouilleminot ) .En modifiant le pas de cette spirale et en le rendant progressivement croissant du centre k la phériphérie les effets obtenus sont supérieurs .",
                  "id": "4",
                  "title": "Électrothérapie dentaire : cours professé à l'École dentaire de Paris / par le Dr Foveau de Courmelles,... ; préface par le Dr Ch. Godon,..."
            },
            {
                  "doc_url": "https://gallica.bnf.fr/ark:/12148/bpt6k76583r",
                  "emotions": [
                        "admiration",
                        "love",
                        "relief",
                        "gratitude"
                  ],
                  "excerpt": "Si Ïa charité est un lait , la dévotion en est la crcmc ; si eUe est une plante , la dévotion en est la ncur ; si eUc est une p .crre pr < ! cieuse , Ia dévotion en est l ' éclat ; si elle est un baume précieux , la dévotion en est l ' odeur et l ' odeur de suavttcqui conforte les hommes et r ~ ouit les anges .( ï ) ( i part .",
                  "id": "5",
                  "title": "Fragmens psychologiques sur la folie / par François Leuret,..."
            },
            {
                  "doc_url": "https://gallica.bnf.fr/ark:/12148/bpt6k311468f",
                  "emotions": [
                        "love",
                        "desire",
                        "envy",
                        "approval"
                  ],
                  "excerpt": "» Voilà la façon dont on cause , Entre Olivet et bondon rose , Et comme on joue au plus discret Entre l ’ bondon et l ’ Olivet .L ’ Olivet ajouta par pause , Et pour abréger l ’ entretien : « Que j ’ aimerais , ô bondon rose , A mêler mes parfums au tien .» Le bondon dit : « C ’ est une chose A laquelle rien ne s ’ oppose , Mais pour arriver à ce vœu .",
                  "id": "6",
                  "title": "Le Livarot, le poisson rouge et la poupée : poème héroï-comique, à la manière d'Émile Zola / Mousk [Paul Devaux]"
            },
            {
                  "doc_url": "https://gallica.bnf.fr/ark:/12148/bpt6k5790482d",
                  "emotions": [
                        "love"
                  ],
                  "excerpt": "Comment se refuser à admettre que c ' est le même virus qui se trouve dans le liquide que vous inoculez à l ' aide du liquide que vous prenez dans la pustule variolique , ou des particules que l ' air enlève à cette pustule , par suite de sa dessiccation spontanée , et qui sont absorbées par le poumon ? La différence dans l ' intensité de la maladie produite par l ' inoculation et par inhalation pulmonaire peut s ' expliquer soit par la différence du mode d ' absorption , soit encore par une modification dans le virus .— Affection miasmatique avec manifestation du côté du gros intestin .— Dyssenterie contagieuse .",
                  "id": "7",
                  "title": "Rapport sur les progrès de l'hygiène / par A. Bouchardat,..."
            },
            {
                  "doc_url": "https://gallica.bnf.fr/ark:/12148/bpt6k6158509r",
                  "emotions": [
                        "admiration",
                        "love",
                        "nostalgia",
                        "gratitude",
                        "approval"
                  ],
                  "excerpt": "Sur la montagne , ainsi que dans la plaine , Je craignais peu l ' aquilon en courroux .Et le zéphir , avec sa douce haleine , Était pour moi du charme le plus doux .Un jour , hélas ! au sein de la tempête , J ' opposerai le parfum de ma fleur Aux vents affreux que l ' automne m ' apprête ; Ah 1 plaignez - moi d ' avoir si douce odeur .",
                  "id": "8",
                  "title": "Les herbes de la Saint-Jean : chansons sur des mots donnés et tirés au sort / par les membres du Caveau"
            },
            {
                  "doc_url": "https://gallica.bnf.fr/ark:/12148/bpt6k6158509r",
                  "emotions": [
                        "love",
                        "nostalgia",
                        "envy"
                  ],
                  "excerpt": "Quand l ' azur du ciel se marie Aux rayons brûlants du soleil : ; Alors que les bois , la prairie Présentent un aspect vermeil , - 58 - A voir - pieds une faible plante , A riîince tige , à gris reflet , Répand une odeur enivrante : Vous marchez sur le serpolet .S ' il n ' a pas l ' éclat de la rose , Son parfum a plus de douceur ; Aux doux pensers il vous dispose , El sait rajeunir plus d ' un coeur ; Et je crois que mainte bergère Donna ..",
                  "id": "9",
                  "title": "Les herbes de la Saint-Jean : chansons sur des mots donnés et tirés au sort / par les membres du Caveau"
            },
            {
                  "doc_url": "https://gallica.bnf.fr/ark:/12148/bpt6k5650936j",
                  "emotions": [
                        "love"
                  ],
                  "excerpt": "M .Dumontpallier toutefois trouvant les signes de cette affection fort incomplets et constatant clans l ' hypochondre droit une tuméfaction , pensa à un kyste hydatique du foie en pleine suppuration , et à de l ' infection putride .Une ponction capillaire ne donna issue à aucun liquide , s ' étant obstruée la canule par un peloton gélatineux d ' une odeur infecte .",
                  "id": "10",
                  "title": "Contribution à l'étude des kystes hydatiques du foie, diagnostic et traitement, par le Dr C. Magnant,..."
            },
            {
                  "doc_url": "https://gallica.bnf.fr/ark:/12148/bpt6k56762280",
                  "emotions": [
                        "love",
                        "calmness"
                  ],
                  "excerpt": "» Anna Uachel est une de nos élégantes qui ont l ' allure parisienne au plus haut degré .Elle est imprégnée de parfum parisien dans ses manières , dans ses habitudes , dans son maintien .Anna Hachel va trois ou quatre fois par an à Paris , pour y voir ses couturières , ses amis et Aurellien Scholl , sa plus spirituelle connaissance .",
                  "id": "11",
                  "title": "Le Demi-monde : gazette galante"
            },
            {
                  "doc_url": "https://gallica.bnf.fr/ark:/12148/bpt6k659168",
                  "emotions": [
                        "love",
                        "pride",
                        "faith"
                  ],
                  "excerpt": "Telle une déesse daigne parfois descendre sur la terre et se comporter comme la première mortelle venue .Elle pénètre dans sa loge emt aumée , toute tendue par moi en peluche saumon à reflets argentés , et embaumée par les bouquets innombrables que lui envoie , chaque soir , sa cour d ' adorateurs .Et tout à coup , e ! te pousse uncri : Ciel , j ' ai laissé mon petit sac dans le naere .",
                  "id": "12",
                  "title": "Les petites Manchaballe / par Richard O'Monroy"
            },
            {
                  "doc_url": "https://gallica.bnf.fr/ark:/12148/bpt6k5623300z",
                  "emotions": [
                        "love",
                        "nostalgia",
                        "gratitude"
                  ],
                  "excerpt": "cette verdure si douce .Et là - bas , que de fois , aux lueurs du matin , Cueillant les fraises embaumées , Vous avez , attiré par leur brillant carmin , Déposé les plus parfumées Dans le tablier ouvert de la jolie enfant A qui vous avez dit : « Je t ' aime ! » Et qui , par son regard seul , tout en se taisant , Vous avait répondu , de même ! 3 .— 42 — La pourpre de ces fruits , aussi , bien qu ' autrefois , À les ramasser vous convie ; Et vous vous élancez presque ; car dans le bois Vous entendez la voix amie Des oiseaux qui charmaient celle que votre coeur Avait à toutes préférée .",
                  "id": "13",
                  "title": "Loin des coulissiers / Anatole Cerfberr"
            },
            {
                  "doc_url": "https://gallica.bnf.fr/ark:/12148/bpt6k96356q",
                  "emotions": [
                        "love"
                  ],
                  "excerpt": "Bientôt l ' aubépine vainquit sa timidité jusqu ' à donner des leçons au jeune prince .Elle lui apprit amoureusement le langage des parfums et des couleurs .Dès lors , chaque matin , les corolles empourprées saluaient Simplice à son lever ; la feuille verte lui contait les cancans de la nuit , le grillon lui confiait tout bas qu ' il était amoureux fou de la violette .",
                  "id": "14",
                  "title": "Contes à Ninon / Émile Zola"
            },
            {
                  "doc_url": "https://gallica.bnf.fr/ark:/12148/bpt6k6365859h",
                  "emotions": [
                        "love",
                        "optimism",
                        "desire",
                        "excitement"
                  ],
                  "excerpt": "Tout à coup j ' apperçus une terre si belle , si florissante , si féconde , que je sentis un vif desir d ' y descendre .A l ' instant mes souhaits furent exaucés ; je me sentis porté doucement sur sa surface ; je traversai son atmosphere embaumé , & à la renaissance de l ' aurore , je me trouvai assis sur un siége de gazon .Je me levé , & je me crois transporté dans le jardin d ' Eden .",
                  "id": "15",
                  "title": "Songes philosophiques . Première [-seconde] partie. Par M. Mercier"
            },
            {
                  "doc_url": "https://gallica.bnf.fr/ark:/12148/bpt6k623386",
                  "emotions": [
                        "grief",
                        "sadness",
                        "love",
                        "desire",
                        "nostalgia",
                        "caring",
                        "disappointment"
                  ],
                  "excerpt": "On poursuit la Chimère Toujours sa voix appelle et toujours elle fuit ; Le matin c ' est la Fée et le soir la Sorcière ; EUe brille à t ' aurore et s ' éteint dans la nuit .Viens pleurer sur mon cœur , je charmerai tes peines , Au doux ressouvenir de tes amours défunts ; Si la Mort a fauché tes belles fleurs humaines , Rassemble les débris qui gardent leurs parfums .A la bonne heure ! dit Violette , le vent est encore Ma pluie , mais la girouette tourne de mon côté .",
                  "id": "16",
                  "title": "Violette : misère et splendeur d'une comédienne / Charles Joliet"
            },
            {
                  "doc_url": "https://gallica.bnf.fr/ark:/12148/bpt6k96236818",
                  "emotions": [
                        "love",
                        "nostalgia",
                        "caring"
                  ],
                  "excerpt": "Oh ! tante , si vous saviez comme il est laid et _ comme je le trouve beau ! Trésor , va ! avec ces petits yeux bouffis , ses petits points ridés parsemés de menues taches blanches , qu ' il agitait dans le réveil ! Je sentais que tout mon cœur s ' en allait vers ce mignon - là , et d ' émotion j ' ai pleuré un tout petit coup dans la jupe de mamita .J ' aurais mangé toute crue cette chair rose , mais je me suis contenue et l ' ai embrassé tout doucettement le chérubin ; il m ' a semblé poser mes lèvres sur une feuille de rose C ' était si frais , si parfumé ! Alette me regardait toute triste , étonnée de se voir un instant oubliée ; je l ' ai prise bien vite et lui ai fait faire sur mes genoux une ' grande câlinade .Grand Dieu ! si la pauvre petite allait devenir jalouse ! — Tu m ' aimes toujours , s ' pas ? dit - elle .",
                  "id": "17",
                  "title": "Les Deux mères de Denise, par A. de Gériolles,..."
            },
            {
                  "doc_url": "https://gallica.bnf.fr/ark:/12148/bpt6k9802060n",
                  "emotions": [
                        "love"
                  ],
                  "excerpt": "Terre marécageuse ; multiple par éclats .CACA LIE ODORANTE ( Cacalia suaveolens ) Tp .De juillet en septembre , fleurs blanches , odorantes .",
                  "id": "18",
                  "title": "Manuel illustré du jardinier ou Traité de la culture des plantes les plus remarquables de pleine terre, de serre tempérée et de serre chaude / par Ragonot Godefroy"
            },
            {
                  "doc_url": "https://gallica.bnf.fr/ark:/12148/bpt6k9802060n",
                  "emotions": [
                        "love",
                        "approval"
                  ],
                  "excerpt": "aconitifolius ) , à fleurs blanches , doubles .RESEDA ODORANT ( Reseda odorata ) .b en Algérie , 0 chez nous .",
                  "id": "19",
                  "title": "Manuel illustré du jardinier ou Traité de la culture des plantes les plus remarquables de pleine terre, de serre tempérée et de serre chaude / par Ragonot Godefroy"
            },
            {
                  "doc_url": "https://gallica.bnf.fr/ark:/12148/bpt6k9802060n",
                  "emotions": [
                        "love"
                  ],
                  "excerpt": "LITTORAL ( P .littorale ) , à fleurs blanches , odorantes , paraissant en juillet et août .PAPAYER A FRUIT COMESTIBLE ( Carica papaya ) .",
                  "id": "20",
                  "title": "Manuel illustré du jardinier ou Traité de la culture des plantes les plus remarquables de pleine terre, de serre tempérée et de serre chaude / par Ragonot Godefroy"
            }
      ]
}