{
      "articles": [
            {
                  "doc_url": "https://gallica.bnf.fr/ark:/12148/bpt6k8840168",
                  "emotions": [
                        "joy",
                        "love",
                        "optimism",
                        "nostalgia",
                        "relief",
                        "gratitude",
                        "calmness"
                  ],
                  "excerpt": "O toi , qu ’ un rayon transfigure , O consolatrice , ô nature , Berce , à ton éloquent murmure , Tout ce qui pleure dans mes vers ! Ainsi quela jeune épousée , Tressaille au baiser matinal , La terre tressaille , irisée Des feux de l ’ astre sans rival .Avril a parfumé la plaine , La forêt de chansons est pleine , Et de chaque poitrine humaine Un soupir d ’ amour monte au ciel .O temps d ’ ivresse et d ’ harmonie , Printemps , ta venue est bénie , Et ma tristesse à l ’ agonie Se perd dans l ’ hymne universel ! Chantons donc , ô muse affligée , Puisque l ’ horizon est vermeil ; Toute larme en perle est changée Par un seul rayon de soleil .",
                  "id": "1",
                  "title": "Le mal du pays / Léon Advier"
            },
            {
                  "doc_url": "https://gallica.bnf.fr/ark:/12148/bpt6k6520130f",
                  "emotions": [
                        "grief",
                        "sadness",
                        "love",
                        "disappointment"
                  ],
                  "excerpt": "97 13 Le Réveil d ' un dieu La chevelure éparse & la gorge meurtrie , Irritant par les pleurs l ' ivresse de leurs fClls , Les femmes de Byblos , en lugubres accents , Mènent la funéraire & lente Théorie .Car sur le lit jonche d ' hyacinthe fleurie , La mort ayant fermé ses beaux yeux langl / i ( ! tmf \" Repose , parfumé d ' aromale & d ' encens , Le Jeune homme adoré des vierges de Syrie : Jusqu ' à l ' atlfore ainsi le chœur s ' efl lamente ; Mais voici qu ' il s ' éveille à l ' appel d ' Afiartè , L ' Epoux myflérieux que le cinname arrose .Il efl ressuscité , l ' antique adolescent ! Et le ciel , tout en fleur , semble une immense rose Qu ' un Adonis célefle a teinte de son fal / g .",
                  "id": "2",
                  "title": "Le livre des sonnets : dix dizains de sonnets choisis. [Histoire du sonnet] / [Charles Asselineau]"
            },
            {
                  "doc_url": "https://gallica.bnf.fr/ark:/12148/bpt6k9608157w",
                  "emotions": [
                        "joy",
                        "love",
                        "envy"
                  ],
                  "excerpt": "tE PRIX DE LA VIE .1 Que m ' importe , roi de Lydie , Gygès , ta faveur , ton trésor ! Non , vous n ' avez rien que j ' envie , Rois , assis sur vos trônes d ' or ! Parfumer ma barbe ondoyante , Des roses sentir la fraîcheur , M ' endormir au sein d ' une amante , Voilà mon souci , mon bonheur .Mortel , du beau jour qui t ' éclaire , Jouis ; le temps est incertain ; Et c ' est toujours une chimère De compter sur le lendemain .",
                  "id": "3",
                  "title": "Odes d'Anacréon : nouvelle traduction en vers / par M. Redarez-Saint-Remy,..."
            },
            {
                  "doc_url": "https://gallica.bnf.fr/ark:/12148/bpt6k9608157w",
                  "emotions": [
                        "love",
                        "gratitude",
                        "faith"
                  ],
                  "excerpt": "Voyez ce char qui fuit et roule ; Il disparait ! Ainsi de nous ! Le temps qui , rapide , s ' écoule , Change en poudre nos os dissous .Après la mort vaut - il la peine D ' apaiser les dieux infernaux Par une libation vaine , Par des parfums versés à flots ! Viens , parfume - moi , ma maîtresse , Tant que bat mon cœur amoureux ; De roses que ta main s ' empresse D ' ombrager mon front radieux .Nous irons aux royaumes sombres ; Mais avant d ' y descendre , amis , Danser en rond avec les ombres , Dans le vin noyons nos ennuis .",
                  "id": "4",
                  "title": "Odes d'Anacréon : nouvelle traduction en vers / par M. Redarez-Saint-Remy,..."
            },
            {
                  "doc_url": "https://gallica.bnf.fr/ark:/12148/bpt6k9608157w",
                  "emotions": [
                        "love",
                        "doubt",
                        "nervousness",
                        "faith",
                        "embarrassment"
                  ],
                  "excerpt": "Jadis Tantale vit sa fille Changée en rocher par les dieux ; Et Pandion vit sa famille En oiseaux s ' élever aux cieux .Que ne suis - je fidèle glace , Sur moi pour attirer tes yeux ! Ou la tunique qui t ' enlace , Te presse en ses plis chatouilleux ! Que ne suis - je l ' onde limpide Pour caresser tant de trésors ! L ' écharpe de ton sein timide ! Le parfum qu ' aspire ton corps ! La perle qui court et serpente Autour de ton cou plein d ' appas ! Enfin la sandale charmante Que foulent tes pieds délicats ! ODE XI .PORTRAIT DE MA MAÎTRESSE .",
                  "id": "5",
                  "title": "Odes d'Anacréon : nouvelle traduction en vers / par M. Redarez-Saint-Remy,..."
            },
            {
                  "doc_url": "https://gallica.bnf.fr/ark:/12148/bpt6k5510526f",
                  "emotions": [
                        "love",
                        "nostalgia",
                        "gratitude"
                  ],
                  "excerpt": "Les pensers qu ' au printemps réveille la nature .C ' est toi qui rends sa voix A l ' amour qui murmure , Doux rossignol des bois ! Sur les monts d ' alentour , l ' hiver encor déploie Son blanc manteau de neige ; et déjà tes accens Me font penser aux prés , aux rondes dans les champs , A ces parfums de fleurs que le zéphir envoie .C ' est toi qui rends leur voix A l ' espoir , à la joie , Doux rossignol des bois ! On la Aroit souvent voler en petites troupes à la chasse des insectes et des vers sur les prairies du voisinage .",
                  "id": "6",
                  "title": "Le monde des Alpes, ou Description pittoresque des montagnes de la Suisse, particulièrement des animaux qui la peuplent (2e édition, revue et corrigée sur la huitième édition originale) / par F. de Tschudi"
            },
            {
                  "doc_url": "https://gallica.bnf.fr/ark:/12148/bpt6k64241914",
                  "emotions": [
                        "love"
                  ],
                  "excerpt": "ASCLEPIÀS L .Fleurs rosées , odorantes , penchées .— Plante relue .",
                  "id": "7",
                  "title": "Flore de Bordeaux et du Sud-Ouest, analyse et description sommaire des plantes sauvages ou généralement cultivées dans les parties non montagneuses des bassins de la Garonne, de la Charente et de l'Adour,... par le Dr J.-A. Guillaud,... Premier volume. Phanérogames"
            },
            {
                  "doc_url": "https://gallica.bnf.fr/ark:/12148/bpt6k64241914",
                  "emotions": [
                        "love"
                  ],
                  "excerpt": "— Plante élevée , .velue , rameuse , à grandes fleurs blanches , odorantes le soir .— Les haies .",
                  "id": "8",
                  "title": "Flore de Bordeaux et du Sud-Ouest, analyse et description sommaire des plantes sauvages ou généralement cultivées dans les parties non montagneuses des bassins de la Garonne, de la Charente et de l'Adour,... par le Dr J.-A. Guillaud,... Premier volume. Phanérogames"
            },
            {
                  "doc_url": "https://gallica.bnf.fr/ark:/12148/bpt6k82576q",
                  "emotions": [
                        "joy",
                        "love",
                        "desire",
                        "nostalgia",
                        "courage",
                        "excitement",
                        "amusement"
                  ],
                  "excerpt": "IV « Écoute dans la nuit d ' août lascive , écoute C ' est comme un long sanglot d ' amants exténués ; L ' atmosphère palpite .Allons , vieux cœur , en route Vers l ' assouvissement de tes instincts rués ; « Ecoute le baiser voluptueux des vagues , Des vagues étouffant le rire des galets ; La nuit est lourde et s ' alanguit de désirs vagues , Il pâlit au zénith des éclairs violets ; « Allons , vieux cœur , én route vers ton vieux délice , Ce frisson de la grève évoque d ' autres nuits ; Ce soir d ' août pâmé la Nature est complice Et grise l ' univers de parfums et de bruits .» Mais ta folle chanson ne berçait pas mon âme , O Mer libidineuse , en ce lourd soir d ' été ; Je n ' av ais pas au cœur un nom rieur de femme , Je n ' ouvrais pas mon rêve à ta lubricité , Et , comme Parsifal au jardin érotique Parmi les fleurs du mal et leurs tentations , Je n ' ai sor .",
                  "id": "9",
                  "title": "Poèmes et poésies : augmentés de plusieurs poèmes / Francis Vielé-Griffin"
            },
            {
                  "doc_url": "https://gallica.bnf.fr/ark:/12148/bpt6k82576q",
                  "emotions": [
                        "admiration",
                        "love",
                        "excitement"
                  ],
                  "excerpt": "Celles - ci , je ne sais , malgré que l ' Art hautain Accueillit d ' un sourire indécis nos prémices .Valent comme un baiser , comme une odeur de thym Et comme un jeu de flûte où vont des doigts novices , Et valent comme tin geste audacieux et prompt , Car nous avons frémi tous deux de belle aildacr Ce soir rlue tu ceignis d ' un gai laurier mon front Et montras l ' avenir et me dis fais ta place .DEA Quæ lætificat juventutem meam La Poésie impérieuse est mon amante Très grave et docte aussi parfois , comme les darnes Du temps jadis , et douce et tendre dans ses blâmes ; Son pas altier traîne en lourds plis sa robe lente Où luit l ' éclat des Fleurs de Lys , comme des flammes .",
                  "id": "10",
                  "title": "Poèmes et poésies : augmentés de plusieurs poèmes / Francis Vielé-Griffin"
            },
            {
                  "doc_url": "https://gallica.bnf.fr/ark:/12148/bpt6k54371981",
                  "emotions": [
                        "love",
                        "calmness"
                  ],
                  "excerpt": ".Le vent parfumé , le rayonnement léger de la lune leur versent le baiser du monde .Les étoiles ( Hautes contractent le ciel de frissons furtifs .",
                  "id": "11",
                  "title": "L'Image : revue artistique et littéraire ornée de figures sur bois, paraissant tous les mois / [secrétaire de la rédaction, Jules Rais ; administrateur, Tony Beltrand]"
            },
            {
                  "doc_url": "https://gallica.bnf.fr/ark:/12148/bpt6k56228649",
                  "emotions": [
                        "love",
                        "nostalgia",
                        "excitement"
                  ],
                  "excerpt": "Et puis c ' étaient les soirs en août , mélancoliques , Parfum des châtaigniers , des noyers , des colchiques , La lune doucement dans le ciel arrivait ; i > n voyait luire au loin les jardins île Vevey , Les jardins de Clarens ombragés par les vignes ; I es flots contre les quais faisaient trembler descygnes .I ii romanesque ardent émanait de cette eau .Comme au temps île Byron , comme au temps de [ Rousseau .",
                  "id": "12",
                  "title": "L'Univers illustré"
            },
            {
                  "doc_url": "https://gallica.bnf.fr/ark:/12148/bpt6k97412723",
                  "emotions": [
                        "love"
                  ],
                  "excerpt": "La Liqueur préparée Dégénéré en fadeur , Quand elle est trop sucrée Elle perd sa vigueur : La changer en Sirop , c ' dl : être Apotfc caire , Sa douce amertume a , la la , Certaine impre / îîon , don don Qui vous est necessaire .De la liqueur fumante Ménagez la chaleur , Elle est moins asifsante Quand elle a moins d ardeur ; fl M ' attendez - donc jamais qu ' elle soit re ~ t froidie * , Tj Car cette boisson là , la la , Perd ce qu ' elle a de bon , don don > Quand elle est amortie .Humez ce doux breuvage S ans trop dempiefïement , Il aide l ' homme sage Qui le prend lentement 7 Sa respiration communique la vie > TElIc réveillera , la la , Toute la region > don don > D ' une tête anbupie .",
                  "id": "13",
                  "title": "Chanson nouvelle... Les statuts des philosophes"
            },
            {
                  "doc_url": "https://gallica.bnf.fr/ark:/12148/bpt6k97412723",
                  "emotions": [
                        "admiration",
                        "love",
                        "calmness",
                        "approval"
                  ],
                  "excerpt": "Je veux dessus ma museffe la chanter ince / Timment , Je veux dessus ma houlette La graver profondément ; Non , non , & c .Elle est belle , elle est bien fistes Elle est droite comme un jonc * Elle sent la violette , Est plus douce qu ' un mouton ; Non , non , & c .Elle est d ' une humeur folette , Et chante comme un pinson , Mais tour ce que je lotihaisc Est de celebrer son nom ; Non , non , & c .",
                  "id": "14",
                  "title": "Chanson nouvelle... Les statuts des philosophes"
            },
            {
                  "doc_url": "https://gallica.bnf.fr/ark:/12148/bpt6k5668011c",
                  "emotions": [
                        "love"
                  ],
                  "excerpt": "FIÈVRES nihllTTENTES OU PSEUDO - CONTINUES .Les maladies occasionnées par les miasmes des marais et celles qui , dans nos contrées , n ' ont pour agent producteur que les émanations qui s ' élèvent au - dessus des terres en culture , constituent une nombreuse famille d ' affections dont la phènomènisâ .llon diverse s ' affaiblit ou s ' accroît selon le degré plus ou moins prononcé do l ' intoxication .",
                  "id": "15",
                  "title": "Traité des fièvres intermittentes et rémittentes des pays tempérés et non marécageux, et qui reconnaissent pour cause les émanations de la terre en culture / par le Dr Adrien Bérenguier,..."
            },
            {
                  "doc_url": "https://gallica.bnf.fr/ark:/12148/bpt6k5698789k",
                  "emotions": [
                        "trust",
                        "love",
                        "courage",
                        "calmness",
                        "caring",
                        "faith"
                  ],
                  "excerpt": "178 ALBUM CHANTANT .Ne crains rien , ton ange fidèle ; Sans cesse veillera sur toi ; Je t ' abriterai de mon aile , D ' où s ' exhale un parfum de foi .C ' est .",
                  "id": "16",
                  "title": "Album chantant ou la chanson de tous et pour tous.... Tome 3"
            },
            {
                  "doc_url": "https://gallica.bnf.fr/ark:/12148/bpt6k65690159",
                  "emotions": [
                        "love"
                  ],
                  "excerpt": "A .Parmi les fleurs qui décorent nos parterres , on en distingue un trèsgrand nombre dont les formes agréables , l ' éclat des couleurs , la suavité des parfums rendraient notre choix irrésolu si nous devions décider entr ' elles ; mais quelle que soit notre admiration pour la plupart de ces espèces , un penchant irrésistible nous fait toujours donner la préférence à la Rose .Elle plaît à tous les âges .",
                  "id": "17",
                  "title": "La rose chez les différents peuples anciens et modernes : description, culture et propriété des roses (2e édition) / par M. A. de Chesnel"
            },
            {
                  "doc_url": "https://gallica.bnf.fr/ark:/12148/bpt6k65690159",
                  "emotions": [
                        "love"
                  ],
                  "excerpt": "L ' Agathe toujours verte , fleurs doubles , petites et carnées ; boutons rouges .L ' Emmeline , fleurs semi - dou - bles , moyennes , d ' un blanc liseré de rose et odorantes .La petite Duchesse , fleurs pleines , très - petites et d ' un rose pâle .",
                  "id": "18",
                  "title": "La rose chez les différents peuples anciens et modernes : description, culture et propriété des roses (2e édition) / par M. A. de Chesnel"
            },
            {
                  "doc_url": "https://gallica.bnf.fr/ark:/12148/bpt6k65690159",
                  "emotions": [
                        "joy",
                        "love",
                        "optimism",
                        "excitement",
                        "relief"
                  ],
                  "excerpt": "La nymphe des jardins surprise en la voyant , Croit qu ' une autre Vénus en ce jour vient de naître , Pour la reine des fleurs on veut la reconnaître ; La Rose est étonnée ; une aimable pudeur Couvre son sein charmant d ' une vive rougeur .Le rossignol la voit , frappe l ' air de son aile , Respire ses parfums , voltige sur son sein , Chante l ' amour heureux et s ' envole soudain , Quoiqu ' il ait fait serment d ' être toujours fidèle » « Arrêtons un moment le volage oiseau , saisissons - le par les ailes , et qu ' il soit emprisonné avec le Rosier dans une cage de cristal .Il est donc vrai qu ' il va devoir la vie à l ' amante que son cœur abandonnait ! Privé d ' un air nouveau , son joli gosier cesserait bientôt de produire des sons harmonieux , si , par un pro - dige inconcevable .",
                  "id": "19",
                  "title": "La rose chez les différents peuples anciens et modernes : description, culture et propriété des roses (2e édition) / par M. A. de Chesnel"
            },
            {
                  "doc_url": "https://gallica.bnf.fr/ark:/12148/bpt6k65690159",
                  "emotions": [
                        "love"
                  ],
                  "excerpt": "Bion , Ovide et l ' auteur du Pervigitium Veneris , prétendent que la couleur de la Rose est due au sang d ' Adonis .Vénus ordonnait , dit - on , que le sein des bergères se mariât chaque matin à la Rose humide encore , teinte du sang d ' Adonis , et parfumée des baisers de l ' amour .Aphtonius et Tretzes assurent , au contraire , que l ' incarnat de la Rose provient du sang de Vénus .",
                  "id": "20",
                  "title": "La rose chez les différents peuples anciens et modernes : description, culture et propriété des roses (2e édition) / par M. A. de Chesnel"
            }
      ]
}