{
      "articles": [
            {
                  "doc_url": "https://gallica.bnf.fr/ark:/12148/bpt6k5821216b",
                  "emotions": [
                        "love",
                        "nostalgia"
                  ],
                  "excerpt": "Pour lui , celte langueur inaccoutumée qui l ' avait engourdi quand il avait écouté la musique , ce soupir de regret qui lui était échappé en se trouvant tout seul , sans avoir à qui parler , au milieu de ces groupes de jeunes gens et de jeunes filles qui riaient et causaient sous le regard de leurs familles , cet éclair d ' envie qui avait traversé son esprit , et , pour un moment , lui avait fait trouver — 36 — si triste la solitude dans laquelle il vivait , quand il avait rencontré ces couples mystérieux marchant la main dans la main ; cetle espèce d ' insistance taquine et jalouse qu ' il avait mise à les poursuivre tout en devinant bien que sa poursuite les troublait : toutes ces pensées , tous ces désirs , quoique vaguement formulés , toutes ces aspirations confuses encore , il les considéra comme autant de symptômes précurseurs formant l ' avant - garde d ' un péril , et il ne put s ' empêcher de tressaillir , car il sentait en même temps que toutes les pièces de son armure de placidité se détachaient de lui une à une , et qu ' il allait se trouver désarmé au moment du combat .Claude quitta enfin d ' un pas rapide ces allées solitaires où il avait rencontré le vertige , et où les blanches statues elles - mêmes , nymphes et déesses du paradis païen , semblaient ouvrir leur bouche de marbre en étendant les bras comme pour arrêter au passage et presser un instant contre leur sein pâmé les sylphes amoureux qui voltigeaient par essaims dans cette atmosphère embrasée de tous les irritants parfums du printemps .En sortant de l ' allée des Soupirs , silencieuse et discrète , il déboucha tout à coup dans la grande allée de l ' Observatoire , voie bruyante et tumultueuse , traversée alors par des groupes joyeux descendus en foule des collines savantes du quartier Saint - Jacques .",
                  "id": "1",
                  "title": "Claude et Marianne, par Henry Murger"
            },
            {
                  "doc_url": "https://gallica.bnf.fr/ark:/12148/bpt6k5612394f",
                  "emotions": [
                        "grief",
                        "love",
                        "nostalgia",
                        "gratitude"
                  ],
                  "excerpt": "Mais en vain ! ignorant ma vie , ( Et , si je suis mort , mon tombeau ) La route que j ' aurai suivie , Ta voix restera sans écho ! Je ne serai plus là , mignonne , Ni pour dénouer tes cheveux , Ni pour adorer ta personne Et sécher les pleurs de tes yeux ! LU E suis enfermé dans sa chambre Toute de bleu capitonnée .Dans un coin de la chambre aimée Brûlent encor des morceaux d ' ambre , Et , par ce parfum ranimée , Mon âme , en ce soir de novembre » Songe aux premiers jours de l ' année l Je suis enfermé dans sa chambre Toute de bleu capitonnée .u - i ) 4Et i ) 4Et hélas ! la cage est vide : L ' amoureuse a pris sa volée ! Par où donc s ' en est - elle allée ? Je cherche en vain d ' un oeil avide .",
                  "id": "2",
                  "title": "La comédie de l'amour / Émile Favin"
            },
            {
                  "doc_url": "https://gallica.bnf.fr/ark:/12148/bpt6k6283931g",
                  "emotions": [
                        "admiration",
                        "love",
                        "nostalgia",
                        "pride",
                        "gratitude",
                        "calmness",
                        "doubt"
                  ],
                  "excerpt": "Elle endort les plus cruels maux Et contient toutes les extases ; Pour dire les plus longues phrases , Elle n ' a pas besoin de mois .Non , il n ' est pas d ' archet qui morde Sur mon cœur , parfait instrument , Et fasse plus royalement , Chanter sa plus vibrante corde , Que ta voix , chat mystérieux , Chat séraphique , chat étrange , En qui tout est , comme en un ange , Aussi subtil qu ' harmonieux ! II De sa fourrure blonde et brune Sort un parfum si doux , qu ' un soir J ' en fus embaumé , pour l ' avoir Caressée une fois , rien qu ' une .C ' est l ' esprit familier du lieu ; Il juge , il préside , il inspire Toutes choses dans son empire ; Peut - être est - il fée , est - il dieu .",
                  "id": "3",
                  "title": "Fleurs du mal. 27 compositions par Georges Rochegrosse, gravées à l'eau-forte par Eugène Decisy"
            },
            {
                  "doc_url": "https://gallica.bnf.fr/ark:/12148/bpt6k4226583p",
                  "emotions": [
                        "love"
                  ],
                  "excerpt": "& âi Nous devons à la commune de Rivesaltes un vin muscat qui n ’ a pas son égal en France .Il est plein de finesse , de feu et de parfum , et il laisse toujours la bouche fraîche et parfumée .Quand il a dix ans , il est comparable aux vins de Malvoisie Içs plus exquis .",
                  "id": "4",
                  "title": "Nouveau manuel complet du sommelier et du marchand de vins : contenant des notions succinctes sur les vins rouges, blancs et mousseux... / par M. W. Maigne..."
            },
            {
                  "doc_url": "https://gallica.bnf.fr/ark:/12148/bpt6k37098t",
                  "emotions": [
                        "love",
                        "nostalgia"
                  ],
                  "excerpt": "Cette étrange enfant était consumée par une sensibilité nerveuse développée à l ' excès ; et l ' on eût dit , à la voir frêle , gracieuse et blanche , une de ces vierges nées d ' une larme , qui se trouvent au fond de quelques poëmes mystiques .Tous deux , le frère et la sœur , se promenaient souvent dans les landes , ou bien , assis sur la chaussée de l ' étang , ils laissaient venir à eux la nuit étoilée , avec ses rumeurs confuses et ses chauds parfums qui gagnent imperceptiblement le coeur et finissent par le submerger .Pourquoi voulait - il se tuer ? Un jour , le fusil sous le bras , il descendit plus lentement que de coutume le perron du château il se dirigea vers les bois parvenu à l ' extrémité du grand mail , il se retourna pour regarder par - dessus les arbres une petite tourelle ; il disparut .",
                  "id": "5",
                  "title": "Statues et statuettes contemporaines / par Charles Monselet"
            },
            {
                  "doc_url": "https://gallica.bnf.fr/ark:/12148/bpt6k54587571",
                  "emotions": [
                        "admiration",
                        "love",
                        "pride",
                        "gratitude",
                        "caring"
                  ],
                  "excerpt": "J ' ai mis mes tendres passions Qu ' enveloppe d ' un blanc suaire L ' essaim de mes illusions .J ' ai mis tout ce qui m ' a fait vivre , Qui m ' a rendu poète , aimant : Le chaud arôme qui m ' enivre , L ' irrésistible et doux aimant .Ce jardin de la fantaisie , Aux beaux jours , m ' a vu réunir L ' églantine et la poésie , La pervenche et le souvenir .",
                  "id": "6",
                  "title": "Poésies de Léon Duvauchel, 1869-1902"
            },
            {
                  "doc_url": "https://gallica.bnf.fr/ark:/12148/bpt6k204548f",
                  "emotions": [
                        "love"
                  ],
                  "excerpt": "un matin , je l ' aimai , Au temps où tout nous dit les gaités naturelles , Quand les arbres sont verts , lorsque les tourterelles Gémissent de tendresse au clair soleil de mai .Nos âmes échangeaient de longs baisers entre elles , Tout riait près de nous , et , dans l ' air parfumé , On entendait des bruits d ' amoureuses querelles .Mon coeur , alors ouvert , depuis s ' est refermé .",
                  "id": "7",
                  "title": "Oeuvres de Albert Glatigny : poésies complètes / notice par A. France"
            },
            {
                  "doc_url": "https://gallica.bnf.fr/ark:/12148/bpt6k5111228",
                  "emotions": [
                        "disgust",
                        "disapproval",
                        "love",
                        "excitement",
                        "gratitude"
                  ],
                  "excerpt": "Nous t ' évoquons ainsi dans nos rêves pieux , Suppliants .A tes pieds , de tous les coins du monde , Nous brûlons de nos cœurs le parfum précieux , O Femme , être changeant , « perfide comme l ' onde ! » LE VoilSET ^ QUE TU iM ' oAS EPÇVOTÊ .Le baiser que tu m ' as envoyé de là - bas , Comme la mort déjà planait sur ton front pâle , Sur la tombe où tu dors de l ' éternel trépas Éclôt , divine fleur funèbre et liliale .",
                  "id": "8",
                  "title": "Les jardins de l'Orient / Stéphane Moreau"
            },
            {
                  "doc_url": "https://gallica.bnf.fr/ark:/12148/bpt6k6375956w",
                  "emotions": [
                        "love"
                  ],
                  "excerpt": "aigu , pubescente , noire à la maturité10 , 15 déc ., à fleurs jaunes , odorantes , en grappes très - longues .= Lois .",
                  "id": "9",
                  "title": "Nouvelle flore française : descriptions succintes et rangées par tableaux dichotomiques des plantes qui croissent spontanément en France... (3e édition revue et corrigée) / par M. Gillet,... M. J.-H. Magne,..."
            },
            {
                  "doc_url": "https://gallica.bnf.fr/ark:/12148/bpt6k62256v",
                  "emotions": [
                        "admiration",
                        "love",
                        "excitement"
                  ],
                  "excerpt": "Vous allez voir 1 Cette douceur d ' un corps vierge , frémissant sous le baiser , ce parfum de la fleur fraiche .éclose , cette saveur enivrante du fruit auquel personne n ' a touché , ces impressions adorables que les plus jolies femmes ne donnent pas , ce délicieux éveil des sens s ' abandonnant avec une confiauce un peu anxieuse , ce charme infini des vierges touchées par l ' amour , Marcel pouvait les posséder .Il le savait , depuis que Reine avait parlé , depuis qu ' il avait senti la moiteur de sa poitrine et la souplesse de sa taille entre ses hras nus .",
                  "id": "10",
                  "title": "Reine Soleil, une fille de la glèbe (2e éd.) / par Harry Alis"
            },
            {
                  "doc_url": "https://gallica.bnf.fr/ark:/12148/bd6t5369957p",
                  "emotions": [
                        "love"
                  ],
                  "excerpt": "Le Lilas commun est un arbuste pouvant atteindre 4 ou 5 mètres , à feuilles opposées , cordiformes , à fleurs formées d ' un calice tubuleux à quatre dénis ; la corolle tubuleuse est longue , le limbe est divisé en quatre lobes .Des fleurs odorantes sont disposées en thyrses terminaux .Dans les jardins en plein air , on cultive surtout , depuis une vingtaine d ’ années , plusieurs très belles variétés de Lilas à fleurs doubles , obtenues d ' hybridation et de semis successifs , par un botaniste horticulteur français , M .",
                  "id": "11",
                  "title": "Les fleurs à travers les âges et à la fin du XIXe siècle : ouvrage honoré du prix Joubert de L'Hyberderie, par la Société nationale d'horticulture de France / Th. Villard ; reproductions d'aquarelles de Madeleine Lemaire ; notes horticoles et botaniques résumées avec le concours de M. Maxime Cornu,... et de M. A. Chargueraud,... ; préface de Jean Aicard"
            },
            {
                  "doc_url": "https://gallica.bnf.fr/ark:/12148/bpt6k204548f",
                  "emotions": [
                        "love",
                        "gratitude"
                  ],
                  "excerpt": "J ' y cours avec bonheur , car sur vos noirs rivages Les rosiers Idéals se mêlent aux cyprès ; Prépar - ez sans remor - ds les funestes breuvages Et donnez - moi vos mains que je les baise après .De vos seins chauds et lourds s ' élancent par bouffées Des parfums pénétrants , âcres et singuliers , Dans la vapeur de qui , follement attifées , .Dansent les visions de mes jours oubliés .",
                  "id": "12",
                  "title": "Oeuvres de Albert Glatigny : poésies complètes / notice par A. France"
            },
            {
                  "doc_url": "https://gallica.bnf.fr/ark:/12148/bpt6k96306250",
                  "emotions": [
                        "love"
                  ],
                  "excerpt": "Feuilles grandes , pétiolées , à pétiole bi - glanduleux au sommet , obo - , vales - acuminées ; finement et très - aigument dentées - non - glanduleuses , vertes , glabres , un peu rugueuses et non brillantes en dessus , plus pâles et mème glauques et pubescentes aux aisselles des nervures en dessous .Fleurs blanches , odorantes , en longues grappes simples , cylindriques , pendantes , feuillées à la base .Drupes globuleuses , de la grosseur d ' un pois , noires , acerbes .",
                  "id": "13",
                  "title": "Description et histoire des végétaux ligneux qui croissent spontanément en France : flore forestière / par M. Auguste Mathieu,..."
            },
            {
                  "doc_url": "https://gallica.bnf.fr/ark:/12148/bpt6k54587571",
                  "emotions": [
                        "joy",
                        "love",
                        "nostalgia",
                        "relief",
                        "gratitude",
                        "calmness",
                        "faith"
                  ],
                  "excerpt": "A vous tous , partageant un coeur rempli d ' amour , Au milieu des chemins , comme l ' enfant du conte , Emiettant un pain blanc dont on nous tenait compte , Nous avons franchement divulgué nos secrets Sans jamais rencontrer de témoins indiscrets ; Dans vos plaines , sur vos fleuves parsemés d ' Iles , Nous avons follement égaré nos idylles ; Et la gerbe de fleurs mortes que nous plaçons Dans les coffrets d ' ébène est prise à vos buissons .Le Soir Heures calmes du soir , — berceuses de l ' amour , Heures des abandons , — divines charmeresses , Prolongez pour nos sens assoiffés de caresses Vos humides parfums et votre demi - jour ! PARIS ET BANLIEUE 195 Après la course folle au grand bois solitaire , Les plaisirs étouffants de leurs après - midis , Les amants , dont Éros ouvre le paradis , Cherchent dans l ' ombre vague un plus profond mystère .Sous les saules ils vont mélancoliquement Aux rives des lacs bleus , aux pointes des presqu ' îles .",
                  "id": "14",
                  "title": "Poésies de Léon Duvauchel, 1869-1902"
            },
            {
                  "doc_url": "https://gallica.bnf.fr/ark:/12148/bpt6k11600447",
                  "emotions": [
                        "joy",
                        "love",
                        "calmness"
                  ],
                  "excerpt": "Puis vers l ’ alcôve obscure et doucement chaufl ’ éc , Elle s ’ en va , laissant , en ma main , reposer Sa main molle et fluette , où je mets un baiser .Enfin , au pied du lit qu ’ une senteur parfume , Souriante , elle prend la veilleuse et l ’ allume Et moi je la contemple , et chaque soir je veux Défaire et , pour la nuit , arranger ses cheveux .Mais avec un regard , un long regard étrange , Qui dévoile la femme et le démon et l ’ ange , De sa plus douce voix elle me dit : Partez ! Et cependant les yeux pleins de folles clartés , Vers elle , palpitant tout - à - coup , je m ’ élance Sa lèvre line et rose a beau dire : Silence ! Je reste et je la prends on mes bras caressants .",
                  "id": "15",
                  "title": "L'Hirondelle : revue littéraire pédagogique et artistique..."
            },
            {
                  "doc_url": "https://gallica.bnf.fr/ark:/12148/bpt6k64188p",
                  "emotions": [
                        "love",
                        "nostalgia",
                        "disappointment",
                        "guilt"
                  ],
                  "excerpt": "Après avoir MtM de ces bêtes tout ce qui pouvait encore être de quelque atitite , j ' abandonnai le reste aux oiseau et aux insectes , qui , en fort peu de temps , dépouillèrent si complètetement tfa m , qu ' ils formèrent dem superbes sqneieUes d ' outs ponr mette eabinet d ' histoire natmette .Ouand il fatamMMnn de famerttehairde nos 6etes , je sonaeai avec regret que aeus aimas trop ! e ! x du Heu « A ewtaatt te ravend ' Ma pew panveir y employer sesteniMea et son bois odorant : matsje me rappelai que parmt tes branches que MM entants m ' avaient apportées , < t y on avait d ' une certaine plante dont les feutMes avaient une odeur extraord ) na ) rement forte .EMes ressemblaient & ceHes du tierre ; mats le bois avait plus de rapport avee celui de la vigne .",
                  "id": "16",
                  "title": "La famille naufragée / J.-R. Wyss ; trad. [de l'anglais]..."
            },
            {
                  "doc_url": "https://gallica.bnf.fr/ark:/12148/bpt6k5664663x",
                  "emotions": [
                        "grief",
                        "love",
                        "nostalgia",
                        "gratitude"
                  ],
                  "excerpt": "Je l ' ai deviné car la rose .Au souille de votre baiser , A perdu son parfum de rose Pour garder celui du baiser .Jo conserve donc votre rose En souvenir de ce baiser .",
                  "id": "17",
                  "title": "Les Voix de la patrie : organe mensuel de l'Académie poétique de France / rédacteur en chef Antonin Martin"
            },
            {
                  "doc_url": "https://gallica.bnf.fr/ark:/12148/bpt6k54301872",
                  "emotions": [
                        "grief",
                        "love",
                        "nostalgia",
                        "gratitude",
                        "faith"
                  ],
                  "excerpt": "Le ciel brillait trop pur d ' un éclat trop béni : Il s ' est perdu vers l ' île où se brise la lame , Pleurant — si tristement — oh ! notre épithalame ! Reviendras - tu jamais , toi qui vibrais en moi , Qui soutenais mon coeur dans les jours de tristesse , Sentirai - je jamais sur mon front ta caresse Qui mettait à mes yeux un regard ferme et droit ? — 25 — Il est mort l ' immortel , mes blondes amoureuses ! Il ne sèmera plus de ses paillettes d ' or Vos terrestres cheveux : pleurez , pleurez encor Le rêve inachevé de nos amours pieuses , Pleurez votre candeur , pleurez notre trésor .LES DOUZE PALIERS RENOVATION Pour le sang de sa lèvre et qui la parfumait , Tu cherchas bien longtemps dans les missels antiques La pâle fleur éteinte aux larmes ascétiques , Qui devait épurer de ses parfums mystiques Le front immaculé de celle qui t ' aimait .Mais sur tes yeux lassés la nuit versa son ombre , Et tu laissas tomber le livre de ta main Sans que la fleur d ' amour l ' ait frôlée en chemin ; Tu compris ta clarté d ' hier sans lendemain Et tu repris plus seul ta route encor plus sombre .",
                  "id": "18",
                  "title": "Turris eburnea / Marc Haven"
            },
            {
                  "doc_url": "https://gallica.bnf.fr/ark:/12148/bpt6k28758j",
                  "emotions": [
                        "love",
                        "caring"
                  ],
                  "excerpt": "On en distingue trois variétés celle du Périgord , celle de Bourgogne , et celle dont la chair est violette .La première , la plus estimée de toutes , la plus chère et la plus recherchée , est noire à l ' intérieur son odeur et sa tendreté sont très prononcées elle n ' est bonne à manger qu ' après les premières gelées .La seconde est blanche à l ' intérieur elle est plus dure , moins odorante que la précédente .",
                  "id": "19",
                  "title": "Manuel d'hygiène, ou Histoire des moyens propres à conserver la santé et à perfectionner le physique et le moral de l'homme / , par le Dr F. Foy,..."
            },
            {
                  "doc_url": "https://gallica.bnf.fr/ark:/12148/bpt6k5427425w",
                  "emotions": [
                        "love",
                        "desire",
                        "nostalgia",
                        "faith"
                  ],
                  "excerpt": "Demeure où le soleil t ' éclaire Me disait ce regard profond , Ici - bas tout est solidaire : L ' être isolé n ' est pas fécond .Si tu veux qu ' un souffle t ' inspire , Va le chercher dans les jardins Où la pensée ardente aspire L ' effluve des germes divins , La Graine du Beau ig Où partout dans l ' azur voltige La graine impalpable du Beau , Où le sauvageon sur sa tige Va greffer un arbre nouveau , Où dans un fraternel échange Apres parfums , fraîches senteurs , Tout se confond et se mélange , Bouquet aux multiples saveurs .Là , dans ce grand concert d ' arôme , Là , sous cette clarté d ' en haut , Dans l ' air que la pensée embaume , C ' est là que la pensée éclôt ! 20 La Graine du Beau II Sur ces fleurs immortelles Va parfumer tes ailes Papillon créateur ! Poète , amant des âmes , Sur les pages en flammes Va réchauffer ton coeur ! A la coupe du livre Bois ce suc qui t ' enivre , Comme le vin nouveau Dont la mousse odorante Monte , fusée ardente , De la lèvre au cerveau ! La Graine du Beau Que la forme du maître .",
                  "id": "20",
                  "title": "Bouquet de pensées / Bonne d'Ottenfels"
            }
      ]
}