{
      "articles": [
            {
                  "doc_url": "https://gallica.bnf.fr/ark:/12148/bpt6k5620338g",
                  "emotions": [
                        "love"
                  ],
                  "excerpt": "Rhinite atrophique ( ozène ) .On donne le nom d ' ozène à une affection caractérisée par des lésions atrophiantes de la muqueuse avec production de croûtes à odeur toute spéciale et causée par un microorganisme , le diplocoque de Loewenberg .Autrefois , le mot ozène servait à désigner toute mauvaise odeur du nez , qu ' il s ' agisse d ' un coryza syphilitique , d ' un OZENE .",
                  "id": "1",
                  "title": "La pratique oto-rhino-laryngologique. Maladies des fosses nasales et des sinus / par le docteur J. Guisez,..."
            },
            {
                  "doc_url": "https://gallica.bnf.fr/ark:/12148/bpt6k5727378d",
                  "emotions": [
                        "trust",
                        "love",
                        "optimism",
                        "desire",
                        "excitement",
                        "gratitude",
                        "caring"
                  ],
                  "excerpt": "Quand j ' aurai de la mémoire , C ' est moi qui tiendrai la clé , Veux - tu ? de la grande armoire Où le linge est empilé .Nous la polirons nous - mêmes De cire à la bonne odeur ; O maman , puisque tu m ' aimes , Je suis sage avec ardeur .Nous ferons l ' aumône ensemble Quand tes chers pauvres viendront : Un jour , si je te ressemble , Maman , comme ils m ' aimeront ! Je sais ce que tu vas dire ; Tous tes mots , je m ' en souviens Là , j ' entends que ton sourire Dit : « Viens m ' embrasser ! » Je viens ! 66 LES POÉSIES L ' ENFANT AU MIROIR A MADEMOISELLE EMILIE BASCANS .",
                  "id": "2",
                  "title": "Les Poésies de l'enfance, par Mmes Desbordes-Valmore. [Publié par Ath. Mourier, avec une préface de MM. P. et H. Valmore.] 2e édition..."
            },
            {
                  "doc_url": "https://gallica.bnf.fr/ark:/12148/btv1b86268548",
                  "emotions": [
                        "love",
                        "nostalgia"
                  ],
                  "excerpt": "C ' était le temps de la fenaison , les gerbes étaient en tas .Nous avisons une petite meule dans un champ , nous y creusons deux niches confortables , et je ne sais si c ' est l ' odeur troublante de notre couche ou le parfum pénétrant des bois qui nous émeuvent , mais nous éprouvons le besoin de parler de nos amours défuntes .Le thème était inépuisable ! Peu à peu , cependant , les paroles deviennent plus rares , les enthousiasmes s ' affaiblissent , nous nous endormons .",
                  "id": "3",
                  "title": "Les soirées de Médan / Émile Zola, Guy de Maupassant, J. K. Huysmans, Henry Céard, Léon Hennique, Paul Alexis"
            },
            {
                  "doc_url": "https://gallica.bnf.fr/ark:/12148/bpt6k6479096s",
                  "emotions": [
                        "joy",
                        "love",
                        "optimism",
                        "nostalgia",
                        "gratitude"
                  ],
                  "excerpt": "XXVI LE PONT On entend murmurer la nuit mélodieuse ; L ' arbre dans la forêt frissonne avec amour ; Et l ' Aurore soudain apparaît radieuse Comme un œil ébloui par la clarté du jour .De l ' Orient vermeil s ' élançant dans le monde , Rose , joyeusè , douce ainsi qu ' un rêve aimé , Elle croise en chemin une enfant fraîche et blonde 13 Qui porte sur son sein un bouquet parfumé .Ii La mignonne s ' assied près d ' un pont , désolée ; A ses grands cils dorés perlent des pleurs brûlants ; Et le flot , enlevant les fleurs de la vallée , Les jette avec un doux murmure à ses pieds blancs .",
                  "id": "4",
                  "title": "Pastels : poésies roumaines / de V. Alecsandri ; traduites en vers français par Georges Bengesco"
            },
            {
                  "doc_url": "https://gallica.bnf.fr/ark:/12148/bpt6k65837852",
                  "emotions": [
                        "love"
                  ],
                  "excerpt": "2 ° Les spasmes pulmonaires obéissent en général à des remèdes anti - spasmodiques dont l ' action est plus fixe .Les gommes fétides , et à leur tête l ' asa fætida et la gomme ammoniaque , rencontrent dans ces affections , leur indication la plus , importante et la plus expresse ; la première de ces substances jouit aussi plus sûrement que ses analogues de la propriété de faire cesser les flatuosités et en général toutes les exhalations gazeuses inodores chez l ' homme .La valériane réussit mieux contre les mêmes accidens chez la femme .",
                  "id": "5",
                  "title": "Traité de thérapeutique et de matière médicale, par A. Trousseau,... et H. Pidoux,.... Tome 1"
            },
            {
                  "doc_url": "https://gallica.bnf.fr/ark:/12148/bpt6k6153611m",
                  "emotions": [
                        "joy",
                        "love",
                        "optimism",
                        "gratitude"
                  ],
                  "excerpt": ".Et c ' est pour cela que , ce soir charmé , Vous disiez mon nom en coupant des roses , — Et je te dois tout ce Bonheur de mai , O doux messager de mes rêves roses ! POL D ' ARGONNE CHANSON NAIVE La fleurette que ma mie A cueillie A la plus belle couleur , Plus doux nom , plus douce odeur , Elle sent bon le bonheur , La fleurette que ma mie A cueillie , A cueillie avec son coeur .Mais la grappe que ma mie A cueillie , A cueillie au lendemain Dans les mûriers du chemin , Elle piquait le chagrin La grappe que mon amie A cueillie , A cueillie avec sa main .",
                  "id": "6",
                  "title": "L'Année des poètes / morceaux choisis ; réunis par Charles Fuster"
            },
            {
                  "doc_url": "https://gallica.bnf.fr/ark:/12148/bpt6k62631152",
                  "emotions": [
                        "love",
                        "nostalgia",
                        "frustration"
                  ],
                  "excerpt": "Il les avait d ' abord toutes aimées , comme on aime les choses heureuses qui laissent un sillage de lumière et de joie .Il avait suivi leur parfum de vie comme ou suit des yeux sur les vagues les fleurs mouvantes et argentées de sillages Son cœur s ' offrait , mais il n ' y eut pas de main pour le cueillir et l ' attente vaine le meurtrit .Les cloches avec leur chanson ne lui parlèrent plus que des heures anciennes et passés .",
                  "id": "7",
                  "title": "Deutsch-Französische Rundschau"
            },
            {
                  "doc_url": "https://gallica.bnf.fr/ark:/12148/bpt6k62631152",
                  "emotions": [
                        "love",
                        "nostalgia",
                        "pride",
                        "envy"
                  ],
                  "excerpt": "Tous ses rêves de jeune fille pensive et accoutumée aux solitudes étaient cette simple et éternelle idylle , l ' espoir du bonheur lumineux qu ' apporterait son bel hyménée .Comme elle se donnerait a l ' etre simple et jeune qui aurait conservé la pénétrante senteur des glèbes patriales 1 Et tout son cœur appelait cette vie sentimentale qu ' elle imaginait toute tissée de soleil et d ' heures harmonieuses .Mais comme elle était restée longtemps malade , au lieu qu ' elle fit voir sur ses traits une joie échevelée , il y avait seulement sur tout son être une langueur souriante et profonde ; on eût dit qu ' une aube lointaine se levait dans ses yeux et ses gestes avaient toujours gardé des douceurs prudentes et la grâce fine des convalescences .",
                  "id": "8",
                  "title": "Deutsch-Französische Rundschau"
            },
            {
                  "doc_url": "https://gallica.bnf.fr/ark:/12148/bpt6k2010181",
                  "emotions": [
                        "love",
                        "nostalgia",
                        "gratitude",
                        "calmness"
                  ],
                  "excerpt": "Mes éperons et ma rapière Tintent fièrement sur la pierre ; Je gravis le large escalier .Dans une amoureuse retraite , A la fois brillante et discrète , Chambre où l ' atmosphère à dessein Se répand tiède et parfumée , Attend ma chère bien - aiméc , Et je me jette sur son sein .Le vent dans les feuilles murmure ; Le vieux chêne , dans sa ramure , Chuchote , rompant du hallier La farouche mélancolie « Avec ton rêve et ta folie , Que veux - tu , pauvre cavalier ? » LX Une étoile , fendant l ' espace , Fuit son étincelant séjour .",
                  "id": "9",
                  "title": "L'intermezzo : poème d'après Henri Heine... / E. Vaughan et Ch. Tabaraud ; portr. hors texte de H. Heine par Sellier"
            },
            {
                  "doc_url": "https://gallica.bnf.fr/ark:/12148/bpt6k9793069x",
                  "emotions": [
                        "love"
                  ],
                  "excerpt": "La Galathée qui se sauve derrière les saules se change en Isomène ou en Luciane ; la simplicité alternée de l ' églogue antique semblerait un peu bien fade à ces raffinés .Leurs conversations sont de véritables entretiens pointus où la préciosité la plus exquise pousse à droite et à gauche ses vrilles capricieuses et ses fleurs bizarres aux parfums enivrants .— La préciosité , cette belle fleur française qui s ' épanouit si bien dans les parterres à compartiments des jardins de la vieille école , et que Molière a si méchamment foulée aux pieds dans je ne sais plus quelle immortelle mauvaise petite pièce .",
                  "id": "10",
                  "title": "Les grotesques (Nouvelle édition) / par Théophile Gautier"
            },
            {
                  "doc_url": "https://gallica.bnf.fr/ark:/12148/bpt6k5450707n",
                  "emotions": [
                        "admiration",
                        "love",
                        "faith"
                  ],
                  "excerpt": "de vos bienfaits que Dieu vous récomAu séjour glorieux où trônent les élus , [ pense Dans la sérénité d ' une pure conscience , Dans cette paix de l ' âme où la joie est immense , Où la douleur n ' existe plus .Vous irez récolter sur les champs de l ' Aurore La moisson du bon grain par vos vertus semé ; Aux brios éternels de la Harpe sonore , Vous chanterez le Dieu que notre coeur adore Au Ciel , mon Père bien - aimé ! LES RIVES DE GESIA Dans l ' Ile aux doux parfums , sur l ' onde Tyrrhénienne .Florissait autrefois la ville Phocéenne Qui conserve toujours le vivant souvenir De sa splendeur passée aux siècles à venir .",
                  "id": "11",
                  "title": "Feuilles volantes / Joseph Luciani"
            },
            {
                  "doc_url": "https://gallica.bnf.fr/ark:/12148/bpt6k5533889g",
                  "emotions": [
                        "love"
                  ],
                  "excerpt": "ARTICLE V .— SCORBUT Le scorbut est une affection caractérisée par des gencives fongueuses , une haleine fétide , des taches livides sur la peau , une grande débilité générale , avec pâleur et bouffissure de la face .« Le scorbut , dit le professeur Wood , a en général une marche graduelle , de sorte qu ' il est très - rare de pouvoir dire quel est le moment exact de son début .",
                  "id": "12",
                  "title": "Traité théorique et pratique de l'art du dentiste : comprenant l'anatomie, la physiologie, la pathologie, la thérapeutique... / par Chapin A. Harris, Ph. H. Austen,... ; traduit de l'anglais sur la 10e édition, annoté et considérablement augmenté par le Dr E. Andrieu,..."
            },
            {
                  "doc_url": "https://gallica.bnf.fr/ark:/12148/bpt6k5721673h",
                  "emotions": [
                        "admiration",
                        "joy",
                        "love",
                        "nostalgia",
                        "gratitude"
                  ],
                  "excerpt": "L ' haleine voluptueuse Des doux et tendres zéphirs Rend mon âme moins heureuse , M ' inspire moins de désirs .Comme l ' abeille empressée Voltige de fleur en fleur , Dès que la fraîche rosée Ranime leur douce odeur , S ' enivrant à votre vue Du délire le plus doux , Ainsi mon âme éperdue Vole , errante , .autour de vous ! Ma muse , lèvres si belles , Délaissant sa lyre d ' or , POÉSIES .",
                  "id": "13",
                  "title": "Poésies d'Hippolyte Tampucci, garçon de classe au collège Charlemagne"
            },
            {
                  "doc_url": "https://gallica.bnf.fr/ark:/12148/bpt6k9691769g",
                  "emotions": [
                        "love",
                        "optimism",
                        "nostalgia",
                        "gratitude",
                        "calmness"
                  ],
                  "excerpt": "– Il suffit , je te pardonne : Çà ! gardes , qu ' on ne lui donne Que vingt - cinq coups de bambou .LA SENSITIVE A SAINTE - BEUVE De mai les brises embaumées Soufflent après un long hiver , Et leurs haleines parfumées Font éclore mes fleurs aimées Dans mon jardin devenu vert .La violette la première Du printemps chante le réveil , Et la nature tout entière S abandonne amoureuse et fière , Aux tièdes baisers du soleil .",
                  "id": "14",
                  "title": "Les rives de l'Arno / par Mme Urbain Rattazzi (Marie de Solms)"
            },
            {
                  "doc_url": "https://gallica.bnf.fr/ark:/12148/bpt6k4224568c",
                  "emotions": [
                        "love"
                  ],
                  "excerpt": "La corolle de la bourrache cl de quelques autres genres a la forme d ' une roue , terminée par un tube , à l ' entrée duquel sont de petits appendices de forme et de coloration variées .Les feuilles des borraginées ne contiennent pas d ’ huile odorante ; elles sont alternes et fréquemment munies de poils , ou très rudes , comme dans la consolide et la bourrache , eu excessivement doux , comme dans la cynoylosse ; parmi les plantes les plus recherchées de cette famille , on peut citer Vhéliotrope , dont le parfum est si suave , et le myosotis , dont les charmantes fleurs bleues ont reçu tour à tour les noms de souviens - toi de moi , de plus je le vois , plus je l ' aime , etc ., et ont inspiré de temps en temps de gracieuses poésies .",
                  "id": "15",
                  "title": "Éléments des sciences physiques et naturelles à l'usage des écoles primaires et des pensionnats, par Melle Magaud de Beaufort. Botanique"
            },
            {
                  "doc_url": "https://gallica.bnf.fr/ark:/12148/bpt6k58146757",
                  "emotions": [
                        "love",
                        "optimism"
                  ],
                  "excerpt": ".Dans le matin aimant , S ' ouvrent de larges fleurs dont le parfum enivre .C ' est cela .",
                  "id": "16",
                  "title": "Sâvitrî : comédie héroïque en deux actes, en vers... / A.-Ferdinand Hérold"
            },
            {
                  "doc_url": "https://gallica.bnf.fr/ark:/12148/bpt6k10923328",
                  "emotions": [
                        "love"
                  ],
                  "excerpt": "ESPÉRANDIEU .Le poème couleur de rose Et parfumé , plus que les fleurs Qui fait battre deux jeunes coeurs N ’ est pas en vers , n ’ est pas en prose .La langue que nous bégayons , La prose et les vers et le reste , Ils s ’ en moquent comme d ’ un zeste , Et si ce soir nous leur parlions De Musset ou de Lamartine , D ’ Offenbach et de Chilpéric , Elle répondrait : Frédéric , Et lui répondrait : Augustine .",
                  "id": "17",
                  "title": "Révélations posthumes / Henry Espérandieu ; publiées par son frère [A. Espérandieu] et ses amis [E. Roussel et J. Gaidan]"
            },
            {
                  "doc_url": "https://gallica.bnf.fr/ark:/12148/bpt6k5761689g",
                  "emotions": [
                        "joy",
                        "love",
                        "optimism",
                        "nostalgia",
                        "excitement",
                        "relief",
                        "calmness"
                  ],
                  "excerpt": "On ne pense pas , mais pourtant tout apparaît simple et bienfaisant .Vaguement , on sent que des teintes violettes de l ' horizon , des odeurs chaudes comme le contact d ' une femme amoureuse , des mille brins d ' herbe immobiles et comme en extase devant le large disque du soleil , des sables dorés qui font de grands dessins clans la campagne , que de tout cela qui est pourtant si peu de chose , se dégage une certitude .La certitude que le bonheur humain est ici , pour qui sait le trouver .",
                  "id": "18",
                  "title": "Terres de soleil et de sommeil / Ernest Psichari"
            },
            {
                  "doc_url": "https://gallica.bnf.fr/ark:/12148/bpt6k2010181",
                  "emotions": [
                        "admiration",
                        "love",
                        "nostalgia",
                        "gratitude"
                  ],
                  "excerpt": "Tends à mon baiser , l ' our me cousoler , tends ta bouche rosé Mou chagrin sera bien vile apaisé ! XIII Un baiser seulement Pas de serments infàmes Jenecroispas , machère , aux vains serments des femmes .Si ta parole est douce , ineffable et sans prix , Plus doux est le baiser qu ' à ta bouche j ' ai pris , Comme un miel odorant au bord d ' une corolle .Car ton baiser me reste au moins , et ta parole N ' est qu ' un souffle .",
                  "id": "19",
                  "title": "L'intermezzo : poème d'après Henri Heine... / E. Vaughan et Ch. Tabaraud ; portr. hors texte de H. Heine par Sellier"
            },
            {
                  "doc_url": "https://gallica.bnf.fr/ark:/12148/bpt6k58080665",
                  "emotions": [
                        "love",
                        "nostalgia"
                  ],
                  "excerpt": "Notre héros , encor le lendemain , D ' impulsion , suit le même chemin .Le souvenir lui garde cent prestiges Epanouis à moitié sur leurs tiges , D ' où tombe en fleurs un parfum amoureux .Plaisir éteint fume encor langoureux .",
                  "id": "20",
                  "title": "La Chassomanie, poème, par Deyeux..."
            }
      ]
}