{
      "articles": [
            {
                  "doc_url": "https://gallica.bnf.fr/ark:/12148/bpt6k372762",
                  "emotions": [
                        "joy",
                        "love",
                        "nostalgia",
                        "gratitude"
                  ],
                  "excerpt": "11 faisait une chaleur accablante je me laissai tomber sur l ' herbe , à l ' ombre d ' un épais fourré , et je restai là , écoutant à la fois les vagues rumeurs de la nature et les bruits confus de mon cœur .La joie que je venais d ' éprouver en revoyant Edgard m ' avait fait sentir plus vivement le vide immense que ne comble point l ' amitié les sens amollis par les émanations que le soleil en feu dégageait du parc embrasé , je poursuivis en élégies sans fin l ' entretien doux et grave qu ' un soir nous avions eu sous vos tilleuls .Soit que je pressentisse quelque chose de .",
                  "id": "1",
                  "title": "La croix de Berny : roman steeple-chase / Mme Émile de Girardin, Théophile Gautier, Jules Sandeau, Méry"
            },
            {
                  "doc_url": "https://gallica.bnf.fr/ark:/12148/bpt6k5815126b",
                  "emotions": [
                        "love",
                        "caring",
                        "nervousness"
                  ],
                  "excerpt": "Boissons et aliments magnétisés positivement ou d ' une façon mixte ; frictions énergiques avec substances magnétisées de la même façon .Estomac Affections inflammatoires .— Aigreurs , pyrosis , gaz , éructations , vomissements glaireux et bilieux , hèmatémèse ( vomissements de sang ) , indigestion , crampes d ' estomac , gastralgie , gastrite aiguë , fringale , boulimie , dypsomanie .",
                  "id": "2",
                  "title": "Application de l'aimant au traitement des maladies... (6e édition) / par le professeur H. Durville,..."
            },
            {
                  "doc_url": "https://gallica.bnf.fr/ark:/12148/bpt6k9691351d",
                  "emotions": [
                        "love"
                  ],
                  "excerpt": "DEUXIÈME EXTRAIT ( 1 ) .Les Odeurs que nous aimons .Au nombre des choses de la vie commune qui , dans un sens ou dans l ' autre , touchent de très près au bien - être de l ' homme civilisé , il faut certainement ranger les odeurs agréables ou désagréables .",
                  "id": "3",
                  "title": "Revue britannique, ou Choix d'articles traduits des meilleurs écrits périodiques de la Grande-Bretagne, sur la littérature, les beaux-arts, les arts industriels, l'agriculture, le commerce, l'économie politique, les finances, la législation, etc., etc."
            },
            {
                  "doc_url": "https://gallica.bnf.fr/ark:/12148/bpt6k6357625c",
                  "emotions": [
                        "love",
                        "doubt"
                  ],
                  "excerpt": "Pourquoi parler ainsi De ces lieux où , le soir , à tes meilleures heures .( Lorsque tu n ' écris pas ) comme nous tu demeures Pour humer ce parfum , qu ' on te sait tant aimer , Quand certain vent de l ' ouest vient parfois l ' embaumer ? Tu n ' es pas conséquent , toi , notre ancien collègue .Car tu le fus .",
                  "id": "4",
                  "title": "Epitre adressée à M. Commerson, directeur et rédacteur en chef du Tintamarre, en réponse à un article du 8 mars 1867 inséré dans ce journal et dirigé contre MM. Thiellement, A. Prigny et E. Granger, administrateurs judiciaires et membres du Syndicat du Raincy... / par E. Granger,..."
            },
            {
                  "doc_url": "https://gallica.bnf.fr/ark:/12148/bpt6k81603j",
                  "emotions": [
                        "joy",
                        "love",
                        "optimism",
                        "nostalgia",
                        "excitement",
                        "gratitude"
                  ],
                  "excerpt": "Phénissa ! IIte faut bien longtemps pour manger deux prunes vertes Reviens donc a l ' arbre fécond en fruits mûrs et a la femme féconde en plaisirs .La joie d ' aimer et de mordre pend a toutes mes hanches et le parfum des fleurs s ' y mêle a ~ ' odeut des vendanges .Je suis le luxe djjihc ét ~ i - neHe luxure et ma vte est un perpétuel épanouissement .",
                  "id": "5",
                  "title": "Le pèlerin du silence / Remy de Gourmont"
            },
            {
                  "doc_url": "https://gallica.bnf.fr/ark:/12148/bpt6k81603j",
                  "emotions": [
                        "love"
                  ],
                  "excerpt": "Primevère , fille aînée de la rosée pre - mière , Bouton d ' or , sequin des pauvres cour - tisanes , Muguet , muscadine puceHe , spécieuse innocence des péronnelles qui montrent leur gorgelette , petites nymphes au cul tout nu , Primevère , Bouton d ' or et Muguet , je vous préfère à des baisers moins discrets , fleurs trépassées , fleurs de jadis .Nigelle , chimériques cheveux bleus de Vénus , Coquelicot , bouche que des dents d ' amant ont mordu jusqu ' au sang , Ambrette , fleur aimée du Grand Seigneur , coquette aux yeux gris de lin et la peau au grain si fin , – et une odeur monte de ton cœur , une odeur sans aucune candeur ! Nigelle , Coquelicot , Ambrette , je vous préfère àplus d ' une fleuronnette qui parle , fleurs trépassées , fleurs de jadis .Martagon dont tes tètes se dressent par centaines , monstre odorant , hydre azurée , Martagon dont le front porte un turban de pourpre , Martagon dont les yeux sont jaunes , lys byzantin , joie des empereurs décadents , fleur favorite des alcôves , parfum des Saintes Images , Martagons , multiples Martagons , jé vous préfère à d ' autres monstres dont je pourrais dire le nom , fleurs trépassées , fleurs de jadis .",
                  "id": "6",
                  "title": "Le pèlerin du silence / Remy de Gourmont"
            },
            {
                  "doc_url": "https://gallica.bnf.fr/ark:/12148/bpt6k81603j",
                  "emotions": [
                        "admiration",
                        "sadness",
                        "love",
                        "nostalgia",
                        "gratitude"
                  ],
                  "excerpt": "e Manche , tant de candeur nous épouvante , fleur hypocrite , fleur du silence .Rose couleur de paille , diamant jaune parmi les crudités du prisme , rose couleur de paille , on t ' a vue , cœur à cœur derrière un éventai ! , respirer le parfum des barbes , fleur hypocrite , fleur du silence .Rose couleur de blé , gerbe lourde à la ceinture lâche , rose couleur de blé , tu voudrais bien être moulue et tu voudrais être pétrie , fleur hypocrite , fleur du si - lence .",
                  "id": "7",
                  "title": "Le pèlerin du silence / Remy de Gourmont"
            },
            {
                  "doc_url": "https://gallica.bnf.fr/ark:/12148/bpt6k62490774",
                  "emotions": [
                        "love"
                  ],
                  "excerpt": "ensuite d ' oblitération compléte .Cette affection a dû débuter à la suite réitérée d ' inhalations d ' acétylène ; ces inhalations étaient faites pour constater les changements d ' odeurs consécutifs à différents modes d ' épuration .Pour ce chercheur , l ' intérêt de la question ne réside pas dans la simple disparition de la désagréable odeur d ' ail , ce qui d ' après lui serait un jeu d ' enfant , mais dans la production d ' un arôme plus suave consécutif à cette disparition .",
                  "id": "8",
                  "title": "Le Journal de l'acétylène et le Petit photographe réunis : revue hebdomadaire / rédacteur en chef : Albert Reyner"
            },
            {
                  "doc_url": "https://gallica.bnf.fr/ark:/12148/bpt6k64597104",
                  "emotions": [
                        "love",
                        "caring"
                  ],
                  "excerpt": "même de la vertu ! » Puis , ainsi qu ' il m ' avait laissé son caractère , » De ses biens , en mourant , il me fit légataire .» De vingt printemps en moi fermentait la chaleur : » J ' aimai , je pris pour femme un ange de douceur , » Une vierge candide , aimé , tendre et rieuse , » Qui fondait dans mon sein son ame harmonieuse , » Qui fleurissait mes jours , qui parfumait mes nuits , » Et de mon front plissé déridait les ennuis .» 0 ! bonheur éclipsé ! vain souvenir d ' un rêve ! » Ton Dieu , ( maudit soit - il ! ) ma fée , il me l ' enlève ; ' t » Mon bien , il me le vole ! et quel bien ? un trésor ! » Maudit soit - il ! ! mais non , car ton Dieu , c ' est le Sort .",
                  "id": "9",
                  "title": "Poésies d'un fantasque, par Désiré Tricot,..."
            },
            {
                  "doc_url": "https://gallica.bnf.fr/ark:/12148/bpt6k64597104",
                  "emotions": [
                        "admiration",
                        "love",
                        "pride",
                        "gratitude"
                  ],
                  "excerpt": "( h , , , , 0 ! ne m ' exile pas de ta face bénie Où , comme un écrin d ' or d ' étoiles dans les cieux , Vont montant , descendant , à flots pleins d ' harmonie , D ' un chaste et saint amour les rêves gracieux ! En toi seule est mon temple ; ici , je veux , mon ame , A genoux , de mes bras enlacer cet autel , Remercier mes dieux , sur ton sein , qu ' à ma flamme Ils aient plus accordé que leur bonheur au ciel ! 0 ! mon cœur , contre toi quel désir te tourmente ! Pourquoi le plein calice et la coupe écumante ? A l ' homme d ' un instant , un infini pareil ? Va ! convoite à la fois moins de splendides choses : N ' implore de ces yeux , de ces lèvres si roses , ( ! u ' un seul mot , un sourire , un rayon de soleil ! 1 T ÉPITAPHE D ' une jeuns Religieuse .De son parfum la violette Embaume l ' air , et cependant , Sous le gazon , humble et discrète , Elle fleurit en se cachant ; Ainsi de sa vertu secrète Qui cherchait l ' ombre et la retraite Et du jour fuyait les splendeurs , Parfum divin , pure ambroisie , Baume plus doux que nard d ' Asie , Se répandait dans tous les cœurs .A MON AMI CARLE ELSHOECT , « î ) ; : r sa d ' Ei ' j \\ î s : e ■ ir des An ; w .",
                  "id": "10",
                  "title": "Poésies d'un fantasque, par Désiré Tricot,..."
            },
            {
                  "doc_url": "https://gallica.bnf.fr/ark:/12148/bpt6k940711p",
                  "emotions": [
                        "love"
                  ],
                  "excerpt": "Lorsque je t ’ ai quittée De craintes sans objet mon àme est agitée ; Je ne pense qu à toi , je redoute toujours Quelque obstacle terrible à nos douces amours ! — C ’ est en vain qu ’ entre nous le monde s ’ interpose .( ) n ne peut séparer le parfum de la rose , Ni l ’ attachement vrai du cœur qui le ressent ; Et plus on le combat plus il devient puissant .— S ' il fallait que jamais tu me fusses ravie ! .",
                  "id": "11",
                  "title": "Les Vaudois des Alpes italiennes, de 1685 à 1694, poème, les premiers chants [par Alexis Muston]"
            },
            {
                  "doc_url": "https://gallica.bnf.fr/ark:/12148/bpt6k940711p",
                  "emotions": [
                        "love",
                        "gratitude"
                  ],
                  "excerpt": "— Quel bonheur de mourir lorsque Ton s ' aime ainsi ! — Ou de vivre plutôt , en s ’ aimant davantage ; De vivre l ' un pour l ' autre , en un calme ermitage .A l ' ombre des rosiers , au parfum des tilleuls , Et , seuls dans l ' univers , de l ' avoir à nous seuls ! — L ' amour est un rayon de l ’ éternelle essence ; Divin , il divinise aussi notre existence .Lorsque Ton n aime pas tout semble inanimé , Et l ’ on n ’ a pas vécu quand on n ’ a pas aimé .",
                  "id": "12",
                  "title": "Les Vaudois des Alpes italiennes, de 1685 à 1694, poème, les premiers chants [par Alexis Muston]"
            },
            {
                  "doc_url": "https://gallica.bnf.fr/ark:/12148/bpt6k9741101p",
                  "emotions": [
                        "admiration",
                        "disgust",
                        "love",
                        "pride",
                        "gratitude",
                        "approval"
                  ],
                  "excerpt": "Ah 1 nulle ne saura pénétrer dans mon âme Aussi profondément que ton inanité ; Peu m ' importe la ligne .impeccable et la femme ! Le Parfum de la Mort me vaut toute Beauté .La caresse est suave où la chair est absente : 0 volupté des doigts impalpables dans l ' air Et des lèvres qui par le néant d ' un éclair Suscitent le frisson obscur de l ' épouvante ! Je t ' ai connue en des existences fatales Et lointaines , où nos deux cœurs fiers et jaloux Impollués parmi les fêtes et les râles , Côte à côte marchaient pareils aux jeunes loups Es - tu l ' Inspiratrice aux pourpres automnales , Ou Celle qui s ' en va riant par les faubourgs , La Sainte qui meurtrit son grand front sur les dalles , La Mère au cœur saignant d ' éternelles amours ? Tu peuples les jardins vagues d ' une aventure De bras nus et de voix chuchotantes d ' espoirs ; Je sens l ' enlacement pur d ' un mystère noir , Par quoi j ' ai devancé l ' existence future .",
                  "id": "13",
                  "title": "Prière : poème (1885-1893) / Jules Bois"
            },
            {
                  "doc_url": "https://gallica.bnf.fr/ark:/12148/bpt6k9741101p",
                  "emotions": [
                        "grief",
                        "fear",
                        "love",
                        "courage",
                        "relief",
                        "gratitude",
                        "calmness",
                        "faith"
                  ],
                  "excerpt": "Tu n ' auras l ' air d ' en haut que si tu romps les murs Et le Péché vaut mieux qu ' un Salut illusoire .LA TÉNÉBREUSE LE POÈTE Je respire la mort en des heures clémentes Oll douce tu remplis ma chambre de ton cœur , Tandis que mon front , qui ne craint plus que tu mentes , Te songe telle que l ' arome d ' une fleur .Ah 1 nulle ne saura pénétrer dans mon âme Aussi profondément que ton inanité ; Peu m ' importe la ligne .",
                  "id": "14",
                  "title": "Prière : poème (1885-1893) / Jules Bois"
            },
            {
                  "doc_url": "https://gallica.bnf.fr/ark:/12148/bpt6k6559487w",
                  "emotions": [
                        "love"
                  ],
                  "excerpt": "Aussitôt l ' heure sonnée , aussitôt la conjuration faite , une céleste harmonie semble descendre du ciel ., puis un nuage de parfum d ' où ne tarde pas à sortir le bien - aimé .Un bien - aimé qui marche , un bien - aimé qui parle , un bien - aimé au grand complet , s ' il vous plaît .",
                  "id": "15",
                  "title": "Le Magasin des familles : journal le plus complet du foyer domestique"
            },
            {
                  "doc_url": "https://gallica.bnf.fr/ark:/12148/bpt6k6559487w",
                  "emotions": [
                        "admiration",
                        "love",
                        "pride",
                        "envy",
                        "faith"
                  ],
                  "excerpt": "Cette sensation inouïe est « plutôt une souffrance qu ' un bonheur ; je sens que je suis malade , mais je ne « veux pas guérir .Quelquefois je me dis que le culte que je vous ai voué est in « sensé , que vous n ' êtes pas supérieure aux autres femmes : alors une voix s ' é « lève dans mon âme , et me dit que les femmes sont des fleurs ; que chacun a ( sa fiçur dont le parfum l ' attire , dont l ' éclat le charme , et que vous êtes la fleur « que j ' aime , que j ' admire sans la comprendre .Tenez , j ' ai tant de foi en vous , que cc cette lettre où ma pensée rapide est venue pour ainsi dire s ' incruster incohé « rente et folle ; que cette lettre que je ne relis pas , que je ne veux pas relire , je « vais la porter chez vous sans crainte , elle ne vous inspirera aucune pitié , aucun « sourire ironique .",
                  "id": "16",
                  "title": "Le Magasin des familles : journal le plus complet du foyer domestique"
            },
            {
                  "doc_url": "https://gallica.bnf.fr/ark:/12148/bpt6k5731839f",
                  "emotions": [
                        "love"
                  ],
                  "excerpt": "Bientôt ce jouet des vents prend un ton plus triste .Ils ne durent guère les printemps amoureux ! A peine s ' ils ont la durée et le parfum d ' une branche de lilas , ou d ' une rose des quatresaisons .Un souffle , un rien , suffisent à froncer ce front couronné du laurier poétique .",
                  "id": "17",
                  "title": "F. Ponsard, 1814-1867... / Jules Janin"
            },
            {
                  "doc_url": "https://gallica.bnf.fr/ark:/12148/bpt6k5793708t",
                  "emotions": [
                        "love"
                  ],
                  "excerpt": "Depuis cette époque la marche est difficile , et on remarque sur l ' articulation fémorotibiale une tumeur offrant de la fluctuation et de la résistance .Cette affection , qui datait de trois années et contre laquelle on avait employé des sangsues , des vésicatoires , des bains et des fomentations aromatiques , fut combattue par l ' usage de l ' Eau prise en boisson , en bains et en douches pendant quarante jours .— Au départ de Bourbonne l ' amélioration était notable , et deux mois plus tard la guérison était complète .",
                  "id": "18",
                  "title": "Les Eaux thermales de Bourbonne-les-Bains (Haute-Marne), par E. Magnin,..."
            },
            {
                  "doc_url": "https://gallica.bnf.fr/ark:/12148/bpt6k54691297",
                  "emotions": [
                        "love",
                        "pride",
                        "greed",
                        "guilt"
                  ],
                  "excerpt": "Élevez votre drapeau , soutenez l ' honneur de votre foi .La pécheresse fut pardonnée parce que son coeur éclata comme un vase trop plein et emplit la maison de parfums .Imitez cet amour , supérieur aux prudences humaines .",
                  "id": "19",
                  "title": "denier du Sacré-Coeur . Extrait de Pierre Blot..."
            },
            {
                  "doc_url": "https://gallica.bnf.fr/ark:/12148/bpt6k54009217",
                  "emotions": [
                        "joy",
                        "love",
                        "nostalgia",
                        "gratitude"
                  ],
                  "excerpt": "60 , - Ce qu ' il avait prédit , je le veux toujours taire ; Oui , je le yeux cacher dans l ' ombre du mystère , Je ne le dirai pas .Mais certe il m ' est permis D ' essayer de tenir ce qu ' il avait promis ! Ainsi , pour terminer , laissez - moi donc , ma mère , Jeter à tout venant une chanson légère ; Et rappelez - vous bien que le Maître des cieux Aux aigles a donné l ' essor audacieux , : Aux rieurs leur doux parfum , à l ' aube sa lumière , A la mer son accent qui sait nous enchanter , Les ailes aux oiseaux , à votre enfant , ma mère , Un coeur pour vous aimer , une âme pour chanter ! Paris 1881 .A UNE AMIE - Vous qui me consolez , écoutez bien ceci .",
                  "id": "20",
                  "title": "Les préludes : les prémices du coeur / Carlos-Rendon"
            }
      ]
}