{
      "articles": [
            {
                  "doc_url": "https://gallica.bnf.fr/ark:/12148/bpt6k54455114",
                  "emotions": [
                        "love"
                  ],
                  "excerpt": "Ces vapeurs , primitivement infectieuses , peuvent acquérir de la virulence sous l ' influence de circonstances diverses , et donner lieu à la variété phlcgmasique ou typhoïde ; l ' identité des typhus et de la dothinentérie repose sur l ' identité de leurs causes , de leurs lésions , de leurs symptômes , de la simultanéité de leur apparition et de leur génération mutuelle .La contagion médiate de l ' affection typhoïde est aussi incontestable que celle du typhus ; l ' odeur sui generis des miasmes dolhinentériques , leur composition azotée , leur instabilité , l ' acrimonie des liquides où ils sont dissous et leurs qualités septiques , nous semblent un fait acquis à la science .En un mot , l ' affection typhoïde se propage par les vapeurs infectieuses et virulentes spécifiques ; telle est l ' étiologie que nous avons essayé de dégager par l ' observation et le raisonnement .",
                  "id": "1",
                  "title": "De la fièvre typhoïde : nouvelles considérations historiques, philosophiques et pratiques sur sa nature, ses causes et son traitement / par le Dr J.-A. Mandon,..."
            },
            {
                  "doc_url": "https://gallica.bnf.fr/ark:/12148/bpt6k9778745x",
                  "emotions": [
                        "love"
                  ],
                  "excerpt": "vulgaris , L .Arbrisseau à te uilles ovales , un peu en cœur à : la base , opposées : fleurs odorantes , lilas ou blanches , en grappes terminales .l .",
                  "id": "2",
                  "title": "Flore utile de la France, d'après le système de Linné modifié par Richard : comprenant la descriptions [sic] de tous les genres et de toutes les espèces de plantes employées en médecine, dans les arts et dans l'économie domestique, avec un dictionnaire des noms vulgaires, mise à la portée de tous... / par l'abbé M.-L.-A. Reymond"
            },
            {
                  "doc_url": "https://gallica.bnf.fr/ark:/12148/bpt6k54526765",
                  "emotions": [
                        "joy",
                        "grief",
                        "sadness",
                        "disgust",
                        "love",
                        "nostalgia"
                  ],
                  "excerpt": "Il parlerait .Son coeur , tout de môme , bail » it éperdument quand elle entra dans le luxueux cabinet où des relents cordiaux de tabac politique se mariaient aux perverses essences des drame3 conjugaux et des divorces chics .Foscoli se leva .",
                  "id": "3",
                  "title": "La tueuse : roman / Gustave Guiches"
            },
            {
                  "doc_url": "https://gallica.bnf.fr/ark:/12148/bpt6k374150d",
                  "emotions": [
                        "grief",
                        "love",
                        "desire",
                        "nostalgia",
                        "gratitude",
                        "disappointment"
                  ],
                  "excerpt": "Les Vacances Quels souvenirs exquis m ' ont laissés les vacances ! L ' ivresse de revoir notre vieille maison , L ' accueil des coeurs aimés , les cris , les jeux , les danses , Le soleil , le grand air , au sortir de prison .L ' étreinte maternelle , au seuil , dès l ' arrivée , Me faisait oublier aussitôt trois longs mois ; Et dans le cher baiser j ' aspirais , retrouvée , Cette odeur du « chez nous » , éveilleuse d ' émois .Et c ' était du bonheur plein notre maison grise .",
                  "id": "4",
                  "title": "Nos mères. Lettre-préface de Mgr Fuzet, archevêque de Rouen / Charles Lemercier"
            },
            {
                  "doc_url": "https://gallica.bnf.fr/ark:/12148/bpt6k64280822",
                  "emotions": [
                        "love",
                        "optimism",
                        "nostalgia"
                  ],
                  "excerpt": "C ' était le jardin de l ' enfant malade , son seul trésor sur cette terre ; il l ' arrosait , la cultivait avec soin et la plaçait toujours de manière à ce qu ' elle ne perdît pas un des rayons de soleil qui pénétraient à travers la lucarne .Aussi la fleur se développait et s ' embellissait avec ses rêves ; elle fleurissait pour lui ; pour lui elle répandait son parfum et prenait des airs coquets .Lorsque le bon Dieu rappela l ' enfant à lui , il s ' inclina vers elle avant de mourir .",
                  "id": "5",
                  "title": "Choix éducatif de lectures, récitations et exercices de grammaire / par M. G.-B. R...."
            },
            {
                  "doc_url": "https://gallica.bnf.fr/ark:/12148/bpt6k5832730x",
                  "emotions": [
                        "love"
                  ],
                  "excerpt": "King me reprocha mes distractions , et nous nous mîmes à chasser .Nous tuâmes d ' abord quelques - unes de ces jelies petites perdrix grises qui sent si rondes et si tendres .Nous abattîmes ensuite six ou sept écureuils gris , dont on fait grand cas dans ce pays ; enfin notre heureuse étoile nous amena au milieu d ' une compagnie de coqs d ' Inde .",
                  "id": "6",
                  "title": "Le Panthéon populaire illustré. 6e série, livraisons 101-105, Physiologie du goût / par Brillat-Savarin... ; illustrations nouvelles par Bertall ; [avec une notice sur l'auteur par Émile de Labédollière]"
            },
            {
                  "doc_url": "https://gallica.bnf.fr/ark:/12148/bpt6k9757861h",
                  "emotions": [
                        "love"
                  ],
                  "excerpt": "Causes de l ' odorat diminué , ou aboli .affections paralitiques , ou quand les esprits sont agitez par un mouvement trop rapide & trop impétueux , comme il arrive dans les mouvemens épileptiques ; en cet état ils ne peuvent recevoir les impressions des objets , & l ' odorat est par con - sequens aboli .2 .",
                  "id": "7",
                  "title": "L'Anatomie du corps humain avec ses maladies. Tome 1 / . Par le Sr. de Saint-Hilaire. 3e édition..."
            },
            {
                  "doc_url": "https://gallica.bnf.fr/ark:/12148/bpt6k1302253",
                  "emotions": [
                        "love"
                  ],
                  "excerpt": "« Il ne s ' agit que d ' amour dans tes vers .On y respire une odeur spermatique , Et c ' est toujours quelque songe érotique Qui fait le fond de tes tableaux divers .» Si , me disait un ami non sans flair , Mais aux concepts rien moins que poétiques : « Il ne s ' agit que d ' amour dans tes vers , On y respire une odeur spermatique » ; Je répondis : Oui , c ' est cela , mou cher , Qu ' avec Zénon j ' erre sous le Portique Ou qu ' au Carrare , aux marbres de l ' Attique , Pour l ' exalter je compare la chair , Il ne s ' agit que d ' amour dans mes vers .",
                  "id": "8",
                  "title": "Nouveaux rondels païens, 1907-1908 : rondels lyriques, rondels plastiques / Ferdinand Lovio"
            },
            {
                  "doc_url": "https://gallica.bnf.fr/ark:/12148/bpt6k57059967",
                  "emotions": [
                        "love",
                        "excitement"
                  ],
                  "excerpt": "Chacun accepte , et s ' installe dans son brec qui apparaît comme par enchantement .La Voiture roule , rapide , soulevant une poussière dorée ; un doux parfum d ' amande s ' exhale des poiriers en fleurs ; la campagne a revêtu sa robe blanche de mariée , et de mariée heureuse ! On arrive au cottage , on se promène , on se disperse ; les deux fiancés se trouvent seuls au détour d ' une allée , tête - à - tête ménagé sans doute par M .Daulnay pour per - LE CONTRAT .",
                  "id": "9",
                  "title": "Madame Hilaire : précédé d'une Réponse à L'Amour de M. Michelet (2e édition) / par Mme Louise Vallory"
            },
            {
                  "doc_url": "https://gallica.bnf.fr/ark:/12148/bpt6k61522464",
                  "emotions": [
                        "grief",
                        "love",
                        "desire",
                        "nostalgia"
                  ],
                  "excerpt": "- Des acclamations prolongées nous suivirent long - temps de la part des Luniens , restant dans leur atmosphère , pendant que nous pénétrions dans celle de la terre .La terre ! Il me semblait que déjà j ' en aspirais les émanations aimées .Je pensais à ma mère .",
                  "id": "10",
                  "title": "Aventures d'un aéronaute parisien dans les mondes inconnus... par Alfred Driou,..."
            },
            {
                  "doc_url": "https://gallica.bnf.fr/ark:/12148/bpt6k5734025k",
                  "emotions": [
                        "love",
                        "nostalgia"
                  ],
                  "excerpt": ".Adieu le reste de la terre i La douceur de cette sensation pénétrait ses désirs d ' autrefois , et , comme les grains de Sablé sous un coup de vent , ils tourbillonnaient dans la bouffée subtile du parfum ..",
                  "id": "11",
                  "title": "Revue des livres nouveaux : anciennement Lettres aux châteaux"
            },
            {
                  "doc_url": "https://gallica.bnf.fr/ark:/12148/bpt6k6112392m",
                  "emotions": [
                        "joy",
                        "fear",
                        "love",
                        "nostalgia"
                  ],
                  "excerpt": ".Sens la chaleur Qui vers mon corps vient de mon coeur , La nuit qui glisse est odorante .Qui prétend qu ' on crie et qu ' on meurt ? 52 STROPHES D ACIER Ma lèvre est la rose d ' automne Qui s ' empourpre au soir enflammé , Rose ardente que je te donne , Fleur dont toujours le coeur s ' étonne .",
                  "id": "12",
                  "title": "Strophes d'acier (1914-1916) / Maurice Allou"
            },
            {
                  "doc_url": "https://gallica.bnf.fr/ark:/12148/bpt6k935907c",
                  "emotions": [
                        "love"
                  ],
                  "excerpt": "On ne lui passa rien , ni un point , ni une virgule , • : : C ix — 3 Il 34 LE RÊVE DE MICHELINE Pierre , ravi de sentir si près de lui son aimée , buvait avec délices ces paroles coulant des chères lèvres empourprées et humides comme une fleur très rouge emperlée de rosée .— Et puis , ce n ’ est pas tout reprenait Micheline et puis ce n ’ est pas tout , découvrait l ’ amoureux , dans ce buste exquis de l ’ adorable jeune fille , si fleuri de détails qu ’ il en perdait presque la raison , grisé aussi par l ’ odeur troublante de cette brune énervée , surchauffée par l ’ ardeur de ses discours .— Et ce portrait , cher Monsieur , signé devinez de quel nom ? de Paul Charvex , votre vieux maître .",
                  "id": "13",
                  "title": "Le rêve de Micheline / par Abel de Miray"
            },
            {
                  "doc_url": "https://gallica.bnf.fr/ark:/12148/bpt6k889215w",
                  "emotions": [
                        "love",
                        "nostalgia",
                        "gratitude"
                  ],
                  "excerpt": "En entrant chaque jour dans la pièce fleurie .Où je viens un moment follement me griser , J ’ éprouve auprès de vous la caresse chérie De leurs folles odeurs , sans pouvoir préciser De quelle source ardente a surgi ce beau rêve , J ’ emporte dans mes yeux leur coloris très doux Et je m ’ endors , le soir , lorsque le jour s ’ achève , Sans avoir séparé le .ur souvenir de vous .",
                  "id": "14",
                  "title": "Revue mensuelle d'éducation esthétique mutuelle entre les conservatoires, les écoles des beaux-arts et les universités / C.M.D.I., Cercle musical & dramatique indépendant"
            },
            {
                  "doc_url": "https://gallica.bnf.fr/ark:/12148/bpt6k3255110q",
                  "emotions": [
                        "love",
                        "nostalgia",
                        "gratitude"
                  ],
                  "excerpt": "\" Peut - être retrouverait - on , plus que dans ma • phrase ou dans celle d ’ un autre , un reflet de tout ceci dans les couleurs ou les dessins de fleurs chinois .C ’ était comme une immense odeur de rose tiède , qui , en même temps serai t * un baiser .Une tendresse immense , une bonté exubérante et douçe , un désir Infini de bien m ’ en - trainait comme sur les ondes transpat entes d ' un grand fleuve : chaque aiouvcment de mon esprit créait ; je voyais mes pensées devenir choses , parler , me toucher .",
                  "id": "15",
                  "title": "L'Avenir : journal de la Guadeloupe absolument indépendant"
            },
            {
                  "doc_url": "https://gallica.bnf.fr/ark:/12148/bpt6k5504328j",
                  "emotions": [
                        "surprise",
                        "love",
                        "nostalgia",
                        "faith"
                  ],
                  "excerpt": "170 Vous jugiez mes travaux , querelliez ma paresse ; Et toujours sur mon front pendait une caresse .Souvent mon coeur , saisi d ' un prophétique émoi , Me révélait quelqu ' un debout derrière moi ; Puis , sur mes yeux tombait une main enfantine ; Puis , entre deux baisers , on me disait : Devine ! Je devinais toujours ! des parfums inconnus Annonçaient aux païens l ' invisible Vénus .Ainsi , quand un nuage à mes yeux vous dérobe , De vos cheveux bouclés , des plis de votre robe , Je ne sais quel parfum d ' une exquise douceur Se répand et m ' enivre , et vous trahit , ma soeur ! Aussi , j ' ai bien souvent frémi d ' un doute étrange , Et les yeux sur vos yeux dit : « Est - ce pas un ange ? « Pendant que je suivais là - bas un paladin , « Le deuil sur la maison est - il tombé soudain ? « Derrière moi , sans bruit , la vieille Alix a - t - elle « Dans un linceul furtif cousu ma soeur mortelle ? « Et , pour tromper mon coeur , cet ange au front si beau < > Daigna - t - il emprunter un nom sur un tombeau ? » Des bienfaits prodigués par votre amour céleste , Dût cet amour s ' éteindre , un souvenir me reste , Et ce long souvenir est encore un bienfait ; Oui , ce que vous faisiez , votre image le fait : Par le méchant qui règne et le sot qui prospère Coudoyé , si je pleure et si je désespère , Elle est là : son souris me défend de pleurer ; Son oeil ardent de foi m ' ordonne d ' espérer .",
                  "id": "16",
                  "title": "Le myosotis (Nouvelle édition précédée d'une notice biographique) / Hégésippe Moreau"
            },
            {
                  "doc_url": "https://gallica.bnf.fr/ark:/12148/bpt6k97351341",
                  "emotions": [
                        "love",
                        "nostalgia",
                        "relief",
                        "gratitude"
                  ],
                  "excerpt": "On t ' appelle là - bas , sous les chênes .Écoute Tous les chants , tous les cris d ' amour , toutes les voix : Prends ce chemin désert ; l ' herbe douce t ' invite A rendre le repos à tes membres lassés ; Comment voudrais - tu fuir ? tes pieds sont enlacés ; Dans le bois enchanteur pourquoi marcher si vite ! Sur ton front les rameaux font un ombrage épais ; Le ruisseau jase près du lit où tu reposes ; Dans l ' air monte un parfum ineffable de roses ; C ' est le calme et l ' oubli , c ' est l ' ivresse et la paix .Si tu perçois des bruits mystérieux , prends garde De quitter l ' abri sûr où nul ne peut te voir ! N ' as - tu jamais appris que lorsque vient le soir Un essaim de beautés divines se hasarde Jusqu ' au ruisseau jaseur où vient boire l ' oiseau , Épiant les taillis pleins d ' embûches trompeuses , Prêtes à fuir toujours , farouches et peureuses , Craignant l ' homme comme un pinson craint le réseau ? Mais les vois - tu , là - bas , sous un rayon de flamme ? .",
                  "id": "17",
                  "title": "Chansons et poésies de Camille Roy, illustrées par ses amis : chansons pour tout le monde"
            },
            {
                  "doc_url": "https://gallica.bnf.fr/ark:/12148/bpt6k9624627s",
                  "emotions": [
                        "love",
                        "desire",
                        "nostalgia",
                        "excitement",
                        "envy"
                  ],
                  "excerpt": "Et souvent , à la .chaleur de ses baisers , Baldassare sentait se ranimer en lui le désir passionné de cette bouche ardente , de ces veux sombres , de cette chevelure , aux ondes odorantes , de tout ce corps majestueux qui souhaitait sans cesse lui appartenir .Un jour de ce même printemps , Baldassare achevait le grêle dessin des mains jointes de l ' ange de droite , quand il vit - entrer dans son atelier la Pia et son enfant .",
                  "id": "18",
                  "title": "Le pas relevé : (contes et nouvelles) / Marcel Prévost ; illustrations d'après les aquarelles de L.-Ed. Fournier"
            },
            {
                  "doc_url": "https://gallica.bnf.fr/ark:/12148/bpt6k5461170x",
                  "emotions": [
                        "love"
                  ],
                  "excerpt": "On peut , quand on savoure un vin délicieux , Du cristal qui l ' épanché oublier la merveille : On peut , quand on admire une pomme vermeille , Ne plus songer à la corbeille ; Du chant dont on retient l ' accord mélodieux On peut oublier la parole ; Ainsi , d ' une charmante fleur Je pouvais laisser la corolle : Pour l ' emporter au fond du coeur .J ' avais de son parfum recueilli la douceur .' 224 : A .",
                  "id": "19",
                  "title": "Varia. Sourire, aimer, penser, poésies nouvelles, par Jules Canonge"
            },
            {
                  "doc_url": "https://gallica.bnf.fr/ark:/12148/bpt6k351769",
                  "emotions": [
                        "admiration",
                        "love",
                        "pride",
                        "gratitude"
                  ],
                  "excerpt": "Sa caresse m ' apprend jusqu ' où va ma beauté Elle éclot radieuse avec la volupté Tu ne me renvoyais que de froides images .Je la sens , j ' en jouis dans ses brûlants hommages Un parfum qu ' acquerrait une inodore fleur , Voilà ce que l ' amour a fait pour sa valeur Elle va s ' asseoir , sur un sofa , en face du miroir qu ' elle consulte de l ' œil de temps en temps .Oui , tout se résumait vaguement dans l ' idée , Avant que cette forme eût été possédée , Qu ' elle était séduisante et plaisait au regard , Mais je ne savais rien de plus à cet égard , Sinon qu ' il est très doux le renom de jolie ; Qu ' au théâtre , en tous lieux , on se trouve accueillie D ' un murmure flatteur ; qu ' on est un orneœent ; Que l ' existence ainsi n ' est pas sans agrément Voilà tout mes attraits me disaient peu de chose , Et j ' ignorais de quoi , pour l ' amant , se compose Cette admiration d ' où nait la volupté ; Car il faut les baisers pour sentir la beauté Elle jette son petit pié en avant Oui , j ' ai le pié petit avec la jambe fine .",
                  "id": "20",
                  "title": "Poésies de Louis Franc. L'herbier"
            }
      ]
}