{
      "articles": [
            {
                  "doc_url": "https://gallica.bnf.fr/ark:/12148/bpt6k9638450v",
                  "emotions": [
                        "joy",
                        "grief",
                        "love",
                        "nostalgia",
                        "gratitude",
                        "disappointment"
                  ],
                  "excerpt": "Lecteurs , souvenons - nous des Feuilles d ' automne et des Chants du Crépuscule .Puisque j ' ai mis ma lèvre à ta coupe encor pleine , Puisque j ' ai dans tes mains posé mon front pâli , Puisque j ' ai respiré parfois la douce haleine De ton âme , parfum dans l ' ombre enseveli ..",
                  "id": "1",
                  "title": "Médaillons de poètes, 1800-1900 : la génération romantique, la génération parnassienne, la génération contemporaine / Emile Trolliet"
            },
            {
                  "doc_url": "https://gallica.bnf.fr/ark:/12148/bpt6k9638450v",
                  "emotions": [
                        "grief",
                        "love",
                        "nostalgia",
                        "caring",
                        "indifference"
                  ],
                  "excerpt": "Et comment le novice est devenu un artiste , il suffit de s ' en rendre compte en lisant dans Y Ame nue les deux premières strophes ainsi transformées : — Je t ' aime ; et l ' on a ri d ' entendre nos sanglots : Mais ainsi qu ' un lotus descend sur l ' eau qui coule , Je suivrai mon destin , le cœur et les yeux clos .Si tu m ' aimes un peu , que m ' importe la foule ? — Je t ' aime ; et j ' ai perdu ton sourire et ta voix : Mais comme des parfums vers un Dieu qu ' on encense , J ' élève mes regards aux astres que tu vois .Si tu m ' aimes toujours , que m ' importe l ' absence ? On voit que les formes impersonnelles ont été remplacées par des images neuves , rares , peutêtre trop rares , et ce goût de la rareté tournera parfois chez Haraucourt à la prétention , et fera regretter à travers toutes ses poésies je ne sais quelle simplicité franche et communicative .",
                  "id": "2",
                  "title": "Médaillons de poètes, 1800-1900 : la génération romantique, la génération parnassienne, la génération contemporaine / Emile Trolliet"
            },
            {
                  "doc_url": "https://gallica.bnf.fr/ark:/12148/bpt6k9638450v",
                  "emotions": [
                        "love",
                        "calmness"
                  ],
                  "excerpt": "Ta respectable bedaine , Semble celle d ' un gourmet .Ta chair a comme un fumet D ' amourette et de fredaine ..",
                  "id": "3",
                  "title": "Médaillons de poètes, 1800-1900 : la génération romantique, la génération parnassienne, la génération contemporaine / Emile Trolliet"
            },
            {
                  "doc_url": "https://gallica.bnf.fr/ark:/12148/bpt6k55409843",
                  "emotions": [
                        "love"
                  ],
                  "excerpt": "Mes yeux furent charmés et mon coeur se donna pour toujours ! Je la voyais presque tous les jours au même endroit ; je lui parlais de ma tendresse , elle m ' écoutait ; je lui en reparlais encore et elle m ' écoutait avec un nouveau plaisir .Je pressais sa main sur mon coeur ; mes lèvres effleuraient quelquefois ses lèvres de rose ; je respirais son haleine parfumée .PARNY .",
                  "id": "4",
                  "title": "Le corridor du Puits de l'ermite : contes de Sainte-Pélagie / par Adolphe Choquart et Georges Guénot"
            },
            {
                  "doc_url": "https://gallica.bnf.fr/ark:/12148/bpt6k9762599n",
                  "emotions": [
                        "admiration",
                        "joy",
                        "love",
                        "gratitude",
                        "caring"
                  ],
                  "excerpt": "Grâces à la divine providence ; voilà vos sacrees personnes au bas de la montagne * Allons , il faut marcher maintenant d ' un pas ferme .La cour de Turin vous tend les bras : on y respire _ ! te odeur de dévotion qui sent le baume , il faut qu ' elle ait bien de la vertu p cette odeur : elle a pasle jusqu ' à votje cher neveu » M .d ' Artois .",
                  "id": "5",
                  "title": "Lettre bougrement patriotique de la Mere Duchêne ..."
            },
            {
                  "doc_url": "https://gallica.bnf.fr/ark:/12148/bpt6k58125528",
                  "emotions": [
                        "love"
                  ],
                  "excerpt": "D Ans les boîtes qm ontplusieurs étages on met difscrci .tes odeurs le plus souvent fans mélange , par exempel , dans l ' un on y met du Bau - des Patfums .ue Baume du Pérou , dans un autre de lá Civette avec du cotton , ; dáns un autre dé fesséáce ' ou de Girofle ou de Cáhéllc avec du cóttoh , ainsi d ' ¬ autres parfums suivant qu ' on les aime .",
                  "id": "6",
                  "title": "Le Parfumeur françois, qui enseigne toutes les manières de tirer les odeurs des fleurs et à faire toutes sortes de compositions de parfums... par le Sr Barbe, parfumeur"
            },
            {
                  "doc_url": "https://gallica.bnf.fr/ark:/12148/bpt6k57242465",
                  "emotions": [
                        "joy",
                        "love",
                        "optimism",
                        "nostalgia",
                        "relief",
                        "disappointment"
                  ],
                  "excerpt": "Les pleurs coulent brûlants sur les pieds de son Maître .Mais un écho soudain , une senteur des bois Font renaître aussitôt les bonheurs d ' autrefois ! ..",
                  "id": "7",
                  "title": "Jésus et Magdeleine : poëme / par Mme Jenny Touzin"
            },
            {
                  "doc_url": "https://gallica.bnf.fr/ark:/12148/bpt6k57242465",
                  "emotions": [
                        "love",
                        "nostalgia",
                        "envy",
                        "faith",
                        "guilt"
                  ],
                  "excerpt": ".Parfois aussi , parfois , la pécheresse ardente Reparaissait , hardie en sa grâce enivrante ; Vers sa riche maison du bourg de Magdala , Elle emportait son beau Nazaréen , et là , Reprenant pour Lui seul la sindonc romaine , Retrouvant ses parfums , sa langueur syrienne , Esclave souveraine , en cet air embaumé Elle offrait ses soupirs au divin Bieu - aimé .Qui sait ! peut - être aussi tout cet encens profane Que brûlait devant lui la belle courtisane Du Maître , un jour , un seul , enivra - t - il le coeur ! Qui sait ? .",
                  "id": "8",
                  "title": "Jésus et Magdeleine : poëme / par Mme Jenny Touzin"
            },
            {
                  "doc_url": "https://gallica.bnf.fr/ark:/12148/bpt6k54877r",
                  "emotions": [
                        "love",
                        "nostalgia",
                        "gratitude"
                  ],
                  "excerpt": "Et ce cœur brisé qui souffre en silence Est pareil au tien , Mère - des - Dou ! eurs Sur le ! in rougeatre , auteur de la lance , 11 saigne des pleurs , Des pleurs éperdus qui , par sept blessures , Coulent dans la nuit désespérément , Sans qu ' aucun baiser mêle à leur morsure Son enivrement .ËM & RAMMtS ÉPtGRAMMES Je te donne ces tleurs , où j ' ai mis un baiser Aussi fervent que mon amour , pour les poser Entre tes seins de fraise ainsi que dans un vase , Afin que , cette nuit , à l ' heure de l ' extase , Quand , sur les longs divans qui moulent ton beau corps , Tes voiles tomberont comme de vains décors , Je sente se mêter en des apothéoses Le parfum de ta chair et le parfum des roses .Il t Puisque , pour égayer tes savantes paresses , Tu livres ton beau corps à mes longues caresses Et que , sur les coussins embaumés et soyeux , A resplendi l ' orgueil de ton flanc glorieux , Laisse , reine d ' amour , sur tes blancheurs de cygne , Ramper de lourds baisers qui , pareils à la vigne , Te couvriront si bien d âpres enlacements , Que tu verras tes bras avec tes seins charmants Se convulser sous les étreintes savoureuses Et frissonner longtemps nos lèvres amoureuses .",
                  "id": "9",
                  "title": "Poèmes élégiaques / Laurent Tailhade"
            },
            {
                  "doc_url": "https://gallica.bnf.fr/ark:/12148/bpt6k54877r",
                  "emotions": [
                        "love",
                        "gratitude",
                        "faith"
                  ],
                  "excerpt": "Vases mynhins ! trcptcds de Cumes ou d ' Endor ! Maître - autc ! qu ' ont fleuri les roses de matines ! t Coupe lustrale des ivresses libertines , Vos veux sont un ciel calme où le désir s ' endort .Des lis des lis des lis Oh 1 pâleurs inhumaines 1 Lin des étolcs chœur des froids catéchumènes 1 Inviolable hostie offerte à nos espoirs 1 Mon amour devant toi se prosterne et t ' admire , Et s ' exhale , avec la vapeur des encensoirs , Dans un parfum de nard , de cinname et de myrrhe t Comme un moine amoureux de la sainte qu ' il prie , Je t ' ai fait un autel en mon cœur attristé Où , parmi les encens , resplendit ta beauté Sous un dais de lampas chargé d ' orfèvrerie .Madone j ' ai cueilli tes Heurs de mon été , Lis fauves du désir , roses d ' idolâtrie , Et leur haleine fugitive se marie Aux stériles parfums de ta virginité .",
                  "id": "10",
                  "title": "Poèmes élégiaques / Laurent Tailhade"
            },
            {
                  "doc_url": "https://gallica.bnf.fr/ark:/12148/bpt6k54877r",
                  "emotions": [
                        "joy",
                        "love",
                        "nostalgia",
                        "amusement"
                  ],
                  "excerpt": "SONNET Bien que je sois brisé comme sont les frelatés Qu ' emporte l ' Océan sur les récifs houleux , J ' ai gardé le trésor do mes beaux rêves bleus En des coffrets ornes de perles et d ' agates .Je remonte parfois le fleuve nébuleux De l ' enfance , bordé de tlores délicates , Et je revois passer les robes écartâtes Des Anges disparus dans les ciels fabuieuxt 10 Les jardins sont remplis de valseuses pâmées , Les roses dans le vin se meurent , parfumées , Les baisers ont une aile et passent en riant A travers les bosquets montent des sons de lyre , Tandis que sur la fête éprise de délire L ' étoile Poésie éclot à l ' orient .POEttM ELEGtACUKS SONNET t MttM ét ~ GtACUM Déjà sur mes cheveux les neiges automnales Ont posé la pâleur des suprêmes adieux ; Les anges ont rouvert leurs ailes sidérales .",
                  "id": "11",
                  "title": "Poèmes élégiaques / Laurent Tailhade"
            },
            {
                  "doc_url": "https://gallica.bnf.fr/ark:/12148/bpt6k9676620w",
                  "emotions": [
                        "grief",
                        "sadness",
                        "love",
                        "nostalgia"
                  ],
                  "excerpt": "AOeibert rte Chamisso , L ' Allemagne , aussi bien que la France , est maintenant assourdie par une légion de poètes lyriques dont la voix ne laisse pas toujours échapper les notes les plus mélodieuses .Ici , quelque jeune amant des vieilles gloires nationales fait retentir dans ses vers la cloche de l ' ermitage ou le beffroi des tours délaissées ; un autre cherche à reproduire les secrètes harmonies de la nature , à dérober au vent ses airs plaintifs , au geai son cri retentissant , au bord des sources limpides leurs fleurs et leurs parfums ; les derniers , moins nombreux , moins applaudis , sondent le gouffre moral , et traversent d ' une aile inquiète les limbes de la pensée .Malheureusement leurs forces n ' égalent pas toujours leur ambition ; la plupart n ' atteignent point le rivage , et comme des oiseaux de mer imprudemment lancés vers une île lointaine , expirent de lassitude dans les eaux qu ' ils voulaient franchir .",
                  "id": "12",
                  "title": "Études sur l'Allemagne, renfermant une histoire de la peinture allemande. Tome 1 / par Alfred Michiels"
            },
            {
                  "doc_url": "https://gallica.bnf.fr/ark:/12148/bpt6k5831223r",
                  "emotions": [
                        "love",
                        "nostalgia"
                  ],
                  "excerpt": "Et lorsque s ' élevait le chant argentin des nonnes , il croyait distinguer dans les choeurs une chère et douce voix .C ' est ainsi que , semblable à l ' abeille qui suce l ' âme odorante des fleurs , le héros savourait sa tristesse , jusqu ' à ce qu ' enfin l ' amour brisât , dans cette poitrine de fer , ce tendre coeur .La trace de Charlemagne et de ses preux se retrouve , sous des formes et à des endroits bien divers , le long du Rhin , mais naturellement en plus grand nombre dans les parties du fleuve les plus rapprochées d ' Aix - laChapelle et dans l ' Odenwald .",
                  "id": "13",
                  "title": "Poètes contemporains en Allemagne / par N. Martin"
            },
            {
                  "doc_url": "https://gallica.bnf.fr/ark:/12148/bpt6k5831223r",
                  "emotions": [
                        "love",
                        "desire",
                        "pride",
                        "approval"
                  ],
                  "excerpt": "Je connais deux soeurs , deux charmantes soeurs , Qui , matin et soir , sous de frais ombrages , Exercent leurs doigts à de fins ouvrages .La rose idéale embaume leurs coeurs .La mère est auprès : on dirait trois soeurs , A les voir de loin sous ces frais ombrages ; Et si quelquefois chôment leurs ouvrages , Leur main se repose en cueillant des fleurs .",
                  "id": "14",
                  "title": "Poètes contemporains en Allemagne / par N. Martin"
            },
            {
                  "doc_url": "https://gallica.bnf.fr/ark:/12148/bpt6k5427944z",
                  "emotions": [
                        "admiration",
                        "love",
                        "pride",
                        "gratitude",
                        "approval",
                        "faith"
                  ],
                  "excerpt": "Vous obtiendrez par elle , en désertant la table , Un esprit plus ouvert , un sang - froid plus aimable ; Bientôt , mieux disposé par ses puissants effets , Vous pourrez vous asseoir à de nouveaux banquets .Elle est du dieu des vers honorée et chérie ; On dit que du poète elle sert le génie , Que plus d ' un froid rimeur , quelquefois réchauffé , A dû de meilleurs vers au parfum du café .Il peut du philosophe égayer les systèmes , Rendre aimables , badins , les géomètres mêmes ; Par lui l ' homme d ' État , dispos après dîner , Forme l ' heureux projet de nous mieux gouverner ; Il peut , de l ' astronome éclaircissant la vue , L ' aider à retrouver son étoile perdue ; Au nouvelliste enfin il révèle parfois Les intrigues des cours et les secrets des rois , L ' aide à rêver la paix , l ' armistice , la guerre , El lui fait pour six sous bouleverser la terre 4 .",
                  "id": "15",
                  "title": "Morceaux choisis des classiques français, (XVIe, XVIIe, XVIIIe et XIXe siècles) à l'usage des classes de sixième, cinquième et quatrième, par F.-L. Marcou,... Poètes... 4e édition"
            },
            {
                  "doc_url": "https://gallica.bnf.fr/ark:/12148/bpt6k1185303f",
                  "emotions": [
                        "love"
                  ],
                  "excerpt": "En vous aidant du secours des sciences acquises , vous y puiserez les lumières qui doivent éclairer votre art et le rendre plus productif .Les miasmes qui s ’ échapperaient des matières du fumier en fermentation putride se mêleraient à l ’ air que respirent les animaux et les prédisposeraient à beaucoup d ’ affections .Il faut que la couche des animaux soit surélevée de quelques centimètres et légèrement en pente pour l ’ écoulement du purin dans une petite rigole et de là dans une fosse bâtie sous un appentis , à côté du tas de fumier .",
                  "id": "16",
                  "title": "Lettres agricoles d'un instituteur à un de ses anciens élèves, par S. Effren,..."
            },
            {
                  "doc_url": "https://gallica.bnf.fr/ark:/12148/bpt6k68691x",
                  "emotions": [
                        "love",
                        "optimism",
                        "doubt",
                        "disappointment"
                  ],
                  "excerpt": "reeonquérir , tout prix < Que ; d ' années perdueSt quis auraient et6 si doHceSj ! MaM .U ne faUaittSongaM qu ' à ~ ~ avenir at beau Sophons ~ mpara - disait en ~ e rêw des détioes proehainM ~ se demandait sit elle ne devietn ~ ttitt pas ! foUe de ravissement , à l ' heure où l ' unique ' chérie lui rehdt ' & ittQ - parfum pas oublié deseslëwes ~ Tandis - que Hombre montait , rampant entre les bruyères ) grimpajattaux .arbres comme pour aller .",
                  "id": "17",
                  "title": "Méphistophéla : roman contemporain / par Catulle Mendès"
            },
            {
                  "doc_url": "https://gallica.bnf.fr/ark:/12148/bpt6k68691x",
                  "emotions": [
                        "love"
                  ],
                  "excerpt": "vida pour la quatrième fois , d ' un effort , le grand verre .Et voici que , au Milieu des odeurs de viandes et de chairs , parmi le furieux éclat des lampes et des torchëres qui moiraient d ' or et de nammes les faces , les épaules ; les gorges , dans l ' ardent tumulte de ce troupeau de nlles , dont les baisers sonnaient impudemnïent , la baronne Sophord ' HermeHnge vit s ' édifier la chimère d ' u ~ délicieux et formidable sabbat ou la multitude de § belles sorcières et des possédées dit la : messe blasphématrice du viril amour .Le gpamd h & U avec ses colonnes de marbre noir , se prolongeait comme un templeilluminé poup quelque gIcnctScc ~ pê ~ monte au fond , l ' exhaussement d ' un dressoir chargé d ' orfévr eries et de chandeliers d ' argent imitait un radieux autel .",
                  "id": "18",
                  "title": "Méphistophéla : roman contemporain / par Catulle Mendès"
            },
            {
                  "doc_url": "https://gallica.bnf.fr/ark:/12148/bpt6k5679765x",
                  "emotions": [
                        "love"
                  ],
                  "excerpt": "( repre \" sente , aux , yeux dé lespritj auquel .doit estremisbientpst son corps par ses plus chéris , à fin dìestre mangé des , vers , 8c depeurqi ^ e pat fa puanteur iliinfecterair , Cequelesainct lob reconnoilsoit fort bien ; disant Î f ay dit à la pourriture , Tu es montre & ■ w mrt ' .■ .",
                  "id": "19",
                  "title": "Les exercices spirituels de S. Ignace de Loyola ... Traduits du latin en françois, par un Père de la mesme Compagnie"
            },
            {
                  "doc_url": "https://gallica.bnf.fr/ark:/12148/bpt6k5679765x",
                  "emotions": [
                        "love",
                        "caring"
                  ],
                  "excerpt": "Portant avec elle une boette d ' albastre pleine de parfum .Secondement , Estant debout derrière , elle commen a à arroser les pieds de IESUS - CHRIST defeslarmes , & à les essuyer de ses cheveux , à les baiser , & à les parfumer .Ttosiépaement , Le Pharisien l ' ayant blasmée , JÉSUS - CHRIST là dèfëndit , & dit .",
                  "id": "20",
                  "title": "Les exercices spirituels de S. Ignace de Loyola ... Traduits du latin en françois, par un Père de la mesme Compagnie"
            }
      ]
}