{
      "articles": [
            {
                  "doc_url": "https://gallica.bnf.fr/ark:/12148/bpt6k58357103",
                  "emotions": [
                        "grief",
                        "love",
                        "desire",
                        "nostalgia",
                        "pain"
                  ],
                  "excerpt": "Parfois entre deux monts farouches , nous voyons Apparaître un instant une plaine fertile , Un lac de frondaisons épaisses dont une île De palais bruns , de toits rouges , de sombres tours Domine au loin les flots .Je veux passer des jours Entiers , à Te conter d ' une façon complète , Tout ce que j ' ai souffert dans l ' ombre violette D ' un soir d ' Août ; assis dans le Généralif , Sur un vieux banc de marbre jaune , au pied d ' un if Séculaire ; songeant à Toi , ma bien aimée , Songeant à Toi dans l ' ombre claire et parfumée , Où chantaient les jets d ' eau des sultanes .Si seul ! Si seul ! Si glacé ! Tel qu ' un mort dans son linceulI Soir terrible et maudit ! Je Te croyais perdue A jamais ! Écrasé d ' une angoisse éperdue Je T ' appelais , je T ' appelais du fond du coeur , Et sous mes pieds , farouche , et sinistre , et moqueur , L ' Albaycin , vomissant sa vile populace , # De ses fandangos fous , blessait mon âme lasse .",
                  "id": "1",
                  "title": "Les rhapsodies passionnées / Cte Du Bois"
            },
            {
                  "doc_url": "https://gallica.bnf.fr/ark:/12148/bpt6k1416027x",
                  "emotions": [
                        "love",
                        "gratitude"
                  ],
                  "excerpt": "Le lendemain , Louise et Jean se hâtèrent d ’ achever , elle ses broderies , lui ses copies ; et le soir ils récoltèrent de l ’ argent .Ils dînèrent mieux cette fois , car ils eurent du dessert : des baisers ! Paul Pourot A PAULINE Va , pour que je te trouve belle , Tu n ’ as besoin ni du velours , Ni du jais , ni de la dentelle Que l ’ or ou l ’ argent rendent lourds , 11 suffit de m ’ ouvrir ta lèvre Pour que j ’ arrive à me griser De tous les parfums que la fièvre Met dans ton rouge et long baiser .Pour que je te trouve charmante , II n ' est pas besoin que ton cœur Me parle beaucoup et me mente En me proclamant ton vainqueur .",
                  "id": "2",
                  "title": "L'Auberge des Adrets : journal paraissant le samedi"
            },
            {
                  "doc_url": "https://gallica.bnf.fr/ark:/12148/bpt6k123973t",
                  "emotions": [
                        "love",
                        "nostalgia"
                  ],
                  "excerpt": "plein d ' énergie , de foi , de verve et de grâce touchante , mérite d ' être lu et relu .Il charmera à la fois les cœurs tendres et les penseurs , car , à côté de pages empreintes d ' une précoce virilité , on en trouve un grand nombre qui sont toutes parfumées de fantaisie souriante , de jeunesse et d ' amour .Les ( 1 ) Un ^ beau volume in - 8 .",
                  "id": "3",
                  "title": "Journal pour toutes : paraissant le samedi, à Paris, et consacré aux intêrets féminins / directrice Eugénie Niboyet"
            },
            {
                  "doc_url": "https://gallica.bnf.fr/ark:/12148/bpt6k123973t",
                  "emotions": [
                        "love",
                        "pride",
                        "caring"
                  ],
                  "excerpt": "Tu ne te pareras pas d ' étonës brillantes , mais la tunique de lin niée par tes mains laborieuses te fera plus charmante .Je ne te donnerai ni diamant limpide ni perle fine , mais je parfumerai pour toi la fleur des bois et tu en orneras ton sein ou tu en couronneras ton front avec un plaisir toujours nouveau .Je ne t ' indiquerai pas l ' herbe de la vengeance , mais je te dirai pardonne pour être aimée .",
                  "id": "4",
                  "title": "Journal pour toutes : paraissant le samedi, à Paris, et consacré aux intêrets féminins / directrice Eugénie Niboyet"
            },
            {
                  "doc_url": "https://gallica.bnf.fr/ark:/12148/bpt6k123973t",
                  "emotions": [
                        "love",
                        "gratitude"
                  ],
                  "excerpt": "Anna Pdéjac .POÉSIE Doucement , doucement , dans l ' ombre fleurissez , Fleurs de l ' amour pudique , ô violettes pâle t Un soleil trop ardent brûlerait vos pétales , Et vos parfums , helas seraient vite épuisés .Doucement , doucement , dans l ' ombre fleurissez .",
                  "id": "5",
                  "title": "Journal pour toutes : paraissant le samedi, à Paris, et consacré aux intêrets féminins / directrice Eugénie Niboyet"
            },
            {
                  "doc_url": "https://gallica.bnf.fr/ark:/12148/bpt6k123973t",
                  "emotions": [
                        "love"
                  ],
                  "excerpt": "Evitons donc tout ce qui produit ces fleurs éphémères , laissons l ' enfant devenir homme .Point de romans , de bals d ' enfant de spectacles , de veilles , de liqueurs excitantes , mais , après le travail , de l ' exercice sous l ' œil de sa mère , le soleil , le grand air .celui du matin surtout , plus pur et plus salutaire .",
                  "id": "6",
                  "title": "Journal pour toutes : paraissant le samedi, à Paris, et consacré aux intêrets féminins / directrice Eugénie Niboyet"
            },
            {
                  "doc_url": "https://gallica.bnf.fr/ark:/12148/bpt6k123973t",
                  "emotions": [
                        "joy",
                        "love",
                        "optimism",
                        "excitement",
                        "pride",
                        "gratitude"
                  ],
                  "excerpt": "Elles revivront ici , ces héroïnes dont le nom immortel donne un démenti énergique à ceux qui nient les aptitudes et les talents de la femme .Puissent mes pages , en rassemblant ces fleurs éparses , s ' imprégner comme elles d ' un parfum de gloire et d ' amour ! Et ' vous aussi , chères contemporaines , vous prendrez place dans ces galeries .Après avoir fait passer un rayon d ' enthousiasme dans l ' âme de nos lecteurs , en leur donnant à juger les beaux rêves , les charmantes réalités de votre plume , de votre pinceau de votre voix ou d ' un talent quelconque , armées de votre œuvre , vous viendrez vous - mêmes à la barre , non comme accusées , mais pour réclamer justice .",
                  "id": "7",
                  "title": "Journal pour toutes : paraissant le samedi, à Paris, et consacré aux intêrets féminins / directrice Eugénie Niboyet"
            },
            {
                  "doc_url": "https://gallica.bnf.fr/ark:/12148/bpt6k123973t",
                  "emotions": [
                        "love"
                  ],
                  "excerpt": "L ' air frats du maiiu arrivait jusque sur son i ' ro ~ t par bouË ' ées embaumées .L ' horizon blanchissait , la mer brisait , a ' , ec un légc - r bruit , ses lamjs éoumeuses sur les degrés de marbre blanc des palais , les myrtes et les orangers exhalaient leur senteur , l ' amour flottait dans l ' air .C ' était un beau juur ! Heureux Charles , murmura la Caneton , il doit être doux de mourir jeune , quand le cœur n ' a plus d ' illusions ( TVac ~ M ! de r ~ < ? tMaM ~ .",
                  "id": "8",
                  "title": "Journal pour toutes : paraissant le samedi, à Paris, et consacré aux intêrets féminins / directrice Eugénie Niboyet"
            },
            {
                  "doc_url": "https://gallica.bnf.fr/ark:/12148/bpt6k123973t",
                  "emotions": [
                        "grief",
                        "love",
                        "nostalgia",
                        "excitement"
                  ],
                  "excerpt": "Tu le comprends ? .Je la vis de près je l ' entendis chanter , je m ' enivrai du parfum de l ' atmosphère qu ' elle respire ; mon ami , je croyais impossible de l ' aimer davantage , et je sens que je ne l ' ai vraiment aimée que du jour de notre première entrevue , que du jour de nos premiers embras .Il refoula le mot prêt à lui échapper .",
                  "id": "9",
                  "title": "Journal pour toutes : paraissant le samedi, à Paris, et consacré aux intêrets féminins / directrice Eugénie Niboyet"
            },
            {
                  "doc_url": "https://gallica.bnf.fr/ark:/12148/bpt6k9602918p",
                  "emotions": [
                        "fear",
                        "love",
                        "nostalgia",
                        "nervousness"
                  ],
                  "excerpt": "Nielle , de temps à autre ; criait : « Hop ! » Ils ne semblaient pas l ' entendre .De petits souffles passaient sur la rivière , traînant une odeur d ' herbe humide ; et , à chaque geste de la jeune femme , le cœur de Georges battait dans sa poitrine , à lui faire mal .DERNIÈRE CONQUÊTE 1 Sa fortune compromise , sa jeunesse finie , le marquis de Silviac se retira à la campagne .",
                  "id": "10",
                  "title": "Éternelle énigme / Jean Reibrach"
            },
            {
                  "doc_url": "https://gallica.bnf.fr/ark:/12148/bpt6k12700277",
                  "emotions": [
                        "love",
                        "caring"
                  ],
                  "excerpt": ".et ce sana vermeil dont le bouillonnement exprime encore l ' explosion d ' une âme généieuse , s ' exhale en parfum sur les célestes parvis .En ! 8i3 , obéissant à une inspiration du même genre , je disais : G France , ô ma patrie .",
                  "id": "11",
                  "title": "Album d'un pessimiste : variétés littéraires, politiques, morales et philosophiques. Précédé d'une pièce de vers. et d'une notice biographique. Volume 1 / oeuvres posthumes d'Alphonse Rabbe ; par Victor Hugo ; par L. F. L'Héritier ; publié par le neveu de l'auteur [Léon Rabbe]"
            },
            {
                  "doc_url": "https://gallica.bnf.fr/ark:/12148/bpt6k6468632b",
                  "emotions": [
                        "admiration",
                        "joy",
                        "love",
                        "nostalgia",
                        "gratitude",
                        "calmness",
                        "disappointment"
                  ],
                  "excerpt": "Pourquoi ? C ' est que jamais dans nos terrestres fanges Vous n ' avez de sa robe altéré la blancheur .Hélas ! je ne l ' ai point le sublime génie De ce chantre d ' Elvire et du ciel et de Dieu ! Mais comme lui je sens , j ' adore l ' harmonie ; Et , quand dans maint poète elle me dit adieu , Consolé , je l ' aspire en vous , suave et pure Comme un soupir de harpe exhalé vers le ciel , Comme un parfum d ' Eden quand naissait la nature , Plus que la rose frais et plus doux que le miel ! Madame , votre livre est bien beau .mais plus belle Est l ' âme dont les cieux ornèrent votre corps ; Hélas ! pour la chanter en des chants dignes d ' elle , Il me faudrait créer de célestes accords ! Il faudrait de mon cœur , champ hérissé d ' ivraies , ( Travail ardu ) ! chasser , émondeur sans pitié , Tous mes doutes maudits touchant les choses vraies : Dieu , ciel , amour , candeur , innocence , amitié ! Il me faudrait brûler mes sêches ironies , Ces broussailles de houx que le vent du malheur Agite et fait grincer durant mes insomnies , Et dont les dards aigus agacent ma douleur ! .",
                  "id": "12",
                  "title": "Poésies posthumes de Désiré Tricot,... / [Notice par Raymond Didiez.]"
            },
            {
                  "doc_url": "https://gallica.bnf.fr/ark:/12148/bpt6k9822387w",
                  "emotions": [
                        "joy",
                        "love",
                        "excitement",
                        "pride",
                        "envy",
                        "caring"
                  ],
                  "excerpt": "On est belle , serait - on impitoyable ? C ' était si honnête , si franc ce regard goulu ! Les femmes ont des yeux derrière la tête , dit - on , et certainement elles voient obliquement .Lorsqu ' il était sur la même ligne que moi , je sentais sa poitrine se dilater , sa narine chercher mon parfum ; ses yeux dévotieux m ' enveloppaient de gloire .Il s ' hypnotisait sur un point et ne voyait plus le reste de ma personne .",
                  "id": "13",
                  "title": "Les dévotes vaincues : roman / J. Péladan"
            },
            {
                  "doc_url": "https://gallica.bnf.fr/ark:/12148/bpt6k54697492",
                  "emotions": [
                        "admiration",
                        "grief",
                        "love",
                        "pride",
                        "envy"
                  ],
                  "excerpt": "coeur prête auxsens une ivresse plus terrestre .L ' âme en est la fleur ' éthérée , dont le parfum semble parfois , hélas ! même envié du ciel .Le coeur est le présent que Dieu fit à l ' âme , en bénissant son hymen matériel .",
                  "id": "14",
                  "title": "L'Église civile : suite aux \"Harmonies éternelles\" / par P.-Pierre Moïana"
            },
            {
                  "doc_url": "https://gallica.bnf.fr/ark:/12148/bpt6k102910v",
                  "emotions": [
                        "love"
                  ],
                  "excerpt": "S ' étend , voile sans pli , la mer tout empourprée .Les enclos , les jardins qu ' embaume la saison , Abandonnent au soir leur molle exhalaison ; Et la brise , qui court sur la plage neurie , Recueille des amants l ' errante causerie .L ~ ilDA .",
                  "id": "15",
                  "title": "Oeuvres complètes de J. Autran,.... 1 / Joseph Autran"
            },
            {
                  "doc_url": "https://gallica.bnf.fr/ark:/12148/bpt6k102910v",
                  "emotions": [
                        "grief",
                        "love",
                        "calmness"
                  ],
                  "excerpt": "Enfin , de son témoin n ' ayant aucun soupçon , La belle s ' enhardit , et , doucement penchée , Prit des doigts du pasteur la branche détachée .Cela fait , je la vis toujours du même pas , Suivre l ' étroit sentier , pensive et le front bas , Hespirant le parfum du rameau de bruyère , Et par deux fois tournant ses beaux yeux en arrière .lfidi de ses rayons perçait l ' éther en feu La mer étineetait jusqu ' à l ' horizon bleu Les pins , les aloès , les balsamiques plantes , Chargeaient de leurs senteurF les brises défaillantes .",
                  "id": "16",
                  "title": "Oeuvres complètes de J. Autran,.... 1 / Joseph Autran"
            },
            {
                  "doc_url": "https://gallica.bnf.fr/ark:/12148/bpt6k690591",
                  "emotions": [
                        "love",
                        "nostalgia"
                  ],
                  "excerpt": "Et je fus très long à l ' oublier je l ' aimais , je l ' aimais tendrement dès que je repensais à elle , c ' était avec une commotion intérieure , à la foiss douce et douloureuse tout ce qui n ' était pas elle me semblait , pour le moment , décoloré et amoindri .C ' était bien l ' amour , le vrai amour , avec son immense mélancolie et son immense mystère , avec son suprême charme triste , laissé ensuite comme un parfum à tout ce qu ' il a touché ; ce coin de la cour , où elle m ' était apparue , et ce vieux rosier sans fleurs qui l ' avait entourée de ses branches , gardaient pour moi quelque chose d ' angoissant et de délicieux qui leur venait .d ' elle .",
                  "id": "17",
                  "title": "Le roman d'un enfant (19e éd.) / par Pierre Loti"
            },
            {
                  "doc_url": "https://gallica.bnf.fr/ark:/12148/bpt6k5435275r",
                  "emotions": [
                        "admiration",
                        "joy",
                        "love",
                        "relief",
                        "gratitude",
                        "calmness",
                        "amusement"
                  ],
                  "excerpt": "A LA MONTAGNE DE BOIRY .Calme et riant séjour , je t ' aime , ma montagne , Comme si dans tes flancs vibrait un coeur humain ; L ' arôme de ton sol en tous lieux m ' accompagne , Et mon amour pour toi n ' a point de lendemain .— 80 — .",
                  "id": "18",
                  "title": "Les Violettes, poésies, par Mme Victorine Rostang [\"sic\"] ; précédées d'une lettre à M. de Lamartine, par M. Jules Janin"
            },
            {
                  "doc_url": "https://gallica.bnf.fr/ark:/12148/bpt6k5435275r",
                  "emotions": [
                        "joy",
                        "love",
                        "relief",
                        "gratitude",
                        "calmness",
                        "amusement"
                  ],
                  "excerpt": "Les vents et les frimas , la foudre et les nuées , Ont respecté ton front chargé de six mil ans ; Des générations sur toi se sont ruées , Et l ' on entend gémir tes pierres remuées Quand l ' homme sans repos fouille tes fondements .Calme et riant séjour ! je t ' aime , ma montagne , Comme si dans tes flancs vibrait un coeur humain ; L ' arôme de ton sol en tous lieux m ' accompagne , Et mon amour pour toi n ' a point de lendemain .AGNES LA NOIRE , COMTESSE DE ÎUIICB .",
                  "id": "19",
                  "title": "Les Violettes, poésies, par Mme Victorine Rostang [\"sic\"] ; précédées d'une lettre à M. de Lamartine, par M. Jules Janin"
            },
            {
                  "doc_url": "https://gallica.bnf.fr/ark:/12148/bpt6k54270955",
                  "emotions": [
                        "admiration",
                        "love",
                        "nostalgia",
                        "relief",
                        "gratitude",
                        "calmness"
                  ],
                  "excerpt": "Recherchant les beautés de la nature entière , Ce qui vit de rosée ou chante à la lumière ; — Un lys dans le vallon , un nid dans les halliers , — ■ — Qui donc , dit - elle un jour à son noble entourage , Pourrait m ' aller cueillir , là - haut , la fleur sauvage Qui ne croît que près des glaciers ? IV Et la naïve enfant vivait dans ce doux rêve , Sans savoir qu ' en son coeur montait comme une sève Le Perce - n ( lige .Ce premier sentiment qui vient sans y songer , Doux comme un chant du soir apporté par la brise , Aussi pur que l ' encens qui parfume l ' église , Ou que la fleur de l ' oranger .Mais cet éloignement pour les jeux séculaires Parmi les commensaux soulevait des colères , Ce mépris du vieux temps , cet oubli des leçons Étaient jugés par eux d ' une façon sévère , Et leurs sombres regards accusaient le Trouvère Ce petit diseur de chansons .",
                  "id": "20",
                  "title": "Le Perce-neige, légende / Ernest Langlois"
            }
      ]
}