{
      "articles": [
            {
                  "doc_url": "https://gallica.bnf.fr/ark:/12148/bpt6k6375496p",
                  "emotions": [
                        "love"
                  ],
                  "excerpt": "EPIDEKME fin , mince , un peu rude , brillant , d ' un jaune citron , plus doré et souvent teinté de rose carminé à l ' insolation , granité taché de brun .CHAIR blanche , fine , tendre , assez juteuse ; à saveur très sucrée , relevée et parfumée à la manière de la Reinette franche ..",
                  "id": "1",
                  "title": "Catalogue descriptif des fruits adoptés par le Congrès pomologique / Société pomologique de France"
            },
            {
                  "doc_url": "https://gallica.bnf.fr/ark:/12148/bpt6k6375496p",
                  "emotions": [
                        "love"
                  ],
                  "excerpt": "EPIDERME uni , d ' un jaune foncé , strié marbré de rouge de diverses nuances sur presque toute sa surface .CHAIR blanche , fine , tendre , presque fondante ; à saveur sucrée acidulée , délicieusement parfumée .Qualité BONNE ou TRES BONNE .",
                  "id": "2",
                  "title": "Catalogue descriptif des fruits adoptés par le Congrès pomologique / Société pomologique de France"
            },
            {
                  "doc_url": "https://gallica.bnf.fr/ark:/12148/bpt6k6375496p",
                  "emotions": [
                        "love",
                        "gratitude"
                  ],
                  "excerpt": ", EPIDERME d ' un jaune pâle , lavé de rouge à l ' insniation , couvert d ' un réseau de fauve lisse .HAIH blanche , tendre , line , juteuse , sucrée et acidulée , parfum de Reinette .Qualité BONNE .",
                  "id": "3",
                  "title": "Catalogue descriptif des fruits adoptés par le Congrès pomologique / Société pomologique de France"
            },
            {
                  "doc_url": "https://gallica.bnf.fr/ark:/12148/bpt6k6375496p",
                  "emotions": [
                        "love"
                  ],
                  "excerpt": "EPIDERME rude , d ' un jaune verdâtre , frapipé de rouge terne à l ' insolation , marbré de rouille sur presque toute sa surface .CHAIR d ' un jaune pâje virescent , fine , serrée , assez tendre , juteuee , sucrée - acidulée et parfumée .Qualité TRES BONNE .",
                  "id": "4",
                  "title": "Catalogue descriptif des fruits adoptés par le Congrès pomologique / Société pomologique de France"
            },
            {
                  "doc_url": "https://gallica.bnf.fr/ark:/12148/bpt6k6375496p",
                  "emotions": [
                        "love"
                  ],
                  "excerpt": "PEAU un peu rude , ' JJrillante , d ' un jaune herbacé , abondamment granitée de fauve clair ., CHAIR blanchâtre , un peu verte sous la peau , demi - line , tendre , fondante , très juteuse , sucrée , vineuse , assez parfumée .Qualité BONNE .",
                  "id": "5",
                  "title": "Catalogue descriptif des fruits adoptés par le Congrès pomologique / Société pomologique de France"
            },
            {
                  "doc_url": "https://gallica.bnf.fr/ark:/12148/bpt6k6375496p",
                  "emotions": [
                        "love",
                        "calmness",
                        "approval"
                  ],
                  "excerpt": "PÉDICELLE court inséré an sommet du fruit dans une légère dépression .CHAIR se détachant bien , tendrer sucrée , très juteuse , agréablement parfumée .Qualité BONNE .",
                  "id": "6",
                  "title": "Catalogue descriptif des fruits adoptés par le Congrès pomologique / Société pomologique de France"
            },
            {
                  "doc_url": "https://gallica.bnf.fr/ark:/12148/bpt6k6565416v",
                  "emotions": [
                        "love",
                        "nostalgia"
                  ],
                  "excerpt": "Œ illet barbu , pour à Calice à écailles sétacées .Menthe cataire , pour à odeur aimée des Chats .Gramen léporin , pour tremblant comme un Lievfef Laitue agnine , pour espece agréable aux Brebis .",
                  "id": "7",
                  "title": "Philosophie botanique de Charles Linné ,... Dans laquelle sont expliqués les fondements de la botanique, avec les définitions de ses parties, les exemples des termes, des observations sur les plus rares. Enrichie de figures. Traduite du latin par Fr.-A. Quesné"
            },
            {
                  "doc_url": "https://gallica.bnf.fr/ark:/12148/bpt6k8630629f",
                  "emotions": [
                        "joy",
                        "love",
                        "nostalgia",
                        "relief"
                  ],
                  "excerpt": "– A ceux qui ne les ont pas entendues , sur la rive de Chiaja ou sur le môle , de la bouche d ' un lazzarone , d ' un pêcheur ou d ' une trovatelle , les charmantes romances de Gordigiani en pourront donner une idée .Cela est fait d ' un soupir de brise , d ' un rayon de lune , d ' un parfum d ' oranger et d ' un battement de cœur .Alicia , avec sa jolie voix anglaise un peu fausse , suivait le motif qu ' elle voulait retenir , et elle fit , tout en continuant , un petit signe amical à Paul , qui la regardait d ' un air assez peu aimable , froissé de la présence de ce beau jeune homme .",
                  "id": "8",
                  "title": "Jettatura, par Théophile Gautier. Édition spéciale pour la France..."
            },
            {
                  "doc_url": "https://gallica.bnf.fr/ark:/12148/bpt6k6469358v",
                  "emotions": [
                        "grief",
                        "love",
                        "desire",
                        "nostalgia"
                  ],
                  "excerpt": "Oh ! vous ne savez pas combien , malgré des charmes , Le sein de l ' exilé peut contenir de larmes ! .Un jour , je retrouvai sous ce ciel embaumé Un autre jeune fils de mon sol bien - aimé ; Nous lançâmes aux flots ma barque aventureuse , Devisant tous les deux des rives de la Creuse .La Méditerranée était par ce beau soir Calme , limpide et bleue , et merveilleuse à voir ! La vague nous berçait avec tant de mollesse ! Les flots chantaient leur hymne avec tant de tendresse ! Le Ciel était si doux , si pur , si parfumé , Que de mon luth jaillit un chant tout enflammé I .",
                  "id": "9",
                  "title": "Méridionales, poésies intimes, par A. Thévenot,..."
            },
            {
                  "doc_url": "https://gallica.bnf.fr/ark:/12148/bpt6k6469358v",
                  "emotions": [
                        "admiration",
                        "love",
                        "pride",
                        "gratitude",
                        "faith"
                  ],
                  "excerpt": ") AU POÈTE REBOUL , 50 $ : } jlinlC .Barde inspiré d ' amour au ciel d ' Occitanie , Tu ne mendias pas les palmes du génie , Mais la gloire est venue à ton foyer s ' asseoir , Et parfumer d ' encens tes veilles , chaque soir ! Mais tous ceux dont les cœurs sont poètes encore Tous les enfans des arts que l ' art brûle et dévore , Viennent à ton foyer te dire : Sois béni , Toi que nul frotement du monde n ' a terni ! Toi , qui pur et sublime , après ton labeur , chantes I .e nom d ' Adonaï dans tes hymnes touchantes ! Sois béni ! Lamartine a célébré ton nom ! Il vivra glorieux dans notre Panthéon , Au - dessus des partis , que refoule et refoule Dans la fange des cours la vagissante houle ! .",
                  "id": "10",
                  "title": "Méridionales, poésies intimes, par A. Thévenot,..."
            },
            {
                  "doc_url": "https://gallica.bnf.fr/ark:/12148/bpt6k922157j",
                  "emotions": [
                        "love",
                        "pride",
                        "envy"
                  ],
                  "excerpt": "BAZELAIRE .Une peau de satin , bien fraîche et parfumée Prête un charme de plus à la personne aimée ; Voulez - vous disposer de ce charme à gogo ? Servez - vous tous les jours de Savon du Congo .PERDRIZET .",
                  "id": "11",
                  "title": "La Revue littéraire : publication mensuelle / directeur gérant Alfred Delcambre"
            },
            {
                  "doc_url": "https://gallica.bnf.fr/ark:/12148/bpt6k922157j",
                  "emotions": [
                        "admiration",
                        "joy",
                        "love",
                        "gratitude",
                        "calmness"
                  ],
                  "excerpt": "Doux nectar , céleste ambroisie Breuvage parfumé des dieux Viens inspirer ma poésie Par ton coloris radieux .Par toi , ma verve est toujours prête , Mon cœur chaud , mon esprit serein , Car ton exquis arôme prête Santé , bonne humeur au marin .C ’ est ainsi que chantait sur le mât de misaine Un robuste gaillard à l ’ air vif et joyeux , Il n ’ avait pas encor dépassé la trentaine , L ’ ardeur de la jeunesse illuminait ses yeux .",
                  "id": "12",
                  "title": "La Revue littéraire : publication mensuelle / directeur gérant Alfred Delcambre"
            },
            {
                  "doc_url": "https://gallica.bnf.fr/ark:/12148/bpt6k922157j",
                  "emotions": [
                        "love",
                        "nostalgia",
                        "relief",
                        "caring"
                  ],
                  "excerpt": "Jusqu ’ au jour où ils purent se glisser dans les rangs d ’ un détachement de convalescents qui se dirigeait sur Lyon , les malades de l ’ ambulance de l ’ Espérance reçurent la visite quotidienne de la chère Alsacienne et plusieurs d ’ entre eux , qu ’ elle avait su consoler par ses paroles d ’ encouragement et d ’ espoir , dont elle avait pansé les blessures de ses blanches mains si délicatement douces et adroites , durent leur prompte guérison à son dévouement et à son ingénieuse charité .Elle n ’ avait que quelques mots de consolation à leur offrir la chère infirmière ; mais , du moins , ses bonnes paroles allaient au cœur , comme un parfum du foyer maternel , comme le sourire , comme le ' baiser de la mère qui attendait là - bas , vers Lyon , le retour de son fils , de son enfant tendrement aimé .Que pouvait bien être la douce Alsacienne ? Etait - elle célibataire , épouse ou veuve ? Dlus d ’ une fois ces questions étaient montées aux lèvres des malades , mais aucun d ’ eux n ’ osa les formuler devant leur infirmière ; non seulement l ’ humble respect dont ils l ’ entouraient les empêchait de lui poser une question qui aurait pu être indiscrète , mais encore , ils avaient bien trop peur , eux qui pendant les horreurs sanglantes d ’ un siège meurtrier n ’ avaient jamais tremblé , de voir fuir et disparaître , devant leur curiosité , la gracieuse apparition qui pendant quelques instants chaque jour venait leur donner la sensation de la fraîcheur d ’ un ciel printanier et mettre un peu d ’ ordre dans leur lugubre chambre d ’ ambulance .",
                  "id": "13",
                  "title": "La Revue littéraire : publication mensuelle / directeur gérant Alfred Delcambre"
            },
            {
                  "doc_url": "https://gallica.bnf.fr/ark:/12148/bpt6k922157j",
                  "emotions": [
                        "grief",
                        "sadness",
                        "love",
                        "desire",
                        "nostalgia",
                        "disappointment"
                  ],
                  "excerpt": "Et bien longtemps après je la revois flétrie .Et son parfum qui meurt berce ma rêverie , Et me remet au cœur un vieux regain d ’ amour .Marthe DUBOS .",
                  "id": "14",
                  "title": "La Revue littéraire : publication mensuelle / directeur gérant Alfred Delcambre"
            },
            {
                  "doc_url": "https://gallica.bnf.fr/ark:/12148/bpt6k5684645j",
                  "emotions": [
                        "love",
                        "nostalgia"
                  ],
                  "excerpt": ".- romantique ; bref , odeur de Mazurka se sentait à la ronde .Cotte fois , M .",
                  "id": "15",
                  "title": "La mazurka / par MM. Auguste Perroux et Adrien Robert ; chorégraphie d'après MM. Coralli et Élie,... ; musique de F. Burgmuller ; illustrations de P. St Germain"
            },
            {
                  "doc_url": "https://gallica.bnf.fr/ark:/12148/bpt6k9802387b",
                  "emotions": [
                        "love"
                  ],
                  "excerpt": "par Kerner , en 1546 ou 15 54 ^ la seconde par Didot l ' aîné , en 18041 , réimprimée par Bodoni , en 1811 , ne sont , à vrai dire , que des trahisons glissant ou abrégeant aux passages les plus aimables .Le chapitre premier du second livre , tout parfumé de tendresses , nous peint les deux héros de ce poëme en prose , Poly - phile et la divine Polia2 , devisant par une belle journée et racontant les premières palpitations de leurs mutuelles amours .Fière de sa noble et antique origine , celle - ci rappelait comme la ville de Trévise avait été fondée par ses ancêtres ; et ensuite comme , sans qu ' elle y songeât , son Polyphile , son bien - aimé , s ' était pris pour elle d ' une invincible passion , elle disait : « Je me tenais , selon la coutume des belles 1 .",
                  "id": "16",
                  "title": "Les femmes blondes selon les peintres de l'école de Venise / par deux Vénitiens [F.-S. Feuillet de Conches et Armand Baschet]"
            },
            {
                  "doc_url": "https://gallica.bnf.fr/ark:/12148/bpt6k54989691",
                  "emotions": [
                        "love",
                        "nostalgia",
                        "gratitude"
                  ],
                  "excerpt": "De ses riches trésors les genres différens Sont inconnus peut - être aux zéphyrs de vos champs : Mais à l ' Européen , quoiqu ' on tout étrangère , La Flore asiatique est bien digne de plaire , ( ri ) Nous possédons de plus , vos roses , vos jasmins ; Vos myrthes , vos lauriers croissent dans nos jardins .L ' oeillet tout parfumé , l ' hyacinthe au teint blême , Et le pâle narcisse , amoureux de lui - même , Nous rappellent par fois vos parterres brillans ..",
                  "id": "17",
                  "title": "Épître à mon frère, en réponse à la sienne . Ile Maurice, le 15 avril 1819. Par François Bernard,..."
            },
            {
                  "doc_url": "https://gallica.bnf.fr/ark:/12148/bpt6k58461890",
                  "emotions": [
                        "love"
                  ],
                  "excerpt": "Elles sont souveraines pour faciliter la « sortie des corps étrangers , pour favoriser l ' exfoliation « des os ; « Elles peuvent fondre et ramollir les endurcissements « qui se forment par l ' épaississement de la synovie et « remédier à l ' érétisme et aux contractions convulsives « de toutes les parties musculeuses , tendineuses , aponé « vrotiques et nerveuses de quelque cause qu ' ils procè « dent , même des reliqua de la petite vérole .EAUX SULFURÉES 47 gnols 45 ° , 20 sont les plus excitantes : cette propriété les fait employer dans le traitement des affections dont l ' activité a besoin d ' être réveillée .On les emploie en douches , en gargarismes , dans les scrofules , les rhumatismes , les dermatoses .",
                  "id": "18",
                  "title": "Guide de thérapeutique aux eaux minérales et aux bains de mer / par le Dr Ch. Campardon ; avec préface du Dr Dujardin-Beaumetz,..."
            },
            {
                  "doc_url": "https://gallica.bnf.fr/ark:/12148/bpt6k6389870b",
                  "emotions": [
                        "joy",
                        "love",
                        "faith"
                  ],
                  "excerpt": "Les insectes , cuirassés de leurs plus belles armures , combattaient pour leurs belles sous les herbes ; les oiseaux , emplumés de leur plus beau plumage , se becquetaient sur les branches , l ' aile pendante , gloussant à petits cris , gazouillant leurs tendresses ou sonnant des fanfares de victoire .La nature entière exhalait le grand hymne de l ' amour ! Asad pénètre dans le pavillon en repoussant , sans y prendre garde , l ' esclave favorite de la princesse , qui veut lui barrer le passage , et soulève la draperie de la chambre .Est - ce possible ? .",
                  "id": "19",
                  "title": "La comédie de l'amour / par Charles de La Rounat"
            },
            {
                  "doc_url": "https://gallica.bnf.fr/ark:/12148/bpt6k54853r",
                  "emotions": [
                        "admiration",
                        "joy",
                        "love",
                        "gratitude",
                        "calmness",
                        "faith"
                  ],
                  "excerpt": "t ; ) ~ quefe de ctartes , conduisais te nenie D ' un peupk ' curieux de tous tes horizons ; Je te vénère ici , déesse iounacutee , Car c ' est en toi qu ' Hettas , la première , a compris t .a sagesse eternette et de beauté voik ' e , Qui fait ptus purs les cœurs et plus droits les esprits ! Il A ~ e de Perictes , o bettes trente années Qui du parfum d Athene embaumez t ' univers , A la procession de vos Panathénées ) ous tes chemins du beau desorma ) S sont ouverts .Ce n ' étaient plus d ' affreux .",
                  "id": "20",
                  "title": "Hellas / Paul Mariéton"
            }
      ]
}