{
      "articles": [
            {
                  "doc_url": "https://gallica.bnf.fr/ark:/12148/bpt6k61169599",
                  "emotions": [
                        "love"
                  ],
                  "excerpt": "Le bûcheron s ' assied près du feu qui pétille , Oubliant les soucis , les peines du labeur , Heureux de retrouver au sein de la famille La paix qui rend aux bras le courage et l ' ardeur .Formant une guirlande embaumée et fleurie , Les plus petits enfants grimpent sur ses genoux Et leur bouche se colle à sa lèvre attendrie Pour y mieux déposer les baisers les plus doux .L ' honnête bûcheron , sous ces chaudes caresses , Ne pense déjà plus aux fatigues du jour Et serre dans ses bras ces êtres pleins d ' ivresses , Qui versent à son coeur l ' espérance et l ' amour .",
                  "id": "1",
                  "title": "Concours poétique de la \"Revue de la Jeunesse\" pour 1884. Eglantines et Primevères"
            },
            {
                  "doc_url": "https://gallica.bnf.fr/ark:/12148/bpt6k5458242v",
                  "emotions": [
                        "love",
                        "desire",
                        "nostalgia",
                        "excitement",
                        "gratitude",
                        "envy"
                  ],
                  "excerpt": ".De ta robe entr ' ouverte aux larges plis flottants , Où des éclairs de peau reluisent par instants , Un arôme charnel où le désir s ' allume Monte à longs flots vers moi comme un parfum qui fume .Et , lentement , les yeux clos , pour mieux m ' en griser , Je cueille sur tes dents la fleur de ton baiser ! .",
                  "id": "2",
                  "title": "Le chariot d'or / Albert Samain ; compositions et gravures de Charles Chessa"
            },
            {
                  "doc_url": "https://gallica.bnf.fr/ark:/12148/bpt6k5505726d",
                  "emotions": [
                        "love",
                        "caring"
                  ],
                  "excerpt": "Un parfum spécial est créé pour elle dont les fleurs sont cultivées en un pays inconnu , et , dit - on , dans un centre « l ' Algérie .Le roj d ' Italie Emmanuel II aime comme sa mère la reine Mar guérite , les odeurs un peu fortes et adore le patchouli .La reine Christine d ' Espagne aime l ' essence d ' une variété d ' orchidées , qui ne se trouve qu ' aux Philippines , et ne se sert que d ' une eau d ' Espagne fabriquée par elle à Madrid .",
                  "id": "3",
                  "title": "Revue mondaine oranaise [\"puis\" mondaine de l'Oranie]..."
            },
            {
                  "doc_url": "https://gallica.bnf.fr/ark:/12148/bpt6k5762208z",
                  "emotions": [
                        "joy",
                        "love",
                        "optimism",
                        "nostalgia",
                        "excitement",
                        "calmness"
                  ],
                  "excerpt": "96 LES VOIX PROFONDES Quand la voûte céleste est d ' étoiles fleurie , Et que la brise meurt dans le calme du soir , Près du lac emperlé nous irons nous asseoir , Et nous suivrons le vol de notre rêverie , Loin d ' un monde vulgaire , où l ' âme est à l ' étroit , Comme autrefois .Et comme un doux parfum s ' exhale de son vase , De nos coeurs rajeunis s ' épanchera l ' amour , Vivifiant et pur , ainsi qu ' au premier jour ; Et nos deux âmes soeurs seront comme en extase .Tu me diras : J ' espère , et je dirai : Je crois , Comme autrefois .",
                  "id": "4",
                  "title": "Les Voix profondes, par Emmanuel Vitte"
            },
            {
                  "doc_url": "https://gallica.bnf.fr/ark:/12148/bpt6k57216293",
                  "emotions": [
                        "joy",
                        "love",
                        "optimism",
                        "nostalgia",
                        "excitement",
                        "relief",
                        "gratitude",
                        "calmness"
                  ],
                  "excerpt": "Sur ce coeur que déjà déchire le regret Le fer enfin se lève , et le trépas est prêt : Plus d ' espoir .Tout à coup de la rive indienne Un air propice apporte une odorante haleine ; Il sent , il reconnaît le doux esprit des fleurs : Tout son coeur s ' abandonne à ces gages flatteurs ; Un souffle heureux se joint à cet heureux présage .Alors , avec l ' espoir reprenant son courage : DE LA JEUNESSE .",
                  "id": "5",
                  "title": "L'Abeille poétique de la jeunesse, choix des sujets les plus remarquables de la poésie française... à l'usage de tous les établissemens pour l'éducation de la jeunesse des deux sexes, par A. M. Q.**"
            },
            {
                  "doc_url": "https://gallica.bnf.fr/ark:/12148/bpt6k1172907z",
                  "emotions": [
                        "joy",
                        "love",
                        "gratitude",
                        "approval"
                  ],
                  "excerpt": "Or .SsticsI * * EXTRA - VIOLETTE Vrai Parfum de la Fleur VIOI .ET 29 , B ' dtsll ALI ENS , MM Cinquante pages en couleurs et en noir Prix du Numéro : 50 centimes COURS D ’ EDUCATION fondés en 1890 par Mlle M .",
                  "id": "6",
                  "title": "Le Journal de la jeunesse : nouveau recueil hebdomadaire illustré"
            },
            {
                  "doc_url": "https://gallica.bnf.fr/ark:/12148/bpt6k3722586",
                  "emotions": [
                        "grief",
                        "sadness",
                        "love",
                        "nostalgia",
                        "gratitude",
                        "disappointment",
                        "guilt"
                  ],
                  "excerpt": "Et tandis que l ' Essaim des abeilles ensemble Pèse d ' un poids léger , et blesse sans douleur , De la pure rosée incertaine et qui tremble Deux gouttes seulement s ' échappent de la fleur .Ce sont tes pleurs d ' hier , tes larmes adorées , Quand sur ce front pudique , interdit au baiser , Mes lèvres ( ô pardonne ! ) avides , altérées , Ont osé cette fois descendre et se poser : Ton beau cou s ' inclina , ta brune chevelure Laissa monter dans l ' air un parfum plus charmant ; Mais quand je m ' arrêtai contemplant ta figure , Deux larmes y coulaient silencieusement .On a eu dans Rufin le baiser naturel et païen au plus vif ; on a ici le baiser adouci selon Pétrarque , mais pas trop fade encore mourir par métaphore .",
                  "id": "7",
                  "title": "Portraits contemporains. Tome 5 / par C. A. Sainte-Beuve"
            },
            {
                  "doc_url": "https://gallica.bnf.fr/ark:/12148/bpt6k97863048",
                  "emotions": [
                        "love",
                        "nostalgia",
                        "calmness"
                  ],
                  "excerpt": ", Ainsi se meurt une légère flamme Où le rayon d ' un regard épuisé , C ' est un désir qui s ' éteint dans une âme L ' illusion d ' un cœur désabusé .Au soir ainsi la brise parfumée S ' endort aux bras du chêne harmonieux , Tel un ruisseau par la prairie aimée Perd dans les fleurs ses flots silencieux .Vous dormirez , ô ma douce bergère , Vous dormirez d ' un immortel sommeil Lorsque la mort , de son aile légère , Appâlira vos lèvres de vermeil .",
                  "id": "8",
                  "title": "Le pèlerinage du monde / par Paul de Magny"
            },
            {
                  "doc_url": "https://gallica.bnf.fr/ark:/12148/bpt6k9752821f",
                  "emotions": [
                        "love",
                        "desire",
                        "nostalgia"
                  ],
                  "excerpt": ".l ' emporter en tourbillonnant dans l ' espace pour s ' y perdre avec elle Voilà ce qu ' il s ' est dit toute la soirée en la tenant , dans ses bras , en aspirant le parfum suave des roses qui ornent sa magnifique chevelure .Nera triomphe , Nobili lui appartient ! L ' amour a mis dans son regard une tendresse inaccoutumée , il a répandu plus d ' éclat sur son teint , il a donné plus de grâce à ses mouvements ; elle est positivement radieuse .",
                  "id": "9",
                  "title": "Les Italiens / Frances Elliot ; roman traduit de l'anglais... par Victor Gélis"
            },
            {
                  "doc_url": "https://gallica.bnf.fr/ark:/12148/bpt6k97863048",
                  "emotions": [
                        "joy",
                        "love",
                        "nostalgia",
                        "pride",
                        "gratitude",
                        "faith"
                  ],
                  "excerpt": "La poésie moderne .L ' homme chantait jadis , étendu par les prées , Les ris et les doux jeux et les amours vainqueurs , Et cueillait dans les champs des guirlandes de fleurs Pour les nymphes dansant aux lueurs des vesprées ; Il épanchait sa joie en des hymnes sacrées , Il dirait tes printemps et leurs molles senteurs , Les danses des Édens , les ivresses des cœurs Et vos lèvres , Vénus , de plaisir empourprées .Mais depuis ce temps - là le monde s ' est fait vieux , L ' homme ne chante plus pour de si jeunes Dieux , Sa lèvre est ennuyée et sa voix est sans charmes ; Mais plein d ' amour encor pour ce vieil univers , Le poète , martyr des Muses , prend ses larmes Et le sang de son cœur pouc écrire ses vers .",
                  "id": "10",
                  "title": "Le pèlerinage du monde / par Paul de Magny"
            },
            {
                  "doc_url": "https://gallica.bnf.fr/ark:/12148/bpt6k5719019v",
                  "emotions": [
                        "joy",
                        "love",
                        "excitement",
                        "relief",
                        "gratitude",
                        "calmness"
                  ],
                  "excerpt": "Comme , au milieu des plants de la forêt sauvage , Un pommier verdoyant lève un front jeune et frais , Parmi ceux de son âge , Ainsi mon bien - aimé brille par ses attraits .J ' ai reposé mon corps sous son ombre propice , Et mon bras , inclinant ses rameaux généreux , Ma bouche avec délice , A goûté de ses fruits le parfum savoureux .Ouvrez - moi le cellier , car la soif me dévore : Présentez - moi des fruits et du vin tour - à - tour .",
                  "id": "11",
                  "title": "Hymnes et impressions poétiques / par Robert-Étienne Thuret,..."
            },
            {
                  "doc_url": "https://gallica.bnf.fr/ark:/12148/bpt6k5541074x",
                  "emotions": [
                        "love",
                        "pride",
                        "gratitude"
                  ],
                  "excerpt": "' La le Caméléon qui changefi fiouuent , Se nonmst des - beaux Airs d ' vn Chantre fìfipauant » L < £ j fie vient présenter la Martre Xebeline 5 Là , fie laiste rauir la pure çf blanche Hermine .Le Chat que la Lybie enfante en ses ardeurs ' , Y fiait profusion de ses bonnes odeurs : Le Grifion de son Or , ^ laymable Licorne T donne pour tribut sa précieuse corne .Voila comme en ce lieu de fiauuages fiujets Se laissent captiuer a d ' aymables objets ; Et confieruerit entre eux vn * ■ reffeB incroyable ■ , ' Ployans également fous vn chant pitoyable Et voila comme Orphée alege vn peu fies maux Durant qu ' il les partage à tous ces Animaux * VN jour vne Bâchante ' errant À l ' auantMe * Vn vagabond , recueil de dons de la Nature y DV S * TRISTAN .",
                  "id": "12",
                  "title": "La lyre du sieur Tristan"
            },
            {
                  "doc_url": "https://gallica.bnf.fr/ark:/12148/bpt6k14220202",
                  "emotions": [
                        "joy",
                        "love",
                        "optimism",
                        "desire",
                        "nostalgia",
                        "gratitude",
                        "envy",
                        "calmness",
                        "faith"
                  ],
                  "excerpt": "Non ! à ton âge , Amour survient ; et l ’ on s ’ engage Dans un doux rêve de bonheur ; Inexplicable rêve où séduite , ravie , L ’ âme est l ’ écho des sens qui lutinent la vie .Oui ! le Ciel n ’ a point fait en vain Ce sein d ’ albâtre , où la nature A mis une haleine aussi pure Que l ’ air embaumé du matin ; Ces lèvres qu ’ embellit la rose , Ce front virginal où repose Une aimable et tendre pudeur , Et ce voluptueux sourire Qui mollement semble vous dire : — Je rêve aussi moi le bonheur ; Divin rêve d ’ amour qui révèle en la vie D ’ ardentes voluptés que j ’ ignore et j ’ envie ..",
                  "id": "13",
                  "title": "Pastiche / par Adolphe Allonneau"
            },
            {
                  "doc_url": "https://gallica.bnf.fr/ark:/12148/bpt6k5724035p",
                  "emotions": [
                        "admiration",
                        "love",
                        "caring"
                  ],
                  "excerpt": ".du milieu des merveilles visibles • qui voilent mystérieusement son beau sanctuaire ! 258 Et de même qu ' une suave , aérienne , et indicible poésie , se respire avec les parfums et l ' azur vaporeux d ' un beau lac , de même le poétique et généreux sentiment qui s ' épanche du coeur de l ' amante , dit au coeur de son bien - aimé : « Et tout ce que tu vois , et tout ce que tu entends , ne peuvent t ' apprendra combien ma profonde affection surpasse tout ce que je puis exprimer et dire ..",
                  "id": "14",
                  "title": "La Magdeleine. La Magdeleine courtisane"
            },
            {
                  "doc_url": "https://gallica.bnf.fr/ark:/12148/bpt6k97863048",
                  "emotions": [
                        "admiration",
                        "love",
                        "gratitude",
                        "faith"
                  ],
                  "excerpt": "Madona .0 Madona , beauté divine et sans tache , laisse - toi aimer en ce doux mois de mai ! laisse enfin éclore le beau lys odorant de ta virginité ! que le souffle de l ' amour fasse épanouir le bouton de tes lèvres ! Fille du ciel , que crains - tu ? un seul de tes regards suffit pour tout épurer : V homme , par ton amour , deviendra chaste et fort , et ta grande beauté saura nous emporter dans l ' infini des cieux .Vieillie d ' abord par la souffrance , devenue plus jeune à mesure que le ciel se rassérénait , mère sainte , vierge candide , aujourd ' hui belle enfant , tu ressembles à un bouton du printemps .",
                  "id": "15",
                  "title": "Le pèlerinage du monde / par Paul de Magny"
            },
            {
                  "doc_url": "https://gallica.bnf.fr/ark:/12148/bpt6k61186201",
                  "emotions": [
                        "admiration",
                        "joy",
                        "love",
                        "gratitude",
                        "faith"
                  ],
                  "excerpt": "Quitte bientôt cette verve enfantine Qui te défend contre un fer destructeur : De ma maîtresse , emblème séducteur , Tu pareras le sein de ma Rosine .Aux feux divins de l ' astre radieux , Aux doux zéphirs , aux frais baisers d ' Aurore , De ton calice on voit la rose éclore : Comme elle est belle en souriant aux cieux ! Charmante rose , en ta fleur purpurine Commence à naître un parfum enchanteur : De ma maîtresse , emblème séducteur , Tu pareras le sein de ma Rosine .Mais te voilà brillante de beauté , Et ton parfum m ' invite au doux délire ; — io3 — De ma raison je sens tomber l ' empire ; Dans tons mes sens glisse la volupté .",
                  "id": "16",
                  "title": "La Fourmi, productions de l'été pour nos récréations de l'hiver. Recueil lyrique dédié aux sociétés chantantes (Extra [...])"
            },
            {
                  "doc_url": "https://gallica.bnf.fr/ark:/12148/bpt6k883877x",
                  "emotions": [
                        "admiration",
                        "love",
                        "gratitude"
                  ],
                  "excerpt": "Œ illet rouge : Énergie .Aimable œillet , c ’ esl , ton haleine Qui charme et pénètre mes sons ! C ’ est toi qui verses dans la plaine Ces parfums doux et ravissants ! Les esprits embaumés qu ’ exhale La Iloso fraîche et matinale , Pour moi sont moins délicieux ; 18G DICTIONNAIRE Et ton odeur suavo et puro Est un encens que la nature .Élève en tribut vers les cieux ! Constant Dubos .",
                  "id": "17",
                  "title": "Le Véritable langage des fleurs, par Mme Anaïs de Neuville, précédé de légendes mythologiques, illustré... par Alp. Guilletat"
            },
            {
                  "doc_url": "https://gallica.bnf.fr/ark:/12148/bpt6k6574754j",
                  "emotions": [
                        "love"
                  ],
                  "excerpt": "De Théocrite jusqu ' à Elorian , la liste est longue des poèmes que le sujet a inspirés aux gens de l ' art .Mais , mieux encore que les productions des lettrés , les chansons des bergers eux - mêmes nous donnent l ' impression juste et directe de cette poésie au parfum champêtre .Les montagnes des Alpes , avec leurs immenses pâturages s ' étendant aux plus hautes altitudes , par dessus les forêts , dans le voisinage immédiat des glaces éternelles , sont assurément le théâtre le plus grandiose , qu ' on puisse concevoir pour les manifestations du génie pastoral .",
                  "id": "18",
                  "title": "Chansons populaires, recueillies dans les Alpes françaises (Savoie et Dauphiné) / par Julien Tiersot,..."
            },
            {
                  "doc_url": "https://gallica.bnf.fr/ark:/12148/bpt6k6394084b",
                  "emotions": [
                        "love"
                  ],
                  "excerpt": "Excellent , adj .Doux parfum .Bonne odeur .",
                  "id": "19",
                  "title": "Dictionnaire annamite-français : comprenant 1. Les caractères de la langue annamite vulgaire, avec l'indication de leurs divers sens..., 2. Les caractères chinois nécéssaires..., 3. La flore et la faune de l'Indochine (2e édition refondue et très considérablement augmentée) / par J.F.M. Génibrel"
            },
            {
                  "doc_url": "https://gallica.bnf.fr/ark:/12148/bpt6k54611201",
                  "emotions": [
                        "joy",
                        "love",
                        "gratitude",
                        "faith"
                  ],
                  "excerpt": "Or , pour te saluer mes mains se sont fleuries De la neige qui tonne aux cîmes des buissons .Les sauges m ' ont appris tes lyriques leçons : Je t ' apporte le rêve embaumé des prairies ! Que mes clartés de tes alarmes te guérissent Toi dont j ' ai bu la pure joie de ton aveu ! Sur mon timide luth pose ta lèvre en feu Pour que dans cette nuit d ' hymen un chant mûrisse ! » Et la déesse , aux bras odorants murmura : — « Elle est douce l ' heure , d ' amour que ta voix sonne Comme un baiser de brise aux branches de mes aulnes ! Viens : mon lit fait de fleurs t ' offre ses vierges draps .— 62 — Vers Toi mes seins d ' élans brillent comme à l ' approche Du dieu qui dans un baiser d ' or les sculptera ! Les colombes sacrées sont descendues des roches , Rien n ' égale le charme immortel de mes bras .",
                  "id": "20",
                  "title": "L'angelus des sentes / Michel Abadie"
            }
      ]
}