{
      "articles": [
            {
                  "doc_url": "https://gallica.bnf.fr/ark:/12148/bd6t5372175f",
                  "emotions": [
                        "surprise",
                        "love",
                        "caring"
                  ],
                  "excerpt": "C ' était un rude vieillard , aux traits nobles et fins , qui s ' exprimait en amples périodes , d ' une voix chaude , nuancée .Les enfants souffrent de la disette d ' idéal * Je l ' entendis , je fus transportée * J ' ignorais Dieu : j ' en avais le goût * Il était peut - être trop romantique cet abbé Parisse , avec son front pâle et ses yeux ardents , pour qu ' à mon admiration ne se mêlât pas un parfum d ' amour profane ..",
                  "id": "1",
                  "title": "La femme de personne : roman inédit / Claude Chauvière ; 24 bois originaux de Hermann-Paul"
            },
            {
                  "doc_url": "https://gallica.bnf.fr/ark:/12148/bpt6k3730906",
                  "emotions": [
                        "love"
                  ],
                  "excerpt": "Il se délecte au son des instruments , et paraît aimer la musique ; il apprend aisément à marquer la mesure , à se remuer en cadence , et à joindre à propos quelques accents au bruit des tambours et au son des trompettes .Son odorat est exquis , et il aime avec passion les parfums do toute espèce , et surtout les fleurs odorantes ; il les choisit , il les cueille une à une , il en fait des bouquets , et , après en avoir savouré l ' odeur , il les porte à sa bouche et semble les goûter .La fleur d ' orange est un de ses mots les plus délicieux : il dépouille avec sa trompe un oranger de toute sa verdure , et en mange les fruits , les fleurs , les feuilles , et jusqu ' au jeune bois .",
                  "id": "2",
                  "title": "Morceaux choisis : nouvelle édition comprenant une notice sur la vie et les ouvrages de Buffon, les discours académiques et des extraits de l'Histoire naturelle annotés (Nouvelle éd.) / Buffon ; par A.-Edouard Dupré,..."
            },
            {
                  "doc_url": "https://gallica.bnf.fr/ark:/12148/bpt6k5543799s",
                  "emotions": [
                        "love"
                  ],
                  "excerpt": "La veine poétique eût - elle été interrompue chez lui , et comme pour Sainte - Beuve , la faculté critique aurait - elle pris le dessus ? Rien n ' est plus mystérieux que ces transformations spirituelles .Ce qui nous semble certain , c ' est que Barthélémy eût conservé cette âme haute et tendre , dont son oeuvre laisse échapper le doux et secret parfum .Poète , philosophe ou critique , Barthélémy Tisseur n ' eût I8 LES POÉSIES jamais séparé l ' art de la vérité .",
                  "id": "3",
                  "title": "Recueil de quelques-unes... [des] oeuvres... [des] quatre Tisseur : une famille littéraire à Lyon / avec une introduction par Ed. Aynard"
            },
            {
                  "doc_url": "https://gallica.bnf.fr/ark:/12148/bpt6k5505174d",
                  "emotions": [
                        "love"
                  ],
                  "excerpt": "La vraie courtisane , c ' est Livie , qui , couchée au pied de la statue de Priape , se faisait heurter elle et .son amant par les porteurs de la li ^ tière d ' Auguste : La vraie courtisane , c ' est Messalirie , qui rapportait jusque sur l ' oreiller de Claude l ' odeur des lieux infâmes qu ' elle vcnaifede hanter .La vraie courtisane , c ' est .",
                  "id": "4",
                  "title": "La grande ville : nouveau tableau de Paris, comique, critique et philosophique. 2 / par MM. Paul de Kock, Balzac, Dumas etc... ; illustrations de Gavarni, Victor Adam, Daumier... etc."
            },
            {
                  "doc_url": "https://gallica.bnf.fr/ark:/12148/bpt6k5426753x",
                  "emotions": [
                        "love",
                        "relief",
                        "calmness"
                  ],
                  "excerpt": "yeux , petite .Se reposent sur toi ! A la brise embaumée Se mêle un doux parfum .Ma poitrine affamée Le déclare opportun .",
                  "id": "5",
                  "title": "Chansons et pièces diverses, par Eugène Langlois"
            },
            {
                  "doc_url": "https://gallica.bnf.fr/ark:/12148/bpt6k70861t",
                  "emotions": [
                        "admiration",
                        "love",
                        "desire",
                        "nostalgia",
                        "excitement",
                        "gratitude"
                  ],
                  "excerpt": "Resplendit à jamais , comme un astre inutile , La froide majesté de la femme stérile .XXVI LE SERPENT QUI DANSE Que j ' aime voir , chère indolente , De ton corps si beau , Comme une étoffe vacillante , Miroiter la peau ! Sur ta chevelure profonde Aux âcres parfums , Mer odorante et vagabonde i Aux flots bleus et bruns , Comme un navire qui s ' éveille Au vent du matin , Mon âme rêveuse appareille Pour un ciel lointain .Tes yeux , où rien ne se révèle De doux ni d ' amer , Sont deux bijoux froids où se mêle L ' or avec le fer .",
                  "id": "6",
                  "title": "Les fleurs du mal / par Charles Baudelaire"
            },
            {
                  "doc_url": "https://gallica.bnf.fr/ark:/12148/bpt6k65524105",
                  "emotions": [
                        "love",
                        "desire",
                        "envy",
                        "greed"
                  ],
                  "excerpt": "Avez - vous été assez prudent , mon fils ? N ' est - ce point la passion seule qui a parlé en vous .La passion , désir impur inspiré par le démon , saisit chaque créature par son côté faible : aux hommes sensuels et grossiers elle se présente dans sa nudité ; les autres , elle les attire en s ' entourant de fleurs aux senteurs perfides .Pour séduire l ' âme pure , elle reflète des couleurs poétiques , afin de ne point alarmer la conscience .",
                  "id": "7",
                  "title": "Le secret de la Maison-Forte / par Antonin Thivel"
            },
            {
                  "doc_url": "https://gallica.bnf.fr/ark:/12148/bpt6k5863452m",
                  "emotions": [
                        "love",
                        "gratitude",
                        "calmness"
                  ],
                  "excerpt": "I .Déilé pure , amante des coeurs sains , 0 belle Pudeur invoilée ! Toi , qui n ' indiques pas la forme de tes seins Sous ta chlamyde immaculée , Mais , sans baisser les yeux , marches en plein soleit Et n ' as jamais au front senti ton sang vermeil Brûler sous une impure idée .Beauté mâle ! on a donc avec son piédestal Fondu ton antique statue ? Et , dépit ou douleur , de la voir abattue , Tu nous as donc maudits , qu ' en ton temple banal On voit depuis vingt ans l ' aveugle foule en masse Devant la maigre enfant , qu ' on a mise à ta place , .",
                  "id": "8",
                  "title": "Émotions de citoyen. [Signé : Abel Jannet.]"
            },
            {
                  "doc_url": "https://gallica.bnf.fr/ark:/12148/bpt6k97673916",
                  "emotions": [
                        "love"
                  ],
                  "excerpt": "Macquer explique ce phénomène } le phlogistique des huiles , dit il , n ' est miscible aux esprits ardents , qu ' en conséquence de son acide qui a de l ' affinité avec leur phlegme : or cet acide est trop embarassé dans les huiles grasses , il lie se développe que par la redification ; aussi est - elle absolument necessaire pour qu ' elles deviennent dissolubles dans les esprits ardents ; au contraire , dans les huiles essentielles , cet acide est déja développé : si on les rectifie , il s ' évapore ; donc , sans rectification , elles sont miscibles aux esprits ardents } & , par la rectification , elles perdent cette propriété à cause du moyen nécessaire qu ' elles n ' ont plus .Un esprit ardent , avec un acide , bouillonne d ' abord j puis , par la distillation , on en tire un acide dulcifié , qui est clair , limpide , d ' une odeur suave & agréable .; Ces acides dulcifiés tempèrent , adoucissent 8c brident moins les sou fres volatils du sang ; c ' est ce qui fait qu ' en medecine on préféré , dans ce cas , les acides non dulcifiés ; mais , en recompense , ils fonc plus toniques , excepté l ' esprit de sel à qui cette vertu est essentielle .",
                  "id": "9",
                  "title": "Dictionnaire raisonné-universel de matiere médicale. Tome 1 / , concernant les végétaux, les animaux & les minéraux qui sont d'usage en médecine ; leurs descriptions, leurs analyses, leurs vertus, leurs propriétés, &c. recueillis de manuscrits originaux..."
            },
            {
                  "doc_url": "https://gallica.bnf.fr/ark:/12148/bpt6k5602758p",
                  "emotions": [
                        "love",
                        "envy"
                  ],
                  "excerpt": ".si vous saviez comme je le recueillis , plus enivrant et plus céleste , cet entretien de deux jeunes coeurs , quand Félicien , de sa bouche encore embaumée de Pauline , me le racontait peu d ' instans après ! .» .",
                  "id": "10",
                  "title": "Les Boucles d'oreilles, souvenirs de l'Ecole de droit, par Louis Méry"
            },
            {
                  "doc_url": "https://gallica.bnf.fr/ark:/12148/bpt6k70861t",
                  "emotions": [
                        "joy",
                        "love",
                        "excitement",
                        "gratitude"
                  ],
                  "excerpt": "Viens , mon beau chat , sur mon cœur amoureux ; Retiens les griffes de ta patte , Et laisse - moi plonger dans tes beaux yeux Mêlés de métal et d ' agate .Lorsque mes doigts caressent à loisir Et que ma main s ' enivre du plaisir Ta tête et ton dos élastique , De palper ton corps électrique , xxxm LE CHAT Je vois ma femme en espri t son regard , Comme le tien , aimable bête , Profond et froid , coupe et fend comme un dard , Et des pieds jusques à la tête , Un air subtil un dangereux parfum Nagent autour de son corps brun .XXXIV LE RALCON Mère des souvenirs , maîtresse des maîtresses , 0 toi , tous mes plaisirs , ô toi , tous mes devoirs – Tu te rappelleras la beauté des caresses , La douceur du foyer et le charme des soirs , Mère des souvenirs , maîtresse des maîtresses 1 Les soirs illuminés par l ' ardeur du charbon , Et les soirs au balcon , voilés de vapeurs roses Que ton sein m ' était doux que ton cœ ~ r m ' était bon 1 Nous avons dit souvent d ' impérissables choses Les soirs illuminés par l ' ardeur du charbon .",
                  "id": "11",
                  "title": "Les fleurs du mal / par Charles Baudelaire"
            },
            {
                  "doc_url": "https://gallica.bnf.fr/ark:/12148/bpt6k96772002",
                  "emotions": [
                        "joy",
                        "love"
                  ],
                  "excerpt": "V .VIOLETTE ODORANTE .— TRICOLORE .",
                  "id": "12",
                  "title": "Étude des fleurs. Botanique élémentaire, descriptive et usuelle. 6e édition, renfermant la flore du bassin moyen du Rhône et de la Loire, par l'abbé Cariot,.... Tome 3"
            },
            {
                  "doc_url": "https://gallica.bnf.fr/ark:/12148/bpt6k931714v",
                  "emotions": [
                        "love",
                        "desire",
                        "greed"
                  ],
                  "excerpt": "jD ) Matkina - douchka : la petite âme à maman .D après c ’ est la violette odorante , Récita d ’ un chasseur 30 lui dans une caresse , tandis que lui ..",
                  "id": "13",
                  "title": "Récits d'un chasseur : recueil complet des esquisses et récits publiés de 1847 à 1876 / Ivan Tourguéniev ; traduction nouvelle et intégrale avec commentaire, par Louis Jousserandot"
            },
            {
                  "doc_url": "https://gallica.bnf.fr/ark:/12148/bpt6k14114693",
                  "emotions": [
                        "love",
                        "approval"
                  ],
                  "excerpt": "La rose est la reine des rieurs .Son parfum est le plus suave de tous et sa délicatesse n ’ a point d ’ égale .La rose , dit saint François de Sales , représente l ’ amour ; ses feuilles ont toutes la forme de cœurs .",
                  "id": "14",
                  "title": "Les Fleurs de Mgr de Ségur, pensées et traits les plus touchants de sa vie , par le Mis de Ségur"
            },
            {
                  "doc_url": "https://gallica.bnf.fr/ark:/12148/bpt6k1166673w",
                  "emotions": [
                        "joy",
                        "love",
                        "nostalgia",
                        "gratitude",
                        "doubt",
                        "faith"
                  ],
                  "excerpt": ".Ne sembles - tu pas dire : Ne fuyez pas si vite , heures de ma chère solitude , vous apportez à mon cœur la plus douce sensation ! Le soleil brille , les fleurs ont un langage mystérieux ; l ’ air est imprégné d ’ une délicieuse senteur ; la voix des cloches se marie aux murmures qui s ’ exhalent de la voûte celeste ! Travailler , dit - on , c ’ est prier ..",
                  "id": "15",
                  "title": "Jenny, scènes de la vie ouvrière, par Adolphe Parrot"
            },
            {
                  "doc_url": "https://gallica.bnf.fr/ark:/12148/bpt6k14114693",
                  "emotions": [
                        "love",
                        "faith"
                  ],
                  "excerpt": "Jamais , je veux vous le dire pour votre consolation et votre encouragement , jamais je n ’ ai entendu si bien chanter en priant , si bien prier en chantant .Pour mes étrennes , je vous demande d ’ aimer chaque jour notre Jésus d ’ un amour aussi tendre que fort ; de ne jamais manquer par votre faute la céleste et divine commmunion de chaque matin ; de sentir bon Jésus toute la journée , et par conséquent toute l ’ année , vous enivrant ainsi les uns les autres de son parfum divin ; d ’ obéir à votre règle comme de vrais anges , et de travailler comme de vrais petits ânes , lesquels , quoi qu ’ en disent Ry PETITE FLEURS DU CLOITRE .209 les mauvaises langues , sont des bêtes très laborieuses , très modestes comme * vous , et sans aucun doute moins musiciennes que vous .",
                  "id": "16",
                  "title": "Les Fleurs de Mgr de Ségur, pensées et traits les plus touchants de sa vie , par le Mis de Ségur"
            },
            {
                  "doc_url": "https://gallica.bnf.fr/ark:/12148/bpt6k96772002",
                  "emotions": [
                        "love"
                  ],
                  "excerpt": "palmatilobées , à 3 - 5 lobes bordés de grosses dents inégales , glabres et luisantes , surtout en dessous ; calice il long tube jaune ; pétales purpurins et frangés au sommet ; baies noires à la maturité ; fl .jaunes dans leur ensemble , très - odorantes , en grappes d ' abord étalées , ensuite pendantes .jj .",
                  "id": "17",
                  "title": "Étude des fleurs. Botanique élémentaire, descriptive et usuelle. 6e édition, renfermant la flore du bassin moyen du Rhône et de la Loire, par l'abbé Cariot,.... Tome 3"
            },
            {
                  "doc_url": "https://gallica.bnf.fr/ark:/12148/bpt6k65524105",
                  "emotions": [
                        "love",
                        "desire",
                        "excitement"
                  ],
                  "excerpt": "Ah ! je comprends votre entraînement , la jeune fille est belle , trop belle peut - être .Une brillante fleur exhale un suave parfum , toutes les mains se tendent pour la cueillir .Sans doute , ce serait un beau triomphe de ra mener deux âmes à Dieu ! Veillons , veil lons .",
                  "id": "18",
                  "title": "Le secret de la Maison-Forte / par Antonin Thivel"
            },
            {
                  "doc_url": "https://gallica.bnf.fr/ark:/12148/bpt6k5805349r",
                  "emotions": [
                        "love"
                  ],
                  "excerpt": "Lo jardin des Tuileries était encore ouvert , quoique presque tout à fait sombre .Les terrasses couvertes de gravier paraissaient toutes blanches sous les arbres tout noirs ; dans les massifs , des couples d ' amoureux serrés l ' un contra l ' autre se promenaient en se parlant bas ; l ' odeur pénétrante des parterres s ' imprégnait dans les habits , dans les troncs d ' arbres , partout ; on eût dit que tout le jardin [ n ' était qu ' une immense cassolette .Ratier s ' en alla à grandes enjambées \\ crs le massif le plus rapproché , et , dès le bord , y trouva plusieurs rangées de chaises empilées .",
                  "id": "19",
                  "title": "Marier sa fille (9e édition) / par Henry Gréville"
            },
            {
                  "doc_url": "https://gallica.bnf.fr/ark:/12148/bpt6k352548",
                  "emotions": [
                        "admiration",
                        "love",
                        "gratitude"
                  ],
                  "excerpt": "Cette odeur exquise paraît être faite pour l ' homme , et le sens de l ' amour , avide de multiplier ses jouissances fait encore contribuer à son bonheur les conquêtes faites par l ' odorat .Voyons - nous une belle rosé ? elle est aussi - tôt pour nous i ' emblême de la beauté ; respirons - nous son odeur ? c ' est l ' haleine douce et délicieuse de l ' amantç pour qui nous brûlons - d ' amour et de , desirs notre imagination prête à tous ses charmes * la propriété d ' exhaler les odeurs qui nous sont les plus agréables .Les Sybarites , pour .",
                  "id": "20",
                  "title": "Mon voyage au Mont-d'Or , par l'auteur du \"Voyage à Constantinople, par l'Allemagne et la Hongrie\""
            }
      ]
}