{
      "articles": [
            {
                  "doc_url": "https://gallica.bnf.fr/ark:/12148/bpt6k65418707",
                  "emotions": [
                        "grief",
                        "love",
                        "nostalgia",
                        "gratitude"
                  ],
                  "excerpt": "Je sens déjà le doux baiser d ' un frère , Les serrements de mains des parents , des amis ; Je tombe dans les bras de mon excellent père , Et je m ' évanouis .Mais reprenant mes esprits endormis , J ' entends les cris d ' une voix qui m ' est chère , Les cris d ' un fils si doux pour le cœur de son père , Et j ' aperçois , en ouvrant ma paupière , Et mon épouse et ma bonne Milly Me faisant respirer un flacon de Bully .PLAINTES .",
                  "id": "1",
                  "title": "Yvonne ; : Yvonne ; Histoire d'une jeune fille ; La princesse d'Élide ; Nouvelles vagabondes ; Nouvelles vagabondes / Émile Monestier,..."
            },
            {
                  "doc_url": "https://gallica.bnf.fr/ark:/12148/bpt6k9331949",
                  "emotions": [
                        "joy",
                        "love",
                        "gratitude"
                  ],
                  "excerpt": "L ’ amour vint au monde dans lou jeune âge pe on l ’ empouetsche dans lai moue .Aiprés les piaisis les pieu » enivrants , les poinei les pieus cueillantes ; l ’ amour est un parfum que caresse , un fue que breule , un poignard que poiche lou coeu , un fresson que giaiee les sangs , uq pôson que tue .L ' amour se neurrit de crainte , d ’ espérance , d ’ illusions pe de regrati .",
                  "id": "2",
                  "title": "Le Publicateur des montagnes du Doubs"
            },
            {
                  "doc_url": "https://gallica.bnf.fr/ark:/12148/bpt6k4221615n",
                  "emotions": [
                        "love"
                  ],
                  "excerpt": "Dans le troisième baril on ne mettra que de l ’ alcoolat simple de mélisse : cela ainsi préparé , orf * prendra Du baril des aromates 5 parties < f .des herbes odorantes ..",
                  "id": "3",
                  "title": "Traité de pharmacie théorique et pratique, contenant les élémens, l'analyse et les formules de tous les médicamens, leurs préparations chimiques et pharmaceutiques, classées méthodiquement suivant la chimie moderne. Tome 1 / ... On a joint partout les comparaisons des nouveaux poids et mesures, toutes les prescriptions du nouveau \"Codex\" de Paris, et un très grand nombre d'autres préparations... par J.-J. Virey,... Nouvelle édition"
            },
            {
                  "doc_url": "https://gallica.bnf.fr/ark:/12148/bpt6k4221615n",
                  "emotions": [
                        "love"
                  ],
                  "excerpt": "Ce sont des tablettes fort pectorales , antiasthmatiques , béchi - ques .L ’ iris laisse une saveur de violettes dans la bouche .Cachou sans odeur .",
                  "id": "4",
                  "title": "Traité de pharmacie théorique et pratique, contenant les élémens, l'analyse et les formules de tous les médicamens, leurs préparations chimiques et pharmaceutiques, classées méthodiquement suivant la chimie moderne. Tome 1 / ... On a joint partout les comparaisons des nouveaux poids et mesures, toutes les prescriptions du nouveau \"Codex\" de Paris, et un très grand nombre d'autres préparations... par J.-J. Virey,... Nouvelle édition"
            },
            {
                  "doc_url": "https://gallica.bnf.fr/ark:/12148/bpt6k64646783",
                  "emotions": [
                        "love",
                        "pride",
                        "gratitude"
                  ],
                  "excerpt": "Ce lieu divin doit , à toute heure , Etre visité par l ' Amour .C ' est là , Nina , l ' heureux séjour Que j ' ai choisi pour ta demeure : Un gazon odorant et frais Déjà l ' entoure et le décore ; Mais les grâces et tes attraits Bientôt vont l ' embellir encore Quand lu uendrns dans un bosquet , Charmante , quoique sans parure , Composer un simple houquet , Pour en orner In chevelure ; Et quand le zéphyre amoureux , Volant sur ces verlt - s pelouses , Viendra jouer dans les cheveux , Tu rendras les roses jalouses .Sous ces bocages toujours verls , Dans ce séjour digne d ' envie , Je veux , oubliant l ' univers , Près de toi , consacrer ma vie Au dieu qui m ' inspira ces vers .",
                  "id": "5",
                  "title": "Recueil de poésies / par Narcisse Perrard,..."
            },
            {
                  "doc_url": "https://gallica.bnf.fr/ark:/12148/bpt6k45587809",
                  "emotions": [
                        "love",
                        "faith"
                  ],
                  "excerpt": "Imprécisions harmonieuses , symétriques , qui t ’ impressionnent et qui - ne sont qu ’ hallucination .Croyant , tu ne cherches pas à prouver ton dieu , tu l ’ adores , ce dieu , qui n ’ a ni matière , ni couleur , ni odeur et cela te suffit .Ce n ’ est qu ’ une forme , un contour , un rien , une imagination ; fait d ’ immatérialité il est seulement , réel dans ton esprit .",
                  "id": "6",
                  "title": "La Vie anarchiste : libre tribune anarchiste : paraissant chaque mois [\"puis\" chaque quinzaine]"
            },
            {
                  "doc_url": "https://gallica.bnf.fr/ark:/12148/bpt6k6557977m",
                  "emotions": [
                        "surprise",
                        "love",
                        "excitement"
                  ],
                  "excerpt": "Des plaisirs de l ' Amour aimables truchemens , On entend des baisers les doux susurremens , ( 3 ) Ou la vierge aux abois , d ' une voix languissante , Jettant le dernier cri de la pudeur mourante .L ' Echo reporte au loin , par des sons prolongés , Ces signes indiscrets des Plaisirs partagés , Le Zéphir , un instant , dans l ' Ether le balance , Et près de Flore accourt en faire confidence ; Leur mutuelle ardeur prend un nouvel essor , Sur les prés émaillés ils s ' unissent encor , Leur souffle se répand ; et soudain ranimée , Du fruit de leurs amours la terre est embaumée .En contemplant ces lieux et leurs tableaux divins , Diane met un terme à ses pas incertains ; Le délire enivrant pénètie dans son âme ; Son corps est dévoré d ' une brûlante flamme , Et si sa faible voix prononce quelques sons , Elle appelle l ' Amour et rêve à ses leçons .",
                  "id": "7",
                  "title": "La Dianéide , poëme en quatre chants, avec notes ; par G.-P., Cte Le Noble,..."
            },
            {
                  "doc_url": "https://gallica.bnf.fr/ark:/12148/bpt6k2053703",
                  "emotions": [
                        "love",
                        "desire",
                        "nostalgia",
                        "envy",
                        "greed",
                        "frustration"
                  ],
                  "excerpt": "Ton cœur palpite , ton âme s ' élève tu réclames à genoux les bonheurs innnis que te font rêver ces magnificences .Dérision L ' amour circule dans l ' air avec ces parfums et ces mélodies , et pourtant l ' amour n ' est pas de ce monde ; nous y aspirons , nous nous figurons pouvoir le saisir , et il nous échappe la pitié non plus , ne se rencontre pas ici - bas , et le dévouement n ' est qu ' un mot tous les cceurs s ' entourent d ' un rempart d ' airain , et le vieillard , qui devient inutile , ne trouve pas même à s ' abriter près de l ' enfant auquel il a donné la vie .Va , infortuné , continue ta route infructueuse ce n ' est pas moi qui peux t ' enseigner où tu atteindras sur la terre les célestes vertus que tu espères y découvrir .",
                  "id": "8",
                  "title": "Contes à mes nièces / par Mme S. Lockroy"
            },
            {
                  "doc_url": "https://gallica.bnf.fr/ark:/12148/bpt6k9736949j",
                  "emotions": [
                        "joy",
                        "love",
                        "optimism",
                        "relief",
                        "calmness"
                  ],
                  "excerpt": "Grimant aussi sur les saules le grand convolvulus aux cloches ' nches , hanté de la chenille verte , avec deux raies de nts noirs du sphynx du convolvulus gris et rose .Ces arbres , ces plantes , ces fleurs , ces insectes , tous ants , riches , les uns de brillantes couleurs , les autres de rures parfumées , tous heureux , amoureux .Pendant qu ' il s ' occupait ainsi de peupler son île , semblable Romulus ouvrant un asile dans la nouvelle ville de Rome n encore bâtie , Pierre fit une rencontre qui lui causa un i ' s vif plaisir , il vit sortir d ' un des trous du rocher neuf qui asquait la grille du ruisseau un grand et beau lézard vert ; lézard prenait donc son rocher au sérieux , c ' était un iomphe .",
                  "id": "9",
                  "title": "Hélène / par Alphonse Karr"
            },
            {
                  "doc_url": "https://gallica.bnf.fr/ark:/12148/bpt6k840446",
                  "emotions": [
                        "admiration",
                        "love",
                        "gratitude"
                  ],
                  "excerpt": "C ' est & tabla que l ' on cause haut et librement les bons vins délient les langues et allument les regards .Et si tu aimes ! o champ et le bois , la rivière et la grande route , va - t - en , une belle fille à ton bras Installe - toi sans honte sous la tonnelle raillée du cabaret français , et bois du vin clair dans des gros verres , et mange , dans l ' as - sictte peinte , l ' omelette que parfume l ' estragon , le cer - feuil et la ptmprenelle toutes les herbes de la Saint - Jeant ? ` IV Jouets .3t ( timbre i8M .",
                  "id": "10",
                  "title": "Notes d'un journaliste : vie, littérature, théâtre / Gustave Geffroy"
            },
            {
                  "doc_url": "https://gallica.bnf.fr/ark:/12148/bpt6k840446",
                  "emotions": [
                        "admiration",
                        "love"
                  ],
                  "excerpt": "Apres ! e romanesque du début , la rencontre de Claude et de Christine dans l ' illumination d ' éclairs et le fracas de tonnerre d ' une nuit d ' orage , plus rien ne vient distraire de ce déroulement lamentable d ' une vie d ' artiste .Les choses ont bien encore ces apparences de monstres vivants et respirants que leu < ; donne pcrpétueHement le romancier , poète grisé par les aspects , par les odeurs , par ta frémissement que dégagent les mots .Notre - Dame a des pattes et une échine .",
                  "id": "11",
                  "title": "Notes d'un journaliste : vie, littérature, théâtre / Gustave Geffroy"
            },
            {
                  "doc_url": "https://gallica.bnf.fr/ark:/12148/bpt6k282077x",
                  "emotions": [
                        "joy",
                        "love",
                        "optimism",
                        "nostalgia",
                        "gratitude",
                        "faith"
                  ],
                  "excerpt": "– Elle dit et m ' enlaçant dans ses bras plus moelleux que le duvet , elle m ' entraîna sur une pelouse toute parsemée de fleurs diverses .Quand sur le mont Ida le souverain des dieux S ' embrasa pour Junon de légitimes feux , Fleurs du myrte et du lis , violettes et roses Entouraient l ' heureux couple et naissaient tout écloses ; Ainsi , d ' un doux gawn nous prêtant le secours , La terre autour de nous fleurissait embaumée , Et d ' un jour plus vermeil la nature charmée Semblait sourire à nos amours .Sur cette pelouse , dans les bras l ' nn de l ' autre , nous préludions par mille baisers , avant - coureurs d ' un plaisir plus solide ; [ mais , saisi d ' une faiblesse subite , je trompai l ' attente de Circé .",
                  "id": "12",
                  "title": "Pétrone, Apulée, Aulu-Gelle : oeuvres complètes : avec la traduction en français / publiées sous la direction de M. Nisard,..."
            },
            {
                  "doc_url": "https://gallica.bnf.fr/ark:/12148/bpt6k54010008",
                  "emotions": [
                        "anger",
                        "love",
                        "desire",
                        "excitement"
                  ],
                  "excerpt": "Enfin il se trahit lui - même Par les esprits sortant de son corps échauffé .Mirault , sur leur odeur ayant philosophé , Conclut que c ' est son lièvre , et d ' une ardeur extrême Il le pousse ; et Rustaud , qui n ' a jamais menti , Dit que le lièvre est reparti .Le pauvre malheureux vint mourir à son gîte .",
                  "id": "13",
                  "title": "Fables de La Fontaine / illustrations de Vimar"
            },
            {
                  "doc_url": "https://gallica.bnf.fr/ark:/12148/bpt6k991426g",
                  "emotions": [
                        "joy",
                        "love",
                        "nostalgia",
                        "calmness"
                  ],
                  "excerpt": "sous mon pommier .UN FACHEUX ÉVÈNEMENT ans une petite ville de la plantureuse Saintonge qui produit ce fin cognac , topaze en fusion , chaleur du cœur , arôme du palais , vivaient dernièrement deux couples heureux , quoique ou parce que sans enfants , et que des relations de bon voisinage avaient réunis dans une mutuelle affection .M .",
                  "id": "14",
                  "title": "Almanach du monde plaisant"
            },
            {
                  "doc_url": "https://gallica.bnf.fr/ark:/12148/bpt6k62878t",
                  "emotions": [
                        "love"
                  ],
                  "excerpt": "O ' dtait un sujet que je n ' aimais guère à agiter et , né pouvant l ' éviter , j ' étais bien forcé de mentir .Je me mis donc à lui décrire une île enchantée , pareille à Taiti , où les amants entrelacés , sous les voûtes ombreuses et parfumées des forêts tropicales , passaient toute leur vie dans des langueurs d ' amour .Mais elle interrompait mes poétiques digressions par des questions plutôt prosaïques .",
                  "id": "15",
                  "title": "Le nègre de Paris / Raoul Gineste"
            },
            {
                  "doc_url": "https://gallica.bnf.fr/ark:/12148/bpt6k54418768",
                  "emotions": [
                        "love",
                        "curiosity"
                  ],
                  "excerpt": "« Enfin , il se trahit lui - même \" Par les esprits sortant de son corps échauffe .\" Miraut , sur leur odeur ayant philosophé , ■ ' Conclut que c ' est un lièvre , et d ' une ardeur extrême » Il le pousse ; et Rutaut , qui n ' a jamais menti , \" Dit que le lièvre est reparti .» Il retourne probablement « songer en son gîte » , car \" Cet animal est triste et la crainte le ronge .",
                  "id": "16",
                  "title": "Esquisse sur les \"Fables\" de La Fontaine, par Gaston Des Godins de Souhesmes"
            },
            {
                  "doc_url": "https://gallica.bnf.fr/ark:/12148/bpt6k201375w",
                  "emotions": [
                        "love"
                  ],
                  "excerpt": "On les administre en .décoction comme fébrifuge , apéritif , stimulant le suc de la plante est appliqué avec succès sur la peau dans les affections sécrétantes telles que l ' impétigo .Bot .",
                  "id": "17",
                  "title": "Dictionnaire des dictionnaires. Lettres, sciences, arts, encyclopédie universelle. T. 1, A-BISOT / sous la dir. de Paul Guérin"
            },
            {
                  "doc_url": "https://gallica.bnf.fr/ark:/12148/bpt6k6253032z",
                  "emotions": [
                        "love",
                        "approval"
                  ],
                  "excerpt": "arbrisseau à .fleurs odorantes .SERINGUE , sf .",
                  "id": "18",
                  "title": "Nouveau dictionnaire français : renfermant... partie orthographique... géographique... historique... mythologique... (Nouvelle édition entièrement refondue avec addition des étymologies et de plus de 3000 mots) / par J. George"
            },
            {
                  "doc_url": "https://gallica.bnf.fr/ark:/12148/bpt6k54374025",
                  "emotions": [
                        "joy",
                        "love",
                        "optimism",
                        "nostalgia",
                        "pride"
                  ],
                  "excerpt": "Là - bas , tout là - bas , sur son rempart , La Dame d ' Azur , des lilas dans les mains , Salue .Et la nef s ' orne de maints Pavois , dont la jeune orgueilleuse candeur Rit aux baisers futurs , à l ' odeur Dos vents qu ' ont vantés les dorades en or .Petite nef , pour mieux plaire encor A la Dame des bleus palais d ' horizon Emplis tes flancs d une cargaison De beaux cadeaux naïfs comme ton printemps Et vogue ravie aux flots contents .",
                  "id": "19",
                  "title": "Album de vers et de prose (3e édition) / Charles Vignier"
            },
            {
                  "doc_url": "https://gallica.bnf.fr/ark:/12148/bpt6k54374025",
                  "emotions": [
                        "love"
                  ],
                  "excerpt": "Parmi l ' azur nébuleux Meurent les flammes moroses , Nous aurons des cierges roses Kt bkus ! De pétales de fleurs blanches , Nous parsèmerons les lits Où lents se pâment les lys , Tes hanches : Cercle ton ondulcux col De sequins et de grains d ' ambre , Kt tes yeux , cieux de septembre .De kohl ; Kt l ' on oindra d ' aromates Tes cheveux roux , et les chers Fards aviveront tes chairs Trop mates ..",
                  "id": "20",
                  "title": "Album de vers et de prose (3e édition) / Charles Vignier"
            }
      ]
}