{
      "articles": [
            {
                  "doc_url": "https://gallica.bnf.fr/ark:/12148/bpt6k6469358v",
                  "emotions": [
                        "love",
                        "nostalgia",
                        "gratitude"
                  ],
                  "excerpt": "Oh ! l ' Espagne ! voilà ses rivages bizarres , Ses ports offrant à l ' œil de sublimes beautés ; Et ses trois oasis , les trois sœurs Baléares Luxueuses de voluptés ! Pauvre Espagne ! jadis elle étendait ses voiles Sur bien des mers ; son trône était de diamant ; Elle avait sous sa loi plus d ' îles que d ' étoiles N ' étincellent au firmament ! La voilà bien déchue , en vain sa Barcelonne Sous les vents alysés jette ses sloops aux flots ! En vain ses mille yachts sortent de Tarragone Avec de nombreux matelots ! En vain ses Malaga , ses raisins d ' Alicante Offrent leur doux nectar à l ' Orient yermeil ! En vain ses fresques d ' or et ses feuilles d ' acanthe Brillent sans rayons de soleil ! Laissons - la s ' endormir ! revoyons notre France ! Du moins l ' air qu ' on y boit est bien moins énervant ! Du moins aux cœurs déçus un éclair d ' espérance Sillonne la nuit en rêvant ! .Marseille ! Je reviens de mon pèlerinage ! 0 magique cité , que j ' aime avec transport ! Je viens me reposer sous quelque frais ombrage Non loin des grèves de ton Port ! Je viens te demander une bastide blanche Où je puisse chanter mon rêve oriental ; Où je puisse poser mon pâle front qui penche Comme frappé d ' un sceau fatal ! Sur cette belle mer , Marseille , tu domines Comme sur ta cité domine avec amour Ta Vierge de la Garde , où les senteurs marines Montent à flots au point du jour 1 .Conserve ton fleuron ! tu surpasses Cartilage ; Les bazars d ' Orient , Smyrne , Tyr et Sidon ; Et Lisbonne flottant sur la mer et le Tage ; Et Venise dans Fabandon ! .",
                  "id": "1",
                  "title": "Méridionales, poésies intimes, par A. Thévenot,..."
            },
            {
                  "doc_url": "https://gallica.bnf.fr/ark:/12148/bpt6k6461568f",
                  "emotions": [
                        "grief",
                        "love",
                        "desire",
                        "nostalgia",
                        "envy",
                        "faith"
                  ],
                  "excerpt": "Le Ciel .0 filles d ' Apollon ! parfum pur et suave , De qui toujours mon âme espère être l ' esclave , De qui ma faible lyre attend tous les trésors ; A mes jeunes accents , daignez , muses chéries , Donner le feu divin et les grâces fleuries De vos mélodieux accords .Vous qui jadis le soir sur le mont du Parnasse , Du plus haut de l ' Olympe où Jupiter se place Sur un trône suprême , œuvre auguste des dieux , Dictiez les vers d ' Homère avec tant de délire , Que tout l ' Eden céleste , aux échos de sa lyre , Ici - bas le cherchait des yeux .",
                  "id": "2",
                  "title": "Les idéales : improvisations poétiques / par Pierre Parisset"
            },
            {
                  "doc_url": "https://gallica.bnf.fr/ark:/12148/bd6t5368243c",
                  "emotions": [
                        "love",
                        "faith"
                  ],
                  "excerpt": "L ’ une après l ’ autre , les sœurs s ’ inclinèrent pour ■ embrasser leur immobile amie .Le baiser de sœur Marie - Emmanuelle fleurait l ’ empois frais de la guimpe et de la cornette ; une odeur dévote de cire et d ’ encens restait prise au voile de sœur Paule de la Croix ; et le relent des légumes épluchés pour fournir aux longues tablées du couvent , imprégnait les vêtements un peu lustrés de sœur Isidore ..",
                  "id": "3",
                  "title": "La bête divine / Amélie Murat"
            },
            {
                  "doc_url": "https://gallica.bnf.fr/ark:/12148/bpt6k61161495",
                  "emotions": [
                        "love",
                        "faith"
                  ],
                  "excerpt": "C ' est que jamais à Dieu l ' hommage de la terre N ' a d ' une telle offrande apporté le tribut .Les morts se réveillant pourraient - ils donc se taire , Quand l ' univers entier chanle en toi le mystère Et l ' aurore de son salut ! - 36 — Le temple se remplit d ' odorante fumée , Et sa voûte s ' entr ' ouvre aux voeux des assistants , Car le Seigneur t ' apporte , ô Vierge bien - aimée ! Une couronne blanche et toute parfumée Comme les roses du printemps .II Oh ! reçois - la cette couronne , Enfant , le Dieu qui te la donne La réservait pour ta beauté ; Et sur ton front qu ' elle décore , Elle doit refleurir encore Pendant toute l ' éternité .",
                  "id": "4",
                  "title": "Les fleurs de Mai, hymnes à Marie, par un de ses enfants"
            },
            {
                  "doc_url": "https://gallica.bnf.fr/ark:/12148/bpt6k938822p",
                  "emotions": [
                        "love",
                        "nostalgia",
                        "doubt"
                  ],
                  "excerpt": "LE DUC .Non , non ! Viens sur mon cœur ! Reste en mes bras penchée Violette d ' amour , fleur modeste et cachée 1 Lève tes grands yeux vers mes yeux ! Ai - je pu , dédaignant les fleurs humbles écloses , Préférer la senteur orgueilleuse des roses A ton parfum mystérieux ? ..",
                  "id": "5",
                  "title": "Conte d'avril, comédie en 4 actes et 6 tableaux, en vers, musique de C.-M. Widor. [Paris, Odéon, 22 septembre 1885.] / Auguste Dorchain"
            },
            {
                  "doc_url": "https://gallica.bnf.fr/ark:/12148/bpt6k54499659",
                  "emotions": [
                        "love"
                  ],
                  "excerpt": "puis tombe roide mort sur son grabat ! ! ! , * * UN CAL1X0 FEMELLE Un de mes amis a pour domestique une Flamande , grosse joufflue à l ' air appétissant , douée de la plus grande naïveté .Dernièrement , le commissionnaire du coin apporte une lettre , dont le parfum délicat vous l ' ait deviner que c ' est une femme et souvent une ' femme aimée qui vous écrit ..",
                  "id": "6",
                  "title": "Le Passe-temps de l'entr'acte : journal périodique, comique, critique, caustique, parodique, prosaïque, poétique, épisodique, anecdotique, biographique, élastique / [gérant Aliquis]"
            },
            {
                  "doc_url": "https://gallica.bnf.fr/ark:/12148/bpt6k95721x",
                  "emotions": [
                        "love"
                  ],
                  "excerpt": "Le ~ a « M , Me d ' ilersche ) , participe bien de cette contradiction par tahudcurde sa voix et de ses pattes si choquantes il cote de son brillant uiumage .Cependant icctavier d ' amour est celui qui devr : ut donner les arômes les plus violents par aMiogie aux impressions de cette passion qui sont tes plus fo ) tes ; aussi ce ciavier a - t - ii donnes de ) : sucs très [ ] .Dans tes cas très rares où il a fourni d ' arôme franc .",
                  "id": "7",
                  "title": "La Phalange : journal de la science sociale : politique, industrie, sciences, art et litterature / M. Considérant, directeur"
            },
            {
                  "doc_url": "https://gallica.bnf.fr/ark:/12148/bpt6k1162332p",
                  "emotions": [
                        "love"
                  ],
                  "excerpt": "Tiens ! comme ceci .Il joignait l ’ acte au précepte , et leur baiser , d ’ une exquise saveur , se prolongea dans le mystère du boudoir fleuri comme un parterre où flottaient des odeurs grisantes , aphrodisiaques ..",
                  "id": "8",
                  "title": "Le Charme : photographies d'après nature"
            },
            {
                  "doc_url": "https://gallica.bnf.fr/ark:/12148/bpt6k5829081q",
                  "emotions": [
                        "joy",
                        "love"
                  ],
                  "excerpt": "318 PLANTES MEDICINALES .VIOLETTE ODORANTE .Viola odorala , L .",
                  "id": "9",
                  "title": "Traité des plantes médicinales indigènes, précédé d'un Cours de botanique, par Antonin Bossu..."
            },
            {
                  "doc_url": "https://gallica.bnf.fr/ark:/12148/bpt6k74834w",
                  "emotions": [
                        "grief",
                        "love",
                        "nostalgia",
                        "faith"
                  ],
                  "excerpt": "Un de ses bras pendoit de la funèbre cpuclie L ' autre languissamment replié sur son cœur Sembloit chercher encore et presser sur sa bouche L ' Image ; du Sauveur .Ses lèvres s ' entr ' ouvroient pour l ' embrasser encore Mais son âme avoit fui dans ce divin baiser , Comme un léger parfum que la mamme dévore Avant de l ' embraser .Maintenant tout dormoit sur sa bouche glacée Le souNe se taisoit dans son sein endormi , Et sur rn ' H sans regards la paupière anaissee Retomboit à demi .",
                  "id": "10",
                  "title": "Les jurassiens recommandables par des bienfaits, des vertus, des services plus ou moins utiles, et par des succès obtenus dans la pratique des arts et des sciences , pour servir à la statistique morale du Jura et à l'histoire des arts en Franche-Comté, par D. Monnier,..."
            },
            {
                  "doc_url": "https://gallica.bnf.fr/ark:/12148/bpt6k37209x",
                  "emotions": [
                        "grief",
                        "love",
                        "nostalgia"
                  ],
                  "excerpt": "Jamais personne ne saura rien de notre aventure .Elle restera dans mon souvenir comme une fleur étrange trop peu respirée , et , si nul être humain n ' apprendra cet amour , j ' en garderai toujours en moi ! e parfum délectable .Merci ! Elle eut pour Marc , en disant ce mot , un regard où se trahissait son regret à elle , et il s ' en alla , moins triste .",
                  "id": "11",
                  "title": "Homo-Deus : le satyre invisible / Felicien Champsaur"
            },
            {
                  "doc_url": "https://gallica.bnf.fr/ark:/12148/bpt6k6285754d",
                  "emotions": [
                        "joy",
                        "love",
                        "gratitude"
                  ],
                  "excerpt": "Aucun Normand n ' engendre la névrose .Chantez l ' amour , aux parfums enchanteurs , De la liqueur , la reine des liqueurs , Qui séduira Caroline , Augustine , Quand on noiera leurs baisers cajoleurs Dans un hanap plein de Bénédictine .Hardis buveurs , aux rognons querelleurs , Le cidre est traître et le vin est morose .",
                  "id": "12",
                  "title": "Au pays des belles Béarnaises / Jules Le Teurtrois,..."
            },
            {
                  "doc_url": "https://gallica.bnf.fr/ark:/12148/bpt6k6285754d",
                  "emotions": [
                        "love",
                        "nostalgia",
                        "pride",
                        "gratitude"
                  ],
                  "excerpt": "Je te cherche , ô ma perle ! ô mon étoile aimée ! Mais London est trop loin , et la New - Year s ' en vient .Je garde dans ma chair sa trace parfumée .Ma lèvre éperdûment en restera charmée .",
                  "id": "13",
                  "title": "Au pays des belles Béarnaises / Jules Le Teurtrois,..."
            },
            {
                  "doc_url": "https://gallica.bnf.fr/ark:/12148/bpt6k6375496p",
                  "emotions": [
                        "love"
                  ],
                  "excerpt": "CHAIR blanche ., fine , serrée , fondante , bien juteuse , su crée - acidulée , agréablement parfumée .Qualité BONNE ou TRES BONNE .",
                  "id": "14",
                  "title": "Catalogue descriptif des fruits adoptés par le Congrès pomologique / Société pomologique de France"
            },
            {
                  "doc_url": "https://gallica.bnf.fr/ark:/12148/bpt6k95721x",
                  "emotions": [
                        "love"
                  ],
                  "excerpt": "En générât et sauf rares exceptions , les ( teurs à demi - inclinées sont emblématiques du lien familial ou descendant , lien familial et paternel .Chez les mcrcs , il excite un amour dolent et aveugle aussi la nature a - t - elle doué d ' un violent parfum la Jonquille , hiéroglyphe dot ' amour maternel .Cet amour est un charme qui natt de soins pénibles aussi la fleur s ' é ) eve - t - e ! te sur des aiguilleS au lieu de feui ) ) cs .",
                  "id": "15",
                  "title": "La Phalange : journal de la science sociale : politique, industrie, sciences, art et litterature / M. Considérant, directeur"
            },
            {
                  "doc_url": "https://gallica.bnf.fr/ark:/12148/bpt6k5829081q",
                  "emotions": [
                        "love"
                  ],
                  "excerpt": "EACEMOSTJW : ( Ail des chiens ) .Fleurs en épi court , serré , odorantes .M .",
                  "id": "16",
                  "title": "Traité des plantes médicinales indigènes, précédé d'un Cours de botanique, par Antonin Bossu..."
            },
            {
                  "doc_url": "https://gallica.bnf.fr/ark:/12148/bpt6k5829081q",
                  "emotions": [
                        "love"
                  ],
                  "excerpt": "Lilas ordinaire ) .Fleurs violettes ou blanches , très odorantes ..",
                  "id": "17",
                  "title": "Traité des plantes médicinales indigènes, précédé d'un Cours de botanique, par Antonin Bossu..."
            },
            {
                  "doc_url": "https://gallica.bnf.fr/ark:/12148/bpt6k4246062b",
                  "emotions": [
                        "love"
                  ],
                  "excerpt": "La chair est tendre et blanche .L ' odeur est faible , rappelant un peu celle du Mousseron ; la saveur agréable est celle d ’ amande .Cette espèce est comestible , elle est vendue , d ' après M .",
                  "id": "18",
                  "title": "Atlas des champignons comestibles et vénéneux : ouvrage contenant la description de toutes les espèces comestibles et vénéneuses de la France / par M. J. Costantin,..."
            },
            {
                  "doc_url": "https://gallica.bnf.fr/ark:/12148/bd6t5368243c",
                  "emotions": [
                        "love"
                  ],
                  "excerpt": ".Puisque la chère vieille , qui ne soupçonnait rien , goûtait et louangeait sur elle le parfum secret du jeune amour .IX Ce soir - là , Viviane qui depuis longtemps s ’ endormait sur une prière hâtive murmurée au bord du sommeil , Viviane s ' agenouilla dans sa chambre , et , mains jointes , conjura de toute sa ferveur : ( ( O mon Dieu , pardonnez - moi si j ’ ai commis une grande faute ! Vous savez quelle est ma vie , et que je craignais de mourir à ma tâche .",
                  "id": "19",
                  "title": "La bête divine / Amélie Murat"
            },
            {
                  "doc_url": "https://gallica.bnf.fr/ark:/12148/bpt6k5493764q",
                  "emotions": [
                        "love",
                        "desire",
                        "excitement",
                        "gratitude",
                        "caring"
                  ],
                  "excerpt": "' io3 .Que j ' aimeàvoif arriver ce beau jour Où je puis de mon ! coèur ; vôiis offrir sans détour Le zèle , le respect ' ) la ' tendresse sincère ! : J ' ai besoin , il est vrai , d ' une voix étrangère Pour exprimer ce que ' mon coeur nie dit : Pour le sentir , ah ! lui seul me suffit * ( 63 ) 5104 - De ces fleurs recevez l ' hommage ; Respirëz - en la douce odeur : Qu ' à vos yeux elles soient llimage De mes voeux pour votre bonheur .jo5 .",
                  "id": "20",
                  "title": "Le jardin de l'enfance, de la jeunesse et de tous les âges, ou Complimens du jour de l'an et des fêtes pour des parens, des bienfaiteurs, des amis, etc. ; par P*** 7e édition..."
            }
      ]
}