{
      "articles": [
            {
                  "doc_url": "https://gallica.bnf.fr/ark:/12148/bpt6k5467946w",
                  "emotions": [
                        "grief",
                        "love",
                        "embarrassment"
                  ],
                  "excerpt": "IV PRINTEMPS TENDUE , la jeune femme rousse , Que tant d ' innocence émoustille , Dit à la blonde jeune fille Ces mots , tout bas , d ' une voix douce : « Sève qui monte et fleur qui pousse , Ton enfance est une charmille : Laisse errer mes doigts dans la mousse Où le bouton de rose brille , 3 - § - 26 « 4 « « 4 « parmi l ' herbe claire , Boire les gouttes de rosée Dont la fleur tendre est arrosée , — « Afin que le plaisir , ma chère , Illumine ton front candide Comme l ' aube l ' azur timide .» V ÉTÉ ET l ' enfant répondit , pâmée Sous la fourmillante caresse De sa pantelante maîtresse : « Je me meurs , ô ma bien - aimée ! « Je me meurs : ta gorge enflammée Et lourde me soûle et m ' oppresse ; Ta forte chair d ' où sort l ' ivresse Est étrangement parfumée ; 28 « Elle a , ta chair , le charme sombre Des maturités estivales , - Elle en a l ' ambre , elle en a l ' ombre ; « Ta voix tonne dans les rafales , Et ta chevelure sanglante Fuit brusquement dans la nuit lente .» VI SAPPHO FURIEUSE , les yeux caves et les seins roides , Sappho , que la langueur de son désir irrite , Comme une louve court le long des grèves froides , Elle songe à Phaon , oublieuse du Rite , Et , voyant à ce point ses larmes dédaignées , Arrache ses cheveux immenses par poignées ; Puis elle évoque , en des remords sans accalmies , Ces temps où rayonnait , pure , la jeune gloire De ses amours chantés en vers que la mémoire De l ' âme va redire aux vierges endormies : 3 .",
                  "id": "1",
                  "title": "Parallèlement (Édition accompagnée de documents inédits) / Paul Verlaine ; avec un frontispice gravé sur bois par P.-Eug. Vibert"
            },
            {
                  "doc_url": "https://gallica.bnf.fr/ark:/12148/bd6t5372171x",
                  "emotions": [
                        "love"
                  ],
                  "excerpt": "Nicole respire avec violence l ’ odeur du gazon jeune .Elle en cueille quelques brins , les broie entre ses doigts et presse ses mains parfumées sur son visage .Nous marchons rapidement , l ’ air frais et vif tourbillonne et nous oppose une délicieuse résistance , je me sens alerte et disposé au jeu , à la lutte , à la course .",
                  "id": "2",
                  "title": "Octave / P. Régnier"
            },
            {
                  "doc_url": "https://gallica.bnf.fr/ark:/12148/bpt6k56207257",
                  "emotions": [
                        "admiration",
                        "joy",
                        "love",
                        "excitement",
                        "gratitude"
                  ],
                  "excerpt": "Ne te poudre plus la tête Que des cendres de ta fin ; Laisse le musc le plus fin , L ' ambre gris et la cnelle , Et l ' essence du jasmin , Aux Dames que l ' on muguette .La fleur odoriférante Te dit duos le fond du coeur : Exhale la bonne odeur D ' une vie édifiante , Pour mériter la senteur De la Cité permanente .L ' Attouchement ' Sien de .",
                  "id": "3",
                  "title": "Cantiques de l'âme dévote... nouvelle édition... par Mr Laurent Durand,..."
            },
            {
                  "doc_url": "https://gallica.bnf.fr/ark:/12148/bpt6k9690362w",
                  "emotions": [
                        "love"
                  ],
                  "excerpt": "Ces vapeurs , en se déplaçant sous les plis des rideaux , provoquent , par le plus agréable des souvenirs de l ' olfaction , la rumination du péché que nous avons vu le poète appeler : « la bêtise des hommes et l ' esprit de Dieu » .Pourquoi chiffonne - t - on la femme qu ' on aime ? — La sécrétion du parfum naturel du corps humain n ' est jamais plus intime , ni plus séduisante qu ' à l ' heure solennelle de l ' ébulli - tion des creusets vivants de l ' humanité .Il n ' y a là qu ' un phénomène ordinaire .",
                  "id": "4",
                  "title": "Le parfum de la femme et le sens olfactif dans l'amour : étude psycho-physiologique / par Augustin Galopin,..."
            },
            {
                  "doc_url": "https://gallica.bnf.fr/ark:/12148/bpt6k64673854",
                  "emotions": [
                        "annoyance",
                        "love",
                        "nostalgia",
                        "gratitude",
                        "amusement"
                  ],
                  "excerpt": "( SHELLEY , Queen Mab ) .Ah ! petite folle mutine , De ton gentil rire argentin Et de ta bouche gui butine , Par ci , par là , quelque baiser lutin ; De ton haleine parfumée .De tes cheveux à tresses d ' or Et de ta gorge tant aimée Qui de ton cœur renferme le trésor ; De tes pas , de toi , de ton ombre Je suis follement amoureux : Et serai toujours triste et sombre Si tu ne viens , enfant , me rendre heureux ! 3 mai 1858 .",
                  "id": "5",
                  "title": "Miscellanées : poésies / par O. J. R."
            },
            {
                  "doc_url": "https://gallica.bnf.fr/ark:/12148/bpt6k373328r",
                  "emotions": [
                        "grief",
                        "love",
                        "disappointment"
                  ],
                  "excerpt": ".Et l ' Amour a passé quand même , Et l ' Amour a tout renversé ! Sachet Dans ce bahut de bois sculpté Où dorment toutes vos toilettes Il suffit d ' un sachet jeté , OEillets , iris ou violettes : Aussitôt , dans le meuble ancien , Soie et batiste , tout s ' embaume ; Désormais vous n ' y prenez rien D ' où ne sorte le doux arome .Ainsi , pour un seul mot cueilli Sur votre lèvre enchanteresse , Mon coeur tout entier s ' est rempli D ' une fine odeur de tendresse ; Et depuis lors , depuis le jour Où vous m ' avez dit : « je vous aime ! » Je ne trouve rien en moi - même Où ne soit la senteur d ' amour .",
                  "id": "6",
                  "title": "Le Son d'une âme / Louis Legendre"
            },
            {
                  "doc_url": "https://gallica.bnf.fr/ark:/12148/bpt6k37068w",
                  "emotions": [
                        "love"
                  ],
                  "excerpt": "Des amitiés qu ' elle n ' a pas cherchées se penchent sur elle et l ' entourent de leur protection , d ' humbles tendresses vivent et meurent cachées sur son passage .Elle les ignore ou les soupçonne à peine dans l ' atmosphère embaumée qui circule autour d ' elle pensées et parfums exhalés d ' invisibles cœurs .N ' est - il pas tout simple qu ' on l ' aime et qu ' on se dévoue en silence , sans nulle prétention , sans aucun espoir ? Comme pour émouvoir son naturel dédain , tous les biens lui viennent en abondance .",
                  "id": "7",
                  "title": "La Revue des lettres : paraît le 15 de chaque mois / directeur Georges Barbarin"
            },
            {
                  "doc_url": "https://gallica.bnf.fr/ark:/12148/bpt6k6454533w",
                  "emotions": [
                        "joy",
                        "love",
                        "optimism",
                        "excitement",
                        "gratitude"
                  ],
                  "excerpt": "Ce fut pour glorifier ce dernier baiser , pour l ' éterniser dans sa mémoire et dans celle de son amante , que le jeune Émilien composa ces strophes : BAISER D ' AMOUR .Baiser d ' amour , caresse dévorante , Soif de bonheur qu ' on ne peut apaiser ; Le cœur s ' embrase à ta flamme puissante ; Tout est parfum , ivresse délirante Au milieu d ' un baiser .Divin baiser de celle qu ' on adore , Rapide éclair qui vient électriser , Ton feu sacré m ' inonde et me dévore , La vie échappe et l ' âme s ' évapore Au milieu d ' un baiser .",
                  "id": "8",
                  "title": "Hygiène des plaisirs selon les âges, les tempéraments et les saisons (2e édition) / par A. Debay"
            },
            {
                  "doc_url": "https://gallica.bnf.fr/ark:/12148/bpt6k997703",
                  "emotions": [
                        "grief",
                        "sadness",
                        "love",
                        "nostalgia",
                        "gratitude",
                        "disappointment"
                  ],
                  "excerpt": "C ' est Joseph 1 L ' un pour un grand hôtel piste , C ' est Baptiste 1 L ' autre a les fonctions de chef C ' est Joseph 1 Terminons là notre liste , Sur Baptiste 1 Pour aujourd ' hui soyons bref , Sur Joseph ! Quand vous recevrez cette Seur , Qui porte votre nom , Rosine , Si vous approchez de son cœur Votre lèvre rose et mutine , Vous y trouverez le baiser Que vous m ' avez , chère traîtresse , Permis jadis de déposer Sur votre bouche enchanteresse Pourtant n ' appuyez pas trop fort .Car , sous l ' effet de votre charme , De cet humble souvenir mort Vous feriez jaillir une larme Allons jetez vite en un coin Cette fleurette parfumée Que vous adresse , hélas de loin , Celui qui vous a tant aimée Quand votre pied l ' écrasera , Si vous sentez une caresse C ' est mon amour qui reviendra Mourir aux pieds de sa maîtresse Vichy , ~ 77 .ROSE A ROSE A LA MAIRIE ! A ' H .",
                  "id": "9",
                  "title": "Mes grelots / Louis Lasteyras. avec une lettre de M. Alphonse Daudet"
            },
            {
                  "doc_url": "https://gallica.bnf.fr/ark:/12148/bpt6k373328r",
                  "emotions": [
                        "love",
                        "nostalgia"
                  ],
                  "excerpt": ".Mais si tu veux des fleurs , approche et vois reluire En mes yeux les bluets sans parfum de tes yeux ! Absolution Depuis longtemps déjà mon secret m ' étouffait ! Un coeur trop plein éclate à moins qu ' il ne s ' épanche : Le mien s ' est confessé .Sur une feuille blanche J ' ai conté les erreurs de ce coeur imparfait .",
                  "id": "10",
                  "title": "Le Son d'une âme / Louis Legendre"
            },
            {
                  "doc_url": "https://gallica.bnf.fr/ark:/12148/bpt6k9690362w",
                  "emotions": [
                        "love",
                        "indifference"
                  ],
                  "excerpt": "On s ' étonne de certaines ruptures entre deux beaux sujets pleins d ' esprit , rayonnants de jeunesse et de beautés physiques .On ne songe pas aux parfums spéciaux de ces deux amoureux de passage , parfums doublement antipathiques ou antipathiques seulement pour l ' un des deux .C ' est un collage , mais ce ne sera jamais un mariage , malgré toute l ' autorité de la loi des hommes .",
                  "id": "11",
                  "title": "Le parfum de la femme et le sens olfactif dans l'amour : étude psycho-physiologique / par Augustin Galopin,..."
            },
            {
                  "doc_url": "https://gallica.bnf.fr/ark:/12148/bpt6k2059780",
                  "emotions": [
                        "admiration",
                        "joy",
                        "love",
                        "nostalgia",
                        "gratitude",
                        "amusement"
                  ],
                  "excerpt": "sur la terre est visible , C ' est sur le front rêveur des filles de vingt ans , Qui ne savent encor lire que dans la Bible Et n ' ont que de l ' azur dans leurs yeux éclatants .La fraise qui rougit et tombe sur la mousse , La pêche mûrissant sur l ' espalier qui rit , N ' ont pas de tons plus vifs ni de senteur plus douce Que la double colline où mon amour fleurit .La neige que l ' hiver sème dans la vallée Est moins blanche et moins rose aux derniers feux du j our Que ton flanc chaste et doux , quand , tout échevelée , Un rayon amoureux te baise avec amour .",
                  "id": "12",
                  "title": "Les légendes de la jeunesse / par Arsène Houssaye"
            },
            {
                  "doc_url": "https://gallica.bnf.fr/ark:/12148/bpt6k5846592v",
                  "emotions": [
                        "admiration",
                        "love",
                        "relief",
                        "gratitude",
                        "calmness",
                        "approval"
                  ],
                  "excerpt": "Au milieu de l ' éclat des instrumens d ' alarmes , Plantes , que vous avez pour moi de bien doux charmes - ï Si dans cette cité je faisais mon séjour , Je viendrais fréquemment vous montrer mon amour .A votre aspect on goûte une volupté pure , O séduisantes fleurs ! filles de la nature ; Vos couleurs , vos parfums , votre variété , Répandent sur mon front de la sérénité : Vous enchantez mes yeux , et mon âme est émue Par vos touchans attraits prodigués à ma vue .( ï ) L ' arbre que je désigne existe à l ' Ile de France , dans .",
                  "id": "13",
                  "title": "Brest, poème en 16 chants, par Honoré Dumont"
            },
            {
                  "doc_url": "https://gallica.bnf.fr/ark:/12148/bpt6k920670k",
                  "emotions": [
                        "love",
                        "relief",
                        "calmness"
                  ],
                  "excerpt": "Quelle torture pour le père ! A quels exercices avait - on forcé la frêle créature qui se pressait contre lui ? Qui le lui dirait jamais ? 11 ne voulut pas chercher à le savoir , et respecta le silence de la chérie qui la faisait plus tendre encore .Sa petite main s ’ était glissée dans Ja sienne , et tous deux étaient heureux l ’ un près de l ’ autre , sous ce , ciel â l ’ azur pâli illuminant celle campagne embaumée par les ajoncs à la fraîohe senteur .Quelle , joie pour la mère .",
                  "id": "14",
                  "title": "L'abandonnée / par Éva Jouan"
            },
            {
                  "doc_url": "https://gallica.bnf.fr/ark:/12148/bpt6k6509852p",
                  "emotions": [
                        "love"
                  ],
                  "excerpt": "linéaires , canaliculées , nombreuses ; périanthe à segments planes et aigus ; fl .d ' une jaune tendre , à odeur suave .Mai - juin .",
                  "id": "15",
                  "title": "Étude des fleurs : botanique élémentaire, descriptive et usuelle. Tome 3 / par Ludovic Chirat"
            },
            {
                  "doc_url": "https://gallica.bnf.fr/ark:/12148/bpt6k6509852p",
                  "emotions": [
                        "love"
                  ],
                  "excerpt": [
                        "palmatilobées , à 3 - 5 lobes bordés de grosses dents inégales , glabres et luisantes , surtout en dessous ; calice à long tube jaune ; pétales purpurins et frangés au sommet ; baies noires à la maturité ; fl .jaunes dans leur ensemble , très - odorantes , en grappes d ' abord étalées , ensuite pendantes .Avril - mai .",
                        "Les fleurs paraissent en juin ; elles ont une odeur suave .Les anciens en composaient des parfums .Les grandes pluies leur sont nuisibles et les font couler ."
                  ],
                  "id": "16",
                  "title": "Étude des fleurs : botanique élémentaire, descriptive et usuelle. Tome 3 / par Ludovic Chirat"
            },
            {
                  "doc_url": "https://gallica.bnf.fr/ark:/12148/bpt6k64709073",
                  "emotions": [
                        "grief",
                        "sadness",
                        "love"
                  ],
                  "excerpt": "Si sur ton cœur peut s ' exhaler mon âme , Ma mort sera le plus doux des momens .A ces mots , les pleurs de la nouvelle Antigone recommencèrent , et le vieillard , en y mêlant les siennes , finit ainsi sa romance : Après ma mort si tu viens sur ma couche , Pour y prier ou répandre des pleurs , Sur mon cercueil pôse un moment ta bouche , Son doux parfum vaudra pour moi des fleurs .Au même moment , nous vîmes arriver tous nos convives qui revenaient de la prairie ; chacun d ' eux tenait à sa main un bouq uet de violette enveloppé de la fable qu ' on avait lue pendant le dîner ; nous allâmes au - devant d ' eux ; nous leur racontâmes la scène touchante dont nous avions été les témoins , et nous les engageâmes à venir en voir le théâtre et les acteurs ; mais ceux - ci , sans doute incommodés par le bruit que nous avions fait , s ' étaient retirés ; nous nous retirâmes aussi , mais non pas sans demander au jardinier que nous rencontrâmes , s ' il connaissait ces étrangers : Oui , sans doute , nous dit - il ; ils habitent l ' avenue de Bagneux , et depuis quatre ans qu ' ils sont dans cette contrée , ils ont mérité , par leur popularité , leur affabilité , l ' estime et la considération générale ; mais , ajouta - t - il , ma - dame , qui leur a permis de venir se promener ici tant qu ' ils voudraient , les connaît mieux que moi et pourra vous dire leur histoire .",
                  "id": "17",
                  "title": "Voyage à Bourg-la-Reine et à l'Hay / par M. Saint-Bresson"
            },
            {
                  "doc_url": "https://gallica.bnf.fr/ark:/12148/bpt6k34076172",
                  "emotions": [
                        "love",
                        "embarrassment"
                  ],
                  "excerpt": "Le fruit , c ' est la réalité définie et brutale , qu ' il faut accepter bonne ou mauvaise , et qui ne laisse plus de place aux illusions .Ainsi à la satisfaction de la passion le poète préfère le trouble de l ' adolescence qui pressent l ' amour et se pâme en lisant u tel mot dans le dictionnaire \" : 0 palpitation des sentiments , née du hasard , Fleur odorante que ne remplace pas le fruit ..",
                  "id": "18",
                  "title": "Le poète Alexis Tolstoï : l'homme et l'oeuvre / André Lirondelle"
            },
            {
                  "doc_url": "https://gallica.bnf.fr/ark:/12148/bpt6k9762922g",
                  "emotions": [
                        "love"
                  ],
                  "excerpt": "Ils les estiment ' bons pour guérir les maux d ' estomac et les maladies de langueur .On les recueille sar les rochers escarpés , à la côte de CoromandeL Quelques marins disent que ces nids sont composes avec le goëmon , espèce d ' algue marine qui a une bonne odeur ; d ' autres prétendent qu ' ils sont formés par une espèce d ' écume blanche qui sort du bec de ces oiseaux quand ils sont , en amour .» CL Peissonnel a montré que ce sont de vrais polypiers .",
                  "id": "19",
                  "title": "Histoire des animaux (Édition augmentée de sommaires, de notes nouvelles et d'une table des matières) / par Pline ; traduite en français par Guéroult"
            },
            {
                  "doc_url": "https://gallica.bnf.fr/ark:/12148/bpt6k2059780",
                  "emotions": [
                        "love"
                  ],
                  "excerpt": "Violante alla dans l ' atelier du Titien il ne brisa point son pinceau .Après avoir respiré avec elle tous les parfums enivrants d ' une aube amoureuse , il la peignit des fleurs à la main , plus belle que la plus belle .IV Giorgione vint pour voir ce portrait ; , mais Titien cacha la .",
                  "id": "20",
                  "title": "Les légendes de la jeunesse / par Arsène Houssaye"
            }
      ]
}