{
      "articles": [
            {
                  "doc_url": "https://gallica.bnf.fr/ark:/12148/bpt6k6280064t",
                  "emotions": [
                        "love",
                        "gratitude",
                        "faith"
                  ],
                  "excerpt": "Ici Taglloni , la Aile des sylphides , A fait trembler son aile au bord des eaux perfides , Puis la Danse fantasque auprès des mêmes flots A fait carillonner ses grappes de grelots .0 féerie et musique ! a nappes embaumées Qu ' argentent lea willa et les p ⩽ aimées I 0 temple ! clair séjour que Phébus même élut , Parnasse ! palais d ' or ! grand Opéra , ..",
                  "id": "1",
                  "title": "Odes funambulesques : suivies d'un commentaire / oeuvres de Théodore Banville"
            },
            {
                  "doc_url": "https://gallica.bnf.fr/ark:/12148/bpt6k6280064t",
                  "emotions": [
                        "admiration",
                        "love",
                        "pride"
                  ],
                  "excerpt": "doigt noyé dans la dentelle .Un seul avait trouvé sa grâce devant elle , Ardent comme un lion oa comme le simoun , Un habile chanteur qu ' on appalalt MldlttOVD , Or , ce jeune homme avait la perle du maîtresses , Une blanche hourl qui , par ou longues tresses , Jetait aux quatre venta tout les parfums d ' Ophir , Paupière aux sourcils noire , prunelles de aaphir , Gazelle pour la grâce Indolente dee poses , Nourmahal , dont la livra enamourait les tcNII .Medjoun te demandait quel ange Il fltmaatfit Avait fondu pour lui des cœurs de diamant , Lorsque , par une nuit claire d ' astres sans nombre , Errant par les sentiers du Jardin comme une ombre , Près d ' un kiosque doré , que les pâles Jasmins Et les lys aux yeux d ' or entouraient de leurs mains , Et sur lequel aussi dormaient dans la nuit brune Les blancs rosiers baignés des blancs rayons de lune , Par la fenêtre ouverte il entendit deux voix .",
                  "id": "2",
                  "title": "Odes funambulesques : suivies d'un commentaire / oeuvres de Théodore Banville"
            },
            {
                  "doc_url": "https://gallica.bnf.fr/ark:/12148/bpt6k5688038k",
                  "emotions": [
                        "love"
                  ],
                  "excerpt": ", il me le donnait Tout à coup la première porte de l ' appartement fut ouverte d ' une manière si particulière , que Marie , poussant un cri de joie , s ' élança et alla tomber dans les bras de son noble et seul ami , elle légère comme le duvet de l ' aigle renfermé dans un tissu de soie , fut emportée à travers l ' appartement , dans la dernière chambre , par le gentil officier de la chambre du roi .Là il l ' assit sur une forme large et molle , et lui passant amoureusement le bras — 147 — autour de sa taille juvénille , il respira le parfum de sa bouche et s ' enivra du bonheur de la voir .Muets d ' abord l ' un et l ' autre , ils jouissaient délicieusement de ce silence , pour eux rempli de charmes , puis ils passèrent aux doux propos , aux tendres et badines causeries , il y avait trois jours francs qu ' ils ne s ' étaient pas vus ; trois jours sont une année pour qui aime bien , et Lothaire de Laon , que Marie accusait de cette absence , prit un baiser sur ses joues fraîches et rosées , puis en soupirant lui dit : « — Tu me crois peut - être libre de mes mouvemens , que je peux aller ou il me convient , détrompe - toi .",
                  "id": "3",
                  "title": "Reine et soldat, chronique de 1574, par le Bon de Lamothe-Langon. Volume 1"
            },
            {
                  "doc_url": "https://gallica.bnf.fr/ark:/12148/bpt6k6359317d",
                  "emotions": [
                        "love",
                        "nostalgia"
                  ],
                  "excerpt": "Et puis il est si doux de rêver un beau sort , Si doux de s ' enivrer d ' un glorieux transport ! Oh 1 si je rencontrais errant sur le Pirée L ' homme dont la raison quelque temps égarée Lui disait : « Ces vaisseaux , ces trésors sont les tiens , n Toi seul es possesseur de ces immenses biens , » Je n ' irais pas , avec un décevant langage , De ce bienheureux fou faire un malheureux sage .Pourtant je dois te dire , et sans trop déclamer Contre l ' amour des vers qui te vient enflammer , Que l ' heureux temps n ' est plus où le peuple de France , Des enfants d ' Apollon saluant la naissance , Encourageait leurs chants de la voix , de la main , Du Parnasse pour eux parfumait le chemin .Sur les lauriers versant le venin de sa rage La Discorde répand une odeur de carnage , Qu ' en son égarement hume le peuple - roi .",
                  "id": "4",
                  "title": "A mon neveu Camille D*... Réponse à une épître en vers qu'il m'avait adressée. Avril 1850. [Signé : J. Dessiaux.]"
            },
            {
                  "doc_url": "https://gallica.bnf.fr/ark:/12148/bpt6k9763220j",
                  "emotions": [
                        "love",
                        "optimism",
                        "approval"
                  ],
                  "excerpt": ".vne Halaine fleurante Mieux qu ' Arabie l ' Odorante .» Du Bell .",
                  "id": "5",
                  "title": "La langue de la pléiade. Tome 2 / avec notices biographiques et notes par Ch. Marty-Laveaux"
            },
            {
                  "doc_url": "https://gallica.bnf.fr/ark:/12148/bpt6k9798088t",
                  "emotions": [
                        "love"
                  ],
                  "excerpt": "Nous aurions même pu abréger cette longue attente en coupant en long la fleur de mélisse ; la raison de cette absence de visiteurs est très simple , il n ' y a pas de nectar dans la fleur .Et pourtant , tout était disposé pour cette attraction des insectes dont on nous parle : le parfum de la fleur , la - grande corolle visible , et jusqu ' aux taches rouges allongées qu ' on y observe et qui , d ' après Sprengel , indiquent à l ' insecte la route qu ' il doit suivre pour atteindre le liquide sucré .Il y a bien d ' autres fleurs sans nectar et dont la corolle est revêtue de brillantes couleurs .",
                  "id": "6",
                  "title": "Lectures scientifiques, extraits de mémoires originaux et d'études sur la science et les savants : sciences naturelles / Leclerc Du Sablon,..."
            },
            {
                  "doc_url": "https://gallica.bnf.fr/ark:/12148/bpt6k6458351c",
                  "emotions": [
                        "love",
                        "optimism",
                        "caring"
                  ],
                  "excerpt": "Le fait est que vous ne pouvez vous approcher de lui sans vous sentir entraîné par une sorte de courant magnétique .Ce sera , je n ' en doute pas , comme la première effluve de l ' affection qui va désormais unir si étroitement vos cœurs .Eh bien , mon cher frère et ma chère sœur , c ' est avec cet être béni , que la Providence avait préparé de sa divine main pour vous , que vous êtes appelés à cheminer côte à côte ou plutôt cœur à cœur sur cette grande voie qu ' on appelle la vie .",
                  "id": "7",
                  "title": "Allocution de Monseigneur l'archevêque d'Alby. (Lyonnet) pour le mariage de M. Louet avec Mademoiselle Blanche Gaulot, dans l'église de Sainte-Clotilde, à Paris, le... 23 janvier 1875"
            },
            {
                  "doc_url": "https://gallica.bnf.fr/ark:/12148/bpt6k5747767j",
                  "emotions": [
                        "love"
                  ],
                  "excerpt": "M \" ont pris dans leur élau , laissons aller la frêle Nacelle Au lil de l ' eau ! Avril 1 * 79 - PASTOURELLE .123 PASTOURELLE Mai s ' est parfumé de roses : Voici l ' heureux temps d ' amour .On ressent de douces choses : « Et tous les coeurs , sans détour , S ' ouvrent comme violettes Et gazouillent comme oiseaux : Dansez , bacheleltes ! Aimez , jouvenceaux ! LYRES ET EPIXETTES .",
                  "id": "8",
                  "title": "Les horizons bleus ; Lyres et épinettes ; Rêves envolés ; Les sanglots de l'âme : 1876-1880 / Georges Nardin"
            },
            {
                  "doc_url": "https://gallica.bnf.fr/ark:/12148/bpt6k56988806",
                  "emotions": [
                        "joy",
                        "love",
                        "excitement"
                  ],
                  "excerpt": "301 saillir et m ' a privée presque de ma raison ; respectez - moi , Bertrand , car je n ' ai que vous pour me défendre , car je m ' abandonne à vous .Ces paroles de Marguerite versaient du feu dans mes veines ; nous étions seuls , nul regard ne nous suivait dans l ' ombre , ne nous épiait pendant cette nuit tiède et embaumée , qui elle aussi ajoutait par son charme et par ses parfums à tous nos enivrements : je fus saisi comme d ' un vertige qui fit tout tourner autour de moi ; un instant je vis Marguerite en ma possession et je ne me sentis pas le courage de résister à la tentation qui s ' offrait si puissante et si pleine d ' amour .— Marguerite ! ! .",
                  "id": "9",
                  "title": "La noblesse de province. Volume 2,Tome 1 / par le comte Horace de Viel-Castel"
            },
            {
                  "doc_url": "https://gallica.bnf.fr/ark:/12148/bpt6k122824w",
                  "emotions": [
                        "joy",
                        "love",
                        "indifference"
                  ],
                  "excerpt": "ence à s ' appéfantir .J ' ai toujours remarqué , non fans une douce émotion , qu ' à peine l ' odorat , des fideîes tributaires de la Scène Lyri - Cbmique était frappé du fumet d ' une pointe , qu ' ils ouvraient - , la bouche , allongeaient le cou , dreflàïent les oreilles fans doute ' doute àl ' affut de quelque peufée .Mais Dii meliora bonis 1 M .",
                  "id": "10",
                  "title": "Essai sur la poesie lyri-comique , par Jerome Carre"
            },
            {
                  "doc_url": "https://gallica.bnf.fr/ark:/12148/bpt6k9818046h",
                  "emotions": [
                        "love"
                  ],
                  "excerpt": "Dès lors , son monde devient le foyer domestique ; sans réticences , sans réserves pour l ' avenir , elle se donne à celui qu ' elle a choisi , pure de , tout contact de la chair et de la pensée , avec des sens et un cœur dans tout le velouté de leur virginité .A lui de respirer te parfum jusqu ' à ce qu ' il s ' exhale à jamais ! L ' épouse ne gardera rien de caché pour lui ; car elle est devenue une part de lui - même .Si le sort ou la mort le lui enlève , malheur à elle ! c ' est une tleur cueillie qu ' a délaissée la main qui l ' avait détachée de la tige .",
                  "id": "11",
                  "title": "L'échelle de femmes / par Émile Souvestre"
            },
            {
                  "doc_url": "https://gallica.bnf.fr/ark:/12148/bpt6k9818046h",
                  "emotions": [
                        "love"
                  ],
                  "excerpt": "Elle aime à venir en - tr ' ouvrir les feuillées , d ' une main matinale , pour surprendre dans leurs nids des oiseaux endormis ; elle aime à poursuivre , à travers les prés , les demoiselles bleues et les papillons couleur d ' aurore .Et puis , elle a des colombes qui viennent baiser ses lèvres roses , elle a des agneaux qui accourent à sa voix et passent sous ses mains leurs têtes douces et blanches ; elle a - des magnolias qui fleurissent à sa fenêtre , et dont les parfums l ' éveillent dans sa couche .Elle a un étang dont l ' eau est calme et bleue , et sur cet étang une nacelle qui flotte au milieu des fleurs de nénuphar .",
                  "id": "12",
                  "title": "L'échelle de femmes / par Émile Souvestre"
            },
            {
                  "doc_url": "https://gallica.bnf.fr/ark:/12148/bpt6k6129239b",
                  "emotions": [
                        "love"
                  ],
                  "excerpt": "Comme il voit , de nouveau , s ' ouvrir Les éblouissantes trouées Où passent , mollement nouées , Toutes les formes du Désir ! Floréal .NANETTE V ^ HAUSSE tes bottines , Nanette , L ' aube suspend ses diamants Aux rameaux verts où la fauvette Chante la chanson des amants ! La rose fleurit sur la tombe , La parfume et meurt à son tour ; Ainsi , sur chaque amour qui tombe .Fleurit et meurt un autre amour ! Les beaux souvenirs de jeunesse , Dents blanches , regards bleus ou noirs , Sont les trésors de la vieillesse : Les beaux matins font les beaux soirs .",
                  "id": "13",
                  "title": "Floréal / Charles Frémine"
            },
            {
                  "doc_url": "https://gallica.bnf.fr/ark:/12148/bpt6k6129239b",
                  "emotions": [
                        "grief",
                        "love",
                        "optimism",
                        "desire",
                        "nostalgia"
                  ],
                  "excerpt": "REVIENDREZ - VOUS ? IN ous reviendrons , disaient les hirondelles , Nous reviendrons avec le mois de mai ; Quand fleuriront les jaunes ravenelles , Nous reviendrons au manoir bien - aimé Revoir nos nids accrochés aux tourelles .Quand reviendra le doux mois parfumé , Reviendrez - vous , légères hirondelles ? Je reviendrai , me disait ma maîtresse , Je reviendrai te voir au mois de mai ; Pour rafraîchir la fleur de ma tendresse J ' irai revoir mon amant bien - aimé , Et sur son coeur reposer ma jeunesse .Quand reviendra le doux mois parfumé Reviendrez - vous me voir , ô ma maîtresse ? Promenade d ' automne .",
                  "id": "14",
                  "title": "Floréal / Charles Frémine"
            },
            {
                  "doc_url": "https://gallica.bnf.fr/ark:/12148/bpt6k6129239b",
                  "emotions": [
                        "joy",
                        "grief",
                        "love",
                        "nostalgia",
                        "gratitude"
                  ],
                  "excerpt": "ENVOI V > ' EST à toi ces vers envolés Du nid que berça ta tendresse , Ces blancs ramiers de ma jeunesse C ' est sous ton toit qu ' ils sont allés .Marie ! oh garde - les toujours Ces gais chanteurs de mon aurore , Que dans mon coeur tu fis éclore Au doux soleil de nos amours ! Ils ont bu le parfum des lis Et tes doigts ont lissé leur plume ! ..",
                  "id": "15",
                  "title": "Floréal / Charles Frémine"
            },
            {
                  "doc_url": "https://gallica.bnf.fr/ark:/12148/bpt6k5444363v",
                  "emotions": [
                        "joy",
                        "love",
                        "nostalgia",
                        "excitement",
                        "gratitude"
                  ],
                  "excerpt": "Air : V Amour nia fait la peinture , 6 * c ; jLJ ' ANS un réduit folitaire , Au déclin du plus beau jour , Le fommeil , fur la fougère , Careffoit une Bergère , Qui reflembloit à l ' Amour .C ' étoit la faifon où Flore Tait refpirer fes odeurs : Je touchois à mon aurore ; Mon coeur n ' avoit point encore Du Dieu connu les douceurs .J ' avance d ' un pas timide Vers cet afyle fecret .",
                  "id": "16",
                  "title": "Essais de poésies légères, suivis d'un songe, par MM. Lablée et Maréchal"
            },
            {
                  "doc_url": "https://gallica.bnf.fr/ark:/12148/bpt6k5444363v",
                  "emotions": [
                        "admiration",
                        "love",
                        "gratitude",
                        "calmness",
                        "caring"
                  ],
                  "excerpt": "ESSAIS Va effàin de Filles jolies , Au milieu des jeux & des ris , Reçoit un nouveau coloris * : Il porte à nos âmes faines Le feu dont fait brûler Cypris .Sous une voûte parfumée , l ' amour , de la beauté charmée , A rendu le front moins ferein ; II eft fur fa bouché enflammée , Il fourit aux fleurs de fon teint , © n voit comme elle eft animée • Aux foulevemens de fon fein .Contre la raifon tout confpire ; le coeur fe plaît dans le délire ; Mais fi la réflexion fuit , Soudain le voile fe déchire , Et le charme s ' évanouit .",
                  "id": "17",
                  "title": "Essais de poésies légères, suivis d'un songe, par MM. Lablée et Maréchal"
            },
            {
                  "doc_url": "https://gallica.bnf.fr/ark:/12148/bpt6k5456365k",
                  "emotions": [
                        "grief",
                        "love",
                        "relief",
                        "gratitude",
                        "faith"
                  ],
                  "excerpt": ".Faire fuir les judas dont la bouche funeste , Vous donne des baisers à la senteur de mort ! L ' azur s ' est éclairci , grâce à toi , ma Céleste ..",
                  "id": "18",
                  "title": "La suprême espérance : poésies / Blanche Sari-Flégier"
            },
            {
                  "doc_url": "https://gallica.bnf.fr/ark:/12148/bpt6k5456365k",
                  "emotions": [
                        "sadness",
                        "love",
                        "gratitude",
                        "caring",
                        "disappointment"
                  ],
                  "excerpt": ".Laisser les papillons soupirer bas : « Je t ' aime ! » Aux oeillets embaumés , aux lys , d ' amour pâlis ..",
                  "id": "19",
                  "title": "La suprême espérance : poésies / Blanche Sari-Flégier"
            },
            {
                  "doc_url": "https://gallica.bnf.fr/ark:/12148/bpt6k1175028z",
                  "emotions": [
                        "love",
                        "nervousness"
                  ],
                  "excerpt": ") Les parfums ne sont pas sans influence sur l ’ organisme ; ils produisent , chez beaucoup de personnes , une sensation qui réjouit , qui cause un bien être particulier sur tout notre être , aussi les voluptueux Orientaux en font - ils sous ce point de vue un usage fréquent , et même presque continuel .On a vu des affections nerveuses , vaporeuses même , être modifiées heureusement par des odeurs .Mais aussi , on a eu des exemples fréquents d ’ as - phyxie causée par le parCum des fleurs respirés la nuit , clans les chambres petites , fermées .",
                  "id": "20",
                  "title": "Dictionnaire des cosmétiques et parfums, contenant la description des substances employées en parfumerie, les altérations ou falsifications qui peuvent les dénaturer, etc.,... par le Dr Adolphe-Benestor Lunel"
            }
      ]
}