{
      "articles": [
            {
                  "doc_url": "https://gallica.bnf.fr/ark:/12148/bpt6k9691692c",
                  "emotions": [
                        "love",
                        "nostalgia"
                  ],
                  "excerpt": "Mais ces aspirations rurales étaient sans doute accrues en eux par le sang paysan qui coulait dans leurs veines .Ils éprouvaient sans bien le définir un attachement têtu pour la terre montagnarde avec ses forêts parfumées de résine et pour les horizons qui se déroulent à l ' infini sous le ciel .L ' âme de quelque ancêtre laboureur revivait en eux affinée et poétisée .",
                  "id": "1",
                  "title": "Les enfants. , L'élève Gendrevin / par Robert Caze"
            },
            {
                  "doc_url": "https://gallica.bnf.fr/ark:/12148/bpt6k5458722t",
                  "emotions": [
                        "admiration",
                        "love",
                        "gratitude",
                        "caring",
                        "faith"
                  ],
                  "excerpt": "PUBLIÉ EN 1694 et dédié à Monseigneur le duc de Bourgogne .Prince , l ' unique objet du soin des immortels , Souffrez que mon encens parfume vos autels : Je vous offre un peu tard ces présents de ma muse ; Les ans et les travaux me serviront d ' excuse .Mon esprit diminue , au lieu qu ' à chaque instant On aperçoit le vôtre aller en augmentant ! .",
                  "id": "2",
                  "title": "Poésies françaises, distribuées et annotées à l'usage des collèges. Fables, contes, sentences, petits poèmes : 1er recueil, cours élémentaire ; 2e recueil, classe de 5e / par le P. Arsène Cahour,..."
            },
            {
                  "doc_url": "https://gallica.bnf.fr/ark:/12148/bpt6k9762923w",
                  "emotions": [
                        "love"
                  ],
                  "excerpt": "C ' est à cet âge que se dessinent chez elle les élégans contours des seins , et que s ' établissent les retours périodiques de la menstruation .1 Mais c ' est alors aussi que mille affections diverses signalent ou accompagnent les premières apparitions du flux menstruel , que la dépravation du goût et de l ' odorat , l ' hystérie , la chlorose , la leucorrhée , et quelquefois la ménorrhagie , viennent troubler les premiers momens de la plus belle époque de lavie .Quelquefois aussi , chez la femme comme chez l ' homme , la vivacité des premiers désirs , et plus souvent encore de funestes exemples , excitent a des jouissances prématurées ou a la déplorable habitude de la masturbation , qui détériore a jamais la constitution , et flétrit à la fois et l esprit et le corps .",
                  "id": "3",
                  "title": "Manuel complet d'hygiène, ou Traité des moyens de conserver sa santé ; rédigé selon la doctrine du Prof. Hallé,... par Jh Briand,..."
            },
            {
                  "doc_url": "https://gallica.bnf.fr/ark:/12148/bpt6k9682410v",
                  "emotions": [
                        "love"
                  ],
                  "excerpt": "— Il faut dans l ' odorat , comme dans les autres sens , distinguer deux impressions , l ' une primitive qui appartient à l ' organe , l ' autre consécutive qui affecte le sensorium ; celle - ci peut varier , la première restant la même .Telle odeur fait fuir certaines personnes du lieu ou elle en attire d ' autres ; ce n ' est pas que l ' affection de la pituitaire soit différente , mais c ' est que l ' âme attache des sentiments divers à une impression identique , en sorte qu ' ici la variété des résultats n ' en suppose point dans leur principe .— Mais quelquefois l ' impression née sur la pituitaire diffère réellement de ce qu ' elle doit être pour la perfection de la sensation .",
                  "id": "4",
                  "title": "Encyclopédie des sciences médicales. Tome quatrième. Première division, Anatomie et physiologie"
            },
            {
                  "doc_url": "https://gallica.bnf.fr/ark:/12148/bpt6k64680892",
                  "emotions": [
                        "joy",
                        "love",
                        "gratitude",
                        "caring"
                  ],
                  "excerpt": "« J ' hésite , ma main tremble .ô pages tout d ' ivresse ! Dont chaque mot exhale un parfum de tendresse ; Qui me fîtes goûter aux délices du Ciel .Verserai - je sur vous un calice de fiel ? Non , non ! .",
                  "id": "5",
                  "title": "Mes délassements scolaires, poésies, par T. Suzanne,..."
            },
            {
                  "doc_url": "https://gallica.bnf.fr/ark:/12148/bpt6k57276630",
                  "emotions": [
                        "admiration",
                        "love",
                        "nostalgia",
                        "gratitude"
                  ],
                  "excerpt": "Laura mia , demain , va cueillir des pervenches , Oh l tu le sais , ma lyre aime les roses blanche * , Les larmes de tes yeux , .les baisers , tes pâleurs , Tes cheveux embaumés comme des « aubépines .Dans ton coeur pur , j ' enlends tant de noies divines , Que , moi , je veux l ' offrir mon laurier d ' or en fleurs ! Février 1801 , VENEZIA LA BELLA Pendant que le flot d ' or vient chanter au rivage , Que le bois se fleurit , que lés merles sifflcurs Font un diapason dans nos lilas en fleurs , Je serais un ingrat , j ' aurais le sang sauvage , Si je n ' allais offrir à ton grand esclavage Les voeux de mon amour et de ma lyre en pleurs , Si je n ' allais donner aux ailes de la brise , Qui répand sur \" mon front ses mystiques fraîcheurs , Qui berce aux cerisiers la feuille et la cerise , Aux pommiers les fleurons aux divines blancheurs , Si je n ' allais donner , ô ma blonde Venise , Dans un doux souvenir , le chant do les pécheurs .",
                  "id": "6",
                  "title": "Chants du Capitole / Armand Lebailly"
            },
            {
                  "doc_url": "https://gallica.bnf.fr/ark:/12148/bpt6k6128996g",
                  "emotions": [
                        "love",
                        "nostalgia",
                        "gratitude",
                        "caring"
                  ],
                  "excerpt": "— 3 9 • € > - iliater 2lmabUi $ .i A ton enfant , permets , lendre Marie , De raconter tes aimables vertus ; Peut - il se taire , ô ma Mère chérie ! Quand tous les coeurs t ' offrent leurs doux tributs ? Partout l ' amour me retrace ma Mère , Et ses vertus , et leur charme puissant ! L ' azur des deux , le parfum d ' un parterre , Tout la rappelle au coeur de son enfant ..",
                  "id": "7",
                  "title": "Gloire à Marie ! Recueil de nouveaux cantiques dédiés à son Immaculée Conception. Paroles de ***..."
            },
            {
                  "doc_url": "https://gallica.bnf.fr/ark:/12148/bpt6k63940279",
                  "emotions": [
                        "joy",
                        "love",
                        "optimism",
                        "excitement",
                        "pride",
                        "gratitude"
                  ],
                  "excerpt": "A ce moment , le soleil éclairait en plein la maisonnette toute blanche , et un souffle frais , glissant audessus du mur , apportait les senteurs exquises d ' un terrain voisin tout rempli de fleurs .Maquerin , le cœur gonflé , demeura silencieux et comme recueilli , devant ce paradis lumineux et embaumé .Dans un coin , sous la tonnelle , à l ' ombre , il vit deux enfants blonds qui jouaient en babillant .",
                  "id": "8",
                  "title": "Nouvelles parisiennes / par Philippe Chaperon ; avec douze compositions de Tofani"
            },
            {
                  "doc_url": "https://gallica.bnf.fr/ark:/12148/bpt6k63940279",
                  "emotions": [
                        "love"
                  ],
                  "excerpt": "Et , tout enfiévré d ' ambition , craquant de plaisir dans ses habits , oubliant même pour cette fois qu ' il laissait sa jeune femme toute seule , il se dirigea vers le chemin de fer .Dès qu ' il fut parti , Delphine prit une plume et écrivit sur de beau papier parfumé : « Mon cher ami , je suis maîtresse de ma soirée jusqu ' à minuit .Soyez à cinq heures et demie au square Montholon , j ' irai vous y prendre .",
                  "id": "9",
                  "title": "Nouvelles parisiennes / par Philippe Chaperon ; avec douze compositions de Tofani"
            },
            {
                  "doc_url": "https://gallica.bnf.fr/ark:/12148/bpt6k5626121c",
                  "emotions": [
                        "love",
                        "faith"
                  ],
                  "excerpt": "D ' une trop longue erreur abjurant le fantôme , « Mon âme , dira - t - il , n ' avait rien à chercher .En étendant la main je pouvais la toucher , Cette divine fleur dont j ' ignorais l ' arôme .Des désirs turbulents éternel désespoir , Tu ne dédaignes pas le plus âpre terroir .",
                  "id": "10",
                  "title": "Olim : sextines et sonnets / Cte F. de Gramont"
            },
            {
                  "doc_url": "https://gallica.bnf.fr/ark:/12148/bpt6k1075052c",
                  "emotions": [
                        "disgust",
                        "love",
                        "desire",
                        "nostalgia",
                        "envy"
                  ],
                  "excerpt": "Et , du fond de son chagrin , montait une joie inconsciente , l ' orgueil qu ' on ait pu l ' aimer , l ' égaiement passionné de le voir capable d ' une escapade , l ' espoir aussi qu ' il lui reviendrait , puisqu ' il était allé chez une autre .Elle frissonnait dans l ' odeur de désir qu ' il rapportait , elle n ' avait toujours au coeur qu ' une jalousie , cette peinture exécrée , à ce point qu ' elle l ' aurait plutôt jeté à une femme .Mais , vers le milieu de l ' hiver , Claude eut une nouvelle poussée de courage .",
                  "id": "11",
                  "title": "L'oeuvre"
            },
            {
                  "doc_url": "https://gallica.bnf.fr/ark:/12148/bpt6k1075052c",
                  "emotions": [
                        "love",
                        "nostalgia"
                  ],
                  "excerpt": ".Oui , notre génération a trempé jusqu ' au ventre dans le romantisme , et nous en sommes restés imprégnés quand même , et nous avons eu beau nous débarbouiller , prendre des bains de réalité violente , la tache s ' entête , toutes les lessives du monde n ' en ôteront pas l ' odeur .Bongrand souriait .",
                  "id": "12",
                  "title": "L'oeuvre"
            },
            {
                  "doc_url": "https://gallica.bnf.fr/ark:/12148/bpt6k58393937",
                  "emotions": [
                        "love"
                  ],
                  "excerpt": "220 LE SECRET DU TRAPPEUR CHAPITRE XXXIV CONFIDENCES DE NONNE A NONNETTF .Elles sont deux soeurs , dans une cellule blanche et parfumée .L ' une est professe .",
                  "id": "13",
                  "title": "Le Secret du trappeur / par Louis Noir et Pierre Ferragut"
            },
            {
                  "doc_url": "https://gallica.bnf.fr/ark:/12148/bpt6k66168j",
                  "emotions": [
                        "love"
                  ],
                  "excerpt": "L ' opinion publique , c ' est un peu comme une corde sur laquelle il ne faut pas tirer sans interruption , sans cela tout caast et tout lasse , mais , après trois semaines de calme relatif , avec le denté habituel et banal des veaux à trois têtes , des équilibristes et des ballets ruisselant d ' inouïsme , j ' ai fait éclater tout à coup ia nouvelle du suicide de ma pensionnaire , chez une amie une adorable petite négresse : Diane s ' était donné nn coup de poignard entre la cinquième et sixième côte .Heureusement , le corset de chez madame Chose avait émoussé la pointe de l ' arme , et la blessure était insignifiante , mais it n ' en restait pas moins tout un mystérieux drame d ' amour où Lesbos se mêlait à Cythère , avec un parfum d ' encens et un piment de cantharide qui , pendant trois jours , secoua jusqu ' aux moelles notre vieux Paris sceptique et blasé .Moi aussi j ' avais cru à ce suicide .",
                  "id": "14",
                  "title": "Graine d'étoile / Richard O'Monroy"
            },
            {
                  "doc_url": "https://gallica.bnf.fr/ark:/12148/bpt6k9774900s",
                  "emotions": [
                        "love"
                  ],
                  "excerpt": "Dantonnet , premier violoncelle au théâtre français de M .Davis , ayant pour les reptiles à odeur de musc une passion qui aurait pu s ' appliquer à un plus digne objet .L ' artiste gardait dans son appartement , m ' assurait - il , une douzaine d ' alligators en vie dans un baquet bien pourvu d ' eau tiède , et l ' hiver , quand il s ' apercevait que l ' un d cux avait trop froid , il emportait ce frileux dans son lit .",
                  "id": "15",
                  "title": "Pêches dans l'Amérique du Nord (Nouvelle édition) / par Bénédict-Henry Révoil"
            },
            {
                  "doc_url": "https://gallica.bnf.fr/ark:/12148/bpt6k5568796n",
                  "emotions": [
                        "love",
                        "nostalgia",
                        "gratitude",
                        "disappointment",
                        "guilt"
                  ],
                  "excerpt": "Mes premiers cris ont eu pour écho les clairières , le théâtre de mes jeux fut les ruisseaux aux cours fleuris .J ' ai désaltéré mon enfance à la limpidité des fontaines ; j ' ai monté ma rêverie à la cime des arbres hauts , des peupliers et des sycomores ; et je t ' aime , poète insigne , forme adorable de magie ; ouvre le calice des fleurs pures , mets - y l ' arôme en gouttes d ' amour , que je le respire et que je m ' enivre .On te dira de moi : « c ' est l ' homme des livres , des mots et des raisonnements .",
                  "id": "16",
                  "title": "Prospero, poème philosophique / Alexandre Cormier"
            },
            {
                  "doc_url": "https://gallica.bnf.fr/ark:/12148/bpt6k5568796n",
                  "emotions": [
                        "love",
                        "nostalgia"
                  ],
                  "excerpt": "Les mortels ne savent de nous que l ' exemple rare des sirènes .Elles ont quitté la liberté , les pâleurs de la mer profonde , les senteurs des salines et les crêtes limoneuses des vagues pour aimer de perfides amoureux aux yeux noirs .A leur folie , nous , les sages , APRÈS LA MORT 207 nous sourions , et pleurons , anges de charité et de tristesse .",
                  "id": "17",
                  "title": "Prospero, poème philosophique / Alexandre Cormier"
            },
            {
                  "doc_url": "https://gallica.bnf.fr/ark:/12148/bpt6k5568796n",
                  "emotions": [
                        "admiration",
                        "love"
                  ],
                  "excerpt": "Tu as la mesure et le relief , la sobriété et le bon goût .Tu sais l ' art subtil des mensonges , tu le colores en rose , en mauve ou en azur , tu le nuages et le nuances , tu le décores et tu le parfumes ; nous t ' aimons pour tes fleurs et tes arômes , je t ' aime pour tes illusions et ta musique .( Tout s ' est évanoui et renaît en fraîche splendeur d ' aurore matinale ; bientôt le soleil dore des plaines indéfinies ; au loin s ' aperçoivent des peupliers : un ruban d ' eau vive serpente en leur voisinage .",
                  "id": "18",
                  "title": "Prospero, poème philosophique / Alexandre Cormier"
            },
            {
                  "doc_url": "https://gallica.bnf.fr/ark:/12148/bpt6k5568796n",
                  "emotions": [
                        "love",
                        "nostalgia"
                  ],
                  "excerpt": "( Prospero , conduit par le rêve , est transporté au sud de l ' Espagne .) PROSPERO Tes plaines , tes montagnes , tes arbres parfumés , je les aime comme des âmes , ô Andalousie chère .J ' ai contemplé des plaines d ' oliviers sans les trouver belles ; les tiennes m ' ont séduit .",
                  "id": "19",
                  "title": "Prospero, poème philosophique / Alexandre Cormier"
            },
            {
                  "doc_url": "https://gallica.bnf.fr/ark:/12148/bpt6k5568796n",
                  "emotions": [
                        "love",
                        "doubt"
                  ],
                  "excerpt": ") PROSPERO Ytimad , voici la nuit terrible ; dans le palais sombre , tu cours éperdue ; les souverains sont morts dans un désordre de sang .SUR LA ROUTE DE LA SCIENCE 133 Qui te poursuit , ma douce sultane , plus blanche et parfumée que la fleur du jasmin ? Personne .La lune resplendit ; son disque s ' aperçoit au travers des murs de dentelle ; les patios s ' éclairent un peu ; les ombres des ajimez se couchent mollement sur les dalles .",
                  "id": "20",
                  "title": "Prospero, poème philosophique / Alexandre Cormier"
            }
      ]
}