{
      "articles": [
            {
                  "doc_url": "https://gallica.bnf.fr/ark:/12148/bpt6k96055669",
                  "emotions": [
                        "joy",
                        "love",
                        "nostalgia",
                        "relief",
                        "gratitude",
                        "calmness"
                  ],
                  "excerpt": "Le disque grandissant , au fleuve qui soupire Donne un reflet d ' argent , — et l ' abîme profond Devient un beau parvis que la nature admire , Un miroir gràcieux où l ' arbrisseau se mire , Un paysage frais dont le ciel fait le fond .Le vent qui court la nuit , à la fleur qui repose Emprunte , en l ' effleurant , son baume vaporeux ; Quand il a respiré la corolle mi - close , Il exhale , en passant , son haleine de rose , Et mêle au bruit de l ' onde un soupir amoureux .Ces bruits de l ' eau , du vent , des feuilles ébranlées , Viennent se réunir dans des accords touchants ; Le rossignol s ' entend parmi ces voix mêlées Comme un tenor brillant , dont les notes ailées Percent le chœur nombreux que dirigent ses chants .",
                  "id": "1",
                  "title": "Heures de loisir / par Hippolyte Magen"
            },
            {
                  "doc_url": "https://gallica.bnf.fr/ark:/12148/bpt6k97879927",
                  "emotions": [
                        "love",
                        "desire"
                  ],
                  "excerpt": "APOLLONIUS .Nous allons au sud , derrière les montagnes et les grands flots , chercher dans les parfums la raison de l ' amour .Tu humeras l ' odeur du myrrhodion qui fait mourir les faibles .",
                  "id": "2",
                  "title": "Oeuvres complètes de Gustave Flaubert.... Tome 5"
            },
            {
                  "doc_url": "https://gallica.bnf.fr/ark:/12148/bpt6k97879927",
                  "emotions": [
                        "trust",
                        "love",
                        "optimism",
                        "desire",
                        "nostalgia",
                        "excitement"
                  ],
                  "excerpt": "à quoi songes - tu ? Elle l ' examine .Ah ! quand tu seras mon mari , je t ' habillerai , je te parfumerai , je t ' épilerai .Antoine reste immobile , plus raide qu ' un pieu , pâle comme un mort .",
                  "id": "3",
                  "title": "Oeuvres complètes de Gustave Flaubert.... Tome 5"
            },
            {
                  "doc_url": "https://gallica.bnf.fr/ark:/12148/bpt6k5805338z",
                  "emotions": [
                        "joy",
                        "love",
                        "excitement"
                  ],
                  "excerpt": "< i m i IIIIIRW II « i iRiii wMiii i ■ ■ » ■ • • ■ i wiwiiriiOTOTnm ^ HiiHi ii im * mm + jne vieille et pittoresque chanson bretonne .Ces chants , ces cris , ces parfums , ce spectacle , cotte grando voix qui s ' élève do la mer , plaintive par instants , sonore et éclatante l ' instant d ' après , ce soleil , cette chaleur , cet air vivifiant et pur épanouissaient en quelque sorte Lucien , réchauffaient son sang et lui donnaient des ardeurs inconnues .Déjà il semblait oublier sa réserve habituelle : on remarquait dans ses manières plus de bonhomie et de laisser - aller ; il avait moins de tenue .",
                  "id": "4",
                  "title": "La femme de feu (43e éd.) / par Adolphe Belot"
            },
            {
                  "doc_url": "https://gallica.bnf.fr/ark:/12148/bpt6k64739501",
                  "emotions": [
                        "love"
                  ],
                  "excerpt": "Les fréquentes épidémies , décrites par Lancisi , sont attribuées par lui - même à la stagnation des eaux ; quelques - unes appartiennent au typhus des camps .Forcées de camper près ou dans l ' emplacement même des marais , les troupes romaines ont souvent été atteintes d ' affections dues à leurs émanations .Les consuls romains , puis les empereurs et enfin les papes ont sans succès essayé de les détruire .",
                  "id": "5",
                  "title": "Des effluves ou émanations paludéennes et de l'étiologie de quelques affections particulières aux lieux marécageux / par Joseph Ory,..."
            },
            {
                  "doc_url": "https://gallica.bnf.fr/ark:/12148/bpt6k64739501",
                  "emotions": [
                        "love"
                  ],
                  "excerpt": "Les terminaisons de la mammite sont la résolution , l ' atrophie de la glande , l ' induration , la suppuration , la gangrène qui peut être circonscrite ou diffuse .La mammite est une affection commune dans les parties marécageuses de notre plaine , et sans être due aux émanations paludéennes , elle peut être attribuée aux étangs , par la végétation qu ' ils produisent , ainsi que nous allons essayer de le démontrer .Lorsque des principes étrangers .",
                  "id": "6",
                  "title": "Des effluves ou émanations paludéennes et de l'étiologie de quelques affections particulières aux lieux marécageux / par Joseph Ory,..."
            },
            {
                  "doc_url": "https://gallica.bnf.fr/ark:/12148/bpt6k57102939",
                  "emotions": [
                        "love",
                        "caring"
                  ],
                  "excerpt": "Concepcion était un chef - d ' oeuvre de la nature , et quand elle se mêle d ' en produire , ils effacent ceux que les Phidias et les PraxiLèlo de tous les siècles taillent dans le bois , la pierre ou le marbre .Souvent elle passait auprès do lui et ses yeux lui parlaient d ' amour , naturellement , comme les roses répandent un parfum , comme le gosier des fauvettes égrène les notes dos chansons .La nuit s ' avançait et la fête brillait dans toute son animation , lorsque Roland , après une troisième valse , entraîna sa danseuse dans la serre immense qui s ' ouvre sur les salons et les continue .",
                  "id": "7",
                  "title": "Le roi Crésus / par Charles Mérouvel"
            },
            {
                  "doc_url": "https://gallica.bnf.fr/ark:/12148/bpt6k57102939",
                  "emotions": [
                        "love"
                  ],
                  "excerpt": "Je vous adore .Le baron prit la tête de sa maîtresse dans ses mains et baisa ses beaux cheveux parfumés .— Moi aussi , je t ' aime , dit - il , parce que tu es une vraie femme avec les faiblesses , les ruses et les vices de ton sexe , moins sujette aux défaillances que tes pareilles .",
                  "id": "8",
                  "title": "Le roi Crésus / par Charles Mérouvel"
            },
            {
                  "doc_url": "https://gallica.bnf.fr/ark:/12148/bpt6k57102939",
                  "emotions": [
                        "love",
                        "courage",
                        "pride"
                  ],
                  "excerpt": "Si peu que ce fût , Jean eût jeté les hauts cris si une autre que son idole avait entassé tant d ' objets inutiles pour une excursion si courte .Mais il porta lui - même la jolie valise parfumée sur le char àbancs que le bidet gris fer allait traîner jusqu ' à la gare du Havre , el bientôt serrés l ' un contre l ' autre , comme deux amoureux dans un vojrage de noces , le mari et la femme roulèrent dans la direction de Paris .Concepcion fut admirable de grâce .",
                  "id": "9",
                  "title": "Le roi Crésus / par Charles Mérouvel"
            },
            {
                  "doc_url": "https://gallica.bnf.fr/ark:/12148/bpt6k57102939",
                  "emotions": [
                        "love",
                        "nostalgia"
                  ],
                  "excerpt": "Pour rien au monde , il n ' aurait consenti à le traîner non seulement dans la boue , niais même dans la fange légère et parfumée des prostitutions élégantes .Il avait caché au monde son amour pour Germaine , amour de jeunesse dont le passé lui laissait dans l ' âme un souvenir toujours vivace et comme une odeur de fleur morte .A plus forte raison , maintenant qu ' il était à l ' apogée de sa grandeur , au point culminant de la fortune et dans toute la raison de l ' âge mûr , voulait - il couvrir d ' ombre cette liaison nouvelle , et du moins se mettre à l ' abri des réclamations el des querelles .",
                  "id": "10",
                  "title": "Le roi Crésus / par Charles Mérouvel"
            },
            {
                  "doc_url": "https://gallica.bnf.fr/ark:/12148/bpt6k229519n",
                  "emotions": [
                        "disgust",
                        "love"
                  ],
                  "excerpt": "Quand elle eut fini , j ' allai d ' instinct et sans y penser la ramener à sa place et m ' asseoir auprès d ' elle .En sentant les parfums de son sein , je fermai les yeux .Elle me demanda si j ' aimais la musique ; sa voix me donna le frisson .",
                  "id": "11",
                  "title": "Le livre de mon ami / Anatole France, ..."
            },
            {
                  "doc_url": "https://gallica.bnf.fr/ark:/12148/bpt6k58085219",
                  "emotions": [
                        "love",
                        "greed"
                  ],
                  "excerpt": "Hérouet , sidre excellent .La pomme est grosse et verde au pommier ; mais elle dévient jaune et fort odoriférante en sa maturité ; elle est si tendre et si délicate que les mouches et oiseaux luy font la guerre ; le sidre n ' en est prest à boire que six mois après la façon , et se garde bon un an ; mais il a ce vice de se noircir au verre .Le pommier de Hérouet fleurit tard ; mais il est de bon rapport .",
                  "id": "12",
                  "title": "Julien de Paulmier ; par Victor-Évremont Pillet,..."
            },
            {
                  "doc_url": "https://gallica.bnf.fr/ark:/12148/bpt6k8630508x",
                  "emotions": [
                        "love",
                        "desire",
                        "nostalgia",
                        "excitement",
                        "envy",
                        "curiosity"
                  ],
                  "excerpt": "Des Triptolèmes en chemise de lin , coiffés de grands chapeaux , ceints de rouge et chaussés de sandales , feront les empressés autour des rieuses .Et le désir d ' elles les émouvra , à l ' arome de leur corps qui sent la sueur , l ' herbe des sillons et le grain ..",
                  "id": "13",
                  "title": "La Terre de Béarn... / Charles de Bordeu"
            },
            {
                  "doc_url": "https://gallica.bnf.fr/ark:/12148/bpt6k57208534",
                  "emotions": [
                        "love"
                  ],
                  "excerpt": "Le rash variolique scarlatiniforme pourrait être confondu avec l ' affection que nous décrivons , et si les phénomènes généraux du début sont graves et analogues à ceux de la variole , on conçoit que l ' hésitation puisse être grande ; on a vu que dans l ' observation de Wilks l ' affection avait été prise pour une variole au début , et qu ' au bout de quelques jours seulement la non - apparition de vésicules et de pustules , en même temps que la teinte rouge devenait générale , fit rectifier le diagnostic .Il est facile de voir , par les descriptions que nous avonsffaites des deux espèces de dermatite exfoliatrice , qu ' il s ' agit là de deux affections qui , si elles ont de nombreux points de contact , présentent aussi des différences notables .Au début , lorsque le corps présente une rougeur vive sur toute sa surface , et qu ' ensuite l ' épiderme commence à se détacher , il est impossible de décider si I ' exfoliation continuera et se renouvellera , et dans quelle espèce le cas particulier devra rentrer ; la marche seule de l ' affection viendra éclairer sur le diagnostic précis .",
                  "id": "14",
                  "title": "Étude sur la dermatite exfoliatrice généralisée, par Émile Percheron,..."
            },
            {
                  "doc_url": "https://gallica.bnf.fr/ark:/12148/bpt6k10407406",
                  "emotions": [
                        "love"
                  ],
                  "excerpt": "Dès que j ' eus fini de déjeuner , je retournai au Luxembourg , et bientôt j ' aperçus mon ami qui donnait le bras avec cérémonie à une toute vieille petite femme vêtue de noir , et à qui je fus présenté .C ' était la Castris , la grande danseuse aimée des princes , aimée du roi , aimée de tout ce siècle galant qui semble avoir laissé dans le monde une odeur d ' amour .Nous nous assîmes sur un banc de pierre .",
                  "id": "15",
                  "title": "Contes de la bécasse. 2è édition (2e édition) / Guy de Maupassant"
            },
            {
                  "doc_url": "https://gallica.bnf.fr/ark:/12148/bpt6k424357p",
                  "emotions": [
                        "love",
                        "calmness"
                  ],
                  "excerpt": "L ' éclat perlé de la lune s ' en alla les bancs de mousse , les sentiers tournants , les fleurs heureuses , les arbres murmuranls , je ne les vis plus .Les senteurs mêmes des roses moururent dans les bras des brises adoratrices .Tout , tout expira , excepté toi , excepté moins que toi excepté seulement la divine lueur do tes veux , excepté l ' âme dans tes yeux tournés vers le ciel Je ne vis qu ' eux , ils étaient le monde pour moi .",
                  "id": "16",
                  "title": "Nouvelle revue de Paris : lettres, histoire, philosophie, sciences, arts, chronique / dir. Émile Gérard"
            },
            {
                  "doc_url": "https://gallica.bnf.fr/ark:/12148/bpt6k64094b",
                  "emotions": [
                        "love",
                        "gratitude"
                  ],
                  "excerpt": "E ~ Cannes , précédée de cette station an nom ravissant pour voyages de noces la Boeca .Antibes oh ie parfum des neurs , la compté odorante , tes cassolettes bénies des passionnés ! – Nice , Nizza la Victoire .Sur cette grande Ugne de i ' Amour où tant de mains , de cœurs et de lèvres s ' unirent , on sent ~ omme une traînée dè bonheur , on croirait à un sillage de volupté .",
                  "id": "17",
                  "title": "Des fous : roman (3e éd.) / Émile Goudeau"
            },
            {
                  "doc_url": "https://gallica.bnf.fr/ark:/12148/bpt6k65135611",
                  "emotions": [
                        "admiration",
                        "love",
                        "pride",
                        "gratitude",
                        "approval"
                  ],
                  "excerpt": "— SAINT ARMAND .Un lis tigré : la belle fleur ! J ' aime son parfum , sa couleur , Son beau port et sa fière mine .Donnez - lui la place d ' honneur Dans ma potiche de la Chine .",
                  "id": "18",
                  "title": "Le petit livre des souvenirs / Texte par MMe Colomb ; Illustrations de Kate Greenaway"
            },
            {
                  "doc_url": "https://gallica.bnf.fr/ark:/12148/bpt6k56298402",
                  "emotions": [
                        "joy",
                        "love",
                        "excitement",
                        "gratitude",
                        "faith"
                  ],
                  "excerpt": "Et non âme s ' élance , et mon âme s ' éc / ie : « Je suis l ' être immortel de l ' Eden ravissan * .! • Tout l ' immense univers est ma belle patrie ! > J ' aime l ' éternité ! j ' aime le Tout - Puissant ! • La terre est parfumée et la nue étincelle ! Mon Dieu , que de bonheurs dans la création ! Et chaque aube , 6 Seigneur , pour nous la renouvelle ! Et tu ne veux qu ' amour et qu ' adoration ! ..",
                  "id": "19",
                  "title": "Inspirations ou Schirim : poésies nouvelles / par Moïse Lion"
            },
            {
                  "doc_url": "https://gallica.bnf.fr/ark:/12148/bpt6k931620c",
                  "emotions": [
                        "grief",
                        "love",
                        "nostalgia"
                  ],
                  "excerpt": "Je te comprends , car je lis en toi comme dans un livre ouvert .Tu penses ce que je pense ; tu souris de cette mort : cette Naples qui fut créée par l ’ amour , qui vécut dans l ’ adoration des couleurs éclatantes , de la musique ardente , des lourds parfums et des nuits d ' ivresse , qui aime la violente volupté de la nature et la douceur des baisers , cette ville passionnée saura bien mourir , saura mourir dignement , dans l ’ apothéose flamboyante d ’ un océan de feu .LA RÉALITÉ I Où ils habitent .",
                  "id": "20",
                  "title": "Naples : les légendes et la réalité / Matilde Serao"
            }
      ]
}