{
      "articles": [
            {
                  "doc_url": "https://gallica.bnf.fr/ark:/12148/bpt6k6566987z",
                  "emotions": [
                        "love"
                  ],
                  "excerpt": "Des plus fines senteurs le secret se surprend , Cependant jusqu ' ici personne N ' a fixé du Lilas le principe odorant , Et nul flacon ne l ' emprisonne ! .Tel est parfois l ' amour , chère âme , — violent , Mais composé d ' une substance Si rare , qu ' on perdrait ses peines en voulant Le faire entrer dans une stance ; Et tout verbe terrestre est impuissant , fût - il Enchâssé dans l ' or de la rime , A tenir enfermé cet arome subtil : Vous le sentez , rien ne l ' exprime ! h : B L ' Œ ILLET Un œillet était dans un coin , Et , l ' ayant aperçu de loin , Je fus auprès du solitaire .Il me reçut d ' un air très froid .",
                  "id": "1",
                  "title": "Ce que disent les fleurs : poésies / de Louis Legendre ; préface de Ludovic Halévy ; aquarelles de Firmin Bouisset"
            },
            {
                  "doc_url": "https://gallica.bnf.fr/ark:/12148/bpt6k854950f",
                  "emotions": [
                        "joy",
                        "love",
                        "doubt",
                        "nervousness"
                  ],
                  "excerpt": "— Sentez - vous pas que tout mon corps frémit ? — Je sens que vous frémissez comme frémissent sous les doigts des séraphins les violons du ciel .— Sentez - vous pas , ô mon amour , sentez - vous pas que je défaille 11 - dans la clarté de la Lune ? — Je sens que vous défaillez comme défaillent les lèvres des petites filles pures sous la douce odeur de la fleur du froesia — Mais dites - moi pourquoi , mon amour , dites - moi pourquoi je tremble et je frissonne ? — C ’ est la naissance de la joie ! La joie , la blanche joie s ’ est abattue sur vous Votre âme chante sous la lune .— Amour .",
                  "id": "2",
                  "title": "Poèmes / Léo Latil"
            },
            {
                  "doc_url": "https://gallica.bnf.fr/ark:/12148/bpt6k5781017g",
                  "emotions": [
                        "love",
                        "excitement",
                        "nervousness",
                        "pain"
                  ],
                  "excerpt": "II En avant I c ' est le quadrille ! Le front brûle , le regard brille , L ' orchestre bruyant retentit Et Terpsichore , heureuse et folie , Ecoute plus d ' une parole Mystérieuse qui s ' envole Et se perd aa milieu du bruit .La jeune danseuse ingénue Sent passer sur sa gorge nue Un soufle enivrant qui remue Toutes les fibres de son coeur .Rougissante , elle balbutie Un mot qui jamais ne s ' oublie Et donne une joie infinie A son heureux et fier danseur .",
                  "id": "3",
                  "title": "Poésies / Caspléga [Pierre Bonmartin]"
            },
            {
                  "doc_url": "https://gallica.bnf.fr/ark:/12148/bpt6k886821r",
                  "emotions": [
                        "love",
                        "gratitude",
                        "envy",
                        "curiosity"
                  ],
                  "excerpt": "Si j ’ étais zéphyr , j ’ irais dans les tresses , Dans les tresses d ’ or de tes cheveux doux ; Je leur donnerais de folles caresses , Malgré les jaloux .Si j ’ étais parfum , malgré toi , farouche , Si j ’ étais parfum , j ’ irais déposer Au plus gentil coin de ta chère bouche L ’ enivrant baiser ! Si j ’ étais murmure , au ciel ou sur terre , J ’ irais sans répit , trêve , ni repos , Te dire à l ’ oreille , avec grand mystère , De tendres propos .Si j ’ étais Amour , j ’ irais dans ton àme , Si j ’ étais Amour , j ’ irais dans ton cœur Epeler le soir les lettres de flamme De mon nom vaincpieur ! SUR LA MORT D ' UN PETIT ENFANT Puisque Dieu le permet , c ’ est que c ’ est bien .",
                  "id": "4",
                  "title": "Glas et carillons : sonnets, poésies diverses, grand'gardes / Paul Collin"
            },
            {
                  "doc_url": "https://gallica.bnf.fr/ark:/12148/bpt6k6574897n",
                  "emotions": [
                        "love"
                  ],
                  "excerpt": "L ' amanqe a , comme toutes les parties de l ' arbre ; une saveur aussi âpre que celle du gland de c bêne .Pour masquer cette saveur loriqu ' oll mâcke l ' amande , on jnêle celle - ci avec des substances acres et aromatiques .Celles qui sont généralement adoptées sont la qhajrx et les feuilles de bétel .",
                  "id": "5",
                  "title": "Bibliothèque générale des voyages [par J.-F. de La Harpe], contenant la relation de tous les voyages intéressans entrepris depuis 1400 jusqu'à nos jours.... Série 1,Tome 17"
            },
            {
                  "doc_url": "https://gallica.bnf.fr/ark:/12148/bpt6k5854001z",
                  "emotions": [
                        "surprise",
                        "joy",
                        "love",
                        "nostalgia",
                        "gratitude"
                  ],
                  "excerpt": "55 Les souvenirs de mes jeunes années Mon triste coeur les doit tous à l ' amour .Baiser cueilli sur une bouche aimée , Quel miel si pur égalé ta douceur ? O Noémi ! lorsqu ' à demi fermée Ta bouche exhale une haleine enflammée Que tes baisers font passer dans mon coeur , Souvent j e crois respirer une fleur , Ou d ' un fruit mûr la Saveur embaumée .Toi qui cent fois m ' enivras de bonheur , Ah ! donne - moi ces lèvres que j ' adore , Donne , je veux les savourer encore .",
                  "id": "6",
                  "title": "Douze épîtres, suivies de stances , par L... M..."
            },
            {
                  "doc_url": "https://gallica.bnf.fr/ark:/12148/bpt6k6475874q",
                  "emotions": [
                        "admiration",
                        "love",
                        "gratitude",
                        "calmness",
                        "amusement",
                        "approval"
                  ],
                  "excerpt": "Il eût certainement manqué quelque chose d ' essentiel au Palais - Royal , qui est le rendez - vous de la beauté tk de la folie , s ' il ne s ' y étoit pas établi plusieurs boutiques de parfums .Quelle odeur agréable ! Combien la volupté gagne , lorsqeue l ' amour a parsemé de fleurs le trône des plaisirs ! Un grand Roi , cependant , qui étoit adorateur des belles , avec sa Íranchife ordinaire : « J ' aimt que » chaque chose fente ce qu ' elle doit M sentir M .Soyons justes , & disons que la propreté , plutôt que la coquetterie , .",
                  "id": "7",
                  "title": "Tableau du nouveau Palais-Royal.... Partie 2"
            },
            {
                  "doc_url": "https://gallica.bnf.fr/ark:/12148/bpt6k54320168",
                  "emotions": [
                        "love",
                        "optimism",
                        "faith"
                  ],
                  "excerpt": "qu ' en ce pays - là chacun serait très beau , Les femmes et les hommes , .L ' Enfant Amour saurait à l ' âme de chacun Souffler ses folles gammes , Et viendrait caresser d ' un céleste parfum Les hommes et les femmes .Au lieu de nos brigands dont le flâneur risqua De subir les principes , Les routes n ' auraient plus que des fleurs d ' angsoka Et de larges tulipes .",
                  "id": "8",
                  "title": "Oeuvres de Théodore de Banville ; Les cariatides ; Roses de Noël"
            },
            {
                  "doc_url": "https://gallica.bnf.fr/ark:/12148/bpt6k54505054",
                  "emotions": [
                        "joy",
                        "love",
                        "gratitude",
                        "faith"
                  ],
                  "excerpt": "De nos jardins fleuris les riantes prémices A chaque fête ornaient ton brillant piédestal .Tandis que de nos coeurs , comme de purs calices , S ' exhalait en priant le parfum virginal .Nos cantiques avaient de mâles harmonies Où l ' orgue adoucissait l ' éclat vibrant des voix , J ' aime à l ' entendre encor l ' écho des Litanies Qu ' à ton jour consacré chantent les Minimois ( i ) .",
                  "id": "9",
                  "title": "Les minimes à Notre-Dame de Fourvière : 16 juin 1896"
            },
            {
                  "doc_url": "https://gallica.bnf.fr/ark:/12148/bpt6k5540209q",
                  "emotions": [
                        "love",
                        "nostalgia",
                        "gratitude"
                  ],
                  "excerpt": "L ' eussions - nous oublié , ce devoir souriant , L ' essence de ton âme , 6 rose d ' Orient , Que Rome un jour greffa sur une âpre églantine , Nous y ramènerait par son odeur latine .Ah ! ce parfum qui flotte entre nous , quel lien I De ton parler , où souffle un air virgilieu , De tes paysans bruns aux voix en cantilènes , De tes filles , le front haut sous une urne pleine - 09 — Il monte ; il est vivant dans ton sang , dans ta chair .Or , ce parfum , combien il nous est doux et cher I Car noire âme française , elle aussi , le distille ; Tant , qu ' à l ' être exhalant sa caresse subtile Nous crions dès l ' abord , les bras ouverts tout grands : « Mais il est de chez nous ! C ' est un de nos parents 1 » Voilà pourquoi toujours la Franco t ' a chérie , 0 Roumanie , ô soeur , ô seconde patrie Dont tous les coeurs naguère , au vent de ma chanson Chantant notre idéal , chantaient à l ' unisson ! Quel idéal ? Celui de l ' aïeule commune , Celui qui fait que nos deux aines n ' en sont qu ' une , Fondue à celte joie enfin de nous revoir , Et de hous retrouver dans le même devoir .",
                  "id": "10",
                  "title": "Poèmes durant la guerre (1914-1918) / Jean Richepin,..."
            },
            {
                  "doc_url": "https://gallica.bnf.fr/ark:/12148/bpt6k5745631z",
                  "emotions": [
                        "love",
                        "nostalgia"
                  ],
                  "excerpt": "Soit ! Mais l ' amour aussi passe et n ' attend personne : Comme le rossignol et la rose il nous donne Des instants à saisir aux heures du printemps — 44 — XXXVIII .Quand les femmes en gaze et de plumes coiffées , Semant par le jardin leurs groupes passagers , Font crier le gravier sous leurs souliers légers Et dans les fonds obscurs flottent comme des fées , Aux dernières lueurs du jour presque étouffées , Sur la terrasse errant , j ' aime , ôblonds orangers ! A respirer d ' en haut vos parfums étrangers Avec le frais des eaux alternant par bouffées .C ' est un divin mélange et tout propice encor Aux rêves d ' Orient que peut faire un jeune homme , Quand il est bien portant et qu ' il a dîné d ' or .",
                  "id": "11",
                  "title": "Sonnets / par le comte Ferdinand de Gramont"
            },
            {
                  "doc_url": "https://gallica.bnf.fr/ark:/12148/bpt6k1178147k",
                  "emotions": [
                        "grief",
                        "love",
                        "nostalgia",
                        "excitement",
                        "caring",
                        "nervousness"
                  ],
                  "excerpt": "Bien sûr , il y avait hésitation de la part des puissances de la maison .Moi , j ’ envoyais du côté de la petite mes effluves magnétiques les plus ardents pour l ’ aider ; mon cœur battait comme si j ’ eusse été en elle .On n ’ entendait plus rien .",
                  "id": "12",
                  "title": "Le Jeune écolier : journal illustré, instructif et amusant"
            },
            {
                  "doc_url": "https://gallica.bnf.fr/ark:/12148/bpt6k9770493g",
                  "emotions": [
                        "joy",
                        "love",
                        "excitement"
                  ],
                  "excerpt": "Je verserai , Madame , dans le cristal étincelant de votre coupe , les diamants parfumés de nos Sauternes , les rubis liquides de nos grands crus de vins rouges .Je vous enseignerai à agiter avec gràce , du bout de vos doigts charmants , le verre léger de mousseline , à respirer le parfum délicat qui s ' en exhale , à savourer le doux baiser que de vos lèvres roses vous donnez au divin Bacchus .Et ne craignez rien de cet adorateur qui s ' insinue discrètement dans tout votre être : le Génie du pur Médoc est semblable au lutin d ' Argyll , que Nodier nous a montré soupirant auprès de la douce Jenny dans les brises du lac bleu ; il sait ne jamais dépasser les bornes d ' une aimable gaieté et d ' une décente raison .",
                  "id": "13",
                  "title": "Les grands vins de Bordeaux / Théophile Malvezin ; rédacteur en chef : Frantz Malvezin"
            },
            {
                  "doc_url": "https://gallica.bnf.fr/ark:/12148/bpt6k5403777v",
                  "emotions": [
                        "love"
                  ],
                  "excerpt": "Toi , dont les fiers pinceaux agiles Rendent trop bien mes traits mobiles , Pinceaux flatteurs , Qui sur la toile blanche et pure Aiment surpasser la nature Dans ses grandeurs .— 104 — Inspire - moi de ton génie ; Prête à ma pauvre âme bannie Ta sainte ardeur ; Répands sur ma mourante lyre Le feu divin dont l ' art t ' inspire : Partage en soeur ! En récompense , ma prière Pour toi s ' élèvera sincère Vers le Seigneur , Et de sa senteur parfumée T ' embaumera , ma bien - aiméé .Comme une fleur .",
                  "id": "14",
                  "title": "Les Craintives, poésies, par Mme Maria Delcambre"
            },
            {
                  "doc_url": "https://gallica.bnf.fr/ark:/12148/bpt6k5494190f",
                  "emotions": [
                        "love"
                  ],
                  "excerpt": "Parfois des ondes passant sur sa délicate figure en modifiaient l ' expression .Et Pierre , incliné sur sa femme , croyait voir monter des sources mystérieuses de son âme adorable les parfums les plus secrets .Il l ' embrassa en l ' a serrant violemment contre lui : — Je te tiens , lui cria - t - il .",
                  "id": "15",
                  "title": "Revue des deux mondes : recueil de la politique, de l'administration et des moeurs"
            },
            {
                  "doc_url": "https://gallica.bnf.fr/ark:/12148/bpt6k883922m",
                  "emotions": [
                        "love",
                        "approval"
                  ],
                  "excerpt": "Tout l ’ été .Heurs jaunes , odorantes , en ombelles très - nombreuses .12 182 DE LA CULTURE DES FLEURS .",
                  "id": "16",
                  "title": "De la culture des fleurs dans les petits jardins sur les fenêtres et dans les appartements (3e édition...) / par Courtois-Gérard"
            },
            {
                  "doc_url": "https://gallica.bnf.fr/ark:/12148/bpt6k58224860",
                  "emotions": [
                        "love"
                  ],
                  "excerpt": "Elles sont légèrement astringentes .JASMINEES Un nom de famille qui évoque deux parfums délicats , celui du Jasmin tant recherché des femmes de l ' Orient ; celui du Lilas si cher aux femmes de l ' Occident , que nos jardiniers s ' évertuent à faire fleurir pendant toute la saison rigoureuse .Paris achète pour deux cent mille francs de branches de Lilas en fleurs pendant l ' hiver .",
                  "id": "17",
                  "title": "Les plantes qui guérissent et les plantes qui tuent / par Olivier de Rawton,..."
            },
            {
                  "doc_url": "https://gallica.bnf.fr/ark:/12148/bpt6k1178147k",
                  "emotions": [
                        "admiration",
                        "love",
                        "pride",
                        "calmness",
                        "faith"
                  ],
                  "excerpt": "Naïve à soixante ans plus qu ’ on ne l ' est aujourd ’ hui à quinze , généreuse malgré sa pauvreté , confiante en l ’ honnêteté d ’ autrui comme en la sienne propre , elle ignorait le mal jusqu ’ à en douter et avait des excuses pour toutes les fautes , des pardons pour tous les repentirs .Elle allait ainsi dans la vie , sainte , adorée , laissant à l ’ esprit , au cœur de ceux qui l ’ approchaient , un parfum suave , un arrière - goût de paradis .Noble femme ! Elle fût la gardienne bénie de mon enfance , et le peu que je vaux , je le iui dois tout entier .",
                  "id": "18",
                  "title": "Le Jeune écolier : journal illustré, instructif et amusant"
            },
            {
                  "doc_url": "https://gallica.bnf.fr/ark:/12148/bpt6k6464432d",
                  "emotions": [
                        "love"
                  ],
                  "excerpt": "La sauge des jardins est encore distinguée en grande ét en petite .La petite diffère de la grande en ce que ses feuilles sont plus petites , plus blanches , d ' une odeur et d ' un goût plus fort et plus aromatique ; la petite sauge est plus estimée que la grande , elle a un très grand nombre de propriétés .Elle est bonne contre toutes les humeurs phlegmatiques ; d ' usage partout où il faut fortifier et dessécher .",
                  "id": "19",
                  "title": "Dictionnaire des alimens , précédé d'une hygiène des tempéramens, de réflexions sur la digestion et les maladies de l'estomac, etc.. Par C*** G***"
            },
            {
                  "doc_url": "https://gallica.bnf.fr/ark:/12148/bpt6k5675431v",
                  "emotions": [
                        "love"
                  ],
                  "excerpt": "La femme , la danseuse , régna alors sans partage , devant un parterre de rois , cle princes et de héros , assouplissant ces glorieux Barbares qui accouraient déposer à ses pieds , en guise d ' hommages , les dépouilles opimes de l ' univers conquis .Emilie - Jeanne - Marie - Antoinette Bigottini accouplait ces attraits enivrants qui subjuguent les coeurs .Elle unissait la pétulance gasconne à la morbidezza romaine .",
                  "id": "20",
                  "title": "Une danseuse de l'Opéra : La Bigottini / Félix-Bouvier"
            }
      ]
}