{
      "articles": [
            {
                  "doc_url": "https://gallica.bnf.fr/ark:/12148/bpt6k96772002",
                  "emotions": [
                        "love"
                  ],
                  "excerpt": "grandes , pétiolées , épaisses , ovales , en cœur , sinuées - anguleuses , denticulées , plus ou moins rouges en dessous , marbrées de vert et de blanc en dessus ; pétiole pourpre ; corolle à segments bilobés à la gorge mais non dentés , formant comme un bourrelet festonné ; fl .d ' un rose tendre , maculées de rouge à la gorge , à suave odeur , paraissant avant les feuilles .% .",
                  "id": "1",
                  "title": "Étude des fleurs. Botanique élémentaire, descriptive et usuelle. 6e édition, renfermant la flore du bassin moyen du Rhône et de la Loire, par l'abbé Cariot,.... Tome 3"
            },
            {
                  "doc_url": "https://gallica.bnf.fr/ark:/12148/bpt6k64832371",
                  "emotions": [
                        "love"
                  ],
                  "excerpt": ".Un rideau tyrien sur la couche héroïque Flottait , les inondant de reflets empourprés ; Et , voilant à demi les hauts lambris dorés , Des arbustes en fleurs et d ' essence choisie , Pleins du vol chatoyant des oiseaux de l ' Asie , Baignaient les deux amants d ' arômes attiédis ; Et sur les grands rosiers en proie aux chauds midis , Au bruit de leurs baisers subitement écloses , Des boutons déchirés semblaient jaillir les roses .* * ♦ Mais un jour , les rideaux se trouvant mal fermés , Advint que le Soleil put entrevoir , pâmés Sur le lit de Vulcain , lequel n ' y songeait guère , La Reine d ' Idalie et le Dieu de la guerre .",
                  "id": "2",
                  "title": "Les médaillons : 1876-1879 / Jules Lemaître"
            },
            {
                  "doc_url": "https://gallica.bnf.fr/ark:/12148/bpt6k5836994s",
                  "emotions": [
                        "love"
                  ],
                  "excerpt": "Pour découvrir leur nid , Eden des hermitages , Il faut escalader bravement cinq étages .Ce que chanta jadis le naïf Béranger , ( Le grenier des vingt ans ) leur est bien étranger , Et l ' amour peut narguer la bise de décembre , Blotti sur un fauteuil de la discrète chambre Toute pleine de joie et de tièdes parfums , Hermétiquement close aux regards importuns .Dans l ' âtre en pétillant la bûche se consume , Tandis que de la rue , au milieu de la brume , Montent sourds et confus les bruits de la cité .",
                  "id": "3",
                  "title": "Pizzicati, esquisses et fantaisies / Lucien Dhuguet"
            },
            {
                  "doc_url": "https://gallica.bnf.fr/ark:/12148/bpt6k30755973",
                  "emotions": [
                        "love"
                  ],
                  "excerpt": "1164 .Violette odorante des quatre saisons , p .1206 .",
                  "id": "4",
                  "title": "Les fleurs de pleine terre : comprenant la description et la culture des fleurs annuelles, vivaces et bulbeuses de pleine terre, suivies de classements divers indiquant l'emploi de ces plantes et l'époque de leur floraison, de plans de jardins... (3e édition) / par Vilmorin-Andrieux et Cie"
            },
            {
                  "doc_url": "https://gallica.bnf.fr/ark:/12148/bpt6k5426848z",
                  "emotions": [
                        "joy",
                        "love",
                        "nostalgia",
                        "gratitude",
                        "faith"
                  ],
                  "excerpt": "En récitatif d ' Opéra , Le silence régnait , de la pâle lueur Que projettent les plis de sa robe argentée , Phcebé seule éclairait les pas du voyageur , Au doux frémissement de la feuille agitée Philomèle , unissant un chant mélodieux , Balançait mollement sur la tige fleurie , Et suivant les replis de son cours tortueux , Le Jourdain lentement arrosait la prairie .Chante , doux rossignol , chante , chante toujours Ce beau ciel azuré , ce ruisseau qui murmure , — 231 — 0 nuit , ô douce nu il sont - ils pour les amours Tes suaves parfums , tes fleurs , ton onde pure ? Non ! ..",
                  "id": "5",
                  "title": "Chansons, lettres familières, satires, et poésies diverses de l'Ermite de la Herse, recueillies et publiées par Lagoguey-Saint-Joseph,..."
            },
            {
                  "doc_url": "https://gallica.bnf.fr/ark:/12148/bpt6k30755973",
                  "emotions": [
                        "love"
                  ],
                  "excerpt": "— Plante glabre ou hautes de 40 à 60 centimètres , munies de feuilles alternes , toutes pétiolées , ovales - cordées , dentées , poilues , rugueuses .Fleurs petites , d ’ un bleu gris de lin ou violet pâle , odorantes , en grappe terminale assez serrée .Fruit également plus petit que dans l ’ espèce précédente et moins arrondi .",
                  "id": "6",
                  "title": "Les fleurs de pleine terre : comprenant la description et la culture des fleurs annuelles, vivaces et bulbeuses de pleine terre, suivies de classements divers indiquant l'emploi de ces plantes et l'époque de leur floraison, de plans de jardins... (3e édition) / par Vilmorin-Andrieux et Cie"
            },
            {
                  "doc_url": "https://gallica.bnf.fr/ark:/12148/bpt6k352548",
                  "emotions": [
                        "love",
                        "desire",
                        "excitement"
                  ],
                  "excerpt": "La nature , sans doute , en donnant de riches couleurs aux fleurs a eu en vue notre félicité elle a plus fait encore en leur accordant ce parfum qui flatte si agréablement nos sens .Cette odeur exquise paraît être faite pour l ' homme , et le sens de l ' amour , avide de multiplier ses jouissances fait encore contribuer à son bonheur les conquêtes faites par l ' odorat .Voyons - nous une belle rosé ? elle est aussi - tôt pour nous i ' emblême de la beauté ; respirons - nous son odeur ? c ' est l ' haleine douce et délicieuse de l ' amantç pour qui nous brûlons - d ' amour et de , desirs notre imagination prête à tous ses charmes * la propriété d ' exhaler les odeurs qui nous sont les plus agréables .",
                  "id": "7",
                  "title": "Mon voyage au Mont-d'Or , par l'auteur du \"Voyage à Constantinople, par l'Allemagne et la Hongrie\""
            },
            {
                  "doc_url": "https://gallica.bnf.fr/ark:/12148/bpt6k54536982",
                  "emotions": [
                        "admiration",
                        "grief",
                        "love",
                        "nostalgia",
                        "gratitude",
                        "doubt",
                        "nervousness"
                  ],
                  "excerpt": "J ' aime , petite oreille , Ton gracieux contour : A l ' âme qui s ' éveille , Petite oreille , Porte nos chants d ' amour .Oreille bien aimée , Qu ' un bruit fait tressaillir , Dans ta nuit parfumée Pourquoi t ' ensevelir ? Comme la blanche étoile , ..",
                  "id": "8",
                  "title": "La femme / par les membres du Caveau"
            },
            {
                  "doc_url": "https://gallica.bnf.fr/ark:/12148/bpt6k30755973",
                  "emotions": [
                        "love"
                  ],
                  "excerpt": "1175 - 1176 .Violette odorante des quatre saisons , p .1206 - 1207 .",
                  "id": "9",
                  "title": "Les fleurs de pleine terre : comprenant la description et la culture des fleurs annuelles, vivaces et bulbeuses de pleine terre, suivies de classements divers indiquant l'emploi de ces plantes et l'époque de leur floraison, de plans de jardins... (3e édition) / par Vilmorin-Andrieux et Cie"
            },
            {
                  "doc_url": "https://gallica.bnf.fr/ark:/12148/bpt6k42273231",
                  "emotions": [
                        "admiration",
                        "love",
                        "gratitude",
                        "calmness"
                  ],
                  "excerpt": "haleine douce .doux parfum , voix douce , douce harmonie , flûte douce , doux murmure , le doux murmure des eaux .un pa .",
                  "id": "10",
                  "title": "Le dictionnaire de l'Académie françoise. Tome 1 / , dédié au Roy"
            },
            {
                  "doc_url": "https://gallica.bnf.fr/ark:/12148/bpt6k96772002",
                  "emotions": [
                        "love"
                  ],
                  "excerpt": "linéaires , canaliculées , nombreuses ; périanthe à segments plans et aigus ifl .d ' un jaune tendre à odeur suave .% .",
                  "id": "11",
                  "title": "Étude des fleurs. Botanique élémentaire, descriptive et usuelle. 6e édition, renfermant la flore du bassin moyen du Rhône et de la Loire, par l'abbé Cariot,.... Tome 3"
            },
            {
                  "doc_url": "https://gallica.bnf.fr/ark:/12148/bpt6k933771b",
                  "emotions": [
                        "love"
                  ],
                  "excerpt": "Arbuste â bois odorant .Feuilles ovales odorantes .Fleurs jaunâtres en mpi .",
                  "id": "12",
                  "title": "Petit dictionnaire manuel du jardinier amateur, par Moléri"
            },
            {
                  "doc_url": "https://gallica.bnf.fr/ark:/12148/bpt6k57152162",
                  "emotions": [
                        "love"
                  ],
                  "excerpt": "Nous avons pensé également qu ' il serait avantageux de pouvoir tirer de notre étude une règle de conduite destinée à nous guider plus tard , et cette règle de conduite nous a paru d ' autant plus intéressante à rechercher que la lecture des ouvrages classiques nous avait très peu édifié à cet égard .Le pneumothorax des tuberculeux est toujours , pour la plupart des auteurs , l ' affection à laquelle il ne faut toucher que la main forcée , soit que le pus soit fétide , soit que la pression intrapleura ' le vienne compromettre le jeu des organes voisins , du coeur en particulier .Notre regretté maître , M .",
                  "id": "13",
                  "title": "Contribution à l'étude du pneumothorax (pronostic, traitement, statistique algérienne) / par le Dr Joseph Lavernhe,..."
            },
            {
                  "doc_url": "https://gallica.bnf.fr/ark:/12148/bd6t5371534n",
                  "emotions": [
                        "love",
                        "relief",
                        "caring"
                  ],
                  "excerpt": "La culture des plantes sur les fenêtres et dans les appartements est devenue presque un besoin dans ces rues étroites et sombres qu ’ elles égaient en faisant songer aux champs , aux bois , à la belle nature .C ’ est souvent avec un véritable amour que les soins leur sont prodigués et elles font alors oublier les tracas d ’ une vie agitée dans un aussi triste milieu : leurs fleurs charment nos regards par la diversité de leurs formes et de leurs couleurs et embaument l ’ air des parfums les plus suaves .Enfin on s ’ attache à suivre tous les progrès de leur développement et souvent avec un intérêt d ’ autant plus grand que les difficultés à vaincre sont plus considérables .",
                  "id": "14",
                  "title": "Les plantes d'appartement et les plantes de fenêtres... / D. Bois"
            },
            {
                  "doc_url": "https://gallica.bnf.fr/ark:/12148/bpt6k5324644r",
                  "emotions": [
                        "love",
                        "nostalgia",
                        "caring",
                        "approval"
                  ],
                  "excerpt": "C ’ est quelque chose déjà de trouver une formule qui soit neuve et pittoresque ; et , si je n ’ avais horreur de l ’ ombre du paradoxe , je vous soutiendrais que la fortune de ceux qu ’ on appelle les grands penseurs est faite de ces trouvailles .Il aime donc , ce jeune homme ; il aime sa terre natale , il aime tous les souvenirs , qu ’ elle lui rappelle et la bonne odeur de tradition qui s ’ exhale des champs et des cimetières .C ’ est le thème initial et comme le leit - motiv de son inspiration .",
                  "id": "15",
                  "title": "Ceux de chez nous : études septentrionales première série"
            },
            {
                  "doc_url": "https://gallica.bnf.fr/ark:/12148/bpt6k1174089b",
                  "emotions": [
                        "love"
                  ],
                  "excerpt": "Elle bout à 213 » , possède une saveur sucrée et une odeur qui rappelle celle des amandes amères .Bien pure , cette odeur est très - suave , plus chaude que celle des amandes amères et rappelant un peu celle de la cannelle , peut - être moins fine et moins délicate que celle des amandes , mais ayant sur cette dernière l ’ avantage d ’ être moins altérable sous l ’ influence des alcalis .La nitrobenzine est presque insoluble dans l ’ eau , mais elle se dissout facilement en toute proportion dans l ’ alcool , l ’ éther et les essences .",
                  "id": "16",
                  "title": "Nouveau manuel complet du distillateur liquoriste... contenant l'art... de fabriquer les sirops, esprits parfumés... liqueurs distillées et par infusion... par MM. Lebeaud et Julia de Fontenelle,... Nouvelle édition, par F. Malepeyre..."
            },
            {
                  "doc_url": "https://gallica.bnf.fr/ark:/12148/bpt6k96828530",
                  "emotions": [
                        "love"
                  ],
                  "excerpt": "Elle bout à 213 ° , possède une saveur sucrée et une odeur qui rappelle celle des amandes arnères .Bien pure , cette odeur est très - suave , plus chaude que celle des amandes amères et rappelant un peu celle de la cannelle , peut - être moins fine et moins délicate que celle des amandes , mais ayant sur cette dernière l ' avan - tage d ' être moins altérable sous l ' influence des alcalis .La nitrobenzine est presque insoluble dans l ' eau , mais elle se dissout facilement en toute proportion dans l ' alcool , l ' éther et les essences .",
                  "id": "17",
                  "title": "Nouveau manuel complet du distillateur liquoriste : contenant l'art de fabriquer les sirops, esprits parfumés... liqueurs distillées et par infusion... (Nouvelle édition) / par MM. Lebeaud et Julia de Fontenelle,..."
            },
            {
                  "doc_url": "https://gallica.bnf.fr/ark:/12148/bpt6k30755973",
                  "emotions": [
                        "love",
                        "gratitude",
                        "calmness",
                        "approval"
                  ],
                  "excerpt": "— V .Belle - de - NUIT ODORANTE .Jalap taux .",
                  "id": "18",
                  "title": "Les fleurs de pleine terre : comprenant la description et la culture des fleurs annuelles, vivaces et bulbeuses de pleine terre, suivies de classements divers indiquant l'emploi de ces plantes et l'époque de leur floraison, de plans de jardins... (3e édition) / par Vilmorin-Andrieux et Cie"
            },
            {
                  "doc_url": "https://gallica.bnf.fr/ark:/12148/bpt6k1078645",
                  "emotions": [
                        "love",
                        "optimism"
                  ],
                  "excerpt": "N ' écrasez pas sous le pied pesant et boiteux du doute la neur rosé de l ' espérance et la tïeur dorée de la foi .Et la vie et l ' amour vous seront éternellement nouveaux , éternellement frais , éternellement parfumés , même quand les écrevisses et le beurre ne vaudront plus rien .Mais , hélas $ hommes , ignorants et ingrats , vous monter vos coeurs d ' après la saison comme vos pendules d ' après le soleil , et vous vous imaginez que , quand l ' aiguille est au printemps , c ' est l ' heure de se mettre à table et de manger de la vie et de l ' amour .",
                  "id": "19",
                  "title": "Alexandre Dumas à la Maison d'or : souvenirs de la vie littéraire / par Philibert Audebrand"
            },
            {
                  "doc_url": "https://gallica.bnf.fr/ark:/12148/bpt6k5475132r",
                  "emotions": [
                        "love"
                  ],
                  "excerpt": "C ' est une maladie toute spéciale .L ' affection qui présente ces caractères mérite seule le nom à ' ozène ; on l ' appelle encore rhinite atrophique fétide etpunaisie .Étiologie et pathogénie .",
                  "id": "20",
                  "title": "Maladies du larynx, du nez et des oreilles / par André Castex,..."
            }
      ]
}