{
      "articles": [
            {
                  "doc_url": "https://gallica.bnf.fr/ark:/12148/bpt6k98041663",
                  "emotions": [
                        "love",
                        "approval"
                  ],
                  "excerpt": "Asperula odorata .ASPÉltULE ODORANTE .Parc des Dervalières ; le parc du château de la Bretêche en est rempli , Bon .",
                  "id": "1",
                  "title": "Flore nantaise, ou Tableau analytique d'après la méthode de M. Lamark [sic], des plantes naturelles au département de la Loire-Inférieure... classées selon Jussieu, avec une concordance linnéenne et l'indication de leurs usages dans la médecine et dans les arts / par Ch.-Aug. Moisan,..."
            },
            {
                  "doc_url": "https://gallica.bnf.fr/ark:/12148/bpt6k5495431x",
                  "emotions": [
                        "love",
                        "desire",
                        "curiosity"
                  ],
                  "excerpt": "La chose dont on parle s ' est passée sans témoin , il est difficile d ' en savoir la vérité ; mes yeux en sont témoins , so dit d ' une chose qu ' on a vuo soi - même ; par une espèce de serment , Dieu en est témoin , Dieu m ' en est témoin , Dlou sait que co que jo dis est véritable ; prendre quelqu ' un à témoin , invoquer son témoignage , lo sommer do déclarer ce qu ' il sait .Tempérer une ardeur d ' entrailles par des tisanes rafraîchissantes .Tempérer l ' acrimonie des humeurs ; — flg .",
                  "id": "2",
                  "title": "Dictionnaire classique de la langue française : le plus exact et le plus complet de tous les ouvrages de ce genre... ; suivi d'un Dictionnaire géographique, historique, biographique et mythologique / par H. Bescherelle jeune,..."
            },
            {
                  "doc_url": "https://gallica.bnf.fr/ark:/12148/bpt6k62144989",
                  "emotions": [
                        "grief",
                        "love",
                        "nostalgia"
                  ],
                  "excerpt": "— Zoraïde n ' a qu ' une pensée , c ' est le danger que court son père ; Empsaël lui promet qu ' il pourra s ' éloigner sans crainte ; — mais quand il apprend que Zoraïde veut le suivre , il entre en grande colère ; — il prie , il menace , — puis il revient à la prière .Ne dois - tu pas un jour être épouse , être mère ? Ne dois - tu pas un jour abandonner ce père , Ce père , dont l ' amour ne se montra jamais Que pour rompre des nœuds qu ' alors tu chérissais ? Oh ! viens , ma Zoraïde , oh ! viens , ma bien - aimée , Respirer du désert la brise parfumée ! De l ' ombre des palmiers viens goûter la fraîcheur ; Viens dans ma case , viens ; là sera le bonheur .„ .",
                  "id": "3",
                  "title": "Musée littéraire : choix de littérature contemporaine française et étrangère. Série 7"
            },
            {
                  "doc_url": "https://gallica.bnf.fr/ark:/12148/bpt6k96851182",
                  "emotions": [
                        "love",
                        "nostalgia",
                        "excitement",
                        "gratitude"
                  ],
                  "excerpt": "La rose , parfumant la couche nuptiale , S ' entr ' ouvre , et l ' alouette à la voix matinale Réveille les autres oiseaux .Eveille , éveille - toi , ma jeune bien - aimée ; Ouvre avec le soleil qui brille sur les bois Ta paupière à ma vue éblouie et charmée ; Mèle aux suaves fleurs ton haleine embaumée ; Joins aux chants des oiseaux ta voix .Elle soulève enfin sa tête nonchalante , Qui retombe aussitôt sur la mienne à demi ; Sa bouche a murmuré quelques mots , douce et lente .",
                  "id": "4",
                  "title": "Solitude et rêverie : poésies / par Alfred de Tanouarn"
            },
            {
                  "doc_url": "https://gallica.bnf.fr/ark:/12148/bpt6k5812285m",
                  "emotions": [
                        "love"
                  ],
                  "excerpt": "Desormeaux .Pour peu qu ' on étudie les observations de fièvre puer - ( 16 ) pérale putride qui nous ont été laissées par les anciens , on reconnaîtra qu ' elles ont pour la plupart , avec les faits de phlébite interne observés de nos jours , une remarquable et frappante analogie , ensorte qu ' on ne peut guère douter que ces affections n ' aient souvent dû leur caractère putride h .l ' absorption du pus , comme dans les faits que nous observons aujourd ' hui .",
                  "id": "5",
                  "title": "Des Fièvres puerpérales observées à la Maternité pendant l'année 1829 dans le service de M. Desormeaux, des différens moyens employés pour les combattre, et spécialement des saignées locales et générales, des vomitifs et des mercuriaux, par L. Tonnellé,..."
            },
            {
                  "doc_url": "https://gallica.bnf.fr/ark:/12148/bpt6k98041663",
                  "emotions": [
                        "love",
                        "approval"
                  ],
                  "excerpt": "dllthoxanlhum odoratum .FLOUVE ODORANTE .Commune dans les lieux secs et les prés .",
                  "id": "6",
                  "title": "Flore nantaise, ou Tableau analytique d'après la méthode de M. Lamark [sic], des plantes naturelles au département de la Loire-Inférieure... classées selon Jussieu, avec une concordance linnéenne et l'indication de leurs usages dans la médecine et dans les arts / par Ch.-Aug. Moisan,..."
            },
            {
                  "doc_url": "https://gallica.bnf.fr/ark:/12148/bpt6k57230858",
                  "emotions": [
                        "joy",
                        "love",
                        "desire",
                        "nostalgia",
                        "excitement",
                        "curiosity",
                        "faith"
                  ],
                  "excerpt": "d ' été 1 Feuilles , broussailles , fleurs , Herbes folles , taillis ! Enivrés de lueurs , Au murmure odorant des brises bocagères , Nous cherchons les grands bois et leurs profonds mystères ; .Nous nous assimilons tous leurs frémissements Et livrons notre rêve à ses enchantements ! A la Saint - Jean d ' été , la fête de la flamme , Comme un rouge étendard , laissons flotter notre âme , A tes chauds horizons , belle Saint - Jean d ' été , Laisse - nous de tes feux rêver Pìntensité I Puis , nous nous demandons si la séve des plantes Monte de notre coeur en effluves ardentes ; Si , par ces végétaux , nous sentons , nous aimons , Ou par nos voeux secrets si nous les animons .Le Royaume de l ' Amour .",
                  "id": "7",
                  "title": "Merlin / Cte de Saint-Jean"
            },
            {
                  "doc_url": "https://gallica.bnf.fr/ark:/12148/bd6t5368367w",
                  "emotions": [
                        "grief",
                        "love",
                        "optimism",
                        "desire",
                        "gratitude",
                        "faith"
                  ],
                  "excerpt": "A ce moment d ’ autres signes auront remplacé dans le ciel ceux que nos yeux y contemplent aujourd ’ hui .Puisses - tu , Lyssa , venir encore apporter à Stasippe la gerbe de fleurs odorantes ! Lyssa s ’ était relevée et Likès la regardait ardemment .Ce corps d ’ enfant , cette grâce et cette jeunesse achevaient de séduire son cœur .",
                  "id": "8",
                  "title": "Le colosse de Rhodes / Jean Bertheroy"
            },
            {
                  "doc_url": "https://gallica.bnf.fr/ark:/12148/bpt6k373305x",
                  "emotions": [
                        "grief",
                        "sadness",
                        "love",
                        "desire",
                        "nostalgia"
                  ],
                  "excerpt": "Volupté , tu es impuissante Avec tes bras faibles de femme A combler ce vide d ' une âme Que le regret du passé hante .Mais d ' autres soirs , quand tu te coules Le long de moi , tendresse chaude Sur le sombre divan où rôde Le désir au visage double , Quand s ' éteint la lampe d ' argent Comme un soleil ivre d ' avoir Ébloui de son éclat noir Notre nuit de chastes amants , Dans l ' odeur de ta chair nourrie Du sang vénéneux de la drogue J ' oublie — que les morts me pardonnent — Le destin cruel de ma Vie .Chaque nuit , un peu plus , j ' oublie .",
                  "id": "9",
                  "title": "Le Mort mis en croix, poèmes / Noël-Garnier"
            },
            {
                  "doc_url": "https://gallica.bnf.fr/ark:/12148/bpt6k35391r",
                  "emotions": [
                        "love"
                  ],
                  "excerpt": "sul à R ' at .Elle se compose d ' une écorcé rouge - brun , légèrement fibreuse et douée d ' une saveur astringente , mais non amère , et d ' un cœur lgncux très - dur , à cassure nette , d ' un rouge pâle tirant sur le jaunâtre .Comme ' cette partie ligneuse a moins de saveur ' ei renferme moins de principes actifs que l ' écorce , il convient de choisir les racines les plus petites ou au moins les moyennes , où l ' écorce est cu plus grande .",
                  "id": "10",
                  "title": "Dictionnaire universel théorique et pratique, du commerce et de la navigation. T. 2. H-Z"
            },
            {
                  "doc_url": "https://gallica.bnf.fr/ark:/12148/bpt6k9770284t",
                  "emotions": [
                        "love"
                  ],
                  "excerpt": "L ' herbe et les fleurs étaient couvertes de rosée .Les deux amants s ' arrêtèrent pour respirer ensemble cet air frais et parfumé ; ils se regardèrent .C ' était la première fois qu ' ils se voyaient le jour .",
                  "id": "11",
                  "title": "Sous les tilleuls / par Alphonse Karr ; illustrations de Louis Strimpl"
            },
            {
                  "doc_url": "https://gallica.bnf.fr/ark:/12148/bpt6k9782014c",
                  "emotions": [
                        "love"
                  ],
                  "excerpt": "; barbon odorant , m .; jonc odoraiti , m .Truss of — , botte de foin , f .",
                  "id": "12",
                  "title": "Dictionnaire général anglais-français : nouvellement rédigé d'après Johnson, Webster, Richardson, etc., les dictionnaires français de l'Académie, de Laveaux, de Boiste, etc., et les ouvrages spéciaux de l'une et l'autre langue contenant un grand nombre de mots qui ne se trouvent pas dans les dictionnaires... (24e édition) / par A. Spiers,..."
            },
            {
                  "doc_url": "https://gallica.bnf.fr/ark:/12148/bpt6k201302b",
                  "emotions": [
                        "love"
                  ],
                  "excerpt": "Chez quelques animaux , tels que la célèbre ' mouffette d ' Amérique , l ' odeur infecte qu ' ils émettent paraît constituer exclusivement un moyen de défense .Chez les Musaraignes ( Sorex ) , les deux sexes possèdent des glandes abdominales odorantes , et , à voir comme les oiseaux et bêtes de proie rejettent leurs cadavres , il n ' y a aucun doute que cette odeur ne leur soit un moyen de protection cependant ces glandes grossissent chez les mâles pendant la saison des amours .Chez beaucoup d ' autres quadrupèdes , les glandes ont les mêmes dimensions chez les deux sexes mais leur usage est inconnu .",
                  "id": "13",
                  "title": "La descendance de l'homme et la sélection sexuelle (Troisième édition) / par Charles Darwin,... ; trad. par Edmond Barbier ; préf. par Carl Vogt"
            },
            {
                  "doc_url": "https://gallica.bnf.fr/ark:/12148/bpt6k5442362t",
                  "emotions": [
                        "love",
                        "pride"
                  ],
                  "excerpt": ": Tantost elle le baise .et de fleurs odoreuses Environne son front .) C ' estoit un oeuvre grand depandant de Fortune .",
                  "id": "14",
                  "title": "Lexique de Ronsard : précédé d'une étude sur son vocabulaire, son orthographe et sa syntaxe. Volume 83 / par L. Mellerio,... ; préface par M. Petit de Julleville"
            },
            {
                  "doc_url": "https://gallica.bnf.fr/ark:/12148/bpt6k9601335t",
                  "emotions": [
                        "love"
                  ],
                  "excerpt": "Un coq préparé de cette façon vaut un empire .Aucun rôti ne peut lui être comparé , aucun parfum d ' Arabie ou du sérail n ' exhale une odeur plus suave , plus enivrante , et je ne sache pas qu ' il y ait rien sur la terre de plus parfait et de plus séduisant que ce mets sublime .Je vous conseille de mettre des gants en mangeant de ce volatile .",
                  "id": "15",
                  "title": "La chasse au coq de bruyère : récit de chasse dans les Ardennes, histoire naturelle de diverses espèces de tétras, leurs moeurs, les lieux qu'ils habitent... / par Léon de Thier"
            },
            {
                  "doc_url": "https://gallica.bnf.fr/ark:/12148/bpt6k56091596",
                  "emotions": [
                        "joy",
                        "grief",
                        "love",
                        "nostalgia"
                  ],
                  "excerpt": "Avec grâce , avec gentillesse , Les trésors de sa douce odeur .Un jour que , comme à l ' ordinaire , Notre aimable jardinière Près de l ' amie de son coeur Se rendait ainsi qu ' une soeur , Et cueillait l ' haleine embaumée De cette rose tant aimée , Elle aperçut un noir crapaud , Au pas traînant , à l ' air pataud , Qui , de sa bave dégoûtante , Souillait la tige frémissante De la noble reine des fleurs , Qui ne put que verser des pleurs .La jeune fille épouvantée S ' enfuit , laissant au désespoir Sa pauvre compagne insultée Qui dépérit avant le soir , FABLE XIX .",
                  "id": "16",
                  "title": "Cent Fables, par Charles Borne,..."
            },
            {
                  "doc_url": "https://gallica.bnf.fr/ark:/12148/bpt6k6133167q",
                  "emotions": [
                        "love",
                        "nostalgia"
                  ],
                  "excerpt": "Ces odeurs diffèrent essentiellement entre elles ; ~ en effet , il n ' est presque pas de substance animale qui , en se pourrissant , ne donne lieu à une odeur sui generis , que je regarde comme étant due à une portion de la substance putréfiée , dissoute dans l ' air : ainsi , l ' odeur du fumier des cochons diffère beaucoup de celui des bêtes à laine , et celui des établcs des boeufs et des vaches en exhale une qui lui est propre ; il en est de même du poisson pourri , des matières fécales , des égouts , latrines et autres lieux infects .Ces odeurs exercent à la longue une influence délétère sur l ' organisme , et donnent lieu à diverses affections morbifiques .Les marais , les eaux stagnantes , etc .",
                  "id": "17",
                  "title": "Dictionnaire de médecine usuelle et domestique.... fasc. 2 : g-z"
            },
            {
                  "doc_url": "https://gallica.bnf.fr/ark:/12148/bpt6k6133167q",
                  "emotions": [
                        "love"
                  ],
                  "excerpt": "2 ° Altération des urines : urines SMcrées ( diabètes sucré ) .11 est une maladie to ' ut opposée à la précédente , dans laquelle les urines ayant une saveur ■ sucrée bien prononcée , sont rendues en ' quantité si considérable , que lés malades ne tardent pas à succomber - dans le dernier degré d ' épuisement ; cette affection , • nommée diabètes , est fort rare et près ' que toujours au - dessus des ressources de l ' art .' ' Lef mot diabètes , du ' grec Siaëuivu , je passe à travers , indique lé principal caractère de la maladie , savoir , l ' abondance des urines telle qu ' il semhlequé toutes , les boissons et \" même \" la plus ~ .",
                  "id": "18",
                  "title": "Dictionnaire de médecine usuelle et domestique.... fasc. 2 : g-z"
            },
            {
                  "doc_url": "https://gallica.bnf.fr/ark:/12148/bpt6k3060525s",
                  "emotions": [
                        "anger",
                        "love",
                        "caring"
                  ],
                  "excerpt": "Ma bouche s ’ ouvrirait trop grande pour ta bouche , Et je te mangerais ainsi qu ’ un crocodil ( e ) Et nous verrions nos nez , en un regard qui louche , Plus longs , deux fois plus longs qu ’ un sabre d ’ alguazil ! De tes cheveux défaits , je tresserais des nattes Où , doux , nous dormirions en des rêves d ’ opium , Sans crainte des noyaux , nous mangerions des dattes , Et nous chevaucherions le lit en omnium .Je baiserais tes pieds et te ferais les ongles , Tes ongles parfumés d ’ odeurs sut generis \\ Nous parlerions d ’ amour , puis aussi de tes oncles , Alors je te dirais si je suis géné ..",
                  "id": "19",
                  "title": "A coups de Gaule / Jho Pâle ; [préface signée : Henri Duvernois]"
            },
            {
                  "doc_url": "https://gallica.bnf.fr/ark:/12148/bpt6k97634489",
                  "emotions": [
                        "admiration",
                        "love",
                        "gratitude",
                        "caring"
                  ],
                  "excerpt": "— Je pense aux fleurs nées devant le soleil qui sous ses rayons colorient la terre .Petits êtres frais de cœur et d ' arôme , couleurs parfumées , couleurs animées , couleurs faites à demi femme , vous par qui tout peintre est un amoureux ! ..",
                  "id": "20",
                  "title": "Le décor d'un rêve d'artiste (Eugène Viala) / Jehan d'Arvieux ; préface de C. Gandilhon Gens d'armes"
            }
      ]
}