{
      "articles": [
            {
                  "doc_url": "https://gallica.bnf.fr/ark:/12148/bpt6k5681176f",
                  "emotions": [
                        "love"
                  ],
                  "excerpt": "s ' il ya dans l ' exis - 300 LUTTES DE LA NATURE tence de chaque femme une époque où son corps est encore vierge , sa pensée ne l ' est déjà plus .Elle a aimé , par instinct , un être rêvé ou rencontré — aussitôt éclose , la femme se pénètre d ' amour , comme le bouton d ' une fleur s ' imbibe de parfum .L ' amour c ' est le parfum de cette fleur délicate qu ' on appelle la femme .",
                  "id": "1",
                  "title": "Les Smogglers, par Jules Lecomte.... Tome 2"
            },
            {
                  "doc_url": "https://gallica.bnf.fr/ark:/12148/bpt6k5681176f",
                  "emotions": [
                        "love",
                        "nostalgia",
                        "gratitude"
                  ],
                  "excerpt": ".l ' antiquité est parfumée d ' amour .Le Dante m ' a rappelé , en paroles écrites en lettres de feu sur la porte de son enfer , par Gibelin , sortant tout sanglant des ruines de sa patrie : Laissez là pour long - temps l ' espérance , vous qui entrez ! Toujours des blessures pour mon coeur ! LA DAME INCONNUE .",
                  "id": "2",
                  "title": "Les Smogglers, par Jules Lecomte.... Tome 2"
            },
            {
                  "doc_url": "https://gallica.bnf.fr/ark:/12148/bpt6k5681176f",
                  "emotions": [
                        "love",
                        "nostalgia",
                        "caring"
                  ],
                  "excerpt": "Auprès d ' elle du moins tu ne compromettras ni ton goût ni tes fadeurs , — ajouta - t - elle .— J ' aime autant une fleur parfumée qu ' une jolie fleur , — repris - je , — si je ne puis te voir , laisse - moi du moins le respirer .Toutes ces niaiseries , toutes ces fadaises passaient sur ma bulle d ' acide prussique avant d ' arriver à mes lèvres .",
                  "id": "3",
                  "title": "Les Smogglers, par Jules Lecomte.... Tome 2"
            },
            {
                  "doc_url": "https://gallica.bnf.fr/ark:/12148/bpt6k5681176f",
                  "emotions": [
                        "love"
                  ],
                  "excerpt": "Elle a aimé , par instinct , un être rêvé ou rencontré — aussitôt éclose , la femme se pénètre d ' amour , comme le bouton d ' une fleur s ' imbibe de parfum .L ' amour c ' est le parfum de cette fleur délicate qu ' on appelle la femme .Il faut se trouver là à point pour la respirer quand le soleil de l ' âge la fait épanouir : — un moment trop tard , et déjà ses douces senteurs , ses prémices sont dispersées par le vent qui passe sur elle .",
                  "id": "4",
                  "title": "Les Smogglers, par Jules Lecomte.... Tome 2"
            },
            {
                  "doc_url": "https://gallica.bnf.fr/ark:/12148/bpt6k5774701p",
                  "emotions": [
                        "surprise",
                        "love",
                        "nostalgia",
                        "gratitude",
                        "calmness",
                        "faith"
                  ],
                  "excerpt": "Qu ' on nous permette de les citer en partie : AU LAC DE TIBÉRIADE J ' aime tes flots , leur teinte et leur murmure , Lac enchanteur où Jésus naviguait .Comme une glace au sein de la verdure , Ton onde calme aujourd ' hui m ' apparaît ; Ah ! que j ' entende un instant ton langage ; De mon Jésus redis - moi les accents ! Tu l ' en souviens , ô mon charmant rivage , Fais - toi l ' écho de ses enseignements ! Près de tes bords , parés de lauriers - roses , 11 répandait le parfum de son coeur ; Comme tes fleurs sa parole est éclose .En gardes - tu la généreuse odeur ? Si la rosée en ta rive est féconde , Plus féconds sont ses oracles divins ; Il a donné sa grâce à tout un monde , Et la lumière aux âmes des humains .",
                  "id": "5",
                  "title": "Au pays du Sauveur, impressions de voyage d'un pèlerin en Égypte et en Palestine / par l'abbé J. de Martrin-Donos,..."
            },
            {
                  "doc_url": "https://gallica.bnf.fr/ark:/12148/bpt6k5774701p",
                  "emotions": [
                        "love",
                        "nostalgia",
                        "doubt",
                        "curiosity",
                        "faith"
                  ],
                  "excerpt": "Pourquoi doue cette terre nous semble - t - eile la patrie ' / Ou n ' y parie pas noire langue ; on n ' y connaît guère nos moeurs et notre civilisation ; ceux qui l ' habitent ne nous aiment pas .Pourquoi les brises embaumées des sommets charmants du Carmel nous font - elles tressaillir comme si elles apportaient les parfums de la France ? Qui nous fait citoyen de ce pays barbare et lointain ? C ' est la religion ! C ' est elle , en effet , qui crée les liens les plus serrés , les affections les plus fortes .— 85 — Nous étions là sur le pont du navire avec M .",
                  "id": "6",
                  "title": "Au pays du Sauveur, impressions de voyage d'un pèlerin en Égypte et en Palestine / par l'abbé J. de Martrin-Donos,..."
            },
            {
                  "doc_url": "https://gallica.bnf.fr/ark:/12148/bpt6k1188492q",
                  "emotions": [
                        "love"
                  ],
                  "excerpt": ".« Mais pourtant , quand je songe à l ’ épanouissement de la fleur embaumée , que ta vue fit éclore en mon cœur ; au parfum grisant et subtil qui .de son calice s ’ exhalait , et de sa captivante senteur pénétrait tout mon être , comme pour l ’ imprégner à jamais de Toi , de ton image adorée , ô Thrysilve , j ’ oublie que la fleur sous mes pleurs tressaille , et que ses tressaillements se répercutent en une infinie douleur au plus profond de mon âme ! .",
                  "id": "7",
                  "title": "L'Œuvre d'art international : revue mensuelle / directeur artistique Francesco Zeppa ; directeur littéraire Marcel Clavié"
            },
            {
                  "doc_url": "https://gallica.bnf.fr/ark:/12148/bpt6k205485n",
                  "emotions": [
                        "admiration",
                        "love",
                        "pride",
                        "approval"
                  ],
                  "excerpt": "Mon gendre serait - il un homme de dépense ? COLOMBIE .Vous sentez par trop bon , monsieurle grand vainqueur , Et toutes ces odeurs me tournent sur le cœur ..",
                  "id": "8",
                  "title": "Poésies complètes. T. 1 / Gustave Le Vavasseur"
            },
            {
                  "doc_url": "https://gallica.bnf.fr/ark:/12148/bpt6k97623106",
                  "emotions": [
                        "love",
                        "gratitude"
                  ],
                  "excerpt": "Des belles au printemps j ' ombrage la figure , Et préserve leurs traits de la grande chaleur : Je couvre l ' humble toit du pauvre laboureur , Et porte dans les champs sa chère nourriture , Pour embaumer les vers de M .Marcellus , Je deviens , sur trois pieds , un doux parfum de plus .Grâce à cet écrivain , cette plante sacrée A la rose , au jasmin est toujours préférée ; Et l ' adroit jardinier , cultivant cet oignon , Dit : c ' est bien là des lys le noble compagnon .",
                  "id": "9",
                  "title": "Le joyeux Breton, ou Recueil de bons mots, calembourgs, chansons, épigrammes, poésies diverses ; par Ant. B."
            },
            {
                  "doc_url": "https://gallica.bnf.fr/ark:/12148/bpt6k64175648",
                  "emotions": [
                        "admiration",
                        "joy",
                        "love",
                        "excitement"
                  ],
                  "excerpt": ".On voit , on sent , on touche l ' être adoré ; on voit les lèvres roses entre ouvertes , les yeux noirs à moitié clos , mouillés de langueurs et estompés d ' ardeurs ; les cheveux crespelés aux reflets bleus ou dorés ! On entend le frou - frou enchanteur d ' une robe de soie , dont le contact vous faisait frissonner ! On respire les parfums inommés qui lui faisaient une atmosphère enivrante qui vous enveloppait et vous grisait .Le cœur , – transporté , enthousiasmé , enivré par ces symphonies d ' odeurs , de couleurs et de sons , – se reprend à bondir extravagamment comme aux premiers temps des premiers baisers et des premiers aveux ! Cette musique vous rappelle les mots furtifs et les caresses timides échangés , – le premier regard , le premier sourire ! Ces parfums vous rappellent la première ivresse , le premier soupir ! On sent circuler en soi , bondir en soi , tressaillir en soi , le sang , les rdeurs , la passion de sa jeunesse et de ses printanières amours ! C ' est quelque chose d ' enivrant et d ' amer , – un mélange de volupté et de douleur , comme une sorte de conscience qu ' on a du rêve que l ' on fait , de son évanouissement prochain , du réveil navrant qui vous attend ! .",
                  "id": "10",
                  "title": "Au bord de la Bièvre : impressions et souvenirs / par Alfred Delvau"
            },
            {
                  "doc_url": "https://gallica.bnf.fr/ark:/12148/bpt6k5469166h",
                  "emotions": [
                        "love",
                        "nostalgia",
                        "gratitude"
                  ],
                  "excerpt": "MARRAINE Mais voulez - vous bien Sourire , enfant gâté ! Elle csuis ses ycuv avec son mouchoir .CHÉRUBIN Quel parfum 1 Est - il rien D ' aussi doux lorsqu ' aux yeux scintille un peu de pluio Que de sentir un mouchoir fin qui les essuie .Marraine , essuyez encor cette larme - là ! MARRAINE Comment , mauvais sujet ! Vous pleuriez pour cela ! L ' ABBÉ Un sourire : c ' est tout ce qu ' un tel jeu mérite .",
                  "id": "11",
                  "title": "Chérubin : pièce en 3 actes, en vers / Francis de Croisset"
            },
            {
                  "doc_url": "https://gallica.bnf.fr/ark:/12148/bpt6k58591184",
                  "emotions": [
                        "joy",
                        "love",
                        "nostalgia",
                        "gratitude",
                        "faith"
                  ],
                  "excerpt": "PREMIERES BRISES .Et d ' amour je soupire : A travers son sourire Je reçois et j ' aspire Un parfum tout divin .Je sens de douces larmes S ' échapper de mes yeux , Et malgré mille alarmes Mon coeur se trouve heureux .",
                  "id": "12",
                  "title": "Léoïsiades, ou Mon journal de poète, renfermant le portrait de l'auteur et une préface de M. Antonin Martin,... par l'abbé Léoïs Dupuy-Péyou,... 1re édition"
            },
            {
                  "doc_url": "https://gallica.bnf.fr/ark:/12148/bpt6k5456758t",
                  "emotions": [
                        "love",
                        "nostalgia"
                  ],
                  "excerpt": "104 LES FUGITIVES Dis - moi , te souvient - il , dans ce sentier battu De tous nosmotsd ' nmour quand nous nous rencontrâmes , Quand la main dans la main , unissant nos deux âmes , Nous nous disions : « Je t ' aime ! » a bouche quo veux - tu .Et tout en revenant sur des rosiers sauvages Nous cueillîmes dos fleurs , des fleurs que j ' ai toujours , Je les mis dans un livre , et comme un de ces jours Derniers je le lisais , en feuilletant les pages , J ' en retrouvai plusieurs ; leurs parfums pénétrants Etaient évanouis , elles étaient fanées ; Dis - moi , t ' en souvient - il , de ces folles journées Lorsque nous nous aimions , voici bientôt quatre ans .Septembre 78 , A Louis Gudrard LES POÈTES INCONNUS ( SONNET ) Ils sont les fiers soldats d ' un bataillon superbe , Laissant le3 faux - fuyants et les sentiers honteux , Etendards déployés ils vont droit devant eux A la moisson du beau porter leur mince gerbe .",
                  "id": "13",
                  "title": "Les fugitives : poésies / par Eugène Vat"
            },
            {
                  "doc_url": "https://gallica.bnf.fr/ark:/12148/bpt6k690638",
                  "emotions": [
                        "love",
                        "nostalgia",
                        "gratitude",
                        "calmness"
                  ],
                  "excerpt": "Madeleine Chambay ne livra bataille à son amant que dans la solitude de sa chambre à coucher , et ) : ) , sur ce terrain propice , il ne lui fut pas difficile d ' arracher à l ' ennemi vaincu , épuisé par une nuit de plaisirs raffinés , toutes les concessions qu ' elle exigeait de sa faiblesse .Dans la mollesse de cet intérieur délicieux , capitonné de lampas à fleurs éteintes , couvert de tapis ' ' pais où Cottait l ' imperceptible parfum préféré , elle lui dit seulement , la main dans les siennes , au moment de la séparation , les seins appuyés contre la p \" itrine de son amant , ses yeux de saphir pénétrant au fond de ses yeux noirs , toute moite encore des dernières étreintes Cette ulle est au moins inutile chez toi .Tu vas la renvoyer .",
                  "id": "14",
                  "title": "Un lys au ruisseau : vices du jour / par Charles Mérouvel (C. Chartier)"
            },
            {
                  "doc_url": "https://gallica.bnf.fr/ark:/12148/bpt6k56097153",
                  "emotions": [
                        "love"
                  ],
                  "excerpt": "LE RÊVE / / est des jours où le coeur chante , Où l ' esprit s ' envole joyeux .De chaque fleur , de chaque plante , S ' échappent parfums amoureux .I Pendant que le rossignol chante Là - bas , caché sous les lilas , Je pense et rêve à mon amante Qui m ' enlace de ses deux bras .",
                  "id": "15",
                  "title": "Les nouveaux horizons : poésies / Pierre Selsis"
            },
            {
                  "doc_url": "https://gallica.bnf.fr/ark:/12148/bpt6k6464031m",
                  "emotions": [
                        "love"
                  ],
                  "excerpt": "Deux par deux , les mains enlacées , les couples montaient au Bois dans des victorias tirées par des chevaux éreintés , la tête basse , et ne se doutant pas qu ' ils traînaient le char de l ' Amour .Derrière le dos du cocher qui sommeille lourdement les amoureux s ' embrassaient malgré l ' horrible odeur d ' huile et de tôle chauffée qui s ' échappait des lanternes , dont l ' une est coiffée du chapeau verni de l ' automédon .Dans les contre - allées , un monde , une foule se pressait et se marchait sur les pieds .",
                  "id": "16",
                  "title": "Nouveaux mémoires d'un décavé / Fervacques"
            },
            {
                  "doc_url": "https://gallica.bnf.fr/ark:/12148/bpt6k9642188p",
                  "emotions": [
                        "love"
                  ],
                  "excerpt": "Celles qui se manifestent à la surface du paturon et de la couronne , chez les monodactyles , dans une partie ou dans toute l ' étendue de ces régions , sont quelquefois disposées en tas , et forment une masse charnue , bourgeon née , que l ' on nomme communément grappes ( voyez ce mot ) .Plusieurs de ces boutons portent une pellicule grisâtre ; quelques uns laissent suinter une sérosité âcre et fétide , ils indiquent constamment une désorganisation plus ou moins avancée de la peau , sont ordinairement une suite des eaux auœ jambes , les accompagnent quelquefois , même souvent , et convertissent cette maladie en une affection très rebelle et rarement curable .Celles de ces productions qui occupent la surface du scrotum sont petites , isolées , et ne pénètrent pas bien avant .",
                  "id": "17",
                  "title": "Dictionnaire de médecine et de chirurgie vétérinaires. Tome 3 / , ouvrage utile aux vétérinaires, aux officiers de cavalerie, aux propriétaires, aux fermiers... par M. Hurtrel d'Arboval,..."
            },
            {
                  "doc_url": "https://gallica.bnf.fr/ark:/12148/bpt6k375041",
                  "emotions": [
                        "love"
                  ],
                  "excerpt": "( lat .angelica , dérivé de angelus , à cause de son odeur agréable et de ses vertus médicinales ) .Bot .",
                  "id": "18",
                  "title": "Nouveau dictionnaire encyclopédique universel illustré : répertoire des connaissances humaines. Vol. 1, A-CHAR / réd. par une société de littérateurs, de savants et d'hommes spéciaux sous la dir. de Jules Trousset,..."
            },
            {
                  "doc_url": "https://gallica.bnf.fr/ark:/12148/bpt6k61217689",
                  "emotions": [
                        "love"
                  ],
                  "excerpt": "Prises à l ' intérieur , ces eaux froides sont employées avec succès dans toutes les maladies qui réclament une boisson acidulé quelconque .On peut encore y recourir avec confiance dans les affections bilieuses , les fièvres malignes et putrides ; mais , alors , il faut les couper avec une tisane appropriée à l ' état du malade .Quelquefois pourtant , lorsqu ' il n ' existe pas d ' inflammation trop vive , on peut en user sans mélange .",
                  "id": "19",
                  "title": "Dictionnaire de médecine usuelle et domestique"
            },
            {
                  "doc_url": "https://gallica.bnf.fr/ark:/12148/bpt6k57180451",
                  "emotions": [
                        "love",
                        "nostalgia"
                  ],
                  "excerpt": "Or , ce fut quelques heures seulement après l ' appareillage du parlementaire qui emportait les prisonniers pri , vilégiés de Trâfalgar que le marquis de Brachet arriva à Plymouth avec la lettre de lord Saint - Vincent à l ' amiral Duckworth .En ce moment , celui que poursuivait le bon émigré , se dirigeant vers Londres où l ' appelaient des intérêts si chers , faisait une halte à Romsey - Castle , avide de visiter cette belle ehambre du temps de la reine Anne , où sa bien - aimée avait reposé , et heureux de parcourir pour quelques instants ces ombrages frais et parfumés du parc où , dans son manuscrit , Gabrielle disait qu ' il lui eût été si doux de se promener appuyée au bras de son amant .Mais , quelque bonheur qu ' il y trouvât , celte halte ne fut pas longue , et l ' imptience remit bientôt Marius sur la ; route de .",
                  "id": "20",
                  "title": "Les Pontons anglais, ou le Mort vivant.... Tome 2 / Jules Lecomte"
            }
      ]
}