{
      "articles": [
            {
                  "doc_url": "https://gallica.bnf.fr/ark:/12148/bpt6k14109631",
                  "emotions": [
                        "joy",
                        "love",
                        "optimism",
                        "nostalgia",
                        "amusement"
                  ],
                  "excerpt": "» Eh bien , c ’ en est assez pour le cœur du poète .Un nom gai sur la lèvre et parfumé d ’ amour Suffit pour le sourire et le rêve d ’ un jour .La mort n ’ a que seize ans quand la tombe est muette .",
                  "id": "1",
                  "title": "Lille artiste : beaux-arts, arts industriels"
            },
            {
                  "doc_url": "https://gallica.bnf.fr/ark:/12148/bpt6k623115",
                  "emotions": [
                        "love"
                  ],
                  "excerpt": "Je le ramassai bien vite et tout me fut expliqué de l ' illusion qui m ' était subitement venue et menaçait de me reprendre .C ' était une toute petite branche de lilas , le sommet d ' une grappe seulement qui avait été aplatie entre deux feuilles du volume , un bout de fleur desséchée , mais qui avait gardé toute son âme odorante , une de ces reliques d ' amour que les fervents gar .dent et qui ne font sourire que les sots .",
                  "id": "2",
                  "title": "Contes à la brune... / Armand Silvestre"
            },
            {
                  "doc_url": "https://gallica.bnf.fr/ark:/12148/bpt6k623115",
                  "emotions": [
                        "grief",
                        "sadness",
                        "love",
                        "nostalgia",
                        "gratitude",
                        "despair"
                  ],
                  "excerpt": "Oh ! oui , j ' étais heureux , mi .gnonne , dans cette solitude que vous emplissiez seule de votre chère présence et de votre chère voix dans ce désert en miniature suspendu entre deux abîmes Désert non mais oasis toute parfumée de votre haleine , toute frissonnante des fraîcheurs de votre beauté .Et ce Paradis édiné sur des ruines , cet Eden surnageant au - dessus de l ' anéantissement universel ne suffisaient - ils pas , puisqu ' il abritait l ' amour sauvé et l ' emportait jusqu ' au lyrique séjour des immortelles poésies , dans des immortelles étoiles i Une ombre d ' ailes passa soudain sur mes paupières fermées .",
                  "id": "3",
                  "title": "Contes à la brune... / Armand Silvestre"
            },
            {
                  "doc_url": "https://gallica.bnf.fr/ark:/12148/bpt6k623115",
                  "emotions": [
                        "love",
                        "nostalgia"
                  ],
                  "excerpt": "Voilà ce que j ' ai rêvé , moi , il y a quelques jours devant une branche de mimosa .< ' La Méditerranée et son bleu manteau couchés sous le ciel , par un soir d ' été plein de l ' odeur des lauriers - roses , et , dans une lie aujourd ' hui disparue , – car je parle d ' un temps lointain et inutile à préciser , puisqu ' on a aimé toujours , – deux amants goûtant l ' extase de cette heure mystérieuse où s ' ouvre le jardin des étoiles .L ' ile est proche de la terre , et la solitude en semble faite pour le mutuel enchantement de leurs âmes .",
                  "id": "4",
                  "title": "Contes à la brune... / Armand Silvestre"
            },
            {
                  "doc_url": "https://gallica.bnf.fr/ark:/12148/bpt6k623115",
                  "emotions": [
                        "love"
                  ],
                  "excerpt": "Ce n ' est pas flatteur pour moi .Mais patience Si les fleurs de cette année viennent tard , peut - être dureront - èlles plus longtemps , et vous verrez , comme moi , dont le dernier et tardif amour est le plus fort , qu ' il est doux de respirer les parfums du printemps en automne t Il faudrait en nnir cependant , madame , avec notre éternel sujet de discussion .Vous ne passez pas un jour sans me demander la fleur que je préfère , .",
                  "id": "5",
                  "title": "Contes à la brune... / Armand Silvestre"
            },
            {
                  "doc_url": "https://gallica.bnf.fr/ark:/12148/bpt6k623115",
                  "emotions": [
                        "admiration",
                        "surprise",
                        "love",
                        "gratitude",
                        "doubt"
                  ],
                  "excerpt": "Fleur sans parfum , âme sans rêves ! Oiseanx sans ailes , tontes deM , Dont jamais les vols hasardeux Pour tes cieux n ' ont quitté tes grèves .Malgré ses vetonrs éclatants Dont ton regard charmé s ' étonne , Ne cueille pas FœtUet d ' automne , Toi dont le ccrnr est tout printemps ! Toi dont l ' être est tout envolée Vers Jes firmaments apaisés , ' Oh monte l ' odeur des baisers A l ' odeur des roses metée .Si c ' est du rouge que ' tu veux Ponc éclairer leur ombre , imprègne De mon sang la fleur que ton peigne Tient mourante dans tes cheveux , Et par les seuMM embaumée Autour de ton être flottants , Toi dont la grâce est tout \" printemps .",
                  "id": "6",
                  "title": "Contes à la brune... / Armand Silvestre"
            },
            {
                  "doc_url": "https://gallica.bnf.fr/ark:/12148/bpt6k623115",
                  "emotions": [
                        "admiration",
                        "love",
                        "optimism",
                        "desire",
                        "gratitude",
                        "envy",
                        "faith"
                  ],
                  "excerpt": "J ' ai même traduit , sinon simplement imité sans l ' avoir connu , un de ses courts poèmes dans le sonnet qui suit J ' ai caeM dans la rose en pleurs Les larmes qu ' it faut qu ' on ignore , Pour que la rosée et l ' aurore Les confondent avec tes leurs .Puissent - ettes , h ses couleurs , Apporter plus d ' éclat encore , Et puisse la main que j ' adore La trouver belle entre tes ueurst 1 Entre toutes la rose est celle Dont l ' âme jalouse recèle Le mieux ses parfums au soleil , Et de qui la tetre embaumée Garde le plus d ' ombre enfermée Sous son beau sourire vermeil ! Mais bah ! l ' adorée se moquait bien des roses que le pauvre Hamsah cueillait pour elle .Elle était capricieuse comme toutes celles qui sont belles .",
                  "id": "7",
                  "title": "Contes à la brune... / Armand Silvestre"
            },
            {
                  "doc_url": "https://gallica.bnf.fr/ark:/12148/bpt6k6472341p",
                  "emotions": [
                        "love",
                        "relief",
                        "caring"
                  ],
                  "excerpt": "Il s ' envole .à moitié d ' un aveu 1 Mais il m ' aime , il m ' adore ; et ce n ' est plus un jeu ! Sa tendresse pour moi , sa tendresse infinie , A grandi dans l ' absence , autant que son génie ! Tout , jusqu ' à ce treillage aux brillantes couleurs , Et qui rafraîchit l ' air embaumé par ces fleurs , Tout me peint sa bonté , son loyal caractère .Un savant amoureux , c ' est rare , en Angleterre ! - Esprit toujours aux champs , rêveur , même aujourd ' hui ; Le héros de Regnard est moins distrait que lui : Des plus nobles pensers quand son front se décore , Même alors qu ' il vous parle , on croit qu ' il rêve encore .",
                  "id": "8",
                  "title": "Théâtre complet de Christien Ostrowski. Tome 1"
            },
            {
                  "doc_url": "https://gallica.bnf.fr/ark:/12148/bpt6k6472341p",
                  "emotions": [
                        "joy",
                        "love",
                        "optimism",
                        "nostalgia",
                        "calmness"
                  ],
                  "excerpt": "Loin de vous ces tableaux que la nuit sombre enfante Et que doit effacer le sourire du jour .Soyez toute au bonheur , soyez toute à l ' amour ; Quelle fête à Ravenne , au retour de Françoise ! De drapeaux et de fleurs l ' Éridan se pavoise : Ses bords ont - ils perdu leur ancienne fraîcheur , La rose son parfum , et le lys sa blancheur ? Nos pins harmonieux , couronnant ses rivages , N ' ont - ils pas ce murmure et ces ombres sauvages Qui nous faisaient rêver aux amours d ' autrefois ? Le cygne de Florence a - t - il éteint sa voix ? .Venez ! tout vous sourit , vous appelle , vous aime ; Tous les cœurs sontà ' vous , car l ' amour , c ' est vous - même : Lorsque vous allez voir tant d ' objets adorés , Quand tout se réjouit , vous seule , vous pleurez ? FRANÇOISE .",
                  "id": "9",
                  "title": "Théâtre complet de Christien Ostrowski. Tome 1"
            },
            {
                  "doc_url": "https://gallica.bnf.fr/ark:/12148/bpt6k6472341p",
                  "emotions": [
                        "love",
                        "doubt"
                  ],
                  "excerpt": "Que j ' aurais de plaisir à brûler ces papiers ! A voir ces appareils se briser à mes pieds ! Quelle déception ! .Ces beaux vers qu ' on m ' adresse , Dont chaque rime exhale un parfum de tendresse , N ' étaient pas de Davy ? Mais l ' auteur , quel est - il ? Quel est donc ce génie invisible et subtil Qui me peint son amour en paroles de flamme .Rêves évanouis dont j ' ai bercé mon âme , Je vous quitte ! .",
                  "id": "10",
                  "title": "Théâtre complet de Christien Ostrowski. Tome 1"
            },
            {
                  "doc_url": "https://gallica.bnf.fr/ark:/12148/bpt6k935895d",
                  "emotions": [
                        "admiration",
                        "love",
                        "gratitude"
                  ],
                  "excerpt": "— Qui t ’ empêche d ’ être comme moi ? Tu serais plus heureux que moi - même , si tu le voulais .Je n ’ ai que des amours de passage , des affections de pacotille , tandis que tu as un amour véritable à cultiver , cultive - le donc comme une fleur rare , précieuse , dont ton cœur respirera le parfum jusque dans sa vieillesse .— Je voudrais bien , mais elle est partie ! — Ce n ’ est pas de Madeleine dont je veux parler ! — De qui donc ? — De Violette ! — Ah ! celle - là ! dit Max , esquissant du bras un geste vague , celle - là m ’ avait su prendre et n ’ a pas su me garder ! J ’ ignore où elle se trouve .",
                  "id": "11",
                  "title": "L'amour charnel & l'amour ailé / par La Font-Vinée"
            },
            {
                  "doc_url": "https://gallica.bnf.fr/ark:/12148/bpt6k935895d",
                  "emotions": [
                        "love",
                        "pride"
                  ],
                  "excerpt": "Se déshabille élégamment dans un peignoir très ouvertet très rose , qui laisse transparaître les roseurs de sa gorge , appointée d ’ incarnat , et se froufroute en des dessous mauve - clair , estompant de reflets opalins sa chair blanche au tissu soyeux .Ses bijoux : les saphirs et les brillants ; son parfum : la violette ; sa couleur : le violet foncé ; son romancier : Ohnet ; son poète : Musset ; son musicien : Bizet .Délicieusement sentimentale , n ’ a jamais connu les bassesses de la vénalité , ce qui n ’ a pas empêché la fortune de lui sourire , grâce à sa beauté magique .",
                  "id": "12",
                  "title": "L'amour charnel & l'amour ailé / par La Font-Vinée"
            },
            {
                  "doc_url": "https://gallica.bnf.fr/ark:/12148/bpt6k6128346h",
                  "emotions": [
                        "love",
                        "desire",
                        "gratitude",
                        "frustration"
                  ],
                  "excerpt": "L ABEILLE ET LE LIMAÇON .Heureuse abeille ! au gré de tes désirs , De fleurs en fleurs tout le jour tu voltiges ; Au souffle embaumé deszéphirs , Tu te balances sur leurs tiges , Sans que jamais l ' ennui se mêle à tes plaisirs ; Et quand tu vas jouant au sein de la prairie Ou sur l ' aubépine fleurie , Moi , pauvre limaçon , Je m ' ennuie à mourir au sein de ma prison .— C ' est ta faute , voisin , lui répondit l ' abeille : Tant qu ' on voit le soleil briller sur l ' horizon , Ainsi que moi travaille , et ce sera merveille Si l ' ennui désormais pénètre en ta maison .",
                  "id": "13",
                  "title": "Fables offertes à la jeunesse, par J.-J.-Ildephonse Guieu"
            },
            {
                  "doc_url": "https://gallica.bnf.fr/ark:/12148/bpt6k5463209z",
                  "emotions": [
                        "love",
                        "desire",
                        "nostalgia",
                        "envy"
                  ],
                  "excerpt": ".J ' aspirais son parfum , comme un parfum de rose ..",
                  "id": "14",
                  "title": "Feuilles tombées, poésies par Georges Bidard"
            },
            {
                  "doc_url": "https://gallica.bnf.fr/ark:/12148/bpt6k5477822d",
                  "emotions": [
                        "love"
                  ],
                  "excerpt": "Nous aimons les fleurs avec leur forme , leurs belles , douces ou vives couleurs , avec leurs parfums suaves , et nous les offrons à Marie , comme nous offrons à un ami que nous aimons beaucoup ce que nous aimons le plus .Ainsi nous offrons à Marie , à cause de notre amour pour elle , les plus belles fleurs que nous aimons le plus , qui flattent le plus notre oeil et notre odorat .Or , je vous le demande , un enfant , n ' est - il point plus beau que la plus belle fleur que le printemps nous 4 — 48 — donne ; et l ' amour d ' une Mère pour son enfant , qu ' elle a porté dans son sein et qu ' elle nourrit maintenant de son lait , n ' est - il pas cent fois plus grand que notre amour , quelque grand qu ' il soit , pour les plus belles fleurs ? Marie reçoit nos fleurs avec plaisir , joie , amour et reconnaissance : quelle n ' est pas sa joie quand elle voit une mère lui offrir son enfant , en lui disant : « O , ma bonne et douce Mère , je vous offre et vous consacre mon enfant , ce que j ' ai de plus beau , de plus précieux et de plus cher au monde .",
                  "id": "15",
                  "title": "Les Châtiments que Dieu va infliger à la France et à l'Europe coupables, moyen indiqué par Notre-Dame-des-Sept-Douleurs pour s'en préserver... par l'abbé J. Olive,..."
            },
            {
                  "doc_url": "https://gallica.bnf.fr/ark:/12148/bpt6k96863916",
                  "emotions": [
                        "love"
                  ],
                  "excerpt": "» est debout et en 311 lumineux nous désirerions un peu plus d ' accord dans le yeux ; peut - être la trop vive lumière de l ' œi gauche a - t - elle besoin d ' être légèrement éteinte n ' importe , ce beau facies d ' un noble caractère e cette pose simple ont du style et de la noblesse .LAYS ( JEAN - PIERRE ) — « La fête de la grand ' mai man » résume les effluves de cœur et de noble sentiments tendres et respectueux de ce peintr ' de la famille et des fleurs .Jusqu ' ici nous avion .",
                  "id": "16",
                  "title": "Dictionnaire Véron, ou mémorial de l'art et des artistes de mon temps / par Th. Véron"
            },
            {
                  "doc_url": "https://gallica.bnf.fr/ark:/12148/bpt6k6103012k",
                  "emotions": [
                        "trust",
                        "love"
                  ],
                  "excerpt": "Régulièrement ronde comme celle d ' un poupard , la figure , grâce aux fossettes des joues et au pur dessin des oreilles , demeurait attrayante lorsque les dents n ' apparaissaient point , les tristes dents laquées , qui scintillaient dans cette bouche comme de noires coccinelles au fond d ' une églantine .Sa maîtresse purifiée et parfumée , Deschamps la confiait à la coiffeuse .Il mettait la main à sa poche , mais Thi - ba l ' en empêcha .",
                  "id": "17",
                  "title": "L'Opium / Paul Bonnetain"
            },
            {
                  "doc_url": "https://gallica.bnf.fr/ark:/12148/bpt6k6103012k",
                  "emotions": [
                        "love"
                  ],
                  "excerpt": "Angoissé , il bouleversa les plis du courrier officiel administratif , que le vaguemestre venait de déposer devant lui .Se pouvait - il qu ' il n ' y eût pas songé plus tôt ! elle était là , entre deux livraisons des Excursions et Reconnaissances en IndoChine , la petite lettre ! elle était là , sa première lettre ! et il la baisa aussi , passionnément , lui trouvant , avec ses nerfs de sensitif , le parfum de l ' aimée .Oh ! bien courte , la pauvre ! Blanche , l ' avait évidemment griffonnée devant Verdier , en hâte , et sous ce prétexte qu ' il est de mauvais ton d ' écrire clans la lettre de son mari .",
                  "id": "18",
                  "title": "L'Opium / Paul Bonnetain"
            },
            {
                  "doc_url": "https://gallica.bnf.fr/ark:/12148/bpt6k6103012k",
                  "emotions": [
                        "love",
                        "caring"
                  ],
                  "excerpt": "Poursuivi par les chiens indigènes , les maintenant en leur parlant annamite , il se faufilait entre les haies et les jardins , gagnait le pied - à - terre par le plus court , l ' ouvrait , et débotté à peine , sans même allumer de lumière , se jetait sur le lit de camp .Le parfum de Blanche traînait par la pièce , subtil et tendre .En l ' aspirant , son coeur amolli creva .",
                  "id": "19",
                  "title": "L'Opium / Paul Bonnetain"
            },
            {
                  "doc_url": "https://gallica.bnf.fr/ark:/12148/bpt6k9757672m",
                  "emotions": [
                        "love"
                  ],
                  "excerpt": "Le calice , comme ceux des Tous Mois , est allongé , recouvert de pointes ou poils bruns .Les fleurs sont larges , d ' un beau rose éclatant , odorantes .Ce Rosier pousse vigoureusement , est d une végétation forte 5 il peut s ' élever en belle tige , franc de pied .",
                  "id": "20",
                  "title": "Almanach des roses, dédié aux dames , par T. Guerrapain,..."
            }
      ]
}