{
      "articles": [
            {
                  "doc_url": "https://gallica.bnf.fr/ark:/12148/bpt6k9689107h",
                  "emotions": [
                        "love",
                        "desire",
                        "nostalgia",
                        "envy"
                  ],
                  "excerpt": "Appuyé sur son coude endolori , le blessé était en extase .Il regardait la jeune femme , il aspirait le parfum de ses boucles blondes ; ses yeux ne pouvaient se détacher de cette poitrine frémissante , que le soleil caressait .Quel contraste ! Hier matin , il était de grand ' garde ; il s ' éveillait dans un marais , où , comme autant d ' aiguilles , les herbes glacées déchiraient ses pieds endoloris ; il grelottait dans son caban en lambeaux ; ses dents s ' ébréchaient sur le dernier biscuit de la cantine .",
                  "id": "1",
                  "title": "Contes de garnison... / Jean de Villeurs ; croquis de Darnoc"
            },
            {
                  "doc_url": "https://gallica.bnf.fr/ark:/12148/bpt6k96048750",
                  "emotions": [
                        "love",
                        "greed"
                  ],
                  "excerpt": "On ajoute qu ' ils détestent les roses , & que la seule odeur de ces fleurs les fait mourir .Ce qu ' il y a de vrai , c ' est qu ' ils aiment rellement l ' ordure & la fiente , sur - tout celles de Cheval 8c de Vache , qu ' attirés de loin par leur odeur ils y volent avec rapidité , & notamment le soir à la brune ; car le Fouille - Merde comme la plupart des Escarbots , est vraiment Nyctalope 9 c ' est - à - dire , qu ' il voit plus clair de nuit que de jour , parceque le soleil ou le grand jour l ' aveugle .Il vole aisément , mais il maro che plus lentement • , ce qui n ' empêche pas que son travail ne soit continuel & opiniâtre pour la propagation de son espèce .",
                  "id": "2",
                  "title": "Histoire naturelle des animaux. Tome 1 / , par MM. Arnault de Nobleville & Salerne,..."
            },
            {
                  "doc_url": "https://gallica.bnf.fr/ark:/12148/bpt6k63731857",
                  "emotions": [
                        "love"
                  ],
                  "excerpt": "cordiformes , à rameaux dressés , hauts de 5 à 15 cm ., à fleurs roses , très odorantes .Mars - avril .",
                  "id": "3",
                  "title": "Dictionnaire d'horticulture illustré.... Partie 1 / par D. Bois,... ; préface de Maxime Cornu... ; dessins de H. Gillet, A. Jobin et L. Planet"
            },
            {
                  "doc_url": "https://gallica.bnf.fr/ark:/12148/bpt6k63731857",
                  "emotions": [
                        "love",
                        "amusement",
                        "approval"
                  ],
                  "excerpt": "x les cordiformes , 5 - lobées , velues en dessous c ax pétioles .Fleurs odorantes , en grappes la raies .Samares velues .",
                  "id": "4",
                  "title": "Dictionnaire d'horticulture illustré.... Partie 1 / par D. Bois,... ; préface de Maxime Cornu... ; dessins de H. Gillet, A. Jobin et L. Planet"
            },
            {
                  "doc_url": "https://gallica.bnf.fr/ark:/12148/bpt6k63731857",
                  "emotions": [
                        "love",
                        "disappointment"
                  ],
                  "excerpt": "des files ., à odeur d ' amande amère .Drupenoire , pointue , de la gross .",
                  "id": "5",
                  "title": "Dictionnaire d'horticulture illustré.... Partie 1 / par D. Bois,... ; préface de Maxime Cornu... ; dessins de H. Gillet, A. Jobin et L. Planet"
            },
            {
                  "doc_url": "https://gallica.bnf.fr/ark:/12148/bpt6k63731857",
                  "emotions": [
                        "love"
                  ],
                  "excerpt": "— Tige de 1 m .; fleurs jaunes , odorantes .Emploi , culture et multiplilation du précédent .",
                  "id": "6",
                  "title": "Dictionnaire d'horticulture illustré.... Partie 1 / par D. Bois,... ; préface de Maxime Cornu... ; dessins de H. Gillet, A. Jobin et L. Planet"
            },
            {
                  "doc_url": "https://gallica.bnf.fr/ark:/12148/bpt6k5750456t",
                  "emotions": [
                        "love",
                        "nostalgia",
                        "gratitude",
                        "faith"
                  ],
                  "excerpt": "amères .Pour lé rêve idéal que ton coeur a formé , Tu vivras bienheureuse avec ton bien - aimé , Ceinte des plus splendides voiles , Et tu seras dans un Eden vierge de pleurs , T ' enivrant de parfums , tes pieds foulant des fleurs , Ton front perdu dans les étoiles .Et lorsque tous vos jours vous seront mesurés , Sans quitter le festin vous vous endormirez Pour de plus exquises délices , Comme dorment les fleurs qui , lasses de fleurir , Ne sachant pas comment l ' air fait pour bien mourir , Ne font que pencher leurs calices .",
                  "id": "7",
                  "title": "Recueil des publications de la Société havraise d'études diverses"
            },
            {
                  "doc_url": "https://gallica.bnf.fr/ark:/12148/bpt6k5750456t",
                  "emotions": [
                        "grief",
                        "love",
                        "gratitude",
                        "faith"
                  ],
                  "excerpt": "Partout la voix de Dieu chante un hymne vainqueur , Et du plus haut des monts au plus humble brin d ' herbe , L ' univers apparaît magnifique et superbe .Pourtant , sans toi , mon âme et mon unique bien , Toute clarté n ' est qu ' ombre et le monde n ' es ; t rien , Dans la fleur qui s ' entr ' ouvre au revers de la route Et qu ' un parfum trahit , je te retrouve toute .— 156 — Pour que je les contemple , il faut que dans les cieux Mes yeux voient resplendir l ' azur clair de tes yeux , Et les petits oiseaux ne peuvent rien me dire , ' S ' ils ignorent l ' écho musical de ton rire .",
                  "id": "8",
                  "title": "Recueil des publications de la Société havraise d'études diverses"
            },
            {
                  "doc_url": "https://gallica.bnf.fr/ark:/12148/bpt6k5750456t",
                  "emotions": [
                        "admiration",
                        "love",
                        "gratitude"
                  ],
                  "excerpt": "Sous un ciel favorable et bleu , Et que nous passions , forts et dignes , A travers l ' humaine rumeur , Comme on voit sur un lac dormeur Glisser un blanc couple de cygnes .II Ton amour m ' est plus doux que les plus douces choses , Plus doux quele parfum des roses , .Plus doux qu ' à son lever l ' aurore au teint vermeil , Plus doux que le zéphyre aux caresses sans nombre , Plus doux que les regards de la reine de l ' ombre Qui veille sur notre sommeil .",
                  "id": "9",
                  "title": "Recueil des publications de la Société havraise d'études diverses"
            },
            {
                  "doc_url": "https://gallica.bnf.fr/ark:/12148/bpt6k5750456t",
                  "emotions": [
                        "love"
                  ],
                  "excerpt": ".Les fleurs ont leur façon d ' aimer ; C ' est leur parfum qui la révèle .XXIV A UN JEUNE HOMME RICHE Jeune homme , si ton coeur n ' a pas un peu d ' amour , L ' aurore de tes jours est une fin de jour , Triste comme la nuit qui tombe ; C ' est une lampe d ' or qu ' on met sous le boisseau ; Ta vie est un trépas qui marche , et ton berceau N ' est qu ' une forme de ta tombe .",
                  "id": "10",
                  "title": "Recueil des publications de la Société havraise d'études diverses"
            },
            {
                  "doc_url": "https://gallica.bnf.fr/ark:/12148/bpt6k5521771j",
                  "emotions": [
                        "admiration",
                        "joy",
                        "love",
                        "gratitude"
                  ],
                  "excerpt": "traduit pas .Vaissitr les découvrit dans la plante exotique , Dont il a composé l ' essence aromatique , De laquelle tu tiens l ' inexprimable attrait Qu ' on te voit exercer sans trahir son secret .Roubaix , ville où s ' exerce une grande industrie , Où Vaissier dresse un trône à la parfumerie .",
                  "id": "11",
                  "title": "L'Écho des trouvères : journal poétique, artistique, scientifique, théâtral et industriel / Victor Levère, rédacteur en chef, gérant"
            },
            {
                  "doc_url": "https://gallica.bnf.fr/ark:/12148/bpt6k5543465z",
                  "emotions": [
                        "admiration",
                        "grief",
                        "love",
                        "nostalgia",
                        "gratitude"
                  ],
                  "excerpt": "J ' ai dit loti nom à l ' hirondelle crranlc ; J ' ai dit ton nom à la source où je bois ; J ' ai dit ton nom à là rose odorante ; J ' ai dit ton nom à là feuille des bois .J ' ai dit ton nom à la brise embaumée ; J ' ai dit ton nom au nuage argenté , Et tous les deux , ma douce bien - aimèc , Avec amour au loin l ' ont emporté .Et maintenant la rose sur sa tige Ledit tout bas au ' léger papillon ; Dans l ' air ' bruineux i ' la feuille qui voltige En tournoyant , va le dire au sillon .",
                  "id": "12",
                  "title": "Les chants du soir : poésies / par Charles Manso"
            },
            {
                  "doc_url": "https://gallica.bnf.fr/ark:/12148/bpt6k5543465z",
                  "emotions": [
                        "joy",
                        "love",
                        "optimism",
                        "nostalgia"
                  ],
                  "excerpt": "84 En allégeant ta tirelire Tu rendais plus lourd son plateau ; Elle le payait d ' un sourire Qui s ' effaçait presqu ' aussitôt .Nous irons de nouveau , ma chère , Sous les acacias embaumés , Où , pendant la saison dernière , Heureux , nous nous sommes aimés ! Des fleurs et des vertes fouillées Nous aspirerons les senteurs , El nos tendresses réveillées Feront bondir nos jeunes coeurs ! Les habitants allés des branches Se pencheront aux bords des nids , En secouant leurs plumes blanches , Pour voir nos baisers Infinis ..",
                  "id": "13",
                  "title": "Les chants du soir : poésies / par Charles Manso"
            },
            {
                  "doc_url": "https://gallica.bnf.fr/ark:/12148/bpt6k54086772",
                  "emotions": [
                        "joy",
                        "love",
                        "optimism",
                        "nostalgia",
                        "relief",
                        "gratitude",
                        "calmness"
                  ],
                  "excerpt": "Dans l ' universelle torpeur L ' âme ne se sent point à l ' aise : Cet engourdissement me pèse , Un tel silence me fait peur .O belles nuits , mes nuits sereines , O nuits d ' avril ou de juillet , Parfums de rose , odeurs d ' oeillet , Chants des rossignols dans les chênes , 384 PAYSAGES D ' HIVER , Où sont vos doux ' rayonnements , Par qui , ravi jusqu ' à l ' extase , Le coeur déborde , comme un vase Rempli de vos enchantements ! ..",
                  "id": "14",
                  "title": "Nouvelles poésies (1864-1873) : musettes et clairons, légendes d'aujourd'hui, \"Lieder\" et sonnets, voix des ruines, légendes évangéliques, paysages d'hiver (Édition refondue) / Achille Millien"
            },
            {
                  "doc_url": "https://gallica.bnf.fr/ark:/12148/bpt6k654204",
                  "emotions": [
                        "love"
                  ],
                  "excerpt": "Nous aurons ailleurs l ' occasion de rapporter des faits qui montrent la corrélation de certaines émotions avec des changements toxiques dans la salive et la sécrétion lactée .La sueur peut dans certains états affectifs prendre une teinte rouge , jaune , verte , bleue , sans parler de ses variations d ' odeur qui sont , assurément , d ' origine chimique .Même en dehors des maladies mentales , la sécrétion urinaire fournirait un gros contingent de changements chimiques ( azoturie , oxalurie , phosphaturie , etc .",
                  "id": "15",
                  "title": "La psychologie des sentiments / par Th. Ribot,..."
            },
            {
                  "doc_url": "https://gallica.bnf.fr/ark:/12148/bpt6k654204",
                  "emotions": [
                        "love"
                  ],
                  "excerpt": "L ' une exclut l ' autre ; elles ne s ' associent pas dans l ' imagination comme les images visuelles dans le souvenir d ' un paysage .Une des personnes que j ' ai interrogées ressuscite à volonté l ' odeur d ' œillet qu ' elle aime beaucoup ; elle a essayé de la raviver en se promenant dans un bois plein des feuilles Qétries de l ' automne et de leur odeur sans succès , une odeur excluait l ' autre .Elles ne s ' ordonnent pas davantage en sénés .",
                  "id": "16",
                  "title": "La psychologie des sentiments / par Th. Ribot,..."
            },
            {
                  "doc_url": "https://gallica.bnf.fr/ark:/12148/bpt6k23599590",
                  "emotions": [
                        "love",
                        "nostalgia",
                        "gratitude",
                        "doubt",
                        "disappointment"
                  ],
                  "excerpt": "Qui seuls me conserviez dans vos deux paysages Les clartés de la - mer , des étangs et des cieux .Mars N ’ est - ce pas qu ’ un parfum évadé des prairies Nous faisait regretter les campagnes fleuries , Lorsque nous entendions , à la fin d ’ un beau jour , Le sifflement aigu d ’ un merle au Luxembourg ? Avril Ton jeune amour m ’ apprit à mieux aimer les choses : C ’ est depuis que j ’ ai pris ton corps grêle et charmant Que mon cœur s ’ attendrit quand , sous un couchant rose .Un amandier en fleurs annonce le printemps .",
                  "id": "17",
                  "title": "Le Monde colonial : revue mensuelle illustrée : organe de défense des intérêts des colonies & des coloniaux"
            },
            {
                  "doc_url": "https://gallica.bnf.fr/ark:/12148/bpt6k23599590",
                  "emotions": [
                        "love",
                        "nostalgia"
                  ],
                  "excerpt": "Novembre Au Luxembourg d ’ hiver que le brouillard assiège Les moineaux endormis formaient des bouquets noirs Et le jet d ’ eau montait en la pâleur du soir Comme un grand tournesol dessiné par la neige .Décembre Quand tu venais jadis par un soir de décembre , Offrir à mon amour ta beauté de vingt ans , L ’ hiver était partout excepté dans la chambre Où tes baisers avaient des odeurs de printemps .• Daniel Thaly .",
                  "id": "18",
                  "title": "Le Monde colonial : revue mensuelle illustrée : organe de défense des intérêts des colonies & des coloniaux"
            },
            {
                  "doc_url": "https://gallica.bnf.fr/ark:/12148/bpt6k55308565",
                  "emotions": [
                        "love",
                        "nostalgia"
                  ],
                  "excerpt": "Comme il effeuillait ( 257 ) avec distraction une branche de roses , un jasmin couvert de fleurs , frappe sa vue .Disposé comme il l ' était à la mélancolie , cette odeur de jasmin surfit pour réveiller dans son coeur mille pensées encore chères et touchantes ; c ' était la fleur favorite de Pauline , et deux beaux jasmins entouraient ses fenêtres dans la charmante habitation de Beauval .A ce souvenir , Edouard est vivement ému , un profond et douloureux soupir s ' échappe de son sein ; il ouvre machinalement une petite porte audessus de laquelle les branches du jasmin s ' enlaçaient en berceau , et se trouve dans une allée d ' arbres magnifiques qu ' il suit sans savoir où il va .",
                  "id": "19",
                  "title": "Charles de Montfort. Tome 2 / , par Mme de***..."
            },
            {
                  "doc_url": "https://gallica.bnf.fr/ark:/12148/bpt6k6465680g",
                  "emotions": [
                        "love",
                        "nostalgia"
                  ],
                  "excerpt": "C ' est lui qui fait naître la chanson sur nos lèvres ; c ' est lui encore qui allume les yeux de nos filles .Il vient , presque chaque jour , faire de longues visites à sa chère Provence , à cette Provence parfumée qu ' il aime , et , le soir , lorsqu ' il la quitte , c ' est comme à regret qu ' il s ' enfonce dans la mer .O mon vieux soleil , qu ' es - tu devenu ? Quand me montreras - tu ta crinière rousse ? Dans quelle contrée ton sourire s ' épanouitil ? Je soupire après ta venue .",
                  "id": "20",
                  "title": "Au pays des cigales : nouvelles et contes / Camille Allary ; précédés d'une lettre-préface par Émile Zola"
            }
      ]
}