{
      "articles": [
            {
                  "doc_url": "https://gallica.bnf.fr/ark:/12148/bpt6k220621s",
                  "emotions": [
                        "love"
                  ],
                  "excerpt": "Feuilles alternes , pétiolées , grandes , glabrescentes ou pubescentes , souvent tomenteuses en dessous , presque orbiculaires , profondément échancrées à la base , palmatilobées , à 5 lobes dentés ou doublement dentés .Fleurs très - petites , verdâtres , odorantes , ' disposées en panicules ovoïdes et compactes .Baies globuleuses ou ovoïdes , noires , rougeâtres ou blanches , couvertes d ' une inflorescence glauque .",
                  "id": "1",
                  "title": "Botanique agricole et médicale, ou Etude des plantes qui intérressent principalement les médecins, les vétérinaires, et les agriculteurs : accompagnée de 160 planches représentant plus de 900 figures intercalées dans le texte (2e édition) / par H.-J.-A. Rodet,... ; deuxième édition, revue et considérablement augmentée avec la collaboration de C. Baillet,..."
            },
            {
                  "doc_url": "https://gallica.bnf.fr/ark:/12148/bpt6k5724323h",
                  "emotions": [
                        "love"
                  ],
                  "excerpt": "Mais tins .des causes assez communes de l ' urticaire dans l ' âge adulte , ce sont les affections morales vives ; ainsi s ' explique le fait , cité par Alibert , de cette dame qui ne pouvait entrer dans un salon sans être couverte de cette éruption de la tête aux pieds .Traitement .",
                  "id": "2",
                  "title": "Traité pratique des maladies de la peau, par Alph. Devergie,..."
            },
            {
                  "doc_url": "https://gallica.bnf.fr/ark:/12148/bpt6k9106209b",
                  "emotions": [
                        "love",
                        "desire",
                        "excitement",
                        "gratitude",
                        "faith"
                  ],
                  "excerpt": "Chacun doit demander à Dieu en sa faveur ce qui convient en ce jour .Mon Dieu , mon Dieu ! mon Seigneur , mon Appui , mon Désir , mon Bien - Aimé ! je Te demande , par les mystères qui sont cachés dans ta science , par les versets dont émane le parfum de ta faveur , par les vagues de la Mer de tes dons , par le ciel de ta grâce et de ta bonté , par le sang répandu sur ton chemin , par les foies fondus dans ton amour , de secourir S .M .",
                  "id": "3",
                  "title": "L'Epître au fils du loup / par Bahâou'llâh ; traduction française par Hippolyte Dreyfus"
            },
            {
                  "doc_url": "https://gallica.bnf.fr/ark:/12148/bpt6k9781390g",
                  "emotions": [
                        "disgust",
                        "love",
                        "courage"
                  ],
                  "excerpt": "P * * * , * ne soupçonnant pas sa nature de ce breuvage , le prit , avec la plus frande confiance , des mains du en qui le lui présentoit en ^ prononçant quelques mots cabalistiques .Il sentit plusieurs fois Ion coeur se soulever à la seule odeur j mais n ' osant désobéir au Magicien , il surmonta toutes ses répugnances , & l ' avala jusqu ' à la dernière goutte .Ce breuvage amer , au lieu d ' opérer l ' effet qu ' on s en étoit promis , fut au contraire un stimulant qui ne fit qu ' irriter d ' a .",
                  "id": "4",
                  "title": "Supplément au Roman comique, ou Mémoires pour servir a la vie de Jean Monnet, ci-devant directeur de l'Opéra-Comique à Paris, de l'opéra de Lyon, & d'une Comédie françoise à Londres, ecrits par lui-même. Tome 2 / . Tome premier [-second]."
            },
            {
                  "doc_url": "https://gallica.bnf.fr/ark:/12148/bpt6k9757072j",
                  "emotions": [
                        "joy",
                        "love",
                        "nostalgia",
                        "pride"
                  ],
                  "excerpt": "Grâce aux humbles myosotis déposés sur votre tombe , vous n ' aurez pas complètement disparu , et vous continuerez le bien que vous avez commencé .Ceux qui vous ont aimé retrouveront , dans les pages qui vous sont consacrées , un écho de vos accents et un battement de votre coeur ; ceux qui ne vous ont pas connu s ' éprendront de l ' idéal que vous avez poursuivi durant votre longue carrière ; tous respireront avec joie le délicieux parfum d ' une âme sacerdotale ..",
                  "id": "5",
                  "title": "Parfum d'âme / l'abbé Joseph Baron"
            },
            {
                  "doc_url": "https://gallica.bnf.fr/ark:/12148/bpt6k5783729q",
                  "emotions": [
                        "love"
                  ],
                  "excerpt": "— Je fais les mêmes réserves relativement au muguet , malgré les assertions de Bertold qui affirme avoir guéri rapidement 8 malades , dont 3 étaient gravement atteints .Voici maintenant de nouvelles indications du traitement interne appliqué aux affections zymotiques ou putrides .Gangrène pulmonaire .",
                  "id": "6",
                  "title": "Académie de médecine. Traitement du rhumatisme, de la goutte aiguë et chronique et de diverses affections du système nerveux par le salicylate de soude, par le professeur G. Sée,..."
            },
            {
                  "doc_url": "https://gallica.bnf.fr/ark:/12148/bpt6k64742216",
                  "emotions": [
                        "love",
                        "approval"
                  ],
                  "excerpt": "» Oui , je suis fière de vous , lorsque je jette les yeux sur la corbeille de fleurs que vous m ' avez offerte pour ma fête .Je vous avoue que vous ne pouviez choisir un sujet qui puisse mieux flatter mon esprit que ces beaux œillets que j ' aime : leurs couleurs variées et leurs doux parfums enivrent mes sens .Même la jolie corbeille qui les contient prouve jusqu ' à l ' évidence votre bon goût ! Sa forme est on ne plus gracieuse , son fin treillage de bronze doré se renverse à chaque extrémité , en faisant ressortir son contenu .",
                  "id": "7",
                  "title": "L'Arc-en-ciel, par Mme Justine Thuillier"
            },
            {
                  "doc_url": "https://gallica.bnf.fr/ark:/12148/bpt6k5340154q",
                  "emotions": [
                        "love",
                        "nostalgia",
                        "relief",
                        "calmness"
                  ],
                  "excerpt": "Nos regards contemplent les irrégulières arabesques que les monts voisins tracent en noir sur le ciel où s ’ allument les premières étoiles .Doucement , la brise d ’ Espagne soufflant des gorges , nous parvient chargée d ' arômes condensés d ’ herbes sauvages , et dans la nature calme s ’ entend seul le murmure berceur des eaux , coupé à intervalles par les phrases d ’ une mélodie amoureuse que chantent à mi - voix des muletiers d ’ Aragon , dans la salle basse .LES TROIS CIRQUES ( Septembre .",
                  "id": "8",
                  "title": "De Tarbes à travers les Pyrénées centrales, Basses-Pyrénées, Hautes-Pyrénées, Ariège, Haute-Garonne / par un groupe d'excursionnistes bigourdans"
            },
            {
                  "doc_url": "https://gallica.bnf.fr/ark:/12148/bpt6k97614337",
                  "emotions": [
                        "love",
                        "nostalgia"
                  ],
                  "excerpt": "montatout joyeux dans sa chambre .était écrit sur l ' enveloppe ; il hésita d abord à l ' o uv ir : enfin , après avoir déplié lentement le papier , il trouva une charmante bourse qu ' il baisa ardemment en songeant que les jolis doigts de Rosette avaient imprégné la soie de leur parfum de jeunesse .Puis , se souvenant qu ' il ne l ' avait pas remerciée , il lui écrivit : « Ma chère Rosette , « Votre bourse m ' a fait grand plaisir ; je la garderai toujours , jusqu ' à la mort .",
                  "id": "9",
                  "title": "Chien-Caillou / par Champfleury"
            },
            {
                  "doc_url": "https://gallica.bnf.fr/ark:/12148/bpt6k5718166j",
                  "emotions": [
                        "love",
                        "gratitude",
                        "calmness",
                        "caring"
                  ],
                  "excerpt": "H Le rayon du matin t ' éveille d ' un sourire , La vague qui se meurt à tes pieds et soupire 2o5 VALMY .Un chant d ' amour , pour toi n ' a jamais de fureurs , Et les vents parfumés t ' apportent les senteurs Des roses du printemps et des palmiers en fleurs .Salut , Alger ! Voici l ' heure de la prière ; La voix du muezzin appelle les croyants : Ils vont à la mosquée , à pas comptés et lents , Et montent gravement la ruelle de pierre Tournant sur elle - même ainsi qu ' une vipère .",
                  "id": "10",
                  "title": "Coups de bâton / Louis Verbrugghe"
            },
            {
                  "doc_url": "https://gallica.bnf.fr/ark:/12148/bpt6k5718166j",
                  "emotions": [
                        "admiration",
                        "love",
                        "nostalgia",
                        "gratitude",
                        "disappointment"
                  ],
                  "excerpt": "Où pâlit , au lointain , la lumière des cieux ; La rosée en rubis brillait à chaque branche ; Sur la mousse assoupie , et dans l ' étroit sentier Où nous marchions tous deux lentement , l ' églantier Laissait comme un tapis ruisseler sa fleur blanche , Et son front embaumé s ' appuyait à mon bras , Et les fleurs se courbaient à peine sous ses pas , Prodiguant leurs parfums à sa beauté splendide ; Et sa lèvre empourprée , et son regard humide , Où rayonne l ' éclair des voluptés sans frein , Et les frémissements qui font bondir le sein D ' une Yierge pudique à cette heure suprême Où s ' éveille dans l ' âme un désir inconnu , Tout m ' appelait , hélas ! tout me criait : Je t ' aime ! Et moi je ne suis point à cet appel venu .Amour , fruit parfumé , que dore la jeunesse , Je ne t ' ai point cueilli sur l ' arbre des vingt ans ; Non , je n ' ai point goûté ta saveur , dont l ' ivresse Fait plus belle la vierge et plus doux le printemps .« J ' ai déchiré ma chair aux pointes du cilicc , J ' ai follement jeté mon âme en sacrifice ; DOUTE .",
                  "id": "11",
                  "title": "Coups de bâton / Louis Verbrugghe"
            },
            {
                  "doc_url": "https://gallica.bnf.fr/ark:/12148/bpt6k5718166j",
                  "emotions": [
                        "surprise",
                        "love",
                        "embarrassment"
                  ],
                  "excerpt": "aiU VALMY .XV Ill ' appelle Dinah ! Quand sa bouche timide , Éntr ' ouverte à demi , laisse parler son coeur ; Quand sa parole flotte , indolente ou rapide , Fraîche comme un parfum , on dirait une soeur , Que Dieu créa pour la vierge de la Pudeur .xvi Son regard est plus doux que celui d ' une étoile .",
                  "id": "12",
                  "title": "Coups de bâton / Louis Verbrugghe"
            },
            {
                  "doc_url": "https://gallica.bnf.fr/ark:/12148/bpt6k5718166j",
                  "emotions": [
                        "love"
                  ],
                  "excerpt": "La senteur de la rose entr ' ouverte à l ' aurore , La senteur des lilas , des orangers en fleur , LOIN D ' ELLE .77 C ' est ton haleine , qui sur ta lèvre sonore , Monte comme un parfum du coeur .Va , spectre aérien , va , dis - lui que je l ' aime .",
                  "id": "13",
                  "title": "Coups de bâton / Louis Verbrugghe"
            },
            {
                  "doc_url": "https://gallica.bnf.fr/ark:/12148/bpt6k5718166j",
                  "emotions": [
                        "surprise",
                        "love",
                        "doubt",
                        "curiosity",
                        "faith"
                  ],
                  "excerpt": "C ' est bien ! Mais , dites - moi , vous dont jamais la main , Dont la lèvre jamais pressa dans cette vie , La lèvre d ' une amante ou la main d ' une amie , Si près d ' elle , parfois , veillant jusqu ' au matin , Vous avez écouté tous deux votre jeunesse , Chanter l ' hymne éternel d ' amour et de tendresse .Ah ! dites - moi , vous tous , pourquoi donc l ' Eternel , Qui lui mit dans les yeux les doux reflets du ciel , Et versa les parfums de la rose embaumée Sur ses lèvres en fleur , lui donna - t - il un coeur Si fol et si léger , si perfide et menteur , Qu ' il faille la maudire après l ' avoir aimée ? Dinah vint d ' un seul bond tomber à ses genoux : « Non , tu ne le veux pas ; non , non , c ' est impossible , Et je vais m ' éveiller de ce songe pénible .Vous me tuer , grand Dieu ! Mais comment ferez - vous ? Tu ne songes donc pas que je suis une femme , Et que c ' est lâcheté de tuer une enfant ? Songe que je t ' aimais , et de toute mon âme .",
                  "id": "14",
                  "title": "Coups de bâton / Louis Verbrugghe"
            },
            {
                  "doc_url": "https://gallica.bnf.fr/ark:/12148/bpt6k5718166j",
                  "emotions": [
                        "love",
                        "nostalgia"
                  ],
                  "excerpt": "Ah ! quand nous revenons aux sentiers reverdis , : .Dont les fleurs parfumaient notre amour , où jadis , 338 VALMY .A l ' ombre du grand bois qui s ' incline et murmure , Nous avons écouté la voix limpide et pure D ' une femme , disant ces mots doux et charmants Que la bouche prononce et que le coeur oublie ; Où nous avons cueilli les roses du printemps Et bercé mollement la maîtresse endormie , Ces fidèles témoins d ' un passé disparu Reconnaissent , hélas ! leur ami revenu .",
                  "id": "15",
                  "title": "Coups de bâton / Louis Verbrugghe"
            },
            {
                  "doc_url": "https://gallica.bnf.fr/ark:/12148/bpt6k5718166j",
                  "emotions": [
                        "love"
                  ],
                  "excerpt": "V Il frappe du pommeau la porte refermée .Elle avait entendu le doux bruit de ses pas , Et Dinah , descendue , est déjà dans ses bras ; Et sur son front déjà sa bouche parfumée Jette , avec ses baisers , les mille noms chéris Que sait pour un amant créer une maîtresse .t Vous voilà revenu , mon beau seigneur .",
                  "id": "16",
                  "title": "Coups de bâton / Louis Verbrugghe"
            },
            {
                  "doc_url": "https://gallica.bnf.fr/ark:/12148/bpt6k61287976",
                  "emotions": [
                        "joy",
                        "love",
                        "excitement",
                        "amusement"
                  ],
                  "excerpt": "Sachez vous défier des hymnes vaporeuses Que font chanter en vous les lèvres amoureuses D ' un être bien - aimé .Savourez en secret ce flot de poésie Que se plaît à verser l ' ardente frénésie D ' un bras tout parfumé ! LES HELIOTROPES .47 Mais dans tous les échos de ce fracas sonore , N ' y voyez jamais rien dont un homme s ' honore Aux yeux des nations .",
                  "id": "17",
                  "title": "L'Écrin d'un amateur, études poétiques / J.-E. Guy"
            },
            {
                  "doc_url": "https://gallica.bnf.fr/ark:/12148/bpt6k61287976",
                  "emotions": [
                        "surprise",
                        "love",
                        "desire",
                        "excitement",
                        "gratitude",
                        "doubt"
                  ],
                  "excerpt": "LES HÉLIOTROPES .Eh quoi ! je flétrirais cette fleur virginale , Dont aucun souffle ardent n ' a terni la candeur , Et né porte d ' amour qu ' à l ' heure matinale Qui verse dans toute âme un parfum de pudeur ! Non , non , jetons au loin tout impur sortilège ; Qu ' à jamais entre nous tout charme soit rompu .Me faire aimer de toi serait un sacrilège ; Et tu m ' aimerais bien .",
                  "id": "18",
                  "title": "L'Écrin d'un amateur, études poétiques / J.-E. Guy"
            },
            {
                  "doc_url": "https://gallica.bnf.fr/ark:/12148/bpt6k108119f",
                  "emotions": [
                        "trust",
                        "love",
                        "courage",
                        "excitement"
                  ],
                  "excerpt": "Cela fait une différence .Tire - moi , dit la bien - aimée du Cantique , nous courrons après toi , dans l ' odeur de tes parfums .CXIX Plus on est de fous , plus on rit .",
                  "id": "19",
                  "title": "Exégèse des lieux communs / Léon Bloy"
            },
            {
                  "doc_url": "https://gallica.bnf.fr/ark:/12148/bpt6k6422116j",
                  "emotions": [
                        "love",
                        "nostalgia"
                  ],
                  "excerpt": "Oh ! le lansquenet ! que tes chastes ailes ne s ' y frottent jamais ! Assez sur ce douloureux chapitre , qui n ' intéresse que toi , le caissier du Tintamarre et mes créanciers .Voyons un peu ce qu ' a produit le joli mois de mai : Saison inspiratrice , amante du poète , Dont , quand revient l ' hiver , on se souvient toujours ; Où tout n ' est que plaisir , joie , espérance , fête ; Saison de frais parfums et de douces amours ! Nous avons eu , à l ' Ambigu , un bon gros drame émouvant : La Voleuse d ' enfants , signé Lambert Thiboust et Eugène Grangé .Je glisse dessus : c ' est un succès qui n ' a pas besoin de mes battoirs , Nous avons eu comme toujours a la devanture des libraires , étalés avec un faux - col sur lequel se lit en gros caractères : VIENT DE PARAITRE , des bouquins de toutes les couleurs et de tous les acabits : Rien de bon , ange de ma vie , rien , sauf , toutefois , les Indiscrétions d ' un cocker et la Bougie rose , comédie en un acte , refusée par MM .",
                  "id": "20",
                  "title": "Lettres d'un mauvais jeune homme à sa Nini / Léon Rossignol ; avec une préface d'Aurélien Scholl"
            }
      ]
}