{
      "articles": [
            {
                  "doc_url": "https://gallica.bnf.fr/ark:/12148/bpt6k215512n",
                  "emotions": [
                        "love"
                  ],
                  "excerpt": "Les maladies générales la font durer et passer à l ' état chronique ; citons la chlorose , l ' anémie , l ' arthritisme .Une sensation d ' ardeur et de cuisson dans la région , de la difficulté dans la marche , en sont les premiers symptômes ; il s ' y joint bientôt un écoulement blanc qui devient jaune et verdâtre , d ' une odeur fade et repoussante .On distingue une forme granuleuse avec gonflement des papilles du derme , et une forme exfoliante avec larges desquamations épithéiiales .",
                  "id": "1",
                  "title": "Dictionnaire usuel des sciences médicales (2e édition... accompagnée de notions sur la prophylaxie et sur l'hygiène, d'un choix de formules usuelles et d'un appendice sur la formation des mots usités en médecine...) / par A. Dechambre, Mathias Duval, L. Lereboullet,..."
            },
            {
                  "doc_url": "https://gallica.bnf.fr/ark:/12148/bpt6k9603554g",
                  "emotions": [
                        "love",
                        "optimism",
                        "approval"
                  ],
                  "excerpt": "Feuilles larges et d ' un beau vert .Fleurs en mai , odorantes .Même culture , mais plus délicat , il faut couvrir le pied en hiver .",
                  "id": "2",
                  "title": "La maison de campagne. Tome 2 / par Mme Aglaé Adanson"
            },
            {
                  "doc_url": "https://gallica.bnf.fr/ark:/12148/bpt6k27790s",
                  "emotions": [
                        "surprise",
                        "love",
                        "doubt"
                  ],
                  "excerpt": "Déesse , par vos amourettes , ( Ai - je dit à genoux ) parées galants soupirs , Que , dans le tendre excès de leurs flammes discrètes , Poussent les amoureux zéphyrs ; Par l ' émail parfumé dont vous ornez la plaine , Enfin par le retour de l ' aimable printemps , Qui dans sa naissance prochaine Vous rendra l ' empire des champs , De grâce , enseignez - moi comme il faut qu ' on cultive Ces fleurs que par votre ordre on sème au renouveau , Et faites que par moi votre méthode arrive A la Flore de Mompipeau .A votre nom , chose étonnante ! J ' ai reconnu d ' abord que j ' étois entendu Les orangers ont répandu Dans les airs de la serre une odeur plus charmante , Le laurier s ' en est écroulé , L ' aloès a fait voir son écorce entr ' ouverte , Et le myrte amoureux , de respect ébranlé , A secoué sa tête verte .La déesse , en un mot , s ' est offerte à mes yeux , Non comme on la voit dans les cieux Avec sa beauté tout entière ; .",
                  "id": "3",
                  "title": "Oeuvres posthumes de Senecé / publiées pour la première fois par MM. Emile Chasles et P. A. Cap"
            },
            {
                  "doc_url": "https://gallica.bnf.fr/ark:/12148/bpt6k5722449g",
                  "emotions": [
                        "surprise",
                        "grief",
                        "love",
                        "excitement",
                        "gratitude"
                  ],
                  "excerpt": "UN VOL Elle était endormie et la nuit était sombre , Auprès d ' elle , à pas lents , je me glissai dans l ' ombre , Et pour la contempler en un moment si doux , Plein de crainte , sans bruit , je me mis à genoux .J ' effleurais son visage et respirais à peine ; Je sentais les parfums que sa légère haleine M ' apportait de son sein mollement agité , Comme un arôme exquis , souffle de volupté ; Ma lèvre se penchait sur sa lèvre adorée , Nos cheveux se mêlaient , et mon ' âme égarée Semblait , ivre d ' amour , par un effet soudain S ' échapper de mon corps pour passer dans le sien , .Je ne pus résister , et , la tête perdue , Je posai sur sa bouche et sur sa gorge nue Deux de ces longs baise ' - s que l ' on donne sans bruits , Et , comme l ' aurait faitun voleur , je m ' enfuis .",
                  "id": "4",
                  "title": "Thermidor : recueil de poésies diverses / par MM. Béor (J.), Bonnery (R.), Bossy de Valleny, etc."
            },
            {
                  "doc_url": "https://gallica.bnf.fr/ark:/12148/bpt6k64848345",
                  "emotions": [
                        "love",
                        "nostalgia"
                  ],
                  "excerpt": "Religieuses , tertiaires des divers ordres , beaucoup de pieux laïques , lisent leur office en latin , et avec trop peu de secours pour en profiter entièrement .Bornés aux traductions plus ou moins imparfaites du livre d ' office , toute leur vie ils peuvent regretter de ne voir , de ne sentir qu ' à travers un voile ces textes admirables qui , sous leur forme pure , sous la parole latine , épanchent dans le cœur ému un parfum délicieux , et concourent si bien à entretenir les vives flammes de l ' amour divin .1 C ' est pourquoi beaucoup de personnes ont désiré de rencontrer un livre qui leur enseignât les éléments de la langue latine , dans leur application aux offices de l ' Église .",
                  "id": "5",
                  "title": "Cours de latin chrétien... : ouvrage destiné aux maisons d'éducation, aux familles et aux personnes qui désirent se mettre en état de comprendre la liturgie de l'Église et les productions de la littérature sacrée / par M. A. Mazure"
            },
            {
                  "doc_url": "https://gallica.bnf.fr/ark:/12148/bpt6k11674367",
                  "emotions": [
                        "joy",
                        "love",
                        "pride",
                        "gratitude"
                  ],
                  "excerpt": "De son doigt le fouillant , y fit une blessure , Qui se rouvrit toujours aux heures de bonheur ; Et sa main , que teignait en rose une souillure De sang pur et vermeil , le rendit au chanteur .Il couronna son front de rameaux de verveine , Aux parfums si subtils et qui venaient des cieux ; Et , d ’ un baiser brûlant , ne l ’ effleurant qu ’ à peine , A sa lèvre il donna ce sourire gracieux Et qu ’ il a conservé jusqu ’ en sa mort sereine .Amour parut alors lui - même émerveillé .",
                  "id": "6",
                  "title": "La France littéraire : mensuel : organe des jeunes / Gaston d'Ornoy directeur"
            },
            {
                  "doc_url": "https://gallica.bnf.fr/ark:/12148/bpt6k58039585",
                  "emotions": [
                        "love"
                  ],
                  "excerpt": "Un premier mouvement l ' avait poussée à se jeter dans les bras de cette femme qui était sa mère ; mais celleci , sans quitter sa pose nonchalante , lui tendit la main .Odile prit cette main parfumée dans les siennes , et , s ' inclinant très - bas , offrit son front aux lèvres de madame Dangucbel , qui l ' embrassa sans lever le loup de tulle blanc qui lui garantissait le visage .— Ma chère enfant , dit - elle de sa voix monotone , vous êtes devenue absolument ce que je pensais , à ce point que je crois que je vous aurais reconnue partout .",
                  "id": "7",
                  "title": "Un fruit sec. Tome 2 / par Mlle Zénaïde Fleuriot"
            },
            {
                  "doc_url": "https://gallica.bnf.fr/ark:/12148/bpt6k857109g",
                  "emotions": [
                        "admiration",
                        "surprise",
                        "joy",
                        "love",
                        "desire",
                        "excitement"
                  ],
                  "excerpt": "Et l ’ appel disait : « Viens , viens , bel Aëde , viens ! » Aëde ouvrit les bras et baissa les paupières .Et l ’ appel disait : « Viens , viens , viens ! Je suis à toi Je suis à toi ! » Alors , émerveillant l ’ odorante poussière S ’ épanouit , comme un marbre couleur de lait Où l ’ aurore fluide et vivante coulait , Une Vierge aux yeux verts laissant sa chevelure Glisser comme un encens sur sa poitrine pure Et souriant superbe et tendre en son émoi Tandis que ses doigts fins dénouaient sur ses hanches Un voile harmonieux tissé de clartés blanches .La Vierge disait : « Bien aimé I Je suis à toi ! » Àëde ouvrit les yeux et frémit comme un chêne ; Et sa chair respirait des lys et des troënes .",
                  "id": "8",
                  "title": "Les tressaillements poésie de la chair et de l'espritRobert Veyssié ; illustrations d'U. Brunelleschi"
            },
            {
                  "doc_url": "https://gallica.bnf.fr/ark:/12148/bpt6k6568438c",
                  "emotions": [
                        "admiration",
                        "love",
                        "pride",
                        "gratitude"
                  ],
                  "excerpt": "Et sans doute vous eussiez voulu , que tout le monde eust esté lors en vos mains conuerty en odeurs , pour les répandre toutes sur luy , & honorer ainsi le Createur par sa creature .Mais vostre cœur valoit plus qu ' vn monde , & vostre esprit est vn monde de graces & de merueilles : Et cét esprit fait vne entiere effusion de soy - mesme aux pieds de IESVS , & luy est offert en odeur tres - fouëfue & tres - odoriferante .Et comme Iean Baptiste estoit Voix , & il se nomme ainsi luy - mesme ; Magdelaine est Odeur , & odeur de IES v S , & nous la pouuons ainsi nommer , puis que toutes ses avions ne respirent & ne répandent que l ' odeur de 1 ES vs5 & que cette sale , ou plustost Eglise saincte & primitiue où repose I E s V s , & le sacré College des A postres , est toute embaumée des odeurs de Magdelaine répanduës sur IES v S , dont l ' odeur se ressent encore , & se ressentira par tout où I ESVS sera cognu , & où son Euangile fera publié : c ' est le bon - heur de Bethanie .",
                  "id": "9",
                  "title": "Les oeuvres de l'éminentissime et reverendissime Pierre cardinal de Bérulle ... augmentées de divers opuscules de controverse et de piété, avec plusieurs lettres, et enrichies de sommaires et de tables, par les soins du R. P. François Bourgoing,..."
            },
            {
                  "doc_url": "https://gallica.bnf.fr/ark:/12148/bpt6k9603554g",
                  "emotions": [
                        "joy",
                        "love",
                        "optimism",
                        "gratitude",
                        "approval"
                  ],
                  "excerpt": "Indigène , sarmenteux .Fleurs en juin , odorantes .Ce n ' est pas le même que celui des haies .",
                  "id": "10",
                  "title": "La maison de campagne. Tome 2 / par Mme Aglaé Adanson"
            },
            {
                  "doc_url": "https://gallica.bnf.fr/ark:/12148/bpt6k1181403j",
                  "emotions": [
                        "grief",
                        "love",
                        "nostalgia",
                        "gratitude",
                        "caring"
                  ],
                  "excerpt": "Elle noue à mon cou ses bras potelés .Elle murmure à mon oreille : « Papa ! petit papa ! petit papa mignon ! » La caresse de sa joue contre ma joue , comme elle m ’ est douce et pénétrante ! Mais l ’ amour est un parfum trop violent pour le soldat qui va se battre .11 doiL lo respirer de loin sous peine do défaillir .",
                  "id": "11",
                  "title": "Debout les morts ! : souvenirs et impressions d'un soldat de la grande guerre. Pâques rouges / Lieutenant Jacques Péricard ; avec une préface de M. Maurice Barrès,..."
            },
            {
                  "doc_url": "https://gallica.bnf.fr/ark:/12148/bpt6k5810552n",
                  "emotions": [
                        "love"
                  ],
                  "excerpt": ", dont les feuilles sont alternes , à 3 folioles , persistantes .Les fleurs sont jaunes et très odorantes .On le cultive en Europe depuis près de deux siècles ; on le rentre l ' hiver dans l ' orangerie .",
                  "id": "12",
                  "title": "Histoire naturelle des drogues simples, ou Cours d'histoire naturelle professé à l'École de pharmacie de Paris. Tome 2 / par N. J.-B. G. Guibourt,..."
            },
            {
                  "doc_url": "https://gallica.bnf.fr/ark:/12148/bpt6k54549792",
                  "emotions": [
                        "love"
                  ],
                  "excerpt": "Son extrémité est relevée , surtout chez les pieds mâles ( ce genre est dioïque ) , et se termine par un gigantesque bouquet de douze à vingt feuilles lisses , d ' un beau vert , longues d ' environ 5 mètres et composées généralement de cent soixante pinnules chacune .Une forte odeur d ' amande s ' exhale des inflorescences des deux sexes .Le palmier à ivoire est originaire de l ' Amérique méridionale , entre le 9 ° et le 8e degré de latitude ; il croît naturellement dans les endroits humides , non seulement dans les parties basses , mais encore .",
                  "id": "13",
                  "title": "Bulletin de la Société nationale d'acclimatation de France"
            },
            {
                  "doc_url": "https://gallica.bnf.fr/ark:/12148/bpt6k1118790",
                  "emotions": [
                        "joy",
                        "love",
                        "nostalgia",
                        "relief",
                        "gratitude",
                        "calmness"
                  ],
                  "excerpt": "Lorsque Zarathoustra prononça ces discours il se trouvait près de l ' entrée de sa caPerne ; mais avec ses dernières paroles il s ' échappa de ses hôtes et s ' enfuit pour un moment en plein air .0 odeurs pures autour de moi , s ' écria - t - il , ô tranquillité bienheureuse autour de moi ! Mais où sont mes animaux ? Venez , vénez , mon aigle et mon serpent ! Dites - moi donc , mes animaux tous ces hommes supérieurs ne sentmt - ils peut - être pas bon ? 0 odeurs pures autour de moi ! Maintenant je sais et je sens seulement combien je vous aime , mes animaux .» .",
                  "id": "14",
                  "title": "Ainsi parlait Zarathoustra : un livre pour tout le monde et personne / Frédéric Nietzsche ; traduit par Henri Albert"
            },
            {
                  "doc_url": "https://gallica.bnf.fr/ark:/12148/bpt6k6568438c",
                  "emotions": [
                        "love",
                        "gratitude",
                        "caring",
                        "faith"
                  ],
                  "excerpt": "C ' est elle feule qui est si fouuent à vos pieds ; c ' est elle feule qui les baigne de ses larmes ; c ' est elle feule qui les arrose de ses liqueurs precieu - ses , & plusieurs fois ; c ' est elle feule qui les esTuy e de ses cheueux : c ' est el - le feule quicouure vostre Chef de ses parfuns , & qui rompt le vafeprc - cieux pour verser sur vous cette rare liqueur iusques à la dernierc goutte , & remplit vostre demeure d ' vne odeur admirable .Mais , ô Seigneur , [ n cœur estoit beaucoup plusbriféde vostre amour , que ce vase qu ' elle brl - se pour mieux relpandre sur vous cette sienne liqueur ; & elle fait à vos pieds vne plus grande effusion de son coeur & de son esprit , que de ce baume precieux ; & l ' odeur de son amour est plus grand en vostre Eglise & de plus longue durée 3 que l ' odeur de ses parfuns .qui ont remply tout le UcU où vous habitiez enla terre : Car le Diuin odeur de son amour remplit & la terre & le Ciel , & y est permanent à toute eternité .",
                  "id": "15",
                  "title": "Les oeuvres de l'éminentissime et reverendissime Pierre cardinal de Bérulle ... augmentées de divers opuscules de controverse et de piété, avec plusieurs lettres, et enrichies de sommaires et de tables, par les soins du R. P. François Bourgoing,..."
            },
            {
                  "doc_url": "https://gallica.bnf.fr/ark:/12148/bpt6k5722449g",
                  "emotions": [
                        "love",
                        "faith"
                  ],
                  "excerpt": "L ' AMOUR L ' amour c ' est la voix qui domine Du coeur , les chants mélodieux , Le cri d ' une note argentine , Qui prend son essor vers les deux .L ' amour est un rayon céleste , Issu du front de l ' Éternel ; C ' est le doux parfum qui nous reste D ' un hymne grand et solennel .C ' est d ' amour que l ' ange soupire Auprès de l ' enfant qui respire L ' amour dans l ' encens du saint lieu ; Et quand vient l ' amère souffrance , L ' homme garde pour espérance L ' amour , qui le rattache à Dieu .",
                  "id": "16",
                  "title": "Thermidor : recueil de poésies diverses / par MM. Béor (J.), Bonnery (R.), Bossy de Valleny, etc."
            },
            {
                  "doc_url": "https://gallica.bnf.fr/ark:/12148/bpt6k6568438c",
                  "emotions": [
                        "love",
                        "gratitude",
                        "faith"
                  ],
                  "excerpt": "Mais , ô Seigneur , [ n cœur estoit beaucoup plusbriféde vostre amour , que ce vase qu ' elle brl - se pour mieux relpandre sur vous cette sienne liqueur ; & elle fait à vos pieds vne plus grande effusion de son coeur & de son esprit , que de ce baume precieux ; & l ' odeur de son amour est plus grand en vostre Eglise & de plus longue durée 3 que l ' odeur de ses parfuns .qui ont remply tout le UcU où vous habitiez enla terre : Car le Diuin odeur de son amour remplit & la terre & le Ciel , & y est permanent à toute eternité ..",
                  "id": "17",
                  "title": "Les oeuvres de l'éminentissime et reverendissime Pierre cardinal de Bérulle ... augmentées de divers opuscules de controverse et de piété, avec plusieurs lettres, et enrichies de sommaires et de tables, par les soins du R. P. François Bourgoing,..."
            },
            {
                  "doc_url": "https://gallica.bnf.fr/ark:/12148/bpt6k620689",
                  "emotions": [
                        "love"
                  ],
                  "excerpt": "Les bateaux glissaient sur le fleuve , accostaient les pontons , enfilaient prestement les arches .Au bord du trottoir , des paniers de roses répandaient une odeur caressante .Sous le cadran de la Conciergerie , les gardes municipaux fumaient leurs pipes et s ' accoudaient à la grille du poste .",
                  "id": "18",
                  "title": "Le béguin de Gô / J.-A. Coulangheon"
            },
            {
                  "doc_url": "https://gallica.bnf.fr/ark:/12148/bpt6k97714805",
                  "emotions": [
                        "love"
                  ],
                  "excerpt": "des labiées le genre le plus distinct , par leur corolle presque régulière et à lobes planes , par leurs étamines écartées et presque égales , par leur odeur pénétrante et volatile , par leur saveur éthérée , et même par les lieux où elles croissent la plupart .Toutes les menthes ont une odeur aromatique , qui n ' appartient à aucune autre espèce de plantes : leurs feuilles mâchées impriment à la bouche une sensation ardente , qui est suivie au même instant d ' une sensation de froid semblable à ce qu ' on éprouve quand on ouvre la bouche à un courant d ' air .Cet effet est probablement produit par la prompte volatilité de l ' huile essentielle de ces végétaux , mise en expansion par la chaleur vitale 5 ce qui a lieu d ' une manière bien remarquable dans la volatilisation de l ' éther , versé sur quelque partie du corps .",
                  "id": "19",
                  "title": "Cours de matière médicale. Tome 1 / , par M. L. Hanin,..."
            },
            {
                  "doc_url": "https://gallica.bnf.fr/ark:/12148/bpt6k97622044",
                  "emotions": [
                        "love",
                        "caring"
                  ],
                  "excerpt": "» Aussi ( et c ' est pour cela que nous détachons son nom ) , l ' abbé inscrivit le littérateur et musicographe , le 16 janvier 1854 , au nombre des six personnes à qui l ' on devait faire part de son décès .Mais , averti à temps , le bon ménaisien put rendre quelques petits services au vieillard pendant ses derniers jours , et se conduisit à son égard avec ce tact irréprochable et cette affection sincère , qui s ' unissent comme un parfum délicieux à une fleur de culture rare .Trois calvinistes sont entrés à des degrés divers dans l ' intimité de l ' écrivain breton , savoir , le pasteur Peyrat , dont nous avons utilisé l ' ouvrage sur Béranger et Lamennais , le pasteur Joseph Martin - Paschoud , dont il reçut l ' hospitalité , et à qui il donna le manuscrit de sa traduction du Nouveau Testament , enfin Auguste Barbet , qui fut l ' égal de ses amis les plus anciens et les plus chers , par l ' admiration et le dévouement dont il entoura le maître , comme par la confiance et l ' affection qu ' il obtint en retour .",
                  "id": "20",
                  "title": "La Mennais : sa vie, ses idées, ses ouvrages, d'après les sources imprimées et les documents inédits / par F. Duine"
            }
      ]
}