{
      "articles": [
            {
                  "doc_url": "https://gallica.bnf.fr/ark:/12148/bpt6k54552848",
                  "emotions": [
                        "love",
                        "optimism",
                        "nostalgia",
                        "excitement",
                        "relief",
                        "gratitude",
                        "calmness"
                  ],
                  "excerpt": "Mortelles , nous aimons ainsi , même les dieux , ADONIS Une douceur est morte au fond de vos yeux noirs , Lourds de tous les péchés d ' une amitié sincère .Vos yeux ont la saveur lunaire des grands soirs , Et je sens que mon coeur ne pourra plus se taire I Nous tentons l ' aventure obscure de l ' amour Comme des étrangers tentent un court voyage .Ah 1 que son souvenir nous soit comme ces jours Où lcsoleil de Mars imprima son passage 1 Libres ! sous la coupole ardente où tous les dieux Descendirent aimer , nous porterons la joie Comme une rose porte un peu sa part des cieux .",
                  "id": "1",
                  "title": "Les cités vivantes / André Ibels"
            },
            {
                  "doc_url": "https://gallica.bnf.fr/ark:/12148/bpt6k54552848",
                  "emotions": [
                        "love",
                        "nostalgia",
                        "gratitude"
                  ],
                  "excerpt": "Des théories âe vierges suppliantes s ' avancent vers lui ) .ADONIS Aux fleurs de l ' urne blanche écumante de fleurs , — Épris du charme fort et chaste des pensers • — J ' ai peint la cantilène amoureuse ; et mes soeurs , Vierges d ' août et de mai , que nul ne sut presser 76 LE LIVRE DU SOLEIL Viennent à chaque aurore , éplorées et lascives , Y verser le parfum que leur coeur a brûlé , Et mêler les sanglots de leur âme captive Aux larmes que la rose en sa sève a scellées .Ce sont les coeurs troublés des jeunes fiancées , Mourant sous le désir hautain d ' être meurtris I Oh ! que sont les coeurs blancs des jeunes fiancées 1 La douleur est un fruit que le coeur veut goûter ; La douleur étant morte , on sait avoir vécu I La coupe où Ton versa le vin qui fait aimer N ' est pas toujours offerte aux vierges les plus pures ; La lèvre qui l ' effleure a de tendres murmures Que n ' enfanta jamais la brise sur la mer ; Mais la lèvre est si douce , et la coupe est si dure I Oh I que sont les coeurs blancs des jeunes fiancées 1 Vierges , qui revenez , à chaque aube , presser Les flancs de l ' urne blanche où j ' ai peint le poème Etrange et délicat de deux coeurs enlacés , 11 n ' est pas , pour vos fronts , de pesants diadèmes ; 11 n ' est pas pour vos yeux de divins fiancés .",
                  "id": "2",
                  "title": "Les cités vivantes / André Ibels"
            },
            {
                  "doc_url": "https://gallica.bnf.fr/ark:/12148/bpt6k11763697",
                  "emotions": [
                        "love",
                        "nostalgia"
                  ],
                  "excerpt": "— Promenades et intérieurs ) .Connaissez - vous ce charme intime des banlieues où , sans paraître un lourdaud de paysan , on peut tout à l ’ aise mâchonner des violettes , et tortiller entre ses lèvres , leurs queues vertes et fraîches , pour en mieux boire la délicate senteur ? Vous emportez un livre avec vous , un poète , presque toujours ; pour la centième fois , vous relisez le passage aimé , le passage que l ’ on fait exprès de ne pas savoir par cœur .Et souvent encore , dès le second vers , vous êtes au pays du bleu .",
                  "id": "3",
                  "title": "Fusains et croquis / A. Nicolaï ; [préface d'Edmond Goujon]"
            },
            {
                  "doc_url": "https://gallica.bnf.fr/ark:/12148/bpt6k9753775z",
                  "emotions": [
                        "love",
                        "nostalgia",
                        "gratitude"
                  ],
                  "excerpt": "— Mariette , lui dis - je tout près de l ' oreille , veux - tu m ' embrasser ? Elle frissonna et murmura ce faible , ce charmant « non » qui veut dire « oui » en langage féminin .Oh , les fraîches , les douces lèvres ! Ses baisers avaient comme un parfum de mûres sauvages ! — Encore ..",
                  "id": "4",
                  "title": "Les nouvelles amoureuses / Charles Aubert ; illustrations de Jul. Hanriot"
            },
            {
                  "doc_url": "https://gallica.bnf.fr/ark:/12148/bpt6k9753775z",
                  "emotions": [
                        "love"
                  ],
                  "excerpt": "Pour elle , la languissante , elle était inquiète et tourmentée ; d ' étranges aiguillons lui harcelaient tout le corps ; parfois , agitée et remuante , elle bouleversait tout , mettait la maison sens dessus dessous ; et soudain , attendrie , énervée , elle passait de longues heures étendue sur des coussins , avec des attitudes câlines de chatte amoureuse .Souvent , pendant des journées entières , désireuse d ' échapper à l ' obsédante surveillance de son maître taciturne , elle s ' enfuyait tout au fond du jardin , déchiquetant des fleurs , se grisant de parfums , s ' inté - ressant aux amours d ' un couple de moineaux , ou regardant passer les nuages vagabonds en refrénant les envies folles qui lui venaient d ' escalader le mur et de courir , de courir éperdûment jusqu ' en un pays où les époux fussent moins vieux .Voilà donc où en étaient les choses lorsqu ' un beau jeune homme vint sonner à la grille .",
                  "id": "5",
                  "title": "Les nouvelles amoureuses / Charles Aubert ; illustrations de Jul. Hanriot"
            },
            {
                  "doc_url": "https://gallica.bnf.fr/ark:/12148/bpt6k9753775z",
                  "emotions": [
                        "love",
                        "excitement"
                  ],
                  "excerpt": "De ses deux petites mains , la jeune fille essayait de m ' arracher mon trésor , se cramponnant à mon bras , me suppliant toujours .Elle mettait à ce jeu une ardeur troublante et communicative qui jetait beaucoup de confusion dans mes idées : par instant , nos corps se frôlaient , ses cheveux frisottants me chatouillaient la joue , le parfum de sa fraîche jeunesse répandait des griseries dans l ' air que je respirais , et je sentais venir plus de baisers sur mes lèvres que le printemps ne fait éclore de fleurs dans les prés .Elle riait nerveusement et se cabrait dans mes bras ; un énervement extrême nous gagnait l ' un et l ' autre ; ses membres s ' alanguissaient , son visage , délicieusement pâle , était sur le mien , son haleine me soufflait des bouffées d ' ivresse folle .",
                  "id": "6",
                  "title": "Les nouvelles amoureuses / Charles Aubert ; illustrations de Jul. Hanriot"
            },
            {
                  "doc_url": "https://gallica.bnf.fr/ark:/12148/bpt6k9753775z",
                  "emotions": [
                        "love",
                        "caring"
                  ],
                  "excerpt": ".Elle permettait que , — discrètement , — je mourusse d ' amour pour elle , comme elle permettait aux fleurs qui ornaient son sein de mourir en exhalant leur âme de parfum .Voilà tout .",
                  "id": "7",
                  "title": "Les nouvelles amoureuses / Charles Aubert ; illustrations de Jul. Hanriot"
            },
            {
                  "doc_url": "https://gallica.bnf.fr/ark:/12148/bpt6k9691192n",
                  "emotions": [
                        "love"
                  ],
                  "excerpt": "Les croisées furent ouvertes , la fleur enlevée et les accidents cessèrent .Ce vertige olfactif , un romancier , qui fut parfois un bon observateur , Zola l ' a nettement mis en évidence dans deux de ses oeuvres : la Faute de l ' abbé Mouret et l ' Assommoir .Dans le premier de ces romans , Serge se trouve dans le Paradou , au lever du jour ; il sent venir le matin dans un souffle tiède .",
                  "id": "8",
                  "title": "Remèdes d'autrefois (deuxième série) : comment se soignaient nos pères / par le docteur Cabanès"
            },
            {
                  "doc_url": "https://gallica.bnf.fr/ark:/12148/bpt6k6534851j",
                  "emotions": [
                        "love",
                        "optimism"
                  ],
                  "excerpt": "Eh bien ! Lucie , aimable et modeste enfant , quelle est la fleur de votre choix ? une violette .Comme vous elle fuit l ' éclat et cherche l ' ombre ; mais son doux parfum la décèle bientôt au milieu de toutes les fleurs de la prairie .Et vous , Sophie , avec vos dix - huit ans et vos grands yeux noirs fixés avec tant d ' attention sur votre ouvrage , quelle pensée vous occupe en dessinant cette belle rose ? Est - ce un désir de plaire ou un désir d ' aimer ? Cette fleur brilleroit sur votre tête , mais elle seroit mieux placée sur votre sein .",
                  "id": "9",
                  "title": "L'Ami de la nature ou Choix d'Observations sur divers objets de la nature et de l'art ; suivi d'un catalogue de tous les animaux qui se trouvent actuellement dans la ménagerie, par G. Toscan,..."
            },
            {
                  "doc_url": "https://gallica.bnf.fr/ark:/12148/bpt6k146097j",
                  "emotions": [
                        "love"
                  ],
                  "excerpt": "Mais qui pourra traduire jamais : Multi illum pucri .« Petits garçons petites filles » c ' est de la fleur que Catulle vous fait amoureux ! et jamais rien ne fut exprimé de plus vrai , de plus frais et de plus chaste Voilà , messieurs , les idées et les souvenirs qui me vinrent en respirant les parfums de ma fleur bien , aimée .IX GLYCINE 23 Juin 1873 .",
                  "id": "10",
                  "title": "Les loisirs du père Labêche. Plantes et bêtes / Eugène Noël"
            },
            {
                  "doc_url": "https://gallica.bnf.fr/ark:/12148/bpt6k146097j",
                  "emotions": [
                        "admiration",
                        "love",
                        "pride"
                  ],
                  "excerpt": "Plutarque , Pline , Théophraste , Dioscaride l ' ont vantée ; Hippocrate , dans les mauvais accouchements , en faisait usage et l ' employait en toutes sortes de cas , même la vieille Egypte l ' avait en vénération .Partout , en France , s ' épanouit cette reine des labiées ; au milieu de tant de parfums aimés , c ' est le sien qui domine .Elle est un des principaux charmes , un des principaux enivrements de la campagne ; la vue , l ' odorat sont par elle enchantés .",
                  "id": "11",
                  "title": "Les loisirs du père Labêche. Plantes et bêtes / Eugène Noël"
            },
            {
                  "doc_url": "https://gallica.bnf.fr/ark:/12148/bpt6k146097j",
                  "emotions": [
                        "surprise",
                        "love",
                        "pride",
                        "gratitude"
                  ],
                  "excerpt": "Voilà dix ans que je parle fleurs et jardinage et que je me plais surtout à signaler à l ' attention de mes lecteurs nos plantes indigènes les plus connues , les plus dociles aux soins du jardinier habile .Qui croirait donc que j ' ai pu ne pas parler encore d ' une fleur gracieuse entre toutes , élégante , riche , variée , exhalant un délicieux parfum , et , qui plus est , appartenant à la famille des primulacées , comme les pommeroles que j ' ai toujours tant aimées .Cette belle oubliée est le cyclamen .",
                  "id": "12",
                  "title": "Les loisirs du père Labêche. Plantes et bêtes / Eugène Noël"
            },
            {
                  "doc_url": "https://gallica.bnf.fr/ark:/12148/bpt6k146097j",
                  "emotions": [
                        "love",
                        "optimism",
                        "desire",
                        "envy",
                        "greed"
                  ],
                  "excerpt": "Cette infériorité ne peut avoir qu ' un temps , et , voyez d ' ailleurs sur combien d ' autres points la flore cultivée a su dépasser la flore sauvage .Nous la vaincrons même aux parfums et nous n ' avons pour cela qu ' à bien vouloir .Vous pouvez vous en fier à nos bons jardiniers .",
                  "id": "13",
                  "title": "Les loisirs du père Labêche. Plantes et bêtes / Eugène Noël"
            },
            {
                  "doc_url": "https://gallica.bnf.fr/ark:/12148/bpt6k6152385k",
                  "emotions": [
                        "grief",
                        "sadness",
                        "love",
                        "nostalgia",
                        "gratitude",
                        "envy",
                        "disappointment"
                  ],
                  "excerpt": "Au bal , fuyant le siège où vous étiez placée , L ' esprit toujours tendu vers la même pensée , Vous m ' avez vu me fondre aux groupes des danseurs , Au sein d ' une autre femme arracher d ' autres fleurs , 40 Et , riche de butin , marchant d ' un pas sonore , Revenir prés de vous les effeuiller encore .Pourtant , les yeux baissés , je suivais les contours De vos bras , de vos seins voilés par le velours ; Pourtant quand aux lambris vous regardiez , madame , Mon oeil sur vos beaux traits se levait tout en flamme , Contemplant vos cheveux empreignes de parfums Qui , sur votre cou nu , retombaient en flots bruns , Et votre main si blanche et votre port de reine , Tous ces trésors enfin dont vous êtes peu vaine .Et j ' ai vu le moment , où me penchant vers vous , Et malgré les regards , malgré votre courroux , Sur votre joue en feu collant ma lèvre blême , J ' allais vous dire un mot , un mot comme : Je t ' aime .",
                  "id": "14",
                  "title": "Roses & soucis : poésies / par Casimir Faucompré,..."
            },
            {
                  "doc_url": "https://gallica.bnf.fr/ark:/12148/bpt6k6152385k",
                  "emotions": [
                        "grief",
                        "sadness",
                        "fear",
                        "love",
                        "nostalgia",
                        "pain",
                        "disappointment"
                  ],
                  "excerpt": "Donnés le soir , donnés sans bruil , Quand à l ' écart , un pâle cierge Soupire et se meurt dans la nuit ; Quand sur la même fleur on pose , Tous les deux amoureusement , Une lèvre tremblante et rose Que l ' on retire lentement .Ce fut ainsi , ma blanche Aimée , Qu ' un soir , le coeur serré , mon Dieu ! Dessus la bouche parfumée Je sentis mourir un aveu C ' est cet aveu qui me tourmente , Cet aveu qu ' un démon jaloux Glissa sur ma lèvre brûlante , Hélas ! en se riant de nous .Car je ne puis l ' aimer , mon auge , Moi qui ne crois plus à l ' amour ; Et qui , d ' un bonheur sans mélange , Sans mélange jusqu ' à ce jour , Te ferais une vie amère , Et le délaisserais bientôt , Te laissant pour toute chimère .",
                  "id": "15",
                  "title": "Roses & soucis : poésies / par Casimir Faucompré,..."
            },
            {
                  "doc_url": "https://gallica.bnf.fr/ark:/12148/bpt6k6152385k",
                  "emotions": [
                        "love",
                        "nostalgia"
                  ],
                  "excerpt": "Mère , vois - tu cette ombre blanche , Qui se dessine auprès de nous ; C ' est lui : tiens , regarde , il se penche - , Et me couve d ' un oeil jaloux .Ne sens - tu point sa douce haleine ? Écoute ..",
                  "id": "16",
                  "title": "Roses & soucis : poésies / par Casimir Faucompré,..."
            },
            {
                  "doc_url": "https://gallica.bnf.fr/ark:/12148/bpt6k6152385k",
                  "emotions": [
                        "grief",
                        "love",
                        "desire",
                        "nostalgia",
                        "relief",
                        "gratitude",
                        "calmness"
                  ],
                  "excerpt": "Mon ange , disait - il , que j ' aime cette rose Qui se dérobe en vain sous tes beaux cheveux bruns .Ah ! permets que ma lèvre un instant s ' y repose , Laisse - moi sur ton front respirer ses parfums .Il se penchait alors vers sa belle maîtresse , Puis insensiblement , l ' attirait sur son coeur .",
                  "id": "17",
                  "title": "Roses & soucis : poésies / par Casimir Faucompré,..."
            },
            {
                  "doc_url": "https://gallica.bnf.fr/ark:/12148/bpt6k6152385k",
                  "emotions": [
                        "surprise",
                        "grief",
                        "love",
                        "nostalgia",
                        "gratitude"
                  ],
                  "excerpt": "Sa mère , à l ' ombre d ' un vieux chêne , Dormait , et ne l ' entendait pas .A tes genoux si je repose , Sur mes lèvres je sens bientôt Le parfum de sa bouche rose , Et soudain je le vois là - haut , Sur un nuage , dans la plaine , A mes yeux disparaître , hélas ! ..",
                  "id": "18",
                  "title": "Roses & soucis : poésies / par Casimir Faucompré,..."
            },
            {
                  "doc_url": "https://gallica.bnf.fr/ark:/12148/bpt6k6152385k",
                  "emotions": [
                        "surprise",
                        "love",
                        "nostalgia",
                        "excitement",
                        "pride",
                        "envy",
                        "doubt",
                        "disappointment"
                  ],
                  "excerpt": "Monsieur , je vous le dis , vous n ' avez pas de coeur , Vous qui depuis une heure insultez cette femme , Vous qui la connaissez et qui d ' un air moqueur La désignez du doigt en la nommant infâme .Serait - ce que sa peau n ' a plus cette blancheur , Ses cheveux ce parfum , ses regards cette flamme , Qui vous faisaient jadis avec autant d ' ardeur Vanter à tout passant les trésors de son âme ? Mais cette femme enceinte aux longs traits amaigris , Dont le front est déjà couvert de cheveux gris , Cette femme à l ' oeil cave , à la gorge pendante , C ' est vous qui , le premier , pour un peu de plaisir , Avez dans une nuit souillé son avenir : Cette femme , Monsieur , elle fut votre amante .LA TOMBE .",
                  "id": "19",
                  "title": "Roses & soucis : poésies / par Casimir Faucompré,..."
            },
            {
                  "doc_url": "https://gallica.bnf.fr/ark:/12148/bpt6k1415481s",
                  "emotions": [
                        "grief",
                        "disgust",
                        "fear",
                        "disapproval",
                        "love",
                        "nervousness",
                        "embarrassment"
                  ],
                  "excerpt": "Se souvient - elle seulement de mon nom ? Voudrait - elle me reconnaître si je la saluais dans la rue , si nous nous heurtions durant un enlr ’ acte de première ? Ne hausserait - elle pas les épaules , ne se moquerait - elle pas de moi si , même avec des phrases de fièvre , des regards de prière qui essayeraient de l ’ émouvoir , je lui disais que je n ’ ai pas cessé de la regretter , de l ’ évoquer , que je l ' adore , que je ne me consolerai jamais de l ’ avoir perdue ? C ’ est tellement loin déjà , ce rêve d ’ un soir d ’ automne , et ce fut si peu de chose ! Je ne sors plus .Je crains de la rencontrer , de la voir au bras de l ’ homme qu elle a choisi , qu elle aime ou qu ’ elle subit , qui possède sa bouche et ses cheveux , qui se grise de son odeur , qui me vole le corps délicieux où j ’ eusse voulu enclore toute mon âme .O le supplice de me trouver près d ’ eux , soit au restaurant , soit au théâtre , de les entendre se tutoyer , se parler soudain à voix basse , les yeux troubles , les narines vibrantes , comme lorsqu ’ une idée folle vous a passé par la tête , puis éclater de rire , de sentir qu ’ il leur tarde d ’ être seuls , que leurs genoux se touchent et s ’ éperonnent , que leur nuit ne sera qu ’ une longue et folle étreinte ! Ne foncerais - je pas alors sur le couple de volupté comme une bête furieuse ? Ne crierais - je pas comme un fou : « Au voleur ! » Ne m ’ acharnerais - je pas , malgré les bras qui vous enveloppent , qui vous brutalisent traîtreusement , a les séparer de mes doigts raidis ? Je ne reçois personne .",
                  "id": "20",
                  "title": "L'Inconstant, confessions d'un amant / René Maizeroy"
            }
      ]
}