{
      "articles": [
            {
                  "doc_url": "https://gallica.bnf.fr/ark:/12148/bpt6k146467r",
                  "emotions": [
                        "love",
                        "nostalgia",
                        "calmness"
                  ],
                  "excerpt": "Je commençais à voir sans émotion et à entendre lingue du monde extérieur que peu à peu en exécutant des mouvements mouvements rencontrant des résistances .sans d ouble , lorsqu ' un air léger dont je sentis la fraîcheur , m ' apporta des parfums qui me causèrent un épanouissement intime , et me donnèrent un sentiment d ' amour pour moi - même .Agité par toutes ces sensations , pressé par les plaisirs d ' une si belle et si grande existence , je me levai tout d ' un coup , et je me sentis transporté par une force inconnue .",
                  "id": "1",
                  "title": "Morceaux choisis (Nouvelle éd.) / Buffon"
            },
            {
                  "doc_url": "https://gallica.bnf.fr/ark:/12148/bpt6k5626175x",
                  "emotions": [
                        "love",
                        "caring"
                  ],
                  "excerpt": "Cependant il ne rêvait pas une femme impossible .Aimer comme une plante jette ses parfums sur la main qui la brise est dans la nature de plusieurs femmes : et il est peut - être accordé à celles qui n ' exigent rien de recueillir quelque chose .Mais madame de Termes n ' était pas faite ainsi : elle était fière et sans merci .",
                  "id": "2",
                  "title": "Vanité, ou l'Amour dans un salon, par Henri Spiegel. Tome 1"
            },
            {
                  "doc_url": "https://gallica.bnf.fr/ark:/12148/bpt6k8882550",
                  "emotions": [
                        "joy",
                        "love",
                        "optimism",
                        "nostalgia",
                        "excitement",
                        "pride"
                  ],
                  "excerpt": "L ’ aspect de son pied nu que des oignons déformaient , de sa poitrine velue , de sa ma m sillonnée de veines gonflées , au pouce énorme et pendant , la bouleversait autant que la pire obscénité .Son odeur lui faisait lever le cœur .A son contact elle défaillait de dégoût comme si un crapaud l ’ eût effleurée .",
                  "id": "3",
                  "title": "L'Instinct d'amour / Joanny Roux,..."
            },
            {
                  "doc_url": "https://gallica.bnf.fr/ark:/12148/bpt6k73607162",
                  "emotions": [
                        "admiration",
                        "joy",
                        "love",
                        "gratitude",
                        "envy"
                  ],
                  "excerpt": "Mais il est si doux d ' aimer en silence , de suivre partout celle qu ' a révé le cœur , d ' en faire son culte , son idole , de marcher sur la teire qu ' elle a foulée de son pied , de sentir en passant près d ' elle l ' odeur céleste qui s ' exhale de son ttre .Ah 1 Signora , cette jouissance est la plus pure , la plus vraie t mais aussi elle accable , elle tue , le parfum de son amour est à celui qu ' il enivre , ce qu ' est l ' odeur du lys à l ' insecte des cieux .D .",
                  "id": "4",
                  "title": "La Vérité : feuille théâtrale, littéraire et commerciale [\"puis\" journal politique, industriel et littéraire]"
            },
            {
                  "doc_url": "https://gallica.bnf.fr/ark:/12148/bpt6k47659335",
                  "emotions": [
                        "admiration",
                        "love"
                  ],
                  "excerpt": "— Assurément ! Le poète qui a écrit ce vers , trois cents ans avant la naissance de Gérard d ' Houville , aurait pu l ' appliquer à son ancêtre poétique , à cette gracieuse M arie de France dont le Lai du chèvrefeuille embaume le printemps de la poésie française .La rose que Marie de Régnier tient en sa main embaume toute la littérature féminine de son temps .Est - on jamais las de respirer une rose ? .",
                  "id": "5",
                  "title": "La Vie latine : organe officiel du Bureau permanent de la presse latine d'Europe et d'Amérique : revue mensuelle"
            },
            {
                  "doc_url": "https://gallica.bnf.fr/ark:/12148/bpt6k5407818k",
                  "emotions": [
                        "love",
                        "nostalgia",
                        "gratitude",
                        "faith"
                  ],
                  "excerpt": ", mon coeur s ' enir ' ouvre , et mon espoir se dore .Au souffle de la brise , au parfum de l ' aurore , Laissez - moi m ' inonder de lumière et d ' encens : Mon amour idéal a - t - il rien qui vous blesse ! Ave ^ - vous deviné qu ' au fond de son ivresse Le poète inconnu pleure à travers ses chants \" ! Mon regard s ' est fondu sous ton regard de femme .La vision céleste est restée en mon âme .",
                  "id": "6",
                  "title": "Nid d'alcyon : poésies / V. B[outon]"
            },
            {
                  "doc_url": "https://gallica.bnf.fr/ark:/12148/bpt6k5407818k",
                  "emotions": [
                        "joy",
                        "grief",
                        "sadness",
                        "love",
                        "gratitude"
                  ],
                  "excerpt": "Cygne , laisse ton hymne au souffle du çéphire , Au flot qui murmure et soupire Et caresse les bords de ton calme séjour ; Au dernier .rayon d ' or qui dans tes yeux expire , Pleurant le soir de ce beau jour , Laisse au parfum du soir que la terre respire Prolonger ton beau chant d ' amour .r55 LA FEMME .",
                  "id": "7",
                  "title": "Nid d'alcyon : poésies / V. B[outon]"
            },
            {
                  "doc_url": "https://gallica.bnf.fr/ark:/12148/bpt6k5407818k",
                  "emotions": [
                        "love"
                  ],
                  "excerpt": "« Chante ^ aussi Vaurore , à l ' aurore immortelles ! < ( Sur la rose et le lys berce ^ vos frais soupirs , « Brises ! laisse ^ flotter vos douces ailes « Sur la rosée en pleurs ; revenez toutes belles « De parfums dérobés , et riches de saphirs .« Vene \\ voir sommeiller la beauté que j ' adore ; « Murmure ^ au bord du ruisseau ; « Mêle \\ votre parfum au baiser de l ' aurore ; ( i Balancez - le sur elle ; enivre ^ son berceau .« Vene ^ l sur son beau front , faites pencher lés roses « Sous votre haleine écloses ; « Faites - lui respirer leur vie et leur beauté : « Mais .",
                  "id": "8",
                  "title": "Nid d'alcyon : poésies / V. B[outon]"
            },
            {
                  "doc_url": "https://gallica.bnf.fr/ark:/12148/bpt6k5407818k",
                  "emotions": [
                        "love",
                        "gratitude"
                  ],
                  "excerpt": "Tout vous sourit .Une brise légère Autour de vous berce ses plus doux sons , Pour embaumer , gentille passagère , — 148 — Votre flottille amante des chansons .Vogueç ! vogue ^ l ' sur ces ondes fidèles , Où les soupirs trop tôt meurent toujours ; .",
                  "id": "9",
                  "title": "Nid d'alcyon : poésies / V. B[outon]"
            },
            {
                  "doc_url": "https://gallica.bnf.fr/ark:/12148/bpt6k5407818k",
                  "emotions": [
                        "joy",
                        "love",
                        "nostalgia",
                        "gratitude",
                        "faith"
                  ],
                  "excerpt": "Rafraîchis ma pensée , ô secret ineffable ; Murmure dans mon coeur tes plus brillants accords ; Jaillisse ^ de mon sein en source intarissable , Hymnes autour de moi flottants , divins transports 1 .Brises , rayons , parfums , accompagne ^ ma lyre , — 5i — , Qu ' elle soit éclatante ou sombre , en son délire ; Que mon âme aujourd ' hui , rayon déchu des deux , Que mon âme sonore , au chant doux et sublime , Lentement d ' un amour chaste et pur se ranime Comme un cygne prélude à l ' heure des adieux .Sous mes pleurs , Vois ces fleurs , Ces roses d ' espérance ; Sur elles , en silence , Mon coeur veille et s ' endort ; Doux trésor .",
                  "id": "10",
                  "title": "Nid d'alcyon : poésies / V. B[outon]"
            },
            {
                  "doc_url": "https://gallica.bnf.fr/ark:/12148/bpt6k5407818k",
                  "emotions": [
                        "joy",
                        "love",
                        "optimism",
                        "nostalgia",
                        "gratitude",
                        "calmness",
                        "amusement"
                  ],
                  "excerpt": "Dans l ' ombre de mes jours où je vais solitaire , Inquiet et rêvetfr , je garde un doux mystère Que nul oeil indiscret n ' a jamais soulevé : C ' est votre nom chéri ! Ma bouche le murmure Dans le soupir d ' amour où mon âme s ' épure ; Il est tout ce que j ' ai rêvé .Joie intime ! parfois de ma lèvre muette Ce doux nom de bonheur , ce secret de poète Dans les replis brillants d ' un sourire \" envolé , — Frais comme les parfums des lïlas et des roses , Pur comme les chansons sous la feuillée écloses , — > S ' échappe harmonieux en silence exhalé .i Pourquoi me ravis - tu , doux nom ? Pourquoi je t ' aime , Hymne qui chante en moi , solennel et suprême ? D ' où vient que je respire un si suave accord ? Pourquoi j ' éprouve un charme au trouble qui m ' agite ? Pourquoi mon sein frémit ? Pourquoi mon coeur palpite ? — Je cède à ce divin transport ! J ' aime les blonds cheveux de ta tête charmante ; Ton regard , ce reflet de là pensée aimante ; Je t ' aime , belle enfant , pour ta chaste beauté ! Je voudrais , ma Psyché , des lèvres immortelles Pour effleurer ton front : La pudeur a des ailes Où se berce la volupté .",
                  "id": "11",
                  "title": "Nid d'alcyon : poésies / V. B[outon]"
            },
            {
                  "doc_url": "https://gallica.bnf.fr/ark:/12148/bpt6k5407818k",
                  "emotions": [
                        "admiration",
                        "love",
                        "nostalgia",
                        "relief",
                        "gratitude",
                        "calmness"
                  ],
                  "excerpt": "L ' air de la liberté m ' arrive de la plage ; Ah ! la Grèce déjà blanchit à l ' horizon .Noble terre , salut ! Côtoyant ton rivage , Dans un élan d ' amour , dans un calme abandon , Nous allons visiter tes îles parfumées Comme un bouquet de fleurs dont les mers sont semées .La file de Corinthe est déjà loin de nous : — I3I — Sous la vague moelleuse et son roulis si doux Corcyre a fui .",
                  "id": "12",
                  "title": "Nid d'alcyon : poésies / V. B[outon]"
            },
            {
                  "doc_url": "https://gallica.bnf.fr/ark:/12148/bpt6k5407818k",
                  "emotions": [
                        "love",
                        "nostalgia",
                        "relief",
                        "gratitude"
                  ],
                  "excerpt": "Là , du moins , je repose en mes songes de joie .Peut - être , au frôlement de tarobe de soie , Empreint de tes parfums où vibre tant d ' amour , Je ne frémirai plus demain ..",
                  "id": "13",
                  "title": "Nid d'alcyon : poésies / V. B[outon]"
            },
            {
                  "doc_url": "https://gallica.bnf.fr/ark:/12148/bpt6k5446197k",
                  "emotions": [
                        "anger",
                        "love",
                        "excitement",
                        "doubt",
                        "guilt"
                  ],
                  "excerpt": ".Lorsque vous m ' appeliez le matin près de votre lit , exhalant autour de vous un parfum de passion qui me consumait , comment ai - je pu me contenir , refouler au fond de mon coeur ces aveux qui en jaillissent aujourd ' hui ? — Oh ! répondit froidement Janned , parce que vous saviez qu ' à la première impertinence , je vous aurai chassé , oui , chassé , comme un chien ! EN PLEIN AMOUR 79 — Chassé ! comme un chien ! ..",
                  "id": "14",
                  "title": "En plein amour : roman / René Émery"
            },
            {
                  "doc_url": "https://gallica.bnf.fr/ark:/12148/bpt6k5446197k",
                  "emotions": [
                        "love",
                        "nostalgia"
                  ],
                  "excerpt": "Une pudeur le prit de la posséder ainsi , en pleine lumière , sur la côte découverte ; il craignait d ' être surpris par quelque arrivant dans l ' assouvissement de son impétueuse passion .Donc il saisit Janned dans ses bras , comme un petit enfant , et tout en couvrant de baisers la chevelure dont les relents aiguisaient encore ses fou _ 32 EN PLEIN AMOUH gues , il courut , avec son doux fardeau , alla se réfugier dans son nid , abrité par les roches discrètes .Avec d ' infinies précautions , sur le lit de varechs et de goémons , il étendit le corps frémissant de l ' adorée .",
                  "id": "15",
                  "title": "En plein amour : roman / René Émery"
            },
            {
                  "doc_url": "https://gallica.bnf.fr/ark:/12148/bpt6k5720806g",
                  "emotions": [
                        "surprise",
                        "grief",
                        "love",
                        "desire",
                        "nostalgia",
                        "excitement"
                  ],
                  "excerpt": ".Depuis un instant Qu ' elle a fui là - bas , je la cherche , avide ; Mon coeur est gonflé ; la nalure est vide : Je ne savais pas que je l ' aimais tant ! Hier j ' adorais la forêt sonore , Les parfums de l ' air , le choeur des oiseaux , La source jasant parmi les roseaux , Le tableau des champs qu ' un rayon colore ! — Elle n ' est plus là , ..",
                  "id": "16",
                  "title": "Matin du coeur : poésies / Henri Taupin"
            },
            {
                  "doc_url": "https://gallica.bnf.fr/ark:/12148/bpt6k5720806g",
                  "emotions": [
                        "admiration",
                        "love",
                        "nostalgia",
                        "gratitude"
                  ],
                  "excerpt": "Murger me conduisait , me tenant par la main , Dans ce mon 1 ' effacé , délicieux poCmc , Où l ' art pauvre chantait , raillant le lendemain .O fronts où la galté posait son diadème ! O les charmantes fleurs embaumant le chemin : Muselle , revenant toujours nu nid qu ' elle aime , Et la douce Mimi , frêle el pâle jasmin ! On travaillait un peu , pour fêler les dimanches , ..",
                  "id": "17",
                  "title": "Matin du coeur : poésies / Henri Taupin"
            },
            {
                  "doc_url": "https://gallica.bnf.fr/ark:/12148/bpt6k9816722w",
                  "emotions": [
                        "love",
                        "excitement"
                  ],
                  "excerpt": "La valériane officinale , ou valériane des bois , à racines vivaces et tracantes , croît abondamment dans ' les bois humides ; tous les bestiaux l ' aiment avec passion , quoiqu ' elle les purge ; elle est recherchée pour ses vertus médicinales .La valériane dioïque , aussiaracines vivaces , se trouve dans les marais ; ses racines sont odorantes , et tous les bestiaux recherchent ses feuilles avec passion .VALLÉE .",
                  "id": "18",
                  "title": "Dictionnaire usuel d'agriculture pratique : guide des agriculteurs, laboureurs, propriétaires, fermiers et métayers... / par M. D.....,..."
            },
            {
                  "doc_url": "https://gallica.bnf.fr/ark:/12148/bpt6k1411157v",
                  "emotions": [
                        "love"
                  ],
                  "excerpt": "COLD CREAM .Huile d ’ amandes douces Rlanc de baleine Eau de rose Cire blanche Eau de Cologne Teinture de benjoin EAU DE MILLE - FLEURS ( supérieure ) .Alcool 9 litres .",
                  "id": "19",
                  "title": "Guide théorique et pratique du coiffeur et du parfumeur... par Gustave Lahaut... Nouvelle édition"
            },
            {
                  "doc_url": "https://gallica.bnf.fr/ark:/12148/bpt6k6386194d",
                  "emotions": [
                        "love",
                        "relief",
                        "calmness"
                  ],
                  "excerpt": "Adam fut le premier Prudhomme du monde , peut - être parce qu ' il était le premier homme , et jusqu ' au jugement dernier régneront sur la terre Prudhomme et sa famille .Taxile s ' en allait donc le cœur réconfortéIl entrevoyait sa chambrette toute parfumée de l ' amour charmant et virginal de Rosinette .Le parallélisme dans la vie de deux êtres destinés à s ' aimer est un fait trè ^ - fréquent , mais qui passe souvent inaperçu .",
                  "id": "20",
                  "title": "La chaîne parisienne (nouvelles) / Victor Azam ; avec une photographie de Pierre Petit d'après Henry Fusino"
            }
      ]
}