{
      "articles": [
            {
                  "doc_url": "https://gallica.bnf.fr/ark:/12148/bpt6k5470454t",
                  "emotions": [
                        "love",
                        "pride"
                  ],
                  "excerpt": "J ' étais averti de son approche , et avant de la voir un vague désir me brûlait .Et sa voix pénétrantel elle était à elle , rien qu ' à elle , comme un parfum exclusif est à la fleur .Si je la quittais , je rêvais à elle tout le jour , je cachais , le soir , son souvenir sous la cendre ; elle accourait à mon réveil .",
                  "id": "1",
                  "title": "Oeuvres complètes de Henri de Latouche. , Grangeneuve / par H. de Latouche"
            },
            {
                  "doc_url": "https://gallica.bnf.fr/ark:/12148/bpt6k6436343n",
                  "emotions": [
                        "love",
                        "calmness"
                  ],
                  "excerpt": "Ils insultaient le ciel , défiaient le trépas , Car le roi des enfers présidait le repas .Leur tête reposait parfumée et poudrée Mollement sur le cou de la - femme adorée .C ' étaient des vins exquis et des femmes d ' amour , , .",
                  "id": "2",
                  "title": "La tragédie du monde / par Louis de Léon"
            },
            {
                  "doc_url": "https://gallica.bnf.fr/ark:/12148/bpt6k54577888",
                  "emotions": [
                        "sadness",
                        "love",
                        "desire",
                        "nostalgia",
                        "envy",
                        "disappointment"
                  ],
                  "excerpt": "ALEXANDRE DUCROS .Pour les désirs inapaisés , Dorât écrivit les Baisers , Avec les rimes charmeresses ; Et , moi , respirant les parfums De mes désirs , hélas , défunts , Je bats le rappel des Caresses ! A .D .",
                  "id": "3",
                  "title": "Caresses d'antan, 1847-1896..."
            },
            {
                  "doc_url": "https://gallica.bnf.fr/ark:/12148/bpt6k5565067k",
                  "emotions": [
                        "love"
                  ],
                  "excerpt": "Hugo mené bien au vert ce Pégase du délire poétique .Quels sons , quels parfums , quels caprices , quelles fantaisies clans ces heures données à la nature et aux émotions d ' amour ! Dans l ' ode superbe adressée au Cheval à la fin du volume , le poêle renvoie le monstre à l ' abîme , à l ' idéal .C ' est là que M .",
                  "id": "4",
                  "title": "Bonds, ruades et chute du Cheval-Prodige (Quadrupède de l'Infini) monté par le grand poète des Chansons des rues et des bois / par un Frelon"
            },
            {
                  "doc_url": "https://gallica.bnf.fr/ark:/12148/bpt6k71114m",
                  "emotions": [
                        "love",
                        "pain"
                  ],
                  "excerpt": "Veulent - ils lire ? On voit se hausser la chandelle Qui revient , si plus tard on n ' a plus besoin d ' elle .Et tandis que Léandre a gâté son pourpoint Et que le vieux barbon , meurtri de coups de poing Est rossé par le diable et par son domestique , Les amoureux ravis au pays fantastique S ' enivrent dans les bois des senteurs du printems , Et tout leur réussit parce qu ' ils ont vingt ans LE LUTIN .Grâce à la Fée , un jour , après tous ces longs jeûnes , Les voilà mariés ! ils sont beaux , ils sont jeunes ! Sous un soleil tournant qui brille à ciel ouvert , Dans un palais orné de paillon rouge et vert On les unit , et l ' air , rempli d ' apothéoses , Se teint de fleur de soufre et d ' azur et de rosés LE COMÉDIEN BOUFFON .",
                  "id": "5",
                  "title": "Odes funambulesques / [par Théodore de Banville] ; avec un front. gravé à l'eau-forte par Bracquemond ; d'après un dessin de Charles Voillemot"
            },
            {
                  "doc_url": "https://gallica.bnf.fr/ark:/12148/bpt6k1269809k",
                  "emotions": [
                        "love"
                  ],
                  "excerpt": "Mais lui ne got ' dtlit pas ces volages ptaisirs , il n ' allait point , aidé du souille dos zépliirs , ainsi que des rideaux eutr ' ouvrir les pétales des élégantes qui se < ' actn ' u ) aux d < ' sirs , timides co muettes \\ / us Lilles .6 C ' est qu ' il aimait , et lorsqu ' on aime on ne veut plus de ces jeux passagers : ses voeux irrésolus montaient , vapeur d ' encens , à la fleur parfumée , mais le vent dispersait aux rameaux chevelus les lambeaux de cette fumée .En amant trop discret , il craignait de poser sur le sein pur du lys un avide baiser : perdu dans sa pensée et Vivant de son rêve , des regards étaient tout ce qu ' il voulait o ' ser , confidence douce , mais brève ! Or un j ' Our soit qu ' il eût compris ce vœu secret , ou que soufflât le vent d ' un amoureux regret , le lys au col de cygne arqua sa tige fière , comme auprès d ' une amante on s ' agenouillerait , offrant sa coupe hospitalière .",
                  "id": "6",
                  "title": "Les cadences du rêve / Jean-Louis Fouché ; préface de M. Émile Faguet,..."
            },
            {
                  "doc_url": "https://gallica.bnf.fr/ark:/12148/bpt6k1269809k",
                  "emotions": [
                        "love"
                  ],
                  "excerpt": "PIZZICATO LE HAISE ! { Le premier baiser ( f ' uae femme doit être bien doux ; c ' est le premier aveu d ' une Ame qui vient à vous .Le baiso ' , c ' est la senteur ( ' o ) tn , le parfum du cœur .Mais quand se fane la cot ' oi ] ) ' s ' en va rôdeur .",
                  "id": "7",
                  "title": "Les cadences du rêve / Jean-Louis Fouché ; préface de M. Émile Faguet,..."
            },
            {
                  "doc_url": "https://gallica.bnf.fr/ark:/12148/bpt6k1269809k",
                  "emotions": [
                        "love",
                        "desire",
                        "nostalgia",
                        "envy",
                        "frustration",
                        "disappointment"
                  ],
                  "excerpt": ".J ' aurais voulu les effeuiller , les roses , et baiser chaque brin cueilli dans sa pensée : il a fallu me contenter du parfum de l ' amour , et point ne veux le regretter .Le parfum me grisait comme une vapeur lente que je sentais monter à mon cerveau de fou et je ne cherchais pas si c ' était mon amante : * elle passait - et je révais et c ' était tout .",
                  "id": "8",
                  "title": "Les cadences du rêve / Jean-Louis Fouché ; préface de M. Émile Faguet,..."
            },
            {
                  "doc_url": "https://gallica.bnf.fr/ark:/12148/bpt6k1269809k",
                  "emotions": [
                        "love",
                        "pride",
                        "doubt",
                        "embarrassment"
                  ],
                  "excerpt": "J ' aurais voulu les effeuiller , les roses , et baiser chaque brin cueilli dans sa pensée : il a fallu me contenter du parfum de l ' amour , et point ne veux le regretter .Le parfum me grisait comme une vapeur lente que je sentais monter à mon cerveau de fou et je ne cherchais pas si c ' était mon amante : * elle passait - et je révais et c ' était tout .Parfois son geste insouciant s ' arrêtait devant moi , c ' était une caresse lointaine , comme en a le poète en tristesse , dans les soirs glacés et silents , de la lune endormie échevelant ses tresses .",
                  "id": "9",
                  "title": "Les cadences du rêve / Jean-Louis Fouché ; préface de M. Émile Faguet,..."
            },
            {
                  "doc_url": "https://gallica.bnf.fr/ark:/12148/bpt6k6143046g",
                  "emotions": [
                        "love",
                        "desire",
                        "gratitude",
                        "approval"
                  ],
                  "excerpt": ") CRÉPU , conduisant Mme Dalimbert à gauche .Je suis à vous , belle daine ! le tems de m ' adoniser et de me parfumer ..",
                  "id": "10",
                  "title": "La liste des notables : comédie en deux actes, mêlée de couplets / par MM. Dupeuty et Alexis de Comberousse"
            },
            {
                  "doc_url": "https://gallica.bnf.fr/ark:/12148/bpt6k5568667k",
                  "emotions": [
                        "love",
                        "relief",
                        "calmness"
                  ],
                  "excerpt": "Malheur à celui que ses attiwits séduiraient ; mieux vaudrait pour lui que la panthère le dévore , que le boa l ' enserre 127 L AMI DISPARU — ETUDE dans ses anneaux , que les sinistres oiseaux de nuit lui rongent le coeur .Cependant tout est calme dans l ' air embaumé ; les chants s ' éteignent , l ' astre des nuits est vainqueur ; mais là - bas , à l ' horizon , les rayons mourants ètreignent les sommets d ' un suprême baiser .On ne sait vraiment ce qu ' il faut le plus admirer dans ce petit chef - d ' oeuvre littéraire , du coloris de la forme ou de la poésie du tableau , 62 .",
                  "id": "11",
                  "title": "L'ami disparu : contribution théorique et pratique à la preuve de l'identité des esprits / Jules Thiébault"
            },
            {
                  "doc_url": "https://gallica.bnf.fr/ark:/12148/bpt6k54581198",
                  "emotions": [
                        "joy",
                        "love"
                  ],
                  "excerpt": "» Puis , déployant son aile aux blancheurs éclatantes , Il s ' envola parmi les étoiles tremblantes .Dans l ' alcôve royale , où se fane un grand lis , 6 62 L ' Amour vainqueur Parmi les doux parfums d ' ambre et d ' amaryllis , Une reine , en son lit , les paupières mi - closes , Sommeille , et sur sa lèvre aux veloutés de roses , Un sourire voltige et meurt mystérieux .Cupidon la contemple , un instant , radieux , Et touchant de ses doigts sa poitrine de neige : « Que me veux - tu , fit - il , parle , je te protège .",
                  "id": "12",
                  "title": "Théâtre de François Coppée,... / tailles-douces, par Paul Pinasseau ; Avec une préface de Henry Mériot"
            },
            {
                  "doc_url": "https://gallica.bnf.fr/ark:/12148/bpt6k54581198",
                  "emotions": [
                        "admiration",
                        "love",
                        "pride"
                  ],
                  "excerpt": "D ' abord , il se dirige où conduit la première Des voix , vers un boudoir inondé de lumière .L ' Amour vainqueur 61 Là , sur d ' épais coussins disposés avec art , Dans un luxe inouï de velours , de brocart , Dans un flot parfumé de neigeuse dentelle , Une femme rêvait , merveilleusement belle .C ' était une courtisane au coeur vide et sec , Où rien ne vibrait plus — pareil au vieux rebec Que l ' artiste a cloué , fêlé , sur la muraille — Cupidon , écartant des coffrets en rocaille , S ' approcha : — Dieu d ' Amour , Dieu maître de mon sort , Dit la belle aussitôt , donne - moi beaucoup d ' or ! .",
                  "id": "13",
                  "title": "Théâtre de François Coppée,... / tailles-douces, par Paul Pinasseau ; Avec une préface de Henry Mériot"
            },
            {
                  "doc_url": "https://gallica.bnf.fr/ark:/12148/bpt6k54061502",
                  "emotions": [
                        "admiration",
                        "love",
                        "pride",
                        "gratitude",
                        "doubt",
                        "faith"
                  ],
                  "excerpt": "Croissant dans lès jardins .du céleste séjouï ? ^ ; r C ' est en vous que le ; Ciel à toute heure dépose Des parfums de vertu , des couronnes d ' amour - 250 PRIÈRES C ' est vous , au mois de mai , qui parez les campagnes De cette longue robe aux cent mille couleurs , Et qui faites germer aux pentes des montagnes Les tapis de verdure et les bouquets de fleurs .Le lis des champs vous doit sa beauté toute blanche , Et vous donnez aussi son odeur au jasmin ; Et votre sein , Marie , au point du jour épanche La paix sur le hameau , la paix sur le chemin .",
                  "id": "14",
                  "title": "Prières et souvenirs / par Alexandre Couvez"
            },
            {
                  "doc_url": "https://gallica.bnf.fr/ark:/12148/bpt6k54061502",
                  "emotions": [
                        "love",
                        "excitement",
                        "gratitude"
                  ],
                  "excerpt": "( n odoiem ungucnloram tiiorura currcmus : adblesccnt ' ulac diloxeruni le niinis .Nous courrons à l ' odeur de vos parfums : les ieuries filles tous aiment avec passion ïc ; fflfist - ingsiçrffusç .Tous êtes : , ; .",
                  "id": "15",
                  "title": "Prières et souvenirs / par Alexandre Couvez"
            },
            {
                  "doc_url": "https://gallica.bnf.fr/ark:/12148/bpt6k9397867",
                  "emotions": [
                        "love"
                  ],
                  "excerpt": "Andrzeiouskii ( 681 ) .Folioles chargées en dessous de glandes odorantes .Folioles dépourvues de glandes ou n ’ en ayant que sur les nervures principales Pédoncules lisses Pédoncules hispides - glanduleux Sépales tombant avant la maturité du fruit .",
                  "id": "16",
                  "title": "Botannique élémentaire, descriptive et usuelle : étude des fleurs (4e édition, entièrement revue et... augmentée) / par l'abbé Cariot,..."
            },
            {
                  "doc_url": "https://gallica.bnf.fr/ark:/12148/bpt6k9397867",
                  "emotions": [
                        "love"
                  ],
                  "excerpt": "Agrimonia .Feuilles couvertes en dessous de glandes odorantes .À .",
                  "id": "17",
                  "title": "Botannique élémentaire, descriptive et usuelle : étude des fleurs (4e édition, entièrement revue et... augmentée) / par l'abbé Cariot,..."
            },
            {
                  "doc_url": "https://gallica.bnf.fr/ark:/12148/bpt6k55085917",
                  "emotions": [
                        "love",
                        "nostalgia"
                  ],
                  "excerpt": "Il ne se trompait pas .Le lendemain , on lui remit une petite lettre parfumée : elle était de miss C * * * .Elle le remerciait de son joli cadeau , et l ' assurait qu ' à la première occasion elle s ' en parerait sur la scène , pour lui montrer tout le cas qu ' elle en faisait .",
                  "id": "18",
                  "title": "Mémoires d'un médecin. Tome 1 / par le Dr Harisson [\"sic\"],... ; traduits de l'anglais sur la 3e édition..."
            },
            {
                  "doc_url": "https://gallica.bnf.fr/ark:/12148/bpt6k10305066",
                  "emotions": [
                        "grief",
                        "love",
                        "desire",
                        "doubt"
                  ],
                  "excerpt": "Il y en a de blanches , elles sont douces et parfumées ; il y en a de rouges qu ’ on dirait trempées dans du sang ! Puis , autour de celles - là , il y en a de plus petites , des bleues , des roses , des grises — oui , il y en a de grises ! Elles sont nées un matin de novembre et ne veulent point mourir .Pourquoi , ma mie , ne veulent - elles point mourir , les grises ? J ’ ai , dans mon cœur , la fleur d ’ amour dont le parfum ne s ’ envole jamais ; j ’ r .i la fleur de haine aux senteurs pénétrantes , la fleur de joie , puis , la fleur de fidélité , la plus belle de toutes ! Comme elles sont belles , n ' est - ce pas ? Ah ! ai tu savais combien je les ai soignées ! Je les ai , chaque jour , arrosées de mes larmes , et c ’ est pour cela que j ’ y tiens .",
                  "id": "19",
                  "title": "La Revue internationale : littéraire, financière, artistique, agricole"
            },
            {
                  "doc_url": "https://gallica.bnf.fr/ark:/12148/bpt6k91255w",
                  "emotions": [
                        "trust",
                        "love",
                        "caring"
                  ],
                  "excerpt": "Je montai chez la fille , j ' en jure bien , sans projet coupable .J ' aimais , de tout mon cœur , ma femme , et , loin d ' être capable de la trahir pour aucune autre , j ' aurais certainement accompli à ses pieds toutes les heures de mon existence , si des effluves perpétuels , si des attractions magnétiques ne m ' eussent sans trêve arraché à moi - même , et conduit au dehors , vers des destinations ignorées , involontaires .Laura , je présume , prévenue par l ' effet qu ' elle avait ( sans en démêler la vraie cause ) exercé sur moi durant cette nuit de bal à l ' Opéra , devait me considérer comme une proie facile .",
                  "id": "20",
                  "title": "L'inconnu / Paul Hervieu"
            }
      ]
}