{
      "articles": [
            {
                  "doc_url": "https://gallica.bnf.fr/ark:/12148/bpt6k9629343d",
                  "emotions": [
                        "love"
                  ],
                  "excerpt": "— Il ne faut pas confondre la vomique avec l ' expectoration purulente ou puriforme : 10 De la dilatation des bronches .qui s ' en distingue par son odeur fade et doucereuse , comparée à celle du plàtre mouillé , par son aspect spumeux , et souvent par les signes stéthoscopiques particuliers il cette affection : 2 ° Des cavernes pulmonaires tuberculeuses : se baser aussi sur les signes stéthoscopiques et leur prédominance au sommet ; 3 ° Des abcès rétropharyngiens ou amygdaliens : en rechercher les signes locaux .b .",
                  "id": "1",
                  "title": "Précis de pathologie interne, par F.-J. Collet,... avec préface de M. le professeur Lépine,.... Tome 2"
            },
            {
                  "doc_url": "https://gallica.bnf.fr/ark:/12148/bpt6k99823v",
                  "emotions": [
                        "love",
                        "caring"
                  ],
                  "excerpt": "En attendant , puisqu ' elle était faite pour aimer et être aimée , elle voulait aimer quelqu ' un digne d ' elle et s ' abandonner à cette joie de se sentir dans une atmosphère nouvelle , dans un monde di86rent de celui qu ' elle avait jusqu ' alors rencontré .C ' était moins l ' amant , si prévenant avec elle , plein de séduction et de mille petits dévouements , qui la touchait , c ' était moins Armand qu ' eue aimait que cette ' vie maintenant entrevue , grâce à lui cette vie de luxe , de fêtes , avec des parfums pénétrants et des frissons de soie , cette vie pour laquelle elle était née .Lorsqu ' elle était entrée chez le jeune homme pour la première fois , elle avait éprouvé une sensation étrange , quelque chose de caressant et do charmant , comme si , dans un théâtre , la toile se fût levée sur un décor qu ' elle eût déjà connu .",
                  "id": "2",
                  "title": "Le train 17 / Jules Claretie"
            },
            {
                  "doc_url": "https://gallica.bnf.fr/ark:/12148/bpt6k64993274",
                  "emotions": [
                        "surprise",
                        "love",
                        "nostalgia",
                        "excitement",
                        "relief",
                        "gratitude"
                  ],
                  "excerpt": "» Il disait ; et bientôt comme une jeune reine , Qui rougit de plaisir au nom de souveraine , Et fait à ses sujets un geste gracieux , Ou donne à leurs transports un regard de ses yeux , Éloa , soulevant le voile de sa tête , Avec un doux sourire à lui parler s ' apprête , Descend plus près de lui , se penche , et mollement Contemple avec orgueil son immortel amant .Son beau sein , comme un flot qui sur la rive expire , Pour la première fois se soulève et soupire ; Son bras , comme un lis blanc sur le lac suspendu , S ' approche sans effroi , lentement étendu ; Sa bouche parfumée en s ' ouvrant semble éclore , Comme la jeune rose aux faveurs de l ' aurore , Quand le matin lui verse une fraîche liqueur , Et qu ' un rayon du jour entre jusqu ' à son cœur .Elle parle , et sa voix dans un beau son rassemble Ce que les plus doux bruits auraient de grâce ensemble ; Et la lyre accordée aux flûtes dans les bois , Et l ' oiseau qui se plaint pour la première fois , Et la mer quand ses flots apportent sur la grève Les chants du soir aux pieds du voyageur qui rêve , Et le vent qui se joue aux cloches des hame - ux , Ou fait gémir les joncs de la fuite des eau : « Puisque vous êtes beau , vous êtes bon , sans doute ; Car , sitôt que des Cieux une âme prend la route , Comme un saint vêtement , nous voyons sa bonté Lui donner en entrant l ' éternelle beauté .",
                  "id": "3",
                  "title": "Oeuvres complètes de Alfred de Vigny. [I]"
            },
            {
                  "doc_url": "https://gallica.bnf.fr/ark:/12148/bpt6k58338206",
                  "emotions": [
                        "love",
                        "desire",
                        "nostalgia",
                        "greed"
                  ],
                  "excerpt": "Puis , comme elle ne trouve sans doute pas ce qu ' elle cherche , elle court le parterre aux grands coquelicots , les sentiers noirs d ' ombre , les clairières blanches de soleil .Elle cherche toujours , le nez au vent , saisissant le lointain et vague parfum d ' une fleur de tendresse qu ' elle ne peut cueillir .Positivement , je te l ' ai dit , Ninon , le vieux Château sent l ' amour , au milieu de ses arbres farouches .",
                  "id": "4",
                  "title": "Nouveaux contes à Ninon / Emile Zola"
            },
            {
                  "doc_url": "https://gallica.bnf.fr/ark:/12148/bpt6k5401462r",
                  "emotions": [
                        "love",
                        "nostalgia",
                        "amusement"
                  ],
                  "excerpt": "Pour la remercier de son article de la Semaine .Je veux te raconter un délicieux rêve : Une nuit , il me vint du beau pays natal , Apportant leur offrande à mon labeur sans trêve , Un tendre Rossignol , au gosier de cristal , Une Rose odorante , à la couleur vermeille , Un Miel suave et pur sous l ' aile d ' une abeille .En aspirant ta fleur , et le miel savoureux , Et le chant de l ' oiseau , combien j ' étais heureux ! Au réveil ] , le matin , je lisais la Semaine , .",
                  "id": "5",
                  "title": "Fables de P. Lachambeaudie... / précédées d'une lettre de Béranger ; illustrées d'après les dessins de d'Aubigny, Gérard-Séguin, Cabasson... [et al.]"
            },
            {
                  "doc_url": "https://gallica.bnf.fr/ark:/12148/bpt6k5401462r",
                  "emotions": [
                        "joy",
                        "love",
                        "optimism",
                        "calmness"
                  ],
                  "excerpt": ".Dans l ' atmosphère un arôme inconnu Du vrai bonheur communique l ' essence Et de l ' Amour signale la puissance .Qui doncisurvient ? .",
                  "id": "6",
                  "title": "Fables de P. Lachambeaudie... / précédées d'une lettre de Béranger ; illustrées d'après les dessins de d'Aubigny, Gérard-Séguin, Cabasson... [et al.]"
            },
            {
                  "doc_url": "https://gallica.bnf.fr/ark:/12148/bpt6k96068605",
                  "emotions": [
                        "love"
                  ],
                  "excerpt": "Les inspirations saccadées l ' attirent non seulement entre les lames des cornets et des volutes , mais encore dans les sinus : il s ' étend ainsi sur une très grande surface et porte , par conséquent , en même temps , un grand nombre de particules au contact de la pituitaire .Les émanations odorantes , pour impressionner la pituitaire , doivent pénétrer en notable proportion dans le nez .Celles qui y arrivent sans le secours de l ' inspiration ne peuvent ordinairement suffire .",
                  "id": "7",
                  "title": "Traité de physiologie comparée des animaux domestiques. Tome 1 / par G. Colin,..."
            },
            {
                  "doc_url": "https://gallica.bnf.fr/ark:/12148/bpt6k6546628h",
                  "emotions": [
                        "joy",
                        "love",
                        "optimism",
                        "desire",
                        "excitement",
                        "relief",
                        "gratitude"
                  ],
                  "excerpt": "Voici l ' Avril .Je m ' abandonne à ta brise enivrante Où flotte J ' espoir en parfum nouveau Et dans l ' extase où s ' endort mon cerveau Je veux savourer ta douceur présente .Voici l ' Avril .",
                  "id": "8",
                  "title": "La Brise : littérature, art, histoire / directeur Fernand Vialle"
            },
            {
                  "doc_url": "https://gallica.bnf.fr/ark:/12148/bpt6k63647022",
                  "emotions": [
                        "admiration",
                        "love",
                        "desire",
                        "excitement",
                        "envy",
                        "calmness",
                        "faith"
                  ],
                  "excerpt": "011 l miehanle , pourquoi avez - vous d ' auai jolis yeux y Pourquoi la nature vous a - t - elle donné ces deux prunelles éblouissantes , semblables à des fleurs , ayant un parfum diacrfl , inconnu de tous , apprécié seulement par moi y Combien je serais heureux si je pouvais baiser ces fleurs mignonnes 1 Mais non 1 J ' aurais trop peur de les fâner .Je veux me contenter de les admirer encore , toujours , et humer la nuit , dans mon rêve , leur parfum qui tWenivre .Oserais - je vous dire qu ' un soir , j ' ai pris , dans mon utale , Vos yeux pour deux lacs profonds , aux eaux charmeuses , sur lesquels passait comme deux cygnes aux ailes de la blancltewr de l ' hermine et pailletée d ' or , votre amour f HENRY MUSARLYS .",
                  "id": "9",
                  "title": "Le Bonnet phrygien. Sociologique, satirique et littéraire [\"puis\" Organe du Club social de l'Oranie ; Revue radicale socialiste]..."
            },
            {
                  "doc_url": "https://gallica.bnf.fr/ark:/12148/bpt6k9306504",
                  "emotions": [
                        "joy",
                        "love",
                        "optimism",
                        "desire",
                        "nostalgia"
                  ],
                  "excerpt": "Nous avons le temps pour tout , môme d ’ appeler dans le jardin de Dieu le rêve et le mystère tant chéris des jeunes filles du village .Vous savez que je prends plaisir verser sur leur sein et le parfum des fleurs , et la larme d ’ amour , et le secret de l ’ espérance .Ce n ’ est pas ma faute si je ne suis pas compris ; mes veilles attestent le soin que je mets à remplir ma douce mission .",
                  "id": "10",
                  "title": "Causeries champêtres : agriculture / par Pierre Bouilhac,..."
            },
            {
                  "doc_url": "https://gallica.bnf.fr/ark:/12148/bpt6k9306504",
                  "emotions": [
                        "love",
                        "desire"
                  ],
                  "excerpt": "Ma tâche de ce jour est remplie , mes amis ; sous peu , nous visiterons ensemble le champ , le bois , le vignoble et la prairie .Fleurs et moissons , parfums et bocages , vous serez toujours l ’ objet de mes rêveries ; le faste de l ’ opulence ne vous égale pas .Autrefois , revêtu d ’ une écharpe d ’ or , j ’ étais assiégé d ’ ennuis ; aujourd ’ hui , ma bêche et mon chalumeau font les délices de ma vie .",
                  "id": "11",
                  "title": "Causeries champêtres : agriculture / par Pierre Bouilhac,..."
            },
            {
                  "doc_url": "https://gallica.bnf.fr/ark:/12148/bpt6k9306504",
                  "emotions": [
                        "love",
                        "caring",
                        "indifference"
                  ],
                  "excerpt": "Sans doute , la terre a perdu sa riche parure ; un voile blanc s ’ étend dans le sillon et cache à la vue les trésors qu ’ il contient ; les feux du soleil réchauffent à peine les organes de la vie ; la sève , comprimée , est retenue dans des vases de glace , et avec elle la fleur et le fruit ; l ’ oiseau ne chante pas , il attend les jours du printemps pour préluder h ses tendres concerts ; 166 CAUSERIES CHAMPÊTRES .l ' homme seul reconnaît au mouvement de son cœur que l ' amour et l ’ amitié conservent toute la suavité de leurs parfums ; pour lui , la froidure du temps ne fait qu ’ en augmenter le charme .Divine amitié ! c ’ est toi que j ’ invoque aujourd ’ hui .",
                  "id": "12",
                  "title": "Causeries champêtres : agriculture / par Pierre Bouilhac,..."
            },
            {
                  "doc_url": "https://gallica.bnf.fr/ark:/12148/bpt6k9306504",
                  "emotions": [
                        "admiration",
                        "joy",
                        "love",
                        "pride",
                        "gratitude",
                        "faith"
                  ],
                  "excerpt": "Je vous quitte , mes amis , pour rentrer sous mon toit de chaume ; que d ’ autres recherchent les plaisirs dans les grandes cités , dans le tourbillon du monde , dans les fêtes nocturnes , dans le sourire de la beauté vénale , dans les théâtres , dans les concerts où mille voix répètent les accents de l ' amour et les chants de la gloire : pour moi , épris de solitude , le sommet de ma colline , le fond de mon bois , les feux de mon horizon , la paix de mon foyer , mon repas frugal , mon lit de mousse , mon champ , mon verger , enchaînent mon cœur et ma pensée , et font jaillir dans mon âme les joies les 295 CAUSERIES CHAMPÊTRES .plus douces et les plus pures ; quand l ’ amitié me visite , m ’ offrant ses parfums , je lis à sa sainte flamme les biens qu ’ elle récèle , les plaisirs qu ’ elle procure , et le bonheur qu ’ elle donne .Au revoir , mes amis .",
                  "id": "13",
                  "title": "Causeries champêtres : agriculture / par Pierre Bouilhac,..."
            },
            {
                  "doc_url": "https://gallica.bnf.fr/ark:/12148/bpt6k9738899q",
                  "emotions": [
                        "love",
                        "desire",
                        "nostalgia",
                        "envy"
                  ],
                  "excerpt": "La Pite d ' amandes amères est plus recherchée à cause de son odeur ; mais , à l ' odeur près , la douce est aussi bonne pour l ' usage auquel on la destine .La pite d ' amandes douces se parfume avec telle odeur que l ' on désire .Sur huit livres de pâte d ' amandes en poudre , dans laquelle il y aura deux livres de pâte d ' amandes amères , mettez deux ou trois onces d ' essence à Votre choix , pius ou moins , selon la force de votre essence ; broyez peu à peu dans un mortier pour écraser les grumeaux qui pourraient s ' y trouver , et tamisez ensuite .",
                  "id": "14",
                  "title": "Le Dictionnaire des ménages, ou Recueil de recettes et d'instructions pour l'économie domestique ,... ouvrage utile aux pères et mères de famille,... par M. Havet,...3e édition, corrigée très soigneusement et augmentée... par M. Stéph. Robinet,... et Madame Gacon-Dufour,..."
            },
            {
                  "doc_url": "https://gallica.bnf.fr/ark:/12148/bpt6k9617305t",
                  "emotions": [
                        "love"
                  ],
                  "excerpt": "« Hélas ! quand il atteint cette maturité de ; avoir choisir ses baisers , elles sont parties les ssetites jeunes et fraîches , dont le caprice est délicieux , car , à la naïveté et à toute la virginité île cœur des amours pures , elles joignent des icieijces et des coquetteries dont la complaisance fichante l ' homme sain , le sage .Roses écloses lu matin ( préférables au bouton orgueilleux et intact , comme à la fleur parfumée d ' essence , soutenue d ' acier et malgré tout découragée ) , les jeunes amantes ont de l ' appétit , une âme amusante à fleur de peau , une pâleur qui leur donne un caractère de passion 5 et leur corps est frais .Étant gourmandes de sottises , elles s ' attachent à la jeunesse .",
                  "id": "15",
                  "title": "Sous l'oeil des barbares / Maurice Barrès"
            },
            {
                  "doc_url": "https://gallica.bnf.fr/ark:/12148/bpt6k9617305t",
                  "emotions": [
                        "love",
                        "optimism",
                        "desire",
                        "nostalgia",
                        "excitement"
                  ],
                  "excerpt": "— N ' espérons plus , dit - il avec lassitude , que ma pâleur soit la caresse livide du petit jour ; je me trouble de ce départ .Jadis , en d ' autres poitrines , mon coeur épuisa cette énergie dont le suprême parfum , qui m ' enfièvre vers des buts inconnus , s ' évaporera dans la brume de ces sentiers incertains .De ses doigts blancs , sur la tige verte d ' un nénuphar , la jeune fille saisit une libellule dont l ' émail vibre , et , jetant vers le soleil l ' insecte qui miroite et se brise de caprice en caprice , ingénuement elle souriait .",
                  "id": "16",
                  "title": "Sous l'oeil des barbares / Maurice Barrès"
            },
            {
                  "doc_url": "https://gallica.bnf.fr/ark:/12148/bpt6k6209485z",
                  "emotions": [
                        "love",
                        "calmness",
                        "caring"
                  ],
                  "excerpt": "Il passait avec sa mandole des nuits entières , travaillant des Nouba et des Arbi .Il est vrai que la nuit , en Afrique , est une nuit incomparable : Elle est si douce , si parfumée , si tendre cette nuit algérienne ! Elle est remplie de tant de charmes indéfinissables , de ces charmes qui pénètrent l ' homme , le ravissent de leurs beautés , remuent l ' âme et parlent au cœur ! C ' est dans une de ces nuits que ce musicien comprit , avec toute la force de son tune poetique , le sublime langage de ce spectacle silencieux ! Son cœur aimant ' demandait un autre cœur .Et il le cherchait .",
                  "id": "17",
                  "title": "Esquisse historique de la musique arabe aux temps anciens : avec dessins d'instruments et quarante mélodies notées et harmonisées / par Alexandre Christianowitsch"
            },
            {
                  "doc_url": "https://gallica.bnf.fr/ark:/12148/bpt6k5706099p",
                  "emotions": [
                        "love"
                  ],
                  "excerpt": "Au clair de la lune , Quoi ! vieux troubadour , Tu n ' as pour ma brimé Un seul chant d ' amour , Et ma bien aimée Devrait l ' embraser : PAUL , embrassant Lénore .Sa bouche embaumée Aura mon baiser .- OCTAVE .",
                  "id": "18",
                  "title": "\"De profundis\", par Alfred Mousse [A. Houssaye]"
            },
            {
                  "doc_url": "https://gallica.bnf.fr/ark:/12148/bpt6k5449371z",
                  "emotions": [
                        "love",
                        "nostalgia"
                  ],
                  "excerpt": "Rohillui - d .Ma colombe légère , Gentille messagère De mes tristes amours , Je veux , comme toujours , Confier à Ion zèle Les secrets de mon coeur : Emporte sous ton aile , Ma vie et mon bonheur ! Oiseau chéri , franchis l ' espace ! Le ciel est pur , l ' air embaumé ; Pars et rapporte - moi , de grâce , Un doux mot de mon bien - aimé .Dis - lui , sur l ' autre rive , Que sa Fatmé captive , Languit sous les verrous Près d ' un Ivran jaloux .",
                  "id": "19",
                  "title": "Chansons et scènes comiques / de Jules Choux"
            },
            {
                  "doc_url": "https://gallica.bnf.fr/ark:/12148/bpt6k99823v",
                  "emotions": [
                        "love"
                  ],
                  "excerpt": "Le colonel se montrait conciliant on le lui avait recommandé ; le général était un ancien ami d ' Obertin , le père .Frédéric apportait des parfums de Lubin à sa commandante , qui les adorait .Le volon - taire , plus heureux que bien des pauvres diables sans protecteurs , avait l ' occasion de quitter les beaux arbres ombreux de la Hotoie pour les promenades et les restaurants de Paris .",
                  "id": "20",
                  "title": "Le train 17 / Jules Claretie"
            }
      ]
}