{
      "articles": [
            {
                  "doc_url": "https://gallica.bnf.fr/ark:/12148/bpt6k96674118",
                  "emotions": [
                        "joy",
                        "love",
                        "optimism",
                        "gratitude"
                  ],
                  "excerpt": "DE SÉNANCOUR .QU ' ELLE EST HEUREUSE ! [ texte _ manquant ] V ' ELLE est heureuse ! enfant , ta bien - aimée ! Douce Sylphide éclose avec le jour , Fleur de pudeur saintement embaumée , De son parfum d ' innocence et d ' amour ! Qui ne connaît du monde et de la vie Que sa corolle aux brillantes couleurs , Et passera , d ' obscurité suivie , Sans avoir su la gloire et ses malheurs ! ! ! ..",
                  "id": "1",
                  "title": "L'opale / par mesdames Abrantes (d'), Allart, Aubert... [et al.]"
            },
            {
                  "doc_url": "https://gallica.bnf.fr/ark:/12148/bpt6k6365351g",
                  "emotions": [
                        "joy",
                        "love",
                        "optimism",
                        "desire",
                        "excitement"
                  ],
                  "excerpt": "Chaleur extrême .Ardeur du soleil .Chaleur âcre et piquante dans certaines maladies .",
                  "id": "2",
                  "title": "Nouveau vocabulaire français, d'après l'académie, Wailly, Noel et Chapsal, Napoléon Landais, Nodier, Boiste, etc, contenant 1° tous les mots sanctionnés par l'académie, leurs définitions, leurs genres, leurs différentes acceptations ; 2° l'indication de leur emploi,... 3° tous les nouveaux mots..., auquel on a joint la prononciation ; Suivi de tableaux statistiques de la France... Par une Société de grammairiens et M. Burguet,... Nouvelle édition"
            },
            {
                  "doc_url": "https://gallica.bnf.fr/ark:/12148/bpt6k6365351g",
                  "emotions": [
                        "love"
                  ],
                  "excerpt": "an - brê .Parfumer avec l ' ambre gris .AMBRETTE , s .",
                  "id": "3",
                  "title": "Nouveau vocabulaire français, d'après l'académie, Wailly, Noel et Chapsal, Napoléon Landais, Nodier, Boiste, etc, contenant 1° tous les mots sanctionnés par l'académie, leurs définitions, leurs genres, leurs différentes acceptations ; 2° l'indication de leur emploi,... 3° tous les nouveaux mots..., auquel on a joint la prononciation ; Suivi de tableaux statistiques de la France... Par une Société de grammairiens et M. Burguet,... Nouvelle édition"
            },
            {
                  "doc_url": "https://gallica.bnf.fr/ark:/12148/bpt6k9762066j",
                  "emotions": [
                        "love",
                        "optimism",
                        "nostalgia"
                  ],
                  "excerpt": "Son cœur resta toujours droit et pur .C ' était seulement la belle ardeur de sa jeunesse qui s ' exhalait dans cette atmosphère si tiède , si ensoleillée , comme les parfums des lilas , au printemps .D ' après le cahier de ses notes spirituelles , il apparaît toutefois que ses réflexions la ramenaient souvent vers une entente plus sérieuse de la vie .",
                  "id": "4",
                  "title": "Vie de la R. Mère Sainte-Angèle, fondatrice de la Congrégation des Augustines du Saint-Coeur-de-Marie et de la clinique de la rue de la Santé / Paul Bernard"
            },
            {
                  "doc_url": "https://gallica.bnf.fr/ark:/12148/bpt6k9762066j",
                  "emotions": [
                        "admiration",
                        "love"
                  ],
                  "excerpt": "Inclinée pieusement par toutes les habitudes de son éducation chrétienne à rapporter tous ses actes et toutes ses pensées à son Créateur , laj & une fille jouissait , dans le silence de l ' âme , de ces splendeurs qui rayonnaient pour elle d ' une beauté invisible aux autres yeux et qui élevaient son cœur bien au - dessus des plus magnifiques spectacles de la terre .Elle aimait ces douces campagnes pour elles - mêmes , pour la poésie intime de leurs couleurs , de leurs lignes , de leurs lointains , mais surtout pour le charme transcendant de leurs symboles , parce qu elles lui apparaissaient toutes parfumées et transfigurées par la présence de Dieu .Tel fut le milieu extérieur où s ' écoulèrent , sans heurt , les vingt premières années de Victoire , à l ' ombre de la maison paternelle , dans la placidité sereine de la petite ville .",
                  "id": "5",
                  "title": "Vie de la R. Mère Sainte-Angèle, fondatrice de la Congrégation des Augustines du Saint-Coeur-de-Marie et de la clinique de la rue de la Santé / Paul Bernard"
            },
            {
                  "doc_url": "https://gallica.bnf.fr/ark:/12148/bpt6k6523544s",
                  "emotions": [
                        "love",
                        "approval"
                  ],
                  "excerpt": "— Alors , entre en arrangement avec lui .— J ' aime mieux cela ; je l ' intéresserai dans le parfum des Aimés .— Mais tu n ' as pas de temps à perdre ; tu vois qu ' il va se marier .",
                  "id": "6",
                  "title": "Les ruines de Paris / par Charles Monselet"
            },
            {
                  "doc_url": "https://gallica.bnf.fr/ark:/12148/bpt6k6523544s",
                  "emotions": [
                        "love",
                        "desire",
                        "greed"
                  ],
                  "excerpt": "Avec mille francs comptant , j ' obtiendrai dix mille francs de crédit .Je veux exploiter en grand le parfum des Aimés .— Encore ton parfum des Al - rnés ! soupira Colomba .",
                  "id": "7",
                  "title": "Les ruines de Paris / par Charles Monselet"
            },
            {
                  "doc_url": "https://gallica.bnf.fr/ark:/12148/bpt6k6523544s",
                  "emotions": [
                        "love",
                        "approval"
                  ],
                  "excerpt": "Ce qui était le plus clair pour lui , c ' est que René avait donné une fausse origine à une fortune trop promptement acquise .L ' inventeur du parfum des Aimés en conclut que son neveu était digne de lui .Dès lors , sa hardiesse , un instant contenue , se réveilla plus entière que jamais .",
                  "id": "8",
                  "title": "Les ruines de Paris / par Charles Monselet"
            },
            {
                  "doc_url": "https://gallica.bnf.fr/ark:/12148/bpt6k6523544s",
                  "emotions": [
                        "love"
                  ],
                  "excerpt": "- Tu ne te l ' imaginerais jamais ! - Mon chapeau est donc devenu le chapeau de Fortunatus ? — Nous avons fait trente francs .— Trente francs ! c ' est un beau chiffre ; nous pouvons désormais faire insérer une réclame pour mon parfum des Aimés dans les grands journaux réunis .— Et acheter de la charcuterie , ajouta Colomba , qui était radieuse .",
                  "id": "9",
                  "title": "Les ruines de Paris / par Charles Monselet"
            },
            {
                  "doc_url": "https://gallica.bnf.fr/ark:/12148/bpt6k6523544s",
                  "emotions": [
                        "love"
                  ],
                  "excerpt": "des voix lointaines se mêlèrent tout à coup à cette symphonie ; des voix qui lui semblèrent plus limpides et plus touchantes que celles des séraphins .Ces voix disaient : — Deux mille rouleaux de parfum des Aimés à Petersen , de Copenhague ! — Embarqués .— Douze cents à Péchantré et J .",
                  "id": "10",
                  "title": "Les ruines de Paris / par Charles Monselet"
            },
            {
                  "doc_url": "https://gallica.bnf.fr/ark:/12148/bpt6k920586w",
                  "emotions": [
                        "admiration",
                        "grief",
                        "love",
                        "gratitude"
                  ],
                  "excerpt": "Ni le bruit des claires fontaines Qui se bercent sur les cailloux .Ni ton chant , ô brise embaumée , Rien au monde , rien n ’ est si doux Que le nom de la bien - aimée ! ! ..",
                  "id": "11",
                  "title": "Lettres à un ami sur la deuxième exposition de la Société des arts réunis de Laval aux Galeries de l'industrie / Louis Bretonnière"
            },
            {
                  "doc_url": "https://gallica.bnf.fr/ark:/12148/bpt6k5459381m",
                  "emotions": [
                        "joy",
                        "love",
                        "caring"
                  ],
                  "excerpt": "Je connaissais l ' âme ardente et passionnée , la fougue d ' indépendance , la jeunesse de sourires et de poésie de M .de Meuvy , je fus le premier à lui conseiller de livrer au souffle puissant de l ' impression ces pages d ' amour écrites au temps où le petit dieu n ' avait pour lui que des caresses parfumées , toutes empreintes de larmes de joie , de soupirs et d ' illusions .Où M .",
                  "id": "12",
                  "title": "Coupe d'amour, par Brocard de Meuvy fils. Avec préfaces de M. Oscar de Poli et Firmin Maillard"
            },
            {
                  "doc_url": "https://gallica.bnf.fr/ark:/12148/bpt6k5459381m",
                  "emotions": [
                        "grief",
                        "love",
                        "desire",
                        "nostalgia",
                        "courage"
                  ],
                  "excerpt": ".Elvire , adieu ! Je terrasserai l ' infidèle , Aux cris : Elvire et Dieu le veut ! Prends ce vase d ' argent et sa fleur odorante , Prends - les pour souvenir , damoiselle charmante ; Garde jusqu ' au retour Cette rose d ' amour , Comme toi fraîche et belle ; Mais n ' offre pas , comme elle , Tes lèvres , jouvencelle , Aux papillons d ' amour ! Adieu , gentille damoiselle ! Ne pleure pas ! ..",
                  "id": "13",
                  "title": "Coupe d'amour, par Brocard de Meuvy fils. Avec préfaces de M. Oscar de Poli et Firmin Maillard"
            },
            {
                  "doc_url": "https://gallica.bnf.fr/ark:/12148/bpt6k5459381m",
                  "emotions": [
                        "grief",
                        "sadness",
                        "love",
                        "nostalgia",
                        "despair",
                        "disappointment"
                  ],
                  "excerpt": "« A tout autre que moi pourquoi chercher à plaire , « Si vous m ' aimez , disais - je .Oh ! votre amour a fui ! « Votre amour ! c ' est la feuille et mourante et légère .COUPE D ' AMOUR .",
                  "id": "14",
                  "title": "Coupe d'amour, par Brocard de Meuvy fils. Avec préfaces de M. Oscar de Poli et Firmin Maillard"
            },
            {
                  "doc_url": "https://gallica.bnf.fr/ark:/12148/bpt6k58105354",
                  "emotions": [
                        "love"
                  ],
                  "excerpt": "Si pour faire un portrait Apellanire excelle , On m ' y trouve du moins aussi savante qu ' elle ; Mais je fais plus encore , et j ' enseigne aux amants A fléchir leurs amours en peignant leurs tourments .Les charmes qu ' Hortésie épand sous ses ombrages Sont plus beaux dans mes vers qu ' en ses propres ouvrages : 260 LE SONGE DE VAUX .Elle embellit les fleurs de traits moins éclatants : C ' est chez moi qu ' il faut voir les trésors du printemps .",
                  "id": "15",
                  "title": "Oeuvres complètes de La Fontaine. Psyché / nouvelle édition très soigneusement revue sur les textes originaux, avec un travail de critique et d'érudition, aperçus d'histoire littéraire, vie de l'auteur, notes et commentaires, bibliographie, etc., par M. Louis Moland..."
            },
            {
                  "doc_url": "https://gallica.bnf.fr/ark:/12148/bpt6k5715439r",
                  "emotions": [
                        "admiration",
                        "love"
                  ],
                  "excerpt": "$ t Ce qui me plaît en toi , c ' est que , quand je voudrai Faire cesser de battre un coeur désespéré , Un coeur qui n ' a jamais connu que la souffrance , Je n ' aurai qu ' à sucer ton venin redouté , Et tu me donneras , suprême délivrance , L ' anéantissement ou l ' immortalité ! TRIOLET J E A N K K , de tous tes amoureux , C ' est moi qui suis le plus sincère : Et c ' est mol qui t ' aime le mieux , Jeanne , de tous tes amoureux I Pourquoi suis - je donc malheureux ? Cesse avec mot d ' être sévère I Jeanne , de tous tes amoureux , C ' est moi qui suis le plus sincère , A PAUL HAAO L A Lune et le Soleil , amants infortunés , Sans s ' atteindre jamais se poursuivent sans cesse ; Quel crime ont donc commis Phoebus et sa maîtresse Pour qu ' à se suivre en vain Dieu les ait condamnés ? Tantales de l ' amour , ils ignorent l ' ivresse Qu ' éprouvent les amants heureux et les époux ; Lorsque le dieu s ' approche , un nuage jaloux A ses yeux désolés dérobe la déesse ! Moi , j ' ai vu bien souvent la femme que j ' aimais , Sans pouvoir réussir à me faire aimer d ' elle ; Pourtant mon infortune est moins grande que celle Des immortels amants qui ne se voient jamais 1 s * POÉSIES POSTHUMES Un jour Dieu daignera m ' arracher à la vii , Et j ' irai reposer en paix sous le gazon ; Eux , its ont devant eux l ' éternel horizon D ' une amour réciproque , et jamais assouvie l SONNET QUE faut - il pour me faire oublier mon passé ? Mû baiser de ta bouche , une chaste caresse , Et devant ta candeur , ô blonde enchanteresse , Tu verras refleurir mon pauvre coeur froissé l Tu recèles en toi , mon beau lys élancé , Les trésors infinis d ' une calme tendresse : Que faut - il pour guérir la douleur qui m ' oppresse ? Qu ' un seul de tes regards sur mol soit abaissé ! $ 6 POÉSIES POSTHUMES , Viens donc , brillant soleil , viens percer les nuages Lève - toi dans mon ciel I Dissipe les orages Qui tuèrent en moi tous les bons sentiments ! Toi seule , désormais , tu règnes sur mon être : Penche - toi sur ma vie , et je m ' en vais renaître , Ressuscité par tes divins embrassements j LA FEMME O H l respectons la femme t elle nous a fait naître .Pour l ' aimer à son prix 11 faut la bien connaître : Fleur prlntatilère , elle a pour parfum la bonté ; Sans parfum il faudrait la respecter encore , Car elle a ce qui plaît , et ce qui la décore , Ce double don du ciel , la grâce et la beauté ! Dans les jours de malheur , c ' est elle qui relève , C ' est elle qui console t après un mauvais rêve , Elle est le doux réveil qui vient nous secourir .Quand on souffre , abattu par le mal ou par l ' âge , C ' est elle qui guérit , ou , du moins , qui soulage , Car .",
                  "id": "16",
                  "title": "Poésies posthumes, 1874-1876 / Henri-Charles Read ; [préface de Paul Haag]"
            },
            {
                  "doc_url": "https://gallica.bnf.fr/ark:/12148/bpt6k5504289w",
                  "emotions": [
                        "admiration",
                        "love",
                        "nostalgia",
                        "calmness",
                        "caring"
                  ],
                  "excerpt": "II .Ami , ce lac est une image , Une image de ton bon coeur ; Et , j ' irai parfois sur sa plage Respirer sa douce senteur .— Et surtout , ma faible figure A voulu dire quo la foi LE MANUSCRIT .",
                  "id": "17",
                  "title": "Pierre, ou Les nouvelles ligugéennes : roman en vers, poésies / par T. Véron,..."
            },
            {
                  "doc_url": "https://gallica.bnf.fr/ark:/12148/bpt6k80208x",
                  "emotions": [
                        "grief",
                        "love",
                        "desire",
                        "nostalgia",
                        "envy"
                  ],
                  "excerpt": "Les nuages et les flots obéiraient , les rochers s ' entr ' ouvriraient pour laisser passer la belle enchanteresse .Et puis Minette rêvait aussi de le retrouver , lui à qui elle s ' était donnée , en tout ce qu ' elle connaissait d ' elle - même , lui aux pieds de qui elle aurait voulu verser en une fois , comme le parfum d ' un vase , tout le trésor de sa délicate jeunesse .Sœur Sainte - Thérèse craignait beaucoup pour elle l ' impression que lui ferait la vue des vêtements de deuil , modestes , mais trèsconvenables qu ' on lui avait apportés .",
                  "id": "18",
                  "title": "La vie d'une comédienne : le festin des Titans / par Théodore de Banville"
            },
            {
                  "doc_url": "https://gallica.bnf.fr/ark:/12148/bpt6k549175",
                  "emotions": [
                        "love",
                        "desire",
                        "courage",
                        "excitement"
                  ],
                  "excerpt": "Qu ' on ne crut point , et que l ' on prit fort mal Enfin la douce paix se signe La brouille avait duré deux mois Mais je croyais bien cette fois , En avoir fini de la Guigne 1 J ' obtiens un rendez - vous .On consent à venir ! Dans mon petit logis , près du feu , portes closes , Dans mes bras , je vais la tenir ! L ' amour , cet enchanteur , change l ' ordre des choses Décembre ? Non , c ' est Juin Il neige Il pleut des roses Le feu flambe joyeusement , La chambre est chaude et parfumée .Quelle joie ineffable et quel ravissement , Que d ' attendre la bien - aimée L ' heure approche et bientôt .",
                  "id": "19",
                  "title": "Recueil de monologues dits par les frères Coquelin"
            },
            {
                  "doc_url": "https://gallica.bnf.fr/ark:/12148/bpt6k9761552x",
                  "emotions": [
                        "love",
                        "gratitude",
                        "faith"
                  ],
                  "excerpt": "Qua tibi virginum , Sponso necato , barbara serviet ? Puer quis ex aula capillis Ad cyathuin statuetur unctis , Doctus sagittas tendere Sericas Arcu paterno ? Quis neget arduis Pronos relabi posse rivos Montibus , et Tiberim reverti , Cum tu coemptos undique nobiles Libros Panati , Socraticam et domum Mutare loricis Iberis , Pollicitus meliora , tendis 7 AD VENEREM .O Venus , regina Cnidi Paphique , ta chère Cypros , et viens dans la belle demeure où Glycéra t ' appelle par un épais encens .Que l ' Enfant brûlant , et les Grâces aux ceintures dénouées , et les Nymphes t ' accompagnent , ainsi que la Jeunesse moins aimable sans toi , et Mer - curius ! ODE XXXI .",
                  "id": "20",
                  "title": "Oeuvres de Horace. Tome 1 / traduction nouvelle par Leconte de Lisle avec le texte latin"
            }
      ]
}