{
      "articles": [
            {
                  "doc_url": "https://gallica.bnf.fr/ark:/12148/bpt6k373298v",
                  "emotions": [
                        "trust",
                        "love",
                        "nostalgia",
                        "gratitude",
                        "faith"
                  ],
                  "excerpt": "Jésus , c ' est toi l ' Agneau que j ' aime ; Tu me suffis , ô Bien suprême ! En toi j ' ai tout : la terre et le ciel même ; La fleur que je cueille , ô mon Roi , C ' est toi ! Jésus , beau lis de la vallée , Ton doux parfum m ' a captivée .Bouquet de myrrhe , ô corolle embaumée , Sur mon coeur je veux te garder , T ' aimer ! Toujours ton amour m ' accompagne ; En toi j ' ai les bois , la campagne , J ' ai les roseaux , la lointaine montagne , La pluie et les flocons neigeux Des cieux .En toi , Jésus , j ' ai toutes choses , J ' ai les blés , les fleurs demi - closes , Myosotis , boutons d ' or , belles roses ; Du blanc muguet , j ' ai la fraîcheur , L ' odeur .",
                  "id": "1",
                  "title": "Poésies de la bienheureuse Thérèse de l'Enfant-Jésus et de la Sainte-Face"
            },
            {
                  "doc_url": "https://gallica.bnf.fr/ark:/12148/bpt6k1158972v",
                  "emotions": [
                        "admiration",
                        "trust",
                        "anger",
                        "love",
                        "gratitude",
                        "faith"
                  ],
                  "excerpt": "Quelle paix merveilleuse autour de toi rayonne ! Ton innocence en fleur te fait une couronne .Je t ’ aime mieux ainsi sous ton voile embaumé , Que sous la mitre d ’ or et le manteau lamé , Eblouissant les yeux des flammes que tu jettes ..",
                  "id": "2",
                  "title": "Esther, princesse d'Israël : drame en quatre actes / par MM. André Dumas et Sébastien-Charles Leconte"
            },
            {
                  "doc_url": "https://gallica.bnf.fr/ark:/12148/bpt6k1158972v",
                  "emotions": [
                        "love",
                        "desire",
                        "excitement",
                        "pain",
                        "faith"
                  ],
                  "excerpt": "A Le chant et les musiques reprennent .ESTHER Ecoute - les crier vers leur seul Dieu , Vers l ’ amour , dont les traits vibrent dans l ’ air en feu ! une voix * [ Dis - lui que mes baisers brûlent , que ma caresse Enivre , que mon sein sous la main qui le presse Frémit de volupté , Que les soleils du Sud ont mûri mes chairs mates , Et que je suis un vase embaumé d ’ aromates .Astarté ! Astarté ! ] * Silence .",
                  "id": "3",
                  "title": "Esther, princesse d'Israël : drame en quatre actes / par MM. André Dumas et Sébastien-Charles Leconte"
            },
            {
                  "doc_url": "https://gallica.bnf.fr/ark:/12148/bpt6k1158972v",
                  "emotions": [
                        "love",
                        "nostalgia",
                        "gratitude",
                        "embarrassment"
                  ],
                  "excerpt": "Nous sommes seuls .Laisse - moi me griser De ton parfum , de ton regard , de ton baiser .Laisse - moi m ’ enivrer de ta voix .",
                  "id": "4",
                  "title": "Esther, princesse d'Israël : drame en quatre actes / par MM. André Dumas et Sébastien-Charles Leconte"
            },
            {
                  "doc_url": "https://gallica.bnf.fr/ark:/12148/bpt6k5742879j",
                  "emotions": [
                        "love",
                        "nostalgia",
                        "gratitude",
                        "faith",
                        "embarrassment"
                  ],
                  "excerpt": "Dites â ces goulus De manger un peu moins , d ' engraisser un peu plus .MADAME BECDEPLUME Mêlez â mon sonnet une humble violette Parfumant mon visage et mon eau de toilette .MADAME FAUCILLON Vous m ' apprendrez .",
                  "id": "5",
                  "title": "Rézinsec et Strophazur : théâtre lyrico-naturaliste / Léon Durocher"
            },
            {
                  "doc_url": "https://gallica.bnf.fr/ark:/12148/bpt6k54740538",
                  "emotions": [
                        "love"
                  ],
                  "excerpt": "Cette variété est caractérisée par la perception d ' odeurs différentes de celles qui sont propres aux substances respirées .En parcourant mes observations relatives à cette affection , je remarque que certains parosmiques accusaient des odeurs de , soufre , de chlore , de matières brûlées , etc .« Il arrive même , dit Castex , faisant allusion à ces malades , que s ' ils respirent une bonne 604 MALADIES DU NEZ odeur , elle leur paraît désagréable , et vice versa .",
                  "id": "6",
                  "title": "Traité des maladies du nez / par le Dr A. Ménier,... ; introduction de M. le professeur S. Duplay ; préface de M. le Dr A. Castex,..."
            },
            {
                  "doc_url": "https://gallica.bnf.fr/ark:/12148/bpt6k935908r",
                  "emotions": [
                        "love",
                        "excitement"
                  ],
                  "excerpt": "Et il prolongea la caresse , semblant aspirer à pleines lèvres l ’ odeur d ’ œillet qui se dégageait de moi .— C ’ est extraordinaire , ajouta - t - il , dardant sur moi l ’ éclair de ses yeux , si beaux quand la passion y brille , j ' ai rêvé de vous cette nuit et j ’ ai respiré ce parfum .Il m ’ était inconnu cependant ? — Oui , car je l ’ ai acheté , depuis que je vous ai vu .",
                  "id": "7",
                  "title": "Journal d'une amoureuse / par Louis Maurecy"
            },
            {
                  "doc_url": "https://gallica.bnf.fr/ark:/12148/bpt6k935908r",
                  "emotions": [
                        "love",
                        "desire",
                        "nostalgia",
                        "envy"
                  ],
                  "excerpt": "— Quel parfum adorable vous avez , me dit - il .Et il prolongea la caresse , semblant aspirer à pleines lèvres l ’ odeur d ’ œillet qui se dégageait de moi .— C ’ est extraordinaire , ajouta - t - il , dardant sur moi l ’ éclair de ses yeux , si beaux quand la passion y brille , j ' ai rêvé de vous cette nuit et j ’ ai respiré ce parfum .",
                  "id": "8",
                  "title": "Journal d'une amoureuse / par Louis Maurecy"
            },
            {
                  "doc_url": "https://gallica.bnf.fr/ark:/12148/bpt6k935908r",
                  "emotions": [
                        "love",
                        "nostalgia",
                        "gratitude",
                        "despair",
                        "disappointment"
                  ],
                  "excerpt": "Année qui va finir , adieu sans regret .Tu m ’ as frappée dans ma plus chère affection , tu as fait le vide dans ma vie , tu m ’ as arrachée au sol natal pour me transporter dans ce Paris où je suis une étrangère , où pour vivre je serais obligée de me transformer , comme dans un sol étranger la fleur perd de son éclat , de son parfum , ..",
                  "id": "9",
                  "title": "Journal d'une amoureuse / par Louis Maurecy"
            },
            {
                  "doc_url": "https://gallica.bnf.fr/ark:/12148/bpt6k935908r",
                  "emotions": [
                        "joy",
                        "love",
                        "relief"
                  ],
                  "excerpt": "Un nouveau baiser de Jacques , ayant clos cette soirée .Je me suis couchée tôt pour retrouver dans le sommeil , l ’ extase de ce baiser demi - réel , puisque Jacques avait lui aussi rêvé de moi , respiré mon parfum .Jacques , mon Jacques , m ’ aimerais - tu ? Oh ! si j ’ ai ton amour , je me donne , Jacques , je suis à toi ! 10 mars .",
                  "id": "10",
                  "title": "Journal d'une amoureuse / par Louis Maurecy"
            },
            {
                  "doc_url": "https://gallica.bnf.fr/ark:/12148/bpt6k548721",
                  "emotions": [
                        "disgust",
                        "love",
                        "gratitude",
                        "envy"
                  ],
                  "excerpt": "Ceignez ses tempes coruscantes De ueurs , marquises et pacantes ! Même , octroyez quelque linve à Ce bonze honni des cruscantes , Jhouney pochard d ' Iod - Héva .ENVOI SAR Nébo , puisque tu décantes L ' escaSgnon cher à Çiva , Dégrise en ces odeurs piquantes Jhouney pochard d ' Iod - Héva .BALLADE DES BALLADES Tout tea ttmanMht portent les m * rquea de M muse .",
                  "id": "11",
                  "title": "Poèmes aristophanesques (2e édition) / Laurent Tailhade"
            },
            {
                  "doc_url": "https://gallica.bnf.fr/ark:/12148/bpt6k9225250",
                  "emotions": [
                        "love"
                  ],
                  "excerpt": "Gomme il est bon ! Gomme il est aimable , mon Robert ! Et toi qui m ’ engageais à le quitter ? Son visage , auparavant pâli et fatigué , était maintenant tout rose ; et comme un enfant , elle riait à travers ses pleurs .— Et moi , reprenait - elle , qui n ’ aimais pas le camélia , parce que c ’ est une fleur sans parfum ! Eh bien ! je déclare en ce jour solennel que je n ’ aime plus que le camélia , à cause du grand bonheur qu ’ il vient de me donner .Mère , ris donc aussi , toi ; je suis heureuse .",
                  "id": "12",
                  "title": "Les Forçats du mariage, par M.-L. Gagneur"
            },
            {
                  "doc_url": "https://gallica.bnf.fr/ark:/12148/bpt6k9225250",
                  "emotions": [
                        "love"
                  ],
                  "excerpt": "Le ver luisant conviait sa compagne en allumant dans l ’ herbe la lampe de son boudoir .Les fleurs épandaient dans l ’ air leurs parfums , hymnes d ’ amour ; et de la terre , encore en travail de sève , irradiaient de pénétrantes effluves .Tous les sens étaient imprégnés de ces parfums , de ces bruits harmonieux ; et en même temps l ’ âme se perdait rêveuse à travers l ’ immensité de .",
                  "id": "13",
                  "title": "Les Forçats du mariage, par M.-L. Gagneur"
            },
            {
                  "doc_url": "https://gallica.bnf.fr/ark:/12148/bpt6k5758928q",
                  "emotions": [
                        "grief",
                        "sadness",
                        "love",
                        "desire",
                        "nostalgia",
                        "gratitude",
                        "caring"
                  ],
                  "excerpt": "Le papillon rôde à l ' entour , L ' oiseau qui plane et qui voltige Vient gazouiller son chant d ' amour .Fleur , que je t ' aime quand la brise Vientm ' apporler ta fraîche odeur ; Mon coeur alors pleure et se brise , Car il t ' envie , ô belle fleur ! Le doux parfum qui te rappelle , C ' est le plus charmant souvenir : Comme le vol de l ' hirondelle , Il fuit toujours pour revenir , En me disant qu ' un jour peut - être Ton coeur aussi s ' épanouira , Et comme cette fleur champêlre Le vent du soir l ' agitera .B .",
                  "id": "14",
                  "title": "Le Papillon : arts, lettres, industrie / directrice Olympe Audouard"
            },
            {
                  "doc_url": "https://gallica.bnf.fr/ark:/12148/bpt6k6515246x",
                  "emotions": [
                        "joy",
                        "love",
                        "desire",
                        "excitement"
                  ],
                  "excerpt": "Air : Trinquej ' ort .Pour narguer les maux de la vie , Pour priser la philosophie , Pour charmer mon âme attendrie , Je u ' al qu ' à me mettre à fumer : Au lieu de tout blâmer , Je deviens d ' une humeur folâtre ! J ' ai le désir d ' aimer , Des plaisirs je suis idolâtre ! Du tabac la divine odeur Chatouille l ' esprit et le cœur ! Dans un nuage , ah ! quel bonheur ! Je crois me voir chez uji traiteur , , Savourant de chaque primeur ! ..",
                  "id": "15",
                  "title": "Le Cauchemar de son propriétaire, vaudeville en 1 acte, par MM. Paul de Kock et Constant Guéroult... [Paris, Folies-dramatiques, 4 août 1849.]"
            },
            {
                  "doc_url": "https://gallica.bnf.fr/ark:/12148/bpt6k5758928q",
                  "emotions": [
                        "admiration",
                        "joy",
                        "love",
                        "gratitude",
                        "calmness"
                  ],
                  "excerpt": "car la fleur qui l ' a , El .que nul printemps ne vous révéla , Comme toute fleur s ' ignore elle - même : C ' est vous , jeune fille , ange de candeur , De l ' humble vertu virginale fleur , Et le doux parfum , le parfum que j ' aime ! C ' est le souffle pur que vous exhalez , Souffle d ' innocence où mes sens troublés Trouvent un dictame aux terrestres fièvres , Et qui pour mon âme , ivre de bonheur , En parfum de paix sort de votre coeur , En parfum d ' amour Hotte sur vos lèvres ! ..",
                  "id": "16",
                  "title": "Le Papillon : arts, lettres, industrie / directrice Olympe Audouard"
            },
            {
                  "doc_url": "https://gallica.bnf.fr/ark:/12148/bpt6k61285963",
                  "emotions": [
                        "admiration",
                        "grief",
                        "love",
                        "nostalgia",
                        "gratitude",
                        "disappointment"
                  ],
                  "excerpt": "Ainsi que toi sous le feuillage , Fleur timide elle se voilait , Et toujours dans un frais langage Son doux parfum la révélait .Belle et rapide sur la terre Comme ton calice charmant , Hélas ! de sa tige éphémère L ' été n ' a brillé qu ' un moment ! Mais d ' elle une trace embaumée Survit immortelle en mon coeur l Après que la mort t ' a fermée S ' exhale aussi ta chaste odeur .34 LA VIOLETTE DU CIMETIÈRE .",
                  "id": "17",
                  "title": "Piccoline, poésies, par Mme A. Genton"
            },
            {
                  "doc_url": "https://gallica.bnf.fr/ark:/12148/bpt6k5797024r",
                  "emotions": [
                        "grief",
                        "sadness",
                        "love",
                        "nostalgia",
                        "calmness",
                        "disappointment"
                  ],
                  "excerpt": "Combien il me lit mal ce sourire moqueur ! — 88 — Alors , je vous priai d ' épargner la pauvrette ; Sans vous donner le temps de vous y décider , Je voulus la saisir , en m ' écriant : « Coquette ! » J ' étais sûr de l ' avoir sans vous la demander ! » Aussitôt de mes doigts vous l ' avez arrachée En répliquant : « Vraiment , Monsieur , soyez certain « Que vous ne l ' aurez pas ! » Et vous l ' avez cachée Où l ' on cache un billet , parfois ; dans votre sein ! Lorsque je dus partir , elle était pardonnée La faute dont j ' avais eu tout seul à souffrir Et vous m ' aviez rendu la fleur demi - fanée Que ma lèvre brûlante acheva de flétrir .Il a , depuis ce temps , perdu sa couleur rose , Sa fraîcheur , son parfum si doux , l ' oeillet charmant , Depuis ce temps aussi , sur mon coeur il repose , Il en a pu compter le moindre battement .Quand mon esprit rêveur vers le passé voyage , Je soupire en songeant à ce temps qui n ' est plus , C ' est lui que je contemple et lui qui m ' encourage : Il me dit que mes voeux ne sont pas superflus ! XXXIX LA BAGUE A Rose .",
                  "id": "18",
                  "title": "Les Fugitives. Poésies"
            },
            {
                  "doc_url": "https://gallica.bnf.fr/ark:/12148/bpt6k54102339",
                  "emotions": [
                        "grief",
                        "love",
                        "nostalgia",
                        "disappointment"
                  ],
                  "excerpt": "io3 REVUE LITTÉRAIRE MENSONGE — * § * - — Y \" \\ EVANT moi pourquoi passa - t - elle ? o ^ / Astre d ' Amour pourquoi briller , Puisqu ' il me fallait t ' oublier ? Puis - je oublier qu ' elle était belle ? Elle était blonde et je l ' aimais , Et comme un fou je l ' aime encore ; Sa douce image , que j ' adore , Pour moi ne pâlira jamais .Comment oublier tout un monde De tendresse et de jours heureux , Et mes beaux rêves amoureux Où je voyais sa tête blonde ? Comment oublier la douceur Et la grâce de son sourire , Et son regard qui semblait dire : « Ton âme de mon âme est soeur ? » Hélas ! ce n ' était rien qu ' un songe , Doux parfum qu ' emporte le vent , Rien que mirage décevant .Son amour était un mensonge ! A .",
                  "id": "19",
                  "title": "La Sylphide : revue littéraire"
            },
            {
                  "doc_url": "https://gallica.bnf.fr/ark:/12148/bpt6k113349z",
                  "emotions": [
                        "love",
                        "amusement"
                  ],
                  "excerpt": "LA NUIT PERDUE ous les tilleuls irradiés de girandoles Un orchestre jouait de frivoles motifs ; Vers l ' ombre des taillis fuyaient , à pas furtifs , Des couples enjolés au gré des farandoles .Dans tout le parc c ' était un scherzo de baisers : Du rose épanoui des lèvres , ces corolles , S ' exhalait un parfum magique de paroles Ouvrant un ciel menteur aux coeurs inapaisés .D ' un geste impérieux votre menotte pâle Vers un bosquet de blancs lilas m ' avait conduit ; Une lueur de lune envahissait leur nuit , Et vos cheveux fleuris s ' auréolaient d ' opale .",
                  "id": "20",
                  "title": "Quand les violons sont partis / Édouard Dubus"
            }
      ]
}