{
      "articles": [
            {
                  "doc_url": "https://gallica.bnf.fr/ark:/12148/bpt6k5403849w",
                  "emotions": [
                        "surprise",
                        "love",
                        "envy",
                        "doubt",
                        "curiosity"
                  ],
                  "excerpt": "( Honni soit qui croirait que ce fut en cachette ! ) De la fille des bois en cette occasion , Le coeur pur se gonfla d ' une innocente joie .A Zéphire elle dit : , « Cette inclination > Quand Fa prise pour moi celui qui vous envoie ? D ' où lui vient le désir de se voir mon époux ? Comment me connaît - il , moi , qui de ce bois sombre Ne suis jamais sortie et rie me plais qu ' à l ' ombre ? » Zéphire répondit : « Votre parfum si doux , De son penchant pour vous est la cause en partie .» FABLE XIV .",
                  "id": "1",
                  "title": "Fables morales et religieuses / par Madame Adèle Caldelar ; dessins d'Eustache Lorsay"
            },
            {
                  "doc_url": "https://gallica.bnf.fr/ark:/12148/bpt6k373319s",
                  "emotions": [
                        "love",
                        "gratitude",
                        "curiosity"
                  ],
                  "excerpt": ".et quand leurs longs refrains Se mêlent tout à coup à celui de la brise Qui porte sur son aile un parfum qui vous grise , O frère , dites - moi , éprouvez - vous souvent Quelque chose de pur , d ' infiniment troublant ? ..",
                  "id": "2",
                  "title": "Juvenilia"
            },
            {
                  "doc_url": "https://gallica.bnf.fr/ark:/12148/bpt6k1417139s",
                  "emotions": [
                        "love",
                        "nostalgia",
                        "gratitude",
                        "disappointment"
                  ],
                  "excerpt": "PETITS CONCOURS DERNIÈRE SÉRIE ( Trimestrielle ) No 13 .VERS A TERMINER Bouquet fané , témoin unique du Où j ’ ai dans ses beaux yeux émus , puisé des Quand un double baiser fut le sceau du ; Fleur discrète , tu meurs et ma lèvre d ’ Cherche en vain le parfum que t ’ ont ravi mes Puisque tant de bonheur n ’ a duré qu ’ un seul Expirant comme toi mais dédaigneux comme Que ne puis - je fermer mon âme à 1 ’ Et garder simplement , sans espoir de Mon bouquet sans parfum et mon cœur sans RAPH .No 14 .",
                  "id": "3",
                  "title": "La Harpe : revue littéraire du Midi"
            },
            {
                  "doc_url": "https://gallica.bnf.fr/ark:/12148/bpt6k54963574",
                  "emotions": [
                        "admiration",
                        "love",
                        "nostalgia",
                        "pride",
                        "gratitude"
                  ],
                  "excerpt": "Vous mo parlez de Ginestières , de Cambieu , de mille choses intéressantes .Ce sont pour moi , vous le savez , comme autant de précieux parfums dont jo ne puis me lasser de respirer la suave exhalaison .Oh / restez , cher ami , l ' interprète fidèle do mes désirs , et faites vous plus souvent l ' écho de mes amours .",
                  "id": "4",
                  "title": "Un frère à un frère, ou L'amour vrai : mes impressions quotidiennes / par Charles Dalmond"
            },
            {
                  "doc_url": "https://gallica.bnf.fr/ark:/12148/bpt6k107923q",
                  "emotions": [
                        "love",
                        "nostalgia",
                        "envy",
                        "amusement"
                  ],
                  "excerpt": "J ' en fis la bizarre emplette Ça ne m ' a pas réussi Elle était si maigrelette 1 Eli ' 1 aimait la côtelette Rouge , et le vin pur aussi , Mademoiselle Squelette .Sa bouclic un peu violette Avait un parfum ranci , Elle était si maigrelette ! Comme elle était très - follette , Je l ' aimai couci - cutici , Mademoiselle Squelette .Au lit , cette femmelette Me causa plus d ' un souci Elle était si maigrelette 1 Puis un jour je vis sculctte , L ' œil par les pleurs obscurci , Mademoiselle Squelette Crachant une gouttelette De san ; très peu cramoisi Elle était si maigrelette 1 Sa phtisie étant complète , Elle en eut le cœur transi , Mademoiselle Squelette .",
                  "id": "5",
                  "title": "Les névroses : les âmes, les luxures, les refuges, les spectres, les ténèbres / Maurice Rollinat ; avec un portr. de l'auteur par F. Desmoulin"
            },
            {
                  "doc_url": "https://gallica.bnf.fr/ark:/12148/bpt6k871764b",
                  "emotions": [
                        "trust",
                        "love"
                  ],
                  "excerpt": ".Il s ’ attache cependant à son maître , quoiqu ’ il en soit ordinairement maltraité ; il le sent de loin , et le distingue de tous les autres hommes ; il reconnaît aussi les lieux qu ’ il a coutume d ’ habiter , les chemins qu ’ il a fréquentés ; il a les yeux bons , l ’ odorat admirable , l ’ oreille excellente , ce qui a encore contribué à le faire mettre au nombre des animaux timides , qui ont tous , à ce qu ’ on prétend , l ' ouïe très - line et les oreilles longues .Lorsqu ’ on le surcharge , il le marque en inclinant la tête et baissant les oreilles ; lorsqu ’ on le tourmente trop , il ouvre la bouche et relire les lèvres d ’ une manière très - désagréable , ce qui lui donne l ’ air moqueur et dérisoire ; si on lui couvre les yeux , il reste immobile ; et lorsqu ’ il est couché sur le côté , si on lui place la tête de manière que l ’ œil soit appuyé sur la terre , et qu ’ on couvre l ’ autre œil avec une pierre ou un morceau de bois , il restera dans cette situation sans faire aucun mouvement , et sans se secouer pour se relever .",
                  "id": "6",
                  "title": "Morceaux choisis de Buffon. suivis de Morceaux choisis de Lacépède / notes par M.-L. Desdouits"
            },
            {
                  "doc_url": "https://gallica.bnf.fr/ark:/12148/bpt6k57026879",
                  "emotions": [
                        "love",
                        "desire",
                        "nostalgia",
                        "envy"
                  ],
                  "excerpt": "DE JOSEPH DELOUME .209 Je veux ta lèvre fraîche et ta gorge brillante , Les parfums naturels qu ' exhalent les cheveux , Le noeud prompt el léger que fait la main coulante ..",
                  "id": "7",
                  "title": "Vie, poésies et pensées de Joseph Delorme (Nouvelle édition très augmentée) / Sainte-Beuve"
            },
            {
                  "doc_url": "https://gallica.bnf.fr/ark:/12148/bpt6k3041659p",
                  "emotions": [
                        "love"
                  ],
                  "excerpt": "Stipules lancéolées , acuininées - sulmlées .Fleurs jaunes , odorantes , - longues de 5 - 6 mm .; tous les pétales sensiblement égaux , b Gousse couverte de poils courts appliqués , obovoïde compri -| mée ( 4 - 6 mm .",
                  "id": "8",
                  "title": "Nouvelle flore de Normandie : contenant la description des plantes qui croissent spontanément ou sont cultivées en grand dans les départements de la Seine-Inférieure, l'Eure, le Calvados, l'Orne & la Manche / par L. Corbière,..."
            },
            {
                  "doc_url": "https://gallica.bnf.fr/ark:/12148/bpt6k6457254z",
                  "emotions": [
                        "admiration",
                        "joy",
                        "love",
                        "gratitude"
                  ],
                  "excerpt": "Bien guidée .Du fruit mûri sur une jeune branche L ' arôme exquis s ' exhale autour de nous : Ainsi ton nom , aimable soeur , épanche Au vent du ciel son parfum le plus doux ! Chceur .Eveillez - vous au nom charmant d ' Eustelle , Muets echos de l ' agreste vallon ! .",
                  "id": "9",
                  "title": "Lettre pastorale de monseigneur l'évêque de La Rochelle et Saintes (Thomas) : histoire et culte de sainte Eustelle"
            },
            {
                  "doc_url": "https://gallica.bnf.fr/ark:/12148/bpt6k1091593",
                  "emotions": [
                        "love",
                        "nostalgia",
                        "excitement"
                  ],
                  "excerpt": "Puis avec une fureur d ' iconoclaste , il tâchait de se rappeler combien elle s ' éloignait du type grave et serein de labcauté antique dont le rêve avait hanté sa jeunesse Il démolissait l ' idole .Malgré tout , raccroché à elle par les mille liens de quatre années d ' amour , il la sentait vivante dans sa chair ; ses narines dilatées s ' ouvraient pour respirer le parfum capiteux de sa nuque grasse , dorée - comme lorsque , arrivant l ' improviste , il baisait son cou , parmi les frisons dorés .Tout aussitôt , il fut repris par la douleur de l ' avoir perdue Sa révolte intérieure s ' en al ! ait à la débandade : regrets d ' un côté , passion de l ' autre , amertumes , attendrissements , retours poignants de volupté , colères folles , aprcisements soudains Si , du moins , elle l ' eût averti ! Si , ne voulant plus l ' aimer , elle le lui eût dit doucement mais non , avec cette brutalité des femmes , qui dépasse en férocité celle des hommes , d ' un coup , d ' un seul coup , elle l ' avait banni loin d ' elle , en lui avouant même préférer un autre amant 1 .",
                  "id": "10",
                  "title": "La vache enragée / par Emile Goudeau"
            },
            {
                  "doc_url": "https://gallica.bnf.fr/ark:/12148/bpt6k6341533f",
                  "emotions": [
                        "love",
                        "gratitude"
                  ],
                  "excerpt": "Botrus Cypri dilectus meus mihi in vineis , Engaddi .Mon bien aimé est vers moi comme le grape de Cyprès , es Vignes ' d ' Engaddi , c ' est - à - dire , mon Epoux bien - aimé est semblable à une grape do Cypre aromatique qui croît dans les Vignes d ' EngAdJ ; ; car il me déleae l ' odo - rat par la suavité de son odeur .& le cœur t par la délicatesse de sa douce liqueur , d ' autant que Vinum lœtificat cor hominis .",
                  "id": "11",
                  "title": "Le Bouquet sacré, ou le Voyage de la Terre sainte , composé des roses du Calvaire, des lys de Bethléem, & des hyacinthes d'Olives [sic]. Par le R. P. Boucher, mineur observentin [sic]. Derniere edition corrigée"
            },
            {
                  "doc_url": "https://gallica.bnf.fr/ark:/12148/bpt6k57149432",
                  "emotions": [
                        "joy",
                        "love",
                        "optimism",
                        "nostalgia",
                        "pride"
                  ],
                  "excerpt": "Ils furent tristes ; car notre bonheur mênie avait quelque chose de tendre et de pensif qui * n réprimait l ' expansion .Ils eurent de là douceur cependant , douceur profonde quele coeur sentait monter en lui , comme un parfum voilé , et .qu ' une pensée amère Venait toujours refouler avant qu ' elle se - fût épanouie sur les lèvres .",
                  "id": "12",
                  "title": "Naissance et génie, par M. Gustave Mercier-Lacombe"
            },
            {
                  "doc_url": "https://gallica.bnf.fr/ark:/12148/bpt6k1417139s",
                  "emotions": [
                        "love",
                        "nostalgia",
                        "gratitude",
                        "faith"
                  ],
                  "excerpt": "Les feuillages ont pris une nuance d ’ ambre ; Hélas ! voici venir les ides de septembre ! Comme une plainte maladive , autour de moi Les choses ont des tons pâles , des airs d ’ émoi ; C ’ est l ’ avis du départ imminent , c ’ est la note Des adieux où le coeur se résigne et sanglote .O mes Lares chéris , si ma dévotion N ’ invoqua point d ’ abord votre protection Et ne vous chanta point d ’ ardents panégyriques , Elle veut vous offrir , ô mes dieux domestiques , Sur un mode ancien , au moment de partir , Non l ’ essence du nard ou les parfums de Tyr , Mais des gâteaux dorés de miel , une écuelle Pleine de lait , avec l ’ odorante canelle , Pendant qu ’ à vous s ’ élèveront , reconnaissants , En méandres légers , les vœux de mon encens .Les feuillages ont pris une nuance d ’ ambre ; Hélas ! voici venir les ides de Septembre .",
                  "id": "13",
                  "title": "La Harpe : revue littéraire du Midi"
            },
            {
                  "doc_url": "https://gallica.bnf.fr/ark:/12148/bpt6k373319s",
                  "emotions": [
                        "trust",
                        "sadness",
                        "love",
                        "nostalgia"
                  ],
                  "excerpt": "Poète , tu m ' as dit : « A la rose est mon âme , Car son parfum est pur et son amour est vrai ; Je ne puis plus donner mon amour à la femme Aux charmes mensongers , aux perfides attraits .Oui , tu m ' as souvent dit que désormais la rose Est ta seule compagne et toi son cher amant , Et que pour soulager parfois ton coeur morose , A ta peine il suffit de son parfum troublant .Tu m ' as dit qu ' elle seule est sincère et fidèle , Et quand souffle partout la bise du malheur , Dans le parterre aimé tu vas t ' asseoir près d ' elle , Et tu sens aussitôt se calmer ta douleur .",
                  "id": "14",
                  "title": "Juvenilia"
            },
            {
                  "doc_url": "https://gallica.bnf.fr/ark:/12148/bpt6k1164516w",
                  "emotions": [
                        "love",
                        "nostalgia"
                  ],
                  "excerpt": "Elle lui prit la main , s ’ assit à son côté , et , penchant la tète sur son épaule , pleura de bonheur avant de lui annoncer ce qui venait d ’ être arrêté avec sa mère .Les lilas étaient bien fleuris , les pêchers étalaient au soleil une neige bien blanche et bien rose ; mais dans les deux cœurs qui battaient l ’ un près de l ’ autre sur le banc de marbre , il s ’ épanouissait alors des fleurs plus belles et plus doucement odorantes ce jour - là .Nore vint les tirer de cette extase qui vaut celle du paradis , où la présence de la femme aimée vous inet du reste à toute heure .",
                  "id": "15",
                  "title": "La Peste de Marseille, par Mary Lafon"
            },
            {
                  "doc_url": "https://gallica.bnf.fr/ark:/12148/bpt6k54291383",
                  "emotions": [
                        "love",
                        "calmness",
                        "faith"
                  ],
                  "excerpt": "J ' ai compris que l ' amour apaise la justice , Et qu ' il est des agneaux promis au sacrifice Que vous gardez dans l ' ombre avec un soin jaloux .J ' ai compris que la fleur , avant le soir fauchée , Et que le doigt divin seul encore a touchée , Cache un parfum plus doux .- 152 — Jeune homme , c ' était toi , l ' agneau , la fleur sans tache , Qui jette son arôme à la main qui l ' arrache ; Toi que le divin prêtre a marqué de son sceau = Je t ' aime , ô Seigneret ! dans cette foule humaine , Egarés ou méchants que la fureur entraîne , Tu m ' apparais si beau ! D ' autres , qu ' ont désignés la haine ou le caprice , Marchaient calmes et forts au devant du supplice ; Mais toi , comme un enfant , tu t ' élançais joyeux , Et tes vieux compagnons , qui te voyaient sourire , Pour allumer en eux la flamme du martyre , Ta cherchaient dans tes yeux .",
                  "id": "16",
                  "title": "Élévations poétiques et religieuses (4e édition augmentée de pièces inédites) / Marie Jenna"
            },
            {
                  "doc_url": "https://gallica.bnf.fr/ark:/12148/bpt6k5734558p",
                  "emotions": [
                        "love"
                  ],
                  "excerpt": "C ' est ce sujet que nous avons pu étudier d ' une façon tout à fait particulière que nous traiterons ici .Le mot Ozène , qui signifie puanteur , a été employé depuis longtemps pour désigner une affection nasale dont la caractéristique prin - — 2 — cipale était la mauvaise odeur qu ' exhalait l ' air rejeté par la respiration .On décrivait autrefois plusieurs variétés d ' ozène et on instituait un traitement approprié à chacune d ' elles .",
                  "id": "17",
                  "title": "De la Pharyngothérapie dans l'ozène, par A. Dérouau..."
            },
            {
                  "doc_url": "https://gallica.bnf.fr/ark:/12148/bd6t5376727f",
                  "emotions": [
                        "love",
                        "optimism",
                        "desire",
                        "excitement",
                        "gratitude",
                        "faith"
                  ],
                  "excerpt": "J ’ ai cru devoir vous fuir ; vous le savez , mon père , Je sentais mon indignité ! Et je retins captif en ce monde éphémère Un cœur épris d ’ éternité ! Abaissant mes regards sur ces sublimes choses Qu ’ ici - bas sema votre main , Je contemplai nos cieux , je respirai nos roses Pour charmer l ’ ennui du chemin ! Puis , je prêtai l ’ oreille aux voix harmonieuses Des airs , des forêts et des flots , Des enfants en prière , et des mères heureuses , Des poètes et des héros ! Mais , malgré moi , mon œil se relève et s ’ élance Plus haut que les étoiles d ’ or , 232 MÉDITATIONS , PRIÈRES , ASPIRATIONS .Et mon cœur qui le suit , plus haut que l ’ espérance , Mon Dieu , va vous chercher encor ! A travers le parfum des roses qui s ’ effeuillent , J ’ aspire les encens divins Qui s ’ émanent du lis où les anges recueillent Les larmes d ’ amour de vos saints .Derrière tous les mots qui racontent notre âme , Tous les bruits du terrestre chœur , .",
                  "id": "18",
                  "title": "Nouvelles glanes / par Mlle Louise Bertin"
            },
            {
                  "doc_url": "https://gallica.bnf.fr/ark:/12148/bpt6k65242657",
                  "emotions": [
                        "love"
                  ],
                  "excerpt": "Cet arbrisseau , haut de 1 à 3 mètres , a des rameaux nombreux , dressés , effilés , portant des feuilles petites , soyeuses , assez espacées .Ses fleurs jaune d ' or , odorantes , sont rapprochées en grappes terminales .Le genêt à balais croît dans les bois , les bruyères , les lieux arides ; il est très - rustique et s ' accommode des terrains les plus médiocres .",
                  "id": "19",
                  "title": "Arbrisseaux et arbustes d'ornement de pleine terre, par A. Dupuis,..."
            },
            {
                  "doc_url": "https://gallica.bnf.fr/ark:/12148/bpt6k107923q",
                  "emotions": [
                        "love"
                  ],
                  "excerpt": "Je revois tes chairs toutes roscs , Les dards aigus de tes seins froids , El puis tes lèvres ! quand je vois 1 ) aus leurs si langoureuses poses Corolles et boutons de roses ! JALOUSIE FÉLINE A André Slom .Cependant que juché sur l ' un des hauts divans Le chat jaune poussait de ronronnantes plaintes , Dans un boudoir gorgé de parfums énervants , Je veillais la très chère à genoux et mains jointes , Et mon baiser rôdeur , papillon de ses seins , Effleurait leurs contours et vibrait à leurs pointes .Vierges des nourrissons , vampires assassins , lis étaient froids et durs comme des pommes vcrtcs Et plus blancs que le cygne errant sur les bassins .",
                  "id": "20",
                  "title": "Les névroses : les âmes, les luxures, les refuges, les spectres, les ténèbres / Maurice Rollinat ; avec un portr. de l'auteur par F. Desmoulin"
            }
      ]
}