{
      "articles": [
            {
                  "doc_url": "https://gallica.bnf.fr/ark:/12148/bpt6k61283705",
                  "emotions": [
                        "trust",
                        "joy",
                        "love",
                        "nostalgia",
                        "gratitude"
                  ],
                  "excerpt": "Depuis j ' ai pris l ' essor , grâce à mon noble maître ; Astre choisi du Ciel , ses rayons bienfaisants Ont éclairé ma Muse , heureuse d ' apparaître A l ' ombre de son nom , de ses vers triomphants .Par moi ses volontés , fidèlement suivies , ROSES ET SOUCIS 57 M ' ont donné le pouvoir de vous dire aujourd ' hui , Dans ce langage aimé de nos âmes ravies , Combien les souvenirs de cet ardent Midi , Que vous peignez si bien , sont chers à ma pensée ! Suivant de vos pinceaux les mobiles couleurs , Sur ces bords avec vous je me suis élancée , Et j ' ai senti la brise et le parfum des fleurs .0 poêle ! parlons de cette Occitanie Qui semble au voyageur une terre bénie Dont nous aimons tous deux les tableaux éloquents , Et que je reverrais avec ravissements ! Vos accords m ' ont rendu sa rayonnante image , Lesbeauxjours , les beaux soirs de cet heureux rivage , Cet air libre des mers qui vient en passager S ' enrichir des parfums qu ' exhale l ' oranger .",
                  "id": "1",
                  "title": "Poésies. Roses et soucis, par Mlle Mélanie de Grandmaison,..."
            },
            {
                  "doc_url": "https://gallica.bnf.fr/ark:/12148/bpt6k61283705",
                  "emotions": [
                        "love",
                        "nostalgia"
                  ],
                  "excerpt": "ORIENTALE .Un caïque fendait les flots purs du Bosphore , Par une de ces nuits dont on a souvenir , De ces nuits d ' Orient que le Français ignore , Et qui parlent au coeur d ' amour et d ' avenir ! Sur les bords parfumés de ce charmant rivage , U2 ROSES ET SOUCIS .A l ' aspect d ' un kiosk peint aux mille couleurs , Qui semblait un oiseau se cachant sous l ' ombrage , Il s ' arrêta , guidé par ses rameurs .",
                  "id": "2",
                  "title": "Poésies. Roses et soucis, par Mlle Mélanie de Grandmaison,..."
            },
            {
                  "doc_url": "https://gallica.bnf.fr/ark:/12148/bpt6k61283705",
                  "emotions": [
                        "love",
                        "nostalgia",
                        "caring"
                  ],
                  "excerpt": "ROSES ET SOUCIS .101 Autour de vous s ' exhale un parfum de tendresse ; Votre grand ' père , enfant , vous chérit , vous caresse ; Et lui , que l ' on vit autrefois S ' élancer sur les flots vers de lointains empires , De Brest au Sénégal commander des navires , Daigne obéir à votre voix .Son esprit ne planait qu ' en des champs grandioses , Et pour vous il descend à de petites choses , Et se plaît à votre entrelien .",
                  "id": "3",
                  "title": "Poésies. Roses et soucis, par Mlle Mélanie de Grandmaison,..."
            },
            {
                  "doc_url": "https://gallica.bnf.fr/ark:/12148/bpt6k61283705",
                  "emotions": [
                        "admiration",
                        "joy",
                        "love",
                        "relief",
                        "gratitude",
                        "calmness",
                        "caring",
                        "faith"
                  ],
                  "excerpt": "37 Je voudrais réunir tous ses rayons épars , Pour attirer vers eux tes tranquilles regards .Il est dans le repos de ton âme angélique , Il est dans un lien , un amour sympathique , Il est dans le parfum que t ' envoie une fleur , Il est dans le retour d ' un ami voyageur ; Son souffle , qu ' on bénit , visite la retraite , Et caresse en passant les hymnes du poëte ; Il est dans ces beaux - arts que cultivent les mains , Par lesquels tes moments coulent doux et sereins .Le bonheur , chère enfant , c ' est l ' ombre de Dieu même Qui veille sur nos pas , nous protège et nous aime .",
                  "id": "4",
                  "title": "Poésies. Roses et soucis, par Mlle Mélanie de Grandmaison,..."
            },
            {
                  "doc_url": "https://gallica.bnf.fr/ark:/12148/bpt6k5544522v",
                  "emotions": [
                        "love"
                  ],
                  "excerpt": "Dans le but de prévenir cette syncope , A .Guérin a proposé d ' empêcher l ' action des émanations du chloroforme sur les fosses nasales , dont la muqueuse serait pour lui le point de départ du réflexe d ' arrêt du coeur .Pour cela , il faut prendre la précaution de presser le nez du malade entre les doigts de la main qui lient la compresse jusqu ' à ce que l ' anesthésie soit produite ( 1 ) .",
                  "id": "5",
                  "title": "Thérapeutique de la bouche et des dents : hygiène buccale et anesthésie dentaire / par le Dr Maurice Roy,..."
            },
            {
                  "doc_url": "https://gallica.bnf.fr/ark:/12148/bpt6k28298d",
                  "emotions": [
                        "love"
                  ],
                  "excerpt": "Afin de faire mieux comprendre comment nous venons à concevoir une qualité ou une vertu dans la rose , que nous appelons odeur , et pour qu ' on sache mieux en quoi elle consiste , il est bon d ' observer que l ' esprit com - mence de fort bonne heure à rechercher les principes qui peuvent le diriger dans l ' exercice de ses différentes fa - cultés .L ' odeur de rose n ' est d ' abord pour nous qu ' une certaine aNëctIoh de notre esprit ; ~ et comme cette affection n ' est point constante , qu ' elle s ' en va et qu ' elle revient , nous sentons le besoin de savoir quand et dans quelles circonstances nous pouvons l ' attendre .Nous sommes donc mal à notre aise tant que nous n ' avons pas découvert quelque chose , qui par sa présence nous donne cette affection , et nous l ' enlève en se retirant .",
                  "id": "6",
                  "title": "Oeuvres complètes de Thomas Reid, chef de l'école écossaise. Essai sur la quantité / publiées par M. Th. Jouffroy ; avec des fragments de M. Royer-Collard, et une introduction de l'éditeur..."
            },
            {
                  "doc_url": "https://gallica.bnf.fr/ark:/12148/bpt6k6518173d",
                  "emotions": [
                        "admiration",
                        "love",
                        "pride",
                        "approval",
                        "faith"
                  ],
                  "excerpt": "Bientôt , mieux disposé par c - puissans effets , Vous pourrez vous asseoir à de nouveaux banquets .Elle est du dieu des vers honorée el chérie ; On dit que du poète elle sert de génie , Que plus d ' un sot rimeur , quelquefois réchauffé , A dû de meilleurs ver s au parfum du café .Il peut du philosophe , égalant les système » , Rendre aimable , badin , les géomètres mêinePar lui , l ' homme d ' état dispos après dîner , Forme l ' heureux projet de mieux nous gouverner .",
                  "id": "7",
                  "title": "Manuel de l'amateur de café, ou L'art de cultiver le cafier, de le multiplier, d'en récolter son fruit ... par M. L. Clerc,..."
            },
            {
                  "doc_url": "https://gallica.bnf.fr/ark:/12148/bpt6k6114690f",
                  "emotions": [
                        "love"
                  ],
                  "excerpt": "Celte affection se montre quelquefois sous la forme d ' un faisceau rouge au côté correspondant de chaque oeil .Un purgatif et une lotion légèrement astringente suffisent ordinairement pour dissiper cette affection .Il est rare qu ' il faille appliquer quelques sangsues sur la veine nasale .",
                  "id": "8",
                  "title": "Traité pratique des maladies de l'oeil. Tome 1 / par W. Mackenzie,..."
            },
            {
                  "doc_url": "https://gallica.bnf.fr/ark:/12148/bpt6k241270n",
                  "emotions": [
                        "love",
                        "nostalgia",
                        "envy"
                  ],
                  "excerpt": "Sans cesse il revoyait , comme une douce vision , le gracieux visage de Jeanne , un peu pâli par l ' inquiétude et penché sur le sien , épiant le retour de la vie fugitive .Sans cesse , il lui semblait sentir passer sur sa face la fraîche haleine de cette jeune fille et il aurait souhaité un évanouissement plus prolongé pour la respirer encore .Il était comme transformé un rayon de lumière pénétrait jusqu ' au fond de son âme , lui dévoilant les mystères d ' un monde inconnu et transfigurant tout son être .",
                  "id": "9",
                  "title": "Le roman d'un rayon de soleil (Deuxième édition) / Mallat de Bassilan,..."
            },
            {
                  "doc_url": "https://gallica.bnf.fr/ark:/12148/bpt6k6264830g",
                  "emotions": [
                        "love",
                        "nostalgia"
                  ],
                  "excerpt": ", comme le son de votre voix .Vous en souvient - il Pâquerette ? 9 9 Dans la chambre tapissée de moiteur sentant le parfum chauffé , nous étions seul s , non pas seuls 1 car mon amour st • trouvait avec lions et vous racon - tait , — le bavard , — tous mes projets d ' avenir et tous les rêves de bonheur enfantés par mon ardente ima - gination .l ' ons écoutiez , silencieuse , la tète nonchalamment appuyée sur le fauteuil , et parfois un brusque mouvement venait rompre votre immobilité et cambrait votre beau corps dans des ondulations qui me servaient de réponses bonnes ou mauvaises , selon mes fantaisistes interprétations .",
                  "id": "10",
                  "title": "Fleurs d'enfer... / Auguste Barrau"
            },
            {
                  "doc_url": "https://gallica.bnf.fr/ark:/12148/bpt6k6264830g",
                  "emotions": [
                        "love",
                        "relief",
                        "calmness"
                  ],
                  "excerpt": "L \" s douze coups de minuit descendent vertigineusement du clocher .Les ailes sont au cran de repos , et , partout une lumière teintée de cobalt ruisselle dans les tuiles rouges Quelques fenêtres , ouvertes comme de grands J ' m , \\ ' noirs , contemplent cet ineffable i - alptu et laissent t ' lIlrer dans les alcôves , pleines de chants de baisers , les odeurs distillées par l ' alambic des fleurs .Parfois un babillage prolongé , dominé par le coasse - ment des reinettes , secoue un cercle d ' ondulations dans les na ppes d ' air .",
                  "id": "11",
                  "title": "Fleurs d'enfer... / Auguste Barrau"
            },
            {
                  "doc_url": "https://gallica.bnf.fr/ark:/12148/bpt6k6264830g",
                  "emotions": [
                        "grief",
                        "sadness",
                        "love",
                        "nostalgia"
                  ],
                  "excerpt": "Ma mattresse à moi n ' aime que l ' amour .Ma maîtresse à moi n ' a pas les yeux bleus , Ma maîtresse à moi n ' a pas la peau blanche , Ma maltresse à moi n ' a qu ' un seul baiser , Ma maltresse à moi souvent se parfume , Ma maltresse à moi n ' aime que l ' amour 1 PAR UN MATIN DE FRUCTIDOR à Gabriel Bource Avec un semblant de nuée La chambre , fleurant le Lubin , Vêtait de sa tiède buée Madame sortant de son bain .Et l ' eau vernissant la peau blanche Allait se blottir dans les creux Formés par les plis de la hanche Aux contours fermes , vigoureux .",
                  "id": "12",
                  "title": "Fleurs d'enfer... / Auguste Barrau"
            },
            {
                  "doc_url": "https://gallica.bnf.fr/ark:/12148/bpt6k6264830g",
                  "emotions": [
                        "love"
                  ],
                  "excerpt": "Ma maîtresse à moi souvent se parfume Avec des extraits de ylang - ylang , Cet âcre parfum s ' évapore et fume Comme un encensoir au four de son sang .Ma maîtresse à moi souvent se parfume .Ma maîtresse à moi n ' aime que l ' amour Qui met de l ' écume aux plis de la bouche ; Par les nuits d ' été , quand le temps est lourd , Ses muscles d ' acier chantent sur ma couche .",
                  "id": "13",
                  "title": "Fleurs d'enfer... / Auguste Barrau"
            },
            {
                  "doc_url": "https://gallica.bnf.fr/ark:/12148/bpt6k6264830g",
                  "emotions": [
                        "grief",
                        "love",
                        "desire",
                        "gratitude"
                  ],
                  "excerpt": "Je possède une relique Que je baise tous les jours , Je veux la garder toujours , Car la fillette angélique Qui chez moi la laissa choir , Est mon amante rebelle : Cette relique si belle , N ' est simplement qu ' un mouchoir .Un mouchoir blanc comme neige Où son parfum dut nicher , Mes lèvres pour le chercher Font un singulier manège .Elles vont de ci , de là , Ainsi que des chiens de race , S ' arrêtant sur une trace Que mon amour signala .",
                  "id": "14",
                  "title": "Fleurs d'enfer... / Auguste Barrau"
            },
            {
                  "doc_url": "https://gallica.bnf.fr/ark:/12148/bpt6k6264830g",
                  "emotions": [
                        "love",
                        "greed"
                  ],
                  "excerpt": "Sous l ' archet de la folle brise Chantent les violons des bois , Et cette musique me grise Mieux que tous les vins que je bois .Mignonne laisse les narines — Gloutonnes comme le vautour — Respirer les senteurs marines Avec les semeurs de l ' amour .Du milieu des eaux enlunées Sourdent d ' endornieuses vapeurs Et les genèses spontanées De la nuit m ' entourent de peurs .",
                  "id": "15",
                  "title": "Fleurs d'enfer... / Auguste Barrau"
            },
            {
                  "doc_url": "https://gallica.bnf.fr/ark:/12148/bpt6k6264830g",
                  "emotions": [
                        "love"
                  ],
                  "excerpt": "74 Serment 76 Vengeance 78 Pourquoi m ' avez - vous écrit ? 80 LES FLEURS Faits divers .89 Odeurs de foin , Odeurs d ' amour .92 A une Femme du monde 9 ; Vendeuse d ' Amour .",
                  "id": "16",
                  "title": "Fleurs d'enfer... / Auguste Barrau"
            },
            {
                  "doc_url": "https://gallica.bnf.fr/ark:/12148/bpt6k64950325",
                  "emotions": [
                        "love",
                        "nostalgia",
                        "faith"
                  ],
                  "excerpt": "Nous serons fidèles à cette belle tradition qui commence .Nous continuerons à fêter nos chers anniversaires longtemps , bien longtemps , malgré les départs pour le ciel , tant que nous vivrons , tant qu ' il en restera deux pour s ' aimer , pour cultiver ensemble cette petite fleur du souvenir , et pour entretenir pieusement ensemble , jusqu ' à la dernière heure , son éclat , sa fraîcheur et son parfum .Ce souvenir est un souvenir de philosophie .",
                  "id": "17",
                  "title": "Allocution prononcée, par M. l'abbé Gallet, à Sainte-Marie de Tinchebray, dans la réunion des élèves de philosophie de 1842 du petit séminaire de Seez. Souvenir de son installation à Saint-Pierre de Chaillot le 24 aout 1882"
            },
            {
                  "doc_url": "https://gallica.bnf.fr/ark:/12148/bpt6k64180x",
                  "emotions": [
                        "fear",
                        "love",
                        "desire",
                        "excitement",
                        "doubt",
                        "nervousness",
                        "curiosity"
                  ],
                  "excerpt": "Et qu ' est - ce donc que la science fait eMe ' même quand elle arrive .à ce montent suprême où tes loupes deviennent troubles et les compas impuissants ? Elle rêve aussi , la science , elle suppose ! t Supposons , nous aussi , que l ' arbre est un homme à la peau rude , rêveur et silencieux , qui aime aussi à sa façon et frémit jusque dans ses racines lorsqu ' un soir un vent tiède , chargé des senteurs de la plaine , arrive en soufflant dans sa chevelure verte et l ' inonde .E de .",
                  "id": "18",
                  "title": "Monsieur, madame et bébé (116e éd.) / Gustave Droz"
            },
            {
                  "doc_url": "https://gallica.bnf.fr/ark:/12148/bpt6k64180x",
                  "emotions": [
                        "trust",
                        "love",
                        "gratitude",
                        "caring"
                  ],
                  "excerpt": "» pochai ma tête de la sienne et , .pirant le parfum de ses cheveux , je lui dis dans l ' oreille T ~ e ~ ~ aime , chère enfant ; je t ' aime , ma petite femme ; ne vous en doutez - vous pa ~ .» Elle tourna vers moi ~ es yeux mouillés de larmes et me dit , d ' unevoixsaccadée par l ' émotion , ~ douce , si faible , si tendre , quelle me pënétra jusque dans la moellè des os .",
                  "id": "19",
                  "title": "Monsieur, madame et bébé (116e éd.) / Gustave Droz"
            },
            {
                  "doc_url": "https://gallica.bnf.fr/ark:/12148/bpt6k58080843",
                  "emotions": [
                        "love",
                        "caring",
                        "faith"
                  ],
                  "excerpt": "naître une race qui tairne ! » III .Ainsi , - le front baigné des parfums du matin , Son beau sein rayonnant de chaleurs maternelles , ; Eve , les yeux fixés sur Abel et Caïn , Sentait l ' infinTbfeu moins grand que ses prunelles .6 POESIES DE LEON DIERX .",
                  "id": "20",
                  "title": "Poésies (1864-1872). Édition refondue, corrigée et augmentée / Léon Dierx"
            }
      ]
}