{
      "articles": [
            {
                  "doc_url": "https://gallica.bnf.fr/ark:/12148/bpt6k54388461",
                  "emotions": [
                        "joy",
                        "love"
                  ],
                  "excerpt": "» Aimer ! ce mot magique et tout rempli de charmes , » Qui de l ' infortuné sait essuyer les larmes , » Qui calme la douleur ; • Sentir brûler son sang dans une ardente ivresse .» Aimer comme je t ' aime , ô belle enchanteresse ! » Oui , c ' est In le bonheur ! — 7 — » Je t ' aime , ange du ciel , exilé sur la terre , » Comme le rossignol au buisson solitaire » Aime ses plus doux , chants ; » Comme la fraîche rose à la feuille embaumée , » Aime aspirer le soir la brise parfumée , » Haleine du printemps .» Oui ! je t ' aime ! je t ' aime ! ô ma belle adorée , » Comme j ' aime l ' étoile , émeraude sacrée , » Qui scintille au ciel pur ! » Si je pouvais mourir d ' un baiser sur tes lèvres ! » Je puise des désirs les délirantes fièvres » Dans tes beaux yeux d ' azur ! » Oh ! malgré ses tourments , l ' amour est une joie » Qui prend tout coeur aimant comme facile proie , » Afin de l ' enflammer ! » L ' amour , c ' est tout ! honneur , fidélité , patrie ! » C ' est le tyran de tous ! c ' est le ciel , c ' est la vie ! .",
                  "id": "1",
                  "title": "Essais poétiques. Simples idées, par Léon-Michel Desfossez"
            },
            {
                  "doc_url": "https://gallica.bnf.fr/ark:/12148/bpt6k54388461",
                  "emotions": [
                        "joy",
                        "grief",
                        "love",
                        "nostalgia",
                        "pride",
                        "gratitude"
                  ],
                  "excerpt": ".C ' était là Que , voilà bien long - temps , vivait heureuse , aimée , Délie parmi ses soeurs , douce fleur parfumée , La jeune et fière Comala .Les chevaliers venaient , car elle était si belle , Pour admirer de près la gente jouvencelle , Et s ' en allaient charmés , ravis , le coeur en feu ! .",
                  "id": "2",
                  "title": "Essais poétiques. Simples idées, par Léon-Michel Desfossez"
            },
            {
                  "doc_url": "https://gallica.bnf.fr/ark:/12148/bpt6k6516498n",
                  "emotions": [
                        "love",
                        "embarrassment"
                  ],
                  "excerpt": "Y a - t - il au contraire rien de plus charmant aue les cheveux d ' une belle couleur , arrangés proprement et éclatans d ' un lustre dont l ' œil est ébloui .Les uns plus blonds que l ' oi qui pâlit , les autres noirs comme le plumage d ' un corbeau , et aussi changeans que la gorge des pigeons ; tantôt parfumés d ' essences précieuses , tantôt peignés avec soin , et tressés élégamment autour de la tête , sont comme un miroir où l ' amant se retrouve et se fixe avec plaisir .Enfin , la chevelure est quelque chose de si beau , que quand une personne paraîtrait avec les plus beaux ajustemens , s ' il se trouve quelque négli - i gence dans ses cheveux , ou quelque irrér gularité dans sa coiffure , toute sa parure lui devient inutile .",
                  "id": "3",
                  "title": "L'Abdeker moderne, ou manuel de la beauté, de la santé et de la toilette, contenant des avis utiles sur l'art de conserver la beauté... avec l'indication des meilleurs procédés pour l'entretien du teint, de la bouche..."
            },
            {
                  "doc_url": "https://gallica.bnf.fr/ark:/12148/bpt6k5426238h",
                  "emotions": [
                        "love",
                        "nostalgia"
                  ],
                  "excerpt": "la grammes .Aimée officinale 15 — Angélique 13 — Acore \" odorant 15 — Paire macérer trente - six heures dans un demi - litre - : ' de rhum .Si vous avez l ' habitude da ^ rendre des liqueur — 18 — fortes , continuez , mais en modérant , car à chaque excitation alcoolique succède fatalement une période de dépression pendant laquelle l ' organisme cesse de fonctionner comme à l ' état ordinaire .",
                  "id": "4",
                  "title": "La Vérité sur le choléra / par le Dr Rochu"
            },
            {
                  "doc_url": "https://gallica.bnf.fr/ark:/12148/bpt6k4220085x",
                  "emotions": [
                        "admiration",
                        "love",
                        "nostalgia",
                        "gratitude",
                        "approval"
                  ],
                  "excerpt": "Je le déclare : le blâme , cette fois , me parait encore plus immérité que tout à l ’ heure l ’ éloge .J ’ aime , je l ’ avoue , cette enfant grêle et chaste , mieux parfumée de son innocence printanière que des senteurs du nénuphar que son pied va fouler .J ’ aime son étonnement au bord des ondes cristallines et ce mouvement de naïve coquetterie qui la pousse en avant , pour contempler son image immaculée .",
                  "id": "5",
                  "title": "XIVme exposition de la Société des amis des arts de Bordeaux. La peinture / par Georges Talbot"
            },
            {
                  "doc_url": "https://gallica.bnf.fr/ark:/12148/bpt6k61980d",
                  "emotions": [
                        "love"
                  ],
                  "excerpt": "L ' imagination la plus puissante , livrée à ses caprices , crée des fantoches qui ne font pas longtemps illusion .Le romancier observateur campe debout des êtres dont nous connaissons le tempérament , les mœurs , les idées , le visage , les tics , la voix et jusqu ' à l ' odeur .Peu importe le drame en lui - même .",
                  "id": "6",
                  "title": "L'évolution naturaliste : G. Flaubert, les Goncourt, M. Alphonse Daudet, M. É. Zola, les poètes, le théâtre / Louis Desprez"
            },
            {
                  "doc_url": "https://gallica.bnf.fr/ark:/12148/bpt6k5846575b",
                  "emotions": [
                        "surprise",
                        "love",
                        "desire",
                        "doubt",
                        "disappointment"
                  ],
                  "excerpt": "Jamais des passions le souffle ne rencontre Ce fond que l ' Infini seul peut voir et toucher .Un jour ta profondeur aux regards s ' est offerte ; Sur tes flots , il est vrai , \" passait un vent de feu ; Mais , cette seule fois , à qui s ' ost - elle ouverte ? Était - ce à la tempête , ô mer , était - ce à Dieu ? LA BRANCHE DE ROSIER La branche balance ses roses , Groupe joyeux et parfumé ; Mais , depuis qu ' elles sont écloses , Elle cède à ce poids aimé .Plus près du sol blanc de poussière Elle s ' incline sous les fleurs , Comme sous la joie éphémère Vers la terre inclinent nos coeurs .",
                  "id": "7",
                  "title": "Nouvelles poésies, par Octave Ducros,..."
            },
            {
                  "doc_url": "https://gallica.bnf.fr/ark:/12148/bpt6k1148382",
                  "emotions": [
                        "love",
                        "envy",
                        "greed"
                  ],
                  "excerpt": "C ' est fâcheux , sans doute , malis c ' est ainsi .Ces messieurs du faubourg ont le dessus du panier des amours , et comme ils ont l ' appétit des vingt ans , ils mordent aux grappes amoureuses lorsqu ' elles sont dans toute leur fraîcheur , dans tout leur éclat , dans toute leur saveur , dans tout leur parfum , et ils n ' en laissent que ce qu ' ils ne peuvent pas manger .Heureusement qu ' ils en laissent beaucoup .",
                  "id": "8",
                  "title": "Au bord de la Bièvre : impressions et souvenirs (Nouvelle édition, précédée d'une bibliographie des ouvrages de l'auteur) / Alfred Delvau"
            },
            {
                  "doc_url": "https://gallica.bnf.fr/ark:/12148/bpt6k888363w",
                  "emotions": [
                        "trust",
                        "love",
                        "calmness"
                  ],
                  "excerpt": ".Voilà donc pourquoi , dès leur première entrevue , il s ’ était senti comme enveloppé , auprès de ce chef , par les effluves d ’ une grande douceur confiante .Il avait connu sa mère ! Il l ’ avait aimée ! Il connaissait son douloureux secret , puisqu ’ il plaidait avec une éloquence vibrante pour la triste femme ! Le regard du général Yvelin était sur le sien , apitoyé .",
                  "id": "9",
                  "title": "L'aimée (notre terre) : grand roman inédit / Lise Pascal"
            },
            {
                  "doc_url": "https://gallica.bnf.fr/ark:/12148/bpt6k202510t",
                  "emotions": [
                        "love",
                        "caring"
                  ],
                  "excerpt": "A la vérité , les animaux , et sur - tout les mouches et les .papillons , ont - des plantes qui leur sont propres , et qui les / attirent ou les rebutent par leurs émanations ; mais ces affections semblent liées avec leurs besoins .L ' homme seul est sensible .",
                  "id": "10",
                  "title": "Oeuvres complètes de Jacques-Henri-Bernardin de Saint-Pierre. T. 4, 2 / , mises en ordre et précédées de la vie de l'auteur, par L. Aimé-Martin"
            },
            {
                  "doc_url": "https://gallica.bnf.fr/ark:/12148/bpt6k6579478g",
                  "emotions": [
                        "love",
                        "faith"
                  ],
                  "excerpt": "» telles larmes n ' étaient tombées sur les pieds de l ' homme .On avait pu seulement les adorer par crainte , ou amour , les laver dans des eaux embaumées .» Tout en pleurant , Marie laisse tomber ses cheveux autour de sa tête , et faisant de leurs tresses magnifiques un instrument de sa pénitence , elle essuie de leur soie humiliée les larmes qu ' elle répand .",
                  "id": "11",
                  "title": "Massillon / par l'abbé P.-A. Sanvert"
            },
            {
                  "doc_url": "https://gallica.bnf.fr/ark:/12148/bpt6k54612708",
                  "emotions": [
                        "fear",
                        "love",
                        "nostalgia",
                        "doubt"
                  ],
                  "excerpt": ".Cependant La lune qui décroît va quitter l ' Occident , Et , si nous refusons de partir avec elle , Tout chemin nous sera fermé ! URGANDE Que nous importe , ô mon aimé ? GWION Mais c ' est le clos d ' antan , le pourpris embaumé , Et le val et la source et les champs d ' asphodèle , C ' est tout l ' Éden que nous perdons , chère infidèle , Si l ' aube nous retrouve ici ! , ..",
                  "id": "12",
                  "title": "Poésies complètes : Amour breton, Le bois dormant, Le pardon de la reine Anne, Impressions et souvenirs / Charles Le Goffic"
            },
            {
                  "doc_url": "https://gallica.bnf.fr/ark:/12148/bpt6k57685276",
                  "emotions": [
                        "love"
                  ],
                  "excerpt": "Le traitement local consistera dans un attouchement , léger avec le crayon de nitrate d ' argent , la solution de nitrate d ' argent au 1 / 40 ou la teinture d ' iode .On renouvellera le pansement aseptique tous les jours et on n ' oubliera pas que l ' origine de ces manifestations est presque toujours dans une affection nasale qu ' il faudra traiter par des lavages , des préparations mentholées ou résorcinées , etc .S ' il y a un abcès au - dessous du placard impétigineux , on pratiquera une incision horizontale , parallèle au sourcil , pour évacuer largement le pus , puis on fera un pansement aseptique à plat .",
                  "id": "13",
                  "title": "Précis d'ophtalmologie (3e édition refondue) / par le Dr. V. Morax,... ; avec 453 figures, et un atlas ophtalmoscopique du Dr. Polack"
            },
            {
                  "doc_url": "https://gallica.bnf.fr/ark:/12148/bpt6k96234946",
                  "emotions": [
                        "love"
                  ],
                  "excerpt": "Le parfum du terroir n ' est pas tout .Les poésies des frères Matthis ont ce parfum - là .Mais ( 1 ) Albert et Adolphe Matthis .",
                  "id": "14",
                  "title": "La Vie en Alsace : revue mensuelle illustrée"
            },
            {
                  "doc_url": "https://gallica.bnf.fr/ark:/12148/bpt6k42200907",
                  "emotions": [
                        "joy",
                        "love",
                        "nostalgia",
                        "gratitude"
                  ],
                  "excerpt": ".que lui , dans ce touchant asile ! C ’ est le même parfum qui court dans l ’ air tranquille ! Cette lampe y brûle toujours ! O Délie ! est - ce là que j ’ ai souri moi - même A l ’ objet adoré que m ’ offrait ce miroir ? ■ 7 2 MARCELINE DESBORDES - VALMORE Qu ’ il est beau le miroir qui double ce qu ’ on aime ! Ce portrait qui se meut , quel bonheur de le voir ! Je marche où de ses pieds mes pieds pressaient l ’ empreinte .Que de fois , pour tromper l ’ embarras le plus doux , Cette harpe , au hasard , parla seule entre nous ! Mais ces lieux qu ’ à présent je parcours avec crainte , Ces parfums , ces flambeaux , ces brillantes couleurs , Ces contrastes de mes douleurs , Ces messages riants qu ’ à vos pieds on envoie , Tout parle , tout s ’ empreint d ’ une alarmante joie , Et mon cœur .",
                  "id": "15",
                  "title": "Choix de poésies / Marceline Desbordes-Valmore ; notice par Maxime Formont"
            },
            {
                  "doc_url": "https://gallica.bnf.fr/ark:/12148/bpt6k9351800",
                  "emotions": [
                        "love",
                        "envy"
                  ],
                  "excerpt": "La Primevère est une jolie petite plante qui nous annonce le printemps ; tous les enfants la connaissent sous les noms de Pipette , Coucou , etc ., et la recherchent pour ses belles fleurs jaunes , odorantes .Ils en tressent de jolies guirlandes , des petites couronnes , ou bien les roulent en balles légères qu ’ ils lancent sur le gazon que la neige vient d ’ abandonner pour faire place à la verdure naissante .",
                  "id": "16",
                  "title": "Le Petit botaniste de l'enfance, ou Leçons sur l'histoire et les usages des plantes les plus utiles à connaître / par A. Pascal,..."
            },
            {
                  "doc_url": "https://gallica.bnf.fr/ark:/12148/bpt6k5490771x",
                  "emotions": [
                        "love",
                        "nostalgia",
                        "caring",
                        "doubt",
                        "curiosity"
                  ],
                  "excerpt": "448 LE CATHOLICISME ET LA VIE DE l / ESPRIT beauté d ' une manière assez élevée .Mais je me demande si je no la comprendrais pas mieux encore , la tôle excitée par une liqueur généreuse , paré , parfumé , seul à seul avec la Réatrix que jo n ' ai - vue que dans mes rêves ? Si ma pensée était là incarnée à côté de moi , no l ' aimerais - jc pas , po l ' adorcrais - jo pas davantage ? Certes , s ' il y a quelque chose d ' horrible , c ' est de chercher du plaisir dans l ' ivresse .Mais si on ne cherche qu ' à aider l ' extase par un élément matériel très noble , et qui a suscité do si nobles chants , c ' est tout autre chose .",
                  "id": "17",
                  "title": "Le catholicisme et la vie de l'esprit / par George-L. Fonsegrive"
            },
            {
                  "doc_url": "https://gallica.bnf.fr/ark:/12148/bpt6k62144381",
                  "emotions": [
                        "love"
                  ],
                  "excerpt": "On ne doit pas « considérer comme nécessairement inodore une substance qui n ' impressionne pas notre appareil olfactif .On arrivera peut - être à cette conception déjà émise par Théophraste , que tous les corps de la nature sont odorants .« Rappelons en terminant que les fonctions sexuelles ont une influence considérable sur l ' intensité des parfums qu ' émettent les corps vivants : les animaux notamment présentent une odeur très forte au moment du rut .",
                  "id": "18",
                  "title": "Nouveaux éléments de physiologie / par les DD. Paul Langlois,... Henry de Varigny,... ; précédés d'une introduction par M. Ch. Richet,..."
            },
            {
                  "doc_url": "https://gallica.bnf.fr/ark:/12148/bpt6k398139",
                  "emotions": [
                        "love"
                  ],
                  "excerpt": "Hermétiquement enveloppée d ' un quârri qui ferme toute issue à l ' air extérieur , la femme vient alors s ' accroupir sur ce foyer concentré .Elle y demeure assez longtemps pour qu ' en montant , la fumée , retenue par l ' épais tissu , imprègne de ses parfums tous les pores de la peau , et communique au corps une souplesse voluptueuse , chère , paraît - il , aux mystères des tendresses conjugales .C ' est là une opération délicate et importante dont l ' accomplissement requiert des précautions minutieuses , non moins qu ' une haute expérience .",
                  "id": "19",
                  "title": "Aux Pays du Soudan : Bogos, Mensah, Souakim / Denis de Rivoyre ; dessins de E. Martin-Chablis"
            },
            {
                  "doc_url": "https://gallica.bnf.fr/ark:/12148/bpt6k65569549",
                  "emotions": [
                        "love"
                  ],
                  "excerpt": "blé particulierement lorsqu ' il est sur le feu , apres avoir été dissout dans le vinaigre [pour être employé dans l ' emplâtre Divia & dans quelques autres : Il y en a qui nomment cette espece Gomme Alouchy .A l ' égard de la premiere qui est plus estimée , elle entre dans la composition des Trochisques odorans appellez des Arabes Cy - phi , dans le Mithridat , & elle donne Je nom aux pilules de Bdellio de Mesue : let Myrabolans qui entrent en assez grandes dose dans ces pilules en font la principalle vertu , & font causes que quelques Auteurs les recommandent pour les cours de ventre & pour arrêter les pertes de fang depuis demye dragme jusqu ' à une .Le Bdellium est ordinairement employé pour resoudre les tumeurs , netoyer les pViyes Se les conduire à cicatrice : Orv s ' en sert peu interieurement quoy qu ' il y ait des Auteurs qui soutiennent qu ' il est Astringent & propre dans les hemorS & même dans la Plitifie .",
                  "id": "20",
                  "title": "Abrégé de l'histoire des plantes usuelles, dans lequel on donne leurs noms différens françois et latins, la manière de s'en servir, la dose et les principales compositions de pharmacie dans lesquelles elles sont employées... par J.-B. Chomel,..."
            }
      ]
}