{
      "articles": [
            {
                  "doc_url": "https://gallica.bnf.fr/ark:/12148/bpt6k56109833",
                  "emotions": [
                        "love"
                  ],
                  "excerpt": ".r 8oLorsque 8oLorsque baiser l ' allume , Toji souffle brûle et parfume , Tiède et suave encensoir ; Une rose d ' Idumée S ' entr ' ouvre , moins embaumée Aux lèvres du vent du soir .Aussi ( que de fois j ' en pleure ! ) Etoile et fleur , à toute heure , D ' audacieux papillons Voltigent , essaim frivole , Dans l ' encens de la corolle Et dans l ' or de tes rayons .",
                  "id": "1",
                  "title": "Bouquet de violettes : souvenirs du printemps de 1850 / par F. Sténio"
            },
            {
                  "doc_url": "https://gallica.bnf.fr/ark:/12148/bpt6k56109833",
                  "emotions": [
                        "love",
                        "nostalgia",
                        "doubt"
                  ],
                  "excerpt": "YXOLA PA & MXH8IS .Mystérieux courrier aux ailes odorantes Du poète amoureux messager embaumé , Toi qui portes là - bas tant de choses aimantes , N ' apporteras - lu rien du pays bien - aimé ? ..",
                  "id": "2",
                  "title": "Bouquet de violettes : souvenirs du printemps de 1850 / par F. Sténio"
            },
            {
                  "doc_url": "https://gallica.bnf.fr/ark:/12148/bpt6k56109833",
                  "emotions": [
                        "admiration",
                        "love"
                  ],
                  "excerpt": "Les peines qui parfois rendent nos fronts moroses , L ' amour a des secrets pour nous les faire aimer .L ' amour est un soleil qui dore toutes choses , L ' amour est une fleur qui sait tout parfumer .XXIII .",
                  "id": "3",
                  "title": "Bouquet de violettes : souvenirs du printemps de 1850 / par F. Sténio"
            },
            {
                  "doc_url": "https://gallica.bnf.fr/ark:/12148/bpt6k56109833",
                  "emotions": [
                        "admiration",
                        "joy",
                        "grief",
                        "love",
                        "nostalgia",
                        "gratitude"
                  ],
                  "excerpt": ", .Vous fîtes éclore , humbles fleurs que j ' aime , Mon dernier amour , mon premier poeme ; Mes yeux dans ses yeux , mon coeur dans son coeur Trouvaient votre azur el votre candeur ; Votre arôme était pur comme son âme .Je chantai , j ' aimai ta ( leur cl la femme .",
                  "id": "4",
                  "title": "Bouquet de violettes : souvenirs du printemps de 1850 / par F. Sténio"
            },
            {
                  "doc_url": "https://gallica.bnf.fr/ark:/12148/bpt6k56109833",
                  "emotions": [
                        "admiration",
                        "joy",
                        "love",
                        "calmness"
                  ],
                  "excerpt": "VIOLA STELLATA , Dieu t ' a faite , ô ma mignonne , Belle a ceindre une couronne * * .Et ton regard et ton coeur Ont , sans qu ' une ombre les voile , Des rayons comme une étoile , Des parfums comme une fleur .Car ton regard étincelle .",
                  "id": "5",
                  "title": "Bouquet de violettes : souvenirs du printemps de 1850 / par F. Sténio"
            },
            {
                  "doc_url": "https://gallica.bnf.fr/ark:/12148/bpt6k56109833",
                  "emotions": [
                        "admiration",
                        "love",
                        "nostalgia",
                        "gratitude"
                  ],
                  "excerpt": "VIOLA LAUREA Accipe , Violettina .A toi , qui fus , au mois vermeil , Et leur rosée et leur soleil , Ces fleurs à corolle azurine ! A loi le poème amoureux Dont lu voulus , aux jours heureux , Être la museel l ' héroïne ! — 1 ^ 0 Ces fleurs ne sont que des débris ; Oui , mais leurs calices flétris Gardent un parfum de ton âme .Ces chants n ' ont plus le feu vainqueur ; Oui , mais leurs strophes de mon coeur Gardent un reflet de la flamme .",
                  "id": "6",
                  "title": "Bouquet de violettes : souvenirs du printemps de 1850 / par F. Sténio"
            },
            {
                  "doc_url": "https://gallica.bnf.fr/ark:/12148/bpt6k56109833",
                  "emotions": [
                        "admiration",
                        "love",
                        "nostalgia"
                  ],
                  "excerpt": "Sera - t - elle pour moi bonne autant qu ' elle est belle Et mon regard timide aura - t - il allumé Dans son regard céleste une seule étincelle De l ' amour dévorant dont je suis consumé ? A - t - ellc deviné ce que mon coeur recèle De dévoûment sans borne et d ' amour éternel ? Deviné que l ' encens que je brûle pour elle Est digne de l ' idole et digne do l ' autel ? A - t - elle deviné , dans l ' ombre où je me cache , Que d ' indignes amours j ' ai vécu vierge et pur , Et que , lierre aimant , pour que je me détache , 11 faut couper mon arbre ou démolir mon mur ? .Mystérieux courrier aux ailes odorantes , Du poète amoureux messager embaumé , Toi qui portes là - bas tant de choses aimantes , N ' apporteras - tu rien du pays bien - aimé ? ..",
                  "id": "7",
                  "title": "Bouquet de violettes : souvenirs du printemps de 1850 / par F. Sténio"
            },
            {
                  "doc_url": "https://gallica.bnf.fr/ark:/12148/bpt6k7366317z",
                  "emotions": [
                        "joy",
                        "love",
                        "optimism",
                        "excitement",
                        "gratitude"
                  ],
                  "excerpt": ".Hâtez - vous donc , hâtez - vous donc de vous gris & r Du parfum des bonheurs èclos sous un baiser Et d ' épuiser la - joie et la beauté de l ' heure — 0 Conquérants d ' amour ! — avant qu elle ne meure .- Lucien CHISELLE .",
                  "id": "8",
                  "title": "Septimanie : revue d'art / directeur Paul Duplessis de Pouzilhac"
            },
            {
                  "doc_url": "https://gallica.bnf.fr/ark:/12148/bpt6k201296n",
                  "emotions": [
                        "love"
                  ],
                  "excerpt": "Des milliers de chrétiens , à cet auguste aspect , Tombent à ses genoux , saisis d ' un saint respect .Dans les airs parfumés t ' encens monte en nuage Un chœur nombreux d ' enfants vole sur son passage ; Et vêtus d ' un lin blanc , symbole de ' leurs cœurs , Ils signalent sa marche en luijetant des fleurs .C ' est à travers les flots d ' une foule innombrable , Et dans cet appareil pompeux et respectable , Que ce Dieu de grandeur traverse la cité .",
                  "id": "9",
                  "title": "Botanique à l'usage de la jeunesse (6e édition) / par madame Bonnat"
            },
            {
                  "doc_url": "https://gallica.bnf.fr/ark:/12148/bpt6k201296n",
                  "emotions": [
                        "love",
                        "gratitude",
                        "approval"
                  ],
                  "excerpt": "Le gouverneur , étonné d ' apprendre qu ' ils n ' étaient pas morts , demanda ce qn ' ils avaient hn et mangé ce jour - là , et ayant appns que c ' était des citrons , il ordonna qu ' on en fit encore manger à l ' un des deux condamnés celui - ci fut sauvé , et son compagnon périt .L ' arbre égale en beautécetuiqMPhebus aime ; S ' il en avait ) ' odeur , c ' est ) e ) auriertui - mëme .' Sa feuille sans eubrt ne se peut arracher ; Sa Heurrésiste au doigt qui la veut détache ) ' , Et son sue du vieillard qui respire avec peine Raffermit les poumons et parfume l ' haleine .",
                  "id": "10",
                  "title": "Botanique à l'usage de la jeunesse (6e édition) / par madame Bonnat"
            },
            {
                  "doc_url": "https://gallica.bnf.fr/ark:/12148/bpt6k201296n",
                  "emotions": [
                        "admiration",
                        "love",
                        "nostalgia",
                        "gratitude",
                        "approval"
                  ],
                  "excerpt": "ROMANCE .Aimable fille du printemps , Timide amante des bocages , Ton doux parfum charme nos sens , Et tu sembles fuir mes hommages .Semblable au bienfaiteur discret Dont la main secourt l ' indigence , Tu nous présentes le bienfait Et tu crains la reconnaissance .",
                  "id": "11",
                  "title": "Botanique à l'usage de la jeunesse (6e édition) / par madame Bonnat"
            },
            {
                  "doc_url": "https://gallica.bnf.fr/ark:/12148/bpt6k64395275",
                  "emotions": [
                        "love"
                  ],
                  "excerpt": "C ' est léger , suave , sans éclat , sobre de dorure .C ' est un vrai réduit taillé pour une passion encore à sa lune de miel , embaumé par des jardinières pleines de fleurs rares .Sous une lampe florentine , recouverte d ' un abatjour à longues franges de soie verte , se dresse une table étincelante d ' argenterie , d ' or , de nacre , de porcelaines .",
                  "id": "12",
                  "title": "Ces messieurs et ces dames / par E. Navarro de la Miraglia,... ; 30 dessins de Paul Hadol"
            },
            {
                  "doc_url": "https://gallica.bnf.fr/ark:/12148/bpt6k61198164",
                  "emotions": [
                        "joy",
                        "love"
                  ],
                  "excerpt": "fe j9ttt00n0 Kt l ' amour .COMME letems , l ' Amour marque la vie ; Comme le tems , il suit aussi son cours ; D ' abord il naît , et dans l ' ame asservie Il a promis du bonheur , de beaux jours : C ' est le Printems : la fleur à peine éclose Embaume l ' air de sa tendre fraîcheur ; L ' objet qu ' on aime en est la fraîche rose , Et son esprit en est la douce odeur .L ' Été brûlant , celui de la nature , Est moins cruel que celui de nos coeurs ; L ' oiseau qui chante est l ' aimable murmure De deux amans qui disent leurs douleurs ; ROMANCES .",
                  "id": "13",
                  "title": "Poésies nouvelles, par Pierquin de Gembloux,..."
            },
            {
                  "doc_url": "https://gallica.bnf.fr/ark:/12148/bpt6k204527c",
                  "emotions": [
                        "surprise",
                        "grief",
                        "love",
                        "optimism",
                        "nostalgia",
                        "excitement",
                        "gratitude"
                  ],
                  "excerpt": "Qui jamais oublia cette aube virginale ? .Ah ! qui ne saluerait l ' impossible retour De ce lever où l ' âme en parfums ne s ' exhale Gomme un bois odorant - qu ' aux flammes de l ' amour ! A ÉMILIE Toi dont le noir regard sourit au regard bleu , Enfant , de mon enfant douce et rieuse amie , Tu vas franchir le seuil ardu de cette vie Qui s ' ouvre devant toi comme un portail .en feu Que ma pensée émue , avec amour , épanche Sur ton beau front pensif la ferveur de ses veux Qu ' un nimbe impérissable éclaire tes cheveux , Grand voile brun jeté sur ton épaule blanche Quel poids , quel lourd labeur pour tes petites mains .",
                  "id": "14",
                  "title": "Poèmes lyriques / Tola Dorian (princesse Mestchersky)"
            },
            {
                  "doc_url": "https://gallica.bnf.fr/ark:/12148/bpt6k9760988m",
                  "emotions": [
                        "admiration",
                        "joy",
                        "love",
                        "approval"
                  ],
                  "excerpt": "J ' ai part à tes transports .De son haleine embaumée Par moi le charme est senti .LA DOUCHE .",
                  "id": "15",
                  "title": "Chansons complètes et poésies diverses de M. A. M. Désaugiers (Nouvelle édition... précédée d'une notice sur l'auteur et son oeuvre)"
            },
            {
                  "doc_url": "https://gallica.bnf.fr/ark:/12148/bpt6k96044086",
                  "emotions": [
                        "love",
                        "pride"
                  ],
                  "excerpt": "le vicomte d ' Arlincourt et tant d ' autres , m ' écri - virent des lettres charmantes .Un soir , comme j ' allais à un bal , on m ' apporte un carton élégant d ' où s ' exhalait le parfum le plus suave ; je l ' ouvre , il renfermait une guirlande composée de diverses fleurs , entremêlées d ' immortelles , avec ces mots empruntés du titre de ma nouvelle : « Au nom de l ' Opinion et de l ' Amour cette couronne vous appartient .Reconnaissant l ' écriture du docteur Alibert , ancien ami de ma famille , je posai aussitôt la couronne sur mes cheveux , je dansai toute la soirée ; et jamais bas - bleu n ' a paru mieux coiffé .",
                  "id": "16",
                  "title": "Le miroir des salons : scènes de la vie parisienne (Nouvelle édition...) / par Mme de Saint-Surin ; [avec une notice littéraire sur l'auteur, par L.-J.-N. Monmerqué]"
            },
            {
                  "doc_url": "https://gallica.bnf.fr/ark:/12148/bpt6k9371185",
                  "emotions": [
                        "love",
                        "caring"
                  ],
                  "excerpt": "★ On sait que la piété envers la sainte Vierge produit une fleur céleste , connue sur la terre sous le nom de pureté .Gomme nous venons de montrer avec quel amour Stanislas aimait Marie , c ’ est ici le lieu de faire respirer au lecteur le suave parfum d ’ innocence qp ’ exhale son âme tout angélique .VIE DE SAINT STANISLAS KOSTKA ^ j 36 Ceux qui ont l ’ expérience des âmes ont non seulement remarqué que la piété envers la sainte Vierge enfante la pureté , mais encore ils ont constaté que plus la dévotion de quelqu ’ un envers Marie est ardente et vraie , plus son innocence a d ’ éclat et de fraîcheur .",
                  "id": "17",
                  "title": "Vie de saint Stanislas Kostka (Nouvelle édition) / par l'abbé Gaveau,..."
            },
            {
                  "doc_url": "https://gallica.bnf.fr/ark:/12148/bpt6k6429252x",
                  "emotions": [
                        "love",
                        "caring"
                  ],
                  "excerpt": "Reine - Marie , Violette et André ne le quittaient pas .Sous les effluves chauds de ces tendresses profondes , le marquis avait vu sa fièvre s ' apaiser légèrement .Cependant la connaissance ne lui était pas encore revenue .",
                  "id": "18",
                  "title": "Les Mystères du coeur [par Paul d'Aigremont]. 1ère partie"
            },
            {
                  "doc_url": "https://gallica.bnf.fr/ark:/12148/bpt6k6307598j",
                  "emotions": [
                        "love"
                  ],
                  "excerpt": "Je suis convaincu qu ' un examen méthodique et scrupuleux çles fosses nasales peut éclaircir non seulement le mécanisme d ' insomnies rebelles et inexplicables , mais aussi l ' origine mystérieuse de certaines affections cérébrales 1 1 .Westenhœffer , à la suite de nombreuses expériences anatomopathologiques dans la méningite cérébro - spinale , soutient que l ' origine la plus fréquente de cette affection consiste dans la propagation de l ' infection purulente du nez et du pharynx aux méninges , le long des os sphénoïdaux et de la fosse pituitaire .et psychiques .",
                  "id": "19",
                  "title": "La Fonction du sommeil, physiologie, psychologie, pathologie / par le Dr Albert Salmon,..."
            },
            {
                  "doc_url": "https://gallica.bnf.fr/ark:/12148/bpt6k1174975d",
                  "emotions": [
                        "love"
                  ],
                  "excerpt": "La Marjolaine vulgaire ( Origanum Majorana ) est une plante vivace de 25 à 30 centimètres do hauteur , à tiges grêles , ligneuses , velues et rameuses , garnies de feuilles elliptiques - obtuses , blanchâtres , portant à la partie supérieure , aux aisselles des feuilles , des épis courts et arrondis , réunis trois à trois , lesquels forment corymbe dans leur ensemble .— Fortement aromatique et excitante ; employée dans les affections nerveuses et , cérébrales , et dans les cas indiqués pour l ' Origan .Sa poudre est un puissant stornutatoire , propre à dégager le cerveau .",
                  "id": "20",
                  "title": "Traité pratique et rationnel de botanique médicale par Paul Hacquart. Avec préface de Louis Jourdan"
            }
      ]
}