{
      "articles": [
            {
                  "doc_url": "https://gallica.bnf.fr/ark:/12148/bpt6k5857581n",
                  "emotions": [
                        "grief",
                        "love",
                        "nostalgia"
                  ],
                  "excerpt": "» Néala posa ses lèvres virginales sur le front du guerrier : chaste baiser , que les dieux envièrent , et qui ne fut jamais souillé ! « Adieu » , dit la vierge , en s ' éloignant d ' Idamore ; et sa douce voix répétait encore adieu en refermant sur elle les portes du temple .Idamore ne voit plus son amie , mais il sent encore la pression de ses lèvres , le parfum de ses voiles , les battemens de son coeur .Il - est tiré de cette douce illusion par les premières exclamations de joie que le peuple pousse dans Bénarès .",
                  "id": "1",
                  "title": "Le paria. Tome 1 / , par Madame Claire de ***"
            },
            {
                  "doc_url": "https://gallica.bnf.fr/ark:/12148/bpt6k8288808v",
                  "emotions": [
                        "admiration",
                        "love",
                        "pride",
                        "gratitude",
                        "calmness",
                        "approval"
                  ],
                  "excerpt": "~ L * m YIMT D ' où viens - tu , vent qui romps en passant les [ blés d ' or , Et courtises au vol la source diaphane ? Tu recueilles l ' odeur de la fleur qui se fane , Et glisses , caresseur , sur l ' eau de l ' étang mort .Ta joue est fraîche , ainsi que celle d ' une femme , Et ta lèvre a le goût de leurs lèvres d ' amour , Car , tu fléchis ton aile à leur divin contour , Et dispenses après leur parfum dans notre âme .Blonds ou noirs , des cheveux pour bercer ■ ton [ sommeil , Assouplissent l ' envol odorant de leurs tresses , Et ta chanson se plaint par les nuits de détresse De la nonne enfermée au moûtier sans soleil .",
                  "id": "2",
                  "title": "L'Écho des étudiants : organe de solidarité et d'intérêts professionnels indépendant : littéraire, scientifique, artistique, sportif et mondain"
            },
            {
                  "doc_url": "https://gallica.bnf.fr/ark:/12148/bpt6k6523878m",
                  "emotions": [
                        "love"
                  ],
                  "excerpt": "C ' est ainsi que les nerfs qui influencent la vue diffèrent de ceux mêmes qui se répandent dans l ' intérieur de l ' œil sur les muscles et la glande lacrymale ; et bien certainement le ganglion de Mœkel ne se trouve pas dans l ' orbite sans avoir un but à remplir .Les nerfs de l ' ouïe , ceux du goût , de l ' odorat , sont bien différents de ceux qui se rendent dans l ' organe pulmonaire , au cœur , aux organes splanchniques , dont les effets et les usages n ' onl aucun rapport : ce sont presque toujours des affections nerveuses , que l ' on a prises pour des affections sympathiques .Je concluerai donc de ce que je viens de dire que chaque organe , tissu , système , etc .",
                  "id": "3",
                  "title": "Danger et absurdité de la doctrine physiologique du docteur Broussais , et Observations sur le typhus de 1814, la maladie qui a régné à l'École de S.-Cyr en 1821, et les fièvres adynamiques en général, par L.-A. Lesage,..."
            },
            {
                  "doc_url": "https://gallica.bnf.fr/ark:/12148/bpt6k6572284b",
                  "emotions": [
                        "love",
                        "calmness"
                  ],
                  "excerpt": "Et ce fut dans une chambre toute de guipure et de satin mauve , qu ' elle entra , moi le voulant .Des parfums , que jamais jusqu ' à ce soir je n ' avais respirés , alourdissaient l ' air , tièdement ; la clarté endormie d ' une veilleuse , tendre comme des yeux qui meurent d ' amour , caressait , incertaine , le mystère blanc du lit dans le fond vague et charmé de l ' alcôve .Ce lit , je le lui montrai , et elle s ' en approcha , et quand j ' eus désigné du doigt le haut de son corsage , elle se mit à ouvrir , bouton par bouton , l ' étroite enveloppe de soie .",
                  "id": "4",
                  "title": "L'amour qui pleure et l'amour qui rit / par Catulle Mendès"
            },
            {
                  "doc_url": "https://gallica.bnf.fr/ark:/12148/bpt6k6572284b",
                  "emotions": [
                        "surprise",
                        "love",
                        "nostalgia",
                        "gratitude"
                  ],
                  "excerpt": "Peutêtre vouliez - vous prendre le voile ? Il vous reste une vague odeur d ' encens ; vous êtes une fleur de chapelle , toute mouillée encore d ' une rosée d ' eau bénite .Aussi , coquette et mondaine comme je suis , une rose artificielle parfumée d ' oppaponax , et presque vieille déjà , — trente et un ans , ma mignonne ! — vous m ' étonnez absolument ; ce qui fait que je vous adore .Je vais m ' en aller , cela m ' intéresse de vous voir venir .",
                  "id": "5",
                  "title": "L'amour qui pleure et l'amour qui rit / par Catulle Mendès"
            },
            {
                  "doc_url": "https://gallica.bnf.fr/ark:/12148/bpt6k6572284b",
                  "emotions": [
                        "love",
                        "caring"
                  ],
                  "excerpt": "Lui , cependant , il ne daignait regarder ni les filles du roi de Golconde , ni celles du prince qui règne dans les Iles Fortunées sur un peuple d ' oiseaux magiciens .Vers moi seule se tournaient ses doux yeux clairs , et , tout le soir , courtois et tendre , il me disait de douces et galantes paroles , tandis que des ibis de toutes les couleurs , qui portaient des plats de vermeil dans leurs becs , nous servaient , sur des tables de cristal , des mets exquis , étranges , — viandes aux saveurs de miel , fruits aux parfums de fleurs — qui avaient le goût des bonbons de chez Boissier .Surtout n ' allez pas croire que mon rêve m ' abandonnât dans les réalités quotidiennes de la vie ! Je ne chevauchais pas toujours avec le prince à travers les féeriques mystères ; mais sans cesse , même lorsque je prenais ma leçon d ' anglais ou que je jouais au piano une sonate de démenti , j ' étais convaincue qu ' il existait véritablement , le beau fils de roi , et qu ' il m ' aimait , ou m ' aimerait ! Si bien qu ' un jour je m ' approchai de mon père qui lisait son journal et le priai , d ' un petit air résolu , de me donner l ' adresse du prince Charmant .",
                  "id": "6",
                  "title": "L'amour qui pleure et l'amour qui rit / par Catulle Mendès"
            },
            {
                  "doc_url": "https://gallica.bnf.fr/ark:/12148/bpt6k9650016h",
                  "emotions": [
                        "love",
                        "courage",
                        "faith"
                  ],
                  "excerpt": "Ainsi parées , elles conduisent devant l ' autel la jeune néophyte .Là chacun vie # t déposer un chaste baiser sur les lis de son front ; puis le saint - chrême y verse ses parfums , et l ' auguste vieillard lui fait line égide de ses mains sacrées , Alors elle conuut l ' esprit de science ; le courage la couvrit comme d ' une cuirasse , et de ses lèvres coulèrent des paroles douces comme la manne d ' Engaddj distillant la rosée .O muses de Galilée , qui les avez recueillies , dites - nous comment , conduite devant le censeur romain , lit jeune vierge confondit ses accusateurs , par le seul ascendant de la vertu empreinte sur ses traits ! Interrogée sur ce qu ' elle pensait de leurs divinités , elle ne voulut point mentir , mais elle répondit calme et fière : « A quoi bon , Romains , entourer de vos faisceaux les dqis du culte de Numa ? y a - t - il de h ^ che qui tranche la pcn , sée , de puissance qui rouvre les portes de l ' ange aux déités que rame a bannies ? Regardez au loin et près de vous : le ieu de vos autels n ' est plus qu ' une cendre froide ; vos temples sont veufs de la foule qui les assiégeait ; le nuage des parfums sacrés s ' eH dissipé .",
                  "id": "7",
                  "title": "Revue poétique du XIXe siècle : ou Choix de poésies contemporaines inédites ou traduites des langues européennes et orientales"
            },
            {
                  "doc_url": "https://gallica.bnf.fr/ark:/12148/bpt6k54077951",
                  "emotions": [
                        "joy",
                        "love",
                        "excitement",
                        "relief",
                        "gratitude"
                  ],
                  "excerpt": "L ' obscur souffle inconnu qui dans ce demi - jour Passe , et que vous prenez pour le vent , c ' est l ' amour ; Et vous êtes la goutte et le monde est le vase .Amants , votre soupir fait déborder l ' extase ; Au - dessus de vos fronts les rameaux frémissants Mêlent leurs bruits , leurs voix , leurs parfums , leur encens ; L ' émotion au bois profond se communique , Et la fauve dryade agite sa tunique .VI THÉOCRITE O belle , crains l ' Amour , le plus petit des dieux , Et le plus grand ; il est fatal et radieux ; Sa pensée est farouche et sa parole est douce ; On le trouve parfois accroupi dans la mousse , Terrible et souriant , jouant avec les fleurs ; Il ne croit pas un mot de ce qu ' il dit ; les pleurs Et les cris sont mêlés à son bonheur tragique ; Maïa fit la prairie , il fait la géorgique ; L ' Amour en tout temps pleure , et triomphe en tout lieu ; La femme est confiante aux baisers de ce dieu , Car ils ne piquent pas , sa lèvre étant imberbe .",
                  "id": "8",
                  "title": "Légende des siècles. Nouvelle série. Edition 5,Tome 2"
            },
            {
                  "doc_url": "https://gallica.bnf.fr/ark:/12148/bpt6k6138830n",
                  "emotions": [
                        "joy",
                        "love",
                        "excitement"
                  ],
                  "excerpt": "Dès que la fleur , échappée à l ' enfance , A déployé sa fraîche adolescence , ( O de l ' instinct pouvoir miraculeux ! ) ^ Soudain l ' amant , qu ' irrite la distance , NOTES .HI Quille aux vents ses filtres amoureux ; De ses parfums les plus voluptueux Flatte de loin son amante nouvelle , etc .Ce système sexuel des plantes n ' est point un jeu de l ' imagination .",
                  "id": "9",
                  "title": "Poèmes et opuscules en vers et en prose. Tome 2 / , par M. Campenon,... Nouvelle édition"
            },
            {
                  "doc_url": "https://gallica.bnf.fr/ark:/12148/bpt6k6138830n",
                  "emotions": [
                        "grief",
                        "sadness",
                        "love",
                        "nostalgia",
                        "gratitude",
                        "disappointment"
                  ],
                  "excerpt": "L ' abeille rit de ce bruit formidable .Mais elle suit le parfum de vos fleurs ; Elle s ' abat sur la rose vermeille , Et de Narcisse aime à pomper les pleurs .Caressez donc , pour attirer l ' abeïlle , Mon odorat , sans blesser mon oreille .",
                  "id": "10",
                  "title": "Poèmes et opuscules en vers et en prose. Tome 2 / , par M. Campenon,... Nouvelle édition"
            },
            {
                  "doc_url": "https://gallica.bnf.fr/ark:/12148/bpt6k72786c",
                  "emotions": [
                        "sadness",
                        "love"
                  ],
                  "excerpt": "SARAH BERNARDT .EMMA ( Elégie ) – Ecoutez la triste aventure De deux amants infortunés , Par t ' impérieuse nature A d ' autres plaisirs condamnes Et vous , parents au cœur austère ~ Pourquoi pour ne rien empêcher – Forcez - vous les cœurs à se taire , Et les amants à se cacher ? – Il est , au fond d ' un bois propice , Un temple modeste et secret Que le parfum du sacrmce Révèle au péterin discret .Là , dépliant avec mystère Là , dépliant avec mystère Un papier qu ' elle ne lit pas , La beauté chaste et solitaire Dévoile un moment ses appas , Elle en sort confuse et légère , Elle en sort pour y revenir Mais , jamais , princesse ou bergère , Sans y laisser un souvenir .",
                  "id": "11",
                  "title": "Anthologie hospitalière et latinesque : recueil de chansons de salle de garde anciennes et nouvelles, entre-lardées de chansons du Quartier latin, fables, sonnets, charades, élucubrations diverses, etc.. T. 1 / par Courtepaille ; avec un avant-propos de Taupin"
            },
            {
                  "doc_url": "https://gallica.bnf.fr/ark:/12148/bpt6k1483191",
                  "emotions": [
                        "love",
                        "approval"
                  ],
                  "excerpt": "= Odorant , m .coronaria , fleurs blanches , odorantes , mai .= Baccifère , m .",
                  "id": "12",
                  "title": "Le Jardinier moderne, traité complet de jardinage, indiquant la manière d'établir, de distribuer et d'entretenir un jardin, la culture des fleurs, plantes et arbres d'ornement plantes potagères, arbres fruitiers, vigne, les travaux de chaque mois, etc., par V. Fournier et L. Bailleul"
            },
            {
                  "doc_url": "https://gallica.bnf.fr/ark:/12148/bpt6k6566906h",
                  "emotions": [
                        "love"
                  ],
                  "excerpt": "Les têtes se demandèrent alors l ' une à l ' autre : « Que ferons - nous pour cette jeune fille qui a été si bonne avec nous ? » La première tête prit la parole et dit : « Je lui donne une beauté qui la rendra digne du plus aimable prince qui soit au monde » .La seconde continua : « Et moi je donne à son corps et à son haleine un parfum qui surpassera les fleurs les plus suaves » .La troisième reprit : « Et moi je veux qu ' elle devienne l ' épouse du plus grand prince de la terre » .",
                  "id": "13",
                  "title": "Contes populaires de la Grande-Bretagne / Loys Brueyre"
            },
            {
                  "doc_url": "https://gallica.bnf.fr/ark:/12148/bpt6k5464130b",
                  "emotions": [
                        "joy",
                        "love",
                        "optimism",
                        "nostalgia",
                        "gratitude"
                  ],
                  "excerpt": "Oui , tout s ' en va , feuilles et roses , Brillants rayons , fleurs et beaux jours ; Mais nous avons des portes closes Et nous nous aimerons toujours .Sous la charmille , où les fauvettes Nous enivraient de chants joyeux , Plus de parfums , de violettes , Plus de baisers silencieux .Si les frimas ont fait la chasse Aux soirs attiédis des beaux jours , Au foyer bon feu les remplace , Là , nous nous aimerons toujours .",
                  "id": "14",
                  "title": "Fleurs et pleurs, souvenirs de jeunesse, par J. Blancheton"
            },
            {
                  "doc_url": "https://gallica.bnf.fr/ark:/12148/bpt6k5464130b",
                  "emotions": [
                        "grief",
                        "love"
                  ],
                  "excerpt": "De tant de coeurs j ' ai lassé la tendresse , Par des moyens peu consciencieux , Que j ' ai perdu mes droits à toute ivresse , Pauvre blasé , reste perclus et vieux .14 FLEURS ET PLEURS L ' AMANT & L ' OISEAU Bel oiseau qui dépasse , Dans ton rapide essor , Le nuage qui passe , Frangé de pourpre et d ' or .Pourquoi du frais bocag ' e As - tu fui les concerts ? Quel est donc ton message En parcourant les airs ? Dans ta course si rapide , Qui t ' appelle , oiseau joyeux ? Dans l ' espace qui te guide , Est - ce la terre ou les cieux ? D ' une amante qui pleure Et t ' attend chaque soir , Vas - tu vers la demeure Porter un peu d ' espoir ! Ou bien trompant l ' attente D ' un coeur aimant toujours , Vas - tu d ' une , inconstante Porter les froids discours ? Si ta tâche est finie , Si tu sais rendre heureux , Près d ' une belle amie , Vas porter mes aveux .",
                  "id": "15",
                  "title": "Fleurs et pleurs, souvenirs de jeunesse, par J. Blancheton"
            },
            {
                  "doc_url": "https://gallica.bnf.fr/ark:/12148/bpt6k5464130b",
                  "emotions": [
                        "joy",
                        "love",
                        "gratitude",
                        "faith"
                  ],
                  "excerpt": "Pourquoi du frais bocag ' e As - tu fui les concerts ? Quel est donc ton message En parcourant les airs ? Dans ta course si rapide , Qui t ' appelle , oiseau joyeux ? Dans l ' espace qui te guide , Est - ce la terre ou les cieux ? D ' une amante qui pleure Et t ' attend chaque soir , Vas - tu vers la demeure Porter un peu d ' espoir ! Ou bien trompant l ' attente D ' un coeur aimant toujours , Vas - tu d ' une , inconstante Porter les froids discours ? Si ta tâche est finie , Si tu sais rendre heureux , Près d ' une belle amie , Vas porter mes aveux .Sous la voûte embaumée De ses frais lilas blancs , Dis - lui qu ' elle est aimée , Répète - lui mes chants .FLEURS ET PLEURS 15 j A UN PROTECTEUR Comme autrefois , vos brillantes promesses En revêtant l ' habit de vérité , Viennent encor me parler de largesses , De galons d ' or , d ' un grade mérité .",
                  "id": "16",
                  "title": "Fleurs et pleurs, souvenirs de jeunesse, par J. Blancheton"
            },
            {
                  "doc_url": "https://gallica.bnf.fr/ark:/12148/bpt6k5464130b",
                  "emotions": [
                        "joy",
                        "love",
                        "optimism",
                        "excitement"
                  ],
                  "excerpt": "Aux jours de jeunesse joyeuse , Aux charmes d ' une vie heureuse , Dieu fait succéder , bien souvent , Les douleurs poignantes de l ' âme , Qui consument comme la flamme Que pousse et dirige le vent .FLEURS ET PLEURS 41 ROMANCE Sous le ciel qui rayonne D ' un éclat printanier , Allons tous deux mignonne Chercher un frais sentier , Où la mousse embaumée Par les premières fleurs , Sous la verte ramée Revêt mille couleurs .Refrain .",
                  "id": "17",
                  "title": "Fleurs et pleurs, souvenirs de jeunesse, par J. Blancheton"
            },
            {
                  "doc_url": "https://gallica.bnf.fr/ark:/12148/bd6t5373470r",
                  "emotions": [
                        "joy",
                        "love",
                        "relief",
                        "calmness",
                        "caring"
                  ],
                  "excerpt": "Le plaisir jaillit pour lui de chaque source , il s ’ exhale de chaque fleur , il retentit dans chaque bocage .Son esprit est serein comme un beau jour d ’ été ; ses affections sont douces et pures comme le parfum des fleurs du printemps ; sa vie est tranquille comme un beau soir d ’ automne ! Heureux qui , des beautés delà nature , élève son cœur vers le Créateur ! 493 .RÉCITATION ET ÉLOCUTION L ’ Aumône .",
                  "id": "18",
                  "title": "Le Style enseigné par les leçons de choses et la pratique... par S. Constans. Cours élémentaire et moyen. Livre du maître"
            },
            {
                  "doc_url": "https://gallica.bnf.fr/ark:/12148/bpt6k5477715x",
                  "emotions": [
                        "love"
                  ],
                  "excerpt": "LE TRIOMPHE DES BEAUX - ARTS LE TRIOMPHE DES BEAUX - ARTS .La poésie est le parfum de l ' àme .Refrain .",
                  "id": "19",
                  "title": "La France par Constant Guimard,..."
            },
            {
                  "doc_url": "https://gallica.bnf.fr/ark:/12148/bpt6k5849233w",
                  "emotions": [
                        "love"
                  ],
                  "excerpt": "— D ' après le Dr Berg , le bisulfite de chaux constitue le meilleur antiseptique , non toxique pour l ' homme et cependant très toxique pour les microbes pathogènes ; par son odeur , il est facile à reconnaître .Etendu de 4 à 8 fois son volume , il sert comme gargarisme dans les affections catarrhales 40 BLEU DE METHYLENE .des muqueuses ; des solutions , au litre ci - dessus , ont agi avantageusement dans le traitement de la vaginite , de l ' endométrite , de l ' eczéma , des brûlures et des abcès .",
                  "id": "20",
                  "title": "Formulaire des médicaments nouveaux pour 1897 / par H. Bocquillon-Limousin,... ; avec une introduction par Henri Huchard,..."
            }
      ]
}