{
      "articles": [
            {
                  "doc_url": "https://gallica.bnf.fr/ark:/12148/bpt6k5848524n",
                  "emotions": [
                        "love"
                  ],
                  "excerpt": "Leur saveur est nulle à la sortie du griffon : mais , exposées vingt - quatre heures à l ' air libre ou à la lumière , elles prennent un goût nauséeux , tout à fait désagréable , sans toutefois former aucun dépôt .Les eaux Savonneuses offrent au toucher quelque chose de plus doux que les autres sources : c ' est même 212 EAUX MINÉRALES DE L ' EST DE LA FRANCE , ce qui leur a valu l ' épithète de savonneuses .Ce prétendu savon , sur lequel on a tant écrit , paraît n ' être autre chose qu ' une espèce d ' argile dont la source se charge , en la subdivisant à l ' infini , pendant son trajet souterrain .",
                  "id": "1",
                  "title": "Guide pratique aux principales eaux minérales de France, de Belgique, d'Allemagne, de Suisse, de Savoie et d'Italie, contenant la description détaillée des lieux où elles se trouvent, ainsi que la composition chimique, les propriétés médicales et le mode d'emploi de ces sources, suivi de quelques considérations sur les étuves, les bains de gaz et les bains de mer (2e éd.) / par le Dr Constantin James,..."
            },
            {
                  "doc_url": "https://gallica.bnf.fr/ark:/12148/bpt6k54549814",
                  "emotions": [
                        "love"
                  ],
                  "excerpt": "s ' émut ; les oiseaux furent joyeux ; les 19 222 LE PARADIS PERDU .fraîches brises , les zéphyrs légers murmurèrent cette union dans les bois ; en se jouant , leurs ailes nous lancèrent des roses , nous abreuvèrent de parfums enlevés aux buissons embaumés , jusqu ' à ce que l ' amoureux oiseau de la nuit chantât l ' hyménée , et ; ordonnât à l ' étoile du soir de hâter sa venue au sommet de la colline , pour allumer le flambeau nuptial .» Ainsi je t ' ai dit tout ce que j ' étais ; le récit de mon histoire t ' a révélé toute la terrestre félicité dont je jouis .",
                  "id": "2",
                  "title": "Le paradis perdu / de Milton ; traduction nouvelle, précédée d'une notice par de Pongerville,..."
            },
            {
                  "doc_url": "https://gallica.bnf.fr/ark:/12148/bpt6k58608114",
                  "emotions": [
                        "admiration",
                        "love",
                        "nostalgia",
                        "gratitude",
                        "calmness"
                  ],
                  "excerpt": "Pour te venger , tu t ' es enfui Soudainement de ma demeure , Mon pauvre chat , perdant ainsi Ton avenir , en un quart d ' heure .Que d ' hommes aussi je connais Qui , pour un rien , une folie , Perdent sottement , à jamais , L ' honnête repos de la vie ! A UNE FLEUR Belle fleur , je t ' aimais dans ta fraîche parure , Quand tes premiers parfums embaumaient le vallon , Et que tu te mirais dans l ' onde la plus pure , Fière de tes couleurs , comme le papillon .Maintenant tu n ' es plus qu ' une ombre de toi - même , Ton front décoloré n ' attire plus les yeux , Et tu seras bientôt , reine sans diadème , Mêlée aux débris secs des chardons épineux .",
                  "id": "3",
                  "title": "Les feuilles et les fruits (2e éd.) / par l'abbé J. Espagnolle,..."
            },
            {
                  "doc_url": "https://gallica.bnf.fr/ark:/12148/bpt6k58608114",
                  "emotions": [
                        "admiration",
                        "love",
                        "excitement",
                        "gratitude"
                  ],
                  "excerpt": "220 LES FEUILLES ET LES FRUITS .Printemps aimé , le poisson te salue , Au fond des eaux , et s ' agite à ta vue ; Et , dans les airs , l ' insecte bourdonnantRenaît aussi sous ton souffle odorant .Printemps aimé , ton heureuse venue Plaît , avant tout , à la foule inconnue De tant d ' humains qui n ' ont que ta chaleur Pour réchauffer et leurs doigts et leur coeur .",
                  "id": "4",
                  "title": "Les feuilles et les fruits (2e éd.) / par l'abbé J. Espagnolle,..."
            },
            {
                  "doc_url": "https://gallica.bnf.fr/ark:/12148/bpt6k6469801s",
                  "emotions": [
                        "love",
                        "gratitude",
                        "faith"
                  ],
                  "excerpt": "Et moi , de la nuit chantre solitaire , Pour en composer mon hymne au printemps , Extase céleste ou pleur de la terre , Je prends tous les bruits dans l ' azur flottants .Je prends ses parfums à la fleur qu ' arrose L ' humide baiser du ciel matinal , A l ' amour naïf la divine rose Que garde l ' écrin d ' un cœur virginal .Et , s ' illuminant au feu de mon àme , Mon chant radieux jaillit fièrement , Traduisant pour tous en strophes de flamme Le livre étoilé du bleu firmament .",
                  "id": "5",
                  "title": "Bleuets et soucis / Auguste de Vaucelle"
            },
            {
                  "doc_url": "https://gallica.bnf.fr/ark:/12148/bpt6k6469801s",
                  "emotions": [
                        "joy",
                        "love",
                        "nostalgia",
                        "gratitude"
                  ],
                  "excerpt": "Pour eux , dans le recueil aux pages saITuées , La place au plein soleil de la publicité ; Pour vous , petites fleurs , à l ' oubli destinées , Pas un baiser du ciel , rien que l ' obscurité .Mais vous chantez l ' amour , cette fraîche guirlande Qui parfume un matin les steppes de nos jours ; Mais , comme une oasis verdoyant dans la lande , Au désert de mon cœur vous fleurissez toujours .Sur le terrain mouvant de mes jeunes chimères , J ' aventure avec vous mes pas mal affermis , Mais elle est vive encor , l ' eau des sources amères , El j ' ai peur d ' éveiller mes rêves endormis .",
                  "id": "6",
                  "title": "Bleuets et soucis / Auguste de Vaucelle"
            },
            {
                  "doc_url": "https://gallica.bnf.fr/ark:/12148/bpt6k5810392g",
                  "emotions": [
                        "admiration",
                        "love",
                        "pride",
                        "gratitude",
                        "envy"
                  ],
                  "excerpt": "Amour , oui , pour sa fête , Elle ajjja des couplets .Je vais chanter Marie : Fleurs que votre destin Rend si dignes d ' envie , Fleurs qui parez son sein ! Qu ' un moment je respire Vos .parfums enchanteurs .",
                  "id": "7",
                  "title": "Le jardin de l'enfance, de la jeunesse et de tous les âges, ou Complimens du jour de l'an et des fêtes pour des parens, des bienfaiteurs, des amis, etc. , par P. 7édition..."
            },
            {
                  "doc_url": "https://gallica.bnf.fr/ark:/12148/bpt6k5810392g",
                  "emotions": [
                        "love",
                        "gratitude",
                        "caring"
                  ],
                  "excerpt": "loo .Bonne maman daignez à votre fête Recevoir le bouquet que ma main vous apprête ! D ' un sentiment qui n ' a rien d ' emprunté Sa brillante couleur peint la vivacité ; Vous trouveriez entre eux ressemblance parfaite , Si la rose gardait son parfum , sa fraîcheur , Tant que vous vivrez dans mon coeur .101 .",
                  "id": "8",
                  "title": "Le jardin de l'enfance, de la jeunesse et de tous les âges, ou Complimens du jour de l'an et des fêtes pour des parens, des bienfaiteurs, des amis, etc. , par P. 7édition..."
            },
            {
                  "doc_url": "https://gallica.bnf.fr/ark:/12148/bpt6k5810392g",
                  "emotions": [
                        "love"
                  ],
                  "excerpt": "20 .Ce n ' est point en offrant des fleurs Que je veux peindre ma tendresse ; De leur parfum , de leurs couleurs , En peu d ' instans le charme cesse .La rose naît en un moment , En un moment elle est flétrie , Ce que pour vous mon coeur ressent Ne finira qu ' avec ma vie .",
                  "id": "9",
                  "title": "Le jardin de l'enfance, de la jeunesse et de tous les âges, ou Complimens du jour de l'an et des fêtes pour des parens, des bienfaiteurs, des amis, etc. , par P. 7édition..."
            },
            {
                  "doc_url": "https://gallica.bnf.fr/ark:/12148/bpt6k5810392g",
                  "emotions": [
                        "joy",
                        "love",
                        "nostalgia",
                        "gratitude",
                        "approval"
                  ],
                  "excerpt": "Prenez pour votre modèle Henri que nous aimons tous : S ' il fut roi , vous êtes belle ; Comme lui régnez sur nous .Souffrez qu ' en ce jour de fête , Notre refrain favori Soit toujours : Vive Henriette , Et vive le bon LIenri ! îq4 - ' Dans une rose Consiste aujourd ' hui mon bouquet , Pour vous fêter elle est éclose ; Je vois vos charmes , trait pour trait , ' ' Dans une rose , • ) C ' 45 ) De votre bouche Elle a le parfum , la fraîcheur , Zéphire d ' un baiser la touche ; L ' Amour anime aussi la fleur De votre bouche .Semblable à Flore , Par son éclat , par sa beauté , La rose plaît ; on vous adore , Et l ' on vous trouve , en vérité , Semblable à Flore .",
                  "id": "10",
                  "title": "Le jardin de l'enfance, de la jeunesse et de tous les âges, ou Complimens du jour de l'an et des fêtes pour des parens, des bienfaiteurs, des amis, etc. , par P. 7édition..."
            },
            {
                  "doc_url": "https://gallica.bnf.fr/ark:/12148/bpt6k5457953r",
                  "emotions": [
                        "sadness",
                        "love",
                        "nostalgia",
                        "gratitude",
                        "caring",
                        "disappointment"
                  ],
                  "excerpt": "C ' est ainsi chaque jour qu ' une sultane heureuse Lit en bouquet la lettre odorante , amoureuse .Elle pare son sein de soupirs et de voeux ; Et des billets d ' amour embaument ses cheveux .Offrons tout ce qu ' on doit d ' encens , d ' honneurs suprêmes Aux dieux , à la beauté plus divine qu ' eux - mêmes .",
                  "id": "11",
                  "title": "Oeuvres poétiques de André de Chénier. Tome 1 / avec une notice et des notes par Raoul Guillard"
            },
            {
                  "doc_url": "https://gallica.bnf.fr/ark:/12148/bpt6k5457953r",
                  "emotions": [
                        "fear",
                        "love",
                        "embarrassment"
                  ],
                  "excerpt": "Sous l ' herbe , loin des yeux , plus aimable et moins belle , La violette fuit .Son parfum la révèle , Avertit qu ' elle est là ; que , voulant se cacher , Là , pour le sein qu ' on aime , il faut l ' aller chercher .XXIII Allons chanter , assis dans les saintes forêts , Sous ce chêne orgueilleux , favori de Cérès , 126 OEUVRES D ' ANDRÉ DE CHENIER Qui loin autour de lui porte un immense ombrage .",
                  "id": "12",
                  "title": "Oeuvres poétiques de André de Chénier. Tome 1 / avec une notice et des notes par Raoul Guillard"
            },
            {
                  "doc_url": "https://gallica.bnf.fr/ark:/12148/bpt6k1269214t",
                  "emotions": [
                        "admiration",
                        "love",
                        "nostalgia",
                        "gratitude"
                  ],
                  "excerpt": "Ils sont partis les cœurs volages Chantant et dansant par la nuit .L ' ne romance encor au déclin de ce jour , Pour dire le parfum de ces lueurs alanguies Qui renversent vers vous leur rêveuse agonie , Une romance encor au déclin de ce jour .Ce sont de grands sanglots que frissonnent vos chants , De l ' inconnu sublime ils ont la profondeur , Invoquent le domaine 0 LI se comptai ! : mon cœur Et les palais rêvés ornés d ' or et d ' argent , C ' est un soupir ailé plein de bruissements , C ' est l ' eau qui dans la nuit sort d ' une source pure , La voix de l ' infini , son immense murmure , Le Imiit des peupliers quand y passe le vent .",
                  "id": "13",
                  "title": "Préludes tristes / André Yebel"
            },
            {
                  "doc_url": "https://gallica.bnf.fr/ark:/12148/bpt6k8754121",
                  "emotions": [
                        "love"
                  ],
                  "excerpt": "11 ° Le vernis gras supporte aisément l ’ ardeur du soleil , parce que le karabé , ou le copal , qui le constituent , sont trop durs pour en être altérés .La sandaraque , au contraire , qui est la base du vernis à l ’ esprit - de - vin , se fondant au soleil , ne résiste souvent pas à son ardeur lorsqu ’ elle est employée au vernis : c ’ est ce qu ’ on voit plus sensiblement dans les grandes chaleurs de l ’ été , où les vernis à l ’ esprit - de - vin des appartements se tourmentent et donnent de l ’ odeur , quand ils ont été mal faits .12 ° On fait les vernis dans des pots de terre vernissés et neufs , qu ’ on change ordinairement à chaque opération : on en verra la raison plus loin .",
                  "id": "14",
                  "title": "Art du peintre, doreur et vernisseur, ouvrage utile aux propriétaires ou locataires qui désirent décorer eux-mêmes leur séjour ainsi qu'à ceux qui se destinent à la profession de peintre, doreur et vernisseur (14e édition revue et entièrement refondue pour la fabrication et l'application des couleurs par Charles et Firmin Bourgeois, et augmentée de L'art du peintre en voitures, en marbres et en faux-bois et de La teinture des bois, par J. de Montigny,...) / par M. Watin"
            },
            {
                  "doc_url": "https://gallica.bnf.fr/ark:/12148/bpt6k415419d",
                  "emotions": [
                        "joy",
                        "love"
                  ],
                  "excerpt": "» Seigneur vous qui fîtes éclore » Dans mon cœur le pudique amour , j lion cœur vous bénit tour à tour » Quand vient la nuit quand ient l ' aurore .» Comme le parfum de la Heur , » Don du soleil qui la colore » Hemonte quand il s ' évapore » Mon amour monte à vous Seigneur » » II disait mais bien loin des saules Son esquif léger s ' enfu ^ ait ; Et l ' écho seul me renvoyait Vaguement ces douces paroles » Vole sur les flots assouplis lîrise fraîche brise embaumée Viens caresser ma bien - aimée Toi qui te plais au sein des lis .t La voix d ' Emma tremblait ses paupières baissées Voilèrent le miroir de ses tendres pensées Et ses sœurs partageaient son doux ravissement Et , mêlant à l ' envi leur joie et leurs caresses Ces rojalcs Beautés ces naïves Princesses S ' enlaçaient en groupe charmant .",
                  "id": "15",
                  "title": "Recueil de l'Académie des jeux floraux"
            },
            {
                  "doc_url": "https://gallica.bnf.fr/ark:/12148/bpt6k415419d",
                  "emotions": [
                        "love",
                        "courage",
                        "gratitude",
                        "calmness"
                  ],
                  "excerpt": "La colombe timide , et reine du bocage K ' obéit qu ' à l ' amour dans son nH de feuillage .Le lion au désert le tigre dans les bois A sa fière compagne a - t - il donné des lois Le sylphe amant léger qui caresse la rosé Sans l ' outrager jamais sur son sein se repose t ) ne lui défend pas de parfumer les airs .Sous la voûte des cieux dans l ' abîme des mers Liberté ) liberté Pour le cœur point d ' entrave La liberté pour tous , et la femme est esclave La femme des humains la plus belle moitié Sous la chaîne d ' un maitrccst digne de pitié 1 .",
                  "id": "16",
                  "title": "Recueil de l'Académie des jeux floraux"
            },
            {
                  "doc_url": "https://gallica.bnf.fr/ark:/12148/bpt6k415419d",
                  "emotions": [
                        "love"
                  ],
                  "excerpt": "Pour que le miel te vienne en la saison fleurie , Prie et chante , ô ma lèvre et , comme Gabriel Disons « Rosé mystique éclose en Israël » Salut et béni soit le sol qui t ' a nourrie .» Laisse de ta corolle épancher sur mes vers » Un peu de tes parfums aux Poètes si chers , » Ces parfums de la Foi que le vulgaire ignore » Donne encore à mes vers un peu de tes couleurs » Et qu ' on dise pour eux aux murs chéris d ' Isaure ï Le doux mois de Marie est le doux mois des Fleurs .» - y DISCOURS Qm ( v o \\ > Uw » vm NwUttt < ti * w » îf , l ' ar M .",
                  "id": "17",
                  "title": "Recueil de l'Académie des jeux floraux"
            },
            {
                  "doc_url": "https://gallica.bnf.fr/ark:/12148/bpt6k415419d",
                  "emotions": [
                        "love"
                  ],
                  "excerpt": "Le sentiment et la naïveté ne veulent briller que sur le sol où la main de Dieu les a mis .Tout le parfum de ces suaves romances s ' évapore comme vole au plus léger souffle la poussière diaprée qui dore l ' aile du papillon comme s ' effeuille la fleur délicate que l ' on détache de sa tige maternelle .Ce fut encore des Arabes , qui voyaient dans ce cortège lyrique l ' essence de l ' art des vers que les Provençaux prirent leur goût pour la poésie accompagnée de chants et d ' instruments sur des airs expressifs .",
                  "id": "18",
                  "title": "Recueil de l'Académie des jeux floraux"
            },
            {
                  "doc_url": "https://gallica.bnf.fr/ark:/12148/bpt6k415419d",
                  "emotions": [
                        "love",
                        "gratitude",
                        "faith"
                  ],
                  "excerpt": "A tes nobles appels , à tes cris de détresse , Plusieurs se sont émus d ' une sainte tristesse ; Mais il en est , hélas ! qui n ' ont pas répondu ; Mais il en est qui , sourds à ton chaste murmure O Vierge ont délié ta pudique ceinture Et t ' ont fait fuir au ciel comme un ange éperdu Quand ils ont tout flétri , quand leur sombre délire A fini de briser les cordes de la lyre Ils mêlent un blasphème à tes divins concerts Abandonnés de tous , leur désespoir oublie Que les oiseaux du ciel sur la trace d ' Elie Emiettaient du pain aux déserts .Ta parole pourtant est la manne céleste Promise à notre siècle et dont le parfum reste Aux cœurs , temples vivants , d ' où l ' on veut te bannir Aux gloires d ' ici - bas tu donnes leur baptême Le pain de chaque jour au disciple qui t ' aime Kl dont la voix ne sait que prier et bénir .Va .",
                  "id": "19",
                  "title": "Recueil de l'Académie des jeux floraux"
            },
            {
                  "doc_url": "https://gallica.bnf.fr/ark:/12148/bpt6k415419d",
                  "emotions": [
                        "love"
                  ],
                  "excerpt": "» Nuit d ' amour , aux vagues murmures t > Nuit sereine , aux molles lueurs » En donnant la rosée aux fleurs » Donne l ' espoir aux âmes pures .» Et toi sur les flots assouplis » Vole vole , brise embaumée » Viens caresser ma bien - aimée » Toi qui te plais au sein des lis .» Mais lève ton front qui s ' incline » Vierge sur ton sein agité .",
                  "id": "20",
                  "title": "Recueil de l'Académie des jeux floraux"
            }
      ]
}