{
      "articles": [
            {
                  "doc_url": "https://gallica.bnf.fr/ark:/12148/bpt6k69301j",
                  "emotions": [
                        "love",
                        "desire",
                        "gratitude"
                  ],
                  "excerpt": "A travers les rofiers le Zéphir nous appelle , Une influence pure a réchaud les airs , Les hôtes des forêts reprennent leurs concerts Ils chantent le retour de la faifon nouvelle .Viens chercher avec moi le plus prochain vergeté Des vents doux , Secouant leurs a ! Ies carénantes ~ Duperfënt le parfum des tiges fenaillantes ~ , Etporteat ) ufqu ' à nOMs t ' odeur de l ' oranger te Ro ~ gnoî pour toi médite un ait plus tendre : Ï .es fleurs vont fur tes pas frémir de volupté Ces ondes , qui de Ma femblent fe faire entendre ~ Interrompront leur cours , à tes pieds arrêté .",
                  "id": "1",
                  "title": "Sélim et Sélima : poème imité de l'allemand [de Wieland] ; suivi du Rêve d'un musulman ; et précédé de quelques réflexions sur la poésie allemande (2e éd.) / traduit d'un poète arabe ; [par C.-J. Dorat]"
            },
            {
                  "doc_url": "https://gallica.bnf.fr/ark:/12148/bpt6k98107132",
                  "emotions": [
                        "trust",
                        "love",
                        "optimism",
                        "relief",
                        "calmness"
                  ],
                  "excerpt": ") Depuis que je l ' ai vue , elle est là , j ' en suis fou , Et sans ennui j ' irais de Norvège à Corfou Pour qu ' au retour son front vînt s ' offrir à mes lèvres .Ses yeux , clairs diamants qu ' ignorent les orfèvres , M ' ont si doucement lui , que je me crois aimé ! L ' ombre est propice , l ' air du soir est parfumé ..",
                  "id": "2",
                  "title": "Le sac : comédie en un acte et en vers / par MM. André Alexandre et Gaston de Raimes"
            },
            {
                  "doc_url": "https://gallica.bnf.fr/ark:/12148/bpt6k56001958",
                  "emotions": [
                        "love",
                        "relief",
                        "gratitude",
                        "calmness"
                  ],
                  "excerpt": "Ses lèvres do feu dans ce doux élan S ' épanouissaient tout comme une rose .Ce baiser fut long et fut savouré Comme un doux parfum , car la nuit sereine Attachait au ciel ses bijoux de reine Que le couple heureux n ' était pas rentré .Vers minuit sonnant , deux timides ombres Fuyaient en silence en sylphes légers .",
                  "id": "3",
                  "title": "Souvenirs, chants & chansons / Ernest Hupin ; [préface de Léon Séché]"
            },
            {
                  "doc_url": "https://gallica.bnf.fr/ark:/12148/bpt6k97891582",
                  "emotions": [
                        "disgust",
                        "anger",
                        "fear",
                        "disapproval",
                        "love",
                        "desire",
                        "excitement"
                  ],
                  "excerpt": "Thélusyde , reprit - il , veux - tu permettre à ma bouche altérée d ' amour de cueillir sur la tienne un savoureux baiser ? La G - recque s ' avance aussitôt , enlace ses bras au cou de l ' Arabe j et fixant sur lui des yeux pétillans de volupté : Détestable magot , lui repart - elle , avec une effusion de tendresse , il faut bien que j ' obéisse , puisque je suis ton esclave ; mais , pour l ' embrasser , j e ne t ' en hais pas moins .Tiens j le voilà ce baiser , continue - t - selle en redoublant d ' affection , puissent mes lèvres infecter ton sang d ' un poison vénimeux ! Sur - tout , que j ' aurais de plaisir à t ' étrangler de mes propres mains , et à m ' emparer ensuite des « ultanins que tonavarice nous dérobe .Yézid , à cette mielleuse apostrophe , fit un mouvement d ' effroi , plus épouvanté des paroles s que touché du ton dont elles étaient proférées .",
                  "id": "4",
                  "title": "Loisirs littéraires de J.-J. Regnault-Warin"
            },
            {
                  "doc_url": "https://gallica.bnf.fr/ark:/12148/bpt6k618359",
                  "emotions": [
                        "joy",
                        "love",
                        "optimism",
                        "relief",
                        "gratitude"
                  ],
                  "excerpt": "Ce qu ' it y a de sur c ' est que j ' ai répété les expériences de M .Janin sur une fosse d ' aisance dont t ' odeur est insupportable torsquit règne un vent du midi ; je n ai pas été aussi heureux que lui .Caroline .",
                  "id": "5",
                  "title": "La physique à la portée de tout le monde. Tome 2 / ... par M. Aimé-Henri Paulian,... Seconde édition..."
            },
            {
                  "doc_url": "https://gallica.bnf.fr/ark:/12148/bpt6k9753941v",
                  "emotions": [
                        "love"
                  ],
                  "excerpt": "La flèche lancée par l ' arc de l ' amour ne peut être parée par le bouclier de la froide raison et , une fois implantée dans le cœur , elle trahit sa présence par de multiples signes .Rien de plus vrai que le dicton bien connu : « On ne peut cacher l ' amour ni le musc ; » or , on sait que cent épaisseurs d ' étoffe n ' empêcheraient pas de flairer l ' odeur pénétrante du musc .Zouleïkhâ , donc , celait son amour et semait secrètement dans sa poitrine la graine du chagrin qui , malgré elle , germait et poussait vers l ' extérieur .",
                  "id": "6",
                  "title": "Youssouf et Zouleikha / Djami ; traduit pour la première fois du persan en français, par Auguste Bricteux,..."
            },
            {
                  "doc_url": "https://gallica.bnf.fr/ark:/12148/bpt6k54584963",
                  "emotions": [
                        "surprise",
                        "love",
                        "desire",
                        "nostalgia",
                        "envy"
                  ],
                  "excerpt": "Avant que nous soyons cloués dans une bière , Vêtement incommode , allons de tous côtés , Jeunes , vieux , sages , fous , chacun à sa manière , Sur l ' aile da hasard glaner les voluptés .Je fumais un cigare : A travers la fumée Qui m ' entourait le front de sa flottante odeur , Je m ' imaginais voir une maîtresse aimée , Sa bouche sur ma bouche et son coeur sur mon coeur .Je faisais , comme on dit , des châteaux en Espagne ; Je m ' étais enfui loin de la réalité ; Mon esprit divaguait et battait la campagne , Gomme un cheval sans frein qui court en liberté .",
                  "id": "7",
                  "title": "Son mouchoir, poëme galant / Henri Cantel"
            },
            {
                  "doc_url": "https://gallica.bnf.fr/ark:/12148/bpt6k5440990k",
                  "emotions": [
                        "love",
                        "caring"
                  ],
                  "excerpt": "_ J JJ4s £ mahladiz , prononc .vulgaire du grecmaghnatis , aimant ; voir > ^ vis5 mahlab , fruit odorant originaire de Perse et dont on fait des gelées .— espèce d ' aimée des prés , helenium .",
                  "id": "8",
                  "title": "Dictionnaire turc-français : supplément aux dictionnaires publiés jusqu'à ce jour,.... Volume 2 / par A.-C. Barbier de Meynard,..."
            },
            {
                  "doc_url": "https://gallica.bnf.fr/ark:/12148/bpt6k5355935z",
                  "emotions": [
                        "admiration",
                        "love",
                        "approval"
                  ],
                  "excerpt": "— Sensation désagréable causée par les aliments mal digérés .L ’ Elixir tonique antiglaireux du D T Guillié se recommande tout spécialement pour cette affection .On le prend le matin à jeun , à la dose de 2 à 5 cuillerées à bouche ; pour faciliter la digestion , on fera bien d ’ en prendre une cuillerée à café une demi - heure avant le tepas .",
                  "id": "9",
                  "title": "Almanach de \"La Dépêche\""
            },
            {
                  "doc_url": "https://gallica.bnf.fr/ark:/12148/bpt6k5843488p",
                  "emotions": [
                        "love"
                  ],
                  "excerpt": ".[ 8 ] Vous donq ' , amoureux oyseaux , Soit aux bois , soit aux campagnes , Accordez 3 aux bruits des eaux Qui tombent de ces montagnes , Dont l ' immortelle verdeur , De mille fleurs diaprées , Embasme de son odeur Le verd honneur de la prée .Ici dédier je veux Un autel à ma déesse , 1 .",
                  "id": "10",
                  "title": "Oeuvres choisies de Joachim du Bellay / publ. avec une notice biographique, des notes et un index par L. Becq de Fouquières"
            },
            {
                  "doc_url": "https://gallica.bnf.fr/ark:/12148/bpt6k62531930",
                  "emotions": [
                        "sadness",
                        "love",
                        "caring",
                        "doubt",
                        "disappointment"
                  ],
                  "excerpt": "Mais je suis plein d ' une colère injuste , Car ma maîtresse a cessé de m ' aimer , Et je reproche à l ' innocent arbuste D ' épanouir ses fleurs et d ' embaumer .Tout enivré de soleil et de brise , Ce favori radieux du printemps , Pourquoi fait - il à mon cœur qui se brise Monter ainsi ses parfums insultants ? Ne sait - il pas que j ' ai cueilli pour elle Les seuls rameaux dont il soit éclairci ? Est - ce pour lui chose si naturelle Qu ' en plein avril elle me laisse ainsi ? — Mais non , j ' ai tort , car j ' aime ma souffrance .A nos amours jadis tu te mêlas ; Au jardin vert , couleur de l ' espérance , Fleuris longtemps , frêle et charmant lilas ! Les doux matins qu ' embaume ton haleine , Les clairs matins du printemps sont si courts ! Laisse - moi croire , encore une semaine , Qu ' on ne m ' a pas délaissé pour toujours .",
                  "id": "11",
                  "title": "Le cahier rouge / François Coppée"
            },
            {
                  "doc_url": "https://gallica.bnf.fr/ark:/12148/bpt6k6268816f",
                  "emotions": [
                        "love",
                        "desire",
                        "nostalgia",
                        "caring"
                  ],
                  "excerpt": "Oh ! la distrayeuse ! .J ' allais lui donner le baiser qu ' Eue attendait , quand les visions remuantes , les chères émigrantes aux odeurs lointaines ont reformé leurs danses dans ma fantaisie .Aussi , j ' ai oublié encore qu ' Elle était là , blanche et nue .",
                  "id": "12",
                  "title": "La Renaissance littéraire et artistique"
            },
            {
                  "doc_url": "https://gallica.bnf.fr/ark:/12148/bpt6k96112632",
                  "emotions": [
                        "admiration",
                        "joy",
                        "love",
                        "gratitude",
                        "calmness",
                        "caring",
                        "faith"
                  ],
                  "excerpt": "I ) ieu TOUS aime il vous faut rassembler pour lui plaire : Heureux qui vous resseml ) le , et mille fois heureux ! Quand de pampres naissans s ' ombrage la colline , Qu ' une neige de fleurs a blanchi l ' aubépine ; Quand l ' oiseau printanier chante en faisant son nid , Que l ' insecte bourdonne et que l ' onde frémit , Priez , jeunes enfans , beaux anges de la terre ; ' „ Pures fleurs , exhalez vos parfums vers les cieux .Dieu vous aime : il vous faut rassembler pour lui plaire : Heureux qui vous ressemble , et mille fois heureux ! Lorsque le chèvrefeuille et la rouge mérise S ' attachent en festons aux vieilles roches grises , Que l ' odorant narcisse embaume les vallons , Et que l ' épi naissant verdit dans les sillons Priez , jeunes enfaus , beaux anges de la terre ; Pures fleurs , exhalez vos parfums vers les cieux .Dieu vous aime : il vous faut rassembler pour lui plaire < Heureux qui vous ressemble , et mille fois beureux ! Mais l ' airain matinal dans les airs se balance .",
                  "id": "13",
                  "title": "La Grandeur et la bonté de Dieu manifestées dans ses oeuvres, ou Entretiens sur les beautés de la nature, par A. E. D. S. [Alexis Eymery.]"
            },
            {
                  "doc_url": "https://gallica.bnf.fr/ark:/12148/bpt6k2023810",
                  "emotions": [
                        "love"
                  ],
                  "excerpt": "« C ' est moi qui suis mort ! s ' écriait Georges .Il s ' était si bien habitué au savoureux parfum de Valentine , qu ' il voulut habiter la chambre même quelle occupait à l ' hôtel du .Louvre .",
                  "id": "14",
                  "title": "Les mains pleines de rose, pleines d'or et pleines de sang (2e édition) / Arsène Houssaye"
            },
            {
                  "doc_url": "https://gallica.bnf.fr/ark:/12148/bpt6k1156052c",
                  "emotions": [
                        "love"
                  ],
                  "excerpt": "Déjà la colonie au deiiors se partage ; Sans cesse elle voltige , ardente à dépouiller Les lieux qu ’ Opis et Flore ont pris soin d ’ émailler .Menthe poivrée — Chaleur de sentiment Ilerhe vivace de la famille des labiées , aux petites fleurs blanchâtres ou rougeâtres , fortement aromatiques ; elle s ’ emploie comme stomachique .L ’ huile essentielle qu ’ on en extrait sert à faire les pastilles de menthe .",
                  "id": "15",
                  "title": "Le vrai langage des fleurs"
            },
            {
                  "doc_url": "https://gallica.bnf.fr/ark:/12148/bpt6k1268625p",
                  "emotions": [
                        "love"
                  ],
                  "excerpt": "Dans le silence \\ \" L \" F < ' r , ¡ 1 .E 11 des caresses embaumées .Aux lueurs de saphvrs et d ' opal S ( ) ume , ballade part \\ miee .",
                  "id": "16",
                  "title": "Les Chants de la nuit / André Yebel"
            },
            {
                  "doc_url": "https://gallica.bnf.fr/ark:/12148/bpt6k6132271n",
                  "emotions": [
                        "love"
                  ],
                  "excerpt": "Comme il s ' en retournait vers la ville bénie , Lazare , homme de bien , mourut à Béthanie .Marthe et Marie étaient ses soeurs ; Marie , un jour , Pour laver les pieds nus du maître plein d ' amour , 44 LA LÉGENDE DES SIÈCLES Avait été chercher son parfum le plus rare .Or , Jésus aimait Marthe et Marie et Lazare .",
                  "id": "17",
                  "title": "Oeuvres de Victor Hugo... ; Poésie, 1-8. Oeuvres de Victor Hugo.... Poésie. Les contemplations"
            },
            {
                  "doc_url": "https://gallica.bnf.fr/ark:/12148/bpt6k97774623",
                  "emotions": [
                        "love"
                  ],
                  "excerpt": "L ' entrée à Sainte - Claire de Jeanne Taillet et de Marie Chevalier détermina celle d ' Etiennette Hennequin .Les belles âmes s ' attirent mutuellement comme par de célestes parfums .Etiennette Hennequin était fille d ' un riche commerçant de Besançon .",
                  "id": "18",
                  "title": "Histoire de sainte Colette et des Clarisses en Franche-Comté : d'après des documents inédits... / par M. l'abbé J.-Th. Bizouard,..."
            },
            {
                  "doc_url": "https://gallica.bnf.fr/ark:/12148/bpt6k9612204h",
                  "emotions": [
                        "love",
                        "pain"
                  ],
                  "excerpt": "La matière des égouts diffère encore suivant les métiers qu ' on exerce dans le quartier , tels que ceux de blanchisseur , teinturier , tanneur , boyaudier , etc .Les immondices de boucherie donnent lieu à une fermentation putride et à des émanations délétères , en tout semblables à celles ( 1 ) On a donné le nom de plomb à une espèce d ' asphyxie produite par les émanations miasmatiques des fosses d ' aisance ; cette affection qui commence par des douleurs à l ' estomac , des maux de tète et des convulsions , finit par le délire , les convulsions générales , le rire sardonique et la mort .des sépultures ; toutes ces matières forment un dépôt nommé molange qui s ' attache aux parois des égouts , les obstrue et nécessite qu ' on les nettoie de temps en temps .",
                  "id": "19",
                  "title": "Traité pratique des maladies des yeux : contenant 1° l'histoire de l'ophtamologie, 2° l'exposition et le traitement raisonné de toutes les maladies de l'oeil... ; suivi de Conseils hygiéniques et thérapeutiques sur les maladies des yeux... / par le Dr S. Furnari"
            },
            {
                  "doc_url": "https://gallica.bnf.fr/ark:/12148/bpt6k5575078n",
                  "emotions": [
                        "love"
                  ],
                  "excerpt": "On obtient ainsi successivement les produits suivants : 1 ° Entre 45 et 70 ° , des produits très inflammables , très dangereux à manier , constituant les éthers de pétrole .Ils sont incolores , odorants , très légers ( d = 0 , 65 ) .On les emploie dans les moteurs à pétrole , mélangés à de l ' essence , Ils servent parfois comme ancslhésiques , à cause du froid considérable produit par leur évaporation .",
                  "id": "20",
                  "title": "Cours de chimie : à l'usage des écoles primaires supérieures, des cours complémentaires et des candidats au brevet élémentaire (5e édition revue et corrigée) / par L. Perseil,... Mme B. Gauthier-Echard,..."
            }
      ]
}