{
      "articles": [
            {
                  "doc_url": "https://gallica.bnf.fr/ark:/12148/bpt6k80262q",
                  "emotions": [
                        "joy",
                        "love",
                        "nostalgia",
                        "envy",
                        "calmness"
                  ],
                  "excerpt": "Le soir , les mille facettes prismatiques d ' un candélabre étincelaient dans le pavillon toutes les fleurs du monde la rose ; l ' œillet , la marjolaine , le muguet , le jasmin et le chèvrefeuille s ' y trouvaient assemblés comme des cavaliers et des jeunes - filles au milieu d ' une fête ; c ' étaient de toutes parts les plus belles couleurs et les plus doux parfums .Théophile et Dafné étaient assis nonchalamment devant une table de mosaïque chargée des débris d ' un gai souper ils écoutaient avec ravissement les sérénades des rossignols et les plaintes amoureuses des ramiers ils mêlaient souvent à cette harmonie roucoulante et perlée un bruit de baisers qui résonnaient longtemps à leurs oreilles ils aspiraient avec délices les senteurs mêlées des fleurs où se pesdaient leurs pieds .Cependant Théophile , très - malade sans le savoir , ne pensait qu ' à la mort .",
                  "id": "1",
                  "title": "La pêcheresse / par Arsène Houssaye"
            },
            {
                  "doc_url": "https://gallica.bnf.fr/ark:/12148/bpt6k5401809r",
                  "emotions": [
                        "joy",
                        "love",
                        "nostalgia",
                        "gratitude"
                  ],
                  "excerpt": "17 Mais pourquoi , jeune fille , ô blanche fleur d ' avril , Pourquoi tant réclamer cette plage lointaine ? A l ' ombre de Gagire , oh ! que nous manque - t - il ? Les soleils les plus purs sont ternis par l ' exil : Notre Garonne vaut la mer napolitaine .Le ciel italien ? mais , lorsque tu souris , Tes grands yeux , que l ' amour de l ' idéal enflamme , Ont l ' éclat de ce ciel ardent que tu chéris ! Le parfum virginal des orangers fleuris , Moi , je crois le sentir en respirant ton âme .Saint - Gauclens , 1862 .",
                  "id": "2",
                  "title": "Tous les amours / Adolphe Pelleport ; avec une lettre de Victor Hugo ; une préface d'Auguste Vacquerie ; et l'adieu de Louis Blanc"
            },
            {
                  "doc_url": "https://gallica.bnf.fr/ark:/12148/bpt6k97593956",
                  "emotions": [
                        "admiration",
                        "love",
                        "desire",
                        "nostalgia",
                        "excitement",
                        "gratitude"
                  ],
                  "excerpt": "0 très chaste colombe , en traversant la vie Tu ne cherchas jamais d ' autre époux que Jésus ; Ayant choisi ton âme , il se l ' était unie , La trouvant embaumée et riche de vertus .Cependant un mortel , radieux de jeunesse , Respira ton parfum , blanche et céleste fleur ; Afin de te cueillir , de gagner ta tendresse , Valérien voulut te donner tout son cœur .Bientôt il prépara des noces magnifiques , Son palais retentit de chants mélodieux ; Mais ton cœur virginal redisait des cantiques Dont l ' écho tout divin s ' élevait jusqu ' aux cieux .",
                  "id": "3",
                  "title": "Histoire d'une âme : écrite par elle-même / Sainte Thérèse de l'Enfant-Jésus et de la Sainte-Face"
            },
            {
                  "doc_url": "https://gallica.bnf.fr/ark:/12148/bpt6k6136589m",
                  "emotions": [
                        "love",
                        "nostalgia",
                        "doubt",
                        "curiosity"
                  ],
                  "excerpt": "Ah ! notre tâche à tous est ainsi dessinée ; Recevoir et donner , c ' est notre destinée ; Le berceau , le bocage , et puis la tombe un jour .Quel est après cela le secret de la vie , La trame de bonheur et le noeud qui nous lie ? Qui ne devinera l ' amour ! Un soir , il m ' en souvient , dans la forêt prochaine , Mollement étendu sous l ' ombre d ' un vieux chêne , — i7a — Je rêvais enivré des vivaces senteurs Queve ^ saient dans les airs ses rameaux bienfaiteurs .Parfois un ventplus frais se glissant sous l ' ombrage , Agitait mollement le verdoyant feuillage ; Nul bruit ne ~ s ' eatcndait : n ' étaient les chants d ' amour Des oiseaux gazouillant aux rameaux d ' alentour .",
                  "id": "4",
                  "title": "Insomnies poétiques, par M. Henri Gresset"
            },
            {
                  "doc_url": "https://gallica.bnf.fr/ark:/12148/bpt6k6565452q",
                  "emotions": [
                        "love",
                        "relief",
                        "gratitude"
                  ],
                  "excerpt": "Elle est seche , inflammable ; extérieurement de couleur d ' un rouge foncé & presque brun ; d ' un rouge de sang à l ' intérieur .Elle répand quand on la brûle une odeur légèrement balsamique & c ' est la meilleure .La Hollande nous fournit une autre espece de fang - dragon qui est en pain plat , d ' un rouge extrêmement foncé & luisant tant au dehors qu ' au dedans , assez friable .",
                  "id": "5",
                  "title": "Matière médicale raisonnée ou Précis des médicamens considérés dans leurs effets , à l'usage des élèves de l'École royale vétérinaire, avec les formules médicinales de la même école. Par M. Bourgelat,..."
            },
            {
                  "doc_url": "https://gallica.bnf.fr/ark:/12148/bpt6k944836p",
                  "emotions": [
                        "love",
                        "nostalgia",
                        "gratitude"
                  ],
                  "excerpt": "Oh ! quand pourrai - je admirer ton corps de lys et de roses , — ces jolies pommes rondes — fermes et pures de forme , comme taillées par Phidias dans un blanc marbre de l J At - tique ? Quand pourrons - nous unir nos âmes dans nos embrassements ? » Tu m ’ as déjà ouvert ton cœur , en ces heures trop courtes et bienheureuses que j ’ ai passées jadis auprès de toi , alors que je suçais l ’ ambroisie de tes lèvres .Comme il faisait bon nous promener , dans la campagne , mon bras à ta fine taille , bien serrés l ’ un contre l ’ autre ! et nous asseoir sur l ’ herbe épaisse , aux parfums capiteux — LE ROMAN n ’ iJN AMOUREUX 67 qui nous enivraient et faisaient se répandre les effluves de notre amour ! Connue j ’ étais heureux de dévorer ton sourire , — cette fleur de pourpre éclose sur tes mignonnes lèvres ! » Mais je deviens triste en pensant à ces jours heureux .Je voudrais encore être sur ton cœur palpitant , sentir sous ma poitrine ton sein soulevé par des soupirs , prendre des caresses délectables au calice vermeil de ta ' bouche , comme une abeille cueille son miel à la corolle d ’ une fleur ; moi aussi , j ’ ai cueilli mon miel de volupté , tes lèvres collées à mes lèvres , — et respirant avec ivresse ton haleine parfumée .",
                  "id": "6",
                  "title": "Le roman d'un amoureux / Prosper Castanier"
            },
            {
                  "doc_url": "https://gallica.bnf.fr/ark:/12148/bpt6k5837329f",
                  "emotions": [
                        "grief",
                        "love",
                        "gratitude",
                        "faith",
                        "guilt"
                  ],
                  "excerpt": ".Puisque par la blessure ouverte de mon coeur Tu t ' ècoules de même , ô céleste liqueur , Inexprimable amour , qui m ' enflammais pour elle ! Qu ' il luisait pardonné , que mon mal soit béni ! Par delà Vheure humaine & le temps infini Mon coeur est embaumé d ' une odeur immortelle .Leçon te de Lisle .",
                  "id": "7",
                  "title": "Le Livre des sonnets. Seize dizains de sonnets choisis"
            },
            {
                  "doc_url": "https://gallica.bnf.fr/ark:/12148/bpt6k6464405h",
                  "emotions": [
                        "admiration",
                        "grief",
                        "love",
                        "desire",
                        "nostalgia",
                        "gratitude",
                        "envy"
                  ],
                  "excerpt": "Il y avoit là jusqu ' aux Morphoses que vous avez tant aimées , qui sont belles comme Psyché , qui jouent comme les Grâces , qui ont des concerts comme les Muses , et dont le regard séducteur , plus pénétrant , plus enve - nimé que la dent de la vipère , va incendier votre sang et faire bouillir la moelle dans vos os calcinés .Tu les aurois vues , enveloppées dans leurs linceuls de pourpre , promener autour d ' elles des nuages plus brillants que l ' Orient , plus parfumés que l ' encens d ' Arabie , plus harmonieux que le premier soupir d ' une vierge attendrie par l ' amour , et dont la vapeur enivrante fascinoit l ' àme pour la tuer .Tantôt leurs yeux roulent une flamme humide qui charme et qui dévore ; tantôt elles penchent la tête avec une grâce qui n ' appartient qu ' à elles , en sollicitant votre confiance crédule , d ' un sourire caressant , du sourire d ' un masque perfide et animé qui cache la joie du crime et la laideur de la mort .",
                  "id": "8",
                  "title": "Contes fantastiques... (Nouvelle édition, accompagnée de notes)"
            },
            {
                  "doc_url": "https://gallica.bnf.fr/ark:/12148/bpt6k5760072t",
                  "emotions": [
                        "trust",
                        "love",
                        "nostalgia"
                  ],
                  "excerpt": "J ' ay fait grand cas des biens de ceste terre , J ' ay désiré honneur et gloire acquerre , Et de me voir seigneur grand et puissant ; Pour acquérir des biens , j ' ay fait la guerre : Las ! je voy bien que trop folement je erre , Car tous ces biens n ' est rien que vent passant .Philosophie amye , mon coeur sent Ta bonne odeur , et te prend pour s ' amye ; A t ' obéir pour jamais se consent ; Ne sois donc pas de l ' apprendre endormye .Philosophie .",
                  "id": "9",
                  "title": "Les Marguerites de la Marguerite des princesses : texte de l'édition de 1547 / publié... par Félix Frank,..."
            },
            {
                  "doc_url": "https://gallica.bnf.fr/ark:/12148/bpt6k65340348",
                  "emotions": [
                        "admiration",
                        "love",
                        "gratitude"
                  ],
                  "excerpt": "Le Christ est mort , le siècle a pour dieu la science , Pour foi la liberté .Adieu les doux parfums de la rose mystique ; Adieu l ' amour ; adieu la poésie antique ; Adieu sainte beauté ! Vos peintres auront beau , pour voir comme elle est faite , Tourner entre leurs mains , et retourner ma tête , Mon secret est à moi .Ils copieront mes tons , ils copieront mes poses , Mais il leur manquera ce que j ' avais , deux choses , L ' amour avec la foi ! Dites qui d ' entre vous , fils de ce siècle infâme , Peut rendre saintement la beauté de la femme ? Aucun , hélas ! aucun .",
                  "id": "10",
                  "title": "Poésies complètes. 2, La comédie de la mort, 1838, España, Poésies diverses, 1838-1845, Poésies inédites, Poésies posthumes, 1831-1872. / Théophile Gautier ; [éd. par Maurice Dreyfous]"
            },
            {
                  "doc_url": "https://gallica.bnf.fr/ark:/12148/bpt6k58045301",
                  "emotions": [
                        "love"
                  ],
                  "excerpt": "Des poissons , aux écailles étincelantes , sautillaient à travers les larges fouilles do nénuphar pour happer les moucherons dont les essaims , semblables à des atomes , tournoyaient au - dessus des ondes .L ' air était imprégné do senteurs parfumées , et pour ajouter aux charmes du paysage , tandis quo des hirondelles , au svolte corsage , à la noire envergure , se croisant en tous sens , rasaient la vague de leurs ailes légères , abrités dans les buissons circonvoisins , quelques oiseaux chanteurs disaient lotir romance d ' amour .Cette puissance hâtive do végétation qui , on cinq ou 192 L ' ILE DE SABLE six jours , dans l ' Amérique septentrionale , brode la mantille dos campagnes , tisse le parasol « les arbres , avait tellement transformé ces lieux quo Jean de Ganay se refusait presque à les reconnaître .",
                  "id": "11",
                  "title": "L'île de Sable : drames de l'Amérique du Nord / par Émile Chevalier"
            },
            {
                  "doc_url": "https://gallica.bnf.fr/ark:/12148/bpt6k11627307",
                  "emotions": [
                        "love"
                  ],
                  "excerpt": "Dans l ’ union la plus suave , Dans le charme du tendre hymen , Le censeur ne voit qu ’ une entrave , Un esclavage , un dur lien ; 296 POÉSIES FUGITIVES .Ce lien n ’ est qu ’ une liane Oîi brillent les plus douces fleurs ; De ses nœuds ravissants émane Un arôme des plus flatteurs .LA ROSE ET LA LIBERTE .",
                  "id": "12",
                  "title": "Poésies du Dr Boutreux,.... [Volume 1]"
            },
            {
                  "doc_url": "https://gallica.bnf.fr/ark:/12148/bpt6k944836p",
                  "emotions": [
                        "love"
                  ],
                  "excerpt": "» Dès son enfance , le cœur du poète florentin avait tressailli à la vue de son amante ; dès les premiers jours de leur printemps , la source vive d ’ un chaste amour avait rafraîchi leurs deux âmes .Lli ROMAN D ’ UN AMOUREUX 185 Abel et Jeanne se complaisaient à comparer ces deux affections puissantes ; et , de ce parallèle , se dégageait , pour eux , une tristesse douce comme un parfum de violettes , — de ces violettes dont on voit parfois , au printemps , des couronnes , en un coin silencieux du Père - Lachaise , parmi les blauches tombes , sur le mausolée de deux autres amants immortels : Héloïse et Abailard .Dans cet ordre d ’ idées , du poète des Sonnets au chantre des Enfers , de celui - ci au philosophe qui faisait tressaillir à ses paroles la multitude des étudiants pressés sur la montagne Sainte - Geneviève , après cette théorie de grands amoureux , ' nos deux jeunes gens , enlacés , dans un délicieux tète - à - tête se rappelèrent quelques autres de ces amours que leur offraient l ’ histoire et la fiction littéraire .",
                  "id": "13",
                  "title": "Le roman d'un amoureux / Prosper Castanier"
            },
            {
                  "doc_url": "https://gallica.bnf.fr/ark:/12148/bpt6k63638483",
                  "emotions": [
                        "love"
                  ],
                  "excerpt": "nales suborbiculaires , mucronées , trois fois plus courtes que le tube .Fleurs odorantes , roses - lilas ; à limbe découpé jusqu ' à l ' onglet en lanières linéaires .10 .",
                  "id": "14",
                  "title": "Flore des Alpes, de la Suisse et de la Savoie... / par le Dr Louis Bouvier,..."
            },
            {
                  "doc_url": "https://gallica.bnf.fr/ark:/12148/bpt6k80262q",
                  "emotions": [
                        "joy",
                        "love",
                        "nostalgia",
                        "calmness"
                  ],
                  "excerpt": "Le désir de lui baiser les cheveux tourmentait mes lèvres , mais mon âme résista à cette séduction .« Vous le voyez , rien ne troublait la pureté de mon amour , ce vague écho de la musique des anges que j ' entendais avec une joie si douce , cette claire fontaine qui çoulait dans mon âme à l ' ombre des oseraies , dont le chaste parfum n ' enivrait pas mes sens .» ̃ , ̃ V « Urne prit fantaisie de faire un voyage à la ville prochaine , où , m ' étant mêlélesoir , dans une taverne , aux scènes bouffonnes que jouaient une troupe de buveurs , je nie vis contraint de passer la nuit .",
                  "id": "15",
                  "title": "La pêcheresse / par Arsène Houssaye"
            },
            {
                  "doc_url": "https://gallica.bnf.fr/ark:/12148/bpt6k5455479n",
                  "emotions": [
                        "love"
                  ],
                  "excerpt": "Sully Prudhomme , de l ' Académie française DÉCEMBRE Oh ! les amours captifs , portant leur lourde chaîne Dans la geôle de l ' univers , Et les amours glacés , voyageant avec peine , Dans la neige de leurs hivers ! Les amours moribonds , déjà plongés dans l ' ombre Du gouftre qui se va fermer , Et les amours défunts , traînant leur linceul sombre Dans les coeurs fatigués d ' aimer ! Cruelle et triste fin , mais plus cruelle encore Quand l ' un des coeurs aime toujours , Quand l ' autre , chaque nuit , soupire après l ' aurore Et se prend à compter les jours .Quand cette fleur superbe et par le Ciel donnée Pour créer deux enivrements , A perdu son parfum et semble empoisonnée A l ' un ou l ' autre des amants .— 127 — Si nous songions que la jeunesse Est un beau jour sans lendemains , Nous mettrions moins de largesse A répandre sur les chemins .",
                  "id": "16",
                  "title": "Rêves et réalités / par Maurice Trubert"
            },
            {
                  "doc_url": "https://gallica.bnf.fr/ark:/12148/bpt6k9611029b",
                  "emotions": [
                        "love"
                  ],
                  "excerpt": "A l ' intérieur .- Se donne dans les affections intestinales accom - i pagnées de ballonnement et de diarrhées fétides .Antidote dans les empoisonnements par le phosphore , l ' arsenic , le chloral , la strychnine , dans les empoisonnements alimentaires .",
                  "id": "17",
                  "title": "Vade mecum du vétérinaire (6e édition) / par H. Mollereau,... Ch. Porcher,... E. Nicolas,..."
            },
            {
                  "doc_url": "https://gallica.bnf.fr/ark:/12148/bpt6k944836p",
                  "emotions": [
                        "love"
                  ],
                  "excerpt": "» Mais , puisque tu m ’ aimes , pourquoi redouter l ’ avenir ? Je le ferais si doux par ma tendresse ; pourquoi le regardes - tu avec un peu de crainte ? Appuyée sur la poitrine d ’ un mari tout aimant , que peut redouter une femme ? Car je te veux heureuse , bien heureuse , Jeanne .» Mon amour t ’ environnera toujours de ses ardents effluves .J ’ aime en toi l ’ âme affectueuse , aussi bien que le corps de vierge .",
                  "id": "18",
                  "title": "Le roman d'un amoureux / Prosper Castanier"
            },
            {
                  "doc_url": "https://gallica.bnf.fr/ark:/12148/bpt6k5844498c",
                  "emotions": [
                        "admiration",
                        "love",
                        "gratitude"
                  ],
                  "excerpt": "Genre de sasifragacées .A fleur * blanches tri * odorantes , Cultivées dans tes jardins .Seringapatam [ taml .",
                  "id": "19",
                  "title": "Larousse classique illustré : nouveau dictionnaire encyclopédique / par Claude Augé..."
            },
            {
                  "doc_url": "https://gallica.bnf.fr/ark:/12148/bpt6k9754150c",
                  "emotions": [
                        "grief",
                        "love",
                        "desire",
                        "nostalgia",
                        "faith"
                  ],
                  "excerpt": "Ah ! ne niez pas ; j ' en ai fait l ' expérience et je vous connais ! Si vous êtes malade , mon cher , tant pis pour vous ! Quant à moi , je suis impuissante à vous guérir .Rodolphe , cependant , s ' était relevé à demi devant Ethel ; de ses bras il cherchait à lui enlacer la taille , et , se grisant des chauds parfums qui se dégageaient de cette adorable jeune femmedont le corps frissonnait sous ses yeux , il râla dans un murmure de désir et de prière : — Veux - tu m ' aimer encore et être à moi ? ..",
                  "id": "20",
                  "title": "Histoires tragiques et contes gais / Philippe Chaperon"
            }
      ]
}