{
      "articles": [
            {
                  "doc_url": "https://gallica.bnf.fr/ark:/12148/bpt6k55426519",
                  "emotions": [
                        "love",
                        "nostalgia"
                  ],
                  "excerpt": "Astre de la volupté , lorsque tombe le soir , elle est , à l ' aurore , annonciatrice du travail .Le rossignol la salue d ' une plainte amoureuse , dans les crépuscules embaumés , l ' alouette , au matin , lui darde sa chanson .Elle guide , sur les flots , l ' audace du nautonnier , symbole de la raison éternelle et du labeur fécond et de l ' Amour , seul Rédempteur , A ces mots , le Prince jaune et le Monarque nègre se séparèrent du Mage indien avec horreur , chacun s ' en allant , par des routes différentes , vaquer à son métier de potentat .",
                  "id": "1",
                  "title": "Les oeuvres complètes de Laurent Tailhade. , Au pays du mufle : suivi de nombreux poèmes inédits et précédé de la vie de l'auteur / par Fernand Kolney"
            },
            {
                  "doc_url": "https://gallica.bnf.fr/ark:/12148/bpt6k55426519",
                  "emotions": [
                        "trust",
                        "love",
                        "relief",
                        "gratitude",
                        "caring",
                        "faith",
                        "guilt"
                  ],
                  "excerpt": "Je t ' aime , le sais - tu ? d ' un amour fauve et tendre , Homme qui chez les Dieux par moi seras admis ! Mes arbres , mes halliers , mes gaults te sont amis .Je t ' ai versé le baume enivrant de mes feuilles , llappelle - toi .L ' amour terrestre que tu cueilles Loin de moi , c ' est par moi qu ' a fleuri sa vigueur .",
                  "id": "2",
                  "title": "Les oeuvres complètes de Laurent Tailhade. , Au pays du mufle : suivi de nombreux poèmes inédits et précédé de la vie de l'auteur / par Fernand Kolney"
            },
            {
                  "doc_url": "https://gallica.bnf.fr/ark:/12148/bpt6k62736708",
                  "emotions": [
                        "admiration",
                        "trust",
                        "love",
                        "gratitude",
                        "caring"
                  ],
                  "excerpt": "Hoirs 8ti tige , hélas ! cache une épine .Et nous devons à ta douceur Nos soins constants et notre hommage : Ln rose est reine , Aimable llmn , De l ' amitié sois l ' apatinge 1 Brille à ma cour ; que tes parfum * Embaument l ' air dans le parterre , Nous t ' offi irons tous les matins Une eau limpide et salutaire .Que dis - je ? Non , dans nos bosquets Reste , 6 violette chérie : Heureux qui répand des hhmfnitl , Et comme toi cache Il vie .",
                  "id": "3",
                  "title": "Précis de rhétorique : suivi des règles auxquelles sont assujettis les différents ouvrages de littérature / par Victor Jubien,..."
            },
            {
                  "doc_url": "https://gallica.bnf.fr/ark:/12148/bpt6k62736708",
                  "emotions": [
                        "admiration",
                        "love",
                        "nostalgia",
                        "gratitude",
                        "approval"
                  ],
                  "excerpt": "LA VIOLETTE .Aimable fille du printemps , Timide amante des bocages , Ton doux parfum flatte nos sens , Et tu semblés fuir nos hommages .Semblable au bienfaiteur discret Dont la main secourt l ' indigence , Tu noua présentes Ip bienfait , Et tu crains 1A reconnaissance .",
                  "id": "4",
                  "title": "Précis de rhétorique : suivi des règles auxquelles sont assujettis les différents ouvrages de littérature / par Victor Jubien,..."
            },
            {
                  "doc_url": "https://gallica.bnf.fr/ark:/12148/bpt6k930026h",
                  "emotions": [
                        "grief",
                        "sadness",
                        "love",
                        "nostalgia",
                        "doubt",
                        "despair"
                  ],
                  "excerpt": "Que de chansons , de parfums et de fleurs ! Rosiers , jasmins ouvraient leurs mille lèvres , Pourpres ici , là sans plus de couleurs Que deux amants au sortir de leurs fièvres : Les fleurs s ’ ouvraient , l ’ oiseau chantait les fleurs .Qui me rendra mes jours , mes nuits d ’ Espagne , Qui me rendra ma maîtresse aux yeux noirs , Tes clochers bruns , Madrid , sur ta montagne , Tes frais matins et l ’ odeur de tes soirs ? llélas ! adieu les amours en Espagne ! LA DEDAIGNEUSE 0 lassie , art thou sleepiug yet Rob .Burns .",
                  "id": "5",
                  "title": "Contes et féerie / Émile Blémont"
            },
            {
                  "doc_url": "https://gallica.bnf.fr/ark:/12148/bpt6k930026h",
                  "emotions": [
                        "love"
                  ],
                  "excerpt": "Et de l ’ amour périr victime , Que n ’ avoir pas aimé du tout .S ’ il est une vie éternelle Et qu ’ immortels soient nos amours , Lorenzo de son Isabelle A les doux baisers pour toujours ; Mais si l ’ âme n ’ est autre chose Qu ’ un souffle éphémère et léger , Comme le parfum de la rose , Ou la senteur de l ’ oranger , Leurs âmes un instant captives Ont au moins réuni leur vol , Comme deux brises fugitives Apportant de diverses rives Les chants du tendre rossignol .POESIES DIVERSES SCÈNE D ’ AMOUR The course of true love never did run smoolh .",
                  "id": "6",
                  "title": "Contes et féerie / Émile Blémont"
            },
            {
                  "doc_url": "https://gallica.bnf.fr/ark:/12148/bpt6k930026h",
                  "emotions": [
                        "grief",
                        "love",
                        "nostalgia",
                        "gratitude",
                        "caring"
                  ],
                  "excerpt": "Douleur , acharne - toi sur mon corps périssable , Je ne sens pas tes dents , mon cœur est plein d ’ amour ; Je sens de mon amour la source intarissable , Je vivrai pour l ’ aimer jusqu ’ à mon dernier jour .Mais quand nos ossements tomberont en poussière , Dieu , de notre tendresse ému jusques aux pleurs , Réunira mon âme à son âme légère , — 233 — Et nous fera passer , oubliant sa colère , Nos deux mille ans d ’ exil dans le parfum des fleurs .Nous reprendrons enfin l ’ immortelle couronne , Et nous revêtirons la divine beauté ; Nos voix célébreront le Seigneur qui pardonne : Nous remplirons d ’ amour toute l ’ éternité ! LELLINA .",
                  "id": "7",
                  "title": "Contes et féerie / Émile Blémont"
            },
            {
                  "doc_url": "https://gallica.bnf.fr/ark:/12148/bpt6k930026h",
                  "emotions": [
                        "grief",
                        "sadness",
                        "love",
                        "nostalgia"
                  ],
                  "excerpt": "Mais le matin montrait à la fenêtre Sa lèvre rose et son regard d ’ azur ; Un nouveau monde à nos yeux semblait naître , Et pour emplir nos deux poumons d ’ air pur , Nous nous sauvions pieds nus à la fenêtre .Que de chansons , de parfums et de fleurs ! Rosiers , jasmins ouvraient leurs mille lèvres , Pourpres ici , là sans plus de couleurs Que deux amants au sortir de leurs fièvres : Les fleurs s ’ ouvraient , l ’ oiseau chantait les fleurs .Qui me rendra mes jours , mes nuits d ’ Espagne , Qui me rendra ma maîtresse aux yeux noirs , Tes clochers bruns , Madrid , sur ta montagne , Tes frais matins et l ’ odeur de tes soirs ? llélas ! adieu les amours en Espagne ! LA DEDAIGNEUSE 0 lassie , art thou sleepiug yet Rob .",
                  "id": "8",
                  "title": "Contes et féerie / Émile Blémont"
            },
            {
                  "doc_url": "https://gallica.bnf.fr/ark:/12148/bpt6k687618",
                  "emotions": [
                        "love",
                        "gratitude",
                        "caring"
                  ],
                  "excerpt": "Il n ' y a , déclare - t - il , qu ' en province qu ' on mange encore des choses saines .Et c ' est avec des larmes de tendresse qu ' il célèbre le bouquet du petit vin gris de Villotte .Bref , il achève de conquérir toute la compagnie , à l ' exception de la maman Péchoin , qui se méfie et se tient sur la réserve .",
                  "id": "9",
                  "title": "L'oncle Scipion / André Theuriet"
            },
            {
                  "doc_url": "https://gallica.bnf.fr/ark:/12148/bpt6k5323531g",
                  "emotions": [
                        "love"
                  ],
                  "excerpt": "Chez les enfants lymphatiques , les médecins viennois , si localisateurs soient - ils , leur adjoignent cependant une médication interne , huile de foie de morue , iode ; ils recommandent les bains salés , les eaux d ’ Ischl ou de Kreuznach .Mais , si l ' affection ne cède pas à ces moyens de douceur , il importe d ’ agir plus énergiquement sur la muqueuse par des astringents forts ou des caustiques .On peut insuffler dans le nez des poudres astringentes pures ou mêlées à des corps inertes pulvérulents : alun , tannin , acétotartrate d ’ alumine .",
                  "id": "10",
                  "title": "Le Mercredi médical : journal du praticien et de l'étudiant"
            },
            {
                  "doc_url": "https://gallica.bnf.fr/ark:/12148/bpt6k5429189d",
                  "emotions": [
                        "joy",
                        "love",
                        "gratitude"
                  ],
                  "excerpt": "Gramaci , au sendi de Prouvènço , à l ' arderous e simpati felibre que fai sèmpre gau e de vèire e d ' entendre .Gramaci , subre tout , dou founs de l ' amo , à vautrei , Meidamo , qu ' avei lou dôus parfum de la flour , lou rai calourènt dôu souréu e la riseto refrescarello d ' un ' aureto d ' estiéu ; à vautrei , divino is ' pirarello de tout bouon countaire , qu ' emé vouoste bèu biais , vouosto gràci e vouosto béuta enlusissès toujour nouostei felibrejado .Hou sabès toutes , ei gràci au felibrigi que deven aquelei farandouro e m ' aqueles acamp ounté l ' esperit emé lou couor se ligon ensèm par lou double liame de la pouesio e de l ' amour dou terraire .",
                  "id": "11",
                  "title": "Félibrée de Labrillane (16 septembre 1888)"
            },
            {
                  "doc_url": "https://gallica.bnf.fr/ark:/12148/bpt6k6541867r",
                  "emotions": [
                        "love",
                        "nostalgia",
                        "doubt"
                  ],
                  "excerpt": "MERCURE .Bon temps , reviendrez - vous ? Table toujours friande Biscuits où dominoit le parfum de l ' amande , Gâteaux du Mercredi , qu ' êtes - vous devenus ? CARIE .La mode en dl : passée & ne reprendra plus .",
                  "id": "12",
                  "title": "Les muses grecques, ou Traduction en vers françois de Plutus, comédie d'Aristophane , suivie de la troisième édition d'Anacréon, Sapho, Moschus, Bion, Tyrthée... traduits en vers françois... Avec une Lettre sur la traduction des poëtes grecs. Par M. Poinsinet de Sivry,..."
            },
            {
                  "doc_url": "https://gallica.bnf.fr/ark:/12148/bpt6k64343824",
                  "emotions": [
                        "disgust",
                        "love"
                  ],
                  "excerpt": [
                        "Lames décurrentes Terrestres .Odorants ( Ce sont des Clitocybes à spores rosées ) .Espèces : Clit .",
                        "Pédicule plein , cylindrique , élastique , farineux au sommet , légèrement tomenteux à la base , lilasviolet .Odeur de farine .Automne ; solitaire - dans les bois , dans les pâturages , le long des haies , etc ."
                  ],
                  "id": "13",
                  "title": "Les champignons considérés dans leurs rapports avec la médecine, l'hygiène publique et privée, l'agriculture et l'industrie, et description des principales espèces comestibles, suspectes et vénéneuses de la France / par le Dr Lucien-Marie Gautier,..."
            },
            {
                  "doc_url": "https://gallica.bnf.fr/ark:/12148/bpt6k5540824g",
                  "emotions": [
                        "love",
                        "nostalgia",
                        "relief",
                        "calmness"
                  ],
                  "excerpt": "Ce rêve aussi devra s ' éteindre , et nul flambeau Ne le rallumera jamais plus .Nevermore ! A LA RÉVÉRENDE SOEUR OL1ER TOUR LE VINGT - CINQUIÈME ANNIVERSAIRE DE SA PRISE DE VOILE Loin des enchantements du monde , loin du bruit , Vingt - cinq ans vous avez , comme la violette Exhalant son parfum dans la paix de la nuit , Embaumé de vertus votre calme retraite .Vingt - cinq ans vous avez , sourde aux cris triomphants Des heureux défilant sous votre humble fenêtre , Répété chaque jour , comme le divin Maître : — Laissez venir à moi tous les petits enfants ! .",
                  "id": "14",
                  "title": "Les fleurs de givre / W. Chapman"
            },
            {
                  "doc_url": "https://gallica.bnf.fr/ark:/12148/bpt6k61802b",
                  "emotions": [
                        "grief",
                        "sadness",
                        "love",
                        "nostalgia",
                        "gratitude",
                        "disappointment"
                  ],
                  "excerpt": "ne sachant s ' H ï ' a pu tar ! r .Sur ta M ' vre parc , ô ma hÏCM - a ! Mée , TeMe aMsst mon âme eAt vonht mourir tht premier baiser < j [ n ! t ' a parfumée La Vcrantlah Au tintement de l ' eau dans les porphyres roux Les rosiers de l ' Iran mêlent leurs frais murmures , Et les ramiers rêveurs leurs roucoulements doux .Tandis que l ' oiseau grêle et le frelon jaloux , Simant et bourdonnant , mordent les figues mures , Les rosiers de l ' Iran mêlent leurs frais murmures Au tintement de l ' eau dans les porphyres roux .",
                  "id": "15",
                  "title": "Poèmes et poésies / Leconte de Lisle"
            },
            {
                  "doc_url": "https://gallica.bnf.fr/ark:/12148/bpt6k54791194",
                  "emotions": [
                        "love",
                        "caring"
                  ],
                  "excerpt": "Les autres , celles qu ' un ample sentiment de mansuétude habite , ne souffriront pas moins , peut - être ; mais leur douleur aura la noblesse , qui porte en elle les principes de l ' apaisement , précurseur de la guérison .Chez l ' épouse qui s ' est donnée par amour , ce sentiment survit au naufrage de ses illusions ; et , dans le cas où le bonheur s ' enfuirait d ' elle , elle se garderait bien encore de nier la beauté de l ' amour , car le coeur de celle qui l ' a ressenti est comme un vase précieux , gardant en ses flancs l ' arôme des parfums qu ' il a contenus jadis .CHAPITRE XII La vraie guérisseuse .",
                  "id": "16",
                  "title": "Ce qu'il faut que toute jeune femme sache / B. Dangennes"
            },
            {
                  "doc_url": "https://gallica.bnf.fr/ark:/12148/bpt6k2046795",
                  "emotions": [
                        "love",
                        "gratitude",
                        "faith"
                  ],
                  "excerpt": "Dùm esset rex in acubitu suo , nardus mea dedit odorem suum .Tandis que mon roi sera en sa saite , mon parrum , qui est composé de nard , embaumera tout ce lieu de ta suavité de son odeur , et de plus je m ' unirai tellement avec lui , que je le porterai comme un bouquet dedans mon sein .Fasciculus myrrha : dilectus meus mihi inter ubera mea commorabitur .",
                  "id": "17",
                  "title": "Oeuvres complètes de saint François de Sales,.... T. 2"
            },
            {
                  "doc_url": "https://gallica.bnf.fr/ark:/12148/bpt6k2046795",
                  "emotions": [
                        "love",
                        "greed"
                  ],
                  "excerpt": "Bernard , la charge des pasteurs n ' est pas des ames fortes , mais des foibles et débiles ; car les fortes vont assez d ' elles - mêmes , mais il / faut porter les foibles .Ainsi , quoique l ' enfant prodigue revint tout nu , crasseux et puant d ' entre les pourceaux , son bon père néanmoins l ' embrasse le baise .amoureusement et pleure dessus lui ; parce qu ' il étoit son père , et que le cœur des pères est tendre sur celui des enfants .",
                  "id": "18",
                  "title": "Oeuvres complètes de saint François de Sales,.... T. 2"
            },
            {
                  "doc_url": "https://gallica.bnf.fr/ark:/12148/bpt6k2046795",
                  "emotions": [
                        "admiration",
                        "love",
                        "gratitude"
                  ],
                  "excerpt": "Et quant au premier elle dit Quia meliora sunt ubera tua vino , fragrantia ungùentis optimis .Tes amours sont meilleurs que le vin , et plus odorants que les parfums .Quant au second Oleum effusum nomen tuum .",
                  "id": "19",
                  "title": "Oeuvres complètes de saint François de Sales,.... T. 2"
            },
            {
                  "doc_url": "https://gallica.bnf.fr/ark:/12148/bpt6k14218883",
                  "emotions": [
                        "love"
                  ],
                  "excerpt": "» Pour bien faire comprendre avec quelle facilité les maladies de cette sorte peuvent se propager et se répandre , les épidé - misles et principalement les conlagionistes ont souvent cité l ’ exemple d ’ une famille Van Dams , qui perdit un certain nombre de scs membres pendant la peste qui fit de si grands ravages à Niinègue en 1 ( > 30 et 1037 , cl dont 1 histoire nous fut transmise par Isbrand de Diemerbrœck ' .Le récit de notre chroniqueur , Philippe de Vigneulles , est encore plus concluant et surtout plus lamentable que celui qui se trouve dans la relation du médecin hollandais ; il ne laisse aucun doute sur la nature d ’ une affection dont le bubon pestilentiel était le symptôme pathognomonique , dont la transmission par contagion ou tout au moins par voie d ’ infection engendra de si grands désastres , lit de si nombreuses victimes en dehors de toute influence extérieure .Car , comme le fait observer la chronique , « le temps était beau , l ’ année très » ferlille es biens de la terre el on avoit de tout en grande » abondance , et avec ça cessant icelle contagieuse rr .",
                  "id": "20",
                  "title": "Tableau historique, chronologique et médical des maladies endémiques, épidémiques et contagieuses, qui ont régné à Metz et dans le pays messin depuis les temps les plus reculés jusqu'à nos jours, par le Dr Félix Maréchal [et le Dr J. Didion],... 1er fascicule"
            }
      ]
}