{
      "articles": [
            {
                  "doc_url": "https://gallica.bnf.fr/ark:/12148/bpt6k54954167",
                  "emotions": [
                        "love",
                        "excitement",
                        "gratitude"
                  ],
                  "excerpt": "Holà , amis , remplissez vos corbeilles de la moisson que nous faisons , pendant que Flore comble mes Voeux au - delà de mes espérances .Allez , bril - , lantes fleurs , allez exhaler vos parfums à ma belle en ce moment favorable où elle s ' éveille .Ainsi , en la rappelant des langueurs du sommeil , indiquez - lui ce qu ' à déjà fait mon amour , afin qu ' elle 58 LES A * MOURS .",
                  "id": "1",
                  "title": "Les amours de Zoroas et de Pancharis, poème érotique et didactique, ou Veillées d'un homme de loisir sur le culte de Cythérée. Tome 2 / ... ouvrage traduit sur la 2de édition de l'original latin... par un amateur de l'antiquité"
            },
            {
                  "doc_url": "https://gallica.bnf.fr/ark:/12148/bpt6k54954167",
                  "emotions": [
                        "love",
                        "nostalgia"
                  ],
                  "excerpt": "En quelque lieu qu ' elle porte ses pas , je la suivrai sous l ' apparence d ' un Zéphyr le plus léger ; je jouerai dans sa chevelure , et la ferai voltiger sur ses blanches épaules , pour qu ' elle lui exhale les odeurs les plus suaves dont elle sera chargée .Alors , de mon souffle embaumé , rafraîchissant son haleine et son sein , je lui donnerai encore des preuves répétées de mon premier amour .Si la rose , près d ' elle , donne une odeur plus agréable , si la fraîche violette ajoute à ses cheveux le charme qui les relève , si ses joues se colorent d ' un nouvel incarnat ; que se couchant sur l ' édredon , elle y repose plus mollement ; si l ' air , doucement agité , lui apporte le plus doux mur - 238 LES A MOÛRS DE ZOROAS mure de la flûte ; si les émanations des pavots qui ornent son parterre engourdissent ses sens lorqu ' elle ira s ' y promener à la chute du jour ; si les mouvements qui agitent son sein détournent la gaze qui le couvre , et que , par leur fréquence , ils y appèlent les baisers ; tout cela sera l ' effet ^ de mon zèle .",
                  "id": "2",
                  "title": "Les amours de Zoroas et de Pancharis, poème érotique et didactique, ou Veillées d'un homme de loisir sur le culte de Cythérée. Tome 2 / ... ouvrage traduit sur la 2de édition de l'original latin... par un amateur de l'antiquité"
            },
            {
                  "doc_url": "https://gallica.bnf.fr/ark:/12148/bpt6k9804924h",
                  "emotions": [
                        "love",
                        "gratitude"
                  ],
                  "excerpt": "— La jalousie développe chez ceux qu ' elle envahit une perspicacité très pénétrante ; elle affine l ' esprit et donne aux sens de la vision et de l ' ouïe une acuité presque maladive .Le Champenois flaira une odeur d ' amour dans le chantier du père Vincart .Il épia les deux adolescents et devina avant eux la nature du sentiment encore inconscient qui les inclinait l ' un vers l ' autre .",
                  "id": "3",
                  "title": "Oeuvres de André Theuriet : nouvelles"
            },
            {
                  "doc_url": "https://gallica.bnf.fr/ark:/12148/bpt6k5453945z",
                  "emotions": [
                        "love",
                        "excitement"
                  ],
                  "excerpt": "Douxième période : IVvers : 3rimes atténuées : refaire , innocent et instant qu ' affaiblit révoltant .Les flamboyances de son geste incandescent Ont l ' air d ' épuiser l ' ardeur du creuset soluire Dans leur passive velléité de refoire Ame , germe , couleur , son , parfum chair et sang Avec de l ' esprit r .ire ou de l ' inconscient , Et selon son destin myriumillénaire Grandiose ignorant du grand tout , innocent Comme nous , des malheurs qu ' il crée ou qu ' il éclaire , L ' Astre , du buut de son plus radieux moment , Où règne épanoui du rêve involontaire , Ensemence de songe et d ' amour cet instant VANITÉ DES VANITÉS 213 Treizième période : 6 vers : 3 rimes atténuées : funéraire , blanc et solitaire .",
                  "id": "4",
                  "title": "La légende rouge, synthèses d'idées et de caractères révolutionnaires : mélodrame en vers, suivi d'un débat sur le nombre et la rime, et d'un ballet-mimodrame \"La ronde des fleurs\" / P.-N. Roinard"
            },
            {
                  "doc_url": "https://gallica.bnf.fr/ark:/12148/bpt6k856544x",
                  "emotions": [
                        "admiration",
                        "joy",
                        "love",
                        "optimism",
                        "gratitude"
                  ],
                  "excerpt": "Elle vend ses fleurs , La marchande de violettes , Et donne son cœur .Ce petit bouquet parfumé , Fais - en cadeau , famé joyeuse , Pour sa fête à ton amoureuse , Tu seras certain d ’ être aimé .Achète à l ’ accorlc brunette , Qui vend ses fleurs , Le beau bouquet de violettes , Et donne son cœur .",
                  "id": "5",
                  "title": "Le nébuleux / par François Gauzi"
            },
            {
                  "doc_url": "https://gallica.bnf.fr/ark:/12148/bpt6k856544x",
                  "emotions": [
                        "sadness",
                        "love",
                        "nervousness"
                  ],
                  "excerpt": "C ’ est l ’ heure calme , qui glisse mystérieuse , Passage , redouté , de la vie au tombeau .La fleur se ferme , la lumière du flambeau Vacille , pale et tremblante nébuleuse , Et les parfums montent vers toi , pour t ’ engourdir .Ne parle pas , ne bouge plus , couché par terre Dans la béatitude , heureux , tu vas dormir Jusqu ’ au matin , sur le sein fécond de ta mère .",
                  "id": "6",
                  "title": "Le nébuleux / par François Gauzi"
            },
            {
                  "doc_url": "https://gallica.bnf.fr/ark:/12148/bpt6k856544x",
                  "emotions": [
                        "admiration",
                        "joy",
                        "love",
                        "excitement",
                        "pride",
                        "gratitude"
                  ],
                  "excerpt": "L ’ Araignée .Admire - la , le cœur serré , les yeux ardents ! Respire - la , parfum de chair , fleur odorante , Cette superbe créature , ton amante , Et comble - la , fol amoureux , de tes présents , Orne son cou d ’ un long collier de diamants .Indifférent à tout , sinon à l ’ adorée , Devance ses désirs , ruine - toi , souriant .",
                  "id": "7",
                  "title": "Le nébuleux / par François Gauzi"
            },
            {
                  "doc_url": "https://gallica.bnf.fr/ark:/12148/bd6t5373207c",
                  "emotions": [
                        "grief",
                        "sadness",
                        "love",
                        "disappointment"
                  ],
                  "excerpt": "Elle passait pour une effrontée courtisane , offrant son amour à tout venant .Mais malheur à qui l ’ écoutait ! la violence de son parfum endormait ses amants sur son cœur , et pas un ne se réveillait .« — Voilà mon suicide trouvé , dis - je , et je n ’ ai pas besoin d ’ aller plus loin .",
                  "id": "8",
                  "title": "Ballades / Henry Murger"
            },
            {
                  "doc_url": "https://gallica.bnf.fr/ark:/12148/bd6t5373207c",
                  "emotions": [
                        "love"
                  ],
                  "excerpt": "Oh ! ce n ’ est pas une telle mort que j ’ avais rêvée ! Pourquoi la jeune fille qui vient ici souvent ne m ’ a - t - elle pas cueillie ! J e serais morte sur son sein en mêlant ma virginité à la sienne .Peut - être , avec son premier aveu , m ’ aurait - elle donnée au jeune homme BALLADES qui vient l ’ attendre ici le soir ; lui m ’ aurait effeuillée entre les pages de quelque beau poème ; et , chaque fois qu ' il en eût ouvert les feuillets , mon parfum , enseveli avec moi , aurait rappelé au jeune amant le poème plus beau de ses amours , et en aurait embaumé le souvenir .« Cependant la voix de la mourante devint plus faible ; le zéphyr arracha sa dernière feuille .",
                  "id": "9",
                  "title": "Ballades / Henry Murger"
            },
            {
                  "doc_url": "https://gallica.bnf.fr/ark:/12148/bd6t5373207c",
                  "emotions": [
                        "grief",
                        "fear",
                        "love",
                        "excitement"
                  ],
                  "excerpt": "Le moment suprême appro - chait .Son cœur s ’ ouvrit , et je sentis son dernier parfum , c ' est - à - dire son âme , près de s ’ envoler .« — Oh ! me dit - elle si bas , que je l ’ en tendis à peine , si j ’ avais vécu , je t ’ aurais peut - être aimé , toi ! « Puis elle mourut « En entendant un pareil aveu , et dans un tel moment , mon cœur se brisa .",
                  "id": "10",
                  "title": "Ballades / Henry Murger"
            },
            {
                  "doc_url": "https://gallica.bnf.fr/ark:/12148/bpt6k5470731v",
                  "emotions": [
                        "love",
                        "nostalgia"
                  ],
                  "excerpt": "Pathologie avec clinique S ' accordent , dira - t - il , sur ce point de pratique : Se saigner à jeûn n ' est pas sain .iNc vaudrait - il pas mieux commencer par la fin ? Le parfum des coulis prédispose à s ' entendre , Et Gaster plein rend le coeur tendre .Le roi des bois , quand il a bien dîné , Perdant sa rage et sa superbe , Laisse en paix le daim nouveau - né A ses côtés s ' ébattre et brouter l ' herbe .",
                  "id": "11",
                  "title": "Poésies diverses / par Charles Rey,..."
            },
            {
                  "doc_url": "https://gallica.bnf.fr/ark:/12148/bpt6k112557w",
                  "emotions": [
                        "love",
                        "desire",
                        "excitement",
                        "gratitude"
                  ],
                  "excerpt": "Berce - moi , calme - moi de ta fraîche tendresse , Pénètre - moi de la langueur de ton désir , Apprends - moi le secret du suprême plaisir Et brûle ma chair nue au feu de ta caresse .Fais - moi resplendir d ' un éclat passionné , Imprègne - moi de toi , de l ' odeur de ta vie , Fais de moi ton esclave un esclave enchaîné Par la chaîne des sens , et mon âme ravie De tendre à ton baiser mon corps délicieux , Connaîtra sur la terre un avant - goût des deux Sacrifice de , la rose Rose , entre nos baisers , ton cœur n ' a pas perdu Un seul pétale , et ton parfum est resté tel Qu ' il était hier encor , sur le seuil de l ' autel De notre jeune amour .Pourtant nous aurions dû Te mutiler du froissement de nos seins nus O fleur , témoin discret et confidentiel Qui seul a pu nous voir , escaladant le ciel , Aborder en astral des pays inconnus Te voici près de moi , ma rose purpurine , Et ta chair de velours m ' embaume la poitrine .",
                  "id": "12",
                  "title": "La Nouvelle revue"
            },
            {
                  "doc_url": "https://gallica.bnf.fr/ark:/12148/bpt6k3040434v",
                  "emotions": [
                        "love",
                        "desire"
                  ],
                  "excerpt": "Les jardins sont enrichis de fleurs exotiques , de plantes rares , d ’ arbres aux essences variées et curieuses , qui confondent , dans leurs em - brassementsparfumés , leurs odeurs enivrantes , leurs spirales éclatantes et leurs ramures luxuriantes .Les corbeaux et les merles recherchent ces ombrages , et c ’ est dans cet Éden que le dernier rossignol parisien exhale ses douces mélodies .Dans la rue , cependant , le passant effaré boutonne son habit , retrousse son collet , enfonce son chapeau , détourne ses regards et fuit à pas précipités .",
                  "id": "13",
                  "title": "Le Capitaine Régnier, types civils et militaires. Préface par E. Carjat / Alex. Pothey"
            },
            {
                  "doc_url": "https://gallica.bnf.fr/ark:/12148/bpt6k200784t",
                  "emotions": [
                        "grief",
                        "love",
                        "nostalgia"
                  ],
                  "excerpt": "Dans le parfum qu épanche Le seringat , je vois Mimi , vision blanche , Revenir d ' autrefois .Dans l ' allée embaumée Par les seringats blancs , Où je l ' ai tant aimée , Nous marchons à pas ) cnts .HEMR ! PLON , LÉCRIVAIN ET TOUBON , ÉDITEURS .",
                  "id": "14",
                  "title": "Chants et chansons populaires de la France. 2"
            },
            {
                  "doc_url": "https://gallica.bnf.fr/ark:/12148/bpt6k114879t",
                  "emotions": [
                        "surprise",
                        "love",
                        "caring"
                  ],
                  "excerpt": "Elle était assise devant son piano dont elle agaçait lentement les touches , sans former aucune phrase mélodique ^ Jean voyait surtout d ' elle une chevelure dont l ' arrangement le frappait comme quelque chose de mystérieux et de beau .Elle tourna la tête vers lui et , caressant d ' une main la blonde de son peignoir « , Vous êtes l ' amj d ' Edgar ? dit - elle , dfun ton cordial , mais d ' une voix quisembla rude à l ' enfant , dans ce - salon parfumé comme une chapelle .Oui , madame .",
                  "id": "15",
                  "title": "Les désirs de Jean Servien (13e édition) / Anatole France,..."
            },
            {
                  "doc_url": "https://gallica.bnf.fr/ark:/12148/bpt6k9687779f",
                  "emotions": [
                        "love"
                  ],
                  "excerpt": "La grande Aumônerie surtout revient , à chaque instant , dans les romans de M .de Balzac : elle protége Lucien de Rubempré ; elle dirige Canalis ; elle marie celle - ci , elle destitue celui - là ; elle mêle le parfum de ses grâces épiscopales au musc et au patchouli des duchesses .Où donc M .",
                  "id": "16",
                  "title": "Causeries du samedi : deuxième série des \"Causeries littéraires\" / par Armand de Pontmartin"
            },
            {
                  "doc_url": "https://gallica.bnf.fr/ark:/12148/bpt6k5721796v",
                  "emotions": [
                        "sadness",
                        "love",
                        "nostalgia",
                        "frustration",
                        "disappointment"
                  ],
                  "excerpt": "Les .soupirs et les parfums de mon coeur juvénile ne me paraissent pas mériter d ' être recueillis .J ' en étais même arrivé à ce point de découragement et de sécheresse que je jouissais avec une sorte d ' amertume de la sensation de vivre , de penser , de sentir en vain ; comme ces fleurs qui croissent dans les sites inaccessibles des Alpes , qui végètent sans qu ' aucun regard les voie fleurir , et qui semblent accuser la nature de n ' avoir ni plan ni pitié dans ses créations .",
                  "id": "17",
                  "title": "Les confidences / par A. de Lamartine"
            },
            {
                  "doc_url": "https://gallica.bnf.fr/ark:/12148/bpt6k5721796v",
                  "emotions": [
                        "admiration",
                        "love",
                        "pride",
                        "greed"
                  ],
                  "excerpt": "Celle de madame de Broglie n ' en avait pas besoin .Elle est à elle - même son parfum .Elle s ' embaume de sa propre vertu .",
                  "id": "18",
                  "title": "Les confidences / par A. de Lamartine"
            },
            {
                  "doc_url": "https://gallica.bnf.fr/ark:/12148/bpt6k61284085",
                  "emotions": [
                        "grief",
                        "love",
                        "nostalgia",
                        "gratitude",
                        "doubt",
                        "curiosity"
                  ],
                  "excerpt": "L ' AMOUR .Dis - moi , sais - tu pourquoi , ma blanche bien - aimée , Sous les baisers du vent , la fleur s ' ouvre embaumée , Aux premiers feux du jour ? Pourquoi , sur le vieux mur , au front de la tourelle , L ' hirondelle aux doux cris , jase avec l ' hirondelle : C ' est l ' amour ! ..",
                  "id": "19",
                  "title": "Poésies de Jules Guillemin. Élégies, sonnets, chansons, etc."
            },
            {
                  "doc_url": "https://gallica.bnf.fr/ark:/12148/bpt6k61284085",
                  "emotions": [
                        "love",
                        "nostalgia",
                        "gratitude"
                  ],
                  "excerpt": "Il en but une goutte ; Soudain Il oublia la route D ' Eden ; Même au fond de son verre , Dit - on , Il trouva la première Chanson .Sous l ' or et sous le chaume , Liqueur ! Ton doux parfum embaume Le coeur , Et quand la grappe noire Mûrit , — 191 - Là - haut , Dieu , dans sa gloire , Sourit ! Autour d ' un vin qui coule A flots , Les plaisirs sont en foule Éclos ; Bois , couronne de roses Ton front , El les soucis moroses Fuiront .Aux anciens temps de Rome , Dit - on , Un sage qu ' on renomme , Caton , Dans sa coupe , sans cesse , Puisait Les traits dont sa sagesse Usait .",
                  "id": "20",
                  "title": "Poésies de Jules Guillemin. Élégies, sonnets, chansons, etc."
            }
      ]
}