{
      "articles": [
            {
                  "doc_url": "https://gallica.bnf.fr/ark:/12148/bpt6k5542417k",
                  "emotions": [
                        "admiration",
                        "love",
                        "gratitude",
                        "faith"
                  ],
                  "excerpt": "C ' est donc là qu ' il repose I l ' ALÊMON .Poète aimé des Dieux , à tes pieds je dépose Le narcisso embaumé , ces noirs pavots , ces lys .DAT VI .",
                  "id": "1",
                  "title": "Chants bucoliques / par A. Deville,..."
            },
            {
                  "doc_url": "https://gallica.bnf.fr/ark:/12148/bpt6k6340298f",
                  "emotions": [
                        "grief",
                        "sadness",
                        "love",
                        "desire",
                        "nostalgia"
                  ],
                  "excerpt": "Le bel oiseau tapageur et sémillant s ' embourgeoise et devient vulgaire ; — et si , par hasard , un chardonneret sauvage , fringant et libre , vient à passer aux environs de la cage où végète le captif , c ' est à peine s ' il reconnaît un frère dans ce chardonneret défraîchi , dédoré , mal marié , qui , derrière les barreaux , traîne piteusement son attirail de galérien , en compagnie d ' une serine hargneuse et jalouse .LA LINOTTE ET LE TARIN LA LINOTTE ET LE TARIN ( LE TARIN ) Dans les vieux clos aux murs croulants Où pend la grappe du cytise , La douce odeur des pommiers blancs Lui monte a la tôle et le grise Il rêve aux bois profonds et sourds , K Où dans quelque épaisse trochée Il ira cacher ses amours Et sa bégayante nichée .Il prend son vol .",
                  "id": "2",
                  "title": "Nos oiseaux / André Theuriet,... ; cent dix compositions de H. Giacomelli ; gravées sur bois par J. Huyot"
            },
            {
                  "doc_url": "https://gallica.bnf.fr/ark:/12148/bpt6k5445660z",
                  "emotions": [
                        "admiration",
                        "love",
                        "pride",
                        "faith"
                  ],
                  "excerpt": "Détaché des faux biens , emporté par sa flamme , Il court comme un géant dans la route du bien .Le trésor de vertus que renferme son âme Enivre tous les coeurs de son parfum divin .Bientôt , fuyant le siècle , il entre au sanctuaire , Pour abriter ses jours à l ' ombre de l ' autel .",
                  "id": "3",
                  "title": "Chants d'une âme pieuse / par l'abbé A. Cuinet,..."
            },
            {
                  "doc_url": "https://gallica.bnf.fr/ark:/12148/bpt6k58468420",
                  "emotions": [
                        "love"
                  ],
                  "excerpt": "| Agitez avec soin pendant quatre heures .A emplnycr dans les affections psoriques comme succédané du savon mou ou savon vert , dont l ' odeur est sî repoussante pour la plupart des personnes appelées à en faire usage .Il est incontestable qu ' il est souvent avantageux d ' employer dans des pommades anlipsorîques du savon mou , et que celui du commerce a une odeur in .",
                  "id": "4",
                  "title": "Nouveau formulaire magistral : précédé d'une notice sur les hôpitaux de Paris, de généralités sur l'art de formuler,... (7e éd. corrigée et augmentée) / par A. Bouchardat,..."
            },
            {
                  "doc_url": "https://gallica.bnf.fr/ark:/12148/bpt6k310056t",
                  "emotions": [
                        "love",
                        "nostalgia",
                        "gratitude"
                  ],
                  "excerpt": ".Tu te souviens qu ’ une fois déjà , petite sœur , je t ’ ai comparée , en vers , à une rose ! — à une rose blanche ! C ’ est à l ’ éclosion de tes dix - huit ans que tu lui ressembles à cette rose , et que tu en as la douce senteur de l ’ âme et du cœur .Garde - les , ma Linette , tes dix - huit ans ! garde - les toujours par le cœur et par lame , par la jeunesse des sentiments et des illusions .",
                  "id": "5",
                  "title": "Impressions de guerre d'Albert Poumailloux,..."
            },
            {
                  "doc_url": "https://gallica.bnf.fr/ark:/12148/bpt6k5522955f",
                  "emotions": [
                        "love"
                  ],
                  "excerpt": "II ne réfléchissait plus que l ' esprit yankee donne à la femme une autorité peu en faveur chez les Latins , et dans la suite un tel détachement de l ' homme que le mari n ' est plus , à vrai dire , que le père des enfants et le fournisseur dé dollars .Il tenait contre lui une superbe créature que la passion semblait égarer , et dont il respirait la senteur affolante .Sous le bras de la jeune femme , son bras tremblait D ' un « reste discret , Cynthia dégagea son pois - net gauche .",
                  "id": "6",
                  "title": "La Mode du jour"
            },
            {
                  "doc_url": "https://gallica.bnf.fr/ark:/12148/bpt6k5445660z",
                  "emotions": [
                        "love",
                        "gratitude",
                        "faith"
                  ],
                  "excerpt": "Air n ° 52 .Quand tu m ' apportes ta prière , Et qu ' elle coule de ton coeur , Mon enfant , elle est pour ta Mère Une rose de bonne odeur .Je donne à celui qui me donne ; Et , pour tes fleurs de chaque jour , Même ici - bas je te couronne Des fruits si doux de mon amour .",
                  "id": "7",
                  "title": "Chants d'une âme pieuse / par l'abbé A. Cuinet,..."
            },
            {
                  "doc_url": "https://gallica.bnf.fr/ark:/12148/bpt6k42269335",
                  "emotions": [
                        "admiration",
                        "love",
                        "pride",
                        "gratitude"
                  ],
                  "excerpt": "Ici le vin est un culte .Sans vous en apercevoir , vous aurez reçu avec dévotion dans votre grand verre une quantité modérée de parfum liquide , vous aurez imprimé un mouvement giratoire à l ’ admirable rubis du Château - Lafite , du Haut - Brion , du Haut - Bailly , à la topaze du Château - Lamotte , à l ’ or du Château - Yquem , vous aurez respiré les effluves divins , le délicieux bouquet ! ..",
                  "id": "8",
                  "title": "Hossegor... / par J.-H. Rosny jeune,... ; avec 65 dessins de Cosyns"
            },
            {
                  "doc_url": "https://gallica.bnf.fr/ark:/12148/bpt6k97664094",
                  "emotions": [
                        "disgust",
                        "disapproval",
                        "love"
                  ],
                  "excerpt": [
                        "Particulièrement celle du chien qui ronge beaucoup d ' os .Odeur , & Saveur , foibles .Vertu , maturative , septique .",
                        "Odeur , presque aucune .Saveur , très - styptique , plus amère que les amandes amères .Pertu , narcotique , anti - spasmodique , diurétique , vrai poison à trop forte dose , sur - tout pour les animaux ."
                  ],
                  "id": "9",
                  "title": "Pharmacologie chirurgicale, ou Science des médicamens externes et internes, requis pour guérir les maladies chirurgicales ; suivie d'un Traité de pharmacie relatif à la préparation et à la composition des médicamens. Par M. Plenck,..."
            },
            {
                  "doc_url": "https://gallica.bnf.fr/ark:/12148/bpt6k9808231g",
                  "emotions": [
                        "love"
                  ],
                  "excerpt": "Leur dos gris ondule , leurs grandes oreilles se dressent , leurs bons yeux sourient .Quels amours de petits ânes ! Et puis , toujours l ' odeur troublante du maquis , à peine chassée , de temps en temps , par un zéphyr apportant d ' autres exhalaisons , plus nettes , de pin , de menthe , de serpolet ou d ' eucalyptus ..",
                  "id": "10",
                  "title": "Coups d'ailes. De l'oiseau à l'avion. Préface de M. Laurent Eynac, ministre de l'air / Ennemonde Diard"
            },
            {
                  "doc_url": "https://gallica.bnf.fr/ark:/12148/bpt6k5428423c",
                  "emotions": [
                        "love",
                        "pride",
                        "caring",
                        "doubt"
                  ],
                  "excerpt": "Des émanations de l ' âme il est la première , la plus pure , la plus suave .Ainsi que plusieurs arômes se réunissent dans la délicieuse odeur de — Simon humble bouquet , de même , ma chère tante , se confond dans ce sentiment , supérieur à tous les autres , la tendresse qui m ' attache à vous , non moins que les doux liens du sang .10 A UN ONCLE OU A UNE TANTE Pour le premier jour de l ' année ou pour le jour île sa fête .",
                  "id": "11",
                  "title": "Recueil de compliments en vers et en prose, suivi de petites comédies pour fêtes de famille et distributions de prix, par Mme J.-J. Lambert"
            },
            {
                  "doc_url": "https://gallica.bnf.fr/ark:/12148/bpt6k5467837k",
                  "emotions": [
                        "love",
                        "caring"
                  ],
                  "excerpt": "Les symptômes qui accompagnent presque toujours cette forme d ' aliénation en rendent l ' imitation exacte , impossible .Pour lui témoigner sa tendresse , son ami lui apporte des bouquets de fleurs , lui fait respirer les parfums les plus suaves .Voyez ces roses ! s ' écrie - t - elle ; elles embaument , l ' appartement en est rempli .",
                  "id": "12",
                  "title": "Des hallucinations, ou Histoire raisonnée des apparitions, des visions, des songes, de l'extase, du magnétisme et du somnambulisme (3e édition entièrement refondue) / par A. Brierre de Boismont,..."
            },
            {
                  "doc_url": "https://gallica.bnf.fr/ark:/12148/bpt6k6465856h",
                  "emotions": [
                        "love",
                        "nervousness"
                  ],
                  "excerpt": "Les Dix - neuf baisers sont un véritable chef - d ' œuvre de poésie amoureuse .BAISER V TRADUCTION D ' ÉDOUARD FLOUYlER Quand suspendue à mon cou qui frissonne Tu me tiens enlacé dedans tes bras lascifs ; Que ton ardeur à ma bouche abandonne Ta bouche aux parfums doux , aux murmures plaintifs , ..",
                  "id": "13",
                  "title": "Les poëtes de l'amour : recueil des chefs d'oeuvre de la poésie amoureuse en France aux XVe, XVIe, XVIIe, XVIIIe et XIXe siècles (Nouvelle édition) / précédé d'une introduction par Julien Lemer"
            },
            {
                  "doc_url": "https://gallica.bnf.fr/ark:/12148/bpt6k42459995",
                  "emotions": [
                        "love"
                  ],
                  "excerpt": "Heliothropium peruvianum : héliothrope du Pérou .Arbuste toujours vert , à feuilles étroites , fleurs variées , exhalant une odeur très - suave , symbole de l ’ enivrement d ’ amour .Helleborus fœtidus : hellébore fétide ou pied de griffon .",
                  "id": "14",
                  "title": "Histoire des plantes, ou la Botanique mise à la portée de tout le monde, par le capitaine Pierre..."
            },
            {
                  "doc_url": "https://gallica.bnf.fr/ark:/12148/bpt6k42459995",
                  "emotions": [
                        "love"
                  ],
                  "excerpt": "Nelumbium : nélombo .Plante de l ’ Inde , de la famille hydrocharidée , à liges très - élevées , feuilles vastes , fleurs blanches et roses , odorantes , symbole de la sagesse .Nepeta - cataria : herbe aux chats .",
                  "id": "15",
                  "title": "Histoire des plantes, ou la Botanique mise à la portée de tout le monde, par le capitaine Pierre..."
            },
            {
                  "doc_url": "https://gallica.bnf.fr/ark:/12148/bpt6k97664094",
                  "emotions": [
                        "disapproval",
                        "love",
                        "calmness",
                        "approval",
                        "disappointment"
                  ],
                  "excerpt": [
                        "L ( 3 ) Richter tLt avoir ep ^ © w ^ n & u £ tueuseinen £ la bile pour les taches de la carf ^ v ' - ' ; , 1 G Odeur dé Vherbe , celle de l ' ail .Saveur , d ' oignon ; légérement amère .Vertu , anti - scorbutique .",
                        "Odeur , aucune .Saveur , mielleuse , douce , foiblement acide .Vertu , purgative , fondante ."
                  ],
                  "id": "16",
                  "title": "Pharmacologie chirurgicale, ou Science des médicamens externes et internes, requis pour guérir les maladies chirurgicales ; suivie d'un Traité de pharmacie relatif à la préparation et à la composition des médicamens. Par M. Plenck,..."
            },
            {
                  "doc_url": "https://gallica.bnf.fr/ark:/12148/bpt6k761155",
                  "emotions": [
                        "love",
                        "doubt"
                  ],
                  "excerpt": "il se met immédiatement après le verbe dans t < s phrases interrogatives le bien cst - ! < donc si diuicue a faire ? Ah le fauteuil académique Vitut - t7 un siFge de gazon ? Faut il qu ' un deuil se më ) e aux plaisirs des mortel ¡ Quand un homme est riche , il vaut toujours son priï } M ' eût - ~ de son vrai nom ni titfe ni mëmoife D ' Osier lui trouvera , des aïeux dans l ' histoire .Ce doux r ~ ve est - f7 un mensonge ? P AimaMe fille , n ' es - tu point un ange du Ciel , ou Dieu me monire - t - il en toi l ' épouse qui embellira ma solitude que fait - : 7 qu ' at - il dit ? qu ' a - t - il fait ? aime - t - tna danse ? Pourquoi un chien dt ; basse - cour hurie - t - ~ la nuit à la simple odeur d ' un loup qui lui ressemble ? Le spectacle des aHuires uumaiHes ne vaut - il pas mieux que la contemplation de nos propres douleurs ? 47 .Il , se met également sans interrogation a ! ors , dit - il .",
                  "id": "17",
                  "title": "Science de la langue française / par M. J. Remy..."
            },
            {
                  "doc_url": "https://gallica.bnf.fr/ark:/12148/bpt6k6516798p",
                  "emotions": [
                        "admiration",
                        "joy",
                        "love",
                        "nostalgia",
                        "gratitude"
                  ],
                  "excerpt": "HYMN , fils de BACCHUS , élève d ' URAJ .ÇIE , Quittant pour deux époux les grottes d ' Aonie , Du cothurne brillant paré dans ce beau jour , Tu parus entouré du voile de l ' Amour ; Au souffle des Zéphirs tu mêlais ton haleine ; Tu portais dans tes mains la douce marjolaine , La pâle violette , un myrte éblouissant , La rose virginale au parfum ravissant ; Elle offrait les couleurs de la simple innocence Qui de ses premiers jours embellissaient l ' enfance .LES yeux demi - baissés , dans un trouble charmant , De LOUISE l ' Hymen s ' approche en ce moment ; Une teinte vermeille anime son visage : « Reine , de ta candeur vois la céleste image , » Accepte mon bouquet ; sa naïve blancheur » Est l ' emblème parfait des vertus de ton cœur » .",
                  "id": "18",
                  "title": "Hommages poétiques à Leurs Majestés impériales et royales sur la naissance de S. M. le roi de Rome. Tome 2 / , recueillis et publiés par J.-J. Lucet et Eckard..."
            },
            {
                  "doc_url": "https://gallica.bnf.fr/ark:/12148/bpt6k6557908c",
                  "emotions": [
                        "admiration",
                        "love"
                  ],
                  "excerpt": "Grâce à l ' inventive du parrain , connaissant son Paris et les questions de chic comme personne , pour dérouter enfin les rappels d ' un passé prosaïque , le nom bourgeois de Surville sonnant mal , le vicomte avait proposé que Catherine se fît appeler mistress Hogarth .Le nom avait un joli parfum excentrique seyant on ne peut mieux à la fille du lord .Cambrelu avait adopté cette heureuse idée avec enthousiasme .",
                  "id": "19",
                  "title": "La buveuse de perles / par Mario Uchard"
            },
            {
                  "doc_url": "https://gallica.bnf.fr/ark:/12148/bpt6k97518978",
                  "emotions": [
                        "love"
                  ],
                  "excerpt": "Les ruches à parois épaisses et bien closes la préviennent .À la fin de l ' automne et au commencement du printemps , quelques abeilles meurent de cette affection dans beaucoup de colonies ; mais leurs cadavres , soigneusement enlevés par les abeilles chargées des soins intérieurs , n ' ont pas le temps d ' exhaler l ' odeur malfaisante qui rend la maladie contagieuse .209 .",
                  "id": "20",
                  "title": "Cours pratique d'apiculture (culture des abeilles), professé au Jardin du Luxembourg (4e édition) / par H. Hamet,..."
            }
      ]
}