{
      "articles": [
            {
                  "doc_url": "https://gallica.bnf.fr/ark:/12148/bpt6k81610t",
                  "emotions": [
                        "love",
                        "desire",
                        "nostalgia",
                        "gratitude",
                        "greed"
                  ],
                  "excerpt": "Dans l ' herbe folle et dans l ' ivraie , Je sais quels sinistres avis Le crapaud coasse à l ' orfraie , Qu ' une reine Juive a suivis .Des parfums de mes lourdes tresses , Mé ! ës au goût de mes baisers , J ' ai fait de savantes caresses Pour les désirs inapaisés .Etladame , en un spasme entr ' ouvrantsesdents froides , Lui mordit les genoux à travers les plis roides Du samit écarlate , et Jemyre indulgent : « L ' âge a fait mes sourcils et ma barbe d ' argent , Je suis trop vieux pour vous , belle dame amoureuse , Trop las pour votre ardeur attirante et fiévreuse , Trop usé pour le rêve et l ' impossible essor · Que médite votre âme et parmi vos crins d ' or En vain , voluptueuse et morbide couleuvre , Pour me plaire avez - vous , enfant , mis tout en œuvre r Le sang de mes vingt ans , que l ' âge a refroidi , Trahit le vieux Myrdhinn et , dans l ' ombre engourdi , Songeur lourd de regrets , de tristesse et d ' années , Je suis le morne époux des vieilles fleurs fanées , Un diseur de légende , autrefois gai chanteur Des gloires de mon siècle ; et le ruisseau menteur Qui bavarde , emportant les fleurs à la dérive , Dit plus de gais refrains aux roseaux de la rive Que Myrdhinn , aujourd ' hui las des temps révolus , N ' en a jamais chantés aux douze preux d ' Arthus .",
                  "id": "1",
                  "title": "L'ombre ardente : poésies / Jean Lorrain"
            },
            {
                  "doc_url": "https://gallica.bnf.fr/ark:/12148/bpt6k5445863w",
                  "emotions": [
                        "grief",
                        "love",
                        "nostalgia",
                        "gratitude",
                        "calmness",
                        "caring"
                  ],
                  "excerpt": ".Ainsi far mes soins tes feuilles flétries Rejoindront sur leur lit commun , Dans le jardin , tes soeurs chéries Qui gisent mortes , sans parfum .L ' espace me manque pour étudier comme elle le mérite celte oeuvre d ' un artiste et d ' un charmant rêveur .",
                  "id": "2",
                  "title": "Appendice aux Mélodies irlandaises de Thomas Moore traduites en vers français par M. Henri Jousselin,... et précédées d'une préface par M. Jules Janin,..."
            },
            {
                  "doc_url": "https://gallica.bnf.fr/ark:/12148/bpt6k5445863w",
                  "emotions": [
                        "grief",
                        "love",
                        "gratitude",
                        "calmness",
                        "caring"
                  ],
                  "excerpt": "Je ne veux pas te laisser , rose , Sur ta tige périr ici ; Puisque ta famille repose , Va dormir avec elle .Ainsi , Par mes soins , tes feuilles flétrie Rejoindront sur leur lit commun Dans le jardin tes soeurs chéries , Qui gisent mortes , sans parfum .Puissé - je aussi bientôt vous suivre , Quand les amitiés , les amours , Ces perles dont l ' éclat enivre , M ' auront échappé pour toujours ! Sans une affection profonde , Sans un coeur fidèle avec lui , 66 APPENDIC Qui donc voudrait en ce bas monde Vivre seul et privé d ' appui ? Nous n ' enfinirions pa , si nous voulions relever toutes les beautés de ce livre .",
                  "id": "3",
                  "title": "Appendice aux Mélodies irlandaises de Thomas Moore traduites en vers français par M. Henri Jousselin,... et précédées d'une préface par M. Jules Janin,..."
            },
            {
                  "doc_url": "https://gallica.bnf.fr/ark:/12148/bpt6k5445863w",
                  "emotions": [
                        "grief",
                        "love",
                        "gratitude",
                        "calmness",
                        "caring"
                  ],
                  "excerpt": ".Ainsi , Par mes soins , tes feuilles flétries Rejoindront sur leur lit commun Dans le jardin , tes soeurs chéries Qui gisent mortes , sans parfum .Flotow l ' a mise en musique , ou plutôt il l ' a transportée sur un air mélancolique et doux de l ' Irlande dans son charmant opéra de Martha .",
                  "id": "4",
                  "title": "Appendice aux Mélodies irlandaises de Thomas Moore traduites en vers français par M. Henri Jousselin,... et précédées d'une préface par M. Jules Janin,..."
            },
            {
                  "doc_url": "https://gallica.bnf.fr/ark:/12148/bpt6k5445863w",
                  "emotions": [
                        "grief",
                        "love",
                        "gratitude",
                        "calmness",
                        "caring"
                  ],
                  "excerpt": ".Ainsi , Par mes soins tes feuilles flétries Rejoindront sur leur lit commun , Dans le jardin , tes soeurs chéries Qui gisent mortes , sans parfum .Flotow l ' a mise en musique , ou plutôt il l ' a transportée sur un air mélancolique et doux de l ' Irlande , dans son charmant opéra de Marthn .",
                  "id": "5",
                  "title": "Appendice aux Mélodies irlandaises de Thomas Moore traduites en vers français par M. Henri Jousselin,... et précédées d'une préface par M. Jules Janin,..."
            },
            {
                  "doc_url": "https://gallica.bnf.fr/ark:/12148/bpt6k5445863w",
                  "emotions": [
                        "love",
                        "caring"
                  ],
                  "excerpt": "— Quel plus aimable compagnon de voyage ! Rêverie et mélodie sont soeurs ; et qui prête le mieux à la rêverie , si ce n ' est l ' immensité de la mer ou la montagne qui se perd dans la nue ? On vogue dans l ' infini ou l ' on monte au ciel .Voici cette fleur d ' amour et de tendresse cueillie dans le bouquet parfumé des Mélodies Irlandaises publiées par l ' éditeur Maillet .M .",
                  "id": "6",
                  "title": "Appendice aux Mélodies irlandaises de Thomas Moore traduites en vers français par M. Henri Jousselin,... et précédées d'une préface par M. Jules Janin,..."
            },
            {
                  "doc_url": "https://gallica.bnf.fr/ark:/12148/bpt6k1176889q",
                  "emotions": [
                        "love"
                  ],
                  "excerpt": "Feuilles par 6 à 12 .Fleurs petites , très nombreuses , jaunes , odorantes .Fleurit en juin , septembre .",
                  "id": "7",
                  "title": "Les Plantes des prés du Bourbonnais / par S.-É. Lassimonne"
            },
            {
                  "doc_url": "https://gallica.bnf.fr/ark:/12148/bpt6k6514211d",
                  "emotions": [
                        "grief",
                        "sadness",
                        "love"
                  ],
                  "excerpt": "Puis c ' était un rare génie Qui coulait ses jours d ' harmonie Sous l ' aile des zéphirs naissants , Et fêtait l ' amour du printemps .Puis c ' étaient sous de blanches voiles Des anges d ' amour aux pieds nus , Et des diadèmes d ' étoiles , Passant sur des sols inconnus ; De verdoyantes solitudes , La face des béatitudes , De l ' harmonie et de l ' amour ; Telles que des colombes saintes Dans les myrtes chantaient leurs plaintes , Au déclin odorant du jour .3 la Jttuoc .",
                  "id": "8",
                  "title": "La Napoléïde, poème en 6 chants..."
            },
            {
                  "doc_url": "https://gallica.bnf.fr/ark:/12148/bpt6k97349792",
                  "emotions": [
                        "admiration",
                        "love",
                        "gratitude",
                        "caring"
                  ],
                  "excerpt": ".De doux parfums qui furent cause Que , pris par les yeux et les sens , Je lui dis un soir de printemps : Je t ' aime ..",
                  "id": "9",
                  "title": "Malheur aux pauvres ! (3e édition) / par Alexis Bouvier ; [préface d'André Gill]"
            },
            {
                  "doc_url": "https://gallica.bnf.fr/ark:/12148/bpt6k54547623",
                  "emotions": [
                        "love",
                        "desire",
                        "nostalgia",
                        "envy"
                  ],
                  "excerpt": "Lise se plaint d ' avoir été piquée , 11 lui survient force démangeaisoris , Car dans son sein une puce embusquée Comme un chasseur fourrage les buissons : liientôt l ' insecte augmentant son malaise , Lui fait plus bas des ravages nouveaux : Où diable vont la puce et la punaise ? Rien n ' est sacré pour de tels animaux .L ' amant épris de la fleur fraîche éclose Qui le ravit par sa suave odeur , Tout en rêvant croit cueillir une rose Pour la beauté qu ' il porte dans son coeur ; Mais cette fleur qui le pique et qu ' il baise , C ' est une puce , et pour comble de maux , Entre ses doigts il sent une punaise : Rien n ' est sacré pour de tels animaux .Solliciteurs , gens plus ou moins honnêtes , Vous supportez le dédain , le mépris , El quelquefois , à force de courbettes , Bc vos efforts vous obtenez le prix .",
                  "id": "10",
                  "title": "Les grandes et petites misères de la vie / par les membres du Caveau"
            },
            {
                  "doc_url": "https://gallica.bnf.fr/ark:/12148/bpt6k54642543",
                  "emotions": [
                        "grief",
                        "love",
                        "greed"
                  ],
                  "excerpt": "Nul ne lui disait que l ' aurore Se fane dans un ciel trop bleu , Et que le songe s ' évapore Quand il approche trop de Dieu .Elle laissa sur chaque brise Partir son amour embaumé .Feuille à feuille le vent l ' a prise : Elle meurt d ' avoir trop aimé .",
                  "id": "11",
                  "title": "La Plainte, poésies / Édouard Bodin"
            },
            {
                  "doc_url": "https://gallica.bnf.fr/ark:/12148/bpt6k876416t",
                  "emotions": [
                        "love"
                  ],
                  "excerpt": "— Cette variété de cannelle , fournie par le Laurus cinna - momum , L ., la plus recherchée et la plus chère , se reconnaît aux caractères suivants : l ’ écorce est très mince , papyracée , roulée sur elle - même , formant de petits tuyaux de la grosseur du doigt , d ’ une longueur moyenne de 50 centimètres , et composés d ’ un grand nombre d ’ écorces emboîtées et roulées les unes sur les autres ; elle est fragile , d ’ une couleur blonde , d ’ une odeur très suave et d ’ une saveur aromatique , chaude , piquante et en même temps sucrée .On trouve maintenant dans le commerce des variétés de cannelle très rapprochées de la précédente et qu ’ on confond même généralement avec elle , bien qu ’ elles lui soient inférieures en qualité ; ce sont la cannelle de l ' Inde ou du Malabar , fournie par le même arbre que celle de Ceyian , mais transplantée de l ’ Inde par les Anglais ; et celle de Cayenne , produite par le Cinnamomum zeylanicuin , cultivé dans celte île .",
                  "id": "12",
                  "title": "Nouveau traité de matière médicale, de thérapeutique et de pharmacie vétérinaires / par F. Tabourin,..."
            },
            {
                  "doc_url": "https://gallica.bnf.fr/ark:/12148/bpt6k6339883k",
                  "emotions": [
                        "admiration",
                        "love",
                        "faith"
                  ],
                  "excerpt": "Son livre sur le traitement magnétique des plaies n ' a peut - être pas peu contribué à développer la doctrine du magnétisme animal .Selon ce spiritualiste , il y à dans l ' homme un aimantauquel doit être attribuée l ' attraction des miasmes pestilentiels , et leur .introduction dans lès organes ; voici comme il s ' explique là - dessus : Est suus .",
                  "id": "13",
                  "title": "Recherches et considérations critiques sur le magnétisme animal , avec un programme relatif au somnambulisme artificiel ou magnétique, traduit du latin du Dr Metzger,... par M. Robert,..."
            },
            {
                  "doc_url": "https://gallica.bnf.fr/ark:/12148/bpt6k5841732q",
                  "emotions": [
                        "love",
                        "desire",
                        "nostalgia",
                        "excitement",
                        "gratitude",
                        "envy",
                        "faith"
                  ],
                  "excerpt": "Lys trempé de lumière , ô blanche poésie ! Quand le soleil , le soir , ainsi qu ' un roi d ' Asie , Disparaît lentement sous le dais enflammé Que de ses fleurs de feu lui - même il a semé ; O blanche poésie ! ouvre - moi tes calices .Que de ton frais encens j ' aspire les délices ; Et que , durant la nuit , de doux parfums voilé , M ' apparaisse en ton sein tout le Ciel étoilé .292 LE DERNIER MIRACLE .",
                  "id": "14",
                  "title": "La divine épopée. 2 / par Alexandre Soumet,..."
            },
            {
                  "doc_url": "https://gallica.bnf.fr/ark:/12148/bpt6k6112233d",
                  "emotions": [
                        "love"
                  ],
                  "excerpt": "Elles ont fui peut - être en des pays plus chauds , Ou déserté ce siècle sombre .! Quelques - uns d ' entre vous , amis , ont mis la main Sur l ' amour , ô fortune 1 ou suivi le chemin Que jonchent de fleurs éphémères Les fausses voluptés au sourire blêmi , D ' un arôme banal enduisant à demi Les lèvres des coupes amôres .L ' instinct de la beauté me dominait déjà ; Et l ' excès du dégoût plus avant m ' engagea Dans les chaînes do la famille .",
                  "id": "15",
                  "title": "La flûte de Pan / André Lefèvre"
            },
            {
                  "doc_url": "https://gallica.bnf.fr/ark:/12148/bpt6k5452121g",
                  "emotions": [
                        "fear",
                        "love"
                  ],
                  "excerpt": "XIII .Et Mark avait raison ! — c ' est métier de pauvre homme De garder dans son coeur un amour chaste et pur ; Do craindre à chaque instant que , volatile arôme , Il s ' évapore au feu d ' un oeil noir ou d ' azur , De le traîner partout et de le couver , comme La poule ses poussins , quand le temps n ' est pas sûr .XIV .",
                  "id": "16",
                  "title": "Mark : poème / Ausone de Chancel"
            },
            {
                  "doc_url": "https://gallica.bnf.fr/ark:/12148/bpt6k935976d",
                  "emotions": [
                        "admiration",
                        "grief",
                        "love",
                        "courage",
                        "gratitude",
                        "faith"
                  ],
                  "excerpt": "Là - bas , sous cette croix que pare une couronne .Que le lis virginal de parfums environne S ’ endort la jeune fille , ange céleste et pur Qui portait le printemps dans son regard d ’ azur ; Elle aimait tant les fleurs , l ’ innocente fauvette , Qu ’ à ses pieds le gazon nourrit la pâquerette ! L ’ un , intrépide enfant , martyr des jours de deuil Voit un jeune laurier ombrager son cercueil ..",
                  "id": "17",
                  "title": "Les Petits jeux floraux de Marseille ou Recueil des pièces en vers et en prose françaises et provençales envoyées au... Concours poétique et littéraire... / réunies et publiées par Alfred Saurel,..."
            },
            {
                  "doc_url": "https://gallica.bnf.fr/ark:/12148/bpt6k3045478k",
                  "emotions": [
                        "love",
                        "calmness"
                  ],
                  "excerpt": "à ervaene aidant , de les convier au plus tôt à venir habiter nos jardins et à les parfumer , le soir surtout .de leur doux arôme .— 24 — Les pensées nous on conduit à de tristes idées , les conifères de JI .",
                  "id": "18",
                  "title": "Palmes et couronnes de l'horticulture de Belgique, ou Annuaire rétrospectif des expositions de fleurs, fruits et légumes organisées depuis 1845 jusqu'en 1850... : première année / par Charles Morren,..."
            },
            {
                  "doc_url": "https://gallica.bnf.fr/ark:/12148/bpt6k935976d",
                  "emotions": [
                        "admiration",
                        "love",
                        "nostalgia",
                        "gratitude",
                        "calmness",
                        "approval"
                  ],
                  "excerpt": "XIX A L ’ ACACIA Acacia ! c ’ est toi que j ' aime en mon parterre .Sous ta feuille élégante , oh ! j ’ adore m ’ asseoir ; J ’ adore ton parfum si suave , le soir , Et ta grappe de fleurs qu ’ à toutes je préfère .Je le sais , tu craignais Eole et sa colère ; Hélas ! pour te pourfendre il n ’ avait qu ’ à vouloir ; Mais je t ’ ai fait présent d ’ un fameux collier noir : Ce carcan au péril va pouvoir te soustraire .",
                  "id": "19",
                  "title": "Les Petits jeux floraux de Marseille ou Recueil des pièces en vers et en prose françaises et provençales envoyées au... Concours poétique et littéraire... / réunies et publiées par Alfred Saurel,..."
            },
            {
                  "doc_url": "https://gallica.bnf.fr/ark:/12148/bpt6k935976d",
                  "emotions": [
                        "love",
                        "desire",
                        "nostalgia",
                        "excitement",
                        "gratitude",
                        "envy"
                  ],
                  "excerpt": "On dirait que tout va rentrer dans le chaos .Et pourtant , moi je rêve au soleil de Provence , Revêtant les fruits d ’ or de ses rayons de feu , Je cueille ses lilas et j ’ aspire d ’ avance Ses enivrants parfums , sous un ciel toujours bleu 1 - 136 Du fond de ma Bretagne , à travers notre France , O Provence , reçois mon doux baiser d ’ amour ; Laisse - moi te chanter avec elle en ce jour ! Et toi qui sais si bien calmer toute souffrance , Accueille l ' étrangère en ton charmant séjour ! Louise Giquel ( de Rennes ) .Membre et lauréat de plusieurs Sociétés littéraires .",
                  "id": "20",
                  "title": "Les Petits jeux floraux de Marseille ou Recueil des pièces en vers et en prose françaises et provençales envoyées au... Concours poétique et littéraire... / réunies et publiées par Alfred Saurel,..."
            }
      ]
}