{
      "articles": [
            {
                  "doc_url": "https://gallica.bnf.fr/ark:/12148/bpt6k968807m",
                  "emotions": [
                        "love",
                        "excitement"
                  ],
                  "excerpt": "Dieu , qu ’ elles sentaient bon ! Comme celles d ’ aujourd ’ hui , elles l ’ avaient grisée .L ’ amour s ’ exhalait de leurs frêles corolles , les enveloppait tous deux de senteurs enivrantes et capiteuses .Et , lèvres soudées , regards irradiés de volupté , ils s ’ alanguirent en d ’ ineffables caresses .",
                  "id": "1",
                  "title": "Le Franc-parleur. Supplément illustré"
            },
            {
                  "doc_url": "https://gallica.bnf.fr/ark:/12148/bpt6k61170123",
                  "emotions": [
                        "love",
                        "desire",
                        "nostalgia",
                        "doubt",
                        "curiosity"
                  ],
                  "excerpt": "- ! \\ 2 ~ La nuit — sur les cieux azurés , Sais - tu combien il est d ' étoiles ? Sur mer — Combien de flots , de voiles ? — Au désert — de sables dorés ? Sais - tu combien de grains on sème ? Combien on récolte d ' épis ? Combien d ' âmes au paradis ? Combien de plaisirs pour qui t ' aime ? TOUJOURS .Noire amour sera - l - il un amour de passage , Un flot qui naît et meurt aux sables du rivage ; Un doux parfum qui passe entraîné par les vents ? Notre amour sera - t - il le rossignol qui chante Un mois sous nos lilas , et dont l ' aile inconstante Porle à d ' autres climats ses magiques accens ? - < u - Non — notre amour doit vivre , et nos désirs avides Ne peuvent ressembler à ces torrens rapides , Que tarit le soleil dans les mois de l ' été .A nous aimer toujours le bonheur nous convie .",
                  "id": "2",
                  "title": "Les Cantilènes, par Gustave de Larenaudière"
            },
            {
                  "doc_url": "https://gallica.bnf.fr/ark:/12148/bpt6k5804250r",
                  "emotions": [
                        "love",
                        "excitement"
                  ],
                  "excerpt": "Il se remit aussitôt à l ' ouvrage .Il travaillait depuis quelque temps avec beaucoup d ' ardeur , quand il entendit un bruit de pas derrière la palissade du petit jardin , et , comme il tournait la tête pour voir ce que c ' était , une petite voix s ' écria : « Regarde , Maman , quel beau chèvrefeuille l comme il sent bon ! je le sens d ' ici .» Jean aperçut alors une petite fille , à peu près de son âge , qui donnait la main à une dame qu ' elle appelait maman .",
                  "id": "3",
                  "title": "Récits d'une amie des enfants"
            },
            {
                  "doc_url": "https://gallica.bnf.fr/ark:/12148/bpt6k69191s",
                  "emotions": [
                        "love",
                        "caring"
                  ],
                  "excerpt": "Bien qu ' on ne fut encore que vers le milieu d ' avril , la brise était déjà tiède .Elle arrivait câline , tendre , comme une caresse d ' amante , et toute imprégnée d ' aromatiques senteurs .La lune détachait son lin croissant d ' opale sur l ' im - passible incommensurabilité d ' un ciel , très haut , de ce bleu infini qui fait irrésistiblement rêver de cheveux blonds et de lèvres très rouges , et épandait discrètement , comme une veilleuse d ' alcôve , sa belle et tant charmeuse lueur .",
                  "id": "4",
                  "title": "La joie suprême / Paul Leleu"
            },
            {
                  "doc_url": "https://gallica.bnf.fr/ark:/12148/bpt6k9633345n",
                  "emotions": [
                        "love"
                  ],
                  "excerpt": "poeticus , indigène , fleurs blanches odorantes , mai .Variété à fleurs doubles blanches et à fleurs doubles jaunes , toutes deux odorantes .= A DEUX FLEURS , n .",
                  "id": "5",
                  "title": "Le jardinier pratique, ou Guide des amateurs dans la culture des plantes utiles et agréables... / par H. Rousselon ; avec la collaboration de MM. Jacquin, Hocquart, Noisette et Vibert..."
            },
            {
                  "doc_url": "https://gallica.bnf.fr/ark:/12148/bpt6k5841761f",
                  "emotions": [
                        "love"
                  ],
                  "excerpt": "L ' herbe et les fleurs étaient couvertes de rosée .Les deux amans s ' arrêtèrent pour respirer ensemble cet air frais et parfumé ; ils se regardèrent .C ' était la première fois qu ' ils se voyaient le jour .",
                  "id": "6",
                  "title": "Sous les tilleuls, par Alphonse Karr"
            },
            {
                  "doc_url": "https://gallica.bnf.fr/ark:/12148/bpt6k5473888x",
                  "emotions": [
                        "joy",
                        "love",
                        "optimism",
                        "gratitude",
                        "caring"
                  ],
                  "excerpt": "Dès l ' aube elle sourit .La brise avec amour Sur le buisson la berce , et sa jeune aile errante Se charge , en la touchant , d ' une odeur enivrante ; Confiante , la fleur livre à tous son trésor ; Pour le mieux respirer , en passant on s ' incline ; Nous sommes déjà loin , mais la senteur divine Se répand sur nos pas , et nous parfume eneor .Trop de parfumerie ! on voit que l ' auteur habite les environs de Grasse .",
                  "id": "7",
                  "title": "Nouveaux samedis : 11e série / par A. de Pontmartin,..."
            },
            {
                  "doc_url": "https://gallica.bnf.fr/ark:/12148/bpt6k5446276r",
                  "emotions": [
                        "love"
                  ],
                  "excerpt": "Page 80 , vers 5 .Des parfums les plus doux la chevelure humide .Les .",
                  "id": "8",
                  "title": "Guirlande à Mnémosyne , par P. Denne-Baron,..."
            },
            {
                  "doc_url": "https://gallica.bnf.fr/ark:/12148/bpt6k6142255t",
                  "emotions": [
                        "admiration",
                        "trust",
                        "love",
                        "gratitude",
                        "caring"
                  ],
                  "excerpt": "SUR UN ALBUMa A Mme * * * .Je ne vous connais pas , et pourtant je vous aime , Car vous êtes pareille à la modeste fleur Qu ' un doux parfum trahit , et qui sous l ' herbe même , Embaume le vallon d ' une suave odeur .40 POÉSIES .",
                  "id": "9",
                  "title": "Heures de melancolie, poésies, par Mlle Frédérique Jacques..."
            },
            {
                  "doc_url": "https://gallica.bnf.fr/ark:/12148/bpt6k5688578t",
                  "emotions": [
                        "love"
                  ],
                  "excerpt": "Le même , BLANC .Plus sucré , plus fondant , parfum très peu affoibli .14o F R A 3 .",
                  "id": "10",
                  "title": "Nouveau cours complet d'agriculture théorique et pratique ou Dictionnaire raisonné et universel d'agriculture. Tome 6 / par les membres de la section d'agriculture de l'Institut de France"
            },
            {
                  "doc_url": "https://gallica.bnf.fr/ark:/12148/bpt6k69191s",
                  "emotions": [
                        "love",
                        "pride",
                        "envy",
                        "faith"
                  ],
                  "excerpt": "A cette place , ils s ' étaler arrêtés ; à cette autre , la blonde mignonne avait buté contre une pierre et failli tomber , mais il s ' était empressé de la retenir ; alors elle avait eu sou hou sourire .Et naïvement , il regardait si elle n ' avait pas laissé quelque chose d ' elle son parfum pénétrant , un cheveu de sa fauve toison , ou quelque bout de ruban , de chiffon , qu ' il eut baisé avec une ardeur extatique de dévot appuyant ses lèvres , pieusement avides , sur une sainte relique .Il en arrivait à trouver ce coin inculte et désert du grand parc féeriquement beau .",
                  "id": "11",
                  "title": "La joie suprême / Paul Leleu"
            },
            {
                  "doc_url": "https://gallica.bnf.fr/ark:/12148/bpt6k6325575g",
                  "emotions": [
                        "love"
                  ],
                  "excerpt": "m .Poires muscates ou rondes hatives odorantes .Poires rondes de Chio .",
                  "id": "12",
                  "title": "Dictionnaire provençal-français : contenant tous les termes insérés et ceux omis dans les dictionnaires provencaux publiés à ce jour... ; suivi d'un Vocabulaire français-provençal... / par J.-T. Avril"
            },
            {
                  "doc_url": "https://gallica.bnf.fr/ark:/12148/bpt6k1416035g",
                  "emotions": [
                        "joy",
                        "love"
                  ],
                  "excerpt": "Toujours plus haut ! Mon lien ne délierai jamais .Amour est parfum qui passe .Mon cœur est tirelire où or seul passe .",
                  "id": "13",
                  "title": "Nouveau secrétaire guide des amoureux. Encyclopédie de l'amour,..."
            },
            {
                  "doc_url": "https://gallica.bnf.fr/ark:/12148/bpt6k962286",
                  "emotions": [
                        "admiration",
                        "joy",
                        "love",
                        "desire",
                        "nostalgia",
                        "excitement",
                        "gratitude"
                  ],
                  "excerpt": "Nous sommes seuls ; pourtant tu parles a demi - voix pour ne pas troubler la mer songeuse .C ' est un doux frémissement des lèvres comme les feuilles frissonnantes de la rose suave ; j ' aspire le parfum sonore de ta paroie , – suave comme la fleur .Voici que vers l ' est se lève la lune claire , – et Dieu couvre te ciel d ' étoiles .",
                  "id": "14",
                  "title": "Poètes et humoristes de l'Allemagne : la France et les français jugés à l'étranger... / J. Bourdeau,..."
            },
            {
                  "doc_url": "https://gallica.bnf.fr/ark:/12148/bpt6k45965321",
                  "emotions": [
                        "love",
                        "embarrassment"
                  ],
                  "excerpt": "La durée de ee traitement varie d ' une eemaino i deux mois , et tjjju les sympthômcs précités disparaîtront pour toujours , grice à rSLSOTRO - VlGUSUR , qui transformo les plus faibles on hommes forts .Maintenant , ne préféreriez - vous pas porter mon appareil vivifiant , l ’ ELSOTRO - VIQUEUR , pendant pendant votre sommeil , chaque suit , et sentir son ardente ehaleur se répandre en vous , et vous voir prendre ainsi vous - même un nouveau bail de vie , é ohaque application nouvelle , plutôt que d ' embarrasser ves intestins avec des droguas nauséabondes T — Assurément ! — Alors , essayes mon BEJEOTRO - VIOUEUR .Si vous voulez venir me voir , je vous en forai la démonstration .",
                  "id": "15",
                  "title": "Le Socialiste comtois : organe hebdomadaire de la Fédération du Doubs (Parti socialiste, Section française de l'Internationale ouvrière) [\"puis\" organe hebdomadaire des fédérations socialistes du Doubs, de la Haute-Saône et du Haut-Rhin]"
            },
            {
                  "doc_url": "https://gallica.bnf.fr/ark:/12148/bpt6k97339575",
                  "emotions": [
                        "love"
                  ],
                  "excerpt": "0 Cochinchine , Laos , Tonkin .Cultivé pour ses fleurs très odorantes .Kaempferia angustitolia Roscoe .",
                  "id": "16",
                  "title": "Comptes rendus du congrès. Rapports et Etudes. Textiles. Caoutchoucs et Gommes. Sucres. Alcools. Plantes stimulantes, médicinales, à parfums. Elevage"
            },
            {
                  "doc_url": "https://gallica.bnf.fr/ark:/12148/bpt6k54627650",
                  "emotions": [
                        "love"
                  ],
                  "excerpt": "Il est vrai qne vous ne pouvez méconnaître dans l ' altération décrite par Kaav , cet état de suppuration naissante , que vous avez vu si bien caractérisé dans les trois premières observations que vous venez de lire .Mais sur quoi se fonde Morgagni pour établir cette distinction entre des affections qui se ressemblent sous tant de rapports que lui - même a cru devoir les rapprocher ? La seule circonstance qui le tire de son incertitude , c ' est l ' odeur fétide de ce mucus jaunâtre , odeur dont il n ' est pas question dans les autres observations .Foetor autem in nulla allia est ex proposais observationibus memoratus , etc .",
                  "id": "17",
                  "title": "Recherches anatomico-pathologiques sur l'encéphale et ses dépendances"
            },
            {
                  "doc_url": "https://gallica.bnf.fr/ark:/12148/bpt6k61170123",
                  "emotions": [
                        "love",
                        "nostalgia"
                  ],
                  "excerpt": "10 — 110 — Quand l ' alouette matinale S ' éveille pour fêter le jour , — Et quand le rossignol signale , Aux soirs de mai , son nid d ' amour Amant fidèle Au coeur brûlant , Je pense à celle Que j ' aime tant .Quand tout sommeille sur la terre , Quand le silence parle au coeur , Quand dans la nuit tout est mystère , Quand le parfum sort de la fleur ; Amant fidèle Au coeur brûlant , Je pense à celle Que j ' aime tant .CHANSON DE L ' ORAGE .",
                  "id": "18",
                  "title": "Les Cantilènes, par Gustave de Larenaudière"
            },
            {
                  "doc_url": "https://gallica.bnf.fr/ark:/12148/bpt6k287634",
                  "emotions": [
                        "love"
                  ],
                  "excerpt": "jE ' M ~ W ~ C / ~ OM ~ M6 .; Le traitement de cette affection se trouve dans l ' usage des boissons aromatiques et astringentes , l ' application de vésicatoires sur les membres et l ' abdomen , l ' emploi des vêtemens de naneMe , de quelques purgatifs , etc .§ XXIII .",
                  "id": "19",
                  "title": "La médecine, la chirurgie et la pharmacie des pauvres..."
            },
            {
                  "doc_url": "https://gallica.bnf.fr/ark:/12148/bpt6k69191s",
                  "emotions": [
                        "love"
                  ],
                  "excerpt": "La brise s ' était faite plus forte , emmêlant la chevelure des deux amants et leur apportant l ' âme éparse des tleurs du vaste jardin : C ' était une senteur puissante , où se confondaient , se vaporisaient , la passion ardente des dernières roses , le poivre basalmique des œillets , les effragrances violentes destubéreuses ) l ' embaumement vanillé des héliotropes , l ' exhalaison pénétrante des premières violettes at l ' arôme exquis des fruits savoureux .Une émanation lourde tiède sensuelle , vivante comme l ' odeur subtile , pleines d ' ardentes sollicitations , d ' un bouquet noyé aux seins d ' une femme ..",
                  "id": "20",
                  "title": "La joie suprême / Paul Leleu"
            }
      ]
}