{
      "articles": [
            {
                  "doc_url": "https://gallica.bnf.fr/ark:/12148/bpt6k5724838p",
                  "emotions": [
                        "admiration",
                        "love",
                        "gratitude"
                  ],
                  "excerpt": "Rien que les sons d ' un luth pour bercer ma tristesse Dans la nuit monotone où s ' éteignent mes jours ! Aussi bien que les pleurs vous calmez ma souffrance , O vers ! source brillante où j ' aime à m ' abrcuver , Aussi bien que ces voix qui parlent d ' espérance , Vous descendez d ' en haut pour me faire rêver .Vous êtes la beauté , l ' amour et la nature , Le langage confus de tant d ' êtres divers , Les plus vagues parfums que répand la verdure , Tout , tout , ô poésie , ange éloquent des vers ! La seule épouse , hélas ! qui près de moi s ' asseoie , Se penche à mon clicvct , et me donne un baiser Et qui tienneen sa main le fil léger de soie Que le souffle du mal encore n ' a pu briser .POÉSIE MELEE .",
                  "id": "1",
                  "title": "L'Abeille poétique du XIXe siècle, ou choix de poésies contemporaines, la plupart inédites, recueillies par J.-B. Pellissier"
            },
            {
                  "doc_url": "https://gallica.bnf.fr/ark:/12148/bpt6k5849393h",
                  "emotions": [
                        "love"
                  ],
                  "excerpt": "23 plaisir les contours de la Seine qui se déroulait mollement entre ses bords fleuris comme un long ruban d ' argent , et n ' était séparée de cet endroit que par la route et quelques champs de .roses dont le parfum pénétrant ajoutait encore à toute , la poésie de ce site ..",
                  "id": "2",
                  "title": "Soirées en famille : lectures pour la jeunesse / par Mme Louise Leneveux..."
            },
            {
                  "doc_url": "https://gallica.bnf.fr/ark:/12148/bpt6k97647477",
                  "emotions": [
                        "love"
                  ],
                  "excerpt": "Le ruisseau , remis en liberté par le dégel , descend plus limpide et plus gai dans la plaine fleurie ; et , quand il passe , on dirait que les fleurs s ' inclinent vers lui pour s ' y mirer .Ces fleurs , qui invitent la main à les cueillir , non - seulement sont plus nombreuses qu ' à toute autre époque , mais encore elles ont des couleurs plus tendres et des parfums plus exquis .Dégagée du long silence imposé par l ' Hiver , la voix des oiseaux semble avoir plus de fraîcheur et plus de mélodie .",
                  "id": "3",
                  "title": "Petites leçons du grand-papa : les quatre saisons (3e éd.) / par M. Paulin Teulières,..."
            },
            {
                  "doc_url": "https://gallica.bnf.fr/ark:/12148/bpt6k55866841",
                  "emotions": [
                        "love",
                        "nostalgia"
                  ],
                  "excerpt": "Quelques auteurs décrivent l ' odeur de la pyohémie comme ressemblant à celle du foin coupé , et celle de la septicémie à l ' albumine en putréfaction .D ' autres prétendent au contraire que ces deux affections exhalent une odeur rappelant , à différents degrés , l ' odeur mitigée d ' une vieille fosse d ' aisance .Il ne faut pas s ' étonner de trouver cette différence dans la définition des odeurs , car elles sont extrêmement difficiles à décrire , tout en étant caractéristiques et 164 MALADIES DU FOIE particulières , et elles font une telle impression sur le cerveau qu ' on peut être certain de les reconnaître après les avoir perçues .",
                  "id": "4",
                  "title": "Traité des maladies du foie, par le Dr Georges Harley,... traduit de l'anglais et augmenté d'un Mémoire sur l'intervention chirurgicale dans les maladies des voies biliaires... par le Dr Paul Rodet,... Précédé d'une préface du Dr Tapret,..."
            },
            {
                  "doc_url": "https://gallica.bnf.fr/ark:/12148/bpt6k6209818x",
                  "emotions": [
                        "love"
                  ],
                  "excerpt": "» « Si , pendant la nuit , elle dirigeait ses pas au milieu d ' un jardin , vers les bords d ' un étang où croît le nénuphar , trompées par l ' éclat de ses charmes , les fleurs s ' élèveraient sur l ' onde , croyant le soleil de retour .» « Quand ma bien - aimée soupire , « Oui , dit le musc , c ' est de son haleine embaumée que je compose mes plus doux parfums .» « 0 rameau des sables du désert , ne te balance point , lorsqu ' elle foule d ' un pas léger l ' herbe des prairies .",
                  "id": "5",
                  "title": "Scènes de moeurs arabes : Espagne, dixième siècle / par Louis Viardot"
            },
            {
                  "doc_url": "https://gallica.bnf.fr/ark:/12148/bpt6k55646962",
                  "emotions": [
                        "love"
                  ],
                  "excerpt": ".Les phrases furent submergées , emportées par un torrent de baisers éperdus qui se déversa sur le cuir souple au parfum fort .Il embrassa toute la pointe , commença à remonter sur le renflement du cou - de - pied .",
                  "id": "6",
                  "title": "L'amant des chaussures / Don Brennus Aléra"
            },
            {
                  "doc_url": "https://gallica.bnf.fr/ark:/12148/bpt6k5849393h",
                  "emotions": [
                        "love",
                        "nostalgia",
                        "pride"
                  ],
                  "excerpt": "Jussieu m ' apporta alors d ' une vallée des Cordillères et je fus cultivée en Europe .Les dames charmées de ma douce odeur me mirent à la mode et me nommèrent herbe d ' amour ; j ' habitai les palais , les salons , les boudoirs .; vous le voyez , comme vous j ' ai vieilli .",
                  "id": "7",
                  "title": "Soirées en famille : lectures pour la jeunesse / par Mme Louise Leneveux..."
            },
            {
                  "doc_url": "https://gallica.bnf.fr/ark:/12148/bpt6k318580b",
                  "emotions": [
                        "love"
                  ],
                  "excerpt": "verticillala .Fleurs blanches odorantes .Idem .",
                  "id": "8",
                  "title": "Catalogue des arbres, arbrisseaux, arbustes et plantes... qui se trouvent chez Vallet frères,..."
            },
            {
                  "doc_url": "https://gallica.bnf.fr/ark:/12148/bpt6k65744852",
                  "emotions": [
                        "love",
                        "excitement"
                  ],
                  "excerpt": "Cette villa était un vrai nid d ' amoureux .Très propice aux escapades et faite pour inspirer la passion charnelle , par son air mystérieux et les émanations des parfums capiteux de ses fleurs innombrables , dont la plus belle était encore Claire .Désormais tout au Crédit Gaulois et à ses spécula tions titanesques , Rubignard passait presque toute sa vie à la Bourse ou dans le cabinet luxueux de sa maison de banque .",
                  "id": "9",
                  "title": "Le Crédit gaulois, histoire d'une femme nue / Jocelyn Sernhac"
            },
            {
                  "doc_url": "https://gallica.bnf.fr/ark:/12148/bpt6k8630672f",
                  "emotions": [
                        "love"
                  ],
                  "excerpt": "montana ) ; de l ' Himalaya .Fleurs blanches et odorantes en mai .Marcottes et boutures ; plante rustique .",
                  "id": "10",
                  "title": "Guide du parfait jardinier... par J. Rouffi,... et E. Hocquart,..."
            },
            {
                  "doc_url": "https://gallica.bnf.fr/ark:/12148/bpt6k5626687v",
                  "emotions": [
                        "love",
                        "amusement"
                  ],
                  "excerpt": ", il .se rdaisait à la nommer plus communément Asfer ( qui répand comme le musc une excellente odeur ) , parce qu ' un peu brune , 132 LES LÉGENDES DE LA PERSE sans que son teint cependant le fût assez pour la comparer au musc , elle avait dans toute sa personne un attrait inévitable , aussi subtil et aussi pénétrant que les plus chauds arômes de ce parfum ..",
                  "id": "11",
                  "title": "Les légendes de la Perse / par Édouard Montagne"
            },
            {
                  "doc_url": "https://gallica.bnf.fr/ark:/12148/bpt6k5495050w",
                  "emotions": [
                        "love"
                  ],
                  "excerpt": "Les roses les couronnaient , leur jetaient des guirlandes aux reins .El le parfum des roses devenait si pénétrant , si fort cl ' unetendrosse amoureuse , qu ' il semblait être lo parfum même de leur haleine .Puis , ce fut Serge , qui recoiffa Albine .",
                  "id": "12",
                  "title": "Oeuvres complètes illustrées de Émile Zola ; 1-20. Les Rougon-Macquart : histoire naturelle et sociale d'une famille sous le Second Empire. La faute de l'abbé Mouret"
            },
            {
                  "doc_url": "https://gallica.bnf.fr/ark:/12148/bpt6k5624979q",
                  "emotions": [
                        "joy",
                        "love",
                        "excitement",
                        "gratitude",
                        "amusement"
                  ],
                  "excerpt": "— Mon visage attristé A repris ses couleurs et sa sérénité .Tu guéris tous les maux , ma douce bien aimée ! A travers tes brouillards d ' odorante fumée Je contemple joyeux , mille tableaux riants , Mille esprits lumineux , mille fantômes blancs , Mille archanges ailés voltigeant dans la brise ..",
                  "id": "13",
                  "title": "La Muse bacchique, poésies, par Caracoplasnatibus..."
            },
            {
                  "doc_url": "https://gallica.bnf.fr/ark:/12148/bpt6k12656888",
                  "emotions": [
                        "love",
                        "approval"
                  ],
                  "excerpt": "Tous les Gourmets sont DBanimes à reconnaître quE le Café E , PLANTEUR PE CAIFFA est le meilleur LI L ' tous les Calés connus jusqu ' à ce jour .Son arôme délicieux » charme noue ront l ' t conquiert ♦ ♦ notre odorat .Aussi , combien conn .",
                  "id": "14",
                  "title": "Bal de l'internat, 1905. [Programme.]"
            },
            {
                  "doc_url": "https://gallica.bnf.fr/ark:/12148/bpt6k318580b",
                  "emotions": [
                        "love"
                  ],
                  "excerpt": "arbovea , Brugmansia candida .Fleurs blanches odorantes .S .",
                  "id": "15",
                  "title": "Catalogue des arbres, arbrisseaux, arbustes et plantes... qui se trouvent chez Vallet frères,..."
            },
            {
                  "doc_url": "https://gallica.bnf.fr/ark:/12148/bpt6k686850",
                  "emotions": [
                        "disgust",
                        "disapproval",
                        "love",
                        "desire",
                        "nostalgia",
                        "excitement",
                        "relief",
                        "calmness"
                  ],
                  "excerpt": "L ' ARTICLE 295 L ARTICLE 295 Je suis de ceux qui , en amour , ont horreur du sang répandu .Le crime brutal , haineux me répugne dans la passion , cette chose qui doit rester douce , tant qu ' elle vit , comme une ivresse légère , une griserie très rose de peau embaumante , pour devenir , quand elle a cessé d ' être , une sorte de vieux sachet qui a gardé , un peu passé , le joli parfum d ' antan , le calme d ' un rêve joyeux envolé qui vous laisse un apaisement dans les chairs .Les baisers sanglants sont odieux .",
                  "id": "16",
                  "title": "L'amour fantaisiste / Julien Mauvrac ; avec des dessins inédits de MM. H. Pille, Quinsac, Uzès"
            },
            {
                  "doc_url": "https://gallica.bnf.fr/ark:/12148/bpt6k54015979",
                  "emotions": [
                        "love"
                  ],
                  "excerpt": "35 85 Veillons sur le coeur des enfants : Il est de cire ; aisément tout s ' y grave .Ce coeur est neuf ; un vase neuf longtemps Garde l ' odeur importune ou suave De la liqueur dont s ' imbibent ses flancs .86 Que la Raison soit ton pilote Et n ' ouvre pas l ' oeil à demi .",
                  "id": "17",
                  "title": "La morale d'un bon jeune homme / par E. Puffeney"
            },
            {
                  "doc_url": "https://gallica.bnf.fr/ark:/12148/bpt6k9764122b",
                  "emotions": [
                        "love",
                        "nostalgia"
                  ],
                  "excerpt": "Rentrée au logis sans avoir été aperçue , Marguerite ne put fermer l ' œil .Elle sentait encore sur ses lèvres la saveur enivrante de cet ardent baiser qui , le premier , avait fait fuir de son chaste cœur de jeune fille les saintes ignorances du premier âge .Ce baiser lui avait donné la science .",
                  "id": "18",
                  "title": "Le Présent : revue hebdomadaire de la littérature et des beaux-arts / [Étienne Mellier, directeur]"
            },
            {
                  "doc_url": "https://gallica.bnf.fr/ark:/12148/bpt6k9764122b",
                  "emotions": [
                        "love"
                  ],
                  "excerpt": "Jugez - en , car la voici à peu près : recherche exclusive de toutes les voluptés de la vie , corrigées par la plus grande insouciance .On meurt autour de vous , les sept plaies dévorent le monde , n ' en faites pire chère : Esclave , apporte - moi des roses , Le parfum de la rose est doux .Ces grands poëtes de 1820 ( quorum pars magna Lamartinus ) ont , j ' en conviens , écrit des rêves splendides ; mais quelle preuve ont - ils donnée de cette virile énergie qu ' ils demandent à Alfred de Musset ? Magnifiques reflets des Allemands , de Byron et des mauvais côtés de Shakspeare , ils n ' ont été que les échos sonores et vagues du monde extérieur , comme l ' avoue M .",
                  "id": "19",
                  "title": "Le Présent : revue hebdomadaire de la littérature et des beaux-arts / [Étienne Mellier, directeur]"
            },
            {
                  "doc_url": "https://gallica.bnf.fr/ark:/12148/bpt6k686850",
                  "emotions": [
                        "disgust",
                        "love",
                        "greed",
                        "embarrassment"
                  ],
                  "excerpt": "Dans les .bouges infects de ces ruelles puantes , des filles fardées et vêtues d ' oripeaux sordides , vendent au passant les voluptés de leur amour tarifé .Soit besoin de fuir la solitude dorée de son palais , pour philosopher rêveusement dans la solitude boueuse du faubourg , soit nostalgie du ruisseau , son pays d ' origine , Claudia , en vêtements sombres , et la tête couverte d ' une mantille noire rabattue sur ses yeux , errait à l ' aventure , dans la Guidecca , taudis que la foule de ses amants promenait son noble ennui à travers les salles pompeuses du palais dogal .",
                  "id": "20",
                  "title": "L'amour fantaisiste / Julien Mauvrac ; avec des dessins inédits de MM. H. Pille, Quinsac, Uzès"
            }
      ]
}