{
      "articles": [
            {
                  "doc_url": "https://gallica.bnf.fr/ark:/12148/bpt6k63604763",
                  "emotions": [
                        "love",
                        "caring"
                  ],
                  "excerpt": "Les vénériens se trouvèrent parfaitement de la chaleur ; mais quelques hommes eurent des gastrites , des angines et des fièvres éphémères inflammatoires , maladies peu intenses , et qui cédèrent aisément aux tempérans et aux limonades acidulés .Presque tous eurent des furoncles en plus ou moins grande quantité , affection dépuratoire salutaire , qui tend à mettre en équilibre les systèmes muqueux et cellulaire .Plusieurs eurent de l ' inappétence pendant quelques jours .",
                  "id": "1",
                  "title": "Voyage médical autour du monde, exécuté sur la corvette du Roi \"la Coquille\", commandée par M. L.-I. Duperrey, pendant les années 1822, 1823, 1824 et 1825 ...suivi d'un Mémoire sur les races humaines répandues dans l'Océanie, la Malaisie et l'Australie ; par R.-P. Lesson"
            },
            {
                  "doc_url": "https://gallica.bnf.fr/ark:/12148/bpt6k9762456j",
                  "emotions": [
                        "grief",
                        "love",
                        "nostalgia"
                  ],
                  "excerpt": "LUI Je t ' aime , oh ! ma Fatmah et ton pas de gazelle , Quand je t ' entends venir , je me sens palpiter , Et tout bas , je me dis : ce bruit léger c ' est elle Et je tremble en songeant qu ' il faudra nous quitter .Partons , quittons ces lieux , ma douce bien - aimée , En France tu verras , sur le bord du ruisseau , La fleur qui penchera sa tête parfumée En écoutant tout bas le doux chant de l ' oiseau .Fatmah ! dans mon pays tu te feras Chrétienne ; Ma mère aux cheveux blancs , t ' attend les bras ouverts Et placera ma main en tremblant dans la tienne , Mais il faut dire adieu pour toujours aux déserts .",
                  "id": "2",
                  "title": "Paris en 1883, croquis parisien : Fatmah / E. Carrey"
            },
            {
                  "doc_url": "https://gallica.bnf.fr/ark:/12148/bpt6k5790864v",
                  "emotions": [
                        "love"
                  ],
                  "excerpt": "ODOR , odeur , senteur .ODOR , es qualïtas del sen odoraliu .Elue , de las propr .",
                  "id": "3",
                  "title": "Lexique roman, ou Dictionnaire de la langue des troubadours comparée avec les autres langues de l'Europe latine ; précédé de nouvelles recherches historiques et philologiques, d'un résumé de la grammaire romane, d'un nouveau choix des poésies originales des troubadours et d'extraits de poèmes divers. Tome 4 / par M. Raynouard"
            },
            {
                  "doc_url": "https://gallica.bnf.fr/ark:/12148/bpt6k5790864v",
                  "emotions": [
                        "love",
                        "approval"
                  ],
                  "excerpt": ", odorer , sentir .ODORAR , es odor movent la virtnt odoratîva .Elue , de las propr .",
                  "id": "4",
                  "title": "Lexique roman, ou Dictionnaire de la langue des troubadours comparée avec les autres langues de l'Europe latine ; précédé de nouvelles recherches historiques et philologiques, d'un résumé de la grammaire romane, d'un nouveau choix des poésies originales des troubadours et d'extraits de poèmes divers. Tome 4 / par M. Raynouard"
            },
            {
                  "doc_url": "https://gallica.bnf.fr/ark:/12148/bpt6k5790864v",
                  "emotions": [
                        "admiration",
                        "joy",
                        "love",
                        "gratitude",
                        "approval"
                  ],
                  "excerpt": "La langue de parler , le nez à ' odorer .Ab he sentir et ODORAR .Brev .",
                  "id": "5",
                  "title": "Lexique roman, ou Dictionnaire de la langue des troubadours comparée avec les autres langues de l'Europe latine ; précédé de nouvelles recherches historiques et philologiques, d'un résumé de la grammaire romane, d'un nouveau choix des poésies originales des troubadours et d'extraits de poèmes divers. Tome 4 / par M. Raynouard"
            },
            {
                  "doc_url": "https://gallica.bnf.fr/ark:/12148/bpt6k282088n",
                  "emotions": [
                        "love"
                  ],
                  "excerpt": "Telle est lanaturede l ' Etna .pourtant pas la seule cause de ses embrasements , L ' odeur qu ' exhalent les sources qui sortent du comme je l ' ai déjà remarqué ; mais ce qu ' elle a pied de cette montagne ne permettent pas de dou - de merveilleux , c ' est la propriété de conserver le Nec parvas mendicat opes , nec corrogat auras ; Pars oculis manifesta jacet , quae corpore duro est , Preesto sant opéra ; ventorum examina semper .Ac lapis ; in pingui fervent incendia succo .",
                  "id": "6",
                  "title": "Stace, Martial, Manilius, Lucilius junior, Rutilius, Gratius Faliscus, Némésianus et Calpurnius : oeuvres complètes : avec la traduction en français / publiées sous la direction de M. Nisard,..."
            },
            {
                  "doc_url": "https://gallica.bnf.fr/ark:/12148/bpt6k282088n",
                  "emotions": [
                        "love"
                  ],
                  "excerpt": "du Tégée s ' envolant loin des ombrages du Ménale ont des guirlandes dans les mains .L ' Amour SILVE II et les Grâces ne négligent pas non plus de semer les fleurs sur l ' épouse entre les bras de l ' é - ÉPITHALAME DE STELLA ET DE VIO - poux , et de couvrir d ' un voile odorant la neige LANTILLA .de son sein .",
                  "id": "7",
                  "title": "Stace, Martial, Manilius, Lucilius junior, Rutilius, Gratius Faliscus, Némésianus et Calpurnius : oeuvres complètes : avec la traduction en français / publiées sous la direction de M. Nisard,..."
            },
            {
                  "doc_url": "https://gallica.bnf.fr/ark:/12148/bpt6k282088n",
                  "emotions": [
                        "love",
                        "optimism",
                        "nostalgia",
                        "excitement",
                        "gratitude"
                  ],
                  "excerpt": "riche ; que dirai - je enfin ? seule , chacune de ces Toi qui suis la voie Flaminienne , passant odeurs est insuffisante ; mêlez - les , ettoutes ensem - arrête - toi devant ce noble tombeau .Ci - gisent ble auront le parfum des baisers de mon mignon avec Paris , les délices de Rome , le sel mordant à son réveil .Tu veux savoir son nom ? Je ne te de l ' Égypte , l ' art et la grâce , le plaisir et les dirai que ses baisers .",
                  "id": "8",
                  "title": "Stace, Martial, Manilius, Lucilius junior, Rutilius, Gratius Faliscus, Némésianus et Calpurnius : oeuvres complètes : avec la traduction en français / publiées sous la direction de M. Nisard,..."
            },
            {
                  "doc_url": "https://gallica.bnf.fr/ark:/12148/bpt6k282088n",
                  "emotions": [
                        "love"
                  ],
                  "excerpt": "L ' odeur des lagunes d ' où la mer s ' est retirée , Tu veux qu ' on te croie plus chaste que la les miasmes épais qui s ' élèvent des marais de vierge pudique , plus innocent qu ' un enfant , l ' Albula , l ' air corrompu d ' un vivier où a séjourné bien que tes mœurs , Malisianus , soient pires l ' eau de mer .les émanations du bouc paresseux que celles du mignon de Stella , lequel lit , chez lorsqu ' il presse amoureusement la chèvre ; les son maître , des vers composés à la manière de exhalaisons de la casaque d ' un soldat émérite , Tibulle .accablé de fatigue ; la puanteur d ' une étoffe deux 7 .",
                  "id": "9",
                  "title": "Stace, Martial, Manilius, Lucilius junior, Rutilius, Gratius Faliscus, Némésianus et Calpurnius : oeuvres complètes : avec la traduction en français / publiées sous la direction de M. Nisard,..."
            },
            {
                  "doc_url": "https://gallica.bnf.fr/ark:/12148/bpt6k282088n",
                  "emotions": [
                        "love",
                        "gratitude",
                        "curiosity"
                  ],
                  "excerpt": "CONTRE POSTHUMES .par la jeune fille dont tu fus le ravisseur , invite Explique - moi pourquoi tes baisers sentent la Sélius à souper .myrrhe , pourquoi tu exhales toujours une odeur 15 .",
                  "id": "10",
                  "title": "Stace, Martial, Manilius, Lucilius junior, Rutilius, Gratius Faliscus, Némésianus et Calpurnius : oeuvres complètes : avec la traduction en français / publiées sous la direction de M. Nisard,..."
            },
            {
                  "doc_url": "https://gallica.bnf.fr/ark:/12148/btv1b8626731x",
                  "emotions": [
                        "joy",
                        "love",
                        "relief",
                        "gratitude",
                        "calmness"
                  ],
                  "excerpt": "Feuilletant un roman , paresseuse et frileuse , Tandis que tu fermais tes yeux ensommeillés Moi je rajeunissais ma jeunesse amoureuse , Mes lèvres sur tes mains et mon coeur à tes pieds .Aussi quand on entrait , la porte ouverte à peine , On sentait le parfum d ' amour et de gaîté Dont notre chambre était du matin au soir pleine , Car le bonheur aimait notre hospitalité .Puis l ' hiver s ' en alla par la fenêtre ouverte , Le printemps un matin vint nous donner l ' éveil , Et ce jour - là tous deux dans la campagne verte Nous allâmes courir au devant du soleil .",
                  "id": "11",
                  "title": "Scènes de la bohême , par Henry Murger"
            },
            {
                  "doc_url": "https://gallica.bnf.fr/ark:/12148/btv1b8626731x",
                  "emotions": [
                        "love",
                        "nostalgia",
                        "doubt"
                  ],
                  "excerpt": "— Et comment la repousser , cette créature charmante qui venait à lui , armée de toutes les séductions d ' une beauté dans son aube ? — bouche mignonne et lèvre rose , parlant un langage naïf et hardi , plein de promesses câlines ; comment refuser sa main à cette petite main blanche aux veines bleues , qui s ' étendait vers lui toute pleine de caresses .— Comment dire va - t - en à ces dix - huit ans fleuris dont la présence embaumait déjà la maison d ' un parfum de jeunesse et de gaîté ? Et puis de sa douce voix tendrement émue , — elle chantait si bien la cavaline de la Tentation ! — Par ses yeux vifs et brillants , elle disait si bien : Je suis l ' amour , — par ses lèvres où fleurissait le baiser ; — je suis le plaisir ; par toute sa personne , enfin — je suis le bonheur , que Rodolphe s ' y laissait prendre .— Et puis cette jeune femme , après tout , n ' était - ce pas la poésie vivante et réelle ? — ne lui avait - il pas dû ses plus fraîches inspirations ! ne lavait - elle pas souvent initié à des enthousiasmes qui l ' emportaient si haut dans l ' éther de la rêverie , qu ' il perdait de vue les choses de la terre .",
                  "id": "12",
                  "title": "Scènes de la bohême , par Henry Murger"
            },
            {
                  "doc_url": "https://gallica.bnf.fr/ark:/12148/bpt6k83849w",
                  "emotions": [
                        "love",
                        "pride",
                        "gratitude",
                        "caring",
                        "doubt"
                  ],
                  "excerpt": "« Mon amour , ma Suzette adorée , je veux te répéter avec des mots qui te caresseront comme mes lèvres , qui t ' apporteront de nouvelles , ivresses combien je suis heureux et combien je t ' aime .Que pourraije faire , que pourrai - je imaginer pour te rendre le bonheur infini dont tu m ' as comblé , pour être digne d ' une telle tendresse ? Je - t ' appartenais déjà corps et âme , depuis que tes regards , ta voix , ton odeur m ' avaient pris , asservi comme des mains dominatrices et conquérantes dont on ne peut éviter le joug .Et à présent , il me semble que je ne suis plus rien , que mon être en ce flot de baisers s ' est anéanti dans ton être , que tu penses , que tu existes , que tu rêves pour moi et qu ' il en sera ainsi désormais non seulement dans cette vie mais dans l ' autre .",
                  "id": "13",
                  "title": "Journal d'une rupture (9e édition) / René Maizeroy.."
            },
            {
                  "doc_url": "https://gallica.bnf.fr/ark:/12148/bpt6k83849w",
                  "emotions": [
                        "grief",
                        "sadness",
                        "fear",
                        "love",
                        "desire",
                        "caring",
                        "doubt",
                        "nervousness",
                        "curiosity"
                  ],
                  "excerpt": ".M ' enverra - t - elle cette adresse bientôt ? ' ? Pourrai - je enfin renouer le chaînon brisé , vivre de sa vie , exhaler tout l ' amour qui s ' accumule en mon cœur et qui l ' étouffe ? J ' ai peur de ne plus la revoir , de rester en route .La mort se contente - t - elle jamais , d ' une seule proie dans les maisons qu ' elle traverse ? Ne va - t - elle pas me choisir aussi , l ' intruse aveugle qui flaire le bonheur et qui en est jalouse ? L ' idée fixe d ' un accident , de quelque déraillement où ces wagons culbuteront en une terrible mêlée , rouleront au creux d ' un ravin m ' obsède à en êïre malade dans lasolitude de ma cabine de sleeping qui craque , qu ' ébranle comme un formidable coup de vent .",
                  "id": "14",
                  "title": "Journal d'une rupture (9e édition) / René Maizeroy.."
            },
            {
                  "doc_url": "https://gallica.bnf.fr/ark:/12148/bpt6k8236142g",
                  "emotions": [
                        "admiration",
                        "love",
                        "gratitude"
                  ],
                  "excerpt": "Mais , ô Verbe , le cri rauque de la tourmente , Les sanglots du captif meurtri dans sa prison , Les parfums des forêts où se donne l ' Amante , Ne sont que l ' oraison du monde , l ' oraison Jeune éternellement , éternellement vieille Dont la splendeur , de l ' aube aux nuits , nous émerveille .Dans la teinte des mers , les clamèurs du torrent , Dans le parfum de Femme en la nature errant Tu dis de l ' Infini le los aime et superbe .De l ' Infini qui seul est beau , qui seul est grand : Lyre , chante la gloire éternelle du Verbe .",
                  "id": "15",
                  "title": "La Lorraine artiste / directeur E. Goutière-Vernolle"
            },
            {
                  "doc_url": "https://gallica.bnf.fr/ark:/12148/bpt6k5459568f",
                  "emotions": [
                        "love",
                        "desire",
                        "nostalgia",
                        "gratitude",
                        "calmness",
                        "caring"
                  ],
                  "excerpt": "Éveillez - vous , ma tant aimée , De beaux vers luisants , par milliers , Constellent les petits sentiers .Dans la nuit tiède et parfumée Allons , d ' amour l ' âme pâmée , Respirer l ' air des églantiers .Ta fenêtre est muette et close , Son vitrage irisé reluit Aux clartés folles de la nuit .",
                  "id": "16",
                  "title": "Poésies de Charles Burdin. Les Amours de tête. Rimes galantes. Tableaux et paysages. Heures noires. Çà et là"
            },
            {
                  "doc_url": "https://gallica.bnf.fr/ark:/12148/bpt6k65411020",
                  "emotions": [
                        "joy",
                        "love",
                        "optimism",
                        "excitement",
                        "pride",
                        "gratitude",
                        "caring"
                  ],
                  "excerpt": "Quant au souvenir de Rodolphe , elle l ' avait descendu tout au fond de son cœur ; et il restait là , plus solennel et plus immobile qu ' une momie de roi dans un souterrain .Une exhalaison s ' échappait de ce grand amour embaumé et qui , passant à travers tout , parfumait de tendresse l ' atmosphère d ' immaculation où elle voulait vivre .Quand elle se mettait à genoux sur son prie - Dieu gothique , elle adressait au Seigneur les mêmes paroles de suavité qu ' elle murmurait jadis à son amant , dans les épanchements de l ' adultère .",
                  "id": "17",
                  "title": "Madame Bovary : moeurs de province (Édition définitive) / Gustave Flaubert ; suivie des réquisitoire [de Ernest Pinard] ; plaidoirie [de M.-A.-J. Sénard] et jugement du procès intenté à l'auteur devant le tribunal correctionnel de Paris, audiences des 31 janvier et 7 février 1857"
            },
            {
                  "doc_url": "https://gallica.bnf.fr/ark:/12148/bpt6k65411020",
                  "emotions": [
                        "grief",
                        "sadness",
                        "love",
                        "nostalgia",
                        "disappointment"
                  ],
                  "excerpt": "Le lendemain , Charles alla s ' asseoir sur le banc , dans la tonnelle .Des jours passaient par le treillis ; les feuilles de vigne dessinaient leurs ombres sur le sable , le jasmin embaumait , le ciel était bleu , des cantharides bourdonnaient autour des lis en fleur , et Charles , suffoquait comme un adolescent sous les vagues effluves amoureux qui gonflaient son cœur chagrin .A sept heures , la \" petite Berthe , qui ne l ' avait pas vu de toute l ' après - midi , vint le chercher pour dîner .",
                  "id": "18",
                  "title": "Madame Bovary : moeurs de province (Édition définitive) / Gustave Flaubert ; suivie des réquisitoire [de Ernest Pinard] ; plaidoirie [de M.-A.-J. Sénard] et jugement du procès intenté à l'auteur devant le tribunal correctionnel de Paris, audiences des 31 janvier et 7 février 1857"
            },
            {
                  "doc_url": "https://gallica.bnf.fr/ark:/12148/bpt6k65411020",
                  "emotions": [
                        "love",
                        "nostalgia",
                        "calmness",
                        "caring"
                  ],
                  "excerpt": "Ils ne se parlaient pas , trop perdus qu ' ils étaient dans l ' envahissement de leur rêverie .La tendresse des anciens jours leur revenait au cœur , abondante et silencieuse comme la rivière qui coulait , avec autant de mollesse qu ' en apportait le parfum des seringas , et projetait dans leur souvenir des ombres plus démesurées et plus mélancoliques que celles des saules immobiles qui s ' allongeaient sur l ' herbe .Souvent quelque bête nocturne , hérisson ou belette , se mettant en chasse , dérangeait les feuilles , ou bien on entendait par moments une pêche mûre qui tombait toute seule de l ' espalier .",
                  "id": "19",
                  "title": "Madame Bovary : moeurs de province (Édition définitive) / Gustave Flaubert ; suivie des réquisitoire [de Ernest Pinard] ; plaidoirie [de M.-A.-J. Sénard] et jugement du procès intenté à l'auteur devant le tribunal correctionnel de Paris, audiences des 31 janvier et 7 février 1857"
            },
            {
                  "doc_url": "https://gallica.bnf.fr/ark:/12148/bpt6k1269128h",
                  "emotions": [
                        "love"
                  ],
                  "excerpt": "Pourriture ou loriuc .— La pourriture ou loque est une affection qui atteint d ' abord le couvain , lequel se décompose et produit une odeur qui empoisonne les ubci ) ) f ; 8 de la colonie affectée et f ! ' él .end aux colonies voisines .",
                  "id": "20",
                  "title": "Cours pratique d'apiculture (culture des abeilles), créé au Jardin du Luxembourg, par H. Hamet,... 8e édition, revue par E. Sevalle,..."
            }
      ]
}