{
      "articles": [
            {
                  "doc_url": "https://gallica.bnf.fr/ark:/12148/bpt6k5449287g",
                  "emotions": [
                        "love"
                  ],
                  "excerpt": "AUX MÊMES , FOUR t ' jMOUR DE LEUR FETE .CE n ' est point en offrant des fleurs Que je veux peindre ma tendresse : De leur parfum , de leurs couleurs , En peu d ' iustans le charme cesse .La .",
                  "id": "1",
                  "title": "Alphabet des arts et métiers orné de 27 gravures"
            },
            {
                  "doc_url": "https://gallica.bnf.fr/ark:/12148/bpt6k86300338",
                  "emotions": [
                        "trust",
                        "love"
                  ],
                  "excerpt": "Mon frère étant revenu à la vie , mes parents désirèrent rentrer à Saint - Lô et promirent à madame de Quigny de passer chez elle chaque année quelques mois , pendant l ' été , ce qui la consola de nous perdre encore .Il fut également convenu que je viendrais souvent la voir , particulièrement , quand elle ferait la lessive et que je lui aiderais à plier ses serviettes dans les armoires parfumées d ' iris Lorsque l ' heure de la fameuse lessive était venue , je partais de Saint - Lô sur un âne , escortée de Victoire et du cocher qui était son amoureux .C ' était généralement à l ' automne qu ' avait lieu ce grand événement .",
                  "id": "2",
                  "title": "Quelques années de ma vie / par Mme Octave Feuillet..."
            },
            {
                  "doc_url": "https://gallica.bnf.fr/ark:/12148/bpt6k86300338",
                  "emotions": [
                        "love",
                        "nostalgia",
                        "envy"
                  ],
                  "excerpt": "Sur l ' autre rive , quelques fanaux perdus sous les arches de verdure comme des lampes de chapelle , et bien loin , en face de nous , au fond de l ' avenue , le vague scintillement des salons .– Et quand je me disais que cette blanche créature qui glissait dans l ' ombre à côté de moi , plus poétique à elle seule que tout le reste ensemble , était cette douce et vaillante Majesté , qui laissera dans l ' histoire du monde sa trace éternelle , son charme , sa grâce , son parfum , je croyais rêver ! » Nous avons fait , à deux reprises , cette longue promenade solitaire cordiale et politique .Un officier d ' ordonnance est venu nous interrompre avec une dépêche urgente .",
                  "id": "3",
                  "title": "Quelques années de ma vie / par Mme Octave Feuillet..."
            },
            {
                  "doc_url": "https://gallica.bnf.fr/ark:/12148/bpt6k5698570s",
                  "emotions": [
                        "joy",
                        "love",
                        "optimism",
                        "nostalgia"
                  ],
                  "excerpt": "A Teresa MILANOLLO .J ' ai souvent écouté , dans ces nuits amoureuses Où la lune sourit aux lilas parfumés , Ces voix de rossignols qui s ' élèvent , heureuses , De quelques nids cachés sous les feuilles ombreuses , Tout le long des sentiers par le vent embaumés .Il me semblait qu ' alors sur la terre attentive Chaque bruit se taisait ou se faisait plus doux ; Le flot plus mollement venait battre la rive , Et la brise courait dans les joncs moins plaintive Pour entendre l ' oiseau qui , seul , chantait pour tous , 7 — 98 — Eh bien ! si tu venais , de tes douze ans parée , Dire aux forêts ces chants que tu ravis au ciel ; Si ta voix s ' élevait frémissante , éthérée , Si tu jetais au vent des nuits , jeune inspirée , Ton élégie en pleurs , plus douce que le miel , Tous ces bruits , tous ces chants , toutes ces voix qu ' on aime , Tous ces arbres fleuris qu ' on entend palpiter , De crainte de troubler ton extase suprême , Se tairaient , et , bientôt , le rossignol lui - même , Jaloux , ne saurait plus que t ' écouter chanter ! XVII .",
                  "id": "4",
                  "title": "Feuilles au vent, fantaisies poétiques, par Just Albert"
            },
            {
                  "doc_url": "https://gallica.bnf.fr/ark:/12148/bpt6k5698570s",
                  "emotions": [
                        "trust",
                        "love",
                        "optimism",
                        "faith"
                  ],
                  "excerpt": "Elle voulait qu ' on l ' aimât sans partage , La pauvre enfant ! Elle ignorait que le coeur est volage , Qu ' au moindre vent , Son vert rameau d ' affections s ' effeuille Sur le chemin , Comme une fleur , qu ' avec amour on cueille , Dans notre main .Elle disait qu ' elle était sûre d ' elle , Qu ' elle n ' aurait Qu ' un seul amour dont la fleur éternelle L ' embaumerait .— 163 — Que les buissons auxquels on se déchire Ne prendraient rien De cet amour qui venait lui sourire , De tout son bien .",
                  "id": "5",
                  "title": "Feuilles au vent, fantaisies poétiques, par Just Albert"
            },
            {
                  "doc_url": "https://gallica.bnf.fr/ark:/12148/bpt6k5606646c",
                  "emotions": [
                        "love",
                        "amusement",
                        "embarrassment",
                        "guilt"
                  ],
                  "excerpt": "Ce qu ' on appelle le bon ton dans les personnes de la bonne compagnie , tient à certaines nuances délicates , qu ' on ne peut expliquer , et qu ' on a bien rendues en disant le parfum de la bonne compagnie .Or , ma chère , tu me pardonneras cette plaisanterie , en tête - à - tête , elle peut se faire , eh bien ! ton mari n ' aura jamais ce parfum - là ; mais en revanche , on reconnaîtra toujours en lui le parfumeur .Tiens , ajouta Caroline en riant , quand il m ' offre la la main , il a un certain air obséquieux , tel , qu ' il me semble toujours qu ' il me présente un pain de savon , ou une brosse à dents .",
                  "id": "6",
                  "title": "Le Parfumeur millionnaire, par Louis Dumonteil"
            },
            {
                  "doc_url": "https://gallica.bnf.fr/ark:/12148/bpt6k4227108n",
                  "emotions": [
                        "grief",
                        "love",
                        "nostalgia",
                        "gratitude"
                  ],
                  "excerpt": "Un air monte , air des jours anciens , Celui qu ’ aimait ma bien - aimée .Tu fredonnais , je m ’ en souviens , O chère bouche parfumée ! Celui qu ’ aimait ma bien - aimée , Celui qui m ’ allait droit au cœur .O chère bouche parfumée , Que ton sourire était moqueur ! Celui qui m ’ allait droit au cœur , Me rendant tout pâle d ’ ivresse .",
                  "id": "7",
                  "title": "Fleurs d'avril : poésies / Jeanne Loiseau"
            },
            {
                  "doc_url": "https://gallica.bnf.fr/ark:/12148/bpt6k4227108n",
                  "emotions": [
                        "love",
                        "nostalgia",
                        "excitement",
                        "envy",
                        "frustration"
                  ],
                  "excerpt": "Ma vie ainsi je l ’ ai comprise : Chemin hardi , falaise en fleur , Puis , troublant mon âme surprise , La rude brise De la douleur .J ’ aime cette haleine sauvage , Que rien ne saurait apaiser , Et qui souvent sur mon visage Pose avec rage Son froid baiser .Je me sens grandir dans la lutte .",
                  "id": "8",
                  "title": "Fleurs d'avril : poésies / Jeanne Loiseau"
            },
            {
                  "doc_url": "https://gallica.bnf.fr/ark:/12148/bpt6k4227108n",
                  "emotions": [
                        "grief",
                        "sadness",
                        "love",
                        "nostalgia",
                        "disappointment"
                  ],
                  "excerpt": ".D ’ un amour oublié restes mélancoliques , Et dont le seul parfum vous arrache des pleurs .Puis ce sont des billets , mais d ’ une autre écriture , Qu ’ un même ruban rose ensemble tient unis : Ceux - ci sont plus récents ; la franche signature Se montre ouvertement sur leurs feuillets jaunis .",
                  "id": "9",
                  "title": "Fleurs d'avril : poésies / Jeanne Loiseau"
            },
            {
                  "doc_url": "https://gallica.bnf.fr/ark:/12148/bpt6k6570987c",
                  "emotions": [
                        "love"
                  ],
                  "excerpt": "aux serpents , aux crocodiles , aux sauterelles , et purgea les terres basses de l ' Égypte de ces ennemis cruels ; aussi des lois sévères punissaient celui qui osait attenter aux jours de l ' ibis , animal considéré comme un être presque divin .Les Égyptiens portaient leur amour pour cet oiseau jusqu ' à l ' embaumer après sa mort .On croyait , dans ces temps d ' erreur , qu ' une plume d ' ibis qui toucherait un serpent le ferait mourir à l ' instant .",
                  "id": "10",
                  "title": "Histoire naturelle racontée à la jeunesse, ou Exposé des instincts et des moeurs des animaux, précédé d'une notice sur les races humaines, par Mme Achille Comte,..."
            },
            {
                  "doc_url": "https://gallica.bnf.fr/ark:/12148/bpt6k54625622",
                  "emotions": [
                        "love",
                        "nostalgia",
                        "gratitude"
                  ],
                  "excerpt": ".FLEURS DE REVE FLEURS DE REVE FLEURS DE REVE PARIS 1902 A LA LUNE Ces vers où chante ma jeunesse , C ' est à ton regard qui caresse , C ' est à ton sourire enchanteur , C ' est à toi que je les adresse , Ces vers où chanté ma jeunesse , Ces vers où j ' ai mis tout mon coeur ! 1903 .1 A LA LUNE C ' était un soir de paix , d ' extase et d ' harmonie Dont j ' ai toujours gardé souvenir en mon coeur , Tes rayons épanchaient leur rêveuse pâleur Et le ciel était plein de douceur infinie .",
                  "id": "11",
                  "title": "Fleurs de rêve"
            },
            {
                  "doc_url": "https://gallica.bnf.fr/ark:/12148/bpt6k5458345f",
                  "emotions": [
                        "love"
                  ],
                  "excerpt": "Il est certain que cette hypothèse , implicitement acceptée par tous ceux qui rapportent les sensations au cerveau même , a pour elle des faits authentiques .Dans les affections cérébrales , effectivement , la perception des lumières , celle , des sons , des saveurs , des odeurs , etc ., peuvent être isolément abolies , et il est même rare que toutes ces perceptions soient perdues à la fois .",
                  "id": "12",
                  "title": "Traité complet des paralysies / par O. Landry,..."
            },
            {
                  "doc_url": "https://gallica.bnf.fr/ark:/12148/bpt6k6319361q",
                  "emotions": [
                        "admiration",
                        "love",
                        "gratitude",
                        "caring"
                  ],
                  "excerpt": "111 Aimons - nous ; car c ' est toi l ' Ombre toujours suivie ; Car l ' amour seul rayonne au ciel noir de la vie , Seul il aplanit tout chemin , Rend tout fardeau léger , toute tâche possible , Et l ' on ne gravit plus vers le monde invisible , On y court se donnant la main .Ne cesse pas d ' aimer , ô blonde jeune fille ! Ne cesse pas d ' aimer tant que ta beauté brille Sur ta lèvre et dans ton œil bleu ; Car un cœur sans amour dans une belle femme , C ' est un lis sans parfum , c ' est un foyer sans flamme , C ' est une église sans un Dieu ! Aimons - nous ; car l ' amour est la plus douce gloire .- La mort viendra nous prendre , un jour .",
                  "id": "13",
                  "title": "Les Chansons d'avril, poésies / Octave Lacroix. Nouvelle édition, avec une lettre de Victor Hugo"
            },
            {
                  "doc_url": "https://gallica.bnf.fr/ark:/12148/bpt6k6319361q",
                  "emotions": [
                        "grief",
                        "love",
                        "nostalgia",
                        "faith"
                  ],
                  "excerpt": "Pour être moine , il faut avoir Le front chauve et la barbe grise .Peux - tu chanter avant le coq ? Oh ! les longues nuits embaumées Qu ' on dort aux bras des bien - aiméesl Jette le froc ! « Dieu fit pour le mieux toutes choses : Aussi le soleil et les roses S ' épanouissent au printemps , Et le cœur fleurit à vingt ans .Se vouer jeune aux portes closes , C ' est outrager la sainte loi ! Laisse la neige à l ' hiver ; laisse Le cloître austère à la vieillesse ! Suis - moi ! suis - moi 1 » - Jésus ! plutôt mourir que suivre ! Dit le Moine à sa croix de cuivre , Qu ' il embrassa deux ou trois fois Pendant que s ' approchait la Voix .",
                  "id": "14",
                  "title": "Les Chansons d'avril, poésies / Octave Lacroix. Nouvelle édition, avec une lettre de Victor Hugo"
            },
            {
                  "doc_url": "https://gallica.bnf.fr/ark:/12148/bpt6k6319361q",
                  "emotions": [
                        "grief",
                        "love",
                        "nostalgia",
                        "calmness"
                  ],
                  "excerpt": "D ' amour et de plaisir chaque fleur palpitait ; Les oiseaux se cherchaient , l ' aile réchauffait l ' aile ; Le rossignol chantait sa chanson la plus belle A la rose qui l ' écoutait .Et , perdue au milieu de cette nuit sereine , Insensible aux parfums et sourde aux bruits charmants , Ma pensée accourait où son amour l ' entraîne .— Ah ! que me fait au ciel ce long manteau de reine Tout parsemé de diamants ? Je songeais à toi seule , ô jeune bien - aimée ! Je disais à mi - voix les notes de ton chant ; Puis , debout , j ' implorais ta persienne fermée .",
                  "id": "15",
                  "title": "Les Chansons d'avril, poésies / Octave Lacroix. Nouvelle édition, avec une lettre de Victor Hugo"
            },
            {
                  "doc_url": "https://gallica.bnf.fr/ark:/12148/bpt6k65932h",
                  "emotions": [
                        "fear",
                        "love",
                        "desire",
                        "envy"
                  ],
                  "excerpt": "Va grise - la de ma tendresse , Que ton souflle soit capiteux , Et , grâce à toi , qu ' elle ait l ' ivresse Qui vient directement des cieux .Et si ce baiser que j ' envie Me brûlait au point d ' en mourir , Par ton parfum rends - moi la vie , Hais ne m ' en fais jamais guérir .J ' aurais pu continuer ainsi très longtemps .",
                  "id": "16",
                  "title": "Tutur et Toto (2e édition) / Richard O'Monroy"
            },
            {
                  "doc_url": "https://gallica.bnf.fr/ark:/12148/bpt6k1269820m",
                  "emotions": [
                        "grief",
                        "love",
                        "nostalgia",
                        "faith",
                        "disappointment"
                  ],
                  "excerpt": "Mènent ! a funéraire et lente théorie .Car sur le lit jonché d ' anémone fleurie Oll la Mort avait clos ses longs veux languissants , Repose , parfumé d ' aromate et d ' encens , Le jeune homme adoré des vierges de Syrie .Jusqu ' à l ' aurore ainsi le chœur s ' est lamenté .",
                  "id": "17",
                  "title": "Les trophées / par José-Maria de Heredia"
            },
            {
                  "doc_url": "https://gallica.bnf.fr/ark:/12148/bpt6k1269820m",
                  "emotions": [
                        "love",
                        "nostalgia"
                  ],
                  "excerpt": "Les chiffres eniacés que liait l ' entrelacs S ' effacent chaque jour de la peau fine et blanche ; A peine si mes yeux peuvent suivre la branche De lierre que tu fis serpenter sur les plats .Mais cet ivoire souple et presque diaphane , Marguerite , Marie , ou peut - être Diane , De leurs doigts amoureux l ' ont jadis caressé ; Et ce vélin pâli que dora Clovis Eve évoque , je ne sais par quel charme pissé , L ' âme de leur parfum et l ' omhre de leur rêve .LA DOGAR 1 - S S F L i ; palais est de marbre Oll , le long des portiques , Conversent des seigneurs que peignit Titien , Lit les colliers massifs au poids du marc ancien Rehaussent la splendeur des rouges drumatiques .",
                  "id": "18",
                  "title": "Les trophées / par José-Maria de Heredia"
            },
            {
                  "doc_url": "https://gallica.bnf.fr/ark:/12148/bpt6k9765759r",
                  "emotions": [
                        "love",
                        "caring"
                  ],
                  "excerpt": "Et il en sera ainsi jusqu ' à la fin de son exil dans la vallée des larmes .Maîtrisant sa tendresse pour les siens , l ' abbé Vigneront respire dans sa chambrette un parfum d ' extraordinaire ferveur .Son âme est en paix .",
                  "id": "19",
                  "title": "Un apôtre des noirs / par le R. P. Edmond Thiriet,..."
            },
            {
                  "doc_url": "https://gallica.bnf.fr/ark:/12148/bpt6k6325388d",
                  "emotions": [
                        "love"
                  ],
                  "excerpt": "Humeur visqueuse des narines .- Liqueur visqueuse des amandes avant leur maturité .— T .",
                  "id": "20",
                  "title": "Dictionnaire abrégé de l'Académie française, avec tous les mots nouveaux adoptés dans les sciences, les lettres et les arts, par une société d'hommes de lettres ; précédé des élémens de la grammaire française et d'un Dictionnaire des difficultés ; terminé par un traité des tropes, un traité de versification française, un dictionnaire des rimes, une nomenclature des homonymes et des paronymes, un vocabulaire de mythologie, des grands hommes et de géographie. Par V. Verger, ancien professeur d'humanités et de la Bibliothèque nationale. Partie 2"
            }
      ]
}