{
      "articles": [
            {
                  "doc_url": "https://gallica.bnf.fr/ark:/12148/bpt6k9782137q",
                  "emotions": [
                        "love"
                  ],
                  "excerpt": "Non ; si me satis audias Speres perpetuum dulcia barbare Lxdentem oscula , quas Venus Quinta parte sui nectaris imbuit .Quelles chaudes et pénétrantes effluves de pas - - sion et de poésie il y a dans ces vers ! Et comme on sent qu ' Horace avait pour cette jolie fille un amour qui lui tenait au cœur ! Elle lui avait versé dans le sang œ philtre de feu , connu des poètes , Fait du souffle mêlé de l ' homme et de la .femme , Des frissons de la chair et des rêves de l ' âme .",
                  "id": "1",
                  "title": "Médecine et moeurs de l'ancienne Rome, d'après les poètes latins... / Dr Edmond Dupouy"
            },
            {
                  "doc_url": "https://gallica.bnf.fr/ark:/12148/bpt6k203196w",
                  "emotions": [
                        "love"
                  ],
                  "excerpt": "Le bouchon sautait .La bière jaillissait , emplissait tout de son odeur aigre et fraiehe , sans distraire les amants qui , la hanche contre tahanche , les doigts contre le sein tiède , l ' oreille contre le murmure , avouaient des mots inutiles à leur passion frissonnante .« Ceux - là dépendront de mon geste , espérait Orner .",
                  "id": "2",
                  "title": "Le temps et la vie. , La ruse : 1827-1828 / par Paul Adam"
            },
            {
                  "doc_url": "https://gallica.bnf.fr/ark:/12148/bpt6k56249878",
                  "emotions": [
                        "admiration",
                        "love",
                        "approval",
                        "faith"
                  ],
                  "excerpt": "Dans ce jardin lu te promènes , Brûlant pour moi d ' un vif amour , Et mon coeur , par d ' aimables chaînes , S ' attache à ton coeur sans retour .Les belles fleurs de mon parterre Charment tes yeux dès le matin ; Elles ne cessent de te plaire ; Elles ont un parfum divin .108 Sur l ' aîr : Le monde en vain , par ses biens et ses charmes .",
                  "id": "3",
                  "title": "Cantiques nouveaux à l'usage de la Solitude de Nazareth"
            },
            {
                  "doc_url": "https://gallica.bnf.fr/ark:/12148/bpt6k56249878",
                  "emotions": [
                        "love",
                        "relief",
                        "gratitude",
                        "calmness",
                        "approval"
                  ],
                  "excerpt": "Sur le même air : Tous les matins , dès le point de l ' aurore , Un doux parfum vient réjouir mon coeur ; Vers toi , Jésus , je cours et je t ' implore , Daigne exciter mon âme à la ferveur .Tes doux parfums me sont très - agréables , Et je m ' endors doucement dans tes bras .A tes désirs rend mes désirs semblables , Et que l ' amour me conduise au trépas .",
                  "id": "4",
                  "title": "Cantiques nouveaux à l'usage de la Solitude de Nazareth"
            },
            {
                  "doc_url": "https://gallica.bnf.fr/ark:/12148/bpt6k6248100m",
                  "emotions": [
                        "love",
                        "gratitude",
                        "faith"
                  ],
                  "excerpt": "Plaque nerveusement sur les touches d ' ivoire Ces effrayants accords , glas de l ' humanité , Où la vie en mourant exhale un chant de gloire Vers l ' azur idéal de l ' immortalité .Et tu seras bénie , et ce soir dans ta chambre Où tant de frais parfums vocalisent en chœur , Poète agenouillé sous tes prunelles d ' ambre , Je baiserai tes doigts qui font pleurer mon cœur ! CHOPIN A Paul Viardot .Chopin , frère du gouffre , amant des nuits tragiques , Ame qui fus si grande en un si frêle corps , Le piano muet songe à tes doigts magiques Et la musique en deuil pleure tes noirs accords .",
                  "id": "5",
                  "title": "Les névroses : les âmes, les luxures, les refuges, les spectres, les ténèbres / Maurice Rollinat"
            },
            {
                  "doc_url": "https://gallica.bnf.fr/ark:/12148/bpt6k5448005m",
                  "emotions": [
                        "anger",
                        "love",
                        "excitement"
                  ],
                  "excerpt": "— Enfant , va , et elle mit sa jolie main âlti MONTFEllRAT blanche contro ma boucho .J ' appliquai cotte main fine , douce et parfumée contre mes lèvres brûlantes et je continuai , dans lo feu de la passion .— Edmée , c ' est îo bonheur do toute ta vie que tu engages ; il y a , entre nous , une affinité secrète qui nous fait nous rimer et nous comprendre .",
                  "id": "6",
                  "title": "Montferrat / par Belz de Villas"
            },
            {
                  "doc_url": "https://gallica.bnf.fr/ark:/12148/bpt6k6248100m",
                  "emotions": [
                        "love",
                        "amusement"
                  ],
                  "excerpt": "Ça ne m ' a pas réussi : Elle était si maigrelette ! Elle aimait la côtelette Rouge , et le vin pur aussi , Mademoiselle Squelette .Sa bouche un peu violette Avait un parfum ranci , Elle était si maigrelette ! Comme elle était très - follette , Je l ' aimai couci - couci , Mademoiselle Squelette .Au lit , cette femmelette Me causa plus d ' un souci : Elle était si maigrelette ! Puis un jour je vis seulette , L ' œil par les pleurs obscurci , Mademoiselle Squelette Crachant une gouttelette De sang très peu cramoisi : Elle était si maigrelette ! Sa phtisie étant complète , Elle en eut le cœur transi , Mademoiselle Squelette .",
                  "id": "7",
                  "title": "Les névroses : les âmes, les luxures, les refuges, les spectres, les ténèbres / Maurice Rollinat"
            },
            {
                  "doc_url": "https://gallica.bnf.fr/ark:/12148/bpt6k930183r",
                  "emotions": [
                        "love"
                  ],
                  "excerpt": "Il se délecte au son des instruments , et paraît aimer la musique ; il apprend aisément à marquer la mesure , à se remuer en cadence , et à joindre à propos quelques accents au brqit des tambours et au son des trompettes .Son odorat est exquis , et il aime avec passion les parfums de toute espèce , et surtout les fleurs odorantes ; il les choisit , il les cueille une à une , il en fait des bouquets , et , après en avoir savouré l ’ odeur , il les porte à sa bouche et semble les goûter * .La fleur d ’ orange * est un de ses mets les plus délicieux ; il dépouille avec sa trompe un oranger de toute sa verdure et en mange les fruits , les fleurs , les feuilles et jusqu ’ au jeune bois .",
                  "id": "8",
                  "title": "Morceaux choisis : recueil de ce que ce grand écrivain offre de plus remarquable... / Buffon ; par M. l'abbé Rolland"
            },
            {
                  "doc_url": "https://gallica.bnf.fr/ark:/12148/bpt6k5473611p",
                  "emotions": [
                        "love",
                        "calmness"
                  ],
                  "excerpt": "Elle était encore belle , mais la graisse l ' avait envahie ; son menton même , son menton mignon , ce qu ' elle avait eu jadis de plus séduisant après sa bouche mignarde , ce menton charmant était noyé dans la pâte ferme et dans la chair lisse .ineffable parfum d ' innocence s ' exhalait de la jeune fille : nul désir n ' aurait pu monter jusqu ' à elle sans s ' épurer .L ' être avili éveillait en son esprit une pitié telle que le dégoût s ' effaçait .",
                  "id": "9",
                  "title": "Le roman de la chair / Jean Dolent ; 100 dessins par Hadol"
            },
            {
                  "doc_url": "https://gallica.bnf.fr/ark:/12148/bpt6k8515872",
                  "emotions": [
                        "joy",
                        "love",
                        "desire",
                        "courage",
                        "gratitude"
                  ],
                  "excerpt": "DOUCHMANTA .Oh ! tu le peux , fille adorable : Laisse - moi seulement respirer un instant ce doux parfum qu ’ exhalent ces lèvres ravissantes , et je serai plus que paye : vois , l ’ abeille n ’ est - elle pas satisfaite rien que par l ’ odeur du lotus ? SACOUNTALA .Et que pourrait - elle faire de plus ? DOUCHMANTA .",
                  "id": "10",
                  "title": "La Reconnaissance de Sacountala, drame sanscrit et pracrit de Calidasa, traduit sur un manuscrit unique de la Bibliothèque du Roi par A.-L. Chézy,..."
            },
            {
                  "doc_url": "https://gallica.bnf.fr/ark:/12148/bpt6k424571q",
                  "emotions": [
                        "joy",
                        "love",
                        "pride",
                        "gratitude"
                  ],
                  "excerpt": "Mgr .le duc de Blacas d ' Aulps le cœur de Sa Majesté , que , le dix du même mois , j ' avais , en présence dudit sieur baron Bourlet de Saint - Aubin , préparé et embaumé avec les poudres balsamiques et aromatiques les plus précieuses .Ce cœur a été aussitôt scellé dans une boîte de plomb et placé tout de suite dans un cœur de vermeil fermant à clef , laquelle clef a été remise àS , Exc .",
                  "id": "11",
                  "title": "Dernière époque de l'histoire de Charles X, ses derniers voyages, sa maladie, sa mort, ses funérailles, son caractère et ses habitudes dans l'exil ; suivi des actes et procès-verbaux relatifs à son décès / par M. de Montbel,..."
            },
            {
                  "doc_url": "https://gallica.bnf.fr/ark:/12148/bpt6k61349471",
                  "emotions": [
                        "love"
                  ],
                  "excerpt": "132 UN BOUQUET A Mme .Connaissez - vous l ' éclat empourpré de la rose , Le lys blanc , diaphane et l ' odorant jasmin ? Sur ces fleurs le regard amoureux se repose ; Leur parfum vous enivre , il est suave et fin .Pour moi rien n ' est plus beau que votre chère image Qui , reflétant votre âme , exprime la douceur .",
                  "id": "12",
                  "title": "Impressions et souvenirs, par Eugène Fritsch dit Lang,..."
            },
            {
                  "doc_url": "https://gallica.bnf.fr/ark:/12148/bpt6k6248100m",
                  "emotions": [
                        "admiration",
                        "love",
                        "gratitude"
                  ],
                  "excerpt": "Émergeant du brouillard nacré des \\ noussclii ^ s , .J \" Vous flottez devant moi , parlantes et - câlines , Pleines de parfums inouïs ! Co ' - • » LA BÊTE En amour , l ' homme est la souris Pour qui toute femme est la chatte .Le sot ne voit pas l ' ongle gris Sous le doux velours de la patte .",
                  "id": "13",
                  "title": "Les névroses : les âmes, les luxures, les refuges, les spectres, les ténèbres / Maurice Rollinat"
            },
            {
                  "doc_url": "https://gallica.bnf.fr/ark:/12148/bpt6k5836521h",
                  "emotions": [
                        "love"
                  ],
                  "excerpt": "Du Taureau mugissant s ' éclipse la maison — - L ' Aurore moins tardive éclaircit Thorison .Déja Flore & Zéphire exhalent dans nos plaines L odorante fraîcheur de leurs douces haleines .Le Coq régie son chant sur la clarté du Ciel .",
                  "id": "14",
                  "title": "Les deux opusculines"
            },
            {
                  "doc_url": "https://gallica.bnf.fr/ark:/12148/bpt6k9616610v",
                  "emotions": [
                        "love"
                  ],
                  "excerpt": "Les teignes , qui ont une grande analogie avec l ' affection précédente , consistent en une ulcération fétide , ayant son siége à la fourchette , dont le tissu est comme vermoulu .Quand cette affection a fait quelque progrès , on sent également une forte odeur de fromage pourri ; le cheval affecté frappe sans cesse à terre du pied , croyant ainsi se débarrasser de la grande démangeaison qu ' il éprouve .14 ° Le javart cartilagineux .",
                  "id": "15",
                  "title": "Connaissances complètes du cavalier, de l'écuyer et de l'homme de cheval... / par Félix Van der Meer,..."
            },
            {
                  "doc_url": "https://gallica.bnf.fr/ark:/12148/bpt6k61349471",
                  "emotions": [
                        "love"
                  ],
                  "excerpt": "La rose est la plus belle et la reine des fleurs ! ■ Elle a place à l ' autel , pour elle honneur insigne .En exaltant nos sens par ses douces senteurs , Elle inspire l ' amour : on en a fait le signe .Son calice élégant reçoit le papillon Volage et gracieux ; l ' industrieuse abeille Y butine son miel ; le bourdonnant frelon , Quand il peut s ' y poser , fait silence et sommeille .",
                  "id": "16",
                  "title": "Impressions et souvenirs, par Eugène Fritsch dit Lang,..."
            },
            {
                  "doc_url": "https://gallica.bnf.fr/ark:/12148/bpt6k912447",
                  "emotions": [
                        "joy",
                        "love",
                        "optimism",
                        "nostalgia",
                        "excitement"
                  ],
                  "excerpt": "i2 .Leurs yeux brillent , l ' amour sur le même écheveau A mêlé les fils d ' or de leur double jeunesse , Et le voluptueux parfum du foin nouveau A leur naissant désir ajoute son ivresse .Comme eux , j ' éprouve aussi ton mol enivrement , Fenaison ! Je revois la saison bienheureuse Où j ' allais par les prés , cherchant naïvement La fleur qui donne au foin son haleine amoureuse .",
                  "id": "17",
                  "title": "Sous bois : impressions d'un forestier (5e mille) / André Theuriet"
            },
            {
                  "doc_url": "https://gallica.bnf.fr/ark:/12148/bpt6k5684821t",
                  "emotions": [
                        "admiration",
                        "love",
                        "nostalgia",
                        "gratitude"
                  ],
                  "excerpt": "PEYRONXKÏ .Ma Léonlinc , c ' est ton haleine Qui charme et pénètre mes sens ; C ' est toi qui verses dans la plaine , Ces parfums doux , et ravissants .Les esprits embaumés qu ' exhale ; i - ka rose fraîche et matinale Pour moi sont moins délicieux ; Et ton odeur suave et pure .",
                  "id": "18",
                  "title": "Qu'est la femme ?... Ange ou démon ? : contradictions des plus célèbres auteurs anciens et modernes, etc. / par le professeur L. Peyronnet"
            },
            {
                  "doc_url": "https://gallica.bnf.fr/ark:/12148/bpt6k5448005m",
                  "emotions": [
                        "love",
                        "desire",
                        "nostalgia",
                        "excitement",
                        "envy"
                  ],
                  "excerpt": "Violette , elle , dans la souplesse enlaçante et serpentine de tout son corps , l ' efironterio sensuelle de son nez retroussé , ses lèvres charnues , ses yeux rieurs aux flammes libertines était comme un coup do vent de passion perverse .Les avoir follement désirées toute la soirée , ces troublantes , s ' ôtre grisé à leur charme , a leur odeur douce et avoir dû s ' en aller se .dôsélectrisor auprès d ' esclaves blanches fort belles , sans doute , mais dont la chair restait froide , froide comme leurs lèvres , leurs paroles , le sérail infâme qui les enfermait .",
                  "id": "19",
                  "title": "Montferrat / par Belz de Villas"
            },
            {
                  "doc_url": "https://gallica.bnf.fr/ark:/12148/bpt6k5836521h",
                  "emotions": [
                        "admiration",
                        "joy",
                        "love",
                        "relief",
                        "amusement"
                  ],
                  "excerpt": "La terre met en jeu par un beau mécanisme , .L ' énergique ressort de son doux magnétisme , Des plantes en amour le miasme odorant , Détourne les soupirs par un charme attirant .Ainsi , malgré les maux , dont l ' ame est poursuivie , Par un filtre attachant nous tenons à la vie .",
                  "id": "20",
                  "title": "Les deux opusculines"
            }
      ]
}