{
      "articles": [
            {
                  "doc_url": "https://gallica.bnf.fr/ark:/12148/bpt6k56572955",
                  "emotions": [
                        "love",
                        "nostalgia",
                        "excitement",
                        "gratitude"
                  ],
                  "excerpt": "En le mettant dans l ' Album .Des vers tout parfumés d ' amour et de jeunesse ! ..",
                  "id": "1",
                  "title": "Oeuvres posthumes, théâtre, poésies diverses ; précédées d'une notice biographique, par [le Dr] Gustave Drouineau / Ernest Dutouquet"
            },
            {
                  "doc_url": "https://gallica.bnf.fr/ark:/12148/bpt6k5449792h",
                  "emotions": [
                        "grief",
                        "sadness",
                        "love",
                        "nostalgia",
                        "calmness",
                        "disappointment"
                  ],
                  "excerpt": "{ Il sort ) : SUFFOLK .Ah ! la mort en ces lieux , Dans tes bras adorés , mon ange , sous les yeux , Serait le doux sommeil que parfume la rose , L ' image du départ d ' un entant qui dépose Sur le sein maternel une unie sans douleur .Mais mourir loin de loi , c ' est mourir de fureur .",
                  "id": "2",
                  "title": "Henri VI ou La guerre des deux roses : drame en six tableaux et en vers / par Martial Audoin,..."
            },
            {
                  "doc_url": "https://gallica.bnf.fr/ark:/12148/bpt6k9629862g",
                  "emotions": [
                        "joy",
                        "love",
                        "optimism",
                        "desire",
                        "gratitude"
                  ],
                  "excerpt": "Qui , je voudrais en ce monde Tout bonheur : l ' air serein , l ' onde Calme , le miel sans aigreurs , Et l ' œil de la jeune fille , • OEij qui brille , Moi , je le voudrais sans pleurs .Je voudrais que toute vie , Amour , parfum , mélodie , Passât , souffle de bonheur ; Lac , aux flots clairs , mer d ' ivresse , La tendressé Sans les orages du cœur .Oh ! oui , je voudrais encore , Sans leur feu .",
                  "id": "3",
                  "title": "Le Mercure de France au dix-neuvième siècle"
            },
            {
                  "doc_url": "https://gallica.bnf.fr/ark:/12148/bpt6k9629862g",
                  "emotions": [
                        "joy",
                        "grief",
                        "sadness",
                        "love",
                        "desire",
                        "nostalgia",
                        "gratitude"
                  ],
                  "excerpt": "ort adoucis la rigueur J D ' un cœur simple en ses goûts , reçois ici l ' hommage ; Mais rappelle - moi , chaque jour , Dernier objet de mon amour ! Mes premiers plaisirs au village ; Ce temps , oui , ce temps fortuné , Où , par un doux penchant , tous les soirs entraîné , Foulant aux pieds , gazon , iris et primevère , J ' allais sans crainte , seul , te cueillir au bosquet , Pour te porter aussitôt en bouquet Sur les genoux de la plus tendre mère .Fleur qui te plais à l ' ombre des tombeaux ! Puisse un jour ton parfum , dans le champ du repos , Vers mon dernier asile attirer ma Colette , Mon Estelle , Sylvie et mes doux pastoureaux ! Puisse Estelle chanter , en vidant ses fuseaux , Sa plus aimable chansonnette , A côté du funèbre enclos Par ma cendre occupé ! Mais si l ' ingrate Annette Yieiit là pour te .chercher , plaise aux dieux que l ' herbette , ; Au - dessus de toi s ' élevant , Presse ta tige au gré du vent , Te cache , et rende vain l ' espoir de la coquette ! I P .",
                  "id": "4",
                  "title": "Le Mercure de France au dix-neuvième siècle"
            },
            {
                  "doc_url": "https://gallica.bnf.fr/ark:/12148/bpt6k54838v",
                  "emotions": [
                        "love",
                        "gratitude",
                        "caring"
                  ],
                  "excerpt": "Problème ! Car le cœur est toujours hésitant quand il aime ~ Pourtant il semblait bon ; il semblait triste aussi ; Et puis était - ce mal aller aux Tuileries Un moment avec lui mêler ses rêveries Et dans son coeur de frère épancher son souci ? Car malgré sa douceur et son franc caractère , Elle souffrait parfois de cette vie austère Et puis elle l ' aimait déjà , cet inconnu ! Elle avait après tout un cceur , un cœur de femme , Et Dieu ne pouvait pas regarder comme infâme Ce qui d ' instinct germait dans un être ingénu .Oh ! le biiïct d ' amour tout parfumé d ' essence , Comme elle le pressait , dans sa tendre innocence , Sur sa lèvre et son cceur , craignant de le souiller .Comme elle le lisait , le sachant de mémoire , Comme elle le cachait le jour dans son armoire , Comme elle Je cachait la nuit sous l ' oreiller ! Donc le dimanche vint , et Marthe fut fidèle Au rendez - vous d ' amour qu ' on avait voulu d ' elle .",
                  "id": "5",
                  "title": "Les tristesses : poésies / Georges Rodenbach"
            },
            {
                  "doc_url": "https://gallica.bnf.fr/ark:/12148/bpt6k54838v",
                  "emotions": [
                        "grief",
                        "sadness",
                        "love",
                        "nostalgia"
                  ],
                  "excerpt": "On eût dit qu ' en partant vers la voûte éternelle La morte comme un cygne avait ouvert son aile Et perdu son duvet au bord de ce chemin .En écartant un peu les bouquets de la main Je lus qu ' elle était morte à peine lancée Et je compris alors cette exquise pensée D ' un triste amant , perdu là - bas dans l ' horizon , Qui le matin , quittant sa funèbre maison , Sans doute était venu couvrir sa bien - aimée De ce voile de neige épaisse et parfumée Que la pluie automnale avait mouillé de pleurs .Je viens d ' aller revoir la tombe .",
                  "id": "6",
                  "title": "Les tristesses : poésies / Georges Rodenbach"
            },
            {
                  "doc_url": "https://gallica.bnf.fr/ark:/12148/bpt6k54838v",
                  "emotions": [
                        "grief",
                        "love",
                        "nostalgia",
                        "gratitude",
                        "caring"
                  ],
                  "excerpt": "Tes cheveux frisant sur les tempes En un mince et soyeux duvet , Tes yeux luisants comme des lampes , Sont bien ceux dont mon cœur rêvait .Et ton esprit tendre où j ' épelle Me semble un missel retrouvé , Baigné d ' un parfum de chapelle , Où je relis l ' ancien Avé .Tu réalises ma chimère , Tu réponds au rêve idéal Qu ' au fond de ma pensée amére Je pressentais dans Floréal .",
                  "id": "7",
                  "title": "Les tristesses : poésies / Georges Rodenbach"
            },
            {
                  "doc_url": "https://gallica.bnf.fr/ark:/12148/bpt6k5324644r",
                  "emotions": [
                        "grief",
                        "love",
                        "nostalgia",
                        "calmness"
                  ],
                  "excerpt": "Le poète pleure sur l ’ enfant qui s ’ en va au soir de ses vingt Jans , après avoir chanté , ' souri , aimé durant une heure : Bienlôt après ce fut de l ’ ombre sans retour , Le mystère insondable et la nuit infinie ; Des maternelles mains sa main s ’ est désunie .Et son cœur embaumé de jeunesse et d ’ amour Son cœur vierge est parti pur ^ comme une harmonie ..",
                  "id": "8",
                  "title": "Ceux de chez nous : études septentrionales première série"
            },
            {
                  "doc_url": "https://gallica.bnf.fr/ark:/12148/bpt6k5324644r",
                  "emotions": [
                        "love",
                        "nostalgia",
                        "gratitude",
                        "envy",
                        "caring"
                  ],
                  "excerpt": "Il fut l ’ enfant gâté des tendresses délicates , des voix câlines et des rires vermeils .Il était blond comme ses sœurs , doux comme elles ; il pouvait leur dire : Aussi , petites sœurs , la beauté de vos âmes Frôla si longuement mon cœur d ’ adolescent Que la féminité se glissa dans mon sang Ainsi que dans les bois un parfum de cinnames .D ’ un livre à un autre livre , de Y Ame voyageuse aux Sonates au clair de lune , il se transformait ; mais quelque chose demeurait en son vers qu ’ il avait emporté du foyer , une molle douceur , une harmonie fluide et caressante , comme celles des claires mélopées qui charmèrent ses premiers jeux et ses premiers rêves .",
                  "id": "9",
                  "title": "Ceux de chez nous : études septentrionales première série"
            },
            {
                  "doc_url": "https://gallica.bnf.fr/ark:/12148/bpt6k61324809",
                  "emotions": [
                        "joy",
                        "love",
                        "excitement"
                  ],
                  "excerpt": ".ses mains fines et blanches , ses mains de patricien appellent une étreinte frémissante , et sa bouche entr ' ouverte semble exhaler un parfum d ' amour ..",
                  "id": "10",
                  "title": "Les Marchandes de plaisir, avec une préface de M. le baron F. de Reiffenberg fils / Paul Auguez"
            },
            {
                  "doc_url": "https://gallica.bnf.fr/ark:/12148/bpt6k5471491d",
                  "emotions": [
                        "love",
                        "gratitude",
                        "caring"
                  ],
                  "excerpt": "Ils ne parlaient pas , ils ne riaient point leurs 198 LES AMOURS DE LA DUCHESSE pensées n ' existaient plus ; ils vivaient d ' une vie extraterrestre , cette vie qui est de si courte durée et que tout homme se remémore avoir vécue une ou deux fois seulement dans le cours de son existence .La brise dérangeait les longues boucles d ' or d ' Adrienne et les jetait au visage du poëte ; double parfum qui pour lui se mêlait à celui de l ' air ! — Voilà comme je t ' aime , ô mon Gaston , ditelle tout - à - coup , en faisant un collier de ses bras autour du cou de son amant ; comme cela tout près de moi , en sentant tes embrassements de frère et sous l ' oeil des cieux .Que l ' amour calme et doux est bon ; comme il est doux de se sentir vivre de l ' infini en confondant ses pensées .",
                  "id": "11",
                  "title": "Les amours de la duchesse / par Charles Diguet"
            },
            {
                  "doc_url": "https://gallica.bnf.fr/ark:/12148/bpt6k5471491d",
                  "emotions": [
                        "love"
                  ],
                  "excerpt": "A rencontre de tous les conseils , Gaston prit place dans la première voiture avec le vieux médecin ; il était fort pâle ; du reste , il paraissait calme .Tout le temps du trajet il s ' entretint d ' Adrienne ; il tenait en main un petit mouchoir encore tout parfumé : c ' était celui qu ' il avait pris au bal de la baronne de Neiburg .A peu de distance du cimetière , un équipage dérangea un instant l ' ordre du convoi .",
                  "id": "12",
                  "title": "Les amours de la duchesse / par Charles Diguet"
            },
            {
                  "doc_url": "https://gallica.bnf.fr/ark:/12148/bpt6k311727m",
                  "emotions": [
                        "love"
                  ],
                  "excerpt": "Les espaliers qu ’ elles forment sur des sièges le long des arbres de la grande allée offrent a l ’ œil émerveillé un spectacle aussi pompeux que riant et récréatif , et dont l ad - ( i3 9 ) mirable variété est au - dessus de toute discription .Mille petits amours , métamorphosés en moineaux , y font respirer un air de lasciveté qu ’ on ne sent point ailleurs .Mais qu ’ y a - t - il de surprenant en cela ? S ’ il est vrai que nous soyions l ame des plaisirs ; s ’ il est vrai qu ’ ils nous suivent par - tout , les lieux où nous présidons ne doivent - ils pas être les plus agréables du monde ? En effet , le don miraculeux de charmer et d ’ égayer tout ce qui nous environne est tellement inséparable de nos personnes , que la volupté et la galanterie nous accompagnent même jusques dans le sanctuaire .",
                  "id": "13",
                  "title": "Dix-neuf baisers, par un amant de vingt-deux ans. suivis de La jolie ravaudeuse"
            },
            {
                  "doc_url": "https://gallica.bnf.fr/ark:/12148/bpt6k311727m",
                  "emotions": [
                        "love"
                  ],
                  "excerpt": "Donne - moi tes lèvres de miel , Joins ces lèvres avec les miennes j Elles couvrent ce mal crue ] , Ce feu qui dévore mes veines j Pompe ce funeste poison De mon haleine consumée ; Par l ’ excès de ma passion Que ton ame soit désarmée î Soupire , languis à ton tour ; Ne crains pas les dieux , Vénus même ; Adèle , commande en ce jour : L ’ Olympe attend ta loi suprême .DIX - NEUVIÈME BAISER , Le Parfum du Baiser .Poürquo » , diligentes abeilles .",
                  "id": "14",
                  "title": "Dix-neuf baisers, par un amant de vingt-deux ans. suivis de La jolie ravaudeuse"
            },
            {
                  "doc_url": "https://gallica.bnf.fr/ark:/12148/bpt6k5433970g",
                  "emotions": [
                        "fear",
                        "love",
                        "envy",
                        "doubt",
                        "nervousness",
                        "embarrassment"
                  ],
                  "excerpt": "K Mêle ans fraises des bois des oeillets écrasés ., I \" ai peur de mon sourire et peur de mes baisers , Du piège parfumé de mes lèvres perfides , Kt je tremble de voir les yeux les plus candides S ' injecter de luxure aux gestes furieux Des obscènes démons qui nagent dans mes yeux .I - ourtant je ne suis pas , Seigneur , un prince infâme : ■ Je vous cherche ù tâtons dans la nuit de mon âme ; Aux pieds des saints autels , avec mes Flagellants , J ' ai fait jaillir vers vous , de mes reins pantelants , Kn étoiles de sang ma rude pénitence ! Kt , semblable aux voleurs qu ' on traîne à la potence , Vêtu d ' un sac , la corde au cou , les pieds meurtris , .",
                  "id": "15",
                  "title": "Hors du siècle (Édition définitive) / Albert Giraud"
            },
            {
                  "doc_url": "https://gallica.bnf.fr/ark:/12148/bpt6k5433970g",
                  "emotions": [
                        "admiration",
                        "love",
                        "nostalgia",
                        "gratitude"
                  ],
                  "excerpt": "Lu fraîcheur des ruisseaux , la jeune chair des roses , La mousse des forêts et l ' haleine du thym Chantent dans la lumière entre tes lèvres roses .Tu verses dans mon coeur , comme un écho lointain , La fraîcheur des ruisseaux , la jeune chair des roses , La mousse des forêts et l ' haleine du thym .Mais sous l ' orgueil du sang , des mois fiers et splendides Se cabrent dans ta voix comme des étalons ! Un rêve inviolé fleurit tes yeux candides ; Ton rire a la langueur des anciens violons ; Mais sous l ' orgueil du sang , des mots fiers et splendides Se cabrent dans ta voix comme des étalons ! HORS DU SIKCI .",
                  "id": "16",
                  "title": "Hors du siècle (Édition définitive) / Albert Giraud"
            },
            {
                  "doc_url": "https://gallica.bnf.fr/ark:/12148/bpt6k5433970g",
                  "emotions": [
                        "grief",
                        "love",
                        "nostalgia",
                        "disappointment"
                  ],
                  "excerpt": "Les fenêtres d ' autan regardent ma misère Avec le long regard des yeux que j ' ai fermés .Cristal des jours heureux ! Parfum des coeurs aimés ! Ames des parents morts tendres comme un rosaire ! Avec le long regard des yeux ( pie j ' ai fermés Les fenêtres d ' autan regardent ma misère .Le .",
                  "id": "17",
                  "title": "Hors du siècle (Édition définitive) / Albert Giraud"
            },
            {
                  "doc_url": "https://gallica.bnf.fr/ark:/12148/bpt6k5433970g",
                  "emotions": [
                        "grief",
                        "love",
                        "nostalgia",
                        "gratitude",
                        "caring",
                        "faith"
                  ],
                  "excerpt": ".Mon Dieu , contemplez - moi : voici mon coeur à nu : Je les chérissais trop , ces fils de la chimère , Kt je cueillais la fleur de leur âme éphémère Afin d ' en parfumer mes soirs mystérieux .Mais mou amour , armé d ' un marteau radieux , Forgeait pour ces enfants de hautes destinées .",
                  "id": "18",
                  "title": "Hors du siècle (Édition définitive) / Albert Giraud"
            },
            {
                  "doc_url": "https://gallica.bnf.fr/ark:/12148/bpt6k5433970g",
                  "emotions": [
                        "love",
                        "nostalgia",
                        "relief",
                        "gratitude"
                  ],
                  "excerpt": "( ) douce voix d ' enfant , pleine de chanterelles , Chante dans la lumière autour de mon chevet ! Regards sablés d ' argent , couleur d ' ardoise humide , Semblables à des lacs sous des cieux violets , Kgayez lentement de votre azur timide La candeur du matin qui bleuit mes volets , Regards sablés d ' argent , couleur d ' ardoise humide , Semblables à des lacs sous des cieux violets ! Rafraîchisse / , mon sang , lèvres ! Roses mousseuses ( Jui parfumez le eu ' iir en caressant les yeux ! Kelairez - moi du jour de vos chairs paresseuses ! • l ' ai trop pensé , la nuit , et je me sens très vieux .Rafraîchissez mon sang , lèvres ! Roses mousseuses Qui parfumez le coeur en caressant les yeux ! MOUS DU SIKCI .K 21 Comme un rouge brasier qu ' attriste la chimère De voir jaillir un lvs de ses tisons flambants , Je t ' appelle du fond de ma joie épliéinèrc , Tète royale et pâle aux longs cheveux tombants , Comme un rouge brasier qu ' attriste la chimère De voir jaillir un lys de ses tisons flambants 1 C ' est Lohengrin enfant qui , traîné par des cygnes , Vogue vers ma douleur comme vers son Klsa .",
                  "id": "19",
                  "title": "Hors du siècle (Édition définitive) / Albert Giraud"
            },
            {
                  "doc_url": "https://gallica.bnf.fr/ark:/12148/bpt6k54944625",
                  "emotions": [
                        "love"
                  ],
                  "excerpt": "2e Ammoniaque ( Fabrication en grand del ' ) par la décomposition des sels ammoniacaux .Odeur 3 = Amorces fulminantes ( Fabrication des ) ..",
                  "id": "20",
                  "title": "Manuel des lois du Bâtiment. Deuxième édition, revue et augmentée,.... Volume 2,Partie 1,Fascicule 2"
            }
      ]
}