{
      "articles": [
            {
                  "doc_url": "https://gallica.bnf.fr/ark:/12148/bpt6k5438587x",
                  "emotions": [
                        "joy",
                        "love",
                        "nostalgia",
                        "relief",
                        "gratitude",
                        "calmness"
                  ],
                  "excerpt": "Oubliant cette heure traîtresse , Je retrouvai bientôt le bonheur le plus doux , Dont j ' ai souvent bien peur que Dieu ne soit jaloux , Au bras de mon enchanteresse .102 MHS RKVES NUIT D ' ÉTÉ Belle nuit enchantée ! ô nuit calme et sereine ! Dans ton doux océan , dont le flot rassérène , Que de bonheurs discrets , tendres , mystérieux , Que de baisers bridants , que d ' amants radieux ; Quand ton souille embaumé ravive la nature , Sur le gazon des prés , plus d ' une créature , A travers un rayon de lune pâle et clair , S ' i .' , >régnent des senteurs et des parfums de l ' air .",
                  "id": "1",
                  "title": "Mes rêves / Maxime Lorin ; avec une préface de Henry Carnoy"
            },
            {
                  "doc_url": "https://gallica.bnf.fr/ark:/12148/bpt6k5438587x",
                  "emotions": [
                        "joy",
                        "love",
                        "relief",
                        "gratitude",
                        "calmness",
                        "caring"
                  ],
                  "excerpt": "52 MES REVES DANS UNE GROTTE FANTAISIE Ils étaient là , tous deux , blottis dans le mystère , Se croyant dans un lieu plein de sécurité , S ' aimant , se becquetant en toute liberté , Comme deux tourtereaux dans un nid solitaire .Le soleil souriait en éclairant la terre , Le ciel d ' un doux printemps prodiguait sa beauté , L ' air avait des parfums dans sa sérénité ; De l ' amour , en un mot , tout était tributaire .Couché dans un massif , tout près de nos amants , Un rival curieux écoutait leurs serments ! 11 prit très bien la chose , il était philosophe .",
                  "id": "2",
                  "title": "Mes rêves / Maxime Lorin ; avec une préface de Henry Carnoy"
            },
            {
                  "doc_url": "https://gallica.bnf.fr/ark:/12148/bpt6k5438587x",
                  "emotions": [
                        "love",
                        "relief",
                        "calmness"
                  ],
                  "excerpt": "Ah ! coeur ! étrange sphinx ! où sont les aruspices Qui diront ton audace au bord des précipices ? Tes ivresses sans nom , tes délires divins Que n ' ont pas expliqués les plus fameux devins , AMOUR 80 Ta joie et tes élans , tes effrois pleins de charmes , Tes désirs , tes ardeurs , tes soucis , tes alarmes ? Qui sait ton dernier mot , ton pouvoir souverain , O toi qui nous conduis ? ô toi , doux suzerain ? Sous le dôme d ' un bois , vert comme une émeraude , A l ' heure où le jour tombe , où , dans une ombre chaude Le silence partout doux et profond s ' étend , Où le souffle endormi seul soupire et s ' entend , Où le repos triomphe , où l ' âme est oublieuse , Je voyais , devant moi , marchant calme et rêveuse , Celle qui de mon coeur possède le secret .Une fleur fraîche eclose à sa main se montrait , Dans sa sérénité , pensive et recueillie , Elle allait lentement ; mon âme enorgueillie Fut comme enveloppée en un parfum d ' amour .Déjà la nuit luttait avec le demi - jour .",
                  "id": "3",
                  "title": "Mes rêves / Maxime Lorin ; avec une préface de Henry Carnoy"
            },
            {
                  "doc_url": "https://gallica.bnf.fr/ark:/12148/bpt6k5438587x",
                  "emotions": [
                        "love"
                  ],
                  "excerpt": "— Vers le soir , au sortir d ' un sentier de montagne , Un bel adolescent et sa jeune compagne Passent furtivement ; la brise sommeillait .Ils s ' en vont embrassés dans un pré rempli d ' herbes , De fleurs et de parfums , de buissons et de gerbes , Au pied d ' un tertre vert où je les vois s ' asseoir .Puis se lever , courir au bord d ' un champ d ' épeautre S ' enlacer , se lier , se bousculer et choir .",
                  "id": "4",
                  "title": "Mes rêves / Maxime Lorin ; avec une préface de Henry Carnoy"
            },
            {
                  "doc_url": "https://gallica.bnf.fr/ark:/12148/bpt6k5445486h",
                  "emotions": [
                        "love"
                  ],
                  "excerpt": "Ma chère vicomtesse , au revoir .Mn ' e d ' Esclars lui tendit une main qu ' il baisa , et quand ses lèvres se fixèrent sur cette main , humant le parfum de la peau , le bras de la baronne d ' Esclars tressaillit et elle fut sur le point de défaillir .Si elle s ' était trouvée seule dans le salon avec M .",
                  "id": "5",
                  "title": "Satane : roman / Sophie Harley"
            },
            {
                  "doc_url": "https://gallica.bnf.fr/ark:/12148/bpt6k5445486h",
                  "emotions": [
                        "joy",
                        "love",
                        "relief",
                        "gratitude",
                        "calmness"
                  ],
                  "excerpt": ".Oui , ce serait ainsi , puisqu ' il ne pourrait pas vivre sans elle 1 Il était plu - j calme en rentrant chez lui , dans cette chambre imprégnée encore de son parfum .Sur la cheminée , dans un verre d ' eau , elle avait laissé des fleurettes .",
                  "id": "6",
                  "title": "Satane : roman / Sophie Harley"
            },
            {
                  "doc_url": "https://gallica.bnf.fr/ark:/12148/bpt6k5445486h",
                  "emotions": [
                        "love",
                        "nostalgia"
                  ],
                  "excerpt": "Georges sentait la tentation le gagner .Son corsage exhalait un peu de cette odeur 212 SATANE de Chypre qu ' elle aimait , et l ' haleine pure de * la jeune fille lui caressait le visage .Il luttait .",
                  "id": "7",
                  "title": "Satane : roman / Sophie Harley"
            },
            {
                  "doc_url": "https://gallica.bnf.fr/ark:/12148/bpt6k1410380g",
                  "emotions": [
                        "love",
                        "amusement"
                  ],
                  "excerpt": ".puis il passa ses grands doigts crochus dans les cheveux blonds du jeune homme , puis sur la gorge de la jeune Aile ; et ceux - ci achevèrent avec les plus charmants sourires de lui parfumer les ongles et les orteils .Puis la joyeuse troupe se dispersa ; puis ils revinrent , apportant des couronnes et des guirlandes d ’ ache , de lys et de myrlhes entremêlés .",
                  "id": "8",
                  "title": "Journal des gourmands : moniteur de la table : à l'usage des gens du monde, des praticiens, et des véritables gastronomes... / rédacteur en chef M. I. S. de Gosse"
            },
            {
                  "doc_url": "https://gallica.bnf.fr/ark:/12148/bd6t5369993j",
                  "emotions": [
                        "joy",
                        "love",
                        "nostalgia",
                        "pride",
                        "gratitude"
                  ],
                  "excerpt": "En l ’ absence du bruit , des hommes et du jour , Leurs livres mieux goûtés m ’ inspirent plus d ’ amour : Ils parlent à mon âme avec plus de puissance .Heureux qui , dès le temps de son adolescence , A connu cette ivresse , en a rempli son cœur ! Le vase qui d ’ abord d ’ une pure liqueur A rempli son argile encor vierge et nouvelle , A son premier parfum reste longtemps fidèle ; Et l ’ homme dont l ’ étude eut d ’ abord les amours , De son premier penchant se ressouvient toujours .1 .",
                  "id": "9",
                  "title": "Les secondes leçons par coeur pour les enfants de neuf à douze ans avec notes explicatives et éclaircissements (6e édition) / par Aug. Braud,..."
            },
            {
                  "doc_url": "https://gallica.bnf.fr/ark:/12148/bpt6k57136889",
                  "emotions": [
                        "joy",
                        "love",
                        "desire",
                        "nostalgia",
                        "excitement",
                        "relief",
                        "gratitude"
                  ],
                  "excerpt": "13 Mais déjà du figuier poussent les premiers fruits ; Les vignes sont fleuries , Et leurs senteurs chéries De parfums délicats embaument nos réduits .Viens , ô ma bien - atmée , Ma beaulé parfumée ; Viens , hi \\ lc - toi , Viens près de mol ! 14 O ma colombe , ô toi que lo creux de la pierre , Que les enfoncements de la sombre carrière Cachent dans leurs profonds abris , Fais entendre ta voix , montre - mol ton visage , Car la douce voix me soulage Et j ' adore tes traits chéris .15 Détruisez les renards qui dévorent nos vignes , Car notre vigne est toute en fleur .",
                  "id": "10",
                  "title": "Fleurs des bois : poésies / par J. Petasse"
            },
            {
                  "doc_url": "https://gallica.bnf.fr/ark:/12148/bpt6k57136889",
                  "emotions": [
                        "love",
                        "doubt"
                  ],
                  "excerpt": ".De la matlèro aveugle amant passionné , Ks sens préconisés fais - tu l ' apothéose ? Préfères - tu l ' éclat au parfum de la rose , Et la corde vibrante au son qu ' elle a donné ? Cette fille de rois , que des rois ont aimée , Reine voluptueuse et régnant par l ' amour , D ' un insolent vainqueur n ' ornera pas la cour ! , ..",
                  "id": "11",
                  "title": "Fleurs des bois : poésies / par J. Petasse"
            },
            {
                  "doc_url": "https://gallica.bnf.fr/ark:/12148/bpt6k57136889",
                  "emotions": [
                        "admiration",
                        "joy",
                        "love",
                        "nostalgia",
                        "relief",
                        "gratitude",
                        "calmness"
                  ],
                  "excerpt": "La douce exhalaison des plantes embaumées .L ' azur immaculé do ce ciel espagnol , Lo feuillage naissant , les brises parfumées , L ' harmonieux refrain du tendre rossignol , Jettent mon coeur ému dans l ' extase et l ' ivresse .Naïf enchantement , frais réveil de l ' amour , Fantômes adorés qui berciez ma jeunesse , 0 YOUS que je croyais envolés sans retour I .",
                  "id": "12",
                  "title": "Fleurs des bois : poésies / par J. Petasse"
            },
            {
                  "doc_url": "https://gallica.bnf.fr/ark:/12148/bpt6k57136889",
                  "emotions": [
                        "grief",
                        "love",
                        "nostalgia"
                  ],
                  "excerpt": "L ' ÉPOUSE .1 Dans le jardin où ei ' oil la plante au doux arôme , Est descendu mon bien - aimé , Pour se nourrir des fleurs d ' où découle le baume , Pour cueillir le lys parfumé .2 J ' appartiens tout entière a l ' ami démon Ame ; Lui seul est l ' objet qui m ' enflamme , Lui seul qui se nourrit dû doux parfum des lys , Comme les purs esprits .",
                  "id": "13",
                  "title": "Fleurs des bois : poésies / par J. Petasse"
            },
            {
                  "doc_url": "https://gallica.bnf.fr/ark:/12148/bpt6k57136889",
                  "emotions": [
                        "admiration",
                        "love",
                        "pride"
                  ],
                  "excerpt": "LUI .La femme est une fleur dont le parfum n ' embaume Que l ' être préféré ; Sans métaphore aussi donnernls - jc un royaume Pour ton coeur adoré ! ELLE .Vivre seule avec toi sous un abri do chaume , Et du monde ignoré , Plalratt plus à mon coeur qu ' un immense royaume Do splendeurs entouré .",
                  "id": "14",
                  "title": "Fleurs des bois : poésies / par J. Petasse"
            },
            {
                  "doc_url": "https://gallica.bnf.fr/ark:/12148/bpt6k57136889",
                  "emotions": [
                        "love",
                        "gratitude",
                        "caring",
                        "nervousness"
                  ],
                  "excerpt": "0 noble créature , ange égaré sur terre , Loin de moi le penser d ' alarmer ta pudeur , Et ne vois dans ces chants , hommage involontaire , Quo l ' innocent écho d ' une innocente ardeur .Pour bien mieux rassurer ta candeur alarmée , 0 chaste seasitive , Eloa , tendre fleur , Tu peux fermer toujours ta corolle embaumée ; Je t ' aimerai toujours comme on aime une soeur .Ne crains pas que jamais quelque subit orage Vienne troubler ton coeur si tldèle .",
                  "id": "15",
                  "title": "Fleurs des bois : poésies / par J. Petasse"
            },
            {
                  "doc_url": "https://gallica.bnf.fr/ark:/12148/bpt6k57136889",
                  "emotions": [
                        "love"
                  ],
                  "excerpt": "L ' ÉPOUSE .14 Fuis , ô mon bien - aimé , D ' une course pareille A celle du chevreuil ou du cerf qui s ' éveille , Fuis en te retirant sur le mont parfumé .263 TABLE .",
                  "id": "16",
                  "title": "Fleurs des bois : poésies / par J. Petasse"
            },
            {
                  "doc_url": "https://gallica.bnf.fr/ark:/12148/bpt6k57136889",
                  "emotions": [
                        "love"
                  ],
                  "excerpt": "Le Seigneur lui disait : « Viens partager mon trône ; » ^ iens partager ma gloire et régner dans les cieux » Où les saints prosternés poseront la couronne , « Et l ' immortel fleuron sur ton front radieux .— 166 — » Ton coeur est parfumé , Vierge pleine do grî .ce , » Moins suave est l ' encens qui s ' élève en vapeur .",
                  "id": "17",
                  "title": "Fleurs des bois : poésies / par J. Petasse"
            },
            {
                  "doc_url": "https://gallica.bnf.fr/ark:/12148/bpt6k57136889",
                  "emotions": [
                        "anger",
                        "love",
                        "desire",
                        "courage"
                  ],
                  "excerpt": "Du jeune homme naïf , de la vierge candide Qui vont l ' interroger , oracle des amours ; Do paix cl d ' espérance emplis l ' Ame timide , Il est doux do rêver qu ' on s ' aimera toujours .J ' allais pour te cueillir , me pencher dans la haie , Mats que me fait le mot en ton disque enfermé ? De cheveux blanchissants l ' amour , dit - on , s ' effraie , Et nul parfum ne sort d ' un calice fermé .Lime , il février IftO .",
                  "id": "18",
                  "title": "Fleurs des bois : poésies / par J. Petasse"
            },
            {
                  "doc_url": "https://gallica.bnf.fr/ark:/12148/bpt6k850873v",
                  "emotions": [
                        "joy",
                        "love",
                        "nostalgia",
                        "relief",
                        "calmness"
                  ],
                  "excerpt": "Dans la juvénile beauté de son dix - huitième printemps , la jeune fille laisse errer son regard rêveur sur l ’ apothéose du soleil couchant , heureuse de vivre , plus heureuse encore d ’ aimer .Elle ne songe point à ces millions d ’ êtres humains qui s ’ agitent à ses pieds ; elle regarde sans le voir le disque ardent du soleil qui descend derrière les nuées empourprées de l ’ Occident ; elle respire l ’ air parfumé des guirlandes de roses du jardin , et ressent dans tout son être cette quiétude de bonheur intime qui chante dans son cœur un ineffable cantique d ’ amour .Sa blonde chevelure nimbe son front d ’ une auréole vaporeuse et tombe en touffes opulentes sur sa taille fine et élancée ; ses yeux bleus , bordés de longs cils noirs , semblent un reflet de l ’ azur des cieux ; ses bras , son cou laissent deviner une chair d ’ une blancheur lactée ; ses joues , ses oreilles sont vivement colorées ; dans l ’ ensemble de sa personne , elle rappelle un peu ces petites marquises des peintres du dix - huitième siècle , qui naissaient à une vie inconnue dont elles ne devaient pas jouir bien longtemps .",
                  "id": "19",
                  "title": "Uranie / Camille Flammarion ; illustrations de Bieler, Gambard et Myrbach"
            },
            {
                  "doc_url": "https://gallica.bnf.fr/ark:/12148/bpt6k6208381n",
                  "emotions": [
                        "joy",
                        "love",
                        "pride",
                        "gratitude"
                  ],
                  "excerpt": "C ' est elle qui reçoit les blanches gouttelettes , Quand la roue en grinçant fait d ' innombrables tours Et qui les restitue aussitôt , rondelettes , Au ruisseau détourné de son paisible cours .Le marin vous dira : « C ' est mon heure embaumée Qui sonne au crépuscule avant le premier quart ! » Il évoque à cette heure une famille aimée Et , pour y songer mieux , se promène à l ' écart .La tige de lin frêle en fournit la matière , Et de pieuses mains la brodent finement ; Si , pour la terminer , il faut l ' année entière , Qu ' importe ! Ce travail est leur gloire , vraiment ! Elle et Lui ne font qu ' un : champenoise à sa source , Au sol qu ' Elle enrichit Elle donne son nom .",
                  "id": "20",
                  "title": "Le sphynx au foyer : proverbes, charades, énigmes, homonymes, mots carrés, mots en triangle, sonnets-portraits / par Mme Mélanie Bourotte"
            }
      ]
}