{
      "articles": [
            {
                  "doc_url": "https://gallica.bnf.fr/ark:/12148/bpt6k6248100m",
                  "emotions": [
                        "surprise",
                        "grief",
                        "love",
                        "nostalgia"
                  ],
                  "excerpt": "Quand l ' uniformité m ' écœure , Dans la rue ou dans la maison , Que de fois pour nuager l ' heure Je savoure ton cher poison ! O ma coupe de nicotine , Mon regard jubile en suivant Ta fumée errante et lutine Comme l ' onde et comme le vent ! Quel doux philtre dans ces bouffées Que j ' aspire par ton cou noir ! Seul avec toi , je vois des fées Dansant au sommet d ' un manoir .Humant ton odeur tabagique Plus subtile que des parfums , Au milieu d ' un rêve magique , J ' évoque mes amis défunts ; Et ma spectrale bien - aimée , Avec son regard alarmant , Sur tes spirales de fumée Flotte mystérieusement .Ton brouillard est l ' escarpolette Qui berce mes jours et mes nuits ; Tu chasses comme une amulette Mes cauchemars et mes ennuis .",
                  "id": "1",
                  "title": "Les névroses : les âmes, les luxures, les refuges, les spectres, les ténèbres / Maurice Rollinat"
            },
            {
                  "doc_url": "https://gallica.bnf.fr/ark:/12148/bpt6k8515872",
                  "emotions": [
                        "love"
                  ],
                  "excerpt": ") Oh ! quoique à peine épanouies , quelle admirable odeur ces charmantes fleurs répandent dans les airs ! ( Donnant la volée à une colombe qui vient à tomber sous sa main .1 , 6 ) Adoration à l ’ Amour ! Puissent , ôCâma ! ces fleurs nouvelles , par leurs parfums enivrans , devenir dans tes mains un sixième trait irrésistible \" 7 , aujourd ’ hui que ton arc redoutable s ’ apprête à frapper des milliers de jeunes cœurs ! ( Elle fait tomber une pluie de fleurs .) UN OFFICIER , CHARGÉ DE LA GARDE DES APPARTEMFNS INTERIEURS , ENTRE .",
                  "id": "2",
                  "title": "La Reconnaissance de Sacountala, drame sanscrit et pracrit de Calidasa, traduit sur un manuscrit unique de la Bibliothèque du Roi par A.-L. Chézy,..."
            },
            {
                  "doc_url": "https://gallica.bnf.fr/ark:/12148/bd6t53749620",
                  "emotions": [
                        "love",
                        "nostalgia",
                        "relief",
                        "gratitude",
                        "calmness"
                  ],
                  "excerpt": "s Eh ! qui pourrait compter les bienfaits d ’ une mère ! DUCIS .J ’ aime les soirs d ’ été ; la colombe plaintive Sur un myrte odorant soupire ses amours ; Le pinson des forêts , la linotte craintive De chants harmonieux charment la fin des jours .Et puis ces feux épars , ces voiles fantastiques Qui flottent dans lescieux sur les pas de la nuit , Et versent des clartés fraîches et poétiques Comme un songe flatteur qui dès le jour s ’ enfuit .",
                  "id": "3",
                  "title": "Rêves d'une jeune fille : poésies (2e édition, augmentée de plusieurs pièces inédites) / par Mlle Élise Moreau"
            },
            {
                  "doc_url": "https://gallica.bnf.fr/ark:/12148/bpt6k61349471",
                  "emotions": [
                        "love"
                  ],
                  "excerpt": "Pour mon coeur le passé déjà n ' existe plus : L ' avenir me promet le bonheur des élus ! - 143 L ' ÉTOILE DU POETE Quandbrille dans le ciel une étoile nouvelle , L ' astronome la trouve au milieu de ses soeurs ; Quand jaillit dans la flamme une riche étincelle , Le désoeuvré la suit au milieu des lueurs .Quand fleurit à l ' arbuste une rose plus belle , La fillette la cueille au milieu de ses fleurs ; Dès qu ' un ' parfum plus doux au vallon se révèle , L ' homme amoureux l ' aspire au milieu des senteurs .Vous venez d ' apparaître aujourd ' hui dans ma vie , Comme l ' étoile au ciel , l ' étincelle au foyer , Le doux parfum dans l ' air et la fleur au rosier .",
                  "id": "4",
                  "title": "Impressions et souvenirs, par Eugène Fritsch dit Lang,..."
            },
            {
                  "doc_url": "https://gallica.bnf.fr/ark:/12148/bpt6k6523412g",
                  "emotions": [
                        "love",
                        "calmness"
                  ],
                  "excerpt": "Quand une mère tendre et aimante comble de ses caresses maternelles et de ses soins empressés des enfants chéris , il ne faut point demander pourquoi ces enfants se pressent contre son cœur .Le nom de Marie est un parfum délicieux ; il suffit qu ' il soit prononcé quelque part avec amour , pour que toutes les âmes en ressentent la suavité .Marie est la plus tendre des mères ; partout où on l ' invoque , elle accourt , et vous pouvez être assurés qu ' elle aura une consolation pour toutes les larmes , un remède pour tous les maux , un secours contre toutes les attaques , un soulagement à toutes les misères , un sourire pour chacun de ses enfants .",
                  "id": "5",
                  "title": "Pèlerinage de Notre-Dame de Cléry. Notice historique..."
            },
            {
                  "doc_url": "https://gallica.bnf.fr/ark:/12148/bpt6k96124706",
                  "emotions": [
                        "admiration",
                        "love",
                        "excitement",
                        "gratitude"
                  ],
                  "excerpt": "Le moissonneur , jetant sous un mûrier sa veste , Tourne sa face à l ' ombre et se couche avec soin .Les champs où passe un air pesant , venu de loin , Exhalent des senteurs plus fortes et plus saines ; L ' amoureux sent rouler du sang vif dans ses veines , Car la sève qui monte et fait fleurir les prés Donne aussi des frissons aux beaux enamourés .Un souffle de désir allumant leurs prunelles , Les filles au teint brun apparaissent plus belles Aux robustes amants rêvant sous le soleil ; Et tout dans la nature , en ce jour sans pareil , Les plantes du terroir , les oiseaux de l ' espace , Tout respire la force avec l ' air pur qui passe , Embaumant la clarté de notre ciel brûlant .",
                  "id": "6",
                  "title": "Les Chansons du large... / Auguste Marin"
            },
            {
                  "doc_url": "https://gallica.bnf.fr/ark:/12148/bpt6k374481r",
                  "emotions": [
                        "admiration",
                        "love",
                        "gratitude",
                        "caring",
                        "faith"
                  ],
                  "excerpt": "Quand nous nous arrêtions , un baiser tout calin Sur notre front naïf — pur souffle du matin ! — Par nos lèvres posé d ' un geste réciproque , D ' un point d ' orgue marquait l ' instant de cette époque .Des parfums généreux tonifiaient nos corps ; Pendant que nos regards contemplaient des décors Où la main du seigneur s ' affirme dans les lignes , Où l ' amoureux perçoit de mystérieux signes .Sous la même grandeur , dans le même désir , Nous respirions ensemble où Dieu , pour nous bénir , Envoyait sa rosée ou sa chaude lumière , Recevant de nos coeurs une ardente prière .",
                  "id": "7",
                  "title": "L'Homme devant Dieu / Marcel Coussot"
            },
            {
                  "doc_url": "https://gallica.bnf.fr/ark:/12148/bpt6k1003936t",
                  "emotions": [
                        "love",
                        "desire",
                        "excitement",
                        "envy",
                        "frustration"
                  ],
                  "excerpt": "Petite May , petite May , la terre est un damné désert où rôdent des chacals et des hyènes .J ' ai voulu me dresser au milieu comme une colonne isolée et grandiose , qui domine tout , sans se mêler à rien , et vous êtes venue à la manière d ' une tige , mon enfant , épanouir au sommet votre jolie corolle fraîche qui rend la colonne plus belle et plus pure , mais moins marmoréenne , et vous versez sur elle tous les parfums délicieux et légers de votre charmant cœur .Et May regardait avec stupeur cet homme étrange .",
                  "id": "8",
                  "title": "Le reste est silence : roman / Edmond Jaloux"
            },
            {
                  "doc_url": "https://gallica.bnf.fr/ark:/12148/bpt6k283186",
                  "emotions": [
                        "admiration",
                        "love",
                        "optimism",
                        "desire",
                        "pride",
                        "gratitude",
                        "envy",
                        "approval"
                  ],
                  "excerpt": "les vases » d ' or et les vêtemens de pourpre je ne » demanderai que toi , je ne veux que toi .D A tes côtés , quand ta bouche me sourira avec tendresse , je serai plus riche que les ' ) plus puissans monarques ; car tu es belle ) ) comme le grenadier en fleur ta taille D semblable à un palmier tes vêtemens a exhalent l ' odeur exquise des cèdres et M ton amour est délicieux à mon cœur .» Fille tant aimée ! quand jouirai - je de ta présence et de tes regards ? Oh qu ' il x vienne qu ' il vienne le jour où , recevant ta main des mains de l ' Éternel , je - ) pourrai te nommer mon épouse à la face » de tout Israël , et t ' emmener dans l ' enfoncement des lieux escarpés , là où fleu ' ) rit le muguet de la vallée , et où on n ' en - ue le chant de la tomrtereiïe amou - tend que le chant de la tourterelle amoureuse » Ainsi durant toute la nuit se plaint le tendre Issachar .",
                  "id": "9",
                  "title": "Oeuvres complètes de Mme Cottin. Tome 12"
            },
            {
                  "doc_url": "https://gallica.bnf.fr/ark:/12148/bpt6k5445616j",
                  "emotions": [
                        "joy",
                        "love",
                        "optimism",
                        "excitement",
                        "pride",
                        "caring"
                  ],
                  "excerpt": "Vents plaintifs qui soufflez sur la jaune bruyère , Et chassez les beaux jours , Bercez celui qui va , sous cette noire terre , S ' endormir pour toujours ! — 82 — Autrefois il cherchait les brises parfumées , El l ' éclat du soleil , Les chansons des oiseaux et les voix bien - aimées Du monde à son réveil .Son âme débordant et d ' amour et d ' extase S ' ouvrait comme la fleur , Prodiguant ses parfums , emplissant chaque vase D ' une céleste odeur .Il aimait .",
                  "id": "10",
                  "title": "Poésies nouvelles / Eugène Cressot"
            },
            {
                  "doc_url": "https://gallica.bnf.fr/ark:/12148/bpt6k9612571z",
                  "emotions": [
                        "love",
                        "nostalgia"
                  ],
                  "excerpt": "La femme peut aimer plusieurs fois , quant à elle ; mais elle n ' a qu ' un amour à donner , c ' est le premier .Cet amour , c ' est le frais parfum de la rose nouvelle fleurie ; — mais , quand elle aime une seconde fois , son amour n ' a plus que la saveur que donnent les feuilles séchées des roses à une tisane salutaire , ou des conserves que l ' on fait avec les baies écarlates des églantiers ; — il y a quelque chose , qui n ' a pas de nom , qui est perdu , et qui ne se retrouve jamais .Sans parler à Maurice de sa rupture avec le comte , Hélène avait quitté la maison qu ' elle occupait pour en prendre une beaucoup plus petite et moins coûteuse .",
                  "id": "11",
                  "title": "Les mille et un romans. t. 12, Une heure trop tard / par Alphonse Karr"
            },
            {
                  "doc_url": "https://gallica.bnf.fr/ark:/12148/bpt6k5448005m",
                  "emotions": [
                        "admiration",
                        "joy",
                        "love",
                        "pride",
                        "calmness"
                  ],
                  "excerpt": "Maintenant c ' est une volupté brûlante où le sang bouillonne , la tôto s ' égare dans la griserie , l ' attirance suprême do plus forts désirs .Lèvres douces et parfumées , incarnat do grenado chez Jeanne , corail rose chez Edméc ; source d ' émotions fraîches ; iloraison sublime do la nuturo éternellement jeu no et amourouso .68 MONTFERRAT VIII Souvent , lo soir , Gontran , Bernard et moi , nous nous réunissons à Valbon où nous comptons do nombreux amis .",
                  "id": "12",
                  "title": "Montferrat / par Belz de Villas"
            },
            {
                  "doc_url": "https://gallica.bnf.fr/ark:/12148/bpt6k56249878",
                  "emotions": [
                        "admiration",
                        "joy",
                        "love",
                        "optimism",
                        "nostalgia",
                        "excitement",
                        "pride",
                        "gratitude"
                  ],
                  "excerpt": "A son aspect , je sens mon âme Brûler des feux de son amour , El mon coeur , semblable à la flamme , Voler à l ' éternel séjour .Je vois encor , dans mon parterre , Une fleur qui ravit son coeur ; C ' est le nard rampant sur la terre Et que trahit sa bonne odeur .135 Heureux qui , semblable à Marier Se plaît dans son humilité ! Plus dans son néant il s ' oublie , Plus Dieu l ' élève en dignité .",
                  "id": "13",
                  "title": "Cantiques nouveaux à l'usage de la Solitude de Nazareth"
            },
            {
                  "doc_url": "https://gallica.bnf.fr/ark:/12148/bpt6k6248100m",
                  "emotions": [
                        "boredom",
                        "love"
                  ],
                  "excerpt": "Oh oui ! dans l ' ombre épaisse ou dans le demi - jour , Se gorger de parfums comme d ' une pâture , C ' est bien subodorer l ' âme de la Nature , Humer le souvenir , et respirer l ' amour ! Ces doux asphyxieurs aussi lents qu ' impalpables Divinisent l ' extase au milieu des sophas , Et les folles Inès et les pâles Raphas En pimentent l ' odeur de leurs baisers coupables : Ils font pour me bercer d ' innombrables trajets Dans l ' air silencieux des solitudes mornes , Et là , se mariant à mes rêves sans bornes , Savent donner du charme aux plus hideux objets .Toute la femme aimée est dans le parfum tiède Qui sort comme un soupir des flacons ou des fleurs , Et l ' on endort l ' ennui , le vieux Roi des douleurs , Avec cet invisible et délicat remède .Sois béni , vert printemps , si cher aux cœurs blessés , Puisqu ' en ressuscitant la flore ensevelie , Tu parfumes de grâce et de mélancolie Les paysages morts que l ' hiver a laissés ! Tous les cœurs désolés , toutes les âmes veuves Leur conservent un flair pieux , et l ' on a beau Vivre ainsi qu ' un cadavre au fond de son tombeau , Les parfums sont toujours des illusions neuves .",
                  "id": "14",
                  "title": "Les névroses : les âmes, les luxures, les refuges, les spectres, les ténèbres / Maurice Rollinat"
            },
            {
                  "doc_url": "https://gallica.bnf.fr/ark:/12148/bpt6k6297107k",
                  "emotions": [
                        "love",
                        "desire",
                        "nostalgia",
                        "envy",
                        "caring"
                  ],
                  "excerpt": "Elle était adorable , et nulle ombre perfide Ne voilait sa beauté q - ue cherchaient tous les yeux ; Elle rasait le sol , ondoyante sylphide , Et de loin paraissait s ' envoler dans les cieux .Ceux qui se trouvaient là , souriants ou moroses , Auraient voulu moujir d ' amour pour cette enfant , Et s ' étourdir longtemps du doux parfum de roses Exhalé de son sein dans le bal étouffant .Elle était ce soir - là divinement coiffée Et sa blanche toilette , au tissu délicat , Amincissait encore une taille de fée Et de son pur visage illuminait l ' éclat .",
                  "id": "15",
                  "title": "Les solitudes, 1885-1892 / Georges de Tollemonde"
            },
            {
                  "doc_url": "https://gallica.bnf.fr/ark:/12148/bpt6k96124706",
                  "emotions": [
                        "admiration",
                        "love",
                        "desire",
                        "nostalgia",
                        "envy"
                  ],
                  "excerpt": "Lorsque la lutte m ' a lassé , J ' interroge ainsi mon passé , Car si ma jeunesse est bien close , Son seul souvenir me repose , Et j ' en veux parler avec Toi Qui fus mon amour et ma foi .II J ' ai cherché ton regard dans les yeux des plus belles ; J ' ai cherché ton accent , ta parole et ta voix j Sur les lèvres s ' ouvrant pour la première fois Aux baisers de l ' amour , troublantes et rebelles ; J ' ai cherché ta beauté tantôt dans la splendeur D ' un camélia blanc , orgueilleux et rigide , Tantôt dans une rose offrant son âme avide , Son âme qui s ' exhale en une longue odeur .Puis , j ' ai cherché tes yeux qui furent ma lumière Dans l ' acuité des flots aux reflets aveuglants ; Et parfois dans le ciel où des fantômes blancs Fuyaient devant l ' étoile arrivant la première .",
                  "id": "16",
                  "title": "Les Chansons du large... / Auguste Marin"
            },
            {
                  "doc_url": "https://gallica.bnf.fr/ark:/12148/bpt6k56249878",
                  "emotions": [
                        "joy",
                        "love",
                        "gratitude"
                  ],
                  "excerpt": "Ce doux parfum entraîne tous les - coeurs .Rien ne résiste à son odeur suave ; II réjouit , il comble de douceurs , Et de ton coeur il rend mon coeur esclave .Ton coeur aimant se décèle à mon coeur Par les parfums qu ' il exhale sans cesse , Tel qu ' un beau lis , trahi par son odeur , Se fait chercher et remplit d ' allégresse .",
                  "id": "17",
                  "title": "Cantiques nouveaux à l'usage de la Solitude de Nazareth"
            },
            {
                  "doc_url": "https://gallica.bnf.fr/ark:/12148/bpt6k6114462f",
                  "emotions": [
                        "joy",
                        "love",
                        "optimism",
                        "nostalgia",
                        "excitement",
                        "gratitude"
                  ],
                  "excerpt": "Et la lumière Qui nous éclaire Du haut des deux ; Jouant dans ' l ' onde , Pure et profondé , Rit ' à nos yeux .Toi , fais comme elle , Luis , étincelle , Bénis le jour : Lorsque ma lyre Sous ton sourire Vibre d ' amour ! — Oh ! poésie , Fleur dé l ' Asie , Parfum divin ; Soupir de l ' âme En traits de flamme Sors de mon sein .— 89 » ' — Sur toute chose , Brin djherbe ou ' rosè , Arrêté un ' peu , ; \\ Ta strophe - ardente ' , Vive et brûlante Comme le feu ! Car la volage - , Au gaf langage , Aux cheveux bruns , Verse en mon âme Amour et flamme Et doux parfums f .",
                  "id": "18",
                  "title": "Brises pyrénéennes, poésies diverses par J.-B. Fiterre,..."
            },
            {
                  "doc_url": "https://gallica.bnf.fr/ark:/12148/bpt6k6297107k",
                  "emotions": [
                        "love",
                        "pride",
                        "gratitude"
                  ],
                  "excerpt": "J ' oublie et j ' enterre Tous les maux défunts .Mon labeur austère Emprunte à la terre Ses plus doux parfums .Le jardin me livre Son refuge vert ; Le ciel est un livre Où mon œil s ' enivre D ' azur tendre et clair .",
                  "id": "19",
                  "title": "Les solitudes, 1885-1892 / Georges de Tollemonde"
            },
            {
                  "doc_url": "https://gallica.bnf.fr/ark:/12148/bpt6k1421715v",
                  "emotions": [
                        "love"
                  ],
                  "excerpt": "T * out vin qui n ’ a pas éprouvé le plus grand degré de la fermentation , ce maximum , dernier terme de son accroissement et son complément , son degré principal et essentiel , causé par la décomposition de la plus grande partie du corps muqueux sucré , n est pas assez fait , parce que c ’ est dans ce temps seulement que ce corps , de fermentescible qu ’ il était , reste fermenté , et qu ’ il acquiert les propriétés vineuses , par une décomposition plus complète et la combinaison plus intime des principes qui le constituent liqueur spiritueuse .C ’ est après cette espèce de tourmente , que l ’ esprit ardent paraît et se fait sentir fortement à la place de la saveur sucrée .Avant ce terme , ce n ’ était qu ’ un mélange d ’ eau ? d ’ esprit , de corps muqueux sucré , et d ’ une matière colorante ; et la soustraction de cette eau en eut fait un vin de liqueur .",
                  "id": "20",
                  "title": "Mémoire sur la question proposée par la Société des sciences de Montpellier : \"Déterminer, par un moyen fixe, simple et à la portée de tout cultivateur, le moment auquel le vin en fermentation dans la cuve aura acquis toute la force et toute la qualité dont il est susceptible\". Par M. Le Gentil,..."
            }
      ]
}