{
      "articles": [
            {
                  "doc_url": "https://gallica.bnf.fr/ark:/12148/bpt6k6549038r",
                  "emotions": [
                        "love"
                  ],
                  "excerpt": "2 ° Les spasmes - pulmonaires obéissent en général à des remèdes antispasmodiques dont l ' action est plus fixe .Les gommes fétides , et à leur tête l ' asa fœtida et la gomme ammoniaque , rencontrent dans ces affections leur indication la plus importante et la plus expresse : la première de ces substances jouit aussi plus sûrement que ses analogues de la propriété de faire cesser les flatuosités , et en général toutes les exhalaisons gazeuses inodores chez l ' homme .La valériane réussit mieux contre les mêmes accidents chez la femme .",
                  "id": "1",
                  "title": "Traité de thérapeutique et de matière médicale. Tome 2 / par A. Trousseau,... et H. Pidoux"
            },
            {
                  "doc_url": "https://gallica.bnf.fr/ark:/12148/bpt6k6461564s",
                  "emotions": [
                        "love",
                        "optimism",
                        "nostalgia",
                        "faith"
                  ],
                  "excerpt": "Mes chers amis , quand je mourrai , Noyez - moi dans les tubéreuses , Peut - être que je revivrai .Dans ces effluves bienheureuses Et sur les âmes amoureuses Peut - être que je reviendrai .WACHT A M RHEIN Au delà du Rhin , en deçà du Rhin , En France ou bien en Allemagne , Les chevaux chargés en campagne , Dans l ' écho lourd de bruits d ' airain , Galopaient leurs doubles légendes .",
                  "id": "2",
                  "title": "Nouvelles rimes de cape et d'épée : sonnets poudrés et choses de guerre / par Ogier d'Ivry"
            },
            {
                  "doc_url": "https://gallica.bnf.fr/ark:/12148/bpt6k5846925t",
                  "emotions": [
                        "admiration",
                        "love"
                  ],
                  "excerpt": "Tima , épaisse , aux chairs d ' ivoire jauni , aux seins volumineux et tombants , aux hanches larges et rondes sous un pantalon de brocart , avait le pied et la main d ' un homme , la taille élevée ; on eût dit que du sang de Turc ou de Koulougli bleuissait ses artères .Je ne sais quelles effluves voluptueuses , quelle grâce sensuelle , quelle irrésistible attraction , s ' échappait de ses gestes , rayonnait de ses poses , découlaient de ses regards ; corps splendide , charpente athlétique , on la reconnaissait bien pour une soeur de ces Arabes de la tente si sveltes , si pondérés , si harmonieux , si forts , si nerveux et si doux .Yamina , était une enfant fée , création des houris et des A L ' OMBRE 33 djinns ; des pieds et des mains à peine indiqués , des yeux lumineux et immenses , sur lesquels battaient des cils recourbés comme les ailes d ' un oiseau de nuit , des seins durs , fondus et étroits à la base , s ' arrondissant au bout comme le col évasé d ' une amphore , ces seins arabes que lu as vu dans les fresques d ' Horace Vernet ; un rêve de pureté , de poésie , le génie des nuits africaines taillé dans du marbre rose et noir .",
                  "id": "3",
                  "title": "Etudes d'après Fromentin. A l'ombre. Ben Taïeb le Mzabi. Le Ravin des lauriers. Dans nos Alpes. Le Génie serbe. (Octobre 1881.) / Auguste Geoffroy"
            },
            {
                  "doc_url": "https://gallica.bnf.fr/ark:/12148/bpt6k5626226s",
                  "emotions": [
                        "grief",
                        "love",
                        "nostalgia",
                        "gratitude"
                  ],
                  "excerpt": ".Qui me rendra ma fleur jolie Et son parfum de souvenir ? Douce fleur , qu ' une bouche aimée Consacra de baisers si chers , Que de fois mon âme enflammée Oublia par toi l ' univers ! Je sentais les maux de la v .e A ton aspect s ' évanouir ! Qui me rendra ma fleur jolie Et son parfum de souvenir ? Puisse une âme tendre et pieuse Disputer ta dépouille au sort , Et de la voix mystérieuse Comprendre le divin accord .",
                  "id": "4",
                  "title": "Quelques fleurs pour une couronne : poésies anciennes et nouvelles / par Hippolyte Tampucci,..."
            },
            {
                  "doc_url": "https://gallica.bnf.fr/ark:/12148/bpt6k963870",
                  "emotions": [
                        "disgust",
                        "anger",
                        "love",
                        "desire",
                        "excitement"
                  ],
                  "excerpt": "Je regardai et je ne vis pas une \" voile .Le soleil redoublait d ' ardeur ; après avoir bu le sang , ses rayons dévoraient la plaie ; déjà une odeur insupportable s ' exhalait du sein de Maria .Je m ' éloignai .",
                  "id": "5",
                  "title": "Les voluptés fatales (2e éd.) / Arthur Curnillon"
            },
            {
                  "doc_url": "https://gallica.bnf.fr/ark:/12148/bpt6k61028729",
                  "emotions": [
                        "love",
                        "desire",
                        "nostalgia"
                  ],
                  "excerpt": "Je m ' égarais dans le vallon , Mêlant mon chant et ma prière Au long soupir de l ' aquilon ; Et je songeais à mon enfance , Et puis , la douce souvenance D ' amour , de joie et de bonheur Dans mon âme triste et brisée Descendait , compae une rosée , , Dans le calice d ' une fleur .Wî Parfois , je gravissais aux pentes des collines , Et , laissant mes regards errer sur l ' horizon , Rêveur , je m ' asseyais parmi les églantines , Les muguets odorants , cachés sous le gazon .Et je te bénissais , douce et belle patrie , Et j ' essayais un chant sur mon luth inspiré , Un chant d ' amour pour toi , terre noble et chérie î Berceau de mon enfance au souvenir sacré L Et j ' allais demander aux fastes de l ' histoire Quelque grand souvenir de ton antique gloire , Et je rebâtissais tes vieux murs , tes castels ; Je réveillais le lai des joyeux ménestrels , L ' ombre des saints prélats , la voix des monastères ; 43 Je soulevais leiplaD ^ ; quixecouvjçeles .",
                  "id": "6",
                  "title": "Aux bords de la Meuse : poésies... / par Henri-Victor Drouaillet,..."
            },
            {
                  "doc_url": "https://gallica.bnf.fr/ark:/12148/bpt6k96097934",
                  "emotions": [
                        "love"
                  ],
                  "excerpt": "Enfin , dans un cas de polype nasal très - développé , j ' ai vu le jetage être absolument muqueux , blanchâtre , non grumeleux .Dans l ' osène encore , il est blanc , séreux , spumeux , par les ébrouements que cette affection provoque , il salit tout le pourtour des ailes du nez ; du reste , l ' odeur est caractéristique .Assurément aujourd ' hui , en présence des faits nouveaux qui se produisent , il y a une révision complète de la question de la morve à faire ; il existe une confusion sur beaucoup de points qu ' il faudrait voir disparaître ; sur d ' autres , l ' obscurité est telle que toute recherche devient difficile ; enfin , il en est sur lesquels , malgré tous les travaux entrepris , la lumière se fait , mais avec une extrême lenteur .",
                  "id": "7",
                  "title": "Discussion sur un nouveau traitement curatif de la morve chronique / communiqué par M. L. Prangé ; Société impériale et centrale de médecine vétérinaire"
            },
            {
                  "doc_url": "https://gallica.bnf.fr/ark:/12148/bpt6k6527663q",
                  "emotions": [
                        "love"
                  ],
                  "excerpt": ", sont autant de signes facilement saisissables et qui servent à établir le diagnostic .L ' odeur même est si caractéristique dans certaines affections , notamment dans le crapaud , qu ' elle ne laisse aucun doute sur la nature de la maladie qui en est la cause .En principe , lorsqu ' un cheval est boiteux , les re - cherches doivent commencer par l ' exploration du pied , lors même que d ' autres lésions apparentes sur le reste du membre paraissent suffisantes pour expliquer la claudication .",
                  "id": "8",
                  "title": "Guide des acheteurs. Marchands de cheval et marchands de chevaux, par A. Pierre,... 70 dessins par E. Barthélemy,..."
            },
            {
                  "doc_url": "https://gallica.bnf.fr/ark:/12148/bpt6k940383m",
                  "emotions": [
                        "admiration",
                        "love",
                        "calmness",
                        "faith"
                  ],
                  "excerpt": "Mais elle avait aperçu ses yeux , ses yeux brillants et candides dont les regards l ’ enveloppèrent d ’ une caresse ineffable .Il lui sembla qu ’ un parfum de fleur , frais et pénétrant , embaumait l ’ atmosphère ; et comme une divine musique , le mot t amant » chanta encore à ses oreilles .Ce fut une minute .",
                  "id": "9",
                  "title": "Le lit de cette personne / Claude Couturier"
            },
            {
                  "doc_url": "https://gallica.bnf.fr/ark:/12148/bpt6k8840859",
                  "emotions": [
                        "love"
                  ],
                  "excerpt": "Ou de ce qui m ’ éclaire ou de ce qui m ’ embaume : De ta suave bouche ou de ton doux regard .O ma femme , il est vrai , le temps vient tôt ou tard Que les baisers humains laissent leur riche arôme ; Le corps perd sa substance , il s ’ allège en fantôme .Et la bouche en limon s ’ émiette sous le fard .",
                  "id": "10",
                  "title": "Le Rouge et le noir / [directeur : Henri Lamblin] ; [secrétaire général : Pierre Leprohon]"
            },
            {
                  "doc_url": "https://gallica.bnf.fr/ark:/12148/bpt6k5580295k",
                  "emotions": [
                        "joy",
                        "sadness",
                        "love"
                  ],
                  "excerpt": "Dar leur intuition profonde des secrets du coeur , ils ont fait de là femme le foyer où convergent les désirs les plus forts de l ' homme * En vain , séduits par les charmes du pouvoir , les attraits de l ' ambition ou les appâts de la richesse , voulons - nous oublier la voix de l ' amour .Celle - ci chante dans l ' âme non satisfaite pour lui dire avec le poète que ce qui remplit le coeur , Ce n ' est pas ^ un peu d ' or , ni môme un peu de gloire , mais c ' est l ' hymen de deux pensées , Les soupirs étouffés , les mains longtemps pressées , Le baiser , parfum pur , enivrante liqueur , Et tout ce qu ' un regard dans un regard peut lire , Et toutes les chansons de cette douce lyre Qu ' on appelle le coeur .C ' est quand il se croit le plus sûr do son triomphe , que l ' homme tombe terrassé sous le charme .",
                  "id": "11",
                  "title": "La vie et l'éducation du coeur / E. Picard"
            },
            {
                  "doc_url": "https://gallica.bnf.fr/ark:/12148/bpt6k5846604m",
                  "emotions": [
                        "admiration",
                        "joy",
                        "love",
                        "optimism",
                        "gratitude",
                        "faith"
                  ],
                  "excerpt": "Wbuatt .Heureux - le coeur aimé de ton coeur maternel , Vierge sainte ! il te doit sa divine opulence ; Le Ciel y voit germer dans sa fleur l ' innocence Et les nobles vertus au parfum immortel .viij DÉDICACE .",
                  "id": "12",
                  "title": "Contemplations poétiques et religieuses, par Octave Ducros,..."
            },
            {
                  "doc_url": "https://gallica.bnf.fr/ark:/12148/bpt6k6549038r",
                  "emotions": [
                        "love",
                        "gratitude",
                        "caring"
                  ],
                  "excerpt": "Puis il ajoute avec une candeur inconnue des systématiques : At pauci evadunt ! Celse ne blâmet - il déjà pas la manie aveugle de tirer du sang quand même ? Sanguinem sectâ venâ mitti , novum non est , dit - il , sed nullum penè esse morbum in quo non mittatur , novum est .Baillou , dont la sévérité hippocratique serait à l ' abri de tout reproche , s ' il n ' avait eu pour les émissions sanguines un faible qui n ' a pas été surpassé de nos jours , Baillou , parce que l ' expérience l ' en avait averti , reculait avec ses saignées devant ce qu ' il nomme le quid divinum des fièvres pestilentielles : dans ces affections , nous avoue - t - il , sæpissimè detrahitur laudabilis sanguis magno ægrorum et virum detrimento .An venæ sectio tunc utilis ? nequaquàm ; aut parcè detrahatur , imò alexipharmaca et cardiaca dentur .",
                  "id": "13",
                  "title": "Traité de thérapeutique et de matière médicale. Tome 2 / par A. Trousseau,... et H. Pidoux"
            },
            {
                  "doc_url": "https://gallica.bnf.fr/ark:/12148/bpt6k5626226s",
                  "emotions": [
                        "admiration",
                        "love",
                        "gratitude",
                        "approval"
                  ],
                  "excerpt": "Sentiers ombreux ne me parlez pas d ' elle , Trop de regret se mêle à ce plaisir .158 O Heurs dés champs que vous êtes jolies ! Que j ' aime en vous vos formes , vos couleurs ; Vous ranimez mes ardeurs assoupies Par votre grâce et vos douces odeurs .Je sais un sein , amoureux et fidèle , Dont le parfum enivre et fait languir .",
                  "id": "14",
                  "title": "Quelques fleurs pour une couronne : poésies anciennes et nouvelles / par Hippolyte Tampucci,..."
            },
            {
                  "doc_url": "https://gallica.bnf.fr/ark:/12148/bpt6k96035495",
                  "emotions": [
                        "love"
                  ],
                  "excerpt": "— Diosma imbriqué , diosmaimbricata , , .à fleurs purpurines et odorantes .— Diosma cilié , diosma ciliata , s ' élevant à 2 pieds , dont les fleurs sont pourpre ' pâle et en tête .",
                  "id": "15",
                  "title": "Traité des végétaux qui composent l'agriculture : contenant les caractères les plus saillants, les différences, qualités et usages de tous les végétaux, notamment des espèces peu connues et dont la naturalisation présente des avantages, suivi de considérations sur les semis et les plantations, et de l'indication, pour chaque mois, des travaux et semis à faire dans les jardins, les prés, les champs et les bois (2e éd.) / par Ce Tollard aîné,..."
            },
            {
                  "doc_url": "https://gallica.bnf.fr/ark:/12148/bpt6k9612088h",
                  "emotions": [
                        "love"
                  ],
                  "excerpt": "Car , si la civilisation grecque se répand et se communique avec une facilité prodigieuse , elle se conserve et persiste avec une énergie qui ne l ' est pas moins .C ' est un parfum subtil et tenace .Voilà ce qui faisait dire à Pomponius Mêla 1 parlant de Marseille : « Voyez Marseille , d ' origine phocéenne , placée entre des nations sauvages maintenant pacifiées , mais desquelles elle diffère beaucoup ; il est merveilleux avec quelle facilité elle a conquis sa place parmi ces nations , et combien fidèlement elle a conservé jusqu ' à ce jour sa propre civilisation ( morern suum ) .",
                  "id": "16",
                  "title": "Histoire littéraire de la France avant Charlemagne. Edition 3 / par J.-J. Ampère,... ; (publ. par Ch. Daremberg ; avec une étude sur J.-J. Ampère par Albert de Broglie)"
            },
            {
                  "doc_url": "https://gallica.bnf.fr/ark:/12148/bpt6k206556k",
                  "emotions": [
                        "love"
                  ],
                  "excerpt": "C ' est la sorte dont les Américains font le plus grand usage .Son parfum est doux et ressemble un peu à la violette .Il en existe plusieurs variétés .",
                  "id": "17",
                  "title": "La terre. Le monde des plantes. 1 / par Paul Constantin,..."
            },
            {
                  "doc_url": "https://gallica.bnf.fr/ark:/12148/bpt6k5626226s",
                  "emotions": [
                        "admiration",
                        "love",
                        "gratitude",
                        "envy",
                        "greed"
                  ],
                  "excerpt": "Jeune et vive abeille ! Cherche loin d ' ici * < \" Cette fleur vermeille Qui fait ton souci .Cette fleur si rare N ' est pas près de toi : Le ciel est avare De parfums pour moi .Ma pauvre corolle N ' a plus de fraîcheur , Et je me désole En vain ! — La rigueur D ' un sort trop funeste Avant les frimas , A flétri le reste De mes frais appas .",
                  "id": "18",
                  "title": "Quelques fleurs pour une couronne : poésies anciennes et nouvelles / par Hippolyte Tampucci,..."
            },
            {
                  "doc_url": "https://gallica.bnf.fr/ark:/12148/bpt6k372933s",
                  "emotions": [
                        "grief",
                        "sadness",
                        "love",
                        "nostalgia",
                        "gratitude",
                        "doubt"
                  ],
                  "excerpt": "Je t ' adore MYRRHIS .Je ne suis pas pour toi le banal passe - temps , La rose que l ' on cueille un matin de printemps Dans le jardin rempli de senteurs idéales , Et dont le soir trop tôt effeuille les pétales ? Je ne suis pas pour loi la misérable fleur A qui chaque plaisir arrache un nouveau pleur Et que l ' on jette enfin , flétrie et mutilée , Sous la voûte des cieux railleuse et constellée ? L ' AMANT , sincère .Tu es pour moi , Myrrhis , l ' inoubliable amour , Voluptueux , ardent et tendre tour à tour , La passion fatale et divine et sublime , Dont le corps se meurtrit et dont l ' âme s ' abime .",
                  "id": "19",
                  "title": "Fleurs éparses, 1902-1907 / André Chevalier"
            },
            {
                  "doc_url": "https://gallica.bnf.fr/ark:/12148/bd6t53680232",
                  "emotions": [
                        "love",
                        "nostalgia",
                        "gratitude"
                  ],
                  "excerpt": ".O mandolines qui faites frémir les rues au clair de lune ! Fleurs de limon , de parfum troublant et frais écloses ! O mers qui , tout le long de la nuit pâle , battez contre la pierre votre musique solennelle et douce ! Amoureux dont le pied heureux bat le sol en passant devant moi ! Et toi , ô cœur qui as ton souvenir à toi - même ! O par pitié , ne répétez , ne répétez plus le mot qu ’ il est si dur d ’ entendre quand l ’ on est seul .1 .",
                  "id": "20",
                  "title": "Poésies / Mary Robinson ; traduites de l'anglais, par James Darmesteter"
            }
      ]
}