{
      "articles": [
            {
                  "doc_url": "https://gallica.bnf.fr/ark:/12148/bpt6k5458242v",
                  "emotions": [
                        "joy",
                        "love",
                        "gratitude"
                  ],
                  "excerpt": ".Amour ! musique bleue et songes odorants ..",
                  "id": "1",
                  "title": "Le chariot d'or / Albert Samain ; compositions et gravures de Charles Chessa"
            },
            {
                  "doc_url": "https://gallica.bnf.fr/ark:/12148/bpt6k883877x",
                  "emotions": [
                        "disgust",
                        "annoyance",
                        "disapproval",
                        "love"
                  ],
                  "excerpt": "Elle ligure tristement le cœur Ras et criminel de l ’ Ingrat .Réséda odorant dit Amourette d ’ Égypte : Fos qualités surpassent vos charmes .Cette plante est connue de tous ; son odeur suave embaume tous les jardins .",
                  "id": "2",
                  "title": "Le Véritable langage des fleurs, par Mme Anaïs de Neuville, précédé de légendes mythologiques, illustré... par Alp. Guilletat"
            },
            {
                  "doc_url": "https://gallica.bnf.fr/ark:/12148/bpt6k9799129m",
                  "emotions": [
                        "admiration",
                        "love",
                        "nostalgia",
                        "gratitude",
                        "approval"
                  ],
                  "excerpt": "Descendons au jardin , et choisissons les fleurs les plus belles et les plus fraîches : commençons par cueillir ce joli muguet : c ' est bien le retour du bonheur pour nous .Oh oui , ma soeur , tiens , coupe cette belle branche de géranium qui répand une si douce odeur ! maman m ' a dit souvent que cette plante exprimait les plus beaux sentiments .Cette giroflée qui marque la simplicité de nos coeurs ! cette jolie tiged ' héliotro - ( * ) Voyez les exemples présentés dans l ' avis de l ' éditeur , pages 9 et 10 .",
                  "id": "3",
                  "title": "Nouvelle sélamographie : langage allégorique, emblématique ou symbolique des fleurs et des fruits, des animaux, des couleurs, etc... / par de Rouale"
            },
            {
                  "doc_url": "https://gallica.bnf.fr/ark:/12148/bpt6k96719189",
                  "emotions": [
                        "love"
                  ],
                  "excerpt": "Quelquefois aussi il est nul comme chez les chiens nus .A l ' exception du Lévrier des Baléares dont l ' odorat est assez développé , ils chassent à vue avec une grande ardeur et une grande rapidité .En Angleterre où l ' on a beaucoup plus écrit sur le Chien que dans aucun autre pays , en raison de l ' importance que l ' on attache à .",
                  "id": "4",
                  "title": "Le chien, histoire, hygiène, médecine : vade-mecum de l'éleveur et de l'amateur de chiens (2e édition...) / par P. Mégnin"
            },
            {
                  "doc_url": "https://gallica.bnf.fr/ark:/12148/bpt6k57403796",
                  "emotions": [
                        "joy",
                        "love",
                        "nostalgia",
                        "excitement",
                        "gratitude",
                        "faith"
                  ],
                  "excerpt": "On dirait le rayon de pourpre lumineuse Que le soleil couchant de l ' automne ' vineuse Jette aux glaciers sereins sous leurs deux déjà froids .SOLEIL COUCHANT , lj % L ' amour , qui les unit voici cinquante années , Avec la chaste odeur qu ' ont les roses fanées , S ' exhale de leur coeur comme un souffle enchanté ; Et la foi , qui soutint leurs âmes éprouvées , Qui raffermit leurs mains vers le Seigneur levées , Les baigne d ' immortalité .Graves des maux soufferts & des peines passées , Confondant leurs regards , leurs soupirs , leurs pensées , Tels ils sont à présent , tels ils furent toujours .",
                  "id": "5",
                  "title": "Rayons perdus (2e édition augmentée et précédée d'une préface) / Louisa Siefert"
            },
            {
                  "doc_url": "https://gallica.bnf.fr/ark:/12148/bpt6k5762208z",
                  "emotions": [
                        "grief",
                        "love",
                        "desire",
                        "nostalgia",
                        "excitement"
                  ],
                  "excerpt": "L ' admiration me soulève .J ' aspire le souffle qui passe , Tout chargé des parfums aimés Qu ' il dérobe aux champs embaumés , Pour les colporter dans l ' espace .J ' écoute , quand l ' oiseau se pose , Ce qu ' il bégaye en sa chanson , Ce que dit l ' insecte au buisson , Ce qu ' au papillon dit la rose .",
                  "id": "6",
                  "title": "Les Voix profondes, par Emmanuel Vitte"
            },
            {
                  "doc_url": "https://gallica.bnf.fr/ark:/12148/bpt6k205037f",
                  "emotions": [
                        "admiration",
                        "joy",
                        "love",
                        "excitement",
                        "gratitude",
                        "faith"
                  ],
                  "excerpt": "En montant par la croix pour atteindre la gloire , Tu sèmes , en jalons d ' un chemin de victoire , Les larmes et les pleurs sur le sentier du ciel .D ' un suave transport , oui , mon âme est saisie Devant tes chants sacrés , parfums de poésie , Echos purs et vivants du luth d ' un séraphin ; Mélodieux soupirs , extatiques louanges , Que tu continueras aux oreilles des anges Dans les flots de l ' amour sans mesure et sans fin .Anathème au talent qu ' offusque la lumière , Et dont la muse impie éteint dans la poussière Son diadème d ' or et ses ailes de feu Mais toi , qui voit la vie au - delà de la tombe , Aigle majestueux ou plaintive colombe , Tu diriges ton vol vers le trône de Dieu .",
                  "id": "7",
                  "title": "Le Parnasse contemporain savoyard / publié par Charles Buet"
            },
            {
                  "doc_url": "https://gallica.bnf.fr/ark:/12148/bpt6k5482205j",
                  "emotions": [
                        "disgust",
                        "love",
                        "caring"
                  ],
                  "excerpt": "53 se putréfient , altèrent la constitution de l ' air par des exhalaisons qui ont beaucoup d ' analogie avec les émanations paludéennes .On n ' aura pas des fièvres intermittentes bien marquées , mais bien des affections que signalent des frissons , des horripilations vagues , et qui ne cèdent qu ' au kina ou à ses préparations .Alors commence l ' ouverture des pacages .",
                  "id": "8",
                  "title": "Traité du goître et du crétinisme, et des rapports qui existent entre ces deux affections, par le Dr J.-P.-A. Fabre,..."
            },
            {
                  "doc_url": "https://gallica.bnf.fr/ark:/12148/bpt6k58035685",
                  "emotions": [
                        "grief",
                        "sadness",
                        "love",
                        "nostalgia",
                        "doubt",
                        "disappointment"
                  ],
                  "excerpt": "Il est ce quo je suis .Peut - être en feuilletant ces pages où s ' oxhalo Commo un frélo parfum le secret do mon coeur , Sur vos yeux fatigués trouverez - vous un pleur ; Entre le livre et vous uno image idéale Peut - être passera daus uno robo pâle , Fermez lo livre alors , et suivez - la , lecteur .Et si pour raconter une bonne fortuno , Jo ne pouvais hélas écrire qu ' en tremblant ; Quo lire ces récits pour vous n ' en fut pas uno , Relisez donc Musset pour votre dévouement , Quand frissonne la nuit sous les baisers du vent , Et que la muse vient dans un rayon de lune .",
                  "id": "9",
                  "title": "Histoires tristes / Eugène Blairat"
            },
            {
                  "doc_url": "https://gallica.bnf.fr/ark:/12148/bpt6k5722269j",
                  "emotions": [
                        "love"
                  ],
                  "excerpt": "Elle attaque les dents saines ou cariées , particulièrement pendant les temps humides ; des gencives ne sont alors ni rouges ni gonflées .On la combat par les sudorifiques , les frictions chaudes et aromatiques , les vêtements de laine sur la peau , et tous les moyens propres à rappeler l ' affection primitive à son siège habituel .2 ° L ' odontalgie sanguine ou inflammatoire qui tient ordinairement à la suppression d ' une hémorra - ^ o 165 o ^ gie , les hémorroïdes ou leflux menstruel , par exemple , ou à l ' usage d ' aliments irritants .",
                  "id": "10",
                  "title": "Nouveau traité théorique et pratique sur l'art du dentiste, par J. Lefoulon,..."
            },
            {
                  "doc_url": "https://gallica.bnf.fr/ark:/12148/bpt6k97863048",
                  "emotions": [
                        "love",
                        "optimism",
                        "calmness"
                  ],
                  "excerpt": "Au bord de la fontaine , ses longs cheveux épars , et semblable à la nymphe des eaux , la belle Samaritaine , éplorée et consumée par le chagrin , semblait se complaire en cette solitude ; elle qui jadis eût recherché à cette heure la joie des festins et les danses lascives , elle ne reconnaissait plus son cœur , et attendait avec anxiété le jeune sage qui venait d ' habitude en ces lieux se recueillir dans le silence de la nuit .L ' air était rempli de douceur , et balançait mollement le feuillage des palmiers aux portes de Samarie ; l ' atmosphère était chargée de senteurs pénétrantes , et le crépuscule , rapide comme r beure de l ' amour , répandait sur toute la nature son voile pudique et délicat , pendant qu à 1 horizon , les lèvres de feu du ciel donnaient .le baiser du soir à la terre .",
                  "id": "11",
                  "title": "Le pèlerinage du monde / par Paul de Magny"
            },
            {
                  "doc_url": "https://gallica.bnf.fr/ark:/12148/bpt6k14220202",
                  "emotions": [
                        "love",
                        "nostalgia",
                        "gratitude"
                  ],
                  "excerpt": ".Quels suaves parfums la brise balsamique De ses ailes secoue en ce lieu romantique ! ..",
                  "id": "12",
                  "title": "Pastiche / par Adolphe Allonneau"
            },
            {
                  "doc_url": "https://gallica.bnf.fr/ark:/12148/bpt6k5804854g",
                  "emotions": [
                        "love"
                  ],
                  "excerpt": "L ' encombrement n ' est donc pas contestable , et les médecins militaires ' lui font une part très - large dans l ' étiologie de la plupart des maladies endémiques et épidémiques des armées : qu ' il s ' agisse du scorbut , du typhus , de la dyssenterie , de la fièvre typhoïde , de la stomatite ulcéreuse ou de Fophthalmie granuleuse , toujours l ' encombrement figure en tête des causes productrices ou des causes de propagation de la maladie .Mais si , au point de vue de la propagation , on peut sans peine se rendre compte de l ' influence de l ' agglomération des soldats , on s ' explique plus difficilement qu ' elle puisse , à elle seule , engendrer les miasmes apparemment très - dissemblables auxquels sont dues des affections si distinctes par leur expression symptoinatique .Cependant , lorsqu ' on étudie attentivement les faits , on reconnaît d ' abord que ces différentes maladies peuvent se diviser assez exactement en deux groupes , dont l ' un comprend les épi .",
                  "id": "13",
                  "title": "De la Stomatite ulcéreuse des soldats et de son identité avec la stomatite des enfants, dite couenneuse, diphthéritique, ulcéro-membraneuse, par le Dr E.-J. Bergeron,..."
            },
            {
                  "doc_url": "https://gallica.bnf.fr/ark:/12148/bpt6k5444365p",
                  "emotions": [
                        "joy",
                        "love",
                        "relief",
                        "gratitude",
                        "calmness"
                  ],
                  "excerpt": "Oh ! les rameaux , les prés en fleurs ! Que tout est beau quand tout s ' éveille , Quand la rose , à travers ses pleurs , Sourit , plus fraîche et plus vermeille ! Lorsque tout renaît ici - bas , Et que , dans la forêt ancienne .Ton bras repose sur mon bras , Ton âme répond à la mienne ! 90 POESIES DIVERSES COUCHANT La soirée était belle et calme , reposée , Pleine de frais parfums , de doux rayonnements .Un bienveillant regard tombait des cieux cléments Sur la terre apaisée .",
                  "id": "14",
                  "title": "Rêves et impressions, par Charles Nô. Préface par Henri Fouquier. Eaux-fortes de R. de Los Rios"
            },
            {
                  "doc_url": "https://gallica.bnf.fr/ark:/12148/bpt6k97863048",
                  "emotions": [
                        "admiration",
                        "joy",
                        "love",
                        "calmness"
                  ],
                  "excerpt": "LXX .La femme est semblable à la rose ; il est doux de respirer le parfum léger de sa beauté , elle enivre le cœur et les regards .Mais elle est amère à qui veut la savourer tout entière , et la lèvre se déchire à son épine .",
                  "id": "15",
                  "title": "Le pèlerinage du monde / par Paul de Magny"
            },
            {
                  "doc_url": "https://gallica.bnf.fr/ark:/12148/bpt6k9687821k",
                  "emotions": [
                        "love",
                        "approval"
                  ],
                  "excerpt": "Le printemps remua la terre d ' où monta le parfum perpétuel et vert de la sève .Pasiphaë aima ces longues senteurs .Selon l ' orientation du vent et son goût , elle choisissait dans l ' atmosphère de délicats effluves d ' essences et de chambre nuptiale ou de ces vives odeurs qui naissent des quais chargés d ' épices et de poissons , des trirèmes peuplées de rudes esclaves nus , de marchands et de voyageurs .",
                  "id": "16",
                  "title": "\"Les Essais\" : revue mensuelle"
            },
            {
                  "doc_url": "https://gallica.bnf.fr/ark:/12148/bpt6k132583w",
                  "emotions": [
                        "joy",
                        "love",
                        "excitement"
                  ],
                  "excerpt": "Aussi personne ne peut - il la garder impunément près de soi .Mettez dans un bouquet ses lames luisantes et rayées comme une robe à filets blancs et verts , d ' inépuisables exhalations remueront au fond de votre coeur les roses en boulon que la pudeur y écrase .Autour du col évasé de la prorcelaine , supposez une forte marge uniquement composée des touffes blanches particulières au sédum des vignes en Touraine ; vague image des formes souhaitées , roulées comme celles d ' une es ¬ clave soumise .",
                  "id": "17",
                  "title": "Le lys dans la vallée (Nouvelle édition revue et corrigée) / par M. de Balzac"
            },
            {
                  "doc_url": "https://gallica.bnf.fr/ark:/12148/bpt6k54525332",
                  "emotions": [
                        "love",
                        "nostalgia",
                        "doubt"
                  ],
                  "excerpt": "O fleurs , qui « ne croîtrez jamais en d ' autres climats , qui aviez ma « première visite le matin et ma dernière le soir , que ma « tendre main a élevées depuis l ' ouverture du premier « bouton , vous à qui j ' ai donné des noms , qui vous pré « sentera maintenant au soleil ? Qui rangera vos familles ? « Qui vous arrosera de la fontaine d ' ambroisie ; loi enfin , « berceau nuptial , que j ' avais orné de tout ce qu ' il y avait 300 LE PARADIS PERDU .« de plus doux pour la vue et l ' odorat , comment m ' éloi « gner de toi ? Où porter mes pas , dans un monde infé « rieur , obscur et sauvage auprès de celui - ci ? Comment « pourrons - nous respirer dans un air moins pur , nous , « accoutumés à des fruits immortels ? » L ' ange l ' interrompit doucement : « Eve , ne te lamente point , mais renonce patiemment « à ce que tu as justement perdu : n ' attache pas ainsi « ton coeur avec tant de passion à ce qui ne t ' appartient « pas .Tu ne t ' en vas point seule , avec loi s ' en va ton mari : « il te faut le suivre ; songe qu ' en quelque endroit qu ' il « demeure , là est ton pays natal .",
                  "id": "18",
                  "title": "Le paradis perdu (Édition corrigée) / de Milton ; traduction nouvelle par Paul Guérin"
            },
            {
                  "doc_url": "https://gallica.bnf.fr/ark:/12148/bpt6k11874287",
                  "emotions": [
                        "joy",
                        "grief",
                        "love",
                        "nostalgia",
                        "gratitude"
                  ],
                  "excerpt": "Je la sens encore cette bouche qu ’ aucun baiser n ’ avait encore effleurée .Je respire encore cette haleine de vierge toute parfumée ! Ses lèvres aussi s ’ ouvrirent et je goûtai son baiser .Dans ce baiser je compris qu ’ elle me livrait son âme , qu ’ elle se donnait tout entière à moi ! Une femme me disait un jour : « La femme qui se laisse embrasser sur la bouche n ’ a plus rien à Les trois Baisers 201 refuser .",
                  "id": "19",
                  "title": "Amours parisiens / Charles Diguet"
            },
            {
                  "doc_url": "https://gallica.bnf.fr/ark:/12148/bpt6k883877x",
                  "emotions": [
                        "sadness",
                        "love",
                        "nostalgia"
                  ],
                  "excerpt": "Violette violet - clair : Laisscz - moi mon obscurité .L ’ obscuro violette , amante des gazons , Aux pleurs de la rosée entremêlant ses dons , Semble vouloir cacher sous leurs voiles propices D ’ un prodigue parfum les discrètes delices ! C ’ est l ’ emblème d ’ un cœur qui répand en secret Sur le malheur timide un modeste bienfait , Violette panachée : Mélancolie .Ton calice rayé dans la perle qui brille , Comme un diamant pur sous un rayon do jour , Est beau de la beauté d ’ un œil de jeune fille Mouillé des premiers pleurs qu ’ elle donne à l ' amour .",
                  "id": "20",
                  "title": "Le Véritable langage des fleurs, par Mme Anaïs de Neuville, précédé de légendes mythologiques, illustré... par Alp. Guilletat"
            }
      ]
}