{
      "articles": [
            {
                  "doc_url": "https://gallica.bnf.fr/ark:/12148/bpt6k9770180t",
                  "emotions": [
                        "love",
                        "nostalgia"
                  ],
                  "excerpt": "J ' avais lu quelques passages choisis des petits poètes grecs et latins , qui m ' avaient paru froids comme un exercice de rhétorique .Ces amours , ensevelies sous la poussière des siècles , étaient mortes avec la langue même où le poète les avait chantées , et les mots latins m ' apparaissaient tels que des urnes cinéraires , vides d ' un parfum évanoui .Ici je retrouvais encore l ' éternel thème de volupté , le Da mihi basia mille , les cent , les mille baisers dont la page , écrite d ' hier , était toute chaude encore .",
                  "id": "1",
                  "title": "Hellé / Marcelle Tinayre ; Illustrations de Jordic"
            },
            {
                  "doc_url": "https://gallica.bnf.fr/ark:/12148/bpt6k64413315",
                  "emotions": [
                        "love"
                  ],
                  "excerpt": "Il n ' exista jamais de nœuds , Vous le dites encor , dont on ne se console .Qui le dit n ' a connu l ' amour : De la fleur possédée il reste quelque chose ; Le parfum si doux de la rose S ' exhalant dans le ciel ne se perd pas toujours .On a vu la rose effeuillée Ranimer le désir qui près d ' elle s ' endort ; Une tendre caresse , un amoureux effort Plus d ' une fois l ' ont réveillée .",
                  "id": "2",
                  "title": "Poésies fugitives : écrites au château de Saint-Léger / par le général comte Jules Paulin"
            },
            {
                  "doc_url": "https://gallica.bnf.fr/ark:/12148/bpt6k5535228b",
                  "emotions": [
                        "love"
                  ],
                  "excerpt": "Anialus Lusilanus parle d ' une chatte enragée qui communiqua la rage à ses maîtres .Baccius raconte dans son traité des mala - dies pestilentielles qu ' une chatte atteinte de cette affection , mordit un marchand thessalien et plusieurs domestiques .Tous succombèrent » et à ce propos il rappelle répithaphe qu ' il composa pour un pauvre Espagnol mort de la même façon » pour le dédommager sans doute de n ' avoir pu le guérir .",
                  "id": "3",
                  "title": "Essai sur l'histoire de la rage avant le XIXe siècle / par Michel de Tornéry,..."
            },
            {
                  "doc_url": "https://gallica.bnf.fr/ark:/12148/bpt6k97664094",
                  "emotions": [
                        "disgust",
                        "anger",
                        "annoyance",
                        "disapproval",
                        "love",
                        "calmness",
                        "caring",
                        "disappointment"
                  ],
                  "excerpt": [
                        "Odeur de l ' écorce , foible .Saveur , douce & résineuse , tirant sur l ' amer .Vertu , fortifiante , anti - septique .",
                        "Odeur , un peu aromatique .Saveur , amère , nauséeuse .Vertu , purgative , & causant souvent des tranchées ."
                  ],
                  "id": "4",
                  "title": "Pharmacologie chirurgicale, ou Science des médicamens externes et internes, requis pour guérir les maladies chirurgicales ; suivie d'un Traité de pharmacie relatif à la préparation et à la composition des médicamens. Par M. Plenck,..."
            },
            {
                  "doc_url": "https://gallica.bnf.fr/ark:/12148/bpt6k6516798p",
                  "emotions": [
                        "admiration",
                        "love",
                        "gratitude"
                  ],
                  "excerpt": "IJA SIIIWE a tressailli ; les Aigles de la FRANCE , Planant sur l ' Univers , proclament ta naissance , Fils de NAPOLEON : déjà sur tes Autels Je vois fumer l ' encens des Cieux et des Mortels .Déjà PHÉBUS prodigue à ta couche adorée La rose d ' Hélicon , de nectar enivrée ; Et le lis qui , du Pinde embaumant les gazons , Des larmes de l ' Aurore a nourri ses boutons .Tous les Arts à l ' envi vont tresser leurs guirlandes ; A ces brillantes fleurs joindrons - nous une offrande , Déesses des Bergers ? Mais nos hameaux , nos bois N ' offrent aucun tribut qui soit digne des Rois .",
                  "id": "5",
                  "title": "Hommages poétiques à Leurs Majestés impériales et royales sur la naissance de S. M. le roi de Rome. Tome 2 / , recueillis et publiés par J.-J. Lucet et Eckard..."
            },
            {
                  "doc_url": "https://gallica.bnf.fr/ark:/12148/bpt6k42459995",
                  "emotions": [
                        "love"
                  ],
                  "excerpt": "Narcissus junquilla : jonquille .Plante vivace , à hampe élevée , feuilles jonciformes , fleurs jaunes , d ’ une odeur agréable , symbole du désir amoureux .La variété à fleurs doubles est originaire d ’ Espagne .",
                  "id": "6",
                  "title": "Histoire des plantes, ou la Botanique mise à la portée de tout le monde, par le capitaine Pierre..."
            },
            {
                  "doc_url": "https://gallica.bnf.fr/ark:/12148/bpt6k4245997b",
                  "emotions": [
                        "love"
                  ],
                  "excerpt": "Il se délecte au son des instrumens , et paraît aimer la musique ; il apprend aisément à marquer la mesure , à se remuer en cadence , et à joindre à propos quelques accens — 256 — au bruit des tambours et au son des trompettes .Son odorat est exquis , et il aime avec passion les parfums de toute espèce , et surtout les fleurs odorantes ; il les choisit , il les cueille une à une , il en fait des bouquets , et après en avoir savouré l ’ odeur , il les porte à la bouche , et semble les goûter .La fleur d ’ orange est un de ses mets les plus délicieux , il dépouille , avec sa trompe , un oranger de toute sa verdure , et en mange les fruits , les fleurs , les feuilles et jusqu ’ au jeune bois .",
                  "id": "7",
                  "title": "Lectures choisies sur l'histoire naturelle et sur les phénomènes les plus remarquables de la nature, ou Recueil de fragmens tirés des naturalistes modernes et disposés dans un ordre méthodique / par un professeur de l'Université [C. Saucerotte]"
            },
            {
                  "doc_url": "https://gallica.bnf.fr/ark:/12148/bpt6k6117199c",
                  "emotions": [
                        "love"
                  ],
                  "excerpt": "Les sujets qui ont été plantés en i865 , près du Paillon et de la gare de Nice , et clans la vallée du Var , ont de 20 à 25 mètres de bailleur et 4o à 55 centimètres de diamètre .Les feuilles de celle essence — 406 — sont odorantes lorsqu ' on les froisse entre les doigts .Le littoral parait lui être très - favorable .",
                  "id": "8",
                  "title": "Les Primes d'honneur, les médailles de spécialités et les prix d'honneur des fermes-écoles décernés dans les concours régionaux en ..."
            },
            {
                  "doc_url": "https://gallica.bnf.fr/ark:/12148/bpt6k5544383v",
                  "emotions": [
                        "joy",
                        "love",
                        "nostalgia",
                        "gratitude",
                        "disappointment"
                  ],
                  "excerpt": "223 Elle semble ployer ; puis ces bras arrondis , Ces doigts blancs , effilés , et ces pieds si jolis .Puis ta voix , qu ' on dirait une harpe éolienne , Ou bien un chant d ' amour que l ' on entend le soir ; Ou bien un doux soupir que le zéphyr ramène , Puis qui remonte au ciel , son rêve et son espoir ! Et les lis de ta peau , si douce et parfumée , Que caissse le soir une brise embaumée , Après avoir passé sur les plus fraîches fleurs , En te prenant aussi pour une de leurs soeurs ; Puis tes pas , si légers , qui font que quand tu passes , Dotes pieds si petits à peine on voit les traces .15 220 ANGÉLA .",
                  "id": "9",
                  "title": "Esquisses poétiques / par Mme Émilie Evershed,..."
            },
            {
                  "doc_url": "https://gallica.bnf.fr/ark:/12148/bpt6k5544383v",
                  "emotions": [
                        "trust",
                        "love",
                        "optimism",
                        "desire",
                        "excitement",
                        "faith"
                  ],
                  "excerpt": ".faites - m ' en confidence , « Vous comblerez alors ma plus chère espérance ! « Qu ' il me semblera beau ! nous l ' offrirons au ciel , * Nous irons le poser au pied du môme autel « Où , d ' odorantes Heurs , comme au jour d ' hymenée , « Tomberont en couronne , et cette même année « Comblera tous mes voeux ! ..",
                  "id": "10",
                  "title": "Esquisses poétiques / par Mme Émilie Evershed,..."
            },
            {
                  "doc_url": "https://gallica.bnf.fr/ark:/12148/bpt6k6454623v",
                  "emotions": [
                        "admiration",
                        "love",
                        "gratitude",
                        "faith"
                  ],
                  "excerpt": "Je veux dire au printemps , qui vient rouvrir la rose : « De tes fleurs la plus douce en mon âme est éclose ! » Aux gais oiseaux , chantant le retour du soleil , Je veux dire : « Je chante un rayon plus vermeil ! » Doux printemps , doux soleil , jeunesse de l ' année , D ' aujourd ' hui seulement mon âme est - elle née ? Comme moi rêves - tu , toi qui me fais rêver ? Nos deux cœurs viennent - ils , absents , se retrouver Au même souvenir , à la même pensée , A la même espérance à la fois caressée ? Construis - tu , comme moi , ton beau palais d ' amour ? Le construis - tu plus ferme et plus beau chaque jour ? Fais - tu briller autour un ciel d ' azur sans tache ? Oui , puisque cet amour dans ton âme se cache , Et puisque , pour l ' amour , le plus beau ciel d ' azur , Le palais le plus ferme est un cœur noble et pur .Tu m ' embaumes déjà , vert rameau de ma vie ! Je respire déjà ta fleur épanouie ; Déjà de ta bonté le parfum matinal 31c parle de rosée en ce Paris banal .Je te vois du foyer l ' ornement et la muse , Et , Dieu bon ! ce n ' est plus un songe qui m ' abuse : Dans l ' idéal cherché je trouve le réel ; Dans mon terrestre exil tombe un blanc lis du ciel .",
                  "id": "11",
                  "title": "Poésies complètes... (3e édition fort augmentée) / Nicolas Martin"
            },
            {
                  "doc_url": "https://gallica.bnf.fr/ark:/12148/bpt6k58122453",
                  "emotions": [
                        "love",
                        "gratitude"
                  ],
                  "excerpt": "M * KARÒLV ' .À ( amourâs ^ tu rien veude plus deliòieux ' Que ladoúceûydelair & t ' odeur de ces lieux ! En vérité ce bois est vn séjour aimable , * * Un de ses tapis vers nòûsferiiira de tables FLEVRIE .• ^ Choisissons vn bocage où le Soleil hatiffant Ne puisse nousy voir non plus que lé postant .",
                  "id": "12",
                  "title": "Alizon, comédie Desdiée au jeunes veufves & aux vieilles filles"
            },
            {
                  "doc_url": "https://gallica.bnf.fr/ark:/12148/bpt6k65453196",
                  "emotions": [
                        "love"
                  ],
                  "excerpt": "L ' odeur produite par cette décomposition est plus sensible le matin , surtout lorsqu ' on a l ' habitude de dormir la bouche ouverte ; c ' est pour ce motif que les personnes qui aiment la propreté , ont le soin de se laver la bouche en sortant du lit .Les affections morales vives et soutenues déterminent constamment une odeur assez forte dans la respiration .Faut - il l ' attribuer à une légère irritation des organes digestifs , ou bien à une modification du système nerveux qui réagit sur l ' économie ? Je pense que ce phénomène - doit être rapporté aux organes de la digestion : en effet , on remarque que les personnes en proie à ces affections pénibles ont peu d ' appétit , ou digèrent fort mal .",
                  "id": "13",
                  "title": "Choix d'une nourrice / par P. Maigne,..."
            },
            {
                  "doc_url": "https://gallica.bnf.fr/ark:/12148/bpt6k97664094",
                  "emotions": [
                        "admiration",
                        "love"
                  ],
                  "excerpt": "fait couler des larmes .Saveur , comme douceâtre & acre .Iris de Florence .",
                  "id": "14",
                  "title": "Pharmacologie chirurgicale, ou Science des médicamens externes et internes, requis pour guérir les maladies chirurgicales ; suivie d'un Traité de pharmacie relatif à la préparation et à la composition des médicamens. Par M. Plenck,..."
            },
            {
                  "doc_url": "https://gallica.bnf.fr/ark:/12148/bpt6k9767419t",
                  "emotions": [
                        "love",
                        "nostalgia",
                        "gratitude",
                        "faith"
                  ],
                  "excerpt": ".Ah ! quel songe léger , quel songe doux et parfumé ! Puisse - t - il durer toute ma vie ! ..",
                  "id": "15",
                  "title": "Oeuvres poétiques complètes de Adam Mickiewicz,.... Tome 1 / trad. du polonais d'après l'éd. posthume de 1858 par Christien Ostrowski"
            },
            {
                  "doc_url": "https://gallica.bnf.fr/ark:/12148/bpt6k9668498h",
                  "emotions": [
                        "love",
                        "nostalgia",
                        "gratitude"
                  ],
                  "excerpt": "Vive son parfum délicat .Répandez , mes fillettes , Tendres fleurettes , Le doux parfum du cœur .Vivent la bonté , la douceur .",
                  "id": "16",
                  "title": "Brises des pays bleus : poésies pour les enfants / par Mademoiselle Marie Grandin,..."
            },
            {
                  "doc_url": "https://gallica.bnf.fr/ark:/12148/bpt6k310056t",
                  "emotions": [
                        "love"
                  ],
                  "excerpt": "Je te parle gravement parce que ce n ’ est point là chose badine , et parce que depuis longtemps , tu t ’ en souviens , nous nous sommes un peu devinés mutuellement .Tu as tes dix - hüit ans ! — C ' est l ’ âge où chaque chose Parle au cœur de la fée , à qui tout l ’ univers , Semble inspirer l ’ Amour ! — Non pas l ’ élan pervers , Mais celui qui respire un doux parfum de rose ..",
                  "id": "17",
                  "title": "Impressions de guerre d'Albert Poumailloux,..."
            },
            {
                  "doc_url": "https://gallica.bnf.fr/ark:/12148/bpt6k955999",
                  "emotions": [
                        "admiration",
                        "love",
                        "gratitude"
                  ],
                  "excerpt": "dut - Uve étamines et pistil , par allégorie aux eufnotx d ' HannotUM , sans tesse occup < ' s a des fonctions produet : w < et ne trouvant de pt ~ sirque dans le travail utile qu ' iti ' exercent dans une foule do Séries paMtonneOcs par Ano ) oKie , te réséda supprimâtes pétâtes , cmbtetncB de p ! at ~ r nnprodttcttf .Un parfum très suave e ' ëchappo de cette « eofettc , ensymhote du charme qu ' cM ~ enUes enfante adonnes passionnément t ' utite industrie .t ~ t Nnturc donne aux ctamincs ) a nuance capucmo , melange do rouge et orange ( couleur d ' enthousiasme et d ' ambition ) , en symbole du levier Industriel des enfants harmontens , qui est un cnthoustasmo soutenu ( t ' an ! bHton .",
                  "id": "18",
                  "title": "Les enfants au phalanstère (2e éd.) / dialogue familier sur l'éducation ; [par F. Cantagrel]"
            },
            {
                  "doc_url": "https://gallica.bnf.fr/ark:/12148/bpt6k97841825",
                  "emotions": [
                        "love",
                        "nostalgia"
                  ],
                  "excerpt": "Çà et là vous me déroutez , en tenant trop peu de compte des faits que j ' aime à suivre terre à terre .Jamais cependant je ne vous ai entendu parler pour la joie enfantine de coudre des mots à des mots , ou de provoquer les effluves d ' une sentimentalité larmoyante .C ' est à ce point qu ' il y a telle ou telle circonstance où vous me faites l ' effet d ' un vieux procureur déguisé en amant des muses .",
                  "id": "19",
                  "title": "Le lion de Lucerne : lettres familières à un membre de l'Académie des sciences morales et politiques / Arthur Ponroy"
            },
            {
                  "doc_url": "https://gallica.bnf.fr/ark:/12148/bpt6k933505t",
                  "emotions": [
                        "love",
                        "gratitude",
                        "faith"
                  ],
                  "excerpt": "L ’ ange le veut , dormez , enfants , dormez ! « Peut - être bien , qu ’ en un pli de son voile , Loin de la terre il vous emportera Et , sur le front de quelque blanche étoile , Comme en un trône il vous déposera : Les Chérubins qui , dit - on , sont vos frères .Vous enverront des baisers parfumas ; Et , dans le ciel , leurs ailes tutélaires Aux pieds de Dieu porteront vos prières ..",
                  "id": "20",
                  "title": "Annuaire de la Société des sciences industrielles, arts et belles lettres de Paris"
            }
      ]
}