{
      "articles": [
            {
                  "doc_url": "https://gallica.bnf.fr/ark:/12148/bpt6k28043k",
                  "emotions": [
                        "joy",
                        "love",
                        "gratitude"
                  ],
                  "excerpt": "Les Cinq Sens , hommage à la femme .L ' Amour lui apporte des fleurs à respirer , c ' est l ' Odorat des raisins dont le jus pressé dans une coupe l ' enivre , c ' est le Goût une lyre qu ' elle fait vibrer dans ses doigts , c ' est l ' Ouïe .11 se regarde avec elle dans un miroir c ' est la Vue .",
                  "id": "1",
                  "title": "Le salon, dix ans de peinture. Tome 1 / Gustave Haller"
            },
            {
                  "doc_url": "https://gallica.bnf.fr/ark:/12148/bpt6k28043k",
                  "emotions": [
                        "joy",
                        "love"
                  ],
                  "excerpt": "à qui l ' on doit de splendides réalités , s ' est épris du rêve .Enthousiaste de Wagner , ivre de parfums , sous un soleil brûlant , il métamorphose en femmes le bleuet .la violette , le lys de Chine , la capucine , l ' iris .",
                  "id": "2",
                  "title": "Le salon, dix ans de peinture. Tome 1 / Gustave Haller"
            },
            {
                  "doc_url": "https://gallica.bnf.fr/ark:/12148/bpt6k5457879n",
                  "emotions": [
                        "anger",
                        "love",
                        "excitement",
                        "curiosity"
                  ],
                  "excerpt": "les esprits sorlant de son corps échauffé .Miraut ( 2 ) sur leur odeur ayant philosophé , Conclut que c ' est son lièvre , et d ' une ardeur extrême 11 le pousse ; et Rustaut ( 3 ) , qui n ' a jamais menti , Dit que le lièvre est reparti .Le pauvre malheureux vient mourir à son gîte .",
                  "id": "3",
                  "title": "Fables de La Fontaine (Nouvelle édition enrichie de notes)"
            },
            {
                  "doc_url": "https://gallica.bnf.fr/ark:/12148/bpt6k5702638t",
                  "emotions": [
                        "love",
                        "nostalgia",
                        "caring"
                  ],
                  "excerpt": "La voluptueuse émotion qui court dans tout mon être et remplit mes veines de feu , n ' est - ce pas de l ' amour ? Mes yeux qui , sans la voir , devinent son visage et la contemplent dans le souvenir aussi bien que dans la réalité , ne reflètent - ils pas un mirage du coeur ? » Suzanne parut enfin .Risueno lui serra la main avec une tendresse passionnée ; pour la première LES SOEURS DE LAIT .73 fois , la jeune femme ne la retira pas , et , émus tous les deux , ils restèrent ainsi immobiles quelques minutes .",
                  "id": "4",
                  "title": "Les Soeurs de lait, scènes et souvenirs du Bas-Languedoc, par Mme Louis Figuier"
            },
            {
                  "doc_url": "https://gallica.bnf.fr/ark:/12148/bpt6k5702638t",
                  "emotions": [
                        "love",
                        "nostalgia",
                        "courage",
                        "caring"
                  ],
                  "excerpt": "69 blaient de bontés , et il avait pour eux le plus sûr des dévouements , celui de la reconnaissance .Avec le tact du coeur , tous les matins , le brave garçon entretenait Risueno de la jeune veuve : il l ' avait vue sortant ses camélias au premier rayon de soleil d ' une pâle journée d ' hiver , ou elle avait arrosé ses héliotropes en respirant leur parfum sur son balcon ; une autre fois , il avait entendu résonner son piano et sa voix mélodieuse répéter son refrain favori .Un certain lien d ' intimité s ' était ainsi établi entre le riche Havanais et le pauvre savoyard : la vue de Pierre rappelait à Risueno Suzanne et les détails charmants de sa vie .",
                  "id": "5",
                  "title": "Les Soeurs de lait, scènes et souvenirs du Bas-Languedoc, par Mme Louis Figuier"
            },
            {
                  "doc_url": "https://gallica.bnf.fr/ark:/12148/bpt6k9603554g",
                  "emotions": [
                        "love"
                  ],
                  "excerpt": ") Ognon indigène .Fleurs en avriî , grandes , blanches et odorantes .Variété à fleurs doubles enmai .",
                  "id": "6",
                  "title": "La maison de campagne. Tome 2 / par Mme Aglaé Adanson"
            },
            {
                  "doc_url": "https://gallica.bnf.fr/ark:/12148/bpt6k9603554g",
                  "emotions": [
                        "love"
                  ],
                  "excerpt": "bifera semper florens .Fleurs semi - doubles , en bouquets , trèsodorantes .Variété à fleurs blanches , plus délicate .",
                  "id": "7",
                  "title": "La maison de campagne. Tome 2 / par Mme Aglaé Adanson"
            },
            {
                  "doc_url": "https://gallica.bnf.fr/ark:/12148/bpt6k9603554g",
                  "emotions": [
                        "love"
                  ],
                  "excerpt": "DE SEPTEMBRE .A fleurs simples , grandes , à r très - longs pédoncules , plus odorantes que celle ; de la printanière , et ne paraissant que de sep - tembre en février .Elle n ' est indiquée nulle part ; c ' est pourtant une plante intéressante par l ' épo - • que de sa floraison et le parfum qu ' elle conserve dans une saison où les autres fleurs en sont dé - ■ pourvues .",
                  "id": "8",
                  "title": "La maison de campagne. Tome 2 / par Mme Aglaé Adanson"
            },
            {
                  "doc_url": "https://gallica.bnf.fr/ark:/12148/bpt6k1118790",
                  "emotions": [
                        "love",
                        "nostalgia"
                  ],
                  "excerpt": "Ici , on fait ^ nire vivantes les grandes pensées et on les réduit en bouillie .Ici pourrissent tous les grands sentiments ici on ne laisse cliqueter que les petits sentiments dessèchés ! Ne sens - tu pas déjà l ' odeur des abattoirs et des gargotes de l ' esprit .Les vapeurs des esprits abattus ne font - elles pas fumer cette ' ville ? ̃ ̃ Ne vois - tu .",
                  "id": "9",
                  "title": "Ainsi parlait Zarathoustra : un livre pour tout le monde et personne / Frédéric Nietzsche ; traduit par Henri Albert"
            },
            {
                  "doc_url": "https://gallica.bnf.fr/ark:/12148/bpt6k6510303z",
                  "emotions": [
                        "grief",
                        "love",
                        "nostalgia",
                        "gratitude",
                        "caring",
                        "faith",
                        "disappointment"
                  ],
                  "excerpt": "CHAPITRE XXI Quelques fleurs sur une tombe .A genoux sur cette tombe que l ' espérance illumine de ses doux rayons , et mêlant nos prières à nos larmes , respirons le parfum qui s ' exhale , comme d ' un bouquet de fleurs , du faisceau d ' éloges qu ' y a déposé une sincère affection .Ces hommages rendus à la mémoire de notre chère et vénérée défunte , ne pourront qu ' édifier sa famille et ses amis .",
                  "id": "10",
                  "title": "Notice biographique sur Mme Hunault de La Chevallerie, née de Blom, 1811-1880, suivie d'un aperçu généalogique sur la famille H. de La Chevallerie (28 décembre 1884)"
            },
            {
                  "doc_url": "https://gallica.bnf.fr/ark:/12148/bpt6k6555848x",
                  "emotions": [
                        "love",
                        "nostalgia"
                  ],
                  "excerpt": "Mon père se montrait assez sauvage et mal disposé à faire de nouvelles connaissances .Tout au souvenir de l ' Empereur , il vivait surtout dans le passé , et ne conservait guère de passion que pour la chasse , qui lui donnait l ' illusion de son existence d ' autrefois , au grand air et dans l ' odeur de la poudre .C ' est précisément à cette passion que nous dûmes l ' introduction chez nous d ' un nouvel ami , le seul étranger qui trouvât grâce devant mon père : M .",
                  "id": "11",
                  "title": "Quatre petits romans : Soeur Doctrouvé, Monsieur Destrémeaux, Une histoire de l'autre monde, Les débuts de César Borgia : précédés de \"Ma préface\" / Jean Richepin"
            },
            {
                  "doc_url": "https://gallica.bnf.fr/ark:/12148/bpt6k6207738q",
                  "emotions": [
                        "love"
                  ],
                  "excerpt": "1540 .) Parfum Venus se delicte en odoracions .( Chron .",
                  "id": "12",
                  "title": "Dictionnaire de l'ancienne langue française et de tous ses dialectes, du IXe au XVe siècle,... par Frédéric Godefroy,..."
            },
            {
                  "doc_url": "https://gallica.bnf.fr/ark:/12148/bpt6k96139685",
                  "emotions": [
                        "admiration",
                        "love",
                        "approval"
                  ],
                  "excerpt": "Nos prédicateurs bordelais ont de Fonction , quelouefois ils trouvent des expressions heureuses qui rendent assez bien l ' ardente foi de leur âme , car ils croient , et leur piété est douce , tendre et indulgente , une piété de François de S îles .Aussi y a - t - il à Bordeaux beaucoup de confréries , de dévotions tendres , particuliètes et cachées comme une fleur du Cantique , un verset embaumé de l ' Imitation ; on aime beaucoup a sainte Vierge et on a raison , elle est la plus belle , la plus sainte , la plus douce entre toutes femmes .On se recommande à elle dans toutes les pressantes nécessités et elle est toujours bonne mère .",
                  "id": "13",
                  "title": "Les andalouses bordelaises : redowa en prose / Paul-Ernest de Ratier"
            },
            {
                  "doc_url": "https://gallica.bnf.fr/ark:/12148/bpt6k5846346x",
                  "emotions": [
                        "love",
                        "desire",
                        "courage",
                        "pride",
                        "gratitude"
                  ],
                  "excerpt": "des cyp rès me couronnent , Et je suis jeune encor ; je n ' ai pas du festin Vidé la coupe pleine et chanté mon refrain .De roses , de parfums , je veux parer ma tête : J ' ai des coeurs pour m ' aimer ; pour braver la tempête , J ' ai l ' abri dans le port ..",
                  "id": "14",
                  "title": "L'âme et la solitude (2e édition) / par Achille Du Clésieux"
            },
            {
                  "doc_url": "https://gallica.bnf.fr/ark:/12148/bpt6k5846346x",
                  "emotions": [
                        "joy",
                        "love",
                        "nostalgia",
                        "pride",
                        "doubt",
                        "guilt"
                  ],
                  "excerpt": "El moi que ne guidait aucune expérience , D ' une trompeuse voix j ' ai savouré l ' accent ; La sirène insensible a goûté froidement Les prémices d ' un coeur jeune et plein d ' espérance .J ' ai , plus ardent que vous , poursuivi les plaisirs ; J ' ai pris dans vos festins la coupe passagère ; Pourquoi ces ris , ces chants , ce bonheur éphémère N ' ont - ils pas mis aussi le comble à mes désirs ? N ' ai - je point assez vu vos danses et vos fêtes ? JN ' avons - nous pas ensemble aimé la volupté ? Amis , rappelez - vous , dans l ' asile enchanté , Ces parfums et ces fleurs qui couronnaient nos têtes .Eh bien ! ils embaumaient le printemps de nos jours ! Mais le printemps s ' enfuit , et l ' automne s ' avance ; Encor quelques instants , et la vide abondance De ces biens passagers disparaît pour toujours .",
                  "id": "15",
                  "title": "L'âme et la solitude (2e édition) / par Achille Du Clésieux"
            },
            {
                  "doc_url": "https://gallica.bnf.fr/ark:/12148/bpt6k921618t",
                  "emotions": [
                        "love"
                  ],
                  "excerpt": "» En cette qualité , ne pourrait - il bénéficier d ’ une loi d ’ exception ? Mais tout cela est bien difficile à arranger , et Thérèse n ’ a plus aussi souvent envie de rire .XI Des chants d ’ une simplicité émotionnante montaient sous la voûte embaumée de la chapelle des Dames Bleues .Des voix fraîches , sans culture savante , mais pénétrées de suavité , alternaient les versets des psaumes .",
                  "id": "16",
                  "title": "Les demoiselles bleues / Mario Donal"
            },
            {
                  "doc_url": "https://gallica.bnf.fr/ark:/12148/bpt6k921618t",
                  "emotions": [
                        "grief",
                        "love",
                        "nostalgia",
                        "disappointment"
                  ],
                  "excerpt": "Jacques , depuis l ’ affligeante certitude de son malheur , enveloppait dans une rigidité courtoise ses rapports avec les Demoiselles Bleues .Thérèse aurait pu croire à un songe , si son cœur n ’ était resté tout imprégné du parfum de la fleur d ’ amour éclose au pied du lit de souffrance du jeune officier .Elle ne paraissait ni étonnée ni contristée des manières poliment indifférentes qu ’ il affectait , car elle savait à quelle source profonde s ’ alimentait sa propre tendresse ; elle devinait le jeu magnanime de Jacques , et attendait l ’ heure providentielle qui est rarement celle que nous avons fixée .",
                  "id": "17",
                  "title": "Les demoiselles bleues / Mario Donal"
            },
            {
                  "doc_url": "https://gallica.bnf.fr/ark:/12148/bpt6k67742r",
                  "emotions": [
                        "trust",
                        "grief",
                        "love",
                        "gratitude",
                        "caring",
                        "pain"
                  ],
                  "excerpt": "« .% Il ! je t ' aime tant » m ' écriai - je en sentant couler sur mes joues les larmes brûlantes que répandait la jeuue fille .« Et moi aussi je t ' aime , 1 ) répondit - elle en imprimant un dernier baiser sur mes lwres .",
                  "id": "18",
                  "title": "Contes fantastiques d'Hoffmann : traduction nouvelle / par M. X. Marmier, précédée d'une notice par le traducteur"
            },
            {
                  "doc_url": "https://gallica.bnf.fr/ark:/12148/bpt6k6458424t",
                  "emotions": [
                        "love",
                        "pride",
                        "caring",
                        "faith"
                  ],
                  "excerpt": "Vous serez ainsi doublement récompensé : vous aurez cherché les fruits , et Dieu , dans sa bonté , vous aura permis de recueillir en même temps les fleurs .Puissent leurs riches couleurs , leurs parfums délicats être aux âmes comme autant d ' innocents attraits ; et puissiez - vous avoir par là l ' unique satisfaction que vous ayez souhaitée , celle d ' être utile en faisant admirer et aimer les vertus d ' un grand saint ! Croyez , mon cher Doyen , à mes sentiments dévoués , affectionnés et respectueux en N .- S .",
                  "id": "19",
                  "title": "L'admirable pèlerin de Montpellier, saint Roch / par l'abbé J.-E. Saumade ; avec une lettre approbative de Mgr. de Cabrières,..."
            },
            {
                  "doc_url": "https://gallica.bnf.fr/ark:/12148/bpt6k6580743s",
                  "emotions": [
                        "surprise",
                        "fear",
                        "love",
                        "doubt",
                        "nervousness"
                  ],
                  "excerpt": "Laisse , oh ! laisse ta main tressaillir dans la mienne , Penche - toi sur mon cœur .0 gracieuse enfant ! Pourquoi , lorsque mon bras t ' enlace et te ramène , Pourquoi trembler comme le faon ? Quid sum miser tunc dicturus ? Qucm patronum rogaturus Cum vix justus sit securus ? Laisse , oh ! laisse flotter le long de tes épaules Tes cheveux qu ' un doux parfum suit : Ne crains pas , cher amour , ce bruit , ce faible bruit , Ce n ' est qu ' un jeune oiseau qui chante sous les saules ; Laisse , oh ! laisse flotter sur tes blanches épaules Tes cheveux plus noirs que la nuit .Rex tremendæ majestatis , Qui salvando salvas gratis , Salva me fons pietatis .",
                  "id": "20",
                  "title": "Poésies de Édouard Turquety : Amour et foi, Poésie catholique, Hymnes sacrées (Nouvelle édition, revue et augmentée)"
            }
      ]
}