{
      "articles": [
            {
                  "doc_url": "https://gallica.bnf.fr/ark:/12148/bpt6k937429t",
                  "emotions": [
                        "admiration",
                        "love",
                        "gratitude",
                        "approval"
                  ],
                  "excerpt": "Les esprits embaumés qu ’ exhale La rose fraîche et matinale Pour moi sont moins délicieux .Et ton odeur suave et pure Est un encens que la nature Élève en tribut vers les deux ' .L ’ œillet primitif est simple , rouge et parfumé .",
                  "id": "1",
                  "title": "Le langage des fleurs (Neuvième édition augmentée de plusieurs chapitres ornée de douze gravures coloriées et de nombreuses vignettes dans le texte) / par Mme Charlotte de Latour"
            },
            {
                  "doc_url": "https://gallica.bnf.fr/ark:/12148/bpt6k30405116",
                  "emotions": [
                        "love",
                        "calmness"
                  ],
                  "excerpt": "Solidago dulcis .Elle a 3 pieds de haut , fes feuilles ont une odeur agréable , fes fleurs font jaunes * , elle fleurit en Septembre * , elle aime un fol lablonneux .Solidago flore albo 3 nova flpecies .",
                  "id": "2",
                  "title": "Catalogue d'arbres, arbustes et plantes herbacées d'Amérique , par M. Yong,..."
            },
            {
                  "doc_url": "https://gallica.bnf.fr/ark:/12148/bpt6k5493764q",
                  "emotions": [
                        "admiration",
                        "love",
                        "caring"
                  ],
                  "excerpt": "Je voulais te donner un bouquet pour ta fête , Chère maman : Flore , en cette saison , Présente avec orgueil les trésors qu ' elle apprête , Et les fleurs sous ma main s ' amassent à foison .Mais ce n ' est point asseu pour ma vive tendresse ; Leur forme , leur éclat , leur parfum enchanteur , Expriment faiblement mon innocente ivresse Et le respect profond qui règne dans mon coeur ( 44 ) 6 $ .Ah ! que ce jour à ma tendresse .",
                  "id": "3",
                  "title": "Le jardin de l'enfance, de la jeunesse et de tous les âges, ou Complimens du jour de l'an et des fêtes pour des parens, des bienfaiteurs, des amis, etc. ; par P*** 7e édition..."
            },
            {
                  "doc_url": "https://gallica.bnf.fr/ark:/12148/bpt6k937429t",
                  "emotions": [
                        "admiration",
                        "love",
                        "nostalgia",
                        "gratitude",
                        "approval"
                  ],
                  "excerpt": "Œ ILLET DES FLEURISTES Amour vif et pur .Aimable œillet , c ’ est ton haleine Qui charme et pénètre mes sens : G ’ cst toi qui verses dans la plaine Ces parfums doux et ravissants .Les esprits embaumés qu ’ exhale La rose fraîche et matinale Pour moi sont moins délicieux .",
                  "id": "4",
                  "title": "Le langage des fleurs (Neuvième édition augmentée de plusieurs chapitres ornée de douze gravures coloriées et de nombreuses vignettes dans le texte) / par Mme Charlotte de Latour"
            },
            {
                  "doc_url": "https://gallica.bnf.fr/ark:/12148/bpt6k45940066",
                  "emotions": [
                        "love",
                        "gratitude",
                        "calmness"
                  ],
                  "excerpt": "Que le velours de vos pétales S ’ étale Pour charmer ce matin nos yeux .Roses de pourpre , aimables roses Ecloses Au soleil , sous un ciel radieux Si vous écoutez le poète Qui prête Aux fleurs une âme de cristal Il vous chantera sur sa lyre Pour dire Votre parfum oriental .R .",
                  "id": "5",
                  "title": "Mauritania. Magazine illustré mensuel de l'Afrique du Nord"
            },
            {
                  "doc_url": "https://gallica.bnf.fr/ark:/12148/bpt6k30405116",
                  "emotions": [
                        "love",
                        "relief",
                        "calmness"
                  ],
                  "excerpt": "Cet arbre efl haut & droit , il a julqu ’ à 70 pieds \\ fon bois eft dur & compadt , Tes noix font les meilleures - qu ’ il y ait en Amérique .Leurs coquilles ne font I point durçs j elles ont un goût d ’ amande , leur odeur eft agréable j il vient dans un fol riche & humide .Juglans alba dulcis .",
                  "id": "6",
                  "title": "Catalogue d'arbres, arbustes et plantes herbacées d'Amérique , par M. Yong,..."
            },
            {
                  "doc_url": "https://gallica.bnf.fr/ark:/12148/bpt6k6375496p",
                  "emotions": [
                        "love"
                  ],
                  "excerpt": "EPIDERME assez fin , d ' un jaune citrin , taché de rouille cannelle et un peu rude , prenant unie teinte générale plus foncée à l ' insolation .CHAIR blanche , fine , fondante , très juteuse , - bien sucrée , très agréablemtent parfumée .Qualité TRES BONNE .",
                  "id": "7",
                  "title": "Catalogue descriptif des fruits adoptés par le Congrès pomologique / Société pomologique de France"
            },
            {
                  "doc_url": "https://gallica.bnf.fr/ark:/12148/bd6t5368243c",
                  "emotions": [
                        "grief",
                        "sadness",
                        "love",
                        "nostalgia",
                        "doubt",
                        "frustration",
                        "disappointment"
                  ],
                  "excerpt": ".et sans doute pense - t - elle à son amoureux ? Viviane , excédée de vaine tristesse , retire du verre d ’ eau le bouquet de violettes , et appuie à son front , à ses yeux , à ses lèvres , — qui ne connaîtront plus d ’ autre caresse que l ’ inconsciente pitié des fleurs — la fraîche compresse de pétales dont le parfum se décompose en une fade odeur d ’ éther ..",
                  "id": "8",
                  "title": "La bête divine / Amélie Murat"
            },
            {
                  "doc_url": "https://gallica.bnf.fr/ark:/12148/bpt6k91704c",
                  "emotions": [
                        "love"
                  ],
                  "excerpt": "a \" Propriétés apparentes – Gaz incolore .Odeur pénétrante d ' amandes amères .Très vénéneux .",
                  "id": "9",
                  "title": "Traité pratique de l'analyse des gaz / par M. Berthelot,..."
            },
            {
                  "doc_url": "https://gallica.bnf.fr/ark:/12148/bpt6k37083s",
                  "emotions": [
                        "love"
                  ],
                  "excerpt": "Regarde , écoute , pleure , tourmente - toi , fais bien provision de lambeaux de paroles , d ' espérances craintives et de soupçons enchanteurs Amasse , amasse pour l ' hiver de ta vie .Une feuille conservée verte dans un livre nous rend quelquefois le parfum entier de toute une charmille .Tu ne sais pas , enfant , le prix divin de ces choses délicieuses et si enviées ; tu ne sais pas qu ' un jour ta mémoire s ' évertuera avidement et mélancoliquement à reconstruire heure par heure , minute par minute , tout ce passé ravissant et fou , échafaudage téméraire , palais brillant élevé par les fées de l ' adolescence , de l ' illusion et de l ' amour Émile ne doutait pas qu ' il arrivât à tout , maintenant que la marquise de Perverie lui avait ouvert les portes de l ' ambition .",
                  "id": "10",
                  "title": "François Soleil / par Charles Monselet"
            },
            {
                  "doc_url": "https://gallica.bnf.fr/ark:/12148/bpt6k123973t",
                  "emotions": [
                        "love",
                        "caring",
                        "amusement"
                  ],
                  "excerpt": "S ' il va à Ems au printemps , elle ira à Biarritz .Elle aime le monde ; il aime l ' estaminet les parfums les plus douxsont ses délices ; il infecte le tabac .Et que fait la femme aristocratique délaissée ? Elle vit d ' une vie factice , passant de son cabinet de toilette au salon , du salon à la promenade , de la promenade au diner , du diner au spectacle et tous les jours ainsi , riant sans plaisir , pleurant sans motif , livrant ses enfants à des mains étrangères , parce qu ' elle n ' a pas trouvé dans son mari l ' ami qui devait la soutenir et la garder .",
                  "id": "11",
                  "title": "Journal pour toutes : paraissant le samedi, à Paris, et consacré aux intêrets féminins / directrice Eugénie Niboyet"
            },
            {
                  "doc_url": "https://gallica.bnf.fr/ark:/12148/bpt6k1091843g",
                  "emotions": [
                        "love",
                        "optimism",
                        "desire",
                        "nostalgia",
                        "excitement"
                  ],
                  "excerpt": ".Fou qui cours après de nouvelles amours , alors que près de moi , dans notre nid capitonné aux senteurs voluptueuses , sur ce lit bas , aux colonnes torses qnentourent les franges capiicieuses cle la grande tenture de satin noii , mouchetée cle paillettes cl ' or et de fantaisistes arabesques , vivront encore palpitantes et chaudes nos divines caresses ! ..",
                  "id": "12",
                  "title": "Comment on devient duchesse. Préface de Horace Bertin / Paul Guiraud"
            },
            {
                  "doc_url": "https://gallica.bnf.fr/ark:/12148/bpt6k58357103",
                  "emotions": [
                        "joy",
                        "love",
                        "excitement",
                        "pride",
                        "envy"
                  ],
                  "excerpt": ".Le bonheur est complet lorsqu ' on sent qu ' on l ' envie ! Seulement , je suis très jaloux ! Je ne veux pas Qu ' un autre — écoute bien ! — Te prenne dans ses bras , T ' entoure de ses mains frémissantes , Te frôle , Se penche sur Ton cou , caresse Ton épaule , Respire le parfum exquis de Tes cheveux , Te dise du regard : « Oh ! comme je te veux ! » La danse est un plaisir qu ' un mari seul dénigre ..",
                  "id": "13",
                  "title": "Les rhapsodies passionnées / Cte Du Bois"
            },
            {
                  "doc_url": "https://gallica.bnf.fr/ark:/12148/bpt6k55512188",
                  "emotions": [
                        "surprise",
                        "love",
                        "gratitude",
                        "caring",
                        "doubt",
                        "curiosity",
                        "faith"
                  ],
                  "excerpt": "TIRURCE .Mais qu ' est - ce donc que cette odeur enivrante , ce doux parfum qu ' on respire en ce lieu ? Quoi ! dans la saison présente , des lis , des roses éclatantes de fraîcheur et de beauté ! Sur vos fronts radieux , de si ravissantes couronnes ! Mon cher frère , ma tendre soeur , puissent les dieux , qui vous montrent leur bonté , leur puissance , vous bénir et vous conserver longtemps à notre amour .VALÉRIEN .",
                  "id": "14",
                  "title": "Le Théâtre chrétien, ou les martyrs mis en scène : recueil de 12 pièces dramatiques à l'usage des collèges, petits séminaires et autres maisons d'éducation. Par M. l'abbé J***"
            },
            {
                  "doc_url": "https://gallica.bnf.fr/ark:/12148/bpt6k74699x",
                  "emotions": [
                        "disgust",
                        "love"
                  ],
                  "excerpt": "Elle se pencha autant qu ' elle put et tendit les bras , mais à peine leurs doigts parvenaient à se toucher .Alors , elle les mouilla à la salive de ses baisers , et il < n essuyait avec ses lèvres raiche odeur .Prends .",
                  "id": "15",
                  "title": "La petite femme de la mer / Camille Lemonnier"
            },
            {
                  "doc_url": "https://gallica.bnf.fr/ark:/12148/bpt6k6567813m",
                  "emotions": [
                        "love",
                        "nostalgia",
                        "gratitude"
                  ],
                  "excerpt": "E JEUNE FILLE , se détachant du groupe , un bouquet de violettes à la main .Nous apportons , pour le fiancé , les fleurs li lui feront songer au doux parfum du yer , dans ses courses lointaines .CATHMOR , à part .",
                  "id": "16",
                  "title": "Les amoureuses / par A. de L'Estoille"
            },
            {
                  "doc_url": "https://gallica.bnf.fr/ark:/12148/bpt6k372941c",
                  "emotions": [
                        "admiration",
                        "love",
                        "nostalgia",
                        "gratitude",
                        "envy",
                        "calmness",
                        "doubt"
                  ],
                  "excerpt": "Monte , monte toujours , ô ma folle pensée Au feu qui te consume que tout soit aliment .Peut - il être pour moi une heure plus fortunée Qe celle où tu t ' envoles , rapide comme le vent ? Le mystérieux Orient A tes yeux enchantés Offre ses minarets , ses coupoles d ' argent , Et ses femmes voilées aux grands yeux veloutés , Et ses fleurs enivrantes , ses parfums d ' Arabie ; Son ciel profond , serein , plus bleu que le saphir ; Ses amours mystérieuses , sa sombre jalousie , Et le chant du bulbul le soir pour t ' endormir .LES FEUX FOLLETS Sur les gazons pâlis du triste cimetière On voit souvent la nuit des étranges clartés Qui mystérieusement semblent toucher la terre Et danser follement sous les sombres cyprès , Tandis que sur le marbre d ' une tombe isolée L ' oiseau nocturne jette au nuage qui passe Une note lugubre lentement modulée Que d ' échos en échos le vent repousse et chasse .",
                  "id": "17",
                  "title": "Reflets d'âme, poésies inédites / Judith"
            },
            {
                  "doc_url": "https://gallica.bnf.fr/ark:/12148/bpt6k6253304p",
                  "emotions": [
                        "admiration",
                        "love",
                        "nostalgia",
                        "pride",
                        "gratitude",
                        "envy",
                        "approval"
                  ],
                  "excerpt": "et n ' aije pas souvent admiré en toi deux femmes à la fois ? .Quand pour me plaire tu empruntais les atours de ta maîtresse , la fine batiste de ses épaules , le fichu de soie de son sein , le somptueux manteau qui conservait encore les plis de sa taille ; quand tu t ' appropriais , avec tes grâces personnelles , la légende de son cœur , l ' écho de sa coquetterie , et jusqu ' à l ' enivrant parfum de sa toilette ! .il me semblait trouver en toi , fondues dans une admirable unité , la grande dame et la grisette ; et le lendemain , quand je revoyais la splendide parure , dont tu avais osé couvrir ton corps mignon , sur la grande dame dont lu n ' étais que l ' humble esclave , il me semblait qu ' il existait deux âmes pour animer cette splendide enveloppe .",
                  "id": "18",
                  "title": "Le Journal monstre : courrier et bulletin des familles / Léo Lespès, rédacteur en chef"
            },
            {
                  "doc_url": "https://gallica.bnf.fr/ark:/12148/bpt6k372941c",
                  "emotions": [
                        "grief",
                        "love",
                        "nostalgia",
                        "gratitude",
                        "disappointment"
                  ],
                  "excerpt": ".Adieu donc , ô mon rêve ; adieu , mais dans mon coeur Ton souvenir vivra comme un parfum subtil , Qui dans le vase vide laisse sa douce odeur , Et me suivra toujours , partout dans mon exil .FANTAISIE II C ' était dans la saison des brises parfumées Des bruissements de feuilles mollement agitées , Des harmonieux murmures de limpides ruisseaux Fuyant entre deux bords ombragés de bouleaux , Et dans les hautes herbes des vastes prés fleuris C ' était un bruit confus formé de mille bruits .",
                  "id": "19",
                  "title": "Reflets d'âme, poésies inédites / Judith"
            },
            {
                  "doc_url": "https://gallica.bnf.fr/ark:/12148/bpt6k65337277",
                  "emotions": [
                        "love"
                  ],
                  "excerpt": "T , a mâche est nommée , selon différens auteurs , blanchette doncette , poul « grasse , ou salade de chanoine .On doit les choisir tendres , d ' un goût aromatique ; et qui aient été cultivées dans les jardins .Elles excitent l ' appétit , passent pour vulnéraires et iI ; ; éritÍves , Elles conviennent en tout tems , à tout âge et à tout tempérament .",
                  "id": "20",
                  "title": "Le directeur des estomachs, ou Instruction sur les alimens de toute espèce , dont chacun, selon son âge et son tempérament, peut se permettre, ou doit s'interdire l'usage, d'après l'avis des plus célèbres médecins, tels que Pisanelle, Boerhaave, Chomel, Lémery, etc, etc, etc."
            }
      ]
}