{
      "articles": [
            {
                  "doc_url": "https://gallica.bnf.fr/ark:/12148/bpt6k62099136",
                  "emotions": [
                        "grief",
                        "love",
                        "nostalgia",
                        "pride",
                        "gratitude",
                        "faith"
                  ],
                  "excerpt": "O maître de mon cœur , qu ' elle est belle , mon heure ! C ' est de l ' éternité quand ton baiser m ' effleure , Mon cœur , mon cœur s ' élève , ah ! si haut qu ' il s ' envole .Armoises de mon frère , ô floraisons sanglantes , Viens , je suis l ' Amm où croît toute plante odorante , La vue de ton amour me rend trois fois plus belle .Je suis le champ royal où ta faveur moissonne , Viens vers les acacias , vers les palmiers d ' Ammonn ; Je veux t ' aimer à l ' ombre bleue de leurs flabelles .",
                  "id": "1",
                  "title": "Divertissements : poèmes en vers / Remy de Gourmont"
            },
            {
                  "doc_url": "https://gallica.bnf.fr/ark:/12148/bpt6k5815747k",
                  "emotions": [
                        "love",
                        "nostalgia",
                        "gratitude"
                  ],
                  "excerpt": ".sous ton baiser d ' enfant ! • II La rose vit un soir , le parfum des instants , Ce qu ' une larme coule et que le coeur soupire , Mais sous ton beau regard , mais sur ton doux sourire , Us vivront tout un jour , ils vivront un printemps ! PREMIERAMOUR Si j ' étais opulent , autant qu ' on ne l ' est guère , Femme ! je t ' offrirais , tout ce que j ' ai sur terre , — 13 — de qui le fait rêver , dont ton âme à souri , En payant tout prix double ..",
                  "id": "2",
                  "title": "Poésies hongroises, par Paul Durivage (Hiador). 1re livraison"
            },
            {
                  "doc_url": "https://gallica.bnf.fr/ark:/12148/bpt6k6271103h",
                  "emotions": [
                        "love"
                  ],
                  "excerpt": "rag zsr Ii , la 1 .l ' organe , Se encore la proportion qu ' il v a entr ' eux , & enfin la maniéré dont l ' un agit fur l ' autre : Mais fans tant de façons , nôtre Auteur decide , en un mot , que Codeur cjl , ce qui demeure après même que le parfum tft diflipé .Ce Philofophe n ' en dit pas davantage , & il lai fle à Tes commentateurs le foin d ' y ajoûter leurs explications .",
                  "id": "3",
                  "title": "Sentimens de Cléante sur les entretiens d'Ariste et d'Eugène. 1 / . Seconde édition, reveüe & corrigée"
            },
            {
                  "doc_url": "https://gallica.bnf.fr/ark:/12148/bpt6k9696441x",
                  "emotions": [
                        "admiration",
                        "love"
                  ],
                  "excerpt": "— Ils proviennent de la graine dont ils portent le nom .Bien conservés , ils ont une odeur d ' amande .Il n ' en est pas de plus intéressants .",
                  "id": "4",
                  "title": "Traité d'agriculture pratique et d'hygiène vétérinaire générale... 4e édition.... Edition 4,Tome 3"
            },
            {
                  "doc_url": "https://gallica.bnf.fr/ark:/12148/bpt6k6283931g",
                  "emotions": [
                        "love"
                  ],
                  "excerpt": "Regardez , après tout , c ' est une pauvre terre .— Ile des doux secrets et des fêtes du cœur ! De l ' antique Vénus le superbe fantôme Au - dessus de tes mers plane comme un arôme , Et charge les esprits d ' amour et de langueur .Belle île aux myrtes verts , pleine de fleurs écloses , Vénérée à jamais par toute nation , Où les soupirs des cœurs en adoration Roulent comme l ' encens sur un jardin de roses Ou le roucoulement éternel d ' un ramier ! — Cythère n ' était plus qu ' un terrain des plus maigres ; Un désert rocailleux troublé par des cris aigres .",
                  "id": "5",
                  "title": "Fleurs du mal. 27 compositions par Georges Rochegrosse, gravées à l'eau-forte par Eugène Decisy"
            },
            {
                  "doc_url": "https://gallica.bnf.fr/ark:/12148/bpt6k6283931g",
                  "emotions": [
                        "joy",
                        "love",
                        "doubt"
                  ],
                  "excerpt": "Je sais l ' art d ' évoquer les minutes heureuses , Et revis mon passé blotti dans tes genoux .Car à quoi bon chercher tes beautés langoureuses Ailleurs qu ' en ton cher corps et qu ' en ton cœur si doux ? Je sais l ' art d ' évoquer les minutes heureuses 1 Ces serments , ces parfums , ces baisers infinis , Renaîtront - ils d ' un gouffre interdit à nos sondes , Comme montent au ciel les soleils rajeunis Après s ' être lavés au fond des mers profondes ? — 0 serments ! ô parfums 1 ô baisers infinis ! XL LE POSSEDE Le soleil s ' est couvert d ' un crêpe .Comme lui , 0 Lune de ma vie ! emmitoufle - toi d ' ombre ; Dors ou fume à ton gré ; sois muette , sois sombre , Et plonge tout entière au gouffre de l ' Ennui ; Je t ' aime ainsi ! Pourtant , si tu veux aujourd ' hui , Comme un astre éclipsé qui sort de la pénombre , Te pavaner aux lieux que la Folie encombre , C ' est bien ! Charmant poignard , jaillis de ton étui ! Allume ta prunelle à la flamme des lustres 1 Allume le désir dans le regard des rustres ! Tout de toi m ' est plaisir morbide ou pétulant ; Sois ce que tu voudras , nuit noire , rouge aurore ; Il n ' est pas une fibre en tout mon corps tremblant Qui ne crie : 0 mon cher Belzébuth , je t ' adore ! XLI UN FANTOME 1 LES TÉNÈBRES Dans les caveaux d ' insondable tristesse Où le Destin m ' a déjà relégué ; Où jamais n ' entre un rayon rose et gai ; Où , seul avec la Nuit , maussade hôtesse , Je suis comme un peintre qu ' un Dieu moqueur Condamne à peindre , hélas ! sur les ténèbres ; Où , cuisinier aux appétits funèbres , Je fais bouillir et je mange mon cœur , Par instants brille , et s ' allonge , et s ' étale Un spectre fait de grâce et de splendeur .",
                  "id": "6",
                  "title": "Fleurs du mal. 27 compositions par Georges Rochegrosse, gravées à l'eau-forte par Eugène Decisy"
            },
            {
                  "doc_url": "https://gallica.bnf.fr/ark:/12148/bpt6k6283931g",
                  "emotions": [
                        "love"
                  ],
                  "excerpt": "C ' est l ' heure où les douleurs des malades s ' aigrissent 1 La sombre Nuit les prend à la gorge ; ils finissent Leur destinée et vont vers le gouffre commun ; L ' hôpital se remplit de leurs soupirs .— Plus d ' un Ne viendra plus chercher la soupe parfumée , Au coin du feu , le soir , auprès d ' une âme aimée .Encore la plupart n ' ont - ils jamais connu La douceur du foyer et n ' ont jamais vécu ! eXXIII LE JEU Dans des fauteuils fanés des courtisanes vieilles , Pâles , le sourcil peint , l ' œil câlin et fatal , Minaudant , et faisant de leurs maigres oreilles Tomber un cliquetis de pierre et de métal ; Autour des verts tapis des visages sans lèvre , Des lèvres sans couleur , des mâchoires sans dent , Et des doigts convulsés d ' une infernale fièvre , Fouillant la poche vide ou le sein palpitant ; Sous de sales plafonds un rang de pâles lustres Et d ' énormes quinquets projetant leurs lueurs Sur des fronts ténébreux de poètes illustres Qui viennent gaspiller leurs sanglantes sueurs ; Voilà le noir tableau qu ' en un rêve nocturne Je vis se dérouler sous mon œil clairvoyant .",
                  "id": "7",
                  "title": "Fleurs du mal. 27 compositions par Georges Rochegrosse, gravées à l'eau-forte par Eugène Decisy"
            },
            {
                  "doc_url": "https://gallica.bnf.fr/ark:/12148/bpt6k6283931g",
                  "emotions": [
                        "admiration",
                        "love",
                        "optimism",
                        "gratitude",
                        "faith"
                  ],
                  "excerpt": ", ; - XXXIX LE BALCON Mère des souvenirs , maitresse des maîtresses , 0 toi , tous mes plaisirs ! ô toi , tous mes devoirs ! Tu te rappelleras la beauté des caresses , La douceur du foyer et le charme des soirs , Mère des souvenirs , maitresse des maitresses ! Les soirs illuminés par l ' ardeur du charbon , Et les soirs au balcon , voilés de vapeurs roses , Que ton sein m ' était doux , que ton cœur m ' était bon 1 Nous avons dit souvent d ' impérissables choses Les soirs illuminés par l ' ardeur du charbon .Que les soleils sont beaux dans les chaudes soirées 1 Que l ' espace est profond ! que le cœur est puissant 1 En me penchant vers toi , reine des adorées , Je croyais respirer le parfum de ton sang .Que les soleils sont beaux dans les chaudes soirées 1 La nuit s ' épaississait ainsi qu ' une cloison , Et mes yeux , dans le noir , devinaient tes prunelles , Et je buvais ton souffle , ô douceur , ô poison ! Et tes pieds s ' endormaient dans mes mains fraternelles .",
                  "id": "8",
                  "title": "Fleurs du mal. 27 compositions par Georges Rochegrosse, gravées à l'eau-forte par Eugène Decisy"
            },
            {
                  "doc_url": "https://gallica.bnf.fr/ark:/12148/bpt6k1174982j",
                  "emotions": [
                        "love",
                        "caring"
                  ],
                  "excerpt": "Tonique — Fébrifuge Dartres — Ulcères — Fièvres .Emménagogue — Diurétique ITydropisie — Affections de vessie .Aromatique — Amer .",
                  "id": "9",
                  "title": "Plantes médicinales de l'île Maurice et des pays intertropicaux, comprenant un formulaire thérapeutique : précédé d'un tableau contenant la vertu et le principe actif des plantes avec leurs noms en créole, tamoul, hindou et latin / par le Dr Clément Daruty,..."
            },
            {
                  "doc_url": "https://gallica.bnf.fr/ark:/12148/bpt6k4251334",
                  "emotions": [
                        "love",
                        "desire",
                        "excitement",
                        "gratitude",
                        "envy",
                        "faith"
                  ],
                  "excerpt": "Oui , s ' écriait souvent la vierge de Missolonghi o ui Soliman , mon cœur ne peut rester insensible à une ardeur si pure .Mais je veux faire pénétrer dans le tien , avec l ' amour , les trésors de ma foi ; je veux que ton bras formidable devienne l ' appui de nos chrétiens ; nous n ' avons qu ' une même àme , nous n ' aurons qu ' un même Dieu ; je consacrerai ta vaillante épée à la défense de lacroix , à lagloire de la Grèce ! » » C ' était sous l ' ombrage parfumé de bosquets de myrtes et de roses , au sein de toutes les richesses du plus beau climat , que la jeune Odaïde se livrait à ces rêves de l ' amour .Un jour le sommeil vint l ' y surprendre , et à son réveil elle se vit sans effroi pressée dans les bras de celui dont l ' image avait occupé ses heures solitaires ; sûre d ' être respectée , Odaïde n ' opposa que de pudiques refus et de tendres regards aux voeux ardens d ' un maître devenu esclave , et qui lui disait « Odaïde , ma vie dépend de ton amour , te posséder est un bien mille fois au - dessus de la faveur d ' Ibrahim et des trésors du Sultan .",
                  "id": "10",
                  "title": "Le garde national à l'obélisque de Masséna, anecdote historique , suivie du Renégat, ou La vierge de Missolonghi, par Mme S. E., auteur des \"Mémoires d'une contemporaine\""
            },
            {
                  "doc_url": "https://gallica.bnf.fr/ark:/12148/bd6t5369957p",
                  "emotions": [
                        "love",
                        "excitement",
                        "curiosity"
                  ],
                  "excerpt": "Les Turcs , qui déjà en 1500 étaient de grands amateurs de Tulipes , n ’ ont pas renoncé à leurs affections et tous les ans , aux premiers jours de printemps , on célèbre à Constantinople la fête des Tulipes .La Tulipe , on le conçoit facilement , pouvait exciter une vive passion : quoique privée d ’ odeur , l ’ élégance de sa forme , et la facilité avec laquelle les fleurs se nuancent d ’ or , d ’ argent , de pourpre , de lilas , de rouge foncé , de rose tendre , de jaune , de brun , de blanc et de tant d ’ autres nuances , ont attiré les yeux et excité l ’ enthousiasme .Le bleu ne se montre pas parmi toutes les couleurs dont se parent ces fleurs .",
                  "id": "11",
                  "title": "Les fleurs à travers les âges et à la fin du XIXe siècle : ouvrage honoré du prix Joubert de L'Hyberderie, par la Société nationale d'horticulture de France / Th. Villard ; reproductions d'aquarelles de Madeleine Lemaire ; notes horticoles et botaniques résumées avec le concours de M. Maxime Cornu,... et de M. A. Chargueraud,... ; préface de Jean Aicard"
            },
            {
                  "doc_url": "https://gallica.bnf.fr/ark:/12148/bd6t5369957p",
                  "emotions": [
                        "love"
                  ],
                  "excerpt": "La Giroflée des murs est jaune d ' or , aussi l ’ appelle - t - on Rameau d ’ or .Les anciens la nommaient Violier à cause de son parfum assez semblable à celui de la Violette ; on lui a conservé ce nom dans le Midi ; ou y ajoute encore celui de Ravenelle .Ibn el Awam 1 cite huit espèces de Giroflées qui se sèment à des époques diffé - rentes : la Giroflée rouge se sème en août et fleurit en hiver et au printemps ; la Giroflée jaune se sème en octobre .",
                  "id": "12",
                  "title": "Les fleurs à travers les âges et à la fin du XIXe siècle : ouvrage honoré du prix Joubert de L'Hyberderie, par la Société nationale d'horticulture de France / Th. Villard ; reproductions d'aquarelles de Madeleine Lemaire ; notes horticoles et botaniques résumées avec le concours de M. Maxime Cornu,... et de M. A. Chargueraud,... ; préface de Jean Aicard"
            },
            {
                  "doc_url": "https://gallica.bnf.fr/ark:/12148/bd6t5369957p",
                  "emotions": [
                        "love"
                  ],
                  "excerpt": "I ) .Ces fleurs sont très grandes , globuleuses , très odorantes .L ’ arbuste qui les produit est vigoureux , assez rustique , très florifère .",
                  "id": "13",
                  "title": "Les fleurs à travers les âges et à la fin du XIXe siècle : ouvrage honoré du prix Joubert de L'Hyberderie, par la Société nationale d'horticulture de France / Th. Villard ; reproductions d'aquarelles de Madeleine Lemaire ; notes horticoles et botaniques résumées avec le concours de M. Maxime Cornu,... et de M. A. Chargueraud,... ; préface de Jean Aicard"
            },
            {
                  "doc_url": "https://gallica.bnf.fr/ark:/12148/bpt6k5844545k",
                  "emotions": [
                        "love"
                  ],
                  "excerpt": "centum folliculos musci ) ( 1 ) .L ' engouement qui , auxvi 0 siècle , se manifesta pour les parfums , amena vers la fin de ce siècle une élévation telle du prix de cette substance qu ' en quarante ans , de i54a à I58I , sa valeur marchande s ' éleva du double .Ainsi en i54a , une livre de musc était évaluée à 100 livrestournois de 24 sous la livre ; en I58I elle atteignait 25o livres tournois .",
                  "id": "14",
                  "title": "Matière médicale zoologique, histoire des drogues d'origine animale, par H. Beauregard,... revisé par M. Coutière,... avec préface de M / d'Arsonval,..."
            },
            {
                  "doc_url": "https://gallica.bnf.fr/ark:/12148/bpt6k9739653b",
                  "emotions": [
                        "love",
                        "doubt",
                        "embarrassment"
                  ],
                  "excerpt": "Mais que de talens précieux , Accusant déjà mon silence , Demandent des vers dignes d ' eux ! Et ses propos ingénieux Dont le sel piquant nous réveille , Et les accens mélodieux Dont sa voix flatte notre oreille , Et la finesse de ses yeux , Et le sourire gracieux Qui liait sur sa bouche vermeille ; Tout vient me charmer à - la - fois .J ' hésite , embarrassé du choix ; Et , semblable à la jeune abeille , Qui , quand Flore ouvre sa corbeille , Indécise entre les couleurs Et les parfums de mille fleurs , Ne sait où reposer son aile , Charmé de mille attraits divers , J ' oublie et la rime et les vers , Et ne sais m ' occuper que d ' elle .Pour y rêver , plus d ' une fois Dans les jardins et dans les bois Errant avant l ' aube nouvelle , Je dis : « Que n ' est - elle en ces lieux ! Sur ces gazons voluptueux Je reposerais auprès d ' elle ; Ma main de la fleur la plus belle Parfumerait ses beaux cheveux ; Plein d ' un transport délicieux , Je la conduirais sous les ombres De ces bosquets mystérieux ; Car , à côté de deux beaux yeux , On sait que les lieux les plus sombres Sont ceux où l ' on se plaît le mieux .",
                  "id": "15",
                  "title": "Oeuvres de Delille. 10, Malheur et pitié ; La conversation ; Poésies fugitives / Delille"
            },
            {
                  "doc_url": "https://gallica.bnf.fr/ark:/12148/bpt6k9739653b",
                  "emotions": [
                        "love",
                        "pride",
                        "caring"
                  ],
                  "excerpt": "Mais c ' était peu pour vous de briller et de plaire : A vos enfans vous transmettez vos dons .De l ' amour maternel tel est le caractère ; C ' est dans ses tendres rejetons Qu ' est sa volupté la plus chère ; C ' est dans eux qu ' il jouit , c ' est pour eux qu ' il espère ; Au milieu de ses nourrissons , Ainsi la rose , déjà mère , Que les zéphyrs trop tôt cèdent aux aquilons , Ne pouvant retenir sa beauté passagère , Met son espoir dans ses jeunes boutons ; Leur lègue ses parfums , sa grace héréditaire , Sa couronne de pourpre et ses riches festons .De vous , de vos enfans c ' est l ' image fidèle : L ' aimable Cavendish , graces à vos leçons , Est le portrait charmant du plus parfait modèle ; Comme vous elle plaît , vous vous plaisez dans elle .",
                  "id": "16",
                  "title": "Oeuvres de Delille. 10, Malheur et pitié ; La conversation ; Poésies fugitives / Delille"
            },
            {
                  "doc_url": "https://gallica.bnf.fr/ark:/12148/bpt6k9739653b",
                  "emotions": [
                        "admiration",
                        "grief",
                        "love",
                        "desire",
                        "envy",
                        "calmness"
                  ],
                  "excerpt": "Son image sur nous aurait trop de pouvoir , Si le pinceau joignait le bonheur de l ' entendre > Au plaisir si doux de la voir .Et si je pénétrais dans cette âme si pure , Que dans un corps charmant enferma la nature , Que de sentimens délicats ! Je voudrais bien les peindre ; mais , hélas ! La vertueuse Annette à sa gloire s ' oppose ; D ' un vain renom évitant les éclats , La modeste pudeur qui dans son cœur repose , Voile à nos yeux ses innocens appas : C ' est le calice de la rose Dont le parfum s ' exhale et ne se montre pas .VERS A M .",
                  "id": "17",
                  "title": "Oeuvres de Delille. 10, Malheur et pitié ; La conversation ; Poésies fugitives / Delille"
            },
            {
                  "doc_url": "https://gallica.bnf.fr/ark:/12148/bpt6k5579246m",
                  "emotions": [
                        "love",
                        "nostalgia",
                        "disappointment"
                  ],
                  "excerpt": "Je cueillais tout bouton de rose — Lorsqu ' on est page on est hardi — Faut - il avouer autre chose ? J ' étais un étrange étourdi .J ' aimais , partout où l ' on respire Les fleurs , l ' amour , l ' air embaumé ; J ' allais vers tout ce qui soupire , En évoquant l ' objet aimé , III J ' ai supposé que mon bon ange Veillait sur moi même la nuit ; Il a rompu le charme étrange — Ave ma soeur , le page a fui .— ECHOS DIVERS 12I Était - ce un double de moi - même ? Je ne saurais vous l ' expliquer .",
                  "id": "18",
                  "title": "Petits riens, rimes de toutes les couleurs. Avec lettre-préface de Arsène Houssaye / Ch. Pérotte-Deslandes"
            },
            {
                  "doc_url": "https://gallica.bnf.fr/ark:/12148/bpt6k5664663x",
                  "emotions": [
                        "joy",
                        "love",
                        "nostalgia",
                        "gratitude",
                        "amusement"
                  ],
                  "excerpt": "le traîne avec amour mon exil ot nies fers .Qutnd son noiii , malgré moi , s ' exahlo de ma plainte , It remplit les échos do mon amour si fort ; Heaume ou parfum qui rend ma prière plus sainte , Sou nom réveille alors soa image qui dort : Je la revois , souvent , riante , affectueuse , Embellissant toujours mes rêves de la nuit .Maisje ne peux saisir son ombre vaporeuse Si je l ' appello , hélas ! soudain elle s ' enfuit .",
                  "id": "19",
                  "title": "Les Voix de la patrie : organe mensuel de l'Académie poétique de France / rédacteur en chef Antonin Martin"
            },
            {
                  "doc_url": "https://gallica.bnf.fr/ark:/12148/bpt6k5664663x",
                  "emotions": [
                        "joy",
                        "love",
                        "optimism",
                        "excitement"
                  ],
                  "excerpt": "- « LE SOLEIL .Par relis JVVEN Membre correspondant A Paris ( Seine ) Vive ! e soleil du printemps Qui fait vibrer 1er coeur do l ' homme , Qui , des fleurs , distille l ' arôme , Lo répand au loin dans les champs .H fait dire aux oiseaux leurs chants , De la nature il clôt le somme , Son rayon , bienfaisant en somme , Fait renaître les coeurs aimants .",
                  "id": "20",
                  "title": "Les Voix de la patrie : organe mensuel de l'Académie poétique de France / rédacteur en chef Antonin Martin"
            }
      ]
}