{
      "articles": [
            {
                  "doc_url": "https://gallica.bnf.fr/ark:/12148/bpt6k6272144r",
                  "emotions": [
                        "love"
                  ],
                  "excerpt": "Elle le contempla uninstayt , immobile et soumis devant elle , ce lier amoureux qu ' elle avait dompté .Puis elle allongea doucement vers lui ses deux mains pâles , les haussa jusqu ' aux lèvres d ' Albert qui lentement et longuement les baisa , le visage enfoui dans leur tiédeur parfumée .Puis elle tira ses mains , une à une , et les posa sur les bras du jeune homme , les monta autour de son cou et se coucha sur son épaule , tandis qu ' il la tenait enlacée .",
                  "id": "1",
                  "title": "La Vie littéraire : petit magazine illustré bi-hebdomadaire"
            },
            {
                  "doc_url": "https://gallica.bnf.fr/ark:/12148/bpt6k9692141n",
                  "emotions": [
                        "joy",
                        "love",
                        "calmness",
                        "caring",
                        "amusement"
                  ],
                  "excerpt": "Est - ce donc quelquefois un crime que de naître ? Oh ! maudit soit le jour où Dieu m ' a donné l ' être .La vie était pour moi toute en un mot : amour , ; Seul , il jetait sur elle un peu d ' air et de jour ; Et j ' ai vu le parfum le plus pur de mon âme , Toujours , avec dédain , rejeté par la femme ; Et , quand l ' espoir enfin souriait à mon cœur , Le fantôme s ' enfuir avec un rire moqueur ; Et le monde , bien loin de plaindre mes tortures , En retournant le fer , élargir mes blessures .Meurtri de tant de coups , enfin , j ' avais fait vœu De dire à l ' espoir même un éternel adieu Et de fonctionner , ressort cloué sur place , Jusqu ' à ce que le choc nécessaire le casse .",
                  "id": "2",
                  "title": "Étoiles filantes / poésies d'Eug. Poultier,..."
            },
            {
                  "doc_url": "https://gallica.bnf.fr/ark:/12148/bpt6k5407534n",
                  "emotions": [
                        "love",
                        "optimism",
                        "desire",
                        "nostalgia",
                        "excitement",
                        "relief"
                  ],
                  "excerpt": "Lorsque ma main lui verse une onde salutaire , Qu ' elle semble revivre et redevenir fière , Je fais aussi parfois des rêves de bonheur ; J ' ai ces pensers d ' amour qui font battre le coeur .Quand la goutte d ' eau pend sur sa tige abaissée , Que son calice ouvert boit la tiède rosée , Et qu ' il m ' envoie alors son parfum le plus pur , De la fleur , mon regard se porte au ciel d ' azur ; Puis , je sens daus mon coeur descendre l ' espérance , S ' envoler mes ennuis , s ' alléger ma souffrance .Un jour , je l ' oubliai sur ma fenêtre , hélas ! Pauvre pelile fleur ! C ' était un jour de fête , Et je vis qu ' au matin elle courbait la tête , Ayant été glacée au souffle des frimas .",
                  "id": "3",
                  "title": "Le séminariste malgré lui : livre dédié à Victor Hugo / [par P. Neuville]"
            },
            {
                  "doc_url": "https://gallica.bnf.fr/ark:/12148/bpt6k314933w",
                  "emotions": [
                        "love"
                  ],
                  "excerpt": "La truffe du Périgord est toujours encroûtée d ’ une épaisse couche de terre , tandis que la truffe des Landes s ’ offre sous un aspect séduisant ; sa surface , à peine couverte de quelques grains de sable , ne demande pas de lavages réitérés .Elle est ordinairement plus grosse , plus savoureuse , plus parfumée que la truffe du Périgord .En un mot , et cela suffirait pour justifier notre préférence , c ’ est la truffe des Landes que M .",
                  "id": "4",
                  "title": "Notice sur les champignons comestibles du département de Lot-et-Garonne et des landes d'Albret, par Maurice Lespiault,..."
            },
            {
                  "doc_url": "https://gallica.bnf.fr/ark:/12148/bpt6k5725313f",
                  "emotions": [
                        "surprise",
                        "grief",
                        "love",
                        "nostalgia",
                        "envy",
                        "caring",
                        "doubt",
                        "disappointment"
                  ],
                  "excerpt": "Chère ombre , pardonnez - moi , je savais aussi les lourmens du nouvel avenir qui s ' ouvrait devant vous , et pressentant l ' orage qui devait vous briser , j ' entrevoyais avec effroi le jour où votre destinée se détacherait ■ ■ ; de la mienne .Oh ! pourquoi , jeune fleur , ma tendresse jalouse ne vous a - t - elle pas cachée sous l ' ombre de nos bois ! Pourquoi n ' ai - je point laissé vos , parfums s ' exhaler dans la solitude ? Pourquoi mon aveugle confiance vous a - trelle livrée aux tempêtes du monde ? Hélas ! vous étiez trop frêle , votre éclat a pâli bien vite , et le premier souffle du malheur avait à peine glissé sur votre front que vous vous penchiez pour mourir .34 Maxime s ' interrompit , et demeura longtemps plongé dans la contemplation silencieuse d ' une jeune et céleste image .",
                  "id": "5",
                  "title": "Madame de Sommerville / par Jules Sandeau"
            },
            {
                  "doc_url": "https://gallica.bnf.fr/ark:/12148/bd6t5332983j",
                  "emotions": [
                        "love",
                        "nostalgia",
                        "gratitude",
                        "envy",
                        "caring"
                  ],
                  "excerpt": "Il fut l ’ enfant gâté des tendresses délicates , des voix câlines et des rires vermeils .Il était blond comme ses sœurs , doux comme elles ; il pouvait leur dire : Aussi , petites sœurs , la beauté de vos âmes Frôla si longuement mon cœur d ’ adolescent Que la féminité se glissa dans mon sang Ainsi que dans les bois un parfum de cinnames .« D ' un livre à un autre livre , de l ’ Ame voyageuse aux Sonates au clair de lune , il se transformait ; mais quelque chose demeurait en son vers qu ' il avait emporté du foyer , une molle douceur , une harmonie fluide et caressante , comme celle des claires mélopées qui charmèrent ses premiers jeux et ses premiers rêves .",
                  "id": "6",
                  "title": "Amédée Prouvost / C. Lecigne"
            },
            {
                  "doc_url": "https://gallica.bnf.fr/ark:/12148/bd6t5332983j",
                  "emotions": [
                        "love",
                        "nostalgia",
                        "pride",
                        "gratitude"
                  ],
                  "excerpt": "Je fus l ’ enfant gâté de vos rires vermeils , Comme un cygne ondulant sur les flots clairs et lisses , Votre bonté suivait le gré de mes caprices ; Les mêmes rêves bleus enchantaient nos sommeils .Aussi , petites sœurs , la beauté de vos âmes Frôla si longuement mon cœur d ’ adolescent Que la féminité se glissa dans mon sang Ainsi que dans les bois un parfum de cinnames .Et des hommes , je sais , sourirent en passant .",
                  "id": "7",
                  "title": "Amédée Prouvost / C. Lecigne"
            },
            {
                  "doc_url": "https://gallica.bnf.fr/ark:/12148/bpt6k5721682g",
                  "emotions": [
                        "love",
                        "excitement",
                        "amusement"
                  ],
                  "excerpt": ".Voici les soyeux palanquins ! VOYAGE FANTASTIQUE 171 Le long des rives parfumées , On peut voir danser les aimées , Leurs fronts couronnés do sequins .Vive Dieu ! chargeons le navire Des lins tissus de Cachemire , De fourrures et de tapis ; Fouillons les mines de Golconde ; Qu ' entre nos doigts ruisselle une onde De diamants et de rubis ! .",
                  "id": "8",
                  "title": "Poèmes anecdotiques et poésies diverses / Louis Tronche"
            },
            {
                  "doc_url": "https://gallica.bnf.fr/ark:/12148/bpt6k6151834p",
                  "emotions": [
                        "joy",
                        "love",
                        "gratitude",
                        "approval"
                  ],
                  "excerpt": "Nom ancien du Polygonum aviculare L .MYRYDE ODORANTE .Le Myrrhis odorata SCOP .",
                  "id": "9",
                  "title": "Dictionnaire de botanique. Tome 3 / par M. H. Baillon ; avec la collab. de MM. J. de Seyne... [et al.] ; dessins de A. Faguet"
            },
            {
                  "doc_url": "https://gallica.bnf.fr/ark:/12148/bpt6k6151834p",
                  "emotions": [
                        "love",
                        "approval"
                  ],
                  "excerpt": "Le Melilotus alba LAMK .MÉLILOT ODORANT , M .BAUMIER .",
                  "id": "10",
                  "title": "Dictionnaire de botanique. Tome 3 / par M. H. Baillon ; avec la collab. de MM. J. de Seyne... [et al.] ; dessins de A. Faguet"
            },
            {
                  "doc_url": "https://gallica.bnf.fr/ark:/12148/bpt6k6151834p",
                  "emotions": [
                        "love"
                  ],
                  "excerpt": "Le N .poeticus est remarquable par ses fleurs blanches , odorantes .Salisbury a divisé ce genre en sept autres , dans un travail inséré dans le volume I des Transactions of the Ilorlicultural Society .",
                  "id": "11",
                  "title": "Dictionnaire de botanique. Tome 3 / par M. H. Baillon ; avec la collab. de MM. J. de Seyne... [et al.] ; dessins de A. Faguet"
            },
            {
                  "doc_url": "https://gallica.bnf.fr/ark:/12148/bpt6k61284426",
                  "emotions": [
                        "love",
                        "nostalgia"
                  ],
                  "excerpt": "Bientôt l ' hiver jaloux , à l ' abri du rocher , Auprès de son vieux père appela le berger .Il devait revenir quand l ' épine fleurie D ' une enceinte embaumée ornerait la prairie : Un anneau que tressa la main des deux amans , Don modeste comme eux , consacra leurs sermens .Le pâtre à ses amours rie fut point infidèle .",
                  "id": "12",
                  "title": "Aimer, prier, chanter, études poétiques et religieuses, par Ludovic *** [Guyot]"
            },
            {
                  "doc_url": "https://gallica.bnf.fr/ark:/12148/bpt6k5829679q",
                  "emotions": [
                        "admiration",
                        "love",
                        "gratitude",
                        "caring",
                        "faith"
                  ],
                  "excerpt": "C ' est lui , dont le pouvoir féconde la nature , Couvre le lys des champs d ' un manteau virginal ; Chaque année à la terre il donne sa parure Et fait tout abonder sur le sol végétal .Je viens en ce grand jour , avec reconnaissance , Vous offrir de mon coeur les élans généreux ! Chers parents , n ' est - ce pas charmer votre existence ? Vous aimer n ' est - ce pas vous rendre bien heureux ? Que des plus belles fleurs la divine ambroisie Impreigne de parfums noire âme et notre esprit : Au sein de l ' amitié passons gaîment la vie ; Pour garant de mes voeux gardez mon manuscrit .Dieu nous fit bien heureux sur cette terre immense Où nous devons goûter tous ses divins bienfaits ; Son soleil , en tous lieux , féconde la semence , Donne aux fruits la couleur et leurs brillants attraits ; L ' abondance est partout sous sa main généreuse , Les feux de son amour éclairent ses enfants .",
                  "id": "13",
                  "title": "La Muse solennelle des écoles et des familles. Compliments du jour de l'an, imitant la romance, avec musique notée et chiffrée, par M. Jules Chalory,..."
            },
            {
                  "doc_url": "https://gallica.bnf.fr/ark:/12148/bpt6k5829679q",
                  "emotions": [
                        "love",
                        "nostalgia",
                        "gratitude",
                        "faith"
                  ],
                  "excerpt": "Comment pourrai - je un jour m ' acquilter envers loi ? Il n ' est poi nt ici bas ni de prix , ni de loi Qui puisse s ' élever au - dessus de ton âme , Egaler tes vertus , cette pudique flamme Qui réchauffe mon coeur , me dicte mon devoir Et me rend sans remords près de toi chaque soir , Un prix à les bienfaits ? C ' est ma reconnaissance Et suivre les conseils avec obéissance .Embrasse - moi , ma mère , et reçois en ce jour , Pour prix de les bienlails mon filial amour , Et laisse mes deux mains entrelacer ta tête De parfums el de fleurs le beau jour de ( a fête .SAINT FRANÇOIS .",
                  "id": "14",
                  "title": "La Muse solennelle des écoles et des familles. Compliments du jour de l'an, imitant la romance, avec musique notée et chiffrée, par M. Jules Chalory,..."
            },
            {
                  "doc_url": "https://gallica.bnf.fr/ark:/12148/bpt6k65822109",
                  "emotions": [
                        "love"
                  ],
                  "excerpt": "— B .à longues fleurs odorantes .— Sp .",
                  "id": "15",
                  "title": "Nouveau calendrier des jardins... pour le midi de la France, par Gueidan aîné,..."
            },
            {
                  "doc_url": "https://gallica.bnf.fr/ark:/12148/bpt6k65822109",
                  "emotions": [
                        "love"
                  ],
                  "excerpt": "- B .à longues fleurs odorantes .- Sp .",
                  "id": "16",
                  "title": "Nouveau calendrier des jardins... pour le midi de la France, par Gueidan aîné,..."
            },
            {
                  "doc_url": "https://gallica.bnf.fr/ark:/12148/bpt6k9736895f",
                  "emotions": [
                        "love",
                        "caring"
                  ],
                  "excerpt": "Mais Léandre des flots enchaîne enfin la rage , De fatigue accablé touche l ' heureux rivage ; Eu silence , la vierge aux portes de la tour L ' accueille , et couronnant du baiser de l ' amour L ' époux dont le courage a conquis sa maîtresse , De son cœur presse un cœur qui tressaille d ' ivresse ; Vers la couche d ' Hymen tous deux guident leurs pas .0 soins touchants et doux ! de ses doigts délicats Elle essuie un beau sein que l ' eau des mers arrose , S ' empresse à le couvrir du parfum de la rose , Et laissant sa pudeur mourir avec le jour , Tremblante encor , se livre aux désirs de l ' Amour .« Oui , c ' est assez souffrir ; oui , c ' est assez d ' obstacles .",
                  "id": "17",
                  "title": "Poésies de C.-L. Mollevaut"
            },
            {
                  "doc_url": "https://gallica.bnf.fr/ark:/12148/bpt6k9736895f",
                  "emotions": [
                        "joy",
                        "love",
                        "optimism",
                        "calmness",
                        "amusement"
                  ],
                  "excerpt": "Ne sépare jamais leurs deux noms immortels ! Déjà , de son palais franchissant les portiques , Roulait le char du roi vers les donjons antiques Ou son bras commandait à ees foudres , vainqueurs , , Ces foudres qui de \" Mars allument les fureurs ; Déjà le doux aspect de la riche Lutèce De son cœur , par degrés , dissipe la tristesse ; Et du monarque ému les regards attendris Contemplent de ces , bords les habitants chéris .L ' allégresse se peint sur leur riant visage ; Ils accourent de fleurs parfumer son passage ; Et d ' un seul sentiment tout un peuple animé Fait goûter à son roi le bonheur d ' être aimé .Oh ! combien pour Henri ce spectacle a de charmes ! Sa bouche leur sourit , ses yeux versent des larmes ; Gardé par leur amour , escorté de bienfaits , Dans sa marche entouré des heureux qu ' il a faits , A la douce gaîté qui sur tous les fronts brille , Il semble un père heureux fêté de sa famille .",
                  "id": "18",
                  "title": "Poésies de C.-L. Mollevaut"
            },
            {
                  "doc_url": "https://gallica.bnf.fr/ark:/12148/bpt6k9736895f",
                  "emotions": [
                        "love",
                        "gratitude"
                  ],
                  "excerpt": "LE CHARME DU BAISER , ROMANCE .L ' ABEILLE emplit ses rayons d ' or Du tribut odorant de la plaine fleurie ; Mais la douceur de son trésor Ne vaut point la douceur du baiser d ' Amélie .La rose sous un ciel d ' azur S ' élève , de pudeur et de grâce embellie ; Eh bien ! son parfum le plus pur Ne vaut point le parfum du baiser d ' Amélie .",
                  "id": "19",
                  "title": "Poésies de C.-L. Mollevaut"
            },
            {
                  "doc_url": "https://gallica.bnf.fr/ark:/12148/bpt6k9736895f",
                  "emotions": [
                        "sadness",
                        "love",
                        "nostalgia"
                  ],
                  "excerpt": "Au réveil de ce jour charmant , Qu ' un peuple léger l ' environne , Tresse sa changeante couronne , Et soit son plus bel ornement .Fleurs , qu ' Iris de feux vous colore ; Fleurs , parfumez le firmament ; Buvez les larmes de l ' Aurore , Naissez , mourez en un moment : Je donne votre empire à Flore ; Zéphire sera votre amant » .Elle a dit , sa troupe fidèle , Parcourant les prés et les bois , Nuance ta robe , ô Cybèle ! De mille couleurs à - la - fois .",
                  "id": "20",
                  "title": "Poésies de C.-L. Mollevaut"
            }
      ]
}