{
      "articles": [
            {
                  "doc_url": "https://gallica.bnf.fr/ark:/12148/bpt6k6138788h",
                  "emotions": [
                        "love",
                        "nostalgia",
                        "gratitude"
                  ],
                  "excerpt": "14 — LAISSEZ - MOI YIVRE D ' ESPÉRANCE La vie est courte et vers la tombe Le temps nous pousse chaque jour : Rois , riches , pauvres , tout y tombe , Et tout y reste sans retour .Douces chimères de la vie , 0 caressez - moi dans vos bras ; Des parfums de votre ambroisie Couvrez le chemin du trépas .Laissez - moi vivre d ' espérance Et des arômes de vos fleurs ; Lorsque la mort vers moi s ' avance , Cachez - moi l ' instant où je meurs .",
                  "id": "1",
                  "title": "Dernières Feuilles des bois , poésies, par le Cte de Fleury"
            },
            {
                  "doc_url": "https://gallica.bnf.fr/ark:/12148/bpt6k5814067m",
                  "emotions": [
                        "love",
                        "pride",
                        "faith"
                  ],
                  "excerpt": "Elle a pris le manteau et en respire l ' odeur .Lé parfum du jasmin ! ..",
                  "id": "2",
                  "title": "Le chariot de terre cuite : cinq actes, d'après la pièce du théâtre indien attribuée au roi Soûdraka / Victor Barrucand"
            },
            {
                  "doc_url": "https://gallica.bnf.fr/ark:/12148/bpt6k58178375",
                  "emotions": [
                        "joy",
                        "love",
                        "nostalgia",
                        "gratitude",
                        "caring"
                  ],
                  "excerpt": "Si co charmant jeune homme chantait une soûle noto dos modes rttmkaU ou bihbâs , Vénus elle - même descendrait du firmament pour l ' entendre PAGE 64 , PIÈCE U .L ' odeur do l ' amour est arrivée au cerveau do celui qui , dans co jardin , a vu sa maîtresse .Tos yeux ont fait perdre la raison au mondo ; leurs mouvemouts , pareils à ceux do la coupe qu ' on passe a la rondo , sont vraiment morvoilleux PAGE 65 , PIÈCE I .",
                  "id": "3",
                  "title": "Les oeuvres de Walî. 2 / publiées en hindoustani par M. Garcin de Tassy,..."
            },
            {
                  "doc_url": "https://gallica.bnf.fr/ark:/12148/bpt6k58178375",
                  "emotions": [
                        "love",
                        "faith"
                  ],
                  "excerpt": "Ces deux mondes sont un corps dont il est l ' esprit ; les yeux sont los amîr , et il est le sultan de l ' univers .Il a montré aux amants la voie réelle do l ' amour , il los a instruits des vraies doctrines spirituelles , Celui qui sera parfumé par cetto roso , restera ivro de son odeur jusqu ' au jour du jugement .C ' est pour ce père dos esprits que lo Créateur a élevé les quatre murs des éléments .",
                  "id": "4",
                  "title": "Les oeuvres de Walî. 2 / publiées en hindoustani par M. Garcin de Tassy,..."
            },
            {
                  "doc_url": "https://gallica.bnf.fr/ark:/12148/bpt6k1337861b",
                  "emotions": [
                        "sadness",
                        "love",
                        "nervousness"
                  ],
                  "excerpt": "» Le tour était joué ! ! ! CRUX .A UN BOUQUET DE VIOLETTES Votre senteur guida sa main Qui vous découvrit sous la mousse , Se déployant en verte housse Dans les méandres du chemin .* * * Et bientôt , rieuse et superbe , Se grisant des parfums subtils Qu ' exhalaient vos frêles pistils , Elle vous rassemblait en gerbe .",
                  "id": "5",
                  "title": "Le Petit troubadour : journal français-languedocien paraissant le dimanche"
            },
            {
                  "doc_url": "https://gallica.bnf.fr/ark:/12148/bpt6k5786685x",
                  "emotions": [
                        "love",
                        "caring",
                        "faith"
                  ],
                  "excerpt": "Nous en dirions autant de HARRISON , s ' il conseillait au phthisique de rester chez lui , sous prétexte qu ' il est facile d ' établir dans un appartement un cloaque putride comme il y en a dans les bas - fonds d ' un navire .Si dévoué que nous soyons au Goudron et à ses émanations balsamiques , nous n ' empêcherons jamais un malade d ' aller , si ses moyens le lui permettent , les respirer à bord d ' un vaisseau qui va faire le tour du monde .Il y a bien assez d ' autres malades que leur position sociale , leur fortune , leurs liens domestiques retiendront chez eux .",
                  "id": "6",
                  "title": "Traitement de la phthisie pulmonaire par l'inhalation des liquides pulvérisés et par les fumigations de goudron / par Sales-Girons,..."
            },
            {
                  "doc_url": "https://gallica.bnf.fr/ark:/12148/bpt6k204044c",
                  "emotions": [
                        "love"
                  ],
                  "excerpt": "( Matin et soir en onctions .) MASSAGE POUR ADOUCIR LA PEAU ET LUI ENLEVER TOUTE ODEUR Huile d ' amandes amères .10 grammes .",
                  "id": "7",
                  "title": "L'hygiène de la beauté : formulaire cosmétique (Nouv. éd. (8e mille)) / par le Dr E. Monin,... ; Ouvrage précédé d'une lettre de Catulle Mendès"
            },
            {
                  "doc_url": "https://gallica.bnf.fr/ark:/12148/bpt6k204044c",
                  "emotions": [
                        "love"
                  ],
                  "excerpt": "pour faire évaporer lentement sur une assiette .EAU DE MIEL ODORANTE DE LONDRES Eau i litre .Miel 3o grammes Essence de bergamote 2 de néroli .",
                  "id": "8",
                  "title": "L'hygiène de la beauté : formulaire cosmétique (Nouv. éd. (8e mille)) / par le Dr E. Monin,... ; Ouvrage précédé d'une lettre de Catulle Mendès"
            },
            {
                  "doc_url": "https://gallica.bnf.fr/ark:/12148/bpt6k5721826j",
                  "emotions": [
                        "love"
                  ],
                  "excerpt": "L ' opium turc apaise ou irrite les sens selon la préparation qu ' on lui donne .Celui qu ' on mêle avec de la muscade , de la cannelle du du safran devient aphrodisiaque et donne des songes amoureux .On en fait de petites boules ou pilules dont les riches Turcs savent se servir adroitement pour amorcer et incendier les jeunes Grecs .",
                  "id": "9",
                  "title": "Histoire philosophique et politique des établissemens et du commerce des Européens dans l'Afrique. Tome 2 / , ouvrage posthume de G.-T. Raynal. Augmenté d'un aperçu de l'état actuel de ces établissemens et du commerce qu'y font les Européens, notamment avec les puissances barbaresques et la Grèce moderne, par M. Peuchère..."
            },
            {
                  "doc_url": "https://gallica.bnf.fr/ark:/12148/bpt6k6410522r",
                  "emotions": [
                        "admiration",
                        "love",
                        "gratitude"
                  ],
                  "excerpt": "Oui vous êtes encore mes jeunes et éclatantes passions ; portraits , cheveux , lettres , rubans , fleurs fanées ! je sais vos noms , je sais vos couleurs , je reconnais vos voix et vos murmures .Vous êtes les fantômes souriants de mes amours ! Il ferait nuit , qu ' à leur forme , à leur odeur , à un je ne sais quoi que je devine , je les reconnaîtrais les uns et les autres , dans tout ce pêle - mêle d ' amours .Voici la première violette qu ' Anna m ' avait cueillie sur les bords de notre fleuve bienaimé ; voici le ruban que me donna Juliette le jour de son mariage , pauvre femme ! Hortense m ' abandonna ce mouchoir brodé la première fois que je lui pris la main .",
                  "id": "10",
                  "title": "L'Ane mort et la femme guillotinée. [Par Jules Janin.]"
            },
            {
                  "doc_url": "https://gallica.bnf.fr/ark:/12148/bpt6k63751905",
                  "emotions": [
                        "disgust",
                        "love"
                  ],
                  "excerpt": ".tion des affections bilieuses , putrides , atrabilieusesi résultant d ' une bile exhaltée ou dégénérée .Aussi la nature bienfaisante nous fournit - elle de véritables correctifs de cette bile , dans les fruits fondans oU anti - putrides , parmi lesquels il faut placer en première ligne , les raisins .",
                  "id": "11",
                  "title": "L'art de conserver la santé, de vivre longtemps et heureusement , avec une traduction, en vers français, des vers latins de l'École de Salerne ; par M. M.-J.-F.-Alexandre Pougens,..."
            },
            {
                  "doc_url": "https://gallica.bnf.fr/ark:/12148/bpt6k68976v",
                  "emotions": [
                        "surprise",
                        "joy",
                        "love",
                        "nostalgia",
                        "excitement"
                  ],
                  "excerpt": "Mais , dans le sordide taudis , le rôdeur , l ' escarpe , parut enfin Le chapeau tombant , les cheveux pleins de boue , parlant gras , avec le relent , dans la bouche , des sales alcools bus et vomis , il était horrible , sortant de quelque crime ou de quelque débauche plus vile .Mais il était là ! il prit , dans ses bras de grand singe , il baisa de ses rudes lèvres où reste l ' odeur des setiers , la laide fille amoureuse qui se pâma dans l ' extase de l ' étreinte et Margotte se mit à rire , à rire encore , à rire long - temps , en étonnant , heureuse d ' étouner , J sous le poids triomphant de son homme .Car l ' Amour , le très juste Amour , vainqueur des destina , est le dispensateur nocturne des tendresses compensatrices par la caresse , infâme on non , qu ' importe si elle est douce ! il accorde et réserve à la plus vile pau ' vresse de quoi rendre jalouse la mondaine exquise entre toutes ! ~ t c ' est l ' aumônière qui pourrait demander la ena - * rite a la mendiante .",
                  "id": "12",
                  "title": "La vie sérieuse / par Catulle Mendès"
            },
            {
                  "doc_url": "https://gallica.bnf.fr/ark:/12148/bpt6k9448414",
                  "emotions": [
                        "love",
                        "nostalgia"
                  ],
                  "excerpt": "une petite salle à LE MAL IMAGINATIF 197 manger et une chambre à coucher , capitonnée et coquette .Il revient de la manœuvre du matin , il m ’ embrasse , je me suis faite belle pour le recevoir et sa moustache sent bon l ’ air des champs ! Ou bien , dans un endroit perdu des Alpes ou des Pyrénées , une petite garnison pas dure , pas méchante , notre maison est à deux pas d ’ un fort ..",
                  "id": "13",
                  "title": "Fille de chouan ! / Jean Bouvier"
            },
            {
                  "doc_url": "https://gallica.bnf.fr/ark:/12148/bpt6k3399016f",
                  "emotions": [
                        "admiration",
                        "love",
                        "gratitude"
                  ],
                  "excerpt": "Vierge et libre à jamais , Eldorado charmé , Dont les vents aux vaisseaux portent l ' air embaumé , Tu ne seras jamais la conquête de l ' homme .Tu lui donnes tes fruits , ton miel au pur arome , Mais tu seras toujours , ô reine des forêts , Le sauvage oasis , l ' Hespéride au ciel frais .Et quand d ' autres pays auront perdu leurs palmes , Que leurs cieux seront veufs des oiseaux aux vols calmes , Tu garderas encor comme aux jours de jadis Le charme inviolé des anciens paradis .",
                  "id": "14",
                  "title": "L'île et le voyage : petite odyssée d'un poète lointain / Daniel Thaly"
            },
            {
                  "doc_url": "https://gallica.bnf.fr/ark:/12148/bpt6k12904705",
                  "emotions": [
                        "love"
                  ],
                  "excerpt": ": entre H et h 1 / 1 .Parfum préféré : Amaryllis .La mignonne Mario C .",
                  "id": "15",
                  "title": "Pau amusant : journal hebdomadaire, littéraire et artistique"
            },
            {
                  "doc_url": "https://gallica.bnf.fr/ark:/12148/bpt6k62479195",
                  "emotions": [
                        "love",
                        "nostalgia",
                        "pride"
                  ],
                  "excerpt": "ça ne sert à rien , mais c ' est gentil ! \" * * ^ ane sert à rien , mais Elle avait passé à la boutonnière une rosette rouge et , baissant la tête , Guy voyait ce front , ces cheveux blonds , à portée de ses lèvres .et ces doigts de femme sur sa poitrine , de cette femme qu ' il raillait Un parfum en sortait , - ce parfum de foin coupé qu ' elle aimait .l ' avant - veille , au théâtre , lui causaient une sensation irritante .",
                  "id": "16",
                  "title": "Le Magasin littéraire"
            },
            {
                  "doc_url": "https://gallica.bnf.fr/ark:/12148/bpt6k62479195",
                  "emotions": [
                        "anger",
                        "love",
                        "excitement",
                        "approval"
                  ],
                  "excerpt": "Et dans ce oui , il y avait pour Sulpice tout un monde de ten - v dresses , d ' excitations et de promesses ardentes .Alors il l ' attirait à lui : — Oui , oui , oui , oui ! répétait - il ardent , en enfonçant sa tête entre II l ' épaule sortie de la chemise brodée , et le cou de Marianne , ce cou parfumé et satiné qu ' il couvrait de ses baisers précipités .Oui ! Et il eût crié ce oui devant tous comme une bravade ! Oui ! Et c ' était sa joie , de se donner tout à Marianne et de lui redire que rien , rien au monde , rien ne pouvait remplacer pour lui cette maîtresse qui lui faisait oublier tout : la politique , le foyer , l ' ambition qui avait été sa vie , l ' affection d ' Adrienne qui avait été sa joie .",
                  "id": "17",
                  "title": "Le Magasin littéraire"
            },
            {
                  "doc_url": "https://gallica.bnf.fr/ark:/12148/bpt6k62479195",
                  "emotions": [
                        "anger",
                        "love",
                        "courage",
                        "excitement"
                  ],
                  "excerpt": "Je ne suis pas oubliée ! Et , comme dans l ' éclat superbe d ' une victoire , tout son visage exsangue s ' illumina d ' une éblouissante expression de joie .Redressant sa tête hardie , appelant les regards comme elle les eût bravés , elle écoutait , les yeux ardents , buvant chaque parole de ses lèvres , les narines ouvertes comme si un parfum d ' Orient fût venu jusqu ' à elle , le récit que commençait le duc , d ' une voix lente , douce , caressante , qui s ' animait et montait .Tout le monde écoutait Rosas .",
                  "id": "18",
                  "title": "Le Magasin littéraire"
            },
            {
                  "doc_url": "https://gallica.bnf.fr/ark:/12148/bpt6k62479195",
                  "emotions": [
                        "love",
                        "nostalgia"
                  ],
                  "excerpt": "Parfois , il revenait seul , à pied aspirant la fraîcheur vivifiante du matin dans les rougeurs d ' aurore ou , prenant un fiacre , las , étendu dans la voiture qui l ' emportait vers le ministère et revivant ces heures qui ne dataient pas qui ne dataient pas d ' une heure , essayant de les ressaisir dans leur fuite pour leur demander encore leur séduction et leur joie , pour en exprimer , comme d ' un beau fruit toute la poésie capiteuse , toute la volupté et toute l ' ivresse Il fermait les yeux .Il revoyait Marianne , les paupières closes sous ses baisers , et l ' odeur de l ' espèce de tapis blond de ses cheveux déroulés sur l ' oreiller de dentelle lui revenait .Il lui semblait qu ' il était comme pénétré de son parfum .",
                  "id": "19",
                  "title": "Le Magasin littéraire"
            },
            {
                  "doc_url": "https://gallica.bnf.fr/ark:/12148/bpt6k62479195",
                  "emotions": [
                        "love"
                  ],
                  "excerpt": "Il y a pas mal de bons petits êtres à renvoyer à l ' école .Raison de plus pour savoir gré d ' avoir appris par cœur , — par cœur , c ' est le cas de le dire , mon cher Vaudrey , — vos participes 1 Sulpice était habitué à l ' esprit tout particulier , un peu narquois , teint d ' humour , comme une eau pure où l ' on eût versé une goutte de genièvre , mais plus parfumée qu ' amère .Il ne connaissait pas d ' homme plus indulgent et plus pénétrant cependant que Ramel .",
                  "id": "20",
                  "title": "Le Magasin littéraire"
            }
      ]
}