{
      "articles": [
            {
                  "doc_url": "https://gallica.bnf.fr/ark:/12148/bpt6k63474529",
                  "emotions": [
                        "love"
                  ],
                  "excerpt": "Le mélilot est d ' un usage plus utile encore que de parfumer .les armoires d ' une vieille maniaque comme moi : les lotions d ' eau de mélilot sont très salutaires dans les affections des paupières .— Devinez vers quel lieu mystérieux nous dirigeons nos pas , maintenant , s ' écria tout à coup la bonne demoiselle , après un assez long temps de silence .",
                  "id": "1",
                  "title": "Promenades botaniques de tous les mois / E.-D. Labesse et H. Pierret ; 100 dessins de MM. Clair Guyot, Ch. Gosselin, L. Mouchot [et al.] ; gravure de F. Méaulle"
            },
            {
                  "doc_url": "https://gallica.bnf.fr/ark:/12148/bd6t5373992r",
                  "emotions": [
                        "love"
                  ],
                  "excerpt": "Rose jaunâtre pâle bordé de rose foncé .Parfum de violette .Niphetos Climbing ( Keynes ) .",
                  "id": "2",
                  "title": "L'Illustration horticole : journal spécial des serres et des jardins... / rédigé par Ch. Lemaire,... et publié par Ambroise Verschaffelt,..."
            },
            {
                  "doc_url": "https://gallica.bnf.fr/ark:/12148/bpt6k57426222",
                  "emotions": [
                        "love",
                        "amusement"
                  ],
                  "excerpt": "Une scène surtout fut dédaigneusement traitée par la critique classique ; elle a gardé , dans l ' histoire du théâtre , un nom célèbre : la seine du banc , comme on dit , à propos de Roméo et Juliette , U seine du balcon .Une délicieuse entrevue des deux amants suspend l ' action , et nous les entendons chanter une élégie à leur bonheur , à la nuit , à la belle nature , qui les convie d ' aimer et cache leurs amours , à l ' harmonie errante qui se mêle au parfum des orangers en fleurs t .La scène de la provocation , le spectacle des flambeaux allumés pour le mariage d ' Estrelle et qui verront le cercueil de son frère , enfin les Assises de la I V .",
                  "id": "3",
                  "title": "La fin du théâtre romantique et François Ponsard / d'après des documents inédits, par C. Latreille,..."
            },
            {
                  "doc_url": "https://gallica.bnf.fr/ark:/12148/bpt6k57426222",
                  "emotions": [
                        "joy",
                        "love",
                        "nostalgia",
                        "excitement",
                        "relief",
                        "calmness"
                  ],
                  "excerpt": "* 17 vante , va chercher Calais ; Horace de son côté dit à l ' esclave : Va chei CUoé , Et dis lui qce j ' irai , ce » oir , souper cbe < die .Les Jeu » « manu restent seuls : Horace s ' applaudit de pouvoir aimer désormais sans qu ' on le querelle ; Lydie cihale la fièvre d ' amour , dont son coeur brûle pour Calais , et savoure déjà la volupté des caresses , avivée par le mystère de la nuit et le parfum des verveines .Horace s ' émeut a cette déclaration qui ne lui est pas adressée ; il s ' approche de sa belle maltresse .",
                  "id": "4",
                  "title": "La fin du théâtre romantique et François Ponsard / d'après des documents inédits, par C. Latreille,..."
            },
            {
                  "doc_url": "https://gallica.bnf.fr/ark:/12148/bpt6k57426222",
                  "emotions": [
                        "love",
                        "nostalgia"
                  ],
                  "excerpt": "Et frissonnant de joie , à déesse mortelle , Les branches se disaient à voix basse : CcstcUc ! ( Il , • ) .Même en amour , les poètes de l ' Ecole du Son Sens veulent que la raison dirige le coeur ct surveille l ' effusion sentimentale : te lyrisme nuageux des jeunes premiers romantiques , éblouis par la beauté du ciel , les parfums de % fleurs ci la magie de la nature , leur paraît manquer de sincérité ct même de prob ; , v < - * r pour émouvoir le coeur , ils appellent à l ' a Me tes séductions du décor ct la volupté troublante qui , à certaines heures , émane des choses .D ' un mot , Ponsard ct ses disciples ont essayé de revenir à la tradition française .",
                  "id": "5",
                  "title": "La fin du théâtre romantique et François Ponsard / d'après des documents inédits, par C. Latreille,..."
            },
            {
                  "doc_url": "https://gallica.bnf.fr/ark:/12148/bpt6k5690105b",
                  "emotions": [
                        "love"
                  ],
                  "excerpt": "La toux est un symptôme constant des affections de l ' appareil respiratoire ; — souvent aussi elle se lie à la maladie d ' autres organes plus ou moins éloignés des poumons .Si la sueur est la terminaison la plus ordinaire des maladies , l ' expectoration est presque toujours celle des affections de la poitrine .Il est des malades qui expectorent facilement , et d ' autres qui ne peuvent pas le faire .",
                  "id": "6",
                  "title": "Art de soigner les malades, ou Traité des connaissances nécessaires aux personnes qui veulent donner des soins aux malades... par le Dr Louis Bertrand"
            },
            {
                  "doc_url": "https://gallica.bnf.fr/ark:/12148/bpt6k6469484p",
                  "emotions": [
                        "joy",
                        "love",
                        "nostalgia",
                        "relief",
                        "gratitude",
                        "faith"
                  ],
                  "excerpt": "Et loi , la saluant avec un doux sourire , Tu retraças ton chiffre au socle de sa lyre , Et voulus qu ' en son vol au pied des Apennins , Elle allàt le revoir à l ' ombre de tes pins .Salut ! au seuil ami de ta haute retraite , Je dépose aujourd ' hui l ' offrande du poète , Un hymne qu ' inspira le doux ressouvenir De ces jours où son cœur , croyant à l ' avenir , Respirait mollement l ' arôme du délice Que la fleur des amours recèle en son calice .Le barde aurait voulu , dans un calme touchant , Saluer ton foyer d ' un plus suave cliant ; Mais , hélas ! trop d ' ennuis obsèdent sa pensée , Et trop d ' absinthe encore en sa coupe est versée : Voilà pourquoi ces vers que son luth soupira Sous les noirs parasols des vieux pins du Jura Ont l ' âpre odeur des bords où son âme affaiblie S ' abandonne au courant de la mélancolie .",
                  "id": "7",
                  "title": "Vibrations lyriques, par Henry Wager"
            },
            {
                  "doc_url": "https://gallica.bnf.fr/ark:/12148/bpt6k9667979k",
                  "emotions": [
                        "admiration",
                        "joy",
                        "love",
                        "excitement",
                        "gratitude"
                  ],
                  "excerpt": "En Brûlant , la flamme étincelle ; Mais fuis Ses trompeuses lueurs ; Ne voltige pas si près .d ' elle , Beau papillon , garde ton aile ; Garde tes baisers pour les fleurs ! LE PAPILLON é ' Enfant , quand renaîtra l ' aurore , J ' irai dans les prés odorants ; J ' irai pour , m ' enivrer encore Des doux parfums que fait éclore Le souffle attiédi du printemps ; Mais cette flamme , elle est si belle ! Ce soir je la veux caresser ; La clarté joyeuse m ' appelle , Elle me demande un baiser .Quand le doux plaisir nous réclame , Il faut bien céder au plaisir ! L ' ENFANT .",
                  "id": "8",
                  "title": "Voyage autour de ma chambre / par J.-B. Vuillemin"
            },
            {
                  "doc_url": "https://gallica.bnf.fr/ark:/12148/bpt6k6128185x",
                  "emotions": [
                        "love",
                        "desire",
                        "nostalgia",
                        "excitement",
                        "gratitude"
                  ],
                  "excerpt": "CHOELR Ainsi que l ' hirondelle , Ami , bientôt ton aile Aura l ' immensité .Pour toi plus d ' esclavage , Sur un autre rivage T ' attend la liberté ! LA © @ T A MON MARI ■ Comme on voit la fleur , dès l ' aube vermeille , Donner à l ' abeille Parfum et fraîcheur , Aux épanchements de ton coeur si tendre , Fière de me rendre , Je livrai mon coeur .— 200 — Et le temps passait .",
                  "id": "9",
                  "title": "Le Murmure des nuits, par Mme Élisa Guyon"
            },
            {
                  "doc_url": "https://gallica.bnf.fr/ark:/12148/bpt6k6128185x",
                  "emotions": [
                        "admiration",
                        "surprise",
                        "love",
                        "doubt"
                  ],
                  "excerpt": "Fière de tes vertus , de ta chaste jeunesse ; J ' ai , voulant te chanter , choisi dans ma tendresse Le charmant langage des fleurs : De la rose , en .effet , n ' as - tu pas , mon cher ange , La suave fraîcheur , ces charmes sans mélange , Qui la font surnommer reine de la beauté ? N ' as - tu pas le parfum et la grâce timide De l ' humble violette à la corolle humide , Belle de son humilité .N ' as - tu pas les attraits des flexibles pervenches , Lorsque chaque matin à mes côtés tu penches Ton beau front couronné de paix et de candeur ? N ' as - tu pas du jasmin , étoile satinée , Cette amabilité que le ciel t ' a donnée Comme un sur garant de bonheur ? — 79 — Par la simplicité , semblable aux pâquerettes , Par le goût , l ' élégance , aux roses amourettes Qui charment , comme toi , nos regards en tous temps ; Dans ton amour pour moi , n ' es - tu pas l ' immortelle ? .",
                  "id": "10",
                  "title": "Le Murmure des nuits, par Mme Élisa Guyon"
            },
            {
                  "doc_url": "https://gallica.bnf.fr/ark:/12148/bpt6k6128185x",
                  "emotions": [
                        "admiration",
                        "joy",
                        "love",
                        "nostalgia",
                        "gratitude"
                  ],
                  "excerpt": "A mon sensible coeur ils offrent trait pour trait , De tes purs sentiments , le fidèle portrait .S ' enivrant des douceurs de ton parfum de femme Mon âme y voit briller les trésors de ton âme , Et mon esprit pensif y cueille bien des fleurs , Dont il forme le baume utile à mes douleurs — 168 — Pour les coeurs faits d ' amour , point de saison aride .A mon précoce hiver prête ton ciel limpide , A ma triste raison , unis ta douce foi Et laisse ses rayons arriver jusqu ' à moi .",
                  "id": "11",
                  "title": "Le Murmure des nuits, par Mme Élisa Guyon"
            },
            {
                  "doc_url": "https://gallica.bnf.fr/ark:/12148/bpt6k6128185x",
                  "emotions": [
                        "love",
                        "nostalgia",
                        "pride",
                        "envy",
                        "disappointment"
                  ],
                  "excerpt": "Dans ces doux chants recevez mes adieux .Comme la fleur au souffle de l ' automne , Je verse ici mes trésors les plus doux ! Mais le parfum que mon âme abandonne - 213 - Ne fait , hélas ! qu ' irriter les jaloux ..",
                  "id": "12",
                  "title": "Le Murmure des nuits, par Mme Élisa Guyon"
            },
            {
                  "doc_url": "https://gallica.bnf.fr/ark:/12148/bpt6k6128185x",
                  "emotions": [
                        "admiration",
                        "love",
                        "nostalgia",
                        "gratitude"
                  ],
                  "excerpt": "N ' as - tu pas les attraits des flexibles pervenches , Lorsque chaque matin à mes côtés tu penches Ton beau front couronné de paix et de candeur ? N ' as - tu pas du jasmin , étoile satinée , Cette amabilité que le ciel t ' a donnée Comme un sur garant de bonheur ? — 79 — Par la simplicité , semblable aux pâquerettes , Par le goût , l ' élégance , aux roses amourettes Qui charment , comme toi , nos regards en tous temps ; Dans ton amour pour moi , n ' es - tu pas l ' immortelle ? .Ne puis - je comparer à la mousse nouvelle , Ta maternité de vingt ans ? Ces symboliques fleurs qu ' aux beautés de ton âme , Qu ' à ta simplicité , qu ' à ton parfum de femme , Je compare aujourd ' hui sans fard et sans détour , Eh bien ! je te les dois , elles sont ton ouvrage , Conserve - les , enfant , comme étant le doux gage De mon inaltérable amour ! CONSOLE - TOI A MADAME F .SCH .",
                  "id": "13",
                  "title": "Le Murmure des nuits, par Mme Élisa Guyon"
            },
            {
                  "doc_url": "https://gallica.bnf.fr/ark:/12148/bpt6k6128185x",
                  "emotions": [
                        "joy",
                        "love",
                        "nostalgia",
                        "gratitude"
                  ],
                  "excerpt": "Le murmure des nuits : c ' est la harpe brisée Que la main du vieux barde interroge à l ' écart , C ' est un soupir du coeur , la fleur d ' une pensée Que l ' écho fugitif abandonne au hasard , 11 Le murmure des nuits : c ' est la voix fraîche et pure Qu ' on appelle harmonie et vient de l ' infini ; Ce langage muet de toute la nature , Cet ensemble que Dieu d ' un mot a réuni ! Mais , murmure et chanson , fleur brillante et fanée , Nid d ' amour qui frémit à l ' ombre du rameau , Goutte d ' eau , mer qui fuit , algue déracinée , Iront s ' ensevelir dans le même tombeau ! A Ma VILLE NATALE AUBETERRE ( Charente ) Emporte avec mes vers , ô brise matinale ! Les odorantes fleurs que j ' ai pu réunir ; C ' est un gage d ' amour qu ' à ma ville natale , Mon coeur offre aujourd ' hui comme un doux souvenir .Amis de mon jeune âge , à vous quand je destine Les parfums de bonheur répandus dans ces chants , De moi souvenez - vous , alors que l ' aubépine Ornera les sentiers où nous courions enfants ..",
                  "id": "14",
                  "title": "Le Murmure des nuits, par Mme Élisa Guyon"
            },
            {
                  "doc_url": "https://gallica.bnf.fr/ark:/12148/bpt6k6128185x",
                  "emotions": [
                        "grief",
                        "love",
                        "nostalgia",
                        "gratitude",
                        "faith"
                  ],
                  "excerpt": "et je dirai tout haut Que votre mission est belle ! J ' ai su depuis vingt ans apprécier vos soins , Si , malgré votre zèle à chercher mes besoins , Je vis encor dans la souffrance , Ce n ' est point vous , Docteur , qu ' il me faut accuser , 29 Et l ' hommage qu ' ici je viens vous adresser , Est tout à la reconnaissance .LE BOUQUET DE ROSES A MA FILLE De mon bon ange absent , parfumez , belles roses , La chambre chaque jour ; Et gardez parmi vous les plus fraîches écloses Pour fêter son retour .— 32 — Ici , nous l ' aimons tant ! On vous l ' a dit peut - être En vous cueillant pour lui ! Et mon pinceau , jaloux de le faire connaître , Vous l ' esquisse aujourd ' hui : Il a ce doux éclat , cette grâce , ces charmes Qui vous font admirer .",
                  "id": "15",
                  "title": "Le Murmure des nuits, par Mme Élisa Guyon"
            },
            {
                  "doc_url": "https://gallica.bnf.fr/ark:/12148/bpt6k9484321",
                  "emotions": [
                        "love",
                        "caring"
                  ],
                  "excerpt": "A l ’ aurore , à peine est - elle éveillée , que la petite fille s ’ en va vers elles les saluer affectueusement .Elle leur offre quelques gâteries réservées de la veille , les interpelle par leurs noms , leur met au cou un collier de fleurs , sème leur litière de plantes odorantes et les embrasse , comme on embrasse une mère chérie et vénérée .Car , pour l ’ esprit hindou , il y a de tout cela dans ces êtres sacrés .",
                  "id": "16",
                  "title": "Les chevaliers de la Brousse : pour Dieu et pour les âmes ! / [lettres de Mgr Castellan, de Mgr Du Bois de La Villerabel et de Mgr Besson]"
            },
            {
                  "doc_url": "https://gallica.bnf.fr/ark:/12148/bpt6k106395r",
                  "emotions": [
                        "joy",
                        "love",
                        "excitement"
                  ],
                  "excerpt": "Stéphen Phillips , un anglais sentimental , lui consacra une tragédie .Et d ' Annunzio , toujours à l ' affût des sensations rares , propices à sa grandiloquence magnifique , n ' a pas manqué de cueillir cette fleur d ' amour et d ' en parfumer cinq actes d ' une tragédie , dans laquelle la Duse amoureuse , frémissante , conviait l ' amant bien - aimé aux voluptés les plus tendres jS ~ c ~ ~ occhi , baciami le e le ~ ~ 72 .C ~ e la gola .",
                  "id": "17",
                  "title": "Poussières d'Italie : carnet d'un automobiliste : seconde série / Dominique Durandy"
            },
            {
                  "doc_url": "https://gallica.bnf.fr/ark:/12148/bpt6k106395r",
                  "emotions": [
                        "joy",
                        "love"
                  ],
                  "excerpt": "Un temple fut bâti au sommet de la falaise , à l ' endroit où le vent du large apporte plus facilement ses effluves salées avec de mystérieuses senteurs cueillies sur les côtes dalmates et jusque dans le lointain Orient .I / emplacement était admi - rablement - choisi pour invoquer avec des paroles d ' extase la troublante Aphrodite « fleur de pourpre , pleine de miel et de parfums ) ) .De ce Monte Guasco ainsi consacré à la déesse , l ' Adriatique apparait large et profonde comme une grande coupe de turquoise sur laquelle se posent , pareilles à des papillons , les voiles rouges ou jaunes des barques de pêche , si belle , si lumineuse , souple et lascive dans ses caressantes ondulations , qu ' on est tenté de balbutier d ' amoureuses prières en baisant ses pieds d ' albâtre qui courent avec grâce sur le sable du rivage .",
                  "id": "18",
                  "title": "Poussières d'Italie : carnet d'un automobiliste : seconde série / Dominique Durandy"
            },
            {
                  "doc_url": "https://gallica.bnf.fr/ark:/12148/bpt6k6574445j",
                  "emotions": [
                        "love",
                        "nostalgia",
                        "relief",
                        "calmness"
                  ],
                  "excerpt": "La ville étendue sur l ' autre rive sommeillait dans des vapeurs transparentes .Du côté du vallon de la Choisille , l ' odeur des vignes fleuries emplissait l ' air calme d ' une suave haleine amoureuse .Non loin de l ' église de Saint - Cyr , les arbres de Judée et les marronniers enveloppaient de leurs masses de feuillage la maison où dormait Juliette .",
                  "id": "19",
                  "title": "Michel Verneuil / par André Theuriet"
            },
            {
                  "doc_url": "https://gallica.bnf.fr/ark:/12148/bpt6k6574445j",
                  "emotions": [
                        "love"
                  ],
                  "excerpt": "Fermant les yeux , la main serrée entre le dos de Désirée et le capiton de la berline , il se croyait au fond des bois de son pays , en tête - à - tête avec une amoureuse inconnue , pour laquelle il se sentait pris d ' une tendresse toute sentimentale .Son lyrisme intérieur s ' élevait peu à peu à un tel diapason que , le silence de Désirée s ' y prêtant , cette petite ouvrière tourangelle se métamorphosait pour lui en une délicieuse Gretchen , naïve et chaste , qu ' il se promettait d ' initier lentement à l ' amour , comme on ouvre une rose pétale à pétale , jusqu ' à ce qu ' on découvre les étamines d ' or encore intactes et toutes parfumées .Rien qu ' en forgeant ce rêve , il se sentait attendri et frissonnant .",
                  "id": "20",
                  "title": "Michel Verneuil / par André Theuriet"
            }
      ]
}