{
      "articles": [
            {
                  "doc_url": "https://gallica.bnf.fr/ark:/12148/bpt6k96785027",
                  "emotions": [
                        "admiration",
                        "love",
                        "approval"
                  ],
                  "excerpt": "Feuilles allongées , aiguës , ondulées sur les bords , d ' un vert gai , à pétioles légèrement ailés .Fleurs nombreuses , très odorantes .Fruits moyens , sphériques , fermes , raboteux , d ' un jaune pâle , terminés par un mamelon irrégulier , écrasé , ver - dâtre ; écorce épaisse , très adhérente à la pulpe acide et légèrement amère .",
                  "id": "1",
                  "title": "Les orangers, citronniers, cédratiers et autres aurantiacées à fruits comestibles : leur culture dans toutes les parties du monde et dans le Nord / Raphaël de Noter,... ; avec la collaboration de MM. Chouvet, Ch. Rivière, F. Sahut et Joseph Paquet"
            },
            {
                  "doc_url": "https://gallica.bnf.fr/ark:/12148/bpt6k8840134",
                  "emotions": [
                        "love",
                        "desire",
                        "nostalgia",
                        "gratitude"
                  ],
                  "excerpt": "En ton calice déposée Je serais goutte de rosée ; A l ’ aube , je serais Saphir ! Tes feuilles , émeraudes vertes , De perles , de rubis couvertes Rrillcraicnt comme l ’ or d ’ Ophir .Pour caresser chaque pétale De la corolle qui s ’ étale Je serais souille du zépliir ; Et ma suave et tiède haleine , Des mille parfums de la plaine Aurait le plus doux à t ’ offrir ! Rose rotfgc , toute embaumée Epanouie etc .( 50 ) Je serais , pour te rendre hommage , Le rossignol dont le ramage Semble l ’ écho des chants du ciel ; Et , pour toi , dans la nuit obscure , Je chanterais d ’ une voix pure L ’ hymne d ’ amour , l ’ hymne éternel .",
                  "id": "2",
                  "title": "Cantilènes et cantatilles / par A. Berton"
            },
            {
                  "doc_url": "https://gallica.bnf.fr/ark:/12148/bpt6k935919g",
                  "emotions": [
                        "surprise",
                        "joy",
                        "love",
                        "excitement",
                        "pride",
                        "relief"
                  ],
                  "excerpt": "Une duègne a beau être défrisée par la soixantaine il lui est doux d ’ entendre sortir de la bouche d ’ un homme d ’ aussi amoureuses paroles .Médusée par la joie — non la surprise — causée par cette déclaration qu ’ elle avait attendue depuis le jour où ses ardeurs de jeune fille allumèrent les feux ' 54 LA ROSÉE ROUGE du Désir dans les yeux louchons , Gertrude se sentit prête à faire bon marché de ses pudeurs rancics pour peu que son adorateur l ’ en priât .— De grâce ! — murmura - t - elle en baissant les yeux .",
                  "id": "3",
                  "title": "La rosée rouge : suite d'Un baiser de reine / par Adrien Guignery"
            },
            {
                  "doc_url": "https://gallica.bnf.fr/ark:/12148/bpt6k65906z",
                  "emotions": [
                        "love",
                        "gratitude",
                        "approval"
                  ],
                  "excerpt": "Satan prit la tasse et dit Bon frère , permettez à une pauvre veuve de baiser votre main .La main qui donne est douce et parfumée .Fra Giovanni répondit Madame , gardez - vous bien , de me baiser la main .",
                  "id": "4",
                  "title": "Le puits de sainte Claire (4e éd.) / par Anatole France"
            },
            {
                  "doc_url": "https://gallica.bnf.fr/ark:/12148/bpt6k9322840",
                  "emotions": [
                        "love"
                  ],
                  "excerpt": "C ’ est alors que la stimulation de l ’ estomac , et surtout des intestins , est d ’ un grand secours ; mais il ne faut pas la provoquer avec le vin et les liqueurs alcooliques qui portent naturellement h la tête , mais bien avec la décoction de quinquina camphrée et le calomélas , dont l ’ action s ’ étend sur tout le tube digestif , et rend la révulsion plus étendue et plus puissante .Les exacerbations prouvent toujours les ressources de la vie : elles sont fréquentes dans les affections aiguës franches ; elles sont moins communes dans celles où la vie est profondément atteinte dans ses foyers ; on les observe bien rarement dans les affections putrides , miasmatiques , où la vie épuisée par la cause morbifique ., se .",
                  "id": "5",
                  "title": "Traité des maladies de l'estomac et des intestins. Tome 2 / par C.-B. Chardon,..."
            },
            {
                  "doc_url": "https://gallica.bnf.fr/ark:/12148/bpt6k6352431v",
                  "emotions": [
                        "love"
                  ],
                  "excerpt": "Ce sont des arbrisseaux à feuilles opposées , simples , pétiolées ; à fleurs réunies en cimes rameuses , terminales , composées d ' un calice subulé , à limbe quadri ou quinquéparti , d ' une corolle à quatre - cinq pétales , d ' étamines nombreuses , d ' un ovaire à quatre ou cinq loges , surmonté de quatre ou cinq styles soudés à la base .Ces fleurs sont généralement blanches et odorantes .— Le Seringat commun ( Ph .",
                  "id": "6",
                  "title": "Dictionnaire populaire illustré d'histoire naturelle : comprenant la botanique, la zoologie, l'anthropologie, l'anatomie... (2e édition) / par J. Pizzetta,... ; revu et précédé d' une introduction par M. Edmond Perrier,..."
            },
            {
                  "doc_url": "https://gallica.bnf.fr/ark:/12148/bpt6k57136889",
                  "emotions": [
                        "joy",
                        "love",
                        "nostalgia",
                        "gratitude"
                  ],
                  "excerpt": ".lys parmi lc3 épines , Les délicats parfums de ton suave amour Sont plus doux t \\ mon coeur que l ' ombre des collines Ne l ' est au voyageur brûlé des feux du jour .84 A la nature , en vain , Je prendrais chaque image Pour peindre lo bonheur dont la source est en toi , Sons , Images , couleurs et formes de langage , N ' exprimeront jamais co quo tu fus pour mol .",
                  "id": "7",
                  "title": "Fleurs des bois : poésies / par J. Petasse"
            },
            {
                  "doc_url": "https://gallica.bnf.fr/ark:/12148/bpt6k9322840",
                  "emotions": [
                        "love"
                  ],
                  "excerpt": "Fièvre putride , typhus nosocomial , peste .Le typhus ou les fièvres putrides , pestilentielles ou miasmatiques , comme on voudra les appeler , constituent un genre d ’ affections remarquable par l ’ altération générale de l ’ organisme , spécialement celle du centre nerveux - cérébral qui produit la stupeur , et par les phlegmasies , dont le siège dans les organes varie suivant le tempérament de l ’ individu et la nature des causes occasionnelles , mais qui , le i Notice topographique du port du Passage où la fièvre jaune a régné , etc ., par M .",
                  "id": "8",
                  "title": "Traité des maladies de l'estomac et des intestins. Tome 2 / par C.-B. Chardon,..."
            },
            {
                  "doc_url": "https://gallica.bnf.fr/ark:/12148/bpt6k5445486h",
                  "emotions": [
                        "trust",
                        "love",
                        "desire",
                        "curiosity"
                  ],
                  "excerpt": "SATANE ^ Il semblait que , jusqu ' ici , elie eût ignoré ces beautés qu ' à l ' aide d ' un double miroir elle dévorait du regard , les narines ouvertes , aspirant à des félicités inconnues mais qu ' elle soupçonnait .Raymonde voulait se connaître toute , être prête pour la lutte , qui sait ? — Ohï il faudra bien qu ' on m ' aime , dit - elle , je le veux ! Le parfum pénétrant du « Chypre » dont la chambre était imprégnée , les violettes , et même cette senteur chaude de femme qui se dégageait d ' elle , l ' avaient grisée .Elle s ' assit , la tête lourde , grelottante soudain .",
                  "id": "9",
                  "title": "Satane : roman / Sophie Harley"
            },
            {
                  "doc_url": "https://gallica.bnf.fr/ark:/12148/bpt6k96785027",
                  "emotions": [
                        "love"
                  ],
                  "excerpt": "Feuilles minuscules , ayant absolument l ' aspect de celles du buis , un peu plus arrondies , d ' un beau vert .Fleurs assez nombreuses , petites , très odorantes .Fruits ronds , petits , charnus , à : écorce lisse , devenant d ' un beau jaune orange à maturité ; pulpe peu juteuse , acidulée .",
                  "id": "10",
                  "title": "Les orangers, citronniers, cédratiers et autres aurantiacées à fruits comestibles : leur culture dans toutes les parties du monde et dans le Nord / Raphaël de Noter,... ; avec la collaboration de MM. Chouvet, Ch. Rivière, F. Sahut et Joseph Paquet"
            },
            {
                  "doc_url": "https://gallica.bnf.fr/ark:/12148/bpt6k5817510g",
                  "emotions": [
                        "love"
                  ],
                  "excerpt": "îv , y 6 .106 LA SYPHILIS AUJOURD ' HUI ET CHEZ LES ANCIENS ou d ' un fait historique , ont trait à cette affection , on en trouve quelques - uns où l ' alopécie est parfaitement désignée comme maladie inhérente à la prostitution : les prostituées et ceux qui les fréquentent doivent s ' attendre , au dire du prophète Isaïe ( 785 ans avant JésusChrist ) , à voir leur crâne se dénuder et leur corps répandre une odeur fétide ' .y 9 .",
                  "id": "11",
                  "title": "La Syphilis aujourd'hui et chez les anciens / Dr F. Buret"
            },
            {
                  "doc_url": "https://gallica.bnf.fr/ark:/12148/bpt6k63776500",
                  "emotions": [
                        "love",
                        "nostalgia",
                        "relief",
                        "calmness",
                        "faith"
                  ],
                  "excerpt": "Et sur ta peau , comme un duvet , je déposerai ma caresse que tu mettras à ton chevet pour boire au gré de ton ivresse .Et nous dormirons , si tu veux , ta tête entre mes bras posée , et la mienne dans tes cheveux par leurs douce odeur apaisée ! XXI Je suis au septième ciel , ma biche , lorsque tu colles sur mes yeux tes lèvres folles dans un baiser s .ensuel .",
                  "id": "12",
                  "title": "Les Nuits parisiennes. Poésies naturalistes par Ernest d'Orllanges"
            },
            {
                  "doc_url": "https://gallica.bnf.fr/ark:/12148/bpt6k96117787",
                  "emotions": [
                        "love",
                        "nostalgia",
                        "amusement"
                  ],
                  "excerpt": "» Ils frissonnent en songeant que sur ses bords leur pauvre âme déçue se sentit prise à « l ' embûche formidable de la nuit » et de l ' amour .Ou bien leur souvenir traverse un jour tor - j ride : sous les lumières farouches du soleil et d ' une violente passion , ils revoient une lande épineuse et odorante .« Le genêt rajeuni balançait ses branches fleuries semblables à des rayons qui lanceraient des parfums ; et le soleil avait tant de force qu ' on entendait déjà au midi , dans le pré , chanter le grillon noir dont la carapace est sculptée de signes étranges .",
                  "id": "13",
                  "title": "Prostitués : études critiques sur les gens de lettres d'aujourd'hui / Han Ryner"
            },
            {
                  "doc_url": "https://gallica.bnf.fr/ark:/12148/bpt6k65180858",
                  "emotions": [
                        "love",
                        "curiosity"
                  ],
                  "excerpt": "et se reposait de l ' amour diurne ex .échangeant contre la rafraîchissante rosée les émanations engourdissantes , les deux amants veillaient , ouvraient la corolle de leur cœur comme des nyctagioéeB , allaient énivrés de senteurs nocturnes , cloués à la méditation par le mystère de l ' ombre , ou poussés à l ' exaltation par l ' enveloppement du luminaire des nuits , qui les faisait se figurer être sur la terre désormais déserte l ' apothéose transfiguré de l ' amour inné .Que tu es belle Alice , lui disait Georges , éclairée ainsi par la réflexion lunaire , tu sembles une Vierge dans une niche d ' argent .",
                  "id": "14",
                  "title": "Les mariages de fer. Tome 2 / A. Vellaud"
            },
            {
                  "doc_url": "https://gallica.bnf.fr/ark:/12148/bpt6k6498029m",
                  "emotions": [
                        "love"
                  ],
                  "excerpt": "Aux palmes de la victoire Ne peut - on mêler des ileurs ? .Mais leur senteur embaumée Ne dure que peu d ' instants ) Elle est l ' image animée De nos amours inconstants .Que notre âme s ' abaudonne Aux élans qu ' elle a reçus , Le matin suivons Bellonne , El le soir fêtons Baccbus .",
                  "id": "15",
                  "title": "L'Armorique, ou Les fiancés de Karnak : opéra en quatre actes et cinq tableaux / paroles et musique de M. Paul Mériel,..."
            },
            {
                  "doc_url": "https://gallica.bnf.fr/ark:/12148/bpt6k64637502",
                  "emotions": [
                        "love",
                        "desire",
                        "gratitude"
                  ],
                  "excerpt": "VIENS ! Accours , viens dans mes bras , délices de ma \" ie ! D ' inextinguibles feux je me sens emhrâser : Verse des flots d ' extase à mon ame ravie ; Fais - moi mourir dans un baiser ! Qu ' importe à ton amant , s ' il vit dans ta mémoire , Et la nuit du sépulcre , et l ' oubli des ingrats ? Qu ' importe , à lui , la mort ; qu ' importe , à lui , la gloire , Pourvu qu ' il meure dans tes bras ? Enfant , parmi tes sœurs c ' est toi que j ' ai choisie Pour dérider les plis de mon front soucieux : Enivre - moi d ' amour ; l ' amour , c ' est l ' ambroisie Que les anges boivent aux cieux ! Comme la rose de la plaine Tu captives par tes attraits : Son arome est dans ton baleine , Sa fraîcheur brille sur tes traits .De ton narfum suave embaume donc ma voie ; L ' ame ainsi que la fleur aime à s ' épanouir .Épanouis mon être au souffle de ta joie , Dans un baiser fais - moi mourir ! Quand le matin suspend ses perles de rosée A l ' arbre de nos jours , Que nous fait du midi l ' atmosphère embrasée ? Aimons - nous ! l ' âge d ' or ne dure pas toujours .",
                  "id": "16",
                  "title": "Mandragores, poésies par J.-X. Lirou-Bastide"
            },
            {
                  "doc_url": "https://gallica.bnf.fr/ark:/12148/bpt6k9404726",
                  "emotions": [
                        "love",
                        "embarrassment"
                  ],
                  "excerpt": "Loin de sortir , il s ’ élança vers elle , s ’ agenouilla , lui prit les mains , mordit de baisers tous les bouillons de batiste .Et il bégayait les plus ardentes paroles : qu ’ il l ’ adorait éperdument ; qu ’ il était prêt à mourir pour l ’ amour d ’ elle ; qu ’ on pouvait le tuer , mais non pas le contraindre à sortir de cette chambre où il s ’ enivrait de l ’ air qu ' elle avait respiré , du cher parfum qui venait d ’ elle .A vrai dire , Jeanne n ’ était point sans éprouver quelque émotion , d ’ autant plus que , tout en parlant , M .",
                  "id": "17",
                  "title": "Jupe courte / Catulle Mendès"
            },
            {
                  "doc_url": "https://gallica.bnf.fr/ark:/12148/bpt6k5425465s",
                  "emotions": [
                        "admiration",
                        "joy",
                        "love",
                        "excitement",
                        "gratitude",
                        "faith"
                  ],
                  "excerpt": ", écoute les chants d ' amour du tendre rossignol ; quel ruissellement de notes suaves et pures , quelle cascade , quels flots de mélodie lui inspire le dieu de Cythère .Ne sens - tu pas , ô mon adorée ! ton coeur palpiter de bonheur , tes sens frissonner de plaisir à cette invocation sublime ? Ecoute , regarde , sens , admire ! que tout est beau dans la nature ! quels tableaux ravissants ! quelle harmonie divine ! quels parfums enivrants ! quel spectacle éblouissant ! ..",
                  "id": "18",
                  "title": "La Femme de César, biographie d'Eugénie Kirpatrick Théba de Montijo, impératrice des Français [par Hippolyte Magen]"
            },
            {
                  "doc_url": "https://gallica.bnf.fr/ark:/12148/bpt6k5737260n",
                  "emotions": [
                        "admiration",
                        "love",
                        "gratitude",
                        "faith"
                  ],
                  "excerpt": "H pensait aux douces causeries , sans s ' arrêter à l ' idée de la bouche et des dents ; aux regards noyés - dans de - muets duos d ' amour , - sans , voir les yeux , euxmêmes ; à la félicité de cultiver dans la serre de l ' égo ' isme , à l ' abri de tout indiscret , une charmante petite fleur qui né se parera de ses pétales multicolores que .pour vos yeux enchantés , qui n ' exhalera ses suaves parfums que : pour ènibaumër votre Cerveau engourdi dans des songes célestes , dont la Corolle ne .s ' ouvrira que pour le pollen d ' amour que Vos lèvres , ravies déposeront en baisers sur son frêle pistil .",
                  "id": "19",
                  "title": "Les mariages de fer. Tome 1 / A. Vellaud"
            },
            {
                  "doc_url": "https://gallica.bnf.fr/ark:/12148/bpt6k57136889",
                  "emotions": [
                        "joy",
                        "love",
                        "nostalgia",
                        "relief",
                        "gratitude",
                        "caring"
                  ],
                  "excerpt": "— 100 — LUI .! Fleur cachée au désert , que ton suave arôme , Sur mon coeur enivré , S ' épanche avec amour , comme un généreux baume , Sur un sein ulcéré .ELLE .",
                  "id": "20",
                  "title": "Fleurs des bois : poésies / par J. Petasse"
            }
      ]
}