{
      "articles": [
            {
                  "doc_url": "https://gallica.bnf.fr/ark:/12148/bpt6k5456492t",
                  "emotions": [
                        "fear",
                        "love",
                        "excitement",
                        "gratitude",
                        "nervousness"
                  ],
                  "excerpt": "A SES PIEDS Ouvre tes lèvres , parle et que ta voix aimée , Tout bas , répète encor ce mot doux et troublant Que j ' entendis alors que , timide et tremblant , Je chantais , à tes pieds , mon antienne enflammée .Ton corps charmant exhale une odeur embaumée Qui me pénètre ainsi qu ' un philtre ensorcelant ; Mon coeur cesse de battre et s ' en va s ' écroulant Et ma chanson s ' éteint dans ma gorge fermée .Sur l ' éternel chemin .",
                  "id": "1",
                  "title": "Fleurs cueillies sur l'éternel chemin : poésies / Auguste Bertout"
            },
            {
                  "doc_url": "https://gallica.bnf.fr/ark:/12148/bpt6k5400494d",
                  "emotions": [
                        "grief",
                        "sadness",
                        "anger",
                        "annoyance",
                        "love",
                        "frustration",
                        "disappointment"
                  ],
                  "excerpt": "X * \" \" ï lle n ' eft plus , cette fleur chafte & pure S - Que l ' on voj ' ait dans l ' ombre des buifibns .çEUe a courbé fans plainte & fans murmure Sa tige aimée au fouffle des faifons ; Elle a terni fa corolle embaumée , Que balançait le jovial zéphyr , Et lentement elle s ' eft envolée En un dernier parfum , en un dernier fpupir .Son doux parfum s ' eft éteint avec elle ; Pour vivre encore , hélas ! un felil beau jour , Elle demande à la voûte éternelle ' Un ravon pur , un feul rayon d ' amour .",
                  "id": "2",
                  "title": "Mes heures poétiques, édition elzévir, à l'usage des salons, par Mme la Ctesse Anna Simanowa"
            },
            {
                  "doc_url": "https://gallica.bnf.fr/ark:/12148/bpt6k58495773",
                  "emotions": [
                        "admiration",
                        "joy",
                        "love",
                        "excitement",
                        "calmness"
                  ],
                  "excerpt": "0 jours pleins de rayons que la paix sainte inonde ! Chaste oasis , c ' est vous que veut flétrir le monde .Mais avide d ' air pur et de simplicité , Le coeur , comme un beau lis , s ' ouvre à votre clarté ; Dieu qui reçoit l ' encens de toute créature , Sent un parfum de plus monter de la nature .60 — XXXIII .",
                  "id": "3",
                  "title": "Armelle / par Achille Du Clésieux"
            },
            {
                  "doc_url": "https://gallica.bnf.fr/ark:/12148/bpt6k1415848j",
                  "emotions": [
                        "grief",
                        "love",
                        "nostalgia"
                  ],
                  "excerpt": "On dit que toujours il voyage Et que parfois en ce bocage Luit son œil oblique et sauvage .Aux étreintes accoutumé , De Heurs lascives parfumé , 11 doit m ’ aimer mon bien - aimé .DIONYSOS ET LES NYMPHES Et si , près de l ' orme ou du hêtre , .",
                  "id": "4",
                  "title": "Dionysos et les nymphes / Fernand Mazade"
            },
            {
                  "doc_url": "https://gallica.bnf.fr/ark:/12148/bpt6k5598020x",
                  "emotions": [
                        "love"
                  ],
                  "excerpt": "Chez lui , le sentiment limo - olfactif Retend bien de l ' estomac au sens de l ' odorat , mais il s ' arrête à cet organe , il ne peut aller jusqu ' à .l ' objet extérieur d ' où s ' échappent les émanations odorantes .Pour que ce jeune être puisse désirer l ' impression d ' un objet odorant , il faut qu ' il connaisse auparavant cet objet , c ' est - àdire qu ' il puisse lui rapporter cette impression ; car tant que cette connaissance est impossible , le désir d ' éprouver son action Test également .",
                  "id": "5",
                  "title": "Nouveau traité des sensations : ouvrage dans lequel il est démontré quels sont l'origine, les attributions et le but des diverses espèces de sensations dans la vie générale... / par J.-A.-M. Guillaume,..."
            },
            {
                  "doc_url": "https://gallica.bnf.fr/ark:/12148/bpt6k80378c",
                  "emotions": [
                        "love"
                  ],
                  "excerpt": ", j ~ f / .Ils étaient revenus sur la place sans avoir échangé seulement un dé ces baisers furtifs dont la tiédeur s ' éternise aux lèvres comme un parfum subtil que rien ne peut chasser .II L ' automne finissant , Annyl eut la mauvaise fièvre d ' octobre .",
                  "id": "6",
                  "title": "Petites femmes / René Maizeroy"
            },
            {
                  "doc_url": "https://gallica.bnf.fr/ark:/12148/bpt6k69307m",
                  "emotions": [
                        "love",
                        "nostalgia",
                        "gratitude"
                  ],
                  "excerpt": "d ' UM ! tn < ) Ce qui parfois calma mon esprit et mon cœur , La verdure au printemps , ta rosée à l ' aurore , Un rêve , cette nuit , vint me le rendre encore i - Car j ' errais dans un hois embaumé de fraicheur .Et vous , dont m ' enivra souvent la douce odeur , Boutons mi - clos , j ' ai cru vous respirer encore , - Plus doux , - car au sentier soudain je vis éctore Chasseresse légère et de ce bois la fleur .Elle fuit .",
                  "id": "7",
                  "title": "Ariel : sonnets et chansons / par M. N. [Nicolas] Martin. Suivis d'une traduction de \"Pierre Schlémihl : L'homme qui a vendu son ombre\" / [par N. Martin]"
            },
            {
                  "doc_url": "https://gallica.bnf.fr/ark:/12148/bpt6k5400494d",
                  "emotions": [
                        "grief",
                        "love",
                        "nostalgia",
                        "excitement"
                  ],
                  "excerpt": ".Sous la brife du foir , fous l ' odorante haleine Du fouffle tant aimé qui précède là nuit , i5o Mes Heures poétiques .Quand je pince la lyre , hélas ! j ' entends à peine Cette voix qui fe plaint , qui fouffre & qui languit .",
                  "id": "8",
                  "title": "Mes heures poétiques, édition elzévir, à l'usage des salons, par Mme la Ctesse Anna Simanowa"
            },
            {
                  "doc_url": "https://gallica.bnf.fr/ark:/12148/bpt6k5400494d",
                  "emotions": [
                        "love",
                        "envy"
                  ],
                  "excerpt": "à l ' une , Mais très infouciant , parmi ces déités , Contraire au papillon , n ' en choififfant aucune .Pendant qu ' il folâtrait au milieu de ces fleurs , Faifant de leurs parfums fans cefle la .fatire , 214 Mes Heures poétiques .",
                  "id": "9",
                  "title": "Mes heures poétiques, édition elzévir, à l'usage des salons, par Mme la Ctesse Anna Simanowa"
            },
            {
                  "doc_url": "https://gallica.bnf.fr/ark:/12148/bpt6k5400494d",
                  "emotions": [
                        "love",
                        "nostalgia",
                        "relief",
                        "gratitude",
                        "calmness"
                  ],
                  "excerpt": "Oui , parlé , mon bon ange , oui , parle , & que ta voix .Qui doucement confole & captive à la fois , Sur mon coeur expirant achève de répandre Un baume confolant .berthe , s ' agenouillant au pied de la croix .",
                  "id": "10",
                  "title": "Mes heures poétiques, édition elzévir, à l'usage des salons, par Mme la Ctesse Anna Simanowa"
            },
            {
                  "doc_url": "https://gallica.bnf.fr/ark:/12148/bpt6k5400494d",
                  "emotions": [
                        "admiration",
                        "joy",
                        "love",
                        "nostalgia",
                        "gratitude"
                  ],
                  "excerpt": "~ ~ ~ ~ - E plus doux ibuvenir du temps de ma jeuneflé Celui qui me Cuivra juCqu ' au Ceuil du tombeau , Celui que mon eCprit à tout inftant careCCe , Souvenir de bonheur , pour moi toujours nouveau .C ' eft un baiier donné Cous la briCe embaumée , Par une nuit d ' été , près d ' un berceau charmant ; C ' eft un baiCer reçu d ' une bouche adorée Sur ma lèvre embraCée à ce contact brûlant ! Ah ! laifiez - moi redire à la terre & au monde Ce que j ' ai reffenti dans ce rêve d ' amour ! 82 Mes Heures poétiques .Laiffez - moi raconter l ' impreflion profonde Qui s ' envola vers Dieu fans même vivre un jour ! Nous nous étions affis fous la fraîche verdure , Émus , l ' âme ravie & les yeux dans les yeux ; La hrife , en friffonnant à travers la ramure , Éparpillait des fleurs en pluie fur nous deux ; La lune étincelante en un ciel de turquoife S ' efforçait par inftant de percer les tilleuls Sous lefquels Cupidon , à la lèvre narquoife , Semblait nous défier au milieu des glaïeuls .",
                  "id": "11",
                  "title": "Mes heures poétiques, édition elzévir, à l'usage des salons, par Mme la Ctesse Anna Simanowa"
            },
            {
                  "doc_url": "https://gallica.bnf.fr/ark:/12148/bpt6k8630643q",
                  "emotions": [
                        "admiration",
                        "love",
                        "nostalgia",
                        "gratitude",
                        "approval"
                  ],
                  "excerpt": "Enfin , poussé à bout et avec le courage d ' un poltron révolté , je résolus de faire la cour à Rose .Rose ! Quel doux nom ! et quel parfum de rose me prend au cœur quand je songe à cette mignonne qui prit ma jeunesse et mon âme dans sa petite main ! Figurez - vous une fillette de seize ans , accorte et jolie , à l ' œil éveillé , au corsage souple , à la taille fine , rieuse et fraîche comme une fleur , et qui n ' avait rien d ' une héroïne de roman .Je le regrette pour les héroïnes .",
                  "id": "12",
                  "title": "Contes extragalants... / Richard Lesclide"
            },
            {
                  "doc_url": "https://gallica.bnf.fr/ark:/12148/bpt6k6117160h",
                  "emotions": [
                        "anger",
                        "love",
                        "excitement",
                        "amusement",
                        "curiosity"
                  ],
                  "excerpt": "Par les esprits sortant de son corps échauffe .Mirant , sur leur odeur ayant philosophé \" , Conclut que c ' est son lièvre , et d ' une ardeur extrême II le pousse ; et Rustaut , qui n ' a jamais menti , Dit .que \" ; le lièvre est reparti .",
                  "id": "13",
                  "title": "Fables de La Fontaine , avec un nouveau commentaire par M. Coste ; édition complète, ornée de 240 figures"
            },
            {
                  "doc_url": "https://gallica.bnf.fr/ark:/12148/bpt6k320500m",
                  "emotions": [
                        "love"
                  ],
                  "excerpt": "( ar .) ; hizzu ntauseryint ; — - eau parfumée , fleur d ’ oranger , aman nluêrd ; aman nelma zhàr ; tanàst ; — plantes , racines , ssénbël ( ar .D .",
                  "id": "14",
                  "title": "Étude sur la Tachelḥît du Soûs. I, Vocabulaire français-berbère / par E. Destaing,..."
            },
            {
                  "doc_url": "https://gallica.bnf.fr/ark:/12148/bpt6k1165089c",
                  "emotions": [
                        "love"
                  ],
                  "excerpt": "Tiges de 6 à 12 décimètres , dressées , glabres , sillonnées .Fleurs petites , blanches , odorantes , disposées en une belle cime très fournie , corymbiforme et terminale .Floraison de juin àjuillet .",
                  "id": "15",
                  "title": "Mémoire sur les plantes nuisibles aux moissons et aux prairies / par J. Bataillard,..."
            },
            {
                  "doc_url": "https://gallica.bnf.fr/ark:/12148/bpt6k67898n",
                  "emotions": [
                        "love"
                  ],
                  "excerpt": "n n ' a pas dit des romances que les mignons soupirent aux étoiles , ou de douces barcaroles propres à retentir sous des balcons , mais il a chanté la chanson morose du pèlerin en quête d ' amour , du pèlerin dolent qui cherche le havre des baisers et des douces tendresses , et ne le peut trouver qu ' après avoir renoncé à la quiétude des songes vagues , après avoir connu les supplices et les affres de la passion triste , cette passion qui est sœur de l ' âcre mort .Ce parfum de mort qui se mêle aux possessions et aux étreintes , ce souffle qu ' apporte avec lui l ' amour , le vieux roi Schelomb l ' avait senti passer sur sa tête , alors qu ' épris Il disait la beauté de la Sulamite .M .",
                  "id": "16",
                  "title": "Figures contemporaines : ceux d'aujourd'hui, ceux de demain / Bernard Lazare"
            },
            {
                  "doc_url": "https://gallica.bnf.fr/ark:/12148/bpt6k803353",
                  "emotions": [
                        "surprise",
                        "love",
                        "desire"
                  ],
                  "excerpt": "C ' était de la surprise et de l ' impuissance sans hypocrisie .Maurice en fut frappé ; les perspectives de cet amour s ' étalèrent à ses yeux , rien qu ' en aspirant le parfum de cette lettre plus odorante qu ' une chevelure .Il revit sa taille sveltement coquette , son front haut , ses regards d ' éclair sous ses lourdes paupières .",
                  "id": "17",
                  "title": "Un adultère : roman intime / Antoine Albalat"
            },
            {
                  "doc_url": "https://gallica.bnf.fr/ark:/12148/bpt6k91888h",
                  "emotions": [
                        "love"
                  ],
                  "excerpt": "2 , 4 anisique C ' .H < ( 0 – C ) ) 3 ) CHS - CO – Ct ~ Son odeur est voisine de celle de l ' essence d ' amandes amères .Falsification .",
                  "id": "18",
                  "title": "L'industrie des parfums d'après les théories de la chimie moderne : notations et formules, les parfums naturels, les parfums artificiels / par M. Otto,..."
            },
            {
                  "doc_url": "https://gallica.bnf.fr/ark:/12148/bpt6k91888h",
                  "emotions": [
                        "love",
                        "nostalgia"
                  ],
                  "excerpt": "– On rencontre également dans les essences L ' acide c ~ M / Q ' M < .Essence d ' amandes amères , de laurier - cerise , d ' écorces de cerisier sauvage ; Le nitrile de ~ ' ae ~ ep ~ eM ~ ce ~ Me .– Distillation du plant , entier d ' Allium .",
                  "id": "19",
                  "title": "L'industrie des parfums d'après les théories de la chimie moderne : notations et formules, les parfums naturels, les parfums artificiels / par M. Otto,..."
            },
            {
                  "doc_url": "https://gallica.bnf.fr/ark:/12148/bpt6k9760132g",
                  "emotions": [
                        "love"
                  ],
                  "excerpt": "Amis , buvons à la nature , Dont nous suivons les douces lois ; Disciple aimable d ' Epicure , ! Duc de Foix , ' Bois , Anacrécn de nos jours ' , A tes amours .Périgny , bois à ta maîtresse 5 Porte , au sortir de ce repas , Les fureurs d ' une douce ivresse Dans ses bras ; Imprime aux roses de son teint L ' odeur du vin .Pour toi , père de la mollesse , Arbitre de la volupté , ' Lafare , élève de Lucrèce , - Ta santé , .",
                  "id": "20",
                  "title": "Momus en délire, ou Les chansons les plus gaies tant des chansonniers que des autres poètes français, depuis Villon jusqu'à nos jours ... Almanach chantant"
            }
      ]
}