{
      "articles": [
            {
                  "doc_url": "https://gallica.bnf.fr/ark:/12148/bpt6k9775730j",
                  "emotions": [
                        "admiration",
                        "love",
                        "gratitude",
                        "calmness",
                        "faith"
                  ],
                  "excerpt": "On veut savoir si vous êtes digne d ' être aimé .Le hasard , ce grand protecteur des amants , vous a ménagé quelques tête - à - tête , Soit daud l ' embrasure d ' une fenêtre , dans un quadrille peut - être , dans une loge , sur certain di - van , dans un boudoir élégant et parfumé , et vous avez remercié le hasard et profité de sa complaisance .Vous avez parlé concert , pièce nouvelle , dernier bal ; puis on vous a fait parler de vos espérances , de vos projets ; on a causé de l ' amour , on vous a fait passer le petit examen , le baccalauréat ès amour .",
                  "id": "1",
                  "title": "La grammaire de l'amour : à l'usage des gens du monde et du demi-monde (3e édition, revue et augmentée) / par A. Vémar"
            },
            {
                  "doc_url": "https://gallica.bnf.fr/ark:/12148/bpt6k1091315f",
                  "emotions": [
                        "joy",
                        "love",
                        "desire",
                        "nostalgia",
                        "excitement",
                        "gratitude",
                        "faith"
                  ],
                  "excerpt": "J ’ aimerai les contours de ta taille légère , Lorsqu ’ en un vif élan , sur la verte fougère , , Elle s ’ offre à mes yeux , pareille au jonc pliant , Que balance un ruisseau sur l ’ herbe s ’ enfuyant .Ah ! si le Ciel daignait , à son heure dernière ^ Exaucer d ’ un amant la fervente prière , Je voudrais , enlacé dans tes bras caressants , Ainsi que sur l ’ autel se consume l ’ encens , Exhaler en mourant le parfum de ma vie , Dans un baiser cueilli par ma bouche ravie , Et de mes bras tremblants te pressant sur mon coeur , Expirer ivre encor d ’ un céleste bonheur .1827 XIV A ELISE MALADE Moi seul , je la revois telle que la pensée , Dans Lame où rien ne meurt , vivante l ’ a laissée .",
                  "id": "2",
                  "title": "Deux grands fragments du livre de Job : traduits en vers français, et poésies diverses / par Auguste Gide"
            },
            {
                  "doc_url": "https://gallica.bnf.fr/ark:/12148/bpt6k56616118",
                  "emotions": [
                        "grief",
                        "anger",
                        "fear",
                        "disapproval",
                        "love"
                  ],
                  "excerpt": "mais déjà tu ( effeuilles .Laisse - la sur sa lige ; elle mourra demain l Quand tu vois , le matin , poindre à travers les feuilles Cette fleur , que tes doigts brisent sur le chemin , Approche ; mais , discret , quejamais tu ne veuilles Etouffer ses parfums , profaner son carmin .Comme le tendre oiseau , qui près d ' elle s ' abrite , La rose est un bijou que fit le Créateur ; Laisse - la préparer un hymne à son auteur , Et que le faible chant que ta lèvre récite Monte avec ses parfums aux pieds de ( Eternel .",
                  "id": "3",
                  "title": "La Jeune province : revue mensuelle, pédagogique et littéraire comprenant partie des maîtres & partie des élèves / rédacteur en chef-fondateur Lucien Duc"
            },
            {
                  "doc_url": "https://gallica.bnf.fr/ark:/12148/bpt6k6568969n",
                  "emotions": [
                        "grief",
                        "love",
                        "desire",
                        "nostalgia"
                  ],
                  "excerpt": "Voyons , vous adorez , en secret , saintement , une jeune fille .Vos rêves les plus hardis n ' osent même pas caresser sa main , ses cheveux parfumés .Et tout à coup , devant deux cents personnes qui ont soupé et bu , qui ont respiré les senteurs capiteuses d ' un bal , vous la voyez étaler ce que son mari , ce que son enfant doivent être seuls à voir ; et cela vous semble bien ! Je vous abandonne les corsages qui s ' arrêtent au sternum .",
                  "id": "4",
                  "title": "Timbale d'histoires à la parisienne / par Ernest d'Hervilly"
            },
            {
                  "doc_url": "https://gallica.bnf.fr/ark:/12148/bpt6k6527834p",
                  "emotions": [
                        "love"
                  ],
                  "excerpt": "Maintenant , ajouta - t - elle , voici la manière de s ' en servir .Et , appuyant ses paumes aux oreilles du vieux monsieur , elle approcha ses lèvres parfumées des siennes , et lui donna un baiser fort habile .Son teint s ' accusa étrangement , et il s ' écria : — Marché conclu , madame Marché conclu ! Je vous prends à mon compte .",
                  "id": "5",
                  "title": "Fantasio : magazine gai"
            },
            {
                  "doc_url": "https://gallica.bnf.fr/ark:/12148/bpt6k803891",
                  "emotions": [
                        "love",
                        "nostalgia",
                        "amusement",
                        "guilt"
                  ],
                  "excerpt": "« Sacrés Jean Logne , espèces de Bonifaces et de Nicodèmes , il valait bien la peine de me déranger pour ces charognes , s ' exclama le douillet desservant en se bouchant le nez avec son tricorne , et vous avez donc bien envie d ' attraper le choléra , la peste et tout ce qui s ' ensuit , y compris la damnation éternelle .Ah que Satanas vous embroche , mes enfants ; un filet de vinaigre et quelques gouttes de cognac , s ' il vous plaît , ou j ' étouffe asphyxié ; cristi , quel parfum ! Ils puent trop , en vérité , cette génisse et ce bélier pourris que vous avez péchés , et je pâtis de votre erreur étourdis bien - aimés à qui , si je ne me tenais à quatre , matanguecrierait raca .Franchement il vous en vaut que vous soyez mes frères en JésusChrist , notre Seigneur ; au revoir , au revoir on recausera de votre imprudence , ailleurs ; ici la place n ' es ! pas tenable , et je file au pas accéléré , bonjour .",
                  "id": "6",
                  "title": "Mi-diable / par Léon Cladel"
            },
            {
                  "doc_url": "https://gallica.bnf.fr/ark:/12148/bpt6k803891",
                  "emotions": [
                        "love",
                        "excitement"
                  ],
                  "excerpt": "Aussi fut - il poursuivi par le souvenir de cette heure d ' ivresse jusque là - bas en sa caverne et n ' y ferma - t - il pas l ' œil de la nuit .En l ' ombre , au fond du souterrain , sans cesse elle apparaissait devant lui , délirante et flambante ; il la sentait , il la touchait , il la mangeait , il la buvait et l ' appelait ayant toujours sur les lèvres la saveur de sa bouche aussi parfumée que la violette et le jasmin , en l ' oreille les musiques de sa voix et tous les éclairs de ses yeux dans les prunelles et toutes les odeurs de sa peau dans les narines .Etait - elle assez attrayante et lancinante et consumante , cette fille , hier neuve encore ! Au jour , le lendemain de leur union , il s ' empara de sa viole ou de sa harpe et , du matin au soir , il chanta , dans une langue étrangère , peut - être le sanscrit que parlent encore les sémites sans feu ni lieu dont il était le descendant , une sorte d ' hymne barbare , à la fois rauque et doux où se mêlaient à chaque instant des rires et des sanglots humains et surhumains .",
                  "id": "7",
                  "title": "Mi-diable / par Léon Cladel"
            },
            {
                  "doc_url": "https://gallica.bnf.fr/ark:/12148/bpt6k65414325",
                  "emotions": [
                        "love"
                  ],
                  "excerpt": "Soudain cette heureuse bergère , qui paissoit son troupeau de l ' herbe salutaire de ces dévots entretiens ; fut investie d ' une odeur céleste , dont toute la communauté fut participante , avec une suavité non pareille .Ne pouvant plus soutenir l ' affluence des délices qui inondoient son cœur , elle se jeta dans la chambre des assemblées qui étoit tout proche , presque défaillante par la violence d ' une syncope d ' amour ; elle s ' appuya sur un siège , et son visage parut si éclairant qu ' à peine les sœurs qui l ' avoient suivie pouvoient - elles la regarder , ni supporter une si éclatante lumière ; cette beauté brillante croissant à même que l ' odeur alloit s ' augmentant .Après l ' obéissance qui se donne à midi , selon l ' ordre de l ' Insti - tut , on tâcha de la conduire dans sa chambre , pour prendre un peu de repos .",
                  "id": "8",
                  "title": "Vies des premières religieuses de l'ordre de la Visitation Sainte-Marie. Tome 1 / d'après la rév. Mère Madelaine-Françoise de Chaugy,... ; par M. Louis Veuillot"
            },
            {
                  "doc_url": "https://gallica.bnf.fr/ark:/12148/bpt6k65414325",
                  "emotions": [
                        "love",
                        "desire",
                        "excitement"
                  ],
                  "excerpt": "De la grande révérence que l ' on a eue ensuite pour notre Vénérable Père dans la ville d ' Orléans , et de plusieurs merveilles que Dieu y a opérées .Tirez - moi après vous , dit l ' Amante du cantique à son Bien - Aimé , et nous courrons à l ' odeur de vos parfums .Il n ' y en a qu ' une seule , dit N .",
                  "id": "9",
                  "title": "Vies des premières religieuses de l'ordre de la Visitation Sainte-Marie. Tome 1 / d'après la rév. Mère Madelaine-Françoise de Chaugy,... ; par M. Louis Veuillot"
            },
            {
                  "doc_url": "https://gallica.bnf.fr/ark:/12148/bpt6k8630165k",
                  "emotions": [
                        "love",
                        "nostalgia",
                        "calmness"
                  ],
                  "excerpt": ".André se sentait si bien dans l ' air tiède qu ' elle respirait , qui était imprégné de son parfum , il goûtait une telle béatitude à la frôler de si près et si longtemps , à écouter sa voix , à suivre ses pensées , qu ' il n ' avait pas la force de lui dire au revoir , de partir , de s ' en séparer .Il était comme un pauvre homme qu ' en un jour de la semaine sainte on a introduit dans le luxe d ' un palais , qui se régale , qui se prélasse en quelque splendide appartement , qui ne se rappelle plus sa misère , ses rancœurs et se piète rétivement quand , la charité finie , on lui montre la porte , on le renvoie à la rue .",
                  "id": "10",
                  "title": "Petite Reine / par René Maizeroy"
            },
            {
                  "doc_url": "https://gallica.bnf.fr/ark:/12148/bpt6k9772795z",
                  "emotions": [
                        "love",
                        "gratitude"
                  ],
                  "excerpt": "Le barde salua là jèune et jolie fille avec l ' ardeur d ' un poète et la galanterie d ' un voyageur ; et lui ayant rappelé à voix basse qu ' elle n ' étoit nullement responsable des sottises qu ' il alloit dire , il garda le silence quelques instans , les yeux levés vers le ciel , sourit avec complaisance , comme s ' il eût été satisfait de l ' idée qui se présentait à lui , et déclama enfin les vers qui suivent : Toi que chacun craint et révère , Ce que la beauté veut céler , Tu sais que ta tâche ordinaire Doit être de le révéler .Que le miel le plus doux arrose Les mots que tu vas prononcer ; Empreins du parfum de la rose Le destin que tu vas tracer .Nous désirons ici connoître Si l ' amour se rendra le maître Du coeur de l ' aimable Brenda .",
                  "id": "11",
                  "title": "Le Pirate. Tome 3 / , par Sir Walter Scott, traduit de l'anglais par le traducteur des romans historiques de Sir Walter Scott"
            },
            {
                  "doc_url": "https://gallica.bnf.fr/ark:/12148/bpt6k9613189k",
                  "emotions": [
                        "admiration",
                        "joy",
                        "love",
                        "gratitude",
                        "approval"
                  ],
                  "excerpt": "L ' écho de ta voix agite encore les rideaux que tu às brodés .Ton amour est le vrai parfum des roses et des œillets qui fleu - rissent ta place préférée ..",
                  "id": "12",
                  "title": "Critiques et romanciers (6e édition) / André Beaunier"
            },
            {
                  "doc_url": "https://gallica.bnf.fr/ark:/12148/bpt6k9922264",
                  "emotions": [
                        "admiration",
                        "love",
                        "nostalgia",
                        "gratitude"
                  ],
                  "excerpt": "A sa rêveuse allure orientale , Quand il atteint sa totale grandeur .Je reconnais ma belle visiteuse : C ’ est Elle ! noire et pourtant lumineuse II LE PARFUM 1 Lecteur , as - tu quelquefois respiré Avec ivresse et lente gourmandise Ce grain d ’ encens qui remplit une église , Ou d ’ un sachet le musc invétéré ? Charme profond , magique , dont nous grise Dans le présent le passé restauré ! Ainsi l ’ amant sur un corps adoré Du souvenir cueille la fleur exquise .De ses cheveux élastiques et lourds , Vivant sachet , encensoir de l ’ alcôve .",
                  "id": "13",
                  "title": "Fleurs du mal. Édition intégrale... préfacée et annotée par M. Ernest Raynaud"
            },
            {
                  "doc_url": "https://gallica.bnf.fr/ark:/12148/bpt6k9922264",
                  "emotions": [
                        "love",
                        "nostalgia"
                  ],
                  "excerpt": "Regardez , après tout , c ' est une pauvre terre .— Ile des doux secrets et des fêtes du cœur ! De l ’ antique Vénus le superbe fantôme Au - dessus de tes mers plane comme un arôme , Et charge les esprits d ’ amour et de langueur .Belle île aux myrtes verts , pleine de fleurs écloses , Vénérée à jamais par toute nation , Où les soupirs des cœurs en adoration Roulent comme l ’ encens sur un jardin de roses ■ P WÊ / ÊÊBSÈËtÊÊtBttÈÊBÊ ^ BBttL 209 FLEURS DU MAL Ou le roucoulement étemel d ' un ramier ! — Cythère n ’ était plus qu ’ un terrain des plus maigres , Un désert rocailleux troublé par des cris aigres .",
                  "id": "14",
                  "title": "Fleurs du mal. Édition intégrale... préfacée et annotée par M. Ernest Raynaud"
            },
            {
                  "doc_url": "https://gallica.bnf.fr/ark:/12148/bpt6k9922264",
                  "emotions": [
                        "love"
                  ],
                  "excerpt": "C ' est l ’ heure où les douleurs des malades s ’ aigrissent ! La sombre Nuit les prend à la gorge ; ils finissent Leur destinée et vont vers le gouffre commun ; L ’ hôpital se remplit de leurs soupirs .— Plus d ’ un Ne viendra plus chercher la soupe parfumée , Au coin du feu , le soir , auprès d ’ une âme aimée .Encore la plupart n ’ ont - ils jamais connu La douceur du foyer et n ’ ont jamais vécu ! 157 TABLEAUX PARISIENS XI LE JEU Dans des fauteuils fanés des courtisanes vieilles .",
                  "id": "15",
                  "title": "Fleurs du mal. Édition intégrale... préfacée et annotée par M. Ernest Raynaud"
            },
            {
                  "doc_url": "https://gallica.bnf.fr/ark:/12148/bpt6k9922264",
                  "emotions": [
                        "grief",
                        "disapproval",
                        "love"
                  ],
                  "excerpt": "Imbécile ! — de son empire Si nos efforts te délivraient .Tes baisers ressusciteraient Le cadavre de ton vampire ! » XXXIII LE LÊTHÉ Viens sur mon cœur , âme cruelle et sourde , Tigre adoré , monstre aux airs indolents ; Je veux longtemps plonger mes doigts tremblants Dans l ’ épaisseur de ta crinière lourde ; Dans tes jupons remplis de ton parfum Ensevelir ma tête endolorie , Et respirer , comme une fleur flétrie , Le doux relent de mon amour défunt .Je veux dormir ! dormir plutôt que vivre ! Dans un sommeil , douteux comme la mort .",
                  "id": "16",
                  "title": "Fleurs du mal. Édition intégrale... préfacée et annotée par M. Ernest Raynaud"
            },
            {
                  "doc_url": "https://gallica.bnf.fr/ark:/12148/bpt6k9922264",
                  "emotions": [
                        "admiration",
                        "love",
                        "nostalgia",
                        "gratitude"
                  ],
                  "excerpt": "— Ile des doux secrets et des fêtes du cœur ! De l ’ antique Vénus le superbe fantôme Au - dessus de tes mers plane comme un arôme , Et charge les esprits d ’ amour et de langueur .Belle île aux myrtes verts , pleine de fleurs écloses , Vénérée à jamais par toute nation , Où les soupirs des cœurs en adoration Roulent comme l ’ encens sur un jardin de roses ■ P WÊ / ÊÊBSÈËtÊÊtBttÈÊBÊ ^ BBttL 209 FLEURS DU MAL Ou le roucoulement étemel d ' un ramier ! — Cythère n ’ était plus qu ’ un terrain des plus maigres , Un désert rocailleux troublé par des cris aigres .J ’ entrevoyais pourtant un objet singulier ! Ce n ’ était pas un temple aux ombres bocagères , Où la jeune prêtresse , amoureuse des fleurs , Allait , le corps brûlé de secrètes chaleurs , Entre - bâillant sa robe aux brises passagères ; Mais voilà qu ’ en rasant la côte d ’ assez près Pour troubler les oiseaux avec nos voiles blanches , Nous vîmes que c ’ était un gibet à trois branches , Du ciel se détachant en noir , comme un cyprès .",
                  "id": "17",
                  "title": "Fleurs du mal. Édition intégrale... préfacée et annotée par M. Ernest Raynaud"
            },
            {
                  "doc_url": "https://gallica.bnf.fr/ark:/12148/bpt6k9922264",
                  "emotions": [
                        "love",
                        "doubt"
                  ],
                  "excerpt": "Je sais l ’ art d ’ évoquer les minutes heureuses , Et revis mon passé blotti dans tes genoux .Car à quoi bon chercher tes beautés langoureuses Ailleurs qu ’ en ton cher corps et qu ’ en ton cœur si doux ? Je sais l ’ art d ’ évoquer les minutes heureuses ! Ces serments , ces parfums , ces baisers infinis , Renaîtront - ils d ’ un gouffre interdit à nos sondes , Comme montent au ciel les soleils rajeunis Après s ’ être lavés au fond des mers profondes ! — O serments ! ô parfums ! ô baisers infinis ! 6i SPLEEN ET IDÉAL XXXIX LE POSSÉDÉ 1 Le soleil s ’ est couvert d ’ un crêpe .Comme lui , O Lune de ma vie ! emmitoufle - toi d ’ ombre ; Dors ou fume à ton gré ; sois muette , sois sombre , Et plonge tout entière au gouffre de l ’ Ennui ; Je t ’ aime ainsi ! Pourtant , si tu veux aujourd ’ hui , Comme un astre éclipsé qui sort de la pénombre , Te pavaner aux lieux que la Folie encombre , C ’ est bien ! Charmant poignard , jaillis de ton étui ! Allume ta prunelle à la flamme des lustres ! Allume le désir dans les regards des rustres ! Tout de toi m ’ est plaisir , morbide ou pétulant ; Sois ce que tu voudras , nuit noire , rouge aurore ; Il n ’ est pas une fibre en tout mon corps tremblant Qui ne crie : O mon cher Belzéhuth , je t ’ adore ! LES FLEURS DU MAL 62 ■ 4 XL UN FANTOME I LES TÉNÈBRES Dans les caveaux d ’ insondable tristesse Où le Destin m ’ a déjà relégué ; Où jamais n ’ entre un rayon rose et gai ; Où , seul avec la Nuit , maussade hôtesse , Je suis comme un peintre qu ’ un Dieu moqueur Condamne à peindre , hélas ! sur les ténèbres ; Où , cuisinier aux appétits funèbres , Je fais bouillir et je mange mon cœur , Par instants brille , et s ’ allonge , et s ’ étale Un spectre fait de grâce et de splendeur .",
                  "id": "18",
                  "title": "Fleurs du mal. Édition intégrale... préfacée et annotée par M. Ernest Raynaud"
            },
            {
                  "doc_url": "https://gallica.bnf.fr/ark:/12148/bpt6k6150424m",
                  "emotions": [
                        "admiration",
                        "love",
                        "nostalgia",
                        "gratitude"
                  ],
                  "excerpt": "Viens sous ces frais bosquets te couronner de roses .Les parfums de ces fleurs ont embaumé les airs ; Pour toi , pour nos amours elles semblent écloses ; Viens , ces bois sont touffus , ces gazons toujours verts .De mes bras amoureux il faut que je t ' enlace , Sur mon coeur embrasé que je presse ta main , Sur toi que mes baisers aient imprimé leur trace , Que mes derniers soupirs s ' exhalent sur ton sein ! En vain le temps jaloux presse le cours des heures ; Si bientôt de la mort s ' ouvre l ' antre fatal , 60 III ? ELEGIE .",
                  "id": "19",
                  "title": "Byroniennes, élégies, suivies d'autres pièces élégiaques, par M. Eugène Gromier"
            },
            {
                  "doc_url": "https://gallica.bnf.fr/ark:/12148/bpt6k55350685",
                  "emotions": [
                        "admiration",
                        "love",
                        "gratitude",
                        "envy",
                        "faith"
                  ],
                  "excerpt": "Dieu fait l ' odeur des roses Comme il fait un abîme , avec autant de choses .Celle - ci , qui se meurt sur votre front charmant , N ' aurait pas ce parfum qui monte doucement Comme un encens divin vers votre beauté pure , Si sa tige , parmi l ' eau , l ' air et la verdure , Dans la création prenant sa part de tout , N ' avait profondément plongé par quelque bout .Pauvre et fragile fleur , pour tous les vents béante , Au sein mystérieux de la terre géante .",
                  "id": "20",
                  "title": "Les jardins et les champs : notions de culture et d'économie domestique à l'usage des jeunes filles / par A. Dupuis,..."
            }
      ]
}