{
      "articles": [
            {
                  "doc_url": "https://gallica.bnf.fr/ark:/12148/bpt6k5629044z",
                  "emotions": [
                        "love"
                  ],
                  "excerpt": "Ses baisers voloionl de ma bouche à mes paupières , de mes paupières à mes cheveux .Ses bras m ' envr - ioppoient mollement et me berçoient dans une région pleine de lumière et de parfums .Il y avoit sur sous mes organes un fardeau de volupté ; et quand mes esprits rassurés commencèrent à mieux jouir de cette scène d ' ivresse , quand mes yeux inquiets cherchèrent Octavie autour de moi , je ne distinguai plus que la trace de sa fuite , un sillon pâle et tremblant qui s ' élendoit jusqu ' à cet astre et qui s ' effaçoit peu à pou .",
                  "id": "1",
                  "title": "Nouvelles ; suivies des Fantaisies du dériseur sensé / par Charles Nodier,..."
            },
            {
                  "doc_url": "https://gallica.bnf.fr/ark:/12148/bpt6k5828544v",
                  "emotions": [
                        "love",
                        "nostalgia",
                        "gratitude"
                  ],
                  "excerpt": "r ; ai , sqn : dfl ! l ' ! acide , ; cyaphydriquequ ' èlles i ' contiennent , sont répujées , jantispasmodiqueset j antiphthisiques .L ' eau des rameaux , qui aune ; odeur d ' amandes \" âmerës : \" et ' de cassis mêlée , j ' passe pour .véfnriifùge ' .",
                  "id": "2",
                  "title": "L'Officine, ou Répertoire général de pharmacie pratique... par Dorvault,..."
            },
            {
                  "doc_url": "https://gallica.bnf.fr/ark:/12148/bpt6k5828544v",
                  "emotions": [
                        "love"
                  ],
                  "excerpt": "L ' émulsion de chènevis et celle d ' amandes sont reconnues , en ce que le lait qui en contient donne lieu à des globules huileux qui viennent à la surface de celait bouilli .On reconnaîtrait positivement celle d ' amandes si l ' amygdaline développait une odeur d ' amandes amères .Dans le but de sa conservation , ou pour lui rendre son homogénéité , on ajoute quelquefois au lait du bicarbonate de ; soude .",
                  "id": "3",
                  "title": "L'Officine, ou Répertoire général de pharmacie pratique... par Dorvault,..."
            },
            {
                  "doc_url": "https://gallica.bnf.fr/ark:/12148/bpt6k96106686",
                  "emotions": [
                        "love",
                        "pain"
                  ],
                  "excerpt": "Ce fut cet amour , Theotime , qui attira sur l ' amoureux seraphique S .François les stigmates , et sur l ' amoureuse angelique Ste Catherine de Sienne les ardentes blessures du Sauveur , la complaysance amoureuse ayant aiguysÓ les poinctes de la compassion douloureuse , ainsi que le miel rend plus penetrante et sensible l ' amertume de l ' absynthe : comme au contraire la souefve ( 1 ) odeur des roses est affinée par le voisinage des aulx qui sont plantez pres des rosiers .Car de mesme l ' amoureuse complaysance que nous avons prinsc en l ' amour deXostre - Seigneur , rend infiniment plus forte la compassion que nous avons de ses douleurs : comme réciproquement , repassant de la compassion des douleurs à la complaysance des amours , le playsir en est bien plus ardent et relevé .",
                  "id": "4",
                  "title": "Oeuvres complètes de saint François de Sales,.... Introduction à la vie dévote"
            },
            {
                  "doc_url": "https://gallica.bnf.fr/ark:/12148/bpt6k5713693m",
                  "emotions": [
                        "love",
                        "gratitude",
                        "caring",
                        "faith"
                  ],
                  "excerpt": "Mais demain tu seras déjà loin : l ' oiseau passe , La fleur vil un malin , le rayon dans l ' espace 1 * — 26 — Glisso et fuit ; le bonheur , volage papillon , Nous effleure en courant , — Ainsi , fleur , doux rayon , Oiseau léger , charmante image de la grâce , Demain lu seras loin et mon rêve s ' efface , X LE POETE ET L ' ABEILLE Prends , ô poêle , prends de l ' abeille légère La robe d ' or , l ' amour des fleurs , l ' amour du miel ; Comme ta blonde soeur , divine messagère De la ruche embaumée , ouvre ion aile au ciel .Et va toujours chantant et découvre des baumes Pour calmer la tristesse et la douleur des hommes , Emplis d ' amour ton âme cl de roses ( a main , Emplis de miel la ruche et de fleurs la corbeille ; Essences el parfums , cueille lout en chemin .- 2HMais no ressemble pas davantage à l ' abeille : Poète au coeur d ' enfant , homme grave et penseur » Sois aimant et sois tendre et de la blonde soeur Ne prends point le venin , si lu prends sa douceur .",
                  "id": "5",
                  "title": "Juvenilia : poésies / J.-B. Saint-Martin"
            },
            {
                  "doc_url": "https://gallica.bnf.fr/ark:/12148/bpt6k5821680w",
                  "emotions": [
                        "love",
                        "desire",
                        "gratitude",
                        "faith",
                        "indifference"
                  ],
                  "excerpt": "Tendres parfums de fleurs qui charmez l ' atmosphère , Rentrez dans le pétale où vous prîtes le jour ; Au premier vent qui passe , à la brise légère , A tout autre qu ' à moi convient mieux votre cour .Elevez dans les airs votre encens somnifère , Ou sur l ' herbe versez vos atomes d ' amour , Comme Ulysse au grand mât impassible , j ' espère Que mon nerf olfactif à vos chants sera sourd .Que serait près de moi la limpide Aréthuse ? Tout au plus une mare auprès de l ' Océan ; Je suis .",
                  "id": "6",
                  "title": "Les Baigneuses, par Antony Dessaix. Cascades de sonnets. Dans les petits chemins. Au clair de lune"
            },
            {
                  "doc_url": "https://gallica.bnf.fr/ark:/12148/bpt6k5821680w",
                  "emotions": [
                        "love",
                        "pride"
                  ],
                  "excerpt": "I Elle laisse en partant mon âme en plein délire , Mon coeur est ébranlé par son Dieu , je le vois , Car c ' est un Dieu d ' amour que celui qui l ' inspire , Oh ! ce Dieu - là , je l ' aime , en celui - là , je crois .Ce livre , c ' est peu , mais elle vient de le lire , La page porte encor le parfum de ses doigts ; En voyant d ' Andriann le sublime martyre , Elle a , j ' en suis bien sûr , pleuré plus d ' une fois .36 Eh bien , je l ' ai promis , lisons - le feuille à feuille .",
                  "id": "7",
                  "title": "Les Baigneuses, par Antony Dessaix. Cascades de sonnets. Dans les petits chemins. Au clair de lune"
            },
            {
                  "doc_url": "https://gallica.bnf.fr/ark:/12148/bpt6k6573791h",
                  "emotions": [
                        "admiration",
                        "love",
                        "nostalgia",
                        "approval"
                  ],
                  "excerpt": "Je ne dis pas que cette Partie de l ' œuvre de Fantin soit à dédaigner .Son art m ' est plus cher et plus compréhensible peut - être que pour un à qui répugne la saveur britannique , amère et sucrée comme le gingembre ; Whistler eut une prédilection pour des aspects urbains que je garde au fond de ma mémoire depuis les heures de ravissement que je passai à Londres , comme enfant , puis comme homme , sans jamais me lasser d ' admirer .C ' est à Cheyne Walk que Whistler accomplit son œuvre d ' élection : « Le portrait de la mère de l ' artiste .",
                  "id": "8",
                  "title": "Propos de peintre : de David à Degas, première série : Ingres, David, Manet, Degas, Renoir, Cézanne, Whistler, Fantin-Latour, Ricard, Conder, Beardsley, etc / Jacques Emile Blanche ; préf. de Marcel Proust"
            },
            {
                  "doc_url": "https://gallica.bnf.fr/ark:/12148/bpt6k5529675b",
                  "emotions": [
                        "love"
                  ],
                  "excerpt": "aj iei yaiewio .CE n ' est point en offrant des fleurs Que je veux peindre ma tendresse ; / ^ T ^ ^ x De leur parfum , de leurs couleurs , / i ^ 7 ~ N A En peu d ' instans le charme cesse .; , .",
                  "id": "9",
                  "title": "Méthode ingénieuse, ou Alphabet syllabique français, pour apprendre à lire en peu de temps, et selon l'orthographe la plus reçue"
            },
            {
                  "doc_url": "https://gallica.bnf.fr/ark:/12148/bpt6k312394x",
                  "emotions": [
                        "grief",
                        "disapproval",
                        "love",
                        "nostalgia",
                        "gratitude",
                        "disappointment"
                  ],
                  "excerpt": "Adieu , pays où j ' appris à coiffer ! TIBULLE .Adieu tout ce que j ’ aime , adieu chère pratique , Perruques et parfums , à vous tous mes regre ’ s .J ' abandonne mon cœur dans ma pauvre boutique , Mais du moins avec moi j ’ emporte mes toupets ! ENSEMBLE .",
                  "id": "10",
                  "title": "Ninon et Ninette, vaudeville en 1 acte, par MM. Léon Beauvallet, de Jallais et Nouvière. [Paris, Folies-dramatiques, 5 octobre 1858.]"
            },
            {
                  "doc_url": "https://gallica.bnf.fr/ark:/12148/bpt6k5707611q",
                  "emotions": [
                        "sadness",
                        "love",
                        "nostalgia",
                        "despair",
                        "frustration",
                        "disappointment"
                  ],
                  "excerpt": "* Hélas ! elle n ' avait pas , dans ses jours d ' autrefois , un do ces souvenirs d ' amour que l ' imagination retrouve , comme un doux rêve , au fond de sa pensée , et qui peut encore , à l ' heure de la souffrance , bercer le coeur saignant do la chère blessure .Non , son âme , enfiévrée de rayons , de parfums , ardente et passionné » , sans cesse s ' élançait en vain vers l ' Idéal ; toujours PE8PÇRANZA 179 elle retombait , sans avoir rien trouvé , et , triste , elle se disait : — Pourquoi ? Mon Dieu , pourquoi ne suisje pas heureuse ? ., .",
                  "id": "11",
                  "title": "La Muse républicaine / [dir. Boué (de Villiers)]"
            },
            {
                  "doc_url": "https://gallica.bnf.fr/ark:/12148/bpt6k65727078",
                  "emotions": [
                        "love"
                  ],
                  "excerpt": "220 .Le parfum de Madeleine .JEUDI SAINT 221 .",
                  "id": "12",
                  "title": "La Vie de N.-S. Jésus-Christ, 350 compositions tirées des quatre Évangiles, dont 270 seulement sont exposées... Peintures, dessins à la plume, lettres, culs-de-lampe, types et paysages de Palestine. Par J. James Tissot. Commencé le 15 octobre 1886"
            },
            {
                  "doc_url": "https://gallica.bnf.fr/ark:/12148/bpt6k5714694b",
                  "emotions": [
                        "joy",
                        "love",
                        "nostalgia",
                        "excitement",
                        "gratitude"
                  ],
                  "excerpt": "La fleur , sous un ciel toujours pur , Languit et sent pâlir sa corolle d ' azur .Ton coeur , ô jeune fille , à la veille d ' éclore , Pour livrer ses parfums aux souffles de l ' aurore , * — 9l \" * Attendait , contenu dans son chaste réseau , Ce pur rayon qui tremble en une goutte d ' eau .Oh ! ne va pas , craignant qu ' on ne te dise triste , Étancher ton oeil noir sous la fine batiste : Cette larme est à moi .",
                  "id": "13",
                  "title": "Primevères : poésies / Ch. Seguy Villevaleix"
            },
            {
                  "doc_url": "https://gallica.bnf.fr/ark:/12148/bpt6k5714694b",
                  "emotions": [
                        "love"
                  ],
                  "excerpt": "XIII LE DATURA .La rose a des parfums qui font rêver d ' amour ; Plus d ' un insecte d ' or autour d ' elle voltige .Le lis est une étoile où se fixe une tige ; Il se baigne des pleurs de la fiiie du jour .",
                  "id": "14",
                  "title": "Primevères : poésies / Ch. Seguy Villevaleix"
            },
            {
                  "doc_url": "https://gallica.bnf.fr/ark:/12148/bpt6k35586q",
                  "emotions": [
                        "love"
                  ],
                  "excerpt": "Les feuilles de celui - ci sont rangées en anneaux autour des bran - ehés .Ses fleurs sont blanches , larges et longues , et sont odorantes .Il se cultive cgmtne le précédent .",
                  "id": "15",
                  "title": "L'ami des jardins, ou Recueil des nouvelles plantes potagères et d'agrément, des nouveaux arbres fruitiers, plantes bulbeuses et oignons à fleur, des arbres, arbustes et arbrisseaux nouveaux, propres à décorer les jardins et les paysages . Par François Mériale,..."
            },
            {
                  "doc_url": "https://gallica.bnf.fr/ark:/12148/bpt6k35586q",
                  "emotions": [
                        "love"
                  ],
                  "excerpt": "Il est originaire de la Chine .Mahernia ODORANTE , Mahérnia odorata .Il faut à cet arbrisseau une bonne orangerie et du jour pendant l ' hiver .",
                  "id": "16",
                  "title": "L'ami des jardins, ou Recueil des nouvelles plantes potagères et d'agrément, des nouveaux arbres fruitiers, plantes bulbeuses et oignons à fleur, des arbres, arbustes et arbrisseaux nouveaux, propres à décorer les jardins et les paysages . Par François Mériale,..."
            },
            {
                  "doc_url": "https://gallica.bnf.fr/ark:/12148/bpt6k5516037c",
                  "emotions": [
                        "boredom",
                        "love",
                        "despair",
                        "indifference"
                  ],
                  "excerpt": "jaune de chrome .CYANURES Odeur d ' amandes Rien .Pr .",
                  "id": "17",
                  "title": "Cours complet d'enseignement pour le certificat d'études des sciences physiques, chimiques et naturelles. , Travaux pratiques et manipulations de chimie / par L. Maquenne,..."
            },
            {
                  "doc_url": "https://gallica.bnf.fr/ark:/12148/bpt6k57116930",
                  "emotions": [
                        "joy",
                        "love",
                        "caring"
                  ],
                  "excerpt": "Cependant , le Bien - Aimé insiste ; il étend sa main à travers les treillis .Alors l ' épouse , touchée de cette insistance , cède à l ' amour , se lève ; son coeur a été ému de compassion pour lui ; la grâce la touche enfin , elle s ' élance , les mains parfumées , le visage riant ..",
                  "id": "18",
                  "title": "Les Religieuses, par Raoul de Navery (Mme E. Chervet)"
            },
            {
                  "doc_url": "https://gallica.bnf.fr/ark:/12148/bpt6k57116930",
                  "emotions": [
                        "admiration",
                        "joy",
                        "love",
                        "pride",
                        "caring",
                        "approval"
                  ],
                  "excerpt": "Il s ' arrête avec amour sur ses belles années qui durèrent si peu , sur ce paradis de l ' enfance qui fut plus court pour lui que pour les autres .Il l ' aime , il le fait aimer ; il montre les développements de ce beau lis , qui réjouissait les yeux par son éclat , le coeur par le parfum de ses vertus naissantes .Charmant enfant , d ' un esprit si vif , d ' une âme si tendre , d ' un caractère si droit , d ' un amour si grand pour sa mère , que la reine infor - — 322 — tunée se regardait encore , quoique au Temple ? comme la plus heureuse des mères .",
                  "id": "19",
                  "title": "Les Religieuses, par Raoul de Navery (Mme E. Chervet)"
            },
            {
                  "doc_url": "https://gallica.bnf.fr/ark:/12148/bpt6k57116930",
                  "emotions": [
                        "admiration",
                        "love",
                        "optimism",
                        "gratitude",
                        "approval"
                  ],
                  "excerpt": "207 « O Jésus ! unique amour de mon coeur , amant rempli de tendresse , aimé , aimé , aimé au - dessus de tout ce qui fut jamais aimé , c ' est vers vous que soupire et languit l ' ardent désir de mon coeur .Vous êtes pour lui comme un jour de printemps où circule la vie , et qu ' embaume le parfum des fleurs .« Oh ! puisse s ' accomplir en moi cette union étroite avec vous , Soleil véritable ! C ' est alors que votre influence fera produire à mon âme les fleurs et les fruits d ' un avancement digne de vous ; avec ardeur j ' attends votre présence .",
                  "id": "20",
                  "title": "Les Religieuses, par Raoul de Navery (Mme E. Chervet)"
            }
      ]
}