{
      "articles": [
            {
                  "doc_url": "https://gallica.bnf.fr/ark:/12148/bpt6k57727776",
                  "emotions": [
                        "surprise",
                        "joy",
                        "fear",
                        "love"
                  ],
                  "excerpt": "Quand il sortit de cet état , presque de cette léthargie , l ' aube grise d ' hiver mettait une buée aux rideaux , comme un frisson de blancheur maladive ; et cette clarté mélancolique se tamisant avec une intensité plus grande , ses yeux ayant repris leur fixité machinale , il vit distinctement une grande forme , une forme de femme qui s ' allongeait au chevet de son lit et le contemplait lui - même fixement .Le cri , prêt à sortir de sa poitrine , à cette seconde apparition , s ' y étouffa , et ce fut comme une effluve instinctive de baisers qui lui vint à la bouche .L ' inconnue mystérieuse était admirablement belle , puissante et LA LUXURE 13 languissante à la fois , avec des yeux brillants , tentateurs et las tout ensemble .",
                  "id": "1",
                  "title": "Les Sept péchés capitaux. La luxure, par Armand Silvestre..."
            },
            {
                  "doc_url": "https://gallica.bnf.fr/ark:/12148/bpt6k9657867r",
                  "emotions": [
                        "love",
                        "desire",
                        "excitement"
                  ],
                  "excerpt": "Je n ' en veux pas non plus au printemps de Paris qui m ' apporte sa fête ; et cette heureuse indulgence me vient probablement de ce que je ne suis pas un vieillard .Je respire au printemps l ' odeur troublante de la vie , je la respire avec ivresse , avec passion , car je ne suis pas encore infecté par l ' odeur fade de la mort .GABRIEL REUILLARD .",
                  "id": "2",
                  "title": "Le Gay sçavoir"
            },
            {
                  "doc_url": "https://gallica.bnf.fr/ark:/12148/bpt6k5626657q",
                  "emotions": [
                        "love",
                        "envy"
                  ],
                  "excerpt": "Isabelle les prit et les jeta dans l ' antichambre , sans retirer le bracelet de diamants qui entourait les queues , craignant qu ' elles ne fussent imprégnées de quelque philtre subtil , narcotique ou aphrodisiaque , propre à troubler la raison .Jamais plus belles fleurs ne furent plus maltraitées , et cependant Isabelle les aimait fort ; mais elle eût craint , si elle les eût conservées , que la fatuité du duc n ' en prît avantage ; et d ' ailleurs ces plantes aux formes bizarres , aux couleurs étranges , aux parfums inconnus n ' avaient pas le charme modeste des fleurs ordinaires ; leur beauté orgueilleuse rappelait celle de Vallombreuse et lui ressemblait trop .- - - - - - .",
                  "id": "3",
                  "title": "Le Capitaine Fracasse, par Théophile Gautier. Illustrations par Gustave Doré"
            },
            {
                  "doc_url": "https://gallica.bnf.fr/ark:/12148/bpt6k5402425s",
                  "emotions": [
                        "joy",
                        "grief",
                        "love",
                        "nostalgia",
                        "gratitude",
                        "faith"
                  ],
                  "excerpt": "Vous avez jusqu ' au bout , vaillamment guerroyé ; Grande , car l ' héritier du roi Charles - septième À la face des cieux le proclama lui - même ; Grande , par tout l ' orgueil de nos murs affranchis ; Par le sublime élan de ce cri de victoire Qui , pour le premier soir de votre jeune gloire , Vous fit un lit si doux de nos drapeaux conquis .Allez I dans ce présent de jeunesse adorée Mariez aux parfums les plus fraîches couleurs ; Et laissez , malgré vous , cette foule enivrée , A pleines mains d ' amour , semer vos pas de fleurs : Laissez - la vous parler de sa chère patrie , De ses larmes de feu , de leur source tarie , D ' un fol orgueil noyé dans sa coupe de fiel ; Et , retrouvant la foi dans un nouveau symbole , , Couronnant votre front d ' une sainte auréole , Toujours chanter pour vous pour mieux bénir le ciel ..",
                  "id": "4",
                  "title": "Foyer solitaire, poésies, par Adolphe Bordes,... Préface par M. Francis Lacombe"
            },
            {
                  "doc_url": "https://gallica.bnf.fr/ark:/12148/bpt6k5682474z",
                  "emotions": [
                        "love",
                        "nostalgia"
                  ],
                  "excerpt": "Alors — écoutez bien , enfants , quel grand phénomène se produit I là où vous avez mis du raisin vous allez avoir du vin I — Alors , de lui - môme , le moût produit sans arrôt des ibulles gazeuses , de l ' acide carbonique , la température s ' élève , lo moût so met à fermenter , à bouillir .En mômo temps , sa savet ' r sucrée disparait et est remplacée par le goût vineux aimé do i ' homme .Quo s ' est - il donc passé ? Ceci : la fermentation a eu lieu et alors la glucoso ou sucre contenu dans le raisin s ' est convertie en alcool , lequel reste dans la masse ; la fermentation a donné naissance au gaz acide carbonique , qui se répond dans l ' air .",
                  "id": "5",
                  "title": "Le bagage scientifique de la jeune fille : lectures nouvelles (3e édition) / par Clarisse Juranville et Pauline Berger"
            },
            {
                  "doc_url": "https://gallica.bnf.fr/ark:/12148/bpt6k5435000b",
                  "emotions": [
                        "love",
                        "nostalgia"
                  ],
                  "excerpt": "La Chanson des Mois Belles d ' avoir bu l ' air ardent des étendues .Ayant marché sur tant de blancheurs épandues Dont vos yeux resteront pour longtemps éblouis , Quelque nuit , vous aurez des songes inouïs D ' arbres blancs , de maisons blanches , de paysages Jîxquisement givrés , beaux comme des visages ! Veilles du Jour et de la Nuit ROMANCE BLANCHE IL fait blanc , comme en un jardin de roses blanches Et de lys purs , sur qui voguent des parfums blancs , Où de blancs papillons aux - vols légers et lents Croulent infiniment en blanches avalanches ..",
                  "id": "6",
                  "title": "L'âme solitaire, poésies (2e édition) / Albert Lozeau"
            },
            {
                  "doc_url": "https://gallica.bnf.fr/ark:/12148/bpt6k9756516b",
                  "emotions": [
                        "admiration",
                        "love",
                        "pride",
                        "gratitude",
                        "calmness",
                        "faith"
                  ],
                  "excerpt": "A une jeune et jolie enfant N ' ouvre pas ton cœur , 0 fille Gentille , N ' ouvre pas ton coeur ; Perdrais ton bonheur .Comme un tendre germe Couvé dans un sein , Dans tout cœur s ' enferme Un parfum divin .Mais son charme attire ; Prends garde , ou quelqu ' un Vient , passe , et respire Le divin parfum .",
                  "id": "7",
                  "title": "L'Almanach de l'industrie parisienne"
            },
            {
                  "doc_url": "https://gallica.bnf.fr/ark:/12148/bpt6k5402425s",
                  "emotions": [
                        "grief",
                        "love",
                        "nostalgia",
                        "gratitude",
                        "calmness",
                        "guilt"
                  ],
                  "excerpt": "Couronnant quelques os qui furent un squelette , Un pauvre crâne heureux au soleil se chauffait .Il semblait , caressé d ' haleines odorantes , Après si longues nuits dans les mortes saisons , Humer , voluptueux , les senteurs pénétrantes Qui s ' exhalaient des foins tombés aux environs , Et , sans même un regret pour ses lèvres absentes , De son émail jauni sourire avec amour A ces biens retrouvés par les feux d ' un beau jour .J ' approche , .",
                  "id": "8",
                  "title": "Foyer solitaire, poésies, par Adolphe Bordes,... Préface par M. Francis Lacombe"
            },
            {
                  "doc_url": "https://gallica.bnf.fr/ark:/12148/bpt6k6158509r",
                  "emotions": [
                        "admiration",
                        "love",
                        "gratitude",
                        "approval"
                  ],
                  "excerpt": "A la Lavande une rose - trémière Disait un jour inconsidérément : — Sans hésiter , je donnerais ma chère .Mon coloris pour ton parfum charmant .— Vous sentiriez si j ' ai lieu d ' être en joie , Répondit l ' autre , en cachant sa pâleur , Si vous saviez dans quel cas on m ' emploie ; Ah ! plaignez - moi d ' avoir si douce odeur .",
                  "id": "9",
                  "title": "Les herbes de la Saint-Jean : chansons sur des mots donnés et tirés au sort / par les membres du Caveau"
            },
            {
                  "doc_url": "https://gallica.bnf.fr/ark:/12148/bpt6k111802x",
                  "emotions": [
                        "admiration",
                        "grief",
                        "love",
                        "calmness",
                        "faith"
                  ],
                  "excerpt": "Mais que ne puis - je d ' abord m ' anéantir .0 mort bien paisible , divin enfoncement dans la terre brune , terre granuleuse et sèche comme la robe de sainte Thérèse et de sainte Claire , c ' est vous seul que je souhaite et non point les paradis où éclatent des cérémonies somptueuses et bruyantes c ' est vous le fepos des âmes amoureuses , des corps féminins , orgueilleux et sensuels , qui devant l ' inévitable baiser ont chancelé de tout leur être , ont donné au monde le parfum émouvant et fort de la dignité exténuée .J ' essaye de me rappeler tous les moments de cette nuit .",
                  "id": "10",
                  "title": "Le visage émerveillé / Comtesse Mathieu de Noailles"
            },
            {
                  "doc_url": "https://gallica.bnf.fr/ark:/12148/bpt6k58427321",
                  "emotions": [
                        "love"
                  ],
                  "excerpt": "suite du temps , coulent et remplissent les vides compris ■ entre les parties inférieures de la masse et la paroi du vase , forment une couche vitreuse , transparente et d ' un rouge clair .Son odeur est des plus suaves , plus douce que celle du précédent , et supérieure à celle de tous les autres baumes .Sa saveur est douce et parfumée - .",
                  "id": "11",
                  "title": "Histoire abrégée des drogues simples. Tome 2 / , par N.-J.-B.-G. Guibourt,..."
            },
            {
                  "doc_url": "https://gallica.bnf.fr/ark:/12148/bpt6k5819787b",
                  "emotions": [
                        "love"
                  ],
                  "excerpt": "Paul la surprend ; prise en flagrant délit de coquetterie , elle veut retirer la rose , et le jeune homme lui - même la retient et la contemple .Et ce duo d ' amour à la fenêtre , cet aveu qui leur échappe par un serrement de mains et sans qu ' un mot soit prononcé , encore une scène exquise embaumée de jeunesse ! Puis , l ' émotion est d ' ailleurs toujours discrète et juste .Tout le monde a été conquis .",
                  "id": "12",
                  "title": "Les inutiles devant la critique"
            },
            {
                  "doc_url": "https://gallica.bnf.fr/ark:/12148/bpt6k5710208z",
                  "emotions": [
                        "fear",
                        "annoyance",
                        "love",
                        "pride",
                        "nervousness"
                  ],
                  "excerpt": "Mais je tremble presque , en prenant la plume , Que mon souvenir tourne ' en madrigal .Ainsi que des fleurs mises en corbeilles Doivent à la fin trouver importun Le continuel baiser des abeilles Qu ' attire et retient leur puissant parfum , Ainsi vous devez être un peu blasée Sur les compliments quelquefois trop longs Que les amoureux , troupe méprisée , Murmurent autour de vos ' cheveux blonds , Et moi , qui crains fort une raillerie , Je songe aux fadeurs qu ' on vous infligea , Et je vous épargne une flatterie Qu ' on a cent fois dû vous dire déjà .288 SONNETS INTIMES A une jeune Marseillaise I ARIS , certe , est une merveille ; Mais , s ' il pouvait avoir Vos yeux de diamant noir , II serait un petit Marseille .",
                  "id": "13",
                  "title": "Poésies complètes de François Coppée / illustrations de E. Boilvin et Rossi"
            },
            {
                  "doc_url": "https://gallica.bnf.fr/ark:/12148/bpt6k35144p",
                  "emotions": [
                        "admiration",
                        "love",
                        "desire",
                        "pride",
                        "gratitude",
                        "envy",
                        "approval"
                  ],
                  "excerpt": "O vous qu ' ici je voudrais peindre , Puissiez - vous toujours me charmer ! Hélas ! je serais bien à plaindre Si je cessais de vous aimer .Vous comblez toute mon envie , Charmantes fleurs , et de ma vie Vous parfumez tous les loisirs .Dans vos attraits , dans votre tige , Je vois mes trésors , un prodige , Et le plus doux de mes plaisirs .",
                  "id": "14",
                  "title": "Oeuvres diverses / Victor Offroy,..."
            },
            {
                  "doc_url": "https://gallica.bnf.fr/ark:/12148/bpt6k5623300z",
                  "emotions": [
                        "love",
                        "optimism",
                        "gratitude"
                  ],
                  "excerpt": "37 TROISIEME CONVIVE .Quel doux parfum s ' élève , Amis , autour de nous ! Jamais plus charmant rêve Ne firent des époux .Contemplons , demi - nues Sous un voile léger , Ces femmes ingénues Derrière l ' oranger .",
                  "id": "15",
                  "title": "Loin des coulissiers / Anatole Cerfberr"
            },
            {
                  "doc_url": "https://gallica.bnf.fr/ark:/12148/bpt6k5731571m",
                  "emotions": [
                        "joy",
                        "love",
                        "nostalgia",
                        "gratitude"
                  ],
                  "excerpt": "Il veille en moi , quand même : en vain je le secoue , Je l ' éclaboussé en vain de désespoirs voulus .Depuis que d ' un sourire , ô vierge liliale , Sous vos cils j ' ai cueilli la grâce floréale , Et que de votre sein sur le mien palpitant J ' ai bu le souffle tiède et la senteur voilée , Vous seule auriez pouvoir de ravir la volée Au dernier rêve bleu qui me reste d ' Antan ._ _ Aug .",
                  "id": "16",
                  "title": "La Revue littéraire du Maine / directeur gérant Armand Leconte"
            },
            {
                  "doc_url": "https://gallica.bnf.fr/ark:/12148/bpt6k9802060n",
                  "emotions": [
                        "love"
                  ],
                  "excerpt": "tongiflora ) Tp .En été , fleurs blanches , très odorantes .Variété hybrida .",
                  "id": "17",
                  "title": "Manuel illustré du jardinier ou Traité de la culture des plantes les plus remarquables de pleine terre, de serre tempérée et de serre chaude / par Ragonot Godefroy"
            },
            {
                  "doc_url": "https://gallica.bnf.fr/ark:/12148/bpt6k643647",
                  "emotions": [
                        "love",
                        "pride"
                  ],
                  "excerpt": "deux ans d ' exU passent comme un Jour .n reçut de sa maîtresse , chemin faisant , plusieurs missives des plus tendres ; il s ' en exhalait un parfum de passion qui lui semblait plus précieux mille fois que la myrrhe et que le baume de La Mecque .La dernière qui lui parvint lui apprit que M .",
                  "id": "18",
                  "title": "Miss Rovel (8e éd.) / par Victor Cherbuliez,..."
            },
            {
                  "doc_url": "https://gallica.bnf.fr/ark:/12148/bpt6k64089r",
                  "emotions": [
                        "love",
                        "desire",
                        "pride"
                  ],
                  "excerpt": "ment entre sa femme et leur enfant unique , un petit garçon d ' une douzaine d ' années .Sa grande passion était , aux heures do loisir , de cultiver le petit jardin attenant à son modeste appartement , situé derrière les bureaux où chaque jour , dans une odeur mixte de paperasserie et de corps de garde , déniaient devant lui ou devant son secrétaire les crimes , les défaillances , les mi .sères de ce coin de faubourg .",
                  "id": "19",
                  "title": "Les malthusiennes : roman / par Alexandre Boutique"
            },
            {
                  "doc_url": "https://gallica.bnf.fr/ark:/12148/bpt6k690429",
                  "emotions": [
                        "love",
                        "caring",
                        "approval"
                  ],
                  "excerpt": "I ~ caaicbe .on l ' a écrit , répété , et cela est notoire , estle plus intelligent et le plus humain de tous les cMens il a la mémoire des yeux et celle du cœur à un degré supérieur , et la subtilité de son odorat est si vive qu ' il retrouve , à des distances invraisemblables , les traces de ceux qu ' il connalt et qu ' il aime .Un enfant de sa .",
                  "id": "20",
                  "title": "Aventures périlleuses de Narcisse Nicaise au Congo / par Armand Dubarry"
            }
      ]
}